$hessian (projected)
  1 1   0.0412877764   0.0166677616  -0.0115018915  -0.0282847918   0.0019081309
  1 2  -0.0006004483   0.0000972417  -0.0001001132  -0.0001345441  -0.0002688521
  1 3  -0.0002348605  -0.0000593541  -0.0001112866  -0.0002673100   0.0000620796
  1 4  -0.0075700322  -0.0153921096  -0.0005013647  -0.0010525425  -0.0003601188
  1 5  -0.0001470918   0.0003813170  -0.0000669826  -0.0001307119   0.0002699013
  1 6   0.0002380291  -0.0001059289  -0.0000981195  -0.0002791452   0.0000289673
  1 7   0.0001599882  -0.0003379116  -0.0000833282   0.0000570191   0.0000243456
  1 8  -0.0001734500  -0.0002301901  -0.0003563293  -0.0000218305   0.0001666919
  1 9   0.0000875385   0.0000222791  -0.0002415903   0.0003651267  -0.0000597511
  110   0.0002426708   0.0001382604  -0.0000959539   0.0000093307   0.0001953676
  111   0.0000009349   0.0002917629   0.0002103687  -0.0000671527  -0.0002964298
  112  -0.0001519614   0.0000527815  -0.0000213897   0.0003533884  -0.0001186134
  113  -0.0002605552  -0.0000626939   0.0000289730  -0.0001017101  -0.0001749839
  114  -0.0001499593  -0.0000016305  -0.0003024019   0.0001529803   0.0005026604
  115   0.0000391232  -0.0001024449  -0.0047068790  -0.0025185836   0.0127743468
  116  -0.0000255707   0.0000813476   0.0002104910  -0.0001097332  -0.0001872437
  117   0.0000768775  -0.0001584848   0.0000694487   0.0000383648   0.0001846350
  118  -0.0000231797   0.0002473868   0.0000612012  -0.0001826610  -0.0000163427
  119   0.0003357534  -0.0001251557   0.0000724688  -0.0003025921   0.0001623425
  120   0.0002008501  -0.0000821952   0.0002733388   0.0001311375   0.0000951194
  121   0.0000787241   0.0000283160  -0.0001205221   0.0000332595  -0.0003052818
  122  -0.0001946434   0.0000804548   0.0001035319  -0.0003996044   0.0000372534
  123  -0.0000358596   0.0001910218   0.0001211599   0.0000908907   0.0000500724
  124  -0.0002245373   0.0001302799   0.0001476114   0.0001215261   0.0001641553
  125  -0.0000218783  -0.0000099414  -0.0000125189   0.0000044007   0.0001208357
  126   0.0001374922  -0.0000577315  -0.0001775907   0.0000711481  -0.0000722924
  127  -0.0000503513  -0.0000973680  -0.0000458651   0.0000613733  -0.0000586196
  128   0.0001053750   0.0002127590  -0.0001853340   0.0000874219  -0.0002459787
  129  -0.0000835338   0.0000783502  -0.0000602680  -0.0000188289  -0.0000643815
  130  -0.0000008507  -0.0000254030  -0.0001086426   0.0000852722  -0.0000160652
  131   0.0001094112   0.0000668912   0.0000499474  -0.0000495999   0.0000153055
  132   0.0000551522  -0.0000117566  -0.0000277490  -0.0000519968   0.0000280071
  133   0.0000019667  -0.0000953945  -0.0000487492  -0.0000395250   0.0000395472
  134  -0.0000332705   0.0000582787  -0.0000247649   0.0000016564   0.0001026618
  135   0.0000013687  -0.0001271857  -0.0000161062   0.0000313974   0.0001262894
  136  -0.0000355172   0.0000878324   0.0000128031  -0.0000086449   0.0000686146
  137   0.0000190699   0.0000337448   0.0000034883   0.0000018915   0.0000099265
  138   0.0000072430  -0.0000025179  -0.0000028789  -0.0000002202  -0.0000000206
  139   0.0000080422   0.0000048689   0.0000048528   0.0000207557  -0.0000456850
  140   0.0000477208   0.0000190416  -0.0001182321   0.0000140161   0.0000054373
  141   0.0000119149   0.0000090057   0.0000032335   0.0000135558   0.0000356915
  142   0.0000405281   0.0000168924   0.0000013962  -0.0000088330  -0.0000003482
  143  -0.0000030363  -0.0000138725   0.0000083510   0.0000167873  -0.0000173238
  144  -0.0000248983   0.0000009568   0.0000091699   0.0000145316  -0.0000074094
  145  -0.0000329314  -0.0000040383   0.0000037707  -0.0000044993   0.0000146372
  146   0.0000232526  -0.0000148790   0.0000157166   0.0000051461  -0.0000537760
  147   0.0000154808   0.0000246345   0.0000082799  -0.0000127202
  2 1   0.0166677616   0.0234038277  -0.0058401334  -0.0021255517   0.0001099091
  2 2   0.0001248309   0.0000861293   0.0001820842   0.0000157223  -0.0001971480
  2 3   0.0001114012  -0.0002190989   0.0000433180   0.0001639270  -0.0005302780
  2 4  -0.0113782525  -0.0224151544  -0.0007817008  -0.0004305915  -0.0005560269
  2 5  -0.0000353130  -0.0000701605  -0.0001440058  -0.0001754439  -0.0001924244
  2 6   0.0000224772   0.0000950405  -0.0001142918   0.0002421867  -0.0001646218
  2 7  -0.0002562165   0.0000894359  -0.0003352158   0.0000552537   0.0004690320
  2 8  -0.0002220857  -0.0002676189   0.0000368771   0.0000008211   0.0002893706
  2 9   0.0001621678  -0.0001681460  -0.0001934972   0.0000403075   0.0000592331
  210  -0.0005161537  -0.0005217519  -0.0004363196   0.0005446129  -0.0000179446
  211  -0.0001089437   0.0000789537   0.0001648298  -0.0001068908  -0.0001604093
  212  -0.0000366799   0.0001074566   0.0004994839   0.0002916870  -0.0002046272
  213  -0.0000443325  -0.0001163179  -0.0004760789   0.0000131993   0.0001115331
  214   0.0001020405   0.0002765555  -0.0002389964  -0.0001181835  -0.0001224585
  215  -0.0001706065   0.0000441844  -0.0026079895  -0.0010308694   0.0066871425
  216   0.0001294045   0.0002182643   0.0000241765   0.0000390903   0.0000691242
  217   0.0002266365  -0.0001300041  -0.0004207697   0.0003073920  -0.0001991542
  218  -0.0000287423   0.0001618017  -0.0001826602  -0.0000055457   0.0000770128
  219  -0.0000451589  -0.0004969589   0.0003801362   0.0006519970   0.0004726704
  220  -0.0001264979  -0.0004857918  -0.0002390241   0.0002031366  -0.0004312497
  221   0.0005909410   0.0004343358   0.0006026096   0.0000690462   0.0003496939
  222  -0.0001072367  -0.0003289159  -0.0000032034  -0.0001449552  -0.0000174636
  223   0.0003384606   0.0003666445  -0.0002806737   0.0002506124  -0.0002040584
  224   0.0000848551   0.0001117627   0.0002344795  -0.0000240438   0.0002634232
  225   0.0001034073   0.0001078624   0.0001500638  -0.0004553302   0.0000499639
  226  -0.0001696647   0.0000822291   0.0000886586  -0.0000890288   0.0002820353
  227  -0.0002950328   0.0000000321  -0.0001339992  -0.0000077952  -0.0000117941
  228   0.0000404533  -0.0004967213   0.0001900334  -0.0009162353   0.0004396755
  229  -0.0000220656   0.0004519461   0.0002103602   0.0000742020  -0.0002945633
  230   0.0002417525  -0.0000469258   0.0005881590  -0.0004453000  -0.0002424261
  231  -0.0000054643  -0.0001085110   0.0000398704  -0.0001606558  -0.0000298626
  232  -0.0001640042   0.0002103560   0.0003285231   0.0000207059  -0.0001426512
  233  -0.0002339226   0.0001114409   0.0004477627   0.0001921760   0.0000261456
  234  -0.0001725282   0.0001422602   0.0000256578   0.0000010362  -0.0001600015
  235   0.0000158712   0.0002708442  -0.0000211968   0.0000055363   0.0000849569
  236  -0.0002003946  -0.0003755805  -0.0002537648   0.0001098458  -0.0000296783
  237   0.0000729721   0.0000148920  -0.0000290569  -0.0000061085  -0.0000174079
  238   0.0000262630  -0.0000091762   0.0000189888   0.0000141198  -0.0000019155
  239   0.0000024944  -0.0000129930   0.0000005638  -0.0000044383   0.0000591118
  240  -0.0000769550  -0.0000238592   0.0000959293  -0.0000135904   0.0000062951
  241   0.0000345591  -0.0000018624   0.0000024149  -0.0000076927   0.0000247392
  242   0.0000247398   0.0000166169  -0.0000207242  -0.0000026810   0.0000278882
  243   0.0000208082   0.0000173465   0.0000188619   0.0000094797  -0.0000343123
  244   0.0000134023   0.0000155263   0.0000016794   0.0000013734   0.0000172723
  245  -0.0000354363  -0.0000486928   0.0000138197   0.0000120079   0.0000157884
  246  -0.0000095336   0.0000294364   0.0000124338  -0.0000285595   0.0000469685
  247  -0.0000597555  -0.0000062482   0.0000124388   0.0000011811
  3 1  -0.0115018915  -0.0058401334   0.0173584259   0.0023330922   0.0001933249
  3 2   0.0009808118   0.0001983491  -0.0004048942   0.0000052587  -0.0003835485
  3 3  -0.0002439782  -0.0000473516  -0.0002492093  -0.0001185205   0.0000828195
  3 4   0.0009880196   0.0015016745   0.0010177749  -0.0006496932  -0.0003794050
  3 5   0.0002397030  -0.0001640065   0.0000303436   0.0001482219   0.0004759264
  3 6   0.0001224138  -0.0001621584   0.0000596604  -0.0000715934   0.0001700075
  3 7  -0.0001530671   0.0001111153  -0.0001566260   0.0000317082  -0.0002102918
  3 8   0.0001387794  -0.0004425446  -0.0002888976  -0.0002616460   0.0002870098
  3 9  -0.0001208833  -0.0001512407  -0.0004466878   0.0003252291   0.0001619287
  310  -0.0001212540  -0.0000034735  -0.0001670882   0.0005026301   0.0004579087
  311  -0.0000695733  -0.0000379668   0.0003278580  -0.0000778131  -0.0001141862
  312  -0.0000314327  -0.0000651458   0.0002456232   0.0003631170  -0.0000484674
  313  -0.0002194716  -0.0002239214   0.0001054022  -0.0001949734  -0.0000213567
  314   0.0002928418   0.0001543029  -0.0005155059   0.0001270424   0.0003799550
  315   0.0000738943  -0.0000201473   0.0072201722   0.0036064076  -0.0182418475
  316   0.0012305336   0.0003948652  -0.0001518273   0.0003368514  -0.0003353515
  317   0.0002305665   0.0000386742   0.0000715684  -0.0002098462   0.0010824128
  318   0.0010217153  -0.0002153787   0.0001798468   0.0002095532  -0.0002023029
  319  -0.0002218313   0.0003508002  -0.0003256623  -0.0001586164  -0.0000949186
  320   0.0000484462  -0.0002763473   0.0002857788   0.0000720547   0.0002481879
  321  -0.0004112707  -0.0003426545  -0.0002410015  -0.0001545608  -0.0002563000
  322  -0.0002261673   0.0001190866   0.0000341814  -0.0000396425   0.0000317561
  323  -0.0001103081  -0.0001770334  -0.0000857287   0.0000574585   0.0001443030
  324  -0.0002918186   0.0001026631   0.0000596579  -0.0000186572   0.0001773603
  325  -0.0000050941   0.0000539175   0.0001144376  -0.0000997767   0.0000826351
  326   0.0000571885  -0.0000641269  -0.0001535897   0.0000971017   0.0000620123
  327  -0.0001212634   0.0000896149  -0.0000736925   0.0000111462  -0.0000614238
  328   0.0000939319   0.0000747031  -0.0001694498   0.0003022575  -0.0000734482
  329  -0.0000709090  -0.0000465863  -0.0001343499  -0.0003696050  -0.0001766865
  330   0.0001518867   0.0001326302  -0.0003268698   0.0000172109   0.0000017295
  331   0.0002242253  -0.0000081542  -0.0000165671  -0.0001048538   0.0000721037
  332   0.0000927682  -0.0000287441  -0.0000983482  -0.0000334145   0.0000632247
  333   0.0000492854  -0.0000148458  -0.0000388813  -0.0000562366  -0.0000445330
  334  -0.0000044220   0.0000832793   0.0000207130  -0.0000289720   0.0001129154
  335  -0.0000130476   0.0000991135   0.0000531480  -0.0000352407  -0.0001460828
  336   0.0000505856  -0.0001830217  -0.0000535539   0.0000610717   0.0003157987
  337   0.0000401966   0.0000521237  -0.0000782885   0.0000044200   0.0000299696
  338   0.0000168080   0.0000032776   0.0000013617   0.0000060442   0.0000012834
  339   0.0000001403   0.0000018224   0.0000130725  -0.0000108620  -0.0000398355
  340   0.0000625323   0.0000069670  -0.0001530248   0.0000047672   0.0000232737
  341   0.0000228869   0.0000104917  -0.0000163254   0.0000353346   0.0000381850
  342   0.0000368935   0.0000006142   0.0000045574   0.0000046474  -0.0000249341
  343  -0.0000060786  -0.0000009214   0.0000073318   0.0000029940  -0.0000203848
  344  -0.0000328020  -0.0000074423   0.0000162164   0.0000156745  -0.0000716841
  345  -0.0000676644  -0.0000438822  -0.0000000300  -0.0000006539  -0.0000017874
  346   0.0000220911  -0.0000076937   0.0000286424   0.0000365165  -0.0000245939
  347   0.0000516513   0.0000166511   0.0000171908   0.0000094569
  4 1  -0.0282847918  -0.0021255517   0.0023330922   0.0685852245   0.0025346077
  4 2  -0.0039517095  -0.0246996592   0.0020122069  -0.0004309369  -0.0000470366
  4 3   0.0001563888  -0.0000222390   0.0000459324   0.0001180151  -0.0001491129
  4 4  -0.0037934322   0.0119172393   0.0008603296  -0.0050215199  -0.0128558461
  4 5  -0.0019980161  -0.0001074982  -0.0002527741  -0.0001572028  -0.0002992758
  4 6   0.0000940012   0.0000300586  -0.0000619447   0.0000244294   0.0000383368
  4 7  -0.0004040456   0.0001684774  -0.0000308260   0.0000473409   0.0002367505
  4 8  -0.0000872682   0.0000825069  -0.0001700651   0.0001517224   0.0000131716
  4 9  -0.0000609937  -0.0000824867   0.0003384187  -0.0000379909   0.0001811828
  410  -0.0003665982  -0.0002698986  -0.0000297610   0.0000404943  -0.0001482012
  411   0.0000817520  -0.0001409433  -0.0000867870  -0.0001436912   0.0001645014
  412   0.0001092035   0.0000432800  -0.0000254941  -0.0001290917   0.0001314050
  413   0.0001121581   0.0000424193  -0.0000509897  -0.0000095209   0.0000093623
  414  -0.0002815743   0.0001784293  -0.0000549840  -0.0002392555  -0.0001623255
  415  -0.0001025582   0.0001641491  -0.0018778792   0.0011045489  -0.0070064026
  416  -0.0037363272  -0.0020336983   0.0096037413  -0.0002930721   0.0003403750
  417  -0.0000196665  -0.0002354482  -0.0001113786   0.0002750611  -0.0004321993
  418  -0.0003594539   0.0000466711  -0.0001236362  -0.0004667887   0.0002389594
  419   0.0001523120  -0.0004975912   0.0003762907   0.0002062472   0.0004399287
  420  -0.0002833626   0.0000664720  -0.0000253465   0.0001856304  -0.0003850415
  421   0.0003316806   0.0002637314   0.0005917540  -0.0000380542   0.0001611229
  422  -0.0001916162  -0.0000646319  -0.0000985387  -0.0000369182  -0.0001419562
  423   0.0000847498   0.0004725716   0.0000026548   0.0000719029  -0.0001547804
  424   0.0004691789  -0.0002408851  -0.0001851925   0.0000157471  -0.0000821575
  425   0.0000193123   0.0000062025  -0.0000227509  -0.0000896601  -0.0000019536
  426  -0.0000846382   0.0000581361   0.0000773397  -0.0000558079   0.0000175383
  427  -0.0001788498   0.0000981515  -0.0000055903   0.0000194665  -0.0000535571
  428  -0.0000703255  -0.0002420794   0.0001400488  -0.0001758230   0.0001749664
  429   0.0000565435   0.0000319763   0.0000651629   0.0000430495  -0.0000863438
  430   0.0001490547   0.0000891048   0.0001988070  -0.0000599206  -0.0001357934
  431  -0.0000737735  -0.0000630825   0.0000240528   0.0000178272  -0.0000021235
  432  -0.0000399890   0.0000350107   0.0001002466   0.0000428849   0.0000135673
  433  -0.0000830709   0.0000556337   0.0001011271   0.0000415354   0.0000708360
  434  -0.0000349346   0.0000018753   0.0000236398   0.0000031761  -0.0000648403
  435  -0.0000255508   0.0000667814   0.0000064352  -0.0000421864   0.0000070682
  436  -0.0000382540  -0.0000179870  -0.0000112303  -0.0000887009  -0.0002535572
  437  -0.0000007354  -0.0000170002   0.0000040834   0.0000060334  -0.0000147796
  438  -0.0000043245   0.0000072315   0.0000167896   0.0000086886   0.0000021582
  439   0.0000058421  -0.0000093491  -0.0000035469  -0.0000035099   0.0000454400
  440  -0.0000447100  -0.0000189110   0.0000742364   0.0000018447   0.0000019502
  441   0.0000138128   0.0000405088   0.0000382596   0.0000400887  -0.0000391928
  442  -0.0000036405  -0.0000112596  -0.0000100865   0.0000003557   0.0000153076
  443   0.0000043131   0.0000094972   0.0000004127  -0.0000162737   0.0000017787
  444   0.0000178681  -0.0000031159  -0.0000074403  -0.0000225507   0.0000113386
  445   0.0000398623  -0.0000185877  -0.0000022848  -0.0000030901  -0.0000129260
  446  -0.0000162819   0.0000095695  -0.0000008870   0.0000081245   0.0000263767
  447   0.0000015277   0.0000106903   0.0000051067   0.0000092041
  5 1   0.0019081309   0.0001099091   0.0001933249   0.0025346077   0.0383404630
  5 2  -0.0030857343  -0.0012620651  -0.0005868611  -0.0003156859   0.0000897190
  5 3   0.0005801185  -0.0000798365   0.0001504899   0.0001528722  -0.0002068335
  5 4   0.0118964385  -0.0173741945  -0.0016341582  -0.0130477083  -0.0197279441
  5 5  -0.0034748348  -0.0002577528   0.0000276330  -0.0000303809  -0.0000223934
  5 6  -0.0002444450   0.0002274042   0.0001376958   0.0001407679  -0.0002612519
  5 7   0.0001101278  -0.0003973743  -0.0000284855  -0.0003381404  -0.0003832990
  5 8   0.0000574916   0.0001044399   0.0006629911  -0.0000571243  -0.0000709921
  5 9   0.0002111713  -0.0000224293   0.0001741612  -0.0001509064  -0.0001908943
  510  -0.0002858969  -0.0001767464  -0.0001893920  -0.0001959112  -0.0002383654
  511  -0.0000568232   0.0001503086  -0.0000130168   0.0000632316  -0.0000284302
  512  -0.0001084228   0.0000520241   0.0002569635  -0.0004059753  -0.0001436747
  513   0.0001784216   0.0001450624  -0.0004442830   0.0002141962   0.0001825097
  514   0.0001750753  -0.0001890998   0.0002883564  -0.0001187068  -0.0004621227
  515   0.0000120645  -0.0001683954   0.0022205382   0.0006752907   0.0024112000
  516  -0.0034850396  -0.0001787679   0.0051032482  -0.0001614636   0.0000513652
  517   0.0000867342   0.0001548803  -0.0004051121   0.0000970507  -0.0002840842
  518  -0.0009286909   0.0002392029  -0.0005751000  -0.0000799838   0.0002003133
  519  -0.0002326576   0.0000587716   0.0000073203   0.0004213185  -0.0001615353
  520   0.0002664109  -0.0002446659  -0.0001221585  -0.0000430158  -0.0001050320
  521   0.0002099295   0.0001565162   0.0000065252   0.0002125318   0.0004459895
  522   0.0004383687  -0.0000914557   0.0001346903   0.0003448607   0.0002839727
  523   0.0001567283  -0.0003004155  -0.0002117091   0.0000916289  -0.0001572591
  524  -0.0000669428   0.0002310609   0.0002065624  -0.0000951162   0.0001236479
  525   0.0000847133   0.0000621652   0.0001783485  -0.0001279842  -0.0002034485
  526  -0.0001639816   0.0000734572   0.0002486512  -0.0001686685   0.0000868569
  527   0.0001517209   0.0000166327  -0.0001468417  -0.0000845944  -0.0000012698
  528   0.0000602526  -0.0004232294   0.0001906296  -0.0006364727   0.0003317829
  529   0.0000781853   0.0002924827   0.0001812348   0.0003280595   0.0000192955
  530  -0.0001067327  -0.0002249980   0.0004691113  -0.0002894392   0.0000396907
  531  -0.0003063228  -0.0000859515  -0.0000961399   0.0000427684  -0.0001007060
  532  -0.0002456458   0.0001316079   0.0002357463   0.0000908365  -0.0001878057
  533  -0.0001437939   0.0001790077   0.0002559973   0.0002109107  -0.0001523043
  534  -0.0000115376  -0.0000191829  -0.0000138580   0.0000208949  -0.0001619944
  535   0.0000728362   0.0001516689  -0.0000635549   0.0000453310   0.0000730599
  536  -0.0000990709  -0.0002570622  -0.0001397990   0.0002101950  -0.0000248862
  537  -0.0000248933  -0.0000122903  -0.0001275652   0.0000008925   0.0000024224
  538   0.0000382376  -0.0000141077  -0.0000070005  -0.0000150027  -0.0000044392
  539  -0.0000058969   0.0000043831  -0.0000100824  -0.0000093718   0.0000597934
  540  -0.0000515681  -0.0000262957   0.0001806204  -0.0000210031  -0.0000126429
  541   0.0000060671   0.0000200868  -0.0000240790  -0.0000084805  -0.0000661313
  542  -0.0000177084   0.0000531891  -0.0000041693   0.0000014143   0.0000203866
  543   0.0000135731   0.0000002658  -0.0000017040  -0.0000073624  -0.0000097321
  544   0.0000271677   0.0000060289  -0.0000110909  -0.0000146331   0.0000313604
  545   0.0000072314   0.0000311119   0.0000079088  -0.0000041808   0.0000070300
  546  -0.0000211076   0.0000183007  -0.0000076902  -0.0000392620   0.0000651059
  547  -0.0000886483  -0.0000136515  -0.0000019168  -0.0000033604
  6 1  -0.0006004483   0.0001248309   0.0009808118  -0.0039517095  -0.0030857343
  6 2   0.0187023951   0.0011149037  -0.0001899637  -0.0003534908   0.0002008471
  6 3  -0.0000768571   0.0001599865   0.0000456306  -0.0002935825  -0.0000596983
  6 4  -0.0007731137   0.0007292646   0.0019734919  -0.0008595230  -0.0013020190
  6 5   0.0006620541  -0.0000358446   0.0001402832   0.0001803276   0.0000177073
  6 6  -0.0000309021  -0.0000764071   0.0001487337  -0.0000451393   0.0003197686
  6 7   0.0000441758   0.0004853194  -0.0001920597  -0.0002269294  -0.0002687827
  6 8  -0.0000594867   0.0002292533  -0.0003140392  -0.0000713646   0.0000362278
  6 9   0.0002017504  -0.0000172497   0.0002266576  -0.0000486101   0.0002274651
  610  -0.0003991650  -0.0001277467  -0.0000008316  -0.0000822593   0.0002823399
  611   0.0000088305   0.0003704702   0.0001081051  -0.0000780915  -0.0002478874
  612  -0.0002066602   0.0001315369   0.0001039421  -0.0002166192   0.0000701029
  613  -0.0001500317  -0.0000848943   0.0001235527   0.0001064866  -0.0001303808
  614  -0.0003031092  -0.0003009523  -0.0002776906  -0.0003241352   0.0001408061
  615  -0.0002083971  -0.0002996424  -0.0045321967  -0.0001021117  -0.0069301188
  616   0.0091725270   0.0025539651  -0.0148039057   0.0002926165   0.0001331276
  617  -0.0002796248   0.0000501052   0.0000116475   0.0000066645   0.0003705349
  618   0.0010263932  -0.0001080178   0.0002722987   0.0002362689  -0.0000199053
  619   0.0001069204  -0.0001402243  -0.0000935800  -0.0004728235  -0.0000927663
  620   0.0001644775  -0.0001252596   0.0001001799   0.0003853804   0.0001705543
  621   0.0000217039  -0.0001510687  -0.0000064613  -0.0000614015  -0.0000427319
  622  -0.0001909055   0.0001390834   0.0001533586  -0.0001145283   0.0000108976
  623  -0.0000390827   0.0003851873   0.0003707906   0.0000183418  -0.0004035244
  624   0.0003503738  -0.0000085971   0.0000088246   0.0002624019   0.0001553022
  625   0.0000790306   0.0000646412   0.0000319252  -0.0000383113   0.0000263381
  626   0.0000371126   0.0000051698   0.0000237558   0.0000566403  -0.0000296879
  627   0.0000838991   0.0000713741  -0.0000753674  -0.0000806867   0.0000233538
  628  -0.0000341751  -0.0000208016  -0.0001449721   0.0001681525  -0.0000895410
  629  -0.0000673177   0.0000011959   0.0000427543  -0.0000161253  -0.0000205183
  630  -0.0000274220  -0.0000729479   0.0000249102   0.0000201371   0.0001340286
  631  -0.0001176063  -0.0002174532  -0.0000234262   0.0000103920   0.0000357764
  632   0.0000936172  -0.0000729293  -0.0001252041  -0.0000081377   0.0001740938
  633   0.0000672195  -0.0000178396  -0.0001393022  -0.0001114445   0.0000222742
  634   0.0000287556   0.0000016167   0.0000247104  -0.0000340194   0.0001244168
  635  -0.0000444880  -0.0000529862   0.0000522269  -0.0000269690   0.0000267204
  636   0.0000976627  -0.0001845237  -0.0000048503   0.0001686995   0.0000276439
  637  -0.0000861259  -0.0000013185  -0.0000734744  -0.0000061591   0.0000022056
  638   0.0000095387   0.0000003968  -0.0000167862  -0.0000196628  -0.0000003504
  639  -0.0000035465   0.0000014552  -0.0000042204  -0.0000245517   0.0000112065
  640   0.0000143148  -0.0000258425  -0.0000625269  -0.0000248844   0.0000157878
  641  -0.0000124821   0.0000858147  -0.0000153580   0.0000609818  -0.0000240119
  642   0.0000037652   0.0000608304   0.0000061057   0.0000008581  -0.0000188359
  643  -0.0000067285   0.0000049223  -0.0000082900  -0.0000233935   0.0000061188
  644  -0.0000085750  -0.0000146165  -0.0000003648  -0.0000155889  -0.0000292631
  645  -0.0000055369  -0.0000385731   0.0000038389  -0.0000205599   0.0000054276
  646   0.0000216445  -0.0000118792   0.0000305052   0.0000320172  -0.0000352547
  647   0.0000626890   0.0000151067   0.0000065459  -0.0000122075
  7 1   0.0000972417   0.0000861293   0.0001983491  -0.0246996592  -0.0012620651
  7 2   0.0011149037   0.0620742679   0.0009723695  -0.0019561430  -0.0213137116
  7 3   0.0021443020  -0.0011747729   0.0003402575   0.0000421050   0.0004337999
  7 4  -0.0005575140  -0.0000112781   0.0004247169  -0.0041415901   0.0090593759
  7 5   0.0018300041  -0.0035956649  -0.0090752207  -0.0007994225  -0.0003531467
  7 6  -0.0002256484   0.0003339384  -0.0001688895  -0.0006707633   0.0000397901
  7 7   0.0004225043   0.0004276490  -0.0000189784  -0.0000293873   0.0001237680
  7 8  -0.0000112673   0.0002325610   0.0000010904   0.0004043393  -0.0005473892
  7 9  -0.0003319300   0.0002925977   0.0004421735   0.0004037271   0.0000256054
  710   0.0000017480  -0.0002849303  -0.0001442321  -0.0001966828   0.0001279840
  711   0.0001593759  -0.0003609847   0.0001889628   0.0001320375   0.0003840983
  712   0.0000233258  -0.0000772991   0.0003799646  -0.0004823862  -0.0000175341
  713  -0.0000077408   0.0000210282   0.0005931530   0.0001632018  -0.0000507645
  714  -0.0001875029  -0.0003547127   0.0000776882   0.0001169342  -0.0005730495
  715  -0.0004999878  -0.0000827967   0.0001332817  -0.0001841236  -0.0002203482
  716  -0.0034626660   0.0014983664  -0.0077567206  -0.0036996116  -0.0020951422
  717   0.0078809896  -0.0001527063   0.0000624891   0.0000652547   0.0001941525
  718  -0.0001844308  -0.0001922922   0.0002371386   0.0004673398  -0.0005507991
  719  -0.0004705215   0.0001662942  -0.0000541797  -0.0004725325  -0.0008045942
  720   0.0003862606  -0.0000221974   0.0002456670   0.0000136279  -0.0000230783
  721  -0.0004497829  -0.0004547568  -0.0007323639   0.0003393483  -0.0001803428
  722   0.0006332165   0.0009898071  -0.0000001700  -0.0000916449  -0.0002078230
  723  -0.0000162773  -0.0000186831   0.0000181625  -0.0000151064   0.0001928989
  724  -0.0003650805   0.0000028377   0.0001659822  -0.0002055340  -0.0005228409
  725   0.0001061977   0.0001982159   0.0001350277   0.0000835029  -0.0002361501
  726   0.0000849018   0.0000175277   0.0001642547  -0.0000831168  -0.0001635812
  727   0.0001212140   0.0000122327   0.0001487890  -0.0000702938   0.0001455002
  728  -0.0001280614   0.0004792299  -0.0000526595   0.0005684788  -0.0005527271
  729  -0.0000036371   0.0000577269   0.0000052733  -0.0003464337  -0.0000902576
  730  -0.0001653168  -0.0001439379  -0.0001034214   0.0003563593   0.0004549569
  731  -0.0003631683   0.0000681210   0.0000382058   0.0001844038   0.0000930721
  732   0.0000184056  -0.0001474351  -0.0002936759  -0.0000158592   0.0000969608
  733   0.0002397685  -0.0002069768  -0.0002042105  -0.0000009770  -0.0000144585
  734   0.0001553600  -0.0001179321  -0.0000291520   0.0000698646  -0.0000642039
  735   0.0000916914  -0.0001429338   0.0000613310  -0.0001360390  -0.0001097709
  736  -0.0001170957   0.0002303860   0.0000563525   0.0000079823   0.0001511791
  737   0.0000206947  -0.0001457041  -0.0002017209   0.0000172405  -0.0000126300
  738  -0.0000511757   0.0000133188   0.0000031488   0.0000001657   0.0000033622
  739  -0.0000021627   0.0000078930  -0.0000247702  -0.0000272985  -0.0000013467
  740   0.0000111347  -0.0000020391   0.0000571224   0.0000148292  -0.0000145859
  741  -0.0000723587  -0.0000803901  -0.0000237414  -0.0000163280  -0.0000333320
  742  -0.0000367237  -0.0000014705   0.0000216842   0.0000143438  -0.0000079966
  743  -0.0000049725  -0.0000186691   0.0000007234  -0.0000128739   0.0000097048
  744   0.0000003363  -0.0000116240  -0.0000099517  -0.0000234975   0.0000053603
  745   0.0000224618   0.0000876223  -0.0000147396  -0.0000150798  -0.0000290029
  746  -0.0000387370  -0.0000106737  -0.0000334554  -0.0000365982   0.0000033207
  747  -0.0000871622   0.0000095278  -0.0000056640   0.0000267024
  8 1  -0.0001001132   0.0001820842  -0.0004048942   0.0020122069  -0.0005868611
  8 2  -0.0001899637   0.0009723695   0.0334064475  -0.0046585499  -0.0012623465
  8 3  -0.0008588266  -0.0002307462   0.0000846374   0.0002612111  -0.0001864092
  8 4   0.0001935284  -0.0003547819  -0.0002623252   0.0089576887  -0.0137878231
  8 5  -0.0027953277  -0.0100034876  -0.0166310353  -0.0015660048  -0.0001917679
  8 6  -0.0000357976  -0.0001415634   0.0001138729  -0.0000107034  -0.0002403720
  8 7   0.0003604985  -0.0001155441  -0.0001835908  -0.0003054750  -0.0006172054
  8 8   0.0000481774  -0.0000496553  -0.0002816542   0.0000783438   0.0002054267
  8 9   0.0003813377  -0.0000903241  -0.0001293292  -0.0002340281  -0.0001289002
  810  -0.0000790700   0.0002402682  -0.0000043695   0.0001155371   0.0000846417
  811  -0.0000018998   0.0000562348   0.0000345215   0.0000442187  -0.0002904614
  812  -0.0001336211   0.0001357284  -0.0000329765  -0.0000749184  -0.0002049782
  813   0.0000261357  -0.0002509023  -0.0002180649   0.0002705256   0.0002900851
  814   0.0001161204  -0.0003265639   0.0001392591  -0.0000620540  -0.0001112579
  815   0.0000814919  -0.0001070066  -0.0004395927   0.0001251729   0.0002690318
  816   0.0028078511  -0.0003457481   0.0045578666  -0.0027884608  -0.0003498536
  817   0.0053138738  -0.0000478917   0.0000837803   0.0000862799   0.0003727051
  818   0.0001790336   0.0000193183  -0.0004557922  -0.0004646241   0.0007588443
  819   0.0000006203  -0.0004251390   0.0002699012   0.0001642984  -0.0001481681
  820   0.0001575861  -0.0002780010  -0.0001593382  -0.0001302635   0.0000981295
  821   0.0004809598  -0.0001244979  -0.0000956363   0.0001396118   0.0001607681
  822   0.0001241129  -0.0003203413   0.0001082070   0.0000748601   0.0001973349
  823   0.0000109324   0.0000930781   0.0001689943  -0.0000716516  -0.0005466641
  824  -0.0000256670   0.0001278456   0.0003133198  -0.0000509068   0.0002119108
  825  -0.0000893291  -0.0001353288  -0.0000981011   0.0000886119   0.0000223282
  826  -0.0001542364  -0.0000113901  -0.0000007889   0.0000287845   0.0001265123
  827   0.0003147904   0.0000481879  -0.0001780496  -0.0000544363   0.0000036792
  828   0.0001166000  -0.0002410452   0.0001427448  -0.0003884624   0.0003476586
  829  -0.0001712608   0.0001534942   0.0000499244  -0.0000513786   0.0000042919
  830  -0.0001919492  -0.0002266512   0.0005014252  -0.0001814025   0.0000712275
  831  -0.0003178719  -0.0001775654  -0.0000268608   0.0000614057  -0.0001311106
  832  -0.0001845507   0.0000810929   0.0001205287   0.0000219001  -0.0000706325
  833  -0.0000579030   0.0000443323   0.0000995160   0.0000948121   0.0000593308
  834  -0.0000426893   0.0000127735  -0.0000022260   0.0000252960  -0.0001178079
  835   0.0000379581   0.0000562374  -0.0000015468   0.0000630283   0.0000174824
  836   0.0000561856  -0.0002313006  -0.0001106485   0.0000953076  -0.0000034591
  837   0.0000133838   0.0000595242   0.0001395944  -0.0000162747   0.0000032912
  838   0.0000226634  -0.0000083158   0.0000064317   0.0000118415  -0.0000005694
  839  -0.0000023534  -0.0000030547   0.0000099064  -0.0000045588   0.0000008272
  840   0.0000102042   0.0000090777  -0.0000134250  -0.0000114317   0.0000052506
  841   0.0000218585   0.0000091736  -0.0001640618  -0.0000061531   0.0000103510
  842   0.0000060765   0.0000406887  -0.0000170337  -0.0000022371   0.0000204703
  843   0.0000031875  -0.0000054239   0.0000015685   0.0000064398   0.0000094625
  844   0.0000044766   0.0000104515   0.0000001346   0.0000047410   0.0000110167
  845   0.0000073427  -0.0000100825   0.0000120002  -0.0000062782   0.0000291609
  846   0.0000059034   0.0000130662  -0.0000168719  -0.0000453505   0.0000267333
  847  -0.0000816388  -0.0000090290   0.0000023507  -0.0000090102
  9 1  -0.0001345441   0.0000157223   0.0000052587  -0.0004309369  -0.0003156859
  9 2  -0.0003534908  -0.0019561430  -0.0046585499   0.0222498769   0.0014839646
  9 3  -0.0002321742  -0.0009431648  -0.0001679755   0.0001046053   0.0001272944
  9 4  -0.0000436671   0.0000046219  -0.0000743987   0.0005359994  -0.0008345640
  9 5   0.0003306280   0.0000440568   0.0008372846   0.0010957516   0.0003098124
  9 6   0.0001294421   0.0002389802   0.0000407630  -0.0000765796   0.0000759854
  9 7  -0.0002135413   0.0001775453  -0.0003719137  -0.0000102593  -0.0002446577
  9 8   0.0000223979  -0.0000544160  -0.0001572519   0.0000090591   0.0001405719
  9 9  -0.0000162188  -0.0000971599  -0.0001074079   0.0001989614  -0.0000047020
  910   0.0000509381   0.0000563467  -0.0004179091   0.0000828115  -0.0000178959
  911  -0.0002387030   0.0003036495   0.0000320100  -0.0000707289  -0.0002055577
  912  -0.0000922165   0.0002125320   0.0001201992  -0.0000916238  -0.0001000696
  913  -0.0005174001  -0.0001643697  -0.0000086807   0.0003656294   0.0000351923
  914  -0.0003737080  -0.0001054431  -0.0001972402  -0.0000561027   0.0000745228
  915  -0.0000841028  -0.0004258526  -0.0002304086   0.0003711285   0.0000291420
  916  -0.0068373503   0.0019172369  -0.0097209906   0.0074929440   0.0021971747
  917  -0.0122418142   0.0002819790   0.0000395991  -0.0001182718  -0.0007198752
  918   0.0000186779   0.0000140997   0.0004760864   0.0002753427  -0.0001404834
  919   0.0000756707   0.0001964816  -0.0002928170   0.0000012844  -0.0001099265
  920   0.0001850965  -0.0004367757   0.0005322684   0.0006327598   0.0000496301
  921   0.0000217784   0.0001490639   0.0002856389  -0.0002649581   0.0002234517
  922  -0.0002105628  -0.0001206574   0.0001414392  -0.0001016901  -0.0000413675
  923   0.0001454135  -0.0002221773   0.0001280369   0.0004909905   0.0003180078
  924   0.0001895644   0.0002037240   0.0001869587   0.0005270591   0.0001491461
  925   0.0001316885   0.0002073870   0.0001410978  -0.0000965966  -0.0001510854
  926   0.0000970352   0.0000215840   0.0000915242  -0.0001011415  -0.0001902025
  927  -0.0001366999  -0.0000342483   0.0000443662  -0.0000346968  -0.0002420060
  928   0.0001475496   0.0000972637   0.0001513429  -0.0001332090  -0.0001289206
  929   0.0000380465   0.0003178852  -0.0001254307  -0.0001550245  -0.0001309155
  930   0.0000100118  -0.0002172001   0.0004455447   0.0001922636   0.0001783038
  931  -0.0005498776  -0.0002784036  -0.0000155553   0.0002578030   0.0000313086
  932   0.0000145441  -0.0001725189  -0.0002625314   0.0000198860   0.0002175505
  933   0.0001804610  -0.0001534372  -0.0001575639   0.0000208807   0.0001002680
  934   0.0000794192  -0.0000151725  -0.0000731572   0.0000096234  -0.0000307770
  935   0.0000809598  -0.0001549130   0.0000457108  -0.0000634425   0.0002073035
  936   0.0000306666  -0.0000847250  -0.0001761198  -0.0000131346  -0.0000078166
  937  -0.0000166414  -0.0000583605  -0.0002098506   0.0000057135  -0.0000117777
  938  -0.0000324337  -0.0000037963  -0.0000051727  -0.0000088178   0.0000073434
  939   0.0000046342  -0.0000155371  -0.0000129545   0.0000020197  -0.0000053781
  940  -0.0000072706   0.0000290790   0.0000734263   0.0000049715   0.0000268143
  941   0.0000045276  -0.0000443919   0.0000066105  -0.0001116422  -0.0000231866
  942   0.0000613091   0.0000530784  -0.0000022998   0.0000106387  -0.0000004016
  943  -0.0000186520   0.0000107571  -0.0000168969  -0.0000110010  -0.0000111526
  944  -0.0000219622  -0.0000180209   0.0000111710   0.0000119831  -0.0000223063
  945  -0.0000582418   0.0000216216   0.0000077645  -0.0000153088   0.0000015985
  946   0.0000031813  -0.0000233826   0.0000014593  -0.0000157285  -0.0000119105
  947  -0.0001045019   0.0000338880   0.0000156082   0.0000048678
 10 1  -0.0002688521  -0.0001971480  -0.0003835485  -0.0000470366   0.0000897190
 10 2   0.0002008471  -0.0213137116  -0.0012623465   0.0014839646   0.0536917266
 10 3  -0.0020840296   0.0013482616  -0.0163920597   0.0028849376  -0.0016978067
 10 4   0.0001288430  -0.0000228105  -0.0006351013  -0.0004615003  -0.0001850577
 10 5   0.0001020297  -0.0050813431   0.0099001193   0.0010014847  -0.0042067251
 10 6  -0.0103309419  -0.0010489213  -0.0002785562   0.0000265799  -0.0006241359
 10 7  -0.0001667175  -0.0004493509   0.0001713424   0.0001172928   0.0000420018
 10 8   0.0000781163  -0.0004219663   0.0008517465  -0.0003639395   0.0008017771
 10 9   0.0005115233  -0.0003284343  -0.0008207431  -0.0004339143  -0.0003851294
 1010  -0.0002127874  -0.0000198631  -0.0000141204   0.0003922117  -0.0005265116
 1011  -0.0001477055   0.0002605239  -0.0001850431   0.0000542084  -0.0004185942
 1012   0.0001460754  -0.0001556461  -0.0000163992   0.0003149973  -0.0000553642
 1013   0.0002136832  -0.0002187153  -0.0012633699   0.0000325358   0.0001207486
 1014   0.0006853532   0.0007324127   0.0004730892   0.0000806406   0.0001703415
 1015   0.0011844075  -0.0000476213  -0.0005486292   0.0004799932   0.0004409828
 1016  -0.0000647620   0.0000780291  -0.0000202211  -0.0038068717   0.0020091059
 1017  -0.0082157830  -0.0025626387  -0.0019394509   0.0076210850  -0.0002453747
 1018   0.0006082104  -0.0000925580  -0.0006016904  -0.0001033368   0.0001770289
 1019   0.0005587131  -0.0004442045   0.0002311196   0.0008561463   0.0005329340
 1020   0.0000486410  -0.0000804467  -0.0005925017  -0.0004256767  -0.0004385475
 1021   0.0009440700   0.0006353325   0.0006379658  -0.0000337580   0.0007074252
 1022  -0.0000994669  -0.0014883388   0.0001253600   0.0002090996   0.0001408389
 1023   0.0000924648  -0.0000928032  -0.0005250258  -0.0001061954  -0.0001953323
 1024  -0.0001739839   0.0003984266  -0.0001423279  -0.0002184753   0.0010134895
 1025   0.0000477974  -0.0001723558  -0.0001396517  -0.0007215872   0.0002589405
 1026  -0.0004502445   0.0001745612   0.0000620104  -0.0001962095   0.0006530651
 1027  -0.0002761490  -0.0000496425  -0.0003853899  -0.0000319112   0.0000072905
 1028  -0.0000802733  -0.0016836487   0.0005657634  -0.0022716203   0.0014884562
 1029   0.0001702971   0.0008192358   0.0003925575   0.0005703441  -0.0002916962
 1030   0.0004694984  -0.0001823861   0.0009902572  -0.0013314959  -0.0008296349
 1031   0.0002638211  -0.0000195602  -0.0002244020  -0.0003917087  -0.0001897977
 1032  -0.0006196911   0.0007074522   0.0012918888   0.0002542346  -0.0008854669
 1033  -0.0010667546   0.0006005278   0.0013867869   0.0007737388  -0.0003372552
 1034  -0.0003623851   0.0002895065   0.0000095904  -0.0000125320  -0.0003981432
 1035   0.0000464053   0.0006316493  -0.0002124030   0.0002271334   0.0001852191
 1036  -0.0002690751  -0.0005608569  -0.0001636392   0.0003945199  -0.0004862889
 1037  -0.0000176302   0.0001386009   0.0002846144  -0.0000392031  -0.0000522138
 1038   0.0000885006  -0.0000345691   0.0000027651  -0.0000028868  -0.0000258372
 1039   0.0000329593  -0.0000088850   0.0000242482   0.0000745356   0.0001375465
 1040  -0.0001102042  -0.0000354348   0.0003397544  -0.0000149247   0.0000097661
 1041   0.0000981246   0.0000398727  -0.0000191893  -0.0001363786   0.0000114472
 1042   0.0000108853   0.0000162265  -0.0000099945  -0.0000238070   0.0001438355
 1043   0.0000428168   0.0000038898  -0.0000099071   0.0000320410  -0.0001003719
 1044   0.0000360969   0.0000408334   0.0000129494   0.0000286702   0.0000319227
 1045  -0.0000697089  -0.0000821524   0.0000369514   0.0000182706   0.0000327439
 1046  -0.0000377946   0.0000981884   0.0000027264  -0.0000666446   0.0001966271
 1047  -0.0000428619  -0.0000142672   0.0000271469   0.0000125827
 11 1  -0.0002348605   0.0001114012  -0.0002439782   0.0001563888   0.0005801185
 11 2  -0.0000768571   0.0021443020  -0.0008588266  -0.0002321742  -0.0020840296
 11 3   0.0348541215  -0.0064155398  -0.0012961184  -0.0005451564  -0.0000889221
 11 4   0.0000112371  -0.0000768499  -0.0001177727   0.0001658271  -0.0002638625
 11 5  -0.0002680345   0.0110941729  -0.0168911160  -0.0015324781  -0.0105411492
 11 6  -0.0152734299  -0.0013621560   0.0000735688  -0.0004698788  -0.0000361335
 11 7  -0.0001402831  -0.0001867543   0.0001346841   0.0001496333  -0.0002068296
 11 8   0.0002610666   0.0002457511  -0.0007650172   0.0000849417  -0.0003239032
 11 9  -0.0000123159   0.0001442729  -0.0000283261  -0.0000637371   0.0000879340
 1110   0.0005657712   0.0003530381   0.0004456086  -0.0001291911   0.0001610375
 1111   0.0001617843   0.0000840343  -0.0000199742   0.0000707371  -0.0003489109
 1112  -0.0001946551   0.0001125103  -0.0002738444   0.0004845734   0.0000664904
 1113  -0.0000510041  -0.0001061380   0.0001541943  -0.0001539606   0.0001956203
 1114   0.0000201840  -0.0004544521  -0.0000896462   0.0000583200   0.0004523667
 1115  -0.0002631819   0.0002562727  -0.0002502213  -0.0001866790   0.0002366044
 1116   0.0001387832   0.0000783897   0.0001760903   0.0036080710  -0.0001866756
 1117   0.0056760580  -0.0026235033   0.0002091760   0.0040450388   0.0001991865
 1118   0.0002846336   0.0000315606   0.0000949999  -0.0003616337   0.0001141594
 1119   0.0001836388  -0.0004940241   0.0003374265  -0.0004944890  -0.0002291267
 1120  -0.0001029785   0.0004119109  -0.0002132397  -0.0002528693   0.0003212076
 1121   0.0001594820  -0.0004016070  -0.0001767756  -0.0001466795  -0.0005650029
 1122  -0.0003303365   0.0000197560  -0.0001563608  -0.0001295458   0.0003037956
 1123  -0.0002976606  -0.0000517818   0.0002143026  -0.0001795764  -0.0000751512
 1124   0.0000258237  -0.0001859369   0.0000126120  -0.0000509203  -0.0003466507
 1125  -0.0000398149  -0.0000154829  -0.0000020943   0.0002595515   0.0000273599
 1126   0.0001924731  -0.0001152498  -0.0001574755   0.0001580758  -0.0002372472
 1127   0.0000905617  -0.0000647683   0.0001637915   0.0000399089  -0.0000159645
 1128   0.0000615759   0.0005097926  -0.0002838499   0.0007209931  -0.0003763127
 1129  -0.0002000119  -0.0003587440  -0.0001554682  -0.0001339792   0.0001178437
 1130  -0.0001570748   0.0001469853  -0.0004782678   0.0000998656   0.0003141169
 1131   0.0001552288   0.0001636601  -0.0002229119   0.0000807848   0.0000385969
 1132   0.0001370877  -0.0001192606  -0.0001948184   0.0000350908  -0.0000265628
 1133   0.0002973224  -0.0000538582  -0.0002098424  -0.0000989327   0.0001626733
 1134   0.0000085214  -0.0000385021   0.0000020923   0.0000111425  -0.0000241052
 1135   0.0000152353  -0.0000019686   0.0000086727   0.0000657563  -0.0001349311
 1136   0.0000866186  -0.0000377839   0.0000473303   0.0000999184   0.0003474584
 1137   0.0000174177   0.0000014688  -0.0000072227   0.0000048663   0.0000182678
 1138  -0.0000201095   0.0000082828  -0.0000050844  -0.0000050650   0.0000011762
 1139  -0.0000083182   0.0000158093   0.0000054865  -0.0000143162  -0.0000674769
 1140   0.0000932420   0.0000122440  -0.0001997143   0.0000080715  -0.0000098341
 1141  -0.0000195610   0.0000099270  -0.0000329092   0.0000242128   0.0000200769
 1142  -0.0000078489  -0.0000144569  -0.0000304129  -0.0000211980  -0.0000494014
 1143  -0.0000051985  -0.0000259829  -0.0000111133   0.0000171529   0.0000293467
 1144  -0.0000147931   0.0000035463  -0.0000004360   0.0000060966   0.0000151968
 1145   0.0000074144   0.0000180970   0.0000015060   0.0000000847   0.0000200353
 1146   0.0000193394  -0.0000130317  -0.0000095629  -0.0000173220  -0.0000491858
 1147  -0.0000451413   0.0000011458  -0.0000037079   0.0000042944
 12 1  -0.0000593541  -0.0002190989  -0.0000473516  -0.0000222390  -0.0000798365
 12 2   0.0001599865  -0.0011747729  -0.0002307462  -0.0009431648   0.0013482616
 12 3  -0.0064155398   0.0213392695   0.0013455386   0.0003387765  -0.0005426270
 12 4  -0.0000262398   0.0001437652  -0.0000127639  -0.0001369358  -0.0001678008
 12 5   0.0002585358  -0.0006524622   0.0008970459   0.0011126164   0.0007643202
 12 6   0.0012197783   0.0015022392   0.0001672866  -0.0000653719   0.0000454739
 12 7  -0.0001725117  -0.0000269536  -0.0005742977   0.0002389584   0.0003394766
 12 8   0.0000603379  -0.0001825219  -0.0002216573   0.0001002381   0.0000336392
 12 9  -0.0000953703   0.0001160124  -0.0001336639   0.0001953435  -0.0001993989
 1210  -0.0000434501  -0.0001429511  -0.0003100988   0.0000055327  -0.0004158909
 1211  -0.0002719111   0.0001596416  -0.0000276795  -0.0003419332   0.0000119986
 1212  -0.0000128923   0.0001369112   0.0003858764  -0.0000565163  -0.0001268835
 1213  -0.0003949051  -0.0002196391  -0.0003952867   0.0004137276   0.0001085966
 1214  -0.0003539530   0.0001125573  -0.0000496452   0.0000331650  -0.0001207251
 1215  -0.0000786287  -0.0003601790   0.0000634927   0.0001028215   0.0003139187
 1216   0.0000831324   0.0003031253  -0.0000867123  -0.0092765548   0.0024799381
 1217  -0.0128393352   0.0071483550   0.0011392699  -0.0097240539  -0.0001696990
 1218  -0.0000795382   0.0003431111   0.0000414650  -0.0003311291  -0.0004355494
 1219  -0.0003874646   0.0008005476  -0.0000372574   0.0008175817   0.0003759053
 1220  -0.0000142315  -0.0008148722   0.0004581199   0.0004170176  -0.0002131205
 1221   0.0002368326   0.0003147446   0.0002471357   0.0000132299   0.0003988818
 1222   0.0002758364  -0.0001759659   0.0002381872   0.0000151245  -0.0001574853
 1223   0.0002882380  -0.0001589703  -0.0001853974   0.0005130202   0.0001145253
 1224  -0.0000943870   0.0002568667   0.0003498926   0.0002965608   0.0003165893
 1225   0.0001771953   0.0002529244   0.0001287144  -0.0002241459  -0.0000627911
 1226   0.0002204199   0.0000264363   0.0000329706  -0.0000760645  -0.0002530532
 1227  -0.0004059463  -0.0002765332   0.0003738237   0.0000191876  -0.0001936046
 1228  -0.0002681910  -0.0003186150   0.0003829833  -0.0002654223   0.0001891876
 1229  -0.0000510268   0.0004184846   0.0002345908   0.0000404962  -0.0003154284
 1230   0.0001217976  -0.0001944449   0.0004454005  -0.0001665123   0.0004426986
 1231  -0.0004995364  -0.0003941322  -0.0001812691   0.0000638697   0.0000394733
 1232  -0.0002594215   0.0000896353   0.0001951744   0.0000855643  -0.0001078329
 1233  -0.0001889290  -0.0000078648   0.0005255701   0.0003706462   0.0000987358
 1234  -0.0001384722   0.0002389437  -0.0000130628   0.0000295348  -0.0002835245
 1235   0.0001105932   0.0001438923  -0.0000577984  -0.0000340063   0.0002101636
 1236   0.0000001240  -0.0005240177  -0.0003145381   0.0002677508  -0.0000022444
 1237   0.0000250141  -0.0000721120  -0.0002200913   0.0000050295  -0.0000237130
 1238  -0.0000352471  -0.0000058937   0.0000037648   0.0000046722  -0.0000031877
 1239   0.0000037135  -0.0000022403  -0.0000119090   0.0000162464   0.0000042907
 1240   0.0000191110   0.0000426118   0.0000582433  -0.0000115921   0.0000146074
 1241  -0.0000035624  -0.0000176264  -0.0000041588   0.0000996300  -0.0000283818
 1242   0.0000275329   0.0000013684  -0.0000683743   0.0000278067   0.0000251662
 1243   0.0000249326   0.0000165698  -0.0000115193  -0.0000042326  -0.0000756056
 1244  -0.0000362951  -0.0000040727   0.0000141167   0.0000161282   0.0000113525
 1245  -0.0001576864  -0.0000867290   0.0000180781  -0.0000040427   0.0000015806
 1246  -0.0000384424   0.0000191565  -0.0000126615  -0.0000490678   0.0001225657
 1247  -0.0001680227   0.0000184601   0.0000450918   0.0000202719
 13 1  -0.0001112866   0.0000433180  -0.0002492093   0.0000459324   0.0001504899
 13 2   0.0000456306   0.0003402575   0.0000846374  -0.0001679755  -0.0163920597
 13 3  -0.0012961184   0.0013455386   0.0361178093  -0.0065169411   0.0131300207
 13 4   0.0001343866  -0.0000622352  -0.0002107522  -0.0001307896  -0.0001864659
 13 5  -0.0001042530  -0.0007004856   0.0001004723   0.0000030146  -0.0052645911
 13 6   0.0124696395   0.0013081266  -0.0057923562  -0.0087304802  -0.0005527069
 13 7  -0.0000712446   0.0001421179  -0.0003704140   0.0000664758  -0.0001400450
 13 8   0.0000029957  -0.0002852753  -0.0002108338  -0.0001305347  -0.0000876933
 13 9  -0.0006421279   0.0001359156   0.0000554472   0.0002107054   0.0001342360
 1310  -0.0000111340  -0.0000271734  -0.0001830269  -0.0000705179   0.0001426054
 1311  -0.0001499023   0.0001457674   0.0000880423  -0.0000322668  -0.0000562912
 1312  -0.0001350681   0.0001115819   0.0000013778   0.0000537095  -0.0000201493
 1313   0.0000121601   0.0000631688   0.0001984469  -0.0001328020   0.0000773300
 1314   0.0000526628  -0.0002506772  -0.0004397784   0.0001485466   0.0003095679
 1315  -0.0004859036  -0.0001882434  -0.0003758002   0.0001198141   0.0002589469
 1316  -0.0000075410   0.0001340006   0.0002717657  -0.0001828558  -0.0003281167
 1317   0.0001201218  -0.0066772270   0.0035389090  -0.0146986241  -0.0000789008
 1318  -0.0000363713   0.0003146945   0.0001939773  -0.0000191195   0.0001498805
 1319  -0.0002372111   0.0006279320  -0.0004536384  -0.0001530167   0.0003728856
 1320  -0.0000551856  -0.0002129132   0.0003337316   0.0004336674   0.0002065951
 1321  -0.0001085601   0.0000604381  -0.0000225517  -0.0003289324  -0.0003471324
 1322  -0.0003187819   0.0001713781  -0.0002683355  -0.0000469465   0.0002532321
 1323  -0.0001927898  -0.0002925537   0.0000574293   0.0001332394   0.0001356462
 1324   0.0001458406  -0.0001769548   0.0001382145   0.0004305006  -0.0001821411
 1325  -0.0000886887  -0.0000092772   0.0000196039   0.0003692179  -0.0001338118
 1326   0.0001462541  -0.0000842042  -0.0000175195   0.0000581229  -0.0002093588
 1327   0.0002574502  -0.0000335637  -0.0000213704   0.0000941621  -0.0001577450
 1328   0.0002757962   0.0005160808  -0.0001097484   0.0005489965  -0.0003688918
 1329   0.0000056416  -0.0003081625  -0.0001366018   0.0000604678   0.0002646147
 1330  -0.0003115884   0.0000160924  -0.0001352972   0.0004923810   0.0001065961
 1331  -0.0002694497  -0.0001337259   0.0000474761   0.0002945371   0.0000647022
 1332   0.0002897744  -0.0003768692  -0.0004945652   0.0000480201   0.0003636709
 1333   0.0004033274  -0.0001214430  -0.0006065792  -0.0003245928   0.0000642265
 1334   0.0001304733  -0.0000908290  -0.0000010212   0.0000093515   0.0002260048
 1335   0.0000001657  -0.0002874199   0.0000159481  -0.0000310542   0.0000231152
 1336   0.0002503649   0.0002024877   0.0000779034  -0.0002941229   0.0000068823
 1337   0.0000179512  -0.0000010195  -0.0000501906   0.0000076416   0.0000213833
 1338  -0.0000350948   0.0000159278  -0.0000013293   0.0000006733   0.0000116945
 1339  -0.0000006971   0.0000041252  -0.0000100616  -0.0000183980  -0.0000480712
 1340   0.0000386100  -0.0000112696  -0.0001239602   0.0000105258  -0.0000003545
 1341  -0.0000082890   0.0000010491   0.0000034981  -0.0000076474   0.0000295927
 1342  -0.0000011289  -0.0000123671  -0.0000629449   0.0000088951  -0.0000189695
 1343   0.0000007072   0.0000044826   0.0000510399  -0.0000138670   0.0000344366
 1344  -0.0000176203  -0.0000130725   0.0000020882  -0.0000026633  -0.0000200818
 1345   0.0000293864   0.0000334396  -0.0000097295  -0.0000174486  -0.0000053768
 1346   0.0000270518  -0.0000690039   0.0000077834   0.0000266325  -0.0001058029
 1347   0.0000047697   0.0000319848  -0.0000002326  -0.0000140522
 14 1  -0.0002673100   0.0001639270  -0.0001185205   0.0001180151   0.0001528722
 14 2  -0.0002935825   0.0000421050   0.0002612111   0.0001046053   0.0028849376
 14 3  -0.0005451564   0.0003387765  -0.0065169411   0.0377028827  -0.0031727262
 14 4   0.0000852774  -0.0000864143   0.0002902274   0.0000072513   0.0001138470
 14 5  -0.0001297824   0.0000767079  -0.0000638076  -0.0001698179   0.0123516758
 14 6  -0.0186861806  -0.0020872705  -0.0125314730  -0.0186838182  -0.0020077125
 14 7   0.0002638995  -0.0002946122  -0.0001597537  -0.0001022774  -0.0003786222
 14 8  -0.0000087176   0.0001943767  -0.0004911032  -0.0000453167   0.0001019712
 14 9  -0.0009685987   0.0002711870  -0.0003592819  -0.0003626858   0.0003926537
 1410   0.0007707484   0.0004770988   0.0000815242  -0.0001519494   0.0007516996
 1411   0.0001607543   0.0001157993   0.0001446646   0.0000592009  -0.0000912360
 1412  -0.0000258766   0.0000067049  -0.0003194748   0.0000284954  -0.0001692169
 1413  -0.0003614491   0.0001795980   0.0009025706  -0.0001998408  -0.0002480831
 1414  -0.0000238414  -0.0005476114  -0.0005684566  -0.0001664391   0.0003146131
 1415  -0.0004799027  -0.0000847004   0.0000197177  -0.0004100464   0.0001911201
 1416  -0.0001247623  -0.0001077245   0.0001567743   0.0005313400   0.0001379241
 1417  -0.0001059517   0.0046387577   0.0003661264   0.0078348498   0.0004562989
 1418   0.0002572216  -0.0000317212   0.0000497457   0.0003838901  -0.0000123036
 1419   0.0003565595   0.0000234666  -0.0002458738  -0.0012323279  -0.0004682715
 1420   0.0004819481  -0.0001743638   0.0003207450  -0.0002791752   0.0006831013
 1421  -0.0005468791  -0.0005541368  -0.0007136577  -0.0000315733  -0.0008492097
 1422  -0.0001967053   0.0009947456  -0.0001576821  -0.0002576085   0.0000141409
 1423  -0.0001790672  -0.0002071322   0.0004504681  -0.0001019187   0.0002838445
 1424   0.0002257671  -0.0001951231   0.0001197201   0.0001826299  -0.0004000327
 1425  -0.0001811264  -0.0000661974   0.0000100546   0.0006751114  -0.0000114114
 1426   0.0004138782  -0.0002323603  -0.0003363347   0.0002981811  -0.0005140844
 1427   0.0002976826  -0.0001436340   0.0004265678   0.0000233699   0.0000528885
 1428  -0.0000834505   0.0011650865  -0.0003210140   0.0015782073  -0.0009384344
 1429  -0.0001570532  -0.0006946878  -0.0004464972  -0.0003204702   0.0002676690
 1430  -0.0004143308   0.0001123621  -0.0009713306   0.0008741223   0.0003672016
 1431   0.0002071516   0.0000960239   0.0001488705   0.0000464969   0.0001249080
 1432   0.0005126245  -0.0004539855  -0.0009417277  -0.0004077022   0.0006415876
 1433   0.0009207120  -0.0004431974  -0.0009686018  -0.0006567409   0.0004088234
 1434   0.0001206321  -0.0000621321   0.0000296119  -0.0000335542   0.0003916679
 1435  -0.0000934858  -0.0003795799   0.0000257267  -0.0000076750  -0.0001080693
 1436   0.0003389093   0.0003356098   0.0000980543  -0.0001560862   0.0003886522
 1437   0.0000530981   0.0000212981  -0.0000418976   0.0000188211   0.0000668244
 1438  -0.0000347996   0.0000209215  -0.0000014005   0.0000074213   0.0000125049
 1439  -0.0000133866   0.0000223717   0.0000047370  -0.0000208311  -0.0001752874
 1440   0.0001832389   0.0000456210  -0.0004297179   0.0000237675  -0.0000029785
 1441  -0.0000519475   0.0000041616   0.0000122262   0.0000495057   0.0000281445
 1442  -0.0000031813   0.0000056602   0.0000232944  -0.0000430718  -0.0000938442
 1443   0.0000031510  -0.0000149004   0.0000539013   0.0000043926   0.0000748009
 1444  -0.0000391189  -0.0000128404   0.0000149377   0.0000149172  -0.0000680575
 1445   0.0000449528  -0.0000610120  -0.0000155116  -0.0000131187  -0.0000007322
 1446   0.0000697700  -0.0000742392   0.0000172981   0.0000773641  -0.0001846773
 1447   0.0000917960   0.0000173339  -0.0000228010  -0.0000423435
 15 1   0.0000620796  -0.0005302780   0.0000828195  -0.0001491129  -0.0002068335
 15 2  -0.0000596983   0.0004337999  -0.0001864092   0.0001272944  -0.0016978067
 15 3  -0.0000889221  -0.0005426270   0.0131300207  -0.0031727262   0.0192139288
 15 4   0.0000991313   0.0001033510  -0.0003578806  -0.0000542184   0.0001272134
 15 5  -0.0000802447   0.0001109387  -0.0005743541   0.0001783216   0.0000684182
 15 6   0.0005534815   0.0014000415  -0.0001472820  -0.0006060850  -0.0000490642
 15 7  -0.0000631876   0.0004382811  -0.0002017454  -0.0001415115   0.0001380589
 15 8  -0.0002146712  -0.0002776786   0.0003788592  -0.0000924721   0.0002555863
 15 9   0.0001019494   0.0001153101  -0.0002560338   0.0002539727  -0.0000856787
 1510  -0.0007532775  -0.0006380112  -0.0004165950   0.0002456864  -0.0003291796
 1511  -0.0003812152   0.0005018872   0.0000019704  -0.0003566537  -0.0002601055
 1512  -0.0001100264   0.0000611826   0.0004607634   0.0001263833  -0.0000985836
 1513   0.0001974415  -0.0001012480  -0.0008924150   0.0003861698   0.0003464092
 1514   0.0001801606   0.0001009827   0.0000830981   0.0002176568  -0.0000603388
 1515  -0.0000701006  -0.0002086252  -0.0000177768   0.0003414018   0.0002537256
 1516   0.0002584658   0.0001344471  -0.0000378070  -0.0008679441  -0.0000231384
 1517  -0.0001300982  -0.0119677604   0.0038979466  -0.0202941083  -0.0001767798
 1518   0.0000839064   0.0002737679  -0.0002022340  -0.0006161937   0.0004133743
 1519  -0.0002599081   0.0000403858  -0.0000125816   0.0010060888   0.0005117890
 1520  -0.0001068444  -0.0004888895  -0.0000232019   0.0004916753  -0.0005478322
 1521   0.0010156656   0.0007476063   0.0008751143  -0.0002625491   0.0006001314
 1522  -0.0000752169  -0.0008681005  -0.0001508025   0.0002040698   0.0000294242
 1523   0.0000836549  -0.0000895179  -0.0003755271   0.0002844719  -0.0001203928
 1524   0.0000049083   0.0003048488   0.0001916210   0.0002185352   0.0004961599
 1525   0.0002045745   0.0000199621  -0.0000998895  -0.0008223861   0.0002100372
 1526  -0.0002213715   0.0002093140   0.0001641022  -0.0002588383   0.0004681482
 1527  -0.0004557554  -0.0001518881  -0.0002933556  -0.0000562857  -0.0001744040
 1528  -0.0001237286  -0.0016209856   0.0006717211  -0.0021629429   0.0012926385
 1529   0.0001903790   0.0009594892   0.0005747700   0.0005671825  -0.0003779641
 1530   0.0004936853  -0.0002185056   0.0010945961  -0.0012635491  -0.0008559040
 1531   0.0001374327   0.0000119452   0.0000257610  -0.0005396648  -0.0001132673
 1532  -0.0005522037   0.0006443788   0.0010490669   0.0000388614  -0.0007069688
 1533  -0.0007784882   0.0005114429   0.0013083011   0.0006778166  -0.0003025702
 1534  -0.0003741827   0.0003315122   0.0000064647  -0.0000309426  -0.0003650718
 1535   0.0000613648   0.0004960476  -0.0003282265   0.0001036974   0.0003260270
 1536  -0.0004917202  -0.0002787377  -0.0001720561   0.0003981337  -0.0007395010
 1537  -0.0000238082   0.0000704130   0.0001288327  -0.0000366885  -0.0000759537
 1538   0.0000691537  -0.0000341548   0.0000033145   0.0000051848  -0.0000166714
 1539   0.0000239386  -0.0000184023  -0.0000032647   0.0000701449   0.0001544615
 1540  -0.0001732449  -0.0000785705   0.0003459961  -0.0000324546   0.0000229085
 1541   0.0000620359   0.0000120665  -0.0000126435  -0.0000493112  -0.0000281832
 1542   0.0000279116   0.0000347298  -0.0000445185  -0.0000489878   0.0001098732
 1543   0.0000728524   0.0000366475   0.0000693327   0.0000306195  -0.0001153093
 1544   0.0000313216   0.0000301652   0.0000033299   0.0000067641   0.0001268578
 1545  -0.0001249926  -0.0000326039   0.0000370448   0.0000123816   0.0000265544
 1546  -0.0000396481   0.0000750974   0.0000261669  -0.0000477524   0.0001541151
 1547  -0.0000595642   0.0000132062   0.0000573805   0.0000106932
 16 1  -0.0075700322  -0.0113782525   0.0009880196  -0.0037934322   0.0118964385
 16 2  -0.0007731137  -0.0005575140   0.0001935284  -0.0000436671   0.0001288430
 16 3   0.0000112371  -0.0000262398   0.0001343866   0.0000852774   0.0000991313
 16 4   0.0484624299   0.0160249328  -0.0048883658  -0.0256986083   0.0001847652
 16 5  -0.0037508487  -0.0003706085   0.0001006545   0.0000245011  -0.0001414694
 16 6  -0.0001971824   0.0000710924   0.0001466297  -0.0000819417  -0.0000293731
 16 7  -0.0072836281  -0.0137077996   0.0000974020  -0.0002397180  -0.0001784403
 16 8   0.0000380309   0.0003277017   0.0001094465   0.0000881669  -0.0000592659
 16 9   0.0001070647   0.0000388503   0.0002480961  -0.0001198831  -0.0001293225
 1610   0.0004240058  -0.0001030731   0.0002322711  -0.0003819411  -0.0001578188
 1611   0.0000900743  -0.0000048108  -0.0002106886   0.0000306234   0.0000699814
 1612  -0.0000050889  -0.0000024675  -0.0002167786  -0.0004378630   0.0001807977
 1613   0.0000807522   0.0002275009   0.0001222164   0.0000190401   0.0001088759
 1614  -0.0001952959  -0.0000925265   0.0003615532  -0.0001229265  -0.0001751539
 1615   0.0001714208  -0.0001480002   0.0011623892   0.0001919809  -0.0010466505
 1616  -0.0009807691   0.0000485992   0.0001463919  -0.0001638530  -0.0001459878
 1617  -0.0001136415   0.0003464506   0.0001162337  -0.0000884009  -0.0033460078
 1618  -0.0027773931   0.0083418217  -0.0004400950  -0.0002844665   0.0001907957
 1619   0.0000749755   0.0001533090  -0.0000541852  -0.0002847470  -0.0003709807
 1620   0.0002091396   0.0002960671  -0.0001137171   0.0001054659   0.0000898155
 1621  -0.0001097093  -0.0000961411  -0.0001652354   0.0000720855   0.0000830218
 1622   0.0002086417   0.0001242409   0.0001226676  -0.0000558716  -0.0000162157
 1623  -0.0000513022  -0.0000295990   0.0000991791   0.0000593728   0.0001100506
 1624   0.0000540604   0.0000426511  -0.0001728292   0.0000793776  -0.0000590903
 1625   0.0002109181  -0.0000329512   0.0000315051  -0.0001161299  -0.0000602906
 1626  -0.0000366988  -0.0000067737   0.0001205119  -0.0000568143   0.0001455934
 1627   0.0001105641   0.0000287510  -0.0000201280  -0.0000090973   0.0000655923
 1628  -0.0000617099  -0.0000284747  -0.0000760274  -0.0000403076  -0.0000836824
 1629   0.0000649612   0.0000318509   0.0001511747   0.0003975745   0.0002467598
 1630  -0.0000708535  -0.0000906099   0.0002387469   0.0001026266   0.0002938864
 1631  -0.0004843813  -0.0001803743  -0.0000924324   0.0001983907  -0.0000501515
 1632  -0.0000766336  -0.0000894077  -0.0000865523   0.0000822251  -0.0000012488
 1633   0.0000734878   0.0000736290  -0.0001392331   0.0000142402  -0.0001114957
 1634   0.0001203458  -0.0001085006  -0.0000396361   0.0000116730   0.0000023972
 1635   0.0000395986  -0.0000338775   0.0000099360  -0.0000102175  -0.0000216480
 1636   0.0000954034  -0.0000489565   0.0000869687   0.0001291271  -0.0000633436
 1637  -0.0002859985  -0.0001489821  -0.0001114147   0.0000026697   0.0000015132
 1638  -0.0000005952  -0.0000127674  -0.0000240189  -0.0000312440   0.0000016671
 1639  -0.0000073051   0.0000085784  -0.0000025382  -0.0000090464  -0.0000001299
 1640   0.0000314561   0.0000240029   0.0000872802  -0.0000040094  -0.0000086369
 1641  -0.0000198700   0.0000032958   0.0000033588  -0.0000702525  -0.0000686641
 1642  -0.0000599264   0.0000009723   0.0000010781   0.0000057900  -0.0000042065
 1643  -0.0000077550  -0.0000080252  -0.0000187753  -0.0000151990   0.0000125958
 1644   0.0000061285  -0.0000116977  -0.0000059042  -0.0000083851  -0.0000016125
 1645   0.0000219945   0.0000505982  -0.0000051336  -0.0000091905  -0.0000138245
 1646  -0.0000098797  -0.0000132205  -0.0000095126  -0.0000024195   0.0000108248
 1647  -0.0000214759   0.0000053444  -0.0000096244  -0.0000022020
 17 1  -0.0153921096  -0.0224151544   0.0015016745   0.0119172393  -0.0173741945
 17 2   0.0007292646  -0.0000112781  -0.0003547819   0.0000046219  -0.0000228105
 17 3  -0.0000768499   0.0001437652  -0.0000622352  -0.0000864143   0.0001033510
 17 4   0.0160249328   0.0619255102  -0.0017180689   0.0000420612   0.0022190006
 17 5   0.0002379083   0.0005665650  -0.0001100020  -0.0000843205   0.0001488837
 17 6   0.0001913998   0.0001713531  -0.0001918724  -0.0000798368  -0.0000525603
 17 7  -0.0105783902  -0.0214014002   0.0009381070  -0.0002140066   0.0002216027
 17 8  -0.0002263545  -0.0003049029   0.0001441685   0.0000639849  -0.0002856522
 17 9  -0.0003567823   0.0000516469  -0.0001085855   0.0001388179  -0.0001113553
 1710  -0.0000963280  -0.0001172826   0.0001509666  -0.0000548317  -0.0002276227
 1711  -0.0000751816  -0.0000502736   0.0001391123   0.0000059324   0.0000994603
 1712   0.0001200538  -0.0000576600  -0.0000768341   0.0001800595  -0.0000653158
 1713   0.0000526669  -0.0001178247   0.0000165580  -0.0000303860  -0.0000927276
 1714   0.0001227421   0.0001571516   0.0000954649   0.0004574769  -0.0000354990
 1715  -0.0000622990   0.0001525843  -0.0003038114  -0.0017917548  -0.0051812712
 1716   0.0000003491  -0.0004298531  -0.0001622934   0.0000749685   0.0002866213
 1717  -0.0000573719  -0.0003409069   0.0000524096   0.0000758459  -0.0016605129
 1718  -0.0001183351   0.0041101677   0.0000701356   0.0002052825   0.0000137587
 1719   0.0000388986  -0.0003903233   0.0001056499   0.0002102499   0.0005044234
 1720  -0.0001248442   0.0001115183  -0.0002565767  -0.0000040434  -0.0002733070
 1721   0.0002514610   0.0003095088   0.0001266074   0.0003484111  -0.0001518094
 1722   0.0001555660  -0.0002683153  -0.0002881248  -0.0001222199  -0.0002164935
 1723   0.0000587343   0.0003816174  -0.0000229565  -0.0003989318  -0.0002437243
 1724  -0.0001927543  -0.0002159791   0.0000385271  -0.0001313988  -0.0000696707
 1725  -0.0004868214  -0.0007052528  -0.0014004172   0.0002829174   0.0003967290
 1726  -0.0000728595   0.0000910703  -0.0000227194   0.0001001684   0.0000984239
 1727   0.0000465892  -0.0001562710   0.0000303341  -0.0000141642   0.0000546010
 1728  -0.0000225593  -0.0000584817   0.0001490404  -0.0001802116   0.0000989341
 1729   0.0000525000   0.0000748473   0.0000362472   0.0000751810  -0.0000469934
 1730  -0.0001189458  -0.0000651071  -0.0000734732  -0.0001524810  -0.0003519886
 1731   0.0003323955   0.0003577489   0.0001331283  -0.0001642400  -0.0000048960
 1732  -0.0000026515   0.0001252599   0.0001771618  -0.0000818370  -0.0000851416
 1733  -0.0002011087  -0.0001406703   0.0001621045   0.0001009462   0.0001242141
 1734  -0.0000729633   0.0000519817  -0.0000017927   0.0000208061  -0.0001631103
 1735   0.0000197071  -0.0001421702  -0.0000472858   0.0000207443   0.0001985402
 1736  -0.0002353148   0.0004512763   0.0000696279  -0.0001134689  -0.0001839825
 1737   0.0000726139   0.0000619226   0.0006426211  -0.0000433258   0.0000020082
 1738  -0.0000270214   0.0000210644   0.0000432681   0.0001333206  -0.0000197980
 1739   0.0000155949   0.0000253581  -0.0000014630   0.0000305510   0.0000058666
 1740  -0.0000052459   0.0000263486   0.0000264475   0.0000052927   0.0000013250
 1741  -0.0000054060  -0.0000030505  -0.0000144296   0.0000301352  -0.0000233574
 1742  -0.0000096435  -0.0000436350  -0.0000003011  -0.0000120138   0.0000230151
 1743   0.0000055048  -0.0000018390   0.0000183537   0.0000195681  -0.0000056238
 1744   0.0000041250   0.0000137593  -0.0000017198  -0.0000006514   0.0000170551
 1745   0.0000032977   0.0000218695  -0.0000009237   0.0000192862   0.0000028170
 1746   0.0000014212   0.0000373138  -0.0000248548  -0.0000079627   0.0000266800
 1747  -0.0000464381  -0.0000195253   0.0000166998   0.0000106472
 18 1  -0.0005013647  -0.0007817008   0.0010177749   0.0008603296  -0.0016341582
 18 2   0.0019734919   0.0004247169  -0.0002623252  -0.0000743987  -0.0006351013
 18 3  -0.0001177727  -0.0000127639  -0.0002107522   0.0002902274  -0.0003578806
 18 4  -0.0048883658  -0.0017180689   0.0142926259  -0.0015874660  -0.0001905666
 18 5   0.0008740760  -0.0001986867  -0.0003168431  -0.0000983279   0.0001876935
 18 6  -0.0001430137   0.0001661807  -0.0000522436   0.0003196024  -0.0002400180
 18 7   0.0003801432   0.0018261663   0.0000089744   0.0000899190  -0.0000056961
 18 8   0.0001632675  -0.0001868056   0.0005103282  -0.0000523863   0.0003662451
 18 9   0.0003421983  -0.0001922732  -0.0003577335  -0.0000540992  -0.0002264519
 1810  -0.0002756713  -0.0001015082  -0.0002044915   0.0002453585  -0.0001100793
 1811  -0.0001790208   0.0001800017   0.0000003201   0.0000263609  -0.0003639595
 1812  -0.0001431283   0.0000955640   0.0001000314   0.0001671367  -0.0002892069
 1813  -0.0000535206   0.0000732213  -0.0007212318   0.0002922432   0.0001991817
 1814   0.0004660869  -0.0000267630   0.0001879270   0.0002739835  -0.0000791142
 1815   0.0001598550  -0.0001191656  -0.0014187740  -0.0016378167  -0.0040331098
 1816   0.0006402891  -0.0001151515  -0.0003524584  -0.0001564391   0.0000029262
 1817   0.0002447262  -0.0000893832  -0.0004175648   0.0000878081   0.0056014656
 1818   0.0046660408  -0.0125354488   0.0003451851  -0.0001662593   0.0000463768
 1819   0.0000146230  -0.0004551650   0.0000560647   0.0008237291   0.0005483882
 1820  -0.0001431270   0.0000181635   0.0000229778  -0.0001189829  -0.0005095751
 1821   0.0005368521   0.0003565302   0.0004687388   0.0000777228   0.0003890177
 1822   0.0000375886  -0.0007720824  -0.0000752819  -0.0000751904   0.0001217397
 1823   0.0003047568  -0.0000146734  -0.0004492859   0.0002037108  -0.0000299356
 1824  -0.0001404781   0.0002000916   0.0003084797   0.0000679422   0.0002962010
 1825  -0.0012015809  -0.0026190397  -0.0034668482   0.0008449655   0.0007934840
 1826  -0.0001837580   0.0001095991  -0.0001006203   0.0001832271  -0.0000705801
 1827   0.0001612613   0.0001620114  -0.0001606474   0.0000065877  -0.0000981468
 1828   0.0001279634  -0.0006117531   0.0002139852  -0.0011952286   0.0005386402
 1829   0.0000415233   0.0007581601   0.0002306419   0.0002563536  -0.0002736423
 1830   0.0001256808  -0.0004146621   0.0008761317  -0.0004984300  -0.0000968734
 1831  -0.0003350490  -0.0002359358  -0.0001124290  -0.0000043140  -0.0001219346
 1832  -0.0002421999   0.0001831981   0.0003276175   0.0001007339  -0.0002276069
 1833  -0.0002456023   0.0001672986   0.0003940635   0.0002403862  -0.0000974420
 1834  -0.0001140698   0.0000964265   0.0000042018  -0.0000218938  -0.0001184402
 1835   0.0000496657   0.0001245399  -0.0001172779   0.0001392107   0.0002612495
 1836  -0.0000232213  -0.0003287751  -0.0002155442   0.0002243005  -0.0000511764
 1837   0.0004281150   0.0011413113   0.0016628577  -0.0000136118   0.0001959698
 1838   0.0002430525   0.0000732869   0.0000564565   0.0001578491  -0.0000091657
 1839   0.0000286041  -0.0000092824   0.0000116627   0.0001032407   0.0000278887
 1840  -0.0000060937   0.0000286425   0.0000550640  -0.0000124750  -0.0000013483
 1841   0.0000535595   0.0000250361  -0.0000161690  -0.0000267709  -0.0000187594
 1842   0.0000069820   0.0000881193  -0.0000267559   0.0000003693   0.0000363665
 1843   0.0000104645   0.0000014144   0.0000156862   0.0000074294  -0.0000367915
 1844   0.0000071354   0.0000089355   0.0000040846   0.0000077775  -0.0000302459
 1845  -0.0000276679  -0.0000309702   0.0000175556  -0.0000008827   0.0000172043
 1846   0.0000031621   0.0000211217   0.0000141734  -0.0000150837   0.0000425671
 1847  -0.0000474856   0.0000134038   0.0000113333  -0.0000157700
 19 1  -0.0010525425  -0.0004305915  -0.0006496932  -0.0050215199  -0.0130477083
 19 2  -0.0008595230  -0.0041415901   0.0089576887   0.0005359994  -0.0004615003
 19 3   0.0001658271  -0.0001369358  -0.0001307896   0.0000072513  -0.0000542184
 19 4  -0.0256986083   0.0000420612  -0.0015874660   0.0675150296   0.0044794955
 19 5   0.0013583664  -0.0217582289   0.0001806444   0.0006308995  -0.0001382380
 19 6   0.0002532052   0.0000832497  -0.0000084801   0.0000344800  -0.0000218297
 19 7  -0.0036242572   0.0092976420  -0.0007568039  -0.0042583550  -0.0097210226
 19 8   0.0003269898  -0.0002480189  -0.0002070502  -0.0002576858   0.0000712087
 19 9   0.0000750537  -0.0001664152  -0.0000619768   0.0002899059  -0.0000665195
 1910  -0.0001960639  -0.0000500843  -0.0001980417   0.0005116241  -0.0000018926
 1911   0.0001416157  -0.0001455839  -0.0000045981  -0.0000500978   0.0000991534
 1912  -0.0000160971  -0.0001533847   0.0001718839   0.0003938642  -0.0000327877
 1913  -0.0000984175  -0.0002511243   0.0000676970   0.0000575659  -0.0000135612
 1914   0.0000258463   0.0000127982  -0.0002570594  -0.0002144506   0.0005770563
 1915  -0.0000778652  -0.0000666413  -0.0010435200  -0.0001454364   0.0004377755
 1916   0.0011490637  -0.0000070338   0.0005817378  -0.0004181987   0.0001621378
 1917   0.0005563554  -0.0000714080  -0.0001235288  -0.0000706551  -0.0001199094
 1918   0.0007101933  -0.0021376441  -0.0002569749  -0.0004273113   0.0019598552
 1919  -0.0002353655  -0.0001134618   0.0004326219  -0.0002882691   0.0000456077
 1920   0.0002932866  -0.0000103053   0.0000340807  -0.0000453133  -0.0000775404
 1921  -0.0000427607   0.0003898361  -0.0000009832   0.0000574134   0.0000510345
 1922   0.0000918734   0.0002821257   0.0001034170  -0.0001694323  -0.0000748245
 1923  -0.0000205686  -0.0000782688  -0.0003488959   0.0002536634   0.0002183741
 1924  -0.0000770554   0.0001329348   0.0000156149  -0.0000110523   0.0003385253
 1925  -0.0003159300  -0.0000830194  -0.0000136518   0.0001305386  -0.0000322042
 1926   0.0000104277  -0.0000085460  -0.0000901260   0.0000085199  -0.0001790614
 1927   0.0000862440  -0.0003331203  -0.0002073063   0.0001001915  -0.0000683438
 1928   0.0002339480   0.0002698011  -0.0001325476  -0.0005498990  -0.0003715294
 1929  -0.0006183632  -0.0003580310   0.0003709929   0.0001581227   0.0007792552
 1930  -0.0006812410  -0.0003192759   0.0004908212   0.0000202949   0.0001923740
 1931  -0.0003394307  -0.0002522401  -0.0000016697   0.0000722103  -0.0000219553
 1932  -0.0001258418  -0.0000040372  -0.0000184515   0.0000411873  -0.0000613761
 1933   0.0000576826   0.0000698867   0.0000398054   0.0000219646  -0.0000584267
 1934  -0.0000106607   0.0000488047  -0.0000039710   0.0000166986   0.0000012691
 1935   0.0000091084   0.0001431764  -0.0000108163   0.0000554798  -0.0000779470
 1936   0.0001352724  -0.0002732551  -0.0000170637   0.0000833990   0.0001010832
 1937  -0.0003063435   0.0000524137   0.0004531306  -0.0000128037   0.0000466997
 1938   0.0000122799   0.0000186235   0.0000431021   0.0000909202  -0.0000078615
 1939  -0.0000021054   0.0000166709   0.0000023879   0.0000023982  -0.0000296662
 1940   0.0000361652  -0.0000013719  -0.0000559696   0.0000147445   0.0000039546
 1941   0.0000460480  -0.0001179197  -0.0000919888  -0.0002298739  -0.0000510324
 1942   0.0003390955  -0.0001204615  -0.0000210413   0.0000031219   0.0000153996
 1943   0.0000092242  -0.0000028273   0.0000012777   0.0000005014  -0.0000188639
 1944  -0.0000090060  -0.0000035481   0.0000024996   0.0000010744  -0.0000107033
 1945  -0.0000312332  -0.0000200611  -0.0000033012   0.0000030436  -0.0000144277
 1946  -0.0000108721  -0.0000094600   0.0000044905   0.0000033243   0.0000116696
 1947  -0.0000090229   0.0000063918  -0.0000031439  -0.0000055579
 20 1  -0.0003601188  -0.0005560269  -0.0003794050  -0.0128558461  -0.0197279441
 20 2  -0.0013020190   0.0090593759  -0.0137878231  -0.0008345640  -0.0001850577
 20 3  -0.0002638625  -0.0001678008  -0.0001864659   0.0001138470   0.0001272134
 20 4   0.0001847652   0.0022190006  -0.0001905666   0.0044794955   0.0643778130
 20 5  -0.0006298203   0.0008909897   0.0010719809  -0.0002508602   0.0003500373
 20 6   0.0003067343   0.0001061719  -0.0000182845   0.0000310291  -0.0002007782
 20 7   0.0090383193  -0.0155532081   0.0015349648  -0.0101856364  -0.0169003480
 20 8   0.0017465451  -0.0002870126   0.0001492829  -0.0001903012  -0.0000119906
 20 9  -0.0000459301  -0.0000229886  -0.0003160059   0.0001411704  -0.0002152544
 2010   0.0003587062  -0.0001498835   0.0000742455  -0.0001029217  -0.0002471104
 2011   0.0000197401  -0.0000081761  -0.0000700716   0.0000639624  -0.0000306559
 2012   0.0000057510  -0.0001381300  -0.0001158408   0.0003603573  -0.0001068826
 2013  -0.0001114604  -0.0000704602  -0.0000830400  -0.0000012462  -0.0000227996
 2014   0.0002849597   0.0001000326   0.0000300229   0.0001655691   0.0003923197
 2015   0.0001657215  -0.0000852727  -0.0003451782  -0.0006113009   0.0001154214
 2016   0.0000316516  -0.0002877287  -0.0021959795   0.0002776900  -0.0004223970
 2017  -0.0002106967  -0.0000764240   0.0000337107  -0.0000812700   0.0005269679
 2018   0.0006135412   0.0015179646  -0.0005133816   0.0004628613   0.0010819245
 2019   0.0000069518   0.0001881795   0.0001236375  -0.0000764001  -0.0000807311
 2020   0.0002275202   0.0000341824  -0.0005943588   0.0004447333  -0.0001610184
 2021  -0.0001260374   0.0002420060  -0.0001667041   0.0000760818  -0.0000514944
 2022   0.0001994040   0.0000351520   0.0000235566  -0.0001029790   0.0001067255
 2023  -0.0001781429  -0.0002848798  -0.0003289727   0.0000392051   0.0003081964
 2024  -0.0003445609   0.0001279515   0.0000932603  -0.0000173129   0.0001643413
 2025  -0.0000412569  -0.0002042053  -0.0001312467   0.0000073915   0.0001852103
 2026  -0.0002206553  -0.0000563543   0.0000018314   0.0001469325   0.0001228428
 2027  -0.0008943975  -0.0006457317  -0.0001155531   0.0000058584  -0.0004281179
 2028   0.0003943119   0.0000367444  -0.0000089464   0.0002180391   0.0001574685
 2029  -0.0002220495  -0.0008293750  -0.0002803714   0.0000011534   0.0007524267
 2030   0.0003337787   0.0007451449  -0.0002489248  -0.0000118865  -0.0000035068
 2031   0.0001530445   0.0001322438  -0.0000170399  -0.0000276157  -0.0000304805
 2032  -0.0000348921   0.0000192328  -0.0000026954  -0.0000254325  -0.0000898598
 2033   0.0000409341   0.0000253481  -0.0000330782  -0.0000190820  -0.0001296753
 2034   0.0000225144  -0.0000057325  -0.0000296760  -0.0000191190   0.0000469957
 2035   0.0000157424  -0.0000144798  -0.0000604655   0.0000968673   0.0000357225
 2036   0.0000321377   0.0001337093   0.0000783868   0.0000071856   0.0000062825
 2037  -0.0002140174   0.0000128361   0.0001276065  -0.0000003134  -0.0000019168
 2038   0.0000127275  -0.0000141761  -0.0000088044  -0.0000181285   0.0000056438
 2039   0.0000074202  -0.0000063894  -0.0000025247   0.0000186408  -0.0000032796
 2040   0.0000237624   0.0000538838   0.0000019532   0.0000226337   0.0000120008
 2041   0.0000514576   0.0000910715   0.0000207293   0.0000998349  -0.0001048850
 2042   0.0001896711  -0.0003375016   0.0000042612  -0.0000046407   0.0000025995
 2043  -0.0000004483  -0.0000083854   0.0000058202   0.0000156853  -0.0000083676
 2044  -0.0000023655   0.0000006033   0.0000027110   0.0000135531   0.0000039521
 2045  -0.0000243988   0.0000396867  -0.0000005156   0.0000113854  -0.0000028530
 2046   0.0000090980  -0.0000055905   0.0000076912   0.0000141657  -0.0000134785
 2047   0.0000170235  -0.0000109542  -0.0000048623  -0.0000000136
 21 1  -0.0001470918  -0.0000353130   0.0002397030  -0.0019980161  -0.0034748348
 21 2   0.0006620541   0.0018300041  -0.0027953277   0.0003306280   0.0001020297
 21 3  -0.0002680345   0.0002585358  -0.0001042530  -0.0001297824  -0.0000802447
 21 4  -0.0037508487   0.0002379083   0.0008740760   0.0013583664  -0.0006298203
 21 5   0.0069635789   0.0023978107  -0.0000972961   0.0009826475  -0.0000158879
 21 6   0.0000213273   0.0000598194   0.0000550536  -0.0000775284   0.0000053691
 21 7  -0.0016669424   0.0029670565   0.0001737276   0.0011398244   0.0026967820
 21 8   0.0009549051   0.0001386701  -0.0000869111  -0.0000381609   0.0002038178
 21 9   0.0001832761  -0.0000017183  -0.0001106900  -0.0000418904   0.0000040095
 2110  -0.0000327079   0.0003466476   0.0001304069  -0.0000020389  -0.0000021210
 2111  -0.0000008440   0.0002576734   0.0000827636   0.0000997759  -0.0003214367
 2112  -0.0001724992   0.0001243897  -0.0000524458  -0.0000363156  -0.0000983629
 2113  -0.0002162099  -0.0000401311  -0.0000382404   0.0000620654   0.0000742269
 2114  -0.0000272625  -0.0001398694  -0.0000755222   0.0000398033  -0.0000348740
 2115  -0.0000443407  -0.0001073561  -0.0002926219  -0.0003142477  -0.0006211093
 2116  -0.0002933321  -0.0013851875  -0.0016205455   0.0008492525  -0.0001430053
 2117  -0.0003485677  -0.0000986672  -0.0000657087  -0.0000977720  -0.0018841471
 2118   0.0006406656  -0.0024595761   0.0019972625   0.0009643754  -0.0030619169
 2119   0.0004030760  -0.0000323439  -0.0002708194  -0.0000262116   0.0000414330
 2120   0.0000384545   0.0001339823   0.0009320481  -0.0002631779   0.0002757282
 2121   0.0003884431  -0.0000732056  -0.0000293632  -0.0001377049  -0.0003013527
 2122  -0.0001703634  -0.0000946646   0.0000591202  -0.0001352545   0.0000046114
 2123   0.0000325979  -0.0000279808   0.0000335570   0.0001577002  -0.0000350728
 2124  -0.0000210549   0.0000976394   0.0002099748   0.0001703285  -0.0000342407
 2125  -0.0000666989  -0.0000709156  -0.0002341123   0.0002275255   0.0002570627
 2126  -0.0001070497  -0.0001847244  -0.0001695400   0.0002336482   0.0006397102
 2127  -0.0021111595  -0.0005468206   0.0001655722   0.0002635579  -0.0003773306
 2128   0.0001287661   0.0005388901  -0.0001523423   0.0001196585  -0.0002072591
 2129  -0.0005633979  -0.0045544985   0.0017667664  -0.0002621278   0.0036723764
 2130  -0.0006059769   0.0013683894  -0.0000193707   0.0004903965   0.0000137066
 2131  -0.0000295181  -0.0002579880   0.0000408672   0.0001240465  -0.0000263478
 2132   0.0001124367  -0.0001956957  -0.0003436613  -0.0000187183   0.0000977871
 2133   0.0003434829  -0.0000155038  -0.0003834912  -0.0002831308   0.0000497247
 2134   0.0000364167  -0.0000012549   0.0000341589  -0.0000485608   0.0002237240
 2135  -0.0000487735   0.0001514830  -0.0000096537   0.0000435788  -0.0003637726
 2136   0.0005463930  -0.0001694673   0.0002703988  -0.0002107303   0.0003865224
 2137  -0.0001147659   0.0000154374   0.0001169656  -0.0000179199  -0.0000072186
 2138  -0.0000866293  -0.0000121509   0.0000340424   0.0000028219  -0.0000047651
 2139   0.0000391731   0.0000102100  -0.0000069081   0.0000031623  -0.0000670589
 2140   0.0000760306   0.0000440312  -0.0001706679   0.0000952716   0.0000865859
 2141   0.0000174323  -0.0001234403   0.0000142629  -0.0005399545   0.0004364627
 2142   0.0001603815  -0.0018046822   0.0000084852   0.0000022984  -0.0000186936
 2143  -0.0000105721  -0.0000018644  -0.0000045846   0.0000018409   0.0000226316
 2144  -0.0000306921  -0.0000093345   0.0000041028   0.0000020057  -0.0000372729
 2145  -0.0000063583  -0.0000552333  -0.0000018597  -0.0000120540   0.0000074704
 2146   0.0000456298  -0.0000362523   0.0000291218   0.0000557604  -0.0000644477
 2147   0.0000775665   0.0000038330  -0.0000144343  -0.0000172552
 22 1   0.0003813170  -0.0000701605  -0.0001640065  -0.0001074982  -0.0002577528
 22 2  -0.0000358446  -0.0035956649  -0.0100034876   0.0000440568  -0.0050813431
 22 3   0.0110941729  -0.0006524622  -0.0007004856   0.0000767079   0.0001109387
 22 4  -0.0003706085   0.0005665650  -0.0001986867  -0.0217582289   0.0008909897
 22 5   0.0023978107   0.0640530071  -0.0027007457  -0.0018654156  -0.0175059122
 22 6   0.0005493094  -0.0010478246   0.0000418791   0.0003555333   0.0001818555
 22 7  -0.0005639354   0.0004049277  -0.0003999953  -0.0055875771   0.0103204461
 22 8   0.0010267353  -0.0046189656  -0.0110817996  -0.0002330758  -0.0001362554
 22 9  -0.0004166057   0.0000401845   0.0000565650  -0.0001030844  -0.0000066383
 2210  -0.0001546095  -0.0001119003   0.0002066604  -0.0003269534   0.0000254550
 2211  -0.0002434395   0.0002524561  -0.0000933994   0.0000620476   0.0000804415
 2212  -0.0000213409   0.0001742123  -0.0000471093  -0.0003502967   0.0001159202
 2213  -0.0003131835   0.0002133805  -0.0000988946   0.0000038815  -0.0000340037
 2214  -0.0003153036   0.0001563185  -0.0001776447   0.0000562121  -0.0003896276
 2215   0.0001144429  -0.0002036000  -0.0001482132   0.0001870686   0.0000125256
 2216  -0.0002409090  -0.0003201232  -0.0003873858   0.0013082563  -0.0000928065
 2217   0.0004682701  -0.0002788132   0.0000805218   0.0004084512  -0.0007390798
 2218   0.0001954138   0.0002251409  -0.0016984252   0.0012306394  -0.0047073830
 2219  -0.0016094634  -0.0013421045   0.0045767991  -0.0002670325  -0.0004281663
 2220   0.0002408262  -0.0005269005   0.0005614044   0.0002155760   0.0003942819
 2221   0.0000547452  -0.0000924116  -0.0002448675  -0.0002948389  -0.0000738795
 2222   0.0000175177   0.0001700051   0.0002745425   0.0002801010   0.0000517873
 2223   0.0001365890  -0.0002057296   0.0000014357   0.0001750783   0.0000436734
 2224  -0.0001095093   0.0000042329   0.0000821513   0.0003290869  -0.0001792189
 2225   0.0001942055   0.0003819332   0.0001989639   0.0000990073   0.0000641212
 2226   0.0006460762  -0.0001660250  -0.0003310110   0.0002772374  -0.0005890482
 2227  -0.0007203533  -0.0001671903   0.0007052845   0.0000502614  -0.0001782132
 2228  -0.0004677952   0.0009060586  -0.0000713566   0.0020516945  -0.0005730089
 2229   0.0001641828  -0.0005999380  -0.0004403478  -0.0008406390  -0.0003003503
 2230   0.0004285068   0.0007365225  -0.0011455050   0.0007389565   0.0000208389
 2231   0.0001418792  -0.0001849329  -0.0004068291   0.0000816411   0.0001038275
 2232   0.0002285333  -0.0000792076  -0.0002532007  -0.0000655520   0.0003341874
 2233   0.0000984468  -0.0002397636  -0.0001480714  -0.0001599830   0.0004357424
 2234  -0.0001053901   0.0002346521   0.0000561515   0.0000029745   0.0000593141
 2235  -0.0000327721  -0.0000993584   0.0000882468  -0.0000278132  -0.0000022914
 2236   0.0002881063  -0.0002428096  -0.0001720603  -0.0001084443   0.0003539376
 2237   0.0000284984  -0.0001182844  -0.0003642640   0.0000387162   0.0000052584
 2238  -0.0000921502   0.0000195883  -0.0000011827  -0.0000242758   0.0000081874
 2239  -0.0000073623   0.0000063416  -0.0000066174  -0.0000385665  -0.0001048714
 2240   0.0001181445   0.0000414360  -0.0004023949  -0.0000009733   0.0000090048
 2241  -0.0000064446   0.0001163186   0.0001195528   0.0002344806  -0.0000107603
 2242   0.0000129065  -0.0000682316   0.0000510604  -0.0000102560   0.0000030948
 2243  -0.0000158970   0.0000163696   0.0000177956  -0.0000120510  -0.0000178770
 2244  -0.0000743637  -0.0000090501   0.0000148334   0.0000108959  -0.0000485884
 2245  -0.0001023024  -0.0001995642  -0.0000052208  -0.0000068016  -0.0000059613
 2246   0.0000197791  -0.0000213106   0.0000022152   0.0000152318  -0.0000301000
 2247  -0.0000182113   0.0000233452  -0.0000007356  -0.0000085384
 23 1  -0.0000669826  -0.0001440058   0.0000303436  -0.0002527741   0.0000276330
 23 2   0.0001402832  -0.0090752207  -0.0166310353   0.0008372846   0.0099001193
 23 3  -0.0168911160   0.0008970459   0.0001004723  -0.0000638076  -0.0005743541
 23 4   0.0001006545  -0.0001100020  -0.0003168431   0.0001806444   0.0010719809
 23 5  -0.0000972961  -0.0027007457   0.0682735100  -0.0007470291   0.0001861627
 23 6   0.0014756966   0.0003471581  -0.0001161776   0.0004272027  -0.0002337822
 23 7  -0.0000095900   0.0000512950   0.0000936646   0.0118975265  -0.0184612893
 23 8  -0.0006161609  -0.0110911206  -0.0164752841  -0.0006174586   0.0002416164
 23 9   0.0000173114  -0.0002822460  -0.0001496661   0.0001012024  -0.0001750211
 2310  -0.0002720697  -0.0002817193  -0.0002686984  -0.0000587894  -0.0005503565
 2311  -0.0002640344   0.0000178413  -0.0002743104  -0.0000061751  -0.0001180798
 2312  -0.0000489116  -0.0000282422   0.0000169508   0.0001188006  -0.0000043603
 2313   0.0003423276   0.0001059509  -0.0008049697  -0.0001189909   0.0000852747
 2314   0.0005077975   0.0002492810  -0.0000246645   0.0001600672   0.0002041638
 2315   0.0003109330  -0.0001033981  -0.0001754708   0.0004056410   0.0000511978
 2316  -0.0002142301  -0.0000111978  -0.0004206796  -0.0002263674  -0.0020094301
 2317  -0.0047015613   0.0003344741  -0.0005454622  -0.0002810030  -0.0002104898
 2318   0.0001624991  -0.0001104647   0.0018808793   0.0005515611   0.0035208362
 2319  -0.0018092458  -0.0000068743   0.0031728238   0.0005607311   0.0006403978
 2320  -0.0000653252   0.0000534212  -0.0005684614   0.0000963271  -0.0005257438
 2321  -0.0001151884   0.0011601576   0.0005081753  -0.0000571815   0.0005663291
 2322   0.0000257471  -0.0007154879  -0.0001054494   0.0001309196   0.0002774154
 2323   0.0000973064  -0.0000770833  -0.0001341243  -0.0001489430  -0.0001763848
 2324  -0.0000118615   0.0001281726  -0.0000773735   0.0000617778   0.0004551301
 2325  -0.0000278703  -0.0001975008  -0.0001345659  -0.0003321379   0.0000843022
 2326  -0.0004698842   0.0001834336   0.0002324574  -0.0002459255   0.0003353788
 2327  -0.0003471753   0.0001841536  -0.0003849210   0.0000880353  -0.0002355218
 2328   0.0001084828  -0.0013132596  -0.0000287150  -0.0008978333   0.0008162172
 2329   0.0002562610   0.0006845222   0.0003030674   0.0000835308  -0.0002043129
 2330   0.0003728701  -0.0001294775   0.0002772675  -0.0001698990  -0.0009661391
 2331   0.0001750328  -0.0000089335  -0.0000932488  -0.0001098153  -0.0001718794
 2332  -0.0003654199   0.0002962413   0.0007558261   0.0002470073  -0.0005890737
 2333  -0.0005383020   0.0005230900   0.0007019575   0.0003735774  -0.0004195042
 2334  -0.0001564195   0.0000685659  -0.0000215676  -0.0000455502  -0.0001326641
 2335  -0.0000025900   0.0004263799  -0.0001505068   0.0002685192   0.0001875812
 2336  -0.0001894342  -0.0001491361   0.0000848176  -0.0001274299  -0.0006673216
 2337  -0.0000299066   0.0001005681   0.0002664065  -0.0000244828  -0.0000334106
 2338   0.0000771988  -0.0000196714   0.0000045317   0.0000045214  -0.0000072156
 2339   0.0000207798  -0.0000216074  -0.0000007627   0.0000371880   0.0001398757
 2340  -0.0001621428  -0.0000606263   0.0003282968  -0.0000197786  -0.0000109157
 2341   0.0000661561   0.0000893298   0.0000649824  -0.0000053338  -0.0000074525
 2342   0.0000131104   0.0000050484  -0.0000617603   0.0000009191   0.0000382390
 2343   0.0000201007  -0.0000018156  -0.0000150414   0.0000169213  -0.0000555095
 2344   0.0000437735   0.0000194303  -0.0000059313  -0.0000042807   0.0000618360
 2345  -0.0000108484   0.0000520339   0.0000215287   0.0000114209   0.0000148209
 2346  -0.0000169099   0.0000421458   0.0000367311  -0.0000045238   0.0000726854
 2347   0.0000481691   0.0000027876   0.0000284801   0.0000030177
 24 1  -0.0001307119  -0.0001754439   0.0001482219  -0.0001572028  -0.0000303809
 24 2   0.0001803276  -0.0007994225  -0.0015660048   0.0010957516   0.0010014847
 24 3  -0.0015324781   0.0011126164   0.0000030146  -0.0001698179   0.0001783216
 24 4   0.0000245011  -0.0000843205  -0.0000983279   0.0006308995  -0.0002508602
 24 5   0.0009826475  -0.0018654156  -0.0007470291   0.0134642767   0.0011191914
 24 6   0.0005853789   0.0016007877  -0.0001102116  -0.0001688753  -0.0000486312
 24 7   0.0000687902   0.0000154543  -0.0001149234  -0.0002385641   0.0011178515
 24 8   0.0017690203   0.0008434096   0.0009704840   0.0020328346   0.0000380645
 24 9   0.0001186651  -0.0001709280  -0.0000182816   0.0002168024  -0.0002025692
 2410   0.0002107325   0.0000829584   0.0001070389   0.0000229006   0.0001658336
 2411  -0.0001022171  -0.0000608279  -0.0002711800   0.0002922538  -0.0001471901
 2412  -0.0000602332   0.0000382069  -0.0001180809   0.0000250388  -0.0001861090
 2413  -0.0001695255  -0.0000622996  -0.0001427708   0.0001823959   0.0001744893
 2414  -0.0001389964  -0.0001794258   0.0000088811   0.0000393662   0.0001012519
 2415  -0.0000110406  -0.0002511590   0.0001884060   0.0001662756   0.0000937762
 2416  -0.0004342861   0.0000865262   0.0001412933  -0.0002450342  -0.0041523080
 2417  -0.0044613785   0.0007238480  -0.0002353872  -0.0000473293  -0.0001243202
 2418   0.0000935596  -0.0001716151  -0.0056323091   0.0029582456  -0.0073373106
 2419   0.0052184142   0.0026445197  -0.0062944616   0.0000146229  -0.0000350376
 2420  -0.0000594968  -0.0003951168   0.0001479814  -0.0004011635  -0.0000124612
 2421   0.0009584508   0.0000247421   0.0001567836   0.0001443625  -0.0003266655
 2422   0.0001060055  -0.0000165919   0.0000671849  -0.0000640373  -0.0001368122
 2423   0.0000030256  -0.0001352886  -0.0002460472   0.0001338094   0.0000097846
 2424  -0.0001901408   0.0001715830   0.0003392557   0.0001516559  -0.0000066719
 2425  -0.0000427289  -0.0000093410   0.0000107229   0.0001815033  -0.0000079460
 2426   0.0001561631  -0.0000892497  -0.0000767656   0.0000772892   0.0000280136
 2427   0.0008719367  -0.0001777390  -0.0004500363   0.0003074589  -0.0002810648
 2428   0.0003831807  -0.0007026530  -0.0008791435   0.0002943095  -0.0010484317
 2429  -0.0001976169   0.0005194460   0.0005706183   0.0001922730   0.0007950118
 2430  -0.0009546912  -0.0007083719  -0.0011937676   0.0004851986  -0.0004554373
 2431  -0.0009480268  -0.0003916360  -0.0004061260   0.0005368747  -0.0001475202
 2432  -0.0000795083  -0.0001574831  -0.0002845447   0.0000477097   0.0000647155
 2433   0.0003874312   0.0001020370  -0.0003961448  -0.0001310544  -0.0000129752
 2434   0.0001053570  -0.0000747827  -0.0000380283   0.0000143420   0.0000578980
 2435   0.0000519807   0.0000710437   0.0000554600   0.0001172071  -0.0001809459
 2436   0.0006434865  -0.0003464900   0.0002587696  -0.0001815467   0.0001851980
 2437  -0.0000078234   0.0000011665  -0.0000118865  -0.0000059877   0.0000156658
 2438  -0.0000259651   0.0000021994  -0.0000039977  -0.0000035475  -0.0000016825
 2439  -0.0000055248   0.0000054867   0.0000137172  -0.0000231110  -0.0000332941
 2440   0.0000825375   0.0000088046  -0.0001142499  -0.0000419596   0.0000100033
 2441   0.0000756685   0.0002143719   0.0000479446  -0.0004126743  -0.0000388606
 2442  -0.0000156705   0.0000842732   0.0000002909  -0.0000350541   0.0000160494
 2443  -0.0000123979  -0.0000191949  -0.0000195024   0.0000015900   0.0000226555
 2444  -0.0000121081  -0.0000117389  -0.0000026592  -0.0000046674   0.0000082681
 2445   0.0000031970   0.0000484052  -0.0000054152  -0.0000107010  -0.0000013106
 2446   0.0000178374  -0.0000372718  -0.0000032003   0.0000016764  -0.0000186493
 2447  -0.0000698477   0.0000231494   0.0000026963   0.0000099300
 25 1   0.0002699013  -0.0001924244   0.0004759264  -0.0002992758  -0.0000223934
 25 2   0.0000177073  -0.0003531467  -0.0001917679   0.0003098124  -0.0042067251
 25 3  -0.0105411492   0.0007643202  -0.0052645911   0.0123516758   0.0000684182
 25 4  -0.0001414694   0.0001488837   0.0001876935  -0.0001382380   0.0003500373
 25 5  -0.0000158879  -0.0175059122   0.0001861627   0.0011191914   0.0622374429
 25 6  -0.0026569254   0.0014629586  -0.0212245459   0.0003888365  -0.0012615229
 25 7   0.0000740204  -0.0003051405   0.0003173683  -0.0002479545   0.0002850928
 25 8  -0.0000221547  -0.0048333473   0.0108409220   0.0007480090  -0.0038679504
 25 9  -0.0103130667  -0.0008102421  -0.0000674218  -0.0010937143   0.0000079051
 2510   0.0000841456   0.0001016925   0.0000193491   0.0002103974   0.0000385169
 2511   0.0001138515  -0.0005958338  -0.0001141591   0.0001463867   0.0003849626
 2512  -0.0000783964  -0.0002431279   0.0000240339   0.0000951733   0.0002435725
 2513   0.0002441156  -0.0000882757   0.0002034106  -0.0000664734  -0.0000641278
 2514   0.0004510871  -0.0000864454   0.0003364159  -0.0001628675  -0.0002759399
 2515   0.0000608227   0.0003131705   0.0005066535  -0.0002008303  -0.0003518097
 2516  -0.0001838943   0.0000056344  -0.0002705903  -0.0001898177   0.0000058628
 2517  -0.0007118313   0.0009396995   0.0001003820   0.0001572951   0.0002777094
 2518   0.0000930528  -0.0002189325  -0.0008598529   0.0006083667  -0.0002661470
 2519  -0.0019880283   0.0020814672  -0.0066307904  -0.0021688083  -0.0015202187
 2520   0.0058382343   0.0005098411  -0.0004515616  -0.0004336749  -0.0003571640
 2521   0.0002979689  -0.0003233409  -0.0000400022   0.0001653004  -0.0000343955
 2522  -0.0000333215  -0.0000907205  -0.0001129484  -0.0001475331  -0.0001306892
 2523  -0.0001208636   0.0002602608  -0.0000064188  -0.0004723528  -0.0001069544
 2524   0.0000983525  -0.0001719602  -0.0003761037  -0.0005042709  -0.0002079608
 2525   0.0001504489   0.0000869500   0.0000022307  -0.0004551559   0.0000824219
 2526  -0.0001662039   0.0000633163   0.0000263658  -0.0001079856   0.0004347320
 2527  -0.0002700999   0.0002225203  -0.0002015629  -0.0001226060   0.0002678343
 2528  -0.0000815298  -0.0003385073   0.0000198831  -0.0003668212   0.0002629566
 2529   0.0001190400   0.0003523871   0.0000641334  -0.0001476711  -0.0002159748
 2530   0.0004278279   0.0000622994  -0.0002852455  -0.0004020298  -0.0001585631
 2531   0.0004379085   0.0002275483   0.0004867643  -0.0003089829   0.0002945666
 2532  -0.0000978884  -0.0000882538  -0.0003294342  -0.0006631245   0.0003243310
 2533  -0.0000280673  -0.0003414813   0.0000419084  -0.0000680240   0.0001324660
 2534   0.0000090414   0.0000304608   0.0000918708  -0.0000600786   0.0000681019
 2535  -0.0000965833  -0.0002496871   0.0001085065  -0.0000823890  -0.0000784508
 2536  -0.0000276998   0.0001672080   0.0001865842  -0.0001397099  -0.0001720349
 2537  -0.0000487640  -0.0000393180  -0.0000106436  -0.0000050114  -0.0000340974
 2538   0.0000093085  -0.0000106519  -0.0000016818  -0.0000023881  -0.0000082311
 2539   0.0000119155   0.0000013955   0.0000069538   0.0000211567   0.0000344673
 2540  -0.0000514265   0.0000307463   0.0001400473   0.0000118121  -0.0000019376
 2541  -0.0000106541   0.0000120841  -0.0000414495   0.0000123403  -0.0000137454
 2542  -0.0000098760   0.0000035960   0.0001124702  -0.0000561038   0.0000335943
 2543   0.0000683031   0.0000208069   0.0000892112  -0.0000095170   0.0000200488
 2544   0.0000052958  -0.0000024518   0.0000111262   0.0000084477  -0.0000401126
 2545   0.0000099584  -0.0001046024  -0.0000057180  -0.0000002643  -0.0000130120
 2546  -0.0000148304   0.0000341219  -0.0000006629   0.0000172870   0.0000124105
 2547   0.0001236346  -0.0000237980  -0.0000155933   0.0000201663
 26 1   0.0002380291   0.0000224772   0.0001224138   0.0000940012  -0.0002444450
 26 2  -0.0000309021  -0.0002256484  -0.0000357976   0.0001294421  -0.0103309419
 26 3  -0.0152734299   0.0012197783   0.0124696395  -0.0186861806   0.0005534815
 26 4  -0.0001971824   0.0001913998  -0.0001430137   0.0002532052   0.0003067343
 26 5   0.0000213273   0.0005493094   0.0014756966   0.0005853789  -0.0026569254
 26 6   0.0678015656   0.0000395268   0.0000503333   0.0017887803  -0.0000048419
 26 7   0.0000240880  -0.0003631597   0.0000756114  -0.0000732260  -0.0002918976
 26 8  -0.0000166918   0.0108656212  -0.0165923284  -0.0010547857  -0.0107169673
 26 9  -0.0172067622  -0.0012244747   0.0001194930  -0.0002844585  -0.0000623452
 2610   0.0002814689   0.0003488960  -0.0000218342   0.0001741023   0.0001955479
 2611   0.0000709969  -0.0001872108  -0.0001488192  -0.0000990878  -0.0000561991
 2612  -0.0000789980  -0.0000682882  -0.0001611347  -0.0001823008   0.0000467611
 2613  -0.0001528210   0.0000274375   0.0001473741  -0.0000388775  -0.0000875376
 2614   0.0000966940  -0.0000985505   0.0000319283  -0.0002186035   0.0000061247
 2615   0.0002613284   0.0001059750   0.0001202075   0.0000845706  -0.0001150962
 2616  -0.0001136224  -0.0001657408   0.0000667121   0.0001450346  -0.0001717204
 2617  -0.0004622675  -0.0003085192  -0.0022643943  -0.0061690669  -0.0001401572
 2618  -0.0000389266  -0.0001198157  -0.0001414271   0.0002913791   0.0000068596
 2619   0.0024117646   0.0005963092   0.0039377683  -0.0021410391   0.0002141979
 2620   0.0032657037   0.0003646176  -0.0002404383  -0.0001455600   0.0001729904
 2621  -0.0004042461  -0.0000943880  -0.0001097773  -0.0004664058   0.0005994488
 2622  -0.0000375467  -0.0000668454   0.0000911271  -0.0000346511   0.0000349977
 2623   0.0001907566   0.0000986681   0.0002342030  -0.0001417282  -0.0000723153
 2624   0.0001941189  -0.0000458162  -0.0001653111  -0.0002468403   0.0001326973
 2625   0.0000325491   0.0000355161   0.0000034042  -0.0001781979   0.0001183366
 2626  -0.0000731797  -0.0000367523  -0.0001663080   0.0000396030   0.0002688483
 2627  -0.0000994077   0.0002506198  -0.0002272481  -0.0000132568   0.0000861324
 2628   0.0000423925   0.0000950230  -0.0001939230   0.0001908556  -0.0000565177
 2629  -0.0001002052  -0.0001637474  -0.0001067832  -0.0002062281   0.0000067705
 2630   0.0002184977   0.0001887547   0.0000287295   0.0002297848   0.0000878237
 2631   0.0000227413  -0.0002101870  -0.0001233936  -0.0000102644  -0.0000840431
 2632  -0.0000525340  -0.0000974675  -0.0001146327  -0.0003185107   0.0004813990
 2633  -0.0001870539  -0.0002672566  -0.0002150912  -0.0001709255   0.0001198668
 2634   0.0000194758   0.0000197086   0.0000496421  -0.0000349506   0.0001750283
 2635  -0.0000819518  -0.0002383740   0.0001131876  -0.0004541366   0.0000010357
 2636  -0.0003701025  -0.0003650497  -0.0000746680  -0.0000358398   0.0001413307
 2637  -0.0000412844  -0.0000153473  -0.0000257513  -0.0000008368   0.0000037528
 2638  -0.0000003765  -0.0000043128  -0.0000024596  -0.0000024068  -0.0000014841
 2639   0.0000071907  -0.0000003547   0.0000141016   0.0000144821  -0.0000354639
 2640   0.0000423522   0.0000777353  -0.0000797342   0.0000062963   0.0000149221
 2641   0.0000195212   0.0000217235  -0.0000104584  -0.0000052285   0.0000000845
 2642  -0.0000092564  -0.0000277819  -0.0001488972   0.0000344406   0.0001002458
 2643   0.0000122980   0.0000119209   0.0000182102  -0.0000179768   0.0000148753
 2644  -0.0000064855  -0.0000116345   0.0000023596  -0.0000046712  -0.0000149262
 2645  -0.0000081829  -0.0000558584  -0.0000088384  -0.0000036320  -0.0000068075
 2646   0.0000161723  -0.0000051493   0.0000095262   0.0000353968  -0.0000431914
 2647   0.0000688985   0.0000050832  -0.0000339219   0.0000364829
 27 1  -0.0001059289   0.0000950405  -0.0001621584   0.0000300586   0.0002274042
 27 2  -0.0000764071   0.0003339384  -0.0001415634   0.0002389802  -0.0010489213
 27 3  -0.0013621560   0.0015022392   0.0013081266  -0.0020872705   0.0014000415
 27 4   0.0000710924   0.0001713531   0.0001661807   0.0000832497   0.0001061719
 27 5   0.0000598194  -0.0010478246   0.0003471581   0.0016007877   0.0014629586
 27 6   0.0000395268   0.0162117923   0.0010798554  -0.0001293762   0.0009956100
 27 7   0.0000251964  -0.0003483594  -0.0000266585  -0.0000426082  -0.0001170136
 27 8   0.0000751621  -0.0007879996   0.0007746453   0.0008806426   0.0001177492
 27 9   0.0002571192   0.0027147703   0.0000458498  -0.0001027539   0.0001471899
 2710   0.0004991128   0.0004707708   0.0001789909  -0.0000611330   0.0001181624
 2711   0.0003573828  -0.0000846844   0.0001734282   0.0001003312  -0.0000341120
 2712  -0.0001943125   0.0001732583  -0.0001146675   0.0000204277   0.0000086144
 2713  -0.0004184217   0.0000088756   0.0002414422   0.0000109247  -0.0001012835
 2714  -0.0001526649  -0.0003705678  -0.0001182015  -0.0002891215   0.0002235038
 2715  -0.0000194955  -0.0001710383  -0.0000896444  -0.0003212578   0.0001672594
 2716   0.0001787477  -0.0000990216  -0.0000459633  -0.0001219047  -0.0000622955
 2717   0.0000454792   0.0004562813  -0.0040441997  -0.0058589329   0.0002360917
 2718   0.0002429365   0.0000651621  -0.0002647106   0.0001541695  -0.0002377308
 2719  -0.0065925652   0.0034698440  -0.0094863237   0.0050054129   0.0016093510
 2720  -0.0070627248   0.0001160232   0.0001636117  -0.0002470688   0.0001909290
 2721  -0.0000697856  -0.0005432008  -0.0005885311   0.0008883333  -0.0003454830
 2722   0.0003750331   0.0008693925   0.0001471886  -0.0002724473  -0.0000420285
 2723  -0.0000537154  -0.0001048249  -0.0002051620  -0.0000163080   0.0001546476
 2724  -0.0003387304  -0.0000264029   0.0000208411  -0.0001546989  -0.0000612639
 2725  -0.0000149184   0.0000446946   0.0000320543   0.0001546052   0.0001029913
 2726   0.0002980462  -0.0001427855  -0.0003072152   0.0002148066  -0.0001703734
 2727   0.0000984356  -0.0000299879   0.0000844601  -0.0000478840  -0.0000007910
 2728  -0.0000211948   0.0006151538  -0.0002468368   0.0006241691  -0.0003539149
 2729  -0.0002925361  -0.0004837052  -0.0002358360  -0.0002436291   0.0000601021
 2730  -0.0000695643   0.0001672551   0.0002129543   0.0001944737  -0.0006126284
 2731   0.0013623173  -0.0006664427  -0.0008186985  -0.0000987448   0.0010987805
 2732   0.0010198387  -0.0013647757  -0.0015019908  -0.0009168462  -0.0000002067
 2733   0.0007001735  -0.0004802961  -0.0002482338  -0.0002230620   0.0002713791
 2734  -0.0000172816   0.0001497057   0.0001134655   0.0000313761   0.0001602264
 2735  -0.0000391619   0.0002847863   0.0002871165  -0.0001979501  -0.0003037121
 2736  -0.0002342906  -0.0004929125  -0.0000849266  -0.0000542926   0.0005036313
 2737  -0.0000072171   0.0000168043  -0.0000760452  -0.0000029339   0.0000333825
 2738  -0.0000131692   0.0000067528  -0.0000020788   0.0000038975  -0.0000005127
 2739  -0.0000102117   0.0000172528   0.0000055377  -0.0000000171  -0.0001038925
 2740   0.0001196654   0.0000786917  -0.0002932633   0.0000013181   0.0000030587
 2741  -0.0000274722   0.0000119606  -0.0000048158   0.0000311895   0.0000028278
 2742   0.0000075757  -0.0000258074  -0.0000046210   0.0000853863  -0.0004314302
 2743   0.0001052095   0.0000177926   0.0001205499   0.0000056503   0.0000173507
 2744  -0.0000621956  -0.0000009584   0.0000192085   0.0000073730  -0.0000014241
 2745  -0.0000634652  -0.0001202226   0.0000007125  -0.0000003287   0.0000013477
 2746   0.0000108604  -0.0000146203   0.0000003104   0.0000132242  -0.0000762536
 2747   0.0000491708  -0.0000040912  -0.0000134748   0.0000590461
 28 1  -0.0000981195  -0.0001142918   0.0000596604  -0.0000619447   0.0001376958
 28 2   0.0001487337  -0.0001688895   0.0001138729   0.0000407630  -0.0002785562
 28 3   0.0000735688   0.0001672866  -0.0057923562  -0.0125314730  -0.0001472820
 28 4   0.0001466297  -0.0001918724  -0.0000522436  -0.0000084801  -0.0000182845
 28 5   0.0000550536   0.0000418791  -0.0001161776  -0.0001102116  -0.0212245459
 28 6   0.0000503333   0.0010798554   0.0437115876   0.0111322943   0.0056761444
 28 7   0.0003223719   0.0003372632   0.0002324025  -0.0001915686   0.0001891246
 28 8   0.0001510806  -0.0002263771   0.0001422427   0.0000789835  -0.0048152100
 28 9   0.0102766122   0.0005529522  -0.0066922771  -0.0106223346   0.0000358968
 2810  -0.0002368507  -0.0003698112   0.0001771434  -0.0000582061  -0.0000319396
 2811  -0.0000698373   0.0002417017   0.0000373713  -0.0002123641  -0.0002544420
 2812  -0.0001962469   0.0002123018   0.0000764060  -0.0001732473   0.0000308702
 2813  -0.0000659182   0.0001058985   0.0001328791   0.0000381165   0.0000663727
 2814  -0.0004136590  -0.0002153253  -0.0002421882   0.0000331151   0.0001971454
 2815  -0.0003598946   0.0000517314   0.0000520843   0.0000720369  -0.0000330664
 2816   0.0005714512   0.0001165824  -0.0003349344  -0.0006056661   0.0000911694
 2817  -0.0003285112  -0.0004085613  -0.0003371162  -0.0005224215  -0.0003078921
 2818  -0.0000676484  -0.0001435810   0.0002643387  -0.0004530276  -0.0003184653
 2819  -0.0006224150   0.0001979321  -0.0002979652  -0.0019463235   0.0020857834
 2820  -0.0063364880  -0.0000721957  -0.0001453620   0.0000737536  -0.0000575251
 2821   0.0000443265   0.0001023156  -0.0001280534   0.0001989283  -0.0001642036
 2822  -0.0000932350  -0.0000435319  -0.0000290125   0.0002918462  -0.0000445331
 2823   0.0001634929   0.0004125807   0.0006358072  -0.0002946195  -0.0005883760
 2824   0.0001557870  -0.0001314481   0.0000767062   0.0001104669  -0.0001642815
 2825  -0.0000187576  -0.0000233584  -0.0000093665   0.0001677693  -0.0000722412
 2826   0.0000295125   0.0000329938   0.0001073661   0.0000045829  -0.0001516296
 2827   0.0001415281  -0.0001361519   0.0002038716  -0.0000082118   0.0000757285
 2828  -0.0001641511   0.0000979990   0.0000985952   0.0001222643  -0.0000821173
 2829   0.0000717122  -0.0000474520  -0.0000109276   0.0000641243   0.0001045744
 2830  -0.0001263070  -0.0000451562  -0.0002074921  -0.0000213005   0.0000359555
 2831   0.0003910587  -0.0001093737   0.0001310270  -0.0005415432   0.0000166595
 2832   0.0004572558  -0.0002776657  -0.0000940698   0.0001259623  -0.0002009454
 2833   0.0002476729   0.0000900522  -0.0000898988   0.0001879746   0.0000319254
 2834  -0.0000426505  -0.0002448611  -0.0006561301   0.0000604359  -0.0000768135
 2835   0.0000605481   0.0001878090  -0.0000537822   0.0000701578   0.0000359501
 2836  -0.0000998172  -0.0001484047   0.0000209188   0.0000169190   0.0000080610
 2837   0.0000131334   0.0000058783   0.0000200489   0.0000007027  -0.0000016973
 2838  -0.0000015702   0.0000061617   0.0000039397   0.0000004452   0.0000025392
 2839  -0.0000016155  -0.0000013099  -0.0000110222  -0.0000238263   0.0000372203
 2840  -0.0000267892  -0.0000843783   0.0000091629  -0.0000016235  -0.0000069927
 2841  -0.0000095234  -0.0000148008   0.0000088114  -0.0000177390  -0.0000015018
 2842  -0.0000084465  -0.0000095339  -0.0000150058   0.0000355354  -0.0000580854
 2843   0.0000027153  -0.0000488478   0.0003368123   0.0000422217  -0.0000728230
 2844  -0.0000139615  -0.0000005143  -0.0000008177   0.0000306049  -0.0008076198
 2845   0.0000726556   0.0002432841   0.0000043886   0.0000073586   0.0000095683
 2846  -0.0000043051   0.0000157066  -0.0000148339  -0.0000146072  -0.0000019902
 2847  -0.0000605889   0.0000149326  -0.0000038777  -0.0000118122
 29 1  -0.0002791452   0.0002421867  -0.0000715934   0.0000244294   0.0001407679
 29 2  -0.0000451393  -0.0006707633  -0.0000107034  -0.0000765796   0.0000265799
 29 3  -0.0004698788  -0.0000653719  -0.0087304802  -0.0186838182  -0.0006060850
 29 4  -0.0000819417  -0.0000798368   0.0003196024   0.0000344800   0.0000310291
 29 5  -0.0000775284   0.0003555333   0.0004272027  -0.0001688753   0.0003888365
 29 6   0.0017887803  -0.0001293762   0.0111322943   0.0578246827  -0.0019622919
 29 7   0.0001269962   0.0000751530   0.0002961630  -0.0001826270  -0.0000811350
 29 8   0.0000955220   0.0001812743  -0.0004230188   0.0000076375   0.0100592753
 29 9  -0.0162164566  -0.0006654304  -0.0139485083  -0.0225191692   0.0001063721
 2910   0.0000903536   0.0001867223   0.0002200486  -0.0000254406   0.0002802950
 2911   0.0001971556  -0.0003915310   0.0001758410  -0.0001800933   0.0003014826
 2912  -0.0006710159   0.0000108416  -0.0004295966  -0.0000985491  -0.0000541798
 2913  -0.0001355607  -0.0001176949   0.0003167268   0.0000160825  -0.0000327099
 2914  -0.0002773178  -0.0003461549  -0.0000246198   0.0000401608   0.0001839752
 2915  -0.0003018649   0.0002964587   0.0002013223  -0.0004429035   0.0000914193
 2916   0.0004054382   0.0000186592  -0.0000464334  -0.0002286250   0.0003503195
 2917  -0.0002341220  -0.0003671546  -0.0001477879  -0.0005897469   0.0002060873
 2918   0.0000227713  -0.0001007508   0.0003342179  -0.0002550323  -0.0000874745
 2919  -0.0000220765   0.0000289659   0.0001741947   0.0016412600  -0.0002215348
 2920   0.0038443990   0.0003424660  -0.0000473711  -0.0000733278   0.0000826983
 2921  -0.0002840748  -0.0002923934  -0.0002303819  -0.0001367539  -0.0000996691
 2922   0.0000187518   0.0000457984   0.0005555401  -0.0000836869   0.0000663628
 2923  -0.0000654883   0.0002462273   0.0002564825   0.0000043240  -0.0002089930
 2924  -0.0001228809  -0.0000842148   0.0001438132  -0.0002260885  -0.0002843992
 2925  -0.0000416849  -0.0000858157  -0.0000411807   0.0000241748   0.0000876635
 2926  -0.0000284915  -0.0000156193  -0.0000766265   0.0000543268   0.0000303662
 2927   0.0000317824   0.0000775250  -0.0001075454  -0.0000044979   0.0000448241
 2928  -0.0000033262   0.0001953942  -0.0002622603   0.0002396175  -0.0001907883
 2929  -0.0000358668  -0.0001150316  -0.0000290015  -0.0000835059   0.0000521841
 2930   0.0000313343   0.0000700903  -0.0004350843  -0.0000803577  -0.0000755254
 2931   0.0004194356   0.0003908389   0.0000386526  -0.0000446229   0.0000913096
 2932   0.0000261930  -0.0001078386   0.0000935310   0.0001549637  -0.0002150419
 2933  -0.0005041242  -0.0002282672  -0.0000065937   0.0002616136  -0.0003654280
 2934   0.0001520238  -0.0002922790  -0.0003450866   0.0000205147   0.0000128386
 2935   0.0001131155   0.0000225162   0.0000539151  -0.0001119365  -0.0002462600
 2936  -0.0002679399   0.0002460041   0.0001961796  -0.0000034091   0.0001448811
 2937  -0.0000195049   0.0000323370   0.0000737188   0.0000005326   0.0000097908
 2938   0.0000238463   0.0000021926  -0.0000036116  -0.0000072343   0.0000022944
 2939   0.0000045984  -0.0000021301   0.0000035195   0.0000055116  -0.0000082943
 2940  -0.0000005634   0.0000015029  -0.0000571484   0.0000100008   0.0000040710
 2941  -0.0000098806  -0.0000009479  -0.0000113607   0.0000038350  -0.0000053873
 2942  -0.0000141736  -0.0000022070   0.0000314886  -0.0000171167  -0.0000219694
 2943  -0.0000529669  -0.0000724111  -0.0000708147   0.0000230768   0.0000015124
 2944   0.0000031675   0.0000167442   0.0000256112   0.0000433371  -0.0000083375
 2945  -0.0000401577   0.0003180446  -0.0000010486   0.0000013804   0.0000137003
 2946   0.0000040685   0.0000029752   0.0000070922  -0.0000050561  -0.0000126398
 2947   0.0000110074   0.0000003231   0.0000196777   0.0000502187
 30 1   0.0000289673  -0.0001646218   0.0001700075   0.0000383368  -0.0002612519
 30 2   0.0003197686   0.0000397901  -0.0002403720   0.0000759854  -0.0006241359
 30 3  -0.0000361335   0.0000454739  -0.0005527069  -0.0020077125  -0.0000490642
 30 4  -0.0000293731  -0.0000525603  -0.0002400180  -0.0000218297  -0.0002007782
 30 5   0.0000053691   0.0001818555  -0.0002337822  -0.0000486312  -0.0012615229
 30 6  -0.0000048419   0.0009956100   0.0056761444  -0.0019622919   0.0086064424
 30 7  -0.0000874264   0.0000328017  -0.0001621234   0.0001334965   0.0000729704
 30 8  -0.0002710560  -0.0002556682   0.0000261348  -0.0000248121  -0.0003817402
 30 9   0.0009897510   0.0007998440   0.0002466487   0.0011739953  -0.0001798111
 3010  -0.0001849189  -0.0000513394  -0.0003287352   0.0003099381   0.0000366533
 3011  -0.0002082353  -0.0000230395   0.0002087509   0.0000979967  -0.0000599666
 3012   0.0000992409   0.0001343998   0.0002123529   0.0000602099  -0.0000601450
 3013   0.0003075776   0.0000824285  -0.0002874840  -0.0002253106  -0.0000353940
 3014   0.0006907707   0.0002530972  -0.0000033889   0.0001369175  -0.0000328032
 3015   0.0002507660  -0.0001828115  -0.0000414101   0.0004512443   0.0001261824
 3016   0.0004519627   0.0001698696  -0.0000707350  -0.0003188907  -0.0000384161
 3017   0.0000131974  -0.0000421016  -0.0002448573   0.0001076575  -0.0000655865
 3018   0.0002288748  -0.0000794928  -0.0002033934  -0.0001160525  -0.0000379534
 3019  -0.0002018490  -0.0000200960  -0.0001776099  -0.0033897840   0.0027690421
 3020  -0.0086779525  -0.0002122867  -0.0004385115  -0.0000411137  -0.0003471369
 3021   0.0003815362   0.0003330076  -0.0000227765   0.0001013198  -0.0001771740
 3022   0.0003146853  -0.0007490803   0.0000358512   0.0003553957   0.0000902100
 3023   0.0001356242  -0.0002705275  -0.0000586132  -0.0001132888  -0.0000821119
 3024  -0.0002179593   0.0001606500   0.0001329210  -0.0000555780   0.0003418872
 3025  -0.0000482551  -0.0001097909  -0.0000048216   0.0000784532  -0.0001626615
 3026  -0.0002524688   0.0000875118   0.0002289311  -0.0001378477   0.0000754185
 3027   0.0000890525  -0.0000246178  -0.0001330223   0.0000369463  -0.0000437946
 3028   0.0002786693  -0.0002234676   0.0003148860  -0.0007981611   0.0003983658
 3029  -0.0000513445   0.0001963870   0.0001554164   0.0003444394   0.0000590082
 3030  -0.0000704280  -0.0000888969   0.0008003214  -0.0001711151  -0.0000307578
 3031  -0.0010560353   0.0004664443  -0.0000770233   0.0013106040  -0.0001339893
 3032  -0.0010527417  -0.0002116840   0.0004707751   0.0004474673  -0.0005894212
 3033  -0.0009575111   0.0000525997   0.0001437778   0.0006907009  -0.0004488128
 3034   0.0001599658  -0.0006716851  -0.0011587195   0.0000475627  -0.0002419230
 3035   0.0002871892   0.0000823685  -0.0000479840  -0.0000300419   0.0000377968
 3036  -0.0002820543  -0.0000681188  -0.0003400898  -0.0000098218  -0.0002786249
 3037   0.0000013536   0.0000661637   0.0000695642  -0.0000095903   0.0000030320
 3038   0.0000268089  -0.0000060314  -0.0000020082  -0.0000006789   0.0000042488
 3039   0.0000038239  -0.0000171671  -0.0000110528   0.0000071071   0.0000603060
 3040  -0.0000910704  -0.0000223980   0.0001921857   0.0000052783   0.0000018895
 3041   0.0000309922  -0.0000146176  -0.0000035334  -0.0000385378   0.0000068808
 3042  -0.0000074256  -0.0000038179  -0.0000616442  -0.0000664290   0.0001189129
 3043  -0.0001110777   0.0000312452  -0.0007727704   0.0000642313  -0.0000359221
 3044   0.0000470363   0.0000136386   0.0000356146   0.0000828933   0.0003751361
 3045   0.0003444742   0.0007352886   0.0000227165   0.0000100084   0.0000018424
 3046  -0.0000370545   0.0000350773   0.0000000735  -0.0000518098   0.0000619604
 3047  -0.0001527340  -0.0000255845   0.0000509524   0.0000074569
 31 1   0.0001599882  -0.0002562165  -0.0001530671  -0.0004040456   0.0001101278
 31 2   0.0000441758   0.0004225043   0.0003604985  -0.0002135413  -0.0001667175
 31 3  -0.0001402831  -0.0001725117  -0.0000712446   0.0002638995  -0.0000631876
 31 4  -0.0072836281  -0.0105783902   0.0003801432  -0.0036242572   0.0090383193
 31 5  -0.0016669424  -0.0005639354  -0.0000095900   0.0000687902   0.0000740204
 31 6   0.0000240880   0.0000251964   0.0003223719   0.0001269962  -0.0000874264
 31 7   0.0433777074   0.0143989375  -0.0081249949  -0.0214672786   0.0005805018
 31 8  -0.0015156667  -0.0000470420   0.0002197381   0.0001629521  -0.0000150190
 31 9  -0.0000043734   0.0000836944  -0.0000298134  -0.0003139894  -0.0000081425
 3110  -0.0057160888  -0.0104444897  -0.0007332766  -0.0003914412  -0.0003370079
 3111  -0.0000346988   0.0002280355  -0.0002960246   0.0000494329  -0.0001569137
 3112  -0.0000623755   0.0001007466  -0.0002643394  -0.0002837513  -0.0000798431
 3113   0.0003375614   0.0000192520  -0.0002063807  -0.0002774278   0.0001503634
 3114  -0.0002872517   0.0001729684   0.0001188556  -0.0001240272  -0.0002330321
 3115   0.0002428302  -0.0002092566  -0.0001599070  -0.0000882994   0.0001000068
 3116   0.0002737876   0.0003882394  -0.0001261686  -0.0002828104  -0.0002820672
 3117   0.0000185406   0.0001623782  -0.0000236407   0.0000035811   0.0006463762
 3118   0.0003843289   0.0001182885  -0.0004637474  -0.0002459045   0.0004653607
 3119   0.0002119089  -0.0000259219  -0.0002028999   0.0002210012  -0.0000914030
 3120  -0.0000661926  -0.0049033617  -0.0035248251   0.0113803114  -0.0003548691
 3121   0.0000689755   0.0002504313   0.0000932326  -0.0004484759   0.0002503709
 3122  -0.0002755320  -0.0002393193   0.0001282839   0.0001394784  -0.0000121214
 3123   0.0000791964  -0.0006498084   0.0001581664   0.0003854083   0.0004744740
 3124   0.0002131191   0.0001763654   0.0000719161   0.0003686106  -0.0000852747
 3125  -0.0001440059  -0.0002757585   0.0004055074   0.0003747530   0.0001181730
 3126  -0.0000281960   0.0002816714  -0.0000304342  -0.0000842856  -0.0001811914
 3127   0.0000203644   0.0000089262  -0.0004145530   0.0001651536  -0.0006484905
 3128   0.0006713115  -0.0003020438   0.0001287342  -0.0001437684   0.0003427371
 3129   0.0001020808   0.0001772212  -0.0000128494  -0.0000732479  -0.0002086430
 3130   0.0001774503  -0.0001658807   0.0003541264   0.0000131253   0.0000874865
 3131  -0.0003433589  -0.0001712131  -0.0000158949   0.0002360575  -0.0000542718
 3132  -0.0000431511  -0.0001634365  -0.0000822549   0.0001259091  -0.0001027962
 3133   0.0001377829   0.0001404464  -0.0000117949  -0.0000509574  -0.0001630999
 3134   0.0000394402  -0.0000419842  -0.0000228211  -0.0000766500   0.0001215729
 3135  -0.0000420005   0.0001083822  -0.0000619251   0.0000953916   0.0000102466
 3136   0.0001014572  -0.0001033828  -0.0001569136  -0.0001263850  -0.0000633981
 3137   0.0002177961   0.0004340556  -0.0000195803   0.0000144023   0.0000275236
 3138   0.0001392737  -0.0000167871  -0.0000572753  -0.0000724328  -0.0000171360
 3139   0.0000179690  -0.0000600072   0.0000212002   0.0000447288   0.0000529491
 3140  -0.0000947132   0.0000577911   0.0000994658   0.0000184704   0.0000163497
 3141   0.0000884149  -0.0000006165   0.0000075870  -0.0000370670  -0.0000473335
 3142   0.0000040085  -0.0000170058  -0.0000017563   0.0000061913  -0.0000134193
 3143  -0.0000063111   0.0000009628  -0.0000329310  -0.0000015928  -0.0000049893
 3144   0.0000003942  -0.0000058818   0.0000025066   0.0000152457  -0.0000123205
 3145  -0.0000166545  -0.0000062990   0.0000098328  -0.0000055102   0.0000043679
 3146   0.0000049140  -0.0000135620   0.0000336533   0.0000174668  -0.0000253354
 3147   0.0000874003   0.0000068178  -0.0000114646  -0.0000135822
 32 1  -0.0003379116   0.0000894359   0.0001111153   0.0001684774  -0.0003973743
 32 2   0.0004853194   0.0004276490  -0.0001155441   0.0001775453  -0.0004493509
 32 3  -0.0001867543  -0.0000269536   0.0001421179  -0.0002946122   0.0004382811
 32 4  -0.0137077996  -0.0214014002   0.0018261663   0.0092976420  -0.0155532081
 32 5   0.0029670565   0.0004049277   0.0000512950   0.0000154543  -0.0003051405
 32 6  -0.0003631597  -0.0003483594   0.0003372632   0.0000751530   0.0000328017
 32 7   0.0143989375   0.0583796690  -0.0009609017   0.0007615985   0.0015244840
 32 8   0.0003035476   0.0003966735  -0.0002074475   0.0001455611   0.0001923474
 32 9   0.0000023906   0.0000586343  -0.0001537289  -0.0004575979   0.0000595493
 3210  -0.0065697204  -0.0162245032  -0.0001832472  -0.0006247567   0.0001841738
 3211   0.0006553518  -0.0004320941  -0.0002164985   0.0001781729   0.0001659907
 3212   0.0002031170  -0.0003535003  -0.0006151123   0.0002462093   0.0001498725
 3213  -0.0000211644   0.0000800305   0.0007565012  -0.0006448704  -0.0000176943
 3214   0.0000648198   0.0004144691   0.0001149869  -0.0002167155   0.0001832959
 3215   0.0006094999   0.0005289739  -0.0003464768   0.0002369989   0.0000892526
 3216   0.0000834189  -0.0000278711   0.0001409617   0.0004730342  -0.0000771338
 3217   0.0004179280  -0.0000052856   0.0004707689  -0.0000070799  -0.0004186573
 3218  -0.0050698788  -0.0096188373   0.0003700134   0.0002911029  -0.0005850138
 3219   0.0000799384   0.0002540649  -0.0000472315  -0.0006765177  -0.0003499077
 3220   0.0002039945  -0.0024213414  -0.0005524624   0.0049163655   0.0003013774
 3221  -0.0002999322  -0.0006712404  -0.0004499707  -0.0001343522  -0.0005987368
 3222   0.0000029555   0.0009096835   0.0000930913  -0.0004309405  -0.0001115283
 3223  -0.0004090200  -0.0003754955  -0.0002026287  -0.0000840868   0.0007302330
 3224  -0.0002979842  -0.0001586899  -0.0004505463  -0.0005703385  -0.0004234566
 3225  -0.0003869480  -0.0001315814   0.0003404637  -0.0001914299   0.0002950276
 3226   0.0009729949  -0.0003217531  -0.0008053449  -0.0001299980   0.0001136946
 3227  -0.0001187006  -0.0001084044   0.0002859842  -0.0000667212   0.0001501573
 3228  -0.0001295265   0.0004541951   0.0001314927   0.0011309930  -0.0001774234
 3229  -0.0001825839  -0.0006336892  -0.0004448378  -0.0005097347   0.0001032319
 3230  -0.0000773186   0.0003728392  -0.0007864451   0.0004343542   0.0001262266
 3231   0.0002132807  -0.0000082567  -0.0000255344  -0.0000062883  -0.0000575005
 3232   0.0001288361  -0.0001138135  -0.0002441733  -0.0000928501   0.0002725864
 3233   0.0001653745  -0.0001063449  -0.0003300759  -0.0003749482   0.0001213621
 3234  -0.0000112542   0.0001014744   0.0000873671  -0.0000651368   0.0002766866
 3235  -0.0001220844  -0.0000547562   0.0000687276  -0.0000668608  -0.0002930745
 3236   0.0003612773   0.0000712415  -0.0000106694  -0.0001546242   0.0000651717
 3237   0.0005094162   0.0005195277  -0.0000930346   0.0000234130   0.0000923915
 3238   0.0000251721  -0.0000149443   0.0000034121   0.0000012976  -0.0000007905
 3239  -0.0000440135   0.0000518015   0.0000733102   0.0000881765  -0.0004077424
 3240   0.0006234929  -0.0006167158  -0.0008533293   0.0000313316  -0.0000552056
 3241  -0.0000334009   0.0000026895  -0.0000022225   0.0000578756   0.0000238300
 3242   0.0000072049  -0.0000467686   0.0000220777   0.0000089518  -0.0000342361
 3243  -0.0000062313  -0.0000026701   0.0000016314   0.0000055982   0.0000219772
 3244  -0.0000365658  -0.0000083567   0.0000084644   0.0000187113  -0.0000429266
 3245  -0.0000354956  -0.0001441538  -0.0000208646   0.0000255552  -0.0000171453
 3246   0.0000412374  -0.0000157854   0.0000263862   0.0000855366  -0.0000551485
 3247   0.0001596873  -0.0000282089  -0.0000373422  -0.0000231908
 33 1  -0.0000833282  -0.0003352158  -0.0001566260  -0.0000308260  -0.0000284855
 33 2  -0.0001920597  -0.0000189784  -0.0001835908  -0.0003719137   0.0001713424
 33 3   0.0001346841  -0.0005742977  -0.0003704140  -0.0001597537  -0.0002017454
 33 4   0.0000974020   0.0009381070   0.0000089744  -0.0007568039   0.0015349648
 33 5   0.0001737276  -0.0003999953   0.0000936646  -0.0001149234   0.0003173683
 33 6   0.0000756114  -0.0000266585   0.0002324025   0.0002961630  -0.0001621234
 33 7  -0.0081249949  -0.0009609017   0.0292124438   0.0003926148  -0.0003117068
 33 8   0.0012162987  -0.0003189718   0.0001743215  -0.0000802842   0.0002925667
 33 9   0.0003610138  -0.0000504909  -0.0003001500  -0.0001235014  -0.0001576525
 3310   0.0001338143   0.0009637093  -0.0003029876   0.0001449602   0.0001279034
 3311  -0.0000900439   0.0003893730   0.0001190928  -0.0001214268  -0.0003846730
 3312  -0.0002570497   0.0002246345   0.0001657816   0.0001882957  -0.0003915679
 3313  -0.0002776977  -0.0001325006  -0.0002477046   0.0001736860   0.0001061084
 3314   0.0000053352  -0.0000806447  -0.0002322890   0.0000160254   0.0000487286
 3315  -0.0000260336  -0.0002152194   0.0000737219  -0.0004755440   0.0001699875
 3316   0.0000949838  -0.0005340384  -0.0000297948  -0.0001593783  -0.0003718165
 3317   0.0003027584   0.0000325358  -0.0003229250   0.0002669079  -0.0015841982
 3318  -0.0075658596  -0.0094833834   0.0006363023  -0.0003382801   0.0001994241
 3319   0.0000708162  -0.0001127924   0.0001971128   0.0002920454  -0.0001097551
 3320   0.0003161975   0.0081759329   0.0068549957  -0.0154491217   0.0001345517
 3321   0.0004790637   0.0000450415   0.0001183266   0.0003064251   0.0002869610
 3322   0.0002225734  -0.0000308130   0.0002890024   0.0002331005   0.0001815805
 3323  -0.0000568241  -0.0001495823  -0.0001822849   0.0002651259  -0.0002772446
 3324  -0.0001803726   0.0001869682   0.0005673912   0.0000747982   0.0002801892
 3325   0.0003850051   0.0002375941  -0.0014326958   0.0011718090  -0.0001521102
 3326   0.0005092512  -0.0000477445  -0.0011290804  -0.0012484468  -0.0018854724
 3327   0.0005455065  -0.0014110855   0.0004457106   0.0000477515  -0.0004963432
 3328  -0.0000682308  -0.0002744106   0.0005175033  -0.0003634035   0.0003422847
 3329   0.0001834980   0.0001226781   0.0001528505   0.0002439516   0.0000567163
 3330  -0.0002318615  -0.0004008537   0.0001145842  -0.0001755506  -0.0002897993
 3331   0.0000231543  -0.0001905228  -0.0000019968  -0.0001464771  -0.0000993926
 3332  -0.0001886388   0.0001999490   0.0002228682  -0.0000474685   0.0000716099
 3333  -0.0002538195  -0.0000274640   0.0002109023   0.0000881324   0.0001978046
 3334  -0.0001600075   0.0001880523   0.0000275251  -0.0000140780  -0.0000010541
 3335   0.0000199069  -0.0000690057  -0.0000690821   0.0000691964   0.0002619731
 3336   0.0000443705  -0.0001506650  -0.0002040529   0.0000339193  -0.0003134249
 3337   0.0000549809   0.0002843744  -0.0003491483  -0.0000041540  -0.0000018492
 3338  -0.0001881548  -0.0000550122  -0.0000289682   0.0001336048  -0.0000381596
 3339   0.0000398195   0.0000232546   0.0000403935   0.0000089294  -0.0002888949
 3340  -0.0000868654   0.0004309062  -0.0002601829   0.0000577096   0.0000144835
 3341   0.0000771198  -0.0000057588  -0.0000248871  -0.0000024399  -0.0000004634
 3342  -0.0000069897   0.0000171110  -0.0000053681  -0.0000015072   0.0000413208
 3343   0.0000089955   0.0000040103   0.0000360842   0.0000063903  -0.0000274622
 3344  -0.0000283541   0.0000081407   0.0000093891   0.0000141262  -0.0000511709
 3345  -0.0000436729  -0.0001393496   0.0000090799  -0.0000062845   0.0000262306
 3346   0.0000359471   0.0000028023   0.0000239760   0.0000086417  -0.0000096411
 3347  -0.0000327918   0.0000166130  -0.0000048908  -0.0000495328
 34 1   0.0000570191   0.0000552537   0.0000317082   0.0000473409  -0.0003381404
 34 2  -0.0002269294  -0.0000293873  -0.0003054750  -0.0000102593   0.0001172928
 34 3   0.0001496333   0.0002389584   0.0000664758  -0.0001022774  -0.0001415115
 34 4  -0.0002397180  -0.0002140066   0.0000899190  -0.0042583550  -0.0101856364
 34 5   0.0011398244  -0.0055875771   0.0118975265  -0.0002385641  -0.0002479545
 34 6  -0.0000732260  -0.0000426082  -0.0001915686  -0.0001826270   0.0001334965
 34 7  -0.0214672786   0.0007615985   0.0003926148   0.0658947770  -0.0028842349
 34 8  -0.0005957280  -0.0214988026   0.0001821506  -0.0001109758  -0.0004223854
 34 9   0.0000573503   0.0002273032  -0.0000979740   0.0002366615   0.0002032522
 3410  -0.0048731348   0.0108948202   0.0004344975  -0.0030828127  -0.0087450697
 3411  -0.0004573466  -0.0002005826   0.0001379499   0.0000889143  -0.0001180695
 3412  -0.0000104358   0.0000952900   0.0001207105  -0.0000017178  -0.0001945105
 3413  -0.0004010367  -0.0001226075  -0.0000179930   0.0003604500  -0.0002107745
 3414   0.0001343541  -0.0001152632  -0.0000026371   0.0000256089  -0.0000949650
 3415  -0.0002523791   0.0000273506   0.0001955622  -0.0002454807  -0.0000144881
 3416   0.0000308019  -0.0003400720  -0.0000539900  -0.0001232935   0.0000755419
 3417  -0.0001581759   0.0001981954  -0.0000091502  -0.0001794082  -0.0003128041
 3418  -0.0002597443  -0.0005597325   0.0009677898   0.0001316238   0.0007032266
 3419  -0.0003529824   0.0002622169   0.0004522174  -0.0001248184  -0.0001310359
 3420  -0.0001306960  -0.0017264029   0.0018104769  -0.0052628408  -0.0017757026
 3421  -0.0019241278   0.0054234249  -0.0002448564  -0.0000519405   0.0000187167
 3422  -0.0001463447   0.0001063155  -0.0000453142  -0.0000778338   0.0000974502
 3423  -0.0000393634  -0.0000119549  -0.0001221098   0.0001483491  -0.0000493362
 3424   0.0000367076  -0.0000040205   0.0002698552  -0.0000621654  -0.0001062856
 3425   0.0000722808  -0.0000355550  -0.0002439112   0.0001761271   0.0001634763
 3426   0.0002747138  -0.0000239216   0.0000127569   0.0000788802  -0.0005672069
 3427  -0.0001418220   0.0002648678   0.0004181719   0.0003635419  -0.0004265969
 3428  -0.0002475167  -0.0003691565  -0.0004814649  -0.0002005427   0.0002938090
 3429   0.0003135066  -0.0000544658   0.0003844677   0.0000469515   0.0002142465
 3430  -0.0003063272   0.0003775404   0.0000183799  -0.0002084462  -0.0003808639
 3431   0.0001346747   0.0000434323   0.0000887304  -0.0001608139   0.0000145690
 3432  -0.0000359031   0.0001738844   0.0002405407   0.0000279929   0.0000747889
 3433  -0.0003107466   0.0000291786   0.0000611334   0.0000887926  -0.0000594990
 3434  -0.0000149913  -0.0000225664  -0.0000142778   0.0000087420  -0.0000400554
 3435   0.0000313505  -0.0001578093   0.0000569285  -0.0000969578   0.0002354041
 3436  -0.0001925684   0.0001451008  -0.0006388835  -0.0000263664  -0.0016994591
 3437   0.0000108573   0.0000698239   0.0000751920  -0.0000043939  -0.0000184554
 3438  -0.0000123195   0.0000034045   0.0000073268   0.0000138680  -0.0000203362
 3439  -0.0000203363   0.0000673046  -0.0000342692  -0.0000237280   0.0000138834
 3440   0.0000160532  -0.0002059231   0.0000472161   0.0000232234   0.0000352711
 3441   0.0000776697  -0.0000085683  -0.0000002185  -0.0000179655  -0.0000012781
 3442   0.0000049680  -0.0000026158  -0.0000099352  -0.0000124169   0.0000194670
 3443   0.0000014561   0.0000051406  -0.0000016310   0.0000049556  -0.0000007342
 3444   0.0000139786   0.0000074638   0.0000007587  -0.0000060315   0.0000091761
 3445   0.0000157696   0.0000535697   0.0000044595  -0.0000008924   0.0000092745
 3446   0.0000094888   0.0000101253   0.0000038023   0.0000009094   0.0000017527
 3447  -0.0000149958   0.0000125762   0.0000068579   0.0000021684
 35 1   0.0000243456   0.0004690320  -0.0002102918   0.0002367505  -0.0003832990
 35 2  -0.0002687827   0.0001237680  -0.0006172054  -0.0002446577   0.0000420018
 35 3  -0.0002068296   0.0003394766  -0.0001400450  -0.0003786222   0.0001380589
 35 4  -0.0001784403   0.0002216027  -0.0000056961  -0.0097210226  -0.0169003480
 35 5   0.0026967820   0.0103204461  -0.0184612893   0.0011178515   0.0002850928
 35 6  -0.0002918976  -0.0001170136   0.0001891246  -0.0000811350   0.0000729704
 35 7   0.0005805018   0.0015244840  -0.0003117068  -0.0028842349   0.0708015947
 35 8  -0.0038579296   0.0000253186   0.0015364636  -0.0000664827   0.0003137369
 35 9   0.0003379487   0.0000312671  -0.0002179957  -0.0002562571   0.0000139272
 3510   0.0113485616  -0.0181341201   0.0002500247  -0.0088109420  -0.0139728547
 3511  -0.0008531921  -0.0001989123  -0.0002234756   0.0001262014  -0.0001834366
 3512  -0.0000170099   0.0000679314  -0.0003060014  -0.0000724015  -0.0002466409
 3513  -0.0003693349  -0.0006707146   0.0005021748   0.0000822188  -0.0001341459
 3514  -0.0001025937  -0.0001290834   0.0000293040   0.0001785318  -0.0001559877
 3515   0.0001271606   0.0001242896  -0.0000151207  -0.0003052524   0.0000327325
 3516   0.0001919630  -0.0005191937   0.0001899013   0.0001219494  -0.0003915927
 3517  -0.0000818897   0.0002611812   0.0003892070  -0.0001039946  -0.0002397168
 3518   0.0002183289  -0.0001806387  -0.0003466266  -0.0031744875  -0.0056241201
 3519   0.0006219876   0.0002671833  -0.0006222204  -0.0004183960  -0.0003220093
 3520   0.0000511126   0.0018463697   0.0006821433   0.0031778738  -0.0014670983
 3521   0.0001024926   0.0026465726  -0.0004289728  -0.0004174638  -0.0003128229
 3522  -0.0002570982   0.0002207185   0.0001318214  -0.0000702040  -0.0006155664
 3523   0.0003384344  -0.0006182906   0.0001180662   0.0001280394   0.0003268269
 3524  -0.0001229812   0.0000998684   0.0002206044  -0.0000458507  -0.0002739176
 3525  -0.0001032933  -0.0000870545  -0.0001372109   0.0002727083   0.0002509101
 3526   0.0005754469  -0.0001681707  -0.0006020565   0.0003795737  -0.0000388645
 3527   0.0003147115  -0.0004361313   0.0004269051  -0.0006361411   0.0005272218
 3528  -0.0004739270   0.0010497486   0.0002740710   0.0010051128  -0.0007628709
 3529   0.0006612804  -0.0006088556   0.0000804690   0.0002451028   0.0005143437
 3530  -0.0006264835   0.0007939237  -0.0007985433   0.0004149698  -0.0001130447
 3531   0.0002032728   0.0002176823  -0.0000326967   0.0000183982   0.0000012362
 3532   0.0001682279  -0.0001169940  -0.0002029591  -0.0000808467   0.0002377310
 3533   0.0000681181  -0.0001280221  -0.0003669738  -0.0002893861   0.0000989411
 3534   0.0000346547  -0.0000048887  -0.0000048457  -0.0000506685   0.0002287093
 3535  -0.0000704238  -0.0002848380   0.0000690858  -0.0000367798   0.0000795309
 3536   0.0000943012   0.0002508006  -0.0001405878  -0.0001259128  -0.0003364470
 3537   0.0000401335   0.0000650628   0.0000633805   0.0000026042   0.0000273652
 3538   0.0000042599   0.0000050621  -0.0000113457  -0.0000063269   0.0000095357
 3539   0.0000082261  -0.0000277949   0.0000429407   0.0000146942  -0.0001633444
 3540   0.0001029223   0.0001143313  -0.0006456855   0.0000694319   0.0000322558
 3541  -0.0006981368  -0.0000115040   0.0000536977  -0.0000785031   0.0000131240
 3542   0.0000050452  -0.0000778407   0.0000211700  -0.0000012182  -0.0000191308
 3543  -0.0000160424  -0.0000044964   0.0000027409   0.0000144122   0.0000257387
 3544  -0.0000327054   0.0000004677   0.0000139510   0.0000310718  -0.0000344898
 3545  -0.0000172042  -0.0000341377  -0.0000024474   0.0000020933   0.0000239769
 3546   0.0000567830  -0.0000159429   0.0000174984   0.0000397693  -0.0000831107
 3547   0.0000918673  -0.0000006032  -0.0000110590  -0.0000205830
 36 1  -0.0001734500  -0.0002220857   0.0001387794  -0.0000872682   0.0000574916
 36 2  -0.0000594867  -0.0000112673   0.0000481774   0.0000223979   0.0000781163
 36 3   0.0002610666   0.0000603379   0.0000029957  -0.0000087176  -0.0002146712
 36 4   0.0000380309  -0.0002263545   0.0001632675   0.0003269898   0.0017465451
 36 5   0.0009549051   0.0010267353  -0.0006161609   0.0017690203  -0.0000221547
 36 6  -0.0000166918   0.0000751621   0.0001510806   0.0000955220  -0.0002710560
 36 7  -0.0015156667   0.0003035476   0.0012162987  -0.0005957280  -0.0038579296
 36 8   0.0164073221   0.0012942435   0.0000783981   0.0028247237  -0.0003608781
 36 9   0.0000450764   0.0005317662   0.0000082491  -0.0000610103  -0.0000893573
 3610  -0.0010553840   0.0015350335   0.0011809476   0.0007251233   0.0006479192
 3611   0.0015855692   0.0001142687   0.0000151815  -0.0001216615  -0.0000988980
 3612  -0.0001185549   0.0000520233   0.0002303353   0.0000982568  -0.0001751323
 3613  -0.0000860129   0.0000829365  -0.0000934970  -0.0001194718   0.0000316781
 3614   0.0000648137   0.0001099646  -0.0000542775  -0.0002580292  -0.0001141623
 3615  -0.0002505399  -0.0001332734   0.0002125882   0.0000867570   0.0001046381
 3616   0.0000144123  -0.0001868686  -0.0002370248  -0.0001636214  -0.0003215626
 3617  -0.0004641488  -0.0002720326  -0.0000727833   0.0000773933  -0.0001433557
 3618  -0.0004346388   0.0001498575  -0.0004220126  -0.0060345405  -0.0064997492
 3619   0.0005389206  -0.0005848207   0.0003320358  -0.0000267554   0.0001572177
 3620   0.0001261861  -0.0051112791   0.0024991512  -0.0062954125   0.0053000994
 3621   0.0036822414  -0.0073224786   0.0003623714   0.0003147752  -0.0000611772
 3622  -0.0000402409  -0.0000475014   0.0000761128   0.0002156266   0.0009123489
 3623   0.0000278151   0.0001030190  -0.0000662812  -0.0001361165  -0.0001279200
 3624   0.0000737665   0.0000449856   0.0002794022   0.0000814183   0.0000227929
 3625   0.0000001472   0.0001290448   0.0000554086  -0.0002081676   0.0000295199
 3626   0.0000657642  -0.0001025266  -0.0001926584   0.0000304389   0.0023370434
 3627   0.0011902215  -0.0012091904   0.0017448663  -0.0017322256   0.0007245114
 3628  -0.0036816146   0.0017599690  -0.0014771142  -0.0006099043   0.0002128928
 3629  -0.0008121691   0.0000148362  -0.0001248820  -0.0004130132   0.0001431622
 3630  -0.0001616335  -0.0007888477   0.0004498714   0.0001971729  -0.0004312571
 3631  -0.0002828950  -0.0001429509   0.0003020203   0.0002538592  -0.0001372361
 3632  -0.0001863945  -0.0001196483  -0.0000920203   0.0000301402   0.0000152774
 3633   0.0002207714   0.0000939742  -0.0000613004  -0.0000128705   0.0000802531
 3634   0.0000019963  -0.0000084768  -0.0000055635   0.0000240256  -0.0000522011
 3635   0.0000405370   0.0002532050  -0.0001681791   0.0000428515  -0.0000771109
 3636   0.0003803850  -0.0001060699  -0.0006175683  -0.0007093543  -0.0012117946
 3637  -0.0000187717  -0.0000095257   0.0000017962  -0.0000391858  -0.0000102509
 3638  -0.0000096633  -0.0000353264  -0.0000256865   0.0000040215  -0.0000240964
 3639   0.0000055127  -0.0000050429   0.0000248251   0.0000078286  -0.0000835889
 3640   0.0000251584   0.0000566958  -0.0000723549   0.0000329371   0.0000045831
 3641  -0.0003579323   0.0000122929  -0.0001202316   0.0001056559  -0.0000411564
 3642  -0.0001349651   0.0001026884  -0.0000025060  -0.0000149084   0.0000312926
 3643   0.0000012939  -0.0000005852  -0.0000016295  -0.0000019688   0.0000086711
 3644   0.0000038379  -0.0000026915  -0.0000085358  -0.0000150834   0.0000068668
 3645   0.0000299044  -0.0000196221   0.0000008086  -0.0000044419  -0.0000036522
 3646  -0.0000031203  -0.0000203436   0.0000039002  -0.0000017760  -0.0000114931
 3647  -0.0000684927   0.0000038494  -0.0000107033  -0.0000174955
 37 1  -0.0002301901  -0.0002676189  -0.0004425446   0.0000825069   0.0001044399
 37 2   0.0002292533   0.0002325610  -0.0000496553  -0.0000544160  -0.0004219663
 37 3   0.0002457511  -0.0001825219  -0.0002852753   0.0001943767  -0.0002776786
 37 4   0.0003277017  -0.0003049029  -0.0001868056  -0.0002480189  -0.0002870126
 37 5   0.0001386701  -0.0046189656  -0.0110911206   0.0008434096  -0.0048333473
 37 6   0.0108656212  -0.0007879996  -0.0002263771   0.0001812743  -0.0002556682
 37 7  -0.0000470420   0.0003966735  -0.0003189718  -0.0214988026   0.0000253186
 37 8   0.0012942435   0.0649235730   0.0002702497  -0.0000390944  -0.0199886211
 37 9   0.0006123220  -0.0012858270  -0.0001141931   0.0004143087  -0.0001835202
 3710  -0.0005615645   0.0000638492  -0.0005925041  -0.0044562204   0.0102074146
 3711   0.0002228551  -0.0042979160  -0.0106416784  -0.0008684016  -0.0005292840
 3712  -0.0002006624   0.0002463344   0.0002669837  -0.0002310333  -0.0002369363
 3713  -0.0000838778  -0.0002661107  -0.0005507818   0.0001173239   0.0002030234
 3714  -0.0001437005   0.0001463882  -0.0002834753  -0.0001274630   0.0000699041
 3715   0.0003727344  -0.0002887056  -0.0004016053   0.0002787518   0.0004486769
 3716   0.0003253544   0.0002903412   0.0002051111  -0.0001122217  -0.0002350879
 3717   0.0001265006   0.0000251115  -0.0005270033  -0.0000535425   0.0000992172
 3718  -0.0000186740   0.0000784959  -0.0002933966  -0.0004836053  -0.0005236609
 3719   0.0010203381  -0.0001124654   0.0004268743   0.0000926502   0.0003845889
 3720   0.0005877884  -0.0005317869   0.0000327096   0.0003624461  -0.0019035013
 3721   0.0020956005  -0.0050304435  -0.0014944834  -0.0019472532   0.0056225301
 3722  -0.0001484399  -0.0005451652   0.0003751000  -0.0001452786   0.0003195315
 3723   0.0002426946   0.0002001987   0.0002116505   0.0003388630  -0.0004249760
 3724   0.0000011672   0.0004895494   0.0002457215   0.0001300730   0.0007459490
 3725   0.0000645744   0.0000448795  -0.0000245299  -0.0004204348   0.0000887028
 3726  -0.0003672054   0.0001396410   0.0001078681  -0.0001589917   0.0004020205
 3727  -0.0002867292   0.0001609987  -0.0001467516  -0.0000976022   0.0002009907
 3728  -0.0006830056  -0.0009493352   0.0014223200  -0.0013745603   0.0006079776
 3729   0.0003811234   0.0007295593   0.0003945434   0.0001275021  -0.0002998018
 3730   0.0003518280  -0.0001735678   0.0009823347  -0.0008003508   0.0001720974
 3731  -0.0009588065   0.0002485008  -0.0008250409   0.0002902754  -0.0000227274
 3732  -0.0001773344  -0.0001187727   0.0000736626   0.0002980202  -0.0001434435
 3733   0.0000375918  -0.0000181096   0.0003495434   0.0003432756  -0.0001007830
 3734   0.0000166608  -0.0000987157  -0.0001041428   0.0000393559  -0.0002426097
 3735   0.0001241747   0.0000835029   0.0002902740  -0.0004656939   0.0002950134
 3736  -0.0003270763  -0.0010147748   0.0006073827  -0.0003390536  -0.0004645926
 3737   0.0000136179  -0.0000075699   0.0000402029  -0.0000059948  -0.0000378215
 3738   0.0000267593  -0.0000132841   0.0000077306   0.0000061251  -0.0000011506
 3739   0.0000219935  -0.0000259659  -0.0000001338   0.0000156532   0.0000711816
 3740  -0.0001182779   0.0000598407   0.0001815887   0.0000162500   0.0000443650
 3741   0.0000190624   0.0000037919  -0.0000118713  -0.0000321210  -0.0000091997
 3742   0.0000153019   0.0000005616  -0.0000213368  -0.0000012298   0.0000059107
 3743   0.0000151613  -0.0000196592   0.0000122485   0.0000167403  -0.0000331098
 3744   0.0000317419   0.0000066709  -0.0000091926   0.0000092058   0.0000364508
 3745   0.0000050361   0.0001283724   0.0000260286  -0.0000138649   0.0000327361
 3746  -0.0000399368   0.0000220306  -0.0000138240  -0.0001129105   0.0000538356
 3747  -0.0001697795   0.0000550431   0.0000543808   0.0000893752
 38 1  -0.0003563293   0.0000368771  -0.0002888976  -0.0001700651   0.0006629911
 38 2  -0.0003140392   0.0000010904  -0.0002816542  -0.0001572519   0.0008517465
 38 3  -0.0007650172  -0.0002216573  -0.0002108338  -0.0004911032   0.0003788592
 38 4   0.0001094465   0.0001441685   0.0005103282  -0.0002070502   0.0001492829
 38 5  -0.0000869111  -0.0110817996  -0.0164752841   0.0009704840   0.0108409220
 38 6  -0.0165923284   0.0007746453   0.0001422427  -0.0004230188   0.0000261348
 38 7   0.0002197381  -0.0002074475   0.0001743215   0.0001821506   0.0015364636
 38 8   0.0000783981   0.0002702497   0.0677258776  -0.0015542529  -0.0003992737
 38 9   0.0017726499   0.0002427030  -0.0001368572   0.0001014478   0.0000356657
 3810   0.0006697478   0.0001666198   0.0003418391   0.0104491914  -0.0168416842
 3811  -0.0002129806  -0.0101691054  -0.0165647350  -0.0009002868  -0.0002699778
 3812  -0.0002678602   0.0000795496   0.0000942652   0.0002922217  -0.0000356713
 3813  -0.0005533423  -0.0000699531   0.0006395891  -0.0000518935  -0.0004940154
 3814  -0.0001152151  -0.0001381147  -0.0002152662  -0.0000251209  -0.0000109490
 3815  -0.0003829778   0.0001355550   0.0001692965  -0.0010145255   0.0003011949
 3816   0.0001419275   0.0001357946  -0.0000252095   0.0001424608  -0.0003079387
 3817  -0.0001669072  -0.0000081466   0.0001212313   0.0000766810   0.0006479072
 3818   0.0003177586   0.0002024039  -0.0003045413   0.0000663750  -0.0003723414
 3819   0.0001560122  -0.0026985291  -0.0062833023  -0.0002259457  -0.0003620483
 3820  -0.0001143079   0.0001183369   0.0002452592  -0.0002287498   0.0025771919
 3821  -0.0000591953   0.0029200811  -0.0024010455   0.0000962070   0.0022953970
 3822  -0.0002426532   0.0004312942   0.0001221897  -0.0001970881   0.0000194189
 3823  -0.0002499686  -0.0001387027  -0.0005090263   0.0006379212   0.0001327663
 3824  -0.0002680021   0.0000707701   0.0001087141  -0.0000031167  -0.0003187725
 3825  -0.0001215754  -0.0000958717  -0.0000221720   0.0004882244  -0.0000612506
 3826   0.0002999874  -0.0001509828  -0.0001431863   0.0001754401  -0.0004048351
 3827   0.0001509477  -0.0001167882   0.0004422407  -0.0001839377   0.0002134482
 3828  -0.0002277921   0.0010887007  -0.0004865514   0.0007966877  -0.0008592410
 3829   0.0001767528  -0.0002491784  -0.0002115027  -0.0003204868   0.0000313563
 3830  -0.0002231802   0.0000702428  -0.0009197378   0.0003438528   0.0004500026
 3831   0.0006876821   0.0000861249   0.0004846166  -0.0002294804   0.0000954281
 3832   0.0004812023  -0.0001543552  -0.0005041751  -0.0002701466   0.0004208016
 3833   0.0003874143  -0.0002686517  -0.0006701410  -0.0004042184   0.0000996291
 3834   0.0001343787  -0.0001224238  -0.0000364697  -0.0000195053   0.0003070186
 3835  -0.0000227056  -0.0003904016   0.0000145998  -0.0002646947  -0.0003988502
 3836   0.0007566942  -0.0002664308  -0.0000923684   0.0010532588   0.0006118399
 3837   0.0000263962   0.0000535124   0.0000130821   0.0000073774   0.0000470905
 3838  -0.0000010704   0.0000113417  -0.0000034756   0.0000048778   0.0000013897
 3839  -0.0000193342   0.0000243879  -0.0000008002  -0.0000173940  -0.0001046680
 3840   0.0001233177  -0.0000338647  -0.0002293392   0.0000265449  -0.0000279102
 3841  -0.0000772663  -0.0000169810  -0.0000386439   0.0000064639   0.0000105180
 3842  -0.0000055357   0.0000081389   0.0000551603   0.0000034799  -0.0000980986
 3843  -0.0000261463  -0.0000144011  -0.0000121358   0.0000141419   0.0000482295
 3844  -0.0000245749  -0.0000072759   0.0000082389   0.0000175162  -0.0000200274
 3845   0.0000210590   0.0000444633  -0.0000066137  -0.0000098450   0.0000051777
 3846   0.0000509762  -0.0000563341   0.0000197597   0.0000375543  -0.0001417265
 3847   0.0000874910  -0.0000107313  -0.0000154091  -0.0000151371
 39 1  -0.0000218305   0.0000008211  -0.0002616460   0.0001517224  -0.0000571243
 39 2  -0.0000713646   0.0004043393   0.0000783438   0.0000090591  -0.0003639395
 39 3   0.0000849417   0.0001002381  -0.0001305347  -0.0000453167  -0.0000924721
 39 4   0.0000881669   0.0000639849  -0.0000523863  -0.0002576858  -0.0001903012
 39 5  -0.0000381609  -0.0002330758  -0.0006174586   0.0020328346   0.0007480090
 39 6  -0.0010547857   0.0008806426   0.0000789835   0.0000076375  -0.0000248121
 39 7   0.0001629521   0.0001455611  -0.0000802842  -0.0001109758  -0.0000664827
 39 8   0.0028247237  -0.0000390944  -0.0015542529   0.0198450072   0.0007930706
 39 9   0.0002619915   0.0018324629  -0.0002421200   0.0001234947   0.0002336995
 3910  -0.0000983515   0.0000666430  -0.0000693457   0.0001014680   0.0003666931
 3911   0.0011778476   0.0004881485   0.0003340041   0.0014863050  -0.0003122294
 3912  -0.0001479328   0.0001863473  -0.0000323805  -0.0001230526  -0.0002264040
 3913  -0.0002479109  -0.0001352978  -0.0000477916   0.0001457790   0.0001107800
 3914   0.0000247082  -0.0001843515  -0.0002139787   0.0002039071   0.0000768490
 3915   0.0001412337  -0.0002066521  -0.0002155128  -0.0000538808   0.0002156446
 3916   0.0002792926   0.0000386248   0.0001276674   0.0002990222  -0.0004847588
 3917  -0.0001375863   0.0001553353  -0.0003082737  -0.0007779026   0.0002035708
 3918   0.0002887885  -0.0000148337  -0.0003963624  -0.0002615106   0.0002932122
 3919   0.0002990984  -0.0059722887  -0.0072875275   0.0003203754  -0.0006015435
 3920   0.0000136924  -0.0004499372   0.0003980270  -0.0001140661  -0.0053699058
 3921   0.0035197140  -0.0080616688   0.0047037875   0.0027139704  -0.0065111383
 3922   0.0000843616   0.0001550186  -0.0001374724  -0.0002269496   0.0002381089
 3923  -0.0003330814  -0.0003625771   0.0007033586   0.0001583255   0.0003263053
 3924   0.0000113330  -0.0000123894   0.0001528231   0.0001071764   0.0000576634
 3925  -0.0001159168  -0.0001107889   0.0000121505   0.0003038083  -0.0002290316
 3926  -0.0000987953  -0.0000288182   0.0000479071   0.0000489922   0.0000357666
 3927   0.0004698495   0.0001894496  -0.0007554116  -0.0002513581  -0.0003665137
 3928   0.0022266130   0.0014993234  -0.0017422255   0.0000897959   0.0000414371
 3929  -0.0004815665  -0.0004280431  -0.0002827899   0.0001380672   0.0000935835
 3930  -0.0003848290   0.0001266131   0.0001697250   0.0004797352  -0.0005522415
 3931  -0.0003133123   0.0002898954  -0.0010799133   0.0001638364  -0.0001321838
 3932   0.0000618557  -0.0001631507  -0.0005130925   0.0001031388   0.0000062129
 3933   0.0004829840  -0.0001730832  -0.0003390647  -0.0002519615   0.0000964311
 3934   0.0001443804  -0.0000965912   0.0000028694  -0.0000012988   0.0001546840
 3935   0.0000321877   0.0001468760  -0.0002748643  -0.0004831854  -0.0029032885
 3936   0.0022244415  -0.0030764656   0.0007657291  -0.0010309068   0.0000448086
 3937  -0.0000162067   0.0000485754   0.0000424202  -0.0000070551   0.0000370902
 3938  -0.0000048511   0.0000001985  -0.0000027799   0.0000001273  -0.0000022702
 3939  -0.0000093145  -0.0000016393   0.0000025084  -0.0000330236  -0.0000232558
 3940   0.0000112063  -0.0000020926  -0.0000375693   0.0000297396  -0.0000426011
 3941   0.0000371733  -0.0000525231  -0.0000268958   0.0000277576   0.0000291583
 3942  -0.0000087248  -0.0000105275   0.0000737817  -0.0000781842   0.0000149160
 3943   0.0000000825  -0.0000256306   0.0000040578   0.0000191007   0.0000385992
 3944  -0.0000219099   0.0000054887  -0.0000077765   0.0000039121  -0.0000153284
 3945   0.0000241570   0.0000369082   0.0000136830  -0.0000193990   0.0000252463
 3946   0.0000309260  -0.0000403446  -0.0000184120   0.0000011828  -0.0000528008
 3947   0.0000020074   0.0000105691  -0.0000027233  -0.0000239373
 40 1   0.0001666919   0.0002893706   0.0002870098   0.0000131716  -0.0000709921
 40 2   0.0000362278  -0.0005473892   0.0002054267   0.0001405719   0.0008017771
 40 3  -0.0003239032   0.0000336392  -0.0000876933   0.0001019712   0.0002555863
 40 4  -0.0000592659  -0.0002856522   0.0003662451   0.0000712087  -0.0000119906
 40 5   0.0002038178  -0.0001362554   0.0002416164   0.0000380645  -0.0038679504
 40 6  -0.0107169673   0.0001177492  -0.0048152100   0.0100592753  -0.0003817402
 40 7  -0.0000150190   0.0001923474   0.0002925667  -0.0004223854   0.0003137369
 40 8  -0.0003608781  -0.0199886211  -0.0003992737   0.0007930706   0.0684559220
 40 9   0.0009322856   0.0016720717  -0.0254299288   0.0009730841  -0.0006146445
 4010   0.0000548902  -0.0001065447   0.0001753994  -0.0003322723  -0.0001595788
 4011   0.0003272873  -0.0055021696   0.0117524398   0.0007304186  -0.0050951984
 4012  -0.0125312416  -0.0006860232  -0.0002963495  -0.0005241089   0.0000964175
 4013   0.0002958115   0.0000567075   0.0003230783  -0.0001433968   0.0000303316
 4014   0.0001261116   0.0000305143  -0.0000451627   0.0001590471  -0.0002347442
 4015  -0.0003809036   0.0002147602   0.0002735773  -0.0000282166  -0.0005759221
 4016  -0.0001458146  -0.0001370745  -0.0003143128  -0.0002865022   0.0004259468
 4017  -0.0002928784  -0.0001362754   0.0001732644   0.0003145402   0.0002420901
 4018  -0.0001907742  -0.0003544648   0.0001322441   0.0001463418  -0.0002545424
 4019  -0.0004925962  -0.0001763573  -0.0005121928   0.0006726655   0.0000004382
 4020   0.0001170922   0.0001196967  -0.0001609092  -0.0004694774  -0.0002851148
 4021  -0.0000199734  -0.0004405808  -0.0018686555   0.0020346909  -0.0061075241
 4022  -0.0012732838  -0.0009267751   0.0041555919  -0.0000263566  -0.0001852985
 4023  -0.0002578811  -0.0000033539   0.0001185093  -0.0005045864   0.0001878450
 4024  -0.0000727710  -0.0002384538  -0.0001585650  -0.0001902512  -0.0003816511
 4025  -0.0000864116  -0.0001063360  -0.0000145278   0.0002705228  -0.0001501468
 4026  -0.0000153778   0.0000165053   0.0001551074  -0.0000375268  -0.0001219358
 4027   0.0002662853  -0.0001334242   0.0002800291  -0.0000984986   0.0002947594
 4028  -0.0002775619   0.0001992334   0.0001569195  -0.0000579261  -0.0000375566
 4029   0.0002224887  -0.0000124182  -0.0000295570   0.0000549600   0.0001342228
 4030  -0.0002614005  -0.0001340087  -0.0000166272   0.0001007671  -0.0001791701
 4031   0.0001012704   0.0003791438   0.0000061318  -0.0000666706   0.0000266003
 4032   0.0000367285   0.0003207204   0.0001328246   0.0002555094   0.0005011099
 4033  -0.0003905400   0.0010585571  -0.0009228108  -0.0003744231  -0.0008010975
 4034   0.0002447731  -0.0002072473   0.0000746741   0.0000003602   0.0000814426
 4035  -0.0001453448   0.0006030127  -0.0000060518  -0.0008963265  -0.0010282871
 4036  -0.0001301261   0.0016113373   0.0000824402  -0.0001961142   0.0000825979
 4037   0.0000173753   0.0000011943   0.0000578004   0.0000044157   0.0000114006
 4038   0.0000057123   0.0000068866   0.0000030564   0.0000022375   0.0000007751
 4039  -0.0000111859   0.0000061426  -0.0000109851  -0.0000120651   0.0000161728
 4040  -0.0000237956  -0.0000718976   0.0000710203   0.0000081947  -0.0000355788
 4041  -0.0000572106  -0.0000166530   0.0000072795   0.0000024145  -0.0000123087
 4042  -0.0000186455   0.0000136751   0.0000166185  -0.0000186082   0.0000217953
 4043  -0.0000296432  -0.0000143425  -0.0000290649  -0.0000306533   0.0000253400
 4044   0.0000457001   0.0000030279  -0.0000353947  -0.0000525757   0.0000902240
 4045   0.0000398206   0.0000695759  -0.0000350747   0.0000237798  -0.0000410431
 4046  -0.0000545663   0.0000296151  -0.0000288168   0.0001849546   0.0003513800
 4047   0.0001265114   0.0000491511  -0.0000316185   0.0000434828
 41 1   0.0000875385   0.0001621678  -0.0001208833  -0.0000609937   0.0002111713
 41 2   0.0002017504  -0.0003319300   0.0003813377  -0.0000162188   0.0005115233
 41 3  -0.0000123159  -0.0000953703  -0.0006421279  -0.0009685987   0.0001019494
 41 4   0.0001070647  -0.0003567823   0.0003421983   0.0000750537  -0.0000459301
 41 5   0.0001832761  -0.0004166057   0.0000173114   0.0001186651  -0.0103130667
 41 6  -0.0172067622   0.0002571192   0.0102766122  -0.0162164566   0.0009897510
 41 7  -0.0000043734   0.0000023906   0.0003610138   0.0000573503   0.0003379487
 41 8   0.0000450764   0.0006123220   0.0017726499   0.0002619915   0.0009322856
 41 9   0.0725778493  -0.0018477197   0.0001524738   0.0021233091   0.0000811790
 4110   0.0000506844  -0.0000237183   0.0002381217  -0.0000725466  -0.0004644111
 4111  -0.0000389644   0.0112958531  -0.0185810556  -0.0004277848  -0.0126752379
 4112  -0.0206970712  -0.0003151135  -0.0001763726   0.0000807067   0.0002520712
 4113   0.0002480554   0.0000577498   0.0003477060  -0.0005125902   0.0001597416
 4114  -0.0001007454   0.0002084500  -0.0008470114   0.0003894456   0.0004982801
 4115  -0.0001109549  -0.0000907366  -0.0002298321  -0.0000731898  -0.0004531725
 4116  -0.0003988701  -0.0000496079  -0.0001358546   0.0000711229   0.0001021521
 4117  -0.0001362956  -0.0000524810  -0.0001439253   0.0001338617   0.0000605456
 4118  -0.0004501514  -0.0001614226   0.0002183585   0.0002491031  -0.0003116533
 4119  -0.0005646984   0.0001960465  -0.0005377121   0.0002500688  -0.0023842181
 4120  -0.0055359583   0.0003081378   0.0000113531  -0.0002100089   0.0001541069
 4121  -0.0002927944  -0.0002205063   0.0018726804   0.0003376391   0.0035821782
 4122  -0.0016199736   0.0004834658   0.0022610680   0.0001755925  -0.0002947924
 4123  -0.0001052319   0.0000522341  -0.0001129575  -0.0002225556   0.0001226476
 4124  -0.0008475366   0.0003858451  -0.0001378272   0.0002841496  -0.0002866564
 4125   0.0000253370   0.0001067022   0.0001181361   0.0002111902  -0.0003212921
 4126  -0.0000975104   0.0000294002   0.0002502811  -0.0001131694  -0.0001237635
 4127   0.0000791457   0.0001637339   0.0000331357   0.0000091171   0.0000980283
 4128   0.0000495588   0.0004959738  -0.0001962600   0.0005666663  -0.0004927871
 4129  -0.0000832975  -0.0001336986  -0.0001071059  -0.0002472904   0.0000261151
 4130  -0.0001612943   0.0000200377  -0.0000301419   0.0004358566   0.0002686968
 4131  -0.0002547755  -0.0001021558   0.0002864525   0.0003290446   0.0002455438
 4132   0.0004126484  -0.0005597234  -0.0007336570   0.0005641580  -0.0001682276
 4133   0.0006554758  -0.0005535670  -0.0005293763   0.0001826577  -0.0001446059
 4134   0.0001419026  -0.0002452735  -0.0000773038   0.0000970254  -0.0004002140
 4135   0.0000512012  -0.0003289085  -0.0002844327   0.0006076128   0.0001284049
 4136   0.0004148903   0.0004818121   0.0000431325  -0.0001219754   0.0001937877
 4137   0.0000147698  -0.0001271606  -0.0001544967   0.0000196979   0.0000005013
 4138  -0.0000463947   0.0000134969   0.0000086902   0.0000047185   0.0000034110
 4139  -0.0000057510   0.0000064353  -0.0000241577  -0.0000301534   0.0000276279
 4140  -0.0000162714  -0.0000149381   0.0001373301   0.0000128243  -0.0000201352
 4141  -0.0000387644  -0.0000066831   0.0000158881   0.0000181075  -0.0000103489
 4142  -0.0000137213   0.0000078138   0.0000536706   0.0000062314  -0.0001029810
 4143   0.0000175454  -0.0000048449  -0.0000485344   0.0000016488   0.0000120937
 4144   0.0000387404  -0.0000069320  -0.0000132999  -0.0000216542   0.0000062709
 4145   0.0000985881   0.0001952233  -0.0000323227   0.0000079903  -0.0000558559
 4146  -0.0000694672   0.0000116243  -0.0000902525   0.0002574437   0.0008329753
 4147  -0.0000861075   0.0000235905  -0.0000380362  -0.0007079595
 42 1   0.0000222791  -0.0001681460  -0.0001512407  -0.0000824867  -0.0000224293
 42 2  -0.0000172497   0.0002925977  -0.0000903241  -0.0000971599  -0.0003284343
 42 3   0.0001442729   0.0001160124   0.0001359156   0.0002711870   0.0001153101
 42 4   0.0000388503   0.0000516469  -0.0001922732  -0.0001664152  -0.0000229886
 42 5  -0.0000017183   0.0000401845  -0.0002822460  -0.0001709280  -0.0008102421
 42 6  -0.0012244747   0.0027147703   0.0005529522  -0.0006654304   0.0007998440
 42 7   0.0000836944   0.0000586343  -0.0000504909   0.0002273032   0.0000312671
 42 8   0.0005317662  -0.0012858270   0.0002427030   0.0018324629   0.0016720717
 42 9  -0.0018477197   0.0141731660   0.0008188047   0.0000255423   0.0008382001
 4210  -0.0001230586  -0.0000089594  -0.0002157090   0.0000560820   0.0001132621
 4211  -0.0000869464  -0.0007036993   0.0011494129   0.0013702813   0.0004267918
 4212   0.0009893668   0.0013950062   0.0003935536  -0.0001104279   0.0001608183
 4213  -0.0001010728   0.0000210842  -0.0002873881  -0.0001004792   0.0000404297
 4214   0.0002157642  -0.0000845375  -0.0000615733  -0.0001038366  -0.0002201191
 4215  -0.0002121589  -0.0001039989  -0.0000143923   0.0000731997   0.0000599302
 4216   0.0000365009  -0.0000061195  -0.0000292434   0.0000928393   0.0001612492
 4217   0.0001518630  -0.0002247783  -0.0006687266  -0.0002624824   0.0000231164
 4218   0.0000989880  -0.0000210824   0.0000564709   0.0001074827  -0.0002048603
 4219  -0.0006965290  -0.0006286007   0.0002443820   0.0012173709  -0.0046388417
 4220  -0.0056716492   0.0000421807  -0.0003666950   0.0001275447  -0.0004786026
 4221   0.0003255518   0.0000317001  -0.0051622754   0.0040467587  -0.0079555549
 4222   0.0039868447   0.0013163618  -0.0052594048   0.0001218171   0.0001609334
 4223   0.0003448054   0.0000646378   0.0001772477  -0.0004857542  -0.0003452290
 4224   0.0007497143  -0.0000471643   0.0003820856   0.0004463452   0.0000728692
 4225  -0.0000223952  -0.0000645764  -0.0000452286  -0.0000337070   0.0000051893
 4226  -0.0001752311   0.0000387525   0.0000403261  -0.0000240774   0.0002119553
 4227   0.0001806485   0.0001000705  -0.0003440757  -0.0000375076  -0.0000238564
 4228   0.0003197784  -0.0000423074   0.0001166215  -0.0002526615   0.0002743287
 4229  -0.0000190633  -0.0000886964   0.0001010973   0.0000754410   0.0001018171
 4230  -0.0000682540   0.0000132039   0.0000581566  -0.0000024101   0.0000626837
 4231   0.0000393695  -0.0009805885  -0.0003493004  -0.0000695521  -0.0000967456
 4232  -0.0006810575   0.0006023907   0.0010584447  -0.0003984933  -0.0023493627
 4233   0.0008356167  -0.0000211189  -0.0002813775  -0.0002061564  -0.0009796560
 4234  -0.0000108956   0.0001279634  -0.0000416364   0.0000996313  -0.0001593220
 4235  -0.0002668146   0.0003111107  -0.0016386153   0.0008587289   0.0025258517
 4236   0.0013023718  -0.0017922206  -0.0004488034   0.0000020643  -0.0000021584
 4237  -0.0000162083   0.0000396359   0.0000513481  -0.0000105732   0.0000021928
 4238   0.0000204360  -0.0000056810  -0.0000014236   0.0000011168   0.0000016124
 4239   0.0000043800  -0.0000086712   0.0000034855  -0.0000010681   0.0000256806
 4240  -0.0000349032   0.0000121809   0.0000348074   0.0000034993   0.0000007405
 4241   0.0000229200  -0.0000110176  -0.0000245700  -0.0000291190   0.0000004026
 4242  -0.0000048829  -0.0000144658  -0.0000660623  -0.0000275996   0.0000531500
 4243  -0.0000226735  -0.0001732660   0.0000522744   0.0000280687  -0.0000675923
 4244   0.0000074636   0.0000376382  -0.0000042145   0.0000247597   0.0001245827
 4245  -0.0000883254   0.0001295637   0.0000378020   0.0000256197   0.0000178197
 4246  -0.0000784818   0.0000158144  -0.0000417188  -0.0001710526  -0.0000532638
 4247   0.0000082716  -0.0000844915  -0.0000627052  -0.0006428344
 43 1  -0.0002415903  -0.0001934972  -0.0004466878   0.0003384187   0.0001741612
 43 2   0.0002266576   0.0004421735  -0.0001293292  -0.0001074079  -0.0008207431
 43 3  -0.0000283261  -0.0001336639   0.0000554472  -0.0003592819  -0.0002560338
 43 4   0.0002480961  -0.0001085855  -0.0003577335  -0.0000619768  -0.0003160059
 43 5  -0.0001106900   0.0000565650  -0.0001496661  -0.0000182816  -0.0000674218
 43 6   0.0001194930   0.0000458498  -0.0066922771  -0.0139485083   0.0002466487
 43 7  -0.0000298134  -0.0001537289  -0.0003001500  -0.0000979740  -0.0002179957
 43 8   0.0000082491  -0.0001141931  -0.0001368572  -0.0002421200  -0.0254299288
 43 9   0.0001524738   0.0008188047   0.0470307894   0.0103305328   0.0059755797
 4310   0.0001917252   0.0003702415  -0.0003131298   0.0002751335   0.0002021322
 4311  -0.0002128815  -0.0002559476   0.0002405965  -0.0001361352  -0.0039798536
 4312   0.0100722145   0.0003181026  -0.0061349333  -0.0088331371  -0.0005268686
 4313  -0.0005193683  -0.0001438609  -0.0003455944  -0.0000663968  -0.0000871210
 4314   0.0001402564   0.0004496027  -0.0001157264  -0.0000256184   0.0001969893
 4315  -0.0006677823   0.0002749118  -0.0006372263   0.0002145598   0.0004413744
 4316   0.0003144627   0.0001922076   0.0003459326   0.0000708498  -0.0002976202
 4317   0.0003851465   0.0000714177  -0.0000077650   0.0001420871  -0.0000852302
 4318   0.0002950142   0.0002289908   0.0000706960  -0.0002180072   0.0003247223
 4319   0.0002062077  -0.0000844546   0.0002673279   0.0004057241   0.0001324351
 4320  -0.0001858583  -0.0005450844   0.0002408329   0.0000921283  -0.0000358323
 4321   0.0002633781   0.0002983460  -0.0002272517  -0.0000212107   0.0000017643
 4322  -0.0030525329   0.0022415826  -0.0081452195  -0.0001627711   0.0001867564
 4323   0.0003739337  -0.0004289268  -0.0002412269   0.0004106912   0.0005351958
 4324   0.0002080295  -0.0000335050   0.0000715014   0.0000327476   0.0003542192
 4325  -0.0000863779  -0.0001410333  -0.0001038369  -0.0001000526   0.0002231630
 4326  -0.0000793280  -0.0000409390  -0.0002135373   0.0000654639   0.0001741294
 4327  -0.0001227475   0.0000430377  -0.0001763019   0.0000326692  -0.0001171663
 4328   0.0001514760  -0.0002601558   0.0000241512  -0.0002620819   0.0002233575
 4329   0.0000461788   0.0001029291   0.0000432792   0.0000450547  -0.0000838508
 4330   0.0001151671   0.0000261092  -0.0000790540  -0.0002315627  -0.0002711833
 4331   0.0003300238   0.0002101424   0.0001142998  -0.0001455905  -0.0000346152
 4332  -0.0001104981   0.0001460365   0.0004330960   0.0000677931  -0.0009311908
 4333  -0.0003895425   0.0005287109   0.0003752301   0.0005023223  -0.0000097468
 4334   0.0001518020  -0.0003279966  -0.0000580999  -0.0003555175   0.0005184739
 4335   0.0001370214   0.0003388457  -0.0001684245   0.0001213774   0.0000191571
 4336  -0.0002502397  -0.0000778457  -0.0001328126   0.0000035466  -0.0001278116
 4337   0.0000219467   0.0000816007   0.0001596738  -0.0000066232   0.0000037060
 4338   0.0000357194  -0.0000110741  -0.0000011897   0.0000024227  -0.0000009248
 4339   0.0000118198  -0.0000067231   0.0000221505   0.0000348869  -0.0000369654
 4340   0.0000394408   0.0000437275  -0.0000931916   0.0000026549   0.0000176142
 4341   0.0000367335   0.0000000570  -0.0000045116  -0.0000139258   0.0000221545
 4342   0.0000060370  -0.0000008407  -0.0000094420  -0.0000047284   0.0000159097
 4343   0.0000188648   0.0000116567  -0.0000254473   0.0000614285   0.0000251256
 4344  -0.0000623596  -0.0000588885  -0.0000076067   0.0000000818  -0.0011068259
 4345   0.0005805148  -0.0004718485  -0.0000069195  -0.0000476789  -0.0000292970
 4346   0.0000961150  -0.0000593993   0.0001247389   0.0001424116  -0.0001051814
 4347   0.0003151093   0.0000338917   0.0000385499  -0.0000376171
 44 1   0.0003651267   0.0000403075   0.0003252291  -0.0000379909  -0.0001509064
 44 2  -0.0000486101   0.0004037271  -0.0002340281   0.0001989614  -0.0004339143
 44 3  -0.0000637371   0.0001953435   0.0002107054  -0.0003626858   0.0002539727
 44 4  -0.0001198831   0.0001388179  -0.0000540992   0.0002899059   0.0001411704
 44 5  -0.0000418904  -0.0001030844   0.0001012024   0.0002168024  -0.0010937143
 44 6  -0.0002844585  -0.0001027539  -0.0106223346  -0.0225191692   0.0011739953
 44 7  -0.0003139894  -0.0004575979  -0.0001235014   0.0002366615  -0.0002562571
 44 8  -0.0000610103   0.0004143087   0.0001014478   0.0001234947   0.0009730841
 44 9   0.0021233091   0.0000255423   0.0103305328   0.0581432490  -0.0063708170
 4410   0.0004072697   0.0005789839  -0.0000802002   0.0000087752  -0.0000599608
 4411   0.0001232555   0.0003201187  -0.0002628716   0.0002003413   0.0088715608
 4412  -0.0149945715  -0.0007522455  -0.0137982388  -0.0203765665  -0.0004728021
 4413   0.0000585049  -0.0000703765  -0.0000472453  -0.0002271339  -0.0001028497
 4414   0.0003344207   0.0003089147   0.0003917348  -0.0001108677   0.0001366994
 4415  -0.0005894562   0.0003972083   0.0000720570   0.0003330165  -0.0004232313
 4416  -0.0006501373  -0.0000185226   0.0000249459   0.0006274647  -0.0000290400
 4417   0.0001802155  -0.0000397648   0.0004420912  -0.0000128350   0.0000138921
 4418  -0.0000316172  -0.0000853331  -0.0002697584   0.0003913721   0.0001213330
 4419   0.0002138998   0.0000008042   0.0000603224  -0.0001681377  -0.0000370645
 4420  -0.0005843247   0.0000823625   0.0001428206  -0.0004444032   0.0001377895
 4421  -0.0001627183  -0.0001632907   0.0001733929   0.0000850557   0.0000518397
 4422   0.0025923366  -0.0002707511   0.0058004701  -0.0004677317  -0.0000946936
 4423  -0.0000339549  -0.0001898021  -0.0005424421   0.0001698437   0.0007128894
 4424  -0.0000646682  -0.0001356066  -0.0000513603  -0.0005561884   0.0004596800
 4425   0.0000059217  -0.0000188340  -0.0000090099  -0.0001890532   0.0001194844
 4426  -0.0000795178  -0.0000548311  -0.0001851003   0.0000177515   0.0002374754
 4427  -0.0001061317   0.0001910675  -0.0001966373  -0.0000428613   0.0000600338
 4428   0.0000653278   0.0000213783  -0.0001289441   0.0001449955  -0.0000302572
 4429  -0.0000560047  -0.0000510706  -0.0000634782  -0.0001765067  -0.0000687306
 4430   0.0001461294   0.0001060956  -0.0001895490  -0.0000041426  -0.0001608724
 4431   0.0001910001   0.0002523549   0.0000643038   0.0000177878   0.0000261181
 4432  -0.0000462954   0.0000292710  -0.0000631755   0.0000037792   0.0001467538
 4433   0.0000064747  -0.0000778080   0.0000487105  -0.0005040862  -0.0001156681
 4434  -0.0003729774   0.0009214810   0.0007319274   0.0001902668  -0.0002734812
 4435  -0.0002553271  -0.0001357601  -0.0000406039  -0.0000272265   0.0000388850
 4436  -0.0001163703   0.0002812907   0.0000472276  -0.0000214493  -0.0001098537
 4437  -0.0000085272  -0.0000062105   0.0000340309  -0.0000022999  -0.0000006012
 4438   0.0000101402  -0.0000064515   0.0000027548  -0.0000006204  -0.0000059369
 4439   0.0000128234   0.0000076898   0.0000171728   0.0000375838  -0.0000402711
 4440   0.0000467523   0.0000759884  -0.0000397720   0.0000147668  -0.0000073344
 4441  -0.0000053254   0.0000133784  -0.0000006684   0.0000123465  -0.0000034784
 4442  -0.0000025639   0.0000133504   0.0000088007  -0.0000017128   0.0000062468
 4443   0.0000266074   0.0000177446  -0.0000459679   0.0000181412  -0.0000593064
 4444  -0.0000353097  -0.0000920783   0.0000456081  -0.0000642812   0.0007465350
 4445  -0.0008812548  -0.0001452345   0.0000210267   0.0000099906   0.0000967093
 4446   0.0000034522   0.0000593419  -0.0000766710  -0.0000763516   0.0001318382
 4447  -0.0002080198  -0.0000015277  -0.0000196544  -0.0000204506
 45 1  -0.0000597511   0.0000592331   0.0001619287   0.0001811828  -0.0001908943
 45 2   0.0002274651   0.0000256054  -0.0001289002  -0.0000047020  -0.0003851294
 45 3   0.0000879340  -0.0001993989   0.0001342360   0.0003926537  -0.0000856787
 45 4  -0.0001293225  -0.0001113553  -0.0002264519  -0.0000665195  -0.0002152544
 45 5   0.0000040095  -0.0000066383  -0.0001750211  -0.0002025692   0.0000079051
 45 6  -0.0000623452   0.0001471899   0.0000358968   0.0001063721  -0.0001798111
 45 7  -0.0000081425   0.0000595493  -0.0001576525   0.0002032522   0.0000139272
 45 8  -0.0000893573  -0.0001835202   0.0000356657   0.0002336995  -0.0006146445
 45 9   0.0000811790   0.0008382001   0.0059755797  -0.0063708170   0.0141527572
 4510   0.0000598937  -0.0000146260  -0.0001039292   0.0000286979  -0.0000944788
 4511  -0.0001452878   0.0003449932  -0.0000306179  -0.0000797019  -0.0008860437
 4512   0.0012751692   0.0010125063   0.0007017936   0.0013071991  -0.0004083191
 4513  -0.0001026543   0.0000899255  -0.0002552210   0.0001359491   0.0000352175
 4514   0.0002260087  -0.0000917964  -0.0000426985   0.0003682504   0.0001283948
 4515   0.0001309057   0.0000420055   0.0000540958   0.0003281721   0.0001493290
 4516   0.0003115407   0.0002091934   0.0000520232  -0.0003669853   0.0000543052
 4517   0.0001802353   0.0000392985  -0.0002238043  -0.0000477633  -0.0001621326
 4518   0.0001077166  -0.0000111143   0.0000698650  -0.0004046119   0.0000506004
 4519   0.0000995479  -0.0002422324   0.0000041978   0.0007882191   0.0000319984
 4520   0.0005432717  -0.0002593555  -0.0000984333  -0.0001336880  -0.0004151503
 4521   0.0003437115   0.0002278157  -0.0002471264   0.0003495127  -0.0000335897
 4522  -0.0053337908   0.0037847628  -0.0121771872   0.0001533184   0.0000061509
 4523   0.0001605429  -0.0000052682  -0.0002073665  -0.0000552560  -0.0000848932
 4524   0.0000169792  -0.0005043480   0.0000110169  -0.0001046020  -0.0000169756
 4525   0.0000898131   0.0000425252  -0.0000310482  -0.0003244524   0.0001508558
 4526  -0.0000769577   0.0000161355  -0.0000961420  -0.0000177542   0.0002832598
 4527  -0.0001717849   0.0000613574  -0.0001473170  -0.0000310433   0.0000387412
 4528  -0.0000039009  -0.0002725680  -0.0000218364  -0.0003394019   0.0002123471
 4529  -0.0001161426   0.0001308535   0.0000717971   0.0000241062  -0.0000984928
 4530   0.0002397828   0.0000429829   0.0001659992  -0.0002861465  -0.0000641881
 4531   0.0000279819  -0.0000361727   0.0000489366  -0.0001116730   0.0000268812
 4532  -0.0000620760   0.0000719885  -0.0000490965  -0.0000604228   0.0008522097
 4533   0.0003576692  -0.0002893227  -0.0003847509  -0.0002648375   0.0002139547
 4534  -0.0001929105  -0.0006613425  -0.0020980699   0.0003170595  -0.0008344354
 4535  -0.0005306744  -0.0001996435  -0.0000122463  -0.0000442687   0.0001750449
 4536  -0.0000785176  -0.0001322169  -0.0000740793   0.0002008210  -0.0000776500
 4537  -0.0000436026  -0.0000145799   0.0000273234  -0.0000119133  -0.0000227558
 4538   0.0000062288  -0.0000153744  -0.0000042533   0.0000025695  -0.0000054086
 4539   0.0000092458  -0.0000028293   0.0000049802   0.0000305341   0.0000078434
 4540  -0.0000228635   0.0000349981   0.0000129383  -0.0000011892   0.0000074110
 4541   0.0000133769  -0.0000001510  -0.0000117638  -0.0000109899   0.0000007982
 4542  -0.0000137794  -0.0000060575  -0.0000194293   0.0000004268  -0.0000000231
 4543  -0.0000304541  -0.0000041496   0.0000342146  -0.0000068955   0.0002426254
 4544  -0.0001904931  -0.0000115706   0.0000188786  -0.0001427345  -0.0000171347
 4545   0.0007690483   0.0000112849   0.0000542729   0.0000909056   0.0002044812
 4546  -0.0000047745   0.0001748519  -0.0001265482  -0.0001632540  -0.0000310345
 4547  -0.0003277219  -0.0000411773   0.0000256700   0.0000156516
 46 1   0.0002426708  -0.0005161537  -0.0001212540  -0.0003665982  -0.0002858969
 46 2  -0.0003991650   0.0000017480  -0.0000790700   0.0000509381  -0.0002127874
 46 3   0.0005657712  -0.0000434501  -0.0000111340   0.0007707484  -0.0007532775
 46 4   0.0004240058  -0.0000963280  -0.0002756713  -0.0001960639   0.0003587062
 46 5  -0.0000327079  -0.0001546095  -0.0002720697   0.0002107325   0.0000841456
 46 6   0.0002814689   0.0004991128  -0.0002368507   0.0000903536  -0.0001849189
 46 7  -0.0057160888  -0.0065697204   0.0001338143  -0.0048731348   0.0113485616
 46 8  -0.0010553840  -0.0005615645   0.0006697478  -0.0000983515   0.0000548902
 46 9   0.0000506844  -0.0001230586   0.0001917252   0.0004072697   0.0000598937
 4610   0.0380016056   0.0077413224  -0.0069822504  -0.0207502832  -0.0007948162
 4611  -0.0027618403   0.0001855820  -0.0000205645  -0.0002284517  -0.0001757083
 4612  -0.0002716189   0.0002765465   0.0008676110  -0.0004431459   0.0003233775
 4613  -0.0038111495  -0.0091386449  -0.0018827460  -0.0003367534   0.0003201410
 4614  -0.0002504655   0.0001181300  -0.0000960832  -0.0000805335  -0.0001271048
 4615  -0.0003651950  -0.0006360703   0.0000790669  -0.0000739804   0.0002082716
 4616   0.0001489323  -0.0001872302  -0.0001851899  -0.0005378599   0.0002582210
 4617  -0.0001903034   0.0000594690  -0.0009927598   0.0001058492  -0.0003950375
 4618  -0.0002813946   0.0001531734  -0.0001939092  -0.0001972870   0.0000537295
 4619  -0.0001521821  -0.0004595556   0.0000934176   0.0011534250   0.0004809057
 4620  -0.0001894486   0.0007141413   0.0004562552   0.0014092097  -0.0009080825
 4621   0.0009539783   0.0011782099   0.0006973734   0.0001727627   0.0007304115
 4622   0.0000544514  -0.0010404928  -0.0000087498  -0.0030362612  -0.0030639491
 4623   0.0099107902  -0.0000650672  -0.0001200406   0.0001750809  -0.0008179990
 4624   0.0002727246   0.0001872611   0.0000075922   0.0006518438   0.0005393680
 4625   0.0000884708   0.0001335632  -0.0001389545  -0.0003218250   0.0004837329
 4626  -0.0002272591  -0.0000160862  -0.0004916558   0.0019347570  -0.0000168067
 4627  -0.0000632281  -0.0001643217  -0.0001986143   0.0000827034  -0.0003770684
 4628   0.0002503369  -0.0010783990   0.0003073177  -0.0011127430   0.0008219182
 4629   0.0001451335   0.0003864560   0.0004540982   0.0003056071  -0.0000446276
 4630   0.0000542386  -0.0000403071   0.0009866561  -0.0006063129   0.0000042095
 4631  -0.0004975555  -0.0004144027  -0.0000933143  -0.0000498410  -0.0000103888
 4632  -0.0003371809   0.0002315272   0.0004729135   0.0001570630  -0.0004154893
 4633  -0.0003119378   0.0003550878   0.0006334908   0.0005039653  -0.0002489046
 4634  -0.0000649784   0.0000194344  -0.0000295525   0.0000449563  -0.0003136986
 4635   0.0001091484   0.0004609955  -0.0000322395   0.0000573111   0.0000372173
 4636  -0.0001610326  -0.0006107333  -0.0001995198   0.0001418556   0.0000529694
 4637  -0.0000072089  -0.0000097989  -0.0000573065   0.0000141005  -0.0000394862
 4638   0.0000071745   0.0000283267   0.0000058927  -0.0000241421   0.0000424090
 4639   0.0000541854  -0.0002227512   0.0000494180  -0.0000795037   0.0002098973
 4640   0.0004344941  -0.0003120080  -0.0008278858  -0.0000817048   0.0000851255
 4641  -0.0000115650   0.0000091324  -0.0000032229  -0.0000402471  -0.0000249213
 4642   0.0000353833  -0.0000204307  -0.0000418511   0.0000061069   0.0000425315
 4643   0.0000202369   0.0000192263   0.0000092547  -0.0000267208  -0.0000554653
 4644   0.0000385535   0.0000040538  -0.0000158949  -0.0000346755   0.0000483198
 4645  -0.0000109679   0.0000671798   0.0000211858  -0.0000161811  -0.0000015917
 4646  -0.0000625813   0.0000254022  -0.0000048664  -0.0000738425   0.0001161128
 4647  -0.0001362521   0.0000147982   0.0000244972   0.0000302146
 47 1   0.0001382604  -0.0005217519  -0.0000034735  -0.0002698986  -0.0001767464
 47 2  -0.0001277467  -0.0002849303   0.0002402682   0.0000563467  -0.0000198631
 47 3   0.0003530381  -0.0001429511  -0.0000271734   0.0004770988  -0.0006380112
 47 4  -0.0001030731  -0.0001172826  -0.0001015082  -0.0000500843  -0.0001498835
 47 5   0.0003466476  -0.0001119003  -0.0002817193   0.0000829584   0.0001016925
 47 6   0.0003488960   0.0004707708  -0.0003698112   0.0001867223  -0.0000513394
 47 7  -0.0104444897  -0.0162245032   0.0009637093   0.0108948202  -0.0181341201
 47 8   0.0015350335   0.0000638492   0.0001666198   0.0000666430  -0.0001065447
 47 9  -0.0000237183  -0.0000089594   0.0003702415   0.0005789839  -0.0000146260
 4710   0.0077413224   0.0532397537   0.0027977560   0.0004072707   0.0013603209
 4711  -0.0005354161   0.0003129634   0.0003064850  -0.0002211294   0.0003064073
 4712  -0.0001459040   0.0000421341   0.0008340882  -0.0004502108   0.0001620270
 4713  -0.0052231873  -0.0135220752  -0.0011894909  -0.0001514914  -0.0000082857
 4714  -0.0000626004  -0.0002894716  -0.0001515702  -0.0000880051  -0.0001920287
 4715  -0.0003669074  -0.0004155661   0.0001874539   0.0000589538   0.0000797833
 4716   0.0002465231  -0.0000677845  -0.0003817807  -0.0007228146   0.0000877493
 4717  -0.0005272059  -0.0000808400  -0.0005018536   0.0002566742  -0.0005454929
 4718  -0.0004891408  -0.0000610789   0.0000933560  -0.0007505467  -0.0000374479
 4719  -0.0001650611  -0.0005161566   0.0003234641   0.0005390556   0.0004225823
 4720  -0.0001348804  -0.0009240045  -0.0057082800  -0.0101667623  -0.0001252635
 4721   0.0005517859   0.0003285393   0.0004527333   0.0003017768   0.0008794456
 4722   0.0001871913  -0.0003412117   0.0000041325  -0.0020739898  -0.0006979919
 4723   0.0056517493   0.0005457756  -0.0001727510   0.0002294182  -0.0004549247
 4724   0.0002343252   0.0001788761  -0.0001302188   0.0003026287   0.0004120644
 4725   0.0002956377   0.0001752727  -0.0000489459  -0.0007826633   0.0000355950
 4726  -0.0008536242   0.0002110732   0.0006050194  -0.0000319523   0.0007054239
 4727  -0.0003787231   0.0006789572  -0.0007718299  -0.0001143314   0.0002774823
 4728  -0.0000976598  -0.0013623331   0.0000610993  -0.0020955561   0.0008374010
 4729   0.0001791743   0.0011542373   0.0006616829   0.0003708632  -0.0004669485
 4730   0.0006836243  -0.0002707299   0.0012169298  -0.0011798328  -0.0005217621
 4731  -0.0001789269   0.0001156681  -0.0001037371  -0.0002142419  -0.0000203978
 4732  -0.0004320328   0.0004606918   0.0009868757   0.0002343865  -0.0007725425
 4733  -0.0007698897   0.0004746310   0.0012239950   0.0007393832  -0.0004965432
 4734  -0.0001914054   0.0000935138  -0.0000653297   0.0000136822  -0.0004414230
 4735   0.0000948136   0.0005432827  -0.0000883517   0.0000200824   0.0002828607
 4736  -0.0007434597  -0.0002729696  -0.0001203206   0.0003991141  -0.0007545706
 4737  -0.0000386145  -0.0000707094   0.0000000086  -0.0000043390  -0.0000999566
 4738   0.0000476450  -0.0000259956   0.0000124056  -0.0000102802  -0.0000274274
 4739   0.0000198986  -0.0000776329  -0.0000093016  -0.0000247886   0.0003493430
 4740  -0.0006697078   0.0000306115   0.0007851067  -0.0001243670   0.0000161491
 4741   0.0002423738   0.0000129791   0.0000048703  -0.0000675451  -0.0000565307
 4742   0.0000287296   0.0000249027  -0.0000514303  -0.0000165084   0.0000694633
 4743   0.0000420998   0.0000090090   0.0000050120   0.0000039281  -0.0001052850
 4744   0.0000670527   0.0000250095  -0.0000127683  -0.0000276598   0.0000898963
 4745  -0.0000284849   0.0001209693   0.0000279886   0.0000091351  -0.0000102329
 4746  -0.0000919128   0.0000842272   0.0000093691  -0.0000825418   0.0001582459
 4747  -0.0000786606   0.0000081006   0.0000532178   0.0000532794
 48 1  -0.0000959539  -0.0004363196  -0.0001670882  -0.0000297610  -0.0001893920
 48 2  -0.0000008316  -0.0001442321  -0.0000043695  -0.0004179091  -0.0000141204
 48 3   0.0004456086  -0.0003100988  -0.0001830269   0.0000815242  -0.0004165950
 48 4   0.0002322711   0.0001509666  -0.0002044915  -0.0001980417   0.0000742455
 48 5   0.0001304069   0.0002066604  -0.0002686984   0.0001070389   0.0000193491
 48 6  -0.0000218342   0.0001789909   0.0001771434   0.0002200486  -0.0003287352
 48 7  -0.0007332766  -0.0001832472  -0.0003029876   0.0004344975   0.0002500247
 48 8   0.0011809476  -0.0005925041   0.0003418391  -0.0000693457   0.0001753994
 48 9   0.0002381217  -0.0002157090  -0.0003131298  -0.0000802002  -0.0001039292
 4810  -0.0069822504   0.0027977560   0.0264850473   0.0006695018  -0.0003382933
 4811   0.0008874013   0.0002314258   0.0000559245  -0.0000356503  -0.0002920045
 4812  -0.0001282800   0.0001415569   0.0002078929   0.0002343089  -0.0001737226
 4813   0.0005924134   0.0011858167  -0.0008243693   0.0001295608   0.0004233686
 4814   0.0002262043  -0.0000683878  -0.0000929346  -0.0000715954   0.0002222286
 4815  -0.0000604129  -0.0004158206  -0.0001009913   0.0001936076   0.0005526219
 4816   0.0005735527  -0.0000283170   0.0000953809  -0.0005665627  -0.0005990626
 4817  -0.0001028554  -0.0001416987  -0.0004211698   0.0003772062   0.0000173667
 4818   0.0000132580   0.0000883945  -0.0001109331  -0.0003928542  -0.0002565770
 4819  -0.0000454928  -0.0004712796   0.0003458242   0.0004620395   0.0001892044
 4820   0.0002037326  -0.0022068154  -0.0094142997  -0.0119549655   0.0000219905
 4821   0.0000334958   0.0004408795   0.0003561576   0.0001871101   0.0006747386
 4822   0.0001141929  -0.0003486755   0.0001347784   0.0067862095   0.0061618612
 4823  -0.0123624965   0.0004475147  -0.0000267862  -0.0000228760  -0.0000745561
 4824   0.0000230150   0.0002916074   0.0002969826   0.0002918798   0.0004166984
 4825   0.0002340976   0.0000133124   0.0001354533  -0.0000237138  -0.0013335179
 4826  -0.0000825255   0.0017789694   0.0027400049  -0.0052096731  -0.0002776468
 4827   0.0000329382   0.0000410350  -0.0003828327   0.0002304764  -0.0007065865
 4828   0.0001767906  -0.0011871205   0.0003132532  -0.0016615964   0.0009022721
 4829   0.0002627384   0.0005915577   0.0005261844   0.0004772423  -0.0000814862
 4830   0.0001124958  -0.0001674637   0.0010888427  -0.0008319861  -0.0005912930
 4831  -0.0002493628   0.0000417569  -0.0000028853  -0.0001100057  -0.0002012464
 4832  -0.0004886351   0.0003924091   0.0008363976   0.0001934120  -0.0005393093
 4833  -0.0006873026   0.0003242337   0.0009717081   0.0005906766  -0.0002319628
 4834  -0.0002163350   0.0001282437  -0.0000489867  -0.0000356666  -0.0002914798
 4835   0.0000926180   0.0003816060  -0.0001146269   0.0000514319   0.0002644913
 4836  -0.0004781186  -0.0002841803  -0.0001940002   0.0000349968  -0.0005325935
 4837  -0.0000263226   0.0000128878   0.0001191947  -0.0000665841  -0.0000991486
 4838   0.0000373727  -0.0000285883   0.0000048405  -0.0000022169   0.0000115016
 4839  -0.0001159135   0.0002917594  -0.0002293847  -0.0001268327   0.0003986512
 4840  -0.0010340999  -0.0009501744   0.0018769312  -0.0002297424   0.0000559496
 4841  -0.0005530679   0.0000042574   0.0000006690  -0.0000586651  -0.0000180853
 4842   0.0000155275   0.0000154195  -0.0000336379  -0.0000150332   0.0000710909
 4843   0.0000301040  -0.0000071716   0.0000020536   0.0000292021  -0.0000829511
 4844   0.0000299705   0.0000284541   0.0000069292   0.0000253855  -0.0000004752
 4845  -0.0000326059   0.0000000791   0.0000330770   0.0000103077   0.0000226517
 4846  -0.0000267674   0.0000586580   0.0000263689  -0.0000510554   0.0000828746
 4847  -0.0000560633   0.0000190181   0.0000302706   0.0000076452
 49 1   0.0000093307   0.0005446129   0.0005026301   0.0000404943  -0.0001959112
 49 2  -0.0000822593  -0.0001966828   0.0001155371   0.0000828115   0.0003922117
 49 3  -0.0001291911   0.0000055327  -0.0000705179  -0.0001519494   0.0002456864
 49 4  -0.0003819411  -0.0000548317   0.0002453585   0.0005116241  -0.0001029217
 49 5  -0.0000020389  -0.0003269534  -0.0000587894   0.0000229006   0.0002103974
 49 6   0.0001741023  -0.0000611330  -0.0000582061  -0.0000254406   0.0003099381
 49 7  -0.0003914412  -0.0006247567   0.0001449602  -0.0030828127  -0.0088109420
 49 8   0.0007251233  -0.0044562204   0.0104491914   0.0001014680  -0.0003322723
 49 9  -0.0000725466   0.0000560820   0.0002751335   0.0000087752   0.0000286979
 4910  -0.0207502832   0.0004072707   0.0006695018   0.0665329730  -0.0013273005
 4911   0.0013041724  -0.0246765608   0.0000531851  -0.0011853596   0.0000834844
 4912   0.0000328986  -0.0000807219  -0.0002379714  -0.0003228817   0.0004319421
 4913  -0.0046435676   0.0117599215   0.0007253800  -0.0046887831  -0.0119854410
 4914  -0.0009826010  -0.0008151820   0.0003059832  -0.0000542516   0.0000995310
 4915   0.0000019262   0.0000227739   0.0004308668   0.0001933491  -0.0003931429
 4916  -0.0002723603  -0.0000073842  -0.0000838122   0.0001883832   0.0003248147
 4917  -0.0001636707  -0.0000364476   0.0002262298  -0.0000234322   0.0000877400
 4918  -0.0001152028  -0.0002424976   0.0000360856  -0.0003014479  -0.0000398312
 4919  -0.0000140973   0.0001485140  -0.0002711378  -0.0002134619  -0.0002212555
 4920  -0.0001293466  -0.0001604455  -0.0001880874  -0.0010294923   0.0013982094
 4921  -0.0000674175  -0.0001578908  -0.0006490988   0.0003017273   0.0001342701
 4922   0.0000816895   0.0001765298  -0.0001013496  -0.0017165456   0.0012987216
 4923  -0.0053956645  -0.0015384538  -0.0018172102   0.0052006950  -0.0001493667
 4924  -0.0000159996  -0.0001074023  -0.0005201874   0.0001161640  -0.0002619795
 4925   0.0001872203   0.0002269758   0.0001530465  -0.0003938300  -0.0000993693
 4926  -0.0000365637  -0.0000454999   0.0000415846  -0.0002361282   0.0004182022
 4927  -0.0000875588   0.0002273402   0.0001275846  -0.0002662692   0.0006285061
 4928  -0.0004262989   0.0002838914  -0.0003648215   0.0008652280  -0.0003053042
 4929  -0.0001010796  -0.0003231351  -0.0002826316  -0.0004722286  -0.0000662815
 4930   0.0001835172   0.0002106912  -0.0007824896   0.0000402097   0.0002320315
 4931   0.0006529440   0.0003693129   0.0001278107  -0.0001276585   0.0001891638
 4932   0.0002961748  -0.0001394474  -0.0002932268  -0.0000635118  -0.0000825238
 4933   0.0002639733  -0.0000887825  -0.0001449596  -0.0002148979  -0.0000359656
 4934   0.0000382671   0.0000066095   0.0000220826  -0.0000388553   0.0001415506
 4935  -0.0000779557  -0.0000258326  -0.0001694853   0.0001778592   0.0001270741
 4936  -0.0003627703   0.0004392654   0.0002373769   0.0005223223  -0.0011775121
 4937  -0.0000567909  -0.0001252875  -0.0001516210  -0.0000032950  -0.0000247948
 4938  -0.0000366413  -0.0000123487  -0.0000074191  -0.0000057945  -0.0000120187
 4939  -0.0000236085   0.0000523966   0.0000145890   0.0000215500  -0.0000546348
 4940   0.0001004094   0.0000383727   0.0002259667  -0.0001037897  -0.0000196515
 4941  -0.0000496279   0.0000117614   0.0000071743   0.0000256734  -0.0000059533
 4942  -0.0000134076  -0.0000007737   0.0000220822  -0.0000018761  -0.0000475783
 4943  -0.0000051447  -0.0000007846  -0.0000069852   0.0000008205   0.0000035747
 4944  -0.0000140925  -0.0000020743  -0.0000017981  -0.0000015066  -0.0000221048
 4945  -0.0000139049  -0.0000156731  -0.0000058051   0.0000074759  -0.0000233350
 4946   0.0000030011  -0.0000076474   0.0000022470   0.0000362727  -0.0000447001
 4947   0.0001285114  -0.0000149901  -0.0000234108   0.0000023010
 50 1   0.0001953676  -0.0000179446   0.0004579087  -0.0001482012  -0.0002383654
 50 2   0.0002823399   0.0001279840   0.0000846417  -0.0000178959  -0.0005265116
 50 3   0.0001610375  -0.0004158909   0.0001426054   0.0007516996  -0.0003291796
 50 4  -0.0001578188  -0.0002276227  -0.0001100793  -0.0000018926  -0.0002471104
 50 5  -0.0000021210   0.0000254550  -0.0005503565   0.0001658336   0.0000385169
 50 6   0.0001955479   0.0001181624  -0.0000319396   0.0002802950   0.0000366533
 50 7  -0.0003370079   0.0001841738   0.0001279034  -0.0087450697  -0.0139728547
 50 8   0.0006479192   0.0102074146  -0.0168416842   0.0003666931  -0.0001595788
 50 9  -0.0004644111   0.0001132621   0.0002021322  -0.0000599608  -0.0000944788
 5010  -0.0007948162   0.0013603209  -0.0003382933  -0.0013273005   0.0689685399
 5011  -0.0006384521   0.0007419982   0.0014990491  -0.0002883125   0.0002882721
 5012   0.0003484678  -0.0001371092   0.0001408850  -0.0004942519   0.0004786333
 5013   0.0119962468  -0.0189398313   0.0000043901  -0.0112314478  -0.0181989178
 5014  -0.0014462297  -0.0002742967   0.0003815642   0.0000244586  -0.0000810944
 5015   0.0002280223  -0.0001907719   0.0001126441   0.0008133930  -0.0003807316
 5016   0.0000044312   0.0002228656  -0.0002384959  -0.0003421906   0.0001315303
 5017   0.0000334804  -0.0000877235  -0.0004662113   0.0000590715  -0.0004036233
 5018  -0.0005082183  -0.0001450404   0.0000634009  -0.0007383853  -0.0002041461
 5019  -0.0000929269  -0.0005663880  -0.0000978765   0.0006750519   0.0003111000
 5020  -0.0002631210  -0.0001794462  -0.0001819607  -0.0000495387  -0.0003161532
 5021  -0.0028166848  -0.0061711259   0.0005836071   0.0001302124   0.0001891858
 5022   0.0002148169  -0.0004708053  -0.0000672230   0.0016568354   0.0000637555
 5023   0.0034276078  -0.0013529803  -0.0002591218   0.0032791837  -0.0002033451
 5024   0.0000471525  -0.0000140603  -0.0005090138   0.0002192612   0.0001570403
 5025   0.0002810930   0.0003138930   0.0001609374  -0.0006635232  -0.0000701600
 5026  -0.0002728976   0.0001644769   0.0001911928  -0.0001839961   0.0004887349
 5027  -0.0003198309   0.0002998308  -0.0003316197  -0.0001019597   0.0001250593
 5028   0.0001954405  -0.0008327788   0.0004835607  -0.0003797458   0.0006756343
 5029  -0.0000575193   0.0002324567   0.0001449451  -0.0001397746  -0.0002211099
 5030   0.0004352136   0.0000810088   0.0006349982  -0.0003908772   0.0002281010
 5031  -0.0004425747  -0.0003630922  -0.0002281079   0.0000302399   0.0000525689
 5032  -0.0001402485   0.0000577967   0.0002482506   0.0001005538  -0.0002948451
 5033  -0.0001938400   0.0002299468   0.0004815910   0.0002854520  -0.0001856269
 5034  -0.0000507606   0.0000704315   0.0000300859   0.0000036595  -0.0001783419
 5035   0.0000011612   0.0004283715   0.0000205955  -0.0000103678  -0.0001973753
 5036   0.0000143860  -0.0005078126  -0.0002756827  -0.0001093740   0.0015914981
 5037  -0.0000692738  -0.0001411962  -0.0001960897  -0.0000033743  -0.0000606427
 5038  -0.0000373328  -0.0000129900  -0.0000015764  -0.0000077825   0.0000095800
 5039   0.0000231268  -0.0000309282  -0.0000069753   0.0000094520   0.0001111585
 5040  -0.0001219262   0.0000313656   0.0002724401   0.0000663042  -0.0000184824
 5041   0.0000202932   0.0000143804   0.0000147134  -0.0000112548  -0.0000209032
 5042   0.0000029122  -0.0000188924  -0.0000310887   0.0000135208   0.0000079170
 5043   0.0000096686   0.0000285898  -0.0000070278  -0.0000245450  -0.0000422965
 5044   0.0000163420  -0.0000059852  -0.0000058601  -0.0000158478   0.0000102309
 5045  -0.0000406046  -0.0000343253   0.0000043961   0.0000031760  -0.0000261538
 5046  -0.0000595537   0.0000299191  -0.0000043375  -0.0000237289   0.0001181777
 5047  -0.0000044507   0.0000108760   0.0000218536   0.0000313266
 51 1   0.0000009349  -0.0001089437  -0.0000695733   0.0000817520  -0.0000568232
 51 2   0.0000088305   0.0001593759  -0.0000018998  -0.0002387030  -0.0001477055
 51 3   0.0001617843  -0.0002719111  -0.0001499023   0.0001607543  -0.0003812152
 51 4   0.0000900743  -0.0000751816  -0.0001790208   0.0001416157   0.0000197401
 51 5  -0.0000008440  -0.0002434395  -0.0002640344  -0.0001022171   0.0001138515
 51 6   0.0000709969   0.0003573828  -0.0000698373   0.0001971556  -0.0002082353
 51 7  -0.0000346988   0.0006553518  -0.0000900439  -0.0004573466  -0.0008531921
 51 8   0.0015855692   0.0002228551  -0.0002129806   0.0011778476   0.0003272873
 51 9  -0.0000389644  -0.0000869464  -0.0002128815   0.0001232555  -0.0001452878
 5110  -0.0027618403  -0.0005354161   0.0008874013   0.0013041724  -0.0006384521
 5111   0.0153818232   0.0006799707  -0.0002560738   0.0013477589  -0.0001334551
 5112  -0.0000089197   0.0003418772   0.0000472496  -0.0000890236  -0.0001775895
 5113  -0.0011563292   0.0027617300   0.0004296000   0.0005315407   0.0008242947
 5114   0.0008266994   0.0001933810  -0.0000032577   0.0002352368  -0.0001393356
 5115   0.0000640660  -0.0003125194  -0.0000731110   0.0001493157   0.0001799688
 5116   0.0002566163  -0.0000404467   0.0000908535  -0.0002419641  -0.0003433603
 5117   0.0001056590   0.0000354477  -0.0005074654   0.0002285278  -0.0001091093
 5118   0.0001185704  -0.0000801151   0.0000678029  -0.0003586414  -0.0002055518
 5119  -0.0001326626  -0.0001999447  -0.0002194875   0.0003138111   0.0001455070
 5120   0.0001705975  -0.0007051368  -0.0005616384   0.0004902840  -0.0003302901
 5121  -0.0061878998  -0.0071004249   0.0008126817  -0.0003618464   0.0002607593
 5122  -0.0000047045  -0.0001490809   0.0001199805  -0.0036653638   0.0026502427
 5123  -0.0055243284   0.0043868339   0.0030604717  -0.0063328676   0.0004080071
 5124   0.0000081954  -0.0000178644   0.0003228143   0.0003322287   0.0001278608
 5125   0.0000801561   0.0001734353   0.0000406554  -0.0000522441   0.0000511529
 5126   0.0001529084  -0.0000519340  -0.0001046511   0.0001779708  -0.0000613823
 5127  -0.0001252936   0.0000833186  -0.0002130259   0.0001245625  -0.0001570257
 5128   0.0001493389   0.0008159457  -0.0011369222  -0.0000585125  -0.0006164400
 5129   0.0001029613   0.0000148565  -0.0001198590  -0.0001115450  -0.0000641831
 5130   0.0000474669   0.0000640665  -0.0002040541   0.0003142686   0.0001206223
 5131   0.0004021572  -0.0000453931   0.0003822481   0.0000281851  -0.0000448725
 5132  -0.0000156726  -0.0000321137  -0.0002330892   0.0000323502   0.0002626861
 5133   0.0000936740  -0.0000630579  -0.0002525652  -0.0001282976  -0.0000427238
 5134   0.0000931603  -0.0000523877  -0.0000345115  -0.0000114473   0.0001681650
 5135   0.0000326526  -0.0002460312  -0.0002104120   0.0000832936   0.0000198299
 5136   0.0001516209  -0.0000171213   0.0005128918   0.0002863020  -0.0022358671
 5137  -0.0000116698  -0.0000667864  -0.0001297587   0.0000165900  -0.0000091658
 5138  -0.0000464708   0.0000075231   0.0000016078  -0.0000062398   0.0000028406
 5139   0.0000092217  -0.0000393612  -0.0000089629  -0.0000397210   0.0000181936
 5140  -0.0000241926   0.0000152371  -0.0001604546   0.0000434578  -0.0000431152
 5141   0.0002939209  -0.0000157169   0.0000071364   0.0000184508   0.0000117569
 5142   0.0000016814  -0.0000033509   0.0000259324   0.0000043526   0.0000081165
 5143  -0.0000074765   0.0000082882   0.0000159449  -0.0000174400  -0.0000058885
 5144  -0.0000092819  -0.0000110339   0.0000044253   0.0000091203  -0.0000482912
 5145   0.0000003012  -0.0000021892  -0.0000016200  -0.0000136840  -0.0000117524
 5146   0.0000039874  -0.0000403142   0.0000140815   0.0000042764  -0.0000289581
 5147   0.0000054307  -0.0000146914  -0.0000006903  -0.0000427716
 52 1   0.0002917629   0.0000789537  -0.0000379668  -0.0001409433   0.0001503086
 52 2   0.0003704702  -0.0003609847   0.0000562348   0.0003036495   0.0002605239
 52 3   0.0000840343   0.0001596416   0.0001457674   0.0001157993   0.0005018872
 52 4  -0.0000048108  -0.0000502736   0.0001800017  -0.0001455839  -0.0000081761
 52 5   0.0002576734   0.0002524561   0.0000178413  -0.0000608279  -0.0005958338
 52 6  -0.0001872108  -0.0000846844   0.0002417017  -0.0003915310  -0.0000230395
 52 7   0.0002280355  -0.0004320941   0.0003893730  -0.0002005826  -0.0001989123
 52 8   0.0001142687  -0.0042979160  -0.0101691054   0.0004881485  -0.0055021696
 52 9   0.0112958531  -0.0007036993  -0.0002559476   0.0003201187   0.0003449932
 5210   0.0001855820   0.0003129634   0.0002314258  -0.0246765608   0.0007419982
 5211   0.0006799707   0.0740640558  -0.0000536020  -0.0005906302  -0.0265587487
 5212   0.0001373054  -0.0006161391  -0.0000323599   0.0001292318   0.0002411327
 5213  -0.0006363976  -0.0000035879   0.0003346347  -0.0046221481   0.0102624470
 5214   0.0010112784  -0.0045541068  -0.0125714079  -0.0002887454  -0.0002416787
 5215   0.0000514175   0.0003400128  -0.0001082096  -0.0001409035  -0.0005218538
 5216  -0.0004689376   0.0000625753  -0.0002064921   0.0003269784   0.0001139241
 5217  -0.0001153534  -0.0002164097   0.0004046733  -0.0001809662  -0.0000474182
 5218  -0.0002240939  -0.0002658707  -0.0000089623   0.0007615681  -0.0004917731
 5219  -0.0000805945   0.0002161040  -0.0001547138  -0.0002055876  -0.0001689894
 5220  -0.0001953584   0.0006953296  -0.0004319308  -0.0004528171  -0.0003841283
 5221  -0.0007212765  -0.0009766325   0.0009074734   0.0002046324   0.0001310171
 5222  -0.0004670322   0.0008289074   0.0003620660  -0.0000787743  -0.0000947928
 5223  -0.0000893561  -0.0014550687   0.0018927087  -0.0058239903  -0.0015924256
 5224  -0.0017638610   0.0042219556  -0.0003285892  -0.0004346550  -0.0001087133
 5225  -0.0000469438   0.0000489758   0.0001286083   0.0004159245  -0.0004410485
 5226  -0.0001879908   0.0000344649   0.0003780290  -0.0001605724  -0.0001139741
 5227   0.0003757098   0.0001635067  -0.0001813017   0.0000617304   0.0001212748
 5228   0.0004523864   0.0007566045  -0.0002199621   0.0005170439  -0.0006279210
 5229  -0.0001370082  -0.0001699762  -0.0001178371  -0.0000317565   0.0002109577
 5230  -0.0003385795  -0.0001157363  -0.0000376681   0.0005585148   0.0004084243
 5231  -0.0005384205   0.0000089604  -0.0000465886   0.0003740246  -0.0000676606
 5232  -0.0000460617  -0.0002204781  -0.0004761353   0.0000432858   0.0002268396
 5233   0.0004331227  -0.0001780476  -0.0004657210   0.0000187506   0.0003467798
 5234   0.0002186000  -0.0002001876  -0.0000319658   0.0001669861  -0.0004374039
 5235   0.0001656074   0.0000387330   0.0001080296  -0.0001600071  -0.0005457263
 5236   0.0003225203   0.0002270203   0.0004722634  -0.0007423724   0.0015993229
 5237   0.0000222379  -0.0001002173  -0.0001528629   0.0000175065   0.0000201730
 5238  -0.0000424364   0.0000175582   0.0000046772   0.0000026784   0.0000024694
 5239  -0.0000185871   0.0000127219  -0.0000228996  -0.0000459129   0.0000361932
 5240  -0.0000265770  -0.0000155958   0.0002131985   0.0000027831  -0.0000011016
 5241  -0.0000347598  -0.0000170688   0.0000090938   0.0000060203  -0.0000052136
 5242  -0.0000191143  -0.0000105018   0.0000227181   0.0000022480  -0.0000139904
 5243  -0.0000154061  -0.0000125757  -0.0000068858  -0.0000278747   0.0000599379
 5244   0.0000213312  -0.0000123071  -0.0000164375  -0.0000277524   0.0000000801
 5245   0.0000869755   0.0000797340  -0.0000575419   0.0000219005  -0.0000814546
 5246  -0.0000769785   0.0000132450  -0.0000899227  -0.0000856842   0.0001625701
 5247  -0.0003999815   0.0001234280   0.0000337228  -0.0000734393
 53 1   0.0002103687   0.0001648298   0.0003278580  -0.0000867870  -0.0000130168
 53 2   0.0001081051   0.0001889628   0.0000345215   0.0000320100  -0.0001850431
 53 3  -0.0000199742  -0.0000276795   0.0000880423   0.0001446646   0.0000019704
 53 4  -0.0002106886   0.0001391123   0.0000003201  -0.0000045981  -0.0000700716
 53 5   0.0000827636  -0.0000933994  -0.0002743104  -0.0002711800  -0.0001141591
 53 6  -0.0001488192   0.0001734282   0.0000373713   0.0001758410   0.0002087509
 53 7  -0.0002960246  -0.0002164985   0.0001190928   0.0001379499  -0.0002234756
 53 8   0.0000151815  -0.0106416784  -0.0165647350   0.0003340041   0.0117524398
 53 9  -0.0185810556   0.0011494129   0.0002405965  -0.0002628716  -0.0000306179
 5310  -0.0000205645   0.0003064850   0.0000559245   0.0000531851   0.0014990491
 5311  -0.0002560738  -0.0000536020   0.0728394055  -0.0001162643   0.0004084497
 5312   0.0018194032  -0.0002949110  -0.0004238470  -0.0002410899   0.0001772738
 5313   0.0008967188   0.0000129548   0.0002702632   0.0097450178  -0.0167386157
 5314  -0.0011016884  -0.0112115406  -0.0198639487   0.0000012505  -0.0007226074
 5315   0.0003165382   0.0001679593   0.0001865531   0.0003321908  -0.0003648921
 5316   0.0000104143   0.0000887644  -0.0002138599  -0.0001574890   0.0000344724
 5317  -0.0001326253   0.0000250729   0.0000570646  -0.0000959624  -0.0002676313
 5318  -0.0002007140  -0.0001379864   0.0001441318  -0.0001674284   0.0000055806
 5319  -0.0000438241  -0.0002409791  -0.0002513438   0.0000442197  -0.0001484520
 5320  -0.0003302272   0.0002655957  -0.0000196325   0.0000393031  -0.0002099967
 5321  -0.0000659771  -0.0001917397   0.0000814629  -0.0034804568  -0.0072407304
 5322   0.0002876749  -0.0000257856  -0.0003580136   0.0000619113  -0.0002284200
 5323  -0.0000686831   0.0013266709  -0.0003608328   0.0034212860  -0.0008742695
 5324   0.0000659432   0.0025775487  -0.0004097204   0.0000087745  -0.0002283484
 5325  -0.0000029002   0.0000208361   0.0000658196   0.0000951680  -0.0000101150
 5326   0.0002260321  -0.0000491449  -0.0001253450   0.0000850388  -0.0001406848
 5327   0.0001870313  -0.0001461275  -0.0000706474   0.0000639345  -0.0001585700
 5328   0.0002880332   0.0003408110  -0.0000654051   0.0006056506  -0.0002547830
 5329   0.0000028312  -0.0002274942  -0.0001187245   0.0000035786   0.0001826110
 5330  -0.0001621356  -0.0000337056  -0.0004965925   0.0002740927   0.0001756217
 5331   0.0001266436   0.0000294479  -0.0000441479  -0.0000348538   0.0000062281
 5332   0.0000838013  -0.0000546381  -0.0000508050  -0.0000869716   0.0000610698
 5333  -0.0000253834   0.0000628462  -0.0001975106  -0.0002890942  -0.0001274998
 5334   0.0000131527   0.0001095686   0.0000967854  -0.0000907073   0.0002939464
 5335  -0.0001787330  -0.0002243343  -0.0000979258   0.0002129435  -0.0000810449
 5336   0.0002243279   0.0006182981  -0.0000433587  -0.0004725439   0.0011159817
 5337  -0.0000136349   0.0000034673  -0.0000711245   0.0000029812   0.0000179295
 5338  -0.0000143818   0.0000068322  -0.0000053778  -0.0000073702   0.0000057974
 5339  -0.0000024395  -0.0000015270   0.0000028726   0.0000011771  -0.0000320577
 5340   0.0000222367   0.0000014855  -0.0001020236   0.0000021701  -0.0000051641
 5341   0.0000166928  -0.0000020389   0.0000090389  -0.0000065892   0.0000049344
 5342   0.0000009192  -0.0000093689   0.0000019814   0.0000179346  -0.0000045125
 5343  -0.0000069395   0.0000133607  -0.0000042845  -0.0000231154   0.0000038060
 5344  -0.0000371157  -0.0000139861   0.0000034231  -0.0000038909  -0.0000436349
 5345  -0.0000345546  -0.0001278669  -0.0000240306   0.0000157330  -0.0000344645
 5346   0.0000170262  -0.0000144974   0.0000368414   0.0000982140  -0.0000348502
 5347   0.0002336201   0.0001385771   0.0001823858   0.0007045455
 54 1  -0.0000671527  -0.0001068908  -0.0000778131  -0.0001436912   0.0000632316
 54 2  -0.0000780915   0.0001320375   0.0000442187  -0.0000707289   0.0000542084
 54 3   0.0000707371  -0.0003419332  -0.0000322668   0.0000592009  -0.0003566537
 54 4   0.0000306234   0.0000059324   0.0000263609  -0.0000500978   0.0000639624
 54 5   0.0000997759   0.0000620476  -0.0000061751   0.0002922538   0.0001463867
 54 6  -0.0000990878   0.0001003312  -0.0002123641  -0.0001800933   0.0000979967
 54 7   0.0000494329   0.0001781729  -0.0001214268   0.0000889143   0.0001262014
 54 8  -0.0001216615  -0.0008684016  -0.0009002868   0.0014863050   0.0007304186
 54 9  -0.0004277848   0.0013702813  -0.0001361352   0.0002003413  -0.0000797019
 5410  -0.0002284517  -0.0002211294  -0.0000356503  -0.0011853596  -0.0002883125
 5411   0.0013477589  -0.0005906302  -0.0001162643   0.0161578964   0.0018592878
 5412  -0.0002561861   0.0011198518  -0.0001617039  -0.0000730151   0.0001467514
 5413   0.0001726611   0.0000569057   0.0001117158  -0.0004814146   0.0009657577
 5414   0.0003058577   0.0005560467   0.0014886040   0.0007583638   0.0002448927
 5415  -0.0000554530  -0.0000912588   0.0000540259  -0.0000522898   0.0000642519
 5416   0.0001295334   0.0001166143  -0.0000773608  -0.0003148520   0.0000850884
 5417   0.0000579378   0.0000669130  -0.0003805248   0.0002674975  -0.0000216667
 5418  -0.0000102956   0.0000593138   0.0001549340  -0.0000118872  -0.0001820426
 5419  -0.0001366668  -0.0005312258  -0.0000404243   0.0002963346   0.0000018894
 5420  -0.0004545649   0.0001573781  -0.0001554305   0.0002995728  -0.0010841445
 5421  -0.0000716745   0.0005786499   0.0010147744  -0.0065692592  -0.0074274420
 5422   0.0004729775  -0.0005064416  -0.0000885758  -0.0003147942   0.0001181719
 5423  -0.0002104754  -0.0043812323   0.0036214642  -0.0065287173   0.0034469258
 5424   0.0024919729  -0.0048513961   0.0004580741   0.0003472445  -0.0003852929
 5425   0.0000823784   0.0000768307  -0.0000009904  -0.0002946634   0.0000474552
 5426  -0.0001585758   0.0000740217   0.0000667277  -0.0000972389   0.0001554390
 5427  -0.0003622796   0.0001263778   0.0000438122  -0.0001005950   0.0000190775
 5428  -0.0002815696  -0.0004765754  -0.0000316441  -0.0006771084   0.0003651374
 5429   0.0001459281   0.0003358242   0.0001331088  -0.0000586344  -0.0002837772
 5430   0.0003004711   0.0000404346   0.0003952371  -0.0002967786  -0.0000916034
 5431   0.0001121847  -0.0004212110   0.0000944955  -0.0001466315   0.0000951732
 5432  -0.0000420705   0.0001510142   0.0002828565   0.0000821630  -0.0005994715
 5433  -0.0002968576   0.0001730390   0.0006441690   0.0004693000  -0.0000473094
 5434  -0.0000836873   0.0000096739  -0.0000797847   0.0000662736  -0.0004238863
 5435   0.0000658511   0.0004450161   0.0005049219  -0.0007866879   0.0003075036
 5436   0.0000070035  -0.0011126014  -0.0000690666   0.0007680198  -0.0015627556
 5437  -0.0000211237  -0.0000480389  -0.0000060919   0.0000033335  -0.0000271432
 5438   0.0000018497  -0.0000107588   0.0000034133   0.0000019229   0.0000012679
 5439   0.0000110696  -0.0000137434  -0.0000015482   0.0000115483   0.0000360266
 5440  -0.0000516199   0.0000230557   0.0001262309   0.0000210294   0.0000308753
 5441   0.0000193261   0.0000006177  -0.0000024417  -0.0000004323  -0.0000144263
 5442   0.0000015127   0.0000177690  -0.0000149628  -0.0000048730   0.0000130332
 5443   0.0000082845  -0.0000154230  -0.0000203708   0.0000235745  -0.0000551101
 5444   0.0000205853   0.0000246518   0.0000038533   0.0000122130   0.0000312716
 5445  -0.0000210301   0.0000711086   0.0000160959   0.0000171379  -0.0000190511
 5446  -0.0000552116   0.0000672501  -0.0000362849  -0.0000903499   0.0001393602
 5447  -0.0002236976  -0.0002148264   0.0000304838   0.0001946243
 55 1  -0.0002964298  -0.0001604093  -0.0001141862   0.0001645014  -0.0000284302
 55 2  -0.0002478874   0.0003840983  -0.0002904614  -0.0002055577  -0.0004185942
 55 3  -0.0003489109   0.0000119986  -0.0000562912  -0.0000912360  -0.0002601055
 55 4   0.0000699814   0.0000994603  -0.0003639595   0.0000991534  -0.0000306559
 55 5  -0.0003214367   0.0000804415  -0.0001180798  -0.0001471901   0.0003849626
 55 6  -0.0000561991  -0.0000341120  -0.0002544420   0.0003014826  -0.0000599666
 55 7  -0.0001569137   0.0001659907  -0.0003846730  -0.0001180695  -0.0001834366
 55 8  -0.0000988980  -0.0005292840  -0.0002699778  -0.0003122294  -0.0050951984
 55 9  -0.0126752379   0.0004267918  -0.0039798536   0.0088715608  -0.0008860437
 5510  -0.0001757083   0.0003064073  -0.0002920045   0.0000834844   0.0002882721
 5511  -0.0001334551  -0.0265587487   0.0004084497   0.0018592878   0.0793316186
 5512   0.0025942881   0.0029777047  -0.0298832381   0.0008679366  -0.0014496967
 5513  -0.0001829089  -0.0001906736  -0.0003326903  -0.0003673474   0.0000272660
 5514   0.0000721947  -0.0045394305   0.0107817555   0.0005614150  -0.0045669680
 5515  -0.0117680831  -0.0004649247  -0.0000652247   0.0001177099   0.0005380094
 5516   0.0004426089   0.0000388521   0.0002726552  -0.0001439258  -0.0001564963
 5517   0.0002699497   0.0001546812  -0.0001816081   0.0001001444   0.0000526088
 5518   0.0004090515   0.0002405284   0.0000355558  -0.0003161458   0.0004033821
 5519   0.0000889267   0.0000722412   0.0002679513   0.0001505122   0.0002659311
 5520   0.0001720090  -0.0004924819   0.0001860451   0.0003185859   0.0002120099
 5521   0.0001296172   0.0004481936  -0.0001258911  -0.0004913872  -0.0003171948
 5522   0.0012729005  -0.0003171851   0.0008849097  -0.0002679182   0.0003170809
 5523   0.0001653689  -0.0004434721  -0.0000141247   0.0003711548  -0.0029836212
 5524   0.0030888072  -0.0088049093  -0.0017088509  -0.0015090771   0.0054349245
 5525  -0.0000722106  -0.0001934212  -0.0001435929  -0.0001929489   0.0002746530
 5526  -0.0000598816  -0.0000011472  -0.0001649524   0.0000481485   0.0001346896
 5527  -0.0001048434  -0.0001095744  -0.0001372015   0.0000356796  -0.0001917764
 5528   0.0000754806  -0.0005122097   0.0001401567  -0.0006374550   0.0004888986
 5529   0.0000852040   0.0001852460   0.0001312772   0.0002854021  -0.0000196374
 5530   0.0001446736  -0.0000234909   0.0001443503  -0.0004186650  -0.0004572850
 5531   0.0004453775  -0.0001428521   0.0001273464  -0.0003668788  -0.0000214587
 5532   0.0000285888   0.0002124720   0.0004348191  -0.0000394921  -0.0004006600
 5533  -0.0004080314   0.0002013872   0.0004169416   0.0002296472  -0.0002556059
 5534  -0.0000758010  -0.0000206279  -0.0000042509  -0.0001354767  -0.0000437619
 5535  -0.0000896269   0.0001855268  -0.0000807178   0.0003502007   0.0002730675
 5536  -0.0000652999  -0.0002342651  -0.0000555187   0.0001495017  -0.0003847092
 5537  -0.0000056154   0.0001339248   0.0002358664  -0.0000215260  -0.0000035476
 5538   0.0000639216  -0.0000141455  -0.0000068591  -0.0000062219  -0.0000002101
 5539   0.0000089338  -0.0000139383   0.0000240287   0.0000349604  -0.0000048958
 5540  -0.0000095496   0.0000022693  -0.0000591823  -0.0000123952   0.0000245079
 5541   0.0000365669   0.0000103190  -0.0000100846  -0.0000243860   0.0000141264
 5542   0.0000173228   0.0000033189  -0.0000119262  -0.0000008308   0.0000007388
 5543   0.0000076344  -0.0000027522   0.0000043605   0.0000261859  -0.0000194130
 5544   0.0000253458   0.0000288162  -0.0000024249   0.0000484144   0.0000040021
 5545  -0.0000181441   0.0000330293   0.0001967091   0.0000426635  -0.0000135020
 5546   0.0000951087   0.0000420518  -0.0000665061   0.0002055644  -0.0000973103
 5547  -0.0001352333  -0.0001125766   0.0000020336   0.0000333818
 56 1  -0.0001519614  -0.0000366799  -0.0000314327   0.0001092035  -0.0001084228
 56 2  -0.0002066602   0.0000233258  -0.0001336211  -0.0000922165   0.0001460754
 56 3  -0.0001946551  -0.0000128923  -0.0001350681  -0.0000258766  -0.0001100264
 56 4  -0.0000050889   0.0001200538  -0.0001431283  -0.0000160971   0.0000057510
 56 5  -0.0001724992  -0.0000213409  -0.0000489116  -0.0000602332  -0.0000783964
 56 6  -0.0000789980  -0.0001943125  -0.0001962469  -0.0006710159   0.0000992409
 56 7  -0.0000623755   0.0002031170  -0.0002570497  -0.0000104358  -0.0000170099
 56 8  -0.0001185549  -0.0002006624  -0.0002678602  -0.0001479328  -0.0125312416
 56 9  -0.0206970712   0.0009893668   0.0100722145  -0.0149945715   0.0012751692
 5610  -0.0002716189  -0.0001459040  -0.0001282800   0.0000328986   0.0003484678
 5611  -0.0000089197   0.0001373054   0.0018194032  -0.0002561861   0.0025942881
 5612   0.0739424666  -0.0007339634   0.0005634187   0.0019122270  -0.0003570120
 5613  -0.0000528906   0.0000035670  -0.0000294407   0.0006594840  -0.0002224285
 5614  -0.0001387506   0.0092040702  -0.0155872136  -0.0011216174  -0.0113504278
 5615  -0.0198680304  -0.0001980060   0.0000579756  -0.0000492119   0.0003450211
 5616   0.0001971300  -0.0000241675   0.0002025261  -0.0000446098  -0.0000578106
 5617   0.0000943518   0.0000703728  -0.0000822701   0.0000812024  -0.0000029337
 5618   0.0001486163   0.0001747681   0.0000215344  -0.0001660431   0.0001921002
 5619   0.0001112031  -0.0000060892   0.0001668006  -0.0002277240  -0.0002872066
 5620   0.0000165483  -0.0002325075   0.0002196516   0.0003480588   0.0001190237
 5621  -0.0000105547   0.0001964575  -0.0001855461  -0.0000654657  -0.0002561904
 5622   0.0004526978  -0.0046127886  -0.0091557353  -0.0000209722   0.0000871379
 5623  -0.0000235109   0.0002626414   0.0000426288   0.0002894493   0.0023935134
 5624  -0.0002392272   0.0057823959  -0.0013501251   0.0001164295   0.0030131449
 5625   0.0000003743  -0.0000172319  -0.0000307459  -0.0000362311   0.0000865174
 5626   0.0000956445  -0.0000151862  -0.0000915176   0.0000528436  -0.0000408218
 5627  -0.0000128151  -0.0001085963  -0.0000138353   0.0000534643  -0.0001230134
 5628   0.0000358031  -0.0001333818   0.0000348979  -0.0000947843   0.0001121565
 5629  -0.0000102964  -0.0000017612   0.0000228653   0.0001077919   0.0000364083
 5630   0.0000157102  -0.0000241405   0.0000163995  -0.0000752712  -0.0000490550
 5631   0.0001430679  -0.0002171583   0.0000058981  -0.0002013485  -0.0000190369
 5632  -0.0000086119   0.0001520789   0.0002370496  -0.0000917636  -0.0001443089
 5633  -0.0000798944   0.0003261301   0.0001058817  -0.0000035083   0.0003446607
 5634  -0.0001567624   0.0001993362  -0.0000315213   0.0000823079  -0.0000506405
 5635   0.0002504729   0.0000798222  -0.0001582289   0.0002752222   0.0001399919
 5636   0.0001200744  -0.0002454121   0.0000029928   0.0000492970  -0.0000626869
 5637  -0.0000065215   0.0000431677   0.0000265588  -0.0000064115  -0.0000002975
 5638   0.0000065217   0.0000005724  -0.0000026896  -0.0000043045   0.0000017217
 5639   0.0000089832  -0.0000046995   0.0000022045   0.0000053972  -0.0000088762
 5640   0.0000057955  -0.0000006198  -0.0000748964   0.0000003228   0.0000096785
 5641   0.0000191594   0.0000034697  -0.0000042197  -0.0000046877   0.0000082363
 5642   0.0000059386   0.0000010846  -0.0000054858   0.0000038383  -0.0000035534
 5643   0.0000046928  -0.0000067179   0.0000121356  -0.0000058369  -0.0000205358
 5644  -0.0000669541   0.0000078884   0.0000040057  -0.0000171522  -0.0000017542
 5645  -0.0000375857  -0.0000759447  -0.0000072420  -0.0000396744  -0.0000225587
 5646  -0.0000185321  -0.0000097864   0.0000486966  -0.0000652253  -0.0002931183
 5647  -0.0000119479  -0.0000880890   0.0000260380   0.0001616488
 57 1   0.0000527815   0.0001074566  -0.0000651458   0.0000432800   0.0000520241
 57 2   0.0001315369  -0.0000772991   0.0001357284   0.0002125320  -0.0001556461
 57 3   0.0001125103   0.0001369112   0.0001115819   0.0000067049   0.0000611826
 57 4  -0.0000024675  -0.0000576600   0.0000955640  -0.0001533847  -0.0001381300
 57 5   0.0001243897   0.0001742123  -0.0000282422   0.0000382069  -0.0002431279
 57 6  -0.0000682882   0.0001732583   0.0002123018   0.0000108416   0.0001343998
 57 7   0.0001007466  -0.0003535003   0.0002246345   0.0000952900   0.0000679314
 57 8   0.0000520233   0.0002463344   0.0000795496   0.0001863473  -0.0006860232
 57 9  -0.0003151135   0.0013950062   0.0003181026  -0.0007522455   0.0010125063
 5710   0.0002765465   0.0000421341   0.0001415569  -0.0000807219  -0.0001371092
 5711   0.0003418772  -0.0006161391  -0.0002949110   0.0011198518   0.0029777047
 5712  -0.0007339634   0.0257227015   0.0013803794  -0.0002368890   0.0011989908
 5713   0.0001207881   0.0000060592   0.0001356853   0.0000546364   0.0000517438
 5714   0.0003377676  -0.0006955065   0.0009312843   0.0007845676   0.0007725630
 5715   0.0020086954   0.0010477510  -0.0000583685  -0.0000389516  -0.0002387635
 5716  -0.0003309981   0.0000044834  -0.0000362791   0.0003611532   0.0001351248
 5717  -0.0000536323  -0.0001437246   0.0002513405  -0.0001839698   0.0000040137
 5718  -0.0001012846  -0.0001538721  -0.0000613382   0.0002606365  -0.0001356468
 5719   0.0001336499   0.0000954371  -0.0002640436  -0.0002357759  -0.0003333229
 5720  -0.0003724953   0.0002854712   0.0000057707  -0.0003804696   0.0001539703
 5721  -0.0000372952  -0.0003915516  -0.0007849181  -0.0002402656  -0.0000999912
 5722   0.0010669377  -0.0088089884  -0.0104301064   0.0000249977  -0.0002131786
 5723  -0.0000434287  -0.0002754519  -0.0000511376  -0.0005768070  -0.0083746431
 5724   0.0056642019  -0.0126150973   0.0043279917   0.0022826128  -0.0049762867
 5725   0.0000025859  -0.0000160899  -0.0000280784  -0.0001202988   0.0000888244
 5726  -0.0000570632  -0.0000175273  -0.0001072305   0.0000234940   0.0002057500
 5727  -0.0000149357   0.0001202801  -0.0000685358  -0.0000436668   0.0001061684
 5728  -0.0000651522  -0.0001174373  -0.0000806350   0.0002118570   0.0000960889
 5729  -0.0000572891  -0.0001335297  -0.0000766079  -0.0002025422  -0.0000271395
 5730   0.0001053017   0.0001007298  -0.0001972084   0.0000002376   0.0000753338
 5731   0.0000221019   0.0000612945   0.0000364066   0.0001296888   0.0000557126
 5732   0.0000563875  -0.0001775791  -0.0002292080  -0.0000069844   0.0005577330
 5733   0.0002814410  -0.0000796113  -0.0003310249  -0.0010798810  -0.0002287103
 5734  -0.0001196263  -0.0000007427   0.0001725471  -0.0020512522   0.0032762244
 5735  -0.0050715202   0.0000373743  -0.0000149183  -0.0003329309  -0.0002179723
 5736  -0.0000074857  -0.0000400973   0.0000405318   0.0000588535   0.0001629578
 5737  -0.0000233582  -0.0000292072   0.0000231394  -0.0000034113   0.0000007278
 5738   0.0000040631  -0.0000051012   0.0000028449   0.0000096428  -0.0000101515
 5739  -0.0000022654   0.0000146487   0.0000086846   0.0000167655  -0.0000177479
 5740   0.0000356907   0.0000427182  -0.0000202939  -0.0000057707  -0.0000086844
 5741  -0.0000086406   0.0000004621  -0.0000075856   0.0000018531  -0.0000017812
 5742  -0.0000189526  -0.0000174491  -0.0000071685  -0.0000029888  -0.0000151347
 5743   0.0000124401   0.0000058272  -0.0000003582   0.0000668129  -0.0000435463
 5744   0.0000268215  -0.0000071692   0.0000047464   0.0000437437   0.0000107497
 5745  -0.0000631898   0.0000186395   0.0002173373  -0.0000904889   0.0002995771
 5746   0.0004282575  -0.0003444354   0.0002736045   0.0011380493  -0.0012799004
 5747   0.0011072722   0.0001447507   0.0001300453  -0.0002038853
 58 1  -0.0000213897   0.0004994839   0.0002456232  -0.0000254941   0.0002569635
 58 2   0.0001039421   0.0003799646  -0.0000329765   0.0001201992  -0.0000163992
 58 3  -0.0002738444   0.0003858764   0.0000013778  -0.0003194748   0.0004607634
 58 4  -0.0002167786  -0.0000768341   0.0001000314   0.0001718839  -0.0001158408
 58 5  -0.0000524458  -0.0000471093   0.0000169508  -0.0001180809   0.0000240339
 58 6  -0.0001611347  -0.0001146675   0.0000764060  -0.0004295966   0.0002123529
 58 7  -0.0002643394  -0.0006151123   0.0001657816   0.0001207105  -0.0003060014
 58 8   0.0002303353   0.0002669837   0.0000942652  -0.0000323805  -0.0002963495
 58 9  -0.0001763726   0.0003935536  -0.0061349333  -0.0137982388   0.0007017936
 5810   0.0008676110   0.0008340882   0.0002078929  -0.0002379714   0.0001408850
 5811   0.0000472496  -0.0000323599  -0.0004238470  -0.0001617039  -0.0298832381
 5812   0.0005634187   0.0013803794   0.0443233031  -0.0004563039   0.0092732737
 5813  -0.0002026680   0.0000490612   0.0005396733  -0.0003671556  -0.0000699124
 5814   0.0000281051  -0.0005688026  -0.0001970228   0.0002769679  -0.0033244864
 5815   0.0102749521   0.0006441919   0.0001048490  -0.0000067652  -0.0003357068
 5816  -0.0000088594   0.0002298991  -0.0000685708   0.0001297449   0.0002413800
 5817  -0.0000113336   0.0001271479   0.0006093259  -0.0002439003  -0.0001850575
 5818  -0.0001910997  -0.0001156228   0.0002281967  -0.0003848826  -0.0000431490
 5819   0.0000513159   0.0005804724  -0.0005455005  -0.0004798691  -0.0004408624
 5820  -0.0000417573   0.0003711513   0.0004822072  -0.0004888856   0.0008529301
 5821  -0.0003735996  -0.0003772416  -0.0007890725  -0.0002611259  -0.0004277906
 5822  -0.0000147620   0.0002004829  -0.0003209832  -0.0006029850   0.0000103771
 5823  -0.0003645507  -0.0003828105  -0.0001734492  -0.0000729484  -0.0001049801
 5824  -0.0001760136  -0.0001546012  -0.0039259029   0.0043411047  -0.0123448720
 5825  -0.0001166276  -0.0000232775   0.0000139503   0.0004436999   0.0000194358
 5826   0.0003287735  -0.0001808509  -0.0002574336   0.0002191626  -0.0003901123
 5827   0.0001184541  -0.0001701054   0.0003167765   0.0000431218  -0.0000653500
 5828   0.0000354649   0.0008117028  -0.0001615610   0.0010125832  -0.0006078252
 5829   0.0000216816  -0.0004040717  -0.0003221249  -0.0001177975   0.0001792724
 5830  -0.0002666402   0.0000295209  -0.0005713687   0.0007055139   0.0001938598
 5831  -0.0000309675   0.0001543513   0.0000161351   0.0002849145   0.0000114619
 5832   0.0002209524  -0.0003390887  -0.0006020437  -0.0000684181   0.0006032432
 5833   0.0004742766  -0.0003693237  -0.0006780408  -0.0005042976   0.0002394763
 5834   0.0001180330  -0.0000271486  -0.0000132224  -0.0004274854   0.0004432592
 5835  -0.0001163501  -0.0005639806   0.0000615680  -0.0000466655   0.0001206379
 5836   0.0003178448   0.0005544274   0.0001498354  -0.0003243257   0.0001958666
 5837   0.0000141921  -0.0000046993  -0.0000385623   0.0000151772   0.0000387360
 5838  -0.0000364051   0.0000110191  -0.0000093814  -0.0000031656   0.0000066608
 5839  -0.0000150328   0.0000155172   0.0000079903  -0.0000000470  -0.0001357240
 5840   0.0001365909   0.0000600160  -0.0002718778   0.0000119604  -0.0000040035
 5841  -0.0000235545   0.0000029002   0.0000072571   0.0000346305   0.0000196775
 5842  -0.0000044734  -0.0000003076   0.0000316355   0.0000038482  -0.0000264681
 5843  -0.0000272366   0.0000005667  -0.0000161607   0.0000046621   0.0000577401
 5844  -0.0000412014  -0.0000315327   0.0000059807   0.0000131988  -0.0000614609
 5845   0.0000074344  -0.0000589446  -0.0000092231   0.0000030018   0.0001329182
 5846   0.0000915927  -0.0000947750   0.0001240328   0.0002435701  -0.0002191167
 5847   0.0003689790   0.0000061216  -0.0000239315  -0.0000232110
 59 1   0.0003533884   0.0002916870   0.0003631170  -0.0001290917  -0.0004059753
 59 2  -0.0002166192  -0.0004823862  -0.0000749184  -0.0000916238   0.0003149973
 59 3   0.0004845734  -0.0000565163   0.0000537095   0.0000284954   0.0001263833
 59 4  -0.0004378630   0.0001800595   0.0001671367   0.0003938642   0.0003603573
 59 5  -0.0000363156  -0.0003502967   0.0001188006   0.0000250388   0.0000951733
 59 6  -0.0001823008   0.0000204277  -0.0001732473  -0.0000985491   0.0000602099
 59 7  -0.0002837513   0.0002462093   0.0001882957  -0.0000017178  -0.0000724015
 59 8   0.0000982568  -0.0002310333   0.0002922217  -0.0001230526  -0.0005241089
 59 9   0.0000807067  -0.0001104279  -0.0088331371  -0.0203765665   0.0013071991
 5910  -0.0004431459  -0.0004502108   0.0002343089  -0.0003228817  -0.0004942519
 5911  -0.0000890236   0.0001292318  -0.0002410899  -0.0000730151   0.0008679366
 5912   0.0019122270  -0.0002368890  -0.0004563039   0.0323571731  -0.0076621123
 5913   0.0003884901   0.0002878026   0.0001068013   0.0002462282   0.0002076811
 5914  -0.0001479905   0.0005540268   0.0002505730   0.0000133054   0.0053381006
 5915  -0.0124538597  -0.0009203926   0.0004265326  -0.0001366004  -0.0002393194
 5916  -0.0003841978  -0.0002328979  -0.0000830881  -0.0000689644   0.0000449672
 5917  -0.0002473421   0.0000520217   0.0000417327  -0.0002127092  -0.0001660787
 5918  -0.0003156587  -0.0000494553   0.0000412227   0.0000266517  -0.0001285772
 5919  -0.0002871671   0.0004147569  -0.0002123806   0.0001295694  -0.0002015643
 5920   0.0000630021   0.0003148253  -0.0001831055   0.0002521006   0.0002628357
 5921  -0.0003391940  -0.0000149845   0.0000200084  -0.0001297966   0.0004118293
 5922   0.0000847209  -0.0000403001  -0.0002353600   0.0006836523  -0.0001250398
 5923  -0.0001652993   0.0000045494   0.0002054533  -0.0002067607  -0.0004505849
 5924  -0.0003505250   0.0003593435   0.0030943139  -0.0009107414   0.0079751559
 5925   0.0000749674   0.0001246221   0.0001082099   0.0001525966  -0.0002955119
 5926   0.0000315056   0.0000673768   0.0002602706  -0.0000922932  -0.0001930049
 5927   0.0001748701  -0.0000453384   0.0000875497   0.0000441026  -0.0000539126
 5928   0.0000228630  -0.0000358772   0.0000383121   0.0000469343   0.0000046457
 5929  -0.0000208003  -0.0000971912   0.0000757064   0.0001105552   0.0001966047
 5930  -0.0001685818  -0.0000328664   0.0004127887   0.0001842108   0.0005116275
 5931  -0.0008136989  -0.0004903201  -0.0002678343   0.0004556188  -0.0000320129
 5932  -0.0001093816  -0.0001946398  -0.0003177376   0.0000796123   0.0003364633
 5933   0.0003556980  -0.0000329371  -0.0003317185   0.0001047025   0.0000896382
 5934   0.0003063219  -0.0002267740   0.0000241489   0.0001620610  -0.0001422476
 5935   0.0000667705  -0.0000847020   0.0000261013   0.0000420742  -0.0000055286
 5936   0.0003600320  -0.0004155088  -0.0000383116   0.0001893290   0.0002370046
 5937  -0.0000354049  -0.0000593981  -0.0001715245   0.0000094899  -0.0000035556
 5938  -0.0000394192   0.0000150009   0.0000002024  -0.0000120719   0.0000056051
 5939   0.0000006450  -0.0000065332  -0.0000253021  -0.0000373984   0.0000589514
 5940  -0.0000445850  -0.0000504243   0.0001342609   0.0000016756  -0.0000094634
 5941  -0.0000003373  -0.0000132228   0.0000002886  -0.0000128870  -0.0000172351
 5942  -0.0000090024  -0.0000220554  -0.0000027149   0.0000153676   0.0000027612
 5943   0.0000035613   0.0000230734  -0.0000110757  -0.0001434619   0.0000329889
 5944   0.0000469945  -0.0000564283  -0.0001273555  -0.0001423124   0.0000564617
 5945   0.0001735014   0.0000594673  -0.0000112762  -0.0001637907  -0.0001538010
 5946  -0.0000943598  -0.0000275768  -0.0000761500  -0.0000431028   0.0000393177
 5947  -0.0001489274   0.0000085071  -0.0000092300   0.0000134166
 60 1  -0.0001186134  -0.0002046272  -0.0000484674   0.0001314050  -0.0001436747
 60 2   0.0000701029  -0.0000175341  -0.0002049782  -0.0001000696  -0.0000553642
 60 3   0.0000664904  -0.0001268835  -0.0000201493  -0.0001692169  -0.0000985836
 60 4   0.0001807977  -0.0000653158  -0.0002892069  -0.0000327877  -0.0001068826
 60 5  -0.0000983629   0.0001159202  -0.0000043603  -0.0001861090   0.0002435725
 60 6   0.0000467611   0.0000086144   0.0000308702  -0.0000541798  -0.0000601450
 60 7  -0.0000798431   0.0001498725  -0.0003915679  -0.0001945105  -0.0002466409
 60 8  -0.0001751323  -0.0002369363  -0.0000356713  -0.0002264040   0.0000964175
 60 9   0.0002520712   0.0001608183  -0.0005268686  -0.0004728021  -0.0004083191
 6010   0.0003233775   0.0001620270  -0.0001737226   0.0004319421   0.0004786333
 6011  -0.0001775895   0.0002411327   0.0001772738   0.0001467514  -0.0014496967
 6012  -0.0003570120   0.0011989908   0.0092732737  -0.0076621123   0.0163062343
 6013  -0.0007137425  -0.0001725518  -0.0003316281   0.0003992364   0.0000419580
 6014   0.0000357155   0.0000607514  -0.0000458608   0.0005059775  -0.0009306378
 6015   0.0016887717   0.0001781298  -0.0001698752   0.0001795853   0.0003215920
 6016   0.0002949411   0.0001079784   0.0002201906  -0.0002064032  -0.0001204708
 6017   0.0001987370   0.0001803129  -0.0000914110   0.0001688117   0.0001321908
 6018   0.0003605153   0.0002117452  -0.0000488941  -0.0000658644   0.0002857183
 6019   0.0000456203   0.0001469237   0.0002823857   0.0000447859  -0.0002441996
 6020   0.0001404461  -0.0006197396  -0.0000076647  -0.0000916374   0.0001868997
 6021   0.0001014108   0.0000462421   0.0000430515   0.0000854142   0.0001775830
 6022   0.0002237490   0.0000714343   0.0005977066  -0.0000258412   0.0002340738
 6023   0.0001948181  -0.0003607003  -0.0001041844   0.0003024975  -0.0004218903
 6024  -0.0002153901  -0.0005500861  -0.0066856463   0.0067223189  -0.0174208193
 6025  -0.0000860836  -0.0002709384  -0.0001853599  -0.0002604451   0.0001848534
 6026  -0.0003462392   0.0000801547   0.0000316800  -0.0001084692   0.0002877411
 6027  -0.0000855875  -0.0001306611  -0.0001434948  -0.0000809207  -0.0000573273
 6028  -0.0000893297  -0.0007420596   0.0005847323  -0.0012974645   0.0006810573
 6029   0.0002217461   0.0005405907   0.0002933034   0.0005239178  -0.0000991421
 6030   0.0001341807  -0.0002580853   0.0004684011  -0.0006505907  -0.0007657146
 6031   0.0003416815   0.0003035829   0.0001208058  -0.0002905227  -0.0000721301
 6032  -0.0001329234   0.0003343665   0.0006524630   0.0000226288  -0.0005173850
 6033  -0.0006404392   0.0001011268   0.0005790480   0.0003261660  -0.0001594823
 6034  -0.0002053473   0.0000908366  -0.0001155446   0.0004379295  -0.0002039925
 6035  -0.0000560079   0.0001676173  -0.0000739897  -0.0000650861   0.0000576183
 6036  -0.0003907047   0.0001969247  -0.0000819493  -0.0000601148  -0.0006591489
 6037   0.0000004300   0.0001111946   0.0003261349  -0.0000223797  -0.0000185370
 6038   0.0000898797  -0.0000214189   0.0000003818   0.0000014759  -0.0000071769
 6039   0.0000152650  -0.0000154377   0.0000129372   0.0000619379   0.0000461322
 6040  -0.0000762224   0.0000032490   0.0001662220  -0.0000174103   0.0000191592
 6041   0.0000081594  -0.0000022999  -0.0000146986  -0.0000215479  -0.0000065346
 6042  -0.0000027101   0.0000377411  -0.0000111920  -0.0000157958   0.0000411285
 6043   0.0000145465  -0.0000105754  -0.0000073168   0.0001250274  -0.0000121889
 6044   0.0000084641   0.0000786108   0.0000560823   0.0001373429   0.0000316898
 6045  -0.0000937913   0.0000551605   0.0000937439  -0.0000810063   0.0000261181
 6046   0.0000876459   0.0001415918  -0.0001233557  -0.0002483362   0.0000965797
 6047  -0.0003183714  -0.0000202188   0.0000387644   0.0000051637
 61 1  -0.0002605552  -0.0000443325  -0.0002194716   0.0001121581   0.0001784216
 61 2  -0.0001500317  -0.0000077408   0.0000261357  -0.0005174001   0.0002136832
 61 3  -0.0000510041  -0.0003949051   0.0000121601  -0.0003614491   0.0001974415
 61 4   0.0000807522   0.0000526669  -0.0000535206  -0.0000984175  -0.0001114604
 61 5  -0.0002162099  -0.0003131835   0.0003423276  -0.0001695255   0.0002441156
 61 6  -0.0001528210  -0.0004184217  -0.0000659182  -0.0001355607   0.0003075776
 61 7   0.0003375614  -0.0000211644  -0.0002776977  -0.0004010367  -0.0003693349
 61 8  -0.0000860129  -0.0000838778  -0.0005533423  -0.0002479109   0.0002958115
 61 9   0.0002480554  -0.0001010728  -0.0005193683   0.0000585049  -0.0001026543
 6110  -0.0038111495  -0.0052231873   0.0005924134  -0.0046435676   0.0119962468
 6111  -0.0011563292  -0.0006363976   0.0008967188   0.0001726611  -0.0001829089
 6112  -0.0000528906   0.0001207881  -0.0002026680   0.0003884901  -0.0007137425
 6113   0.0335118323  -0.0039336282   0.0038645791  -0.0258471724  -0.0016752733
 6114  -0.0030784384  -0.0003292309  -0.0004706969   0.0002359119  -0.0001309442
 6115   0.0001081081   0.0000289489  -0.0000919947  -0.0002668339   0.0004421719
 6116   0.0001434516  -0.0000246332   0.0003713331   0.0001522375  -0.0005915796
 6117   0.0003411583   0.0001753457   0.0001068239  -0.0000607921   0.0001527759
 6118  -0.0000152624   0.0003471691   0.0002491777  -0.0000098090   0.0002638447
 6119   0.0000736303   0.0003856080  -0.0000342489  -0.0003410046  -0.0004707231
 6120   0.0001856331  -0.0002883835   0.0002665288   0.0002651490   0.0002517354
 6121  -0.0000737750  -0.0002764638  -0.0000817816  -0.0002688803  -0.0004347756
 6122   0.0000926910   0.0002421956   0.0001222259   0.0016611741   0.0001591142
 6123   0.0000368264  -0.0003675731  -0.0002101336   0.0006372458   0.0002467297
 6124  -0.0001959933  -0.0001417403   0.0007655629  -0.0000950542  -0.0000063021
 6125  -0.0001576654  -0.0000082389   0.0000339213   0.0009611470  -0.0001325162
 6126   0.0008586499  -0.0002512776  -0.0003429676   0.0002231183  -0.0010688316
 6127   0.0002899440  -0.0004243303   0.0008582066   0.0000958320  -0.0001937675
 6128  -0.0002152676   0.0011042029  -0.0001519033   0.0014909098  -0.0008311843
 6129  -0.0000643872  -0.0007788162  -0.0004038744  -0.0001940079   0.0003390753
 6130  -0.0005025739   0.0000885982  -0.0009420640   0.0008814767   0.0003659532
 6131   0.0002360240  -0.0001717734   0.0001680982   0.0001063919   0.0001465776
 6132   0.0004714570  -0.0003941521  -0.0008665022  -0.0002297384   0.0007742805
 6133   0.0006228700  -0.0005318240  -0.0009686545  -0.0005341194   0.0005120372
 6134   0.0001455469  -0.0000408417  -0.0000011103   0.0000116896   0.0002909179
 6135  -0.0000193504  -0.0004848871   0.0001125267  -0.0000750524  -0.0000008509
 6136   0.0004886857   0.0000806172  -0.0000191133  -0.0002435654   0.0005500853
 6137   0.0000524738   0.0000664558  -0.0001094469   0.0000112709   0.0000674012
 6138  -0.0000586687   0.0000301524  -0.0000116779  -0.0000075923   0.0000232810
 6139  -0.0000274443   0.0000163182  -0.0000014806  -0.0000480842  -0.0002035456
 6140   0.0001743539   0.0000326653  -0.0005209209  -0.0000221056   0.0000228473
 6141  -0.0000257076  -0.0000147059   0.0000022702   0.0000609214   0.0000427874
 6142   0.0000078456  -0.0000285847   0.0000460204   0.0000116527  -0.0000554187
 6143  -0.0000407017   0.0000106363  -0.0000071855   0.0000032681   0.0000651230
 6144  -0.0000644407  -0.0000204987   0.0000214318   0.0000396221  -0.0001029418
 6145  -0.0000220728  -0.0000838565  -0.0000147957  -0.0000060678   0.0000230841
 6146   0.0000839322  -0.0000763795  -0.0000042259   0.0000420336  -0.0001238008
 6147  -0.0000489133  -0.0000017462  -0.0000248011  -0.0000639137
 62 1  -0.0000626939  -0.0001163179  -0.0002239214   0.0000424193   0.0001450624
 62 2  -0.0000848943   0.0000210282  -0.0002509023  -0.0001643697  -0.0002187153
 62 3  -0.0001061380  -0.0002196391   0.0000631688   0.0001795980  -0.0001012480
 62 4   0.0002275009  -0.0001178247   0.0000732213  -0.0002511243  -0.0000704602
 62 5  -0.0000401311   0.0002133805   0.0001059509  -0.0000622996  -0.0000882757
 62 6   0.0000274375   0.0000088756   0.0001058985  -0.0001176949   0.0000824285
 62 7   0.0000192520   0.0000800305  -0.0001325006  -0.0001226075  -0.0006707146
 62 8   0.0000829365  -0.0002661107  -0.0000699531  -0.0001352978   0.0000567075
 62 9   0.0000577498   0.0000210842  -0.0001438609  -0.0000703765   0.0000899255
 6210  -0.0091386449  -0.0135220752   0.0011858167   0.0117599215  -0.0189398313
 6211   0.0027617300  -0.0000035879   0.0000129548   0.0000569057  -0.0001906736
 6212   0.0000035670   0.0000060592   0.0000490612   0.0002878026  -0.0001725518
 6213  -0.0039336282   0.0427556485   0.0127505231   0.0025880017   0.0004508392
 6214   0.0005851285   0.0002137596   0.0000246373  -0.0000564127   0.0001476764
 6215   0.0000349720   0.0000280003  -0.0001395887  -0.0003187219   0.0001487873
 6216  -0.0000040746   0.0000613759   0.0002431392   0.0000770497  -0.0000149131
 6217   0.0003222117   0.0000697292  -0.0002257076  -0.0001053401   0.0002387821
 6218   0.0001034713   0.0001750773  -0.0000289254   0.0000050136   0.0001850254
 6219   0.0000434134  -0.0001346826   0.0002138053  -0.0001171816   0.0000031211
 6220   0.0000847029  -0.0004815023  -0.0001462610   0.0000123034   0.0003514461
 6221  -0.0003044058  -0.0000842351  -0.0001420621   0.0001565233   0.0000489314
 6222  -0.0000247891  -0.0000034694  -0.0000035464  -0.0011425707  -0.0089422343
 6223  -0.0170669243   0.0002271676  -0.0000639678  -0.0001930909  -0.0001769470
 6224  -0.0001066370  -0.0000167142   0.0002095787  -0.0000993513   0.0001567956
 6225  -0.0001182646  -0.0002135490  -0.0001393737   0.0001859586  -0.0000222137
 6226   0.0001035132   0.0000211581   0.0000837776  -0.0001782162  -0.0001852771
 6227   0.0000949530  -0.0002691343   0.0001707242   0.0000233063  -0.0001576634
 6228  -0.0001585006  -0.0004021237   0.0004785057  -0.0005707375   0.0004570145
 6229   0.0001518877   0.0001454287   0.0001291366   0.0002950909   0.0000447755
 6230  -0.0001031884  -0.0001464549   0.0003920835  -0.0001879073  -0.0002181984
 6231  -0.0001806391  -0.0001464816  -0.0000005988  -0.0000319503  -0.0001458965
 6232  -0.0002379454   0.0001836003   0.0002895407   0.0000563995  -0.0000713127
 6233  -0.0002941495   0.0000726232   0.0002207633   0.0001626487   0.0000893268
 6234  -0.0000877504   0.0000700952   0.0000032213   0.0000331817  -0.0001625036
 6235   0.0000481893   0.0000036630  -0.0000217946   0.0000093773   0.0000110287
 6236   0.0001162072  -0.0000997501  -0.0000195522   0.0000082184  -0.0005909644
 6237   0.0000278405   0.0001271872   0.0002092987  -0.0000258533  -0.0000038118
 6238   0.0000509572  -0.0000010070   0.0000034873   0.0000072670   0.0000001057
 6239  -0.0000048623   0.0000150362   0.0000045709   0.0000254726  -0.0000002566
 6240  -0.0000294624  -0.0000511797   0.0000947931  -0.0000227665   0.0000168434
 6241  -0.0000525811  -0.0000075550  -0.0000116729  -0.0000026095   0.0000058312
 6242   0.0000083245  -0.0000016693  -0.0000019359   0.0000025156   0.0000377203
 6243   0.0000019982   0.0000012685   0.0000018274   0.0000130190  -0.0000036805
 6244  -0.0000001452   0.0000141610   0.0000045655   0.0000101312   0.0000099418
 6245  -0.0000126922  -0.0000237895   0.0000066872   0.0000053459   0.0000235369
 6246   0.0000091965   0.0000288925  -0.0000178586  -0.0000275905   0.0000400309
 6247  -0.0000777279  -0.0000129411   0.0000057598  -0.0000040632
 63 1   0.0000289730  -0.0004760789   0.0001054022  -0.0000509897  -0.0004442830
 63 2   0.0001235527   0.0005931530  -0.0002180649  -0.0000086807  -0.0012633699
 63 3   0.0001541943  -0.0003952867   0.0001984469   0.0009025706  -0.0008924150
 63 4   0.0001222164   0.0000165580  -0.0007212318   0.0000676970  -0.0000830400
 63 5  -0.0000382404  -0.0000988946  -0.0008049697  -0.0001427708   0.0002034106
 63 6   0.0001473741   0.0002414422   0.0001328791   0.0003167268  -0.0002874840
 63 7  -0.0002063807   0.0007565012  -0.0002477046  -0.0000179930   0.0005021748
 63 8  -0.0000934970  -0.0005507818   0.0006395891  -0.0000477916   0.0003230783
 63 9   0.0003477060  -0.0002873881  -0.0003455944  -0.0000472453  -0.0002552210
 6310  -0.0018827460  -0.0011894909  -0.0008243693   0.0007253800   0.0000043901
 6311   0.0004296000   0.0003346347   0.0002702632   0.0001117158  -0.0003326903
 6312  -0.0000294407   0.0001356853   0.0005396733   0.0001068013  -0.0003316281
 6313   0.0038645791   0.0127505231   0.0172840122  -0.0009709962   0.0003509984
 6314   0.0003362878   0.0004722798   0.0000529657   0.0002729502  -0.0002891034
 6315   0.0001748117  -0.0003186805  -0.0001237036   0.0007686081   0.0003373460
 6316   0.0005543337   0.0003277169   0.0000423412  -0.0008155814  -0.0000202264
 6317   0.0003327429   0.0000445441  -0.0007937989   0.0003076940  -0.0005570671
 6318   0.0000460830   0.0001748523  -0.0001655179  -0.0006806886   0.0004605395
 6319   0.0000311583  -0.0008537589   0.0005452917   0.0010395893   0.0006093763
 6320  -0.0000001854  -0.0008747665  -0.0004839466   0.0004697102  -0.0004187821
 6321   0.0005045471   0.0006625649   0.0006431326   0.0004832210   0.0010069457
 6322   0.0002621941  -0.0009468667   0.0001502789  -0.0014483343  -0.0127430192
 6323  -0.0190204933   0.0000967765  -0.0001120958   0.0002547839  -0.0004243754
 6324  -0.0000135779   0.0002320419   0.0004127273   0.0001430456   0.0007681028
 6325   0.0001610332  -0.0000416448  -0.0001461629  -0.0010001776   0.0002811700
 6326  -0.0007007491   0.0003235438   0.0003338660  -0.0002074969   0.0007450921
 6327  -0.0004904269   0.0000502012  -0.0006359194   0.0000497565  -0.0001310401
 6328   0.0001114783  -0.0022244557   0.0006736214  -0.0031448583   0.0017210439
 6329   0.0003925973   0.0014126861   0.0007960585   0.0008634683  -0.0004720820
 6330   0.0006073451  -0.0003537937   0.0018977115  -0.0014685920  -0.0009312887
 6331  -0.0004131504  -0.0002427411  -0.0001146334  -0.0001914356  -0.0002555533
 6332  -0.0007208706   0.0006432870   0.0013077241   0.0002801141  -0.0008305280
 6333  -0.0010955615   0.0005085004   0.0015504755   0.0009319776  -0.0002508436
 6334  -0.0003646791   0.0002483240  -0.0000410781   0.0000170771  -0.0005330163
 6335   0.0001138257   0.0005423079  -0.0002122323   0.0001552310   0.0004632246
 6336  -0.0004090548  -0.0004639650  -0.0002496404   0.0001828630  -0.0009582562
 6337  -0.0000237650   0.0000440826   0.0002419809  -0.0000194274  -0.0000969312
 6338   0.0000789713  -0.0000361222   0.0000043635  -0.0000122041  -0.0000102404
 6339   0.0000472706  -0.0000568923  -0.0000116980   0.0000286852   0.0002507785
 6340  -0.0002255006  -0.0000872042   0.0004562574  -0.0000335675  -0.0000546756
 6341   0.0001819165   0.0000003204  -0.0000060976  -0.0000901614  -0.0000215608
 6342   0.0000317377   0.0000402857  -0.0000574186  -0.0000182018   0.0001088348
 6343   0.0000402155   0.0000082363  -0.0000019615   0.0000281947  -0.0001207519
 6344   0.0000494277   0.0000428070   0.0000064489   0.0000208470   0.0000151875
 6345  -0.0000458567  -0.0000426868   0.0000412568   0.0000145226   0.0000335374
 6346  -0.0000610839   0.0000965619   0.0000076969  -0.0001053703   0.0001953851
 6347  -0.0001429964   0.0000191378   0.0000294208  -0.0000138288
 64 1  -0.0001017101   0.0000131993  -0.0001949734  -0.0000095209   0.0002141962
 64 2   0.0001064866   0.0001632018   0.0002705256   0.0003656294   0.0000325358
 64 3  -0.0001539606   0.0004137276  -0.0001328020  -0.0001998408   0.0003861698
 64 4   0.0000190401  -0.0000303860   0.0002922432   0.0000575659  -0.0000012462
 64 5   0.0000620654   0.0000038815  -0.0001189909   0.0001823959  -0.0000664734
 64 6  -0.0000388775   0.0000109247   0.0000381165   0.0000160825  -0.0002253106
 64 7  -0.0002774278  -0.0006448704   0.0001736860   0.0003604500   0.0000822188
 64 8  -0.0001194718   0.0001173239  -0.0000518935   0.0001457790  -0.0001433968
 64 9  -0.0005125902  -0.0001004792  -0.0000663968  -0.0002271339   0.0001359491
 6410  -0.0003367534  -0.0001514914   0.0001295608  -0.0046887831  -0.0112314478
 6411   0.0005315407  -0.0046221481   0.0097450178  -0.0004814146  -0.0003673474
 6412   0.0006594840   0.0000546364  -0.0003671556   0.0002462282   0.0003992364
 6413  -0.0258471724   0.0025880017  -0.0009709962   0.0650588512   0.0004477656
 6414   0.0007942016  -0.0292115031  -0.0010835462   0.0008626667  -0.0002662089
 6415  -0.0000942198   0.0002524094  -0.0002387235   0.0000391656  -0.0000890222
 6416  -0.0001435033  -0.0001583823  -0.0001523305   0.0002333686   0.0002665016
 6417  -0.0001239358  -0.0000251177   0.0003005979  -0.0000287427   0.0003145590
 6418   0.0002876931  -0.0002670593  -0.0000770829   0.0005397681  -0.0002646908
 6419  -0.0000715737   0.0001694705  -0.0002537576   0.0003135332   0.0002069478
 6420  -0.0002053514   0.0004030874  -0.0004215743  -0.0002453159   0.0000542807
 6421  -0.0004917654  -0.0001038625  -0.0000616468  -0.0002642294  -0.0003836567
 6422  -0.0003465244  -0.0001648430  -0.0002391267  -0.0005048006  -0.0004172423
 6423  -0.0010087661   0.0010739585   0.0001828434   0.0000215112  -0.0000321683
 6424   0.0001235711   0.0003111526  -0.0002909157   0.0000718956  -0.0005027389
 6425   0.0000059159   0.0001174400   0.0001646449   0.0000923872  -0.0001325523
 6426   0.0000175631  -0.0000483274   0.0000018692   0.0000528351  -0.0001216419
 6427  -0.0000529052   0.0000903719   0.0000595613   0.0000485539   0.0000503463
 6428   0.0000836397   0.0006470489  -0.0003401841   0.0008726175  -0.0005681857
 6429  -0.0001018902  -0.0002279448  -0.0002799104  -0.0003714745  -0.0000805361
 6430  -0.0000449776   0.0000811492  -0.0006001474   0.0003646319   0.0001834414
 6431   0.0003184623   0.0003312708   0.0001173280  -0.0000264986   0.0001324759
 6432   0.0002407229  -0.0001884950  -0.0003525145  -0.0000872669   0.0001602748
 6433   0.0003370388  -0.0001621591  -0.0003052224  -0.0002010896   0.0000131527
 6434   0.0001110448  -0.0001310258   0.0000156476  -0.0000178546   0.0000803155
 6435  -0.0000514527  -0.0000840209   0.0000550204  -0.0000900981  -0.0001224540
 6436  -0.0001962577   0.0003100666   0.0000461238  -0.0001731621   0.0003223584
 6437   0.0000222000  -0.0000729509  -0.0001696502   0.0000206690   0.0000279733
 6438  -0.0000311752   0.0000079981   0.0000033610   0.0000006325   0.0000024038
 6439  -0.0000149903   0.0000038697  -0.0000006007  -0.0000217839  -0.0000368562
 6440   0.0000336084   0.0000710897  -0.0000149188   0.0000176068   0.0000070506
 6441  -0.0000045416   0.0000099398   0.0000198547   0.0000335314   0.0000038225
 6442   0.0000068619   0.0000126578   0.0000168430   0.0000029703  -0.0000440867
 6443  -0.0000054350  -0.0000009821   0.0000036282  -0.0000038454   0.0000270560
 6444   0.0000091156  -0.0000077673  -0.0000073787  -0.0000072956  -0.0000096245
 6445   0.0000345094   0.0000492410  -0.0000079499   0.0000095597  -0.0000149982
 6446  -0.0000004135  -0.0000094016   0.0000061356   0.0000210931  -0.0000526784
 6447   0.0000585117   0.0000056700  -0.0000258473   0.0000201271
 65 1  -0.0001749839   0.0001115331  -0.0000213567   0.0000093623   0.0001825097
 65 2  -0.0001303808  -0.0000507645   0.0002900851   0.0000351923   0.0001207486
 65 3   0.0001956203   0.0001085966   0.0000773300  -0.0002480831   0.0003464092
 65 4   0.0001088759  -0.0000927276   0.0001991817  -0.0000135612  -0.0000227996
 65 5   0.0000742269  -0.0000340037   0.0000852747   0.0001744893  -0.0000641278
 65 6  -0.0000875376  -0.0001012835   0.0000663727  -0.0000327099  -0.0000353940
 65 7   0.0001503634  -0.0000176943   0.0001061084  -0.0002107745  -0.0001341459
 65 8   0.0000316781   0.0002030234  -0.0004940154   0.0001107800   0.0000303316
 65 9   0.0001597416   0.0000404297  -0.0000871210  -0.0001028497   0.0000352175
 6510   0.0003201410  -0.0000082857   0.0004233686  -0.0119854410  -0.0181989178
 6511   0.0008242947   0.0102624470  -0.0167386157   0.0009657577   0.0000272660
 6512  -0.0002224285   0.0000517438  -0.0000699124   0.0002076811   0.0000419580
 6513  -0.0016752733   0.0004508392   0.0003509984   0.0004477656   0.0388822103
 6514   0.0053240553   0.0019527293   0.0000738435   0.0001552262   0.0001704958
 6515   0.0000023268   0.0001315489   0.0000224965  -0.0001468759  -0.0000798199
 6516  -0.0000869759  -0.0002130196  -0.0000739537   0.0000362546  -0.0001226605
 6517  -0.0002268189  -0.0000722010   0.0003056590  -0.0000821789   0.0002250728
 6518   0.0000833636  -0.0001563783  -0.0000757024   0.0000958194  -0.0001825207
 6519   0.0001248086   0.0001574545  -0.0000870898   0.0001003616  -0.0001581956
 6520  -0.0002582181  -0.0000012799  -0.0001043714  -0.0001081122   0.0001174190
 6521  -0.0005335996  -0.0004545856  -0.0000665446  -0.0003774072  -0.0003952019
 6522  -0.0001158314   0.0000617735  -0.0000354167  -0.0000400286  -0.0001011116
 6523  -0.0002797738   0.0001923301  -0.0026694078  -0.0065113940   0.0001108796
 6524  -0.0000466318  -0.0003480381  -0.0000247434  -0.0001247284  -0.0001827447
 6525  -0.0000253363   0.0000609249   0.0000471712   0.0003175273  -0.0000416410
 6526   0.0003535944  -0.0000835758  -0.0001163632   0.0001310533  -0.0004226444
 6527   0.0000345428  -0.0002868579   0.0004497077  -0.0000154334   0.0000646057
 6528  -0.0002341864   0.0004889805   0.0001515300   0.0005039063  -0.0004428235
 6529   0.0000870397  -0.0001052576  -0.0002056641  -0.0001283905  -0.0000417195
 6530  -0.0001882827  -0.0000919259  -0.0003229821   0.0004356206   0.0000625661
 6531   0.0000812700   0.0001011652   0.0001105200   0.0000295983   0.0000385033
 6532   0.0001302621  -0.0000867623  -0.0003537823  -0.0001582630   0.0003242158
 6533   0.0002669136  -0.0004007820  -0.0003235754  -0.0001049291   0.0004023371
 6534   0.0000420008  -0.0000145918   0.0000097471   0.0000472561  -0.0000875577
 6535   0.0000252537  -0.0003476893   0.0000344533  -0.0000821445   0.0000914278
 6536   0.0001239411   0.0004040290  -0.0000035276  -0.0003812000  -0.0001067046
 6537   0.0000520462  -0.0000049696  -0.0000920525   0.0000114227   0.0000218999
 6538  -0.0000319653   0.0000101195   0.0000026446   0.0000036309  -0.0000003088
 6539  -0.0000131343   0.0000115518  -0.0000053626  -0.0000154878  -0.0000572381
 6540   0.0000589948  -0.0000166612  -0.0001694609   0.0000213273   0.0000167376
 6541  -0.0000286750  -0.0000054615   0.0000215852   0.0000470792   0.0000065307
 6542   0.0000072588   0.0000265614   0.0000197971  -0.0000009907  -0.0000036296
 6543  -0.0000095889  -0.0000012497   0.0000234578  -0.0000055653   0.0000294508
 6544  -0.0000200703  -0.0000048441   0.0000007406  -0.0000037821  -0.0000174870
 6545   0.0000146173  -0.0000256572  -0.0000068247  -0.0000040735  -0.0000043741
 6546  -0.0000041607  -0.0000039151  -0.0000412570  -0.0000115632  -0.0000356089
 6547  -0.0001126367  -0.0000263294   0.0000014643  -0.0000267242
 66 1  -0.0001499593   0.0001020405   0.0002928418  -0.0002815743   0.0001750753
 66 2  -0.0003031092  -0.0001875029   0.0001161204  -0.0003737080   0.0006853532
 66 3   0.0000201840  -0.0003539530   0.0000526628  -0.0000238414   0.0001801606
 66 4  -0.0001952959   0.0001227421   0.0004660869   0.0000258463   0.0002849597
 66 5  -0.0000272625  -0.0003153036   0.0005077975  -0.0001389964   0.0004510871
 66 6   0.0000966940  -0.0001526649  -0.0004136590  -0.0002773178   0.0006907707
 66 7  -0.0002872517   0.0000648198   0.0000053352   0.0001343541  -0.0001025937
 66 8   0.0000648137  -0.0001437005  -0.0001152151   0.0000247082   0.0001261116
 66 9  -0.0001007454   0.0002157642   0.0001402564   0.0003344207   0.0002260087
 6610  -0.0002504655  -0.0000626004   0.0002262043  -0.0009826010  -0.0014462297
 6611   0.0008266994   0.0010112784  -0.0011016884   0.0003058577   0.0000721947
 6612  -0.0001387506   0.0003377676   0.0000281051  -0.0001479905   0.0000357155
 6613  -0.0030784384   0.0005851285   0.0003362878   0.0007942016   0.0053240553
 6614   0.0056744495   0.0018931418  -0.0001702726  -0.0002534048   0.0002693987
 6615  -0.0002159603  -0.0002163335   0.0004557988  -0.0002753170   0.0000017617
 6616   0.0002041242   0.0000284347  -0.0001724762  -0.0003741261  -0.0000760376
 6617  -0.0002954947   0.0002670539   0.0001778355  -0.0000189439   0.0003381971
 6618  -0.0000851686   0.0000324935   0.0000938694  -0.0003991472   0.0001104201
 6619   0.0000571271   0.0000157176  -0.0000777177  -0.0004227702  -0.0005408806
 6620  -0.0000606160  -0.0000649045   0.0002379573   0.0002047482   0.0002896941
 6621  -0.0003237937  -0.0003308560  -0.0000977989  -0.0005571074  -0.0004972724
 6622  -0.0002853314   0.0006356971   0.0001621431   0.0000700869  -0.0000092794
 6623  -0.0000992295   0.0000081912  -0.0034635586  -0.0068405093   0.0002384078
 6624   0.0003903674  -0.0000075742  -0.0000330357   0.0004552393  -0.0003035365
 6625   0.0000682729   0.0001593298   0.0001134212   0.0000112811   0.0000545925
 6626   0.0003472169  -0.0000685896  -0.0001987971   0.0001369094  -0.0003084758
 6627  -0.0000845599  -0.0000810968   0.0001862808   0.0000512256  -0.0001051334
 6628  -0.0001507605   0.0003181287  -0.0003179043   0.0006616400  -0.0004298786
 6629   0.0000574973  -0.0001666372  -0.0000835512  -0.0001659755  -0.0000113009
 6630   0.0000195740   0.0000197832  -0.0004930857   0.0002803392   0.0001010579
 6631   0.0003085472  -0.0001813701   0.0001148249  -0.0001015732   0.0002614522
 6632   0.0003661524  -0.0001734011  -0.0002837898  -0.0000756552   0.0003265073
 6633   0.0000597360  -0.0002326676  -0.0002008819  -0.0001916423   0.0001716813
 6634  -0.0000003531   0.0000822048   0.0000171591  -0.0000336820   0.0002258312
 6635  -0.0000428025  -0.0001967404   0.0000546118  -0.0000552690   0.0001105442
 6636   0.0000525637  -0.0000703673   0.0000224136  -0.0000012487   0.0002705876
 6637  -0.0000126106  -0.0000426022  -0.0001604644   0.0000199112   0.0000134188
 6638  -0.0000290681   0.0000116326  -0.0000054527  -0.0000159551   0.0000098777
 6639  -0.0000047910  -0.0000091104   0.0000023272  -0.0000189901  -0.0000340948
 6640   0.0000303739   0.0000322202  -0.0001800187  -0.0000226526  -0.0000131125
 6641  -0.0000065352   0.0000082360   0.0000102379   0.0000333330  -0.0000047826
 6642   0.0000161390   0.0000039166   0.0000198630   0.0000140453  -0.0000328664
 6643  -0.0000219447   0.0000226245  -0.0000136348  -0.0000104185  -0.0000141136
 6644  -0.0000469565  -0.0000105671   0.0000131958   0.0000194142  -0.0000825844
 6645  -0.0000474346  -0.0001034404  -0.0000043800  -0.0000023348  -0.0000086291
 6646   0.0000329589  -0.0000440338   0.0000550679   0.0000589122  -0.0000945889
 6647   0.0000839846   0.0000430192  -0.0000409693  -0.0000217415
 67 1  -0.0000016305   0.0002765555   0.0001543029   0.0001784293  -0.0001890998
 67 2  -0.0003009523  -0.0003547127  -0.0003265639  -0.0001054431   0.0007324127
 67 3  -0.0004544521   0.0001125573  -0.0002506772  -0.0005476114   0.0001009827
 67 4  -0.0000925265   0.0001571516  -0.0000267630   0.0000127982   0.0001000326
 67 5  -0.0001398694   0.0001563185   0.0002492810  -0.0001794258  -0.0000864454
 67 6  -0.0000985505  -0.0003705678  -0.0002153253  -0.0003461549   0.0002530972
 67 7   0.0001729684   0.0004144691  -0.0000806447  -0.0001152632  -0.0001290834
 67 8   0.0001099646   0.0001463882  -0.0001381147  -0.0001843515   0.0000305143
 67 9   0.0002084500  -0.0000845375   0.0004496027   0.0003089147  -0.0000917964
 6710   0.0001181300  -0.0002894716  -0.0000683878  -0.0008151820  -0.0002742967
 6711   0.0001933810  -0.0045541068  -0.0112115406   0.0005560467  -0.0045394305
 6712   0.0092040702  -0.0006955065  -0.0005688026   0.0005540268   0.0000607514
 6713  -0.0003292309   0.0002137596   0.0004722798  -0.0292115031   0.0019527293
 6714   0.0018931418   0.0621554422   0.0007647948  -0.0044232988  -0.0240937164
 6715  -0.0024880897   0.0001615177   0.0003561998  -0.0004186989   0.0000750480
 6716  -0.0000323511  -0.0000782449   0.0002261608   0.0002756590  -0.0000667607
 6717  -0.0000005907  -0.0000287228   0.0002679907   0.0001144561   0.0001489428
 6718   0.0000002459   0.0000992735  -0.0000660499   0.0000955932   0.0000311310
 6719   0.0002496284   0.0000944603   0.0001427239  -0.0010066976  -0.0002979813
 6720   0.0004164455  -0.0000038819   0.0005594437  -0.0000311959   0.0002325753
 6721  -0.0000455517  -0.0001509534  -0.0001862563   0.0001646082  -0.0000576346
 6722   0.0001428392   0.0004012847  -0.0000945809  -0.0001110215  -0.0001221365
 6723  -0.0000075325   0.0002810329   0.0003819104  -0.0005587093   0.0011354642
 6724   0.0006948775   0.0015416311  -0.0002881246   0.0003377068   0.0009186076
 6725  -0.0000428767  -0.0000893300  -0.0000973028   0.0000994537   0.0000373635
 6726  -0.0000406996  -0.0000100110   0.0000211098   0.0000303994   0.0000670617
 6727   0.0001617629   0.0000435393  -0.0000491231  -0.0000352037   0.0000969740
 6728   0.0000337928   0.0001739413  -0.0001158256   0.0000431461  -0.0000708987
 6729  -0.0000936740  -0.0001219169  -0.0000031297   0.0000823262   0.0001531385
 6730  -0.0000762219   0.0000353778  -0.0000134921   0.0000184862   0.0000611065
 6731  -0.0000473534  -0.0001143287  -0.0001250237   0.0000160299  -0.0001006270
 6732   0.0000046212  -0.0000069139   0.0000036615   0.0000101456  -0.0000766298
 6733   0.0000437915   0.0000673138  -0.0001183549  -0.0000246006  -0.0000431249
 6734   0.0000306131  -0.0000299908  -0.0000121972   0.0000331852  -0.0000313572
 6735   0.0000706914   0.0000361913   0.0000317356   0.0001239992  -0.0000798597
 6736   0.0002233146  -0.0001469216   0.0000797498   0.0000622980   0.0001684863
 6737  -0.0000208964   0.0000296795   0.0000949506  -0.0000066991  -0.0000002359
 6738   0.0000124631   0.0000000676  -0.0000073262   0.0000003035  -0.0000005918
 6739  -0.0000103364   0.0000050551   0.0000036599  -0.0000108418  -0.0000172931
 6740   0.0000124230  -0.0000221249  -0.0000440839  -0.0000021962   0.0000038289
 6741  -0.0000246651   0.0000023190  -0.0000228794  -0.0000074294   0.0000010527
 6742  -0.0000105180  -0.0000132266   0.0000118190  -0.0000068675  -0.0000075043
 6743  -0.0000064244  -0.0000146921  -0.0000062932  -0.0000064503   0.0000199469
 6744  -0.0000045763   0.0000053239  -0.0000073149  -0.0000112788   0.0000052515
 6745   0.0000214581   0.0000213616   0.0000061070  -0.0000036157  -0.0000000836
 6746   0.0000029890  -0.0000040053  -0.0000005123  -0.0000225363  -0.0000280547
 6747  -0.0000773965  -0.0000347358  -0.0000078309  -0.0000207607
 68 1  -0.0003024019  -0.0002389964  -0.0005155059  -0.0000549840   0.0002883564
 68 2  -0.0002776906   0.0000776882   0.0001392591  -0.0001972402   0.0004730892
 68 3  -0.0000896462  -0.0000496452  -0.0004397784  -0.0005684566   0.0000830981
 68 4   0.0003615532   0.0000954649   0.0001879270  -0.0002570594   0.0000300229
 68 5  -0.0000755222  -0.0001776447  -0.0000246645   0.0000088811   0.0003364159
 68 6   0.0000319283  -0.0001182015  -0.0002421882  -0.0000246198  -0.0000033889
 68 7   0.0001188556   0.0001149869  -0.0002322890  -0.0000026371   0.0000293040
 68 8  -0.0000542775  -0.0002834753  -0.0002152662  -0.0002139787  -0.0000451627
 68 9  -0.0008470114  -0.0000615733  -0.0001157264   0.0003917348  -0.0000426985
 6810  -0.0000960832  -0.0001515702  -0.0000929346   0.0003059832   0.0003815642
 6811  -0.0000032577  -0.0125714079  -0.0198639487   0.0014886040   0.0107817555
 6812  -0.0155872136   0.0009312843  -0.0001970228   0.0002505730  -0.0000458608
 6813  -0.0004706969   0.0000246373   0.0000529657  -0.0010835462   0.0000738435
 6814  -0.0001702726   0.0007647948   0.0410510476   0.0081940245   0.0020809297
 6815   0.0002743431   0.0000601394  -0.0002974195  -0.0004615038   0.0005088746
 6816   0.0003148186  -0.0000660036   0.0001415628  -0.0000838109  -0.0002823673
 6817  -0.0000317810   0.0001593410   0.0001289397   0.0002326998   0.0002855557
 6818   0.0002448530   0.0002992915   0.0001171422  -0.0000385211   0.0001337191
 6819   0.0001112629   0.0000551929  -0.0000199024  -0.0001995028  -0.0002134976
 6820   0.0001372901  -0.0003475405   0.0002504837   0.0004367072   0.0002744677
 6821  -0.0000636298   0.0001408646  -0.0002690067  -0.0005846674  -0.0002505070
 6822   0.0001666978   0.0000582568  -0.0000565040  -0.0000570090   0.0001684648
 6823   0.0000392355   0.0000440479   0.0004115093   0.0003149893   0.0005248997
 6824  -0.0050522021  -0.0107013071   0.0002017342  -0.0000935472   0.0000244746
 6825  -0.0000491097  -0.0000043322   0.0000193056   0.0002120993  -0.0000407442
 6826   0.0001701025  -0.0000398674  -0.0000353111   0.0000595130  -0.0002961434
 6827   0.0000086218  -0.0001264391   0.0001557404   0.0000418303  -0.0001131093
 6828  -0.0000009384   0.0003109378  -0.0000365324   0.0002847540  -0.0003113578
 6829   0.0000399734  -0.0000408327  -0.0000828926  -0.0000272397  -0.0000107944
 6830  -0.0001101422  -0.0000507081  -0.0002316915   0.0001993981   0.0000188066
 6831   0.0000645680   0.0001039223   0.0000534671   0.0000349799   0.0000216083
 6832   0.0000975833  -0.0000876766  -0.0001736600  -0.0000591755   0.0001866792
 6833   0.0001416716  -0.0001677569  -0.0001390260  -0.0002112027   0.0001141691
 6834  -0.0000058858   0.0000016205   0.0000030250  -0.0000478823   0.0001982205
 6835  -0.0001397978  -0.0000537039   0.0000857449  -0.0001810832  -0.0000549138
 6836  -0.0000436457   0.0001179917   0.0000157393  -0.0001272272  -0.0000472910
 6837   0.0000429688   0.0000303820  -0.0000394339   0.0000074922   0.0000217993
 6838  -0.0000006090   0.0000102021   0.0000048604   0.0000055763   0.0000071240
 6839  -0.0000001113   0.0000007306  -0.0000093428  -0.0000105901  -0.0000277167
 6840   0.0000194029  -0.0000131907  -0.0001017575   0.0000037099   0.0000120845
 6841  -0.0000056944   0.0000013762   0.0000145884   0.0000252833   0.0000072593
 6842   0.0000207347   0.0000166860   0.0000078309   0.0000007159  -0.0000067579
 6843  -0.0000104136  -0.0000040031   0.0000069811   0.0000208022  -0.0000051656
 6844  -0.0000112392  -0.0000068116   0.0000077466   0.0000100430  -0.0000099487
 6845  -0.0000089004   0.0000156474   0.0000043312  -0.0000182387   0.0000237781
 6846   0.0000338552  -0.0000252358   0.0000218573   0.0000536763  -0.0000617562
 6847   0.0001434659   0.0000134630   0.0000337870  -0.0000239394
 69 1   0.0001529803  -0.0001181835   0.0001270424  -0.0002392555  -0.0001187068
 69 2  -0.0003241352   0.0001169342  -0.0000620540  -0.0000561027   0.0000806406
 69 3   0.0000583200   0.0000331650   0.0001485466  -0.0001664391   0.0002176568
 69 4  -0.0001229265   0.0004574769   0.0002739835  -0.0002144506   0.0001655691
 69 5   0.0000398033   0.0000562121   0.0001600672   0.0000393662  -0.0001628675
 69 6  -0.0002186035  -0.0002891215   0.0000331151   0.0000401608   0.0001369175
 69 7  -0.0001240272  -0.0002167155   0.0000160254   0.0000256089   0.0001785318
 69 8  -0.0002580292  -0.0001274630  -0.0000251209   0.0002039071   0.0001590471
 69 9   0.0003894456  -0.0001038366  -0.0000256184  -0.0001108677   0.0003682504
 6910  -0.0000805335  -0.0000880051  -0.0000715954  -0.0000542516   0.0000244586
 6911   0.0002352368  -0.0002887454   0.0000012505   0.0007583638   0.0005614150
 6912  -0.0011216174   0.0007845676   0.0002769679   0.0000133054   0.0005059775
 6913   0.0002359119  -0.0000564127   0.0002729502   0.0008626667   0.0001552262
 6914  -0.0002534048  -0.0044232988   0.0081940245   0.0113041169   0.0019339030
 6915   0.0000159829  -0.0005329429   0.0003388115  -0.0002573099   0.0001053855
 6916  -0.0001699318  -0.0002186908  -0.0000625006   0.0001026329  -0.0001063748
 6917  -0.0000808838   0.0000454393   0.0003406480  -0.0001084749   0.0003031101
 6918   0.0001246946   0.0000446338  -0.0002959332   0.0004158482  -0.0000657641
 6919   0.0000783994  -0.0002995420   0.0000817934  -0.0001690965  -0.0001466453
 6920  -0.0001261273   0.0000524346  -0.0002264588   0.0001349158   0.0000150812
 6921   0.0000755210  -0.0000896920   0.0000343458  -0.0004413869  -0.0002427344
 6922  -0.0001234536  -0.0001683464  -0.0006143289  -0.0000007415  -0.0000484234
 6923  -0.0001016548   0.0003142734   0.0006132187   0.0005208674   0.0011773708
 6924  -0.0072115710  -0.0125691847  -0.0004179781   0.0000929627  -0.0000213598
 6925   0.0000710468   0.0001082134   0.0001025130  -0.0001005886  -0.0000436136
 6926   0.0000549671   0.0000116222  -0.0000131083  -0.0000131885  -0.0000427393
 6927  -0.0000187997   0.0000381349   0.0000169335   0.0000370419   0.0000119302
 6928  -0.0000486438  -0.0000134844  -0.0001052513   0.0002816360  -0.0001012349
 6929  -0.0001114364  -0.0000900856  -0.0000433484  -0.0001346049  -0.0000554969
 6930   0.0000629677   0.0000261986  -0.0002115213  -0.0000644884   0.0001977040
 6931   0.0001327013  -0.0000674107  -0.0000686805  -0.0001467229   0.0000665307
 6932   0.0000065942   0.0000799961   0.0000476180  -0.0000331388  -0.0002115192
 6933  -0.0000219860   0.0000192426   0.0002694101   0.0001524175  -0.0000785408
 6934  -0.0000438268   0.0000477937   0.0000508404  -0.0000230945  -0.0000559473
 6935   0.0000977775   0.0002170831  -0.0000340238   0.0000777658  -0.0001204323
 6936  -0.0001106594  -0.0002412176  -0.0000522169   0.0001260853   0.0000890980
 6937  -0.0000138982  -0.0000291733  -0.0001271977   0.0000126256   0.0000093566
 6938  -0.0000034612   0.0000040453   0.0000002493  -0.0000075272   0.0000014169
 6939  -0.0000028865  -0.0000049298   0.0000038731  -0.0000115256   0.0000035734
 6940   0.0000009025   0.0000334987   0.0000056368  -0.0000047948  -0.0000055545
 6941   0.0000031616   0.0000083555   0.0000027516   0.0000094705  -0.0000086890
 6942   0.0000063430   0.0000028494   0.0000062244   0.0000042109  -0.0000190497
 6943   0.0000095803   0.0000053934   0.0000101515  -0.0000153473  -0.0000145669
 6944  -0.0000070725   0.0000083205  -0.0000046456   0.0000004142  -0.0000028491
 6945  -0.0000150206  -0.0000561155   0.0000145765   0.0000033000  -0.0000344438
 6946  -0.0000273498  -0.0000001549   0.0000125362   0.0000234249  -0.0000762069
 6947  -0.0000345123  -0.0000192342  -0.0000551696   0.0000267562
 70 1   0.0005026604  -0.0001224585   0.0003799550  -0.0001623255  -0.0004621227
 70 2   0.0001408061  -0.0005730495  -0.0001112579   0.0000745228   0.0001703415
 70 3   0.0004523667  -0.0001207251   0.0003095679   0.0003146131  -0.0000603388
 70 4  -0.0001751539  -0.0000354990  -0.0000791142   0.0005770563   0.0003923197
 70 5  -0.0000348740  -0.0003896276   0.0002041638   0.0001012519  -0.0002759399
 70 6   0.0000061247   0.0002235038   0.0001971454   0.0001839752  -0.0000328032
 70 7  -0.0002330321   0.0001832959   0.0000487286  -0.0000949650  -0.0001559877
 70 8  -0.0001141623   0.0000699041  -0.0000109490   0.0000768490  -0.0002347442
 70 9   0.0004982801  -0.0002201191   0.0001969893   0.0001366994   0.0001283948
 7010  -0.0001271048  -0.0001920287   0.0002222286   0.0000995310  -0.0000810944
 7011  -0.0001393356  -0.0002416787  -0.0007226074   0.0002448927  -0.0045669680
 7012  -0.0113504278   0.0007725630  -0.0033244864   0.0053381006  -0.0009306378
 7013  -0.0001309442   0.0001476764  -0.0002891034  -0.0002662089   0.0001704958
 7014   0.0002693987  -0.0240937164   0.0020809297   0.0019339030   0.0311432165
 7015   0.0027246913  -0.0034732548   0.0001183253   0.0003563603  -0.0003718582
 7016  -0.0003224498  -0.0001486076  -0.0001714756  -0.0000202109   0.0001099428
 7017  -0.0002201263  -0.0000613952  -0.0003442795  -0.0000743874  -0.0001318498
 7018  -0.0001871365  -0.0001101822  -0.0002120598   0.0002799797   0.0000425670
 7019  -0.0002120951   0.0002570312   0.0000796252   0.0003583904   0.0001866401
 7020  -0.0001549545   0.0000419699  -0.0006339863  -0.0001138476  -0.0001094640
 7021  -0.0001153023  -0.0000343683   0.0002782521   0.0001004942   0.0006140844
 7022  -0.0002918564  -0.0000891797   0.0002839359   0.0006083660   0.0000183185
 7023   0.0001000358  -0.0002138686  -0.0001149846  -0.0000608557   0.0001271050
 7024   0.0001050799  -0.0003909338   0.0017131776   0.0007001439   0.0013682576
 7025   0.0000079787  -0.0000140990   0.0000072646  -0.0000271316  -0.0000874117
 7026  -0.0001569704   0.0000744616   0.0001836827  -0.0000847113   0.0000445244
 7027  -0.0000016646   0.0000575274   0.0000356808  -0.0000613181   0.0000629859
 7028  -0.0001156035  -0.0002752861   0.0002366504  -0.0004676437   0.0002771808
 7029   0.0000975302   0.0001403530   0.0001639891   0.0001330385   0.0000165242
 7030   0.0000080766  -0.0000478773   0.0003492435  -0.0001701868  -0.0001423884
 7031  -0.0001197384  -0.0000349355   0.0000720837  -0.0000301623  -0.0000295754
 7032  -0.0001117623   0.0000835336   0.0001340008   0.0000241894   0.0000668471
 7033  -0.0001166066   0.0000651294   0.0000649078   0.0000432931  -0.0000143741
 7034   0.0000051096  -0.0000372381   0.0000199332  -0.0000449137  -0.0000469178
 7035  -0.0000207877   0.0000433841   0.0000425565  -0.0001172202   0.0000201026
 7036  -0.0000817831  -0.0000834081  -0.0001008985   0.0000329194  -0.0001779329
 7037   0.0000015599  -0.0000007939   0.0000133271   0.0000008191  -0.0000089670
 7038   0.0000089241  -0.0000009855  -0.0000000906  -0.0000060537   0.0000011074
 7039  -0.0000059170  -0.0000140769  -0.0000063966  -0.0000119874   0.0000586710
 7040  -0.0000705159  -0.0000337072   0.0001496453  -0.0000155233  -0.0000059723
 7041  -0.0000041352  -0.0000091366  -0.0000000356  -0.0000120683  -0.0000179473
 7042  -0.0000035096  -0.0000038648  -0.0000025521   0.0000021033   0.0000223781
 7043   0.0000098064   0.0000079743   0.0000042456  -0.0000059122   0.0000066491
 7044   0.0000239006  -0.0000034836  -0.0000149591  -0.0000168006   0.0000148755
 7045   0.0000365963   0.0000160450  -0.0000190682  -0.0000094342   0.0000072000
 7046  -0.0000029027   0.0000138684  -0.0000153717   0.0000365153   0.0000353718
 7047   0.0000292185  -0.0000036228  -0.0000056787   0.0000118699
 71 1   0.0000391232  -0.0001706065   0.0000738943  -0.0001025582   0.0000120645
 71 2  -0.0002083971  -0.0004999878   0.0000814919  -0.0000841028   0.0011844075
 71 3  -0.0002631819  -0.0000786287  -0.0004859036  -0.0004799027  -0.0000701006
 71 4   0.0001714208  -0.0000622990   0.0001598550  -0.0000778652   0.0001657215
 71 5  -0.0000443407   0.0001144429   0.0003109330  -0.0000110406   0.0000608227
 71 6   0.0002613284  -0.0000194955  -0.0003598946  -0.0003018649   0.0002507660
 71 7   0.0002428302   0.0006094999  -0.0000260336  -0.0002523791   0.0001271606
 71 8  -0.0002505399   0.0003727344  -0.0003829778   0.0001412337  -0.0003809036
 71 9  -0.0001109549  -0.0002121589  -0.0006677823  -0.0005894562   0.0001309057
 7110  -0.0003651950  -0.0003669074  -0.0000604129   0.0000019262   0.0002280223
 7111   0.0000640660   0.0000514175   0.0003165382  -0.0000554530  -0.0117680831
 7112  -0.0198680304   0.0020086954   0.0102749521  -0.0124538597   0.0016887717
 7113   0.0001081081   0.0000349720   0.0001748117  -0.0000942198   0.0000023268
 7114  -0.0002159603  -0.0024880897   0.0002743431   0.0000159829   0.0027246913
 7115   0.0418824332   0.0133886669   0.0001336339  -0.0001386200  -0.0000578300
 7116   0.0000115430  -0.0001825960  -0.0000750298  -0.0000505376  -0.0000604825
 7117  -0.0003308293  -0.0001125295  -0.0003456923   0.0004484254   0.0003149939
 7118  -0.0000164326   0.0000107509  -0.0001691573   0.0002073307   0.0000050648
 7119   0.0002229207  -0.0001916153   0.0002854695  -0.0005633345   0.0001310573
 7120   0.0001235102  -0.0000483202  -0.0000787360   0.0003397525  -0.0002652173
 7121  -0.0000114115  -0.0000979357   0.0003400713   0.0000538946   0.0000486243
 7122  -0.0002692468  -0.0001163812  -0.0000975182  -0.0000419710   0.0000483522
 7123   0.0000758999   0.0002664468   0.0002644715  -0.0000316371  -0.0002770702
 7124   0.0003119556  -0.0001500462   0.0026342149  -0.0090107964  -0.0175751648
 7125  -0.0000528103  -0.0000243510  -0.0000083580   0.0003532342  -0.0001063609
 7126   0.0001179739  -0.0000048566   0.0000903190   0.0000427013  -0.0003416352
 7127   0.0001135108  -0.0000696785   0.0002059242   0.0000060134   0.0000446377
 7128  -0.0001155721   0.0003818579   0.0000122218   0.0000981268  -0.0002756024
 7129   0.0000521282  -0.0000263210  -0.0000253130  -0.0000130257   0.0000414749
 7130  -0.0001809164  -0.0000558645   0.0000229081   0.0003046547  -0.0000942993
 7131  -0.0000117330  -0.0000606166   0.0000919052   0.0000662585  -0.0000372502
 7132   0.0001151611  -0.0001018122  -0.0001595021  -0.0000496316   0.0003032154
 7133   0.0001040167  -0.0001568835  -0.0002845029  -0.0002107668   0.0001904631
 7134   0.0000092871  -0.0000555015   0.0000084517  -0.0001042551   0.0001419841
 7135  -0.0000418838  -0.0001935359   0.0001369251  -0.0001521837  -0.0000582805
 7136   0.0001515307   0.0001031738   0.0000520414  -0.0002905803   0.0000646121
 7137   0.0000483866   0.0000252202  -0.0000084677   0.0000103640   0.0000118018
 7138  -0.0000091180   0.0000168999   0.0000041029  -0.0000001890   0.0000122926
 7139   0.0000012614  -0.0000029308  -0.0000239876  -0.0000320959   0.0000083898
 7140  -0.0000367613  -0.0000703114  -0.0000614488   0.0000084484  -0.0000085675
 7141  -0.0000247794  -0.0000038187   0.0000077058   0.0000194365  -0.0000017443
 7142   0.0000027859   0.0000250417   0.0000077064  -0.0000072426   0.0000161716
 7143  -0.0000131682  -0.0000060378   0.0000085867   0.0000192169   0.0000270607
 7144  -0.0000131712   0.0000059005   0.0000196089   0.0000070097   0.0000066023
 7145   0.0000257834   0.0000215889  -0.0000119267   0.0000197887  -0.0000252932
 7146   0.0000203721  -0.0000500472   0.0000249425   0.0001214345  -0.0001012682
 7147   0.0000909985   0.0000261716   0.0000053072   0.0000391195
 72 1  -0.0001024449   0.0000441844  -0.0000201473   0.0001641491  -0.0001683954
 72 2  -0.0002996424  -0.0000827967  -0.0001070066  -0.0004258526  -0.0000476213
 72 3   0.0002562727  -0.0003601790  -0.0001882434  -0.0000847004  -0.0002086252
 72 4  -0.0001480002   0.0001525843  -0.0001191656  -0.0000666413  -0.0000852727
 72 5  -0.0001073561  -0.0002036000  -0.0001033981  -0.0002511590   0.0003131705
 72 6   0.0001059750  -0.0001710383   0.0000517314   0.0002964587  -0.0001828115
 72 7  -0.0002092566   0.0005289739  -0.0002152194   0.0000273506   0.0001242896
 72 8  -0.0001332734  -0.0002887056   0.0001355550  -0.0002066521   0.0002147602
 72 9  -0.0000907366  -0.0001039989   0.0002749118   0.0003972083   0.0000420055
 7210  -0.0006360703  -0.0004155661  -0.0004158206   0.0000227739  -0.0001907719
 7211  -0.0003125194   0.0003400128   0.0001679593  -0.0000912588  -0.0004649247
 7212  -0.0001980060   0.0010477510   0.0006441919  -0.0009203926   0.0001781298
 7213   0.0000289489   0.0000280003  -0.0003186805   0.0002524094   0.0001315489
 7214  -0.0002163335   0.0001615177   0.0000601394  -0.0005329429  -0.0034732548
 7215   0.0133886669   0.0183723724   0.0000673430  -0.0000543023   0.0003388167
 7216   0.0001521647  -0.0000595351   0.0003223368  -0.0003257884  -0.0003564152
 7217   0.0001454013   0.0001724026  -0.0000467353   0.0002733502  -0.0001708318
 7218  -0.0001102651   0.0002764834   0.0001725041  -0.0003835465   0.0002078284
 7219   0.0000099970  -0.0000873049   0.0001723910   0.0002354842   0.0000363711
 7220   0.0001482640  -0.0003943454   0.0003092281   0.0008357128  -0.0000038026
 7221   0.0001072344   0.0005733139   0.0007474724  -0.0000597928   0.0004077355
 7222  -0.0006723006  -0.0012249310  -0.0003684358   0.0001736417   0.0001214900
 7223   0.0002441629  -0.0003166652   0.0001313061   0.0003388631  -0.0001174060
 7224   0.0003072410   0.0008826482   0.0034885572  -0.0120707642  -0.0191944916
 7225   0.0000278426   0.0000256545   0.0000158185   0.0000243184  -0.0001505257
 7226  -0.0000936896   0.0001054717   0.0002378454  -0.0001224802  -0.0001004231
 7227   0.0000583428  -0.0001052084  -0.0000772593   0.0001158434  -0.0002723478
 7228   0.0002319561  -0.0004339009   0.0002009070  -0.0005743610   0.0003351055
 7229   0.0000628123   0.0002025309   0.0001858813   0.0003377675   0.0000415775
 7230  -0.0000701822  -0.0001514798   0.0006795174  -0.0001253155   0.0001922451
 7231  -0.0007156870  -0.0002936205  -0.0001986363   0.0003616027  -0.0001533442
 7232  -0.0003320744  -0.0000074098   0.0000851373   0.0001510073  -0.0000666335
 7233   0.0000237293   0.0000416698   0.0001851228   0.0002252756   0.0000426176
 7234   0.0000158790   0.0000177601  -0.0000281392   0.0000912223  -0.0001119475
 7235   0.0001040964   0.0001225602  -0.0000442011   0.0000545515   0.0000939914
 7236   0.0000610163  -0.0003730767  -0.0001580877   0.0001023475  -0.0001563231
 7237  -0.0000245555  -0.0000060407  -0.0000210629   0.0000004183  -0.0000119880
 7238  -0.0000024572   0.0000017019  -0.0000024702  -0.0000063991   0.0000092012
 7239   0.0000048102  -0.0000232684  -0.0000161164  -0.0000165875   0.0000675336
 7240  -0.0000914529  -0.0000291908   0.0001593839  -0.0000130551   0.0000080500
 7241   0.0000399310  -0.0000100733   0.0000014058  -0.0000252793  -0.0000005309
 7242   0.0000061347   0.0000024055  -0.0000071012   0.0000038180   0.0000288761
 7243   0.0000003798   0.0000132896  -0.0000239819  -0.0000175716  -0.0000178782
 7244   0.0000013056  -0.0000095848  -0.0000194103   0.0000068046   0.0000216044
 7245  -0.0000071403  -0.0000309912   0.0000370851  -0.0000469355   0.0000757875
 7246  -0.0000182761   0.0000012337  -0.0000284319  -0.0001376153  -0.0000042104
 7247  -0.0001460364  -0.0000109842   0.0000193599   0.0000038798
 73 1  -0.0047068790  -0.0026079895   0.0072201722  -0.0018778792   0.0022205382
 73 2  -0.0045321967   0.0001332817  -0.0004395927  -0.0002304086  -0.0005486292
 73 3  -0.0002502213   0.0000634927  -0.0003758002   0.0000197177  -0.0000177768
 73 4   0.0011623892  -0.0003038114  -0.0014187740  -0.0010435200  -0.0003451782
 73 5  -0.0002926219  -0.0001482132  -0.0001754708   0.0001884060   0.0005066535
 73 6   0.0001202075  -0.0000896444   0.0000520843   0.0002013223  -0.0000414101
 73 7  -0.0001599070  -0.0003464768   0.0000737219   0.0001955622  -0.0000151207
 73 8   0.0002125882  -0.0004016053   0.0001692965  -0.0002155128   0.0002735773
 73 9  -0.0002298321  -0.0000143923  -0.0006372263   0.0000720570   0.0000540958
 7310   0.0000790669   0.0001874539  -0.0001009913   0.0004308668   0.0001126441
 7311  -0.0000731110  -0.0001082096   0.0001865531   0.0000540259  -0.0000652247
 7312   0.0000579756  -0.0000583685   0.0001048490   0.0004265326  -0.0001698752
 7313  -0.0000919947  -0.0001395887  -0.0001237036  -0.0002387235   0.0000224965
 7314   0.0004557988   0.0003561998  -0.0002974195   0.0003388115   0.0001183253
 7315   0.0001336339   0.0000673430   0.0257775958   0.0079109373  -0.0019318371
 7316  -0.0143505230   0.0009949654   0.0014646687  -0.0000155397  -0.0002126810
 7317   0.0002078666  -0.0001209511  -0.0000239704  -0.0001948083  -0.0037920287
 7318  -0.0066422424   0.0003478017  -0.0003492112  -0.0000777379  -0.0000862592
 7319   0.0000286670   0.0001674392  -0.0002953123   0.0001971763   0.0000690697
 7320  -0.0000880438  -0.0002025297  -0.0000360031  -0.0002037918   0.0001004426
 7321   0.0000128536  -0.0000744180  -0.0001341542  -0.0001292359  -0.0002256555
 7322  -0.0001582595  -0.0001460949  -0.0000815128   0.0000223509   0.0000190378
 7323  -0.0000632517  -0.0003638694  -0.0003133802   0.0000168959   0.0003031890
 7324  -0.0003858359   0.0000594829   0.0001602046  -0.0001197724  -0.0000244254
 7325  -0.0000540883  -0.0000008358   0.0000680332  -0.0000537689   0.0001110614
 7326   0.0001182697  -0.0000702245  -0.0002570023   0.0000997761  -0.0000270559
 7327  -0.0000652388  -0.0000376234  -0.0000712075   0.0000211379  -0.0001033814
 7328   0.0001190022   0.0000369543  -0.0001767695   0.0001896338  -0.0000372137
 7329  -0.0000428814  -0.0000733012  -0.0001496077  -0.0002568373  -0.0001741974
 7330   0.0001015623   0.0000653692  -0.0005293456  -0.0001079133  -0.0002085790
 7331   0.0006094655   0.0002030317   0.0000187332  -0.0002257863   0.0000895750
 7332   0.0001009587   0.0000848647   0.0000203313  -0.0000889069  -0.0000312252
 7333  -0.0000480158  -0.0000483224   0.0001338549  -0.0000253390   0.0000142671
 7334  -0.0001097861   0.0001341338   0.0000344622  -0.0000379392   0.0000902065
 7335  -0.0000272546   0.0000933667  -0.0000211674   0.0000030951  -0.0001104921
 7336  -0.0000883546  -0.0000408219  -0.0000164373   0.0000481847   0.0003964441
 7337   0.0000637627   0.0000297395  -0.0000147051   0.0000086709   0.0000328584
 7338   0.0000342157   0.0000046051   0.0000229242   0.0000193974   0.0000036294
 7339   0.0000027651  -0.0000032130   0.0000163432   0.0000171682  -0.0000423605
 7340   0.0000414425   0.0000287830  -0.0001623323   0.0000169717   0.0000092197
 7341   0.0000346200   0.0000043558  -0.0000133146   0.0000390922   0.0000193663
 7342   0.0000188137  -0.0000170626  -0.0000053370   0.0000044549  -0.0000149625
 7343   0.0000057039   0.0000069628   0.0000177139   0.0000207874  -0.0000251894
 7344  -0.0000202383   0.0000063594   0.0000178688   0.0000258948  -0.0000109106
 7345  -0.0000677752  -0.0000635547   0.0000066765   0.0000052672   0.0000071543
 7346   0.0000128434  -0.0000078639   0.0000254306   0.0000235779  -0.0000241755
 7347   0.0000589546   0.0000042158   0.0000189257   0.0000108559
 74 1  -0.0025185836  -0.0010308694   0.0036064076   0.0011045489   0.0006752907
 74 2  -0.0001021117  -0.0001841236   0.0001251729   0.0003711285   0.0004799932
 74 3  -0.0001866790   0.0001028215   0.0001198141  -0.0004100464   0.0003414018
 74 4   0.0001919809  -0.0017917548  -0.0016378167  -0.0001454364  -0.0006113009
 74 5  -0.0003142477   0.0001870686   0.0004056410   0.0001662756  -0.0002008303
 74 6   0.0000845706  -0.0003212578   0.0000720369  -0.0004429035   0.0004512443
 74 7  -0.0000882994   0.0002369989  -0.0004755440  -0.0002454807  -0.0003052524
 74 8   0.0000867570   0.0002787518  -0.0010145255  -0.0000538808  -0.0000282166
 74 9  -0.0000731898   0.0000731997   0.0002145598   0.0003330165   0.0003281721
 7410  -0.0000739804   0.0000589538   0.0001936076   0.0001933491   0.0008133930
 7411   0.0001493157  -0.0001409035   0.0003321908  -0.0000522898   0.0001177099
 7412  -0.0000492119  -0.0000389516  -0.0000067652  -0.0001366004   0.0001795853
 7413  -0.0002668339  -0.0003187219   0.0007686081   0.0000391656  -0.0001468759
 7414  -0.0002753170  -0.0004186989  -0.0004615038  -0.0002573099   0.0003563603
 7415  -0.0001386200  -0.0000543023   0.0079109373   0.0139619642  -0.0022062545
 7416  -0.0008541033  -0.0008797362  -0.0002521854   0.0004206427  -0.0000311335
 7417  -0.0001144588   0.0000569970   0.0004441534  -0.0002240560  -0.0045556941
 7418  -0.0103813396   0.0013977832  -0.0001645071   0.0001594744  -0.0001742407
 7419   0.0001332724   0.0004164243  -0.0001418890  -0.0010150055  -0.0005379634
 7420   0.0002116985  -0.0000968050   0.0000225192   0.0000474302   0.0006457751
 7421  -0.0005057668  -0.0007326222  -0.0005832660  -0.0001428984  -0.0005400680
 7422  -0.0001905105   0.0007246271   0.0001032697  -0.0001497762  -0.0001398307
 7423  -0.0002849282   0.0001392298   0.0004572379  -0.0001113519  -0.0001761423
 7424   0.0001090206  -0.0001058157  -0.0002432954   0.0000586017  -0.0000771576
 7425  -0.0001054085  -0.0001013352  -0.0001803122   0.0003652428   0.0000620244
 7426   0.0000682747  -0.0000738560  -0.0000874538   0.0001918114  -0.0001200598
 7427   0.0001516489   0.0002242025   0.0001491186  -0.0000267727   0.0001533066
 7428  -0.0001888033   0.0005347590  -0.0004522601   0.0009374477  -0.0005298984
 7429  -0.0002311357  -0.0004230246  -0.0001628965  -0.0003176725   0.0001004041
 7430  -0.0000194326   0.0002268359  -0.0003524671   0.0004716004   0.0004569043
 7431  -0.0001554698  -0.0002632469   0.0000258419   0.0000748664   0.0000519390
 7432   0.0002140462  -0.0002422365  -0.0004243212  -0.0000683798   0.0003215811
 7433   0.0003383789  -0.0001464085  -0.0004809856  -0.0003320864   0.0000857159
 7434   0.0001127590  -0.0000500447   0.0000241184  -0.0000098216   0.0002399179
 7435  -0.0000700586  -0.0000308328   0.0001929354  -0.0001200318  -0.0003722434
 7436   0.0003539376  -0.0001413246   0.0001684755   0.0000061766   0.0003218175
 7437  -0.0000620024   0.0000126281   0.0001060070   0.0000115157   0.0000309114
 7438  -0.0000143690   0.0000168752  -0.0000031577   0.0000030955   0.0000014441
 7439  -0.0000202983   0.0000103981   0.0000061283  -0.0000418987  -0.0000620411
 7440   0.0000757701   0.0000234208  -0.0002026566  -0.0000126911   0.0000348404
 7441  -0.0000430110  -0.0000076870  -0.0000016541  -0.0000175995   0.0000086236
 7442  -0.0000390947  -0.0000420377   0.0000284255   0.0000076270  -0.0000502274
 7443  -0.0000176152  -0.0000016354  -0.0000159993  -0.0000115937   0.0000320456
 7444  -0.0000255961  -0.0000139823   0.0000023159  -0.0000002300  -0.0000470486
 7445   0.0000022176  -0.0000256504  -0.0000147894   0.0000000836  -0.0000099368
 7446   0.0000235818  -0.0000354908   0.0000172635   0.0000365425  -0.0000810155
 7447   0.0000821421  -0.0000111188  -0.0000102014  -0.0000054918
 75 1   0.0127743468   0.0066871425  -0.0182418475  -0.0070064026   0.0024112000
 75 2  -0.0069301188  -0.0002203482   0.0002690318   0.0000291420   0.0004409828
 75 3   0.0002366044   0.0003139187   0.0002589469   0.0001911201   0.0002537256
 75 4  -0.0010466505  -0.0051812712  -0.0040331098   0.0004377755   0.0001154214
 75 5  -0.0006211093   0.0000125256   0.0000511978   0.0000937762  -0.0003518097
 75 6  -0.0001150962   0.0001672594  -0.0000330664   0.0000914193   0.0001261824
 75 7   0.0001000068   0.0000892526   0.0001699875  -0.0000144881   0.0000327325
 75 8   0.0001046381   0.0004486769   0.0003011949   0.0002156446  -0.0005759221
 75 9  -0.0004531725   0.0000599302   0.0004413744  -0.0004232313   0.0001493290
 7510   0.0002082716   0.0000797833   0.0005526219  -0.0003931429  -0.0003807316
 7511   0.0001799688  -0.0005218538  -0.0003648921   0.0000642519   0.0005380094
 7512   0.0003450211  -0.0002387635  -0.0003357068  -0.0002393194   0.0003215920
 7513   0.0004421719   0.0001487873   0.0003373460  -0.0000890222  -0.0000798199
 7514   0.0000017617   0.0000750480   0.0005088746   0.0001053855  -0.0003718582
 7515  -0.0000578300   0.0003388167  -0.0019318371  -0.0022062545   0.0295446252
 7516  -0.0023269166  -0.0001332966  -0.0001706656  -0.0000505676   0.0005300085
 7517  -0.0003365661  -0.0001277067   0.0002650351  -0.0000184214  -0.0013081874
 7518  -0.0020905694  -0.0000881233   0.0001039930   0.0001495359  -0.0000903346
 7519  -0.0000973741   0.0000486436  -0.0000657636   0.0000637743   0.0000176338
 7520  -0.0003737462   0.0005840449  -0.0003910277  -0.0003950803  -0.0000476817
 7521  -0.0001927027  -0.0001221965   0.0000225796   0.0000549820   0.0000533468
 7522   0.0001637630   0.0001030532  -0.0002716659   0.0002316550  -0.0003243969
 7523  -0.0001297679   0.0000982132   0.0001332438  -0.0004649138   0.0000230286
 7524   0.0002051458  -0.0003929078  -0.0003713329  -0.0001956103  -0.0003736554
 7525  -0.0000587494  -0.0001245352  -0.0002369887   0.0002093894  -0.0000155703
 7526   0.0000242058   0.0000274725   0.0000946997  -0.0000121916  -0.0000986559
 7527   0.0001003836   0.0000764898   0.0002449362  -0.0001139561   0.0001390899
 7528  -0.0003103629  -0.0000726546   0.0003376436   0.0004928022   0.0002511940
 7529   0.0001975554  -0.0001214566  -0.0003416810  -0.0004575149  -0.0001923219
 7530   0.0001006868  -0.0001339529  -0.0002983928   0.0001467994  -0.0001855266
 7531   0.0000917663   0.0001491609   0.0000527262   0.0000422291  -0.0000020162
 7532   0.0000383650  -0.0000509888  -0.0000490109   0.0000188277   0.0000564007
 7533  -0.0000044726  -0.0000250151  -0.0001081105  -0.0000574063   0.0000762057
 7534   0.0000706268  -0.0000613520   0.0000602429  -0.0000080438  -0.0000951139
 7535  -0.0000425920  -0.0001000999  -0.0000044043  -0.0000337780  -0.0000962432
 7536   0.0001227085   0.0004581794   0.0001999552  -0.0002773802  -0.0004063302
 7537  -0.0000522100   0.0000090149   0.0001468264  -0.0000139531  -0.0000187801
 7538  -0.0000341280   0.0000052602  -0.0000162594  -0.0000072094  -0.0000051819
 7539  -0.0000085670   0.0000105098  -0.0000019143   0.0000002918   0.0000142084
 7540   0.0000152436  -0.0000235839   0.0000730155  -0.0000020817  -0.0000175365
 7541  -0.0000403665   0.0000042151  -0.0000100710   0.0000711092  -0.0000975841
 7542  -0.0000811288   0.0000364785   0.0000058344   0.0000040849  -0.0000020505
 7543  -0.0000061799   0.0000023020  -0.0000019024  -0.0000248565   0.0000318341
 7544   0.0000140157  -0.0000098671  -0.0000129157  -0.0000298450  -0.0000328961
 7545   0.0000668445  -0.0000160349  -0.0000179452   0.0000075134  -0.0000381649
 7546  -0.0000180952   0.0000357836  -0.0000319953   0.0000346538   0.0000532709
 7547   0.0000449197  -0.0000219071  -0.0000050199   0.0000204796
 76 1  -0.0000255707   0.0001294045   0.0012305336  -0.0037363272  -0.0034850396
 76 2   0.0091725270  -0.0034626660   0.0028078511  -0.0068373503  -0.0000647620
 76 3   0.0001387832   0.0000831324  -0.0000075410  -0.0001247623   0.0002584658
 76 4  -0.0009807691   0.0000003491   0.0006402891   0.0011490637   0.0000316516
 76 5  -0.0002933321  -0.0002409090  -0.0002142301  -0.0004342861  -0.0001838943
 76 6  -0.0001136224   0.0001787477   0.0005714512   0.0004054382   0.0004519627
 76 7   0.0002737876   0.0000834189   0.0000949838   0.0000308019   0.0001919630
 76 8   0.0000144123   0.0003253544   0.0001419275   0.0002792926  -0.0001458146
 76 9  -0.0003988701   0.0000365009   0.0003144627  -0.0006501373   0.0003115407
 7610   0.0001489323   0.0002465231   0.0005735527  -0.0002723603   0.0000044312
 7611   0.0002566163  -0.0004689376   0.0000104143   0.0001295334   0.0004426089
 7612   0.0001971300  -0.0003309981  -0.0000088594  -0.0003841978   0.0002949411
 7613   0.0001434516  -0.0000040746   0.0005543337  -0.0001435033  -0.0000869759
 7614   0.0002041242  -0.0000323511   0.0003148186  -0.0001699318  -0.0003224498
 7615   0.0000115430   0.0001521647  -0.0143505230  -0.0008541033  -0.0023269166
 7616   0.0421687128   0.0000153264  -0.0024949704  -0.0141274969   0.0015160433
 7617   0.0011347051  -0.0005820209   0.0001770132  -0.0000283061  -0.0029894193
 7618   0.0068751824  -0.0006219972  -0.0029908499  -0.0062255552   0.0004684381
 7619  -0.0004641773  -0.0002954284  -0.0001457043   0.0000397083   0.0002601076
 7620  -0.0001640654   0.0003819103  -0.0002452349  -0.0005331956   0.0000125984
 7621  -0.0000159589  -0.0003600703  -0.0000295698   0.0001295490  -0.0001448686
 7622   0.0000585857  -0.0000238312  -0.0003351262   0.0001491110  -0.0003218963
 7623  -0.0001264881   0.0002834550  -0.0001664927  -0.0004405515  -0.0001256106
 7624   0.0002280359  -0.0003873424  -0.0004667539  -0.0003151232  -0.0001510204
 7625   0.0000622299   0.0000164038  -0.0001820101   0.0000164282   0.0001546203
 7626   0.0001434247  -0.0000605395  -0.0001251862   0.0001547057   0.0000039082
 7627  -0.0000576183   0.0000290358   0.0003532713  -0.0001118977   0.0001825755
 7628  -0.0005090004  -0.0002146101   0.0002835552   0.0005246691   0.0002534021
 7629  -0.0001051515  -0.0002174305  -0.0002621225  -0.0004127012  -0.0001113586
 7630   0.0001732094   0.0000464726   0.0000019798   0.0002263959   0.0003075908
 7631  -0.0003582804  -0.0002205102  -0.0000853598   0.0000969609  -0.0000505395
 7632  -0.0000328822   0.0000296226  -0.0002438155  -0.0001505447   0.0002846081
 7633   0.0001150290  -0.0002863544  -0.0001409918  -0.0001098563   0.0003589677
 7634   0.0000207386   0.0000479344   0.0001209969   0.0000526459  -0.0001201661
 7635  -0.0000418253  -0.0001731125   0.0000273093  -0.0000309521  -0.0000848281
 7636   0.0003071674   0.0001247384   0.0001356904   0.0001098014  -0.0002451733
 7637  -0.0000582782  -0.0000426847   0.0000367586  -0.0000123268  -0.0000232006
 7638  -0.0000464748   0.0000011454  -0.0000100499   0.0000013555  -0.0000132545
 7639  -0.0000008079   0.0000349356  -0.0000017120  -0.0000029469  -0.0000555356
 7640   0.0001158723   0.0000864191  -0.0001394988  -0.0000158743   0.0000004856
 7641  -0.0000548831   0.0000091693  -0.0000177032   0.0000485239  -0.0000479996
 7642  -0.0000660120   0.0000217163  -0.0000002965   0.0000056636   0.0000177155
 7643  -0.0000020558   0.0000332075   0.0000191228  -0.0000309786   0.0000451551
 7644  -0.0000053485  -0.0000081727  -0.0000002409  -0.0000139436  -0.0000408386
 7645   0.0000214525  -0.0001468784  -0.0000165905  -0.0000050945  -0.0000266505
 7646  -0.0000288634   0.0000238430  -0.0000569965  -0.0000136716   0.0000532701
 7647  -0.0000227714  -0.0000333440  -0.0000070775   0.0000154679
 77 1   0.0000813476   0.0002182643   0.0003948652  -0.0020336983  -0.0001787679
 77 2   0.0025539651   0.0014983664  -0.0003457481   0.0019172369   0.0000780291
 77 3   0.0000783897   0.0003031253   0.0001340006  -0.0001077245   0.0001344471
 77 4   0.0000485992  -0.0004298531  -0.0001151515  -0.0000070338  -0.0002877287
 77 5  -0.0013851875  -0.0003201232  -0.0000111978   0.0000865262   0.0000056344
 77 6  -0.0001657408  -0.0000990216   0.0001165824   0.0000186592   0.0001698696
 77 7   0.0003882394  -0.0000278711  -0.0005340384  -0.0003400720  -0.0005191937
 77 8  -0.0001868686   0.0002903412   0.0001357946   0.0000386248  -0.0001370745
 77 9  -0.0000496079  -0.0000061195   0.0001922076  -0.0000185226   0.0002091934
 7710  -0.0001872302  -0.0000677845  -0.0000283170  -0.0000073842   0.0002228656
 7711  -0.0000404467   0.0000625753   0.0000887644   0.0001166143   0.0000388521
 7712  -0.0000241675   0.0000044834   0.0002298991  -0.0002328979   0.0001079784
 7713  -0.0000246332   0.0000613759   0.0003277169  -0.0001583823  -0.0002130196
 7714   0.0000284347  -0.0000782449  -0.0000660036  -0.0002186908  -0.0001486076
 7715  -0.0001825960  -0.0000595351   0.0009949654  -0.0008797362  -0.0001332966
 7716   0.0000153264   0.0260501058  -0.0041650241  -0.0003792128  -0.0005384094
 7717  -0.0002381865  -0.0000008812   0.0002567146  -0.0002201575   0.0075369683
 7718  -0.0110739191   0.0009300244  -0.0070240691  -0.0111037303   0.0005400760
 7719  -0.0001878734   0.0002501572  -0.0002033870  -0.0001974295  -0.0001450691
 7720  -0.0000667443  -0.0002456519  -0.0006425764  -0.0000140154   0.0001650080
 7721  -0.0003245506  -0.0003582924  -0.0000947123  -0.0002502593  -0.0001138885
 7722  -0.0001701649   0.0000450914  -0.0000708231   0.0001518246   0.0000556549
 7723   0.0000113952  -0.0002276019   0.0000810135  -0.0000679158   0.0001286086
 7724   0.0001860161   0.0000458318  -0.0001416858   0.0000432894  -0.0000358352
 7725   0.0000312874   0.0001067684   0.0000332383   0.0001696614  -0.0001847001
 7726  -0.0001096660   0.0000611690   0.0002449095  -0.0000490972  -0.0000734588
 7727  -0.0000168496   0.0000931488   0.0001672945  -0.0000781728   0.0001391371
 7728  -0.0001748534   0.0002575610   0.0000111898  -0.0000049172  -0.0002052055
 7729  -0.0000089692  -0.0001268428   0.0000872066   0.0001072893   0.0001678993
 7730  -0.0000733237   0.0001500944   0.0001096371   0.0001834566   0.0001247251
 7731  -0.0002136387  -0.0000864567  -0.0000583214   0.0001464314  -0.0000169666
 7732  -0.0000014658  -0.0000970376  -0.0001311937   0.0000510749   0.0000933083
 7733   0.0001442007  -0.0000185336  -0.0001598892  -0.0000172485   0.0000318585
 7734   0.0000908279  -0.0000834411  -0.0000070758   0.0000358826  -0.0000582400
 7735   0.0000367780  -0.0000004205   0.0000464550  -0.0000185646  -0.0000796607
 7736   0.0001484030  -0.0001232461  -0.0000166643  -0.0000291649   0.0001898671
 7737  -0.0000047133  -0.0000815783  -0.0000630771   0.0000016510  -0.0000253052
 7738  -0.0000457325   0.0000055133  -0.0000006191  -0.0000046631   0.0000003574
 7739  -0.0000034840  -0.0000107098  -0.0000219812  -0.0000367001   0.0000413772
 7740  -0.0000683564  -0.0000448576   0.0001218697  -0.0000022650   0.0000182677
 7741  -0.0000289357  -0.0000006705   0.0000135901  -0.0000185990   0.0000083015
 7742  -0.0000080535  -0.0000293811   0.0000086959  -0.0000008096  -0.0000060097
 7743  -0.0000072716   0.0000026108  -0.0000162760  -0.0000124917   0.0000229637
 7744   0.0000080667  -0.0000053628  -0.0000046854  -0.0000068415  -0.0000197068
 7745   0.0000301273   0.0000189562  -0.0000053008  -0.0000033978  -0.0000086066
 7746  -0.0000135223  -0.0000072772  -0.0000165898  -0.0000267509   0.0000012267
 7747  -0.0000639231  -0.0000077499  -0.0000154973  -0.0000038518
 78 1   0.0002104910   0.0000241765  -0.0001518273   0.0096037413   0.0051032482
 78 2  -0.0148039057  -0.0077567206   0.0045578666  -0.0097209906  -0.0000202211
 78 3   0.0001760903  -0.0000867123   0.0002717657   0.0001567743  -0.0000378070
 78 4   0.0001463919  -0.0001622934  -0.0003524584   0.0005817378  -0.0021959795
 78 5  -0.0016205455  -0.0003873858  -0.0004206796   0.0001412933  -0.0002705903
 78 6   0.0000667121  -0.0000459633  -0.0003349344  -0.0000464334  -0.0000707350
 78 7  -0.0001261686   0.0001409617  -0.0000297948  -0.0000539900   0.0001899013
 78 8  -0.0002370248   0.0002051111  -0.0000252095   0.0001276674  -0.0003143128
 78 9  -0.0001358546  -0.0000292434   0.0003459326   0.0000249459   0.0000520232
 7810  -0.0001851899  -0.0003817807   0.0000953809  -0.0000838122  -0.0002384959
 7811   0.0000908535  -0.0002064921  -0.0002138599  -0.0000773608   0.0002726552
 7812   0.0002025261  -0.0000362791  -0.0000685708  -0.0000830881   0.0002201906
 7813   0.0003713331   0.0002431392   0.0000423412  -0.0001523305  -0.0000739537
 7814  -0.0001724762   0.0002261608   0.0001415628  -0.0000625006  -0.0001714756
 7815  -0.0000750298   0.0003223368   0.0014646687  -0.0002521854  -0.0001706656
 7816  -0.0024949704  -0.0041650241   0.0258999240  -0.0016829824   0.0001989942
 7817   0.0000024493   0.0000225194   0.0000438067   0.0001423656   0.0005394225
 7818  -0.0012638946   0.0006733285  -0.0004675042  -0.0013407576   0.0001400628
 7819  -0.0001063718  -0.0000583250   0.0002516061   0.0001686968   0.0001185764
 7820  -0.0004024646   0.0002770150  -0.0002094932   0.0000746324  -0.0002659913
 7821  -0.0001662633   0.0001671305   0.0003236445   0.0000786238   0.0000876664
 7822   0.0000013971   0.0000351482  -0.0001330029   0.0000829381  -0.0001656674
 7823   0.0001073927   0.0002878709   0.0001188096  -0.0001374267  -0.0000930430
 7824   0.0002299040  -0.0002167830  -0.0002459865  -0.0001366681  -0.0001869649
 7825   0.0001500539   0.0001333532   0.0000370433  -0.0001594586  -0.0001207257
 7826  -0.0000564580   0.0000656510   0.0002364445  -0.0001268757   0.0001622799
 7827  -0.0001312253   0.0000623289  -0.0000164157   0.0000206645   0.0000683955
 7828  -0.0000427793  -0.0000886826   0.0001748235  -0.0003482390   0.0001954926
 7829   0.0001009007   0.0000622454   0.0000240229   0.0000617095   0.0000706664
 7830   0.0001037114   0.0000513604   0.0001733784  -0.0001605219  -0.0002614948
 7831   0.0000541669   0.0001212520   0.0000232742   0.0000277212   0.0000239144
 7832  -0.0000070297  -0.0000259848   0.0001111880   0.0000915206  -0.0001222462
 7833  -0.0000563076   0.0001380145   0.0000706741   0.0000699615  -0.0001139721
 7834   0.0000326681  -0.0000719854  -0.0000002435   0.0000063185  -0.0001051510
 7835  -0.0000002138   0.0001070361   0.0000080674  -0.0000313447  -0.0000649945
 7836  -0.0000935210   0.0001528992   0.0000668345  -0.0001594787  -0.0002366728
 7837  -0.0000343118  -0.0000619470  -0.0000922110  -0.0000035030  -0.0000398662
 7838  -0.0000375263  -0.0000034887  -0.0000021775  -0.0000171910  -0.0000049708
 7839   0.0000058501  -0.0000052221  -0.0000132777  -0.0000158931   0.0000697136
 7840  -0.0000866742  -0.0000831900   0.0001732921   0.0000063380  -0.0000080830
 7841  -0.0000054209  -0.0000409480   0.0000471270  -0.0000968366   0.0000062594
 7842  -0.0000480165  -0.0000255027  -0.0000033647   0.0000005256   0.0000009713
 7843   0.0000037000  -0.0000097095  -0.0000071662  -0.0000144264   0.0000021117
 7844   0.0000264058  -0.0000044107  -0.0000143436  -0.0000322735   0.0000280223
 7845   0.0000458997   0.0000699597  -0.0000061202   0.0000042794  -0.0000210135
 7846  -0.0000215165   0.0000224351  -0.0000113396   0.0000096692   0.0000518328
 7847  -0.0000014589  -0.0000010021   0.0000018610   0.0000291418
 79 1  -0.0001097332   0.0000390903   0.0003368514  -0.0002930721  -0.0001614636
 79 2   0.0002926165  -0.0036996116  -0.0027884608   0.0074929440  -0.0038068717
 79 3   0.0036080710  -0.0092765548  -0.0001828558   0.0005313400  -0.0008679441
 79 4  -0.0001638530   0.0000749685  -0.0001564391  -0.0004181987   0.0002776900
 79 5   0.0008492525   0.0013082563  -0.0002263674  -0.0002450342  -0.0001898177
 79 6   0.0001450346  -0.0001219047  -0.0006056661  -0.0002286250  -0.0003188907
 79 7  -0.0002828104   0.0004730342  -0.0001593783  -0.0001232935   0.0001219494
 79 8  -0.0001636214  -0.0001122217   0.0001424608   0.0002990222  -0.0002865022
 79 9   0.0000711229   0.0000928393   0.0000708498   0.0006274647  -0.0003669853
 7910  -0.0005378599  -0.0007228146  -0.0005665627   0.0001883832  -0.0003421906
 7911  -0.0002419641   0.0003269784  -0.0001574890  -0.0003148520  -0.0001439258
 7912  -0.0000446098   0.0003611532   0.0001297449  -0.0000689644  -0.0002064032
 7913   0.0001522375   0.0000770497  -0.0008155814   0.0002333686   0.0000362546
 7914  -0.0003741261   0.0002756590  -0.0000838109   0.0001026329  -0.0000202109
 7915  -0.0000505376  -0.0003257884  -0.0000155397   0.0004206427  -0.0000505676
 7916  -0.0141274969  -0.0003792128  -0.0016829824   0.0444426064  -0.0002000751
 7917   0.0006273742  -0.0147885515   0.0007080348   0.0017469750  -0.0010085908
 7918  -0.0000550370   0.0002157138  -0.0031772562   0.0059589965  -0.0007733574
 7919  -0.0036548685  -0.0078084561   0.0010893440   0.0000001543  -0.0006396581
 7920  -0.0000441311  -0.0002634980  -0.0000303969   0.0006929198  -0.0007994374
 7921   0.0003742367   0.0007224868   0.0006119765   0.0002855224   0.0009228551
 7922   0.0003378554  -0.0002045789   0.0003187670   0.0000586193   0.0000905078
 7923   0.0002941018   0.0001722506   0.0000369744   0.0003250128  -0.0002586511
 7924  -0.0000618605   0.0002769780   0.0004990635   0.0002970971   0.0002854982
 7925   0.0001419714   0.0000628327   0.0000714862  -0.0005482249  -0.0000648688
 7926  -0.0003507122   0.0002500181   0.0003589556  -0.0003705799   0.0002862245
 7927  -0.0003345405  -0.0000654457  -0.0002935307   0.0000066710  -0.0001821876
 7928   0.0000929172  -0.0010832676   0.0004085177  -0.0017731977   0.0007663092
 7929   0.0003626886   0.0009190005   0.0005689356   0.0005853704  -0.0002711399
 7930   0.0003086312  -0.0002644068   0.0009551967  -0.0009194528  -0.0003983898
 7931  -0.0002346601   0.0001946566  -0.0001797891   0.0000350418  -0.0001325070
 7932  -0.0005784627   0.0003650168   0.0012037623   0.0005749775  -0.0009893525
 7933  -0.0009665428   0.0007481712   0.0011312539   0.0009084552  -0.0004818014
 7934  -0.0001555513  -0.0000023557  -0.0002026426   0.0000645883  -0.0005775812
 7935   0.0002388186   0.0005796199  -0.0001239349   0.0000148966   0.0002181677
 7936  -0.0007318231  -0.0005124343  -0.0002221328   0.0003353015  -0.0004825757
 7937  -0.0000441969   0.0000015575   0.0000078679  -0.0000072897  -0.0000548726
 7938   0.0000502923  -0.0000223916  -0.0000035640  -0.0000225515  -0.0000021597
 7939   0.0000245852  -0.0000445744  -0.0000086703   0.0000466172   0.0001798765
 7940  -0.0002334297  -0.0001100918   0.0004879840   0.0000020427   0.0000112642
 7941   0.0000604806  -0.0000132985   0.0000152850  -0.0000648374  -0.0000327107
 7942   0.0000190066   0.0000190585  -0.0000410493  -0.0000128983   0.0000670700
 7943   0.0000168854  -0.0000307016  -0.0000555838   0.0000357100  -0.0000911023
 7944   0.0000565003   0.0000314005  -0.0000068381  -0.0000031140   0.0001443282
 7945  -0.0000076575   0.0002401957   0.0000365173   0.0000059586   0.0000267195
 7946  -0.0000616381   0.0000631651  -0.0000161183  -0.0001143849   0.0001621613
 7947  -0.0002394471   0.0000254993   0.0000475555   0.0000424127
 80 1  -0.0001872437   0.0000691242  -0.0003353515   0.0003403750   0.0000513652
 80 2   0.0001331276  -0.0020951422  -0.0003498536   0.0021971747   0.0020091059
 80 3  -0.0001866756   0.0024799381  -0.0003281167   0.0001379241  -0.0000231384
 80 4  -0.0001459878   0.0002866213   0.0000029262   0.0001621378  -0.0004223970
 80 5  -0.0001430053  -0.0000928065  -0.0020094301  -0.0041523080   0.0000058628
 80 6  -0.0001717204  -0.0000622955   0.0000911694   0.0003503195  -0.0000384161
 80 7  -0.0002820672  -0.0000771338  -0.0003718165   0.0000755419  -0.0003915927
 80 8  -0.0003215626  -0.0002350879  -0.0003079387  -0.0004847588   0.0004259468
 80 9   0.0001021521   0.0001612492  -0.0002976202  -0.0000290400   0.0000543052
 8010   0.0002582210   0.0000877493  -0.0005990626   0.0003248147   0.0001315303
 8011  -0.0003433603   0.0001139241   0.0000344724   0.0000850884  -0.0001564963
 8012  -0.0000578106   0.0001351248   0.0002413800   0.0000449672  -0.0001204708
 8013  -0.0005915796  -0.0000149131  -0.0000202264   0.0002665016  -0.0001226605
 8014  -0.0000760376  -0.0000667607  -0.0002823673  -0.0001063748   0.0001099428
 8015  -0.0000604825  -0.0003564152  -0.0002126810  -0.0000311335   0.0005300085
 8016   0.0015160433  -0.0005384094   0.0001989942  -0.0002000751   0.0267311534
 8017  -0.0026217068  -0.0009644367  -0.0002501360  -0.0003243476   0.0000063904
 8018   0.0000113897   0.0003056545   0.0076555551  -0.0119069642   0.0014655390
 8019  -0.0075734218  -0.0108471650   0.0009531966   0.0002724869  -0.0003518532
 8020   0.0000552723  -0.0005656194   0.0006379087   0.0004057887   0.0003682627
 8021  -0.0004607668   0.0001434267  -0.0000933063  -0.0004430192  -0.0001040874
 8022  -0.0001770144  -0.0001294051   0.0001311848   0.0000728452   0.0002029937
 8023   0.0000578815  -0.0005708742   0.0001171071   0.0003636441   0.0003827162
 8024   0.0001427174   0.0002118756   0.0001532512   0.0004127051   0.0002457729
 8025   0.0000466591   0.0001708779   0.0001876908   0.0002043623  -0.0003319808
 8026   0.0000845042   0.0000158430   0.0001980524  -0.0001493400  -0.0003810861
 8027  -0.0002249581  -0.0001308236   0.0003412003   0.0001020952  -0.0001875812
 8028   0.0000757589   0.0005819345   0.0002883999   0.0000387278  -0.0003826202
 8029   0.0001556219   0.0000755263  -0.0001740134   0.0001236745  -0.0000289862
 8030  -0.0000295960  -0.0001187064   0.0003311698   0.0007169378   0.0000562312
 8031  -0.0005099211  -0.0004093417   0.0001466479   0.0002719386  -0.0000870859
 8032   0.0001030507  -0.0002551777  -0.0004270860  -0.0000738218   0.0004325911
 8033   0.0003513852  -0.0002300607  -0.0004812422  -0.0001729314   0.0001832847
 8034   0.0001444732  -0.0000808305  -0.0000449248   0.0000208505   0.0001212698
 8035   0.0000479891  -0.0003028362   0.0000544172  -0.0000016286   0.0001286118
 8036   0.0004912698   0.0000323424  -0.0001408070  -0.0005630909   0.0000988741
 8037   0.0000099048  -0.0000682097  -0.0002200719   0.0000258904   0.0000122082
 8038  -0.0000498253   0.0000049107  -0.0000017077  -0.0000071816   0.0000126638
 8039   0.0000026884  -0.0000085083  -0.0000244924  -0.0000129383  -0.0000289586
 8040  -0.0000085474   0.0000391426   0.0001168297   0.0000226832   0.0000191574
 8041   0.0000107904  -0.0000104855   0.0000396099   0.0000350210   0.0000180601
 8042   0.0000110780   0.0000074390   0.0000038010   0.0000181675  -0.0000026919
 8043  -0.0000153101   0.0000129983  -0.0000017397  -0.0000184032   0.0000244022
 8044  -0.0000186421  -0.0000194543   0.0000110911   0.0000208927  -0.0000682912
 8045   0.0000011667  -0.0000198568  -0.0000031204  -0.0000139035  -0.0000012147
 8046   0.0000165648  -0.0000510333  -0.0000047200  -0.0000060651  -0.0000483886
 8047  -0.0000745380   0.0000158975  -0.0000095663  -0.0000368795
 81 1   0.0000768775   0.0002266365   0.0002305665  -0.0000196665   0.0000867342
 81 2  -0.0002796248   0.0078809896   0.0053138738  -0.0122418142  -0.0082157830
 81 3   0.0056760580  -0.0128393352   0.0001201218  -0.0001059517  -0.0001300982
 81 4  -0.0001136415  -0.0000573719   0.0002447262   0.0005563554  -0.0002106967
 81 5  -0.0003485677   0.0004682701  -0.0047015613  -0.0044613785  -0.0007118313
 81 6  -0.0004622675   0.0000454792  -0.0003285112  -0.0002341220   0.0000131974
 81 7   0.0000185406   0.0004179280   0.0003027584  -0.0001581759  -0.0000818897
 81 8  -0.0004641488   0.0001265006  -0.0001669072  -0.0001375863  -0.0002928784
 81 9  -0.0001362956   0.0001518630   0.0003851465   0.0001802155   0.0001802353
 8110  -0.0001903034  -0.0005272059  -0.0001028554  -0.0001636707   0.0000334804
 8111   0.0001056590  -0.0001153534  -0.0001326253   0.0000579378   0.0002699497
 8112   0.0000943518  -0.0000536323  -0.0000113336  -0.0002473421   0.0001987370
 8113   0.0003411583   0.0003222117   0.0003327429  -0.0001239358  -0.0002268189
 8114  -0.0002954947  -0.0000005907  -0.0000317810  -0.0000808838  -0.0002201263
 8115  -0.0003308293   0.0001454013   0.0002078666  -0.0001144588  -0.0003365661
 8116   0.0011347051  -0.0002381865   0.0000024493   0.0006273742  -0.0026217068
 8117   0.0288871878  -0.0013455221  -0.0001164277   0.0003642452  -0.0001378392
 8118  -0.0004150154  -0.0000326877   0.0004549674  -0.0008942062   0.0003003706
 8119  -0.0003042912  -0.0007624935   0.0003736869  -0.0004681451  -0.0002098047
 8120  -0.0001559543   0.0002996229   0.0000807923   0.0003972948   0.0000101606
 8121  -0.0003778642  -0.0000423386  -0.0002130695  -0.0000437945  -0.0001629035
 8122   0.0000833297   0.0006982147  -0.0000433592   0.0000004548  -0.0000339300
 8123  -0.0000859131   0.0001277793   0.0003612336  -0.0001208375   0.0000415567
 8124   0.0001728614  -0.0001608313  -0.0002110699  -0.0000020679  -0.0004370656
 8125  -0.0001462622  -0.0001659614   0.0000384361   0.0005099579  -0.0004165728
 8126  -0.0002547895   0.0000879019   0.0004415090  -0.0002064776  -0.0001053479
 8127   0.0006949859   0.0001170965  -0.0003008541   0.0000593606   0.0001423541
 8128   0.0003124718   0.0005097857  -0.0000161655   0.0001184529  -0.0002964614
 8129   0.0001742493  -0.0001736910  -0.0000235887   0.0002734266   0.0004160595
 8130  -0.0005739592  -0.0001639864  -0.0002684302   0.0002173057  -0.0005024382
 8131   0.0003019353   0.0003596501   0.0002432715   0.0001521966   0.0000909254
 8132   0.0004852673  -0.0004320890  -0.0004158172  -0.0000265136   0.0001374296
 8133   0.0004900821   0.0000481385  -0.0006217101  -0.0003837840  -0.0003219066
 8134   0.0002632702  -0.0003085474  -0.0000412069  -0.0000525460   0.0003447654
 8135  -0.0000960159  -0.0000735763   0.0000870141  -0.0000410454  -0.0001621150
 8136   0.0000141324   0.0006477260   0.0002129440  -0.0007204635  -0.0003505947
 8137   0.0000218248   0.0000245223   0.0000270319   0.0000090921   0.0000256245
 8138   0.0000183229   0.0000129540   0.0000013030  -0.0000001154   0.0000149327
 8139  -0.0000139341  -0.0000101269  -0.0000299074  -0.0000387446   0.0000834684
 8140  -0.0001411984  -0.0001574698   0.0002394350  -0.0000010587  -0.0000312082
 8141  -0.0000308879  -0.0000006887   0.0000390481  -0.0001048517  -0.0000137460
 8142  -0.0000090483   0.0000224225  -0.0000055209  -0.0000058722  -0.0000624588
 8143  -0.0000131277  -0.0000135890  -0.0000387412  -0.0000181322   0.0000500117
 8144   0.0000349365  -0.0000230479  -0.0000189814  -0.0000359405   0.0000363116
 8145   0.0001069821   0.0001786748  -0.0000199909  -0.0000090969  -0.0000256656
 8146   0.0000152153  -0.0000423267   0.0000363622   0.0000820384  -0.0000815417
 8147   0.0001845794   0.0000120632  -0.0000110093   0.0000140671
 82 1  -0.0001584848  -0.0001300041   0.0000386742  -0.0002354482   0.0001548803
 82 2   0.0000501052  -0.0001527063  -0.0000478917   0.0002819790  -0.0025626387
 82 3  -0.0026235033   0.0071483550  -0.0066772270   0.0046387577  -0.0119677604
 82 4   0.0003464506  -0.0003409069  -0.0000893832  -0.0000714080  -0.0000764240
 82 5  -0.0000986672  -0.0002788132   0.0003344741   0.0007238480   0.0009396995
 82 6  -0.0003085192   0.0004562813  -0.0004085613  -0.0003671546  -0.0000421016
 82 7   0.0001623782  -0.0000052856   0.0000325358   0.0001981954   0.0002611812
 82 8  -0.0002720326   0.0000251115  -0.0000081466   0.0001553353  -0.0001362754
 82 9  -0.0000524810  -0.0002247783   0.0000714177  -0.0000397648   0.0000392985
 8210   0.0000594690  -0.0000808400  -0.0001416987  -0.0000364476  -0.0000877235
 8211   0.0000354477  -0.0002164097   0.0000250729   0.0000669130   0.0001546812
 8212   0.0000703728  -0.0001437246   0.0001271479   0.0000520217   0.0001803129
 8213   0.0001753457   0.0000697292   0.0000445441  -0.0000251177  -0.0000722010
 8214   0.0002670539  -0.0000287228   0.0001593410   0.0000454393  -0.0000613952
 8215  -0.0001125295   0.0001724026  -0.0001209511   0.0000569970  -0.0001277067
 8216  -0.0005820209  -0.0000008812   0.0000225194  -0.0147885515  -0.0009644367
 8217  -0.0013455221   0.0311670018  -0.0029327881   0.0056754224   0.0001450225
 8218  -0.0000426241  -0.0001693660  -0.0007497690   0.0007497287  -0.0001026187
 8219  -0.0031561296   0.0074104576  -0.0005399773  -0.0034291574  -0.0050070955
 8220   0.0007015143   0.0002556706  -0.0003044673  -0.0001155031  -0.0001286451
 8221   0.0002048687   0.0000539028   0.0001569475  -0.0002927707  -0.0002323796
 8222  -0.0001300178  -0.0002478379  -0.0002233712   0.0001276118   0.0000548860
 8223  -0.0000054949   0.0001804925   0.0000830430  -0.0002740846  -0.0000976725
 8224   0.0001145570  -0.0001153896  -0.0002239344  -0.0001916298  -0.0000618523
 8225  -0.0000986393  -0.0001020757  -0.0000363170   0.0003110806  -0.0002820106
 8226  -0.0002913887   0.0000591000   0.0003120793  -0.0001603059   0.0000608722
 8227   0.0003853893   0.0001733270  -0.0001784010   0.0000114596   0.0001861373
 8228   0.0001828286   0.0003541675   0.0000630630   0.0000512168  -0.0002063172
 8229   0.0000003841  -0.0000293849  -0.0000172036   0.0000279772   0.0001301818
 8230  -0.0003105314  -0.0001316667   0.0001344405   0.0003061368  -0.0000659612
 8231  -0.0002270578  -0.0000138943   0.0000304669   0.0002030667  -0.0001283709
 8232   0.0000319852  -0.0001971410  -0.0003417867  -0.0001624397   0.0001174382
 8233   0.0004913557  -0.0000321861  -0.0004323601  -0.0002631020  -0.0001084506
 8234   0.0001393816  -0.0001584871   0.0000348874   0.0000090297   0.0001911078
 8235  -0.0000577600  -0.0001065917   0.0000433715   0.0001595762  -0.0000310265
 8236   0.0002938075   0.0003643249   0.0000746317  -0.0005347996  -0.0002654657
 8237   0.0000355528  -0.0000257380   0.0000472619   0.0000006816   0.0000019479
 8238  -0.0000116110   0.0000088986   0.0000052955   0.0000137507   0.0000090613
 8239   0.0000051469   0.0000008564  -0.0000238305  -0.0000189997   0.0000385849
 8240  -0.0000605069  -0.0000345870   0.0001787990   0.0000147801  -0.0000233442
 8241  -0.0000199895  -0.0000031332  -0.0000031021  -0.0000085926   0.0000084310
 8242  -0.0000131539   0.0000250483   0.0000301971   0.0000046670  -0.0000332210
 8243  -0.0000094225  -0.0000369465   0.0000139749  -0.0000212025   0.0000344663
 8244   0.0000154668  -0.0000141244  -0.0000161734  -0.0000269287   0.0000268873
 8245   0.0000685251   0.0000588554  -0.0000141831  -0.0000107283  -0.0000175382
 8246  -0.0000104525  -0.0000320358  -0.0000051220   0.0000114019  -0.0000270472
 8247   0.0000727468   0.0000021598  -0.0000109502  -0.0000010019
 83 1   0.0000694487  -0.0004207697   0.0000715684  -0.0001113786  -0.0004051121
 83 2   0.0000116475   0.0000624891   0.0000837803   0.0000395991  -0.0019394509
 83 3   0.0002091760   0.0011392699   0.0035389090   0.0003661264   0.0038979466
 83 4   0.0001162337   0.0000524096  -0.0004175648  -0.0001235288   0.0000337107
 83 5  -0.0000657087   0.0000805218  -0.0005454622  -0.0002353872   0.0001003820
 83 6  -0.0022643943  -0.0040441997  -0.0003371162  -0.0001477879  -0.0002448573
 83 7  -0.0000236407   0.0004707689  -0.0003229250  -0.0000091502   0.0003892070
 83 8  -0.0000727833  -0.0005270033   0.0001212313  -0.0003082737   0.0001732644
 83 9  -0.0001439253  -0.0006687266  -0.0000077650   0.0004420912  -0.0002238043
 8310  -0.0009927598  -0.0005018536  -0.0004211698   0.0002262298  -0.0004662113
 8311  -0.0005074654   0.0004046733   0.0000570646  -0.0003805248  -0.0001816081
 8312  -0.0000822701   0.0002513405   0.0006093259   0.0000417327  -0.0000914110
 8313   0.0001068239  -0.0002257076  -0.0007937989   0.0003005979   0.0003056590
 8314   0.0001778355   0.0002679907   0.0001289397   0.0003406480  -0.0003442795
 8315  -0.0003456923  -0.0000467353  -0.0000239704   0.0004441534   0.0002650351
 8316   0.0001770132   0.0002567146   0.0000438067   0.0007080348  -0.0002501360
 8317  -0.0001164277  -0.0029327881   0.0252882476  -0.0024284431  -0.0003593596
 8318  -0.0000316731   0.0002301699   0.0001149541  -0.0005514843   0.0002004889
 8319   0.0070288513  -0.0114426961   0.0011648018  -0.0062939315  -0.0096787166
 8320   0.0007584766  -0.0005927204  -0.0000396333   0.0006502916  -0.0003839243
 8321   0.0005877437   0.0007349703   0.0009836365  -0.0006054793   0.0004144683
 8322  -0.0003447738  -0.0013288119  -0.0001655608   0.0004959441   0.0000625610
 8323   0.0003645859   0.0000613560  -0.0001611965   0.0002505469  -0.0004139665
 8324   0.0001237263   0.0001200488   0.0002835867   0.0001978985   0.0003795604
 8325   0.0000442864   0.0000088005  -0.0000168446  -0.0001675248  -0.0000452578
 8326  -0.0001520650   0.0001194304   0.0001994931  -0.0001261249   0.0001006737
 8327  -0.0000605335  -0.0000097539  -0.0001641596   0.0000608068  -0.0001529370
 8328   0.0001132571  -0.0006266550   0.0003118120  -0.0010461314   0.0006180459
 8329   0.0001528951   0.0003637029   0.0002461978   0.0003438736  -0.0000603982
 8330   0.0001048131  -0.0001293655   0.0007241652  -0.0003409117  -0.0003185518
 8331  -0.0001620360  -0.0002979645   0.0001497796  -0.0000439521  -0.0000118883
 8332  -0.0001691234   0.0001193223   0.0003650789   0.0001477205  -0.0001611406
 8333  -0.0003353257   0.0002722151   0.0003793433   0.0002434830  -0.0001544957
 8334  -0.0001134404   0.0000938863  -0.0000165230   0.0000102337  -0.0000551092
 8335   0.0000247472   0.0000896450  -0.0001696395   0.0000573327   0.0002083359
 8336   0.0000456791  -0.0001869447  -0.0001508282  -0.0000426998  -0.0002441079
 8337  -0.0000058046   0.0000225767   0.0000267707  -0.0000081426  -0.0000255652
 8338   0.0000086205  -0.0000035914   0.0000032076  -0.0000029329   0.0000019947
 8339   0.0000130127  -0.0000195786  -0.0000131727  -0.0000091105   0.0000985272
 8340  -0.0001097508  -0.0000485741   0.0001603216  -0.0000138850   0.0000007571
 8341   0.0000497949  -0.0000077998   0.0000016936  -0.0000363805  -0.0000005193
 8342   0.0000102807   0.0000021946  -0.0000322289   0.0000119135   0.0000337154
 8343   0.0000096725   0.0000097088  -0.0000027133  -0.0000149146  -0.0000591184
 8344   0.0000072829   0.0000037588  -0.0000038291  -0.0000128112   0.0000229112
 8345  -0.0000332961  -0.0000036697   0.0000104798  -0.0000062549   0.0000055849
 8346  -0.0000182030   0.0000020627   0.0000134378  -0.0000131005   0.0000721878
 8347  -0.0000302727   0.0000223608   0.0000141186  -0.0000327693
 84 1   0.0000383648   0.0003073920  -0.0002098462   0.0002750611   0.0000970507
 84 2   0.0000066645   0.0000652547   0.0000862799  -0.0001182718   0.0076210850
 84 3   0.0040450388  -0.0097240539  -0.0146986241   0.0078348498  -0.0202941083
 84 4  -0.0000884009   0.0000758459   0.0000878081  -0.0000706551  -0.0000812700
 84 5  -0.0000977720   0.0004084512  -0.0002810030  -0.0000473293   0.0001572951
 84 6  -0.0061690669  -0.0058589329  -0.0005224215  -0.0005897469   0.0001076575
 84 7   0.0000035811  -0.0000070799   0.0002669079  -0.0001794082  -0.0001039946
 84 8   0.0000773933  -0.0000535425   0.0000766810  -0.0007779026   0.0003145402
 84 9   0.0001338617  -0.0002624824   0.0001420871  -0.0000128350  -0.0000477633
 8410   0.0001058492   0.0002566742   0.0003772062  -0.0000234322   0.0000590715
 8411   0.0002285278  -0.0001809662  -0.0000959624   0.0002674975   0.0001001444
 8412   0.0000812024  -0.0001839698  -0.0002439003  -0.0002127092   0.0001688117
 8413  -0.0000607921  -0.0001053401   0.0003076940  -0.0000287427  -0.0000821789
 8414  -0.0000189439   0.0001144561   0.0002326998  -0.0001084749  -0.0000743874
 8415   0.0004484254   0.0002733502  -0.0001948083  -0.0002240560  -0.0000184214
 8416  -0.0000283061  -0.0002201575   0.0001423656   0.0017469750  -0.0003243476
 8417   0.0003642452   0.0056754224  -0.0024284431   0.0349568884   0.0001478703
 8418   0.0001000328  -0.0000056333  -0.0002060860   0.0003470832   0.0000966732
 8419   0.0010773647  -0.0008581842   0.0003798366  -0.0011362447  -0.0018929102
 8420   0.0006858748   0.0003060581   0.0001407983  -0.0002517412   0.0004843467
 8421  -0.0004656037  -0.0004141714  -0.0005614504   0.0000232092  -0.0004435062
 8422  -0.0000134109   0.0003649061   0.0000316842  -0.0001615570  -0.0000748418
 8423  -0.0000650623   0.0000021852  -0.0000183707  -0.0000380995   0.0002110540
 8424  -0.0001650362  -0.0000044177  -0.0003716973  -0.0003703046  -0.0001313840
 8425  -0.0000493358  -0.0000403026   0.0000122267   0.0002748326  -0.0000538549
 8426   0.0001085452  -0.0000915435  -0.0000759633   0.0001357421  -0.0000954574
 8427   0.0002307485   0.0000805575   0.0000621198  -0.0000421520   0.0001273109
 8428  -0.0000161098   0.0006544547  -0.0002468382   0.0007652395  -0.0003538857
 8429  -0.0001887917  -0.0005561850  -0.0002595195  -0.0001819746   0.0002988214
 8430  -0.0001472384   0.0002083138  -0.0005687713   0.0003622839  -0.0000868277
 8431   0.0004618357   0.0000731820   0.0001915572  -0.0000264973   0.0000169942
 8432   0.0005463836  -0.0002936783  -0.0006666719  -0.0003430115   0.0006099247
 8433   0.0004182064  -0.0004715132  -0.0006874444  -0.0005250400   0.0001659060
 8434   0.0001117651  -0.0000018529   0.0000881655  -0.0000390167   0.0004229327
 8435  -0.0001291817  -0.0003967517   0.0002246592  -0.0001855614  -0.0002456883
 8436   0.0003402723   0.0004959811   0.0002600628  -0.0003122009   0.0003427635
 8437  -0.0000223515   0.0000149316  -0.0000339503   0.0000005381   0.0000300370
 8438  -0.0000089128   0.0000141653  -0.0000067813  -0.0000029495   0.0000056866
 8439  -0.0000150620   0.0000116262  -0.0000045179  -0.0000271509  -0.0000380793
 8440   0.0000398509   0.0000016605  -0.0001692472  -0.0000050678  -0.0000135679
 8441  -0.0000414615   0.0000112729  -0.0000182061   0.0000150157   0.0000200691
 8442  -0.0000182678  -0.0000408079   0.0000569747   0.0000541605  -0.0001280031
 8443  -0.0000331358  -0.0000252664   0.0000015076  -0.0000203659   0.0000329091
 8444  -0.0000555382  -0.0000266153  -0.0000002968  -0.0000157836  -0.0000038639
 8445  -0.0000237868  -0.0000625436  -0.0000209026  -0.0000058567  -0.0000146959
 8446   0.0000439020  -0.0000446195   0.0000150770   0.0000834987  -0.0000925545
 8447   0.0001745151  -0.0000158725  -0.0000349942   0.0000196795
 85 1   0.0001846350  -0.0001991542   0.0010824128  -0.0004321993  -0.0002840842
 85 2   0.0003705349   0.0001941525   0.0003727051  -0.0007198752  -0.0002453747
 85 3   0.0001991865  -0.0001696990  -0.0000789008   0.0004562989  -0.0001767798
 85 4  -0.0033460078  -0.0016605129   0.0056014656  -0.0001199094   0.0005269679
 85 5  -0.0018841471  -0.0007390798  -0.0002104898  -0.0001243202   0.0002777094
 85 6  -0.0001401572   0.0002360917  -0.0003078921   0.0002060873  -0.0000655865
 85 7   0.0006463762  -0.0004186573  -0.0015841982  -0.0003128041  -0.0002397168
 85 8  -0.0001433557   0.0000992172   0.0006479072   0.0002035708   0.0002420901
 85 9   0.0000605456   0.0000231164  -0.0000852302   0.0000138921  -0.0001621326
 8510  -0.0003950375  -0.0005454929   0.0000173667   0.0000877400  -0.0004036233
 8511  -0.0001091093  -0.0000474182  -0.0002676313  -0.0000216667   0.0000526088
 8512  -0.0000029337   0.0000040137  -0.0001850575  -0.0001660787   0.0001321908
 8513   0.0001527759   0.0002387821  -0.0005570671   0.0003145590   0.0002250728
 8514   0.0003381971   0.0001489428   0.0002855557   0.0003031101  -0.0001318498
 8515   0.0003149939  -0.0001708318  -0.0037920287  -0.0045556941  -0.0013081874
 8516  -0.0029894193   0.0075369683   0.0005394225  -0.0010085908   0.0000063904
 8517  -0.0001378392   0.0001450225  -0.0003593596   0.0001478703   0.0298768546
 8518   0.0060039451  -0.0036191606  -0.0151191394  -0.0004212444   0.0011129877
 8519  -0.0001894513  -0.0002350963  -0.0001680998   0.0004708213   0.0001582206
 8520  -0.0001934638  -0.0035203354  -0.0066840760   0.0006287367  -0.0006448881
 8521   0.0001984729   0.0003385132   0.0003821905   0.0002471922   0.0004540656
 8522   0.0003058299  -0.0002054783  -0.0000051285   0.0001039079  -0.0003839641
 8523   0.0001188075   0.0001652604  -0.0003350832  -0.0000659449  -0.0000832050
 8524  -0.0000815835  -0.0001500835  -0.0000632156   0.0001789559  -0.0000897225
 8525   0.0000768698   0.0000779565  -0.0000123662  -0.0002766505   0.0001048910
 8526  -0.0001132088   0.0000341423   0.0000367135  -0.0000252154   0.0002176565
 8527  -0.0002102639   0.0000076977  -0.0000325007  -0.0000121935  -0.0001103074
 8528  -0.0000619682  -0.0006320124   0.0003200849  -0.0003414664   0.0004642693
 8529   0.0001826108   0.0000462597   0.0001693580   0.0001341672   0.0000078604
 8530   0.0001887003   0.0001495300  -0.0000066860  -0.0003514468  -0.0001986315
 8531   0.0001181026  -0.0000825252  -0.0001124918  -0.0000983135  -0.0000058435
 8532  -0.0000718341   0.0001569572   0.0003440243   0.0000699900  -0.0002432010
 8533  -0.0003453157   0.0001844943   0.0004217986   0.0001974471  -0.0001264797
 8534  -0.0001229079   0.0001302741   0.0000153570  -0.0000368032  -0.0000419802
 8535  -0.0000059672   0.0001994666  -0.0000597468   0.0000248513   0.0000977991
 8536  -0.0000789816  -0.0001369053  -0.0000452320   0.0001268951  -0.0003339938
 8537  -0.0000604164  -0.0000602507   0.0000060740  -0.0000152282  -0.0000433376
 8538  -0.0000244862  -0.0000131475  -0.0000053105  -0.0000020971  -0.0000068280
 8539   0.0000047463   0.0000041277  -0.0000081423   0.0000190925   0.0000507277
 8540  -0.0000252268  -0.0000106548   0.0000659843  -0.0000190111  -0.0000104872
 8541   0.0000367225   0.0000107508  -0.0000009011  -0.0000124696  -0.0000124239
 8542   0.0000038190  -0.0000200824  -0.0000204404   0.0000058130   0.0000177866
 8543   0.0000070110   0.0000098046   0.0000032655  -0.0000003487  -0.0000480697
 8544  -0.0000015764   0.0000025568   0.0000004149   0.0000008460   0.0000282868
 8545  -0.0000515974  -0.0000426421   0.0000060229   0.0000057293  -0.0000070333
 8546  -0.0000143229   0.0000138269   0.0000152806   0.0000197613   0.0000564767
 8547   0.0000410518  -0.0000036956   0.0000126370   0.0000010636
 86 1  -0.0000231797  -0.0000287423   0.0010217153  -0.0003594539  -0.0009286909
 86 2   0.0010263932  -0.0001844308   0.0001790336   0.0000186779   0.0006082104
 86 3   0.0002846336  -0.0000795382  -0.0000363713   0.0002572216   0.0000839064
 86 4  -0.0027773931  -0.0001183351   0.0046660408   0.0007101933   0.0006135412
 86 5   0.0006406656   0.0001954138   0.0001624991   0.0000935596   0.0000930528
 86 6  -0.0000389266   0.0002429365  -0.0000676484   0.0000227713   0.0002288748
 86 7   0.0003843289  -0.0050698788  -0.0075658596  -0.0002597443   0.0002183289
 86 8  -0.0004346388  -0.0000186740   0.0003177586   0.0002887885  -0.0001907742
 86 9  -0.0004501514   0.0000989880   0.0002950142  -0.0000316172   0.0001077166
 8610  -0.0002813946  -0.0004891408   0.0000132580  -0.0001152028  -0.0005082183
 8611   0.0001185704  -0.0002240939  -0.0002007140  -0.0000102956   0.0004090515
 8612   0.0001486163  -0.0001012846  -0.0001910997  -0.0003156587   0.0003605153
 8613  -0.0000152624   0.0001034713   0.0000460830   0.0002876931   0.0000833636
 8614  -0.0000851686   0.0000002459   0.0002448530   0.0001246946  -0.0001871365
 8615  -0.0000164326  -0.0001102651  -0.0066422424  -0.0103813396  -0.0020905694
 8616   0.0068751824  -0.0110739191  -0.0012638946  -0.0000550370   0.0000113897
 8617  -0.0004150154  -0.0000426241  -0.0000316731   0.0001000328   0.0060039451
 8618   0.0379088738   0.0025056623   0.0007501307   0.0004034307   0.0001591153
 8619   0.0000429364  -0.0001458828  -0.0000554955   0.0000778681   0.0001938604
 8620  -0.0001236745  -0.0048324394  -0.0110485445   0.0013996138  -0.0005789758
 8621  -0.0000360462   0.0001365312   0.0003199812   0.0000969070   0.0001523610
 8622   0.0000792445   0.0000795916  -0.0001606922  -0.0001756328  -0.0006105772
 8623   0.0000276475   0.0004761305  -0.0000603995  -0.0001571656   0.0000043111
 8624   0.0001954836  -0.0004014882  -0.0003353698   0.0002699461  -0.0003528826
 8625   0.0002699027   0.0003341948   0.0000977961  -0.0002227156  -0.0000443800
 8626   0.0002921327   0.0000384222   0.0000255367  -0.0000921690  -0.0001640823
 8627  -0.0001415918  -0.0000798189   0.0001599654   0.0000089067  -0.0001881658
 8628  -0.0000597745  -0.0001596821   0.0002649058   0.0004030593   0.0000403510
 8629   0.0002495871   0.0001152715  -0.0001375446  -0.0003367370  -0.0002368826
 8630   0.0001407735  -0.0001341112  -0.0001530144   0.0001774842  -0.0000009265
 8631  -0.0000718036  -0.0000193339   0.0000701229   0.0000261691   0.0000658068
 8632   0.0000923628  -0.0000717242  -0.0001193590  -0.0000473925   0.0000971858
 8633   0.0000002587  -0.0001740082   0.0000477238  -0.0000293782   0.0001118559
 8634   0.0000014006   0.0000472298   0.0000301236  -0.0000303964  -0.0000084701
 8635  -0.0000454198  -0.0000949169   0.0000221844  -0.0000732546   0.0001102266
 8636  -0.0000494218   0.0003306016   0.0000458031  -0.0001133912  -0.0003838699
 8637  -0.0000683267  -0.0001690479  -0.0002448523   0.0000089498  -0.0000432194
 8638  -0.0000714791  -0.0000023464  -0.0000128337  -0.0000148012   0.0000045108
 8639  -0.0000072715   0.0000031286  -0.0000076291  -0.0000215939   0.0000088662
 8640  -0.0000188087  -0.0000004948   0.0000264576  -0.0000142255  -0.0000042940
 8641  -0.0000059514   0.0000130259   0.0000028899   0.0000588225  -0.0000682980
 8642  -0.0000282821   0.0000487018   0.0000007939   0.0000069964   0.0000045146
 8643  -0.0000043410   0.0000238762   0.0000020276  -0.0000158933  -0.0000133011
 8644  -0.0000081348  -0.0000087937  -0.0000019914  -0.0000045536  -0.0000302910
 8645  -0.0000178874  -0.0000565799  -0.0000111168   0.0000146762  -0.0000382793
 8646  -0.0000230289   0.0000126976  -0.0000030054   0.0000321325   0.0000125298
 8647   0.0000568549  -0.0000148867  -0.0000043089   0.0000002284
 87 1   0.0002473868   0.0001618017  -0.0002153787   0.0000466711   0.0002392029
 87 2  -0.0001080178  -0.0001922922   0.0000193183   0.0000140997  -0.0000925580
 87 3   0.0000315606   0.0003431111   0.0003146945  -0.0000317212   0.0002737679
 87 4   0.0083418217   0.0041101677  -0.0125354488  -0.0021376441   0.0015179646
 87 5  -0.0024595761   0.0002251409  -0.0001104647  -0.0001716151  -0.0002189325
 87 6  -0.0001198157   0.0000651621  -0.0001435810  -0.0001007508  -0.0000794928
 87 7   0.0001182885  -0.0096188373  -0.0094833834  -0.0005597325  -0.0001806387
 87 8   0.0001498575   0.0000784959   0.0002024039  -0.0000148337  -0.0003544648
 87 9  -0.0001614226  -0.0000210824   0.0002289908  -0.0000853331  -0.0000111143
 8710   0.0001531734  -0.0000610789   0.0000883945  -0.0002424976  -0.0001450404
 8711  -0.0000801151  -0.0002658707  -0.0001379864   0.0000593138   0.0002405284
 8712   0.0001747681  -0.0001538721  -0.0001156228  -0.0000494553   0.0002117452
 8713   0.0003471691   0.0001750773   0.0001748523  -0.0002670593  -0.0001563783
 8714   0.0000324935   0.0000992735   0.0002992915   0.0000446338  -0.0001101822
 8715   0.0000107509   0.0002764834   0.0003478017   0.0013977832  -0.0000881233
 8716  -0.0006219972   0.0009300244   0.0006733285   0.0002157138   0.0003056545
 8717  -0.0000326877  -0.0001693660   0.0002301699  -0.0000056333  -0.0036191606
 8718   0.0025056623   0.0237987146  -0.0013597983   0.0005502842   0.0000033226
 8719  -0.0002003458   0.0000277698   0.0000625798   0.0000284305   0.0001238215
 8720  -0.0001750413  -0.0005543804  -0.0017504026   0.0000171185   0.0000337620
 8721  -0.0002851403   0.0000235118  -0.0000093369   0.0001048064  -0.0001393513
 8722   0.0000780096  -0.0000900067  -0.0002118876   0.0002151947   0.0000138163
 8723  -0.0001050770   0.0000023146   0.0001705523  -0.0004927032  -0.0000687938
 8724  -0.0000063415  -0.0001554536  -0.0002955030  -0.0002661408  -0.0001015175
 8725  -0.0001647317  -0.0002263204   0.0000262241   0.0004134944  -0.0001672784
 8726  -0.0000193822   0.0000941483   0.0000626967  -0.0001478095  -0.0003487893
 8727   0.0002872911  -0.0000285289   0.0000550889  -0.0000375960   0.0001408246
 8728  -0.0000906394   0.0002082201  -0.0000751800   0.0003047538  -0.0000352897
 8729   0.0000300741  -0.0004153313  -0.0000996049   0.0000042839   0.0002457001
 8730  -0.0002162658   0.0001190212  -0.0003671810   0.0000181108  -0.0002144374
 8731   0.0003495341   0.0004510176   0.0000464972  -0.0000607387   0.0000029641
 8732  -0.0000059312   0.0000425773   0.0001161646   0.0000437915  -0.0001110752
 8733  -0.0000812501   0.0000563541  -0.0000522369   0.0000650299  -0.0000745509
 8734   0.0000822253  -0.0001257838  -0.0000107361   0.0000316357  -0.0001282792
 8735   0.0000169685  -0.0000578175  -0.0000196335   0.0000105052  -0.0000374101
 8736  -0.0001682180   0.0004022789   0.0002071844  -0.0001680439  -0.0000765917
 8737   0.0000959598   0.0001586208   0.0000104576   0.0000365375   0.0000720179
 8738   0.0000978861   0.0000125759   0.0000181548  -0.0000045833   0.0000174804
 8739  -0.0000094943  -0.0000231211   0.0000142790  -0.0000142851   0.0000441389
 8740  -0.0000668962  -0.0000917688   0.0001338089   0.0000180115   0.0000093468
 8741   0.0000020029   0.0000182025  -0.0000171857   0.0000266481   0.0000084700
 8742   0.0000563673  -0.0000474138   0.0000086538  -0.0000108516   0.0000026021
 8743  -0.0000018355  -0.0000185028  -0.0000015313  -0.0000035207   0.0000245518
 8744   0.0000279101   0.0000031660  -0.0000124914  -0.0000237703  -0.0000047603
 8745   0.0000861039   0.0000912092  -0.0000093758   0.0000065237  -0.0000162299
 8746  -0.0000139866   0.0000319807  -0.0000335428  -0.0000050566   0.0000337607
 8747  -0.0000206065  -0.0000120378  -0.0000064767   0.0000193753
 88 1   0.0000612012  -0.0001826602   0.0001798468  -0.0001236362  -0.0005751000
 88 2   0.0002722987   0.0002371386  -0.0004557922   0.0004760864  -0.0006016904
 88 3   0.0000949999   0.0000414650   0.0001939773   0.0000497457  -0.0002022340
 88 4  -0.0004400950   0.0000701356   0.0003451851  -0.0002569749  -0.0005133816
 88 5   0.0019972625  -0.0016984252   0.0018808793  -0.0056323091  -0.0008598529
 88 6  -0.0001414271  -0.0002647106   0.0002643387   0.0003342179  -0.0002033934
 88 7  -0.0004637474   0.0003700134   0.0006363023   0.0009677898  -0.0003466266
 88 8  -0.0004220126  -0.0002933966  -0.0003045413  -0.0003963624   0.0001322441
 88 9   0.0002183585   0.0000564709   0.0000706960  -0.0002697584   0.0000698650
 8810  -0.0001939092   0.0000933560  -0.0001109331   0.0000360856   0.0000634009
 8811   0.0000678029  -0.0000089623   0.0001441318   0.0001549340   0.0000355558
 8812   0.0000215344  -0.0000613382   0.0002281967   0.0000412227  -0.0000488941
 8813   0.0002491777  -0.0000289254  -0.0001655179  -0.0000770829  -0.0000757024
 8814   0.0000938694  -0.0000660499   0.0001171422  -0.0002959332  -0.0002120598
 8815  -0.0001691573   0.0001725041  -0.0003492112  -0.0001645071   0.0001039930
 8816  -0.0029908499  -0.0070240691  -0.0004675042  -0.0031772562   0.0076555551
 8817   0.0004549674  -0.0007497690   0.0001149541  -0.0002060860  -0.0151191394
 8818   0.0007501307  -0.0013597983   0.0488253086  -0.0006030091   0.0029405188
 8819  -0.0158226065  -0.0006246678   0.0016856809  -0.0000159853   0.0001602010
 8820   0.0000882171  -0.0036512021   0.0065120071  -0.0007078999  -0.0037509074
 8821  -0.0068041679   0.0005938652  -0.0002849854  -0.0000442870   0.0000274570
 8822  -0.0000145478  -0.0001361033  -0.0000743960  -0.0000953404   0.0001665124
 8823   0.0000284493  -0.0000703456  -0.0002098413   0.0000447766   0.0001717636
 8824   0.0000988327   0.0001544174  -0.0000106533  -0.0002699325   0.0000749004
 8825   0.0000463550   0.0000144445   0.0000023852  -0.0000320872  -0.0000185347
 8826   0.0000065480   0.0000568384   0.0000647147  -0.0000559538  -0.0000617023
 8827  -0.0000909205   0.0000213548   0.0000503838   0.0000150789   0.0001284397
 8828  -0.0001366080  -0.0000510631  -0.0000109594  -0.0003277218   0.0000718933
 8829  -0.0000976637   0.0002078763  -0.0000745712  -0.0000329549  -0.0001813155
 8830   0.0001203654  -0.0001444579   0.0003360428  -0.0000313569   0.0000429670
 8831  -0.0002260282  -0.0000128280  -0.0000418316   0.0000202501  -0.0001094896
 8832  -0.0001662734   0.0001162707   0.0000943305  -0.0000257003  -0.0000026665
 8833  -0.0000145377  -0.0000332109   0.0001319921   0.0000737727   0.0001086013
 8834  -0.0000537982   0.0000328033   0.0000380511   0.0000281191  -0.0001455625
 8835   0.0000300171   0.0000096201  -0.0000303871   0.0000326955   0.0000020444
 8836   0.0000191959  -0.0000690606  -0.0000178595   0.0000033347   0.0000614208
 8837   0.0000178469   0.0000353851  -0.0000362333   0.0000110982   0.0000006100
 8838   0.0000086995   0.0000041000  -0.0000062131  -0.0000170256   0.0000054917
 8839   0.0000011609  -0.0000200828  -0.0000069000  -0.0000123952   0.0000285448
 8840  -0.0000690638  -0.0000149605   0.0000794060   0.0000040990  -0.0000104269
 8841   0.0000053490   0.0000161585  -0.0000075915   0.0000132956  -0.0000089272
 8842  -0.0000033178   0.0000407880  -0.0000141651  -0.0000013899   0.0000309768
 8843   0.0000242632   0.0000008535   0.0000283719   0.0000030331   0.0000103199
 8844   0.0000167184   0.0000077493  -0.0000062769  -0.0000090443   0.0000269585
 8845   0.0000247361  -0.0000293574   0.0000032235   0.0000002019   0.0000016626
 8846  -0.0000198990   0.0000170205  -0.0000193504  -0.0000385426   0.0000293493
 8847  -0.0000725138  -0.0000073212  -0.0000014222   0.0000135677
 89 1  -0.0001826610  -0.0000055457   0.0002095532  -0.0004667887  -0.0000799838
 89 2   0.0002362689   0.0004673398  -0.0004646241   0.0002753427  -0.0001033368
 89 3  -0.0003616337  -0.0003311291  -0.0000191195   0.0003838901  -0.0006161937
 89 4  -0.0002844665   0.0002052825  -0.0001662593  -0.0004273113   0.0004628613
 89 5   0.0009643754   0.0012306394   0.0005515611   0.0029582456   0.0006083667
 89 6   0.0002913791   0.0001541695  -0.0004530276  -0.0002550323  -0.0001160525
 89 7  -0.0002459045   0.0002911029  -0.0003382801   0.0001316238  -0.0031744875
 89 8  -0.0060345405  -0.0004836053   0.0000663750  -0.0002615106   0.0001463418
 89 9   0.0002491031   0.0001074827  -0.0002180072   0.0003913721  -0.0004046119
 8910  -0.0001972870  -0.0007505467  -0.0003928542  -0.0003014479  -0.0007383853
 8911  -0.0003586414   0.0007615681  -0.0001674284  -0.0000118872  -0.0003161458
 8912  -0.0001660431   0.0002606365  -0.0003848826   0.0000266517  -0.0000658644
 8913  -0.0000098090   0.0000050136  -0.0006806886   0.0005397681   0.0000958194
 8914  -0.0003991472   0.0000955932  -0.0000385211   0.0004158482   0.0002799797
 8915   0.0002073307  -0.0003835465  -0.0000777379   0.0001594744   0.0001495359
 8916  -0.0062255552  -0.0111037303  -0.0013407576   0.0059589965  -0.0119069642
 8917  -0.0008942062   0.0007497287  -0.0005514843   0.0003470832  -0.0004212444
 8918   0.0004034307   0.0005502842  -0.0006030091   0.0481291560   0.0017413731
 8919   0.0002428495   0.0004243496   0.0000919811  -0.0000186730  -0.0000657793
 8920   0.0002334519   0.0074735095  -0.0110370680   0.0014837773  -0.0077535081
 8921  -0.0111019645   0.0018224953   0.0002162938  -0.0000813944   0.0003695896
 8922   0.0002983301   0.0001291742   0.0003874398  -0.0003784996  -0.0005888037
 8923  -0.0001344738   0.0000924576  -0.0000013684   0.0002356157  -0.0001226343
 8924  -0.0001771509   0.0000826870   0.0003600401   0.0005339538  -0.0000349424
 8925   0.0000741509   0.0000871377   0.0000164886  -0.0001704556   0.0001921673
 8926   0.0003355111  -0.0000583885  -0.0002399368   0.0001404025  -0.0000150493
 8927   0.0001879433  -0.0002154944  -0.0001641052   0.0000767146  -0.0001866696
 8928   0.0001783188  -0.0003152759   0.0000083942  -0.0000005582   0.0001436800
 8929   0.0002158450  -0.0000489980   0.0001559956   0.0001851663   0.0001275715
 8930  -0.0001151999  -0.0000279179  -0.0004771417  -0.0003277616  -0.0004000992
 8931   0.0006284064   0.0000064400   0.0001539254  -0.0003224582   0.0001205104
 8932   0.0001507837   0.0000534462   0.0002971163   0.0000205115  -0.0002637734
 8933  -0.0003323389   0.0002431160   0.0003043834  -0.0000207513  -0.0003397993
 8934  -0.0001414195   0.0001374704  -0.0000317573  -0.0001483065   0.0003647720
 8935  -0.0001109840   0.0001661319  -0.0000752389   0.0000237649   0.0001156157
 8936  -0.0001825018   0.0000531639   0.0000375182  -0.0000429740  -0.0003873797
 8937  -0.0000390064   0.0000307390  -0.0000588381  -0.0000070628  -0.0000111454
 8938  -0.0000006159  -0.0000024662  -0.0000164382  -0.0000151057  -0.0000014077
 8939  -0.0000030769  -0.0000061151   0.0000156353   0.0000086980   0.0000063928
 8940   0.0000064447  -0.0000643533  -0.0001683538  -0.0000297471  -0.0000298752
 8941   0.0000332237  -0.0000062340  -0.0000063621  -0.0000405114   0.0000017130
 8942   0.0000163853   0.0000017361  -0.0000044533  -0.0000021304  -0.0000042108
 8943   0.0000025576  -0.0000053301  -0.0000073184   0.0000229436  -0.0000781428
 8944  -0.0000266407   0.0000031684   0.0000073484   0.0000215841   0.0000114729
 8945  -0.0000863700  -0.0000154336   0.0000113334   0.0000090987   0.0000120996
 8946   0.0000487870  -0.0000238736   0.0001029185   0.0001088854  -0.0000649071
 8947   0.0002541800   0.0000237835   0.0000124257  -0.0000476124
 90 1  -0.0000163427   0.0000770128  -0.0002023029   0.0002389594   0.0002003133
 90 2  -0.0000199053  -0.0005507991   0.0007588443  -0.0001404834   0.0001770289
 90 3   0.0001141594  -0.0004355494   0.0001498805  -0.0000123036   0.0004133743
 90 4   0.0001907957   0.0000137587   0.0000463768   0.0019598552   0.0010819245
 90 5  -0.0030619169  -0.0047073830   0.0035208362  -0.0073373106  -0.0002661470
 90 6   0.0000068596  -0.0002377308  -0.0003184653  -0.0000874745  -0.0000379534
 90 7   0.0004653607  -0.0005850138   0.0001994241   0.0007032266  -0.0056241201
 90 8  -0.0064997492  -0.0005236609  -0.0003723414   0.0002932122  -0.0002545424
 90 9  -0.0003116533  -0.0002048603   0.0003247223   0.0001213330   0.0000506004
 9010   0.0000537295  -0.0000374479  -0.0002565770  -0.0000398312  -0.0002041461
 9011  -0.0002055518  -0.0004917731   0.0000055806  -0.0001820426   0.0004033821
 9012   0.0001921002  -0.0001356468  -0.0000431490  -0.0001285772   0.0002857183
 9013   0.0002638447   0.0001850254   0.0004605395  -0.0002646908  -0.0001825207
 9014   0.0001104201   0.0000311310   0.0001337191  -0.0000657641   0.0000425670
 9015   0.0000050648   0.0002078284  -0.0000862592  -0.0001742407  -0.0000903346
 9016   0.0004684381   0.0005400760   0.0001400628  -0.0007733574   0.0014655390
 9017   0.0003003706  -0.0001026187   0.0002004889   0.0000966732   0.0011129877
 9018   0.0001591153   0.0000033226   0.0029405188   0.0017413731   0.0164387657
 9019  -0.0017987529   0.0002010628   0.0000333660   0.0000657856   0.0000883949
 9020  -0.0000664181   0.0012691524  -0.0017624169   0.0000124053  -0.0008671590
 9021  -0.0017894384  -0.0001243231   0.0000004769   0.0001906529   0.0002201438
 9022   0.0001555194   0.0000370679  -0.0002606939   0.0001625434  -0.0001081068
 9023   0.0001774443   0.0003555052   0.0001503672  -0.0001572682  -0.0001953824
 9024   0.0001380271  -0.0002497709  -0.0004360147  -0.0002641922  -0.0000115866
 9025  -0.0000092292  -0.0000478429  -0.0000085787  -0.0003044865  -0.0000900698
 9026  -0.0005137061   0.0001177370   0.0001455774  -0.0002804164   0.0007415677
 9027   0.0000025764   0.0005161124  -0.0005091973  -0.0002050822   0.0004763301
 9028   0.0001601376   0.0002442460  -0.0005815105  -0.0000890442  -0.0001801070
 9029   0.0000145544   0.0000861204   0.0001484955  -0.0000570863   0.0000513241
 9030   0.0001656834   0.0001378973  -0.0000550030  -0.0001817976   0.0002056580
 9031  -0.0000074473   0.0003794144  -0.0001919992   0.0001519368   0.0000695346
 9032  -0.0000089137  -0.0000740358   0.0000008759   0.0001495264  -0.0001993086
 9033   0.0001084567   0.0001466879  -0.0000244637   0.0001331489  -0.0002741940
 9034   0.0001718108  -0.0002492579  -0.0000493342   0.0000496481  -0.0002079977
 9035   0.0000625677   0.0002075324   0.0000451198  -0.0000142470  -0.0001129187
 9036  -0.0003695893  -0.0000454948   0.0000221145   0.0001523060   0.0004122464
 9037  -0.0000193231  -0.0000745352   0.0000689590  -0.0000092053  -0.0000045515
 9038   0.0000157289  -0.0000164769   0.0000120765   0.0000223927  -0.0000066850
 9039   0.0000169405  -0.0000057321   0.0000196199   0.0000253636   0.0000354728
 9040  -0.0000805515   0.0000682208   0.0002796405   0.0000386099   0.0000343296
 9041  -0.0000384765  -0.0000144476   0.0000081865  -0.0000380608   0.0000053312
 9042   0.0000000067  -0.0000480844   0.0000197239  -0.0000030061  -0.0000002500
 9043   0.0000016488  -0.0000207477  -0.0000261859  -0.0000143614   0.0000231082
 9044   0.0000570490  -0.0000033107  -0.0000179803  -0.0000301883   0.0000251460
 9045   0.0000912074   0.0001851330  -0.0000048808   0.0000031801  -0.0000266179
 9046  -0.0000548190   0.0000242010  -0.0000429904  -0.0000494943   0.0000626746
 9047  -0.0000692028  -0.0000104014   0.0000029312   0.0000590047
 91 1   0.0003357534  -0.0000451589  -0.0002218313   0.0001523120  -0.0002326576
 91 2   0.0001069204  -0.0004705215   0.0000006203   0.0000756707   0.0005587131
 91 3   0.0001836388  -0.0003874646  -0.0002372111   0.0003565595  -0.0002599081
 91 4   0.0000749755   0.0000388986   0.0000146230  -0.0002353655   0.0000069518
 91 5   0.0004030760  -0.0016094634  -0.0018092458   0.0052184142  -0.0019880283
 91 6   0.0024117646  -0.0065925652  -0.0006224150  -0.0000220765  -0.0002018490
 91 7   0.0002119089   0.0000799384   0.0000708162  -0.0003529824   0.0006219876
 91 8   0.0005389206   0.0010203381   0.0001560122   0.0002990984  -0.0004925962
 91 9  -0.0005646984  -0.0006965290   0.0002062077   0.0002138998   0.0000995479
 9110  -0.0001521821  -0.0001650611  -0.0000454928  -0.0000140973  -0.0000929269
 9111  -0.0001326626  -0.0000805945  -0.0000438241  -0.0001366668   0.0000889267
 9112   0.0001112031   0.0001336499   0.0000513159  -0.0002871671   0.0000456203
 9113   0.0000736303   0.0000434134   0.0000311583  -0.0000715737   0.0001248086
 9114   0.0000571271   0.0002496284   0.0001112629   0.0000783994  -0.0002120951
 9115   0.0002229207   0.0000099970   0.0000286670   0.0001332724  -0.0000973741
 9116  -0.0004641773  -0.0001878734  -0.0001063718  -0.0036548685  -0.0075734218
 9117  -0.0003042912  -0.0031561296   0.0070288513   0.0010773647  -0.0001894513
 9118   0.0000429364  -0.0002003458  -0.0158226065   0.0002428495  -0.0017987529
 9119   0.0491428894  -0.0007092325   0.0018605543  -0.0155707427   0.0007451310
 9120   0.0007773494  -0.0003054479  -0.0001828648   0.0000899355  -0.0034944938
 9121   0.0070788922  -0.0004896266  -0.0029299126  -0.0074529659   0.0007689305
 9122  -0.0002717923  -0.0010493037  -0.0001758116   0.0004956861   0.0000643907
 9123   0.0001405428   0.0001049800   0.0001709085  -0.0001415153  -0.0004299335
 9124   0.0001429209  -0.0001093510  -0.0000500698   0.0001060663   0.0001643965
 9125   0.0000723858   0.0000156485   0.0000404620  -0.0002078632  -0.0001315479
 9126  -0.0002154594   0.0001082740   0.0002122171  -0.0001598521   0.0002196356
 9127   0.0001042401  -0.0000065576  -0.0002005228  -0.0000735546   0.0000027794
 9128   0.0001139853  -0.0003766037   0.0002568387  -0.0004501182   0.0003669690
 9129   0.0000944036   0.0002344816   0.0001661241   0.0001058727  -0.0000527068
 9130   0.0000312303  -0.0001566633   0.0003233508  -0.0003373831  -0.0000968475
 9131  -0.0000311614   0.0000362003  -0.0000825246   0.0001281456   0.0001265318
 9132   0.0000474765  -0.0000770781   0.0000196700   0.0001502669  -0.0001418021
 9133  -0.0000040818   0.0001685160   0.0000723288   0.0001420000  -0.0001046410
 9134   0.0000528174  -0.0000984404  -0.0000135859   0.0000546762  -0.0001584796
 9135   0.0000385116   0.0001685980   0.0000288450  -0.0000072574   0.0000064803
 9136  -0.0002184973  -0.0000506845  -0.0000502856   0.0000511559  -0.0002251300
 9137  -0.0000205347  -0.0000137350   0.0000116047  -0.0000120079  -0.0000172959
 9138   0.0000222961  -0.0000083261   0.0000061379   0.0000022619  -0.0000027418
 9139   0.0000099488  -0.0000107188  -0.0000017041   0.0000081864   0.0000751302
 9140  -0.0000674883  -0.0000235677   0.0002076218  -0.0000047636   0.0000152588
 9141   0.0000008870  -0.0000182427  -0.0000169222  -0.0000034965  -0.0000301412
 9142  -0.0000165734   0.0000089126  -0.0000007717   0.0000123981  -0.0000324935
 9143  -0.0000121867   0.0000106417  -0.0000342059  -0.0000225987   0.0000096911
 9144   0.0000340538  -0.0000033422  -0.0000059858  -0.0000207486   0.0000231039
 9145   0.0000299283   0.0000731202   0.0000037003  -0.0000106264   0.0000027842
 9146  -0.0000308810   0.0000087384  -0.0000281838  -0.0000522374   0.0000664861
 9147  -0.0000854502   0.0000003624   0.0000034259   0.0000269969
 92 1  -0.0001251557  -0.0004969589   0.0003508002  -0.0004975912   0.0000587716
 92 2  -0.0001402243   0.0001662942  -0.0004251390   0.0001964816  -0.0004442045
 92 3  -0.0004940241   0.0008005476   0.0006279320   0.0000234666   0.0000403858
 92 4   0.0001533090  -0.0003903233  -0.0004551650  -0.0001134618   0.0001881795
 92 5  -0.0000323439  -0.0013421045  -0.0000068743   0.0026445197   0.0020814672
 92 6   0.0005963092   0.0034698440   0.0001979321   0.0000289659  -0.0000200960
 92 7  -0.0000259219   0.0002540649  -0.0001127924   0.0002622169   0.0002671833
 92 8  -0.0005848207  -0.0001124654  -0.0026985291  -0.0059722887  -0.0001763573
 92 9   0.0001960465  -0.0006286007  -0.0000844546   0.0000008042  -0.0002422324
 9210  -0.0004595556  -0.0005161566  -0.0004712796   0.0001485140  -0.0005663880
 9211  -0.0001999447   0.0002161040  -0.0002409791  -0.0005312258   0.0000722412
 9212  -0.0000060892   0.0000954371   0.0005804724   0.0004147569   0.0001469237
 9213   0.0003856080  -0.0001346826  -0.0008537589   0.0001694705   0.0001574545
 9214   0.0000157176   0.0000944603   0.0000551929  -0.0002995420   0.0002570312
 9215  -0.0001916153  -0.0000873049   0.0001674392   0.0004164243   0.0000486436
 9216  -0.0002954284   0.0002501572  -0.0000583250  -0.0078084561  -0.0108471650
 9217  -0.0007624935   0.0074104576  -0.0114426961  -0.0008581842  -0.0002350963
 9218  -0.0001458828   0.0000277698  -0.0006246678   0.0004243496   0.0002010628
 9219  -0.0007092325   0.0479101149  -0.0008891737  -0.0000012773   0.0008754460
 9220  -0.0001450167   0.0000622147  -0.0006128281   0.0002548389   0.0062206496
 9221  -0.0107692388   0.0019678540  -0.0064904234  -0.0108492504   0.0023491396
 9222   0.0000391107  -0.0005204514   0.0001438251  -0.0001332898  -0.0000043526
 9223   0.0003669220   0.0005078029  -0.0005862987   0.0001062693  -0.0002506300
 9224  -0.0001034072   0.0003697893   0.0000016565   0.0000829619   0.0005281214
 9225   0.0000592000  -0.0001524757  -0.0002036608  -0.0007595293   0.0001863755
 9226  -0.0007458677   0.0002868863   0.0003270540  -0.0003792291   0.0008113848
 9227  -0.0002903756   0.0002474878  -0.0007020798  -0.0000333192   0.0000381784
 9228   0.0001079180  -0.0017329822   0.0005451650  -0.0027606795   0.0014558231
 9229   0.0002028349   0.0011977815   0.0007574511   0.0006353444  -0.0004284992
 9230   0.0004276075  -0.0002669211   0.0015579762  -0.0014710354  -0.0010786672
 9231   0.0000627102   0.0001756208  -0.0000069192  -0.0001476856  -0.0000500332
 9232  -0.0003096911   0.0003522714   0.0008166179   0.0001918127  -0.0006678627
 9233  -0.0006141171   0.0003355411   0.0011537721   0.0005793434  -0.0003003104
 9234  -0.0002534331   0.0001992788  -0.0000374347  -0.0000142719  -0.0002898061
 9235   0.0000342749   0.0005210727  -0.0001263530   0.0000808829   0.0002319435
 9236  -0.0006453091  -0.0002418838  -0.0002075357   0.0002726863  -0.0007390603
 9237   0.0000010368   0.0000467060   0.0002972474  -0.0000283296  -0.0000833333
 9238   0.0000816577  -0.0000370992   0.0000048964   0.0000058221  -0.0000163025
 9239   0.0000312751  -0.0000265275   0.0000082475   0.0000629096   0.0001849702
 9240  -0.0001976928  -0.0000408000   0.0005301914  -0.0000088022  -0.0000007564
 9241   0.0000729934   0.0000002466  -0.0000230289  -0.0000773627  -0.0000292909
 9242   0.0000186771   0.0000371434  -0.0000277395  -0.0000143213   0.0000427269
 9243   0.0000326372  -0.0000009598  -0.0000083414   0.0000284257  -0.0001034411
 9244   0.0000254780   0.0000280483   0.0000071227   0.0000177253   0.0000444818
 9245  -0.0000685401  -0.0000120927   0.0000296462   0.0000191666   0.0000022726
 9246  -0.0000687106   0.0000703648   0.0000236156  -0.0000671073   0.0001095658
 9247  -0.0000113233   0.0000143540   0.0000211260   0.0000318470
 93 1   0.0000724688   0.0003801362  -0.0003256623   0.0003762907   0.0000073203
 93 2  -0.0000935800  -0.0000541797   0.0002699012  -0.0002928170   0.0002311196
 93 3   0.0003374265  -0.0000372574  -0.0004536384  -0.0002458738  -0.0000125816
 93 4  -0.0000541852   0.0001056499   0.0000560647   0.0004326219   0.0001236375
 93 5  -0.0002708194   0.0045767991   0.0031728238  -0.0062944616  -0.0066307904
 93 6   0.0039377683  -0.0094863237  -0.0002979652   0.0001741947  -0.0001776099
 93 7  -0.0002028999  -0.0000472315   0.0001971128   0.0004522174  -0.0006222204
 93 8   0.0003320358   0.0004268743  -0.0062833023  -0.0072875275  -0.0005121928
 93 9  -0.0005377121   0.0002443820   0.0002673279   0.0000603224   0.0000041978
 9310   0.0000934176   0.0003234641   0.0003458242  -0.0002711378  -0.0000978765
 9311  -0.0002194875  -0.0001547138  -0.0002513438  -0.0000404243   0.0002679513
 9312   0.0001668006  -0.0002640436  -0.0005455005  -0.0002123806   0.0002823857
 9313  -0.0000342489   0.0002138053   0.0005452917  -0.0002537576  -0.0000870898
 9314  -0.0000777177   0.0001427239  -0.0000199024   0.0000817934   0.0000796252
 9315   0.0002854695   0.0001723910  -0.0002953123  -0.0001418890  -0.0000657636
 9316  -0.0001457043  -0.0002033870   0.0002516061   0.0010893440   0.0009531966
 9317   0.0003736869  -0.0005399773   0.0011648018   0.0003798366  -0.0001680998
 9318  -0.0000554955   0.0000625798   0.0016856809   0.0000919811   0.0000333660
 9319   0.0018605543  -0.0008891737   0.0204314237  -0.0015866361  -0.0000811732
 9320   0.0002834065   0.0003546758   0.0002113263   0.0000435318   0.0013538247
 9321  -0.0017900388   0.0003284435  -0.0009677457  -0.0015944023  -0.0003337207
 9322  -0.0002224902   0.0003626522  -0.0000614566   0.0001071657   0.0000308493
 9323  -0.0000513174  -0.0002003420   0.0001519582  -0.0000094161   0.0002538928
 9324   0.0001031728  -0.0001895596  -0.0003768316   0.0000589941  -0.0003438789
 9325  -0.0001482196  -0.0000484869   0.0000884079   0.0007270448  -0.0002467545
 9326   0.0002924487  -0.0001643676  -0.0000867297   0.0002044535  -0.0004066478
 9327   0.0006247500   0.0000194764   0.0000998676  -0.0000210138   0.0000437896
 9328   0.0003624228   0.0014955679  -0.0007949647   0.0018907907  -0.0011161074
 9329  -0.0000940469  -0.0010284163  -0.0003600227  -0.0002944129   0.0005743999
 9330  -0.0006548014   0.0002547430  -0.0011693107   0.0011400098   0.0007512991
 9331   0.0001157740  -0.0001655519   0.0000842617   0.0001774238   0.0000739765
 9332   0.0004096684  -0.0004263142  -0.0008735784  -0.0002251859   0.0004619184
 9333   0.0007192724  -0.0001498649  -0.0010416425  -0.0007161023   0.0000218505
 9334   0.0002395930  -0.0001596517   0.0000581378  -0.0000515687   0.0005364317
 9335  -0.0001406760  -0.0002856824   0.0000532768  -0.0000089381  -0.0005151242
 9336   0.0008223259   0.0000105535   0.0002049274  -0.0003770064   0.0014569074
 9337   0.0000007383   0.0000133735  -0.0001060302   0.0000170357   0.0000657624
 9338  -0.0000413175   0.0000285507  -0.0000040286  -0.0000038579   0.0000170232
 9339  -0.0000241361   0.0000089397  -0.0000069881  -0.0000576021  -0.0000859068
 9340   0.0000596157  -0.0000188522  -0.0002839261   0.0000100523  -0.0000122303
 9341  -0.0000490890  -0.0000016079  -0.0000008480  -0.0000148183   0.0000273709
 9342  -0.0000142186  -0.0000365086   0.0000190611   0.0000147232  -0.0000593501
 9343  -0.0000170100  -0.0000000511   0.0000317001  -0.0000259054   0.0000754861
 9344  -0.0000259603  -0.0000345453  -0.0000127147  -0.0000252976  -0.0000132820
 9345   0.0000534354   0.0000099862  -0.0000353490  -0.0000071230  -0.0000354243
 9346   0.0000577008  -0.0000824752   0.0000243734   0.0001344715  -0.0001321395
 9347   0.0002128260  -0.0000100273  -0.0000233248  -0.0000221808
 94 1  -0.0003025921   0.0006519970  -0.0001586164   0.0002062472   0.0004213185
 94 2  -0.0004728235  -0.0004725325   0.0001642984   0.0000012844   0.0008561463
 94 3  -0.0004944890   0.0008175817  -0.0001530167  -0.0012323279   0.0010060888
 94 4  -0.0002847470   0.0002102499   0.0008237291  -0.0002882691  -0.0000764001
 94 5  -0.0000262116  -0.0002670325   0.0005607311   0.0000146229  -0.0021688083
 94 6  -0.0021410391   0.0050054129  -0.0019463235   0.0016412600  -0.0033897840
 94 7   0.0002210012  -0.0006765177   0.0002920454  -0.0001248184  -0.0004183960
 94 8  -0.0000267554   0.0000926502  -0.0002259457   0.0003203754   0.0006726655
 94 9   0.0002500688   0.0012173709   0.0004057241  -0.0001681377   0.0007882191
 9410   0.0011534250   0.0005390556   0.0004620395  -0.0002134619   0.0006750519
 9411   0.0003138111  -0.0002055876   0.0000442197   0.0002963346   0.0001505122
 9412  -0.0002277240  -0.0002357759  -0.0004798691   0.0001295694   0.0000447859
 9413  -0.0003410046  -0.0001171816   0.0010395893   0.0003135332   0.0001003616
 9414  -0.0004227702  -0.0010066976  -0.0001995028  -0.0001690965   0.0003583904
 9415  -0.0005633345   0.0002354842   0.0001971763  -0.0010150055   0.0000637743
 9416   0.0000397083  -0.0001974295   0.0001686968   0.0000001543   0.0002724869
 9417  -0.0004681451  -0.0034291574  -0.0062939315  -0.0011362447   0.0004708213
 9418   0.0000778681   0.0000284305  -0.0000159853  -0.0000186730   0.0000657856
 9419  -0.0155707427  -0.0000012773  -0.0015866361   0.0297006961   0.0041783771
 9420  -0.0016816301   0.0004904366   0.0005085324  -0.0004619537   0.0005522704
 9421  -0.0004510140  -0.0009451605  -0.0050145035   0.0075276802  -0.0015666927
 9422  -0.0031433532  -0.0030576030   0.0009165769  -0.0005718383  -0.0000297222
 9423  -0.0005041748  -0.0001038477   0.0003553117   0.0000362216   0.0004553433
 9424  -0.0003934640  -0.0002321859  -0.0000735242  -0.0004073980  -0.0008426307
 9425  -0.0001273697   0.0000198725   0.0000821136   0.0006627430  -0.0000204399
 9426   0.0005379375  -0.0002638204  -0.0003752022   0.0003046049  -0.0005815489
 9427   0.0001986215   0.0000081362   0.0004231691  -0.0000164772   0.0001722835
 9428  -0.0001782770   0.0017144607  -0.0007898030   0.0021661159  -0.0015015794
 9429  -0.0002449226  -0.0008724017  -0.0006012672  -0.0006436617   0.0002216327
 9430  -0.0003196876   0.0002542681  -0.0014208688   0.0011612943   0.0003899610
 9431   0.0003776036   0.0002950945   0.0001436988   0.0001084821   0.0000872672
 9432   0.0005399784  -0.0004323098  -0.0009642015  -0.0003287049   0.0008800583
 9433   0.0006647337  -0.0007168794  -0.0011329999  -0.0007764502   0.0003609882
 9434   0.0002467664  -0.0002333343  -0.0000080699  -0.0000582419   0.0005372862
 9435  -0.0001319536  -0.0007011844   0.0002255959  -0.0003052383  -0.0003232682
 9436   0.0004208471   0.0007912571   0.0004093125  -0.0003393404   0.0006491819
 9437   0.0000257573  -0.0000258299  -0.0001699153   0.0000346140   0.0000749432
 9438  -0.0000426668   0.0000269220  -0.0000074299   0.0000031574   0.0000113393
 9439  -0.0000274930   0.0000386274  -0.0000026838  -0.0000164583  -0.0001909589
 9440   0.0001891766   0.0000555708  -0.0004448834   0.0000265571  -0.0000180224
 9441  -0.0000890971   0.0000094130   0.0000130375   0.0000785279   0.0000249890
 9442  -0.0000016321  -0.0000049470   0.0000538415  -0.0000135909  -0.0000389308
 9443  -0.0000321685   0.0000083015  -0.0000090637   0.0000027541   0.0001063813
 9444  -0.0000396536  -0.0000203784   0.0000117485   0.0000147658  -0.0000548556
 9445   0.0000830822   0.0000061161  -0.0000307047  -0.0000100911  -0.0000047078
 9446   0.0000720899  -0.0000657077   0.0000234731   0.0000998912  -0.0002048013
 9447   0.0001805749   0.0000006644  -0.0000410260  -0.0000065668
 95 1   0.0001623425   0.0004726704  -0.0000949186   0.0004399287  -0.0001615353
 95 2  -0.0000927663  -0.0008045942  -0.0001481681  -0.0001099265   0.0005329340
 95 3  -0.0002291267   0.0003759053   0.0003728856  -0.0004682715   0.0005117890
 95 4  -0.0003709807   0.0005044234   0.0005483882   0.0000456077  -0.0000807311
 95 5   0.0000414330  -0.0004281663   0.0006403978  -0.0000350376  -0.0015202187
 95 6   0.0002141979   0.0016093510   0.0020857834  -0.0002215348   0.0027690421
 95 7  -0.0000914030  -0.0003499077  -0.0001097551  -0.0001310359  -0.0003220093
 95 8   0.0001572177   0.0003845889  -0.0003620483  -0.0006015435   0.0000004382
 95 9  -0.0023842181  -0.0046388417   0.0001324351  -0.0000370645   0.0000319984
 9510   0.0004809057   0.0004225823   0.0001892044  -0.0002212555   0.0003111000
 9511   0.0001455070  -0.0001689894  -0.0001484520   0.0000018894   0.0002659311
 9512  -0.0002872066  -0.0003333229  -0.0004408624  -0.0002015643  -0.0002441996
 9513  -0.0004707231   0.0000031211   0.0006093763   0.0002069478  -0.0001581956
 9514  -0.0005408806  -0.0002979813  -0.0002134976  -0.0001466453   0.0001866401
 9515   0.0001310573   0.0000363711   0.0000690697  -0.0005379634   0.0000176338
 9516   0.0002601076  -0.0001450691   0.0001185764  -0.0006396581  -0.0003518532
 9517  -0.0002098047  -0.0050070955  -0.0096787166  -0.0018929102   0.0001582206
 9518   0.0001938604   0.0001238215   0.0001602010  -0.0000657793   0.0000883949
 9519   0.0007451310   0.0008754460  -0.0000811732   0.0041783771   0.0354932707
 9520   0.0000843457  -0.0001647041   0.0007137280  -0.0001687141   0.0007950476
 9521  -0.0007441748  -0.0005652067   0.0061542152  -0.0114497621   0.0010377406
 9522  -0.0066948156  -0.0099079947   0.0016341241  -0.0002459848  -0.0001134496
 9523  -0.0001750036  -0.0004919559   0.0000428424   0.0001970527   0.0005074060
 9524  -0.0008164310  -0.0000849089   0.0000433933  -0.0004720653  -0.0002354593
 9525   0.0000996139   0.0002660793   0.0001758838   0.0000713195   0.0000746619
 9526   0.0006176292  -0.0001918779  -0.0004071022   0.0002487749  -0.0004388170
 9527  -0.0001530239  -0.0002157568   0.0005102192  -0.0000044132  -0.0000571467
 9528  -0.0003142494   0.0007687979  -0.0002240025   0.0013867671  -0.0007531663
 9529  -0.0001342561  -0.0005348032  -0.0003909715  -0.0003949379   0.0000623062
 9530   0.0000180467   0.0001327558  -0.0010520958   0.0004378368   0.0002426975
 9531   0.0006125573   0.0000520296   0.0001584810  -0.0002391263   0.0003853885
 9532   0.0005933694  -0.0002238442  -0.0007309298  -0.0003278725   0.0004907666
 9533   0.0004556862  -0.0006297266  -0.0003931557  -0.0003050462   0.0004629183
 9534  -0.0000016592   0.0001361034   0.0001113590   0.0000048088   0.0001473315
 9535  -0.0000451417  -0.0002327558   0.0001116995  -0.0001819807  -0.0001778143
 9536   0.0000202257   0.0002193164   0.0001436836   0.0000401690   0.0004191308
 9537  -0.0000226836  -0.0000865383  -0.0002916549   0.0000257263   0.0000327073
 9538  -0.0000608862   0.0000161272  -0.0000022497  -0.0000066712   0.0000016649
 9539  -0.0000098513   0.0000209077   0.0000084109  -0.0000082008  -0.0001454492
 9540   0.0001734716   0.0001014337  -0.0003659416   0.0000077472   0.0000115795
 9541  -0.0000374507  -0.0000060364   0.0000031968   0.0000738374   0.0000012868
 9542  -0.0000063826  -0.0000207939   0.0000378774   0.0000225049  -0.0000945574
 9543   0.0000007133   0.0000014467   0.0000446694  -0.0000007444   0.0000217654
 9544  -0.0000774711  -0.0000095262   0.0000135258   0.0000193689  -0.0000799910
 9545  -0.0000880951  -0.0001822443  -0.0000143323  -0.0000047347  -0.0000031882
 9546   0.0000401808  -0.0000359136  -0.0000016204   0.0000515440  -0.0000771966
 9547   0.0000070279   0.0000086066  -0.0000203075  -0.0000175211
 96 1   0.0002008501  -0.0001264979   0.0000484462  -0.0002833626   0.0002664109
 96 2   0.0001644775   0.0003862606   0.0001575861   0.0001850965   0.0000486410
 96 3  -0.0001029785  -0.0000142315  -0.0000551856   0.0004819481  -0.0001068444
 96 4   0.0002091396  -0.0001248442  -0.0001431270   0.0002932866   0.0002275202
 96 5   0.0000384545   0.0002408262  -0.0000653252  -0.0000594968   0.0058382343
 96 6   0.0032657037  -0.0070627248  -0.0063364880   0.0038443990  -0.0086779525
 96 7  -0.0000661926   0.0002039945   0.0003161975  -0.0001306960   0.0000511126
 96 8   0.0001261861   0.0005877884  -0.0001143079   0.0000136924   0.0001170922
 96 9  -0.0055359583  -0.0056716492  -0.0001858583  -0.0005843247   0.0005432717
 9610  -0.0001894486  -0.0001348804   0.0002037326  -0.0001293466  -0.0002631210
 9611   0.0001705975  -0.0001953584  -0.0003302272  -0.0004545649   0.0001720090
 9612   0.0000165483  -0.0003724953  -0.0000417573   0.0000630021   0.0001404461
 9613   0.0001856331   0.0000847029  -0.0000001854  -0.0002053514  -0.0002582181
 9614  -0.0000606160   0.0004164455   0.0001372901  -0.0001261273  -0.0001549545
 9615   0.0001235102   0.0001482640  -0.0000880438   0.0002116985  -0.0003737462
 9616  -0.0001640654  -0.0000667443  -0.0004024646  -0.0000441311   0.0000552723
 9617  -0.0001559543   0.0007015143   0.0007584766   0.0006858748  -0.0001934638
 9618  -0.0001236745  -0.0001750413   0.0000882171   0.0002334519  -0.0000664181
 9619   0.0007773494  -0.0001450167   0.0002834065  -0.0016816301   0.0000843457
 9620   0.0197187179   0.0002108217  -0.0001678859  -0.0001944888  -0.0001663724
 9621  -0.0001547919   0.0000740490   0.0010007040  -0.0008723158   0.0005997559
 9622  -0.0009416862  -0.0014535263   0.0001573936  -0.0000498796  -0.0001427076
 9623   0.0000625348   0.0003011644   0.0001158245  -0.0001611916  -0.0001393098
 9624   0.0002601786  -0.0000195615  -0.0002319176   0.0000111061  -0.0000191005
 9625  -0.0000874450  -0.0002349446  -0.0001436006  -0.0000506882   0.0000730343
 9626  -0.0003468731   0.0000784773   0.0001018908  -0.0000525224   0.0003106621
 9627   0.0001288684   0.0001362966  -0.0002980255  -0.0000613842   0.0000967019
 9628   0.0000609408  -0.0003647363  -0.0000103301  -0.0004704424   0.0003811688
 9629   0.0000242654   0.0000817421   0.0001515519   0.0000968694   0.0000579528
 9630   0.0000208010   0.0000510009   0.0002610587  -0.0001680202  -0.0001631129
 9631   0.0001158563  -0.0002448328  -0.0000051451   0.0001389483   0.0001162213
 9632   0.0001013950  -0.0000763102   0.0001583966   0.0002628006  -0.0003258892
 9633  -0.0002079511   0.0003691803  -0.0000035058   0.0000395856  -0.0003223892
 9634   0.0001621763  -0.0002926034  -0.0000834187  -0.0000287391  -0.0000717524
 9635  -0.0001410428   0.0001776195  -0.0001245956   0.0002861967   0.0000451904
 9636   0.0002029139  -0.0003009632   0.0000066118   0.0000433932   0.0000991963
 9637   0.0000037980   0.0000847954   0.0002479471  -0.0000182072  -0.0000071355
 9638   0.0000656267  -0.0000095308   0.0000051129   0.0000052250  -0.0000048842
 9639   0.0000033466  -0.0000083517   0.0000066281   0.0000142216   0.0000708231
 9640  -0.0000794978  -0.0000561945   0.0001263761  -0.0000112850  -0.0000104970
 9641  -0.0000013094   0.0000047453   0.0000091430  -0.0000381474  -0.0000132754
 9642  -0.0000137292   0.0000001897   0.0000026725   0.0000060057  -0.0000123379
 9643  -0.0000537193   0.0000713711  -0.0001294687  -0.0000125215   0.0000654669
 9644   0.0000727538   0.0000041571   0.0000167443   0.0000123754  -0.0000182210
 9645   0.0001222331   0.0001457683   0.0000030756   0.0000015485   0.0000013234
 9646  -0.0000314020   0.0000518213  -0.0000040918   0.0000183879   0.0000634868
 9647   0.0001244575  -0.0000485892   0.0000385173   0.0000037224
 97 1  -0.0000821952  -0.0004857918  -0.0002763473   0.0000664720  -0.0002446659
 97 2  -0.0001252596  -0.0000221974  -0.0002780010  -0.0004367757  -0.0000804467
 97 3   0.0004119109  -0.0008148722  -0.0002129132  -0.0001743638  -0.0004888895
 97 4   0.0002960671   0.0001115183   0.0000181635  -0.0000103053   0.0000341824
 97 5   0.0001339823  -0.0005269005   0.0000534212  -0.0003951168   0.0005098411
 97 6   0.0003646176   0.0001160232  -0.0000721957   0.0003424660  -0.0002122867
 97 7  -0.0049033617  -0.0024213414   0.0081759329  -0.0017264029   0.0018463697
 97 8  -0.0051112791  -0.0005317869   0.0001183369  -0.0004499372   0.0001196967
 97 9   0.0003081378   0.0000421807  -0.0005450844   0.0000823625  -0.0002593555
 9710   0.0007141413  -0.0009240045  -0.0022068154  -0.0001604455  -0.0001794462
 9711  -0.0007051368   0.0006953296   0.0002655957   0.0001573781  -0.0004924819
 9712  -0.0002325075   0.0002854712   0.0003711513   0.0003148253  -0.0006197396
 9713  -0.0002883835  -0.0004815023  -0.0008747665   0.0004030874  -0.0000012799
 9714  -0.0000649045  -0.0000038819  -0.0003475405   0.0000524346   0.0000419699
 9715  -0.0000483202  -0.0003943454  -0.0002025297  -0.0000968050   0.0005840449
 9716   0.0003819103  -0.0002456519   0.0002770150  -0.0002634980  -0.0005656194
 9717   0.0002996229   0.0002556706  -0.0005927204   0.0003060581  -0.0035203354
 9718  -0.0048324394  -0.0005543804  -0.0036512021   0.0074735095   0.0012691524
 9719  -0.0003054479   0.0000622147   0.0003546758   0.0004904366  -0.0001647041
 9720   0.0002108217   0.0326277305   0.0077176912  -0.0028823346  -0.0159270634
 9721   0.0000291382   0.0020016578   0.0001583671  -0.0000586464   0.0003817519
 9722   0.0001302156  -0.0002584490   0.0003703330  -0.0036050567  -0.0070809247
 9723   0.0005929318  -0.0009364067   0.0001567589   0.0003879636   0.0000101223
 9724  -0.0000948547   0.0004856581   0.0007970883   0.0002943634   0.0005547260
 9725  -0.0001148678  -0.0001845353  -0.0000521511  -0.0000250646   0.0001658949
 9726   0.0000062712   0.0000240739  -0.0000719300   0.0000628200  -0.0000529277
 9727   0.0000098690  -0.0003322868   0.0001088811   0.0000160744  -0.0001386338
 9728  -0.0000668424  -0.0007138054   0.0007098417  -0.0010424777   0.0008280480
 9729   0.0001260232   0.0001913150   0.0002776714   0.0004663448   0.0000356494
 9730  -0.0000263315  -0.0000992813   0.0004788788  -0.0005349707  -0.0006140652
 9731   0.0001526392  -0.0001833574   0.0001279584  -0.0002213040  -0.0001225953
 9732  -0.0002187236   0.0002825427   0.0005445807   0.0000169687  -0.0001934651
 9733  -0.0004973747   0.0001376031   0.0004898380   0.0002529802   0.0000152408
 9734  -0.0002339564   0.0002179922  -0.0000339250  -0.0000248075  -0.0000508569
 9735   0.0000458272   0.0000652660  -0.0001329592   0.0000935134   0.0002387092
 9736   0.0000083089  -0.0002037163  -0.0002128708  -0.0000892827  -0.0005453421
 9737   0.0000529299   0.0001926316   0.0001590742  -0.0000168296   0.0000091872
 9738   0.0000867298  -0.0000067959   0.0000006555  -0.0000090596  -0.0000014106
 9739   0.0000031437  -0.0000249169   0.0000144877   0.0000263635   0.0000274427
 9740  -0.0000415585  -0.0000559912  -0.0000237393  -0.0000232359  -0.0000169159
 9741   0.0000337801  -0.0000197150  -0.0000115604  -0.0000152291   0.0000120722
 9742   0.0000289829  -0.0000109037  -0.0000087166  -0.0000094739   0.0000493202
 9743   0.0000137602   0.0000002565   0.0000095377   0.0000329533  -0.0000588154
 9744  -0.0000160397   0.0000230912   0.0000156686   0.0000324418   0.0000232421
 9745  -0.0000767424  -0.0000633633   0.0000303344   0.0000001370   0.0000518628
 9746   0.0000369698   0.0000143052   0.0000357549  -0.0000082495   0.0000157330
 9747  -0.0000416289   0.0000086866   0.0000311736  -0.0000367875
 98 1   0.0002733388  -0.0002390241   0.0002857788  -0.0000253465  -0.0001221585
 98 2   0.0001001799   0.0002456670  -0.0001593382   0.0005322684  -0.0005925017
 98 3  -0.0002132397   0.0004581199   0.0003337316   0.0003207450  -0.0000232019
 98 4  -0.0001137171  -0.0002565767   0.0000229778   0.0000340807  -0.0005943588
 98 5   0.0009320481   0.0005614044  -0.0005684614   0.0001479814  -0.0004515616
 98 6  -0.0002404383   0.0001636117  -0.0001453620  -0.0000473711  -0.0004385115
 98 7  -0.0035248251  -0.0005524624   0.0068549957   0.0018104769   0.0006821433
 98 8   0.0024991512   0.0000327096   0.0002452592   0.0003980270  -0.0001609092
 98 9   0.0000113531  -0.0003666950   0.0002408329   0.0001428206  -0.0000984333
 9810   0.0004562552  -0.0057082800  -0.0094142997  -0.0001880874  -0.0001819607
 9811  -0.0005616384  -0.0004319308  -0.0000196325  -0.0001554305   0.0001860451
 9812   0.0002196516   0.0000057707   0.0004822072  -0.0001831055  -0.0000076647
 9813   0.0002665288  -0.0001462610  -0.0004839466  -0.0004215743  -0.0001043714
 9814   0.0002379573   0.0005594437   0.0002504837  -0.0002264588  -0.0006339863
 9815  -0.0000787360   0.0003092281  -0.0000360031   0.0000225192  -0.0003910277
 9816  -0.0002452349  -0.0006425764  -0.0002094932  -0.0000303969   0.0006379087
 9817   0.0000807923  -0.0003044673  -0.0000396333   0.0001407983  -0.0066840760
 9818  -0.0110485445  -0.0017504026   0.0065120071  -0.0110370680  -0.0017624169
 9819  -0.0001828648  -0.0006128281   0.0002113263   0.0005085324   0.0007137280
 9820  -0.0001678859   0.0077176912   0.0404952041   0.0002018580  -0.0007133668
 9821   0.0010416155   0.0001329806   0.0006460025   0.0001385092   0.0004870449
 9822  -0.0001420267  -0.0006248548  -0.0001739105  -0.0051728282  -0.0111833024
 9823   0.0015756242  -0.0006303788  -0.0001615763  -0.0000302569  -0.0001322194
 9824   0.0002198223   0.0002027413  -0.0000993696  -0.0002818211   0.0002449214
 9825  -0.0000063003  -0.0001537036  -0.0000268438  -0.0002690527  -0.0002357530
 9826  -0.0007606530   0.0002833859   0.0005954617  -0.0004885885   0.0005526181
 9827  -0.0000480185   0.0003607212  -0.0004791125  -0.0000614160   0.0001885949
 9828   0.0002221670  -0.0005459637   0.0002130272  -0.0014524599   0.0006398898
 9829  -0.0000542859   0.0006240152   0.0002583354   0.0002880062  -0.0002052927
 9830   0.0001974695  -0.0001833365   0.0011251314  -0.0006011163  -0.0002176301
 9831  -0.0004838578   0.0002302096  -0.0001552210   0.0001945271  -0.0002331411
 9832  -0.0004661858   0.0001997395   0.0005753272   0.0002873237  -0.0005184590
 9833  -0.0002606074   0.0004010115   0.0005207685   0.0004569117  -0.0003531930
 9834   0.0000208386  -0.0001659678  -0.0000782757   0.0000739098  -0.0004211371
 9835   0.0001201505   0.0004139461  -0.0000613257   0.0000238684  -0.0001115005
 9836  -0.0003582040  -0.0001994019  -0.0001568117  -0.0000224088   0.0000156738
 9837   0.0000072942   0.0000048469   0.0001806635  -0.0000127322  -0.0000401385
 9838   0.0000625284  -0.0000209831   0.0000086115   0.0000023517  -0.0000096831
 9839   0.0000089527  -0.0000142770  -0.0000089651   0.0000116742   0.0001775259
 9840  -0.0002253059  -0.0000727592   0.0006154295   0.0000030611   0.0000021492
 9841   0.0000059394   0.0000009569  -0.0000144215  -0.0000542371  -0.0000153917
 9842  -0.0000087100   0.0000182745  -0.0000204657  -0.0000163286   0.0000448792
 9843   0.0000209711  -0.0000263121  -0.0000174164   0.0000071253  -0.0000113502
 9844   0.0000802335   0.0000217596  -0.0000229709  -0.0000282745   0.0000791175
 9845   0.0000931156   0.0001965348   0.0000117406   0.0000107164  -0.0000006260
 9846  -0.0000742711   0.0000589329  -0.0000430469  -0.0001067357   0.0001244762
 9847  -0.0001648041  -0.0000096136   0.0000108910   0.0000590502
 99 1   0.0001311375   0.0002031366   0.0000720547   0.0001856304  -0.0000430158
 99 2   0.0003853804   0.0000136279  -0.0001302635   0.0006327598  -0.0004256767
 99 3  -0.0002528693   0.0004170176   0.0004336674  -0.0002791752   0.0004916753
 99 4   0.0001054659  -0.0000040434  -0.0001189829  -0.0000453133   0.0004447333
 99 5  -0.0002631779   0.0002155760   0.0000963271  -0.0004011635  -0.0004336749
 99 6  -0.0001455600  -0.0002470688   0.0000737536  -0.0000733278  -0.0000411137
 99 7   0.0113803114   0.0049163655  -0.0154491217  -0.0052628408   0.0031778738
 99 8  -0.0062954125   0.0003624461  -0.0002287498  -0.0001140661  -0.0004694774
 99 9  -0.0002100089   0.0001275447   0.0000921283  -0.0004444032  -0.0001336880
 9910   0.0014092097  -0.0101667623  -0.0119549655  -0.0010294923  -0.0000495387
 9911   0.0004902840  -0.0004528171   0.0000393031   0.0002995728   0.0003185859
 9912   0.0003480588  -0.0003804696  -0.0004888856   0.0002521006  -0.0000916374
 9913   0.0002651490   0.0000123034   0.0004697102  -0.0002453159  -0.0001081122
 9914   0.0002047482  -0.0000311959   0.0004367072   0.0001349158  -0.0001138476
 9915   0.0003397525   0.0008357128  -0.0002037918   0.0000474302  -0.0003950803
 9916  -0.0005331956  -0.0000140154   0.0000746324   0.0006929198   0.0004057887
 9917   0.0003972948  -0.0001155031   0.0006502916  -0.0002517412   0.0006287367
 9918   0.0013996138   0.0000171185  -0.0007078999   0.0014837773   0.0000124053
 9919   0.0000899355   0.0002548389   0.0000435318  -0.0004619537  -0.0001687141
 9920  -0.0001944888  -0.0028823346   0.0002018580   0.0323702911  -0.0006894406
 9921  -0.0003674015  -0.0002166587  -0.0006590807  -0.0001488278  -0.0006052165
 9922   0.0001059017   0.0003662637  -0.0002763577  -0.0011545477  -0.0010759127
 9923   0.0000001165  -0.0002117804  -0.0000222309  -0.0003722138   0.0005751770
 9924  -0.0002709926  -0.0001245472  -0.0003558963  -0.0009156824  -0.0003092877
 9925  -0.0002748181  -0.0004012082  -0.0001495509   0.0008654330  -0.0003223956
 9926  -0.0001401295  -0.0001337217   0.0001674489  -0.0000046126  -0.0004181218
 9927   0.0004620959   0.0001647938   0.0005079999  -0.0000994680   0.0006258632
 9928  -0.0005907350   0.0008022049  -0.0002426632   0.0007343781  -0.0004137284
 9929  -0.0001520827  -0.0004983787  -0.0003978631  -0.0002090867   0.0002475759
 9930  -0.0003134272   0.0000370386  -0.0004978341   0.0004346370   0.0001593884
 9931   0.0001249056   0.0003562095  -0.0000331765   0.0001693924  -0.0000496622
 9932   0.0000266212  -0.0001361141  -0.0002465491   0.0000320542   0.0001391239
 9933   0.0002417657  -0.0000709061  -0.0005614133  -0.0001724386   0.0001660457
 9934   0.0001804263  -0.0001881046  -0.0000121609   0.0000948284  -0.0001178607
 9935   0.0000454439  -0.0002760720   0.0000214804   0.0000825316  -0.0000888532
 9936   0.0002596729   0.0003169183   0.0002256324  -0.0000933274   0.0001386107
 9937   0.0000856625   0.0001738374   0.0002518232   0.0000192763   0.0000646984
 9938   0.0000524084   0.0000232739   0.0000019323  -0.0000086352  -0.0000119018
 9939  -0.0000424205   0.0000519874  -0.0000024661  -0.0000393305  -0.0000160829
 9940   0.0000967358  -0.0000708509  -0.0000295213  -0.0000099523  -0.0000955406
 9941  -0.0001463323  -0.0000143944   0.0000052027   0.0000128673   0.0000149188
 9942  -0.0000432412  -0.0000060360   0.0000308991  -0.0000082881  -0.0000133105
 9943  -0.0000166410  -0.0000326182  -0.0000104534   0.0000065229   0.0000870229
 9944   0.0000045723   0.0000037089  -0.0000051298   0.0000047200  -0.0000482982
 9945   0.0001141370   0.0000514249  -0.0000257716   0.0000169392  -0.0000082687
 9946   0.0000063363   0.0000098097  -0.0000863511  -0.0000439156   0.0000202772
 9947  -0.0001172927  -0.0000330251  -0.0000428358  -0.0000087675
100 1   0.0000951194  -0.0004312497   0.0002481879  -0.0003850415  -0.0001050320
100 2   0.0001705543  -0.0000230783   0.0000981295   0.0000496301  -0.0004385475
100 3   0.0003212076  -0.0002131205   0.0002065951   0.0006831013  -0.0005478322
100 4   0.0000898155  -0.0002733070  -0.0005095751  -0.0000775404  -0.0001610184
100 5   0.0002757282   0.0003942819  -0.0005257438  -0.0000124612  -0.0003571640
100 6   0.0001729904   0.0001909290  -0.0000575251   0.0000826983  -0.0003471369
100 7  -0.0003548691   0.0003013774   0.0001345517  -0.0017757026  -0.0014670983
100 8   0.0053000994  -0.0019035013   0.0025771919  -0.0053699058  -0.0002851148
100 9   0.0001541069  -0.0004786026  -0.0000358323   0.0001377895  -0.0004151503
10010  -0.0009080825  -0.0001252635   0.0000219905   0.0013982094  -0.0003161532
10011  -0.0003302901  -0.0003841283  -0.0002099967  -0.0010841445   0.0002120099
10012   0.0001190237   0.0001539703   0.0008529301   0.0002628357   0.0001868997
10013   0.0002517354   0.0003514461  -0.0004187821   0.0000542807   0.0001174190
10014   0.0002896941   0.0002325753   0.0002744677   0.0000150812  -0.0001094640
10015  -0.0002652173  -0.0000038026   0.0001004426   0.0006457751  -0.0000476817
10016   0.0000125984   0.0001650080  -0.0002659913  -0.0007994374   0.0003682627
10017   0.0000101606  -0.0001286451  -0.0003839243   0.0004843467  -0.0006448881
10018  -0.0005789758   0.0000337620  -0.0037509074  -0.0077535081  -0.0008671590
10019  -0.0034944938   0.0062206496   0.0013538247   0.0005522704   0.0007950476
10020  -0.0001663724  -0.0159270634  -0.0007133668  -0.0006894406   0.0485011863
10021   0.0001761448   0.0002917867  -0.0148117534   0.0008672336   0.0026559378
10022   0.0002529187  -0.0007622102  -0.0000561702  -0.0029481282   0.0071480607
10023   0.0000759296  -0.0028029614  -0.0077058107   0.0002302410  -0.0010164374
10024  -0.0000381263   0.0002190062   0.0000762316  -0.0002065701   0.0005763051
10025   0.0001890385  -0.0000042902  -0.0001218746  -0.0010372478   0.0000785243
10026  -0.0008490217   0.0003656842   0.0005022162  -0.0005805508   0.0009539847
10027  -0.0005508818   0.0003424347  -0.0007788395  -0.0000352448   0.0000212030
10028   0.0001069648  -0.0018550527   0.0003760830  -0.0028229971   0.0014062155
10029   0.0001877083   0.0014440903   0.0007305357   0.0005176740  -0.0006372728
10030   0.0006467735  -0.0003307222   0.0018418613  -0.0014641504  -0.0006248000
10031  -0.0004078723   0.0002674999  -0.0002165196  -0.0000035240  -0.0001471043
10032  -0.0006231126   0.0004676418   0.0010774884   0.0003624777  -0.0009289854
10033  -0.0007550433   0.0005491636   0.0013503032   0.0009133783  -0.0003726976
10034  -0.0002145361   0.0000894567  -0.0001126320   0.0001062350  -0.0007023510
10035   0.0001832196   0.0006201205  -0.0001128624   0.0001032428   0.0003443270
10036  -0.0009295059  -0.0004479595  -0.0003003203   0.0005905899  -0.0007341541
10037  -0.0000397351  -0.0000689732   0.0002020361  -0.0000334083  -0.0001074521
10038   0.0000541356  -0.0000437885   0.0000117315   0.0000127624  -0.0000130760
10039   0.0000386028  -0.0000296448  -0.0000022187   0.0000686532   0.0002062169
10040  -0.0002530841   0.0000062062   0.0006949245   0.0000028452   0.0000421528
10041   0.0000793952   0.0000030199   0.0000027340  -0.0000734061  -0.0000506985
10042   0.0000087488   0.0000489658  -0.0000506196  -0.0000099173   0.0000814885
10043   0.0000428767  -0.0000092952  -0.0000072206   0.0000206302  -0.0000970355
10044   0.0000684201   0.0000383661  -0.0000054478  -0.0000067574   0.0001184336
10045  -0.0000283488   0.0001317391   0.0000324381   0.0000156535   0.0000045900
10046  -0.0001217868   0.0001022254  -0.0000568388  -0.0001738865   0.0002338870
10047  -0.0002576726   0.0000021431   0.0000322881   0.0000727068
101 1   0.0000787241   0.0005909410  -0.0004112707   0.0003316806   0.0002099295
101 2   0.0000217039  -0.0004497829   0.0004809598   0.0000217784   0.0009440700
101 3   0.0001594820   0.0002368326  -0.0001085601  -0.0005468791   0.0010156656
101 4  -0.0001097093   0.0002514610   0.0005368521  -0.0000427607  -0.0001260374
101 5   0.0003884431   0.0000547452  -0.0001151884   0.0009584508   0.0002979689
101 6  -0.0004042461  -0.0000697856   0.0000443265  -0.0002840748   0.0003815362
101 7   0.0000689755  -0.0002999322   0.0004790637  -0.0019241278   0.0001024926
101 8   0.0036822414   0.0020956005  -0.0000591953   0.0035197140  -0.0000199734
101 9  -0.0002927944   0.0003255518   0.0002633781  -0.0001627183   0.0003437115
10110   0.0009539783   0.0005517859   0.0000334958  -0.0000674175  -0.0028166848
10111  -0.0061878998  -0.0007212765  -0.0000659771  -0.0000716745   0.0001296172
10112  -0.0000105547  -0.0000372952  -0.0003735996  -0.0003391940   0.0001014108
10113  -0.0000737750  -0.0003044058   0.0005045471  -0.0004917654  -0.0005335996
10114  -0.0003237937  -0.0000455517  -0.0000636298   0.0000755210  -0.0001153023
10115  -0.0000114115   0.0001072344   0.0000128536  -0.0005057668  -0.0001927027
10116  -0.0000159589  -0.0003245506  -0.0001662633   0.0003742367  -0.0004607668
10117  -0.0003778642   0.0002048687   0.0005877437  -0.0004656037   0.0001984729
10118  -0.0000360462  -0.0002851403  -0.0068041679  -0.0111019645  -0.0017894384
10119   0.0070788922  -0.0107692388  -0.0017900388  -0.0004510140  -0.0007441748
10120  -0.0001547919   0.0000291382   0.0010416155  -0.0003674015   0.0001761448
10121   0.0481335138  -0.0005732699  -0.0009145495   0.0007498116  -0.0009581912
10122  -0.0002394890   0.0005269611  -0.0001372202   0.0071681486  -0.0117262908
10123   0.0010484618  -0.0070718353  -0.0115062702   0.0007614201  -0.0001597218
10124   0.0001978083  -0.0003786407  -0.0002664743  -0.0000048977  -0.0004783670
10125  -0.0000774899  -0.0000292746   0.0000811739   0.0003156623  -0.0001426766
10126  -0.0000211061  -0.0000971988  -0.0000435573   0.0000919386  -0.0001595877
10127   0.0001576088   0.0001484199   0.0001268021  -0.0000448613   0.0000716331
10128   0.0001525054   0.0010494761  -0.0002646543   0.0013712409  -0.0007980786
10129  -0.0001031712  -0.0004586577  -0.0004019831  -0.0004859408   0.0000987387
10130  -0.0001282362   0.0001042490  -0.0007740379   0.0007404929   0.0004157288
10131   0.0000768734   0.0001296720   0.0000029747   0.0001732733   0.0000824508
10132   0.0003290664  -0.0003242861  -0.0006433138  -0.0001193179   0.0004427346
10133   0.0004791188  -0.0003724995  -0.0007310684  -0.0004153101   0.0002461208
10134   0.0001921250  -0.0001845893   0.0000252570  -0.0000016411   0.0001857824
10135  -0.0000635396  -0.0003684914   0.0001238126  -0.0001232047  -0.0002266854
10136   0.0002575144   0.0005050792   0.0001254213  -0.0003033407   0.0004822895
10137  -0.0000177821  -0.0000451142  -0.0000369066   0.0000208810   0.0000432614
10138   0.0000014207   0.0000110439   0.0000011057  -0.0000049698   0.0000039286
10139  -0.0000142772   0.0000094394   0.0000085988  -0.0000142599  -0.0000793801
10140   0.0000890323   0.0000511914  -0.0001036731   0.0000263427   0.0000001453
10141  -0.0000640427   0.0000054427  -0.0000016214   0.0000482681  -0.0000089656
10142  -0.0000250106   0.0000094931   0.0000452423   0.0000052973  -0.0000551498
10143  -0.0000349835  -0.0000041944  -0.0000202330  -0.0000125653   0.0000769298
10144  -0.0000116360  -0.0000142361  -0.0000025457  -0.0000073145  -0.0000470659
10145   0.0000711236   0.0000134231  -0.0000181156  -0.0000088624  -0.0000061775
10146   0.0000317726  -0.0000277462  -0.0000174728   0.0000321498  -0.0001071220
10147   0.0000581071  -0.0000159609  -0.0000370231  -0.0000106753
102 1   0.0000283160   0.0004343358  -0.0003426545   0.0002637314   0.0001565162
102 2  -0.0001510687  -0.0004547568  -0.0001244979   0.0001490639   0.0006353325
102 3  -0.0004016070   0.0003147446   0.0000604381  -0.0005541368   0.0007476063
102 4  -0.0000961411   0.0003095088   0.0003565302   0.0003898361   0.0002420060
102 5  -0.0000732056  -0.0000924116   0.0011601576   0.0000247421  -0.0003233409
102 6  -0.0000943880  -0.0005432008   0.0001023156  -0.0002923934   0.0003330076
102 7   0.0002504313  -0.0006712404   0.0000450415   0.0054234249   0.0026465726
102 8  -0.0073224786  -0.0050304435   0.0029200811  -0.0080616688  -0.0004405808
102 9  -0.0002205063   0.0000317001   0.0002983460  -0.0001632907   0.0002278157
10210   0.0011782099   0.0003285393   0.0004408795  -0.0001578908  -0.0061711259
10211  -0.0071004249  -0.0009766325  -0.0001917397   0.0005786499   0.0004481936
10212   0.0001964575  -0.0003915516  -0.0003772416  -0.0000149845   0.0000462421
10213  -0.0002764638  -0.0000842351   0.0006625649  -0.0001038625  -0.0004545856
10214  -0.0003308560  -0.0001509534   0.0001408646  -0.0000896920  -0.0000343683
10215  -0.0000979357   0.0005733139  -0.0000744180  -0.0007326222  -0.0001221965
10216  -0.0003600703  -0.0003582924   0.0001671305   0.0007224868   0.0001434267
10217  -0.0000423386   0.0000539028   0.0007349703  -0.0004141714   0.0003385132
10218   0.0001365312   0.0000235118   0.0005938652   0.0018224953  -0.0001243231
10219  -0.0004896266   0.0019678540   0.0003284435  -0.0009451605  -0.0005652067
10220   0.0000740490   0.0020016578   0.0001329806  -0.0002166587   0.0002917867
10221  -0.0005732699   0.0210331162  -0.0023697536  -0.0000747843  -0.0006821620
10222  -0.0000121874   0.0008219887  -0.0000854855   0.0004599681  -0.0010154869
10223  -0.0001042333  -0.0006259512  -0.0008271933  -0.0001243574   0.0002607080
10224  -0.0001532397  -0.0003414364  -0.0002995764  -0.0005339501  -0.0005471262
10225  -0.0001483700  -0.0000204449   0.0000737455   0.0005236701  -0.0001090260
10226   0.0003350159  -0.0001775684  -0.0002211277   0.0001173694  -0.0001450618
10227   0.0004128852  -0.0001180705   0.0003918845  -0.0001652402   0.0002998628
10228   0.0000067069   0.0014619024  -0.0000872634   0.0016187863  -0.0009738985
10229  -0.0001110049  -0.0006861755  -0.0004585387  -0.0003877423   0.0002770327
10230  -0.0004488072   0.0000457564  -0.0009996454   0.0009504794   0.0003777655
10231   0.0000815744   0.0002073165  -0.0000301785   0.0001690437   0.0000644569
10232   0.0002918426  -0.0003253262  -0.0007298156  -0.0001371275   0.0004507403
10233   0.0006152173  -0.0003789732  -0.0008648068  -0.0004529473   0.0003618601
10234   0.0002248670  -0.0001913557   0.0000325698   0.0000711896   0.0000509512
10235  -0.0000198477  -0.0003360063   0.0001026954  -0.0001959272  -0.0006798546
10236   0.0005693471   0.0005267448   0.0002534601  -0.0006220336   0.0007505394
10237   0.0000140360  -0.0000494183  -0.0000915195   0.0000138132   0.0000622033
10238  -0.0000512532   0.0000125866  -0.0000006728   0.0000117990  -0.0000037765
10239  -0.0000227278   0.0000463015   0.0000058461  -0.0000206464  -0.0001662483
10240   0.0001527618   0.0000653734  -0.0002373918   0.0000297413  -0.0000163072
10241  -0.0000992756  -0.0000144930  -0.0000093425   0.0000586083   0.0000131729
10242  -0.0000244634   0.0000031068   0.0000530854  -0.0000117692  -0.0000421956
10243  -0.0000273055  -0.0000133076  -0.0000019236  -0.0000069092   0.0001073772
10244  -0.0000153863  -0.0000109253  -0.0000058033  -0.0000118646  -0.0000495961
10245   0.0001001677   0.0000121325  -0.0000359349   0.0000065520  -0.0000237922
10246   0.0000281677  -0.0000238778  -0.0000528224   0.0000325171  -0.0000763556
10247  -0.0000317070  -0.0000225604  -0.0000335716  -0.0000003674
103 1  -0.0001205221   0.0006026096  -0.0002410015   0.0005917540   0.0000065252
103 2  -0.0000064613  -0.0007323639  -0.0000956363   0.0002856389   0.0006379658
103 3  -0.0001767756   0.0002471357  -0.0000225517  -0.0007136577   0.0008751143
103 4  -0.0001652354   0.0001266074   0.0004687388  -0.0000009832  -0.0001667041
103 5  -0.0000293632  -0.0002448675   0.0005081753   0.0001567836  -0.0000400022
103 6  -0.0001097773  -0.0005885311  -0.0001280534  -0.0002303819  -0.0000227765
103 7   0.0000932326  -0.0004499707   0.0001183266  -0.0002448564  -0.0004289728
103 8   0.0003623714  -0.0014944834  -0.0024010455   0.0047037875  -0.0018686555
103 9   0.0018726804  -0.0051622754  -0.0002272517   0.0001733929  -0.0002471264
10310   0.0006973734   0.0004527333   0.0003561576  -0.0006490988   0.0005836071
10311   0.0008126817   0.0009074734   0.0000814629   0.0010147744  -0.0001258911
10312  -0.0001855461  -0.0007849181  -0.0007890725   0.0000200084   0.0000430515
10313  -0.0000817816  -0.0001420621   0.0006431326  -0.0000616468  -0.0000665446
10314  -0.0000977989  -0.0001862563  -0.0002690067   0.0000343458   0.0002782521
10315   0.0003400713   0.0007474724  -0.0001341542  -0.0005832660   0.0000225796
10316  -0.0000295698  -0.0000947123   0.0003236445   0.0006119765  -0.0000933063
10317  -0.0002130695   0.0001569475   0.0009836365  -0.0005614504   0.0003821905
10318   0.0003199812  -0.0000093369  -0.0002849854   0.0002162938   0.0000004769
10319  -0.0029299126  -0.0064904234  -0.0009677457  -0.0050145035   0.0061542152
10320   0.0010007040   0.0001583671   0.0006460025  -0.0006590807  -0.0148117534
10321  -0.0009145495  -0.0023697536   0.0489366487  -0.0003533352  -0.0007604167
10322  -0.0156730139   0.0021046090   0.0012761853  -0.0007672692  -0.0001144608
10323  -0.0004721800  -0.0038847718   0.0073425846  -0.0003586272  -0.0018813099
10324  -0.0075394928   0.0000828025  -0.0006983275  -0.0008858788  -0.0008643317
10325  -0.0000814895   0.0000848863   0.0001468228   0.0006852060  -0.0002098036
10326   0.0004722221  -0.0002280207  -0.0001710318   0.0002729375  -0.0006318378
10327   0.0002781827  -0.0001538669   0.0006051388  -0.0000443476   0.0001571609
10328  -0.0002357720   0.0016511261  -0.0004347729   0.0021532031  -0.0013472533
10329  -0.0001817469  -0.0009418156  -0.0006209087  -0.0005032108   0.0003430526
10330  -0.0004026797   0.0001709218  -0.0013296479   0.0011758915   0.0005214793
10331   0.0002954667   0.0000194103   0.0001252779   0.0000836497   0.0001964287
10332   0.0005491171  -0.0004598962  -0.0009734004  -0.0002897154   0.0007480406
10333   0.0007373542  -0.0005380585  -0.0011711326  -0.0006645867   0.0004177125
10334   0.0001995638  -0.0000760602   0.0000602531   0.0000195145   0.0003520442
10335  -0.0000086913  -0.0006176325   0.0001226199  -0.0000652432  -0.0001549234
10336   0.0005979870   0.0005933064   0.0002732770  -0.0004567381   0.0005162123
10337   0.0000118450  -0.0000626474  -0.0002080617   0.0000244548   0.0000646264
10338  -0.0000665826   0.0000319387  -0.0000049250  -0.0000011393   0.0000074922
10339  -0.0000293445   0.0000314652  -0.0000141297  -0.0000491597  -0.0001370131
10340   0.0001431098   0.0000374551  -0.0003470059   0.0000073335  -0.0000186380
10341  -0.0000925146  -0.0000017594  -0.0000018982   0.0000738214   0.0000275070
10342  -0.0000186551  -0.0000160280   0.0000486495   0.0000071991  -0.0000795583
10343  -0.0000303326  -0.0000155799   0.0000147836  -0.0000046646   0.0000871821
10344  -0.0000569301  -0.0000272117   0.0000028889   0.0000051438  -0.0000626160
10345   0.0000080681  -0.0000595593  -0.0000492899   0.0000043565  -0.0000242444
10346   0.0000786843  -0.0000866896   0.0000004758   0.0000971594  -0.0001498644
10347   0.0000280043  -0.0000011519  -0.0000531850  -0.0000528356
104 1   0.0000332595   0.0000690462  -0.0001545608  -0.0000380542   0.0002125318
104 2  -0.0000614015   0.0003393483   0.0001396118  -0.0002649581  -0.0000337580
104 3  -0.0001466795   0.0000132299  -0.0003289324  -0.0000315733  -0.0002625491
104 4   0.0000720855   0.0003484111   0.0000777228   0.0000574134   0.0000760818
104 5  -0.0001377049  -0.0002948389  -0.0000571815   0.0001443625   0.0001653004
104 6  -0.0004664058   0.0008883333   0.0001989283  -0.0001367539   0.0001013198
104 7  -0.0004484759  -0.0001343522   0.0003064251  -0.0000519405  -0.0004174638
104 8   0.0003147752  -0.0019472532   0.0000962070   0.0027139704   0.0020346909
104 9   0.0003376391   0.0040467587  -0.0000212107   0.0000850557   0.0003495127
10410   0.0001727627   0.0003017768   0.0001871101   0.0003017273   0.0001302124
10411  -0.0003618464   0.0002046324  -0.0034804568  -0.0065692592  -0.0004913872
10412  -0.0000654657  -0.0002402656  -0.0002611259  -0.0001297966   0.0000854142
10413  -0.0002688803   0.0001565233   0.0004832210  -0.0002642294  -0.0003774072
10414  -0.0005571074   0.0001646082  -0.0005846674  -0.0004413869   0.0001004942
10415   0.0000538946  -0.0000597928  -0.0001292359  -0.0001428984   0.0000549820
10416   0.0001295490  -0.0002502593   0.0000786238   0.0002855224  -0.0004430192
10417  -0.0000437945  -0.0002927707  -0.0006054793   0.0000232092   0.0002471922
10418   0.0000969070   0.0001048064  -0.0000442870  -0.0000813944   0.0001906529
10419  -0.0074529659  -0.0108492504  -0.0015944023   0.0075276802  -0.0114497621
10420  -0.0008723158  -0.0000586464   0.0001385092  -0.0001488278   0.0008672336
10421   0.0007498116  -0.0000747843  -0.0003533352   0.0487397723  -0.0005302992
10422  -0.0001838066   0.0013436629  -0.0001713090   0.0004367010   0.0000281915
10423  -0.0001929708   0.0063222114  -0.0118162214   0.0013545067  -0.0063162880
10424  -0.0118000164   0.0012160702  -0.0003984501   0.0003497018  -0.0003306007
10425  -0.0001748268  -0.0002100701  -0.0000162889   0.0003829563  -0.0000096692
10426   0.0000649154  -0.0000843865  -0.0001506093   0.0001470461  -0.0001837743
10427   0.0003618733   0.0000890992  -0.0001919506   0.0000956415  -0.0001393525
10428   0.0003861638   0.0005736201  -0.0004337203   0.0009982804  -0.0004879151
10429  -0.0000021194  -0.0005706670  -0.0002042299  -0.0001544106   0.0003349502
10430  -0.0002597456   0.0001956162  -0.0006977397   0.0005039004   0.0001857366
10431   0.0000686972  -0.0000069342   0.0000030762   0.0000171906  -0.0001257729
10432   0.0000772120  -0.0001035026  -0.0001677131  -0.0000885010   0.0002383084
10433   0.0001617980   0.0000427540  -0.0005442781  -0.0003557742  -0.0002040971
10434   0.0001412108  -0.0001660614  -0.0000391165  -0.0001013369   0.0004728298
10435  -0.0000840015  -0.0003027515   0.0000022233   0.0000327947  -0.0000569612
10436   0.0003169977   0.0003761317   0.0001863562  -0.0002573513   0.0001193395
10437   0.0000039969   0.0001142786   0.0000878526   0.0000155507   0.0000574725
10438   0.0000403875   0.0000167061  -0.0000072678  -0.0000199205   0.0000167359
10439  -0.0000076290  -0.0000164274   0.0000153068  -0.0000160433  -0.0000428328
10440   0.0000266029  -0.0000329854  -0.0001947012   0.0000065158  -0.0000039772
10441  -0.0000003474   0.0000035147   0.0000137488  -0.0000116149   0.0000203446
10442  -0.0000028233  -0.0000202727   0.0000035926  -0.0000210318   0.0000180003
10443  -0.0000077971  -0.0000061013  -0.0000044046  -0.0000040150   0.0000260013
10444   0.0000131212  -0.0000202347  -0.0000074486  -0.0000040594  -0.0000080034
10445   0.0000614758   0.0000724484  -0.0000130359  -0.0000106928  -0.0000074670
10446   0.0000656962  -0.0000664767   0.0000740479   0.0001188741  -0.0001372351
10447   0.0002208517   0.0000162417  -0.0000273455  -0.0000416455
105 1  -0.0003052818   0.0003496939  -0.0002563000   0.0001611229   0.0004459895
105 2  -0.0000427319  -0.0001803428   0.0001607681   0.0002234517   0.0007074252
105 3  -0.0005650029   0.0003988818  -0.0003471324  -0.0008492097   0.0006001314
105 4   0.0000830218  -0.0001518094   0.0003890177   0.0000510345  -0.0000514944
105 5  -0.0003013527  -0.0000738795   0.0005663291  -0.0003266655  -0.0000343955
105 6   0.0005994488  -0.0003454830  -0.0001642036  -0.0000996691  -0.0001771740
105 7   0.0002503709  -0.0005987368   0.0002869610   0.0000187167  -0.0003128229
105 8  -0.0000611772   0.0056225301   0.0022953970  -0.0065111383  -0.0061075241
105 9   0.0035821782  -0.0079555549   0.0000017643   0.0000518397  -0.0000335897
10510   0.0007304115   0.0008794456   0.0006747386   0.0001342701   0.0001891858
10511   0.0002607593   0.0001310171  -0.0072407304  -0.0074274420  -0.0003171948
10512  -0.0002561904  -0.0000999912  -0.0004277906   0.0004118293   0.0001775830
10513  -0.0004347756   0.0000489314   0.0010069457  -0.0003836567  -0.0003952019
10514  -0.0004972724  -0.0000576346  -0.0002505070  -0.0002427344   0.0006140844
10515   0.0000486243   0.0004077355  -0.0002256555  -0.0005400680   0.0000533468
10516  -0.0001448686  -0.0001138885   0.0000876664   0.0009228551  -0.0001040874
10517  -0.0001629035  -0.0002323796   0.0004144683  -0.0004435062   0.0004540656
10518   0.0001523610  -0.0001393513   0.0000274570   0.0003695896   0.0002201438
10519   0.0007689305   0.0023491396  -0.0003337207  -0.0015666927   0.0010377406
10520   0.0005997559   0.0003817519   0.0004870449  -0.0006052165   0.0026559378
10521  -0.0009581912  -0.0006821620  -0.0007604167  -0.0005302992   0.0200864370
10522  -0.0014880413   0.0008810100   0.0003609173  -0.0003876258  -0.0001105167
10523  -0.0003902894   0.0005886491  -0.0010934334   0.0000523601  -0.0001314532
10524  -0.0011100442  -0.0000476266  -0.0003582528  -0.0001987960  -0.0005307823
10525  -0.0003000777  -0.0000191309   0.0001343820   0.0015614630  -0.0002823326
10526   0.0009346398  -0.0004431938  -0.0004627758   0.0006026743  -0.0012046368
10527   0.0008906554  -0.0002058170   0.0007771160   0.0000437906   0.0001066293
10528   0.0002602647   0.0030056657  -0.0010412408   0.0038160889  -0.0022465958
10529  -0.0004434627  -0.0018897658  -0.0010637400  -0.0008427288   0.0007823931
10530  -0.0009939427   0.0004048040  -0.0021441176   0.0021832912   0.0011715470
10531   0.0001205927  -0.0001225504   0.0001674066   0.0002350524  -0.0000157163
10532   0.0005413959  -0.0006301418  -0.0014332615  -0.0004293364   0.0010176944
10533   0.0012554650  -0.0003938242  -0.0021650082  -0.0012888645   0.0003063643
10534   0.0004418966  -0.0003067995   0.0000306748   0.0000351941   0.0008858131
10535  -0.0002352694  -0.0009205024   0.0001545262   0.0000726834  -0.0005627244
10536   0.0014102566   0.0006666144   0.0004416430  -0.0008953393   0.0016427481
10537   0.0000712378   0.0000107031  -0.0002392076   0.0000360398   0.0001338208
10538  -0.0001139955   0.0000590086  -0.0000119123   0.0000034694   0.0000287164
10539  -0.0000498625   0.0000496945  -0.0000171532  -0.0001055422  -0.0002720504
10540   0.0002797580   0.0000169881  -0.0008049379   0.0000159684  -0.0000510673
10541  -0.0000975729  -0.0000171443   0.0000160543   0.0000959879   0.0000777926
10542  -0.0000326239  -0.0000500805   0.0000635863   0.0000042860  -0.0000574560
10543  -0.0000478930  -0.0000326746   0.0000397724  -0.0000212773   0.0001601627
10544  -0.0000730999  -0.0000419089  -0.0000081769  -0.0000125791  -0.0000414764
10545   0.0001067906   0.0000300581  -0.0000561000  -0.0000257210  -0.0000089901
10546   0.0001123315  -0.0001452232  -0.0000047741   0.0001170463  -0.0003213869
10547   0.0001933282  -0.0000239815  -0.0001533443  -0.0001411184
106 1  -0.0001946434  -0.0001072367  -0.0002261673  -0.0001916162   0.0004383687
106 2  -0.0001909055   0.0006332165   0.0001241129  -0.0002105628  -0.0000994669
106 3  -0.0003303365   0.0002758364  -0.0003187819  -0.0001967053  -0.0000752169
106 4   0.0002086417   0.0001555660   0.0000375886   0.0000918734   0.0001994040
106 5  -0.0001703634   0.0000175177   0.0000257471   0.0001060055  -0.0000333215
106 6  -0.0000375467   0.0003750331  -0.0000932350   0.0000187518   0.0003146853
106 7  -0.0002755320   0.0000029555   0.0002225734  -0.0001463447  -0.0002570982
106 8  -0.0000402409  -0.0001484399  -0.0002426532   0.0000843616  -0.0012732838
106 9  -0.0016199736   0.0039868447  -0.0030525329   0.0025923366  -0.0053337908
10610   0.0000544514   0.0001871913   0.0001141929   0.0000816895   0.0002148169
10611  -0.0000047045  -0.0004670322   0.0002876749   0.0004729775   0.0012729005
10612   0.0004526978   0.0010669377  -0.0000147620   0.0000847209   0.0002237490
10613   0.0000926910  -0.0000247891   0.0002621941  -0.0003465244  -0.0001158314
10614  -0.0002853314   0.0001428392   0.0001666978  -0.0001234536  -0.0002918564
10615  -0.0002692468  -0.0006723006  -0.0001582595  -0.0001905105   0.0001637630
10616   0.0000585857  -0.0001701649   0.0000013971   0.0003378554  -0.0001770144
10617   0.0000833297  -0.0001300178  -0.0003447738  -0.0000134109   0.0003058299
10618   0.0000792445   0.0000780096  -0.0000145478   0.0002983301   0.0001555194
10619  -0.0002717923   0.0000391107  -0.0002224902  -0.0031433532  -0.0066948156
10620  -0.0009416862   0.0001302156  -0.0001420267   0.0001059017   0.0002529187
10621  -0.0002394890  -0.0000121874  -0.0156730139  -0.0001838066  -0.0014880413
10622   0.0300051381   0.0027144768   0.0006787713  -0.0001208259   0.0001590042
10623  -0.0000953195  -0.0006607843   0.0002209128   0.0001785885  -0.0030342137
10624   0.0078252105   0.0000361596  -0.0034826161  -0.0050226995   0.0010678295
10625  -0.0001285659  -0.0001554763  -0.0000433721   0.0002753407   0.0000573816
10626   0.0000673464  -0.0000633426  -0.0001369077   0.0001509706  -0.0001536874
10627   0.0002058818   0.0000182949  -0.0000528946   0.0000585142  -0.0000608454
10628   0.0001117880   0.0002518521  -0.0002733448   0.0005327737  -0.0002080656
10629  -0.0000321463  -0.0003152697  -0.0000931516  -0.0001001617   0.0001601000
10630  -0.0001618598   0.0001187586  -0.0003729712   0.0002603776   0.0001003442
10631   0.0000892832   0.0000171663   0.0000644797   0.0000215859  -0.0000476413
10632   0.0000684443  -0.0000676355  -0.0001111889  -0.0000408464   0.0002955311
10633   0.0000977630  -0.0000244058  -0.0003512892  -0.0002971093   0.0000434660
10634   0.0000689260  -0.0001479521  -0.0000312944  -0.0000556000   0.0001876705
10635  -0.0001934572  -0.0001913554   0.0000047871  -0.0000740771  -0.0000530597
10636   0.0001300095   0.0001080325   0.0001071626  -0.0000514064   0.0000705553
10637   0.0000194406   0.0001060141   0.0000869102   0.0000057174   0.0000387550
10638   0.0000356676   0.0000092275  -0.0000045819  -0.0000110609   0.0000133526
10639  -0.0000083192  -0.0000172554   0.0000119754  -0.0000120661  -0.0000290686
10640   0.0000093495  -0.0000172728  -0.0001806018  -0.0000021836  -0.0000018687
10641  -0.0000032837   0.0000157917   0.0000118306  -0.0000093569   0.0000148595
10642   0.0000089691  -0.0000037212   0.0000023224  -0.0000039974  -0.0000062676
10643  -0.0000067070   0.0000130532  -0.0000154498  -0.0000237703   0.0000422065
10644   0.0000166742  -0.0000198391  -0.0000100061  -0.0000176985  -0.0000062402
10645   0.0001180826   0.0000469750   0.0000076109  -0.0000127422   0.0000128417
10646   0.0000197263   0.0000116534   0.0000115231   0.0000365079  -0.0000800020
10647   0.0001532073  -0.0000135281   0.0000190340   0.0000071480
107 1   0.0000804548  -0.0003289159   0.0001190866  -0.0000646319  -0.0000914557
107 2   0.0001390834   0.0009898071  -0.0003203413  -0.0001206574  -0.0014883388
107 3   0.0000197560  -0.0001759659   0.0001713781   0.0009947456  -0.0008681005
107 4   0.0001242409  -0.0002683153  -0.0007720824   0.0002821257   0.0000351520
107 5  -0.0000946646   0.0001700051  -0.0007154879  -0.0000165919  -0.0000907205
107 6  -0.0000668454   0.0008693925  -0.0000435319   0.0000457984  -0.0007490803
107 7  -0.0002393193   0.0009096835  -0.0000308130   0.0001063155   0.0002207185
107 8  -0.0000475014  -0.0005451652   0.0004312942   0.0001550186  -0.0009267751
107 9   0.0004834658   0.0013163618   0.0022415826  -0.0002707511   0.0037847628
10710  -0.0010404928  -0.0003412117  -0.0003486755   0.0001765298  -0.0004708053
10711  -0.0001490809   0.0008289074  -0.0000257856  -0.0005064416  -0.0003171851
10712  -0.0046127886  -0.0088089884   0.0002004829  -0.0000403001   0.0000714343
10713   0.0002421956  -0.0000034694  -0.0009468667  -0.0001648430   0.0000617735
10714   0.0006356971   0.0004012847   0.0000582568  -0.0001683464  -0.0000891797
10715  -0.0001163812  -0.0012249310  -0.0001460949   0.0007246271   0.0001030532
10716  -0.0000238312   0.0000450914   0.0000351482  -0.0002045789  -0.0001294051
10717   0.0006982147  -0.0002478379  -0.0013288119   0.0003649061  -0.0002054783
10718   0.0000795916  -0.0000900067  -0.0001361033   0.0001291742   0.0000370679
10719  -0.0010493037  -0.0005204514   0.0003626522  -0.0030576030  -0.0099079947
10720  -0.0014535263  -0.0002584490  -0.0006248548   0.0003662637  -0.0007622102
10721   0.0005269611   0.0008219887   0.0021046090   0.0013436629   0.0008810100
10722   0.0027144768   0.0370976964   0.0019388351   0.0003153894   0.0001967876
10723   0.0005288853   0.0004265020  -0.0003373025  -0.0000830890   0.0069571043
10724  -0.0119173471   0.0014905410  -0.0075936304  -0.0109945101   0.0024622211
10725   0.0000642966  -0.0001816587  -0.0001887372  -0.0006902370   0.0000940563
10726  -0.0008253187   0.0002967305   0.0003998149  -0.0003242727   0.0008215651
10727  -0.0001128800   0.0002354943  -0.0007515090   0.0000228080  -0.0000901106
10728   0.0002995654  -0.0017792473   0.0004665895  -0.0022760141   0.0015381819
10729   0.0001137526   0.0008367233   0.0006127692   0.0006275211  -0.0001802275
10730   0.0004019812  -0.0001345806   0.0013185319  -0.0013286799  -0.0004182258
10731  -0.0002169557  -0.0001942088  -0.0002502106  -0.0001647971  -0.0002202006
10732  -0.0006687409   0.0005595961   0.0011987441   0.0003648591  -0.0011040702
10733  -0.0008824624   0.0009364609   0.0012173548   0.0007581286  -0.0007924691
10734  -0.0002010916   0.0001117833  -0.0000368378  -0.0000115444  -0.0002641197
10735   0.0000941115   0.0007571181  -0.0002437360   0.0003931906   0.0002450855
10736  -0.0004149096  -0.0008016848  -0.0002850501   0.0004876068  -0.0005911938
10737  -0.0000520780   0.0000785253   0.0003421513  -0.0000399248  -0.0000782016
10738   0.0000877038  -0.0000293969   0.0000036269  -0.0000152162  -0.0000113409
10739   0.0000390161  -0.0000462355   0.0000109944   0.0000257872   0.0002201898
10740  -0.0002128923  -0.0000734668   0.0004922141  -0.0000161363   0.0000152336
10741   0.0000913489   0.0000008278  -0.0000206146  -0.0001051242  -0.0000162264
10742  -0.0000062075   0.0000055166  -0.0000571597  -0.0000072524   0.0000785643
10743   0.0000237525  -0.0000048725  -0.0000151169   0.0000094972  -0.0001175332
10744   0.0000838091   0.0000317347  -0.0000088589  -0.0000071270   0.0000840332
10745  -0.0000517447   0.0000929090   0.0000402854  -0.0000029514   0.0000164649
10746  -0.0000663708   0.0000574201   0.0000376693  -0.0000767132   0.0001462128
10747   0.0000117274   0.0000039556   0.0000314058  -0.0000072599
108 1   0.0001035319  -0.0000032034   0.0000341814  -0.0000985387   0.0001346903
108 2   0.0001533586  -0.0000001700   0.0001082070   0.0001414392   0.0001253600
108 3  -0.0001563608   0.0002381872  -0.0002683355  -0.0001576821  -0.0001508025
108 4   0.0001226676  -0.0002881248  -0.0000752819   0.0001034170   0.0000235566
108 5   0.0000591202   0.0002745425  -0.0001054494   0.0000671849  -0.0001129484
108 6   0.0000911271   0.0001471886  -0.0000290125   0.0005555401   0.0000358512
108 7   0.0001282839   0.0000930913   0.0002890024  -0.0000453142   0.0001318214
108 8   0.0000761128   0.0003751000   0.0001221897  -0.0001374724   0.0041555919
108 9   0.0022610680  -0.0052594048  -0.0081452195   0.0058004701  -0.0121771872
10810  -0.0000087498   0.0000041325   0.0001347784  -0.0001013496  -0.0000672230
10811   0.0001199805   0.0003620660  -0.0003580136  -0.0000885758   0.0008849097
10812  -0.0091557353  -0.0104301064  -0.0003209832  -0.0002353600   0.0005977066
10813   0.0001222259  -0.0000035464   0.0001502789  -0.0002391267  -0.0000354167
10814   0.0001621431  -0.0000945809  -0.0000565040  -0.0006143289   0.0002839359
10815  -0.0000975182  -0.0003684358  -0.0000815128   0.0001032697  -0.0002716659
10816  -0.0003351262  -0.0000708231  -0.0001330029   0.0003187670   0.0001311848
10817  -0.0000433592  -0.0002233712  -0.0001655608   0.0000316842  -0.0000051285
10818  -0.0001606922  -0.0002118876  -0.0000743960   0.0003874398  -0.0002606939
10819  -0.0001758116   0.0001438251  -0.0000614566   0.0009165769   0.0016341241
10820   0.0001573936   0.0003703330  -0.0001739105  -0.0002763577  -0.0000561702
10821  -0.0001372202  -0.0000854855   0.0012761853  -0.0001713090   0.0003609173
10822   0.0006787713   0.0019388351   0.0263488071  -0.0000660422  -0.0000790906
10823  -0.0000445074   0.0001450824   0.0000391958  -0.0001909737   0.0007571323
10824  -0.0006238196   0.0005818412  -0.0010929056  -0.0013640914   0.0002335262
10825  -0.0001082845  -0.0001664700  -0.0000775417   0.0002718752  -0.0001386369
10826  -0.0002726656   0.0000505899   0.0002292802  -0.0000713826   0.0000262034
10827   0.0001869211   0.0000964862  -0.0000266182  -0.0000308519   0.0001188095
10828   0.0000491871   0.0000884585   0.0000289098  -0.0002851902   0.0000764373
10829   0.0000137906   0.0000352608   0.0000581683   0.0001049934   0.0000858274
10830  -0.0001584865  -0.0000243959   0.0003869482   0.0001647147   0.0000455394
10831  -0.0004215265  -0.0001735947  -0.0001165041   0.0002961906  -0.0002067925
10832  -0.0001764863  -0.0000616274  -0.0000171987   0.0000400932   0.0003235339
10833   0.0003422886   0.0002804963  -0.0005850909  -0.0002202508  -0.0000160619
10834   0.0002064126  -0.0004305757  -0.0000139690  -0.0000199558   0.0000880385
10835  -0.0000441898  -0.0001994814  -0.0000683775   0.0002952415   0.0002178669
10836   0.0003885147  -0.0000809469  -0.0000243133  -0.0001350869   0.0001133753
10837   0.0000192483   0.0000263432   0.0001379814  -0.0000042842   0.0000035244
10838   0.0000181124   0.0000018419   0.0000038209   0.0000065951   0.0000004816
10839  -0.0000037638   0.0000021628  -0.0000148012  -0.0000137959   0.0000424071
10840  -0.0000582320  -0.0000406670   0.0001352421   0.0000017194  -0.0000177572
10841  -0.0000214775  -0.0000069851  -0.0000015705  -0.0000241511  -0.0000013492
10842  -0.0000195757   0.0000061178  -0.0000183361  -0.0000159880   0.0000380852
10843  -0.0000010935   0.0000146904  -0.0000228126  -0.0000712518   0.0001249536
10844   0.0001290833  -0.0000363870  -0.0000467415  -0.0000892707   0.0000549912
10845   0.0003316617   0.0001772867  -0.0000106047  -0.0000337448  -0.0000138146
10846  -0.0000043048  -0.0000606752   0.0000348990   0.0000070312  -0.0001153192
10847  -0.0000021671  -0.0000051792  -0.0000490084  -0.0000375683
109 1  -0.0003996044  -0.0001449552  -0.0000396425  -0.0000369182   0.0003448607
109 2  -0.0001145283  -0.0000916449   0.0000748601  -0.0001016901   0.0002090996
109 3  -0.0001295458   0.0000151245  -0.0000469465  -0.0002576085   0.0002040698
109 4  -0.0000558716  -0.0001222199  -0.0000751904  -0.0001694323  -0.0001029790
109 5  -0.0001352545   0.0002801010   0.0001309196  -0.0000640373  -0.0001475331
109 6  -0.0000346511  -0.0002724473   0.0002918462  -0.0000836869   0.0003553957
109 7   0.0001394784  -0.0004309405   0.0002331005  -0.0000778338  -0.0000702040
109 8   0.0002156266  -0.0001452786  -0.0001970881  -0.0002269496  -0.0000263566
109 9   0.0001755925   0.0001218171  -0.0001627711  -0.0004677317   0.0001533184
10910  -0.0030362612  -0.0020739898   0.0067862095  -0.0017165456   0.0016568354
10911  -0.0036653638  -0.0000787743   0.0000619113  -0.0003147942  -0.0002679182
10912  -0.0000209722   0.0000249977  -0.0006029850   0.0006836523  -0.0000258412
10913   0.0016611741  -0.0011425707  -0.0014483343  -0.0005048006  -0.0000400286
10914   0.0000700869  -0.0001110215  -0.0000570090  -0.0000007415   0.0006083660
10915  -0.0000419710   0.0001736417   0.0000223509  -0.0001497762   0.0002316550
10916   0.0001491110   0.0001518246   0.0000829381   0.0000586193   0.0000728452
10917   0.0000004548   0.0001276118   0.0004959441  -0.0001615570   0.0001039079
10918  -0.0001756328   0.0002151947  -0.0000953404  -0.0003784996   0.0001625434
10919   0.0004956861  -0.0001332898   0.0001071657  -0.0005718383  -0.0002459848
10920  -0.0000498796  -0.0036050567  -0.0051728282  -0.0011545477  -0.0029481282
10921   0.0071681486   0.0004599681  -0.0007672692   0.0004367010  -0.0003876258
10922  -0.0001208259   0.0003153894  -0.0000660422   0.0261622242   0.0010757734
10923  -0.0021303408  -0.0142735878  -0.0009473393   0.0011516612  -0.0001669384
10924  -0.0001191653  -0.0001874607  -0.0000797745  -0.0000540306  -0.0001988991
10925  -0.0000932745  -0.0001044303  -0.0000807558   0.0000788591   0.0001696151
10926  -0.0000735368  -0.0000986093  -0.0001381806   0.0002223944  -0.0000197590
10927  -0.0001308112  -0.0000235997   0.0001680922  -0.0000024655   0.0001622347
10928  -0.0002159039   0.0001260468   0.0000458043  -0.0001805317  -0.0001237162
10929   0.0000836240   0.0002290098   0.0000199783   0.0000146297  -0.0001748093
10930   0.0000488451  -0.0000913912  -0.0000152320   0.0000656717  -0.0002678610
10931   0.0001700962   0.0000712979   0.0000517238  -0.0000192709  -0.0000189018
10932   0.0000841327  -0.0000073166   0.0000220461  -0.0000024614   0.0000634056
10933  -0.0001253248  -0.0001497535   0.0000683586  -0.0000421952   0.0002541807
10934  -0.0001037007   0.0000795782   0.0000224042  -0.0000327489  -0.0000216747
10935  -0.0000294603  -0.0001586903  -0.0000001099  -0.0000419243   0.0000982611
10936   0.0000932474   0.0002134408   0.0000452045  -0.0001280974  -0.0002195486
10937   0.0000204219   0.0000449992   0.0001023778   0.0000013785   0.0000083913
10938   0.0000228606  -0.0000019711  -0.0000059258  -0.0000009911  -0.0000045842
10939  -0.0000025109  -0.0000014030   0.0000083924   0.0000263991  -0.0000472893
10940   0.0000968098   0.0000296546  -0.0001735908   0.0000017746  -0.0000242304
10941  -0.0000283145   0.0000060709   0.0000010463   0.0000171025   0.0000100964
10942   0.0000086241   0.0000338608   0.0000132966  -0.0000045452  -0.0000046387
10943  -0.0000099335   0.0000051142  -0.0000168328   0.0000293071   0.0000133723
10944  -0.0000143098   0.0000102463   0.0000150246   0.0000343088  -0.0000087081
10945  -0.0000156984  -0.0000671042   0.0000045425   0.0000178133   0.0000241858
10946   0.0000297044   0.0000206090   0.0000037182   0.0000059391  -0.0000333096
10947   0.0000259573  -0.0000165433  -0.0000158065  -0.0000279753
110 1   0.0000372534  -0.0000174636   0.0000317561  -0.0001419562   0.0002839727
110 2   0.0000108976  -0.0002078230   0.0001973349  -0.0000413675   0.0001408389
110 3   0.0003037956  -0.0001574853   0.0002532321   0.0000141409   0.0000294242
110 4  -0.0000162157  -0.0002164935   0.0001217397  -0.0000748245   0.0001067255
110 5   0.0000046114   0.0000517873   0.0002774154  -0.0001368122  -0.0001306892
110 6   0.0000349977  -0.0000420285  -0.0000445331   0.0000663628   0.0000902100
110 7  -0.0000121214  -0.0001115283   0.0001815805   0.0000974502  -0.0006155664
110 8   0.0009123489   0.0003195315   0.0000194189   0.0002381089  -0.0001852985
110 9  -0.0002947924   0.0001609334   0.0001867564  -0.0000946936   0.0000061509
11010  -0.0030639491  -0.0006979919   0.0061618612   0.0012987216   0.0000637555
11011   0.0026502427  -0.0000947928  -0.0002284200   0.0001181719   0.0003170809
11012   0.0000871379  -0.0002131786   0.0000103771  -0.0001250398   0.0002340738
11013   0.0001591142  -0.0089422343  -0.0127430192  -0.0004172423  -0.0001011116
11014  -0.0000092794  -0.0001221365   0.0001684648  -0.0000484234   0.0000183185
11015   0.0000483522   0.0001214900   0.0000190378  -0.0001398307  -0.0003243969
11016  -0.0003218963   0.0000556549  -0.0001656674   0.0000905078   0.0002029937
11017  -0.0000339300   0.0000548860   0.0000625610  -0.0000748418  -0.0003839641
11018  -0.0006105772   0.0000138163   0.0001665124  -0.0005888037  -0.0001081068
11019   0.0000643907  -0.0000043526   0.0000308493  -0.0000297222  -0.0001134496
11020  -0.0001427076  -0.0070809247  -0.0111833024  -0.0010759127   0.0071480607
11021  -0.0117262908  -0.0010154869  -0.0001144608   0.0000281915  -0.0001105167
11022   0.0001590042   0.0001967876  -0.0000790906   0.0010757734   0.0333112524
11023   0.0055149991   0.0011806887   0.0001562656   0.0000417202   0.0000762383
11024   0.0000382815  -0.0001112980  -0.0003432021  -0.0001268100  -0.0000980069
11025  -0.0000157699   0.0001047953   0.0000428235   0.0001366244  -0.0000060336
11026   0.0001581271  -0.0000572861  -0.0001328991   0.0001695086  -0.0000683430
11027   0.0001290013   0.0000565297   0.0001426463  -0.0000592164   0.0000395743
11028  -0.0000539803   0.0003573820  -0.0001033345   0.0006818226  -0.0002770415
11029  -0.0000960226  -0.0002946289  -0.0001295613  -0.0003117890   0.0000268704
11030  -0.0001001432   0.0000664334  -0.0003856925   0.0002337965   0.0003275215
11031   0.0000653771   0.0000010262  -0.0000301840   0.0000576175   0.0001378017
11032   0.0001533912  -0.0001509430  -0.0002905272  -0.0000184691   0.0001382390
11033   0.0002139218  -0.0000497871  -0.0003219962  -0.0001363558   0.0000872999
11034   0.0001139881  -0.0000649699   0.0000178115   0.0000531420  -0.0000099636
11035  -0.0000081250  -0.0000101897   0.0000874762  -0.0000322479  -0.0000923707
11036   0.0000616910  -0.0000865710  -0.0000538386   0.0000656540   0.0002652261
11037  -0.0000111916  -0.0000928718  -0.0001171569   0.0000017548   0.0000129767
11038  -0.0000543970   0.0000094042  -0.0000018306   0.0000091552   0.0000100709
11039  -0.0000015831  -0.0000082742   0.0000042546  -0.0000235428  -0.0000680734
11040   0.0000627208   0.0000545068  -0.0001911809   0.0000014137   0.0000252256
11041  -0.0000026943  -0.0000094694   0.0000088645   0.0000149591   0.0000010953
11042  -0.0000104893  -0.0000153380   0.0000132661   0.0000112999  -0.0000226073
11043  -0.0000089930   0.0000060648  -0.0000026885  -0.0000191705   0.0000376292
11044  -0.0000076662  -0.0000085205  -0.0000068828  -0.0000099652  -0.0000312240
11045   0.0000319451  -0.0000182040  -0.0000190309   0.0000034822  -0.0000234522
11046  -0.0000129556  -0.0000110293  -0.0000369015  -0.0000134660   0.0000089949
11047  -0.0000321278  -0.0000210571  -0.0000237049  -0.0000045332
111 1  -0.0000358596   0.0003384606  -0.0001103081   0.0000847498   0.0001567283
111 2  -0.0000390827  -0.0000162773   0.0000109324   0.0001454135   0.0000924648
111 3  -0.0002976606   0.0002882380  -0.0001927898  -0.0001790672   0.0000836549
111 4  -0.0000513022   0.0000587343   0.0003047568  -0.0000205686  -0.0001781429
111 5   0.0000325979   0.0001365890   0.0000973064   0.0000030256  -0.0001208636
111 6   0.0001907566  -0.0000537154   0.0001634929  -0.0000654883   0.0001356242
111 7   0.0000791964  -0.0004090200  -0.0000568241  -0.0000393634   0.0003384344
111 8   0.0000278151   0.0002426946  -0.0002499686  -0.0003330814  -0.0002578811
111 9  -0.0001052319   0.0003448054   0.0003739337  -0.0000339549   0.0001605429
11110   0.0099107902   0.0056517493  -0.0123624965  -0.0053956645   0.0034276078
11111  -0.0055243284  -0.0000893561  -0.0000686831  -0.0002104754   0.0001653689
11112  -0.0000235109  -0.0000434287  -0.0003645507  -0.0001652993   0.0001948181
11113   0.0000368264  -0.0170669243  -0.0190204933  -0.0010087661  -0.0002797738
11114  -0.0000992295  -0.0000075325   0.0000392355  -0.0001016548   0.0001000358
11115   0.0000758999   0.0002441629  -0.0000632517  -0.0002849282  -0.0001297679
11116  -0.0001264881   0.0000113952   0.0001073927   0.0002941018   0.0000578815
11117  -0.0000859131  -0.0000054949   0.0003645859  -0.0000650623   0.0001188075
11118   0.0000276475  -0.0001050770   0.0000284493  -0.0001344738   0.0001774443
11119   0.0001405428   0.0003669220  -0.0000513174  -0.0005041748  -0.0001750036
11120   0.0000625348   0.0005929318   0.0015756242   0.0000001165   0.0000759296
11121   0.0010484618  -0.0001042333  -0.0004721800  -0.0001929708  -0.0003902894
11122  -0.0000953195   0.0005288853  -0.0000445074  -0.0021303408   0.0055149991
11123   0.0370680604  -0.0015133549   0.0002313570   0.0001664329   0.0002649364
11124  -0.0000716397  -0.0001580767  -0.0003845526  -0.0001332694  -0.0004043687
11125   0.0000333048   0.0000349305   0.0000818617  -0.0000047371  -0.0001967967
11126  -0.0000136567  -0.0000271349   0.0002379413  -0.0003105327   0.0000184807
11127   0.0000888354   0.0000767627  -0.0000707223  -0.0000101844   0.0002150956
11128  -0.0003032918   0.0002070935  -0.0005703619   0.0005161578  -0.0004420533
11129   0.0001435926  -0.0001142697  -0.0001702172  -0.0000428370   0.0000679531
11130  -0.0000774839  -0.0000668104  -0.0004168068   0.0001962948   0.0000088586
11131   0.0002485694   0.0003382320   0.0000704218  -0.0000413204   0.0000971890
11132   0.0001484057  -0.0001010322  -0.0002205328  -0.0000559108   0.0001164037
11133   0.0001932608  -0.0001374966  -0.0002698710  -0.0001651774   0.0000201831
11134   0.0000919823  -0.0001049739   0.0000046856  -0.0000036081   0.0001008176
11135  -0.0000374071  -0.0003175408  -0.0000447022   0.0000312443   0.0001374945
11136  -0.0001024987   0.0005999476   0.0004337707   0.0001217141  -0.0004329363
11137  -0.0000098222  -0.0000818492  -0.0000214677  -0.0000044546  -0.0000074654
11138  -0.0000183525   0.0000049671   0.0000067250   0.0000067527  -0.0000193774
11139  -0.0000265193   0.0000773082  -0.0000131153  -0.0000016920  -0.0000333209
11140   0.0000455861   0.0000231536   0.0002425153   0.0000007351   0.0000204056
11141  -0.0001029343   0.0000090311   0.0000164081   0.0000137842   0.0000036819
11142  -0.0000048337   0.0000095990   0.0000096201  -0.0000098281  -0.0000090508
11143   0.0000035050  -0.0000033585   0.0000088071  -0.0000033988   0.0000292097
11144   0.0000058312  -0.0000020237  -0.0000060573  -0.0000050060  -0.0000408719
11145   0.0000569670   0.0000216271  -0.0000153306   0.0000046404  -0.0000147448
11146   0.0000052675  -0.0000074297  -0.0000045381   0.0000180610  -0.0000584982
11147   0.0000594975   0.0000082490  -0.0000302602  -0.0000231224
112 1   0.0001910218   0.0003666445  -0.0001770334   0.0004725716  -0.0003004155
112 2   0.0003851873  -0.0000186831   0.0000930781  -0.0002221773  -0.0000928032
112 3  -0.0000517818  -0.0001589703  -0.0002925537  -0.0002071322  -0.0000895179
112 4  -0.0000295990   0.0003816174  -0.0000146734  -0.0000782688  -0.0002848798
112 5  -0.0000279808  -0.0002057296  -0.0000770833  -0.0001352886   0.0002602608
112 6   0.0000986681  -0.0001048249   0.0004125807   0.0002462273  -0.0002705275
112 7  -0.0006498084  -0.0003754955  -0.0001495823  -0.0000119549  -0.0006182906
112 8   0.0001030190   0.0002001987  -0.0001387027  -0.0003625771  -0.0000033539
112 9   0.0000522341   0.0000646378  -0.0004289268  -0.0001898021  -0.0000052682
11210  -0.0000650672   0.0005457756   0.0004475147  -0.0015384538  -0.0013529803
11211   0.0043868339  -0.0014550687   0.0013266709  -0.0043812323  -0.0004434721
11212   0.0002626414  -0.0002754519  -0.0003828105   0.0000045494  -0.0003607003
11213  -0.0003675731   0.0002271676   0.0000967765   0.0010739585   0.0001923301
11214   0.0000081912   0.0002810329   0.0000440479   0.0003142734  -0.0002138686
11215   0.0002664468  -0.0003166652  -0.0003638694   0.0001392298   0.0000982132
11216   0.0002834550  -0.0002276019   0.0002878709   0.0001722506  -0.0005708742
11217   0.0001277793   0.0001804925   0.0000613560   0.0000021852   0.0001652604
11218   0.0004761305   0.0000023146  -0.0000703456   0.0000924576   0.0003555052
11219   0.0001049800   0.0005078029  -0.0002003420  -0.0001038477  -0.0004919559
11220   0.0003011644  -0.0009364067  -0.0006303788  -0.0002117804  -0.0028029614
11221  -0.0070718353  -0.0006259512  -0.0038847718   0.0063222114   0.0005886491
11222  -0.0006607843   0.0004265020   0.0001450824  -0.0142735878   0.0011806887
11223  -0.0015133549   0.0391168166  -0.0006004066   0.0002917893  -0.0134273019
11224  -0.0007045688   0.0018460790  -0.0000460687   0.0005445365  -0.0000472211
11225  -0.0000754494  -0.0001127798   0.0000046169   0.0000143825   0.0001645441
11226   0.0002075844  -0.0000903154  -0.0003793580   0.0001179125  -0.0000646481
11227   0.0000644145  -0.0000474553  -0.0001756873   0.0000535102  -0.0002184688
11228   0.0002062460   0.0001486407  -0.0003905615   0.0007588219  -0.0002119621
11229  -0.0000430633  -0.0004180511  -0.0001734695  -0.0000792872   0.0001836532
11230  -0.0000388052   0.0001401956  -0.0005619547   0.0001597662   0.0001050504
11231   0.0002230820   0.0001799283   0.0000464525  -0.0000787067   0.0000457636
11232   0.0001499892  -0.0000897539  -0.0001991874  -0.0001326727   0.0001382811
11233   0.0001572045  -0.0001492651  -0.0002381843  -0.0001921252  -0.0001324465
11234   0.0000559676  -0.0000004771  -0.0000588115  -0.0001515952   0.0003162982
11235  -0.0000436643  -0.0002356565  -0.0000282556  -0.0000350280   0.0000496708
11236  -0.0000249406   0.0004177657   0.0001539838   0.0000703372  -0.0000048048
11237  -0.0000100136   0.0000915020   0.0000341489   0.0000140398   0.0000447899
11238   0.0000356727   0.0000006655  -0.0000100505  -0.0000171839   0.0000152030
11239  -0.0000022187  -0.0000276207   0.0000364907   0.0000272242  -0.0000944854
11240   0.0000492614   0.0000692253  -0.0002033993   0.0000045291   0.0000376052
11241   0.0000280534  -0.0000014192   0.0000029051   0.0000075426   0.0000203354
11242  -0.0000059826  -0.0000364505   0.0000091176  -0.0000023289  -0.0000215572
11243   0.0000010458   0.0000034622  -0.0000073549   0.0000329358  -0.0000160287
11244  -0.0000255627  -0.0000073974   0.0000213900   0.0000561596  -0.0000357651
11245  -0.0000808159  -0.0000002013   0.0000150867   0.0000115841   0.0000063977
11246   0.0000626009  -0.0000447345   0.0000732039   0.0001072425  -0.0001125283
11247   0.0001499660   0.0000150152   0.0000011237  -0.0000133125
113 1   0.0001211599  -0.0002806737  -0.0000857287   0.0000026548  -0.0002117091
113 2   0.0003707906   0.0000181625   0.0001689943   0.0001280369  -0.0005250258
113 3   0.0002143026  -0.0001853974   0.0000574293   0.0004504681  -0.0003755271
113 4   0.0000991791  -0.0000229565  -0.0004492859  -0.0003488959  -0.0003289727
113 5   0.0000335570   0.0000014357  -0.0001341243  -0.0002460472  -0.0000064188
113 6   0.0002342030  -0.0002051620   0.0006358072   0.0002564825  -0.0000586132
113 7   0.0001581664  -0.0002026287  -0.0001822849  -0.0001221098   0.0001180662
113 8  -0.0000662812   0.0002116505  -0.0005090263   0.0007033586   0.0001185093
113 9  -0.0001129575   0.0001772477  -0.0002412269  -0.0005424421  -0.0002073665
11310  -0.0001200406  -0.0001727510  -0.0000267862  -0.0018172102  -0.0002591218
11311   0.0030604717   0.0018927087  -0.0003608328   0.0036214642  -0.0000141247
11312   0.0000426288  -0.0000511376  -0.0001734492   0.0002054533  -0.0001041844
11313  -0.0002101336  -0.0000639678  -0.0001120958   0.0001828434  -0.0026694078
11314  -0.0034635586   0.0003819104   0.0004115093   0.0006132187  -0.0001149846
11315   0.0002644715   0.0001313061  -0.0003133802   0.0004572379   0.0001332438
11316  -0.0001664927   0.0000810135   0.0001188096   0.0000369744   0.0001171071
11317   0.0003612336   0.0000830430  -0.0001611965  -0.0000183707  -0.0003350832
11318  -0.0000603995   0.0001705523  -0.0002098413  -0.0000013684   0.0001503672
11319   0.0001709085  -0.0005862987   0.0001519582   0.0003553117   0.0000428424
11320   0.0001158245   0.0001567589  -0.0001615763  -0.0000222309  -0.0077058107
11321  -0.0115062702  -0.0008271933   0.0073425846  -0.0118162214  -0.0010934334
11322   0.0002209128  -0.0003373025   0.0000391958  -0.0009473393   0.0001562656
11323   0.0002313570  -0.0006004066   0.0276046949  -0.0028307603   0.0017256650
11324  -0.0003242291   0.0000430232   0.0000508128  -0.0000958096   0.0000675909
11325  -0.0000575580   0.0000341536   0.0000382493   0.0003187893  -0.0000791929
11326   0.0001626938  -0.0000729569  -0.0000282289   0.0000998351  -0.0003005249
11327   0.0000720997  -0.0000610131   0.0003177991  -0.0000009854   0.0000164888
11328  -0.0001680084   0.0003243770  -0.0000686006   0.0002881599  -0.0002087439
11329  -0.0000739841  -0.0002147042  -0.0000946656  -0.0000560682   0.0000709490
11330  -0.0001622384   0.0000330914  -0.0000822729   0.0002659501   0.0001871098
11331  -0.0000898808  -0.0000655268   0.0000266912   0.0001585852   0.0000712577
11332   0.0000598771  -0.0001396866  -0.0003078779   0.0000076934   0.0002723123
11333   0.0002569800  -0.0000612240  -0.0003741054  -0.0001095489   0.0001567774
11334   0.0001292666  -0.0001094468  -0.0000061044   0.0000301514   0.0000012432
11335   0.0000393280  -0.0001826424  -0.0000193586  -0.0000105390   0.0000523435
11336   0.0002274099  -0.0000220730   0.0000016309   0.0000039364   0.0001989662
11337   0.0000312480  -0.0000206255  -0.0000892670   0.0000103972   0.0000211944
11338  -0.0000470447   0.0000136059   0.0000005109   0.0000032561   0.0000034384
11339  -0.0000079272   0.0000163823  -0.0000155638  -0.0000332310  -0.0000294918
11340   0.0000497544   0.0000017877  -0.0001309491  -0.0000064694  -0.0000178667
11341  -0.0000005872  -0.0000186484   0.0000050361   0.0000048261   0.0000271312
11342  -0.0000037498  -0.0000186079   0.0000030601   0.0000104047  -0.0000047204
11343  -0.0000138357   0.0000261502  -0.0000175448  -0.0000121902   0.0000544992
11344   0.0000053855  -0.0000099474   0.0000046904   0.0000146885  -0.0000519990
11345   0.0000428174  -0.0000346421  -0.0000126266  -0.0000023949  -0.0000070956
11346   0.0000007224  -0.0000266677  -0.0000234052  -0.0000131813  -0.0000108468
11347  -0.0000981937   0.0000048429  -0.0000188720  -0.0000213464
114 1   0.0000908907   0.0002506124   0.0000574585   0.0000719029   0.0000916289
114 2   0.0000183418  -0.0000151064  -0.0000716516   0.0004909905  -0.0001061954
114 3  -0.0001795764   0.0005130202   0.0001332394  -0.0001019187   0.0002844719
114 4   0.0000593728  -0.0003989318   0.0002037108   0.0002536634   0.0000392051
114 5   0.0001577002   0.0001750783  -0.0001489430   0.0001338094  -0.0004723528
114 6  -0.0001417282  -0.0000163080  -0.0002946195   0.0000043240  -0.0001132888
114 7   0.0003854083  -0.0000840868   0.0002651259   0.0001483491   0.0001280394
114 8  -0.0001361165   0.0003388630   0.0006379212   0.0001583255  -0.0005045864
114 9  -0.0002225556  -0.0004857542   0.0004106912   0.0001698437  -0.0000552560
11410   0.0001750809   0.0002294182  -0.0000228760   0.0052006950   0.0032791837
11411  -0.0063328676  -0.0058239903   0.0034212860  -0.0065287173   0.0003711548
11412   0.0002894493  -0.0005768070  -0.0000729484  -0.0002067607   0.0003024975
11413   0.0006372458  -0.0001930909   0.0002547839   0.0000215112  -0.0065113940
11414  -0.0068405093  -0.0005587093   0.0003149893   0.0005208674  -0.0000608557
11415  -0.0000316371   0.0003388631   0.0000168959  -0.0001113519  -0.0004649138
11416  -0.0004405515  -0.0000679158  -0.0001374267   0.0003250128   0.0003636441
11417  -0.0001208375  -0.0002740846   0.0002505469  -0.0000380995  -0.0000659449
11418  -0.0001571656  -0.0004927032   0.0000447766   0.0002356157  -0.0001572682
11419  -0.0001415153   0.0001062693  -0.0000094161   0.0000362216   0.0001970527
11420  -0.0001611916   0.0003879636  -0.0000302569  -0.0003722138   0.0002302410
11421   0.0007614201  -0.0001243574  -0.0003586272   0.0013545067   0.0000523601
11422   0.0001785885  -0.0000830890  -0.0001909737   0.0011516612   0.0000417202
11423   0.0001664329   0.0002917893  -0.0028307603   0.0197488671  -0.0017227546
11424  -0.0001759222  -0.0001392518  -0.0002720636  -0.0004301376  -0.0001446865
11425   0.0000468719   0.0000960628  -0.0000059887  -0.0000381440   0.0000215146
11426   0.0000784340  -0.0000015121  -0.0000483451   0.0000363798   0.0000950274
11427   0.0000986822  -0.0000512482   0.0000012927  -0.0000105901   0.0000905157
11428   0.0000341578   0.0000508682   0.0000909519   0.0001658607  -0.0000161736
11429   0.0000263267  -0.0001090141  -0.0001135199  -0.0000695458   0.0000395315
11430  -0.0000328118  -0.0000120540  -0.0001881405   0.0000437019   0.0000290653
11431   0.0001154974   0.0000368793   0.0000780685  -0.0000825411  -0.0000294852
11432  -0.0000550053   0.0000600631   0.0000658061  -0.0000257476  -0.0002106451
11433   0.0000049470   0.0000188584   0.0001309114  -0.0000102045   0.0000635917
11434  -0.0000587014   0.0000686334   0.0000810347   0.0000723761  -0.0001237621
11435  -0.0000387139   0.0002419114  -0.0000198422  -0.0000041260  -0.0003039061
11436   0.0000515164  -0.0000478822   0.0001167745  -0.0001632802  -0.0000796165
11437   0.0000061127  -0.0000726218  -0.0000257214  -0.0000102673  -0.0000159380
11438  -0.0000336464  -0.0000035894   0.0000051244   0.0000142051  -0.0000085048
11439   0.0000055137   0.0000095994   0.0000050358  -0.0000020610  -0.0000232817
11440   0.0000256808   0.0000120956  -0.0000181647   0.0000308195   0.0000038685
11441   0.0000021263  -0.0000035485  -0.0000024975   0.0000004447  -0.0000070062
11442  -0.0000236692   0.0000025741  -0.0000001826  -0.0000058451  -0.0000013610
11443   0.0000178649  -0.0000194395   0.0000319328  -0.0000025299   0.0000031876
11444   0.0000059990   0.0000090038  -0.0000221034  -0.0000326837   0.0000159413
11445   0.0000435016  -0.0000351321  -0.0000208311   0.0000127325  -0.0000275419
11446  -0.0000407454   0.0000357893  -0.0000613260  -0.0000189110   0.0000664170
11447  -0.0000080551  -0.0000734052   0.0000175456  -0.0000090521
115 1   0.0000500724  -0.0002040584   0.0001443030  -0.0001547804  -0.0001572591
115 2  -0.0004035244   0.0001928989  -0.0005466641   0.0003180078  -0.0001953323
115 3  -0.0000751512   0.0001145253   0.0001356462   0.0002838445  -0.0001203928
115 4   0.0001100506  -0.0002437243  -0.0000299356   0.0002183741   0.0003081964
115 5  -0.0000350728   0.0000436734  -0.0001763848   0.0000097846  -0.0001069544
115 6  -0.0000723153   0.0001546476  -0.0005883760  -0.0002089930  -0.0000821119
115 7   0.0004744740   0.0007302330  -0.0002772446  -0.0000493362   0.0003268269
115 8  -0.0001279200  -0.0004249760   0.0001327663   0.0003263053   0.0001878450
115 9   0.0001226476  -0.0003452290   0.0005351958   0.0007128894  -0.0000848932
11510  -0.0008179990  -0.0004549247  -0.0000745561  -0.0001493667  -0.0002033451
11511   0.0004080071  -0.0015924256  -0.0008742695   0.0034469258  -0.0029836212
11512   0.0023935134  -0.0083746431  -0.0001049801  -0.0004505849  -0.0004218903
11513   0.0002467297  -0.0001769470  -0.0004243754  -0.0000321683   0.0001108796
11514   0.0002384078   0.0011354642   0.0005248997   0.0011773708   0.0001271050
11515  -0.0002770702  -0.0001174060   0.0003031890  -0.0001761423   0.0000230286
11516  -0.0001256106   0.0001286086  -0.0000930430  -0.0002586511   0.0003827162
11517   0.0000415567  -0.0000976725  -0.0004139665   0.0002110540  -0.0000832050
11518   0.0000043111  -0.0000687938   0.0001717636  -0.0001226343  -0.0001953824
11519  -0.0004299335  -0.0002506300   0.0002538928   0.0004553433   0.0005074060
11520  -0.0001393098   0.0000101223  -0.0001322194   0.0005751770  -0.0010164374
11521  -0.0001597218   0.0002607080  -0.0018813099  -0.0063162880  -0.0001314532
11522  -0.0030342137   0.0069571043   0.0007571323  -0.0001669384   0.0000762383
11523   0.0002649364  -0.0134273019   0.0017256650  -0.0017227546   0.0383881633
11524  -0.0028392184   0.0025840145  -0.0151127959  -0.0008467549   0.0022076132
11525   0.0001492758   0.0001104509  -0.0000112882  -0.0003406014  -0.0001480803
11526  -0.0003370406   0.0001829351   0.0004325085  -0.0002708171   0.0003403241
11527  -0.0000455898   0.0000460992  -0.0000965249  -0.0000814278   0.0001740328
11528  -0.0001520912  -0.0006525326   0.0003246444  -0.0010254485   0.0005714225
11529  -0.0000425827   0.0004133090   0.0002167698   0.0002743565  -0.0000954596
11530   0.0001572338  -0.0001486016   0.0006323207  -0.0006214694  -0.0000661231
11531  -0.0000791492  -0.0001082332  -0.0000840176  -0.0001188763  -0.0000222571
11532  -0.0002379275   0.0002531902   0.0004579089   0.0001377389  -0.0003959304
11533  -0.0002372076   0.0005195806   0.0003930242   0.0003816684  -0.0004266266
11534   0.0000423866  -0.0001990313   0.0000145614   0.0001643799  -0.0003649643
11535   0.0000665073   0.0005126837   0.0000083655   0.0001171108  -0.0000341299
11536  -0.0002935877  -0.0006497399  -0.0001635475   0.0002897764  -0.0002051358
11537  -0.0000389877  -0.0000928675   0.0000119249  -0.0000331152  -0.0000599628
11538  -0.0000100067  -0.0000132176   0.0000099361   0.0000194710  -0.0000129645
11539   0.0000040585   0.0000081389  -0.0000239025  -0.0000172385   0.0001247012
11540  -0.0001287499  -0.0000383315   0.0003463453  -0.0000244764  -0.0000003993
11541   0.0000039406   0.0000065816  -0.0000132247  -0.0000273779  -0.0000272191
11542   0.0000009904   0.0000149996  -0.0000244173   0.0000034030   0.0000194371
11543   0.0000201420  -0.0000014794   0.0000158358  -0.0000685783   0.0000083902
11544   0.0001189943   0.0000017866  -0.0000516297  -0.0001015280   0.0001064034
11545   0.0001450949   0.0001862116  -0.0000022284  -0.0000318769   0.0000070878
11546  -0.0000944020   0.0000551308  -0.0000468552  -0.0001423229   0.0001656470
11547  -0.0001569153  -0.0000341267   0.0000131562   0.0000233970
116 1  -0.0002245373   0.0000848551  -0.0002918186   0.0004691789  -0.0000669428
116 2   0.0003503738  -0.0003650805  -0.0000256670   0.0001895644  -0.0001739839
116 3   0.0000258237  -0.0000943870   0.0001458406   0.0002257671   0.0000049083
116 4   0.0000540604  -0.0001927543  -0.0001404781  -0.0000770554  -0.0003445609
116 5  -0.0000210549  -0.0001095093  -0.0000118615  -0.0001901408   0.0000983525
116 6   0.0001941189  -0.0003387304   0.0001557870  -0.0001228809  -0.0002179593
116 7   0.0002131191  -0.0002979842  -0.0001803726   0.0000367076  -0.0001229812
116 8   0.0000737665   0.0000011672  -0.0002680021   0.0000113330  -0.0000727710
116 9  -0.0008475366   0.0007497143   0.0002080295  -0.0000646682   0.0000169792
11610   0.0002727246   0.0002343252   0.0000230150  -0.0000159996   0.0000471525
11611   0.0000081954  -0.0017638610   0.0000659432   0.0024919729   0.0030888072
11612  -0.0002392272   0.0056642019  -0.0001760136  -0.0003505250  -0.0002153901
11613  -0.0001959933  -0.0001066370  -0.0000135779   0.0001235711  -0.0000466318
11614   0.0003903674   0.0006948775  -0.0050522021  -0.0072115710   0.0001050799
11615   0.0003119556   0.0003072410  -0.0003858359   0.0001090206   0.0002051458
11616   0.0002280359   0.0001860161   0.0002299040  -0.0000618605   0.0001427174
11617   0.0001728614   0.0001145570   0.0001237263  -0.0001650362  -0.0000815835
11618   0.0001954836  -0.0000063415   0.0000988327  -0.0001771509   0.0001380271
11619   0.0001429209  -0.0001034072   0.0001031728  -0.0003934640  -0.0008164310
11620   0.0002601786  -0.0000948547   0.0002198223  -0.0002709926  -0.0000381263
11621   0.0001978083  -0.0001532397  -0.0075394928  -0.0118000164  -0.0011100442
11622   0.0078252105  -0.0119173471  -0.0006238196  -0.0001191653   0.0000382815
11623  -0.0000716397  -0.0007045688  -0.0003242291  -0.0001759222  -0.0028392184
11624   0.0307703830  -0.0002834520   0.0013900107   0.0000504650   0.0002765872
11625  -0.0000810239   0.0000034734   0.0000042735   0.0003094092   0.0000760689
11626   0.0003269343  -0.0001516500  -0.0002796864   0.0002028184  -0.0002762099
11627   0.0000616825  -0.0001560729   0.0003479994   0.0000384262   0.0000258953
11628  -0.0001648770   0.0004889007  -0.0000888519   0.0006581099  -0.0003614996
11629  -0.0000833362  -0.0003600256  -0.0002126039  -0.0001290940   0.0001317004
11630  -0.0001602404   0.0000567948  -0.0005491953   0.0003244477   0.0001432742
11631   0.0002818302   0.0000527371   0.0000926506  -0.0000663698   0.0001173708
11632   0.0001607740  -0.0000805045  -0.0002616461  -0.0000996107   0.0001178722
11633   0.0002003705  -0.0000800669  -0.0002830878  -0.0001428321   0.0000309267
11634   0.0000974717  -0.0000041096  -0.0000331351   0.0000271134   0.0000885936
11635  -0.0000039428  -0.0000546876   0.0000205352  -0.0000815451  -0.0001925353
11636   0.0001349728   0.0000778157   0.0001172161  -0.0001134809   0.0002969058
11637   0.0000323976   0.0000086890  -0.0000399328   0.0000082580   0.0000279621
11638  -0.0000394520   0.0000103929  -0.0000014750   0.0000047306   0.0000026748
11639  -0.0000021042   0.0000202632   0.0000033442  -0.0000066723  -0.0001044044
11640   0.0001170976   0.0000433439  -0.0002814999   0.0000152753  -0.0000101402
11641  -0.0000120979  -0.0000223885  -0.0000048030   0.0000145294   0.0000319423
11642  -0.0000182485  -0.0000179498   0.0000189425   0.0000066626  -0.0000253786
11643  -0.0000145451  -0.0000036418   0.0000075082   0.0000048276   0.0000101343
11644  -0.0000356762  -0.0000083668   0.0000037815   0.0000155624  -0.0000368291
11645  -0.0000239344  -0.0000207493  -0.0000099313  -0.0000098844  -0.0000025282
11646   0.0000032091  -0.0000165554  -0.0000236039  -0.0000120164  -0.0000085467
11647  -0.0000213944  -0.0000067363   0.0000099317   0.0000071243
117 1   0.0001302799   0.0001117627   0.0001026631  -0.0002408851   0.0002310609
117 2  -0.0000085971   0.0000028377   0.0001278456   0.0002037240   0.0003984266
117 3  -0.0001859369   0.0002568667  -0.0001769548  -0.0001951231   0.0003048488
117 4   0.0000426511  -0.0002159791   0.0002000916   0.0001329348   0.0001279515
117 5   0.0000976394   0.0000042329   0.0001281726   0.0001715830  -0.0001719602
117 6  -0.0000458162  -0.0000264029  -0.0001314481  -0.0000842148   0.0001606500
117 7   0.0001763654  -0.0001586899   0.0001869682  -0.0000040205   0.0000998684
117 8   0.0000449856   0.0004895494   0.0000707701  -0.0000123894  -0.0002384538
117 9   0.0003858451  -0.0000471643  -0.0000335050  -0.0001356066  -0.0005043480
11710   0.0001872611   0.0001788761   0.0002916074  -0.0001074023  -0.0000140603
11711  -0.0000178644   0.0042219556   0.0025775487  -0.0048513961  -0.0088049093
11712   0.0057823959  -0.0126150973  -0.0001546012   0.0003593435  -0.0005500861
11713  -0.0001417403  -0.0000167142   0.0002320419   0.0003111526  -0.0003480381
11714  -0.0000075742   0.0015416311  -0.0107013071  -0.0125691847  -0.0003909338
11715  -0.0001500462   0.0008826482   0.0000594829  -0.0001058157  -0.0003929078
11716  -0.0003873424   0.0000458318  -0.0002167830   0.0002769780   0.0002118756
11717  -0.0001608313  -0.0001153896   0.0001200488  -0.0000044177  -0.0001500835
11718  -0.0004014882  -0.0001554536   0.0001544174   0.0000826870  -0.0002497709
11719  -0.0001093510   0.0003697893  -0.0001895596  -0.0002321859  -0.0000849089
11720  -0.0000195615   0.0004856581   0.0002027413  -0.0001245472   0.0002190062
11721  -0.0003786407  -0.0003414364   0.0000828025   0.0012160702  -0.0000476266
11722   0.0000361596   0.0014905410   0.0005818412  -0.0001874607  -0.0001112980
11723  -0.0001580767   0.0018460790   0.0000430232  -0.0001392518   0.0025840145
11724  -0.0002834520   0.0295153021  -0.0016339737  -0.0003691155  -0.0000750629
11725  -0.0000056799   0.0001127772   0.0000628994   0.0003519499  -0.0001485985
11726   0.0001971694  -0.0000778596   0.0000144708   0.0000766758  -0.0003206690
11727   0.0000925024  -0.0000276522   0.0003787084  -0.0000343790   0.0001231216
11728  -0.0002323760   0.0006690457  -0.0001166225   0.0007408029  -0.0005268445
11729   0.0000161243  -0.0002797399  -0.0002248993  -0.0002290274   0.0000747783
11730  -0.0001849719   0.0000211033  -0.0003689909   0.0005680176   0.0002024423
11731   0.0000137157  -0.0000386100   0.0001250765   0.0001010427   0.0000367619
11732   0.0002284817  -0.0002048437  -0.0004180407  -0.0001042795   0.0003137726
11733   0.0002910382  -0.0002469940  -0.0004648395  -0.0004271325   0.0002951881
11734  -0.0000051359  -0.0000175263   0.0000289981   0.0000376299   0.0002708480
11735  -0.0002511641  -0.0003256996   0.0000729433   0.0000176485   0.0001362624
11736   0.0002327251   0.0001473424   0.0000592285  -0.0001411963   0.0000611124
11737   0.0000150826  -0.0000975306  -0.0001252666   0.0000116497   0.0000117050
11738  -0.0000616574   0.0000143851   0.0000044869   0.0000102566   0.0000025806
11739  -0.0000115699   0.0000233762  -0.0000204390  -0.0000323765  -0.0000520603
11740   0.0000452764   0.0000165533  -0.0000967082   0.0000060827  -0.0000233321
11741  -0.0000473811   0.0000021207   0.0000086018   0.0000356284  -0.0000000310
11742  -0.0000128829   0.0000119148   0.0000152077   0.0000049137  -0.0000150940
11743  -0.0000150289  -0.0000057456   0.0000054808   0.0000275871   0.0000420599
11744  -0.0000429659   0.0000142698   0.0000120992   0.0000273980  -0.0000138290
11745  -0.0000080318  -0.0000345908   0.0000074608  -0.0000051707   0.0000782796
11746   0.0000537541  -0.0000105040  -0.0000690887  -0.0000590863  -0.0000433472
11747   0.0000509016  -0.0000003755  -0.0000266577  -0.0000741371
118 1   0.0001476114   0.0002344795   0.0000596579  -0.0001851925   0.0002065624
118 2   0.0000088246   0.0001659822   0.0003133198   0.0001869587  -0.0001423279
118 3   0.0000126120   0.0003498926   0.0001382145   0.0001197201   0.0001916210
118 4  -0.0001728292   0.0000385271   0.0003084797   0.0000156149   0.0000932603
118 5   0.0002099748   0.0000821513  -0.0000773735   0.0003392557  -0.0003761037
118 6  -0.0001653111   0.0000208411   0.0000767062   0.0001438132   0.0001329210
118 7   0.0000719161  -0.0004505463   0.0005673912   0.0002698552   0.0002206044
118 8   0.0002794022   0.0002457215   0.0001087141   0.0001528231  -0.0001585650
118 9  -0.0001378272   0.0003820856   0.0000715014  -0.0000513603   0.0000110169
11810   0.0000075922  -0.0001302188   0.0002969826  -0.0005201874  -0.0005090138
11811   0.0003228143  -0.0003285892  -0.0004097204   0.0004580741  -0.0017088509
11812  -0.0013501251   0.0043279917  -0.0039259029   0.0030943139  -0.0066856463
11813   0.0007655629   0.0002095787   0.0004127273  -0.0002909157  -0.0000247434
11814  -0.0000330357  -0.0002881246   0.0002017342  -0.0004179781   0.0017131776
11815   0.0026342149   0.0034885572   0.0001602046  -0.0002432954  -0.0003713329
11816  -0.0004667539  -0.0001416858  -0.0002459865   0.0004990635   0.0001532512
11817  -0.0002110699  -0.0002239344   0.0002835867  -0.0003716973  -0.0000632156
11818  -0.0003353698  -0.0002955030  -0.0000106533   0.0003600401  -0.0004360147
11819  -0.0000500698   0.0000016565  -0.0003768316  -0.0000735242   0.0000433933
11820  -0.0002319176   0.0007970883  -0.0000993696  -0.0003558963   0.0000762316
11821  -0.0002664743  -0.0002995764  -0.0006983275  -0.0003984501  -0.0003582528
11822  -0.0034826161  -0.0075936304  -0.0010929056  -0.0000797745  -0.0003432021
11823  -0.0003845526  -0.0000460687   0.0000508128  -0.0002720636  -0.0151127959
11824   0.0013900107  -0.0016339737   0.0231860553   0.0024854115   0.0015783910
11825   0.0001614606   0.0002038235   0.0001125134  -0.0003505137  -0.0000048830
11826  -0.0001200997   0.0000067375  -0.0000177042  -0.0000332138   0.0003948436
11827  -0.0000884216   0.0004467011  -0.0003813677  -0.0000132458   0.0001518114
11828   0.0001952966   0.0002993739  -0.0007359127   0.0010367025  -0.0004406856
11829  -0.0002944952  -0.0003622356  -0.0001873950  -0.0005963063  -0.0000605133
11830   0.0002445855   0.0003380563  -0.0007325329   0.0000604488   0.0004833527
11831   0.0003062703   0.0001089549  -0.0000868520  -0.0001755798   0.0001392434
11832   0.0001881103  -0.0000489563  -0.0001097495  -0.0000728547  -0.0003596234
11833   0.0001329073   0.0000158361   0.0000861622  -0.0001036281  -0.0001861810
11834  -0.0000296202   0.0001452486   0.0000491069   0.0000645409   0.0001408858
11835  -0.0001118235   0.0002325359  -0.0000602687   0.0001668768  -0.0001673734
11836  -0.0001338730   0.0000036427   0.0001511664   0.0002758607   0.0004838220
11837  -0.0000651964  -0.0001434726  -0.0001745909   0.0000026401  -0.0000118045
11838  -0.0000326233  -0.0000050639  -0.0000002287   0.0000075628  -0.0000095314
11839  -0.0000066906   0.0000152902   0.0000053978  -0.0000066613   0.0000092319
11840   0.0000162220   0.0000495192   0.0000458635   0.0000034517  -0.0000091559
11841  -0.0000044898   0.0000256999   0.0000030995   0.0000075031  -0.0000146952
11842  -0.0000152692  -0.0000254281  -0.0000018446   0.0000047958  -0.0000444692
11843   0.0000068530   0.0000003579   0.0000092802   0.0000287586  -0.0000309305
11844  -0.0000536665   0.0000078121   0.0000230438   0.0000250875  -0.0000145865
11845  -0.0001112531  -0.0000497287  -0.0000178730   0.0000168852  -0.0000265715
11846  -0.0000132455   0.0000081229  -0.0000138509   0.0000051741  -0.0000026456
11847   0.0000976947  -0.0000123010  -0.0000310899  -0.0000066357
119 1   0.0001215261  -0.0000240438  -0.0000186572   0.0000157471  -0.0000951162
119 2   0.0002624019  -0.0002055340  -0.0000509068   0.0005270591  -0.0002184753
119 3  -0.0000509203   0.0002965608   0.0004305006   0.0001826299   0.0002185352
119 4   0.0000793776  -0.0001313988   0.0000679422  -0.0000110523  -0.0000173129
119 5   0.0001703285   0.0003290869   0.0000617778   0.0001516559  -0.0005042709
119 6  -0.0002468403  -0.0001546989   0.0001104669  -0.0002260885  -0.0000555780
119 7   0.0003686106  -0.0005703385   0.0000747982  -0.0000621654  -0.0000458507
119 8   0.0000814183   0.0001300730  -0.0000031167   0.0001071764  -0.0001902512
119 9   0.0002841496   0.0004463452   0.0000327476  -0.0005561884  -0.0001046020
11910   0.0006518438   0.0003026287   0.0002918798   0.0001161640   0.0002192612
11911   0.0003322287  -0.0004346550   0.0000087745   0.0003472445  -0.0015090771
11912   0.0001164295   0.0022826128   0.0043411047  -0.0009107414   0.0067223189
11913  -0.0000950542  -0.0000993513   0.0001430456   0.0000718956  -0.0001247284
11914   0.0004552393   0.0003377068  -0.0000935472   0.0000929627   0.0007001439
11915  -0.0090107964  -0.0120707642  -0.0001197724   0.0000586017  -0.0001956103
11916  -0.0003151232   0.0000432894  -0.0001366681   0.0002970971   0.0004127051
11917  -0.0000020679  -0.0001916298   0.0001978985  -0.0003703046   0.0001789559
11918   0.0002699461  -0.0002661408  -0.0002699325   0.0005339538  -0.0002641922
11919   0.0001060663   0.0000829619   0.0000589941  -0.0004073980  -0.0004720653
11920   0.0000111061   0.0002943634  -0.0002818211  -0.0009156824  -0.0002065701
11921  -0.0000048977  -0.0005339501  -0.0008858788   0.0003497018  -0.0001987960
11922  -0.0050226995  -0.0109945101  -0.0013640914  -0.0000540306  -0.0001268100
11923  -0.0001332694   0.0005445365  -0.0000958096  -0.0004301376  -0.0008467549
11924   0.0000504650  -0.0003691155   0.0024854115   0.0211384942   0.0042485870
11925   0.0000166068  -0.0000161656  -0.0000253530  -0.0002471521   0.0001155340
11926  -0.0001703433  -0.0000240892  -0.0001014599  -0.0000234182   0.0003434499
11927  -0.0001186881   0.0001843654  -0.0000283158  -0.0001354007   0.0003264360
11928  -0.0002845783   0.0000113749   0.0000056194  -0.0000933934  -0.0000084629
11929  -0.0000651691   0.0000564694  -0.0000587377  -0.0001646381  -0.0001247744
11930   0.0002086763   0.0000398141  -0.0003751960  -0.0002765818  -0.0003387675
11931   0.0007664682   0.0003496972   0.0001742492  -0.0005008923   0.0001305033
11932   0.0001627586   0.0002409731   0.0002158544  -0.0001410325  -0.0002785941
11933  -0.0001826668   0.0001649363   0.0001765220   0.0001107552  -0.0003964861
11934  -0.0000125431  -0.0001672744   0.0000117071   0.0000385965  -0.0000574809
11935  -0.0000056262   0.0002191568   0.0000076721  -0.0000417686  -0.0002290671
11936  -0.0002945735   0.0001593109   0.0000904086   0.0000265971  -0.0000091166
11937   0.0000025937  -0.0000380680   0.0000636512  -0.0000066413  -0.0000107797
11938   0.0000074767  -0.0000096609   0.0000081229   0.0000117297  -0.0000179420
11939   0.0000125826   0.0000289896   0.0000104096   0.0000323148  -0.0000216942
11940   0.0000545484   0.0000590485   0.0000372437   0.0000160803  -0.0000078912
11941  -0.0000270495  -0.0000033396  -0.0000116639   0.0000087758  -0.0000065905
11942  -0.0000255005   0.0000126375  -0.0000008682  -0.0000067645  -0.0000121398
11943   0.0000192130  -0.0000221114   0.0000402898   0.0000094868   0.0000275515
11944   0.0000719238   0.0000272375  -0.0000146097  -0.0000046497   0.0000270098
11945   0.0000884827   0.0001146070   0.0000090800   0.0000119698   0.0000452663
11946   0.0000030689   0.0000373139  -0.0000098205  -0.0000595964   0.0000553681
11947  -0.0000218840  -0.0000172458  -0.0000350064   0.0000010544
120 1   0.0001641553   0.0002634232   0.0001773603  -0.0000821575   0.0001236479
120 2   0.0001553022  -0.0005228409   0.0002119108   0.0001491461   0.0010134895
120 3  -0.0003466507   0.0003165893  -0.0001821411  -0.0004000327   0.0004961599
120 4  -0.0000590903  -0.0000696707   0.0002962010   0.0003385253   0.0001643413
120 5  -0.0000342407  -0.0001792189   0.0004551301  -0.0000066719  -0.0002079608
120 6   0.0001326973  -0.0000612639  -0.0001642815  -0.0002843992   0.0003418872
120 7  -0.0000852747  -0.0004234566   0.0002801892  -0.0001062856  -0.0002739176
120 8   0.0000227929   0.0007459490  -0.0003187725   0.0000576634  -0.0003816511
120 9  -0.0002866564   0.0000728692   0.0003542192   0.0004596800  -0.0000169756
12010   0.0005393680   0.0004120644   0.0004166984  -0.0002619795   0.0001570403
12011   0.0001278608  -0.0001087133  -0.0002283484  -0.0003852929   0.0054349245
12012   0.0030131449  -0.0049762867  -0.0123448720   0.0079751559  -0.0174208193
12013  -0.0000063021   0.0001567956   0.0007681028  -0.0005027389  -0.0001827447
12014  -0.0003035365   0.0009186076   0.0000244746  -0.0000213598   0.0013682576
12015  -0.0175751648  -0.0191944916  -0.0000244254  -0.0000771576  -0.0003736554
12016  -0.0001510204  -0.0000358352  -0.0001869649   0.0002854982   0.0002457729
12017  -0.0004370656  -0.0000618523   0.0003795604  -0.0001313840  -0.0000897225
12018  -0.0003528826  -0.0001015175   0.0000749004  -0.0000349424  -0.0000115866
12019   0.0001643965   0.0005281214  -0.0003438789  -0.0008426307  -0.0002354593
12020  -0.0000191005   0.0005547260   0.0002449214  -0.0003092877   0.0005763051
12021  -0.0004783670  -0.0005471262  -0.0008643317  -0.0003306007  -0.0005307823
12022   0.0010678295   0.0024622211   0.0002335262  -0.0001988991  -0.0000980069
12023  -0.0004043687  -0.0000472211   0.0000675909  -0.0001446865   0.0022076132
12024   0.0002765872  -0.0000750629   0.0015783910   0.0042485870   0.0412954491
12025  -0.0001477403   0.0000350819   0.0000837525   0.0009302286  -0.0001164024
12026   0.0006502753  -0.0002448836  -0.0002716140   0.0003458332  -0.0008656067
12027   0.0002747603  -0.0002611360   0.0007151675   0.0000531245   0.0000439438
12028  -0.0001692463   0.0014882329  -0.0003057330   0.0016359278  -0.0011610704
12029   0.0000051960  -0.0006938963  -0.0004538720  -0.0003327134   0.0002929982
12030  -0.0005233038   0.0000568442  -0.0007936969   0.0012971824   0.0003289968
12031  -0.0000338601   0.0000749265   0.0002131224   0.0004069139   0.0000906728
12032   0.0005182291  -0.0006069301  -0.0011259596  -0.0002397211   0.0012603493
12033   0.0008333424  -0.0008104399  -0.0014301202  -0.0008775918   0.0010257669
12034   0.0001813364   0.0000480611   0.0000054427   0.0000513377   0.0004346705
12035  -0.0000981272  -0.0009088429   0.0002319730  -0.0003628302  -0.0000826146
12036   0.0005291609   0.0007406917   0.0002528562  -0.0006192430   0.0005264888
12037   0.0000746141  -0.0000149962  -0.0001696920   0.0000384833   0.0000692020
12038  -0.0000742715   0.0000337953  -0.0000033094   0.0000009354   0.0000206840
12039  -0.0000274903   0.0000211820  -0.0000189063  -0.0000455649  -0.0001661808
12040   0.0001274030   0.0000263881  -0.0004409821   0.0000184704  -0.0000282960
12041  -0.0000627314  -0.0000085061   0.0000216075   0.0000540388   0.0000232608
12042  -0.0000188003   0.0000071897   0.0000472880   0.0000048874  -0.0000394831
12043  -0.0000395401   0.0000082882  -0.0000108352  -0.0000113362   0.0000909436
12044  -0.0001334674  -0.0000475913   0.0000221166  -0.0000131051  -0.0000255507
12045  -0.0000078740  -0.0001399852  -0.0001205412   0.0000262446  -0.0001270878
12046   0.0000401441  -0.0001582543  -0.0000665980   0.0001729839  -0.0001510589
12047   0.0000357462   0.0000136225  -0.0000259684   0.0000210535
121 1  -0.0000218783   0.0001034073  -0.0000050941   0.0000193123   0.0000847133
121 2   0.0000790306   0.0001061977  -0.0000893291   0.0001316885   0.0000477974
121 3  -0.0000398149   0.0001771953  -0.0000886887  -0.0001811264   0.0002045745
121 4   0.0002109181  -0.0004868214  -0.0012015809  -0.0003159300  -0.0000412569
121 5  -0.0000666989   0.0001942055  -0.0000278703  -0.0000427289   0.0001504489
121 6   0.0000325491  -0.0000149184  -0.0000187576  -0.0000416849  -0.0000482551
121 7  -0.0001440059  -0.0003869480   0.0003850051   0.0000722808  -0.0001032933
121 8   0.0000001472   0.0000645744  -0.0001215754  -0.0001159168  -0.0000864116
121 9   0.0000253370  -0.0000223952  -0.0000863779   0.0000059217   0.0000898131
12110   0.0000884708   0.0002956377   0.0002340976   0.0001872203   0.0002810930
12111   0.0000801561  -0.0000469438  -0.0000029002   0.0000823784  -0.0000722106
12112   0.0000003743   0.0000025859  -0.0001166276   0.0000749674  -0.0000860836
12113  -0.0001576654  -0.0001182646   0.0001610332   0.0000059159  -0.0000253363
12114   0.0000682729  -0.0000428767  -0.0000491097   0.0000710468   0.0000079787
12115  -0.0000528103   0.0000278426  -0.0000540883  -0.0001054085  -0.0000587494
12116   0.0000622299   0.0000312874   0.0001500539   0.0001419714   0.0000466591
12117  -0.0001462622  -0.0000986393   0.0000442864  -0.0000493358   0.0000768698
12118   0.0002699027  -0.0001647317   0.0000463550   0.0000741509  -0.0000092292
12119   0.0000723858   0.0000592000  -0.0001482196  -0.0001273697   0.0000996139
12120  -0.0000874450  -0.0001148678  -0.0000063003  -0.0002748181   0.0001890385
12121  -0.0000774899  -0.0001483700  -0.0000814895  -0.0001748268  -0.0003000777
12122  -0.0001285659   0.0000642966  -0.0001082845  -0.0000932745  -0.0000157699
12123   0.0000333048  -0.0000754494  -0.0000575580   0.0000468719   0.0001492758
12124  -0.0000810239  -0.0000056799   0.0001614606   0.0000166068  -0.0001477403
12125   0.5157621330  -0.0687088998  -0.0021574854  -0.1658556021  -0.0629057834
12126   0.0077598691   0.0022463337  -0.0076080050   0.0011582569  -0.0448891621
12127  -0.0094272968   0.0040861593   0.0023529284   0.0041667448  -0.0007743398
12128  -0.0014359283   0.0009497375   0.0006646689   0.0025506709  -0.0005948221
12129  -0.0004397883  -0.0040894621  -0.0011968390   0.0006144707   0.0019404491
12130  -0.0033465632   0.0002103980  -0.0016341200   0.0010523681  -0.0000732731
12131   0.0004037733  -0.0000123417   0.0000424287   0.0001487386  -0.0000825233
12132  -0.0000086184  -0.0002203390  -0.0000775210   0.0002545908   0.0001308328
12133   0.0001059430   0.0003415179  -0.0006351237  -0.0002976385  -0.0002001025
12134   0.0001464783  -0.0002083301  -0.0000241434  -0.0000471757   0.0002618323
12135  -0.0000322785   0.0000400926   0.0001194012   0.0000653256  -0.0005059874
12136   0.0002980027  -0.0001579318  -0.0003810100  -0.0007550155   0.0001166961
12137  -0.0466031844  -0.0082146165  -0.0169021074  -0.0463414734   0.0140229211
12138  -0.0177126136  -0.2117135544   0.1360907813   0.0254196279   0.0004011028
12139   0.0035374405  -0.0002374587  -0.0003083288   0.0018717604   0.0002183356
12140  -0.0001108126   0.0020873370  -0.0011614332  -0.0001219537  -0.0001663604
12141   0.0000088971   0.0000724351  -0.0000490229  -0.0000427618  -0.0014538656
12142  -0.0002272839   0.0001457400   0.0000309387  -0.0000132801  -0.0000201292
12143  -0.0000323615  -0.0000095294  -0.0000725918  -0.0000061890   0.0000524645
12144   0.0000281120  -0.0000162278  -0.0000041580  -0.0000183668   0.0000026295
12145   0.0000946913   0.0000752306  -0.0000192252  -0.0000025525  -0.0000150753
12146   0.0000395750  -0.0000433620   0.0000357633   0.0000685704  -0.0000583411
12147   0.0000745275   0.0000006154  -0.0000248250  -0.0000426003
122 1  -0.0000099414   0.0001078624   0.0000539175   0.0000062025   0.0000621652
122 2   0.0000646412   0.0001982159  -0.0001353288   0.0002073870  -0.0001723558
122 3  -0.0000154829   0.0002529244  -0.0000092772  -0.0000661974   0.0000199621
122 4  -0.0000329512  -0.0007052528  -0.0026190397  -0.0000830194  -0.0002042053
122 5  -0.0000709156   0.0003819332  -0.0001975008  -0.0000093410   0.0000869500
122 6   0.0000355161   0.0000446946  -0.0000233584  -0.0000858157  -0.0001097909
122 7  -0.0002757585  -0.0001315814   0.0002375941  -0.0000355550  -0.0000870545
122 8   0.0001290448   0.0000448795  -0.0000958717  -0.0001107889  -0.0001063360
122 9   0.0001067022  -0.0000645764  -0.0001410333  -0.0000188340   0.0000425252
12210   0.0001335632   0.0001752727   0.0000133124   0.0002269758   0.0003138930
12211   0.0001734353   0.0000489758   0.0000208361   0.0000768307  -0.0001934212
12212  -0.0000172319  -0.0000160899  -0.0000232775   0.0001246221  -0.0002709384
12213  -0.0000082389  -0.0002135490  -0.0000416448   0.0001174400   0.0000609249
12214   0.0001593298  -0.0000893300  -0.0000043322   0.0001082134  -0.0000140990
12215  -0.0000243510   0.0000256545  -0.0000008358  -0.0001013352  -0.0001245352
12216   0.0000164038   0.0001067684   0.0001333532   0.0000628327   0.0001708779
12217  -0.0001659614  -0.0001020757   0.0000088005  -0.0000403026   0.0000779565
12218   0.0003341948  -0.0002263204   0.0000144445   0.0000871377  -0.0000478429
12219   0.0000156485  -0.0001524757  -0.0000484869   0.0000198725   0.0002660793
12220  -0.0002349446  -0.0001845353  -0.0001537036  -0.0004012082  -0.0000042902
12221  -0.0000292746  -0.0000204449   0.0000848863  -0.0002100701  -0.0000191309
12222  -0.0001554763  -0.0001816587  -0.0001664700  -0.0001044303   0.0001047953
12223   0.0000349305  -0.0001127798   0.0000341536   0.0000960628   0.0001104509
12224   0.0000034734   0.0001127772   0.0002038235  -0.0000161656   0.0000350819
12225  -0.0687088998   0.5383596032  -0.0097881671  -0.0507205089  -0.1420231949
12226   0.0050600273  -0.0207131291  -0.0226544904   0.0019625692   0.0012535948
12227   0.0172480946   0.0001948694   0.0042554382  -0.0015367858  -0.0005888614
12228   0.0013594645   0.0005586082   0.0005323431   0.0000903624   0.0010522291
12229  -0.0003240294  -0.0021790929  -0.0000122452   0.0005169468   0.0066695538
12230  -0.0028085182  -0.0010063977   0.0010894227   0.0003489347  -0.0001039978
12231  -0.0009017723  -0.0005398314  -0.0000475369   0.0007447578  -0.0003731108
12232  -0.0001304207  -0.0004545740  -0.0000604606   0.0004211897  -0.0001942384
12233   0.0003254311   0.0005419739  -0.0004870907  -0.0002375930  -0.0004389817
12234   0.0001922714  -0.0003092679  -0.0000564704  -0.0000494919   0.0002317651
12235  -0.0000271336   0.0004456004  -0.0000469602   0.0001704263  -0.0005037464
12236   0.0009922250  -0.0003857670  -0.0002147249  -0.0013632917  -0.0000616642
12237  -0.0071298867  -0.1071416230  -0.0985377739   0.0167753511  -0.1323322002
12238   0.1222922166   0.1215376175  -0.1426976701  -0.0178063928  -0.0035515498
12239  -0.0003594860   0.0003167996  -0.0002147011  -0.0016556974   0.0012375564
12240  -0.0003770535  -0.0011428414  -0.0006230678  -0.0001737512  -0.0000900244
12241  -0.0000168544   0.0000881876  -0.0000712147  -0.0001202239   0.0020191257
12242  -0.0009658213  -0.0005858007   0.0000211541  -0.0000143805  -0.0000083594
12243  -0.0000310565  -0.0000288886  -0.0001035076   0.0000111213   0.0000607972
12244   0.0000573462  -0.0000067110  -0.0000122777  -0.0000135182   0.0000398984
12245   0.0001307347   0.0001589780  -0.0000079906  -0.0000058332   0.0000060981
12246   0.0000295482  -0.0000348040   0.0000377438   0.0000390365  -0.0000405687
12247   0.0000878471  -0.0000106157  -0.0000261440  -0.0000329039
123 1  -0.0000125189   0.0001500638   0.0001144376  -0.0000227509   0.0001783485
123 2   0.0000319252   0.0001350277  -0.0000981011   0.0001410978  -0.0001396517
123 3  -0.0000020943   0.0001287144   0.0000196039   0.0000100546  -0.0000998895
123 4   0.0000315051  -0.0014004172  -0.0034668482  -0.0000136518  -0.0001312467
123 5  -0.0002341123   0.0001989639  -0.0001345659   0.0000107229   0.0000022307
123 6   0.0000034042   0.0000320543  -0.0000093665  -0.0000411807  -0.0000048216
123 7   0.0004055074   0.0003404637  -0.0014326958  -0.0002439112  -0.0001372109
123 8   0.0000554086  -0.0000245299  -0.0000221720   0.0000121505  -0.0000145278
123 9   0.0001181361  -0.0000452286  -0.0001038369  -0.0000090099  -0.0000310482
12310  -0.0001389545  -0.0000489459   0.0001354533   0.0001530465   0.0001609374
12311   0.0000406554   0.0001286083   0.0000658196  -0.0000009904  -0.0001435929
12312  -0.0000307459  -0.0000280784   0.0000139503   0.0001082099  -0.0001853599
12313   0.0000339213  -0.0001393737  -0.0001461629   0.0001646449   0.0000471712
12314   0.0001134212  -0.0000973028   0.0000193056   0.0001025130   0.0000072646
12315  -0.0000083580   0.0000158185   0.0000680332  -0.0001803122  -0.0002369887
12316  -0.0001820101   0.0000332383   0.0000370433   0.0000714862   0.0001876908
12317   0.0000384361  -0.0000363170  -0.0000168446   0.0000122267  -0.0000123662
12318   0.0000977961   0.0000262241   0.0000023852   0.0000164886  -0.0000085787
12319   0.0000404620  -0.0002036608   0.0000884079   0.0000821136   0.0001758838
12320  -0.0001436006  -0.0000521511  -0.0000268438  -0.0001495509  -0.0001218746
12321   0.0000811739   0.0000737455   0.0001468228  -0.0000162889   0.0001343820
12322  -0.0000433721  -0.0001887372  -0.0000775417  -0.0000807558   0.0000428235
12323   0.0000818617   0.0000046169   0.0000382493  -0.0000059887  -0.0000112882
12324   0.0000042735   0.0000628994   0.0001125134  -0.0000253530   0.0000837525
12325  -0.0021574854  -0.0097881671   0.5172023680   0.0086519918   0.0095725605
12326  -0.0546217470   0.0019179991   0.0021651354  -0.0004398525   0.0042908908
12327   0.0001320460  -0.0007504420  -0.0006707928  -0.0005174461   0.0036407166
12328   0.0006537070  -0.0006874495   0.0014869853  -0.0015420371   0.0008981541
12329  -0.0001191782   0.0010682311   0.0004799841   0.0003132408  -0.0007415584
12330   0.0001653950  -0.0026957576   0.0015320379  -0.0004648310  -0.0006518380
12331  -0.0007712767  -0.0004515861   0.0002937610   0.0003059980  -0.0002209326
12332  -0.0000222234  -0.0001013034   0.0000857143   0.0000838347  -0.0001584919
12333  -0.0000047610   0.0001650000   0.0000334670  -0.0000586882  -0.0001941537
12334   0.0000055317  -0.0000254229   0.0000368453  -0.0000462136   0.0001636672
12335  -0.0000621755   0.0001354943  -0.0000345072  -0.0000373299  -0.0001335754
12336   0.0004223946  -0.0002106664  -0.0000174976  -0.0000794247  -0.0005133502
12337  -0.0162913419  -0.1003287144  -0.2041144290  -0.0214392295   0.1189432775
12338  -0.2038042334   0.0244984033  -0.0191405711  -0.0478651322   0.0001762147
12339  -0.0003378335   0.0004963916   0.0001560588  -0.0027552447  -0.0012315184
12340  -0.0001085451   0.0027780525  -0.0017678882  -0.0000986945  -0.0000401288
12341  -0.0004665619  -0.0000125098  -0.0000300633   0.0003165539   0.0004919588
12342   0.0001577864   0.0000865896  -0.0000078962   0.0000027902   0.0000181016
12343  -0.0000033624  -0.0000127562  -0.0000372679   0.0000132308   0.0000034691
12344   0.0000065879   0.0000024272  -0.0000017201   0.0000080502   0.0000006876
12345   0.0000168824   0.0000116446   0.0000035343  -0.0000002931   0.0000152428
12346   0.0000211595  -0.0000079292   0.0000323227   0.0000281141  -0.0000201020
12347   0.0001153955  -0.0000033030   0.0000031937   0.0000002468
124 1   0.0000044007  -0.0004553302  -0.0000997767  -0.0000896601  -0.0001279842
124 2  -0.0000383113   0.0000835029   0.0000886119  -0.0000965966  -0.0007215872
124 3   0.0002595515  -0.0002241459   0.0003692179   0.0006751114  -0.0008223861
124 4  -0.0001161299   0.0002829174   0.0008449655   0.0001305386   0.0000073915
124 5   0.0002275255   0.0000990073  -0.0003321379   0.0001815033  -0.0004551559
124 6  -0.0001781979   0.0001546052   0.0001677693   0.0000241748   0.0000784532
124 7   0.0003747530  -0.0001914299   0.0011718090   0.0001761271   0.0002727083
124 8  -0.0002081676  -0.0004204348   0.0004882244   0.0003038083   0.0002705228
124 9   0.0002111902  -0.0000337070  -0.0001000526  -0.0001890532  -0.0003244524
12410  -0.0003218250  -0.0007826633  -0.0000237138  -0.0003938300  -0.0006635232
12411  -0.0000522441   0.0004159245   0.0000951680  -0.0002946634  -0.0001929489
12412  -0.0000362311  -0.0001202988   0.0004436999   0.0001525966  -0.0002604451
12413   0.0009611470   0.0001859586  -0.0010001776   0.0000923872   0.0003175273
12414   0.0000112811   0.0000994537   0.0002120993  -0.0001005886  -0.0000271316
12415   0.0003532342   0.0000243184  -0.0000537689   0.0003652428   0.0002093894
12416   0.0000164282   0.0001696614  -0.0001594586  -0.0005482249   0.0002043623
12417   0.0005099579   0.0003110806  -0.0001675248   0.0002748326  -0.0002766505
12418  -0.0002227156   0.0004134944  -0.0000320872  -0.0001704556  -0.0003044865
12419  -0.0002078632  -0.0007595293   0.0007270448   0.0006627430   0.0000713195
12420  -0.0000506882  -0.0000250646  -0.0002690527   0.0008654330  -0.0010372478
12421   0.0003156623   0.0005236701   0.0006852060   0.0003829563   0.0015614630
12422   0.0002753407  -0.0006902370   0.0002718752   0.0000788591   0.0001366244
12423  -0.0000047371   0.0000143825   0.0003187893  -0.0000381440  -0.0003406014
12424   0.0003094092   0.0003519499  -0.0003505137  -0.0002471521   0.0009302286
12425  -0.1658556021  -0.0507205089   0.0086519918   0.6527315103  -0.0177968982
12426  -0.0369502442  -0.0955202392  -0.0018622442   0.0005803983  -0.2854264906
12427   0.0717891815   0.0166339301  -0.0606208836   0.0056673436   0.0061948964
12428   0.0072886864  -0.0134141116  -0.0006188157  -0.0112745662   0.0062538025
12429   0.0012269599   0.0110193133  -0.0032303570  -0.0013505942  -0.0147530809
12430   0.0324305331   0.0011262886   0.0062517344  -0.0052408610  -0.0009930093
12431  -0.0012233287   0.0003972247   0.0001256414  -0.0009236680  -0.0000298755
12432  -0.0003041884   0.0010247265   0.0016976961  -0.0004373673  -0.0015957199
12433  -0.0011186592  -0.0001932167   0.0031827269   0.0014049772  -0.0004326741
12434  -0.0006616842   0.0006038423   0.0000615789  -0.0000456446  -0.0007024305
12435  -0.0000276194   0.0005807119  -0.0002808130  -0.0000518495   0.0014984140
12436  -0.0021599862   0.0003603582  -0.0009961409   0.0032155943  -0.0018467609
12437  -0.0145231151  -0.0139050918  -0.0053517607  -0.0059641855  -0.0075017564
12438   0.0049198297  -0.0269565318  -0.0204299190   0.0016242774  -0.0031449330
12439   0.0340927784  -0.0024955811   0.0035394150  -0.0131902755   0.0056001459
12440   0.0019760919  -0.0067461696  -0.0027347150   0.0008274453   0.0013040037
12441   0.0000542464   0.0006244781  -0.0001814183   0.0002252656  -0.0010796015
12442  -0.0009023779   0.0004410676  -0.0001602029   0.0000582612   0.0000886726
12443   0.0001316519   0.0000003868   0.0001330978   0.0000778800  -0.0002376452
12444   0.0000141900   0.0000873942   0.0000125051   0.0000862437   0.0000571554
12445  -0.0002840434  -0.0001003970   0.0000967275   0.0000262780   0.0001015993
12446  -0.0001219118   0.0002130611   0.0000065478  -0.0001952204   0.0002239169
12447   0.0000943737   0.0000249741   0.0001267808   0.0001567737
125 1   0.0001208357   0.0000499639   0.0000826351  -0.0000019536  -0.0002034485
125 2   0.0000263381  -0.0002361501   0.0000223282  -0.0001510854   0.0002589405
125 3   0.0000273599  -0.0000627911  -0.0001338118  -0.0000114114   0.0002100372
125 4  -0.0000602906   0.0003967290   0.0007934840  -0.0000322042   0.0001852103
125 5   0.0002570627   0.0000641212   0.0000843022  -0.0000079460   0.0000824219
125 6   0.0001183366   0.0001029913  -0.0000722412   0.0000876635  -0.0001626615
125 7   0.0001181730   0.0002950276  -0.0001521102   0.0001634763   0.0002509101
125 8   0.0000295199   0.0000887028  -0.0000612506  -0.0002290316  -0.0001501468
125 9  -0.0003212921   0.0000051893   0.0002231630   0.0001194844   0.0001508558
12510   0.0004837329   0.0000355950  -0.0013335179  -0.0000993693  -0.0000701600
12511   0.0000511529  -0.0004410485  -0.0000101150   0.0000474552   0.0002746530
12512   0.0000865174   0.0000888244   0.0000194358  -0.0002955119   0.0001848534
12513  -0.0001325162  -0.0000222137   0.0002811700  -0.0001325523  -0.0000416410
12514   0.0000545925   0.0000373635  -0.0000407442  -0.0000436136  -0.0000874117
12515  -0.0001063609  -0.0001505257   0.0001110614   0.0000620244  -0.0000155703
12516   0.0001546203  -0.0001847001  -0.0001207257  -0.0000648688  -0.0003319808
12517  -0.0004165728  -0.0002820106  -0.0000452578  -0.0000538549   0.0001048910
12518  -0.0000443800  -0.0001672784  -0.0000185347   0.0001921673  -0.0000900698
12519  -0.0001315479   0.0001863755  -0.0002467545  -0.0000204399   0.0000746619
12520   0.0000730343   0.0001658949  -0.0002357530  -0.0003223956   0.0000785243
12521  -0.0001426766  -0.0001090260  -0.0002098036  -0.0000096692  -0.0002823326
12522   0.0000573816   0.0000940563  -0.0001386369   0.0001696151  -0.0000060336
12523  -0.0001967967   0.0001645441  -0.0000791929   0.0000215146  -0.0001480803
12524   0.0000760689  -0.0001485985  -0.0000048830   0.0001155340  -0.0001164024
12525  -0.0629057834  -0.1420231949   0.0095725605  -0.0177968982   0.6190421593
12526  -0.0220747006   0.0101343960  -0.2143081279   0.0082857392   0.0734844105
12527  -0.1555094807  -0.0026553783  -0.0100457399   0.0183403878  -0.0005298660
12528  -0.0036176208  -0.0003174300   0.0007210051   0.0051215835  -0.0022623366
12529  -0.0004528881  -0.0093258193  -0.0050094981   0.0013255404   0.0465976232
12530  -0.0265272739  -0.0026954374  -0.0026490073   0.0026149027   0.0002939048
12531   0.0008283967   0.0006300814  -0.0000874380   0.0003214557   0.0001837902
12532  -0.0001166579  -0.0003055501  -0.0003023918   0.0003466823   0.0003377451
12533   0.0001891768   0.0001568009  -0.0009054668   0.0000741994   0.0001959812
12534   0.0003126814  -0.0004415313  -0.0001512662   0.0001610128  -0.0004286525
12535   0.0002271430  -0.0002905706   0.0004167093  -0.0000475009  -0.0006274046
12536  -0.0010332261  -0.0000091706  -0.0015203021  -0.0006611085   0.0011849522
12537  -0.0205720704  -0.0151377395   0.0004795935  -0.0221711909  -0.0161320326
12538  -0.0003221617   0.0139136399   0.0087737018  -0.0008496443  -0.0001094101
12539  -0.0146102562   0.0008700721   0.0001829697  -0.0286506945   0.0004663954
12540  -0.0006982013  -0.0271575032   0.0090535824   0.0011778112  -0.0010766624
12541  -0.0003042647   0.0013038897  -0.0003411606  -0.0001290909  -0.0006764617
12542   0.0011015485  -0.0000660067   0.0000296140  -0.0000297484  -0.0000131898
12543  -0.0000377053   0.0000061182  -0.0000816511  -0.0000300287   0.0000951825
12544   0.0000637078  -0.0000266961  -0.0000146935  -0.0000530277   0.0000284078
12545   0.0001783055   0.0002238143  -0.0000310490  -0.0000100084  -0.0000400748
12546  -0.0000365562  -0.0000168643  -0.0000904956  -0.0000778216   0.0000622289
12547  -0.0004266969   0.0000400299  -0.0000033992  -0.0000132795
126 1   0.0001374922  -0.0001696647   0.0000571885  -0.0000846382  -0.0001639816
126 2   0.0000371126   0.0000849018  -0.0001542364   0.0000970352  -0.0004502445
126 3   0.0001924731   0.0002204199   0.0001462541   0.0004138782  -0.0002213715
126 4  -0.0000366988  -0.0000728595  -0.0001837580   0.0000104277  -0.0002206553
126 5  -0.0001070497   0.0006460762  -0.0004698842   0.0001561631  -0.0001662039
126 6  -0.0000731797   0.0002980462   0.0000295125  -0.0000284915  -0.0002524688
126 7  -0.0000281960   0.0009729949   0.0005092512   0.0002747138   0.0005754469
126 8   0.0000657642  -0.0003672054   0.0002999874  -0.0000987953  -0.0000153778
126 9  -0.0000975104  -0.0001752311  -0.0000793280  -0.0000795178  -0.0000769577
12610  -0.0002272591  -0.0008536242  -0.0000825255  -0.0000365637  -0.0002728976
12611   0.0001529084  -0.0001879908   0.0002260321  -0.0001585758  -0.0000598816
12612   0.0000956445  -0.0000570632   0.0003287735   0.0000315056  -0.0003462392
12613   0.0008586499   0.0001035132  -0.0007007491   0.0000175631   0.0003535944
12614   0.0003472169  -0.0000406996   0.0001701025   0.0000549671  -0.0001569704
12615   0.0001179739  -0.0000936896   0.0001182697   0.0000682747   0.0000242058
12616   0.0001434247  -0.0001096660  -0.0000564580  -0.0003507122   0.0000845042
12617  -0.0002547895  -0.0002913887  -0.0001520650   0.0001085452  -0.0001132088
12618   0.0002921327  -0.0000193822   0.0000065480   0.0003355111  -0.0005137061
12619  -0.0002154594  -0.0007458677   0.0002924487   0.0005379375   0.0006176292
12620  -0.0003468731   0.0000062712  -0.0007606530  -0.0001401295  -0.0008490217
12621  -0.0000211061   0.0003350159   0.0004722221   0.0000649154   0.0009346398
12622   0.0000673464  -0.0008253187  -0.0002726656  -0.0000735368   0.0001581271
12623  -0.0000136567   0.0002075844   0.0001626938   0.0000784340  -0.0003370406
12624   0.0003269343   0.0001971694  -0.0001200997  -0.0001703433   0.0006502753
12625   0.0077598691   0.0050600273  -0.0546217470  -0.0369502442  -0.0220747006
12626   0.1147266079   0.0019494498   0.0120848701  -0.0558494632   0.0179850322
12627  -0.0021424866  -0.0494371935   0.0014862352  -0.0005576326   0.0070140950
12628   0.0018350643  -0.0012430047   0.0028091294  -0.0036435750   0.0017575541
12629  -0.0007107557   0.0015042912   0.0010244683   0.0036835571  -0.0007710852
12630  -0.0002044977   0.0062329605   0.0033969245  -0.0013242658  -0.0006226516
12631  -0.0014210113   0.0004653353   0.0000410751   0.0009223219  -0.0003538359
12632  -0.0005301512  -0.0001364065   0.0006671064   0.0007195205  -0.0009601661
12633  -0.0002495607   0.0007333287   0.0006410173   0.0007875979  -0.0008512999
12634   0.0002489180  -0.0005942812  -0.0002386243   0.0000890328  -0.0006218186
12635   0.0002034490   0.0006382565  -0.0000859021   0.0000459642   0.0000141742
12636  -0.0008331639  -0.0002201730  -0.0001967115  -0.0001468176  -0.0000249279
12637  -0.0187235234  -0.0110537674   0.0111807836   0.0203410444   0.0114872744
12638   0.0057702117   0.0028959766   0.0026941735  -0.0024668451   0.0002500400
12639  -0.0024605432  -0.0022616291   0.0049462160  -0.0186614029   0.0092594771
12640  -0.0036326039   0.0259281190   0.0072956202  -0.0001944923  -0.0001993281
12641  -0.0013834532  -0.0000220301   0.0001308586   0.0000114586   0.0000723321
12642   0.0000490495  -0.0012961313  -0.0000144303  -0.0000335507   0.0000201383
12643   0.0000036909  -0.0000427878  -0.0001540105   0.0000198833   0.0000229066
12644   0.0001856682   0.0000280451  -0.0000206879  -0.0000118828   0.0001101080
12645   0.0002197973   0.0004934683   0.0000359262  -0.0000051006   0.0000321498
12646  -0.0001147833   0.0000833715  -0.0000574681  -0.0002047204   0.0001667946
12647  -0.0002553551   0.0000056910   0.0000574854   0.0000904268
127 1  -0.0000577315   0.0000822291  -0.0000641269   0.0000581361   0.0000734572
127 2   0.0000051698   0.0000175277  -0.0000113901   0.0000215840   0.0001745612
127 3  -0.0001152498   0.0000264363  -0.0000842042  -0.0002323603   0.0002093140
127 4  -0.0000067737   0.0000910703   0.0001095991  -0.0000085460  -0.0000563543
127 5  -0.0001847244  -0.0001660250   0.0001834336  -0.0000892497   0.0000633163
127 6  -0.0000367523  -0.0001427855   0.0000329938  -0.0000156193   0.0000875118
127 7   0.0002816714  -0.0003217531  -0.0000477445  -0.0000239216  -0.0001681707
127 8  -0.0001025266   0.0001396410  -0.0001509828  -0.0000288182   0.0000165053
127 9   0.0000294002   0.0000387525  -0.0000409390  -0.0000548311   0.0000161355
12710  -0.0000160862   0.0002110732   0.0017789694  -0.0000454999   0.0001644769
12711  -0.0000519340   0.0000344649  -0.0000491449   0.0000740217  -0.0000011472
12712  -0.0000151862  -0.0000175273  -0.0001808509   0.0000673768   0.0000801547
12713  -0.0002512776   0.0000211581   0.0003235438  -0.0000483274  -0.0000835758
12714  -0.0000685896  -0.0000100110  -0.0000398674   0.0000116222   0.0000744616
12715  -0.0000048566   0.0001054717  -0.0000702245  -0.0000738560   0.0000274725
12716  -0.0000605395   0.0000611690   0.0000656510   0.0002500181   0.0000158430
12717   0.0000879019   0.0000591000   0.0001194304  -0.0000915435   0.0000341423
12718   0.0000384222   0.0000941483   0.0000568384  -0.0000583885   0.0001177370
12719   0.0001082740   0.0002868863  -0.0001643676  -0.0002638204  -0.0001918779
12720   0.0000784773   0.0000240739   0.0002833859  -0.0001337217   0.0003656842
12721  -0.0000971988  -0.0001775684  -0.0002280207  -0.0000843865  -0.0004431938
12722  -0.0000633426   0.0002967305   0.0000505899  -0.0000986093  -0.0000572861
12723  -0.0000271349  -0.0000903154  -0.0000729569  -0.0000015121   0.0001829351
12724  -0.0001516500  -0.0000778596   0.0000067375  -0.0000240892  -0.0002448836
12725   0.0022463337  -0.0207131291   0.0019179991  -0.0955202392   0.0101343960
12726   0.0019494498   0.5965851395  -0.0002483474   0.0036812297  -0.0067665871
12727   0.0355579810  -0.0017838525  -0.0022124795   0.0031419526   0.0001037313
12728  -0.0002992688   0.0017275106   0.0000777460   0.0021885163  -0.0006969177
12729  -0.0000438647  -0.0013193607   0.0013677652  -0.0000519165  -0.0043957508
12730  -0.0012501793   0.0008160703  -0.0020687405   0.0006589761   0.0001960192
12731   0.0009279473   0.0000967720  -0.0000126883  -0.0004251460   0.0001638490
12732   0.0002162559   0.0000493257  -0.0001966479  -0.0001945862   0.0003746750
12733   0.0000483723  -0.0001793829  -0.0003607699  -0.0003310370   0.0001804993
12734  -0.0000268656   0.0001125194   0.0000693717  -0.0000496547   0.0002893847
12735  -0.0000907864  -0.0002891887   0.0000647003  -0.0000158932   0.0000180405
12736   0.0000657620   0.0000922943   0.0001064224   0.0000659185   0.0001967878
12737  -0.0015777152  -0.0014515105  -0.0000875723  -0.0019428293  -0.0016645169
12738  -0.0005060482   0.0000030869  -0.0039846424   0.0003690368  -0.2999350308
12739   0.0497406789   0.0219562032  -0.1102936335  -0.0524669198  -0.0964626359
12740  -0.0722033372  -0.0219499825   0.0662606697  -0.0027142281   0.0018832795
12741   0.0002985607  -0.0004029472   0.0001144904  -0.0000726455   0.0000888864
12742  -0.0000003514  -0.0000684011   0.0000183567   0.0000078389  -0.0000281937
12743  -0.0000103702   0.0000112081   0.0000271218  -0.0000095769   0.0000067845
12744  -0.0000461642  -0.0000126213   0.0000083965   0.0000032382  -0.0000473425
12745  -0.0000432635  -0.0001261429  -0.0000156844   0.0000025989  -0.0000135724
12746   0.0000460477  -0.0000348084   0.0000315873   0.0000828368  -0.0000748710
12747   0.0001227261  -0.0000011164  -0.0000217688  -0.0000327034
128 1  -0.0001775907   0.0000886586  -0.0001535897   0.0000773397   0.0002486512
128 2   0.0000237558   0.0001642547  -0.0000007889   0.0000915242   0.0000620104
128 3  -0.0001574755   0.0000329706  -0.0000175195  -0.0003363347   0.0001641022
128 4   0.0001205119  -0.0000227194  -0.0001006203  -0.0000901260   0.0000018314
128 5  -0.0001695400  -0.0003310110   0.0002324574  -0.0000767656   0.0000263658
128 6  -0.0001663080  -0.0003072152   0.0001073661  -0.0000766265   0.0002289311
128 7  -0.0000304342  -0.0008053449  -0.0011290804   0.0000127569  -0.0006020565
128 8  -0.0001926584   0.0001078681  -0.0001431863   0.0000479071   0.0001551074
128 9   0.0002502811   0.0000403261  -0.0002135373  -0.0001851003  -0.0000961420
12810  -0.0004916558   0.0006050194   0.0027400049   0.0000415846   0.0001911928
12811  -0.0001046511   0.0003780290  -0.0001253450   0.0000667277  -0.0001649524
12812  -0.0000915176  -0.0001072305  -0.0002574336   0.0002602706   0.0000316800
12813  -0.0003429676   0.0000837776   0.0003338660   0.0000018692  -0.0001163632
12814  -0.0001987971   0.0000211098  -0.0000353111  -0.0000131083   0.0001836827
12815   0.0000903190   0.0002378454  -0.0002570023  -0.0000874538   0.0000946997
12816  -0.0001251862   0.0002449095   0.0002364445   0.0003589556   0.0001980524
12817   0.0004415090   0.0003120793   0.0001994931  -0.0000759633   0.0000367135
12818   0.0000255367   0.0000626967   0.0000647147  -0.0002399368   0.0001455774
12819   0.0002122171   0.0003270540  -0.0000867297  -0.0003752022  -0.0004071022
12820   0.0001018908  -0.0000719300   0.0005954617   0.0001674489   0.0005022162
12821  -0.0000435573  -0.0002211277  -0.0001710318  -0.0001506093  -0.0004627758
12822  -0.0001369077   0.0003998149   0.0002292802  -0.0001381806  -0.0001328991
12823   0.0002379413  -0.0003793580  -0.0000282289  -0.0000483451   0.0004325085
12824  -0.0002796864   0.0000144708  -0.0000177042  -0.0001014599  -0.0002716140
12825  -0.0076080050  -0.0226544904   0.0021651354  -0.0018622442  -0.2143081279
12826   0.0120848701  -0.0002483474   0.4617136565   0.0160910707   0.0256339529
12827  -0.0244307342  -0.0020044545  -0.0068665519   0.0020270165   0.0007844774
12828   0.0024095980  -0.0041525096   0.0000414157  -0.0004937142   0.0021744496
12829   0.0002162112   0.0007561737  -0.0010562407  -0.0009863183  -0.0019153975
12830   0.0057708434   0.0011579634   0.0005333195  -0.0007777049   0.0001913147
12831  -0.0001434832  -0.0007761899   0.0000461162  -0.0004503267   0.0000061521
12832   0.0004631550  -0.0000314720  -0.0002868651  -0.0005707628   0.0002785488
12833   0.0002312263  -0.0004776258   0.0000692160  -0.0005907859   0.0002168478
12834  -0.0002954421   0.0005233984   0.0002420868  -0.0001956471   0.0007523687
12835  -0.0003190967  -0.0001670903  -0.0000112242   0.0000028856   0.0001159495
12836   0.0006532681   0.0001155092  -0.0006137204   0.0003292380  -0.0002898711
12837   0.0009038179   0.0003077725   0.0007932739   0.0005433973  -0.0001134478
12838  -0.0012794665   0.0031858628   0.0000561782  -0.0002453692   0.0640075422
12839  -0.0573379179  -0.0058001685  -0.0544622037  -0.0865923391  -0.0812473185
12840  -0.0221554071  -0.0603997855   0.0562170898  -0.0007039681  -0.0002076879
12841   0.0002493431  -0.0000335019   0.0000556815   0.0000794237   0.0000096024
12842  -0.0002127570  -0.0000430977  -0.0000105692   0.0000487131  -0.0000385629
12843   0.0000134035   0.0000132006   0.0000948555   0.0000185373  -0.0000582127
12844  -0.0001309408  -0.0000050758   0.0000212242   0.0000454097  -0.0000808029
12845  -0.0002193721  -0.0003987288  -0.0000062071   0.0000119144   0.0000091681
12846   0.0000985716  -0.0000437459   0.0001178794   0.0001884797  -0.0001567217
12847   0.0004889151  -0.0000063254  -0.0000168113  -0.0000382815
129 1   0.0000711481  -0.0000890288   0.0000971017  -0.0000558079  -0.0001686685
129 2   0.0000566403  -0.0000831168   0.0000287845  -0.0001011415  -0.0001962095
129 3   0.0001580758  -0.0000760645   0.0000581229   0.0002981811  -0.0002588383
129 4  -0.0000568143   0.0001001684   0.0001832271   0.0000085199   0.0001469325
129 5   0.0002336482   0.0002772374  -0.0002459255   0.0000772892  -0.0001079856
129 6   0.0000396030   0.0002148066   0.0000045829   0.0000543268  -0.0001378477
129 7  -0.0000842856  -0.0001299980  -0.0012484468   0.0000788802   0.0003795737
129 8   0.0000304389  -0.0001589917   0.0001754401   0.0000489922  -0.0000375268
129 9  -0.0001131694  -0.0000240774   0.0000654639   0.0000177515  -0.0000177542
12910   0.0019347570  -0.0000319523  -0.0052096731  -0.0002361282  -0.0001839961
12911   0.0001779708  -0.0001605724   0.0000850388  -0.0000972389   0.0000481485
12912   0.0000528436   0.0000234940   0.0002191626  -0.0000922932  -0.0001084692
12913   0.0002231183  -0.0001782162  -0.0002074969   0.0000528351   0.0001310533
12914   0.0001369094   0.0000303994   0.0000595130  -0.0000131885  -0.0000847113
12915   0.0000427013  -0.0001224802   0.0000997761   0.0001918114  -0.0000121916
12916   0.0001547057  -0.0000490972  -0.0001268757  -0.0003705799  -0.0001493400
12917  -0.0002064776  -0.0001603059  -0.0001261249   0.0001357421  -0.0000252154
12918  -0.0000921690  -0.0001478095  -0.0000559538   0.0001404025  -0.0002804164
12919  -0.0001598521  -0.0003792291   0.0002044535   0.0003046049   0.0002487749
12920  -0.0000525224   0.0000628200  -0.0004885885  -0.0000046126  -0.0005805508
12921   0.0000919386   0.0001173694   0.0002729375   0.0001470461   0.0006026743
12922   0.0001509706  -0.0003242727  -0.0000713826   0.0002223944   0.0001695086
12923  -0.0003105327   0.0001179125   0.0000998351   0.0000363798  -0.0002708171
12924   0.0002028184   0.0000766758  -0.0000332138  -0.0000234182   0.0003458332
12925   0.0011582569   0.0019625692  -0.0004398525   0.0005803983   0.0082857392
12926  -0.0558494632   0.0036812297   0.0160910707   0.5063631220   0.0001580386
12927  -0.0022587891   0.0009783080  -0.0001649099  -0.0002749538  -0.0029044122
12928   0.0002848852  -0.0008604569   0.0004015852  -0.0018689698   0.0005746267
12929   0.0000403150   0.0009527105   0.0000648687   0.0013998959   0.0008964863
12930   0.0004540591   0.0035358798   0.0014206021  -0.0006439665  -0.0003077196
12931  -0.0004811195   0.0003800026  -0.0001817797   0.0002627910  -0.0001251116
12932  -0.0003168371   0.0001109901   0.0004784082   0.0002881489  -0.0005174499
12933  -0.0002644331   0.0003167426   0.0005444772   0.0005937080  -0.0002189021
12934   0.0000488507  -0.0001935934  -0.0001464898   0.0001102214  -0.0005830414
12935   0.0002052111   0.0003225366  -0.0000792746   0.0000854786   0.0001484002
12936  -0.0005764582  -0.0001218111  -0.0001283567   0.0000049229  -0.0001119865
12937  -0.0023567097  -0.0015582595  -0.0014481688   0.0021155098   0.0018427363
12938  -0.0012387635  -0.0003487365   0.0006246116   0.0004345119   0.0203644771
12939  -0.0040973813  -0.0451043680  -0.0963902481  -0.0767609914  -0.1816806611
12940   0.0673475206   0.0566234100  -0.2171826477   0.0003355690  -0.0002569842
12941   0.0000543137   0.0000789081  -0.0000020578  -0.0005345994  -0.0000871364
12942   0.0000953210  -0.0002900476  -0.0000207709  -0.0000190140   0.0000578467
12943   0.0000152039  -0.0000150665  -0.0000394427   0.0000101474  -0.0000030265
12944   0.0000757495   0.0000223894  -0.0000105897  -0.0000042434   0.0000611011
12945   0.0000758970   0.0002082435   0.0000224009  -0.0000012168   0.0000190572
12946  -0.0000764538   0.0000680477  -0.0000786888  -0.0001510513   0.0001387550
12947  -0.0002777059  -0.0000020487   0.0000292769   0.0000500729
130 1  -0.0000722924   0.0002820353   0.0000620123   0.0000175383   0.0000868569
130 2  -0.0000296879  -0.0001635812   0.0001265123  -0.0001902025   0.0006530651
130 3  -0.0002372472  -0.0002530532  -0.0002093588  -0.0005140844   0.0004681482
130 4   0.0001455934   0.0000984239  -0.0000705801  -0.0001790614   0.0001228428
130 5   0.0006397102  -0.0005890482   0.0003353788   0.0000280136   0.0004347320
130 6   0.0002688483  -0.0001703734  -0.0001516296   0.0000303662   0.0000754185
130 7  -0.0001811914   0.0001136946  -0.0018854724  -0.0005672069  -0.0000388645
130 8   0.0023370434   0.0004020205  -0.0004048351   0.0000357666  -0.0001219358
130 9  -0.0001237635   0.0002119553   0.0001741294   0.0002374754   0.0002832598
13010  -0.0000168067   0.0007054239  -0.0002776468   0.0004182022   0.0004887349
13011  -0.0000613823  -0.0001139741  -0.0001406848   0.0001554390   0.0001346896
13012  -0.0000408218   0.0002057500  -0.0003901123  -0.0001930049   0.0002877411
13013  -0.0010688316  -0.0001852771   0.0007450921  -0.0001216419  -0.0004226444
13014  -0.0003084758   0.0000670617  -0.0002961434  -0.0000427393   0.0000445244
13015  -0.0003416352  -0.0001004231  -0.0000270559  -0.0001200598  -0.0000986559
13016   0.0000039082  -0.0000734588   0.0001622799   0.0002862245  -0.0003810861
13017  -0.0001053479   0.0000608722   0.0001006737  -0.0000954574   0.0002176565
13018  -0.0001640823  -0.0003487893  -0.0000617023  -0.0000150493   0.0007415677
13019   0.0002196356   0.0008113848  -0.0004066478  -0.0005815489  -0.0004388170
13020   0.0003106621  -0.0000529277   0.0005526181  -0.0004181218   0.0009539847
13021  -0.0001595877  -0.0001450618  -0.0006318378  -0.0001837743  -0.0012046368
13022  -0.0001536874   0.0008215651   0.0000262034  -0.0000197590  -0.0000683430
13023   0.0000184807  -0.0000646481  -0.0003005249   0.0000950274   0.0003403241
13024  -0.0002762099  -0.0003206690   0.0003948436   0.0003434499  -0.0008656067
13025  -0.0448891621   0.0012535948   0.0042908908  -0.2854264906   0.0734844105
13026   0.0179850322  -0.0067665871   0.0256339529   0.0001580386   0.6860890924
13027  -0.0111163057  -0.0391056094  -0.2082814989  -0.1079672030   0.0119999445
13028  -0.0568872778   0.0065211788   0.0049831083   0.0070807361  -0.0169356557
13029  -0.0010541580   0.0044855049   0.0327129625  -0.0010184929  -0.1074645522
13030   0.0173507819   0.0015321118  -0.0073029902   0.0042170106   0.0008666352
13031   0.0023131498  -0.0004142910  -0.0000583186   0.0003776392   0.0003704349
13032   0.0002931659  -0.0002247151  -0.0018480959   0.0000312410   0.0012184997
13033   0.0005068773  -0.0004598633  -0.0021724866  -0.0010859073   0.0007635411
13034   0.0003196414  -0.0000700212   0.0000484347   0.0000505645   0.0006158829
13035  -0.0000022201  -0.0006763534   0.0003598434  -0.0003211628  -0.0029000245
13036   0.0014878741   0.0003211272   0.0035727742   0.0035539040  -0.0002649127
13037   0.0052353537   0.0047044154   0.0007897518   0.0039498563   0.0034691932
13038  -0.0014235117  -0.0009432799  -0.0021980525  -0.0001434934   0.0009876481
13039  -0.0025875767   0.0001060300   0.0000048848  -0.0059002974  -0.0011813202
13040   0.0001369600  -0.0069947911   0.0023119052   0.0071779779   0.0032029711
13041  -0.0011790208  -0.0046982636   0.0014690977   0.0007605676   0.0062372337
13042  -0.0238888034  -0.0000808881   0.0001459634  -0.0000657162  -0.0000403373
13043  -0.0000806695   0.0000320946   0.0000415981  -0.0000842582   0.0001210790
13044  -0.0001116748  -0.0000641135   0.0000163470  -0.0000517847  -0.0001099452
13045   0.0000706463  -0.0001258993  -0.0000549185  -0.0000208089  -0.0000853527
13046   0.0001000483  -0.0001763686  -0.0000177743   0.0001704925  -0.0002112643
13047  -0.0000033712  -0.0000556004  -0.0000796798  -0.0000444982
131 1  -0.0000503513  -0.0002950328  -0.0001212634  -0.0001788498   0.0001517209
131 2   0.0000838991   0.0001212140   0.0003147904  -0.0001366999  -0.0002761490
131 3   0.0000905617  -0.0004059463   0.0002574502   0.0002976826  -0.0004557554
131 4   0.0001105641   0.0000465892   0.0001612613   0.0000862440  -0.0008943975
131 5  -0.0021111595  -0.0007203533  -0.0003471753   0.0008719367  -0.0002700999
131 6  -0.0000994077   0.0000984356   0.0001415281   0.0000317824   0.0000890525
131 7   0.0000203644  -0.0001187006   0.0005455065  -0.0001418220   0.0003147115
131 8   0.0011902215  -0.0002867292   0.0001509477   0.0004698495   0.0002662853
131 9   0.0000791457   0.0001806485  -0.0001227475  -0.0001061317  -0.0001717849
13110  -0.0000632281  -0.0003787231   0.0000329382  -0.0000875588  -0.0003198309
13111  -0.0001252936   0.0003757098   0.0001870313  -0.0003622796  -0.0001048434
13112  -0.0000128151  -0.0000149357   0.0001184541   0.0001748701  -0.0000855875
13113   0.0002899440   0.0000949530  -0.0004904269  -0.0000529052   0.0000345428
13114  -0.0000845599   0.0001617629   0.0000086218  -0.0000187997  -0.0000016646
13115   0.0001135108   0.0000583428  -0.0000652388   0.0001516489   0.0001003836
13116  -0.0000576183  -0.0000168496  -0.0001312253  -0.0003345405  -0.0002249581
13117   0.0006949859   0.0003853893  -0.0000605335   0.0002307485  -0.0002102639
13118  -0.0001415918   0.0002872911  -0.0000909205   0.0001879433   0.0000025764
13119   0.0001042401  -0.0002903756   0.0006247500   0.0001986215  -0.0001530239
13120   0.0001288684   0.0000098690  -0.0000480185   0.0004620959  -0.0005508818
13121   0.0001576088   0.0004128852   0.0002781827   0.0003618733   0.0008906554
13122   0.0002058818  -0.0001128800   0.0001869211  -0.0001308112   0.0001290013
13123   0.0000888354   0.0000644145   0.0000720997   0.0000986822  -0.0000455898
13124   0.0000616825   0.0000925024  -0.0000884216  -0.0001186881   0.0002747603
13125  -0.0094272968   0.0172480946   0.0001320460   0.0717891815  -0.1555094807
13126  -0.0021424866   0.0355579810  -0.0244307342  -0.0022587891  -0.0111163057
13127   0.6492793570  -0.0103247846  -0.0682512842  -0.1834926882   0.0101601493
13128  -0.0247655673   0.0301266249  -0.0008977245  -0.0190701463  -0.0191650770
13129   0.0009542557   0.0576025865  -0.0198505417  -0.0055520827  -0.0214249460
13130  -0.2660005621   0.0050150937   0.0063320362  -0.0030297341  -0.0001066082
13131  -0.0023365320  -0.0005409738   0.0001377113   0.0008081014  -0.0000631871
13132  -0.0000082707   0.0007908092  -0.0004480451  -0.0002419781   0.0003826246
13133  -0.0012461802  -0.0006606553   0.0009775096   0.0002418459   0.0001804749
13134  -0.0001242902   0.0004768504   0.0000213302   0.0000489116   0.0001168296
13135   0.0000157658  -0.0008895925  -0.0007682590  -0.0006791229   0.0011830637
13136   0.0021121576   0.0007502784   0.0098819802   0.0044758682  -0.0022979799
13137  -0.0027054737  -0.0020261492  -0.0011751644  -0.0018267290  -0.0014699208
13138   0.0010143770  -0.0042902685  -0.0030523502   0.0004516783  -0.0004293572
13139  -0.0052029902   0.0003882571   0.0005540165   0.0023276544   0.0000333988
13140   0.0008245445   0.0027767113  -0.0007309455  -0.0234314986  -0.0119149856
13141   0.0019327236   0.0008401087   0.0013573757   0.0011783652   0.0034830678
13142  -0.0115616106   0.0006941588   0.0000219180  -0.0000403472   0.0000725483
13143   0.0000425750   0.0000124334   0.0001628280  -0.0000682384  -0.0001032569
13144  -0.0000947434   0.0000318700   0.0000359896   0.0000561874  -0.0000852641
13145  -0.0001784038  -0.0001149094   0.0000659519  -0.0000039349   0.0000341783
13146  -0.0000248821   0.0000191772  -0.0000509535  -0.0000714353  -0.0000193826
13147   0.0001661499  -0.0001442612   0.0000376393   0.0001419264
132 1  -0.0000973680   0.0000000321   0.0000896149   0.0000981515   0.0000166327
132 2   0.0000713741   0.0000122327   0.0000481879  -0.0000342483  -0.0000496425
132 3  -0.0000647683  -0.0002765332  -0.0000335637  -0.0001436340  -0.0001518881
132 4   0.0000287510  -0.0001562710   0.0001620114  -0.0003331203  -0.0006457317
132 5  -0.0005468206  -0.0001671903   0.0001841536  -0.0001777390   0.0002225203
132 6   0.0002506198  -0.0000299879  -0.0001361519   0.0000775250  -0.0000246178
132 7   0.0000089262  -0.0001084044  -0.0014110855   0.0002648678  -0.0004361313
132 8  -0.0012091904   0.0001609987  -0.0001167882   0.0001894496  -0.0001334242
132 9   0.0001637339   0.0001000705   0.0000430377   0.0001910675   0.0000613574
13210  -0.0001643217   0.0006789572   0.0000410350   0.0002273402   0.0002998308
13211   0.0000833186   0.0001635067  -0.0001461275   0.0001263778  -0.0001095744
13212  -0.0001085963   0.0001202801  -0.0001701054  -0.0000453384  -0.0001306611
13213  -0.0004243303  -0.0002691343   0.0000502012   0.0000903719  -0.0002868579
13214  -0.0000810968   0.0000435393  -0.0001264391   0.0000381349   0.0000575274
13215  -0.0000696785  -0.0001052084  -0.0000376234   0.0002242025   0.0000764898
13216   0.0000290358   0.0000931488   0.0000623289  -0.0000654457  -0.0001308236
13217   0.0001170965   0.0001733270  -0.0000097539   0.0000805575   0.0000076977
13218  -0.0000798189  -0.0000285289   0.0000213548  -0.0002154944   0.0005161124
13219  -0.0000065576   0.0002474878   0.0000194764   0.0000081362  -0.0002157568
13220   0.0001362966  -0.0003322868   0.0003607212   0.0001647938   0.0003424347
13221   0.0001484199  -0.0001180705  -0.0001538669   0.0000890992  -0.0002058170
13222   0.0000182949   0.0002354943   0.0000964862  -0.0000235997   0.0000565297
13223   0.0000767627  -0.0000474553  -0.0000610131  -0.0000512482   0.0000460992
13224  -0.0001560729  -0.0000276522   0.0004467011   0.0001843654  -0.0002611360
13225   0.0040861593   0.0001948694  -0.0007504420   0.0166339301  -0.0026553783
13226  -0.0494371935  -0.0017838525  -0.0020044545   0.0009783080  -0.0391056094
13227  -0.0103247846   0.1541486195   0.0165151821   0.0129867658  -0.0576258437
13228   0.0018478349  -0.0007609151   0.0032464225   0.0014511641   0.0005773325
13229  -0.0070405500  -0.0034139271  -0.0005907394   0.0039769839   0.0047306554
13230  -0.0004810480  -0.0617086485  -0.0013584600   0.0004925421  -0.0003624359
13231   0.0005305817  -0.0003647644  -0.0002343456  -0.0006066890   0.0000253623
13232   0.0000807767   0.0001898871   0.0002360734  -0.0001808752   0.0003921253
13233  -0.0001655122  -0.0003682618  -0.0000249868  -0.0002011290   0.0003517177
13234  -0.0002190946   0.0003359697   0.0000885940  -0.0000417344   0.0001479074
13235  -0.0000332345  -0.0002197079  -0.0001400449   0.0001709453   0.0008006244
13236   0.0011738616   0.0017898613  -0.0013540639  -0.0011807951   0.0021496954
13237  -0.0011823690  -0.0003146259  -0.0003458588   0.0005966340  -0.0005429788
13238   0.0005900058   0.0006581352   0.0003560536   0.0002240417   0.0000276605
13239   0.0004138071   0.0003313755   0.0007479469  -0.0000407742   0.0004129696
13240  -0.0004420585   0.0011488134  -0.0010640251   0.0006329854   0.0006732722
13241   0.0027683082   0.0002142238   0.0001684491   0.0077077753  -0.0004330180
13242   0.0010822520   0.0026077404  -0.0000123724   0.0000103052   0.0000367417
13243   0.0000098596   0.0000136085   0.0000766885   0.0000016244  -0.0000300242
13244  -0.0000674201  -0.0000043008  -0.0000000707  -0.0000014999  -0.0000236388
13245  -0.0000936464  -0.0002355689  -0.0000124673   0.0000020339  -0.0000040891
13246   0.0000593717  -0.0000172690   0.0000291131   0.0000827153  -0.0000434582
13247   0.0000481260  -0.0000001752  -0.0000444415   0.0000373865
133 1  -0.0000458651  -0.0001339992  -0.0000736925  -0.0000055903  -0.0001468417
133 2  -0.0000753674   0.0001487890  -0.0001780496   0.0000443662  -0.0003853899
133 3   0.0001637915   0.0003738237  -0.0000213704   0.0004265678  -0.0002933556
133 4  -0.0000201280   0.0000303341  -0.0001606474  -0.0002073063  -0.0001155531
133 5   0.0001655722   0.0007052845  -0.0003849210  -0.0004500363  -0.0002015629
133 6  -0.0002272481   0.0000844601   0.0002038716  -0.0001075454  -0.0001330223
133 7  -0.0004145530   0.0002859842   0.0004457106   0.0004181719   0.0004269051
133 8   0.0017448663  -0.0001467516   0.0004422407  -0.0007554116   0.0002800291
133 9   0.0000331357  -0.0003440757  -0.0001763019  -0.0001966373  -0.0001473170
13310  -0.0001986143  -0.0007718299  -0.0003828327   0.0001275846  -0.0003316197
13311  -0.0002130259  -0.0001813017  -0.0000706474   0.0000438122  -0.0001372015
13312  -0.0000138353  -0.0000685358   0.0003167765   0.0000875497  -0.0001434948
13313   0.0008582066   0.0001707242  -0.0006359194   0.0000595613   0.0004497077
13314   0.0001862808  -0.0000491231   0.0001557404   0.0000169335   0.0000356808
13315   0.0002059242  -0.0000772593  -0.0000712075   0.0001491186   0.0002449362
13316   0.0003532713   0.0001672945  -0.0000164157  -0.0002935307   0.0003412003
13317  -0.0003008541  -0.0001784010  -0.0001641596   0.0000621198  -0.0000325007
13318   0.0001599654   0.0000550889   0.0000503838  -0.0001641052  -0.0005091973
13319  -0.0002005228  -0.0007020798   0.0000998676   0.0004231691   0.0005102192
13320  -0.0002980255   0.0001088811  -0.0004791125   0.0005079999  -0.0007788395
13321   0.0001268021   0.0003918845   0.0006051388  -0.0001919506   0.0007771160
13322  -0.0000528946  -0.0007515090  -0.0000266182   0.0001680922   0.0001426463
13323  -0.0000707223  -0.0001756873   0.0003177991   0.0000012927  -0.0000965249
13324   0.0003479994   0.0003787084  -0.0003813677  -0.0000283158   0.0007151675
13325   0.0023529284   0.0042554382  -0.0006707928  -0.0606208836  -0.0100457399
13326   0.0014862352  -0.0022124795  -0.0068665519  -0.0001649099  -0.2082814989
13327  -0.0682512842   0.0165151821   0.6658172636  -0.0233232142  -0.0288959383
13328  -0.2975654779   0.0887622534   0.0011997264  -0.0022583177   0.0477423970
13329  -0.0003286085  -0.0266127181  -0.0005485414   0.0021479898   0.0228789151
13330  -0.0335333367  -0.0004136835   0.0110136267  -0.0084982197  -0.0001786614
13331  -0.0050939983  -0.0002242052  -0.0000139198   0.0008405060  -0.0006234445
13332  -0.0001491926  -0.0009860128   0.0013756171   0.0002668280  -0.0011004676
13333   0.0003493709   0.0003820694   0.0011228289   0.0009270167  -0.0007861817
13334  -0.0000623925  -0.0004078287  -0.0001021617  -0.0000843875  -0.0004923334
13335   0.0000237320  -0.0001666544   0.0015100696   0.0001998269   0.0011773183
13336  -0.0064761188   0.0009354024  -0.0421941164  -0.0042188672   0.0029676689
13337  -0.0019976056  -0.0010316205   0.0005875586  -0.0015392996  -0.0008141606
13338   0.0007422081  -0.0011323580  -0.0011418283   0.0001915299  -0.0004289382
13339  -0.0008766994  -0.0001333644   0.0004635304   0.0010407509  -0.0000667434
13340   0.0003568829   0.0015611139   0.0013601473  -0.0541828027   0.0173862233
13341   0.0016395260  -0.0003557267  -0.0003547473  -0.0006041494   0.0004530297
13342   0.0022457663   0.0004080897  -0.0002278645   0.0001081958  -0.0000261417
13343   0.0000582397  -0.0000163135  -0.0001640217   0.0000976642  -0.0000288599
13344   0.0001649383   0.0000072829  -0.0000261476   0.0000258982   0.0001197989
13345   0.0000709222   0.0002400469   0.0000061508   0.0000080133   0.0000524326
13346  -0.0000842267   0.0001101127   0.0000669520  -0.0001243508   0.0001492410
13347  -0.0001026933   0.0001362561   0.0002158706   0.0000329953
134 1   0.0000613733  -0.0000077952   0.0000111462   0.0000194665  -0.0000845944
134 2  -0.0000806867  -0.0000702938  -0.0000544363  -0.0000346968  -0.0000319112
134 3   0.0000399089   0.0000191876   0.0000941621   0.0000233699  -0.0000562857
134 4  -0.0000090973  -0.0000141642   0.0000065877   0.0001001915   0.0000058584
134 5   0.0002635579   0.0000502614   0.0000880353   0.0003074589  -0.0001226060
134 6  -0.0000132568  -0.0000478840  -0.0000082118  -0.0000044979   0.0000369463
134 7   0.0001651536  -0.0000667212   0.0000477515   0.0003635419  -0.0006361411
134 8  -0.0017322256  -0.0000976022  -0.0001839377  -0.0002513581  -0.0000984986
134 9   0.0000091171  -0.0000375076   0.0000326692  -0.0000428613  -0.0000310433
13410   0.0000827034  -0.0001143314   0.0002304764  -0.0002662692  -0.0001019597
13411   0.0001245625   0.0000617304   0.0000639345  -0.0001005950   0.0000356796
13412   0.0000534643  -0.0000436668   0.0000431218   0.0000441026  -0.0000809207
13413   0.0000958320   0.0000233063   0.0000497565   0.0000485539  -0.0000154334
13414   0.0000512256  -0.0000352037   0.0000418303   0.0000370419  -0.0000613181
13415   0.0000060134   0.0001158434   0.0000211379  -0.0000267727  -0.0001139561
13416  -0.0001118977  -0.0000781728   0.0000206645   0.0000066710   0.0001020952
13417   0.0000593606   0.0000114596   0.0000608068  -0.0000421520  -0.0000121935
13418   0.0000089067  -0.0000375960   0.0000150789   0.0000767146  -0.0002050822
13419  -0.0000735546  -0.0000333192  -0.0000210138  -0.0000164772  -0.0000044132
13420  -0.0000613842   0.0000160744  -0.0000614160  -0.0000994680  -0.0000352448
13421  -0.0000448613  -0.0001652402  -0.0000443476   0.0000956415   0.0000437906
13422   0.0000585142   0.0000228080  -0.0000308519  -0.0000024655  -0.0000592164
13423  -0.0000101844   0.0000535102  -0.0000009854  -0.0000105901  -0.0000814278
13424   0.0000384262  -0.0000343790  -0.0000132458  -0.0001354007   0.0000531245
13425   0.0041667448  -0.0015367858  -0.0005174461   0.0056673436   0.0183403878
13426  -0.0005576326   0.0031419526   0.0020270165  -0.0002749538  -0.1079672030
13427  -0.1834926882   0.0129867658  -0.0233232142   0.6867153832  -0.0270473689
13428   0.1174258698  -0.1521316361   0.0010622321   0.0293919608  -0.0136786821
13429  -0.0001574369  -0.0008348776  -0.0023332540   0.0001341004  -0.0229706877
13430  -0.0281795184   0.0020603196  -0.0008605287  -0.0066648500   0.0005824909
13431  -0.0008931096  -0.0002265533   0.0000073423  -0.0000671180   0.0003666645
13432  -0.0000509375   0.0002058683   0.0005002892  -0.0001112061  -0.0001607086
13433  -0.0009280757  -0.0001114626   0.0001801841   0.0003883289   0.0000049054
13434  -0.0001345447   0.0000215606   0.0000326004  -0.0000043502  -0.0000824870
13435  -0.0000082235  -0.0017174768   0.0017407271  -0.0001764665  -0.0028791776
13436  -0.0055638663   0.0012614276  -0.0177604364   0.0130855763   0.0006190840
13437  -0.0002903490  -0.0003963113   0.0000282717  -0.0001921267  -0.0003348643
13438  -0.0000394745   0.0008477546   0.0006153246  -0.0000636032  -0.0002491172
13439  -0.0005351370   0.0000957066  -0.0004905200   0.0008191318  -0.0008408235
13440  -0.0006447930   0.0008330686   0.0003150953   0.0190872500  -0.3249516417
13441   0.0123481673  -0.0000500203   0.0008194249   0.0001588657   0.0011388300
13442  -0.0045926860   0.0000856811  -0.0001515010   0.0001084045   0.0000069391
13443   0.0000391316   0.0000468676   0.0000100167   0.0000011692  -0.0000235064
13444   0.0000047909  -0.0000140455   0.0000116968   0.0000024147  -0.0000029194
13445  -0.0000248721  -0.0000366591  -0.0000093940   0.0000121255   0.0000088897
13446   0.0000024068   0.0000364648   0.0000140057  -0.0000061673   0.0000410470
13447  -0.0000275589   0.0001329000   0.0001282736   0.0000414260
135 1  -0.0000586196  -0.0000117941  -0.0000614238  -0.0000535571  -0.0000012698
135 2   0.0000233538   0.0001455002   0.0000036792  -0.0002420060   0.0000072905
135 3  -0.0000159645  -0.0001936046  -0.0001577450   0.0000528885  -0.0001744040
135 4   0.0000655923   0.0000546010  -0.0000981468  -0.0000683438  -0.0004281179
135 5  -0.0003773306  -0.0001782132  -0.0002355218  -0.0002810648   0.0002678343
135 6   0.0000861324  -0.0000007910   0.0000757285   0.0000448241  -0.0000437946
135 7  -0.0006484905   0.0001501573  -0.0004963432  -0.0004265969   0.0005272218
135 8   0.0007245114   0.0002009907   0.0002134482  -0.0003665137   0.0002947594
135 9   0.0000980283  -0.0000238564  -0.0001171663   0.0000600338   0.0000387412
13510  -0.0003770684   0.0002774823  -0.0007065865   0.0006285061   0.0001250593
13511  -0.0001570257   0.0001212748  -0.0001585700   0.0000190775  -0.0001917764
13512  -0.0001230134   0.0001061684  -0.0000653500  -0.0000539126  -0.0000573273
13513  -0.0001937675  -0.0001576634  -0.0001310401   0.0000503463   0.0000646057
13514  -0.0001051334   0.0000969740  -0.0001131093   0.0000119302   0.0000629859
13515   0.0000446377  -0.0002723478  -0.0001033814   0.0001533066   0.0001390899
13516   0.0001825755   0.0001391371   0.0000683955  -0.0001821876  -0.0001875812
13517   0.0001423541   0.0001861373  -0.0001529370   0.0001273109  -0.0001103074
13518  -0.0001881658   0.0001408246   0.0001284397  -0.0001866696   0.0004763301
13519   0.0000027794   0.0000381784   0.0000437896   0.0001722835  -0.0000571467
13520   0.0000967019  -0.0001386338   0.0001885949   0.0006258632   0.0000212030
13521   0.0000716331   0.0002998628   0.0001571609  -0.0001393525   0.0001066293
13522  -0.0000608454  -0.0000901106   0.0001188095   0.0001622347   0.0000395743
13523   0.0002150956  -0.0002184688   0.0000164888   0.0000905157   0.0001740328
13524   0.0000258953   0.0001231216   0.0001518114   0.0003264360   0.0000439438
13525  -0.0007743398  -0.0005888614   0.0036407166   0.0061948964  -0.0005298660
13526   0.0070140950   0.0001037313   0.0007844774  -0.0029044122   0.0119999445
13527   0.0101601493  -0.0576258437  -0.0288959383  -0.0270473689   0.1028616156
13528   0.0080881366  -0.0000849148  -0.0442774400  -0.0016080029   0.0022859763
13529   0.0057567919   0.0010416049  -0.0001648192  -0.0032169806  -0.0002419814
13530   0.0024583327   0.0076873889  -0.0001458846   0.0005149108   0.0032286837
13531   0.0001059726  -0.0004804057  -0.0003064864  -0.0002997820  -0.0000421755
13532  -0.0008127150   0.0002224352   0.0002965086   0.0001045713   0.0001849018
13533  -0.0003583096   0.0001479801   0.0001478290  -0.0000664060  -0.0001391351
13534  -0.0001051075   0.0001534455  -0.0000696010  -0.0001086269   0.0002184982
13535  -0.0000186156   0.0000463486   0.0000038462   0.0003256347   0.0001802095
13536   0.0008498580   0.0012703834   0.0028717500  -0.0012799544   0.0022238800
13537   0.0009599416   0.0004301790  -0.0000124916  -0.0006020587  -0.0000246751
13538  -0.0001116392   0.0000619905  -0.0000401110   0.0004479490   0.0001726215
13539   0.0001312230   0.0001485464   0.0004162529   0.0000474012  -0.0000146040
13540  -0.0004373957  -0.0004041522   0.0001343973   0.0002865774   0.0125201289
13541  -0.0284818101  -0.0000425977  -0.0000595065  -0.0005630428   0.0000784946
13542  -0.0000273170   0.0033401518  -0.0000150015   0.0000239398   0.0000078933
13543  -0.0000007778   0.0000252375   0.0001350250  -0.0000217881  -0.0000387779
13544  -0.0000124959  -0.0000017572   0.0000077358   0.0000003668  -0.0000081650
13545  -0.0000636111  -0.0000833563   0.0000080857   0.0000015276  -0.0000041732
13546   0.0000437638  -0.0000058248   0.0000695853   0.0000716173  -0.0000590739
13547   0.0001578427   0.0000161771  -0.0000483885  -0.0000423364
136 1   0.0001053750   0.0000404533   0.0000939319  -0.0000703255   0.0000602526
136 2  -0.0000341751  -0.0001280614   0.0001166000   0.0001475496  -0.0000802733
136 3   0.0000615759  -0.0002681910   0.0002757962  -0.0000834505  -0.0001237286
136 4  -0.0000617099  -0.0000225593   0.0001279634   0.0002339480   0.0003943119
136 5   0.0001287661  -0.0004677952   0.0001084828   0.0003831807  -0.0000815298
136 6   0.0000423925  -0.0000211948  -0.0001641511  -0.0000033262   0.0002786693
136 7   0.0006713115  -0.0001295265  -0.0000682308  -0.0002475167  -0.0004739270
136 8  -0.0036816146  -0.0006830056  -0.0002277921   0.0022266130  -0.0002775619
136 9   0.0000495588   0.0003197784   0.0001514760   0.0000653278  -0.0000039009
13610   0.0002503369  -0.0000976598   0.0001767906  -0.0004262989   0.0001954405
13611   0.0001493389   0.0004523864   0.0002880332  -0.0002815696   0.0000754806
13612   0.0000358031  -0.0000651522   0.0000354649   0.0000228630  -0.0000893297
13613  -0.0002152676  -0.0001585006   0.0001114783   0.0000836397  -0.0002341864
13614  -0.0001507605   0.0000337928  -0.0000009384  -0.0000486438  -0.0001156035
13615  -0.0001155721   0.0002319561   0.0001190022  -0.0001888033  -0.0003103629
13616  -0.0005090004  -0.0001748534  -0.0000427793   0.0000929172   0.0000757589
13617   0.0003124718   0.0001828286   0.0001132571  -0.0000161098  -0.0000619682
13618  -0.0000597745  -0.0000906394  -0.0001366080   0.0001783188   0.0001601376
13619   0.0001139853   0.0001079180   0.0003624228  -0.0001782770  -0.0003142494
13620   0.0000609408  -0.0000668424   0.0002221670  -0.0005907350   0.0001069648
13621   0.0001525054   0.0000067069  -0.0002357720   0.0003861638   0.0002602647
13622   0.0001117880   0.0002995654   0.0000491871  -0.0002159039  -0.0000539803
13623  -0.0003032918   0.0002062460  -0.0001680084   0.0000341578  -0.0001520912
13624  -0.0001648770  -0.0002323760   0.0001952966  -0.0002845783  -0.0001692463
13625  -0.0014359283   0.0013594645   0.0006537070   0.0072886864  -0.0036176208
13626   0.0018350643  -0.0002992688   0.0024095980   0.0002848852  -0.0568872778
13627  -0.0247655673   0.0018478349  -0.2975654779   0.1174258698   0.0080881366
13628   0.5775730766  -0.0805566806  -0.0162833108  -0.0950940556   0.0051057507
13629  -0.0005405970   0.0193064299  -0.0209538310   0.0003994785  -0.0123468856
13630   0.0161909406  -0.0000032681  -0.0121691399   0.0387236211  -0.0027724008
13631   0.0086980692   0.0011853025   0.0004304351  -0.0015257762  -0.0005374821
13632   0.0000060167   0.0010565930  -0.0011526793  -0.0003096754  -0.0021926302
13633  -0.0010763284  -0.0009799264   0.0008402805   0.0004353779   0.0003269620
13634  -0.0003291345   0.0004473625   0.0001680683   0.0001197349  -0.0001032579
13635  -0.0000093244   0.0003672701   0.0029604816  -0.0006809345  -0.0254821443
13636  -0.0109681823   0.0026439973  -0.1055433610  -0.0407299347   0.0087731948
13637   0.0011540820   0.0001341666  -0.0006444926   0.0009573799   0.0000731859
13638  -0.0003241105   0.0000123434  -0.0000149152  -0.0000800963   0.0003251626
13639   0.0001800676   0.0000533689  -0.0010094828  -0.0000857325  -0.0002086562
13640  -0.0007011086  -0.0002713428  -0.0004984836  -0.0006261238   0.0007177791
13641  -0.0016582615  -0.0035824979  -0.0030696650  -0.0000268770   0.0000314693
13642   0.0011283533   0.0000286566   0.0006494416  -0.0003508362   0.0000427799
13643  -0.0000142524  -0.0000262628   0.0002007698   0.0000123698  -0.0000816252
13644  -0.0001118920   0.0000220637   0.0000507578   0.0000158722  -0.0000302963
13645  -0.0001567208  -0.0001699144   0.0000609561  -0.0000135497  -0.0000019258
13646  -0.0000755879   0.0000231194  -0.0000938549  -0.0000594011   0.0000278890
13647   0.0000994770  -0.0004280515  -0.0001070597   0.0004690229
137 1   0.0002127590  -0.0004967213   0.0000747031  -0.0002420794  -0.0004232294
137 2  -0.0000208016   0.0004792299  -0.0002410452   0.0000972637  -0.0016836487
137 3   0.0005097926  -0.0003186150   0.0005160808   0.0011650865  -0.0016209856
137 4  -0.0000284747  -0.0000584817  -0.0006117531   0.0002698011   0.0000367444
137 5   0.0005388901   0.0009060586  -0.0013132596  -0.0007026530  -0.0003385073
137 6   0.0000950230   0.0006151538   0.0000979990   0.0001953942  -0.0002234676
137 7  -0.0003020438   0.0004541951  -0.0002744106  -0.0003691565   0.0010497486
137 8   0.0017599690  -0.0009493352   0.0010887007   0.0014993234   0.0001992334
137 9   0.0004959738  -0.0000423074  -0.0002601558   0.0000213783  -0.0002725680
13710  -0.0010783990  -0.0013623331  -0.0011871205   0.0002838914  -0.0008327788
13711   0.0008159457   0.0007566045   0.0003408110  -0.0004765754  -0.0005122097
13712  -0.0001333818  -0.0001174373   0.0008117028  -0.0000358772  -0.0007420596
13713   0.0011042029  -0.0004021237  -0.0022244557   0.0006470489   0.0004889805
13714   0.0003181287   0.0001739413   0.0003109378  -0.0000134844  -0.0002752861
13715   0.0003818579  -0.0004339009   0.0000369543   0.0005347590  -0.0000726546
13716  -0.0002146101   0.0002575610  -0.0000886826  -0.0010832676   0.0005819345
13717   0.0005097857   0.0003541675  -0.0006266550   0.0006544547  -0.0006320124
13718  -0.0001596821   0.0002082201  -0.0000510631  -0.0003152759   0.0002442460
13719  -0.0003766037  -0.0017329822   0.0014955679   0.0017144607   0.0007687979
13720  -0.0003647363  -0.0007138054  -0.0005459637   0.0008022049  -0.0018550527
13721   0.0010494761   0.0014619024   0.0016511261   0.0005736201   0.0030056657
13722   0.0002518521  -0.0017792473   0.0000884585   0.0001260468   0.0003573820
13723   0.0002070935   0.0001486407   0.0003243770   0.0000508682  -0.0006525326
13724   0.0004889007   0.0006690457   0.0002993739   0.0000113749   0.0014882329
13725   0.0009497375   0.0005586082  -0.0006874495  -0.0134141116  -0.0003174300
13726  -0.0012430047   0.0017275106  -0.0041525096  -0.0008604569   0.0065211788
13727   0.0301266249  -0.0007609151   0.0887622534  -0.1521316361  -0.0000849148
13728  -0.0805566806   0.5216577742  -0.0335303689  -0.0097213293  -0.2116542821
13729   0.0119059852  -0.0269314736  -0.0276419481   0.0043053211   0.0113480248
13730  -0.0122959785  -0.0004967508   0.0631002206  -0.0338908609   0.0010975680
13731  -0.0239053103  -0.0110176866  -0.0000837676   0.0062015390  -0.0022891966
13732  -0.0009826397  -0.0006289066  -0.0008510370   0.0005486023  -0.0017789021
13733   0.0012711450   0.0009837532   0.0029761529   0.0002019280  -0.0009472908
13734  -0.0001876902   0.0006913063   0.0000367170   0.0000698613  -0.0000935887
13735  -0.0001313633   0.0065961941  -0.0058002497   0.0009191374   0.0109208723
13736   0.0281078546  -0.0054052026  -0.0675639215  -0.1129364067   0.0137034687
13737  -0.0009116653  -0.0002739695   0.0009239795  -0.0006950742  -0.0004317961
13738   0.0003904429  -0.0006258900  -0.0002152186   0.0000891061  -0.0000094260
13739   0.0006052789  -0.0001004095   0.0008403879   0.0007454628   0.0011679889
13740   0.0001506204   0.0006302956   0.0003109080   0.0280192629  -0.0079031631
13741   0.0012309458  -0.0012928922  -0.0011064900   0.0000219189   0.0002654128
13742  -0.0001665466  -0.0000804201  -0.0001292009   0.0002567544   0.0002035540
13743   0.0000903372  -0.0001785843   0.0000400199   0.0000232946  -0.0001642178
13744  -0.0000256467   0.0001422239  -0.0000095088   0.0000584102   0.0000947705
13745  -0.0001525515   0.0000064293   0.0001763329  -0.0000195639   0.0001083175
13746  -0.0001424280   0.0000643396  -0.0000159428  -0.0001689297   0.0000928964
13747   0.0004777766   0.0002647120  -0.0004396176   0.0001097387
138 1  -0.0001853340   0.0001900334  -0.0001694498   0.0001400488   0.0001906296
138 2  -0.0001449721  -0.0000526595   0.0001427448   0.0001513429   0.0005657634
138 3  -0.0002838499   0.0003829833  -0.0001097484  -0.0003210140   0.0006717211
138 4  -0.0000760274   0.0001490404   0.0002139852  -0.0001325476  -0.0000089464
138 5  -0.0001523423  -0.0000713566  -0.0000287150  -0.0008791435   0.0000198831
138 6  -0.0001939230  -0.0002468368   0.0000985952  -0.0002622603   0.0003148860
138 7   0.0001287342   0.0001314927   0.0005175033  -0.0004814649   0.0002740710
138 8  -0.0014771142   0.0014223200  -0.0004865514  -0.0017422255   0.0001569195
138 9  -0.0001962600   0.0001166215   0.0000241512  -0.0001289441  -0.0000218364
13810   0.0003073177   0.0000610993   0.0003132532  -0.0003648215   0.0004835607
13811  -0.0011369222  -0.0002199621  -0.0000654051  -0.0000316441   0.0001401567
13812   0.0000348979  -0.0000806350  -0.0001615610   0.0000383121   0.0005847323
13813  -0.0001519033   0.0004785057   0.0006736214  -0.0003401841   0.0001515300
13814  -0.0003179043  -0.0001158256  -0.0000365324  -0.0001052513   0.0002366504
13815   0.0000122218   0.0002009070  -0.0001767695  -0.0004522601   0.0003376436
13816   0.0002835552   0.0000111898   0.0001748235   0.0004085177   0.0002883999
13817  -0.0000161655   0.0000630630   0.0003118120  -0.0002468382   0.0003200849
13818   0.0002649058  -0.0000751800  -0.0000109594   0.0000083942  -0.0005815105
13819   0.0002568387   0.0005451650  -0.0007949647  -0.0007898030  -0.0002240025
13820  -0.0000103301   0.0007098417   0.0002130272  -0.0002426632   0.0003760830
13821  -0.0002646543  -0.0000872634  -0.0004347729  -0.0004337203  -0.0010412408
13822  -0.0002733448   0.0004665895   0.0000289098   0.0000458043  -0.0001033345
13823  -0.0005703619  -0.0003905615  -0.0000686006   0.0000909519   0.0003246444
13824  -0.0000888519  -0.0001166225  -0.0007359127   0.0000056194  -0.0003057330
13825   0.0006646689   0.0005323431   0.0014869853  -0.0006188157   0.0007210051
13826   0.0028091294   0.0000777460   0.0000414157   0.0004015852   0.0049831083
13827  -0.0008977245   0.0032464225   0.0011997264   0.0010622321  -0.0442774400
13828  -0.0162833108  -0.0335303689   0.1066162519   0.0047200883   0.0068893447
13829  -0.0634340268  -0.0002362902   0.0011901995   0.0063857906  -0.0006055348
13830   0.0004769218  -0.0028430690  -0.0075049222   0.0048548566   0.0172206851
13831   0.0029109528   0.0012506445  -0.0044355430  -0.0003930246   0.0004768031
13832   0.0009310042  -0.0004993022  -0.0008942998  -0.0005607071   0.0002637267
13833   0.0011383475   0.0015217142  -0.0011851889  -0.0003795573  -0.0001589165
13834   0.0004313390  -0.0005164897  -0.0002135666  -0.0000192170   0.0002475156
13835  -0.0000348661  -0.0014865913   0.0013483751   0.0014215414  -0.0023122050
13836  -0.0063266870  -0.0063806548   0.0164325450   0.0205910148  -0.0166953273
13837   0.0001079383  -0.0002736653  -0.0005159921  -0.0001864602  -0.0000971002
13838  -0.0000659429   0.0000068618  -0.0000100680   0.0000118353   0.0000511115
13839   0.0000044360   0.0001451417  -0.0004922488   0.0001145570  -0.0000947695
13840   0.0002839978  -0.0000238350  -0.0001999545  -0.0011496719   0.0006768358
13841   0.0012688059   0.0000928994   0.0003736847   0.0035499981  -0.0000513467
13842  -0.0000558835  -0.0002674131  -0.0000032603  -0.0000333304  -0.0001926826
13843  -0.0000412964   0.0000359804  -0.0001059420  -0.0000350574   0.0001138167
13844   0.0000202998  -0.0000417049  -0.0000028911  -0.0000253522  -0.0000253294
13845   0.0000878179   0.0001728918  -0.0000476370   0.0000015538  -0.0000290590
13846  -0.0000040971  -0.0000524670   0.0000567167   0.0000450851  -0.0001347684
13847   0.0000312319   0.0001972637   0.0001940183  -0.0009455409
139 1   0.0000874219  -0.0009162353   0.0003022575  -0.0001758230  -0.0006364727
139 2   0.0001681525   0.0005684788  -0.0003884624  -0.0001332090  -0.0022716203
139 3   0.0007209931  -0.0002654223   0.0005489965   0.0015782073  -0.0021629429
139 4  -0.0000403076  -0.0001802116  -0.0011952286  -0.0005498990   0.0002180391
139 5   0.0001196585   0.0020516945  -0.0008978333   0.0002943095  -0.0003668212
139 6   0.0001908556   0.0006241691   0.0001222643   0.0002396175  -0.0007981611
139 7  -0.0001437684   0.0011309930  -0.0003634035  -0.0002005427   0.0010051128
139 8  -0.0006099043  -0.0013745603   0.0007966877   0.0000897959  -0.0000579261
139 9   0.0005666663  -0.0002526615  -0.0002620819   0.0001449955  -0.0003394019
13910  -0.0011127430  -0.0020955561  -0.0016615964   0.0008652280  -0.0003797458
13911  -0.0000585125   0.0005170439   0.0006056506  -0.0006771084  -0.0006374550
13912  -0.0000947843   0.0002118570   0.0010125832   0.0000469343  -0.0012974645
13913   0.0014909098  -0.0005707375  -0.0031448583   0.0008726175   0.0005039063
13914   0.0006616400   0.0000431461   0.0002847540   0.0002816360  -0.0004676437
13915   0.0000981268  -0.0005743610   0.0001896338   0.0009374477   0.0004928022
13916   0.0005246691  -0.0000049172  -0.0003482390  -0.0017731977   0.0000387278
13917   0.0001184529   0.0000512168  -0.0010461314   0.0007652395  -0.0003414664
13918   0.0004030593   0.0003047538  -0.0003277218  -0.0000005582  -0.0000890442
13919  -0.0004501182  -0.0027606795   0.0018907907   0.0021661159   0.0013867671
13920  -0.0004704424  -0.0010424777  -0.0014524599   0.0007343781  -0.0028229971
13921   0.0013712409   0.0016187863   0.0021532031   0.0009982804   0.0038160889
13922   0.0005327737  -0.0022760141  -0.0002851902  -0.0001805317   0.0006818226
13923   0.0005161578   0.0007588219   0.0002881599   0.0001658607  -0.0010254485
13924   0.0006581099   0.0007408029   0.0010367025  -0.0000933934   0.0016359278
13925   0.0025506709   0.0000903624  -0.0015420371  -0.0112745662   0.0051215835
13926  -0.0036435750   0.0021885163  -0.0004937142  -0.0018689698   0.0070807361
13927  -0.0190701463   0.0014511641  -0.0022583177   0.0293919608  -0.0016080029
13928  -0.0950940556  -0.0097213293   0.0047200883   0.6678831059  -0.0109645495
13929   0.0117140891  -0.1761747299  -0.0954755316   0.0098733910  -0.0523988075
13930   0.0131402309  -0.0041619423  -0.2576278414   0.0939363751  -0.0209457853
13931  -0.1026913993  -0.0022697937  -0.0013510922   0.0177005917  -0.0103883810
13932  -0.0009902346  -0.0060611670  -0.0026321581   0.0015193830   0.0008442023
13933   0.0009086310  -0.0001915154   0.0007135996   0.0007450062   0.0000900745
13934   0.0006838242  -0.0001449797  -0.0002681257   0.0006238965  -0.0001354169
13935   0.0004314138  -0.0041160408   0.0006672819  -0.0004047741   0.0092216960
13936   0.0227105993  -0.0018171272   0.0013953889  -0.0264497113   0.0008507934
13937  -0.0002544299  -0.0003274671   0.0018688802  -0.0001549873  -0.0009478844
13938   0.0008508997  -0.0003198333   0.0001081422   0.0000062558  -0.0002345769
13939   0.0001353060  -0.0001219272   0.0001361481   0.0010363521   0.0008457881
13940  -0.0008025149   0.0008760936   0.0023974574  -0.0044318466   0.0018719674
13941   0.0004869726   0.0047036042   0.0041787927   0.0002380463  -0.0015359674
13942   0.0025061185   0.0006177623  -0.0005713540   0.0004383833   0.0003380436
13943  -0.0001200887  -0.0002952899  -0.0001770323  -0.0001546539   0.0000900105
13944   0.0000707623  -0.0000109979  -0.0000212711   0.0000126407   0.0000038813
13945   0.0002948640   0.0003012650   0.0000883778  -0.0000879363   0.0000900397
13946  -0.0001165391  -0.0001233208  -0.0001695684  -0.0003424334   0.0000333203
13947  -0.0003317400   0.0009605392   0.0001665367  -0.0000081270
140 1  -0.0002459787   0.0004396755  -0.0000734482   0.0001749664   0.0003317829
140 2  -0.0000895410  -0.0005527271   0.0003476586  -0.0001289206   0.0014884562
140 3  -0.0003763127   0.0001891876  -0.0003688918  -0.0009384344   0.0012926385
140 4  -0.0000836824   0.0000989341   0.0005386402  -0.0003715294   0.0001574685
140 5  -0.0002072591  -0.0005730089   0.0008162172  -0.0010484317   0.0002629566
140 6  -0.0000565177  -0.0003539149  -0.0000821173  -0.0001907883   0.0003983658
140 7   0.0003427371  -0.0001774234   0.0003422847   0.0002938090  -0.0007628709
140 8   0.0002128928   0.0006079776  -0.0008592410   0.0000414371  -0.0000375566
140 9  -0.0004927871   0.0002743287   0.0002233575  -0.0000302572   0.0002123471
14010   0.0008219182   0.0008374010   0.0009022721  -0.0003053042   0.0006756343
14011  -0.0006164400  -0.0006279210  -0.0002547830   0.0003651374   0.0004888986
14012   0.0001121565   0.0000960889  -0.0006078252   0.0000046457   0.0006810573
14013  -0.0008311843   0.0004570145   0.0017210439  -0.0005681857  -0.0004428235
14014  -0.0004298786  -0.0000708987  -0.0003113578  -0.0001012349   0.0002771808
14015  -0.0002756024   0.0003351055  -0.0000372137  -0.0005298984   0.0002511940
14016   0.0002534021  -0.0002052055   0.0001954926   0.0007663092  -0.0003826202
14017  -0.0002964614  -0.0002063172   0.0006180459  -0.0003538857   0.0004642693
14018   0.0000403510  -0.0000352897   0.0000718933   0.0001436800  -0.0001801070
14019   0.0003669690   0.0014558231  -0.0011161074  -0.0015015794  -0.0007531663
14020   0.0003811688   0.0008280480   0.0006398898  -0.0004137284   0.0014062155
14021  -0.0007980786  -0.0009738985  -0.0013472533  -0.0004879151  -0.0022465958
14022  -0.0002080656   0.0015381819   0.0000764373  -0.0001237162  -0.0002770415
14023  -0.0004420533  -0.0002119621  -0.0002087439  -0.0000161736   0.0005714225
14024  -0.0003614996  -0.0005268445  -0.0004406856  -0.0000084629  -0.0011610704
14025  -0.0005948221   0.0010522291   0.0008981541   0.0062538025  -0.0022623366
14026   0.0017575541  -0.0006969177   0.0021744496   0.0005746267  -0.0169356557
14027  -0.0191650770   0.0005773325   0.0477423970  -0.0136786821   0.0022859763
14028   0.0051057507  -0.2116542821   0.0068893447  -0.0109645495   0.5724916892
14029  -0.0278372832  -0.0818851436  -0.1742012420   0.0000024576  -0.0078565203
14030   0.0266099899  -0.0009741243   0.1092145507  -0.1486532003   0.0146286465
14031   0.0010445846   0.0123301980  -0.0013765047  -0.0071370714   0.0021451492
14032   0.0012886459   0.0015640906   0.0012733891  -0.0007462283   0.0009084248
14033   0.0004299529  -0.0002269464  -0.0014372772  -0.0003659018   0.0004872047
14034   0.0001084856  -0.0003955950  -0.0000783470  -0.0000523496  -0.0003369656
14035   0.0001381575  -0.0000636942  -0.0000647097  -0.0000583436  -0.0013443836
14036  -0.0105738999   0.0002137957  -0.0214372410  -0.0245326618   0.0061636813
14037   0.0007151572  -0.0000814058  -0.0011699005   0.0006030389   0.0002452812
14038  -0.0003360694   0.0001543218  -0.0000656796  -0.0000487287   0.0001353453
14039  -0.0001504603   0.0000862057  -0.0006994774  -0.0003464595  -0.0004722284
14040  -0.0002684382  -0.0002854336  -0.0006379916  -0.0008753075   0.0018568044
14041  -0.0006572426  -0.0246459193  -0.0134991931   0.0011677379   0.0036821254
14042  -0.0006382865   0.0005557730  -0.0002987225   0.0002504656  -0.0002412435
14043  -0.0001529111   0.0000489754   0.0000610624   0.0000288573   0.0000687024
14044  -0.0000051743  -0.0000170182  -0.0000027512  -0.0000250818  -0.0000174882
14045   0.0000229578   0.0000941008  -0.0000607614   0.0000294501  -0.0000568646
14046   0.0000248501   0.0000151401  -0.0000591209   0.0000336387   0.0000008352
14047  -0.0003501153  -0.0001849341   0.0003758356  -0.0002087539
141 1  -0.0000835338  -0.0000220656  -0.0000709090   0.0000565435   0.0000781853
141 2  -0.0000673177  -0.0000036371  -0.0001712608   0.0000380465   0.0001702971
141 3  -0.0002000119  -0.0000510268   0.0000056416  -0.0001570532   0.0001903790
141 4   0.0000649612   0.0000525000   0.0000415233  -0.0006183632  -0.0002220495
141 5  -0.0005633979   0.0001641828   0.0002562610  -0.0001976169   0.0001190400
141 6  -0.0001002052  -0.0002925361   0.0000717122  -0.0000358668  -0.0000513445
141 7   0.0001020808  -0.0001825839   0.0001834980   0.0003135066   0.0006612804
141 8  -0.0008121691   0.0003811234   0.0001767528  -0.0004815665   0.0002224887
141 9  -0.0000832975  -0.0000190633   0.0000461788  -0.0000560047  -0.0001161426
14110   0.0001451335   0.0001791743   0.0002627384  -0.0001010796  -0.0000575193
14111   0.0001029613  -0.0001370082   0.0000028312   0.0001459281   0.0000852040
14112  -0.0000102964  -0.0000572891   0.0000216816  -0.0000208003   0.0002217461
14113  -0.0000643872   0.0001518877   0.0003925973  -0.0001018902   0.0000870397
14114   0.0000574973  -0.0000936740   0.0000399734  -0.0001114364   0.0000975302
14115   0.0000521282   0.0000628123  -0.0000428814  -0.0002311357   0.0001975554
14116  -0.0001051515  -0.0000089692   0.0001009007   0.0003626886   0.0001556219
14117   0.0001742493   0.0000003841   0.0001528951  -0.0001887917   0.0001826108
14118   0.0002495871   0.0000300741  -0.0000976637   0.0002158450   0.0000145544
14119   0.0000944036   0.0002028349  -0.0000940469  -0.0002449226  -0.0001342561
14120   0.0000242654   0.0001260232  -0.0000542859  -0.0001520827   0.0001877083
14121  -0.0001031712  -0.0001110049  -0.0001817469  -0.0000021194  -0.0004434627
14122  -0.0000321463   0.0001137526   0.0000137906   0.0000836240  -0.0000960226
14123   0.0001435926  -0.0000430633  -0.0000739841   0.0000263267  -0.0000425827
14124  -0.0000833362   0.0000161243  -0.0002944952  -0.0000651691   0.0000051960
14125  -0.0004397883  -0.0003240294  -0.0001191782   0.0012269599  -0.0004528881
14126  -0.0007107557  -0.0000438647   0.0002162112   0.0000403150  -0.0010541580
14127   0.0009542557  -0.0070405500  -0.0003286085  -0.0001574369   0.0057567919
14128  -0.0005405970   0.0119059852  -0.0634340268   0.0117140891  -0.0278372832
14129   0.1461363186  -0.0001431555   0.0024475492  -0.0595576853   0.0021394060
14130  -0.0013967201   0.0059894661  -0.0128551070   0.0094761101  -0.0515540051
14131  -0.0046408157  -0.0008964631   0.0015658585   0.0011270191   0.0000442961
14132   0.0080631661  -0.0005168537  -0.0008141300  -0.0001883807   0.0003458515
14133   0.0003550683  -0.0004964640  -0.0005510090  -0.0001155383   0.0004149965
14134   0.0001690042  -0.0000756683   0.0002045249   0.0001811150  -0.0000669836
14135  -0.0000340218  -0.0004727259   0.0002388509  -0.0005171807   0.0002475826
14136   0.0009421876  -0.0044965146   0.0013910862   0.0038357930   0.0035549788
14137   0.0000409582   0.0001325706   0.0002756582   0.0000349156   0.0000068266
14138  -0.0000455280   0.0000348622   0.0000520927   0.0000147638  -0.0000009607
14139  -0.0000311270   0.0000161741   0.0000567946  -0.0000404307  -0.0000613679
14140   0.0000245693  -0.0000210213  -0.0000068148   0.0007646163   0.0003719668
14141   0.0067631582   0.0010844395   0.0005361311   0.0041832459   0.0003616828
14142   0.0000869450   0.0076772057   0.0000005066   0.0000001962  -0.0001947586
14143   0.0000039722  -0.0000745786  -0.0008662286   0.0000220151   0.0000722363
14144  -0.0000608414  -0.0000093985   0.0000086417  -0.0000048758  -0.0000920299
14145  -0.0000195477  -0.0000241059  -0.0000182970  -0.0000170389  -0.0000005484
14146  -0.0000309998  -0.0000499674  -0.0000680668  -0.0000229868   0.0000078283
14147  -0.0001697654  -0.0000266114   0.0000420240   0.0004298898
142 1   0.0000783502   0.0004519461  -0.0000465863   0.0000319763   0.0002924827
142 2   0.0000011959   0.0000577269   0.0001534942   0.0003178852   0.0008192358
142 3  -0.0003587440   0.0004184846  -0.0003081625  -0.0006946878   0.0009594892
142 4   0.0000318509   0.0000748473   0.0007581601  -0.0003580310  -0.0008293750
142 5  -0.0045544985  -0.0005999380   0.0006845222   0.0005194460   0.0003523871
142 6  -0.0001637474  -0.0004837052  -0.0000474520  -0.0001150316   0.0001963870
142 7   0.0001772212  -0.0006336892   0.0001226781  -0.0000544658  -0.0006088556
142 8   0.0000148362   0.0007295593  -0.0002491784  -0.0004280431  -0.0000124182
142 9  -0.0001336986  -0.0000886964   0.0001029291  -0.0000510706   0.0001308535
14210   0.0003864560   0.0011542373   0.0005915577  -0.0003231351   0.0002324567
14211   0.0000148565  -0.0001699762  -0.0002274942   0.0003358242   0.0001852460
14212  -0.0000017612  -0.0001335297  -0.0004040717  -0.0000971912   0.0005405907
14213  -0.0007788162   0.0001454287   0.0014126861  -0.0002279448  -0.0001052576
14214  -0.0001666372  -0.0001219169  -0.0000408327  -0.0000900856   0.0001403530
14215  -0.0000263210   0.0002025309  -0.0000733012  -0.0004230246  -0.0001214566
14216  -0.0002174305  -0.0001268428   0.0000622454   0.0009190005   0.0000755263
14217  -0.0001736910  -0.0000293849   0.0003637029  -0.0005561850   0.0000462597
14218   0.0001152715  -0.0004153313   0.0002078763  -0.0000489980   0.0000861204
14219   0.0002344816   0.0011977815  -0.0010284163  -0.0008724017  -0.0005348032
14220   0.0000817421   0.0001913150   0.0006240152  -0.0004983787   0.0014440903
14221  -0.0004586577  -0.0006861755  -0.0009418156  -0.0005706670  -0.0018897658
14222  -0.0003152697   0.0008367233   0.0000352608   0.0002290098  -0.0002946289
14223  -0.0001142697  -0.0004180511  -0.0002147042  -0.0001090141   0.0004133090
14224  -0.0003600256  -0.0002797399  -0.0003622356   0.0000564694  -0.0006938963
14225  -0.0040894621  -0.0021790929   0.0010682311   0.0110193133  -0.0093258193
14226   0.0015042912  -0.0013193607   0.0007561737   0.0009527105   0.0044855049
14227   0.0576025865  -0.0034139271  -0.0266127181  -0.0008348776   0.0010416049
14228   0.0193064299  -0.0269314736  -0.0002362902  -0.1761747299  -0.0818851436
14229  -0.0001431555   0.6773653772  -0.0619018474  -0.0041198381  -0.3478332075
14230   0.0822271961   0.0147789735  -0.0914783947  -0.0024629100  -0.0002377749
14231   0.0177499936   0.0070280438  -0.0004457165  -0.0075223344   0.0016226424
14232   0.0004721651   0.0017053856   0.0017812247  -0.0005451700   0.0006749714
14233  -0.0003257846   0.0005228275  -0.0014587981  -0.0009260747  -0.0000924177
14234  -0.0001421428  -0.0000671071   0.0001478871  -0.0002935448   0.0005070150
14235  -0.0002669920   0.0006883428   0.0001172980   0.0003876811  -0.0019949734
14236  -0.0053932454  -0.0001358396  -0.0011663005   0.0020920958   0.0014706519
14237  -0.0001049057   0.0008548441  -0.0004383900  -0.0005017531   0.0011377616
14238  -0.0009384713   0.0003767292   0.0000262730   0.0000235768   0.0001374143
14239  -0.0004791725   0.0000539391   0.0004480310  -0.0011214783  -0.0004355381
14240   0.0009031716  -0.0013501231  -0.0009832825  -0.0007330296  -0.0004607250
14241   0.0001115734  -0.0550358503   0.0294813615  -0.0027508789  -0.0188214720
14242   0.0115293763  -0.0014084080   0.0001650701  -0.0000265686  -0.0001484317
14243  -0.0000925116   0.0000408518   0.0000056993   0.0000421352   0.0000383477
14244  -0.0000311989  -0.0000225032  -0.0000057645  -0.0000317734  -0.0000189551
14245  -0.0000472340  -0.0001848221  -0.0000726513   0.0000239431  -0.0000539374
14246   0.0001385872  -0.0000186443   0.0001013375   0.0002617478  -0.0000841516
14247   0.0002322096  -0.0001210218  -0.0001294147  -0.0000778339
143 1  -0.0000602680   0.0002103602  -0.0001343499   0.0000651629   0.0001812348
143 2   0.0000427543   0.0000052733   0.0000499244  -0.0001254307   0.0003925575
143 3  -0.0001554682   0.0002345908  -0.0001366018  -0.0004464972   0.0005747700
143 4   0.0001511747   0.0000362472   0.0002306419   0.0003709929  -0.0002803714
143 5   0.0017667664  -0.0004403478   0.0003030674   0.0005706183   0.0000641334
143 6  -0.0001067832  -0.0002358360  -0.0000109276  -0.0000290015   0.0001554164
143 7  -0.0000128494  -0.0004448378   0.0001528505   0.0003844677   0.0000804690
143 8  -0.0001248820   0.0003945434  -0.0002115027  -0.0002827899  -0.0000295570
143 9  -0.0001071059   0.0001010973   0.0000432792  -0.0000634782   0.0000717971
14310   0.0004540982   0.0006616829   0.0005261844  -0.0002826316   0.0001449451
14311  -0.0001198590  -0.0001178371  -0.0001187245   0.0001331088   0.0001312772
14312   0.0000228653  -0.0000766079  -0.0003221249   0.0000757064   0.0002933034
14313  -0.0004038744   0.0001291366   0.0007960585  -0.0002799104  -0.0002056641
14314  -0.0000835512  -0.0000031297  -0.0000828926  -0.0000433484   0.0001639891
14315  -0.0000253130   0.0001858813  -0.0001496077  -0.0001628965  -0.0003416810
14316  -0.0002621225   0.0000872066   0.0000240229   0.0005689356  -0.0001740134
14317  -0.0000235887  -0.0000172036   0.0002461978  -0.0002595195   0.0001693580
14318  -0.0001375446  -0.0000996049  -0.0000745712   0.0001559956   0.0001484955
14319   0.0001661241   0.0007574511  -0.0003600227  -0.0006012672  -0.0003909715
14320   0.0001515519   0.0002776714   0.0002583354  -0.0003978631   0.0007305357
14321  -0.0004019831  -0.0004585387  -0.0006209087  -0.0002042299  -0.0010637400
14322  -0.0000931516   0.0006127692   0.0000581683   0.0000199783  -0.0001295613
14323  -0.0001702172  -0.0001734695  -0.0000946656  -0.0001135199   0.0002167698
14324  -0.0002126039  -0.0002248993  -0.0001873950  -0.0000587377  -0.0004538720
14325  -0.0011968390  -0.0000122452   0.0004799841  -0.0032303570  -0.0050094981
14326   0.0010244683   0.0013677652  -0.0010562407   0.0000648687   0.0327129625
14327  -0.0198505417  -0.0005907394  -0.0005485414  -0.0023332540  -0.0001648192
14328  -0.0209538310  -0.0276419481   0.0011901995  -0.0954755316  -0.1742012420
14329   0.0024475492  -0.0619018474   0.6842131251  -0.0185028776   0.1243244317
14330  -0.1586169938  -0.0002119011   0.0012569107   0.0196185433  -0.0000900547
14331   0.0105578890   0.0021462921   0.0007632391  -0.0017688410   0.0015900280
14332   0.0004644577   0.0004353265  -0.0002543196  -0.0004243100   0.0002630543
14333   0.0002621284  -0.0002247767  -0.0005864448  -0.0004050781   0.0002302567
14334  -0.0000643703   0.0000382042   0.0000973888  -0.0001024482   0.0002150546
14335  -0.0001317780   0.0002313176   0.0004686698  -0.0000868313   0.0004030724
14336  -0.0016199591   0.0003444159  -0.0004273686  -0.0051339755   0.0016595474
14337   0.0002164744  -0.0000474036   0.0000475141   0.0001087424   0.0000831063
14338  -0.0004510801   0.0002398477   0.0004264633  -0.0000494457   0.0001369505
14339  -0.0005194489   0.0000687022   0.0000523937   0.0000877094  -0.0000765627
14340   0.0002306372   0.0002112743  -0.0006914488   0.0001177230   0.0008709774
14341  -0.0001128128   0.0303617384  -0.3239611290   0.0115214158  -0.0176075237
14342   0.0107340687   0.0005159971   0.0000510565  -0.0000304382  -0.0000703631
14343   0.0000598892   0.0000634964   0.0000162459   0.0000173520   0.0000150643
14344  -0.0000439822  -0.0000170873   0.0000068020  -0.0000072250  -0.0000299499
14345  -0.0000479611  -0.0001233261  -0.0000347203   0.0000159350  -0.0000267461
14346   0.0000535293  -0.0000167559   0.0000471825   0.0001075166  -0.0000756253
14347   0.0000954337   0.0001485547  -0.0000016318  -0.0000221424
144 1  -0.0000188289   0.0000742020  -0.0003696050   0.0000430495   0.0003280595
144 2  -0.0000161253  -0.0003464337  -0.0000513786  -0.0001550245   0.0005703441
144 3  -0.0001339792   0.0000404962   0.0000604678  -0.0003204702   0.0005671825
144 4   0.0003975745   0.0000751810   0.0002563536   0.0001581227   0.0000011534
144 5  -0.0002621278  -0.0008406390   0.0000835308   0.0001922730  -0.0001476711
144 6  -0.0002062281  -0.0002436291   0.0000641243  -0.0000835059   0.0003444394
144 7  -0.0000732479  -0.0005097347   0.0002439516   0.0000469515   0.0002451028
144 8  -0.0004130132   0.0001275021  -0.0003204868   0.0001380672   0.0000549600
144 9  -0.0002472904   0.0000754410   0.0000450547  -0.0001765067   0.0000241062
14410   0.0003056071   0.0003708632   0.0004772423  -0.0004722286  -0.0001397746
14411  -0.0001115450  -0.0000317565   0.0000035786  -0.0000586344   0.0002854021
14412   0.0001077919  -0.0002025422  -0.0001177975   0.0001105552   0.0005239178
14413  -0.0001940079   0.0002950909   0.0008634683  -0.0003714745  -0.0001283905
14414  -0.0001659755   0.0000823262  -0.0000272397  -0.0001346049   0.0001330385
14415  -0.0000130257   0.0003377675  -0.0002568373  -0.0003176725  -0.0004575149
14416  -0.0004127012   0.0001072893   0.0000617095   0.0005853704   0.0001236745
14417   0.0002734266   0.0000279772   0.0003438736  -0.0001819746   0.0001341672
14418  -0.0003367370   0.0000042839  -0.0000329549   0.0001851663  -0.0000570863
14419   0.0001058727   0.0006353444  -0.0002944129  -0.0006436617  -0.0003949379
14420   0.0000968694   0.0004663448   0.0002880062  -0.0002090867   0.0005176740
14421  -0.0004859408  -0.0003877423  -0.0005032108  -0.0001544106  -0.0008427288
14422  -0.0001001617   0.0006275211   0.0001049934   0.0000146297  -0.0003117890
14423  -0.0000428370  -0.0000792872  -0.0000560682  -0.0000695458   0.0002743565
14424  -0.0001290940  -0.0002290274  -0.0005963063  -0.0001646381  -0.0003327134
14425   0.0006144707   0.0005169468   0.0003132408  -0.0013505942   0.0013255404
14426   0.0036835571  -0.0000519165  -0.0009863183   0.0013998959  -0.0010184929
14427  -0.0055520827   0.0039769839   0.0021479898   0.0001341004  -0.0032169806
14428   0.0003994785   0.0043053211   0.0063857906   0.0098733910   0.0000024576
14429  -0.0595576853  -0.0041198381  -0.0185028776   0.1172765595   0.0017038172
14430   0.0065348333  -0.0475674534  -0.0079105178   0.0007040966  -0.0010374424
14431   0.0017897494   0.0014865857   0.0079552479  -0.0007815437   0.0006374093
14432   0.0008870307  -0.0000168419  -0.0006634025  -0.0006920084   0.0003802780
14433   0.0003748445  -0.0004804582  -0.0002377128  -0.0003842351   0.0002928547
14434  -0.0000379558   0.0001911916   0.0001689365  -0.0000489470   0.0002696724
14435  -0.0001170582   0.0000382990   0.0000601280  -0.0009701145  -0.0003745243
14436  -0.0006257523   0.0003592260   0.0005477882   0.0012440492   0.0036337795
14437   0.0002227744  -0.0003426910  -0.0004537521  -0.0003217656   0.0001371978
14438  -0.0000891984   0.0000210349  -0.0000447533   0.0001465301  -0.0000145936
14439   0.0000115666   0.0000251125  -0.0000765874   0.0002342619  -0.0001894361
14440   0.0002624155   0.0001729729  -0.0007058524  -0.0000063116   0.0000397277
14441  -0.0002859006  -0.0011985794   0.0106875133  -0.0332994282   0.0002773298
14442  -0.0010413708   0.0029812800   0.0000785086   0.0000199738   0.0000546426
14443  -0.0000016054   0.0000063535  -0.0000383940   0.0000001217  -0.0000002797
14444  -0.0000882916  -0.0000122512   0.0000175530   0.0000142199  -0.0000976272
14445  -0.0001293524  -0.0001926565  -0.0000156550   0.0000098035  -0.0000299211
14446   0.0000343550  -0.0000225652   0.0000073829   0.0000400909  -0.0000859312
14447   0.0001648832   0.0000002579  -0.0000391745  -0.0001036150
145 1  -0.0000643815  -0.0002945633  -0.0001766865  -0.0000863438   0.0000192955
145 2  -0.0000205183  -0.0000902576   0.0000042919  -0.0001309155  -0.0002916962
145 3   0.0001178437  -0.0003154284   0.0002646147   0.0002676690  -0.0003779641
145 4   0.0002467598  -0.0000469934  -0.0002736423   0.0007792552   0.0007524267
145 5   0.0036723764  -0.0003003503  -0.0002043129   0.0007950118  -0.0002159748
145 6   0.0000067705   0.0000601021   0.0001045744   0.0000521841   0.0000590082
145 7  -0.0002086430   0.0001032319   0.0000567163   0.0002142465   0.0005143437
145 8   0.0001431622  -0.0002998018   0.0000313563   0.0000935835   0.0001342228
145 9   0.0000261151   0.0001018171  -0.0000838508  -0.0000687306  -0.0000984928
14510  -0.0000446276  -0.0004669485  -0.0000814862  -0.0000662815  -0.0002211099
14511  -0.0000641831   0.0002109577   0.0001826110  -0.0002837772  -0.0000196374
14512   0.0000364083  -0.0000271395   0.0001792724   0.0001966047  -0.0000991421
14513   0.0003390753   0.0000447755  -0.0004720820  -0.0000805361  -0.0000417195
14514  -0.0000113009   0.0001531385  -0.0000107944  -0.0000554969   0.0000165242
14515   0.0000414749   0.0000415775  -0.0001741974   0.0001004041  -0.0001923219
14516  -0.0001113586   0.0001678993   0.0000706664  -0.0002711399  -0.0000289862
14517   0.0004160595   0.0001301818  -0.0000603982   0.0002988214   0.0000078604
14518  -0.0002368826   0.0002457001  -0.0001813155   0.0001275715   0.0000513241
14519  -0.0000527068  -0.0004284992   0.0005743999   0.0002216327   0.0000623062
14520   0.0000579528   0.0000356494  -0.0002052927   0.0002475759  -0.0006372728
14521   0.0000987387   0.0002770327   0.0003430526   0.0003349502   0.0007823931
14522   0.0001601000  -0.0001802275   0.0000858274  -0.0001748093   0.0000268704
14523   0.0000679531   0.0001836532   0.0000709490   0.0000395315  -0.0000954596
14524   0.0001317004   0.0000747783  -0.0000605133  -0.0001247744   0.0002929982
14525   0.0019404491   0.0066695538  -0.0007415584  -0.0147530809   0.0465976232
14526  -0.0007710852  -0.0043957508  -0.0019153975   0.0008964863  -0.1074645522
14527  -0.0214249460   0.0047306554   0.0228789151  -0.0229706877  -0.0002419814
14528  -0.0123468856   0.0113480248  -0.0006055348  -0.0523988075  -0.0078565203
14529   0.0021394060  -0.3478332075   0.1243244317   0.0017038172   0.7357081679
14530   0.0053212516  -0.0247694397   0.0109072409  -0.0050240483   0.0004001622
14531  -0.0066746822  -0.0019665181  -0.0001451677   0.0019938782  -0.0005265734
14532  -0.0000967953  -0.0001345703  -0.0003215734  -0.0000113726   0.0002608361
14533  -0.0008910385  -0.0004877318   0.0009427056   0.0005055605   0.0001846017
14534  -0.0000713209   0.0002818665  -0.0000214731   0.0001002418  -0.0001112124
14535   0.0000729993  -0.0012253173  -0.0000961044  -0.0005091533   0.0011533024
14536   0.0008017048   0.0004492643   0.0011151583   0.0018123527  -0.0009479817
14537   0.0002658088  -0.0007026049   0.0004556500   0.0003705420  -0.0002760773
14538   0.0004653360  -0.0000463062   0.0001270713  -0.0002156830   0.0000010856
14539   0.0018997532  -0.0000929758  -0.0002467779   0.0009932920   0.0002800659
14540  -0.0003328632   0.0010750294  -0.0000910534  -0.0041509845  -0.0029610362
14541   0.0007321224   0.0003265889  -0.0010765064   0.0015220924  -0.2257426633
14542  -0.1345465378   0.0096609333  -0.0000461349   0.0000247764   0.0000617912
14543   0.0000221453  -0.0000047500   0.0000724640  -0.0000565443  -0.0000707204
14544  -0.0000314198   0.0000120965   0.0000200809   0.0000360325  -0.0000566009
14545  -0.0000894796  -0.0000431728   0.0000363110   0.0000004596   0.0000238747
14546  -0.0000439309   0.0000263524  -0.0000361878  -0.0000935184   0.0000225315
14547  -0.0000107161  -0.0000345898   0.0000820569   0.0000569378
146 1  -0.0000008507   0.0002417525   0.0001518867   0.0001490547  -0.0001067327
146 2  -0.0000274220  -0.0001653168  -0.0001919492   0.0000100118   0.0004694984
146 3  -0.0001570748   0.0001217976  -0.0003115884  -0.0004143308   0.0004936853
146 4  -0.0000708535  -0.0001189458   0.0001256808  -0.0006812410   0.0003337787
146 5  -0.0006059769   0.0004285068   0.0003728701  -0.0009546912   0.0004278279
146 6   0.0002184977  -0.0000695643  -0.0001263070   0.0000313343  -0.0000704280
146 7   0.0001774503  -0.0000773186  -0.0002318615  -0.0003063272  -0.0006264835
146 8  -0.0001616335   0.0003518280  -0.0002231802  -0.0003848290  -0.0002614005
146 9  -0.0001612943  -0.0000682540   0.0001151671   0.0001461294   0.0002397828
14610   0.0000542386   0.0006836243   0.0001124958   0.0001835172   0.0004352136
14611   0.0000474669  -0.0003385795  -0.0001621356   0.0003004711   0.0001446736
14612   0.0000157102   0.0001053017  -0.0002666402  -0.0001685818   0.0001341807
14613  -0.0005025739  -0.0001031884   0.0006073451  -0.0000449776  -0.0001882827
14614   0.0000195740  -0.0000762219  -0.0001101422   0.0000629677   0.0000080766
14615  -0.0001809164  -0.0000701822   0.0001015623  -0.0000194326   0.0001006868
14616   0.0001732094  -0.0000733237   0.0001037114   0.0003086312  -0.0000295960
14617  -0.0005739592  -0.0003105314   0.0001048131  -0.0001472384   0.0001887003
14618   0.0001407735  -0.0002162658   0.0001203654  -0.0001151999   0.0001656834
14619   0.0000312303   0.0004276075  -0.0006548014  -0.0003196876   0.0000180467
14620   0.0000208010  -0.0000263315   0.0001974695  -0.0003134272   0.0006467735
14621  -0.0001282362  -0.0004488072  -0.0004026797  -0.0002597456  -0.0009939427
14622  -0.0001618598   0.0004019812  -0.0001584865   0.0000488451  -0.0001001432
14623  -0.0000774839  -0.0000388052  -0.0001622384  -0.0000328118   0.0001572338
14624  -0.0001602404  -0.0001849719   0.0002445855   0.0002086763  -0.0005233038
14625  -0.0033465632  -0.0028085182   0.0001653950   0.0324305331  -0.0265272739
14626  -0.0002044977  -0.0012501793   0.0057708434   0.0004540591   0.0173507819
14627  -0.2660005621  -0.0004810480  -0.0335333367  -0.0281795184   0.0024583327
14628   0.0161909406  -0.0122959785   0.0004769218   0.0131402309   0.0266099899
14629  -0.0013967201   0.0822271961  -0.1586169938   0.0065348333   0.0053212516
14630   0.6280730231  -0.0093103886  -0.0172147518   0.0019844561   0.0004994772
14631   0.0042419447   0.0023304681  -0.0004698121  -0.0022762335   0.0002395212
14632  -0.0001084129   0.0002079521   0.0007839391   0.0001824559   0.0010793888
14633  -0.0000586454   0.0006179226  -0.0017286739  -0.0005331161   0.0000293414
14634   0.0002448660  -0.0004402758  -0.0000575877  -0.0000455979   0.0001390665
14635   0.0000514121  -0.0007334539   0.0004707439   0.0004546674   0.0006818897
14636  -0.0017506403  -0.0002533032  -0.0045139834  -0.0029028907   0.0015486884
14637   0.0008942146   0.0013254587  -0.0008218202   0.0007856768   0.0008960993
14638   0.0005770729  -0.0004090493  -0.0010669725   0.0001748368  -0.0001644743
14639  -0.0004191308   0.0000775964  -0.0000234765  -0.0015346581  -0.0003157870
14640   0.0002633148  -0.0020227043   0.0000497976  -0.0016355265  -0.0002148114
14641   0.0001009653   0.0264282699  -0.0060313098  -0.0021156373  -0.1348238228
14642  -0.1572676070   0.0055437809   0.0000411215  -0.0000045355  -0.0000409262
14643  -0.0000907297   0.0000176105  -0.0000951592  -0.0000142552   0.0001210707
14644   0.0000543333  -0.0000481673  -0.0000239615  -0.0000610895   0.0000166640
14645   0.0001725937   0.0000951469  -0.0000763868  -0.0000011994  -0.0000526216
14646   0.0000854662  -0.0000591183   0.0000187873   0.0001189379  -0.0000307650
14647  -0.0001797296   0.0000598182  -0.0000832632  -0.0001544711
147 1  -0.0000254030  -0.0000469258   0.0001326302   0.0000891048  -0.0002249980
147 2  -0.0000729479  -0.0001439379  -0.0002266512  -0.0002172001  -0.0001823861
147 3   0.0001469853  -0.0001944449   0.0000160924   0.0001123621  -0.0002185056
147 4  -0.0000906099  -0.0000651071  -0.0004146621  -0.0003192759   0.0007451449
147 5   0.0013683894   0.0007365225  -0.0001294775  -0.0007083719   0.0000622994
147 6   0.0001887547   0.0001672551  -0.0000451562   0.0000700903  -0.0000888969
147 7  -0.0001658807   0.0003728392  -0.0004008537   0.0003775404   0.0007939237
147 8  -0.0007888477  -0.0001735678   0.0000702428   0.0001266131  -0.0001340087
147 9   0.0000200377   0.0000132039   0.0000261092   0.0001060956   0.0000429829
14710  -0.0000403071  -0.0002707299  -0.0001674637   0.0002106912   0.0000810088
14711   0.0000640665  -0.0001157363  -0.0000337056   0.0000404346  -0.0000234909
14712  -0.0000241405   0.0001007298   0.0000295209  -0.0000328664  -0.0002580853
14713   0.0000885982  -0.0001464549  -0.0003537937   0.0000811492  -0.0000919259
14714   0.0000197832   0.0000353778  -0.0000507081   0.0000261986  -0.0000478773
14715  -0.0000558645  -0.0001514798   0.0000653692   0.0002268359  -0.0001339529
14716   0.0000464726   0.0001500944   0.0000513604  -0.0002644068  -0.0001187064
14717  -0.0001639864  -0.0001316667  -0.0001293655   0.0002083138   0.0001495300
14718  -0.0001341112   0.0001190212  -0.0001444579  -0.0000279179   0.0001378973
14719  -0.0001566633  -0.0002669211   0.0002547430   0.0002542681   0.0001327558
14720   0.0000510009  -0.0000992813  -0.0001833365   0.0000370386  -0.0003307222
14721   0.0001042490   0.0000457564   0.0001709218   0.0001956162   0.0004048040
14722   0.0001187586  -0.0001345806  -0.0000243959  -0.0000913912   0.0000664334
14723  -0.0000668104   0.0001401956   0.0000330914  -0.0000120540  -0.0001486016
14724   0.0000567948   0.0000211033   0.0003380563   0.0000398141   0.0000568442
14725   0.0002103980  -0.0010063977  -0.0026957576   0.0011262886  -0.0026954374
14726   0.0062329605   0.0008160703   0.0011579634   0.0035358798   0.0015321118
14727   0.0050150937  -0.0617086485  -0.0004136835   0.0020603196   0.0076873889
14728  -0.0000032681  -0.0004967508  -0.0028430690  -0.0041619423  -0.0009741243
14729   0.0059894661   0.0147789735  -0.0002119011  -0.0475674534  -0.0247694397
14730  -0.0093103886   0.1101014042   0.0028434803  -0.0005250678   0.0042283560
14731  -0.0013203354  -0.0005609929  -0.0001665901   0.0003739077  -0.0002935981
14732  -0.0005536158   0.0000844484   0.0003304877   0.0001058559  -0.0003279876
14733  -0.0001587149   0.0001027696   0.0005230249   0.0003607645   0.0000315995
14734  -0.0000932174   0.0000429963  -0.0000555922   0.0000444741  -0.0003175825
14735   0.0000898191  -0.0000323330  -0.0002030835   0.0003032119   0.0004769887
14736   0.0001251549  -0.0002476403   0.0000270113   0.0001390255  -0.0010290252
14737  -0.0000860556   0.0002721173   0.0000244484   0.0000117206  -0.0003911384
14738   0.0001495812   0.0000217173  -0.0001753620   0.0001585063   0.0000365671
14739  -0.0000477947   0.0004961339  -0.0004319146   0.0007179687  -0.0000433367
14740   0.0001627315  -0.0008634288   0.0004571637   0.0005362777   0.0004560798
14741   0.0036000685  -0.0009585605  -0.0001509612   0.0036469394   0.0088656996
14742   0.0062980204  -0.0290819899  -0.0000087518   0.0000014870   0.0000509119
14743   0.0000101092  -0.0000081289   0.0000411528   0.0000078935  -0.0000309146
14744   0.0000370117   0.0000109582  -0.0000079267  -0.0000072967   0.0000393087
14745   0.0000137073   0.0000367974   0.0000120096  -0.0000003419   0.0000099745
14746  -0.0000431095   0.0000379167  -0.0000153677  -0.0000578645   0.0000669782
14747  -0.0001429960  -0.0000054567   0.0000152802  -0.0000124397
148 1  -0.0001086426   0.0005881590  -0.0003268698   0.0001988070   0.0004691113
148 2   0.0000249102  -0.0001034214   0.0005014252   0.0004455447   0.0009902572
148 3  -0.0004782678   0.0004454005  -0.0001352972  -0.0009713306   0.0010945961
148 4   0.0002387469  -0.0000734732   0.0008761317   0.0004908212  -0.0002489248
148 5  -0.0000193707  -0.0011455050   0.0002772675  -0.0011937676  -0.0002852455
148 6   0.0000287295   0.0002129543  -0.0002074921  -0.0004350843   0.0008003214
148 7   0.0003541264  -0.0007864451   0.0001145842   0.0000183799  -0.0007985433
148 8   0.0004498714   0.0009823347  -0.0009197378   0.0001697250  -0.0000166272
148 9  -0.0000301419   0.0000581566  -0.0000790540  -0.0001895490   0.0001659992
14810   0.0009866561   0.0012169298   0.0010888427  -0.0007824896   0.0006349982
14811  -0.0002040541  -0.0000376681  -0.0004965925   0.0003952371   0.0001443503
14812   0.0000163995  -0.0001972084  -0.0005713687   0.0004127887   0.0004684011
14813  -0.0009420640   0.0003920835   0.0018977115  -0.0006001474  -0.0003229821
14814  -0.0004930857  -0.0000134921  -0.0002316915  -0.0002115213   0.0003492435
14815   0.0000229081   0.0006795174  -0.0005293456  -0.0003524671  -0.0002983928
14816   0.0000019798   0.0001096371   0.0001733784   0.0009551967   0.0003311698
14817  -0.0002684302   0.0001344405   0.0007241652  -0.0005687713  -0.0000066860
14818  -0.0001530144  -0.0003671810   0.0003360428  -0.0004771417  -0.0000550030
14819   0.0003233508   0.0015579762  -0.0011693107  -0.0014208688  -0.0010520958
14820   0.0002610587   0.0004788788   0.0011251314  -0.0004978341   0.0018418613
14821  -0.0007740379  -0.0009996454  -0.0013296479  -0.0006977397  -0.0021441176
14822  -0.0003729712   0.0013185319   0.0003869482  -0.0000152320  -0.0003856925
14823  -0.0004168068  -0.0005619547  -0.0000822729  -0.0001881405   0.0006323207
14824  -0.0005491953  -0.0003689909  -0.0007325329  -0.0003751960  -0.0007936969
14825  -0.0016341200   0.0010894227   0.0015320379   0.0062517344  -0.0026490073
14826   0.0033969245  -0.0020687405   0.0005333195   0.0014206021  -0.0073029902
14827   0.0063320362  -0.0013584600   0.0110136267  -0.0008605287  -0.0001458846
14828  -0.0121691399   0.0631002206  -0.0075049222  -0.2576278414   0.1092145507
14829  -0.0128551070  -0.0914783947   0.0012569107  -0.0079105178   0.0109072409
14830  -0.0172147518   0.0028434803   0.6841876278  -0.0027396259   0.0201900943
14831  -0.2438833200  -0.1051380868   0.0014086382  -0.0895932083  -0.0047286104
14832   0.0006385759   0.0106788804   0.0165735659  -0.0029028284  -0.0056297531
14833  -0.0058079360   0.0021795460   0.0051868449   0.0018526586  -0.0021401213
14834  -0.0025390461   0.0008944235   0.0003511259  -0.0012637665  -0.0013812576
14835  -0.0005225660   0.0095868398   0.0008801766   0.0004429686  -0.0114397044
14836  -0.0591863863   0.0033829004  -0.0151467619   0.0002478931   0.0013973845
14837   0.0004725135   0.0000264317  -0.0017543086   0.0003334213   0.0005756293
14838  -0.0008232991   0.0002792665   0.0000402153  -0.0000336974   0.0001207580
14839  -0.0002005031   0.0001078982  -0.0002148788  -0.0007598939  -0.0007878980
14840   0.0005220508  -0.0007771507  -0.0016886054  -0.0002928829  -0.0002652927
14841   0.0000603122   0.0023130170   0.0022901385  -0.0000099592  -0.0011131152
14842   0.0002777871  -0.0000338777   0.0024284352  -0.0023669784   0.0000669947
14843  -0.0011943164  -0.0002780325   0.0004838697   0.0004347072  -0.0005831109
14844   0.0001969034   0.0002327027  -0.0000219696   0.0000554768   0.0002904474
14845  -0.0007053131  -0.0002800456   0.0000770293   0.0001740838   0.0000575307
14846  -0.0000138348   0.0006544571   0.0003661896   0.0002479630   0.0005052912
14847   0.0006039946  -0.0004193326   0.0002994293   0.0001415579
149 1   0.0000852722  -0.0004453000   0.0000172109  -0.0000599206  -0.0002894392
149 2   0.0000201371   0.0003563593  -0.0001814025   0.0001922636  -0.0013314959
149 3   0.0000998656  -0.0001665123   0.0004923810   0.0008741223  -0.0012635491
149 4   0.0001026266  -0.0001524810  -0.0004984300   0.0000202949  -0.0000118865
149 5   0.0004903965   0.0007389565  -0.0001698990   0.0004851986  -0.0004020298
149 6   0.0002297848   0.0001944737  -0.0000213005  -0.0000803577  -0.0001711151
149 7   0.0000131253   0.0004343542  -0.0001755506  -0.0002084462   0.0004149698
149 8   0.0001971729  -0.0008003508   0.0003438528   0.0004797352   0.0001007671
149 9   0.0004358566  -0.0000024101  -0.0002315627  -0.0000041426  -0.0002861465
14910  -0.0006063129  -0.0011798328  -0.0008319861   0.0000402097  -0.0003908772
14911   0.0003142686   0.0005585148   0.0002740927  -0.0002967786  -0.0004186650
14912  -0.0000752712   0.0000002376   0.0007055139   0.0001842108  -0.0006505907
14913   0.0008814767  -0.0001879073  -0.0014685920   0.0003646319   0.0004356206
14914   0.0002803392   0.0000184862   0.0001993981  -0.0000644884  -0.0001701868
14915   0.0003046547  -0.0001253155  -0.0001079133   0.0004716004   0.0001467994
14916   0.0002263959   0.0001834566  -0.0001605219  -0.0009194528   0.0007169378
14917   0.0002173057   0.0003061368  -0.0003409117   0.0003622839  -0.0003514468
14918   0.0001774842   0.0000181108  -0.0000313569  -0.0003277616  -0.0001817976
14919  -0.0003373831  -0.0014710354   0.0011400098   0.0011612943   0.0004378368
14920  -0.0001680202  -0.0005349707  -0.0006011163   0.0004346370  -0.0014641504
14921   0.0007404929   0.0009504794   0.0011758915   0.0005039004   0.0021832912
14922   0.0002603776  -0.0013286799   0.0001647147   0.0000656717   0.0002337965
14923   0.0001962948   0.0001597662   0.0002659501   0.0000437019  -0.0006214694
14924   0.0003244477   0.0005680176   0.0000604488  -0.0002765818   0.0012971824
14925   0.0010523681   0.0003489347  -0.0004648310  -0.0052408610   0.0026149027
14926  -0.0013242658   0.0006589761  -0.0007777049  -0.0006439665   0.0042170106
14927  -0.0030297341   0.0004925421  -0.0084982197  -0.0066648500   0.0005149108
14928   0.0387236211  -0.0338908609   0.0048548566   0.0939363751  -0.1486532003
14929   0.0094761101  -0.0024629100   0.0196185433   0.0007040966  -0.0050240483
14930   0.0019844561  -0.0005250678  -0.0027396259   0.3278829305  -0.0211173438
14931  -0.0923100033  -0.1497862175   0.0046719489   0.0024139631   0.0179436643
14932  -0.0016106981   0.0056758968   0.0034457385   0.0005315918  -0.0040186555
14933  -0.0045157617   0.0011969619   0.0060613894   0.0035894622  -0.0016276392
14934  -0.0013791142   0.0008028032  -0.0000474213  -0.0002253950  -0.0018526189
14935   0.0000615118   0.0081876232  -0.0063682631   0.0004569711  -0.0375536192
14936  -0.0338063439   0.0025001376  -0.0003932253   0.0084313418  -0.0047528814
14937  -0.0001949414  -0.0002060738   0.0005547880  -0.0000449589  -0.0003840818
14938   0.0002153408  -0.0001502827   0.0000725921   0.0000058492  -0.0000455386
14939   0.0002077893  -0.0000591740   0.0001402123   0.0003935359   0.0004682413
14940  -0.0002708986   0.0002734895   0.0007388721   0.0018897489  -0.0008113960
14941   0.0001210841   0.0003059584   0.0009507369  -0.0003770736  -0.0006831282
14942   0.0003604654   0.0001685986  -0.0002913816   0.0009593187  -0.0001846474
14943   0.0006998219   0.0003417216   0.0001024252   0.0001185925  -0.0004803915
14944   0.0001338218   0.0001643959   0.0000761820   0.0000751698   0.0001933857
14945  -0.0003822173   0.0001759296   0.0001251008   0.0001620920   0.0001221617
14946  -0.0001898968   0.0004727512   0.0001779400  -0.0002482770   0.0005744802
14947  -0.0000938150  -0.0018756427  -0.0006700194   0.0004245056
150 1  -0.0000160652  -0.0002424261   0.0000017295  -0.0001357934   0.0000396907
150 2   0.0001340286   0.0004549569   0.0000712275   0.0001783038  -0.0008296349
150 3   0.0003141169   0.0004426986   0.0001065961   0.0003672016  -0.0008559040
150 4   0.0002938864  -0.0003519886  -0.0000968734   0.0001923740  -0.0000035068
150 5   0.0000137066   0.0000208389  -0.0009661391  -0.0004554373  -0.0001585631
150 6   0.0000878237  -0.0006126284   0.0000359555  -0.0000755254  -0.0000307578
150 7   0.0000874865   0.0001262266  -0.0002897993  -0.0003808639  -0.0001130447
150 8  -0.0004312571   0.0001720974   0.0004500026  -0.0005522415  -0.0001791701
150 9   0.0002686968   0.0000626837  -0.0002711833  -0.0001608724  -0.0000641881
15010   0.0000042095  -0.0005217621  -0.0005912930   0.0002320315   0.0002281010
15011   0.0001206223   0.0004084243   0.0001756217  -0.0000916034  -0.0004572850
15012  -0.0000490550   0.0000753338   0.0001938598   0.0005116275  -0.0007657146
15013   0.0003659532  -0.0002181984  -0.0009312887   0.0001834414   0.0000625661
15014   0.0001010579   0.0000611065   0.0000188066   0.0001977040  -0.0001423884
15015  -0.0000942993   0.0001922451  -0.0002085790   0.0004569043  -0.0001855266
15016   0.0003075908   0.0001247251  -0.0002614948  -0.0003983898   0.0000562312
15017  -0.0005024382  -0.0000659612  -0.0003185518  -0.0000868277  -0.0001986315
15018  -0.0000009265  -0.0002144374   0.0000429670  -0.0004000992   0.0002056580
15019  -0.0000968475  -0.0010786672   0.0007512991   0.0003899610   0.0002426975
15020  -0.0001631129  -0.0006140652  -0.0002176301   0.0001593884  -0.0006248000
15021   0.0004157288   0.0003777655   0.0005214793   0.0001857366   0.0011715470
15022   0.0001003442  -0.0004182258   0.0000455394  -0.0002678610   0.0003275215
15023   0.0000088586   0.0001050504   0.0001871098   0.0000290653  -0.0000661231
15024   0.0001432742   0.0002024423   0.0004833527  -0.0003387675   0.0003289968
15025  -0.0000732731  -0.0001039978  -0.0006518380  -0.0009930093   0.0002939048
15026  -0.0006226516   0.0001960192   0.0001913147  -0.0003077196   0.0008666352
15027  -0.0001066082  -0.0003624359  -0.0001786614   0.0005824909   0.0032286837
15028  -0.0027724008   0.0010975680   0.0172206851  -0.0209457853   0.0146286465
15029  -0.0515540051  -0.0002377749  -0.0000900547  -0.0010374424   0.0004001622
15030   0.0004994772   0.0042283560   0.0201900943  -0.0211173438   0.0739757771
15031   0.0044355251   0.0061545160  -0.0525048257  -0.0028270300  -0.0013397204
15032  -0.0018412924   0.0001159243   0.0016008505   0.0047075464  -0.0010625115
15033  -0.0005842331  -0.0000492047   0.0016636973   0.0005810686  -0.0004366567
15034  -0.0004929775   0.0002842944  -0.0004108295  -0.0001654375  -0.0002290117
15035  -0.0000935388   0.0006600693   0.0007429836   0.0036830953   0.0019248782
15036  -0.0000764042   0.0158427785  -0.0005488911  -0.0018280441  -0.0067445891
15037  -0.0001136928   0.0002174587   0.0004316762   0.0001169314  -0.0001725214
15038   0.0001701213  -0.0000409655   0.0000165698   0.0000107277  -0.0000176429
15039   0.0000230154  -0.0000524396   0.0000282305   0.0000759339   0.0001388423
15040  -0.0001972458  -0.0000767278   0.0004605090  -0.0003040832  -0.0000809535
15041  -0.0006313108  -0.0002153781  -0.0000080640  -0.0030427365   0.0000461506
15042   0.0000287440   0.0008749638   0.0004060307  -0.0005094756  -0.0029606657
15043  -0.0000667208   0.0000569932   0.0009334251  -0.0000504268  -0.0001814498
15044   0.0001304544   0.0000530553  -0.0000130403   0.0000269574   0.0002357073
15045   0.0000325089  -0.0000172333   0.0000728168   0.0000215215   0.0000380468
15046  -0.0000388727   0.0000944983   0.0000716009   0.0000066653   0.0000901611
15047   0.0001524031   0.0002724302  -0.0000888221  -0.0006230853
151 1   0.0001094112  -0.0000054643   0.0002242253  -0.0000737735  -0.0003063228
151 2  -0.0001176063  -0.0003631683  -0.0003178719  -0.0005498776   0.0002638211
151 3   0.0001552288  -0.0004995364  -0.0002694497   0.0002071516   0.0001374327
151 4  -0.0004843813   0.0003323955  -0.0003350490  -0.0003394307   0.0001530445
151 5  -0.0000295181   0.0001418792   0.0001750328  -0.0009480268   0.0004379085
151 6   0.0000227413   0.0013623173   0.0003910587   0.0004194356  -0.0010560353
151 7  -0.0003433589   0.0002132807   0.0000231543   0.0001346747   0.0002032728
151 8  -0.0002828950  -0.0009588065   0.0006876821  -0.0003133123   0.0001012704
151 9  -0.0002547755   0.0000393695   0.0003300238   0.0001910001   0.0000279819
15110  -0.0004975555  -0.0001789269  -0.0002493628   0.0006529440  -0.0004425747
15111   0.0004021572  -0.0005384205   0.0001266436   0.0001121847   0.0004453775
15112   0.0001430679   0.0000221019  -0.0000309675  -0.0008136989   0.0003416815
15113   0.0002360240  -0.0001806391  -0.0004131504   0.0003184623   0.0000812700
15114   0.0003085472  -0.0000473534   0.0000645680   0.0001327013  -0.0001197384
15115  -0.0000117330  -0.0007156870   0.0006094655  -0.0001554698   0.0000917663
15116  -0.0003582804  -0.0002136387   0.0000541669  -0.0002346601  -0.0005099211
15117   0.0003019353  -0.0002270578  -0.0001620360   0.0004618357   0.0001181026
15118  -0.0000718036   0.0003495341  -0.0002260282   0.0006284064  -0.0000074473
15119  -0.0000311614   0.0000627102   0.0001157740   0.0003776036   0.0006125573
15120   0.0001158563   0.0001526392  -0.0004838578   0.0001249056  -0.0004078723
15121   0.0000768734   0.0000815744   0.0002954667   0.0000686972   0.0001205927
15122   0.0000892832  -0.0002169557  -0.0004215265   0.0001700962   0.0000653771
15123   0.0002485694   0.0002230820  -0.0000898808   0.0001154974  -0.0000791492
15124   0.0002818302   0.0000137157   0.0003062703   0.0007664682  -0.0000338601
15125   0.0004037733  -0.0009017723  -0.0007712767  -0.0012233287   0.0008283967
15126  -0.0014210113   0.0009279473  -0.0001434832  -0.0004811195   0.0023131498
15127  -0.0023365320   0.0005305817  -0.0050939983  -0.0008931096   0.0001059726
15128   0.0086980692  -0.0239053103   0.0029109528  -0.1026913993   0.0010445846
15129  -0.0046408157   0.0177499936   0.0105578890   0.0017897494  -0.0066746822
15130   0.0042419447  -0.0013203354  -0.2438833200  -0.0923100033   0.0044355251
15131   0.6687030573   0.0054136115   0.0127002244  -0.1888015843   0.1039831066
15132  -0.0121295242  -0.0534078108  -0.0147444524   0.0023647513   0.0047115116
15133   0.0196593564  -0.0029766282  -0.0106978959  -0.0050924589   0.0027777118
15134   0.0035796531  -0.0021507704  -0.0001442146   0.0012105341   0.0019831651
15135   0.0004304903   0.0008634140  -0.0285844973   0.0017932955  -0.0952428980
15136   0.0037266031  -0.0007090474   0.0008654499   0.0264838059  -0.0045656051
15137  -0.0001675668   0.0000407830   0.0008635277  -0.0001354481  -0.0001736934
15138   0.0003357396  -0.0000758357   0.0000034503   0.0000052873  -0.0000126145
15139   0.0000774680  -0.0000433098   0.0000703184   0.0002953939   0.0002921126
15140  -0.0001162446   0.0003837666   0.0005043201   0.0009158086  -0.0000893505
15141  -0.0001186192  -0.0004218108  -0.0004838509   0.0000708987  -0.0002209228
15142   0.0002841953   0.0000973590   0.0043884681  -0.0040615670   0.0004321558
15143  -0.0015260951  -0.0025239638  -0.0007029546  -0.0002542893   0.0010464925
15144  -0.0002829759  -0.0002661561  -0.0001335122  -0.0001547616  -0.0001250306
15145   0.0010688301   0.0002388096  -0.0002332163  -0.0000655971  -0.0002141576
15146  -0.0000148197  -0.0010227298  -0.0003060518  -0.0001200636  -0.0008554737
15147  -0.0007174421  -0.0042683679  -0.0019738800  -0.0003363029
152 1   0.0000668912  -0.0001085110  -0.0000081542  -0.0000630825  -0.0000859515
152 2  -0.0002174532   0.0000681210  -0.0001775654  -0.0002784036  -0.0000195602
152 3   0.0001636601  -0.0003941322  -0.0001337259   0.0000960239   0.0000119452
152 4  -0.0001803743   0.0003577489  -0.0002359358  -0.0002522401   0.0001322438
152 5  -0.0002579880  -0.0001849329  -0.0000089335  -0.0003916360   0.0002275483
152 6  -0.0002101870  -0.0006664427  -0.0001093737   0.0003908389   0.0004664443
152 7  -0.0001712131  -0.0000082567  -0.0001905228   0.0000434323   0.0002176823
152 8  -0.0001429509   0.0002485008   0.0000861249   0.0002898954   0.0003791438
152 9  -0.0001021558  -0.0009805885   0.0002101424   0.0002523549  -0.0000361727
15210  -0.0004144027   0.0001156681   0.0000417569   0.0003693129  -0.0003630922
15211  -0.0000453931   0.0000089604   0.0000294479  -0.0004212110  -0.0001428521
15212  -0.0002171583   0.0000612945   0.0001543513  -0.0004903201   0.0003035829
15213  -0.0001717734  -0.0001464816  -0.0002427411   0.0003312708   0.0001011652
15214  -0.0001813701  -0.0001143287   0.0001039223  -0.0000674107  -0.0000349355
15215  -0.0000606166  -0.0002936205   0.0002030317  -0.0002632469   0.0001491609
15216  -0.0002205102  -0.0000864567   0.0001212520   0.0001946566  -0.0004093417
15217   0.0003596501  -0.0000138943  -0.0002979645   0.0000731820  -0.0000825252
15218  -0.0000193339   0.0004510176  -0.0000128280   0.0000064400   0.0003794144
15219   0.0000362003   0.0001756208  -0.0001655519   0.0002950945   0.0000520296
15220  -0.0002448328  -0.0001833574   0.0002302096   0.0003562095   0.0002674999
15221   0.0001296720   0.0002073165   0.0000194103  -0.0000069342  -0.0001225504
15222   0.0000171663  -0.0001942088  -0.0001735947   0.0000712979   0.0000010262
15223   0.0003382320   0.0001799283  -0.0000655268   0.0000368793  -0.0001082332
15224   0.0000527371  -0.0000386100   0.0001089549   0.0003496972   0.0000749265
15225  -0.0000123417  -0.0005398314  -0.0004515861   0.0003972247   0.0006300814
15226   0.0004653353   0.0000967720  -0.0007761899   0.0003800026  -0.0004142910
15227  -0.0005409738  -0.0003647644  -0.0002242052  -0.0002265533  -0.0004804057
15228   0.0011853025  -0.0110176866   0.0012506445  -0.0022697937   0.0123301980
15229  -0.0008964631   0.0070280438   0.0021462921   0.0014865857  -0.0019665181
15230   0.0023304681  -0.0005609929  -0.1051380868  -0.1497862175   0.0061545160
15231   0.0054136115   0.5840619097  -0.0372827554   0.0838188943  -0.1729961201
15232   0.0093080565   0.0083367181   0.0272475027  -0.0028039770   0.0165243964
15233  -0.0188021995   0.0007512308  -0.0059340587  -0.0021592145   0.0010786462
15234   0.0009706075   0.0003207095  -0.0001457944   0.0001239103   0.0028425482
15235   0.0003026601  -0.0480626484  -0.0154053627   0.0035735934  -0.0044960777
15236  -0.2235961591   0.0138166497   0.0215207492  -0.0242949909   0.0054588329
15237  -0.0000670968   0.0001949235   0.0003817462  -0.0000729586   0.0000026814
15238   0.0001159019  -0.0000163818  -0.0000147792   0.0000094823   0.0000044366
15239   0.0000231455   0.0000067506   0.0000320699   0.0001204314  -0.0000760743
15240   0.0001424341   0.0001687806  -0.0005513499   0.0001618526   0.0004413820
15241  -0.0001810931   0.0003627995   0.0002086878   0.0000045240   0.0001076065
15242   0.0000655932  -0.0000442179   0.0248535036  -0.0135565526   0.0017274624
15243  -0.0036137728  -0.0005023165   0.0011467930  -0.0007148989   0.0002457127
15244  -0.0000888051  -0.0001451092  -0.0000571478  -0.0000384478  -0.0006899717
15245   0.0001750386  -0.0003715364  -0.0001867328  -0.0001232637  -0.0000722853
15246   0.0007401019  -0.0002865916  -0.0001698185   0.0005330717  -0.0003240872
15247   0.0000991737   0.0007840643   0.0017280810  -0.0008631136
153 1   0.0000499474   0.0000398704  -0.0000165671   0.0000240528  -0.0000961399
153 2  -0.0000234262   0.0000382058  -0.0000268608  -0.0000155553  -0.0002244020
153 3  -0.0002229119  -0.0001812691   0.0000474761   0.0001488705   0.0000257610
153 4  -0.0000924324   0.0001331283  -0.0001124290  -0.0000016697  -0.0000170399
153 5   0.0000408672  -0.0004068291  -0.0000932488  -0.0004061260   0.0004867643
153 6  -0.0001233936  -0.0008186985   0.0001310270   0.0000386526  -0.0000770233
153 7  -0.0000158949  -0.0000255344  -0.0000019968   0.0000887304  -0.0000326967
153 8   0.0003020203  -0.0008250409   0.0004846166  -0.0010799133   0.0000061318
153 9   0.0002864525  -0.0003493004   0.0001142998   0.0000643038   0.0000489366
15310  -0.0000933143  -0.0001037371  -0.0000028853   0.0001278107  -0.0002281079
15311   0.0003822481  -0.0000465886  -0.0000441479   0.0000944955   0.0001273464
15312   0.0000058981   0.0000364066   0.0000161351  -0.0002678343   0.0001208058
15313   0.0001680982  -0.0000005988  -0.0001146334   0.0001173280   0.0001105200
15314   0.0001148249  -0.0001250237   0.0000534671  -0.0000686805   0.0000720837
15315   0.0000919052  -0.0001986363   0.0000187332   0.0000258419   0.0000527262
15316  -0.0000853598  -0.0000583214   0.0000232742  -0.0001797891   0.0001466479
15317   0.0002432715   0.0000304669   0.0001497796   0.0001915572  -0.0001124918
15318   0.0000701229   0.0000464972  -0.0000418316   0.0001539254  -0.0001919992
15319  -0.0000825246  -0.0000069192   0.0000842617   0.0001436988   0.0001584810
15320  -0.0000051451   0.0001279584  -0.0001552210  -0.0000331765  -0.0002165196
15321   0.0000029747  -0.0000301785   0.0001252779   0.0000030762   0.0001674066
15322   0.0000644797  -0.0002502106  -0.0001165041   0.0000517238  -0.0000301840
15323   0.0000704218   0.0000464525   0.0000266912   0.0000780685  -0.0000840176
15324   0.0000926506   0.0001250765  -0.0000868520   0.0001742492   0.0002131224
15325   0.0000424287  -0.0000475369   0.0002937610   0.0001256414  -0.0000874380
15326   0.0000410751  -0.0000126883   0.0000461162  -0.0001817797  -0.0000583186
15327   0.0001377113  -0.0002343456  -0.0000139198   0.0000073423  -0.0003064864
15328   0.0004304351  -0.0000837676  -0.0044355430  -0.0013510922  -0.0013765047
15329   0.0015658585  -0.0004457165   0.0007632391   0.0079552479  -0.0001451677
15330  -0.0004698121  -0.0001665901   0.0014086382   0.0046719489  -0.0525048257
15331   0.0127002244  -0.0372827554   0.1494058249  -0.0078599371   0.0096090597
15332  -0.0614223456  -0.0022794228  -0.0021901321   0.0060473652   0.0002372341
15333   0.0014155290  -0.0070380443  -0.0001456529  -0.0000074955  -0.0006228409
15334   0.0002452913  -0.0001555021  -0.0000081275   0.0001357016  -0.0000684823
15335   0.0000369971   0.0019377428   0.0002282159   0.0046643912   0.0002134869
15336   0.0169553938  -0.0620592605  -0.0019330851   0.0047604295   0.0019735069
15337   0.0000658937  -0.0000628762  -0.0000899602  -0.0000542799   0.0000459932
15338  -0.0000245486  -0.0000050330  -0.0000073120  -0.0000120888  -0.0000076141
15339  -0.0000077994   0.0000117046   0.0000537490  -0.0000184339   0.0000251991
15340  -0.0000310268  -0.0000388536   0.0000736335   0.0000657226   0.0000401009
15341   0.0004234839  -0.0000255357  -0.0000365283  -0.0001982006  -0.0000703202
15342   0.0000437483  -0.0007834621  -0.0019320297   0.0012712988   0.0044189384
15343   0.0001009352   0.0006166151   0.0077942210  -0.0000260211  -0.0000025162
15344  -0.0000201809  -0.0000351061  -0.0000071853  -0.0000155925   0.0000275918
15345   0.0000360229   0.0000964465  -0.0000170671  -0.0000496144   0.0000179377
15346  -0.0001165600   0.0000136799  -0.0000424766  -0.0000475959   0.0000184190
15347  -0.0000551588  -0.0006811732   0.0006406645   0.0067583603
154 1  -0.0000495999  -0.0001606558  -0.0001048538   0.0000178272   0.0000427684
154 2   0.0000103920   0.0001844038   0.0000614057   0.0002578030  -0.0003917087
154 3   0.0000807848   0.0000638697   0.0002945371   0.0000464969  -0.0005396648
154 4   0.0001983907  -0.0001642400  -0.0000043140   0.0000722103  -0.0000276157
154 5   0.0001240465   0.0000816411  -0.0001098153   0.0005368747  -0.0003089829
154 6  -0.0000102644  -0.0000987448  -0.0005415432  -0.0000446229   0.0013106040
154 7   0.0002360575  -0.0000062883  -0.0001464771  -0.0001608139   0.0000183982
154 8   0.0002538592   0.0002902754  -0.0002294804   0.0001638364  -0.0000666706
154 9   0.0003290446  -0.0000695521  -0.0001455905   0.0000177878  -0.0001116730
15410  -0.0000498410  -0.0002142419  -0.0001100057  -0.0001276585   0.0000302399
15411   0.0000281851   0.0003740246  -0.0000348538  -0.0001466315  -0.0003668788
15412  -0.0002013485   0.0001296888   0.0002849145   0.0004556188  -0.0002905227
15413   0.0001063919  -0.0000319503  -0.0001914356  -0.0000264986   0.0000295983
15414  -0.0001015732   0.0000160299   0.0000349799  -0.0001467229  -0.0000301623
15415   0.0000662585   0.0003616027  -0.0002257863   0.0000748664   0.0000422291
15416   0.0000969609   0.0001464314   0.0000277212   0.0000350418   0.0002719386
15417   0.0001521966   0.0002030667  -0.0000439521  -0.0000264973  -0.0000983135
15418   0.0000261691  -0.0000607387   0.0000202501  -0.0003224582   0.0001519368
15419   0.0001281456  -0.0001476856   0.0001774238   0.0001084821  -0.0002391263
15420   0.0001389483  -0.0002213040   0.0001945271   0.0001693924  -0.0000035240
15421   0.0001732733   0.0001690437   0.0000836497   0.0000171906   0.0002350524
15422   0.0000215859  -0.0001647971   0.0002961906  -0.0000192709   0.0000576175
15423  -0.0000413204  -0.0000787067   0.0001585852  -0.0000825411  -0.0001188763
15424  -0.0000663698   0.0001010427  -0.0001755798  -0.0005008923   0.0004069139
15425   0.0001487386   0.0007447578   0.0003059980  -0.0009236680   0.0003214557
15426   0.0009223219  -0.0004251460  -0.0004503267   0.0002627910   0.0003776392
15427   0.0008081014  -0.0006066890   0.0008405060  -0.0000671180  -0.0002997820
15428  -0.0015257762   0.0062015390  -0.0003930246   0.0177005917  -0.0071370714
15429   0.0011270191  -0.0075223344  -0.0017688410  -0.0007815437   0.0019938782
15430  -0.0022762335   0.0003739077  -0.0895932083   0.0024139631  -0.0028270300
15431  -0.1888015843   0.0838188943  -0.0078599371   0.6895274217   0.0565636745
15432   0.0016606796  -0.3504786342  -0.0840915780  -0.0006443515   0.0060119702
15433  -0.0572330824   0.0076408392   0.0108036984   0.0095966477  -0.0033194609
15434  -0.0045756290   0.0030449070   0.0000284106  -0.0008665517  -0.0015414034
15435   0.0002240552  -0.0276243433   0.0000547398  -0.0002904158   0.0192786914
15436   0.0310354183  -0.0028945003  -0.0012400244  -0.0022277060  -0.0000615671
15437   0.0000093639  -0.0001006760  -0.0004281038   0.0000305894  -0.0000043806
15438  -0.0001755252  -0.0000046204   0.0000038488   0.0000026166  -0.0000181242
15439  -0.0000029251   0.0000157531   0.0000364442  -0.0000615734  -0.0001356975
15440   0.0000993073  -0.0001055443  -0.0002979167  -0.0000937266   0.0000869013
15441   0.0001275877   0.0001101406   0.0000502720  -0.0000317734  -0.0000396021
15442  -0.0000451995   0.0000601424  -0.0542978008  -0.0261960912   0.0025794098
15443  -0.0187278235  -0.0118628766   0.0020419654  -0.0002906467  -0.0011928532
15444   0.0006420767   0.0003688980   0.0000030546   0.0001263505  -0.0002810803
15445  -0.0012601507  -0.0005726633   0.0001523404   0.0004310000   0.0002187715
15446   0.0006348958   0.0012397683   0.0002648696   0.0003399947   0.0011403827
15447   0.0002887819  -0.0007813618   0.0004529824  -0.0003299505
155 1   0.0000153055  -0.0000298626   0.0000721037  -0.0000021235  -0.0001007060
155 2   0.0000357764   0.0000930721  -0.0001311106   0.0000313086  -0.0001897977
155 3   0.0000385969   0.0000394733   0.0000647022   0.0001249080  -0.0001132673
155 4  -0.0000501515  -0.0000048960  -0.0001219346  -0.0000219553  -0.0000304805
155 5  -0.0000263478   0.0001038275  -0.0001718794  -0.0001475202   0.0002945666
155 6  -0.0000840431   0.0010987805   0.0000166595   0.0000913096  -0.0001339893
155 7  -0.0000542718  -0.0000575005  -0.0000993926   0.0000145690   0.0000012362
155 8  -0.0001372361  -0.0000227274   0.0000954281  -0.0001321838   0.0000266003
155 9   0.0002455438  -0.0000967456  -0.0000346152   0.0000261181   0.0000268812
15510  -0.0000103888  -0.0000203978  -0.0002012464   0.0001891638   0.0000525689
15511  -0.0000448725  -0.0000676606   0.0000062281   0.0000951732  -0.0000214587
15512  -0.0000190369   0.0000557126   0.0000114619  -0.0000320129  -0.0000721301
15513   0.0001465776  -0.0001458965  -0.0002555533   0.0001324759   0.0000385033
15514   0.0002614522  -0.0001006270   0.0000216083   0.0000665307  -0.0000295754
15515  -0.0000372502  -0.0001533442   0.0000895750   0.0000519390  -0.0000020162
15516  -0.0000505395  -0.0000169666   0.0000239144  -0.0001325070  -0.0000870859
15517   0.0000909254  -0.0001283709  -0.0000118883   0.0000169942  -0.0000058435
15518   0.0000658068   0.0000029641  -0.0001094896   0.0001205104   0.0000695346
15519   0.0001265318  -0.0000500332   0.0000739765   0.0000872672   0.0003853885
15520   0.0001162213  -0.0001225953  -0.0002331411  -0.0000496622  -0.0001471043
15521   0.0000824508   0.0000644569   0.0001964287  -0.0001257729  -0.0000157163
15522  -0.0000476413  -0.0002202006  -0.0002067925  -0.0000189018   0.0001378017
15523   0.0000971890   0.0000457636   0.0000712577  -0.0000294852  -0.0000222571
15524   0.0001173708   0.0000367619   0.0001392434   0.0001305033   0.0000906728
15525  -0.0000825233  -0.0003731108  -0.0002209326  -0.0000298755   0.0001837902
15526  -0.0003538359   0.0001638490   0.0000061521  -0.0001251116   0.0003704349
15527  -0.0000631871   0.0000253623  -0.0006234445   0.0003666645  -0.0000421755
15528  -0.0005374821  -0.0022891966   0.0004768031  -0.0103883810   0.0021451492
15529   0.0000442961   0.0016226424   0.0015900280   0.0006374093  -0.0005265734
15530   0.0002395212  -0.0002935981  -0.0047286104   0.0179436643  -0.0013397204
15531   0.1039831066  -0.1729961201   0.0096090597   0.0565636745   0.6858306682
15532  -0.0471217315  -0.1283786643  -0.1610672129   0.0083913763  -0.0332964603
15533  -0.0204918374   0.0016668466   0.0039892656  -0.0047930299   0.0001701142
15534   0.0011850292  -0.0001278293   0.0000398020  -0.0016677778  -0.0006942311
15535  -0.0000504670   0.0016541229  -0.0020595408  -0.0004842879   0.0206412009
15536  -0.0284335958   0.0044898073   0.0007080053  -0.0052167134   0.0008227022
15537  -0.0000069463   0.0001065424   0.0003019555  -0.0000338321  -0.0000134837
15538   0.0000974000  -0.0000117090   0.0000032319   0.0000037946   0.0000012667
15539   0.0000169318  -0.0000104869   0.0000143669   0.0000670374   0.0000750951
15540  -0.0000436232   0.0000203616   0.0001300373  -0.0001554064   0.0000254536
15541   0.0000142447  -0.0000250001  -0.0000411619  -0.0000201287  -0.0000811492
15542   0.0000640888  -0.0000217089  -0.0273192500  -0.3218600282   0.0230920926
15543   0.0173962147   0.0105549446  -0.0004004428  -0.0000995290  -0.0000597902
15544  -0.0002905741  -0.0002276858   0.0004245625  -0.0000088105  -0.0001082738
15545   0.0000934344   0.0003839412  -0.0001194862  -0.0004913315  -0.0000305020
15546  -0.0000438816   0.0001230570   0.0001600398  -0.0000062979   0.0001526927
15547  -0.0001466951  -0.0001545048   0.0008185075  -0.0000983379
156 1   0.0000551522  -0.0001640042   0.0000927682  -0.0000399890  -0.0002456458
156 2   0.0000936172   0.0000184056  -0.0001845507   0.0000145441  -0.0006196911
156 3   0.0001370877  -0.0002594215   0.0002897744   0.0005126245  -0.0005522037
156 4  -0.0000766336  -0.0000026515  -0.0002421999  -0.0001258418  -0.0000348921
156 5   0.0001124367   0.0002285333  -0.0003654199  -0.0000795083  -0.0000978884
156 6  -0.0000525340   0.0010198387   0.0004572558   0.0000261930  -0.0010527417
156 7  -0.0000431511   0.0001288361  -0.0001886388  -0.0000359031   0.0001682279
156 8  -0.0001863945  -0.0001773344   0.0004812023   0.0000618557   0.0000367285
156 9   0.0004126484  -0.0006810575  -0.0001104981  -0.0000462954  -0.0000620760
15610  -0.0003371809  -0.0004320328  -0.0004886351   0.0002961748  -0.0001402485
15611  -0.0000156726  -0.0000460617   0.0000838013  -0.0000420705   0.0000285888
15612  -0.0000086119   0.0000563875   0.0002209524  -0.0001093816  -0.0001329234
15613   0.0004714570  -0.0002379454  -0.0007208706   0.0002407229   0.0001302621
15614   0.0003661524   0.0000046212   0.0000975833   0.0000065942  -0.0001117623
15615   0.0001151611  -0.0003320744   0.0001009587   0.0002140462   0.0000383650
15616  -0.0000328822  -0.0000014658  -0.0000070297  -0.0005784627   0.0001030507
15617   0.0004852673   0.0000319852  -0.0001691234   0.0005463836  -0.0000718341
15618   0.0000923628  -0.0000059312  -0.0001662734   0.0001507837  -0.0000089137
15619   0.0000474765  -0.0003096911   0.0004096684   0.0005399784   0.0005933694
15620   0.0001013950  -0.0002187236  -0.0004661858   0.0000266212  -0.0006231126
15621   0.0003290664   0.0002918426   0.0005491171   0.0000772120   0.0005413959
15622   0.0000684443  -0.0006687409  -0.0001764863   0.0000841327   0.0001533912
15623   0.0001484057   0.0001499892   0.0000598771  -0.0000550053  -0.0002379275
15624   0.0001607740   0.0002284817   0.0001881103   0.0001627586   0.0005182291
15625  -0.0000086184  -0.0001304207  -0.0000222234  -0.0003041884  -0.0001166579
15626  -0.0005301512   0.0002162559   0.0004631550  -0.0003168371   0.0002931659
15627  -0.0000082707   0.0000807767  -0.0001491926  -0.0000509375  -0.0008127150
15628   0.0000060167  -0.0009826397   0.0009310042  -0.0009902346   0.0012886459
15629   0.0080631661   0.0004721651   0.0004644577   0.0008870307  -0.0000967953
15630  -0.0001084129  -0.0005536158   0.0006385759  -0.0016106981  -0.0018412924
15631  -0.0121295242   0.0093080565  -0.0614223456   0.0016606796  -0.0471217315
15632   0.1250600933   0.0098101034   0.0134035413  -0.0505079236   0.0016457436
15633  -0.0033878327   0.0043962596   0.0011093935   0.0016855447   0.0023796933
15634  -0.0004374288   0.0001966451   0.0001221936   0.0001715712  -0.0006459858
15635   0.0012147192  -0.0006415679  -0.0002378739  -0.0028250314  -0.0014636372
15636   0.0028729781   0.0065592275  -0.0005200046   0.0015389464   0.0021534800
15637   0.0000316374   0.0000456705   0.0001520918  -0.0000263223  -0.0000282569
15638   0.0000542136  -0.0000197530   0.0000016460  -0.0000050226  -0.0000078718
15639   0.0000138591  -0.0000232946  -0.0000335293   0.0000263537   0.0001417216
15640  -0.0001354369  -0.0001119708   0.0004826539   0.0000185260  -0.0000148192
15641  -0.0000723683  -0.0000176718  -0.0000130884   0.0000609954  -0.0000236840
15642   0.0000013357  -0.0000546950   0.0021138749   0.0233206877  -0.0365339705
15643  -0.0016571466  -0.0010339434   0.0032584716   0.0003425855   0.0000616395
15644   0.0000242670   0.0000519071  -0.0000500634   0.0001338734  -0.0002080547
15645  -0.0001942458   0.0000895634   0.0000391795   0.0000935295   0.0000095745
15646   0.0000572105   0.0002858810  -0.0000346894  -0.0001712882   0.0000742039
15647  -0.0002842895   0.0000059512  -0.0000498271  -0.0002850004
157 1  -0.0000117566   0.0002103560  -0.0000287441   0.0000350107   0.0001316079
157 2  -0.0000729293  -0.0001474351   0.0000810929  -0.0001725189   0.0007074522
157 3  -0.0001192606   0.0000896353  -0.0003768692  -0.0004539855   0.0006443788
157 4  -0.0000894077   0.0001252599   0.0001831981  -0.0000040372   0.0000192328
157 5  -0.0001956957  -0.0000792076   0.0002962413  -0.0001574831  -0.0000882538
157 6  -0.0000974675  -0.0013647757  -0.0002776657  -0.0001078386  -0.0002116840
157 7  -0.0001634365  -0.0001138135   0.0001999490   0.0001738844  -0.0001169940
157 8  -0.0001196483  -0.0001187727  -0.0001543552  -0.0001631507   0.0003207204
157 9  -0.0005597234   0.0006023907   0.0001460365   0.0000292710   0.0000719885
15710   0.0002315272   0.0004606918   0.0003924091  -0.0001394474   0.0000577967
15711  -0.0000321137  -0.0002204781  -0.0000546381   0.0001510142   0.0002124720
15712   0.0001520789  -0.0001775791  -0.0003390887  -0.0001946398   0.0003343665
15713  -0.0003941521   0.0001836003   0.0006432870  -0.0001884950  -0.0000867623
15714  -0.0001734011  -0.0000069139  -0.0000876766   0.0000799961   0.0000835336
15715  -0.0001018122  -0.0000074098   0.0000848647  -0.0002422365  -0.0000509888
15716   0.0000296226  -0.0000970376  -0.0000259848   0.0003650168  -0.0002551777
15717  -0.0004320890  -0.0001971410   0.0001193223  -0.0002936783   0.0001569572
15718  -0.0000717242   0.0000425773   0.0001162707   0.0000534462  -0.0000740358
15719  -0.0000770781   0.0003522714  -0.0004263142  -0.0004323098  -0.0002238442
15720  -0.0000763102   0.0002825427   0.0001997395  -0.0001361141   0.0004676418
15721  -0.0003242861  -0.0003253262  -0.0004598962  -0.0001035026  -0.0006301418
15722  -0.0000676355   0.0005595961  -0.0000616274  -0.0000073166  -0.0001509430
15723  -0.0001010322  -0.0000897539  -0.0001396866   0.0000600631   0.0002531902
15724  -0.0000805045  -0.0002048437  -0.0000489563   0.0002409731  -0.0006069301
15725  -0.0002203390  -0.0004545740  -0.0001013034   0.0010247265  -0.0003055501
15726  -0.0001364065   0.0000493257  -0.0000314720   0.0001109901  -0.0002247151
15727   0.0007908092   0.0001898871  -0.0009860128   0.0002058683   0.0002224352
15728   0.0010565930  -0.0006289066  -0.0004993022  -0.0060611670   0.0015640906
15729  -0.0005168537   0.0017053856   0.0004353265  -0.0000168419  -0.0001345703
15730   0.0002079521   0.0000844484   0.0106788804   0.0056758968   0.0001159243
15731  -0.0534078108   0.0083367181  -0.0022794228  -0.3504786342  -0.1283786643
15732   0.0098101034   0.7428287665  -0.0037291988   0.0160151485  -0.1073281297
15733   0.0237808376  -0.0069143501  -0.0140266400  -0.0463884878   0.0031142254
15734   0.0023195548  -0.0069131172   0.0012034807  -0.0045881880   0.0022534952
15735  -0.0003722491   0.0218078625   0.0234008848  -0.0011919807  -0.0125501728
15736  -0.0118247520   0.0023345103   0.0013872321  -0.0019331394   0.0009448845
15737  -0.0000188236   0.0000802892   0.0001502501  -0.0000352839   0.0000728142
15738   0.0000551631   0.0000243697  -0.0000094446   0.0000010053   0.0000178872
15739  -0.0000201740   0.0000074687  -0.0000017865  -0.0000164478  -0.0000375679
15740   0.0000824863   0.0000985983  -0.0001909561  -0.0000528747  -0.0000611068
15741  -0.0000812912  -0.0000225802  -0.0000202425   0.0000356791   0.0000067725
15742   0.0000196344  -0.0000674995   0.0006108524   0.0012536564  -0.0009053551
15743  -0.2293915125   0.1332546177  -0.0168575237   0.0008522205   0.0009289046
15744  -0.0004028923  -0.0000473881  -0.0001281199  -0.0002440958   0.0000531294
15745   0.0002280072   0.0000596197  -0.0000033782  -0.0018529450  -0.0002819497
15746  -0.0003027653  -0.0009984478  -0.0003088555  -0.0000461899  -0.0010164871
15747   0.0001902021  -0.0042183212   0.0027882092  -0.0004114328
158 1  -0.0000277490   0.0003285231  -0.0000983482   0.0001002466   0.0002357463
158 2  -0.0001252041  -0.0002936759   0.0001205287  -0.0002625314   0.0012918888
158 3  -0.0001948184   0.0001951744  -0.0004945652  -0.0009417277   0.0010490669
158 4  -0.0000865523   0.0001771618   0.0003276175  -0.0000184515  -0.0000026954
158 5  -0.0003436613  -0.0002532007   0.0007558261  -0.0002845447  -0.0003294342
158 6  -0.0001146327  -0.0015019908  -0.0000940698   0.0000935310   0.0004707751
158 7  -0.0000822549  -0.0002441733   0.0002228682   0.0002405407  -0.0002029591
158 8  -0.0000920203   0.0000736626  -0.0005041751  -0.0005130925   0.0001328246
158 9  -0.0007336570   0.0010584447   0.0004330960  -0.0000631755  -0.0000490965
15810   0.0004729135   0.0009868757   0.0008363976  -0.0002932268   0.0002482506
15811  -0.0002330892  -0.0004761353  -0.0000508050   0.0002828565   0.0004348191
15812   0.0002370496  -0.0002292080  -0.0006020437  -0.0003177376   0.0006524630
15813  -0.0008665022   0.0002895407   0.0013077241  -0.0003525145  -0.0003537823
15814  -0.0002837898   0.0000036615  -0.0001736600   0.0000476180   0.0001340008
15815  -0.0001595021   0.0000851373   0.0000203313  -0.0004243212  -0.0000490109
15816  -0.0002438155  -0.0001311937   0.0001111880   0.0012037623  -0.0004270860
15817  -0.0004158172  -0.0003417867   0.0003650789  -0.0006666719   0.0003440243
15818  -0.0001193590   0.0001161646   0.0000943305   0.0002971163   0.0000008759
15819   0.0000196700   0.0008166179  -0.0008735784  -0.0009642015  -0.0007309298
15820   0.0001583966   0.0005445807   0.0005753272  -0.0002465491   0.0010774884
15821  -0.0006433138  -0.0007298156  -0.0009734004  -0.0001677131  -0.0014332615
15822  -0.0001111889   0.0011987441  -0.0000171987   0.0000220461  -0.0002905272
15823  -0.0002205328  -0.0001991874  -0.0003078779   0.0000658061   0.0004579089
15824  -0.0002616461  -0.0004180407  -0.0001097495   0.0002158544  -0.0011259596
15825  -0.0000775210  -0.0000604606   0.0000857143   0.0016976961  -0.0003023918
15826   0.0006671064  -0.0001966479  -0.0002868651   0.0004784082  -0.0018480959
15827  -0.0004480451   0.0002360734   0.0013756171   0.0005002892   0.0002965086
15828  -0.0011526793  -0.0008510370  -0.0008942998  -0.0026321581   0.0012733891
15829  -0.0008141300   0.0017812247  -0.0002543196  -0.0006634025  -0.0003215734
15830   0.0007839391   0.0003304877   0.0165735659   0.0034457385   0.0016008505
15831  -0.0147444524   0.0272475027  -0.0021901321  -0.0840915780  -0.1610672129
15832   0.0134035413  -0.0037291988   0.6202270181  -0.0365868969  -0.0138948784
15833  -0.2590178087   0.0056009181  -0.0330463429  -0.0279626061   0.0048930559
15834   0.0032740331  -0.0029821350   0.0000637741   0.0010289305   0.0063735176
15835   0.0001567498   0.0330367398  -0.0269017484   0.0034011470  -0.0162850694
15836  -0.0131344299   0.0013106776   0.0049321630  -0.0028446405   0.0023038477
15837   0.0000082194  -0.0000755580  -0.0002852798   0.0000351150   0.0000962730
15838  -0.0000690682   0.0000694773  -0.0000076643  -0.0000059809   0.0000471139
15839  -0.0000351701   0.0000382738  -0.0000730996  -0.0000672619  -0.0001974599
15840   0.0002160087   0.0001912803  -0.0007351363  -0.0000719431  -0.0000489990
15841  -0.0002406265  -0.0000125167  -0.0000018856   0.0001466393   0.0000781778
15842   0.0000267832  -0.0001170559  -0.0263879051  -0.0063081539  -0.0003538015
15843   0.1339956130  -0.1538773652   0.0125746207  -0.0008710123   0.0013995519
15844   0.0003098212   0.0004171529  -0.0011284730  -0.0000605543  -0.0008404455
15845   0.0008870955  -0.0011198682   0.0000871337  -0.0003890550  -0.0002525745
15846  -0.0000135668  -0.0018006599  -0.0005320905   0.0001616867  -0.0018325427
15847   0.0000356217   0.0015869254  -0.0001461926   0.0004089589
159 1  -0.0000519968   0.0000207059  -0.0000334145   0.0000428849   0.0000908365
159 2  -0.0000081377  -0.0000158592   0.0000219001   0.0000198860   0.0002542346
159 3   0.0000350908   0.0000855643   0.0000480201  -0.0004077022   0.0000388614
159 4   0.0000822251  -0.0000818370   0.0001007339   0.0000411873  -0.0000254325
159 5  -0.0000187183  -0.0000655520   0.0002470073   0.0000477097  -0.0006631245
159 6  -0.0003185107  -0.0009168462   0.0001259623   0.0001549637   0.0004474673
159 7   0.0001259091  -0.0000928501  -0.0000474685   0.0000279929  -0.0000808467
159 8   0.0000301402   0.0002980202  -0.0002701466   0.0001031388   0.0002555094
159 9   0.0005641580  -0.0003984933   0.0000677931   0.0000037792  -0.0000604228
15910   0.0001570630   0.0002343865   0.0001934120  -0.0000635118   0.0001005538
15911   0.0000323502   0.0000432858  -0.0000869716   0.0000821630  -0.0000394921
15912  -0.0000917636  -0.0000069844  -0.0000684181   0.0000796123   0.0000226288
15913  -0.0002297384   0.0000563995   0.0002801141  -0.0000872669  -0.0001582630
15914  -0.0000756552   0.0000101456  -0.0000591755  -0.0000331388   0.0000241894
15915  -0.0000496316   0.0001510073  -0.0000889069  -0.0000683798   0.0000188277
15916  -0.0001505447   0.0000510749   0.0000915206   0.0005749775  -0.0000738218
15917  -0.0000265136  -0.0001624397   0.0001477205  -0.0003430115   0.0000699900
15918  -0.0000473925   0.0000437915  -0.0000257003   0.0000205115   0.0001495264
15919   0.0001502669   0.0001918127  -0.0002251859  -0.0003287049  -0.0003278725
15920   0.0002628006   0.0000169687   0.0002873237   0.0000320542   0.0003624777
15921  -0.0001193179  -0.0001371275  -0.0002897154  -0.0000885010  -0.0004293364
15922  -0.0000408464   0.0003648591   0.0000400932  -0.0000024614  -0.0000184691
15923  -0.0000559108  -0.0001326727   0.0000076934  -0.0000257476   0.0001377389
15924  -0.0000996107  -0.0001042795  -0.0000728547  -0.0001410325  -0.0002397211
15925   0.0002545908   0.0004211897   0.0000838347  -0.0004373673   0.0003466823
15926   0.0007195205  -0.0001945862  -0.0005707628   0.0002881489   0.0000312410
15927  -0.0002419781  -0.0001808752   0.0002668280  -0.0001112061   0.0001045713
15928  -0.0003096754   0.0005486023  -0.0005607071   0.0015193830  -0.0007462283
15929  -0.0001883807  -0.0005451700  -0.0004243100  -0.0006920084  -0.0000113726
15930   0.0001824559   0.0001058559  -0.0029028284   0.0005315918   0.0047075464
15931   0.0023647513  -0.0028039770   0.0060473652  -0.0006443515   0.0083913763
15932  -0.0505079236   0.0160151485  -0.0365868969   0.1161494003   0.0009480353
15933   0.0145426771  -0.0626207481  -0.0017653827  -0.0020197231   0.0068221216
15934   0.0004569998  -0.0007722107  -0.0025120696  -0.0007671705   0.0004828060
15935   0.0037270222  -0.0023628939   0.0036905810   0.0068219710   0.0006860092
15936   0.0014327208  -0.0027573647   0.0001792860  -0.0001234543  -0.0001091392
15937  -0.0000401408  -0.0001347924  -0.0002925362   0.0000044217  -0.0000203414
15938  -0.0000873812   0.0000014187  -0.0000019825   0.0000060485  -0.0000040304
15939   0.0000017942   0.0000198955   0.0000216441   0.0000095793  -0.0001322576
15940   0.0001378840   0.0001129267  -0.0004347946   0.0000034065   0.0000214339
15941  -0.0000190466   0.0000121552   0.0000099176   0.0000793659   0.0000075964
15942  -0.0000111593   0.0000361518   0.0021363781   0.0003276719   0.0039672726
15943  -0.0153447962   0.0130801797  -0.0317426751   0.0001077102  -0.0002067027
15944   0.0000216320  -0.0000758258  -0.0000065714   0.0001737388   0.0002066010
15945   0.0004691239  -0.0002046822  -0.0001761524  -0.0001814065   0.0004841513
15946   0.0004636527   0.0007362894  -0.0001007824  -0.0001774761  -0.0008187855
15947   0.0001275262  -0.0004029570   0.0004700285   0.0035625547
160 1   0.0000280071  -0.0001426512   0.0000632247   0.0000135673  -0.0001878057
160 2   0.0001740938   0.0000969608  -0.0000706325   0.0002175505  -0.0008854669
160 3  -0.0000265628  -0.0001078329   0.0003636709   0.0006415876  -0.0007069688
160 4  -0.0000012488  -0.0000851416  -0.0002276069  -0.0000613761  -0.0000898598
160 5   0.0000977871   0.0003341874  -0.0005890737   0.0000647155   0.0003243310
160 6   0.0004813990  -0.0000002067  -0.0002009454  -0.0002150419  -0.0005894212
160 7  -0.0001027962   0.0002725864   0.0000716099   0.0000747889   0.0002377310
160 8   0.0000152774  -0.0001434435   0.0004208016   0.0000062129   0.0005011099
160 9  -0.0001682276  -0.0023493627  -0.0009311908   0.0001467538   0.0008522097
16010  -0.0004154893  -0.0007725425  -0.0005393093  -0.0000825238  -0.0002948451
16011   0.0002626861   0.0002268396   0.0000610698  -0.0005994715  -0.0004006600
16012  -0.0001443089   0.0005577330   0.0006032432   0.0003364633  -0.0005173850
16013   0.0007742805  -0.0000713127  -0.0008305280   0.0001602748   0.0003242158
16014   0.0003265073  -0.0000766298   0.0001866792  -0.0002115192   0.0000668471
16015   0.0003032154  -0.0000666335  -0.0000312252   0.0003215811   0.0000564007
16016   0.0002846081   0.0000933083  -0.0001222462  -0.0009893525   0.0004325911
16017   0.0001374296   0.0001174382  -0.0001611406   0.0006099247  -0.0002432010
16018   0.0000971858  -0.0001110752  -0.0000026665  -0.0002637734  -0.0001993086
16019  -0.0001418021  -0.0006678627   0.0004619184   0.0008800583   0.0004907666
16020  -0.0003258892  -0.0001934651  -0.0005184590   0.0001391239  -0.0009289854
16021   0.0004427346   0.0004507403   0.0007480406   0.0002383084   0.0010176944
16022   0.0002955311  -0.0011040702   0.0003235339   0.0000634056   0.0001382390
16023   0.0001164037   0.0001382811   0.0002723123  -0.0002106451  -0.0003959304
16024   0.0001178722   0.0003137726  -0.0003596234  -0.0002785941   0.0012603493
16025   0.0001308328  -0.0001942384  -0.0001584919  -0.0015957199   0.0003377451
16026  -0.0009601661   0.0003746750   0.0002785488  -0.0005174499   0.0012184997
16027   0.0003826246   0.0003921253  -0.0011004676  -0.0001607086   0.0001849018
16028  -0.0021926302  -0.0017789021   0.0002637267   0.0008442023   0.0009084248
16029   0.0003458515   0.0006749714   0.0002630543   0.0003802780   0.0002608361
16030   0.0010793888  -0.0003279876  -0.0056297531  -0.0040186555  -0.0010625115
16031   0.0047115116   0.0165243964   0.0002372341   0.0060119702  -0.0332964603
16032   0.0016457436  -0.1073281297  -0.0138948784   0.0009480353   0.6895212819
16033   0.0125516720   0.0341554330  -0.2866638348  -0.0771173127  -0.0230293567
16034  -0.0455373245  -0.0022961304  -0.0013692204  -0.0053799841  -0.0257685352
16035   0.0015397684  -0.2119459916   0.1074341673  -0.0116567489  -0.0566555285
16036  -0.0071617558  -0.0034831010   0.0037532785  -0.0039205397  -0.0002570561
16037  -0.0000699033   0.0000595590   0.0003418918  -0.0000796035  -0.0000855378
16038   0.0001723086  -0.0000454682  -0.0000170648   0.0000085086  -0.0000098750
16039   0.0000422792  -0.0000318566   0.0000503459   0.0001060634   0.0002843144
16040  -0.0002150168  -0.0000836578   0.0006862862  -0.0000879164   0.0000188973
16041   0.0000242728   0.0001007421   0.0000856494  -0.0001261119  -0.0000685984
16042  -0.0000286587   0.0000370240  -0.0047234123  -0.0015427914  -0.0002077253
16043   0.0058993434   0.0240560579  -0.0011723332   0.0048808104  -0.0039777040
16044   0.0019334353  -0.0010019987   0.0023419164  -0.0001731921   0.0046855837
16045  -0.0042157696  -0.0003927424   0.0010778061   0.0025893413   0.0005026971
16046   0.0003427851   0.0067711381   0.0017557521  -0.0005174731   0.0061764083
16047  -0.0018089445   0.0068017044  -0.0026535273   0.0010139183
161 1   0.0000019667  -0.0002339226   0.0000492854  -0.0000830709  -0.0001437939
161 2   0.0000672195   0.0002397685  -0.0000579030   0.0001804610  -0.0010667546
161 3   0.0002973224  -0.0001889290   0.0004033274   0.0009207120  -0.0007784882
161 4   0.0000734878  -0.0002011087  -0.0002456023   0.0000576826   0.0000409341
161 5   0.0003434829   0.0000984468  -0.0005383020   0.0003874312  -0.0000280673
161 6  -0.0001870539   0.0007001735   0.0002476729  -0.0005041242  -0.0009575111
161 7   0.0001377829   0.0001653745  -0.0002538195  -0.0003107466   0.0000681181
161 8   0.0002207714   0.0000375918   0.0003874143   0.0004829840  -0.0003905400
161 9   0.0006554758   0.0008356167  -0.0003895425   0.0000064747   0.0003576692
16110  -0.0003119378  -0.0007698897  -0.0006873026   0.0002639733  -0.0001938400
16111   0.0000936740   0.0004331227  -0.0000253834  -0.0002968576  -0.0004080314
16112  -0.0000798944   0.0002814410   0.0004742766   0.0003556980  -0.0006404392
16113   0.0006228700  -0.0002941495  -0.0010955615   0.0003370388   0.0002669136
16114   0.0000597360   0.0000437915   0.0001416716  -0.0000219860  -0.0001166066
16115   0.0001040167   0.0000237293  -0.0000480158   0.0003383789  -0.0000044726
16116   0.0001150290   0.0001442007  -0.0000563076  -0.0009665428   0.0003513852
16117   0.0004900821   0.0004913557  -0.0003353257   0.0004182064  -0.0003453157
16118   0.0000002587  -0.0000812501  -0.0000145377  -0.0003323389   0.0001084567
16119  -0.0000040818  -0.0006141171   0.0007192724   0.0006647337   0.0004556862
16120  -0.0002079511  -0.0004973747  -0.0002606074   0.0002417657  -0.0007550433
16121   0.0004791188   0.0006152173   0.0007373542   0.0001617980   0.0012554650
16122   0.0000977630  -0.0008824624   0.0003422886  -0.0001253248   0.0002139218
16123   0.0001932608   0.0001572045   0.0002569800   0.0000049470  -0.0002372076
16124   0.0002003705   0.0002910382   0.0001329073  -0.0001826668   0.0008333424
16125   0.0001059430   0.0003254311  -0.0000047610  -0.0011186592   0.0001891768
16126  -0.0002495607   0.0000483723   0.0002312263  -0.0002644331   0.0005068773
16127  -0.0012461802  -0.0001655122   0.0003493709  -0.0009280757  -0.0003583096
16128  -0.0010763284   0.0012711450   0.0011383475   0.0009086310   0.0004299529
16129   0.0003550683  -0.0003257846   0.0002621284   0.0003748445  -0.0008910385
16130  -0.0000586454  -0.0001587149  -0.0058079360  -0.0045157617  -0.0005842331
16131   0.0196593564  -0.0188021995   0.0014155290  -0.0572330824  -0.0204918374
16132  -0.0033878327   0.0237808376  -0.2590178087   0.0145426771   0.0125516720
16133   0.6428579016  -0.0197700989  -0.0753281128  -0.1586610961  -0.0086070373
16134   0.0086690386   0.0170949861   0.0006881236  -0.0352645456  -0.0254697199
16135  -0.0008847232   0.0696112861  -0.1802580833   0.0118717019   0.0238811184
16136   0.0299459979  -0.0032180819  -0.0105487658   0.0047540998  -0.0027890367
16137   0.0000394981   0.0000086243   0.0000808326   0.0000391679  -0.0000894854
16138  -0.0000222750  -0.0000596049   0.0000158161   0.0000005752  -0.0000447320
16139   0.0000282069  -0.0000247904   0.0000163884   0.0000405714   0.0000687866
16140  -0.0001687183  -0.0001657890   0.0004752611   0.0001792707   0.0000141477
16141   0.0002150269  -0.0000378113  -0.0000526809  -0.0000688503  -0.0000273786
16142  -0.0000067046   0.0001122020  -0.0009384741   0.0012816429   0.0009405390
16143  -0.0032957735  -0.0112196641   0.0014987060   0.0025937324  -0.0017840252
16144   0.0012684732   0.0044426840  -0.0028911934   0.0005767413   0.0020949367
16145  -0.0019314949  -0.0010210526   0.0006305464  -0.0052346199   0.0001129690
16146  -0.0006577179   0.0028294762   0.0005394617  -0.0007894057   0.0026339880
16147  -0.0001537272   0.0237347357  -0.0115647951   0.0013766251
162 1  -0.0000953945   0.0001114409  -0.0000148458   0.0000556337   0.0001790077
162 2  -0.0000178396  -0.0002069768   0.0000443323  -0.0001534372   0.0006005278
162 3  -0.0000538582  -0.0000078648  -0.0001214430  -0.0004431974   0.0005114429
162 4   0.0000736290  -0.0001406703   0.0001672986   0.0000698867   0.0000253481
162 5  -0.0000155038  -0.0002397636   0.0005230900   0.0001020370  -0.0003414813
162 6  -0.0002672566  -0.0004802961   0.0000900522  -0.0002282672   0.0000525997
162 7   0.0001404464  -0.0001063449  -0.0000274640   0.0000291786  -0.0001280221
162 8   0.0000939742  -0.0000181096  -0.0002686517  -0.0001730832   0.0010585571
162 9  -0.0005535670  -0.0000211189   0.0005287109  -0.0000778080  -0.0002893227
16210   0.0003550878   0.0004746310   0.0003242337  -0.0000887825   0.0002299468
16211  -0.0000630579  -0.0001780476   0.0000628462   0.0001730390   0.0002013872
16212   0.0003261301  -0.0000796113  -0.0003693237  -0.0000329371   0.0001011268
16213  -0.0005318240   0.0000726232   0.0005085004  -0.0001621591  -0.0004007820
16214  -0.0002326676   0.0000673138  -0.0001677569   0.0000192426   0.0000651294
16215  -0.0001568835   0.0000416698  -0.0000483224  -0.0001464085  -0.0000250151
16216  -0.0002863544  -0.0000185336   0.0001380145   0.0007481712  -0.0002300607
16217   0.0000481385  -0.0000321861   0.0002722151  -0.0004715132   0.0001844943
16218  -0.0001740082   0.0000563541  -0.0000332109   0.0002431160   0.0001466879
16219   0.0001685160   0.0003355411  -0.0001498649  -0.0007168794  -0.0006297266
16220   0.0003691803   0.0001376031   0.0004010115  -0.0000709061   0.0005491636
16221  -0.0003724995  -0.0003789732  -0.0005380585   0.0000427540  -0.0003938242
16222  -0.0000244058   0.0009364609   0.0002804963  -0.0001497535  -0.0000497871
16223  -0.0001374966  -0.0001492651  -0.0000612240   0.0000188584   0.0005195806
16224  -0.0000800669  -0.0002469940   0.0000158361   0.0001649363  -0.0008104399
16225   0.0003415179   0.0005419739   0.0001650000  -0.0001932167   0.0001568009
16226   0.0007333287  -0.0001793829  -0.0004776258   0.0003167426  -0.0004598633
16227  -0.0006606553  -0.0003682618   0.0003820694  -0.0001114626   0.0001479801
16228  -0.0009799264   0.0009837532   0.0015217142  -0.0001915154  -0.0002269464
16229  -0.0004964640   0.0005228275  -0.0002247767  -0.0004804582  -0.0004877318
16230   0.0006179226   0.0001027696   0.0021795460   0.0011969619  -0.0000492047
16231  -0.0029766282   0.0007512308  -0.0070380443   0.0076408392   0.0016668466
16232   0.0043962596  -0.0069143501   0.0056009181  -0.0626207481   0.0341554330
16233  -0.0197700989   0.1513975477  -0.0105114076  -0.0015767056  -0.0483839804
16234  -0.0049021142   0.0006625742  -0.0009682277  -0.0009507447  -0.0044021923
16235  -0.0002458962  -0.0162990585   0.0139078107  -0.0555440213  -0.0016487448
16236  -0.0012149785   0.0025122577   0.0015945168  -0.0009663116   0.0027767750
16237  -0.0000161715  -0.0002362538  -0.0004248064   0.0000165975  -0.0000210956
16238  -0.0001297390   0.0000102825  -0.0000052055   0.0000059185   0.0000031418
16239   0.0000009018   0.0000263058  -0.0000190270  -0.0000058284  -0.0001637920
16240   0.0001595094   0.0001637443  -0.0004559792   0.0000174487  -0.0000159275
16241   0.0000423961   0.0000325037   0.0000027672   0.0001569238  -0.0000045055
16242   0.0000054053   0.0000392287   0.0000044461   0.0005181706   0.0076694892
16243   0.0005412370   0.0019287679   0.0025381246  -0.0009490273  -0.0003021668
16244   0.0004390720   0.0002176538   0.0002214219   0.0003236065   0.0005344007
16245  -0.0001385843  -0.0001506830   0.0000768308   0.0000485093   0.0003285972
16246  -0.0012289766  -0.0005081863   0.0005853711   0.0003376694   0.0008822013
16247  -0.0001322299  -0.0011832425   0.0013492064   0.0025353732
163 1  -0.0000487492   0.0004477627  -0.0000388813   0.0001011271   0.0002559973
163 2  -0.0001393022  -0.0002042105   0.0000995160  -0.0001575639   0.0013867869
163 3  -0.0002098424   0.0005255701  -0.0006065792  -0.0009686018   0.0013083011
163 4  -0.0001392331   0.0001621045   0.0003940635   0.0000398054  -0.0000330782
163 5  -0.0003834912  -0.0001480714   0.0007019575  -0.0003961448   0.0000419084
163 6  -0.0002150912  -0.0002482338  -0.0000898988  -0.0000065937   0.0001437778
163 7  -0.0000117949  -0.0003300759   0.0002109023   0.0000611334  -0.0003669738
163 8  -0.0000613004   0.0003495434  -0.0006701410  -0.0003390647  -0.0009228108
163 9  -0.0005293763  -0.0002813775   0.0003752301   0.0000487105  -0.0003847509
16310   0.0006334908   0.0012239950   0.0009717081  -0.0001449596   0.0004815910
16311  -0.0002525652  -0.0004657210  -0.0001975106   0.0006441690   0.0004169416
16312   0.0001058817  -0.0003310249  -0.0006780408  -0.0003317185   0.0005790480
16313  -0.0009686545   0.0002207633   0.0015504755  -0.0003052224  -0.0003235754
16314  -0.0002008819  -0.0001183549  -0.0001390260   0.0002694101   0.0000649078
16315  -0.0002845029   0.0001851228   0.0001338549  -0.0004809856  -0.0001081105
16316  -0.0001409918  -0.0001598892   0.0000706741   0.0011312539  -0.0004812422
16317  -0.0006217101  -0.0004323601   0.0003793433  -0.0006874444   0.0004217986
16318   0.0000477238  -0.0000522369   0.0001319921   0.0003043834  -0.0000244637
16319   0.0000723288   0.0011537721  -0.0010416425  -0.0011329999  -0.0003931557
16320  -0.0000035058   0.0004898380   0.0005207685  -0.0005614133   0.0013503032
16321  -0.0007310684  -0.0008648068  -0.0011711326  -0.0005442781  -0.0021650082
16322  -0.0003512892   0.0012173548  -0.0005850909   0.0000683586  -0.0003219962
16323  -0.0002698710  -0.0002381843  -0.0003741054   0.0001309114   0.0003930242
16324  -0.0002830878  -0.0004648395   0.0000861622   0.0001765220  -0.0014301202
16325  -0.0006351237  -0.0004870907   0.0000334670   0.0031827269  -0.0009054668
16326   0.0006410173  -0.0003607699   0.0000692160   0.0005444772  -0.0021724866
16327   0.0009775096  -0.0000249868   0.0011228289   0.0001801841   0.0001478290
16328   0.0008402805   0.0029761529  -0.0011851889   0.0007135996  -0.0014372772
16329  -0.0005510090  -0.0014587981  -0.0005864448  -0.0002377128   0.0009427056
16330  -0.0017286739   0.0005230249   0.0051868449   0.0060613894   0.0016636973
16331  -0.0106978959  -0.0059340587  -0.0001456529   0.0108036984   0.0039892656
16332   0.0011093935  -0.0140266400  -0.0330463429  -0.0017653827  -0.2866638348
16333  -0.0753281128  -0.0105114076   0.6545862370   0.0165948386   0.0502621025
16334  -0.1664689755   0.0516751469  -0.0166840192  -0.0945239443   0.0061464336
16335  -0.0060934375  -0.0607677519  -0.0065790978  -0.0053492912   0.0064361544
16336   0.0131800424   0.0002250655  -0.0006659417  -0.0029717306   0.0028331986
16337   0.0001032287   0.0001504875  -0.0000845282   0.0000751784   0.0001962539
16338  -0.0000801229   0.0000934745   0.0000038318  -0.0000176003   0.0000489151
16339  -0.0000774278   0.0000390804  -0.0000815545  -0.0001660876  -0.0002616173
16340   0.0002204205   0.0000173221  -0.0007421879   0.0000274141  -0.0000816126
16341  -0.0002064568  -0.0001260875  -0.0000599677   0.0000400469   0.0001231346
16342   0.0000109782  -0.0001650458   0.0007037531   0.0001940655  -0.0001989472
16343  -0.0011898970   0.0008335992  -0.0002486242  -0.0104268727   0.0105145578
16344  -0.0069595044  -0.0272895081   0.0198759073  -0.0035353356  -0.0103301200
16345   0.0103225476   0.0035697445  -0.0025568521  -0.0336966614  -0.0021620513
16346   0.0024580589   0.0107957807  -0.0036388854   0.0024506180   0.0105460586
16347   0.0044123973   0.0008932514  -0.0013977474  -0.0000848336
164 1  -0.0000395250   0.0001921760  -0.0000562366   0.0000415354   0.0002109107
164 2  -0.0001114445  -0.0000009770   0.0000948121   0.0000208807   0.0007737388
164 3  -0.0000989327   0.0003706462  -0.0003245928  -0.0006567409   0.0006778166
164 4   0.0000142402   0.0001009462   0.0002403862   0.0000219646  -0.0000190820
164 5  -0.0002831308  -0.0001599830   0.0003735774  -0.0001310544  -0.0000680240
164 6  -0.0001709255  -0.0002230620   0.0001879746   0.0002616136   0.0006907009
164 7  -0.0000509574  -0.0003749482   0.0000881324   0.0000887926  -0.0002893861
164 8  -0.0000128705   0.0003432756  -0.0004042184  -0.0002519615  -0.0003744231
164 9   0.0001826577  -0.0002061564   0.0005023223  -0.0005040862  -0.0002648375
16410   0.0005039653   0.0007393832   0.0005906766  -0.0002148979   0.0002854520
16411  -0.0001282976   0.0000187506  -0.0002890942   0.0004693000   0.0002296472
16412  -0.0000035083  -0.0010798810  -0.0005042976   0.0001047025   0.0003261660
16413  -0.0005341194   0.0001626487   0.0009319776  -0.0002010896  -0.0001049291
16414  -0.0001916423  -0.0000246006  -0.0002112027   0.0001524175   0.0000432931
16415  -0.0002107668   0.0002252756  -0.0000253390  -0.0003320864  -0.0000574063
16416  -0.0001098563  -0.0000172485   0.0000699615   0.0009084552  -0.0001729314
16417  -0.0003837840  -0.0002631020   0.0002434830  -0.0005250400   0.0001974471
16418  -0.0000293782   0.0000650299   0.0000737727  -0.0000207513   0.0001331489
16419   0.0001420000   0.0005793434  -0.0007161023  -0.0007764502  -0.0003050462
16420   0.0000395856   0.0002529802   0.0004569117  -0.0001724386   0.0009133783
16421  -0.0004153101  -0.0004529473  -0.0006645867  -0.0003557742  -0.0012888645
16422  -0.0002971093   0.0007581286  -0.0002202508  -0.0000421952  -0.0001363558
16423  -0.0001651774  -0.0001921252  -0.0001095489  -0.0000102045   0.0003816684
16424  -0.0001428321  -0.0004271325  -0.0001036281   0.0001107552  -0.0008775918
16425  -0.0002976385  -0.0002375930  -0.0000586882   0.0014049772   0.0000741994
16426   0.0007875979  -0.0003310370  -0.0005907859   0.0005937080  -0.0010859073
16427   0.0002418459  -0.0002011290   0.0009270167   0.0003883289  -0.0000664060
16428   0.0004353779   0.0002019280  -0.0003795573   0.0007450062  -0.0003659018
16429  -0.0001155383  -0.0009260747  -0.0004050781  -0.0003842351   0.0005055605
16430  -0.0005331161   0.0003607645   0.0018526586   0.0035894622   0.0005810686
16431  -0.0050924589  -0.0021592145  -0.0000074955   0.0095966477  -0.0047930299
16432   0.0016855447  -0.0463884878  -0.0279626061  -0.0020197231  -0.0771173127
16433  -0.1586610961  -0.0015767056   0.0165948386   0.6137215390   0.0074563759
16434   0.0628118080  -0.1405867041   0.0080782006  -0.0060580100  -0.2079761171
16435  -0.0113262853   0.0086115365   0.0186847363  -0.0023814559   0.0033473420
16436   0.0001258568   0.0012071772   0.0017760151  -0.0008562024   0.0015752756
16437   0.0000303369   0.0001079046  -0.0000295306   0.0000230126   0.0001132121
16438  -0.0000406696   0.0000463604  -0.0000024452   0.0000022077   0.0000261792
16439  -0.0000324820   0.0000326485  -0.0000090271  -0.0000450204  -0.0002473355
16440   0.0002617617   0.0001001903  -0.0008155664  -0.0000386245   0.0000011506
16441  -0.0000831466  -0.0000261799  -0.0000247403   0.0000620054   0.0000597629
16442   0.0000133796  -0.0001194514  -0.0012460527  -0.0003649983   0.0000280498
16443   0.0006014784   0.0012020101  -0.0000032653   0.0188738096  -0.0129464115
16444   0.0012317754  -0.0142727691   0.0086966962  -0.0021806697   0.0232338276
16445  -0.0164710202   0.0033789242   0.0003774790  -0.0150838728  -0.0005154004
16446   0.0005563102  -0.0269317611  -0.0042674234   0.0006672224  -0.0286591583
16447   0.0031536445  -0.0011440692  -0.0010555020  -0.0002498774
165 1   0.0000395472   0.0000261456  -0.0000445330   0.0000708360  -0.0001523043
165 2   0.0000222742  -0.0000144585   0.0000593308   0.0001002680  -0.0003372552
165 3   0.0001626733   0.0000987358   0.0000642265   0.0004088234  -0.0003025702
165 4  -0.0001114957   0.0001242141  -0.0000974420  -0.0000584267  -0.0001296753
165 5   0.0000497247   0.0004357424  -0.0004195042  -0.0000129752   0.0001324660
165 6   0.0001198668   0.0002713791   0.0000319254  -0.0003654280  -0.0004488128
165 7  -0.0001630999   0.0001213621   0.0001978046  -0.0000594990   0.0000989411
165 8   0.0000802531  -0.0001007830   0.0000996291   0.0000964311  -0.0008010975
165 9  -0.0001446059  -0.0009796560  -0.0000097468  -0.0001156681   0.0002139547
16510  -0.0002489046  -0.0004965432  -0.0002319628  -0.0000359656  -0.0001856269
16511  -0.0000427238   0.0003467798  -0.0001274998  -0.0000473094  -0.0002556059
16512   0.0003446607  -0.0002287103   0.0002394763   0.0000896382  -0.0001594823
16513   0.0005120372   0.0000893268  -0.0002508436   0.0000131527   0.0004023371
16514   0.0001716813  -0.0000431249   0.0001141691  -0.0000785408  -0.0000143741
16515   0.0001904631   0.0000426176   0.0000142671   0.0000857159   0.0000762057
16516   0.0003589677   0.0000318585  -0.0001139721  -0.0004818014   0.0001832847
16517  -0.0003219066  -0.0001084506  -0.0001544957   0.0001659060  -0.0001264797
16518   0.0001118559  -0.0000745509   0.0001086013  -0.0003397993  -0.0002741940
16519  -0.0001046410  -0.0003003104   0.0000218505   0.0003609882   0.0004629183
16520  -0.0003223892   0.0000152408  -0.0003531930   0.0001660457  -0.0003726976
16521   0.0002461208   0.0003618601   0.0004177125  -0.0002040971   0.0003063643
16522   0.0000434660  -0.0007924691  -0.0000160619   0.0002541807   0.0000872999
16523   0.0000201831  -0.0001324465   0.0001567774   0.0000635917  -0.0004266266
16524   0.0000309267   0.0002951881  -0.0001861810  -0.0003964861   0.0010257669
16525  -0.0002001025  -0.0004389817  -0.0001941537  -0.0004326741   0.0001959812
16526  -0.0008512999   0.0001804993   0.0002168478  -0.0002189021   0.0007635411
16527   0.0001804749   0.0003517177  -0.0007861817   0.0000049054  -0.0001391351
16528   0.0003269620  -0.0009472908  -0.0001589165   0.0000900745   0.0004872047
16529   0.0004149965  -0.0000924177   0.0002302567   0.0002928547   0.0001846017
16530   0.0000293414   0.0000315995  -0.0021401213  -0.0016276392  -0.0004366567
16531   0.0027777118   0.0010786462  -0.0006228409  -0.0033194609   0.0001701142
16532   0.0023796933   0.0031142254   0.0048930559   0.0068221216  -0.0230293567
16533  -0.0086070373  -0.0483839804   0.0502621025   0.0074563759   0.1153576114
16534  -0.0135897949   0.0059332522  -0.0552828418  -0.0042000119  -0.0054747890
16535  -0.0548223315  -0.0006447372  -0.0022242328   0.0071757506  -0.0014992545
16536  -0.0013728867   0.0025893294  -0.0001283741   0.0006223282  -0.0000556761
16537  -0.0000182011   0.0001586593   0.0004195192  -0.0000141497  -0.0000051959
16538   0.0001424007  -0.0000244119   0.0000039450  -0.0000017053  -0.0000107029
16539   0.0000105527  -0.0000299658   0.0000340094   0.0000365039   0.0001392270
16540  -0.0001021427  -0.0000350076   0.0003583604  -0.0000104574   0.0000292112
16541   0.0000790341  -0.0000005633  -0.0000006527  -0.0001270996  -0.0000213714
16542  -0.0000100970  -0.0000283372  -0.0000558680   0.0000717020   0.0001161215
16543  -0.0000334003   0.0000261394  -0.0012611225  -0.0228663874   0.0133620571
16544   0.0063605507  -0.0001228753  -0.0004525374  -0.0021648893   0.0169767775
16545  -0.0088755926   0.0095943722   0.0000190119  -0.0021552711  -0.0024168378
16546  -0.0039445153  -0.0236141474   0.0065724131   0.0032785418   0.0217939518
16547   0.0095420757   0.0000130236  -0.0003207806  -0.0013425067
166 1  -0.0000332705  -0.0001725282  -0.0000044220  -0.0000349346  -0.0000115376
166 2   0.0000287556   0.0001553600  -0.0000426893   0.0000794192  -0.0003623851
166 3   0.0000085214  -0.0001384722   0.0001304733   0.0001206321  -0.0003741827
166 4   0.0001203458  -0.0000729633  -0.0001140698  -0.0000106607   0.0000225144
166 5   0.0000364167  -0.0001053901  -0.0001564195   0.0001053570   0.0000090414
166 6   0.0000194758  -0.0000172816  -0.0000426505   0.0001520238   0.0001599658
166 7   0.0000394402  -0.0000112542  -0.0001600075  -0.0000149913   0.0000346547
166 8   0.0000019963   0.0000166608   0.0001343787   0.0001443804   0.0002447731
166 9   0.0001419026  -0.0000108956   0.0001518020  -0.0003729774  -0.0001929105
16610  -0.0000649784  -0.0001914054  -0.0002163350   0.0000382671  -0.0000507606
16611   0.0000931603   0.0002186000   0.0000131527  -0.0000836873  -0.0000758010
16612  -0.0001567624  -0.0001196263   0.0001180330   0.0003063219  -0.0002053473
16613   0.0001455469  -0.0000877504  -0.0003646791   0.0001110448   0.0000420008
16614  -0.0000003531   0.0000306131  -0.0000058858  -0.0000438268   0.0000051096
16615   0.0000092871   0.0000158790  -0.0001097861   0.0001127590   0.0000706268
16616   0.0000207386   0.0000908279   0.0000326681  -0.0001555513   0.0001444732
16617   0.0002632702   0.0001393816  -0.0001134404   0.0001117651  -0.0001229079
16618   0.0000014006   0.0000822253  -0.0000537982  -0.0001414195   0.0001718108
16619   0.0000528174  -0.0002534331   0.0002395930   0.0002467664  -0.0000016592
16620   0.0001621763  -0.0002339564   0.0000208386   0.0001804263  -0.0002145361
16621   0.0001921250   0.0002248670   0.0001995638   0.0001412108   0.0004418966
16622   0.0000689260  -0.0002010916   0.0002064126  -0.0001037007   0.0001139881
16623   0.0000919823   0.0000559676   0.0001292666  -0.0000587014   0.0000423866
16624   0.0000974717  -0.0000051359  -0.0000296202  -0.0000125431   0.0001813364
16625   0.0001464783   0.0001922714   0.0000055317  -0.0006616842   0.0003126814
16626   0.0002489180  -0.0000268656  -0.0002954421   0.0000488507   0.0003196414
16627  -0.0001242902  -0.0002190946  -0.0000623925  -0.0001345447  -0.0001051075
16628  -0.0003291345  -0.0001876902   0.0004313390   0.0006838242   0.0001084856
16629   0.0001690042  -0.0001421428  -0.0000643703  -0.0000379558  -0.0000713209
16630   0.0002448660  -0.0000932174  -0.0025390461  -0.0013791142  -0.0004929775
16631   0.0035796531   0.0009706075   0.0002452913  -0.0045756290   0.0011850292
16632  -0.0004374288   0.0023195548   0.0032740331   0.0004569998  -0.0455373245
16633   0.0086690386  -0.0049021142  -0.1664689755   0.0628118080  -0.0135897949
16634   0.5135815198   0.0663466326  -0.0045914309   0.0013388306   0.0078556484
16635   0.0007321601   0.0026874851  -0.0041600348   0.0005856942  -0.0016328286
16636  -0.0011349041  -0.0004023909  -0.0003631137   0.0003515866  -0.0006472933
16637  -0.0000207813  -0.0000219441  -0.0000420985  -0.0000243348  -0.0000312440
16638  -0.0000150885  -0.0000199338  -0.0000064693   0.0000095558  -0.0000104560
16639   0.0000166767   0.0000001214   0.0000297233   0.0000396153  -0.0000193230
16640   0.0000237852   0.0000025872  -0.0000679609   0.0000028072   0.0000195350
16641   0.0000592260   0.0000244819   0.0000072499   0.0000166478  -0.0000170676
16642  -0.0000049532   0.0000305758   0.0000786586   0.0000432012   0.0000106730
16643  -0.0017534879   0.0003369441   0.0000662637  -0.0449275512  -0.0051444548
16644   0.0053751700  -0.2123365006  -0.1375880094   0.0095235419  -0.0437007465
16645   0.0044474282   0.0060173291   0.0003817921  -0.0034863350   0.0000437354
16646  -0.0000099121  -0.0013676692  -0.0003368647  -0.0004561585  -0.0022687011
16647   0.0008834641  -0.0001035872   0.0001715384   0.0000235953
167 1   0.0000582787   0.0001422602   0.0000832793   0.0000018753  -0.0000191829
167 2   0.0000016167  -0.0001179321   0.0000127735  -0.0000151725   0.0002895065
167 3  -0.0000385021   0.0002389437  -0.0000908290  -0.0000621321   0.0003315122
167 4  -0.0001085006   0.0000519817   0.0000964265   0.0000488047  -0.0000057325
167 5  -0.0000012549   0.0002346521   0.0000685659  -0.0000747827   0.0000304608
167 6   0.0000197086   0.0001497057  -0.0002448611  -0.0002922790  -0.0006716851
167 7  -0.0000419842   0.0001014744   0.0001880523  -0.0000225664  -0.0000048887
167 8  -0.0000084768  -0.0000987157  -0.0001224238  -0.0000965912  -0.0002072473
167 9  -0.0002452735   0.0001279634  -0.0003279966   0.0009214810  -0.0006613425
16710   0.0000194344   0.0000935138   0.0001282437   0.0000066095   0.0000704315
16711  -0.0000523877  -0.0002001876   0.0001095686   0.0000096739  -0.0000206279
16712   0.0001993362  -0.0000007427  -0.0000271486  -0.0002267740   0.0000908366
16713  -0.0000408417   0.0000700952   0.0002483240  -0.0001310258  -0.0000145918
16714   0.0000822048  -0.0000299908   0.0000016205   0.0000477937  -0.0000372381
16715  -0.0000555015   0.0000177601   0.0001341338  -0.0000500447  -0.0000613520
16716   0.0000479344  -0.0000834411  -0.0000719854  -0.0000023557  -0.0000808305
16717  -0.0003085474  -0.0001584871   0.0000938863  -0.0000018529   0.0001302741
16718   0.0000472298  -0.0001257838   0.0000328033   0.0001374704  -0.0002492579
16719  -0.0000984404   0.0001992788  -0.0001596517  -0.0002333343   0.0001361034
16720  -0.0002926034   0.0002179922  -0.0001659678  -0.0001881046   0.0000894567
16721  -0.0001845893  -0.0001913557  -0.0000760602  -0.0001660614  -0.0003067995
16722  -0.0001479521   0.0001117833  -0.0004305757   0.0000795782  -0.0000649699
16723  -0.0001049739  -0.0000004771  -0.0001094468   0.0000686334  -0.0001990313
16724  -0.0000041096  -0.0000175263   0.0001452486  -0.0001672744   0.0000480611
16725  -0.0002083301  -0.0003092679  -0.0000254229   0.0006038423  -0.0004415313
16726  -0.0005942812   0.0001125194   0.0005233984  -0.0001935934  -0.0000700212
16727   0.0004768504   0.0003359697  -0.0004078287   0.0000215606   0.0001534455
16728   0.0004473625   0.0006913063  -0.0005164897  -0.0001449797  -0.0003955950
16729  -0.0000756683  -0.0000671071   0.0000382042   0.0001911916   0.0002818665
16730  -0.0004402758   0.0000429963   0.0008944235   0.0008028032   0.0002842944
16731  -0.0021507704   0.0003207095  -0.0001555021   0.0030449070  -0.0001278293
16732   0.0001966451  -0.0069131172  -0.0029821350  -0.0007722107  -0.0022961304
16733   0.0170949861   0.0006625742   0.0516751469  -0.1405867041   0.0059332522
16734   0.0663466326   0.5395865206   0.0025358944   0.0212195872  -0.0223176391
16735   0.0031194853  -0.0045550630  -0.0016851073  -0.0008051851  -0.0009931292
16736   0.0009611955   0.0000123994   0.0001457065  -0.0009305353   0.0005549006
16737   0.0000220332   0.0000502452   0.0001473212   0.0000138301   0.0000300503
16738   0.0000484455   0.0000140138   0.0000053202  -0.0000101475   0.0000082363
16739  -0.0000131209  -0.0000083396  -0.0000293407  -0.0000404677   0.0000844308
16740  -0.0000854595  -0.0000375242   0.0002870962   0.0000055720  -0.0000290925
16741  -0.0000508378  -0.0000213344  -0.0000023980  -0.0000453321   0.0000086311
16742  -0.0000038553  -0.0000131845  -0.0000869509  -0.0000632348  -0.0000092098
16743  -0.0022796339  -0.0011016309  -0.0003391629  -0.0062155621  -0.1002873857
16744   0.1037280179  -0.1235337647  -0.1444206406   0.0071098579   0.0020142700
16745  -0.1413587353  -0.1189030120   0.0035059356  -0.0002753615   0.0000551968
16746   0.0001935812  -0.0012223446   0.0005160599   0.0004723865  -0.0018765882
16747  -0.0014410917   0.0001248276  -0.0000786959   0.0000929714
168 1  -0.0000247649   0.0000256578   0.0000207130   0.0000236398  -0.0000138580
168 2   0.0000247104  -0.0000291520  -0.0000022260  -0.0000731572   0.0000095904
168 3   0.0000020923  -0.0000130628  -0.0000010212   0.0000296119   0.0000064647
168 4  -0.0000396361  -0.0000017927   0.0000042018  -0.0000039710  -0.0000296760
168 5   0.0000341589   0.0000561515  -0.0000215676  -0.0000380283   0.0000918708
168 6   0.0000496421   0.0001134655  -0.0006561301  -0.0003450866  -0.0011587195
168 7  -0.0000228211   0.0000873671   0.0000275251  -0.0000142778  -0.0000048457
168 8  -0.0000055635  -0.0001041428  -0.0000364697   0.0000028694   0.0000746741
168 9  -0.0000773038  -0.0000416364  -0.0000580999   0.0007319274  -0.0020980699
16810  -0.0000295525  -0.0000653297  -0.0000489867   0.0000220826   0.0000300859
16811  -0.0000345115  -0.0000319658   0.0000967854  -0.0000797847  -0.0000042509
16812  -0.0000315213   0.0001725471  -0.0000132224   0.0000241489  -0.0001155446
16813  -0.0000011103   0.0000032213  -0.0000410781   0.0000156476   0.0000097471
16814   0.0000171591  -0.0000121972   0.0000030250   0.0000508404   0.0000199332
16815   0.0000084517  -0.0000281392   0.0000344622   0.0000241184   0.0000602429
16816   0.0001209969  -0.0000070758  -0.0000002435  -0.0002026426  -0.0000449248
16817  -0.0000412069   0.0000348874  -0.0000165230   0.0000881655   0.0000153570
16818   0.0000301236  -0.0000107361   0.0000380511  -0.0000317573  -0.0000493342
16819  -0.0000135859  -0.0000374347   0.0000581378  -0.0000080699   0.0001113590
16820  -0.0000834187  -0.0000339250  -0.0000782757  -0.0000121609  -0.0001126320
16821   0.0000252570   0.0000325698   0.0000602531  -0.0000391165   0.0000306748
16822  -0.0000312944  -0.0000368378  -0.0000139690   0.0000224042   0.0000178115
16823   0.0000046856  -0.0000588115  -0.0000061044   0.0000810347   0.0000145614
16824  -0.0000331351   0.0000289981   0.0000491069   0.0000117071   0.0000054427
16825  -0.0000241434  -0.0000564704   0.0000368453   0.0000615789  -0.0001512662
16826  -0.0002386243   0.0000693717   0.0002420868  -0.0001464898   0.0000484347
16827   0.0000213302   0.0000885940  -0.0001021617   0.0000326004  -0.0000696010
16828   0.0001680683   0.0000367170  -0.0002135666  -0.0002681257  -0.0000783470
16829   0.0002045249   0.0001478871   0.0000973888   0.0001689365  -0.0000214731
16830  -0.0000575877  -0.0000555922   0.0003511259  -0.0000474213  -0.0004108295
16831  -0.0001442146  -0.0001457944  -0.0000081275   0.0000284106   0.0000398020
16832   0.0001221936   0.0012034807   0.0000637741  -0.0025120696  -0.0013692204
16833   0.0006881236  -0.0009682277  -0.0166840192   0.0080782006  -0.0552828418
16834  -0.0045914309   0.0025358944   0.5229787637   0.0020134720  -0.0014275538
16835  -0.0007904280  -0.0001871571  -0.0002286060   0.0036841890   0.0002886597
16836   0.0003700956   0.0011893252  -0.0001576783   0.0001531894  -0.0001201096
16837   0.0000117356   0.0000071734   0.0000354993   0.0000014491  -0.0000034683
16838   0.0000154640  -0.0000004229   0.0000009499  -0.0000027349   0.0000023978
16839   0.0000008161  -0.0000067355  -0.0000130775  -0.0000079065   0.0000558922
16840  -0.0000697958  -0.0000303095   0.0001891466   0.0000014904  -0.0000009399
16841   0.0000065152   0.0000011359   0.0000033637  -0.0000144850  -0.0000014029
16842   0.0000019930  -0.0000006133   0.0000051951   0.0000065631   0.0002943026
16843  -0.0001171617  -0.0002926260   0.0000147826   0.0079057207   0.1024029332
16844  -0.2326259367   0.0078669541   0.0061815725  -0.0437786535   0.0039004001
16845  -0.1182088918  -0.1859773415   0.0002668400  -0.0001151990   0.0005126549
16846   0.0000924549  -0.0030016458  -0.0014565700   0.0001060657   0.0025179957
16847  -0.0012920542   0.0000127637   0.0000101916  -0.0005032531
169 1   0.0000016564   0.0000010362  -0.0000289720   0.0000031761   0.0000208949
169 2  -0.0000340194   0.0000698646   0.0000252960   0.0000096234  -0.0000125320
169 3   0.0000111425   0.0000295348   0.0000093515  -0.0000335542  -0.0000309426
169 4   0.0000116730   0.0000208061  -0.0000218938   0.0000166986  -0.0000191190
169 5  -0.0000485608   0.0000029745  -0.0000455502   0.0000143420  -0.0000600786
169 6  -0.0000349506   0.0000313761   0.0000604359   0.0000205147   0.0000475627
169 7  -0.0000766500  -0.0000651368  -0.0000140780   0.0000087420  -0.0000506685
169 8   0.0000240256   0.0000393559  -0.0000195053  -0.0000012988   0.0000003602
169 9   0.0000970254   0.0000996313  -0.0003555175   0.0001902668   0.0003170595
16910   0.0000449563   0.0000136822  -0.0000356666  -0.0000388553   0.0000036595
16911  -0.0000114473   0.0001669861  -0.0000907073   0.0000662736  -0.0001354767
16912   0.0000823079  -0.0020512522  -0.0004274854   0.0001620610   0.0004379295
16913   0.0000116896   0.0000331817   0.0000170771  -0.0000178546   0.0000472561
16914  -0.0000336820   0.0000331852  -0.0000478823  -0.0000230945  -0.0000449137
16915  -0.0001042551   0.0000912223  -0.0000379392  -0.0000098216  -0.0000080438
16916   0.0000526459   0.0000358826   0.0000063185   0.0000645883   0.0000208505
16917  -0.0000525460   0.0000090297   0.0000102337  -0.0000390167  -0.0000368032
16918  -0.0000303964   0.0000316357   0.0000281191  -0.0001483065   0.0000496481
16919   0.0000546762  -0.0000142719  -0.0000515687  -0.0000582419   0.0000048088
16920  -0.0000287391  -0.0000248075   0.0000739098   0.0000948284   0.0001062350
16921  -0.0000016411   0.0000711896   0.0000195145  -0.0001013369   0.0000351941
16922  -0.0000556000  -0.0000115444  -0.0000199558  -0.0000327489   0.0000531420
16923  -0.0000036081  -0.0001515952   0.0000301514   0.0000723761   0.0001643799
16924   0.0000271134   0.0000376299   0.0000645409   0.0000385965   0.0000513377
16925  -0.0000471757  -0.0000494919  -0.0000462136  -0.0000456446   0.0001610128
16926   0.0000890328  -0.0000496547  -0.0001956471   0.0001102214   0.0000505645
16927   0.0000489116  -0.0000417344  -0.0000843875  -0.0000043502  -0.0001086269
16928   0.0001197349   0.0000698613  -0.0000192170   0.0006238965  -0.0000523496
16929   0.0001811150  -0.0002935448  -0.0001024482  -0.0000489470   0.0001002418
16930  -0.0000455979   0.0000444741  -0.0012637665  -0.0002253950  -0.0001654375
16931   0.0012105341   0.0001239103   0.0001357016  -0.0008665517  -0.0016677778
16932   0.0001715712  -0.0045881880   0.0010289305  -0.0007671705  -0.0053799841
16933  -0.0352645456  -0.0009507447  -0.0945239443  -0.0060580100  -0.0042000119
16934   0.0013388306   0.0212195872   0.0020134720   0.5952235455   0.0020968865
16935  -0.0017748615  -0.0028790888  -0.0032613909  -0.0006566901  -0.0000356067
16936  -0.0010304330  -0.0000483789   0.0000552975  -0.0000760702  -0.0000194893
16937  -0.0000046812   0.0000365955   0.0000502186  -0.0000037144   0.0000117029
16938   0.0000088173  -0.0000033810  -0.0000027498   0.0000019143  -0.0000007776
16939   0.0000014421  -0.0000017301   0.0000160077   0.0000103025  -0.0000408525
16940   0.0000484919   0.0000252767  -0.0001296841   0.0000010577   0.0000127306
16941   0.0000212088   0.0000048461  -0.0000019068   0.0000012534   0.0000003336
16942   0.0000004463  -0.0000121997  -0.0004013114  -0.0001088684   0.0000909720
16943   0.0000922723  -0.0000157613   0.0000303733  -0.0011396606   0.0010433632
16944   0.0001295381  -0.0000844159   0.0039691916  -0.0000115608  -0.0023611520
16945   0.0020209317  -0.0006241624  -0.2992767769  -0.0530850861  -0.0097499163
16946  -0.1002332568   0.0350320184   0.0960049545  -0.0823831715   0.0360103851
16947  -0.0783583334  -0.0024135535  -0.0018707785  -0.0004063050
170 1   0.0001026618  -0.0001600015   0.0001129154  -0.0000648403  -0.0001619944
170 2   0.0001244168  -0.0000642039  -0.0001178079  -0.0000307770  -0.0003981432
170 3  -0.0000241052  -0.0002835245   0.0002260048   0.0003916679  -0.0003650718
170 4   0.0000023972  -0.0001631103  -0.0001184402   0.0000012691   0.0000469957
170 5   0.0002237240   0.0000593141  -0.0001326641   0.0000578980   0.0000681019
170 6   0.0001750283   0.0001602264  -0.0000768135   0.0000128386  -0.0002419230
170 7   0.0001215729   0.0002766866  -0.0000010541  -0.0000400554   0.0002287093
170 8  -0.0000522011  -0.0002426097   0.0003070186   0.0001546840   0.0000814426
170 9  -0.0004002140  -0.0001593220   0.0005184739  -0.0002734812  -0.0008344354
17010  -0.0003136986  -0.0004414230  -0.0002914798   0.0001415506  -0.0001783419
17011   0.0001681650  -0.0004374039   0.0002939464  -0.0004238863  -0.0000437619
17012  -0.0000506405   0.0032762244   0.0004432592  -0.0001422476  -0.0002039925
17013   0.0002909179  -0.0001625036  -0.0005330163   0.0000803155  -0.0000875577
17014   0.0002258312  -0.0000313572   0.0001982205  -0.0000559473  -0.0000469178
17015   0.0001419841  -0.0001119475   0.0000902065   0.0002399179  -0.0000951139
17016  -0.0001201661  -0.0000582400  -0.0001051510  -0.0005775812   0.0001212698
17017   0.0003447654   0.0001911078  -0.0000551092   0.0004229327  -0.0000419802
17018  -0.0000084701  -0.0001282792  -0.0001455625   0.0003647720  -0.0002079977
17019  -0.0001584796  -0.0002898061   0.0005364317   0.0005372862   0.0001473315
17020  -0.0000717524  -0.0000508569  -0.0004211371  -0.0001178607  -0.0007023510
17021   0.0001857824   0.0000509512   0.0003520442   0.0004728298   0.0008858131
17022   0.0001876705  -0.0002641197   0.0000880385  -0.0000216747  -0.0000099636
17023   0.0001008176   0.0003162982   0.0000012432  -0.0001237621  -0.0003649643
17024   0.0000885936   0.0002708480   0.0001408858  -0.0000574809   0.0004346705
17025   0.0002618323   0.0002317651   0.0001636672  -0.0007024305  -0.0004286525
17026  -0.0006218186   0.0002893847   0.0007523687  -0.0005830414   0.0006158829
17027   0.0001168296   0.0001479074  -0.0004923334  -0.0000824870   0.0002184982
17028  -0.0001032579  -0.0000935887   0.0002475156  -0.0001354169  -0.0003369656
17029  -0.0000669836   0.0005070150   0.0002150546   0.0002696724  -0.0001112124
17030   0.0001390665  -0.0003175825  -0.0013812576  -0.0018526189  -0.0002290117
17031   0.0019831651   0.0028425482  -0.0000684823  -0.0015414034  -0.0006942311
17032  -0.0006459858   0.0022534952   0.0063735176   0.0004828060  -0.0257685352
17033  -0.0254697199  -0.0044021923   0.0061464336  -0.2079761171  -0.0054747890
17034   0.0078556484  -0.0223176391  -0.0014275538   0.0020968865   0.4553615730
17035  -0.0037287334   0.0074383859   0.0018265413   0.0018788506  -0.0023843989
17036  -0.0051639975   0.0000436581   0.0005337465   0.0003183963  -0.0008021519
17037  -0.0000075865  -0.0001444921  -0.0001110987  -0.0000181043  -0.0000830088
17038  -0.0000006204  -0.0000163406   0.0000022170  -0.0000030948  -0.0000093577
17039   0.0000167142  -0.0000157542  -0.0000255438   0.0000004498   0.0002286518
17040  -0.0002475723  -0.0001214948   0.0007543292   0.0000012629  -0.0000158859
17041   0.0000124750   0.0000251711   0.0000349845  -0.0000367752  -0.0000409252
17042  -0.0000126970   0.0000991208  -0.0000106900   0.0000670908   0.0000819391
17043   0.0000388902  -0.0002014748  -0.0000811942  -0.0007695918   0.0002567625
17044  -0.0004701024  -0.0031433959   0.0001267962  -0.0001021551  -0.0006087602
17045  -0.0000848363   0.0016144068  -0.0671695768  -0.0588893910  -0.0036234264
17046   0.0366811674  -0.0649142220  -0.0643247819   0.0372779746  -0.0796306282
17047   0.0774433627   0.0006719902  -0.0002029442   0.0003680508
171 1   0.0000013687   0.0000158712  -0.0000130476  -0.0000255508   0.0000728362
171 2  -0.0000444880   0.0000916914   0.0000379581   0.0000809598   0.0000464053
171 3   0.0000152353   0.0001105932   0.0000001657  -0.0000934858   0.0000613648
171 4   0.0000395986   0.0000197071   0.0000496657   0.0000091084   0.0000157424
171 5  -0.0000487735  -0.0000327721  -0.0000025900   0.0000519807  -0.0000965833
171 6  -0.0000819518  -0.0000391619   0.0000605481   0.0001131155   0.0002871892
171 7  -0.0000420005  -0.0001220844   0.0000199069   0.0000313505  -0.0000704238
171 8   0.0000405370   0.0001241747  -0.0000227056   0.0000321877  -0.0001453448
171 9   0.0000512012  -0.0002668146   0.0001370214  -0.0002553271  -0.0005306744
17110   0.0001091484   0.0000948136   0.0000926180  -0.0000779557   0.0000011612
17111   0.0000326526   0.0001656074  -0.0001787330   0.0000658511  -0.0000896269
17112   0.0002504729  -0.0050715202  -0.0001163501   0.0000667705  -0.0000560079
17113  -0.0000193504   0.0000481893   0.0001138257  -0.0000514527   0.0000252537
17114  -0.0000428025   0.0000706914  -0.0001397978   0.0000977775  -0.0000207877
17115  -0.0000418838   0.0001040964  -0.0000272546  -0.0000700586  -0.0000425920
17116  -0.0000418253   0.0000367780  -0.0000002138   0.0002388186   0.0000479891
17117  -0.0000960159  -0.0000577600   0.0000247472  -0.0001291817  -0.0000059672
17118  -0.0000454198   0.0000169685   0.0000300171  -0.0001109840   0.0000625677
17119   0.0000385116   0.0000342749  -0.0001406760  -0.0001319536  -0.0000451417
17120  -0.0001410428   0.0000458272   0.0001201505   0.0000454439   0.0001832196
17121  -0.0000635396  -0.0000198477  -0.0000086913  -0.0000840015  -0.0002352694
17122  -0.0001934572   0.0000941115  -0.0000441898  -0.0000294603  -0.0000081250
17123  -0.0000374071  -0.0000436643   0.0000393280  -0.0000387139   0.0000665073
17124  -0.0000039428  -0.0002511641  -0.0001118235  -0.0000056262  -0.0000981272
17125  -0.0000322785  -0.0000271336  -0.0000621755  -0.0000276194   0.0002271430
17126   0.0002034490  -0.0000907864  -0.0003190967   0.0002052111  -0.0000022201
17127   0.0000157658  -0.0000332345   0.0000237320  -0.0000082235  -0.0000186156
17128  -0.0000093244  -0.0001313633  -0.0000348661   0.0004314138   0.0001381575
17129  -0.0000340218  -0.0002669920  -0.0001317780  -0.0001170582   0.0000729993
17130   0.0000514121   0.0000898191  -0.0005225660   0.0000615118  -0.0000935388
17131   0.0004304903   0.0003026601   0.0000369971   0.0002240552  -0.0000504670
17132   0.0012147192  -0.0003722491   0.0001567498   0.0037270222   0.0015397684
17133  -0.0008847232  -0.0002458962  -0.0060934375  -0.0113262853  -0.0548223315
17134   0.0007321601   0.0031194853  -0.0007904280  -0.0017748615  -0.0037287334
17135   0.5204284837   0.0007580839   0.0005054776  -0.0026332773  -0.0004261240
17136  -0.0000388777   0.0004274769   0.0001955974  -0.0000614268   0.0001107809
17137  -0.0000171534   0.0000289690   0.0000326713  -0.0000057753   0.0000189615
17138   0.0000009590  -0.0000005525  -0.0000034226   0.0000066035  -0.0000008109
17139  -0.0000005287   0.0000072063   0.0000194738   0.0000130863  -0.0000770456
17140   0.0000886119   0.0000462223  -0.0002445146   0.0000007264   0.0000090641
17141   0.0000143001   0.0000024838  -0.0000067735   0.0000230208   0.0000030323
17142  -0.0000025876  -0.0000250553   0.0000110999   0.0000116111  -0.0005066958
17143  -0.0000074520  -0.0000825704  -0.0003435276  -0.0022816331   0.0015218032
17144  -0.0015085356  -0.0001843027   0.0001297288   0.0005151971   0.0019716615
17145  -0.0018344928  -0.0011231995  -0.0110045154  -0.0028855525  -0.0435142008
17146   0.0963126894  -0.0608494663  -0.2099360447  -0.0791006922   0.0765659654
17147  -0.2047579357  -0.0007168821  -0.0003301572  -0.0001001731
172 1  -0.0001271857   0.0002708442   0.0000991135   0.0000667814   0.0001516689
172 2  -0.0000529862  -0.0001429338   0.0000562374  -0.0001549130   0.0006316493
172 3  -0.0000019686   0.0001438923  -0.0002874199  -0.0003795799   0.0004960476
172 4  -0.0000338775  -0.0001421702   0.0001245399   0.0001431764  -0.0000144798
172 5   0.0001514830  -0.0000993584   0.0004263799   0.0000710437  -0.0002496871
172 6  -0.0002383740   0.0002847863   0.0001878090   0.0000225162   0.0000823685
172 7   0.0001083822  -0.0000547562  -0.0000690057  -0.0001578093  -0.0002848380
172 8   0.0002532050   0.0000835029  -0.0003904016   0.0001468760   0.0006030127
172 9  -0.0003289085   0.0003111107   0.0003388457  -0.0001357601  -0.0001996435
17210   0.0004609955   0.0005432827   0.0003816060  -0.0000258326   0.0004283715
17211  -0.0002460312   0.0000387330  -0.0002243343   0.0004450161   0.0001855268
17212   0.0000798222   0.0000373743  -0.0005639806  -0.0000847020   0.0001676173
17213  -0.0004848871   0.0000036630   0.0005423079  -0.0000840209  -0.0003476893
17214  -0.0001967404   0.0000361913  -0.0000537039   0.0002170831   0.0000433841
17215  -0.0001935359   0.0001225602   0.0000933667  -0.0000308328  -0.0001000999
17216  -0.0001731125  -0.0000004205   0.0001070361   0.0005796199  -0.0003028362
17217  -0.0000735763  -0.0001065917   0.0000896450  -0.0003967517   0.0001994666
17218  -0.0000949169  -0.0000578175   0.0000096201   0.0001661319   0.0002075324
17219   0.0001685980   0.0005210727  -0.0002856824  -0.0007011844  -0.0002327558
17220   0.0001776195   0.0000652660   0.0004139461  -0.0002760720   0.0006201205
17221  -0.0003684914  -0.0003360063  -0.0006176325  -0.0003027515  -0.0009205024
17222  -0.0001913554   0.0007571181  -0.0001994814  -0.0001586903  -0.0000101897
17223  -0.0003175408  -0.0002356565  -0.0001826424   0.0002419114   0.0005126837
17224  -0.0000546876  -0.0003256996   0.0002325359   0.0002191568  -0.0009088429
17225   0.0000400926   0.0004456004   0.0001354943   0.0005807119  -0.0002905706
17226   0.0006382565  -0.0002891887  -0.0001670903   0.0003225366  -0.0006763534
17227  -0.0008895925  -0.0002197079  -0.0001666544  -0.0017174768   0.0000463486
17228   0.0003672701   0.0065961941  -0.0014865913  -0.0041160408  -0.0000636942
17229  -0.0004727259   0.0006883428   0.0002313176   0.0000382990  -0.0012253173
17230  -0.0007334539  -0.0000323330   0.0095868398   0.0081876232   0.0006600693
17231   0.0008634140  -0.0480626484   0.0019377428  -0.0276243433   0.0016541229
17232  -0.0006415679   0.0218078625   0.0330367398  -0.0023628939  -0.2119459916
17233   0.0696112861  -0.0162990585  -0.0607677519   0.0086115365  -0.0006447372
17234   0.0026874851  -0.0045550630  -0.0001871571  -0.0028790888   0.0074383859
17235   0.0007580839   0.6680169363   0.0245407376   0.0223682855  -0.2960357163
17236  -0.0916998818   0.0029758171  -0.0424328136   0.0033690959  -0.0023174919
17237   0.0000619640  -0.0001352433  -0.0002648347   0.0000979759  -0.0000001653
17238  -0.0001719251  -0.0000100935   0.0000158921  -0.0000170256  -0.0000276256
17239  -0.0000195945   0.0000177924  -0.0000350460  -0.0000639461  -0.0002377912
17240   0.0001186234   0.0000674984  -0.0003464901   0.0001545281  -0.0001821164
17241   0.0000058025  -0.0001845852  -0.0001309708   0.0001217506   0.0000621438
17242   0.0000006141   0.0000489045  -0.0003955890   0.0002779893   0.0001755582
17243   0.0004840268  -0.0021743039  -0.0001213045  -0.0019473369   0.0009548015
17244  -0.0007020970  -0.0011811314   0.0010757910  -0.0002437366  -0.0016688240
17245   0.0009046294  -0.0001605762  -0.0005373668   0.0008784851  -0.0002524683
17246   0.0011172615  -0.0012129204  -0.0000097150   0.0001599829  -0.0012675014
17247  -0.0010348292  -0.0537166543  -0.0142262371  -0.0017184215
173 1  -0.0000161062  -0.0000211968   0.0000531480   0.0000064352  -0.0000635549
173 2   0.0000522269   0.0000613310  -0.0000015468   0.0000457108  -0.0002124030
173 3   0.0000086727  -0.0000577984   0.0000159481   0.0000257267  -0.0003282265
173 4   0.0000099360  -0.0000472858  -0.0001172779  -0.0000108163  -0.0000604655
173 5  -0.0000096537   0.0000882468  -0.0001505068   0.0000554600   0.0001085065
173 6   0.0001131876   0.0002871165  -0.0000537822   0.0000539151  -0.0000479840
173 7  -0.0000619251   0.0000687276  -0.0000690821   0.0000569285   0.0000690858
173 8  -0.0001681791   0.0002902740   0.0000145998  -0.0002748643  -0.0000060518
173 9  -0.0002844327  -0.0016386153  -0.0001684245  -0.0000406039  -0.0000122463
17310  -0.0000322395  -0.0000883517  -0.0001146269  -0.0001694853   0.0000205955
17311  -0.0002104120   0.0001080296  -0.0000979258   0.0005049219  -0.0000807178
17312  -0.0001582289  -0.0000149183   0.0000615680   0.0000261013  -0.0000739897
17313   0.0001125267  -0.0000217946  -0.0002122323   0.0000550204   0.0000344533
17314   0.0000546118   0.0000317356   0.0000857449  -0.0000340238   0.0000425565
17315   0.0001369251  -0.0000442011  -0.0000211674   0.0001929354  -0.0000044043
17316   0.0000273093   0.0000464550   0.0000080674  -0.0001239349   0.0000544172
17317   0.0000870141   0.0000433715  -0.0001696395   0.0002246592  -0.0000597468
17318   0.0000221844  -0.0000196335  -0.0000303871  -0.0000752389   0.0000451198
17319   0.0000288450  -0.0001263530   0.0000532768   0.0002255959   0.0001116995
17320  -0.0001245956  -0.0001329592  -0.0000613257   0.0000214804  -0.0001128624
17321   0.0001238126   0.0001026954   0.0001226199   0.0000022233   0.0001545262
17322   0.0000047871  -0.0002437360  -0.0000683775  -0.0000001099   0.0000874762
17323  -0.0000447022  -0.0000282556  -0.0000193586  -0.0000198422   0.0000083655
17324   0.0000205352   0.0000729433  -0.0000602687   0.0000076721   0.0002319730
17325   0.0001194012  -0.0000469602  -0.0000345072  -0.0002808130   0.0004167093
17326  -0.0000859021   0.0000647003  -0.0000112242  -0.0000792746   0.0003598434
17327  -0.0007682590  -0.0001400449   0.0015100696   0.0017407271   0.0000038462
17328   0.0029604816  -0.0058002497   0.0013483751   0.0006672819  -0.0000647097
17329   0.0002388509   0.0001172980   0.0004686698   0.0000601280  -0.0000961044
17330   0.0004707439  -0.0002030835   0.0008801766  -0.0063682631   0.0007429836
17331  -0.0285844973  -0.0154053627   0.0002282159   0.0000547398  -0.0020595408
17332  -0.0002378739   0.0234008848  -0.0269017484   0.0036905810   0.1074341673
17333  -0.1802580833   0.0139078107  -0.0065790978   0.0186847363  -0.0022242328
17334  -0.0041600348  -0.0016851073  -0.0002286060  -0.0032613909   0.0018265413
17335   0.0005054776   0.0245407376   0.6829099221  -0.0440891819  -0.1207124740
17336  -0.1551916152   0.0064998648   0.0174496654   0.0131003278   0.0001331030
17337  -0.0000027078   0.0000055613   0.0000448382  -0.0000102741  -0.0000326970
17338   0.0000322310   0.0000103261   0.0000095317  -0.0000006529   0.0000089174
17339   0.0000190747  -0.0000064684  -0.0000000437   0.0000432897   0.0000622724
17340  -0.0000489246   0.0000005185   0.0000681631  -0.0001552593   0.0001166408
17341   0.0000558438   0.0001480518   0.0001042308  -0.0000092475  -0.0000393544
17342   0.0000439178   0.0000177929   0.0000167756   0.0008317740  -0.0000830495
17343  -0.0010376686  -0.0046713696   0.0002665857   0.0002366192  -0.0003600153
17344   0.0000552718  -0.0008548483   0.0006274320  -0.0000784349   0.0001846938
17345  -0.0003338376   0.0001710796   0.0002455752  -0.0005184146   0.0000802487
17346   0.0008787506   0.0010870085  -0.0004781336   0.0002382775   0.0009870749
17347   0.0005471907  -0.0158322350  -0.3226125751   0.0208728747
174 1   0.0000313974   0.0000055363  -0.0000352407  -0.0000421864   0.0000453310
174 2  -0.0000269690  -0.0001360390   0.0000630283  -0.0000634425   0.0002271334
174 3   0.0000657563  -0.0000340063  -0.0000310542  -0.0000076750   0.0001036974
174 4  -0.0000102175   0.0000207443   0.0001392107   0.0000554798   0.0000968673
174 5   0.0000435788  -0.0000278132   0.0002685192   0.0001172071  -0.0000823890
174 6  -0.0004541366  -0.0001979501   0.0000701578  -0.0001119365  -0.0000300419
174 7   0.0000953916  -0.0000668608   0.0000691964  -0.0000969578  -0.0000367798
174 8   0.0000428515  -0.0004656939  -0.0002646947  -0.0004831854  -0.0008963265
174 9   0.0006076128   0.0008587289   0.0001213774  -0.0000272265  -0.0000442687
17410   0.0000573111   0.0000200824   0.0000514319   0.0001778592  -0.0000103678
17411   0.0000832936  -0.0001600071   0.0002129435  -0.0007866879   0.0003502007
17412   0.0002752222  -0.0003329309  -0.0000466655   0.0000420742  -0.0000650861
17413  -0.0000750524   0.0000093773   0.0001552310  -0.0000900981  -0.0000821445
17414  -0.0000552690   0.0001239992  -0.0001810832   0.0000777658  -0.0001172202
17415  -0.0001521837   0.0000545515   0.0000030951  -0.0001200318  -0.0000337780
17416  -0.0000309521  -0.0000185646  -0.0000313447   0.0000148966  -0.0000016286
17417  -0.0000410454   0.0001595762   0.0000573327  -0.0001855614   0.0000248513
17418  -0.0000732546   0.0000105052   0.0000326955   0.0000237649  -0.0000142470
17419  -0.0000072574   0.0000808829  -0.0000089381  -0.0003052383  -0.0001819807
17420   0.0002861967   0.0000935134   0.0000238684   0.0000825316   0.0001032428
17421  -0.0001232047  -0.0001959272  -0.0000652432   0.0000327947   0.0000726834
17422  -0.0000740771   0.0003931906   0.0002952415  -0.0000419243  -0.0000322479
17423   0.0000312443  -0.0000350280  -0.0000105390  -0.0000041260   0.0001171108
17424  -0.0000815451   0.0000176485   0.0001668768  -0.0000417686  -0.0003628302
17425   0.0000653256   0.0001704263  -0.0000373299  -0.0000518495  -0.0000475009
17426   0.0000459642  -0.0000158932   0.0000028856   0.0000854786  -0.0003211628
17427  -0.0006791229   0.0001709453   0.0001998269  -0.0001764665   0.0003256347
17428  -0.0006809345   0.0009191374   0.0014215414  -0.0004047741  -0.0000583436
17429  -0.0005171807   0.0003876811  -0.0000868313  -0.0009701145  -0.0005091533
17430   0.0004546674   0.0003032119   0.0004429686   0.0004569711   0.0036830953
17431   0.0017932955   0.0035735934   0.0046643912  -0.0002904158  -0.0004842879
17432  -0.0028250314  -0.0011919807   0.0034011470   0.0068219710  -0.0116567489
17433   0.0118717019  -0.0555440213  -0.0053492912  -0.0023814559   0.0071757506
17434   0.0005856942  -0.0008051851   0.0036841890  -0.0006566901   0.0018788506
17435  -0.0026332773   0.0223682855  -0.0440891819   0.1021867850  -0.0000800589
17436   0.0043909049  -0.0452949879  -0.0046332856  -0.0005867307   0.0025088980
17437  -0.0000075503  -0.0000684347  -0.0001080722   0.0000424611  -0.0000047146
17438  -0.0000303380   0.0000026661   0.0000042684  -0.0000105394  -0.0000013261
17439  -0.0000022675  -0.0000012591  -0.0000249239   0.0000007092  -0.0000264616
17440   0.0000142323   0.0000217588  -0.0000322420   0.0000370949  -0.0000502629
17441  -0.0000495283   0.0000001603   0.0000027492   0.0000473477   0.0000030114
17442   0.0000042031   0.0001147789   0.0000573259  -0.0002308199  -0.0004690984
17443   0.0000711861   0.0003394204   0.0032615929   0.0007895825  -0.0000138876
17444  -0.0001774457  -0.0001320618   0.0000945483   0.0003932001  -0.0006825889
17445   0.0003882109  -0.0000356675  -0.0001851358   0.0002301202   0.0001368492
17446   0.0001139282   0.0001585066   0.0002632376   0.0008761043  -0.0002237197
17447  -0.0000309448  -0.0001637295   0.0213593583  -0.0280612421
175 1   0.0001262894   0.0000849569  -0.0001460828   0.0000070682   0.0000730599
175 2   0.0000267204  -0.0001097709   0.0000174824   0.0002073035   0.0001852191
175 3  -0.0001349311   0.0002101636   0.0000231152  -0.0001080693   0.0003260270
175 4  -0.0000216480   0.0001985402   0.0002612495  -0.0000779470   0.0000357225
175 5  -0.0003637726  -0.0000022914   0.0001875812  -0.0001809459  -0.0000784508
175 6   0.0000010357  -0.0003037121   0.0000359501  -0.0002462600   0.0000377968
175 7   0.0000102466  -0.0002930745   0.0002619731   0.0002354041   0.0000795309
175 8  -0.0000771109   0.0002950134  -0.0003988502  -0.0029032885  -0.0010282871
175 9   0.0001284049   0.0025258517   0.0000191571   0.0000388850   0.0001750449
17510   0.0000372173   0.0002828607   0.0002644913   0.0001270741  -0.0001973753
17511   0.0000198299  -0.0005457263  -0.0000810449   0.0003075036   0.0002730675
17512   0.0001399919  -0.0002179723   0.0001206379  -0.0000055286   0.0000576183
17513  -0.0000008509   0.0000110287   0.0004632246  -0.0001224540   0.0000914278
17514   0.0001105442  -0.0000798597  -0.0000549138  -0.0001204323   0.0000201026
17515  -0.0000582805   0.0000939914  -0.0001104921  -0.0003722434  -0.0000962432
17516  -0.0000848281  -0.0000796607  -0.0000649945   0.0002181677   0.0001286118
17517  -0.0001621150  -0.0000310265   0.0002083359  -0.0002456883   0.0000977991
17518   0.0001102266  -0.0000374101   0.0000020444   0.0001156157  -0.0001129187
17519   0.0000064803   0.0002319435  -0.0005151242  -0.0003232682  -0.0001778143
17520   0.0000451904   0.0002387092  -0.0001115005  -0.0000888532   0.0003443270
17521  -0.0002266854  -0.0006798546  -0.0001549234  -0.0000569612  -0.0005627244
17522  -0.0000530597   0.0002450855   0.0002178669   0.0000982611  -0.0000923707
17523   0.0001374945   0.0000496708   0.0000523435  -0.0003039061  -0.0000341299
17524  -0.0001925353   0.0001362624  -0.0001673734  -0.0002290671  -0.0000826146
17525  -0.0005059874  -0.0005037464  -0.0001335754   0.0014984140  -0.0006274046
17526   0.0000141742   0.0000180405   0.0001159495   0.0001484002  -0.0029000245
17527   0.0011830637   0.0008006244   0.0011773183  -0.0028791776   0.0001802095
17528  -0.0254821443   0.0109208723  -0.0023122050   0.0092216960  -0.0013443836
17529   0.0002475826  -0.0019949734   0.0004030724  -0.0003745243   0.0011533024
17530   0.0006818897   0.0004769887  -0.0114397044  -0.0375536192   0.0019248782
17531  -0.0952428980  -0.0044960777   0.0002134869   0.0192786914   0.0206412009
17532  -0.0014636372  -0.0125501728  -0.0162850694   0.0006860092  -0.0566555285
17533   0.0238811184  -0.0016487448   0.0064361544   0.0033473420  -0.0014992545
17534  -0.0016328286  -0.0009931292   0.0002886597  -0.0000356067  -0.0023843989
17535  -0.0004261240  -0.2960357163  -0.1207124740  -0.0000800589   0.5728361789
17536   0.0855586924   0.0127879638  -0.1042081906   0.0398173860  -0.0100892212
17537   0.0000350557   0.0001986437   0.0001303628   0.0000103917   0.0001196097
17538   0.0000865124   0.0000434781  -0.0000316788   0.0000050014   0.0000659583
17539  -0.0000059776   0.0000210606  -0.0000844503  -0.0000320372   0.0000229238
17540   0.0000177295  -0.0000492987  -0.0002542106  -0.0004361117   0.0001335836
17541  -0.0005135799   0.0005975207   0.0003564851  -0.0000001811  -0.0000157311
17542   0.0000360012  -0.0001687171  -0.0035228021   0.0030911053  -0.0002527013
17543   0.0000371538  -0.0011568860  -0.0000642478   0.0010955811  -0.0000592693
17544   0.0001796971   0.0000310445   0.0000068959  -0.0000230952   0.0010215726
17545  -0.0001295244   0.0001552312   0.0003595236  -0.0001954752   0.0000332103
17546  -0.0010248298   0.0000606509   0.0000892445  -0.0005477060   0.0000836346
17547   0.0003756592  -0.0001640336  -0.0005430739   0.0018158137
176 1  -0.0000355172  -0.0002003946   0.0000505856  -0.0000382540  -0.0000990709
176 2   0.0000976627  -0.0001170957   0.0000561856   0.0000306666  -0.0002690751
176 3   0.0000866186   0.0000001240   0.0002503649   0.0003389093  -0.0004917202
176 4   0.0000954034  -0.0002353148  -0.0000232213   0.0001352724   0.0000321377
176 5   0.0005463930   0.0002881063  -0.0001894342   0.0006434865  -0.0000276998
176 6  -0.0003701025  -0.0002342906  -0.0000998172  -0.0002679399  -0.0002820543
176 7   0.0001014572   0.0003612773   0.0000443705  -0.0001925684   0.0000943012
176 8   0.0003803850  -0.0003270763   0.0007566942   0.0022244415  -0.0001301261
176 9   0.0004148903   0.0013023718  -0.0002502397  -0.0001163703  -0.0000785176
17610  -0.0001610326  -0.0007434597  -0.0004781186  -0.0003627703   0.0000143860
17611   0.0001516209   0.0003225203   0.0002243279   0.0000070035  -0.0000652999
17612   0.0001200744  -0.0000074857   0.0003178448   0.0003600320  -0.0003907047
17613   0.0004886857   0.0001162072  -0.0004090548  -0.0001962577   0.0001239411
17614   0.0000525637   0.0002233146  -0.0000436457  -0.0001106594  -0.0000817831
17615   0.0001515307   0.0000610163  -0.0000883546   0.0003539376   0.0001227085
17616   0.0003071674   0.0001484030  -0.0000935210  -0.0007318231   0.0004912698
17617   0.0000141324   0.0002938075   0.0000456791   0.0003402723  -0.0000789816
17618  -0.0000494218  -0.0001682180   0.0000191959  -0.0001825018  -0.0003695893
17619  -0.0002184973  -0.0006453091   0.0008223259   0.0004208471   0.0000202257
17620   0.0002029139   0.0000083089  -0.0003582040   0.0002596729  -0.0009295059
17621   0.0002575144   0.0005693471   0.0005979870   0.0003169977   0.0014102566
17622   0.0001300095  -0.0004149096   0.0003885147   0.0000932474   0.0000616910
17623  -0.0001024987  -0.0000249406   0.0002274099   0.0000515164  -0.0002935877
17624   0.0001349728   0.0002327251  -0.0001338730  -0.0002945735   0.0005291609
17625   0.0002980027   0.0009922250   0.0004223946  -0.0021599862  -0.0010332261
17626  -0.0008331639   0.0000657620   0.0006532681  -0.0005764582   0.0014878741
17627   0.0021121576   0.0011738616  -0.0064761188  -0.0055638663   0.0008498580
17628  -0.0109681823   0.0281078546  -0.0063266870   0.0227105993  -0.0105738999
17629   0.0009421876  -0.0053932454  -0.0016199591  -0.0006257523   0.0008017048
17630  -0.0017506403   0.0001251549  -0.0591863863  -0.0338063439  -0.0000764042
17631   0.0037266031  -0.2235961591   0.0169553938   0.0310354183  -0.0284335958
17632   0.0028729781  -0.0118247520  -0.0131344299   0.0014327208  -0.0071617558
17633   0.0299459979  -0.0012149785   0.0131800424   0.0001258568  -0.0013728867
17634  -0.0011349041   0.0009611955   0.0003700956  -0.0010304330  -0.0051639975
17635  -0.0000388777  -0.0916998818  -0.1551916152   0.0043909049   0.0855586924
17636   0.5341600568  -0.0468480796   0.0656554032  -0.1089717526   0.0171345897
17637  -0.0000707924  -0.0003252192  -0.0003697800   0.0000296949  -0.0000949935
17638  -0.0001486582  -0.0001100136  -0.0000124185  -0.0000160186  -0.0000888782
17639   0.0000140400  -0.0000345771   0.0000476234  -0.0000821235   0.0001208456
17640  -0.0001900149  -0.0001129790   0.0009493157  -0.0002577579  -0.0005204911
17641   0.0000908884   0.0000706920   0.0002648374  -0.0000372298  -0.0000693847
17642  -0.0001839909   0.0001535603   0.0011121920  -0.0010986676   0.0005308841
17643  -0.0003357744  -0.0002561045   0.0000273612   0.0009003594  -0.0004805306
17644   0.0001933866   0.0006223722  -0.0001894001   0.0001092859   0.0008297992
17645  -0.0003983994   0.0003704513   0.0000847419   0.0005365219   0.0000620382
17646  -0.0008514878   0.0006275138   0.0006540456  -0.0006705976   0.0008444334
17647  -0.0007267859  -0.0277765933  -0.0078501177   0.0020175510
177 1   0.0000878324  -0.0003755805  -0.0001830217  -0.0000179870  -0.0002570622
177 2  -0.0001845237   0.0002303860  -0.0002313006  -0.0000847250  -0.0005608569
177 3  -0.0000377839  -0.0005240177   0.0002024877   0.0003356098  -0.0002787377
177 4  -0.0000489565   0.0004512763  -0.0003287751  -0.0002732551   0.0001337093
177 5  -0.0001694673  -0.0002428096  -0.0001491361  -0.0003464900   0.0001672080
177 6  -0.0003650497  -0.0004929125  -0.0001484047   0.0002460041  -0.0000681188
177 7  -0.0001033828   0.0000712415  -0.0001506650   0.0001451008   0.0002508006
177 8  -0.0001060699  -0.0010147748  -0.0002664308  -0.0030764656   0.0016113373
177 9   0.0004818121  -0.0017922206  -0.0000778457   0.0002812907  -0.0001322169
17710  -0.0006107333  -0.0002729696  -0.0002841803   0.0004392654  -0.0005078126
17711  -0.0000171213   0.0002270203   0.0006182981  -0.0011126014  -0.0002342651
17712  -0.0002454121  -0.0000400973   0.0005544274  -0.0004155088   0.0001969247
17713   0.0000806172  -0.0000997501  -0.0004639650   0.0003100666   0.0004040290
17714  -0.0000703673  -0.0001469216   0.0001179917  -0.0002412176  -0.0000834081
17715   0.0001031738  -0.0003730767  -0.0000408219  -0.0001413246   0.0004581794
17716   0.0001247384  -0.0001232461   0.0001528992  -0.0005124343   0.0000323424
17717   0.0006477260   0.0003643249  -0.0001869447   0.0004959811  -0.0001369053
17718   0.0003306016   0.0004022789  -0.0000690606   0.0000531639  -0.0000454948
17719  -0.0000506845  -0.0002418838   0.0000105535   0.0007912571   0.0002193164
17720  -0.0003009632  -0.0002037163  -0.0001994019   0.0003169183  -0.0004479595
17721   0.0005050792   0.0005267448   0.0005933064   0.0003761317   0.0006666144
17722   0.0001080325  -0.0008016848  -0.0000809469   0.0002134408  -0.0000865710
17723   0.0005999476   0.0004177657  -0.0000220730  -0.0000478822  -0.0006497399
17724   0.0000778157   0.0001473424   0.0000036427   0.0001593109   0.0007406917
17725  -0.0001579318  -0.0003857670  -0.0002106664   0.0003603582  -0.0000091706
17726  -0.0002201730   0.0000922943   0.0001155092  -0.0001218111   0.0003211272
17727   0.0007502784   0.0017898613   0.0009354024   0.0012614276   0.0012703834
17728   0.0026439973  -0.0054052026  -0.0063806548  -0.0018171272   0.0002137957
17729  -0.0044965146  -0.0001358396   0.0003444159   0.0003592260   0.0004492643
17730  -0.0002533032  -0.0002476403   0.0033829004   0.0025001376   0.0158427785
17731  -0.0007090474   0.0138166497  -0.0620592605  -0.0028945003   0.0044898073
17732   0.0065592275   0.0023345103   0.0013106776  -0.0027573647  -0.0034831010
17733  -0.0032180819   0.0025122577   0.0002250655   0.0012071772   0.0025893294
17734  -0.0004023909   0.0000123994   0.0011893252  -0.0000483789   0.0000436581
17735   0.0004274769   0.0029758171   0.0064998648  -0.0452949879   0.0127879638
17736  -0.0468480796   0.1077771721  -0.0191670169   0.0209247933  -0.0162774371
17737  -0.0000505801   0.0001421647   0.0001450496  -0.0000265287   0.0000585548
17738   0.0000683354   0.0000260760  -0.0000012322  -0.0000253735   0.0000252870
17739   0.0000074882  -0.0000011247   0.0000244101   0.0000152432   0.0001509423
17740  -0.0000618981  -0.0001258744   0.0001001593  -0.0002753119   0.0002711218
17741  -0.0008761234   0.0000161084   0.0000288557  -0.0001408677   0.0000077902
17742   0.0000354643  -0.0001021483  -0.0003912782   0.0007323192   0.0034208004
17743  -0.0000369655   0.0000849485  -0.0001962544   0.0001746298  -0.0001243078
17744   0.0000372533  -0.0000979424   0.0000974356  -0.0000103659  -0.0002011035
17745   0.0000131964  -0.0000909018  -0.0000671827  -0.0000217912   0.0001151579
17746   0.0003899284   0.0001242173  -0.0001270481  -0.0002918804  -0.0000343172
17747  -0.0000162170   0.0021457408   0.0011034546   0.0009317385
178 1   0.0000128031  -0.0002537648  -0.0000535539  -0.0000112303  -0.0001397990
178 2  -0.0000048503   0.0000563525  -0.0001106485  -0.0001761198  -0.0001636392
178 3   0.0000473303  -0.0003145381   0.0000779034   0.0000980543  -0.0001720561
178 4   0.0000869687   0.0000696279  -0.0002155442  -0.0000170637   0.0000783868
178 5   0.0002703988  -0.0001720603   0.0000848176   0.0002587696   0.0001865842
178 6  -0.0000746680  -0.0000849266   0.0000209188   0.0001961796  -0.0003400898
178 7  -0.0001569136  -0.0000106694  -0.0002040529  -0.0006388835  -0.0001405878
178 8  -0.0006175683   0.0006073827  -0.0000923684   0.0007657291   0.0000824402
178 9   0.0000431325  -0.0004488034  -0.0001328126   0.0000472276  -0.0000740793
17810  -0.0001995198  -0.0001203206  -0.0001940002   0.0002373769  -0.0002756827
17811   0.0005128918   0.0004722634  -0.0000433587  -0.0000690666  -0.0000555187
17812   0.0000029928   0.0000405318   0.0001498354  -0.0000383116  -0.0000819493
17813  -0.0000191133  -0.0000195522  -0.0002496404   0.0000461238  -0.0000035276
17814   0.0000224136   0.0000797498   0.0000157393  -0.0000522169  -0.0001008985
17815   0.0000520414  -0.0001580877  -0.0000164373   0.0001684755   0.0001999552
17816   0.0001356904  -0.0000166643   0.0000668345  -0.0002221328  -0.0001408070
17817   0.0002129440   0.0000746317  -0.0001508282   0.0002600628  -0.0000452320
17818   0.0000458031   0.0002071844  -0.0000178595   0.0000375182   0.0000221145
17819  -0.0000502856  -0.0002075357   0.0002049274   0.0004093125   0.0001436836
17820   0.0000066118  -0.0002128708  -0.0001568117   0.0002256324  -0.0003003203
17821   0.0001254213   0.0002534601   0.0002732770   0.0001863562   0.0004416430
17822   0.0001071626  -0.0002850501  -0.0000243133   0.0000452045  -0.0000538386
17823   0.0004337707   0.0001539838   0.0000016309   0.0001167745  -0.0001635475
17824   0.0001172161   0.0000592285   0.0001511664   0.0000904086   0.0002528562
17825  -0.0003810100  -0.0002147249  -0.0000174976  -0.0009961409  -0.0015203021
17826  -0.0001967115   0.0001064224  -0.0006137204  -0.0001283567   0.0035727742
17827   0.0098819802  -0.0013540639  -0.0421941164  -0.0177604364   0.0028717500
17828  -0.1055433610  -0.0675639215   0.0164325450   0.0013953889  -0.0214372410
17829   0.0013910862  -0.0011663005  -0.0004273686   0.0005477882   0.0011151583
17830  -0.0045139834   0.0000270113  -0.0151467619  -0.0003932253  -0.0005488911
17831   0.0008654499   0.0215207492  -0.0019330851  -0.0012400244   0.0007080053
17832  -0.0005200046   0.0013872321   0.0049321630   0.0001792860   0.0037532785
17833  -0.0105487658   0.0015945168  -0.0006659417   0.0017760151  -0.0001283741
17834  -0.0003631137   0.0001457065  -0.0001576783   0.0000552975   0.0005337465
17835   0.0001955974  -0.0424328136   0.0174496654  -0.0046332856  -0.1042081906
17836   0.0656554032  -0.0191670169   0.3025152195   0.0030510322   0.0038007193
17837  -0.0001795646   0.0001283878   0.0002437789  -0.0002137328   0.0001038775
17838  -0.0000389909  -0.0001069389  -0.0000588397   0.0000306485  -0.0000317521
17839   0.0000621655  -0.0000155772   0.0002248072  -0.0000411166   0.0000809845
17840   0.0002005029  -0.0000247268   0.0001223191  -0.0000345784   0.0002589396
17841   0.0008398030  -0.0003685642   0.0002819855  -0.0000739112   0.0000472364
17842  -0.0000630609   0.0002109963  -0.0004353374  -0.0002976867   0.0000332902
17843   0.0000343597   0.0000803804  -0.0001702133  -0.0002469378  -0.0001173582
17844   0.0000910533  -0.0001080478   0.0000538479  -0.0000108390  -0.0001829010
17845  -0.0000722751  -0.0001011220  -0.0000330157  -0.0000542200   0.0000038625
17846   0.0002007562   0.0000732776  -0.0000288011   0.0001374802   0.0000674973
17847  -0.0000816424  -0.0001030110  -0.0003591008  -0.0006902513
179 1  -0.0000086449   0.0001098458   0.0000610717  -0.0000887009   0.0002101950
179 2   0.0001686995   0.0000079823   0.0000953076  -0.0000131346   0.0003945199
179 3   0.0000999184   0.0002677508  -0.0002941229  -0.0001560862   0.0003981337
179 4   0.0001291271  -0.0001134689   0.0002243005   0.0000833990   0.0000071856
179 5  -0.0002107303  -0.0001084443  -0.0001274299  -0.0001815467  -0.0001397099
179 6  -0.0000358398  -0.0000542926   0.0000169190  -0.0000034091  -0.0000098218
179 7  -0.0001263850  -0.0001546242   0.0000339193  -0.0000263664  -0.0001259128
179 8  -0.0007093543  -0.0003390536   0.0010532588  -0.0010309068  -0.0001961142
179 9  -0.0001219754   0.0000020643   0.0000035466  -0.0000214493   0.0002008210
17910   0.0001418556   0.0003991141   0.0000349968   0.0005223223  -0.0001093740
17911   0.0002863020  -0.0007423724  -0.0004725439   0.0007680198   0.0001495017
17912   0.0000492970   0.0000588535  -0.0003243257   0.0001893290  -0.0000601148
17913  -0.0002435654   0.0000082184   0.0001828630  -0.0001731621  -0.0003812000
17914  -0.0000012487   0.0000622980  -0.0001272272   0.0001260853   0.0000329194
17915  -0.0002905803   0.0001023475   0.0000481847   0.0000061766  -0.0002773802
17916   0.0001098014  -0.0000291649  -0.0001594787   0.0003353015  -0.0005630909
17917  -0.0007204635  -0.0005347996  -0.0000426998  -0.0003122009   0.0001268951
17918  -0.0001133912  -0.0001680439   0.0000033347  -0.0000429740   0.0001523060
17919   0.0000511559   0.0002726863  -0.0003770064  -0.0003393404   0.0000401690
17920   0.0000433932  -0.0000892827  -0.0000224088  -0.0000933274   0.0005905899
17921  -0.0003033407  -0.0006220336  -0.0004567381  -0.0002573513  -0.0008953393
17922  -0.0000514064   0.0004876068  -0.0001350869  -0.0001280974   0.0000656540
17923   0.0001217141   0.0000703372   0.0000039364  -0.0001632802   0.0002897764
17924  -0.0001134809  -0.0001411963   0.0002758607   0.0000265971  -0.0006192430
17925  -0.0007550155  -0.0013632917  -0.0000794247   0.0032155943  -0.0006611085
17926  -0.0001468176   0.0000659185   0.0003292380   0.0000049229   0.0035539040
17927   0.0044758682  -0.0011807951  -0.0042188672   0.0130855763  -0.0012799544
17928  -0.0407299347  -0.1129364067   0.0205910148  -0.0264497113  -0.0245326618
17929   0.0038357930   0.0020920958  -0.0051339755   0.0012440492   0.0018123527
17930  -0.0029028907   0.0001390255   0.0002478931   0.0084313418  -0.0018280441
17931   0.0264838059  -0.0242949909   0.0047604295  -0.0022277060  -0.0052167134
17932   0.0015389464  -0.0019331394  -0.0028446405  -0.0001234543  -0.0039205397
17933   0.0047540998  -0.0009663116  -0.0029717306  -0.0008562024   0.0006223282
17934   0.0003515866  -0.0009305353   0.0001531894  -0.0000760702   0.0003183963
17935  -0.0000614268   0.0033690959   0.0131003278  -0.0005867307   0.0398173860
17936  -0.1089717526   0.0209247933   0.0030510322   0.2466299598  -0.0434112596
17937  -0.0000033748   0.0004409284   0.0003568110  -0.0001880512   0.0002526860
17938   0.0000514500   0.0001323273   0.0000071198   0.0000356869   0.0000520074
17939  -0.0000672764   0.0000015482   0.0000671502  -0.0001122815  -0.0000053684
17940   0.0000811703  -0.0001688844  -0.0000387066   0.0015061948   0.0002866008
17941   0.0000035056  -0.0013061885  -0.0004307180  -0.0001466232   0.0000618671
17942   0.0000528086  -0.0000614860   0.0013489014  -0.0004092208  -0.0000470770
17943  -0.0000492856   0.0000268873  -0.0001347645   0.0001642357   0.0002565387
17944  -0.0000386136  -0.0001325044  -0.0000132046  -0.0000511870   0.0001103651
17945   0.0002688887  -0.0000074760  -0.0000764382  -0.0000492270  -0.0000462839
17946  -0.0000341005  -0.0001721349   0.0000066970   0.0000342923  -0.0001836705
17947  -0.0000842312  -0.0015815152   0.0001390493  -0.0002225661
180 1   0.0000686146  -0.0000296783   0.0003157987  -0.0002535572  -0.0000248862
180 2   0.0000276439   0.0001511791  -0.0000034591  -0.0000078166  -0.0004862889
180 3   0.0003474584  -0.0000022444   0.0000068823   0.0003886522  -0.0007395010
180 4  -0.0000633436  -0.0001839825  -0.0000511764   0.0001010832   0.0000062825
180 5   0.0003865224   0.0003539376  -0.0006673216   0.0001851980  -0.0001720349
180 6   0.0001413307   0.0005036313   0.0000080610   0.0001448811  -0.0002786249
180 7  -0.0000633981   0.0000651717  -0.0003134249  -0.0016994591  -0.0003364470
180 8  -0.0012117946  -0.0004645926   0.0006118399   0.0000448086   0.0000825979
180 9   0.0001937877  -0.0000021584  -0.0001278116  -0.0001098537  -0.0000776500
18010   0.0000529694  -0.0007545706  -0.0005325935  -0.0011775121   0.0015914981
18011  -0.0022358671   0.0015993229   0.0011159817  -0.0015627556  -0.0003847092
18012  -0.0000626869   0.0001629578   0.0001958666   0.0002370046  -0.0006591489
18013   0.0005500853  -0.0005909644  -0.0009582562   0.0003223584  -0.0001067046
18014   0.0002705876   0.0001684863  -0.0000472910   0.0000890980  -0.0001779329
18015   0.0000646121  -0.0001563231   0.0003964441   0.0003218175  -0.0004063302
18016  -0.0002451733   0.0001898671  -0.0002366728  -0.0004825757   0.0000988741
18017  -0.0003505947  -0.0002654657  -0.0002441079   0.0003427635  -0.0003339938
18018  -0.0003838699  -0.0000765917   0.0000614208  -0.0003873797   0.0004122464
18019  -0.0002251300  -0.0007390603   0.0014569074   0.0006491819   0.0004191308
18020   0.0000991963  -0.0005453421   0.0000156738   0.0001386107  -0.0007341541
18021   0.0004822895   0.0007505394   0.0005162123   0.0001193395   0.0016427481
18022   0.0000705553  -0.0005911938   0.0001133753  -0.0002195486   0.0002652261
18023  -0.0004329363  -0.0000048048   0.0001989662  -0.0000796165  -0.0002051358
18024   0.0002969058   0.0000611124   0.0004838220  -0.0000091166   0.0005264888
18025   0.0001166961  -0.0000616642  -0.0005133502  -0.0018467609   0.0011849522
18026  -0.0000249279   0.0001967878  -0.0002898711  -0.0001119865  -0.0002649127
18027  -0.0022979799   0.0021496954   0.0029676689   0.0006190840   0.0022238800
18028   0.0087731948   0.0137034687  -0.0166953273   0.0008507934   0.0061636813
18029   0.0035549788   0.0014706519   0.0016595474   0.0036337795  -0.0009479817
18030   0.0015486884  -0.0010290252   0.0013973845  -0.0047528814  -0.0067445891
18031  -0.0045656051   0.0054588329   0.0019735069  -0.0000615671   0.0008227022
18032   0.0021534800   0.0009448845   0.0023038477  -0.0001091392  -0.0002570561
18033  -0.0027890367   0.0027767750   0.0028331986   0.0015752756  -0.0000556761
18034  -0.0006472933   0.0005549006  -0.0001201096  -0.0000194893  -0.0008021519
18035   0.0001107809  -0.0023174919   0.0001331030   0.0025088980  -0.0100892212
18036   0.0171345897  -0.0162774371   0.0038007193  -0.0434112596   0.0247470667
18037   0.0000123341   0.0001175713   0.0005521103   0.0000375876  -0.0001521447
18038   0.0001704837  -0.0000976625   0.0000170002   0.0000021911  -0.0000538656
18039   0.0000388200  -0.0000315735   0.0000928098   0.0001594472   0.0000677224
18040  -0.0000441240   0.0000862347   0.0002844687   0.0000595866  -0.0003071546
18041  -0.0014341132   0.0002120154  -0.0001393642   0.0003475508  -0.0001068547
18042  -0.0000001413  -0.0003764561  -0.0002707859  -0.0000794410   0.0005505970
18043   0.0001236799  -0.0000836990  -0.0004188674   0.0000108392  -0.0002326334
18044   0.0000870888   0.0001042797   0.0000104834   0.0000374583   0.0000944695
18045  -0.0001601524   0.0000631035   0.0001059553   0.0000322452   0.0000730434
18046  -0.0001119590   0.0001906498  -0.0000253565  -0.0001341979   0.0002534303
18047  -0.0001002227   0.0001241749  -0.0002529972  -0.0011586584
181 1   0.0000190699   0.0000729721   0.0000401966  -0.0000007354  -0.0000248933
181 2  -0.0000861259   0.0000206947   0.0000133838  -0.0000166414  -0.0000176302
181 3   0.0000174177   0.0000250141   0.0000179512   0.0000530981  -0.0000238082
181 4  -0.0002859985   0.0000726139   0.0004281150  -0.0003063435  -0.0002140174
181 5  -0.0001147659   0.0000284984  -0.0000299066  -0.0000078234  -0.0000487640
181 6  -0.0000412844  -0.0000072171   0.0000131334  -0.0000195049   0.0000013536
181 7   0.0002177961   0.0005094162   0.0000549809   0.0000108573   0.0000401335
181 8  -0.0000187717   0.0000136179   0.0000263962  -0.0000162067   0.0000173753
181 9   0.0000147698  -0.0000162083   0.0000219467  -0.0000085272  -0.0000436026
18110  -0.0000072089  -0.0000386145  -0.0000263226  -0.0000567909  -0.0000692738
18111  -0.0000116698   0.0000222379  -0.0000136349  -0.0000211237  -0.0000056154
18112  -0.0000065215  -0.0000233582   0.0000141921  -0.0000354049   0.0000004300
18113   0.0000524738   0.0000278405  -0.0000237650   0.0000222000   0.0000520462
18114  -0.0000126106  -0.0000208964   0.0000429688  -0.0000138982   0.0000015599
18115   0.0000483866  -0.0000245555   0.0000637627  -0.0000620024  -0.0000522100
18116  -0.0000582782  -0.0000047133  -0.0000343118  -0.0000441969   0.0000099048
18117   0.0000218248   0.0000355528  -0.0000058046  -0.0000223515  -0.0000604164
18118  -0.0000683267   0.0000959598   0.0000178469  -0.0000390064  -0.0000193231
18119  -0.0000205347   0.0000010368   0.0000007383   0.0000257573  -0.0000226836
18120   0.0000037980   0.0000529299   0.0000072942   0.0000856625  -0.0000397351
18121  -0.0000177821   0.0000140360   0.0000118450   0.0000039969   0.0000712378
18122   0.0000194406  -0.0000520780   0.0000192483   0.0000204219  -0.0000111916
18123  -0.0000098222  -0.0000100136   0.0000312480   0.0000061127  -0.0000389877
18124   0.0000323976   0.0000150826  -0.0000651964   0.0000025937   0.0000746141
18125  -0.0466031844  -0.0071298867  -0.0162913419  -0.0145231151  -0.0205720704
18126  -0.0187235234  -0.0015777152   0.0009038179  -0.0023567097   0.0052353537
18127  -0.0027054737  -0.0011823690  -0.0019976056  -0.0002903490   0.0009599416
18128   0.0011540820  -0.0009116653   0.0001079383  -0.0002544299   0.0007151572
18129   0.0000409582  -0.0001049057   0.0002164744   0.0002227744   0.0002658088
18130   0.0008942146  -0.0000860556   0.0004725135  -0.0001949414  -0.0001136928
18131  -0.0001675668  -0.0000670968   0.0000658937   0.0000093639  -0.0000069463
18132   0.0000316374  -0.0000188236   0.0000082194  -0.0000401408  -0.0000699033
18133   0.0000394981  -0.0000161715   0.0001032287   0.0000303369  -0.0000182011
18134  -0.0000207813   0.0000220332   0.0000117356  -0.0000046812  -0.0000075865
18135  -0.0000171534   0.0000619640  -0.0000027078  -0.0000075503   0.0000350557
18136  -0.0000707924  -0.0000505801  -0.0001795646  -0.0000033748   0.0000123341
18137   0.0548307665   0.0193887184   0.0215141907   0.0000995848  -0.0009363861
18138  -0.0032722027   0.0046304948   0.0109839861   0.0197626214   0.0001778926
18139  -0.0002084462   0.0002362124   0.0001044465  -0.0010694049   0.0000149512
18140  -0.0000449560   0.0000724065   0.0000883914   0.0000278075   0.0000147121
18141  -0.0001393109   0.0000082924  -0.0000094964   0.0000212159  -0.0013047322
18142   0.0006025468  -0.0010993311  -0.0000059879   0.0000057484  -0.0000025921
18143   0.0000038438  -0.0000005181  -0.0000009958   0.0000042915  -0.0000082399
18144  -0.0000022520   0.0000021413  -0.0000002904   0.0000033433   0.0000003468
18145  -0.0000146353  -0.0000117392   0.0000031428  -0.0000004173   0.0000046912
18146  -0.0000040733   0.0000065343   0.0000020148  -0.0000059355   0.0000068825
18147   0.0000148293   0.0000037203   0.0000046950   0.0000043267
182 1   0.0000337448   0.0000148920   0.0000521237  -0.0000170002  -0.0000122903
182 2  -0.0000013185  -0.0001457041   0.0000595242  -0.0000583605   0.0001386009
182 3   0.0000014688  -0.0000721120  -0.0000010195   0.0000212981   0.0000704130
182 4  -0.0001489821   0.0000619226   0.0011413113   0.0000524137   0.0000128361
182 5   0.0000154374  -0.0001182844   0.0001005681   0.0000011665  -0.0000393180
182 6  -0.0000153473   0.0000168043   0.0000058783   0.0000323370   0.0000661637
182 7   0.0004340556   0.0005195277   0.0002843744   0.0000698239   0.0000650628
182 8  -0.0000095257  -0.0000075699   0.0000535124   0.0000485754   0.0000011943
182 9  -0.0001271606   0.0000396359   0.0000816007  -0.0000062105  -0.0000145799
18210  -0.0000097989  -0.0000707094   0.0000128878  -0.0001252875  -0.0001411962
18211  -0.0000667864  -0.0001002173   0.0000034673  -0.0000480389   0.0001339248
18212   0.0000431677  -0.0000292072  -0.0000046993  -0.0000593981   0.0001111946
18213   0.0000664558   0.0001271872   0.0000440826  -0.0000729509  -0.0000049696
18214  -0.0000426022   0.0000296795   0.0000303820  -0.0000291733  -0.0000007939
18215   0.0000252202  -0.0000060407   0.0000297395   0.0000126281   0.0000090149
18216  -0.0000426847  -0.0000815783  -0.0000619470   0.0000015575  -0.0000682097
18217   0.0000245223  -0.0000257380   0.0000225767   0.0000149316  -0.0000602507
18218  -0.0001690479   0.0001586208   0.0000353851   0.0000307390  -0.0000745352
18219  -0.0000137350   0.0000467060   0.0000133735  -0.0000258299  -0.0000865383
18220   0.0000847954   0.0001926316   0.0000048469   0.0001738374  -0.0000689732
18221  -0.0000451142  -0.0000494183  -0.0000626474   0.0001142786   0.0000107031
18222   0.0001060141   0.0000785253   0.0000263432   0.0000449992  -0.0000928718
18223  -0.0000818492   0.0000915020  -0.0000206255  -0.0000726218  -0.0000928675
18224   0.0000086890  -0.0000975306  -0.0001434726  -0.0000380680  -0.0000149962
18225  -0.0082146165  -0.1071416230  -0.1003287144  -0.0139050918  -0.0151377395
18226  -0.0110537674  -0.0014515105   0.0003077725  -0.0015582595   0.0047044154
18227  -0.0020261492  -0.0003146259  -0.0010316205  -0.0003963113   0.0004301790
18228   0.0001341666  -0.0002739695  -0.0002736653  -0.0003274671  -0.0000814058
18229   0.0001325706   0.0008548441  -0.0000474036  -0.0003426910  -0.0007026049
18230   0.0013254587   0.0002721173   0.0000264317  -0.0002060738   0.0002174587
18231   0.0000407830   0.0001949235  -0.0000628762  -0.0001006760   0.0001065424
18232   0.0000456705   0.0000802892  -0.0000755580  -0.0001347924   0.0000595590
18233   0.0000086243  -0.0002362538   0.0001504875   0.0001079046   0.0001586593
18234  -0.0000219441   0.0000502452   0.0000071734   0.0000365955  -0.0001444921
18235   0.0000289690  -0.0001352433   0.0000055613  -0.0000684347   0.0001986437
18236  -0.0003252192   0.0001421647   0.0001283878   0.0004409284   0.0001175713
18237   0.0193887184   0.1207681914   0.1100352432   0.0024545872   0.0104409989
18238   0.0147473719  -0.0026498118  -0.0073848304  -0.0140337062  -0.0001960270
18239  -0.0000161426   0.0000208369  -0.0003385696  -0.0010695070  -0.0000242642
18240  -0.0001043772  -0.0000156110   0.0000497363   0.0000693153   0.0000321694
18241  -0.0000597711  -0.0000063414   0.0000175829   0.0000440981   0.0007072747
18242   0.0000522578   0.0005278040  -0.0000056569   0.0000053221  -0.0000028000
18243   0.0000098237   0.0000074327   0.0000352149  -0.0000061580  -0.0000114513
18244  -0.0000095379   0.0000018818   0.0000014587   0.0000022779  -0.0000097531
18245  -0.0000278269  -0.0000211482   0.0000025520   0.0000005158  -0.0000036933
18246  -0.0000259788   0.0000167570  -0.0000300139  -0.0000379150   0.0000267876
18247  -0.0000693565   0.0000012301   0.0000118509   0.0000235853
183 1   0.0000034883  -0.0000290569  -0.0000782885   0.0000040834  -0.0001275652
183 2  -0.0000734744  -0.0002017209   0.0001395944  -0.0002098506   0.0002846144
183 3  -0.0000072227  -0.0002200913  -0.0000501906  -0.0000418976   0.0001288327
183 4  -0.0001114147   0.0006426211   0.0016628577   0.0004531306   0.0001276065
183 5   0.0001169656  -0.0003642640   0.0002664065  -0.0000118865  -0.0000106436
183 6  -0.0000257513  -0.0000760452   0.0000200489   0.0000737188   0.0000695642
183 7  -0.0000195803  -0.0000930346  -0.0003491483   0.0000751920   0.0000633805
183 8   0.0000017962   0.0000402029   0.0000130821   0.0000424202   0.0000578004
183 9  -0.0001544967   0.0000513481   0.0001596738   0.0000340309   0.0000273234
18310  -0.0000573065   0.0000000086   0.0001191947  -0.0001516210  -0.0001960897
18311  -0.0001297587  -0.0001528629  -0.0000711245  -0.0000060919   0.0002358664
18312   0.0000265588   0.0000231394  -0.0000385623  -0.0001715245   0.0003261349
18313  -0.0001094469   0.0002092987   0.0002419809  -0.0001696502  -0.0000920525
18314  -0.0001604644   0.0000949506  -0.0000394339  -0.0001271977   0.0000133271
18315  -0.0000084677  -0.0000210629  -0.0000147051   0.0001060070   0.0001468264
18316   0.0000367586  -0.0000630771  -0.0000922110   0.0000078679  -0.0002200719
18317   0.0000270319   0.0000472619   0.0000267707  -0.0000339503   0.0000060740
18318  -0.0002448523   0.0000104576  -0.0000362333  -0.0000588381   0.0000689590
18319   0.0000116047   0.0002972474  -0.0001060302  -0.0001699153  -0.0002916549
18320   0.0002479471   0.0001590742   0.0001806635   0.0002518232   0.0002020361
18321  -0.0000369066  -0.0000915195  -0.0002080617   0.0000878526  -0.0002392076
18322   0.0000869102   0.0003421513   0.0001379814   0.0001023778  -0.0001171569
18323  -0.0000214677   0.0000341489  -0.0000892670  -0.0000257214   0.0000119249
18324  -0.0000399328  -0.0001252666  -0.0001745909   0.0000636512  -0.0001696920
18325  -0.0169021074  -0.0985377739  -0.2041144290  -0.0053517607   0.0004795935
18326   0.0111807836  -0.0000875723   0.0007932739  -0.0014481688   0.0007897518
18327  -0.0011751644  -0.0003458588   0.0005875586   0.0000282717  -0.0000124916
18328  -0.0006444926   0.0009239795  -0.0005159921   0.0018688802  -0.0011699005
18329   0.0002756582  -0.0004383900   0.0000475141  -0.0004537521   0.0004556500
18330  -0.0008218202   0.0000244484  -0.0017543086   0.0005547880   0.0004316762
18331   0.0008635277   0.0003817462  -0.0000899602  -0.0004281038   0.0003019555
18332   0.0001520918   0.0001502501  -0.0002852798  -0.0002925362   0.0003418918
18333   0.0000808326  -0.0004248064  -0.0000845282  -0.0000295306   0.0004195192
18334  -0.0000420985   0.0001473212   0.0000354993   0.0000502186  -0.0001110987
18335   0.0000326713  -0.0002648347   0.0000448382  -0.0001080722   0.0001303628
18336  -0.0003697800   0.0001450496   0.0002437789   0.0003568110   0.0005521103
18337   0.0215141907   0.1100352432   0.2122889493  -0.0007239759  -0.0129787306
18338  -0.0176591959  -0.0000899761   0.0006667676  -0.0009855017  -0.0000027866
18339  -0.0000421228  -0.0000034063  -0.0000811724  -0.0001938604  -0.0000031203
18340   0.0000917459  -0.0000493412  -0.0000194236   0.0000850273   0.0000428873
18341   0.0000072403  -0.0000031250   0.0000139301  -0.0000199380  -0.0003041666
18342   0.0004292234  -0.0001285132   0.0000054433   0.0000047650  -0.0000158039
18343   0.0000078242   0.0000219130   0.0000698728  -0.0000172338  -0.0000124074
18344  -0.0000492730  -0.0000082683   0.0000060764  -0.0000022356  -0.0000367456
18345  -0.0000681748  -0.0001097754  -0.0000085620   0.0000004052  -0.0000234664
18346  -0.0000139574  -0.0000032658  -0.0000368079  -0.0000075694   0.0000057842
18347  -0.0000971839   0.0000019869  -0.0000008445   0.0000099844
184 1   0.0000018915  -0.0000061085   0.0000044200   0.0000060334   0.0000008925
184 2  -0.0000061591   0.0000172405  -0.0000162747   0.0000057135  -0.0000392031
184 3   0.0000048663   0.0000050295   0.0000076416   0.0000188211  -0.0000366885
184 4   0.0000026697  -0.0000433258  -0.0000136118  -0.0000128037  -0.0000003134
184 5  -0.0000179199   0.0000387162  -0.0000244828  -0.0000059877  -0.0000050114
184 6  -0.0000008368  -0.0000029339   0.0000007027   0.0000005326  -0.0000095903
184 7   0.0000144023   0.0000234130  -0.0000041540  -0.0000043939   0.0000026042
184 8  -0.0000391858  -0.0000059948   0.0000073774  -0.0000070551   0.0000044157
184 9   0.0000196979  -0.0000105732  -0.0000066232  -0.0000022999  -0.0000119133
18410   0.0000141005  -0.0000043390  -0.0000665841  -0.0000032950  -0.0000033743
18411   0.0000165900   0.0000175065   0.0000029812   0.0000033335  -0.0000215260
18412  -0.0000064115  -0.0000034113   0.0000151772   0.0000094899  -0.0000223797
18413   0.0000112709  -0.0000258533  -0.0000194274   0.0000206690   0.0000114227
18414   0.0000199112  -0.0000066991   0.0000074922   0.0000126256   0.0000008191
18415   0.0000103640   0.0000004183   0.0000086709   0.0000115157  -0.0000139531
18416  -0.0000123268   0.0000016510  -0.0000035030  -0.0000072897   0.0000258904
18417   0.0000090921   0.0000006816  -0.0000081426   0.0000005381  -0.0000152282
18418   0.0000089498   0.0000365375   0.0000110982  -0.0000070628  -0.0000092053
18419  -0.0000120079  -0.0000283296   0.0000170357   0.0000346140   0.0000257263
18420  -0.0000182072  -0.0000168296  -0.0000127322   0.0000192763  -0.0000334083
18421   0.0000208810   0.0000138132   0.0000244548   0.0000155507   0.0000360398
18422   0.0000057174  -0.0000399248  -0.0000042842   0.0000013785   0.0000017548
18423  -0.0000044546   0.0000140398   0.0000103972  -0.0000102673  -0.0000331152
18424   0.0000082580   0.0000116497   0.0000026401  -0.0000066413   0.0000384833
18425  -0.0463414734   0.0167753511  -0.0214392295  -0.0059641855  -0.0221711909
18426   0.0203410444  -0.0019428293   0.0005433973   0.0021155098   0.0039498563
18427  -0.0018267290   0.0005966340  -0.0015392996  -0.0001921267  -0.0006020587
18428   0.0009573799  -0.0006950742  -0.0001864602  -0.0001549873   0.0006030389
18429   0.0000349156  -0.0005017531   0.0001087424  -0.0003217656   0.0003705420
18430   0.0007856768   0.0000117206   0.0003334213  -0.0000449589   0.0001169314
18431  -0.0001354481  -0.0000729586  -0.0000542799   0.0000305894  -0.0000338321
18432  -0.0000263223  -0.0000352839   0.0000351150   0.0000044217  -0.0000796035
18433   0.0000391679   0.0000165975   0.0000751784   0.0000230126  -0.0000141497
18434  -0.0000243348   0.0000138301   0.0000014491  -0.0000037144  -0.0000181043
18435  -0.0000057753   0.0000979759  -0.0000102741   0.0000424611   0.0000103917
18436   0.0000296949  -0.0000265287  -0.0002137328  -0.0001880512   0.0000375876
18437   0.0000995848   0.0024545872  -0.0007239759   0.0518091572  -0.0076963096
18438   0.0175325792   0.0003697263   0.0117991185  -0.0191219060   0.0002556689
18439  -0.0002054263  -0.0002428742   0.0000152612   0.0000090356   0.0001211494
18440   0.0001397182  -0.0010606489   0.0001963426   0.0000530233   0.0000248589
18441   0.0001506742  -0.0000083024   0.0000047560  -0.0000300089  -0.0016754116
18442   0.0009472856   0.0015573445  -0.0000059275   0.0000029456   0.0000011181
18443   0.0000022136  -0.0000013867   0.0000032496   0.0000052801  -0.0000042783
18444   0.0000024722   0.0000025042  -0.0000007686   0.0000002790   0.0000058569
18445  -0.0000030557  -0.0000070336   0.0000015820   0.0000004961   0.0000030251
18446  -0.0000014491   0.0000053964   0.0000035132  -0.0000012288   0.0000054787
18447   0.0000038170   0.0000032576   0.0000001119  -0.0000015260
185 1   0.0000099265  -0.0000174079   0.0000299696  -0.0000147796   0.0000024224
185 2   0.0000022056  -0.0000126300   0.0000032912  -0.0000117777  -0.0000522138
185 3   0.0000182678  -0.0000237130   0.0000213833   0.0000668244  -0.0000759537
185 4   0.0000015132   0.0000020082   0.0001959698   0.0000466997  -0.0000019168
185 5  -0.0000072186   0.0000052584  -0.0000334106   0.0000156658  -0.0000340974
185 6   0.0000037528   0.0000333825  -0.0000016973   0.0000097908   0.0000030320
185 7   0.0000275236   0.0000923915  -0.0000018492  -0.0000184554   0.0000273652
185 8  -0.0000102509  -0.0000378215   0.0000470905   0.0000370902   0.0000114006
185 9   0.0000005013   0.0000021928   0.0000037060  -0.0000006012  -0.0000227558
18510  -0.0000394862  -0.0000999566  -0.0000991486  -0.0000247948  -0.0000606427
18511  -0.0000091658   0.0000201730   0.0000179295  -0.0000271432  -0.0000035476
18512  -0.0000002975   0.0000007278   0.0000387360  -0.0000035556  -0.0000185370
18513   0.0000674012  -0.0000038118  -0.0000969312   0.0000279733   0.0000218999
18514   0.0000134188  -0.0000002359   0.0000217993   0.0000093566  -0.0000089670
18515   0.0000118018  -0.0000119880   0.0000328584   0.0000309114  -0.0000187801
18516  -0.0000232006  -0.0000253052  -0.0000398662  -0.0000548726   0.0000122082
18517   0.0000256245   0.0000019479  -0.0000255652   0.0000300370  -0.0000433376
18518  -0.0000432194   0.0000720179   0.0000006100  -0.0000111454  -0.0000045515
18519  -0.0000172959  -0.0000833333   0.0000657624   0.0000749432   0.0000327073
18520  -0.0000071355   0.0000091872  -0.0000401385   0.0000646984  -0.0001074521
18521   0.0000432614   0.0000622033   0.0000646264   0.0000574725   0.0001338208
18522   0.0000387550  -0.0000782016   0.0000035244   0.0000083913   0.0000129767
18523  -0.0000074654   0.0000447899   0.0000211944  -0.0000159380  -0.0000599628
18524   0.0000279621   0.0000117050  -0.0000118045  -0.0000107797   0.0000692020
18525   0.0140229211  -0.1323322002   0.1189432775  -0.0075017564  -0.0161320326
18526   0.0114872744  -0.0016645169  -0.0001134478   0.0018427363   0.0034691932
18527  -0.0014699208  -0.0005429788  -0.0008141606  -0.0003348643  -0.0000246751
18528   0.0000731859  -0.0004317961  -0.0000971002  -0.0009478844   0.0002452812
18529   0.0000068266   0.0011377616   0.0000831063   0.0001371978  -0.0002760773
18530   0.0008960993  -0.0003911384   0.0005756293  -0.0003840818  -0.0001725214
18531  -0.0001736934   0.0000026814   0.0000459932  -0.0000043806  -0.0000134837
18532  -0.0000282569   0.0000728142   0.0000962730  -0.0000203414  -0.0000855378
18533  -0.0000894854  -0.0000210956   0.0001962539   0.0001132121  -0.0000051959
18534  -0.0000312440   0.0000300503  -0.0000034683   0.0000117029  -0.0000830088
18535   0.0000189615  -0.0000001653  -0.0000326970  -0.0000047146   0.0001196097
18536  -0.0000949935   0.0000585548   0.0001038775   0.0002526860  -0.0001521447
18537  -0.0009363861   0.0104409989  -0.0129787306  -0.0076963096   0.1484668836
18538  -0.1315540495   0.0001934643  -0.0081028332   0.0129866004  -0.0003358775
18539   0.0000914855   0.0000402661  -0.0001968304  -0.0001528640   0.0001983351
18540  -0.0004337541  -0.0010950540   0.0003002295   0.0000670982   0.0000315816
18541   0.0000717923   0.0000040874   0.0000042729   0.0000391765   0.0010760293
18542   0.0000382809  -0.0005717433  -0.0000094192   0.0000017400   0.0000135019
18543   0.0000079430  -0.0000002088   0.0000074365   0.0000029871  -0.0000117827
18544   0.0000013987   0.0000059299   0.0000002570   0.0000049275   0.0000048132
18545  -0.0000128528   0.0000031163   0.0000067818   0.0000007778   0.0000072571
18546  -0.0000109301   0.0000147950  -0.0000099893  -0.0000233344   0.0000217696
18547  -0.0000228821  -0.0000009774   0.0000088337   0.0000147286
186 1   0.0000072430   0.0000262630   0.0000168080  -0.0000043245   0.0000382376
186 2   0.0000095387  -0.0000511757   0.0000226634  -0.0000324337   0.0000885006
186 3  -0.0000201095  -0.0000352471  -0.0000350948  -0.0000347996   0.0000691537
186 4  -0.0000005952  -0.0000270214   0.0002430525   0.0000122799   0.0000127275
186 5  -0.0000866293  -0.0000921502   0.0000771988  -0.0000259651   0.0000093085
186 6  -0.0000003765  -0.0000131692  -0.0000015702   0.0000238463   0.0000268089
186 7   0.0001392737   0.0000251721  -0.0001881548  -0.0000123195   0.0000042599
186 8  -0.0000096633   0.0000267593  -0.0000010704  -0.0000048511   0.0000057123
186 9  -0.0000463947   0.0000204360   0.0000357194   0.0000101402   0.0000062288
18610   0.0000071745   0.0000476450   0.0000373727  -0.0000366413  -0.0000373328
18611  -0.0000464708  -0.0000424364  -0.0000143818   0.0000018497   0.0000639216
18612   0.0000065217   0.0000040631  -0.0000364051  -0.0000394192   0.0000898797
18613  -0.0000586687   0.0000509572   0.0000789713  -0.0000311752  -0.0000319653
18614  -0.0000290681   0.0000124631  -0.0000006090  -0.0000034612   0.0000089241
18615  -0.0000091180  -0.0000024572   0.0000342157  -0.0000143690  -0.0000341280
18616  -0.0000464748  -0.0000457325  -0.0000375263   0.0000502923  -0.0000498253
18617   0.0000183229  -0.0000116110   0.0000086205  -0.0000089128  -0.0000244862
18618  -0.0000714791   0.0000978861   0.0000086995  -0.0000006159   0.0000157289
18619   0.0000222961   0.0000816577  -0.0000413175  -0.0000426668  -0.0000608862
18620   0.0000656267   0.0000867298   0.0000625284   0.0000524084   0.0000541356
18621   0.0000014207  -0.0000512532  -0.0000665826   0.0000403875  -0.0001139955
18622   0.0000356676   0.0000877038   0.0000181124   0.0000228606  -0.0000543970
18623  -0.0000183525   0.0000356727  -0.0000470447  -0.0000336464  -0.0000100067
18624  -0.0000394520  -0.0000616574  -0.0000326233   0.0000074767  -0.0000742715
18625  -0.0177126136   0.1222922166  -0.2038042334   0.0049198297  -0.0003221617
18626   0.0057702117  -0.0005060482  -0.0012794665  -0.0012387635  -0.0014235117
18627   0.0010143770   0.0005900058   0.0007422081  -0.0000394745  -0.0001116392
18628  -0.0003241105   0.0003904429  -0.0000659429   0.0008508997  -0.0003360694
18629  -0.0000455280  -0.0009384713  -0.0004510801  -0.0000891984   0.0004653360
18630   0.0005770729   0.0001495812  -0.0008232991   0.0002153408   0.0001701213
18631   0.0003357396   0.0001159019  -0.0000245486  -0.0001755252   0.0000974000
18632   0.0000542136   0.0000551631  -0.0000690682  -0.0000873812   0.0001723086
18633  -0.0000222750  -0.0001297390  -0.0000801229  -0.0000406696   0.0001424007
18634  -0.0000150885   0.0000484455   0.0000154640   0.0000088173  -0.0000006204
18635   0.0000009590  -0.0001719251   0.0000322310  -0.0000303380   0.0000865124
18636  -0.0001486582   0.0000683354  -0.0000389909   0.0000514500   0.0001704837
18637  -0.0032722027   0.0147473719  -0.0176591959   0.0175325792  -0.1315540495
18638   0.2118706758  -0.0001853707  -0.0042705758   0.0048111542  -0.0000547722
18639  -0.0000014916   0.0000500360  -0.0000424263  -0.0002101363  -0.0000603515
18640   0.0000272087   0.0001284361  -0.0000128689  -0.0000326148  -0.0000463227
18641  -0.0000014045  -0.0000002941   0.0000198275   0.0000125686   0.0004863497
18642  -0.0009096404  -0.0003456304   0.0000061403   0.0000019754  -0.0000074239
18643  -0.0000009582   0.0000085783   0.0000193933  -0.0000082130  -0.0000015639
18644  -0.0000146119  -0.0000046727   0.0000022726  -0.0000030593  -0.0000153627
18645  -0.0000174924  -0.0000421387  -0.0000054032   0.0000004242  -0.0000094880
18646   0.0000020650  -0.0000042190  -0.0000063898   0.0000084300  -0.0000053787
18647  -0.0000197042   0.0000015685  -0.0000023788  -0.0000056419
187 1  -0.0000025179  -0.0000091762   0.0000032776   0.0000072315  -0.0000141077
187 2   0.0000003968   0.0000133188  -0.0000083158  -0.0000037963  -0.0000345691
187 3   0.0000082828  -0.0000058937   0.0000159278   0.0000209215  -0.0000341548
187 4  -0.0000127674   0.0000210644   0.0000732869   0.0000186235  -0.0000141761
187 5  -0.0000121509   0.0000195883  -0.0000196714   0.0000021994  -0.0000106519
187 6  -0.0000043128   0.0000067528   0.0000061617   0.0000021926  -0.0000060314
187 7  -0.0000167871  -0.0000149443  -0.0000550122   0.0000034045   0.0000050621
187 8  -0.0000353264  -0.0000132841   0.0000113417   0.0000001985   0.0000068866
187 9   0.0000134969  -0.0000056810  -0.0000110741  -0.0000064515  -0.0000153744
18710   0.0000283267  -0.0000259956  -0.0000285883  -0.0000123487  -0.0000129900
18711   0.0000075231   0.0000175582   0.0000068322  -0.0000107588  -0.0000141455
18712   0.0000005724  -0.0000051012   0.0000110191   0.0000150009  -0.0000214189
18713   0.0000301524  -0.0000010070  -0.0000361222   0.0000079981   0.0000101195
18714   0.0000116326   0.0000000676   0.0000102021   0.0000040453  -0.0000009855
18715   0.0000168999   0.0000017019   0.0000046051   0.0000168752   0.0000052602
18716   0.0000011454   0.0000055133  -0.0000034887  -0.0000223916   0.0000049107
18717   0.0000129540   0.0000088986  -0.0000035914   0.0000141653  -0.0000131475
18718  -0.0000023464   0.0000125759   0.0000041000  -0.0000024662  -0.0000164769
18719  -0.0000083261  -0.0000370992   0.0000285507   0.0000269220   0.0000161272
18720  -0.0000095308  -0.0000067959  -0.0000209831   0.0000232739  -0.0000437885
18721   0.0000110439   0.0000125866   0.0000319387   0.0000167061   0.0000590086
18722   0.0000092275  -0.0000293969   0.0000018419  -0.0000019711   0.0000094042
18723   0.0000049671   0.0000006655   0.0000136059  -0.0000035894  -0.0000132176
18724   0.0000103929   0.0000143851  -0.0000050639  -0.0000096609   0.0000337953
18725  -0.2117135544   0.1215376175   0.0244984033  -0.0269565318   0.0139136399
18726   0.0028959766   0.0000030869   0.0031858628  -0.0003487365  -0.0009432799
18727  -0.0042902685   0.0006581352  -0.0011323580   0.0008477546   0.0000619905
18728   0.0000123434  -0.0006258900   0.0000068618  -0.0003198333   0.0001543218
18729   0.0000348622   0.0003767292   0.0002398477   0.0000210349  -0.0000463062
18730  -0.0004090493   0.0000217173   0.0002792665  -0.0001502827  -0.0000409655
18731  -0.0000758357  -0.0000163818  -0.0000050330  -0.0000046204  -0.0000117090
18732  -0.0000197530   0.0000243697   0.0000694773   0.0000014187  -0.0000454682
18733  -0.0000596049   0.0000102825   0.0000934745   0.0000463604  -0.0000244119
18734  -0.0000199338   0.0000140138  -0.0000004229  -0.0000033810  -0.0000163406
18735  -0.0000005525  -0.0000100935   0.0000103261   0.0000026661   0.0000434781
18736  -0.0001100136   0.0000260760  -0.0001069389   0.0001323273  -0.0000976625
18737   0.0046304948  -0.0026498118  -0.0000899761   0.0003697263   0.0001934643
18738  -0.0001853707   0.2338106486  -0.1306759385  -0.0275478505   0.0009817264
18739  -0.0012592740   0.0000542401   0.0003552359  -0.0000703831  -0.0000074064
18740   0.0003193334  -0.0000940436   0.0000699207  -0.0000203864  -0.0000371889
18741   0.0000272870  -0.0000304173   0.0000081359  -0.0000023823   0.0000951050
18742   0.0001044036  -0.0000686873  -0.0000047949   0.0000015981   0.0000038529
18743   0.0000032774  -0.0000002120   0.0000013434   0.0000023204  -0.0000067191
18744   0.0000021041   0.0000023709   0.0000003938   0.0000025807   0.0000024680
18745  -0.0000058816  -0.0000009378   0.0000026275   0.0000010552   0.0000037034
18746  -0.0000022430   0.0000066599   0.0000017031  -0.0000048675   0.0000069184
18747   0.0000043400   0.0000028272   0.0000049387   0.0000037656
188 1  -0.0000028789   0.0000189888   0.0000013617   0.0000167896  -0.0000070005
188 2  -0.0000167862   0.0000031488   0.0000064317  -0.0000051727   0.0000027651
188 3  -0.0000050844   0.0000037648  -0.0000013293  -0.0000014005   0.0000033145
188 4  -0.0000240189   0.0000432681   0.0000564565   0.0000431021  -0.0000088044
188 5   0.0000340424  -0.0000011827   0.0000045317  -0.0000039977  -0.0000016818
188 6  -0.0000024596  -0.0000020788   0.0000039397  -0.0000036116  -0.0000020082
188 7  -0.0000572753   0.0000034121  -0.0000289682   0.0000073268  -0.0000113457
188 8  -0.0000256865   0.0000077306  -0.0000034756  -0.0000027799   0.0000030564
188 9   0.0000086902  -0.0000014236  -0.0000011897   0.0000027548  -0.0000042533
18810   0.0000058927   0.0000124056   0.0000048405  -0.0000074191  -0.0000015764
18811   0.0000016078   0.0000046772  -0.0000053778   0.0000034133  -0.0000068591
18812  -0.0000026896   0.0000028449  -0.0000093814   0.0000002024   0.0000003818
18813  -0.0000116779   0.0000034873   0.0000043635   0.0000033610   0.0000026446
18814  -0.0000054527  -0.0000073262   0.0000048604   0.0000002493  -0.0000000906
18815   0.0000041029  -0.0000024702   0.0000229242  -0.0000031577  -0.0000162594
18816  -0.0000100499  -0.0000006191  -0.0000021775  -0.0000035640  -0.0000017077
18817   0.0000013030   0.0000052955   0.0000032076  -0.0000067813  -0.0000053105
18818  -0.0000128337   0.0000181548  -0.0000062131  -0.0000164382   0.0000120765
18819   0.0000061379   0.0000048964  -0.0000040286  -0.0000074299  -0.0000022497
18820   0.0000051129   0.0000006555   0.0000086115   0.0000019323   0.0000117315
18821   0.0000011057  -0.0000006728  -0.0000049250  -0.0000072678  -0.0000119123
18822  -0.0000045819   0.0000036269   0.0000038209  -0.0000059258  -0.0000018306
18823   0.0000067250  -0.0000100505   0.0000005109   0.0000051244   0.0000099361
18824  -0.0000014750   0.0000044869  -0.0000002287   0.0000081229  -0.0000033094
18825   0.1360907813  -0.1426976701  -0.0191405711  -0.0204299190   0.0087737018
18826   0.0026941735  -0.0039846424   0.0000561782   0.0006246116  -0.0021980525
18827  -0.0030523502   0.0003560536  -0.0011418283   0.0006153246  -0.0000401110
18828  -0.0000149152  -0.0002152186  -0.0000100680   0.0001081422  -0.0000656796
18829   0.0000520927   0.0000262730   0.0004264633  -0.0000447533   0.0001270713
18830  -0.0010669725  -0.0001753620   0.0000402153   0.0000725921   0.0000165698
18831   0.0000034503  -0.0000147792  -0.0000073120   0.0000038488   0.0000032319
18832   0.0000016460  -0.0000094446  -0.0000076643  -0.0000019825  -0.0000170648
18833   0.0000158161  -0.0000052055   0.0000038318  -0.0000024452   0.0000039450
18834  -0.0000064693   0.0000053202   0.0000009499  -0.0000027498   0.0000022170
18835  -0.0000034226   0.0000158921   0.0000095317   0.0000042684  -0.0000316788
18836  -0.0000124185  -0.0000012322  -0.0000588397   0.0000071198   0.0000170002
18837   0.0109839861  -0.0073848304   0.0006667676   0.0117991185  -0.0081028332
18838  -0.0042705758  -0.1306759385   0.1528429246   0.0190473013  -0.0007655906
18839  -0.0007034115   0.0001533261  -0.0002514183  -0.0000224457   0.0000148384
18840  -0.0000627650  -0.0001447635  -0.0000229728   0.0000280075   0.0000545538
18841   0.0000197187  -0.0000085873   0.0000012851  -0.0000165314   0.0004568318
18842   0.0005642370   0.0000418433  -0.0000019960   0.0000007244  -0.0000019694
18843   0.0000004007   0.0000004549  -0.0000002217   0.0000011270  -0.0000012971
18844  -0.0000002633  -0.0000002312   0.0000005890  -0.0000004952   0.0000003389
18845  -0.0000021997  -0.0000035549   0.0000000878   0.0000002920  -0.0000008660
18846   0.0000002421  -0.0000002877   0.0000023690   0.0000027438  -0.0000014515
18847   0.0000024114   0.0000018603   0.0000007044  -0.0000015743
189 1  -0.0000002202   0.0000141198   0.0000060442   0.0000086886  -0.0000150027
189 2  -0.0000196628   0.0000001657   0.0000118415  -0.0000088178  -0.0000028868
189 3  -0.0000050650   0.0000046722   0.0000006733   0.0000074213   0.0000051848
189 4  -0.0000312440   0.0001333206   0.0001578491   0.0000909202  -0.0000181285
189 5   0.0000028219  -0.0000242758   0.0000045214  -0.0000035475  -0.0000023881
189 6  -0.0000024068   0.0000038975   0.0000004452  -0.0000072343  -0.0000006789
189 7  -0.0000724328   0.0000012976   0.0001336048   0.0000138680  -0.0000063269
189 8   0.0000040215   0.0000061251   0.0000048778   0.0000001273   0.0000022375
189 9   0.0000047185   0.0000011168   0.0000024227  -0.0000006204   0.0000025695
18910  -0.0000241421  -0.0000102802  -0.0000022169  -0.0000057945  -0.0000077825
18911  -0.0000062398   0.0000026784  -0.0000073702   0.0000019229  -0.0000062219
18912  -0.0000043045   0.0000096428  -0.0000031656  -0.0000120719   0.0000014759
18913  -0.0000075923   0.0000072670  -0.0000122041   0.0000006325   0.0000036309
18914  -0.0000159551   0.0000003035   0.0000055763  -0.0000075272  -0.0000060537
18915  -0.0000001890  -0.0000063991   0.0000193974   0.0000030955  -0.0000072094
18916   0.0000013555  -0.0000046631  -0.0000171910  -0.0000225515  -0.0000071816
18917  -0.0000001154   0.0000137507  -0.0000029329  -0.0000029495  -0.0000020971
18918  -0.0000148012  -0.0000045833  -0.0000170256  -0.0000151057   0.0000223927
18919   0.0000022619   0.0000058221  -0.0000038579   0.0000031574  -0.0000066712
18920   0.0000052250  -0.0000090596   0.0000023517  -0.0000086352   0.0000127624
18921  -0.0000049698   0.0000117990  -0.0000011393  -0.0000199205   0.0000034694
18922  -0.0000110609  -0.0000152162   0.0000065951  -0.0000009911   0.0000091552
18923   0.0000067527  -0.0000171839   0.0000032561   0.0000142051   0.0000194710
18924   0.0000047306   0.0000102566   0.0000075628   0.0000117297   0.0000009354
18925   0.0254196279  -0.0178063928  -0.0478651322   0.0016242774  -0.0008496443
18926  -0.0024668451   0.0003690368  -0.0002453692   0.0004345119  -0.0001434934
18927   0.0004516783   0.0002240417   0.0001915299  -0.0000636032   0.0004479490
18928  -0.0000800963   0.0000891061   0.0000118353   0.0000062558  -0.0000487287
18929   0.0000147638   0.0000235768  -0.0000494457   0.0001465301  -0.0002156830
18930   0.0001748368   0.0001585063  -0.0000336974   0.0000058492   0.0000107277
18931   0.0000052873   0.0000094823  -0.0000120888   0.0000026166   0.0000037946
18932  -0.0000050226   0.0000010053  -0.0000059809   0.0000060485   0.0000085086
18933   0.0000005752   0.0000059185  -0.0000176003   0.0000022077  -0.0000017053
18934   0.0000095558  -0.0000101475  -0.0000027349   0.0000019143  -0.0000030948
18935   0.0000066035  -0.0000170256  -0.0000006529  -0.0000105394   0.0000050014
18936  -0.0000160186  -0.0000253735   0.0000306485   0.0000356869   0.0000021911
18937   0.0197626214  -0.0140337062  -0.0009855017  -0.0191219060   0.0129866004
18938   0.0048111542  -0.0275478505   0.0190473013   0.0444893747   0.0000303777
18939   0.0003199186   0.0006204415  -0.0002229248   0.0001765024   0.0000113863
18940   0.0000812709  -0.0001595321   0.0000247896   0.0000032872   0.0000063721
18941  -0.0000069700   0.0000057662   0.0000001672  -0.0000079237  -0.0001196319
18942  -0.0000685316  -0.0003248817   0.0000010550  -0.0000005137   0.0000001158
18943  -0.0000008062  -0.0000002191  -0.0000000108  -0.0000003834   0.0000018837
18944  -0.0000004288  -0.0000003727  -0.0000002477   0.0000009665  -0.0000006041
18945   0.0000014328   0.0000065391   0.0000000842  -0.0000005470   0.0000010190
18946   0.0000002763  -0.0000011544  -0.0000024799  -0.0000027027  -0.0000001163
18947  -0.0000068250  -0.0000001564  -0.0000002374   0.0000002579
190 1  -0.0000000206  -0.0000019155   0.0000012834   0.0000021582  -0.0000044392
190 2  -0.0000003504   0.0000033622  -0.0000005694   0.0000073434  -0.0000258372
190 3   0.0000011762  -0.0000031877   0.0000116945   0.0000125049  -0.0000166714
190 4   0.0000016671  -0.0000197980  -0.0000091657  -0.0000078615   0.0000056438
190 5  -0.0000047651   0.0000081874  -0.0000072156  -0.0000016825  -0.0000082311
190 6  -0.0000014841  -0.0000005127   0.0000025392   0.0000022944   0.0000042488
190 7  -0.0000171360  -0.0000007905  -0.0000381596  -0.0000203362   0.0000095357
190 8  -0.0000240964  -0.0000011506   0.0000013897  -0.0000022702   0.0000007751
190 9   0.0000034110   0.0000016124  -0.0000009248  -0.0000059369  -0.0000054086
19010   0.0000424090  -0.0000274274   0.0000115016  -0.0000120187   0.0000095800
19011   0.0000028406   0.0000024694   0.0000057974   0.0000012679  -0.0000002101
19012   0.0000017217  -0.0000101515   0.0000066608   0.0000056051  -0.0000071769
19013   0.0000232810   0.0000001057  -0.0000102404   0.0000024038  -0.0000003088
19014   0.0000098777  -0.0000005918   0.0000071240   0.0000014169   0.0000011074
19015   0.0000122926   0.0000092012   0.0000036294   0.0000014441  -0.0000051819
19016  -0.0000132545   0.0000003574  -0.0000049708  -0.0000021597   0.0000126638
19017   0.0000149327   0.0000090613   0.0000019947   0.0000056866  -0.0000068280
19018   0.0000045108   0.0000174804   0.0000054917  -0.0000014077  -0.0000066850
19019  -0.0000027418  -0.0000163025   0.0000170232   0.0000113393   0.0000016649
19020  -0.0000048842  -0.0000014106  -0.0000096831  -0.0000119018  -0.0000130760
19021   0.0000039286  -0.0000037765   0.0000074922   0.0000167359   0.0000287164
19022   0.0000133526  -0.0000113409   0.0000004816  -0.0000045842   0.0000100709
19023  -0.0000193774   0.0000152030   0.0000034384  -0.0000085048  -0.0000129645
19024   0.0000026748   0.0000025806  -0.0000095314  -0.0000179420   0.0000206840
19025   0.0004011028  -0.0035515498   0.0001762147  -0.0031449330  -0.0001094101
19026   0.0002500400  -0.2999350308   0.0640075422   0.0203644771   0.0009876481
19027  -0.0004293572   0.0000276605  -0.0004289382  -0.0002491172   0.0001726215
19028   0.0003251626  -0.0000094260   0.0000511115  -0.0002345769   0.0001353453
19029  -0.0000009607   0.0001374143   0.0001369505  -0.0000145936   0.0000010856
19030  -0.0001644743   0.0000365671   0.0001207580  -0.0000455386  -0.0000176429
19031  -0.0000126145   0.0000044366  -0.0000076141  -0.0000181242   0.0000012667
19032  -0.0000078718   0.0000178872   0.0000471139  -0.0000040304  -0.0000098750
19033  -0.0000447320   0.0000031418   0.0000489151   0.0000261792  -0.0000107029
19034  -0.0000104560   0.0000082363   0.0000023978  -0.0000007776  -0.0000093577
19035  -0.0000008109  -0.0000276256   0.0000089174  -0.0000013261   0.0000659583
19036  -0.0000888782   0.0000252870  -0.0000317521   0.0000520074  -0.0000538656
19037   0.0001778926  -0.0001960270  -0.0000027866   0.0002556689  -0.0003358775
19038  -0.0000547722   0.0009817264  -0.0007655906   0.0000303777   0.3169881550
19039  -0.0631630091  -0.0227566214  -0.0104287982   0.0028061629   0.0026612787
19040  -0.0063522634   0.0013954692  -0.0007366511   0.0001058797   0.0004415921
19041  -0.0001006789  -0.0000141858  -0.0000027664  -0.0000049049   0.0000205409
19042   0.0000754907   0.0000039844  -0.0000024969   0.0000013891   0.0000023973
19043   0.0000014294   0.0000003833   0.0000017973   0.0000008358  -0.0000029752
19044   0.0000005473   0.0000012235  -0.0000002043   0.0000019407   0.0000004636
19045  -0.0000037245  -0.0000021032   0.0000007129   0.0000009145   0.0000028290
19046  -0.0000005480   0.0000043737   0.0000001000  -0.0000033827   0.0000046686
19047   0.0000016998   0.0000025034   0.0000024712   0.0000024082
191 1   0.0000080422   0.0000024944   0.0000001403   0.0000058421  -0.0000058969
191 2  -0.0000035465  -0.0000021627  -0.0000023534   0.0000046342   0.0000329593
191 3  -0.0000083182   0.0000037135  -0.0000006971  -0.0000133866   0.0000239386
191 4  -0.0000073051   0.0000155949   0.0000286041  -0.0000021054   0.0000074202
191 5   0.0000391731  -0.0000073623   0.0000207798  -0.0000055248   0.0000119155
191 6   0.0000071907  -0.0000102117  -0.0000016155   0.0000045984   0.0000038239
191 7   0.0000179690  -0.0000440135   0.0000398195  -0.0000203363   0.0000082261
191 8   0.0000055127   0.0000219935  -0.0000193342  -0.0000093145  -0.0000111859
191 9  -0.0000057510   0.0000043800   0.0000118198   0.0000128234   0.0000092458
19110   0.0000541854   0.0000198986  -0.0001159135  -0.0000236085   0.0000231268
19111   0.0000092217  -0.0000185871  -0.0000024395   0.0000110696   0.0000089338
19112   0.0000089832  -0.0000022654  -0.0000150328   0.0000006450   0.0000152650
19113  -0.0000274443  -0.0000048623   0.0000472706  -0.0000149903  -0.0000131343
19114  -0.0000047910  -0.0000103364  -0.0000001113  -0.0000028865  -0.0000059170
19115   0.0000012614   0.0000048102   0.0000027651  -0.0000202983  -0.0000085670
19116  -0.0000008079  -0.0000034840   0.0000058501   0.0000245852   0.0000026884
19117  -0.0000139341   0.0000051469   0.0000130127  -0.0000150620   0.0000047463
19118  -0.0000072715  -0.0000094943   0.0000011609  -0.0000030769   0.0000169405
19119   0.0000099488   0.0000312751  -0.0000241361  -0.0000274930  -0.0000098513
19120   0.0000033466   0.0000031437   0.0000089527  -0.0000424205   0.0000386028
19121  -0.0000142772  -0.0000227278  -0.0000293445  -0.0000076290  -0.0000498625
19122  -0.0000083192   0.0000390161  -0.0000037638  -0.0000025109  -0.0000015831
19123  -0.0000265193  -0.0000022187  -0.0000079272   0.0000055137   0.0000040585
19124  -0.0000021042  -0.0000115699  -0.0000066906   0.0000125826  -0.0000274903
19125   0.0035374405  -0.0003594860  -0.0003378335   0.0340927784  -0.0146102562
19126  -0.0024605432   0.0497406789  -0.0573379179  -0.0040973813  -0.0025875767
19127  -0.0052029902   0.0004138071  -0.0008766994  -0.0005351370   0.0001312230
19128   0.0001800676   0.0006052789   0.0000044360   0.0001353060  -0.0001504603
19129  -0.0000311270  -0.0004791725  -0.0005194489   0.0000115666   0.0018997532
19130  -0.0004191308  -0.0000477947  -0.0002005031   0.0002077893   0.0000230154
19131   0.0000774680   0.0000231455  -0.0000077994  -0.0000029251   0.0000169318
19132   0.0000138591  -0.0000201740  -0.0000351701   0.0000017942   0.0000422792
19133   0.0000282069   0.0000009018  -0.0000774278  -0.0000324820   0.0000105527
19134   0.0000166767  -0.0000131209   0.0000008161   0.0000014421   0.0000167142
19135  -0.0000005287  -0.0000195945   0.0000190747  -0.0000022675  -0.0000059776
19136   0.0000140400   0.0000074882   0.0000621655  -0.0000672764   0.0000388200
19137  -0.0002084462  -0.0000161426  -0.0000421228  -0.0002054263   0.0000914855
19138  -0.0000014916  -0.0012592740  -0.0007034115   0.0003199186  -0.0631630091
19139   0.0719401662   0.0041971141  -0.0119763869   0.0038880116   0.0029495488
19140  -0.0089416733   0.0025790320  -0.0008687001   0.0001025680   0.0005600739
19141  -0.0000714193   0.0001233820  -0.0000306618  -0.0000023526  -0.0000096498
19142   0.0000012798  -0.0000122119   0.0000017923  -0.0000002360  -0.0000028050
19143  -0.0000027019   0.0000005686  -0.0000018436  -0.0000016959   0.0000060946
19144  -0.0000016321  -0.0000023151  -0.0000006527  -0.0000014774  -0.0000015873
19145   0.0000048417   0.0000010613  -0.0000031903  -0.0000001214  -0.0000018749
19146   0.0000033591  -0.0000044172  -0.0000006396   0.0000044608  -0.0000046290
19147  -0.0000018478   0.0000020413  -0.0000030530  -0.0000025010
192 1   0.0000048689  -0.0000129930   0.0000018224  -0.0000093491   0.0000043831
192 2   0.0000014552   0.0000078930  -0.0000030547  -0.0000155371  -0.0000088850
192 3   0.0000158093  -0.0000022403   0.0000041252   0.0000223717  -0.0000184023
192 4   0.0000085784   0.0000253581  -0.0000092824   0.0000166709  -0.0000063894
192 5   0.0000102100   0.0000063416  -0.0000216074   0.0000054867   0.0000013955
192 6  -0.0000003547   0.0000172528  -0.0000013099  -0.0000021301  -0.0000171671
192 7  -0.0000600072   0.0000518015   0.0000232546   0.0000673046  -0.0000277949
192 8  -0.0000050429  -0.0000259659   0.0000243879  -0.0000016393   0.0000061426
192 9   0.0000064353  -0.0000086712  -0.0000067231   0.0000076898  -0.0000028293
19210  -0.0002227512  -0.0000776329   0.0002917594   0.0000523966  -0.0000309282
19211  -0.0000393612   0.0000127219  -0.0000015270  -0.0000137434  -0.0000139383
19212  -0.0000046995   0.0000146487   0.0000155172  -0.0000065332  -0.0000154377
19213   0.0000163182   0.0000150362  -0.0000568923   0.0000038697   0.0000115518
19214  -0.0000091104   0.0000050551   0.0000007306  -0.0000049298  -0.0000140769
19215  -0.0000029308  -0.0000232684  -0.0000032130   0.0000103981   0.0000105098
19216   0.0000349356  -0.0000107098  -0.0000052221  -0.0000445744  -0.0000085083
19217  -0.0000101269   0.0000008564  -0.0000195786   0.0000116262   0.0000041277
19218   0.0000031286  -0.0000231211  -0.0000200828  -0.0000061151  -0.0000057321
19219  -0.0000107188  -0.0000265275   0.0000089397   0.0000386274   0.0000209077
19220  -0.0000083517  -0.0000249169  -0.0000142770   0.0000519874  -0.0000296448
19221   0.0000094394   0.0000463015   0.0000314652  -0.0000164274   0.0000496945
19222  -0.0000172554  -0.0000462355   0.0000021628  -0.0000014030  -0.0000082742
19223   0.0000773082  -0.0000276207   0.0000163823   0.0000095994   0.0000081389
19224   0.0000202632   0.0000233762   0.0000152902   0.0000289896   0.0000211820
19225  -0.0002374587   0.0003167996   0.0004963916  -0.0024955811   0.0008700721
19226  -0.0022616291   0.0219562032  -0.0058001685  -0.0451043680   0.0001060300
19227   0.0003882571   0.0003313755  -0.0001333644   0.0000957066   0.0001485464
19228   0.0000533689  -0.0001004095   0.0001451417  -0.0001219272   0.0000862057
19229   0.0000161741   0.0000539391   0.0000687022   0.0000251125  -0.0000929758
19230   0.0000775964   0.0004961339   0.0001078982  -0.0000591740  -0.0000524396
19231  -0.0000433098   0.0000067506   0.0000117046   0.0000157531  -0.0000104869
19232  -0.0000232946   0.0000074687   0.0000382738   0.0000198955  -0.0000318566
19233  -0.0000247904   0.0000263058   0.0000390804   0.0000326485  -0.0000299658
19234   0.0000001214  -0.0000083396  -0.0000067355  -0.0000017301  -0.0000157542
19235   0.0000072063   0.0000177924  -0.0000064684  -0.0000012591   0.0000210606
19236  -0.0000345771  -0.0000011247  -0.0000155772   0.0000015482  -0.0000315735
19237   0.0002362124   0.0000208369  -0.0000034063  -0.0002428742   0.0000402661
19238   0.0000500360   0.0000542401   0.0001533261   0.0006204415  -0.0227566214
19239   0.0041971141   0.0417830752  -0.0209949143   0.0059157012   0.0034650336
19240   0.0247232686  -0.0061749470  -0.0001024875  -0.0000326714  -0.0000150262
19241  -0.0003560393  -0.0000089218  -0.0000050474  -0.0000735947  -0.0000052476
19242  -0.0000005782   0.0000052839  -0.0000016694  -0.0000006434   0.0000027300
19243   0.0000008961  -0.0000009115  -0.0000024216   0.0000014066  -0.0000025170
19244   0.0000030200   0.0000011484  -0.0000004193   0.0000013701   0.0000034178
19245   0.0000009665   0.0000115583   0.0000019808  -0.0000000144   0.0000024313
19246  -0.0000019613   0.0000025602   0.0000004604  -0.0000049433   0.0000045668
19247  -0.0000045168   0.0000021145   0.0000025395   0.0000029591
193 1   0.0000048528   0.0000005638   0.0000130725  -0.0000035469  -0.0000100824
193 2  -0.0000042204  -0.0000247702   0.0000099064  -0.0000129545   0.0000242482
193 3   0.0000054865  -0.0000119090  -0.0000100616   0.0000047370  -0.0000032647
193 4  -0.0000025382  -0.0000014630   0.0000116627   0.0000023879  -0.0000025247
193 5  -0.0000069081  -0.0000066174  -0.0000007627   0.0000137172   0.0000069538
193 6   0.0000141016   0.0000055377  -0.0000110222   0.0000035195  -0.0000110528
193 7   0.0000212002   0.0000733102   0.0000403935  -0.0000342692   0.0000429407
193 8   0.0000248251  -0.0000001338  -0.0000008002   0.0000025084  -0.0000109851
193 9  -0.0000241577   0.0000034855   0.0000221505   0.0000171728   0.0000049802
19310   0.0000494180  -0.0000093016  -0.0002293847   0.0000145890  -0.0000069753
19311  -0.0000089629  -0.0000228996   0.0000028726  -0.0000015482   0.0000240287
19312   0.0000022045   0.0000086846   0.0000079903  -0.0000253021   0.0000129372
19313  -0.0000014806   0.0000045709  -0.0000116980  -0.0000006007  -0.0000053626
19314   0.0000023272   0.0000036599  -0.0000093428   0.0000038731  -0.0000063966
19315  -0.0000239876  -0.0000161164   0.0000163432   0.0000061283  -0.0000019143
19316  -0.0000017120  -0.0000219812  -0.0000132777  -0.0000086703  -0.0000244924
19317  -0.0000299074  -0.0000238305  -0.0000131727  -0.0000045179  -0.0000081423
19318  -0.0000076291   0.0000142790  -0.0000069000   0.0000156353   0.0000196199
19319  -0.0000017041   0.0000082475  -0.0000069881  -0.0000026838   0.0000084109
19320   0.0000066281   0.0000144877  -0.0000089651  -0.0000024661  -0.0000022187
19321   0.0000085988   0.0000058461  -0.0000141297   0.0000153068  -0.0000171532
19322   0.0000119754   0.0000109944  -0.0000148012   0.0000083924   0.0000042546
19323  -0.0000131153   0.0000364907  -0.0000155638   0.0000050358  -0.0000239025
19324   0.0000033442  -0.0000204390   0.0000053978   0.0000104096  -0.0000189063
19325  -0.0003083288  -0.0002147011   0.0001560588   0.0035394150   0.0001829697
19326   0.0049462160  -0.1102936335  -0.0544622037  -0.0963902481   0.0000048848
19327   0.0005540165   0.0007479469   0.0004635304  -0.0004905200   0.0004162529
19328  -0.0010094828   0.0008403879  -0.0004922488   0.0001361481  -0.0006994774
19329   0.0000567946   0.0004480310   0.0000523937  -0.0000765874  -0.0002467779
19330  -0.0000234765  -0.0004319146  -0.0002148788   0.0001402123   0.0000282305
19331   0.0000703184   0.0000320699   0.0000537490   0.0000364442   0.0000143669
19332  -0.0000335293  -0.0000017865  -0.0000730996   0.0000216441   0.0000503459
19333   0.0000163884  -0.0000190270  -0.0000815545  -0.0000090271   0.0000340094
19334   0.0000297233  -0.0000293407  -0.0000130775   0.0000160077  -0.0000255438
19335   0.0000194738  -0.0000350460  -0.0000000437  -0.0000249239  -0.0000844503
19336   0.0000476234   0.0000244101   0.0002248072   0.0000671502   0.0000928098
19337   0.0001044465  -0.0003385696  -0.0000811724   0.0000152612  -0.0001968304
19338  -0.0000424263   0.0003552359  -0.0002514183  -0.0002229248  -0.0104287982
19339  -0.0119763869  -0.0209949143   0.1138407721   0.0609112694   0.1023168243
19340   0.0050166437   0.0046325416   0.0087370234  -0.0016741680   0.0012192427
19341   0.0013793421   0.0000072790  -0.0000075438   0.0000541403  -0.0000053056
19342   0.0000172037   0.0000344718   0.0000070123  -0.0000061844  -0.0000025610
19343  -0.0000029323   0.0000011532   0.0000013031  -0.0000053036   0.0000067826
19344   0.0000032533  -0.0000021785  -0.0000003030  -0.0000051528  -0.0000013201
19345   0.0000145876   0.0000164089  -0.0000010756  -0.0000020636  -0.0000053082
19346  -0.0000041072  -0.0000039421  -0.0000098552  -0.0000064897   0.0000015006
19347  -0.0000321672  -0.0000040393  -0.0000020344  -0.0000002323
194 1   0.0000207557  -0.0000044383  -0.0000108620  -0.0000035099  -0.0000093718
194 2  -0.0000245517  -0.0000272985  -0.0000045588   0.0000020197   0.0000745356
194 3  -0.0000143162   0.0000162464  -0.0000183980  -0.0000208311   0.0000701449
194 4  -0.0000090464   0.0000305510   0.0001032407   0.0000023982   0.0000186408
194 5   0.0000031623  -0.0000385665   0.0000371880  -0.0000231110   0.0000211567
194 6   0.0000144821  -0.0000000171  -0.0000238263   0.0000055116   0.0000071071
194 7   0.0000447288   0.0000881765   0.0000089294  -0.0000237280   0.0000146942
194 8   0.0000078286   0.0000156532  -0.0000173940  -0.0000330236  -0.0000120651
194 9  -0.0000301534  -0.0000010681   0.0000348869   0.0000375838   0.0000305341
19410  -0.0000795037  -0.0000247886  -0.0001268327   0.0000215500   0.0000094520
19411  -0.0000397210  -0.0000459129   0.0000011771   0.0000115483   0.0000349604
19412   0.0000053972   0.0000167655  -0.0000000470  -0.0000373984   0.0000619379
19413  -0.0000480842   0.0000254726   0.0000286852  -0.0000217839  -0.0000154878
19414  -0.0000189901  -0.0000108418  -0.0000105901  -0.0000115256  -0.0000119874
19415  -0.0000320959  -0.0000165875   0.0000171682  -0.0000418987   0.0000002918
19416  -0.0000029469  -0.0000367001  -0.0000158931   0.0000466172  -0.0000129383
19417  -0.0000387446  -0.0000189997  -0.0000091105  -0.0000271509   0.0000190925
19418  -0.0000215939  -0.0000142851  -0.0000123952   0.0000086980   0.0000253636
19419   0.0000081864   0.0000629096  -0.0000576021  -0.0000164583  -0.0000082008
19420   0.0000142216   0.0000263635   0.0000116742  -0.0000393305   0.0000686532
19421  -0.0000142599  -0.0000206464  -0.0000491597  -0.0000160433  -0.0001055422
19422  -0.0000120661   0.0000257872  -0.0000137959   0.0000263991  -0.0000235428
19423  -0.0000016920   0.0000272242  -0.0000332310  -0.0000020610  -0.0000172385
19424  -0.0000066723  -0.0000323765  -0.0000066613   0.0000323148  -0.0000455649
19425   0.0018717604  -0.0016556974  -0.0027552447  -0.0131902755  -0.0286506945
19426  -0.0186614029  -0.0524669198  -0.0865923391  -0.0767609914  -0.0059002974
19427   0.0023276544  -0.0000407742   0.0010407509   0.0008191318   0.0000474012
19428  -0.0000857325   0.0007454628   0.0001145570   0.0010363521  -0.0003464595
19429  -0.0000404307  -0.0011214783   0.0000877094   0.0002342619   0.0009932920
19430  -0.0015346581   0.0007179687  -0.0007598939   0.0003935359   0.0000759339
19431   0.0002953939   0.0001204314  -0.0000184339  -0.0000615734   0.0000670374
19432   0.0000263537  -0.0000164478  -0.0000672619   0.0000095793   0.0001060634
19433   0.0000405714  -0.0000058284  -0.0001660876  -0.0000450204   0.0000365039
19434   0.0000396153  -0.0000404677  -0.0000079065   0.0000103025   0.0000004498
19435   0.0000130863  -0.0000639461   0.0000432897   0.0000007092  -0.0000320372
19436  -0.0000821235   0.0000152432  -0.0000411166  -0.0001122815   0.0001594472
19437  -0.0010694049  -0.0010695070  -0.0001938604   0.0000090356  -0.0001528640
19438  -0.0002101363  -0.0000703831  -0.0000224457   0.0001765024   0.0028061629
19439   0.0038880116   0.0059157012   0.0609112694   0.1066627562   0.0866393643
19440   0.0049823979   0.0050651802   0.0060061660   0.0009949533   0.0000542654
19441  -0.0008561865  -0.0000043571  -0.0000122117  -0.0001182431  -0.0000347897
19442   0.0000770708  -0.0001500508   0.0000072392  -0.0000027305  -0.0000087879
19443  -0.0000059939   0.0000031123  -0.0000048553  -0.0000073463   0.0000116590
19444   0.0000021293  -0.0000056959  -0.0000012632  -0.0000078900  -0.0000029339
19445   0.0000157083   0.0000136397  -0.0000062411  -0.0000015781  -0.0000084471
19446   0.0000005676  -0.0000083057  -0.0000050381   0.0000034001  -0.0000048582
19447  -0.0000283626   0.0000045905  -0.0000043650  -0.0000087294
195 1  -0.0000456850   0.0000591118  -0.0000398355   0.0000454400   0.0000597934
195 2   0.0000112065  -0.0000013467   0.0000008272  -0.0000053781   0.0001375465
195 3  -0.0000674769   0.0000042907  -0.0000480712  -0.0001752874   0.0001544615
195 4  -0.0000001299   0.0000058666   0.0000278887  -0.0000296662  -0.0000032796
195 5  -0.0000670589  -0.0001048714   0.0001398757  -0.0000332941   0.0000344673
195 6  -0.0000354639  -0.0001038925   0.0000372203  -0.0000082943   0.0000603060
195 7   0.0000529491  -0.0004077424  -0.0002888949   0.0000138834  -0.0001633444
195 8  -0.0000835889   0.0000711816  -0.0001046680  -0.0000232558   0.0000161728
195 9   0.0000276279   0.0000256806  -0.0000369654  -0.0000402711   0.0000078434
19510   0.0002098973   0.0003493430   0.0003986512  -0.0000546348   0.0001111585
19511   0.0000181936   0.0000361932  -0.0000320577   0.0000360266  -0.0000048958
19512  -0.0000088762  -0.0000177479  -0.0001357240   0.0000589514   0.0000461322
19513  -0.0002035456  -0.0000002566   0.0002507785  -0.0000368562  -0.0000572381
19514  -0.0000340948  -0.0000172931  -0.0000277167   0.0000035734   0.0000586710
19515   0.0000083898   0.0000675336  -0.0000423605  -0.0000620411   0.0000142084
19516  -0.0000555356   0.0000413772   0.0000697136   0.0001798765  -0.0000289586
19517   0.0000834684   0.0000385849   0.0000985272  -0.0000380793   0.0000507277
19518   0.0000088662   0.0000441389   0.0000285448   0.0000063928   0.0000354728
19519   0.0000751302   0.0001849702  -0.0000859068  -0.0001909589  -0.0001454492
19520   0.0000708231   0.0000274427   0.0001775259  -0.0000160829   0.0002062169
19521  -0.0000793801  -0.0001662483  -0.0001370131  -0.0000428328  -0.0002720504
19522  -0.0000290686   0.0002201898   0.0000424071  -0.0000472893  -0.0000680734
19523  -0.0000333209  -0.0000944854  -0.0000294918  -0.0000232817   0.0001247012
19524  -0.0001044044  -0.0000520603   0.0000092319  -0.0000216942  -0.0001661808
19525   0.0002183356   0.0012375564  -0.0012315184   0.0056001459   0.0004663954
19526   0.0092594771  -0.0964626359  -0.0812473185  -0.1816806611  -0.0011813202
19527   0.0000333988   0.0004129696  -0.0000667434  -0.0008408235  -0.0000146040
19528  -0.0002086562   0.0011679889  -0.0000947695   0.0008457881  -0.0004722284
19529  -0.0000613679  -0.0004355381  -0.0000765627  -0.0001894361   0.0002800659
19530  -0.0003157870  -0.0000433367  -0.0007878980   0.0004682413   0.0001388423
19531   0.0002921126  -0.0000760743   0.0000251991  -0.0001356975   0.0000750951
19532   0.0001417216  -0.0000375679  -0.0001974599  -0.0001322576   0.0002843144
19533   0.0000687866  -0.0001637920  -0.0002616173  -0.0002473355   0.0001392270
19534  -0.0000193230   0.0000844308   0.0000558922  -0.0000408525   0.0002286518
19535  -0.0000770456  -0.0002377912   0.0000622724  -0.0000264616   0.0000229238
19536   0.0001208456   0.0001509423   0.0000809845  -0.0000053684   0.0000677224
19537   0.0000149512  -0.0000242642  -0.0000031203   0.0001211494   0.0001983351
19538  -0.0000603515  -0.0000074064   0.0000148384   0.0000113863   0.0026612787
19539   0.0029495488   0.0034650336   0.1023168243   0.0866393643   0.1881428054
19540  -0.0140101402  -0.0102190763  -0.0179447059   0.0009601661   0.0001177702
19541  -0.0001925867  -0.0000063587   0.0000034111   0.0000321774   0.0000206032
19542   0.0000470273  -0.0000112829   0.0000093433   0.0000084369  -0.0000215086
19543  -0.0000076724   0.0000075828   0.0000187985  -0.0000064781   0.0000039860
19544  -0.0000339978  -0.0000101566   0.0000058047   0.0000028602  -0.0000331892
19545  -0.0000316172  -0.0000971102  -0.0000115473   0.0000016486  -0.0000090819
19546   0.0000341183  -0.0000270767   0.0000286880   0.0000616785  -0.0000593341
19547   0.0000987449   0.0000061235  -0.0000155861  -0.0000260376
196 1   0.0000477208  -0.0000769550   0.0000625323  -0.0000447100  -0.0000515681
196 2   0.0000143148   0.0000111347   0.0000102042  -0.0000072706  -0.0001102042
196 3   0.0000932420   0.0000191110   0.0000386100   0.0001832389  -0.0001732449
196 4   0.0000314561  -0.0000052459  -0.0000060937   0.0000361652   0.0000237624
196 5   0.0000760306   0.0001181445  -0.0001621428   0.0000825375  -0.0000514265
196 6   0.0000423522   0.0001196654  -0.0000267892  -0.0000005634  -0.0000910704
196 7  -0.0000947132   0.0006234929  -0.0000868654   0.0000160532   0.0001029223
196 8   0.0000251584  -0.0001182779   0.0001233177   0.0000112063  -0.0000237956
196 9  -0.0000162714  -0.0000349032   0.0000394408   0.0000467523  -0.0000228635
19610   0.0004344941  -0.0006697078  -0.0010340999   0.0001004094  -0.0001219262
19611  -0.0000241926  -0.0000265770   0.0000222367  -0.0000516199  -0.0000095496
19612   0.0000057955   0.0000356907   0.0001365909  -0.0000445850  -0.0000762224
19613   0.0001743539  -0.0000294624  -0.0002255006   0.0000336084   0.0000589948
19614   0.0000303739   0.0000124230   0.0000194029   0.0000009025  -0.0000705159
19615  -0.0000367613  -0.0000914529   0.0000414425   0.0000757701   0.0000152436
19616   0.0001158723  -0.0000683564  -0.0000866742  -0.0002334297  -0.0000085474
19617  -0.0001411984  -0.0000605069  -0.0001097508   0.0000398509  -0.0000252268
19618  -0.0000188087  -0.0000668962  -0.0000690638   0.0000064447  -0.0000805515
19619  -0.0000674883  -0.0001976928   0.0000596157   0.0001891766   0.0001734716
19620  -0.0000794978  -0.0000415585  -0.0002253059   0.0000967358  -0.0002530841
19621   0.0000890323   0.0001527618   0.0001431098   0.0000266029   0.0002797580
19622   0.0000093495  -0.0002128923  -0.0000582320   0.0000968098   0.0000627208
19623   0.0000455861   0.0000492614   0.0000497544   0.0000256808  -0.0001287499
19624   0.0001170976   0.0000452764   0.0000162220   0.0000545484   0.0001274030
19625  -0.0001108126  -0.0003770535  -0.0001085451   0.0019760919  -0.0006982013
19626  -0.0036326039  -0.0722033372  -0.0221554071   0.0673475206   0.0001369600
19627   0.0008245445  -0.0004420585   0.0003568829  -0.0006447930  -0.0004373957
19628  -0.0007011086   0.0001506204   0.0002839978  -0.0008025149  -0.0002684382
19629   0.0000245693   0.0009031716   0.0002306372   0.0002624155  -0.0003328632
19630   0.0002633148   0.0001627315   0.0005220508  -0.0002708986  -0.0001972458
19631  -0.0001162446   0.0001424341  -0.0000310268   0.0000993073  -0.0000436232
19632  -0.0001354369   0.0000824863   0.0002160087   0.0001378840  -0.0002150168
19633  -0.0001687183   0.0001595094   0.0002204205   0.0002617617  -0.0001021427
19634   0.0000237852  -0.0000854595  -0.0000697958   0.0000484919  -0.0002475723
19635   0.0000886119   0.0001186234  -0.0000489246   0.0000142323   0.0000177295
19636  -0.0001900149  -0.0000618981   0.0002005029   0.0000811703  -0.0000441240
19637  -0.0000449560  -0.0001043772   0.0000917459   0.0001397182  -0.0004337541
19638   0.0000272087   0.0003193334  -0.0000627650   0.0000812709  -0.0063522634
19639  -0.0089416733   0.0247232686   0.0050166437   0.0049823979  -0.0140101402
19640   0.0717983338   0.0266422832  -0.0718810996  -0.0014885706   0.0008428092
19641  -0.0011166913   0.0000173698  -0.0000042812  -0.0000504869  -0.0000225255
19642   0.0000415663  -0.0000156002  -0.0000063431  -0.0000125633   0.0000247953
19643   0.0000051208  -0.0000050501  -0.0000228142   0.0000027388  -0.0000031413
19644   0.0000332672   0.0000094439  -0.0000042502  -0.0000052336   0.0000299979
19645   0.0000368741   0.0000989252   0.0000111324  -0.0000014007   0.0000076873
19646  -0.0000308394   0.0000262691  -0.0000308874  -0.0000616261   0.0000606149
19647  -0.0001234140  -0.0000034963   0.0000144402   0.0000220137
197 1   0.0000190416  -0.0000238592   0.0000069670  -0.0000189110  -0.0000262957
197 2  -0.0000258425  -0.0000020391   0.0000090777   0.0000290790  -0.0000354348
197 3   0.0000122440   0.0000426118  -0.0000112696   0.0000456210  -0.0000785705
197 4   0.0000240029   0.0000263486   0.0000286425  -0.0000013719   0.0000538838
197 5   0.0000440312   0.0000414360  -0.0000606263   0.0000088046   0.0000307463
197 6   0.0000777353   0.0000786917  -0.0000843783   0.0000015029  -0.0000223980
197 7   0.0000577911  -0.0006167158   0.0004309062  -0.0002059231   0.0001143313
197 8   0.0000566958   0.0000598407  -0.0000338647  -0.0000020926  -0.0000718976
197 9  -0.0000149381   0.0000121809   0.0000437275   0.0000759884   0.0000349981
19710  -0.0003120080   0.0000306115  -0.0009501744   0.0000383727   0.0000313656
19711   0.0000152371  -0.0000155958   0.0000014855   0.0000230557   0.0000022693
19712  -0.0000006198   0.0000427182   0.0000600160  -0.0000504243   0.0000032490
19713   0.0000326653  -0.0000511797  -0.0000872042   0.0000710897  -0.0000166612
19714   0.0000322202  -0.0000221249  -0.0000131907   0.0000334987  -0.0000337072
19715  -0.0000703114  -0.0000291908   0.0000287830   0.0000234208  -0.0000235839
19716   0.0000864191  -0.0000448576  -0.0000831900  -0.0001100918   0.0000391426
19717  -0.0001574698  -0.0000345870  -0.0000485741   0.0000016605  -0.0000106548
19718  -0.0000004948  -0.0000917688  -0.0000149605  -0.0000643533   0.0000682208
19719  -0.0000235677  -0.0000408000  -0.0000188522   0.0000555708   0.0001014337
19720  -0.0000561945  -0.0000559912  -0.0000727592  -0.0000708509   0.0000062062
19721   0.0000511914   0.0000653734   0.0000374551  -0.0000329854   0.0000169881
19722  -0.0000172728  -0.0000734668  -0.0000406670   0.0000296546   0.0000545068
19723   0.0000231536   0.0000692253   0.0000017877   0.0000120956  -0.0000383315
19724   0.0000433439   0.0000165533   0.0000495192   0.0000590485   0.0000263881
19725   0.0020873370  -0.0011428414   0.0027780525  -0.0067461696  -0.0271575032
19726   0.0259281190  -0.0219499825  -0.0603997855   0.0566234100  -0.0069947911
19727   0.0027767113   0.0011488134   0.0015611139   0.0008330686  -0.0004041522
19728  -0.0002713428   0.0006302956  -0.0000238350   0.0008760936  -0.0002854336
19729  -0.0000210213  -0.0013501231   0.0002112743   0.0001729729   0.0010750294
19730  -0.0020227043  -0.0008634288  -0.0007771507   0.0002734895  -0.0000767278
19731   0.0003837666   0.0001687806  -0.0000388536  -0.0001055443   0.0000203616
19732  -0.0001119708   0.0000985983   0.0001912803   0.0001129267  -0.0000836578
19733  -0.0001657890   0.0001637443   0.0000173221   0.0001001903  -0.0000350076
19734   0.0000025872  -0.0000375242  -0.0000303095   0.0000252767  -0.0001214948
19735   0.0000462223   0.0000674984   0.0000005185   0.0000217588  -0.0000492987
19736  -0.0001129790  -0.0001258744  -0.0000247268  -0.0001688844   0.0000862347
19737   0.0000724065  -0.0000156110  -0.0000493412  -0.0010606489  -0.0010950540
19738   0.0001284361  -0.0000940436  -0.0001447635  -0.0001595321   0.0013954692
19739   0.0025790320  -0.0061749470   0.0046325416   0.0050651802  -0.0102190763
19740   0.0266422832   0.0804863865  -0.0689513623   0.0008682119  -0.0000724401
19741   0.0005358646  -0.0000087175   0.0000014081   0.0000344142  -0.0000076608
19742   0.0000522281   0.0001252589  -0.0000009710  -0.0000098598   0.0000117153
19743  -0.0000024368  -0.0000001019  -0.0000129432   0.0000011275   0.0000024012
19744   0.0000147633   0.0000028439  -0.0000023967  -0.0000078978   0.0000166170
19745   0.0000233963   0.0000441463   0.0000004598   0.0000009962  -0.0000007878
19746  -0.0000057915   0.0000093426  -0.0000134641  -0.0000172840   0.0000298256
19747  -0.0000707711   0.0000000437   0.0000019061  -0.0000015201
198 1  -0.0001182321   0.0000959293  -0.0001530248   0.0000742364   0.0001806204
198 2  -0.0000625269   0.0000571224  -0.0000134250   0.0000734263   0.0003397544
198 3  -0.0001997143   0.0000582433  -0.0001239602  -0.0004297179   0.0003459961
198 4   0.0000872802   0.0000264475   0.0000550640  -0.0000559696   0.0000019532
198 5  -0.0001706679  -0.0004023949   0.0003282968  -0.0001142499   0.0001400473
198 6  -0.0000797342  -0.0002932633   0.0000091629  -0.0000571484   0.0001921857
198 7   0.0000994658  -0.0008533293  -0.0002601829   0.0000472161  -0.0006456855
198 8  -0.0000723549   0.0001815887  -0.0002293392  -0.0000375693   0.0000710203
198 9   0.0001373301   0.0000348074  -0.0000931916  -0.0000397720   0.0000129383
19810  -0.0008278858   0.0007851067   0.0018769312   0.0002259667   0.0002724401
19811  -0.0001604546   0.0002131985  -0.0001020236   0.0001262309  -0.0000591823
19812  -0.0000748964  -0.0000202939  -0.0002718778   0.0001342609   0.0001662220
19813  -0.0005209209   0.0000947931   0.0004562574  -0.0000149188  -0.0001694609
19814  -0.0001800187  -0.0000440839  -0.0001017575   0.0000056368   0.0001496453
19815  -0.0000614488   0.0001593839  -0.0001623323  -0.0002026566   0.0000730155
19816  -0.0001394988   0.0001218697   0.0001732921   0.0004879840   0.0001168297
19817   0.0002394350   0.0001787990   0.0001603216  -0.0001692472   0.0000659843
19818   0.0000264576   0.0001338089   0.0000794060  -0.0001683538   0.0002796405
19819   0.0002076218   0.0005301914  -0.0002839261  -0.0004448834  -0.0003659416
19820   0.0001263761  -0.0000237393   0.0006154295  -0.0000295213   0.0006949245
19821  -0.0001036731  -0.0002373918  -0.0003470059  -0.0001947012  -0.0008049379
19822  -0.0001806018   0.0004922141   0.0001352421  -0.0001735908  -0.0001911809
19823   0.0002425153  -0.0002033993  -0.0001309491  -0.0000181647   0.0003463453
19824  -0.0002814999  -0.0000967082   0.0000458635   0.0000372437  -0.0004409821
19825  -0.0011614332  -0.0006230678  -0.0017678882  -0.0027347150   0.0090535824
19826   0.0072956202   0.0662606697   0.0562170898  -0.2171826477   0.0023119052
19827  -0.0007309455  -0.0010640251   0.0013601473   0.0003150953   0.0001343973
19828  -0.0004984836   0.0003109080  -0.0001999545   0.0023974574  -0.0006379916
19829  -0.0000068148  -0.0009832825  -0.0006914488  -0.0007058524  -0.0000910534
19830   0.0000497976   0.0004571637  -0.0016886054   0.0007388721   0.0004605090
19831   0.0005043201  -0.0005513499   0.0000736335  -0.0002979167   0.0001300373
19832   0.0004826539  -0.0001909561  -0.0007351363  -0.0004347946   0.0006862862
19833   0.0004752611  -0.0004559792  -0.0007421879  -0.0008155664   0.0003583604
19834  -0.0000679609   0.0002870962   0.0001891466  -0.0001296841   0.0007543292
19835  -0.0002445146  -0.0003464901   0.0000681631  -0.0000322420  -0.0002542106
19836   0.0009493157   0.0001001593   0.0001223191  -0.0000387066   0.0002844687
19837   0.0000883914   0.0000497363  -0.0000194236   0.0001963426   0.0003002295
19838  -0.0000128689   0.0000699207  -0.0000229728   0.0000247896  -0.0007366511
19839  -0.0008687001  -0.0001024875   0.0087370234   0.0060061660  -0.0179447059
19840  -0.0718810996  -0.0689513623   0.2290099965  -0.0006943139  -0.0000279449
19841  -0.0000356340  -0.0000206653  -0.0000186797   0.0001046313   0.0000532357
19842  -0.0000862355  -0.0000659380   0.0000286649   0.0000257991  -0.0000600734
19843  -0.0000178930   0.0000169481   0.0000659075  -0.0000125263   0.0000077304
19844  -0.0001176453  -0.0000272708   0.0000150154   0.0000122259  -0.0000919314
19845  -0.0001157816  -0.0003055350  -0.0000288410   0.0000001928  -0.0000222253
19846   0.0001024637  -0.0000906755   0.0000856005   0.0001907730  -0.0001831794
19847   0.0003481603  -0.0000067127  -0.0000429469  -0.0000673371
199 1   0.0000140161  -0.0000135904   0.0000047672   0.0000018447  -0.0000210031
199 2  -0.0000248844   0.0000148292  -0.0000114317   0.0000049715  -0.0000149247
199 3   0.0000080715  -0.0000115921   0.0000105258   0.0000237675  -0.0000324546
199 4  -0.0000040094   0.0000052927  -0.0000124750   0.0000147445   0.0000226337
199 5   0.0000952716  -0.0000009733  -0.0000197786  -0.0000419596   0.0000118121
199 6   0.0000062963   0.0000013181  -0.0000016235   0.0000100008   0.0000052783
199 7   0.0000184704   0.0000313316   0.0000577096   0.0000232234   0.0000694319
199 8   0.0000329371   0.0000162500   0.0000265449   0.0000297396   0.0000081947
199 9   0.0000128243   0.0000034993   0.0000026549   0.0000147668  -0.0000011892
19910  -0.0000817048  -0.0001243670  -0.0002297424  -0.0001037897   0.0000663042
19911   0.0000434578   0.0000027831   0.0000021701   0.0000210294  -0.0000123952
19912   0.0000003228  -0.0000057707   0.0000119604   0.0000016756  -0.0000174103
19913  -0.0000221056  -0.0000227665  -0.0000335675   0.0000176068   0.0000213273
19914  -0.0000226526  -0.0000021962   0.0000037099  -0.0000047948  -0.0000155233
19915   0.0000084484  -0.0000130551   0.0000169717  -0.0000126911  -0.0000020817
19916  -0.0000158743  -0.0000022650   0.0000063380   0.0000020427   0.0000226832
19917  -0.0000010587   0.0000147801  -0.0000138850  -0.0000050678  -0.0000190111
19918  -0.0000142255   0.0000180115   0.0000040990  -0.0000297471   0.0000386099
19919  -0.0000047636  -0.0000088022   0.0000100523   0.0000265571   0.0000077472
19920  -0.0000112850  -0.0000232359   0.0000030611  -0.0000099523   0.0000028452
19921   0.0000263427   0.0000297413   0.0000073335   0.0000065158   0.0000159684
19922  -0.0000021836  -0.0000161363   0.0000017194   0.0000017746   0.0000014137
19923   0.0000007351   0.0000045291  -0.0000064694   0.0000308195  -0.0000244764
19924   0.0000152753   0.0000060827   0.0000034517   0.0000160803   0.0000184704
19925  -0.0001219537  -0.0001737512  -0.0000986945   0.0008274453   0.0011778112
19926  -0.0001944923  -0.0027142281  -0.0007039681   0.0003355690   0.0071779779
19927  -0.0234314986   0.0006329854  -0.0541828027   0.0190872500   0.0002865774
19928  -0.0006261238   0.0280192629  -0.0011496719  -0.0044318466  -0.0008753075
19929   0.0007646163  -0.0007330296   0.0001177230  -0.0000063116  -0.0041509845
19930  -0.0016355265   0.0005362777  -0.0002928829   0.0018897489  -0.0003040832
19931   0.0009158086   0.0001618526   0.0000657226  -0.0000937266  -0.0001554064
19932   0.0000185260  -0.0000528747  -0.0000719431   0.0000034065  -0.0000879164
19933   0.0001792707   0.0000174487   0.0000274141  -0.0000386245  -0.0000104574
19934   0.0000028072   0.0000055720   0.0000014904   0.0000010577   0.0000012629
19935   0.0000007264   0.0001545281  -0.0001552593   0.0000370949  -0.0004361117
19936  -0.0002577579  -0.0002753119  -0.0000345784   0.0015061948   0.0000595866
19937   0.0000278075   0.0000693153   0.0000850273   0.0000530233   0.0000670982
19938  -0.0000326148  -0.0000203864   0.0000280075   0.0000032872   0.0001058797
19939   0.0001025680  -0.0000326714  -0.0016741680   0.0009949533   0.0009601661
19940  -0.0014885706   0.0008682119  -0.0006943139   0.0615741122  -0.0255804381
19941  -0.0009329504   0.0000299111   0.0000433751  -0.0000310781   0.0003242208
19942  -0.0013126313  -0.0000403831   0.0000476397  -0.0000460971  -0.0000030072
19943  -0.0000030307  -0.0000084939   0.0000017575   0.0000047390   0.0000013808
19944  -0.0000000748   0.0000033996  -0.0000017603   0.0000001524   0.0000049012
19945   0.0000000034   0.0000003975   0.0000044781  -0.0000032770   0.0000014642
19946  -0.0000047873  -0.0000019884  -0.0000071886  -0.0000046927  -0.0000000537
19947   0.0000074087  -0.0000369662   0.0000160397  -0.0000019177
200 1   0.0000054373   0.0000062951   0.0000232737   0.0000019502  -0.0000126429
200 2   0.0000157878  -0.0000145859   0.0000052506   0.0000268143   0.0000097661
200 3  -0.0000098341   0.0000146074  -0.0000003545  -0.0000029785   0.0000229085
200 4  -0.0000086369   0.0000013250  -0.0000013483   0.0000039546   0.0000120008
200 5   0.0000865859   0.0000090048  -0.0000109157   0.0000100033  -0.0000019376
200 6   0.0000149221   0.0000030587  -0.0000069927   0.0000040710   0.0000018895
200 7   0.0000163497  -0.0000552056   0.0000144835   0.0000352711   0.0000322558
200 8   0.0000045831   0.0000443650  -0.0000279102  -0.0000426011  -0.0000355788
200 9  -0.0000201352   0.0000007405   0.0000176142  -0.0000073344   0.0000074110
20010   0.0000851255   0.0000161491   0.0000559496  -0.0000196515  -0.0000184824
20011  -0.0000431152  -0.0000011016  -0.0000051641   0.0000308753   0.0000245079
20012   0.0000096785  -0.0000086844  -0.0000040035  -0.0000094634   0.0000191592
20013   0.0000228473   0.0000168434  -0.0000546756   0.0000070506   0.0000167376
20014  -0.0000131125   0.0000038289   0.0000120845  -0.0000055545  -0.0000059723
20015  -0.0000085675   0.0000080500   0.0000092197   0.0000348404  -0.0000175365
20016   0.0000004856   0.0000182677  -0.0000080830   0.0000112642   0.0000191574
20017  -0.0000312082  -0.0000233442   0.0000007571  -0.0000135679  -0.0000104872
20018  -0.0000042940   0.0000093468  -0.0000104269  -0.0000298752   0.0000343296
20019   0.0000152588  -0.0000007564  -0.0000122303  -0.0000180224   0.0000115795
20020  -0.0000104970  -0.0000169159   0.0000021492  -0.0000955406   0.0000421528
20021   0.0000001453  -0.0000163072  -0.0000186380  -0.0000039772  -0.0000510673
20022  -0.0000018687   0.0000152336  -0.0000177572  -0.0000242304   0.0000252256
20023   0.0000204056   0.0000376052  -0.0000178667   0.0000038685  -0.0000003993
20024  -0.0000101402  -0.0000233321  -0.0000091559  -0.0000078912  -0.0000282960
20025  -0.0001663604  -0.0000900244  -0.0000401288   0.0013040037  -0.0010766624
20026  -0.0001993281   0.0018832795  -0.0002076879  -0.0002569842   0.0032029711
20027  -0.0119149856   0.0006732722   0.0173862233  -0.3249516417   0.0125201289
20028   0.0007177791  -0.0079031631   0.0006768358   0.0018719674   0.0018568044
20029   0.0003719668  -0.0004607250   0.0008709774   0.0000397277  -0.0029610362
20030  -0.0002148114   0.0004560798  -0.0002652927  -0.0008113960  -0.0000809535
20031  -0.0000893505   0.0004413820   0.0000401009   0.0000869013   0.0000254536
20032  -0.0000148192  -0.0000611068  -0.0000489990   0.0000214339   0.0000188973
20033   0.0000141477  -0.0000159275  -0.0000816126   0.0000011506   0.0000292112
20034   0.0000195350  -0.0000290925  -0.0000009399   0.0000127306  -0.0000158859
20035   0.0000090641  -0.0001821164   0.0001166408  -0.0000502629   0.0001335836
20036  -0.0005204911   0.0002711218   0.0002589396   0.0002866008  -0.0003071546
20037   0.0000147121   0.0000321694   0.0000428873   0.0000248589   0.0000315816
20038  -0.0000463227  -0.0000371889   0.0000545538   0.0000063721   0.0004415921
20039   0.0005600739  -0.0000150262   0.0012192427   0.0000542654   0.0001177702
20040   0.0008428092  -0.0000724401  -0.0000279449  -0.0255804381   0.3441560425
20041  -0.0140100654   0.0000720814  -0.0000602212  -0.0000357524   0.0002641323
20042  -0.0006303931  -0.0000520477  -0.0000342067  -0.0000153557  -0.0000074787
20043   0.0000027816   0.0000026734  -0.0000051248  -0.0000008694   0.0000080544
20044   0.0000018245  -0.0000032299  -0.0000002564  -0.0000033297   0.0000007141
20045   0.0000123660   0.0000087399  -0.0000036295  -0.0000006930  -0.0000024204
20046  -0.0000005339  -0.0000018220  -0.0000082081  -0.0000038959   0.0000040979
20047  -0.0000240112  -0.0000188985   0.0000254530  -0.0000019229
201 1   0.0000119149   0.0000345591   0.0000228869   0.0000138128   0.0000060671
201 2  -0.0000124821  -0.0000723587   0.0000218585   0.0000045276   0.0000981246
201 3  -0.0000195610  -0.0000035624  -0.0000082890  -0.0000519475   0.0000620359
201 4  -0.0000198700  -0.0000054060   0.0000535595   0.0000460480   0.0000514576
201 5   0.0000174323  -0.0000064446   0.0000661561   0.0000756685  -0.0000106541
201 6   0.0000195212  -0.0000274722  -0.0000095234  -0.0000098806   0.0000309922
201 7   0.0000884149  -0.0000334009   0.0000771198   0.0000776697  -0.0006981368
201 8  -0.0003579323   0.0000190624  -0.0000772663   0.0000371733  -0.0000572106
201 9  -0.0000387644   0.0000229200   0.0000367335  -0.0000053254   0.0000133769
20110  -0.0000115650   0.0002423738  -0.0005530679  -0.0000496279   0.0000202932
20111   0.0002939209  -0.0000347598   0.0000166928   0.0000193261   0.0000365669
20112   0.0000191594  -0.0000086406  -0.0000235545  -0.0000003373   0.0000081594
20113  -0.0000257076  -0.0000525811   0.0001819165  -0.0000045416  -0.0000286750
20114  -0.0000065352  -0.0000246651  -0.0000056944   0.0000031616  -0.0000041352
20115  -0.0000247794   0.0000399310   0.0000346200  -0.0000430110  -0.0000403665
20116  -0.0000548831  -0.0000289357  -0.0000054209   0.0000604806   0.0000107904
20117  -0.0000308879  -0.0000199895   0.0000497949  -0.0000414615   0.0000367225
20118  -0.0000059514   0.0000020029   0.0000053490   0.0000332237  -0.0000384765
20119   0.0000008870   0.0000729934  -0.0000490890  -0.0000890971  -0.0000374507
20120  -0.0000013094   0.0000337801   0.0000059394  -0.0001463323   0.0000793952
20121  -0.0000640427  -0.0000992756  -0.0000925146  -0.0000003474  -0.0000975729
20122  -0.0000032837   0.0000913489  -0.0000214775  -0.0000283145  -0.0000026943
20123  -0.0001029343   0.0000280534  -0.0000005872   0.0000021263   0.0000039406
20124  -0.0000120979  -0.0000473811  -0.0000044898  -0.0000270495  -0.0000627314
20125   0.0000088971  -0.0000168544  -0.0004665619   0.0000542464  -0.0003042647
20126  -0.0013834532   0.0002985607   0.0002493431   0.0000543137  -0.0011790208
20127   0.0019327236   0.0027683082   0.0016395260   0.0123481673  -0.0284818101
20128  -0.0016582615   0.0012309458   0.0012688059   0.0004869726  -0.0006572426
20129   0.0067631582   0.0001115734  -0.0001128128  -0.0002859006   0.0007321224
20130   0.0001009653   0.0036000685   0.0000603122   0.0001210841  -0.0006313108
20131  -0.0001186192  -0.0001810931   0.0004234839   0.0001275877   0.0000142447
20132  -0.0000723683  -0.0000812912  -0.0002406265  -0.0000190466   0.0000242728
20133   0.0002150269   0.0000423961  -0.0002064568  -0.0000831466   0.0000790341
20134   0.0000592260  -0.0000508378   0.0000065152   0.0000212088   0.0000124750
20135   0.0000143001   0.0000058025   0.0000558438  -0.0000495283  -0.0005135799
20136   0.0000908884  -0.0008761234   0.0008398030   0.0000035056  -0.0014341132
20137  -0.0001393109  -0.0000597711   0.0000072403   0.0001506742   0.0000717923
20138  -0.0000014045   0.0000272870   0.0000197187  -0.0000069700  -0.0001006789
20139  -0.0000714193  -0.0003560393   0.0013793421  -0.0008561865  -0.0001925867
20140  -0.0011166913   0.0005358646  -0.0000356340  -0.0009329504  -0.0140100654
20141   0.0206432911   0.0000022715   0.0000135852  -0.0004638019  -0.0000117634
20142   0.0001327886  -0.0000433559   0.0000070171   0.0000025025  -0.0000116558
20143  -0.0000076480  -0.0000010074   0.0000060030  -0.0000026734   0.0000231904
20144  -0.0000070112  -0.0000047915  -0.0000016592  -0.0000024249  -0.0000048338
20145   0.0000170890   0.0000100107  -0.0000053256  -0.0000032132  -0.0000021134
20146   0.0000014835  -0.0000145337  -0.0000199973  -0.0000065996  -0.0000073145
20147  -0.0000286631  -0.0000037874  -0.0000080018  -0.0000288819
202 1   0.0000090057  -0.0000018624   0.0000104917   0.0000405088   0.0000200868
202 2   0.0000858147  -0.0000803901   0.0000091736  -0.0000443919   0.0000398727
202 3   0.0000099270  -0.0000176264   0.0000010491   0.0000041616   0.0000120665
202 4   0.0000032958  -0.0000030505   0.0000250361  -0.0001179197   0.0000910715
202 5  -0.0001234403   0.0001163186   0.0000893298   0.0002143719   0.0000120841
202 6   0.0000217235   0.0000119606  -0.0000148008  -0.0000009479  -0.0000146176
202 7  -0.0000006165   0.0000026895  -0.0000057588  -0.0000085683  -0.0000115040
202 8   0.0000122929   0.0000037919  -0.0000169810  -0.0000525231  -0.0000166530
202 9  -0.0000066831  -0.0000110176   0.0000000570   0.0000133784  -0.0000001510
20210   0.0000091324   0.0000129791   0.0000042574   0.0000117614   0.0000143804
20211  -0.0000157169  -0.0000170688  -0.0000020389   0.0000006177   0.0000103190
20212   0.0000034697   0.0000004621   0.0000029002  -0.0000132228  -0.0000022999
20213  -0.0000147059  -0.0000075550   0.0000003204   0.0000099398  -0.0000054615
20214   0.0000082360   0.0000023190   0.0000013762   0.0000083555  -0.0000091366
20215  -0.0000038187  -0.0000100733   0.0000043558  -0.0000076870   0.0000042151
20216   0.0000091693  -0.0000006705  -0.0000409480  -0.0000132985  -0.0000104855
20217  -0.0000006887  -0.0000031332  -0.0000077998   0.0000112729   0.0000107508
20218   0.0000130259   0.0000182025   0.0000161585  -0.0000062340  -0.0000144476
20219  -0.0000182427   0.0000002466  -0.0000016079   0.0000094130  -0.0000060364
20220   0.0000047453  -0.0000197150   0.0000009569  -0.0000143944   0.0000030199
20221   0.0000054427  -0.0000144930  -0.0000017594   0.0000035147  -0.0000171443
20222   0.0000157917   0.0000008278  -0.0000069851   0.0000060709  -0.0000094694
20223   0.0000090311  -0.0000014192  -0.0000186484  -0.0000035485   0.0000065816
20224  -0.0000223885   0.0000021207   0.0000256999  -0.0000033396  -0.0000085061
20225   0.0000724351   0.0000881876  -0.0000125098   0.0006244781   0.0013038897
20226  -0.0000220301  -0.0004029472  -0.0000335019   0.0000789081  -0.0046982636
20227   0.0008401087   0.0002142238  -0.0003557267  -0.0000500203  -0.0000425977
20228  -0.0035824979  -0.0012928922   0.0000928994   0.0047036042  -0.0246459193
20229   0.0010844395  -0.0550358503   0.0303617384  -0.0011985794   0.0003265889
20230   0.0264282699  -0.0009585605   0.0023130170   0.0003059584  -0.0002153781
20231  -0.0004218108   0.0003627995  -0.0000255357   0.0001101406  -0.0000250001
20232  -0.0000176718  -0.0000225802  -0.0000125167   0.0000121552   0.0001007421
20233  -0.0000378113   0.0000325037  -0.0001260875  -0.0000261799  -0.0000005633
20234   0.0000244819  -0.0000213344   0.0000011359   0.0000048461   0.0000251711
20235   0.0000024838  -0.0001845852   0.0001480518   0.0000001603   0.0005975207
20236   0.0000706920   0.0000161084  -0.0003685642  -0.0013061885   0.0002120154
20237   0.0000082924  -0.0000063414  -0.0000031250  -0.0000083024   0.0000040874
20238  -0.0000002941  -0.0000304173  -0.0000085873   0.0000057662  -0.0000141858
20239   0.0001233820  -0.0000089218   0.0000072790  -0.0000043571  -0.0000063587
20240   0.0000173698  -0.0000087175  -0.0000206653   0.0000299111   0.0000720814
20241   0.0000022715   0.0550872963  -0.0328466436   0.0008749733   0.0011988472
20242  -0.0000200308  -0.0001095613  -0.0000678838   0.0000080539   0.0000052957
20243   0.0000083760   0.0000082049  -0.0000034240  -0.0000050254   0.0000069426
20244  -0.0000033337  -0.0000036960   0.0000012213  -0.0000029911  -0.0000029489
20245   0.0000092093   0.0000051644  -0.0000032784   0.0000003576  -0.0000021153
20246   0.0000065658  -0.0000059481   0.0000003520   0.0000079294  -0.0000022645
20247  -0.0000044779   0.0000429906   0.0000339707  -0.0000056528
203 1   0.0000032335   0.0000024149  -0.0000163254   0.0000382596  -0.0000240790
203 2  -0.0000153580  -0.0000237414  -0.0001640618   0.0000066105  -0.0000191893
203 3  -0.0000329092  -0.0000041588   0.0000034981   0.0000122262  -0.0000126435
203 4   0.0000033588  -0.0000144296  -0.0000161690  -0.0000919888   0.0000207293
203 5   0.0000142629   0.0001195528   0.0000649824   0.0000479446  -0.0000414495
203 6  -0.0000104584  -0.0000048158   0.0000088114  -0.0000113607  -0.0000035334
203 7   0.0000075870  -0.0000022225  -0.0000248871  -0.0000002185   0.0000536977
203 8  -0.0001202316  -0.0000118713  -0.0000386439  -0.0000268958   0.0000072795
203 9   0.0000158881  -0.0000245700  -0.0000045116  -0.0000006684  -0.0000117638
20310  -0.0000032229   0.0000048703   0.0000006690   0.0000071743   0.0000147134
20311   0.0000071364   0.0000090938   0.0000090389  -0.0000024417  -0.0000100846
20312  -0.0000042197  -0.0000075856   0.0000072571   0.0000002886  -0.0000146986
20313   0.0000022702  -0.0000116729  -0.0000060976   0.0000198547   0.0000215852
20314   0.0000102379  -0.0000228794   0.0000145884   0.0000027516  -0.0000000356
20315   0.0000077058   0.0000014058  -0.0000133146  -0.0000016541  -0.0000100710
20316  -0.0000177032   0.0000135901   0.0000471270   0.0000152850   0.0000396099
20317   0.0000390481  -0.0000031021   0.0000016936  -0.0000182061  -0.0000009011
20318   0.0000028899  -0.0000171857  -0.0000075915  -0.0000063621   0.0000081865
20319  -0.0000169222  -0.0000230289  -0.0000008480   0.0000130375   0.0000031968
20320   0.0000091430  -0.0000115604  -0.0000144215   0.0000052027   0.0000027340
20321  -0.0000016214  -0.0000093425  -0.0000018982   0.0000137488   0.0000160543
20322   0.0000118306  -0.0000206146  -0.0000015705   0.0000010463   0.0000088645
20323   0.0000164081   0.0000029051   0.0000050361  -0.0000024975  -0.0000132247
20324  -0.0000048030   0.0000086018   0.0000030995  -0.0000116639   0.0000216075
20325  -0.0000490229  -0.0000712147  -0.0000300633  -0.0001814183  -0.0003411606
20326   0.0001308586   0.0001144904   0.0000556815  -0.0000020578   0.0014690977
20327   0.0013573757   0.0001684491  -0.0003547473   0.0008194249  -0.0000595065
20328  -0.0030696650  -0.0011064900   0.0003736847   0.0041787927  -0.0134991931
20329   0.0005361311   0.0294813615  -0.3239611290   0.0106875133  -0.0010765064
20330  -0.0060313098  -0.0001509612   0.0022901385   0.0009507369  -0.0000080640
20331  -0.0004838509   0.0002086878  -0.0000365283   0.0000502720  -0.0000411619
20332  -0.0000130884  -0.0000202425  -0.0000018856   0.0000099176   0.0000856494
20333  -0.0000526809   0.0000027672  -0.0000599677  -0.0000247403  -0.0000006527
20334   0.0000072499  -0.0000023980   0.0000033637  -0.0000019068   0.0000349845
20335  -0.0000067735  -0.0001309708   0.0001042308   0.0000027492   0.0003564851
20336   0.0002648374   0.0000288557   0.0002819855  -0.0004307180  -0.0001393642
20337  -0.0000094964   0.0000175829   0.0000139301   0.0000047560   0.0000042729
20338   0.0000198275   0.0000081359   0.0000012851   0.0000001672  -0.0000027664
20339  -0.0000306618  -0.0000050474  -0.0000075438  -0.0000122117   0.0000034111
20340  -0.0000042812   0.0000014081  -0.0000186797   0.0000433751  -0.0000602212
20341   0.0000135852  -0.0328466436   0.3412533824  -0.0112738115  -0.0000767618
20342   0.0006707791  -0.0001443014  -0.0000076394   0.0000048516   0.0000005400
20343  -0.0000035780   0.0000022892   0.0000003768  -0.0000043545   0.0000030264
20344  -0.0000009408  -0.0000022304   0.0000003058  -0.0000005880  -0.0000040528
20345   0.0000020998  -0.0000060585  -0.0000015516  -0.0000006992   0.0000005792
20346   0.0000063645  -0.0000038877   0.0000032281   0.0000062835  -0.0000047943
20347   0.0000087663   0.0000430030  -0.0000131483  -0.0000027148
204 1   0.0000135558  -0.0000076927   0.0000353346   0.0000400887  -0.0000084805
204 2   0.0000609818  -0.0000163280  -0.0000061531  -0.0001116422  -0.0001363786
204 3   0.0000242128   0.0000996300  -0.0000076474   0.0000495057  -0.0000493112
204 4  -0.0000702525   0.0000301352  -0.0000267709  -0.0002298739   0.0000998349
204 5  -0.0005399545   0.0002344806  -0.0000053338  -0.0004126743   0.0000123403
204 6  -0.0000052285   0.0000311895  -0.0000177390   0.0000038350  -0.0000385378
204 7  -0.0000370670   0.0000578756  -0.0000024399  -0.0000179655  -0.0000785031
204 8   0.0001056559  -0.0000321210   0.0000064639   0.0000277576   0.0000024145
204 9   0.0000181075  -0.0000291190  -0.0000139258   0.0000123465  -0.0000109899
20410  -0.0000402471  -0.0000675451  -0.0000586651   0.0000256734  -0.0000112548
20411   0.0000184508   0.0000060203  -0.0000065892  -0.0000004323  -0.0000243860
20412  -0.0000046877   0.0000018531   0.0000346305  -0.0000128870  -0.0000215479
20413   0.0000609214  -0.0000026095  -0.0000901614   0.0000335314   0.0000470792
20414   0.0000333330  -0.0000074294   0.0000252833   0.0000094705  -0.0000120683
20415   0.0000194365  -0.0000252793   0.0000390922  -0.0000175995   0.0000711092
20416   0.0000485239  -0.0000185990  -0.0000968366  -0.0000648374   0.0000350210
20417  -0.0001048517  -0.0000085926  -0.0000363805   0.0000150157  -0.0000124696
20418   0.0000588225   0.0000266481   0.0000132956  -0.0000405114  -0.0000380608
20419  -0.0000034965  -0.0000773627  -0.0000148183   0.0000785279   0.0000738374
20420  -0.0000381474  -0.0000152291  -0.0000542371   0.0000128673  -0.0000734061
20421   0.0000482681   0.0000586083   0.0000738214  -0.0000116149   0.0000959879
20422  -0.0000093569  -0.0001051242  -0.0000241511   0.0000171025   0.0000149591
20423   0.0000137842   0.0000075426   0.0000048261   0.0000004447  -0.0000273779
20424   0.0000145294   0.0000356284   0.0000075031   0.0000087758   0.0000540388
20425  -0.0000427618  -0.0001202239   0.0003165539   0.0002252656  -0.0001290909
20426   0.0000114586  -0.0000726455   0.0000794237  -0.0005345994   0.0007605676
20427   0.0011783652   0.0077077753  -0.0006041494   0.0001588657  -0.0005630428
20428  -0.0000268770   0.0000219189   0.0035499981   0.0002380463   0.0011677379
20429   0.0041832459  -0.0027508789   0.0115214158  -0.0332994282   0.0015220924
20430  -0.0021156373   0.0036469394  -0.0000099592  -0.0003770736  -0.0030427365
20431   0.0000708987   0.0000045240  -0.0001982006  -0.0000317734  -0.0000201287
20432   0.0000609954   0.0000356791   0.0001466393   0.0000793659  -0.0001261119
20433  -0.0000688503   0.0001569238   0.0000400469   0.0000620054  -0.0001270996
20434   0.0000166478  -0.0000453321  -0.0000144850   0.0000012534  -0.0000367752
20435   0.0000230208   0.0001217506  -0.0000092475   0.0000473477  -0.0000001811
20436  -0.0000372298  -0.0001408677  -0.0000739112  -0.0001466232   0.0003475508
20437   0.0000212159   0.0000440981  -0.0000199380  -0.0000300089   0.0000391765
20438   0.0000125686  -0.0000023823  -0.0000165314  -0.0000079237  -0.0000049049
20439  -0.0000023526  -0.0000735947   0.0000541403  -0.0001182431   0.0000321774
20440  -0.0000504869   0.0000344142   0.0001046313  -0.0000310781  -0.0000357524
20441  -0.0004638019   0.0008749733  -0.0112738115   0.0238822012   0.0000064453
20442  -0.0000151972  -0.0047856828  -0.0000153306  -0.0000002984   0.0000128768
20443   0.0000011055  -0.0000035231  -0.0000201394   0.0000045438   0.0000032152
20444   0.0000102182   0.0000040061  -0.0000015429  -0.0000004415   0.0000129662
20445   0.0000150752   0.0000404348   0.0000034726   0.0000007884   0.0000045313
20446  -0.0000009792   0.0000062808  -0.0000039317  -0.0000109553   0.0000175358
20447  -0.0000088181  -0.0000006126  -0.0000027760   0.0000005186
205 1   0.0000356915   0.0000247392   0.0000381850  -0.0000391928  -0.0000661313
205 2  -0.0000240119  -0.0000333320   0.0000103510  -0.0000231866   0.0000114472
205 3   0.0000200769  -0.0000283818   0.0000295927   0.0000281445  -0.0000281832
205 4  -0.0000686641  -0.0000233574  -0.0000187594  -0.0000510324  -0.0001048850
205 5   0.0004364627  -0.0000107603  -0.0000074525  -0.0000388606  -0.0000137454
205 6   0.0000000845   0.0000028278  -0.0000015018  -0.0000053873   0.0000068808
205 7  -0.0000473335   0.0000238300  -0.0000004634  -0.0000012781   0.0000131240
205 8  -0.0000411564  -0.0000091997   0.0000105180   0.0000291583  -0.0000123087
205 9  -0.0000103489   0.0000004026   0.0000221545  -0.0000034784   0.0000007982
20510  -0.0000249213  -0.0000565307  -0.0000180853  -0.0000059533  -0.0000209032
20511   0.0000117569  -0.0000052136   0.0000049344  -0.0000144263   0.0000141264
20512   0.0000082363  -0.0000017812   0.0000196775  -0.0000172351  -0.0000065346
20513   0.0000427874   0.0000058312  -0.0000215608   0.0000038225   0.0000065307
20514  -0.0000047826   0.0000010527   0.0000072593  -0.0000086890  -0.0000179473
20515  -0.0000017443  -0.0000005309   0.0000193663   0.0000086236  -0.0000975841
20516  -0.0000479996   0.0000083015   0.0000062594  -0.0000327107   0.0000180601
20517  -0.0000137460   0.0000084310  -0.0000005193   0.0000200691  -0.0000124239
20518  -0.0000682980   0.0000084700  -0.0000089272   0.0000017130   0.0000053312
20519  -0.0000301412  -0.0000292909   0.0000273709   0.0000249890   0.0000012868
20520  -0.0000132754   0.0000120722  -0.0000153917   0.0000149188  -0.0000506985
20521  -0.0000089656   0.0000131729   0.0000275070   0.0000203446   0.0000777926
20522   0.0000148595  -0.0000162264  -0.0000013492   0.0000100964   0.0000010953
20523   0.0000036819   0.0000203354   0.0000271312  -0.0000070062  -0.0000272191
20524   0.0000319423  -0.0000000310  -0.0000146952  -0.0000065905   0.0000232608
20525  -0.0014538656   0.0020191257   0.0004919588  -0.0010796015  -0.0006764617
20526   0.0000723321   0.0000888864   0.0000096024  -0.0000871364   0.0062372337
20527   0.0034830678  -0.0004330180   0.0004530297   0.0011388300   0.0000784946
20528   0.0000314693   0.0002654128  -0.0000513467  -0.0015359674   0.0036821254
20529   0.0003616828  -0.0188214720  -0.0176075237   0.0002773298  -0.2257426633
20530  -0.1348238228   0.0088656996  -0.0011131152  -0.0006831282   0.0000461506
20531  -0.0002209228   0.0001076065  -0.0000703202  -0.0000396021  -0.0000811492
20532  -0.0000236840   0.0000067725   0.0000781778   0.0000075964  -0.0000685984
20533  -0.0000273786  -0.0000045055   0.0001231346   0.0000597629  -0.0000213714
20534  -0.0000170676   0.0000086311  -0.0000014029   0.0000003336  -0.0000409252
20535   0.0000030323   0.0000621438  -0.0000393544   0.0000030114  -0.0000157311
20536  -0.0000693847   0.0000077902   0.0000472364   0.0000618671  -0.0001068547
20537  -0.0013047322   0.0007072747  -0.0003041666  -0.0016754116   0.0010760293
20538   0.0004863497   0.0000951050   0.0004568318  -0.0001196319   0.0000205409
20539  -0.0000096498  -0.0000052476  -0.0000053056  -0.0000347897   0.0000206032
20540  -0.0000225255  -0.0000076608   0.0000532357   0.0003242208   0.0002641323
20541  -0.0000117634   0.0011988472  -0.0000767618   0.0000064453   0.2446854288
20542   0.1409349250  -0.0098768125   0.0000074410   0.0000033382   0.0000012997
20543  -0.0000060343  -0.0000051663   0.0000040871   0.0000014696  -0.0000073458
20544   0.0000047566   0.0000027713  -0.0000010607   0.0000009764   0.0000042201
20545  -0.0000043324   0.0000033361   0.0000029841   0.0000005642   0.0000021035
20546  -0.0000083745   0.0000083670  -0.0000006172  -0.0000098981   0.0000116012
20547  -0.0000037569  -0.0000031893  -0.0000007992   0.0000089502
206 1   0.0000405281   0.0000247398   0.0000368935  -0.0000036405  -0.0000177084
206 2   0.0000037652  -0.0000367237   0.0000060765   0.0000613091   0.0000108853
206 3  -0.0000078489   0.0000275329  -0.0000011289  -0.0000031813   0.0000279116
206 4  -0.0000599264  -0.0000096435   0.0000069820   0.0003390955   0.0001896711
206 5   0.0001603815   0.0000129065   0.0000131104  -0.0000156705  -0.0000098760
206 6  -0.0000092564   0.0000075757  -0.0000084465  -0.0000141736  -0.0000074256
206 7   0.0000040085   0.0000072049  -0.0000069897   0.0000049680   0.0000050452
206 8  -0.0001349651   0.0000153019  -0.0000055357  -0.0000087248  -0.0000186455
206 9  -0.0000137213  -0.0000048829   0.0000060370  -0.0000025639  -0.0000137794
20610   0.0000353833   0.0000287296   0.0000155275  -0.0000134076   0.0000029122
20611   0.0000016814  -0.0000191143   0.0000009192   0.0000015127   0.0000173228
20612   0.0000059386  -0.0000189526  -0.0000044734  -0.0000090024  -0.0000027101
20613   0.0000078456   0.0000083245   0.0000317377   0.0000068619   0.0000072588
20614   0.0000161390  -0.0000105180   0.0000207347   0.0000063430  -0.0000035096
20615   0.0000027859   0.0000061347   0.0000188137  -0.0000390947  -0.0000811288
20616  -0.0000660120  -0.0000080535  -0.0000480165   0.0000190066   0.0000110780
20617  -0.0000090483  -0.0000131539   0.0000102807  -0.0000182678   0.0000038190
20618  -0.0000282821   0.0000563673  -0.0000033178   0.0000163853   0.0000000067
20619  -0.0000165734   0.0000186771  -0.0000142186  -0.0000016321  -0.0000063826
20620  -0.0000137292   0.0000289829  -0.0000087100  -0.0000432412   0.0000087488
20621  -0.0000250106  -0.0000244634  -0.0000186551  -0.0000028233  -0.0000326239
20622   0.0000089691  -0.0000062075  -0.0000195757   0.0000086241  -0.0000104893
20623  -0.0000048337  -0.0000059826  -0.0000037498  -0.0000236692   0.0000009904
20624  -0.0000182485  -0.0000128829  -0.0000152692  -0.0000255005  -0.0000188003
20625  -0.0002272839  -0.0009658213   0.0001577864  -0.0009023779   0.0011015485
20626   0.0000490495  -0.0000003514  -0.0002127570   0.0000953210  -0.0238888034
20627  -0.0115616106   0.0010822520   0.0022457663  -0.0045926860  -0.0000273170
20628   0.0011283533  -0.0001665466  -0.0000558835   0.0025061185  -0.0006382865
20629   0.0000869450   0.0115293763   0.0107340687  -0.0010413708  -0.1345465378
20630  -0.1572676070   0.0062980204   0.0002777871   0.0003604654   0.0000287440
20631   0.0002841953   0.0000655932   0.0000437483  -0.0000451995   0.0000640888
20632   0.0000013357   0.0000196344   0.0000267832  -0.0000111593  -0.0000286587
20633  -0.0000067046   0.0000054053   0.0000109782   0.0000133796  -0.0000100970
20634  -0.0000049532  -0.0000038553   0.0000019930   0.0000004463  -0.0000126970
20635  -0.0000025876   0.0000006141   0.0000439178   0.0000042031   0.0000360012
20636  -0.0001839909   0.0000354643  -0.0000630609   0.0000528086  -0.0000001413
20637   0.0006025468   0.0000522578   0.0004292234   0.0009472856   0.0000382809
20638  -0.0009096404   0.0001044036   0.0005642370  -0.0000685316   0.0000754907
20639   0.0000012798  -0.0000005782   0.0000172037   0.0000770708   0.0000470273
20640   0.0000415663   0.0000522281  -0.0000862355  -0.0013126313  -0.0006303931
20641   0.0001327886  -0.0000200308   0.0006707791  -0.0000151972   0.1409349250
20642   0.1622048125  -0.0061561715  -0.0000078715   0.0000007935  -0.0000018832
20643   0.0000052911   0.0000022837  -0.0000016873   0.0000024493  -0.0000001236
20644   0.0000017924   0.0000002084  -0.0000003290  -0.0000008100   0.0000018372
20645  -0.0000003249   0.0000017039  -0.0000009685   0.0000012341  -0.0000004893
20646  -0.0000005991   0.0000032179   0.0000003435   0.0000003073   0.0000038554
20647  -0.0000024321   0.0000074498   0.0000040638  -0.0000001359
207 1   0.0000168924   0.0000166169   0.0000006142  -0.0000112596   0.0000531891
207 2   0.0000608304  -0.0000014705   0.0000406887   0.0000530784   0.0000162265
207 3  -0.0000144569   0.0000013684  -0.0000123671   0.0000056602   0.0000347298
207 4   0.0000009723  -0.0000436350   0.0000881193  -0.0001204615  -0.0003375016
207 5  -0.0018046822  -0.0000682316   0.0000050484   0.0000842732   0.0000035960
207 6  -0.0000277819  -0.0000258074  -0.0000095339  -0.0000022070  -0.0000038179
207 7  -0.0000170058  -0.0000467686   0.0000171110  -0.0000026158  -0.0000778407
207 8   0.0001026884   0.0000005616   0.0000081389  -0.0000105275   0.0000136751
207 9   0.0000078138  -0.0000144658  -0.0000008407   0.0000133504  -0.0000060575
20710  -0.0000204307   0.0000249027   0.0000154195  -0.0000007737  -0.0000188924
20711  -0.0000033509  -0.0000105018  -0.0000093689   0.0000177690   0.0000033189
20712   0.0000010846  -0.0000174491  -0.0000003076  -0.0000220554   0.0000377411
20713  -0.0000285847  -0.0000016693   0.0000402857   0.0000126578   0.0000265614
20714   0.0000039166  -0.0000132266   0.0000166860   0.0000028494  -0.0000038648
20715   0.0000250417   0.0000024055  -0.0000170626  -0.0000420377   0.0000364785
20716   0.0000217163  -0.0000293811  -0.0000255027   0.0000190585   0.0000074390
20717   0.0000224225   0.0000250483   0.0000021946  -0.0000408079  -0.0000200824
20718   0.0000487018  -0.0000474138   0.0000407880   0.0000017361  -0.0000480844
20719   0.0000089126   0.0000371434  -0.0000365086  -0.0000049470  -0.0000207939
20720   0.0000001897  -0.0000109037   0.0000182745  -0.0000060360   0.0000489658
20721   0.0000094931   0.0000031068  -0.0000160280  -0.0000202727  -0.0000500805
20722  -0.0000037212   0.0000055166   0.0000061178   0.0000338608  -0.0000153380
20723   0.0000095990  -0.0000364505  -0.0000186079   0.0000025741   0.0000149996
20724  -0.0000179498   0.0000119148  -0.0000254281   0.0000126375   0.0000071897
20725   0.0001457400  -0.0005858007   0.0000865896   0.0004410676  -0.0000660067
20726  -0.0012961313  -0.0000684011  -0.0000430977  -0.0002900476  -0.0000808881
20727   0.0006941588   0.0026077404   0.0004080897   0.0000856811   0.0033401518
20728   0.0000286566  -0.0000804201  -0.0002674131   0.0006177623   0.0005557730
20729   0.0076772057  -0.0014084080   0.0005159971   0.0029812800   0.0096609333
20730   0.0055437809  -0.0290819899  -0.0000338777   0.0001685986   0.0008749638
20731   0.0000973590  -0.0000442179  -0.0007834621   0.0000601424  -0.0000217089
20732  -0.0000546950  -0.0000674995  -0.0001170559   0.0000361518   0.0000370240
20733   0.0001122020   0.0000392287  -0.0001650458  -0.0001194514  -0.0000283372
20734   0.0000305758  -0.0000131845  -0.0000006133  -0.0000121997   0.0000991208
20735  -0.0000250553   0.0000489045   0.0000177929   0.0001147789  -0.0001687171
20736   0.0001535603  -0.0001021483   0.0002109963  -0.0000614860  -0.0003764561
20737  -0.0010993311   0.0005278040  -0.0001285132   0.0015573445  -0.0005717433
20738  -0.0003456304  -0.0000686873   0.0000418433  -0.0003248817   0.0000039844
20739  -0.0000122119   0.0000052839   0.0000344718  -0.0001500508  -0.0000112829
20740  -0.0000156002   0.0001252589  -0.0000659380  -0.0000403831  -0.0000520477
20741  -0.0000433559  -0.0001095613  -0.0001443014  -0.0047856828  -0.0098768125
20742  -0.0061561715   0.0216836647  -0.0000013301  -0.0000004525  -0.0000118322
20743  -0.0000057097   0.0000002584   0.0000167719  -0.0000051930   0.0000086993
20744  -0.0000082637  -0.0000032307  -0.0000008000   0.0000005099   0.0000004626
20745   0.0000054090  -0.0000074907  -0.0000034646  -0.0000016630  -0.0000009491
20746   0.0000095576  -0.0000137073   0.0000057500   0.0000225538  -0.0000181133
20747   0.0000448320  -0.0000064365  -0.0000036067   0.0000030663
208 1   0.0000013962  -0.0000207242   0.0000045574  -0.0000100865  -0.0000041693
208 2   0.0000061057   0.0000216842  -0.0000170337  -0.0000022998  -0.0000099945
208 3  -0.0000304129  -0.0000683743  -0.0000629449   0.0000232944  -0.0000445185
208 4   0.0000010781  -0.0000003011  -0.0000267559  -0.0000210413   0.0000042612
208 5   0.0000084852   0.0000510604  -0.0000617603   0.0000002909   0.0001124702
208 6  -0.0001488972  -0.0000046210  -0.0000150058   0.0000314886  -0.0000616442
208 7  -0.0000017563   0.0000220777  -0.0000053681  -0.0000099352   0.0000211700
208 8  -0.0000025060  -0.0000213368   0.0000551603   0.0000737817   0.0000166185
208 9   0.0000536706  -0.0000660623  -0.0000094420   0.0000088007  -0.0000194293
20810  -0.0000418511  -0.0000514303  -0.0000336379   0.0000220822  -0.0000310887
20811   0.0000259324   0.0000227181   0.0000019814  -0.0000149628  -0.0000119262
20812  -0.0000054858  -0.0000071685   0.0000316355  -0.0000027149  -0.0000111920
20813   0.0000460204  -0.0000019359  -0.0000574186   0.0000168430   0.0000197971
20814   0.0000198630   0.0000118190   0.0000078309   0.0000062244  -0.0000025521
20815   0.0000077064  -0.0000071012  -0.0000053370   0.0000284255   0.0000058344
20816  -0.0000002965   0.0000086959  -0.0000033647  -0.0000410493   0.0000038010
20817  -0.0000055209   0.0000301971  -0.0000322289   0.0000569747  -0.0000204404
20818   0.0000007939   0.0000086538  -0.0000141651  -0.0000044533   0.0000197239
20819  -0.0000007717  -0.0000277395   0.0000190611   0.0000538415   0.0000378774
20820   0.0000026725  -0.0000087166  -0.0000204657   0.0000308991  -0.0000506196
20821   0.0000452423   0.0000530854   0.0000486495   0.0000035926   0.0000635863
20822   0.0000023224  -0.0000571597  -0.0000183361   0.0000132966   0.0000132661
20823   0.0000096201   0.0000091176   0.0000030601  -0.0000001826  -0.0000244173
20824   0.0000189425   0.0000152077  -0.0000018446  -0.0000008682   0.0000472880
20825   0.0000309387   0.0000211541  -0.0000078962  -0.0001602029   0.0000296140
20826  -0.0000144303   0.0000183567  -0.0000105692  -0.0000207709   0.0001459634
20827   0.0000219180  -0.0000123724  -0.0002278645  -0.0001515010  -0.0000150015
20828   0.0006494416  -0.0001292009  -0.0000032603  -0.0005713540  -0.0002987225
20829   0.0000005066   0.0001650701   0.0000510565   0.0000785086  -0.0000461349
20830   0.0000411215  -0.0000087518   0.0024284352  -0.0002913816   0.0004060307
20831   0.0043884681   0.0248535036  -0.0019320297  -0.0542978008  -0.0273192500
20832   0.0021138749   0.0006108524  -0.0263879051   0.0021363781  -0.0047234123
20833  -0.0009384741   0.0000044461   0.0007037531  -0.0012460527  -0.0000558680
20834   0.0000786586  -0.0000869509   0.0000051951  -0.0004013114  -0.0000106900
20835   0.0000110999  -0.0003955890   0.0000167756   0.0000573259  -0.0035228021
20836   0.0011121920  -0.0003912782  -0.0004353374   0.0013489014  -0.0002707859
20837  -0.0000059879  -0.0000056569   0.0000054433  -0.0000059275  -0.0000094192
20838   0.0000061403  -0.0000047949  -0.0000019960   0.0000010550  -0.0000024969
20839   0.0000017923  -0.0000016694   0.0000070123   0.0000072392   0.0000093433
20840  -0.0000063431  -0.0000009710   0.0000286649   0.0000476397  -0.0000342067
20841   0.0000070171  -0.0000678838  -0.0000076394  -0.0000153306   0.0000074410
20842  -0.0000078715  -0.0000013301   0.0543432717   0.0296206160  -0.0023030895
20843   0.0011132027   0.0000587812   0.0001701459  -0.0000159963  -0.0000138190
20844  -0.0000052145  -0.0000304275   0.0000083410  -0.0000059756   0.0000157623
20845   0.0000148743   0.0000130655  -0.0000084727  -0.0001248001  -0.0000070502
20846   0.0000055512   0.0000156826   0.0000036589   0.0000011334   0.0000105685
20847   0.0000053520   0.0000418678  -0.0000591212  -0.0000085301
209 1  -0.0000088330  -0.0000026810   0.0000046474   0.0000003557   0.0000014143
209 2   0.0000008581   0.0000143438  -0.0000022371   0.0000106387  -0.0000238070
209 3  -0.0000211980   0.0000278067   0.0000088951  -0.0000430718  -0.0000489878
209 4   0.0000057900  -0.0000120138   0.0000003693   0.0000031219  -0.0000046407
209 5   0.0000022984  -0.0000102560   0.0000009191  -0.0000350541  -0.0000561038
209 6   0.0000344406   0.0000853863   0.0000355354  -0.0000171167  -0.0000664290
209 7   0.0000061913   0.0000089518  -0.0000015072  -0.0000124169  -0.0000012182
209 8  -0.0000149084  -0.0000012298   0.0000034799  -0.0000781842  -0.0000186082
209 9   0.0000062314  -0.0000275996  -0.0000047284  -0.0000017128   0.0000004268
20910   0.0000061069  -0.0000165084  -0.0000150332  -0.0000018761   0.0000135208
20911   0.0000043526   0.0000022480   0.0000179346  -0.0000048730  -0.0000008308
20912   0.0000038383  -0.0000029888   0.0000038482   0.0000153676  -0.0000157958
20913   0.0000116527   0.0000025156  -0.0000182018   0.0000029703  -0.0000009907
20914   0.0000140453  -0.0000068675   0.0000007159   0.0000042109   0.0000021033
20915  -0.0000072426   0.0000038180   0.0000044549   0.0000076270   0.0000040849
20916   0.0000056636  -0.0000008096   0.0000005256  -0.0000128983   0.0000181675
20917  -0.0000058722   0.0000046670   0.0000119135   0.0000541605   0.0000058130
20918   0.0000069964  -0.0000108516  -0.0000013899  -0.0000021304  -0.0000030061
20919   0.0000123981  -0.0000143213   0.0000147232  -0.0000135909   0.0000225049
20920   0.0000060057  -0.0000094739  -0.0000163286  -0.0000082881  -0.0000099173
20921   0.0000052973  -0.0000117692   0.0000071991  -0.0000210318   0.0000042860
20922  -0.0000039974  -0.0000072524  -0.0000159880  -0.0000045452   0.0000112999
20923  -0.0000098281  -0.0000023289   0.0000104047  -0.0000058451   0.0000034030
20924   0.0000066626   0.0000049137   0.0000047958  -0.0000067645   0.0000048874
20925  -0.0000132801  -0.0000143805   0.0000027902   0.0000582612  -0.0000297484
20926  -0.0000335507   0.0000078389   0.0000487131  -0.0000190140  -0.0000657162
20927  -0.0000403472   0.0000103052   0.0001081958   0.0001084045   0.0000239398
20928  -0.0003508362   0.0002567544  -0.0000333304   0.0004383833   0.0002504656
20929   0.0000001962  -0.0000265686  -0.0000304382   0.0000199738   0.0000247764
20930  -0.0000045355   0.0000014870  -0.0023669784   0.0009593187  -0.0005094756
20931  -0.0040615670  -0.0135565526   0.0012712988  -0.0261960912  -0.3218600282
20932   0.0233206877   0.0012536564  -0.0063081539   0.0003276719  -0.0015427914
20933   0.0012816429   0.0005181706   0.0001940655  -0.0003649983   0.0000717020
20934   0.0000432012  -0.0000632348   0.0000065631  -0.0001088684   0.0000670908
20935   0.0000116111   0.0002779893   0.0008317740  -0.0002308199   0.0030911053
20936  -0.0010986676   0.0007323192  -0.0002976867  -0.0004092208  -0.0000794410
20937   0.0000057484   0.0000053221   0.0000047650   0.0000029456   0.0000017400
20938   0.0000019754   0.0000015981   0.0000007244  -0.0000005137   0.0000013891
20939  -0.0000002360  -0.0000006434  -0.0000061844  -0.0000027305   0.0000084369
20940  -0.0000125633  -0.0000098598   0.0000257991  -0.0000460971  -0.0000153557
20941   0.0000025025   0.0000080539   0.0000048516  -0.0000002984   0.0000033382
20942   0.0000007935  -0.0000004525   0.0296206160   0.3393561779  -0.0249800012
20943   0.0000280632   0.0006882878  -0.0003214915  -0.0000035526   0.0000097996
20944   0.0000134754  -0.0000075441   0.0000018054  -0.0000057069   0.0000033058
20945   0.0000156164   0.0000039670   0.0000082015  -0.0000279886  -0.0000090604
20946   0.0000052004  -0.0000113303  -0.0000008878   0.0000083092   0.0000027328
20947  -0.0000130545  -0.0000357746  -0.0000551419   0.0000066703
210 1  -0.0000003482   0.0000278882  -0.0000249341   0.0000153076   0.0000203866
210 2  -0.0000188359  -0.0000079966   0.0000204703  -0.0000004016   0.0001438355
210 3  -0.0000494014   0.0000251662  -0.0000189695  -0.0000938442   0.0001098732
210 4  -0.0000042065   0.0000230151   0.0000363665   0.0000153996   0.0000025995
210 5  -0.0000186936   0.0000030948   0.0000382390   0.0000160494   0.0000335943
210 6   0.0001002458  -0.0004314302  -0.0000580854  -0.0000219694   0.0001189129
210 7  -0.0000134193  -0.0000342361   0.0000413208   0.0000194670  -0.0000191308
210 8   0.0000312926   0.0000059107  -0.0000980986   0.0000149160   0.0000217953
210 9  -0.0001029810   0.0000531500   0.0000159097   0.0000062468  -0.0000000231
21010   0.0000425315   0.0000694633   0.0000710909  -0.0000475783   0.0000079170
21011   0.0000081165  -0.0000139904  -0.0000045125   0.0000130332   0.0000007388
21012  -0.0000035534  -0.0000151347  -0.0000264681   0.0000027612   0.0000411285
21013  -0.0000554187   0.0000377203   0.0001088348  -0.0000440867  -0.0000036296
21014  -0.0000328664  -0.0000075043  -0.0000067579  -0.0000190497   0.0000223781
21015   0.0000161716   0.0000288761  -0.0000149625  -0.0000502274  -0.0000020505
21016   0.0000177155  -0.0000060097   0.0000009713   0.0000670700  -0.0000026919
21017  -0.0000624588  -0.0000332210   0.0000337154  -0.0001280031   0.0000177866
21018   0.0000045146   0.0000026021   0.0000309768  -0.0000042108  -0.0000002500
21019  -0.0000324935   0.0000427269  -0.0000593501  -0.0000389308  -0.0000945574
21020  -0.0000123379   0.0000493202   0.0000448792  -0.0000133105   0.0000814885
21021  -0.0000551498  -0.0000421956  -0.0000795583   0.0000180003  -0.0000574560
21022  -0.0000062676   0.0000785643   0.0000380852  -0.0000046387  -0.0000226073
21023  -0.0000090508  -0.0000215572  -0.0000047204  -0.0000013610   0.0000194371
21024  -0.0000253786  -0.0000150940  -0.0000444692  -0.0000121398  -0.0000394831
21025  -0.0000201292  -0.0000083594   0.0000181016   0.0000886726  -0.0000131898
21026   0.0000201383  -0.0000281937  -0.0000385629   0.0000578467  -0.0000403373
21027   0.0000725483   0.0000367417  -0.0000261417   0.0000069391   0.0000078933
21028   0.0000427799   0.0002035540  -0.0001926826   0.0003380436  -0.0002412435
21029  -0.0001947586  -0.0001484317  -0.0000703631   0.0000546426   0.0000617912
21030  -0.0000409262   0.0000509119   0.0000669947  -0.0001846474  -0.0029606657
21031   0.0004321558   0.0017274624   0.0044189384   0.0025794098   0.0230920926
21032  -0.0365339705  -0.0009053551  -0.0003538015   0.0039672726  -0.0002077253
21033   0.0009405390   0.0076694892  -0.0001989472   0.0000280498   0.0001161215
21034   0.0000106730  -0.0000092098   0.0002943026   0.0000909720   0.0000819391
21035  -0.0005066958   0.0001755582  -0.0000830495  -0.0004690984  -0.0002527013
21036   0.0005308841   0.0034208004   0.0000332902  -0.0000470770   0.0005505970
21037  -0.0000025921  -0.0000028000  -0.0000158039   0.0000011181   0.0000135019
21038  -0.0000074239   0.0000038529  -0.0000019694   0.0000001158   0.0000023973
21039  -0.0000028050   0.0000027300  -0.0000025610  -0.0000087879  -0.0000215086
21040   0.0000247953   0.0000117153  -0.0000600734  -0.0000030072  -0.0000074787
21041  -0.0000116558   0.0000052957   0.0000005400   0.0000128768   0.0000012997
21042  -0.0000018832  -0.0000118322  -0.0023030895  -0.0249800012   0.0259732022
21043   0.0001146594  -0.0004267381  -0.0048957219   0.0000112729   0.0000063773
21044  -0.0000300769   0.0000013220   0.0000107960   0.0000037758  -0.0000355832
21045  -0.0000071398  -0.0000240562   0.0000236893   0.0000190785  -0.0000652560
21046  -0.0000339306  -0.0001123914   0.0000056489   0.0000387778   0.0000531421
21047   0.0000558134   0.0000103178  -0.0000364524  -0.0004926961
211 1  -0.0000030363   0.0000208082  -0.0000060786   0.0000043131   0.0000135731
211 2  -0.0000067285  -0.0000049725   0.0000031875  -0.0000186520   0.0000428168
211 3  -0.0000051985   0.0000249326   0.0000007072   0.0000031510   0.0000728524
211 4  -0.0000077550   0.0000055048   0.0000104645   0.0000092242  -0.0000004483
211 5  -0.0000105721  -0.0000158970   0.0000201007  -0.0000123979   0.0000683031
211 6   0.0000122980   0.0001052095   0.0000027153  -0.0000529669  -0.0001110777
211 7  -0.0000063111  -0.0000062313   0.0000089955   0.0000014561  -0.0000160424
211 8   0.0000012939   0.0000151613  -0.0000261463   0.0000000825  -0.0000296432
211 9   0.0000175454  -0.0000226735   0.0000188648   0.0000266074  -0.0000304541
21110   0.0000202369   0.0000420998   0.0000301040  -0.0000051447   0.0000096686
21111  -0.0000074765  -0.0000154061  -0.0000069395   0.0000082845   0.0000076344
21112   0.0000046928   0.0000124401  -0.0000272366   0.0000035613   0.0000145465
21113  -0.0000407017   0.0000019982   0.0000402155  -0.0000054350  -0.0000095889
21114  -0.0000219447  -0.0000064244  -0.0000104136   0.0000095803   0.0000098064
21115  -0.0000131682   0.0000003798   0.0000057039  -0.0000176152  -0.0000061799
21116  -0.0000020558  -0.0000072716   0.0000037000   0.0000168854  -0.0000153101
21117  -0.0000131277  -0.0000094225   0.0000096725  -0.0000331358   0.0000070110
21118  -0.0000043410  -0.0000018355   0.0000242632   0.0000025576   0.0000016488
21119  -0.0000121867   0.0000326372  -0.0000170100  -0.0000321685   0.0000007133
21120  -0.0000537193   0.0000137602   0.0000209711  -0.0000166410   0.0000428767
21121  -0.0000349835  -0.0000273055  -0.0000303326  -0.0000077971  -0.0000478930
21122  -0.0000067070   0.0000237525  -0.0000010935  -0.0000099335  -0.0000089930
21123   0.0000035050   0.0000010458  -0.0000138357   0.0000178649   0.0000201420
21124  -0.0000145451  -0.0000150289   0.0000068530   0.0000192130  -0.0000395401
21125  -0.0000323615  -0.0000310565  -0.0000033624   0.0001316519  -0.0000377053
21126   0.0000036909  -0.0000103702   0.0000134035   0.0000152039  -0.0000806695
21127   0.0000425750   0.0000098596   0.0000582397   0.0000391316  -0.0000007778
21128  -0.0000142524   0.0000903372  -0.0000412964  -0.0001200887  -0.0001529111
21129   0.0000039722  -0.0000925116   0.0000598892  -0.0000016054   0.0000221453
21130  -0.0000907297   0.0000101092  -0.0011943164   0.0006998219  -0.0000667208
21131  -0.0015260951  -0.0036137728   0.0001009352  -0.0187278235   0.0173962147
21132  -0.0016571466  -0.2293915125   0.1339956130  -0.0153447962   0.0058993434
21133  -0.0032957735   0.0005412370  -0.0011898970   0.0006014784  -0.0000334003
21134  -0.0017534879  -0.0022796339  -0.0001171617   0.0000922723   0.0000388902
21135  -0.0000074520   0.0004840268  -0.0010376686   0.0000711861   0.0000371538
21136  -0.0003357744  -0.0000369655   0.0000343597  -0.0000492856   0.0001236799
21137   0.0000038438   0.0000098237   0.0000078242   0.0000022136   0.0000079430
21138  -0.0000009582   0.0000032774   0.0000004007  -0.0000008062   0.0000014294
21139  -0.0000027019   0.0000008961  -0.0000029323  -0.0000059939  -0.0000076724
21140   0.0000051208  -0.0000024368  -0.0000178930  -0.0000030307   0.0000027816
21141  -0.0000076480   0.0000083760  -0.0000035780   0.0000011055  -0.0000060343
21142   0.0000052911  -0.0000057097   0.0011132027   0.0000280632   0.0001146594
21143   0.2486156597  -0.1397607696   0.0162718404  -0.0011686360  -0.0006157403
21144  -0.0001330386   0.0001130551  -0.0005289792   0.0000720101  -0.0016970376
21145  -0.0010280356   0.0002920527   0.0000196061   0.0000178195  -0.0000009701
21146  -0.0000016754   0.0000180940  -0.0000072326  -0.0000045051   0.0000163721
21147  -0.0000092819   0.0003032497  -0.0002338743   0.0000160987
212 1  -0.0000138725   0.0000173465  -0.0000009214   0.0000094972   0.0000002658
212 2   0.0000049223  -0.0000186691  -0.0000054239   0.0000107571   0.0000038898
212 3  -0.0000259829   0.0000165698   0.0000044826  -0.0000149004   0.0000366475
212 4  -0.0000080252  -0.0000018390   0.0000014144  -0.0000028273  -0.0000083854
212 5  -0.0000018644   0.0000163696  -0.0000018156  -0.0000191949   0.0000208069
212 6   0.0000119209   0.0000177926  -0.0000488478  -0.0000724111   0.0000312452
212 7   0.0000009628  -0.0000026701   0.0000040103   0.0000051406  -0.0000044964
212 8  -0.0000005852  -0.0000196592  -0.0000144011  -0.0000256306  -0.0000143425
212 9  -0.0000048449  -0.0001732660   0.0000116567   0.0000177446  -0.0000041496
21210   0.0000192263   0.0000090090  -0.0000071716  -0.0000007846   0.0000285898
21211   0.0000082882  -0.0000125757   0.0000133607  -0.0000154230  -0.0000027522
21212  -0.0000067179   0.0000058272   0.0000005667   0.0000230734  -0.0000105754
21213   0.0000106363   0.0000012685   0.0000082363  -0.0000009821  -0.0000012497
21214   0.0000226245  -0.0000146921  -0.0000040031   0.0000053934   0.0000079743
21215  -0.0000060378   0.0000132896   0.0000069628  -0.0000016354   0.0000023020
21216   0.0000332075   0.0000026108  -0.0000097095  -0.0000307016   0.0000129983
21217  -0.0000135890  -0.0000369465   0.0000097088  -0.0000252664   0.0000098046
21218   0.0000238762  -0.0000185028   0.0000008535  -0.0000053301  -0.0000207477
21219   0.0000106417  -0.0000009598  -0.0000000511   0.0000083015   0.0000014467
21220   0.0000713711   0.0000002565  -0.0000263121  -0.0000326182  -0.0000092952
21221  -0.0000041944  -0.0000133076  -0.0000155799  -0.0000061013  -0.0000326746
21222   0.0000130532  -0.0000048725   0.0000146904   0.0000051142   0.0000060648
21223  -0.0000033585   0.0000034622   0.0000261502  -0.0000194395  -0.0000014794
21224  -0.0000036418  -0.0000057456   0.0000003579  -0.0000221114   0.0000082882
21225  -0.0000095294  -0.0000288886  -0.0000127562   0.0000003868   0.0000061182
21226  -0.0000427878   0.0000112081   0.0000132006  -0.0000150665   0.0000320946
21227   0.0000124334   0.0000136085  -0.0000163135   0.0000468676   0.0000252375
21228  -0.0000262628  -0.0001785843   0.0000359804  -0.0002952899   0.0000489754
21229  -0.0000745786   0.0000408518   0.0000634964   0.0000063535  -0.0000047500
21230   0.0000176105  -0.0000081289  -0.0002780325   0.0003417216   0.0000569932
21231  -0.0025239638  -0.0005023165   0.0006166151  -0.0118628766   0.0105549446
21232  -0.0010339434   0.1332546177  -0.1538773652   0.0130801797   0.0240560579
21233  -0.0112196641   0.0019287679   0.0008335992   0.0012020101   0.0000261394
21234   0.0003369441  -0.0011016309  -0.0002926260  -0.0000157613  -0.0002014748
21235  -0.0000825704  -0.0021743039  -0.0046713696   0.0003394204  -0.0011568860
21236  -0.0002561045   0.0000849485   0.0000803804   0.0000268873  -0.0000836990
21237  -0.0000005181   0.0000074327   0.0000219130  -0.0000013867  -0.0000002088
21238   0.0000085783  -0.0000002120   0.0000004549  -0.0000002191   0.0000003833
21239   0.0000005686  -0.0000009115   0.0000011532   0.0000031123   0.0000075828
21240  -0.0000050501  -0.0000001019   0.0000169481  -0.0000084939   0.0000026734
21241  -0.0000010074   0.0000082049   0.0000022892  -0.0000035231  -0.0000051663
21242   0.0000022837   0.0000002584   0.0000587812   0.0006882878  -0.0004267381
21243  -0.1397607696   0.1587592696  -0.0142163849  -0.0007666547  -0.0000671416
21244  -0.0006673654  -0.0001393582   0.0005778056  -0.0000013329  -0.0008239826
21245   0.0002565488   0.0007494853  -0.0000813102  -0.0000010877   0.0000088414
21246  -0.0000353000   0.0000389132   0.0000646181  -0.0000173437   0.0000849435
21247  -0.0000601733   0.0013436599  -0.0006080072   0.0001014651
213 1   0.0000083510   0.0000188619   0.0000073318   0.0000004127  -0.0000017040
213 2  -0.0000082900   0.0000007234   0.0000015685  -0.0000168969  -0.0000099071
213 3  -0.0000111133  -0.0000115193   0.0000510399   0.0000539013   0.0000693327
213 4  -0.0000187753   0.0000183537   0.0000156862   0.0000012777   0.0000058202
213 5  -0.0000045846   0.0000177956  -0.0000150414  -0.0000195024   0.0000892112
213 6   0.0000182102   0.0001205499   0.0003368123  -0.0000708147  -0.0007727704
213 7  -0.0000329310   0.0000016314   0.0000360842  -0.0000016310   0.0000027409
213 8  -0.0000016295   0.0000122485  -0.0000121358   0.0000040578  -0.0000290649
213 9  -0.0000485344   0.0000522744  -0.0000254473  -0.0000459679   0.0000342146
21310   0.0000092547   0.0000050120   0.0000020536  -0.0000069852  -0.0000070278
21311   0.0000159449  -0.0000068858  -0.0000042845  -0.0000203708   0.0000043605
21312   0.0000121356  -0.0000003582  -0.0000161607  -0.0000110757  -0.0000073168
21313  -0.0000071855   0.0000018274  -0.0000019615   0.0000036282   0.0000234578
21314  -0.0000136348  -0.0000062932   0.0000069811   0.0000101515   0.0000042456
21315   0.0000085867  -0.0000239819   0.0000177139  -0.0000159993  -0.0000019024
21316   0.0000191228  -0.0000162760  -0.0000071662  -0.0000555838  -0.0000017397
21317  -0.0000387412   0.0000139749  -0.0000027133   0.0000015076   0.0000032655
21318   0.0000020276  -0.0000015313   0.0000283719  -0.0000073184  -0.0000261859
21319  -0.0000342059  -0.0000083414   0.0000317001  -0.0000090637   0.0000446694
21320  -0.0001294687   0.0000095377  -0.0000174164  -0.0000104534  -0.0000072206
21321  -0.0000202330  -0.0000019236   0.0000147836  -0.0000044046   0.0000397724
21322  -0.0000154498  -0.0000151169  -0.0000228126  -0.0000168328  -0.0000026885
21323   0.0000088071  -0.0000073549  -0.0000175448   0.0000319328   0.0000158358
21324   0.0000075082   0.0000054808   0.0000092802   0.0000402898  -0.0000108352
21325  -0.0000725918  -0.0001035076  -0.0000372679   0.0001330978  -0.0000816511
21326  -0.0001540105   0.0000271218   0.0000948555  -0.0000394427   0.0000415981
21327   0.0001628280   0.0000766885  -0.0001640217   0.0000100167   0.0001350250
21328   0.0002007698   0.0000400199  -0.0001059420  -0.0001770323   0.0000610624
21329  -0.0008662286   0.0000056993   0.0000162459  -0.0000383940   0.0000724640
21330  -0.0000951592   0.0000411528   0.0004838697   0.0001024252   0.0009334251
21331  -0.0007029546   0.0011467930   0.0077942210   0.0020419654  -0.0004004428
21332   0.0032584716  -0.0168575237   0.0125746207  -0.0317426751  -0.0011723332
21333   0.0014987060   0.0025381246  -0.0002486242  -0.0000032653  -0.0012611225
21334   0.0000662637  -0.0003391629   0.0000147826   0.0000303733  -0.0000811942
21335  -0.0003435276  -0.0001213045   0.0002665857   0.0032615929  -0.0000642478
21336   0.0000273612  -0.0001962544  -0.0001702133  -0.0001347645  -0.0004188674
21337  -0.0000009958   0.0000352149   0.0000698728   0.0000032496   0.0000074365
21338   0.0000193933   0.0000013434  -0.0000002217  -0.0000000108   0.0000017973
21339  -0.0000018436  -0.0000024216   0.0000013031  -0.0000048553   0.0000187985
21340  -0.0000228142  -0.0000129432   0.0000659075   0.0000017575  -0.0000051248
21341   0.0000060030  -0.0000034240   0.0000003768  -0.0000201394   0.0000040871
21342  -0.0000016873   0.0000167719   0.0001701459  -0.0003214915  -0.0048957219
21343   0.0162718404  -0.0142163849   0.0230265494  -0.0011793270  -0.0004562083
21344  -0.0001835661   0.0000307400  -0.0000755859  -0.0003143387   0.0010436438
21345   0.0004377654   0.0000492083   0.0000051190  -0.0000161296   0.0000026319
21346  -0.0000605649  -0.0001524515  -0.0000005631   0.0000041093   0.0001286089
21347  -0.0000251757   0.0000113444  -0.0000229398  -0.0000159957
214 1   0.0000167873   0.0000094797   0.0000029940  -0.0000162737  -0.0000073624
214 2  -0.0000233935  -0.0000128739   0.0000064398  -0.0000110010   0.0000320410
214 3   0.0000171529  -0.0000042326  -0.0000138670   0.0000043926   0.0000306195
214 4  -0.0000151990   0.0000195681   0.0000074294   0.0000005014   0.0000156853
214 5   0.0000018409  -0.0000120510   0.0000169213   0.0000015900  -0.0000095170
214 6  -0.0000179768   0.0000056503   0.0000422217   0.0000230768   0.0000642313
214 7  -0.0000015928   0.0000055982   0.0000063903   0.0000049556   0.0000144122
214 8  -0.0000019688   0.0000167403   0.0000141419   0.0000191007  -0.0000306533
214 9   0.0000016488   0.0000280687   0.0000614285   0.0000181412  -0.0000068955
21410  -0.0000267208   0.0000039281   0.0000292021   0.0000008205  -0.0000245450
21411  -0.0000174400  -0.0000278747  -0.0000231154   0.0000235745   0.0000261859
21412  -0.0000058369   0.0000668129   0.0000046621  -0.0001434619   0.0001250274
21413   0.0000032681   0.0000130190   0.0000281947  -0.0000038454  -0.0000055653
21414  -0.0000104185  -0.0000064503   0.0000208022  -0.0000153473  -0.0000059122
21415   0.0000192169  -0.0000175716   0.0000207874  -0.0000115937  -0.0000248565
21416  -0.0000309786  -0.0000124917  -0.0000144264   0.0000357100  -0.0000184032
21417  -0.0000181322  -0.0000212025  -0.0000149146  -0.0000203659  -0.0000003487
21418  -0.0000158933  -0.0000035207   0.0000030331   0.0000229436  -0.0000143614
21419  -0.0000225987   0.0000284257  -0.0000259054   0.0000027541  -0.0000007444
21420  -0.0000125215   0.0000329533   0.0000071253   0.0000065229   0.0000206302
21421  -0.0000125653  -0.0000069092  -0.0000046646  -0.0000040150  -0.0000212773
21422  -0.0000237703   0.0000094972  -0.0000712518   0.0000293071  -0.0000191705
21423  -0.0000033988   0.0000329358  -0.0000121902  -0.0000025299  -0.0000685783
21424   0.0000048276   0.0000275871   0.0000287586   0.0000094868  -0.0000113362
21425  -0.0000061890   0.0000111213   0.0000132308   0.0000778800  -0.0000300287
21426   0.0000198833  -0.0000095769   0.0000185373   0.0000101474  -0.0000842582
21427  -0.0000682384   0.0000016244   0.0000976642   0.0000011692  -0.0000217881
21428   0.0000123698   0.0000232946  -0.0000350574  -0.0001546539   0.0000288573
21429   0.0000220151   0.0000421352   0.0000173520   0.0000001217  -0.0000565443
21430  -0.0000142552   0.0000078935   0.0004347072   0.0001185925  -0.0000504268
21431  -0.0002542893  -0.0007148989  -0.0000260211  -0.0002906467  -0.0000995290
21432   0.0003425855   0.0008522205  -0.0008710123   0.0001077102   0.0048808104
21433   0.0025937324  -0.0009490273  -0.0104268727   0.0188738096  -0.0228663874
21434  -0.0449275512  -0.0062155621   0.0079057207  -0.0011396606  -0.0007695918
21435  -0.0022816331  -0.0019473369   0.0002366192   0.0007895825   0.0010955811
21436   0.0009003594   0.0001746298  -0.0002469378   0.0001642357   0.0000108392
21437   0.0000042915  -0.0000061580  -0.0000172338   0.0000052801   0.0000029871
21438  -0.0000082130   0.0000023204   0.0000011270  -0.0000003834   0.0000008358
21439  -0.0000016959   0.0000014066  -0.0000053036  -0.0000073463  -0.0000064781
21440   0.0000027388   0.0000011275  -0.0000125263   0.0000047390  -0.0000008694
21441  -0.0000026734  -0.0000050254  -0.0000043545   0.0000045438   0.0000014696
21442   0.0000024493  -0.0000051930  -0.0000159963  -0.0000035526   0.0000112729
21443  -0.0011686360  -0.0007666547  -0.0011793270   0.0508644139  -0.0037660275
21444  -0.0023916651   0.0017659289  -0.0094306384   0.0206352943   0.0003229601
21445  -0.0013514817  -0.0002900249   0.0001133787   0.0002376519   0.0001944180
21446  -0.0000745138  -0.0000999028  -0.0000047315   0.0001182121   0.0010577914
21447  -0.0000336023   0.0000525458  -0.0000251018  -0.0001863014
215 1  -0.0000173238  -0.0000343123  -0.0000203848   0.0000017787  -0.0000097321
215 2   0.0000061188   0.0000097048   0.0000094625  -0.0000111526  -0.0001003719
215 3   0.0000293467  -0.0000756056   0.0000344366   0.0000748009  -0.0001153093
215 4   0.0000125958  -0.0000056238  -0.0000367915  -0.0000188639  -0.0000083676
215 5   0.0000226316  -0.0000178770  -0.0000555095   0.0000226555   0.0000200488
215 6   0.0000148753   0.0000173507  -0.0000728230   0.0000015124  -0.0000359221
215 7  -0.0000049893   0.0000219772  -0.0000274622  -0.0000007342   0.0000257387
215 8   0.0000086711  -0.0000331098   0.0000482295   0.0000385992   0.0000253400
215 9   0.0000120937  -0.0000675923   0.0000251256  -0.0000593064   0.0002426254
21510  -0.0000554653  -0.0001052850  -0.0000829511   0.0000035747  -0.0000422965
21511  -0.0000058885   0.0000599379   0.0000038060  -0.0000551101  -0.0000194130
21512  -0.0000205358  -0.0000435463   0.0000577401   0.0000329889  -0.0000121889
21513   0.0000651230  -0.0000036805  -0.0001207519   0.0000270560   0.0000294508
21514  -0.0000141136   0.0000199469  -0.0000051656  -0.0000145669   0.0000066491
21515   0.0000270607  -0.0000178782  -0.0000251894   0.0000320456   0.0000318341
21516   0.0000451551   0.0000229637   0.0000021117  -0.0000911023   0.0000244022
21517   0.0000500117   0.0000344663  -0.0000591184   0.0000329091  -0.0000480697
21518  -0.0000133011   0.0000245518   0.0000103199  -0.0000781428   0.0000231082
21519   0.0000096911  -0.0001034411   0.0000754861   0.0001063813   0.0000217654
21520   0.0000654669  -0.0000588154  -0.0000113502   0.0000870229  -0.0000970355
21521   0.0000769298   0.0001073772   0.0000871821   0.0000260013   0.0001601627
21522   0.0000422065  -0.0001175332   0.0001249536   0.0000133723   0.0000376292
21523   0.0000292097  -0.0000160287   0.0000544992   0.0000031876   0.0000083902
21524   0.0000101343   0.0000420599  -0.0000309305   0.0000275515   0.0000909436
21525   0.0000524645   0.0000607972   0.0000034691  -0.0002376452   0.0000951825
21526   0.0000229066   0.0000067845  -0.0000582127  -0.0000030265   0.0001210790
21527  -0.0001032569  -0.0000300242  -0.0000288599  -0.0000235064  -0.0000387779
21528  -0.0000816252  -0.0001642178   0.0001138167   0.0000900105   0.0000687024
21529   0.0000722363   0.0000383477   0.0000150643  -0.0000002797  -0.0000707204
21530   0.0001210707  -0.0000309146  -0.0005831109  -0.0004803915  -0.0001814498
21531   0.0010464925   0.0002457127  -0.0000025162  -0.0011928532  -0.0000597902
21532   0.0000616395   0.0009289046   0.0013995519  -0.0002067027  -0.0039777040
21533  -0.0017840252  -0.0003021668   0.0105145578  -0.0129464115   0.0133620571
21534  -0.0051444548  -0.1002873857   0.1024029332   0.0010433632   0.0002567625
21535   0.0015218032   0.0009548015  -0.0003600153  -0.0000138876  -0.0000592693
21536  -0.0004805306  -0.0001243078  -0.0001173582   0.0002565387  -0.0002326334
21537  -0.0000082399  -0.0000114513  -0.0000124074  -0.0000042783  -0.0000117827
21538  -0.0000015639  -0.0000067191  -0.0000012971   0.0000018837  -0.0000029752
21539   0.0000060946  -0.0000025170   0.0000067826   0.0000116590   0.0000039860
21540  -0.0000031413   0.0000024012   0.0000077304   0.0000013808   0.0000080544
21541   0.0000231904   0.0000069426   0.0000030264   0.0000032152  -0.0000073458
21542  -0.0000001236   0.0000086993  -0.0000138190   0.0000097996   0.0000063773
21543  -0.0006157403  -0.0000671416  -0.0004562083  -0.0037660275   0.1118535740
21544  -0.1149153869   0.0005527015  -0.0067150991   0.0149434344  -0.0000526184
21545   0.0101953798  -0.0168988431   0.0001245681   0.0000225858   0.0000847783
21546   0.0001872611  -0.0000887462   0.0000894629   0.0003259723  -0.0009538984
21547   0.0000943659  -0.0000459884   0.0000327623   0.0000737950
216 1  -0.0000248983   0.0000134023  -0.0000328020   0.0000178681   0.0000271677
216 2  -0.0000085750   0.0000003363   0.0000044766  -0.0000219622   0.0000360969
216 3  -0.0000147931  -0.0000362951  -0.0000176203  -0.0000391189   0.0000313216
216 4   0.0000061285   0.0000041250   0.0000071354  -0.0000090060  -0.0000023655
216 5  -0.0000306921  -0.0000743637   0.0000437735  -0.0000121081   0.0000052958
216 6  -0.0000064855  -0.0000621956  -0.0000139615   0.0000031675   0.0000470363
216 7   0.0000003942  -0.0000365658  -0.0000283541   0.0000139786  -0.0000327054
216 8   0.0000038379   0.0000317419  -0.0000245749  -0.0000219099   0.0000457001
216 9   0.0000387404   0.0000074636  -0.0000623596  -0.0000353097  -0.0001904931
21610   0.0000385535   0.0000670527   0.0000299705  -0.0000140925   0.0000163420
21611  -0.0000092819   0.0000213312  -0.0000371157   0.0000205853   0.0000253458
21612  -0.0000669541   0.0000268215  -0.0000412014   0.0000469945   0.0000084641
21613  -0.0000644407  -0.0000001452   0.0000494277   0.0000091156  -0.0000200703
21614  -0.0000469565  -0.0000045763  -0.0000112392  -0.0000070725   0.0000239006
21615  -0.0000131712   0.0000013056  -0.0000202383  -0.0000255961   0.0000140157
21616  -0.0000053485   0.0000080667   0.0000264058   0.0000565003  -0.0000186421
21617   0.0000349365   0.0000154668   0.0000072829  -0.0000555382  -0.0000015764
21618  -0.0000081348   0.0000279101   0.0000167184  -0.0000266407   0.0000570490
21619   0.0000340538   0.0000254780  -0.0000259603  -0.0000396536  -0.0000774711
21620   0.0000727538  -0.0000160397   0.0000802335   0.0000045723   0.0000684201
21621  -0.0000116360  -0.0000153863  -0.0000569301   0.0000131212  -0.0000730999
21622   0.0000166742   0.0000838091   0.0001290833  -0.0000143098  -0.0000076662
21623   0.0000058312  -0.0000255627   0.0000053855   0.0000059990   0.0001189943
21624  -0.0000356762  -0.0000429659  -0.0000536665   0.0000719238  -0.0001334674
21625   0.0000281120   0.0000573462   0.0000065879   0.0000141900   0.0000637078
21626   0.0001856682  -0.0000461642  -0.0001309408   0.0000757495  -0.0001116748
21627  -0.0000947434  -0.0000674201   0.0001649383   0.0000047909  -0.0000124959
21628  -0.0001118920  -0.0000256467   0.0000202998   0.0000707623  -0.0000051743
21629  -0.0000608414  -0.0000311989  -0.0000439822  -0.0000882916  -0.0000314198
21630   0.0000543333   0.0000370117   0.0001969034   0.0001338218   0.0001304544
21631  -0.0002829759  -0.0000888051  -0.0000201809   0.0006420767  -0.0002905741
21632   0.0000242670  -0.0004028923   0.0003098212   0.0000216320   0.0019334353
21633   0.0012684732   0.0004390720  -0.0069595044   0.0012317754   0.0063605507
21634   0.0053751700   0.1037280179  -0.2326259367   0.0001295381  -0.0004701024
21635  -0.0015085356  -0.0007020970   0.0000552718  -0.0001774457   0.0001796971
21636   0.0001933866   0.0000372533   0.0000910533  -0.0000386136   0.0000870888
21637  -0.0000022520  -0.0000095379  -0.0000492730   0.0000024722   0.0000013987
21638  -0.0000146119   0.0000021041  -0.0000002633  -0.0000004288   0.0000005473
21639  -0.0000016321   0.0000030200   0.0000032533   0.0000021293  -0.0000339978
21640   0.0000332672   0.0000147633  -0.0001176453  -0.0000000748   0.0000018245
21641  -0.0000070112  -0.0000033337  -0.0000009408   0.0000102182   0.0000047566
21642   0.0000017924  -0.0000082637  -0.0000052145   0.0000134754  -0.0000300769
21643  -0.0001330386  -0.0006673654  -0.0001835661  -0.0023916651  -0.1149153869
21644   0.2439769070   0.0003744762  -0.0017166539   0.0013566502   0.0018854488
21645   0.0111146738  -0.0176449425  -0.0000127203   0.0000457198  -0.0000061544
21646   0.0000191706  -0.0000032949   0.0000006139  -0.0000184912   0.0002524542
21647   0.0001367521   0.0000524682  -0.0000537844  -0.0000094869
217 1   0.0000009568   0.0000155263  -0.0000074423  -0.0000031159   0.0000060289
217 2  -0.0000146165  -0.0000116240   0.0000104515  -0.0000180209   0.0000408334
217 3   0.0000035463  -0.0000040727  -0.0000130725  -0.0000128404   0.0000301652
217 4  -0.0000116977   0.0000137593   0.0000089355  -0.0000035481   0.0000006033
217 5  -0.0000093345  -0.0000090501   0.0000194303  -0.0000117389  -0.0000024518
217 6  -0.0000116345  -0.0000009584  -0.0000005143   0.0000167442   0.0000136386
217 7  -0.0000058818  -0.0000083567   0.0000081407   0.0000074638   0.0000004677
217 8  -0.0000026915   0.0000066709  -0.0000072759   0.0000054887   0.0000030279
217 9  -0.0000069320   0.0000376382  -0.0000588885  -0.0000920783  -0.0000115706
21710   0.0000040538   0.0000250095   0.0000284541  -0.0000020743  -0.0000059852
21711  -0.0000110339  -0.0000123071  -0.0000139861   0.0000246518   0.0000288162
21712   0.0000078884  -0.0000071692  -0.0000315327  -0.0000564283   0.0000786108
21713  -0.0000204987   0.0000141610   0.0000428070  -0.0000077673  -0.0000048441
21714  -0.0000105671   0.0000053239  -0.0000068116   0.0000083205  -0.0000034836
21715   0.0000059005  -0.0000095848   0.0000063594  -0.0000139823  -0.0000098671
21716  -0.0000081727  -0.0000053628  -0.0000044107   0.0000314005  -0.0000194543
21717  -0.0000230479  -0.0000141244   0.0000037588  -0.0000266153   0.0000025568
21718  -0.0000087937   0.0000031660   0.0000077493   0.0000031684  -0.0000033107
21719  -0.0000033422   0.0000280483  -0.0000345453  -0.0000203784  -0.0000095262
21720   0.0000041571   0.0000230912   0.0000217596   0.0000037089   0.0000383661
21721  -0.0000142361  -0.0000109253  -0.0000272117  -0.0000202347  -0.0000419089
21722  -0.0000198391   0.0000317347  -0.0000363870   0.0000102463  -0.0000085205
21723  -0.0000020237  -0.0000073974  -0.0000099474   0.0000090038   0.0000017866
21724  -0.0000083668   0.0000142698   0.0000078121   0.0000272375  -0.0000475913
21725  -0.0000162278  -0.0000067110   0.0000024272   0.0000873942  -0.0000266961
21726   0.0000280451  -0.0000126213  -0.0000050758   0.0000223894  -0.0000641135
21727   0.0000318700  -0.0000043008   0.0000072829  -0.0000140455  -0.0000017572
21728   0.0000220637   0.0001422239  -0.0000417049  -0.0000109979  -0.0000170182
21729  -0.0000093985  -0.0000225032  -0.0000170873  -0.0000122512   0.0000120965
21730  -0.0000481673   0.0000109582   0.0002327027   0.0001643959   0.0000530553
21731  -0.0002661561  -0.0001451092  -0.0000351061   0.0003688980  -0.0002276858
21732   0.0000519071  -0.0000473881   0.0004171529  -0.0000758258  -0.0010019987
21733   0.0044426840   0.0002176538  -0.0272895081  -0.0142727691  -0.0001228753
21734  -0.2123365006  -0.1235337647   0.0078669541  -0.0000844159  -0.0031433959
21735  -0.0001843027  -0.0011811314  -0.0008548483  -0.0001320618   0.0000310445
21736   0.0006223722  -0.0000979424  -0.0001080478  -0.0001325044   0.0001042797
21737   0.0000021413   0.0000018818  -0.0000082683   0.0000025042   0.0000059299
21738  -0.0000046727   0.0000023709  -0.0000002312  -0.0000003727   0.0000012235
21739  -0.0000023151   0.0000011484  -0.0000021785  -0.0000056959  -0.0000101566
21740   0.0000094439   0.0000028439  -0.0000272708   0.0000033996  -0.0000032299
21741  -0.0000047915  -0.0000036960  -0.0000022304   0.0000040061   0.0000027713
21742   0.0000002084  -0.0000032307  -0.0000304275  -0.0000075441   0.0000013220
21743   0.0001130551  -0.0001393582   0.0000307400   0.0017659289   0.0005527015
21744   0.0003744762   0.2350845269   0.1328768698  -0.0075647958   0.0032952919
21745   0.0019527557  -0.0004184032   0.0008443341   0.0012590477  -0.0000297315
21746   0.0002898799   0.0000819372   0.0000712677   0.0003907043   0.0001077352
21747  -0.0000169504  -0.0000196863   0.0000332467   0.0000038187
218 1   0.0000091699   0.0000016794   0.0000162164  -0.0000074403  -0.0000110909
218 2  -0.0000003648  -0.0000099517   0.0000001346   0.0000111710   0.0000129494
218 3  -0.0000004360   0.0000141167   0.0000020882   0.0000149377   0.0000033299
218 4  -0.0000059042  -0.0000017198   0.0000040846   0.0000024996   0.0000027110
218 5   0.0000041028   0.0000148334  -0.0000059313  -0.0000026592   0.0000111262
218 6   0.0000023596   0.0000192085  -0.0000008177   0.0000256112   0.0000356146
218 7   0.0000025066   0.0000084644   0.0000093891   0.0000007587   0.0000139510
218 8  -0.0000085358  -0.0000091926   0.0000082389  -0.0000077765  -0.0000353947
218 9  -0.0000132999  -0.0000042145  -0.0000076067   0.0000456081   0.0000188786
21810  -0.0000158949  -0.0000127683   0.0000069292  -0.0000017981  -0.0000058601
21811   0.0000044253  -0.0000164375   0.0000034231   0.0000038533  -0.0000024249
21812   0.0000040057   0.0000047464   0.0000059807  -0.0001273555   0.0000560823
21813   0.0000214318   0.0000045655   0.0000064489  -0.0000073787   0.0000007406
21814   0.0000131958  -0.0000073149   0.0000077466  -0.0000046456  -0.0000149591
21815   0.0000196089  -0.0000194103   0.0000178688   0.0000023159  -0.0000129157
21816  -0.0000002409  -0.0000046854  -0.0000143436  -0.0000068381   0.0000110911
21817  -0.0000189814  -0.0000161734  -0.0000038291  -0.0000002968   0.0000004149
21818  -0.0000019914  -0.0000124914  -0.0000062769   0.0000073484  -0.0000179803
21819  -0.0000059858   0.0000071227  -0.0000127147   0.0000117485   0.0000135258
21820   0.0000167443   0.0000156686  -0.0000229709  -0.0000051298  -0.0000054478
21821  -0.0000025457  -0.0000058033   0.0000028889  -0.0000074486  -0.0000081769
21822  -0.0000100061  -0.0000088589  -0.0000467415   0.0000150246  -0.0000068828
21823  -0.0000060573   0.0000213900   0.0000046904  -0.0000221034  -0.0000516297
21824   0.0000037815   0.0000120992   0.0000230438  -0.0000146097   0.0000221166
21825  -0.0000041580  -0.0000122777  -0.0000017201   0.0000125051  -0.0000146935
21826  -0.0000206879   0.0000083965   0.0000212242  -0.0000105897   0.0000163470
21827   0.0000359896  -0.0000000707  -0.0000261476   0.0000116968   0.0000077358
21828   0.0000507578  -0.0000095088  -0.0000028911  -0.0000212711  -0.0000027512
21829   0.0000086417  -0.0000057645   0.0000068020   0.0000175530   0.0000200809
21830  -0.0000239615  -0.0000079267  -0.0000219696   0.0000761820  -0.0000130403
21831  -0.0001335122  -0.0000571478  -0.0000071853   0.0000030546   0.0004245625
21832  -0.0000500634  -0.0001281199  -0.0011284730  -0.0000065714   0.0023419164
21833  -0.0028911934   0.0002214219   0.0198759073   0.0086966962  -0.0004525374
21834  -0.1375880094  -0.1444206406   0.0061815725   0.0039691916   0.0001267962
21835   0.0001297288   0.0010757910   0.0006274320   0.0000945483   0.0000068959
21836  -0.0001894001   0.0000974356   0.0000538479  -0.0000132046   0.0000104834
21837  -0.0000002904   0.0000014587   0.0000060764  -0.0000007686   0.0000002570
21838   0.0000022726   0.0000003938   0.0000005890  -0.0000002477  -0.0000002043
21839  -0.0000006527  -0.0000004193  -0.0000003030  -0.0000012632   0.0000058047
21840  -0.0000042502  -0.0000023967   0.0000150154  -0.0000017603  -0.0000002564
21841  -0.0000016592   0.0000012213   0.0000003058  -0.0000015429  -0.0000010607
21842  -0.0000003290  -0.0000008000   0.0000083410   0.0000018054   0.0000107960
21843  -0.0005289792   0.0005778056  -0.0000755859  -0.0094306384  -0.0067150991
21844  -0.0017166539   0.1328768698   0.1547976409  -0.0074904878  -0.0135309182
21845  -0.0089338006   0.0029922018   0.0009030339  -0.0008532749   0.0000519537
21846  -0.0000131408  -0.0001435990   0.0000132534   0.0002965443  -0.0000108347
21847  -0.0000337745  -0.0000261076   0.0000561366  -0.0000234508
219 1   0.0000145316   0.0000013734   0.0000156745  -0.0000225507  -0.0000146331
219 2  -0.0000155889  -0.0000234975   0.0000047410   0.0000119831   0.0000286702
219 3   0.0000060966   0.0000161282  -0.0000026633   0.0000149172   0.0000067641
219 4  -0.0000083851  -0.0000006514   0.0000077775   0.0000010744   0.0000135531
219 5   0.0000020057   0.0000108959  -0.0000042807  -0.0000046674   0.0000084477
219 6  -0.0000046712   0.0000073730   0.0000306049   0.0000433371   0.0000828933
219 7   0.0000152457   0.0000187113   0.0000141262  -0.0000060315   0.0000310718
219 8  -0.0000150834   0.0000092058   0.0000175162   0.0000039121  -0.0000525757
219 9  -0.0000216542   0.0000247597   0.0000000818  -0.0000642812  -0.0001427345
21910  -0.0000346755  -0.0000276598   0.0000253855  -0.0000015066  -0.0000158478
21911   0.0000091203  -0.0000277524  -0.0000038909   0.0000122130   0.0000484144
21912  -0.0000171522   0.0000437437   0.0000131988  -0.0001423124   0.0001373429
21913   0.0000396221   0.0000101312   0.0000208470  -0.0000072956  -0.0000037821
21914   0.0000194142  -0.0000112788   0.0000100430   0.0000004142  -0.0000168006
21915   0.0000070097   0.0000068046   0.0000258948  -0.0000002300  -0.0000298450
21916  -0.0000139436  -0.0000068415  -0.0000322735  -0.0000031140   0.0000208927
21917  -0.0000359405  -0.0000269287  -0.0000128112  -0.0000157836   0.0000008460
21918  -0.0000045536  -0.0000237703  -0.0000090443   0.0000215841  -0.0000301883
21919  -0.0000207486   0.0000177253  -0.0000252976   0.0000147658   0.0000193689
21920   0.0000123754   0.0000324418  -0.0000282745   0.0000047200  -0.0000067574
21921  -0.0000073145  -0.0000118646   0.0000051438  -0.0000040594  -0.0000125791
21922  -0.0000176985  -0.0000071270  -0.0000892707   0.0000343088  -0.0000099652
21923  -0.0000050060   0.0000561596   0.0000146885  -0.0000326837  -0.0001015280
21924   0.0000155624   0.0000273980   0.0000250875  -0.0000046497  -0.0000131051
21925  -0.0000183668  -0.0000135182   0.0000080502   0.0000862437  -0.0000530277
21926  -0.0000118828   0.0000032382   0.0000454097  -0.0000042434  -0.0000517847
21927   0.0000561874  -0.0000014999   0.0000258982   0.0000024147   0.0000003668
21928   0.0000158722   0.0000584102  -0.0000253522   0.0000126407  -0.0000250818
21929  -0.0000048758  -0.0000317734  -0.0000072250   0.0000142199   0.0000360325
21930  -0.0000610895  -0.0000072967   0.0000554768   0.0000751698   0.0000269574
21931  -0.0001547616  -0.0000384478  -0.0000155925   0.0001263505  -0.0000088105
21932   0.0001338734  -0.0002440958  -0.0000605543   0.0001737388  -0.0001731921
21933   0.0005767413   0.0003236065  -0.0035353356  -0.0021806697  -0.0021648893
21934   0.0095235419   0.0071098579  -0.0437786535  -0.0000115608  -0.0001021551
21935   0.0005151971  -0.0002437366  -0.0000784349   0.0003932001  -0.0000230952
21936   0.0001092859  -0.0000103659  -0.0000108390  -0.0000511870   0.0000374583
21937   0.0000033433   0.0000022779  -0.0000022356   0.0000002790   0.0000049275
21938  -0.0000030593   0.0000025807  -0.0000004952   0.0000009665   0.0000019407
21939  -0.0000014774   0.0000013701  -0.0000051528  -0.0000078900   0.0000028602
21940  -0.0000052336  -0.0000078978   0.0000122259   0.0000001524  -0.0000033297
21941  -0.0000024249  -0.0000029911  -0.0000005880  -0.0000004415   0.0000009764
21942  -0.0000008100   0.0000005099  -0.0000059756  -0.0000057069   0.0000037758
21943   0.0000720101  -0.0000013329  -0.0003143387   0.0206352943   0.0149434344
21944   0.0013566502  -0.0075647958  -0.0074904878   0.0405296324  -0.0184778234
21945  -0.0124497865   0.0023301711  -0.0000903201  -0.0001120800   0.0005198219
21946   0.0001509027   0.0000934925   0.0000079247  -0.0001167908  -0.0001922291
21947  -0.0000306693   0.0000149852  -0.0000049765   0.0000077499
220 1  -0.0000074094   0.0000172723  -0.0000716841   0.0000113386   0.0000313604
220 2  -0.0000292631   0.0000053603   0.0000110167  -0.0000223063   0.0000319227
220 3   0.0000151968   0.0000113525  -0.0000200818  -0.0000680575   0.0001268578
220 4  -0.0000016125   0.0000170551  -0.0000302459  -0.0000107033   0.0000039521
220 5  -0.0000372729  -0.0000485884   0.0000618360   0.0000082681  -0.0000401126
220 6  -0.0000149262  -0.0000014241  -0.0008076198  -0.0000083375   0.0003751361
220 7  -0.0000123205  -0.0000429266  -0.0000511709   0.0000091761  -0.0000344898
220 8   0.0000068668   0.0000364508  -0.0000200274  -0.0000153284   0.0000902240
220 9   0.0000062709   0.0001245827  -0.0011068259   0.0007465350  -0.0000171347
22010   0.0000483198   0.0000898963  -0.0000004752  -0.0000221048   0.0000102309
22011  -0.0000482912   0.0000000801  -0.0000436349   0.0000312716   0.0000040021
22012  -0.0000017542   0.0000107497  -0.0000614609   0.0000564617   0.0000316898
22013  -0.0001029418   0.0000099418   0.0000151875  -0.0000096245  -0.0000174870
22014  -0.0000825844   0.0000052515  -0.0000099487  -0.0000028491   0.0000148755
22015   0.0000066023   0.0000216044  -0.0000109106  -0.0000470486  -0.0000328961
22016  -0.0000408386  -0.0000197068   0.0000280223   0.0001443282  -0.0000682912
22017   0.0000363116   0.0000268873   0.0000229112  -0.0000038639   0.0000282868
22018  -0.0000302910  -0.0000047603   0.0000269585   0.0000114729   0.0000251460
22019   0.0000231039   0.0000444818  -0.0000132820  -0.0000548556  -0.0000799910
22020  -0.0000182210   0.0000232421   0.0000791175  -0.0000482982   0.0001184336
22021  -0.0000470659  -0.0000495961  -0.0000626160  -0.0000080034  -0.0000414764
22022  -0.0000062402   0.0000840332   0.0000549912  -0.0000087081  -0.0000312240
22023  -0.0000408719  -0.0000357651  -0.0000519990   0.0000159413   0.0001064034
22024  -0.0000368291  -0.0000138290  -0.0000145865   0.0000270098  -0.0000255507
22025   0.0000026295   0.0000398984   0.0000006876   0.0000571554   0.0000284078
22026   0.0001101080  -0.0000473425  -0.0000808029   0.0000611011  -0.0001099452
22027  -0.0000852641  -0.0000236388   0.0001197989  -0.0000029194  -0.0000081650
22028  -0.0000302963   0.0000947705  -0.0000253294   0.0000038813  -0.0000174882
22029  -0.0000920299  -0.0000189551  -0.0000299499  -0.0000976272  -0.0000566009
22030   0.0000166640   0.0000393087   0.0002904474   0.0001933857   0.0002357073
22031  -0.0001250306  -0.0006899717   0.0000275918  -0.0002810803  -0.0001082738
22032  -0.0002080547   0.0000531294  -0.0008404455   0.0002066010   0.0046855837
22033   0.0020949367   0.0005344007  -0.0103301200   0.0232338276   0.0169767775
22034  -0.0437007465   0.0020142700   0.0039004001  -0.0023611520  -0.0006087602
22035   0.0019716615  -0.0016688240   0.0001846938  -0.0006825889   0.0010215726
22036   0.0008297992  -0.0002011035  -0.0001829010   0.0001103651   0.0000944695
22037   0.0000003468  -0.0000097531  -0.0000367456   0.0000058569   0.0000048132
22038  -0.0000153627   0.0000024680   0.0000003389  -0.0000006041   0.0000004636
22039  -0.0000015873   0.0000034178  -0.0000013201  -0.0000029339  -0.0000331892
22040   0.0000299979   0.0000166170  -0.0000919314   0.0000049012   0.0000007141
22041  -0.0000048338  -0.0000029489  -0.0000040528   0.0000129662   0.0000042201
22042   0.0000018372   0.0000004626   0.0000157623   0.0000033058  -0.0000355832
22043  -0.0016970376  -0.0008239826   0.0010436438   0.0003229601  -0.0000526184
22044   0.0018854488   0.0032952919  -0.0135309182  -0.0184778234   0.0519167135
22045  -0.0138358586  -0.0074654741   0.0003078870   0.0001614603  -0.0001892383
22046   0.0001557545   0.0010713185   0.0001372679   0.0000122591  -0.0000273499
22047   0.0001022112   0.0000365016  -0.0000191082   0.0001237866
221 1  -0.0000329314  -0.0000354363  -0.0000676644   0.0000398623   0.0000072314
221 2  -0.0000055369   0.0000224618   0.0000073427  -0.0000582418  -0.0000697089
221 3   0.0000074144  -0.0001576864   0.0000293864   0.0000449528  -0.0001249926
221 4   0.0000219945   0.0000032977  -0.0000276679  -0.0000312332  -0.0000243988
221 5  -0.0000063583  -0.0001023024  -0.0000108484   0.0000031970   0.0000099584
221 6  -0.0000081829  -0.0000634652   0.0000726556  -0.0000401577   0.0003444742
221 7  -0.0000166545  -0.0000354956  -0.0000436729   0.0000157696  -0.0000172042
221 8   0.0000299044   0.0000050361   0.0000210590   0.0000241570   0.0000398206
221 9   0.0000985881  -0.0000883254   0.0005805148  -0.0008812548   0.0007690483
22110  -0.0000109679  -0.0000284849  -0.0000326059  -0.0000139049  -0.0000406046
22111   0.0000003012   0.0000869755  -0.0000345546  -0.0000210301  -0.0000181441
22112  -0.0000375857  -0.0000631898   0.0000074344   0.0001735014  -0.0000937913
22113  -0.0000220728  -0.0000126922  -0.0000458567   0.0000345094   0.0000146173
22114  -0.0000474346   0.0000214581  -0.0000089004  -0.0000150206   0.0000365963
22115   0.0000257834  -0.0000071403  -0.0000677752   0.0000022176   0.0000668445
22116   0.0000214525   0.0000301273   0.0000458997  -0.0000076575   0.0000011667
22117   0.0001069821   0.0000685251  -0.0000332961  -0.0000237868  -0.0000515974
22118  -0.0000178874   0.0000861039   0.0000247361  -0.0000863700   0.0000912074
22119   0.0000299283  -0.0000685401   0.0000534354   0.0000830822  -0.0000880951
22120   0.0001222331  -0.0000767424   0.0000931156   0.0001141370  -0.0000283488
22121   0.0000711236   0.0001001677   0.0000080681   0.0000614758   0.0001067906
22122   0.0001180826  -0.0000517447   0.0003316617  -0.0000156984   0.0000319451
22123   0.0000569670  -0.0000808159   0.0000428174   0.0000435016   0.0001450949
22124  -0.0000239344  -0.0000080318  -0.0001112531   0.0000884827  -0.0000078740
22125   0.0000946913   0.0001307347   0.0000168824  -0.0002840434   0.0001783055
22126   0.0002197973  -0.0000432635  -0.0002193721   0.0000758970   0.0000706463
22127  -0.0001784038  -0.0000936464   0.0000709222  -0.0000248721  -0.0000636111
22128  -0.0001567208  -0.0001525515   0.0000878179   0.0002948640   0.0000229578
22129  -0.0000195477  -0.0000472340  -0.0000479611  -0.0001293524  -0.0000894796
22130   0.0001725937   0.0000137073  -0.0007053131  -0.0003822173   0.0000325089
22131   0.0010688301   0.0001750386   0.0000360229  -0.0012601507   0.0000934344
22132  -0.0001942458   0.0002280072   0.0008870955   0.0004691239  -0.0042157696
22133  -0.0019314949  -0.0001385843   0.0103225476  -0.0164710202  -0.0088755926
22134   0.0044474282  -0.1413587353  -0.1182088918   0.0020209317  -0.0000848363
22135  -0.0018344928   0.0009046294  -0.0003338376   0.0003882109  -0.0001295244
22136  -0.0003983994   0.0000131964  -0.0000722751   0.0002688887  -0.0001601524
22137  -0.0000146353  -0.0000278269  -0.0000681748  -0.0000030557  -0.0000128528
22138  -0.0000174924  -0.0000058816  -0.0000021997   0.0000014328  -0.0000037245
22139   0.0000048417   0.0000009665   0.0000145876   0.0000157083  -0.0000316172
22140   0.0000368741   0.0000233963  -0.0001157816   0.0000000034   0.0000123660
22141   0.0000170890   0.0000092093   0.0000020998   0.0000150752  -0.0000043324
22142  -0.0000003249   0.0000054090   0.0000148743   0.0000156164  -0.0000071398
22143  -0.0010280356   0.0002565488   0.0004377654  -0.0013514817   0.0101953798
22144   0.0111146738   0.0019527557  -0.0089338006  -0.0124497865  -0.0138358586
22145   0.1598617217   0.1280222614   0.0003854529   0.0001244300   0.0000862111
22146   0.0004646801  -0.0010669786  -0.0000541053   0.0001589874  -0.0000922512
22147   0.0000111214  -0.0000757377   0.0000381876  -0.0000905958
222 1  -0.0000040383  -0.0000486928  -0.0000438822  -0.0000185877   0.0000311119
222 2  -0.0000385731   0.0000876223  -0.0000100825   0.0000216216  -0.0000821524
222 3   0.0000180970  -0.0000867290   0.0000334396  -0.0000610120  -0.0000326039
222 4   0.0000505982   0.0000218695  -0.0000309702  -0.0000200611   0.0000396867
222 5  -0.0000552333  -0.0001995642   0.0000520339   0.0000484052  -0.0001046024
222 6  -0.0000558584  -0.0001202226   0.0002432841   0.0003180446   0.0007352886
222 7  -0.0000062990  -0.0001441538  -0.0001393496   0.0000535697  -0.0000341377
222 8  -0.0000196221   0.0001283724   0.0000444633   0.0000369082   0.0000695759
222 9   0.0001952233   0.0001295637  -0.0004718485  -0.0001452345   0.0000112849
22210   0.0000671798   0.0001209693   0.0000000791  -0.0000156731  -0.0000343253
22211  -0.0000021892   0.0000797340  -0.0001278669   0.0000711086   0.0000330293
22212  -0.0000759447   0.0000186395  -0.0000589446   0.0000594673   0.0000551605
22213  -0.0000838565  -0.0000237895  -0.0000426868   0.0000492410  -0.0000256572
22214  -0.0001034404   0.0000213616   0.0000156474  -0.0000561155   0.0000160450
22215   0.0000215889  -0.0000309912  -0.0000635547  -0.0000256504  -0.0000160349
22216  -0.0001468784   0.0000189562   0.0000699597   0.0002401957  -0.0000198568
22217   0.0001786748   0.0000588554  -0.0000036697  -0.0000625436  -0.0000426421
22218  -0.0000565799   0.0000912092  -0.0000293574  -0.0000154336   0.0001851330
22219   0.0000731202  -0.0000120927   0.0000099862   0.0000061161  -0.0001822443
22220   0.0001457683  -0.0000633633   0.0001965348   0.0000514249   0.0001317391
22221   0.0000134231   0.0000121325  -0.0000595593   0.0000724484   0.0000300581
22222   0.0000469750   0.0000929090   0.0001772867  -0.0000671042  -0.0000182040
22223   0.0000216271  -0.0000002013  -0.0000346421  -0.0000351321   0.0001862116
22224  -0.0000207493  -0.0000345908  -0.0000497287   0.0001146070  -0.0001399852
22225   0.0000752306   0.0001589780   0.0000116446  -0.0001003970   0.0002238143
22226   0.0004934683  -0.0001261429  -0.0003987288   0.0002082435  -0.0001258993
22227  -0.0001149094  -0.0002355689   0.0002400469  -0.0000366591  -0.0000833563
22228  -0.0001699144   0.0000064293   0.0001728918   0.0003012650   0.0000941008
22229  -0.0000241059  -0.0001848221  -0.0001233261  -0.0001926565  -0.0000431728
22230   0.0000951469   0.0000367974  -0.0002800456   0.0001759296  -0.0000172333
22231   0.0002388096  -0.0003715364   0.0000964465  -0.0005726633   0.0003839412
22232   0.0000895634   0.0000596197  -0.0011198682  -0.0002046822  -0.0003927424
22233  -0.0010210526  -0.0001506830   0.0035697445   0.0033789242   0.0095943722
22234   0.0060173291  -0.1189030120  -0.1859773415  -0.0006241624   0.0016144068
22235  -0.0011231995  -0.0001605762   0.0001710796  -0.0000356675   0.0001552312
22236   0.0003704513  -0.0000909018  -0.0001011220  -0.0000074760   0.0000631035
22237  -0.0000117392  -0.0000211482  -0.0001097754  -0.0000070336   0.0000031163
22238  -0.0000421387  -0.0000009378  -0.0000035549   0.0000065391  -0.0000021032
22239   0.0000010613   0.0000115583   0.0000164089   0.0000136397  -0.0000971102
22240   0.0000989252   0.0000441463  -0.0003055350   0.0000003975   0.0000087399
22241   0.0000100107   0.0000051644  -0.0000060585   0.0000404348   0.0000033361
22242   0.0000017039  -0.0000074907   0.0000130655   0.0000039670  -0.0000240562
22243   0.0002920527   0.0007494853   0.0000492083  -0.0002900249  -0.0168988431
22244  -0.0176449425  -0.0004184032   0.0029922018   0.0023301711  -0.0074654741
22245   0.1280222614   0.1919633811  -0.0000756866   0.0000258907  -0.0000347526
22246   0.0000127437   0.0000637478   0.0000990797   0.0000199652   0.0001204736
22247   0.0001332829  -0.0000545216   0.0000313324  -0.0000194243
223 1   0.0000037707   0.0000138197  -0.0000000300  -0.0000022848   0.0000079088
223 2   0.0000038389  -0.0000147396   0.0000120002   0.0000077645   0.0000369514
223 3   0.0000015060   0.0000180781  -0.0000097295  -0.0000155116   0.0000370448
223 4  -0.0000051336  -0.0000009237   0.0000175556  -0.0000033012  -0.0000005156
223 5  -0.0000018597  -0.0000052208   0.0000215287  -0.0000054152  -0.0000057180
223 6  -0.0000088384   0.0000007125   0.0000043886  -0.0000010486   0.0000227165
223 7   0.0000098328  -0.0000208646   0.0000090799   0.0000044595  -0.0000024474
223 8   0.0000008086   0.0000260286  -0.0000066137   0.0000136830  -0.0000350747
223 9  -0.0000323227   0.0000378020  -0.0000069195   0.0000210267   0.0000542729
22310   0.0000211858   0.0000279886   0.0000330770  -0.0000058051   0.0000043961
22311  -0.0000016200  -0.0000575419  -0.0000240306   0.0000160959   0.0001967091
22312  -0.0000072420   0.0002173373  -0.0000092231  -0.0000112762   0.0000937439
22313  -0.0000147957   0.0000066872   0.0000412568  -0.0000079499  -0.0000068247
22314  -0.0000043800   0.0000061070   0.0000043312   0.0000145765  -0.0000190682
22315  -0.0000119267   0.0000370851   0.0000066765  -0.0000147894  -0.0000179452
22316  -0.0000165905  -0.0000053008  -0.0000061202   0.0000365173  -0.0000031204
22317  -0.0000199909  -0.0000141831   0.0000104798  -0.0000209026   0.0000060229
22318  -0.0000111168  -0.0000093758   0.0000032235   0.0000113334  -0.0000048808
22319   0.0000037003   0.0000296462  -0.0000353490  -0.0000307047  -0.0000143323
22320   0.0000030756   0.0000303344   0.0000117406  -0.0000257716   0.0000324381
22321  -0.0000181156  -0.0000359349  -0.0000492899  -0.0000130359  -0.0000561000
22322   0.0000076109   0.0000402854  -0.0000106047   0.0000045425  -0.0000190309
22323  -0.0000153306   0.0000150867  -0.0000126266  -0.0000208311  -0.0000022284
22324  -0.0000099313   0.0000074608  -0.0000178730   0.0000090800  -0.0001205412
22325  -0.0000192252  -0.0000079906   0.0000035343   0.0000967275  -0.0000310490
22326   0.0000359262  -0.0000156844  -0.0000062071   0.0000224009  -0.0000549185
22327   0.0000659519  -0.0000124673   0.0000061508  -0.0000093940   0.0000080857
22328   0.0000609561   0.0001763329  -0.0000476370   0.0000883778  -0.0000607614
22329  -0.0000182970  -0.0000726513  -0.0000347203  -0.0000156550   0.0000363110
22330  -0.0000763868   0.0000120096   0.0000770293   0.0001251008   0.0000728168
22331  -0.0002332163  -0.0001867328  -0.0000170671   0.0001523404  -0.0001194862
22332   0.0000391795  -0.0000033782   0.0000871337  -0.0001761524   0.0010778061
22333   0.0006305464   0.0000768308  -0.0025568521   0.0003774790   0.0000190119
22334   0.0003817921   0.0035059356   0.0002668400  -0.2992767769  -0.0671695768
22335  -0.0110045154  -0.0005373668   0.0002455752  -0.0001851358   0.0003595236
22336   0.0000847419  -0.0000671827  -0.0000330157  -0.0000764382   0.0001059553
22337   0.0000031428   0.0000025520  -0.0000085620   0.0000015820   0.0000067818
22338  -0.0000054032   0.0000026275   0.0000000878   0.0000000842   0.0000007129
22339  -0.0000031903   0.0000019808  -0.0000010756  -0.0000062411  -0.0000115473
22340   0.0000111324   0.0000004598  -0.0000288410   0.0000044781  -0.0000036295
22341  -0.0000053256  -0.0000032784  -0.0000015516   0.0000034726   0.0000029841
22342  -0.0000009685  -0.0000034646  -0.0000084727   0.0000082015   0.0000236893
22343   0.0000196061  -0.0000813102   0.0000051190   0.0001133787   0.0001245681
22344  -0.0000127203   0.0008443341   0.0009030339  -0.0000903201   0.0003078870
22345   0.0003854529  -0.0000756866   0.3167047114   0.0663018657   0.0116950032
22346  -0.0093627226  -0.0023225470  -0.0021932795  -0.0084109675  -0.0023457376
22347   0.0011881559   0.0001137985  -0.0004498540   0.0001250813
224 1  -0.0000044993   0.0000120079  -0.0000006539  -0.0000030901  -0.0000041808
224 2  -0.0000205599  -0.0000150798  -0.0000062782  -0.0000153088   0.0000182706
224 3   0.0000000847  -0.0000040427  -0.0000174486  -0.0000131187   0.0000123816
224 4  -0.0000091905   0.0000192862  -0.0000008827   0.0000030436   0.0000113854
224 5  -0.0000120540  -0.0000068016   0.0000114209  -0.0000107010  -0.0000002643
224 6  -0.0000036320  -0.0000003287   0.0000073586   0.0000013804   0.0000100084
224 7  -0.0000055102   0.0000255552  -0.0000062845  -0.0000008924   0.0000020933
224 8  -0.0000044419  -0.0000138649  -0.0000098450  -0.0000193990   0.0000237798
224 9   0.0000079903   0.0000256197  -0.0000476789   0.0000099906   0.0000909056
22410  -0.0000161811   0.0000091351   0.0000103077   0.0000074759   0.0000031760
22411  -0.0000136840   0.0000219005   0.0000157330   0.0000171379   0.0000426635
22412  -0.0000396744  -0.0000904889   0.0000030018  -0.0001637907  -0.0000810063
22413  -0.0000060678   0.0000053459   0.0000145226   0.0000095597  -0.0000040735
22414  -0.0000023348  -0.0000036157  -0.0000182387   0.0000033000  -0.0000094342
22415   0.0000197887  -0.0000469355   0.0000052672   0.0000000836   0.0000075134
22416  -0.0000050945  -0.0000033978   0.0000042794   0.0000059586  -0.0000139035
22417  -0.0000090969  -0.0000107283  -0.0000062549  -0.0000058567   0.0000057293
22418   0.0000146762   0.0000065237   0.0000002019   0.0000090987   0.0000031801
22419  -0.0000106264   0.0000191666  -0.0000071230  -0.0000100911  -0.0000047347
22420   0.0000015485   0.0000001370   0.0000107164   0.0000169392   0.0000156535
22421  -0.0000088624   0.0000065520   0.0000043565  -0.0000106928  -0.0000257210
22422  -0.0000127422  -0.0000029514  -0.0000337448   0.0000178133   0.0000034822
22423   0.0000046404   0.0000115841  -0.0000023949   0.0000127325  -0.0000318769
22424  -0.0000098844  -0.0000051707   0.0000168852   0.0000119698   0.0000262446
22425  -0.0000025525  -0.0000058332  -0.0000002931   0.0000262780  -0.0000100084
22426  -0.0000051006   0.0000025989   0.0000119144  -0.0000012168  -0.0000208089
22427  -0.0000039349   0.0000020339   0.0000080133   0.0000121255   0.0000015276
22428  -0.0000135497  -0.0000195639   0.0000015538  -0.0000879363   0.0000294501
22429  -0.0000170389   0.0000239431   0.0000159350   0.0000098035   0.0000004596
22430  -0.0000011994  -0.0000003419   0.0001740838   0.0001620920   0.0000215215
22431  -0.0000655971  -0.0001232637  -0.0000496144   0.0004310000  -0.0004913315
22432   0.0000935295  -0.0018529450  -0.0003890550  -0.0001814065   0.0025893413
22433  -0.0052346199   0.0000485093  -0.0336966614  -0.0150838728  -0.0021552711
22434  -0.0034863350  -0.0002753615  -0.0001151990  -0.0530850861  -0.0588893910
22435  -0.0028855525   0.0008784851  -0.0005184146   0.0002301202  -0.0001954752
22436   0.0005365219  -0.0000217912  -0.0000542200  -0.0000492270   0.0000322452
22437  -0.0000004173   0.0000005158   0.0000004052   0.0000004961   0.0000007778
22438   0.0000004242   0.0000010552   0.0000002920  -0.0000005470   0.0000009145
22439  -0.0000001214  -0.0000000144  -0.0000020636  -0.0000015781   0.0000016486
22440  -0.0000014007   0.0000009962   0.0000001928  -0.0000032770  -0.0000006930
22441  -0.0000032132   0.0000003576  -0.0000006992   0.0000007884   0.0000005642
22442   0.0000012341  -0.0000016630  -0.0001248001  -0.0000279886   0.0000190785
22443   0.0000178195  -0.0000010877  -0.0000161296   0.0002376519   0.0000225858
22444   0.0000457198   0.0012590477  -0.0008532749  -0.0001120800   0.0001614603
22445   0.0001244300   0.0000258907   0.0663018657   0.0738693696   0.0039672930
22446   0.0091368797   0.0030307710   0.0022306680   0.0115686146   0.0037270767
22447  -0.0009673073  -0.0001076660   0.0005367737  -0.0000576905
225 1   0.0000146372   0.0000157884  -0.0000017874  -0.0000129260   0.0000070300
225 2   0.0000054276  -0.0000290029   0.0000291609   0.0000015985   0.0000327439
225 3   0.0000200353   0.0000015806  -0.0000053768  -0.0000007322   0.0000265544
225 4  -0.0000138245   0.0000028170   0.0000172043  -0.0000144277  -0.0000028530
225 5   0.0000074704  -0.0000059613   0.0000148209  -0.0000013106  -0.0000130120
225 6  -0.0000068075   0.0000013477   0.0000095683   0.0000137003   0.0000018424
225 7   0.0000043679  -0.0000171453   0.0000262306   0.0000092745   0.0000239769
225 8  -0.0000036522   0.0000327361   0.0000051777   0.0000252463  -0.0000410431
225 9  -0.0000558559   0.0000178197  -0.0000292970   0.0000967093   0.0002044812
22510  -0.0000015917  -0.0000102329   0.0000226517  -0.0000233350  -0.0000261538
22511  -0.0000117524  -0.0000814546  -0.0000344645  -0.0000190511  -0.0000135020
22512  -0.0000225587   0.0002995771   0.0001329182  -0.0001538010   0.0000261181
22513   0.0000230841   0.0000235369   0.0000335374  -0.0000149982  -0.0000043741
22514  -0.0000086291  -0.0000000836   0.0000237781  -0.0000344438   0.0000072000
22515  -0.0000252932   0.0000757875   0.0000071543  -0.0000099368  -0.0000381649
22516  -0.0000266505  -0.0000086066  -0.0000210135   0.0000267195  -0.0000012147
22517  -0.0000256656  -0.0000175382   0.0000055849  -0.0000146959  -0.0000070333
22518  -0.0000382793  -0.0000162299   0.0000016626   0.0000120996  -0.0000266179
22519   0.0000027842   0.0000022726  -0.0000354243  -0.0000047078  -0.0000031882
22520   0.0000013234   0.0000518628  -0.0000006260  -0.0000082687   0.0000045900
22521  -0.0000061775  -0.0000237922  -0.0000242444  -0.0000074670  -0.0000089901
22522   0.0000128417   0.0000164649  -0.0000138146   0.0000241858  -0.0000234522
22523  -0.0000147448   0.0000063977  -0.0000070956  -0.0000275419   0.0000070878
22524  -0.0000025282   0.0000782796  -0.0000265715   0.0000452663  -0.0001270878
22525  -0.0000150753   0.0000060981   0.0000152428   0.0001015993  -0.0000400748
22526   0.0000321498  -0.0000135724   0.0000091681   0.0000190572  -0.0000853527
22527   0.0000341783  -0.0000040891   0.0000524326   0.0000088897  -0.0000041732
22528  -0.0000019258   0.0001083175  -0.0000290590   0.0000900397  -0.0000568646
22529  -0.0000005484  -0.0000539374  -0.0000267461  -0.0000299211   0.0000238747
22530  -0.0000526216   0.0000099745   0.0000575307   0.0001221617   0.0000380468
22531  -0.0002141576  -0.0000722853   0.0000179377   0.0002187715  -0.0000305020
22532   0.0000095745  -0.0002819497  -0.0002525745   0.0004841513   0.0005026971
22533   0.0001129690   0.0003285972  -0.0021620513  -0.0005154004  -0.0024168378
22534   0.0000437354   0.0000551968   0.0005126549  -0.0097499163  -0.0036234264
22535  -0.0435142008  -0.0002524683   0.0000802487   0.0001368492   0.0000332103
22536   0.0000620382   0.0001151579   0.0000038625  -0.0000462839   0.0000730434
22537   0.0000046912  -0.0000036933  -0.0000234664   0.0000030251   0.0000072571
22538  -0.0000094880   0.0000037034  -0.0000008660   0.0000010190   0.0000028290
22539  -0.0000018749   0.0000024313  -0.0000053082  -0.0000084471  -0.0000090819
22540   0.0000076873  -0.0000007878  -0.0000222253   0.0000014642  -0.0000024204
22541  -0.0000021134  -0.0000021153   0.0000005792   0.0000045313   0.0000021035
22542  -0.0000004893  -0.0000009491  -0.0000070502  -0.0000090604  -0.0000652560
22543  -0.0000009701   0.0000088414   0.0000026319   0.0001944180   0.0000847783
22544  -0.0000061544  -0.0000297315   0.0000519537   0.0005198219  -0.0001892383
22545   0.0000862111  -0.0000347526   0.0116950032   0.0039672930   0.0401380778
22546   0.0228173363   0.0064571896   0.0032388234  -0.0229705609  -0.0064052212
22547   0.0004104516   0.0001701317  -0.0000031051  -0.0003293087
226 1   0.0000232526  -0.0000095336   0.0000220911  -0.0000162819  -0.0000211076
226 2   0.0000216445  -0.0000387370   0.0000059034   0.0000031813  -0.0000377946
226 3   0.0000193394  -0.0000384424   0.0000270518   0.0000697700  -0.0000396481
226 4  -0.0000098797   0.0000014212   0.0000031621  -0.0000108721   0.0000090980
226 5   0.0000456298   0.0000197791  -0.0000169099   0.0000178374  -0.0000148304
226 6   0.0000161723   0.0000108604  -0.0000043051   0.0000040685  -0.0000370545
226 7   0.0000049140   0.0000412374   0.0000359471   0.0000094888   0.0000567830
226 8  -0.0000031203  -0.0000399368   0.0000509762   0.0000309260  -0.0000545663
226 9  -0.0000694672  -0.0000784818   0.0000961150   0.0000034522  -0.0000047745
22610  -0.0000625813  -0.0000919128  -0.0000267674   0.0000030011  -0.0000595537
22611   0.0000039874  -0.0000769785   0.0000170262  -0.0000552116   0.0000951087
22612  -0.0000185321   0.0004282575   0.0000915927  -0.0000943598   0.0000876459
22613   0.0000839322   0.0000091965  -0.0000610839  -0.0000004135  -0.0000041607
22614   0.0000329589   0.0000029890   0.0000338552  -0.0000273498  -0.0000029027
22615   0.0000203721  -0.0000182761   0.0000128434   0.0000235818  -0.0000180952
22616  -0.0000288634  -0.0000135223  -0.0000215165  -0.0000616381   0.0000165648
22617   0.0000152153  -0.0000104525  -0.0000182030   0.0000439020  -0.0000143229
22618  -0.0000230289  -0.0000139866  -0.0000198990   0.0000487870  -0.0000548190
22619  -0.0000308810  -0.0000687106   0.0000577008   0.0000720899   0.0000401808
22620  -0.0000314020   0.0000369698  -0.0000742711   0.0000063363  -0.0001217868
22621   0.0000317726   0.0000281677   0.0000786843   0.0000656962   0.0001123315
22622   0.0000197263  -0.0000663708  -0.0000043048   0.0000297044  -0.0000129556
22623   0.0000052675   0.0000626009   0.0000007224  -0.0000407454  -0.0000944020
22624   0.0000032091   0.0000537541  -0.0000132455   0.0000030689   0.0000401441
22625   0.0000395750   0.0000295482   0.0000211595  -0.0001219118  -0.0000365562
22626  -0.0001147833   0.0000460477   0.0000985716  -0.0000764538   0.0001000483
22627  -0.0000248821   0.0000593717  -0.0000842267   0.0000024068   0.0000437638
22628  -0.0000755879  -0.0001424280  -0.0000040971  -0.0001165391   0.0000248501
22629  -0.0000309998   0.0001385872   0.0000535293   0.0000343550  -0.0000439309
22630   0.0000854662  -0.0000431095  -0.0000138348  -0.0001898968  -0.0000388727
22631  -0.0000148197   0.0007401019  -0.0001165600   0.0006348958  -0.0000438816
22632   0.0000572105  -0.0003027653  -0.0000135668   0.0004636527   0.0003427851
22633  -0.0006577179  -0.0012289766   0.0024580589   0.0005563102  -0.0039445153
22634  -0.0000099121   0.0001935812   0.0000924549  -0.1002332568   0.0366811674
22635   0.0963126894   0.0011172615   0.0008787506   0.0001139282  -0.0010248298
22636  -0.0008514878   0.0003899284   0.0002007562  -0.0000341005  -0.0001119590
22637  -0.0000040733  -0.0000259788  -0.0000139574  -0.0000014491  -0.0000109301
22638   0.0000020650  -0.0000022430   0.0000002421   0.0000002763  -0.0000005480
22639   0.0000033591  -0.0000019613  -0.0000041072   0.0000005676   0.0000341183
22640  -0.0000308394  -0.0000057915   0.0001024637  -0.0000047873  -0.0000005339
22641   0.0000014835   0.0000065658   0.0000063645  -0.0000009792  -0.0000083745
22642  -0.0000005991   0.0000095576   0.0000055512   0.0000052004  -0.0000339306
22643  -0.0000016754  -0.0000353000  -0.0000605649  -0.0000745138   0.0001872611
22644   0.0000191706   0.0002898799  -0.0000131408   0.0001509027   0.0001557545
22645   0.0004646801   0.0000127437  -0.0093627226   0.0091368797   0.0228173363
22646   0.1015319098  -0.0421382379  -0.1034789531   0.0054567437  -0.0041360403
22647  -0.0107437078  -0.0009917448  -0.0007174234  -0.0012261194
227 1  -0.0000148790   0.0000294364  -0.0000076937   0.0000095695   0.0000183007
227 2  -0.0000118792  -0.0000106737   0.0000130662  -0.0000233826   0.0000981884
227 3  -0.0000130317   0.0000191565  -0.0000690039  -0.0000742392   0.0000750974
227 4  -0.0000132205   0.0000373138   0.0000211217  -0.0000094600  -0.0000055905
227 5  -0.0000362523  -0.0000213106   0.0000421458  -0.0000372718   0.0000341219
227 6  -0.0000051493  -0.0000146203   0.0000157066   0.0000029752   0.0000350773
227 7  -0.0000135620  -0.0000157854   0.0000028023   0.0000101253  -0.0000159429
227 8  -0.0000203436   0.0000220306  -0.0000563341  -0.0000403446   0.0000296151
227 9   0.0000116243   0.0000158144  -0.0000593993   0.0000593419   0.0001748519
22710   0.0000254022   0.0000842272   0.0000586580  -0.0000076474   0.0000299191
22711  -0.0000403142   0.0000132450  -0.0000144974   0.0000672501   0.0000420518
22712  -0.0000097864  -0.0003444354  -0.0000947750  -0.0000275768   0.0001415918
22713  -0.0000763795   0.0000288925   0.0000965619  -0.0000094016  -0.0000039151
22714  -0.0000440338  -0.0000040053  -0.0000252358  -0.0000001549   0.0000138684
22715  -0.0000500472   0.0000012337  -0.0000078639  -0.0000354908   0.0000357836
22716   0.0000238430  -0.0000072772   0.0000224351   0.0000631651  -0.0000510333
22717  -0.0000423267  -0.0000320358   0.0000020627  -0.0000446195   0.0000138269
22718   0.0000126976   0.0000319807   0.0000170205  -0.0000238736   0.0000242010
22719   0.0000087384   0.0000703648  -0.0000824752  -0.0000657077  -0.0000359136
22720   0.0000518213   0.0000143052   0.0000589329   0.0000098097   0.0001022254
22721  -0.0000277462  -0.0000238778  -0.0000866896  -0.0000664767  -0.0001452232
22722   0.0000116534   0.0000574201  -0.0000606752   0.0000206090  -0.0000110293
22723  -0.0000074297  -0.0000447345  -0.0000266677   0.0000357893   0.0000551308
22724  -0.0000165554  -0.0000105040   0.0000081229   0.0000373139  -0.0001582543
22725  -0.0000433620  -0.0000348040  -0.0000079292   0.0002130611  -0.0000168643
22726   0.0000833715  -0.0000348084  -0.0000437459   0.0000680477  -0.0001763686
22727   0.0000191772  -0.0000172690   0.0001101127   0.0000364648  -0.0000058248
22728   0.0000231194   0.0000643396  -0.0000524670  -0.0001233208   0.0000151401
22729  -0.0000499674  -0.0000186443  -0.0000167559  -0.0000225652   0.0000263524
22730  -0.0000591183   0.0000379167   0.0006544571   0.0004727512   0.0000944983
22731  -0.0010227298  -0.0002865916   0.0000136799   0.0012397683   0.0001230570
22732   0.0002858810  -0.0009984478  -0.0018006599   0.0007362894   0.0067711381
22733   0.0028294762  -0.0005081863   0.0107957807  -0.0269317611  -0.0236141474
22734  -0.0013676692  -0.0012223446  -0.0030016458   0.0350320184  -0.0649142220
22735  -0.0608494663  -0.0012129204   0.0010870085   0.0001585066   0.0000606509
22736   0.0006275138   0.0001242173   0.0000732776  -0.0001721349   0.0001906498
22737   0.0000065343   0.0000167570  -0.0000032658   0.0000053964   0.0000147950
22738  -0.0000042190   0.0000066599  -0.0000002877  -0.0000011544   0.0000043737
22739  -0.0000044172   0.0000025602  -0.0000039421  -0.0000083057  -0.0000270767
22740   0.0000262691   0.0000093426  -0.0000906755  -0.0000019884  -0.0000018220
22741  -0.0000145337  -0.0000059481  -0.0000038877   0.0000062808   0.0000083670
22742   0.0000032179  -0.0000137073   0.0000156826  -0.0000113303  -0.0001123914
22743   0.0000180940   0.0000389132  -0.0001524515  -0.0000999028  -0.0000887462
22744  -0.0000032949   0.0000819372  -0.0001435990   0.0000934925   0.0010713185
22745  -0.0010669786   0.0000637478  -0.0023225470   0.0030307710   0.0064571896
22746  -0.0421382379   0.0833408257   0.0723860679  -0.0060577147   0.0051945524
22747   0.0087173633  -0.0006276334  -0.0000725659  -0.0006924473
228 1   0.0000157166   0.0000124338   0.0000286424  -0.0000008870  -0.0000076902
228 2   0.0000305052  -0.0000334554  -0.0000168719   0.0000014593   0.0000027264
228 3  -0.0000095629  -0.0000126615   0.0000077834   0.0000172981   0.0000261669
228 4  -0.0000095126  -0.0000248548   0.0000141734   0.0000044905   0.0000076912
228 5   0.0000291218   0.0000022152   0.0000367311  -0.0000032003  -0.0000006629
228 6   0.0000095262   0.0000003104  -0.0000148339   0.0000070922   0.0000000735
228 7   0.0000336533   0.0000263862   0.0000239760   0.0000038023   0.0000174984
228 8   0.0000039002  -0.0000138240   0.0000197597  -0.0000184120  -0.0000288168
228 9  -0.0000902525  -0.0000417188   0.0001247389  -0.0000766710  -0.0001265482
22810  -0.0000048664   0.0000093691   0.0000263689   0.0000022470  -0.0000043375
22811   0.0000140815  -0.0000899227   0.0000368414  -0.0000362849  -0.0000665061
22812   0.0000486966   0.0002736045   0.0001240328  -0.0000761500  -0.0001233557
22813  -0.0000042259  -0.0000178586   0.0000076969   0.0000061356  -0.0000412570
22814   0.0000550679  -0.0000005123   0.0000218573   0.0000125362  -0.0000153717
22815   0.0000249425  -0.0000284319   0.0000254306   0.0000172635  -0.0000319953
22816  -0.0000569965  -0.0000165898  -0.0000113396  -0.0000161183  -0.0000047200
22817   0.0000363622  -0.0000051220   0.0000134378   0.0000150770   0.0000152806
22818  -0.0000030054  -0.0000335428  -0.0000193504   0.0001029185  -0.0000429904
22819  -0.0000281838   0.0000236156   0.0000243734   0.0000234731  -0.0000016204
22820  -0.0000040918   0.0000357549  -0.0000430469  -0.0000863511  -0.0000568388
22821  -0.0000174728  -0.0000528224   0.0000004758   0.0000740479  -0.0000047741
22822   0.0000115231   0.0000376693   0.0000348990   0.0000037182  -0.0000369015
22823  -0.0000045381   0.0000732039  -0.0000234052  -0.0000613260  -0.0000468552
22824  -0.0000236039  -0.0000690887  -0.0000138509  -0.0000098205  -0.0000665980
22825   0.0000357633   0.0000377438   0.0000323227   0.0000065478  -0.0000904956
22826  -0.0000574681   0.0000315873   0.0001178794  -0.0000786888  -0.0000177743
22827  -0.0000509535   0.0000291131   0.0000669520   0.0000140057   0.0000695853
22828  -0.0000938549  -0.0000159428   0.0000567167  -0.0001695684  -0.0000591209
22829  -0.0000680668   0.0001013375   0.0000471825   0.0000073829  -0.0000361878
22830   0.0000187873  -0.0000153677   0.0003661896   0.0001779400   0.0000716009
22831  -0.0003060518  -0.0001698185  -0.0000424766   0.0002648696   0.0001600398
22832  -0.0000346894  -0.0003088555  -0.0005320905  -0.0001007824   0.0017557521
22833   0.0005394617   0.0005853711  -0.0036388854  -0.0042674234   0.0065724131
22834  -0.0003368647   0.0005160599  -0.0014565700   0.0960049545  -0.0643247819
22835  -0.2099360447  -0.0000097150  -0.0004781336   0.0002632376   0.0000892445
22836   0.0006540456  -0.0001270481  -0.0000288011   0.0000066970  -0.0000253565
22837   0.0000020148  -0.0000300139  -0.0000368079   0.0000035132  -0.0000099893
22838  -0.0000063898   0.0000017031   0.0000023690  -0.0000024799   0.0000001000
22839  -0.0000006396   0.0000004604  -0.0000098552  -0.0000050381   0.0000286880
22840  -0.0000308874  -0.0000134641   0.0000856005  -0.0000071886  -0.0000082081
22841  -0.0000199973   0.0000003520   0.0000032281  -0.0000039317  -0.0000006172
22842   0.0000003435   0.0000057500   0.0000036589  -0.0000008878   0.0000056489
22843  -0.0000072326   0.0000646181  -0.0000005631  -0.0000047315   0.0000894629
22844   0.0000006139   0.0000712677   0.0000132534   0.0000079247   0.0001372679
22845  -0.0000541053   0.0000990797  -0.0021932795   0.0022306680   0.0032388234
22846  -0.1034789531   0.0723860679   0.2192859141   0.0123929059  -0.0071740651
22847  -0.0177991730  -0.0006463668   0.0001859349  -0.0004326703
229 1   0.0000051461  -0.0000285595   0.0000365165   0.0000081245  -0.0000392620
229 2   0.0000320172  -0.0000365982  -0.0000453505  -0.0000157285  -0.0000666446
229 3  -0.0000173220  -0.0000490678   0.0000266325   0.0000773641  -0.0000477524
229 4  -0.0000024195  -0.0000079627  -0.0000150837   0.0000033243   0.0000141657
229 5   0.0000557604   0.0000152318  -0.0000045238   0.0000016764   0.0000172870
229 6   0.0000353968   0.0000132242  -0.0000146072  -0.0000050561  -0.0000518098
229 7   0.0000174668   0.0000855366   0.0000086417   0.0000009094   0.0000397693
229 8  -0.0000017760  -0.0001129105   0.0000375543   0.0000011828   0.0001849546
229 9   0.0002574437  -0.0001710526   0.0001424116  -0.0000763516  -0.0001632540
22910  -0.0000738425  -0.0000825418  -0.0000510554   0.0000362727  -0.0000237289
22911   0.0000042764  -0.0000856842   0.0000982140  -0.0000903499   0.0002055644
22912  -0.0000652253   0.0011380493   0.0002435701  -0.0000431028  -0.0002483362
22913   0.0000420336  -0.0000275905  -0.0001053703   0.0000210931  -0.0000115632
22914   0.0000589122  -0.0000225363   0.0000536763   0.0000234249   0.0000365153
22915   0.0001214345  -0.0001376153   0.0000235779   0.0000365425   0.0000346538
22916  -0.0000136716  -0.0000267509   0.0000096692  -0.0001143849  -0.0000060651
22917   0.0000820384   0.0000114019  -0.0000131005   0.0000834987   0.0000197613
22918   0.0000321325  -0.0000050566  -0.0000385426   0.0001088854  -0.0000494943
22919  -0.0000522374  -0.0000671073   0.0001344715   0.0000998912   0.0000515440
22920   0.0000183879  -0.0000082495  -0.0001067357  -0.0000439156  -0.0001738865
22921   0.0000321498   0.0000325171   0.0000971594   0.0001188741   0.0001170463
22922   0.0000365079  -0.0000767132   0.0000070312   0.0000059391  -0.0000134660
22923   0.0000180610   0.0001072425  -0.0000131813  -0.0000189110  -0.0001423229
22924  -0.0000120164  -0.0000590863   0.0000051741  -0.0000595964   0.0001729839
22925   0.0000685704   0.0000390365   0.0000281141  -0.0001952204  -0.0000778216
22926  -0.0002047204   0.0000828368   0.0001884797  -0.0001510513   0.0001704925
22927  -0.0000714353   0.0000827153  -0.0001243508  -0.0000061673   0.0000716173
22928  -0.0000594011  -0.0001689297   0.0000450851  -0.0003424334   0.0000336387
22929  -0.0000229868   0.0002617478   0.0001075166   0.0000400909  -0.0000935184
22930   0.0001189379  -0.0000578645   0.0002479630  -0.0002482770   0.0000066653
22931  -0.0001200636   0.0005330717  -0.0000475959   0.0003399947  -0.0000062979
22932  -0.0001712882  -0.0000461899   0.0001616867  -0.0001774761  -0.0005174731
22933  -0.0007894057   0.0003376694   0.0024506180   0.0006672224   0.0032785418
22934  -0.0004561585   0.0004723865   0.0001060657  -0.0823831715   0.0372779746
22935  -0.0791006922   0.0001599829   0.0002382775   0.0008761043  -0.0005477060
22936  -0.0006705976  -0.0002918804   0.0001374802   0.0000342923  -0.0001341979
22937  -0.0000059355  -0.0000379150  -0.0000075694  -0.0000012288  -0.0000233344
22938   0.0000084300  -0.0000048675   0.0000027438  -0.0000027027  -0.0000033827
22939   0.0000044608  -0.0000049433  -0.0000064897   0.0000034001   0.0000616785
22940  -0.0000616261  -0.0000172840   0.0001907730  -0.0000046927  -0.0000038959
22941  -0.0000065996   0.0000079294   0.0000062835  -0.0000109553  -0.0000098981
22942   0.0000003073   0.0000225538   0.0000011334   0.0000083092   0.0000387778
22943  -0.0000045051  -0.0000173437   0.0000041093   0.0001182121   0.0003259723
22944  -0.0000184912   0.0003907043   0.0002965443  -0.0001167908   0.0000122591
22945   0.0001589874   0.0000199652  -0.0084109675   0.0115686146  -0.0229705609
22946   0.0054567437  -0.0060577147   0.0123929059   0.0854090537  -0.0428066569
22947   0.0839597117  -0.0023710964  -0.0015728778   0.0011674670
230 1  -0.0000537760   0.0000469685  -0.0000245939   0.0000263767   0.0000651059
230 2  -0.0000352547   0.0000033207   0.0000267333  -0.0000119105   0.0001966271
230 3  -0.0000491858   0.0001225657  -0.0001058029  -0.0001846773   0.0001541151
230 4   0.0000108248   0.0000266800   0.0000425671   0.0000116696  -0.0000134785
230 5  -0.0000644477  -0.0000301000   0.0000726854  -0.0000186493   0.0000124105
230 6  -0.0000431914  -0.0000762536  -0.0000019902  -0.0000126398   0.0000619604
230 7  -0.0000253354  -0.0000551485  -0.0000096411   0.0000017527  -0.0000831107
230 8  -0.0000114931   0.0000538356  -0.0001417265  -0.0000528008   0.0003513800
230 9   0.0008329753  -0.0000532638  -0.0001051814   0.0001318382  -0.0000310345
23010   0.0001161128   0.0001582459   0.0000828746  -0.0000447001   0.0001181777
23011  -0.0000289581   0.0001625701  -0.0000348502   0.0001393602  -0.0000973103
23012  -0.0002931183  -0.0012799004  -0.0002191167   0.0000393177   0.0000965797
23013  -0.0001238008   0.0000400309   0.0001953851  -0.0000526784  -0.0000356089
23014  -0.0000945889  -0.0000280547  -0.0000617562  -0.0000762069   0.0000353718
23015  -0.0001012682  -0.0000042104  -0.0000241755  -0.0000810155   0.0000532709
23016   0.0000532701   0.0000012267   0.0000518328   0.0001621613  -0.0000483886
23017  -0.0000815417  -0.0000270472   0.0000721878  -0.0000925545   0.0000564767
23018   0.0000125298   0.0000337607   0.0000293493  -0.0000649071   0.0000626746
23019   0.0000664861   0.0001095658  -0.0001321395  -0.0002048013  -0.0000771966
23020   0.0000634868   0.0000157330   0.0001244762   0.0000202772   0.0002338870
23021  -0.0001071220  -0.0000763556  -0.0001498644  -0.0001372351  -0.0003213869
23022  -0.0000800020   0.0001462128  -0.0001153192  -0.0000333096   0.0000089949
23023  -0.0000584982  -0.0001125283  -0.0000108468   0.0000664170   0.0001656470
23024  -0.0000085467  -0.0000433472  -0.0000026456   0.0000553681  -0.0001510589
23025  -0.0000583411  -0.0000405687  -0.0000201020   0.0002239169   0.0000622289
23026   0.0001667946  -0.0000748710  -0.0001567217   0.0001387550  -0.0002112643
23027  -0.0000193826  -0.0000434582   0.0001492410   0.0000410470  -0.0000590739
23028   0.0000278890   0.0000928964  -0.0001347684   0.0000333203   0.0000008352
23029   0.0000078283  -0.0000841516  -0.0000756253  -0.0000859312   0.0000225315
23030  -0.0000307650   0.0000669782   0.0005052912   0.0005744802   0.0000901611
23031  -0.0008554737  -0.0003240872   0.0000184190   0.0011403827   0.0001526927
23032   0.0000742039  -0.0010164871  -0.0018325427  -0.0008187855   0.0061764083
23033   0.0026339880   0.0008822013   0.0105460586  -0.0286591583   0.0217939518
23034  -0.0022687011  -0.0018765882   0.0025179957   0.0360103851  -0.0796306282
23035   0.0765659654  -0.0012675014   0.0009870749  -0.0002237197   0.0000836346
23036   0.0008444334  -0.0000343172   0.0000674973  -0.0001836705   0.0002534303
23037   0.0000068825   0.0000267876   0.0000057842   0.0000054787   0.0000217696
23038  -0.0000053787   0.0000069184  -0.0000014515  -0.0000001163   0.0000046686
23039  -0.0000046290   0.0000045668   0.0000015006  -0.0000048582  -0.0000593341
23040   0.0000606149   0.0000298256  -0.0001831794  -0.0000000537   0.0000040979
23041  -0.0000073145  -0.0000022645  -0.0000047943   0.0000175358   0.0000116012
23042   0.0000038554  -0.0000181133   0.0000105685   0.0000027328   0.0000531421
23043   0.0000163721   0.0000849435   0.0001286089   0.0010577914  -0.0009538984
23044   0.0002524542   0.0001077352  -0.0000108347  -0.0001922291  -0.0000273499
23045  -0.0000922512   0.0001204736  -0.0023457376   0.0037270767  -0.0064052212
23046  -0.0041360403   0.0051945524  -0.0071740651  -0.0428066569   0.0992017216
23047  -0.0864875294  -0.0013648362  -0.0002288862   0.0004916688
231 1   0.0000154808  -0.0000597555   0.0000516513   0.0000015277  -0.0000886483
231 2   0.0000626890  -0.0000871622  -0.0000816388  -0.0001045019  -0.0000428619
231 3  -0.0000451413  -0.0001680227   0.0000047697   0.0000917960  -0.0000595642
231 4  -0.0000214759  -0.0000464381  -0.0000474856  -0.0000090229   0.0000170235
231 5   0.0000775665  -0.0000182113   0.0000481691  -0.0000698477   0.0001236346
231 6   0.0000688985   0.0000491708  -0.0000605889   0.0000110074  -0.0001527340
231 7   0.0000874003   0.0001596873  -0.0000327918  -0.0000149958   0.0000918673
231 8  -0.0000684927  -0.0001697795   0.0000874910   0.0000020074   0.0001265114
231 9  -0.0000861075   0.0000082716   0.0003151093  -0.0002080198  -0.0003277219
23110  -0.0001362521  -0.0000786606  -0.0000560633   0.0001285114  -0.0000044507
23111   0.0000054307  -0.0003999815   0.0002336201  -0.0002236976  -0.0001352333
23112  -0.0000119479   0.0011072722   0.0003689790  -0.0001489274  -0.0003183714
23113  -0.0000489133  -0.0000777279  -0.0001429964   0.0000585117  -0.0001126367
23114   0.0000839846  -0.0000773965   0.0001434659  -0.0000345123   0.0000292185
23115   0.0000909985  -0.0001460364   0.0000589546   0.0000821421   0.0000449197
23116  -0.0000227714  -0.0000639231  -0.0000014589  -0.0002394471  -0.0000745380
23117   0.0001845794   0.0000727468  -0.0000302727   0.0001745151   0.0000410518
23118   0.0000568549  -0.0000206065  -0.0000725138   0.0002541800  -0.0000692028
23119  -0.0000854502  -0.0000113233   0.0002128260   0.0001805749   0.0000070279
23120   0.0001244575  -0.0000416289  -0.0001648041  -0.0001172927  -0.0002576726
23121   0.0000581071  -0.0000317070   0.0000280043   0.0002208517   0.0001933282
23122   0.0001532073   0.0000117274  -0.0000021671   0.0000259573  -0.0000321278
23123   0.0000594975   0.0001499660  -0.0000981937  -0.0000080551  -0.0001569153
23124  -0.0000213944   0.0000509016   0.0000976947  -0.0000218840   0.0000357462
23125   0.0000745275   0.0000878471   0.0001153955   0.0000943737  -0.0004266969
23126  -0.0002553551   0.0001227261   0.0004889151  -0.0002777059  -0.0000033712
23127   0.0001661499   0.0000481260  -0.0001026933  -0.0000275589   0.0001578427
23128   0.0000994770   0.0004777766   0.0000312319  -0.0003317400  -0.0003501153
23129  -0.0001697654   0.0002322096   0.0000954337   0.0001648832  -0.0000107161
23130  -0.0001797296  -0.0001429960   0.0006039946  -0.0000938150   0.0001524031
23131  -0.0007174421   0.0000991737  -0.0000551588   0.0002887819  -0.0001466951
23132  -0.0002842895   0.0001902021   0.0000356217   0.0001275262  -0.0018089445
23133  -0.0001537272  -0.0001322299   0.0044123973   0.0031536445   0.0095420757
23134   0.0008834641  -0.0014410917  -0.0012920542  -0.0783583334   0.0774433627
23135  -0.2047579357  -0.0010348292   0.0005471907  -0.0000309448   0.0003756592
23136  -0.0007267859  -0.0000162170  -0.0000816424  -0.0000842312  -0.0001002227
23137   0.0000148293  -0.0000693565  -0.0000971839   0.0000038170  -0.0000228821
23138  -0.0000197042   0.0000043400   0.0000024114  -0.0000068250   0.0000016998
23139  -0.0000018478  -0.0000045168  -0.0000321672  -0.0000283626   0.0000987449
23140  -0.0001234140  -0.0000707711   0.0003481603   0.0000074087  -0.0000240112
23141  -0.0000286631  -0.0000044779   0.0000087663  -0.0000088181  -0.0000037569
23142  -0.0000024321   0.0000448320   0.0000053520  -0.0000130545   0.0000558134
23143  -0.0000092819  -0.0000601733  -0.0000251757  -0.0000336023   0.0000943659
23144   0.0001367521  -0.0000169504  -0.0000337745  -0.0000306693   0.0001022112
23145   0.0000111214   0.0001332829   0.0011881559  -0.0009673073   0.0004104516
23146  -0.0107437078   0.0087173633  -0.0177991730   0.0839597117  -0.0864875294
23147   0.2133065733   0.0007821940  -0.0001835487   0.0003360238
232 1   0.0000246345  -0.0000062482   0.0000166511   0.0000106903  -0.0000136515
232 2   0.0000151067   0.0000095278  -0.0000090290   0.0000338880  -0.0000142672
232 3   0.0000011458   0.0000184601   0.0000319848   0.0000173339   0.0000132062
232 4   0.0000053444  -0.0000195253   0.0000134038   0.0000063918  -0.0000109542
232 5   0.0000038330   0.0000233452   0.0000027876   0.0000231494  -0.0000237980
232 6   0.0000050832  -0.0000040912   0.0000149326   0.0000003231  -0.0000255845
232 7   0.0000068178  -0.0000282089   0.0000166130   0.0000125762  -0.0000006032
232 8   0.0000038494   0.0000550431  -0.0000107313   0.0000105691   0.0000491511
232 9   0.0000235905  -0.0000844915   0.0000338917  -0.0000015277  -0.0000411773
23210   0.0000147982   0.0000081006   0.0000190181  -0.0000149901   0.0000108760
23211  -0.0000146914   0.0001234280   0.0001385771  -0.0002148264  -0.0001125766
23212  -0.0000880890   0.0001447507   0.0000061216   0.0000085071  -0.0000202188
23213  -0.0000017462  -0.0000129411   0.0000191378   0.0000056700  -0.0000263294
23214   0.0000430192  -0.0000347358   0.0000134630  -0.0000192342  -0.0000036228
23215   0.0000261716  -0.0000109842   0.0000042158  -0.0000111188  -0.0000219071
23216  -0.0000333440  -0.0000077499  -0.0000010021   0.0000254993   0.0000158975
23217   0.0000120632   0.0000021598   0.0000223608  -0.0000158725  -0.0000036956
23218  -0.0000148867  -0.0000120378  -0.0000073212   0.0000237835  -0.0000104014
23219   0.0000003624   0.0000143540  -0.0000100273   0.0000006644   0.0000086066
23220  -0.0000485892   0.0000086866  -0.0000096136  -0.0000330251   0.0000021431
23221  -0.0000159609  -0.0000225604  -0.0000011519   0.0000162417  -0.0000239815
23222  -0.0000135281   0.0000039556  -0.0000051792  -0.0000165433  -0.0000210571
23223   0.0000082490   0.0000150152   0.0000048429  -0.0000734052  -0.0000341267
23224  -0.0000067363  -0.0000003755  -0.0000123010  -0.0000172458   0.0000136225
23225   0.0000006154  -0.0000106157  -0.0000033030   0.0000249741   0.0000400299
23226   0.0000056910  -0.0000011164  -0.0000063254  -0.0000020487  -0.0000556004
23227  -0.0001442612  -0.0000001752   0.0001362561   0.0001329000   0.0000161771
23228  -0.0004280515   0.0002647120   0.0001972637   0.0009605392  -0.0001849341
23229  -0.0000266114  -0.0001210218   0.0001485547   0.0000002579  -0.0000345898
23230   0.0000598182  -0.0000054567  -0.0004193326  -0.0018756427   0.0002724302
23231  -0.0042683679   0.0007840643  -0.0006811732  -0.0007813618  -0.0001545048
23232   0.0000059512  -0.0042183212   0.0015869254  -0.0004029570   0.0068017044
23233   0.0237347357  -0.0011832425   0.0008932514  -0.0011440692   0.0000130236
23234  -0.0001035872   0.0001248276   0.0000127637  -0.0024135535   0.0006719902
23235  -0.0007168821  -0.0537166543  -0.0158322350  -0.0001637295  -0.0001640336
23236  -0.0277765933   0.0021457408  -0.0001030110  -0.0015815152   0.0001241749
23237   0.0000037203   0.0000012301   0.0000019869   0.0000032576  -0.0000009774
23238   0.0000015685   0.0000028272   0.0000018603  -0.0000001564   0.0000025034
23239   0.0000020413   0.0000021145  -0.0000040393   0.0000045905   0.0000061235
23240  -0.0000034963   0.0000000437  -0.0000067127  -0.0000369662  -0.0000188985
23241  -0.0000037874   0.0000429906   0.0000430030  -0.0000006126  -0.0000031893
23242   0.0000074498  -0.0000064365   0.0000418678  -0.0000357746   0.0000103178
23243   0.0003032497   0.0013436599   0.0000113444   0.0000525458  -0.0000459884
23244   0.0000524682  -0.0000196863  -0.0000261076   0.0000149852   0.0000365016
23245  -0.0000757377  -0.0000545216   0.0001137985  -0.0001076660   0.0001701317
23246  -0.0009917448  -0.0006276334  -0.0006463668  -0.0023710964  -0.0013648362
23247   0.0007821940   0.0606728712   0.0220280858   0.0003425381
233 1   0.0000082799   0.0000124388   0.0000171908   0.0000051067  -0.0000019168
233 2   0.0000065459  -0.0000056640   0.0000023507   0.0000156082   0.0000271469
233 3  -0.0000037079   0.0000450918  -0.0000002326  -0.0000228010   0.0000573805
233 4  -0.0000096244   0.0000166998   0.0000113333  -0.0000031439  -0.0000048623
233 5  -0.0000144343  -0.0000007356   0.0000284801   0.0000026963  -0.0000155933
233 6  -0.0000339219  -0.0000134748  -0.0000038777   0.0000196777   0.0000509524
233 7  -0.0000114646  -0.0000373422  -0.0000048908   0.0000068579  -0.0000110590
233 8  -0.0000107033   0.0000543808  -0.0000154091  -0.0000027233  -0.0000316185
233 9  -0.0000380362  -0.0000627052   0.0000385499  -0.0000196544   0.0000256700
23310   0.0000244972   0.0000532178   0.0000302706  -0.0000234108   0.0000218536
23311  -0.0000006903   0.0000337228   0.0001823858   0.0000304838   0.0000020336
23312   0.0000260380   0.0001300453  -0.0000239315  -0.0000092300   0.0000387644
23313  -0.0000248011   0.0000057598   0.0000294208  -0.0000258473   0.0000014643
23314  -0.0000409693  -0.0000078309   0.0000337870  -0.0000551696  -0.0000056787
23315   0.0000053072   0.0000193599   0.0000189257  -0.0000102014  -0.0000050199
23316  -0.0000070775  -0.0000154973   0.0000018610   0.0000475555  -0.0000095663
23317  -0.0000110093  -0.0000109502   0.0000141186  -0.0000349942   0.0000126370
23318  -0.0000043089  -0.0000064767  -0.0000014222   0.0000124257   0.0000029312
23319   0.0000034259   0.0000211260  -0.0000233248  -0.0000410260  -0.0000203075
23320   0.0000385173   0.0000311736   0.0000108910  -0.0000428358   0.0000322881
23321  -0.0000370231  -0.0000335716  -0.0000531850  -0.0000273455  -0.0001533443
23322   0.0000190340   0.0000314058  -0.0000490084  -0.0000158065  -0.0000237049
23323  -0.0000302602   0.0000011237  -0.0000188720   0.0000175456   0.0000131562
23324   0.0000099317  -0.0000266577  -0.0000310899  -0.0000350064  -0.0000259684
23325  -0.0000248250  -0.0000261440   0.0000031937   0.0001267808  -0.0000033992
23326   0.0000574854  -0.0000217688  -0.0000168113   0.0000292769  -0.0000796798
23327   0.0000376393  -0.0000444415   0.0002158706   0.0001282736  -0.0000483885
23328  -0.0001070597  -0.0004396176   0.0001940183   0.0001665367   0.0003758356
23329   0.0000420240  -0.0001294147  -0.0000016318  -0.0000391745   0.0000820569
23330  -0.0000832632   0.0000152802   0.0002994293  -0.0006700194  -0.0000888221
23331  -0.0019738800   0.0017280810   0.0006406645   0.0004529824   0.0008185075
23332  -0.0000498271   0.0027882092  -0.0001461926   0.0004700285  -0.0026535273
23333  -0.0115647951   0.0013492064  -0.0013977474  -0.0010555020  -0.0003207806
23334   0.0001715384  -0.0000786959   0.0000101916  -0.0018707785  -0.0002029442
23335  -0.0003301572  -0.0142262371  -0.3226125751   0.0213593583  -0.0005430739
23336  -0.0078501177   0.0011034546  -0.0003591008   0.0001390493  -0.0002529972
23337   0.0000046950   0.0000118509  -0.0000008445   0.0000001119   0.0000088337
23338  -0.0000023788   0.0000049387   0.0000007044  -0.0000002374   0.0000024712
23339  -0.0000030530   0.0000025395  -0.0000020344  -0.0000043650  -0.0000155861
23340   0.0000144402   0.0000019061  -0.0000429469   0.0000160397   0.0000254530
23341  -0.0000080018   0.0000339707  -0.0000131483  -0.0000027760  -0.0000007992
23342   0.0000040638  -0.0000036067  -0.0000591212  -0.0000551419  -0.0000364524
23343  -0.0002338743  -0.0006080072  -0.0000229398  -0.0000251018   0.0000327623
23344  -0.0000537844   0.0000332467   0.0000561366  -0.0000049765  -0.0000191082
23345   0.0000381876   0.0000313324  -0.0004498540   0.0005367737  -0.0000031051
23346  -0.0007174234  -0.0000725659   0.0001859349  -0.0015728778  -0.0002288862
23347  -0.0001835487   0.0220280858   0.3416832329  -0.0238616525
234 1  -0.0000127202   0.0000011811   0.0000094569   0.0000092041  -0.0000033604
234 2  -0.0000122075   0.0000267024  -0.0000090102   0.0000048678   0.0000125827
234 3   0.0000042944   0.0000202719  -0.0000140522  -0.0000423435   0.0000106932
234 4  -0.0000022020   0.0000106472  -0.0000157700  -0.0000055579  -0.0000000136
234 5  -0.0000172552  -0.0000085384   0.0000030177   0.0000099300   0.0000201663
234 6   0.0000364829   0.0000590461  -0.0000118122   0.0000502187   0.0000074569
234 7  -0.0000135822  -0.0000231908  -0.0000495328   0.0000021684  -0.0000205830
234 8  -0.0000174955   0.0000893752  -0.0000151371  -0.0000239373   0.0000434828
234 9  -0.0007079595  -0.0006428344  -0.0000376171  -0.0000204506   0.0000156516
23410   0.0000302146   0.0000532794   0.0000076452   0.0000023010   0.0000313266
23411  -0.0000427716  -0.0000734393   0.0007045455   0.0001946243   0.0000333818
23412   0.0001616488  -0.0002038853  -0.0000232110   0.0000134166   0.0000051637
23413  -0.0000639137  -0.0000040632  -0.0000138288   0.0000201271  -0.0000267242
23414  -0.0000217415  -0.0000207607  -0.0000239394   0.0000267562   0.0000118699
23415   0.0000391195   0.0000038798   0.0000108559  -0.0000054918   0.0000204796
23416   0.0000154679  -0.0000038518   0.0000291418   0.0000424127  -0.0000368795
23417   0.0000140671  -0.0000010019  -0.0000327693   0.0000196795   0.0000010636
23418   0.0000002284   0.0000193753   0.0000135677  -0.0000476124   0.0000590047
23419   0.0000269969   0.0000318470  -0.0000221808  -0.0000065668  -0.0000175211
23420   0.0000037224  -0.0000367875   0.0000590502  -0.0000087675   0.0000727068
23421  -0.0000106753  -0.0000003674  -0.0000528356  -0.0000416455  -0.0001411184
23422   0.0000071480  -0.0000072599  -0.0000375683  -0.0000279753  -0.0000045332
23423  -0.0000231224  -0.0000133125  -0.0000213464  -0.0000090521   0.0000233970
23424   0.0000071243  -0.0000741371  -0.0000066357   0.0000010544   0.0000210535
23425  -0.0000426003  -0.0000329039   0.0000002468   0.0001567737  -0.0000132795
23426   0.0000904268  -0.0000327034  -0.0000382815   0.0000500729  -0.0000444982
23427   0.0001419264   0.0000373865   0.0000329953   0.0000414260  -0.0000423364
23428   0.0004690229   0.0001097387  -0.0009455409  -0.0000081270  -0.0002087539
23429   0.0004298898  -0.0000778339  -0.0000221424  -0.0001036150   0.0000569378
23430  -0.0001544711  -0.0000124397   0.0001415579   0.0004245056  -0.0006230853
23431  -0.0003363029  -0.0008631136   0.0067583603  -0.0003299505  -0.0000983379
23432  -0.0002850004  -0.0004114328   0.0004089589   0.0035625547   0.0010139183
23433   0.0013766251   0.0025353732  -0.0000848336  -0.0002498774  -0.0013425067
23434   0.0000235953   0.0000929714  -0.0005032531  -0.0004063050   0.0003680508
23435  -0.0001001731  -0.0017184215   0.0208728747  -0.0280612421   0.0018158137
23436   0.0020175510   0.0009317385  -0.0006902513  -0.0002225661  -0.0011586584
23437   0.0000043267   0.0000235853   0.0000099844  -0.0000015260   0.0000147286
23438  -0.0000056419   0.0000037656  -0.0000015743   0.0000002579   0.0000024082
23439  -0.0000025010   0.0000029591  -0.0000002323  -0.0000087294  -0.0000260376
23440   0.0000220137  -0.0000015201  -0.0000673371  -0.0000019177  -0.0000019229
23441  -0.0000288819  -0.0000056528  -0.0000027148   0.0000005186   0.0000089502
23442  -0.0000001359   0.0000030663  -0.0000085301   0.0000066703  -0.0004926961
23443   0.0000160987   0.0001014651  -0.0000159957  -0.0001863014   0.0000737950
23444  -0.0000094869   0.0000038187  -0.0000234508   0.0000077499   0.0001237866
23445  -0.0000905958  -0.0000194243   0.0001250813  -0.0000576905  -0.0003293087
23446  -0.0012261194  -0.0006924473  -0.0004326703   0.0011674670   0.0004916688
23447   0.0003360238   0.0003425381  -0.0238616525   0.0206643284
$end
