$vibrational normal modes
  1 1   0.0180908247   0.0069487467   0.0019504144  -0.0004001086  -0.0346948925
  1 2   0.0698171312   0.0304425734  -0.0235125463   0.0077503756   0.1103807391
  1 3   0.0049568454   0.0016567780  -0.0315446571  -0.0068081905  -0.0222710118
  1 4  -0.0142106805   0.0137871911  -0.0897029740   0.1605724843   0.0907862464
  1 5   0.1125228065  -0.0763596742  -0.0130550568   0.0288347252  -0.0736219996
  1 6  -0.2418538240   0.0060230792  -0.0389072525  -0.0564536153   0.0216780080
  1 7   0.0509373502   0.0351041455  -0.1508489469  -0.0545150582  -0.0537110280
  1 8  -0.0017599696  -0.0080828330   0.0266216442   0.1272091484   0.0702378919
  1 9  -0.0019331853  -0.0733899973  -0.1001292849   0.0489007892   0.0190049727
  110  -0.0395849983  -0.0330772689  -0.0032104710   0.0348532810   0.0311305624
  111  -0.0206052177  -0.0514951816   0.1356875068  -0.0765479040  -0.0378457033
  112  -0.1026722977  -0.0608744264   0.0074497679   0.0166054730   0.0026197321
  113   0.0270562773   0.0357915589  -0.0799396973  -0.0427650483  -0.0536791735
  114   0.0452025417   0.1429167378   0.0084910380   0.0411995843   0.0211219675
  115   0.0653921709   0.0571986687  -0.0867676693  -0.0238905878   0.0672111735
  116  -0.0035511449   0.0490733235  -0.0645160540  -0.0195930447  -0.0314824230
  117  -0.0231245931   0.0223880950   0.0039346098  -0.0039219032   0.0120142521
  118   0.0069606803   0.0348342038  -0.0243292747   0.0098685111  -0.0223365105
  119  -0.0181512727   0.0092151807   0.0132120261   0.0013733620   0.0070454190
  120   0.0292375132   0.0471086008  -0.0062866987  -0.0133584735   0.0286258419
  121   0.0471361982   0.0912796609  -0.0077548449   0.0541956100  -0.0403991522
  122  -0.0694504400   0.0133384918   0.0238217159   0.0495216111  -0.0074501010
  123   0.1169373955  -0.0332207471  -0.0115467721   0.0280839747   0.0033217437
  124  -0.0017773301  -0.0007562246   0.0028286137   0.0713067864   0.0061622399
  125   0.0455073213  -0.0534254262  -0.0148753535   0.0049892163   0.0068673341
  126   0.0454004211   0.1575555106  -0.0408032981   0.0611766934   0.0658784026
  127  -0.0006294783   0.1091102635  -0.0084124173  -0.0547193094  -0.0649081725
  128  -0.0165824281  -0.0015290860   0.0002323721  -0.0001080776  -0.0002455113
  129   0.0002657333   0.0001741975   0.0000659584  -0.0000511814   0.0000289613
  130   0.0000042098  -0.0000044865  -0.0001062752   0.0000780020   0.0000078144
  131  -0.0000667241   0.0000229536   0.0000300274  -0.0000093067   0.0000048024
  132  -0.0000026286  -0.0000376539   0.0000253554  -0.0000147105  -0.0000200460
  133  -0.0000092329   0.0000151024   0.0000019381  -0.0000068374   0.0000004640
  134  -0.0000111238   0.0000066002   0.0000019582   0.0000023271   0.0000151195
  135   0.0000011071   0.0000051797  -0.0000007682   0.0000168918  -0.0000236204
  136   0.0000010021  -0.0000060852  -0.0000017702  -0.0000013012  -0.0000027540
  137   0.0000000131   0.0000042503   0.0000006416  -0.0000022752   0.0000019989
  138  -0.0000031332  -0.0000044216  -0.0000012117  -0.0000046367   0.0000029361
  139  -0.0000022234   0.0000087597  -0.0000169808   0.0000024649   0.0000064587
  140   0.0000036561   0.0000023909   0.0000069590  -0.0000031682   0.0000013660
  141  -0.0000019568   0.0000050366  -0.0000010990   0.0000058213  -0.0000029047
  142   0.0000066385   0.0000054555   0.0000001679   0.0000013415   0.0000041411
  143  -0.0000007986   0.0000010824  -0.0000024210   0.0000028814  -0.0000084131
  144  -0.0000020703  -0.0000040560  -0.0000002998  -0.0000010394  -0.0000002568
  145  -0.0000005516   0.0000011772  -0.0000004017  -0.0000001704   0.0000000804
  146  -0.0000000968   0.0000001829  -0.0000000850  -0.0000001123   0.0000003545
  147  -0.0000001934   0.0000000218   0.0000014005   0.0000001980
  2 1  -0.0700829800  -0.0177107718   0.0016059115  -0.0084741819   0.1333071701
  2 2  -0.1010872357   0.0540616431   0.0863488268   0.0069357297  -0.0290707272
  2 3  -0.0030328009   0.0217199362   0.0143912315  -0.0108263260   0.0331524163
  2 4  -0.0832568662  -0.0720096521   0.1515024546  -0.1099753042  -0.2795855843
  2 5  -0.1192666490   0.0734143502   0.0552104920   0.1374691263  -0.0127183244
  2 6   0.0605100000   0.0933459320   0.0430585217  -0.0121530213  -0.0711411016
  2 7   0.0015263265  -0.0267143855   0.2506334112   0.1249640427  -0.0516173217
  2 8   0.1276352875  -0.0150789251   0.0183440171   0.0057258528   0.1354754651
  2 9  -0.1478352759  -0.0005217439  -0.0813559635  -0.0029348077  -0.0725658529
  210  -0.0358666488  -0.1004449117  -0.0620015676  -0.0104152799   0.0106600451
  211  -0.0081009867   0.0485008530   0.0030192122   0.0541495084   0.0117701187
  212  -0.0871291126  -0.0303366532   0.0298497417  -0.0010938022  -0.0416465572
  213   0.0052284629   0.0347206760  -0.0537391400   0.0006311899   0.0279814884
  214   0.0532453469   0.0779034901   0.0114388197  -0.0233435731  -0.0081186935
  215   0.0115872286   0.0297156650   0.0156046005   0.0782507527   0.0774706344
  216   0.0212765861   0.0021860444  -0.0461451316   0.0028082733  -0.0096297351
  217   0.1268356261  -0.0740896818  -0.0635018665  -0.0151554644  -0.0211586925
  218  -0.0174341141  -0.0192172553   0.0054978360   0.0067899081  -0.0124288895
  219   0.0051536700   0.0060280170  -0.0252609239  -0.0228278978  -0.0085187681
  220   0.0117193761   0.0277090840  -0.0010873475  -0.0500650410   0.0028990626
  221  -0.0445615647   0.0319125623  -0.0310887272   0.0491050398   0.0499639812
  222  -0.0072130904   0.0427167783   0.0081848850  -0.0345372948   0.0067912603
  223   0.0750285391  -0.0156778766  -0.0077020728  -0.0134672950   0.0018463675
  224   0.0028886850  -0.0021478124   0.0040482018   0.0431318207   0.0072291761
  225   0.0089313014  -0.0373547487  -0.0102560709   0.0037027676   0.0081084772
  226   0.0294438007   0.0736680110  -0.0548853024  -0.0201512014  -0.0142312656
  227   0.0111570436   0.0752853968  -0.0036001499  -0.0337188653  -0.0447670322
  228  -0.0104125935  -0.0016595035   0.0002648269   0.0001353872   0.0007159635
  229  -0.0002618034  -0.0001069799  -0.0000426261   0.0001063676  -0.0000300813
  230   0.0000578719   0.0000623136  -0.0000085673  -0.0001144548   0.0000449771
  231   0.0000036316  -0.0000953064  -0.0000320268   0.0000140179  -0.0000398610
  232   0.0000880915   0.0000501629   0.0000006233   0.0000561827   0.0000312404
  233   0.0000400002   0.0000421027   0.0000918140  -0.0000223504   0.0000203383
  234   0.0000192778  -0.0000263711   0.0000194594   0.0000392460  -0.0000123245
  235  -0.0000106445  -0.0000112580  -0.0000043100  -0.0000008193   0.0000327159
  236   0.0000050028   0.0000033952   0.0000076283   0.0000008533   0.0000135392
  237  -0.0000052406   0.0000095351   0.0000053422   0.0000196014   0.0000089607
  238   0.0000138120  -0.0000047713  -0.0000068590   0.0000140474   0.0000168816
  239   0.0000109789  -0.0000178512   0.0000121258  -0.0000420094   0.0000214134
  240   0.0000055471   0.0000005793  -0.0000064322  -0.0000018417  -0.0000032555
  241   0.0000065996  -0.0000002602   0.0000063010  -0.0000132026  -0.0000018903
  242  -0.0000371826  -0.0000139090   0.0000097971   0.0000067145   0.0000107013
  243  -0.0000200823  -0.0000193247   0.0000100190  -0.0000034985  -0.0000106963
  244   0.0000584410   0.0000036958   0.0000005745   0.0000020902  -0.0000026162
  245   0.0000004420  -0.0000015897  -0.0000006412  -0.0000006829   0.0000000558
  246  -0.0000000577   0.0000000772   0.0000002699   0.0000000589   0.0000002813
  247  -0.0000005137  -0.0000002292   0.0000009056   0.0000002725
  3 1   0.0408662269   0.0066391619   0.0184559103  -0.0186951897  -0.0829692268
  3 2  -0.0405315349  -0.1087385500   0.1524139721   0.0426832809   0.0900114622
  3 3  -0.0010056313  -0.0126152967  -0.1553653899  -0.0101314756  -0.0089788273
  3 4  -0.2237732421  -0.1227810950  -0.3159214633   0.0719989899  -0.1504817222
  3 5  -0.0041127564  -0.0293386993   0.0251316561   0.0155921500  -0.2276760229
  3 6  -0.0562326709  -0.0030475246  -0.0608563644  -0.1529334777   0.0090440417
  3 7  -0.0239087611  -0.0464842016   0.1086133335  -0.0496866160   0.0635661589
  3 8  -0.0093114824  -0.0032447272  -0.0724501553  -0.0089476578  -0.0218495004
  3 9  -0.0508241576   0.0026267229  -0.0473866020   0.0115830309   0.0401463204
  310   0.0546612710  -0.0224781330  -0.0090117029   0.0050463875   0.0047357606
  311  -0.0103508934  -0.0161198641   0.0404584042   0.0140187969   0.0043759347
  312  -0.0048520211  -0.0104223966   0.0053868759   0.0097128059  -0.0037972010
  313  -0.0064115720   0.0174536306  -0.0706684496   0.0040023203  -0.0254649381
  314   0.0126510420   0.0656090292   0.0010714584   0.0185332739   0.0139647172
  315   0.0287342135   0.0386020985  -0.0514743211   0.0053836794  -0.0019415449
  316   0.0077613461   0.0437226914  -0.0405940936   0.0405240508   0.0023968918
  317   0.0116079656   0.0713261004  -0.0171173484   0.0640277338  -0.0184005056
  318  -0.0220364925  -0.0636318221   0.0806131566  -0.0162675018   0.0467127108
  319   0.0606225194  -0.0198627841   0.0048798298   0.0175611147  -0.0075433404
  320  -0.0326940768  -0.0501248928   0.0084467877   0.0233263807  -0.0114074682
  321  -0.0306991492  -0.0905648083   0.0207855298  -0.0687393278   0.0182894498
  322   0.0409191201  -0.0140973779  -0.0067486721  -0.0192651376   0.0011030069
  323  -0.0681634250   0.0156261057   0.0045277343  -0.0099814656   0.0005091047
  324  -0.0021356652  -0.0014800127  -0.0009369769  -0.0423840468  -0.0050135054
  325  -0.0162559087   0.0209855698   0.0049469433  -0.0049283295  -0.0058926347
  326  -0.0187568735  -0.0456213364   0.0170352666  -0.0146999548  -0.0128010805
  327   0.0001208256  -0.0269814627   0.0023204793   0.0139588641   0.0197015382
  328   0.0048658327  -0.0003723828   0.0003686346   0.0000447522  -0.0001398316
  329   0.0001824110   0.0001839537   0.0001328731  -0.0001274942   0.0000122298
  330  -0.0000448681   0.0001533722   0.0000639987  -0.0000785289  -0.0000674923
  331   0.0000317347  -0.0000092572   0.0000239905  -0.0000669341  -0.0000084335
  332   0.0000179784  -0.0000110954  -0.0000017726   0.0000259740  -0.0000014519
  333  -0.0000070676   0.0000248888   0.0000211193  -0.0000029928  -0.0000149083
  334  -0.0000007641   0.0000014676   0.0000138673  -0.0000048653  -0.0000045645
  335   0.0000259456   0.0000115103  -0.0000062169   0.0000203553  -0.0000166574
  336  -0.0000092846  -0.0000040225  -0.0000121852   0.0000035446   0.0000033768
  337  -0.0000037477   0.0000114375   0.0000058408  -0.0000037167  -0.0000005014
  338   0.0000016436   0.0000065615  -0.0000064454  -0.0000034331   0.0000044491
  339  -0.0000047965   0.0000013822  -0.0000078822   0.0000080534  -0.0000006400
  340   0.0000016655  -0.0000033185   0.0000092273   0.0000034396  -0.0000003633
  341   0.0000018445   0.0000070433   0.0000009783   0.0000014607  -0.0000009869
  342   0.0000055268   0.0000143471  -0.0000006786  -0.0000044894  -0.0000037052
  343   0.0000250165   0.0000032690  -0.0000121798  -0.0000050067  -0.0000151584
  344   0.0000093020  -0.0000047981   0.0000016172  -0.0000018205  -0.0000011466
  345  -0.0000014660   0.0000015686  -0.0000012868   0.0000005225   0.0000002882
  346  -0.0000000362  -0.0000000374  -0.0000003041   0.0000000898   0.0000002250
  347  -0.0000004872  -0.0000005736   0.0000013163  -0.0000001352
  4 1   0.0008455906   0.0049019027  -0.0003843597  -0.0022954522  -0.0346778617
  4 2   0.0700913285   0.0300889244  -0.0243389023   0.0074798412   0.1107216017
  4 3   0.0018078110   0.0019558928  -0.0307085968  -0.0105214780  -0.0165015487
  4 4  -0.0150975622   0.0062223307  -0.0432222062   0.1303276300   0.0725305069
  4 5   0.0853381541  -0.0519483294  -0.0114672688   0.0408470352  -0.0523060312
  4 6  -0.1762024671   0.0236900024  -0.0094192626  -0.0138475396   0.0049987093
  4 7   0.0365866785   0.0250567929  -0.0755053813  -0.0144612512  -0.0510754452
  4 8   0.0201518245  -0.0054115092   0.0158544500   0.0684434101   0.0690225168
  4 9  -0.0208565380  -0.0337378201  -0.0642301940   0.0058368383  -0.0168032572
  410  -0.0442510442  -0.0259380534  -0.0131492835   0.0243139622   0.0046317812
  411  -0.0036864147   0.0048097990   0.0212430065   0.0075578872  -0.0064202524
  412  -0.0716265061  -0.0165475731   0.0023516124  -0.0017317370  -0.0091068959
  413  -0.0010749344   0.0234867733   0.0000713204  -0.0022669170   0.0223852045
  414   0.0104940993   0.0182536352   0.0039218577  -0.0316723355  -0.0258815510
  415  -0.0296139441  -0.0204587826   0.0540151380   0.0512509092   0.0382240290
  416   0.0050454280  -0.0356251077   0.0108582334  -0.0280634573   0.0054627680
  417   0.1226704817  -0.1259951637  -0.0453149156  -0.0479161005  -0.0186015456
  418  -0.0095648694  -0.0028226390  -0.0329591007   0.0277798967  -0.0333226635
  419  -0.0236928034   0.0139680521  -0.0468284578  -0.0481932297  -0.0130690654
  420   0.0158954072   0.0278785462  -0.0007406154  -0.0812875715  -0.0081205473
  421  -0.0959553388   0.0255177523  -0.0474173898   0.0781288754   0.1265916313
  422   0.0651880787   0.0667165016  -0.0218045183  -0.1346693546   0.0238952620
  423   0.0080890177   0.0104808724   0.0017938184  -0.0707456353   0.0001494442
  424   0.0065582116  -0.0068973899   0.0060966209  -0.0336253761   0.0050754589
  425  -0.0594495820   0.0128450950   0.0075352977  -0.0062248201   0.0006883940
  426  -0.0324194815  -0.2030708442  -0.0652130943  -0.2318925181  -0.2215663263
  427   0.0425167094  -0.1275098572   0.0159557383   0.0759927765   0.0831095550
  428   0.0338980415   0.0009259560  -0.0000461653   0.0002421952   0.0005815990
  429  -0.0001646796  -0.0002286296  -0.0000994581   0.0000048870  -0.0000264052
  430  -0.0000088265  -0.0001489128  -0.0000045161  -0.0000266182   0.0000125435
  431   0.0000066139  -0.0000483614  -0.0000036027   0.0000098227   0.0000110226
  432   0.0000070651   0.0000204898  -0.0000108465   0.0000303436   0.0000313496
  433   0.0000185963  -0.0000019320   0.0000237587  -0.0000025750  -0.0000000020
  434   0.0000143741  -0.0000119055   0.0000155422   0.0000154620  -0.0000023966
  435   0.0000120029  -0.0000080479   0.0000010191  -0.0000077506   0.0000250667
  436   0.0000024772   0.0000060591   0.0000070218   0.0000034351   0.0000008161
  437  -0.0000020366  -0.0000026151   0.0000089538   0.0000084696   0.0000004860
  438   0.0000055353  -0.0000000500  -0.0000013249   0.0000081440   0.0000073854
  439  -0.0000015077  -0.0000039357   0.0000054730  -0.0000059996   0.0000068285
  440   0.0000008922  -0.0000019625  -0.0000065603   0.0000010477  -0.0000008093
  441   0.0000043632  -0.0000045493   0.0000002739  -0.0000044662   0.0000000799
  442  -0.0000082038  -0.0000088352   0.0000019289   0.0000043240   0.0000013973
  443   0.0000012676  -0.0000140464  -0.0000015784  -0.0000048507  -0.0000002266
  444   0.0000075213   0.0000026408  -0.0000000803   0.0000002730  -0.0000000273
  445  -0.0000000767  -0.0000012820   0.0000003567  -0.0000002152  -0.0000000121
  446  -0.0000000577  -0.0000001923   0.0000001134  -0.0000000281   0.0000001640
  447   0.0000008547   0.0000001208  -0.0000006782   0.0000000167
  5 1  -0.0380950083  -0.0233617989   0.0354698547  -0.0157030016   0.1216076028
  5 2  -0.0655253173   0.0259895972   0.0623103897   0.0066826840  -0.0061900320
  5 3  -0.0062993697   0.0289709981   0.0311633680  -0.0182649756   0.0196983510
  5 4  -0.0398961308  -0.0213902581   0.0617463460  -0.0060443429  -0.1090547900
  5 5  -0.0921493954  -0.1185442448   0.0274423772   0.0114188926  -0.0020423743
  5 6  -0.0467542800   0.0688928926   0.0896362356  -0.0476912313   0.0542507980
  5 7   0.0443520393   0.0394494676  -0.0273431926  -0.0498152198  -0.0316659235
  5 8  -0.0579299512   0.0178215839   0.0684045944   0.1375911466  -0.0960762267
  5 9   0.0802819440  -0.0486946386  -0.0130768210   0.0574037782   0.0189468651
  510  -0.0387642784   0.1203992758   0.0402496900   0.1142837396  -0.0008412647
  511   0.0031237306   0.0110569886   0.1086950472  -0.0718687693  -0.0399144740
  512   0.0146273631   0.0474947309  -0.0612872972   0.0125880449   0.1225693115
  513  -0.0332425368   0.0941198242   0.1014338427  -0.0375100577  -0.0050653753
  514  -0.0991645704  -0.1742490105  -0.0444128468   0.0544492098  -0.0097569203
  515  -0.1252257232  -0.0772586360  -0.0079881065   0.0265350278   0.0291460668
  516  -0.0094469764   0.0149680216   0.0603316720   0.0401165931   0.0913435393
  517   0.0501243751   0.0481615921   0.0363029625   0.0282278557  -0.0482216569
  518  -0.0221666529  -0.0262317068   0.0271509793   0.0772424449   0.0394477611
  519   0.0101131141  -0.0024708715  -0.0139502759   0.0135448355   0.0066309370
  520   0.0032362887  -0.0368091243   0.0000780504   0.0193630650   0.0351059421
  521  -0.0621022321   0.0290293619  -0.0299720594   0.0327021837  -0.0514608040
  522   0.0787924681  -0.0493178442  -0.0909242307  -0.0267271951   0.0245248140
  523   0.0313844620   0.0165173719   0.0004737307  -0.0080100409   0.0037722936
  524  -0.0165969818  -0.0229342146   0.0407763418  -0.0368433883  -0.0116751959
  525   0.0263838845  -0.0697487791  -0.0290326737  -0.0192189712  -0.0123445936
  526   0.0291845050   0.0815913446  -0.0656036671  -0.0649748894  -0.0341869338
  527   0.0664274563  -0.0150552906   0.0073943884   0.0060913988  -0.0005490923
  528   0.0190828458  -0.0009584450  -0.0002428146   0.0003251297   0.0003344771
  529  -0.0004175332  -0.0002133419  -0.0000457481   0.0003683833   0.0000259368
  530   0.0000666452   0.0002171235   0.0000588322  -0.0000209867   0.0000667630
  531  -0.0000135995  -0.0000528231  -0.0000381411   0.0000473946  -0.0000417841
  532   0.0000759444   0.0000588965   0.0000023436   0.0000032128   0.0000103769
  533   0.0000269389  -0.0000205652   0.0000396279  -0.0000234520   0.0000031890
  534   0.0000296801  -0.0000150411   0.0000131419   0.0000128282  -0.0000200082
  535  -0.0000324363  -0.0000156612   0.0000059971  -0.0000089850   0.0000382545
  536   0.0000017339   0.0000138207   0.0000054273  -0.0000040387   0.0000129080
  537  -0.0000021037   0.0000007694   0.0000080101   0.0000148974   0.0000041196
  538   0.0000038149  -0.0000077178   0.0000046270   0.0000099780   0.0000021639
  539   0.0000021488  -0.0000142989   0.0000157465  -0.0000204243  -0.0000025982
  540  -0.0000006591   0.0000009825  -0.0000011471   0.0000000576   0.0000012464
  541   0.0000052790  -0.0000031057   0.0000013547  -0.0000058512   0.0000068883
  542  -0.0000310026  -0.0000063871   0.0000009538   0.0000079017   0.0000033252
  543  -0.0000361767  -0.0000065679   0.0000263529   0.0000001632   0.0000065743
  544   0.0000261595   0.0000063154   0.0000033734   0.0000031086  -0.0000003758
  545   0.0000016672  -0.0000019053   0.0000006218   0.0000002750  -0.0000001708
  546   0.0000004070  -0.0000001772   0.0000000210   0.0000002675  -0.0000000061
  547  -0.0000005584   0.0000000790  -0.0000017027   0.0000002717
  6 1   0.0365231378   0.0522483552  -0.0966779061   0.0140853636  -0.0615959183
  6 2  -0.0692299937  -0.1013498797   0.1004924211   0.0130041387   0.0898431301
  6 3  -0.0088027177  -0.0241508423  -0.1756495118   0.0290752773  -0.0164645685
  6 4  -0.0247730254  -0.0001351635   0.0779561541  -0.0374513149   0.0181133066
  6 5   0.0015070354  -0.0614546706   0.0040241139  -0.0151599588   0.1265314152
  6 6   0.0979149828   0.0982107295   0.2981387012   0.1229378687  -0.0065778002
  6 7   0.0136744639   0.0458361533  -0.1416035015   0.0707759804   0.0052856333
  6 8   0.0599769700   0.0169247736   0.0810411564   0.0261932444   0.0058198029
  6 9   0.1212697443  -0.0264652415   0.0291624582   0.0059130268  -0.2545979734
  610  -0.1331666168   0.0651372563   0.0284294802  -0.0084449886  -0.0064532853
  611   0.0110756644   0.0299541538  -0.0038544517  -0.0697851702  -0.0212336970
  612  -0.0476364159  -0.0163405299  -0.0076754298   0.0112440729   0.0030366470
  613   0.0027477351  -0.0592445724   0.0925233627  -0.0395585432   0.0200960386
  614  -0.0062252891  -0.0186982503   0.0166292824  -0.0726288821   0.0057140557
  615   0.0459153939   0.0531340656  -0.0164249590   0.0240617219   0.1373683409
  616   0.0211946958  -0.0008727218  -0.0386130772  -0.0302011347   0.0152244671
  617   0.0829079918  -0.0420770314  -0.0460563728  -0.0429678494  -0.0077681858
  618  -0.0276317973   0.1062477227   0.0204855018   0.0472119135  -0.0308194416
  619   0.0650108592  -0.0146056271   0.0072593943   0.0291856556  -0.0053250866
  620   0.0155908851  -0.0296140339   0.0058786829   0.0153074534   0.0356944093
  621   0.0715896884  -0.1240584210   0.1049603532  -0.0398616567   0.0031837456
  622   0.0072660403   0.0149006579   0.0040853050   0.0250533241  -0.0793727102
  623  -0.0276091878  -0.0049892605  -0.0014921654   0.0195917327   0.0059721560
  624  -0.0038574059   0.0038970486  -0.0090993274  -0.0122924025   0.0026618211
  625  -0.0009601390   0.0077662031   0.0028860297   0.0018145361  -0.0001874751
  626  -0.0025402099   0.0019921895   0.0099484130   0.0184893800   0.0185901493
  627  -0.0043684652   0.0061065089  -0.0014374506  -0.0046139306  -0.0030652265
  628   0.0009618802  -0.0005734636   0.0001783795   0.0002301805  -0.0001997749
  629  -0.0000144084   0.0001831734   0.0000642012  -0.0001085193   0.0000728796
  630  -0.0000016013   0.0002445264  -0.0000324070  -0.0000053906   0.0000296316
  631  -0.0000473698  -0.0000003629   0.0000142224   0.0000052302   0.0000090375
  632   0.0000375172   0.0000050432   0.0000200362   0.0000209567  -0.0000155099
  633   0.0000170373  -0.0000184538   0.0000384430  -0.0000226556  -0.0000270803
  634   0.0000111600   0.0000149241   0.0000023804  -0.0000074090  -0.0000098611
  635   0.0000018305   0.0000072568   0.0000024644   0.0000056102   0.0000065669
  636  -0.0000015738   0.0000104974  -0.0000001475   0.0000043670  -0.0000040081
  637   0.0000002390  -0.0000007653   0.0000175388   0.0000007617  -0.0000064978
  638  -0.0000017652  -0.0000043846  -0.0000051224  -0.0000055942   0.0000065726
  639  -0.0000119920  -0.0000047625  -0.0000023628   0.0000164899  -0.0000040474
  640  -0.0000071787   0.0000019001  -0.0000058519  -0.0000032635   0.0000030360
  641   0.0000027205   0.0000023075  -0.0000054149  -0.0000019202   0.0000002268
  642  -0.0000008327   0.0000056596  -0.0000071907   0.0000035131  -0.0000015130
  643   0.0000022776   0.0000080803  -0.0000033157   0.0000023827  -0.0000045035
  644  -0.0000142075  -0.0000014086   0.0000023629  -0.0000020359  -0.0000000817
  645  -0.0000015019   0.0000004197  -0.0000005250   0.0000003901   0.0000004191
  646   0.0000003141  -0.0000001428  -0.0000003878  -0.0000000094   0.0000000314
  647  -0.0000005588  -0.0000006735  -0.0000005870  -0.0000002321
  7 1  -0.0067628885   0.0084136987  -0.0043231321  -0.0006872248  -0.0346727168
  7 2   0.0705048704   0.0295803534  -0.0254649498   0.0071229157   0.1112056706
  7 3  -0.0014794106  -0.0001105678  -0.0364738829  -0.0081533583  -0.0142163278
  7 4  -0.0099472768   0.0060068136   0.0139605013   0.0565554728   0.0400161346
  7 5   0.0608041455   0.0005256206   0.0260857285   0.0379564352  -0.0176212501
  7 6  -0.0904207397   0.0219806530   0.0310462186   0.0308652699   0.0096305049
  7 7   0.0116331604   0.0125096249   0.0054122949   0.0451699239  -0.0637978277
  7 8  -0.0057360528   0.0053472769   0.0069895518   0.0429549838   0.0404744152
  7 9  -0.0320677430  -0.0028165708   0.0036810891  -0.0080062144  -0.0107960796
  710   0.0165010082  -0.0288194271  -0.0005249132  -0.0094494110   0.0039487727
  711   0.0009806634   0.0572192224   0.0509712754   0.0454213745  -0.0311506830
  712  -0.0238622710  -0.0168282407   0.0070387181   0.0059346942  -0.0081430899
  713  -0.0623897244   0.1291361539  -0.0523632482   0.0365045775  -0.0185899256
  714   0.0008645513   0.0232323489  -0.0409721448  -0.0004125178  -0.0220007316
  715  -0.1220159862  -0.0272733330   0.0864433285   0.1788230411  -0.0818239777
  716  -0.0079066032  -0.0429683147   0.0455814909  -0.0373552201  -0.0333289212
  717   0.0941940064  -0.1283692406   0.0237372534  -0.0247660298   0.0016570023
  718   0.0156802251  -0.1010677214  -0.0240136190   0.0536028317   0.0434070239
  719  -0.0570247673   0.0138726201  -0.0136024266  -0.0179498156   0.0082900156
  720  -0.0148727712   0.0030557655   0.0034456340   0.0033053287  -0.0134333932
  721  -0.1105257354  -0.0944930783  -0.0142289399  -0.0616139162  -0.0617679363
  722   0.0847964093  -0.0390518834  -0.0376852790   0.0047071899  -0.0268205438
  723  -0.1601413394   0.0729095274   0.0214155852   0.0186542484  -0.0233771861
  724  -0.0101028887   0.0023030824   0.0071818431  -0.0818725417  -0.0162521771
  725  -0.0746949541   0.0406088984  -0.0036678031  -0.0407829526  -0.0073436029
  726  -0.0184130765   0.0797727858   0.1178198199   0.2432162110   0.2355136045
  727  -0.0005309186   0.0251127962  -0.0080059570  -0.0515713630  -0.0591617836
  728  -0.0333341901  -0.0001192042  -0.0002736040  -0.0005591545  -0.0011955119
  729   0.0003316370   0.0005736559   0.0003157100  -0.0001664928  -0.0000645185
  730   0.0000199978   0.0000355403   0.0001483636  -0.0000016136  -0.0000456031
  731   0.0000708868   0.0000020962  -0.0000080073   0.0000762597   0.0000325319
  732  -0.0000781183  -0.0000647131   0.0000649922  -0.0000311320   0.0000179500
  733   0.0000132747  -0.0000375892  -0.0000389156   0.0000093759  -0.0000429306
  734  -0.0000346083   0.0000119219  -0.0000347194  -0.0000143410   0.0000259940
  735   0.0000040132   0.0000044485  -0.0000144632   0.0000049933  -0.0000334344
  736  -0.0000009747   0.0000063830   0.0000026963  -0.0000096481   0.0000077722
  737   0.0000030135  -0.0000025154  -0.0000156621  -0.0000234931  -0.0000068413
  738  -0.0000066352  -0.0000008918   0.0000147170   0.0000195494  -0.0000099230
  739  -0.0000301863   0.0000226627  -0.0000160506   0.0000288590  -0.0000215743
  740   0.0000028209   0.0000018181  -0.0000030645   0.0000018717   0.0000025635
  741  -0.0000037612  -0.0000052869   0.0000020815  -0.0000028091  -0.0000064388
  742   0.0000165214   0.0000038399  -0.0000024858  -0.0000159085   0.0000017946
  743  -0.0000040607   0.0000203420   0.0000089021  -0.0000012337  -0.0000056598
  744  -0.0000325908   0.0000026950   0.0000071045   0.0000023412   0.0000018695
  745   0.0000018303   0.0000002892   0.0000009754   0.0000025791  -0.0000005440
  746   0.0000005159  -0.0000006310  -0.0000003114   0.0000001262  -0.0000003187
  747  -0.0000001124   0.0000001494  -0.0000008762  -0.0000000097
  8 1  -0.0084477426  -0.0220004908   0.0415007318  -0.0089972995   0.1097784041
  8 2  -0.0293914922  -0.0023006140   0.0380610799   0.0063524275   0.0168401829
  8 3  -0.0006463715   0.0241566198   0.0227686180  -0.0125761934   0.0033669185
  8 4   0.0032502742   0.0143748789  -0.0332666955   0.0432289573  -0.0152616054
  8 5  -0.0575576410  -0.1943143338   0.0078872788  -0.0513754569  -0.0318963408
  8 6  -0.0426820777   0.0267959495   0.0875119461  -0.0544759699   0.0748931537
  8 7   0.0783536031   0.0869859034  -0.0822384601  -0.0035843529  -0.0968667782
  8 8  -0.0687496738   0.0323586738   0.0763055472  -0.0335738734  -0.0871615777
  8 9   0.0401254576   0.0232334126  -0.0089891538  -0.0361339355   0.0275546955
  810   0.1009767020  -0.0152840001  -0.0573693741  -0.0310594911   0.0200251152
  811   0.0086658844   0.0504679431  -0.2359169815   0.1631054709   0.0703487752
  812   0.0077533725   0.0686036065   0.0327790016  -0.0326483984  -0.0490808833
  813  -0.1474712324   0.0041320067   0.0705483864   0.0498561743   0.0004608446
  814   0.0803628304   0.0616120609   0.0600104456  -0.0958261621   0.1042490309
  815   0.0576926595   0.2263891524  -0.0560170342   0.0646006583  -0.0758940517
  816   0.0297541634  -0.0105154919  -0.0545718149  -0.1013049699   0.0362271306
  817  -0.0343694679  -0.0240532477   0.0265508812  -0.0113716980   0.0279731053
  818   0.0550189149  -0.0201627838   0.0098624788  -0.0695136930   0.0197712352
  819   0.0453820855  -0.0102831639   0.0079872502   0.0267663702   0.0133333333
  820   0.0341280612   0.0071590326  -0.0138277693   0.0572990879   0.0508023060
  821  -0.0455899050   0.0933916151   0.0028109500   0.0448003819  -0.1028601794
  822   0.0273088736  -0.0173430662  -0.0443233185   0.0072210183  -0.0620073242
  823   0.0568569237   0.0314659000  -0.0008530725   0.0389676307  -0.0195894934
  824  -0.0108649622  -0.0028308360   0.0063983261  -0.0145691414   0.0096564746
  825  -0.1076668919  -0.0124138676  -0.0042344553  -0.0335785520   0.0396677740
  826  -0.0472355714  -0.0722286920  -0.0037475023   0.0054083976  -0.0571045057
  827   0.0172823681  -0.0040697749   0.0039741369   0.0004084252  -0.0255570544
  828  -0.0068078112  -0.0004662728   0.0000288029  -0.0003218007   0.0001335373
  829  -0.0003375877   0.0001436977   0.0000136869  -0.0000079988   0.0000172081
  830   0.0000447348   0.0001820464   0.0000615990  -0.0000683170   0.0000186476
  831  -0.0000225547   0.0000290624  -0.0000197113   0.0000077798  -0.0000217071
  832   0.0000449918  -0.0000124140   0.0000145444  -0.0000283207  -0.0000342664
  833   0.0000463500  -0.0000327839   0.0000192377  -0.0000243727   0.0000076477
  834   0.0000202992  -0.0000041621   0.0000189609  -0.0000085128  -0.0000028979
  835  -0.0000186509  -0.0000117636  -0.0000061688  -0.0000014817   0.0000213165
  836  -0.0000014711  -0.0000008741  -0.0000014706  -0.0000007149  -0.0000023526
  837   0.0000005804  -0.0000004144   0.0000085247   0.0000082528  -0.0000024791
  838   0.0000012101   0.0000040980   0.0000025120  -0.0000164754  -0.0000084915
  839   0.0000005481  -0.0000139196   0.0000163132  -0.0000035921  -0.0000097846
  840  -0.0000008280   0.0000013590  -0.0000041708  -0.0000050159  -0.0000028193
  841  -0.0000001649   0.0000012619   0.0000050737  -0.0000026670   0.0000053166
  842  -0.0000234838  -0.0000131489   0.0000013713   0.0000095892  -0.0000000953
  843  -0.0000326664  -0.0000025436   0.0000177029   0.0000009817   0.0000035248
  844   0.0000136643  -0.0000010118  -0.0000044008   0.0000024653  -0.0000006258
  845   0.0000015429   0.0000003857  -0.0000002502  -0.0000014944  -0.0000001425
  846  -0.0000004146   0.0000001863   0.0000003328   0.0000002252  -0.0000002316
  847  -0.0000041046  -0.0000007022  -0.0000005186   0.0000001220
  9 1   0.0065140078   0.0387340749  -0.1040893557   0.0104972417  -0.0399859014
  9 2  -0.0986364380  -0.0940849617   0.0478709657  -0.0168409458   0.0899029168
  9 3  -0.0189437360   0.0126615803  -0.0667097612   0.0143023318  -0.0014809177
  9 4   0.0556752557   0.0545422602   0.2080470204  -0.0327832164   0.0884201197
  9 5  -0.0981537396  -0.0728092349   0.0844208247  -0.0323914457   0.0966127907
  9 6   0.0051276355   0.0008959220  -0.0532140741  -0.0781480224   0.0367385751
  9 7   0.0078301118  -0.0090574926   0.0039860335  -0.0400066723  -0.0438617839
  9 8  -0.0821786076  -0.0018538313  -0.0128931519   0.0094908964   0.0137511562
  9 9  -0.0562491824  -0.0131990040  -0.0629471122   0.0378531475   0.3700288108
  910   0.1753199775  -0.1298145563  -0.1859700774  -0.0015730767   0.0396989560
  911  -0.0223465417  -0.0602568037  -0.0011822791   0.1483582865   0.0075233592
  912   0.0397045582   0.0443313517   0.0029887640  -0.0284021644  -0.0021020327
  913   0.0012079449   0.0239064481   0.0113727160  -0.0139361694  -0.0396873783
  914   0.0642776425   0.0125517872   0.0133414827   0.0038642568  -0.0109108491
  915  -0.0218163332  -0.0308226703  -0.0141099689  -0.0111313424   0.0364437190
  916  -0.0048388203   0.0046560191   0.0395117660   0.0079765122   0.1002742775
  917   0.0328938934  -0.0625104865  -0.0011980792  -0.0790438137  -0.0469779743
  918  -0.0377863392   0.0470522251  -0.0277612755   0.0981036517  -0.0442637610
  919   0.0583964707  -0.0005217608   0.0847165781  -0.0012105593  -0.0233827927
  920  -0.0385662610  -0.0006368541  -0.0013962280  -0.0155587901  -0.0185319307
  921   0.0205365418  -0.0606229087  -0.0106908071  -0.0810117538  -0.0292852430
  922  -0.0699694186  -0.0264078773   0.0370979592   0.0382430640   0.0722993318
  923  -0.0039779655  -0.0093324185  -0.0016955673  -0.0237856621   0.0068403039
  924   0.0049472538  -0.0002085712   0.0040961289   0.0291992970  -0.0056373830
  925   0.0247168810  -0.0007792450   0.0011516386   0.0078310527  -0.0044886053
  926   0.0074685498   0.0067046789  -0.0114188063  -0.0082973659  -0.0047869392
  927  -0.0041145259   0.0045930097  -0.0010921241   0.0023221423   0.0041783020
  928   0.0042612036  -0.0004030022  -0.0002573364   0.0001849547   0.0000812503
  929  -0.0000399714   0.0002605075   0.0001985760   0.0000771291   0.0000616147
  930   0.0001056082  -0.0001138663   0.0000784960  -0.0001621552   0.0000378910
  931   0.0001373021  -0.0000119561   0.0000230033   0.0000085556   0.0000081573
  932   0.0000084667  -0.0000404516   0.0000425403  -0.0000004771  -0.0000412619
  933   0.0000088361   0.0000089784  -0.0000019586   0.0000044760  -0.0000007030
  934   0.0000178790   0.0000140930   0.0000186995   0.0000129798  -0.0000036312
  935  -0.0000346053  -0.0000006601  -0.0000072250   0.0000084646  -0.0000184907
  936  -0.0000046772   0.0000062414  -0.0000013575  -0.0000076324   0.0000115658
  937   0.0000079090   0.0000003336   0.0000057426  -0.0000088789  -0.0000074880
  938  -0.0000015595  -0.0000058861   0.0000075173   0.0000275128   0.0000023717
  939  -0.0000259673  -0.0000040568  -0.0000228430   0.0000143460  -0.0000030963
  940   0.0000087408   0.0000028887  -0.0000105355  -0.0000041839   0.0000000557
  941  -0.0000027476   0.0000064962  -0.0000006998  -0.0000003078  -0.0000021736
  942  -0.0000280945  -0.0000054902   0.0000016192   0.0000032491   0.0000039463
  943  -0.0000121975   0.0000029326   0.0000198710   0.0000059200  -0.0000187719
  944  -0.0000252304   0.0000027739   0.0000062132   0.0000020579  -0.0000005011
  945   0.0000013824  -0.0000000531  -0.0000007428   0.0000018662   0.0000001253
  946   0.0000003376  -0.0000003293  -0.0000003068   0.0000001108   0.0000003978
  947   0.0000006060  -0.0000006151   0.0000007585  -0.0000005875
 10 1  -0.0227815058   0.0044999782   0.0171393911   0.0045056066  -0.0345905345
 10 2   0.0701919962   0.0298612042  -0.0251169347   0.0071788577   0.1109652217
 10 3  -0.0004678162  -0.0006031184  -0.0291395312  -0.0108181015  -0.0133923077
 10 4   0.0003252597   0.0042093858   0.0509969766   0.0120346503  -0.0111205690
 10 5  -0.0019393818   0.0210327799   0.0391812419   0.0238696366  -0.0059807862
 10 6  -0.0698208729   0.0062719684   0.0112083943   0.0120807373   0.0287486786
 10 7  -0.0009311270   0.0127113777   0.0700808111   0.0514182701  -0.0900705160
 10 8  -0.0567341567   0.0207167803  -0.0322319002   0.1122807542  -0.0119431226
 10 9  -0.0262188405   0.0073043864   0.1135763389  -0.0090088018   0.0004685437
 1010   0.0623856103  -0.0094324946   0.0587137275  -0.0013301337   0.0069732362
 1011  -0.0116114512   0.0416987853   0.0584663853   0.0301234383  -0.0700705082
 1012  -0.0117895080  -0.0433482064  -0.0028970253   0.0124833344  -0.0162853407
 1013  -0.0320958496   0.0355252601   0.0161813405   0.0274661696   0.0065093091
 1014  -0.0194648356  -0.0390201480  -0.0471256081  -0.0952697784  -0.0541820490
 1015  -0.0845509320  -0.0568938958   0.1079469885   0.1666232833   0.0514247285
 1016  -0.0039971181  -0.0372677741   0.0204146451  -0.1076629330  -0.0849346476
 1017  -0.0678199961  -0.0290951498   0.0147153326  -0.0117259274   0.0134300047
 1018   0.0239224490  -0.1309612616   0.0059423425  -0.1271146585   0.0169590356
 1019   0.0495204230  -0.0426458880  -0.0020698462   0.0234496158  -0.0019950624
 1020  -0.0392822511  -0.0622153972  -0.0048967086   0.0889899800   0.0016854340
 1021   0.0789120509  -0.0153352019   0.0585688413  -0.0625285929  -0.0122089620
 1022  -0.0667756344  -0.0684262050   0.0238517427   0.0790690835   0.0016155355
 1023   0.0839730064  -0.0237828555  -0.0140913021   0.0594183388   0.0052692288
 1024   0.0051009202   0.0081472518  -0.0223865671   0.0943795698   0.0094371176
 1025   0.1259260966  -0.0503630129   0.0016948497   0.0820908852   0.0082272577
 1026  -0.0449900821   0.0304959253  -0.0480292217  -0.1159369856  -0.1540730286
 1027  -0.0418334483   0.0307636028   0.0050196265   0.0458139876   0.0222833639
 1028   0.0368922161   0.0003042960  -0.0001100246   0.0006641801   0.0026565119
 1029  -0.0007953966  -0.0012626498  -0.0006029193   0.0008434924   0.0000748646
 1030   0.0000194790   0.0001190485   0.0000642276  -0.0001513300   0.0001689088
 1031   0.0000133037  -0.0002437698  -0.0001792833  -0.0000666812  -0.0000858129
 1032   0.0001558149   0.0002085850  -0.0000548941   0.0000265374   0.0000525147
 1033  -0.0000150166   0.0000722250   0.0001676420  -0.0000242026   0.0000756627
 1034   0.0000676614  -0.0000758593   0.0000458322   0.0000922191  -0.0000724031
 1035  -0.0000657939  -0.0000654961   0.0000259702  -0.0000323350   0.0001390836
 1036   0.0000034526   0.0000135709   0.0000183057   0.0000083678   0.0000045372
 1037  -0.0000178047  -0.0000012152   0.0000263913   0.0000573082   0.0000370532
 1038   0.0000271819   0.0000023181  -0.0000132223  -0.0000071958   0.0000198439
 1039   0.0000572121  -0.0000521398   0.0000604991  -0.0001321557   0.0000590890
 1040  -0.0000014530  -0.0000024064  -0.0000091520   0.0000037610  -0.0000004947
 1041  -0.0000015505  -0.0000035930   0.0000073448  -0.0000099093   0.0000091734
 1042  -0.0000700547  -0.0000261834   0.0000282602   0.0000262691   0.0000327660
 1043  -0.0000492950  -0.0000693207   0.0000410543  -0.0000190579   0.0000130755
 1044   0.0001528164   0.0000090078  -0.0000095625   0.0000038849  -0.0000053653
 1045   0.0000009457  -0.0000055259  -0.0000006599  -0.0000049912   0.0000001339
 1046   0.0000000135   0.0000005489   0.0000013028   0.0000000950   0.0000010063
 1047  -0.0000011720  -0.0000003877  -0.0000000571   0.0000012799
 11 1   0.0424190294  -0.0115447211   0.0326619518   0.0110765147   0.0978795712
 11 2   0.0060699393  -0.0312194810   0.0133929971   0.0063904640   0.0405234469
 11 3   0.0039062298   0.0134810679   0.0062063861  -0.0026780400  -0.0012343803
 11 4   0.0336413323   0.0365505808  -0.0676707944  -0.0321750865   0.0469663634
 11 5  -0.0421723038  -0.1427873946   0.0083104027  -0.0757521460  -0.0178983154
 11 6  -0.0345675103  -0.0060535176   0.0204222866  -0.0086520639  -0.0121626806
 11 7   0.0466461764   0.0397244796   0.0052474133   0.0886131598  -0.1387737191
 11 8  -0.0130991364   0.0149066142  -0.0104984057  -0.1423443808   0.0387921283
 11 9  -0.0470381907   0.0436294723  -0.0176010836  -0.0743976107  -0.1170789185
 1110   0.1001232982  -0.0634967444   0.1975406939  -0.2009356781   0.0243317153
 1111  -0.0077730774  -0.0074345490   0.0702706180   0.0024960685  -0.0215564119
 1112  -0.1106171676   0.0283664312  -0.0038579889   0.0782918914   0.0921154648
 1113   0.0697362371  -0.0130088986   0.0113747886  -0.0633752405  -0.1180330100
 1114   0.0334778021   0.0552031807  -0.0694633384   0.0713229391  -0.0363631804
 1115   0.0043360764  -0.1678275382  -0.0030873819  -0.0674783149   0.1913467373
 1116  -0.0081120084  -0.0034707171   0.0491395261   0.0177398231   0.0695887313
 1117  -0.0054740839   0.0425369624  -0.0463647599  -0.0541030575  -0.0488918816
 1118   0.0051502511  -0.0051468293  -0.0121588180  -0.0557357665   0.0028858378
 1119  -0.0364370347  -0.0196413235   0.0142567498   0.0250622193   0.0006820891
 1120  -0.0159506552  -0.0329718853   0.0080578202   0.0211984030   0.0888213815
 1121   0.0574754148   0.0381102686   0.0212585171   0.0341464020   0.0185994410
 1122  -0.0577774354   0.0303868560  -0.0170858894  -0.1057295910   0.0242377661
 1123   0.0098133307   0.0717223202   0.0058212656  -0.0357613897  -0.0222231117
 1124   0.0070047286   0.0085877292  -0.0131643669   0.0286119907   0.0109771362
 1125  -0.1125427678  -0.0219298174   0.0039942363   0.0310035581  -0.0081594244
 1126  -0.0810794857   0.0527307439   0.0616776809   0.0017494775   0.0691336268
 1127   0.0452903318  -0.0199906292   0.0104466542   0.0022002521  -0.0213625949
 1128   0.0386364339  -0.0021456034   0.0001236617  -0.0001243044  -0.0011116406
 1129   0.0001318706   0.0004620773   0.0002712382  -0.0000705866  -0.0000074374
 1130   0.0000155197   0.0002957615  -0.0000007406   0.0000074414  -0.0000847235
 1131   0.0000303630   0.0000808647  -0.0000050503   0.0000032860   0.0000262000
 1132  -0.0000046153  -0.0000859348   0.0000143911  -0.0000208522  -0.0000046548
 1133  -0.0000213273  -0.0000269414  -0.0000140087   0.0000275725  -0.0000079912
 1134  -0.0000156668   0.0000386348  -0.0000215437  -0.0000399998   0.0000321855
 1135   0.0000182696   0.0000171102  -0.0000143679   0.0000223423  -0.0000400165
 1136  -0.0000026023  -0.0000105628  -0.0000172725  -0.0000043745  -0.0000057648
 1137   0.0000038035   0.0000038586  -0.0000114491  -0.0000045083  -0.0000073488
 1138  -0.0000091330   0.0000047171   0.0000109144  -0.0000092077  -0.0000078883
 1139  -0.0000003853   0.0000208330  -0.0000136786   0.0000233066  -0.0000166098
 1140  -0.0000024938   0.0000027028   0.0000144985  -0.0000028125   0.0000021081
 1141  -0.0000030577   0.0000007254  -0.0000012921   0.0000058022   0.0000001133
 1142   0.0000275327   0.0000090328  -0.0000076975  -0.0000100598  -0.0000100442
 1143   0.0000268107   0.0000148202  -0.0000118949  -0.0000041476   0.0000109324
 1144  -0.0000303248  -0.0000064313   0.0000005196   0.0000006862   0.0000008131
 1145   0.0000006181   0.0000026514  -0.0000001492   0.0000008175  -0.0000001609
 1146  -0.0000001755   0.0000002665  -0.0000002998  -0.0000005476   0.0000000049
 1147  -0.0000007157   0.0000002348   0.0000001567   0.0000003033
 12 1  -0.0453777349   0.0109029000  -0.1479822441   0.0153015135  -0.0182479838
 12 2  -0.1261829400  -0.0857052820  -0.0044109152  -0.0477111535   0.0887640810
 12 3  -0.0097007723   0.0404013516   0.0243814583  -0.0001850383   0.0237020753
 12 4   0.0717492662   0.0551111752   0.0491740024  -0.0686046243   0.0774659144
 12 5  -0.0602984753  -0.0245027844   0.0561092840  -0.0362789492  -0.0645352072
 12 6  -0.1005018271  -0.0932924627  -0.2880795870  -0.1901531063   0.0052042445
 12 7   0.0115191245  -0.0152606446   0.0399063171  -0.0300790533  -0.0827387174
 12 8  -0.0581316852   0.0069987518   0.0051976116   0.0014052375   0.0569620054
 12 9  -0.0054226633   0.0242755523   0.0212093018  -0.0444436778  -0.2722217262
 1210  -0.1024524444   0.0734444138   0.2297682517  -0.0099287172  -0.0431483875
 1211   0.0304711829   0.0443739971   0.0502909028  -0.1048100355   0.0392021144
 1212  -0.0441919970   0.0088106836   0.0364967530   0.0283091710  -0.0049399703
 1213  -0.0193891791   0.0268291400   0.0336556857  -0.0246904808  -0.0065369600
 1214  -0.0261250039   0.0475438147   0.0308495329   0.0326679632   0.0527807329
 1215  -0.0131463743   0.0924335885  -0.0147502200   0.0070051267  -0.0949059754
 1216   0.0259694190  -0.0124024126  -0.0158608143   0.0235792718   0.0781924864
 1217   0.0277951348  -0.0601143063   0.0294456073   0.0497599896  -0.0087580098
 1218   0.0956219080  -0.0370239443  -0.0359595317   0.0189733049   0.0184727923
 1219  -0.0031246908   0.0045689975   0.0917412460  -0.0063498128  -0.0115633566
 1220  -0.0622614809   0.0040223180  -0.0050976005   0.0196727861  -0.1092365701
 1221   0.0284781702   0.0058264057  -0.0422943611  -0.0008000372   0.0465831219
 1222   0.0598914778   0.0064426364  -0.0026332459   0.0262647257  -0.0428397256
 1223   0.0015395615  -0.0639036035  -0.0127687003   0.0302255518   0.0173734106
 1224  -0.0057567347   0.0010182697   0.0020694987  -0.0360692065   0.0014189529
 1225   0.0334265664   0.0040055367  -0.0003516138  -0.0064590675   0.0043496211
 1226   0.0240598012  -0.0125459394  -0.0174022683  -0.0044628507  -0.0170847080
 1227  -0.0053054004   0.0024947080  -0.0021457685   0.0011524377   0.0058177112
 1228  -0.0041825489  -0.0003242515  -0.0002795489   0.0005420415   0.0005619473
 1229  -0.0004744552   0.0002794621   0.0002784290   0.0005406137   0.0000367586
 1230   0.0001098561   0.0003019334  -0.0000249916  -0.0001482148   0.0000557680
 1231   0.0000506274  -0.0001059778  -0.0000163944   0.0000085032  -0.0000634121
 1232   0.0001696600  -0.0000847605   0.0001348877   0.0000699108   0.0000430173
 1233   0.0000611833  -0.0000340825   0.0001001063  -0.0000073651   0.0000071739
 1234   0.0000234593   0.0000009170   0.0000023122   0.0000408657  -0.0000060889
 1235   0.0000124568  -0.0000182448  -0.0000166689   0.0000083790   0.0000395140
 1236   0.0000007545   0.0000124340   0.0000199311  -0.0000007377   0.0000154834
 1237   0.0000020017  -0.0000014559  -0.0000009463   0.0000137220   0.0000045535
 1238   0.0000082007   0.0000092372  -0.0000021634   0.0000290315   0.0000111729
 1239  -0.0000223899  -0.0000096729  -0.0000025573  -0.0000175812   0.0000255234
 1240   0.0000087772  -0.0000012261  -0.0000026858   0.0000028119   0.0000012085
 1241  -0.0000078805  -0.0000023940   0.0000050161  -0.0000036979  -0.0000075097
 1242  -0.0000407437  -0.0000098127   0.0000091664  -0.0000036703   0.0000267533
 1243   0.0000055166  -0.0000178012   0.0000296007  -0.0000148814   0.0000091981
 1244   0.0000026771   0.0000018337   0.0000068274   0.0000049953  -0.0000052334
 1245   0.0000020844  -0.0000000155  -0.0000029899   0.0000016354   0.0000003020
 1246   0.0000003386  -0.0000006921  -0.0000000761   0.0000007424   0.0000010893
 1247  -0.0000005695  -0.0000004389   0.0000000697   0.0000003313
 13 1   0.0383861001   0.0186687011   0.0495010250   0.0136140864  -0.0336727801
 13 2   0.0687697054   0.0304809414  -0.0267206755   0.0060796408   0.1106673729
 13 3  -0.0033920735   0.0006158527  -0.0147076285  -0.0054664072  -0.0152868012
 13 4   0.0260085328   0.0020067581   0.0630298399  -0.0423015197  -0.0589013852
 13 5  -0.0475596632   0.0470716115   0.0301411390  -0.0084419249  -0.0038406026
 13 6  -0.1211030451   0.0088792209  -0.0229121779  -0.0126053052   0.0366361043
 13 7   0.0007498048  -0.0012261089   0.1236091970  -0.0013427770  -0.0717543799
 13 8  -0.0584497330   0.0440039442   0.0005217562   0.2244170254  -0.1126004319
 13 9  -0.0027007355   0.0098631613   0.2376359611   0.0016264952  -0.1184423977
 1310   0.0090209071   0.0301242714  -0.0368531789  -0.0039116991   0.0397685633
 1311  -0.0226766471   0.0673147456  -0.1744919601   0.1286096207  -0.1123420781
 1312   0.0679556235  -0.0281652538  -0.0159429577   0.0181201598  -0.0064110644
 1313   0.0313534997  -0.0888843261  -0.0916489243   0.0540243568  -0.0241952340
 1314   0.0639299710  -0.0432173125   0.0220136779   0.0964730985   0.0611052010
 1315   0.1857886983  -0.0477279317  -0.0021008930  -0.0061285694   0.1220783511
 1316  -0.0138300519   0.0121329299   0.0285566295   0.0113831540  -0.0083524210
 1317  -0.0046004398   0.0195975334   0.0016381166   0.0207721574  -0.0254404077
 1318  -0.0438212532   0.0281671529  -0.0092923027   0.0125008697  -0.0017724466
 1319   0.0109131283   0.0090587923  -0.0030731901   0.0215944337   0.0093776297
 1320  -0.0309537499  -0.0286557387   0.0081306201  -0.0153057280  -0.0135441801
 1321   0.1227251253   0.0590626858  -0.0221999597   0.0632106900  -0.0316662918
 1322  -0.0102088296   0.0637419964  -0.0332767789   0.0343276029   0.0157402836
 1323   0.0054219086  -0.1014958179  -0.0050461458  -0.0632084901   0.0267603812
 1324   0.0009758850  -0.0124152458   0.0199602903  -0.0347425935   0.0036270920
 1325  -0.0729933024   0.0449897113  -0.0004988514  -0.0576434598  -0.0145749544
 1326   0.1051558610  -0.0472787309  -0.0353158114   0.0211716672   0.0751779554
 1327   0.0116977161  -0.0261840713  -0.0048401436  -0.0294131347   0.0036955847
 1328  -0.0205392110   0.0001485413   0.0001160958   0.0000910539  -0.0006927945
 1329   0.0000323716   0.0001458523   0.0000665483  -0.0000197616   0.0000361269
 1330   0.0000114111  -0.0002040878  -0.0000980647   0.0000537429  -0.0000261678
 1331  -0.0000001381   0.0001494981   0.0001031768  -0.0000065044   0.0000315093
 1332  -0.0000665226  -0.0000504513   0.0000130058  -0.0000292836  -0.0000292232
 1333  -0.0000098624  -0.0000202218  -0.0000717218   0.0000134690   0.0000065827
 1334  -0.0000178206   0.0000141104   0.0000004178  -0.0000470006   0.0000182289
 1335   0.0000013292   0.0000227496  -0.0000078651   0.0000157211  -0.0000401433
 1336  -0.0000002047  -0.0000057402  -0.0000113030  -0.0000029640  -0.0000029574
 1337   0.0000050269   0.0000046225  -0.0000126001  -0.0000151912  -0.0000103083
 1338  -0.0000120146  -0.0000000207   0.0000062601  -0.0000065386  -0.0000006530
 1339  -0.0000141658   0.0000074907  -0.0000197192   0.0000582120  -0.0000301416
 1340   0.0000019352   0.0000051315   0.0000018375  -0.0000047379   0.0000001203
 1341   0.0000042771   0.0000064945  -0.0000019016   0.0000067116  -0.0000003894
 1342   0.0000106301   0.0000027087  -0.0000096165   0.0000043261  -0.0000219641
 1343  -0.0000006849   0.0000285474  -0.0000069206   0.0000079989  -0.0000111700
 1344  -0.0000662215  -0.0000033092   0.0000011693  -0.0000017496   0.0000020928
 1345  -0.0000001076   0.0000018665   0.0000002184   0.0000014690  -0.0000000946
 1346  -0.0000001109  -0.0000000341  -0.0000004504  -0.0000000712   0.0000000918
 1347   0.0000001198   0.0000002763   0.0000005992   0.0000000499
 14 1   0.0953593301   0.0074159050   0.0661955071   0.0370105228   0.0857423503
 14 2   0.0447103131  -0.0594288974  -0.0109994807   0.0053966947   0.0632379804
 14 3  -0.0007829853   0.0071482621  -0.0020495970   0.0116248438  -0.0131975653
 14 4   0.0500072495   0.0038789264  -0.0006571126  -0.1143290225   0.0349610205
 14 5  -0.0538812157  -0.0478081778  -0.0378595208  -0.0451880548  -0.0630039332
 14 6  -0.0400875710   0.0316267858  -0.0455731805   0.0192447860  -0.1132621852
 14 7  -0.0248786454  -0.0187684322   0.0240355621   0.1148519850   0.0017290353
 14 8   0.0888064169   0.0609932800  -0.1173644088  -0.0063467030  -0.0504345045
 14 9  -0.0176705847  -0.0390592221   0.0102423385   0.0596510158   0.0054697667
 1410  -0.0556883224   0.0032902898   0.1103222382  -0.1092877271   0.0636700269
 1411  -0.0580877681  -0.0358652776   0.1340240357   0.0163402870   0.0241486046
 1412   0.0431867687  -0.0073999370  -0.0804672014  -0.0707828356   0.0083955505
 1413  -0.0812156462  -0.0094178120   0.0453686294   0.0236461567   0.0576311589
 1414  -0.0003014192  -0.1428799723   0.0699769112  -0.0189571160   0.0756382186
 1415   0.1055225013   0.1550740885   0.1060522126  -0.0951420854  -0.1518100097
 1416  -0.0105866791   0.0295717013  -0.0129619528   0.0111964055  -0.0039457493
 1417   0.0832608884  -0.0453420387   0.0110637487   0.0169974372  -0.0042237520
 1418   0.0487927694  -0.0277299118  -0.0081913414   0.0120100319  -0.0113680718
 1419   0.0032976616   0.0312121334   0.0065453204   0.0454531867   0.0176921296
 1420  -0.0365793127  -0.0199210901   0.0064939228  -0.0564647372  -0.0194260502
 1421  -0.0036106794   0.0362938672  -0.0086871130   0.0115102418  -0.1570749140
 1422   0.0204452242   0.0861072925   0.0350386984  -0.0485528464   0.0057556332
 1423  -0.0403785715   0.0359922282   0.0055452005   0.0056170131   0.0017451691
 1424  -0.0090865918   0.0047813353  -0.0031472414  -0.0038108482  -0.0133697241
 1425   0.0447017415  -0.0077097497  -0.0082642906   0.0189300566  -0.0357521757
 1426  -0.1785286364   0.0389789304  -0.1103208878   0.0680177055  -0.0610503625
 1427  -0.0415186455   0.0084787564   0.0077293714   0.0341370264  -0.0241566753
 1428   0.0080720271   0.0001740913   0.0003459869  -0.0006786867  -0.0014725662
 1429   0.0004537802   0.0009101816   0.0002058156  -0.0005811810  -0.0000917950
 1430  -0.0000612123  -0.0001815891  -0.0002486738   0.0000910807  -0.0000147057
 1431  -0.0000061554   0.0001807122   0.0001739839  -0.0000345179   0.0000459107
 1432  -0.0000840725  -0.0001971129   0.0000258157  -0.0000407168  -0.0000840587
 1433  -0.0000226107  -0.0000232525  -0.0001169528  -0.0000038118  -0.0000147777
 1434  -0.0000509116   0.0000479880  -0.0000399863  -0.0000496245   0.0000536378
 1435   0.0000308586   0.0000630436  -0.0000240015   0.0000380238  -0.0000837130
 1436  -0.0000008618  -0.0000177567  -0.0000156341   0.0000032983  -0.0000118602
 1437   0.0000063910   0.0000076658  -0.0000146939  -0.0000334185  -0.0000281071
 1438  -0.0000166237   0.0000059996   0.0000020235  -0.0000204163  -0.0000221255
 1439  -0.0000202550   0.0000400865  -0.0000435651   0.0000891472  -0.0000428158
 1440   0.0000025871  -0.0000009469   0.0000142223  -0.0000035703   0.0000024160
 1441   0.0000043993   0.0000115830  -0.0000035716   0.0000136323  -0.0000015592
 1442   0.0000583188   0.0000213933  -0.0000224906  -0.0000214576  -0.0000171539
 1443   0.0000581890   0.0000588534  -0.0000420253   0.0000284306   0.0000027122
 1444  -0.0001024645  -0.0000137637   0.0000012576  -0.0000051494   0.0000019117
 1445  -0.0000021210   0.0000059291  -0.0000009005   0.0000021184   0.0000001199
 1446  -0.0000004529   0.0000003051  -0.0000006228  -0.0000011716  -0.0000001856
 1447   0.0000008318   0.0000001581   0.0000008524   0.0000001680
 15 1  -0.1350403620  -0.0413981200  -0.1869731709  -0.0059127036   0.0039329208
 15 2  -0.1542237429  -0.0771195027  -0.0577367617  -0.0792384238   0.0875625094
 15 3   0.0157413059   0.0510982656   0.0911762418  -0.0228363858   0.0595663384
 15 4   0.0176819782   0.0012902360  -0.2856015400  -0.1153261121   0.0250915258
 15 5   0.1417197097  -0.0298256747  -0.1446772418  -0.0001097004  -0.0782940748
 15 6   0.0182166047  -0.0308441591   0.0995476324   0.1526267418   0.0020131890
 15 7  -0.0019993359   0.0248815835  -0.0101868010   0.0489605193   0.0773221417
 15 8   0.1180881214  -0.0464482672   0.0153336392   0.0109721421  -0.0209203005
 15 9   0.0467255195  -0.0241753664  -0.0307700152   0.0139628224   0.0866259653
 1510   0.0310992157  -0.0457510778  -0.0856735878  -0.0299385744   0.0298257143
 1511  -0.0219453965  -0.0427273327   0.0447872110   0.0411383670  -0.0035103704
 1512  -0.0130716027  -0.0005041951  -0.0426412098  -0.0176605730  -0.0064777790
 1513   0.0094240578   0.0621315047   0.0033179406  -0.0111397419   0.0085464683
 1514  -0.0141331037  -0.0367513540   0.0089006999  -0.0861102219  -0.0289405456
 1515  -0.0241810305  -0.0219878549   0.0478969394   0.0127778602  -0.0274700596
 1516  -0.0039683716  -0.0083946432  -0.0031027646  -0.0492697759  -0.0245769896
 1517  -0.0074381607  -0.0105177048  -0.0189708887  -0.0327971975  -0.0158814085
 1518   0.0505981409  -0.0646111971   0.0087692096  -0.0314200142   0.0464062182
 1519  -0.0362010206  -0.0374678026   0.0185263326   0.0193593595   0.0020231303
 1520  -0.0019740123  -0.0439268227   0.0137232257  -0.0041544807  -0.0058958168
 1521   0.1724570917   0.0163019518  -0.0048644262   0.0237871936   0.0049189277
 1522  -0.0547982696   0.0328635092  -0.0517112687   0.0547287175   0.0077373811
 1523   0.0060506973  -0.0852960223   0.0002195758  -0.0452168990   0.0227120088
 1524   0.0038032091  -0.0088274496   0.0155693000   0.0038431423   0.0025750034
 1525  -0.0397786076   0.0256496137  -0.0007291777  -0.0235445855  -0.0001833757
 1526   0.0555523677  -0.0235005636   0.0028514786   0.0071581338   0.0282385623
 1527   0.0079899875  -0.0066372089  -0.0011806019  -0.0104198319   0.0010599315
 1528  -0.0030310513   0.0002726339  -0.0003296924   0.0006308760   0.0019737494
 1529  -0.0003996351  -0.0009572664  -0.0004804771   0.0008178671   0.0000055213
 1530   0.0000481827  -0.0002055582  -0.0000208929  -0.0000304839   0.0003494670
 1531   0.0000136845  -0.0002354405  -0.0001954598  -0.0000018158  -0.0000727786
 1532   0.0001838299   0.0001644179   0.0000205020   0.0000662516   0.0000755701
 1533   0.0000168815   0.0000579745   0.0001800589  -0.0000416037   0.0000574628
 1534   0.0000302886  -0.0001029210   0.0000450011   0.0001142655  -0.0000525600
 1535  -0.0000470814  -0.0000379924   0.0000225097  -0.0000337024   0.0001166466
 1536   0.0000175924   0.0000202996   0.0000324338  -0.0000003298   0.0000049930
 1537  -0.0000089416  -0.0000004234   0.0000160646   0.0000649311   0.0000303977
 1538   0.0000253624  -0.0000035319  -0.0000108475   0.0000154948   0.0000247349
 1539   0.0000348096  -0.0000475233   0.0000440101  -0.0001335914   0.0000508062
 1540   0.0000011349   0.0000073564  -0.0000087719  -0.0000002355   0.0000001639
 1541   0.0000024230  -0.0000087369   0.0000052360  -0.0000135585  -0.0000029191
 1542  -0.0000752826  -0.0000247342   0.0000298026   0.0000268772   0.0000357533
 1543  -0.0000443247  -0.0000644078   0.0000371602  -0.0000025805   0.0000050657
 1544   0.0001376276   0.0000110483  -0.0000045195   0.0000036305  -0.0000054258
 1545   0.0000005283  -0.0000057523  -0.0000006318  -0.0000040078   0.0000004189
 1546   0.0000001604   0.0000002541   0.0000009426  -0.0000003579   0.0000021944
 1547  -0.0000012747  -0.0000008236  -0.0000005418   0.0000014832
 16 1  -0.0096744202   0.0132392674  -0.0277206093   0.0000409381  -0.0247170121
 16 2   0.0397414269   0.0549312278  -0.0022240134   0.0079593729   0.0903036312
 16 3   0.0018587791   0.0016663131  -0.0375687828   0.0000432793  -0.0056492894
 16 4  -0.0207194508  -0.0140142718   0.0322555196   0.0762972933  -0.0147658347
 16 5   0.0757993997   0.0807531997  -0.0539420542   0.1074797973  -0.0187234645
 16 6  -0.0997529886   0.0230251213  -0.0945761084   0.0208435919  -0.0624348728
 16 7   0.0188820492   0.0054792825   0.0138006280   0.1010091510  -0.0683589820
 16 8   0.1277692964  -0.0162204210   0.0447546273  -0.0386842064   0.1914791696
 16 9  -0.0914829750   0.0014348791  -0.0408794971  -0.0278998281  -0.0236726637
 1610  -0.0752994671  -0.1360919564  -0.1388943752   0.0024592690   0.0166344095
 1611   0.0028309085  -0.0026623350  -0.0718940850   0.0435351821   0.0595589437
 1612  -0.1035245864   0.0046983392   0.0670094352   0.0043029373  -0.0549690820
 1613  -0.0094920168  -0.0914881532   0.0336321615  -0.0082154010   0.0904086744
 1614  -0.0217111655  -0.0469247599   0.0475695739  -0.0060330508   0.0268142000
 1615   0.0464272923  -0.0205145369   0.0421708004  -0.1378511179  -0.0222826376
 1616   0.0069567010  -0.0407421750   0.0391294288   0.0370647833   0.0921324229
 1617  -0.0892788566   0.0544328530   0.0204905820   0.0069376449  -0.0117509723
 1618  -0.0038388443   0.0452835688  -0.0070524214  -0.0385769634  -0.0375879078
 1619   0.0188567020  -0.0084858877  -0.0138021126   0.0202405237   0.0109506117
 1620   0.0131161221  -0.0335582651  -0.0005060099   0.0550913751   0.0446250838
 1621   0.0423840381   0.0723841816   0.0453517950   0.0142052793  -0.0922781137
 1622   0.0229533720  -0.0946324441  -0.0842380491   0.0709331944  -0.0050920076
 1623  -0.0014413645  -0.0064466852   0.0012753552   0.0402008669   0.0108251495
 1624  -0.0201692542  -0.0140951360   0.0284282681  -0.0399825668  -0.0220936430
 1625   0.0819036299  -0.0190279366  -0.0153033344  -0.0050030463  -0.0351415894
 1626  -0.0046577670   0.0606521667   0.0902757888   0.0879916881   0.1206582745
 1627   0.0193255196  -0.1256038034   0.0078696432   0.0481716384   0.0705971749
 1628   0.0341337237   0.0027593187  -0.0007953450   0.0005532670  -0.0001326483
 1629  -0.0003229325  -0.0003155415  -0.0000451105   0.0000519427   0.0000476592
 1630  -0.0000214096   0.0002501531   0.0000849119   0.0000388022  -0.0000270612
 1631  -0.0000572380   0.0000376399  -0.0000599623   0.0000047088   0.0000275432
 1632  -0.0000371011   0.0000780334  -0.0000063497  -0.0000277334  -0.0000186621
 1633  -0.0000022614  -0.0000300466  -0.0000240547   0.0000163633   0.0000094493
 1634   0.0000076778   0.0000071589  -0.0000127144  -0.0000202208  -0.0000190071
 1635  -0.0000349359  -0.0000056824   0.0000074440  -0.0000245958   0.0000227027
 1636   0.0000008076   0.0000222090  -0.0000052260  -0.0000024307  -0.0000162240
 1637   0.0000032327  -0.0000289063   0.0000004466  -0.0000062592  -0.0000044304
 1638  -0.0000070980  -0.0000066709   0.0000093259  -0.0000027601  -0.0000023815
 1639  -0.0000154246  -0.0000124028  -0.0000091937   0.0000008161  -0.0000041971
 1640  -0.0000104082   0.0000075540  -0.0000236881  -0.0000027619   0.0000072541
 1641  -0.0000111593  -0.0000016843  -0.0000103447   0.0000028780   0.0000073158
 1642  -0.0000124008   0.0000022888  -0.0000066943  -0.0000003012  -0.0000022082
 1643  -0.0000178230   0.0000103928   0.0000083425  -0.0000065786   0.0000030578
 1644  -0.0000193533   0.0000026415   0.0000058270   0.0000006337   0.0000014342
 1645   0.0000007410  -0.0000002804   0.0000007618   0.0000014801  -0.0000000983
 1646   0.0000001637  -0.0000002693  -0.0000001008   0.0000001395  -0.0000002471
 1647   0.0000004774   0.0000002506  -0.0000025341  -0.0000000946
 17 1  -0.0332919571  -0.0137589639   0.0159240662  -0.0090453970   0.1275581880
 17 2  -0.0843210161   0.0398976493   0.0743158163   0.0071076871  -0.0174133789
 17 3  -0.0015403218   0.0184925627   0.0121792718  -0.0116020898   0.0196473083
 17 4  -0.0609321664  -0.0378935396   0.0716893167  -0.0528322851  -0.1645680584
 17 5  -0.0752863599  -0.0309101114   0.0574674057   0.0458000936  -0.0166795548
 17 6  -0.0341936254   0.0565177438   0.0645277541  -0.0262660130   0.0068669685
 17 7   0.0026458562  -0.0013426551   0.0585587085  -0.0127600986  -0.0203469743
 17 8  -0.0041122181  -0.0030958663   0.0122524991   0.1030554626  -0.0059662717
 17 9  -0.0048340444  -0.0440359074  -0.0625868620   0.0411981022  -0.0071787003
 1710  -0.0078789814   0.0433663695   0.0524718844   0.0159174116   0.0060302700
 1711  -0.0058497550  -0.0160714031   0.0985071521  -0.0711200977  -0.0432688405
 1712  -0.0079993630  -0.0195451921  -0.0301993616   0.0054641621   0.0411087081
 1713   0.0275894983   0.0492246701  -0.0374660126  -0.0272905136  -0.0661739948
 1714   0.0266691703   0.0626597687  -0.0265420278   0.0335710514  -0.0008840151
 1715  -0.0032437925   0.0062274993  -0.0483540429   0.0197716810   0.0175891317
 1716  -0.0169785642   0.0272955428  -0.0131513214  -0.0436174775  -0.0616999635
 1717  -0.0740751925   0.0036614529   0.0579863540  -0.0383414567   0.0450854404
 1718   0.0380489792   0.0612189306  -0.0732609547   0.0189236730  -0.0181837328
 1719  -0.0695037512   0.0222774796   0.0434477725   0.0187231064   0.0197796370
 1720   0.0274175703   0.0555046751  -0.0064941218   0.0305107576   0.0207384830
 1721   0.0939975590   0.0327255530   0.0190420828  -0.0241805993  -0.1110979429
 1722  -0.0815491405  -0.0234800957   0.0452813900   0.1148051558  -0.0438241376
 1723  -0.0337321611   0.0008027099   0.0043831753   0.0465290879  -0.0065857209
 1724   0.0013469439   0.0147098890  -0.0203322290   0.0001976783  -0.0018870317
 1725  -0.0254771220   0.0708361253   0.0223517312  -0.0015932761  -0.0020248340
 1726  -0.0543452081  -0.1275477763   0.1432313750   0.1056335729   0.0680108393
 1727  -0.0489999140  -0.1567625734   0.0055121519   0.0747095766   0.1051654607
 1728   0.0225316864   0.0050133071  -0.0007545382  -0.0001501882   0.0004514010
 1729   0.0000832989  -0.0004608969  -0.0002168183  -0.0001611994  -0.0000818260
 1730  -0.0000407420  -0.0004210222  -0.0001954874   0.0001346709   0.0001049833
 1731  -0.0000295141  -0.0000386360  -0.0000425042   0.0000128176   0.0000698398
 1732  -0.0000717554   0.0000033821   0.0000346515  -0.0000453945   0.0000036217
 1733   0.0000154194   0.0000067965  -0.0000565727  -0.0000062136   0.0000175758
 1734   0.0000385715  -0.0000185316  -0.0000098508  -0.0000265755   0.0000539119
 1735   0.0000122782  -0.0000037491   0.0000007013  -0.0000367518  -0.0000060589
 1736   0.0000041973  -0.0000104029   0.0000294032  -0.0000015344  -0.0000456723
 1737  -0.0000011851  -0.0000475741  -0.0000000231   0.0000119418   0.0000086734
 1738   0.0000003790   0.0000014090  -0.0000023763  -0.0000334262  -0.0000151057
 1739   0.0000174486   0.0000115385   0.0000052878  -0.0000249113   0.0000104297
 1740  -0.0000042976  -0.0000020423   0.0000042340   0.0000014046  -0.0000076974
 1741  -0.0000034306  -0.0000022998   0.0000150444   0.0000096315  -0.0000145068
 1742   0.0000235678  -0.0000197075   0.0000201503  -0.0000003233   0.0000042302
 1743  -0.0000101572  -0.0000157725  -0.0000035728   0.0000078282   0.0000055070
 1744   0.0000137924  -0.0000017892  -0.0000198735   0.0000015503  -0.0000002514
 1745   0.0000009562   0.0000000437   0.0000003416  -0.0000054534  -0.0000002122
 1746  -0.0000010049   0.0000002300   0.0000021685  -0.0000001231   0.0000005345
 1747  -0.0000003749  -0.0000001226  -0.0000004039   0.0000002248
 18 1  -0.0560996727  -0.0432966807   0.1280383587  -0.0564689314  -0.0723773311
 18 2   0.0011071536  -0.0756424389   0.1445627467   0.0046728752   0.0569997871
 18 3  -0.0253450728   0.0553085055   0.0419447970  -0.0692112368   0.0344952033
 18 4  -0.1589865732  -0.0879948922   0.0402852482  -0.0430790572   0.1390404731
 18 5  -0.0383967748   0.1200230847   0.0599960766  -0.0669132868   0.1481397429
 18 6  -0.0620410373  -0.0689375025  -0.2175848713   0.2314583472  -0.0038602885
 18 7   0.0820028970  -0.0039415526  -0.0692244697   0.0724859066  -0.0427154752
 18 8  -0.0615237374   0.0077930217   0.0776302565  -0.0108140543   0.0103574556
 18 9  -0.0875276311  -0.0135523642   0.0239254915  -0.0093657396   0.1410272448
 1810  -0.1678997677  -0.0668737160   0.0905249839  -0.0664434858  -0.0013618870
 1811   0.0167908187  -0.0132611693  -0.1036227021  -0.0305673427  -0.0287829165
 1812  -0.0137957229   0.0211708770   0.0022221886  -0.0130315548   0.0082246414
 1813   0.0076434572   0.0668555190   0.0788618796  -0.0153345388   0.0256577134
 1814   0.0019979279  -0.0376287125   0.0025265265   0.1337236875   0.0343550468
 1815   0.0150806282   0.0140420170  -0.0856998849  -0.0611094207   0.0959045040
 1816  -0.0130003213   0.0406405037  -0.0284468384  -0.0713276750  -0.0128332974
 1817  -0.0652281198   0.0102051226   0.0489142131   0.0169274003  -0.0151911057
 1818   0.0051193337  -0.0871969319  -0.0392048076   0.0323095814   0.0121065756
 1819   0.0257469315  -0.0140491547  -0.0211789199  -0.0009604287   0.0037972469
 1820   0.0062553916  -0.0029671221  -0.0098188833  -0.0211213029   0.0064248133
 1821  -0.0091855025  -0.1052566181   0.0085723626  -0.0270416307   0.0376510929
 1822   0.0139276971   0.0287409983   0.0067525322  -0.0186796871  -0.0373566863
 1823  -0.0136734811   0.0012047601   0.0034976999  -0.0118015098   0.0013412101
 1824   0.0001627149   0.0003442528  -0.0066949845  -0.0039531327   0.0016233865
 1825  -0.0106868376   0.0042898447   0.0009760936   0.0007213394   0.0037693383
 1826  -0.0006489466  -0.0095344340  -0.0060418056  -0.0120134309  -0.0138205540
 1827   0.0024418911   0.0116694531   0.0008234202  -0.0028614624  -0.0061514693
 1828   0.0013159665   0.0002218213   0.0004210213   0.0000005084  -0.0000358893
 1829  -0.0002252146  -0.0000639178   0.0004168966   0.0005223302  -0.0000604616
 1830   0.0000114026   0.0001277935  -0.0000117564  -0.0001065773   0.0000300926
 1831  -0.0001175740  -0.0001656763  -0.0001067853  -0.0000272870   0.0000741619
 1832   0.0000871557   0.0001047119   0.0000543973  -0.0000002740  -0.0000128612
 1833   0.0000418759  -0.0000248993   0.0000142589  -0.0000539262   0.0000253567
 1834   0.0001063695  -0.0000208021   0.0000444207  -0.0000402217   0.0000211920
 1835  -0.0000437136  -0.0000182597   0.0000122166  -0.0000791667   0.0000696736
 1836  -0.0000000124  -0.0000218323   0.0000440318   0.0000054727  -0.0000624512
 1837  -0.0000079031  -0.0000476499   0.0000276559   0.0000263149   0.0000060293
 1838  -0.0000105039   0.0000042634   0.0000001615  -0.0000974640  -0.0000225642
 1839   0.0000101875   0.0000029784  -0.0000240457  -0.0000083947   0.0000344286
 1840   0.0000302331  -0.0000161426   0.0000322602   0.0000037538  -0.0000162872
 1841   0.0000305733   0.0000100517   0.0000390039  -0.0000038943   0.0000014341
 1842  -0.0000628015  -0.0000252072   0.0000089427   0.0000286671   0.0000113475
 1843  -0.0000302483  -0.0000343256   0.0000468373   0.0000140176  -0.0000034941
 1844   0.0000483103  -0.0000064051  -0.0000677544   0.0000021477  -0.0000023164
 1845   0.0000005079  -0.0000000784  -0.0000000525  -0.0000200938   0.0000002796
 1846  -0.0000035858   0.0000001748   0.0000042108   0.0000003224   0.0000005100
 1847  -0.0000007475  -0.0000000286  -0.0000001420   0.0000002721
 19 1  -0.0231287120   0.0057869108  -0.0095486077  -0.0047279183  -0.0267838980
 19 2   0.0426722785   0.0538663010   0.0021094306   0.0106615322   0.0906606239
 19 3  -0.0017036634   0.0063703373  -0.0249173663  -0.0073928152  -0.0004500270
 19 4  -0.0354603587  -0.0210966008   0.0305148379   0.0417078666  -0.0146306708
 19 5   0.0477166297   0.0765496305  -0.0066740683   0.0889616167  -0.0107138265
 19 6  -0.0728848140   0.0208618634  -0.0574641667   0.0051811969  -0.0412166245
 19 7   0.0265059867   0.0226530875  -0.0064411097   0.0738936417  -0.0703290680
 19 8   0.0819773279  -0.0053155569   0.0806131270  -0.0041845720   0.0944455791
 19 9  -0.0043310342  -0.0057867014  -0.0143795099   0.0033719621  -0.0096137064
 1910  -0.0454398680  -0.0120769966  -0.0980431456   0.0763292254   0.0104495545
 1911  -0.0006523540   0.0135259383   0.0238769524   0.0025912195   0.0174821729
 1912  -0.0142271212   0.0331502745   0.0031497925   0.0054190966   0.0537707947
 1913  -0.0326353030  -0.0060288208   0.0772058721  -0.0166876973   0.0314932689
 1914  -0.0891730500  -0.1539684330  -0.0101590306  -0.0170204481   0.0126077072
 1915  -0.0702396790  -0.0519132715   0.0172729445   0.0046702451  -0.0170836081
 1916  -0.0008818694   0.0049988544   0.0501674088   0.0879566191   0.0757393720
 1917   0.0358266421   0.0810771956   0.0079366303   0.0245775882  -0.0202103816
 1918  -0.0101000400   0.0430304523   0.0466563849   0.0499777990   0.0604876281
 1919  -0.0282923052   0.0159272608   0.0435557454   0.0235914750   0.0088132567
 1920  -0.0095270802   0.0044305012  -0.0023816706   0.0352680261   0.0074351250
 1921   0.0097818874   0.0822968694  -0.0641850235  -0.0036904244  -0.1202953293
 1922  -0.0536302397  -0.0073461712   0.0609696420   0.0503535492   0.0388725280
 1923   0.0201680998   0.0187308947  -0.0042824389   0.0253350999  -0.0248363569
 1924   0.0170379734   0.0175035307  -0.0279079398   0.0622877619   0.0258604227
 1925  -0.1417721118   0.0512929299   0.0329804896  -0.0064319425   0.0753419475
 1926  -0.0258473351  -0.1975250179  -0.0396822294  -0.0114251813  -0.1590734138
 1927  -0.1255917321   0.1243122844  -0.0160822208  -0.0274954781  -0.0565883048
 1928  -0.0618632433  -0.0006224456  -0.0001198808  -0.0002381299   0.0012391812
 1929  -0.0002898802   0.0001579578  -0.0005369417  -0.0001582315   0.0003120777
 1930  -0.0000675695   0.0004542968   0.0000157588   0.0000593470  -0.0001468283
 1931  -0.0000532437   0.0001799308  -0.0001376155  -0.0002162754  -0.0000851293
 1932   0.0000025250  -0.0000133154  -0.0000670944  -0.0000840510  -0.0000754060
 1933   0.0000371521  -0.0000204818  -0.0000155446   0.0000704676   0.0001037037
 1934  -0.0000334812  -0.0000020859  -0.0000113852  -0.0000211842  -0.0000021552
 1935  -0.0000534549  -0.0000077409   0.0000012569  -0.0000574550  -0.0000162367
 1936  -0.0000083721  -0.0000006050  -0.0000353053   0.0000038519  -0.0000412348
 1937  -0.0000000118  -0.0000402793  -0.0000017084  -0.0000019126  -0.0000008812
 1938   0.0000033760   0.0000039132   0.0000010070   0.0000080468  -0.0000052638
 1939  -0.0000164669  -0.0000154593  -0.0000396256  -0.0000093588   0.0000233871
 1940  -0.0000164716   0.0000095690  -0.0000101939  -0.0000001168   0.0000056458
 1941  -0.0000084612  -0.0000001726  -0.0000095906   0.0000059361   0.0000049308
 1942  -0.0000104157  -0.0000151044   0.0000128576   0.0000230994  -0.0000361596
 1943  -0.0000577111   0.0000455214   0.0000135985   0.0000111600   0.0000554699
 1944  -0.0000245031  -0.0000030324  -0.0000106492   0.0000002937  -0.0000009953
 1945  -0.0000001075   0.0000009306  -0.0000004248  -0.0000018483   0.0000000490
 1946  -0.0000004829  -0.0000002851   0.0000008478   0.0000000873  -0.0000002941
 1947  -0.0000036235  -0.0000001801   0.0000028341   0.0000002176
 20 1  -0.0056858406  -0.0149946640   0.0177619090  -0.0055272450   0.1157765950
 20 2  -0.0548599591   0.0083132809   0.0481284854   0.0095091487   0.0093404025
 20 3  -0.0025111086   0.0159003437   0.0029141024  -0.0104442251   0.0054813224
 20 4  -0.0196773757   0.0026341201   0.0043055027   0.0284432687  -0.0200888473
 20 5  -0.0453648357  -0.1535258523   0.0444352325  -0.0308068178  -0.0089278318
 20 6  -0.0914225571   0.0394578355   0.0936315240  -0.0358753075   0.0561367781
 20 7   0.0524003875   0.0465840669  -0.0749682415  -0.0549145387  -0.0348716296
 20 8  -0.0449511985   0.0154395608   0.0553222613   0.0831174109  -0.0546914625
 20 9   0.0424374409  -0.0249383817  -0.0106505780   0.0153580714   0.0217105434
 2010  -0.0328578204   0.0128416511  -0.0172102185   0.0470577048   0.0040994937
 2011   0.0053030707   0.0071122365  -0.0270968690   0.0193669181   0.0247505727
 2012  -0.0129694510   0.0175951171   0.0160981812   0.0008643046   0.0006926303
 2013  -0.0098460298  -0.0140198318   0.0339266326   0.0136304395   0.0628892505
 2014  -0.0252637287  -0.0677809654   0.0342108404   0.0261422065   0.0129769076
 2015   0.0148078961  -0.0226464664   0.0498897130  -0.0894537978  -0.0321602073
 2016   0.0130480507  -0.0432400952   0.0146176131   0.0310373656   0.0471484241
 2017  -0.0393756103   0.0012717776  -0.0403426066   0.0272809122  -0.0226707111
 2018   0.0001154538  -0.0819037912   0.0003445050  -0.1481704154  -0.0367122372
 2019   0.0368845009  -0.0181086788  -0.0754213488  -0.0477158939  -0.0201079336
 2020  -0.0198390375  -0.0193626915  -0.0035403318  -0.0464703567  -0.0565220222
 2021  -0.0548900516   0.0575450259  -0.0236956932   0.0301111704   0.2021375900
 2022  -0.0051753291   0.0256733949   0.0052842742  -0.0766438382   0.0725916685
 2023   0.0014126419  -0.0404587906  -0.0016369764  -0.0459503572   0.0181938047
 2024   0.0184873664   0.0086714443  -0.0230489969   0.0334636675  -0.0013448098
 2025   0.1043386042   0.0684921778   0.0300179381   0.0694360343  -0.0276724998
 2026  -0.0319344434  -0.0265429062   0.1733989198   0.1633931382   0.1989520241
 2027  -0.1374844944   0.0290014738  -0.0174977829  -0.0301103259  -0.0041319105
 2028  -0.0365309501   0.0021148846  -0.0007211600   0.0007404342   0.0000232175
 2029   0.0001522738  -0.0006301991  -0.0002659470  -0.0001941542  -0.0000008028
 2030  -0.0000652439   0.0000134179   0.0000202686   0.0000977274   0.0000067883
 2031   0.0000997492   0.0000901785  -0.0000406027  -0.0000969084  -0.0000412509
 2032   0.0000004221  -0.0000494208  -0.0000151473  -0.0000448526  -0.0000422715
 2033  -0.0000357899   0.0000134622  -0.0001065669   0.0000995435   0.0001341798
 2034  -0.0000120478  -0.0000072454  -0.0000135628   0.0000076667  -0.0000487681
 2035   0.0001058458  -0.0000048334   0.0000150080  -0.0000597395  -0.0000464328
 2036  -0.0000089562  -0.0000034253  -0.0000378096  -0.0000021156  -0.0000187864
 2037   0.0000013973  -0.0000182519   0.0000204260   0.0000141402   0.0000059761
 2038   0.0000163429  -0.0000036780   0.0000002382   0.0000191095  -0.0000033218
 2039   0.0000073438  -0.0000088189  -0.0000246998  -0.0000210239   0.0000204563
 2040  -0.0000078003   0.0000052554   0.0000012834   0.0000001922   0.0000022201
 2041  -0.0000089060   0.0000021685  -0.0000132743   0.0000162000   0.0000093137
 2042   0.0000026620   0.0000087382   0.0000042154   0.0000273775  -0.0000242387
 2043   0.0000318699  -0.0000175502  -0.0000453910  -0.0000237465   0.0000230049
 2044  -0.0000187443  -0.0000012607  -0.0000028743  -0.0000005615   0.0000004065
 2045  -0.0000002465   0.0000003449   0.0000004167  -0.0000009799   0.0000000851
 2046  -0.0000005251   0.0000001532   0.0000001261  -0.0000000333   0.0000000587
 2047   0.0000006376   0.0000000006  -0.0000005857   0.0000000892
 21 1   0.0323301331  -0.0096785302   0.0480233356  -0.0365772844  -0.0508728605
 21 2  -0.0276061763  -0.0681234628   0.0923741769  -0.0252556626   0.0567353738
 21 3   0.0032382890   0.0630526899   0.0387576970  -0.0136613268   0.0145112475
 21 4   0.0636541321   0.0196774254   0.1551994005   0.2689543853  -0.1302746478
 21 5  -0.0462287433  -0.2320250906  -0.5246397857   0.0812053740   0.1049113643
 21 6   0.0723976380   0.1196139558  -0.0956222739  -0.0352934053   0.0028914075
 21 7  -0.0230525457   0.0120017471   0.0581348196  -0.0441641348   0.0267730904
 21 8   0.0039763219  -0.0023560101  -0.0196793925  -0.0304208211  -0.0160256123
 21 9  -0.0166472937   0.0205728947   0.0846014012  -0.0087668321   0.0045459888
 2110  -0.0330965095  -0.0305916562   0.0195108575   0.0163047109  -0.0176926699
 2111  -0.0189415443   0.0013069016  -0.0216496612  -0.0525227355  -0.0091429150
 2112  -0.0420031518  -0.0070262518  -0.0188472734   0.0234847878  -0.0338185484
 2113   0.0165446128   0.0034710356  -0.0148848549  -0.0030973272   0.0449050775
 2114   0.0147067236  -0.0136062626  -0.0298500136   0.0315780068  -0.0339499912
 2115  -0.0103244533  -0.0011127577  -0.0096215034   0.0000187903  -0.0130499256
 2116   0.0046446749   0.0124870071   0.0122281693  -0.0183238911  -0.0335380333
 2117  -0.0045723045  -0.0005977110   0.0026370738   0.0142464561   0.0104415931
 2118  -0.0068299915  -0.0180036726   0.0060665917   0.0230143869  -0.0247594453
 2119  -0.0104492243  -0.0078957210   0.0194888965  -0.0026825072   0.0034368734
 2120  -0.0049943149   0.0078235697   0.0121225710   0.0020480673  -0.0256587667
 2121   0.0122521408  -0.0391524250   0.0150344310  -0.0199703849   0.0063292657
 2122  -0.0168194153   0.0098365885   0.0292645462   0.0018254936   0.0089821384
 2123  -0.0182297100   0.0020295681  -0.0015448543   0.0009879659   0.0009228498
 2124   0.0028505489   0.0057847263  -0.0062977252   0.0056685560  -0.0016223533
 2125  -0.0112374279   0.0047726851   0.0030995137  -0.0018531756   0.0010827924
 2126   0.0032494181   0.0078522795  -0.0063610519   0.0004811451   0.0028662453
 2127   0.0072879166   0.0070264346  -0.0025015402  -0.0020625546  -0.0071049467
 2128   0.0037773121   0.0008917519  -0.0001351867  -0.0003148770  -0.0004555319
 2129  -0.0009154710   0.0002632690   0.0000727162   0.0002812425   0.0001011785
 2130  -0.0004013000  -0.0001640206   0.0002066834  -0.0002906689  -0.0002206660
 2131   0.0003362535   0.0001524865  -0.0000194150  -0.0002100192   0.0000337778
 2132  -0.0005825468   0.0004483676  -0.0005271970   0.0001767894   0.0000939675
 2133  -0.0000103310   0.0001306561  -0.0001611925   0.0004992572   0.0005730501
 2134  -0.0002342290   0.0000177748  -0.0001652141   0.0000334155  -0.0001820040
 2135   0.0002143218  -0.0000058896   0.0000215836  -0.0001565740   0.0000122290
 2136  -0.0000123409  -0.0000153695  -0.0000390141   0.0000066117  -0.0000153508
 2137   0.0000001016   0.0000010966  -0.0001478721  -0.0000795316   0.0000045706
 2138   0.0000512377   0.0000047979   0.0000007276   0.0000075334   0.0000259962
 2139   0.0000750370  -0.0000125250  -0.0000383656  -0.0000216428   0.0000472164
 2140  -0.0000077734   0.0000122368  -0.0000197288  -0.0000052354  -0.0000027461
 2141   0.0000105318   0.0000099625   0.0000015809   0.0000219382   0.0000224555
 2142  -0.0000055465   0.0000218410   0.0000054173   0.0000821169  -0.0001081456
 2143   0.0000047827   0.0000601532  -0.0001892873  -0.0000941069   0.0001675122
 2144  -0.0001493862  -0.0000064421  -0.0000028108  -0.0000030823   0.0000001983
 2145  -0.0000016690   0.0000024772  -0.0000011260   0.0000003338   0.0000003735
 2146  -0.0000008353   0.0000001101   0.0000008697   0.0000000689  -0.0000007591
 2147  -0.0000056376  -0.0000020386   0.0000052812  -0.0000002768
 22 1  -0.0156497647   0.0066895161  -0.0001203607  -0.0082216523  -0.0250703037
 22 2   0.0404644288   0.0544794806  -0.0020717106   0.0082364867   0.0906205147
 22 3  -0.0011137363   0.0085139697  -0.0131964898  -0.0092131366  -0.0024656426
 22 4  -0.0110101958  -0.0034953555   0.0272866418   0.0229617966  -0.0440198999
 22 5   0.0058486250   0.0522199759   0.0231157212   0.0457096586  -0.0283094156
 22 6  -0.0248802095  -0.0150680025  -0.0063393952  -0.0062569659   0.0232751686
 22 7   0.0189984568   0.0455914837  -0.0058648686   0.0477147787  -0.0737985294
 22 8   0.0134185809   0.0061907948   0.0968614964   0.0051996429   0.0003427243
 22 9   0.0476633097   0.0184400388   0.0092674877   0.0012899246   0.0077039701
 2210   0.0158487106   0.0234528240  -0.0842033954   0.0620372127  -0.0028585177
 2211  -0.0005265341   0.0033651680  -0.0509290448   0.1075507204   0.0240372838
 2212   0.0398072275   0.0100842987   0.0156649798  -0.0364629410   0.0206254885
 2213  -0.1095956616   0.0455250571   0.0502589063   0.0210105657   0.0156168823
 2214  -0.0281856610  -0.0752989578   0.0025124724  -0.1479673635  -0.0079634470
 2215  -0.1856693000   0.0694787489  -0.0188749320   0.0720023839  -0.0578075218
 2216   0.0086912668   0.0295599930  -0.0184898785   0.0337505916  -0.0054625395
 2217  -0.0418256152   0.0822652203   0.0346185330   0.0541843223   0.0350672599
 2218   0.0577810392   0.0706478299   0.0151664173  -0.0011092403   0.0277942263
 2219  -0.0438174249   0.0222653810   0.0790167953   0.0331345725   0.0048620482
 2220  -0.0045889702   0.0353754186   0.0128617095   0.0173432548  -0.0198381675
 2221   0.0664575326  -0.0224792747   0.0078686789  -0.0053562824   0.1140587161
 2222  -0.0113700967   0.1252054508   0.0983686317  -0.1687191087  -0.0023003502
 2223  -0.0141757024   0.0234499688  -0.0017678372  -0.0638351380   0.0125725840
 2224   0.0153753071   0.0153359353  -0.0296401803   0.0073486906   0.0109751246
 2225   0.0043927654  -0.0059100030   0.0006684939   0.0504759188  -0.0742462002
 2226   0.0300672833   0.1652018931   0.0293006643  -0.1053153729   0.1994374411
 2227   0.1352103843  -0.0712153450   0.0089131668  -0.0215940261   0.0356966729
 2228   0.0716455497  -0.0033597066   0.0008736093   0.0005283302  -0.0011963365
 2229   0.0001933870   0.0007617732   0.0004212558  -0.0000155336   0.0001032996
 2230  -0.0000366537  -0.0001414190  -0.0000914202  -0.0003303274  -0.0000873770
 2231   0.0001494045  -0.0000410091   0.0001929823   0.0000239631  -0.0000192937
 2232   0.0000125027  -0.0002560498   0.0000708864   0.0001070737   0.0000461178
 2233  -0.0000920728   0.0000269750   0.0000044477  -0.0000060352  -0.0000193735
 2234  -0.0000124390   0.0000430904  -0.0000194204   0.0000316260   0.0000377609
 2235   0.0001288094   0.0000154985  -0.0000243097   0.0000528014  -0.0000515572
 2236  -0.0000111099  -0.0000121409  -0.0000226302   0.0000072534   0.0000032010
 2237   0.0000026468   0.0000096024   0.0000090466  -0.0000214424  -0.0000115502
 2238  -0.0000049426   0.0000123123  -0.0000162607   0.0000261242  -0.0000002556
 2239  -0.0000461585   0.0000394520  -0.0000227921   0.0000616652   0.0000102318
 2240   0.0000019838  -0.0000067326   0.0000180568   0.0000023029   0.0000033951
 2241  -0.0000100069   0.0000000731  -0.0000083372   0.0000049931  -0.0000175328
 2242   0.0000530752   0.0000257608  -0.0000203062  -0.0000270405   0.0000202800
 2243   0.0001107353  -0.0000096709  -0.0000465001  -0.0000348289   0.0000090661
 2244  -0.0000730926  -0.0000113251   0.0000120854  -0.0000009018  -0.0000041309
 2245  -0.0000008347   0.0000049136  -0.0000042639   0.0000043659   0.0000004358
 2246   0.0000001480  -0.0000006165  -0.0000011441  -0.0000005141   0.0000001858
 2247   0.0000031775   0.0000001686   0.0000008258  -0.0000005277
 23 1   0.0015026565  -0.0143851830   0.0106567338   0.0061529259   0.1038900920
 23 2  -0.0141391858  -0.0178104677   0.0251375951   0.0073317936   0.0299027396
 23 3   0.0022555870   0.0172500798  -0.0022481213  -0.0041632368  -0.0006813213
 23 4   0.0099321251   0.0234602507  -0.0446533883   0.0170132461   0.0558688996
 23 5  -0.0090934385  -0.1408632982   0.0359718055  -0.0435328503  -0.0237116644
 23 6  -0.0319500928   0.0107872012   0.0229779497  -0.0234350587   0.0109797300
 23 7   0.0638244908   0.0579023363  -0.0389015215   0.0416633149  -0.0989374506
 23 8  -0.0183011177   0.0132952676   0.0464918472  -0.1076096772   0.0047802380
 23 9  -0.0180257927   0.0281698051  -0.0196834115  -0.0473747448  -0.0162778302
 2310   0.0582128539  -0.0313466182  -0.0407342595  -0.0664945172   0.0101284432
 2311   0.0063340119   0.0497852206  -0.0693232855   0.0369459068   0.0361424164
 2312  -0.0211740843   0.0232127816   0.0067321566   0.0064015342  -0.0265799386
 2313  -0.0233639368  -0.0274487432   0.0093599376   0.0160758436  -0.0283976090
 2314   0.0047682524   0.0254301631  -0.0087922832   0.0217523584   0.0272111387
 2315   0.0821551399   0.0007241781  -0.0117524505   0.0414172188   0.0120752532
 2316  -0.0130041638   0.0117207861   0.0084883588   0.0169371264  -0.0735975269
 2317   0.0848144401   0.0351412672   0.0019085452   0.0103437648   0.0031875147
 2318  -0.0472074940   0.0429064569   0.0206207681   0.1237089045   0.0752832315
 2319  -0.1199430273   0.0378797047  -0.0628832220  -0.0011225442   0.0249344540
 2320   0.0287563754   0.0046736220   0.0107756460  -0.0331988936   0.0227316925
 2321   0.0130467861  -0.0551765681   0.0016998161   0.0008853541  -0.0841906976
 2322   0.0388317836  -0.0106270290  -0.0005726838   0.1003713548   0.0061405512
 2323  -0.1217325267  -0.0317599855   0.0046504983  -0.0012558779   0.0263464120
 2324   0.0054808874  -0.0004741983   0.0021554947  -0.0128000411  -0.0106883738
 2325   0.1615965109   0.0216715268   0.0070005795   0.0310522818  -0.0410919233
 2326   0.1833869697   0.0882696438  -0.1515120474  -0.1161951715  -0.0816783702
 2327  -0.1268260297   0.0963999783  -0.0223310693   0.0205836372   0.0996382536
 2328   0.0037408917   0.0035188954  -0.0004984860   0.0007246370   0.0017556058
 2329   0.0002797698  -0.0012578848  -0.0007078357   0.0004851407   0.0001788807
 2330   0.0000585837  -0.0001256161   0.0001421106   0.0000318212  -0.0001112175
 2331  -0.0001137302  -0.0000672330   0.0000446603   0.0000192726   0.0000098414
 2332   0.0000541961   0.0002743465  -0.0000922338   0.0000729272   0.0000507488
 2333  -0.0000299767   0.0000687248   0.0000108240  -0.0000435755   0.0000101169
 2334   0.0000720471  -0.0000491341   0.0000604119   0.0000838799  -0.0000453642
 2335  -0.0000092795  -0.0000354561   0.0000344789  -0.0000352694   0.0000937761
 2336   0.0000128984   0.0000163294   0.0000305158   0.0000012270   0.0000006278
 2337  -0.0000090199  -0.0000045856   0.0000171758   0.0000404985   0.0000221439
 2338   0.0000132303  -0.0000036167  -0.0000025305   0.0000037265   0.0000251791
 2339   0.0000086134  -0.0000363987   0.0000281704  -0.0000615686   0.0000250054
 2340  -0.0000042386   0.0000014206   0.0000077685   0.0000010777  -0.0000025788
 2341  -0.0000032236  -0.0000061814  -0.0000000353  -0.0000019093   0.0000013912
 2342  -0.0000268822  -0.0000157255   0.0000126636   0.0000201936   0.0000059950
 2343  -0.0000061292  -0.0000504410   0.0000243294  -0.0000208373  -0.0000090186
 2344   0.0000850196   0.0000100471  -0.0000088755   0.0000003965  -0.0000007692
 2345  -0.0000007458  -0.0000052240   0.0000015989  -0.0000040883   0.0000001986
 2346  -0.0000001086   0.0000005466   0.0000008620   0.0000005380   0.0000009736
 2347   0.0000007676   0.0000006444   0.0000001188   0.0000007871
 24 1   0.0232695401  -0.0002913001   0.0336652642  -0.0227891673  -0.0291428397
 24 2  -0.0558617491  -0.0601257290   0.0398811330  -0.0558146910   0.0560208271
 24 3  -0.0099657488   0.0062554015   0.0711161560  -0.0053861211  -0.0224517690
 24 4   0.1273061105   0.0594740015   0.0819618971   0.2295444428  -0.1567510138
 24 5  -0.1254022448   0.0956032905   0.1521514438  -0.0778875370  -0.2140558202
 24 6  -0.0041117633  -0.2986949260   0.1101661881   0.0793047401   0.1838085437
 24 7  -0.0655314383   0.1588878346  -0.0762132433   0.0961062619   0.1593413421
 24 8   0.1144068690  -0.0425541170  -0.0507628808  -0.0707579371  -0.0403187398
 24 9  -0.0313700043  -0.0121716164  -0.0580047213   0.0009158406  -0.0466641717
 2410   0.0250478533  -0.0260272779   0.0105249310   0.0161785267   0.0364724185
 2411  -0.0208290773   0.0280314348  -0.1644689205  -0.0966704650  -0.0025902303
 2412  -0.0850883857  -0.0643892173  -0.0438323193  -0.0159588675   0.0824995319
 2413  -0.0543289737  -0.0192348127  -0.0502655909  -0.0113276770   0.0413156654
 2414   0.0094430292  -0.0144471781  -0.0997964495   0.1014089365   0.0300456391
 2415   0.0034821952   0.0184667362  -0.0485443704   0.0157937761  -0.0444773622
 2416  -0.0059218933  -0.0047243517   0.0350538490  -0.0141968329   0.0155117683
 2417   0.0337025295   0.0085816359  -0.0238365834   0.0155654363   0.0226396069
 2418  -0.0282853186  -0.0358132591   0.0173168425   0.0263459764  -0.0700715586
 2419  -0.0104078404  -0.0120346779   0.0326171117  -0.0019702089  -0.0036944338
 2420  -0.0092230364   0.0022353023   0.0025290344   0.0114534923  -0.0207262972
 2421   0.0358581414  -0.0087252643  -0.0713296141  -0.0324789052   0.0374084897
 2422   0.0232417775  -0.0062116832   0.0186845680   0.0477334184   0.0148963863
 2423   0.0033919643  -0.0096645679  -0.0008225745  -0.0065717802  -0.0048242227
 2424  -0.0147490378  -0.0095675519  -0.0084241287   0.0155295838   0.0029161521
 2425   0.0195118526  -0.0006317105  -0.0007714116  -0.0018075825   0.0039921747
 2426  -0.0047662316  -0.0133969625  -0.0041565077   0.0057747579  -0.0104741167
 2427  -0.0017330760  -0.0007367018   0.0018010523   0.0000205267  -0.0025900857
 2428  -0.0025928213  -0.0007531386   0.0000956329   0.0001245499  -0.0007064350
 2429   0.0000340161   0.0001653979   0.0003960667   0.0002849773   0.0000638467
 2430   0.0000279483   0.0003656545  -0.0001232592  -0.0000041322  -0.0001169081
 2431  -0.0000889490   0.0002901886   0.0000715202   0.0000261654  -0.0000326133
 2432  -0.0000946665   0.0002242878   0.0000283687  -0.0001059984  -0.0000362881
 2433  -0.0001152220   0.0001014832  -0.0000003771   0.0000208663   0.0000585652
 2434   0.0000814361  -0.0000001853   0.0000072975  -0.0000514126  -0.0001790325
 2435  -0.0001419116  -0.0000047590  -0.0000009524   0.0000492417   0.0001282310
 2436   0.0000098262   0.0000081720   0.0000174479  -0.0000041837  -0.0000023817
 2437   0.0000057942  -0.0000020967  -0.0000026375  -0.0000063558  -0.0000144339
 2438  -0.0000058061  -0.0000437116   0.0000181193  -0.0000320237   0.0000201408
 2439  -0.0000610298  -0.0000187982  -0.0000255969   0.0000525250  -0.0000329616
 2440  -0.0000134100   0.0000030873   0.0000321585   0.0000022389  -0.0000017295
 2441  -0.0000065606  -0.0000004599  -0.0000078285   0.0000193890   0.0000057731
 2442   0.0000344289   0.0000026068  -0.0000086251  -0.0000008869  -0.0000432175
 2443  -0.0000372082   0.0000690148   0.0000188571  -0.0000070662  -0.0000114307
 2444  -0.0000471928  -0.0000039583   0.0000004884   0.0000011988   0.0000012379
 2445   0.0000012884   0.0000014958   0.0000001562   0.0000009448  -0.0000001422
 2446  -0.0000002164  -0.0000002487  -0.0000001104  -0.0000006729   0.0000001716
 2447  -0.0000000085   0.0000005543  -0.0000011978   0.0000000293
 25 1   0.0075595877   0.0111127415   0.0138116613  -0.0033278767  -0.0247281187
 25 2   0.0400065001   0.0546226333  -0.0028614610   0.0077664184   0.0905928615
 25 3  -0.0015524363   0.0037729682  -0.0026519478  -0.0115434545   0.0026713210
 25 4   0.0172536792   0.0224652153  -0.0069864847  -0.0259539250  -0.0768339075
 25 5  -0.0298114988   0.0222660728   0.0193480492  -0.0157971001   0.0224899126
 25 6  -0.0465341606  -0.0262363575   0.0276150363   0.0077047934   0.0692773500
 25 7   0.0523583513   0.0370144027   0.0535733754   0.0071552817  -0.0884835772
 25 8  -0.0466236741  -0.0153487077   0.0677376594   0.0120648551  -0.0112880318
 25 9   0.0502845540   0.0489731201   0.0591932857  -0.0453063751  -0.0593955745
 2510   0.0647657372  -0.0146383529  -0.0271967289  -0.0159560989   0.0014373274
 2511  -0.0016153005  -0.0680483920  -0.0250331959   0.0595429834  -0.0505146208
 2512  -0.0422169441   0.0267266807  -0.0010883158   0.0256899660   0.0642651273
 2513   0.0673170648   0.0467617913  -0.0073988327  -0.0491057968  -0.0242251328
 2514  -0.0223447429   0.0104153420  -0.0084638987  -0.1104448602  -0.1078309067
 2515  -0.1905121804  -0.0698342374  -0.0334900467  -0.0836063708  -0.0474196452
 2516   0.0059125865   0.0152908547  -0.0341820815  -0.0059829418   0.0191196772
 2517  -0.0721636878   0.0314346396  -0.0211115339  -0.0319491359   0.0278501866
 2518   0.0781484112   0.0254258770   0.0473347441  -0.0209541671  -0.0011636742
 2519  -0.0014092876  -0.0342722749   0.0318375736  -0.0089424706  -0.0125897996
 2520   0.0985205761   0.0438123726   0.0085126811  -0.0859541202  -0.0353942480
 2521  -0.0044652028  -0.0344147945  -0.0025792982  -0.0326479469   0.0491623273
 2522  -0.0472752020   0.0638743565   0.0257988437  -0.0272152111  -0.0240550091
 2523  -0.0208081044   0.0041446776   0.0156756080  -0.0063509612   0.0228130804
 2524  -0.0163233399  -0.0104924273   0.0289146569  -0.0209582738  -0.0385936218
 2525   0.1687757328   0.0202985150  -0.0237838766  -0.0703273960   0.0140753458
 2526  -0.1510838274  -0.0715152351  -0.0706380778   0.1858839371  -0.1758020329
 2527  -0.0541662294   0.0299773237  -0.0016852917   0.0322349095  -0.0214442364
 2528  -0.1057610369   0.0040496148   0.0000899679  -0.0004335101   0.0004067338
 2529   0.0004541042   0.0001339593  -0.0002142659  -0.0007108018  -0.0002360995
 2530  -0.0001001402  -0.0002216221  -0.0001169616  -0.0000304225   0.0001190640
 2531   0.0000741126  -0.0000505864  -0.0000509246   0.0000052281   0.0000202457
 2532  -0.0001289766   0.0000737876   0.0000570399   0.0000008165   0.0000510911
 2533   0.0000510000   0.0000601133   0.0000326965  -0.0000552903   0.0000013616
 2534  -0.0000347019  -0.0000636506  -0.0000009467  -0.0000067232  -0.0000719801
 2535   0.0000082545   0.0000167128  -0.0000086078  -0.0000189600   0.0000120153
 2536   0.0000002028   0.0000066301   0.0000014658   0.0000091129   0.0000049728
 2537  -0.0000014144  -0.0000065649   0.0000186239  -0.0000023825  -0.0000029771
 2538   0.0000129570  -0.0000097497  -0.0000161499   0.0000112900  -0.0000043069
 2539   0.0000165255  -0.0000102345   0.0000161518  -0.0000366872   0.0000221436
 2540   0.0000004116  -0.0000059584  -0.0000199371   0.0000031306   0.0000000320
 2541   0.0000052174   0.0000007817  -0.0000023675  -0.0000017408   0.0000062717
 2542   0.0000097748   0.0000047304   0.0000099233  -0.0000028259   0.0000107526
 2543   0.0000212169   0.0000029276  -0.0000194572   0.0000242636  -0.0000484722
 2544   0.0000288246   0.0000039347   0.0000009418  -0.0000028901  -0.0000011297
 2545  -0.0000020625  -0.0000019390  -0.0000013497  -0.0000006752   0.0000002610
 2546   0.0000003044  -0.0000000008   0.0000002912  -0.0000016904  -0.0000004124
 2547  -0.0000008916  -0.0000003157  -0.0000008676   0.0000013296
 26 1   0.0416279477  -0.0077862965   0.0127256064   0.0161115420   0.0917384797
 26 2   0.0232008238  -0.0467561902   0.0002963762   0.0068999531   0.0534312581
 26 3   0.0027290775   0.0128552442  -0.0018561421   0.0009606171   0.0022919926
 26 4   0.0257542449   0.0284934371  -0.0522535128  -0.0525842490   0.0623660447
 26 5  -0.0167054166  -0.0756187009  -0.0188112803  -0.0231149310  -0.0293686780
 26 6   0.0119153261  -0.0042709812  -0.0132843076   0.0130829906  -0.0562788890
 26 7  -0.0039901078   0.0017293471   0.0077107016   0.1140661727  -0.0685855964
 26 8   0.0421068724   0.0121743630  -0.0527116727  -0.0957258268   0.0437571446
 26 9  -0.0197060513  -0.0009774719  -0.0374066862   0.0086261476  -0.0024262681
 2610   0.0244667491  -0.0091162807   0.1472821347  -0.0703337507   0.0120292122
 2611  -0.0194940951  -0.0411667103   0.1271713405   0.0208956111  -0.0227550638
 2612  -0.0166938268  -0.0010796797  -0.0184822620  -0.0073303694   0.0492424784
 2613  -0.0315274834   0.0233850370   0.0200928487   0.0136612190   0.0040013161
 2614  -0.0046007605  -0.0725621001  -0.0271153561  -0.0557467502  -0.0406825635
 2615  -0.1057636058  -0.0195674543   0.0409500415   0.0488365620   0.0401158020
 2616  -0.0075044242   0.0001911343   0.0147421748  -0.0001768754  -0.0252901535
 2617  -0.0793662144   0.0226869833   0.0370097680   0.0329538174   0.0363173623
 2618  -0.0597156757   0.0335480840   0.0020569662  -0.0691256586  -0.0694482219
 2619   0.1219622397   0.0288701922  -0.0334237715   0.0016525311  -0.0013663062
 2620  -0.0011834412   0.0364928819  -0.0157894676   0.0307992823  -0.0097893350
 2621  -0.1611362972  -0.0028780219   0.0540398978  -0.0448897933  -0.0029142127
 2622   0.0293463284  -0.0181814439   0.0954645000  -0.0225458019  -0.0008983263
 2623   0.0776287530  -0.0074303328  -0.0097439617   0.0161650806   0.0125801214
 2624  -0.0041846485  -0.0080739853   0.0000029048  -0.0030336452   0.0043550918
 2625   0.0554299012   0.0300585532  -0.0032575831  -0.0831899293   0.0067382075
 2626   0.2501748404  -0.1498554611  -0.0471450232  -0.0336360385   0.0787224842
 2627   0.0290185466  -0.0667809222  -0.0253944731  -0.0957495534   0.0562400541
 2628  -0.1121501358   0.0022958161   0.0008693023   0.0007247215   0.0009117611
 2629  -0.0005418296   0.0003691992   0.0001703887  -0.0004206750   0.0000033681
 2630  -0.0001364274   0.0002443392  -0.0000667499  -0.0003056458  -0.0001252904
 2631   0.0000404937   0.0000245505   0.0000941998  -0.0000325626   0.0000053586
 2632  -0.0001172005   0.0000223968   0.0000284305   0.0000172238  -0.0000330006
 2633   0.0000090621  -0.0000046194  -0.0000274865   0.0000064678  -0.0000034749
 2634  -0.0000294973  -0.0000394916   0.0000103201   0.0000214670   0.0000163214
 2635   0.0000152583  -0.0000133054  -0.0000128798  -0.0000043869  -0.0000493535
 2636   0.0000051919   0.0000052810   0.0000116520   0.0000029228  -0.0000000960
 2637   0.0000002221  -0.0000036529  -0.0000013199   0.0000138251  -0.0000028197
 2638   0.0000035767   0.0000114284  -0.0000138751  -0.0000101453   0.0000176652
 2639  -0.0000081693  -0.0000090847  -0.0000042575   0.0000155698   0.0000097079
 2640   0.0000043391  -0.0000012195  -0.0000160451  -0.0000030641  -0.0000011843
 2641  -0.0000017282   0.0000009825  -0.0000007350   0.0000050277   0.0000050298
 2642   0.0000034442   0.0000067110  -0.0000024317  -0.0000016705  -0.0000068158
 2643  -0.0000137217  -0.0000158383  -0.0000202683  -0.0000064113  -0.0000255054
 2644  -0.0000149035  -0.0000034028   0.0000013699  -0.0000025808  -0.0000003710
 2645  -0.0000014768   0.0000007435  -0.0000008542   0.0000002549   0.0000002797
 2646  -0.0000000443  -0.0000002285  -0.0000000661   0.0000001397  -0.0000013374
 2647   0.0000001066  -0.0000003271  -0.0000004298   0.0000000975
 27 1   0.0502591772  -0.0330093413  -0.0071924440  -0.0092670644  -0.0069408051
 27 2  -0.0846328669  -0.0519025183  -0.0137207151  -0.0870784853   0.0552328643
 27 3   0.0430714865  -0.0108016631   0.0673206539   0.0353925381  -0.0387275672
 27 4   0.0683730524  -0.1273562913  -0.1063607146   0.0609858042  -0.0327767092
 27 5  -0.1007454863   0.2488308304  -0.0306200113  -0.1264783940   0.0996512922
 27 6  -0.1295728907   0.2005864229   0.1407852855   0.0003752290  -0.1539883894
 27 7   0.0300301129  -0.0003237021  -0.0063570152  -0.1407627804  -0.1777729394
 27 8  -0.0381736887   0.2595010050  -0.0053475771  -0.0823260383   0.0477032759
 27 9  -0.1001291199   0.0002681260  -0.0118659786   0.0386968111   0.0349878416
 2710  -0.0150012062   0.0126832770   0.0213896706  -0.0278301845   0.0063424502
 2711  -0.0020325117   0.0434160941   0.0598454306   0.0166019437  -0.0082326086
 2712   0.0511998277  -0.0278434866   0.0701298228   0.0066360656   0.0289992075
 2713  -0.1161276744  -0.1115523249   0.1161228969   0.0238407937   0.0145543079
 2714   0.0266720772   0.0362792005  -0.1504803441   0.0377278754  -0.0475450834
 2715  -0.0461959663   0.0379322708   0.0400134145  -0.0289744379  -0.0189257793
 2716  -0.0012454300   0.0030568906  -0.0234898635   0.0036134781   0.0026394228
 2717   0.0451734565   0.0313857276   0.0018678199  -0.0384203870   0.0334742993
 2718  -0.0290741965  -0.0391795970   0.0103237555   0.0012460849  -0.0487172531
 2719  -0.0316952856   0.0012472953   0.0219987133   0.0130983145  -0.0163554706
 2720   0.0167941915  -0.0179377488  -0.0122683380  -0.0026363651   0.0081925833
 2721   0.0303300834  -0.0378449844  -0.1639512029   0.0138455896   0.0450834554
 2722  -0.0000687711  -0.0042705908  -0.0172520665   0.0207592527  -0.0160078804
 2723   0.0145202386  -0.0324220653  -0.0038384264   0.0019974532   0.0100416251
 2724   0.0071313252   0.0041926170   0.0095083169  -0.0579150237  -0.0066710077
 2725  -0.0082134970   0.0017221119   0.0009275527  -0.0079445657   0.0038728122
 2726   0.0111551485  -0.0065251811   0.0039974613   0.0097254849   0.0016627757
 2727  -0.0040952275   0.0056874282   0.0012213195   0.0000525840   0.0016798412
 2728  -0.0009409322  -0.0011376897   0.0006716525   0.0002408064  -0.0003188898
 2729  -0.0000027174   0.0001661233   0.0001334513  -0.0003623067   0.0000110460
 2730   0.0001720481   0.0000147399  -0.0005741542  -0.0003260395   0.0000037121
 2731   0.0001732163   0.0001759363   0.0001569283  -0.0000959567   0.0001490927
 2732   0.0000255835   0.0000169213  -0.0000186965   0.0000738378  -0.0000702774
 2733  -0.0000274709   0.0000180804   0.0000079139   0.0000668325  -0.0000678430
 2734  -0.0000624633   0.0000724641  -0.0000116321  -0.0000405234   0.0001351799
 2735   0.0000410575   0.0001871139  -0.0000166063   0.0000087349  -0.0001144472
 2736   0.0000099932   0.0000036648   0.0000134907   0.0000004661  -0.0000037283
 2737   0.0000039695   0.0000011517   0.0000246845  -0.0000300432   0.0000005263
 2738  -0.0000054700   0.0000302061   0.0000117381  -0.0000214718   0.0000209500
 2739   0.0000091322   0.0000307291   0.0000097684   0.0000085941   0.0000173269
 2740   0.0000083957   0.0000101539  -0.0000111685  -0.0000054631   0.0000012101
 2741   0.0000119975   0.0000028161   0.0000031449  -0.0000031865   0.0000106967
 2742   0.0000022251   0.0000184808   0.0000069888  -0.0000108607  -0.0000514328
 2743   0.0000989072   0.0001122929  -0.0000119465   0.0000252790  -0.0000184471
 2744  -0.0000493021  -0.0000098651   0.0000025069  -0.0000023100  -0.0000018164
 2745  -0.0000016824   0.0000037995  -0.0000031561   0.0000012098   0.0000001856
 2746  -0.0000001831   0.0000000410  -0.0000003688   0.0000006705  -0.0000014018
 2747   0.0000002558  -0.0000001678   0.0000002217   0.0000025142
 28 1   0.0381307236   0.0249486148   0.0271415541   0.0119545075  -0.0250571039
 28 2   0.0404196607   0.0545179274  -0.0020303479   0.0082409081   0.0905882148
 28 3  -0.0057171607   0.0012053715   0.0057203168  -0.0107127971   0.0046196833
 28 4   0.0311490255   0.0184347264  -0.0094450080  -0.0784398345  -0.0901694300
 28 5  -0.0551524332   0.0103932993   0.0023884658  -0.0440942867   0.0289881100
 28 6  -0.0900766349  -0.0328467798   0.0296593400   0.0299117788   0.0365926131
 28 7   0.0966638855   0.0189118902   0.0969096992  -0.0416944246  -0.0697991364
 28 8  -0.0169418790   0.0370951990   0.0340363704  -0.0215517966  -0.0196185879
 28 9   0.0992773711   0.0332445724   0.0912919547  -0.0418544513  -0.0514914872
 2810   0.0139658116  -0.0243307899  -0.0609500100  -0.0679222523   0.0339836574
 2811  -0.0143209805  -0.1271297110   0.0386816217  -0.0109287768   0.0348416654
 2812  -0.0534107856  -0.0544166447  -0.0994648499  -0.0798615516   0.0777257218
 2813   0.0876388899   0.1266862140  -0.0334182196   0.0313605282   0.0365960439
 2814  -0.0472074873   0.0246166068   0.0328527529  -0.1256100161  -0.0305315261
 2815   0.0502268697  -0.0190454632   0.0571060483  -0.1327758020  -0.1370486341
 2816  -0.0046559118   0.0632370479  -0.0485078884  -0.0266040961   0.0395262277
 2817   0.1434972285   0.0221725216   0.0378015922  -0.0393197234   0.0338549778
 2818   0.0547418966   0.0108447896   0.0079822320   0.0556688531  -0.0439091349
 2819   0.0028251281  -0.0039030305  -0.0214832253  -0.0303273772  -0.0163187264
 2820   0.0079102216  -0.0048111838  -0.0073960151  -0.0459744710  -0.0353330021
 2821  -0.0657501123  -0.0117542090  -0.0329566230   0.0125615878   0.0954789197
 2822   0.0113592198  -0.1053059190  -0.0614182860   0.1159477821  -0.0171933912
 2823  -0.0324438047  -0.0069564560  -0.0032503231   0.0333937716  -0.0277730998
 2824   0.0027235738   0.0030098909  -0.0071385411  -0.0108343750   0.0126272733
 2825  -0.0830873575  -0.0375382944   0.0176416714   0.0474687017   0.0377246541
 2826   0.1274966881   0.0161890659   0.1585655059  -0.0982071796   0.0374385567
 2827   0.0320165347   0.0034009260  -0.0000879284  -0.0152311825   0.0094479161
 2828   0.0671432466  -0.0037099140  -0.0006582991  -0.0000271435  -0.0009794780
 2829  -0.0014127923  -0.0002289594   0.0010094206  -0.0000974528   0.0007216305
 2830  -0.0000522961  -0.0000759558  -0.0001180583   0.0000609105  -0.0000584364
 2831   0.0001314901  -0.0001709423   0.0001618898  -0.0001897025  -0.0000738005
 2832  -0.0000509553  -0.0000010567   0.0001550022   0.0000477246  -0.0000914562
 2833   0.0000375806   0.0000517720   0.0000602009  -0.0000415594   0.0000490453
 2834  -0.0000285083  -0.0000470496  -0.0000182373   0.0000458684   0.0000713700
 2835  -0.0000000235   0.0000812013  -0.0000712483  -0.0000102430  -0.0000022973
 2836  -0.0000508812   0.0000177294   0.0000205528   0.0000180688  -0.0000037980
 2837  -0.0000390541   0.0000033444   0.0000055369  -0.0000170009   0.0000407425
 2838  -0.0000102147   0.0000111625   0.0000022886  -0.0000033209   0.0000068462
 2839   0.0000167391  -0.0000036617  -0.0000145858   0.0000187647  -0.0000244143
 2840  -0.0000134641  -0.0000212836  -0.0000036372   0.0000213268   0.0000008479
 2841  -0.0000106091   0.0000551331   0.0000019536  -0.0000163614  -0.0000073350
 2842   0.0000133868   0.0000179449   0.0000144838   0.0000036848   0.0000038601
 2843   0.0000312104   0.0000317891   0.0000058721   0.0000087435   0.0000229128
 2844   0.0000101222   0.0000015114  -0.0000008919   0.0000025927   0.0000061155
 2845   0.0000020273  -0.0000008649   0.0000062588  -0.0000000163  -0.0000011580
 2846  -0.0000000508   0.0000009493  -0.0000000249   0.0000013408  -0.0000002287
 2847   0.0000003344   0.0000001410  -0.0000000789   0.0000013200
 29 1   0.0550987315   0.0092219120   0.0402181116   0.0422167358   0.0797578469
 29 2   0.0580130885  -0.0763400836  -0.0248197645   0.0073117721   0.0777994037
 29 3  -0.0035243763   0.0143473211  -0.0018407840   0.0017571332  -0.0044262236
 29 4   0.0410509341   0.0075490559   0.0051844230  -0.1002276006   0.0137059797
 29 5  -0.0471104780   0.0037123725  -0.0412218188  -0.0073963985  -0.0779755524
 29 6  -0.0174631779   0.0366122848  -0.0473272579   0.0180306426  -0.0731846443
 29 7  -0.0422504088  -0.0221408176  -0.0054577300   0.0897792350   0.0385409867
 29 8   0.0542513759   0.0494567655  -0.1154746624   0.1020847604  -0.0880354660
 29 9  -0.0285827391  -0.0325145296   0.0388169212   0.0515545218   0.0167806778
 2910  -0.0482872110   0.0380583655   0.0117665414  -0.0021799500   0.0187930280
 2911  -0.0213948454   0.0338858438  -0.0372494181   0.0328072056   0.0044972085
 2912   0.0389106574   0.0448084591   0.0177924850   0.0051343331  -0.0489405977
 2913  -0.0602581665  -0.0835072406   0.0171003322  -0.0368526781  -0.0081776597
 2914   0.0076048725  -0.0102676755   0.0337572187   0.0762431535   0.0229792357
 2915  -0.0027964216   0.0524702717  -0.0582521149  -0.0142519928  -0.0181087563
 2916   0.0061569541  -0.0399496024  -0.0031069256   0.0074562411   0.0164956171
 2917  -0.0891792885  -0.0118381195  -0.0642300118   0.0116701799  -0.0363544421
 2918   0.0360249064   0.0144857528   0.0202752760   0.0339236981   0.0805687570
 2919  -0.0841502064  -0.0440197640   0.0586675746  -0.0435166485  -0.0130372866
 2920   0.0791084410   0.0450587473   0.0084061380   0.0105566314   0.0377136769
 2921   0.0353638848  -0.0542556842   0.0395772815  -0.0187489835   0.1763069259
 2922  -0.0474989076  -0.0665778261  -0.0231594286  -0.0601254146  -0.0206345888
 2923   0.0175165311   0.0638379438   0.0121606656   0.0128956808  -0.0082632280
 2924  -0.0010218528  -0.0013633269   0.0037003025   0.0146257235  -0.0081730480
 2925   0.0751550681  -0.0238216649   0.0087810252  -0.0060784297   0.0969667906
 2926   0.0594102776  -0.0131819684   0.3199044953  -0.0728791948  -0.0450168781
 2927   0.0858454574   0.0704785500  -0.0136640501  -0.0156606915   0.0536680303
 2928  -0.0433206005   0.0013118438  -0.0003025375  -0.0002118214  -0.0002401369
 2929   0.0004428001  -0.0003052148  -0.0001676379  -0.0000424837   0.0000137151
 2930  -0.0000632552   0.0000471788   0.0000579993   0.0001194064  -0.0000288118
 2931  -0.0000395903  -0.0000073820  -0.0000188520  -0.0000228514  -0.0000124392
 2932  -0.0000615721   0.0000502741   0.0000213543  -0.0000256772   0.0000126895
 2933   0.0000116861   0.0000349429  -0.0000309900   0.0000396997  -0.0000505384
 2934  -0.0000149458   0.0000152687  -0.0000029757  -0.0000298341   0.0000118395
 2935   0.0000067274  -0.0000119838   0.0000214201  -0.0000015864  -0.0000279306
 2936  -0.0000090149  -0.0000007650   0.0000000255  -0.0000211856  -0.0000078236
 2937   0.0000199786   0.0000008948   0.0000045097  -0.0000121776   0.0000080630
 2938  -0.0000054469   0.0000015098   0.0000129300  -0.0000089563  -0.0000011074
 2939   0.0000156848   0.0000140677   0.0000018306  -0.0000155092   0.0000108024
 2940  -0.0000020759   0.0000046369   0.0000165907   0.0000052354   0.0000003832
 2941  -0.0000112114   0.0000058044  -0.0000025756   0.0000006422  -0.0000085300
 2942   0.0000239401   0.0000252917   0.0000104803  -0.0000077901  -0.0000126256
 2943  -0.0000014896  -0.0000192976   0.0000040411  -0.0000143939   0.0000034759
 2944   0.0000135309  -0.0000017924  -0.0000022416   0.0000007552   0.0000052334
 2945   0.0000007374   0.0000000341   0.0000043129  -0.0000007101  -0.0000012534
 2946  -0.0000001543   0.0000011885  -0.0000000900  -0.0000004138   0.0000003478
 2947  -0.0000001510  -0.0000001090  -0.0000004884   0.0000002237
 30 1  -0.0425916541  -0.0931985984   0.1096733883   0.0114654983   0.0149428606
 30 2  -0.1129907274  -0.0437968617  -0.0665537118  -0.1178942563   0.0544557938
 30 3   0.0692690860  -0.0500980833  -0.0201595790   0.0736498609  -0.0947820404
 30 4  -0.0576170411  -0.2149167467   0.2166918497  -0.0897772867   0.1235057419
 30 5   0.1053104761  -0.0713728728  -0.0514867883  -0.0583219482  -0.2021617763
 30 6   0.0580587087   0.0504808691  -0.1342960870   0.0026850320   0.0287266900
 30 7  -0.0410414283   0.1126396657   0.0086144973   0.0734142527   0.1067171445
 30 8  -0.0205185707  -0.1595651281   0.0336446698   0.1022146401  -0.0127839655
 30 9   0.0954150029  -0.0275177828  -0.0055330856  -0.0305197605  -0.0509338706
 3010   0.0558595274  -0.1071825178   0.0140479597   0.0006943716  -0.0139491086
 3011  -0.0027428777   0.0267893126  -0.0423999144   0.0314541898  -0.0565864248
 3012   0.0622291329   0.0913364849   0.0305653041   0.0484440689   0.0046163351
 3013   0.0033593905  -0.0231688354  -0.0116290254  -0.0217189993   0.0005678212
 3014  -0.0289080595   0.0384655581  -0.0493986963  -0.0478474661  -0.0560087637
 3015  -0.0751851382  -0.0005366696   0.0591707274  -0.0821090240  -0.0435991241
 3016  -0.0143612299   0.0281883721  -0.0461137195   0.0119639536   0.0138219634
 3017   0.0775367836   0.0154836366   0.0167777715  -0.0353493069   0.0273468299
 3018  -0.0080436287  -0.0039127519  -0.0030401779   0.0114595861  -0.0208273698
 3019   0.0004696787  -0.0023698372  -0.0106663459  -0.0040574874  -0.0040459351
 3020  -0.0057062428  -0.0032594013  -0.0062002203  -0.0017894805  -0.0080147399
 3021  -0.0163589971  -0.0092530334  -0.0124516843   0.0036602783   0.0125582722
 3022   0.0018493612  -0.0140364740  -0.0123859524   0.0222402278  -0.0037946439
 3023  -0.0059715617  -0.0089518346  -0.0027456092   0.0035984574  -0.0057707416
 3024  -0.0006263291   0.0001725636  -0.0008188162  -0.0016100855   0.0058817173
 3025  -0.0170435227  -0.0013788617   0.0018012140   0.0050042127  -0.0013532027
 3026   0.0130494306   0.0044379742   0.0016975959  -0.0100082616   0.0091541610
 3027   0.0007313541  -0.0046231571  -0.0008250940   0.0002671691  -0.0026176398
 3028   0.0081802894   0.0009118181  -0.0006971401  -0.0001897536   0.0002067750
 3029   0.0002169313  -0.0002382103  -0.0004393902   0.0002400076  -0.0002960980
 3030   0.0000684812   0.0000601905   0.0002542858   0.0000283212   0.0000860233
 3031  -0.0001814476   0.0000903612  -0.0001004932   0.0000830649  -0.0000705376
 3032   0.0003123380   0.0001366637  -0.0002099235  -0.0000355621   0.0000742340
 3033   0.0000190108  -0.0000282197  -0.0000820373   0.0001150288  -0.0000557926
 3034   0.0001081925   0.0001298666   0.0000210056  -0.0000251568  -0.0000292673
 3035  -0.0000358911  -0.0002017247   0.0000902215  -0.0000052955   0.0000261111
 3036   0.0000199162  -0.0000030783  -0.0000061266  -0.0000506846   0.0000042208
 3037   0.0000423350   0.0000023357  -0.0000086205   0.0000162005   0.0000029109
 3038  -0.0000011464  -0.0000213287   0.0000319338   0.0000106790  -0.0000130629
 3039   0.0000087823   0.0000044648   0.0000194209  -0.0000435781   0.0000097521
 3040   0.0000091531   0.0000226748   0.0000104705  -0.0000009024  -0.0000027283
 3041  -0.0000113059  -0.0000121511   0.0000078435  -0.0000104011   0.0000006456
 3042  -0.0000507676  -0.0000137979   0.0000065279   0.0000034669  -0.0000283640
 3043  -0.0000825929  -0.0000741428   0.0000701285  -0.0000550043  -0.0000047552
 3044  -0.0000166004   0.0000065537  -0.0000035129   0.0000080507   0.0000161204
 3045   0.0000049191  -0.0000031906   0.0000157048  -0.0000007271  -0.0000029037
 3046  -0.0000001449   0.0000027840   0.0000002175  -0.0000023838   0.0000020126
 3047  -0.0000004696   0.0000000189  -0.0000000580  -0.0000026533
 31 1  -0.0422525673   0.0195375296  -0.0270402999  -0.0092993597  -0.0134882664
 31 2   0.0079647197   0.0799760199   0.0162492097   0.0064725204   0.0700942837
 31 3   0.0056441688   0.0145224955  -0.0232071605   0.0059080401   0.0042426593
 31 4  -0.0287818156  -0.0386249525   0.0663847539   0.0166578948  -0.0776407671
 31 5   0.0145567328   0.1419956312  -0.0614741554   0.1295280799  -0.0169397594
 31 6   0.0182964744   0.0242252391  -0.1136713681  -0.0053288228  -0.0837228054
 31 7   0.0193809673   0.0407891665  -0.0202753813   0.0538015770  -0.0290993645
 31 8   0.1106830171  -0.0137226333   0.0487022706  -0.0741356436   0.0375121313
 31 9   0.0400963379  -0.0050621176   0.0025896111   0.0056524101   0.0300569844
 3110   0.1118708696   0.0883714917   0.0116279198   0.0246263816   0.0179285034
 3111  -0.0069554259  -0.0225745017   0.0440046418  -0.1060618863   0.0262694513
 3112   0.0864287274   0.0894003334  -0.0689892567   0.0404234566   0.0743257840
 3113  -0.0135537241  -0.1034168480   0.0554372329  -0.0379028069  -0.1579955897
 3114   0.0127953503   0.0175848577  -0.0409560234   0.0347380515   0.0939723145
 3115   0.1882657997   0.0568501482  -0.0853095319   0.0173075397  -0.1137941707
 3116  -0.0089075946   0.0105676011   0.0387242313  -0.0738311168  -0.0221695046
 3117  -0.0319690539  -0.0404187837   0.0264319564  -0.1147917392   0.0522100520
 3118   0.0157845459   0.0512709091   0.0057170790  -0.0627284862   0.0037536635
 3119   0.0265466015  -0.0074016022  -0.0039290253  -0.0008508263  -0.0029664376
 3120   0.0072471477  -0.0067559778  -0.0089618942   0.0227684875   0.0061917053
 3121  -0.1106723778   0.0277938685   0.0450240823   0.0182531748   0.0606495785
 3122   0.0500032386  -0.0199722728  -0.0796383026  -0.0211863227  -0.0366065100
 3123  -0.0472945859  -0.0329963269   0.0023138558  -0.0645898096   0.0125131157
 3124   0.0098485534  -0.0093061714   0.0090920034  -0.0761473882  -0.0062122336
 3125   0.1049495854   0.0500766322   0.0051142396   0.0466447755  -0.0344087449
 3126  -0.0585293235  -0.0729171096   0.0176261612  -0.1028917258  -0.0091665316
 3127   0.0369801428   0.0325163429  -0.0005095048  -0.0507725537  -0.0668942515
 3128  -0.0216089518  -0.0026436126   0.0004615642  -0.0001953615  -0.0008764950
 3129   0.0000233182   0.0002780893   0.0003526054   0.0004733726   0.0000528834
 3130   0.0000648677  -0.0001809049   0.0001110535  -0.0000904829  -0.0000030934
 3131   0.0000419025  -0.0000303148   0.0000237576   0.0000192546   0.0000010671
 3132   0.0000876408   0.0000159678  -0.0000079322   0.0000819075   0.0000173312
 3133  -0.0000158381  -0.0000022915  -0.0000138560   0.0000205531   0.0000229828
 3134   0.0000175258   0.0000095819   0.0000732807  -0.0000126792   0.0000104413
 3135  -0.0000045071  -0.0000061877   0.0000127132   0.0000055498   0.0000060224
 3136  -0.0000055305  -0.0000263562   0.0000054209  -0.0000000476   0.0000522107
 3137   0.0000005796   0.0000474751   0.0000158048   0.0000015481  -0.0000051198
 3138  -0.0000107718  -0.0000048760   0.0000030165  -0.0000042235  -0.0000041620
 3139  -0.0000157509  -0.0000117910  -0.0000123383   0.0000119631  -0.0000111316
 3140   0.0000233673  -0.0000102536   0.0000222205   0.0000017013  -0.0000108347
 3141   0.0000134825   0.0000061417   0.0000001509  -0.0000029264   0.0000203589
 3142  -0.0000403721   0.0000068374  -0.0000139332   0.0000309610  -0.0000174921
 3143   0.0000028211  -0.0000119181   0.0000275138  -0.0000001351  -0.0000268928
 3144   0.0000131182   0.0000020483  -0.0000067227  -0.0000021577   0.0000000526
 3145  -0.0000015636  -0.0000024932  -0.0000001134  -0.0000028173   0.0000004610
 3146   0.0000010611   0.0000002454   0.0000000276   0.0000001691  -0.0000001544
 3147   0.0000004919   0.0000003332  -0.0000006416  -0.0000000706
 32 1   0.0036088075  -0.0142048077   0.0199316146  -0.0105767430   0.1217681038
 32 2  -0.0638114400   0.0275242572   0.0633267920   0.0057651703  -0.0077911777
 32 3   0.0000514550   0.0111276157   0.0111141401  -0.0143120700   0.0118550607
 32 4  -0.0384697413  -0.0111828742   0.0314741754  -0.0164242629  -0.0321507797
 32 5  -0.0153453791  -0.0710136767   0.0826093297  -0.0238281178   0.0049615952
 32 6  -0.1120275080   0.0228888864   0.0741809542   0.0095485567   0.0233254353
 32 7   0.0025553086  -0.0250942273  -0.0257727961  -0.0501732479   0.0205886531
 32 8  -0.0140279237  -0.0085814186  -0.0206943306   0.0991149230   0.0364204543
 32 9  -0.0095584224  -0.0234461283  -0.0170368297   0.0203748467  -0.0430636168
 3210  -0.0274874242  -0.0274097072   0.0073122095  -0.0182761019  -0.0082052556
 3211  -0.0138510855  -0.0503839960   0.0074596156   0.0101747298   0.0111021689
 3212  -0.0655447032  -0.0809804023   0.0645768446   0.0071269568  -0.0770316499
 3213   0.0306656801  -0.0693720723  -0.0883548304   0.0068747318   0.0493539830
 3214   0.0288212201   0.0722557890   0.0372900545  -0.0921207795  -0.0373243038
 3215  -0.0243272586  -0.0331579506   0.0785344000  -0.1083821610  -0.1009839388
 3216  -0.0080098965  -0.0615415895   0.0433856976   0.0310213110  -0.0111353477
 3217  -0.1757089585   0.0330609593   0.0485836530  -0.0019324657   0.0550271319
 3218   0.0350290289   0.0691104701  -0.0616425232  -0.0633385153  -0.0605821339
 3219  -0.0347291559  -0.0110729967   0.0148668738   0.0143364962   0.0125074235
 3220  -0.0207923847  -0.0292307713   0.0084922446   0.0473340120  -0.0273613987
 3221   0.0966552717  -0.0865003702   0.0798172923  -0.0752659943   0.0235199626
 3222   0.0439097422  -0.0248608337  -0.0085287906  -0.0335964063   0.0235401839
 3223  -0.1498097211   0.0387122494   0.0190696989  -0.0219456398   0.0016157453
 3224   0.0007377435   0.0021446463  -0.0001328318  -0.0703478794  -0.0122794382
 3225  -0.0385771806   0.0199463630   0.0017143773  -0.0117060386  -0.0149758497
 3226   0.0169967116  -0.0328692847  -0.1296199393  -0.2003550972  -0.1723747974
 3227   0.0799313061   0.1060381190   0.0026172861  -0.0507335102  -0.0875129408
 3228  -0.0246626705  -0.0070619218   0.0016194246  -0.0015935322  -0.0023312930
 3229   0.0005619217   0.0019237773   0.0002187712   0.0006685412   0.0002029993
 3230  -0.0003742339  -0.0004162452  -0.0002222522  -0.0000165237  -0.0001275055
 3231  -0.0001881015   0.0000290821  -0.0000713947  -0.0001695521   0.0000133241
 3232   0.0001313849  -0.0002614090   0.0000637857   0.0000346251  -0.0000268336
 3233  -0.0000599713   0.0000052386  -0.0000489774   0.0000271332  -0.0000046545
 3234  -0.0000853986   0.0000306000  -0.0000478401   0.0000546760  -0.0000444061
 3235   0.0000505456   0.0000186625  -0.0000196355   0.0001578369  -0.0000437402
 3236  -0.0000082545  -0.0000150542  -0.0000394460   0.0000121511  -0.0000242399
 3237  -0.0000026957   0.0001356213  -0.0000054617  -0.0000193232  -0.0000039094
 3238   0.0000441536   0.0000264756  -0.0000193877  -0.0000407213  -0.0000275461
 3239  -0.0000075835   0.0000234836  -0.0000179517   0.0000644890  -0.0000091782
 3240  -0.0000140545  -0.0000095322   0.0000608016   0.0000177160   0.0000375300
 3241   0.0000423183   0.0000100814   0.0000312889  -0.0000009033   0.0000109103
 3242  -0.0000024421   0.0000279697  -0.0000149241  -0.0000335881   0.0000070074
 3243   0.0000328335   0.0000241175  -0.0000644356  -0.0000309988  -0.0000128043
 3244  -0.0000304896  -0.0000225980  -0.0000055424  -0.0000049971  -0.0000014257
 3245  -0.0000035968   0.0000086481  -0.0000017973   0.0000001416   0.0000005516
 3246  -0.0000009606  -0.0000001612   0.0000000586   0.0000001233  -0.0000011816
 3247   0.0000004518   0.0000011977   0.0000007512  -0.0000002306
 33 1  -0.0055387031  -0.0070388425   0.0730433382  -0.0277069615  -0.0616991329
 33 2   0.0428845332  -0.0423823526   0.1365833502  -0.0335635657   0.0238373699
 33 3  -0.0086445958   0.0338131395   0.0483362734  -0.0103543910   0.0276543840
 33 4   0.0062295512  -0.0057213151   0.0721956877  -0.0709093689   0.1062094654
 33 5   0.1696216155   0.1075567410  -0.0279495400  -0.0365720154   0.0733613732
 33 6  -0.0551734249  -0.0378011393   0.0766418032  -0.1040267842  -0.0157347786
 33 7  -0.0536984180   0.0161813810   0.0094040236   0.0075190838   0.0094880038
 33 8   0.0875558605  -0.0078061389  -0.0327168980  -0.0078689685   0.0158642848
 33 9   0.0375865524   0.0165002235  -0.0774860719   0.0271163275  -0.2380552658
 3310   0.2499536462   0.0423087977  -0.0944317042   0.1588876239   0.0125488435
 3311  -0.0270186145   0.0633211629   0.1205550509   0.0242441863   0.0973229075
 3312   0.0420114710   0.0272446727  -0.0213054512  -0.0138454882  -0.0078993145
 3313   0.0024930561  -0.0191656781   0.0110666037  -0.0154431197  -0.0393376658
 3314   0.0653865349   0.0107130007   0.0045241335   0.0190810860  -0.0292234725
 3315   0.0404736237   0.0121540984   0.0223265512  -0.0408984771   0.0510170711
 3316   0.0119235517  -0.0136175943   0.0045442956  -0.0512382304   0.0591258201
 3317  -0.0153915474   0.0108872370   0.0677689547   0.0381530939  -0.0115082569
 3318   0.0137291004  -0.0379740423  -0.0276238137   0.0746539013  -0.0010131172
 3319   0.0200115345  -0.0316843186  -0.0944832902  -0.0042771959   0.0232490528
 3320   0.0815262524  -0.0290878230  -0.0095189193   0.0108390623  -0.0954845443
 3321   0.1166287958  -0.0229538373  -0.0400658385  -0.0479512685   0.0920176519
 3322   0.0454686144   0.0225901863   0.0469871429  -0.0697413871   0.1466567314
 3323   0.0089925020   0.0014981751   0.0049834127   0.0515501182   0.0110263510
 3324  -0.0059603663   0.0092276981  -0.0036637036   0.0677072779  -0.0116211272
 3325  -0.0392813874  -0.0255039544   0.0071970866  -0.0194724969   0.0024955670
 3326   0.0101632865   0.0234461466   0.0012294237   0.0263910494   0.0013594985
 3327  -0.0080240476   0.0000999737  -0.0002798367   0.0089784439   0.0115419065
 3328   0.0090771729   0.0003897818  -0.0009850227   0.0009351551   0.0005007104
 3329  -0.0010136750  -0.0006396465   0.0001479870   0.0006575185  -0.0001519160
 3330   0.0000777215  -0.0004803660  -0.0004233266   0.0000831330   0.0003662991
 3331  -0.0000344108  -0.0000596518   0.0001276762   0.0000074617  -0.0002090950
 3332   0.0002569602  -0.0003095031   0.0000975031   0.0001501801   0.0000604719
 3333  -0.0000888860   0.0001364480   0.0001314728  -0.0000014325   0.0000493879
 3334  -0.0000745067  -0.0000010963   0.0000129219   0.0001181109  -0.0000527319
 3335  -0.0000232142  -0.0000083156  -0.0000119048   0.0000559150   0.0000374173
 3336   0.0000000185  -0.0000192800   0.0000387066   0.0000026870   0.0000586970
 3337  -0.0000073209  -0.0000531563   0.0000066685   0.0000066835  -0.0000068635
 3338  -0.0000527742   0.0000182378  -0.0000154174  -0.0000076181  -0.0000077305
 3339   0.0000145578   0.0000078308  -0.0000038093   0.0000069781   0.0000227992
 3340   0.0000338443  -0.0000171826   0.0000138430  -0.0000046141  -0.0000241789
 3341  -0.0000028860   0.0000087974   0.0000084670   0.0000329708   0.0000143259
 3342  -0.0000097078   0.0000007357  -0.0000080219   0.0000184564   0.0000060071
 3343   0.0000145365  -0.0000411939   0.0000695547   0.0000634941   0.0000702543
 3344  -0.0000207861  -0.0000082844   0.0000024319   0.0000002266  -0.0000032006
 3345  -0.0000003468   0.0000027743  -0.0000020685   0.0000006775   0.0000002432
 3346   0.0000000098  -0.0000000090   0.0000026255   0.0000001882   0.0000000795
 3347  -0.0000009228  -0.0000000238  -0.0000000657   0.0000001502
 34 1  -0.0383504870   0.0138195872  -0.0047369914  -0.0120574125  -0.0146096415
 34 2   0.0095286887   0.0794300111   0.0186695778   0.0079603155   0.0702578392
 34 3   0.0020178833   0.0090803135  -0.0130777604  -0.0003518275   0.0014750233
 34 4  -0.0164640785  -0.0249396565   0.0327341399  -0.0139622032  -0.0515729247
 34 5  -0.0046299315   0.0999383652  -0.0180485630   0.0740564290  -0.0150824746
 34 6   0.0232125663   0.0054161695  -0.0326332376  -0.0444228924  -0.0405659436
 34 7   0.0216227397   0.0656414514  -0.0576365431   0.0015241690  -0.0357236026
 34 8   0.0584607914  -0.0008957523   0.0816330253  -0.0286799151  -0.0528210208
 34 9   0.0924435008  -0.0028961748  -0.0106473554   0.0177717398   0.0611810921
 3410   0.0584314043   0.0755707625   0.0400325331   0.0462497066  -0.0017422555
 3411  -0.0115399044  -0.0072263987   0.0123010925  -0.0227082369   0.0175579498
 3412   0.0504894661   0.0663139000  -0.0378574334   0.0130248983   0.0387287069
 3413  -0.0102085927  -0.0258053873   0.0440201439   0.0086932712  -0.0241850412
 3414   0.0075007012  -0.0291867090   0.0021766681   0.0396699684   0.0339980860
 3415   0.0506662387   0.0205029080   0.0080454994  -0.0439130922  -0.0419870345
 3416   0.0167067214  -0.0133636843  -0.0047140591   0.0388752828  -0.0200426123
 3417  -0.0468533833  -0.0078691732  -0.0938454884   0.0223109847  -0.0170564322
 3418   0.0253514815  -0.0662522226  -0.0491707566  -0.2052018436  -0.0740166111
 3419  -0.0015087091   0.0090261830   0.0012894970  -0.0338899708  -0.0212387456
 3420  -0.0806092717   0.0144634701   0.0059258277  -0.0381912741   0.0415009795
 3421   0.0142458525  -0.0453041038   0.0517556424   0.0023466598   0.0465848826
 3422  -0.0859931027  -0.0047595566   0.0311082926   0.0382783878  -0.0621421367
 3423  -0.0983059695   0.0583658043   0.0054624570   0.0091654409  -0.0216995426
 3424  -0.0119682576   0.0059700028  -0.0132760388  -0.0077227170   0.0093900120
 3425  -0.1116315491  -0.0255408320  -0.0072819586  -0.0667752014   0.0166614688
 3426   0.1785087993   0.1899951758  -0.1348041556   0.0937361864  -0.1050152337
 3427  -0.0244078167   0.0768650968  -0.0009902485   0.0759993459   0.0737764655
 3428   0.0262799792   0.0022558813  -0.0006265764   0.0001726674  -0.0005650748
 3429   0.0011309954  -0.0000086920  -0.0000404124   0.0000804059  -0.0001622767
 3430   0.0000830702  -0.0002511973   0.0000670944  -0.0000132968   0.0001650295
 3431  -0.0002646575  -0.0000556284  -0.0000493646   0.0000200502  -0.0000531041
 3432  -0.0001207548   0.0000764006  -0.0000520525   0.0000891377   0.0000246503
 3433  -0.0000804220   0.0001301787   0.0000556258   0.0000075794   0.0000175604
 3434   0.0000403701  -0.0000264584   0.0000456500   0.0000023119   0.0000202500
 3435   0.0000082225  -0.0000085314   0.0000082408   0.0000427033   0.0000251471
 3436   0.0000128181   0.0000208240   0.0000379522  -0.0000030925  -0.0000163748
 3437  -0.0000024552   0.0000063436  -0.0000142309   0.0000008581   0.0000072206
 3438  -0.0000075201   0.0000087396  -0.0000054903   0.0000033197  -0.0000027727
 3439   0.0000090386  -0.0000020070  -0.0000019510  -0.0000088383   0.0000235998
 3440  -0.0000161630   0.0000040454   0.0000143143   0.0000027516   0.0000126023
 3441   0.0000122847   0.0000027229   0.0000008367  -0.0000020430  -0.0000045219
 3442  -0.0000046453  -0.0000063031   0.0000124351   0.0000078722   0.0000067560
 3443   0.0000002958  -0.0000396118  -0.0000001951   0.0000182837   0.0000375916
 3444  -0.0000117664   0.0000026190  -0.0000035458   0.0000005414   0.0000007980
 3445   0.0000003392  -0.0000000653   0.0000010807  -0.0000012080  -0.0000002320
 3446   0.0000002741   0.0000002998   0.0000008434  -0.0000003207   0.0000001087
 3447  -0.0000008635  -0.0000000279  -0.0000001190   0.0000000087
 35 1   0.0135868097  -0.0109480358   0.0040039472   0.0018425374   0.1098036590
 35 2  -0.0312109711  -0.0031499092   0.0375694894   0.0070819506   0.0178096791
 35 3  -0.0009869824   0.0113201430  -0.0044221737  -0.0018462393   0.0012935008
 35 4   0.0029821150   0.0139256995  -0.0122401669   0.0381211181   0.0306196716
 35 5   0.0391175451  -0.0962625693   0.0808792231  -0.0264722779  -0.0378156083
 35 6  -0.0583981809   0.0145283038   0.0267247564   0.0205225084  -0.0387996944
 35 7   0.0491791980   0.0028312588  -0.0324400020  -0.0100407620  -0.0410477522
 35 8   0.0048984777   0.0209371170   0.0442867107  -0.0191488300   0.0441619230
 35 9  -0.0006116654   0.0080686014   0.0370374926  -0.0159641698   0.0161625271
 3510  -0.0189149017  -0.0194001347  -0.0899907403   0.0474675360  -0.0014023179
 3511   0.0098189219   0.0303955924   0.0332511369  -0.0101524822   0.0534684012
 3512   0.0484330865   0.0435251401   0.0041544870   0.0296685669  -0.0019553676
 3513   0.0590915590  -0.0838072932  -0.0056433430   0.0227741624   0.0052490193
 3514  -0.0645326362  -0.0659025287   0.0092049821   0.0988250062   0.0235808693
 3515   0.1572060786  -0.1123540015   0.0492163646  -0.0532997446  -0.0538090663
 3516  -0.0069651735  -0.0159572777   0.0226876735   0.0123183634  -0.0495197820
 3517   0.0482484766  -0.0279605823  -0.0268586147  -0.0252786811   0.0038745635
 3518  -0.0437493359  -0.0705483882   0.0655107766  -0.0120239457   0.0573540202
 3519  -0.0037884148   0.0043624810  -0.0364976653  -0.0305150684  -0.0104671734
 3520   0.0189104469   0.0251890356  -0.0031983829  -0.0226428801  -0.1025978453
 3521  -0.0246210364  -0.0283934897  -0.0519507646  -0.0833157569  -0.0412413460
 3522  -0.1081904831   0.0090463546   0.1246945009   0.1882790439  -0.0624018683
 3523  -0.0096506699  -0.0664291580  -0.0093241865   0.0640442021  -0.0137195920
 3524   0.0162372286   0.0150905961  -0.0201625928   0.0327494346   0.0119016274
 3525   0.0461634731   0.0410084305  -0.0081866959  -0.0306729346   0.0360218790
 3526  -0.0638212592   0.0486342131  -0.0567546360   0.0215535534  -0.0112378770
 3527   0.2493030525  -0.0821420368   0.0301369897  -0.0013070803  -0.0453824976
 3528   0.0739481091  -0.0046513448   0.0002825016  -0.0008871187  -0.0016950587
 3529  -0.0005564453   0.0004688789  -0.0001387148   0.0004260985   0.0001075880
 3530  -0.0000454348  -0.0010690481   0.0000865973  -0.0003470378   0.0003430301
 3531   0.0004213889   0.0000189078   0.0000505105  -0.0000433589   0.0000348781
 3532  -0.0000900916   0.0000018883  -0.0000839990   0.0000309413  -0.0000154505
 3533  -0.0000043023  -0.0000029308  -0.0000721848  -0.0000083330  -0.0000291344
 3534  -0.0000916417   0.0000390331  -0.0003234394   0.0000008382  -0.0000046599
 3535   0.0000114428   0.0000159278   0.0000069702   0.0000231503  -0.0000536315
 3536  -0.0000009094  -0.0000174566   0.0000076978   0.0000026449  -0.0000196562
 3537   0.0000034639   0.0000092037  -0.0000136976  -0.0000179321  -0.0000045382
 3538  -0.0000104278   0.0000155744  -0.0000127209  -0.0000263701  -0.0000259241
 3539   0.0000027151   0.0000319514  -0.0000293383   0.0000245318   0.0000019107
 3540   0.0000027307  -0.0000041733   0.0000092570  -0.0000019657  -0.0000033286
 3541  -0.0000043041   0.0000063998  -0.0000054036  -0.0000009923  -0.0000144104
 3542   0.0000618707   0.0000279101  -0.0000194565  -0.0000183558  -0.0000042746
 3543  -0.0000143044   0.0000489419  -0.0000303506  -0.0000037559   0.0000288547
 3544  -0.0000708190  -0.0000201929  -0.0000011347  -0.0000031714   0.0000005369
 3545  -0.0000018759   0.0000058830  -0.0000005060  -0.0000003094   0.0000002238
 3546  -0.0000007637   0.0000004864  -0.0000007498  -0.0000000873  -0.0000003151
 3547   0.0000013009  -0.0000027962   0.0000005744  -0.0000002827
 36 1   0.0015402481   0.0101206820   0.0238898809  -0.0110797043  -0.0398521449
 36 2   0.0141785053  -0.0344987846   0.0837122527  -0.0641626229   0.0232948531
 36 3  -0.0051893588  -0.0039428343   0.0410155875   0.0117400511  -0.0040999655
 36 4   0.1321737926   0.0565800088   0.0227757713   0.0064679099  -0.1168086041
 36 5   0.3124610138  -0.0402317118   0.1279411625   0.0315550360  -0.1491880051
 36 6   0.2157479993   0.0666435377  -0.0522454041   0.0532420534  -0.3058961819
 36 7   0.1401760928  -0.1981310267   0.0277514227  -0.0285614697  -0.0985653820
 36 8  -0.1774659612   0.0696973921   0.0499980265  -0.0071662512  -0.0563982110
 36 9   0.0180034883  -0.0249138313  -0.0624041055   0.0279219376   0.0080738688
 3610   0.0128353232  -0.0165602830  -0.0135690064  -0.0626913065   0.0185633638
 3611  -0.0095814463   0.0150487231  -0.1026126793  -0.1115229140  -0.0803959113
 3612  -0.0852247300   0.0984936947  -0.0320848486   0.0448195433   0.0213465325
 3613   0.0701207027  -0.0151478794  -0.0318706444   0.0500864245   0.0301627678
 3614  -0.0434183504   0.0374185310   0.0404803892  -0.1143327685   0.0601598782
 3615   0.0207643308   0.0853910122  -0.0209648283   0.0480676580  -0.0055286441
 3616   0.0095158907  -0.0222154378   0.0336952661  -0.0372374368   0.0140567536
 3617  -0.0104807958   0.0437964802  -0.0051354733   0.0389325143   0.0190266540
 3618  -0.0402993084  -0.0544617926   0.0244469070   0.0482123509  -0.0804632941
 3619  -0.0305446477  -0.0057938120   0.0175409785  -0.0114761139   0.0040810482
 3620   0.0079780957  -0.0068020305   0.0015803242  -0.0107010026  -0.0343150507
 3621   0.0142231716   0.0150556543  -0.0033590284  -0.0934389801  -0.0046302537
 3622  -0.0195685571   0.0098344310  -0.0121872519  -0.0747481620   0.0186134886
 3623   0.0022480116   0.0102066464   0.0036914843   0.0131571536   0.0358012094
 3624  -0.0059484617  -0.0032094379  -0.0022104877  -0.0062333286   0.0106073935
 3625  -0.0149624995  -0.0131338484   0.0002649442   0.0029157566  -0.0038940316
 3626   0.0006035438  -0.0042891813   0.0171722912   0.0013346546   0.0074080548
 3627  -0.0149171728  -0.0013925581  -0.0010267313  -0.0017251938   0.0013806011
 3628  -0.0053487988  -0.0001296800  -0.0000318054  -0.0001799703  -0.0005630012
 3629   0.0003316211   0.0001525487   0.0002289262  -0.0002038176  -0.0005613194
 3630   0.0001081320   0.0002213728  -0.0002943804   0.0003200740  -0.0003473849
 3631  -0.0008378916   0.0002334584   0.0003120416   0.0000073324  -0.0003641069
 3632  -0.0000267081  -0.0000895198  -0.0001230443  -0.0000890252  -0.0000991664
 3633   0.0000302316   0.0000585907  -0.0000400050  -0.0001202343  -0.0000804048
 3634   0.0000267539  -0.0000187518  -0.0002256429   0.0000275776  -0.0000487825
 3635  -0.0000124897  -0.0000209712   0.0000091980  -0.0000754373   0.0000436438
 3636  -0.0000012319  -0.0000042987  -0.0000100596  -0.0000003079   0.0000020254
 3637  -0.0000019419  -0.0000018631   0.0000278660   0.0000140787   0.0000100442
 3638   0.0000755830   0.0000620455   0.0000054285  -0.0000593063  -0.0000532976
 3639   0.0000760704   0.0000229043   0.0000133580  -0.0000294260  -0.0000113222
 3640   0.0000241595   0.0000105169  -0.0000853110  -0.0000129475   0.0000087062
 3641  -0.0000040129  -0.0000037818   0.0000183463  -0.0000588562  -0.0000442225
 3642  -0.0000091070   0.0000257884  -0.0000466540  -0.0001153603   0.0000936622
 3643  -0.0000689169   0.0001196085  -0.0000021265  -0.0000226555   0.0000502840
 3644  -0.0000588624  -0.0000025825   0.0000006520   0.0000014530  -0.0000000751
 3645   0.0000006948   0.0000014628   0.0000001228   0.0000001981  -0.0000000557
 3646   0.0000003849  -0.0000002322   0.0000005494  -0.0000000977   0.0000000363
 3647  -0.0000014732  -0.0000051145  -0.0000036191   0.0000001574
 37 1  -0.0272828851   0.0107607019   0.0076011106  -0.0109986116  -0.0145882556
 37 2   0.0094968324   0.0794428896   0.0186287970   0.0079336304   0.0702523812
 37 3   0.0051101271   0.0075536896  -0.0018820913  -0.0020995546  -0.0026352775
 37 4   0.0016418899  -0.0085563176  -0.0091096526  -0.0347334460  -0.0467476047
 37 5  -0.0286283998   0.0374722060  -0.0027788440   0.0159246693  -0.0049235369
 37 6   0.0349338276   0.0071754341  -0.0158433230  -0.0349808554   0.0229338263
 37 7   0.0666888828   0.0669797543  -0.0423942057  -0.0217355769  -0.0733624466
 37 8  -0.0061897704  -0.0175241246   0.0831174761  -0.0289078191  -0.0553671559
 37 9   0.0745141191   0.0198962921  -0.0473551651  -0.0138436716   0.0095974224
 3710   0.0521001158   0.0038046278  -0.0230952570  -0.0024051267  -0.0267293891
 3711  -0.0029045178  -0.0020339143  -0.0323605618   0.0281157621   0.0128504183
 3712   0.0605744740  -0.0086753466  -0.0223862723   0.0100682864  -0.0484322401
 3713  -0.0155198731  -0.0244024265  -0.0185978180  -0.0550526549  -0.0098292928
 3714  -0.0236139602  -0.0320878016  -0.0323039024   0.0376546669  -0.0284958219
 3715   0.0134270220   0.0569205728  -0.0406503585  -0.0638838990  -0.0788742622
 3716   0.0015322859  -0.0229223405  -0.0324825113   0.0673882240  -0.1348455277
 3717  -0.0470109929  -0.0206126944  -0.1148277796   0.0444193801  -0.0535610921
 3718   0.0063578625  -0.0250034239  -0.0589652441   0.0249231157  -0.0278953462
 3719  -0.0851193956   0.0261444275  -0.0151452337   0.0211026060   0.0133749722
 3720  -0.0615366358  -0.0506938133   0.0173613264  -0.0649861002  -0.0195277546
 3721   0.0592470574  -0.1301652647   0.0349702139  -0.0320855519  -0.1566865407
 3722   0.0466371676  -0.0172771962   0.0166497976  -0.0408286837   0.0660056290
 3723   0.1000399134   0.0189092301   0.0019752182   0.0581642725  -0.0032363484
 3724  -0.0049271944  -0.0045527300   0.0082633230   0.0381338026  -0.0113432175
 3725   0.0477674858  -0.0804545708  -0.0026498150   0.0214697875   0.0257519223
 3726   0.0020535105  -0.1924645999   0.0391043593  -0.0505168564   0.0565691743
 3727  -0.0302604937  -0.1650883211   0.0003100322  -0.0813930845  -0.0641862695
 3728  -0.0381243178  -0.0018327303   0.0003601672   0.0003781312   0.0029831449
 3729  -0.0028191710  -0.0004092412   0.0000788680   0.0007052595   0.0001445895
 3730  -0.0000275647   0.0000086369   0.0000846392  -0.0005214061  -0.0003477585
 3731   0.0006945420   0.0000114125  -0.0000452581   0.0000212523   0.0000309025
 3732   0.0001668772   0.0000421011   0.0001311891  -0.0000300032   0.0000224857
 3733   0.0000814693  -0.0000549489   0.0001834932   0.0000414006  -0.0000390358
 3734   0.0000049152  -0.0000013517   0.0000403957   0.0000027749  -0.0001424921
 3735  -0.0000230324  -0.0000129567  -0.0000113441  -0.0000537018   0.0001137407
 3736   0.0000172217   0.0000187654   0.0000500460  -0.0000112142   0.0000128000
 3737   0.0000023741  -0.0000061089   0.0000197905   0.0000220956   0.0000086807
 3738   0.0000301339  -0.0000105371   0.0000181445   0.0000171897  -0.0000081980
 3739   0.0000076560  -0.0000186622  -0.0000046796  -0.0000684892  -0.0000090563
 3740   0.0000176546   0.0000084807  -0.0000307326  -0.0000085218  -0.0000047152
 3741   0.0000013070   0.0000005540   0.0000090059  -0.0000241192   0.0000011020
 3742  -0.0000571374  -0.0000209631   0.0000168146   0.0000054687   0.0000205448
 3743  -0.0000447844  -0.0000442414   0.0000331649  -0.0000075588  -0.0000277905
 3744   0.0000207778   0.0000056026  -0.0000010397   0.0000059545   0.0000006433
 3745   0.0000031035  -0.0000024271   0.0000021038  -0.0000014826  -0.0000003118
 3746   0.0000001486   0.0000001229   0.0000003596   0.0000002475   0.0000005566
 3747  -0.0000008061  -0.0000014245  -0.0000001913   0.0000008219
 38 1   0.0451646449  -0.0178949240  -0.0039811768   0.0109895679   0.0978342002
 38 2   0.0046377921  -0.0321480901   0.0128101403   0.0070462369   0.0415301201
 38 3   0.0062851340   0.0181966712  -0.0059588067   0.0050928476  -0.0038642477
 38 4   0.0164682084   0.0136024908  -0.0406691100   0.0336723763   0.0690930475
 38 5  -0.0090736586  -0.0335002172   0.0216939723  -0.0090242603  -0.0124800220
 38 6   0.0015511265   0.0111647232  -0.0053756427  -0.0172033006  -0.0433568983
 38 7  -0.0377806577   0.0235780717  -0.0081043768   0.0750738840  -0.0634134160
 38 8   0.0448596299  -0.0094907592   0.0527064480  -0.0909464564   0.0332247809
 38 9  -0.0111080876   0.0103729074  -0.0081072794  -0.0005600025   0.0450102944
 3810   0.0280344941   0.0331813999   0.0161646360   0.0056516605  -0.0061285080
 3811   0.0079771189   0.0284948926   0.0140832103  -0.0036579158   0.0037543036
 3812   0.0372137273   0.0285377192  -0.0124352251  -0.0120918332  -0.0504068429
 3813  -0.0354375451   0.0427707598  -0.0290215798   0.0366295216   0.0215628897
 3814  -0.0109367440  -0.0177251784   0.0440397350  -0.0514769098   0.0132491867
 3815   0.0177589074   0.0193811572   0.0273391460   0.1424898603   0.0696675437
 3816  -0.0170041338   0.0523708334   0.0093485876   0.0486998494  -0.0927719549
 3817   0.0393479631   0.0794581036   0.0700275944   0.0920838194   0.0163793108
 3818  -0.0558329954   0.1232565974  -0.0453034386   0.0329065696  -0.0323923819
 3819  -0.0101356102   0.0300362320  -0.0319028719  -0.0285816922  -0.0035762987
 3820  -0.0691566482   0.0045196660   0.0120712685   0.0192057518  -0.0025934269
 3821   0.0492944630  -0.0662553608   0.0870808594   0.0298756400   0.2623795931
 3822  -0.0453532870  -0.0569756051  -0.0350492282   0.0098954558   0.0381273869
 3823   0.0200137147  -0.0796200502  -0.0130148165  -0.0622962315   0.0141926559
 3824   0.0050229691  -0.0082579294   0.0087470352  -0.0099298549  -0.0029443751
 3825  -0.0050819230  -0.0420172796  -0.0051300272  -0.0125283617   0.0299190994
 3826  -0.0242207193  -0.0354421736   0.1684460138   0.1832102197  -0.1409528992
 3827  -0.0089749054  -0.0109361561   0.0340541090   0.0843267062  -0.1140704066
 3828  -0.0639512663  -0.0021068328   0.0006339190  -0.0008438445  -0.0023077854
 3829   0.0001077505   0.0012762984  -0.0000854047  -0.0004590585  -0.0001991516
 3830   0.0000443261   0.0003188821  -0.0000350821   0.0000446560   0.0003552975
 3831   0.0000455306  -0.0000147318  -0.0000521685  -0.0000407332   0.0000286768
 3832   0.0000179029  -0.0000799681  -0.0001109375  -0.0000285844  -0.0000919837
 3833  -0.0000061201   0.0000998686  -0.0000958847  -0.0000034475  -0.0000490100
 3834  -0.0000534377   0.0000277783  -0.0000531624  -0.0000739922   0.0000056151
 3835   0.0000181741   0.0000433103  -0.0000135841   0.0000174031  -0.0000383215
 3836  -0.0000078886  -0.0000190652  -0.0000375366  -0.0000032300  -0.0000121319
 3837   0.0000094892   0.0000078217  -0.0000079064  -0.0000289675  -0.0000209343
 3838  -0.0000102290   0.0000080929  -0.0000028266  -0.0000139817  -0.0000104240
 3839   0.0000183412   0.0000306705  -0.0000308236   0.0000680790   0.0000123210
 3840  -0.0000023802   0.0000033170   0.0000188101  -0.0000025563   0.0000069350
 3841   0.0000020530   0.0000086236  -0.0000039954   0.0000071568  -0.0000122837
 3842   0.0000496449   0.0000237969  -0.0000147889  -0.0000266278   0.0000031828
 3843   0.0000433444   0.0000524168  -0.0000229874   0.0000389155   0.0000026776
 3844  -0.0000460496  -0.0000071677  -0.0000009925  -0.0000037873   0.0000027742
 3845  -0.0000014560   0.0000033663   0.0000004529   0.0000006458  -0.0000000001
 3846  -0.0000001964   0.0000004673  -0.0000002072   0.0000000324  -0.0000005160
 3847  -0.0000006015   0.0000001302   0.0000002503  -0.0000007502
 39 1   0.0502873736  -0.0277245742  -0.0043693077   0.0239661759  -0.0179857506
 39 2  -0.0141883943  -0.0264160815   0.0309108970  -0.0949409659   0.0225369172
 39 3   0.0304170573   0.0053550891   0.0486036349   0.0214728761  -0.0251249394
 39 4   0.0386566812  -0.0003209313  -0.1458720300   0.0276052973  -0.0672025826
 39 5  -0.0493252529   0.0275977265   0.0851222477   0.1327977568   0.2660973957
 39 6  -0.0535623867   0.1442040147  -0.0378246976  -0.0938878344   0.0606445923
 39 7   0.0928246472  -0.0727516365  -0.0578647668   0.1563013995   0.0863978561
 39 8  -0.0584308097  -0.3131467227  -0.0604847889   0.0356524523  -0.0577867114
 39 9   0.0186544126  -0.0236812038   0.0419218876  -0.0812178491   0.0284723706
 3910  -0.0344413199   0.0348962281  -0.0071610613   0.0409214093  -0.0377664199
 3911  -0.0007329561  -0.0233291623   0.1101301943   0.0714516339   0.0708295942
 3912  -0.0196556841  -0.0072158827  -0.0267256256  -0.0547762605  -0.0744952276
 3913  -0.0351647040  -0.0183279782  -0.0426098853   0.1125790990  -0.0746719011
 3914  -0.0346598957  -0.0877785799   0.0066437867  -0.0059876710   0.0806175060
 3915  -0.0095982509   0.0068892875  -0.0374075844  -0.0196358397   0.1643939902
 3916  -0.0065948176  -0.0252146877   0.0045642818  -0.0120203986   0.0302848037
 3917   0.0199773144   0.0282580525  -0.0352686828   0.0102743274   0.0519876847
 3918  -0.0458016718  -0.0723638704   0.0301366743   0.0119592328  -0.0908959663
 3919  -0.0648023041   0.0112589678   0.0319696112   0.0001094723  -0.0116466845
 3920   0.0125373321  -0.0081263315  -0.0315001422   0.0115890711  -0.0436983584
 3921  -0.0020670810  -0.0151100049  -0.0125934857  -0.0204564616  -0.0142787461
 3922   0.0237952795   0.0058809576  -0.0231487563   0.0008304914  -0.0575891231
 3923  -0.0010112806   0.0089824412  -0.0002065172  -0.0061893749   0.0149412920
 3924  -0.0002056594  -0.0021740066   0.0085511651   0.0981706139  -0.0075914135
 3925  -0.0089918812   0.0032895920   0.0003502669  -0.0016121421   0.0006923643
 3926  -0.0155223190  -0.0045245048   0.0015183801  -0.0004222713   0.0058628691
 3927  -0.0022797635   0.0073603625   0.0035460406  -0.0032002194   0.0044665297
 3928   0.0059502682  -0.0038318081   0.0015947944   0.0017337735  -0.0017113608
 3929  -0.0012607516   0.0005459804   0.0003956421   0.0000837657  -0.0000064310
 3930   0.0000160497   0.0015312537  -0.0004037213  -0.0003499296  -0.0004928070
 3931   0.0002647104   0.0003444042   0.0002634622  -0.0000963921   0.0001141320
 3932   0.0000833934   0.0002217236  -0.0001898274  -0.0000404570   0.0004114196
 3933   0.0000412622   0.0000889661  -0.0004323303   0.0000057981  -0.0000267494
 3934  -0.0001087366   0.0000487827   0.0000444985  -0.0003339243  -0.0000477310
 3935   0.0000105238  -0.0000024718  -0.0000954691   0.0000319556   0.0000566617
 3936  -0.0000963796  -0.0001181511  -0.0002754808   0.0000048793  -0.0000007924
 3937   0.0000149566   0.0000067299  -0.0000053516  -0.0000439946  -0.0000734918
 3938  -0.0000351583  -0.0000026121  -0.0000004361  -0.0000118210   0.0000014182
 3939   0.0000045298   0.0000025631  -0.0000084992   0.0000824315  -0.0000308749
 3940  -0.0000026293   0.0000077323   0.0000013201  -0.0000064475  -0.0000058601
 3941  -0.0000129976  -0.0000004161   0.0000057986   0.0000057649   0.0000179319
 3942  -0.0000033090   0.0000033711  -0.0000119858   0.0000216166  -0.0000871733
 3943  -0.0000158862   0.0000866414   0.0000025319  -0.0000012069  -0.0000143433
 3944   0.0000332090  -0.0000011846  -0.0000019354  -0.0000008752   0.0000019484
 3945   0.0000007044   0.0000011532  -0.0000001551   0.0000004690   0.0000001912
 3946  -0.0000001305   0.0000005420   0.0000001883  -0.0000013887   0.0000006608
 3947  -0.0000004171   0.0000008381   0.0000008001   0.0000002251
 40 1   0.0208630674   0.0135482917   0.0191191246  -0.0069022218  -0.0147149663
 40 2   0.0095585857   0.0795208538   0.0192069672   0.0081974162   0.0701383765
 40 3   0.0051339085   0.0040119328   0.0035019121  -0.0052486038  -0.0035299551
 40 4   0.0308761589   0.0037920062  -0.0345008727  -0.0847643039  -0.0408616571
 40 5  -0.0444940828  -0.0181219289  -0.0165905191  -0.0328624018   0.0121376054
 40 6   0.0006714326  -0.0424628125   0.0018559305   0.0081664866   0.0011493625
 40 7   0.1009648343   0.0441924578   0.0305537754  -0.0264706713  -0.0428683314
 40 8  -0.0005120689  -0.0436288849   0.0250544082  -0.0636303862   0.0132740559
 40 9   0.1320623994   0.0169681382  -0.0760131784  -0.0313160886   0.0079545855
 4010   0.0247444408  -0.0878935843   0.0271270580   0.0059904442  -0.0216700831
 4011  -0.0004018937  -0.0328918890   0.0548264689  -0.0507771197  -0.0372106034
 4012   0.0924246950  -0.0464473283  -0.0260951959   0.0073723986  -0.0002833701
 4013   0.0027985838  -0.0091857728  -0.0128580808   0.0164670436   0.0376982705
 4014  -0.0287243435   0.0147584803  -0.0463593882   0.0130320728  -0.0125371191
 4015  -0.0512182017   0.0545998763   0.0160080927  -0.0362087767  -0.0268673990
 4016   0.0120949886  -0.0312759775  -0.0281883334   0.0328111720  -0.0656169911
 4017  -0.0952052472  -0.0437653544  -0.0230891029   0.0260879289  -0.0157520105
 4018  -0.1994458699  -0.0026982320  -0.0254636732   0.0572525114  -0.0056702809
 4019   0.0540142597   0.0310035518  -0.0057589297  -0.0355182293   0.0252982416
 4020  -0.0176370830   0.0181196860  -0.0059772466   0.0947797797   0.0033793396
 4021   0.0544879694  -0.0003100518  -0.0151008450  -0.0193189987  -0.1530545307
 4022   0.1099150845   0.0228339534  -0.0167185179  -0.0679532197   0.0483172009
 4023   0.0805319167  -0.0520419120  -0.0081563331  -0.0299863765   0.0196274539
 4024  -0.0045681754  -0.0130941230   0.0052756706  -0.0089061300   0.0001751253
 4025  -0.0063621957   0.0878111768   0.0002225758  -0.0311632968   0.0387348738
 4026  -0.1415208388   0.0857214315   0.1838264229  -0.1280204463   0.1000018395
 4027   0.0552134547   0.1890343334  -0.0005989481   0.0730375798   0.0367098186
 4028   0.0737081190   0.0017845603  -0.0011157876  -0.0011272161  -0.0004792000
 4029   0.0012874779  -0.0010161570  -0.0009318484   0.0004328983  -0.0001926647
 4030  -0.0000647309  -0.0008310344   0.0004836852   0.0007449533   0.0004139380
 4031  -0.0004910624  -0.0000315335   0.0001085746  -0.0001066378  -0.0000026331
 4032  -0.0000129896   0.0000400746  -0.0000660335  -0.0001079531   0.0001341036
 4033  -0.0002362151  -0.0001890474  -0.0000652944   0.0000814245  -0.0001084393
 4034   0.0000236798  -0.0001094003  -0.0000511840  -0.0000594833  -0.0000315392
 4035  -0.0000073694  -0.0000146686   0.0000923475   0.0000026946   0.0000162650
 4036  -0.0000223792   0.0000024745  -0.0000008549   0.0000275551  -0.0000038754
 4037   0.0000117244   0.0000011018  -0.0000041188  -0.0000056662  -0.0000187827
 4038   0.0000002421   0.0000182919  -0.0000048166  -0.0000070690   0.0000012636
 4039   0.0000033517   0.0000134340  -0.0000034111   0.0000264831  -0.0000103753
 4040  -0.0000073641  -0.0000148964  -0.0000140215   0.0000279642   0.0000023023
 4041  -0.0000017893  -0.0000296736   0.0000093889  -0.0000190329   0.0000008855
 4042   0.0000086495   0.0000092273  -0.0000022213  -0.0000333314  -0.0000394865
 4043  -0.0000250178  -0.0000292885  -0.0000166874   0.0000397873   0.0000292596
 4044   0.0000133658   0.0000028200  -0.0000019848  -0.0000006138   0.0000017365
 4045  -0.0000006151  -0.0000006642   0.0000016471  -0.0000001359  -0.0000003447
 4046   0.0000000025  -0.0000007945   0.0000001286  -0.0000008872  -0.0000008916
 4047   0.0000003454   0.0000005833  -0.0000003216  -0.0000007557
 41 1   0.0326301571  -0.0094794317   0.0118868708   0.0184788921   0.0858037072
 41 2   0.0400490802  -0.0616179895  -0.0122688983   0.0072698014   0.0657341616
 41 3   0.0049713686   0.0145131819  -0.0078899618   0.0022223393  -0.0084493503
 41 4   0.0175765974   0.0136871608  -0.0124415679  -0.0460304261   0.0405897792
 41 5  -0.0256003015   0.0106792741  -0.0239828862   0.0126184568  -0.0499290656
 41 6   0.0521263982   0.0040417703  -0.0145354421   0.0078953660  -0.0352515713
 41 7  -0.0663397737  -0.0171510915  -0.0116047779   0.0535607032  -0.0600268610
 41 8   0.0309925833   0.0172369786  -0.0197437636  -0.0076599625  -0.0286624208
 41 9  -0.0684251227  -0.0136675313  -0.0189522993   0.0086210588   0.0220066072
 4110   0.0136348424   0.0640161057   0.0467905518   0.0345136976  -0.0195552770
 4111  -0.0016872330  -0.0150747748  -0.0108424958   0.0428819332  -0.0253226785
 4112  -0.0085904181  -0.0284629005  -0.0015077695   0.0437443501  -0.0119005018
 4113  -0.0070452523  -0.0197682840  -0.0002707729  -0.0140553262  -0.0197584275
 4114   0.0243295464  -0.0713845632   0.0204205509  -0.0138309837  -0.0296296673
 4115  -0.1596966989  -0.0458300726  -0.1416925015   0.0232398041   0.0178180394
 4116   0.0124341984  -0.0522355486  -0.0036714517   0.0100786190  -0.0068199048
 4117  -0.2164392478  -0.0133991683  -0.0364480591   0.0263310394   0.0103425147
 4118   0.0080153157   0.0386462494   0.0376274369   0.0014943058  -0.0070339720
 4119   0.0566033483  -0.0108890239  -0.0087945462  -0.0060338064  -0.0076277029
 4120   0.0638405684   0.0526720914   0.0022675452  -0.1195385075  -0.0895271244
 4121  -0.0485223998  -0.0093217437  -0.0596950694  -0.0075779974  -0.0865695586
 4122   0.0660790549   0.0027032373  -0.0166837713   0.1465962713  -0.0012365757
 4123  -0.0548496294  -0.0779608558  -0.0016733545   0.0258114433  -0.0118801960
 4124  -0.0146695796  -0.0129049384   0.0216390960  -0.0573525790  -0.0019537155
 4125  -0.1152048079  -0.0105407779   0.0172760866   0.0495992298  -0.0101788601
 4126   0.0638913723   0.0480665631  -0.0314130860  -0.0884334655   0.0941761078
 4127  -0.0968337794  -0.0239595406   0.0230649272   0.0465558911  -0.0908569555
 4128   0.3490149946  -0.0082135344  -0.0003065069  -0.0011397512  -0.0011534053
 4129   0.0013127820  -0.0008643831   0.0003448218  -0.0002296714   0.0000478493
 4130  -0.0004345090  -0.0003562022   0.0005770787   0.0005628484   0.0003641911
 4131  -0.0003743263   0.0000995059   0.0002153322  -0.0000444852   0.0001228561
 4132   0.0000077496   0.0000653541  -0.0001060063  -0.0000096771  -0.0000146347
 4133  -0.0001069806  -0.0001095955  -0.0000970193  -0.0001593134   0.0000958651
 4134  -0.0001314203   0.0002879553   0.0000099586  -0.0000789005   0.0000172845
 4135   0.0000117324   0.0000185212   0.0000833941   0.0000036598  -0.0000303287
 4136  -0.0000556102   0.0000204018   0.0000192691   0.0000692391   0.0000116948
 4137   0.0000373312  -0.0000031849  -0.0000126230  -0.0000116251  -0.0000357656
 4138   0.0000009506  -0.0000113501   0.0000289554   0.0000208950  -0.0000090812
 4139  -0.0000200178   0.0000358845   0.0000011359   0.0000055533  -0.0000157272
 4140  -0.0000138302  -0.0000342037  -0.0000023896   0.0000545359  -0.0000020754
 4141  -0.0000188729  -0.0000301366   0.0000053857   0.0000042289  -0.0000080880
 4142  -0.0000146552  -0.0000112036  -0.0000155911  -0.0000015971  -0.0000120136
 4143   0.0000300231   0.0000698026  -0.0000018892   0.0000069640  -0.0000235150
 4144  -0.0000659333   0.0000053340   0.0000052736   0.0000085847   0.0000033103
 4145   0.0000058607  -0.0000005117   0.0000032924   0.0000023995  -0.0000016775
 4146   0.0000003267  -0.0000008321  -0.0000001477   0.0000002284   0.0000012504
 4147   0.0000004991   0.0000005666  -0.0000000831   0.0000002492
 42 1   0.0242473307  -0.0303784961   0.0525983978   0.0251004754   0.0039908149
 42 2  -0.0423793893  -0.0181246554  -0.0220544446  -0.1260073818   0.0215872226
 42 3   0.0341975504  -0.0386671506  -0.0222082638  -0.0087490796  -0.0037979257
 42 4  -0.0976437419   0.0773838953   0.0416527468  -0.0530497523   0.0483519713
 42 5  -0.0331324850  -0.0596332262  -0.0388761710   0.3409969367   0.0277782169
 42 6   0.0138881117  -0.3441401713   0.0937875894  -0.0019408944   0.1809426450
 42 7   0.1291825822  -0.2494560827  -0.0349548196  -0.0400061827  -0.1452968096
 42 8   0.1418515895   0.1814632871  -0.0470608866  -0.0593469827  -0.0505768717
 42 9  -0.0178600541  -0.0058059102   0.0265321283   0.0072956589   0.0170367324
 4210  -0.0070893905   0.0622657121  -0.0048515813   0.0182299809   0.0057673689
 4211   0.0040802515   0.0344472475  -0.0102374109   0.0188029321  -0.0296770928
 4212  -0.0309525725   0.0884185679   0.0318659590   0.0268698545  -0.0798886486
 4213   0.0090321863  -0.0009379384  -0.0388459484  -0.1024762945  -0.0352464192
 4214   0.0046549942  -0.0903249348   0.0261863558   0.0117127884  -0.0921666566
 4215  -0.0280347125   0.1174335518   0.0709736723  -0.0220667800  -0.0174846911
 4216  -0.0273723723   0.0247651592  -0.0160983418   0.0029054568  -0.0087316009
 4217   0.0036899489   0.0054271800  -0.0182408276  -0.0026202790   0.0233296231
 4218  -0.0751671977  -0.0283379822  -0.0032404255   0.0240442177  -0.0297910174
 4219  -0.0179791964   0.0027340289   0.0068930560   0.0062100714  -0.0252451378
 4220   0.0116990837  -0.0269864981  -0.0302252257   0.0243754739  -0.0276426248
 4221   0.0113477653   0.0017472522  -0.0100012863   0.0860870862  -0.0012858298
 4222   0.0267489276  -0.0032172309   0.0059700410   0.0474962520   0.0038435607
 4223  -0.0013138196   0.0193585557   0.0003149302  -0.0077217350   0.0201297035
 4224   0.0078309811   0.0018116721  -0.0004666634  -0.0237571490   0.0028265968
 4225  -0.0148621942   0.0040633105  -0.0023692366   0.0023395134  -0.0012945254
 4226  -0.0115677008   0.0106022189   0.0062867608   0.0061906249  -0.0000374497
 4227   0.0052590315   0.0071366785   0.0003714782   0.0014384988   0.0039453165
 4228  -0.0096586434   0.0003902998   0.0002769323   0.0004334056   0.0002693222
 4229  -0.0008013792  -0.0003623150  -0.0000009807   0.0005627451   0.0003911174
 4230   0.0001531166   0.0006001167   0.0003172404  -0.0002302947  -0.0005323105
 4231   0.0001107961   0.0000578731   0.0000183110   0.0000664750   0.0000669399
 4232   0.0003674291   0.0000836203  -0.0003444572   0.0000264635  -0.0000172257
 4233  -0.0000868778  -0.0000749794   0.0000853697  -0.0002335576   0.0002388080
 4234  -0.0000519554   0.0001205939   0.0000292075   0.0000813270   0.0000578949
 4235  -0.0000086399  -0.0000091494   0.0001433198   0.0000046436  -0.0000075890
 4236   0.0000229626  -0.0000045275  -0.0000064629  -0.0000184195   0.0000007392
 4237  -0.0000055331  -0.0000008438  -0.0000119594   0.0000284143   0.0000817935
 4238  -0.0000174513  -0.0000299751   0.0000708570   0.0000028068  -0.0000285391
 4239   0.0000619116  -0.0000766283  -0.0000154061   0.0000062635  -0.0000224389
 4240  -0.0000074473   0.0000029842   0.0000576601  -0.0000174123  -0.0000043126
 4241  -0.0000352101  -0.0000022356  -0.0000045775   0.0000268396  -0.0000172384
 4242  -0.0000353327  -0.0000364833  -0.0000360337   0.0000615618   0.0000888621
 4243   0.0000154141   0.0001118822   0.0000178452  -0.0000479712   0.0000338872
 4244   0.0000389904   0.0000009846  -0.0000019395   0.0000012660  -0.0000003972
 4245  -0.0000002386  -0.0000007981   0.0000014688  -0.0000008040   0.0000003329
 4246  -0.0000001146   0.0000009166   0.0000001087   0.0000006578   0.0000033738
 4247  -0.0000009495  -0.0000001291  -0.0000003393   0.0000026004
 43 1   0.0353034783   0.0125451792   0.0281682356   0.0125155873  -0.0144219785
 43 2   0.0094977594   0.0792410139   0.0176528784   0.0075192700   0.0704964361
 43 3  -0.0011296236   0.0046630385   0.0030754175  -0.0091614885  -0.0015963848
 43 4   0.0487472492  -0.0064639831  -0.0358122678  -0.1048678227  -0.0298538775
 43 5  -0.0654292422  -0.0331125917  -0.0252036791  -0.0425896388  -0.0065509139
 43 6  -0.0375979613  -0.0359803657  -0.0130968892   0.0247824792  -0.0295846228
 43 7   0.1217932221   0.0433029215   0.0611312244  -0.0097046732  -0.0494159693
 43 8   0.0531750638  -0.0319589401  -0.0543829339  -0.0524866422  -0.0311582410
 43 9   0.2021410150  -0.0020372921  -0.0619962776  -0.0102604244   0.0433287381
 4310  -0.0175486966  -0.1403333188   0.0443270303   0.0182264301  -0.0082487512
 4311  -0.0083104270   0.0406643463   0.0649503241  -0.1020227247  -0.0495497920
 4312   0.1818440829  -0.0555288695  -0.0100319023  -0.0277106074  -0.0626981093
 4313  -0.0112422787  -0.1071274048  -0.0618128252  -0.0007036731   0.0825914857
 4314  -0.0486595392   0.0822754543   0.0372043938   0.0942670768  -0.0336925408
 4315  -0.0362261728   0.0493405248  -0.0886004565   0.0584611319   0.0590325327
 4316   0.0109076055  -0.0106381863  -0.0038658097   0.0026884304   0.0783340945
 4317  -0.1111382356  -0.0602630289  -0.0023454394   0.0227355700   0.0066557815
 4318  -0.1068126599   0.0303574339  -0.0045760538   0.0422512536   0.0488417570
 4319  -0.0377511339  -0.0480179987   0.0322239126  -0.0430424948  -0.0109977021
 4320   0.0709133851  -0.0458425504  -0.0045328789   0.0781546474   0.0441985302
 4321  -0.0815373613   0.0527112483  -0.0234047861   0.0064037856   0.1471912727
 4322  -0.0530806804  -0.0205239665  -0.0039292699   0.0545129597  -0.0568767573
 4323  -0.0479045835  -0.0022050229   0.0003693429  -0.0025988802  -0.0058716150
 4324   0.0173475847   0.0112207937  -0.0133302988   0.0139273674   0.0116030372
 4325  -0.0478336544  -0.0243768761  -0.0085997768   0.0180971355  -0.0757480690
 4326   0.0180663381  -0.0149612911  -0.2279858332   0.1141703848  -0.0560466121
 4327  -0.0437886852  -0.0971358763   0.0022686643  -0.0273275438  -0.0184494831
 4328  -0.0426093764  -0.0011162802   0.0015451785   0.0005645165   0.0000178270
 4329  -0.0015611328   0.0001629287   0.0009907915  -0.0003990040   0.0007798380
 4330  -0.0001069477  -0.0001601135   0.0000114525   0.0000865341   0.0000409545
 4331  -0.0000476160  -0.0003150726   0.0001708547  -0.0002583895  -0.0000969823
 4332   0.0000650037   0.0001104816  -0.0000163783   0.0000434582  -0.0000030528
 4333  -0.0000086931   0.0000310820   0.0000657409  -0.0000183069   0.0000332698
 4334   0.0000386541  -0.0000182389   0.0000212947   0.0000543844   0.0000423006
 4335  -0.0000021847  -0.0000100488  -0.0000391021  -0.0000018759   0.0000227104
 4336  -0.0000784537   0.0000059949   0.0000141066   0.0000858669  -0.0000011115
 4337  -0.0001438302  -0.0000004530   0.0000102323  -0.0000045149   0.0000632678
 4338  -0.0000056114   0.0000026246  -0.0000161924  -0.0000165972   0.0000067962
 4339   0.0000131838  -0.0000101837  -0.0000088748  -0.0000118670   0.0000039543
 4340  -0.0000106142  -0.0000463463  -0.0000437770   0.0000222687  -0.0000032733
 4341   0.0000310879   0.0000809565  -0.0000085519  -0.0000012122   0.0000378992
 4342   0.0000442645  -0.0000249010  -0.0000043581   0.0000037196   0.0000096836
 4343   0.0000196820  -0.0000047591   0.0000194150  -0.0000396594   0.0000210316
 4344   0.0000701280  -0.0000043849  -0.0000050719  -0.0000086315   0.0000057345
 4345  -0.0000047546   0.0000001317   0.0000008966  -0.0000018933   0.0000010523
 4346  -0.0000003947   0.0000005039   0.0000002265   0.0000003513   0.0000012846
 4347  -0.0000003386  -0.0000003403   0.0000004527   0.0000005104
 44 1   0.0384368530   0.0214558259   0.0414069144   0.0559104905   0.0739710552
 44 2   0.0768791097  -0.0895584701  -0.0363114594   0.0066526387   0.0883702274
 44 3  -0.0093535175   0.0177566517   0.0038343501  -0.0075120342   0.0068791712
 44 4   0.0342810782   0.0147051038   0.0132500144  -0.1111035255  -0.0498575201
 44 5  -0.0512175224   0.0473240620  -0.0409871945  -0.0081739505  -0.0530799290
 44 6  -0.0214030763   0.0483782893  -0.0150502752   0.0267902736  -0.0270173270
 44 7  -0.0026081379  -0.0288860865  -0.0287141598   0.0123900743   0.1006290736
 44 8   0.0080037334   0.0691680523  -0.0600300215   0.0792694478  -0.0597221692
 44 9  -0.0199381572  -0.0041930905   0.0449527216   0.0030261406   0.0101971987
 4410  -0.0304072197   0.0626263451  -0.1324216956   0.0218444038  -0.0050193266
 4411   0.0166705817  -0.0528958318  -0.0848333852  -0.0157288355   0.1129075433
 4412  -0.1173241648   0.0665346285   0.0270236981  -0.0205805671   0.0184865218
 4413   0.0279403555   0.0690546253   0.0473455472  -0.0462081993  -0.0515845895
 4414  -0.0362565267   0.1311403827  -0.0319683024  -0.0171690948  -0.0234379198
 4415  -0.0187434600  -0.0321940554   0.0025964516  -0.0443089986  -0.0533808193
 4416   0.0153781067  -0.0180065420  -0.0145275845  -0.0131045225  -0.0359796308
 4417   0.0660983631   0.0481421455  -0.0170146134  -0.0329654016  -0.0206653593
 4418   0.0025160248  -0.0113267848  -0.0029399548   0.0170288262   0.0109960393
 4419  -0.0328742347   0.0072663129  -0.0109025029  -0.0573289822  -0.0062846914
 4420  -0.0197227522   0.0394913332  -0.0081997182   0.1083319939   0.0445902511
 4421   0.0312484617  -0.0884788736   0.0555661923  -0.0495456725   0.0563440642
 4422   0.0415874993  -0.0798822880  -0.0196673104  -0.0672295609   0.0477181355
 4423   0.1230089551  -0.0015635421  -0.0209599752   0.0047336262   0.0087339135
 4424   0.0141705155  -0.0041539285  -0.0181749378   0.0160558966   0.0146225546
 4425  -0.0290092512   0.0678881504  -0.0071652996  -0.0308847530  -0.0537315086
 4426  -0.0523066810   0.0101267188  -0.3317152567  -0.0310004209   0.1834775776
 4427  -0.0758419166  -0.0356527196   0.0179347045   0.0316553002  -0.0402645888
 4428  -0.0350896214   0.0010780823  -0.0011445680  -0.0008187169   0.0004061304
 4429   0.0014318457  -0.0002570771  -0.0008303773   0.0000182805  -0.0004862784
 4430  -0.0000297139  -0.0000242992   0.0001752840   0.0000082446   0.0000687357
 4431  -0.0000979223   0.0002050664  -0.0000965460   0.0001428021   0.0001548992
 4432  -0.0000117101  -0.0000108702  -0.0001210293  -0.0000441746   0.0000680915
 4433  -0.0000215326  -0.0000192110  -0.0000251448  -0.0000042126  -0.0000239758
 4434  -0.0000068947   0.0000039907   0.0000073692  -0.0000073210  -0.0000124926
 4435   0.0000092492  -0.0000137642   0.0000641986   0.0000069747  -0.0000320485
 4436   0.0000653555  -0.0000150244  -0.0000146014  -0.0000335397  -0.0000018585
 4437   0.0000783365  -0.0000005788  -0.0000063519   0.0000210819  -0.0000325369
 4438   0.0000110334  -0.0000000441  -0.0000172629  -0.0000065395   0.0000006933
 4439   0.0000002775   0.0000112971   0.0000020569  -0.0000423504  -0.0000029694
 4440   0.0000105617   0.0000235877   0.0000369847  -0.0000212954   0.0000008861
 4441  -0.0000302239  -0.0000543107   0.0000058648   0.0000167817  -0.0000248127
 4442  -0.0000235460   0.0000308397   0.0000179163   0.0000004613  -0.0000016131
 4443  -0.0000044089  -0.0000041896  -0.0000172311   0.0000045826  -0.0000284309
 4444  -0.0000077288  -0.0000026674  -0.0000001703   0.0000032673  -0.0000187246
 4445   0.0000011846   0.0000018857  -0.0000141620  -0.0000006978   0.0000031652
 4446  -0.0000000180  -0.0000035259   0.0000002185  -0.0000001032  -0.0000002946
 4447   0.0000001056   0.0000001486  -0.0000001649   0.0000003292
 45 1   0.0098242089   0.0038110444   0.0908361622   0.0746041557   0.0256097212
 45 2  -0.0714714382  -0.0106847113  -0.0745930459  -0.1560009403   0.0214545763
 45 3  -0.0016918023  -0.0198100872  -0.0364371179  -0.0158401676   0.0738046345
 45 4  -0.1643578344   0.3213915097   0.0308261757   0.0736081184   0.0302319185
 45 5   0.0156751083   0.1519929163  -0.0244516039  -0.0994438681  -0.0800573640
 45 6   0.0411793684   0.2075545254  -0.0102250028  -0.0585528689   0.0307249216
 45 7   0.0036136547   0.0228829799  -0.0026112388   0.0714559296   0.1834316406
 45 8  -0.0762769610   0.1793597218   0.0910360373   0.0685045462   0.0112313519
 45 9  -0.0100698797  -0.0320238597   0.0045592321  -0.0744374633  -0.0135683819
 4510   0.0803043802  -0.0138233907  -0.0272668116  -0.0491584561  -0.0289734607
 4511  -0.0015999085  -0.0721017792  -0.0096006274  -0.0408395955   0.0598892388
 4512  -0.0390816934  -0.0008054023   0.0060361510  -0.0106454972   0.0332954744
 4513   0.0286816965   0.0155147097   0.0114604574   0.0308971998  -0.0204758884
 4514  -0.0183340858  -0.0390607646  -0.0464346463   0.0444240246   0.0138168643
 4515   0.0003050718   0.0912156494   0.1339019499   0.0279216728   0.0166723439
 4516  -0.0023322012   0.0378886963  -0.0152310477   0.0384030166  -0.0315742751
 4517  -0.1411991296  -0.0584022165  -0.0261944752   0.0480641573  -0.0078580567
 4518  -0.1021259177   0.0256914090  -0.0132122327   0.0390769800   0.0018559470
 4519   0.0146828458  -0.0199600744   0.0240130390  -0.0055697427   0.0057750193
 4520   0.0335509250  -0.0379006199  -0.0001555571   0.0079598308  -0.0042752685
 4521  -0.0406422300   0.0534938147  -0.0330717749   0.0042711781   0.0243162060
 4522  -0.0082230406   0.0123248912   0.0052774745   0.0222819543  -0.0373687790
 4523  -0.0326651571  -0.0051103445   0.0091446998  -0.0101992833   0.0019896201
 4524  -0.0049845073   0.0112459458   0.0047591381   0.0072634735   0.0012778948
 4525  -0.0082205971  -0.0101777544  -0.0019374474   0.0086591527  -0.0023514951
 4526   0.0086175032  -0.0030708881   0.0087166041   0.0220203260  -0.0311534210
 4527   0.0035107972  -0.0057653790  -0.0005370267  -0.0070946985   0.0032198513
 4528   0.0014218225  -0.0004994628   0.0003167349   0.0003892394   0.0003567020
 4529  -0.0005571304   0.0002169260   0.0001813799  -0.0002804213  -0.0000368764
 4530   0.0000120937   0.0000919957  -0.0000918860  -0.0000916287   0.0000718094
 4531   0.0000365212   0.0000336332  -0.0000773536   0.0000456452   0.0001062756
 4532  -0.0000841213  -0.0000662840  -0.0000002938  -0.0000458492   0.0000825150
 4533   0.0000782302   0.0000570378   0.0001255837  -0.0000079243   0.0000310749
 4534   0.0000665983  -0.0000074816  -0.0000028771   0.0000819915   0.0000176916
 4535  -0.0000024387   0.0000039093  -0.0000659175  -0.0000155445  -0.0000032405
 4536   0.0000352304  -0.0000018850   0.0000065241  -0.0000138635  -0.0000025932
 4537   0.0000007471  -0.0000037418   0.0000030325   0.0000113839  -0.0000285108
 4538   0.0000127232  -0.0000104936   0.0000207281   0.0000030585  -0.0000061103
 4539   0.0000123087  -0.0000258182   0.0000106091  -0.0000080865   0.0000279027
 4540  -0.0000067295  -0.0000248902  -0.0000267306  -0.0000318036   0.0000013332
 4541   0.0000130263   0.0000024118   0.0000028002  -0.0000144025   0.0000325917
 4542   0.0000157063  -0.0000295974  -0.0000203917  -0.0000033674   0.0000017855
 4543  -0.0000113518  -0.0000172903  -0.0000371341   0.0000349245  -0.0000349978
 4544   0.0000019215   0.0000006091  -0.0000002312   0.0000119013   0.0000156418
 4545   0.0000046415  -0.0000009478   0.0000070578  -0.0000005712  -0.0000026962
 4546  -0.0000001593   0.0000037658   0.0000001844  -0.0000001149   0.0000006926
 4547  -0.0000003208  -0.0000002839  -0.0000004260  -0.0000009742
 46 1  -0.0361587405   0.0214441615  -0.0126503429  -0.0372522989  -0.0034276785
 46 2  -0.0224301458   0.1047525281   0.0378993437   0.0067413849   0.0497702497
 46 3   0.0110719063   0.0100791108  -0.0048932718  -0.0010591164   0.0019525152
 46 4  -0.0159275999  -0.0204559734   0.0390759035  -0.0378589933  -0.0221131890
 46 5  -0.0194313602   0.1332357429  -0.0413755910   0.1166457130  -0.0275434134
 46 6   0.0810041986   0.0216234721  -0.0334031892  -0.0345651116  -0.0030859693
 46 7   0.0080737011   0.0501784985  -0.0878057571  -0.0717641927   0.0545459929
 46 8   0.0500366515  -0.0614815801  -0.0018606212   0.0323172632  -0.0372697100
 46 9   0.0949390125  -0.0108285372   0.0150788819   0.0311910326   0.0724766768
 4610   0.1206027503   0.1189246755   0.2064869338  -0.2344200574  -0.0140345856
 4611  -0.0128924960  -0.0228695901  -0.0362304331  -0.0066156543  -0.0114759355
 4612  -0.1360721961  -0.0131865205   0.0529079891  -0.0212950547  -0.0009961988
 4613  -0.0811249729   0.0270825320  -0.0097426253   0.0307398187   0.0299173317
 4614   0.0967361113   0.1015088620   0.0743906470  -0.0001705319   0.0221753657
 4615  -0.0892275535   0.0267610827   0.0956941984  -0.1025513494   0.1409343429
 4616  -0.0201916755  -0.0639686919   0.0341346887  -0.0564658451   0.0262037708
 4617   0.0258862606   0.0378490073   0.0224036097   0.0770517002   0.0338376947
 4618  -0.0295795157   0.0709654928   0.0348115998   0.0654681583   0.0629349635
 4619  -0.0149013215  -0.0039033262  -0.0188119999  -0.0217517950  -0.0089632113
 4620  -0.0286740908  -0.0302225779   0.0154952057  -0.0324506300   0.0619488162
 4621  -0.1063672395  -0.0189786631  -0.0760068946   0.0139168446  -0.0241234740
 4622   0.0553355135   0.0119084156   0.0160024641   0.0604340487   0.0410309141
 4623  -0.0105252731  -0.0637012190  -0.0069241458  -0.0142627190   0.0054087588
 4624   0.0271272020   0.0084750891  -0.0153566109   0.0492901608   0.0121504288
 4625   0.0433419143  -0.0114882099   0.0003224471  -0.0132354684   0.0929277588
 4626  -0.0760898986   0.0476709108  -0.0716256252   0.0559982483   0.0445444932
 4627   0.0192694707  -0.0481417533  -0.0012404544  -0.0101232902   0.0172908525
 4628   0.0679408273  -0.0020938980  -0.0006820710   0.0013442728  -0.0000926163
 4629  -0.0000195636  -0.0000213739   0.0001998445   0.0009970007   0.0002132761
 4630  -0.0002171529  -0.0000158363   0.0000108510  -0.0002954961  -0.0001370178
 4631  -0.0000593398  -0.0000999671  -0.0003172461  -0.0001245503  -0.0000295045
 4632   0.0001906245   0.0000774248   0.0000102923   0.0001126620   0.0000807940
 4633   0.0000158989   0.0000493509   0.0001551823   0.0000116879   0.0000336725
 4634  -0.0000249298  -0.0000362707   0.0000108371   0.0000846266  -0.0000688486
 4635  -0.0000209759  -0.0000232656  -0.0000068796   0.0000898997   0.0000710802
 4636  -0.0000004303   0.0000290102  -0.0000034099   0.0000009050  -0.0000852655
 4637  -0.0000053687   0.0000750921   0.0000095595   0.0000248624   0.0000168280
 4638   0.0000325354  -0.0000008608   0.0000128578  -0.0000356376   0.0000057312
 4639  -0.0000122197  -0.0000349109   0.0000192000  -0.0000352629   0.0000169484
 4640  -0.0000313182   0.0000155754   0.0000043742   0.0000035154   0.0000022165
 4641   0.0000216073  -0.0000070461  -0.0000026524  -0.0000389536  -0.0000088328
 4642  -0.0000672626  -0.0000307880   0.0000218399   0.0000380651  -0.0000043970
 4643  -0.0000265800  -0.0000349103   0.0000233666  -0.0000205605   0.0000132134
 4644   0.0000591106  -0.0000270288   0.0000045156   0.0000063187  -0.0000008052
 4645   0.0000019664   0.0000042068   0.0000023769  -0.0000005619  -0.0000001038
 4646  -0.0000017980  -0.0000003890  -0.0000029148   0.0000002308   0.0000005769
 4647  -0.0000007452  -0.0000022479  -0.0000002567   0.0000003427
 47 1   0.0017713572  -0.0122311681  -0.0054836761  -0.0036071451   0.1156678164
 47 2  -0.0461222675   0.0124416992   0.0505267951   0.0059901294   0.0046379138
 47 3  -0.0011262429   0.0110004358  -0.0001313056  -0.0052578137   0.0088498441
 47 4  -0.0211482576   0.0014936240   0.0305547116   0.0271658417   0.0161244454
 47 5   0.0707733274  -0.0634027186   0.0815065796  -0.0152289673  -0.0229575790
 47 6  -0.1003476591   0.0249535970   0.0404721868   0.0314812472  -0.0405925616
 47 7   0.0215110566  -0.0497265488  -0.0272609311  -0.0300629670   0.0291343119
 47 8   0.0293405562  -0.0057836862  -0.0538181794  -0.0001446639   0.1422957696
 47 9  -0.0224556319   0.0170709971   0.1095752330  -0.0213938976  -0.0544244491
 4710   0.0192968578  -0.0570288716  -0.1173927007   0.0731001307  -0.0053038596
 4711  -0.0121539527  -0.0246437017   0.0138542939  -0.0665554891   0.0201061024
 4712   0.0611963230  -0.0290854287   0.0163003398   0.0197292745  -0.0691717725
 4713   0.0534811275  -0.0260291514   0.0150600967   0.0036606049  -0.0185028836
 4714  -0.0642645384  -0.0457987955  -0.0235769134   0.0819317450   0.0102810302
 4715   0.0530776378  -0.0541992968  -0.0532737213  -0.0809891193  -0.1472212752
 4716  -0.0463964738  -0.0380349630   0.0216678900  -0.0605184289  -0.1079090883
 4717  -0.0620528704  -0.0512998206   0.0187018459  -0.0608735039   0.0738225480
 4718   0.0103952553   0.0765484954   0.0506577631   0.0395035689   0.0502655463
 4719   0.0294962939  -0.0034252963   0.0774760739   0.0302748761  -0.0175925246
 4720  -0.0410535449  -0.0355804387   0.0101587275  -0.0180360090  -0.0235691487
 4721  -0.1144822081  -0.0598196584  -0.0129775053  -0.0128622962   0.0263697488
 4722   0.0670410261   0.0359103303  -0.0046001934  -0.1614410138  -0.0013310547
 4723   0.0929906684   0.0041465880  -0.0043072422  -0.0607363710   0.0019330574
 4724   0.0004883709  -0.0084056844  -0.0138824406   0.0231214456   0.0166686663
 4725  -0.0825326792  -0.0979413648  -0.0074174784  -0.0193881933   0.0550249388
 4726   0.0193778376   0.0675373320  -0.0058753143   0.0958077454   0.0604888254
 4727  -0.1163230152  -0.0096239363  -0.0114238940   0.0259794113   0.0617621388
 4728   0.0076797067   0.0051134698  -0.0007141711   0.0009934045   0.0033413424
 4729  -0.0002834747  -0.0017387517  -0.0004244040  -0.0000691759  -0.0001951652
 4730   0.0003103618   0.0007474086   0.0003318810   0.0000883665   0.0000805178
 4731   0.0000214972  -0.0002238520  -0.0000816818   0.0001884835  -0.0000946607
 4732  -0.0000411414   0.0003559658  -0.0000630334   0.0000660159   0.0000923099
 4733   0.0000185404   0.0000562694   0.0002493528  -0.0000138272   0.0000013733
 4734   0.0000554564  -0.0000800253   0.0001227250   0.0000890364  -0.0000510282
 4735  -0.0000462042  -0.0000411054   0.0000265372  -0.0000999752   0.0000795643
 4736   0.0000097332   0.0000111174   0.0000407694  -0.0000088932   0.0000259023
 4737  -0.0000119238  -0.0000130170   0.0000214440   0.0000562836   0.0000353854
 4738   0.0000210550  -0.0000304267   0.0000055696   0.0000324260   0.0000424524
 4739   0.0000152631  -0.0000432372   0.0000418016  -0.0001275379   0.0000347116
 4740   0.0000123679   0.0000028489  -0.0000230598   0.0000004640  -0.0000285726
 4741  -0.0000029424  -0.0000157083  -0.0000076191  -0.0000374526  -0.0000133314
 4742  -0.0000578646  -0.0000266023   0.0000245517   0.0000340431   0.0000184319
 4743  -0.0000655046  -0.0000632752   0.0000602504  -0.0000154624  -0.0000155705
 4744   0.0001357574   0.0000264986  -0.0000004357   0.0000049755  -0.0000014997
 4745   0.0000015458  -0.0000106705   0.0000023753  -0.0000028590  -0.0000002254
 4746   0.0000007421   0.0000001345   0.0000007785   0.0000000189   0.0000014014
 4747  -0.0000007577  -0.0000006616  -0.0000010891   0.0000012277
 48 1  -0.0999803093   0.0006482356   0.0523361003   0.0300330520  -0.0504647196
 48 2   0.0843743410  -0.0086879820   0.1273997559  -0.0727639576  -0.0096001554
 48 3   0.0081540810   0.0097039923   0.0136014597   0.0212360869   0.0034347918
 48 4   0.0696479266   0.0333304651   0.0057839955  -0.0944690734   0.0743685716
 48 5   0.0765932570   0.0534965353  -0.0199928129   0.0013596894  -0.0455952274
 48 6  -0.0138723893   0.0056908698   0.2043243293  -0.2353865487   0.0481718058
 48 7  -0.0233176968   0.0760851785   0.0368952963  -0.0083101282   0.0141646212
 48 8   0.1261904773  -0.0272644324  -0.0014572792   0.0152888089   0.0210331246
 48 9   0.0183719075   0.0132400461   0.0569952688  -0.0018636622   0.2120396125
 4810  -0.1830601002  -0.0211969203   0.0993028640  -0.1359237931  -0.0658775945
 4811  -0.0021592615  -0.0502657569  -0.0574277986   0.0539828586  -0.0748071013
 4812  -0.0932388261  -0.0208993780   0.0114717131   0.0145557865   0.0167879487
 4813  -0.0632506712   0.0274670166   0.0562057876  -0.0416808654  -0.0107032228
 4814  -0.0339214432   0.0315861203  -0.0005962594  -0.0021405395   0.0619397338
 4815   0.0817149640  -0.0108782088  -0.0449754998   0.0454491028  -0.0577623798
 4816  -0.0043060994   0.0268373895   0.0152525806   0.0390238702   0.0160500067
 4817  -0.0185759142  -0.0228730643   0.0349208143  -0.1006158113   0.0161118112
 4818  -0.0678028096   0.0634896842   0.0191413908  -0.0425033860   0.0244737552
 4819  -0.0229560510   0.0076611752  -0.0541974128  -0.0340543940  -0.0044927075
 4820   0.0180074973  -0.0362188459   0.0155719310   0.0250429617  -0.1995830193
 4821   0.0592935777  -0.0159976048  -0.0611244172  -0.0469203059  -0.0494099006
 4822  -0.0756918828   0.0036330807   0.0015574629  -0.0586859210  -0.0781314705
 4823   0.0744789927   0.0508719469   0.0019299991  -0.0041366138   0.0008474844
 4824  -0.0202708641  -0.0068081601  -0.0041620621  -0.0399073735  -0.0008059079
 4825  -0.0176365433  -0.0099034771   0.0054607949  -0.0011966034  -0.0228526979
 4826   0.0228839820   0.0000480700   0.0206674370   0.0108618371  -0.0080954722
 4827  -0.0064557353   0.0116068119   0.0031902290   0.0052021699   0.0037143441
 4828  -0.0050278466  -0.0007992250  -0.0000829365  -0.0001725514   0.0011874485
 4829  -0.0005628645  -0.0004909788  -0.0003859046   0.0010074210   0.0001215816
 4830  -0.0001430617  -0.0008045868   0.0002173131  -0.0004204451   0.0001291791
 4831   0.0001066854  -0.0003271486  -0.0001157432   0.0000890718   0.0000328634
 4832   0.0000238090   0.0003549364  -0.0000664161  -0.0000703221  -0.0000106895
 4833   0.0001752399  -0.0000724757   0.0001433382  -0.0000711367  -0.0000098580
 4834   0.0000465957  -0.0000443183  -0.0001338088  -0.0000327867   0.0000496307
 4835  -0.0000450026  -0.0000462985   0.0000239723  -0.0001691386   0.0000918480
 4836   0.0000075949   0.0000259799   0.0000234818  -0.0000069962   0.0001030615
 4837  -0.0000136681  -0.0000727100  -0.0000020364   0.0000302154   0.0000148879
 4838  -0.0000356194  -0.0000333644  -0.0000021934   0.0001198610   0.0000663568
 4839   0.0000210968  -0.0000253131   0.0000920719  -0.0000479398  -0.0000381369
 4840  -0.0000545874   0.0000179592   0.0000193565   0.0000104290   0.0000473345
 4841   0.0000303708   0.0000049677   0.0000201574  -0.0000475307  -0.0000224499
 4842  -0.0000537806  -0.0000334453   0.0000157832   0.0000488465   0.0000036236
 4843  -0.0000607369  -0.0000699164   0.0000741265   0.0000108073   0.0000280225
 4844   0.0000847747   0.0000806205  -0.0000103810   0.0000013419  -0.0000029967
 4845   0.0000015386  -0.0000221970  -0.0000015312  -0.0000032949   0.0000000012
 4846   0.0000043336   0.0000006461   0.0000046514   0.0000003299   0.0000008400
 4847  -0.0000006880  -0.0000017671  -0.0000004089   0.0000010565
 49 1  -0.0046052803   0.0165289482   0.0119060673  -0.0316804362  -0.0042479883
 49 2  -0.0215475965   0.1046708074   0.0403629677   0.0080473683   0.0495885195
 49 3   0.0107269152   0.0090984555  -0.0044237455   0.0025597147  -0.0005298227
 49 4   0.0177277096   0.0046520262  -0.0105477100  -0.0403674639   0.0211369856
 49 5  -0.0497313866   0.0657232776  -0.0271823775   0.0539333780  -0.0323705186
 49 6   0.0732275712  -0.0043923737  -0.0016281133  -0.0237019682  -0.0090203634
 49 7   0.0142579428   0.0304024141  -0.0722577257  -0.0675397645   0.0301788475
 49 8  -0.0111908161  -0.0463454429   0.0425338945   0.0311593172  -0.0566196550
 49 9   0.0313038100  -0.0026477848  -0.0284214082   0.0188500959   0.0270420679
 4910   0.0507632375   0.0341311891   0.0708521596  -0.1342348029  -0.0162068449
 4911  -0.0032597901   0.0543280345   0.0120156749   0.0270781548   0.0487155413
 4912  -0.0793662009  -0.0016603846   0.0412032178  -0.0120409172   0.0078270845
 4913   0.0455605704  -0.0563729994  -0.0398930675   0.0230411913   0.0441509883
 4914  -0.0000828790  -0.0365273369   0.0325577316   0.0933446856  -0.0113997826
 4915   0.0639782498  -0.0981377411   0.0930027751  -0.0526707896  -0.0073787428
 4916  -0.0227039660  -0.0293292988   0.0051799491   0.0186955048  -0.0546985542
 4917   0.0446887994  -0.0237414772  -0.0086252683  -0.0480010164  -0.0105642710
 4918   0.0447727870  -0.0956922520   0.0447431143   0.0419079040   0.0352306104
 4919   0.0222580721   0.0085140298   0.0446288081   0.0703609380   0.0088594978
 4920   0.0658372035   0.0763337031  -0.0236787737   0.0437732342  -0.0020583583
 4921  -0.0737275839  -0.0098669629   0.0856236773  -0.0533159055   0.0605070824
 4922   0.0025670270   0.0023778731   0.0740533434   0.0089331294  -0.0132956192
 4923   0.0210400676  -0.0476770346  -0.0124685049   0.0051172034  -0.0094004770
 4924  -0.0116304408  -0.0049721662   0.0129750838   0.0066968771  -0.0002515288
 4925  -0.0908444464  -0.0401422831  -0.0178904698   0.0083530437  -0.1414654545
 4926   0.0859049647  -0.0767647528   0.2231336587  -0.0561763982  -0.0166497815
 4927  -0.0401433898   0.0568725539   0.0085647820   0.0577417119  -0.0358701425
 4928  -0.2241324838   0.0036540605   0.0003194167  -0.0007348301  -0.0009221413
 4929   0.0008251547   0.0002394850  -0.0005138576  -0.0007044146  -0.0000652638
 4930  -0.0001354494   0.0004221439   0.0002324848   0.0001029534   0.0001156920
 4931   0.0000326621  -0.0001330714  -0.0000297500   0.0000347099   0.0000480631
 4932  -0.0001129332  -0.0000183912  -0.0000153395  -0.0000419207  -0.0000534603
 4933  -0.0000303054  -0.0000064899  -0.0000005830  -0.0000109896  -0.0000512372
 4934  -0.0000321379   0.0000258676  -0.0000491010   0.0000482395   0.0000400903
 4935   0.0000296413   0.0000247906   0.0000164360  -0.0000167333  -0.0000754679
 4936   0.0000073496   0.0000157785   0.0000008175   0.0000017958   0.0000128038
 4937  -0.0000019790  -0.0000107504   0.0000007356   0.0000011390   0.0000145653
 4938   0.0000160781  -0.0000045822   0.0000017483  -0.0000005665  -0.0000016582
 4939   0.0000049378   0.0000081381   0.0000038370  -0.0000163249  -0.0000245017
 4940  -0.0000025398  -0.0000005564  -0.0000011897   0.0000037831   0.0000085044
 4941  -0.0000069471  -0.0000016105  -0.0000001425   0.0000172313   0.0000071503
 4942   0.0000410083   0.0000243517  -0.0000002976  -0.0000407663   0.0000185416
 4943   0.0000471454   0.0000280770  -0.0000347021  -0.0000070129  -0.0000100676
 4944  -0.0000149248   0.0000056385   0.0000056859  -0.0000039276   0.0000004868
 4945  -0.0000019650  -0.0000009709  -0.0000005255   0.0000016914   0.0000003655
 4946   0.0000006562   0.0000001621   0.0000002635  -0.0000003672  -0.0000001096
 4947   0.0000008057  -0.0000003886  -0.0000002606  -0.0000001643
 50 1   0.0238321812  -0.0173963309  -0.0089089458   0.0044720287   0.1036874963
 50 2  -0.0130858256  -0.0180681265   0.0248577875   0.0071443839   0.0300431365
 50 3   0.0044762075   0.0132606497  -0.0120392156   0.0029020990   0.0027030032
 50 4   0.0116059082   0.0100601919  -0.0136006761   0.0601588600   0.0534396514
 50 5   0.0441012866  -0.0137135412   0.0656639639   0.0301476371   0.0008451327
 50 6  -0.0070421503   0.0371064168  -0.0281002704   0.0080947809  -0.0617348251
 50 7  -0.0597121949  -0.0322367330   0.0005839828   0.0080057812  -0.0170419303
 50 8   0.0975159022  -0.0186808377   0.0612055669  -0.0328516007   0.0468890677
 50 9   0.0719291032   0.0231347226   0.0920217936  -0.0036760753   0.1196517672
 5010   0.0344631214   0.0599983002   0.0414574016   0.0595595560  -0.0018653133
 5011   0.0250116688   0.0389150560  -0.0078099847  -0.0750703761   0.0124427359
 5012  -0.0016870112   0.0109619162  -0.0186538184  -0.0257965411   0.0409726874
 5013  -0.0267685410  -0.0396923813  -0.0624876445   0.0079670957   0.0334237145
 5014   0.0178471886   0.0450733194   0.0310504256   0.0529734587  -0.0345652255
 5015   0.0531694325  -0.1080416236   0.1215793419   0.0328518996   0.0267550115
 5016  -0.0061091599   0.0409035221  -0.0184659572  -0.0057734710   0.0150178726
 5017   0.0515341616   0.0115488795   0.0284164929   0.0372288500   0.0078522646
 5018  -0.0775813971  -0.0121086716   0.0043069365  -0.0704805219   0.0110183501
 5019   0.0372966946  -0.0155484876   0.0339670471  -0.0822879934  -0.0178630888
 5020   0.0010220632   0.0670248619   0.0024998327   0.0177807310   0.0240931517
 5021   0.1786161645  -0.0336732790  -0.0392640108   0.0322624093  -0.0137244245
 5022  -0.0405851472   0.0349365178   0.0028412866   0.0683302353  -0.0375074646
 5023  -0.0619564120   0.0077710486   0.0126788050   0.0256890304  -0.0011862001
 5024  -0.0171505745  -0.0032548630   0.0272655749  -0.0268551198  -0.0187705930
 5025  -0.0549656290  -0.0710018916  -0.0125308789  -0.0204180348  -0.0115900059
 5026  -0.2204734524   0.0059839534   0.0403634815  -0.2487619703   0.1048148190
 5027  -0.1275928902  -0.0471891832  -0.0259189175  -0.0805381593   0.0385357933
 5028  -0.0183543644  -0.0007678685   0.0004479039   0.0010353396   0.0019242817
 5029  -0.0006615541  -0.0006287854   0.0003455170   0.0001274380  -0.0000374943
 5030   0.0001236995   0.0004056446   0.0003182637  -0.0003564519  -0.0002376458
 5031   0.0001414197  -0.0000270454  -0.0000611692  -0.0000412779   0.0000077702
 5032   0.0001137029   0.0001395805   0.0000542453   0.0001168252   0.0001093005
 5033   0.0000450900  -0.0000575556   0.0000715796   0.0000048034   0.0000070451
 5034   0.0000291641  -0.0000144587   0.0000221714   0.0000260694  -0.0000509038
 5035   0.0000026584  -0.0000104944   0.0000016991  -0.0000123911   0.0000613463
 5036  -0.0000043631   0.0000104020  -0.0000070546   0.0000052029   0.0000162204
 5037  -0.0000029287  -0.0000056674   0.0000184873   0.0000166688   0.0000068422
 5038   0.0000112857   0.0000123007   0.0000003287   0.0000352648   0.0000120206
 5039  -0.0000123329  -0.0000348625   0.0000297573  -0.0000380876   0.0000040760
 5040   0.0000044624  -0.0000016136  -0.0000265291   0.0000024600  -0.0000047786
 5041  -0.0000092768  -0.0000096235   0.0000028849  -0.0000070816   0.0000056216
 5042  -0.0000392728  -0.0000126540   0.0000076638   0.0000169970  -0.0000034388
 5043  -0.0000070184  -0.0000141596   0.0000072337  -0.0000367956  -0.0000190332
 5044   0.0000501270   0.0000090432   0.0000071135   0.0000016328  -0.0000021341
 5045   0.0000001499  -0.0000036914  -0.0000006021   0.0000013074   0.0000002612
 5046   0.0000003575  -0.0000005710  -0.0000001877   0.0000002186   0.0000003815
 5047   0.0000001616   0.0000004621  -0.0000005152  -0.0000000144
 51 1  -0.0241212469   0.0345091308  -0.0001972502   0.0165043750  -0.0285860304
 51 2   0.0565672276  -0.0002973630   0.0747529877  -0.1037997761  -0.0106978973
 51 3   0.0289908350  -0.0030359546   0.0436959487   0.0102347889  -0.0350272852
 51 4   0.0154607826   0.0504895727  -0.0876848991  -0.0548790616  -0.0567720009
 51 5   0.0047484135  -0.1110445897   0.1134640147   0.0968606659   0.0447345454
 51 6   0.0895408938   0.2133008263  -0.2445358932   0.1288596551   0.3780516671
 51 7  -0.1353398144   0.1336437994  -0.0070097607  -0.0705029988  -0.0336208499
 51 8   0.1811607974   0.1962855489  -0.0222333781  -0.0042772431   0.0506775196
 51 9   0.0014809264   0.0038987705  -0.0316627907   0.0471517887  -0.0807505822
 5110   0.0407565323  -0.0309148803   0.0075538176  -0.0209102888   0.0084508795
 5111  -0.0111119943  -0.0298040922  -0.0032413326  -0.0055302390   0.0109399785
 5112   0.0948343763  -0.0008597152   0.0319771041   0.0706491175   0.0135046727
 5113   0.0036797380   0.0893480756   0.1348963090   0.1119900770   0.0081521565
 5114  -0.0283203397   0.0955682371   0.1008834093  -0.0077159421  -0.0065913592
 5115   0.0426170119  -0.1193851805  -0.0130674474   0.0203998230   0.0263713067
 5116  -0.0089813888   0.0116744475   0.0105560110  -0.0009691017  -0.0091535374
 5117  -0.0073591510  -0.0070701875  -0.0143765931   0.0443720292   0.0321100166
 5118  -0.0174697391  -0.0354489094   0.0227114383   0.0339037182  -0.0342272464
 5119  -0.0177413492   0.0167395867   0.0153984847  -0.0219326706  -0.0123092019
 5120   0.0059006395  -0.0177656707  -0.0197342961  -0.0151971765   0.0065551109
 5121   0.0569055914   0.0317287341   0.0568283185  -0.0753241175  -0.0239266077
 5122   0.0096510599   0.0148233695  -0.0171814115  -0.0219969175  -0.0151510686
 5123   0.0382518506   0.0205665158   0.0010086881   0.0040732661  -0.0189766399
 5124  -0.0021168825   0.0020769498   0.0026339765  -0.0344849856  -0.0086465079
 5125   0.0007874061   0.0057321963   0.0023710456   0.0040145171  -0.0108245144
 5126   0.0161508345  -0.0099587080   0.0059925407   0.0017929977  -0.0063170494
 5127   0.0021823598   0.0047433501  -0.0008597183   0.0022054378  -0.0045853790
 5128  -0.0014058305   0.0010327017   0.0000257988  -0.0000059453  -0.0010516373
 5129   0.0007813324   0.0005310648  -0.0001468078  -0.0003251228   0.0001355504
 5130  -0.0001585785   0.0006183199   0.0000020923   0.0004058069  -0.0000086786
 5131  -0.0002396217  -0.0001279209   0.0000536214   0.0000696739  -0.0000186604
 5132  -0.0001143460  -0.0000525952  -0.0000768313  -0.0000717609  -0.0000774078
 5133  -0.0000928034   0.0001694107  -0.0000453332  -0.0000042903   0.0000160917
 5134  -0.0000398073  -0.0000052675   0.0001091014   0.0000052713   0.0000278601
 5135   0.0000159027  -0.0000018802  -0.0000059999   0.0000168228  -0.0000475638
 5136  -0.0000121332  -0.0000126993  -0.0000229226   0.0000017563  -0.0000015154
 5137   0.0000010727   0.0000019523  -0.0000098454  -0.0000133075  -0.0000055427
 5138  -0.0000083979  -0.0000163474  -0.0000026420   0.0000068133   0.0000107494
 5139   0.0000138796   0.0000149117  -0.0000282204   0.0000267366   0.0000214796
 5140   0.0000004311   0.0000017154  -0.0000051113  -0.0000005071  -0.0000046065
 5141  -0.0000002615   0.0000050127  -0.0000093708  -0.0000046142  -0.0000139502
 5142   0.0000204160   0.0000057826  -0.0000048369   0.0000037555  -0.0000029916
 5143   0.0000006531   0.0000324773  -0.0000082839   0.0000113781  -0.0000230710
 5144  -0.0000066735  -0.0000040433   0.0000047050  -0.0000005755   0.0000004366
 5145  -0.0000000598   0.0000009992   0.0000001018   0.0000016707   0.0000000994
 5146  -0.0000000960  -0.0000001933  -0.0000005734   0.0000002159   0.0000005053
 5147   0.0000001155   0.0000018162   0.0000004283  -0.0000005015
 52 1   0.0254977169   0.0145907645   0.0170727396  -0.0317202585  -0.0044151287
 52 2  -0.0211463360   0.1043851589   0.0402781035   0.0081291961   0.0498066693
 52 3   0.0156242524   0.0086855429   0.0064916964   0.0011212144  -0.0056098082
 52 4   0.0217875944   0.0157393614  -0.0363594505  -0.0514977783   0.0384439102
 52 5  -0.0620618162   0.0128716502  -0.0260253552   0.0059724291  -0.0352294012
 52 6   0.0644876467  -0.0188965108   0.0079070950   0.0013094214  -0.0007229233
 52 7   0.0176864085   0.0330882364  -0.0252293009  -0.0338068838  -0.0065317120
 52 8  -0.0251751667  -0.0367416489   0.0175460754   0.0010555724  -0.0042676467
 52 9   0.0147212301   0.0092979981  -0.0786513059  -0.0062174483  -0.0004884928
 5210   0.0129492661  -0.0087202282  -0.0306753599  -0.0381264556  -0.0324805802
 5211   0.0100051931   0.0101590727   0.0014221332  -0.0325987335  -0.0055181441
 5212   0.0099637882  -0.0069437610   0.0359280079  -0.0018957765  -0.0582065398
 5213   0.0045649792   0.0304221950  -0.0392750386   0.0262205710   0.0119980767
 5214  -0.0147369186  -0.0837228246  -0.0325480739   0.0158497379   0.0281869074
 5215   0.1169489665   0.0707788966   0.1044370033  -0.0011517880   0.0901232221
 5216  -0.0320366469  -0.0005064978   0.0309458100   0.0714728173  -0.1269316184
 5217   0.1052443538   0.0019687971   0.0518254046  -0.0007092292  -0.0291059645
 5218   0.0957650544  -0.0317873559   0.0093939017   0.0320509205  -0.0097561982
 5219   0.0521520568  -0.0271798903   0.0474999028   0.0343338966  -0.0048766219
 5220   0.0334426680   0.0631102473  -0.0132749820   0.0203676248  -0.0241393289
 5221   0.0579371090   0.0069324621   0.0578428612   0.0075544926   0.1762213984
 5222  -0.0825593382  -0.0191881361  -0.0632858940  -0.0631993225   0.0030457597
 5223   0.0793276213   0.0756423060   0.0123536720   0.0161566076   0.0151710235
 5224  -0.0250828155  -0.0157403916   0.0203488674  -0.0567709774  -0.0125075930
 5225  -0.0061421007   0.0630084690   0.0128212194   0.0226542664   0.0273094756
 5226  -0.0207303485   0.0169406888  -0.1596302908   0.1108427485  -0.0879632567
 5227  -0.0023100516  -0.0180553836  -0.0189364201  -0.0633279251   0.0301257610
 5228   0.4262395576  -0.0040777038  -0.0005020514   0.0004156281  -0.0008909939
 5229  -0.0001102441   0.0003208949   0.0006521035  -0.0004462693  -0.0000251753
 5230   0.0000004993  -0.0001198160   0.0000380450   0.0002205927  -0.0003964834
 5231  -0.0000173765   0.0001982432   0.0001463922   0.0000605146   0.0000610625
 5232  -0.0001364210  -0.0000056223   0.0000109196  -0.0000863004   0.0000488143
 5233   0.0000145327  -0.0000994386  -0.0000712714  -0.0000055876  -0.0000053548
 5234  -0.0000154002   0.0000437019  -0.0000142559  -0.0001059761   0.0000101415
 5235  -0.0000012197  -0.0000018939  -0.0000310671  -0.0000083320  -0.0000069404
 5236  -0.0000292717  -0.0000168013  -0.0000542397  -0.0000117722   0.0000129646
 5237   0.0000100027  -0.0000034027  -0.0000158568  -0.0000272851  -0.0000225971
 5238  -0.0000137418  -0.0000023956   0.0000412363   0.0000112723   0.0000043473
 5239  -0.0000382771   0.0000362940  -0.0000124615   0.0000568423  -0.0000368266
 5240  -0.0000018808  -0.0000052124  -0.0000041288   0.0000116756  -0.0000013445
 5241  -0.0000004029  -0.0000094119   0.0000031628   0.0000039881   0.0000045619
 5242   0.0000105410   0.0000000877  -0.0000110632  -0.0000041219  -0.0000334200
 5243  -0.0000222283   0.0000371251   0.0000054189   0.0000026752  -0.0000069877
 5244  -0.0000424435   0.0000075854   0.0000044362   0.0000109552   0.0000013231
 5245   0.0000070369  -0.0000004502   0.0000005173   0.0000025801  -0.0000019788
 5246   0.0000004416  -0.0000019406  -0.0000001323   0.0000003632   0.0000010508
 5247   0.0000004444   0.0000002375  -0.0000001579  -0.0000004413
 53 1   0.0381843439  -0.0161295371  -0.0007107140   0.0125011448   0.0918092250
 53 2   0.0222583703  -0.0469662365   0.0002148813   0.0072057615   0.0537181905
 53 3   0.0071618876   0.0183757432  -0.0080570801   0.0045506029  -0.0061234748
 53 4   0.0050435264   0.0214256974  -0.0275313840   0.0204859734   0.0614153139
 53 5  -0.0170901805   0.0286233806   0.0086482184   0.0604844789  -0.0023229958
 53 6   0.0623659123  -0.0129949236  -0.0104698293  -0.0256523492  -0.0497937158
 53 7  -0.1227687854  -0.0073708322  -0.0140407235   0.0314848193  -0.0546831930
 53 8   0.0303122016  -0.0301501668   0.1156185313  -0.0120614453  -0.0636067965
 53 9  -0.0580708326   0.0070311238  -0.0203758380   0.0144623876   0.0374716334
 5310   0.0280429171   0.0911871838   0.0111996921  -0.0007325149  -0.0177513835
 5311  -0.0027587916   0.0165530085  -0.0352770276   0.0364073235  -0.0004819590
 5312   0.0265483459  -0.0460417790  -0.0018739063   0.0034104858  -0.0403475742
 5313   0.0456486145  -0.0076217794  -0.0227210289   0.0289774740   0.0354431473
 5314  -0.0524218110   0.0616775967   0.0028503454  -0.0084923699  -0.0307495874
 5315  -0.0276033205  -0.0573313526  -0.1059656650   0.0404791560  -0.0084852019
 5316  -0.0052680862   0.0193853255  -0.0044470956   0.0219933507  -0.0395738850
 5317  -0.0369937533  -0.0034686273  -0.0002139292   0.0201324512  -0.0098960324
 5318   0.1165215517   0.0539796855  -0.0304855124   0.0467229902  -0.0518200047
 5319  -0.0295522484  -0.0506827341  -0.0231541343   0.0322788509  -0.0138860763
 5320  -0.0011591742  -0.0856159170   0.0071115095  -0.0987305025  -0.0390437814
 5321  -0.1293968570   0.0118397349  -0.0113656181  -0.0148822239   0.0594561211
 5322  -0.0153913159  -0.0607472018  -0.0210476510   0.0858052098   0.0096637821
 5323   0.0605569679  -0.0313169773  -0.0170260600   0.0343742696  -0.0073565308
 5324  -0.0034975765  -0.0003838576  -0.0057096425   0.0263107515   0.0107050524
 5325  -0.0949610729   0.0195626588  -0.0126929734   0.0063033551  -0.0612119718
 5326  -0.2095473946  -0.0695563743  -0.0979341027   0.0286201105   0.0854623750
 5327   0.1160539993   0.1510460777  -0.0308289455  -0.0164094769   0.1226835515
 5328  -0.0833559975   0.0054774775  -0.0007316401  -0.0000285238  -0.0006793585
 5329   0.0010012148  -0.0003948862  -0.0000380390   0.0003584404   0.0000959306
 5330   0.0001009169   0.0002952489  -0.0003165968  -0.0003260905  -0.0002443069
 5331   0.0000855835   0.0001275056   0.0001951742  -0.0000903559   0.0000336345
 5332  -0.0001647595  -0.0001499461   0.0001862310   0.0000020614   0.0000282007
 5333   0.0001077864   0.0000701965  -0.0000362316   0.0001840245  -0.0001315200
 5334   0.0000941366  -0.0001667631  -0.0000143080  -0.0000343976   0.0000094519
 5335   0.0000018219   0.0000041154   0.0000242493   0.0000280191  -0.0000210248
 5336  -0.0000139376  -0.0000166788  -0.0000361743   0.0000150695  -0.0000019684
 5337  -0.0000020751   0.0000037678  -0.0000044289  -0.0000132743   0.0000055336
 5338  -0.0000183873   0.0000152702  -0.0000053381  -0.0000097250   0.0000148372
 5339  -0.0000196392   0.0000090714  -0.0000078970   0.0000198188  -0.0000125147
 5340  -0.0000048888  -0.0000080497   0.0000075142   0.0000083678  -0.0000010541
 5341   0.0000018045  -0.0000002510  -0.0000066994   0.0000106793   0.0000020331
 5342   0.0000282697   0.0000109778  -0.0000070477   0.0000059644  -0.0000010123
 5343   0.0000013019   0.0000097579  -0.0000149607   0.0000057807  -0.0000048020
 5344  -0.0000272427  -0.0000031359   0.0000019278  -0.0000068723  -0.0000010069
 5345  -0.0000043977   0.0000008374  -0.0000021469   0.0000010797   0.0000007952
 5346  -0.0000000294  -0.0000002327  -0.0000003602   0.0000013009   0.0000035204
 5347   0.0000001604   0.0000003526   0.0000001409  -0.0000003015
 54 1   0.0296132101   0.0127356607  -0.0343945730  -0.0034379461  -0.0068879109
 54 2   0.0278093253   0.0074020806   0.0221629498  -0.1340870895  -0.0110908342
 54 3   0.0254004154  -0.0254301179   0.0186359103  -0.0335838768  -0.0134344739
 54 4  -0.0443436278   0.0062978051  -0.0293130350  -0.0609961476  -0.0163162388
 54 5  -0.0202584532  -0.0975291337   0.0266230974   0.1795445334   0.0884096907
 54 6  -0.0657182525  -0.1383792545   0.0066227777  -0.0000791578  -0.4001840022
 54 7  -0.0789846179   0.3409093183   0.0273141529  -0.0201930942   0.1945362343
 54 8  -0.1884095884   0.1051028107   0.0162584966   0.0244765259   0.0728892027
 54 9  -0.0249725639   0.0132305635   0.0067396261  -0.0083026452  -0.0103001600
 5410  -0.0037967846  -0.0151692194  -0.0191134937  -0.0144612769  -0.0006216810
 5411   0.0025009818  -0.0191941529  -0.0502878324  -0.0179119629   0.0249449123
 5412   0.0050823226  -0.0241730130  -0.0250759028   0.0182015036   0.0130817699
 5413  -0.1360345350   0.0420459365  -0.0348103350  -0.1272894039  -0.0213185011
 5414   0.0264709801  -0.0863736211   0.1150152819   0.0342956241  -0.1485730535
 5415   0.0674811390  -0.1094380650  -0.0280002945   0.0432705093  -0.0055177592
 5416  -0.0083641254  -0.0220849827  -0.0150676623   0.0028570704  -0.0128358806
 5417   0.0089278779   0.0145561646  -0.0072161880   0.0418371592   0.0207379631
 5418  -0.0130855152  -0.0155451775   0.0031778284   0.0260668937  -0.0363562332
 5419  -0.0055482305   0.0092117328   0.0108565472   0.0016207743  -0.0199332665
 5420   0.0208785131  -0.0230456418  -0.0326462485   0.0204361483  -0.0220312482
 5421  -0.0148950837  -0.0016066865   0.0033095087   0.0453153046  -0.0486999026
 5422  -0.0464713404   0.0067342019  -0.0291832905  -0.0588353337   0.0055284023
 5423  -0.0246964542  -0.0083591106  -0.0043862409  -0.0005127569  -0.0187835884
 5424  -0.0078033350   0.0034502759  -0.0061356920   0.0173290096  -0.0019103973
 5425   0.0100299071   0.0128927892  -0.0015772944  -0.0001133448   0.0081646383
 5426   0.0015121441   0.0100459225  -0.0096126871  -0.0087784957   0.0087842484
 5427   0.0022014795   0.0008676269   0.0002423330   0.0022692622   0.0004434697
 5428  -0.0087712475  -0.0008174582   0.0000624603   0.0003772615   0.0007124102
 5429  -0.0007836895   0.0001623973  -0.0000529912   0.0000544572   0.0000291982
 5430   0.0000666029   0.0004752886   0.0000412804  -0.0002709788  -0.0000439990
 5431   0.0002767811  -0.0001289733  -0.0001555649   0.0000887468   0.0000306210
 5432   0.0001508784   0.0000586966  -0.0001060284   0.0000963051  -0.0001441182
 5433   0.0000902402   0.0001263186   0.0000920480   0.0000459988  -0.0000615113
 5434   0.0000653683  -0.0000964211   0.0000142932   0.0000128319  -0.0000672911
 5435  -0.0000016180  -0.0000136315  -0.0000211359  -0.0000191431   0.0000179374
 5436   0.0000095443   0.0000223830   0.0000464546  -0.0000090299   0.0000032044
 5437  -0.0000034947  -0.0000068701   0.0000133655   0.0000093313   0.0000097630
 5438   0.0000150780  -0.0000013050  -0.0000062195   0.0000168002  -0.0000005458
 5439   0.0000173611  -0.0000182707   0.0000274558  -0.0000357603   0.0000553830
 5440   0.0000031514  -0.0000000749  -0.0000044224   0.0000038620  -0.0000010662
 5441  -0.0000123013  -0.0000060825   0.0000027840  -0.0000060992  -0.0000077569
 5442  -0.0000355942  -0.0000128325   0.0000073957  -0.0000005074   0.0000117855
 5443   0.0000116730  -0.0000036638   0.0000263202  -0.0000270723   0.0000125614
 5444   0.0000574791   0.0000040750   0.0000009105   0.0000076506  -0.0000013323
 5445   0.0000034914  -0.0000012594   0.0000011591  -0.0000003871  -0.0000008419
 5446   0.0000000660   0.0000000233   0.0000001923  -0.0000005339  -0.0000010604
 5447  -0.0000000367  -0.0000009444  -0.0000002706   0.0000005000
 55 1   0.0313224710   0.0114409211   0.0242684088  -0.0346872374  -0.0038098841
 55 2  -0.0219214569   0.1045960310   0.0387888732   0.0072687582   0.0497979137
 55 3   0.0154485737   0.0027082749  -0.0030049328  -0.0010017506   0.0023979732
 55 4   0.0576251977   0.0107912034  -0.0489113375  -0.0650994478   0.0610364332
 55 5  -0.0760387341  -0.0139780563  -0.0344540358  -0.0291068226  -0.0431156258
 55 6   0.0443677952  -0.0044959451  -0.0051992121   0.0283299300  -0.0251961312
 55 7   0.0284663112   0.0174599848   0.0205140284   0.0238485955  -0.0233385606
 55 8   0.0073128066  -0.0005266837  -0.0505752964  -0.0003498560  -0.0203743621
 55 9   0.0592776705  -0.0056164810  -0.0837925126  -0.0221596881   0.0470365677
 5510  -0.0096655437  -0.0124291918  -0.0377440041   0.0907588021  -0.0497214108
 5511   0.0267950192  -0.0054757378  -0.0171720336  -0.0707947277  -0.0152268471
 5512  -0.0206127201  -0.0312246067   0.0514039051   0.0399677778  -0.0147862405
 5513   0.0144229652  -0.0144247786  -0.0096851950   0.0551824289  -0.0160271926
 5514   0.0558053333  -0.0859290471  -0.0039732163   0.0466373599   0.0155252907
 5515   0.0123825779   0.0320030021   0.0739321973   0.0697768353   0.0523189577
 5516  -0.0226231839   0.0292752641   0.0098564246   0.0004230739  -0.0051748705
 5517  -0.0648081422  -0.0019133428  -0.0060311200  -0.0056754326   0.0045836410
 5518   0.1094691333   0.0053220810   0.0304936742   0.0398237520  -0.0212104036
 5519   0.0679967921   0.0106412847   0.0024585743   0.0310107083   0.0111407442
 5520  -0.0027078465   0.0154864132   0.0056937516  -0.1107431179  -0.0799913663
 5521   0.1015345036   0.0357575180  -0.0771703399   0.0305727618   0.0278359418
 5522  -0.0102298423  -0.0260513070  -0.0944197582   0.0109836610  -0.0175283874
 5523  -0.0237022600   0.0608816590   0.0061595147   0.0085292100  -0.0104867927
 5524   0.0034915130   0.0085458408  -0.0031409079   0.0053529803   0.0025459351
 5525   0.0172539700   0.0247884287   0.0177998439   0.0187942551   0.0787789072
 5526  -0.0033501982   0.1092360849  -0.1495774130  -0.1122560530   0.1626772296
 5527   0.0057334892  -0.0408576626   0.0215158484   0.0342561816  -0.0033529390
 5528  -0.4918707045   0.0041984315  -0.0012375447  -0.0003619899   0.0016181113
 5529   0.0002186242  -0.0006043868  -0.0002306181   0.0004021227   0.0000838295
 5530  -0.0001555743   0.0000979786  -0.0001935029  -0.0001923305   0.0002238645
 5531   0.0000014496  -0.0000074205  -0.0000491495  -0.0000394678   0.0000012506
 5532   0.0001191799   0.0000814726  -0.0000503343   0.0000314443  -0.0000228097
 5533   0.0000228577   0.0000807972   0.0000395362  -0.0000065557   0.0000316262
 5534   0.0000160534  -0.0000276718   0.0000261893   0.0000368122  -0.0000063073
 5535  -0.0000153028   0.0000010477   0.0000208561  -0.0000028154   0.0000146608
 5536  -0.0000040935   0.0000061667   0.0000237231  -0.0000287659  -0.0000102729
 5537  -0.0000191953   0.0000024609   0.0000079566   0.0000205625   0.0000076069
 5538   0.0000062869  -0.0000018113  -0.0000179992  -0.0000157789   0.0000020090
 5539   0.0000290283  -0.0000251281   0.0000196660  -0.0000440707   0.0000346024
 5540  -0.0000010211   0.0000045898   0.0000071725   0.0000014740  -0.0000024356
 5541   0.0000049084   0.0000138484  -0.0000082096   0.0000140227  -0.0000104764
 5542  -0.0000236102  -0.0000087018   0.0000009024   0.0000043201  -0.0000019068
 5543   0.0000003001  -0.0000176700   0.0000059293  -0.0000043510   0.0000127724
 5544   0.0000597022  -0.0000026436  -0.0000076890  -0.0000002158  -0.0000002624
 5545   0.0000009557  -0.0000001633   0.0000007614  -0.0000031985   0.0000036787
 5546  -0.0000003675   0.0000044050   0.0000002117   0.0000001245  -0.0000002486
 5547  -0.0000004982  -0.0000005597   0.0000002269   0.0000003825
 56 1   0.0167855627  -0.0005540384   0.0177843682   0.0229968298   0.0799998186
 56 2   0.0594084384  -0.0746469544  -0.0236580766   0.0064256736   0.0760803729
 56 3   0.0009474588   0.0146010073  -0.0017141372  -0.0015870060  -0.0011145399
 56 4  -0.0042984141   0.0407032824   0.0025864340  -0.0727900592  -0.0215851414
 56 5  -0.0285378994   0.0488937574  -0.0341757657   0.0224631726  -0.0434424887
 56 6   0.0706464395   0.0135550650   0.0017614741   0.0019838418   0.0062119099
 56 7  -0.0391788747  -0.0131439086  -0.0564821154  -0.0277264569  -0.0038845791
 56 8  -0.0257470730  -0.0360012912   0.0256266213  -0.0222545633  -0.0068701496
 56 9  -0.1029489854  -0.0033121528  -0.0337197999  -0.0259503145  -0.0121714380
 5610   0.0034309235   0.0562480866  -0.0522090108   0.0542010142  -0.0318517982
 5611   0.0014891461  -0.0487332731  -0.0014521650   0.0142698269  -0.0613585635
 5612  -0.0053900438  -0.0373171833  -0.0005710423   0.0296747567   0.0251081971
 5613  -0.0132834161   0.0433616348   0.0154822610   0.0067627174  -0.0064645752
 5614   0.0383267579  -0.0260938868  -0.0011119935  -0.0643967336  -0.0154067851
 5615  -0.0291263397  -0.0452989043  -0.1113389973  -0.0986273447  -0.0533884459
 5616   0.0281975568  -0.0754298260  -0.0163563664  -0.0116797802  -0.0438631630
 5617   0.0306893685   0.0053709884   0.0147184924  -0.0259384798  -0.0038625380
 5618  -0.0904958570  -0.0441740120   0.0234965654   0.0460933850   0.0116528297
 5619   0.0606950515   0.0396018579  -0.0271922684  -0.0240739204   0.0141686757
 5620  -0.0446249025   0.0640805413  -0.0123084210   0.0511009385  -0.0204790548
 5621   0.1446510520   0.0079926659  -0.0677552284   0.0247252727  -0.0689505123
 5622   0.0526917053   0.0022138929  -0.0536177114   0.0251970919  -0.0034110803
 5623  -0.0468440048  -0.0155320925  -0.0098442284  -0.0363312848   0.0008994918
 5624   0.0141592883   0.0040050842  -0.0059208979   0.0039597401   0.0011561733
 5625  -0.0740016231  -0.0171045727   0.0008250535   0.0684892707  -0.0274572555
 5626  -0.0267474952   0.1048376869   0.0412306121   0.2032072339  -0.3398348752
 5627   0.0570335263  -0.0811678958  -0.0199258127  -0.0788577241   0.0572571376
 5628  -0.2046151931   0.0031763952   0.0005105428   0.0008722886  -0.0000830111
 5629  -0.0009276138   0.0005826574   0.0002322441   0.0000401085   0.0001267021
 5630   0.0001509472   0.0002398464  -0.0002481658  -0.0002412036  -0.0000983798
 5631   0.0001165894   0.0000093801  -0.0000602987   0.0000192653  -0.0000077479
 5632   0.0000653195  -0.0000367198  -0.0000107950  -0.0000280000   0.0000229993
 5633   0.0000400690   0.0000498148   0.0000470370   0.0000262861   0.0000018281
 5634   0.0000423119  -0.0000496864   0.0000028406   0.0000587274   0.0000288469
 5635  -0.0000047641   0.0000048168  -0.0000419624   0.0000023849   0.0000096368
 5636   0.0000154345  -0.0000045157  -0.0000058869  -0.0000322701  -0.0000043598
 5637  -0.0000167052   0.0000020444   0.0000025404   0.0000018432   0.0000142628
 5638  -0.0000039480  -0.0000037904  -0.0000077115  -0.0000033867  -0.0000043720
 5639   0.0000114677  -0.0000211265   0.0000030940   0.0000103980   0.0000121894
 5640   0.0000052534   0.0000153828   0.0000068242  -0.0000137125   0.0000003625
 5641   0.0000052198   0.0000064779  -0.0000049905   0.0000058622  -0.0000046947
 5642  -0.0000015749   0.0000010134   0.0000004202   0.0000084280   0.0000078448
 5643   0.0000060972   0.0000022283   0.0000029087  -0.0000069413   0.0000147212
 5644   0.0000215568  -0.0000024109  -0.0000011059  -0.0000016157  -0.0000011763
 5645  -0.0000019911   0.0000005112  -0.0000019286  -0.0000004794  -0.0000004284
 5646  -0.0000001108  -0.0000003171  -0.0000000698   0.0000003812   0.0000005079
 5647  -0.0000002154  -0.0000001132   0.0000001171   0.0000002408
 57 1   0.0231020242  -0.0198027284   0.0180953392   0.0031448011   0.0146913294
 57 2  -0.0002318371   0.0153539888  -0.0299599813  -0.1644417295  -0.0118112397
 57 3  -0.0177202521  -0.0383921380  -0.0742858427  -0.0466862806   0.0517887894
 57 4  -0.0144775499   0.0559832631   0.0130233263   0.0097696424  -0.0118988169
 57 5   0.0021560707   0.0307180977   0.0055347974  -0.0237245477  -0.0340906363
 57 6   0.0219774955   0.0475082689  -0.0003663683   0.0565865655  -0.0404725679
 57 7  -0.0751908194   0.1004273140   0.0104648689  -0.1231988276  -0.2713494153
 57 8  -0.0050542787  -0.3303748089  -0.1126811357  -0.0973651477  -0.0706119191
 57 9  -0.0089923420  -0.0019481631   0.0559051018   0.0668192941  -0.0516365665
 5710  -0.0963842355  -0.0430910660  -0.0298863746   0.0408642914   0.0409569941
 5711  -0.0044441729   0.0298312034  -0.0235739330   0.0197123770   0.0315686917
 5712  -0.0323166438   0.0444191180  -0.0002843133  -0.0145459496   0.0454421685
 5713  -0.0271023261   0.0103854373   0.0680311416  -0.0505343458  -0.0260421767
 5714   0.0075222923   0.1236527674  -0.0091501315  -0.0405120123   0.1369382028
 5715  -0.0510077997  -0.1120264285   0.0812185572  -0.0115821644  -0.0585825514
 5716   0.0118686799   0.0079003235   0.0009118364   0.0058182752  -0.0880014232
 5717  -0.0531625443   0.0120640367  -0.0255722956   0.0481547011  -0.0284901012
 5718  -0.0271460596   0.0273038368  -0.0152713571   0.0518264630  -0.0163499496
 5719   0.0094773162  -0.0339563849  -0.0075825917   0.0236161735  -0.0310964347
 5720   0.0115586293   0.0105757018  -0.0227385497   0.0564395624  -0.0699755066
 5721  -0.0692645176  -0.0028418028   0.0039679477   0.0163018444  -0.0107497277
 5722  -0.0263215437   0.0679409048  -0.0834145209   0.1327278539   0.0708974511
 5723  -0.0056115512   0.0396687169  -0.0007554915  -0.0235957311   0.0092125855
 5724  -0.0151166954   0.0288439463  -0.0067148603  -0.0064944387   0.0064440203
 5725   0.0179056965  -0.0123840387  -0.0030164646  -0.0034321284   0.0068622441
 5726   0.0125646338  -0.0128808673   0.0012487745  -0.0073713655   0.0165313868
 5727  -0.0006996221  -0.0012324086   0.0041057718   0.0001448958   0.0011374296
 5728  -0.0159185787   0.0005901553  -0.0014513506  -0.0005036504  -0.0002434810
 5729   0.0002422146   0.0001731539   0.0000672612  -0.0002806445   0.0000500935
 5730  -0.0000618081  -0.0000612256   0.0001709417   0.0001437422  -0.0000570385
 5731  -0.0000105444  -0.0001530418   0.0000566297  -0.0001598940  -0.0000790854
 5732   0.0000053802   0.0001088514   0.0000155100   0.0000853071  -0.0000780129
 5733  -0.0000571673  -0.0000433663  -0.0000395966  -0.0000232647   0.0000049163
 5734  -0.0000700037   0.0000305199   0.0000032036  -0.0000871832  -0.0000766521
 5735   0.0000128612   0.0000073548   0.0001327955   0.0000098948  -0.0000062840
 5736   0.0000036861  -0.0000009733   0.0000043784   0.0000960946   0.0000013374
 5737   0.0000359708  -0.0000048990   0.0000041312  -0.0000027113  -0.0000580057
 5738   0.0000141985   0.0000261887  -0.0001184236  -0.0000225624   0.0000345937
 5739  -0.0000055391  -0.0000066963  -0.0000468894   0.0000044039  -0.0000939311
 5740   0.0000252275   0.0000559970   0.0000025674  -0.0000810770   0.0000034024
 5741   0.0000354999   0.0000751358  -0.0000224017   0.0000395755  -0.0000279981
 5742   0.0000028635   0.0000041190  -0.0000123849  -0.0000341598  -0.0000388145
 5743   0.0000127474  -0.0000123963  -0.0000313654   0.0000137465  -0.0000218866
 5744  -0.0000104772  -0.0000033896  -0.0000002500  -0.0000560697   0.0000086568
 5745  -0.0000345277  -0.0000036362   0.0000052864   0.0000000289   0.0000107940
 5746   0.0000003633   0.0000103371   0.0000001755   0.0000005494   0.0000027929
 5747  -0.0000001451   0.0000000923  -0.0000003896   0.0000002786
 58 1   0.0610587827   0.0165963113   0.0329194390  -0.0325926597  -0.0036885434
 58 2  -0.0218158855   0.1043212887   0.0377987149   0.0068790907   0.0500968897
 58 3   0.0092674450   0.0093275038   0.0013943785   0.0057906678  -0.0026333173
 58 4   0.0706830676   0.0216566146  -0.0641265711  -0.0606449813   0.0891742958
 58 5  -0.0955923872  -0.0184104559  -0.0352585006  -0.0425806408  -0.0409692499
 58 6   0.0035886620  -0.0025522844  -0.0119346570   0.0462391864  -0.0728403115
 58 7  -0.0138792714   0.0024045275   0.0784108336   0.0768052711  -0.0522705790
 58 8   0.0481045887   0.0551451310  -0.0843681219   0.0649773194  -0.1401081973
 58 9   0.0975189756  -0.0149210251  -0.0675535810  -0.0065837048   0.0483415350
 5810  -0.0247751288  -0.0109493575  -0.1442680639   0.0922494759  -0.0782681786
 5811   0.0319149119  -0.0849840320  -0.0925406422  -0.1687795485   0.0653896199
 5812  -0.0403703217  -0.0106203540   0.1100276117   0.0210763330  -0.0089255956
 5813   0.0665534265  -0.0000516232   0.0041432382   0.0024121462  -0.0476423972
 5814   0.0566510333  -0.0451806922  -0.0100434742   0.0801856112   0.0433751077
 5815  -0.0576018547  -0.0614440813   0.0349337868   0.0983581930  -0.0088369609
 5816   0.0164139043   0.0132802226  -0.0117913157  -0.0455904946   0.0196600229
 5817   0.0320314500   0.0613668924   0.0122068353  -0.0773823138   0.0002025472
 5818   0.1458953754   0.0078217760   0.0149160176   0.0248461529  -0.0424064625
 5819  -0.0000917611   0.0138998068  -0.0452093998  -0.0310603664  -0.0194830120
 5820  -0.0569203630  -0.0498945335  -0.0034477410   0.0278632019   0.0213234692
 5821  -0.0045022187   0.0216917804  -0.0342133687   0.0361092415  -0.1590827226
 5822   0.0238420543   0.0568808841   0.0354125447   0.0030728318   0.0174015616
 5823  -0.0578331381  -0.0194667053  -0.0025957970  -0.0215941631  -0.0011052275
 5824   0.0101955458   0.0140950420  -0.0157521409   0.0161376749   0.0073862495
 5825   0.0368473410  -0.0514378418  -0.0176073682  -0.0316698158  -0.0400158159
 5826   0.0165349245  -0.0881610913   0.1798428021   0.0491711419  -0.0925624046
 5827   0.0095115460   0.0349637523  -0.0125022097  -0.0144542847   0.0069158370
 5828   0.2055265720  -0.0013310481   0.0004388556  -0.0003100940  -0.0011219154
 5829   0.0003096934   0.0002482648   0.0000120834  -0.0001571975   0.0000565053
 5830   0.0000346764  -0.0003706928  -0.0001522675   0.0001970318  -0.0000500500
 5831  -0.0000346702   0.0001240648   0.0001471847   0.0000022034   0.0000400020
 5832  -0.0001110192  -0.0001634178   0.0000402185  -0.0000372824  -0.0000425883
 5833  -0.0000412593  -0.0000263158  -0.0001145808   0.0000149509  -0.0000189733
 5834  -0.0000140382   0.0000436924  -0.0000199476  -0.0000371463   0.0000255604
 5835   0.0000172361   0.0000154251  -0.0000019745   0.0000314037  -0.0000614374
 5836  -0.0000109949  -0.0000114854  -0.0000052898   0.0000190528  -0.0000071227
 5837   0.0000136210   0.0000022097  -0.0000103028  -0.0000268821  -0.0000293395
 5838  -0.0000103856  -0.0000031088  -0.0000157145  -0.0000125873  -0.0000140774
 5839  -0.0000136435   0.0000271570  -0.0000357264   0.0000542426  -0.0000270892
 5840   0.0000005236  -0.0000053652   0.0000089774  -0.0000107722   0.0000018252
 5841   0.0000003441   0.0000165310  -0.0000066163   0.0000175747  -0.0000033615
 5842   0.0000327068   0.0000098707  -0.0000166632  -0.0000168746  -0.0000095502
 5843   0.0000260811   0.0000216222  -0.0000250501   0.0000185808  -0.0000103537
 5844  -0.0000899824  -0.0000095362   0.0000013998  -0.0000122211   0.0000026601
 5845  -0.0000076281   0.0000034878  -0.0000004488   0.0000017691   0.0000019197
 5846  -0.0000001722   0.0000011263  -0.0000005071  -0.0000002063  -0.0000007074
 5847   0.0000006435   0.0000002518   0.0000005543  -0.0000007500
 59 1   0.0273365849   0.0303305780   0.0316146662   0.0935322934   0.0683101067
 59 2   0.0951952573  -0.1025622891  -0.0475967848   0.0060662345   0.0987927903
 59 3  -0.0164572381   0.0201780645   0.0083858389  -0.0196355900   0.0073374036
 59 4   0.0432829242  -0.0471151379   0.0315443106  -0.1566597237  -0.1293613921
 59 5  -0.0365270819   0.0428575007  -0.0530129183  -0.0053414647  -0.0348768368
 59 6  -0.0303955529   0.0142957035  -0.0155418458   0.0319379416   0.0221284144
 59 7   0.1085014967  -0.0017857790  -0.0714677900  -0.0824246748   0.1651452596
 59 8   0.0107600257   0.0003964949  -0.0581841606  -0.0045701623   0.0450878967
 59 9   0.0940511638   0.0075536439  -0.0103822330  -0.0089452208   0.0642901488
 5910  -0.0384096923  -0.0233422469  -0.0815303151   0.0471778742  -0.0008643266
 5911   0.0392409669   0.0750875517  -0.0271058038  -0.0550369013   0.0969797004
 5912  -0.0400986005   0.0815179034   0.0347156828  -0.0355563719  -0.0432250084
 5913   0.0011241234   0.0100392089  -0.0037773466  -0.0633559340  -0.0044925682
 5914  -0.1088179414   0.2942082906  -0.0381832657   0.0078630956  -0.0814647374
 5915  -0.0079951539  -0.0419321142  -0.0333851226   0.0755183182   0.1300630158
 5916  -0.0120197387   0.0108188308   0.0413463019   0.0087021993   0.0067498899
 5917   0.0591968885  -0.0058401299   0.0405926261   0.0385296177   0.0226357685
 5918  -0.0544098430  -0.0090333329  -0.0232723007  -0.0890446178  -0.0235864334
 5919   0.0226957122   0.0077739174  -0.0110695042   0.0835089684   0.0100734274
 5920  -0.0249870284  -0.0334513198   0.0031423443  -0.0685902568  -0.0265504247
 5921  -0.0664706238   0.0462185674   0.0090455304   0.0121718901  -0.0571432269
 5922  -0.0340111630   0.0790167620   0.0602990037   0.0362502587   0.0007883446
 5923  -0.0356074978  -0.0204131145   0.0103840409   0.0065936179   0.0056990203
 5924  -0.0234885491  -0.0126607989   0.0284703720  -0.0404932865  -0.0183030360
 5925  -0.0116183553  -0.0079710691   0.0133945872   0.0301367983   0.0418984676
 5926   0.0130696588   0.0299503108   0.0919874304   0.0073120649  -0.0596410325
 5927   0.0240869590   0.0090332764  -0.0037601820  -0.0061636183   0.0110503281
 5928  -0.0271489044  -0.0003813392  -0.0003113175   0.0005718745  -0.0004156861
 5929  -0.0005498829   0.0003502163   0.0004420017   0.0001624096   0.0000840646
 5930   0.0000691808   0.0004353306   0.0000443689  -0.0001743204  -0.0000733547
 5931   0.0000545215   0.0000251225  -0.0000244213   0.0000143520  -0.0000111926
 5932   0.0000062128  -0.0000526001   0.0000214451  -0.0000082595  -0.0000079800
 5933   0.0000123578  -0.0000341596   0.0000030695   0.0000154551   0.0000204394
 5934   0.0000121294   0.0000258432  -0.0000052419  -0.0000102852  -0.0000353260
 5935  -0.0000081789  -0.0000069607  -0.0000146557  -0.0000058059   0.0000349703
 5936  -0.0000271284   0.0000163818   0.0000014811  -0.0000120678   0.0000068712
 5937  -0.0000013005  -0.0000018236  -0.0000049317  -0.0000112901  -0.0000189623
 5938  -0.0000035948  -0.0000053867   0.0000199816   0.0000186070  -0.0000095441
 5939  -0.0000233292  -0.0000149928   0.0000005811   0.0000541027  -0.0000179038
 5940   0.0000045109   0.0000096335  -0.0000250153   0.0000035965   0.0000011769
 5941   0.0000208918  -0.0000243774  -0.0000023208  -0.0000039062   0.0000082664
 5942  -0.0000176318  -0.0000145412  -0.0000080592   0.0000141009  -0.0000028022
 5943  -0.0000100721   0.0000200147   0.0000155292  -0.0000028111   0.0000013262
 5944  -0.0000510457   0.0000055147   0.0000047694   0.0000040452   0.0000037164
 5945   0.0000033654  -0.0000011331   0.0000022883   0.0000020797   0.0000003133
 5946   0.0000004852  -0.0000032691  -0.0000002887   0.0000001984  -0.0000002682
 5947  -0.0000000046   0.0000003515  -0.0000005809  -0.0000004280
 60 1   0.0144651016   0.0793914013   0.0681809356   0.1536157003   0.0360475689
 60 2  -0.0288006300   0.0227930064  -0.0818059005  -0.1941416992  -0.0120423616
 60 3  -0.1400482472   0.0934990890  -0.0110842336   0.0052573883   0.0144961158
 60 4   0.0177207862  -0.2719576589  -0.0333134962   0.0281297361   0.0229657773
 60 5   0.0498112413  -0.0037491427   0.0144961253   0.0822654424  -0.0147221254
 60 6   0.0853066372  -0.0053760453   0.0552434778  -0.0153452065   0.0993029216
 60 7   0.0250948013  -0.0067168958  -0.0425696630  -0.0287270866   0.0631807292
 60 8  -0.0783665287   0.0097340289   0.0404447534  -0.0262986157   0.1155657517
 60 9  -0.0358304474   0.0129192662  -0.0008422254  -0.0285246351  -0.0068358485
 6010   0.0070538806  -0.0108850006   0.0646971409   0.0185431311   0.0235462920
 6011  -0.0106288600   0.0052675688   0.0378850115   0.0565331083  -0.0375319820
 6012   0.0263851613  -0.0119412455  -0.0460872051  -0.0049974109  -0.0072058628
 6013  -0.0215758258  -0.0509282360  -0.0047263280   0.0037102805   0.0206119691
 6014  -0.0444016374   0.0706188300   0.0278461856   0.1182391384  -0.0419803132
 6015  -0.0062765534   0.1329478758   0.0891925337   0.0422248996   0.0737463667
 6016  -0.0018464129   0.0053461011   0.0145539237   0.0196500842  -0.0113894773
 6017  -0.1160923821   0.0273578255  -0.0207902193  -0.0636232533  -0.0079971056
 6018   0.1748493628   0.0153704024   0.0396467859   0.0671608413  -0.0268730068
 6019   0.0261040993   0.0081536296  -0.0328952793  -0.0229869122  -0.0118286819
 6020  -0.0240195108   0.0282798607  -0.0042988200   0.0141678391  -0.0161149886
 6021   0.0593968611  -0.0014923776  -0.0477650782   0.0169355056  -0.0490775468
 6022   0.0198371989  -0.0057677855  -0.0360036982  -0.0080409213  -0.0066608458
 6023  -0.0190954182   0.0085434942   0.0018490561  -0.0145217717  -0.0081719024
 6024   0.0134655477   0.0124948550  -0.0145745225   0.0172458964   0.0121384630
 6025   0.0208623869  -0.0123274379  -0.0113468631  -0.0147346935  -0.0162999405
 6026   0.0019575867  -0.0336911272   0.0269833824   0.0037440035  -0.0003438503
 6027  -0.0028680964   0.0087238681  -0.0015152364  -0.0000939463   0.0001336891
 6028   0.0427214100   0.0002535160  -0.0005150288  -0.0001633497   0.0016841242
 6029  -0.0005262249  -0.0007230122  -0.0003990067   0.0002517976  -0.0000883572
 6030  -0.0001008995  -0.0005952704  -0.0001967603   0.0000370789   0.0004167819
 6031  -0.0000733891  -0.0000078567  -0.0000512170   0.0000173431   0.0000280606
 6032   0.0000567650   0.0000913822  -0.0000145111  -0.0000155477   0.0000437269
 6033   0.0000342045   0.0000239815   0.0000289298  -0.0000145810   0.0000061909
 6034   0.0000332271  -0.0000416247   0.0000231409   0.0000299419  -0.0000250691
 6035  -0.0000371578  -0.0000200622   0.0000262717  -0.0000305265   0.0000489525
 6036   0.0000120022   0.0000056298   0.0000263944  -0.0000230149  -0.0000072991
 6037  -0.0000040495  -0.0000038569   0.0000084386   0.0000297261   0.0000208146
 6038   0.0000120586  -0.0000038070  -0.0000068264  -0.0000113470   0.0000052653
 6039   0.0000406451  -0.0000204412   0.0000247390  -0.0000774729   0.0000365070
 6040   0.0000047666   0.0000110657   0.0000066012  -0.0000072475  -0.0000011626
 6041  -0.0000140568   0.0000128548   0.0000090840  -0.0000175267   0.0000109572
 6042  -0.0000188072  -0.0000060918   0.0000255082   0.0000127947   0.0000215408
 6043  -0.0000371577  -0.0000420934   0.0000276200   0.0000033876   0.0000108229
 6044   0.0000810748   0.0000042285  -0.0000100325   0.0000091354  -0.0000032547
 6045   0.0000071537  -0.0000017690  -0.0000010181  -0.0000045129  -0.0000015298
 6046  -0.0000003824   0.0000016961   0.0000007832   0.0000001459   0.0000010899
 6047  -0.0000007430  -0.0000007815  -0.0000004398   0.0000007024
 61 1   0.0721532730   0.0300678136  -0.0088363023  -0.0965796954   0.0076890423
 61 2  -0.0544236835   0.1301959698   0.0576030340   0.0057136125   0.0291473288
 61 3   0.0063876357   0.0154756309   0.0394145809   0.0027778911  -0.0028753700
 61 4  -0.0043161596   0.0133044027   0.0040319250  -0.0616772629   0.0911804267
 61 5  -0.0203193670   0.0493406250  -0.0213467757   0.0853431407  -0.1147779057
 61 6   0.0357769573   0.0682841020   0.0447945672  -0.0191924091   0.0871304831
 61 7   0.0364984951  -0.0288365036  -0.0789010818  -0.0791470114   0.1373799014
 61 8  -0.0751201363  -0.0490956530  -0.0457540154   0.0011209684   0.1359795802
 61 9  -0.0722851537  -0.0047158761   0.0954727956   0.0255155421  -0.0633021864
 6110  -0.0404078951  -0.0875241396   0.0275843662  -0.1563789903   0.0813771189
 6111  -0.0370417093   0.0733583771  -0.0249359240  -0.0359126119   0.0803827247
 6112   0.0622493344   0.0330988406   0.0426793642  -0.0294955124  -0.0188419742
 6113   0.0757069487   0.0205616887   0.0024246680   0.0033714582  -0.0621109880
 6114  -0.0378677377  -0.1906647369  -0.0380861903  -0.0771277518  -0.0287664273
 6115  -0.1130444040  -0.0262430012  -0.1525109156   0.0745297141  -0.0617329975
 6116   0.0409946995  -0.0029847474  -0.0253767403  -0.0294382642   0.0158393209
 6117  -0.0735747315   0.0063450319  -0.0150319556  -0.0098846342  -0.0063803394
 6118  -0.0091441710   0.0043552538   0.0062724520   0.0704651761  -0.0164801276
 6119   0.0049988633   0.0551720309  -0.0621070159  -0.0099349897   0.0178563804
 6120  -0.0759836813  -0.0283453241  -0.0011696382  -0.0032207632   0.0030832647
 6121   0.0046368294   0.0373348454  -0.0145875299   0.0754955091   0.1534548928
 6122  -0.1371619295  -0.0050395935   0.0014616801   0.0850782382  -0.0280811929
 6123  -0.0080142825   0.0175782047   0.0045846105   0.0297945747   0.0019025553
 6124  -0.0161113447   0.0016835371   0.0063868837  -0.0096921152  -0.0050265228
 6125  -0.0030627044   0.0251321374  -0.0010551811  -0.0353894989  -0.0145726595
 6126  -0.0808521844   0.0781824811   0.0573134328  -0.1149553350  -0.0289731446
 6127  -0.0434213280  -0.0304041075  -0.0037438732  -0.0261354640  -0.0014996926
 6128   0.0071204578  -0.0014601701   0.0002825258  -0.0003211411  -0.0010742297
 6129   0.0000570483   0.0010149426   0.0005304716  -0.0001508540   0.0000345154
 6130   0.0000020161  -0.0003259214  -0.0004402930   0.0000390214   0.0000218975
 6131  -0.0000108705   0.0001621812   0.0001927648  -0.0000593940  -0.0000167131
 6132   0.0000068534  -0.0002694453   0.0000283742  -0.0000157123  -0.0000736238
 6133  -0.0000228481   0.0000252394  -0.0001081867   0.0000145050   0.0000121354
 6134  -0.0000429531   0.0000705032  -0.0000357039  -0.0000449871   0.0000391108
 6135   0.0000344028   0.0000369173  -0.0000238679   0.0000464103  -0.0000734621
 6136  -0.0000070440  -0.0000139235  -0.0000094766   0.0000024971  -0.0000045982
 6137   0.0000120738   0.0000068911  -0.0000163013  -0.0000454611  -0.0000283414
 6138  -0.0000264655   0.0000102851  -0.0000042445  -0.0000153049  -0.0000175879
 6139  -0.0000150669   0.0000351656  -0.0000332017   0.0001027832  -0.0000200021
 6140  -0.0000008463  -0.0000035170   0.0000228206  -0.0000020349   0.0000018879
 6141   0.0000052946   0.0000183180  -0.0000075596   0.0000102357  -0.0000072522
 6142   0.0000463850   0.0000226057  -0.0000206635  -0.0000211583  -0.0000121511
 6143   0.0000706446   0.0000384627  -0.0000246332   0.0000411872   0.0000305629
 6144  -0.0001253414  -0.0000153841   0.0000023553  -0.0000015768   0.0000002286
 6145   0.0000003245   0.0000074912  -0.0000024532   0.0000028735   0.0000000758
 6146  -0.0000004258  -0.0000001782  -0.0000010943  -0.0000002572  -0.0000006340
 6147   0.0000005060  -0.0000004524   0.0000012316  -0.0000013559
 62 1   0.0199620154  -0.0101419044  -0.0123198657  -0.0015701003   0.1094710165
 62 2  -0.0253761109  -0.0014295097   0.0383903597   0.0050569773   0.0156399858
 62 3   0.0019033371   0.0111016365  -0.0057359616  -0.0001948854   0.0072381242
 62 4  -0.0025112569   0.0022005269   0.0097279854   0.0434532217   0.0329416428
 62 5   0.0909463038  -0.0238372713   0.0762972813   0.0211567730  -0.0049586892
 62 6  -0.0713780837   0.0396655548   0.0121407631  -0.0160804832  -0.0661814247
 62 7  -0.0421818517  -0.0460201502  -0.0147938477  -0.0186563199   0.0386031793
 62 8   0.1400740679  -0.0311295682  -0.0185757190  -0.0340610555   0.1793090565
 62 9   0.0623018881   0.0260004318   0.2339405053  -0.0116347986   0.1308732168
 6210   0.0218546484   0.0015888338   0.0030494434   0.0492312570  -0.0098611253
 6211   0.0150448617  -0.0328113906  -0.1055081544  -0.2334168985  -0.0253163649
 6212   0.1257397823  -0.0206501070  -0.0001666171  -0.0096863872   0.0766511664
 6213  -0.0369786751   0.0650190115  -0.0719223257  -0.0042335391  -0.0245815538
 6214   0.0991166383   0.0350809794  -0.0283534100  -0.0891379980  -0.0241830125
 6215  -0.1071032807   0.1848154189   0.0499364363  -0.0893748980   0.1287817607
 6216   0.0007065152  -0.0431679993  -0.0011203807  -0.0183030408   0.0012678976
 6217   0.0353241836   0.0059890716  -0.0240124569   0.0707507157  -0.0217225402
 6218   0.0380284199  -0.0157855557   0.0012347432   0.0538642421   0.0139224034
 6219   0.0035364158  -0.0170839583   0.0090221623  -0.0033825613  -0.0084236240
 6220  -0.0166958238  -0.0160172799   0.0026100413  -0.0453808209   0.0478688644
 6221   0.0024096422   0.0089558573  -0.0620159031   0.0288491944  -0.0521713177
 6222  -0.0174621787   0.0268005313  -0.0213713740  -0.0169442074   0.0144650201
 6223   0.0807934229   0.0726336932  -0.0001770207   0.0757395618  -0.0086737672
 6224  -0.0154885851  -0.0008803239   0.0145167862   0.0438560102  -0.0050365617
 6225   0.0103364342   0.0718348072   0.0027596855   0.0323152062  -0.0811590090
 6226   0.1390435724  -0.0637947344   0.0489725394   0.0533557943  -0.0536217284
 6227   0.0570380771   0.0389264403   0.0109711530   0.0299303087  -0.0286706331
 6228  -0.0372611534   0.0008056215  -0.0003969844  -0.0002791098   0.0003890982
 6229  -0.0005644480  -0.0000583413  -0.0002032604   0.0004964853   0.0000874605
 6230   0.0000152947  -0.0003949479  -0.0001163723  -0.0000352021   0.0002214624
 6231   0.0000205184  -0.0000202185  -0.0000364821  -0.0000109192  -0.0000321582
 6232   0.0000782496  -0.0000375877   0.0000134030  -0.0000169094  -0.0000036468
 6233   0.0000291805   0.0000019347   0.0000058852  -0.0000102385   0.0000237874
 6234   0.0000139875  -0.0000150314  -0.0000138048   0.0000124915  -0.0000221416
 6235  -0.0000166165  -0.0000209507  -0.0000034793  -0.0000166615   0.0000568843
 6236   0.0000020280   0.0000044359   0.0000098775  -0.0000015568  -0.0000006929
 6237  -0.0000012153  -0.0000023030   0.0000036985   0.0000068074   0.0000010900
 6238   0.0000013756   0.0000066713  -0.0000054090  -0.0000076311  -0.0000031041
 6239   0.0000101687  -0.0000125288   0.0000167345  -0.0000116242   0.0000139903
 6240  -0.0000017496  -0.0000013329   0.0000029775  -0.0000013117   0.0000017639
 6241   0.0000021561   0.0000018257   0.0000053509  -0.0000021893   0.0000019964
 6242  -0.0000264536  -0.0000120802   0.0000045638   0.0000058788   0.0000094530
 6243  -0.0000180870  -0.0000248079   0.0000203514   0.0000087853   0.0000250493
 6244   0.0000116931   0.0000028927  -0.0000076532   0.0000022238  -0.0000013527
 6245   0.0000014421  -0.0000007828  -0.0000006962  -0.0000027856  -0.0000002101
 6246  -0.0000001783   0.0000001447   0.0000004239   0.0000003506   0.0000000725
 6247  -0.0000005078  -0.0000005563   0.0000001523   0.0000000158
 63 1  -0.2407817152  -0.0038590639   0.0236216509   0.1643035930  -0.0390445242
 63 2   0.1263601702   0.0254634243   0.1180034514  -0.1125333048  -0.0434785801
 63 3   0.0198495956  -0.0156214190  -0.0614221897   0.0438544667  -0.0223419161
 63 4   0.0771574954   0.0536735193  -0.1008372702   0.0131946566   0.0221171513
 63 5  -0.2974385385  -0.0250244176  -0.0903532519  -0.0720948821  -0.0577848047
 63 6  -0.0463030516  -0.0597401820   0.0016191854   0.0920938390  -0.0582041617
 63 7  -0.0093301949  -0.1263478337   0.0119843345   0.0184130321  -0.0069340128
 63 8  -0.1313596986  -0.0458607747   0.1032744736   0.0234162964   0.0239453726
 63 9  -0.0363062926  -0.0114262514  -0.0597609674   0.0258659997  -0.0730494138
 6310   0.0508776727   0.0098725793   0.0047416453   0.0268485456   0.0422302129
 6311  -0.0124829480   0.0533500904   0.0534735432  -0.0006934203   0.0623699095
 6312  -0.0168270746   0.0201126732   0.0030533732  -0.0291437051  -0.0389170017
 6313   0.0290305174  -0.0614831822  -0.0364548692   0.0001887383  -0.0041159536
 6314   0.0027662468  -0.0284317243   0.0108238361   0.0354223914  -0.0058819948
 6315  -0.0167490013  -0.0650686067   0.0141179126  -0.0219550670  -0.0299498932
 6316  -0.0097599230  -0.0106051479   0.0048755734  -0.0478044944  -0.0078503543
 6317  -0.0101642547   0.0067448394   0.0180516776   0.0437884363   0.0434376289
 6318  -0.0311102765   0.0685855242   0.0123513545   0.0107234668   0.0310041250
 6319   0.0235707211  -0.0046703322   0.0178608873  -0.0475861167  -0.0171683500
 6320  -0.0641606336  -0.0143771269   0.0159083030  -0.0327978691   0.0494638563
 6321   0.0161983210  -0.0314976713  -0.0894001217   0.0520900554  -0.0050997682
 6322  -0.0255144997   0.0427855215  -0.0277157074   0.0026066481   0.0011543508
 6323   0.0441212954   0.0524968313   0.0065680332   0.0589832737  -0.0048585243
 6324  -0.0108225774  -0.0006670246   0.0138228108   0.0469901429  -0.0032808154
 6325  -0.0068863845   0.0391450096  -0.0029005894   0.0106378008  -0.0301802035
 6326   0.0379489274  -0.0162992644   0.0307563176   0.0077275666  -0.0191786107
 6327   0.0127840141   0.0094296527   0.0027586110   0.0057302188  -0.0098056436
 6328  -0.0066063277   0.0005944585  -0.0004508762   0.0006527712   0.0025307522
 6329  -0.0009770766  -0.0012252508  -0.0004638325   0.0007998379   0.0000399727
 6330   0.0000926626  -0.0001037685  -0.0000048202  -0.0000235132   0.0002120482
 6331  -0.0000830432  -0.0002985004  -0.0002121041   0.0000055518  -0.0000513066
 6332   0.0001347294   0.0002868427   0.0000073807   0.0000990383   0.0000863165
 6333   0.0000198086   0.0000998746   0.0002163565  -0.0000418318   0.0000727244
 6334   0.0000959176  -0.0000727895   0.0000995233   0.0001287712  -0.0000979552
 6335  -0.0000741056  -0.0000635206   0.0000130561  -0.0000477218   0.0001706455
 6336   0.0000089949   0.0000231405   0.0000384782   0.0000037493   0.0000049368
 6337  -0.0000202619  -0.0000031681   0.0000268353   0.0000627479   0.0000416652
 6338   0.0000379292  -0.0000140102  -0.0000039746   0.0000142408   0.0000344957
 6339   0.0000400377  -0.0000746489   0.0000534586  -0.0001494273   0.0000593753
 6340  -0.0000011856   0.0000042950  -0.0000272260  -0.0000013037  -0.0000038473
 6341   0.0000036361  -0.0000002318   0.0000054688  -0.0000280849   0.0000024487
 6342  -0.0001120941  -0.0000542297   0.0000381174   0.0000479108   0.0000353927
 6343  -0.0000924487  -0.0000868930   0.0000683373  -0.0000183449  -0.0000132563
 6344   0.0001650394   0.0000142490  -0.0000071904   0.0000066839  -0.0000050938
 6345   0.0000022605  -0.0000071144   0.0000003364  -0.0000050634  -0.0000001654
 6346   0.0000000914   0.0000003924   0.0000009615   0.0000003235   0.0000011502
 6347  -0.0000016354   0.0000014638  -0.0000003695   0.0000012504
 64 1   0.0426220945   0.0129749792   0.0125849517  -0.0814854009   0.0057021970
 64 2  -0.0518065553   0.1294155111   0.0622992825   0.0084777478   0.0292597641
 64 3   0.0093942132   0.0124118459   0.0086050307   0.0126985547  -0.0014143105
 64 4   0.0346143396   0.0278630678  -0.0292679325  -0.0441804136   0.1117150323
 64 5  -0.0518413892   0.0300652590  -0.0178761259   0.0751756982  -0.1040975248
 64 6   0.0451155544   0.0521275180   0.0311601716   0.0142862895   0.0465147780
 64 7   0.0048757354  -0.0333133702  -0.0449156661  -0.0447422367   0.1033965871
 64 8  -0.0828602409  -0.0270082876  -0.0235748072  -0.0057346639   0.0992915790
 64 9  -0.0594172006   0.0061351711   0.0622378718   0.0042188114  -0.0259788658
 6410  -0.0401206900  -0.0397508094   0.0110890202  -0.0332869894   0.0579134594
 6411  -0.0077773510   0.0663110103   0.0176129620  -0.0011555730   0.0393656363
 6412   0.0163888897   0.0373615665  -0.0041291033  -0.0302156244   0.0049727506
 6413   0.0222578066  -0.0082142182  -0.0154005622  -0.0098981646  -0.0193445371
 6414  -0.0282654653  -0.0550324553  -0.0070086239  -0.0231774514  -0.0171449837
 6415  -0.0014682739  -0.0451997157  -0.0059830766   0.0684337756  -0.0097477331
 6416   0.0083205072   0.0351432368  -0.0125873473  -0.0007744179   0.0136805728
 6417   0.0440028620   0.0242908196   0.0160370024   0.0215960349  -0.0149765532
 6418  -0.0613397815   0.0176627634  -0.0245841500  -0.1119498565  -0.0047924217
 6419   0.0062126078  -0.0448356811   0.0270879394  -0.0556632033  -0.0135821954
 6420   0.0521157712   0.0496041596   0.0075333648   0.0000504597   0.0009247768
 6421   0.1115475489  -0.0277496169  -0.0205623456  -0.0244797669  -0.2033968200
 6422   0.1342966197   0.0000036017  -0.0115511852  -0.0561683554   0.0177273764
 6423  -0.0475903339  -0.0190238378  -0.0025475740  -0.0313611877   0.0074650970
 6424   0.0090760734  -0.0022136595   0.0017457820  -0.0165128746  -0.0080020933
 6425   0.0022203569  -0.0779690740   0.0089931192   0.0711265457   0.0247405612
 6426   0.0636512113  -0.2246130979  -0.1797367992   0.1852098889   0.1392836473
 6427   0.1140187410   0.0944234627  -0.0001404605   0.0384885347   0.0255185048
 6428  -0.0194882384   0.0014991945  -0.0000679795  -0.0002534729  -0.0007368817
 6429   0.0007934364   0.0001909757   0.0000432108  -0.0004685286  -0.0000702062
 6430  -0.0000046914  -0.0000008480   0.0000557626   0.0000810883  -0.0001371709
 6431   0.0000062673   0.0000501082   0.0000724846   0.0000410216   0.0000079146
 6432  -0.0000751465  -0.0000417800   0.0000130447  -0.0000283897  -0.0000032366
 6433  -0.0000104617  -0.0000062822  -0.0000582897   0.0000088160  -0.0000425458
 6434  -0.0000161901   0.0000088736  -0.0000044119  -0.0000336309   0.0000651680
 6435   0.0000250812   0.0000227686  -0.0000055438   0.0000155037  -0.0000707992
 6436  -0.0000017340  -0.0000057460  -0.0000079294  -0.0000025735   0.0000099926
 6437   0.0000024078  -0.0000009288  -0.0000067942  -0.0000106111  -0.0000061163
 6438  -0.0000089809  -0.0000032417   0.0000072197   0.0000116346  -0.0000031502
 6439  -0.0000123427   0.0000315826  -0.0000193786   0.0000249816  -0.0000162029
 6440   0.0000045349  -0.0000042734   0.0000085144   0.0000020206  -0.0000021111
 6441  -0.0000013829  -0.0000015432  -0.0000026684   0.0000070517   0.0000023499
 6442   0.0000387049   0.0000179220  -0.0000061293  -0.0000173355  -0.0000090591
 6443   0.0000314496   0.0000183070  -0.0000207625   0.0000041790  -0.0000118995
 6444  -0.0000256882  -0.0000007910   0.0000053387  -0.0000017486   0.0000021147
 6445  -0.0000011147   0.0000009404   0.0000010609   0.0000024827   0.0000000286
 6446   0.0000001759   0.0000000890  -0.0000003178  -0.0000003217  -0.0000006973
 6447   0.0000009072   0.0000000731   0.0000006085  -0.0000002115
 65 1   0.0231330757  -0.0179806858   0.0044561629   0.0073157604   0.0977516652
 65 2   0.0037667818  -0.0329318742   0.0122906913   0.0075137352   0.0423474477
 65 3   0.0057153102   0.0124398377  -0.0209410761   0.0040548997   0.0000797629
 65 4   0.0152386557   0.0153158861  -0.0239689742   0.0454876812   0.0540107492
 65 5   0.0255917742   0.0248726363   0.0562022251   0.0843615036   0.0209188052
 65 6   0.0447711345   0.0195582384  -0.0445959301   0.0003160399  -0.0699994198
 65 7  -0.1499443851   0.0137744153  -0.0071256276  -0.0303511505  -0.0118654070
 65 8   0.0909783856   0.0012311450   0.1196150900   0.0036226370  -0.0472387524
 65 9   0.0622358306   0.0307270452   0.0545089467   0.0073155944   0.1294372767
 6510   0.0426518397   0.0856378553   0.1137940229   0.0202774494   0.0166017424
 6511   0.0140068039   0.0926163687   0.0437356943   0.0082497912   0.0056434592
 6512  -0.1133952233  -0.0014484535   0.0000584849  -0.0919284294  -0.0138643323
 6513   0.1369555337  -0.1682256561  -0.1095834545   0.0467220590   0.0653389178
 6514  -0.0200595769   0.0470124278   0.0056410295   0.1097819632  -0.0251099047
 6515  -0.0898138193  -0.2097822733  -0.0146410527   0.0418009076  -0.1253352305
 6516   0.0159887604   0.0584989062  -0.0743690146  -0.0399171613   0.0829158545
 6517  -0.0619051912  -0.0422953217  -0.0443948630  -0.0750451545   0.0119102621
 6518  -0.0129778892  -0.0583549484  -0.0035814985   0.0723566031  -0.0155611370
 6519   0.0053851824   0.0425226257   0.0114900237   0.0425592198   0.0309795156
 6520  -0.0046932680  -0.0276308906  -0.0093304583   0.0569664475  -0.0009061995
 6521   0.0333737021   0.0384068224   0.0128416538   0.0110244988  -0.0361181603
 6522   0.0294961253   0.0036566976  -0.0487763884  -0.1319197971   0.0282632356
 6523   0.0322233487   0.0551162307   0.0090722521  -0.0272915441   0.0124616586
 6524   0.0034674755   0.0006640176  -0.0101768912  -0.0189626055   0.0012885299
 6525   0.0739203668   0.0430537643   0.0153242839   0.0071698934   0.0529255674
 6526   0.1055399488   0.0347852310  -0.0480889010   0.0816203725  -0.0580568895
 6527   0.0115917879  -0.0319150138   0.0075716065   0.0048927051  -0.0239923553
 6528   0.0953108731  -0.0015089241  -0.0004197622  -0.0004598725  -0.0003750905
 6529  -0.0000422696   0.0004749756   0.0001826615  -0.0001515282  -0.0000465945
 6530   0.0000637837  -0.0005511654  -0.0002812153   0.0001185576   0.0000524646
 6531  -0.0000101997   0.0000685604   0.0000981118   0.0000315467   0.0000012106
 6532  -0.0000542718  -0.0002017949   0.0000758628  -0.0000259588  -0.0000106552
 6533  -0.0000134716   0.0000048367  -0.0000611288  -0.0000165352  -0.0000158300
 6534  -0.0000214014   0.0000250234  -0.0000247244   0.0000003648   0.0000243007
 6535   0.0000116494   0.0000135399  -0.0000322676   0.0000258764  -0.0000309730
 6536   0.0000001366  -0.0000016448   0.0000093931  -0.0000060777  -0.0000021700
 6537   0.0000034429   0.0000062709  -0.0000061008  -0.0000132445  -0.0000121497
 6538  -0.0000074175  -0.0000018883   0.0000035101   0.0000040215  -0.0000137314
 6539  -0.0000054195   0.0000235507  -0.0000184086   0.0000357483   0.0000000914
 6540   0.0000008279  -0.0000021995   0.0000082725   0.0000006836   0.0000025196
 6541   0.0000045376   0.0000018125  -0.0000015563   0.0000004256  -0.0000076723
 6542   0.0000205462   0.0000057492  -0.0000080881  -0.0000130670   0.0000079989
 6543   0.0000222097   0.0000118016  -0.0000064125   0.0000174568   0.0000050294
 6544  -0.0000466769  -0.0000046681   0.0000025145   0.0000018977   0.0000000418
 6545   0.0000015723   0.0000024414  -0.0000008770   0.0000015264  -0.0000002495
 6546  -0.0000000273  -0.0000002653  -0.0000002338  -0.0000001298   0.0000001114
 6547   0.0000008094  -0.0000004136   0.0000007443  -0.0000004029
 66 1   0.0836168065   0.1112903871  -0.1838667399   0.0037550318  -0.0176530411
 66 2   0.0984721299   0.0332982682   0.0663049515  -0.1425859321  -0.0441391586
 66 3   0.0272676535  -0.0221926494   0.1916896860  -0.0529018266  -0.0628231195
 66 4  -0.2504728141  -0.0419366427   0.1296480214  -0.0176345073   0.0223661038
 66 5  -0.0539801868  -0.0404002900  -0.0809924231  -0.2015765815  -0.1690530356
 66 6  -0.0248304093   0.0292081760   0.0840763592  -0.0336291201  -0.0115483554
 66 7   0.0894701331  -0.1531926987  -0.0542092330   0.0915146281  -0.0935535955
 66 8   0.0310741052  -0.1206312512   0.0303223528  -0.0213249620   0.0049098666
 66 9  -0.0748322122  -0.0167351512   0.0329629554   0.0092467626   0.0383372769
 6610   0.0440485609   0.0932166197  -0.0105233291  -0.0122799155  -0.0370915047
 6611  -0.0005763027  -0.0055320834  -0.0599788392  -0.0130767978   0.0249332118
 6612   0.0586105897  -0.0183679733  -0.0162305299   0.0317374828   0.0364944702
 6613  -0.0419914834  -0.0012843793  -0.0211212816   0.0124821403   0.0406022752
 6614  -0.0124813954   0.0766815562   0.0407156449   0.0448634033  -0.0503966249
 6615   0.0164841096  -0.1315801730   0.0411885050   0.0175897513  -0.0023899415
 6616  -0.0051584102   0.0281337022  -0.0232403102  -0.0087502057   0.0109483952
 6617  -0.0195578825  -0.0045712189  -0.0129314005  -0.0033359808   0.0023535002
 6618   0.0023111632  -0.0156623661  -0.0006710668   0.0062418424  -0.0068173324
 6619  -0.0001072487  -0.0007284330   0.0097957249   0.0044597061   0.0032505532
 6620   0.0080272969  -0.0062629968  -0.0028262966   0.0084868023  -0.0005637598
 6621   0.0061186248   0.0070846135   0.0057729919  -0.0026047999  -0.0230785289
 6622   0.0158151281  -0.0011906237  -0.0079564309  -0.0279240092   0.0071687483
 6623   0.0061298038   0.0086366213  -0.0002208956  -0.0017887482   0.0050295160
 6624   0.0002095982  -0.0003348615  -0.0028918428  -0.0049497264   0.0010234490
 6625   0.0121590840   0.0071204534   0.0027818596   0.0011148706   0.0045042176
 6626   0.0146178179   0.0040734508  -0.0102540369   0.0148487976  -0.0113258589
 6627   0.0007396091  -0.0014179747   0.0008301549   0.0016448006  -0.0024154304
 6628   0.0100414949  -0.0004857943   0.0004329594   0.0001512437  -0.0001804092
 6629   0.0002971115   0.0003816056   0.0002309113  -0.0001617042   0.0000451454
 6630   0.0000006109  -0.0000015507  -0.0001909497  -0.0000022603   0.0000032465
 6631  -0.0000048959  -0.0000178638   0.0000702788  -0.0000399214   0.0000012875
 6632  -0.0000130143  -0.0000228748   0.0000109302   0.0000107270  -0.0000033121
 6633  -0.0000191306   0.0000544833   0.0000248688  -0.0000038010  -0.0000167885
 6634  -0.0000154285   0.0000357509  -0.0000062259   0.0000215296   0.0000240726
 6635   0.0000178638   0.0000221603  -0.0000043828   0.0000219146  -0.0000376172
 6636  -0.0000027134  -0.0000028181   0.0000010995   0.0000057888   0.0000007055
 6637  -0.0000016435   0.0000004987   0.0000030362  -0.0000174161  -0.0000000773
 6638  -0.0000083802   0.0000059057  -0.0000104768   0.0000007965   0.0000109803
 6639  -0.0000160177   0.0000081815  -0.0000132005   0.0000263734   0.0000082951
 6640   0.0000014295  -0.0000010635   0.0000053884   0.0000000855  -0.0000002576
 6641   0.0000030638   0.0000104965  -0.0000103051   0.0000044537  -0.0000086017
 6642   0.0000254076   0.0000145724  -0.0000049207  -0.0000086733   0.0000028633
 6643   0.0000363180   0.0000154175  -0.0000158751   0.0000100451  -0.0000043800
 6644  -0.0000366791  -0.0000051960   0.0000052449  -0.0000035811  -0.0000012620
 6645  -0.0000025905   0.0000016853  -0.0000019234   0.0000019291   0.0000004131
 6646   0.0000000246  -0.0000001653  -0.0000007991  -0.0000004691  -0.0000009312
 6647   0.0000003140   0.0000004138   0.0000002242  -0.0000007635
 67 1   0.0375322486   0.0017369369   0.0171508656  -0.0958145511   0.0066386927
 67 2  -0.0529610533   0.1296873143   0.0598761445   0.0071090715   0.0292978971
 67 3   0.0081210104   0.0110094134  -0.0082251873   0.0184624238   0.0031927688
 67 4   0.0636622286   0.0358573916  -0.0498893873  -0.0368450017   0.1403542917
 67 5  -0.0703588099   0.0174185942  -0.0205968830   0.0754670713  -0.1007099758
 67 6   0.0555276451   0.0471303167   0.0209995040   0.0252873441   0.0382840442
 67 7  -0.0331467832  -0.0361934437  -0.0231551548   0.0180755084   0.0611729442
 67 8  -0.0912780053   0.0105967197  -0.0062478165  -0.0245913692   0.0383071754
 67 9  -0.0873636769   0.0099167530   0.0283485975  -0.0129697044  -0.0078739187
 6710  -0.0434960725   0.0196608467  -0.0245681321   0.0964526387   0.0234618345
 6711   0.0119364153   0.0230923266   0.0322107814   0.0628277577  -0.0261842146
 6712  -0.0089631989   0.0156826732  -0.0540601428  -0.0109412768   0.0119265623
 6713  -0.0254463004  -0.0067784363   0.0047047966  -0.0139228283   0.0224217297
 6714  -0.0226211338   0.1262648069   0.0057803674  -0.0042841069  -0.0057126815
 6715   0.0394923734   0.0020588574   0.0175967490   0.0175593775   0.0274753777
 6716  -0.0114199312   0.0389074081   0.0082992950   0.0192357791   0.0118490588
 6717   0.0420263810   0.0026414991   0.0098175338   0.0359717766  -0.0105066493
 6718   0.0104515175   0.0372580266  -0.0418384805  -0.0906019820  -0.0147913550
 6719  -0.0332322506  -0.0808482719   0.0361065367   0.0049239513  -0.0224001422
 6720   0.0715089345  -0.0302325606   0.0118768580  -0.0550853811  -0.0161181182
 6721  -0.0671522825  -0.0250890272  -0.0105374611  -0.0855736269  -0.1628296914
 6722   0.1365361019  -0.0229539938  -0.0151323321  -0.0424310173   0.0392856769
 6723   0.0717882760  -0.0139507161  -0.0179364744  -0.0101359225  -0.0151510135
 6724   0.0191348752   0.0047603777  -0.0236089075   0.0468676675   0.0201999400
 6725   0.0037053360   0.0866860720  -0.0060188311  -0.0414316614  -0.0253253587
 6726   0.0088141955   0.2330572789   0.1785545817  -0.0700751800  -0.2264608615
 6727  -0.0729238818  -0.0984294326   0.0032946181  -0.0319289691  -0.0237543957
 6728  -0.0157692233  -0.0009276722   0.0002092947   0.0000941987  -0.0001692758
 6729  -0.0003721411   0.0000053196   0.0000241371   0.0000279199   0.0000321479
 6730  -0.0000194212   0.0002462952   0.0000014762  -0.0000276378  -0.0000588730
 6731  -0.0000116377   0.0000516170  -0.0000205891   0.0000078101   0.0000210093
 6732   0.0000041316   0.0000177998  -0.0000465985  -0.0000169133  -0.0000351180
 6733  -0.0000038082  -0.0000280840  -0.0000059127  -0.0000020570   0.0000124231
 6734  -0.0000067809   0.0000171624  -0.0000158350  -0.0000205239  -0.0000100216
 6735  -0.0000031899   0.0000011131  -0.0000058064  -0.0000063046   0.0000036528
 6736  -0.0000048259  -0.0000061572  -0.0000140484  -0.0000079984  -0.0000083983
 6737  -0.0000018731  -0.0000006109  -0.0000003666  -0.0000054149  -0.0000022725
 6738  -0.0000022951  -0.0000021877   0.0000021565  -0.0000099305  -0.0000068113
 6739   0.0000051797  -0.0000026857   0.0000003371   0.0000141887  -0.0000020270
 6740  -0.0000047351   0.0000046147  -0.0000000902  -0.0000038695   0.0000007123
 6741  -0.0000002374   0.0000006623  -0.0000009704   0.0000018609  -0.0000018369
 6742   0.0000017950  -0.0000007630  -0.0000055189   0.0000001877  -0.0000059074
 6743  -0.0000063619   0.0000138475  -0.0000015001  -0.0000046527   0.0000088825
 6744  -0.0000015707  -0.0000012130  -0.0000027933   0.0000018120   0.0000006376
 6745   0.0000009797   0.0000008388   0.0000001472  -0.0000009027  -0.0000002261
 6746  -0.0000000765   0.0000000414   0.0000000464   0.0000000481  -0.0000003022
 6747  -0.0000004613  -0.0000002549  -0.0000004244   0.0000000524
 68 1   0.0328302476  -0.0054792114   0.0060183318   0.0239235723   0.0861150473
 68 2   0.0414851073  -0.0596270908  -0.0108862415   0.0062799888   0.0637324101
 68 3   0.0057191989   0.0187423552  -0.0022174083   0.0003607821  -0.0089030977
 68 4  -0.0170803029   0.0342366860  -0.0163200415  -0.0177746392   0.0133218591
 68 5  -0.0182858652   0.0532655817  -0.0076086346   0.0640268221  -0.0147022993
 68 6   0.0909094175  -0.0115605390   0.0016023700  -0.0352550550  -0.0283728372
 68 7  -0.1270288054   0.0207233564  -0.0517389154  -0.0390522407  -0.0904875373
 68 8  -0.0144993663  -0.1217019357   0.1249202741  -0.0245748364  -0.0703565859
 68 9  -0.1303608874   0.0082152988  -0.0549235633   0.0305590288  -0.0401277834
 6810   0.0080607696   0.0860644207  -0.0581859833  -0.0766207667  -0.0229846298
 6811  -0.0273953475  -0.0428101630  -0.0741207124   0.0001122200  -0.0082460117
 6812   0.1234202673  -0.1067949026   0.0274064881   0.0125760557  -0.1091523626
 6813   0.1185442989   0.1271572349  -0.0476488661   0.0084026158   0.0221797005
 6814  -0.1190266308  -0.0355803577  -0.0865343608  -0.0345471313  -0.0818132716
 6815   0.0898618678   0.1596009988  -0.0811873992  -0.0542213004   0.0764008946
 6816   0.0073446790  -0.0199843635   0.0172813568   0.0121528810   0.0022304826
 6817   0.1288173819  -0.0211575370   0.0757073941  -0.0444802480  -0.0075499754
 6818   0.0173338274  -0.0330089319  -0.0073666066  -0.0100380809  -0.0059948025
 6819   0.0153520360  -0.0604839257   0.0131784579  -0.0402354858  -0.0286657855
 6820   0.0156835408  -0.0413609532  -0.0072554464   0.0820267322   0.0609489900
 6821  -0.0071344175   0.0955219992  -0.0488305959   0.0223594693  -0.0894299413
 6822  -0.0261035494   0.0652281976   0.0353477555  -0.0362639275  -0.0501073201
 6823  -0.0756317954   0.0329531434   0.0161065685  -0.0055693662  -0.0066445525
 6824   0.0028036621   0.0081586506  -0.0023239246   0.0085420063  -0.0023119896
 6825   0.0841032349  -0.0133493969   0.0051802473  -0.0275571729   0.0399648563
 6826   0.0798935234   0.0119589208   0.0250750641  -0.1037713529   0.0999027909
 6827  -0.0413451210  -0.0244315614   0.0172991230   0.0345516618  -0.0444695760
 6828  -0.0716625854  -0.0008204530   0.0000837052  -0.0001474264   0.0002273114
 6829   0.0000453301   0.0001598739   0.0000566816  -0.0000136591  -0.0000152201
 6830  -0.0000105837  -0.0002449882  -0.0001066836   0.0000962791   0.0000579188
 6831  -0.0000120785   0.0000342525   0.0000385175   0.0000106784   0.0000007396
 6832   0.0000005258  -0.0000623032   0.0000212482  -0.0000021246  -0.0000245299
 6833  -0.0000128090   0.0000042799  -0.0000171900  -0.0000018864  -0.0000103507
 6834  -0.0000094239   0.0000079563  -0.0000004112  -0.0000200233   0.0000094854
 6835   0.0000050306   0.0000078598  -0.0000000820   0.0000144501  -0.0000244876
 6836   0.0000023980  -0.0000027390   0.0000007482   0.0000094090   0.0000002223
 6837   0.0000058319   0.0000055765  -0.0000031937  -0.0000083764  -0.0000102989
 6838  -0.0000058070  -0.0000003310  -0.0000085700   0.0000010087   0.0000019861
 6839  -0.0000065416   0.0000175035  -0.0000183190   0.0000188798  -0.0000067334
 6840   0.0000023438   0.0000000522   0.0000111745  -0.0000006466   0.0000006582
 6841   0.0000014265   0.0000027633   0.0000010839  -0.0000036593  -0.0000022389
 6842   0.0000133937   0.0000075603  -0.0000018872  -0.0000046093  -0.0000051446
 6843   0.0000120342   0.0000028921  -0.0000012306   0.0000111695   0.0000022460
 6844  -0.0000204897  -0.0000028021   0.0000004812  -0.0000043725   0.0000010499
 6845  -0.0000023459   0.0000010569   0.0000004222   0.0000005136   0.0000004319
 6846  -0.0000000735   0.0000004795  -0.0000002520   0.0000001137   0.0000006445
 6847   0.0000003197  -0.0000001732   0.0000007021  -0.0000001921
 69 1   0.0319677667  -0.0199670467  -0.0468303379  -0.1549935262   0.0036135135
 69 2   0.0706733144   0.0410485506   0.0148848048  -0.1724323282  -0.0447524681
 69 3   0.0095181617  -0.1113237928  -0.1076518601  -0.0734846266   0.1052159554
 69 4   0.2099067361  -0.1964485073   0.0420395781  -0.0126631069  -0.0096196734
 69 5  -0.0497137876  -0.0547651679  -0.0083756416  -0.0851302549  -0.0439842044
 69 6  -0.0982456879   0.0621799945  -0.0665802357  -0.0269754775   0.0616317876
 69 7   0.0781486979  -0.0952658720  -0.0406247420   0.0941359973   0.1492180784
 69 8   0.0876391151   0.1410438924   0.0528323884   0.0017145724   0.0289984692
 69 9  -0.0053536721  -0.0130842514   0.0062553237  -0.0248740989   0.0613017394
 6910   0.0739855910   0.0634709900   0.0715431236   0.0115670790  -0.0143596657
 6911   0.0107939626   0.0418392616   0.0331723607   0.0745723491  -0.0324607214
 6912  -0.0467558694   0.0090453963  -0.0208537158  -0.0008641158   0.0002199347
 6913  -0.0034407418  -0.0200177029  -0.0109335547   0.0381479270   0.0199408200
 6914   0.0044676261   0.0031014256   0.0077793269  -0.0572308498  -0.0039934124
 6915  -0.0107756372  -0.0665371272  -0.1344971756  -0.0468304366  -0.0190846990
 6916   0.0106822032  -0.0321131010  -0.0103205637   0.0443199253  -0.1002633343
 6917   0.0526358846  -0.0032631610   0.0386954967  -0.0071239492  -0.0191104787
 6918   0.0395363770  -0.0117944473  -0.0082520770   0.0568702316  -0.0186728305
 6919   0.0168409781  -0.0368143131  -0.0082690011  -0.0112193114  -0.0166709231
 6920  -0.0094471157  -0.0177103596  -0.0078962550   0.0457255473   0.0128076870
 6921  -0.0045361154   0.0512556930  -0.0344947724   0.0111841850  -0.0070976149
 6922  -0.0277563241   0.0221694028   0.0093566131   0.0036421443  -0.0306906797
 6923  -0.0294720987   0.0101344854   0.0069325586  -0.0034116090  -0.0022004462
 6924  -0.0017337937   0.0020267694   0.0021756665   0.0086845101  -0.0026644867
 6925   0.0152420088  -0.0070948362   0.0017067622  -0.0013227208   0.0087817035
 6926   0.0122626814  -0.0129413286  -0.0072521540  -0.0122852135   0.0356758447
 6927  -0.0010583493   0.0036797873   0.0023417973   0.0073981885  -0.0039335133
 6928  -0.0069577141  -0.0002207800   0.0000605094   0.0001507067   0.0001263728
 6929   0.0001356589   0.0000720905   0.0001093774   0.0000279542  -0.0000162875
 6930  -0.0000015994   0.0003410624   0.0000706260  -0.0001051806  -0.0000638756
 6931   0.0000308105  -0.0000369849  -0.0000474580  -0.0000083695  -0.0000365950
 6932   0.0000291760  -0.0000037669   0.0000189059  -0.0000046809   0.0000168906
 6933   0.0000151245   0.0000008878   0.0000343078   0.0000005063  -0.0000029986
 6934  -0.0000046851   0.0000003432  -0.0000013573   0.0000210820   0.0000240806
 6935   0.0000070239   0.0000088702  -0.0000166761   0.0000038845  -0.0000030199
 6936  -0.0000005006   0.0000007044  -0.0000053219  -0.0000138857   0.0000065131
 6937  -0.0000130282  -0.0000023698   0.0000013321   0.0000026684   0.0000051918
 6938  -0.0000038196   0.0000035738   0.0000024316   0.0000066579   0.0000025871
 6939  -0.0000092967   0.0000041221   0.0000060555  -0.0000032324   0.0000014557
 6940   0.0000035614   0.0000025163   0.0000049615   0.0000016989  -0.0000012347
 6941   0.0000035214   0.0000003157  -0.0000052383   0.0000052460  -0.0000006086
 6942   0.0000075243   0.0000068244  -0.0000034000  -0.0000059181  -0.0000002800
 6943   0.0000208017   0.0000071492   0.0000000768  -0.0000132695   0.0000124365
 6944   0.0000158088   0.0000002070   0.0000038152  -0.0000000843  -0.0000012508
 6945  -0.0000007273  -0.0000000416  -0.0000008560   0.0000010872   0.0000002744
 6946   0.0000002181   0.0000001206  -0.0000002891  -0.0000002845  -0.0000013647
 6947   0.0000001896   0.0000002395  -0.0000000305   0.0000000551
 70 1   0.0118929558  -0.0015675319   0.0146046111  -0.1102011701   0.0076960663
 70 2  -0.0543753201   0.1301287391   0.0574337447   0.0056558960   0.0292133254
 70 3  -0.0020591070   0.0253014563  -0.0058584946   0.0366809156  -0.0104150920
 70 4   0.0388503148   0.0699138631  -0.0563115111  -0.0320543644   0.1655517420
 70 5  -0.0859222392   0.0200364440  -0.0234416709   0.0833996247  -0.1121435555
 70 6   0.0789928640   0.0483730892   0.0220543359   0.0453596526   0.0168283245
 70 7  -0.0715599398  -0.0387255477   0.0036320072   0.0553835227  -0.0035791483
 70 8  -0.1115274701   0.0302132508  -0.0201334371  -0.0293192085  -0.0318985254
 70 9  -0.1337101522   0.0111012171   0.0113044410  -0.0376278460  -0.0179546212
 7010  -0.0546088339   0.0695143623  -0.0851596700   0.2186101710  -0.0171307723
 7011   0.0233866064  -0.0716076383   0.0369474425   0.1041252468  -0.0919297790
 7012  -0.0246648890  -0.0179333244  -0.1030080408   0.0208166070   0.0413760516
 7013  -0.0827525292   0.0249407225   0.0336072219  -0.0506835274   0.0450763530
 7014   0.0002755978   0.2889573771   0.0167261810   0.0014783456  -0.0147957405
 7015   0.0307709314   0.0522799672   0.0302152279  -0.1028127405   0.0099614018
 7016  -0.0041909455  -0.0288705041   0.0080384682  -0.0240739233   0.0577321070
 7017  -0.0329931256  -0.0249629142  -0.0241576035  -0.0105805829   0.0261681353
 7018  -0.0507037361  -0.0343352574   0.0180970776   0.0487800027   0.0314981252
 7019  -0.0210216584   0.0615627558  -0.0237160348   0.0283456648   0.0186727995
 7020  -0.0546275740  -0.0240311509  -0.0101228772   0.0635409992   0.0335789591
 7021  -0.0510625494   0.0196776750   0.0399023708   0.0411998772   0.1457166015
 7022  -0.1313617836   0.0346505213   0.0511690600   0.0300288001  -0.0205757057
 7023  -0.0256370897   0.0050468939   0.0136746174   0.0135383178   0.0069372852
 7024  -0.0169106702  -0.0056951307   0.0168825241  -0.0276113888  -0.0130605639
 7025   0.0109551474  -0.0301734454   0.0035703372   0.0078028560   0.0170588281
 7026   0.0105993718  -0.0924518222  -0.0530876196  -0.0102992634   0.1065647330
 7027   0.0066861978   0.0362090263   0.0011848692   0.0174616541  -0.0038746076
 7028   0.0398705816  -0.0003005122  -0.0001871447  -0.0000030252   0.0003735863
 7029  -0.0002011991  -0.0002023197  -0.0001033105   0.0000612262  -0.0000467521
 7030   0.0000201318  -0.0001299913   0.0000295881  -0.0000326220   0.0000763499
 7031   0.0000088088  -0.0000416070  -0.0000159985   0.0000134997  -0.0000115239
 7032   0.0000154676   0.0000452805  -0.0000167920   0.0000195905   0.0000177810
 7033   0.0000299870   0.0000076998   0.0000200392  -0.0000039524   0.0000035388
 7034   0.0000123642  -0.0000233650   0.0000015716   0.0000103052  -0.0000213329
 7035  -0.0000096014  -0.0000111886   0.0000096864  -0.0000178633   0.0000252696
 7036  -0.0000005942   0.0000082466   0.0000130842   0.0000033629   0.0000043460
 7037  -0.0000006274  -0.0000005072   0.0000014957   0.0000067402  -0.0000022707
 7038   0.0000070625   0.0000003743  -0.0000037270   0.0000059757   0.0000029604
 7039   0.0000060389  -0.0000083151   0.0000108274  -0.0000122119   0.0000042639
 7040  -0.0000009928  -0.0000017713  -0.0000078565   0.0000012859  -0.0000012963
 7041   0.0000053989  -0.0000033597   0.0000008068  -0.0000087203   0.0000008801
 7042  -0.0000179806  -0.0000087746   0.0000026227   0.0000027026   0.0000022792
 7043  -0.0000188241  -0.0000130982   0.0000075041   0.0000098616   0.0000058704
 7044   0.0000110064   0.0000050635  -0.0000007675  -0.0000008063   0.0000007436
 7045   0.0000001055  -0.0000017710   0.0000007062  -0.0000003679  -0.0000000876
 7046   0.0000001111  -0.0000003302   0.0000000703   0.0000000128  -0.0000003280
 7047  -0.0000001417  -0.0000000532  -0.0000005086   0.0000000758
 71 1   0.0319760015   0.0157066905   0.0232628135   0.0451615863   0.0743207655
 71 2   0.0798554094  -0.0866104168  -0.0343332463   0.0049705741   0.0853247191
 71 3  -0.0082561298   0.0146131986   0.0020732492  -0.0119918649   0.0032162603
 71 4   0.0184974619   0.0026197519   0.0188156550  -0.1404549738  -0.0943323849
 71 5  -0.0215439269   0.0421005499  -0.0498859167   0.0097001341  -0.0427682078
 71 6   0.0431331626   0.0070917652   0.0030203762   0.0181498378   0.0424471787
 71 7   0.0504958431  -0.0145114945  -0.0914612245  -0.1106205031   0.1393850042
 71 8  -0.0437022482  -0.0717814942   0.0206319790  -0.0894425772   0.1220097144
 71 9  -0.0505269745   0.0010670915  -0.0745952787  -0.0283118197   0.0266909464
 7110  -0.0037642028  -0.0004336557  -0.0002721660   0.1229327972  -0.0368017483
 7111   0.0351789902   0.0730454263   0.0330262680   0.0291801254  -0.1073587196
 7112  -0.0300422887  -0.0543697824   0.0197559299   0.0603921839   0.0390747304
 7113   0.0015480992   0.0282142118  -0.0033200392   0.0667078762  -0.0034021963
 7114   0.1449516954  -0.1821017915   0.0063980571  -0.1379273916   0.0885703240
 7115   0.0663645584  -0.1024216655  -0.0031373157  -0.0437268348  -0.0784492983
 7116  -0.0179177142   0.0360948206  -0.0122757717  -0.0372637001   0.0478585110
 7117   0.0613757038  -0.0391867036   0.0081213957   0.0630146555   0.0134393388
 7118  -0.1077076555  -0.0123155518  -0.0166736343  -0.0370650804   0.0289056969
 7119  -0.0137382679  -0.0005403484   0.0324574809   0.0307296185   0.0153280273
 7120   0.0124068731  -0.0304355930   0.0065917978  -0.0582469340  -0.0136321378
 7121   0.0350026244   0.0183236033  -0.0111634116   0.0207033010   0.0730222398
 7122  -0.0289982567  -0.0418765567  -0.0395823734   0.0000246046  -0.0074294463
 7123  -0.0120778609   0.0498925203  -0.0006075911  -0.0050938020  -0.0132567513
 7124   0.0184926706   0.0275757583  -0.0311992548   0.0563850565   0.0173433030
 7125   0.0846632689  -0.0276369865  -0.0198653857  -0.0584348037  -0.0388248580
 7126   0.0112184591  -0.1226931950   0.0318998270  -0.0442416502   0.0797556218
 7127  -0.0151961984   0.0415284873   0.0000451752   0.0144158414  -0.0140524988
 7128   0.1611123439  -0.0013819602   0.0000759362  -0.0001713349  -0.0000953058
 7129   0.0000456089   0.0000477701  -0.0000139429  -0.0000599887  -0.0000555234
 7130   0.0000437809  -0.0002838875  -0.0001800849   0.0000223577  -0.0000236236
 7131  -0.0000090145   0.0000630440   0.0001013206   0.0000456565   0.0000214541
 7132  -0.0000309180  -0.0000747006   0.0000046377  -0.0000005525  -0.0000256310
 7133   0.0000109201   0.0000133996  -0.0000340304   0.0000016789  -0.0000278973
 7134  -0.0000096522  -0.0000069018  -0.0000136611  -0.0000237176   0.0000066885
 7135   0.0000004389   0.0000013580  -0.0000042703   0.0000060846  -0.0000059346
 7136   0.0000027689  -0.0000053699  -0.0000061641  -0.0000004167  -0.0000025323
 7137   0.0000047515   0.0000075158  -0.0000026305  -0.0000137800  -0.0000144824
 7138  -0.0000058700   0.0000040335  -0.0000030527   0.0000010382   0.0000043975
 7139  -0.0000030970   0.0000177393  -0.0000133744   0.0000325159  -0.0000041805
 7140   0.0000003003   0.0000027989   0.0000036114   0.0000035558   0.0000008668
 7141   0.0000080800   0.0000047186  -0.0000027311  -0.0000045467  -0.0000137676
 7142   0.0000039558  -0.0000016694  -0.0000087886  -0.0000033667  -0.0000078568
 7143  -0.0000046892   0.0000032522   0.0000013519   0.0000214621   0.0000061630
 7144  -0.0000303817  -0.0000005795  -0.0000005234  -0.0000042469   0.0000018151
 7145  -0.0000021362   0.0000005584   0.0000003877   0.0000003800  -0.0000001289
 7146  -0.0000000579   0.0000008879  -0.0000003177  -0.0000002215  -0.0000001967
 7147   0.0000001659   0.0000002149   0.0000002052  -0.0000001860
 72 1  -0.0269846390  -0.0115927775  -0.0232667954  -0.2311141087   0.0251691777
 72 2   0.0428320001   0.0490809336  -0.0371270202  -0.2028243917  -0.0455718322
 72 3  -0.1293185692   0.0683113649  -0.0518421357   0.1122417392  -0.0458044353
 72 4  -0.0851108304   0.0595724318  -0.0378423252   0.0236801565  -0.0315577230
 72 5  -0.0232946142  -0.0275940766  -0.0009804852  -0.0772748210   0.0557276118
 72 6  -0.0624300826  -0.0534602863  -0.0348219265   0.0070890129  -0.0805883234
 72 7  -0.0027998044  -0.0137905984   0.0329732712   0.0494541104  -0.0543982569
 72 8   0.0926381694   0.0595263881  -0.0247092243   0.0678280960  -0.0945823878
 72 9   0.0563529058  -0.0010552943   0.0133129516   0.0030042491   0.0185154385
 7210   0.0071784034   0.0287083353  -0.0343088075  -0.0773422484  -0.0051637226
 7211  -0.0055146372   0.0003109911  -0.0124498865  -0.0367094406   0.0534981681
 7212  -0.0075695114   0.0300087275   0.0244882149  -0.0278679730  -0.0368101745
 7213  -0.0001382086   0.0415285962  -0.0087675698  -0.0191932021  -0.0044905072
 7214  -0.0617250798   0.0739418534  -0.0362237823  -0.0585782401  -0.0732031734
 7215   0.0050685649  -0.0280548170  -0.1064857496  -0.0306296528   0.0312991757
 7216  -0.0059128480  -0.0303069083   0.0095363539   0.0121168135  -0.0198913461
 7217   0.0526877586  -0.0289409454   0.0173560157   0.0486329611   0.0065074717
 7218  -0.1258060877  -0.0199306239  -0.0077635717  -0.0371666910   0.0173643569
 7219   0.0449779839   0.0085951215   0.0184622507   0.0382426038   0.0255059518
 7220   0.0074062005   0.0287109669   0.0041242703  -0.0730193456  -0.0458850279
 7221   0.0839095721   0.0261563538  -0.0461297685   0.0163704710   0.0302032521
 7222   0.0039720412  -0.0327055780  -0.0642446315   0.0008159188  -0.0094706657
 7223  -0.0221783980   0.0371221640  -0.0026278447  -0.0099445996  -0.0110317436
 7224   0.0159200343   0.0195405054  -0.0183045948   0.0346396369   0.0135469960
 7225   0.0359470704  -0.0092054263  -0.0104453510  -0.0235863557  -0.0179917687
 7226   0.0015368609  -0.0399243174   0.0162810918  -0.0071027097   0.0093855666
 7227  -0.0012373674   0.0108277702  -0.0003201016   0.0026144681  -0.0033384047
 7228   0.0401310172  -0.0002112083  -0.0003497140   0.0004976935   0.0004819203
 7229  -0.0005279083  -0.0001306583   0.0001316640   0.0004240758   0.0000874130
 7230   0.0000863956   0.0002079240   0.0000415933  -0.0001053776  -0.0000061890
 7231   0.0000166440  -0.0000187164  -0.0000759722   0.0000309620  -0.0000432201
 7232   0.0000503417   0.0000017810   0.0000302438   0.0000196787  -0.0000068615
 7233   0.0000320475  -0.0000057004   0.0000233293   0.0000064365   0.0000355487
 7234   0.0000404584   0.0000012569   0.0000279948   0.0000097949  -0.0000211091
 7235  -0.0000258483  -0.0000257901  -0.0000119554  -0.0000106827   0.0000493431
 7236   0.0000028537   0.0000055177   0.0000032853  -0.0000049359   0.0000052835
 7237   0.0000008965  -0.0000037404  -0.0000002585   0.0000022765  -0.0000004179
 7238  -0.0000025209  -0.0000127658   0.0000088310   0.0000141316  -0.0000005467
 7239  -0.0000092343  -0.0000210305   0.0000068913   0.0000004953  -0.0000093530
 7240   0.0000030140   0.0000080525  -0.0000070944  -0.0000146041  -0.0000023507
 7241   0.0000014920   0.0000016517   0.0000026223  -0.0000129545   0.0000091705
 7242  -0.0000352993  -0.0000179724   0.0000054773   0.0000225434  -0.0000027190
 7243  -0.0000267739  -0.0000114163   0.0000330944  -0.0000090463   0.0000045008
 7244   0.0000001393   0.0000058794   0.0000002479   0.0000042105  -0.0000014976
 7245   0.0000027742  -0.0000014267  -0.0000008299  -0.0000000058   0.0000005785
 7246   0.0000001799  -0.0000004490  -0.0000000917   0.0000003687   0.0000004997
 7247  -0.0000003153   0.0000000873   0.0000000196  -0.0000001386
 73 1  -0.0443661676  -0.0108966350  -0.0228220398   0.0023363644  -0.0132664260
 73 2   0.0377448253   0.0435321288  -0.0639697619  -0.0188607430   0.1047359646
 73 3  -0.0022837050   0.0176944636   0.0181862296  -0.0142261663  -0.0066863756
 73 4   0.0382178576   0.0355884032   0.1482840399   0.0801216561   0.1243206368
 73 5  -0.0220463762  -0.0728808104   0.0799109266   0.0598209263   0.0880926929
 73 6  -0.0601989951   0.1207414494   0.1325859602   0.0706443470  -0.0677259370
 73 7   0.0533367508  -0.0308086954   0.0545476298  -0.0709682904   0.0738546380
 73 8   0.1259140192  -0.0420510939  -0.0474969660   0.0521183673   0.0258060076
 73 9  -0.0882355942  -0.0081397101  -0.1961181403  -0.0070573621  -0.1095883351
 7310  -0.0647524437   0.0195025122   0.1439332737  -0.0536810895  -0.0498648815
 7311   0.0078999961  -0.0356547119  -0.1696199472   0.0398042620   0.0056371691
 7312   0.1067221670   0.0536961070  -0.0902199454  -0.0854665460  -0.0004300060
 7313   0.1223015681  -0.0725539141   0.0554363325  -0.0247740394  -0.0196677439
 7314   0.1200353645   0.0406145211  -0.0054470556  -0.0461412798  -0.0678882509
 7315   0.0158963520  -0.0015638073  -0.0252032614   0.0038767439   0.0844953066
 7316   0.0036575021   0.0457346339  -0.0373011422   0.0337018124  -0.0579029706
 7317  -0.0202334524   0.0524288774  -0.0084176588   0.0421282773   0.0183195185
 7318   0.0100906228  -0.0596171760   0.0546774251  -0.0559254793   0.0754966926
 7319  -0.0000447582  -0.0000097173   0.0418393358  -0.0039597434  -0.0056869290
 7320  -0.0600740659  -0.0193228276  -0.0016201660   0.0278987551  -0.0768728725
 7321  -0.0669217788   0.0570006478  -0.0903272463  -0.0867516938  -0.0098208196
 7322   0.0026977259  -0.0539627423   0.0056516352  -0.0166808782   0.1503809080
 7323  -0.0450376543   0.0196017068   0.0058652521  -0.0158062364  -0.0044397791
 7324   0.0014973950  -0.0051455599   0.0142268654  -0.0052426011  -0.0111748121
 7325  -0.0026134493   0.0021583551  -0.0012960006  -0.0071657596  -0.0069167206
 7326  -0.0052342958  -0.0022848967   0.0091985938  -0.0027532559  -0.0003128780
 7327   0.0041250323  -0.0106852142   0.0019375560   0.0053591183   0.0096003165
 7328   0.0025528104  -0.0003802024   0.0004677560  -0.0000727271   0.0000966830
 7329   0.0003160081   0.0000956120   0.0000215574  -0.0000360411  -0.0000260510
 7330  -0.0000296653   0.0000254457  -0.0000930050   0.0000118719  -0.0000165381
 7331   0.0000179360  -0.0000237396   0.0000097067  -0.0000567166  -0.0000148105
 7332   0.0000027208  -0.0000210864  -0.0000179446   0.0000117689   0.0000182179
 7333  -0.0000160694   0.0000450121   0.0000105042  -0.0000024651  -0.0000048076
 7334  -0.0000044683  -0.0000074039   0.0000143825   0.0000017727   0.0000109467
 7335   0.0000260940   0.0000124344  -0.0000054779   0.0000223193  -0.0000247018
 7336  -0.0000001084  -0.0000102112  -0.0000075729   0.0000042493  -0.0000018115
 7337  -0.0000022006   0.0000064533   0.0000010812   0.0000069564   0.0000024586
 7338  -0.0000037923   0.0000086548  -0.0000093558  -0.0000079705   0.0000044637
 7339   0.0000116315   0.0000070195   0.0000008989  -0.0000094241   0.0000069398
 7340   0.0000051426  -0.0000023318   0.0000184508   0.0000039508  -0.0000026553
 7341   0.0000022947   0.0000033808   0.0000003016   0.0000054410  -0.0000013429
 7342   0.0000204083   0.0000129111   0.0000042439  -0.0000047436  -0.0000027556
 7343   0.0000268944  -0.0000004928  -0.0000117547   0.0000024292  -0.0000085773
 7344   0.0000233011  -0.0000053646   0.0000004186  -0.0000018966  -0.0000019694
 7345  -0.0000015454   0.0000012262  -0.0000013059  -0.0000002066   0.0000003057
 7346  -0.0000003965   0.0000002965  -0.0000001475   0.0000000860   0.0000004348
 7347  -0.0000003019  -0.0000001340   0.0000008078  -0.0000000233
 74 1   0.0504335150   0.0210959532  -0.0245362177   0.0242513046   0.1283183743
 74 2  -0.0293538559   0.0716270912   0.0937403096  -0.0168351676  -0.0523878426
 74 3   0.0157139970  -0.0082593862  -0.0036516440   0.0275813961   0.0138821795
 74 4   0.0378770917   0.0088721984   0.0412173832  -0.0686603728  -0.1507544660
 74 5   0.2132588898   0.1195143904  -0.1398515792  -0.0382206072   0.0750758927
 74 6  -0.2252678858  -0.1473931485  -0.0729948959   0.0306526641   0.1548163257
 74 7  -0.2516772361  -0.0268837455  -0.1178000262   0.1063751849  -0.1666670673
 74 8  -0.2451280314   0.0651195346  -0.0346116429  -0.0017774724   0.0756894132
 74 9   0.0984092986  -0.0406676255  -0.0643153238  -0.0135305539   0.0711359547
 7410  -0.0678774479  -0.0283193938  -0.0655562185  -0.1108566663  -0.0372312353
 7411   0.0170215339   0.0990173840  -0.0072610423   0.0159747969  -0.0250321977
 7412   0.0416753957   0.0316001938  -0.0536006046  -0.0380127845   0.0168598635
 7413   0.0667189989   0.0760864456   0.0012978240   0.0120363955  -0.0111997209
 7414   0.0610862497   0.0293435061  -0.0072528544   0.0613589474  -0.0333043340
 7415   0.0021924203   0.0159948641   0.0182082931   0.0000409399   0.0247322805
 7416   0.0254833363  -0.0022832891  -0.0238253938   0.0213970584  -0.0296912768
 7417   0.0525939671   0.0015456420  -0.0528565730   0.0141664385   0.0318977586
 7418   0.0043238707   0.0451356419   0.0520314724  -0.0340094902   0.0295928958
 7419   0.0114987077  -0.0086129028   0.0147492077   0.0012251884  -0.0035885825
 7420  -0.0253475573  -0.0237327104   0.0002257703   0.0222325564  -0.0421860300
 7421   0.0027043520   0.0370530036  -0.0062342484  -0.0403760273   0.0102233245
 7422   0.0202009041  -0.0212761723   0.0023583689  -0.0184080189   0.0822029118
 7423  -0.0300245920   0.0081131840   0.0011146378   0.0034367858   0.0001488040
 7424   0.0003918676  -0.0013050303   0.0073672712  -0.0068689137  -0.0050150016
 7425  -0.0071471963  -0.0003325332  -0.0004563879  -0.0026460674  -0.0050794437
 7426  -0.0025919794  -0.0080271704  -0.0069344686  -0.0149851684  -0.0019402257
 7427   0.0022686185  -0.0055422685   0.0002806023   0.0012186608   0.0060166074
 7428   0.0010286496  -0.0004968164   0.0004683022  -0.0001367059  -0.0006272314
 7429   0.0001548698   0.0004998674   0.0002424825  -0.0004817835  -0.0000394235
 7430  -0.0000797276   0.0003738617   0.0001429050  -0.0000467715  -0.0002057071
 7431   0.0000036270   0.0000860861   0.0000183300  -0.0000283722   0.0000408016
 7432  -0.0000837457  -0.0000064426  -0.0000408100  -0.0000002571  -0.0000434735
 7433   0.0000064503  -0.0000207419  -0.0000382223   0.0000261965  -0.0000155448
 7434  -0.0000410358   0.0000325956  -0.0000285651  -0.0000491040   0.0000049759
 7435   0.0000191271   0.0000188443  -0.0000119834  -0.0000066471  -0.0000175815
 7436  -0.0000044971  -0.0000104802  -0.0000163642   0.0000040117  -0.0000167740
 7437   0.0000050708  -0.0000095017  -0.0000029602  -0.0000296035  -0.0000173513
 7438  -0.0000082910   0.0000087480  -0.0000048251  -0.0000193826  -0.0000079067
 7439  -0.0000248467   0.0000140474  -0.0000152179   0.0000609326  -0.0000157244
 7440  -0.0000055544   0.0000017980  -0.0000051652  -0.0000029032   0.0000009756
 7441  -0.0000063043   0.0000029415  -0.0000026665   0.0000004476  -0.0000036426
 7442   0.0000227463   0.0000109493  -0.0000133879  -0.0000133834  -0.0000148380
 7443   0.0000338970   0.0000286108  -0.0000206943  -0.0000010923   0.0000041899
 7444  -0.0000475349  -0.0000067456  -0.0000025660  -0.0000030886   0.0000009909
 7445  -0.0000017359   0.0000029326  -0.0000005881   0.0000000762   0.0000001411
 7446  -0.0000001843  -0.0000001743  -0.0000001576  -0.0000000391  -0.0000007396
 7447   0.0000005326  -0.0000009629  -0.0000004261  -0.0000005067
 75 1   0.0299792803   0.0144777640  -0.0026082346  -0.0119774217  -0.0736633942
 75 2  -0.0388304598  -0.0980411685   0.1343513842   0.0238391335   0.0815698978
 75 3  -0.0058204499  -0.0116366882  -0.1328997910  -0.0085665095  -0.0032587389
 75 4  -0.1487565019  -0.0775647058  -0.1458117106   0.0210481728  -0.0564407831
 75 5   0.0146587527  -0.0078437360   0.0038940736  -0.0275616564  -0.0653949379
 75 6  -0.0150708958  -0.0021142677   0.0197581753   0.0172846599   0.0169709111
 75 7  -0.0793128718  -0.0551169611   0.0584780459  -0.0347204079   0.0720252057
 75 8  -0.0441884058   0.0060068923  -0.0869368021  -0.0505944239  -0.0559279223
 75 9   0.0060488763   0.0232025144  -0.0429168971  -0.0422851704  -0.0128607847
 7510  -0.0204822664   0.0602871802   0.0718534078  -0.0548147800  -0.0608518706
 7511   0.0286917919   0.0159416200  -0.1611326443   0.0383315267   0.0190116284
 7512   0.1068615435   0.0838865799  -0.0686715681  -0.0533064295   0.0267505740
 7513   0.0505538553  -0.0539483462   0.1102590487   0.0211062703   0.0379178882
 7514  -0.0016478096  -0.1065996756  -0.0159443297  -0.0317982741  -0.0607895107
 7515  -0.0623262481  -0.0894405062   0.0862673766  -0.0225655240  -0.0215018922
 7516  -0.0095480839  -0.0495377922   0.0676524978  -0.0366627998  -0.0094061994
 7517  -0.0272955000  -0.0647207068   0.0253342426  -0.0606154803   0.0305617177
 7518   0.0323701267   0.0633870401  -0.0861751020   0.0087409900  -0.0394510247
 7519  -0.0818202977   0.0273964824   0.0054093470  -0.0243117607   0.0076205536
 7520   0.0265708793   0.0525026030  -0.0096434745  -0.0211512432  -0.0060766560
 7521   0.0309033327   0.1476643682  -0.0596592572   0.0778709566  -0.0316629589
 7522  -0.0524818139   0.0001169398   0.0039380710   0.0199963803   0.0345501928
 7523   0.0853668192  -0.0172469592  -0.0039253247   0.0114118265  -0.0023609955
 7524   0.0026664294   0.0002882496   0.0052493880   0.0511976837   0.0019981343
 7525   0.0246829985  -0.0326507960  -0.0091720863   0.0038394119   0.0049957810
 7526   0.0282298381   0.0730795281  -0.0232947834   0.0197148387   0.0181988422
 7527   0.0017119504   0.0395802062  -0.0037316132  -0.0207632075  -0.0284453763
 7528  -0.0130786708  -0.0000936420  -0.0003056525  -0.0004390129   0.0000383147
 7529   0.0000162720  -0.0000154062  -0.0001655436  -0.0000524192  -0.0000022117
 7530  -0.0000371277  -0.0005109657   0.0000617560   0.0000456942   0.0000512362
 7531   0.0001086871  -0.0000270430   0.0000411767  -0.0000021862   0.0000507524
 7532  -0.0000388366  -0.0000750706   0.0000206631  -0.0000215361   0.0000152117
 7533  -0.0000105283  -0.0000356746  -0.0000633124  -0.0000275594  -0.0000614946
 7534   0.0000189281  -0.0000034326  -0.0000046973  -0.0000041139   0.0000158923
 7535   0.0000262247  -0.0000010931  -0.0000022389  -0.0000096518   0.0000062782
 7536  -0.0000069546   0.0000060320   0.0000037750   0.0000050478  -0.0000084023
 7537  -0.0000038797  -0.0000103979   0.0000125807   0.0000013441  -0.0000040343
 7538  -0.0000024543   0.0000166015  -0.0000028585  -0.0000053921  -0.0000192155
 7539  -0.0000004819   0.0000010453   0.0000178084   0.0000108443  -0.0000140088
 7540  -0.0000108522  -0.0000087948  -0.0000068163   0.0000074677   0.0000030717
 7541  -0.0000041360  -0.0000075385  -0.0000016372   0.0000023460   0.0000011537
 7542   0.0000186852  -0.0000017805  -0.0000047808  -0.0000139585   0.0000089085
 7543   0.0000331933  -0.0000151987  -0.0000019213   0.0000021776   0.0000008420
 7544  -0.0000163972   0.0000016000  -0.0000044352  -0.0000006232   0.0000010925
 7545  -0.0000002350  -0.0000005605   0.0000002983  -0.0000006210  -0.0000000314
 7546   0.0000000345  -0.0000003506   0.0000002711   0.0000000236  -0.0000001311
 7547   0.0000011290   0.0000002375  -0.0000027202  -0.0000001674
 76 1  -0.0445982639  -0.0133653843  -0.0204167777  -0.0082816639  -0.0132664260
 76 2   0.0377448253   0.0435321288  -0.0639697619  -0.0188607430   0.1047359646
 76 3  -0.0012484289   0.0184365518   0.0305877780  -0.0251619179   0.0016320310
 76 4   0.0128119485   0.0163877794   0.0948419614   0.0640986659   0.0707908120
 76 5  -0.0025403580  -0.0554475738   0.0700417145   0.0370405727   0.0255712191
 76 6  -0.0767304508   0.0553359782   0.0172954456   0.0150724154   0.0026638636
 76 7  -0.0367611768  -0.0642464571   0.1168538792  -0.0625472369   0.0477094517
 76 8  -0.0331168088  -0.0094455119  -0.0897737018   0.0018198620  -0.0075585767
 76 9  -0.0742072000  -0.0017292684  -0.1263335719  -0.0022232732   0.1169734068
 7610   0.0123233084   0.0234596731   0.0462168170  -0.0531275611  -0.0357132139
 7611   0.0143280655   0.0586088325  -0.0077374657   0.0149760237   0.0203603561
 7612   0.0778394112   0.0665081506  -0.0423429238  -0.0204376787   0.0475479889
 7613   0.0198998499   0.1451413445  -0.0682066715   0.0373990883  -0.0076192030
 7614   0.0105116073  -0.0085550020  -0.0304713327   0.1504103880  -0.0004331680
 7615  -0.0463195451  -0.0071132988   0.0093005472  -0.0565346873  -0.1202688453
 7616   0.0188331010  -0.0218647360   0.0231589145   0.0471623095   0.0196888975
 7617   0.0777621469   0.0052906807  -0.0482159828   0.0283087772   0.0300455414
 7618   0.0044442021   0.1172151247   0.0403866949  -0.0180056627  -0.0381238909
 7619   0.0265622009  -0.0177285500  -0.0642497885   0.0324856632   0.0092036458
 7620   0.0672380100  -0.0360602589   0.0115899210   0.0246118371   0.0738005288
 7621   0.1327699334  -0.0705467058   0.1847140369   0.0872258147   0.0618351527
 7622   0.0827937493   0.0769764940  -0.0453109944  -0.0273023507  -0.2680648250
 7623   0.0123061346  -0.0441598664  -0.0121354695   0.0812122688   0.0267886491
 7624  -0.0125757636   0.0123005019  -0.0268880453  -0.0326995327   0.0215607531
 7625  -0.0047914568   0.0009781868   0.0034895989   0.0029146037   0.0138842233
 7626  -0.0030933513  -0.0107271532   0.0115307167   0.0091228538  -0.0051271199
 7627  -0.0064051990   0.0079179053  -0.0025810157  -0.0036746787  -0.0070916100
 7628  -0.0105163460   0.0001817798  -0.0000533016  -0.0003277585  -0.0002996517
 7629  -0.0001211441   0.0005255358   0.0000957905  -0.0003185424  -0.0000789220
 7630  -0.0000109617  -0.0000715214   0.0000532771  -0.0001375225   0.0000530099
 7631   0.0001119754  -0.0000448215   0.0000228764  -0.0000053791   0.0000488991
 7632  -0.0000770749  -0.0001714261   0.0000970072  -0.0000137476  -0.0000094635
 7633   0.0000214797  -0.0000612869  -0.0000276674  -0.0000187951  -0.0000259099
 7634  -0.0000122146   0.0000131245  -0.0000249405   0.0000230247  -0.0000267574
 7635   0.0000207720   0.0000022650  -0.0000279320  -0.0000055215   0.0000295151
 7636  -0.0000000522   0.0000065874   0.0000090879   0.0000083375  -0.0000049018
 7637  -0.0000001911  -0.0000141149   0.0000105460  -0.0000021229  -0.0000103746
 7638   0.0000062813   0.0000149511  -0.0000066952  -0.0000079805  -0.0000211447
 7639  -0.0000189788  -0.0000139998   0.0000137649   0.0000199104  -0.0000068774
 7640  -0.0000040391  -0.0000079241  -0.0000227093   0.0000024261   0.0000035954
 7641  -0.0000060024  -0.0000049238   0.0000030495   0.0000017823   0.0000058211
 7642   0.0000010133  -0.0000071862  -0.0000071556  -0.0000128055   0.0000187893
 7643   0.0000349469  -0.0000081861  -0.0000163067  -0.0000071781   0.0000027117
 7644  -0.0000358254  -0.0000059156   0.0000002043   0.0000007134  -0.0000019173
 7645   0.0000005485   0.0000025166  -0.0000022537   0.0000002621  -0.0000000325
 7646   0.0000000773  -0.0000007562   0.0000002465  -0.0000000325  -0.0000002607
 7647   0.0000005823  -0.0000003489  -0.0000018892  -0.0000008346
 77 1   0.0125536428   0.0149891062  -0.0310709473   0.0270681080   0.1161019085
 77 2   0.0071765490   0.0420001308   0.0684518813  -0.0168472945  -0.0281438990
 77 3   0.0147602399  -0.0076139878  -0.0233332923   0.0250467263  -0.0014292088
 77 4   0.0231668770   0.0097035833   0.0117445828   0.0043353064   0.0056578348
 77 5   0.1921815904   0.0740254531  -0.0799097429  -0.0210751092   0.0419077528
 77 6  -0.1051913080  -0.0406095902  -0.0409398131   0.0640916535   0.0797743804
 77 7   0.1117106870   0.0554310801   0.0627362910  -0.0538045722   0.0579079009
 77 8  -0.0036445049  -0.0008773402  -0.0030277963   0.0377107910  -0.2238475802
 77 9  -0.1995107741   0.0479221166  -0.0665087475  -0.0166280607   0.0314531301
 7710  -0.0072682724  -0.0301351871   0.2506379754   0.1509603673   0.0243534451
 7711  -0.0242514279  -0.0363109480  -0.0496573741  -0.0539890023   0.0755328914
 7712  -0.0021781393   0.0330977045   0.0321446319   0.0216500372   0.0846323511
 7713  -0.1043795330  -0.0153876638  -0.1546292865   0.0464900223   0.0358114185
 7714  -0.0861780565  -0.0681130073   0.0050763539  -0.0917145252   0.0234304739
 7715  -0.0323934633   0.0098413040  -0.0089953300  -0.0282425722   0.1240832929
 7716   0.0040834998   0.0208931219  -0.0084795188  -0.0354374088  -0.0348723785
 7717   0.0419986238  -0.0327127781  -0.0395495545  -0.0664360065  -0.0264092697
 7718   0.0100945914   0.1208686354  -0.0247706560  -0.0352838418   0.0666989577
 7719   0.0231242327   0.0709052713   0.0022021499   0.0161701885  -0.0431430586
 7720   0.0147585529  -0.0303631586  -0.0364613343  -0.0122319381   0.0378964499
 7721   0.0614918587   0.0199086532  -0.0625486125  -0.1644193151   0.0255220245
 7722   0.0073920020  -0.0089721183  -0.0139566389  -0.0118023766   0.0272861338
 7723  -0.0430821520  -0.0025926539   0.0031009708   0.0194884653   0.0273792857
 7724  -0.0119293556  -0.0071098204  -0.0047661466   0.0140324158   0.0101279678
 7725  -0.0004880234   0.0003083854  -0.0036622982   0.0014281288   0.0007198217
 7726  -0.0027599856   0.0029567660   0.0088653288   0.0095584746   0.0097217074
 7727  -0.0020072737   0.0033577960  -0.0003056120  -0.0048540594  -0.0047947789
 7728  -0.0029518339  -0.0003720482  -0.0001033200   0.0001787115  -0.0002189472
 7729  -0.0002449448  -0.0000131757   0.0000517545  -0.0001053381  -0.0000693350
 7730   0.0000264272   0.0001081894   0.0000584666  -0.0000604880  -0.0000894604
 7731   0.0000346247   0.0000163878   0.0000437090   0.0000341011  -0.0000072878
 7732  -0.0000253673   0.0000152300  -0.0000330670  -0.0000048141  -0.0000059717
 7733   0.0000155712  -0.0000149708  -0.0000186684   0.0000142615   0.0000081141
 7734  -0.0000071179   0.0000150622  -0.0000204522  -0.0000097164  -0.0000099439
 7735  -0.0000012149  -0.0000026556  -0.0000072587  -0.0000184998   0.0000094722
 7736  -0.0000034124   0.0000002888  -0.0000045143  -0.0000033789   0.0000031133
 7737   0.0000009009   0.0000003702  -0.0000082598  -0.0000107937  -0.0000038542
 7738   0.0000024572  -0.0000049890   0.0000075441   0.0000133844   0.0000011714
 7739   0.0000010329   0.0000090245  -0.0000049763   0.0000218927  -0.0000046238
 7740  -0.0000024753   0.0000015383  -0.0000098645  -0.0000013271  -0.0000004833
 7741  -0.0000001544   0.0000002068  -0.0000000746  -0.0000086966  -0.0000054714
 7742   0.0000015501  -0.0000052978  -0.0000031337  -0.0000017997  -0.0000052422
 7743  -0.0000024343   0.0000135622   0.0000014423   0.0000005185   0.0000119007
 7744  -0.0000243971   0.0000049868   0.0000023749   0.0000015834   0.0000007506
 7745   0.0000012320  -0.0000006902   0.0000001856   0.0000011634  -0.0000002577
 7746   0.0000004089  -0.0000002881  -0.0000000061  -0.0000001420  -0.0000004447
 7747   0.0000002560  -0.0000006578  -0.0000001097  -0.0000002293
 78 1   0.0191605327   0.0528183977  -0.1168103882   0.0219368483  -0.0513459512
 78 2  -0.0677960297  -0.0897988701   0.0804565379  -0.0075684444   0.0808043044
 78 3  -0.0056324852  -0.0184175906  -0.1445235769   0.0297943446  -0.0114886931
 78 4   0.0186322889   0.0230128965   0.1718404120  -0.0608671038   0.0490338463
 78 5   0.0296683781   0.0028453077  -0.0058317309  -0.0221073390   0.1621604027
 78 6   0.1001146465   0.0452336273   0.1604059185   0.1256129520   0.0168931928
 78 7  -0.0025911943   0.0132826846  -0.0007484384   0.0439554997   0.0151542476
 78 8  -0.0143831678   0.0130039120   0.0066204623  -0.0148910052  -0.0516607099
 78 9  -0.0327705980   0.0164463874   0.0197932780  -0.0091463330   0.0449620514
 7810   0.0122223755  -0.0599491942   0.0246412958  -0.0088017359   0.0160420184
 7811  -0.0084453299   0.0290925039   0.0830213739  -0.0217671655   0.0060927245
 7812  -0.0067832779  -0.0239649465   0.0445129869   0.0366204376   0.0080934594
 7813  -0.0614677990   0.1466859287  -0.2017814438   0.0543540820  -0.0348663211
 7814  -0.0213309436   0.0756906168  -0.0231450705   0.1765964504   0.0560292929
 7815  -0.0181111567   0.0305920061  -0.0269493002  -0.0389651063  -0.2062069185
 7816  -0.0081201140   0.0163548576   0.0059646038   0.0437849586  -0.0279281628
 7817  -0.1017780391   0.0931068906   0.0426915621   0.0908199068   0.0192495958
 7818   0.0432206115  -0.1191352673   0.0012555184  -0.0819675730   0.0427630878
 7819  -0.0643868538   0.0105615083  -0.0427234112  -0.0226893688   0.0119494074
 7820   0.0077331645   0.0253220856  -0.0067949962  -0.0112801927  -0.0086588227
 7821  -0.0691198557   0.1409609760  -0.0719405363   0.0828499602   0.0166554544
 7822   0.0280306194   0.0093284960  -0.0277606702  -0.0447630831   0.0244464226
 7823   0.0467540887   0.0010501819  -0.0004590562  -0.0094253816  -0.0043932645
 7824   0.0011626565  -0.0047896524   0.0066219892   0.0012498894   0.0017829222
 7825  -0.0139394491  -0.0118067831  -0.0035611605  -0.0039835047   0.0039323148
 7826  -0.0015119349  -0.0324163782  -0.0288506911  -0.0586792713  -0.0605260933
 7827   0.0130885003  -0.0202080455   0.0035677483   0.0123233212   0.0095311812
 7828   0.0028799963   0.0002952201  -0.0002403897  -0.0000189063   0.0001715526
 7829   0.0000119626  -0.0003803533  -0.0001323902   0.0000724276  -0.0000222299
 7830  -0.0000108768  -0.0002701858   0.0000901503  -0.0000203076   0.0000183607
 7831   0.0000632381  -0.0000031138  -0.0000040752   0.0000224028   0.0000033495
 7832  -0.0000133620   0.0000670244  -0.0000383930  -0.0000118972   0.0000215203
 7833  -0.0000162420   0.0000226973   0.0000080041   0.0000278791   0.0000040448
 7834  -0.0000023020  -0.0000165918  -0.0000050549   0.0000018304  -0.0000092060
 7835  -0.0000183665  -0.0000054262   0.0000100424  -0.0000107757   0.0000092719
 7836  -0.0000020027   0.0000093988  -0.0000035377  -0.0000014516   0.0000033781
 7837  -0.0000010815   0.0000024603  -0.0000099604  -0.0000003958   0.0000030839
 7838   0.0000039878  -0.0000001921   0.0000052833   0.0000148077   0.0000060676
 7839   0.0000163313  -0.0000037698   0.0000095320  -0.0000206676  -0.0000000498
 7840  -0.0000055339   0.0000011215  -0.0000102769   0.0000028689   0.0000020607
 7841   0.0000024897  -0.0000079345  -0.0000010057  -0.0000092245  -0.0000017012
 7842  -0.0000088796  -0.0000044624   0.0000027029   0.0000014229  -0.0000025179
 7843  -0.0000056244  -0.0000087003   0.0000023045  -0.0000029930  -0.0000023854
 7844   0.0000163019   0.0000068377   0.0000028191   0.0000007782   0.0000015490
 7845   0.0000004538  -0.0000023262   0.0000014843   0.0000008056  -0.0000001849
 7846   0.0000003687  -0.0000001536   0.0000001398  -0.0000000192   0.0000000581
 7847   0.0000014486   0.0000004144  -0.0000004822   0.0000003561
 79 1  -0.0787337500  -0.0160200517  -0.0323444947  -0.0114015982  -0.0132664260
 79 2   0.0377448253   0.0435321288  -0.0639697619  -0.0188607430   0.1047359646
 79 3   0.0040741915   0.0158745224   0.0244846214  -0.0260032203   0.0030162283
 79 4  -0.0132054585  -0.0093673227   0.0019323812   0.0216841126  -0.0002510395
 79 5   0.0560322415  -0.0301901533   0.0346113654   0.0261065663  -0.0309143230
 79 6  -0.0373084562   0.0033024557   0.0640274234   0.0240581276   0.0577464208
 79 7  -0.0514544365  -0.0133662374   0.0902851581   0.0212233265   0.0112337712
 79 8  -0.0950059376   0.0104223158  -0.0415706140   0.0073144452  -0.0324450980
 79 9  -0.0319903081   0.0008982232   0.0441461894  -0.0180009769  -0.0505054336
 7910   0.0056237279   0.0598103309   0.1588256226  -0.0227743084  -0.0515151309
 7911   0.0395707524   0.1198585083   0.0744776559  -0.1274815787   0.0651016770
 7912   0.0328389479  -0.0119533836   0.0151716395   0.0109442992  -0.0893076753
 7913  -0.0652068829   0.1131523696   0.0184592745   0.0426585038   0.0306776654
 7914  -0.0056900195   0.0392646624   0.0042343624   0.0289147827   0.0577448373
 7915   0.0649518276   0.0991941137  -0.0217466323  -0.0287623899  -0.1922481241
 7916   0.0101410005  -0.0058122383  -0.0081378410   0.0050309937   0.0378834275
 7917  -0.0205442475   0.0437487457  -0.0026910842  -0.0707028174  -0.0118778566
 7918  -0.0789037000   0.0394225439   0.0127984387   0.0478034988  -0.0616517317
 7919   0.0574347896  -0.0068205361  -0.0249352193   0.0080829009  -0.0095923303
 7920   0.0560914794   0.0030255054  -0.0035950801  -0.0668128604   0.1089025280
 7921  -0.0039140897  -0.0711775176  -0.0000351173  -0.0705887407  -0.1271411426
 7922  -0.2098010240  -0.0416844818   0.0507023101   0.0714682732   0.1743047962
 7923   0.0235048264   0.0612404882   0.0196376706  -0.1283078707  -0.0056377856
 7924   0.0250083674  -0.0085308184   0.0205185329   0.1295053649  -0.0147651741
 7925  -0.0235086075   0.0065538444   0.0008369416   0.0060988874  -0.0139643414
 7926   0.0034075428   0.0099549623  -0.0030082141  -0.0097942363   0.0172063447
 7927   0.0083349037  -0.0071107412   0.0027838958  -0.0004896610   0.0013515245
 7928   0.0091853027  -0.0002164755  -0.0006827597   0.0008082164   0.0015799214
 7929  -0.0006477500  -0.0009013264  -0.0003111905   0.0010773599   0.0001160641
 7930   0.0001020823   0.0002148372   0.0002441296  -0.0000266302   0.0000633149
 7931   0.0000087011  -0.0001270355  -0.0002176916   0.0000677652  -0.0000711693
 7932   0.0002280856   0.0002198458  -0.0000695318   0.0000330652   0.0000889440
 7933   0.0000082874   0.0000611325   0.0001300421   0.0000079648   0.0000180520
 7934   0.0000751643  -0.0000584897   0.0000431827   0.0000805129  -0.0000213128
 7935  -0.0000492926  -0.0000627739   0.0000373657  -0.0000319130   0.0000836702
 7936   0.0000077496   0.0000196428   0.0000259560  -0.0000201502   0.0000078705
 7937  -0.0000035800   0.0000010974   0.0000051154   0.0000410132   0.0000346907
 7938   0.0000127210  -0.0000107453   0.0000186461   0.0000289799   0.0000242447
 7939   0.0000218772  -0.0000186226   0.0000268514  -0.0001104026   0.0000425945
 7940   0.0000032444   0.0000108807   0.0000008425   0.0000000622  -0.0000003805
 7941  -0.0000042746  -0.0000113428   0.0000004801  -0.0000169104  -0.0000035329
 7942  -0.0000588955  -0.0000188793   0.0000241183   0.0000191036   0.0000133695
 7943  -0.0000692726  -0.0000746305   0.0000664662  -0.0000312403   0.0000107009
 7944   0.0001128475   0.0000167447  -0.0000009923   0.0000090663   0.0000005835
 7945   0.0000047672  -0.0000069081   0.0000038887  -0.0000019474  -0.0000008341
 7946   0.0000004944   0.0000005889   0.0000003702   0.0000003497   0.0000013717
 7947  -0.0000004761  -0.0000002010  -0.0000004834   0.0000015317
 80 1  -0.0070249882   0.0003862960  -0.0141316302   0.0124769651   0.1038854426
 80 2   0.0437069538   0.0123731704   0.0431634531  -0.0168594213  -0.0038999553
 80 3   0.0121095940   0.0007169624  -0.0053999009   0.0103653282  -0.0105108619
 80 4  -0.0015271548  -0.0117205078  -0.0335379789   0.0862163372   0.0626751580
 80 5   0.0778001549   0.0331931740   0.0121702169  -0.0112945238   0.0134163382
 80 6   0.0336288306  -0.0310614062  -0.0318164184   0.0048133235   0.0956853273
 80 7   0.1845220767   0.1222010593   0.1096279734   0.0276065132   0.1296952996
 80 8  -0.0116485656  -0.0005589357   0.0195021992  -0.1466396778  -0.1303697491
 80 9  -0.0366798971  -0.0212402590   0.0283558947   0.0590141594  -0.0578242612
 8010  -0.0813838472   0.0698930694  -0.3066975114  -0.1084121959  -0.0144528663
 8011  -0.0152112119   0.1184755379  -0.0094446882  -0.1164764548  -0.0716441832
 8012  -0.0757352806  -0.0550828416  -0.0697826168  -0.0081907906  -0.0995520919
 8013  -0.0218967698  -0.0768519431   0.0638140237   0.1193087689  -0.0976565858
 8014   0.0739700345   0.0620895067  -0.0158033881   0.0416590783  -0.1044347077
 8015  -0.1370555693  -0.0198312922   0.0509963950  -0.0719731339  -0.0411345436
 8016   0.0174210121   0.0081579342  -0.0028703474   0.0618859226   0.0397044418
 8017  -0.0288801730  -0.0343623614   0.0574930377   0.0075787860  -0.0198365251
 8018   0.0445332339  -0.0048286521  -0.0279829687  -0.0229026283   0.0493146097
 8019   0.0390332232   0.0397032425   0.0214143898  -0.0147147817  -0.0275152256
 8020  -0.0024364643  -0.0057844312  -0.0136414583  -0.0215057800  -0.0229348306
 8021  -0.0475275849  -0.0066565985   0.1367237030  -0.0226556096  -0.0629216579
 8022  -0.0747746362  -0.0012261872  -0.0315653175  -0.0743754478  -0.0385280904
 8023   0.0092536800  -0.0230266845  -0.0037324186   0.0298218472   0.0528499999
 8024   0.0232848601   0.0148943158   0.0176193407   0.0242753314  -0.0000409379
 8025  -0.0152539036  -0.0078687569   0.0019133190   0.0030320124   0.0025396525
 8026  -0.0043886856   0.0006652053   0.0027385661  -0.0136189254  -0.0114028681
 8027   0.0021356404   0.0011954841  -0.0005507632   0.0048085159   0.0020462771
 8028   0.0035383760  -0.0001595887  -0.0004027274   0.0000952729  -0.0004055571
 8029  -0.0002426404   0.0001619431   0.0001298233  -0.0000394078   0.0000054662
 8030   0.0000872105  -0.0004525702  -0.0001937808  -0.0000205940  -0.0000644178
 8031   0.0000132514   0.0000782988   0.0002110702   0.0000168450  -0.0000075304
 8032   0.0000110871  -0.0000963261   0.0000151317  -0.0000001391  -0.0000658763
 8033   0.0000276204  -0.0000202944  -0.0000981260  -0.0000145810   0.0000108493
 8034   0.0000048301   0.0000238416   0.0000149861  -0.0000250738   0.0000068229
 8035   0.0000024011   0.0000050418  -0.0000167090   0.0000080640  -0.0000092240
 8036  -0.0000088154  -0.0000043526  -0.0000154883  -0.0000023128   0.0000160312
 8037   0.0000070864  -0.0000017548  -0.0000085036  -0.0000255215  -0.0000161762
 8038  -0.0000067043  -0.0000105718   0.0000045885   0.0000314417   0.0000066606
 8039  -0.0000176034   0.0000089281  -0.0000327598   0.0000617511   0.0000035938
 8040   0.0000124926  -0.0000015654  -0.0000136150  -0.0000059077   0.0000003170
 8041  -0.0000023499   0.0000114669  -0.0000003867   0.0000016081  -0.0000026003
 8042  -0.0000191395  -0.0000065099  -0.0000102463  -0.0000006045   0.0000059057
 8043   0.0000061292   0.0000190744   0.0000071148   0.0000133328  -0.0000093640
 8044  -0.0000558935   0.0000041532   0.0000061853   0.0000005441   0.0000003028
 8045   0.0000012053   0.0000004847  -0.0000009039   0.0000028198   0.0000000091
 8046   0.0000004028  -0.0000003478  -0.0000002580   0.0000003937  -0.0000002357
 8047   0.0000012291  -0.0000000482   0.0000009073  -0.0000006938
 81 1  -0.0134001425   0.0289047198  -0.1129470028   0.0133070081  -0.0290285081
 81 2  -0.0967615995  -0.0815565717   0.0265616916  -0.0389760223   0.0800387110
 81 3  -0.0115710785   0.0189932636  -0.0175585657   0.0080552907   0.0029525033
 81 4   0.0797951739   0.0534331038   0.1477099294  -0.0224695556   0.0464646125
 81 5  -0.0701643276   0.0137043139   0.0896464696  -0.0396741749  -0.0095452912
 81 6  -0.0191529597  -0.1236898592  -0.2006901251  -0.1211356711   0.0816372455
 81 7   0.0059893704   0.0247824309   0.0799629462  -0.0299725954   0.0035660051
 81 8  -0.0858148570  -0.0176208682  -0.0302629478   0.0072792930  -0.0010792260
 81 9  -0.0579250731  -0.0147253126   0.0412815888   0.0309150496   0.1030891660
 8110   0.0376799938   0.0071361100  -0.0515128390   0.0460152870  -0.0143432892
 8111  -0.0068128073   0.0021188302   0.0606748048  -0.1281363454  -0.0108012130
 8112  -0.0590439255  -0.0624976905  -0.0274740792  -0.0116649880  -0.0716195472
 8113   0.0252825247  -0.1626801440   0.1803798304  -0.0236072780   0.0657031213
 8114  -0.0358720720  -0.0770675435  -0.0298618189  -0.1763291853  -0.0554311425
 8115   0.0512775832  -0.0182043873   0.0468063874   0.0034207170   0.1335871913
 8116  -0.0035475108   0.0104504008  -0.0379084431  -0.0427810872  -0.1281025788
 8117  -0.0174852891   0.0779046225  -0.0343075715  -0.0082751816   0.0268674543
 8118  -0.0272822299   0.0119337308   0.0369030125  -0.0706751789   0.0321532495
 8119  -0.0511452341   0.0045092572  -0.1112070043   0.0057560121   0.0223939781
 8120   0.0696517187   0.0060352505   0.0031842908  -0.0077185081   0.0937576211
 8121  -0.0537402155   0.0378781176   0.0305237614   0.0553175099  -0.0262934740
 8122   0.0171307083   0.0188481077  -0.0361954045  -0.0618024853  -0.0166954308
 8123  -0.0265597963   0.0577145863   0.0134666244  -0.0054161551  -0.0208730589
 8124   0.0028302445  -0.0007396211   0.0011498787  -0.0178884294   0.0007809729
 8125  -0.0759977951   0.0086819850  -0.0017891742  -0.0146611284   0.0008107316
 8126  -0.0222151301   0.0008303647   0.0303226790   0.0380088282   0.0452427432
 8127   0.0164212033  -0.0092934993   0.0004492895  -0.0097591204  -0.0171874314
 8128  -0.0055299739   0.0006393829  -0.0001133526  -0.0006822521  -0.0008362570
 8129   0.0004425551  -0.0005948036  -0.0003403605  -0.0002630447  -0.0000632649
 8130  -0.0000403651  -0.0006745374  -0.0001421925   0.0001885959  -0.0000253060
 8131  -0.0000312584   0.0001846279   0.0001209008   0.0000477747   0.0000297148
 8132  -0.0000584428   0.0001410045  -0.0001058419  -0.0000510207  -0.0000474460
 8133  -0.0000348815  -0.0000058839  -0.0000928344   0.0000333660  -0.0000382226
 8134  -0.0000044819   0.0000064569  -0.0000094247  -0.0001006578   0.0000306616
 8135  -0.0000364373   0.0000252676   0.0000313305  -0.0000128352  -0.0000411441
 8136   0.0000016332  -0.0000002089  -0.0000124719  -0.0000018763  -0.0000015916
 8137   0.0000074714   0.0000072694  -0.0000089017  -0.0000107785  -0.0000104548
 8138  -0.0000147817  -0.0000080672   0.0000125293  -0.0000052237  -0.0000007250
 8139   0.0000186836   0.0000172240  -0.0000057709   0.0000368805  -0.0000501921
 8140  -0.0000078102   0.0000037709   0.0000127841   0.0000030958  -0.0000003980
 8141   0.0000153945  -0.0000029057  -0.0000026336  -0.0000045088   0.0000013482
 8142   0.0000275706   0.0000090865  -0.0000059499   0.0000050350  -0.0000425958
 8143  -0.0000216961   0.0000448647   0.0000052114   0.0000344048  -0.0000047508
 8144  -0.0000329813   0.0000096343  -0.0000024451  -0.0000051919   0.0000061293
 8145  -0.0000023894  -0.0000029244   0.0000035678   0.0000000928  -0.0000000199
 8146   0.0000000864   0.0000001449  -0.0000000846  -0.0000003803  -0.0000003671
 8147   0.0000010148   0.0000010286  -0.0000000989   0.0000000555
 82 1  -0.0630457243  -0.0250392926  -0.0220796458  -0.0261299474  -0.0132664260
 82 2   0.0377448253   0.0435321288  -0.0639697619  -0.0188607430   0.1047359646
 82 3   0.0099274841   0.0118891520   0.0223620692  -0.0305073368   0.0110748754
 82 4  -0.0260638174  -0.0111561265  -0.0880235394  -0.0196523701  -0.0483685547
 82 5   0.1194149313  -0.0461098630  -0.0298483070   0.0163370030  -0.0020987654
 82 6   0.0245168705  -0.0127915029   0.2265165582   0.1407023599   0.1119273442
 82 7  -0.0626761702   0.0057838498   0.1052801879   0.0476961466   0.0143315924
 82 8  -0.0960551319  -0.0258227891  -0.0196629557   0.0651518761  -0.0480312823
 82 9  -0.0672654352  -0.0075475544   0.1112749734   0.0145713649   0.1494203743
 8210   0.1859568559  -0.0451007935   0.0613940262  -0.0231926458  -0.0112363077
 8211   0.0233268719   0.0594649189   0.0618536891  -0.0972368802   0.0143333308
 8212  -0.0207198293  -0.0416142683   0.0080203505   0.0508574890  -0.0924604435
 8213   0.0290582864  -0.0838237297   0.1361756854  -0.0285737011   0.0118097000
 8214  -0.0082993008   0.0030236146  -0.0325539459  -0.0464609921   0.0221469998
 8215   0.1936227724  -0.0152322970  -0.0350489202  -0.0297789670   0.1012750457
 8216   0.0224722216  -0.0024145140  -0.0248942733   0.0424853383   0.0753539079
 8217   0.0023953006   0.0485517070   0.0037033617   0.0405944094  -0.0227009321
 8218   0.0077678534   0.0605833664  -0.0459911262   0.0393469243  -0.0161483668
 8219  -0.0061971457   0.0456732831   0.0497831634  -0.0068939906  -0.0068947921
 8220  -0.0527980022   0.0498268945  -0.0136944963   0.0266255332  -0.1067053207
 8221  -0.1387113854   0.0213787244  -0.0756524798   0.0214007899   0.0695660452
 8222   0.1562383117   0.0066481240   0.0345204632  -0.0533148247  -0.0612621016
 8223  -0.0234571490   0.0219763679  -0.0042409373   0.0770072467  -0.0246823195
 8224  -0.0107409931   0.0063548662  -0.0135376776  -0.0941862970  -0.0000425139
 8225   0.0466351438  -0.0095430200  -0.0042789697   0.0088854401   0.0026422732
 8226  -0.0338909523   0.0089038169  -0.0122242396   0.0100221251  -0.0242250253
 8227  -0.0085320108   0.0050495705  -0.0008522594   0.0071573822  -0.0027716044
 8228  -0.0034523246   0.0011167967  -0.0002426883  -0.0005447531  -0.0005855659
 8229   0.0001328051  -0.0002356737  -0.0001277579  -0.0002579583  -0.0000586883
 8230   0.0000099005  -0.0002307320   0.0000161090   0.0000586245  -0.0001280246
 8231  -0.0000426233   0.0001015526   0.0001191186   0.0000508948   0.0000385582
 8232  -0.0000739975   0.0000186931  -0.0000188231  -0.0000163741  -0.0000541352
 8233   0.0000056140  -0.0000696679  -0.0000720134  -0.0000157512  -0.0000164605
 8234  -0.0000011323   0.0000043085  -0.0000024992  -0.0000723849   0.0000075697
 8235  -0.0000109786   0.0000145457   0.0000069414  -0.0000148368  -0.0000050707
 8236   0.0000012502  -0.0000038193  -0.0000133215   0.0000025557   0.0000041329
 8237   0.0000057545  -0.0000015229  -0.0000036442  -0.0000168491  -0.0000135957
 8238  -0.0000034262  -0.0000102385   0.0000130004   0.0000012938  -0.0000072888
 8239   0.0000007606   0.0000064605  -0.0000090352   0.0000378129  -0.0000381257
 8240   0.0000007465   0.0000011670  -0.0000037098  -0.0000018208  -0.0000014034
 8241   0.0000022701  -0.0000047136   0.0000044209   0.0000000718   0.0000010744
 8242   0.0000056303  -0.0000073057  -0.0000074366   0.0000061457  -0.0000129944
 8243  -0.0000206331   0.0000381698   0.0000031211   0.0000150593  -0.0000089537
 8244  -0.0000255821   0.0000060112  -0.0000017977  -0.0000020578   0.0000027412
 8245  -0.0000005301  -0.0000013588   0.0000011734   0.0000001332  -0.0000000677
 8246   0.0000000630  -0.0000002172   0.0000001764   0.0000004315  -0.0000004467
 8247  -0.0000001078   0.0000006166   0.0000001326   0.0000001415
 83 1  -0.0199378790  -0.0146131679  -0.0179675931  -0.0139413973   0.0916689768
 83 2   0.0802373587  -0.0172537900   0.0178750249  -0.0168715482   0.0203439884
 83 3   0.0150761868  -0.0012247085  -0.0118378333   0.0013433201  -0.0106192752
 83 4  -0.0289022688  -0.0244340781  -0.0170782475   0.0843502167   0.0444838086
 83 5  -0.0298648471   0.0657641620   0.0051192475   0.0397611797   0.0794618711
 83 6   0.1745394829  -0.0172499983   0.0332523236  -0.0446741501   0.0649491952
 83 7   0.1020339873   0.0674647978   0.0473394626   0.0482714161  -0.0582507790
 83 8  -0.1383841932   0.0699813056  -0.0937057235  -0.1155703122   0.1586713312
 83 9   0.0701565335  -0.0774468156   0.0578167799   0.0975976419  -0.0708208375
 8310   0.0840100511  -0.0814138138   0.1655822009   0.0882639145  -0.0762130707
 8311   0.0199105366  -0.1040108863  -0.0564683345   0.0791223470  -0.0182843778
 8312  -0.0327722867   0.0515897076   0.0586359146  -0.0825964419   0.0804077969
 8313  -0.0043975610  -0.0170716533  -0.0718743393   0.0515875814   0.0390141392
 8314  -0.0666936133   0.0078901552  -0.1152748813  -0.0305868453  -0.0844581879
 8315   0.1612795683  -0.0323757328  -0.0474386915  -0.0004128688  -0.0652605910
 8316  -0.0143565621  -0.0239532995  -0.0191961329  -0.0585977116   0.0363884526
 8317   0.0267026995   0.0041003301  -0.0329492729   0.0644641874  -0.0240765528
 8318   0.0817550832   0.0157111425  -0.0123459312   0.0335527852   0.0573300340
 8319  -0.0028039144  -0.0134115681   0.0066292815  -0.0185172810  -0.0059675237
 8320  -0.0144577154  -0.0003490346   0.0050940961  -0.0125935833  -0.0771743719
 8321   0.0493087099   0.0604606664   0.2328048302   0.0381139326  -0.0434650980
 8322   0.0032738625   0.0068131697  -0.0063328054   0.0456436559  -0.0060794616
 8323  -0.0239000124   0.0010782596   0.0108279116  -0.0348007622   0.0215922455
 8324  -0.0044790276  -0.0116601198   0.0013893532   0.0967857114   0.0065721655
 8325  -0.0186516447   0.0114287628  -0.0008590366  -0.0044212885  -0.0035348441
 8326   0.0004427319  -0.0016035454   0.0012949080   0.0073695812   0.0062031475
 8327   0.0057352327  -0.0029941471   0.0007177849  -0.0006445973  -0.0039840548
 8328   0.0023499868   0.0001687051  -0.0002346071   0.0002752338   0.0006489211
 8329  -0.0002843310  -0.0004843937  -0.0001425346   0.0003712887   0.0000457460
 8330   0.0000150034  -0.0001758891   0.0000305234   0.0000050894   0.0000971980
 8331  -0.0000577437  -0.0000791057  -0.0000141066  -0.0000301291  -0.0000541218
 8332   0.0001007772   0.0001126553  -0.0000369168   0.0000297247   0.0000316971
 8333   0.0000156065   0.0000302905   0.0000488005  -0.0000151756   0.0000376854
 8334   0.0000254989  -0.0000240768   0.0000346205   0.0000338851  -0.0000175009
 8335  -0.0000259479  -0.0000210309   0.0000156053  -0.0000146090   0.0000533033
 8336   0.0000012631   0.0000079006   0.0000076612   0.0000044498   0.0000063261
 8337  -0.0000024861  -0.0000003689   0.0000067249   0.0000145264   0.0000109089
 8338   0.0000058814   0.0000003353  -0.0000040735   0.0000081720   0.0000169654
 8339   0.0000152148  -0.0000289752   0.0000210826  -0.0000296022   0.0000177761
 8340  -0.0000002108   0.0000034838  -0.0000069791  -0.0000010356  -0.0000022875
 8341   0.0000049213  -0.0000019896   0.0000003341  -0.0000084641  -0.0000039136
 8342  -0.0000457555  -0.0000180385   0.0000105366   0.0000243336   0.0000086784
 8343  -0.0000309788  -0.0000190819   0.0000261981   0.0000022359  -0.0000010519
 8344   0.0000366857   0.0000057979  -0.0000013921   0.0000014862  -0.0000016471
 8345   0.0000005609  -0.0000025290   0.0000000712  -0.0000008970   0.0000000961
 8346   0.0000000722  -0.0000001833   0.0000001592   0.0000004296   0.0000007251
 8347  -0.0000004228   0.0000001207   0.0000000013   0.0000002772
 84 1  -0.0423576363  -0.0181609278  -0.1464689153  -0.0008887585  -0.0067110650
 84 2  -0.1257271693  -0.0733142733  -0.0273331546  -0.0703836002   0.0792731177
 84 3   0.0139452350   0.0358888104   0.0659080381  -0.0045997078   0.0356142729
 84 4   0.0458515200   0.0017953075  -0.1680092371  -0.0662264690   0.0242472751
 84 5   0.0218191691   0.0647131027  -0.0732545430  -0.0289725538  -0.0167957181
 84 6  -0.0448973556  -0.0269746424  -0.0578787015  -0.0036210601  -0.0010788008
 84 7   0.0416024658  -0.0023311003   0.0351465554  -0.0362216225  -0.0189424740
 84 8   0.0417988129   0.0302026333   0.0440273958   0.0792922265   0.0103500802
 84 9   0.0741649366  -0.0117378448   0.0630791347   0.0268104298  -0.1587802389
 8410  -0.0720553250   0.0183005501  -0.0663615127   0.0430297304   0.0092658285
 8411  -0.0109482917  -0.0156421294  -0.1862676719   0.1732880543  -0.0816943511
 8412   0.0448162205   0.0253997226   0.0226003009  -0.0279980601   0.0761019850
 8413   0.0154916690  -0.0215553358  -0.1599270310   0.0571959802  -0.0256734178
 8414   0.0451812639  -0.0092683865  -0.0272164918   0.1228433321   0.0124124809
 8415   0.0242697372  -0.0411690126  -0.0332217058   0.0188735360   0.0440164201
 8416  -0.0195315480   0.0106023620   0.0328858154   0.0381014415  -0.0107131832
 8417   0.0034112386   0.0116409160   0.0079011803   0.0132568515   0.0153447982
 8418  -0.0804161866   0.0697655443  -0.0032222536   0.0100227451  -0.0509585456
 8419   0.0515900040   0.0343406586  -0.0595783168  -0.0133972492   0.0065162470
 8420   0.0164298804   0.0398618169  -0.0104038718   0.0064179269   0.0541424739
 8421  -0.1894302393  -0.0133632169   0.0675844637  -0.0344942527  -0.0507231632
 8422   0.0284101293  -0.0392079498   0.0620614178  -0.0727705118   0.0089366283
 8423  -0.0098168068   0.1264351210   0.0067069531   0.0430448834  -0.0301491023
 8424  -0.0023865341   0.0099895034  -0.0233934400   0.0329261968  -0.0014883040
 8425   0.0422274894  -0.0356040681   0.0000344062   0.0436402459  -0.0050671276
 8426  -0.1034609205   0.0438413032  -0.0043143242  -0.0077426173  -0.0423202978
 8427  -0.0108205356   0.0110560912   0.0044827224   0.0212788705  -0.0078476275
 8428   0.0153055782   0.0000466969   0.0004074305  -0.0005443014  -0.0010351880
 8429   0.0007308580   0.0001839948  -0.0000058183  -0.0007585021  -0.0000926781
 8430  -0.0000992430  -0.0003736934  -0.0001941492   0.0001138031   0.0000265158
 8431  -0.0000425873   0.0001266554   0.0001222150  -0.0000208421   0.0000546596
 8432  -0.0001499170  -0.0000487603  -0.0000210820  -0.0000144317  -0.0000660136
 8433   0.0000099389  -0.0000034596  -0.0000892852   0.0000417396  -0.0000336400
 8434  -0.0000374111   0.0000374176  -0.0000283604  -0.0000715987  -0.0000085990
 8435   0.0000260123   0.0000543818  -0.0000081939   0.0000022619  -0.0000551833
 8436  -0.0000027144  -0.0000094610  -0.0000224194   0.0000083587  -0.0000052787
 8437   0.0000104103   0.0000029838   0.0000020559  -0.0000302118  -0.0000247788
 8438  -0.0000092279   0.0000041008  -0.0000116484  -0.0000148724  -0.0000054515
 8439   0.0000119760   0.0000101781  -0.0000102769   0.0000474121  -0.0000222854
 8440  -0.0000039916   0.0000005119   0.0000037258   0.0000000863   0.0000008018
 8441   0.0000058431  -0.0000001152  -0.0000044460   0.0000049789  -0.0000027019
 8442   0.0000346966   0.0000223838  -0.0000111593  -0.0000070885  -0.0000177333
 8443   0.0000278529   0.0000332746  -0.0000373099   0.0000266800  -0.0000088471
 8444  -0.0000570784  -0.0000050747   0.0000008457  -0.0000061818   0.0000008665
 8445  -0.0000029320   0.0000020029  -0.0000020271   0.0000009454   0.0000005604
 8446  -0.0000001146  -0.0000003255  -0.0000004817   0.0000011778  -0.0000018284
 8447   0.0000000627   0.0000001885  -0.0000001507  -0.0000009087
 85 1  -0.0561175364  -0.0080646414  -0.0187937923   0.0059913806  -0.0026866580
 85 2   0.0061085719   0.0691898249  -0.0420693443  -0.0188502408   0.0837400970
 85 3   0.0045382004   0.0113156053   0.0130497217  -0.0104618516  -0.0007876168
 85 4   0.0067529733   0.0008879087   0.0992003649   0.0522290011  -0.0445585490
 85 5  -0.0370241890  -0.0570289742   0.0240327738   0.0248084972   0.0196689461
 85 6  -0.0765046726   0.0527814029   0.0685799546  -0.0493885331  -0.0160039374
 85 7  -0.2272793661  -0.1239452880  -0.0017944747  -0.0111853658   0.0529279125
 85 8  -0.0419344414   0.0397189910  -0.1147142732  -0.1476834871   0.0638426554
 85 9   0.1702374481  -0.0097123447  -0.0801754940  -0.0128778969  -0.0477246105
 8510  -0.0372629435   0.0547827010  -0.2164782402  -0.1225180511  -0.0183263305
 8511  -0.0080313483  -0.0162756633  -0.0308733037   0.0713763025  -0.0329654145
 8512  -0.0357574119   0.0064504502  -0.0079712829   0.0544768166   0.0643615930
 8513  -0.0314231350  -0.1345102369  -0.0966499431   0.0349070429  -0.0067894753
 8514  -0.1313896908  -0.0431958418   0.0257341691  -0.0507398069   0.0401957970
 8515   0.0109001909  -0.0132975422  -0.0091988217  -0.0290805559   0.0846838010
 8516  -0.0072274321   0.0153175149  -0.0358800680  -0.0640536026   0.0051072281
 8517  -0.0833933432   0.0242692557   0.0624142118   0.0498025324  -0.0669016389
 8518   0.0395749840  -0.0697838906  -0.0667264955  -0.0056894170   0.0610279532
 8519   0.0158552343   0.0663384750  -0.0171400458   0.0064336946  -0.0324399340
 8520   0.0213992491  -0.0104510878  -0.0340097711  -0.0402011827   0.0756317954
 8521   0.0040064576  -0.0684096830  -0.1441851571  -0.0846914243   0.0182819713
 8522   0.0140887732   0.0130480809  -0.0015158257   0.0452365905  -0.1071994815
 8523   0.0151465292   0.0176189004   0.0054100808  -0.0467950516   0.0034049653
 8524  -0.0198015686  -0.0173744722  -0.0216693548   0.0008177149   0.0143729206
 8525   0.0128981078   0.0037293796  -0.0003636985   0.0056312332   0.0024754608
 8526  -0.0063915638  -0.0130590563   0.0004957268  -0.0004047860  -0.0058542453
 8527  -0.0019398826   0.0095101550   0.0001677835  -0.0033094648  -0.0109654753
 8528  -0.0055711026  -0.0000898909   0.0001170757   0.0002746002   0.0005419574
 8529  -0.0001595345  -0.0003918316  -0.0001559478   0.0002532848   0.0000170266
 8530  -0.0000249774  -0.0000618423   0.0000910287  -0.0000983711   0.0001005458
 8531   0.0001044743  -0.0000799583  -0.0000603409  -0.0000437532  -0.0000202614
 8532   0.0000550355   0.0000583952  -0.0000015086   0.0000454305   0.0000229253
 8533  -0.0000236034   0.0000149148   0.0000471372   0.0000052054   0.0000269886
 8534   0.0000331547  -0.0000181957   0.0000211665   0.0000380388  -0.0000359947
 8535   0.0000000127  -0.0000079554   0.0000154083  -0.0000151184   0.0000368273
 8536   0.0000043167   0.0000074171   0.0000115824   0.0000049755  -0.0000022373
 8537  -0.0000036425  -0.0000038554   0.0000047381   0.0000157860   0.0000123981
 8538   0.0000113236   0.0000064802  -0.0000089645   0.0000031653   0.0000096659
 8539   0.0000091938  -0.0000236587   0.0000231122  -0.0000401087   0.0000143074
 8540  -0.0000065909   0.0000023226  -0.0000022466   0.0000035611   0.0000018784
 8541  -0.0000037292  -0.0000047940  -0.0000020944   0.0000018365  -0.0000022991
 8542  -0.0000095983  -0.0000058548   0.0000104437   0.0000053519   0.0000062447
 8543   0.0000046485  -0.0000222215   0.0000015157  -0.0000152389   0.0000062355
 8544   0.0000308438   0.0000019673   0.0000009665  -0.0000005224  -0.0000020357
 8545  -0.0000008239  -0.0000014948  -0.0000006654  -0.0000001157   0.0000003729
 8546   0.0000000509  -0.0000000790   0.0000001374   0.0000002297   0.0000003400
 8547  -0.0000003202   0.0000002031  -0.0000005180   0.0000001841
 86 1   0.0105501105   0.0229363835  -0.0362433214   0.0359068752   0.1222101414
 86 2  -0.0110886535   0.0568136110   0.0810960955  -0.0168412310  -0.0402658708
 86 3   0.0131789674  -0.0124814381  -0.0316309832   0.0328054491   0.0017696370
 86 4   0.0397358376   0.0235185582   0.0373490661  -0.0210348430  -0.0427184525
 86 5   0.1804217440   0.0818431506  -0.0750115870  -0.0036575592   0.0229629120
 86 6  -0.1495805409  -0.0565621791   0.0194983545   0.0259953375   0.0461782797
 86 7   0.0008901854   0.0324817698  -0.0222293994  -0.0184663933  -0.0143589479
 86 8   0.0080702924  -0.0155882936  -0.0377871972   0.0797324936  -0.0403556029
 86 9  -0.0803066571   0.0114112881  -0.0691717344  -0.0233599348  -0.0777044100
 8610   0.0478182481  -0.0199449492   0.1474411969   0.0614130070  -0.0246297296
 8611  -0.0034510198  -0.0726228887  -0.0659054466   0.0272633571   0.0340867340
 8612   0.0440459547  -0.0070204054  -0.0196350047  -0.0481484617  -0.0709273361
 8613   0.0304039663  -0.1121613250   0.0516993990  -0.0206050292  -0.0068152959
 8614   0.0536741838   0.0558689874   0.0049902976  -0.1448035614  -0.0418677980
 8615   0.0126657943  -0.0274134809   0.0062069387   0.0710633721  -0.0876589080
 8616  -0.0323154752   0.0250190371   0.0306371531   0.0351948295   0.0563676156
 8617  -0.0768321596   0.0626890353   0.0632120574   0.0071901250  -0.0645772035
 8618  -0.0678823336  -0.1792877680   0.0047740349   0.0891025036  -0.0355469477
 8619   0.0051440313  -0.0238887813   0.0129127140  -0.0157362630   0.0064601608
 8620  -0.0126618259   0.0257793782   0.0243787593  -0.0488905482   0.0705993157
 8621  -0.0859664795  -0.1203548938   0.0624090488   0.1349817814  -0.0800887172
 8622  -0.0499820063   0.0321837328  -0.0163373448   0.0524377726  -0.2713968668
 8623   0.0745093839  -0.0033676138  -0.0068197949  -0.0439106834  -0.0076179909
 8624  -0.0028136040  -0.0005616882  -0.0213320039  -0.0494136524   0.0107864381
 8625   0.0213057252   0.0061503966   0.0050167470   0.0102561849   0.0019163487
 8626  -0.0049116011  -0.0124592433   0.0070986997   0.0105956479   0.0039603413
 8627  -0.0067175404   0.0006597685  -0.0017447712   0.0011296120  -0.0037740553
 8628  -0.0081287836   0.0006323532  -0.0001509604  -0.0001009268  -0.0000533773
 8629   0.0002432144   0.0001710471   0.0000562602   0.0000392646   0.0000439611
 8630   0.0000386036  -0.0004746508  -0.0000210426  -0.0000036910   0.0001241514
 8631   0.0001205505  -0.0000635529   0.0000180120   0.0000200415   0.0000205345
 8632  -0.0000080321  -0.0000817353   0.0000939028   0.0000315605   0.0000042962
 8633  -0.0000219248  -0.0000018922  -0.0000059241  -0.0000231208  -0.0000414947
 8634   0.0000098876   0.0000048953   0.0000178545   0.0000363171   0.0000071201
 8635   0.0000179884   0.0000042892  -0.0000101604   0.0000233605  -0.0000084247
 8636   0.0000028959   0.0000117179   0.0000103559   0.0000032717   0.0000052000
 8637  -0.0000017174  -0.0000103055   0.0000084590  -0.0000001182   0.0000001866
 8638  -0.0000042944  -0.0000006497  -0.0000073693   0.0000227124   0.0000012573
 8639  -0.0000218273  -0.0000064599   0.0000062591  -0.0000001243  -0.0000050389
 8640  -0.0000060426  -0.0000033762  -0.0000073530   0.0000055482   0.0000013536
 8641  -0.0000059661  -0.0000034045  -0.0000058968   0.0000005209  -0.0000029969
 8642   0.0000075261  -0.0000012433   0.0000003709  -0.0000077775   0.0000095215
 8643   0.0000272242  -0.0000102917  -0.0000003686  -0.0000033768  -0.0000117025
 8644  -0.0000128265   0.0000020329   0.0000090478  -0.0000015520  -0.0000009037
 8645  -0.0000012506  -0.0000003597  -0.0000008150   0.0000026146   0.0000002960
 8646   0.0000004662  -0.0000003719  -0.0000004463  -0.0000001049  -0.0000001258
 8647   0.0000007140   0.0000002103  -0.0000014419  -0.0000004212
 87 1  -0.0276173764  -0.0375841551   0.1213713851  -0.0512240886  -0.0624098105
 87 2   0.0044699839  -0.0633725334   0.1257089897  -0.0161539274   0.0470497307
 87 3  -0.0133350731   0.0519103847   0.0636464638  -0.0589362834   0.0325204542
 87 4  -0.0914594574  -0.0482574989   0.0733380865  -0.0351057737   0.1394186389
 87 5  -0.0194588738   0.0197123071   0.0401252708  -0.1054918368   0.1464577004
 87 6  -0.0502656107  -0.0405951351  -0.0531059571   0.1065012919  -0.0025779256
 87 7  -0.0541308714  -0.0544767830  -0.0640585649  -0.0365835273   0.0650165924
 87 8  -0.0441509031   0.0072322207  -0.0302113889  -0.0435105568  -0.0196432657
 87 9   0.0786351130   0.0058841638   0.0151331930   0.0192824980  -0.0538204215
 8710   0.0402585639   0.0792913696  -0.0206128438  -0.0008230030  -0.0263957729
 8711  -0.0508465227  -0.0420923458   0.0612840285   0.0206312620   0.0102393193
 8712  -0.0285900886  -0.0503658588   0.0117369081   0.0637044127  -0.0170466261
 8713  -0.0204508296  -0.1425445336  -0.1550712797   0.0091924322  -0.0325824574
 8714  -0.0068388522   0.1015051261  -0.0020946453  -0.2604085764  -0.0052026093
 8715   0.0172727571   0.0266396541   0.0577509199   0.1459184489  -0.1332683148
 8716   0.0220226347  -0.0172514074   0.0206492505   0.1234493028   0.0204210656
 8717   0.1141448315  -0.0088406253  -0.0835253241  -0.0329776640   0.0011107210
 8718  -0.0277739928   0.0679266619   0.0550400853  -0.0432509613  -0.0022868049
 8719  -0.0116219772   0.0186345078   0.0370672363   0.0006694188  -0.0097158080
 8720  -0.0230714840   0.0135892359   0.0073658369   0.0057724677   0.0368190074
 8721  -0.0397329176   0.0972858626  -0.0049161041   0.0556360590  -0.0668436661
 8722  -0.0334586023  -0.0286253575  -0.0292256571   0.0476349339  -0.0362088094
 8723   0.0357584917  -0.0102177133  -0.0035089296  -0.0026536089  -0.0024554892
 8724  -0.0015310510  -0.0043599146   0.0044724603  -0.0102837100  -0.0003176867
 8725   0.0310892966   0.0017044220  -0.0026396582   0.0059142022  -0.0067427266
 8726  -0.0058746653   0.0064045084   0.0353060912   0.0353154329   0.0411785996
 8727  -0.0077749664  -0.0337671590   0.0010333384   0.0103122552   0.0180340333
 8728   0.0022879606   0.0010043013  -0.0003847346  -0.0002209217  -0.0002263972
 8729   0.0002706637  -0.0001963996  -0.0001378184  -0.0000648169  -0.0000356557
 8730  -0.0000772248  -0.0002035864  -0.0000448714   0.0001783071  -0.0000544227
 8731  -0.0000546697   0.0000243119   0.0000077889   0.0000053817   0.0000014896
 8732  -0.0000569743  -0.0000204063  -0.0000384924  -0.0000514457   0.0000199945
 8733  -0.0000298635   0.0000110845  -0.0000317457   0.0000210937  -0.0000098010
 8734  -0.0000277465  -0.0000088175  -0.0000143378   0.0000065483   0.0000188339
 8735   0.0000186589  -0.0000036025   0.0000041964  -0.0000021616  -0.0000253326
 8736  -0.0000068707  -0.0000008846   0.0000009665  -0.0000044110   0.0000053570
 8737  -0.0000048459   0.0000096787   0.0000004400   0.0000047166   0.0000033895
 8738  -0.0000113523   0.0000057736   0.0000070319  -0.0000044742  -0.0000150423
 8739   0.0000173286   0.0000238930   0.0000061679   0.0000073856  -0.0000077050
 8740   0.0000015549  -0.0000115755   0.0000300775   0.0000102468  -0.0000025518
 8741   0.0000151811  -0.0000037512  -0.0000008931  -0.0000031442   0.0000059388
 8742   0.0000206084   0.0000171343  -0.0000077893   0.0000028101  -0.0000087766
 8743  -0.0000009923  -0.0000088662  -0.0000006177   0.0000066541   0.0000292430
 8744  -0.0000119827   0.0000050882  -0.0000036428   0.0000012032   0.0000026699
 8745   0.0000011877  -0.0000019001   0.0000019803  -0.0000014162  -0.0000004864
 8746  -0.0000001616   0.0000000721  -0.0000001326  -0.0000002153  -0.0000001357
 8747  -0.0000005761  -0.0000003858   0.0000007745   0.0000002994
 88 1  -0.0389963666  -0.0075185557  -0.0159417326  -0.0018289466  -0.0026866580
 88 2   0.0061085719   0.0691898249  -0.0420693443  -0.0188502408   0.0837400970
 88 3   0.0067948103   0.0026246595   0.0134821563  -0.0105993380  -0.0036672360
 88 4  -0.0081328825  -0.0150866868   0.0514574256   0.0087780125  -0.0479222578
 88 5   0.0229856454  -0.0108852782   0.0523701047  -0.0282261520   0.0180146151
 88 6  -0.0577581061   0.0054182903   0.0512451858  -0.0188558647   0.0330430529
 88 7  -0.1494002930  -0.0842314958   0.0011061499  -0.0016460346   0.0720387552
 88 8  -0.0478833959   0.0445630793  -0.0275878410  -0.1197021739  -0.0954372093
 88 9   0.0273501312   0.0183147166  -0.0627330345  -0.0035773959  -0.0144574951
 8810  -0.0573101401  -0.0002621059   0.0337889573   0.0492953345   0.0445547861
 8811  -0.0112260604  -0.0132633787  -0.0317180223  -0.0185487572   0.0461837117
 8812  -0.0163587940   0.0159083114   0.0524449472   0.0265239049   0.1055804150
 8813  -0.1003534126  -0.0278519676  -0.0950979165   0.0254580098   0.0276281087
 8814  -0.0613346055  -0.0722612020   0.0287681146  -0.0414062041   0.0289215422
 8815  -0.0132658740   0.0159911467  -0.0404923978  -0.0614056032   0.1782558808
 8816  -0.0176989202   0.0287034573  -0.0117823264  -0.0434607484  -0.0303222565
 8817  -0.0336586196  -0.0082604240   0.0084698742  -0.0926576773  -0.0059489201
 8818  -0.0550047127  -0.0328194381   0.0045942304   0.0329354884  -0.0064599248
 8819  -0.0046882433  -0.0534129024   0.0148988448  -0.0244455251   0.0241132611
 8820  -0.0475688618   0.0140811277   0.0344960110   0.0064778658  -0.1195072306
 8821  -0.1105131245  -0.0120423972   0.2427778709   0.1352470413  -0.0833251368
 8822  -0.0786689208  -0.0036874292  -0.0255098180  -0.1256934148   0.0260760649
 8823   0.0068402274  -0.0318679274  -0.0113268455   0.0604009088  -0.0052938041
 8824   0.0614253978   0.0463927858   0.0471019815  -0.0988048064  -0.0335566883
 8825  -0.0298358654  -0.0033214768   0.0041536062  -0.0067337668  -0.0006161100
 8826   0.0197406035   0.0220720014  -0.0082294602  -0.0081080529  -0.0085127706
 8827  -0.0074742062   0.0102866092  -0.0018469891   0.0037113555   0.0087658450
 8828   0.0047159483   0.0001383726  -0.0001168679   0.0000264256   0.0001129449
 8829  -0.0000092584   0.0001580455   0.0000509691  -0.0000064874  -0.0000820615
 8830   0.0000469953   0.0001341740  -0.0000297818   0.0000125013  -0.0000594657
 8831  -0.0000390676  -0.0000233078   0.0000327044   0.0000443065  -0.0000105295
 8832  -0.0000195169  -0.0000524494   0.0000267090  -0.0000273508   0.0000014588
 8833   0.0000228363  -0.0000102622   0.0000181021  -0.0000247077  -0.0000101215
 8834  -0.0000095218  -0.0000128134  -0.0000007360   0.0000136012  -0.0000029215
 8835  -0.0000086303  -0.0000084636  -0.0000145718  -0.0000010526   0.0000191697
 8836   0.0000018629  -0.0000020554  -0.0000011404  -0.0000011327   0.0000069458
 8837  -0.0000021097   0.0000021795   0.0000044021   0.0000108540  -0.0000035182
 8838   0.0000000917  -0.0000044992   0.0000014797   0.0000087237   0.0000001309
 8839  -0.0000011035   0.0000020576  -0.0000009966  -0.0000036673   0.0000072868
 8840   0.0000052474  -0.0000010939  -0.0000060058  -0.0000016883  -0.0000017107
 8841   0.0000024077  -0.0000035725   0.0000001483  -0.0000104171   0.0000004489
 8842  -0.0000171005  -0.0000079005  -0.0000054285   0.0000032762   0.0000111850
 8843  -0.0000068242  -0.0000133966   0.0000106882   0.0000012430  -0.0000003612
 8844   0.0000109426   0.0000031554  -0.0000000039   0.0000022046  -0.0000008545
 8845   0.0000011969  -0.0000006874  -0.0000002624  -0.0000001138  -0.0000001706
 8846   0.0000001898  -0.0000001237  -0.0000001496   0.0000001817  -0.0000000244
 8847  -0.0000000203   0.0000002876  -0.0000001120   0.0000003961
 89 1  -0.0147139891   0.0118449863  -0.0334130827   0.0346673497   0.1099936756
 89 2   0.0254417514   0.0271866506   0.0558076672  -0.0168533579  -0.0160219271
 89 3   0.0114579538  -0.0020335424  -0.0219622147   0.0173152471  -0.0063115173
 89 4   0.0006960925   0.0070613272   0.0129529131   0.0412574264   0.0835447670
 89 5   0.1030714409   0.0325770659   0.0012756347  -0.0070476505   0.0256503507
 89 6  -0.0424037073   0.0124897662  -0.0620100341   0.0465962234   0.0070493600
 89 7   0.1332964936   0.0244229857   0.0997899347  -0.0585882388   0.0839244754
 89 8   0.0187376933   0.0038993238  -0.0263964308  -0.0409759211  -0.1154472896
 89 9  -0.0450683937   0.0157244813  -0.0385119578   0.0036779719   0.0483560621
 8910  -0.0344981138   0.0445612709  -0.1087448770  -0.0540312764  -0.0011310185
 8911  -0.0122167207   0.0078222226   0.0163705959   0.0364057457  -0.0421444359
 8912  -0.0198931565   0.0231436574  -0.0103506635   0.0559523753   0.0839677490
 8913   0.0172506228  -0.0331248154  -0.0270160663   0.0098024841  -0.0204257233
 8914  -0.0882069401  -0.0527409805   0.0013904408   0.0418953035   0.0239881811
 8915   0.0302684082   0.0032052229   0.0378014707   0.0168346404   0.0795939077
 8916   0.0394056330  -0.0473749035  -0.0481697591  -0.0277596060   0.0348566647
 8917   0.0536758396  -0.0419064978  -0.0113146289   0.1213461399   0.0439772546
 8918   0.0971774944   0.0407532901  -0.0062819856   0.0125911917  -0.0354307140
 8919   0.0075393052  -0.0558240087   0.0095874683   0.0188826772   0.0402750679
 8920  -0.0092531308   0.0004788506   0.0170192961   0.0701989196  -0.0457139455
 8921   0.0265426662  -0.0816264258  -0.0771888376   0.1931476568   0.0095226052
 8922   0.0588281972  -0.0240567329   0.0772026774   0.1594726920   0.0221160047
 8923   0.0765113469   0.0433908473   0.0017905120  -0.1120530252  -0.1277446507
 8924   0.0010235058  -0.0053806478   0.0020609739  -0.0048835059  -0.0385489886
 8925   0.0282696224   0.0063861521   0.0079683376  -0.0020878332  -0.0122947425
 8926   0.0075587646   0.0081442763  -0.0198220157   0.0080988795   0.0098299868
 8927  -0.0068690009   0.0065391933  -0.0014814356   0.0013313538   0.0038663526
 8928   0.0082101978   0.0003328277   0.0005898314   0.0001561169   0.0003621203
 8929   0.0004270301  -0.0003674659  -0.0000739362   0.0004381928   0.0001508855
 8930  -0.0000876620  -0.0002782356  -0.0001038249   0.0001390844   0.0001818934
 8931  -0.0000287213  -0.0000241496  -0.0000511852  -0.0000867182  -0.0000513708
 8932   0.0001294571   0.0000927833  -0.0000314156   0.0000551330  -0.0000006245
 8933  -0.0000789095   0.0000718693   0.0000596021   0.0000033360   0.0000215394
 8934  -0.0000094481  -0.0000120153   0.0000123126   0.0000250940  -0.0000058709
 8935  -0.0000122238   0.0000059784   0.0000373512   0.0000302205  -0.0000114447
 8936   0.0000056783   0.0000011128   0.0000025503   0.0000098133  -0.0000096406
 8937  -0.0000042937   0.0000089867   0.0000016117   0.0000064885   0.0000139004
 8938  -0.0000060677   0.0000097736  -0.0000205361  -0.0000185029   0.0000157723
 8939   0.0000107896  -0.0000154643   0.0000150120  -0.0000324437   0.0000066480
 8940  -0.0000104862   0.0000061620   0.0000235565   0.0000026216   0.0000011921
 8941   0.0000022714   0.0000041411  -0.0000098490   0.0000054323  -0.0000063265
 8942   0.0000140497   0.0000145406   0.0000067237   0.0000058361  -0.0000065126
 8943   0.0000052639   0.0000000873  -0.0000018523   0.0000020257   0.0000097209
 8944   0.0000299005  -0.0000045820   0.0000016235  -0.0000069695  -0.0000007470
 8945  -0.0000051145  -0.0000002566   0.0000001068   0.0000000699   0.0000009458
 8946  -0.0000000376   0.0000007015  -0.0000005935  -0.0000000230   0.0000004841
 8947  -0.0000006349   0.0000008483   0.0000000987   0.0000004888
 90 1   0.0335604911  -0.0004705948   0.0371832092  -0.0250738754  -0.0400923674
 90 2  -0.0244955859  -0.0551302349   0.0718141434  -0.0475615053   0.0462841374
 90 3  -0.0000771712   0.0090239997   0.0408611836  -0.0060799364  -0.0082813576
 90 4   0.1302924518   0.0644369220   0.0883673247   0.1817914522  -0.1732648687
 90 5   0.0830163511  -0.0027952119   0.0607142532  -0.0235870638  -0.2294922152
 90 6   0.1450217313  -0.1517964467   0.0182297885   0.1442993891  -0.0690556291
 90 7   0.0323925192   0.0038779895   0.0139239032  -0.0208786591  -0.0134288600
 90 8  -0.0035058333   0.0189841863   0.0494548599   0.0702710363   0.0565875707
 90 9   0.0337306237   0.0166445640   0.0595322640   0.0052103161   0.0370970946
 9010  -0.1407190540   0.0366610591   0.0417873870  -0.0319242400  -0.0865155237
 9011   0.0174044564  -0.0648647410   0.2997985449   0.2586531037   0.1103387812
 9012   0.1692888752   0.0002839096   0.0632868218  -0.0209827161  -0.0372931387
 9013  -0.0201565107  -0.0117261223   0.0017279465   0.0443309913  -0.0993816646
 9014   0.0340286646   0.0157774690   0.0419955678  -0.0175058382  -0.0249560343
 9015  -0.0158876882  -0.0443205485   0.0314335687  -0.0563960250   0.1211803702
 9016   0.0073091996   0.0070116371  -0.0261637834   0.0049767389   0.0133162538
 9017  -0.0123263178  -0.0206406383   0.0152482684  -0.0189784988  -0.0275556548
 9018   0.0203153986   0.0353003760  -0.0228290226  -0.0175650286   0.0496399814
 9019   0.0069407085   0.0079802785  -0.0320461106   0.0071410156  -0.0006902342
 9020  -0.0008352080  -0.0125167278  -0.0032055590   0.0037521090   0.0219900127
 9021  -0.0152069351   0.0061383709   0.0234900157   0.0536849658  -0.0203080260
 9022   0.0115505264  -0.0098364477  -0.0246663749   0.0060264292  -0.0132151038
 9023   0.0058814450   0.0043426024  -0.0016646982  -0.0023940713  -0.0108497061
 9024   0.0070405636   0.0026754374   0.0071791445  -0.0123197485  -0.0062200115
 9025  -0.0006942424   0.0030169641   0.0008270748   0.0015594256   0.0019629293
 9026   0.0118357461  -0.0093114879  -0.0068058057  -0.0007063691  -0.0137509023
 9027  -0.0285381064   0.0133004523  -0.0026063254   0.0018586494   0.0056643144
 9028  -0.0103558435   0.0006304095  -0.0000735969  -0.0000615613   0.0000283145
 9029   0.0000725060  -0.0002867338  -0.0001293434  -0.0003215043  -0.0000402629
 9030  -0.0000431131   0.0006857408   0.0002839655  -0.0000493796  -0.0002902912
 9031  -0.0000352027   0.0000104579  -0.0001043543   0.0000575716   0.0000373993
 9032  -0.0001658720   0.0002092910  -0.0000839796  -0.0000220293   0.0000388810
 9033  -0.0000016408  -0.0000150917   0.0000118553   0.0000159201  -0.0000336469
 9034   0.0000244783  -0.0000087297  -0.0000237743  -0.0000283633  -0.0000015794
 9035   0.0000021317  -0.0000077543   0.0000135626  -0.0000414762  -0.0000311666
 9036  -0.0000061542  -0.0000000143  -0.0000056299  -0.0000101999   0.0000069595
 9037   0.0000005142  -0.0000129372  -0.0000044923   0.0000028120   0.0000075188
 9038   0.0000099470  -0.0000141440   0.0000235026   0.0000082013  -0.0000059674
 9039   0.0000076776   0.0000102140  -0.0000054077  -0.0000258484  -0.0000100113
 9040   0.0000063403  -0.0000016607  -0.0000163333   0.0000026407  -0.0000051507
 9041  -0.0000070812  -0.0000099964   0.0000055742   0.0000025754   0.0000066749
 9042   0.0000145263   0.0000048712   0.0000037938  -0.0000058292  -0.0000152297
 9043  -0.0000306950   0.0000187141  -0.0000047236  -0.0000204953  -0.0000286221
 9044   0.0000267103   0.0000079946  -0.0000011964   0.0000033538   0.0000038142
 9045   0.0000023139  -0.0000030722   0.0000035018  -0.0000005613  -0.0000006355
 9046   0.0000000999  -0.0000000436   0.0000008589  -0.0000001691  -0.0000001061
 9047   0.0000001582  -0.0000012374  -0.0000001810   0.0000003713
 91 1  -0.0198881763  -0.0124372938  -0.0036259274  -0.0091194050  -0.0026866580
 91 2   0.0061085719   0.0691898249  -0.0420693443  -0.0188502408   0.0837400970
 91 3   0.0161332588  -0.0037873276   0.0009591243  -0.0038937985  -0.0083854362
 91 4  -0.0159870432  -0.0422497339  -0.0008949017  -0.0372853929  -0.0417453817
 91 5   0.0903534103  -0.0367476508   0.0092873955  -0.0737848292   0.0508441636
 91 6  -0.0242360290   0.0282806057   0.0454635456  -0.0186409632   0.0423139037
 91 7  -0.0422838552  -0.0349842668   0.0679763619  -0.0152951898   0.0426049943
 91 8  -0.0881810412   0.0340429683   0.0698148586  -0.1087100011  -0.0878767543
 91 9  -0.0696456520   0.0284190678   0.0227459784   0.0222499706  -0.0033514500
 9110  -0.0865818061   0.0694003251  -0.0952898997  -0.0285105390   0.0158707505
 9111  -0.0021723354  -0.0081683949   0.0876637769  -0.0619721174   0.0495025466
 9112   0.0078144130  -0.0078270150   0.0682317204  -0.0167925610   0.0075346029
 9113  -0.0565223490  -0.1088243257   0.0524528027  -0.0454617732  -0.0158814085
 9114   0.0700165243   0.0100006999   0.0600466021   0.0284509484   0.0038352812
 9115  -0.1445166799   0.0642280794  -0.0618675306  -0.0468012773   0.0643845704
 9116  -0.0524958062   0.0547798973   0.0273622537   0.0154913525  -0.0123541646
 9117   0.0138974978  -0.0709280392  -0.0089005958  -0.0236387538   0.0233809894
 9118  -0.0370838302  -0.0514469713   0.0230973559   0.0393588439  -0.0141905359
 9119  -0.0051496628  -0.0515856116  -0.0068227447  -0.0394298070   0.0187210390
 9120  -0.0414789403   0.0175312992   0.0229035504   0.0026394069  -0.0206912697
 9121   0.0594699024   0.1051099689   0.2104425622  -0.0080365043   0.0240129323
 9122   0.0761760530   0.0006645721   0.0127616736   0.0803930017   0.0779061198
 9123  -0.0586776997   0.0103749863   0.0031239592  -0.0263268064  -0.0281618722
 9124  -0.0721738012  -0.0426703864  -0.0508597253   0.1774618410   0.0352209576
 9125   0.0220304326   0.0082404262  -0.0064359229   0.0023518882   0.0045224667
 9126  -0.0006222096  -0.0286351058  -0.0018507242   0.0013221859   0.0043488779
 9127   0.0087123882  -0.0171680628   0.0001267143  -0.0081871711  -0.0061298946
 9128  -0.0097285578   0.0003150863  -0.0004636475   0.0000988916   0.0005532954
 9129  -0.0003995943  -0.0004166092  -0.0001275973   0.0002084566   0.0000562006
 9130   0.0000664113  -0.0000242007   0.0000422693  -0.0000625884   0.0000568503
 9131   0.0000414738  -0.0000272937  -0.0000912672   0.0000157425   0.0000060890
 9132   0.0000762341   0.0000753633  -0.0000129827   0.0000116964   0.0000373732
 9133   0.0000149612  -0.0000102086   0.0000387785   0.0000131162  -0.0000174669
 9134   0.0000395522   0.0000013776   0.0000109711   0.0000008330  -0.0000101549
 9135  -0.0000113014  -0.0000007251   0.0000111909  -0.0000160914   0.0000141396
 9136   0.0000029808   0.0000152468   0.0000097240  -0.0000032839   0.0000055955
 9137   0.0000031478  -0.0000029060   0.0000064230   0.0000067810   0.0000064068
 9138   0.0000038381  -0.0000016305   0.0000127477   0.0000087733   0.0000011507
 9139   0.0000091570  -0.0000153648   0.0000160874  -0.0000262871  -0.0000087539
 9140   0.0000002038   0.0000017393  -0.0000100433   0.0000000079  -0.0000010401
 9141   0.0000049038  -0.0000047132   0.0000028980  -0.0000061466   0.0000071604
 9142  -0.0000157520  -0.0000057260   0.0000083525   0.0000042626  -0.0000077039
 9143  -0.0000169550  -0.0000018590   0.0000172456   0.0000006895  -0.0000131906
 9144   0.0000218184   0.0000066684  -0.0000003386   0.0000031857   0.0000008731
 9145   0.0000021709  -0.0000026051   0.0000011680  -0.0000007310  -0.0000003432
 9146   0.0000001264  -0.0000002040   0.0000003522   0.0000000030  -0.0000000365
 9147  -0.0000003756  -0.0000005663  -0.0000009435  -0.0000003301
 92 1  -0.0262936718  -0.0053394998  -0.0336409947   0.0104016363   0.0977772097
 92 2   0.0619721563  -0.0024403098   0.0305192390  -0.0168654848   0.0082220166
 92 3   0.0133441267   0.0019933302  -0.0121681670  -0.0011580359  -0.0057758426
 92 4  -0.0222462914  -0.0213855039  -0.0062014957   0.0861106080   0.0813608528
 92 5  -0.0011467393   0.0370611388   0.0252458530   0.0284250023   0.0527442232
 92 6   0.0874963663   0.0096971309  -0.0628867383  -0.0544646765   0.0381840184
 92 7   0.0896500807   0.0471439985   0.0668674676   0.0432594290   0.0592903562
 92 8  -0.0610809846   0.0146286611  -0.0303243929  -0.0956195801  -0.0071803963
 92 9   0.0916625170  -0.0322051026   0.0164476524   0.0258230858  -0.0874603405
 9210  -0.0689749321   0.0324541351  -0.0534625841  -0.0044648992  -0.0295905918
 9211   0.0019202781   0.0342412575   0.0322433049   0.0099037789  -0.0077314059
 9212   0.0228867916   0.0239346913   0.0009894145  -0.0414282028  -0.0679285549
 9213  -0.0185155928   0.1496280552  -0.0651056017   0.0369786601   0.0044231251
 9214   0.0337506448   0.0186517116   0.0488621350  -0.0719395878  -0.0042099096
 9215   0.0139669162  -0.0135812816   0.0008442747  -0.0151520467  -0.0410734706
 9216  -0.0294854138   0.0157424613   0.0251457218  -0.0572180799  -0.0256066500
 9217  -0.0830685147   0.0788556285  -0.0487934266  -0.1822607863  -0.0714249196
 9218  -0.1131133239   0.0025104453   0.0031121891  -0.0017213141  -0.0280600070
 9219  -0.0057560248  -0.0447223493   0.0213389367   0.0269936417   0.0091716455
 9220  -0.0158224377   0.0075488372   0.0150376613   0.0024045328   0.0556169975
 9221   0.0438880138   0.0309556686  -0.2390117835  -0.0114535133   0.1080128800
 9222   0.0500306339   0.0258191997   0.0312795344  -0.0347026058   0.0921098860
 9223  -0.0097796883  -0.0429785454  -0.0189376992   0.0559076726  -0.0882648065
 9224  -0.0229800696   0.0026670678  -0.0230036506  -0.3212062665   0.0038789162
 9225   0.0404996619   0.0085290337  -0.0114703090   0.0028341246   0.0099731448
 9226   0.0125485426  -0.0083677711  -0.0111643903   0.0101437837  -0.0076501032
 9227  -0.0076100918   0.0038203984  -0.0021536395  -0.0031587109   0.0021435224
 9228  -0.0078609035   0.0013240078  -0.0001033762   0.0004201102   0.0025098632
 9229  -0.0006054562  -0.0014780805  -0.0007115660   0.0004146623  -0.0000674862
 9230   0.0000880571  -0.0002297917  -0.0000449006  -0.0000745643   0.0002534812
 9231  -0.0000303419  -0.0002775105  -0.0002360149   0.0000372099  -0.0000248078
 9232   0.0000783850   0.0003281961  -0.0000442274   0.0000799711   0.0000753594
 9233   0.0000693521   0.0000736439   0.0001829792  -0.0000249840   0.0000214804
 9234   0.0000781972  -0.0000602786   0.0000624509   0.0000595185  -0.0000498763
 9235  -0.0000593820  -0.0000335439   0.0000184773  -0.0000597529   0.0001237738
 9236   0.0000208311   0.0000197716   0.0000422965  -0.0000000850   0.0000079571
 9237  -0.0000132906  -0.0000087569   0.0000266464   0.0000530976   0.0000373275
 9238   0.0000360557  -0.0000121919   0.0000006281   0.0000066603   0.0000244082
 9239   0.0000573639  -0.0000513169   0.0000358677  -0.0001414208   0.0000285490
 9240   0.0000050560   0.0000078394  -0.0000275169   0.0000004382  -0.0000036844
 9241   0.0000040055  -0.0000029504   0.0000102715  -0.0000177360   0.0000099576
 9242  -0.0000857378  -0.0000381712   0.0000426096   0.0000318437   0.0000144611
 9243  -0.0000769683  -0.0000543364   0.0000540725   0.0000033289  -0.0000252633
 9244   0.0001460672   0.0000155583  -0.0000091319   0.0000025833  -0.0000035891
 9245  -0.0000001867  -0.0000073122   0.0000001140  -0.0000052570   0.0000001127
 9246   0.0000001686   0.0000003658   0.0000013488   0.0000000358   0.0000006398
 9247  -0.0000017827  -0.0000001436  -0.0000006585   0.0000011250
 93 1   0.1041307560  -0.0236432241   0.0023245805  -0.0011799680  -0.0177749244
 93 2  -0.0534611557  -0.0468879365   0.0179192972  -0.0789690832   0.0455185440
 93 3   0.0305901718   0.0014005704   0.0668620942   0.0235573841  -0.0333874564
 93 4   0.0963136229  -0.0359025247  -0.0964706739   0.1449686896  -0.0830484315
 93 5  -0.1543095918   0.2166589130   0.0569345501  -0.0818655927   0.1250643971
 93 6  -0.1100273153   0.0487948089   0.1174470842   0.0055774656   0.0442178683
 93 7  -0.0147303375   0.0383399400   0.0279214047  -0.0094780345   0.0271355133
 93 8   0.0156315757  -0.0802116527   0.0137939779  -0.0045685827   0.0077487665
 93 9  -0.0354484426  -0.0108730802   0.0114733575  -0.0201525534   0.0265917928
 9310   0.0476339755  -0.0029542122   0.0216220042  -0.0022292949   0.0009722495
 9311   0.0043515933  -0.0314168752   0.0362375193  -0.0852427322  -0.0798940284
 9312  -0.0377534158   0.2234528079  -0.0124970674   0.0984206620  -0.1218787255
 9313   0.1256670926   0.0953730886  -0.0358837788  -0.1057376193   0.0337562722
 9314  -0.0238917856  -0.0082510063   0.1997901025  -0.0550578582  -0.0249394931
 9315   0.0094842022   0.0498678830   0.0288435661   0.0306080164  -0.0897781215
 9316   0.0027069274  -0.0004728786   0.0009105790  -0.0099974498  -0.0145161118
 9317  -0.0458078069  -0.0547600008   0.0264616024   0.0309280391  -0.0443604488
 9318   0.0267508403   0.0411488245  -0.0111257961   0.0060871449   0.0794536728
 9319   0.0354882056   0.0035284995  -0.0264905215  -0.0006790623   0.0144143115
 9320  -0.0119434055   0.0071197099   0.0118363859   0.0009342767   0.0191561328
 9321  -0.0209781222   0.0402029146   0.0976095748   0.0183017615  -0.0637287493
 9322  -0.0083902078   0.0029998178   0.0232378283  -0.0347657180   0.0241674159
 9323  -0.0078395292   0.0234282335  -0.0051502755   0.0021793475  -0.0059389739
 9324   0.0019026343   0.0031324459  -0.0095472898  -0.0005506134   0.0069049793
 9325  -0.0045323821   0.0000492558   0.0049243921   0.0054955755  -0.0114239835
 9326   0.0342732761   0.0152499442  -0.0147545890  -0.0374182017   0.0285867323
 9327   0.0062808501  -0.0059516982  -0.0032023306  -0.0114130206   0.0146171168
 9328   0.0041668676  -0.0002368952   0.0003763193  -0.0000914023  -0.0014908072
 9329   0.0004642424   0.0006775218   0.0004245177  -0.0004138058   0.0000174667
 9330  -0.0000929821   0.0003556330   0.0000606360   0.0000346407  -0.0003131632
 9331  -0.0000379938   0.0002725131   0.0002413254  -0.0000366436   0.0000451813
 9332  -0.0001104172  -0.0000853004  -0.0000624977  -0.0000341236  -0.0000289265
 9333  -0.0000673862  -0.0000274158  -0.0001907370   0.0000213213  -0.0000080857
 9334  -0.0000718383   0.0000334072  -0.0000427750  -0.0001312481   0.0000290858
 9335   0.0000246769   0.0000426357  -0.0000006194   0.0000309471  -0.0000882698
 9336  -0.0000179123  -0.0000298611  -0.0000634479   0.0000071789  -0.0000075534
 9337   0.0000115274   0.0000091643  -0.0000226063  -0.0000464022  -0.0000345968
 9338  -0.0000326190   0.0000069533  -0.0000040735  -0.0000189675  -0.0000110199
 9339  -0.0000293175   0.0000321674  -0.0000260449   0.0001184772  -0.0000432306
 9340  -0.0000076504  -0.0000025217   0.0000223390   0.0000024748  -0.0000009817
 9341   0.0000008014  -0.0000008471  -0.0000086629   0.0000136423  -0.0000053294
 9342   0.0000670100   0.0000286064  -0.0000342932  -0.0000103113  -0.0000440000
 9343   0.0000380634   0.0000900625  -0.0000389227   0.0000093457   0.0000121573
 9344  -0.0001064850  -0.0000077613   0.0000025219  -0.0000077119   0.0000038793
 9345  -0.0000033180   0.0000035814   0.0000000805   0.0000027893   0.0000004380
 9346  -0.0000002670  -0.0000003293  -0.0000008598   0.0000000156  -0.0000007350
 9347   0.0000004299   0.0000003013   0.0000003884  -0.0000006997
 94 1   0.0303971412  -0.0172921725   0.0312314081  -0.0122288977  -0.0026866580
 94 2   0.0061085719   0.0691898249  -0.0420693443  -0.0188502408   0.0837400970
 94 3   0.0189018555  -0.0132652688  -0.0171439711   0.0146413629  -0.0243755164
 94 4  -0.0117381796  -0.0251543869   0.0159656958  -0.0675976879  -0.0470781662
 94 5   0.1196964993  -0.1050173665  -0.0077585360  -0.1196459112   0.0457562457
 94 6   0.0080896971  -0.0508372375   0.0115715149   0.0035045896   0.1332356738
 94 7  -0.0148537109  -0.0192321100   0.1128764440   0.0348257527   0.0891867349
 94 8  -0.0891207033  -0.1053078865   0.0969193679  -0.1343890988   0.0607286451
 94 9  -0.0438033285  -0.0012448348   0.0588668427   0.0728863145  -0.0374345977
 9410  -0.0069205251   0.0997585695  -0.0240469708   0.0230457830   0.0097653647
 9411   0.0022145799  -0.1514387433   0.0608105514  -0.0137684258   0.0110615766
 9412  -0.0741141075   0.0569993249   0.0924036345  -0.0873764104   0.1149162438
 9413   0.0873918396  -0.0225699304   0.0444300866  -0.0571407699   0.0564881622
 9414   0.0948526641  -0.0190366386   0.0582323477   0.1107652174  -0.0269166503
 9415   0.0761228157   0.0903769483  -0.1092819604   0.1067409080  -0.0155586726
 9416  -0.0018180480  -0.0109181829   0.0565743212   0.0495207119  -0.0338095740
 9417  -0.0263308670  -0.0779148172  -0.0108667645   0.0611116119   0.0192508830
 9418   0.0285916620  -0.0337515162   0.0081576026  -0.0556444148  -0.0062021367
 9419  -0.0156836697   0.0288937211  -0.0014050832   0.0190118593   0.0009870719
 9420   0.0378996479  -0.0265376658  -0.0156144587   0.0344208196   0.0792156960
 9421   0.0254087692  -0.0880908477  -0.2538008318  -0.0033494650   0.0101750201
 9422  -0.0290522575   0.0036344311  -0.0190473784   0.0103587135  -0.0192725803
 9423   0.0520528058  -0.0023120350  -0.0037101081   0.0044100855   0.0334239298
 9424   0.0285938544   0.0162539940   0.0182225144  -0.0785259014  -0.0120847290
 9425  -0.0098410310  -0.0117731910   0.0063989418  -0.0005872476   0.0004988328
 9426  -0.0020661182   0.0082249057   0.0069715631  -0.0077281321   0.0031329079
 9427  -0.0008662530   0.0086039780   0.0001198650   0.0044431463   0.0045843607
 9428   0.0041673848  -0.0006756548   0.0007103356  -0.0006323892  -0.0018871522
 9429   0.0011644880   0.0010386221   0.0003183021  -0.0009453581  -0.0001151900
 9430  -0.0000999254  -0.0002348316  -0.0002150386   0.0002488956  -0.0001135758
 9431  -0.0000459638   0.0001875194   0.0001905926   0.0000274259   0.0000841279
 9432  -0.0002656464  -0.0002360339   0.0000399053  -0.0000747498  -0.0000820861
 9433  -0.0000564071  -0.0000381234  -0.0001739321   0.0000228572  -0.0000767766
 9434  -0.0000901139   0.0000576012  -0.0000602121  -0.0000824558   0.0000509356
 9435   0.0000543168   0.0000380234  -0.0000201448   0.0000405012  -0.0001227657
 9436  -0.0000077682  -0.0000274680  -0.0000340995   0.0000016455  -0.0000115986
 9437   0.0000133117   0.0000064067  -0.0000170741  -0.0000466226  -0.0000360295
 9438  -0.0000238347   0.0000017849  -0.0000105172  -0.0000156288  -0.0000207568
 9439  -0.0000294103   0.0000610037  -0.0000529348   0.0001119373  -0.0000231777
 9440   0.0000013758  -0.0000051990   0.0000184828  -0.0000011729   0.0000055857
 9441   0.0000000479   0.0000093495  -0.0000068108   0.0000162642  -0.0000046300
 9442   0.0000918009   0.0000387080  -0.0000300521  -0.0000355136  -0.0000152777
 9443   0.0000600747   0.0000519888  -0.0000563141   0.0000221468  -0.0000061563
 9444  -0.0001236456  -0.0000139346   0.0000052784  -0.0000071713   0.0000046514
 9445  -0.0000033028   0.0000059854   0.0000002442   0.0000033793  -0.0000001349
 9446  -0.0000001658   0.0000003794  -0.0000009958  -0.0000009364  -0.0000012776
 9447   0.0000011597   0.0000004528   0.0000008554  -0.0000011798
 95 1  -0.0055081344  -0.0095053799  -0.0594383006  -0.0447024392   0.0855607439
 95 2   0.0985025612  -0.0320672702   0.0052308107  -0.0168776117   0.0324659602
 95 3   0.0041491340   0.0076737212  -0.0019620102  -0.0181466060   0.0106986368
 95 4  -0.0204565481  -0.0036159957  -0.0516638559   0.0537518496   0.0227265249
 95 5  -0.0199331133   0.0516258031  -0.0110271848   0.0585479593   0.0537367254
 95 6   0.1911508376  -0.0780783112   0.0660833396  -0.0276994507   0.0599531646
 95 7   0.0109054781   0.0046902314   0.0017075541   0.0178256370  -0.0770736747
 95 8  -0.0856282917   0.0633027685  -0.0837187589   0.0603590193   0.0638923146
 95 9   0.0264723879  -0.0341783065   0.0303798339   0.0285292539  -0.0143705343
 9510   0.0683716193  -0.1212807096   0.0883909419   0.0591363160  -0.0215925523
 9511   0.0113477599  -0.0090268452  -0.1153702230   0.0128752368   0.0526533785
 9512   0.0058002476  -0.0240511036  -0.0291484391   0.0450052463   0.0056825698
 9513   0.0229219583  -0.1230201907  -0.0229272420  -0.0637455350  -0.0450748381
 9514  -0.0610139869  -0.0375400535   0.0726155090   0.0262863887   0.1200014723
 9515  -0.1658401562   0.0234957944   0.0328053531  -0.0890682142   0.0747223655
 9516   0.0205761472   0.0498336893  -0.0172391932   0.1121276189  -0.0030999233
 9517   0.0854613197  -0.1191527442   0.0765232300  -0.0078365864   0.0656023703
 9518   0.0337761900  -0.0461294611   0.0128469349  -0.0407377980  -0.0182281412
 9519  -0.0149110576  -0.0097583065  -0.0251651397  -0.0038167176   0.0431109964
 9520  -0.0068471913   0.0106380401   0.0238053687   0.0190510823   0.1195924309
 9521  -0.0332963679  -0.0599651577  -0.1393828694  -0.1545772283  -0.0088081064
 9522  -0.1182549160   0.0235474094  -0.0904528266  -0.0659100556   0.0323591425
 9523   0.0062278650  -0.0614742074  -0.0258358294   0.0021025735  -0.0353647413
 9524  -0.0166189654   0.0107345995  -0.0071097594   0.0187339858  -0.0057507534
 9525   0.0060444699  -0.0087345989   0.0061590552  -0.0017719877   0.0024980002
 9526   0.0170491758  -0.0110150917  -0.0062952087  -0.0154095316   0.0034682899
 9527   0.0025099756  -0.0022038113  -0.0020106058  -0.0033175558   0.0067337544
 9528  -0.0062103571  -0.0010251870   0.0003992312  -0.0001579717  -0.0008438931
 9529   0.0006189960   0.0008860338   0.0004133006  -0.0005350175  -0.0000630484
 9530  -0.0000418422  -0.0002162291  -0.0003478728   0.0000369595   0.0001224039
 9531   0.0000809040   0.0000364513   0.0000706849  -0.0000660484   0.0000203746
 9532  -0.0000760981  -0.0001901524   0.0000927941  -0.0000411860  -0.0000142542
 9533   0.0000025818   0.0000315948  -0.0000211990   0.0000148083  -0.0000258035
 9534  -0.0000532102   0.0000508387  -0.0000309727   0.0000008602   0.0000286640
 9535   0.0000454872   0.0000611012  -0.0000388765   0.0000398805  -0.0000841063
 9536  -0.0000046827  -0.0000025180  -0.0000029189   0.0000060600  -0.0000006100
 9537   0.0000021127  -0.0000006932  -0.0000059698  -0.0000264637  -0.0000153368
 9538  -0.0000114337   0.0000150709  -0.0000071084   0.0000005478  -0.0000031799
 9539  -0.0000175428   0.0000314240  -0.0000238604   0.0000375037  -0.0000003319
 9540   0.0000039789  -0.0000039742   0.0000088607   0.0000021970   0.0000038820
 9541  -0.0000003807   0.0000074490  -0.0000082457   0.0000123361  -0.0000033967
 9542   0.0000521664   0.0000312492  -0.0000098742  -0.0000306121  -0.0000004886
 9543   0.0000830717   0.0000352972  -0.0000435729   0.0000152465   0.0000024886
 9544  -0.0000604264  -0.0000117984   0.0000098802  -0.0000024116  -0.0000027857
 9545  -0.0000011623   0.0000050466  -0.0000044591   0.0000037693   0.0000003213
 9546   0.0000001625  -0.0000004924  -0.0000008543  -0.0000001682  -0.0000006651
 9547   0.0000008478  -0.0000002672   0.0000000200  -0.0000003964
 96 1   0.0031302933  -0.0599313281   0.0494496552   0.0028636886   0.0045425187
 96 2  -0.0824267255  -0.0386456381  -0.0359755491  -0.1103766611   0.0447529506
 96 3   0.0570291384  -0.0427983482  -0.0009920529   0.0410651815  -0.0649853353
 96 4  -0.0351419845  -0.1519758588   0.0986841260  -0.0464706339   0.0588840320
 96 5  -0.0073880640   0.0546892617  -0.0524223406   0.0100848129  -0.0486627261
 96 6   0.0150589480  -0.0377651756   0.0258626173   0.0270598473   0.0045657458
 96 7   0.0320964002  -0.0291617067   0.0251224352  -0.1478563078  -0.1366201174
 96 8   0.0292779800   0.1263771704   0.0106907366  -0.0595620860   0.0193398185
 96 9   0.0093115824  -0.0296386294   0.0301149259  -0.0612327492   0.0236612101
 9610   0.0057832579   0.0116292484  -0.0456765149   0.0116834225  -0.0047411645
 9611   0.0185430851  -0.0293806888  -0.0258026844  -0.0426094070   0.1604707973
 9612  -0.1137899583  -0.1883254565  -0.1382113246  -0.0566664458   0.0090207454
 9613   0.0407464349   0.1183155360  -0.0390143667   0.0540503464  -0.0266027431
 9614  -0.0063793250  -0.0466030423   0.0792626686  -0.0161338971   0.1178108715
 9615   0.0591509080  -0.0703841040  -0.0853545993   0.0932065187   0.1013236161
 9616   0.0228477529  -0.0379661889   0.0531892023   0.0005271295   0.0124315200
 9617  -0.1045930857  -0.0164714957  -0.0143315333   0.0394329379  -0.0377287776
 9618   0.0344416736   0.0315906930   0.0017493975  -0.0258348845   0.0426737256
 9619   0.0049765377  -0.0062862024   0.0096062332  -0.0010823637   0.0128398043
 9620   0.0029368239   0.0222762798   0.0169102088   0.0145804649   0.0071881310
 9621  -0.0038677233   0.0019666224   0.0748311295  -0.0450230920  -0.0003998982
 9622  -0.0184830823   0.0243787874   0.0170010612  -0.0524391138   0.0042953784
 9623   0.0073196268   0.0184546787   0.0034948638  -0.0022122221  -0.0040304464
 9624  -0.0035284543  -0.0024130818  -0.0002679590   0.0251305860  -0.0048965384
 9625   0.0438719343   0.0059065572  -0.0051887764  -0.0150074215   0.0044995201
 9626  -0.0132891893  -0.0147220073   0.0019532443   0.0197630439  -0.0195958585
 9627   0.0030878149   0.0024242566  -0.0020435679  -0.0048624433   0.0056413865
 9628  -0.0313041547   0.0010010523   0.0000107699  -0.0001258705   0.0002204337
 9629   0.0000039198  -0.0004163213  -0.0002500283   0.0000666822   0.0000238284
 9630   0.0000214106   0.0002632575   0.0001046486  -0.0001406626  -0.0001109525
 9631  -0.0000059998   0.0000055972  -0.0000271514   0.0000119357   0.0000131550
 9632   0.0001171879   0.0001530004  -0.0001425744   0.0000171452   0.0000162159
 9633  -0.0000071326   0.0000133106  -0.0000023774   0.0000141127  -0.0000100984
 9634   0.0000275827   0.0000250960   0.0000050418  -0.0000040179  -0.0000180819
 9635  -0.0000130929  -0.0000203805   0.0000483134  -0.0000229285   0.0000329707
 9636  -0.0000055075   0.0000014711   0.0000042257   0.0000016618  -0.0000074549
 9637   0.0000049899   0.0000012184   0.0000094899   0.0000073039   0.0000103607
 9638   0.0000053273  -0.0000009009   0.0000044966  -0.0000131653  -0.0000024615
 9639   0.0000193799  -0.0000254181   0.0000257151  -0.0000106912   0.0000188860
 9640  -0.0000080252  -0.0000085133  -0.0000071275   0.0000047446  -0.0000020776
 9641   0.0000014101   0.0000004056   0.0000046560  -0.0000093098   0.0000073806
 9642  -0.0000116641  -0.0000125897   0.0000013631   0.0000120737  -0.0000099308
 9643  -0.0000102382   0.0000140041   0.0000121529  -0.0000087578  -0.0000068460
 9644   0.0000212761   0.0000037586  -0.0000079382  -0.0000010155   0.0000043996
 9645  -0.0000012901  -0.0000027245   0.0000039919  -0.0000031315  -0.0000005221
 9646  -0.0000003258   0.0000009760   0.0000005684  -0.0000002277   0.0000012530
 9647  -0.0000000215   0.0000001033  -0.0000005875  -0.0000019667
 97 1  -0.0679151464   0.0037537024  -0.0194251905   0.0230483107   0.0078931142
 97 2  -0.0255276941   0.0948475312  -0.0201689179  -0.0188397386   0.0627442210
 97 3   0.0071858597  -0.0005671066  -0.0057954378   0.0046435103  -0.0072837031
 97 4  -0.0092197567  -0.0095056442   0.0264529980   0.0100388708  -0.1429997298
 97 5  -0.0053628244  -0.0189617758   0.0471224335   0.0000325714  -0.0038007233
 97 6   0.0137582573   0.0120035911  -0.0333507125  -0.0475248784  -0.1119738538
 97 7  -0.0660127603  -0.1235445160  -0.1521062849   0.0249674739   0.0460121870
 97 8  -0.0268283658   0.0476071422   0.0064035642  -0.1193101898  -0.1215787483
 97 9   0.0183415933  -0.0099357801   0.0592435674   0.0111755504   0.0078622767
 9710  -0.0755842832  -0.1466519185   0.1921663241   0.0827308063   0.0420250911
 9711  -0.0123539525  -0.1327556478  -0.1370935156  -0.0670498157  -0.0553661236
 9712  -0.0130870818  -0.0054486611  -0.0217461505   0.0047384987  -0.1862023434
 9713  -0.0293058726   0.0216058227   0.0695867740   0.1396778999  -0.0860810041
 9714   0.0204487999   0.0518119154  -0.0083452562  -0.0342732136  -0.0780144376
 9715   0.0269969626  -0.1344830552   0.0069955198   0.0336940552  -0.0860458342
 9716   0.0049435904   0.0330826113   0.0145726413   0.0752781845   0.0228398570
 9717   0.0190093108  -0.0413478098   0.0273447331  -0.0277011733  -0.0283003952
 9718   0.0403936961   0.0154409272   0.0045631822  -0.0239935547   0.0259271964
 9719   0.0219054664   0.0212422642  -0.0320797828   0.0271253798   0.0033324890
 9720   0.0670785036  -0.0146998241  -0.0110887963   0.0465821938   0.0145579481
 9721   0.0691143945  -0.0510668877  -0.0448517287   0.1231987692   0.1158071682
 9722   0.1257610115   0.0275708136   0.0406442979   0.0531153577   0.1183246404
 9723   0.0039590748  -0.0172967768   0.0010861114   0.0357097762  -0.0493375036
 9724   0.0011529196   0.0075139013   0.0111548476   0.1783760286  -0.0207831093
 9725  -0.0061478357   0.0016273373   0.0033629790  -0.0102266942   0.0082374932
 9726  -0.0010156090   0.0095796701  -0.0084688524   0.0218579901   0.0063784568
 9727   0.0063015452  -0.0066160686   0.0000440880   0.0045060150   0.0080224865
 9728   0.0149728793   0.0005636510  -0.0001248894   0.0000841276   0.0011359486
 9729  -0.0005898783  -0.0005167282  -0.0002605707   0.0005094361   0.0000623677
 9730  -0.0000056657  -0.0005248520  -0.0002419268  -0.0000309501   0.0002897283
 9731  -0.0000146699  -0.0000540124  -0.0000355247  -0.0000517250  -0.0000770252
 9732   0.0001701349  -0.0000065080  -0.0000080504   0.0000615984   0.0000215856
 9733   0.0000299954   0.0000485545   0.0000545448  -0.0000156864   0.0000667736
 9734   0.0000213089  -0.0000261526   0.0000129615   0.0000488832  -0.0000306829
 9735  -0.0000215268  -0.0000211341   0.0000116879  -0.0000044297   0.0000600050
 9736   0.0000045627   0.0000003975   0.0000135666   0.0000019967  -0.0000021102
 9737  -0.0000039273   0.0000149146   0.0000076157   0.0000184323   0.0000106583
 9738   0.0000066410   0.0000118985  -0.0000154307  -0.0000155320   0.0000050547
 9739   0.0000301046  -0.0000293001   0.0000245059  -0.0000456067   0.0000283494
 9740   0.0000020533   0.0000033736   0.0000136552  -0.0000035825  -0.0000021738
 9741   0.0000103267   0.0000081033   0.0000002676  -0.0000064610  -0.0000020728
 9742  -0.0000417023  -0.0000081675   0.0000093630   0.0000180828   0.0000156334
 9743  -0.0000250076  -0.0000348582   0.0000200687   0.0000109763   0.0000249801
 9744   0.0000408931  -0.0000007800  -0.0000068638   0.0000010443  -0.0000033023
 9745   0.0000000784  -0.0000006458  -0.0000012218  -0.0000031555   0.0000003021
 9746  -0.0000002767   0.0000006171   0.0000000566   0.0000003406   0.0000010425
 9747  -0.0000010242   0.0000002870   0.0000004215   0.0000005279
 98 1  -0.0424808934   0.0037688316  -0.0195228474   0.0479475688   0.1161019085
 98 2   0.0071765490   0.0420001308   0.0684518813  -0.0168472944  -0.0281438990
 98 3   0.0148083150  -0.0062754808  -0.0397849304   0.0183830800  -0.0030645078
 98 4   0.0108011427   0.0163847546   0.0241409151   0.0345741274   0.0373099796
 98 5   0.0309490543   0.0279808058  -0.0253164672   0.0028436323  -0.0148093307
 98 6  -0.1067537445  -0.0237883472   0.0056386255   0.0748622763   0.0044363823
 98 7   0.0460054821   0.0134843340   0.0391477272  -0.0688488527   0.0600204189
 98 8   0.0552989752  -0.0507884276  -0.0821499449   0.0440488674   0.0796638846
 98 9  -0.0043278721   0.0204081078   0.0371396146  -0.0432283263   0.0469838506
 9810   0.0149382461   0.0823567604  -0.0613519426  -0.1550844957  -0.0654811237
 9811   0.0104793652  -0.0958262918   0.0154522541   0.1243843501  -0.0813387733
 9812   0.0001369233  -0.0496389441   0.0036726336   0.0315106070  -0.0006000014
 9813  -0.0252309280  -0.0915044463   0.0885834032  -0.0922010248  -0.0014556287
 9814  -0.1177096567  -0.0004825146  -0.0159592683   0.0414213842   0.1316999629
 9815   0.0041251641   0.0522477096  -0.0892450221   0.1240693682  -0.1416772647
 9816  -0.0339267468   0.0298988282  -0.0091631877  -0.0213251120   0.0322734318
 9817   0.0360078849   0.0015723654  -0.0221439996   0.0409952782  -0.0219498917
 9818  -0.0052185704  -0.0544014388  -0.0003694678   0.0296553168  -0.0738195705
 9819   0.0251890206  -0.0127878882  -0.0017052090   0.0085862003   0.0002608322
 9820   0.0097574808   0.0296115599  -0.0006890606  -0.0075766383   0.1149994332
 9821   0.0550924319   0.0458949384   0.0796082884  -0.0196414228   0.1124793581
 9822   0.0595389330   0.0350545670  -0.0046424640  -0.0547302579   0.2319867563
 9823  -0.0990179763  -0.0401963245   0.0006045834   0.1142338706   0.0266339186
 9824   0.0232298027   0.0201702739   0.0236006648   0.1228793212  -0.0028253935
 9825  -0.0285567504   0.0107682010  -0.0062411290  -0.0076036743   0.0085420450
 9826   0.0083096798   0.0150184075  -0.0049331703   0.0029461341  -0.0066886153
 9827   0.0116112539  -0.0070871793   0.0019212115   0.0017006923   0.0015915262
 9828   0.0046295395   0.0002598315  -0.0006366380   0.0001953739   0.0008291923
 9829  -0.0005469102  -0.0007718984  -0.0003005941   0.0001800727  -0.0000860540
 9830   0.0000736776   0.0002654135   0.0002986434  -0.0000639782  -0.0001466157
 9831  -0.0000409301  -0.0000562838  -0.0001051351   0.0001039878  -0.0000242118
 9832   0.0000127691   0.0001935106  -0.0000575328  -0.0000198486   0.0000477852
 9833   0.0000738094  -0.0000491829   0.0000316058  -0.0000034167  -0.0000047209
 9834   0.0000518074  -0.0000480300   0.0000204717  -0.0000137400  -0.0000045938
 9835  -0.0000376761  -0.0000409168   0.0000104315  -0.0000565471   0.0000603047
 9836  -0.0000003747   0.0000056467  -0.0000030442  -0.0000127851   0.0000147305
 9837  -0.0000040869  -0.0000079113   0.0000066441   0.0000277483   0.0000126953
 9838   0.0000140357  -0.0000175000   0.0000231098   0.0000205621   0.0000056997
 9839   0.0000224662  -0.0000108290   0.0000195711  -0.0000564229  -0.0000035283
 9840   0.0000038226   0.0000040279  -0.0000202323  -0.0000013138  -0.0000031715
 9841  -0.0000016534  -0.0000116399   0.0000110313  -0.0000167960   0.0000083547
 9842  -0.0000519680  -0.0000261312   0.0000133122   0.0000162077  -0.0000017240
 9843  -0.0000699811  -0.0000334492   0.0000421150  -0.0000151461  -0.0000089150
 9844   0.0000786486   0.0000195977  -0.0000061569   0.0000067330   0.0000023691
 9845   0.0000039062  -0.0000069689   0.0000038762  -0.0000029500  -0.0000009216
 9846   0.0000004118   0.0000002164   0.0000011730   0.0000001778   0.0000002220
 9847  -0.0000005882  -0.0000002047  -0.0000005451   0.0000010374
 99 1  -0.0168806918  -0.0124909522   0.0753301636  -0.0015798651  -0.0511562267
 99 2   0.0477704508  -0.0287038860   0.1170666026  -0.0561469980   0.0125295500
 99 3  -0.0019001398   0.0139240428   0.0438480782  -0.0014366400   0.0115355745
 99 4   0.0630027587   0.0354267744   0.0226055265  -0.0688668706   0.0683306665
 99 5   0.1882386823   0.0230148002   0.0371527733  -0.0698644625  -0.0094553966
 99 6   0.0086807661  -0.0160224678   0.1664729779  -0.1561034827  -0.0872763419
 99 7  -0.0423827762  -0.0683676066   0.0079254764  -0.0360424930   0.0287082141
 99 8   0.0585372099   0.0017331759  -0.0342665237  -0.0103383703   0.0105484107
 99 9   0.0381347058   0.0335278153   0.0185256145   0.0130092760  -0.0950435316
 9910   0.0583974215  -0.0985862554  -0.0307990047   0.1050063557  -0.0328965994
 9911  -0.0402189149   0.0133164184  -0.0198227426   0.0407754277  -0.0288620937
 9912  -0.0837082874   0.0106709756  -0.0068427052  -0.0189826789  -0.0950977545
 9913  -0.0069911969   0.1857471742   0.1563087802   0.0481042282   0.0553398149
 9914  -0.0307861102  -0.0618007707   0.0127258923   0.2373027056   0.0041404253
 9915  -0.0873408931  -0.0789754418  -0.0518579421  -0.0358111592   0.0820640620
 9916  -0.0188209575   0.0166131877  -0.0363510397  -0.0080506316  -0.0487661367
 9917   0.0315251671  -0.0079116018  -0.0553269275   0.0200356690   0.0082930778
 9918   0.0325339245   0.0218499638  -0.0167319380  -0.0673838901  -0.0020130446
 9919   0.0031503366   0.0171124686   0.0767480579   0.0155814242  -0.0104065629
 9920  -0.0551517818   0.0412791434  -0.0070963022  -0.0142656860   0.1729066215
 9921  -0.0819768125   0.0421609947   0.0614775821   0.0773278299  -0.0324961611
 9922   0.0092110711  -0.0348155637  -0.0364337241   0.1089267834  -0.0495391089
 9923  -0.0685534876  -0.0322810782   0.0019236059  -0.0309226008  -0.0081673476
 9924   0.0133066253  -0.0003394585   0.0053309266  -0.0363270660  -0.0022727558
 9925   0.0626392577   0.0454272328  -0.0011567102   0.0199224932  -0.0078868400
 9926  -0.0304844332  -0.0378912888  -0.0046174314  -0.0523146415  -0.0079577799
 9927   0.0367565173  -0.0015850507   0.0019177275  -0.0202490477  -0.0258288292
 9928  -0.0058961904  -0.0011176126   0.0001266825  -0.0008138902  -0.0012828053
 9929   0.0000016252   0.0004885107  -0.0000361022  -0.0003926210  -0.0000985593
 9930  -0.0000631096   0.0000768168   0.0000687709   0.0001110875  -0.0001853065
 9931  -0.0000212018   0.0000872803   0.0001174975   0.0000246882   0.0000402545
 9932  -0.0001460153  -0.0000807572  -0.0000808906  -0.0001126893  -0.0000353460
 9933   0.0000096602  -0.0000661855  -0.0000936686  -0.0000136357  -0.0000450686
 9934  -0.0000447341   0.0000332500  -0.0000897312  -0.0000370066   0.0000282744
 9935   0.0000105372   0.0000021245  -0.0000077399  -0.0000191893  -0.0000293474
 9936  -0.0000075783  -0.0000027611  -0.0000114511  -0.0000046642  -0.0000038045
 9937   0.0000009238   0.0000052914  -0.0000102212  -0.0000194712  -0.0000061055
 9938  -0.0000085826   0.0000081385   0.0000134871  -0.0000198208  -0.0000334188
 9939   0.0000193476   0.0000431994  -0.0000033876   0.0000603621  -0.0000252151
 9940  -0.0000088014  -0.0000091616   0.0000180607   0.0000068335   0.0000086058
 9941   0.0000065231   0.0000025240   0.0000050896  -0.0000028819   0.0000016933
 9942   0.0000326613   0.0000111911  -0.0000189915  -0.0000248276   0.0000053035
 9943   0.0000176577   0.0000146461  -0.0000036960   0.0000174810   0.0000321479
 9944  -0.0000648934  -0.0000017909  -0.0000098192   0.0000029283   0.0000030194
 9945   0.0000034556   0.0000014171   0.0000006730  -0.0000019167  -0.0000009728
 9946  -0.0000003597  -0.0000000867   0.0000002102  -0.0000003213  -0.0000009329
 9947   0.0000007886   0.0000018941  -0.0000000604  -0.0000000142
100 1  -0.0469745664  -0.0013739064  -0.0057464465   0.0183337096   0.0078931142
100 2  -0.0255276941   0.0948475312  -0.0201689179  -0.0188397386   0.0627442210
100 3   0.0146287198  -0.0021801017  -0.0023176842  -0.0035173208  -0.0070534247
100 4  -0.0413255535  -0.0121211412   0.0110174207  -0.0041066054  -0.0779990383
100 5   0.0168101466  -0.0170450804   0.0303031750  -0.0531733575   0.0777844889
100 6   0.0045342109  -0.0020887148  -0.0283839542  -0.0660934184   0.0041575438
100 7  -0.0214555629  -0.0291007115  -0.0994318576   0.0090884500   0.0800698003
100 8   0.0583594484   0.0211628720  -0.0017422562  -0.0872203346  -0.1622262753
100 9  -0.0540816322   0.0178545380   0.0404849162  -0.0052181682   0.0336764913
10010  -0.1046195808  -0.0902123557   0.0695674556   0.0629819355   0.0092369045
10011   0.0024411447  -0.0417420808   0.0405913381   0.0890978941  -0.0024617366
10012   0.0085142119  -0.0332977241  -0.0140812496   0.0074563909  -0.0544438953
10013   0.0117575220  -0.0401018621   0.0244786002  -0.0302993131  -0.0888186102
10014  -0.0221053750  -0.0259635406  -0.0270871135   0.0649189375  -0.0574324253
10015   0.0666428277  -0.0820754722   0.0770103982   0.0405381874  -0.0347066511
10016   0.0073356545  -0.0663145243  -0.0455169520  -0.0451112233   0.0449928239
10017   0.0821030567   0.0012778208   0.0040856063   0.1585723319   0.0247740583
10018   0.0535584910   0.0405552849  -0.0026469425   0.0772776108  -0.0241747838
10019   0.0253371198  -0.0679786982  -0.0278334926  -0.0086295819   0.0288072825
10020  -0.0100938313   0.0294691455   0.0180569284  -0.0297650720   0.0549977767
10021  -0.0014343707   0.0674915755  -0.0505926063  -0.1323719435  -0.0500755255
10022  -0.1263905945  -0.0202232030   0.0228669465  -0.0494914147   0.0758316486
10023  -0.0022959749   0.0215259250   0.0048574806   0.0062534717   0.0883535399
10024   0.0015824000  -0.0094692744  -0.0200862649  -0.3389966103   0.0413091748
10025  -0.0069882196  -0.0056068607  -0.0146457277   0.0152530170   0.0003183835
10026   0.0035870500  -0.0064466471   0.0375190802   0.0037112113  -0.0056634672
10027  -0.0097088513   0.0033794351   0.0020808565   0.0031644143  -0.0081677986
10028  -0.0192931993   0.0009511277  -0.0007635395   0.0005763433   0.0024034415
10029  -0.0006664865  -0.0012704755  -0.0005995003   0.0005827457  -0.0000553483
10030   0.0001629606   0.0003785000   0.0002609793  -0.0001489219   0.0000811074
10031  -0.0000180306  -0.0002987923  -0.0003036179   0.0001122369  -0.0000105535
10032   0.0000760790   0.0003327528  -0.0000273605   0.0000519857   0.0000877325
10033   0.0000703189   0.0000429408   0.0002014081  -0.0000288879   0.0000087850
10034   0.0000961988  -0.0000807508   0.0000704936   0.0000802393  -0.0000374033
10035  -0.0000607986  -0.0000570763   0.0000170901  -0.0000728376   0.0001270220
10036   0.0000217795   0.0000310801   0.0000531208  -0.0000139359   0.0000168739
10037  -0.0000081864  -0.0000207820   0.0000234281   0.0000648734   0.0000427259
10038   0.0000378539  -0.0000246861   0.0000199539   0.0000343640   0.0000235791
10039   0.0000378995  -0.0000476918   0.0000370207  -0.0001594269   0.0000344769
10040   0.0000092736   0.0000085814  -0.0000376619  -0.0000005025  -0.0000051383
10041  -0.0000075427  -0.0000149122   0.0000131988  -0.0000190375   0.0000097262
10042  -0.0000967693  -0.0000459943   0.0000448400   0.0000303679   0.0000247618
10043  -0.0000934089  -0.0000799210   0.0000669192  -0.0000234821  -0.0000324245
10044   0.0001630391   0.0000212313  -0.0000050453   0.0000104301  -0.0000023543
10045   0.0000051478  -0.0000084057   0.0000022261  -0.0000041303  -0.0000008628
10046   0.0000003594   0.0000001135   0.0000015516   0.0000003043   0.0000008779
10047  -0.0000008097  -0.0000010457  -0.0000009832   0.0000014859
101 1   0.0061532028   0.0118775262  -0.0437461873   0.0282632994   0.1038854426
101 2   0.0437069538   0.0123731704   0.0431634531  -0.0168594213  -0.0038999553
101 3   0.0116295258   0.0028514992  -0.0102676482   0.0033173063  -0.0090241634
101 4  -0.0230395489  -0.0042976882   0.0129436882   0.0923010966   0.0895936283
101 5  -0.0265684677   0.0565328996   0.0157518414  -0.0001055351  -0.0086117535
101 6   0.0017105425   0.0002635237  -0.0710709647   0.0472617465   0.0304721880
101 7  -0.0272448058  -0.0284082369   0.0784949704  -0.0490791546   0.0879777170
101 8   0.0439568262   0.0241522014  -0.0259736482  -0.0464993550  -0.0540239465
101 9   0.1574898897   0.0056230493  -0.0078482823  -0.0004558055  -0.0062162960
10110  -0.0334260707  -0.0051724718   0.0193961472   0.0364455264   0.0580423745
10111  -0.0004493733   0.0078129435   0.0350524239   0.0914348722  -0.0149207688
10112   0.0068860562   0.0092957913   0.0366777818   0.0460330261   0.0411614314
10113   0.0022158325   0.1752809673   0.0625209081  -0.0144235668   0.0238940205
10114   0.0279683432  -0.0455595208   0.0110132327  -0.0137697035  -0.0481398033
10115   0.1686791930  -0.0218069171   0.0302540742   0.0225039954   0.1077078366
10116   0.0596567784  -0.0272730274  -0.0280645619   0.0568785414  -0.0156889685
10117  -0.0710732401   0.0175377142   0.0360558762  -0.1139735963   0.0079215449
10118  -0.0220536148  -0.0208584553   0.0044276794  -0.0210281680  -0.0344349574
10119  -0.0390280645  -0.0218645387   0.0386588726   0.0199339525   0.0346361386
10120  -0.0016256857   0.0206683725   0.0239741460   0.0171651182  -0.0229977820
10121  -0.1465285464  -0.0882525231  -0.1567070706   0.1232667683  -0.0194345099
10122  -0.0124290700  -0.0133055726  -0.0315668667  -0.0245362951   0.0214083647
10123  -0.0694237952  -0.0002897815   0.0169945835   0.0312938745   0.1246377414
10124  -0.0205344270  -0.0242484832  -0.0119525571   0.2584876185   0.0376844274
10125  -0.0028403831   0.0011677647  -0.0024860697   0.0049964954   0.0031644574
10126  -0.0094475375  -0.0176598894   0.0131137894   0.0008919951  -0.0016572421
10127   0.0083848902  -0.0116485658   0.0023799143   0.0002624498  -0.0072675246
10128  -0.0065370363  -0.0002639022   0.0000948298  -0.0005198018  -0.0011520285
10129   0.0002364152   0.0005558188   0.0001576806  -0.0006848457  -0.0000195860
10130  -0.0000464872  -0.0001560972   0.0000655119   0.0000252827  -0.0001199867
10131   0.0000322699   0.0001503741   0.0000939114   0.0000219908   0.0000695870
10132  -0.0001649826  -0.0001175083   0.0000290282  -0.0000465134  -0.0000218316
10133  -0.0000112246  -0.0000821834  -0.0001319298   0.0000083923  -0.0000525431
10134  -0.0000100560   0.0000512506  -0.0000249805  -0.0000647758   0.0000456647
10135   0.0000333311   0.0000266934  -0.0000161301   0.0000146585  -0.0000823677
10136  -0.0000105097  -0.0000115200  -0.0000279191  -0.0000014603  -0.0000054183
10137   0.0000066972  -0.0000019765  -0.0000064119  -0.0000324016  -0.0000215564
10138  -0.0000157594  -0.0000024383   0.0000035350  -0.0000017480  -0.0000164578
10139  -0.0000223219   0.0000328942  -0.0000261649   0.0000695912  -0.0000241898
10140  -0.0000000077  -0.0000047444   0.0000044122  -0.0000023186   0.0000011564
10141  -0.0000040320   0.0000030367  -0.0000041430   0.0000120973   0.0000032436
10142   0.0000518607   0.0000193745  -0.0000188579  -0.0000199836  -0.0000139515
10143   0.0000335885   0.0000377224  -0.0000296099   0.0000044813  -0.0000161255
10144  -0.0000689472  -0.0000038558   0.0000018874  -0.0000028842   0.0000030481
10145  -0.0000006969   0.0000022348   0.0000001681   0.0000012909  -0.0000001135
10146  -0.0000000147   0.0000000506  -0.0000003061  -0.0000003406  -0.0000011029
10147   0.0000008580  -0.0000000109  -0.0000003483  -0.0000009568
102 1   0.0758432151   0.0059581551   0.0168810064   0.0070729024  -0.0288387837
102 2   0.0188048810  -0.0204615876   0.0631717563  -0.0875545759   0.0117639567
102 3   0.0221081463  -0.0054791969   0.0499602026   0.0143673228  -0.0225075890
102 4   0.0833452188   0.0521975483  -0.1133261245  -0.0137355385  -0.0866993398
102 5   0.1136086243  -0.0607663523   0.1288805113   0.0601335003   0.0999703998
102 6   0.1079531286   0.1853588772  -0.1651827254   0.0627991629   0.1100578626
102 7  -0.0111801634  -0.1865445380   0.0347308671  -0.0153386359  -0.0225262888
102 8  -0.0051306189  -0.0996286775   0.0445931518   0.0733290592   0.0025771902
102 9   0.0776497122  -0.0042615615  -0.0487054116  -0.0018450487  -0.0184640603
10210   0.0351286665  -0.0308356106   0.0012382184  -0.0333495179  -0.0076917101
10211   0.0161584428   0.0314505437  -0.0995049347   0.0140958526   0.0461732628
10212  -0.0877630284  -0.1198479321  -0.0422109791  -0.0140913413   0.0234071700
10213  -0.2016472084  -0.0479473041  -0.0411098366  -0.2692502471   0.0035625102
10214   0.0433308064  -0.1028905164  -0.0996680231   0.0784035812  -0.1177325963
10215   0.0339269135   0.0142234195   0.0091808887  -0.0119464205  -0.1350901149
10216  -0.0005216252   0.0164668224  -0.0029556823   0.0018852035  -0.0141335620
10217  -0.0094669554  -0.0258280602   0.0352321823  -0.0400225151  -0.0420895754
10218   0.0363742815   0.0652791324  -0.0193933908  -0.0449833932   0.0651199753
10219   0.0466967483  -0.0113740254  -0.0291774342   0.0085678129   0.0016934859
10220  -0.0142982304   0.0023344858   0.0146387558  -0.0032674850   0.0137107326
10221  -0.0327644032   0.0024931473  -0.0189756705   0.0837935506   0.0508951880
10222  -0.0163277732  -0.0172122737   0.0284286263   0.0366398706   0.0169553870
10223  -0.0158315167  -0.0126879030  -0.0047547935  -0.0108917468  -0.0085241006
10224   0.0038752541   0.0037147396  -0.0081579396  -0.0155826635   0.0041067790
10225   0.0017604210   0.0088651198   0.0008866036  -0.0065944265   0.0037657008
10226   0.0299278932   0.0254625412  -0.0150345685   0.0299302812  -0.0218449632
10227   0.0130016154   0.0108905164   0.0028914172   0.0158503595   0.0021219063
10228  -0.0020264233   0.0002564704  -0.0002066126  -0.0007517358  -0.0011595154
10229   0.0000488118   0.0005515062   0.0001716561  -0.0004684321  -0.0000667563
10230  -0.0000436320  -0.0003613163  -0.0000988568   0.0001149414  -0.0000814883
10231   0.0000218565   0.0002568485   0.0001472392   0.0000161082   0.0000420280
10232  -0.0001256789  -0.0002135913   0.0000482459  -0.0000916115   0.0000216723
10233  -0.0000208102  -0.0000923443  -0.0001977821   0.0000161041  -0.0000551790
10234  -0.0000371526   0.0000445864  -0.0000637167  -0.0000928511   0.0000357991
10235   0.0000312346   0.0000256571  -0.0000379444   0.0000260022  -0.0000725065
10236  -0.0000218071  -0.0000293267  -0.0000519902  -0.0000036846  -0.0000043037
10237   0.0000072803  -0.0000031260  -0.0000147861  -0.0000408308  -0.0000302975
10238  -0.0000157424   0.0000078233   0.0000088234  -0.0000173073  -0.0000263892
10239  -0.0000219846   0.0000426087  -0.0000280577   0.0000848215  -0.0000284822
10240  -0.0000003100  -0.0000076922   0.0000061504   0.0000020921   0.0000035012
10241  -0.0000046810   0.0000004480  -0.0000000607   0.0000135489   0.0000020896
10242   0.0000653182   0.0000242457  -0.0000258841  -0.0000365815  -0.0000216844
10243   0.0000328965   0.0000638184  -0.0000365241   0.0000064771   0.0000061708
10244  -0.0000850750  -0.0000078475   0.0000032239  -0.0000007210   0.0000034099
10245   0.0000009478   0.0000046301   0.0000000082   0.0000029683  -0.0000006601
10246   0.0000000391  -0.0000002864  -0.0000000402  -0.0000006504  -0.0000009352
10247   0.0000006020   0.0000000013   0.0000001864  -0.0000006942
103 1   0.0233387037  -0.0021825100   0.0315981340   0.0164880173   0.0078931142
103 2  -0.0255276941   0.0948475312  -0.0201689179  -0.0188397386   0.0627442210
103 3   0.0163244222  -0.0106429828  -0.0204152911   0.0024796065  -0.0021303990
103 4  -0.0203594506   0.0213609431  -0.0132818149  -0.0134570709  -0.0410111218
103 5   0.0459459227  -0.0487809476  -0.0010017360  -0.1302992835   0.0829072096
103 6   0.0476472539  -0.0776551639  -0.0390056377  -0.0568966860   0.0346218768
103 7   0.0199225115  -0.0392136045   0.0121556742  -0.0050316073   0.0786077553
103 8   0.0594646280   0.0690782885   0.0692058024  -0.0889673385   0.0145177886
103 9  -0.0385522050  -0.0024075250  -0.0078883604   0.0450724842  -0.0024701910
10310  -0.0721803981   0.0539894546   0.0153412522   0.0122514346   0.0178445823
10311  -0.0102512982  -0.0012128382  -0.0130537943   0.0446406767  -0.0209840150
10312   0.0889834721   0.0074900489   0.0007567525  -0.0011238400  -0.1092020334
10313   0.0148961507   0.0680748187  -0.0365957887  -0.1610151831   0.0066111066
10314   0.0192118101   0.0269223371  -0.0460432115   0.0294553620   0.0857946312
10315   0.0027241777  -0.1030371452   0.1170237872   0.0428289005  -0.0330753484
10316   0.0095395772  -0.0455465890  -0.0189624950  -0.0858114404   0.0330328517
10317   0.0215115131   0.1011361429  -0.0252691037  -0.0028166513  -0.0151054988
10318  -0.0226084630   0.0307613992  -0.0143696231   0.0272988109  -0.0111982173
10319  -0.0061612068  -0.0104125831  -0.0126096599   0.0242680856   0.0085515194
10320  -0.0420111772   0.0371201217   0.0090077254  -0.0035406162  -0.0306111242
10321  -0.0575209286   0.0667032055  -0.0569578150  -0.2712320629   0.0310629868
10322  -0.0066036133   0.0137144248  -0.0733121415  -0.1002158613  -0.2238557815
10323  -0.0180693353  -0.0530846767  -0.0056576984  -0.0152495919  -0.0614434728
10324  -0.0011265720   0.0086457616   0.0245515447   0.3006900036  -0.0332589360
10325  -0.0031266897  -0.0023211854   0.0129477506  -0.0067573807  -0.0056495626
10326   0.0059452588   0.0001638362  -0.0364237571  -0.0173552797   0.0045157064
10327  -0.0043904498  -0.0033973988  -0.0023319952  -0.0025419317   0.0055714284
10328   0.0299836289  -0.0011094718   0.0002687169  -0.0005600659  -0.0020967226
10329   0.0007019095   0.0010409790   0.0004311134  -0.0007783306  -0.0000746425
10330  -0.0000542869  -0.0002428095  -0.0001852186   0.0001745860  -0.0000977318
10331   0.0000135760   0.0002320146   0.0002607750  -0.0000173380   0.0000682509
10332  -0.0001568557  -0.0002558676   0.0000347384  -0.0000947384  -0.0000652472
10333  -0.0000452032  -0.0000604797  -0.0001577929   0.0000083853  -0.0000384370
10334  -0.0000727309   0.0000761679  -0.0000656443  -0.0000709787   0.0000562328
10335   0.0000486320   0.0000518358  -0.0000222085   0.0000336499  -0.0001169808
10336  -0.0000116033  -0.0000185594  -0.0000345360  -0.0000003764  -0.0000051946
10337   0.0000110662   0.0000043654  -0.0000185809  -0.0000522870  -0.0000316594
10338  -0.0000266365   0.0000075063  -0.0000008720  -0.0000065466  -0.0000183850
10339  -0.0000266428   0.0000514331  -0.0000387533   0.0001163302  -0.0000306952
10340  -0.0000020326  -0.0000036718   0.0000189113   0.0000009012   0.0000037507
10341  -0.0000002494   0.0000093144  -0.0000094956   0.0000175924  -0.0000144139
10342   0.0000776136   0.0000335281  -0.0000339127  -0.0000346742  -0.0000131525
10343   0.0000681093   0.0000651332  -0.0000512128   0.0000215800   0.0000079978
10344  -0.0001326728  -0.0000103822   0.0000066394  -0.0000041102   0.0000017162
10345  -0.0000006844   0.0000054606  -0.0000021938   0.0000040894  -0.0000001844
10346   0.0000000343  -0.0000007550  -0.0000009391  -0.0000004735  -0.0000013174
10347   0.0000009586   0.0000003184   0.0000004972  -0.0000007621
104 1  -0.0033573188   0.0004213917  -0.0644354286  -0.0218152927   0.0916689768
104 2   0.0802373587  -0.0172537900   0.0178750249  -0.0168715482   0.0203439884
104 3   0.0102103353   0.0044952324   0.0062555272  -0.0232600204   0.0062131424
104 4  -0.0115177700  -0.0633316161  -0.0145859076   0.0782295784   0.0629511051
104 5  -0.0240223549   0.0638621181   0.0107697625   0.0165285026   0.0183334913
104 6   0.1317588641  -0.0047008796   0.0031949298  -0.0613949789  -0.0367928610
104 7  -0.0479872992   0.0452961057   0.0156327016   0.0061933793   0.0266923484
104 8  -0.0666148640   0.0880297255   0.0224564413   0.0538911422  -0.0879840124
104 9   0.0530749824   0.0008019379  -0.0121736564  -0.0175326441  -0.0423451324
10410  -0.0490837002  -0.1325700748  -0.0443411813  -0.0372129179   0.0032612617
10411  -0.0050670208   0.0341544816   0.0168646221  -0.0353007117   0.0427287936
10412   0.0794056473  -0.0396787534  -0.0189022810   0.0236022813  -0.0191487253
10413   0.0143285899   0.0072154333  -0.0023380034  -0.1096672145   0.0030119047
10414   0.0400493107   0.0389647153   0.0556777069  -0.1095961316   0.0816782118
10415  -0.0913893197  -0.0447333116  -0.0375224610  -0.0475827426  -0.0140609510
10416  -0.0675500885   0.0533263462   0.0453649400  -0.0334438745   0.0057093156
10417   0.0471272054  -0.0177471270  -0.0703767906   0.0241264620  -0.0037074478
10418   0.0422956289   0.0088957634  -0.0006784566  -0.0266900945  -0.0141082646
10419   0.0149239359  -0.0143072589  -0.0293060860   0.0051622190   0.0152499848
10420  -0.0288066604   0.0206199696  -0.0023949722   0.0533874232  -0.0179355681
10421   0.0342143009   0.0325661233  -0.1135120832  -0.0407717170   0.0685841633
10422   0.1715888005  -0.0099246220   0.0720747089   0.1810684027  -0.1476542817
10423   0.0764542038   0.0946771074   0.0349752416  -0.0177040994   0.1080800687
10424   0.0547835058   0.0013313380   0.0339869883   0.0226377314  -0.0054341957
10425  -0.0262023337  -0.0073294627   0.0063947078  -0.0055186159  -0.0055218204
10426  -0.0040012985   0.0196784638   0.0265047350   0.0059004841  -0.0048376191
10427  -0.0087927823   0.0083436630   0.0024059693   0.0090463472  -0.0036440804
10428   0.0157835840   0.0001683500   0.0004980893  -0.0003973540  -0.0012039582
10429   0.0006876267   0.0002076607   0.0000753294  -0.0001972282   0.0001022787
10430  -0.0001629093  -0.0000184416   0.0001377221   0.0001392875  -0.0001143240
10431  -0.0000863399   0.0001381137   0.0000616619  -0.0000398989   0.0000299416
10432  -0.0001045401  -0.0000167858  -0.0000414116  -0.0000075835  -0.0000466933
10433  -0.0000932471  -0.0000459904  -0.0000972241   0.0000082388   0.0000058737
10434  -0.0000355181   0.0000095264   0.0000004076  -0.0000510088   0.0000150745
10435   0.0000144468   0.0000029782   0.0000222262   0.0000203384  -0.0000501101
10436  -0.0000080176  -0.0000166442  -0.0000279898   0.0000038749  -0.0000123519
10437   0.0000034521   0.0000105108  -0.0000124340  -0.0000171001  -0.0000144048
10438  -0.0000209036   0.0000004287  -0.0000077619  -0.0000225964  -0.0000077133
10439  -0.0000168046   0.0000102532  -0.0000131305   0.0000586121  -0.0000238699
10440  -0.0000045048  -0.0000000866   0.0000223857  -0.0000006643  -0.0000020797
10441   0.0000041526   0.0000062407  -0.0000105418   0.0000141683  -0.0000022528
10442   0.0000379050   0.0000189865  -0.0000194671   0.0000069551  -0.0000208886
10443   0.0000037633   0.0000190839  -0.0000253333   0.0000019969   0.0000003992
10444  -0.0000452148  -0.0000058424  -0.0000039044  -0.0000070630   0.0000039268
10445  -0.0000037303   0.0000013444   0.0000023690  -0.0000004646   0.0000004647
10446  -0.0000004410   0.0000003042  -0.0000006377  -0.0000004490  -0.0000004910
10447   0.0000005537   0.0000004395   0.0000003201  -0.0000000783
105 1   0.1358578454  -0.0119390839   0.0161828455   0.0092051590  -0.0065213406
105 2  -0.0101606888  -0.0122192891   0.0092769100  -0.1189621538   0.0109983633
105 3   0.0368607654  -0.0235422345   0.0275375074  -0.0095621261  -0.0150532576
105 4  -0.0236296720   0.0494587073  -0.0694968973  -0.0371691014   0.0116659318
105 5  -0.0444126562  -0.0730012305   0.0033792788   0.2364284178   0.1870502825
105 6  -0.0665296576  -0.2412687309   0.0465040235  -0.0369173138  -0.0949832086
105 7  -0.0164400795  -0.0856666839   0.0788480542   0.0099839806   0.1548570073
105 8  -0.0146672214  -0.0603943742   0.1186228687   0.0798687169   0.0132359234
105 9   0.0277863653  -0.0194734857  -0.0472284023  -0.0092933248  -0.0070006077
10510  -0.0187957182  -0.0489422617   0.0109511700  -0.0350283521   0.0252335985
10511  -0.0209690856   0.0036378360   0.0008183758  -0.0094009436   0.0097034520
10512   0.0730148643  -0.0051742530   0.0415086400   0.0452630203   0.1479430344
10513   0.0061060719  -0.0359271429   0.1898383056   0.1852730961   0.0426619461
10514  -0.0120619113   0.2498907618  -0.1136637449  -0.0295266191   0.1257945301
10515  -0.0189350541  -0.0406507686   0.0195940882  -0.0128568097  -0.0750545353
10516   0.0190646050   0.0000706727   0.0158170992  -0.0254315378  -0.0308683330
10517  -0.0324854701  -0.0202806527   0.0163051033  -0.0008636706  -0.0467034183
10518   0.0461655685   0.0395357737   0.0060541936  -0.0071181908   0.0509652634
10519   0.0213941478  -0.0132732334  -0.0133525594  -0.0057879835   0.0182008370
10520  -0.0214612962   0.0285074218   0.0353473057  -0.0431368724   0.0367722749
10521   0.0329961767  -0.0042756632  -0.0028217633  -0.0323228068   0.0181986421
10522  -0.0060941933  -0.0063504990   0.0185967054  -0.0021735253   0.0209943186
10523   0.0021390338  -0.0005417976  -0.0020528652   0.0049011527  -0.0006140467
10524  -0.0055370037  -0.0013998905  -0.0004358493  -0.0316613804  -0.0020254556
10525   0.0153012968  -0.0261590378   0.0063054401  -0.0006761868  -0.0001752577
10526   0.0352588653  -0.0141623380  -0.0000592501   0.0031676309  -0.0119879933
10527  -0.0192213600  -0.0313865414   0.0034239586  -0.0047162758  -0.0174868942
10528   0.0111506681  -0.0010024742   0.0004329823  -0.0008719173  -0.0032068808
10529   0.0010191636   0.0015878034   0.0007726788  -0.0008692059  -0.0000195926
10530  -0.0001287367   0.0000464423  -0.0000234509   0.0003197255  -0.0003948155
10531  -0.0001077287   0.0004806534   0.0004048275  -0.0000326629   0.0000785614
10532  -0.0001583514  -0.0003951676  -0.0000240019  -0.0001112580  -0.0000858170
10533  -0.0001394562  -0.0001436669  -0.0003452377   0.0000031417  -0.0000126666
10534  -0.0001706608   0.0000958865  -0.0000872710  -0.0001819853   0.0000898798
10535   0.0000787556   0.0000574143  -0.0000191326   0.0000868097  -0.0001896168
10536  -0.0000250757  -0.0000593508  -0.0001001599  -0.0000000095  -0.0000170097
10537   0.0000222166   0.0000191715  -0.0000428365  -0.0000911511  -0.0000572611
10538  -0.0000599441   0.0000086845  -0.0000009164  -0.0000355635  -0.0000418074
10539  -0.0000534194   0.0000768536  -0.0000656548   0.0002391561  -0.0000706902
10540  -0.0000075757  -0.0000021421   0.0000472229  -0.0000075143   0.0000039492
10541  -0.0000024688   0.0000091968  -0.0000108704   0.0000267564  -0.0000148894
10542   0.0001319284   0.0000520682  -0.0000630674  -0.0000329955  -0.0000387454
10543   0.0000890049   0.0001190693  -0.0000797959   0.0000250197   0.0000347226
10544  -0.0002200468  -0.0000239179   0.0000065243  -0.0000096099   0.0000071335
10545  -0.0000030904   0.0000108896  -0.0000001352   0.0000063450  -0.0000001515
10546  -0.0000006070  -0.0000003423  -0.0000018141  -0.0000008389  -0.0000036626
10547   0.0000018982   0.0000014598   0.0000016545  -0.0000012276
106 1   0.0279198620   0.0024107352   0.0261541040   0.0123430508   0.0078931142
106 2  -0.0255276941   0.0948475312  -0.0201689179  -0.0188397386   0.0627442210
106 3   0.0122874092  -0.0012684362  -0.0157071991   0.0116882289  -0.0006820098
106 4  -0.0613930082   0.1069123964  -0.0449810794   0.0090688715  -0.0392045993
106 5   0.0514899779  -0.0117542687  -0.0182109480  -0.2206206799   0.1037233641
106 6   0.1111988490  -0.0305299662  -0.0300973514  -0.0445250177  -0.0051787618
106 7   0.0415525196   0.0357378357   0.0836561439   0.0261403026   0.0962685343
106 8   0.0105145912   0.0454213489   0.0311668787  -0.0363296925   0.1720544040
106 9   0.0459451090  -0.0420103210  -0.0242409260   0.0228108637   0.0876043848
10610  -0.0246450233   0.0628596657   0.1752767073   0.0846301885   0.0419322975
10611  -0.0152094591   0.0694749114  -0.0994509865   0.1417172932   0.0326378997
10612   0.0620650920  -0.0973854863  -0.0428818381   0.0605958536  -0.0664014874
10613   0.1096372789  -0.0256566653  -0.0002960761  -0.1052804845  -0.0004584643
10614  -0.0332164982   0.0881655801   0.0408982651   0.0294217270   0.1621347039
10615  -0.1589594106   0.0100958684  -0.0044874092  -0.0246902176   0.0273840543
10616   0.0223756343  -0.0367530639   0.0207048806  -0.0454724757  -0.0277722146
10617   0.1165842592   0.0626679052   0.0506605598  -0.0553517258   0.0041682147
10618   0.0022722631  -0.0530869297   0.0224130958  -0.0320885100   0.0031635220
10619  -0.0080015802   0.0516279197   0.0291932965  -0.0042456170  -0.0344485487
10620   0.0349478008  -0.0248547970  -0.0243993654  -0.0385502708  -0.0402334861
10621   0.0626940874  -0.0478771812   0.1177107764   0.2193850108  -0.0237448310
10622   0.0316880167  -0.0266485925   0.0361429366   0.0445710698   0.1047438123
10623   0.0166846175   0.0403672422   0.0025209956   0.0064989179   0.0214615529
10624   0.0000439159  -0.0054184126  -0.0105801087  -0.0993318766   0.0122501723
10625   0.0036013466   0.0065202318  -0.0030561489  -0.0026884224   0.0018092165
10626  -0.0096960522   0.0066483280   0.0023574873   0.0007488181   0.0101819455
10627   0.0000012201   0.0011815011   0.0009773079   0.0005659579   0.0005351893
10628  -0.0236810486   0.0007143464   0.0001035991  -0.0001149882  -0.0001842997
10629   0.0001213388   0.0001812406   0.0000199921  -0.0001274849   0.0000533346
10630  -0.0000474614   0.0000194190   0.0000202086   0.0000350728  -0.0000568003
10631  -0.0000414179   0.0000639604   0.0000166612   0.0000004154   0.0000081987
10632  -0.0000420878  -0.0000263483  -0.0000310699  -0.0000044803  -0.0000134581
10633  -0.0000247448   0.0000115590  -0.0000398435   0.0000156574  -0.0000070103
10634  -0.0000098708   0.0000018761  -0.0000046439  -0.0000171484   0.0000108788
10635   0.0000061067   0.0000024102   0.0000059518   0.0000105635  -0.0000219477
10636  -0.0000005531  -0.0000090215  -0.0000055116   0.0000038187  -0.0000086565
10637   0.0000022794   0.0000089800  -0.0000026756  -0.0000061474  -0.0000114790
10638  -0.0000096657  -0.0000000045  -0.0000093576  -0.0000168614  -0.0000076072
10639  -0.0000060293   0.0000026349  -0.0000048088   0.0000351873  -0.0000064511
10640  -0.0000039367  -0.0000057392   0.0000104980  -0.0000027515  -0.0000024641
10641   0.0000066532  -0.0000008721  -0.0000038596  -0.0000010132   0.0000051323
10642   0.0000250435   0.0000090434  -0.0000112956   0.0000049826  -0.0000111848
10643   0.0000059774   0.0000059064  -0.0000160560   0.0000085277   0.0000005233
10644  -0.0000295806  -0.0000053710  -0.0000036909  -0.0000038615   0.0000037796
10645  -0.0000025734   0.0000011760   0.0000023615  -0.0000007860   0.0000004894
10646  -0.0000004758   0.0000005487  -0.0000004850   0.0000000253   0.0000003963
10647   0.0000002199   0.0000001967   0.0000004609  -0.0000003953
107 1  -0.0546319416  -0.0424414646  -0.0461154747  -0.0984084634   0.0794525109
107 2   0.1167677636  -0.0468807504  -0.0074134034  -0.0168836751   0.0445879321
107 3   0.0055114112  -0.0066724599  -0.0288324077  -0.0066913596  -0.0032627543
107 4   0.0064299280  -0.0615774534   0.0001277545  -0.0172571245  -0.0483601681
107 5  -0.0115411688   0.0078853045  -0.0061762287  -0.0300371393   0.0384570546
107 6   0.1741747675  -0.0632742724   0.0114565903  -0.0152947339   0.0524198972
107 7  -0.0211786762   0.0161746328  -0.0569475702  -0.0583350945  -0.0870600480
107 8  -0.0571671612  -0.0953170098  -0.0515501993   0.0786310184   0.0660923964
107 9  -0.0681499987   0.0262120645  -0.0009361679  -0.0273781823  -0.0418961711
10710  -0.0279752642  -0.0174216505  -0.0674728105  -0.0022779219   0.0271723759
10711  -0.0150814065  -0.1179480523  -0.0071099774  -0.0900527780   0.0055037589
10712  -0.0154709496   0.0349821078  -0.0167720732  -0.0151284607   0.0708502287
10713  -0.0424787152  -0.0908724998   0.0348072274   0.0282479772  -0.0251347225
10714   0.0112214581   0.0130913147   0.0692916276   0.2076394005   0.0329594646
10715  -0.0511216871   0.0229329624   0.1487038632   0.0767669958  -0.0286872938
10716   0.0628203914  -0.0160910849  -0.0344332347   0.0066581644  -0.0673565724
10717  -0.0232363636   0.0284967176   0.0491850018  -0.0484532473  -0.0169664438
10718  -0.1150932780  -0.0001804125  -0.0004455744   0.0570444890  -0.0121225416
10719  -0.0082112266  -0.0276937552   0.0170141551   0.0254621970  -0.0247584951
10720  -0.0002089695  -0.0472107556   0.0055399901  -0.0916161401   0.0102214283
10721   0.0893275890   0.1078238260   0.0008706727   0.0793728948   0.0570565959
10722   0.0592803875  -0.0979796442   0.1308134483  -0.1363507102  -0.1440804377
10723  -0.0365414436   0.0003785433   0.0224871227   0.0115322678  -0.0068326448
10724   0.0196648885  -0.0186746856   0.0131333154   0.0220265490  -0.0009362063
10725  -0.0137845497   0.0157835609  -0.0051912151  -0.0000192383  -0.0022972409
10726   0.0000794299  -0.0002017577  -0.0083555847   0.0038022683   0.0125059447
10727  -0.0062595100   0.0015379697   0.0016627762   0.0014936787  -0.0087671810
10728   0.0193763011   0.0004094491  -0.0001512899   0.0007212369   0.0018690267
10729  -0.0009090386  -0.0013657174  -0.0005191186   0.0009235070   0.0001179700
10730   0.0000163598   0.0006021713   0.0004374694  -0.0002225910  -0.0000042794
10731  -0.0000252430  -0.0002056495  -0.0002430964  -0.0000345316  -0.0000771282
10732   0.0002343862   0.0003425289  -0.0001075683   0.0000704664   0.0000505886
10733   0.0000182342  -0.0000001672   0.0001659630  -0.0000261915   0.0000766954
10734   0.0000707256  -0.0000687884   0.0000660971   0.0000547053  -0.0000652082
10735  -0.0000597899  -0.0000553539   0.0000502338  -0.0000536865   0.0001294990
10736   0.0000094503   0.0000225114   0.0000211529  -0.0000014533   0.0000042330
10737  -0.0000146545  -0.0000063281   0.0000177840   0.0000538447   0.0000429862
10738   0.0000236067  -0.0000029265   0.0000055242   0.0000030938   0.0000216105
10739   0.0000414052  -0.0000651028   0.0000586445  -0.0001197538   0.0000240982
10740  -0.0000041738   0.0000098314  -0.0000150388  -0.0000016481  -0.0000055574
10741  -0.0000034018  -0.0000089230   0.0000050741  -0.0000145601   0.0000066134
10742  -0.0000822123  -0.0000351651   0.0000314296   0.0000441758   0.0000124472
10743  -0.0000744163  -0.0000584863   0.0000550006  -0.0000316176   0.0000028347
10744   0.0001503834   0.0000148565  -0.0000105261   0.0000029461  -0.0000023354
10745   0.0000002934  -0.0000074959   0.0000027394  -0.0000054305   0.0000002066
10746   0.0000000679   0.0000004256   0.0000011471   0.0000005435   0.0000011484
10747  -0.0000013639  -0.0000003409  -0.0000010268   0.0000010372
108 1   0.0155101457  -0.0170897152   0.0587297337   0.0302697217   0.0157961025
108 2  -0.0391262587  -0.0039769907  -0.0446179362  -0.1503697317   0.0102327699
108 3  -0.0018812371  -0.0335787221  -0.0521106989  -0.0299370426   0.0558085055
108 4  -0.1041859427   0.2152899458   0.0266436347   0.0130220037   0.0130409276
108 5  -0.0140709274   0.0826628364  -0.0220462878   0.0102918698  -0.0638013000
108 6   0.0305008278   0.0573640842   0.0182550736   0.0101285812   0.0382292479
108 7   0.0094893248   0.0020632471  -0.0016504078  -0.0688746321  -0.1057750015
108 8   0.0164015223  -0.0630297128  -0.0146760685  -0.0592303700  -0.0694744040
108 9   0.0105176590  -0.0343880725  -0.0000564117  -0.0736019794  -0.0194146463
10810  -0.0030768964  -0.0928446911  -0.0290299496  -0.0053304701  -0.0179598988
10811  -0.0268919327   0.0352792347   0.1172057226  -0.1062313850  -0.1118378651
10812   0.1190350344   0.0170152843   0.0282152654  -0.0685425529   0.0148790701
10813  -0.1132800935  -0.1053417882  -0.0363689684  -0.0142852437   0.0522698265
10814   0.0293464890   0.0232657098   0.1076167635   0.0334656686  -0.0779140479
10815   0.0398038058  -0.1003542145  -0.1753175979   0.0226256335   0.0295179140
10816   0.0158233679  -0.0411001204   0.0245617044  -0.0196342214   0.0501159441
10817   0.1763827522   0.0619424576   0.0425757720  -0.0720847024   0.0159311009
10818   0.1643374981  -0.0254444038   0.0173955521  -0.0714612675  -0.0080435607
10819  -0.0116289848   0.0346438172  -0.0190717888   0.0021248189   0.0151933013
10820  -0.0343766765   0.0278197860   0.0203529240  -0.0481169384   0.0329052816
10821   0.0484858199  -0.0573905909   0.0194010362  -0.0470642065  -0.0196296327
10822   0.0195574334  -0.0367731429   0.0298118739  -0.0891348187   0.0048837919
10823   0.0483224868  -0.0151308957  -0.0023227107   0.0154263828  -0.0081923129
10824   0.0011728552  -0.0137894388   0.0052317300   0.0046702232  -0.0028102837
10825   0.0108354463   0.0209587804   0.0015852448  -0.0133974146   0.0113934355
10826  -0.0088395872  -0.0007692958  -0.0001112350  -0.0486419923   0.0634249008
10827  -0.0070633151   0.0206953149   0.0032791951   0.0149641985  -0.0074685292
10828   0.0289537369   0.0002929257  -0.0005137989  -0.0002085409  -0.0002344513
10829  -0.0001479943  -0.0001468882  -0.0001841318   0.0000383787  -0.0000261485
10830   0.0000877751   0.0001047203   0.0000946733  -0.0000508417  -0.0001583111
10831  -0.0000114125   0.0000594967   0.0000408504   0.0000698394   0.0000290653
10832   0.0000082779   0.0000200656  -0.0000970530  -0.0000097417  -0.0000084524
10833  -0.0000222019  -0.0000574683  -0.0000384787  -0.0000267427   0.0000221302
10834   0.0000131731   0.0000097911  -0.0000094450  -0.0000197648  -0.0000033683
10835  -0.0000141377  -0.0000191160   0.0000150648  -0.0000196905   0.0000239255
10836   0.0000045377  -0.0000054225  -0.0000074942  -0.0000056168  -0.0000015324
10837   0.0000017563  -0.0000013654  -0.0000071560   0.0000016661  -0.0000150014
10838   0.0000012542  -0.0000113546   0.0000160679  -0.0000005493  -0.0000137761
10839   0.0000070380  -0.0000144050  -0.0000072339   0.0000455117  -0.0000148007
10840   0.0000019239   0.0000034578  -0.0000196628  -0.0000132563  -0.0000000831
10841   0.0000219441  -0.0000029630  -0.0000014184   0.0000011537   0.0000050387
10842  -0.0000054511  -0.0000258602  -0.0000164321   0.0000057910  -0.0000014939
10843  -0.0000292586   0.0000067014   0.0000013975   0.0000174794  -0.0000081087
10844  -0.0000280410   0.0000044477  -0.0000046192   0.0000000352   0.0000081063
10845   0.0000002454  -0.0000017253   0.0000066624  -0.0000010213  -0.0000003370
10846  -0.0000000815  -0.0000001935   0.0000003668  -0.0000004302  -0.0000008402
10847  -0.0000000405   0.0000003409  -0.0000002769  -0.0000002939
109 1  -0.0215543369   0.0093490254   0.0122401076   0.0488007799   0.0184728822
109 2  -0.0571639475   0.1205052272   0.0017314998  -0.0188292364   0.0417483534
109 3   0.0150683489  -0.0036297600  -0.0206132646   0.0017545046  -0.0067808582
109 4  -0.0090736774   0.0020684904  -0.0425341501   0.0098123029  -0.0938207036
109 5  -0.0287246442  -0.0665166207   0.0212008267  -0.0681362722   0.1049045294
109 6   0.0189638998  -0.0528637963  -0.1326512235   0.0477970537  -0.1342240278
109 7  -0.0065755913  -0.0272392954  -0.1743780683  -0.0335410999   0.0548343811
109 8   0.1072462771   0.0092229227  -0.0629230816   0.0243276947  -0.0577841485
109 9  -0.1844404332  -0.0095721771   0.0980575909   0.0576760757  -0.1493167419
10910   0.1916984951  -0.1068673253  -0.0919782383  -0.0644197771  -0.0949168209
10911   0.0475144997   0.0182414653   0.0544857229   0.0471854662  -0.0318420397
10912  -0.0142301262  -0.0322645582  -0.0268862213  -0.0063678329   0.0830703207
10913   0.0374284569  -0.0050839393   0.0181921558   0.0692390810   0.0393621001
10914  -0.0397025089   0.0218311127   0.0776329755   0.0853342278   0.0165281682
10915  -0.1652706283   0.1640152950  -0.0430785602   0.0147527956  -0.0109574331
10916  -0.0060127336   0.0434782092   0.0152655601  -0.0351479021   0.0010258999
10917   0.0832742910   0.0461029567  -0.0430143634  -0.0572638120  -0.0415988268
10918  -0.0491564271   0.0650782910  -0.0323135627  -0.0820661968   0.0168852829
10919  -0.0018742027  -0.0095637118  -0.0242981725   0.0046472227   0.0186156600
10920   0.0112450010   0.0062854760   0.0050651628   0.0518813526  -0.1488087527
10921  -0.0349787111  -0.0478861926  -0.1128161668   0.1002043316  -0.0512062647
10922  -0.0970175571  -0.0281358651  -0.0071463847  -0.0511950426  -0.0568138121
10923  -0.0250019843   0.0000151950   0.0064847292  -0.0040137848   0.0193872684
10924  -0.0157997704  -0.0090879793  -0.0034680123   0.0341662689   0.0056943727
10925  -0.0004604450   0.0014151481  -0.0003182353   0.0018454476  -0.0046330298
10926  -0.0056982367   0.0008813908   0.0057594680  -0.0165521823  -0.0001607758
10927  -0.0018877483  -0.0018862191  -0.0003889235  -0.0029954096   0.0000551823
10928   0.0016755568  -0.0001056359   0.0001603695  -0.0002151200   0.0001878009
10929  -0.0001825809   0.0000592675  -0.0001625974  -0.0001481399  -0.0000448564
10930   0.0000013410  -0.0003389175  -0.0001566338   0.0000804190   0.0000720270
10931  -0.0000403410  -0.0000080419   0.0000428557   0.0000224016   0.0000246848
10932  -0.0000451813  -0.0000258906  -0.0000030755  -0.0000076365  -0.0000056054
10933   0.0000004335   0.0000121783  -0.0000101412  -0.0000216886  -0.0000228156
10934   0.0000089206   0.0000196352  -0.0000155877   0.0000097257   0.0000122119
10935  -0.0000035813   0.0000004046  -0.0000070573  -0.0000000591   0.0000066337
10936   0.0000048344  -0.0000057521   0.0000050476   0.0000013919  -0.0000108688
10937   0.0000005633   0.0000068981   0.0000027382  -0.0000003932  -0.0000000482
10938   0.0000075903  -0.0000026948  -0.0000096723  -0.0000113089  -0.0000019411
10939   0.0000091801   0.0000100815  -0.0000107234  -0.0000054572   0.0000252713
10940  -0.0000002415  -0.0000022177   0.0000028670  -0.0000024226   0.0000029945
10941  -0.0000019305   0.0000056268   0.0000009309  -0.0000008670  -0.0000022095
10942   0.0000018534  -0.0000036360  -0.0000008970  -0.0000096346   0.0000145638
10943   0.0000029486  -0.0000040780   0.0000031911   0.0000078045  -0.0000061808
10944   0.0000001793  -0.0000066524  -0.0000027746  -0.0000009751  -0.0000011632
10945  -0.0000008314   0.0000019161  -0.0000010985  -0.0000010704   0.0000001230
10946  -0.0000003131   0.0000005128  -0.0000001681  -0.0000001626  -0.0000003430
10947  -0.0000001554   0.0000004842   0.0000005196  -0.0000002325
110 1  -0.0496510063  -0.0007395219  -0.0408805786   0.0628141593   0.1099936756
110 2   0.0254417514   0.0271866506   0.0558076672  -0.0168533579  -0.0160219271
110 3   0.0105534461  -0.0040447768  -0.0490097270   0.0171047974  -0.0039671938
110 4   0.0065848129   0.0096862553   0.0116286664   0.0999289995   0.0414348705
110 5  -0.0922950859   0.0436866988  -0.0215121668   0.0018164890  -0.0548029158
110 6  -0.0921258807  -0.0339879884  -0.0524582125   0.1506962526  -0.1048452232
110 7  -0.0065366244  -0.1527544599   0.0429787594  -0.0557349535   0.0833910286
110 8  -0.0554103062  -0.0725360181  -0.0183102841  -0.0142178963   0.1006361258
110 9   0.1570848033   0.0045980932   0.0401709071  -0.0254654708  -0.0501361495
11010   0.1364300104   0.0953198030   0.0298540590   0.0051175750   0.0757227375
11011  -0.0089712667  -0.1022036304  -0.0478036293  -0.0251832737  -0.0357880734
11012   0.0243078720  -0.0275052576   0.0411790179   0.0037511399  -0.1347000905
11013  -0.0854333375   0.1148242953   0.1064131705  -0.0199640785   0.0305810120
11014   0.0622589045  -0.0307184454  -0.0444321344   0.0765479432   0.0478216561
11015  -0.0859347270   0.0124248099  -0.0472171773  -0.0175747284   0.0943631848
11016   0.0207743687   0.0363129577   0.0032732437   0.0583066381   0.0210443856
11017   0.0738155998  -0.0241375549  -0.0466314051  -0.0037292499  -0.0091320526
11018   0.0310537540  -0.0367207867  -0.0119664262  -0.0022051578  -0.0078788337
11019  -0.0335243053   0.0133127710  -0.0610964314   0.0164169021   0.0103306731
11020   0.0506191862  -0.0034975815  -0.0224333516   0.0238627829  -0.1385030573
11021   0.0436846826   0.0830339713   0.1275771599  -0.1706476745  -0.0498288072
11022  -0.0618746654  -0.0482501476   0.0267578162  -0.0140570876  -0.0878859457
11023   0.0162700887  -0.0094132330  -0.0065541030  -0.0772053043  -0.0085800679
11024   0.0023972317  -0.0008063270  -0.0139156744  -0.1901852515   0.0009539395
11025   0.0000649979  -0.0304715965   0.0004839120  -0.0053066699   0.0080524589
11026  -0.0213307109   0.0104453900  -0.0017950330  -0.0161349133   0.0083541116
11027  -0.0167120508  -0.0012618898  -0.0018983858  -0.0041468978   0.0035843811
11028  -0.0049607010  -0.0003860115   0.0002431421  -0.0001704804  -0.0006251380
11029   0.0001193533   0.0004695914   0.0001958635  -0.0001824078  -0.0000173038
11030  -0.0000006349   0.0001994774   0.0000670152  -0.0000798153  -0.0001027085
11031   0.0000421289   0.0000340497   0.0000098294  -0.0000188822   0.0000134719
11032  -0.0000017724  -0.0000592047  -0.0000012606   0.0000042287   0.0000048813
11033  -0.0000067801  -0.0000213130  -0.0000199806   0.0000074733  -0.0000095142
11034  -0.0000094909   0.0000196855  -0.0000070052  -0.0000210208   0.0000195169
11035   0.0000201830   0.0000132547  -0.0000078241   0.0000126772  -0.0000341902
11036  -0.0000035386  -0.0000031311  -0.0000013549   0.0000007680  -0.0000044248
11037   0.0000016029  -0.0000017409  -0.0000032056  -0.0000136149  -0.0000027334
11038  -0.0000048791   0.0000036909   0.0000054237  -0.0000037809  -0.0000107645
11039  -0.0000104918   0.0000086231  -0.0000029715   0.0000281344  -0.0000113168
11040  -0.0000011025  -0.0000040459  -0.0000023083   0.0000030284  -0.0000028927
11041  -0.0000018594  -0.0000021525  -0.0000014925   0.0000019147   0.0000002595
11042   0.0000263517   0.0000066634  -0.0000062855  -0.0000120158  -0.0000090118
11043   0.0000242701   0.0000212150  -0.0000139975  -0.0000004978   0.0000014648
11044  -0.0000311891  -0.0000057281   0.0000047793   0.0000007235   0.0000007524
11045   0.0000008782   0.0000028294  -0.0000003311   0.0000023766  -0.0000002661
11046  -0.0000000651  -0.0000005355  -0.0000004663  -0.0000002202  -0.0000007320
11047   0.0000005602  -0.0000007124   0.0000000779  -0.0000003779
111 1  -0.1095762644   0.0019476282   0.0426275616   0.0928192498  -0.0399026430
111 2   0.0910708946   0.0059647492   0.1084242081  -0.0961400590  -0.0219906170
111 3   0.0166272924  -0.0049159116  -0.0145760072   0.0294920935  -0.0150105330
111 4   0.0810841485   0.0546268552  -0.0982219301  -0.0435890450   0.0345061999
111 5  -0.0962688503  -0.0625497407  -0.0093339044  -0.0544508884  -0.0125619075
111 6  -0.0316408632   0.0085638817   0.0542204427  -0.0566078899   0.0297371265
111 7  -0.0739823084  -0.0213185890   0.0085547840   0.0116205080  -0.0032473356
111 8   0.0699828104   0.0006917546   0.0748021528   0.0109439323   0.0975850089
111 9  -0.0802070710   0.0059115895   0.0943042557   0.0357255621   0.1014041001
11110  -0.0958027227  -0.0846378200  -0.0140522536   0.0181333667  -0.0295672021
11111   0.0093609701   0.0600344127  -0.0495322609  -0.1405699248   0.0300273040
11112   0.0973162113   0.0144933574  -0.0178034160  -0.0052851909   0.1574819463
11113   0.0564473032  -0.0182766169  -0.1039816788   0.0040943752  -0.0452423454
11114   0.0374789203  -0.0065325561   0.0048448043  -0.1552859838  -0.0345342832
11115  -0.0206645125   0.1229495343   0.0268920401  -0.0213990698   0.0264868878
11116   0.0049823254  -0.0475525285  -0.0113152571   0.0350059429   0.0055257387
11117  -0.0128312711   0.0101331124  -0.0139507526  -0.0133675227  -0.0459011498
11118   0.0652977821  -0.0799622360  -0.0200538661   0.0142335025  -0.0434531401
11119  -0.0166960367   0.0106043703  -0.0002689027   0.0731615449   0.0255641007
11120   0.0533792879   0.0270850759  -0.0167797246   0.0299268290   0.0363120214
11121  -0.0912371352   0.0180756272   0.1058342526  -0.0220718041   0.0556724442
11122   0.0649147360  -0.0428043028   0.0308900508   0.0219128473   0.0315333396
11123  -0.0944175012  -0.0950865714  -0.0027693527  -0.0682252731   0.0083263463
11124   0.0246711499   0.0030083190  -0.0163342867  -0.0198733548   0.0113062854
11125   0.0097110235  -0.0479591006  -0.0020790500  -0.0200915784   0.0675439245
11126  -0.0808367747   0.0422883736  -0.0492176596  -0.0142275089   0.0343449497
11127  -0.0231020045  -0.0276042042  -0.0061195218  -0.0144249282   0.0161323583
11128   0.0256202152   0.0002375252  -0.0001509641  -0.0000343382  -0.0008128082
11129   0.0006325980   0.0001380480   0.0000089553  -0.0003702209   0.0000001979
11130   0.0000003694  -0.0000119961  -0.0000173234   0.0002686378   0.0000029480
11131  -0.0000522513  -0.0000131283   0.0000205987   0.0000424241   0.0000840308
11132  -0.0002081729   0.0000499958  -0.0000126868  -0.0001193583  -0.0000502143
11133  -0.0000530720  -0.0000009774  -0.0000239367  -0.0000214826  -0.0000512982
11134  -0.0000408907   0.0000181279  -0.0000434236  -0.0000010664   0.0000316425
11135   0.0000029664   0.0000113342   0.0000001827  -0.0000179923  -0.0000278919
11136   0.0000070062   0.0000149791   0.0000104776  -0.0000019224   0.0000137031
11137  -0.0000034876  -0.0000166769  -0.0000057988  -0.0000051792   0.0000048653
11138  -0.0000003721  -0.0000050588   0.0000032469   0.0000085065  -0.0000064193
11139   0.0000009359   0.0000191807  -0.0000066562   0.0000141661  -0.0000167350
11140  -0.0000035003  -0.0000028173   0.0000012741   0.0000011750   0.0000076879
11141  -0.0000017617   0.0000029368   0.0000010090   0.0000176568   0.0000059550
11142   0.0000335334   0.0000088019  -0.0000005228  -0.0000189852   0.0000094041
11143   0.0000064444   0.0000174287  -0.0000183169   0.0000078126  -0.0000105413
11144  -0.0000268510   0.0000066000   0.0000012398  -0.0000022142   0.0000019813
11145  -0.0000007367  -0.0000008706   0.0000006842   0.0000008264  -0.0000001881
11146   0.0000007176   0.0000000525   0.0000006274  -0.0000005193  -0.0000004006
11147   0.0000007951  -0.0000005528   0.0000001447   0.0000000723
112 1  -0.0013612526   0.0089291787   0.0196850092   0.0602390033   0.0184728822
112 2  -0.0571639475   0.1205052272   0.0017314998  -0.0188292364   0.0417483534
112 3   0.0130423731   0.0019593017  -0.0139206839  -0.0022383042  -0.0028106719
112 4  -0.0229920657  -0.0054262841  -0.0330230903   0.0336090010  -0.0214168367
112 5  -0.0065524058  -0.0333860449   0.0065121842  -0.1080171771   0.0967813080
112 6   0.0583088769  -0.1017497471  -0.0668735204  -0.0147995047  -0.1642917393
112 7   0.0087382818  -0.0064488940  -0.0790817679  -0.0238660498   0.0573771363
112 8   0.0863995603  -0.0201528886  -0.0620783645   0.0280426077  -0.0522122240
112 9  -0.0760638096   0.0000633720   0.0626741991   0.0312132045  -0.0443189068
11210   0.0581073822  -0.0356639994  -0.0673558841  -0.0244355363  -0.0325482566
11211   0.0386597908   0.0674996984   0.0479827644   0.0722137929  -0.0297147804
11212  -0.0542658313   0.0419119043  -0.0168134611  -0.0133506278   0.0715825343
11213  -0.0417579923   0.1046746262  -0.0232100704  -0.0563969750   0.0398133380
11214   0.0025412389  -0.0508795864  -0.0441091437  -0.0692804643  -0.0124175805
11215   0.1186666534  -0.0080619374  -0.0160021431   0.0102920373   0.0877612301
11216   0.0583665012   0.0084410400  -0.0189363476   0.0916324324   0.0053314586
11217  -0.1460784375  -0.0435412531   0.0841598476  -0.1132358554   0.0413603778
11218  -0.0258643165  -0.0553526872   0.0321139842   0.0244520690  -0.0034509171
11219  -0.0372177213   0.0199021986   0.0088476357  -0.0351126969  -0.0118777743
11220  -0.0315419972  -0.0308144367   0.0142571219  -0.0808118581   0.0910770137
11221   0.0627764529   0.0753940238   0.1617854062  -0.1725891866   0.0768202460
11222   0.1608181872   0.0521874054   0.0042668516   0.1899421545   0.0134735178
11223   0.0953665880   0.0597150020   0.0003097778  -0.0089151760  -0.0046382548
11224   0.0174915438   0.0086669705   0.0049531454  -0.0761932852  -0.0068381222
11225  -0.0010731658  -0.0097120670   0.0055806212  -0.0035961147  -0.0002108033
11226   0.0050179674  -0.0044552874   0.0011769502   0.0145098143  -0.0002050528
11227   0.0042303313   0.0063347547  -0.0002084219   0.0035523498   0.0039560210
11228  -0.0024428871   0.0003474295   0.0003517999  -0.0003016606  -0.0007015455
11229   0.0007987532   0.0001955928   0.0000450332  -0.0001563200   0.0000694038
11230  -0.0000888558  -0.0000342790  -0.0000288609   0.0001858438   0.0000347381
11231  -0.0000785516   0.0000461968  -0.0000345139  -0.0000412613   0.0000230766
11232  -0.0000923189  -0.0000190043   0.0000188607  -0.0000038969  -0.0000267653
11233  -0.0000635471   0.0000054791  -0.0000345620   0.0000286360   0.0000017324
11234  -0.0000322457   0.0000107058   0.0000117873  -0.0000053209   0.0000096238
11235   0.0000178336   0.0000144765   0.0000118643   0.0000207049  -0.0000471427
11236  -0.0000016611  -0.0000088685   0.0000007207  -0.0000002317  -0.0000069479
11237   0.0000032301   0.0000037597  -0.0000057364  -0.0000062467  -0.0000054264
11238  -0.0000124244   0.0000019322  -0.0000080561  -0.0000187639  -0.0000071928
11239  -0.0000102453   0.0000029978  -0.0000108452   0.0000071900  -0.0000175556
11240   0.0000053471  -0.0000002037   0.0000160639   0.0000012686  -0.0000054484
11241  -0.0000040508   0.0000140586  -0.0000094356   0.0000176696   0.0000006797
11242   0.0000220784   0.0000239661  -0.0000058794   0.0000015538  -0.0000125573
11243   0.0000201080   0.0000042447  -0.0000268182  -0.0000009249  -0.0000088725
11244  -0.0000254493  -0.0000071742  -0.0000017509  -0.0000053764   0.0000000765
11245  -0.0000034657   0.0000018468  -0.0000002830  -0.0000003662   0.0000009849
11246  -0.0000004620   0.0000008170  -0.0000004919  -0.0000000633   0.0000001224
11247   0.0000003845  -0.0000006825   0.0000001617  -0.0000000921
113 1  -0.0053192330   0.0112994856  -0.0788134007   0.0015217490   0.0977772097
113 2   0.0619721563  -0.0024403098   0.0305192390  -0.0168654848   0.0082220166
113 3   0.0103763411   0.0103239597   0.0379342436  -0.0193143740  -0.0099122368
113 4  -0.0722341640  -0.0454870711   0.0366898731   0.1019219327   0.0785659665
113 5  -0.0385007475   0.0859861103   0.0156621421  -0.0037391115  -0.0373721245
113 6   0.0549149364   0.0291578502  -0.0039219192  -0.0237028950  -0.0360199248
113 7  -0.0586923855  -0.0847697971   0.0028350276  -0.0140403377   0.0471363468
113 8   0.0306375282  -0.0053904019   0.0091950308   0.0198476767  -0.2270425555
113 9   0.1486409857   0.0192127966   0.0209664061  -0.0411504958   0.0145619075
11310  -0.0636879541  -0.2073197086   0.0489480002   0.0492209907   0.0441715448
11311   0.0204337449   0.0661608390   0.1371635598   0.1436131901   0.0128877056
11312  -0.0871940503  -0.0634924417   0.0182765596   0.0138483670   0.1401107732
11313   0.1711615002  -0.0305249457   0.1270997585  -0.0495057530  -0.0006870842
11314   0.0763099847  -0.0075935654   0.0124982563   0.0107579017  -0.0918501491
11315   0.0260102691   0.2727936867  -0.0472523601   0.0472676421  -0.0870802475
11316  -0.0181070462  -0.0435713502   0.0391091802  -0.0167921725  -0.0408076781
11317   0.0443708085   0.0475244184   0.0167719733   0.0571768203   0.0026606905
11318  -0.0434141139   0.0056949196  -0.0004417603   0.0175726381   0.0065322149
11319  -0.0015184648   0.0426543714   0.0073524637  -0.0109017157  -0.0435655722
11320   0.0186213511  -0.0220131175  -0.0258368718  -0.0287338513  -0.0018118155
11321   0.0373779039   0.0276238263   0.0989015588  -0.0476371652  -0.0194382588
11322  -0.0335252485   0.0087943163  -0.0338627191  -0.0698162088  -0.0232257820
11323  -0.0081520279  -0.0320267602  -0.0143397323  -0.0054481776  -0.0756171099
11324  -0.0106240265   0.0079562669   0.0021822995   0.0309869100  -0.0185448352
11325   0.0069354944   0.0038292331   0.0032069331  -0.0025892590   0.0034675059
11326  -0.0024000663   0.0029419764  -0.0145215755  -0.0032463573   0.0037169091
11327   0.0039848447  -0.0021344592  -0.0015249042  -0.0048506097   0.0042514817
11328   0.0122204814  -0.0005564017  -0.0000671895   0.0000194954  -0.0004991520
11329  -0.0000422438   0.0003604523   0.0001705401  -0.0000896909  -0.0000299485
11330   0.0000410935   0.0000354311  -0.0000584484   0.0000297187  -0.0000484215
11331   0.0000031644   0.0000155379   0.0000629885  -0.0000027192  -0.0000064570
11332  -0.0000002996  -0.0000731485  -0.0000161061  -0.0000138570  -0.0000002403
11333  -0.0000054221  -0.0000054605  -0.0000322080   0.0000081855   0.0000061055
11334  -0.0000171383   0.0000217929  -0.0000115177  -0.0000088542   0.0000074917
11335   0.0000066771   0.0000016570  -0.0000085648   0.0000086620  -0.0000111202
11336  -0.0000041281  -0.0000035036  -0.0000005556  -0.0000019877   0.0000018437
11337   0.0000018763   0.0000023444  -0.0000091921  -0.0000127119  -0.0000067915
11338  -0.0000039460   0.0000012188   0.0000080534  -0.0000013063  -0.0000092694
11339  -0.0000012279   0.0000097670  -0.0000085033   0.0000376098  -0.0000071579
11340   0.0000002390  -0.0000027413  -0.0000025853   0.0000011450   0.0000018825
11341   0.0000076629   0.0000079059  -0.0000002599  -0.0000025628  -0.0000016251
11342   0.0000074695  -0.0000025038  -0.0000078823  -0.0000064854  -0.0000006402
11343   0.0000161210   0.0000138234  -0.0000038943   0.0000131050   0.0000065931
11344  -0.0000467290  -0.0000036546   0.0000025101   0.0000018195   0.0000003878
11345   0.0000016434   0.0000020895  -0.0000004750   0.0000019298  -0.0000003118
11346  -0.0000000391  -0.0000004164  -0.0000003112  -0.0000001685  -0.0000002723
11347   0.0000001271   0.0000003907   0.0000006611  -0.0000008309
114 1   0.0376292319   0.0475488112  -0.0558664471   0.0069846527  -0.0175851999
114 2   0.0621053248   0.0142070476   0.0545293618  -0.1275476368  -0.0227562104
114 3   0.0333676890  -0.0238032224   0.0920680214  -0.0346368290  -0.0416235090
114 4  -0.1204962847   0.0144884750   0.0040928192  -0.0544656915  -0.0064915471
114 5  -0.0135025884  -0.1111621255   0.0337247432   0.0021686432  -0.0171821051
114 6   0.0306541670   0.0330543739  -0.0363824062   0.0785837730  -0.0176011819
114 7  -0.1282003537   0.1659438759   0.0273230726  -0.0481243594  -0.0188600526
114 8   0.0248350239   0.1134085334  -0.0089686401   0.0324777153   0.0470740136
114 9   0.0180160145   0.0531939803  -0.0353936053  -0.0333930875   0.0300277586
11410  -0.0186703397   0.0212313539   0.0207436162   0.1033923748   0.0248752971
11411   0.0142256380  -0.0111693774   0.1087489202  -0.0004483703  -0.1408126023
11412  -0.1634104305   0.1063909257  -0.0028681549  -0.1444956487  -0.1672170436
11413   0.0607531448  -0.0927748105  -0.0736986523   0.0244282677  -0.0542277578
11414  -0.0264169162  -0.0748934036  -0.1280069138  -0.0282920574   0.1675084998
11415  -0.0762680278   0.1953445833  -0.0238032604  -0.0704490331   0.0439583678
11416   0.0179380901  -0.0267349592   0.0268991741   0.0055103734  -0.0013272794
11417   0.0221049011   0.0054234303   0.0162217516  -0.0278493880  -0.0209729041
11418   0.0069157193   0.0236315437  -0.0036937585  -0.0342907963   0.0294071216
11419   0.0034014039  -0.0226733568  -0.0120857059  -0.0051621035   0.0055637320
11420  -0.0117735834   0.0144025742   0.0164432520  -0.0130930103  -0.0036096603
11421  -0.0269672244  -0.0233421875  -0.0306222059  -0.0001965435   0.0248996221
11422   0.0074969731  -0.0037402517   0.0296603497   0.0650531433  -0.0020764402
11423  -0.0093219538  -0.0174221916  -0.0007645109   0.0015926910   0.0087570755
11424   0.0027630530   0.0009688370   0.0023784033   0.0121007045   0.0025811454
11425  -0.0240924479  -0.0190934372  -0.0049483355  -0.0029197972  -0.0184628549
11426  -0.0202685578  -0.0121043272   0.0224592489  -0.0240524919   0.0168261429
11427  -0.0032416972   0.0075285009  -0.0006640968   0.0023743738   0.0020028134
11428  -0.0433143398   0.0007480866  -0.0000317515  -0.0001496489   0.0000507616
11429  -0.0001228895   0.0000231874   0.0000695445   0.0000239668  -0.0000278817
11430  -0.0000346715  -0.0000422045   0.0000300436   0.0000069585  -0.0000282629
11431   0.0000312865   0.0000399760  -0.0000075579  -0.0000037119  -0.0000015731
11432   0.0000231089  -0.0000325506   0.0000102444  -0.0000299243   0.0000066475
11433   0.0000047536   0.0000090218  -0.0000288390  -0.0000089451   0.0000024538
11434  -0.0000149613  -0.0000106767  -0.0000039172  -0.0000038976  -0.0000002033
11435   0.0000024444   0.0000034647  -0.0000184330   0.0000112247   0.0000026828
11436  -0.0000010415  -0.0000045491  -0.0000107867   0.0000049338  -0.0000013076
11437  -0.0000065902  -0.0000029048  -0.0000023928  -0.0000002348   0.0000001588
11438  -0.0000005256   0.0000046280  -0.0000041228  -0.0000003764  -0.0000059936
11439   0.0000036827   0.0000011395   0.0000111441  -0.0000009814   0.0000005888
11440  -0.0000039998  -0.0000042534  -0.0000010389   0.0000054086  -0.0000010492
11441  -0.0000068085  -0.0000133886   0.0000044319   0.0000009949   0.0000042681
11442   0.0000136050  -0.0000032368  -0.0000016468  -0.0000068646  -0.0000077763
11443   0.0000106672   0.0000142073  -0.0000050878  -0.0000122819   0.0000118451
11444   0.0000189817  -0.0000006943   0.0000018876   0.0000007944  -0.0000002571
11445   0.0000008554   0.0000005543  -0.0000001681   0.0000007149  -0.0000003328
11446   0.0000001292  -0.0000005130   0.0000003196   0.0000001471   0.0000003286
11447   0.0000002695  -0.0000000187  -0.0000004529   0.0000006695
115 1   0.0034128280   0.0121874990   0.0248123409   0.0811659166   0.0184728822
115 2  -0.0571639475   0.1205052272   0.0017314998  -0.0188292364   0.0417483534
115 3   0.0149042328  -0.0005900301  -0.0191369595  -0.0213185907   0.0137108457
115 4  -0.0171079742  -0.0312626066  -0.0417368816   0.0691703854   0.0265657445
115 5   0.0156583024  -0.0063514560   0.0008278403  -0.1524564012   0.0843269051
115 6   0.1945785280  -0.0808001205  -0.0265030843  -0.0265459939  -0.0434231500
115 7  -0.0210166504   0.0011980831  -0.0046490481  -0.0174140870  -0.0951586113
115 8   0.0781120862  -0.0270849675  -0.0782218403   0.1026028059   0.0086568160
115 9  -0.0010604667   0.0016508310  -0.0091529052  -0.0180529893   0.0103076737
11510  -0.0493431087   0.0409629421  -0.0549694592  -0.0168162349   0.0251522335
11511   0.0001307093   0.0909881264   0.0238209420  -0.0043564051   0.0092415915
11512  -0.0354958397   0.0595547418   0.0082446472  -0.0126828791  -0.0096132991
11513  -0.0445146965   0.1012780271   0.0063424749  -0.0228258285   0.0142304586
11514   0.0123084234   0.0506898797  -0.0947606832  -0.2432301162   0.0493877005
11515   0.0922603230  -0.1206338282  -0.0822231691  -0.0733840718   0.0217099102
11516  -0.0327853511   0.0495402727   0.0220427969   0.0180526584   0.0142900043
11517  -0.0984202899  -0.1085681687  -0.0318442161   0.1157739022   0.0302731555
11518   0.0635188108  -0.0176181525   0.0233765527   0.0502066257  -0.0095585572
11519   0.0141509922   0.0110369257  -0.0183721890  -0.0159294787  -0.0195235267
11520   0.0083485975  -0.0136454970  -0.0160479630   0.0130268189   0.0454757380
11521   0.0765568131  -0.0114110805  -0.0930793033   0.1425289490  -0.0934306423
11522  -0.0715697007  -0.0949619139   0.0778169278  -0.2679860289  -0.0657889985
11523  -0.0773235975  -0.0779106920  -0.0027971209   0.0085086112  -0.0261501059
11524   0.0013419040  -0.0161149688  -0.0008347625   0.0275818886  -0.0014171396
11525  -0.0068406513   0.0169115147  -0.0057899889   0.0071940081  -0.0055916316
11526  -0.0020728230   0.0079312581   0.0023406208   0.0061869565  -0.0211602468
11527  -0.0018084415  -0.0038985669  -0.0006611373  -0.0042743014  -0.0040830886
11528   0.0057508751  -0.0001225192  -0.0005577588   0.0004020688   0.0010472018
11529  -0.0006802367  -0.0006812937  -0.0002137845   0.0004619191  -0.0000316916
11530   0.0001108187   0.0004883947   0.0001737106  -0.0001832828  -0.0000492770
11531   0.0000547043  -0.0000895899  -0.0001039376   0.0000326888  -0.0000631840
11532   0.0002069912   0.0001415941  -0.0000653873  -0.0000078816   0.0000105221
11533   0.0000485942  -0.0000153948   0.0000880584  -0.0000160885   0.0000185443
11534   0.0000253933  -0.0000451812   0.0000033617   0.0000133376  -0.0000337524
11535  -0.0000279694  -0.0000154377   0.0000149473  -0.0000379953   0.0000525189
11536   0.0000041988   0.0000201406   0.0000139169  -0.0000059264   0.0000111757
11537  -0.0000024054  -0.0000125893   0.0000085673   0.0000267410   0.0000132928
11538   0.0000143037  -0.0000035483   0.0000179293   0.0000211639   0.0000073572
11539   0.0000198652  -0.0000255812   0.0000328609  -0.0000408627   0.0000149850
11540  -0.0000043668   0.0000033383  -0.0000219317  -0.0000048958   0.0000000939
11541   0.0000056812  -0.0000235120   0.0000081471  -0.0000160668   0.0000059914
11542  -0.0000273233  -0.0000210145   0.0000136685   0.0000046576   0.0000081615
11543  -0.0000266142  -0.0000167801   0.0000236465  -0.0000057836   0.0000133722
11544   0.0000654111   0.0000116720   0.0000005683   0.0000075099   0.0000027780
11545   0.0000040169  -0.0000039772   0.0000048874  -0.0000005851  -0.0000010443
11546   0.0000004428  -0.0000009605   0.0000007907   0.0000002189   0.0000001741
11547  -0.0000004999  -0.0000002871  -0.0000007461   0.0000004910
116 1  -0.0084395563  -0.0245762143  -0.0449885995  -0.0673450952   0.0855607439
116 2   0.0985025612  -0.0320672702   0.0052308107  -0.0168776117   0.0324659602
116 3   0.0141934590  -0.0162733757  -0.0197920359  -0.0258547172   0.0188839478
116 4   0.0567864449  -0.1278370932   0.0018144780   0.0278145377   0.0045280844
116 5  -0.0306133570   0.0202714525   0.0075908159  -0.0113378467   0.0182209127
116 6   0.1205882571  -0.0328592793  -0.0199996257  -0.0881047149   0.0725141394
116 7  -0.0366834466  -0.0800969158  -0.0835711173   0.0021399541   0.0499089258
116 8   0.0045967105   0.0833094925   0.0924040698   0.1013766817  -0.0795674929
116 9  -0.0830885706   0.0303720403  -0.0341302414  -0.0279275604  -0.1062375144
11610  -0.0061189009  -0.0841291467  -0.1528537372  -0.1318293982  -0.0152713490
11611  -0.0183354377  -0.1027534799   0.0873171869  -0.1404971134  -0.0311881621
11612   0.1454482349   0.0375109202  -0.0000903513  -0.0514292050  -0.0439109077
11613  -0.0177883193   0.0476056508  -0.0590351902  -0.1066494429   0.0676014651
11614   0.0267717301   0.0106148705  -0.0943420024   0.0137981727   0.1476356406
11615   0.0493405773  -0.0741607694   0.0964164993   0.0682408421   0.0728352381
11616   0.0112217534  -0.0101862998   0.0056740154  -0.0376965859   0.0946745440
11617  -0.0645738487   0.0139362892  -0.0220772708   0.0283616855   0.0273519398
11618  -0.0012547144  -0.0010336468   0.0117313823  -0.0569044880   0.0233518787
11619  -0.0143210269   0.0743065824   0.0323176201  -0.0027146420  -0.0070560809
11620   0.0570633663   0.0013728049  -0.0161423529  -0.0219310214  -0.0502207972
11621  -0.0494007691  -0.1069801233   0.1188361173   0.1104968457  -0.0498314460
11622  -0.0524954265   0.0317107472  -0.0740805661   0.0524062499   0.1641418986
11623   0.0100432637  -0.0011182697  -0.0179342024   0.0014024361  -0.0044716656
11624  -0.0195058306   0.0071787718  -0.0196730785  -0.0640573474   0.0097722882
11625   0.0043553652  -0.0017431262  -0.0013582815   0.0000961906   0.0012302226
11626  -0.0079560131   0.0011723832  -0.0058023383  -0.0015827625  -0.0026914212
11627   0.0060326121  -0.0019872193  -0.0000439996  -0.0014517493   0.0049461606
11628  -0.0299393269   0.0001079947   0.0000405763  -0.0002886327  -0.0004778506
11629   0.0001623918   0.0003500635   0.0001556172  -0.0000774955  -0.0000210471
11630  -0.0000266120  -0.0000617452  -0.0001103318   0.0000706976  -0.0000555872
11631   0.0000091410   0.0000643844   0.0000653633  -0.0000313754  -0.0000220613
11632   0.0000176636  -0.0000944996   0.0000021790  -0.0000351774  -0.0000096383
11633  -0.0000165214   0.0000048453  -0.0000551820   0.0000192001  -0.0000084189
11634  -0.0000340182   0.0000045890  -0.0000216434  -0.0000209030   0.0000116498
11635   0.0000146094   0.0000166990  -0.0000092512   0.0000247209  -0.0000313592
11636  -0.0000065743  -0.0000101529  -0.0000045798   0.0000008519  -0.0000048276
11637   0.0000024317   0.0000039901  -0.0000110417  -0.0000185416  -0.0000052096
11638  -0.0000074103   0.0000114759   0.0000009497  -0.0000138551  -0.0000096877
11639   0.0000000664   0.0000177333  -0.0000123346   0.0000313838  -0.0000025063
11640   0.0000014380  -0.0000019202   0.0000092832   0.0000028539   0.0000020664
11641  -0.0000029188   0.0000028346   0.0000002756   0.0000038091  -0.0000023599
11642   0.0000281405   0.0000148890  -0.0000036340  -0.0000136880  -0.0000033968
11643   0.0000369353   0.0000190846  -0.0000160588   0.0000062331   0.0000159465
11644  -0.0000320154  -0.0000091532   0.0000013159   0.0000001768   0.0000000518
11645   0.0000004958   0.0000037562  -0.0000009108   0.0000014918  -0.0000000520
11646  -0.0000002536  -0.0000003737  -0.0000002975  -0.0000000102   0.0000002028
11647   0.0000001389   0.0000003156   0.0000004407  -0.0000003850
117 1   0.0513707769  -0.0083867547  -0.0085750788  -0.0567390640   0.0047322431
117 2   0.0331397549   0.0224493460   0.0006345156  -0.1589552147  -0.0235218038
117 3   0.0028990724  -0.0690263605  -0.0754983606  -0.0608095396   0.0669080577
117 4   0.0955938561  -0.0592965928   0.0082814001  -0.0248596236   0.0011922071
117 5  -0.0316753920  -0.0300366152   0.0028104319  -0.0095001246  -0.0290943558
117 6  -0.0549683910   0.0388003005  -0.0272195257   0.0277189254  -0.0739032655
117 7  -0.0615457140   0.0834061171   0.0202145953  -0.0247062837  -0.0706702347
117 8   0.0019443825  -0.1345134369   0.0061115277  -0.0634970490  -0.0210091893
117 9  -0.0197040499  -0.0088319578  -0.0166810061   0.0449853634   0.0111109584
11710  -0.0158880337   0.0607394984   0.0245395349   0.0318558114  -0.0016255184
11711  -0.0072633717   0.0023036162  -0.1182853979   0.0455902446   0.0356321466
11712   0.0101697487  -0.0874490685   0.0314726117   0.0406719454  -0.0519597697
11713   0.1061704170   0.0862717056   0.0147092934   0.0162349579  -0.0593038972
11714  -0.0889832650  -0.0440787272  -0.0311239636   0.0450886981  -0.1283618154
11715   0.0565449616   0.2467957432   0.1131899761   0.0022262329   0.0440582059
11716  -0.0177407163   0.0490957227   0.0200033015  -0.0688116667   0.1612064256
11717  -0.0689081349  -0.0244560540  -0.0386096177  -0.0105172069   0.0386756757
11718  -0.0736761337  -0.0147808394   0.0255382828  -0.0715399236   0.0438479895
11719  -0.0259458317   0.0601301308   0.0017887158   0.0006850301   0.0365602097
11720  -0.0201865622   0.0302909583   0.0199737896  -0.0702924606   0.0281413790
11721   0.0629676872  -0.0542310242   0.0353519543  -0.0339057964   0.0377298684
11722   0.0540203677  -0.0655086418   0.0394962606  -0.0409027962   0.0007790965
11723   0.0446373529  -0.0326610451  -0.0071879194   0.0061606305   0.0045663929
11724   0.0052971055  -0.0113312245   0.0048575858  -0.0050764116  -0.0021506958
11725  -0.0361340490   0.0056721016  -0.0017120798   0.0098859073  -0.0231195653
11726  -0.0249013018   0.0015453384   0.0082806067   0.0494206278  -0.0663772643
11727   0.0096852960   0.0026645327  -0.0078644763  -0.0163009241   0.0115041432
11728   0.0566348731  -0.0000944323   0.0001930571  -0.0001129082  -0.0007662412
11729   0.0000411167   0.0004527706   0.0001311351  -0.0003160120  -0.0000453411
11730   0.0000130957  -0.0001502288  -0.0000825740   0.0000425521  -0.0000354104
11731   0.0000241081   0.0000614456   0.0001518907   0.0000167404   0.0000265977
11732  -0.0000504509  -0.0000983770  -0.0000064708  -0.0000128961  -0.0000569583
11733  -0.0000137009  -0.0000162343  -0.0000729055  -0.0000276984  -0.0000125964
11734  -0.0000355404   0.0000423228  -0.0000263025  -0.0000261919   0.0000206428
11735   0.0000169741   0.0000162319   0.0000004909   0.0000117884  -0.0000435561
11736   0.0000099293  -0.0000047320  -0.0000036574   0.0000121146   0.0000009968
11737   0.0000134761  -0.0000029359  -0.0000064735  -0.0000219299  -0.0000080545
11738  -0.0000077849   0.0000006549  -0.0000083237   0.0000043382  -0.0000070736
11739  -0.0000076675   0.0000220730  -0.0000161790   0.0000489850  -0.0000113591
11740  -0.0000010738  -0.0000019200   0.0000088885  -0.0000104418   0.0000027646
11741  -0.0000097585   0.0000039053   0.0000032816  -0.0000046754  -0.0000017778
11742   0.0000311354   0.0000055227  -0.0000093929  -0.0000107893   0.0000093484
11743   0.0000222271   0.0000265958  -0.0000145752   0.0000143111   0.0000042008
11744  -0.0000638700  -0.0000025665   0.0000046483  -0.0000022981   0.0000004997
11745   0.0000005655   0.0000023483  -0.0000017180   0.0000025081  -0.0000000049
11746   0.0000001378   0.0000008782  -0.0000002538  -0.0000001452  -0.0000005975
11747   0.0000005772   0.0000004860   0.0000000807  -0.0000003956
118 1   0.0231253714   0.0215107731   0.0263462638   0.1069429335   0.0184728822
118 2  -0.0571639475   0.1205052272   0.0017314998  -0.0188292364   0.0417483534
118 3   0.0137300277   0.0051274093  -0.0157803801  -0.0324895453   0.0217405938
118 4   0.0244062367  -0.1260086034  -0.0669233330   0.0891186336   0.0757984213
118 5   0.0299818267  -0.0138467892   0.0027051721  -0.1481644157   0.0930557493
118 6   0.2795406888  -0.1004178464   0.0100896868  -0.0373905211   0.0220991743
118 7  -0.0476386622  -0.0089128558   0.0430839074   0.0218504660  -0.1113379637
118 8   0.0280512895   0.0193972940  -0.0605998986   0.2149308470   0.1332527477
118 9  -0.0136450744   0.0079316729  -0.0755143247  -0.0850922980   0.0652976699
11810  -0.0534455894   0.1266250882  -0.0348434312   0.0065223425   0.0466386588
11811  -0.0377644571  -0.0362787125  -0.0416628098  -0.0916638431   0.0131787662
11812  -0.0377872237   0.0088678885   0.0244510412   0.0126415932   0.0263923372
11813  -0.0371029688  -0.0348442033   0.0470164510   0.1285501474  -0.0394526200
11814   0.0029220568  -0.0506399095   0.0500929287   0.0347169414  -0.1881217925
11815   0.0242459796   0.0229218472  -0.0838382437  -0.0127537012  -0.1110275321
11816  -0.0041263958  -0.0221645778  -0.0118846711  -0.0329440737   0.0264059951
11817   0.1289577356   0.0294681614  -0.0023684108   0.0289731691  -0.0153560890
11818  -0.1394522801   0.0101707262  -0.0474746667  -0.0637017067   0.0219817784
11819  -0.0195097000  -0.0112701310   0.0188048884   0.0268650903   0.0195726065
11820   0.0073225664   0.0017028425   0.0067701300   0.0242250638  -0.0349466127
11821  -0.0940729133  -0.0169794938   0.0417754342  -0.0820400486   0.0559047156
11822  -0.0188547365   0.0652263783  -0.0505440895   0.1308097257   0.0591588564
11823   0.0322215871   0.0275466700  -0.0025896216  -0.0016590449   0.0071607858
11824  -0.0089710536   0.0075839123   0.0015318943  -0.0071993248  -0.0025070897
11825   0.0037332283  -0.0045020944   0.0038196835  -0.0017160658   0.0056217853
11826   0.0057835146  -0.0014616806  -0.0026899372  -0.0042754746   0.0122661614
11827   0.0010665588   0.0009273916   0.0012604966   0.0016632832  -0.0004057318
11828   0.0000097259  -0.0005174105   0.0005312609   0.0000624928  -0.0009265720
11829   0.0009378713   0.0003692116   0.0002562817  -0.0005902589  -0.0000597519
11830  -0.0001662495   0.0007530220   0.0003831830  -0.0000556476  -0.0002152191
11831   0.0000420177   0.0000046907  -0.0000367104  -0.0000157814   0.0000578248
11832  -0.0001144821   0.0000734024  -0.0000124040   0.0000048410   0.0000082103
11833  -0.0000343558  -0.0000348658   0.0000196303   0.0000006729  -0.0000204564
11834  -0.0000346025   0.0000216755  -0.0000033730  -0.0000143641   0.0000396488
11835   0.0000366064   0.0000242252   0.0000075972   0.0000009287  -0.0000577943
11836   0.0000019511  -0.0000043588  -0.0000244867   0.0000032637   0.0000041366
11837  -0.0000029415  -0.0000074572  -0.0000009800  -0.0000006469   0.0000126554
11838  -0.0000046129  -0.0000002744  -0.0000014872   0.0000071240   0.0000049239
11839  -0.0000191984   0.0000099069   0.0000014736  -0.0000021299  -0.0000183836
11840  -0.0000046894   0.0000000382   0.0000096531   0.0000057428  -0.0000006621
11841  -0.0000190507  -0.0000032006  -0.0000008676   0.0000107895  -0.0000002347
11842   0.0000375588   0.0000230230  -0.0000029735  -0.0000073860  -0.0000074367
11843   0.0000365771   0.0000317488  -0.0000289181  -0.0000357832  -0.0000158707
11844   0.0000135169   0.0000011519   0.0000069317  -0.0000028640  -0.0000017950
11845  -0.0000015953  -0.0000004783  -0.0000024460   0.0000018943  -0.0000002282
11846   0.0000003477  -0.0000001754  -0.0000000328  -0.0000001841  -0.0000006028
11847   0.0000004941   0.0000003199  -0.0000005873   0.0000001321
119 1  -0.0355187344  -0.0611559269  -0.0377827516  -0.1982579507   0.0733442780
119 2   0.1350329660  -0.0616942306  -0.0200576175  -0.0168897385   0.0567099039
119 3  -0.0046942619  -0.0043327931  -0.0308318697   0.0488938080  -0.0313714983
119 4  -0.0764411168   0.1618732194   0.0019022814  -0.0870885827  -0.1674172941
119 5  -0.0134340164   0.0070415429  -0.0272890168  -0.1808060635   0.0882902881
119 6   0.0724041129  -0.0691820772  -0.0399179841  -0.0139770841  -0.0259770929
119 7   0.0469210025  -0.0214321835  -0.0605836760  -0.0956859070   0.0723041183
119 8   0.0438233516  -0.0481849701  -0.0304093625   0.0678922381   0.1682255859
119 9  -0.0080451541   0.0153936621  -0.0578609060  -0.0486254695   0.0431849775
11910  -0.0402747764   0.0389469529   0.0106316095   0.0292469047   0.0450943772
11911  -0.0039710477   0.0935975677   0.0276759215   0.0284397755  -0.0340016214
11912  -0.0228567993  -0.0004294165  -0.0207823062   0.0277927851   0.0095681575
11913  -0.0266961111  -0.0060045916   0.0182276335   0.0972240727   0.0058463149
11914   0.0117195364  -0.0399529438   0.0102796508   0.0185100131  -0.1015769857
11915   0.0769281973   0.1144461981   0.0610253825   0.0348831570  -0.0067704663
11916  -0.0320553366   0.0501124955   0.0095837643  -0.0018797236   0.0480546384
11917  -0.1107578413   0.0271071220  -0.0590602491  -0.0399083970  -0.0106532430
11918   0.2008506029   0.0396999492   0.0091914200   0.0454146633  -0.0225326581
11919  -0.0228017292  -0.0077356487  -0.0384045901  -0.0445735725  -0.0157094441
11920  -0.0206013595   0.0044816984  -0.0043706672   0.1002056982   0.0143832211
11921  -0.0853170093  -0.0423258882   0.0074427527  -0.0542988637  -0.0581693248
11922  -0.0067030896   0.0642417312  -0.0059082674   0.0533703349   0.0370080523
11923   0.0156979166  -0.0220126967  -0.0035358865  -0.0063849811   0.0059023565
11924  -0.0089458339  -0.0038375285   0.0043539592  -0.0119386582  -0.0056922654
11925  -0.0176044851  -0.0029981541   0.0027582988   0.0114197393   0.0049726154
11926   0.0028575544   0.0134819591   0.0082551063   0.0091944672  -0.0145444976
11927   0.0012220202  -0.0054672638  -0.0009524570  -0.0031286453   0.0035450259
11928  -0.0054359443  -0.0000155508   0.0001287449  -0.0005055205   0.0000516298
11929   0.0005007019  -0.0003654956  -0.0003103339  -0.0002217607  -0.0001431286
11930  -0.0000743494  -0.0000605975   0.0000594480   0.0000568682   0.0000163325
11931  -0.0000052737  -0.0000592434  -0.0000190200  -0.0000224704  -0.0000065044
11932   0.0000193532   0.0000921477  -0.0000519240  -0.0000360935   0.0000246451
11933  -0.0000066210  -0.0000106406   0.0000049690  -0.0000186922  -0.0000296555
11934  -0.0000323373  -0.0000346327  -0.0000136333  -0.0000007841   0.0000033118
11935   0.0000080811   0.0000177494   0.0000110385  -0.0000105968  -0.0000161647
11936   0.0000025231   0.0000021545   0.0000042195  -0.0000008944   0.0000005874
11937  -0.0000047056  -0.0000058169  -0.0000002886   0.0000137894   0.0000115803
11938   0.0000109868   0.0000098168   0.0000044001  -0.0000070326   0.0000008052
11939   0.0000255492   0.0000085989   0.0000117777  -0.0000335859   0.0000231942
11940   0.0000014353  -0.0000030110   0.0000000862  -0.0000035059   0.0000037790
11941  -0.0000040611  -0.0000038976   0.0000039980   0.0000029989   0.0000046187
11942   0.0000282140   0.0000081157   0.0000059009  -0.0000201339   0.0000104086
11943   0.0000138423  -0.0000005643  -0.0000185601   0.0000026703   0.0000043758
11944   0.0000544214  -0.0000003052  -0.0000008704   0.0000022637   0.0000022744
11945   0.0000013289  -0.0000004737   0.0000031692  -0.0000005679  -0.0000006646
11946   0.0000000833   0.0000006925   0.0000006285  -0.0000004043  -0.0000008677
11947   0.0000000659  -0.0000001384  -0.0000005939   0.0000006190
120 1   0.0474722654   0.0396983352   0.0314871405  -0.0279239075   0.0270496862
120 2   0.0041741851   0.0306916445  -0.0532603307  -0.1903627926  -0.0242873971
120 3  -0.1229293961   0.0705847548  -0.0283691298   0.0460108907  -0.0097876568
120 4  -0.0110686140  -0.0783136666  -0.0374817481  -0.0065181834   0.0116154515
120 5  -0.0027494660  -0.0132621282  -0.0046030083   0.0195825783  -0.0074763296
120 6  -0.0297888169  -0.0144886396   0.0158114863   0.0267962654  -0.0093645934
120 7  -0.0227709293  -0.0127885398   0.0253879766  -0.0117026073  -0.0039362945
120 8   0.0064133376  -0.0177443645   0.0222553897  -0.0390264358  -0.0325349465
120 9   0.0082471496  -0.0049800183  -0.0298846806   0.0126835272  -0.0059504859
12010   0.0179706564  -0.0255493349  -0.0040038250   0.0262738741  -0.0473180808
12011   0.0139677281  -0.0099731079  -0.0092096259  -0.0206332921  -0.0366338238
12012  -0.0097427266  -0.0427087901   0.0508009590   0.0243626502   0.0249969174
12013   0.0447947118   0.0169927364  -0.0103994000   0.0105598794  -0.0196016622
12014   0.1135498171  -0.2036475462   0.0021232778  -0.0739443477   0.1384709074
12015  -0.0088686987  -0.1250810228   0.0200210996  -0.0102347381  -0.1024224213
12016   0.0055277083   0.0201058165  -0.0279792576  -0.0336888468   0.0222667938
12017   0.0686791927   0.0043128259   0.0065795989   0.0173587414  -0.0019619863
12018  -0.0468428919   0.0100482287  -0.0280903116  -0.0395826089   0.0129064942
12019  -0.0695664464  -0.0252580726   0.0185935156  -0.0206961315  -0.0154300728
12020   0.0223257133  -0.0502999032  -0.0002268679   0.0473723853   0.0709909439
12021  -0.1290098770  -0.0225810519   0.1028996649  -0.0272694618   0.0089677140
12022  -0.0112152316   0.0203900029   0.1110170624  -0.0196631016   0.0135280464
12023   0.0472055097  -0.0555350701   0.0017537857   0.0276693303   0.0195778200
12024  -0.0329858975  -0.0333696760   0.0371374638  -0.0605518914  -0.0236002222
12025  -0.0622448133   0.0279725999   0.0245810338   0.0455931353   0.0387717539
12026  -0.0072940492   0.0912774561  -0.0566800856   0.0009283552  -0.0206371329
12027   0.0027456354  -0.0267266602   0.0017678266  -0.0040012240   0.0050655377
12028  -0.1113774210   0.0007687935   0.0003037770  -0.0004442110  -0.0015684094
12029   0.0001981236   0.0012849303   0.0004828720  -0.0007880918  -0.0000909421
12030   0.0000360940  -0.0006877726  -0.0004726822   0.0001836914  -0.0000162886
12031  -0.0000104657   0.0002480208   0.0002907555   0.0000579406   0.0000905759
12032  -0.0002325378  -0.0003272480   0.0000696420  -0.0000525852  -0.0000492927
12033  -0.0000192486   0.0000123870  -0.0001816205   0.0000306427  -0.0000568116
12034  -0.0000415807   0.0000631902  -0.0000522971  -0.0000591793   0.0000489727
12035   0.0000311679   0.0000324729  -0.0000389027   0.0000450882  -0.0000926815
12036   0.0000063224  -0.0000258249  -0.0000165882   0.0000064599  -0.0000074661
12037   0.0000244371   0.0000095870  -0.0000168588  -0.0000564938  -0.0000396740
12038  -0.0000242801   0.0000004471  -0.0000071340  -0.0000108313  -0.0000185587
12039  -0.0000258635   0.0000489198  -0.0000564643   0.0001247708  -0.0000369970
12040   0.0000056527  -0.0000016323   0.0000047910   0.0000139914   0.0000009859
12041   0.0000111998   0.0000033096  -0.0000091517   0.0000142882  -0.0000176851
12042   0.0000496854   0.0000202528  -0.0000282576  -0.0000272152  -0.0000218923
12043   0.0000421031   0.0000418122  -0.0000391774   0.0000486849  -0.0000067738
12044  -0.0001592798  -0.0000129270   0.0000047964  -0.0000064765   0.0000013426
12045  -0.0000002735   0.0000068376  -0.0000046396   0.0000037801  -0.0000009457
12046  -0.0000003632  -0.0000018828  -0.0000010552  -0.0000004982  -0.0000009700
12047   0.0000011414   0.0000008527   0.0000007060  -0.0000012625
121 1   0.0557314840  -0.0901079082  -0.0766482985   0.0981473051  -0.0441117709
121 2   0.0521652407   0.0632547889   0.0783973945   0.0458624168   0.0762781350
121 3  -0.0925493524  -0.0786533154   0.0874313798   0.0689255418   0.0598267679
121 4  -0.0574890265  -0.0212134528   0.0270401618  -0.0028890518   0.0124561149
121 5  -0.0239507481  -0.0272649246  -0.0014387335   0.0171398420  -0.0210960807
121 6   0.0273650820   0.0061219498  -0.0119733110   0.0116174511   0.0131215848
121 7  -0.0063363583   0.0379002752  -0.0147221892  -0.0141166598   0.0053504317
121 8  -0.0038385164   0.0200104815  -0.0046152117   0.0038241542  -0.0068973681
121 9  -0.0093997732  -0.0024087434   0.0039534773   0.0003295221  -0.0011829595
12110   0.0061992916   0.0059020685   0.0011136535  -0.0084373857   0.0038967464
12111   0.0102994637  -0.0075630128   0.0054411108  -0.0008024809   0.0073867085
12112  -0.0018900525   0.0007574799  -0.0013449238   0.0081916178  -0.0113939300
12113  -0.0084782912  -0.0043488811  -0.0068667952   0.0090989080  -0.0013888657
12114   0.0045805957   0.0010517399  -0.0061308078   0.0116335687  -0.0111339759
12115  -0.0033215365  -0.0010069530   0.0020007511  -0.0042647702   0.0031072149
12116  -0.0103900035  -0.0097382151  -0.0112996403  -0.0156971231  -0.0017271897
12117  -0.0085049183  -0.0169550296   0.0181214307   0.0116717833  -0.0205549563
12118  -0.0029453727   0.0087773837   0.0241753688  -0.0132127925  -0.0220370984
12119  -0.0176445240   0.0122449521  -0.0021236760   0.0062248706  -0.0090805641
12120   0.0024828224   0.0006936054   0.0136701853   0.0128571918  -0.0040206418
12121   0.0136066022   0.0077535400  -0.0098004213   0.0006634339  -0.0055525238
12122   0.0003618660  -0.0047912890   0.0080055778   0.0023090826   0.0011705742
12123  -0.0135731299   0.0192530325  -0.0178580700  -0.0084697847   0.0000094643
12124  -0.0021758855   0.0015516857   0.0144623710   0.0036423733   0.0110419205
12125   0.0103076770   0.0031540967   0.0024891814   0.0009763560   0.0032677760
12126  -0.0026044580  -0.0032535395  -0.0059701472  -0.0073149107   0.0014374644
12127  -0.0074330615   0.0051784875   0.0039732182  -0.0064107974  -0.0012598373
12128   0.0117896501   0.0661449071   0.0211588462  -0.0308821959  -0.1373173910
12129  -0.0657304323  -0.0635136930   0.1386662185   0.0360118594  -0.2089767210
12130  -0.0022118641  -0.0157287434   0.0090515070  -0.0051393964   0.0121779810
12131   0.0144118229  -0.0886109703   0.1162395785   0.1097681614  -0.0433328858
12132  -0.0124825317  -0.0290244429  -0.0378929484   0.0636654945   0.0376220265
12133  -0.0030684806   0.0107593039   0.1315887214   0.0114631270  -0.0306354566
12134  -0.1042283688   0.0092627946   0.0113856470   0.0999619291  -0.0590636643
12135  -0.0032276202   0.0016368808  -0.0074292266   0.0740089756  -0.0106621043
12136   0.0074492920   0.1076099243  -0.0863744153   0.0001870582   0.0020241188
12137   0.0002052401   0.0063929181   0.0078873504   0.0037289773  -0.0147762485
12138  -0.0698794519  -0.0204007434  -0.0010869235   0.0842342399   0.0310311246
12139  -0.0171792420  -0.0604033684  -0.0100758020  -0.0706124338   0.0225225012
12140  -0.0452007594   0.0282290729  -0.0604973097  -0.0094562868  -0.0042446477
12141  -0.0209276277  -0.0017572086   0.0064656718   0.0185351402   0.0073393585
12142   0.0096663085   0.0316670735  -0.0272303142  -0.0049012498   0.0063730177
12143   0.0135809879  -0.0024837413   0.0107248077   0.0062820762   0.0114191966
12144  -0.0100781847   0.0014820996   0.0177113064  -0.0001463100   0.0001947238
12145  -0.0001227610   0.0004934442   0.0003574932  -0.0106509924   0.0013013907
12146  -0.0445111240   0.0004752251   0.0478507727  -0.0000201460  -0.0000469421
12147  -0.0004723512  -0.0000810150   0.0008220380  -0.0000121751
122 1  -0.0429779183  -0.0305559783   0.0273938638  -0.0113723354   0.1258056141
122 2  -0.1599810077  -0.0065918421   0.0454583753   0.0409466660   0.0333636430
122 3  -0.1942938805  -0.1400180188   0.0112646262  -0.1885690887  -0.2052793536
122 4   0.1154799458   0.1216389632  -0.0830078644  -0.0238718248   0.0600914359
122 5   0.0267082342   0.1057233349  -0.1463074779  -0.0172305490   0.0720378792
122 6   0.0005174773   0.0310713465  -0.0285246179  -0.0347960755   0.0357426484
122 7  -0.0357012658  -0.0824199600   0.0681621827   0.0205528247   0.0621144127
122 8   0.0186460548  -0.0076233802   0.0721585633   0.0492524883   0.0475101264
122 9   0.0228449015   0.0217738694  -0.0406925435   0.0493006743  -0.0337316047
12210   0.0135797367  -0.0588051241   0.0051659141  -0.0187764358  -0.0025501588
12211   0.0283535944  -0.0084119585  -0.0119451395  -0.0181438037  -0.0234328232
12212  -0.0058606598  -0.0006678605  -0.0096520120  -0.0221485113  -0.0001235375
12213  -0.0571866292   0.0165300667   0.0304600255   0.0261874763  -0.0878778217
12214  -0.0638914931  -0.0235865237   0.0718456434  -0.0399368429   0.0239273028
12215   0.0549236523  -0.0035373518  -0.0078182507  -0.0017081885   0.0270536314
12216   0.0022449446  -0.0153558031   0.0141298759   0.0343538825   0.0027463960
12217   0.0227573267   0.0699618901  -0.1081355128  -0.0404900413   0.1190686317
12218  -0.0004677374  -0.1390909143  -0.1098414040   0.0975421973   0.0589513769
12219   0.0749839359   0.0323334798  -0.0238950228   0.0288527341  -0.0717548173
12220   0.0614051737   0.0053623875   0.1030588356   0.0458912094   0.0066416679
12221   0.0102171007   0.0378544980  -0.0328348433   0.0248164784  -0.0051421443
12222   0.0143046420  -0.0213391220   0.0106644941  -0.0030628448   0.0151916933
12223  -0.0016219433   0.0133937458  -0.0135831822  -0.0053963888   0.0085251032
12224  -0.0113380085   0.0054799382   0.0102209056  -0.0134825306   0.0093131880
12225   0.0206764231  -0.0139735990   0.0188809215  -0.0168477045  -0.0197979691
12226  -0.0223938855   0.0062261312  -0.0086022062   0.0097104181  -0.0052938024
12227   0.0150747330  -0.0107460943  -0.0215761364   0.0179418413  -0.0047863994
12228  -0.0356663660  -0.1229020735  -0.0169457051   0.0020424258   0.0628881976
12229   0.0171801384   0.0304381634  -0.0727025167  -0.0261456707   0.0917149365
12230   0.0915285656   0.0297761811   0.0134696493   0.0354998679   0.0790628538
12231   0.0689354940   0.1100843393   0.0894024949   0.0236647803  -0.1343151220
12232  -0.0348116556  -0.0297049378  -0.0546212385   0.0596732050   0.0358648921
12233  -0.0005324968   0.0075791937   0.1035280020   0.0101101719  -0.0213996265
12234  -0.0800546704   0.0070798950   0.0079995061   0.0888272406  -0.0643209162
12235  -0.0009387624   0.0024536860  -0.0131162827   0.1278524207  -0.0136598385
12236  -0.0077427426  -0.0373940009   0.0097267770  -0.0007985103   0.0052823091
12237  -0.0000215420   0.0043524294  -0.0250890130  -0.0099643523   0.0158138605
12238   0.0727342568  -0.0085473712  -0.0019389201   0.1244611251   0.0372721424
12239   0.0116740833  -0.0080704712   0.0549228367  -0.0039575134  -0.0449418487
12240  -0.0298204275   0.0163740485  -0.0460390034  -0.0094689058  -0.0079964451
12241  -0.0309210749  -0.0038443559   0.0084886183   0.0196378986  -0.0112258513
12242   0.0321442925  -0.0139194252   0.0052966997  -0.0106735604   0.0000823413
12243  -0.0113236576   0.0136254150   0.0183421177   0.0134046895   0.0096353075
12244  -0.0060506823   0.0038683968   0.0448639752  -0.0002749409   0.0004205302
12245  -0.0001141134  -0.0001589847   0.0006147077  -0.0236218500  -0.0012907319
12246   0.0438669636  -0.0004484190  -0.0458457667   0.0000137179   0.0000306557
12247   0.0006375033   0.0002770397  -0.0014912423   0.0000055891
123 1   0.0133552608  -0.0221419054   0.0536530672  -0.0169187055  -0.0693495720
123 2   0.0384072846  -0.0527990920   0.1504474005  -0.0167872432   0.0325921316
123 3  -0.0179347112   0.0386929364   0.0581365635   0.0030023991   0.0534139525
123 4  -0.0140888429  -0.0125348897   0.1079795872  -0.0086735876   0.0707970358
123 5   0.0915342111   0.0393114141  -0.0630705536  -0.0480794299   0.0631553847
123 6  -0.0045814851  -0.0458459014   0.0076066099  -0.0506514701   0.0097144387
123 7  -0.0243867122   0.0265241762   0.0515155006   0.0017544122  -0.0016106579
123 8   0.0530119564  -0.0266093131  -0.0016224670   0.0046429470  -0.0861459962
123 9  -0.0801083090  -0.0659755247  -0.0889867593  -0.0012115739  -0.1309058770
12310   0.1515103798   0.0514536803  -0.0137897871  -0.0782517726   0.2603005259
12311   0.2538694189  -0.0595046576   0.0196267558  -0.0399510291  -0.0899152182
12312   0.1741157765  -0.0834742280   0.0657883682  -0.0820252920  -0.0256619897
12313  -0.0433563574  -0.0008466382  -0.0255054367   0.0405171131  -0.1099031726
12314  -0.1094807898  -0.0048764946   0.0583256971   0.0341346369  -0.0599021277
12315  -0.0590385371  -0.0875677071   0.0624335421  -0.1095276254  -0.0147082097
12316  -0.0974273691  -0.0892792755  -0.1273343303  -0.1031769288  -0.0555275131
12317  -0.0650010016  -0.1725732904   0.1332178065   0.1430309377  -0.2048419244
12318   0.0045075562   0.0901329938   0.2125490328  -0.1787466245  -0.2537998878
12319  -0.1374857838   0.2187601178   0.0223590988   0.0351104129  -0.0901199737
12320   0.0869946170  -0.0210190275   0.1929654262   0.1796153197  -0.0656902971
12321  -0.0144900704   0.0846064984  -0.0368743300  -0.0483347758   0.0143508354
12322  -0.0049235523  -0.0181527702   0.0192243185   0.0728608714  -0.0380796290
12323  -0.0997722096   0.1150521168  -0.0819769156  -0.0432858466  -0.0363490180
12324   0.0119879329  -0.0050229234   0.0987554575   0.0186717978   0.0824354228
12325   0.0432139089   0.0320222556  -0.0046093251   0.0239611414   0.0148072330
12326  -0.0170517095  -0.0163810777  -0.0070793542  -0.0055775551  -0.0051897851
12327  -0.0027380283   0.0046780046  -0.0188942274   0.0097569277  -0.0239706448
12328  -0.0009482797   0.0175608054  -0.0047819153  -0.0273339973   0.0554672189
12329  -0.0400994372  -0.0056013704  -0.0373929692  -0.0085039542   0.0186529373
12330  -0.0027207039   0.0050164492  -0.0093835216   0.0039175187  -0.0004239538
12331  -0.0059377691   0.0053879719  -0.0099223845  -0.0081894185   0.0047024274
12332   0.0063386367  -0.0020758375   0.0078011134  -0.0071832389  -0.0038535567
12333  -0.0025356160   0.0027472439  -0.0117201097  -0.0002699968   0.0033454011
12334   0.0072370050  -0.0005542724  -0.0054442219  -0.0082046849   0.0054785157
12335  -0.0002292126  -0.0000378155   0.0006385910  -0.0090624179   0.0004502576
12336   0.0006239844  -0.0000409446   0.0041129560  -0.0051993218   0.0993831800
12337  -0.0024989659   0.1042638792   0.0023070531   0.0005551876   0.0006552034
12338   0.0040475367   0.0001680944   0.0000976666  -0.0070328453  -0.0009214345
12339   0.0012651326   0.0025436603   0.0044909162   0.0035164372  -0.0047440138
12340   0.0051795289  -0.0022301513  -0.0019692822  -0.0000493915   0.0203579854
12341  -0.0110898412  -0.0023062441  -0.0409904764  -0.0096999949   0.0089860330
12342  -0.0080046514   0.0029537464   0.0006681438   0.0001496518  -0.0007102158
12343  -0.0015855791   0.0013867483  -0.0030199420  -0.0020183542  -0.0019329665
12344   0.0008080139   0.0040132217   0.0493050644  -0.0002822840   0.0002453576
12345   0.0003940352  -0.0036552877  -0.0017153665   0.0788331760   0.0000841745
12346  -0.0028784241   0.0000955595   0.0023872681   0.0000440991  -0.0000194581
12347  -0.0004093057  -0.0000795527   0.0009807594   0.0000385183
124 1   0.0588173866  -0.1078712819  -0.0848726923   0.1099945765  -0.0397838843
124 2   0.0405391780   0.0721526704   0.0838701906   0.0447720699   0.0692051808
124 3  -0.1125024633  -0.0823379915   0.0782545429   0.0434082728   0.0311648058
124 4  -0.0390643730  -0.0023230132   0.0213589319  -0.0079808199   0.0118331465
124 5  -0.0201027957  -0.0163962858  -0.0177494432   0.0131275792  -0.0229007436
124 6   0.0325926178   0.0147724127  -0.0122860998   0.0041002693   0.0191488332
124 7  -0.0051693207   0.0291378489  -0.0084907762  -0.0083452398   0.0155880376
124 8  -0.0022423174   0.0236010374   0.0018764811   0.0109745693   0.0003374861
124 9  -0.0081219871   0.0012207333   0.0004431926   0.0054830184  -0.0009449366
12410   0.0016118380  -0.0044486603  -0.0017217201  -0.0144337386   0.0038335854
12411   0.0164711474  -0.0122845617   0.0023307458  -0.0026575265   0.0003806836
12412  -0.0041972367  -0.0032841699  -0.0032716967   0.0057525510  -0.0115740889
12413  -0.0188972771  -0.0028253303  -0.0009397600   0.0146451845  -0.0155976821
12414  -0.0115259460  -0.0060789888   0.0103598171  -0.0023251401  -0.0040897888
12415   0.0144015496  -0.0002130592  -0.0007322778   0.0022366173   0.0070168461
12416  -0.0025650360  -0.0076625317   0.0027508387   0.0019213337  -0.0027017030
12417   0.0047869725   0.0194461309  -0.0342964253  -0.0148144068   0.0344220743
12418  -0.0016987732  -0.0443290492  -0.0298221195   0.0357862807   0.0227693991
12419   0.0225457366   0.0032420994  -0.0080998717   0.0130433739  -0.0268933785
12420   0.0140182704   0.0061282553   0.0330271911   0.0096275715   0.0146914181
12421   0.0139733976   0.0179882617  -0.0195735001   0.0217301834  -0.0127912523
12422   0.0091778784  -0.0152444056   0.0094496498  -0.0074688864   0.0133044359
12423  -0.0003298001   0.0103062993  -0.0145102350  -0.0063937686   0.0109429698
12424  -0.0102690145   0.0049512080   0.0046337828  -0.0074196174   0.0030678993
12425   0.0164311408  -0.0115508266   0.0151652499  -0.0141756725  -0.0115587486
12426  -0.0130635967   0.0049867369  -0.0116582039  -0.0008787936  -0.0002947659
12427   0.0025068270  -0.0030295918  -0.0081485195   0.0055714892  -0.0000363270
12428  -0.0146414003  -0.0292212304   0.0087092766  -0.0225735646  -0.1235171368
12429  -0.0432228245  -0.0158260714   0.0478698256   0.0284843891  -0.0790666224
12430  -0.0015649742  -0.0051827403  -0.0008570676   0.0186069954   0.0315737874
12431   0.0421043810   0.0476235071   0.0787043261   0.0233612794  -0.1293466318
12432  -0.0314864249  -0.0520505702  -0.0715611099   0.0687282205   0.0378175636
12433   0.0004308527   0.0023270494   0.0238535502   0.0020824407  -0.0010401606
12434  -0.0017109452  -0.0001370921  -0.0009175274  -0.0434227135   0.0443219555
12435   0.0006365272  -0.0031966342   0.0148788971  -0.1436727826   0.0232212202
12436   0.0046640477  -0.0189451053   0.0388449446  -0.0001323198   0.0025754878
12437  -0.0002643546  -0.0051797329  -0.0044906164  -0.0038726272   0.0107419181
12438   0.0532091997   0.0362167184  -0.0000365652  -0.1191241951  -0.0563250269
12439   0.0254492668   0.1156910766  -0.0083562943   0.1238219489  -0.0204225515
12440  -0.0206106488  -0.0039095746   0.0369155722   0.0003815739  -0.0047657666
12441  -0.0162799845  -0.0011635169  -0.0071775303   0.0261128980   0.0021080135
12442   0.0101209891  -0.0278232241  -0.0082633572   0.0861975649  -0.0513112995
12443   0.0748949582  -0.0929576825   0.1297539871   0.1035923529   0.0617074590
12444  -0.0179215304  -0.0011703996   0.0035398984   0.0000633425  -0.0000622711
12445   0.0000613883  -0.0010243764  -0.0000805207  -0.0009108235  -0.0000063279
12446   0.0005592361   0.0000173593   0.0000359982   0.0000226540   0.0000385074
12447   0.0001598935   0.0000821035  -0.0003597748   0.0000271169
125 1  -0.0596486726  -0.0043175455   0.0376506107  -0.0247853336   0.1208018173
125 2  -0.1426831249  -0.0175076286   0.0358286369   0.0399648724   0.0419285231
125 3  -0.1673679224  -0.1379178231   0.0221487814  -0.1529704937  -0.1692324018
125 4   0.0974504047   0.0987249679  -0.0783351327  -0.0171341726   0.0560054601
125 5   0.0257271319   0.0867652441  -0.1228250336  -0.0069281576   0.0678995863
125 6  -0.0008588222   0.0230697064  -0.0202648836  -0.0365420630   0.0249726454
125 7  -0.0334521142  -0.0616644406   0.0570053824   0.0137171661   0.0440348449
125 8   0.0196927440  -0.0126285889   0.0548164206   0.0363421859   0.0352806738
125 9   0.0207342115   0.0134120640  -0.0280041469   0.0348126808  -0.0266152466
12510   0.0101986077  -0.0383807960   0.0043836005  -0.0155173127  -0.0006621651
12511   0.0219752176  -0.0090960170  -0.0019473652  -0.0079659302  -0.0114857899
12512  -0.0032881328   0.0044563147  -0.0081705221  -0.0108721687  -0.0043994139
12513  -0.0422488952   0.0066181249   0.0144427585   0.0187615167  -0.0561494222
12514  -0.0380917681  -0.0145758932   0.0431651497  -0.0264363449   0.0100141267
12515   0.0297664788  -0.0014900181  -0.0048088234  -0.0027999380   0.0163444228
12516   0.0031282465  -0.0072438806   0.0098549314   0.0164106374   0.0010880140
12517   0.0158746650   0.0346889818  -0.0535661902  -0.0156303158   0.0586141952
12518  -0.0016834067  -0.0676128732  -0.0490193803   0.0453264594   0.0231327793
12519   0.0341408365   0.0201892324  -0.0093699983   0.0135195791  -0.0351896061
12520   0.0311674003   0.0005054873   0.0511129010   0.0239730982  -0.0004031245
12521   0.0027441029   0.0204049529  -0.0149358881   0.0089017192  -0.0009513125
12522   0.0050725022  -0.0098710664   0.0030161563   0.0000650004   0.0050688044
12523  -0.0020363190   0.0041636158  -0.0051654327  -0.0033828094   0.0054480377
12524  -0.0044194763   0.0024464901   0.0008353774  -0.0035628350  -0.0001916278
12525   0.0035322029  -0.0054356779   0.0070156160  -0.0054514509  -0.0066341097
12526  -0.0059805468   0.0011630436  -0.0018208123  -0.0011237337  -0.0063445598
12527   0.0042467246   0.0045168049   0.0026477675  -0.0051363275  -0.0015423363
12528   0.0020050807   0.0128443942   0.0040037827  -0.0069796098   0.0432237999
12529   0.0108282394  -0.0151714341   0.0630319587   0.0033575671  -0.0514702345
12530   0.0911804653   0.0088397669   0.0137204531   0.0053209261   0.0411097826
12531   0.0169650346  -0.0674850927   0.0688317164   0.0824923695   0.0568546243
12532   0.0225354685   0.0318570460   0.0451943273  -0.0400939521  -0.0198912758
12533  -0.0022699938   0.0009050910  -0.0098748590  -0.0000584215   0.0018526552
12534   0.0008658897   0.0002546255  -0.0019904702   0.0171154364  -0.0169739368
12535   0.0006726488   0.0016414175  -0.0067931349   0.0680889805  -0.0109318138
12536  -0.0096747302  -0.0746346200   0.0426026194   0.0000578006   0.0025335408
12537   0.0001431699  -0.0033449524   0.0282906810   0.0130267555  -0.0064765700
12538  -0.0260455133   0.0133649959   0.0047763829  -0.2341767071  -0.0702750269
12539  -0.0320492670  -0.0350722149  -0.1242125225  -0.0679573726   0.1134067770
12540  -0.0251775589   0.0158644825  -0.0164088849  -0.0012019903   0.0092097434
12541   0.0031816965   0.0001568198  -0.0124652147  -0.0191450547  -0.0188941252
12542   0.0021830185  -0.0269547446   0.0312079821   0.0228452875  -0.0173533288
12543   0.0396966128  -0.0219082848  -0.0988441366  -0.0622631896  -0.0139502193
12544  -0.0000709497   0.0034734229   0.0005415966   0.0000061731   0.0000362908
12545   0.0000038618   0.0006121905   0.0000755092   0.0004337746  -0.0000537480
12546   0.0012776256  -0.0000100120  -0.0000221762  -0.0000154904  -0.0000022422
12547  -0.0000515973   0.0006608144  -0.0004901567  -0.0000087048
126 1  -0.0895023116  -0.0173341599   0.0574507863   0.0099857932  -0.0601696653
126 2   0.0459263646  -0.0391686703   0.1344987736  -0.0378129898   0.0208216835
126 3  -0.0281173080   0.0180371852   0.0417138759  -0.0017048789   0.0165178620
126 4   0.0422998193   0.0088514069   0.0740800708  -0.0164728042   0.0286995679
126 5   0.1156716709   0.0049833099  -0.0487842757  -0.0107114728   0.0133772636
126 6   0.0426715306  -0.0164644359   0.0571675133  -0.1343368952  -0.0102790498
126 7   0.0141473384   0.0946598540   0.0268746458   0.0130664840  -0.0348403078
126 8   0.0720002919  -0.0277326024  -0.0623765489  -0.0233417268  -0.1021586021
126 9  -0.0839774927  -0.1006400707  -0.0068124049  -0.0682147686  -0.0469690595
12610   0.0350181729   0.0813600741  -0.0527977710  -0.1268058887   0.2624858590
12611   0.2674497207  -0.1282985571   0.0644643392   0.0228886238  -0.0732757360
12612   0.1636928439  -0.0798883337   0.0427235369  -0.0055380190  -0.0702765481
12613  -0.0446346974  -0.0651661722  -0.0794343084   0.0453724711  -0.0034939384
12614  -0.0815222846  -0.0279782224   0.0090200147  -0.0046782898  -0.0844713318
12615  -0.0450122795  -0.0482033430   0.0378958029  -0.0358286350  -0.0386772533
12616   0.0121621623   0.0153821354   0.0171357454  -0.0473098536  -0.0911743937
12617   0.0425269420  -0.0064055631  -0.0647099848   0.0166452949  -0.0280806740
12618   0.0153152296   0.0275620832   0.0459813327  -0.0025569425   0.0073666911
12619   0.0210473680   0.0040910276   0.0700494930  -0.0083220507  -0.0043901500
12620  -0.0232350453   0.0085965071  -0.0026341811  -0.0485555585   0.1250523230
12621  -0.0744945990   0.0791837635  -0.0156726452   0.0948696084  -0.0454869442
12622   0.0383778229  -0.0684986053  -0.0208928727  -0.0165904769   0.0295579029
12623   0.0620312422  -0.0699178994   0.0238222701  -0.0047508543   0.0905854321
12624  -0.0399967832   0.0212447216  -0.1095978878  -0.0330283238  -0.1044786853
12625  -0.0214610173  -0.0771965960   0.0675593178  -0.0778596408  -0.0658913948
12626  -0.0203541674   0.0434403411  -0.0251132580  -0.0195452535  -0.0437592944
12627   0.0421434598   0.0175113526   0.0157609597  -0.0167870304  -0.0011215721
12628  -0.0196097114  -0.0347263708   0.0152427005  -0.0091042422  -0.0693882862
12629   0.1092753254   0.1326013437   0.0987497840   0.1912749358   0.0505140126
12630   0.0355296513  -0.0664851231  -0.0938059183   0.0348435280   0.0384976299
12631  -0.0310133541   0.0006605744  -0.0108136080  -0.0018711095  -0.0002990721
12632   0.0659760684  -0.0425101787   0.0420126162  -0.0133994953  -0.0086425686
12633  -0.0251667286   0.0298798813  -0.0115580211   0.0103068779   0.0123953869
12634  -0.0071634713   0.0007874904  -0.0305099238  -0.0008155068  -0.0040222145
12635   0.0042229917  -0.0009365063  -0.0000123913   0.0038811045  -0.0004259999
12636  -0.0003044408   0.0043102770  -0.0061723306  -0.0005484564   0.0045000572
12637   0.0022469616  -0.1005949319  -0.0037713425  -0.0013198552   0.0001116787
12638  -0.0015024609  -0.0028327171   0.0001858397   0.0185259207   0.0067368551
12639   0.0010511113  -0.0057381871   0.0071371271  -0.0065228880  -0.0043119198
12640   0.0041450368  -0.0006339711  -0.0055836352  -0.0014659779  -0.0075286936
12641  -0.0053566858  -0.0013834930  -0.0176473456  -0.0055944204   0.0045515531
12642  -0.0041715145   0.0042440466  -0.0009545650  -0.0058575249   0.0034021510
12643  -0.0077721876   0.0062805302  -0.0032811648  -0.0042399089  -0.0042058273
12644   0.0027003559   0.0005476870  -0.0009944807   0.0000878005   0.0000564022
12645   0.0001076868  -0.0008071155   0.0000119207  -0.0007817186  -0.0000084827
12646  -0.0001308068   0.0000048196  -0.0002875893   0.0000010210   0.0000109673
12647   0.0000062869  -0.0000190841   0.0000378827   0.0000091081
127 1   0.1012217938  -0.1393204453  -0.0994193005   0.1266991637  -0.0330275234
127 2   0.0214448406   0.0871908635   0.0949172582   0.0438559773   0.0570748765
127 3  -0.1439387905  -0.0844088673   0.0678387813   0.0026622160  -0.0128620263
127 4  -0.0128824148   0.0296055366   0.0109859062  -0.0191200285   0.0205560449
127 5  -0.0161186110   0.0057825200  -0.0450405214   0.0003864467  -0.0170694622
127 6   0.0251841855   0.0267625239  -0.0118543232  -0.0065947995   0.0342819574
127 7  -0.0152081535  -0.0016078262   0.0108030029  -0.0015582743   0.0452374529
127 8   0.0050094989   0.0315099153   0.0316896886   0.0314346402   0.0213684020
127 9   0.0002601420   0.0123914064  -0.0185188681   0.0321903928  -0.0161508194
12710   0.0038280731  -0.0393454290  -0.0040027134  -0.0165975799  -0.0060714296
12711   0.0164759987  -0.0130688881  -0.0116716767  -0.0086940560  -0.0070812379
12712  -0.0118606122  -0.0052657313  -0.0055023838   0.0016883958  -0.0067349724
12713  -0.0336066778  -0.0008271614   0.0155536017   0.0245223231  -0.0466863010
12714  -0.0322603153  -0.0246270782   0.0399410699  -0.0300972531   0.0142225823
12715   0.0473644485   0.0004617876  -0.0086661948   0.0016141043   0.0101990613
12716   0.0174219288  -0.0009761987   0.0292153555   0.0303485242   0.0048738118
12717   0.0168280440   0.0755607724  -0.1112282168  -0.0475837703   0.1302611731
12718   0.0024711992  -0.1441870294  -0.1253358314   0.1095641972   0.0818794718
12719   0.0770642594   0.0057643202  -0.0327315054   0.0339446874  -0.0633839254
12720   0.0462517988   0.0137171994   0.0823330336   0.0372681789   0.0081400083
12721   0.0311546970   0.0112461324  -0.0289063713   0.0217252945  -0.0062457246
12722   0.0102853652  -0.0042868977   0.0229753333  -0.0087569746   0.0179119136
12723  -0.0117726096   0.0353841226  -0.0285490168  -0.0065165592  -0.0157445136
12724  -0.0043491144   0.0009517638   0.0465989506  -0.0053601389   0.0448132966
12725   0.0402046734   0.0025076069   0.0027573734   0.0001240389  -0.0003636703
12726  -0.0206986360  -0.0054222847  -0.0104098118   0.0203455202   0.0215754911
12727  -0.0089875184  -0.0286138277  -0.0425184882   0.0400302426   0.0046827263
12728  -0.0588222819  -0.1954012168  -0.0071382996  -0.0274905584  -0.1546018462
12729  -0.0635389445   0.0348940391  -0.0960919570   0.0430046478  -0.0313679439
12730  -0.1895745404  -0.0572680509  -0.0319134587  -0.0604975650  -0.1169756501
12731  -0.1262909107  -0.0751471317  -0.0871370501  -0.0248394711   0.0615031904
12732   0.0126640239   0.0023188684   0.0141656056  -0.0142804320  -0.0093211751
12733  -0.0029542950   0.0033450319   0.0167906550   0.0021150566  -0.0025717586
12734  -0.0105775917   0.0007904024   0.0033985919  -0.0039483288   0.0073154653
12735   0.0009934026  -0.0012068087   0.0057588846  -0.0602378936  -0.0005314952
12736  -0.0086374648  -0.0946988443   0.0697065902  -0.0001925424  -0.0026008820
12737  -0.0001789154   0.0053949705   0.0252930420   0.0115063388  -0.0203543068
12738  -0.0990361539  -0.0172409183   0.0001876921   0.0515465833   0.0258375266
12739  -0.0123334832  -0.0433629739   0.0213417247  -0.0382127053  -0.0114244107
12740   0.0109007113  -0.0009840262  -0.0115295676   0.0005673067   0.0002754875
12741   0.0062618262  -0.0012489627  -0.0011350755  -0.0305449529  -0.0274099710
12742   0.0222369643   0.0050314224  -0.0127952049   0.0124680085  -0.0079794838
12743  -0.0142172651   0.0124234545  -0.0035690860  -0.0045850872  -0.0029763694
12744   0.0002387080   0.0231420278  -0.0025895735  -0.0007485025  -0.0001787929
12745  -0.0012979329   0.0140871898   0.0012950419   0.0020187361  -0.0020201687
12746   0.0663888709   0.0006706464   0.0609505845  -0.0000152564  -0.0000190677
12747  -0.0000657892   0.0019333179  -0.0000183250  -0.0000235902
128 1  -0.0473614115  -0.0070663704   0.0369689025  -0.0233548860   0.1214241518
128 2  -0.1425754342  -0.0149705171   0.0377308219   0.0391420116   0.0395425102
128 3  -0.1688504373  -0.1369226454   0.0229246678  -0.1553271148  -0.1720947221
128 4   0.0992942950   0.1020295749  -0.0812352994  -0.0219376611   0.0595738934
128 5   0.0270338792   0.0894645788  -0.1225301600  -0.0085750587   0.0691815541
128 6  -0.0068516229   0.0248180607  -0.0146969270  -0.0442198003   0.0267939113
128 7  -0.0370699158  -0.0653753013   0.0595706537   0.0138302201   0.0494695638
128 8   0.0252507527  -0.0106242485   0.0605553710   0.0415302814   0.0392168101
128 9   0.0243831552   0.0137852987  -0.0320257303   0.0415109072  -0.0309582841
12810   0.0084424187  -0.0455473375   0.0046030904  -0.0187446722  -0.0028971274
12811   0.0215445145  -0.0136171904  -0.0017422001  -0.0028704898  -0.0087981527
12812  -0.0050059659   0.0049412038  -0.0083306364  -0.0055061012  -0.0071762214
12813  -0.0435619659  -0.0009109329   0.0104482357   0.0210384057  -0.0538749308
12814  -0.0328719566  -0.0194109609   0.0435490995  -0.0333807423   0.0079888760
12815   0.0329072167  -0.0000433804  -0.0066469469  -0.0082985904   0.0114797091
12816   0.0195278748   0.0053056596   0.0268712031   0.0165637701  -0.0003091590
12817   0.0180228367   0.0471475928  -0.0674544708  -0.0167179968   0.0781355594
12818   0.0020485029  -0.0833309544  -0.0681788075   0.0581677681   0.0343545554
12819   0.0414243954   0.0149229905  -0.0121804510   0.0154679880  -0.0337346140
12820   0.0327761839   0.0015704581   0.0492719752   0.0272483688  -0.0047643354
12821   0.0063407916   0.0061715529  -0.0098514595   0.0001955556   0.0060519157
12822   0.0023333040   0.0019640080   0.0069856174   0.0034764438   0.0012001940
12823  -0.0125160598   0.0143959853  -0.0110353668  -0.0035281322  -0.0103293485
12824   0.0021066678  -0.0010139226   0.0202784217   0.0017533139   0.0188610074
12825   0.0104236384   0.0043220917  -0.0023276104   0.0052106855   0.0035080296
12826  -0.0052040869  -0.0045003735   0.0008704115   0.0043245352   0.0020253899
12827  -0.0018995726  -0.0015645690  -0.0034365890   0.0012816207  -0.0010106016
12828  -0.0012190683  -0.0018353130  -0.0004280914  -0.0022092287   0.0502560451
12829   0.0065300093  -0.0192466856   0.0456948014  -0.0098609108  -0.0483827260
12830   0.0979864481   0.0120339116   0.0229110957  -0.0015387134   0.0408996526
12831   0.0115452971  -0.0969977941   0.0843478831   0.1182858438   0.1099135687
12832   0.0388295498   0.0774468266   0.0947857678  -0.1400211374  -0.0699896811
12833   0.0014831825  -0.0106770636  -0.1094574274  -0.0130461624   0.0303371920
12834   0.1091045080  -0.0093456660  -0.0114556337  -0.1261727270   0.0723660355
12835   0.0015424947  -0.0031919077   0.0156615993  -0.1504891125   0.0170857318
12836   0.0111261992   0.0745277200  -0.0375666189   0.0004840170  -0.0054630716
12837  -0.0002431972   0.0028813811  -0.0228237147  -0.0108882260   0.0030689409
12838   0.0106758982   0.0001044119  -0.0044268617   0.1397037282   0.0320946590
12839   0.0227619596   0.0413887484   0.0503242872   0.0681622692  -0.0573356014
12840  -0.0758405342   0.0209945923   0.0397722053   0.0086449833  -0.0091791010
12841   0.0327199431   0.0030558111  -0.0083435902  -0.0354165055   0.0028543635
12842  -0.0340915926   0.0013921423   0.0028846461  -0.0205855216   0.0195299235
12843  -0.0192588631   0.0108183456  -0.0036990793  -0.0074201121  -0.0201112834
12844   0.0135726964   0.0342083331  -0.0039153690  -0.0014066729  -0.0003465268
12845  -0.0031838700   0.0344812358   0.0032333658   0.0024498702   0.0002229255
12846  -0.0062983405  -0.0000610831  -0.0065424686   0.0000238661   0.0000039777
12847   0.0000308418   0.0003966035  -0.0000549889   0.0000040602
129 1   0.0096715906  -0.0158423865   0.0622342272   0.0172559868  -0.0612459864
129 2   0.0807165478  -0.0219703610   0.1477861932  -0.0502283400   0.0011742597
129 3  -0.0092589297   0.0296795852   0.0602919071   0.0260108814   0.0350082604
129 4   0.0415591217   0.0161148244   0.0466282831  -0.0808483288   0.0774223093
129 5   0.1293800835   0.0129889475  -0.0030534309  -0.0213095514   0.0106342566
129 6  -0.0327174376  -0.0144448239   0.1601702355  -0.2448439787   0.0117595188
129 7  -0.0287749219   0.0968437367   0.0475625366  -0.0016319053   0.0014178168
129 8   0.1483974143  -0.0187520286  -0.0198978273   0.0194466600  -0.0711743870
129 9  -0.0442158718  -0.1069364129  -0.0156952467  -0.0163933741  -0.0533299927
12910  -0.0283173364   0.0185344482  -0.0442895184  -0.1715148007   0.2213452445
12911   0.2529377876  -0.1909153431   0.0903885461   0.1141870421  -0.0260687218
12912   0.1310109111  -0.0640343307   0.0384347802   0.0856559104  -0.1267726975
12913  -0.0598670633  -0.1766100309  -0.1554017953   0.0569073702   0.0750639220
12914   0.0164867090  -0.0701512152  -0.0421876058  -0.0655692184  -0.1468854334
12915  -0.0352774299  -0.0276924536   0.0125616263  -0.1081575530  -0.1255511610
12916   0.2246644117   0.1994945303   0.2346294616  -0.0908478333  -0.1305327496
12917   0.0649639110   0.0887426688  -0.1510144356   0.0424690707   0.1043026528
12918   0.0557944837  -0.0410030171  -0.0845598219   0.0733620261   0.0808189818
12919   0.0467455558  -0.0829206406   0.0745256991  -0.0213302862   0.0868879932
12920  -0.0502224383   0.0106284337  -0.1237210361  -0.0585981923   0.0593715148
12921  -0.0470699874  -0.1187970984   0.0778749163  -0.0342063609   0.0370595490
12922  -0.0158693368   0.0921953232   0.0111435737   0.0128222541  -0.0448144565
12923  -0.0764183990   0.0494549313  -0.0438361466  -0.0006330104  -0.1091751314
12924   0.0484114397  -0.0333580214   0.1264566884   0.0344237683   0.1272919632
12925   0.0528398899   0.0368975026  -0.0449687495   0.0545214841   0.0591297605
12926   0.0016887632  -0.0232012656   0.0270910342   0.0422696902   0.0580357835
12927  -0.0455336381  -0.0310130780  -0.0216234627   0.0279382988   0.0058964561
12928   0.0195005540   0.0230946390  -0.0153685729   0.0532923108   0.0026246344
12929   0.0140307603  -0.0219759135   0.0098862333  -0.0154402018   0.0018037892
12930   0.0132922046  -0.0024974326   0.0044620308   0.0027297609   0.0121108113
12931   0.0165834915   0.0140789969   0.0051477453  -0.0061209415  -0.0138980795
12932   0.0009191801  -0.0113894197  -0.0039571579   0.0103318255   0.0045800248
12933  -0.0046403240   0.0052561061   0.0030410214   0.0029437382   0.0012990089
12934  -0.0072415396   0.0008105883  -0.0020994853   0.0078950398  -0.0054204081
12935   0.0011579134   0.0005709297  -0.0010601492   0.0122814616  -0.0004563454
12936  -0.0000624254  -0.0019141400   0.0009432107   0.0059437640  -0.1085647706
12937  -0.0019398140   0.0954754993   0.0019320323   0.0015555445   0.0017934476
12938   0.0092792419   0.0004873951   0.0003934501  -0.0124530830  -0.0040015032
12939  -0.0012759571  -0.0009322825  -0.0077037531  -0.0043472834   0.0077882225
12940   0.0082240181  -0.0024740753  -0.0038111071  -0.0034081581  -0.0421333115
12941  -0.0060352123  -0.0017719923  -0.0191509272  -0.0066320711   0.0018645519
12942  -0.0006159049   0.0016183475  -0.0004717516  -0.0001840174  -0.0000914101
12943   0.0037240066  -0.0013469495  -0.0011391927  -0.0001674641   0.0006875838
12944  -0.0013018704  -0.0567227548   0.0071149321   0.0009910395   0.0002504968
12945  -0.0054664734   0.0720450448   0.0078036545   0.0039151974  -0.0001854074
12946   0.0026110651   0.0000748541   0.0024840848   0.0000024254   0.0000916721
12947  -0.0001053210   0.0008752624  -0.0000511254   0.0000672059
130 1   0.0583398382  -0.0943511607  -0.0802899010   0.1017631330  -0.0415311102
130 2   0.0468478962   0.0665984718   0.0773805205   0.0438682375   0.0739218329
130 3  -0.0996075523  -0.0818899037   0.0845193601   0.0596343141   0.0469185589
130 4  -0.0470973009  -0.0128323261   0.0208279537  -0.0030849979   0.0081683111
130 5  -0.0230907227  -0.0247893187  -0.0060419226   0.0199144303  -0.0220653706
130 6   0.0303780670   0.0115117326  -0.0131795180   0.0076763199   0.0129771816
130 7  -0.0045784621   0.0341541733  -0.0144197528  -0.0102801396   0.0100401796
130 8  -0.0046743089   0.0213882032  -0.0044882357   0.0033114089  -0.0034397494
130 9  -0.0082039135  -0.0003697293   0.0052698335   0.0005438487   0.0030500786
13010   0.0017432324   0.0040481107  -0.0003605643  -0.0075720751  -0.0015310095
13011   0.0032704128  -0.0060003478   0.0002197763  -0.0028072196   0.0066552517
13012  -0.0052580707   0.0003575536  -0.0021691126   0.0084808338  -0.0047679343
13013  -0.0037382388  -0.0008756099  -0.0005934829   0.0081704784  -0.0015212369
13014   0.0032405440  -0.0010611187  -0.0020449432   0.0022165111   0.0016123803
13015   0.0048269806   0.0031629737  -0.0021396009   0.0091462478   0.0048513710
13016  -0.0073827503  -0.0088660921  -0.0052029491   0.0051519235   0.0062836582
13017   0.0004910638   0.0049633748  -0.0079841992  -0.0111053196   0.0131631688
13018  -0.0032448731  -0.0146657738  -0.0104355033   0.0119634329   0.0135174889
13019   0.0058466120  -0.0039614407  -0.0090786415   0.0082311114  -0.0121660525
13020  -0.0007317782   0.0049733710   0.0099791170   0.0009761910   0.0058993030
13021   0.0133063345   0.0055491924  -0.0096242835   0.0119810899  -0.0084226418
13022   0.0031007148  -0.0069991173   0.0048103871  -0.0055793160   0.0072961632
13023   0.0026736408   0.0035453818  -0.0056863080  -0.0037832948   0.0073156199
13024  -0.0054982914   0.0034932812  -0.0013819066  -0.0020094341  -0.0032162790
13025   0.0038774400  -0.0013172874   0.0028219326  -0.0031221949  -0.0008686248
13026  -0.0010018936   0.0014448277  -0.0071564364  -0.0072740620   0.0018201800
13027  -0.0010306499  -0.0008174126  -0.0012616384   0.0000484912  -0.0002362713
13028   0.0002061318   0.0149875965   0.0125689574  -0.0172611604  -0.1054356533
13029  -0.0378026077  -0.0294560838   0.0483238010  -0.0022619694  -0.0458047747
13030  -0.0035531465   0.0055741037   0.0127921905   0.0061520571   0.0079968346
13031   0.0265473133   0.1015345112  -0.0021463380  -0.0666189039  -0.1079639332
13032  -0.0476145742  -0.0187054375  -0.0640481351  -0.0068295237  -0.0149103373
13033   0.0135715335  -0.0175732008  -0.0726544335  -0.0134186206   0.0156412393
13034   0.0826894708  -0.0087927192   0.0016498419  -0.0977404006   0.0698239037
13035   0.0008142178  -0.0021208606   0.0092453958  -0.0812939623   0.0101484429
13036   0.0025772064   0.0040364273   0.0038286119   0.0003360651  -0.0000352712
13037  -0.0003078679  -0.0073693505  -0.0015446090   0.0029887050   0.0302336612
13038   0.1412999936  -0.0025448886   0.0033281188  -0.0643644940  -0.0031410066
13039  -0.0114787203  -0.0753298703   0.0516236697  -0.0938703608  -0.0290692778
13040   0.0060265786   0.0093130016  -0.0565050954  -0.0040829367   0.0028348008
13041   0.0049190053  -0.0007823334   0.0100721026  -0.0323234287  -0.0166795059
13042   0.0093032728   0.0481716500  -0.0294396423  -0.0489434105   0.0345367784
13043  -0.1577701553   0.1432432153  -0.1318700877  -0.1483060779  -0.2182347273
13044   0.1186295160   0.0020399609  -0.0022087821  -0.0001320503   0.0000105574
13045  -0.0001043940   0.0012332040   0.0000392304   0.0010140236  -0.0000057498
13046   0.0002550311  -0.0000204846  -0.0006554840  -0.0000307757  -0.0000289653
13047   0.0004404392  -0.0027965535  -0.0007929482  -0.0000387762
131 1  -0.0795690385   0.0224178197   0.0486747995  -0.0380364610   0.1155400869
131 2  -0.1250247152  -0.0292634104   0.0255368694   0.0391546440   0.0512454338
131 3  -0.1399310400  -0.1364506221   0.0346307667  -0.1155644257  -0.1307284183
131 4   0.0758193222   0.0735482384  -0.0742686465  -0.0099056204   0.0509401301
131 5   0.0228384588   0.0657671892  -0.0963375590   0.0037594532   0.0643855422
131 6  -0.0020858122   0.0154970224  -0.0153525672  -0.0334984744   0.0125605104
131 7  -0.0289947910  -0.0403343143   0.0429390396   0.0084548643   0.0246509587
131 8   0.0174952821  -0.0160960403   0.0350862458   0.0217534158   0.0236013237
131 9   0.0168955141   0.0063434586  -0.0144718873   0.0192084176  -0.0172588925
13110   0.0051123635  -0.0176179689   0.0041224289  -0.0095935428  -0.0007435057
13111   0.0127032069  -0.0083199995   0.0067509197   0.0006732572   0.0002685894
13112   0.0006277047   0.0088502459  -0.0069887820  -0.0006230053  -0.0061277282
13113  -0.0233999661   0.0000632701   0.0005009235   0.0100168038  -0.0252659500
13114  -0.0117613678  -0.0052096926   0.0151861951  -0.0104726269  -0.0006800705
13115   0.0074385018   0.0012511599  -0.0041450158  -0.0014304115   0.0062687720
13116   0.0021074880  -0.0000266945   0.0030279578   0.0001063116  -0.0001212757
13117   0.0072998409   0.0009386318  -0.0019037110   0.0046569492   0.0031607963
13118  -0.0020760167  -0.0022419594   0.0049052970  -0.0027229740  -0.0080149587
13119  -0.0027535281   0.0080286798   0.0025452947  -0.0003314881  -0.0023459473
13120   0.0035903813  -0.0033028484   0.0041231689   0.0038923453  -0.0071610995
13121  -0.0032577213   0.0026999064   0.0012650175  -0.0054154236   0.0042048799
13122  -0.0031422739   0.0006434998  -0.0037781145   0.0017409395  -0.0047223535
13123  -0.0011648508  -0.0042262817   0.0026325790  -0.0020383819   0.0034798101
13124   0.0010841829   0.0003900324  -0.0079222278   0.0033592735  -0.0093364880
13125  -0.0117470602   0.0030970815  -0.0049936214   0.0057241670   0.0050477226
13126   0.0092733132  -0.0016546065   0.0036848555  -0.0115646512  -0.0044580839
13127  -0.0012570577   0.0097853075   0.0153370402  -0.0161621690  -0.0036576198
13128   0.0282343022   0.1059233728   0.0115193928   0.0016606610   0.0339489583
13129   0.0101534713  -0.0367689139   0.0919906558  -0.0047094993  -0.0323623172
13130   0.0250679314  -0.0139721203   0.0018163183  -0.0330517391  -0.0441017101
13131  -0.0680113678   0.0309667273  -0.1072407460  -0.1189167629   0.0282915430
13132  -0.0049429985  -0.0003527300  -0.0030395429  -0.0415980023  -0.0475676761
13133   0.0024719143  -0.0044291215  -0.0218909152  -0.0002993716  -0.0022246863
13134  -0.0062041853   0.0005928852   0.0027980705   0.0465485836  -0.0197704240
13135  -0.0051097196   0.0017621090  -0.0058466093   0.0712093019   0.0092066100
13136   0.0052914741   0.0084536993   0.0137999769  -0.0000453706  -0.0019481654
13137  -0.0003319136   0.0023524006   0.0481909431   0.0223690700  -0.0154468173
13138  -0.0764480474   0.0084984768   0.0065160945  -0.1295755176  -0.0194654087
13139   0.0092472236   0.0017646937   0.1636251706   0.0470764398  -0.1723051390
13140  -0.0143699621  -0.0020617924   0.0097979528   0.0035712648  -0.0080531459
13141  -0.0062273159  -0.0038953133   0.0048857965   0.0059732530  -0.0004599703
13142   0.0545809886   0.0245470054  -0.0262852693  -0.0492366652  -0.0039368102
13143  -0.2277166658   0.1724309540   0.1520842115   0.1020500383   0.0542863624
13144  -0.0202974509  -0.0007138781   0.0013243644  -0.0000353661  -0.0000423794
13145   0.0000058387  -0.0003860995  -0.0000651282  -0.0005902224  -0.0000012524
13146   0.0006422933   0.0000202094   0.0002472015  -0.0000045307   0.0000260574
13147   0.0002311273  -0.0014801006   0.0030020527   0.0000022644
132 1  -0.0313781597  -0.0001642866   0.0430301790  -0.0074222891  -0.0505730288
132 2   0.0204019193  -0.0425108870   0.1071406367  -0.0458666443   0.0281963143
132 3  -0.0197517912   0.0100881662   0.0476109720  -0.0070888345  -0.0006997441
132 4   0.0586115907   0.0186830192   0.0445861350   0.0213182763  -0.0151385241
132 5   0.0970711009  -0.0050709825  -0.0465203064   0.0245683415   0.0277107720
132 6   0.0392036338   0.0093196729   0.0166405536  -0.1003173017  -0.0320005506
132 7   0.0227654055   0.0526902943   0.0066236741   0.0332114664  -0.0138664770
132 8   0.0372155829  -0.0134859035  -0.0625468121  -0.0335459572  -0.0816956590
132 9  -0.0723627949  -0.0735175580  -0.0240975614  -0.0515314521  -0.0408220568
13210   0.0571516914   0.0908977016  -0.0440148052  -0.0706321194   0.2025752969
13211   0.1562069949  -0.0577599819  -0.0096667248  -0.0250323737  -0.0630973104
13212   0.1335615821  -0.0733271740   0.0569498423  -0.0319589567   0.0290572387
13213   0.0539934535  -0.0036980217  -0.0116142982   0.0113935560   0.0063258361
13214  -0.0491924235  -0.0107625376   0.0175222838  -0.0353953568   0.0349672953
13215  -0.0400726383  -0.0294278858   0.0274117616   0.0427403865  -0.0219411549
13216  -0.0433979253  -0.0432047461  -0.0464158048   0.0863851326   0.0250917796
13217   0.0181169136   0.0025818083  -0.0286620492  -0.0530690603   0.0236230971
13218  -0.0006971816   0.0224773036  -0.0184590395  -0.0203605498   0.0724770811
13219   0.0225301743  -0.0285551346  -0.0120042353   0.0129450557  -0.0118881284
13220  -0.0508083017   0.0169587604  -0.0197777155  -0.0365554466   0.0482768097
13221  -0.0235342661   0.0105358889   0.0103162799   0.0463041186  -0.0201474971
13222   0.0028886268  -0.0183275550  -0.0252203188  -0.0003301850   0.0117744539
13223   0.0811112356  -0.0806394475   0.0683481948   0.0101037979   0.0400525258
13224  -0.0086639486   0.0135916735  -0.1008736356  -0.0051202327  -0.0973079528
13225  -0.0717417645   0.0173481998  -0.0369602004   0.0167613359   0.0204259509
13226   0.0480752190  -0.0075017528  -0.0048468606  -0.0423535828  -0.0071007721
13227  -0.0030663455   0.0027183341   0.0132606751  -0.0097298993   0.0151934564
13228  -0.0143801109  -0.0291794795   0.0300318614  -0.0228714528  -0.0338428906
13229   0.0504891173   0.0415493531   0.0083115984  -0.0520027626  -0.0010554513
13230  -0.0235539401   0.0412153950   0.1151124253  -0.0603578062  -0.0471716329
13231   0.0437772243  -0.0245090562  -0.0083707712   0.0090283898   0.0558445464
13232  -0.1957845749   0.2075855231  -0.1256616151   0.0091420316   0.0141310111
13233   0.1656906983  -0.1892935699   0.0350736512  -0.0431035465  -0.0469072817
13234   0.0432708753  -0.0046987918   0.1173112693  -0.0004491189   0.0090695900
13235  -0.0063523062   0.0011557756  -0.0016130440   0.0111203127   0.0037408395
13236   0.0010613403   0.0014748364   0.0023656336   0.0001768136  -0.0006782186
13237  -0.0002911776   0.0103170912  -0.0028104022  -0.0018366493  -0.0021494362
13238  -0.0099414250   0.0011913069  -0.0008656429   0.0066727987  -0.0000536348
13239   0.0004987096   0.0052539957  -0.0077433443   0.0061564446   0.0067067923
13240  -0.0000947445  -0.0007843596   0.0045277652   0.0003472239   0.0000697936
13241  -0.0000055284   0.0001766378  -0.0011433796   0.0020513681   0.0006467316
13242  -0.0007796103  -0.0034735032   0.0022803718   0.0042690673  -0.0019648766
13243   0.0177377474  -0.0137154200   0.0051466837   0.0084110255   0.0160765869
13244  -0.0098252904  -0.0004346776   0.0003088451  -0.0000205770  -0.0000397171
13245  -0.0000045453  -0.0001184835  -0.0000499433  -0.0001864329   0.0000068160
13246  -0.0000093889  -0.0000070263  -0.0000946062   0.0000008366  -0.0000074257
13247  -0.0000325621   0.0001947410  -0.0000721448   0.0000013689
133 1   0.0684040574  -0.1097504218  -0.0881235437   0.1100740074  -0.0373065195
133 2   0.0355757182   0.0751911749   0.0825202280   0.0427403386   0.0671057326
133 3  -0.1153831785  -0.0835380679   0.0754145872   0.0364867656   0.0217617654
133 4  -0.0325102645   0.0031927602   0.0157046982  -0.0091246758   0.0078898970
133 5  -0.0209130534  -0.0127841617  -0.0177159332   0.0178838709  -0.0214449757
133 6   0.0316796603   0.0182242367  -0.0154357953   0.0041539437   0.0184222565
133 7  -0.0043874163   0.0253638725  -0.0107217008  -0.0064707602   0.0188007642
133 8  -0.0044531867   0.0243389163   0.0029585489   0.0098925615   0.0021614709
133 9  -0.0042964689   0.0031299717   0.0016535537   0.0069034482   0.0028564136
13310   0.0003393183  -0.0025484103   0.0001457731  -0.0104276759  -0.0055024621
13311   0.0023511579  -0.0066289577  -0.0027244431  -0.0043446469   0.0055141161
13312  -0.0097332224   0.0018100079  -0.0038227017   0.0081997532  -0.0034061690
13313  -0.0082639286   0.0005135702   0.0033269754   0.0111535064  -0.0087652547
13314  -0.0015111302  -0.0046360550   0.0054968811  -0.0035909762   0.0064658348
13315   0.0132739775   0.0046319044  -0.0047920265   0.0092768172   0.0096082776
13316  -0.0043443350  -0.0085851306   0.0000114450   0.0110652338   0.0080183330
13317   0.0060218736   0.0174641915  -0.0242541115  -0.0174350416   0.0328180414
13318  -0.0035630773  -0.0361343228  -0.0289396096   0.0270585742   0.0238559537
13319   0.0181459203  -0.0003252790  -0.0129961341   0.0123026461  -0.0219269965
13320   0.0078949305   0.0066690087   0.0242992877   0.0072598239   0.0061264011
13321   0.0121141042   0.0107190195  -0.0134080802   0.0128563236  -0.0077181278
13322   0.0045786424  -0.0092837172   0.0046087653  -0.0046791033   0.0085053110
13323   0.0034514391   0.0024985148  -0.0047002306  -0.0038574601   0.0099539271
13324  -0.0061943193   0.0042036277  -0.0042638546  -0.0031412313  -0.0064320907
13325   0.0005965155  -0.0003147624   0.0018833733  -0.0021410737  -0.0005854167
13326  -0.0003190720   0.0017080108  -0.0080360634  -0.0106440137   0.0010706257
13327   0.0026752679  -0.0029593234  -0.0041897059   0.0016460198  -0.0049116885
13328   0.0039147607   0.0249207865   0.0112955796  -0.0178491535  -0.0551132962
13329  -0.0296583180  -0.0348646671   0.0586750734  -0.0156065590  -0.0283898239
13330   0.0339454552   0.0431945206   0.0041315197   0.0478193754   0.0345920520
13331   0.0778011464   0.0698373707  -0.0730793827  -0.1144377206   0.0046949923
13332   0.0014575105  -0.0217109390  -0.0105208685   0.0901272681   0.0470479067
13333   0.0051635338  -0.0118205701  -0.2265648697  -0.0223159497   0.0312077535
13334   0.1318042046  -0.0123094955  -0.0304741858  -0.0609532963   0.0327921089
13335   0.0002994409   0.0017855300  -0.0111126365   0.0888451230   0.0315093806
13336   0.0073964797  -0.0003863302   0.0284130491  -0.0002807880   0.0011976346
13337  -0.0005054942   0.0015610287  -0.0215000642  -0.0117242281  -0.0007248129
13338  -0.0092149233   0.0060516757  -0.0009772669   0.0326416163   0.0201329084
13339   0.0224758558  -0.0047051811  -0.0325681286  -0.0384359364   0.0550046192
13340   0.0213700440   0.0017869816  -0.0268196369  -0.0007029272   0.0151125431
13341   0.0182893414  -0.0007505273   0.0074639721  -0.0682689825  -0.0378200335
13342  -0.0295228246  -0.0025525399   0.0034464900  -0.1385583313   0.1317380909
13343   0.1729683051  -0.0832356190   0.0268165217   0.0651158950   0.2412938491
13344  -0.1719399986   0.0000080428   0.0003163326   0.0000892531   0.0000259828
13345   0.0000244251  -0.0002794323   0.0000662111  -0.0003962859  -0.0000127156
13346   0.0001465756   0.0000031291   0.0000931799   0.0000995340  -0.0000149890
13347   0.0004609575  -0.0063160450   0.0003023578   0.0000469832
134 1  -0.1000471584   0.0459303654   0.0589632842  -0.0483356969   0.1105988100
134 2  -0.1078338910  -0.0399858633   0.0160614639   0.0381394936   0.0596395321
134 3  -0.1158090498  -0.1363715110   0.0472983712  -0.0804921877  -0.0950334396
134 4   0.0551946944   0.0502031326  -0.0717437684  -0.0050156301   0.0476079850
134 5   0.0211716913   0.0469304503  -0.0687378451   0.0125095347   0.0608061529
134 6  -0.0022343762   0.0078060186  -0.0107673032  -0.0293725809   0.0013096982
134 7  -0.0241278812  -0.0212553444   0.0302655898   0.0039393575   0.0068787939
134 8   0.0148845937  -0.0183878078   0.0174851415   0.0094354591   0.0145324434
134 9   0.0133405719  -0.0003920117  -0.0003342205   0.0046480075  -0.0085532775
13410  -0.0024421890  -0.0018991138   0.0015265463  -0.0040928826  -0.0015324801
13411   0.0054727318  -0.0100937804   0.0160462847   0.0089957278   0.0119782327
13412   0.0040594089   0.0147669277  -0.0085116599   0.0112488267  -0.0105811832
13413  -0.0086600925  -0.0069057273  -0.0121781460   0.0046832351   0.0009775121
13414   0.0096919091   0.0001756053  -0.0081669171   0.0032896322  -0.0099814746
13415  -0.0071738552   0.0045834260  -0.0065774381  -0.0001855215   0.0008722297
13416   0.0037896642   0.0077367742   0.0008130484  -0.0140288562  -0.0030278099
13417   0.0028969097  -0.0195352575   0.0299182020   0.0175229347  -0.0304067843
13418  -0.0020258559   0.0359295772   0.0368478920  -0.0289384959  -0.0248759907
13419  -0.0237982306  -0.0011819339   0.0090856221  -0.0073476411   0.0161973578
13420  -0.0124591956  -0.0044371098  -0.0224671578  -0.0080863547  -0.0094185543
13421  -0.0056494461  -0.0063867203   0.0087767769  -0.0120546167   0.0075004186
13422  -0.0057879661   0.0050417748  -0.0060717472   0.0029805859  -0.0085571865
13423   0.0020823410  -0.0071065238   0.0062374989  -0.0027384660   0.0036425159
13424   0.0026316779   0.0006620910  -0.0125452761   0.0079058165  -0.0147806502
13425  -0.0214954223   0.0103505115  -0.0146900831   0.0142572042   0.0143237423
13426   0.0183659708  -0.0036556215   0.0047430489  -0.0184837409   0.0013794541
13427  -0.0039994139   0.0016096424   0.0084312348  -0.0085291300  -0.0087484547
13428   0.0285108308   0.1104236838   0.0100729823   0.0041836381  -0.0139288240
13429  -0.0061116963  -0.0228686934   0.0382820311   0.0014038010  -0.0035523069
13430  -0.0681105945  -0.0451335034  -0.0176625832  -0.0515439557  -0.0965472553
13431  -0.1204887150   0.0806618855  -0.0393053360  -0.0737257385  -0.1044834311
13432  -0.0320034253  -0.0366042027  -0.0503221675  -0.2267370640  -0.1437000197
13433  -0.0137836686   0.0100776970   0.1172003745   0.0086942888  -0.0068783091
13434  -0.0319374477   0.0049835194   0.0002604276  -0.2206703956   0.2472656105
13435   0.0062738671  -0.0015588401  -0.0120751849   0.0745761810   0.0929369664
13436   0.0211714541   0.0136569316   0.0614287140  -0.0005192851   0.0004733923
13437  -0.0006989961   0.0006537084  -0.0483081913  -0.0246133933  -0.0037260925
13438  -0.0168965820  -0.0404033605   0.0014722898   0.0466375968   0.0371397636
13439  -0.0607223231  -0.0433678142  -0.0334387286  -0.0062902490   0.0309957559
13440  -0.0068189864  -0.0022484672   0.0335069257   0.0040526270  -0.0036877069
13441   0.0051947601   0.0024493599  -0.0084669788   0.0245700689   0.0234456743
13442  -0.0184361915  -0.0228438823   0.0291877970   0.0434358623  -0.0301386226
13443   0.1058749628  -0.1033815250  -0.0198482087  -0.0017551660  -0.0100771397
13444   0.0109375413  -0.0002591020  -0.0000218981   0.0000613571   0.0000196913
13445   0.0001428524  -0.0011817668  -0.0001072567  -0.0000292102   0.0000226441
13446  -0.0016326946  -0.0000381935  -0.0011434053  -0.0003797820   0.0002996770
13447  -0.0097329471   0.0854346223   0.0015518540  -0.0000745418
135 1  -0.0355475157   0.0173347260   0.0348374653  -0.0031506144  -0.0415082617
135 2   0.0273595218  -0.0292975899   0.0912425195  -0.0664337936   0.0168488803
135 3  -0.0110859639  -0.0035221962   0.0496739082   0.0006334398  -0.0095115307
135 4   0.0606890740   0.0215520034  -0.0007605836  -0.0119127563  -0.0287579505
135 5   0.0969084777  -0.0120952633   0.0160117272   0.0714315572   0.0340105282
135 6   0.0271689996   0.0305468992   0.0163292686  -0.1218382148  -0.0402620129
135 7   0.0408781382   0.0967814339  -0.0370409867   0.0460306964  -0.0230342617
135 8   0.0337270424  -0.0012631146  -0.0924344840  -0.0493454718  -0.0814664246
135 9  -0.0584051881  -0.0850207768   0.0268612961  -0.0720648580  -0.0023347370
13510  -0.0003207134   0.1210812204  -0.0562413389  -0.0595359136   0.1573754889
13511   0.0934907836  -0.0743874921   0.0095304948   0.0128182224   0.0146309086
13512   0.1213919194  -0.0204613263   0.0349451352   0.0457698867   0.0273372369
13513   0.1201026245  -0.0238345491  -0.0416890373   0.0121679852   0.1036236120
13514   0.0545106201  -0.0306271801  -0.0527793824  -0.0143072269   0.0454353052
13515  -0.0539624993   0.0074825539  -0.0255091105   0.0619788068  -0.0007180423
13516  -0.0003702067   0.0059933067  -0.0112792078   0.0933758798   0.0533416618
13517   0.0529006469   0.0207511246  -0.0172601094  -0.0542281667   0.0638247038
13518   0.0007046753  -0.0091809663  -0.0655191422  -0.0051624371   0.1097066633
13519   0.0373088153  -0.0343737846  -0.0420065869   0.0362850519  -0.0331747705
13520  -0.0478765829   0.0384922906   0.0095519445  -0.0125911776   0.0234379231
13521  -0.0335129417   0.0016267022   0.0094945840   0.0114537315   0.0157224574
13522  -0.0081773428  -0.0054713636  -0.0335066407   0.0264284446  -0.0004915507
13523   0.1003893798  -0.0919702699   0.0910270327  -0.0043509823   0.0554587905
13524  -0.0024084170   0.0261129986  -0.1383187711   0.0248688298  -0.1494039418
13525  -0.1670127495   0.1001638101  -0.1284294555   0.1045910624   0.1030232361
13526   0.1207467645  -0.0223848169  -0.0141540154  -0.1259897433   0.0404259836
13527   0.0160624905  -0.0943706288  -0.0932794250   0.0865533452  -0.0753282943
13528   0.0087058552   0.0365352985   0.0183483039  -0.0732665174   0.0528305556
13529  -0.0969405497  -0.0236042328  -0.0689663650  -0.1085904775  -0.0316722717
13530  -0.0184675090   0.2033616811  -0.0428554110   0.0933231220  -0.0539437889
13531  -0.0901874601  -0.0037054159   0.0193736829   0.0274585389  -0.0005860513
13532   0.0016573640  -0.0151406868   0.0142057494   0.0020328269   0.0032583828
13533  -0.0471117313   0.0628424638   0.0071421598  -0.0345127824  -0.0457150972
13534  -0.0367852770   0.0093712643  -0.1690070637   0.0035127301  -0.0106820232
13535  -0.0057967574  -0.0003839422   0.0027022702  -0.0117463931  -0.0078268157
13536  -0.0020169868  -0.0016491114  -0.0056817134  -0.0000326813   0.0017819070
13537   0.0000219108  -0.0005543542   0.0039941750   0.0022342550   0.0004965177
13538   0.0019866780   0.0022968099  -0.0003297345  -0.0045078578  -0.0034526798
13539   0.0022750681   0.0015997600   0.0046909335   0.0023451146  -0.0051715166
13540  -0.0008196589  -0.0000440395   0.0000885017  -0.0001244059  -0.0002302678
13541  -0.0007796674   0.0000997838   0.0010791602   0.0028629323   0.0008979786
13542   0.0015143471   0.0006781761  -0.0013143747   0.0059598139  -0.0054326182
13543  -0.0140635057   0.0080428765  -0.0001258804  -0.0030785442  -0.0120348898
13544   0.0088431696   0.0001738482  -0.0000821115  -0.0000499911  -0.0000216697
13545  -0.0000300154  -0.0000530109  -0.0000168707   0.0000890657   0.0000079698
13546   0.0000382355   0.0000033419   0.0000324968   0.0000177147  -0.0000239908
13547   0.0004221227  -0.0035834617  -0.0000868125   0.0000006151
136 1   0.0609468672  -0.0975652296  -0.0825547435   0.1031417034  -0.0396150905
136 2   0.0426802218   0.0693480009   0.0772080178   0.0425705548   0.0719191052
136 3  -0.1031951821  -0.0830463563   0.0811763945   0.0528428984   0.0388026011
136 4  -0.0410919191  -0.0075737059   0.0179410020  -0.0044715918   0.0036174648
136 5  -0.0202047643  -0.0231390311  -0.0062163134   0.0212574407  -0.0246652965
136 6   0.0334709359   0.0146669572  -0.0156728624   0.0104090499   0.0099827767
136 7  -0.0020488713   0.0297694265  -0.0156973695  -0.0101221840   0.0105325329
136 8  -0.0094070774   0.0248206462  -0.0039789343   0.0032783523  -0.0017534594
136 9  -0.0054536572   0.0020387889   0.0060070692   0.0016043809   0.0065089840
13610  -0.0006400225   0.0031112602   0.0002552416  -0.0055483741  -0.0082842200
13611  -0.0049546360  -0.0028592302  -0.0026196625  -0.0038436879   0.0076260670
13612  -0.0102438391   0.0030655945  -0.0032145032   0.0100339636  -0.0017410182
13613   0.0009115320   0.0006027483   0.0005025643   0.0065429334   0.0021289397
13614   0.0067265837   0.0000495611  -0.0033367958   0.0013606025   0.0045362721
13615   0.0062748228   0.0060338682  -0.0035165304   0.0104370003   0.0049953072
13616  -0.0059030551  -0.0072853241  -0.0036014325   0.0064753460   0.0074163653
13617   0.0005033602   0.0066459256  -0.0077710992  -0.0113113225   0.0144727404
13618  -0.0030341279  -0.0149100476  -0.0127779714   0.0121557868   0.0137112132
13619   0.0061484586  -0.0045489276  -0.0097019536   0.0076208940  -0.0104592710
13620  -0.0004309193   0.0053317899   0.0085524854   0.0006727346   0.0041915317
13621   0.0115364798   0.0039974639  -0.0073877907   0.0083010612  -0.0068465062
13622   0.0023935870  -0.0054264474   0.0040806797  -0.0061015068   0.0055528551
13623   0.0001241982   0.0037295318  -0.0059789937  -0.0023191391   0.0071073361
13624  -0.0045467436   0.0024827786  -0.0010708460  -0.0020983702  -0.0031105680
13625   0.0027634776  -0.0012857493   0.0028094319  -0.0028726165  -0.0009457840
13626  -0.0016505086   0.0018232932  -0.0051396624  -0.0070832124   0.0010095085
13627   0.0009687456  -0.0000203016   0.0004217144  -0.0017466455  -0.0018607775
13628   0.0060956332   0.0254759285   0.0080507187  -0.0072881612  -0.0534030922
13629  -0.0210858699  -0.0200243803   0.0168245247  -0.0149562731   0.0321939503
13630   0.0130831257   0.0424180905   0.0089095768   0.0479126192   0.0765215792
13631   0.1153829735   0.0340346371  -0.0684807542  -0.0471827191   0.0417334632
13632   0.0275655981  -0.0009657958   0.0232645775   0.1438490146   0.0968601604
13633   0.0157388277  -0.0248153716  -0.1832079931  -0.0146994603   0.0367937343
13634   0.1211142930  -0.0095451991  -0.0146671881  -0.0749518549   0.0368126055
13635   0.0051480029   0.0036975895  -0.0103075704   0.0995030994  -0.1429743340
13636  -0.0366363533  -0.0448143869  -0.0935637423   0.0004014442   0.0006053796
13637   0.0019242613   0.0031781734  -0.0260991605  -0.0127318495  -0.0163059694
13638  -0.0652639403  -0.0810242366   0.0097230817   0.0135610693   0.0623233662
13639  -0.0415071529  -0.0311518504   0.0044154258   0.0232469234  -0.0151340364
13640  -0.0203146894  -0.0010271874   0.0463548412   0.0039320031  -0.0146100593
13641  -0.0014331771   0.0036090835  -0.0098785846   0.0625936139   0.0538348990
13642  -0.0204775232  -0.0316976160   0.0357683620   0.1290437258  -0.1250163139
13643  -0.0489546934  -0.0283033208   0.0181443671   0.0094475511  -0.1280563528
13644   0.1276126131  -0.0000124799   0.0001174276  -0.0000325296  -0.0000529447
13645  -0.0000264569   0.0002375089  -0.0000422553   0.0001416042   0.0000069196
13646  -0.0000634775   0.0000075925  -0.0000978784  -0.0001258542  -0.0001147760
13647  -0.0005603206   0.0028823928   0.0001460467  -0.0000215465
137 1  -0.1260848833   0.0717418666   0.0712435193  -0.0608812064   0.1052192247
137 2  -0.0913902191  -0.0528456930   0.0050370030   0.0379846885   0.0701065744
137 3  -0.0902403544  -0.1360822258   0.0602100052  -0.0443060085  -0.0577089604
137 4   0.0340115407   0.0251997572  -0.0664175067   0.0052111417   0.0405657093
137 5   0.0176381240   0.0252863401  -0.0454332783   0.0207983233   0.0558601283
137 6   0.0003089513  -0.0008669590  -0.0090186164  -0.0201875225  -0.0099796800
137 7  -0.0187104914  -0.0023088733   0.0173221650  -0.0009711238  -0.0111237755
137 8   0.0096603083  -0.0190835250  -0.0021909420  -0.0045615834   0.0052843425
137 9   0.0083173562  -0.0051651458   0.0132458616  -0.0103871482   0.0005224203
13710  -0.0074624218   0.0128023880  -0.0009996541   0.0043349475  -0.0032316302
13711  -0.0039473718  -0.0079169667   0.0216029009   0.0131905865   0.0184691817
13712   0.0067136576   0.0158475140  -0.0082661858   0.0173634652  -0.0118728100
13713   0.0064102419  -0.0099321903  -0.0206670215  -0.0029883400   0.0230849200
13714   0.0257667685   0.0080799870  -0.0273239033   0.0157710900  -0.0172015689
13715  -0.0194435801   0.0063853485  -0.0059379020   0.0021725088  -0.0058401992
13716   0.0016773865   0.0114755881  -0.0045714060  -0.0243022812  -0.0068443074
13717  -0.0053733540  -0.0366453748   0.0555666199   0.0259863395  -0.0599257529
13718  -0.0011483708   0.0701856851   0.0626221195  -0.0499926636  -0.0371888043
13719  -0.0403161119  -0.0117275312   0.0149789144  -0.0144985447   0.0335604995
13720  -0.0266829673  -0.0061938630  -0.0474706265  -0.0215387794  -0.0076837890
13721  -0.0050179744  -0.0140028243   0.0150140722  -0.0126841929   0.0072368824
13722  -0.0055337579   0.0073546040  -0.0053217637   0.0003445722  -0.0094753371
13723   0.0006770410  -0.0042370266   0.0035191290  -0.0021649991   0.0021181018
13724   0.0026218188  -0.0003321509  -0.0088780255   0.0077198411  -0.0110750757
13725  -0.0167477379   0.0073167275  -0.0118516018   0.0112359883   0.0127678849
13726   0.0150297915  -0.0034110579   0.0049296994  -0.0124468084   0.0029538754
13727  -0.0085286164   0.0021459156   0.0089155493  -0.0080245556  -0.0027338764
13728   0.0208138925   0.0784874883   0.0045336940   0.0132108396  -0.0567837024
13729  -0.0108018595   0.0116508477  -0.0557165821   0.0098245309   0.0721960071
13730  -0.1254985690  -0.0402238707  -0.0088267818  -0.0398097001  -0.0012232698
13731  -0.0338809280   0.0022050031   0.0346603089   0.0999017120  -0.0746541247
13732   0.0039410601  -0.0175484146  -0.0102219537  -0.0363433798   0.0072887822
13733   0.0128289211  -0.0232199393   0.0506217875   0.0055180047   0.0113343318
13734   0.0161838788   0.0018197923  -0.0016238058  -0.1496926512   0.1120584513
13735   0.0124420202   0.0030858787  -0.0052952158   0.0162613426  -0.2183943546
13736  -0.0531045953  -0.0602065113  -0.1367893975   0.0010287512   0.0001788483
13737   0.0025260281   0.0044868337  -0.0155009539  -0.0092658046  -0.0106292620
13738  -0.0319704129   0.0031662683  -0.0021509420   0.0137342842  -0.0165250454
13739   0.0615335923   0.1415652305  -0.0921725503   0.0490864933   0.0747907108
13740   0.0161808424   0.0021557659  -0.0534018697  -0.0110219614   0.0100594417
13741  -0.0232570576  -0.0052458656   0.0103918489  -0.0338969336  -0.0449679872
13742   0.0206518625   0.0182376789  -0.0453392474  -0.0467521012   0.0469309917
13743  -0.0938202304   0.1272819572   0.0099938921  -0.0209129493   0.0515809910
13744  -0.0540376588  -0.0001575606  -0.0000946223  -0.0000512373  -0.0000489903
13745  -0.0000339281  -0.0005108225  -0.0000364038  -0.0002638991   0.0000291608
13746  -0.0000568853   0.0000473980   0.0000511736   0.0001191866   0.0000131676
13747   0.0003266331  -0.0008472157   0.0000124386   0.0000271996
138 1  -0.0476357688   0.0199695830   0.0288337686  -0.0073530081  -0.0317013573
138 2   0.0013447703  -0.0326767053   0.0633070184  -0.0746926707   0.0243444500
138 3   0.0006341134  -0.0185194953   0.0444103506  -0.0025436686  -0.0198040890
138 4   0.0554762680   0.0185537077  -0.0237801177   0.0150974994  -0.0725265316
138 5   0.0733826292  -0.0218937574   0.0343400430   0.0941812801   0.0400376209
138 6   0.0370433293   0.0516518748  -0.0113439818  -0.0670303194  -0.0511758925
138 7   0.0697602983   0.0778848089  -0.0814649935   0.0692212413  -0.0258219960
138 8  -0.0207200617   0.0181434688  -0.1335200339  -0.0487366281  -0.0590793398
138 9  -0.0511406077  -0.0412723670   0.0196367275  -0.0715328481   0.0214927485
13810  -0.0007852705   0.1417173192  -0.0502372889  -0.0068523074   0.1025841839
13811   0.0155357144  -0.0185317126  -0.0084373832   0.0027401514   0.0087041928
13812   0.0990443969  -0.0432273810   0.0562351997   0.0097190799   0.0750423578
13813   0.1645215673   0.0228939686  -0.0003869315  -0.0221746015   0.0986720928
13814   0.0553732861  -0.0016233979  -0.0299339980  -0.0146007853   0.0729547701
13815  -0.0372996709  -0.0031227378  -0.0086664344   0.0697252178   0.0024704733
13816  -0.0213382859  -0.0100626375  -0.0339025111   0.1143073461   0.0532305319
13817   0.0241687006   0.0202128975  -0.0070899945  -0.0591681441   0.0522993310
13818   0.0091612435   0.0068199980  -0.0723127563  -0.0110323750   0.1028930843
13819   0.0385903689  -0.0317876863  -0.0384221858   0.0237371028  -0.0147617482
13820  -0.0308101525   0.0289012809  -0.0009916336  -0.0078555140   0.0164169513
13821  -0.0190853300  -0.0147918877   0.0197780405  -0.0030641150   0.0201751525
13822  -0.0035048637   0.0029330073  -0.0147116345   0.0148440661  -0.0062332187
13823   0.0345836581  -0.0365656741   0.0362864438  -0.0049081920   0.0206022354
13824   0.0006633785   0.0110099509  -0.0475172651   0.0087238334  -0.0581490734
13825  -0.0730606191   0.0454354764  -0.0565528325   0.0483174819   0.0459561280
13826   0.0392336822   0.0022041293  -0.0101708749  -0.0612025451   0.0231732125
13827   0.0276464260  -0.0651202136  -0.0694608124   0.0622158230  -0.0634135769
13828   0.0217820843   0.0556459646  -0.0185705130  -0.0480707126   0.0809868596
13829  -0.1348227564  -0.0551046625  -0.0675235255   0.0690762808   0.0218557853
13830  -0.0034194624  -0.2691237383   0.0356618693  -0.1388532930   0.1140473620
13831   0.1678922841  -0.0104644248  -0.0047194428  -0.0263212639  -0.0293591958
13832   0.1763786965  -0.1275666032   0.0629155855  -0.0248244493  -0.0224852620
13833   0.1214199377  -0.1781532978   0.0021544143   0.0310466618   0.0346200889
13834  -0.0221864340   0.0094055928   0.0403522112   0.0336396867  -0.0190347965
13835  -0.0017531466   0.0015900716   0.0001361437  -0.0083073138   0.0268848055
13836   0.0076904951   0.0091834184   0.0199444144  -0.0003514583   0.0002737594
13837  -0.0002954121  -0.0003229774   0.0025738715   0.0012182271   0.0017382005
13838   0.0062404461   0.0038989815   0.0002198302  -0.0018831648  -0.0003422522
13839  -0.0033527351  -0.0088029081   0.0064463153  -0.0061131500  -0.0057060788
13840  -0.0003026609   0.0000993352   0.0014573235   0.0007213018   0.0002217343
13841   0.0020430777   0.0001877672  -0.0001364568  -0.0001723085   0.0012776698
13842   0.0012824002   0.0011077064   0.0021571665  -0.0025187988   0.0001927241
13843   0.0082230433  -0.0075042295  -0.0028881818   0.0009309140  -0.0003806680
13844  -0.0001118689  -0.0000385429   0.0001837281  -0.0000148598   0.0000627543
13845  -0.0000190214   0.0000869211   0.0000370819   0.0000652816  -0.0000076541
13846   0.0000130422  -0.0000056762  -0.0000022392  -0.0000078512   0.0000427964
13847   0.0000500928  -0.0001103606  -0.0000050371  -0.0000132400
139 1   0.0521708962  -0.0716636190  -0.0687025451   0.0896473041  -0.0463394675
139 2   0.0616511603   0.0544210944   0.0663007209   0.0435097784   0.0839539484
139 3  -0.0737838106  -0.0794715979   0.0975715364   0.0947197362   0.0818988353
139 4  -0.0638299492  -0.0340701055   0.0241665296   0.0105973463   0.0000388136
139 5  -0.0293396968  -0.0472645885   0.0130528592   0.0260165540  -0.0233625503
139 6   0.0326295975   0.0032344787  -0.0142029375   0.0197636552   0.0038727063
139 7  -0.0027484987   0.0405154652  -0.0184518883  -0.0168904119  -0.0007550202
139 8  -0.0108821029   0.0146769215  -0.0118691598  -0.0048729841  -0.0095165770
139 9  -0.0101440723  -0.0035165695   0.0140881060  -0.0078494514   0.0100575000
13910  -0.0037968876   0.0072939009   0.0000449132  -0.0014544546  -0.0081482513
13911  -0.0081935504  -0.0011442099   0.0001920447  -0.0017806972   0.0094796672
13912  -0.0099050638   0.0032333236  -0.0025333846   0.0108767890  -0.0040033280
13913   0.0047120715  -0.0004273853  -0.0020605781   0.0032902732   0.0105884047
13914   0.0117605656   0.0029635053  -0.0108119918   0.0074552452   0.0035225980
13915  -0.0002425760   0.0059698752  -0.0022043706   0.0133960766   0.0043527907
13916  -0.0096775383  -0.0082523316  -0.0078994515   0.0040767238   0.0065571689
13917  -0.0040763996   0.0000824422   0.0034490574  -0.0088577520   0.0012122027
13918  -0.0034417952   0.0017511494  -0.0007328488   0.0014113748   0.0084776215
13919  -0.0017871067  -0.0105641028  -0.0063772595   0.0031050895  -0.0013568086
13920  -0.0081666812   0.0036779495  -0.0058535715  -0.0073969914   0.0055346905
13921   0.0108576260   0.0001635902  -0.0035850748   0.0089677806  -0.0071863086
13922   0.0027913328  -0.0050681947   0.0037362451  -0.0068647238   0.0054864658
13923   0.0012076019   0.0018607653  -0.0044479838  -0.0016255374   0.0066724109
13924  -0.0048262330   0.0026024202  -0.0009056438  -0.0019523182  -0.0024826141
13925   0.0049497580  -0.0030219576   0.0052055285  -0.0052678085  -0.0033798609
13926  -0.0041007661   0.0029011315  -0.0047240711  -0.0031484508  -0.0005072570
13927   0.0020156609  -0.0000588405   0.0004079760  -0.0006400418  -0.0015004203
13928   0.0029629250   0.0092724744   0.0052095922  -0.0000329369  -0.0336591591
13929  -0.0073080418  -0.0118629314  -0.0034768837  -0.0305986245   0.0870978404
13930   0.1144637064   0.0198383206   0.0253724682  -0.0363182926   0.0775402036
13931  -0.0629664500   0.0409281879  -0.0376796516   0.0150771939   0.0638999006
13932   0.0291169503   0.0526326672   0.0765495518   0.0908604501   0.0558167116
13933   0.0000048098   0.0018897808   0.0464683243   0.0151881029  -0.0139684524
13934  -0.0762514068   0.0078907768   0.0049963845  -0.0195235773   0.1803060386
13935   0.0079517779   0.0026413537  -0.0084226678   0.0057412074  -0.0654924857
13936  -0.0020155327   0.0048571952  -0.0021627491   0.0008530650  -0.0008450498
13937   0.0008847346   0.0018832638   0.0139392250  -0.0154473499  -0.0149665655
13938  -0.0118481599   0.0669146044  -0.0145640182   0.0191243771  -0.0794860511
13939  -0.1803118132  -0.0069113412   0.0553242179   0.0854980263  -0.1027020088
13940  -0.0109860864  -0.0159902162   0.0573156241   0.0083861023  -0.0037914326
13941  -0.0341522151  -0.0110681549  -0.0086421498   0.0364442808  -0.0115811496
13942   0.1310700009   0.0543808517  -0.0486962942  -0.0342978367   0.0201377708
13943   0.1574452444  -0.0461166478  -0.0939351298  -0.1412352184   0.0051819506
13944  -0.1271331213   0.0006985501  -0.0004376965   0.0001379347   0.0000810928
13945   0.0001568101  -0.0004973323   0.0000310289  -0.0005695758  -0.0000048581
13946   0.0000243535   0.0000028330   0.0001082912   0.0003440783   0.0001394684
13947   0.0024083206   0.0002716991   0.0013409650   0.0000287813
140 1  -0.1144375519   0.0741328141   0.0731207484  -0.0639010577   0.1043766166
140 2  -0.0908885127  -0.0559427334   0.0026634776   0.0388279437   0.0729585376
140 3  -0.0856336877  -0.1355622939   0.0636075623  -0.0387424223  -0.0521805313
140 4   0.0322771866   0.0224683085  -0.0659611810   0.0119993783   0.0398299277
140 5   0.0142575610   0.0227580203  -0.0466572795   0.0185763086   0.0583845493
140 6  -0.0004789275  -0.0031674313  -0.0101068140  -0.0155455673  -0.0095586953
140 7  -0.0211026884  -0.0097798149   0.0206903388  -0.0013989616  -0.0090782324
140 8   0.0083531566  -0.0211389253   0.0011803543  -0.0021193610   0.0075307566
140 9   0.0075930895  -0.0022549087   0.0074108572  -0.0065135638  -0.0009688817
14010  -0.0043095163   0.0100260022   0.0005709879   0.0063049655  -0.0040664928
14011  -0.0063643566  -0.0020052480   0.0166273800   0.0098278052   0.0125657718
14012   0.0061248948   0.0113576040  -0.0037968754   0.0101237684  -0.0055492855
14013   0.0070726304  -0.0054461862  -0.0130450621  -0.0060235770   0.0166055413
14014   0.0202556685   0.0099541798  -0.0212716064   0.0120828109  -0.0110888445
14015  -0.0173594473   0.0037700477  -0.0026627356   0.0035040452  -0.0070185312
14016  -0.0017796978   0.0077202181  -0.0080470184  -0.0181871220  -0.0052949937
14017  -0.0083653285  -0.0372849725   0.0566625529   0.0238778831  -0.0620889545
14018  -0.0004111339   0.0746994770   0.0640648222  -0.0550453342  -0.0381400912
14019  -0.0425986661  -0.0124479750   0.0155545297  -0.0169258059   0.0384152054
14020  -0.0282104812  -0.0075225836  -0.0540564145  -0.0231159098  -0.0099870889
14021  -0.0057896398  -0.0187342280   0.0184517047  -0.0164261149   0.0076025997
14022  -0.0066718982   0.0105303747  -0.0046720252  -0.0000935294  -0.0119507596
14023  -0.0023204603  -0.0021414940   0.0024628036  -0.0015962356  -0.0028504991
14024   0.0043120387  -0.0016955855  -0.0023544532   0.0082153402  -0.0039189305
14025  -0.0112387468   0.0055282757  -0.0085900724   0.0089323767   0.0099041967
14026   0.0112371144  -0.0017573093   0.0065065565  -0.0063388681   0.0033420123
14027  -0.0056266057   0.0010158308   0.0078316544  -0.0060080311  -0.0041592533
14028   0.0195439756   0.0689383369   0.0007706661   0.0164397921  -0.0541840361
14029  -0.0103217538   0.0149392603  -0.0609221608   0.0158333190   0.0748008429
14030  -0.1056649270  -0.0557236277  -0.0124962322  -0.0482541532  -0.0425774550
14031  -0.0758750483   0.0136717462   0.0784788484   0.1160977971  -0.0532686933
14032  -0.0072346574   0.0296406661   0.0113157114   0.1050498959   0.1043364183
14033  -0.0071561749   0.0134509882  -0.0416206883  -0.0123020654   0.0194628790
14034   0.0794408429  -0.0083076520  -0.0076508747  -0.0363963070  -0.0433663236
14035   0.0025602077  -0.0002220463   0.0042130513   0.0216787525  -0.0142166407
14036  -0.0094825921  -0.0033772701  -0.0331493262   0.0007420202  -0.0007719969
14037   0.0007719914  -0.0015197717   0.0595820449   0.0248423592   0.0019157849
14038   0.0043610989   0.1270095660  -0.0109498421   0.0156624409  -0.1035576227
14039   0.0775202657  -0.1224245117   0.1436657184  -0.0783004374  -0.1175903786
14040   0.0084827342   0.0023801072  -0.0168719866  -0.0009240549  -0.0063161301
14041   0.0259385631   0.0089745286   0.0091874157  -0.0020474641   0.0319945529
14042  -0.1028459636  -0.0279294318   0.0312698320   0.0368734442   0.0085943118
14043   0.0897165060  -0.1580431302  -0.0200027390   0.0198988121   0.0209536875
14044   0.0138338320  -0.0000153721   0.0003326011   0.0000654907   0.0000261983
14045   0.0000317165   0.0003382127   0.0000320637   0.0002071310  -0.0000171096
14046   0.0000569784  -0.0000093745  -0.0000519544   0.0000405913   0.0001439763
14047   0.0008523927  -0.0007261949   0.0006344770  -0.0000666315
141 1  -0.0371607316  -0.0020228814   0.0255170117  -0.0109937885  -0.0302223463
141 2  -0.0337032276  -0.0495867454   0.0491319000  -0.0629545057   0.0438219487
141 3   0.0049663231  -0.0163800180   0.0432898347  -0.0049397401  -0.0208355352
141 4   0.0483070226   0.0074245842  -0.0063288893   0.0794903004  -0.0946140780
141 5   0.0436573817  -0.0145628581  -0.0108218974   0.0748817398   0.0369199978
141 6   0.0414927679   0.0604109303  -0.0113437029  -0.0245187784  -0.0568968162
141 7   0.0916060997   0.0076988748  -0.0898145835   0.0993972424  -0.0077686757
141 8  -0.0621763431   0.0258468226  -0.1440012412  -0.0269519769  -0.0340878614
141 9  -0.0495400605   0.0222895813  -0.0506908222  -0.0410293323   0.0258965778
14110   0.0493878535   0.1345868316  -0.0258518731   0.0327607536   0.0845518325
14111  -0.0118793174   0.0599850927  -0.0697876572  -0.0506645143  -0.0912425474
14112   0.0925631456  -0.1355745283   0.1132493795  -0.1126215456   0.1475930766
14113   0.1574415366   0.0846322291   0.0826905122  -0.0712105557  -0.0074283826
14114  -0.0459567902   0.0518787254   0.0711059329  -0.0600536922   0.1194242361
14115   0.0150457388  -0.0465089669   0.0559679268   0.0678414957  -0.0264784568
14116  -0.0594052694  -0.0559169503  -0.0673251350   0.1556790675   0.0464196071
14117  -0.0337131505   0.0194158561  -0.0202706197  -0.0895143472   0.0334166513
14118   0.0144251851   0.0428899328  -0.0638077521  -0.0254806816   0.1050346061
14119   0.0367426307  -0.0535086353  -0.0323242438  -0.0134430118   0.0303838584
14120  -0.0363637847   0.0003398621  -0.0621225915  -0.0454785199   0.0099441888
14121   0.0166202920  -0.0427101499   0.0256823772   0.0079389646   0.0088471167
14122  -0.0045271153   0.0134350313   0.0118140958   0.0015461377  -0.0170848827
14123  -0.0213778963   0.0175734272  -0.0190882938  -0.0022435090  -0.0114142716
14124   0.0011067325  -0.0033692061   0.0310090133  -0.0019944097   0.0246086883
14125   0.0250133641  -0.0087647963   0.0146139553  -0.0111043098  -0.0103114365
14126  -0.0225398736   0.0336389499  -0.0122928967  -0.0162885115   0.0116420803
14127   0.0594145087  -0.0664264878  -0.0699375782   0.0661146907  -0.0761760957
14128   0.0246928692   0.0594152862  -0.0498873967   0.0015978603   0.0492862174
14129  -0.1199094647   0.0004020097  -0.0035222962   0.1691808492   0.0440947518
14130   0.0180701465  -0.1139446427   0.0234708380  -0.0670735339   0.0586376660
14131   0.1072501896  -0.0154735605  -0.0209058952  -0.0154056448   0.0331536998
14132  -0.1136739224   0.0976473770  -0.0685053550  -0.0018340938  -0.0089930202
14133  -0.1991935888   0.2714451459  -0.0164335810  -0.0721922823  -0.0831837210
14134   0.0488029384  -0.0094328624   0.0297746907  -0.0036466054  -0.0001913475
14135   0.0318104738  -0.0005728553  -0.0012287778   0.0021989030  -0.0067353019
14136  -0.0012892078  -0.0016693765  -0.0023284334   0.0000677218   0.0002180093
14137   0.0001013645   0.0000194573  -0.0049321547  -0.0031335962  -0.0012609619
14138  -0.0027568327  -0.0058177481   0.0003630358  -0.0002031580   0.0036060389
14139  -0.0085329629   0.0089272556  -0.0080702677   0.0091009525   0.0044483612
14140  -0.0007176514  -0.0005963599   0.0023964717   0.0002425168   0.0001078515
14141  -0.0026706725  -0.0007369430  -0.0010594922   0.0008893719  -0.0021453509
14142   0.0087641694   0.0026037295  -0.0033360923  -0.0024929586  -0.0005366177
14143  -0.0025729740   0.0088238223   0.0000003980  -0.0041626573  -0.0004367638
14144  -0.0050506200   0.0000001436  -0.0001017548   0.0000321525   0.0000020988
14145   0.0000264782   0.0000075014  -0.0000308968  -0.0000168572  -0.0000082826
14146  -0.0000063563  -0.0000060986   0.0000068282   0.0000154349  -0.0000094845
14147  -0.0000315376  -0.0000100612  -0.0000016076  -0.0000046421
142 1   0.0473978085  -0.0559378193  -0.0613193438   0.0809697782  -0.0498286692
142 2   0.0718423087   0.0462537471   0.0597205465   0.0437080864   0.0905989597
142 3  -0.0567282305  -0.0789275574   0.1067759476   0.1178088458   0.1061986885
142 4  -0.0773698845  -0.0494907463   0.0267652581   0.0186819833  -0.0024617170
142 5  -0.0326717490  -0.0610195348   0.0238422971   0.0305361878  -0.0222970374
142 6   0.0317744334  -0.0016375506  -0.0124513253   0.0234242581  -0.0027382937
142 7  -0.0024999345   0.0479724720  -0.0236996944  -0.0206412927  -0.0104125904
142 8  -0.0123793819   0.0130790678  -0.0212959648  -0.0106274837  -0.0135416406
142 9  -0.0126881347  -0.0059176838   0.0191294507  -0.0142870931   0.0136056341
14210  -0.0059724906   0.0165608019  -0.0003095326   0.0024709998  -0.0076484171
14211  -0.0130779741   0.0004888680   0.0026492741   0.0016260327   0.0138536549
14212  -0.0068805260   0.0042443678  -0.0006898234   0.0141793067  -0.0026313857
14213   0.0150499518  -0.0022120062  -0.0057435232  -0.0016296714   0.0236903479
14214   0.0226756426   0.0071696680  -0.0220784307   0.0137756688   0.0006910883
14215  -0.0100533739   0.0057663516  -0.0012482744   0.0151650505  -0.0005415449
14216  -0.0113281148  -0.0065895141  -0.0125110733   0.0001905393   0.0061805354
14217  -0.0091487730  -0.0140266951   0.0249022744  -0.0021361125  -0.0213900231
14218  -0.0026228547   0.0291865779   0.0205257265  -0.0199006237  -0.0024506796
14219  -0.0172535938  -0.0166284242  -0.0023252633  -0.0021918489   0.0128989738
14220  -0.0197933197   0.0027704657  -0.0263344411  -0.0152476503   0.0029549357
14221   0.0094536886  -0.0093050194   0.0040274736   0.0029065677  -0.0046708552
14222   0.0008719133   0.0002920463   0.0034625654  -0.0062439747   0.0011233689
14223   0.0010557786   0.0017249406  -0.0029466643  -0.0023842219   0.0028765350
14224  -0.0028764320   0.0022265622   0.0013281681   0.0008734997  -0.0001718167
14225   0.0038442604   0.0000340560   0.0018226795  -0.0017569805  -0.0002542398
14226  -0.0015988667   0.0023281768  -0.0036312209  -0.0028466093   0.0036534297
14227   0.0001065900  -0.0030350843  -0.0016785921   0.0023496718  -0.0017745921
14228   0.0004664591   0.0033998632   0.0029960922   0.0015569342  -0.0833357257
14229  -0.0248264678  -0.0076272260  -0.0378304707  -0.0247925257   0.0976585733
14230   0.0800402804  -0.0118374998   0.0213744996  -0.0513766436   0.0606124881
14231  -0.0983392782   0.1125811322   0.0574394609   0.0780461739  -0.0193309599
14232   0.0192668906   0.1186710573   0.1282021783  -0.0820541709  -0.0169403251
14233  -0.0014680403   0.0061384756   0.0405912882  -0.0046561413   0.0079915325
14234   0.0251289156  -0.0025018559  -0.0042193369   0.0306924236  -0.0877687146
14235  -0.0035676857  -0.0004637493  -0.0026172633   0.0322636146   0.0483908200
14236   0.0089375388   0.0081177301   0.0222359049  -0.0002497742   0.0000536049
14237  -0.0001150398  -0.0010602000   0.0237174338   0.0131632962  -0.0036393472
14238  -0.0080615969  -0.0071307352  -0.0032032167   0.0148611798  -0.0166796392
14239  -0.0730647873  -0.0164316869  -0.0968089275  -0.0037179838   0.0533697023
14240   0.0051303308  -0.0039710494   0.0117912884   0.0010346780   0.0106975978
14241  -0.0068325450  -0.0038837882  -0.0079879162  -0.0283883883  -0.0299206566
14242   0.0076551755  -0.0465635461   0.0115090108  -0.0911714680   0.0839620702
14243  -0.0031867625  -0.0064696497   0.2064554582   0.1322709957  -0.2359572866
14244   0.2014635600  -0.0002494565  -0.0001582168  -0.0001149258  -0.0000067160
14245  -0.0000785631   0.0002634039  -0.0000241350   0.0004836176   0.0000020367
14246  -0.0000444173  -0.0000101135  -0.0000623023  -0.0002055824   0.0006339125
14247   0.0098120071   0.0011522329   0.0056974377  -0.0000238856
143 1  -0.0917396738   0.0508001039   0.0622978112  -0.0529098280   0.1094492673
143 2  -0.1064875001  -0.0438654530   0.0130297693   0.0390130341   0.0631433718
143 3  -0.1101016952  -0.1358769035   0.0507220097  -0.0737650914  -0.0883039599
143 4   0.0535205267   0.0465442848  -0.0711173262   0.0017896765   0.0449222003
143 5   0.0185457927   0.0425482702  -0.0676500187   0.0106500069   0.0619327716
143 6  -0.0011862715   0.0042402346  -0.0128830712  -0.0224854091   0.0000887480
143 7  -0.0264580077  -0.0277386842   0.0336936966   0.0015567600   0.0078998190
143 8   0.0119948229  -0.0196740532   0.0196098023   0.0094219863   0.0147502344
143 9   0.0122095401   0.0010821473  -0.0044658431   0.0065825505  -0.0090390510
14310   0.0015123198  -0.0047058342   0.0023473426  -0.0010931571  -0.0030522591
14311   0.0007596094  -0.0034625877   0.0090194651   0.0045110724   0.0058253457
14312   0.0026442311   0.0109523969  -0.0049952456   0.0040268997  -0.0033967412
14313  -0.0054611202  -0.0022492846  -0.0044652216   0.0011522547  -0.0032880729
14314   0.0055377713   0.0026975276  -0.0040578202  -0.0003341471  -0.0025854710
14315  -0.0059974978   0.0033241830  -0.0031208810   0.0031463110  -0.0004803853
14316  -0.0012724845   0.0026082384  -0.0042174169  -0.0059911145  -0.0002266609
14317  -0.0020092129  -0.0191039872   0.0300510280   0.0132159856  -0.0310944644
14318  -0.0011773575   0.0400600178   0.0357434229  -0.0329923620  -0.0237083998
14319  -0.0250985146  -0.0037792654   0.0081647988  -0.0091681759   0.0208706357
14320  -0.0147885538  -0.0051986666  -0.0297017224  -0.0108640562  -0.0097678631
14321  -0.0054021321  -0.0106787811   0.0129524324  -0.0128567780   0.0063171161
14322  -0.0052668824   0.0076324756  -0.0049654320   0.0008346791  -0.0105877028
14323  -0.0026891498  -0.0029914278   0.0029354704  -0.0007736404  -0.0014300541
14324   0.0038845484  -0.0014063197  -0.0036945750   0.0071493751  -0.0054333249
14325  -0.0114321077   0.0054996146  -0.0077001928   0.0083681343   0.0082646806
14326   0.0099512433  -0.0030429736   0.0068184827  -0.0075758409  -0.0006803710
14327  -0.0046503185   0.0076935186   0.0147831701  -0.0139135707  -0.0025376126
14328   0.0268005022   0.0924665175   0.0054042425   0.0161307730  -0.0038798682
14329   0.0038990376  -0.0083661813  -0.0021705210   0.0038359097   0.0640943284
14330  -0.0558756319  -0.0228023250  -0.0109332423  -0.0524107541  -0.0068526860
14331  -0.1001846672  -0.0143791650  -0.0675683745   0.0462060086   0.0407993135
14332   0.0240484405   0.0345126280   0.0503904984   0.3762259655   0.2775513590
14333   0.0060651817   0.0105119410   0.0796593184   0.0033360328   0.0000427048
14334  -0.0114773020   0.0007423851  -0.0041509152  -0.0237042246  -0.0046562230
14335  -0.0087485247  -0.0032227314   0.0072973979  -0.0639296516   0.1294541579
14336   0.0297432929   0.0295193715   0.0748814432  -0.0010314681   0.0010715012
14337  -0.0020084199  -0.0010159916  -0.0668835987  -0.0229016664   0.0131423541
14338   0.0411986627  -0.0445962996   0.0042017434   0.0058422952   0.0374838707
14339  -0.0186445444  -0.0083471412  -0.0741060201  -0.0307047745   0.0648444233
14340  -0.0085720990   0.0027414552   0.0173128307   0.0054496747   0.0028784760
14341   0.0126826254   0.0003294321  -0.0089266962  -0.0032956211   0.0001760351
14342   0.0285847801   0.0050011167   0.0130758451   0.0017830459  -0.0397227431
14343  -0.1137163222   0.1049648495  -0.0007022145   0.0187899021   0.0584844124
14344  -0.0289424332  -0.0001764989  -0.0000762965  -0.0000519257  -0.0000130158
14345  -0.0000338452   0.0000573686  -0.0000151667  -0.0000141019   0.0000000055
14346   0.0002555714  -0.0000121347  -0.0001866775   0.0011193335  -0.0056144715
14347  -0.0825796692  -0.0093171231  -0.0229626183   0.0000450703
144 1   0.0400996440  -0.0050631681   0.0282556486  -0.0280358321  -0.0395205174
144 2  -0.0399485368  -0.0626705400   0.0657246934  -0.0422296504   0.0549360831
144 3   0.0009661411   0.0025132528   0.0428441271  -0.0191376167  -0.0186859412
144 4   0.0678769947   0.0210151693   0.0316802302   0.1317361971  -0.0929610813
144 5   0.0407915954  -0.0139247639  -0.0931905571   0.0324174395   0.0441795632
144 6   0.0492280759   0.0362473750  -0.0277585515  -0.0058248228  -0.0511467360
144 7   0.0451337187  -0.0555318502  -0.0180584401   0.0754126991   0.0185240536
144 8  -0.0443928039   0.0070879257  -0.0839650505  -0.0165331647  -0.0274340793
144 9  -0.0638625800   0.0205351260  -0.1077506578  -0.0106437632  -0.0186275185
14410   0.1172882970   0.0948775351  -0.0108795374   0.0193987217   0.1245044139
14411   0.0206087479   0.0858308226  -0.1342690075  -0.1052752988  -0.1505439738
14412   0.0941138048  -0.1617594413   0.1292583694  -0.1831217447   0.1957476765
14413   0.1338812191   0.1243699843   0.1399300903  -0.0718036398  -0.0920558105
14414  -0.1213591043   0.0604234536   0.1329140891  -0.0994464044   0.1829184084
14415   0.0153781560  -0.0653596926   0.0886138363   0.1132903585  -0.0374699504
14416  -0.1414929679  -0.1480249946  -0.1440442335   0.2534245693   0.1036022111
14417  -0.0694101247   0.0139641344  -0.0175111652  -0.1465565450   0.0474214498
14418  -0.0060847255   0.0655947635  -0.0673085952  -0.0612187500   0.1252087206
14419   0.0207115484  -0.0762963657  -0.0593754231  -0.0148713393   0.0411423466
14420  -0.0726558971  -0.0045715359  -0.1079075962  -0.0608323781  -0.0162467482
14421   0.0463869495  -0.0971126938   0.0568727780   0.0016339413  -0.0113312891
14422  -0.0211249940   0.0438433603   0.0077067676  -0.0100381587  -0.0255010145
14423  -0.0013664444  -0.0073085797   0.0249710349   0.0273166164  -0.0669747250
14424   0.0224617917  -0.0197987040   0.0532044625  -0.0180983131   0.0655282971
14425   0.0605466673  -0.0059591777   0.0028727215  -0.0108652511  -0.0137492933
14426  -0.0208879195  -0.0036150028   0.0082223174   0.0427096047  -0.0069022091
14427  -0.0078050337   0.0287019308   0.0481142138  -0.0351258066   0.0403331073
14428  -0.0011286469  -0.0101159938  -0.0343087694   0.0741918250   0.0022571497
14429  -0.0615996957  -0.0815826731  -0.0151360606   0.0808929338  -0.0168350399
14430   0.0241700223   0.0484229494  -0.2179438981   0.1450529750   0.0431395256
14431  -0.1048844629   0.0066825089  -0.0017683546   0.0046847281  -0.0026669396
14432  -0.0142502722   0.0656670649  -0.0464728399  -0.0125765393  -0.0054143515
14433   0.0853671751  -0.0624369292  -0.0041111102   0.0616253128   0.0734784169
14434  -0.0315080966  -0.0015958408  -0.0114299215  -0.0027884645   0.0112113400
14435  -0.1249984053   0.0052231980  -0.0009594479   0.0006501260  -0.0120876126
14436  -0.0019080535  -0.0030396899  -0.0039801836   0.0003143144  -0.0010465318
14437   0.0000204544  -0.0001108172   0.0007414782   0.0001030159  -0.0001456753
14438  -0.0008103120   0.0013034219  -0.0004370202   0.0017189762  -0.0001491569
14439   0.0009314151   0.0010718634   0.0005711359   0.0003909059   0.0000434134
14440   0.0003123981  -0.0002369818   0.0001781592   0.0000653837  -0.0000097238
14441  -0.0004339630  -0.0000475680   0.0001122137   0.0008152845  -0.0001762645
14442   0.0021321672   0.0014467877  -0.0004306404  -0.0004148679   0.0007046404
14443   0.0087305507  -0.0038595854  -0.0046482079  -0.0028123406  -0.0001034461
14444  -0.0017428569  -0.0002303022   0.0001700351  -0.0000515481  -0.0000269964
14445  -0.0000323800   0.0000650846  -0.0000426569   0.0000856228   0.0000074187
14446  -0.0000184212  -0.0000022639   0.0000077378  -0.0000510420   0.0001984557
14447   0.0030485069   0.0003328888   0.0005036317  -0.0000085140
145 1   0.0479513225  -0.0664984363  -0.0668931689   0.0869222279  -0.0476423444
145 2   0.0649794015   0.0519510266   0.0651081875   0.0439808950   0.0858853513
145 3  -0.0692729702  -0.0800645349   0.1001234823   0.1011121593   0.0894465478
145 4  -0.0691121445  -0.0391795172   0.0251086455   0.0112854910   0.0010636302
145 5  -0.0286058655  -0.0493835459   0.0176929359   0.0272856730  -0.0230580159
145 6   0.0317650454   0.0017666875  -0.0128110769   0.0188166755   0.0008894063
145 7  -0.0027370912   0.0445809714  -0.0211625953  -0.0171756648  -0.0053665455
145 8  -0.0102292290   0.0148178133  -0.0172325798  -0.0073838346  -0.0116174586
145 9  -0.0124775714  -0.0050670016   0.0140329594  -0.0108450811   0.0097794672
14510  -0.0018934546   0.0146518793  -0.0000405590  -0.0014212649  -0.0034363065
14511  -0.0061192372  -0.0015292975   0.0018610995  -0.0002108578   0.0108093014
14512  -0.0048318324   0.0021884492  -0.0005737840   0.0109277013  -0.0027483690
14513   0.0095262506  -0.0008470866  -0.0040483533   0.0012352185   0.0151189233
14514   0.0159374434   0.0056298664  -0.0155551378   0.0102884791   0.0013307179
14515  -0.0071268722   0.0047604871  -0.0007241144   0.0149802919   0.0007030421
14516  -0.0128690668  -0.0095779196  -0.0132272672   0.0026253144   0.0074352095
14517  -0.0069501795  -0.0104576962   0.0175968406  -0.0053342911  -0.0136639538
14518  -0.0035370684   0.0198732390   0.0140584019  -0.0126816985   0.0013801725
14519  -0.0120354282  -0.0136620774  -0.0038696764   0.0003471629   0.0064315625
14520  -0.0161643483   0.0031275678  -0.0179173773  -0.0119444580   0.0041062955
14521   0.0107661357  -0.0055138877   0.0007726167   0.0062969618  -0.0070686597
14522   0.0008805834  -0.0019558008   0.0022293060  -0.0071634901   0.0031352314
14523   0.0035698308  -0.0007619599  -0.0012274066  -0.0018437247   0.0046968515
14524  -0.0035479518   0.0023533672  -0.0020948856  -0.0013304714  -0.0032140482
14525   0.0028270693  -0.0010880508   0.0016683798  -0.0024330817  -0.0007232314
14526  -0.0000121853   0.0014655693  -0.0043195131  -0.0047911669   0.0014622105
14527  -0.0017024114   0.0014373208   0.0038077483  -0.0031356156   0.0017035533
14528   0.0027809698   0.0173237122   0.0084069199  -0.0026396061  -0.0884359552
14529  -0.0236111240  -0.0234395728   0.0042484755  -0.0305843323   0.0520265513
14530   0.0738553305  -0.0162327715   0.0311516698  -0.0586286985   0.0296912245
14531  -0.0979161600   0.1535212134   0.0054687443  -0.0201708667  -0.0478586117
14532   0.0024433001   0.0999504696   0.1038981968  -0.1966767978  -0.1128841758
14533  -0.0080246377   0.0106195614   0.0258481356  -0.0022874678   0.0129959396
14534   0.0266661081  -0.0036545944  -0.0058455723   0.1480494558  -0.2495800106
14535  -0.0042330593   0.0001557545   0.0120759565  -0.0497191333  -0.0322999177
14536  -0.0106195008  -0.0143518630  -0.0268916999  -0.0002264389   0.0001096129
14537  -0.0007249644   0.0026275579  -0.0594694857  -0.0201484257   0.0074379468
14538   0.0052648786   0.0025475242   0.0011751726   0.0083577082   0.0071832479
14539   0.0546008900  -0.0242759871  -0.0162775499  -0.0447300784   0.0299349389
14540  -0.0127476841   0.0044937826   0.0225073679   0.0071077838  -0.0035727648
14541   0.0254649239   0.0048106211  -0.0072567366   0.0158333091   0.0260081596
14542   0.0059247689   0.0131839089   0.0249661681   0.0673656137  -0.0972375175
14543  -0.0850728374   0.0685519839  -0.0906211174  -0.0158470292   0.2369891063
14544  -0.1604010223  -0.0003114498  -0.0001027840   0.0000474304  -0.0000482308
14545   0.0000300621  -0.0003375287  -0.0000501533   0.0008180700   0.0000414496
14546  -0.0011559321   0.0000274999   0.0009522201  -0.0000837062   0.0008733432
14547   0.0131519481   0.0027790483  -0.0680483056  -0.0001515089
146 1  -0.0774967719   0.0259073262   0.0504532461  -0.0403544802   0.1147917830
146 2  -0.1230403690  -0.0312104108   0.0239088726   0.0392598469   0.0528785452
146 3  -0.1365444672  -0.1364134398   0.0370244697  -0.1104381830  -0.1258131698
146 4   0.0738909750   0.0705686148  -0.0740202738  -0.0085489370   0.0508061227
146 5   0.0218859173   0.0642961091  -0.0917906172   0.0038124292   0.0641987710
146 6  -0.0024930468   0.0122817134  -0.0151248345  -0.0312271658   0.0117477023
146 7  -0.0300843081  -0.0407677177   0.0434282138   0.0070154412   0.0240409987
146 8   0.0173327938  -0.0176426868   0.0353691692   0.0202905067   0.0224603004
146 9   0.0166258955   0.0054894863  -0.0142400577   0.0186416334  -0.0171793602
14610   0.0061006367  -0.0175837873   0.0044264944  -0.0082245126  -0.0014914041
14611   0.0104757791  -0.0065090834   0.0055387728  -0.0004130769   0.0004141498
14612  -0.0000457956   0.0096679949  -0.0069780239  -0.0007647250  -0.0048739930
14613  -0.0213794036   0.0001478180   0.0014707679   0.0087153686  -0.0236905201
14614  -0.0100591143  -0.0043201543   0.0129035283  -0.0099491701   0.0012774077
14615   0.0063638476   0.0019962759  -0.0041999988  -0.0000756059   0.0060658511
14616   0.0005369565  -0.0009815642   0.0011365346   0.0005654576   0.0014493740
14617   0.0061771101  -0.0019854400   0.0030566231   0.0052502546  -0.0014647578
14618  -0.0023979486   0.0037080768   0.0091032296  -0.0075951883  -0.0106926728
14619  -0.0065404120   0.0068454142   0.0024097233  -0.0012750863   0.0010914789
14620   0.0008366040  -0.0037360173  -0.0009517571   0.0023538832  -0.0088325189
14621  -0.0032106701   0.0002985180   0.0035421336  -0.0071488205   0.0040818139
14622  -0.0036486222   0.0021844662  -0.0043013871   0.0024357443  -0.0063690733
14623  -0.0014339026  -0.0041342329   0.0035342603  -0.0009889783   0.0013416781
14624   0.0021134234  -0.0003675154  -0.0068251775   0.0044423652  -0.0082039563
14625  -0.0123712098   0.0045015732  -0.0064586466   0.0068288707   0.0065647984
14626   0.0099552822  -0.0026489280   0.0048782648  -0.0101694107  -0.0045244443
14627  -0.0027023436   0.0113810683   0.0178743603  -0.0179735978  -0.0017323608
14628   0.0302055357   0.1080018675   0.0123535685   0.0043779148   0.0296640848
14629   0.0124016122  -0.0361693971   0.0835339069  -0.0087921034  -0.0180396090
14630   0.0063306338  -0.0189643599   0.0018672755  -0.0479449509  -0.0502237321
14631  -0.0945309965   0.0376412180  -0.1580334322  -0.1498707144   0.0384122210
14632  -0.0009634058  -0.0060691324   0.0041520057   0.0584274412   0.0123077184
14633   0.0011421527   0.0038703001   0.0234178983   0.0022422685  -0.0198332627
14634  -0.0546489403   0.0033887921   0.0073937592   0.1982693898  -0.1887460145
14635  -0.0019903149  -0.0001388559   0.0132067454  -0.1078886696  -0.0796894876
14636  -0.0203547382  -0.0248273980  -0.0482336761   0.0002558402   0.0006247254
14637   0.0010657681  -0.0012606097   0.0275294165   0.0151598140   0.0038005970
14638   0.0212718330  -0.0342721788   0.0025267272   0.0301058895   0.0438605190
14639   0.0389466496   0.0730375432   0.0002379491   0.0507152727   0.0239891217
14640   0.0172939827  -0.0015434408  -0.0358584599  -0.0110237932   0.0006730689
14641  -0.0202798194  -0.0001273165   0.0119103110  -0.0021738920  -0.0097212093
14642  -0.0489673899  -0.0075092868  -0.0205664274   0.0038675883   0.0658259086
14643   0.2135562923  -0.1718827609  -0.0342792305  -0.0542803439  -0.1617151560
14644   0.0966687019   0.0003036917  -0.0004745614   0.0000224915   0.0000433874
14645   0.0000090966   0.0002331463   0.0000354257   0.0009564246   0.0000110532
14646  -0.0008382156  -0.0000002545   0.0007233457  -0.0001489819   0.0009180864
14647   0.0144691780   0.0019746335  -0.0499132546  -0.0001387387
147 1   0.0227531275  -0.0022998007   0.0366625379  -0.0268879850  -0.0492607981
147 2  -0.0142884741  -0.0594081509   0.0934134548  -0.0339526454   0.0475963351
147 3  -0.0150822110   0.0139678975   0.0445689898  -0.0213745158  -0.0094224931
147 4   0.0696929014   0.0250086418   0.0605871690   0.0995512288  -0.0530357976
147 5   0.0685035826  -0.0093694304  -0.1102225578   0.0123096771   0.0379652996
147 6   0.0504868706   0.0114660220  -0.0236369737  -0.0354712826  -0.0381127086
147 7   0.0146210479  -0.0275160567   0.0249705022   0.0424469949   0.0128766666
147 8   0.0006093801  -0.0113348108  -0.0464363324  -0.0251103484  -0.0541993556
147 9  -0.0758468029  -0.0267265105  -0.0876698758  -0.0184696446  -0.0570335018
14710   0.1254451070   0.0738854447  -0.0212698644  -0.0247641545   0.1799507250
14711   0.1023689900   0.0302217725  -0.0987425835  -0.0991829467  -0.1318359335
14712   0.1122816386  -0.1259353563   0.0961180976  -0.1406524236   0.1294771467
14713   0.0812574882   0.0826975545   0.0903587921  -0.0297519464  -0.0843575742
14714  -0.1221428393   0.0306789844   0.1004862227  -0.0788362843   0.1350569144
14715  -0.0154921038  -0.0545187979   0.0731093344   0.0966980347  -0.0297301746
14716  -0.1425972239  -0.1484895140  -0.1431821750   0.2076317596   0.0948751398
14717  -0.0464468739  -0.0055111767  -0.0088256283  -0.1199106661   0.0298611033
14718  -0.0154617850   0.0569850499  -0.0338819110  -0.0569246188   0.0934678595
14719   0.0092685456  -0.0524732695  -0.0505633028   0.0029945114   0.0113391341
14720  -0.0737605107   0.0010824999  -0.0713274207  -0.0472519033   0.0000019508
14721   0.0325349900  -0.0591106622   0.0444359292   0.0258781893  -0.0328866598
14722  -0.0167352903   0.0221749148  -0.0136465084  -0.0143569096  -0.0023959609
14723   0.0517098467  -0.0561729443   0.0694436749   0.0382267007  -0.0446924836
14724   0.0181037059  -0.0139527303  -0.0104242361  -0.0220364252   0.0083680534
14725   0.0178945889   0.0034491742  -0.0201348474  -0.0010178036  -0.0005671476
14726   0.0091022625  -0.0368515532   0.0203732567   0.0479388340  -0.0257449284
14727  -0.0674851061   0.0992475846   0.1297203341  -0.1117240103   0.1301152122
14728  -0.0272688165  -0.0799567688   0.0333792764   0.0441282576  -0.0643570075
14729   0.0971836846  -0.0446337556  -0.0134028370  -0.1694150440  -0.0437577676
14730  -0.0474672993  -0.0412806403   0.1623253806  -0.1005791986  -0.0354923863
14731   0.0850944501  -0.0140407020   0.0062468870  -0.0053130721  -0.0065061438
14732   0.0221724274  -0.0645797337   0.0241599457   0.0098337043   0.0002784379
14733  -0.1018810292   0.1168976987  -0.0262784452   0.0765036865   0.0847360895
14734  -0.0419369825   0.0020013425  -0.0474150802  -0.0010417808  -0.0049953549
14735   0.0930137881  -0.0048422693   0.0000780468  -0.0000311639   0.0094655715
14736   0.0017300298   0.0026598999   0.0036858157  -0.0001356704  -0.0016323247
14737  -0.0000360163  -0.0006882627   0.0000510627   0.0000284733  -0.0001556188
14738  -0.0005379703  -0.0006397536   0.0002657788  -0.0011238661  -0.0004149030
14739  -0.0019562182  -0.0003051803   0.0001564336  -0.0000025052  -0.0009516628
14740   0.0000934365   0.0001497402  -0.0012567243  -0.0002552739   0.0004511286
14741  -0.0002793821  -0.0000773969   0.0016568224  -0.0008290261  -0.0011791007
14742  -0.0011676982  -0.0013707499  -0.0005770001  -0.0026678825   0.0033573793
14743  -0.0040285138   0.0013875707   0.0066364724   0.0025770851  -0.0079738124
14744   0.0065930349   0.0001371560  -0.0000783374   0.0000427539  -0.0000086428
14745   0.0000150300   0.0000448341   0.0000212947  -0.0001750713  -0.0000057535
14746   0.0000943996  -0.0000024540  -0.0000508911   0.0000145520  -0.0000456463
14747  -0.0008072514  -0.0001688456   0.0030926473   0.0000123276
148 1   0.0666649171  -0.0596853649  -0.0622395794   0.0821201023  -0.0497002752
148 2   0.0705483589   0.0476705895   0.0623979645   0.0444654844   0.0892954862
148 3  -0.0603135917  -0.0772936175   0.1065908651   0.1126041860   0.1008958435
148 4  -0.0706310690  -0.0428854169   0.0257061045   0.0192501647  -0.0001487954
148 5  -0.0339208721  -0.0571782157   0.0193752662   0.0244003864  -0.0199186030
148 6   0.0306312092  -0.0059890122  -0.0140432859   0.0236057527   0.0033639526
148 7  -0.0096985340   0.0387731890  -0.0125143901  -0.0219831074  -0.0017652169
148 8  -0.0077323657   0.0078739197  -0.0071864235  -0.0050321368  -0.0105576722
148 9  -0.0120168561  -0.0074074336   0.0131737294  -0.0072709293   0.0064957681
14810  -0.0037948737   0.0044702791   0.0004004395  -0.0032819635  -0.0052715270
14811  -0.0078015642  -0.0010096574  -0.0035360898  -0.0020720523   0.0111454491
14812  -0.0102896768   0.0060653691  -0.0026448784   0.0117006466  -0.0011985655
14813   0.0060295056   0.0002265684   0.0003011195   0.0040236220   0.0116556351
14814   0.0132372182   0.0001838581  -0.0110407957   0.0058710005   0.0101935652
14815  -0.0030005314   0.0065153322  -0.0037661124   0.0182003339   0.0064214092
14816  -0.0128836088  -0.0121531571  -0.0111271550   0.0133867510   0.0117364911
14817  -0.0029665096   0.0029553569   0.0023882028  -0.0127941075   0.0064796899
14818  -0.0032562812  -0.0002491243  -0.0058578048  -0.0011223334   0.0124574533
14819  -0.0014147351  -0.0109526061  -0.0087244195   0.0044737240  -0.0013804225
14820  -0.0089588532   0.0049375337  -0.0067550853  -0.0053011447   0.0034424292
14821   0.0088111128  -0.0051720699   0.0005809124   0.0045822865  -0.0045895084
14822   0.0029074951  -0.0015428021   0.0031657933  -0.0047760886   0.0030602538
14823   0.0037139056  -0.0019685490   0.0019735729  -0.0012655600   0.0012330842
14824  -0.0030144538   0.0027099498   0.0014695134  -0.0015111386   0.0011499407
14825   0.0051884944   0.0005297622   0.0015508746  -0.0017882213  -0.0026230665
14826  -0.0035532318   0.0026904206  -0.0038356351   0.0012333902   0.0009671817
14827   0.0031118428  -0.0024359241  -0.0028928112   0.0037128558  -0.0002039461
14828  -0.0051033580  -0.0217192294  -0.0007062386  -0.0018447818   0.0057748691
14829  -0.0033083625  -0.0129191025  -0.0097184683  -0.0267924096   0.0604603599
14830   0.1782345753  -0.0119879811   0.0094791061  -0.0209322728   0.0232731648
14831  -0.0591528230   0.0007678568  -0.0018246228  -0.0349700134   0.1031382932
14832   0.0131414961   0.0012591972  -0.0014670361   0.0305620718  -0.0076148808
14833  -0.0024027386   0.0081829700  -0.0085620260   0.0189875985  -0.0424410556
14834  -0.1496870591   0.0138013394   0.0214626805   0.0047410727   0.2546751552
14835   0.0051808933  -0.0021442842  -0.0134772547  -0.0193050559  -0.0134782046
14836   0.0004294563   0.0038690383   0.0043053154   0.0006400886  -0.0002361296
14837   0.0033133804  -0.0024652226   0.0333109241  -0.0098795698  -0.0115018081
14838   0.0187609376  -0.0127022258   0.0001512511  -0.0010299952   0.0010666391
14839  -0.0129514002   0.0186904888   0.0105347321   0.0047299375  -0.0033297952
14840   0.0230011638   0.0114956532  -0.0993602906  -0.0214895515  -0.0005949006
14841   0.0027698395   0.0088542282   0.0297141145  -0.0403401813   0.0085186671
14842  -0.1929698240  -0.0520222423   0.0041904581   0.0625139737   0.0116824153
14843  -0.1537294467  -0.0150217488   0.0052132748   0.0098391594   0.1061534107
14844   0.0177382122  -0.0003895694   0.0004338214  -0.0000668339  -0.0002444259
14845  -0.0002158673   0.0003276482   0.0000377413   0.0003887668   0.0000205722
14846  -0.0000028906   0.0000437949  -0.0000678755  -0.0000874895   0.0000218365
14847   0.0001145845   0.0000033144  -0.0001889118  -0.0002187965
149 1  -0.1349525314   0.0928628964   0.0839695045  -0.0730064928   0.0993903366
149 2  -0.0780241908  -0.0691035069  -0.0082963098   0.0396788144   0.0840501358
149 3  -0.0612829959  -0.1340995353   0.0768313216  -0.0033671787  -0.0161597937
149 4   0.0096219081  -0.0022058012  -0.0594137290   0.0262261087   0.0362555562
149 5   0.0057441711   0.0042527029  -0.0303569065   0.0227949177   0.0554725011
149 6  -0.0003332671  -0.0094913026  -0.0059757971  -0.0067894747  -0.0161798697
149 7  -0.0140794214  -0.0007915686   0.0100795262  -0.0004751131  -0.0211158137
149 8   0.0027610389  -0.0245111200  -0.0126978679  -0.0064010354   0.0046762893
149 9   0.0057548404   0.0014275916   0.0115027636  -0.0129611953   0.0058425939
14910  -0.0078309908   0.0159961363   0.0016756977   0.0133900594  -0.0072386001
14911  -0.0106914501   0.0030254716   0.0188904870   0.0099191912   0.0079357638
14912   0.0074829386   0.0041365812   0.0002836144   0.0050938124  -0.0058221250
14913   0.0082886463  -0.0037003508  -0.0126934599  -0.0125484401   0.0175136495
14914   0.0172036310   0.0173862312  -0.0194154948   0.0150644394  -0.0148285158
14915  -0.0149163534   0.0000889379   0.0014623218   0.0006457887  -0.0102551643
14916  -0.0005522355   0.0099169940  -0.0067847742  -0.0260092598  -0.0131123776
14917  -0.0141265882  -0.0399040398   0.0595803366   0.0264073401  -0.0708005578
14918   0.0008105379   0.0825062281   0.0705957839  -0.0557500524  -0.0400483656
14919  -0.0435290964  -0.0176636073   0.0192966126  -0.0222233022   0.0449833117
14920  -0.0295341440  -0.0109262928  -0.0620687671  -0.0304120283  -0.0066787466
14921  -0.0021612533  -0.0185644737   0.0176534079  -0.0117768807   0.0074074983
14922  -0.0039610388   0.0079048668  -0.0004744559  -0.0013534196  -0.0093419995
14923  -0.0025486144   0.0017101546  -0.0016760783  -0.0038258357  -0.0029877565
14924   0.0015883736  -0.0005531913   0.0025369626   0.0064231554   0.0018571440
14925  -0.0031113619   0.0012325749  -0.0034126763   0.0039843322   0.0048042396
14926   0.0067106662   0.0035729275   0.0046564808  -0.0006023538   0.0052688566
14927   0.0001306038  -0.0109326290  -0.0079970548   0.0111383243  -0.0081743292
14928  -0.0020114749  -0.0010491752  -0.0067482753   0.0058266190  -0.0350750491
14929  -0.0006186834   0.0394560831  -0.0684375606   0.0048428773   0.0014544218
14930   0.0013859790  -0.0737978577  -0.0172630146  -0.0030611367  -0.1954644869
14931  -0.0487807337   0.0011875259   0.2113865568   0.0030689833   0.0023417062
14932  -0.0210784447  -0.0593976052  -0.0777791883  -0.0057084813  -0.0318685615
14933   0.0035879434  -0.0255742256  -0.3540103456  -0.0104471315  -0.0048892568
14934   0.0093075884  -0.0009378761  -0.0028882769   0.2410160985   0.0017155452
14935  -0.0059889993   0.0040933326  -0.0034859518   0.0030858081   0.0007332389
14936   0.0141393236   0.0193336206   0.0530532442  -0.0003123420  -0.0002247412
14937   0.0012998118   0.0002987181  -0.0118442890  -0.0383368058  -0.0109794809
14938  -0.0065595394  -0.0020445227   0.0017204768  -0.0027396225   0.0435059396
14939  -0.1221166792   0.0082153189  -0.0147427437   0.0674516090   0.0264781815
14940  -0.0014331140  -0.0011884372   0.0029152597  -0.0036410564  -0.0006884218
14941  -0.0189974827  -0.0038818764   0.0024390070   0.0044499996  -0.0044393665
14942   0.0044461329   0.0004027608  -0.0153691806   0.0031461668  -0.0161001311
14943  -0.0033517553   0.0408737538  -0.0013673671  -0.0394750427  -0.0005054387
14944  -0.0062981628   0.0001582881  -0.0000792486   0.0001383731  -0.0001214710
14945  -0.0000198876  -0.0001864635   0.0000388211  -0.0001360396  -0.0000112213
14946  -0.0000133850   0.0000293004   0.0000250751  -0.0001154120  -0.0001058139
14947  -0.0001340046   0.0001334730  -0.0000615535   0.0000607850
150 1  -0.1257243753  -0.0233057926   0.0207246553   0.0038551945  -0.0211433796
150 2  -0.0601541879  -0.0539623856   0.0225122956  -0.0696128647   0.0521565443
150 3   0.0131320930  -0.0229122015   0.0370117538   0.0097143830  -0.0192667520
150 4   0.0106127936  -0.0223969004  -0.0053672806   0.0914862466  -0.1019456421
150 5   0.0176893901  -0.0088776386   0.0066981420   0.0930683038   0.0147847788
150 6   0.0303309935   0.0907979999   0.0108146819  -0.0083408685  -0.0595415142
150 7   0.1590862931   0.0081973137  -0.1651983028   0.1549974012  -0.0115389274
150 8  -0.1127787859   0.0574254543  -0.2054627240  -0.0142510630  -0.0171924768
150 9  -0.0262427513   0.0990899787  -0.0697289423  -0.0285632952   0.0728789893
15010   0.0463977766   0.1552606553  -0.0139718965   0.0859160236   0.0260670617
15011  -0.0556347681   0.1124101824  -0.0656224871  -0.0624949171  -0.1447174165
15012   0.0949770474  -0.2092581508   0.1511345570  -0.1675016932   0.1556049156
15013   0.1578171236   0.0968496687   0.1014798986  -0.1200148483  -0.0446579628
15014  -0.0869101397   0.0967333082   0.1187730971  -0.0640188098   0.0786703566
15015   0.0766924129  -0.0793561262   0.0920410065  -0.0025165521  -0.0601759559
15016  -0.0059582210  -0.0036388427  -0.0147682860   0.0682886501  -0.0276347151
15017  -0.0629874436   0.0054665470  -0.0263451344  -0.0466675538  -0.0165811912
15018   0.0365439172   0.0540776330  -0.0330542173   0.0001717191   0.0686716741
15019   0.0375058674  -0.0402645511  -0.0077369309  -0.0430223698   0.0529266107
15020  -0.0043881146  -0.0207053447  -0.0598280726  -0.0609945501   0.0198485086
15021   0.0274267211  -0.0065810325  -0.0036072252   0.0332997253   0.0067696090
15022   0.0071426535  -0.0106488943   0.0451206124   0.0093519952  -0.0180299297
15023  -0.0838488658   0.0929337367  -0.1138336333  -0.0291936487   0.0167520746
15024  -0.0192706976  -0.0002570473   0.0685912450   0.0124893905   0.0459036750
15025   0.0657278521  -0.0397840345   0.0642806246  -0.0477243925  -0.0339584829
15026  -0.0552317901   0.0658137997  -0.0157787889  -0.0191962655   0.0240986936
15027   0.1013064152  -0.1095713883  -0.1194418186   0.1123893847  -0.1266107002
15028   0.0348536971   0.0543361649  -0.0282565366  -0.0164608803  -0.0112823381
15029  -0.0145097402   0.1348679373   0.0777819872   0.0017882226   0.0197178753
15030  -0.0064085729   0.2402779458   0.1541132535  -0.0304211070  -0.1269758490
15031  -0.0060782324   0.0143721373   0.0065188359   0.0068397013   0.0014734983
15032  -0.0113854414  -0.0976297197   0.0934216498   0.0024655967   0.0044494624
15033  -0.0112197729  -0.1321262463   0.0342812543   0.0331668702   0.0111761222
15034  -0.0036046434   0.0271726637  -0.0089542463  -0.0107764014   0.0071776742
15035  -0.0099627939   0.0098971405   0.0012976731  -0.0029116027   0.0019592080
15036  -0.0001718713  -0.0005169335  -0.0017638132  -0.0001192776  -0.0002549225
15037  -0.0000449435  -0.0003796524   0.0024067501   0.0033539720   0.0013695753
15038   0.0020655506  -0.0005898692   0.0000095066  -0.0000204561  -0.0025374830
15039   0.0106714397  -0.0008013105   0.0020482125  -0.0087147347  -0.0017399686
15040   0.0008739950   0.0006408671  -0.0035312135  -0.0003974570   0.0001125933
15041   0.0020635002   0.0004542029   0.0006444505  -0.0018866237   0.0010543209
15042  -0.0070421446  -0.0019289473   0.0023776023   0.0018065840   0.0013532211
15043  -0.0049691423  -0.0045480324   0.0009660502   0.0042586764   0.0025357850
15044   0.0040181718   0.0000980306  -0.0001057474  -0.0000125305  -0.0000313829
15045  -0.0000238332  -0.0000504266   0.0000434063  -0.0000807788   0.0000112119
15046   0.0000041561   0.0000117942   0.0000045962  -0.0000221988  -0.0000040006
15047   0.0000178489   0.0000089352  -0.0000023336   0.0000035915
151 1   0.0643760762  -0.0705239538  -0.0682187240   0.0879838381  -0.0467743421
151 2   0.0620448303   0.0544679076   0.0678034106   0.0442638708   0.0837721016
151 3  -0.0738876693  -0.0788626607   0.0982868749   0.0934858841   0.0806014019
151 4  -0.0594522062  -0.0316884096   0.0230403180   0.0116884753  -0.0006063360
151 5  -0.0294660309  -0.0468385654   0.0122077610   0.0243850227  -0.0199587379
151 6   0.0314437824   0.0001913012  -0.0163740216   0.0196555895   0.0054753363
151 7  -0.0083422197   0.0384482582  -0.0129818607  -0.0190235539   0.0020798904
151 8  -0.0077666203   0.0104199488  -0.0064181138  -0.0045933534  -0.0104408519
151 9  -0.0106135839  -0.0078571368   0.0138506711  -0.0084914127   0.0074609779
15110  -0.0026256495   0.0053717692  -0.0000180090  -0.0039366385  -0.0058704918
15111  -0.0078065289  -0.0016480445  -0.0025216868  -0.0018478416   0.0120193147
15112  -0.0103361728   0.0064462737  -0.0028156769   0.0114130410  -0.0011205848
15113   0.0054130850   0.0003393936  -0.0001295020   0.0043265484   0.0109893437
15114   0.0130704626   0.0007826338  -0.0115784427   0.0063256293   0.0096975216
15115  -0.0020537293   0.0072718035  -0.0037751074   0.0166703580   0.0070229392
15116  -0.0124229295  -0.0116170036  -0.0104318047   0.0127754920   0.0120594794
15117  -0.0015184855   0.0025848926   0.0020293726  -0.0123876537   0.0067341851
15118  -0.0043228048  -0.0007700263  -0.0062802446   0.0002964295   0.0118593679
15119  -0.0003808661  -0.0103200235  -0.0084228117   0.0049029493  -0.0024125805
15120  -0.0083970250   0.0048612321  -0.0051846658  -0.0058223827   0.0038397139
15121   0.0081654442  -0.0025805856  -0.0003636467   0.0056950520  -0.0049432062
15122   0.0028676332  -0.0024416732   0.0020498892  -0.0043358249   0.0020445899
15123   0.0007061606  -0.0008460634  -0.0010167501  -0.0003579211   0.0046738615
15124  -0.0030561232   0.0016786001  -0.0013038757  -0.0013881394  -0.0029487787
15125   0.0020333710  -0.0008698342   0.0025693175  -0.0029276895  -0.0022269610
15126  -0.0038478443   0.0019375928  -0.0016006344  -0.0014383268  -0.0007241231
15127   0.0028944583   0.0019416868   0.0037906482  -0.0039624985  -0.0008316803
15128   0.0072965105   0.0116449256   0.0009392091   0.0075605652   0.0353945258
15129   0.0126464052  -0.0056652348  -0.0093140613  -0.0182508398   0.0885220831
15130   0.1156329714  -0.0206652111  -0.0004049650  -0.0428864226  -0.0332301682
15131  -0.0902480216  -0.0393216286   0.0379995170   0.0168879254   0.0654921574
15132  -0.0058255470  -0.0634462844  -0.0776842181   0.0640569624  -0.0913935930
15133  -0.0105518975  -0.0080269374  -0.0529412984   0.0087489440  -0.0207124202
15134  -0.0641588769   0.0051640968   0.0088047854   0.0196821779   0.1697720637
15135   0.0062126790   0.0040625981   0.0063556729  -0.0065538045  -0.0561691962
15136  -0.0047865400   0.0030693329   0.0006518947  -0.0000840985  -0.0002846789
15137  -0.0020241217  -0.0000054928   0.0151883210   0.0089687693   0.0170997897
15138   0.0079146204   0.0532977903   0.0127533185  -0.0273326981   0.0820534355
15139   0.2041910917  -0.0176751679   0.0550555236  -0.0653705042   0.1273269327
15140  -0.0131486294   0.0041537783   0.0516655911   0.0147696433   0.0019188072
15141   0.0360427938   0.0033822551  -0.0254871657   0.0231886290  -0.0039847921
15142   0.1133735860   0.0537235058   0.0427864089  -0.0287443034  -0.0327555057
15143   0.1539774468   0.1047366706  -0.0471441683   0.1473183674  -0.0284295177
15144   0.1375777425   0.0001088142  -0.0002672373   0.0000436314   0.0004757025
15145   0.0002344394  -0.0001026730  -0.0000723578  -0.0001758631  -0.0000392343
15146  -0.0000098310  -0.0000822142   0.0000265369  -0.0026527255   0.0006171839
15147  -0.0004574095  -0.0000224058  -0.0000357177   0.0012338433
152 1  -0.1255236520   0.1113605345   0.0951535195  -0.0826806262   0.0944120182
152 2  -0.0627014223  -0.0809489570  -0.0184655039   0.0394913668   0.0936746710
152 3  -0.0378947839  -0.1315748096   0.0921833244   0.0325477661   0.0202687959
152 4  -0.0106639458  -0.0214023691  -0.0535784178   0.0391719215   0.0400099108
152 5  -0.0033861538  -0.0122900035  -0.0181833411   0.0230482354   0.0559098816
152 6  -0.0049157376  -0.0220530062  -0.0029288425   0.0000917180  -0.0172251619
152 7  -0.0184339055  -0.0020750088   0.0145683231  -0.0055331434  -0.0257588318
152 8   0.0038781024  -0.0329620128  -0.0076337974  -0.0059661316   0.0040611285
152 9   0.0048983798   0.0014943147   0.0100065325  -0.0084851189   0.0041905444
15210  -0.0110407216   0.0080778652   0.0025640539   0.0122963893  -0.0076355366
15211  -0.0079330739   0.0038315795   0.0166104283   0.0090261658   0.0060948843
15212   0.0050641151   0.0057266071   0.0000667739   0.0061801375  -0.0095226814
15213   0.0019497291  -0.0044993096  -0.0110950637  -0.0113002432   0.0143706335
15214   0.0150380422   0.0137142094  -0.0161626119   0.0132519868  -0.0141139412
15215  -0.0139100937  -0.0005086195  -0.0006983638  -0.0004876523  -0.0087662642
15216   0.0027299507   0.0114835486  -0.0022289311  -0.0274990974  -0.0143256868
15217  -0.0106946762  -0.0345821642   0.0526105980   0.0273211573  -0.0636166036
15218   0.0006276280   0.0724404539   0.0635545018  -0.0492864892  -0.0374691106
15219  -0.0387455587  -0.0139283354   0.0192964903  -0.0198290141   0.0405255171
15220  -0.0256966254  -0.0098409243  -0.0555334421  -0.0261658360  -0.0069200148
15221  -0.0050049052  -0.0176448288   0.0190188195  -0.0120043570   0.0057192290
15222  -0.0033464335   0.0089166911  -0.0022939575  -0.0021601111  -0.0062555459
15223   0.0047726311  -0.0042078771   0.0071439461  -0.0016019759  -0.0067095746
15224   0.0026425898  -0.0001497342   0.0024083579   0.0042598290   0.0050774766
15225  -0.0004540941   0.0024620738  -0.0040178270   0.0045041332   0.0022613742
15226   0.0073346260   0.0056232142   0.0003614642   0.0034495445   0.0066650677
15227   0.0027016390  -0.0190568795  -0.0209991766   0.0242265808  -0.0076996433
15228  -0.0227954083  -0.0694322299  -0.0092653271  -0.0128235953  -0.0453620836
15229  -0.0088650693   0.0244681927  -0.0589556558  -0.0069563782  -0.0726378943
15230   0.1059704147  -0.0501389329  -0.0015136558   0.0496860693  -0.0865405541
15231   0.0444472852   0.0118009927   0.0791568511  -0.1135963004   0.0538212350
15232   0.0160699745   0.0190972450   0.0146602470  -0.0551011729   0.1314818844
15233   0.0193733601   0.0224323266  -0.0463890969   0.0063749330  -0.0216194419
15234  -0.0771890269  -0.0020155242   0.0110217739  -0.0359979572   0.0437337106
15235   0.0012538698  -0.0051163205  -0.0203476411  -0.0087649425   0.0112703371
15236  -0.0015108493  -0.0146712207  -0.0307777803   0.0005402884   0.0010360591
15237  -0.0041290929   0.0001497026  -0.0336933744   0.0500656373   0.0069013735
15238  -0.0001890848  -0.1111305293  -0.0153499634   0.0232645953  -0.1058877809
15239   0.0841732887   0.0848215022  -0.0641541880  -0.1591433201  -0.1580172108
15240  -0.0048606189  -0.0041326319   0.0139629271   0.0204594007   0.0008632764
15241   0.0256929995  -0.0061519577  -0.0069455872  -0.0078586084   0.0239366952
15242   0.0988686555   0.0359649672   0.0311948176  -0.0394133480  -0.0133991703
15243  -0.0672920119  -0.2024607723  -0.0015410811   0.0125980438  -0.0224039129
15244   0.0056791918  -0.0002474422  -0.0001273324  -0.0002884497   0.0000450304
15245   0.0001092238   0.0000588138  -0.0000790543  -0.0000622088   0.0000507484
15246  -0.0000103999  -0.0000495958   0.0000039530   0.0009027083   0.0006106695
15247  -0.0000070573  -0.0001228063   0.0000518570  -0.0005876099
153 1  -0.1188654442  -0.0291674997   0.0196600271   0.0140190661  -0.0120225881
153 2  -0.0567722771  -0.0425742135   0.0053576843  -0.0887975818   0.0428720928
153 3   0.0154298726  -0.0336458169   0.0338041734   0.0201686374  -0.0114700028
153 4  -0.0199851693  -0.0206611627  -0.0076050931   0.0617753664  -0.0708398450
153 5   0.0059486315   0.0048525857   0.0272599504   0.1198309723   0.0160122495
153 6   0.0034684899   0.0838686691   0.0170451513  -0.0314881360  -0.0378846264
153 7   0.1662059793   0.0289546561  -0.1840657453   0.1681556352  -0.0241302366
153 8  -0.1082862013   0.0429525530  -0.2067571339   0.0112808548  -0.0017437903
153 9   0.0064304289   0.1228282959  -0.0544318217   0.0006741069   0.0805293229
15310  -0.0016898482   0.1508022211  -0.0141874286   0.0651899041   0.0139484048
15311  -0.0373393877   0.0761632520  -0.0164833825  -0.0268259641  -0.0857332737
15312   0.0812538101  -0.1555302444   0.1134632823  -0.0946531442   0.0886321734
15313   0.1262932913   0.0657178502   0.0498118311  -0.1032540017  -0.0028700438
15314  -0.0299386532   0.0651057592   0.0736687679  -0.0334941646   0.0223880196
15315   0.0581494838  -0.0647563161   0.0453324175  -0.0475597429  -0.0431981668
15316   0.0462006995   0.0478512089   0.0369371519  -0.0091240366  -0.0598649455
15317  -0.0015422189  -0.0013525362  -0.0133982177   0.0189128496  -0.0346398904
15318   0.0488433663   0.0219889768  -0.0193163964   0.0102854998   0.0180979135
15319   0.0475094646   0.0248925226   0.0241503911  -0.0370957935   0.0322824466
15320   0.0335291970  -0.0230219235   0.0092199331  -0.0146253167   0.0093061067
15321  -0.0193328430   0.0212595375   0.0034340708   0.0036832025   0.0087583582
15322   0.0021394556  -0.0150318373   0.0084161068   0.0153618036  -0.0014775369
15323  -0.0266331849   0.0163770765  -0.0276689306  -0.0150474975   0.0030822239
15324  -0.0110631259   0.0049261205   0.0253178682   0.0051318826   0.0217747632
15325   0.0194888501  -0.0231539040   0.0336147988  -0.0172478544  -0.0207174299
15326  -0.0269036316   0.0428367857  -0.0116362833  -0.0242396553   0.0094872083
15327   0.0698491859  -0.0823324954  -0.0885936982   0.0735244627  -0.0852826093
15328   0.0136133787   0.0386609996  -0.0038908646  -0.0544705456  -0.0297749650
15329   0.1014393653   0.0364408292   0.0002786122  -0.1517632905  -0.0313780471
15330  -0.0220359076  -0.1235829646   0.0367693521   0.0957325493   0.0767294652
15331  -0.0740133499  -0.0200129368  -0.0350586308   0.0112300826  -0.0302969801
15332   0.1308365753   0.0559338863  -0.0881792050  -0.0001107458  -0.0248912688
15333   0.2376030366   0.2386601964  -0.0135763307  -0.0545911250   0.0396626691
15334  -0.0542742081  -0.0919533267   0.0065849789  -0.0087758818  -0.0022911462
15335  -0.0017870655  -0.0316858604  -0.0003795305   0.0021728972   0.0010741079
15336  -0.0014644202  -0.0004997395  -0.0014197956   0.0003149023   0.0001214498
15337   0.0010009991   0.0001705120   0.0029711457  -0.0043860555  -0.0012605201
15338   0.0000464421   0.0102331918   0.0011782562  -0.0024631593   0.0101592015
15339  -0.0007208013  -0.0087523643   0.0062103812   0.0134673539   0.0167168150
15340  -0.0001450165   0.0002633131   0.0008284035  -0.0010837949  -0.0001225790
15341  -0.0012572147   0.0002868566  -0.0002886021   0.0018545808  -0.0024124539
15342  -0.0044657541  -0.0016284916  -0.0019535422   0.0024794136   0.0005351723
15343   0.0099490148   0.0200620467  -0.0009087448   0.0021952505  -0.0001506218
15344   0.0005027188   0.0000291615   0.0000285542   0.0000269477   0.0000296944
15345   0.0000036120  -0.0000188033   0.0000097747   0.0000257495  -0.0000062463
15346  -0.0000016275  -0.0000098620   0.0000023055  -0.0001044604   0.0000428446
15347  -0.0000243130  -0.0000040153   0.0000006253   0.0000828478
154 1   0.0825377389  -0.0581055095  -0.0615824973   0.0808532143  -0.0506568518
154 2   0.0726046301   0.0463275809   0.0625488770   0.0451336995   0.0902671786
154 3  -0.0573436164  -0.0742571502   0.1087853721   0.1155184652   0.1036601483
154 4  -0.0682918206  -0.0429682402   0.0233207124   0.0218944247  -0.0002616226
154 5  -0.0373913053  -0.0574272444   0.0185293063   0.0200772038  -0.0140491642
154 6   0.0278628749  -0.0075939250  -0.0151532716   0.0251071996   0.0036691209
154 7  -0.0147354394   0.0315628137  -0.0034492724  -0.0251390978   0.0031954901
154 8  -0.0067662118   0.0022583568   0.0036721336  -0.0031653027  -0.0090968937
154 9  -0.0134210690  -0.0101349457   0.0102482005  -0.0041476063   0.0023653241
15410  -0.0023305819  -0.0046123902   0.0013661123  -0.0063795714  -0.0043756029
15411  -0.0052030700  -0.0004406669  -0.0080380004  -0.0042814653   0.0085863789
15412  -0.0133048188   0.0057751530  -0.0028909789   0.0067319488   0.0011547114
15413  -0.0014107669   0.0033972056   0.0073017045   0.0081701407   0.0007077469
15414   0.0046236366  -0.0057453667  -0.0008670993  -0.0009769489   0.0197009829
15415   0.0032818039   0.0070091598  -0.0035639219   0.0217231716   0.0138229766
15416  -0.0155282213  -0.0178922057  -0.0112924518   0.0276246111   0.0172361999
15417   0.0013128761   0.0196739524  -0.0200233577  -0.0239253085   0.0335861775
15418  -0.0040382629  -0.0278791762  -0.0323469230   0.0177698627   0.0274616790
15419   0.0145749397  -0.0057596043  -0.0145467667   0.0100945218  -0.0152137117
15420   0.0021523244   0.0062801270   0.0122099643   0.0035643053   0.0047324776
15421   0.0088967971   0.0001610974  -0.0056705489   0.0081005991  -0.0045278489
15422   0.0038725362  -0.0041456115   0.0029801423  -0.0027362269   0.0041195497
15423  -0.0001521614  -0.0019649168   0.0002406803  -0.0000399612   0.0021380916
15424  -0.0035432341   0.0024247930   0.0025234443  -0.0039310839   0.0018100180
15425   0.0068952679  -0.0028007093   0.0057968163  -0.0050459319  -0.0063141537
15426  -0.0089711842   0.0046247152  -0.0038237424   0.0001875769  -0.0031415586
15427   0.0087163660   0.0002661360   0.0004439317  -0.0011002202  -0.0045634956
15428   0.0077841228   0.0129253492  -0.0002451751   0.0071460267   0.0856266478
15429   0.0265987491  -0.0108094622   0.0237417609  -0.0199969611   0.0976463031
15430   0.0819632625   0.0019319084   0.0029762197  -0.0591088401   0.0045908326
15431  -0.1130436816  -0.1095032752  -0.0592702948   0.0775856976  -0.0163662264
15432  -0.0267836314  -0.1136918348  -0.1315052874  -0.0642391283   0.0439667532
15433   0.0010532622  -0.0088596475  -0.0387332156  -0.0017987981   0.0043583446
15434   0.0282029766  -0.0012522565  -0.0021774879  -0.0326193334  -0.0892333364
15435  -0.0027618582  -0.0038268380   0.0323610231   0.0037999796   0.0452760695
15436  -0.0065869461  -0.0121329814  -0.0247938964  -0.0004116204   0.0001604992
15437   0.0039201806   0.0000388511   0.0103838581  -0.0222333067   0.0078423121
15438   0.0005460389  -0.0068249307   0.0118434155  -0.0052860901   0.0205899309
15439   0.0727335717  -0.0251828403  -0.0724640919  -0.0268209104  -0.0686622141
15440   0.0019059139   0.0072729774   0.0092033524   0.0049034701   0.0007789447
15441  -0.0035109250  -0.0113379720   0.0091680830  -0.0260528599   0.0339968068
15442   0.0004163505  -0.0376666258  -0.0083162862  -0.0551754707  -0.1145551121
15443  -0.0094945862  -0.0570943182   0.1624189731  -0.1791872206  -0.1616271763
15444  -0.2952046187  -0.0000525515   0.0001524769   0.0000509554  -0.0006366588
15445  -0.0000785370   0.0000056844   0.0001097150   0.0000609571   0.0000431585
15446   0.0000074104   0.0000665743  -0.0000057815  -0.0088165855   0.0023261378
15447  -0.0001996088  -0.0001010481  -0.0000308953   0.0050414967
155 1  -0.1016677662   0.1273498786   0.1075972089  -0.0919894291   0.0893230473
155 2  -0.0493479287  -0.0942636964  -0.0295810748   0.0402659634   0.1048635968
155 3  -0.0129095802  -0.1266063399   0.1089821981   0.0705243625   0.0577895784
155 4  -0.0302774061  -0.0405404547  -0.0479683494   0.0571446798   0.0457305854
155 5  -0.0160882250  -0.0283967267  -0.0098262629   0.0160985834   0.0585659406
155 6  -0.0115460330  -0.0333872175  -0.0006226408   0.0084304341  -0.0165680942
155 7  -0.0260400291  -0.0144195621   0.0257019034  -0.0069473776  -0.0201905608
155 8   0.0031562457  -0.0475744407   0.0075765390   0.0030708436   0.0078560594
155 9   0.0063671838   0.0069483185  -0.0025207731   0.0047193563  -0.0010500723
15510  -0.0098021407  -0.0107013957   0.0071951247   0.0096334996  -0.0088693248
15511  -0.0020463871   0.0090615543   0.0068987763   0.0022328640  -0.0071031644
15512   0.0016383407  -0.0005386613   0.0039973424  -0.0046085414  -0.0076771755
15513  -0.0120849178   0.0001361606   0.0009519239  -0.0091441939  -0.0076230237
15514  -0.0039294563   0.0072360548   0.0064074678   0.0010827919  -0.0046038371
15515  -0.0008554960  -0.0049671013   0.0006352443  -0.0028476075  -0.0034018144
15516   0.0070267941   0.0093065862   0.0056767972  -0.0184541031  -0.0138715130
15517  -0.0065700420  -0.0148016868   0.0219066685   0.0193642059  -0.0325821241
15518   0.0001914152   0.0360043733   0.0330085781  -0.0239964638  -0.0221681195
15519  -0.0197391713  -0.0050414320   0.0131737359  -0.0121120079   0.0226052687
15520  -0.0110088057  -0.0060290829  -0.0305820758  -0.0130964278  -0.0049848275
15521  -0.0090364169  -0.0089177893   0.0153038707  -0.0084658311   0.0030438418
15522  -0.0025253717   0.0072787240  -0.0050626554   0.0004987563  -0.0020343558
15523   0.0065032397  -0.0075135681   0.0105499030   0.0012043294  -0.0068142334
15524   0.0036255996  -0.0011603648  -0.0001679768   0.0004022094   0.0044830211
15525   0.0005142387   0.0014580563  -0.0018924949   0.0021652507  -0.0017668263
15526   0.0043333066   0.0071843298  -0.0008981752   0.0062923252   0.0047614870
15527   0.0064128034  -0.0173588979  -0.0230155248   0.0275909237  -0.0081942130
15528  -0.0262368984  -0.0896332737  -0.0028777273  -0.0153879157   0.0107412943
15529   0.0007905123  -0.0023666421  -0.0005392890  -0.0039236078  -0.0632837499
15530   0.0588397729  -0.0094362823  -0.0258103779   0.0275074813  -0.0624022660
15531   0.0928332389  -0.0189103479  -0.0664453925  -0.0464386959  -0.0438620431
15532   0.0054741035   0.0375095349   0.0442513364  -0.2415512616   0.4018520123
15533  -0.0041956381   0.0099564639   0.0757472504   0.0043330512   0.0009740246
15534   0.0064312356   0.0082163200  -0.0005570818  -0.0266518347   0.0004790712
15535   0.0026996833   0.0135273361   0.0632701813   0.0071828867  -0.1215748933
15536   0.0256862635   0.0394448573   0.0836096026  -0.0027101313  -0.0012551914
15537   0.0017950748  -0.0010437492   0.0413031770  -0.0532372146   0.0413033755
15538  -0.0029934008   0.0401463782  -0.0007291434  -0.0105815560   0.0389550943
15539  -0.0166852866   0.0109214327   0.0611662841  -0.0059396691   0.0803422503
15540   0.0043065271   0.0090853366  -0.0135342222  -0.0057465243   0.0002705707
15541   0.0168455474   0.0075650762  -0.0003830905  -0.0022059776   0.0026301777
15542  -0.0271131630  -0.0012672039   0.0159884591   0.0063554594  -0.0380325330
15543   0.1007288754   0.1322327062   0.0211850090   0.0171017364  -0.0458357385
15544  -0.0449710795   0.0001010137  -0.0000828973   0.0000625180   0.0001121451
15545   0.0000506555  -0.0000440098   0.0000312814  -0.0000240186   0.0002757231
15546   0.0000211472  -0.0001625307  -0.0000079585  -0.0817732826   0.0206482910
15547  -0.0024715057  -0.0006984471  -0.0001686024   0.0183509854
156 1  -0.1009827356  -0.0638084822   0.0256804829   0.0298888991  -0.0027607002
156 2  -0.0866478305  -0.0485617110  -0.0227237830  -0.0943838273   0.0530791647
156 3   0.0195399781  -0.0446784893   0.0411338448   0.0484469330   0.0023356744
156 4  -0.0692221662  -0.0355023799   0.0176620717   0.0845455184  -0.0238632664
156 5  -0.0192214326   0.0237459310   0.0008020399   0.1044290440  -0.0175862373
156 6  -0.0174200143   0.0919199389   0.0364511340  -0.0353587877  -0.0106602755
156 7   0.1911744186  -0.0184627639  -0.2078296872   0.2351973330   0.0105571377
156 8  -0.1322116723   0.0568773314  -0.1977555133   0.0877062022   0.0409911492
156 9   0.0568175364   0.2237519842  -0.1405365487   0.0906106382   0.0975150352
15610   0.0094094337   0.1171057899   0.0156024991   0.0686885973  -0.0155295054
15611  -0.0246306338   0.1125594522  -0.0383793777  -0.0625163138  -0.1707118905
15612   0.0924029462  -0.2211794635   0.1525917280  -0.1395943264   0.0943298142
15613   0.0990614080   0.0680136221   0.0754043884  -0.1340063546  -0.0748402440
15614  -0.0926114851   0.0894382794   0.1585554064  -0.0665816551  -0.0196336477
15615   0.1242048249  -0.1091311625   0.0590681237  -0.1382320350  -0.0829087510
15616   0.1311091188   0.1122870877   0.1201740179  -0.1062461445  -0.1185831806
15617  -0.0027665044  -0.0294992598  -0.0189683731   0.0835022639  -0.0811664872
15618   0.0647661006   0.0230177255   0.0232341410   0.0189598424  -0.0333616833
15619   0.0353089431   0.0579035515   0.0409091542  -0.0416138198   0.0363243057
15620   0.0512665266  -0.0122829930   0.0265688139  -0.0087850112   0.0106092157
15621  -0.0713145803   0.0659685476   0.0217779590  -0.0026001279   0.0028609899
15622   0.0050392489  -0.0174170714  -0.0091344519   0.0419588150  -0.0172617887
15623  -0.0232346067   0.0158480803  -0.0376011966  -0.0238933214   0.0412894410
15624  -0.0100582867   0.0042687453  -0.0350996809   0.0242965258  -0.0520220537
15625  -0.0610369912   0.0166394887  -0.0127488871   0.0161607428   0.0247581329
15626   0.0295644251   0.0035104299   0.0228796383  -0.0233226537   0.0274846844
15627   0.0064406786  -0.0181694499  -0.0199933490   0.0253585981  -0.0239007340
15628   0.0147862853  -0.0355040189   0.0814735075  -0.0101967706  -0.0061696177
15629   0.0776126529  -0.0529165610  -0.0302249298  -0.0958124410  -0.0228640750
15630   0.0036782313  -0.0043055687  -0.2255428800  -0.1436329261   0.0700510889
15631   0.0612922960  -0.0086103935   0.0185609571  -0.0148264813   0.0018495021
15632   0.0299501267   0.0555704776  -0.0563587617   0.0211091127  -0.0264667637
15633  -0.0918988667  -0.0497006313  -0.0026887751   0.0490404326  -0.0431729661
15634   0.0559949964   0.0668495142  -0.0009553028   0.0002287019  -0.0081505193
15635   0.0064584149   0.1281264913  -0.0022501260  -0.0048761677   0.0176011432
15636  -0.0029648453  -0.0032404836  -0.0071879731  -0.0012073480   0.0001608507
15637   0.0001539063   0.0000989437  -0.0028976261   0.0036754679  -0.0027318979
15638   0.0004062288  -0.0035734910  -0.0006430403   0.0010540572  -0.0029115053
15639   0.0013062699  -0.0015249558  -0.0049013957  -0.0005803222  -0.0061026538
15640  -0.0004587667  -0.0008457547   0.0013556286   0.0005538441  -0.0000101515
15641  -0.0018750328  -0.0006634609   0.0002676801  -0.0001726677  -0.0000573490
15642   0.0012546472  -0.0007724085  -0.0013301205  -0.0006925106   0.0030094526
15643  -0.0120195728  -0.0148584845   0.0010296858  -0.0047153041   0.0034160144
15644   0.0023439518   0.0001405063  -0.0000560259   0.0000970155  -0.0000314112
15645   0.0000512600  -0.0000399643  -0.0000288974  -0.0000270118  -0.0000304997
15646   0.0000010014   0.0000176178   0.0000102443   0.0066635119  -0.0016713518
15647   0.0001876950   0.0000579600   0.0000086657  -0.0013808160
157 1   0.0774305625  -0.0669260949  -0.0665244978   0.0854489527  -0.0479949945
157 2   0.0650572047   0.0522822749   0.0669665758   0.0447933146   0.0854596688
157 3  -0.0689052984  -0.0763830824   0.1014508136   0.0990185012   0.0857382211
157 4  -0.0589400034  -0.0346425406   0.0212908305   0.0143336099  -0.0007760945
157 5  -0.0327528645  -0.0492731161   0.0131087619   0.0214134244  -0.0155836090
157 6   0.0294478125  -0.0031994522  -0.0160644129   0.0221941180   0.0047913901
157 7  -0.0126413481   0.0334018006  -0.0058527256  -0.0240766322   0.0037880808
157 8  -0.0064534958   0.0081971053   0.0009407839  -0.0051605666  -0.0104937677
157 9  -0.0129960802  -0.0110720973   0.0129862625  -0.0072716047   0.0047028312
15710  -0.0016044268  -0.0002452451   0.0002799407  -0.0052659459  -0.0057444977
15711  -0.0077395355  -0.0000387539  -0.0059716221  -0.0030400209   0.0100062340
15712  -0.0119331662   0.0060539229  -0.0018611973   0.0081070562   0.0011612735
15713   0.0021087089   0.0014918305   0.0053815001   0.0055478383   0.0047929319
15714   0.0084295084  -0.0027394018  -0.0057447613   0.0017598356   0.0158044020
15715   0.0019659195   0.0073774321  -0.0029447776   0.0190857160   0.0109526836
15716  -0.0138802957  -0.0143376373  -0.0107350777   0.0220595937   0.0148778847
15717   0.0006275930   0.0132314004  -0.0112115138  -0.0196717084   0.0225463490
15718  -0.0033601567  -0.0162894121  -0.0220670191   0.0103676659   0.0207451708
15719   0.0084964845  -0.0071696552  -0.0115322822   0.0072455300  -0.0089340728
15720  -0.0009053080   0.0049155337   0.0047289827  -0.0012522044   0.0044594759
15721   0.0067247860   0.0002658202  -0.0043773248   0.0074202834  -0.0031040673
15722   0.0038587695  -0.0037734961   0.0033247301  -0.0015464397   0.0008324748
15723  -0.0037258317   0.0014902732  -0.0041117782  -0.0008067883   0.0052161436
15724  -0.0034682073   0.0019073455   0.0006088188  -0.0013395497  -0.0021508348
15725   0.0028963543  -0.0019436224   0.0044863217  -0.0036398151  -0.0038581658
15726  -0.0064002475   0.0029770390  -0.0012491340  -0.0015195679  -0.0018332831
15727   0.0066690111   0.0015062206   0.0041843619  -0.0053831806  -0.0039073895
15728   0.0138257783   0.0243584762   0.0003289559   0.0134457035   0.0843433059
15729   0.0331763322   0.0106517457  -0.0145867729  -0.0090932387   0.0532935398
15730   0.0787959155   0.0081599845   0.0075502654  -0.0516451819   0.0299694871
15731  -0.1096627714  -0.1521205326  -0.0045199669  -0.0187949062  -0.0446922584
15732  -0.0346702801  -0.0986554954  -0.1019058547  -0.1357586296   0.1812458077
15733   0.0005872398  -0.0088725609  -0.0233502193  -0.0038615196   0.0067817208
15734   0.0259648015  -0.0057866034  -0.0020906019  -0.1531604900  -0.2507607237
15735  -0.0040498841   0.0006143169  -0.0545588567   0.0027149180  -0.0264072239
15736   0.0114104035   0.0116499916   0.0272584362   0.0001465257   0.0001619748
15737  -0.0073291726   0.0002138014  -0.0359204393   0.0475160619  -0.0070653390
15738  -0.0053542484   0.0024168935   0.0068803650   0.0041355823  -0.0083032308
15739  -0.0560765291  -0.0158907822  -0.0255175388   0.0397268005  -0.0362739410
15740  -0.0070439822  -0.0139418631   0.0201842702  -0.0004476369  -0.0012806113
15741  -0.0266193838  -0.0013345244  -0.0045519612   0.0222746606  -0.0246788279
15742   0.0114814246   0.0028720066  -0.0285263783   0.0345801729   0.1185136240
15743  -0.0769089012  -0.0577325516  -0.0886700622   0.0349306641   0.1699540643
15744   0.2396333349  -0.0001568640  -0.0000185806  -0.0005617125  -0.0005197394
15745   0.0000726487   0.0001157592  -0.0003140958   0.0000268508   0.0010797167
15746   0.0000282262  -0.0008064266  -0.0000144235  -0.0091821885   0.0030822503
15747  -0.0004102266  -0.0001410474   0.0001382148  -0.0692951167
158 1  -0.0725361700   0.1470770877   0.1186982262  -0.1024835881   0.0840079566
158 2  -0.0327226383  -0.1067715988  -0.0403552474   0.0399545800   0.1149837096
158 3   0.0129171338  -0.1204276038   0.1245655800   0.1069013179   0.0962141225
158 4  -0.0483115178  -0.0570284324  -0.0437291604   0.0729890155   0.0504490554
158 5  -0.0280954671  -0.0424133236  -0.0002559020   0.0071953431   0.0638582339
158 6  -0.0180053546  -0.0442782997  -0.0007409111   0.0153511753  -0.0163810494
158 7  -0.0379802703  -0.0230095318   0.0412234893  -0.0146470500  -0.0178196703
158 8   0.0045505695  -0.0646970235   0.0254995829   0.0102717894   0.0120607942
158 9   0.0065350498   0.0065527954  -0.0096064411   0.0178393457  -0.0104860519
15810  -0.0119968596  -0.0298464938   0.0093003427   0.0019339918  -0.0053778828
15811   0.0072315057   0.0053012541   0.0006625068   0.0000350454  -0.0066783090
15812  -0.0045424754   0.0045914545  -0.0022945545  -0.0038716825  -0.0100933919
15813  -0.0262014675   0.0017841856   0.0066799690   0.0019695647  -0.0194924384
15814  -0.0116849602  -0.0064170023   0.0170469739  -0.0065964239   0.0072694986
15815   0.0018220995  -0.0041978741  -0.0051628238   0.0046508128   0.0082772841
15816   0.0026133770  -0.0008972886   0.0047495183   0.0001469127  -0.0042287114
15817   0.0005487281   0.0069769453  -0.0067806933   0.0057176775   0.0046782026
15818  -0.0022536973  -0.0033788820  -0.0012905307  -0.0008764575  -0.0032467873
15819  -0.0008670653   0.0031052044   0.0041275271  -0.0012310367   0.0012244549
15820   0.0013851493  -0.0006177617  -0.0033953474   0.0036940436  -0.0044590281
15821  -0.0090551188  -0.0066005969   0.0109497650  -0.0082606902   0.0000685936
15822  -0.0028609770   0.0075338991  -0.0088897584  -0.0007992236   0.0045425423
15823   0.0136959075  -0.0183610325   0.0230522721   0.0057127025  -0.0140671195
15824   0.0049685294  -0.0016010237   0.0012344513  -0.0071808506   0.0105720248
15825   0.0065133291  -0.0004616683   0.0004676158  -0.0005662787  -0.0075578832
15826  -0.0025219026   0.0078127204  -0.0043841600   0.0113588781  -0.0003309974
15827   0.0085436460  -0.0121427376  -0.0213701290   0.0266501330  -0.0055469264
15828  -0.0302769758  -0.0949924405  -0.0039697476  -0.0186447348   0.0501745900
15829  -0.0054858048  -0.0422594843   0.0792205249   0.0028215236   0.0197575960
15830  -0.0039418664  -0.0084410943  -0.0090903893   0.0224571517  -0.0996597159
15831   0.0725903714   0.0357323287  -0.1620570645   0.1458279720  -0.0415338946
15832   0.0108863747   0.0013322876  -0.0088115286  -0.0509608753   0.0364858242
15833   0.0043288383   0.0079904316   0.0267274683  -0.0060460632   0.0170530701
15834   0.0583702732   0.0008000831  -0.0077983631   0.1959945267   0.1859857480
15835   0.0008084008  -0.0056635135   0.1140918177   0.0083799969   0.0689877065
15836  -0.0222119942  -0.0241339902  -0.0530354182  -0.0011601071   0.0002878672
15837   0.0001836376   0.0007195738  -0.0150262424   0.0284770356   0.0238946081
15838  -0.0056358439   0.0307777988  -0.0362751219  -0.0118524743   0.0434817382
15839   0.0432092231  -0.0602823992  -0.0212792094   0.0629688121   0.0441941642
15840  -0.0106714261  -0.0140321936   0.0301944050   0.0069065878   0.0002504514
15841  -0.0258395268  -0.0069638771  -0.0057829853   0.0133085304  -0.0162436146
15842   0.0427008672  -0.0005452489  -0.0253031875  -0.0141497861   0.0602825514
15843  -0.1767354546  -0.2137932235  -0.0086711422  -0.0551988846   0.1168914468
15844   0.1408321522  -0.0002402797   0.0000796081  -0.0003236867   0.0010034932
15845   0.0001224688   0.0001022769  -0.0000976174   0.0000355696  -0.0007623928
15846  -0.0000299281   0.0005775975  -0.0000162585   0.0113529570  -0.0028250166
15847   0.0003884994   0.0001704052  -0.0000691434   0.0495990402
159 1  -0.0198523300  -0.0659081622   0.0239201970   0.0390196558   0.0069729501
159 2  -0.0860450219  -0.0379924525  -0.0419933169  -0.1136035308   0.0449430107
159 3   0.0216475253  -0.0431207586   0.0281317911   0.0477223212   0.0122219781
159 4  -0.0915048060  -0.0078366663   0.0237649406   0.0678321390   0.0171429586
159 5  -0.0267847810   0.0485230228  -0.0150694512   0.0814542848  -0.0237311541
159 6  -0.0298666191   0.0824179050   0.0289632892  -0.0469196192   0.0231350569
159 7   0.1640508636  -0.0297785538  -0.1706431435   0.2243152328   0.0194302221
159 8  -0.1257359442   0.0421012212  -0.1508294915   0.1355521791   0.0733797191
159 9   0.0933544999   0.2520471070  -0.1570285746   0.1742075940   0.0732580993
15910  -0.0183501216   0.0688106636   0.0085828975   0.0214014928  -0.0015250827
15911   0.0158803903   0.0543141727  -0.0222932255  -0.0522274995  -0.1144940829
15912   0.0698564636  -0.1594269834   0.0776332111  -0.0545693125   0.0455580638
15913   0.0781519388   0.0293834654   0.0340209243  -0.0694333370  -0.0310526614
15914  -0.0291503303   0.0360493838   0.1133417465  -0.0517170779  -0.0350481908
15915   0.0936173530  -0.0918679639  -0.0070671967  -0.1199929655  -0.0588671390
15916   0.1247328262   0.0992288796   0.1149163484  -0.1108846256  -0.0855287346
15917   0.0312526049  -0.0301334235  -0.0005147739   0.0825429480  -0.0693813891
15918   0.0680813057   0.0050140490   0.0288923781  -0.0027657149  -0.0498070072
15919   0.0162749886   0.0820246338   0.0289770893  -0.0192649602   0.0170167704
15920   0.0471078459   0.0105727806   0.0548171219   0.0246626561   0.0028755597
15921  -0.0950004377   0.0530837563   0.0392918959  -0.0333725457   0.0004944736
15922   0.0052305255  -0.0028860274  -0.0299756679   0.0346391245  -0.0210064912
15923   0.0236888298  -0.0428604219   0.0322021113  -0.0101580067   0.0152275560
15924   0.0004399970   0.0067781809  -0.0571571842   0.0146573402  -0.0628333917
15925  -0.0920712685   0.0479793295  -0.0548375492   0.0469680742   0.0453302223
15926   0.0505914415  -0.0449503311   0.0381107441   0.0128395038   0.0116971518
15927  -0.0727828854   0.0843295179   0.0911205994  -0.0706992927   0.0834794907
15928  -0.0005432218  -0.0612855806   0.0593174132   0.0530676395   0.0328881995
15929  -0.0686342040  -0.0748099084  -0.0265364708   0.1592888343   0.0372717964
15930   0.0125831603   0.0021663771   0.1668802050   0.1006982951  -0.0491385702
15931  -0.0543658583   0.0045732655  -0.0055242228   0.0129312280   0.0092171029
15932  -0.0396180152  -0.0516708183   0.0366814819  -0.0019578091  -0.0048664478
15933   0.1177874760   0.0988960601  -0.0128398622   0.0490324017  -0.0386096791
15934   0.0543882466   0.1142230003   0.0022882560  -0.0128030038  -0.0187411263
15935  -0.0043164559  -0.0957572397  -0.0027839460   0.0040702727  -0.0102278448
15936   0.0028851971   0.0018771599   0.0044839076  -0.0014140920  -0.0001899683
15937   0.0004892853  -0.0000181542   0.0001853598  -0.0009118733  -0.0000741496
15938  -0.0002116480  -0.0011646427   0.0015505043   0.0006827992  -0.0027165663
15939  -0.0042087768   0.0035093889   0.0018633340  -0.0026278652  -0.0018150804
15940   0.0005474334   0.0007122290  -0.0012028174  -0.0009707317   0.0000099954
15941   0.0009598486   0.0015898097   0.0002188387  -0.0005812202   0.0008380290
15942  -0.0012025361   0.0003892136   0.0008165144   0.0011374458  -0.0018352311
15943   0.0127156691   0.0150406533  -0.0024529931   0.0051806849  -0.0044691278
15944  -0.0043600259  -0.0001278096   0.0001034143  -0.0001004449  -0.0000381403
15945   0.0000731355   0.0000377424   0.0000889568   0.0000344593   0.0000984460
15946   0.0000030724  -0.0000934288  -0.0000071004  -0.0012778051   0.0003532670
15947  -0.0000361729  -0.0000242090   0.0000093080  -0.0055253507
160 1   0.0624525503  -0.0899678017  -0.0787088518   0.0969569657  -0.0413199310
160 2   0.0461719039   0.0671646880   0.0779356275   0.0439054873   0.0734514479
160 3  -0.0975278852  -0.0828170251   0.0845612090   0.0580207525   0.0421333275
160 4  -0.0383275161  -0.0126073608   0.0144536543  -0.0043010670  -0.0013195737
160 5  -0.0218389401  -0.0306516418  -0.0000833390   0.0277900213  -0.0177993845
160 6   0.0332038809   0.0089562706  -0.0175487065   0.0132495637   0.0083386278
160 7  -0.0049184117   0.0360230170  -0.0156338621  -0.0165552791   0.0062043420
160 8  -0.0052195555   0.0240723852  -0.0086322022  -0.0080172996  -0.0120457251
160 9  -0.0098533577  -0.0103245691   0.0165247129  -0.0144095022   0.0106331873
16010   0.0010546268   0.0122861759  -0.0002814140  -0.0004503475  -0.0101347694
16011  -0.0153536191   0.0016119848  -0.0004259437  -0.0001963988   0.0115861838
16012  -0.0063296529   0.0050020343   0.0028024174   0.0104219831   0.0024407359
16013   0.0142067319  -0.0016043331  -0.0006330554  -0.0021562542   0.0152396493
16014   0.0183570007   0.0047825665  -0.0163879008   0.0087716056   0.0044005158
16015  -0.0027858769   0.0085263016   0.0003133414   0.0098528779   0.0020409731
16016  -0.0060300434  -0.0016651031  -0.0074140925   0.0037284612   0.0083271098
16017  -0.0049454757  -0.0096091837   0.0170843136  -0.0025213236  -0.0109004813
16018  -0.0051012912   0.0183327801   0.0103043047  -0.0126530278  -0.0004599994
16019  -0.0128857530  -0.0118577278  -0.0059684429   0.0028963856   0.0060248045
16020  -0.0133163190   0.0056669403  -0.0174640774  -0.0089231286   0.0000691971
16021   0.0011013697  -0.0043722482   0.0051000660   0.0015367579   0.0001378510
16022   0.0002178463   0.0026060711  -0.0017744537   0.0016842997  -0.0045341346
16023  -0.0062979080   0.0044925060  -0.0061117322   0.0015606146   0.0054732329
16024   0.0025534718  -0.0034469521  -0.0055175342   0.0032075962  -0.0087579203
16025  -0.0052349408   0.0018785303  -0.0009731108   0.0007235637   0.0013982202
16026   0.0007020647   0.0002253601   0.0055625303  -0.0011921950   0.0013028938
16027   0.0017694156   0.0043055012   0.0080382287  -0.0075164940   0.0002260832
16028   0.0132294097   0.0145828519  -0.0046983192   0.0170785379   0.1028128074
16029   0.0433303165   0.0355915068  -0.0465446541   0.0147412249  -0.0474343242
16030  -0.0006136010  -0.0002547271  -0.0065161783   0.0066776794  -0.0210686787
16031   0.0124399604  -0.1048207159   0.0038432060  -0.0653428960  -0.1109143310
16032  -0.0234472771   0.0333066681   0.0651829723  -0.0027535766   0.0194193050
16033   0.0141397805   0.0139331818   0.0794160549  -0.0079544655   0.0225600466
16034   0.0730077129   0.0057290148  -0.0120321753   0.0939952955   0.0714409651
16035   0.0014887690   0.0011094345  -0.0816647880  -0.0075691077   0.0078860769
16036  -0.0015065282  -0.0033605727  -0.0055386271   0.0061105691  -0.0001345679
16037   0.0058363395   0.0003097990  -0.0019209109  -0.0018931010  -0.1389450673
16038   0.0262582358  -0.0015143102  -0.0736939856  -0.0029914567  -0.0019154953
16039   0.0090694845  -0.0499014785   0.0007969625   0.1335047723   0.0520582660
16040   0.0075310264  -0.0009686816  -0.0482217006   0.0036998788   0.0011481793
16041   0.0009644634  -0.0048490580   0.0105543844  -0.0219800957  -0.0019984452
16042   0.0109485250   0.0480463681   0.0230865626  -0.0323732885  -0.0593257685
16043  -0.1127693970  -0.1412000962  -0.1216143422   0.1958364715  -0.1607193541
16044  -0.1836133147   0.0003053630  -0.0000929591   0.0021029198  -0.0024736533
16045  -0.0003995466  -0.0002059833   0.0004614856  -0.0000813958  -0.0002995192
16046  -0.0000081380   0.0006691773   0.0000028715  -0.0007456770  -0.0026766041
16047   0.0001989110   0.0000142489  -0.0000334260  -0.0007474872
161 1  -0.0755789667   0.1504793068   0.1198055866  -0.1031095505   0.0833271392
161 2  -0.0287786562  -0.1074264201  -0.0411694821   0.0391557209   0.1152191957
161 3   0.0160480974  -0.1193322796   0.1242124367   0.1094857402   0.1007968380
161 4  -0.0507072969  -0.0583312291  -0.0423315517   0.0722545077   0.0493095469
161 5  -0.0277278025  -0.0459245480   0.0026982206   0.0086712563   0.0639371541
161 6  -0.0165199601  -0.0473251235  -0.0015993711   0.0162699497  -0.0166671778
161 7  -0.0388110856  -0.0196747667   0.0421931882  -0.0185294525  -0.0214640354
161 8   0.0052960254  -0.0686520983   0.0243969070   0.0087214327   0.0116563513
161 9   0.0057734163   0.0037381119  -0.0046047937   0.0162115607  -0.0120897940
16110  -0.0157793198  -0.0298779408   0.0073728669  -0.0000739778  -0.0028293480
16111   0.0096664916  -0.0001420695   0.0039571453   0.0024703433   0.0011665231
16112  -0.0077264314   0.0114997452  -0.0098474717   0.0028454201  -0.0149020429
16113  -0.0287813322   0.0012575545   0.0027406421   0.0076598639  -0.0146256913
16114  -0.0073875230  -0.0094202017   0.0116659892  -0.0039221061   0.0094235219
16115  -0.0021278268  -0.0007079778  -0.0092020927   0.0124069157   0.0126204819
16116  -0.0048902493  -0.0082460236  -0.0012227034   0.0065669660  -0.0002368191
16117   0.0032099410   0.0128582684  -0.0104085126  -0.0010122545   0.0121161142
16118  -0.0022019027  -0.0097531417  -0.0081041332   0.0028025880   0.0025940209
16119   0.0042735747   0.0031457033   0.0035649244  -0.0017731337  -0.0013851388
16120   0.0034499539  -0.0024736688   0.0007989961   0.0052439331  -0.0031562802
16121  -0.0033339323  -0.0078476573   0.0078005830  -0.0064087013  -0.0010171795
16122  -0.0021061655   0.0046417848  -0.0070026764  -0.0041501590   0.0086934165
16123   0.0175957978  -0.0226356056   0.0283604958   0.0056869602  -0.0177719849
16124   0.0032862486   0.0003622065   0.0057508725  -0.0104293788   0.0176561281
16125   0.0137093713  -0.0041401606   0.0047815828  -0.0038163349  -0.0126627356
16126  -0.0072362848   0.0115927967  -0.0085326280   0.0116429272  -0.0037383629
16127   0.0124054760  -0.0137552164  -0.0241858568   0.0284648396  -0.0072141674
16128  -0.0316039967  -0.0867676391  -0.0078272082  -0.0203194418   0.0503667427
16129  -0.0029477830  -0.0366418515   0.0895894535  -0.0101174459   0.0319128086
16130  -0.0244728648  -0.0057381523  -0.0139029242   0.0118958072  -0.0770831899
16131   0.0499911773   0.0290505507  -0.1083996591   0.1136904033  -0.0316767821
16132   0.0186056445   0.0105542763  -0.0161580576   0.0213247108  -0.0618461816
16133  -0.0096479357  -0.0088832977  -0.0203348100   0.0005216925  -0.0000400217
16134   0.0100740807  -0.0050204159  -0.0025638335   0.0482054753   0.0212686373
16135   0.0003589378   0.0024234798  -0.0759224842  -0.0090300301  -0.0068133029
16136   0.0083697913   0.0061953280   0.0158290426   0.0033750344   0.0003159454
16137  -0.0023301424  -0.0005293666  -0.0271895287   0.0453879472  -0.0796314206
16138   0.0153376427  -0.0099695050   0.1227443087   0.0059614599  -0.0084196502
16139   0.0066172467  -0.0094409145  -0.1359858470  -0.0117153330  -0.2401721470
16140   0.0092665822   0.0074314216  -0.0066179722  -0.0081939541  -0.0013396193
16141  -0.0093189654  -0.0064422920   0.0113968456  -0.0096995060   0.0158934327
16142  -0.0384324524  -0.0227579229  -0.0240082582   0.0349658644   0.0141834792
16143   0.1764359702   0.2374374370  -0.0887521608   0.1255152681  -0.0406145891
16144  -0.0249378435   0.0002236075  -0.0000272735   0.0006201929  -0.0014866255
16145  -0.0002299809  -0.0001016011   0.0001383047  -0.0000302073   0.0006066595
16146   0.0000265449   0.0003213003   0.0000196667   0.0005637634   0.0013502985
16147  -0.0001036960  -0.0000361131   0.0000076741  -0.0029157830
162 1   0.0033222390  -0.0406352712   0.0163441766   0.0381396918   0.0082765410
162 2  -0.0546785011  -0.0200916073  -0.0345603549  -0.1292284941   0.0254112998
162 3   0.0173377870  -0.0306292920  -0.0027333378   0.0131547969   0.0074735215
162 4  -0.0691964158   0.0311388432   0.0127810841   0.0267666010   0.0016662872
162 5  -0.0105641904   0.0501392117   0.0005125915   0.0889126192  -0.0040978435
162 6  -0.0158012786   0.0578457327   0.0069676617  -0.0463936022   0.0305546903
162 7   0.1270271856   0.0144350176  -0.1272136534   0.1471505154  -0.0263775507
162 8  -0.1008184863  -0.0049213770  -0.1409726770   0.1012158955   0.0588812425
162 9   0.0804378993   0.1884180462  -0.0731643369   0.1562863207   0.0419229973
16210  -0.0713706534   0.0669779456  -0.0288247134  -0.0197350365   0.0387074199
16211   0.0422683788  -0.0360189349   0.0285599269   0.0000333237   0.0312978795
16212   0.0215949564  -0.0300201636  -0.0401889966   0.0691411254  -0.0206033627
16213   0.0648485393  -0.0003016939  -0.0328581537   0.0145904386   0.0764303593
16214   0.0863403182  -0.0208112158  -0.0192888138   0.0025566093  -0.0060313489
16215   0.0011306526  -0.0320259911  -0.0777532238  -0.0110976195   0.0026229726
16216   0.0182504172   0.0081913581   0.0203621375  -0.0240378532  -0.0196206106
16217   0.0743531318   0.0114669012   0.0150200499   0.0133123737  -0.0261992435
16218   0.0685059755  -0.0093421123  -0.0052217146  -0.0251108037  -0.0198767489
16219   0.0358998129   0.0836854405   0.0349340169  -0.0324856289   0.0216365091
16220   0.0475882366  -0.0137546698   0.0595290037   0.0337583587  -0.0018337924
16221  -0.0537649387   0.0045990181   0.0268911560  -0.0497725049  -0.0008383424
16222   0.0044281541  -0.0023830079  -0.0274277170  -0.0071547707   0.0092015924
16223   0.0735589232  -0.1140137798   0.1257835334   0.0124331344  -0.0595388964
16224   0.0004989383   0.0162045983   0.0018659211  -0.0278836049   0.0343534210
16225  -0.0041006761   0.0070206969  -0.0091529742   0.0163911698  -0.0158999767
16226  -0.0045689460  -0.0057964932  -0.0059549821   0.0313534204  -0.0281558386
16227  -0.0269129957   0.0559972184   0.0529825686  -0.0457082354   0.0581599703
16228  -0.0140358634   0.0046122717  -0.0254056355   0.0260103898  -0.0025261470
16229  -0.0567729205   0.0290486141   0.0102726391   0.0569191174   0.0151870012
16230   0.0046108911   0.0617688635   0.1300891840   0.0485333376  -0.0399499435
16231  -0.0446979565  -0.0103417322   0.0092571949  -0.0264409874  -0.0325921090
16232   0.2382099934   0.1312233453  -0.1592644199  -0.0097818941   0.0276105054
16233  -0.1809975087  -0.1546997472   0.0248668412   0.0163948603  -0.0141025116
16234  -0.0071836769  -0.1427873241  -0.0082509044   0.0049988864  -0.0000694039
16235   0.0010606530   0.0081718789  -0.0082337668  -0.0003223377  -0.0016601976
16236  -0.0010602142   0.0007149054   0.0014383181  -0.0020138926  -0.0001477125
16237  -0.0075801485  -0.0002416639   0.0027180594  -0.0049526277  -0.0056006333
16238   0.0012210259  -0.0004496582  -0.0121824314  -0.0001744531   0.0002126834
16239  -0.0000513651  -0.0025620646   0.0047307723   0.0093348325   0.0132419250
16240   0.0003473655  -0.0003835280  -0.0036618640   0.0008866334   0.0001429623
16241   0.0002263992  -0.0000937352   0.0004246075  -0.0013940020  -0.0005624222
16242   0.0011833435   0.0030387849   0.0021659174  -0.0032803015  -0.0035556743
16243  -0.0152825024  -0.0191300673  -0.0028506476   0.0060483716  -0.0096365823
16244  -0.0135277626  -0.0001226369   0.0001500974   0.0002442806  -0.0002528758
16245  -0.0001554075   0.0000297575   0.0001273655   0.0000523747  -0.0000791835
16246   0.0000000010   0.0000798270  -0.0000098924  -0.0000650550  -0.0001055198
16247   0.0000111257   0.0000027689   0.0000004084   0.0001546131
163 1   0.0570466055  -0.0961735307  -0.0832515877   0.0984159488  -0.0393165049
163 2   0.0393885747   0.0729861156   0.0841831514   0.0445670078   0.0685622658
163 3  -0.1094124048  -0.0862860152   0.0805222902   0.0422591313   0.0241487664
163 4  -0.0277009102  -0.0034624044   0.0084825241  -0.0128586970  -0.0035856371
163 5  -0.0165592807  -0.0245350383  -0.0031969615   0.0325701469  -0.0157141765
163 6   0.0327922442   0.0168413025  -0.0194203859   0.0088508238   0.0061477142
163 7  -0.0027359490   0.0399154242  -0.0210103370  -0.0136554535   0.0062522721
163 8  -0.0032563239   0.0321898236  -0.0150742300  -0.0167828395  -0.0180180275
163 9  -0.0120934490  -0.0170839670   0.0215013425  -0.0257022660   0.0131960095
16310   0.0050429426   0.0230388298  -0.0001241243   0.0060386883  -0.0134551790
16311  -0.0243876761   0.0059851844   0.0008172322   0.0039076936   0.0121094800
16312   0.0005118627   0.0033594755   0.0133579692   0.0082894468   0.0084446999
16313   0.0284913575  -0.0008560436  -0.0029043981  -0.0134569023   0.0232599691
16314   0.0278708425   0.0082451244  -0.0258081653   0.0131574261  -0.0012089891
16315  -0.0117163270   0.0093724872   0.0070663638   0.0007957779  -0.0055119601
16316   0.0028957217   0.0125477426  -0.0044837750  -0.0082465876   0.0038631479
16317  -0.0107415610  -0.0314719519   0.0422712550   0.0168150984  -0.0383471532
16318  -0.0106183910   0.0480830631   0.0357927901  -0.0340958392  -0.0195270583
16319  -0.0320217502  -0.0135588043  -0.0035574250   0.0039829134   0.0147041127
16320  -0.0255207048   0.0111883980  -0.0348155111  -0.0081856996  -0.0084900401
16321  -0.0089296265  -0.0156855513   0.0198874800  -0.0098574876   0.0014154135
16322  -0.0078984178   0.0159730439  -0.0162600260   0.0040792655  -0.0031300911
16323   0.0016999169  -0.0057062675   0.0106966297   0.0127060951  -0.0081003397
16324   0.0144855426  -0.0129015341  -0.0094904589  -0.0001071022  -0.0051017008
16325  -0.0033564022   0.0018088558  -0.0022910248   0.0013764563  -0.0006243836
16326   0.0022802721   0.0023536854   0.0083369747   0.0042142581   0.0018505052
16327   0.0051240892   0.0000733182  -0.0002935182   0.0026203962  -0.0001826851
16328  -0.0011065415  -0.0258898791  -0.0123290836   0.0086769654   0.1221384008
16329   0.0519821794   0.0220287066  -0.0409105889   0.0384552040  -0.0837504974
16330  -0.0026299899   0.0094351590   0.0034689762   0.0026807862  -0.0517417162
16331   0.0282014411  -0.0467320336  -0.0789274782   0.0230914570  -0.1307416053
16332   0.0040613319   0.0640149664   0.0646964378   0.0481343930  -0.0611852770
16333  -0.0026950289  -0.0032441553  -0.0254852226   0.0000313413  -0.0014299100
16334  -0.0018147786  -0.0017679957  -0.0014786317   0.0424665968   0.0454038516
16335   0.0009524780   0.0010414926  -0.1394864044  -0.0149522438   0.0220170453
16336   0.0249418777  -0.0186098316  -0.0339336047   0.0012429575   0.0000018582
16337  -0.0106335807   0.0001540320  -0.0007411223   0.0039213154  -0.0537175312
16338   0.0104359449   0.0355371657  -0.1246770030  -0.0171198986   0.0539404068
16339  -0.0267534804   0.0839471456   0.0441285251  -0.1528991670   0.0136129192
16340  -0.0127486204  -0.0122275569   0.0278764448   0.0095472499  -0.0014699656
16341   0.0133868545   0.0026536992  -0.0107631229   0.0164088117   0.0094765610
16342   0.0055681292  -0.0225250196   0.0160439389   0.0594282814   0.0921514351
16343   0.0472851001   0.0784381366   0.1135571939  -0.1390608190   0.0515722195
16344   0.0333211758  -0.0002287833  -0.0000282638  -0.0011845034   0.0032489642
16345   0.0004465841   0.0002154824  -0.0005833537   0.0000496424  -0.0005696743
16346  -0.0000239121  -0.0001224773  -0.0000164589  -0.0001453691   0.0000778399
16347  -0.0000203554   0.0000162338   0.0000301808  -0.0003895985
164 1  -0.0489936377   0.1674132806   0.1313719031  -0.1112406714   0.0781041923
164 2  -0.0145676856  -0.1208275445  -0.0524199132   0.0397390826   0.1264068988
164 3   0.0406581240  -0.1125976377   0.1394799596   0.1463954712   0.1392575150
164 4  -0.0694874328  -0.0766034627  -0.0350763788   0.0922783361   0.0536431811
164 5  -0.0404154775  -0.0600862222   0.0102029090  -0.0012642333   0.0662202205
164 6  -0.0213516702  -0.0615623250   0.0013438058   0.0257015150  -0.0154874967
164 7  -0.0490814615  -0.0338128115   0.0578617200  -0.0249542546  -0.0140275254
164 8   0.0038847021  -0.0844897919   0.0458987737   0.0193516808   0.0181088062
164 9   0.0053916427   0.0084193570  -0.0173894389   0.0319494399  -0.0195764995
16410  -0.0150031089  -0.0535523040   0.0104395932  -0.0068618149  -0.0007928635
16411   0.0206324384   0.0026388997  -0.0079134657  -0.0064525019  -0.0104101083
16412  -0.0162595367   0.0069540152  -0.0123577941  -0.0080546016  -0.0147741065
16413  -0.0516462225   0.0063389181   0.0173159312   0.0165126452  -0.0425440342
16414  -0.0332229380  -0.0176636167   0.0400364867  -0.0195224808   0.0245925742
16415   0.0170927586  -0.0050796288  -0.0104057841   0.0186531567   0.0249663601
16416  -0.0094982671  -0.0223170242   0.0025152795   0.0300504993   0.0049446096
16417   0.0123070381   0.0520467927  -0.0640814489  -0.0272200104   0.0690213491
16418   0.0030973452  -0.0733897225  -0.0647028907   0.0485441016   0.0363693661
16419   0.0432318188   0.0143714467  -0.0041691637   0.0049886432  -0.0268620637
16420   0.0316234123  -0.0066712940   0.0435708782   0.0172173631   0.0051105167
16421   0.0018814511   0.0145982837  -0.0137319445   0.0090040430  -0.0014845020
16422   0.0033746730  -0.0068056249   0.0052000400   0.0002623406   0.0062881789
16423  -0.0007861399  -0.0051482186   0.0020577568  -0.0015182296   0.0002532315
16424  -0.0049587494   0.0045090695   0.0044921862  -0.0067230253   0.0063609733
16425   0.0070330105  -0.0051062608   0.0062366533  -0.0048460555  -0.0092736933
16426  -0.0102068414   0.0055803826  -0.0082025964   0.0031885530  -0.0058464215
16427   0.0073622988  -0.0024586712  -0.0055162760   0.0058997132  -0.0060475793
16428   0.0002107845  -0.0034156831   0.0055892555  -0.0018837820   0.0487898105
16429   0.0066565950  -0.0203086966   0.0589828958  -0.0050855494   0.0522463985
16430  -0.0906749804   0.0145916395   0.0070719589   0.0129222326   0.0431735283
16431  -0.0081073789  -0.0694840214   0.0681553709  -0.0781370851  -0.0581780091
16432  -0.0059000527   0.0361805062   0.0468434280   0.0276695812  -0.0321404285
16433   0.0019198144   0.0006050035  -0.0073832099  -0.0002451031  -0.0001763742
16434   0.0014344005   0.0010437404  -0.0008426206   0.0218737914   0.0212738833
16435  -0.0001619599  -0.0004477657  -0.0768076514  -0.0087564780   0.0154361311
16436  -0.0788610326   0.0173642723   0.0192947243  -0.0001851425   0.0003859185
16437  -0.0063538836  -0.0002211937  -0.0158415596   0.0268512780  -0.0305226490
16438   0.0050644565  -0.0180532528   0.2414628556   0.0235600568  -0.0580823832
16439  -0.0235931372   0.0315391609   0.1090132048  -0.0244421756   0.1458039533
16440   0.0067494185   0.0276910169   0.0149756683  -0.0100198551   0.0011139661
16441   0.0091176361   0.0090898334  -0.0102710270   0.0168681217  -0.0290980734
16442  -0.0096183639   0.0253327741   0.0307045101  -0.0109669181  -0.0195989847
16443  -0.0293982095  -0.0480093102   0.0729904123  -0.0819312607   0.0127823619
16444  -0.0004403040  -0.0003476842  -0.0000016459  -0.0027935247   0.0001652599
16445   0.0002785413   0.0001230582  -0.0002027232   0.0000247445   0.0012978384
16446   0.0000304551  -0.0000146642  -0.0000110818  -0.0001758741  -0.0006398896
16447   0.0000372871   0.0000123710   0.0000110732   0.0004694469
165 1   0.0194347845  -0.0493319044   0.0185167994   0.0578086851   0.0178359562
165 2  -0.0535569501  -0.0094325161  -0.0533154709  -0.1483250553   0.0171086409
165 3   0.0190503551  -0.0203530048  -0.0468811265  -0.0131115484   0.0118339746
165 4  -0.0851413861   0.0689418767   0.0382100490   0.0176800024   0.0206777218
165 5  -0.0107978759   0.0785741266  -0.0217931049   0.0526624627  -0.0340923073
165 6   0.0071608879   0.0303637178   0.0091366322  -0.0403610325   0.0756469356
165 7   0.1146218206   0.0165397815  -0.0893867876   0.1102443418  -0.0518383978
165 8  -0.0960518179  -0.0369377497  -0.1171117636   0.1472715503   0.0898525201
165 9   0.1204439371   0.2236576306  -0.0690585146   0.2293533361   0.0251336628
16510  -0.1175237198   0.0163556487  -0.0543588167  -0.0800319290   0.0708418417
16511   0.0970258266  -0.1181580168   0.0650446121  -0.0067476271   0.1066272150
16512  -0.0267652994   0.0407579345  -0.1727742169   0.1698125168  -0.0894929137
16513   0.0146941851  -0.0489233087  -0.0786412298   0.1253857977   0.1398002918
16514   0.1336449114  -0.0339616056  -0.0829104711   0.0316853367   0.0063543246
16515  -0.0119961665  -0.0093957538  -0.1610881700   0.0767509235   0.0336519126
16516  -0.0719055147  -0.0927928108  -0.0456654747   0.0139592848   0.0306145228
16517   0.0943771318   0.0496806022   0.0220944258  -0.0771656209  -0.0108081301
16518   0.0837920421   0.0024292709   0.0053327783  -0.0463574803   0.0145113787
16519   0.0240403445   0.0320520171   0.0336550580  -0.0657822448   0.0632730911
16520   0.0127250887  -0.0434641740   0.0013226657  -0.0386922812   0.0404030244
16521   0.0212168698   0.0011264948  -0.0044909245  -0.0130677553  -0.0074185269
16522   0.0561554887  -0.0584607031   0.0588997751  -0.0489266092  -0.0137171260
16523   0.0541054620  -0.0692274843   0.0547757402  -0.0533103907  -0.0022093888
16524  -0.0625736705   0.0717351538   0.0398887831   0.0009475040   0.0353071167
16525  -0.0007814396   0.0212343394  -0.0082617592   0.0160446748  -0.0050777401
16526  -0.0067092486   0.0018827821  -0.0193626656   0.0174877556  -0.0162860206
16527  -0.0209039319   0.0373331908   0.0375750760  -0.0278012567   0.0393512825
16528  -0.0031797008  -0.0069636767  -0.0187182946   0.0463629641   0.0255878583
16529  -0.1416260909   0.1696635364   0.0853704555  -0.1610610619  -0.0094378759
16530   0.0082017378  -0.0829719025  -0.0979645061  -0.0214438222   0.0311459912
16531   0.0255116701  -0.0104352837  -0.0174044972   0.0100224299   0.0033120556
16532  -0.0721834412  -0.0303935074   0.0410677957  -0.0025785392   0.0010570258
16533   0.0290416751   0.0265552650   0.0070917531  -0.0059253396   0.0074999484
16534   0.0119277287   0.0355604367   0.0009131875   0.0123937136   0.0091492078
16535  -0.0003680205  -0.0048887654  -0.0145933906  -0.0018792258   0.0015482270
16536   0.0002427554   0.0001552648   0.0008743336   0.0298815120   0.0017174145
16537   0.0939030093   0.0021008972  -0.0051688151   0.0094087938  -0.0038132411
16538   0.0006420216   0.0046814077  -0.0077006148  -0.0016832756   0.0051178798
16539  -0.0032920757   0.0084926259   0.0054516505  -0.0138246364   0.0019175822
16540  -0.0003287445   0.0004905857  -0.0019608128   0.0085952231  -0.0005260613
16541   0.0103777481  -0.0157234406  -0.0046091990   0.0094167836  -0.0033790257
16542  -0.0005109437  -0.0028783178   0.0000679184   0.0039341364   0.0074842031
16543   0.0045858974   0.0058731360   0.0102681484  -0.0141026322   0.0073990252
16544   0.0086164039   0.0000613566  -0.0001187886  -0.0003647571   0.0003343341
16545  -0.0006947082  -0.0002091060   0.0010918880  -0.0000238477  -0.0000429923
16546  -0.0000035234   0.0000028803   0.0000073774   0.0000130971   0.0000028650
16547  -0.0000011737  -0.0000041529  -0.0000070377  -0.0000292508
166 1   0.0639115665  -0.0879731445  -0.0804772510   0.0942808900  -0.0438321506
166 2   0.0511292373   0.0641757066   0.0795058815   0.0460290127   0.0754929016
166 3  -0.0935894064  -0.0825686178   0.0903410299   0.0658187915   0.0472209827
166 4  -0.0372923973  -0.0252716843   0.0126691121  -0.0024352526  -0.0059684414
166 5  -0.0244674986  -0.0387380250   0.0052551611   0.0356843295  -0.0118773319
166 6   0.0316004731   0.0035203762  -0.0164990945   0.0166200310   0.0037362787
166 7  -0.0039391477   0.0365359881  -0.0206300855  -0.0183982717  -0.0004151304
166 8  -0.0047689139   0.0163329199  -0.0164477925  -0.0151924025  -0.0147484716
166 9  -0.0176641182  -0.0134969720   0.0196619908  -0.0197876384   0.0135059551
16610  -0.0013268454   0.0206279091   0.0011933262   0.0072254758  -0.0103491541
16611  -0.0201809403   0.0138794743  -0.0037426655   0.0058290640   0.0053451175
16612  -0.0057543266   0.0023992414   0.0163076225  -0.0000673432   0.0083833108
16613   0.0133718184   0.0060966538   0.0089981573  -0.0187581047   0.0044265673
16614   0.0109429565   0.0122667022  -0.0069445727   0.0016173520   0.0079638857
16615   0.0010355163   0.0009801370   0.0101267423   0.0023084809   0.0038598544
16616  -0.0023036295   0.0027443014  -0.0005470394   0.0078716912  -0.0096880762
16617   0.0075306995   0.0085569798  -0.0013512790  -0.0022471870  -0.0031638055
16618   0.0156305962  -0.0012275186  -0.0103143249   0.0000663180  -0.0002418718
16619   0.0191520153   0.0177644479   0.0163245290  -0.0188414852   0.0166046446
16620   0.0232093851  -0.0186144532   0.0078603251  -0.0000867949  -0.0039241514
16621  -0.0197390502   0.0111870239  -0.0011855192  -0.0079491312   0.0127466290
16622  -0.0007535536   0.0037334683  -0.0019933636   0.0155254302  -0.0147409682
16623  -0.0084855119  -0.0065253389   0.0031562781   0.0022415574   0.0005583337
16624   0.0038240598  -0.0019593207  -0.0095680675   0.0033771967  -0.0123084127
16625  -0.0176584219   0.0053192446  -0.0084493483   0.0103082404   0.0051464409
16626   0.0078867136  -0.0084823580   0.0127361746   0.0001350242  -0.0055711452
16627  -0.0118034086   0.0242081418   0.0325095543  -0.0324959860   0.0178822897
16628   0.0287133070   0.0508920224  -0.0155154833   0.0366310899   0.1296963636
16629   0.0486686203   0.0983009861  -0.1138990769   0.0448034276  -0.2103917923
16630  -0.0002803886   0.0036865711  -0.0027090505  -0.0219884072  -0.0151863438
16631   0.0195005019   0.0862056446  -0.1189250880   0.1055653252  -0.0483463118
16632   0.0053619034   0.0392873967   0.0334425854   0.0462736502  -0.0625033215
16633  -0.0081752796  -0.0116741138  -0.1429128701   0.0110215271  -0.0310619399
16634  -0.0993745037   0.0080457469   0.0141271523  -0.0978871145  -0.0613346122
16635  -0.0008977350  -0.0019483668   0.0725634683   0.0080810941  -0.0070761052
16636  -0.1145002012   0.0370772664   0.0529868944  -0.0104976447  -0.0006450437
16637   0.0134184789   0.0000496358   0.0036989416  -0.0069297934   0.0684497533
16638  -0.0129621546  -0.0198503539   0.0877192821   0.0096165365  -0.0275863293
16639   0.0187999538  -0.0451184137  -0.0367533841   0.0799267652  -0.0254591514
16640  -0.0131707353  -0.0529162554  -0.0509934185  -0.0047533098   0.0005500684
16641   0.0272443577   0.0274014027  -0.0063585147   0.0035311105  -0.0080296397
16642   0.0109449741   0.0276717442   0.0241461771  -0.0026920451  -0.0083128701
16643   0.0110398836   0.0006636583   0.0083688309  -0.0081012607   0.0069578109
16644   0.0139571226   0.0001290981  -0.0001047689   0.0031931075   0.0196714532
16645  -0.0004643750   0.0002083648  -0.0013930585   0.0000383370   0.0457358879
16646   0.0013985107  -0.0459835182   0.0005115893   0.0003670098  -0.0001129257
16647   0.0000263839  -0.0000047131  -0.0000149214   0.0005964812
167 1  -0.0316383909   0.1862578302   0.1446016217  -0.1219740607   0.0730497319
167 2  -0.0025820333  -0.1347188771  -0.0638584371   0.0410427145   0.1382667193
167 3   0.0672324668  -0.1055121257   0.1550192890   0.1833412356   0.1767282777
167 4  -0.0889969708  -0.0972019857  -0.0291318744   0.1136013079   0.0580629134
167 5  -0.0542054900  -0.0742929882   0.0173475886  -0.0123225794   0.0686764192
167 6  -0.0292307876  -0.0720767470   0.0048352513   0.0329415774  -0.0166461399
167 7  -0.0517614842  -0.0471992044   0.0704696458  -0.0231124109  -0.0066434484
167 8   0.0000259352  -0.0969719984   0.0642729197   0.0309010888   0.0268844420
167 9   0.0109746174   0.0185783116  -0.0363643088   0.0487089382  -0.0255189120
16710  -0.0108098809  -0.0786165331   0.0178606759  -0.0116742460  -0.0006109721
16711   0.0302632094   0.0091892869  -0.0207308740  -0.0200124220  -0.0311630269
16712  -0.0171798203  -0.0084640617  -0.0102538737  -0.0267694675  -0.0114157726
16713  -0.0723831442   0.0125298235   0.0323196839   0.0229565913  -0.0744356835
16714  -0.0670796062  -0.0239575943   0.0795058977  -0.0379695992   0.0364710803
16715   0.0405910714  -0.0121468106  -0.0095356848   0.0196688186   0.0355697886
16716  -0.0065678755  -0.0303126270   0.0121508639   0.0494075473   0.0105664772
16717   0.0141976785   0.0884751732  -0.1218210390  -0.0485933180   0.1311579905
16718   0.0051538378  -0.1430785090  -0.1255968075   0.1034537020   0.0732061871
16719   0.0851044918   0.0250147845  -0.0157868949   0.0174927854  -0.0609956075
16720   0.0640064792  -0.0078482848   0.0946914984   0.0331787649   0.0104112385
16721   0.0049769161   0.0431242252  -0.0393704065   0.0273558740   0.0003872247
16722   0.0045994279  -0.0158214970   0.0143387584   0.0145926850   0.0017829476
16723  -0.0283763143   0.0197030718  -0.0328351242  -0.0054439272   0.0211451501
16724  -0.0081875928   0.0025013041  -0.0039847901  -0.0011907146  -0.0143707047
16725  -0.0085000851  -0.0062377046   0.0031797551  -0.0015439165  -0.0001896127
16726  -0.0058304176  -0.0093513240   0.0008015209  -0.0103669566  -0.0086736411
16727  -0.0109606954   0.0238023085   0.0333476108  -0.0383463998   0.0082163491
16728   0.0489459866   0.1189949004   0.0032588627   0.0269504032   0.0409518200
16729   0.0279651504   0.0529414284  -0.0592752384   0.0253052113  -0.0971277091
16730  -0.0924167951   0.0178799287   0.0125002023  -0.0128388454   0.1089312658
16731  -0.0304921572   0.1129419414   0.0863556241  -0.0202353143   0.1352561433
16732   0.0034969347  -0.0461228325  -0.0457554682  -0.0408364458   0.0558950227
16733   0.0067432705   0.0104071294   0.1082696116  -0.0077628526   0.0226081929
16734   0.0737033263  -0.0030136616  -0.0106225496   0.0850089205   0.0645982845
16735   0.0012501698   0.0004132563  -0.1255868863  -0.0133941525   0.0151189748
16736  -0.0387415135   0.0032847772  -0.0015155170   0.0042281468  -0.0001394179
16737  -0.0012248260   0.0001497626   0.0160960620  -0.0256211248   0.0778220651
16738  -0.0146279952   0.0108190622  -0.1283586431  -0.0128214451   0.0313156337
16739   0.0080489458   0.0023520251  -0.0357248248  -0.0276814159  -0.0604305341
16740   0.0076529821   0.0277963465   0.0360073962   0.0010979501  -0.0006420841
16741  -0.0350433369  -0.0235683886   0.0081363698   0.0002506100  -0.0174974289
16742  -0.0304199315   0.0106510684   0.0035908475   0.0073339326   0.0035095463
16743   0.0076279989   0.0190340946  -0.0112250197   0.0161830642  -0.0061573909
16744  -0.0079736086  -0.0005517509   0.0003982641  -0.0077584014  -0.0509779383
16745  -0.0013132271  -0.0000097974  -0.0020445038  -0.0000955253   0.0448342795
16746   0.0013754076  -0.0440071761   0.0004971360   0.0004921240  -0.0003368703
16747   0.0000291605   0.0000337558   0.0000002264   0.0014393630
168 1   0.0419891611  -0.0016928703   0.0745647607   0.0290275124   0.0270291223
168 2  -0.0845047507  -0.0160573890  -0.0816027231  -0.1533300901   0.0280027059
168 3   0.0386507900  -0.0128188966  -0.0348342392   0.0032592008   0.0426273062
168 4  -0.1278961850   0.1409410996   0.0318376931   0.0587357151   0.0657989054
168 5  -0.0266691400   0.1182051077  -0.0519804521  -0.0388243946  -0.0529984710
168 6  -0.0358506134   0.1000173034   0.0090488605  -0.0702620868   0.0815704456
168 7   0.1181737694  -0.0301437037  -0.0275720101   0.1741247881   0.0469256690
168 8  -0.1109568711   0.0452613219  -0.0035688250   0.2002129756   0.1157751703
168 9   0.2032607770   0.2592387036  -0.1712344612   0.2775822273  -0.0152185906
16810  -0.0305616265  -0.1052322718  -0.0181330913  -0.1153283963   0.0422547653
16811   0.1123160421  -0.1509839355   0.0236343852  -0.1092459851   0.0390032490
16812   0.0264081595  -0.0538667413  -0.1831576655   0.1258410905  -0.0623552913
16813   0.0395208422  -0.0698929666  -0.1005335067   0.2115198431   0.1202215170
16814   0.0842749265  -0.1060319078  -0.0130609269   0.0248996384  -0.0083210267
16815   0.0119739368   0.0239612471  -0.1768463161   0.0657600281   0.0032732431
16816  -0.0018580723  -0.0454844577  -0.0241908304  -0.0231617717   0.1904116485
16817  -0.0665241579  -0.1031471445   0.0825605646  -0.0282920694   0.0382939646
16818  -0.1463226321   0.0375099852   0.0630045656  -0.0281701768   0.0602797086
16819  -0.1960196024  -0.1954656307  -0.2200239785   0.2200982845  -0.1596692293
16820  -0.2398117060   0.2201448397  -0.0832971186  -0.0108081052   0.0207258062
16821   0.1433269892  -0.0781046141   0.0307300069   0.0773778187  -0.0892324633
16822  -0.0127539807   0.0104489602  -0.0195040112  -0.0575969261   0.0615363816
16823  -0.0235678502   0.0931840786  -0.0900020245   0.0248672947   0.0364635966
16824   0.0261804554  -0.0483036928  -0.0145413311   0.0052719986  -0.0243815373
16825   0.0313145656  -0.0143167194   0.0206948854  -0.0368164624  -0.0008609810
16826  -0.0222997751   0.0022793796  -0.0056859400  -0.0232176371   0.0291078006
16827   0.0105316392  -0.0165977633  -0.0144588328   0.0122805074  -0.0225286920
16828   0.0092435367   0.0153686328  -0.0325117198  -0.0253485148   0.0014416770
16829   0.0496913213  -0.0117513320  -0.0203159372   0.0065770619  -0.0193977590
16830   0.0018165590   0.0006226049  -0.0090098403  -0.0076125755   0.0022650257
16831   0.0021595328   0.0058635771  -0.0112617344   0.0098463385  -0.0049745471
16832  -0.0060805790  -0.0005641294   0.0065308937   0.0045276236  -0.0059783078
16833   0.0016264570   0.0016196928  -0.0155670592  -0.0004796274  -0.0017333062
16834  -0.0108103916   0.0046683926   0.0017504226  -0.0098667755  -0.0068181207
16835   0.0001351989   0.0009085603   0.0106155785   0.0015322410   0.0012157790
16836  -0.0081643751   0.0008668086   0.0004737916   0.0710975699   0.0034922298
16837  -0.1251761120  -0.0028245112   0.0052365051  -0.0096773233   0.0081790335
16838  -0.0015232002  -0.0038802749   0.0112898604   0.0018012518  -0.0045842077
16839   0.0016356308  -0.0066551609  -0.0043906335   0.0145956660  -0.0021701780
16840  -0.0018399998  -0.0088487456  -0.0114494650  -0.0170385230   0.0012424215
16841   0.0239114753  -0.0344877889  -0.0054013950   0.0104954781  -0.0039342644
16842   0.0005338674  -0.0004045709  -0.0007077934  -0.0019970749  -0.0018232561
16843  -0.0004882265  -0.0023100094  -0.0004531166   0.0001167613  -0.0001034485
16844   0.0003421132  -0.0007987879   0.0004634655  -0.0016302423  -0.0090988691
16845  -0.0137509905   0.0082515566  -0.0921273557  -0.0017031097  -0.0048277500
16846  -0.0001263259   0.0045502197  -0.0000059265  -0.0000034962   0.0000991704
16847  -0.0000169852   0.0000212397  -0.0000064872   0.0000808424
169 1   0.0237258260  -0.1173675878  -0.0977832322   0.1066402325  -0.0337888683
169 2   0.0218284607   0.0876440388   0.0983578862   0.0454304776   0.0564043662
169 3  -0.1372160575  -0.0976654526   0.0661823127   0.0024244041  -0.0207213774
169 4  -0.0072629421   0.0185645873   0.0006289036  -0.0353732550  -0.0088261258
169 5  -0.0012776585  -0.0098621527  -0.0104713768   0.0492732188  -0.0175215742
169 6   0.0376903666   0.0339468318  -0.0242129552  -0.0033375813   0.0036226823
169 7   0.0118143149   0.0574413192  -0.0440823593  -0.0010955568  -0.0003220278
169 8  -0.0022955997   0.0564175760  -0.0446336434  -0.0285886453  -0.0286944313
169 9  -0.0139102802  -0.0224936366   0.0374085348  -0.0474072590   0.0254570679
16910   0.0051732889   0.0578892649  -0.0052264259   0.0155765352  -0.0181524456
16911  -0.0396212348   0.0047129023   0.0151303277   0.0150557070   0.0240436418
16912   0.0137824890   0.0061877314   0.0240567452   0.0198866879   0.0103185680
16913   0.0619741286  -0.0052979903  -0.0204417220  -0.0307287838   0.0571584043
16914   0.0616375112   0.0144437316  -0.0595078778   0.0315203348  -0.0235106035
16915  -0.0335800137   0.0135765850   0.0091110802  -0.0137699522  -0.0239398524
16916   0.0162525788   0.0384869052  -0.0043355405  -0.0441165608  -0.0031558449
16917  -0.0207597100  -0.0888092060   0.1155989545   0.0589344060  -0.1148889759
16918  -0.0245096305   0.1322076217   0.1136402996  -0.0964773331  -0.0665820076
16919  -0.0917694846  -0.0286046686  -0.0007715674   0.0054758311   0.0382828293
16920  -0.0710490773   0.0302598890  -0.0892429844  -0.0164691596  -0.0178319030
16921  -0.0201456928  -0.0523713160   0.0581645064  -0.0327090031  -0.0074346724
16922  -0.0123830091   0.0299405146  -0.0416733400  -0.0102845473   0.0128799611
16923   0.0462431698  -0.0494833407   0.0717312929   0.0251396192  -0.0418403567
16924   0.0246663794  -0.0154001144  -0.0070619699  -0.0163298124   0.0193980186
16925   0.0145825937   0.0001384637  -0.0000709922  -0.0022217822  -0.0136245976
16926  -0.0018367226   0.0149386817   0.0033721060   0.0253201106   0.0014298348
16927   0.0168193293  -0.0123451314  -0.0288845974   0.0388639273   0.0018568190
16928  -0.0614443345  -0.1749097942  -0.0307383152  -0.0148281969   0.1852589186
16929   0.0187310900  -0.0072030982   0.1104025199   0.0126979991  -0.0364720074
16930  -0.1931591320   0.0386204342   0.0222820390  -0.0291956711   0.1802915339
16931  -0.0683185915   0.0807468333   0.0838036626  -0.0192555186   0.0678882776
16932  -0.0039207996  -0.0137677134  -0.0103238430  -0.0120513151   0.0170381864
16933   0.0009334917   0.0006653493  -0.0154148641  -0.0008128023  -0.0014548797
16934  -0.0082716857   0.0031872431   0.0010722449   0.0072514278   0.0092727020
16935   0.0003019006   0.0008033622  -0.0604926336  -0.0069036397  -0.0030703870
16936   0.1003345807  -0.0282737079  -0.0385080549   0.0081893311   0.0006497724
16937   0.0106530702   0.0002763500   0.0131588734  -0.0218686907   0.1007185452
16938  -0.0194250999  -0.0163270636   0.0570155615   0.0079240619  -0.0247704981
16939   0.0134540049  -0.0305465903   0.0005381315   0.0530059738   0.0231398947
16940   0.0041451723   0.0058018798  -0.0084691236   0.0017985566   0.0007843740
16941  -0.0096941139  -0.0140561267   0.0116690955  -0.0238651862   0.0204862442
16942   0.0203562055   0.0119264548   0.0131771347   0.0072830995   0.0100900633
16943  -0.0124634997  -0.0144773824  -0.0046435509   0.0071067661  -0.0031412326
16944  -0.0026719259   0.0007631118   0.0001417071   0.0266500648  -0.0052909049
16945  -0.0069328617  -0.0004942940   0.0013826235   0.0000729360  -0.0640642668
16946  -0.0019025923  -0.0627661106   0.0006071504   0.0004203956   0.0022963366
16947  -0.0001400839  -0.0000575022  -0.0000090798  -0.0000526523
170 1  -0.0503130596   0.1676925354   0.1326297245  -0.1111784288   0.0776283850
170 2  -0.0149752553  -0.1229371081  -0.0539756604   0.0405042482   0.1284212807
170 3   0.0442732251  -0.1117937748   0.1410864416   0.1504891384   0.1417996883
170 4  -0.0731271583  -0.0783892982  -0.0332674026   0.0946994022   0.0545405298
170 5  -0.0421291113  -0.0605086099   0.0102533075  -0.0011689274   0.0653139437
170 6  -0.0224118248  -0.0619835524   0.0020297682   0.0246093064  -0.0140349725
170 7  -0.0441768243  -0.0364953396   0.0557744906  -0.0184869280  -0.0099889287
170 8   0.0013421135  -0.0797762504   0.0458351185   0.0257582012   0.0216655326
170 9   0.0091020168   0.0152481583  -0.0224901914   0.0367185349  -0.0177364762
17010  -0.0145283316  -0.0545032184   0.0111686211  -0.0091003985  -0.0010064906
17011   0.0233343362   0.0014074168  -0.0074541535  -0.0097881425  -0.0137022282
17012  -0.0147479631   0.0024861119  -0.0138903891  -0.0085998002  -0.0163406964
17013  -0.0530829873   0.0062140578   0.0163000175   0.0191706853  -0.0442169866
17014  -0.0367089481  -0.0205555952   0.0460488941  -0.0211234874   0.0219438723
17015   0.0223523682  -0.0055389516  -0.0152695777   0.0180814017   0.0262861693
17016  -0.0080951143  -0.0231603446   0.0044960054   0.0293138580   0.0078978642
17017   0.0133954998   0.0544492196  -0.0689868055  -0.0301351558   0.0757995531
17018   0.0029991261  -0.0808563548  -0.0687421639   0.0535868914   0.0412161345
17019   0.0445681807   0.0136610179  -0.0084781431   0.0079425717  -0.0327189134
17020   0.0313529532  -0.0031298358   0.0490795245   0.0167419659   0.0101421208
17021   0.0053267869   0.0165648336  -0.0162436903   0.0126750969  -0.0050031267
17022   0.0106546107  -0.0167042542   0.0117924463  -0.0048785779   0.0070925377
17023   0.0031329654  -0.0087872418   0.0031333687  -0.0100253158   0.0051167937
17024  -0.0150920188   0.0145158016   0.0087690378  -0.0062640975   0.0077912612
17025   0.0055743641  -0.0030107621   0.0055824545  -0.0031918578  -0.0077160925
17026  -0.0102610337   0.0045129390  -0.0100651811   0.0029531147  -0.0073195980
17027   0.0039196920   0.0016279913   0.0014375752  -0.0014392133  -0.0021191300
17028   0.0054560851   0.0102687436   0.0046935369   0.0025552202   0.0503692265
17029   0.0043630784  -0.0081204092   0.0540857870  -0.0086969282   0.0476010418
17030  -0.1030337043   0.0120704517   0.0053919613   0.0192745923   0.0465615244
17031  -0.0037965131  -0.0990371726   0.0883370437  -0.1153878934  -0.1087331196
17032  -0.0090159486   0.0818090728   0.1009657117   0.1014715087  -0.1197931499
17033  -0.0052277887  -0.0090066669  -0.1207304034   0.0106755819  -0.0308689511
17034  -0.1057581904   0.0072104481   0.0148509654  -0.1247390181  -0.0746784705
17035  -0.0006923839  -0.0006987090   0.1524264355   0.0161924818  -0.0215851825
17036   0.0786895358  -0.0149681923  -0.0148349590   0.0025351769   0.0000504743
17037   0.0068755159   0.0001500945   0.0120689966  -0.0206228046   0.0151934726
17038  -0.0021728136   0.0032469096  -0.1418600623  -0.0111240610   0.0230432605
17039   0.0170715579  -0.0306714734  -0.0587900928   0.0583256833  -0.0729311078
17040   0.0324436488   0.0695483620  -0.0197098009  -0.0178657941   0.0007999426
17041   0.0367964993   0.0267162560  -0.0109474966   0.0073796210   0.0103080479
17042   0.0341127124   0.0033485006   0.0084744800   0.0133575604   0.0281512527
17043   0.0113588240   0.0110115066   0.0062928467  -0.0117378386   0.0134958959
17044   0.0207459837  -0.0010223252  -0.0001946200  -0.0456586052   0.0086868224
17045   0.0099630927   0.0004764642  -0.0012838570  -0.0000340646  -0.0077227270
17046  -0.0001989088  -0.0083819382   0.0000995415  -0.0000019246  -0.0002375420
17047   0.0000282053   0.0000077087  -0.0000180153   0.0000674317
171 1   0.0360269076  -0.0210251670   0.0251344456   0.0514701752   0.0187547396
171 2  -0.0211604483   0.0086057695  -0.0447834182  -0.1636297924  -0.0027226092
171 3  -0.0167417783  -0.0208874830  -0.0588866065  -0.0365458520   0.0314330366
171 4  -0.0572908611   0.0779938776   0.0302904646   0.0036873565   0.0065254829
171 5   0.0100954173   0.0642285103  -0.0041594246   0.0334053584  -0.0332358066
171 6   0.0312842718   0.0233333460   0.0034732758   0.0021552829   0.0446234493
171 7   0.0052707934   0.0463682100  -0.0306301971  -0.0352287380  -0.1008949934
171 8  -0.0623848270  -0.1368783400  -0.0749938862   0.0461921248   0.0439442145
171 9   0.0463397005   0.1061405457   0.0158493211   0.1503250169  -0.0232005553
17110  -0.1217958786  -0.0082739004  -0.0505905464  -0.0541902123   0.0819975185
17111   0.0777236338  -0.0938387977   0.0472919923   0.0460595080   0.1648479465
17112  -0.0980107874   0.1271114749  -0.1703004236   0.1575152906  -0.0782802179
17113  -0.0368307334  -0.0230428340  -0.0404729253   0.1041821969   0.1103355289
17114   0.1390323994   0.0163696938  -0.1555664985   0.0484276687   0.0859622553
17115  -0.0828559726   0.0017353071  -0.0629407857   0.1266494118   0.0426768795
17116  -0.1519806423  -0.1427106025  -0.1026370513   0.0986066597  -0.0218749541
17117   0.1110617466   0.1136200103  -0.0163906195  -0.1133263671  -0.0117685722
17118   0.1276278246  -0.0084922092  -0.0615513533  -0.0216966460   0.0044774688
17119   0.1338791156   0.0831975423   0.1480740683  -0.1522751006   0.1567404104
17120   0.1253351353  -0.1824209428  -0.0032467461  -0.0349262410  -0.0324547496
17121  -0.0097065413   0.0607964750  -0.0442437284  -0.0288036706   0.0867771828
17122  -0.1191075033   0.1157668578  -0.0330378953   0.0646510893  -0.0633034569
17123  -0.1394339186   0.1031983787  -0.1104408254   0.1228898950  -0.0290901714
17124   0.1441133878  -0.1578744150  -0.0713297275   0.0161555402  -0.0549513355
17125  -0.0041633220  -0.0415297558   0.0198773777  -0.0253070893  -0.0266527649
17126   0.0005274255   0.0163012916   0.0315444146  -0.0055826025  -0.0024163760
17127   0.0401012360  -0.0385979939  -0.0637540264   0.0616950859  -0.0502334927
17128   0.0071315105  -0.0313473479   0.0633998513   0.0081324880   0.0194634183
17129   0.0100212638  -0.0215058579  -0.0030578902   0.0077147757  -0.0034372468
17130  -0.0133027311  -0.0020618620   0.0052017222   0.0037631217   0.0114621053
17131  -0.0060059802   0.0051160350   0.0048589203  -0.0000985322   0.0028971998
17132  -0.0057482209  -0.0022422684   0.0046657506   0.0013744768  -0.0026132731
17133   0.0045186557   0.0029311236  -0.0047018232   0.0008116842  -0.0014373194
17134  -0.0017410044   0.0044290524   0.0004034857  -0.0020993372   0.0004338412
17135  -0.0003062537  -0.0011196955  -0.0054138912  -0.0009954644   0.0003985830
17136   0.0110854824  -0.0043689801  -0.0084922236  -0.1277443998  -0.0067025419
17137  -0.0624124535  -0.0013124787   0.0044413148  -0.0071478156   0.0065610888
17138  -0.0011861119  -0.0010590255   0.0010315054   0.0001875581  -0.0009491176
17139   0.0010107375  -0.0048475930  -0.0061555869   0.0138327839  -0.0058192043
17140   0.0060162444   0.0114542694  -0.0155735405   0.0416809310  -0.0023155374
17141   0.0084148261  -0.0107884013  -0.0049183985   0.0105989317  -0.0063309848
17142  -0.0036991525  -0.0010556288  -0.0011819881  -0.0005925458  -0.0001936046
17143   0.0010321403   0.0009418888  -0.0002005693  -0.0000148580   0.0001153618
17144   0.0006253896   0.0013306527   0.0003070946   0.0249747972  -0.0052914726
17145   0.0887577905   0.0088062793  -0.0139202453  -0.0004785764   0.0018607038
17146  -0.0000012414   0.0011589085  -0.0000226039   0.0000666412  -0.0000367858
17147   0.0000095834  -0.0000352784  -0.0000071442   0.0000499455
172 1   0.0526809804  -0.1038219022  -0.0865741272   0.1052450469  -0.0371775040
172 2   0.0351343072   0.0755716261   0.0829346958   0.0427867519   0.0667856016
172 3  -0.1144671675  -0.0865085015   0.0741901741   0.0352594694   0.0188864388
172 4  -0.0291586428   0.0006622704   0.0122035364  -0.0136983870  -0.0006716796
172 5  -0.0150836365  -0.0176519403  -0.0080522356   0.0282279936  -0.0220598861
172 6   0.0358865656   0.0196382777  -0.0186469742   0.0073950139   0.0113752176
172 7   0.0002712180   0.0390078330  -0.0229141040  -0.0096217220   0.0081537170
172 8  -0.0072801831   0.0322175252  -0.0152496271  -0.0056022065  -0.0101484335
172 9  -0.0060535048  -0.0048062995   0.0162359759  -0.0125205342   0.0137780891
17210   0.0011138913   0.0191037922  -0.0016437613   0.0004252439  -0.0110142808
17211  -0.0167859355  -0.0005404714   0.0033000598   0.0009935585   0.0140931757
17212  -0.0039229144   0.0042440574   0.0012651414   0.0146629873   0.0021902596
17213   0.0209661461  -0.0045006349  -0.0057105858  -0.0025181468   0.0233014742
17214   0.0257104443   0.0097073354  -0.0238083170   0.0128394823  -0.0022080079
17215  -0.0052868761   0.0072460769  -0.0014922679   0.0067140231  -0.0033272558
17216  -0.0037967470   0.0022818905  -0.0070199009  -0.0069915698   0.0054596537
17217  -0.0072350379  -0.0221772298   0.0342635300   0.0041993154  -0.0312544808
17218  -0.0028363226   0.0393765439   0.0305742991  -0.0278162492  -0.0119337633
17219  -0.0254605919  -0.0156596045  -0.0024734557  -0.0017287322   0.0172894777
17220  -0.0220107537   0.0046154577  -0.0317743686  -0.0172765442   0.0002244099
17221   0.0014574876  -0.0070651430   0.0087621138  -0.0010267479   0.0010270648
17222   0.0012942172   0.0026415808   0.0015334832  -0.0001010381  -0.0093250198
17223  -0.0078695953   0.0088647364  -0.0118792348  -0.0026737454   0.0098499203
17224   0.0001185733  -0.0011941101  -0.0058557172   0.0081973114  -0.0126709754
17225  -0.0100324694   0.0061208074  -0.0053151179   0.0040066016   0.0074038464
17226   0.0060127180  -0.0031133525   0.0079459569  -0.0022341097   0.0045825790
17227  -0.0033855598   0.0053354995   0.0110309959  -0.0095965743   0.0027596466
17228   0.0133518400   0.0150931001  -0.0024282195   0.0169814686   0.0597183249
17229   0.0261643143   0.0359760910  -0.0620456241   0.0069713831  -0.0272027992
17230   0.0341151036  -0.0252001842  -0.0068282167   0.0445798222  -0.0794525894
17231   0.0478331967  -0.0723167769   0.0769995421  -0.1136882646   0.0033414433
17232   0.0066919060   0.0130874186   0.0190990928   0.0598498336  -0.0722370401
17233   0.0047853891   0.0107274668   0.2372761617  -0.0067878833   0.0350000904
17234   0.1234385834  -0.0197219658  -0.0186170560   0.0587055030   0.0369654557
17235   0.0005259767   0.0007382215   0.0902926793   0.0069883642   0.0290482019
17236   0.0011765682  -0.0143894270  -0.0294671262  -0.0007427884   0.0002451661
17237  -0.0010199330   0.0002876759  -0.0108380519   0.0206920498   0.0072972044
17238  -0.0032967262   0.0059932561   0.0348451260   0.0042411828  -0.0182700965
17239  -0.0252851958  -0.0041718877  -0.0342481503   0.0377820450  -0.0661057558
17240   0.0135126864   0.0142174398  -0.0226782489  -0.0041036883   0.0019543620
17241  -0.0240239159  -0.0227452370   0.0307625091  -0.0557801168   0.0277008097
17242  -0.0265578708   0.0059981515  -0.0070050917  -0.0888779520  -0.1931281963
17243   0.1428324891   0.0926408361   0.0390855531  -0.0899716585   0.1615550196
17244   0.2472576493  -0.0001272286   0.0001127919  -0.0001757901   0.0005828913
17245   0.0003307289   0.0001420493  -0.0002258028   0.0000585567  -0.0001317696
17246   0.0000001787  -0.0001188391   0.0000046611  -0.0011346051  -0.0052412808
17247   0.0002722725   0.0000707710   0.0000369787   0.0003731512
173 1  -0.0984562125   0.1347464998   0.1080671006  -0.0943138689   0.0883305824
173 2  -0.0413448503  -0.0940415709  -0.0300651875   0.0381586923   0.1038892288
173 3  -0.0085970100  -0.1249096592   0.1085319095   0.0730581944   0.0642632398
173 4  -0.0315122879  -0.0398266015  -0.0489666673   0.0530867059   0.0442681203
173 5  -0.0150661953  -0.0321138644  -0.0043067359   0.0182317743   0.0625623687
173 6  -0.0102876969  -0.0370397899  -0.0043566244   0.0082244228  -0.0162620495
173 7  -0.0311703046  -0.0079167919   0.0305813641  -0.0169103973  -0.0280223478
173 8   0.0075501114  -0.0563592922   0.0077992630  -0.0015371189   0.0062308456
173 9   0.0042695535  -0.0029228522   0.0093371808   0.0014915148  -0.0062490456
17310  -0.0180154710  -0.0101991529   0.0034932613   0.0038983864  -0.0028201242
17311   0.0022883546  -0.0042798999   0.0153425330   0.0114680302   0.0146596394
17312  -0.0040537552   0.0194563168  -0.0115522476   0.0139308026  -0.0175504213
17313  -0.0136161376  -0.0032473351  -0.0097811079   0.0023509754   0.0079048231
17314   0.0133039202  -0.0031861575  -0.0125977967   0.0089014642  -0.0015058482
17315  -0.0171486880   0.0042891978  -0.0092007954   0.0112180434   0.0063679503
17316  -0.0061012985  -0.0019033522  -0.0066564973  -0.0068173385  -0.0044889958
17317   0.0003496866  -0.0100328853   0.0242709643   0.0127866539  -0.0249873013
17318  -0.0018299745   0.0306407752   0.0271546653  -0.0261883041  -0.0188525508
17319  -0.0161998537  -0.0016113725   0.0133018997  -0.0112259210   0.0190202916
17320  -0.0098508533  -0.0065800267  -0.0247375205  -0.0050012732  -0.0077248605
17321  -0.0052177640  -0.0176239827   0.0161537029  -0.0145975952   0.0017936129
17322  -0.0048613830   0.0100312173  -0.0102309335  -0.0056188461   0.0064938834
17323   0.0219589686  -0.0277741307   0.0363432040   0.0074751894  -0.0240721016
17324   0.0064147352  -0.0011372618   0.0064724475  -0.0098441015   0.0207928291
17325   0.0136046161  -0.0037433076   0.0026278175  -0.0011949437  -0.0113565048
17326  -0.0034021824   0.0113588678  -0.0074503353   0.0123852878  -0.0031422915
17327   0.0095491366  -0.0166374934  -0.0258101947   0.0299069571  -0.0058154842
17328  -0.0365554211  -0.0920339585  -0.0173090782  -0.0258734799  -0.0039832375
17329  -0.0052921046  -0.0259769272   0.0336569006  -0.0077201660   0.0021390708
17330   0.0717853183  -0.0294597871  -0.0332797692   0.0166401701  -0.1553604563
17331   0.0786583028   0.0787508601  -0.0360812753   0.0674155091   0.1029917132
17332   0.0171091559  -0.0399969995  -0.0520177047   0.1559036667  -0.2233038149
17333   0.0041954826   0.0030801769   0.1275409828  -0.0078028556   0.0145457442
17334   0.0209742161   0.0040888719  -0.0019730609  -0.2222962301  -0.2466495991
17335  -0.0016065826  -0.0028302565  -0.0755587164  -0.0013598027  -0.0786035390
17336   0.0090096787   0.0286453888   0.0588358254   0.0002630613  -0.0007005731
17337   0.0008418988  -0.0001078979   0.0271078593  -0.0475029213  -0.0179074666
17338   0.0035028813   0.0416134232  -0.0439094024  -0.0105628873   0.0401032086
17339  -0.0630440038   0.0372337356   0.0346704119   0.0045015956   0.0482374996
17340   0.0049721253   0.0042241038  -0.0274683561   0.0028334119   0.0011111327
17341   0.0074628699  -0.0043005854   0.0080729382  -0.0224653254   0.0116988168
17342   0.0169459166   0.0297568452   0.0281825023  -0.0303191019  -0.0543513073
17343  -0.0758782839  -0.1280621185   0.0009529651  -0.0005714475   0.0071072963
17344   0.0160376434  -0.0000349156  -0.0000106160   0.0010529058  -0.0000904222
17345  -0.0000240231   0.0000649341  -0.0000268978   0.0000155271  -0.0018460316
17346  -0.0000705191  -0.0014297185  -0.0000173043  -0.0210205937  -0.0831863613
17347   0.0052554600   0.0008063283   0.0000390069  -0.0009096048
174 1  -0.0277265748  -0.0055291875   0.0113581557   0.0163656936  -0.0008267717
174 2  -0.0245545203  -0.0138061929  -0.0067164453  -0.1240549007   0.0149310264
174 3   0.0144789710  -0.0287739293   0.0053295113   0.0021313144  -0.0025120257
174 4  -0.0296636870   0.0261004433  -0.0182095436  -0.0053286158  -0.0399996416
174 5   0.0117778798   0.0162252500   0.0412831331   0.1330958743   0.0373797606
174 6  -0.0125533093   0.0537836174  -0.0127273605  -0.0474938472  -0.0110633991
174 7   0.1108770105   0.0693971689  -0.1271013184   0.0998634995  -0.0571784546
174 8  -0.0794875413  -0.0208382833  -0.1655885281   0.0121772088   0.0092060128
174 9   0.0286350133   0.0844993284   0.0140313901   0.0448218749   0.0347410940
17410  -0.0791137469   0.1159786831  -0.0421530472   0.0021047715   0.0460754755
17411   0.0112443833  -0.0411585088   0.0507932663   0.0494756320   0.0941643272
17412   0.0250691247   0.0230128116  -0.0266116101   0.0875237246  -0.0202188249
17413   0.0942697831   0.0161961730  -0.0508763234  -0.0112557247   0.1221073890
17414   0.1379547605  -0.0425318951  -0.0846853768   0.0300317496   0.0095629646
17415  -0.0649582330   0.0056244150  -0.0566126469   0.0133395025   0.0279997122
17416  -0.0031564811   0.0112964146  -0.0093058825   0.0200619926  -0.0109658023
17417   0.0869901245   0.0181976980   0.0182678937   0.0261619636  -0.0012713292
17418   0.0473420531  -0.0288152514  -0.0466050197  -0.0137248565  -0.0118323044
17419   0.0701461359   0.1145246500   0.0421168282  -0.0202209639  -0.0075368560
17420   0.0751035137  -0.0165165521   0.1045374049   0.0922230382  -0.0348122440
17421  -0.0633319178  -0.0223496181   0.0322728758  -0.0756451950   0.0030684489
17422  -0.0377404392   0.0370358008  -0.0874623889  -0.0053020912   0.0577682865
17423   0.1118121377  -0.1829497216   0.2293999040   0.0791638025  -0.1506905100
17424   0.0516050581  -0.0264180004   0.0171521983  -0.0799588939   0.1045125222
17425   0.0671444567  -0.0446809016   0.0354730064  -0.0163319129  -0.0759588367
17426  -0.0522092318   0.0312563168  -0.0325464557   0.0402406539  -0.0648843092
17427   0.0229370340   0.0216085716   0.0037837167  -0.0138846268   0.0245095512
17428  -0.0317125251   0.0655019928  -0.0816648707  -0.0404927826  -0.0698002743
17429   0.0969728311  -0.0564320638  -0.0479788462   0.0854453166   0.0055340595
17430   0.0226710762   0.1893375427  -0.0490518483  -0.1372255629  -0.0435823264
17431   0.0498560555  -0.0100387741   0.0348965584  -0.0271845486  -0.0069661876
17432  -0.0000983148  -0.0102193063   0.0127723443  -0.0071257617   0.0113631191
17433   0.0441990344   0.0484933026  -0.0033285313  -0.1053921354   0.0883103850
17434  -0.0577511816   0.1181540998   0.0116712598   0.0126124016   0.0187724998
17435   0.0004648293   0.0038475820   0.0133684534  -0.0003575204   0.0081029248
17436  -0.0006781747  -0.0030274401  -0.0061764713   0.0019192483   0.0001630831
17437  -0.0003730067  -0.0000419621  -0.0026696856   0.0051096887   0.0008767499
17438   0.0000012265  -0.0042230044   0.0037850125   0.0015996556  -0.0051794410
17439   0.0051204735  -0.0026797245  -0.0048335133   0.0004602993  -0.0071490223
17440   0.0001410745  -0.0000655694   0.0012741244  -0.0008425972   0.0000828823
17441  -0.0018098482   0.0003937067   0.0006766816  -0.0009441873   0.0001647417
17442  -0.0020545730  -0.0019280740  -0.0026340141  -0.0025953374  -0.0048364863
17443   0.0113003653   0.0113744135   0.0011236589  -0.0032021922   0.0056654321
17444   0.0088150225  -0.0000054971   0.0000339450  -0.0001855239   0.0001218652
17445  -0.0001423314  -0.0000031124  -0.0000538060   0.0000070078   0.0001132815
17446   0.0000071314   0.0000982593  -0.0000001333   0.0015041581   0.0059916484
17447  -0.0003775935  -0.0000490803   0.0000003275   0.0001167115
175 1   0.0616561922  -0.0954707983  -0.0818860122   0.1007985919  -0.0398520457
175 2   0.0428568867   0.0694194738   0.0781270821   0.0430129333   0.0717764163
175 3  -0.1021590242  -0.0833716173   0.0814095179   0.0525668881   0.0370220720
175 4  -0.0376204577  -0.0086117453   0.0145354459  -0.0050310738  -0.0003789128
175 5  -0.0205772543  -0.0248348157  -0.0029212563   0.0245399524  -0.0197952408
175 6   0.0334958417   0.0159482872  -0.0185820903   0.0109207432   0.0105985760
175 7  -0.0032564201   0.0357615735  -0.0178154000  -0.0111220653   0.0091996726
175 8  -0.0083496882   0.0218683982  -0.0093915948  -0.0017276809  -0.0073561525
175 9  -0.0056535810  -0.0035525974   0.0125701254  -0.0077884193   0.0104568243
17510  -0.0005321862   0.0109567267  -0.0001070287  -0.0024675048  -0.0097841500
17511  -0.0121619932  -0.0015881199   0.0011251287  -0.0004566770   0.0128515197
17512  -0.0075594325   0.0049946666  -0.0015178057   0.0126510291   0.0005171452
17513   0.0116114571  -0.0022050335  -0.0025237387   0.0025685993   0.0152065741
17514   0.0183843438   0.0049378887  -0.0162946339   0.0082635991   0.0040445295
17515  -0.0018010154   0.0070910571  -0.0032281943   0.0100327030   0.0029665814
17516  -0.0062992027  -0.0037264983  -0.0068096169   0.0018063618   0.0081008164
17517  -0.0035343149  -0.0090865753   0.0168470147  -0.0031627175  -0.0108711021
17518  -0.0038560420   0.0168735734   0.0114714677  -0.0125524989  -0.0008707520
17519  -0.0123594651  -0.0113510803  -0.0056761898   0.0019580723   0.0061570789
17520  -0.0136686508   0.0054449209  -0.0160850763  -0.0092178833   0.0016448919
17521   0.0043391758  -0.0039724067   0.0038408358   0.0012288092  -0.0014075981
17522   0.0021075158   0.0000076660   0.0010262543  -0.0023025133  -0.0036842264
17523  -0.0040228614   0.0037687853  -0.0064328485  -0.0017794413   0.0072450801
17524  -0.0013076061   0.0000490388  -0.0037172327   0.0037978540  -0.0079732716
17525  -0.0046788009   0.0030238774  -0.0013948441   0.0005585041   0.0027348627
17526   0.0007375017  -0.0001369223   0.0041578676  -0.0026905978   0.0014034455
17527   0.0001677825   0.0057747334   0.0087524477  -0.0076168634   0.0007005810
17528   0.0129717297   0.0223306200  -0.0000553709   0.0129241728   0.0563239715
17529   0.0226370706   0.0137253293  -0.0221383181  -0.0047031408   0.0325344372
17530   0.0144314342  -0.0251360974  -0.0260683586   0.0347089648  -0.1314424070
17531   0.0645823667  -0.0357263188   0.0719536541  -0.0446330253   0.0408107407
17532   0.0199309950  -0.0102450076  -0.0213427719   0.0946687213  -0.1473725453
17533   0.0118430016   0.0174282252   0.1972577813  -0.0167116920   0.0403033107
17534   0.1127524109  -0.0122378576  -0.0149225961   0.0717640375   0.0341062370
17535   0.0010861576   0.0042986844   0.0989525323   0.0117575738  -0.1351123819
17536   0.0387096517   0.0485223615   0.1095292558  -0.0048273069  -0.0005044688
17537  -0.0060067523  -0.0016677575  -0.0133913145   0.0249893606   0.0685875023
17538  -0.0097012267  -0.0736418517   0.0158602984   0.0193722837  -0.0678090294
17539   0.0400978078  -0.0229784839   0.0033086172  -0.0288399936   0.0091938327
17540  -0.0118167631  -0.0145541749   0.0363613245  -0.0036240472  -0.0017601768
17541   0.0019816731   0.0196829455  -0.0243538050   0.0531073228  -0.0332593272
17542  -0.0199640028  -0.0438698925  -0.0309432341   0.0812214052   0.1822470456
17543  -0.0505446967   0.0279543717   0.0087996874  -0.0045070526  -0.0732121263
17544  -0.1673660412  -0.0000541612  -0.0000712568   0.0000712898  -0.0000856789
17545  -0.0002080453  -0.0000018959   0.0000787466  -0.0000082956   0.0000847566
17546  -0.0000015893   0.0001220159  -0.0000158808   0.0009950894   0.0028295997
17547  -0.0000737073  -0.0001491225  -0.0000124676   0.0001409185
176 1  -0.1235309426   0.1171240570   0.0967963398  -0.0849131028   0.0936666875
176 2  -0.0577893726  -0.0813555153  -0.0191715437   0.0383681959   0.0935849865
176 3  -0.0344106245  -0.1308708517   0.0932141677   0.0362370700   0.0253500407
176 4  -0.0117875029  -0.0227136080  -0.0542851349   0.0364557597   0.0397272747
176 5  -0.0020188210  -0.0162914884  -0.0135661142   0.0241271445   0.0578030926
176 6  -0.0042634939  -0.0239922477  -0.0052191962   0.0001410879  -0.0182243929
176 7  -0.0216672842   0.0031518817   0.0171561435  -0.0113195361  -0.0294206881
176 8   0.0056978654  -0.0370162177  -0.0075497494  -0.0085813881   0.0024452564
176 9   0.0031708429  -0.0041436610   0.0168105586  -0.0105180087   0.0019751113
17610  -0.0156409196   0.0087725698   0.0001713735   0.0093662645  -0.0046972167
17611  -0.0062911662  -0.0027471080   0.0214116679   0.0144980871   0.0171908961
17612   0.0036250392   0.0156728725  -0.0066811955   0.0165247476  -0.0145021461
17613   0.0031777879  -0.0068873747  -0.0162730809  -0.0066805334   0.0233822649
17614   0.0248562979   0.0076049780  -0.0262127256   0.0171783092  -0.0131304787
17615  -0.0213702065   0.0039386520  -0.0059286267   0.0054085946  -0.0044298361
17616  -0.0021437907   0.0079497746  -0.0071323185  -0.0219653199  -0.0105831040
17617  -0.0058709026  -0.0315018029   0.0521851982   0.0241462177  -0.0586518781
17618   0.0012700812   0.0672124180   0.0582691031  -0.0487806652  -0.0351463350
17619  -0.0357611063  -0.0100002233   0.0190377427  -0.0184101564   0.0372000891
17620  -0.0225514041  -0.0093047287  -0.0487342406  -0.0201601969  -0.0074413332
17621  -0.0066386939  -0.0196111061   0.0191923594  -0.0153481928   0.0052709203
17622  -0.0045744832   0.0099543855  -0.0050768589  -0.0040070097  -0.0024809802
17623   0.0115544074  -0.0132569606   0.0188955833   0.0015632324  -0.0139035709
17624   0.0043586857  -0.0002993665   0.0039514815  -0.0004999305   0.0105806330
17625   0.0034287482   0.0010650504  -0.0035186872   0.0042839799  -0.0009970691
17626   0.0047990311   0.0045619662  -0.0017775399   0.0079392472   0.0038002902
17627   0.0012618409  -0.0158535071  -0.0185596653   0.0212614897  -0.0023657477
17628  -0.0281563805  -0.0766379460  -0.0147150733  -0.0162681651  -0.0470823558
17629  -0.0109006261   0.0147782903  -0.0563214728   0.0006554538  -0.0706046870
17630   0.1239908268  -0.0446095961   0.0080314611   0.0517560373  -0.0312374360
17631   0.0274148153   0.0012232898   0.0332695863  -0.0987232053   0.0747265553
17632  -0.0163797302  -0.0219017841   0.0039002445   0.0343509049  -0.0014457218
17633  -0.0209824979  -0.0244882829   0.0505096060   0.0089546966  -0.0084864994
17634  -0.0201409687   0.0043402219   0.0026679634  -0.1428272035  -0.1028122459
17635  -0.0027438589  -0.0068977266  -0.0141334749  -0.0005388931   0.1947135872
17636  -0.0498370868  -0.0675725704  -0.1495985346   0.0016546668   0.0006942782
17637   0.0071227149   0.0018665780   0.0057968854  -0.0140415206  -0.0324069178
17638   0.0023379463  -0.0103548012  -0.0167684094   0.0044080254  -0.0284676047
17639   0.0668056175  -0.1103424525   0.0315792103   0.1065891627   0.1023970709
17640  -0.0112205204  -0.0112776814   0.0433274617  -0.0071062037  -0.0011828225
17641  -0.0273066304   0.0063723818  -0.0129415666   0.0398859090  -0.0377275077
17642  -0.0281709807  -0.0360823360  -0.0489846039   0.0355519227   0.0779617664
17643   0.0656544783   0.1667542259   0.0059382505  -0.0227911580  -0.0323021475
17644  -0.0760098308   0.0003652599   0.0001359328   0.0005469175  -0.0002370975
17645  -0.0001430619  -0.0001237649   0.0001023403   0.0000346460  -0.0000473204
17646   0.0000229979   0.0000715452   0.0000284557   0.0004771025   0.0009429960
17647   0.0000499717   0.0000029311  -0.0000099864  -0.0000027440
177 1  -0.0917171416  -0.0026286634   0.0134093592   0.0087905986  -0.0105989255
177 2  -0.0256205799  -0.0246601035   0.0124818036  -0.1045669181   0.0233710321
177 3   0.0138269849  -0.0319324370   0.0224236361   0.0065975751  -0.0114371672
177 4  -0.0107859937   0.0027436068  -0.0229111990   0.0104383933  -0.0685370752
177 5   0.0229847204  -0.0033991732   0.0535620731   0.1461525349   0.0393579201
177 6   0.0014157640   0.0664394953  -0.0076747303  -0.0458132589  -0.0354992006
177 7   0.1304622077   0.0798088543  -0.1557491625   0.1134091187  -0.0530995662
177 8  -0.0797784473   0.0148631642  -0.1917399672  -0.0201249133  -0.0167562951
177 9  -0.0016992544   0.0574395450   0.0210257894  -0.0234766508   0.0559062261
17710  -0.0467534101   0.1526787583  -0.0385024667   0.0325589776   0.0363985831
17711  -0.0207660017   0.0024664175   0.0327711040   0.0300549755   0.0415664794
17712   0.0558017230  -0.0341454698   0.0339270420   0.0238847220   0.0228335219
17713   0.1253562309   0.0348043263  -0.0198294874  -0.0490935990   0.0970277102
17714   0.0858989507  -0.0010838098  -0.0409060009   0.0162620483   0.0129855561
17715  -0.0294823151  -0.0103535446  -0.0157230337  -0.0000222438   0.0075196788
17716   0.0125024023   0.0295266030   0.0019707309   0.0175815473  -0.0185543923
17717   0.0511666036   0.0096448662   0.0099789440   0.0206287077  -0.0033506031
17718   0.0399455231  -0.0108330716  -0.0449090979   0.0029899500   0.0144210008
17719   0.0596128019   0.0651205807   0.0237135201  -0.0125632669  -0.0050043691
17720   0.0504645764  -0.0142874022   0.0692139625   0.0469503913  -0.0144606375
17721  -0.0330788700  -0.0026662596   0.0139682697  -0.0329039246   0.0122012045
17722  -0.0188757698   0.0074406344  -0.0366036815   0.0025213432   0.0301890826
17723   0.0405872000  -0.0803509119   0.0985259692   0.0308213045  -0.0702855381
17724   0.0190569393  -0.0083789879   0.0221511689  -0.0336198685   0.0599897048
17725   0.0390636294  -0.0311717075   0.0271677343  -0.0100032213  -0.0419962173
17726  -0.0408235577   0.0256694041  -0.0230694785   0.0066590038  -0.0326944425
17727   0.0369780635  -0.0296293437  -0.0340692160   0.0131818238  -0.0216156194
17728  -0.0150226073   0.0549150369  -0.0536227429  -0.0633008595  -0.0457153134
17729   0.1245420939  -0.0491774899  -0.0472899382  -0.0557257040  -0.0222798560
17730  -0.0109134960  -0.2463469263   0.0492334168   0.2078271393   0.1081260062
17731  -0.1024580127  -0.0153619702  -0.0524626407   0.0352112743   0.0163638811
17732  -0.2011567969  -0.0640233055   0.0868282575   0.0134026312  -0.0142203711
17733  -0.1397380948  -0.1495492820   0.0163108627   0.0449317905  -0.0295755353
17734   0.0500162967  -0.0099856022  -0.0144957822   0.0306789932   0.0186461146
17735  -0.0012135951   0.0018712056   0.0077942914   0.0016436811  -0.0314773225
17736   0.0085933454   0.0113156725   0.0250480496  -0.0002046584  -0.0002304819
17737  -0.0018162286  -0.0002731964  -0.0017321726   0.0031170183   0.0075298634
17738  -0.0010337353  -0.0022400028   0.0027517940  -0.0002150554   0.0014082166
17739  -0.0061994341   0.0098444177  -0.0017854913  -0.0130679048  -0.0097030373
17740   0.0002858551   0.0004799553  -0.0020564390   0.0004838831   0.0000437937
17741   0.0028457604   0.0001857703   0.0003424424  -0.0018531931   0.0029509305
17742   0.0020226551   0.0019801438   0.0041670703   0.0000140764  -0.0018135774
17743  -0.0079912328  -0.0156116890   0.0003848812   0.0014225052   0.0016242786
17744   0.0034966477   0.0000250674  -0.0000659274  -0.0000242871  -0.0000228717
17745   0.0000845187  -0.0000232661  -0.0000334352  -0.0000178814   0.0000031112
17746  -0.0000054659  -0.0000053579  -0.0000058970   0.0000398669   0.0000698922
17747  -0.0000011079  -0.0000512240   0.0000019850  -0.0000436277
178 1   0.0587473061  -0.1173575543  -0.0936969160   0.1131183623  -0.0334376864
178 2   0.0269107999   0.0810461632   0.0828332074   0.0403277054   0.0627742614
178 3  -0.1237892117  -0.0866307472   0.0669050026   0.0222917272   0.0066433268
178 4  -0.0277450378   0.0093150873   0.0133931451  -0.0161619849   0.0032834109
178 5  -0.0173324365  -0.0052842275  -0.0168450950   0.0259675127  -0.0242733422
178 6   0.0326523568   0.0246033338  -0.0178581905   0.0043640137   0.0143067416
178 7   0.0041337088   0.0287674217  -0.0222097792  -0.0024420043   0.0144546169
178 8  -0.0118246567   0.0305829065  -0.0086898450   0.0058091014   0.0007747629
178 9   0.0005153527   0.0079652694   0.0064110692   0.0028412717   0.0104662246
17810  -0.0008734592   0.0093291047   0.0014484189  -0.0035777106  -0.0127752774
17811  -0.0095177029  -0.0021716587   0.0022224154  -0.0011648634   0.0119172749
17812  -0.0116930073   0.0045751316  -0.0040662288   0.0118549086  -0.0033538195
17813   0.0027337877  -0.0003322070  -0.0026860233   0.0034303890   0.0059617315
17814   0.0137701652   0.0032760211  -0.0091756372   0.0054525930  -0.0013104996
17815   0.0043756422   0.0066343511  -0.0035154172   0.0039419659   0.0037004290
17816  -0.0024167460  -0.0014879679  -0.0018007578  -0.0038206483   0.0040276740
17817   0.0015660532  -0.0033529039   0.0069485134  -0.0007172675  -0.0027333675
17818  -0.0022316129   0.0005069641   0.0030159378  -0.0000175615  -0.0012451820
17819  -0.0016835474  -0.0006166089  -0.0034377968   0.0021802160  -0.0021311054
17820  -0.0021896299   0.0022416078   0.0016263977  -0.0007891554  -0.0003182082
17821   0.0072023378   0.0027735697  -0.0036943045   0.0029553299  -0.0037111416
17822  -0.0005733958  -0.0027522420  -0.0001944417  -0.0038977368   0.0021368565
17823  -0.0040435588   0.0007500488  -0.0034325073   0.0003623690   0.0043654833
17824  -0.0013079052  -0.0006639440  -0.0025837187  -0.0009666270  -0.0035229969
17825   0.0004074007  -0.0038408489   0.0049312122  -0.0039653933  -0.0024547961
17826  -0.0022279456   0.0019524129  -0.0006066344  -0.0076428759  -0.0044107772
17827  -0.0003668439   0.0118376500   0.0167392699  -0.0185891681   0.0014501480
17828   0.0250712995   0.0884672715   0.0071718341   0.0116510315  -0.0138318189
17829   0.0261881818  -0.0058722588  -0.0022297065  -0.0226168501   0.1142689626
17830  -0.1275537857   0.0157352159  -0.0349219762   0.1072955305  -0.0580974114
17831   0.1815727300  -0.0004862640  -0.0001917057   0.0272387264   0.0742293911
17832   0.0134430342   0.0002892298  -0.0012677416  -0.1077286700   0.0217284008
17833  -0.0066083269   0.0026379251  -0.0043025637   0.0097523410  -0.0242260706
17834  -0.0823830070   0.0082541519   0.0130383449   0.0021021397  -0.0517242629
17835  -0.0029341089  -0.0023839331  -0.0171275318  -0.0216854250   0.0543524322
17836  -0.0005110077   0.0001666099  -0.0021766219   0.0003929579  -0.0000148060
17837   0.0005358509  -0.0003420586   0.0047145909  -0.0013100331  -0.0050991935
17838   0.0077637424   0.0078873018  -0.0047693026  -0.0050709318  -0.0003421868
17839   0.0005340647  -0.0036472418   0.0055205544   0.0019130410   0.0017612801
17840  -0.0004317224  -0.0001905110   0.0005183584   0.0006423718   0.0001686961
17841  -0.0000027043  -0.0005384866  -0.0001059900  -0.0008606278  -0.0009503938
17842   0.0058179313   0.0038334101  -0.0003358076  -0.0052295506  -0.0010585060
17843  -0.0013217132  -0.0000132885  -0.0016764011  -0.0000182720  -0.0007450857
17844  -0.0002831797   0.0000017297  -0.0000302016  -0.0000009653  -0.0000171333
17845   0.0000147863  -0.0000155726   0.0000025267   0.0000031678  -0.0000022675
17846   0.0000000156  -0.0000111519   0.0000101207  -0.0000691827  -0.0001468250
17847   0.0000513478  -0.0001451275   0.0000160113   0.0000142428
179 1  -0.1486360522   0.1051018743   0.0852013104  -0.0752570505   0.0994792755
179 2  -0.0694284683  -0.0642610281  -0.0053486145   0.0359720671   0.0786926101
179 3  -0.0616122424  -0.1327424134   0.0726232351  -0.0058718791  -0.0190856261
179 4   0.0143910186   0.0007034691  -0.0661679585   0.0049824378   0.0340471377
179 5   0.0204945919  -0.0051279410  -0.0141034728   0.0320503330   0.0557556773
179 6   0.0031859577  -0.0069216956  -0.0147583178  -0.0088469585  -0.0193528227
179 7  -0.0183084225   0.0222214310   0.0107250194  -0.0154353577  -0.0265280497
179 8   0.0054826020  -0.0176995613  -0.0149467175  -0.0234709995  -0.0086257411
179 9   0.0015638891  -0.0198043172   0.0378157943  -0.0295304387   0.0062464218
17910  -0.0145163280   0.0216000240  -0.0104906691   0.0139918384  -0.0088682697
17911  -0.0163802590  -0.0118400062   0.0309010345   0.0219649595   0.0360090181
17912   0.0105152112   0.0263797000  -0.0141923770   0.0367611702  -0.0205185271
17913   0.0269585608  -0.0184367524  -0.0317579512  -0.0024460517   0.0547217551
17914   0.0505788897   0.0042376170  -0.0533405165   0.0307925943  -0.0256228563
17915  -0.0314640613   0.0126644827  -0.0115169108   0.0053005256  -0.0077320364
17916   0.0020235589   0.0173937267  -0.0072010177  -0.0305914032  -0.0072199995
17917  -0.0115096848  -0.0413544506   0.0630882004   0.0268382345  -0.0634652811
17918   0.0017599179   0.0712811242   0.0600234553  -0.0469019707  -0.0344631899
17919  -0.0451535226  -0.0131318572   0.0078890558  -0.0059168206   0.0268648960
17920  -0.0252823095   0.0020086396  -0.0388420780  -0.0161235089  -0.0026789188
17921  -0.0023894102  -0.0103856335   0.0113510783  -0.0056196388   0.0047696802
17922   0.0013562750   0.0044536313   0.0048656428  -0.0024026553  -0.0086573522
17923  -0.0133157059   0.0185693585  -0.0210128636  -0.0057243929   0.0063046853
17924  -0.0011506316  -0.0003198347   0.0072825809   0.0106838798  -0.0010326937
17925  -0.0016716369   0.0043099838  -0.0034758695   0.0033950170   0.0083433742
17926  -0.0033476253  -0.0102758204   0.0072644774   0.0078821053   0.0087693438
17927  -0.0197110300   0.0150716194   0.0191622167  -0.0173512594   0.0202581552
17928   0.0033448916  -0.0207061570   0.0092634965   0.0147467350  -0.1011406763
17929  -0.0249200268   0.0307433716  -0.0735920869   0.0092896036   0.0015828663
17930  -0.0008304442   0.1233195929   0.0233816036   0.0156921511   0.2153633491
17931   0.0439889764  -0.0871058590  -0.0984591020  -0.0006403575   0.0015336811
17932  -0.0064908714  -0.0344358583  -0.0336479486  -0.0219328816  -0.1102169620
17933  -0.0009162732   0.0028415763   0.0071887324  -0.0003955506  -0.0004756138
17934   0.0009509071  -0.0015163166   0.0016805553   0.0616102050  -0.0025520906
17935  -0.0020183782   0.0007954181   0.0073936159  -0.0063452092   0.0042461770
17936   0.0144774641   0.0178404536   0.0401987279  -0.0004520473  -0.0001461626
17937  -0.0010961585  -0.0006985699   0.0004000327   0.0007979381   0.0057099712
17938   0.0040056341   0.0003497198   0.0021227246  -0.0022270741   0.0039426155
17939  -0.0040162300  -0.0014829862   0.0025050302  -0.0084471109  -0.0036130635
17940  -0.0002438600   0.0005821336   0.0004787022   0.0006869159  -0.0001539820
17941   0.0029679335   0.0003546227  -0.0002970348  -0.0004260872   0.0023458596
17942   0.0002607910   0.0005749403   0.0037138122   0.0000068307  -0.0023916444
17943   0.0010429890  -0.0066083998  -0.0000779825   0.0044056060  -0.0005664959
17944   0.0045992004  -0.0000086047  -0.0000661332  -0.0000051334   0.0000334235
17945   0.0000030793   0.0000104615  -0.0000056150   0.0000079857  -0.0000047226
17946  -0.0000059771  -0.0000087167  -0.0000041895  -0.0000186963  -0.0000930047
17947  -0.0000009372   0.0000845058   0.0000117362  -0.0000088276
180 1  -0.2237150759   0.0660714654   0.0274038338  -0.0118771687  -0.0211600396
180 2   0.0127335859  -0.0155733554   0.0458748325  -0.0999857071   0.0092046298
180 3   0.0122579644  -0.0269686558   0.0134541875  -0.0075679577  -0.0292948278
180 4   0.0336187972   0.0026587604  -0.0527533911  -0.0664833835  -0.1114331472
180 5   0.1114700505  -0.0718241807   0.1284172890   0.1768652582   0.0327468490
180 6   0.0475306463   0.0978469723  -0.0538171779  -0.0468695746  -0.0785876240
180 7   0.1169995222   0.2141243308  -0.1772625717   0.0551669420  -0.0776404587
180 8  -0.0672598319   0.0848609898  -0.2422837145  -0.1239540857  -0.0973635069
180 9  -0.0509149760  -0.0640812901   0.1401601962  -0.1566788372   0.0700036817
18010  -0.0404817332   0.2212970420  -0.0939521839   0.0573931289   0.0459864689
18011  -0.0700049703  -0.0351370872   0.0618738728   0.0591159897   0.1229738716
18012   0.1142367176   0.0071298501   0.0198347586   0.1110116479   0.0275282717
18013   0.2723473144  -0.0046723117  -0.0722630396  -0.0334416864   0.2646785148
18014   0.2002412324  -0.0103030807  -0.1610520191   0.0786580760  -0.0082666897
18015  -0.0878746875   0.0248516695  -0.0345540573   0.0463240256  -0.0066035886
18016   0.0016158082   0.0432884305  -0.0288538732   0.0399543913   0.0285473243
18017   0.0051597544  -0.0195975616   0.0459898384  -0.0153406368   0.0122863553
18018   0.0320353122   0.0040585322  -0.0752628775   0.0179359730   0.0798847930
18019   0.0262827585   0.0048929977  -0.0594841374   0.0626419981  -0.0596580738
18020   0.0122160352   0.0559019927   0.0911336253   0.0497778160   0.0299962391
18021  -0.0000630803   0.0254149953  -0.0104360541   0.0255262194   0.0161071453
18022   0.0217790290  -0.0218546910   0.0310133669   0.0114465626  -0.0011713316
18023  -0.0723762285   0.0819034121  -0.1057862260  -0.0209887508   0.0341210282
18024  -0.0155349349   0.0012210459   0.0461267527   0.0150704004   0.0064015548
18025   0.0153900526   0.0011474712   0.0128579694  -0.0089129989   0.0073443466
18026  -0.0756335421  -0.0347263521   0.0259881665   0.0327614878   0.0132751339
18027  -0.0385480583   0.0645827891   0.0699987569  -0.0784042839   0.0615549076
18028   0.0308329075  -0.0427577406   0.0224490411   0.0245604078   0.0205150083
18029   0.0059657118  -0.0121926922   0.0350794044   0.0002114180  -0.0002855910
18030   0.0006751148   0.0036448728  -0.0200153921  -0.0028570940  -0.0448836665
18031  -0.0080778059   0.0183293842   0.0142882331  -0.0016942098   0.0018266771
18032   0.0025622182   0.0211475697  -0.0049409596   0.0030378284   0.0215613942
18033   0.0000559306   0.0070126968  -0.0030456859  -0.0035838708  -0.0001628594
18034  -0.0018963208   0.0009192702  -0.0022076875  -0.0128757895  -0.0004945012
18035   0.0003550163  -0.0006926504  -0.0022658385   0.0015788752   0.0008029919
18036  -0.0025800890  -0.0032160471  -0.0069674688   0.0000811024  -0.0000159586
18037   0.0001628078   0.0000836875  -0.0000258310  -0.0000804886  -0.0011183679
18038  -0.0006552046  -0.0000110971  -0.0006753467   0.0005842782  -0.0004478845
18039   0.0008469520  -0.0000331313  -0.0002998375   0.0006926130   0.0012699898
18040   0.0000638370  -0.0000853998  -0.0000770860  -0.0000866578   0.0000224592
18041  -0.0004956023  -0.0001061106   0.0000817557   0.0000477240  -0.0002588285
18042  -0.0003874478  -0.0002345547  -0.0002349262   0.0000916521   0.0003620416
18043  -0.0002257364   0.0000235811   0.0002140116  -0.0007520929   0.0000471161
18044  -0.0000153276   0.0000160875  -0.0000486992   0.0000270516  -0.0000260139
18045   0.0000050759  -0.0000204424   0.0000099817  -0.0000369676   0.0000010054
18046  -0.0000014879   0.0000074209   0.0000074561  -0.0000145633  -0.0000106555
18047  -0.0000225542   0.0000216762  -0.0000127798   0.0000170855
181 1   0.0704760675  -0.0657647334  -0.0808479316   0.0885163332  -0.0395549081
181 2   0.0506569193   0.0595854672   0.0557166475   0.0357830636   0.0811991045
181 3  -0.0734841533  -0.0810936798   0.0859307216   0.0813447159   0.0552442356
181 4  -0.0264541423  -0.0105425209   0.0112513759   0.0299487141  -0.0197175880
181 5  -0.0191756412  -0.0523312983  -0.0188775834   0.0442976515  -0.0335326250
181 6   0.0259742401   0.0275078976   0.0129809185  -0.0286312580   0.0001440198
181 7  -0.0090095817   0.0333858622  -0.0156277317  -0.0084012406   0.0101803587
181 8   0.0096888961   0.0240666131  -0.0111723210  -0.0019246932   0.0101664416
181 9   0.0083498233   0.0054125174   0.0101203030   0.0027055114   0.0157933813
18110  -0.0132483674   0.0057858672  -0.0118383362   0.0076109746  -0.0379387755
18111  -0.0531394180   0.0103332924  -0.0222805712   0.0081441207   0.0218652028
18112  -0.0398957926   0.0053801745   0.0035322386   0.0242684316   0.0262025619
18113   0.0329210005  -0.0161811449   0.0057638487  -0.0143854135   0.0480019305
18114   0.0382106783   0.0008778718  -0.0224999704  -0.0472376640   0.0347370969
18115   0.0010888449   0.0184756617   0.0018371089   0.0559763832  -0.0341695059
18116   0.0345580219   0.0202503033   0.0471479735   0.0946369006   0.0633611094
18117   0.0096527072   0.0632905333  -0.0337229297  -0.0725386942   0.0889681944
18118  -0.0087794101   0.0055106866  -0.0864661715   0.0387093589   0.1308108078
18119   0.0330634559  -0.1428648068  -0.0349490303  -0.0161710387   0.0798462438
18120  -0.0922069930   0.0072707938  -0.1689935479  -0.1016739684  -0.0178784552
18121   0.0510123224  -0.1349928416   0.0679331943  -0.0262914115   0.0070449513
18122  -0.0397049089   0.0889646938  -0.0012482853  -0.0290970613  -0.0055093723
18123   0.0213627540  -0.0325508907   0.0484459812   0.0418457352  -0.0973738379
18124   0.0486790186  -0.0304330587   0.0465976768   0.0299030777   0.0628677035
18125   0.0036510693   0.0629274241  -0.0934801875   0.0811260305   0.0870323099
18126   0.0566944677  -0.0829189691   0.0606222947   0.0661034990   0.0558710517
18127  -0.1744058939   0.0935467063   0.1482732308  -0.1299897168   0.1843510851
18128   0.0420662078   0.1285869388   0.1717888432  -0.2396991312  -0.1832855937
18129   0.0395459560   0.1423183013   0.3128345937   0.2611306408  -0.2208555417
18130   0.0534813436  -0.0801723328  -0.0687658914   0.0096253961   0.0425178821
18131  -0.0306317000  -0.2027639475   0.1431855388   0.1919166786   0.0647006266
18132   0.0619956912  -0.0090537150   0.0561246466  -0.0110258250   0.0032368516
18133  -0.0271182686   0.0356907658   0.1229913800   0.0226197679  -0.0185227780
18134  -0.1176857703   0.0115332802  -0.0053664979   0.1284644523  -0.0936003374
18135  -0.0056279938   0.0058016114  -0.0304825773   0.2878184201  -0.0373542053
18136  -0.0308242470  -0.2260696032   0.1276814720  -0.0186029715   0.3233638160
18137  -0.0077879277   0.3341295659  -0.0519176722  -0.0236273076   0.0474465046
18138   0.2290718423   0.0067743959  -0.0035385840   0.1672486521   0.0407736868
18139   0.0513641246   0.1324954640   0.1221034402   0.2178085477  -0.1344603091
18140   0.2725750674  -0.1504724155   0.3147064968   0.0511674460  -0.1816589881
18141   0.2319244437   0.0322684080   0.3757507005  -0.0235681220  -0.1303941967
18142   0.0292942958  -0.1967827700   0.1789587495  -0.0984089121   0.0332414497
18143  -0.1521075458   0.1140689515  -0.1572795883  -0.1053966617  -0.0777391324
18144   0.0466662737  -0.0103772716  -0.1124188166   0.0006055469  -0.0008562572
18145  -0.0001992981   0.0034375912   0.0003760348  -0.0227348442   0.0003709066
18146  -0.0120407529   0.0000617095   0.0114146003  -0.0000084077   0.0000334898
18147   0.0003160979  -0.0002520215  -0.0016298704  -0.0000194344
182 1  -0.1716592266  -0.0434143970   0.0415953376   0.0222476126   0.1264541513
182 2  -0.1404081004   0.0062127505   0.0535096314   0.0319487611   0.0194993794
182 3  -0.2150079159  -0.1566430907   0.0011852417  -0.1907869774  -0.2180892465
182 4   0.1248699620   0.1198929817  -0.0942833698  -0.0679810473   0.0577964154
182 5   0.0467041539   0.0925153281  -0.1034053899  -0.0110821131   0.0354920699
182 6   0.0475002319   0.0296248443  -0.0022931478  -0.0711472982   0.0287894254
182 7   0.0048497046   0.0022201357   0.0417164242   0.0214457790   0.0117544260
182 8   0.0233741170  -0.0154754656   0.0127467825   0.0248866535   0.0062051567
182 9  -0.0038546520  -0.0263858831   0.0378077017  -0.0268558931   0.0318319099
18210  -0.0837427448  -0.0219647279  -0.0201617356  -0.0879637457   0.0547598353
18211   0.1233261198  -0.1018552332   0.0734573841   0.0421910557  -0.0197308945
18212   0.0328221639   0.0000406652  -0.0385295863   0.0398644669  -0.0961118555
18213  -0.1080388252  -0.0394215505  -0.0486024251   0.0578330999  -0.0271061801
18214  -0.0684364893  -0.0471309074   0.0296547315   0.0037460574  -0.0709520832
18215   0.0497414127   0.0097938406  -0.0286967681  -0.0093251352   0.0440304199
18216   0.0610793532   0.0599801499   0.0882521304  -0.0612203076  -0.1185652799
18217   0.1045227234   0.1194243483  -0.2170932978  -0.0438646035   0.1273351317
18218   0.0177226686  -0.1640929825  -0.1061580635   0.1852336180   0.1080965173
18219   0.1482910937   0.0077895796   0.0736944003   0.0056133412  -0.0784620066
18220   0.0577429274   0.0246851304   0.1113935252  -0.0473864221   0.2102889234
18221  -0.0990850816   0.2026861327  -0.1018468434   0.1915368538  -0.0804545211
18222   0.1000152726  -0.1811423558  -0.0177220235  -0.0480570218   0.0827971568
18223   0.1135655350  -0.1051759132   0.0079447041  -0.0284091768   0.2505540469
18224  -0.1223053765   0.0693902260  -0.2347937705  -0.0901127201  -0.2377668354
18225  -0.0403122469  -0.1917462460   0.2046990409  -0.2117456733  -0.1961470221
18226  -0.0936909819   0.1602561007  -0.1013285986  -0.0934047050  -0.1076176264
18227   0.2576728644  -0.1057952762  -0.1592676497   0.1399252632  -0.2118814183
18228  -0.0768026273  -0.1899574793  -0.1801898592   0.2936313610  -0.0284711067
18229   0.0391191990  -0.1176975804  -0.0726184781  -0.0880064328   0.0418292629
18230   0.0605525407   0.0145382299   0.0273470354   0.0263144581   0.0600237067
18231   0.0670112115   0.1133586638   0.0730115020   0.0026182732  -0.1487855276
18232  -0.0038331689  -0.0752667058  -0.0470891683   0.0690806966   0.0368605742
18233  -0.0183337513   0.0229236594   0.0872287793   0.0066184488  -0.0227703451
18234  -0.0698434937   0.0066317960   0.0011100890   0.0639213487  -0.0351625346
18235  -0.0111716812   0.0004272478  -0.0035953027   0.0416436342  -0.0022143062
18236   0.0081444742   0.0855178111  -0.0560651782  -0.0151726258   0.2938630322
18237  -0.0073393208   0.3292458865   0.0266509653   0.0093046488  -0.0193193149
18238  -0.0821210683  -0.0065015485   0.0007515474  -0.0435513504  -0.0135694031
18239  -0.0357428539  -0.0465977472  -0.1232019821  -0.0406531237   0.1210293518
18240   0.1054452184  -0.0553462542   0.1941171584   0.0493234187   0.0506536056
18241   0.1856475620   0.0259847234  -0.0565593998  -0.0823035256   0.1913969089
18242  -0.2808736708   0.3679595052  -0.2848488938   0.0600211403   0.0454737598
18243  -0.0069307140  -0.0424729280   0.1100358129   0.0215948061  -0.0526219043
18244   0.0390147248  -0.0523569394  -0.5220971635   0.0033717004  -0.0037536141
18245  -0.0004220885   0.0138073679   0.0021994043  -0.1365288664   0.0007308013
18246  -0.0246427118  -0.0000357650   0.0268999268  -0.0001459816   0.0000491717
18247  -0.0002971327  -0.0007329778   0.0023219080  -0.0001324058
183 1   0.1021651920  -0.0167906511   0.0430384779  -0.0380746364  -0.0704934826
183 2   0.0256425292  -0.0607299767   0.1486490332  -0.0092332240   0.0410309963
183 3  -0.0071889367   0.0496251008   0.0655574768   0.0028278008   0.0625310762
183 4  -0.0230845401  -0.0110972523   0.1184554540   0.0166479190   0.0782042708
183 5   0.0786124632   0.0524937747  -0.0914525654  -0.0568367641   0.0897615508
183 6  -0.0364511922  -0.0480338390  -0.0118402353  -0.0231052716   0.0175959384
183 7  -0.0536663219  -0.0309982197   0.0721755549  -0.0003651215   0.0334568174
183 8   0.0497487803  -0.0223945870   0.0407184241   0.0235040449  -0.0608762059
183 9  -0.0644639170  -0.0343416020  -0.1458167652   0.0519125549  -0.1814712583
18310   0.2240025567   0.0269212585   0.0048281457  -0.0346127471   0.2302956123
18311   0.2016627743   0.0008903408  -0.0338451564  -0.0818625345  -0.0948628704
18312   0.1546939942  -0.0854308791   0.0860696597  -0.1271683587   0.0336452548
18313  -0.0163386245   0.0377762771   0.0252150855   0.0233307244  -0.1605552265
18314  -0.1126174486   0.0109341216   0.0903919874   0.0110318734  -0.0037025120
18315  -0.0571806300  -0.1010408107   0.0780866280  -0.1149855182  -0.0225503262
18316  -0.1438267701  -0.1454197008  -0.1864384062  -0.0547491622   0.0174571467
18317  -0.1226810605  -0.2200217433   0.2158074445   0.1604640656  -0.2280227672
18318  -0.0072586005   0.1077137560   0.2283465517  -0.2478996391  -0.3129925605
18319  -0.1962678348   0.2614475393  -0.0387211393   0.0549281208  -0.0998170420
18320   0.1050043633  -0.0352131405   0.2168923343   0.2631648786  -0.2045079054
18321   0.0533983044  -0.0065356131  -0.0010669808  -0.1604016922   0.0642730358
18322  -0.0584660081   0.0783647223   0.0396121903   0.1087668082  -0.0841885774
18323  -0.1853666461   0.2053423451  -0.1077777334  -0.0356534516  -0.1890357910
18324   0.0810143227  -0.0447741008   0.2640567995   0.0672649417   0.2457833232
18325   0.0867557711   0.1444912090  -0.1177618250   0.1459434008   0.1231130173
18326   0.0224910424  -0.1091900194   0.0465309501   0.0545035883   0.0583635903
18327  -0.1433579208   0.0557592023   0.0527657371  -0.0546646278   0.0892663748
18328   0.0237441107   0.0545080346   0.0833581896  -0.1948657788   0.1267984462
18329  -0.0732690136   0.0617287648  -0.0660282677  -0.0018222278   0.0547977200
18330   0.0094945524   0.0250806907  -0.0062826281   0.0078724501   0.0073129080
18331   0.0019141633   0.0221063071  -0.0041898653  -0.0082864403  -0.0021459551
18332  -0.0254809210   0.0266914533  -0.0132266045  -0.0013384529   0.0006087478
18333   0.0146550491  -0.0134236645  -0.0031231280   0.0000537821   0.0032589225
18334   0.0056247434  -0.0008873983   0.0022988690  -0.0006318623  -0.0058040927
18335   0.0063665998  -0.0000151824  -0.0007874123   0.0086138854   0.0004715751
18336  -0.0042134933  -0.0367158406   0.0204522281   0.0077170752  -0.1498708733
18337   0.0036729796  -0.1655324051  -0.0218871705  -0.0080309859   0.0134546671
18338   0.0573075340  -0.0023942327  -0.0008174484   0.0697617764   0.0242502957
18339   0.0240904141   0.0058566896   0.0963052080  -0.0067586403  -0.0872156628
18340  -0.1272174067   0.0687987017  -0.2054250709  -0.0466061849  -0.0019818275
18341  -0.1817573055  -0.0250865554  -0.0330190876   0.0678663812  -0.1047682796
18342   0.1910913052  -0.2158038651   0.1583261727  -0.0253273559  -0.0378115738
18343   0.0243941304   0.0121329536  -0.0257153943   0.0182187570   0.0624143935
18344  -0.0404530511  -0.0803765752  -0.7888247116   0.0049661997  -0.0057813786
18345  -0.0003514396   0.0174166297   0.0023614370  -0.1849786831   0.0014995537
18346  -0.0500838720   0.0000317538   0.0526495081  -0.0002794646   0.0000385672
18347  -0.0002564543  -0.0009153708   0.0016189179  -0.0002495541
184 1   0.0297028027  -0.0851282741  -0.0629981201   0.0914140025  -0.0537621868
184 2   0.0695862223   0.0537433918   0.0887279991   0.0553695097   0.0822509414
184 3  -0.0811243836  -0.0731294933   0.0995853139   0.0939880927   0.1026221336
184 4  -0.1074437172  -0.0554550690   0.0479996324  -0.0225438281   0.0392702064
184 5  -0.0302459728  -0.0218567580   0.0345344708   0.0008577451  -0.0104497553
184 6   0.0245839845  -0.0223577206  -0.0297755467   0.0532019971   0.0152571408
184 7  -0.0034785268   0.0582194633  -0.0244070599  -0.0256211763  -0.0169251651
184 8  -0.0171390084   0.0121279214  -0.0122830682  -0.0018825865  -0.0320333314
184 9  -0.0266611725  -0.0145141089   0.0055789451  -0.0124028816  -0.0144131387
18410   0.0273535129   0.0241265408   0.0129420704  -0.0147166571   0.0425289034
18411   0.0597342337  -0.0182705951   0.0364690252  -0.0032767144   0.0053297580
18412   0.0347423922   0.0028970466  -0.0032989817  -0.0011995846  -0.0455355045
18413  -0.0320590610   0.0021160637  -0.0289332022   0.0224564702  -0.0219229970
18414  -0.0044128096   0.0105196263  -0.0154394178   0.0825847802  -0.0649599395
18415  -0.0332180362  -0.0202376260   0.0077643313  -0.0655767182   0.0298085255
18416  -0.0588697332  -0.0375177375  -0.0793459678  -0.1372090139  -0.0587258300
18417  -0.0398272886  -0.1361323252   0.1334152530   0.1224509746  -0.1933715583
18418  -0.0006661652   0.0864366343   0.1980152366  -0.1237805869  -0.2154661907
18419  -0.1152437748   0.1562597855   0.0374760464   0.0147391057  -0.0604897648
18420   0.0675944937  -0.0125621385   0.1430363088   0.1119518776  -0.0127817273
18421  -0.0211181900   0.1223497914  -0.0659650502  -0.0001512669  -0.0092060326
18422   0.0236207500  -0.0755094892   0.0132559756   0.0417489459  -0.0075861024
18423  -0.0563799380   0.0721520488  -0.0786529813  -0.0548695966   0.0751872112
18424  -0.0376865557   0.0257339730  -0.0070617073  -0.0045291658  -0.0294625232
18425   0.0054560066  -0.0336154621   0.0719338139  -0.0520236781  -0.0524527107
18426  -0.0399719590   0.0575346792  -0.0559565429  -0.0803243351  -0.0444787820
18427   0.1245036001  -0.0604133947  -0.1049393048   0.0844605184  -0.1646750936
18428   0.0206748772   0.1488549604  -0.0927972547   0.1395972994  -0.1177424501
18429  -0.1867362530  -0.3073393983   0.1241507895  -0.1380736538  -0.3944094462
18430  -0.0545263603   0.0163525320   0.0879312916  -0.0652866470  -0.0568387857
18431  -0.0158103823  -0.2729471927   0.1314724483   0.2055651823   0.1328869645
18432  -0.0027081295   0.0636657813   0.0313155500  -0.0191853383   0.0000649489
18433   0.0174688169  -0.0172428724   0.1266653981   0.0077585765  -0.0338632761
18434  -0.1064946704   0.0107209690   0.0253697311   0.1357261887  -0.1033172152
18435   0.0101564647   0.0072272496  -0.0366009530   0.3489020814  -0.0433334258
18436  -0.0430686824  -0.3167762796   0.1684853606   0.0128256098  -0.2785172714
18437   0.0070697115  -0.2962323947  -0.0825462808  -0.0345854431   0.0571072038
18438   0.2665338424   0.0114120401  -0.0040110203   0.1890820477   0.0474194736
18439   0.0626308426   0.1436511935   0.1716294295   0.2265744778  -0.1809388761
18440   0.2964427107  -0.1553430927   0.2370691821   0.0469323651   0.2306074593
18441   0.0160199528  -0.0107850386  -0.4265013398  -0.1820071313   0.1126996490
18442  -0.1718983012   0.0133125066   0.0502136321  -0.0472204160   0.0163777965
18443  -0.1351604764   0.0856253775  -0.0738506265  -0.0595799140  -0.0578504681
18444   0.0393145008   0.0029719188   0.0107848913  -0.0001379610   0.0001437071
18445  -0.0004985480   0.0033214213   0.0017230441  -0.0705613473  -0.0003066153
18446   0.0106372260  -0.0001628171  -0.0127821699  -0.0000064607   0.0000572495
18447   0.0010759484   0.0001156935  -0.0036593284  -0.0000088453
185 1   0.0811743655  -0.0195312736   0.0109604846  -0.0417811386   0.1255067573
185 2  -0.1793895187  -0.0179166295   0.0385083260   0.0494387622   0.0458265043
185 3  -0.1767651317  -0.1254630894   0.0200844044  -0.1883485249  -0.1954573050
185 4   0.1099674247   0.1270613431  -0.0713602664   0.0198528076   0.0613451191
185 5   0.0094997847   0.1185072834  -0.1922999939  -0.0234242137   0.1060733552
185 6  -0.0428735988   0.0339454051  -0.0524298539  -0.0018147496   0.0439970168
185 7  -0.0761231246  -0.1640925926   0.0961261015   0.0197146031   0.1112685576
185 8   0.0143843558   0.0003348384   0.1287547669   0.0744388029   0.0871637928
185 9   0.0479330643   0.0693801322  -0.1194165148   0.1234462128  -0.0995471262
18510   0.1110752031  -0.0931872403   0.0287424441   0.0474967949  -0.0547424824
18511  -0.0597285097   0.0822912288  -0.0943281555  -0.0771987951  -0.0289040772
18512  -0.0415805706  -0.0032040127   0.0196492096  -0.0849698013   0.0935448053
18513  -0.0096245238   0.0722522264   0.1067575754  -0.0034071288  -0.1504575109
18514  -0.0635687951  -0.0011213821   0.1153149270  -0.0832031001   0.1146468403
18515   0.0595688489  -0.0187403347   0.0148500105   0.0051432108   0.0100696261
18516  -0.0570477202  -0.0911604154  -0.0600581285   0.1275440952   0.1205912556
18517  -0.0563331129   0.0207218253  -0.0036120953  -0.0358266171   0.1105688580
18518  -0.0187023209  -0.1166354968  -0.1129400245   0.0132909195   0.0097086681
18519   0.0036836517   0.0598274632  -0.1185886544   0.0525288976  -0.0685101754
18520   0.0679295799  -0.0127480727   0.1002537524   0.1393902668  -0.1920997857
18521   0.1169380703  -0.1192604843   0.0318266963  -0.1372867371   0.0661304711
18522  -0.0704680791   0.1335800596   0.0390682575   0.0402532605  -0.0507594928
18523  -0.1136547020   0.1296780105  -0.0359017041   0.0172184695  -0.2273944949
18524   0.0963100506  -0.0571063689   0.2496522734   0.0597506397   0.2512954945
18525   0.0805084853   0.1580221330  -0.1616665902   0.1723341096   0.1515164006
18526   0.0462245401  -0.1438326190   0.0826977812   0.1126168383   0.0962281052
18527  -0.2232796413   0.0812467853   0.1123754628  -0.1005151699   0.1991078351
18528   0.0035471541  -0.0627930194   0.1427924875  -0.2850011369   0.1530119196
18529  -0.0037473433   0.1810168780  -0.0785185589   0.0380566171   0.1529191349
18530   0.1177047194   0.0431947779  -0.0034111078   0.0479460743   0.0947777751
18531   0.0753903834   0.1303455784   0.0952976236   0.0198924201  -0.1406619442
18532  -0.0704480044   0.0005918985  -0.0817930465   0.0659400211   0.0397087575
18533   0.0177249691  -0.0096190037   0.1006707086   0.0145083996  -0.0153510935
18534  -0.0803831665   0.0072000667   0.0121599619   0.0840872122  -0.0569038946
18535   0.0082189479   0.0024516413  -0.0107726361   0.1073535672  -0.0104822080
18536  -0.0045959471  -0.0090690518  -0.0125922849   0.0154975488  -0.2956522842
18537   0.0080136030  -0.3320054056  -0.0121254199  -0.0050693971  -0.0058746112
18538  -0.0276313362   0.0038640608  -0.0011817810   0.0000382098  -0.0101352795
18539  -0.0242105686  -0.0178939494  -0.1091464076  -0.0101702734   0.1063083732
18540   0.0909746578  -0.0536203566   0.2164348712   0.0498940417  -0.0615747754
18541   0.2333186591   0.0355642907   0.1541875660  -0.0327264863   0.1216014560
18542  -0.2073163427   0.3074634684  -0.2499556198   0.0485114745   0.0450835225
18543  -0.0043985237  -0.0366161712   0.1061921726   0.0267225066  -0.0396546941
18544   0.0284481584  -0.0145395117  -0.1232631282   0.0011449292  -0.0018929889
18545   0.0038309196  -0.0263286030  -0.0141381873   0.5743519153   0.0034754863
18546  -0.1184511693   0.0015118073   0.1198576623   0.0001931300  -0.0001854303
18547  -0.0047447255  -0.0018242477   0.0129944489   0.0001965136
186 1   0.1163036977  -0.0136996193   0.0395627850  -0.0407102340  -0.0688901397
186 2   0.0219774088  -0.0609725655   0.1442700454  -0.0108287902   0.0419098099
186 3  -0.0046771021   0.0499865282   0.0645184880   0.0015496335   0.0581540718
186 4  -0.0145190503  -0.0054085204   0.1154442816   0.0272245651   0.0703816074
186 5   0.0783277273   0.0492439984  -0.1023572951  -0.0519964090   0.0896833796
186 6  -0.0397782702  -0.0415832460  -0.0092457128  -0.0286098911   0.0165665094
186 7  -0.0576489175  -0.0404797809   0.0752760049   0.0016633181   0.0399104310
186 8   0.0515223373  -0.0198553794   0.0449809303   0.0257296767  -0.0523670355
186 9  -0.0583892764  -0.0272641530  -0.1521927174   0.0596095792  -0.1828342629
18610   0.2272806382   0.0217633941   0.0041282365  -0.0254941889   0.2155623040
18611   0.1799882301   0.0130699967  -0.0482566658  -0.0860512182  -0.0936770076
18612   0.1425610237  -0.0853688800   0.0892846848  -0.1305506270   0.0510694046
18613  -0.0040079873   0.0419817613   0.0364260861   0.0161530401  -0.1577022113
18614  -0.1077509075   0.0116769346   0.0932576184  -0.0064761404   0.0160366921
18615  -0.0530677293  -0.0980560873   0.0798099123  -0.1001158838  -0.0309634578
18616  -0.1390631776  -0.1459924215  -0.1792950211  -0.0198509148   0.0425496667
18617  -0.1251961112  -0.2017845108   0.2068353772   0.1386438820  -0.1970989154
18618  -0.0098452090   0.1012533339   0.1954999821  -0.2368308859  -0.2776843533
18619  -0.1865979777   0.2291615585  -0.0560942959   0.0533322676  -0.0829061052
18620   0.0870682525  -0.0343461583   0.1799278969   0.2466568201  -0.2240184098
18621   0.0731796045  -0.0510518401   0.0199608695  -0.1787531884   0.0721660703
18622  -0.0747420777   0.1122514452   0.0416115712   0.1046264632  -0.0906493106
18623  -0.1869602444   0.2045391124  -0.0955278773  -0.0216053655  -0.2319719597
18624   0.1013410025  -0.0572771863   0.2932641438   0.0782901257   0.2804087355
18625   0.0918660193   0.1728294439  -0.1547026449   0.1798878501   0.1565852488
18626   0.0405573343  -0.1411850933   0.0700092367   0.0828296347   0.0801229844
18627  -0.2036108975   0.0828660683   0.0961534844  -0.0915212621   0.1514308296
18628   0.0300917792   0.0591249870   0.1313072345  -0.2697398700   0.1269062275
18629  -0.0483244454   0.1327557694  -0.0423306156   0.0558300907   0.0823714380
18630   0.0226422403   0.0136315784  -0.0294656450   0.0189286624   0.0182345716
18631   0.0008880551   0.0356868268  -0.0060073856  -0.0175356933  -0.0139461683
18632  -0.0222820378   0.0155946481  -0.0183089651   0.0035104996   0.0018522206
18633   0.0101672327  -0.0080666020  -0.0123128099   0.0033207847   0.0080833065
18634   0.0069589889  -0.0007560832  -0.0032475414  -0.0140334751   0.0131884114
18635   0.0057792553  -0.0006545864   0.0048331386  -0.0470815763   0.0058432227
18636   0.0072625273   0.0593038981  -0.0369040378   0.0068053951  -0.1186284744
18637   0.0032829805  -0.1360107920   0.0203674622   0.0081280954  -0.0215395019
18638  -0.0991589075   0.0054170716   0.0008258119  -0.1024097525  -0.0361267255
18639  -0.0342540137  -0.0272615431  -0.1379387033  -0.0324289239   0.1305279510
18640   0.0660398688  -0.0385076975   0.1715569594   0.0401901022  -0.0491411788
18641   0.1922265804   0.0294460830   0.1246464717  -0.0313963083   0.0947352660
18642  -0.1720340149   0.2443072259  -0.1970653393   0.0468177304   0.0343639198
18643   0.0117514153  -0.0412403662   0.0650923191   0.0079326072  -0.0428966378
18644   0.0298471069   0.0241218520   0.1841652025  -0.0015081915   0.0024067623
18645  -0.0047463628   0.0325193679   0.0177641077  -0.7262321984  -0.0047378952
18646   0.1616061330  -0.0020244071  -0.1624536163  -0.0002273697   0.0002473223
18647   0.0057153312   0.0021837745  -0.0141650230  -0.0002387959
187 1   0.0538233369  -0.1060408717  -0.0808420481   0.1076551158  -0.0423879251
187 2   0.0453256389   0.0694821177   0.0864308366   0.0472661778   0.0709155459
187 3  -0.1089043203  -0.0805549054   0.0819140228   0.0507450457   0.0430744079
187 4  -0.0522268843  -0.0116021239   0.0269866667  -0.0123927563   0.0185581535
187 5  -0.0221350322  -0.0158398194  -0.0085695360   0.0089468754  -0.0200008197
187 6   0.0313148094   0.0070636358  -0.0171521748   0.0151872848   0.0194167565
187 7  -0.0050358392   0.0336674677  -0.0105706397  -0.0117387248   0.0103256675
187 8  -0.0057413258   0.0214861280   0.0004234345   0.0091858602  -0.0061540601
187 9  -0.0123704892  -0.0018115869   0.0006272998   0.0026588209  -0.0046011178
18710   0.0074564541  -0.0004624125   0.0015129825  -0.0153978195   0.0128947564
18711   0.0278578855  -0.0142641726   0.0095183288  -0.0038781538  -0.0001835643
18712   0.0049251201  -0.0027186969  -0.0037270963   0.0031969230  -0.0194531802
18713  -0.0239358578  -0.0010398050  -0.0057958836   0.0174477939  -0.0207165781
18714  -0.0130922648  -0.0036024927   0.0075883224   0.0157090716  -0.0166115020
18715   0.0069699626  -0.0047400210   0.0005734421  -0.0127073691   0.0130820560
18716  -0.0151677101  -0.0149590943  -0.0149502433  -0.0280619544  -0.0161726482
18717  -0.0041763430  -0.0112393964  -0.0037724662   0.0126193807  -0.0097316291
18718  -0.0010226526  -0.0232751432   0.0142521648   0.0063891296  -0.0263948923
18719  -0.0032562953   0.0390672760   0.0011516756   0.0150428373  -0.0388106978
18720   0.0295857896   0.0026561061   0.0639474202   0.0346251381   0.0109074495
18721   0.0061443726   0.0446853757  -0.0325274204   0.0200757461  -0.0131221056
18722   0.0143541897  -0.0315093127   0.0109671536   0.0025791087   0.0103001213
18723  -0.0121690447   0.0245235269  -0.0298787244  -0.0177025935   0.0277107319
18724  -0.0182386146   0.0105195074   0.0014295933  -0.0090634911  -0.0048903796
18725   0.0160820174  -0.0190740693   0.0311105839  -0.0258530223  -0.0241987833
18726  -0.0219684658   0.0187887946  -0.0232912647  -0.0182406430  -0.0110685882
18727   0.0337473753  -0.0185763212  -0.0340417288   0.0272221344  -0.0394125660
18728  -0.0120945443  -0.0084843261  -0.0188236508   0.0201073417  -0.1237586499
18729  -0.0735197930  -0.0771060803   0.0439424857  -0.0165306613  -0.1243469459
18730  -0.0198209939   0.0022242531   0.0183997723   0.0069553254   0.0165749134
18731   0.0429336402   0.0430855474   0.0870027820   0.0235772492  -0.1615382548
18732  -0.0513767393  -0.0751108228  -0.1088868631   0.1301506152   0.0687039635
18733   0.0019965551   0.0063171764   0.1311602735   0.0072462220  -0.0343533535
18734  -0.0934597219   0.0078921825   0.0139570065   0.0670080804  -0.0220344534
18735  -0.0077276531  -0.0023710904   0.0144378961  -0.1318365503   0.0256455159
18736   0.0446301317   0.3891403279  -0.2443433699   0.0055571427  -0.0786387929
18737   0.0020046447  -0.0688899482   0.0406923835   0.0149376181  -0.0743972226
18738  -0.3581666640  -0.0274454257   0.0052120628  -0.1101821716   0.0001596481
18739  -0.0054418509   0.0091098267  -0.0139307802   0.0352003943   0.0092482269
18740   0.1891725675  -0.0898015155   0.1315595874   0.0234262518   0.0120403384
18741   0.0600844458   0.0035729046   0.0009509289  -0.0747861786  -0.0691541121
18742   0.0083151415  -0.1805984998   0.1980872802  -0.0992998727   0.0258754771
18743  -0.0660609783   0.0785651831  -0.2370576114  -0.1400498342  -0.0422881282
18744   0.0129103480  -0.0171436240  -0.1327458253   0.0011866748  -0.0013854572
18745   0.0020328511  -0.0125010584  -0.0061306536   0.2188506731  -0.0150394507
18746   0.5132531543  -0.0054423648  -0.5568288408   0.0002272514   0.0004775931
18747   0.0053346222   0.0029041783  -0.0106813370   0.0001408348
188 1  -0.0216291116  -0.0490790041   0.0175638939  -0.0032742109   0.1295666496
188 2  -0.1742185104   0.0009676410   0.0523110461   0.0422015466   0.0276484765
188 3  -0.2134202078  -0.1411146343   0.0038342980  -0.2149252190  -0.2315757887
188 4   0.1295335947   0.1399968430  -0.0853788162  -0.0258692079   0.0633115625
188 5   0.0274301608   0.1208999730  -0.1675179470  -0.0252620968   0.0768068125
188 6  -0.0011526079   0.0375415112  -0.0351678909  -0.0328293281   0.0442972187
188 7  -0.0407572863  -0.1034664383   0.0789834301   0.0254288243   0.0794705056
188 8   0.0181291507  -0.0032193118   0.0883979689   0.0607103875   0.0590150120
188 9   0.0262703074   0.0317659582  -0.0568140617   0.0657032642  -0.0453481464
18810   0.0255817072  -0.0751627969   0.0071242669  -0.0161311616  -0.0067188732
18811   0.0273697832  -0.0011226433  -0.0246988961  -0.0299356239  -0.0326469531
18812  -0.0096158597  -0.0052173089  -0.0079819547  -0.0355077477   0.0100297246
18813  -0.0646068516   0.0275009941   0.0470039449   0.0295670193  -0.1166621984
18814  -0.0830967004  -0.0278465262   0.0963109222  -0.0538816164   0.0402173237
18815   0.0734439036  -0.0067274541  -0.0075377802  -0.0004958789   0.0321156153
18816  -0.0030508386  -0.0273390350   0.0113913338   0.0543279301   0.0128477193
18817   0.0219029821   0.0909454684  -0.1395602848  -0.0578562715   0.1618383426
18818  -0.0010988349  -0.1888203948  -0.1535657139   0.1286695671   0.0805978308
18819   0.0991247592   0.0434559379  -0.0411777136   0.0416496687  -0.0980690893
18820   0.0839542652   0.0074228742   0.1406462184   0.0689447524  -0.0037139725
18821   0.0233643054   0.0383834319  -0.0406429622   0.0237128469  -0.0026098249
18822   0.0143146320  -0.0175293813   0.0177667865  -0.0029825540   0.0176780913
18823  -0.0096273361   0.0283339306  -0.0210957015  -0.0050036561  -0.0070979059
18824  -0.0081408326   0.0025793825   0.0348676603  -0.0160114012   0.0341599922
18825   0.0376156216  -0.0082202881   0.0139278297  -0.0112090580  -0.0170838639
18826  -0.0289780074  -0.0004626497  -0.0068045357   0.0252249846   0.0033619075
18827   0.0055669842  -0.0145652568  -0.0286703795   0.0252740006   0.0084761772
18828  -0.0600609215  -0.2187519027  -0.0210210836  -0.0113631287   0.0904145437
18829   0.0242161146   0.0808476686  -0.1873662297  -0.0469109196   0.2372295008
18830   0.0809051657   0.0470981899   0.0061327327   0.0610333555   0.0962019655
18831   0.1038348471   0.2993472229   0.0471144713  -0.0977560389  -0.2983824931
18832  -0.0879055385  -0.0894284733  -0.1512052019   0.1472697496   0.0765829604
18833   0.0051246001   0.0047643600   0.0964521393   0.0099254242  -0.0179699035
18834  -0.0637818362   0.0047593225   0.0062692909   0.0396034019  -0.0121613835
18835  -0.0024525385  -0.0034907734   0.0177054338  -0.1625606763   0.0379018887
18836   0.0443874988   0.3535041554  -0.2066885939   0.0032897109  -0.0423330247
18837   0.0008002697  -0.0316471205   0.0219849280   0.0062381288  -0.0666760880
18838  -0.3264960448  -0.0196542475   0.0070962650  -0.1525410801  -0.0053659128
18839   0.0275005116   0.0808176143   0.0518892663   0.1319481067  -0.0637965300
18840   0.2874755968  -0.1418986971   0.1998642177   0.0341922804   0.0729328421
18841   0.0487507208  -0.0026887988  -0.1182180227  -0.1333195494  -0.0783706484
18842  -0.0045273433  -0.2703417272   0.2937454101  -0.1351712674   0.0279481438
18843  -0.1207178349   0.1225349740  -0.3174227966  -0.1886708678  -0.0720306565
18844   0.0310619401   0.0137013638   0.0982988976  -0.0009213460   0.0009916238
18845  -0.0015967812   0.0100491716   0.0045968867  -0.1611247473   0.0112295751
18846  -0.3830314276   0.0040268049   0.4118841732  -0.0001540037  -0.0003990070
18847  -0.0047616126  -0.0019298982   0.0101970171  -0.0000897231
189 1  -0.1037982517  -0.0396806486   0.0736642863   0.0080228940  -0.0762048991
189 2   0.0621888877  -0.0474880400   0.1717664454  -0.0133486252   0.0240535275
189 3  -0.0358578486   0.0308602909   0.0573053106   0.0086945806   0.0684424731
189 4  -0.0473334705  -0.0374094910   0.1190616663  -0.0645153151   0.0972831377
189 5   0.1003752807   0.0431988301  -0.0066176246  -0.0647773637   0.0475993263
189 6   0.0311023588  -0.0723160576   0.0041095171  -0.0354665386   0.0107977539
189 7   0.0091541516   0.1013060247   0.0271663916  -0.0063236915  -0.0529753924
189 8   0.0423623706  -0.0390772464  -0.0468643953  -0.0156982007  -0.1391782612
189 9  -0.1181445329  -0.1124062838  -0.0319249736  -0.0667412407  -0.0974175271
18910   0.1013125306   0.0889770177  -0.0207174151  -0.1402492818   0.3448037454
18911   0.3814280085  -0.1422539328   0.1106929980  -0.0033043857  -0.0968764698
18912   0.2412081409  -0.0846990766   0.0412541262  -0.0502174399  -0.1314993415
18913  -0.1130192783  -0.0321498777  -0.0999361618   0.0819209105  -0.1006630278
18914  -0.1365868960  -0.0163046360   0.0314278907   0.1319103066  -0.1778777042
18915  -0.0807983095  -0.0976979190   0.0508513520  -0.1735624134   0.0299508280
18916  -0.1053485865  -0.0667554523  -0.1403543559  -0.2878310103  -0.2055773107
18917  -0.0298506780  -0.2384039636   0.1386999746   0.2363073135  -0.3438658971
18918   0.0207934159   0.1165842733   0.3627793420  -0.1994592704  -0.3926235695
18919  -0.1586567083   0.3508761037   0.1313524020   0.0329529243  -0.1659530040
18920   0.1624565580  -0.0173865530   0.3554555762   0.2162155848   0.0900323387
18921  -0.1335165085   0.3396347585  -0.1556950252   0.0923405969  -0.0510639778
18922   0.0924060184  -0.2232583888   0.0035751169   0.0748107439   0.0125160069
18923  -0.0488607325   0.0758162586  -0.1268390932  -0.1096009294   0.2351816786
18924  -0.1157204626   0.0721273323  -0.1168785172  -0.0567612595  -0.1545008744
18925  -0.0028634886  -0.1509335758   0.2188963285  -0.1905645742  -0.1896123184
18926  -0.1183375529   0.1709093005  -0.1368011548  -0.1602455511  -0.1355650516
18927   0.3325980654  -0.1420975799  -0.2486455381   0.2076206142  -0.3569142434
18928  -0.0445509198  -0.0225486916  -0.2627185047   0.3941661136   0.0126566232
18929  -0.1298307423  -0.3520499502  -0.1250822250  -0.2684903884  -0.1200923357
18930  -0.0813032321   0.0400706492   0.0908338398  -0.0477468874  -0.0676150794
18931   0.0001615589  -0.0436393641  -0.0231949367  -0.0047876845   0.0407178938
18932   0.0102048182  -0.0045013041   0.0197960870  -0.0133028458  -0.0086499573
18933   0.0054237167  -0.0168719630  -0.0143162192  -0.0321176399  -0.0306339582
18934   0.0310048999  -0.0015906342   0.0180734059  -0.0168323674   0.0142912793
18935  -0.0220409507   0.0013312404  -0.0004964037   0.0043387277  -0.0042732061
18936  -0.0060743214  -0.0431234320   0.0192172465   0.0113814458  -0.2178855652
18937   0.0058649389  -0.2449780124  -0.0009363216   0.0004953578   0.0047928196
18938   0.0245408598   0.0093408193  -0.0010577641   0.0004356789  -0.0135151115
18939  -0.0090267161   0.0061459860  -0.0486861385   0.0065302971   0.0421210135
18940  -0.0224363784   0.0025511889   0.0791283555   0.0088897735  -0.2879228771
18941   0.1745910288   0.0339348005   0.5756334307   0.1144228778  -0.1476830739
18942   0.1170887405  -0.0921247231   0.0392400938  -0.0152061711   0.0105952538
18943  -0.0017272470   0.0034101929  -0.0106952737  -0.0052395615  -0.0059465871
18944   0.0030032928   0.0038067584   0.0294507471  -0.0002186127   0.0002631213
18945  -0.0002186677   0.0012397289   0.0006271556  -0.0194124146   0.0022050367
18946  -0.0752958713   0.0008080601   0.0813990455  -0.0000292439  -0.0000655073
18947  -0.0007563432  -0.0004098214   0.0014333678  -0.0000166450
190 1   0.0924667506  -0.1464586161  -0.1000136515   0.1316128852  -0.0325647256
190 2   0.0189179093   0.0897017658   0.0989044466   0.0448076205   0.0548392366
190 3  -0.1510951688  -0.0848165685   0.0629957420  -0.0059204563  -0.0217116382
190 4  -0.0063778123   0.0351485601   0.0132452326  -0.0223171991   0.0236920969
190 5  -0.0137071357   0.0107271188  -0.0540859283  -0.0050174707  -0.0208490512
190 6   0.0290466182   0.0269755780  -0.0056735007  -0.0149333170   0.0396655807
190 7  -0.0156591197  -0.0002126532   0.0157436329  -0.0017808343   0.0468292496
190 8   0.0101797894   0.0297273980   0.0327411330   0.0357805469   0.0208774095
190 9  -0.0007569092   0.0111426219  -0.0190634325   0.0319478489  -0.0145396832
19010  -0.0008040709  -0.0434701900  -0.0044088548  -0.0285315157   0.0018949856
19011   0.0335536379  -0.0230013322  -0.0048604175  -0.0031914167  -0.0156025849
19012  -0.0113786598  -0.0125015533  -0.0050604526   0.0007047571  -0.0188588183
19013  -0.0533756664  -0.0090981362   0.0096835975   0.0294334192  -0.0542379932
19014  -0.0462144723  -0.0263166644   0.0481034018  -0.0374765153  -0.0001310504
19015   0.0534123305  -0.0029760902  -0.0036084428  -0.0056943272   0.0047803116
19016   0.0320527345   0.0106033827   0.0500290811   0.0222887108  -0.0141284379
19017   0.0261213306   0.0951995011  -0.1442544510  -0.0521477916   0.1489983190
19018   0.0064721264  -0.1601426316  -0.1423015832   0.1360396348   0.0992119816
19019   0.0972829238  -0.0071049669  -0.0168654068   0.0269553954  -0.0562087682
19020   0.0455842811   0.0131422181   0.0702961377   0.0173224128   0.0369867306
19021   0.0226242811   0.0162470801  -0.0289511048   0.0423022455  -0.0161912023
19022   0.0198940769  -0.0122049799   0.0230554922  -0.0221197240   0.0266054109
19023  -0.0139410116   0.0299255844  -0.0353608486  -0.0039814131  -0.0091504331
19024  -0.0114398206  -0.0007840154   0.0489854032  -0.0194821170   0.0513694405
19025   0.0698562713  -0.0370429445   0.0444317315  -0.0396638762  -0.0375334884
19026  -0.0532775363   0.0136481515  -0.0135015283   0.0482779236   0.0067488607
19027  -0.0013451738  -0.0038011841  -0.0172278610   0.0154065039   0.0268032284
19028  -0.0607828772  -0.2188119829  -0.0064904147  -0.0586813699  -0.1340986607
19029  -0.1004958409   0.0291554301  -0.1493883936   0.0289548252  -0.0231783002
19030  -0.2390776649  -0.0575608523  -0.0382661426  -0.0766730523  -0.1594169647
19031  -0.1714227046  -0.0973121061  -0.1355647574  -0.0479595289   0.1048792151
19032   0.0208282635   0.0128059640   0.0317709859  -0.0330370434  -0.0215898007
19033  -0.0053272783   0.0050023245   0.0084002384   0.0027515430  -0.0013372210
19034  -0.0107774087   0.0006644438   0.0083627922   0.0118118275  -0.0043171007
19035  -0.0000005577   0.0007810765  -0.0041961297   0.0371848975  -0.0119133468
19036  -0.0029855282   0.0017145114  -0.0135013388  -0.0010822275   0.0213089127
19037   0.0006124851  -0.0187453570   0.0033253617   0.0019685954   0.0004959079
19038   0.0056222765  -0.0219239505   0.0038011609  -0.0383743262   0.0144490900
19039  -0.0248003956  -0.0676634433   0.0168422995  -0.0804310700   0.0055036063
19040   0.1163716035  -0.0348542248  -0.0487847994  -0.0036699905   0.0799076003
19041  -0.0221764948  -0.0037382828   0.0408422090  -0.0068206836  -0.0720754099
19042   0.0957293425   0.0021259647  -0.0513167744   0.1072833797  -0.0664830505
19043   0.0347139995  -0.0380016704   0.0614359690   0.0427468825   0.0299100770
19044  -0.0158128717   0.1428001188  -0.0088242126  -0.0066832575  -0.0012917203
19045  -0.0213463476   0.2408600480   0.0236047436   0.0049789540   0.0208274227
19046  -0.6801049977  -0.0069088758  -0.6349257879   0.0002698095   0.0001781105
19047   0.0006668557  -0.0186876135   0.0013816279   0.0002382943
191 1  -0.0359346881  -0.0313682003   0.0271476051  -0.0096443385   0.1259418915
191 2  -0.1581138345  -0.0050737099   0.0464498512   0.0399953041   0.0317632941
191 3  -0.1944987482  -0.1397983728   0.0116929034  -0.1876412979  -0.2062839585
191 4   0.1201682845   0.1249964062  -0.0842553568  -0.0272943682   0.0647123146
191 5   0.0304863490   0.1061879884  -0.1484348060  -0.0199134555   0.0694892983
191 6  -0.0037130511   0.0318350419  -0.0153212229  -0.0503019456   0.0390582331
191 7  -0.0409919279  -0.0827411271   0.0739839379   0.0186361976   0.0659909180
191 8   0.0287827716  -0.0079873093   0.0765516070   0.0538615766   0.0502287155
191 9   0.0261675350   0.0207172632  -0.0424350154   0.0538097284  -0.0368131136
19110   0.0089805328  -0.0659334776   0.0024564823  -0.0250895192  -0.0019929713
19111   0.0340339650  -0.0166708919  -0.0070494378  -0.0081603768  -0.0228610050
19112  -0.0079473736  -0.0023081967  -0.0094076736  -0.0146620770  -0.0092242100
19113  -0.0664931430   0.0020097533   0.0219389684   0.0290548980  -0.0838414398
19114  -0.0627464656  -0.0288011698   0.0701856308  -0.0514613861   0.0127239979
19115   0.0576409189  -0.0036810916  -0.0067672330  -0.0084609252   0.0140725070
19116   0.0280371795   0.0060386673   0.0436076706   0.0306629530  -0.0072951298
19117   0.0307052307   0.0882708598  -0.1316355083  -0.0422470519   0.1399009064
19118   0.0042733618  -0.1494093740  -0.1286215280   0.1163229283   0.0775091677
19119   0.0871042964   0.0122389190  -0.0153487146   0.0230566334  -0.0553728543
19120   0.0532867242   0.0052437643   0.0765565894   0.0289456775   0.0154786030
19121   0.0088580315   0.0183372880  -0.0213072213   0.0234777156  -0.0030974482
19122   0.0127661469  -0.0073029047   0.0127389245  -0.0106741965   0.0145470281
19123  -0.0115090366   0.0179975980  -0.0200738413  -0.0016669075  -0.0090760045
19124  -0.0052587187  -0.0017002797   0.0325715802  -0.0123877197   0.0344652825
19125   0.0422872504  -0.0246923030   0.0287870104  -0.0245385025  -0.0260562574
19126  -0.0352071139   0.0078156996  -0.0029713474   0.0350147463  -0.0019306649
19127   0.0014472984   0.0054456229  -0.0019293961   0.0001486911   0.0190290128
19128  -0.0309120575  -0.1216719718  -0.0069104381  -0.0335147811   0.0423828523
19129  -0.0280931348   0.0190951036  -0.0815361299   0.0036250216  -0.0015446544
19130  -0.0785897609  -0.0318707979  -0.0145539859  -0.0718204521  -0.1085431187
19131  -0.1581560809  -0.1955414330  -0.1129762308   0.0270282099   0.3009959051
19132   0.0873571816   0.1222804012   0.1813859513  -0.2294674212  -0.1273406176
19133  -0.0060946195  -0.0069248967  -0.1620350893  -0.0141268725   0.0372358806
19134   0.1187207547  -0.0098973776  -0.0120176005  -0.0745967146   0.0300702688
19135  -0.0014009186   0.0048151933  -0.0236151270   0.2383367406  -0.0263784663
19136   0.0364427755   0.4840400778  -0.3867819473   0.0030454023  -0.0205995553
19137   0.0008787596   0.0049575255  -0.1134767402  -0.0489682353   0.0912435858
19138   0.4512089803  -0.0244044042   0.0104059809  -0.2086017359  -0.0058185284
19139  -0.0305778272  -0.0795881615   0.0337771479  -0.1368306462   0.0206985774
19140   0.4129121072  -0.1355559197  -0.1302748347  -0.0226172962   0.1100307855
19141  -0.0985329021  -0.0172430707   0.0648966061  -0.0267176643  -0.2174390069
19142   0.2876789235  -0.0058205972  -0.1770910210   0.4113291098  -0.2421540708
19143   0.1914705455  -0.2085522723   0.2628649418   0.1815251632   0.0981093892
19144  -0.0409624805  -0.0353489549   0.0033747682   0.0016102174   0.0003376137
19145   0.0050419954  -0.0567427199  -0.0055418120  -0.0016438367  -0.0049234042
19146   0.1605833010   0.0016576533   0.1529902827  -0.0000617153  -0.0000550866
19147   0.0000802567   0.0026204753  -0.0007070114  -0.0000593531
192 1  -0.1290335509  -0.0277637714   0.0856931681   0.0343179612  -0.0694949928
192 2   0.0976526146  -0.0217342541   0.1697008515  -0.0412181879  -0.0022150295
192 3  -0.0174883070   0.0338406501   0.0362077772   0.0210799800   0.0323319693
192 4   0.0573239720   0.0131405281   0.0835222623  -0.1034353089   0.1008622367
192 5   0.1478113364   0.0219051473  -0.0340812308  -0.0527672911  -0.0358249368
192 6   0.0043496655  -0.0346461247   0.2379188104  -0.3290534526   0.0403264356
192 7  -0.0233084777   0.1669080874   0.0648220099  -0.0199764321  -0.0288025500
192 8   0.2014885491  -0.0498798634  -0.0551869256   0.0346943401  -0.1124252505
192 9  -0.0624582037  -0.1450736140   0.0094285434  -0.0569505765  -0.0166702184
19210  -0.0860566126   0.0305167348  -0.0425719140  -0.3002047356   0.3183528873
19211   0.4257237856  -0.3042084391   0.1897483959   0.1982914418  -0.0874716569
19212   0.1469232473  -0.1307465034   0.0480263485   0.1022426096  -0.2698613345
19213  -0.2317015016  -0.2880815076  -0.2634383517   0.0931073145   0.0760523044
19214  -0.0619653991  -0.0624959679  -0.0244262817  -0.1012928013  -0.3377565043
19215  -0.0392507538  -0.0589199703   0.0754290160  -0.1980563406  -0.1997107052
19216   0.3785544782   0.3396776444   0.4387903327  -0.2331497371  -0.3423158916
19217   0.1411445583   0.2024072312  -0.3577628507   0.0667524405   0.1422897244
19218   0.0981920744  -0.0311188920  -0.1045600893   0.2168509656   0.1592361347
19219   0.1527692466  -0.2318212747   0.2801954253  -0.1307106909   0.2425845010
19220  -0.1229956447  -0.0076441243  -0.3567687198  -0.3091871057   0.3522701504
19221  -0.1620236823  -0.0946695677   0.1138117719   0.1464850307  -0.0567154059
19222   0.0702416278   0.0237242382  -0.0064545600  -0.1064939011   0.0200548738
19223  -0.1061763990  -0.0296486384  -0.0988128279   0.0245368043  -0.0315956343
19224  -0.0156193781  -0.0524777686   0.1166229517  -0.0946451369   0.1582128160
19225   0.3173466562  -0.3593005514   0.3710667240  -0.3425150266  -0.3061530164
19226  -0.3058270818   0.1740383453   0.0008515426   0.2896063368  -0.1123461416
19227   0.0397751851   0.2523090422   0.2846727101  -0.2715500562   0.2140898704
19228   0.0896553333   0.1122860770   0.0125932667  -0.2325463809   0.2819261819
19229  -0.3337084586  -0.2169670185  -0.2428045580  -0.2297308736  -0.0563669015
19230  -0.0433258293   0.1294359011   0.0455748849   0.0160939654  -0.0481249466
19231  -0.0197474078   0.0095882730   0.0199893125   0.0132604855  -0.0214119806
19232  -0.0334487317   0.0064424526  -0.0198382887   0.0144329106   0.0098137211
19233  -0.0092085050   0.0099949770   0.0157702996   0.0071068525   0.0056447786
19234   0.0045257318  -0.0033274837   0.0545051979   0.0015427278   0.0017414595
19235  -0.0011732441  -0.0006780432   0.0011002971  -0.0209852859  -0.0014212844
19236  -0.0035937847  -0.0308379685   0.0211046120  -0.0128644917   0.2368986865
19237   0.0045192219  -0.2206561125   0.0009102634  -0.0018909844  -0.0084988828
19238  -0.0403321085   0.0015524045  -0.0013504805   0.0193379700   0.0048853585
19239   0.0023071881   0.0152661765   0.0204652294   0.0414759190  -0.0340035048
19240  -0.1005186353   0.0316275783   0.0423328942   0.0430264583   0.6035750086
19241   0.0633040104   0.0271007458   0.2733159056   0.1626620132   0.0280237367
19242  -0.0206880223  -0.0223245936   0.0367202137  -0.0456431642   0.0253066037
19243  -0.0326630697   0.0249055223  -0.0331934124  -0.0230197183  -0.0159125058
19244   0.0085192621  -0.0226237044   0.0018394912   0.0007523688   0.0001598438
19245   0.0007823764  -0.0069800153  -0.0005295764   0.0001787069  -0.0017571365
19246   0.0567977362   0.0005909264   0.0529895490  -0.0000175689   0.0000068940
19247  -0.0000909215   0.0015932404  -0.0001059242  -0.0000020230
193 1  -0.0058294453  -0.1617441523  -0.0878715279   0.1463772679  -0.0371092056
193 2   0.0230379226   0.0901835256   0.1145914578   0.0526828579   0.0529459801
193 3  -0.1655585560  -0.0845076511   0.0424933125  -0.0201261727  -0.0336148372
193 4   0.0086658530   0.0384313292   0.0399561076  -0.0323600919   0.0374476722
193 5  -0.0027595186   0.0212113009  -0.0869171087  -0.0295718136  -0.0511650284
193 6   0.0607916001   0.0146345840   0.0364554776  -0.0601668314   0.0610755945
193 7  -0.0099921818   0.0395863700   0.0302752836  -0.0111831589   0.0280821123
193 8   0.0384407550   0.0090273118   0.0109413385   0.0458529902  -0.0043419707
193 9  -0.0157524536  -0.0088532566  -0.0056887827   0.0049935839   0.0095502699
19310  -0.0326103959  -0.0367861612  -0.0034711141  -0.1081083205   0.0667980729
19311   0.1499224470  -0.0893746441   0.0555668543   0.0408324685  -0.0658546966
19312  -0.0001848151  -0.0602495876   0.0013497352  -0.0024209816  -0.1064943394
19313  -0.1728006459  -0.0681491712  -0.0479340664   0.0526590696  -0.0736027464
19314  -0.1179909115  -0.0184344399   0.0732331569  -0.0589579457  -0.1179303024
19315   0.0586260088  -0.0275799468   0.0402969827  -0.0580605207  -0.0353922706
19316   0.1117768469   0.0829013712   0.1639630200  -0.0645703881  -0.1512544083
19317   0.0743393712   0.1674586037  -0.2842575382  -0.0440887306   0.1721611357
19318   0.0301099803  -0.1619629890  -0.1540386295   0.2344290192   0.1488170891
19319   0.1731271062  -0.0933317418   0.1165430328  -0.0421677937   0.0310154743
19320   0.0086766780   0.0005073643  -0.0613602558  -0.1424142552   0.2357418702
19321  -0.0521406832   0.0553826580  -0.0185301822   0.1772168136  -0.0882713485
19322   0.0827740588  -0.0750363651   0.0107319564  -0.1078226110   0.0784776012
19323  -0.0223613683  -0.0281201914  -0.0700754616   0.0123654968   0.0597228455
19324  -0.0639956529  -0.0089909502   0.0271023278  -0.1153081519   0.0572803938
19325   0.2472364505  -0.3166323036   0.3382168478  -0.3216458080  -0.2989643101
19326  -0.2659616740   0.1526923540  -0.0359765045   0.2137649459  -0.1165211650
19327   0.0635645951   0.1892413883   0.1873490761  -0.1852322163   0.1669898748
19328  -0.0259675256  -0.1935941015   0.0114021838  -0.2554231214   0.0387905546
19329  -0.3272073857  -0.0774724030  -0.3326886403  -0.0830427955  -0.0493522238
19330  -0.3199712180  -0.0030641832  -0.0275267840  -0.0923295802  -0.2345061272
19331  -0.2397324332  -0.1383302098  -0.1858475891  -0.0615492246   0.1684930814
19332   0.0257790382   0.0374762345   0.0567545403  -0.0618024890  -0.0387609563
19333  -0.0058410758   0.0032645986  -0.0142654379   0.0009162892   0.0013810572
19334  -0.0010075109  -0.0001379153   0.0087603601   0.0280807959  -0.0173184526
19335  -0.0037661315   0.0036389401  -0.0176712382   0.1797757687  -0.0144521604
19336   0.0140674569   0.1855127927  -0.1466372251   0.0024430058  -0.0366885735
19337  -0.0006714026   0.0456962176  -0.0399438803  -0.0173707595   0.0392726463
19338   0.1916249673   0.0433644652   0.0003956692  -0.1544116864  -0.0788353072
19339   0.0316429628   0.1438435948  -0.0983768178   0.1360767242   0.0586937160
19340  -0.1161123538   0.0310177457   0.0481549982  -0.0253254062  -0.4176120892
19341  -0.0486277950  -0.0050751232  -0.1721501808   0.0990730307   0.2254239912
19342  -0.1968034783   0.0118033947   0.1144296494  -0.2612482106   0.1490227976
19343  -0.0369769123   0.0625621612  -0.0725529779  -0.0397306378  -0.0114052037
19344   0.0048398163  -0.0845528265   0.0039346571   0.0067030856   0.0013850969
19345   0.0403862136  -0.4833288096  -0.0491890827  -0.0260084797   0.0029870496
19346  -0.0900627820  -0.0011097857  -0.0819917938  -0.0000657232  -0.0003078698
19347   0.0010585634  -0.0130110683   0.0004262720  -0.0002019559
194 1  -0.1203899216   0.0043677836   0.0390910482  -0.0341379489   0.1190291727
194 2  -0.1542530874  -0.0306149473   0.0268979611   0.0470200931   0.0553098922
194 3  -0.1677914434  -0.1430623242   0.0158057260  -0.1554191536  -0.1652407807
194 4   0.0890523378   0.0855692847  -0.0605861032   0.0177637300   0.0307650090
194 5   0.0173681023   0.0784374079  -0.1387703037   0.0016026704   0.0693081735
194 6   0.0386303753   0.0172314112  -0.0741331068   0.0242567192   0.0108111609
194 7  -0.0104748543  -0.0545560417   0.0419340437   0.0183760984   0.0175698962
194 8  -0.0210223121  -0.0201077713   0.0266444720   0.0091767391   0.0137188262
194 9  -0.0012135676   0.0138849900  -0.0191232553   0.0020487742  -0.0213110438
19410   0.0448363053   0.0033858325   0.0018383242   0.0088985517   0.0228637819
19411   0.0292587575   0.0243820466  -0.0111967782  -0.0537552145  -0.0319577109
19412   0.0153572374  -0.0008379787  -0.0060590925  -0.0567332744   0.0231474783
19413  -0.0314184169   0.0645257919   0.0492025753   0.0108721092  -0.0897212307
19414  -0.0820542496   0.0124220731   0.0609828372   0.0150208229   0.0364677786
19415   0.0144693799  -0.0128316444   0.0098608884   0.0321443717   0.0624727896
19416  -0.1148827084  -0.1065748927  -0.1135441523   0.0276522705   0.0202656956
19417   0.0000014857  -0.0354193946   0.0187734937  -0.0146044603  -0.0421328974
19418  -0.0247909296  -0.0034784307   0.0508099693  -0.0191606605  -0.0398615403
19419   0.0012230812   0.0724307337  -0.0061872945   0.0162933095  -0.0764276504
19420   0.0406600200  -0.0031973395   0.1086072342   0.0291079027   0.0299065143
19421  -0.0158353197   0.1277361953  -0.0625992618   0.0722508435  -0.0438851132
19422   0.0320729267  -0.0962108834  -0.0167579953  -0.0122010316   0.0407689554
19423   0.0701046091  -0.0610531715   0.0318184187  -0.0067950615   0.1153011281
19424  -0.0513749273   0.0318694680  -0.1307237413  -0.0376123395  -0.1303450206
19425  -0.0425766764  -0.0659205675   0.0669305803  -0.0755510000  -0.0725274918
19426  -0.0145339280   0.0377688014  -0.0289117953  -0.0398100421  -0.0646018993
19427   0.0524569914   0.0370154877   0.0315201149  -0.0383790568  -0.0067473802
19428  -0.0038788194   0.0334539967   0.0265056846  -0.0462970368   0.0294252417
19429   0.0638514015   0.0510708518   0.1532926867   0.1035447652  -0.0383541638
19430   0.2076156934   0.0126132819  -0.0296905255   0.0720487933   0.1403763428
19431   0.0662007719  -0.0357914173   0.1796936791   0.1620141926  -0.0047658685
19432   0.0604795293   0.0116886498   0.0769634148  -0.0895819380  -0.0397253379
19433  -0.0243052216   0.0229235370  -0.0862731788  -0.0056154191   0.0352394551
19434   0.1034111677  -0.0105674259  -0.0137570747  -0.1551707551   0.0908824896
19435   0.0094038173  -0.0083699017   0.0384550156  -0.3690267180   0.0335514361
19436  -0.0085432496  -0.1843295587   0.1636611202   0.0229511178  -0.4385199768
19437  -0.0087442236   0.3961574448   0.0458892866   0.0249613200  -0.0313599484
19438  -0.1596782758  -0.0407077472  -0.0006862250   0.1751579184   0.0693316429
19439  -0.0157093808  -0.1142333409   0.0264034442  -0.1595612023   0.0323050571
19440   0.3197837819  -0.1014606404  -0.1272594895  -0.0227943887   0.2362780045
19441  -0.1385454400   0.0008758119   0.1603699474   0.3414469014   0.1362222702
19442   0.0578052251   0.0450587159   0.0056417314  -0.0966640408   0.0244633272
19443  -0.0393893474   0.0562290451   0.0637940161   0.0520506103   0.0574899503
19444  -0.0361774444  -0.0831661448   0.0064037855   0.0060759396   0.0013115373
19445   0.0353405701  -0.4222623402  -0.0429112048  -0.0229944534   0.0028132545
19446  -0.0858474155  -0.0010242953  -0.0751400645  -0.0000810352  -0.0002717738
19447   0.0003989507  -0.0080365990   0.0005909927  -0.0001849964
195 1   0.1347539201  -0.0074767832   0.0527372761   0.0099562249  -0.0569073575
195 2   0.0870662099  -0.0140550420   0.1411434256  -0.0613319259  -0.0060368643
195 3   0.0053578972   0.0339577490   0.0830212350   0.0421778557   0.0455095013
195 4   0.0327024143   0.0205123879   0.0131273116  -0.0970097941   0.0846328401
195 5   0.1258894618   0.0096030541   0.0365337084  -0.0072849731   0.0353079638
195 6  -0.0878164732  -0.0014674995   0.1639568718  -0.2505587386   0.0035239988
195 7  -0.0504600896   0.0596281773   0.0460167900   0.0019168367   0.0347727189
195 8   0.1546750098   0.0030008162   0.0178433567   0.0306088085  -0.0364652168
195 9  -0.0163805457  -0.0918537753  -0.0342510943   0.0292355916  -0.0789056624
19510  -0.0247774592  -0.0155768549  -0.0425002048  -0.1245996545   0.1536281030
19511   0.1540079163  -0.1609494668   0.0483857361   0.1114245568   0.0299963984
19512   0.1098436420  -0.0215517682   0.0324810150   0.1207906533  -0.0754755669
19513   0.0303634987  -0.1707816008  -0.1349557536   0.0436982425   0.1160334768
19514   0.1083448758  -0.0951583988  -0.0763753906  -0.0763176070  -0.0716352319
19515  -0.0316383702  -0.0000227598  -0.0323648276  -0.0929445569  -0.1260439384
19516   0.2438971880   0.2115418401   0.2288869519  -0.0313199912  -0.0332288375
19517   0.0352343653   0.0756996138  -0.0829014565   0.0399299871   0.1507152258
19518   0.0535898104  -0.0793384191  -0.1395373535   0.0332767557   0.0789583938
19519   0.0033142831  -0.0479407930  -0.0349751595   0.0322613210   0.0471576507
19520  -0.0279139834   0.0228141855  -0.0589924847   0.0690723952  -0.1251923272
19521   0.0261340634  -0.2283542344   0.1046587288  -0.1917995178   0.1276269184
19522  -0.0865698224   0.2059755287   0.0353240413   0.0936008651  -0.1138934022
19523  -0.1237612873   0.1443732874  -0.0430183213  -0.0120871232  -0.2445427687
19524   0.1254816247  -0.0477998488   0.2393056355   0.1378735925   0.2162579247
19525  -0.0585495699   0.3081194827  -0.3266418579   0.3342126133   0.3192770307
19526   0.1805577051  -0.1622737723   0.0645575358  -0.0654057198   0.1985364962
19527  -0.1317634786  -0.2095227649  -0.2064046867   0.2124638959  -0.1052460938
19528  -0.0015162538  -0.0001900948  -0.0461577219   0.2429059749  -0.1190395826
19529   0.1623045064   0.0103323325   0.1071512743  -0.0003769439   0.0075659992
19530   0.0347944736  -0.0412751238   0.0358631483  -0.0228945493   0.0309341393
19531   0.0617791177   0.0192955719   0.0117859994  -0.0097564841  -0.0151945746
19532  -0.0217946189   0.0061455079  -0.0223912561   0.0124530291   0.0061780150
19533   0.0138162141  -0.0158603199   0.0101375209  -0.0010619742  -0.0046532959
19534  -0.0101191724   0.0020254838  -0.0042264077   0.0051560229  -0.0013093290
19535  -0.0007001459   0.0003248171   0.0007347310  -0.0147805762  -0.0013352490
19536  -0.0041091816  -0.0376801825   0.0262562761  -0.0103699604   0.1937214031
19537   0.0037473719  -0.1808893517   0.0058166057   0.0002674791  -0.0173466191
19538  -0.0826850716  -0.0175850703  -0.0013759781   0.0949166138   0.0434859913
19539  -0.0103394376  -0.0402843588   0.0859179838   0.0081764870  -0.0909436528
19540  -0.1449441168   0.0504084785   0.0562618469   0.0344110242   0.1134364870
19541   0.1374774227   0.0032246167   0.0047164999  -0.3171340265  -0.2479741203
19542   0.0877110154  -0.0299761846  -0.0859880442   0.2289151504  -0.1069506526
19543   0.0284839204  -0.0621972486  -0.0034273050  -0.0203606799  -0.0512418812
19544   0.0339953705  -0.1534667028   0.0080141291   0.0097741500   0.0019574549
19545   0.0567410902  -0.6805982798  -0.0693251368  -0.0374206839   0.0047189349
19546  -0.1423855252  -0.0016954748  -0.1267112983  -0.0000853773  -0.0004486366
19547   0.0009149210  -0.0135575507   0.0007762157  -0.0002942299
196 1   0.2395157747  -0.1369942032  -0.1237655907   0.1186689799  -0.0237793900
196 2   0.0066995946   0.0939375337   0.0798508351   0.0331228914   0.0535976197
196 3  -0.1425345949  -0.0868196153   0.0872270368   0.0000536338  -0.0204628846
196 4  -0.0192188073   0.0413847909  -0.0270803975  -0.0118499032   0.0081686749
196 5  -0.0277143699   0.0044301596  -0.0183001532   0.0244715523   0.0219943757
196 6  -0.0173013321   0.0488064213  -0.0636673630   0.0461633532   0.0159431603
196 7  -0.0259614453  -0.0661219076   0.0021459204   0.0146357241   0.0826277732
196 8  -0.0278413581   0.0621756941   0.0729517748   0.0273237267   0.0658503956
196 9   0.0233963555   0.0460148295  -0.0425131997   0.0782576730  -0.0501393055
19610   0.0430370969  -0.0652908195  -0.0065321828   0.0863842859  -0.0970041216
19611  -0.1328418022   0.0723130637  -0.0945964398  -0.0680659887   0.0510538532
19612  -0.0310771293   0.0539745701  -0.0159639206   0.0021991356   0.1066295866
19613   0.1074306841   0.0772197866   0.0997844488  -0.0016660261  -0.0417856142
19614   0.0434424530  -0.0419982977   0.0238224919  -0.0160680745   0.1728325390
19615   0.0621051119   0.0304408937  -0.0697608523   0.0700968671   0.0611173727
19616  -0.0762244858  -0.0899845427  -0.1038410869   0.1529521392   0.1802739818
19617  -0.0381381130   0.0104026880   0.0278418390  -0.0766594931   0.1468041540
19618  -0.0280232888  -0.1897166095  -0.1551053225   0.0233388835   0.0491329654
19619   0.0092309960   0.1149129066  -0.2125993429   0.1292641162  -0.1909005194
19620   0.1095641344   0.0318585623   0.2715822875   0.2489263741  -0.2476720952
19621   0.1356365686  -0.0391756067  -0.0489905814  -0.1460273561   0.0854265337
19622  -0.0692995405   0.0791636666   0.0452263031   0.0937249991  -0.0441896452
19623  -0.0032175052   0.1215598615   0.0080041571  -0.0265683456  -0.1144888234
19624   0.0635946735   0.0087917322   0.0944262389   0.1140564263   0.0580757674
19625  -0.1690872299   0.3565394177  -0.3691740589   0.3584097208   0.3304413162
19626   0.2417683651  -0.1836845427   0.0196918574  -0.1744158425   0.1880417268
19627  -0.0977908299  -0.2827847811  -0.3150570116   0.3079367108  -0.1665403026
19628  -0.1236486565  -0.3059926984  -0.0369755064   0.2159882413  -0.3888290617
19629   0.2078492697   0.1926232291   0.0624865056   0.1951755761   0.0216075088
19630  -0.2159787107  -0.1685773911  -0.0667426719  -0.1029185142  -0.1376994664
19631  -0.1641280335  -0.1178231016  -0.1793071603  -0.0774353548   0.1571927148
19632   0.0498458077   0.0167130879   0.0618983642  -0.0544099031  -0.0374783220
19633  -0.0020312667  -0.0017178698  -0.0234781950   0.0003712714   0.0013217177
19634  -0.0072694634   0.0024555987  -0.0130581178   0.0334017156  -0.0227594823
19635  -0.0005739321   0.0051380670  -0.0194104433   0.1944813171  -0.0165711401
19636   0.0143910834   0.1929172529  -0.1541975456  -0.0001096886   0.0248234308
19637   0.0011269238  -0.0397924326  -0.0454945526  -0.0215924035   0.0416082540
19638   0.2062286630   0.0496948758  -0.0010467901  -0.1791737344  -0.0867874968
19639   0.0327055018   0.1592291840  -0.0919090856   0.1658853559   0.0421282255
19640  -0.1609708993   0.0440069153   0.0697350642   0.0173612165   0.3170471208
19641  -0.0134144891   0.0251907390   0.1612923641   0.3576980609   0.2843563706
19642  -0.2037024580  -0.0074511370   0.1546264146  -0.3168360847   0.1736988227
19643  -0.0593221316   0.0863664340  -0.0886483749  -0.0454308417  -0.0104960359
19644   0.0000475275  -0.3255825440   0.0335562853   0.0086701686   0.0019886148
19645  -0.0037641707   0.0772348553   0.0102433500   0.0011120434  -0.0000382081
19646  -0.0111172015   0.0000007119  -0.0110300815  -0.0000276439   0.0002765722
19647   0.0001624997  -0.0035793000  -0.0000297984   0.0002083427
197 1   0.0199317202   0.0045142628   0.0432400427  -0.0249656294   0.1198738365
197 2  -0.1150228268  -0.0067651696   0.0416684156   0.0295543969   0.0292207521
197 3  -0.1441851947  -0.1265991734   0.0393487543  -0.1239231521  -0.1470430775
197 4   0.0913846737   0.0979231427  -0.0998962803  -0.0611029509   0.0856552269
197 5   0.0321980202   0.0869876709  -0.0809407174  -0.0082521810   0.0679785235
197 6  -0.0589205715   0.0247691630   0.0526294349  -0.1132057978   0.0356679948
197 7  -0.0635952539  -0.0602468325   0.0664765914   0.0018988272   0.0695017988
197 8   0.0724431312  -0.0059480933   0.0837382094   0.0647060441   0.0555536364
197 9   0.0509450861   0.0069354727  -0.0341113372   0.0719363616  -0.0304721763
19710  -0.0339870521  -0.0794792876   0.0143951788  -0.0459271157  -0.0335519759
19711   0.0003864353  -0.0513295034   0.0101911111   0.0556160677   0.0264672813
19712  -0.0289875243   0.0172772679  -0.0089740164   0.0569733709  -0.0374913979
19713  -0.0374215685  -0.0712219675  -0.0395678882   0.0245957523   0.0124475494
19714   0.0457444326  -0.0419070588   0.0010509106  -0.0702586675  -0.0238011442
19715   0.0292970459   0.0162865162  -0.0240226152  -0.0507795167  -0.0450594127
19716   0.1517587772   0.1212924107   0.1593389782  -0.0068469926  -0.0151280127
19717   0.0257616193   0.0958704499  -0.0980380236   0.0045355805   0.1475616652
19718   0.0261583312  -0.1026915382  -0.1367081073   0.0826745397   0.0718975763
19719   0.0400286684  -0.0418279555  -0.0153622797   0.0067801191   0.0317976296
19720   0.0043323501   0.0021123644  -0.0386124848   0.0230537059  -0.0619361407
19721   0.0267966238  -0.1332539213   0.0569271991  -0.0967554115   0.0655903909
19722  -0.0397537316   0.1137380429   0.0254498313   0.0322105862  -0.0556856536
19723  -0.1016367934   0.0912611741  -0.0467563928  -0.0019383978  -0.1452646771
19724   0.0656574721  -0.0360206177   0.1682943767   0.0554771692   0.1621682266
19725   0.0368487749   0.1044453117  -0.1027617153   0.1164904406   0.1101907803
19726   0.0321064328  -0.0580442304   0.0359724909   0.0227569377   0.0736309778
19727  -0.0610175890  -0.0456401376  -0.0394942206   0.0421999524  -0.0123382661
19728   0.0328589168   0.0729454974  -0.0212792284   0.0690871088   0.0872909269
19729  -0.0237188572  -0.1298583816   0.0410469055  -0.1512590865  -0.0908674673
19730   0.1496263099   0.0614978971   0.1138891578  -0.0069304250   0.0827417177
19731   0.1185148726  -0.0437862059   0.1627174575   0.1419426977   0.0245284818
19732  -0.0399788531   0.0937235825   0.0181450813  -0.0835827614  -0.0367560273
19733   0.0317507452  -0.0423537898  -0.0699562659  -0.0197064562   0.0158071463
19734   0.1010840860  -0.0086010037   0.0020915108  -0.1325369064   0.0782061119
19735  -0.0000437444  -0.0052410158   0.0287325391  -0.2914975874   0.0204993350
19736  -0.0066998517  -0.1198320244   0.1055246838  -0.0250837152   0.4780734585
19737   0.0082934310  -0.4314587944   0.0197294933   0.0053954106  -0.0270818424
19738  -0.1352330881  -0.0165455856  -0.0055742081   0.1108826333   0.0396180246
19739  -0.0077431175  -0.0918760745  -0.0137545084  -0.1604125510   0.0774444329
19740   0.4005563500  -0.1298682644  -0.1550642869  -0.0623991798  -0.2857759549
19741  -0.2110013797  -0.0201882248  -0.0654276405   0.2756626043   0.1702943079
19742   0.0505500116   0.0673183471   0.0019668200  -0.1236267211   0.0345210093
19743  -0.0132273197   0.0556904635   0.0791058302   0.0718877773   0.0877017333
19744  -0.0594378592  -0.3220178788   0.0342977079   0.0083591760   0.0019391808
19745  -0.0032791237   0.0693101495   0.0092904074  -0.0002802385   0.0002221993
19746  -0.0187792250  -0.0000881005  -0.0165144770  -0.0000609262   0.0002310667
19747  -0.0003689450  -0.0000767514   0.0002165825   0.0001718812
198 1   0.0970679088  -0.0097685905   0.0559567507   0.0119871729  -0.0583308969
198 2   0.0858016350  -0.0162206739   0.1435850457  -0.0580303137  -0.0041534952
198 3   0.0018159560   0.0336070833   0.0758473424   0.0378580627   0.0429153359
198 4   0.0351360213   0.0187943104   0.0241173562  -0.0931227987   0.0832137438
198 5   0.1265554541   0.0115364711   0.0239328826  -0.0118223518   0.0273436988
198 6  -0.0716382687  -0.0060605838   0.1655044084  -0.2515626842   0.0072950371
198 7  -0.0447565124   0.0717389095   0.0472317223  -0.0002132981   0.0250497935
198 8   0.1550722245  -0.0045007267   0.0071094220   0.0281093922  -0.0478581923
198 9  -0.0243942323  -0.0976617836  -0.0290512622   0.0157431176  -0.0710299160
19810  -0.0263913144  -0.0055970550  -0.0413244496  -0.1433230155   0.1766236366
19811   0.1878252167  -0.1733057474   0.0620979458   0.1144480152   0.0112448395
19812   0.1160533055  -0.0361695107   0.0351589140   0.1109282414  -0.0941551799
19813  -0.0007190494  -0.1755077857  -0.1436370157   0.0491897072   0.1044403735
19814   0.0796934766  -0.0870855431  -0.0652635719  -0.0749752175  -0.0978050878
19815  -0.0335687087  -0.0094931517  -0.0173797935  -0.1008227711  -0.1280132358
19816   0.2428368370   0.2120091396   0.2366078737  -0.0530088153  -0.0673317997
19817   0.0461724979   0.0823503273  -0.1079732021   0.0426256365   0.1383665062
19818   0.0548397442  -0.0663550287  -0.1232222813   0.0477632152   0.0814699688
19819   0.0177184381  -0.0617719299   0.0026130143   0.0133228037   0.0634446393
19820  -0.0373250728   0.0182017604  -0.0848029533   0.0248545917  -0.0640346206
19821   0.0011748928  -0.1971657392   0.0982020231  -0.1414160561   0.0988045931
19822  -0.0638354409   0.1721243521   0.0278805860   0.0676950361  -0.0932766179
19823  -0.1116035732   0.1151947652  -0.0448215042  -0.0082814149  -0.2046066581
19824   0.1020858186  -0.0444867619   0.2072750942   0.1049978306   0.1925347478
19825  -0.0178364313   0.2184175813  -0.2329263594   0.2417256664   0.2340555615
19826   0.1192166153  -0.1154522735   0.0527110295  -0.0264708050   0.1527670785
19827  -0.1035959300  -0.1491865991  -0.1429817877   0.1492196262  -0.0664440858
19828   0.0079774179   0.0106477311  -0.0366881912   0.1790591707  -0.0725984324
19829   0.1079836352  -0.0068583249   0.0695218602  -0.0132115021   0.0054365503
19830   0.0254448692  -0.0258784642   0.0291142462  -0.0162779432   0.0214748207
19831   0.0462005976   0.0181730008   0.0023462720  -0.0143770906  -0.0108602853
19832  -0.0164579826   0.0038686810  -0.0165832152   0.0152106431   0.0070026979
19833   0.0096375718  -0.0108095255   0.0027912288  -0.0005812468  -0.0026998887
19834  -0.0065249684   0.0010507409  -0.0020341527   0.0171284562  -0.0122803363
19835  -0.0016096260   0.0011002298  -0.0046060285   0.0461101319  -0.0023998497
19836   0.0029931916   0.0396974794  -0.0311253411  -0.0051087635   0.0997438662
19837   0.0018968574  -0.0951706297  -0.0104497346  -0.0048973454   0.0136157785
19838   0.0651683987   0.0194152088   0.0000899051  -0.0898284785  -0.0394954958
19839   0.0093781245   0.0324441202  -0.0651750452  -0.0068967364   0.0695706546
19840   0.1175276470  -0.0409869767  -0.0440666618  -0.0221625618  -0.0073394068
19841  -0.1030749016  -0.0004116023   0.0291730263   0.2580315935   0.1799115214
19842  -0.0529142949   0.0190520848   0.0611348621  -0.1564419542   0.0701131426
19843  -0.0166911331   0.0391166348   0.0142775039   0.0240971681   0.0485502931
19844  -0.0282415240   0.8449384112  -0.0875529758  -0.0228996427  -0.0052584362
19845   0.0067551495  -0.1637526871  -0.0228848363  -0.0024227472  -0.0006815938
19846   0.0542941451   0.0002317286   0.0477896528   0.0000792889  -0.0007148481
19847   0.0004572473   0.0020671821  -0.0000799474  -0.0005545208
199 1   0.0880901365  -0.1307855251  -0.0983210266   0.1207929890  -0.0322869461
199 2   0.0212357783   0.0865507132   0.0911356175   0.0421878752   0.0579161925
199 3  -0.1371874835  -0.0845125137   0.0644262145   0.0059084736  -0.0102894114
199 4  -0.0141108182   0.0247196844   0.0102599437  -0.0183815560   0.0133178588
199 5  -0.0183664175   0.0053303142  -0.0370414507   0.0113204980  -0.0181016747
199 6   0.0300441219   0.0254389468  -0.0167903605  -0.0032970576   0.0284497871
199 7  -0.0084186497   0.0098142915  -0.0003805939  -0.0023900263   0.0344756724
199 8  -0.0008834682   0.0251698043   0.0191897108   0.0213279534   0.0109056735
199 9   0.0000710860   0.0076857796  -0.0077644580   0.0194856589  -0.0031456058
19910   0.0018386027  -0.0168558965   0.0019466598  -0.0175883751  -0.0065898078
19911   0.0084072987  -0.0085551390  -0.0085162599  -0.0079615235   0.0006937035
19912  -0.0139079268   0.0017429700  -0.0052550218   0.0043821865  -0.0025676730
19913  -0.0211400717   0.0040789951   0.0113676745   0.0181714837  -0.0272370829
19914  -0.0154699232  -0.0128320782   0.0220064392  -0.0140380629   0.0138551059
19915   0.0260646564   0.0040074219  -0.0073923853   0.0079654483   0.0166454393
19916  -0.0017652119  -0.0112877876   0.0063026858   0.0212138514   0.0107528548
19917   0.0148510132   0.0372560769  -0.0536269735  -0.0281371529   0.0667641731
19918  -0.0038365630  -0.0752768104  -0.0601431567   0.0538450979   0.0407911347
19919   0.0389341023   0.0098051649  -0.0198768448   0.0210012077  -0.0418825544
19920   0.0244168703   0.0091343709   0.0532328626   0.0214547186   0.0061389923
19921   0.0118962044   0.0200486402  -0.0215252641   0.0164907251  -0.0083089419
19922   0.0060644617  -0.0131706979   0.0051428038  -0.0042303686   0.0110904227
19923   0.0054063999   0.0015006381  -0.0039743023  -0.0045013870   0.0116585529
19924  -0.0075977741   0.0053283279  -0.0055034531  -0.0048781759  -0.0074573610
19925   0.0001574140  -0.0005561804   0.0026700116  -0.0024602327  -0.0025845362
19926  -0.0010871200   0.0027995227  -0.0090532764  -0.0120711949  -0.0001943487
19927   0.0071400122  -0.0047652563  -0.0077116885   0.0041994825  -0.0084685701
19928   0.0038530861   0.0261461707   0.0133744468  -0.0278755013  -0.0148712171
19929  -0.0259300807  -0.0535523589   0.1087117346  -0.0248101234  -0.0626319667
19930   0.0874513316   0.0512372643  -0.0048840120   0.0399248285  -0.0128580704
19931   0.0000493608   0.0968056801  -0.1893949229  -0.2580500152   0.0766478113
19932   0.0207333273  -0.0184394846   0.0351485372   0.0685791661   0.0058571395
19933  -0.0221996000   0.0152793246  -0.3122293292  -0.0150636930   0.0490073045
19934   0.1569928469  -0.0193609189   0.0186964320   0.0645068547  -0.0576618380
19935  -0.0143462759   0.0031270865  -0.0315248096   0.3146650898   0.3852548396
19936   0.1117243902   0.1483883135   0.2801269371  -0.0027841316  -0.0022464897
19937  -0.0069125347   0.0096646130   0.0480262879   0.0148466276  -0.0267311797
19938  -0.2139953679   0.5516118089  -0.0810461042   0.5266385748  -0.4117623333
19939   0.3991751394   0.4393869343  -0.3278843272   0.0777699107   0.2291335767
19940   0.0596992503  -0.0062666339  -0.1261062424  -0.0328819393   0.0078254689
19941  -0.0908494584  -0.0052359766   0.0138113971   0.0691491302  -0.0279298068
19942   0.0777794341   0.0330991784  -0.0895031915   0.3029806880  -0.2189576698
19943  -0.3289560832   0.2181055520  -0.1722597053  -0.2313166156  -0.3807225768
19944   0.2465148913  -0.0026725626  -0.0006039300   0.0000730113   0.0000392627
19945   0.0002250355  -0.0020699828  -0.0002057475   0.0001071903   0.0000820498
19946  -0.0030576932  -0.0000263506  -0.0021333263  -0.0004696379   0.0004130495
19947  -0.0097682387   0.0863992798   0.0005691657  -0.0000582799
200 1  -0.0990125827   0.0447889842   0.0582189491  -0.0472109898   0.1109452165
200 2  -0.1076805219  -0.0385248666   0.0171494020   0.0376423893   0.0582567974
200 3  -0.1174176981  -0.1363345803   0.0463918863  -0.0824324226  -0.0971501312
200 4   0.0565099571   0.0518940817  -0.0726607085  -0.0081945391   0.0489990533
200 5   0.0225007129   0.0480762345  -0.0681915324   0.0125379310   0.0608828879
200 6  -0.0028448360   0.0081824528  -0.0102164436  -0.0314912306   0.0018482247
200 7  -0.0246314708  -0.0203596120   0.0309235854   0.0033876793   0.0073256542
200 8   0.0161119789  -0.0184200463   0.0188862382   0.0095450037   0.0143696933
200 9   0.0138486015  -0.0016704164   0.0012649643   0.0046302520  -0.0084784958
20010  -0.0041447721  -0.0026356822   0.0010638069  -0.0054906290  -0.0016670199
20011   0.0063236216  -0.0122990309   0.0174321166   0.0104485304   0.0145441604
20012   0.0038384794   0.0174830288  -0.0102150652   0.0146620639  -0.0126733820
20013  -0.0090632772  -0.0085614681  -0.0141247755   0.0063205953   0.0030965478
20014   0.0119509150  -0.0019131271  -0.0102707080   0.0044303131  -0.0110093624
20015  -0.0075471477   0.0057140855  -0.0085917474  -0.0008739759   0.0020808055
20016   0.0053276481   0.0093003982   0.0023292925  -0.0154121421  -0.0029195262
20017   0.0050662218  -0.0189817985   0.0292907086   0.0184067700  -0.0287066234
20018  -0.0022224337   0.0326760069   0.0354796922  -0.0275466229  -0.0248876215
20019  -0.0231576446   0.0012365987   0.0080874692  -0.0055893189   0.0131421989
20020  -0.0105398866  -0.0033736529  -0.0175957712  -0.0050354505  -0.0103157526
20021  -0.0068487801  -0.0043661461   0.0073725548  -0.0126007692   0.0080480426
20022  -0.0060692674   0.0042977826  -0.0065916222   0.0044259047  -0.0087312695
20023   0.0035446429  -0.0082748694   0.0074580034  -0.0031542039   0.0053628827
20024   0.0024803742   0.0014128751  -0.0156499583   0.0089285091  -0.0184247657
20025  -0.0260799756   0.0135414405  -0.0181828230   0.0174200739   0.0172898248
20026   0.0214297929  -0.0047592271   0.0046983747  -0.0222235624   0.0023303553
20027  -0.0033191409  -0.0006668088   0.0059986027  -0.0063992108  -0.0114149819
20028   0.0295303917   0.1137340817   0.0113187588   0.0030289362  -0.0083148769
20029  -0.0039310770  -0.0246304573   0.0460258016  -0.0034553989  -0.0079184465
20030  -0.0568753793  -0.0291338135  -0.0250110943  -0.0395840472  -0.0997368487
20031  -0.1331329276   0.0861060178  -0.0474159385  -0.0858654014  -0.1007560141
20032  -0.0232575568  -0.0471893191  -0.0380054523  -0.2279432648  -0.1476260696
20033  -0.0326306287   0.0285208424   0.1040673743   0.0196473153   0.0086887062
20034  -0.0188054053   0.0010179364   0.0512655814  -0.2145222378   0.2464208212
20035   0.0068731824  -0.0013127715  -0.0152852926   0.1016620483   0.1232993677
20036   0.0298031552   0.0237978980   0.0845324540  -0.0007739489   0.0006287545
20037  -0.0011651625   0.0009423391  -0.0454828451  -0.0244065100  -0.0080364438
20038  -0.0430383546   0.0014962323  -0.0051102162   0.0951819495   0.0053003604
20039  -0.0343148208  -0.0069399605  -0.0665051140   0.0053094106   0.0529066570
20040  -0.0043586654  -0.0032662165   0.0298229415   0.0017778509  -0.0055929037
20041  -0.0037189491   0.0021770398  -0.0100041579   0.0380812567   0.0258658426
20042  -0.0100623129  -0.0239135868   0.0251416372   0.0890698203  -0.0670432773
20043   0.0759052470  -0.0894180145  -0.0348974856  -0.0225019831  -0.0572961919
20044   0.0455987969   0.0036227784   0.0007359293  -0.0004525574  -0.0003142952
20045  -0.0015281292   0.0135714433   0.0012069506   0.0003090118  -0.0003159385
20046   0.0188884446   0.0003679400   0.0137560874   0.0044259309  -0.0034379075
20047   0.1137277555  -0.9844871985  -0.0151822595   0.0008950019
201 1  -0.0417641641   0.0260341934   0.0350436050   0.0041919319  -0.0420960811
201 2   0.0534296371  -0.0161796277   0.1007621414  -0.0761635038   0.0019511892
201 3  -0.0096425716   0.0001428639   0.0485660255   0.0099804743  -0.0012584380
201 4   0.0580525322   0.0230288060  -0.0106266901  -0.0647161736  -0.0056225272
201 5   0.1241461980  -0.0162884621   0.0582748188   0.0816140564   0.0286034955
201 6   0.0152495574   0.0265881295   0.0334741745  -0.1573930734  -0.0466231770
201 7   0.0371612025   0.1399408279  -0.0392247382   0.0281531538  -0.0376599023
201 8   0.0543756748  -0.0019626217  -0.0859740136  -0.0626031087  -0.0948586740
201 9  -0.0531796396  -0.1170729577   0.0757542982  -0.0890770514   0.0102345502
20110  -0.0427852434   0.1242611939  -0.0696619805  -0.0795501016   0.1548673860
20111   0.1037518839  -0.1200041156   0.0490459997   0.0507862139   0.0776613534
20112   0.1237305040   0.0391740992  -0.0008357872   0.1266055556  -0.0208334707
20113   0.1282454809  -0.0670590115  -0.0981403675   0.0361444783   0.1746003770
20114   0.1237245005  -0.0668539755  -0.1219069876   0.0242419282   0.0107560764
20115  -0.0766269541   0.0342823188  -0.0666556081   0.0473492664   0.0134197376
20116   0.0343855364   0.0473567930   0.0171804085   0.0484902759   0.0496749338
20117   0.0884394063   0.0081318031   0.0035366160  -0.0226693720   0.0600121931
20118  -0.0018661139  -0.0344984852  -0.0582670666  -0.0036026730   0.0915718930
20119   0.0274434849   0.0017214033  -0.0557661323   0.0632575835  -0.0730493541
20120  -0.0264993118   0.0577465640   0.0769412958   0.0349451639   0.0009029772
20121  -0.0546228549   0.0286388291  -0.0107665356  -0.0091147180   0.0284800729
20122  -0.0181396186  -0.0132886199  -0.0410199645   0.0554633471  -0.0057143138
20123   0.1292637258  -0.1111189054   0.1140095673  -0.0124485758   0.0832832094
20124  -0.0026327442   0.0404548137  -0.1925666184   0.0495131829  -0.2133928174
20125  -0.2564104311   0.1706527301  -0.2068348631   0.1751867841   0.1726504629
20126   0.1850406737  -0.0490412768  -0.0154319139  -0.1957975178   0.0705960728
20127   0.0216937581  -0.1538546677  -0.1545836171   0.1429005004  -0.1261729159
20128   0.0101194097   0.0394695552   0.0348240747  -0.0892476539   0.0494082131
20129  -0.0762238408  -0.0049402169  -0.0560186731  -0.1748232522  -0.0703868599
20130   0.0073574957   0.4840790684  -0.2138348259   0.3339587587  -0.1292173246
20131  -0.3290095892   0.0314199487   0.0656295087   0.0642909629  -0.0622483777
20132   0.1548363476  -0.2591178974   0.2039420024   0.0646928167   0.0354383356
20133  -0.4329500893   0.4481317310  -0.0511632729   0.2154783045   0.2697738185
20134   0.1747454932  -0.0677390223   0.9420885023   0.0414442519  -0.0306347619
20135   0.0304787976  -0.0001304315  -0.0075909356  -0.0129687321  -0.0322180128
20136  -0.0092988870  -0.0069102484  -0.0279999234  -0.0002450381   0.0070816767
20137   0.0015591877  -0.0131074383  -0.0025256174  -0.0037565217  -0.0011681749
20138   0.0115059807  -0.0248796229   0.0049418965  -0.0303373303   0.0195619951
20139  -0.0169703067  -0.0084587073   0.0100178048   0.0043688168  -0.0080565335
20140  -0.0005572323   0.0003433874   0.0015704435  -0.0004789416  -0.0254723959
20141   0.0017529940  -0.0016216554  -0.0130163331  -0.0178689992  -0.0038120223
20142  -0.0010424006   0.0026434686  -0.0008508831  -0.0290237455   0.0190631420
20143   0.0166747663   0.0006246151   0.0127932191   0.0147904224   0.0328017797
20144  -0.0249107956   0.0003277319  -0.0000411496   0.0000684520   0.0001009361
20145   0.0002262227  -0.0013269986  -0.0001571276  -0.0000407591  -0.0000042661
20146  -0.0007226086  -0.0000280132  -0.0005220564  -0.0002024043   0.0001204741
20147  -0.0047717321   0.0418740643   0.0007698181  -0.0000708987
202 1   0.0293071163  -0.0344248473  -0.0513932776   0.0700197181  -0.0547336204
202 2   0.0860209724   0.0349517371   0.0508615049   0.0441096505   0.0997701524
202 3  -0.0350212041  -0.0786935283   0.1184221738   0.1489390572   0.1386105042
202 4  -0.0957610379  -0.0708279094   0.0319792571   0.0281021982  -0.0069100855
202 5  -0.0345443714  -0.0794170606   0.0400332074   0.0377485961  -0.0240764453
202 6   0.0336025051  -0.0073240933  -0.0118792252   0.0298667575  -0.0135880208
202 7   0.0012101622   0.0606193798  -0.0324840997  -0.0252342937  -0.0258903255
202 8  -0.0165799547   0.0120633982  -0.0369438597  -0.0214367770  -0.0205156428
202 9  -0.0176441286  -0.0093958966   0.0284952274  -0.0259266000   0.0207410149
20210  -0.0082877048   0.0292217482  -0.0022487920   0.0094478189  -0.0075699934
20211  -0.0198252866   0.0030811397   0.0081416464   0.0050990230   0.0179661069
20212  -0.0025023853   0.0042919175   0.0015764832   0.0176528204  -0.0025451684
20213   0.0288668131  -0.0037201802  -0.0119948994  -0.0089268064   0.0409355435
20214   0.0355321796   0.0151272404  -0.0376511115   0.0242580171  -0.0049049393
20215  -0.0221304317   0.0057511243   0.0010012296   0.0173686368  -0.0083934360
20216  -0.0146990884  -0.0045083960  -0.0193137387  -0.0076275667   0.0042521755
20217  -0.0180128529  -0.0337286671   0.0536029464   0.0064927543  -0.0534464991
20218  -0.0021392155   0.0668964244   0.0499657392  -0.0453120949  -0.0167035122
20219  -0.0370753376  -0.0268045028   0.0036941483  -0.0101168084   0.0322543377
20220  -0.0361246718   0.0006599790  -0.0548523909  -0.0286986793   0.0013459132
20221   0.0093761190  -0.0198256944   0.0122028199  -0.0016752567  -0.0047614318
20222  -0.0016991851   0.0048986059   0.0031044730  -0.0074151123  -0.0016430665
20223   0.0008750775   0.0030993310  -0.0030769978  -0.0016218155  -0.0008654249
20224  -0.0011898470   0.0009883464   0.0041613370   0.0028973861   0.0027214332
20225   0.0038873899   0.0012150034  -0.0001448367  -0.0006647053   0.0027918703
20226  -0.0004302105   0.0002713829  -0.0018063860   0.0009867770   0.0069609491
20227  -0.0051602227  -0.0040181946  -0.0018230235   0.0038388026   0.0012805451
20228  -0.0049057878  -0.0149242203  -0.0000775720   0.0089251344  -0.1475283393
20229  -0.0382745238   0.0173865981  -0.1170282536  -0.0171252779   0.1483812287
20230  -0.0090241279  -0.0229468867   0.0140095183  -0.0480964704   0.0777609340
20231  -0.0845809257   0.1248629429   0.2022579963   0.2570329144  -0.1097308422
20232   0.0209130709   0.1619800091   0.1642790329  -0.0575301757   0.0660775470
20233   0.0009270411   0.0020804699  -0.0223120870  -0.0282586719   0.0660577379
20234   0.2288372334  -0.0207715443  -0.0314573014  -0.2380414913  -0.0603417656
20235   0.0091031654  -0.0024048177  -0.0175429412   0.2875244338   0.3880731191
20236   0.0725303818   0.0976591924   0.1430908119  -0.0007210867  -0.0009330186
20237  -0.0036398831  -0.0238349221   0.6200438374   0.3784405407   0.0239128953
20238   0.0550517934  -0.4249565835   0.0501202613  -0.1072656436   0.3883103509
20239   0.1874769460   0.3826111459   0.1201559917   0.2407025167  -0.0158176484
20240   0.0019054633  -0.0003573512  -0.0517724965  -0.0163085124  -0.0166904248
20241  -0.0473078114  -0.0026073169   0.0233844539   0.0602858206   0.0107464689
20242   0.0338222017   0.1021642471  -0.0807196370   0.1192663193  -0.0604930414
20243   0.1742450703  -0.0678517923  -0.3092678368  -0.2414989221   0.1679096231
20244  -0.1944641083   0.0000132408   0.0000559234   0.0000115874   0.0000598202
20245   0.0000346899  -0.0000578003   0.0000253860  -0.0003065605  -0.0000120866
20246   0.0004020623  -0.0000121830  -0.0001628502   0.0015628352  -0.0072062620
20247  -0.1071389127  -0.0120106297  -0.0290151315   0.0000667136
203 1  -0.0931015786   0.0530629468   0.0633859727  -0.0545747171   0.1088971563
203 2  -0.1057035994  -0.0456571134   0.0116164857   0.0393751747   0.0647459805
203 3  -0.1072695152  -0.1355329529   0.0519416074  -0.0703020650  -0.0845254482
203 4   0.0514598271   0.0439876962  -0.0697064218   0.0051802394   0.0434266078
203 5   0.0173609507   0.0401217414  -0.0678519800   0.0111053592   0.0616939203
203 6  -0.0008218099   0.0036617549  -0.0132458960  -0.0203941739  -0.0011900468
203 7  -0.0259951444  -0.0280021043   0.0328756513   0.0013952139   0.0066014242
203 8   0.0107028263  -0.0195952590   0.0179388805   0.0084823290   0.0147582458
203 9   0.0117540175   0.0021781571  -0.0048437886   0.0060530600  -0.0081712947
20310   0.0026501562  -0.0038310326   0.0027371056   0.0008893600  -0.0038886133
20311  -0.0013537470  -0.0010535571   0.0076698520   0.0033496589   0.0043176155
20312   0.0024425843   0.0094111173  -0.0037404187   0.0017737124  -0.0013111842
20313  -0.0037578570  -0.0006953899  -0.0030007922  -0.0009273635  -0.0035533513
20314   0.0050361187   0.0048061584  -0.0037701566  -0.0000953373  -0.0015079843
20315  -0.0063531181   0.0025583835  -0.0015263147   0.0041096734  -0.0020486396
20316  -0.0032584650   0.0010444901  -0.0064244347  -0.0049613034   0.0003994613
20317  -0.0047141493  -0.0215310484   0.0336506484   0.0129980946  -0.0350247762
20318  -0.0013780387   0.0455342496   0.0392235090  -0.0366891129  -0.0250911341
20319  -0.0277506066  -0.0059273850   0.0083931997  -0.0107561213   0.0242871404
20320  -0.0173425621  -0.0060706896  -0.0349589156  -0.0131800732  -0.0109618688
20321  -0.0039660531  -0.0136895383   0.0146122764  -0.0138225349   0.0059579982
20322  -0.0060248040   0.0090483007  -0.0043530582   0.0005508248  -0.0113067154
20323  -0.0038254167  -0.0016830365   0.0023080820  -0.0001184079  -0.0039283934
20324   0.0046112198  -0.0021975925  -0.0008105319   0.0071767295  -0.0022081709
20325  -0.0090464584   0.0051350466  -0.0072397652   0.0078120776   0.0081460237
20326   0.0089391967  -0.0038560118   0.0075753770  -0.0049068568  -0.0007103609
20327  -0.0064830379   0.0093024950   0.0169125319  -0.0155468383  -0.0001815172
20328   0.0258494869   0.0896039336   0.0049524230   0.0189635678  -0.0136368301
20329   0.0029944717  -0.0068642203  -0.0112145619   0.0036805702   0.0686427318
20330  -0.0674889161  -0.0191640679  -0.0205850239  -0.0444380584  -0.0057504090
20331  -0.1077815435  -0.0097370328  -0.0499041575   0.0680609435   0.0257492913
20332   0.0342941617   0.0312684647   0.0628246645   0.3825639775   0.2909015995
20333   0.0139861684  -0.0023796356   0.0753482828  -0.0142093990  -0.0085069869
20334   0.0216707472  -0.0016712921  -0.0032453136  -0.0491233814  -0.0164831952
20335   0.0252574126  -0.0050402897   0.0068236931  -0.0396301482   0.1750472633
20336   0.0381876913   0.0409190163   0.0914308333  -0.0012394375   0.0015142991
20337  -0.0026017475  -0.0033971940  -0.0063532882   0.0165338176   0.0179626131
20338   0.0520612008  -0.0955742511   0.0109830450  -0.0071455281   0.0882543060
20339   0.0171419784   0.0340430574  -0.0570941164  -0.0110191836   0.0667976571
20340  -0.0100763786   0.0040614014   0.0117581378   0.0042425975  -0.0002286728
20341   0.0117634966   0.0010807674  -0.0063935643   0.0068564269   0.0070442373
20342   0.0312356373   0.0219074751   0.0071338073   0.0315459761  -0.0674425802
20343  -0.1113079943   0.1127042289  -0.0649821786  -0.0202595556   0.1263416874
20344  -0.0836347733  -0.0008412489   0.0001722136   0.0000391225  -0.0000590680
20345  -0.0000278403  -0.0002562743  -0.0001605446   0.0016629214   0.0000651483
20346  -0.0038975346   0.0000970022   0.0023156213  -0.0134230984   0.0645070484
20347   0.9500035841   0.1053661988   0.2426808852  -0.0005179280
204 1   0.0714307479  -0.0143770126   0.0245046684  -0.0374434282  -0.0385558826
204 2  -0.0664672600  -0.0756280186   0.0553080413  -0.0330471132   0.0697969996
204 3   0.0070263117   0.0102685289   0.0388047173  -0.0255570430  -0.0224549357
204 4   0.0736720474   0.0220345435   0.0547369267   0.1983966546  -0.1181032911
204 5   0.0099829532  -0.0179321777  -0.1557308635   0.0194492896   0.0461073181
204 6   0.0520945146   0.0363909540  -0.0402552527   0.0316751813  -0.0469490217
204 7   0.0424309929  -0.1087018787  -0.0073103002   0.0869955119   0.0400526050
204 8  -0.0646912994   0.0094759223  -0.0751094083  -0.0037624022  -0.0017975525
204 9  -0.0608067136   0.0645989968  -0.1524022254   0.0175787240  -0.0165247827
20410   0.1565973503   0.0721172414   0.0061875078   0.0518686277   0.1001208126
20411  -0.0158318637   0.1465021508  -0.1908610476  -0.1524480756  -0.2097756440
20412   0.0734120298  -0.2110291264   0.1591347823  -0.2623238489   0.2559855203
20413   0.1346040724   0.1745636602   0.2053559890  -0.1048471452  -0.1627750678
20414  -0.1841598413   0.0912565073   0.1982577559  -0.1301082540   0.2355869643
20415   0.0499194136  -0.0915734369   0.1272209820   0.1313654906  -0.0554936786
20416  -0.1853023821  -0.1991699993  -0.1812377332   0.3147925588   0.1263905154
20417  -0.1135379910   0.0181928179  -0.0211388423  -0.1853661983   0.0533428350
20418  -0.0125399473   0.0844142828  -0.0774723514  -0.0750026274   0.1407789891
20419   0.0173809704  -0.1005795186  -0.0748043208  -0.0334475182   0.0702092475
20420  -0.0864668128  -0.0212718022  -0.1569197162  -0.0811272176  -0.0443845520
20421   0.0851978798  -0.1465184637   0.0761693258  -0.0102443615  -0.0190809002
20422  -0.0337732827   0.0696290697   0.0275009587  -0.0133984744  -0.0363111391
20423  -0.0344329118   0.0236158146   0.0083443054   0.0414248206  -0.1245337370
20424   0.0378665944  -0.0377005858   0.1259971437  -0.0248574168   0.1476969422
20425   0.1315144329  -0.0205615629   0.0240926981  -0.0296592923  -0.0307971601
20426  -0.0533827427  -0.0140865479   0.0206748604   0.1015465412  -0.0153908181
20427  -0.0339082747   0.0714885667   0.1018067795  -0.0797832486   0.0919715607
20428  -0.0079495756  -0.0366471649  -0.0412501289   0.1292270339  -0.0211706438
20429  -0.0364502530  -0.1182210630  -0.0055593725   0.0545483427  -0.0505500940
20430   0.0509374018   0.2097724617  -0.4720456417   0.3861444820   0.0444119755
20431  -0.3366986795   0.0460801324   0.0146521031   0.0223789789  -0.0743816208
20432   0.2775081449  -0.2045920737   0.1591410077  -0.0319962713  -0.0065557133
20433   0.3036477132  -0.4297121321   0.0796459272  -0.3401194200  -0.3780972935
20434   0.1520687362   0.0005381314   0.1205044634   0.0432139735  -0.0859062366
20435   0.7954481439  -0.0354992859   0.0062366910   0.0012336197   0.0338398247
20436   0.0056588112   0.0125015288   0.0095063084  -0.0015623099   0.0103611218
20437  -0.0006026017   0.0043898611  -0.0170389924  -0.0080467267  -0.0000025956
20438  -0.0046614782   0.0113105464   0.0003525951  -0.0094068572  -0.0105821920
20439  -0.0001085566  -0.0093039878   0.0108624148  -0.0037350778  -0.0105442096
20440  -0.0022493598   0.0002595845   0.0031646442   0.0007090093  -0.0035824758
20441   0.0022991516   0.0001513918   0.0016414928   0.0010266446   0.0018232108
20442   0.0007976493   0.0011617849   0.0000587686   0.0026427053  -0.0049971431
20443  -0.0147226155   0.0072215037   0.0017426714   0.0005893991   0.0082093735
20444  -0.0036290564   0.0004985471  -0.0000741589   0.0000741162   0.0000873549
20445   0.0000687153  -0.0001835681   0.0000730098   0.0000511123  -0.0000173455
20446   0.0001426824   0.0000176277  -0.0000987136   0.0004845025  -0.0023226951
20447  -0.0341351324  -0.0036985189  -0.0080937620   0.0000359323
205 1   0.0431125382  -0.0532791868  -0.0601947941   0.0794156604  -0.0507066844
205 2   0.0737121212   0.0450423949   0.0599056593   0.0443360536   0.0914705884
205 3  -0.0545882825  -0.0776947748   0.1067144360   0.1201764092   0.1095828126
205 4  -0.0791028730  -0.0516163202   0.0290098349   0.0188561571  -0.0019211580
205 5  -0.0311977392  -0.0615590078   0.0269459720   0.0298368080  -0.0241889831
205 6   0.0317383584  -0.0036393070  -0.0119726490   0.0232980385  -0.0040511075
205 7  -0.0025735027   0.0502429918  -0.0234955424  -0.0216355901  -0.0130650010
205 8  -0.0113115793   0.0117574673  -0.0219339156  -0.0125538584  -0.0157744283
205 9  -0.0145282146  -0.0082653474   0.0185630768  -0.0161580128   0.0127431554
20510  -0.0034993066   0.0191839522  -0.0006269666   0.0013200305  -0.0031776495
20511  -0.0090965499  -0.0002747783   0.0028710180   0.0010439470   0.0127252524
20512  -0.0046295352   0.0034131693  -0.0001994912   0.0127129219  -0.0028640301
20513   0.0144487808  -0.0024455710  -0.0062895104  -0.0018892754   0.0238717326
20514   0.0213222617   0.0078823938  -0.0230768372   0.0143574889  -0.0003824856
20515  -0.0138660576   0.0049798690   0.0005858779   0.0165448624  -0.0024226970
20516  -0.0152572123  -0.0097459623  -0.0164740603   0.0004382086   0.0075457392
20517  -0.0106253015  -0.0189894252   0.0310673722  -0.0013867244  -0.0291058132
20518  -0.0037901973   0.0388795564   0.0288248110  -0.0263772443  -0.0061422498
20519  -0.0221243363  -0.0187482448  -0.0004408085  -0.0040134131   0.0167149100
20520  -0.0250259981   0.0019891321  -0.0333388140  -0.0193468570   0.0037244742
20521   0.0089991586  -0.0105115425   0.0057788647   0.0040852875  -0.0070994252
20522  -0.0002889393   0.0004454624   0.0013259953  -0.0078674253   0.0014820937
20523   0.0043199997  -0.0030035836   0.0009294612  -0.0006925262   0.0031762223
20524  -0.0023864184   0.0016914237  -0.0027203043  -0.0003146552  -0.0030261818
20525   0.0027633701  -0.0011242803   0.0020370309  -0.0027354334  -0.0008029758
20526  -0.0002102470  -0.0001356737  -0.0020082605  -0.0016052163   0.0007549084
20527  -0.0048565206   0.0059664007   0.0094661902  -0.0079962390   0.0056471925
20528   0.0033752652   0.0176297793   0.0077011743   0.0061447287  -0.0930936308
20529  -0.0155886218  -0.0196308076  -0.0175843748  -0.0413181449   0.0837022673
20530   0.0830415061  -0.0202890183   0.0373451799  -0.0769056361   0.0539318675
20531  -0.1307513878   0.1187823510   0.0376598557   0.0748433598   0.0011301988
20532   0.0514984760   0.1386458203   0.1965585737  -0.1011658379  -0.0188446753
20533  -0.0129479143   0.0174301648   0.0954978140  -0.0246845627  -0.0160342857
20534   0.0236099083  -0.0017350257   0.0003562704   0.1614034810  -0.2977126171
20535  -0.0413669234   0.0018322902   0.0049600978   0.0219161047   0.0961655200
20536   0.0199537063  -0.0178835211   0.0881630756  -0.0022939886  -0.0007966800
20537  -0.0047247765   0.0161568508  -0.3784887078  -0.1696011770  -0.0144302240
20538  -0.1897881426  -0.0741435976   0.0338508655  -0.2780882369   0.1314153264
20539   0.3133601353   0.1623108671   0.2650670755   0.0709056468  -0.1212445215
20540   0.0184974539   0.0170374952  -0.1542112658  -0.0317039828  -0.0176423322
20541  -0.0394965185   0.0022923584   0.0555208497   0.0075790562   0.0001261846
20542  -0.0997213713   0.0651916609  -0.0884459743   0.0451215246   0.0751727008
20543   0.2287811069  -0.1869673647  -0.1722510903  -0.1775456232  -0.1364755039
20544   0.0534877005   0.0012328755   0.0041394919  -0.0001278514   0.0001704244
20545  -0.0000358164   0.0013102685   0.0003005278  -0.0117715617  -0.0004210814
20546   0.0138434366  -0.0002666014  -0.0117457080   0.0018323620  -0.0126284306
20547  -0.1934098913  -0.0347211976   0.7716467408   0.0018346602
206 1  -0.0688782289   0.0083681550   0.0417154485  -0.0312374375   0.1184788811
206 2  -0.1348299084  -0.0226675614   0.0313029601   0.0395831543   0.0460081574
206 3  -0.1556170309  -0.1383405693   0.0280109425  -0.1358669928  -0.1518280425
206 4   0.0874315907   0.0871851497  -0.0766785362  -0.0157969030   0.0545418883
206 5   0.0249818150   0.0796337987  -0.1086747166  -0.0010570689   0.0658214618
206 6  -0.0023418159   0.0187018357  -0.0166864861  -0.0362607185   0.0187895260
206 7  -0.0321590276  -0.0503424128   0.0490936060   0.0115803793   0.0349302459
206 8   0.0193497182  -0.0140335666   0.0436127672   0.0276287704   0.0283519137
206 9   0.0192296505   0.0102033227  -0.0220840358   0.0269091346  -0.0228413547
20610   0.0107089066  -0.0252567002   0.0059265984  -0.0117760770  -0.0010674088
20611   0.0153403460  -0.0069315094   0.0021965738  -0.0040789196  -0.0041617113
20612  -0.0008340606   0.0072271799  -0.0070925867  -0.0056352318  -0.0036753893
20613  -0.0294369149   0.0033516390   0.0061073442   0.0126065577  -0.0381581617
20614  -0.0199711634  -0.0067695359   0.0247255668  -0.0162110796   0.0044897454
20615   0.0150415294   0.0005950012  -0.0041230530  -0.0017546266   0.0089870894
20616   0.0010620314  -0.0038184007   0.0031634091   0.0055076919   0.0026077891
20617   0.0090011783   0.0080156032  -0.0133395801  -0.0006957907   0.0176968731
20618  -0.0027622786  -0.0191580442  -0.0087577175   0.0082308052  -0.0019355339
20619   0.0049893059   0.0127822466  -0.0025964244   0.0038675351  -0.0110456641
20620   0.0110363673  -0.0028375743   0.0166658474   0.0112866904  -0.0098965050
20621   0.0005881026   0.0042008456  -0.0012732212  -0.0050853094   0.0035410462
20622  -0.0029967636   0.0008462641  -0.0029337865   0.0027975529  -0.0046984920
20623  -0.0029736537  -0.0011461907   0.0015247618  -0.0011722750  -0.0002040513
20624   0.0018909434  -0.0006918668  -0.0031718795   0.0027634287  -0.0047556714
20625  -0.0092175879   0.0044826370  -0.0070767699   0.0071576678   0.0065192040
20626   0.0095444035  -0.0029131678   0.0039202744  -0.0099889798  -0.0041167848
20627  -0.0037345790   0.0118716158   0.0185386608  -0.0188873895   0.0011386942
20628   0.0292271329   0.1073131595   0.0164721906  -0.0063235462   0.0294937008
20629   0.0078527447  -0.0436827070   0.1182786253  -0.0002277802  -0.0693874096
20630  -0.0103249406  -0.0153443736  -0.0076675812  -0.0223563972  -0.0847734508
20631  -0.0564646602   0.0811225182  -0.2008784116  -0.2750984887  -0.0317532431
20632  -0.0424162272  -0.0839802285  -0.1019267078  -0.0598805529  -0.1068617732
20633   0.0048602284  -0.0091995977  -0.0588101959  -0.0017330443  -0.0201338896
20634  -0.0347645680   0.0005142412   0.0124039611   0.1851877260  -0.1313825592
20635   0.0057706488  -0.0004904688   0.0242535682  -0.2167684001  -0.2549221556
20636  -0.0626316297  -0.0254772014  -0.2020181341   0.0030564265   0.0016477789
20637   0.0064231995  -0.0199611816   0.4459166779   0.2120505278   0.0364231366
20638   0.2954336245   0.0639284405  -0.0407706112   0.4173120188  -0.1155067523
20639  -0.2958040647  -0.1702584207  -0.3824941443  -0.1057806436   0.2379064002
20640  -0.0239273492  -0.0174162846   0.1966527051   0.0401058137   0.0200064786
20641   0.0670068024   0.0039170224  -0.0733586264   0.0099744283   0.0267052967
20642   0.0874212421  -0.0762056527   0.1329398400   0.0478484677  -0.1748303101
20643  -0.1990430993   0.1647512619   0.0448399328   0.1432716996   0.3512378824
20644  -0.2024275272  -0.0003353438   0.0008331864  -0.0000841424   0.0001162723
20645  -0.0000062071   0.0006994275   0.0001669198  -0.0081126216  -0.0002767475
20646   0.0089920730  -0.0001925128  -0.0078318563   0.0013821043  -0.0097201055
20647  -0.1491059415  -0.0254074791   0.5788180448   0.0013996881
207 1   0.0705067490  -0.0073171494   0.0403994313  -0.0409980147  -0.0560239867
207 2  -0.0208905561  -0.0700100584   0.1048233476  -0.0180189537   0.0568943806
207 3  -0.0129049781   0.0367587023   0.0422601657  -0.0289761224  -0.0018253562
207 4   0.0780840732   0.0311099821   0.1066483378   0.1562404368  -0.0562995437
207 5   0.0550368125  -0.0290501025  -0.2145993626  -0.0130255116   0.0477458710
207 6   0.0520809136   0.0033094349  -0.0389619831  -0.0216122594  -0.0252272041
207 7  -0.0208748921  -0.0699740724   0.0782699612   0.0179701434   0.0325265055
207 8   0.0141991859  -0.0220171657  -0.0003132490  -0.0131827527  -0.0432501446
207 9  -0.0769116889  -0.0163471742  -0.1177057538   0.0096078545  -0.0913961112
20710   0.1684275068   0.0309367872  -0.0084559414  -0.0235153425   0.1899982038
20711   0.1178784575   0.0513448770  -0.1338780469  -0.1374610473  -0.1698730511
20712   0.0991174660  -0.1416007523   0.1018026705  -0.1847496488   0.1448485576
20713   0.0479834835   0.1032242750   0.1223646991  -0.0302849996  -0.1448009606
20714  -0.1771375524   0.0358480237   0.1413314589  -0.0995213818   0.1558683076
20715  -0.0108234921  -0.0724403923   0.1005763881   0.1049309566  -0.0455112554
20716  -0.1860787412  -0.2013175826  -0.1801929426   0.2503136342   0.1181159399
20717  -0.0768645356  -0.0121671992  -0.0059000090  -0.1400165294   0.0324726182
20718  -0.0277272967   0.0673657576  -0.0287111535  -0.0754952867   0.0889380842
20719  -0.0059222115  -0.0619284714  -0.0632597131  -0.0014705261   0.0228429824
20720  -0.0908104930  -0.0082800026  -0.1009953501  -0.0532814527  -0.0291946164
20721   0.0622263129  -0.1031888856   0.0691754561   0.0134984901  -0.0438165439
20722  -0.0325037791   0.0532125302  -0.0057718400  -0.0240804818  -0.0038341631
20723   0.0431517294  -0.0539368562   0.0843583025   0.0629579897  -0.1101408492
20724   0.0415714303  -0.0339548331   0.0421257526  -0.0288780924   0.0777564624
20725   0.0743093470   0.0027259230  -0.0209229629  -0.0032480307  -0.0046848247
20726  -0.0066120508  -0.0808194130   0.0536317214   0.1319420899  -0.0362906431
20727  -0.1591174387   0.2101460479   0.2643512983  -0.2330235533   0.2736973657
20728  -0.0501672328  -0.1578855482   0.0820101928   0.0604329310  -0.1234378692
20729   0.2347958308  -0.0426496999  -0.0046397096  -0.3031726635  -0.0650745885
20730  -0.0538618214  -0.0532801034   0.1594333672  -0.0664121639  -0.0366890249
20731   0.0213860113   0.0225906393   0.0339515346   0.0075165477  -0.1131525244
20732   0.4397740381  -0.5128068047   0.3425723439  -0.0058166412  -0.0051675052
20733  -0.1649054182   0.0529302951   0.0836277869  -0.5045347845  -0.5725933872
20734   0.2605117063  -0.0053223636   0.1737066422  -0.0738737744   0.1220141774
20735  -0.5781842046   0.0296693334  -0.0039285832   0.0087707040  -0.0397744806
20736  -0.0076567902  -0.0141620363  -0.0140960310   0.0015346927  -0.0076173262
20737   0.0011033412  -0.0119982811   0.0191965635   0.0066061288  -0.0001154339
20738   0.0107739689   0.0075615706  -0.0022459283   0.0106412699  -0.0077031128
20739  -0.0108273740  -0.0056254764  -0.0023757879   0.0027627575  -0.0043640837
20740   0.0015212505  -0.0021569436   0.0073611387   0.0017606168   0.0125152527
20741  -0.0043902073  -0.0014309746  -0.0286454233  -0.0046626802   0.0084857365
20742   0.0006161513   0.0046620256   0.0007160162   0.0012369725  -0.0083419187
20743  -0.0058606287   0.0083398233   0.0007064756   0.0047070070   0.0164290164
20744  -0.0122086773  -0.0003181813  -0.0002749443  -0.0001625489   0.0000416160
20745  -0.0000899198   0.0001242763  -0.0000060954  -0.0000700765   0.0000338992
20746  -0.0007004160   0.0000141506   0.0005864095  -0.0000864617   0.0005487446
20747   0.0086606728   0.0016377867  -0.0341194163  -0.0000966916
208 1   0.1050082652  -0.0418061265  -0.0517193363   0.0720033894  -0.0559207717
208 2   0.0872442199   0.0348990403   0.0545699017   0.0460445844   0.0994449521
208 3  -0.0351274755  -0.0686472278   0.1232225136   0.1475086801   0.1365127364
208 4  -0.0824253056  -0.0586562693   0.0267786505   0.0360022154   0.0022432967
208 5  -0.0481080377  -0.0725067016   0.0279457957   0.0139753970  -0.0086902003
208 6   0.0225977675  -0.0179114735  -0.0152562675   0.0319883317   0.0019621239
208 7  -0.0242088662   0.0239124393   0.0095124564  -0.0319640714   0.0053116554
208 8  -0.0050800431  -0.0123366699   0.0181199682  -0.0003641734  -0.0076846538
208 9  -0.0159356984  -0.0133225524   0.0053420478   0.0016857117  -0.0050709512
20810  -0.0026991544  -0.0204773372   0.0045434862  -0.0109797509  -0.0027171479
20811   0.0003190749   0.0003577581  -0.0146600097  -0.0074432676   0.0047527966
20812  -0.0183505237   0.0071839570  -0.0037037757   0.0016230740   0.0016471147
20813  -0.0144202468   0.0071406231   0.0160480967   0.0143505905  -0.0144645734
20814  -0.0076928581  -0.0152633237   0.0131614112  -0.0093887676   0.0322716110
20815   0.0101199832   0.0074071525  -0.0040043136   0.0270574314   0.0240475297
20816  -0.0186869861  -0.0258536616  -0.0105544353   0.0452631520   0.0237208856
20817   0.0071142629   0.0423574216  -0.0506496900  -0.0369465071   0.0705981640
20818  -0.0071620456  -0.0670889403  -0.0681540253   0.0438483944   0.0475074050
20819   0.0360102222   0.0014523088  -0.0227594181   0.0194684452  -0.0357810655
20820   0.0157847790   0.0095344152   0.0385079204   0.0183544345   0.0060174780
20821   0.0097094477   0.0054645173  -0.0114784311   0.0118071216  -0.0072410760
20822   0.0038713040  -0.0054945540   0.0005763027  -0.0023218198   0.0108064244
20823   0.0028187785  -0.0078627872   0.0067801661   0.0040222725  -0.0021323928
20824  -0.0021998709   0.0011722552   0.0043109424  -0.0107416786   0.0075528638
20825   0.0136631673  -0.0072029222   0.0115416422  -0.0103304278  -0.0140823262
20826  -0.0157244953   0.0086078416  -0.0083614613   0.0018013203  -0.0069705705
20827   0.0174124190  -0.0019774688  -0.0057601608   0.0038062269  -0.0094654705
20828   0.0055951021   0.0095364689  -0.0010488481   0.0008235546   0.1491820248
20829   0.0433527345  -0.0397746891   0.1017276117  -0.0288675552   0.1470038791
20830  -0.0056797405   0.0124726807  -0.0138894167  -0.0745346645  -0.0121180240
20831  -0.1000519824  -0.1222990341  -0.2083342839   0.2528135866  -0.1085137333
20832  -0.0293338537  -0.1414834465  -0.1829035963  -0.0741029769  -0.0386070375
20833  -0.0001263641  -0.0126578179   0.0399322952  -0.0263919977   0.0622656931
20834   0.2287399455  -0.0158825747  -0.0315320360   0.2311726362  -0.0575867657
20835  -0.0076949326  -0.0056650153   0.2947963532   0.0402839388   0.3514291049
20836  -0.0865128688  -0.0867946267  -0.1819727664  -0.0042413561  -0.0013753720
20837   0.0706071961   0.0042546349   0.2983099753  -0.6612801215  -0.0804856576
20838   0.0099648709  -0.3820044647  -0.0657362979   0.1072735374  -0.4205049601
20839  -0.1824418634   0.3230835399   0.1907153072  -0.2724663016  -0.0197276462
20840   0.0030776857   0.0013230335  -0.0437055835   0.0023841554  -0.0009696268
20841   0.0752131205   0.0272010090  -0.0205093504   0.0284340572  -0.0192346025
20842   0.0436699867   0.1027197693   0.0803571121   0.0747447008   0.1001382271
20843   0.1529356597   0.1673728260  -0.2138000879   0.2949520934   0.1025950973
20844   0.2711940410   0.0000526669  -0.0000737809  -0.0000174558   0.0002901379
20845  -0.0000244606  -0.0000690701  -0.0000033055  -0.0000849855  -0.0003780790
20846  -0.0000283828   0.0001233855   0.0000268326   0.0960731922  -0.0241790668
20847   0.0027999657   0.0008980258   0.0001851944  -0.0211582332
209 1  -0.1051000972   0.1238946068   0.1068728559  -0.0908264410   0.0898235625
209 2  -0.0527989613  -0.0940702602  -0.0291544790   0.0410839695   0.1050129375
209 3  -0.0151598816  -0.1277249949   0.1087393886   0.0686765724   0.0544082106
209 4  -0.0296547173  -0.0411159335  -0.0473903943   0.0582925140   0.0460831964
209 5  -0.0159516832  -0.0266044067  -0.0122744566   0.0154918094   0.0565071160
209 6  -0.0112526505  -0.0310520960   0.0007000429   0.0082991731  -0.0168555252
209 7  -0.0233133909  -0.0164423841   0.0223377668  -0.0027032554  -0.0183320718
209 8   0.0015218625  -0.0439664368   0.0054260770   0.0045561446   0.0085327000
209 9   0.0069833121   0.0108555036  -0.0067320555   0.0052824908   0.0013264371
20910  -0.0067650503  -0.0091294257   0.0089409603   0.0124712164  -0.0110285402
20911  -0.0040117903   0.0143927768   0.0043756303  -0.0005574151  -0.0151444851
20912   0.0042872252  -0.0080701002   0.0105318639  -0.0116095310  -0.0036722261
20913  -0.0106526139   0.0015879451   0.0045433351  -0.0146088385  -0.0128315095
20914  -0.0098564622   0.0122207377   0.0124624562  -0.0011972116  -0.0065161245
20915   0.0037872645  -0.0085766532   0.0052515293  -0.0086765294  -0.0080488244
20916   0.0118706798   0.0137919776   0.0097745404  -0.0239530778  -0.0185761050
20917  -0.0099713775  -0.0188125564   0.0238577013   0.0232918358  -0.0392809764
20918   0.0009756734   0.0417523508   0.0388107193  -0.0258642078  -0.0257188437
20919  -0.0226071251  -0.0063256796   0.0146767971  -0.0139684570   0.0262407744
20920  -0.0122053026  -0.0063387443  -0.0351121863  -0.0165477152  -0.0046472173
20921  -0.0108442392  -0.0068495896   0.0160768732  -0.0076510106   0.0035227864
20922  -0.0025555276   0.0075350579  -0.0044902992   0.0028651293  -0.0046701219
20923   0.0023346922  -0.0019540856   0.0034510104  -0.0005562555  -0.0021629789
20924   0.0034987101  -0.0018686651  -0.0030964160   0.0034465784  -0.0010552065
20925  -0.0042505264   0.0034156831  -0.0039970346   0.0036216518   0.0017339861
20926   0.0075843120   0.0059031654   0.0018750913   0.0047115890   0.0077415539
20927   0.0044625888  -0.0172168744  -0.0223013328   0.0279911675  -0.0084616493
20928  -0.0246255406  -0.0930413078   0.0024408873  -0.0134249166   0.0045949651
20929  -0.0017370864  -0.0028161005  -0.0096408217  -0.0027866214  -0.0681560088
20930   0.0713108387  -0.0026167618  -0.0462624093   0.0082731318  -0.0620050705
20931   0.1053038279  -0.0150415714  -0.0478000229  -0.0654135740  -0.0287362107
20932  -0.0189309530   0.0292313792   0.0675289687  -0.2427304557   0.4168548260
20933  -0.0264112576  -0.0155586284   0.0691391289  -0.0156965926   0.0126050821
20934  -0.0415177056  -0.0280586878   0.0026629893  -0.0464528866   0.0129121155
20935   0.0000388461  -0.0600633006   0.0397748081   0.0058148463  -0.1619177991
20936   0.0349663073   0.0485895949   0.1028126967  -0.0014515088  -0.0011886534
20937  -0.0051699528  -0.0015520899   0.0159217839   0.0074200572   0.0542576587
20938  -0.0039007519   0.0817320839   0.0065599244  -0.0238361572   0.0891011294
20939   0.0166266849  -0.0224395582   0.0421119948   0.0137395376   0.0876871727
20940   0.0046067095   0.0114134772  -0.0094046057  -0.0052725286   0.0005841824
20941   0.0129526080   0.0046375456   0.0022781958  -0.0089347401   0.0099847727
20942  -0.0315435943  -0.0141736545   0.0119308236  -0.0095430317  -0.0731806182
20943   0.1014176818   0.1273983330   0.0671614035  -0.0286219695  -0.0900379554
20944  -0.1191495804  -0.0004023338  -0.0002291689   0.0005146435   0.0005734590
20945  -0.0006645624   0.0000072918  -0.0000688487  -0.0002620220  -0.0040572390
20946  -0.0003163395   0.0020816425   0.0001738884   0.9394481119  -0.2354539190
20947   0.0277122003   0.0080552200   0.0017168680  -0.1885698909
210 1  -0.1089192770  -0.0856551650   0.0293522109   0.0323195057  -0.0037222562
210 2  -0.1106504802  -0.0622220933  -0.0284836874  -0.0824972535   0.0679966734
210 3   0.0220168328  -0.0508816652   0.0589590866   0.0700692186   0.0055308198
210 4  -0.0808690922  -0.0649539545   0.0289104244   0.1202877292  -0.0153808330
210 5  -0.0340441350   0.0273537879  -0.0182997035   0.0871394339  -0.0346189217
210 6  -0.0224499269   0.1079582911   0.0538180855  -0.0275510159  -0.0166297862
210 7   0.2125373345  -0.0574230349  -0.2314709947   0.2791634732   0.0373583083
210 8  -0.1512427439   0.0835051364  -0.2034735332   0.1116172461   0.0529643640
210 9   0.0612460297   0.2706126229  -0.2028242025   0.1083987940   0.1170293620
21010   0.0474011599   0.1141500593   0.0423103337   0.0980673036  -0.0409185837
21011  -0.0413175922   0.1825989914  -0.0814902332  -0.1031992867  -0.2799540081
21012   0.1190114068  -0.3167421040   0.2359023075  -0.2376395457   0.1469525598
21013   0.0979742134   0.0923692728   0.1354312175  -0.1946392881  -0.1649781294
21014  -0.1871347211   0.1399870992   0.2578580084  -0.1087449253  -0.0250013507
21015   0.1953380787  -0.1556086059   0.1174414542  -0.2054955002  -0.1269277226
21016   0.1893968528   0.1585212994   0.1747985079  -0.1500744503  -0.1697058298
21017  -0.0365734763  -0.0462179683  -0.0400421443   0.1146865805  -0.1114191490
21018   0.0709845526   0.0378316387   0.0431392273   0.0345226347  -0.0490197888
21019   0.0318670910   0.0536674126   0.0482892317  -0.0524689469   0.0528076265
21020   0.0575248913  -0.0120528124   0.0084497705  -0.0309150688   0.0166438715
21021  -0.0955380098   0.1009426049   0.0231519209   0.0126935543   0.0059240198
21022   0.0048295506  -0.0169681666  -0.0056363876   0.0738346023  -0.0420590735
21023  -0.0733308192   0.0783318879  -0.1190088990  -0.0402076617   0.0945328452
21024  -0.0097528257  -0.0065377055  -0.0703860198   0.0535308628  -0.1150853960
21025  -0.1133488044   0.0353748389  -0.0314056862   0.0279160824   0.0584251119
21026   0.0620933072  -0.0070254724   0.0523974674  -0.0426201582   0.0597941411
21027  -0.0047506714  -0.0198534998  -0.0196108383   0.0367057561  -0.0356585197
21028   0.0350514547  -0.0768943507   0.1488261255   0.0076884213   0.0184369999
21029   0.0768946643  -0.0962328358  -0.0374960470  -0.0946597015  -0.0196345874
21030   0.0159020294   0.1017541429  -0.5134359466  -0.4178804914   0.0748763351
21031   0.2262945085  -0.0025114417   0.0502124147  -0.0119304490   0.0424501398
21032  -0.2939654108  -0.1007988283   0.1556429808   0.0209258822  -0.0073046780
21033  -0.3763448421  -0.3843563913   0.0234762637  -0.2419515054   0.1915869927
21034  -0.2421859121  -0.4203329708  -0.0051356455   0.0483928766   0.0424564303
21035  -0.0372194130  -0.7964181315  -0.0178017822   0.0248969437  -0.0274486353
21036   0.0025250355  -0.0021343987  -0.0030571821   0.0111031509   0.0001018309
21037  -0.0047292399   0.0002234580  -0.0012868059  -0.0026593713  -0.0049919520
21038  -0.0006654307  -0.0080563196   0.0027138280   0.0015997834  -0.0096301133
21039  -0.0010398525   0.0050031877  -0.0046164817  -0.0001263849  -0.0106428540
21040   0.0001221744   0.0001407837   0.0003146259   0.0027015959  -0.0001633661
21041  -0.0007416282   0.0016259579  -0.0002006796   0.0004243624   0.0001142387
21042   0.0047826590   0.0024363412  -0.0010614357  -0.0003212722   0.0016691668
21043   0.0028456110   0.0008255801  -0.0069291974   0.0047917768   0.0030774200
21044   0.0027297333  -0.0002162422   0.0000962165  -0.0002103679  -0.0000467236
21045  -0.0001569660   0.0001116841  -0.0001543406   0.0000878554   0.0003499279
21046   0.0000202539  -0.0000960057  -0.0000287092  -0.0745500798   0.0186698256
21047  -0.0021849435  -0.0006126869  -0.0001352074   0.0148988477
211 1   0.0835615648  -0.0562825380  -0.0607297602   0.0797983768  -0.0512960458
211 2   0.0740010370   0.0454029752   0.0625903933   0.0455615791   0.0909422699
211 3  -0.0556463458  -0.0733002788   0.1092220700   0.1171584986   0.1050821821
211 4  -0.0676891310  -0.0445878633   0.0236864522   0.0226755568  -0.0014120435
211 5  -0.0378463915  -0.0587924538   0.0195853403   0.0201148839  -0.0132750118
211 6   0.0277399861  -0.0099179196  -0.0152214475   0.0261992864   0.0033626536
211 7  -0.0151415995   0.0313062333  -0.0018571936  -0.0270305393   0.0025440217
211 8  -0.0064854907   0.0006155781   0.0046204692  -0.0044479032  -0.0100889765
211 9  -0.0145347542  -0.0119368459   0.0116521137  -0.0054791798   0.0021007473
21110  -0.0026554548  -0.0053792538   0.0008272423  -0.0067951978  -0.0037801998
21111  -0.0047922509  -0.0000991841  -0.0084275738  -0.0042677301   0.0085900402
21112  -0.0139732359   0.0059014636  -0.0031329580   0.0056166532   0.0009485018
21113  -0.0034747259   0.0041585167   0.0085509893   0.0083220583  -0.0011324884
21114   0.0023676112  -0.0062570915   0.0008627392  -0.0018570470   0.0218092598
21115   0.0050150184   0.0071902896  -0.0035598543   0.0233423470   0.0156416957
21116  -0.0176052629  -0.0202733864  -0.0122458693   0.0317768000   0.0178382277
21117   0.0032084380   0.0252767161  -0.0265733477  -0.0281527924   0.0403445843
21118  -0.0026790737  -0.0348303539  -0.0396952807   0.0234332339   0.0320181125
21119   0.0205707191  -0.0041750519  -0.0140353650   0.0089435633  -0.0169683985
21120   0.0066523557   0.0039716307   0.0170736144   0.0034986886   0.0065585110
21121   0.0094644296   0.0030984382  -0.0094803469   0.0105012092  -0.0040921022
21122   0.0058985058  -0.0079658819   0.0060095811  -0.0027322350   0.0038247329
21123  -0.0025419519  -0.0004981721  -0.0024431927  -0.0024438412   0.0045318241
21124  -0.0069413208   0.0051799854   0.0045640153  -0.0036358988   0.0024165733
21125   0.0075583478  -0.0044590007   0.0079653647  -0.0058949150  -0.0071228353
21126  -0.0105218432   0.0057392797  -0.0040978196  -0.0021086636  -0.0041957389
21127   0.0110043375  -0.0008163912   0.0009776099  -0.0033479868  -0.0074623974
21128   0.0151264987   0.0332669325   0.0023531248   0.0111504983   0.0842562522
21129   0.0351120925   0.0010218142   0.0024195791  -0.0206599839   0.0837124327
21130   0.0886352384   0.0047304755   0.0036396999  -0.0750811317   0.0296942347
21131  -0.1438637089  -0.1156965326  -0.0360518622   0.0701158365   0.0071956155
21132  -0.0234632019  -0.1507872485  -0.1893356495  -0.0813294144   0.0576077478
21133  -0.0042277595  -0.0173444480  -0.0862731993   0.0060738549  -0.0057748252
21134   0.0287185772   0.0067996590   0.0009963151  -0.1687221901  -0.3062993580
21135  -0.0077273210  -0.0143953389   0.0150182045   0.0097900165   0.0926184739
21136   0.0140409721  -0.0424207205  -0.0820834433  -0.0017326813   0.0028079249
21137  -0.0347919911   0.0015873964  -0.2072171398   0.3316565723   0.1804959290
21138  -0.0634767935  -0.0592250115  -0.2538545189   0.0382755119  -0.1702072759
21139  -0.3514875201   0.1748771305   0.2270911903   0.0015452089   0.1423678880
21140   0.0213767402   0.0029348992  -0.1329137198  -0.0143531243  -0.0001745076
21141   0.0677224416   0.0427502654   0.0068879876  -0.0169610170  -0.0075125887
21142  -0.0851609852   0.0729943889   0.0900261945   0.0497377457  -0.0524738154
21143   0.2031036954   0.2736324663  -0.0966568261   0.2190644011  -0.0982181671
21144  -0.0734944389   0.0005642217  -0.0004615572   0.0028068265   0.0106468836
21145  -0.0003627619  -0.0005825679   0.0009476213  -0.0003703921  -0.0130323227
21146  -0.0004208669   0.0099806211   0.0001068880   0.1481486538  -0.0445789030
21147   0.0056390610   0.0022067082  -0.0014580079   0.7875676326
212 1  -0.0619957087   0.1584520159   0.1272255437  -0.1086737665   0.0802851602
212 2  -0.0232364601  -0.1166593693  -0.0485748444   0.0406393849   0.1233340241
212 3   0.0310004971  -0.1173688988   0.1358110845   0.1342033472   0.1235157961
212 4  -0.0641458928  -0.0722657932  -0.0373733692   0.0863487474   0.0544927985
212 5  -0.0362108003  -0.0540929197   0.0056181828   0.0023868885   0.0627644469
212 6  -0.0210127243  -0.0522177374   0.0011395537   0.0206681305  -0.0162992517
212 7  -0.0412178077  -0.0295164400   0.0458295975  -0.0139748100  -0.0155589244
212 8   0.0029234817  -0.0736874415   0.0328548098   0.0175741839   0.0158595365
212 9   0.0080207131   0.0123880891  -0.0189437913   0.0275091747  -0.0133744757
21210  -0.0113240163  -0.0408384116   0.0128071627   0.0000171294  -0.0052169363
21211   0.0123110322   0.0086932489  -0.0057164612  -0.0051714373  -0.0164274564
21212  -0.0059816254  -0.0008579559  -0.0002255201  -0.0108819620  -0.0092387346
21213  -0.0358160340   0.0046933359   0.0137530130   0.0036019262  -0.0338217457
21214  -0.0255446807  -0.0088683692   0.0328277609  -0.0142012279   0.0123357901
21215   0.0110098744  -0.0081754287  -0.0042111158   0.0036490326   0.0109466220
21216   0.0043712820  -0.0039158660   0.0091471693   0.0059280978  -0.0043531812
21217   0.0022747066   0.0201111101  -0.0274373148  -0.0009789451   0.0245723015
21218  -0.0010708881  -0.0270186320  -0.0209222561   0.0166955346   0.0080337028
21219   0.0128139632   0.0078685709   0.0009617277   0.0019719352  -0.0091938983
21220   0.0113315895   0.0000387974   0.0128003691   0.0099408294  -0.0016083587
21221  -0.0096100031   0.0010727074   0.0058385148  -0.0041311468  -0.0014281315
21222  -0.0010707261   0.0038685720  -0.0070465287   0.0011791125   0.0058472716
21223   0.0124972410  -0.0167880339   0.0197318562   0.0038011656  -0.0099011567
21224   0.0026512160  -0.0000340509  -0.0012600128  -0.0072483538   0.0064832130
21225   0.0034069428   0.0008487359  -0.0008859147   0.0000654199  -0.0060052285
21226  -0.0018758662   0.0054513696  -0.0029936400   0.0108280668  -0.0005311615
21227   0.0052963386  -0.0062479350  -0.0160001764   0.0223140194  -0.0015639297
21228  -0.0285744087  -0.0945693669   0.0032510472  -0.0164607489   0.0532120073
21229  -0.0168724510  -0.0638336743   0.1078339514   0.0002706015   0.0747287012
21230   0.0160870717  -0.0125759045  -0.0161782793  -0.0128360114  -0.1089928570
21231   0.0331856324   0.0822302042  -0.2069725120   0.2710300974   0.0355694870
21232  -0.0281226233  -0.1048485523  -0.0902952714   0.0149898712  -0.1207028638
21233   0.0021672122  -0.0106522323  -0.0525857210  -0.0406483074   0.0388812456
21234   0.0098782827  -0.0615872240  -0.0040091808   0.1777484678   0.1247996838
21235  -0.0007952542   0.0487590271   0.2212909873   0.0160122445   0.2349275930
21236  -0.0237543629  -0.0975750345  -0.2027616614  -0.0048164464   0.0038115292
21237  -0.0340779471   0.0026333587  -0.2426559118   0.4075586733   0.2915953908
21238  -0.0863787956  -0.0495586253  -0.3944027775   0.0326175831  -0.1702942316
21239  -0.3463176204   0.1942318068   0.3268032144   0.0122089802   0.3031768011
21240   0.0274493024   0.0094165383  -0.1757970201  -0.0119730051   0.0020579630
21241   0.1040571992   0.0507788843   0.0092021363  -0.0407097533   0.0075925971
21242  -0.0867369117   0.0939675921   0.1376833897  -0.0027214688  -0.1886103496
21243   0.2004646221   0.2251748458   0.0038099779   0.1700328517  -0.2595073664
21244  -0.3081265621  -0.0002447144   0.0001427690  -0.0008049372  -0.0053154907
21245   0.0001686255   0.0003731650  -0.0005347251   0.0002207539   0.0080993186
21246   0.0002590951  -0.0063693051  -0.0000842434  -0.1122574520   0.0325585213
21247  -0.0042085139  -0.0016407680   0.0010361837  -0.5754581536
213 1   0.0084509034  -0.0938078311   0.0302528468   0.0518989975   0.0137442791
213 2  -0.1099025715  -0.0434319908  -0.0631687153  -0.1168467779   0.0535935289
213 3   0.0242460981  -0.0528023150   0.0348227803   0.0741023227   0.0221354792
213 4  -0.1276753078  -0.0268496718   0.0541153705   0.0869173665   0.0632795322
213 5  -0.0388275564   0.0587337118  -0.0424584944   0.0527311200  -0.0615454568
213 6  -0.0361713755   0.0900502195   0.0336625704  -0.0469185025   0.0436448481
213 7   0.1636183290  -0.0659522665  -0.1745666022   0.2652517781   0.0573514358
213 8  -0.1394727121   0.0478091536  -0.1254254479   0.1954257988   0.1044156229
213 9   0.1276114271   0.3163470819  -0.2274406200   0.2435974808   0.0779416538
21310  -0.0002726812   0.0279748297   0.0330086572   0.0212478384  -0.0233263950
21311   0.0278305095   0.0863390744  -0.0522571341  -0.0850523826  -0.1849172074
21312   0.0806183121  -0.2062653236   0.1101035072  -0.0883144101   0.0559228105
21313   0.0559820384   0.0245549269   0.0614530411  -0.0873668188  -0.0921954873
21314  -0.0833878825   0.0561976744   0.1809501746  -0.0795670733  -0.0591705162
21315   0.1428489466  -0.1275488155   0.0064205899  -0.1789491017  -0.0872557003
21316   0.1846424292   0.1409841817   0.1740592056  -0.1711157964  -0.1229423995
21317   0.0211250294  -0.0478320134  -0.0111923115   0.1195608940  -0.0953562481
21318   0.0760993535   0.0037139529   0.0532859650   0.0051531423  -0.0790151422
21319   0.0051297276   0.0966033585   0.0338869110  -0.0155295449   0.0198121548
21320   0.0564061249   0.0219347989   0.0622454087   0.0258556109   0.0047873650
21321  -0.1363538155   0.0942859867   0.0517560207  -0.0335458087   0.0024466489
21322  -0.0000039590   0.0100423640  -0.0410251575   0.0689650460  -0.0507629138
21323  -0.0045705403  -0.0052583576  -0.0199053226  -0.0126369265   0.0644911350
21324   0.0162956994  -0.0134093177  -0.1263966199   0.0448589028  -0.1566053522
21325  -0.1817859345   0.0926963489  -0.1113100390   0.0835907119   0.1014467678
21326   0.1077303293  -0.1018577533   0.0870361095   0.0126665463   0.0366370501
21327  -0.1572621425   0.1718963432   0.1883225232  -0.1455580255   0.1655490835
21328   0.0130388938  -0.1301491554   0.1035993910   0.1152440644   0.0849406775
21329  -0.1821806036  -0.1202630746  -0.0219063627   0.3006607723   0.0806916446
21330   0.0310485892   0.0098245314   0.1580858845   0.0695815145  -0.0997710837
21331   0.0073339315   0.0229752854  -0.0082064391   0.0516097330   0.0763163467
21332  -0.5328192715  -0.3581256090   0.3940579540  -0.0148611990   0.0095106872
21333   0.1602438417   0.0324869141   0.0103845603  -0.3804795989   0.3040310455
21334  -0.4292038140  -0.5989429015   0.0009693075  -0.0645356315  -0.0113274929
21335   0.0235953516   0.5731931649  -0.0250300228  -0.0240691594   0.0158306330
21336  -0.0065727715   0.0036195781   0.0057239990  -0.0036727242  -0.0002049643
21337   0.0181292986  -0.0000479955   0.0187220522  -0.0322277877  -0.0262589014
21338   0.0071522765  -0.0027228359   0.0304513901  -0.0014453034   0.0067666083
21339   0.0233057666  -0.0114995452  -0.0275109045  -0.0005862799  -0.0332972192
21340  -0.0014033831  -0.0020650859   0.0052383081  -0.0080517892   0.0002658659
21341   0.0053562466  -0.0248513489  -0.0022400725   0.0073210921  -0.0026059541
21342  -0.0012419445  -0.0060342548  -0.0065054133   0.0017067256   0.0077394315
21343  -0.0155887089  -0.0135695655   0.0042009979  -0.0109965820   0.0091471937
21344   0.0088539108   0.0003033451  -0.0003431580   0.0004903136   0.0015038743
21345   0.0001703443  -0.0001768358   0.0008005582  -0.0001047001  -0.0011459802
21346  -0.0000408695   0.0008823331   0.0000183469   0.0127511986  -0.0038006902
21347   0.0004772680   0.0002044864  -0.0001115275   0.0640648251
214 1   0.0519572133  -0.1050982349  -0.1037173783   0.0970417244  -0.0536478692
214 2   0.0678810971   0.0556767134   0.0925774818   0.0565040795   0.0804530742
214 3  -0.1024120506  -0.1001355734   0.1257576732   0.1027479106   0.0629222061
214 4  -0.0353852031  -0.1027539586   0.0142164687   0.0091520740  -0.0163580362
214 5  -0.0229290986  -0.0843293562   0.0274363513   0.0831672265  -0.0005134541
214 6   0.0409402637  -0.0104574631  -0.0131790602   0.0387451540  -0.0294507966
214 7  -0.0252916645   0.0424326540  -0.0637124194  -0.0366498263  -0.0231988715
214 8  -0.0010977610  -0.0229745001  -0.0574848648  -0.0638282787  -0.0363085629
214 9  -0.0887549371  -0.0477729267   0.0388831779  -0.0708277889   0.0310036150
21410   0.0027890992   0.0768483501   0.0217063154   0.0746203810  -0.0293423165
21411  -0.0617841293   0.1172671550  -0.0418456995   0.0482824001  -0.0514522387
21412  -0.0111299416  -0.0101364178   0.1358257505  -0.0787053327   0.0544932611
21413   0.0014359140   0.0531383513   0.0858899357  -0.1477144691  -0.0900170077
21414  -0.0463169584   0.0822762100   0.0424599251  -0.0347658668   0.0222417089
21415   0.0162666632  -0.0508813426   0.1207799824  -0.0639209643  -0.0082673421
21416   0.0382945832   0.0534215810   0.0572920525   0.0025203560  -0.1606225676
21417   0.0546945104   0.0847266000  -0.0853765944   0.0386396996  -0.0158349424
21418   0.1285352904  -0.0721853345  -0.0923618828   0.0521786143  -0.0408589894
21419   0.1921499448   0.1926629725   0.1733111552  -0.1495483015   0.1094532635
21420   0.2356966570  -0.1729525279   0.1250171684   0.0551942522  -0.0585840715
21421  -0.1587323161   0.1176536825  -0.0233037174  -0.0736206872   0.0958119158
21422  -0.0817949229   0.1066169580  -0.0609110248   0.1417915369  -0.0849058686
21423  -0.0831725564   0.0068138988  -0.0126450100   0.0896361030  -0.0303757603
21424   0.1250627729  -0.1174865059  -0.1242654626   0.0127514212  -0.1174385903
21425  -0.1240626761   0.0269158580  -0.0801246565   0.0623369074   0.0472807056
21426   0.0766085935  -0.1012064563   0.1049583214   0.0087253873  -0.0175495087
21427  -0.1477109640   0.1907257394   0.2075900550  -0.1943385131   0.1751953818
21428   0.0758732891   0.0931288102  -0.1870321480   0.0665223458   0.1024077819
21429  -0.1185693100   0.3282984002  -0.0444733478  -0.1117338973  -0.2761074398
21430   0.0189390978  -0.0722308668  -0.0856862016  -0.0589608736   0.0382682478
21431   0.0269104895   0.1957460725  -0.1542702375   0.1852845539   0.0712149302
21432  -0.0378638820  -0.0400609739  -0.0058236812  -0.0025564929  -0.0116925467
21433   0.0192847667   0.0142379083  -0.1378473487   0.0088730441  -0.0289458581
21434  -0.1014410641   0.0219048030   0.0181731598  -0.1212523608  -0.0926685965
21435  -0.0015612224   0.0079727722   0.2963376614   0.0308200080  -0.0366708273
21436   0.2464048531  -0.0578932469  -0.0680415231   0.2422280876   0.0129475721
21437  -0.4381559766  -0.0101497778  -0.0187974970   0.0312784514  -0.2118217020
21438   0.0416752402  -0.0027400216   0.1898592535   0.0177360331  -0.0350642922
21439  -0.0385855397   0.1053873254   0.1870788313  -0.2162522300   0.2039252511
21440   0.0975245577   0.3425614118   0.2875041737   0.1776021588  -0.0123796465
21441  -0.3666998340   0.2715436892   0.0869459020  -0.1347408745   0.0498976357
21442  -0.0514073638  -0.0772959072  -0.1074271707  -0.0480514816  -0.0593016750
21443  -0.0995300469  -0.0818726580  -0.1286487415   0.1423080108  -0.0557956673
21444  -0.0712783329  -0.0000718464   0.0001193917   0.0012954821  -0.0007908106
21445  -0.0011406324   0.0007097702  -0.0071823722  -0.0000781139   0.0040951387
21446   0.0001279379  -0.0029994469   0.0000307493  -0.0003122035  -0.0000406140
21447  -0.0000241657   0.0000008830   0.0000215072  -0.0017667837
215 1  -0.0409076036   0.2073539719   0.1695548940  -0.1464133025   0.0729604024
215 2  -0.0246824396  -0.1466138726  -0.0710188575   0.0503989559   0.1515212875
215 3   0.0619238882  -0.1273312873   0.2135141407   0.2340876608   0.2121646525
215 4  -0.1263527032  -0.1128582359  -0.0409372245   0.1678660418   0.0940293049
215 5  -0.0628278531  -0.0855445616   0.0090826085  -0.0430776489   0.0628291878
215 6  -0.0647592679   0.0004847533   0.0083097846   0.0210250400  -0.0593199639
215 7  -0.0698196638  -0.0855586017   0.0693265428   0.0346152725   0.0748328662
215 8  -0.0120582192  -0.0410271225   0.1257162875   0.0177941514   0.0230088632
215 9   0.0061369548   0.0090592672  -0.1235675997   0.0223022451  -0.0433335096
21510   0.0992646841  -0.1253407314   0.0883988880   0.0480691870  -0.0643736496
21511  -0.0195009470   0.1159014111  -0.1179692095  -0.0761099132  -0.1874366318
21512   0.0461157001  -0.1378158208   0.1519372275  -0.1840591000   0.0870853500
21513  -0.0415537489   0.0505967545   0.1054063769  -0.0646711143  -0.2138727671
21514  -0.1899339013  -0.0075937358   0.2154350846  -0.0869486678   0.0275825504
21515   0.0792909298  -0.0416921689   0.1306935754  -0.0929007662  -0.0274265368
21516   0.1407885064   0.1100700772   0.1186570444  -0.0204075371  -0.0160142693
21517  -0.1186134340  -0.0137515154  -0.1312927149   0.0866804107   0.1335011877
21518  -0.1168433446  -0.1591159320  -0.1339928877   0.1671075794   0.0477637216
21519   0.0370585241  -0.0084683804  -0.0943660263   0.1726324373  -0.1810769027
21520   0.0406226723   0.0943075064   0.1302110303   0.1402213775  -0.0963662363
21521  -0.0471186486   0.0805194938  -0.0134585021   0.0312967656   0.0195383142
21522  -0.1950164463   0.2212389953  -0.1697205652   0.1789693950  -0.0041958792
21523  -0.2112463492   0.2209814025  -0.2094304147   0.2146332809   0.0105335232
21524   0.2753462874  -0.3062379245  -0.2296755135   0.0153081369  -0.2259960016
21525  -0.1155969992  -0.0149631861  -0.0679335472   0.0110297269   0.0628317790
21526   0.0746044369  -0.1403023935   0.1447581401  -0.0381582266   0.0298462154
21527  -0.1675316854   0.1891852666   0.2090334895  -0.2068197327   0.1610806373
21528   0.1001415394   0.1316948828  -0.2873441276  -0.0481689446  -0.0421284808
21529   0.0096034753   0.1127611838   0.0034783493  -0.0309695548  -0.0712382852
21530  -0.0719344487   0.0135020130  -0.0028269620  -0.0244220799   0.1082602712
21531  -0.0378612848   0.1105334387   0.0805966501  -0.0119873664   0.1395898769
21532   0.0408410967  -0.0373911234  -0.0877124669  -0.0490661786   0.0653007803
21533  -0.0160447943  -0.0074112020   0.0942408292  -0.0023444566   0.0157877645
21534   0.0669626536  -0.0081815926  -0.0099212460   0.0585291017   0.0316949583
21535   0.0004617952  -0.0050158345  -0.0456262917  -0.0048155951  -0.0075910320
21536   0.0814835830  -0.0168296084  -0.0181547898  -0.2198553365  -0.0108750276
21537   0.4059059178   0.0092179671  -0.0271937002   0.0461006214  -0.1135001275
21538   0.0204609470   0.0072292898   0.0469785070   0.0031600658  -0.0122058866
21539  -0.0389712731   0.0508554587   0.1191709676  -0.0075792769   0.1806372211
21540  -0.0182437628  -0.0693374865  -0.1463165782   0.0522424929  -0.0011527113
21541   0.1754376526   0.1678595491  -0.0237399764  -0.0708238853   0.2990702129
21542   0.2840889377  -0.3247920053  -0.2545713813  -0.0497810735   0.0246992802
21543   0.0111939003  -0.0097470393  -0.0852591929   0.0271057569   0.0338267207
21544   0.0550112449  -0.0001947637  -0.0003633689   0.0437669717   0.2678447178
21545  -0.0607078388   0.0367930904  -0.4015026141  -0.0069465485  -0.0631349796
21546  -0.0018561281   0.0598144577  -0.0005002527  -0.0012221230   0.0014324775
21547  -0.0001189166  -0.0000492835  -0.0000713681  -0.0052241581
216 1   0.0379468296   0.0112103894   0.0896659670   0.0144805001   0.0271043010
216 2  -0.0975780349  -0.0228668835  -0.0859374156  -0.1480230414   0.0356489326
216 3   0.0353082849  -0.0254839173  -0.0006441973   0.0326958582   0.0635535560
216 4  -0.1497154324   0.1329272381   0.0246100825   0.0906932684   0.0872463431
216 5  -0.0317537621   0.1121965636  -0.0571733838  -0.0579379305  -0.0563480367
216 6  -0.0569601431   0.1429748780   0.0110109500  -0.0773047223   0.0567388444
216 7   0.1066361408  -0.0531428663  -0.0268837963   0.2073328296   0.0954453839
216 8  -0.1177705678   0.0780717789   0.0341517260   0.1924717055   0.1134981860
216 9   0.2007863151   0.2530823348  -0.2226538626   0.2622750612  -0.0264316139
21610   0.0345351190  -0.1340332869   0.0233613322  -0.0807411024   0.0048388755
21611   0.0833120754  -0.0889319015  -0.0337224319  -0.1425775559  -0.0522752408
21612   0.0633623215  -0.1294594222  -0.0886610396   0.0337718292  -0.0045437622
21613   0.0574536882  -0.0478986263  -0.0578210284   0.1612038969   0.0386202247
21614   0.0124501249  -0.0970701190   0.0661907144  -0.0035321145  -0.0129680706
21615   0.0341703003   0.0072680887  -0.0947403090   0.0004260084  -0.0334958856
21616   0.0842472561   0.0365054214   0.0377786659  -0.0635153676   0.1761982173
21617  -0.1453128231  -0.1638421048   0.0774949496   0.0508688644   0.0399897376
21618  -0.2193757051   0.0286281852   0.0583002710   0.0088203127   0.0456510299
21619  -0.2255747935  -0.2166349980  -0.2673663918   0.3125571619  -0.2308572856
21620  -0.2550821595   0.2811602482  -0.0635913957   0.0519550998  -0.0421989902
21621   0.1135680891  -0.0567917063   0.0461457421   0.0800505362  -0.0780207315
21622  -0.1308277879   0.1505866606  -0.1279653925   0.0388572734   0.0579823864
21623  -0.1321888167   0.2130545739  -0.1952974760   0.1548656354   0.0304501488
21624   0.1935445051  -0.2307100722  -0.1472084041   0.0152908603  -0.1489077547
21625  -0.0310856601  -0.0197780102  -0.0206416368  -0.0299369627   0.0359895526
21626   0.0245748994  -0.0741718284   0.0786925988  -0.0397412611   0.0519417535
21627  -0.0801722538   0.0788028612   0.0869717898  -0.0851761200   0.0655147695
21628   0.0392936519   0.0226152378  -0.2021222495  -0.0703683608  -0.0474144193
21629   0.0417743332   0.0196500761   0.0151755813  -0.0239546019  -0.0031479401
21630   0.0134166833  -0.0005013481  -0.0171359996  -0.0142804366   0.0017799754
21631  -0.0020285014   0.0025808145  -0.0134205939   0.0126287776  -0.0035882113
21632   0.0161019100   0.0055020800  -0.0172438633   0.0001334011  -0.0007166575
21633  -0.0116204826  -0.0084647927  -0.0210098467   0.0020973028  -0.0049465777
21634  -0.0133048807   0.0008994551   0.0020669487  -0.0228327353  -0.0233162686
21635  -0.0003288512  -0.0020489639   0.0520688656   0.0059052242  -0.0111078312
21636   0.0624876434  -0.0116443339  -0.0109361193  -0.0641056144  -0.0029686966
21637   0.1158014600   0.0025721165  -0.0197277023   0.0322441398  -0.0975063831
21638   0.0178610335  -0.0037200126   0.0995594722   0.0096732453  -0.0259034784
21639  -0.0260745596   0.0251492613   0.0856367562   0.0158493942   0.1342209608
21640  -0.0159051843  -0.0597787807  -0.1080198290   0.0191365978   0.0003550654
21641   0.1324075342   0.0899751982  -0.0219594863  -0.0322042993   0.1736437232
21642   0.1770058827  -0.1868541158  -0.1429517252  -0.0315086111   0.0137595486
21643   0.0046965724  -0.0142999116  -0.0360380664  -0.0019878263   0.0294444316
21644   0.0458251812  -0.0005263150   0.0012217283  -0.0831712506  -0.4872114220
21645   0.1009934879  -0.0624719199   0.6793099869   0.0117489570   0.1237460047
21646   0.0036631748  -0.1171559858   0.0010231272   0.0023284025  -0.0024323908
21647   0.0002331680   0.0000440334   0.0000991125   0.0080778794
217 1   0.0566136666  -0.0967397767  -0.0850691792   0.0987801702  -0.0407775990
217 2   0.0425112964   0.0709567259   0.0844615401   0.0456026881   0.0700256273
217 3  -0.1082302563  -0.0873367937   0.0849246682   0.0487402940   0.0290358456
217 4  -0.0294472259  -0.0125822013   0.0094829417  -0.0102774563  -0.0048095635
217 5  -0.0173901767  -0.0302050029  -0.0002038597   0.0369482737  -0.0146881823
217 6   0.0337659268   0.0144360934  -0.0187755816   0.0116866861   0.0029800192
217 7  -0.0049261808   0.0402594798  -0.0248618693  -0.0158022490   0.0038020702
217 8  -0.0033652796   0.0273612895  -0.0187272275  -0.0202567780  -0.0193349891
217 9  -0.0194072645  -0.0195626097   0.0232470431  -0.0291192849   0.0145633293
21710   0.0043024209   0.0277514441   0.0012256363   0.0114558912  -0.0145184991
21711  -0.0270833249   0.0148564777  -0.0030359004   0.0077879977   0.0073998680
21712  -0.0015728786   0.0029007010   0.0229374497   0.0014666775   0.0119686822
21713   0.0255053547   0.0038609363   0.0047607985  -0.0241420400   0.0133496920
21714   0.0215107575   0.0143907609  -0.0198976659   0.0088703215   0.0013918772
21715  -0.0087821796   0.0042913349   0.0161926230  -0.0035809426  -0.0051521363
21716   0.0046558073   0.0144539995  -0.0000066591  -0.0060978001  -0.0100433649
21717  -0.0037775332  -0.0190977184   0.0296315537   0.0163237027  -0.0345174223
21718   0.0025334661   0.0356181412   0.0227765956  -0.0256028396  -0.0196635596
21719  -0.0111011634   0.0044934139   0.0120926811  -0.0105635699   0.0232885460
21720  -0.0019556766  -0.0061093916  -0.0201062826  -0.0030373792  -0.0116225629
21721  -0.0204692252  -0.0038881894   0.0148412780  -0.0147851184   0.0100355147
21722  -0.0125901448   0.0216684997  -0.0173610636   0.0147675793  -0.0107872470
21723  -0.0053132178  -0.0044397999   0.0077626814   0.0168255041  -0.0087098692
21724   0.0214964405  -0.0192584523  -0.0177486041   0.0017801820  -0.0140745644
21725  -0.0137029833   0.0047061440  -0.0092677964   0.0070612126   0.0036086829
21726   0.0084286099  -0.0067920318   0.0148492080   0.0046479652  -0.0001552209
21727  -0.0082333518   0.0159201197   0.0180066377  -0.0150259106   0.0146864025
21728   0.0059330390  -0.0134621945  -0.0280273598   0.0137819895   0.1254623509
21729   0.0413485321   0.0493169765  -0.0426206134   0.0273459099  -0.1034604306
21730  -0.0076585953   0.0051787507  -0.0027039941  -0.0005864920  -0.0446083135
21731   0.0292389893  -0.0558702842  -0.0877901290   0.0198118313  -0.1730906260
21732  -0.0011629432   0.0962761860   0.1033978034   0.0938915916  -0.1151345838
21733  -0.0066387233  -0.0109895671  -0.1399210899   0.0094393313  -0.0283006234
21734  -0.0904290560   0.0094623395   0.0113935811  -0.0627871153  -0.0207105268
21735  -0.0001614469  -0.0032092633  -0.1413130065  -0.0143319377   0.0403874662
21736  -0.4157153778   0.1015402007   0.1229487488  -0.0218497930  -0.0018681403
21737   0.0389903793   0.0010359066   0.0279879808  -0.0450177732   0.3665051699
21738  -0.0718100571  -0.0204658830  -0.1115610119  -0.0035192413  -0.0098284909
21739  -0.0010653703   0.0099372454   0.0094279705  -0.0463367303  -0.0070841521
21740   0.0672924105   0.2032347679   0.1197463090  -0.0149137169   0.0010653099
21741  -0.0598788544  -0.1054543462   0.0273233560  -0.0367132387   0.0840850985
21742   0.0142154435  -0.1650363372  -0.1910096299  -0.0755470500  -0.0733676818
21743  -0.0381714519  -0.0328019479  -0.1919370112   0.1839371940  -0.0333671367
21744  -0.0189513718  -0.0013319666   0.0010823219  -0.0392236330  -0.2068899948
21745   0.0113217535  -0.0058078289   0.0534080966   0.0002388975  -0.5419912250
21746  -0.0165795528   0.5485273741  -0.0060935784  -0.0044764226   0.0034585625
21747  -0.0004029401  -0.0000648753   0.0001155692  -0.0104391501
218 1  -0.0193290258   0.1988563737   0.1513762041  -0.1275692932   0.0692717342
218 2   0.0096311189  -0.1434029167  -0.0713933493   0.0406558192   0.1452287496
218 3   0.0888659057  -0.0966022376   0.1580089236   0.2031744432   0.2001187664
218 4  -0.0985776873  -0.1095713096  -0.0242141942   0.1217114758   0.0554979489
218 5  -0.0641615400  -0.0828892535   0.0239665142  -0.0158915925   0.0722977618
218 6  -0.0315620104  -0.0899103972   0.0077012008   0.0392530306  -0.0115910044
218 7  -0.0484035966  -0.0515265109   0.0794161315  -0.0282644537  -0.0145832666
218 8  -0.0015686550  -0.1128193128   0.0676009744   0.0417114292   0.0348294729
218 9   0.0182561090   0.0297651284  -0.0392175686   0.0664890126  -0.0273331066
21810  -0.0237276442  -0.0904181131   0.0134935092  -0.0242825182   0.0091256450
21811   0.0447879982  -0.0027663880  -0.0155096852  -0.0232093257  -0.0240912615
21812  -0.0255222365  -0.0028691372  -0.0335556618  -0.0177510328  -0.0234052097
21813  -0.0903356419   0.0112807605   0.0307947804   0.0419144089  -0.0757216157
21814  -0.0736465638  -0.0315343182   0.0893055932  -0.0443145641   0.0455315824
21815   0.0519724534  -0.0128867404  -0.0308729300   0.0366354548   0.0518801206
21816  -0.0250023488  -0.0559267548   0.0036157750   0.0726162960   0.0211942875
21817   0.0333414037   0.1276019927  -0.1605149628  -0.0829615320   0.1764811185
21818   0.0221024376  -0.1906962262  -0.1675963087   0.1341373490   0.1042313944
21819   0.1199570617   0.0351268991  -0.0157670503   0.0070252911  -0.0709696760
21820   0.0882823556  -0.0207618965   0.1261163641   0.0297190227   0.0289990642
21821   0.0160445107   0.0567779205  -0.0616712492   0.0406719796  -0.0014840790
21822   0.0345019127  -0.0571024009   0.0472520709   0.0013548942   0.0004024982
21823  -0.0209363366   0.0074719493  -0.0310291785  -0.0403153013   0.0365159430
21824  -0.0521405086   0.0465747358   0.0237518794  -0.0002153742   0.0031116488
21825  -0.0035561495  -0.0062269727   0.0115616806  -0.0005091810  -0.0031298341
21826  -0.0140865019  -0.0006821613  -0.0138120800  -0.0161589790  -0.0170809744
21827  -0.0013604851   0.0187196077   0.0361277895  -0.0464252996  -0.0031292072
21828   0.0766263654   0.2077325481   0.0440660484   0.0612164389   0.0524385564
21829   0.0489478343   0.1064611609  -0.1682677029   0.0624074825  -0.2472297572
21830  -0.0825179679   0.0200333595   0.0179599656  -0.0400926787   0.1445238106
21831  -0.0426500147   0.3072058455   0.0403620820   0.0986433299   0.3005837186
21832   0.0129091325  -0.1205392113  -0.1374002134  -0.1021671723   0.1228450702
21833   0.0041859056   0.0085225259   0.0972355321  -0.0058111243   0.0177522531
21834   0.0549879291  -0.0067690420  -0.0061189551   0.0322047513   0.0067895265
21835   0.0001885666   0.0029592008   0.1686556605   0.0172886658  -0.0499626570
21836   0.3658770568  -0.0824721816  -0.0939021881   0.0046991391   0.0008001126
21837  -0.0107651188  -0.0006280101  -0.0185232378   0.0293178625  -0.3269978141
21838   0.0653578955   0.0116780519   0.1516489361   0.0057387269   0.0053268995
21839   0.0329724106  -0.0656365206  -0.0865257678   0.1315187312  -0.0713549559
21840  -0.0969046600  -0.3040371420  -0.1864863721   0.0291401000  -0.0022507774
21841   0.0680155035   0.1908787010  -0.0333661740   0.0420222172  -0.1252006045
21842  -0.0217905945   0.2564331292   0.2823424451   0.1039732879   0.0937123069
21843   0.0744014880   0.0638271399   0.2560913976  -0.2444612841   0.0542393204
21844   0.0450291091  -0.0009523818   0.0007603227  -0.0302861788  -0.1547714859
21845   0.0083650567  -0.0041661124   0.0375992700   0.0001086919  -0.4072581032
21846  -0.0124551246   0.4092476556  -0.0045420273  -0.0041093825   0.0024663397
21847  -0.0003029871  -0.0000523788   0.0000804433  -0.0103881103
219 1   0.0685164133   0.0064858153   0.0823810700   0.0399442880   0.0339582815
219 2  -0.0784482004  -0.0055681346  -0.0935190833  -0.1693596435   0.0188935632
219 3   0.0646705757   0.0245014030  -0.1078694491  -0.0555348387   0.0164459162
219 4  -0.1099181694   0.2194698747   0.0417070039   0.0149417687   0.0490615836
219 5  -0.0292787312   0.1662582231  -0.0643882746  -0.0646108720  -0.0573891432
219 6  -0.0227186147   0.0520780556   0.0056530950  -0.0795238598   0.1472669261
219 7   0.1560910116  -0.0131318862   0.0183747731   0.1513558462   0.0072279652
219 8  -0.1078437285   0.0359245187  -0.0070716191   0.2650988648   0.1452170804
219 9   0.2820954408   0.3097343252  -0.1338374023   0.3590312669  -0.0187901654
21910  -0.1194790286  -0.1325074484  -0.0896011017  -0.2290119288   0.1103614816
21911   0.1962024667  -0.3305134446   0.1310990398  -0.1144622077   0.2045261826
21912  -0.0160172353   0.0493152561  -0.4231740084   0.3150725477  -0.1821736055
21913   0.0194552069  -0.1423501095  -0.2261092918   0.4061061395   0.3069039278
21914   0.2200202458  -0.1876020266  -0.1469587609   0.0881373823  -0.0118573550
21915  -0.0210426409   0.0905233707  -0.3957334257   0.2148857655   0.0679076536
21916  -0.1516351411  -0.2053393474  -0.1561236262   0.0415863398   0.3590126253
21917  -0.0060112893  -0.0831920757   0.1477324078  -0.1792422906   0.0743009848
21918  -0.1592484650   0.0888273315   0.1239982730  -0.1051767823   0.1339407686
21919  -0.3084925802  -0.3320757314  -0.3158731232   0.2313172954  -0.1713157977
21920  -0.4127061129   0.2907001521  -0.2005639665  -0.1399028632   0.1594814882
21921   0.3163607929  -0.1979170309   0.0229949670   0.1445430783  -0.1848372571
21922   0.2244840163  -0.2800457568   0.1851817490  -0.3029350788   0.1322853718
21923   0.1840121997  -0.0725356066   0.0544953754  -0.2349110297   0.0820980880
21924  -0.3166157933   0.3069563900   0.2699197433  -0.0158034025   0.2354382752
21925   0.2092785310  -0.0273628175   0.1430508824  -0.0935629448  -0.0865126397
21926  -0.1490880310   0.1880265297  -0.2043472370  -0.0142227456   0.0089261336
21927   0.2545933215  -0.2926900810  -0.3017045627   0.2793789100  -0.2846171979
21928  -0.0561086464   0.0162299132   0.3652375590   0.0237866508   0.0986368293
21929   0.2291013743  -0.2416184746  -0.1956234623   0.2259992041  -0.0696973444
21930  -0.0343006651   0.0786535102   0.0925871724   0.0192009403  -0.0146729585
21931  -0.0150257858   0.0451653953   0.0048391328   0.0094959519   0.0094295882
21932   0.0049985270   0.0025719286   0.0091897587   0.0062820260  -0.0070961153
21933  -0.0090466690  -0.0142520271  -0.0105232829  -0.0134257654   0.0083084109
21934  -0.0285254098  -0.0351188656   0.0001598367  -0.0073732413   0.0018486952
21935   0.0006220923   0.0169902645  -0.0152947862  -0.0028283256  -0.0008229886
21936  -0.0448272842   0.0156921939   0.0225239675  -0.1615972088  -0.0080956383
21937   0.3062656925   0.0068710949  -0.0081843829   0.0158067716   0.0203124545
21938  -0.0038991874   0.0032097011   0.0061623036  -0.0014601746   0.0019504271
21939   0.0004267135   0.0227830680   0.0330782984  -0.0661933641   0.0429065062
21940   0.0207693837   0.0829963528   0.0851929232   0.2456417332  -0.0169162121
21941  -0.2944563608   0.5395035389   0.0728129018  -0.1673617528   0.1034581808
21942   0.0450591134  -0.0350011124  -0.0345304743  -0.0054822266  -0.0096197053
21943  -0.0047671750   0.0034224940  -0.0487473790   0.0526953292  -0.0110914832
21944  -0.0122841696  -0.0000168400   0.0000223254   0.0014446063   0.0077782190
21945  -0.0027976817   0.0016452588  -0.0177381669  -0.0002683427   0.0242644935
21946   0.0007477640  -0.0248269582   0.0002807495   0.0002493768  -0.0001099307
21947   0.0000118844   0.0000164674  -0.0000037850   0.0007297533
220 1   0.0953982023  -0.0505495831  -0.0471362511   0.0792160499  -0.0404336005
220 2   0.0519459833   0.0590804100   0.0574447657   0.0368959842   0.0814005103
220 3  -0.0541890453  -0.0553266308   0.0656737314   0.0627450257   0.0673339686
220 4  -0.0521696656   0.0256273080   0.0154470762   0.0016414192   0.0014405332
220 5  -0.0413394930  -0.0101973108  -0.0056720972  -0.0142490871  -0.0137605738
220 6   0.0155628075  -0.0081047541  -0.0152293591   0.0056424793   0.0388976756
220 7   0.0193270026   0.0218623213   0.0340225619  -0.0087700583   0.0096011810
220 8  -0.0092827054   0.0282226593   0.0288754055   0.0401483479   0.0150212879
220 9   0.0581832833   0.0317149764  -0.0060870084   0.0498445783  -0.0058453583
22010  -0.0184000867  -0.0506498028  -0.0189904817  -0.0676272221   0.0179194219
22011   0.0342632211  -0.0877109750   0.0336634312  -0.0388178897   0.0574517113
22012  -0.0068602938   0.0139671957  -0.1143119615   0.0726992702  -0.0436441608
22013   0.0002785551  -0.0357573906  -0.0572202287   0.1163224850   0.0802395029
22014   0.0465819273  -0.0590552580  -0.0287415439   0.0221244429   0.0086372519
22015   0.0047254936   0.0430434118  -0.1112577228   0.0786778446   0.0355574983
22016  -0.0564240448  -0.0701298264  -0.0575594503   0.0430092916   0.1360519336
22017  -0.0116438779  -0.0080072804   0.0178233452  -0.0786344217   0.0708606364
22018  -0.0630964982  -0.0056786962   0.0017364434  -0.0006977356   0.0759296955
22019  -0.0834650400  -0.1189529542  -0.1202788004   0.0844620693  -0.0810043734
22020  -0.1249189794   0.0985717694  -0.0482347137  -0.0478691927   0.0633523481
22021   0.1081755736  -0.0589658364  -0.0104082937   0.0649989091  -0.0564394726
22022   0.1000572913  -0.1303726954   0.0850185321  -0.1017595613   0.0394120921
22023   0.0560447284  -0.0276061633   0.0135108709  -0.1103312565   0.0462353724
22024  -0.1480198941   0.1447123482   0.1174586193  -0.0024774721   0.0933621803
22025   0.0746950257  -0.0141184463   0.0608229329  -0.0306820583  -0.0321853665
22026  -0.0571923196   0.0767060850  -0.0783377063  -0.0144116828  -0.0080049268
22027   0.1126667123  -0.1204594706  -0.1077440394   0.0880494417  -0.1265214735
22028   0.0280106303   0.1327668757   0.1739482506   0.0531475915   0.1685656726
22029   0.2187582508  -0.0271405692  -0.3114967154   0.2276379773  -0.3557012987
22030  -0.0231431019   0.0745442457   0.0775230999  -0.0342065713   0.0195807556
22031  -0.0173575581   0.2849705901  -0.1287276654   0.1986609965   0.1223770228
22032   0.0568646063  -0.0167624559  -0.0841505291  -0.0170017134   0.0083630318
22033  -0.0325041460  -0.0316145288  -0.1350594068   0.0129691640  -0.0342174924
22034  -0.1083667974  -0.0138811842   0.0162414477  -0.1388802839  -0.1115003264
22035  -0.0028555362  -0.0070987523   0.3393658260   0.0349184876  -0.0597160323
22036   0.3028408497  -0.0573645114  -0.0569714633  -0.1930597370  -0.0082420906
22037   0.3146626132   0.0068017684  -0.0598103357   0.1021758275  -0.2875037322
22038   0.0547736290   0.0036153127   0.1892854343   0.0177379012  -0.0386961027
22039  -0.0548068075   0.1065495449   0.1884291575  -0.1739532542   0.1911724276
22040   0.0853274694   0.2836147014   0.2042648266  -0.1874158802   0.0128891814
22041   0.0531549052  -0.5312664778  -0.0149189139   0.0989778841  -0.0680486121
22042  -0.0981318230  -0.0796127463  -0.1089011714  -0.0568753939  -0.0551545361
22043  -0.1027543490  -0.0989524834  -0.0864422348   0.0863003123  -0.0417141709
22044  -0.0568820939  -0.0011346715   0.0006460017  -0.0071294662  -0.0443761423
22045  -0.0056080109   0.0022618198  -0.0261605512  -0.0004609413   0.0115272574
22046   0.0003546279  -0.0090574695   0.0001005974  -0.0002473584  -0.0002370085
22047  -0.0000050178   0.0000131729   0.0000256050  -0.0016726659
221 1  -0.0250008852   0.1681632717   0.1216714214  -0.0998879500   0.0727680177
221 2   0.0177512950  -0.1252256299  -0.0583631789   0.0328893839   0.1274303152
221 3   0.0730117365  -0.0852726726   0.1045861369   0.1407915552   0.1480359651
221 4  -0.0581093745  -0.0865635115  -0.0181113723   0.0673660545   0.0269766472
221 5  -0.0480174321  -0.0651491361   0.0246774788   0.0156457683   0.0725225066
221 6   0.0002986272  -0.1351351105   0.0020859129   0.0422556005   0.0203837169
221 7  -0.0340103937  -0.0140347233   0.0694192892  -0.0701543938  -0.0782609550
221 8   0.0091317678  -0.1439331632   0.0095438752   0.0453607971   0.0317036988
221 9   0.0157877755   0.0308971609   0.0373053046   0.0763061294  -0.0111521956
22110  -0.1066909452  -0.0378827682  -0.0440072291  -0.0647988714   0.0554530979
22111   0.0748791019  -0.0858418239   0.0614937586   0.0270904200   0.1042903116
22112  -0.0730915299   0.1024136452  -0.1528302005   0.1102180542  -0.0968912135
22113  -0.0984434620  -0.0195891578  -0.0318058019   0.1019044665   0.0456266512
22114   0.0386688576  -0.0390221880  -0.0365406307   0.0034514906   0.0439307292
22115   0.0084241824   0.0125896077  -0.1321643043   0.1170652311   0.0878453985
22116  -0.1341042560  -0.1531595817  -0.0812426062   0.1097820522   0.0368513278
22117   0.1285711776   0.1775858873  -0.1140473967  -0.1678571495   0.1323741029
22118   0.1084477937  -0.1320137669  -0.1196509358   0.0514106904   0.0983245615
22119   0.1248407739   0.0500098360   0.0475763524  -0.1126361735   0.0382744440
22120   0.0804231576  -0.0922946552   0.0642395779  -0.0587104769   0.1022476761
22121   0.0555664106   0.0086591819  -0.0633091068   0.0255608396  -0.0168318145
22122   0.1772443372  -0.2215086713   0.1738419909  -0.1265376647   0.0093858923
22123   0.1285706720  -0.1492806534   0.1145758371  -0.1960300456   0.0317984054
22124  -0.2526900253   0.2681407456   0.1906785277  -0.0147665148   0.1673927894
22125   0.0839751252   0.0015651289   0.0645229309  -0.0126295359  -0.0535407267
22126  -0.0748149526   0.1030628388  -0.1230583253   0.0109029272  -0.0389656440
22127   0.1225512746  -0.1177499413  -0.1165081442   0.1051244080  -0.1230853493
22128   0.0065413637   0.1148050465   0.2526344678   0.0927284224   0.1122627690
22129   0.0467266636   0.0072610922  -0.1229192596   0.0749266154  -0.1360387173
22130  -0.1043307605   0.0201339267   0.0239662822  -0.0086219549   0.1090021477
22131  -0.0275381650   0.1428191547   0.0784083071  -0.0010083057   0.1539067977
22132  -0.0280134170  -0.0677014734  -0.0302176389  -0.0458383480   0.0581499633
22133   0.0237524054   0.0215377690   0.0993731616  -0.0108710855   0.0245817041
22134   0.0674577388  -0.0006602106  -0.0097451565   0.0775630267   0.0563397664
22135   0.0009881786   0.0075061037  -0.0857741151  -0.0097897746   0.0146704125
22136   0.0189038708  -0.0153987566  -0.0273189397   0.1955136988   0.0097000076
22137  -0.3743438943  -0.0084048322   0.0161601158  -0.0307758168  -0.0196075970
22138   0.0031240463  -0.0041396072   0.0042337188   0.0026009752  -0.0092766094
22139  -0.0235559230   0.0221242691   0.0679884376   0.0343773402   0.1148584780
22140  -0.0188159167  -0.0799438718  -0.1546707950  -0.0451416084   0.0051281548
22141   0.2515476746  -0.0510651401  -0.0417968700  -0.0106929784   0.2361663206
22142   0.2338239294  -0.2875603875  -0.2300803364  -0.0493857060   0.0135987230
22143   0.0059702004  -0.0106623573  -0.0832450071   0.0343449319   0.0244795995
22144   0.0452656896   0.0088243919  -0.0055026975   0.0878155547   0.5013720291
22145   0.0669786419  -0.0327687235   0.3884298897   0.0078747603  -0.0684127559
22146  -0.0022106264   0.0683985801  -0.0010018597  -0.0022139226   0.0014878567
22147  -0.0000409256  -0.0003056367  -0.0000097300  -0.0099065424
222 1   0.0395148360   0.0179068096   0.0970497867   0.0084129395   0.0275742399
222 2  -0.1021191638  -0.0247647830  -0.0883305417  -0.1470444818   0.0379501402
222 3   0.0361653331  -0.0283890727   0.0084207461   0.0408001319   0.0709261141
222 4  -0.1572001399   0.1362226333   0.0214240786   0.1010105635   0.0942778658
222 5  -0.0342972821   0.1131381783  -0.0597673938  -0.0678420867  -0.0562974679
222 6  -0.0645011917   0.1564200431   0.0120763702  -0.0800478937   0.0512543086
222 7   0.1042201895  -0.0617381404  -0.0222949123   0.2174436157   0.1112841866
222 8  -0.1197626888   0.0888819310   0.0492087800   0.1925778472   0.1146655637
222 9   0.2056934956   0.2534280827  -0.2405466754   0.2612080422  -0.0306813724
22210   0.0535986259  -0.1480971890   0.0352820179  -0.0744699259  -0.0050972223
22211   0.0776044734  -0.0757190213  -0.0479680092  -0.1557289009  -0.0767634628
22212   0.0754487740  -0.1518453776  -0.0678703310   0.0101881516   0.0097971121
22213   0.0623537582  -0.0448137347  -0.0492703900   0.1540571386   0.0197303303
22214  -0.0062477021  -0.0989671118   0.0882653120  -0.0101580860  -0.0143399776
22215   0.0400654573   0.0054229738  -0.0780339877  -0.0138898779  -0.0412069273
22216   0.1073860398   0.0573739980   0.0537902056  -0.0738224584   0.1809020505
22217  -0.1712206610  -0.1847492421   0.0783894126   0.0713748944   0.0437743417
22218  -0.2467506422   0.0274572376   0.0587658278   0.0178849141   0.0449033526
22219  -0.2417488875  -0.2311946127  -0.2898202116   0.3469371769  -0.2575168322
22220  -0.2690148802   0.3066866986  -0.0619289446   0.0682599643  -0.0570941348
22221   0.1111058372  -0.0547297542   0.0515418590   0.0848041668  -0.0790482266
22222  -0.1606127843   0.1858027187  -0.1556138998   0.0593594573   0.0591433559
22223  -0.1602861523   0.2458188571  -0.2241633376   0.1876591731   0.0304901251
22224   0.2346722858  -0.2763643268  -0.1788945161   0.0176291001  -0.1789439953
22225  -0.0434315538  -0.0225230585  -0.0289052130  -0.0304264159   0.0439221052
22226   0.0337377089  -0.0917924164   0.0965131318  -0.0442182983   0.0570577797
22227  -0.0989622851   0.0974762447   0.1074747380  -0.1056736327   0.0824957337
22228   0.0465852155   0.0259902974  -0.2412545637  -0.0839480639  -0.0594970708
22229   0.0490696973   0.0172180959   0.0194705928  -0.0225131911   0.0025848828
22230   0.0112688868   0.0053670376  -0.0124395140  -0.0130328567   0.0042651774
22231  -0.0039889084  -0.0030989663  -0.0066155207   0.0028703077  -0.0071049893
22232   0.0268367839   0.0147308930  -0.0194528916   0.0024361942  -0.0011784052
22233  -0.0163710025  -0.0111434996  -0.0100899461   0.0032368983  -0.0047933997
22234  -0.0067495385   0.0008049210   0.0012733866  -0.0097230980  -0.0062729483
22235  -0.0002242964  -0.0064879560   0.0015752618   0.0003931307  -0.0036874598
22236  -0.0271431025   0.0111692589   0.0168466190  -0.1195611380  -0.0059995371
22237   0.2331790702   0.0052913904  -0.0008637226   0.0044645005   0.0580371113
22238  -0.0103628730   0.0082516984  -0.0774360311  -0.0091415900   0.0256723113
22239   0.0247365996  -0.0155556149  -0.0775591107  -0.0506038893  -0.1351037043
22240   0.0286887980   0.1093401714   0.1701460955   0.0166564916  -0.0032850783
22241  -0.2284438744  -0.0362480269   0.0398883873   0.0198530414  -0.2209966374
22242  -0.2325144352   0.2454669982   0.1872738743   0.0407531614  -0.0183002928
22243  -0.0139797440   0.0109201910   0.0476533358   0.0020091697  -0.0374676823
22244  -0.0598009556   0.0094019711  -0.0062040027   0.1025509877   0.5816810446
22245   0.0718718203  -0.0355866263   0.4248303106   0.0087711488  -0.0886617142
22246  -0.0028613968   0.0866155194  -0.0012528384  -0.0024245251   0.0014851292
22247  -0.0000548662  -0.0003306306   0.0000101287  -0.0093447075
223 1   0.0165217482  -0.1195484597  -0.0994095813   0.1063298891  -0.0329517801
223 2   0.0187160870   0.0904142325   0.1017052886   0.0459383056   0.0540410476
223 3  -0.1423646697  -0.0999280884   0.0648757142  -0.0045960233  -0.0291638123
223 4  -0.0027205579   0.0240817636  -0.0021310850  -0.0400433193  -0.0102304246
223 5   0.0021992941  -0.0079800199  -0.0104332844   0.0528662299  -0.0170207505
223 6   0.0375983254   0.0395337179  -0.0261111441  -0.0061357198   0.0004071063
223 7   0.0133718004   0.0611849872  -0.0481440654   0.0018713115   0.0008915473
223 8  -0.0017474292   0.0638136178  -0.0490488833  -0.0337993135  -0.0334494249
223 9  -0.0162008660  -0.0278839686   0.0414836365  -0.0572219583   0.0271482934
22310   0.0086818781   0.0655325478  -0.0048918310   0.0196564110  -0.0209182510
22311  -0.0449305532   0.0063402311   0.0162576480   0.0173365098   0.0248792518
22312   0.0178897744   0.0047055325   0.0316820640   0.0182550826   0.0135113208
22313   0.0710567962  -0.0034942721  -0.0229057379  -0.0376044746   0.0613965816
22314   0.0673267095   0.0128709022  -0.0653528129   0.0349857531  -0.0281475294
22315  -0.0401922124   0.0158037244   0.0141480698  -0.0200942669  -0.0291866219
22316   0.0232502875   0.0490089932  -0.0023186417  -0.0522544356  -0.0032701288
22317  -0.0272138267  -0.1056256126   0.1309623058   0.0738509396  -0.1291053739
22318  -0.0348382393   0.1482352013   0.1286128033  -0.1064324938  -0.0769256493
22319  -0.1068490537  -0.0328596715  -0.0060494274   0.0156302909   0.0332205603
22320  -0.0835409436   0.0433391757  -0.0967933773  -0.0105014674  -0.0241053208
22321  -0.0241332387  -0.0626632288   0.0694492343  -0.0382505615  -0.0129248447
22322  -0.0212276295   0.0404732096  -0.0602834652  -0.0114909725   0.0249689184
22323   0.0583714206  -0.0626584191   0.0927463530   0.0406049575  -0.0577697147
22324   0.0378773627  -0.0274528595  -0.0114451374  -0.0270527906   0.0269707484
22325   0.0246505005  -0.0069099380   0.0064240863  -0.0092214546  -0.0231940480
22326  -0.0080307486   0.0223043477   0.0012455242   0.0299084887   0.0013904717
22327   0.0244336796  -0.0149311297  -0.0393878370   0.0516685712  -0.0007465073
22328  -0.0759509710  -0.2023157115  -0.0251524137  -0.0140399451   0.1988789962
22329   0.0043147537  -0.0074666950   0.1438247554   0.0030353939  -0.0232333199
22330  -0.2389415632   0.0420674013   0.0274102197  -0.0331020952   0.2395232111
22331  -0.0929923255   0.1031920797   0.1350866809  -0.0442007019   0.1154157417
22332  -0.0071348447  -0.0307173091  -0.0245618446  -0.0247550912   0.0364298011
22333   0.0016512786   0.0019695959  -0.0050359585  -0.0019228757  -0.0001585525
22334  -0.0099150857   0.0053209137   0.0020644159  -0.0100994206  -0.0046550785
22335  -0.0001373936  -0.0002086755   0.0422406155   0.0041543222  -0.0112469853
22336  -0.0122232941   0.0092472417   0.0168750079  -0.0070658134  -0.0004306996
22337  -0.0060330953  -0.0004112004   0.0012839237  -0.0025042663  -0.0122265332
22338   0.0034348571  -0.0199277405  -0.0453103476   0.0025871590  -0.0191438085
22339   0.0235733716  -0.0517125153  -0.0256391830   0.1152792755  -0.0084289892
22340   0.0574164686   0.1264658324  -0.0396076442   0.0161334981   0.0007208458
22341   0.0341227917  -0.0134819979   0.0091542371  -0.0391278411   0.0660433256
22342   0.0908225145   0.0336965081   0.0693332684   0.0771600229   0.1162187321
22343   0.0203516020   0.0336618017   0.0617212038  -0.0656436092   0.0249469767
22344   0.0254687156   0.0050351946   0.0006780980   0.2242170267  -0.0327777865
22345  -0.1283770228  -0.0098453906   0.0150620553   0.0001190931   0.6618385965
22346   0.0194740354   0.6603406157  -0.0065073684  -0.0042661548  -0.0230061581
22347   0.0013663164   0.0005376623   0.0001780149   0.0016555654
224 1  -0.0288533744   0.1851020708   0.1440569307  -0.1204877252   0.0731101727
224 2  -0.0025462178  -0.1344592353  -0.0636657903   0.0409521921   0.1380201662
224 3   0.0669561968  -0.1021676489   0.1526444631   0.1801227114   0.1729087141
224 4  -0.0860812103  -0.0944728614  -0.0300623398   0.1095315966   0.0572322380
224 5  -0.0540465650  -0.0721538825   0.0167887499  -0.0122495155   0.0682453046
224 6  -0.0288611796  -0.0702039166   0.0040680141   0.0310896739  -0.0160641190
224 7  -0.0505537409  -0.0476822048   0.0700338268  -0.0204778924  -0.0033676855
224 8   0.0005114439  -0.0922255596   0.0644091721   0.0318188741   0.0258859905
224 9   0.0118332579   0.0170097180  -0.0356520150   0.0470504172  -0.0251776029
22410  -0.0103296452  -0.0771139047   0.0163025173  -0.0123169332  -0.0007052967
22411   0.0307729459   0.0046883161  -0.0193702431  -0.0204441978  -0.0273447990
22412  -0.0167967866  -0.0069380662  -0.0129067492  -0.0225861407  -0.0133124693
22413  -0.0698706528   0.0114505807   0.0285582166   0.0261734447  -0.0696559937
22414  -0.0627962574  -0.0285536735   0.0752340719  -0.0353918293   0.0339608330
22415   0.0365971090  -0.0080873128  -0.0150248961   0.0208260415   0.0371817672
22416  -0.0058725582  -0.0301720724   0.0108251869   0.0483780346   0.0173133328
22417   0.0104303001   0.0828330482  -0.1170968203  -0.0469151642   0.1314110347
22418  -0.0009844609  -0.1399241348  -0.1203697368   0.1006221051   0.0732933815
22419   0.0763617361   0.0191264059  -0.0262054748   0.0267995585  -0.0698252222
22420   0.0522114212   0.0051525784   0.0924996451   0.0341546367   0.0122085092
22421   0.0119465242   0.0336262568  -0.0361632829   0.0281269508  -0.0099261175
22422   0.0125649659  -0.0241526928   0.0139477567   0.0039471184   0.0128904225
22423  -0.0117781625   0.0048437203  -0.0155433621  -0.0101202317   0.0154406116
22424  -0.0181343117   0.0134393959   0.0075209353  -0.0067807547   0.0015772098
22425   0.0039954525  -0.0087934691   0.0118123041  -0.0076083049  -0.0080584563
22426  -0.0155857956   0.0028909741  -0.0121363319  -0.0114579453  -0.0070324314
22427   0.0007532669   0.0131358960   0.0190493197  -0.0223739704  -0.0046158404
22428   0.0440924532   0.1236705466   0.0285167216   0.0303305973   0.0031785312
22429   0.0115096036   0.0339674840  -0.0610834941  -0.0017023482  -0.0004336618
22430   0.0766809922  -0.0246137389  -0.0203854128   0.0448068632  -0.1782700464
22431   0.0911123306  -0.1989888865  -0.1083588861  -0.0273994183  -0.3035339706
22432  -0.0033825644   0.1537417833   0.1677282006   0.1598491238  -0.2055710073
22433  -0.0092092445  -0.0149560297  -0.1722210247   0.0110420722  -0.0348528732
22434  -0.1128229009   0.0077797772   0.0134339153  -0.0715996517  -0.0283542364
22435   0.0005918716   0.0022920511  -0.2272115721  -0.0250864365   0.0096923393
22436   0.5163825734  -0.1613893521  -0.2323631497  -0.0075395442   0.0006360455
22437   0.0356552669   0.0020877734   0.0604086812  -0.0986963016   0.4483216031
22438  -0.0896154058   0.0246639387   0.2322837052   0.0061272750   0.0132272457
22439  -0.0273736879   0.0634143782   0.0374999613  -0.1965928845   0.0341979290
22440  -0.1715969682  -0.3958023576   0.0679955659   0.0346226181  -0.0057365049
22441  -0.1031729774   0.0178369227  -0.0274580377   0.1207040968  -0.2095878830
22442  -0.2686954918  -0.0935258253  -0.2274945968  -0.2790605877  -0.4086486010
22443  -0.1090537914  -0.1781327294  -0.2414299508   0.2500550086  -0.0789568043
22444  -0.0625001645   0.0013142364   0.0001615780   0.0561586493  -0.0089317698
22445  -0.0335508690  -0.0026795670   0.0044399842   0.0000260260   0.1650963508
22446   0.0048581419   0.1672755470  -0.0016485503  -0.0006144415  -0.0040554300
22447   0.0002290336   0.0001183075   0.0000389870   0.0008145914
225 1   0.0825428297  -0.0802692679  -0.0092460790   0.1195196839   0.0270162646
225 2  -0.0253309280   0.0151093871  -0.0626372199  -0.1779895349  -0.0068682710
225 3  -0.0405442189  -0.0277871180  -0.0980423644  -0.0564464098   0.0335334220
225 4  -0.0831104596   0.0505916810   0.0746756100   0.0213622339   0.0234792251
225 5   0.0036186083   0.0954781689  -0.0471379480   0.0184009489  -0.0616043048
225 6   0.0724221084  -0.0566616768   0.0352835084   0.0265296840   0.1365822592
225 7   0.0055499646   0.0229524903  -0.0220081660  -0.0921489324  -0.1624254640
225 8  -0.0705218356  -0.2286441805  -0.0806123595   0.1340046769   0.1315546707
225 9   0.0839063100   0.2227785454  -0.0011194439   0.3188383021  -0.0175697135
22510  -0.2278635134  -0.0481128233  -0.0896900452  -0.1314531812   0.1447988349
22511   0.1558125629  -0.1520116253   0.0940983625   0.0589317861   0.2296907799
22512  -0.1812802226   0.2212497135  -0.3546983736   0.2829813941  -0.1713936271
22513  -0.1440508921  -0.0980054210  -0.0588234264   0.2218089067   0.1708293109
22514   0.1702698150   0.1015132707  -0.2029205595   0.0547550182   0.1203217194
22515  -0.0180978537  -0.0344577771  -0.1852084054   0.2558804744   0.0975769858
22516  -0.3289174978  -0.3454509789  -0.1884935793   0.1711141081  -0.0755655129
22517   0.2844799580   0.3278090327  -0.0729268561  -0.3553969333  -0.0279226947
22518   0.3916331921  -0.0127179962  -0.0892000327  -0.0879727530   0.0444778888
22519   0.2849781480   0.1502402306   0.3819824779  -0.5058672244   0.5084896227
22520   0.2858609677  -0.5385047614  -0.0994535178  -0.2807509643   0.1009542331
22521   0.0373334588   0.1938333628  -0.1779452283   0.0002454419   0.2470251824
22522   0.0694971282  -0.0760569293   0.3855237614   0.0367798252  -0.3854444935
22523  -0.3338291006   0.3270563285  -0.4869075819  -0.2291560576   0.2759941819
22524  -0.1366042086   0.1198047555   0.0344166946   0.2695005435  -0.1970549061
22525  -0.2322938292   0.1594020431  -0.1709974255   0.1653419267   0.1983583085
22526   0.1776642251  -0.1453677631   0.0980315452  -0.0201440550  -0.0046818666
22527  -0.1153368765  -0.0513744137   0.0675106271  -0.1033038384   0.0236662059
22528   0.1101368845  -0.1066969696  -0.2133864512  -0.1849857551   0.0036553188
22529   0.3019249799  -0.2892077159  -0.0529539763   0.1886159314   0.0114054684
22530  -0.0711189763   0.1426462039   0.0505561374  -0.0491498562   0.0168456362
22531  -0.0126916461   0.0300493958   0.0269508507  -0.0020361170   0.0068197607
22532   0.0289561754   0.0048930343  -0.0093915846  -0.0066766478   0.0088155921
22533   0.0109946869   0.0069242476  -0.0207568483   0.0285422332  -0.0271388142
22534   0.0027615235  -0.0389867031  -0.0013498750  -0.0006255186  -0.0003460570
22535   0.0009554845   0.0027938234   0.0088634018   0.0021492526  -0.0100466194
22536   0.0114267292   0.0033534475   0.0131036702   0.2811150600   0.0147204359
22537   0.1507620074   0.0030745678  -0.0076289937   0.0124693052   0.0011990359
22538   0.0002265768  -0.0115045967  -0.0396487581   0.0003432115  -0.0080630295
22539   0.0175827289   0.0013214063   0.0289125953  -0.0804752285   0.0348257972
22540  -0.0608630301  -0.1173274589   0.1964282006  -0.6078194107   0.0343765068
22541  -0.1086104840   0.1586497272   0.0731397203  -0.1622760221   0.0994273255
22542   0.0722658863   0.0300938118   0.0245831303   0.0049283364  -0.0020757526
22543  -0.0271706530  -0.0288694104  -0.0230579316   0.0333131903  -0.0138850208
22544  -0.0202336997   0.0004657724   0.0001734110   0.0152817086  -0.0022355756
22545   0.0097201639   0.0011460270  -0.0017372370  -0.0000129381   0.0291617374
22546   0.0008500768   0.0287404003  -0.0002973785  -0.0000931804  -0.0005912410
22547   0.0000389925   0.0000239101   0.0000157591   0.0000748478
226 1  -0.0211367984  -0.0718565787  -0.0743201401   0.0543774911  -0.0390863719
226 2   0.0258563623   0.0891468336   0.1186975458   0.0552553970   0.0533045436
226 3  -0.1319205566  -0.0960011159   0.0927947164   0.0039576515  -0.0333191836
226 4   0.0238183423   0.0464789372  -0.0377875653  -0.0592119846  -0.0269598379
226 5   0.0128162209  -0.0336820653   0.0259457245   0.0673677464   0.0056762523
226 6   0.0100915901   0.0999245604  -0.0525733612  -0.0201886951  -0.0741048490
226 7   0.0004386355   0.0854330404  -0.0506745602   0.0260125751   0.0424696422
226 8   0.0090328357   0.1249988911  -0.0430714414  -0.1170764270  -0.1076895251
226 9  -0.0568929433  -0.1353786225   0.0698597981  -0.2023820439   0.0186240783
22610   0.0888678496   0.0996322630   0.0252598920   0.0837657234  -0.0676830227
22611  -0.1090244642   0.0546984488  -0.0184989582   0.0189310449  -0.0135041101
22612   0.0724529352  -0.0525169883   0.1751358420  -0.0771662989   0.0851894569
22613   0.1494183511   0.0580381006  -0.0065413866  -0.1340685023   0.0159380878
22614   0.0499900647  -0.0463164884  -0.0453614678   0.0351684758  -0.0468278561
22615  -0.1039762140   0.0462824322   0.1215152323  -0.1138092940  -0.0704032187
22616   0.1476073785   0.1996969112   0.0551176204  -0.0980197858   0.0282889761
22617  -0.1538833945  -0.2650698767   0.1759430132   0.2593100218  -0.1242546333
22618  -0.2303951546   0.1558696204   0.1457297179  -0.0584504018  -0.1148400947
22619  -0.2085359257  -0.0725357273  -0.1646851522   0.2725178842  -0.2197057747
22620  -0.1901032454   0.2961541689  -0.0244262842   0.1798391683  -0.1385520308
22621  -0.0688987190  -0.1582511925   0.1710423596  -0.0678849690  -0.1225892162
22622  -0.1944419071   0.2161276714  -0.4009090859   0.0234871061   0.2671437152
22623   0.1861939213  -0.2199669175   0.3708202214   0.3427082603  -0.3041288110
22624   0.2881493862  -0.2779904317  -0.1100466639  -0.2253317646   0.1267803106
22625   0.2017778858  -0.1723215487   0.1587046711  -0.1625716237  -0.2025711841
22626  -0.1448720742   0.1512570932  -0.0422823447   0.0421894540   0.0024934459
22627   0.1534261693  -0.0146922078  -0.1560237251   0.1930291417  -0.0676777884
22628  -0.1606083483  -0.1614398593   0.1964580171   0.1280437505   0.2178917461
22629  -0.2039464849   0.1711721984   0.1861656580  -0.1107410372  -0.0318662828
22630  -0.2307028249  -0.0423585406   0.0094689021  -0.0032049961   0.2774257259
22631  -0.1080377004   0.1172445852   0.1627224279  -0.0595616547   0.1642683753
22632  -0.0203578525  -0.0534257939  -0.0399530355  -0.0357510309   0.0526112248
22633   0.0005052506   0.0021391103   0.0254784345  -0.0054449581   0.0061031784
22634  -0.0006683115   0.0086645834   0.0015450053  -0.0286151674  -0.0203598181
22635  -0.0009086676  -0.0029076775   0.1761622559   0.0195263168  -0.0090880112
22636  -0.2048909200   0.0634484587   0.0907784789   0.0376485739   0.0015948449
22637   0.0125263581   0.0001156021  -0.0252798973   0.0417446453  -0.2059587513
22638   0.0399802449   0.0401577064  -0.1854922101  -0.0237119950   0.0729896604
22639  -0.0295369862   0.1092889581   0.0113388735  -0.2598551273  -0.0687360371
22640  -0.0876815904  -0.1771475165   0.1594914686  -0.3973174996   0.0169236965
22641  -0.0097023775   0.2168054025  -0.0449001746   0.0899063167  -0.1424443401
22642  -0.1336090244  -0.0569293307  -0.1313057372  -0.1732271690  -0.2447403874
22643  -0.0304851695  -0.0772100595  -0.0818372359   0.0725189078  -0.0194884137
22644  -0.0105886611  -0.0027157831  -0.0002327525  -0.2048750802   0.0326636988
22645   0.4084322506   0.0372834220  -0.0598257093  -0.0020803776   0.0656736831
22646   0.0018649755   0.0613764355  -0.0005661387  -0.0012699657  -0.0072301230
22647   0.0005173611   0.0000099002  -0.0000776679   0.0005590168
227 1  -0.0645135299   0.1408363620   0.1222752939  -0.1028617565   0.0797843804
227 2  -0.0423932217  -0.1286576642  -0.0560526703   0.0492785442   0.1364034368
227 3   0.0568862739  -0.1158876638   0.1421919629   0.1506635248   0.1142164549
227 4  -0.0853993142  -0.0737084201  -0.0302086359   0.0974142474   0.0645548979
227 5  -0.0515097218  -0.0429621233  -0.0071636405   0.0133385307   0.0638087677
227 6  -0.0367021813  -0.0537170418   0.0044958572  -0.0070337715   0.0098847621
227 7   0.0294776309  -0.0519320019   0.0147080630   0.0774925455   0.0167414720
227 8  -0.0190121145  -0.0123144336   0.0126614964   0.0909520093   0.0505025091
227 9   0.0607076904   0.0935940578  -0.0750128967   0.0910122970   0.0150263543
22710  -0.0148905581  -0.0338372524   0.0050672921  -0.0276882332  -0.0075090236
22711   0.0341822423  -0.0191877457   0.0090076130  -0.0425809066  -0.0448627210
22712   0.0344910982  -0.0486905183  -0.0207505567   0.0098133164  -0.0260136413
22713  -0.0108012712  -0.0176320903  -0.0160731043   0.0355130164  -0.0095805971
22714  -0.0255919666  -0.0509878254   0.0800695061  -0.0262509618  -0.0344551793
22715   0.0625446953  -0.0125255104  -0.0857862628  -0.0136948706   0.0158921537
22716   0.0438995420   0.0115246303   0.0384049348  -0.0357831946   0.0437955302
22717   0.0017321179  -0.0031420029  -0.0175699336   0.0005497107   0.0509223678
22718  -0.0284190601  -0.0428833559   0.0025787909   0.0118305546   0.0341315766
22719  -0.0503185912  -0.0293514805  -0.0816807463   0.0604882767  -0.0785812047
22720  -0.0604199219   0.0886060770   0.0259770683   0.0042526348   0.0577430577
22721   0.0254373994  -0.0345556696   0.0205955765   0.0168147825  -0.0653705175
22722   0.1301687381  -0.1290843110   0.0775836647  -0.0839528088   0.0341627742
22723   0.1363365236  -0.1242159834   0.1152682808  -0.1333258433   0.0228682358
22724  -0.1552005723   0.1720641325   0.0857105137  -0.0113218252   0.0685159231
22725   0.0053197608   0.0459689787  -0.0209664927   0.0302860690   0.0119270252
22726  -0.0090834118  -0.0094856559  -0.0411590312   0.0243817046  -0.0156573369
22727  -0.0398644561   0.0474782381   0.0646703117  -0.0558784419   0.0610595704
22728  -0.0169612585  -0.0297900250  -0.0765248529   0.0073409150   0.0779304959
22729  -0.0913997923   0.0945795178   0.1700763778  -0.1239015259   0.0623131890
22730  -0.1799403118  -0.0143241631  -0.0623654577  -0.0260944906   0.1764328783
22731  -0.0229947607  -0.0499189366   0.1637164957  -0.1410637889  -0.0036866635
22732  -0.0715503282   0.0143405939   0.0998773337   0.0600464969  -0.0652150895
22733   0.0309460799   0.0245940547  -0.0852199785   0.0082152683  -0.0250991447
22734  -0.0872631188   0.0192107637   0.0159586137  -0.1245092003  -0.0695162622
22735  -0.0028450140  -0.0093153201   0.2927690450   0.0294468149  -0.0160059864
22736  -0.1597600024   0.0491008474   0.0621619217  -0.5768521216  -0.0309883177
22737  -0.3055689062  -0.0069782761  -0.0041378030   0.0135227282  -0.1530452781
22738   0.0328417452   0.0204783943  -0.1557510990  -0.0153898917   0.0395558151
22739   0.0037183191   0.0541951386   0.0704463861  -0.2121860173   0.0978449134
22740  -0.1670026806  -0.3752281351   0.1298398707  -0.1241908522   0.0101491449
22741  -0.2645697368  -0.1527231088   0.1517218758  -0.2422555206   0.1684326090
22742  -0.0091848170  -0.0061877790   0.0165046447   0.0741877000   0.0585610408
22743   0.0101546745   0.0661582400  -0.0627983800   0.1008750770  -0.0551143751
22744  -0.0794561572   0.0020396221   0.0002707422   0.1526702134  -0.0258461885
22745  -0.2915328281  -0.0264829251   0.0425476201   0.0015295944  -0.0521722476
22746  -0.0014930711  -0.0480099702   0.0004241950   0.0003606369   0.0034704712
22747  -0.0002714002   0.0000179585   0.0000707683  -0.0005634441
228 1   0.0171463228   0.0180269502   0.0439948181   0.0167984065   0.0147685966
228 2  -0.0067771965   0.0119864375  -0.0322094538  -0.1618618901  -0.0080147052
228 3  -0.0191037479  -0.0179015357  -0.0436518406  -0.0355598027   0.0365416617
228 4  -0.0336915094   0.0927401119   0.0062338449  -0.0112102377  -0.0081079326
228 5   0.0222641090   0.0427853910   0.0246506442   0.0367726207  -0.0189421941
228 6   0.0210059146   0.0586166163  -0.0142767382   0.0061707889  -0.0113099458
228 7  -0.0343797798   0.0689907893  -0.0154154444  -0.0616754835  -0.0868136166
228 8  -0.0466623720  -0.1264141134  -0.0581460029  -0.0341626903  -0.0150231991
228 9  -0.0010575123   0.0053891144   0.0573350175   0.0360396751  -0.0422023747
22810  -0.0720020187   0.0057472062  -0.0297942509  -0.0062918318   0.0556976828
22811   0.0324136065  -0.0556687933   0.0198616256   0.0621253419   0.1562125843
22812  -0.0851575082   0.1148926106  -0.0788657722   0.0922775067  -0.0299444187
22813  -0.0042493314   0.0244333725  -0.0179999112   0.0371742425   0.0706458468
22814   0.1270589689  -0.0064771557  -0.1619397006   0.0527863572   0.0974497293
22815  -0.1418063320   0.0243233661   0.0339606515   0.0820888350   0.0199752127
22816  -0.0975800285  -0.0633171322  -0.0826865011   0.0957724182  -0.0179698817
22817   0.0371652650   0.0348495751  -0.0034517796  -0.0091996319  -0.0057681051
22818   0.0193242406  -0.0112493634  -0.0740069707   0.0190968147  -0.0203643848
22819   0.1058418062   0.0749781475   0.0825310161  -0.0169330961   0.0242658513
22820   0.0943137235  -0.0652319489   0.0443238608   0.0858535792  -0.1244422633
22821  -0.0464461585   0.0207030418   0.0060585186  -0.0508161875   0.0454709904
22822  -0.2791520329   0.2750916994  -0.2733128564   0.1193923853   0.0742144191
22823  -0.1168283096   0.0553968401   0.0143696364   0.3641110805  -0.1904774012
22824   0.3610713761  -0.3822189250  -0.1659312040  -0.1039595294  -0.0191220192
22825   0.1059875234  -0.1644608458   0.1250018866  -0.1345083976  -0.1460997942
22826  -0.0840474227   0.1026808481   0.0184573733  -0.0055028853   0.0023807818
22827   0.1401480298  -0.0610470184  -0.1670063567   0.1768730555  -0.1198614831
22828  -0.0411466449  -0.0056161140   0.2331488078   0.0894632789   0.0265345329
22829  -0.0768783072   0.0360113221  -0.0107598903  -0.0126747127  -0.0071103289
22830  -0.0006091674  -0.0378297177   0.0278775822   0.0393198635   0.0098215245
22831  -0.0203802223   0.0047113825   0.0157730706  -0.0108348279   0.0124889831
22832   0.0117384606   0.0039861968  -0.0120132184   0.0050161201  -0.0052509374
22833  -0.0109484572  -0.0102046154   0.0047015482  -0.0005639959   0.0003650859
22834  -0.0040575213   0.0021850061   0.0001799379  -0.0209176367  -0.0172865518
22835  -0.0001015704   0.0003439533   0.0668767629   0.0080843683  -0.0044030201
22836  -0.0670688545   0.0217905636   0.0335899989   0.1453872920   0.0075864377
22837   0.0735914005   0.0016653698  -0.0115726316   0.0167033999  -0.0953084704
22838   0.0175289596   0.0243954261  -0.1198955117  -0.0153149117   0.0465618362
22839  -0.0191506556   0.0432618543  -0.0469783452  -0.0600460479  -0.1210669602
22840   0.0336953036   0.0868162582   0.0243925107  -0.1575232344   0.0040169081
22841   0.1295832315   0.1966643582  -0.1012209201   0.1711978483  -0.1575947445
22842  -0.0665737292  -0.0344817449  -0.0826850599  -0.1251896794  -0.1525776448
22843  -0.0087755078  -0.0587649898  -0.0087434903  -0.0189398110   0.0258978007
22844   0.0465800232   0.0066715969   0.0008170697   0.3776281145  -0.0592527181
22845  -0.6849137329  -0.0627271821   0.1013908962   0.0035271670  -0.1288831464
22846  -0.0036515231  -0.1189910940   0.0011118608   0.0014550447   0.0098808085
22847  -0.0007063819   0.0000120980   0.0000904970  -0.0010409257
229 1   0.0474917816  -0.1775099093  -0.1304796281   0.1666108629  -0.0247304528
229 2   0.0066005893   0.0952060393   0.0856811628   0.0355709019   0.0520937083
229 3  -0.1616977864  -0.1081794212   0.0313664336  -0.0231107644  -0.0355967404
229 4  -0.0286472788   0.0050798297   0.0363810404  -0.0237496085   0.0068364156
229 5  -0.0047347706   0.0241797350  -0.0520665922   0.0427892596  -0.0423470820
229 6   0.0697297527  -0.0239871469   0.0018663786   0.0057209399   0.0840847173
229 7   0.0326416899   0.0377025403  -0.0519670484  -0.0211586452  -0.0433393597
229 8  -0.0141391250   0.0070925807  -0.0616666814   0.0574362377   0.0474768634
229 9   0.0282510005   0.0903992951   0.0147594880   0.0968353859   0.0404618112
22910  -0.0792055691   0.0378970341  -0.0391607494  -0.0506732523   0.0299460681
22911   0.0227542170  -0.0480352948   0.0595061384   0.0190007941   0.0712557436
22912  -0.0398404488   0.0694170384  -0.1247739951   0.1266731687  -0.0668751616
22913  -0.0080392913  -0.0720027815  -0.0461727548   0.0656721071   0.1199959308
22914   0.0941039288   0.0792160829  -0.0967894090   0.0405395059  -0.0159002637
22915   0.0259228996  -0.0141849752  -0.1042211378   0.0794778678   0.0127891371
22916  -0.1117661714  -0.1112018390  -0.0659559768  -0.0107176977  -0.0387283952
22917   0.1124876068   0.0556720614   0.0993383015  -0.1207314172  -0.1528104254
22918   0.1763852498   0.1593138854   0.1288293849  -0.1744328723  -0.0464948182
22919  -0.0094678926   0.0077369902   0.1697305930  -0.2661540943   0.3168606915
22920   0.0222125138  -0.2297462649  -0.1889373809  -0.2224947320   0.1011830903
22921   0.0237965758   0.0346230084  -0.0328867257  -0.0098098477   0.1046929396
22922   0.1669800146  -0.1500106676   0.3074046062  -0.0570053378  -0.2367499319
22923  -0.0720623762   0.0995310512  -0.1985243685  -0.2860336961   0.2051886500
22924  -0.2329920759   0.2448673077   0.0955345616   0.1849102943  -0.0779297212
22925  -0.1651068217   0.1725199143  -0.1590445401   0.1567547335   0.1694808576
22926   0.1400867695  -0.1159706348   0.0492975615   0.0235323200  -0.0019443826
22927  -0.1141077357  -0.0171550453   0.0827550024  -0.0965769226   0.0744124197
22928   0.0015569562  -0.2815507121  -0.2709094073  -0.1724230514   0.1954669503
22929   0.2201485376  -0.2025585346   0.1344473653   0.1211356071  -0.0093572910
22930  -0.3171479587   0.1448052752   0.0546901402  -0.0783229596   0.2982845200
22931  -0.1163048725   0.1511959149   0.1935815035  -0.0622729004   0.1759992347
22932   0.0050060389  -0.0538525666  -0.0511622952  -0.0453249416   0.0658753569
22933   0.0077995491   0.0085742745   0.0157259130   0.0058576785  -0.0042437321
22934   0.0008588117  -0.0094252341   0.0010850466  -0.0255918886  -0.0181109621
22935  -0.0000756309  -0.0010648076   0.1742217386   0.0199568275  -0.0072780260
22936  -0.2022995341   0.0601697763   0.0838185286  -0.0716601450  -0.0046495373
22937  -0.0675542800  -0.0014352666  -0.0200193824   0.0321612215  -0.2014110464
22938   0.0384000175   0.0500994725  -0.1496733129  -0.0247679138   0.0808038444
22939  -0.0472229876   0.1122345835  -0.0220806009  -0.1826817601  -0.1145651860
22940  -0.0243931174  -0.0570297326  -0.0664592836   0.3228906176  -0.0246783909
22941   0.1221649153   0.0546691276  -0.1443251539   0.3095290226  -0.2913119866
22942  -0.2454495357  -0.1038111340  -0.1848256598  -0.2081929247  -0.2818389231
22943   0.0008994577  -0.0524361072  -0.0678087243   0.0417604588  -0.0032406733
22944   0.0154136009  -0.0107809230  -0.0021261964  -0.3314324494   0.0590729426
22945  -0.2004518781  -0.0221460900   0.0298959785   0.0010389292   0.0263601158
22946   0.0010582570   0.0280825394  -0.0001629312  -0.0023311896  -0.0094079300
22947   0.0005982594   0.0002418124  -0.0000392691   0.0001193733
230 1  -0.0474751541   0.1792980347   0.1326338522  -0.1142092189   0.0794940058
230 2   0.0004989316  -0.1074207042  -0.0435482512   0.0316996867   0.1124102244
230 3   0.0123745287  -0.1174025063   0.1316419231   0.1254192729   0.1411113256
230 4  -0.0479648562  -0.0683516322  -0.0410540154   0.0800560897   0.0433662264
230 5  -0.0244580683  -0.0669784765   0.0199263183  -0.0067335676   0.0671607148
230 6  -0.0063368717  -0.0628448003  -0.0031640057   0.0485451230  -0.0347537812
230 7  -0.1098889785  -0.0138303590   0.0854940053  -0.1081716299  -0.0418254937
230 8   0.0240551886  -0.1375525394   0.0638524085  -0.0439820636  -0.0130443200
230 9  -0.0419653177  -0.0638391824   0.0378580506  -0.0230432096  -0.0440495001
23010  -0.0165575270  -0.0582797105   0.0115665456   0.0124537679   0.0039469856
23011   0.0040844787   0.0217629388  -0.0158944038   0.0280122850   0.0231759022
23012  -0.0552412970   0.0571108965  -0.0021294956  -0.0180071938  -0.0049636990
23013  -0.0757177759   0.0236784830   0.0396577822  -0.0057501827  -0.0572911915
23014  -0.0256561064   0.0160633614  -0.0069267135  -0.0071758129   0.0666380993
23015  -0.0250295323   0.0007899333   0.0528840658   0.0402127465   0.0248492098
23016  -0.0514206216  -0.0420942142  -0.0284204553   0.0709035953  -0.0324315031
23017   0.0260150710   0.0788606922  -0.0728262425  -0.0376772315   0.0505685887
23018   0.0294077172  -0.0640763831  -0.0887251979   0.0515481397   0.0179553114
23019   0.0983848534   0.0468740989   0.0677899107  -0.0480095165   0.0343367337
23020   0.0919615333  -0.0870862377   0.0327525287   0.0197437112  -0.0389435046
23021  -0.0225676178   0.0445688340  -0.0283962654  -0.0068314924   0.0535329576
23022  -0.1023760081   0.0974932198  -0.0579584120   0.0627350226  -0.0177560566
23023  -0.1019679916   0.0824168849  -0.0754940755   0.1055929664  -0.0248296397
23024   0.1191269333  -0.1300988514  -0.0617158520  -0.0026637924  -0.0400892053
23025   0.0104772153  -0.0445365587   0.0252177684  -0.0314623365  -0.0271413534
23026  -0.0076935604   0.0195522213   0.0204424536  -0.0007105007  -0.0018857553
23027   0.0502523170  -0.0517548829  -0.0734255286   0.0674278728  -0.0586449534
23028  -0.0151851858  -0.0510031781   0.0617508957  -0.0223781922   0.0721282046
23029   0.0826221743  -0.1353682329   0.0461893930   0.0936936289   0.0647458227
23030  -0.1969908142   0.0709056074   0.0939541163   0.0345837060   0.1413522106
23031  -0.0738279339  -0.0306961002   0.1895962421  -0.1568380396  -0.0036662852
23032   0.0452046268   0.0664036156   0.0271010982   0.0689649087  -0.0717980948
23033  -0.0314801886  -0.0302581957  -0.0869332098   0.0099227841  -0.0284554703
23034  -0.1061339151  -0.0063658472   0.0152591370  -0.1589513065  -0.1069011903
23035  -0.0012057901   0.0012483557   0.3676553608   0.0399764259  -0.0294181971
23036  -0.1827743515   0.0690982342   0.1114427974   0.5185643272   0.0279214128
23037   0.2528702031   0.0048555235  -0.0306379564   0.0510714648  -0.1525914466
23038   0.0307702054   0.0354188363  -0.1320902101  -0.0147932312   0.0557636891
23039  -0.0192157387   0.0780495281   0.0591680209  -0.1842158407   0.0730205792
23040  -0.1244096933  -0.2926742528  -0.0291207672   0.3895344903  -0.0196207502
23041  -0.1625112777  -0.2655869906   0.0759932029  -0.0786662668   0.0603124446
23042  -0.0882132362  -0.0474904462  -0.0249731136   0.0528230940   0.0411185043
23043   0.0304999525   0.0890049646  -0.0379924743   0.0623834488  -0.0362119900
23044  -0.0556406495   0.0116134316   0.0022861928   0.3563413862  -0.0646692504
23045   0.2047602313   0.0226311237  -0.0293133620  -0.0010474160  -0.0390926169
23046  -0.0014476704  -0.0368421929   0.0002332069   0.0006444803   0.0034414870
23047  -0.0002319366  -0.0001941829   0.0000542043  -0.0003887823
231 1   0.0232378097   0.0152496200   0.0419653300   0.0206314911   0.0154277831
231 2  -0.0056166700   0.0132922158  -0.0331560497  -0.1636305819  -0.0092257378
231 3  -0.0224951573  -0.0183938127  -0.0468161797  -0.0377930284   0.0380753987
231 4  -0.0337268479   0.0907716382   0.0091845458  -0.0100858256  -0.0072257831
231 5   0.0220404185   0.0443973990   0.0218973646   0.0338023121  -0.0211247454
231 6   0.0246099655   0.0524236213  -0.0124048879   0.0100651358  -0.0061521326
231 7  -0.0399525493   0.0683325761  -0.0114227778  -0.0729050012  -0.0939721483
231 8  -0.0453084159  -0.1404929422  -0.0559713681  -0.0328975272  -0.0116191367
231 9  -0.0018105209   0.0082017221   0.0595973150   0.0458758490  -0.0447603577
23110  -0.0801100993  -0.0002730269  -0.0327097124  -0.0105708253   0.0608619726
23111   0.0370382491  -0.0574657242   0.0214838177   0.0645778316   0.1621895258
23112  -0.0942110556   0.1254141142  -0.0912131461   0.0997789302  -0.0350689941
23113  -0.0154470079   0.0200396418  -0.0160801098   0.0441678103   0.0723290051
23114   0.1287994704   0.0032918696  -0.1670120105   0.0529818548   0.1049685607
23115  -0.1386170390   0.0206408042   0.0299198934   0.0931221421   0.0239568902
23116  -0.1133416211  -0.0797580550  -0.0909139001   0.1047746086  -0.0249420795
23117   0.0515292553   0.0541900016  -0.0098162841  -0.0286592288  -0.0070421172
23118   0.0417840067  -0.0123950895  -0.0791707366   0.0159973966  -0.0181520753
23119   0.1219651609   0.0823119095   0.1049428123  -0.0473200934   0.0547604628
23120   0.1110002149  -0.0984513444   0.0366420865   0.0675844341  -0.1178322590
23121  -0.0445474408   0.0333886121  -0.0059281925  -0.0499620672   0.0624011135
23122  -0.2718419118   0.2675540341  -0.2453994910   0.1229297416   0.0476014007
23123  -0.1395227820   0.0804490813  -0.0214076282   0.3428894960  -0.1676095941
23124   0.3470751047  -0.3688293181  -0.1620754992  -0.0821965578  -0.0339171985
23125   0.0878455108  -0.1508621142   0.1109008448  -0.1209721804  -0.1288260772
23126  -0.0689959226   0.0908533240   0.0253025156  -0.0072246984   0.0027438710
23127   0.1311466671  -0.0665201900  -0.1612828572   0.1676699135  -0.1183263841
23128  -0.0339068400  -0.0123264133   0.2158062348   0.0728170653   0.0263684978
23129  -0.0465818846   0.0057681751  -0.0201482520   0.0103919911  -0.0077829993
23130  -0.0036463922  -0.0242106683   0.0383335405   0.0381336543   0.0054720730
23131  -0.0214134686   0.0076825804   0.0077248145  -0.0035038121   0.0075442180
23132   0.0200658815   0.0096253607  -0.0161039133   0.0016986347  -0.0017258696
23133  -0.0152509610  -0.0133554952  -0.0020305641  -0.0031456186   0.0016237751
23134  -0.0074691324   0.0034227524   0.0007436826  -0.0064457616  -0.0059928542
23135   0.0001140045   0.0017670509   0.0010576032  -0.0001904377  -0.0033013163
23136   0.0229837893  -0.0032085430  -0.0003101377   0.1957020043   0.0107832374
23137   0.1079695578   0.0020909487  -0.0012837035   0.0030796052   0.0600214714
23138  -0.0109611024  -0.0163785002   0.0869383109   0.0119705953  -0.0333291863
23139   0.0141627110  -0.0221352339   0.0598860071   0.0059641769   0.1292388970
23140  -0.0623240689  -0.1481552037   0.0127270582   0.0788589806   0.0003624789
23141  -0.1620962232  -0.1894272146   0.1174581404  -0.1986412830   0.1714218349
23142   0.0609868228   0.0295721205   0.0753391655   0.1209915687   0.1415185376
23143   0.0067425998   0.0596485277  -0.0031509987   0.0345527802  -0.0333779281
23144  -0.0573593869  -0.0221521222  -0.0041420773  -0.6837084559   0.1217387167
23145  -0.3748839420  -0.0418715743   0.0570506663   0.0021762301   0.0766996846
23146   0.0028304613   0.0746400738  -0.0005373528  -0.0022709373  -0.0096756713
23147   0.0006175742   0.0004499028  -0.0000130790   0.0003739867
232 1   0.0322608659  -0.1213860967  -0.0971823698   0.1152052832  -0.0318893302
232 2   0.0204491291   0.0870262637   0.0908924910   0.0418534753   0.0575907370
232 3  -0.1370353354  -0.0928764134   0.0603508042   0.0040340725  -0.0133007835
232 4  -0.0154885776   0.0153857334   0.0094166081  -0.0276704561  -0.0029976975
232 5  -0.0049157187  -0.0035875468  -0.0172297005   0.0340436915  -0.0270717425
232 6   0.0415388255   0.0286526916  -0.0186814724   0.0015591652   0.0121473072
232 7   0.0080564518   0.0478049148  -0.0349079463  -0.0054468831   0.0061595610
232 8  -0.0094147151   0.0475026670  -0.0296403819  -0.0076740599  -0.0102153675
232 9  -0.0048917844  -0.0012633947   0.0219301803  -0.0180203451   0.0211800007
23210   0.0000089437   0.0351400434  -0.0046216376   0.0037874930  -0.0121684833
23211  -0.0222260482  -0.0014143092   0.0108847119   0.0050416520   0.0189400852
23212  -0.0009804101   0.0048352667   0.0006472155   0.0210056445   0.0012543456
23213   0.0323138073  -0.0091731139  -0.0136859459  -0.0085302713   0.0388918986
23214   0.0390446663   0.0201978255  -0.0392034327   0.0218624959  -0.0142021120
23215  -0.0104716111   0.0063574060  -0.0014390806   0.0027944384  -0.0127857073
23216  -0.0035404759   0.0076534402  -0.0092400331  -0.0232051393  -0.0022835526
23217  -0.0091901168  -0.0417116086   0.0647417417   0.0138257627  -0.0693471876
23218   0.0038437402   0.0792106923   0.0663188337  -0.0561834777  -0.0322831421
23219  -0.0450686350  -0.0211508026   0.0095238188  -0.0167079822   0.0441282140
23220  -0.0337455271  -0.0041601007  -0.0607054530  -0.0353755636   0.0013292415
23221  -0.0000123548  -0.0105927241   0.0138723666  -0.0046278134   0.0051853488
23222   0.0036325348   0.0018376279   0.0091880995  -0.0021838782  -0.0209427112
23223  -0.0134405203   0.0169304033  -0.0227784122  -0.0110652877   0.0175799380
23224  -0.0043107996   0.0034881317  -0.0061521716   0.0176123312  -0.0194603693
23225  -0.0190090867   0.0129974749  -0.0131105886   0.0110393151   0.0172905761
23226   0.0156238848  -0.0088071825   0.0135593909  -0.0022569974   0.0083398131
23227  -0.0113340337   0.0042604037   0.0152151939  -0.0136090040   0.0074399019
23228   0.0094009306   0.0031813798  -0.0071522549   0.0175094083   0.0243751410
23229   0.0198268240   0.0544652686  -0.1135569832   0.0122117970  -0.0587686468
23230   0.0831250091  -0.0344094080   0.0246376069   0.0615435320  -0.0052171746
23231  -0.0079171191  -0.0971781952   0.1961066900  -0.2576526628   0.0806114935
23232   0.0095848717  -0.0078865988  -0.0136065291   0.0508374774  -0.0156911597
23233  -0.0239075620  -0.0096847317   0.3235905356  -0.0383676901   0.0665630423
23234   0.1123160957   0.0133358029  -0.0155672522  -0.0651525867  -0.0493653508
23235  -0.0027653792  -0.0096715972   0.3220056286   0.0304399843   0.3543598406
23236  -0.1393319077  -0.1401906246  -0.3250632243  -0.0072963965   0.0016414857
23237   0.0060121993   0.0053140870   0.0271088810  -0.0392520550   0.1868272409
23238  -0.0581918155   0.5057876205   0.5493418030  -0.0989954999   0.5121835014
23239  -0.3993037652   0.3364497859  -0.1632711497  -0.2760962199  -0.3372560536
23240   0.0275327749   0.0430278880  -0.0772071400  -0.0285669566  -0.0006553528
23241   0.1071665687   0.0405644670  -0.0219176489   0.0113964062   0.0513797317
23242   0.1058632063   0.0576239514   0.1080558054   0.1949468269   0.3345277739
23243  -0.2535049756  -0.2237305983  -0.1670135412   0.2999970626  -0.2555597953
23244  -0.3469766320  -0.0000382454  -0.0000631505  -0.0028070655  -0.0003106808
23245   0.0003103111  -0.0000921617   0.0000377610  -0.0000559771   0.0028935331
23246   0.0000869485   0.0021971223  -0.0000083799   0.0183104098   0.0725192392
23247  -0.0044970318  -0.0006136878  -0.0000149608  -0.0002020354
233 1  -0.0953789911   0.1379607646   0.1090304275  -0.0957258298   0.0880436969
233 2  -0.0384848057  -0.0936919521  -0.0300346505   0.0373208950   0.1032879751
233 3  -0.0071094990  -0.1243290493   0.1085280599   0.0739572689   0.0664183228
233 4  -0.0315118920  -0.0386047935  -0.0496910755   0.0508801872   0.0444900964
233 5  -0.0146383570  -0.0339341629  -0.0026682052   0.0189853060   0.0641672678
233 6  -0.0104924420  -0.0394220890  -0.0057109379   0.0083858605  -0.0158497301
233 7  -0.0338589235  -0.0067204055   0.0340208973  -0.0212267667  -0.0298541182
233 8   0.0100560001  -0.0586289173   0.0096329196  -0.0040537943   0.0046200927
233 9   0.0034625885  -0.0079659416   0.0135796822  -0.0001190838  -0.0086985896
23310  -0.0198680720  -0.0117323362   0.0021940587   0.0022627620  -0.0013400283
23311   0.0031744824  -0.0082940201   0.0170986277   0.0139854532   0.0213068930
23312  -0.0058010765   0.0264081425  -0.0156631834   0.0198590017  -0.0203358636
23313  -0.0136783272  -0.0045759137  -0.0126699201   0.0056699204   0.0124265599
23314   0.0191564049  -0.0080592168  -0.0185413538   0.0111967380  -0.0004107269
23315  -0.0228434523   0.0082407723  -0.0116411253   0.0148877295   0.0094029690
23316  -0.0087252745  -0.0038657182  -0.0094889525  -0.0032410044  -0.0005111474
23317   0.0013576887  -0.0090601052   0.0242238898   0.0118953551  -0.0209049987
23318  -0.0046447909   0.0274853266   0.0239470757  -0.0255800052  -0.0172491887
23319  -0.0153353036  -0.0004848100   0.0110968174  -0.0077293144   0.0145458396
23320  -0.0097476851  -0.0035112415  -0.0210600508  -0.0000014562  -0.0098107430
23321  -0.0050081323  -0.0205001150   0.0171800739  -0.0163496331   0.0004568341
23322  -0.0068676077   0.0130544283  -0.0150449760  -0.0061167052   0.0106319724
23323   0.0264737931  -0.0343976196   0.0457892872   0.0127284599  -0.0310203493
23324   0.0101986239  -0.0041488683   0.0069573525  -0.0145975396   0.0255503454
23325   0.0183752569  -0.0064453203   0.0051344152  -0.0032621024  -0.0155028099
23326  -0.0061095605   0.0136120827  -0.0092042955   0.0140725582  -0.0055293894
23327   0.0104816115  -0.0156369989  -0.0261295203   0.0307653448  -0.0056287084
23328  -0.0372381616  -0.0923606741  -0.0195427136  -0.0260678926   0.0005006260
23329  -0.0047523380  -0.0285792920   0.0409537924  -0.0038270736   0.0055540256
23330   0.0635924295  -0.0069484040  -0.0508318089  -0.0104555662  -0.1605513992
23331   0.0941012791   0.0836549309  -0.0400386743   0.0786689874   0.0999345079
23332   0.0006280013  -0.0530658236  -0.0316910399   0.1563032876  -0.2298959301
23333   0.0414717251   0.0287397771   0.1158657447   0.0439427723  -0.0306426119
23334   0.0481995294  -0.0516015750  -0.0067666066  -0.2186441113  -0.2475602876
23335  -0.0014357042  -0.0038512610  -0.0989090016  -0.0027777574  -0.1015883715
23336   0.0158560975   0.0382100737   0.0805613348   0.0014267612  -0.0008239574
23337   0.0013707195  -0.0003792120   0.0258544835  -0.0466603065  -0.0392871390
23338   0.0087924679   0.0104781587  -0.0872409787  -0.0047248148   0.0075272121
23339  -0.0423057655   0.0145944055   0.0494967536   0.0322437371   0.0780341255
23340   0.0046441815   0.0027983860  -0.0284541795   0.0083345342   0.0011867563
23341  -0.0004228899  -0.0099600600   0.0121029412  -0.0280783439   0.0092449115
23342   0.0073524549   0.0302252063   0.0232143487  -0.0553295512  -0.1024859261
23343  -0.0562074177  -0.1184986437   0.0128628906  -0.0226432665   0.0322426762
23344   0.0566770839   0.0002764608  -0.0000513938  -0.0115165225   0.0007679353
23345   0.0016161715  -0.0007456148   0.0004591032  -0.0003188359   0.0212490607
23346   0.0007702681   0.0170313445   0.0001412344   0.2439435899   0.9578476941
23347  -0.0604249232  -0.0091881287  -0.0004886116   0.0081656828
234 1  -0.0084016327   0.0217767829   0.0155327605   0.0066387063  -0.0002552641
234 2   0.0000000000  -0.0002658193   0.0000000000  -0.1354115904   0.0000000000
234 3   0.0153295756  -0.0242620493  -0.0071321403  -0.0124293879  -0.0017401699
234 4  -0.0181890398   0.0548165349  -0.0299356882  -0.0458732476  -0.0390188746
234 5   0.0260018447   0.0046524330   0.0557112643   0.1470397687   0.0519841251
234 6  -0.0097322187   0.0338846865  -0.0311900584  -0.0512389293  -0.0061654929
234 7   0.0824918324   0.0934194591  -0.0929960993   0.0496172198  -0.0830450356
234 8  -0.0483102511  -0.0367718430  -0.1532775975  -0.0236147287  -0.0136585664
234 9   0.0188045917   0.0202277264   0.0725750998   0.0167842683   0.0085098508
23410  -0.1013019681   0.1087767996  -0.0596116102  -0.0155797358   0.0634541273
23411   0.0185467985  -0.0936043043   0.0778155587   0.0833405059   0.1815402687
23412   0.0063606523   0.1098145279  -0.0782635163   0.1652945542  -0.0571921154
23413   0.1032761867  -0.0027933064  -0.0953561608   0.0260925326   0.1889898161
23414   0.2193637669  -0.0991067763  -0.1694382542   0.0656976498   0.0144015756
23415  -0.1426579700   0.0570617891  -0.0863660978   0.0563956991   0.0602371389
23416  -0.0337817455  -0.0074819022  -0.0460530302   0.0534714168   0.0367410057
23417   0.0921543550   0.0131514311   0.0377005358   0.0248273821   0.0279913489
23418   0.0103356843  -0.0444264061  -0.0639342821  -0.0193826982  -0.0031948633
23419   0.0663763838   0.1212574667   0.0162561749   0.0227627352  -0.0566123463
23420   0.0658388155   0.0234987023   0.1357243455   0.1465855526  -0.0637179456
23421  -0.0582193737  -0.0614271105   0.0468716866  -0.0962047440  -0.0146998703
23422  -0.0645805004   0.0760647381  -0.1498919596  -0.0100046602   0.1096919677
23423   0.1661997393  -0.2615959339   0.3434450086   0.1448749176  -0.2353608535
23424   0.0996620476  -0.0654297531   0.0205348491  -0.1374178862   0.1602732895
23425   0.1231660290  -0.0787560993   0.0657202854  -0.0409885945  -0.1243428380
23426  -0.0822940182   0.0578961536  -0.0535834157   0.0566566988  -0.0914703727
23427   0.0283118613   0.0364111804   0.0058171381  -0.0094536597   0.0292802784
23428  -0.0330353549   0.0907532091  -0.1027744718  -0.0323645380  -0.0834784970
23429   0.0862429421  -0.0555648979  -0.0437902580   0.1320133021   0.0226374160
23430   0.0429792687   0.4437318747  -0.2644495565  -0.4638539833  -0.1298751280
23431   0.2325138860   0.0076559020   0.1010284391  -0.0368429512   0.0287178203
23432  -0.2099026272  -0.2061289767   0.2509856112  -0.0266357613   0.0108164108
23433   0.5218207020   0.3796109966  -0.0290341934   0.5678500931  -0.4881829485
23434   0.3315527273  -0.6178396944  -0.0547780499   0.0245804398   0.0274772958
23435   0.0008729345  -0.0194430569   0.0311269306   0.0115222116   0.0320442457
23436  -0.0112291865  -0.0143500570  -0.0308054120   0.0072527454   0.0002540553
23437   0.0123698504   0.0010412315  -0.0009228124  -0.0025081163   0.0152275834
23438  -0.0064589337   0.0218781844   0.0320850853  -0.0054286518   0.0246897208
23439  -0.0138412299   0.0040152066  -0.0084797381   0.0018624724  -0.0092992194
23440   0.0016260099   0.0044269893  -0.0059189097   0.0218063553  -0.0017985885
23441   0.0078802362  -0.0042008999  -0.0063689168   0.0140186168  -0.0049501199
23442  -0.0013577304  -0.0044133359  -0.0009092888   0.0225725939   0.0376417536
23443  -0.0111028685   0.0093350057  -0.0089483787   0.0172495648  -0.0193719313
23444  -0.0318070188  -0.0003149748  -0.0000706268  -0.0005584422   0.0000631311
23445  -0.0010350440   0.0000841770   0.0000026823   0.0000606032  -0.0011539495
23446  -0.0000548795  -0.0009310402  -0.0000205639  -0.0177549312  -0.0701614485
23447   0.0044105600   0.0006840542   0.0000643798  -0.0006907895
$end
