$hessian (projected)
  1 1   0.0416329997   0.0167263488  -0.0113122290  -0.0283994663   0.0016317529
  1 2  -0.0006876747  -0.0000105060  -0.0001152709   0.0000104505  -0.0003556402
  1 3  -0.0000976382  -0.0000144501  -0.0000724805   0.0001253700   0.0002569733
  1 4  -0.0077939863  -0.0153698725  -0.0005245882  -0.0011216303  -0.0003223386
  1 5  -0.0000138586   0.0006388296  -0.0001427037  -0.0001034274   0.0001584481
  1 6   0.0002143046  -0.0000203034  -0.0001310551  -0.0002857680  -0.0000033168
  1 7   0.0001695128  -0.0000962241   0.0001391220   0.0001019250   0.0004699873
  1 8  -0.0001206731  -0.0002903847  -0.0001289509   0.0001127550   0.0000383795
  1 9  -0.0001409429  -0.0000797417   0.0001648982   0.0004287586   0.0000157627
  110  -0.0001342706  -0.0002119845   0.0000508538  -0.0000607613  -0.0001363924
  111  -0.0000401510  -0.0001130645   0.0001609853  -0.0000436432   0.0000139592
  112  -0.0000714120  -0.0000728738   0.0002072244  -0.0000436074   0.0000061662
  113   0.0001473217   0.0000528055   0.0001136602  -0.0002776631  -0.0001790232
  114  -0.0000231674   0.0001279953  -0.0001230323  -0.0000222310   0.0003656808
  115   0.0001849785  -0.0001628797  -0.0044097763  -0.0023755299   0.0125663159
  116  -0.0004829943  -0.0000451308   0.0000065742  -0.0001256431  -0.0000867313
  117   0.0000612460  -0.0002327999   0.0001168879  -0.0001199623   0.0001102340
  118  -0.0003478766   0.0001037991   0.0001503032   0.0000986011  -0.0004432506
  119   0.0000194109  -0.0000217567  -0.0000088825   0.0000098634   0.0002052515
  120   0.0000049505   0.0001488767  -0.0000092957   0.0002296607  -0.0000262059
  121  -0.0000335974  -0.0000175385  -0.0000679104   0.0001250399  -0.0001654933
  122  -0.0001804635  -0.0002844112   0.0000650054  -0.0000324705  -0.0001641785
  123  -0.0000945510   0.0003693290   0.0001255887  -0.0001539933  -0.0004982899
  124   0.0000139363   0.0000488677  -0.0000006173   0.0000828164   0.0005435900
  125   0.0000127365   0.0000507934   0.0000800849   0.0001692703  -0.0002512105
  126  -0.0000324816   0.0000565166   0.0002492687  -0.0001064276  -0.0001616071
  127   0.0002639555  -0.0001236449  -0.0000523637   0.0000723268   0.0000006703
  128   0.0001437876   0.0001158634  -0.0000887674  -0.0002490085  -0.0001789399
  129  -0.0000655014   0.0002638626   0.0001146583   0.0002719096   0.0000631641
  130  -0.0003011634  -0.0002593954   0.0004655470   0.0000676156   0.0003855188
  131  -0.0005980370  -0.0000526028  -0.0001551226   0.0002612691  -0.0000574536
  132  -0.0001876960  -0.0000380585  -0.0000467444   0.0001035391  -0.0000861992
  133   0.0001033884   0.0000321887  -0.0001029680   0.0002517831   0.0000307778
  134   0.0001545571  -0.0001718920  -0.0000805532   0.0001882588  -0.0003705523
  135   0.0001545307  -0.0000189913   0.0000205267   0.0000240312   0.0000304096
  136  -0.0000452774  -0.0001287916  -0.0000349813   0.0001201737   0.0002130154
  137   0.0000049024  -0.0000155359  -0.0000916206   0.0000050079   0.0000011969
  138  -0.0000157617   0.0000059380  -0.0000011845  -0.0000068427   0.0000006524
  139  -0.0000007152   0.0000015115  -0.0000213046  -0.0000244851   0.0000453343
  140  -0.0000388365  -0.0000338445   0.0001431822   0.0000049445  -0.0000120657
  141  -0.0000080381  -0.0000028637   0.0000099044  -0.0000262227   0.0000174441
  142   0.0000335092   0.0000298617  -0.0000034843  -0.0000021523   0.0000123744
  143  -0.0000087075  -0.0000153071  -0.0000124205  -0.0000212365   0.0000320485
  144   0.0000268596  -0.0000022637  -0.0000123975  -0.0000247384   0.0000177894
  145   0.0000660809   0.0001289121  -0.0000040154  -0.0000203383   0.0000069464
  146  -0.0000485421   0.0000170562  -0.0000985433  -0.0001347844   0.0000889928
  147  -0.0002841902   0.0000050839   0.0000049764   0.0000186390
  2 1   0.0167263488   0.0235636015  -0.0056452064  -0.0022376955   0.0001329711
  2 2   0.0002565478  -0.0003849110   0.0004746162   0.0000137893   0.0005204517
  2 3   0.0001369971  -0.0000519875   0.0000304303  -0.0000014034  -0.0000614829
  2 4  -0.0113459529  -0.0225464383  -0.0005778152  -0.0002815279  -0.0005989827
  2 5   0.0000796233  -0.0002003287   0.0003893236   0.0000728254  -0.0001381709
  2 6   0.0000370323   0.0000663878  -0.0001996218  -0.0000110506   0.0003692232
  2 7  -0.0003411588   0.0000717788  -0.0003125107   0.0001062262   0.0002422546
  2 8   0.0001169455  -0.0000039068  -0.0003612563   0.0000322020  -0.0000280037
  2 9  -0.0001269810   0.0002213656  -0.0000457591  -0.0001649324   0.0001471074
  210  -0.0001725176  -0.0004812745  -0.0001352061   0.0001938941   0.0002442885
  211  -0.0001518777   0.0001384421   0.0001241916   0.0000336774  -0.0001222773
  212   0.0000947495   0.0000029099   0.0003630002   0.0004013662  -0.0003837858
  213   0.0002257511  -0.0001448975   0.0001725599  -0.0002083298   0.0001379648
  214  -0.0000083028   0.0002448678  -0.0002982504  -0.0000304498  -0.0001321858
  215  -0.0002895979   0.0002253757  -0.0023788303  -0.0010293461   0.0063467617
  216  -0.0000627259   0.0003460472  -0.0000996019   0.0002178223   0.0001164075
  217  -0.0001837057  -0.0000354977  -0.0000212237  -0.0000921120  -0.0001414490
  218  -0.0003934142   0.0000592742   0.0001976614   0.0000957794  -0.0002057353
  219  -0.0001183603   0.0000451109  -0.0001628822  -0.0001565784  -0.0000921960
  220  -0.0002461026  -0.0004316416  -0.0001001637   0.0001547059   0.0000841412
  221  -0.0001437512  -0.0001411330   0.0000418509  -0.0004105017  -0.0000042242
  222  -0.0002456509   0.0004411572   0.0000820267   0.0001153260   0.0000372107
  223  -0.0001654406  -0.0003187235  -0.0000101099   0.0002353946   0.0002595572
  224   0.0001539632  -0.0000367363   0.0001512953  -0.0000754435  -0.0000579038
  225   0.0000940227   0.0001779209   0.0001874566  -0.0001877048   0.0001248948
  226   0.0002992722  -0.0000448710  -0.0001037331   0.0000943785  -0.0002004025
  227  -0.0003718576  -0.0002663877   0.0003314282  -0.0000132089  -0.0000371929
  228  -0.0002353271   0.0002565576  -0.0000484148  -0.0000370408  -0.0003391758
  229   0.0001245950   0.0002895525  -0.0000023795  -0.0001007701  -0.0002449973
  230   0.0000678559  -0.0001434530  -0.0001014851   0.0001136603  -0.0001228613
  231   0.0003118602   0.0001275745   0.0001790925  -0.0001933341   0.0001596404
  232   0.0001814774   0.0000261484  -0.0000653301  -0.0001081821   0.0001841861
  233  -0.0000706216  -0.0003187856   0.0000622452   0.0000169818   0.0003870176
  234  -0.0001011368   0.0001059729   0.0000109997   0.0000584359  -0.0001872471
  235  -0.0000123815  -0.0002161062   0.0000238538  -0.0001030330   0.0002418638
  236  -0.0002054338   0.0001248187  -0.0000602967   0.0000744220   0.0001207318
  237   0.0001354993   0.0000046822  -0.0001140471   0.0000084299  -0.0000061734
  238  -0.0000110662   0.0000012712   0.0000204684   0.0000152625   0.0000027591
  239  -0.0000058591  -0.0000005422  -0.0000136470  -0.0000037259  -0.0000293327
  240  -0.0000047877   0.0000027942  -0.0001341638  -0.0000039980  -0.0000010242
  241  -0.0000172815  -0.0000000939   0.0000181415   0.0000395535   0.0000204848
  242   0.0000206506   0.0000424998   0.0000055510   0.0000055475  -0.0000068458
  243   0.0000019818   0.0000176928   0.0000134989   0.0000189141   0.0000018034
  244  -0.0000251348   0.0000191692   0.0000133237   0.0000213420  -0.0000225323
  245  -0.0000365702  -0.0000628428   0.0000078747   0.0000142758   0.0000340602
  246   0.0000148846   0.0000434419  -0.0000422725  -0.0000472119   0.0000108463
  247  -0.0001014188  -0.0000068509   0.0000037400  -0.0000041468
  3 1  -0.0113122290  -0.0056452064   0.0174423708   0.0023255602   0.0001030608
  3 2   0.0010954586   0.0000287370  -0.0003226457   0.0000894136  -0.0002901376
  3 3  -0.0001652700   0.0000069484  -0.0002539958   0.0000431726  -0.0000053937
  3 4   0.0007214836   0.0017104364   0.0012269130  -0.0005170567  -0.0001861252
  3 5   0.0003926837  -0.0001657798  -0.0000504667   0.0002900367   0.0003400396
  3 6   0.0001354499   0.0000205059   0.0001088765   0.0000316763   0.0001575062
  3 7  -0.0002411934   0.0000384205   0.0002321167   0.0000008573  -0.0001239530
  3 8   0.0001759907  -0.0002711268  -0.0000805759   0.0000344541   0.0001280916
  3 9  -0.0003240562  -0.0000468714  -0.0000754842   0.0004267899   0.0003491359
  310  -0.0002299048  -0.0000965860   0.0000945483   0.0003918844   0.0002170545
  311   0.0001241196  -0.0004083752   0.0001625403  -0.0001246136   0.0002900808
  312   0.0000610620  -0.0000921102   0.0001544563  -0.0001533705   0.0006000781
  313  -0.0000817626  -0.0002804968   0.0000715447  -0.0001071668  -0.0000357231
  314   0.0002363422   0.0001526281  -0.0002687670   0.0001261009   0.0001603823
  315   0.0000718189   0.0000033800   0.0073593061   0.0034949040  -0.0186579977
  316   0.0010844247   0.0004295039  -0.0005104903   0.0001506729  -0.0002566149
  317  -0.0000017744  -0.0000107639   0.0001315746  -0.0000939539   0.0009333608
  318   0.0005744744  -0.0003083185   0.0001049924   0.0001300280  -0.0002554666
  319  -0.0002375269   0.0001819763  -0.0002524096  -0.0001200799   0.0000187103
  320   0.0000072133   0.0003104063   0.0003361277  -0.0000708925  -0.0001024822
  321  -0.0003870121  -0.0004487190  -0.0000641035   0.0002547672  -0.0002091181
  322  -0.0000326777   0.0002459571  -0.0002313515  -0.0000697449  -0.0001785680
  323  -0.0001765175   0.0003919029  -0.0001421416  -0.0001779743  -0.0000024331
  324  -0.0003062640  -0.0001877848  -0.0003770127  -0.0000215153  -0.0002933658
  325   0.0002862118   0.0003118509   0.0002118576  -0.0007584514  -0.0000294941
  326  -0.0002034952   0.0001096803   0.0001662152  -0.0002283231   0.0004893746
  327  -0.0004824073   0.0003455252  -0.0004259883  -0.0000413936   0.0001337439
  328  -0.0000214586  -0.0003217615  -0.0003815456  -0.0002219635  -0.0000495356
  329  -0.0001328793   0.0005096220   0.0000473665  -0.0005207781  -0.0005553796
  330   0.0005549979   0.0000578548   0.0001678250  -0.0003226111   0.0000813305
  331  -0.0000170031   0.0001087885  -0.0001448250  -0.0001097446   0.0000967894
  332  -0.0000792524   0.0001180369   0.0001766476   0.0000468699  -0.0002226961
  333  -0.0001687749   0.0000460878   0.0005071318   0.0002177939  -0.0003011457
  334  -0.0000402074   0.0000933232   0.0000230852  -0.0000735911  -0.0000372574
  335   0.0000008862   0.0002622374   0.0000354643  -0.0000572685  -0.0000288225
  336  -0.0003768383  -0.0001103657  -0.0000220271   0.0003346299   0.0001844726
  337   0.0000080888  -0.0000758126  -0.0002125496   0.0000020574  -0.0000445700
  338   0.0000156924  -0.0000127752   0.0000108335   0.0000069857  -0.0000143086
  339   0.0000106206   0.0000049294  -0.0000014044   0.0000129277   0.0000802283
  340  -0.0000657571  -0.0000081577   0.0002530868   0.0000026994   0.0000221464
  341   0.0000073446   0.0000322376  -0.0000096156   0.0000294582  -0.0000043712
  342   0.0000405043   0.0000359425  -0.0000211833  -0.0000053289  -0.0000012913
  343   0.0000209000   0.0000068407   0.0000157825  -0.0000098224  -0.0000753432
  344   0.0000057257  -0.0000080769   0.0000075127  -0.0000042780  -0.0000412919
  345  -0.0000860580   0.0000104230   0.0000023069   0.0000092970  -0.0000486427
  346  -0.0000534362   0.0000286488   0.0000396387   0.0000262583   0.0000406525
  347   0.0001011602   0.0000179862   0.0000269611   0.0000567905
  4 1  -0.0283994663  -0.0022376955   0.0023255602   0.0683777548   0.0026465124
  4 2  -0.0039469664  -0.0244708235   0.0019285887  -0.0004881553  -0.0000612146
  4 3   0.0000534070   0.0000423261  -0.0000609446  -0.0000200170  -0.0000058054
  4 4  -0.0035467217   0.0117514259   0.0007795493  -0.0051079128  -0.0128827892
  4 5  -0.0020480289  -0.0000633890  -0.0001825556  -0.0002426814  -0.0001677255
  4 6   0.0001283655  -0.0001154517  -0.0001128778  -0.0000742950   0.0000893915
  4 7  -0.0002932900   0.0002046378  -0.0002413512   0.0000100591   0.0001321691
  4 8  -0.0000463365   0.0000432362  -0.0003644510  -0.0000529551   0.0000430366
  4 9   0.0000133372  -0.0000316758   0.0002238424  -0.0000451937   0.0001657251
  410  -0.0002835686  -0.0001370671  -0.0000602722   0.0001353882   0.0001390507
  411   0.0000005379   0.0000046514   0.0000344681   0.0000141693  -0.0000761670
  412   0.0000508819   0.0000348921  -0.0000178776   0.0000954757  -0.0003490017
  413   0.0000623372  -0.0000618317   0.0000665762  -0.0000600290   0.0000073968
  414  -0.0002175776   0.0001486325  -0.0002356350  -0.0002069116  -0.0000130944
  415  -0.0000467228   0.0001556160  -0.0019523993   0.0010589219  -0.0068765530
  416  -0.0037209496  -0.0021125751   0.0098177057  -0.0000663014   0.0002283552
  417   0.0001367888  -0.0002050714  -0.0000443675   0.0000290040  -0.0002123266
  418  -0.0000354809   0.0000253415  -0.0000610845  -0.0002575147   0.0002621883
  419   0.0001718731  -0.0002634337   0.0002415660  -0.0000025217   0.0002823059
  420  -0.0002664006  -0.0003309265  -0.0000630048   0.0001465146  -0.0000341495
  421   0.0001598934   0.0001608111   0.0003576633  -0.0003660160  -0.0000585024
  422  -0.0003896373  -0.0000242213   0.0000713766   0.0000944822   0.0000423844
  423  -0.0000289558  -0.0000209056   0.0001081852   0.0001626912  -0.0000854618
  424   0.0004942183  -0.0000871362   0.0001314879   0.0000126395   0.0001990755
  425  -0.0001921916  -0.0002074844  -0.0000964560   0.0004263260  -0.0000044281
  426   0.0000691615  -0.0000317170  -0.0000350106   0.0001220455  -0.0003166789
  427   0.0001596550  -0.0001169883   0.0002419383   0.0000389133  -0.0001190379
  428  -0.0000346573   0.0001659460   0.0002019866   0.0002625779   0.0000029918
  429   0.0000791548  -0.0003479480  -0.0000925836   0.0001908438   0.0002257923
  430  -0.0002141004   0.0000705137  -0.0001338418   0.0002431081  -0.0000901256
  431   0.0000167021  -0.0000668809   0.0000996288   0.0000729405  -0.0000177561
  432   0.0000967371  -0.0001019819  -0.0001675989  -0.0000172698   0.0002667186
  433   0.0001302364  -0.0000488924  -0.0004079682  -0.0001487883   0.0002552972
  434   0.0000663560  -0.0001014652   0.0000042749   0.0000680365  -0.0000171999
  435  -0.0000115764  -0.0001795206   0.0000315922  -0.0000462243  -0.0000513419
  436   0.0002500289   0.0001126042   0.0000550547  -0.0002736175  -0.0001779132
  437   0.0000507574   0.0000839541   0.0001242970   0.0000020151   0.0000295518
  438   0.0000065990   0.0000200268   0.0000144564   0.0000110648   0.0000111257
  439  -0.0000030942  -0.0000063747  -0.0000037619  -0.0000207092  -0.0000174808
  440   0.0000174620  -0.0000277385  -0.0001378818   0.0000009194  -0.0000057653
  441   0.0000026739   0.0000292140   0.0000347673   0.0000483969  -0.0000124289
  442  -0.0000055637  -0.0000271200   0.0000084697   0.0000059615  -0.0000010894
  443  -0.0000151383   0.0000020124  -0.0000074026  -0.0000156648   0.0000605160
  444   0.0000075748  -0.0000046816  -0.0000078638  -0.0000193090  -0.0000060599
  445   0.0000919833  -0.0000004986  -0.0000075820  -0.0000151115   0.0000201764
  446   0.0000306541  -0.0000111028  -0.0000321501  -0.0000048284  -0.0000116579
  447  -0.0000830594   0.0000072985  -0.0000079061  -0.0000228688
  5 1   0.0016317529   0.0001329711   0.0001030608   0.0026465124   0.0386020622
  5 2  -0.0030292230  -0.0013738759  -0.0004706521  -0.0003840931   0.0005388522
  5 3   0.0005114821  -0.0000673166   0.0001593330  -0.0003075356  -0.0000781972
  5 4   0.0119101287  -0.0173224335  -0.0015423756  -0.0128841213  -0.0197559432
  5 5  -0.0035973843  -0.0003988383   0.0003666740   0.0000410395  -0.0000068602
  5 6  -0.0002692380   0.0001412948   0.0001257823   0.0000514745  -0.0000407581
  5 7   0.0000367719  -0.0006623071  -0.0001418514  -0.0003380987  -0.0007680865
  5 8   0.0001430481   0.0002401334   0.0003189184  -0.0000714869  -0.0000930667
  5 9   0.0002298804   0.0001182275  -0.0000567028  -0.0003125141  -0.0002083940
  510   0.0002134774   0.0000969385  -0.0002165281  -0.0002715045   0.0000673111
  511  -0.0000186958   0.0003763156   0.0000008359   0.0000460368  -0.0001823368
  512  -0.0001026170   0.0000964986   0.0000373742  -0.0000676547  -0.0002522316
  513  -0.0000389291   0.0001976365  -0.0001421098   0.0002026318   0.0001477741
  514   0.0000157094  -0.0002978046   0.0001270775  -0.0000286939  -0.0003594646
  515  -0.0001848081  -0.0000440516   0.0022407091   0.0004811387   0.0025003917
  516  -0.0033544775  -0.0000702469   0.0051506270  -0.0000387575   0.0000317318
  517  -0.0000970234   0.0001583561  -0.0002431528   0.0001418882  -0.0002139376
  518  -0.0009098884   0.0002980948  -0.0004615739  -0.0001968171   0.0002918632
  519  -0.0000895108   0.0001943502  -0.0001213653  -0.0001115255  -0.0003620826
  520   0.0003650482  -0.0003454947   0.0001005360  -0.0001016703   0.0002080826
  521  -0.0000847395  -0.0000290502  -0.0002554841  -0.0000416945   0.0002202022
  522   0.0003548596   0.0004403941   0.0001805743   0.0001125531   0.0004184674
  523   0.0000988955  -0.0005597129  -0.0000511000   0.0002561624   0.0003757750
  524  -0.0001341862   0.0002050390   0.0002434662  -0.0000745669  -0.0002844101
  525   0.0000636943   0.0000679239   0.0001340352  -0.0001869494   0.0001215683
  526   0.0001379054  -0.0000721972  -0.0001989242   0.0000550939   0.0000372016
  527  -0.0001361851  -0.0000117376   0.0000093565  -0.0001167542  -0.0000401187
  528  -0.0000496640  -0.0000511316   0.0000012891   0.0000587528  -0.0000039930
  529   0.0000899261   0.0000392483  -0.0000623984  -0.0000093737  -0.0000594474
  530   0.0001172242  -0.0000404972  -0.0002250648  -0.0000261790  -0.0001085169
  531   0.0002610271   0.0000502817   0.0000708934  -0.0001742100   0.0000152932
  532   0.0000425707   0.0000820134   0.0000718106  -0.0000777772   0.0000424258
  533  -0.0001337747  -0.0000858980   0.0001358969  -0.0000783286   0.0000347333
  534  -0.0001246609   0.0001516224   0.0000269056  -0.0000882252   0.0001521339
  535  -0.0000479903  -0.0000868841  -0.0000585917   0.0000031509   0.0001698369
  536  -0.0000830630   0.0000041965  -0.0000570078   0.0001403601   0.0000138878
  537  -0.0000190337   0.0000279998  -0.0001185091   0.0000051292   0.0000192535
  538   0.0000419648  -0.0000188597  -0.0000135122  -0.0000140345  -0.0000025213
  539  -0.0000020943   0.0000090003   0.0000106892   0.0000271402  -0.0000549707
  540   0.0000534434   0.0000397219  -0.0001273781  -0.0000064523   0.0000028624
  541   0.0000060138   0.0000300579  -0.0000229943   0.0000412387  -0.0000521220
  542  -0.0000110614   0.0000457270   0.0000114377  -0.0000007399  -0.0000026388
  543   0.0000098870   0.0000007987   0.0000142609   0.0000216254  -0.0000311614
  544  -0.0000316073   0.0000089685   0.0000096895   0.0000225368  -0.0000062681
  545  -0.0000711513  -0.0000880858   0.0000105962   0.0000094730   0.0000157607
  546   0.0000376414   0.0000001966   0.0000490310   0.0000531484  -0.0000477280
  547   0.0001048372  -0.0000032990  -0.0000009772  -0.0000226167
  6 1  -0.0006876747   0.0002565478   0.0010954586  -0.0039469664  -0.0030292230
  6 2   0.0180910879   0.0013398442  -0.0004480554  -0.0002377919  -0.0001197661
  6 3  -0.0001156540   0.0002383496   0.0000986297  -0.0001973738  -0.0000121109
  6 4  -0.0009721335   0.0007573670   0.0021129149  -0.0010075619  -0.0012064427
  6 5   0.0007560169   0.0003430584  -0.0000785549   0.0000741909  -0.0001648618
  6 6  -0.0000395844  -0.0001221759   0.0001818274  -0.0000404815   0.0001413231
  6 7   0.0001093770   0.0004111159   0.0000216007  -0.0002415244  -0.0000528129
  6 8  -0.0001441475   0.0001948080  -0.0001950684   0.0000192632   0.0001006446
  6 9   0.0001524221  -0.0001861306   0.0004650278   0.0001471922   0.0003057010
  610  -0.0005853160  -0.0001588231   0.0000567356   0.0000072968   0.0001420048
  611   0.0001190764   0.0000061997   0.0000673133  -0.0001183583  -0.0000212825
  612  -0.0002163337   0.0000733172   0.0001511584  -0.0005355512   0.0003039025
  613  -0.0001029855  -0.0000893278   0.0000731030   0.0001229550  -0.0002415623
  614  -0.0002828710  -0.0002997171  -0.0001860804  -0.0005003441   0.0002087161
  615  -0.0000189535  -0.0003681790  -0.0044714515  -0.0002755143  -0.0067877594
  616   0.0090863702   0.0024279521  -0.0148312968   0.0003326145   0.0001717793
  617  -0.0001180337  -0.0001828744   0.0000655679   0.0000776936   0.0004944894
  618   0.0010911729  -0.0001751322   0.0001204355   0.0003958054  -0.0001373910
  619   0.0001009956  -0.0002799461   0.0001361918  -0.0002883635   0.0001850324
  620   0.0001770640   0.0000871842  -0.0000653463   0.0003381746   0.0000698938
  621   0.0001216461  -0.0001297030   0.0001354932   0.0001299357  -0.0000282032
  622  -0.0002573956  -0.0002212401   0.0001045958  -0.0000472898  -0.0000070430
  623  -0.0000369148   0.0007146171   0.0004235948  -0.0001816841  -0.0008345185
  624   0.0004856879  -0.0000331085  -0.0001448530   0.0003066699   0.0004179278
  625   0.0000954061   0.0000612772   0.0000598195  -0.0000327171  -0.0002035076
  626  -0.0002136687   0.0001047983   0.0003218184  -0.0001105326   0.0000754227
  627   0.0003029042   0.0001192308  -0.0002666388  -0.0000457350   0.0000684415
  628   0.0000938749  -0.0003153327  -0.0000651671  -0.0002724432   0.0001282970
  629  -0.0001334086   0.0001827910   0.0001872812   0.0002045628   0.0000126646
  630  -0.0001529965  -0.0002213118   0.0005966727  -0.0001335551   0.0003646875
  631  -0.0006949429  -0.0003421476  -0.0002215746   0.0002297993  -0.0000899673
  632  -0.0001694748  -0.0000440334  -0.0000235146   0.0001088347   0.0000211768
  633   0.0000887363   0.0001389803  -0.0000576710   0.0001017821  -0.0000926070
  634   0.0001196627  -0.0001175057  -0.0000046407   0.0000483499  -0.0001257743
  635   0.0000431734   0.0001090592   0.0000619698   0.0000037556  -0.0000730541
  636   0.0000967728  -0.0003665693  -0.0000509607   0.0002423105   0.0000188514
  637  -0.0001082765  -0.0000296355  -0.0000898541  -0.0000104042  -0.0000078502
  638   0.0000102559   0.0000000368  -0.0000161665  -0.0000201649  -0.0000036861
  639  -0.0000055111   0.0000002206  -0.0000127356  -0.0000423951   0.0000794618
  640  -0.0000420502  -0.0000555202   0.0001710361  -0.0000299167   0.0000150113
  641  -0.0000035082   0.0000824854  -0.0000194706   0.0000255531  -0.0000352295
  642   0.0000023468   0.0000670102  -0.0000047775  -0.0000038310   0.0000002536
  643  -0.0000004863  -0.0000020858  -0.0000162086  -0.0000470381   0.0000186634
  644   0.0000307687  -0.0000188815  -0.0000169307  -0.0000443551  -0.0000016079
  645   0.0000482547   0.0000484581   0.0000003137  -0.0000275356  -0.0000103066
  646  -0.0000292630   0.0000030897  -0.0000151833  -0.0000351328   0.0000498174
  647  -0.0000802679   0.0000043328   0.0000068006   0.0000130954
  7 1  -0.0000105060  -0.0003849110   0.0000287370  -0.0244708235  -0.0013738759
  7 2   0.0013398442   0.0625045976   0.0009055861  -0.0020934038  -0.0216599341
  7 3   0.0021228956  -0.0011223494   0.0002125163  -0.0000055232  -0.0000571474
  7 4  -0.0002008771  -0.0000345060  -0.0000586680  -0.0041753066   0.0089486544
  7 5   0.0016274450  -0.0039099992  -0.0091319460  -0.0008481276  -0.0001232740
  7 6  -0.0001449363   0.0004511859  -0.0001865921  -0.0004790324  -0.0001068261
  7 7   0.0003873298   0.0005934452  -0.0006411409  -0.0000330055  -0.0000509767
  7 8  -0.0000961561  -0.0000578551  -0.0000305620   0.0000991154  -0.0004572860
  7 9  -0.0000460279   0.0002582992  -0.0001432130   0.0002219170  -0.0002420419
  710  -0.0001058135  -0.0002951555  -0.0005511838   0.0000893431   0.0003191221
  711  -0.0001108659   0.0002425152   0.0005043086   0.0001501318  -0.0001843856
  712  -0.0000278429   0.0000826250   0.0007106801   0.0001560464  -0.0006904291
  713  -0.0003511509  -0.0001679528  -0.0000436205   0.0004668627   0.0001244589
  714  -0.0000381196  -0.0003591193  -0.0001458195   0.0003880695  -0.0006806411
  715  -0.0007198741  -0.0000504225  -0.0000916244   0.0002704718   0.0001697069
  716  -0.0031811531   0.0016458600  -0.0074238189  -0.0038909868  -0.0023059193
  717   0.0080334561   0.0001450114  -0.0003475380   0.0000916599   0.0001182890
  718   0.0001243248   0.0000909976   0.0002033469   0.0002664629  -0.0000530221
  719  -0.0003922712   0.0000263986   0.0000575746  -0.0001667397  -0.0007393458
  720   0.0003903217  -0.0008660942   0.0003885000   0.0001255636  -0.0001324685
  721  -0.0000363322   0.0000148214  -0.0005213365   0.0002353383   0.0000911981
  722   0.0006721350   0.0007540707   0.0001086506  -0.0001403043   0.0000146993
  723   0.0002957606  -0.0003608439  -0.0001568458   0.0003926621   0.0003626305
  724  -0.0005451132   0.0003120461   0.0007875538  -0.0003699875  -0.0002858343
  725   0.0000089354   0.0000400650   0.0000142222   0.0000585448   0.0000164166
  726   0.0002063092  -0.0000381151  -0.0000969451   0.0000320769  -0.0001023709
  727   0.0000939532  -0.0001145480   0.0001560834  -0.0000870346   0.0000686380
  728  -0.0001620616   0.0001538652   0.0001607663  -0.0000304902  -0.0000967063
  729   0.0000812956   0.0001055730   0.0000900241  -0.0001242959  -0.0000503048
  730  -0.0001110845  -0.0001436563  -0.0000748186  -0.0000038881  -0.0001096468
  731   0.0001552549   0.0001495363   0.0002255291  -0.0000932439   0.0000757658
  732   0.0000255549   0.0000247403   0.0000146525  -0.0000358475  -0.0000144827
  733  -0.0000481329  -0.0000853789   0.0000213106  -0.0000076035  -0.0000240491
  734  -0.0000340579   0.0000390812  -0.0000215408   0.0000055531   0.0000763522
  735   0.0000515899  -0.0000833974  -0.0000153653  -0.0000688637   0.0000390706
  736  -0.0001840638   0.0001433199  -0.0000204087   0.0000028996  -0.0001153380
  737   0.0000412744  -0.0000090409  -0.0000313458   0.0000005758  -0.0000036237
  738  -0.0000145425   0.0000061654  -0.0000018648   0.0000000040   0.0000068100
  739   0.0000076974  -0.0000018109  -0.0000081204   0.0000026743  -0.0000384308
  740   0.0000158709  -0.0000145790  -0.0001225551   0.0000103667  -0.0000111417
  741  -0.0000436776  -0.0000904591  -0.0000368384  -0.0000385002  -0.0000060186
  742  -0.0000305915  -0.0000114285   0.0000133101   0.0000134959   0.0000072073
  743   0.0000016361  -0.0000176024   0.0000111147   0.0000281510  -0.0000171970
  744  -0.0000175204   0.0000110413   0.0000075811   0.0000123839   0.0000071713
  745  -0.0000248951   0.0000225728   0.0000049130  -0.0000102455   0.0000219776
  746   0.0000214668  -0.0000095923   0.0000177665  -0.0000054475  -0.0000368706
  747  -0.0000167010   0.0000207726   0.0000083096  -0.0000093455
  8 1  -0.0001152709   0.0004746162  -0.0003226457   0.0019285887  -0.0004706521
  8 2  -0.0004480554   0.0009055861   0.0336299465  -0.0047486943  -0.0008253382
  8 3  -0.0008349339  -0.0002766677   0.0001201226   0.0003122906  -0.0000394093
  8 4  -0.0000828194  -0.0002331723  -0.0000091441   0.0091561610  -0.0137388930
  8 5  -0.0026534669  -0.0102124249  -0.0164752388  -0.0013949226  -0.0002537739
  8 6  -0.0000467607  -0.0000792482   0.0001192274  -0.0000427264   0.0000289473
  8 7   0.0002568548  -0.0001174125   0.0000487880  -0.0004042019  -0.0005890356
  8 8   0.0001814954   0.0002208579  -0.0002701937   0.0001814578   0.0000480621
  8 9   0.0001133952   0.0000937329   0.0000869560  -0.0002387797  -0.0000492227
  810  -0.0001468346  -0.0000154004   0.0001150715  -0.0002053707  -0.0000974347
  811  -0.0000452908   0.0000430609  -0.0001252865  -0.0000345491  -0.0000181450
  812  -0.0000318618   0.0001423095  -0.0001274533  -0.0003722445   0.0002248534
  813   0.0003977991  -0.0000855002   0.0000729680   0.0001127792   0.0003624361
  814  -0.0000666849  -0.0002452857   0.0002168779  -0.0000403674  -0.0002746734
  815   0.0000371299  -0.0000544205  -0.0002125991  -0.0001032108   0.0001293673
  816   0.0026593900  -0.0003847049   0.0044777306  -0.0028436616  -0.0003167277
  817   0.0049594379  -0.0000269336   0.0003021995   0.0000634231   0.0002898080
  818  -0.0001115316  -0.0000137881  -0.0002738255  -0.0005823346   0.0005626352
  819  -0.0000748240  -0.0002869281   0.0000502396  -0.0000995525  -0.0003693107
  820   0.0000676888   0.0000155696  -0.0001086238   0.0000708878   0.0002222420
  821   0.0001764597  -0.0002965046  -0.0002364526   0.0000761659   0.0001357598
  822   0.0001817477   0.0001019219   0.0000378749   0.0001958747   0.0001170149
  823  -0.0002240829  -0.0000111094   0.0002616496  -0.0001718619  -0.0002458230
  824   0.0000252393  -0.0001058096  -0.0001752796   0.0000674057  -0.0002239861
  825   0.0000328062   0.0000665862  -0.0000132604   0.0000176882  -0.0000022520
  826  -0.0000302861  -0.0000086282   0.0000196982   0.0000407004  -0.0000461396
  827  -0.0000643310   0.0000876169   0.0000764548  -0.0000515070  -0.0000993677
  828  -0.0000426458  -0.0000551421   0.0001771045  -0.0000691895   0.0000934445
  829  -0.0000828297   0.0001890825  -0.0000388213  -0.0002867335  -0.0001432877
  830   0.0000252019  -0.0001373022   0.0004091521   0.0001306361   0.0001982645
  831  -0.0003751453  -0.0002665445   0.0000160512   0.0001044057  -0.0000368834
  832  -0.0000654320  -0.0000175037  -0.0000778569  -0.0000218655   0.0001063302
  833   0.0000137019  -0.0001995523   0.0000825902   0.0000395190   0.0002653284
  834  -0.0000542031   0.0000996482   0.0000139849   0.0000077161  -0.0001101839
  835   0.0000195225  -0.0001119040   0.0000159838   0.0000064323   0.0001362831
  836   0.0001041041  -0.0000801612  -0.0000941483   0.0000044683  -0.0000006694
  837  -0.0000095263  -0.0000203900  -0.0000401915   0.0000026427  -0.0000082999
  838  -0.0000165017  -0.0000054083   0.0000063044   0.0000077941   0.0000003704
  839  -0.0000044491  -0.0000016362  -0.0000073588  -0.0000140279  -0.0000009138
  840   0.0000171913   0.0000328738  -0.0000149046  -0.0000060658   0.0000110843
  841   0.0000145697   0.0000192623  -0.0001468199   0.0000265097  -0.0000004341
  842   0.0000173307   0.0000352378  -0.0000135324   0.0000042861   0.0000097134
  843  -0.0000006053   0.0000075790   0.0000063433  -0.0000010520  -0.0000102764
  844  -0.0000328463   0.0000010153   0.0000073112   0.0000108349  -0.0000136858
  845  -0.0000498736  -0.0000795027   0.0000052979  -0.0000006193   0.0000026506
  846  -0.0000090564   0.0000111874  -0.0000239445  -0.0000277311   0.0000191871
  847  -0.0000576994  -0.0000000724   0.0000022923   0.0000010958
  9 1   0.0000104505   0.0000137893   0.0000894136  -0.0004881553  -0.0003840931
  9 2  -0.0002377919  -0.0020934038  -0.0047486943   0.0227669001   0.0014597023
  9 3  -0.0003430554  -0.0009320900  -0.0000406243  -0.0000653087   0.0003925952
  9 4  -0.0000780036  -0.0000512931  -0.0000046641   0.0004817112  -0.0008232419
  9 5   0.0003673020   0.0003338420   0.0007089555   0.0009613464   0.0000813506
  9 6   0.0000709725   0.0001843048   0.0000408311  -0.0000842432  -0.0001301545
  9 7  -0.0000333043  -0.0000528364  -0.0001942749  -0.0001246298   0.0000168195
  9 8  -0.0002072633   0.0001591092  -0.0001287966   0.0000831924   0.0000092025
  9 9  -0.0000293490  -0.0002092273   0.0000562024   0.0002517379   0.0001455291
  910   0.0003005372   0.0003976520  -0.0002319934   0.0000882198   0.0001521217
  911   0.0000059688  -0.0000018007   0.0001898825  -0.0000612408  -0.0000810252
  912  -0.0000599895   0.0001725439   0.0000397715  -0.0001541761  -0.0000142617
  913  -0.0005264231  -0.0002843268   0.0002312811   0.0002119779  -0.0000182514
  914  -0.0001093315  -0.0002013544  -0.0001445903  -0.0000739159  -0.0000037077
  915  -0.0001393304  -0.0002200861  -0.0001436345   0.0003896437  -0.0002289621
  916  -0.0071982309   0.0017652585  -0.0098372611   0.0078264479   0.0022981042
  917  -0.0120751050  -0.0000215227   0.0002441771  -0.0001597387  -0.0004813085
  918   0.0001253628  -0.0002730600   0.0000533927   0.0009809410  -0.0002778054
  919   0.0001744882   0.0000254152  -0.0001079552   0.0000036711   0.0001217838
  920   0.0002108899  -0.0000894442   0.0000541187   0.0000635930  -0.0001414387
  921   0.0000288208  -0.0001221133   0.0002134895   0.0001515287   0.0000665854
  922  -0.0000450066  -0.0001712754  -0.0001429687  -0.0002717878  -0.0001838697
  923   0.0002152201   0.0003098616   0.0000013572   0.0002136253   0.0000094839
  924   0.0001122066   0.0000361808   0.0001709288   0.0001389376  -0.0000294707
  925   0.0001103508   0.0001629568   0.0001814761   0.0001250488  -0.0005205858
  926  -0.0001513230   0.0001145037   0.0005176965  -0.0003375735  -0.0002758062
  927  -0.0000127871   0.0000198226   0.0001646658  -0.0001009032  -0.0000444232
  928   0.0000879865   0.0003422504   0.0003871750  -0.0003547889  -0.0001479899
  929   0.0000268436   0.0003692334  -0.0002062021  -0.0001049932  -0.0001324596
  930  -0.0000981219  -0.0003216827   0.0006954193   0.0003017879   0.0000678837
  931  -0.0007147003  -0.0001404026  -0.0000221573   0.0004190136  -0.0000996425
  932  -0.0001358863  -0.0001970787  -0.0002607051   0.0000807774   0.0002764936
  933   0.0003280553  -0.0000612078  -0.0003844430  -0.0000017595   0.0000100598
  934   0.0002065717  -0.0002179197  -0.0000779787   0.0000366384  -0.0000788452
  935   0.0001480406  -0.0001554750   0.0000651224  -0.0000610074   0.0000966824
  936   0.0001017941   0.0000321620  -0.0002025498  -0.0002554911  -0.0000571322
  937   0.0000064831  -0.0000729259  -0.0002068871   0.0000054114  -0.0000160757
  938  -0.0000283854   0.0000010462   0.0000002087  -0.0000054578   0.0000067746
  939  -0.0000007760  -0.0000043470  -0.0000381568  -0.0000140171   0.0000582352
  940  -0.0000850023  -0.0000386906   0.0003789721   0.0000100344   0.0000049246
  941  -0.0000389650  -0.0000536918   0.0000092856  -0.0000877829  -0.0000257265
  942   0.0000560233   0.0000732330   0.0000048065  -0.0000015509   0.0000165100
  943  -0.0000187798  -0.0000047726  -0.0000196086  -0.0000274540   0.0000353303
  944   0.0000363764  -0.0000276272  -0.0000123043  -0.0000254245   0.0000125331
  945   0.0000627954   0.0001327615  -0.0000065122  -0.0000197267  -0.0000184757
  946  -0.0000155084  -0.0000340900  -0.0000078489  -0.0000286886  -0.0000079797
  947  -0.0001673973   0.0000248858   0.0000031683   0.0000098801
 10 1  -0.0003556402   0.0005204517  -0.0002901376  -0.0000612146   0.0005388522
 10 2  -0.0001197661  -0.0216599341  -0.0008253382   0.0014597023   0.0545773161
 10 3  -0.0023549221   0.0016940256  -0.0165092636   0.0026206768  -0.0010061076
 10 4  -0.0002545220  -0.0000126378   0.0000019875  -0.0004586952  -0.0001826293
 10 5   0.0001421428  -0.0049925380   0.0102933217   0.0010683645  -0.0045080839
 10 6  -0.0103981205  -0.0015596829  -0.0000565293  -0.0001166595   0.0000044250
 10 7  -0.0002010498  -0.0005015110   0.0009318993   0.0000764530   0.0000159382
 10 8   0.0003647620   0.0001616765   0.0004930065  -0.0002321921   0.0006300516
 10 9   0.0001800386   0.0000150848  -0.0001487972  -0.0004685914   0.0000242176
 1010   0.0000374304   0.0001808128   0.0008549674  -0.0001944912  -0.0005771359
 1011   0.0001498545  -0.0002660617  -0.0005595872   0.0002756902   0.0001561371
 1012   0.0001701472  -0.0004267340  -0.0005923130  -0.0001450478   0.0006991133
 1013   0.0004614048  -0.0000792568  -0.0001330447  -0.0003350701  -0.0001117913
 1014   0.0003298156   0.0005368145   0.0005698492  -0.0001939658   0.0005565587
 1015   0.0013332314   0.0001537324  -0.0003117432  -0.0002014537   0.0000815009
 1016  -0.0002625667  -0.0000617725  -0.0002105783  -0.0033010040   0.0022459855
 1017  -0.0084964727  -0.0025627494  -0.0011342481   0.0070504958  -0.0000750189
 1018   0.0001615315  -0.0002635376  -0.0003923130  -0.0000447730  -0.0003047112
 1019   0.0007429117   0.0002351715  -0.0003190728  -0.0003586408  -0.0003060259
 1020   0.0000208766   0.0010079790  -0.0001756373  -0.0005781067   0.0004514941
 1021   0.0000125549  -0.0004205212  -0.0003814285  -0.0003106182  -0.0003487401
 1022  -0.0002571967  -0.0004071325   0.0000893972   0.0000123714  -0.0002723518
 1023  -0.0005705585   0.0000714604  -0.0002877853  -0.0005182424   0.0000197722
 1024  -0.0001049888  -0.0000682555  -0.0010193140  -0.0001608470   0.0004447296
 1025   0.0000097474  -0.0000131977   0.0000521366   0.0000777183  -0.0001513961
 1026  -0.0001753885   0.0000442107   0.0002047221  -0.0000025164  -0.0001058306
 1027   0.0000632005  -0.0000059721   0.0001255979   0.0000250954   0.0000762333
 1028  -0.0001564505  -0.0001020051  -0.0001241290  -0.0000111283   0.0000252145
 1029   0.0000126506  -0.0000194641  -0.0001184973   0.0000453320   0.0000250386
 1030  -0.0000157438   0.0000142015  -0.0000291073   0.0000145465   0.0001660106
 1031  -0.0001173573  -0.0002209416  -0.0003169630   0.0000416807   0.0000092542
 1032  -0.0001206893   0.0000842983   0.0000220540   0.0000705167  -0.0000965815
 1033  -0.0000332691   0.0000252811   0.0001085809   0.0001680458   0.0001255864
 1034   0.0000382034   0.0000200424   0.0000345512   0.0000875477  -0.0002541157
 1035   0.0000201821   0.0001007610  -0.0000175288   0.0000947721  -0.0001520433
 1036   0.0003818231  -0.0002056402   0.0001301474   0.0001361452   0.0004876237
 1037  -0.0000137589   0.0000078562  -0.0000080861   0.0000002137  -0.0000033396
 1038  -0.0000002536   0.0000076718  -0.0000000926  -0.0000143734  -0.0000145825
 1039  -0.0000061245   0.0000189595  -0.0000127526  -0.0000269958   0.0000783698
 1040  -0.0000072001  -0.0000258900   0.0001553706  -0.0000130793  -0.0000200231
 1041   0.0000047704   0.0000445493   0.0000042265  -0.0000815057   0.0000189668
 1042   0.0000020453  -0.0000021948   0.0000335389  -0.0000140403   0.0000686023
 1043   0.0000015644   0.0000192039  -0.0000197413  -0.0000254536   0.0000205869
 1044   0.0000014912  -0.0000046869   0.0000028461  -0.0000000142  -0.0000406706
 1045   0.0000080272  -0.0000820516  -0.0000123100   0.0000023977  -0.0000213687
 1046  -0.0000454391   0.0000320080  -0.0000775236  -0.0000602924   0.0001115306
 1047  -0.0001044506  -0.0000255009  -0.0000283782   0.0000138632
 11 1  -0.0000976382   0.0001369971  -0.0001652700   0.0000534070   0.0005114821
 11 2  -0.0001156540   0.0021228956  -0.0008349339  -0.0003430554  -0.0023549221
 11 3   0.0348254201  -0.0066287607  -0.0013878788  -0.0001275986  -0.0002961684
 11 4  -0.0001087862  -0.0000226699  -0.0000496179   0.0001879768  -0.0002694990
 11 5  -0.0001202765   0.0110814912  -0.0169278815  -0.0014528648  -0.0105498635
 11 6  -0.0151635049  -0.0011872565  -0.0000741734  -0.0003682421  -0.0001039432
 11 7  -0.0002453942   0.0000802168   0.0002713343   0.0001687512   0.0001048613
 11 8   0.0002543331   0.0002154411  -0.0006072001   0.0002222477  -0.0002860982
 11 9  -0.0001820552   0.0000739842   0.0002231172   0.0001619398   0.0001281937
 1110   0.0000943705  -0.0002024988   0.0003000293  -0.0002669196  -0.0002302182
 1111   0.0000136343   0.0001025299  -0.0001368477  -0.0001595059  -0.0001132301
 1112  -0.0001617713   0.0001659153  -0.0001711009  -0.0000408577   0.0004830147
 1113   0.0004737089   0.0000180196  -0.0000223966  -0.0002279919   0.0003716904
 1114  -0.0000657466  -0.0003123872  -0.0000028751  -0.0000983176   0.0004259763
 1115  -0.0000841271  -0.0000771689  -0.0001526029  -0.0001342296   0.0000724031
 1116   0.0001049150   0.0000540797   0.0000411089   0.0033172520  -0.0002196950
 1117   0.0056310383  -0.0025547953   0.0000835015   0.0041693155  -0.0000521877
 1118  -0.0000789192   0.0000454465   0.0002464741  -0.0005119377  -0.0000555901
 1119   0.0000292582  -0.0006343329   0.0003610984  -0.0002084307  -0.0001163193
 1120  -0.0001262916   0.0005600833  -0.0003450155   0.0002787393   0.0001158925
 1121   0.0001911834  -0.0001620329   0.0001360337  -0.0000846537  -0.0001472575
 1122  -0.0003796456  -0.0003253653  -0.0001095747   0.0001546670   0.0003010729
 1123  -0.0002923135   0.0000386315   0.0003098539  -0.0002296640  -0.0002390351
 1124   0.0002434392  -0.0001627826  -0.0003059866   0.0003803469  -0.0001298066
 1125   0.0001214637   0.0001528687   0.0000484659  -0.0000907589  -0.0000165558
 1126   0.0000533099   0.0000327967   0.0000866355  -0.0000054108  -0.0001846614
 1127  -0.0002989533  -0.0000644443   0.0001669036   0.0000789603  -0.0001686707
 1128  -0.0000018296  -0.0000161500  -0.0000433226   0.0000796538  -0.0001033624
 1129  -0.0000825763   0.0001775271   0.0000396569  -0.0000640506  -0.0001754708
 1130   0.0001101071   0.0000080736   0.0001751219  -0.0000483146   0.0004356064
 1131  -0.0002902819  -0.0000678825  -0.0002998853   0.0001226212  -0.0000042639
 1132  -0.0000781093   0.0000092611   0.0000807265   0.0001124131  -0.0001908112
 1133   0.0000082978  -0.0000314749   0.0002812191   0.0002580624   0.0001550283
 1134  -0.0000593788   0.0000625913  -0.0000177439   0.0000407835  -0.0002903969
 1135   0.0000883397   0.0000727295  -0.0000308075   0.0000597299   0.0000957563
 1136  -0.0000618593  -0.0002053352  -0.0000692993   0.0002516055   0.0001064864
 1137   0.0000035571  -0.0000846037  -0.0001069426   0.0000129063  -0.0000252500
 1138  -0.0000329678   0.0000001017   0.0000012826  -0.0000058200  -0.0000030944
 1139   0.0000010451   0.0000019726  -0.0000144704  -0.0000114403   0.0000220801
 1140   0.0000076314   0.0000033157   0.0000496483   0.0000043779   0.0000006967
 1141   0.0000067647   0.0000206151  -0.0000265367   0.0000309297  -0.0000095868
 1142   0.0000057681   0.0000075446  -0.0000539496  -0.0000122087  -0.0000200426
 1143   0.0000105918  -0.0000148657  -0.0000057210  -0.0000009780  -0.0000269948
 1144  -0.0000154225   0.0000019524  -0.0000034918  -0.0000036545   0.0000267294
 1145  -0.0000452770   0.0000010049   0.0000093402   0.0000005080  -0.0000021239
 1146  -0.0000353716   0.0000196944  -0.0000341380  -0.0000659917   0.0000497284
 1147  -0.0001396519   0.0000084890   0.0000168085   0.0000295906
 12 1  -0.0000144501  -0.0000519875   0.0000069484   0.0000423261  -0.0000673166
 12 2   0.0002383496  -0.0011223494  -0.0002766677  -0.0009320900   0.0016940256
 12 3  -0.0066287607   0.0219672808   0.0013537069  -0.0000370977  -0.0001074765
 12 4  -0.0001224351   0.0000711635   0.0001026552  -0.0000596544  -0.0001782276
 12 5   0.0002413626  -0.0003870218   0.0009019695   0.0008041958   0.0006517324
 12 6   0.0012167406   0.0012697570   0.0002405900  -0.0002567472   0.0000884561
 12 7   0.0000115912  -0.0003874949  -0.0004283825   0.0000203302   0.0002820741
 12 8  -0.0000633541   0.0001490648  -0.0002959078   0.0001261439  -0.0002315677
 12 9  -0.0000919360   0.0002177050  -0.0000159562   0.0001053736   0.0000384398
 1210   0.0006710854   0.0005773926   0.0000690700   0.0000933507   0.0000866854
 1211   0.0001751589  -0.0002786064   0.0000786767  -0.0000693081   0.0000400532
 1212   0.0000127587   0.0000878284   0.0000537129   0.0001821860  -0.0003961251
 1213  -0.0007454653  -0.0003962918   0.0001570267   0.0002573778  -0.0001527251
 1214  -0.0002241564  -0.0000943626  -0.0001295687   0.0001646072  -0.0001164711
 1215  -0.0003276558   0.0000390264   0.0001588078   0.0000019138   0.0001024130
 1216  -0.0002799733   0.0001351097  -0.0000816163  -0.0089658743   0.0025472452
 1217  -0.0127881132   0.0070256098   0.0016654152  -0.0098599243   0.0002097857
 1218   0.0001444781   0.0000389805  -0.0003065466   0.0003866533  -0.0005059761
 1219  -0.0002551083   0.0009911783   0.0000566018   0.0003388607   0.0001897401
 1220   0.0000020642  -0.0005310518   0.0002727364  -0.0004420332  -0.0000337479
 1221  -0.0000867264  -0.0003372797  -0.0002875662   0.0001941936  -0.0001693218
 1222   0.0004581602   0.0003809212  -0.0000533353  -0.0004685699  -0.0003037171
 1223   0.0001984849   0.0002210329  -0.0002505474   0.0002962488   0.0001375965
 1224  -0.0002509149  -0.0000396037   0.0005682769  -0.0002812684  -0.0002385026
 1225  -0.0000004732   0.0000354713   0.0001167957   0.0003215527  -0.0004071116
 1226   0.0000364392   0.0000088962   0.0002969713  -0.0001732840  -0.0003843149
 1227   0.0000909686  -0.0002433216   0.0004563106  -0.0000706060   0.0000484461
 1228  -0.0002113868   0.0003084067   0.0005609099  -0.0000011866  -0.0000450141
 1229   0.0000039547   0.0001022349   0.0000856847   0.0001106916  -0.0000145643
 1230  -0.0002714813  -0.0002176288   0.0003162380   0.0002604670   0.0002421699
 1231  -0.0005715071  -0.0001671267  -0.0001031631   0.0003181269  -0.0000564409
 1232  -0.0002145117  -0.0001225509  -0.0001379682   0.0000980402   0.0002014826
 1233   0.0002084972  -0.0000837876  -0.0001778694   0.0000609660   0.0001601342
 1234   0.0000750799  -0.0000601258  -0.0000232434   0.0000505505  -0.0001846591
 1235   0.0001457038  -0.0000949203   0.0000067635  -0.0000970751  -0.0000304397
 1236   0.0002867066  -0.0000581306  -0.0002234462  -0.0002414714   0.0000103175
 1237   0.0000475826  -0.0000035539  -0.0001100691  -0.0000011424   0.0000097388
 1238  -0.0000137521   0.0000051464   0.0000020610   0.0000034277  -0.0000009960
 1239  -0.0000116511   0.0000178880  -0.0000203031  -0.0000024914   0.0000017650
 1240   0.0000141988  -0.0000182497   0.0001885204  -0.0000075765  -0.0000147897
 1241  -0.0000776487  -0.0000389120  -0.0000028641   0.0000945643  -0.0000121148
 1242   0.0000067026   0.0000041424  -0.0000398322   0.0000116508   0.0000288999
 1243   0.0000048580  -0.0000017942  -0.0000248601  -0.0000106085   0.0000232572
 1244   0.0000117431  -0.0000161439  -0.0000051880  -0.0000113225   0.0000265120
 1245   0.0000019127   0.0000392165  -0.0000044861  -0.0000100684  -0.0000028084
 1246  -0.0000139112  -0.0000155529  -0.0000221294  -0.0000361797   0.0000436535
 1247  -0.0002040864   0.0000057968   0.0000152829   0.0000048461
 13 1  -0.0000724805   0.0000304303  -0.0002539958  -0.0000609446   0.0001593330
 13 2   0.0000986297   0.0002125163   0.0001201226  -0.0000406243  -0.0165092636
 13 3  -0.0013878788   0.0013537069   0.0360230067  -0.0066178216   0.0128327749
 13 4   0.0001809596  -0.0001169429   0.0000168162  -0.0001932868  -0.0000927534
 13 5   0.0000728158  -0.0005937747  -0.0000298701   0.0000219595  -0.0053700359
 13 6   0.0126521347   0.0014614397  -0.0060050255  -0.0087160424  -0.0009058412
 13 7  -0.0000834425  -0.0000162013  -0.0003484352   0.0002222090  -0.0000169248
 13 8  -0.0002421988  -0.0003633133   0.0002135334   0.0000755774  -0.0000514393
 13 9  -0.0008207707   0.0000482148   0.0001392639   0.0004330520   0.0002578884
 1310  -0.0000770363  -0.0001405716  -0.0005717000   0.0001501797  -0.0000441891
 1311  -0.0000958423  -0.0000864509  -0.0000047160  -0.0001119195   0.0001378854
 1312  -0.0000432241   0.0001064147   0.0000813890  -0.0002219490   0.0003159149
 1313   0.0001663997   0.0001933929  -0.0001374001  -0.0001126774   0.0000559400
 1314   0.0001198302  -0.0001383203  -0.0002974732   0.0000844762   0.0001085547
 1315  -0.0006245203  -0.0003493298  -0.0003226876   0.0000035342   0.0000715394
 1316  -0.0002111476   0.0000973831   0.0001613378  -0.0001993702  -0.0003655529
 1317  -0.0000996046  -0.0070848045   0.0033330363  -0.0143461671   0.0000174044
 1318  -0.0000845150   0.0001574769  -0.0001267780   0.0000380839   0.0003226357
 1319  -0.0000666234   0.0002318541  -0.0000744370   0.0000264721   0.0010418476
 1320   0.0002141426  -0.0001831202  -0.0001645363   0.0004503225  -0.0002323492
 1321   0.0002879847   0.0004897351   0.0004778555  -0.0001951231  -0.0000269636
 1322  -0.0003243004   0.0001682336  -0.0003942123   0.0000897449   0.0002730401
 1323   0.0001916512  -0.0001470831   0.0000914705   0.0001265622   0.0003875120
 1324   0.0002734765  -0.0002008621   0.0000021306   0.0006644714  -0.0004455047
 1325   0.0001385513   0.0001809443   0.0000496576  -0.0003909768  -0.0000094137
 1326  -0.0000001167   0.0000740048   0.0000180320  -0.0001961372   0.0002490153
 1327  -0.0001693828   0.0000165196  -0.0002975687   0.0000678362  -0.0000804522
 1328   0.0002313715  -0.0001139254   0.0001549298  -0.0001724566  -0.0000092140
 1329  -0.0000587277   0.0003122283   0.0000254871  -0.0000536333  -0.0002110218
 1330   0.0001126485  -0.0001425662   0.0003202006  -0.0001053038  -0.0001014200
 1331  -0.0002060441   0.0001596989   0.0000770323   0.0001233462   0.0001057966
 1332   0.0001943949  -0.0002053756  -0.0001200107  -0.0000135552   0.0000366938
 1333   0.0001809276  -0.0001932037   0.0001448922  -0.0000456711  -0.0001591239
 1334  -0.0000414328   0.0000185306   0.0000192258  -0.0001133828   0.0001972560
 1335  -0.0000309019  -0.0000177174  -0.0000468888  -0.0000825404   0.0001705458
 1336  -0.0003713406   0.0004063403  -0.0000525738  -0.0002135375  -0.0006523576
 1337   0.0000103849  -0.0001300365  -0.0001214104   0.0000081815  -0.0000356010
 1338  -0.0000365673  -0.0000092712   0.0000074108   0.0000129202   0.0000023667
 1339   0.0000238798  -0.0000119525  -0.0000000276   0.0000377903   0.0000028063
 1340  -0.0000334701   0.0000173110   0.0001435703   0.0000243712   0.0000166499
 1341   0.0000408904   0.0000190218  -0.0000001904   0.0000216472  -0.0000047058
 1342   0.0000119760   0.0000375259  -0.0000889311  -0.0000158579   0.0000182642
 1343   0.0000461804  -0.0000061250   0.0000781374   0.0000052451  -0.0000601829
 1344   0.0000127108  -0.0000065290  -0.0000090912  -0.0000180570   0.0000298922
 1345   0.0000037509   0.0000546416   0.0000043687  -0.0000014782  -0.0000402895
 1346  -0.0000244467  -0.0000245060   0.0000707792   0.0000682165  -0.0000826965
 1347   0.0001486909   0.0000491258   0.0000237490   0.0000255036
 14 1   0.0001253700  -0.0000014034   0.0000431726  -0.0000200170  -0.0003075356
 14 2  -0.0001973738  -0.0000055232   0.0003122906  -0.0000653087   0.0026206768
 14 3  -0.0001275986  -0.0000370977  -0.0066178216   0.0375342393  -0.0035604585
 14 4  -0.0001279063   0.0001309603   0.0000847109   0.0002187550   0.0002137088
 14 5   0.0000747014   0.0001921757  -0.0003414543  -0.0001419867   0.0126464664
 14 6  -0.0186487504  -0.0012419851  -0.0130408773  -0.0182024485  -0.0027077863
 14 7   0.0002282881  -0.0003975367  -0.0002126701  -0.0000494450  -0.0001131882
 14 8  -0.0001464731  -0.0000697597  -0.0000379418   0.0003648877   0.0003501623
 14 9  -0.0010492072  -0.0000447167  -0.0004215482   0.0000022230   0.0003184164
 1410   0.0004888240   0.0002765925  -0.0002993374   0.0000900394   0.0003687575
 1411   0.0000376950   0.0001634381  -0.0000656080  -0.0004085209  -0.0000038655
 1412  -0.0000362355   0.0002929408  -0.0002925697  -0.0006577885   0.0001958102
 1413  -0.0003934457   0.0001471378   0.0002910098  -0.0000971185  -0.0001898470
 1414  -0.0001764050  -0.0000910918  -0.0004494514  -0.0002637346  -0.0000777928
 1415  -0.0003277551  -0.0008675315   0.0000412218  -0.0000747748  -0.0000279856
 1416  -0.0001409715  -0.0001353943  -0.0000634729  -0.0000547902  -0.0000169923
 1417  -0.0001059971   0.0043299732  -0.0004426712   0.0084673813  -0.0000334110
 1418   0.0000730483  -0.0000839920   0.0000867710   0.0001555882  -0.0001036508
 1419  -0.0002418687  -0.0004328625   0.0000911051   0.0001154343   0.0004900531
 1420   0.0007269681  -0.0003590014  -0.0001262109   0.0000615181  -0.0001602782
 1421  -0.0000312769   0.0001698192   0.0003890200   0.0004157644   0.0000855911
 1422  -0.0000745012   0.0000357111  -0.0001343494   0.0000322999   0.0002892165
 1423   0.0002793064  -0.0000748441   0.0003945065   0.0001398994   0.0001219638
 1424   0.0004029325   0.0000226442   0.0003071051   0.0010636777  -0.0002991552
 1425   0.0001760547   0.0001657248   0.0000159898  -0.0006127948   0.0002069087
 1426   0.0000739294   0.0000090873  -0.0002386048  -0.0000985858   0.0004122854
 1427  -0.0003573641   0.0000143876  -0.0002300476  -0.0000687515  -0.0000306459
 1428   0.0000185809  -0.0003066132   0.0002317603  -0.0001075615   0.0002103438
 1429   0.0000247771   0.0002190219  -0.0000267295  -0.0002017318  -0.0002800957
 1430   0.0004065733   0.0000141008   0.0000120217  -0.0001286062  -0.0002294109
 1431   0.0001554427   0.0000352828   0.0001358840  -0.0002582293  -0.0000743553
 1432   0.0000772427   0.0000729296   0.0001235488  -0.0003182839   0.0001508975
 1433  -0.0001036264  -0.0001618641   0.0003271242  -0.0001398168  -0.0001211206
 1434  -0.0002193205   0.0002787070   0.0000645756  -0.0002422916   0.0004507599
 1435  -0.0001171601  -0.0001458309  -0.0001509365   0.0000157612   0.0003234840
 1436  -0.0001603615   0.0002472424  -0.0001305352  -0.0000027336  -0.0005465630
 1437  -0.0000366138  -0.0000642473  -0.0000615261  -0.0000127571  -0.0000292466
 1438  -0.0000014411  -0.0000256454   0.0000051052   0.0000168057  -0.0000096028
 1439   0.0000233028   0.0000089689   0.0000226056   0.0000741482  -0.0000486221
 1440   0.0000453859   0.0000677689   0.0000202471   0.0000185408   0.0000365593
 1441   0.0000195225   0.0000166524   0.0000048391   0.0000317346  -0.0000267790
 1442   0.0000009560   0.0000237691  -0.0000236494  -0.0000298345  -0.0000126112
 1443   0.0000520012  -0.0000018762   0.0000770046   0.0000007438  -0.0000994377
 1444  -0.0000154162  -0.0000096309   0.0000124223   0.0000066888  -0.0000227130
 1445  -0.0000861831  -0.0001313171   0.0000172155   0.0000015661  -0.0000433345
 1446   0.0000333182  -0.0000359308   0.0001464454   0.0001743278  -0.0001213409
 1447   0.0003333507   0.0000368411   0.0000296043  -0.0000181424
 15 1   0.0002569733  -0.0000614829  -0.0000053937  -0.0000058054  -0.0000781972
 15 2  -0.0000121109  -0.0000571474  -0.0000394093   0.0003925952  -0.0010061076
 15 3  -0.0002961684  -0.0001074765   0.0128327749  -0.0035604585   0.0195819529
 15 4   0.0000194651   0.0001151137   0.0001246417   0.0000693563   0.0001297677
 15 5   0.0000092719   0.0001776105  -0.0002145312   0.0001232582  -0.0000672167
 15 6   0.0005643455   0.0014093088  -0.0001650497  -0.0005684578   0.0000616902
 15 7   0.0000953864   0.0002603060   0.0003758634  -0.0002309133  -0.0000478517
 15 8  -0.0001846205   0.0001033758   0.0004075951   0.0001053738   0.0000795033
 15 9  -0.0002008021   0.0004568040   0.0002652058   0.0003324227   0.0004260397
 1510  -0.0004258643  -0.0001504661   0.0002466546   0.0003193464  -0.0001510384
 1511   0.0000486782  -0.0003130693  -0.0001986551   0.0001965270   0.0002411202
 1512  -0.0000273718  -0.0001611537  -0.0000119297  -0.0002517519   0.0004430571
 1513   0.0000859884  -0.0002807157  -0.0003636472   0.0002543405  -0.0000310567
 1514   0.0001090690  -0.0000180027   0.0001274300   0.0001969775  -0.0000899112
 1515  -0.0002818329   0.0000755371  -0.0000967745  -0.0001380028  -0.0002132634
 1516  -0.0000786239  -0.0001315181  -0.0002001141  -0.0003429690   0.0000843847
 1517  -0.0004023609  -0.0120805449   0.0040400403  -0.0206676663   0.0001072653
 1518   0.0000427269  -0.0000503990  -0.0004535356  -0.0001500317   0.0003270156
 1519  -0.0000405774   0.0008027392  -0.0002846531   0.0001321557   0.0003730946
 1520   0.0002662884   0.0002361651  -0.0000047859  -0.0001817821   0.0000918110
 1521   0.0004778873  -0.0001587691   0.0000542965  -0.0005094180  -0.0007593266
 1522  -0.0001007446   0.0004193677  -0.0004285485  -0.0001185734  -0.0001571734
 1523  -0.0001410646   0.0001050487  -0.0003472305   0.0000276129   0.0004830985
 1524  -0.0000583589  -0.0002273213  -0.0002878670   0.0000304463  -0.0005639578
 1525   0.0001917219   0.0001157164   0.0000843866  -0.0002237927  -0.0003014392
 1526  -0.0002201205   0.0001603569   0.0004864509  -0.0002801677   0.0000702602
 1527  -0.0000104182   0.0000075640  -0.0001008259  -0.0000674482   0.0001262372
 1528  -0.0000432657  -0.0000756916   0.0001293011  -0.0002324741  -0.0000274114
 1529  -0.0000335869   0.0002026471   0.0000277510  -0.0000053669  -0.0000984384
 1530   0.0000788319  -0.0000519835   0.0002225253  -0.0001236141  -0.0002256296
 1531  -0.0000657754   0.0001357662   0.0000531669  -0.0001401437  -0.0000839106
 1532  -0.0000788167   0.0000586183  -0.0000219542  -0.0001924044   0.0000838854
 1533   0.0002135722  -0.0000512449   0.0000775675  -0.0000668977  -0.0001757950
 1534  -0.0000007920  -0.0000139217   0.0000701760  -0.0000763396   0.0001095383
 1535  -0.0000371392  -0.0000850615  -0.0001566619  -0.0000665562  -0.0000518826
 1536   0.0000367936   0.0005331485   0.0001268165  -0.0001738966  -0.0002542828
 1537  -0.0000144954  -0.0000688884  -0.0000836502  -0.0000107222  -0.0000423692
 1538   0.0000053340  -0.0000020352   0.0000075187   0.0000038664  -0.0000099180
 1539  -0.0000061422   0.0000120315  -0.0000377618  -0.0000134909   0.0001482276
 1540  -0.0001399206  -0.0001280360   0.0003858197  -0.0000271832  -0.0000256245
 1541  -0.0000289604   0.0000146111  -0.0000010247   0.0000157849  -0.0000172895
 1542   0.0000047994   0.0000330698   0.0000143222  -0.0000439352   0.0000505642
 1543   0.0000436979   0.0000193281   0.0000702307  -0.0000120650  -0.0000197257
 1544   0.0000465993  -0.0000184491  -0.0000211700  -0.0000463418   0.0000976765
 1545   0.0000132687   0.0000522791  -0.0000131165   0.0000010093  -0.0000476211
 1546  -0.0000347215  -0.0000065748   0.0000467737   0.0000599127  -0.0000222847
 1547   0.0001064446   0.0000127900   0.0000012867   0.0000080742
 16 1  -0.0077939863  -0.0113459529   0.0007214836  -0.0035467217   0.0119101287
 16 2  -0.0009721335  -0.0002008771  -0.0000828194  -0.0000780036  -0.0002545220
 16 3  -0.0001087862  -0.0001224351   0.0001809596  -0.0001279063   0.0000194651
 16 4   0.0483678941   0.0161058549  -0.0048756030  -0.0257005256   0.0002055764
 16 5  -0.0038323619  -0.0002296687  -0.0001807206  -0.0001964275  -0.0001275508
 16 6  -0.0002417901  -0.0000513665   0.0001954887  -0.0000299786  -0.0003595110
 16 7  -0.0071918861  -0.0138087328   0.0000653910  -0.0002960348  -0.0001716754
 16 8  -0.0001976029   0.0002081346   0.0001715054  -0.0000194107   0.0002048093
 16 9   0.0003264262  -0.0002137246   0.0000742682   0.0000188722  -0.0001287700
 1610   0.0004486437   0.0001936262   0.0000992574  -0.0001214306  -0.0000524428
 1611   0.0001734975  -0.0000630907  -0.0001394987  -0.0000085539  -0.0000559680
 1612  -0.0001411540   0.0000665681  -0.0002891234  -0.0004392184   0.0001300326
 1613  -0.0003537173   0.0002157116  -0.0000594171   0.0001169213   0.0000028711
 1614  -0.0001586035  -0.0001575179   0.0002793605  -0.0002119667  -0.0000373713
 1615   0.0002962044  -0.0002883160   0.0009823825   0.0000792741  -0.0007651833
 1616  -0.0008333891  -0.0000984382   0.0003835918  -0.0000681793  -0.0002708064
 1617   0.0002477969   0.0002001115  -0.0000244094   0.0001650920  -0.0031704270
 1618  -0.0023911140   0.0083334847  -0.0005972507  -0.0001447426   0.0003741415
 1619   0.0001069818   0.0000059771   0.0002424255   0.0000102418  -0.0000651561
 1620   0.0004020366   0.0001433225  -0.0001660792   0.0000113946   0.0000504156
 1621   0.0001043033   0.0000786332  -0.0000460277   0.0002126755   0.0000656146
 1622   0.0001687894  -0.0002741906   0.0001182488  -0.0002324769   0.0000741838
 1623   0.0002404891   0.0002133431   0.0000627827   0.0000887612  -0.0000995560
 1624   0.0000199558   0.0001761161  -0.0000004852   0.0001437744   0.0001446043
 1625   0.0000736191  -0.0002595766  -0.0000732426   0.0000225466  -0.0000924274
 1626  -0.0002736377   0.0000195892   0.0001691898  -0.0000855015   0.0002884738
 1627   0.0003018944   0.0001063686  -0.0001875976  -0.0000123648   0.0000568364
 1628   0.0001468022  -0.0002151086   0.0000883163  -0.0002125358   0.0002858839
 1629  -0.0000553911  -0.0001496133   0.0001159885   0.0004871456   0.0003686802
 1630  -0.0000726457   0.0000148020   0.0004138472  -0.0000266526   0.0002434078
 1631  -0.0006088973  -0.0003244871  -0.0001472717   0.0002587541  -0.0002015194
 1632  -0.0002040333  -0.0000611557  -0.0000163154   0.0000981398   0.0000054865
 1633   0.0001039219   0.0002401088  -0.0002256366  -0.0000480144  -0.0002255074
 1634   0.0001254516  -0.0001208631  -0.0000284649  -0.0000262271   0.0001351807
 1635   0.0000468736   0.0000923886   0.0000019945   0.0000500197  -0.0001727002
 1636   0.0003055218  -0.0002422456   0.0000177757   0.0000119635  -0.0001003245
 1637  -0.0003511880  -0.0000267786   0.0000854172  -0.0000135997   0.0000236361
 1638   0.0000527061  -0.0000160668  -0.0000336465  -0.0000388987   0.0000033081
 1639  -0.0000045015   0.0000003716   0.0000114850  -0.0000050315   0.0000144644
 1640   0.0000236723   0.0000082296   0.0001392829  -0.0000085349  -0.0000007291
 1641   0.0000056183  -0.0000010158  -0.0000107898  -0.0000864301  -0.0000435814
 1642  -0.0000603405  -0.0000276016   0.0000011733  -0.0000006019   0.0000068364
 1643  -0.0000069469  -0.0000166133  -0.0000180465  -0.0000204431   0.0000182072
 1644   0.0000180283  -0.0000193999  -0.0000125618  -0.0000177518   0.0000073912
 1645   0.0000450608   0.0000501596  -0.0000062016  -0.0000144599  -0.0000173828
 1646   0.0000086152  -0.0000440793   0.0000293997   0.0000347567  -0.0000177946
 1647   0.0000150288   0.0000026017  -0.0000122206  -0.0000163357
 17 1  -0.0153698725  -0.0225464383   0.0017104364   0.0117514259  -0.0173224335
 17 2   0.0007573670  -0.0000345060  -0.0002331723  -0.0000512931  -0.0000126378
 17 3  -0.0000226699   0.0000711635  -0.0001169429   0.0001309603   0.0001151137
 17 4   0.0161058549   0.0616449135  -0.0019187875   0.0000106561   0.0020113275
 17 5   0.0002220921   0.0004818920   0.0000756850  -0.0000768023   0.0002801541
 17 6   0.0002434121   0.0001461646  -0.0002548257  -0.0001126508   0.0000749696
 17 7  -0.0106069912  -0.0211483778   0.0006739208  -0.0000838620   0.0003105403
 17 8  -0.0001334416  -0.0004464501   0.0001081820  -0.0000403853  -0.0002784184
 17 9  -0.0003381731   0.0000669288  -0.0001965306   0.0000313825  -0.0002462595
 1710  -0.0002209501  -0.0003022530   0.0000807461  -0.0000971467  -0.0002984679
 1711  -0.0003157435   0.0001951638   0.0001615037   0.0000857980  -0.0000813032
 1712   0.0001215065  -0.0000684354   0.0000986635   0.0004476231  -0.0004667046
 1713   0.0002259468  -0.0000829349   0.0000320217  -0.0001692911  -0.0000437497
 1714   0.0001387348   0.0002932160   0.0000244792   0.0004590744   0.0000042514
 1715  -0.0000994517   0.0001082585  -0.0002269858  -0.0016263267  -0.0051737535
 1716  -0.0000843763  -0.0004120126  -0.0001369216   0.0000499393   0.0002818758
 1717  -0.0000288571  -0.0001774423  -0.0000412011  -0.0001319207  -0.0016072145
 1718  -0.0000282993   0.0041200037   0.0001654660   0.0000981060  -0.0000727992
 1719  -0.0000414520  -0.0002162485  -0.0000763049   0.0002770619   0.0003220017
 1720  -0.0002300772  -0.0002634280  -0.0003092948   0.0002303547  -0.0000945417
 1721   0.0003235367   0.0004419122   0.0000641376   0.0000480500  -0.0001306428
 1722   0.0000519405  -0.0003529988  -0.0000807061   0.0000824082  -0.0001907365
 1723  -0.0000163681  -0.0000811627  -0.0000875361  -0.0002770671  -0.0001764955
 1724  -0.0001411779  -0.0000608594   0.0003016837  -0.0000925918   0.0002820721
 1725  -0.0006622395  -0.0008496690  -0.0014539547   0.0007753176   0.0004387037
 1726   0.0001392478  -0.0000134368  -0.0001525006   0.0003117225  -0.0002843898
 1727   0.0002913971  -0.0003537265   0.0003277634   0.0000412561  -0.0000596211
 1728   0.0000101403   0.0003043545   0.0001765647   0.0002544327  -0.0001197951
 1729   0.0001272383  -0.0002255499  -0.0000568886   0.0001711026   0.0002010190
 1730  -0.0004520100  -0.0000829842  -0.0003741128   0.0001861125  -0.0002082573
 1731   0.0003806689   0.0002472918   0.0001958209  -0.0001015659   0.0000645318
 1732   0.0001496565  -0.0000285118  -0.0001195866  -0.0001122592   0.0001187899
 1733   0.0000158720  -0.0002310291  -0.0002501905  -0.0000293356   0.0003493079
 1734   0.0000089540  -0.0000095324  -0.0000183834   0.0001138685  -0.0001903658
 1735   0.0000343527  -0.0002834407  -0.0000264600   0.0000031659   0.0001410805
 1736  -0.0000005060   0.0004139422   0.0000779386  -0.0002096496   0.0000205557
 1737   0.0001086784   0.0000759304   0.0007350167  -0.0000398413   0.0000405522
 1738  -0.0000403304   0.0000345439   0.0000426005   0.0001351594  -0.0000098981
 1739   0.0000058596   0.0000278180  -0.0000076921   0.0000021796  -0.0000507220
 1740   0.0000556164   0.0000210950  -0.0002234677   0.0000031102  -0.0000097055
 1741  -0.0000122952  -0.0000188311  -0.0000102471   0.0000361083  -0.0000089827
 1742  -0.0000157488  -0.0000607962   0.0000146608   0.0000020025   0.0000039236
 1743  -0.0000156346   0.0000031239   0.0000079131   0.0000164621   0.0000450198
 1744  -0.0000157200   0.0000130935   0.0000017814   0.0000053028  -0.0000072289
 1745   0.0000294066   0.0000108368  -0.0000057911   0.0000073209   0.0000329215
 1746   0.0000303452   0.0000238331  -0.0000713948  -0.0000444536   0.0000199745
 1747  -0.0001607857  -0.0000217268   0.0000059123  -0.0000149529
 18 1  -0.0005245882  -0.0005778152   0.0012269130   0.0007795493  -0.0015423756
 18 2   0.0021129149  -0.0000586680  -0.0000091441  -0.0000046641   0.0000019875
 18 3  -0.0000496179   0.0001026552   0.0000168162   0.0000847109   0.0001246417
 18 4  -0.0048756030  -0.0019187875   0.0145422855  -0.0014878550  -0.0002184214
 18 5   0.0008958771  -0.0001631192   0.0001810741   0.0000939196   0.0000794369
 18 6  -0.0002003768   0.0000823376  -0.0001008140  -0.0000236019   0.0002104826
 18 7   0.0003138450   0.0017083794   0.0002185859   0.0002022070  -0.0001286555
 18 8   0.0003976349   0.0000871002   0.0001149746   0.0000693052   0.0000833018
 18 9   0.0001038763   0.0000333314  -0.0001802981  -0.0002629945  -0.0001627708
 1810   0.0002129542   0.0001328951   0.0001488828  -0.0001668885   0.0000838553
 1811  -0.0001023090   0.0000844988  -0.0000678709   0.0000480946  -0.0002229741
 1812  -0.0000160015  -0.0000100541  -0.0001333261   0.0002455372  -0.0002937640
 1813  -0.0000052870   0.0001910079   0.0000460495   0.0000460745   0.0001241031
 1814   0.0003376349  -0.0001045850   0.0002048125   0.0002890940  -0.0000830872
 1815   0.0000325492   0.0001261344  -0.0010793025  -0.0016704210  -0.0044372480
 1816   0.0002438003  -0.0000090885  -0.0005722806  -0.0000067423   0.0001626387
 1817  -0.0000355909  -0.0000132848   0.0000062569  -0.0000879217   0.0056699942
 1818   0.0042546650  -0.0127381453   0.0007275759  -0.0000309911  -0.0003125685
 1819  -0.0001370350   0.0000601051  -0.0003677885   0.0002221326   0.0000862947
 1820  -0.0002494851   0.0003286154   0.0001830836  -0.0002439907  -0.0001632262
 1821  -0.0001550136  -0.0002664974  -0.0000557746  -0.0001582080   0.0000755471
 1822   0.0000301781  -0.0001572989  -0.0000976703  -0.0000381078  -0.0000415988
 1823  -0.0000359679  -0.0002426902  -0.0002654695   0.0000922622   0.0002139790
 1824  -0.0001094300  -0.0000198000   0.0001415776  -0.0000921499  -0.0000984902
 1825  -0.0012178473  -0.0025486709  -0.0034284594   0.0010667098   0.0008900573
 1826   0.0002876256  -0.0000225470  -0.0003691071   0.0003666174  -0.0004267986
 1827   0.0001561903  -0.0000385270   0.0002028576  -0.0000063801  -0.0000159596
 1828  -0.0000911014   0.0001726906  -0.0001016633  -0.0002635826  -0.0001876648
 1829   0.0000322280   0.0005068097   0.0000121655   0.0000157154  -0.0002124267
 1830  -0.0000546844  -0.0004274942   0.0002139753  -0.0000090533   0.0000943903
 1831  -0.0000581685   0.0000144047  -0.0000349640   0.0000294524   0.0000594117
 1832   0.0000847603  -0.0000214708  -0.0000797524   0.0000113540   0.0000427010
 1833  -0.0000124615  -0.0001599894  -0.0000010903   0.0000362883   0.0001645708
 1834  -0.0000152217   0.0000250520   0.0000009245   0.0000091236  -0.0001094782
 1835   0.0000207956  -0.0001939671  -0.0000510518   0.0000325826   0.0002735460
 1836  -0.0000480255   0.0000141049  -0.0000742346   0.0002091049   0.0003007129
 1837   0.0004836373   0.0011435821   0.0015465068  -0.0000005772   0.0002130914
 1838   0.0002012091   0.0000831014   0.0000527928   0.0001584084  -0.0000040412
 1839   0.0000198884   0.0000045685   0.0000094532   0.0001057525  -0.0000798022
 1840   0.0000769088   0.0000786575  -0.0002009546   0.0000020037  -0.0000055490
 1841   0.0000041535   0.0000226489  -0.0000030325   0.0000079588  -0.0000241590
 1842  -0.0000019383   0.0001041478   0.0000029325   0.0000044241  -0.0000022294
 1843  -0.0000108392  -0.0000003513   0.0000009964   0.0000112223   0.0000048928
 1844  -0.0000185945   0.0000075030   0.0000104721   0.0000191712  -0.0000633815
 1845  -0.0000120928  -0.0000297174   0.0000068188   0.0000026276   0.0000194885
 1846   0.0000183431   0.0000249372  -0.0000262546  -0.0000169549   0.0000068242
 1847  -0.0000564790   0.0000062932   0.0000004987  -0.0000094798
 19 1  -0.0011216303  -0.0002815279  -0.0005170567  -0.0051079128  -0.0128841213
 19 2  -0.0010075619  -0.0041753066   0.0091561610   0.0004817112  -0.0004586952
 19 3   0.0001879768  -0.0000596544  -0.0001932868   0.0002187550   0.0000693563
 19 4  -0.0257005256   0.0000106561  -0.0014878550   0.0672411552   0.0041094800
 19 5   0.0013111504  -0.0215546237   0.0003217452   0.0006045308  -0.0001439542
 19 6   0.0003113689   0.0000839962  -0.0000606599  -0.0000293585   0.0001696067
 19 7  -0.0036534141   0.0093544082  -0.0006935598  -0.0042347580  -0.0096307403
 19 8   0.0004370622  -0.0002146742  -0.0001856751  -0.0001257256  -0.0000380598
 19 9  -0.0000704966  -0.0000539005   0.0002061308   0.0002865365   0.0000499858
 1910  -0.0002686971  -0.0003021723  -0.0000304748   0.0004773126  -0.0000766547
 1911   0.0001925656  -0.0003665066  -0.0001357235   0.0000597152   0.0002335658
 1912   0.0000162897  -0.0002986641   0.0002139037   0.0003488717  -0.0001299815
 1913   0.0002482319  -0.0003511706   0.0001674158  -0.0000224342  -0.0001294281
 1914  -0.0000369470   0.0000556081  -0.0002311168  -0.0003762865   0.0007945445
 1915   0.0000072301  -0.0001888666  -0.0008998855  -0.0002177373   0.0004282586
 1916   0.0011072867  -0.0000118193   0.0005934802  -0.0004526526   0.0001893122
 1917   0.0003791702  -0.0001534341   0.0000798010  -0.0002260380  -0.0000989161
 1918   0.0006154726  -0.0021368418  -0.0002275038  -0.0004730201   0.0018399343
 1919  -0.0001763624  -0.0001670890   0.0004298684  -0.0005564029  -0.0000171467
 1920   0.0002127278  -0.0000301176  -0.0000178418  -0.0000635774  -0.0000013740
 1921  -0.0001223047   0.0002776037  -0.0000198771  -0.0001112448   0.0000530021
 1922  -0.0001359513   0.0003199404   0.0002466390   0.0000054278  -0.0001009302
 1923  -0.0002950271  -0.0001742895  -0.0001544675   0.0001634572   0.0000669427
 1924   0.0001536931   0.0001633183   0.0000672434   0.0001819923   0.0006408245
 1925  -0.0003056821  -0.0000771996   0.0000040386   0.0001196247  -0.0001003509
 1926   0.0000087284   0.0000219688   0.0000099272  -0.0000444722  -0.0001290372
 1927   0.0003206621  -0.0004891385  -0.0003250344   0.0000962493   0.0000042136
 1928   0.0001992416   0.0001755798  -0.0002213980  -0.0007955953  -0.0005089865
 1929  -0.0005227187  -0.0000124420   0.0005221677   0.0004684936   0.0008248753
 1930  -0.0009271461  -0.0007129435   0.0007820080  -0.0000413215   0.0003947131
 1931  -0.0006810748  -0.0001818441  -0.0001143480   0.0001674109  -0.0000259751
 1932  -0.0002235821   0.0000338037   0.0000366205   0.0000800812  -0.0001475397
 1933  -0.0000306949  -0.0000036928   0.0001306690   0.0002646112   0.0000192484
 1934   0.0000540326  -0.0000450490  -0.0000533856   0.0001467456  -0.0003593881
 1935   0.0000807716   0.0000292804  -0.0000073452   0.0000057266   0.0000203106
 1936  -0.0000201130  -0.0000788874   0.0000734643   0.0002294728  -0.0000134832
 1937  -0.0003301799   0.0000299874   0.0004385197  -0.0000178713   0.0000423810
 1938   0.0000015503   0.0000179538   0.0000434148   0.0000918429  -0.0000129315
 1939  -0.0000064717   0.0000217150  -0.0000055456  -0.0000032216  -0.0000035515
 1940   0.0000081358  -0.0000103264   0.0000230836   0.0000080777  -0.0000074021
 1941   0.0000260859  -0.0001160320  -0.0000787915  -0.0002494267  -0.0000585524
 1942   0.0003476212  -0.0000785470  -0.0000281026   0.0000024685   0.0000314558
 1943   0.0000110968  -0.0000023940  -0.0000045583  -0.0000103181   0.0000001882
 1944   0.0000142331   0.0000053794  -0.0000046750  -0.0000097713  -0.0000010502
 1945   0.0000111578   0.0000509590  -0.0000006743  -0.0000016150  -0.0000016880
 1946  -0.0000481151   0.0000404615  -0.0000801382  -0.0001002504   0.0001005453
 1947  -0.0001995933  -0.0000034973  -0.0000011090   0.0000125022
 20 1  -0.0003223386  -0.0005989827  -0.0001861252  -0.0128827892  -0.0197559432
 20 2  -0.0012064427   0.0089486544  -0.0137388930  -0.0008232419  -0.0001826293
 20 3  -0.0002694990  -0.0001782276  -0.0000927534   0.0002137088   0.0001297677
 20 4   0.0002055764   0.0020113275  -0.0002184214   0.0041094800   0.0647444102
 20 5  -0.0008764850   0.0010258335   0.0011763246  -0.0002672922   0.0002945018
 20 6   0.0003253425   0.0001222895  -0.0001080565   0.0000412775  -0.0001027524
 20 7   0.0090553200  -0.0154527482   0.0016504267  -0.0100458045  -0.0167590035
 20 8   0.0017371272  -0.0002123005   0.0000948917  -0.0000889695  -0.0001705244
 20 9  -0.0001684197   0.0000048939  -0.0001324223   0.0000981449  -0.0001788248
 2010   0.0003170932  -0.0002915309   0.0001726118  -0.0002587878  -0.0003515689
 2011   0.0000085083  -0.0000467328  -0.0000962947   0.0000163756   0.0000651136
 2012   0.0000774700  -0.0002345926  -0.0000587326   0.0003664790  -0.0001319839
 2013   0.0000747349  -0.0000807701   0.0000477809  -0.0001182071  -0.0000037883
 2014   0.0002439362   0.0001278366   0.0000794677   0.0000477539   0.0004641545
 2015   0.0001484472  -0.0001397168  -0.0002577884  -0.0004411197   0.0000102595
 2016  -0.0000657922  -0.0002651993  -0.0022668913   0.0002197578  -0.0003930243
 2017  -0.0002848189  -0.0000673561   0.0001047193  -0.0000750653   0.0005440075
 2018   0.0003742310   0.0014734630  -0.0005706597   0.0004704151   0.0009674964
 2019  -0.0000241000   0.0001111219   0.0001494658  -0.0001242706  -0.0000944568
 2020   0.0001747156   0.0001889748  -0.0007233665   0.0004425485  -0.0002781078
 2021  -0.0001222917   0.0002449600  -0.0001264685   0.0000824556   0.0000503303
 2022   0.0001564409   0.0000112954   0.0000694970  -0.0000978843  -0.0001010536
 2023  -0.0001515621  -0.0001138954  -0.0003416856   0.0000452619   0.0001632064
 2024  -0.0002328798   0.0001476641   0.0001196764   0.0000462210   0.0003214133
 2025  -0.0000386625  -0.0002205523  -0.0001264540   0.0000221273   0.0001464085
 2026  -0.0002010616  -0.0000123027   0.0001266012   0.0000878064  -0.0000043404
 2027  -0.0008597457  -0.0008064239  -0.0000115686   0.0000030596  -0.0003855780
 2028   0.0002581038   0.0000849777  -0.0000792012   0.0001936992   0.0000010462
 2029  -0.0001795561  -0.0006587166  -0.0002569266   0.0000376496   0.0007099479
 2030   0.0002334192   0.0005373895  -0.0002306999  -0.0000333243   0.0000695425
 2031   0.0001538613   0.0002627232  -0.0000292492  -0.0000455569   0.0000274557
 2032  -0.0000315378   0.0000509313   0.0000338944  -0.0000242087  -0.0001177027
 2033  -0.0000262397  -0.0000218415   0.0000229961   0.0001083757  -0.0000986591
 2034   0.0000581120  -0.0000609488  -0.0000448645   0.0000491370  -0.0001372695
 2035   0.0000488406  -0.0000647413  -0.0000557921   0.0000437153   0.0001153386
 2036  -0.0001640465   0.0002261253   0.0001200166   0.0001590342   0.0000144093
 2037  -0.0002026144   0.0000062387   0.0001521802  -0.0000045379  -0.0000127676
 2038   0.0000113944  -0.0000139296  -0.0000074669  -0.0000176150   0.0000043790
 2039   0.0000071169  -0.0000058698  -0.0000140470   0.0000181392   0.0000262644
 2040  -0.0000149422   0.0000333675   0.0000962228   0.0000192538   0.0000039688
 2041   0.0000338025   0.0000888293   0.0000290890   0.0000923191  -0.0001122296
 2042   0.0001896348  -0.0003106825   0.0000016150  -0.0000049120   0.0000090307
 2043   0.0000020838  -0.0000048887   0.0000058692   0.0000078636   0.0000027956
 2044   0.0000146260   0.0000048564  -0.0000030114   0.0000037884   0.0000098524
 2045   0.0000072616   0.0000783789  -0.0000011388   0.0000100867  -0.0000004495
 2046  -0.0000129410   0.0000230274  -0.0000353518  -0.0000379476   0.0000376573
 2047  -0.0000724694  -0.0000163450  -0.0000027187   0.0000145851
 21 1  -0.0000138586   0.0000796233   0.0003926837  -0.0020480289  -0.0035973843
 21 2   0.0007560169   0.0016274450  -0.0026534669   0.0003673020   0.0001421428
 21 3  -0.0001202765   0.0002413626   0.0000728158   0.0000747014   0.0000092719
 21 4  -0.0038323619   0.0002220921   0.0008958771   0.0013111504  -0.0008764850
 21 5   0.0077885584   0.0026213803  -0.0001050749   0.0010142280  -0.0001071755
 21 6   0.0000523696   0.0001419452  -0.0000165162  -0.0002074723   0.0001192842
 21 7  -0.0017358570   0.0030906459   0.0003299723   0.0011132261   0.0029627382
 21 8   0.0009477528   0.0001962089  -0.0000122500   0.0001106730   0.0000102373
 21 9   0.0000131456   0.0000477582   0.0001290760  -0.0000035868   0.0001013853
 2110  -0.0000572013   0.0001548959   0.0001876259  -0.0000878181  -0.0001081209
 2111   0.0000685915   0.0000410839   0.0000399917   0.0000784206  -0.0001506432
 2112  -0.0000850227   0.0000763915  -0.0000553597  -0.0002230309  -0.0000865566
 2113   0.0000724013  -0.0000221512   0.0000573037  -0.0000578953   0.0000463809
 2114   0.0000305151  -0.0000823446   0.0000053044   0.0000160005  -0.0001282609
 2115  -0.0000248512  -0.0001016391  -0.0001510080  -0.0002082620  -0.0008893209
 2116  -0.0004075663  -0.0013943746  -0.0018076892   0.0006487681  -0.0000195925
 2117  -0.0004821570  -0.0000964249   0.0000563745  -0.0000659884  -0.0019526708
 2118   0.0005136459  -0.0026938530   0.0021176922   0.0011472175  -0.0034012756
 2119   0.0001751443  -0.0000533173  -0.0002838396   0.0000540370   0.0000584389
 2120  -0.0001225820   0.0002765546   0.0006988112  -0.0004106617   0.0000737058
 2121   0.0001776896  -0.0002763723   0.0000253941  -0.0000691813  -0.0000513233
 2122  -0.0001126261  -0.0001567043  -0.0000142959  -0.0000670906  -0.0001173841
 2123  -0.0000385515   0.0001467402   0.0001286588   0.0000138282  -0.0002167113
 2124   0.0001303808   0.0000136823   0.0001710281   0.0001395355  -0.0000220689
 2125  -0.0000554854  -0.0001134816  -0.0002420586   0.0002249442   0.0001685447
 2126  -0.0002109315  -0.0000887330   0.0000685383   0.0001027213   0.0005770312
 2127  -0.0019505769  -0.0008076086   0.0001301965   0.0002900251  -0.0003277186
 2128   0.0000546175   0.0002128708   0.0000778124  -0.0006912932  -0.0000551751
 2129  -0.0004683671  -0.0039616377   0.0020202576   0.0000795715   0.0035530016
 2130  -0.0008167266   0.0008534441   0.0005286581   0.0001443541  -0.0001401216
 2131  -0.0002130700  -0.0000741794  -0.0000282761   0.0001939128  -0.0000228636
 2132  -0.0000122223  -0.0001232644  -0.0000963953   0.0001051518  -0.0001696573
 2133   0.0001496587   0.0000501148  -0.0000374370   0.0000333221  -0.0000539449
 2134   0.0000471304  -0.0000821082  -0.0000032847   0.0000035689  -0.0000913341
 2135   0.0000158383   0.0002756078  -0.0000202196  -0.0000126408  -0.0003189306
 2136   0.0002049616  -0.0000605034   0.0002418802  -0.0001425952   0.0001929879
 2137  -0.0000961590   0.0000250948   0.0001692015  -0.0000180802  -0.0000269818
 2138  -0.0000723277  -0.0000178234   0.0000385102   0.0000011384  -0.0000086146
 2139   0.0000405968   0.0000043918  -0.0000199616   0.0000084765  -0.0000078256
 2140   0.0000010876   0.0000158730   0.0000457997   0.0000898437   0.0000837068
 2141   0.0000118201  -0.0001325977   0.0000312947  -0.0005754641   0.0004065139
 2142   0.0001624179  -0.0017413141   0.0000003510  -0.0000011260  -0.0000035889
 2143  -0.0000045379  -0.0000044486  -0.0000218092   0.0000014345   0.0000148836
 2144   0.0000098997   0.0000003954  -0.0000045148  -0.0000100236  -0.0000082469
 2145   0.0000272642   0.0000373234   0.0000056001  -0.0000099442   0.0000084050
 2146  -0.0000029786   0.0000143459  -0.0000115941  -0.0000152007   0.0000248318
 2147  -0.0000293675  -0.0000008791  -0.0000018099   0.0000171154
 22 1   0.0006388296  -0.0002003287  -0.0001657798  -0.0000633890  -0.0003988383
 22 2   0.0003430584  -0.0039099992  -0.0102124249   0.0003338420  -0.0049925380
 22 3   0.0110814912  -0.0003870218  -0.0005937747   0.0001921757   0.0001776105
 22 4  -0.0002296687   0.0004818920  -0.0001631192  -0.0215546237   0.0010258335
 22 5   0.0026213803   0.0640066067  -0.0023245101  -0.0011225974  -0.0179568799
 22 6   0.0004220465  -0.0009660462   0.0001493194   0.0002284526   0.0001485515
 22 7  -0.0004717301   0.0003040611  -0.0003746043  -0.0057875703   0.0100101350
 22 8   0.0010956945  -0.0044020260  -0.0110024612  -0.0003488873  -0.0003425566
 22 9  -0.0003148800   0.0001442508  -0.0000670125  -0.0002743777  -0.0000125594
 2210   0.0000554407  -0.0001337687  -0.0000211150  -0.0001591716   0.0002920498
 2211  -0.0000536299   0.0001966172   0.0001375629   0.0001770767   0.0000112331
 2212   0.0000351682   0.0001816613   0.0000755576  -0.0000838445  -0.0000914711
 2213  -0.0000895858   0.0000960397  -0.0003290950   0.0000448668   0.0000260357
 2214   0.0001232406   0.0000434262  -0.0000850331   0.0003234816  -0.0007497379
 2215  -0.0001531443   0.0002574868  -0.0002304314   0.0003169515  -0.0003794682
 2216  -0.0004002549  -0.0002988632  -0.0005586487   0.0013473547   0.0001490732
 2217   0.0003504200  -0.0004203912   0.0002911631   0.0002524111  -0.0006315969
 2218   0.0002369650   0.0000090886  -0.0018956381   0.0016412340  -0.0047712073
 2219  -0.0015681862  -0.0015606944   0.0047663719  -0.0002896813  -0.0003848146
 2220   0.0000163348  -0.0003932192   0.0002041871  -0.0001267713   0.0001287388
 2221   0.0000924787  -0.0002660875  -0.0003243079  -0.0000772864   0.0001397357
 2222   0.0003245121   0.0003609772  -0.0000594108   0.0001525097   0.0002084894
 2223   0.0000212454  -0.0002071326   0.0000008158  -0.0000739896   0.0001748099
 2224  -0.0002137539  -0.0001688012   0.0000465614  -0.0003599542  -0.0005228056
 2225   0.0001673140   0.0002706860   0.0001317592   0.0000618586   0.0000249048
 2226   0.0003269353  -0.0000451039  -0.0000856828   0.0000960081  -0.0005941263
 2227  -0.0010879872  -0.0001348877   0.0008667386   0.0000537339  -0.0001149535
 2228  -0.0006638350   0.0005920043   0.0003789013   0.0010152858  -0.0002776170
 2229   0.0002904392   0.0000825771  -0.0002280195  -0.0008308057  -0.0006602627
 2230   0.0006274527   0.0005708397  -0.0006702935   0.0003751432  -0.0005990858
 2231   0.0002958538   0.0001664073  -0.0003442273  -0.0000240607  -0.0000270782
 2232  -0.0000725598   0.0001637582   0.0003406888   0.0001104305  -0.0001296976
 2233  -0.0002622549  -0.0000027621   0.0004524808   0.0001564628   0.0002347341
 2234  -0.0002418432   0.0002218309   0.0000324801  -0.0000404523  -0.0001587841
 2235   0.0000126177   0.0001876036   0.0000309927   0.0000138558   0.0000744401
 2236  -0.0000941877  -0.0001566928  -0.0003429626  -0.0003557086  -0.0001366849
 2237   0.0000943528  -0.0000999403  -0.0002310601   0.0000488108  -0.0000191594
 2238  -0.0000506826   0.0000090535   0.0000119454  -0.0000186117   0.0000023083
 2239   0.0000017377   0.0000002353  -0.0000211214  -0.0000094340  -0.0000458547
 2240   0.0000433240   0.0000097938  -0.0001335800   0.0000115729   0.0000080273
 2241  -0.0000009845   0.0001191370   0.0001130624   0.0002473172  -0.0000305874
 2242   0.0000151486  -0.0000270751   0.0000343874  -0.0000267317   0.0000366697
 2243   0.0000002867  -0.0000016799   0.0000097334   0.0000284172  -0.0000448720
 2244  -0.0000266112   0.0000181239   0.0000138555   0.0000183403   0.0000112161
 2245  -0.0000826915  -0.0001130551   0.0000124114   0.0000098041   0.0000134156
 2246  -0.0000043798   0.0000312251   0.0000110735  -0.0000218532   0.0000134201
 2247  -0.0000343531   0.0000239870   0.0000172009   0.0000189162
 23 1  -0.0001427037   0.0003893236  -0.0000504667  -0.0001825556   0.0003666740
 23 2  -0.0000785549  -0.0091319460  -0.0164752388   0.0007089555   0.0102933217
 23 3  -0.0169278815   0.0009019695  -0.0000298701  -0.0003414543  -0.0002145312
 23 4  -0.0001807206   0.0000756850   0.0001810741   0.0003217452   0.0011763246
 23 5  -0.0001050749  -0.0023245101   0.0685960791  -0.0010388204   0.0000987034
 23 6   0.0014564885   0.0002355960  -0.0000914133   0.0003561226  -0.0001295846
 23 7  -0.0000348136  -0.0003255460   0.0004442955   0.0120330473  -0.0187659821
 23 8  -0.0004805434  -0.0107745897  -0.0167867384  -0.0004295835   0.0001977899
 23 9  -0.0001456843  -0.0001593264   0.0001672624   0.0001832384   0.0000746526
 2310   0.0002336550   0.0001987520   0.0003042046  -0.0003028493  -0.0005788086
 2311   0.0000673044  -0.0004386041  -0.0005799557   0.0000655735   0.0002080046
 2312  -0.0000402221  -0.0001658297  -0.0005074297  -0.0001515988   0.0004458044
 2313   0.0000019725   0.0001517114  -0.0001261351  -0.0001551063  -0.0001732921
 2314   0.0000803981   0.0001421218   0.0000320869  -0.0000264818   0.0005366179
 2315   0.0004154848  -0.0001458520  -0.0001323557  -0.0002081952  -0.0001599070
 2316  -0.0002624595  -0.0001426202  -0.0004906384  -0.0000146374  -0.0021373426
 2317  -0.0049463938   0.0001368448  -0.0003221478  -0.0002274749  -0.0001026896
 2318   0.0001622067  -0.0002243052   0.0019297712   0.0004004873   0.0037095371
 2319  -0.0016965658   0.0002735934   0.0030954810   0.0000682790   0.0005737056
 2320   0.0001450721   0.0004250726  -0.0002173568  -0.0003791035  -0.0001891901
 2321  -0.0004179744   0.0007453791   0.0001961606  -0.0001387678  -0.0001068506
 2322  -0.0001431564  -0.0002603853  -0.0001158995  -0.0002085791  -0.0000541639
 2323  -0.0000968037   0.0003000828  -0.0000631470  -0.0001980515  -0.0000583667
 2324  -0.0000161666  -0.0000766377  -0.0003552049   0.0003131616   0.0000450274
 2325   0.0002039859   0.0001236072   0.0000297752  -0.0006972519   0.0000543935
 2326  -0.0002943230   0.0001106426   0.0001036799  -0.0002753805   0.0006058121
 2327  -0.0004440795   0.0004384808  -0.0006226370  -0.0000272297  -0.0000215548
 2328   0.0001289928  -0.0005829957  -0.0005784922   0.0003350925   0.0000703482
 2329   0.0001449772   0.0002706957  -0.0000674990  -0.0004420423  -0.0002245976
 2330   0.0005956110   0.0001345564  -0.0004759389   0.0004640584  -0.0007378020
 2331   0.0001952867   0.0000822234  -0.0001069403  -0.0000684964  -0.0000915856
 2332  -0.0001531297   0.0001326386   0.0003146508   0.0000995643  -0.0002572196
 2333  -0.0002419530   0.0002593675   0.0002373461   0.0000512531  -0.0004332975
 2334  -0.0000080887  -0.0000259626   0.0000065667  -0.0000898477   0.0001178439
 2335  -0.0000816187   0.0001195323  -0.0000856656   0.0001708306   0.0000511668
 2336  -0.0000247361   0.0003299688   0.0003738365  -0.0002360904  -0.0003777017
 2337  -0.0001036726  -0.0000619314   0.0000054361  -0.0000191696  -0.0000493265
 2338   0.0000256855  -0.0000186619   0.0000016509   0.0000048866  -0.0000141435
 2339   0.0000149513   0.0000043775   0.0000069316   0.0000436481   0.0000983553
 2340  -0.0001182021  -0.0000057184   0.0002859443  -0.0000134520  -0.0000137971
 2341   0.0000132832   0.0001080009   0.0000716042   0.0000494331  -0.0000143674
 2342   0.0000053222   0.0000006423  -0.0000479952  -0.0000044733   0.0000192152
 2343   0.0000146076   0.0000036369  -0.0000028787  -0.0000084979  -0.0000314495
 2344   0.0000382437  -0.0000024072  -0.0000117789  -0.0000198755   0.0000342858
 2345   0.0000099332   0.0000644260   0.0000002556   0.0000116933  -0.0000275287
 2346  -0.0000107155   0.0000126691   0.0000522790   0.0000608714  -0.0000026576
 2347   0.0001889332  -0.0000047539   0.0000056960   0.0000098626
 24 1  -0.0001034274   0.0000728254   0.0002900367  -0.0002426814   0.0000410395
 24 2   0.0000741909  -0.0008481276  -0.0013949226   0.0009613464   0.0010683645
 24 3  -0.0014528648   0.0008041958   0.0000219595  -0.0001419867   0.0001232582
 24 4  -0.0001964275  -0.0000768023   0.0000939196   0.0006045308  -0.0002672922
 24 5   0.0010142280  -0.0011225974  -0.0010388204   0.0137777414   0.0012294682
 24 6   0.0007326481   0.0017982282  -0.0001788016  -0.0001762483  -0.0001735077
 24 7   0.0000796902  -0.0000765042   0.0001038757  -0.0003816865   0.0012540437
 24 8   0.0017932038   0.0009152102   0.0012990982   0.0020875943  -0.0000483270
 24 9   0.0000301105  -0.0001174687   0.0001966900   0.0004151740   0.0000099315
 2410   0.0003580852   0.0003375074   0.0003385758   0.0000990571   0.0001078373
 2411   0.0001483306  -0.0004186575  -0.0004640769   0.0003491377  -0.0000237376
 2412  -0.0000736703   0.0001087142  -0.0004067876  -0.0002643805  -0.0001277057
 2413  -0.0004337170  -0.0002167610  -0.0001336500   0.0002293192  -0.0000037073
 2414  -0.0003430164  -0.0001311651   0.0000090537   0.0000540200   0.0001135638
 2415   0.0000128746  -0.0004254905   0.0003666898   0.0000339819  -0.0000980999
 2416  -0.0006026716   0.0000174461   0.0000058401  -0.0005249739  -0.0042363375
 2417  -0.0045125774   0.0007373862  -0.0002953472   0.0002523813  -0.0000947224
 2418   0.0000300826  -0.0003577676  -0.0056688653   0.0030198251  -0.0072628439
 2419   0.0050987472   0.0026084311  -0.0060800224   0.0002215696   0.0001324362
 2420  -0.0000148492  -0.0002337031   0.0001213786  -0.0008298079  -0.0002933160
 2421   0.0009744296  -0.0001001078   0.0003096827   0.0003524247  -0.0003199168
 2422   0.0002200030  -0.0000314204  -0.0000501171  -0.0003740169  -0.0003440173
 2423   0.0000699486   0.0003935902  -0.0003398170   0.0001736445  -0.0001499429
 2424  -0.0001878258   0.0000720793   0.0005027308   0.0003125874  -0.0002643638
 2425   0.0001517715   0.0000864229   0.0000675730  -0.0004020145  -0.0001425836
 2426  -0.0001534159   0.0000642256   0.0002032554  -0.0002700184   0.0005746138
 2427   0.0009506560  -0.0000680703  -0.0010280974   0.0001869066  -0.0001532814
 2428   0.0005541274  -0.0012012767  -0.0006072804  -0.0006373766  -0.0005357709
 2429  -0.0000718263   0.0008210842   0.0007045823   0.0004228405   0.0007211510
 2430  -0.0007825791  -0.0008361662  -0.0007403156   0.0000694445  -0.0011144186
 2431  -0.0009864666  -0.0001186277  -0.0004137971   0.0005684130  -0.0002118153
 2432  -0.0002414014  -0.0000269682  -0.0000282400   0.0001315672  -0.0000059158
 2433   0.0001670365   0.0001992962  -0.0002724070   0.0000261481  -0.0002546256
 2434   0.0001713674  -0.0002209874  -0.0000744844  -0.0000107525  -0.0000112980
 2435   0.0001034924   0.0000306383   0.0000286881   0.0000531566  -0.0001559534
 2436   0.0004117317   0.0000637095   0.0003724961  -0.0003027427  -0.0003238835
 2437  -0.0000798308  -0.0000777440  -0.0000245414  -0.0000305421  -0.0000368610
 2438  -0.0000040956  -0.0000145994  -0.0000030081  -0.0000042896  -0.0000164861
 2439   0.0000020133   0.0000104516   0.0000202161   0.0000119413   0.0000785165
 2440  -0.0000334783  -0.0000252922   0.0002889571  -0.0000545655   0.0000114626
 2441   0.0000666857   0.0002153058   0.0000531183  -0.0004325047  -0.0000682859
 2442  -0.0000186573   0.0001081001  -0.0000104502  -0.0000524618   0.0000564598
 2443  -0.0000063342  -0.0000161968  -0.0000277060  -0.0000123683   0.0000206112
 2444   0.0000476518  -0.0000165457  -0.0000193235  -0.0000311100   0.0000409855
 2445   0.0000728491   0.0001728234  -0.0000054495  -0.0000127714  -0.0000201696
 2446  -0.0000061394  -0.0000234486   0.0000132938   0.0000018708  -0.0000004902
 2447  -0.0000702682   0.0000250910   0.0000028756   0.0000196695
 25 1   0.0001584481  -0.0001381709   0.0003400396  -0.0001677255  -0.0000068602
 25 2  -0.0001648618  -0.0001232740  -0.0002537739   0.0000813506  -0.0045080839
 25 3  -0.0105498635   0.0006517324  -0.0053700359   0.0126464664  -0.0000672167
 25 4  -0.0001275508   0.0002801541   0.0000794369  -0.0001439542   0.0002945018
 25 5  -0.0001071755  -0.0179568799   0.0000987034   0.0012294682   0.0624486472
 25 6  -0.0028033205   0.0016122548  -0.0211467553   0.0003778383  -0.0010849851
 25 7  -0.0000738646   0.0000657661   0.0000866708  -0.0003278707   0.0002336336
 25 8   0.0002060792  -0.0049173322   0.0106420561   0.0003485555  -0.0036620271
 25 9  -0.0101956172  -0.0008342454  -0.0002344434  -0.0010983522  -0.0001269815
 2510  -0.0003003744  -0.0003272826  -0.0000331025  -0.0000748949  -0.0000999707
 2511  -0.0002694292  -0.0000224317  -0.0001466126   0.0000213309   0.0002408843
 2512  -0.0001965910  -0.0001960977   0.0000871258   0.0000167798   0.0002877672
 2513   0.0005026022  -0.0000280962   0.0001596162  -0.0000244530   0.0002508416
 2514   0.0002711465  -0.0000688512   0.0002081468  -0.0002779553  -0.0000331807
 2515   0.0003520406   0.0000294150   0.0004539492  -0.0001944457  -0.0000897509
 2516   0.0001391571  -0.0000039801  -0.0000521319  -0.0001666024  -0.0002400022
 2517  -0.0005846365   0.0011787869  -0.0000266041  -0.0002332218   0.0000600979
 2518   0.0001109984   0.0000451110  -0.0005402272   0.0001677809  -0.0000969499
 2519  -0.0018624131   0.0023917094  -0.0069972358  -0.0023090023  -0.0018086487
 2520   0.0059132864   0.0000766567  -0.0000665378   0.0002098023   0.0001814610
 2521   0.0001728936  -0.0001450769  -0.0001629645  -0.0003605048  -0.0000122772
 2522  -0.0003970962  -0.0002831885   0.0002486748   0.0002442734  -0.0000014742
 2523  -0.0003060149  -0.0003765199   0.0002011675  -0.0002760979   0.0000561455
 2524   0.0002114135   0.0000987122  -0.0005091058  -0.0000142528   0.0002600148
 2525   0.0001187786   0.0001214912  -0.0000212105  -0.0003085751   0.0002781479
 2526   0.0002009622  -0.0000397429  -0.0002546308   0.0001640936   0.0001451607
 2527  -0.0003591920   0.0000152966   0.0000697307  -0.0000772607   0.0000215861
 2528  -0.0001859326  -0.0003312821   0.0000294478  -0.0002452935   0.0003242964
 2529   0.0002083277   0.0001871501   0.0000182223  -0.0000249670  -0.0000996283
 2530   0.0004164558   0.0001202106  -0.0003956221  -0.0002574590  -0.0003128295
 2531   0.0006596370  -0.0000295408   0.0006026734  -0.0004359194   0.0003637153
 2532  -0.0000323813  -0.0000236310  -0.0003692522  -0.0007077092   0.0005400714
 2533  -0.0001945427  -0.0004611256   0.0000062180  -0.0001429674   0.0003790424
 2534  -0.0000808427   0.0002586956   0.0001056994  -0.0000566681   0.0001611351
 2535  -0.0001485790  -0.0005379073   0.0000752470  -0.0000262144   0.0001561110
 2536   0.0002787039   0.0000963006   0.0002304099  -0.0001114364  -0.0000849874
 2537  -0.0000581122   0.0000052195  -0.0000529405   0.0000000882  -0.0000130063
 2538  -0.0000113515  -0.0000020927  -0.0000083970  -0.0000091632  -0.0000009965
 2539   0.0000078671  -0.0000040736   0.0000057330   0.0000030745  -0.0000287880
 2540   0.0000143262   0.0000568596  -0.0001814307   0.0000036594   0.0000073963
 2541   0.0000079398   0.0000143170  -0.0000405226   0.0000177146   0.0000052742
 2542   0.0000020433  -0.0000238713   0.0001172645  -0.0000283688   0.0000116946
 2543   0.0000558466   0.0000408608   0.0000926739  -0.0000165805  -0.0000079105
 2544  -0.0000712712  -0.0000037404   0.0000340149   0.0000419502  -0.0001002893
 2545  -0.0001132868  -0.0002713139  -0.0000008937  -0.0000034446   0.0000043874
 2546   0.0000235598   0.0000244569  -0.0000040208   0.0000367004  -0.0000007681
 2547   0.0001416358  -0.0000178890  -0.0000133759  -0.0000084290
 26 1   0.0002143046   0.0000370323   0.0001354499   0.0001283655  -0.0002692380
 26 2  -0.0000395844  -0.0001449363  -0.0000467607   0.0000709725  -0.0103981205
 26 3  -0.0151635049   0.0012167406   0.0126521347  -0.0186487504   0.0005643455
 26 4  -0.0002417901   0.0002434121  -0.0002003768   0.0003113689   0.0003253425
 26 5   0.0000523696   0.0004220465   0.0014564885   0.0007326481  -0.0028033205
 26 6   0.0678055345  -0.0001397140   0.0000999589   0.0015480350   0.0001371484
 26 7  -0.0000940761  -0.0004160186  -0.0000786507  -0.0000313987  -0.0003496944
 26 8   0.0001208969   0.0107783455  -0.0166173136  -0.0010663779  -0.0107556404
 26 9  -0.0172486038  -0.0013916539  -0.0000871942  -0.0003923251  -0.0002943521
 2610   0.0003499332   0.0001973918  -0.0001581829  -0.0000325162   0.0001790176
 2611  -0.0000870321   0.0000815645  -0.0001640372  -0.0003284936  -0.0001582385
 2612  -0.0001043340  -0.0000497055  -0.0001094941  -0.0000499102  -0.0000362501
 2613  -0.0000404942   0.0002165566   0.0002545109  -0.0000896048   0.0000389425
 2614   0.0000762963  -0.0000633199   0.0000699256  -0.0002760800   0.0001216842
 2615   0.0004712221   0.0000547714   0.0001134459   0.0001654389  -0.0001010751
 2616   0.0000268842  -0.0001168490   0.0001065397   0.0000655902  -0.0001842240
 2617  -0.0004900576  -0.0001920209  -0.0022297215  -0.0062221372  -0.0002718239
 2618  -0.0000521836  -0.0000553690   0.0000383161   0.0000765969  -0.0000153703
 2619   0.0024119754   0.0005038073   0.0038392985  -0.0020511988   0.0001246633
 2620   0.0031211982   0.0002035659  -0.0002083766   0.0001186919   0.0001499720
 2621  -0.0003780470   0.0001080848   0.0000304848  -0.0005480755   0.0010009112
 2622  -0.0001430389  -0.0004882315   0.0002426850   0.0001896749   0.0001163116
 2623   0.0000875281  -0.0001509386   0.0003784580  -0.0001334621  -0.0002265993
 2624   0.0002701963   0.0001214813  -0.0001733793  -0.0001247004   0.0005339387
 2625   0.0000234241   0.0000397508  -0.0000583399  -0.0003448985   0.0004264953
 2626   0.0001234064  -0.0001021948  -0.0005006134   0.0001977840   0.0003168525
 2627  -0.0003142071   0.0001334172  -0.0001566133   0.0000009901  -0.0000476672
 2628  -0.0000743403  -0.0002947903  -0.0001089282  -0.0000785727   0.0002307416
 2629  -0.0000376264  -0.0000470525  -0.0000155651  -0.0000929154  -0.0000700219
 2630   0.0003658968   0.0001712186   0.0000167728  -0.0001382681  -0.0000648476
 2631   0.0003273093  -0.0001344130  -0.0001271886  -0.0001105260   0.0000965374
 2632   0.0000179886  -0.0000425205   0.0000501279  -0.0002358984   0.0001533138
 2633  -0.0003614124  -0.0001332105   0.0001695773   0.0000533012   0.0001974492
 2634  -0.0001044682   0.0001886461   0.0000271999   0.0000074732  -0.0000367486
 2635  -0.0000713533   0.0000715333   0.0000957780  -0.0003917887   0.0000919107
 2636  -0.0006819678  -0.0007310932  -0.0001397875   0.0002620432   0.0001002279
 2637  -0.0000425575   0.0000260829   0.0000073038  -0.0000008154   0.0000064657
 2638   0.0000054242  -0.0000133451  -0.0000053687  -0.0000012786  -0.0000018963
 2639   0.0000153291  -0.0000091892   0.0000362886   0.0000458097  -0.0000997708
 2640   0.0001045422   0.0001395233  -0.0002771639   0.0000125958   0.0000415003
 2641   0.0000538567   0.0000250847  -0.0000128861  -0.0000131544  -0.0000024286
 2642  -0.0000048254  -0.0000351061  -0.0001497580   0.0000351003   0.0000710716
 2643   0.0000101417   0.0000052741   0.0000009623   0.0000015861  -0.0000152959
 2644  -0.0000458364   0.0000058830   0.0000194034   0.0000283633  -0.0000255789
 2645  -0.0000928679  -0.0001308871   0.0000089369   0.0000027923   0.0000215636
 2646   0.0000076490   0.0000262155  -0.0000191354  -0.0000139228   0.0000282455
 2647  -0.0000032494  -0.0000000479  -0.0000162941   0.0000458092
 27 1  -0.0000203034   0.0000663878   0.0000205059  -0.0001154517   0.0001412948
 27 2  -0.0001221759   0.0004511859  -0.0000792482   0.0001843048  -0.0015596829
 27 3  -0.0011872565   0.0012697570   0.0014614397  -0.0012419851   0.0014093088
 27 4  -0.0000513665   0.0001461646   0.0000823376   0.0000839962   0.0001222895
 27 5   0.0001419452  -0.0009660462   0.0002355960   0.0017982282   0.0016122548
 27 6  -0.0001397140   0.0164366780   0.0010789442  -0.0001351609   0.0009730441
 27 7  -0.0000244241  -0.0000332954   0.0000326646  -0.0000206559   0.0001282075
 27 8   0.0002241693  -0.0008772756   0.0007940423   0.0008120366   0.0000561004
 27 9   0.0002045275   0.0026912401   0.0001525533  -0.0001071779   0.0000542540
 2710   0.0000102147  -0.0000867583   0.0000816962  -0.0001361131  -0.0001873367
 2711   0.0003289900  -0.0000875381   0.0001455936  -0.0001063206   0.0000705638
 2712  -0.0002018058   0.0001935382   0.0001132237  -0.0002308282   0.0000239518
 2713   0.0000532559  -0.0000276741  -0.0000549310  -0.0000027748  -0.0000132869
 2714  -0.0000774387  -0.0002425251   0.0000043639  -0.0004427477   0.0001366068
 2715   0.0001883565  -0.0003583235   0.0001116400  -0.0001365386   0.0000778359
 2716   0.0000929486  -0.0000460718  -0.0001759243  -0.0004277716  -0.0000192868
 2717   0.0001465888   0.0005188540  -0.0040661662  -0.0059724075   0.0000000917
 2718  -0.0000220071   0.0000540744  -0.0000185717   0.0000874750  -0.0005348251
 2719  -0.0069426635   0.0032519939  -0.0094099271   0.0055204977   0.0016483504
 2720  -0.0072636291   0.0001382836   0.0000229947   0.0001111328  -0.0001118317
 2721  -0.0001073602  -0.0004139144  -0.0002925047   0.0010465768   0.0003289783
 2722   0.0003902008   0.0002002941   0.0001808773  -0.0000229659  -0.0000250106
 2723  -0.0001528214  -0.0000099445  -0.0000682963  -0.0001433067  -0.0003187620
 2724  -0.0000712832   0.0000935590  -0.0000440137  -0.0000306927   0.0004756650
 2725   0.0000340633   0.0000404365   0.0000056533  -0.0000281321   0.0000553449
 2726   0.0000487936  -0.0000025921  -0.0000387647   0.0000766622  -0.0000592408
 2727   0.0000004827  -0.0000786462  -0.0000006481  -0.0000346138  -0.0000977328
 2728  -0.0000073581  -0.0001501517   0.0001750526  -0.0006610877   0.0003097548
 2729  -0.0000738627   0.0000964986   0.0001148076   0.0001827536  -0.0000590358
 2730   0.0000197754  -0.0000398313   0.0012161099  -0.0001436533  -0.0007719288
 2731   0.0007064884  -0.0009435158  -0.0010261041   0.0000188616   0.0008776483
 2732   0.0003855253  -0.0010123557  -0.0008469004  -0.0006219911  -0.0002723991
 2733   0.0000754932  -0.0002083207   0.0002754128   0.0002805004   0.0002498559
 2734  -0.0000851862   0.0001979336   0.0000652050   0.0001349499  -0.0003079548
 2735   0.0000855144   0.0003255000   0.0002227229  -0.0001209944  -0.0000938583
 2736  -0.0001547253  -0.0008210540  -0.0002198740  -0.0000143783   0.0002564912
 2737  -0.0000137297   0.0000182239  -0.0000367647  -0.0000088412   0.0000010828
 2738   0.0000057687  -0.0000017575   0.0000012057  -0.0000011435  -0.0000064776
 2739  -0.0000046204   0.0000025869  -0.0000063089  -0.0000001582   0.0000003129
 2740   0.0000285634   0.0000457076  -0.0000429079  -0.0000113003   0.0000074687
 2741  -0.0000042777   0.0000065368  -0.0000050502  -0.0000088772  -0.0000198146
 2742   0.0000145674  -0.0000156237  -0.0000283673   0.0001024771  -0.0003776479
 2743   0.0001094259   0.0000218283   0.0000962114  -0.0000096682  -0.0000067323
 2744  -0.0000440663   0.0000137615   0.0000181548   0.0000035489   0.0000191812
 2745  -0.0000784379  -0.0001017190   0.0000146720  -0.0000025126   0.0000146637
 2746  -0.0000317854   0.0000435933  -0.0000703515  -0.0000974692   0.0000850508
 2747  -0.0001712019  -0.0000224062   0.0000076420   0.0000817787
 28 1  -0.0001310551  -0.0001996218   0.0001088765  -0.0001128778   0.0001257823
 28 2   0.0001818274  -0.0001865921   0.0001192274   0.0000408311  -0.0000565293
 28 3  -0.0000741734   0.0002405900  -0.0060050255  -0.0130408773  -0.0001650497
 28 4   0.0001954887  -0.0002548257  -0.0001008140  -0.0000606599  -0.0001080565
 28 5  -0.0000165162   0.0001493194  -0.0000914133  -0.0001788016  -0.0211467553
 28 6   0.0000999589   0.0010789442   0.0436397720   0.0117095798   0.0055620693
 28 7   0.0003549491   0.0001837480   0.0001713943  -0.0001648462   0.0001174938
 28 8   0.0000281475  -0.0002684185   0.0000105561   0.0001084394  -0.0048088609
 28 9   0.0102948570   0.0006102445  -0.0066473385  -0.0107755891  -0.0000086941
 2810   0.0000329542  -0.0001015414   0.0000893830   0.0000938316   0.0002504687
 2811   0.0000152093   0.0002637541   0.0001610311  -0.0001666227  -0.0004092579
 2812  -0.0001270102   0.0002228184   0.0000507751   0.0000961733  -0.0001939081
 2813  -0.0002677987   0.0000514373   0.0001319251   0.0000477054   0.0000126357
 2814  -0.0003303432  -0.0002656233  -0.0003187600   0.0001499373   0.0001434288
 2815  -0.0005571042   0.0001941530   0.0000359105   0.0001889769   0.0000400607
 2816   0.0005598454   0.0001747731  -0.0003032595  -0.0005943693   0.0001095732
 2817  -0.0003604573  -0.0003937258  -0.0003270597  -0.0003200326  -0.0002073048
 2818  -0.0000737539  -0.0001227299   0.0002029405  -0.0003442634  -0.0003224631
 2819  -0.0006931732   0.0001661119  -0.0002408768  -0.0020001609   0.0020960768
 2820  -0.0062649265  -0.0000126529  -0.0001517779  -0.0000497380  -0.0001176424
 2821   0.0000351476   0.0000469530  -0.0001162447   0.0002617383  -0.0002849376
 2822  -0.0000435952   0.0000323175  -0.0001222697   0.0000496968   0.0001086786
 2823   0.0002044180   0.0004015703   0.0005437345  -0.0002032458  -0.0004929801
 2824   0.0000520811  -0.0001166438   0.0002884466  -0.0000756794  -0.0002815412
 2825  -0.0000723158  -0.0000867537  -0.0000295071   0.0002231184  -0.0000175183
 2826   0.0001174547  -0.0000117219  -0.0000149193   0.0000558075  -0.0001884815
 2827   0.0002452243  -0.0002237817   0.0001987107   0.0000053052   0.0000327581
 2828  -0.0000919662   0.0002310846   0.0000731407   0.0004176577  -0.0002000746
 2829   0.0000592502  -0.0001812018  -0.0000746801   0.0000445277   0.0001770020
 2830  -0.0002238188  -0.0000407285  -0.0005144842   0.0000642847   0.0000517707
 2831   0.0005877901  -0.0000985121   0.0001802182  -0.0006564664   0.0000413591
 2832   0.0005941344  -0.0003242610  -0.0002132306   0.0000002642  -0.0001233077
 2833   0.0003386839   0.0000460036  -0.0002780457   0.0000726311   0.0000064751
 2834  -0.0000207902  -0.0003256766  -0.0006656271   0.0000298970   0.0000438813
 2835   0.0000499751   0.0001889966  -0.0000233284   0.0000528698  -0.0000167670
 2836  -0.0001038504  -0.0001145303   0.0000315087  -0.0000219509   0.0000595346
 2837   0.0000216287   0.0000335582   0.0000668704  -0.0000049093   0.0000112005
 2838   0.0000054018   0.0000056207   0.0000022559   0.0000040896   0.0000038224
 2839  -0.0000016472   0.0000028153  -0.0000001112  -0.0000101319  -0.0000018744
 2840   0.0000081676  -0.0000823990  -0.0000794003   0.0000009693  -0.0000022679
 2841  -0.0000077469  -0.0000162566   0.0000091547  -0.0000158210   0.0000034904
 2842  -0.0000097304  -0.0000065869  -0.0000143104   0.0000311855  -0.0000655602
 2843   0.0000047038  -0.0000526133   0.0003616995   0.0000566805  -0.0000542091
 2844  -0.0000005466   0.0000045066  -0.0000018630   0.0000294256  -0.0008087179
 2845   0.0001375044   0.0002923101   0.0000024417   0.0000108973   0.0000174781
 2846   0.0000210937   0.0000073467   0.0000050580   0.0000121741  -0.0000429071
 2847  -0.0000096163   0.0000172337  -0.0000041265  -0.0000203560
 29 1  -0.0002857680  -0.0000110506   0.0000316763  -0.0000742950   0.0000514745
 29 2  -0.0000404815  -0.0004790324  -0.0000427264  -0.0000842432  -0.0001166595
 29 3  -0.0003682421  -0.0002567472  -0.0087160424  -0.0182024485  -0.0005684578
 29 4  -0.0000299786  -0.0001126508  -0.0000236019  -0.0000293585   0.0000412775
 29 5  -0.0002074723   0.0002284526   0.0003561226  -0.0001762483   0.0003778383
 29 6   0.0015480350  -0.0001351609   0.0117095798   0.0580253007  -0.0019217656
 29 7   0.0001310640   0.0003819911   0.0001855444  -0.0001295442   0.0000932312
 29 8   0.0001932910   0.0000816034  -0.0005023650  -0.0000919510   0.0099743098
 29 9  -0.0160963087  -0.0008085127  -0.0140945716  -0.0226026037  -0.0001433082
 2910  -0.0003114118  -0.0001479224   0.0002789561  -0.0001324889   0.0000517699
 2911  -0.0000354854  -0.0002648952   0.0003471236  -0.0002162343   0.0002755651
 2912  -0.0006911894   0.0000172321  -0.0000774399   0.0000154854  -0.0002560460
 2913  -0.0000311511  -0.0000583862   0.0001785541   0.0000806196   0.0000779851
 2914  -0.0001819168  -0.0003148780   0.0000055019   0.0000879213   0.0001206142
 2915  -0.0001806320   0.0004455616   0.0002309481  -0.0001389120   0.0002878516
 2916   0.0004802750   0.0001632327  -0.0000220502  -0.0002891530   0.0005013854
 2917  -0.0000328373  -0.0001996981  -0.0002715953  -0.0007070616   0.0000317944
 2918   0.0000046286   0.0000397512   0.0005333244  -0.0003362297  -0.0002961554
 2919  -0.0002674993  -0.0001479263   0.0000768945   0.0018386397  -0.0004255561
 2920   0.0034529582   0.0001862735   0.0000417513   0.0001015007  -0.0000801807
 2921  -0.0002742637  -0.0001622471  -0.0001357055   0.0000249426   0.0001400213
 2922   0.0001140814  -0.0004100670   0.0006467071   0.0000731183  -0.0000540524
 2923  -0.0000718156   0.0003675740   0.0001054150  -0.0000343059  -0.0007754214
 2924  -0.0001422248  -0.0000418636   0.0002096369  -0.0005432216   0.0002642030
 2925  -0.0001950239  -0.0002223192  -0.0000747066   0.0004802615  -0.0000287112
 2926  -0.0001188877  -0.0000458481   0.0000277081   0.0001644823  -0.0001722120
 2927   0.0003066949   0.0001495108  -0.0000231831   0.0000300665   0.0000357676
 2928   0.0000406939   0.0002817693  -0.0004566840   0.0002155289  -0.0001640756
 2929  -0.0000468549  -0.0003258278   0.0000221972   0.0000971746   0.0002987748
 2930  -0.0002118689   0.0001344181  -0.0003192513   0.0000202407   0.0001621156
 2931   0.0001457461   0.0001540838  -0.0000961890   0.0001544942   0.0000666814
 2932  -0.0001474393  -0.0001252892   0.0000593548   0.0004068732  -0.0003207923
 2933  -0.0004375374   0.0001525407  -0.0002626034   0.0003520137  -0.0003108172
 2934   0.0002839811  -0.0004108616  -0.0004076198   0.0001955091  -0.0002883914
 2935   0.0002190396   0.0001975030   0.0000974185  -0.0000213865  -0.0003795993
 2936  -0.0000510967  -0.0003428932   0.0001380222   0.0002003254   0.0006677876
 2937  -0.0000017837   0.0001179884   0.0001380784   0.0000011129   0.0000370778
 2938   0.0000298107   0.0000171631  -0.0000074422  -0.0000162756   0.0000103425
 2939  -0.0000067960  -0.0000064753  -0.0000083574  -0.0000442189   0.0000128705
 2940  -0.0000108924  -0.0000288851  -0.0001403026  -0.0000001055  -0.0000101372
 2941  -0.0000180194  -0.0000162789  -0.0000084812  -0.0000420480   0.0000130906
 2942  -0.0000191936  -0.0000352474   0.0000420724   0.0000056281  -0.0000380719
 2943  -0.0000887858  -0.0000697028  -0.0001141611  -0.0000001993   0.0000645502
 2944   0.0000012875   0.0000210577   0.0000303877   0.0000464032  -0.0000110518
 2945  -0.0000246263   0.0003600634  -0.0000054014  -0.0000134743   0.0000433267
 2946  -0.0000108590  -0.0000014315  -0.0000882116  -0.0001228846   0.0000828575
 2947  -0.0002566784  -0.0000192633   0.0000161280   0.0000447640
 30 1  -0.0000033168   0.0003692232   0.0001575062   0.0000893915  -0.0000407581
 30 2   0.0001413231  -0.0001068261   0.0000289473  -0.0001301545   0.0000044250
 30 3  -0.0001039432   0.0000884561  -0.0009058412  -0.0027077863   0.0000616902
 30 4  -0.0003595110   0.0000749696   0.0002104826   0.0001696067  -0.0001027524
 30 5   0.0001192842   0.0001485515  -0.0001295846  -0.0001735077  -0.0010849851
 30 6   0.0001371484   0.0009730441   0.0055620693  -0.0019217656   0.0083756154
 30 7  -0.0001977060  -0.0003549100   0.0000981829   0.0000732674  -0.0001097212
 30 8  -0.0002957173   0.0000342158   0.0001333232   0.0001742504  -0.0003602063
 30 9   0.0007808865   0.0009347593   0.0003590716   0.0014004672   0.0003990215
 3010   0.0003519538   0.0005918985  -0.0000661164   0.0002491287   0.0000683537
 3011   0.0000749395  -0.0002394521  -0.0001724591   0.0000142831   0.0001222335
 3012   0.0000775635   0.0002270353  -0.0004761263  -0.0002714659   0.0003913651
 3013  -0.0003031977   0.0000970069   0.0001018291  -0.0001955660  -0.0002738486
 3014   0.0000630297   0.0002820071  -0.0000373666   0.0000770811   0.0001258723
 3015   0.0001826831  -0.0004893602   0.0000618658   0.0000169093  -0.0001799149
 3016   0.0004344472   0.0000493760  -0.0001791082  -0.0004779937  -0.0001034016
 3017  -0.0002667550  -0.0001379557  -0.0000598990   0.0003746679  -0.0000721349
 3018   0.0000407150  -0.0002264666  -0.0001596664  -0.0003940612   0.0001191049
 3019  -0.0000414710  -0.0000069628  -0.0001442836  -0.0037092206   0.0027036851
 3020  -0.0082639496   0.0000662131  -0.0002504762  -0.0002770808  -0.0002108211
 3021   0.0001976360   0.0002678659   0.0000038122   0.0001351520  -0.0004809841
 3022   0.0002461767  -0.0001704279  -0.0000693384  -0.0000598788  -0.0000354462
 3023   0.0002896248   0.0000321701  -0.0000209718   0.0001201603   0.0005115713
 3024  -0.0002547168  -0.0000065684   0.0000318966   0.0005624818  -0.0005145047
 3025   0.0001721269   0.0001200726   0.0000837490  -0.0004980503  -0.0000544036
 3026  -0.0001447572   0.0000847188   0.0000622758  -0.0002416605   0.0004020057
 3027  -0.0002029996   0.0001009748  -0.0003903206  -0.0000509770   0.0000071503
 3028   0.0003091565  -0.0000928911   0.0001828083  -0.0002290987   0.0001528559
 3029  -0.0000780531   0.0001503874  -0.0000151545  -0.0000976049  -0.0001624478
 3030   0.0003038377   0.0000478114   0.0003136528  -0.0001726024  -0.0001833254
 3031  -0.0007163299   0.0009092763   0.0000616733   0.0011421741  -0.0001377128
 3032  -0.0008984602  -0.0002141784   0.0005557380   0.0002424823  -0.0004421981
 3033  -0.0010209512  -0.0002573285   0.0003297681   0.0004150567  -0.0006617919
 3034   0.0000392006  -0.0005555321  -0.0010735845  -0.0002328417   0.0003201687
 3035   0.0001057232  -0.0001547979  -0.0001020043  -0.0001781268   0.0001347746
 3036  -0.0005833868   0.0006832942  -0.0002209378  -0.0001609538  -0.0006508554
 3037  -0.0000693831  -0.0000532183  -0.0000676979  -0.0000134656  -0.0000268789
 3038   0.0000107791  -0.0000212481  -0.0000044955   0.0000015379  -0.0000036402
 3039   0.0000136752  -0.0000090628   0.0000100882   0.0000593437   0.0000306941
 3040  -0.0000741656   0.0000250448   0.0002476061   0.0000133669   0.0000194263
 3041   0.0000222253   0.0000065915   0.0000003830   0.0000091700  -0.0000144434
 3042  -0.0000072886   0.0000091589  -0.0000661689  -0.0000991979   0.0001281447
 3043  -0.0000818576   0.0000233123  -0.0007556218   0.0000820641  -0.0001078863
 3044   0.0000525181  -0.0000004648   0.0000295977   0.0000714836   0.0003932941
 3045   0.0003234005   0.0006860389   0.0000215637   0.0000278497  -0.0000563151
 3046  -0.0000121232   0.0000120192   0.0001654904   0.0001512649  -0.0000998300
 3047   0.0002967769   0.0000038925   0.0000493295   0.0000161629
 31 1   0.0001695128  -0.0003411588  -0.0002411934  -0.0002932900   0.0000367719
 31 2   0.0001093770   0.0003873298   0.0002568548  -0.0000333043  -0.0002010498
 31 3  -0.0002453942   0.0000115912  -0.0000834425   0.0002282881   0.0000953864
 31 4  -0.0071918861  -0.0106069912   0.0003138450  -0.0036534141   0.0090553200
 31 5  -0.0017358570  -0.0004717301  -0.0000348136   0.0000796902  -0.0000738646
 31 6  -0.0000940761  -0.0000244241   0.0003549491   0.0001310640  -0.0001977060
 31 7   0.0431498929   0.0143359813  -0.0079233701  -0.0214459804   0.0006307989
 31 8  -0.0015447724  -0.0000259916   0.0002358946   0.0002087063  -0.0000885405
 31 9   0.0000041314  -0.0000198787   0.0000883866  -0.0002826239   0.0000401049
 3110  -0.0054389570  -0.0103263122  -0.0006506019  -0.0003834427  -0.0002658422
 3111   0.0001478472   0.0000123517  -0.0001959942   0.0000380821  -0.0000165475
 3112  -0.0000404222   0.0000563722  -0.0002963544  -0.0003490742   0.0001070556
 3113   0.0004121225   0.0000704870  -0.0000785193  -0.0003274796   0.0001625116
 3114  -0.0000816036   0.0000237144   0.0001728149  -0.0001501628  -0.0002505317
 3115   0.0002194280  -0.0000447868  -0.0002963424  -0.0001062146   0.0001785245
 3116   0.0002857777   0.0003634959  -0.0000652445  -0.0000953010  -0.0002161990
 3117   0.0000406151   0.0001020487   0.0000815491  -0.0001164428   0.0007734786
 3118   0.0005072500   0.0000075739  -0.0005817055   0.0001605434   0.0003164432
 3119   0.0002397493  -0.0000224716  -0.0002456397   0.0002041741  -0.0000791053
 3120  -0.0000855431  -0.0045882208  -0.0036717226   0.0110235377  -0.0004395003
 3121  -0.0000600999  -0.0000338718  -0.0000153181  -0.0002105714   0.0001379392
 3122  -0.0001372883  -0.0002221826  -0.0000492078  -0.0000682020  -0.0001321690
 3123   0.0001243087  -0.0001944674   0.0000693100   0.0002273222   0.0002487611
 3124   0.0001449932   0.0000518043  -0.0000669036   0.0000848821  -0.0002093342
 3125  -0.0001671915  -0.0003468939   0.0003833118   0.0003865130   0.0001043747
 3126   0.0000051469   0.0002679655  -0.0000256251  -0.0001490167  -0.0000856919
 3127   0.0000914617   0.0000229842  -0.0004617476   0.0001192928  -0.0004939277
 3128   0.0007160209  -0.0001683855   0.0001644355  -0.0002614101   0.0003806792
 3129   0.0000220949   0.0001339253  -0.0000647986  -0.0000812383  -0.0001663792
 3130   0.0001782805  -0.0001072250   0.0005811247   0.0000819230   0.0001104547
 3131  -0.0005681383  -0.0001790969  -0.0000731994   0.0004150911  -0.0001419327
 3132  -0.0001104727  -0.0002364003  -0.0001512570   0.0001889465  -0.0000777476
 3133   0.0002952267   0.0002225052  -0.0001760254  -0.0000905235  -0.0002150959
 3134   0.0001282207  -0.0001518449  -0.0000241769  -0.0000566593   0.0001048093
 3135  -0.0000010695   0.0001812055  -0.0000267249   0.0000994692  -0.0001664069
 3136   0.0002521373  -0.0001545756  -0.0001584378  -0.0002596094   0.0000435809
 3137   0.0002233405   0.0004640412   0.0000556537   0.0000001623   0.0000319909
 3138   0.0001576421  -0.0000219253  -0.0000568984  -0.0000669147  -0.0000218389
 3139   0.0000174082  -0.0000425568   0.0000205117   0.0000567356   0.0000494071
 3140  -0.0000964222   0.0000571276   0.0001425718   0.0000229523   0.0000043601
 3141   0.0000679098  -0.0000031770   0.0000012530  -0.0000424066  -0.0000392065
 3142  -0.0000030147  -0.0000248764   0.0000021181   0.0000046674  -0.0000172144
 3143  -0.0000100406  -0.0000089577  -0.0000400456  -0.0000140558   0.0000226755
 3144   0.0000260446  -0.0000141312  -0.0000093228  -0.0000057329   0.0000045476
 3145   0.0000437096   0.0000474312  -0.0000019725  -0.0000075291  -0.0000156415
 3146  -0.0000134168  -0.0000278714   0.0000245425   0.0000098939  -0.0000203124
 3147   0.0000509053  -0.0000016675  -0.0000204869  -0.0000043136
 32 1  -0.0000962241   0.0000717788   0.0000384205   0.0002046378  -0.0006623071
 32 2   0.0004111159   0.0005934452  -0.0001174125  -0.0000528364  -0.0005015110
 32 3   0.0000802168  -0.0003874949  -0.0000162013  -0.0003975367   0.0002603060
 32 4  -0.0138087328  -0.0211483778   0.0017083794   0.0093544082  -0.0154527482
 32 5   0.0030906459   0.0003040611  -0.0003255460  -0.0000765042   0.0000657661
 32 6  -0.0004160186  -0.0000332954   0.0001837480   0.0003819911  -0.0003549100
 32 7   0.0143359813   0.0588236838  -0.0008478923   0.0007733272   0.0016739745
 32 8   0.0002262640   0.0000791444   0.0001955819   0.0001508325   0.0004060426
 32 9  -0.0000092145  -0.0001342408  -0.0002710560  -0.0003253981   0.0000676750
 3210  -0.0068859147  -0.0165325631  -0.0007157534  -0.0003130426  -0.0001272035
 3211   0.0004284438  -0.0003164545  -0.0003186638   0.0000699976   0.0000487485
 3212   0.0001252644  -0.0002119739  -0.0005905563  -0.0002058572   0.0000921405
 3213  -0.0000416401   0.0003623020   0.0001808062  -0.0005866240   0.0001588647
 3214  -0.0000326118   0.0006044845   0.0001344115  -0.0003121906   0.0000223407
 3215   0.0008588960  -0.0000991649  -0.0003007192   0.0002870101   0.0000334660
 3216   0.0000825227  -0.0001166226   0.0000910086   0.0002696866  -0.0003431506
 3217   0.0005665153  -0.0000784384  -0.0001219501   0.0004009906  -0.0008598810
 3218  -0.0051382384  -0.0095387881   0.0007266923   0.0001741492  -0.0005289523
 3219  -0.0004443238   0.0001495891   0.0000388758   0.0000886263  -0.0000116858
 3220   0.0003597848  -0.0028962919  -0.0006249391   0.0053377850   0.0000430756
 3221  -0.0004659085  -0.0000372647   0.0000533437  -0.0003186719   0.0000300803
 3222  -0.0001062507   0.0002771686   0.0002650065  -0.0001782316   0.0000446113
 3223   0.0001951889  -0.0004675390   0.0000471040   0.0001910542   0.0006732006
 3224   0.0000321229   0.0000936300  -0.0002900811   0.0000897169  -0.0000242468
 3225  -0.0002946096  -0.0001104736   0.0002934499  -0.0007189942   0.0004736439
 3226   0.0008834627  -0.0002194951  -0.0009102972  -0.0001944851   0.0004915479
 3227  -0.0002291521  -0.0002052554  -0.0000203922  -0.0000383138  -0.0000987726
 3228   0.0000204323  -0.0006061299   0.0006082341   0.0003247239   0.0007003501
 3229  -0.0001167793  -0.0003560351  -0.0001535595  -0.0003156410   0.0000071553
 3230   0.0001519776   0.0003245463  -0.0003029980  -0.0001889976  -0.0000690185
 3231   0.0001200158  -0.0002390567  -0.0000718837  -0.0002253236  -0.0001856691
 3232  -0.0001314736   0.0002128819   0.0003291928  -0.0000984569  -0.0000270777
 3233  -0.0004094276   0.0000465208   0.0003949426  -0.0000543822  -0.0000548266
 3234  -0.0002444388   0.0003583282   0.0001176165  -0.0001510922   0.0002509938
 3235  -0.0001441445   0.0001709145  -0.0000178955  -0.0000307574  -0.0001219830
 3236   0.0001614138  -0.0002078217  -0.0001827082   0.0000261978  -0.0004506568
 3237   0.0004409246   0.0005120998  -0.0000648297   0.0000052703   0.0000656840
 3238   0.0000500501  -0.0000345693   0.0000026309   0.0000014192  -0.0000059847
 3239  -0.0000243600   0.0000240985   0.0001002858   0.0001221441  -0.0003698933
 3240   0.0005957090  -0.0006022805  -0.0007543761   0.0000182929  -0.0000228071
 3241   0.0000471286   0.0000029059  -0.0000111053   0.0000310244   0.0000032442
 3242   0.0000134479  -0.0000602112  -0.0000042390   0.0000108923   0.0000076780
 3243   0.0000203595   0.0000036858   0.0000266470   0.0000102958  -0.0000717737
 3244  -0.0000522648   0.0000000526   0.0000139411   0.0000300545  -0.0000351502
 3245  -0.0001414496  -0.0002413252   0.0000075651   0.0000276247  -0.0000094169
 3246   0.0000413020   0.0000125825   0.0000785514   0.0001150270  -0.0000043565
 3247   0.0002479950  -0.0000223274  -0.0000037671  -0.0000164795
 33 1   0.0001391220  -0.0003125107   0.0002321167  -0.0002413512  -0.0001418514
 33 2   0.0000216007  -0.0006411409   0.0000487880  -0.0001942749   0.0009318993
 33 3   0.0002713343  -0.0004283825  -0.0003484352  -0.0002126701   0.0003758634
 33 4   0.0000653910   0.0006739208   0.0002185859  -0.0006935598   0.0016504267
 33 5   0.0003299723  -0.0003746043   0.0004442955   0.0001038757   0.0000866708
 33 6  -0.0000786507   0.0000326646   0.0001713943   0.0001855444   0.0000981829
 33 7  -0.0079233701  -0.0008478923   0.0290308157   0.0004289859  -0.0002299127
 33 8   0.0014714973  -0.0001064039   0.0001360863   0.0001855851   0.0000063722
 33 9   0.0000784013   0.0000414585  -0.0000512133  -0.0003346695  -0.0000709917
 3310   0.0004242875   0.0007423571  -0.0002297119  -0.0000940821   0.0000922067
 3311  -0.0000361100   0.0001392715   0.0000506608  -0.0000610823  -0.0001156821
 3312  -0.0000932764   0.0001307634   0.0000794300   0.0001372214  -0.0002955481
 3313   0.0002697230   0.0001652544   0.0003997195  -0.0002467652   0.0000937297
 3314   0.0001292699  -0.0000153113  -0.0001085156  -0.0000120857  -0.0001844580
 3315  -0.0002041362  -0.0000039305   0.0003589484  -0.0002669456  -0.0003617021
 3316  -0.0003109006  -0.0004438362  -0.0003338271   0.0000207127  -0.0001343499
 3317  -0.0001145944  -0.0001984262  -0.0000086030   0.0000730731  -0.0016734619
 3318  -0.0081416464  -0.0096785860   0.0008344296  -0.0000354633  -0.0003953363
 3319  -0.0001738845   0.0000963849  -0.0001982693  -0.0000665204  -0.0003005900
 3320   0.0001584002   0.0084932922   0.0064532003  -0.0156839983   0.0003294749
 3321  -0.0001730979  -0.0002760484  -0.0001699944   0.0001904143   0.0002117042
 3322   0.0002797147   0.0004135006   0.0001590180   0.0003727960   0.0001553148
 3323  -0.0001743671  -0.0002788516   0.0000629052   0.0000160406  -0.0000592945
 3324   0.0000310108  -0.0001004691   0.0002786778  -0.0000943945  -0.0000897036
 3325   0.0003074813   0.0002078409  -0.0014027894   0.0014691168  -0.0003229211
 3326   0.0002877325  -0.0000007071  -0.0008729365  -0.0012471864  -0.0020726898
 3327   0.0004903072  -0.0013320807   0.0007563767   0.0000280794  -0.0003738930
 3328  -0.0002283057   0.0002313718   0.0005932907  -0.0000139728  -0.0000211500
 3329   0.0002006100   0.0000775980   0.0000568726   0.0001310320   0.0000714145
 3330  -0.0003369745  -0.0004195389   0.0000765089   0.0002697069  -0.0000610051
 3331  -0.0001576116  -0.0001924525   0.0000098085   0.0000310996  -0.0000821637
 3332  -0.0000923665   0.0000342634  -0.0000783052  -0.0000723192   0.0002799495
 3333  -0.0000335825  -0.0002682983  -0.0000482159  -0.0000153250   0.0005087837
 3334  -0.0001055079   0.0001700806   0.0000395503   0.0000386190  -0.0001120721
 3335   0.0000356501  -0.0002387222  -0.0000098692  -0.0000041992   0.0002225843
 3336   0.0001709114  -0.0000203889  -0.0002116891  -0.0001683667  -0.0001578415
 3337   0.0000866661   0.0002156400  -0.0003731754   0.0000193360   0.0000080199
 3338  -0.0002080831  -0.0000431794  -0.0000209594   0.0001363618  -0.0000379110
 3339   0.0000314283   0.0000259818   0.0000182513  -0.0000218363  -0.0002686437
 3340  -0.0000854859   0.0004557638  -0.0001388809   0.0000704525   0.0000007137
 3341   0.0000351218  -0.0000128946  -0.0000130339   0.0000356389  -0.0000103629
 3342  -0.0000220590   0.0000282062   0.0000118124   0.0000087325   0.0000270186
 3343  -0.0000031125  -0.0000008161   0.0000373499   0.0000015720   0.0000039685
 3344  -0.0000526082   0.0000034476   0.0000082016   0.0000136841  -0.0000673926
 3345  -0.0000317744  -0.0001711384  -0.0000012133  -0.0000031561   0.0000170417
 3346   0.0000270021   0.0000087082  -0.0000312766  -0.0000148474  -0.0000060183
 3347  -0.0001116957   0.0000073871  -0.0000105208  -0.0000366419
 34 1   0.0001019250   0.0001062262   0.0000008573   0.0000100591  -0.0003380987
 34 2  -0.0002415244  -0.0000330055  -0.0004042019  -0.0001246298   0.0000764530
 34 3   0.0001687512   0.0000203302   0.0002222090  -0.0000494450  -0.0002309133
 34 4  -0.0002960348  -0.0000838620   0.0002022070  -0.0042347580  -0.0100458045
 34 5   0.0011132261  -0.0057875703   0.0120330473  -0.0003816865  -0.0003278707
 34 6  -0.0000313987  -0.0000206559  -0.0001648462  -0.0001295442   0.0000732674
 34 7  -0.0214459804   0.0007733272   0.0004289859   0.0665120838  -0.0026272688
 34 8  -0.0010662525  -0.0215213165   0.0003612321  -0.0001157590  -0.0003672989
 34 9  -0.0000295289   0.0002179119  -0.0000038763   0.0003065721   0.0002051755
 3410  -0.0050249343   0.0108531061   0.0006598552  -0.0033321732  -0.0090727595
 3411  -0.0004735035  -0.0002443212   0.0000244859  -0.0000231257   0.0000348136
 3412   0.0000240108   0.0000780128   0.0001137141  -0.0001487512   0.0000785131
 3413  -0.0004793548  -0.0002548225  -0.0000720784   0.0004629501  -0.0002606379
 3414  -0.0000386984  -0.0000200379   0.0000822247  -0.0000284638  -0.0001051169
 3415  -0.0001978778  -0.0000118146   0.0002421552  -0.0003597901  -0.0001181445
 3416  -0.0000373204  -0.0003690094  -0.0001000313  -0.0002143726  -0.0000466348
 3417  -0.0000947781   0.0000704372  -0.0000784782   0.0000898461  -0.0004580950
 3418  -0.0003097214  -0.0005239543   0.0009019176  -0.0000251542   0.0010468457
 3419  -0.0003484705   0.0001591649   0.0006561279   0.0000127801   0.0000589229
 3420  -0.0000268274  -0.0017905231   0.0020000163  -0.0053817184  -0.0018982486
 3421  -0.0017238066   0.0056083291  -0.0001318228   0.0001304645   0.0000163543
 3422  -0.0000775972   0.0000901277  -0.0000663373  -0.0000611864  -0.0000789676
 3423  -0.0000785680   0.0001833920  -0.0002275105   0.0001203724  -0.0000963613
 3424   0.0000069063  -0.0000567873   0.0000872719   0.0000099848  -0.0001616499
 3425   0.0002424062   0.0002270893  -0.0000907678   0.0001392468  -0.0000854267
 3426   0.0002285718   0.0000002520   0.0002743228  -0.0000723784  -0.0006097594
 3427  -0.0005512773   0.0006480182   0.0005733520   0.0003364090  -0.0003438052
 3428  -0.0003645601  -0.0001301684  -0.0004052330  -0.0001088174   0.0001206274
 3429   0.0001199351  -0.0000036271   0.0003062458  -0.0003451368  -0.0000492445
 3430   0.0000201730   0.0005764772   0.0002960017  -0.0000065857  -0.0001879788
 3431  -0.0001506923  -0.0001295572   0.0001022597   0.0000073975  -0.0000010856
 3432  -0.0000134562   0.0000437662   0.0000583152   0.0000045945   0.0001422114
 3433  -0.0001131939  -0.0000584395  -0.0000014669   0.0000245023  -0.0000304844
 3434   0.0000149683  -0.0000196982   0.0000066353  -0.0000010321   0.0000105292
 3435   0.0000179114  -0.0001112065   0.0000616883  -0.0001246467   0.0001591997
 3436  -0.0000118616   0.0002139837  -0.0006646539  -0.0003319646  -0.0016558789
 3437  -0.0000010834  -0.0000403845  -0.0001565538   0.0000174482  -0.0000422457
 3438  -0.0000614353   0.0000124488   0.0000103515   0.0000104942  -0.0000198143
 3439  -0.0000265494   0.0000812770  -0.0000719976  -0.0000551273   0.0000616866
 3440  -0.0000551123  -0.0002302275   0.0001914069   0.0000233568   0.0000179683
 3441   0.0000398375   0.0000018533   0.0000067307   0.0000140411  -0.0000026579
 3442   0.0000107198  -0.0000073662  -0.0000100432  -0.0000127889   0.0000244207
 3443   0.0000025595   0.0000096757   0.0000034317  -0.0000064347  -0.0000029417
 3444   0.0000100785  -0.0000039653  -0.0000041256  -0.0000175165   0.0000049726
 3445   0.0000131580   0.0000309483  -0.0000044661  -0.0000020421  -0.0000153174
 3446  -0.0000070874  -0.0000042711   0.0000111379   0.0000168557  -0.0000013414
 3447   0.0000039975   0.0000197579  -0.0000011382   0.0000069348
 35 1   0.0004699873   0.0002422546  -0.0001239530   0.0001321691  -0.0007680865
 35 2  -0.0000528129  -0.0000509767  -0.0005890356   0.0000168195   0.0000159382
 35 3   0.0001048613   0.0002820741  -0.0000169248  -0.0001131882  -0.0000478517
 35 4  -0.0001716754   0.0003105403  -0.0001286555  -0.0096307403  -0.0167590035
 35 5   0.0029627382   0.0100101350  -0.0187659821   0.0012540437   0.0002336336
 35 6  -0.0003496944   0.0001282075   0.0001174938   0.0000932312  -0.0001097212
 35 7   0.0006307989   0.0016739745  -0.0002299127  -0.0026272688   0.0712458581
 35 8  -0.0037503497  -0.0001260836   0.0018468058  -0.0000372022   0.0002712992
 35 9   0.0002324016  -0.0001159266  -0.0001783732  -0.0002538786  -0.0000964577
 3510   0.0107558065  -0.0186153394   0.0000751443  -0.0089042252  -0.0143630124
 3511  -0.0010947106  -0.0000508709  -0.0000984756  -0.0000571856  -0.0000672412
 3512   0.0000679978   0.0001201790   0.0000510973  -0.0003666568   0.0000545502
 3513   0.0002079839  -0.0005783016   0.0001832260   0.0000029046   0.0001671830
 3514   0.0001920570   0.0000430959   0.0002238031   0.0002365149  -0.0006640853
 3515   0.0000783302   0.0001621255  -0.0000127439  -0.0000865205  -0.0002819195
 3516  -0.0001071965  -0.0005480998  -0.0000607486   0.0001454417  -0.0001243496
 3517  -0.0000646287   0.0002022522  -0.0000346097  -0.0000839072  -0.0005015476
 3518   0.0000577845  -0.0002401356  -0.0003704399  -0.0029788966  -0.0059398632
 3519   0.0003077637   0.0001191167  -0.0007006932   0.0001777654  -0.0000989592
 3520  -0.0000636082   0.0020726499   0.0002608097   0.0034426920  -0.0018858313
 3521   0.0002107154   0.0028804230  -0.0001499609  -0.0001219992   0.0001649283
 3522   0.0000534406  -0.0001021567  -0.0000625456   0.0002035856  -0.0006507918
 3523   0.0004708674  -0.0005156607  -0.0000486440   0.0000019975   0.0001954997
 3524  -0.0000983783   0.0000232680  -0.0001389945  -0.0002264889  -0.0002812384
 3525  -0.0000218454   0.0000467139  -0.0000470537   0.0002989671  -0.0000278404
 3526   0.0003227566  -0.0000565239  -0.0002456160   0.0002147216  -0.0000385955
 3527   0.0003317446  -0.0001600792   0.0003531432  -0.0004850839   0.0006691144
 3528  -0.0005647548   0.0007122269   0.0002618029   0.0003149748  -0.0004715329
 3529   0.0006126237  -0.0003545404   0.0003634964   0.0002926541   0.0003718893
 3530  -0.0006286975   0.0008022075  -0.0002867800   0.0001959441  -0.0002343183
 3531   0.0000504852   0.0000470218  -0.0000234244   0.0001183088  -0.0000325984
 3532   0.0000666029  -0.0001445388  -0.0001051405   0.0000140368   0.0000434029
 3533   0.0001178371  -0.0000024215  -0.0000831947  -0.0001289344   0.0000761712
 3534  -0.0000193864   0.0000483833   0.0000186547  -0.0000507104   0.0001103339
 3535  -0.0000302337   0.0000905008   0.0000532697   0.0000159457   0.0000010914
 3536   0.0000876797  -0.0002097746  -0.0004088247  -0.0002347389  -0.0002183691
 3537   0.0000650865  -0.0000091735  -0.0000796156   0.0000212900   0.0000069755
 3538  -0.0000251781   0.0000102959  -0.0000010881  -0.0000042894   0.0000105346
 3539   0.0000058066  -0.0000364262   0.0000296323  -0.0000297675  -0.0000698400
 3540   0.0000326318   0.0000648229  -0.0004056422   0.0000676206   0.0000233886
 3541  -0.0006591249  -0.0000185981   0.0000503706  -0.0000926145  -0.0000025018
 3542  -0.0000011006  -0.0000772960   0.0000131234   0.0000098456  -0.0000208321
 3543  -0.0000085913  -0.0000049773   0.0000033858   0.0000100357  -0.0000008489
 3544  -0.0000286866  -0.0000028754   0.0000081667   0.0000183304  -0.0000140835
 3545  -0.0000352589  -0.0000594905   0.0000000095   0.0000017996   0.0000050006
 3546   0.0000140258  -0.0000140004   0.0000164369   0.0000230705  -0.0000228276
 3547   0.0000467341   0.0000063231  -0.0000017207  -0.0000002979
 36 1  -0.0001206731   0.0001169455   0.0001759907  -0.0000463365   0.0001430481
 36 2  -0.0001441475  -0.0000961561   0.0001814954  -0.0002072633   0.0003647620
 36 3   0.0002543331  -0.0000633541  -0.0002421988  -0.0001464731  -0.0001846205
 36 4  -0.0001976029  -0.0001334416   0.0003976349   0.0004370622   0.0017371272
 36 5   0.0009477528   0.0010956945  -0.0004805434   0.0017932038   0.0002060792
 36 6   0.0001208969   0.0002241693   0.0000281475   0.0001932910  -0.0002957173
 36 7  -0.0015447724   0.0002262640   0.0014714973  -0.0010662525  -0.0037503497
 36 8   0.0159348941   0.0013389418   0.0002102470   0.0029164151  -0.0005021603
 36 9  -0.0001148333   0.0006832606   0.0002474225   0.0001527218   0.0002190429
 3610  -0.0008688928   0.0018009140   0.0014065695   0.0008713719   0.0007097413
 3611   0.0018650227  -0.0001429846  -0.0002005579  -0.0000421814   0.0000030007
 3612  -0.0001224830   0.0001075600  -0.0001543194  -0.0002410034  -0.0001167665
 3613  -0.0002293390   0.0000003173   0.0000755283  -0.0001683047  -0.0000674736
 3614  -0.0002657296   0.0001758426  -0.0001410302  -0.0003040531  -0.0000116466
 3615  -0.0001849828  -0.0004489992   0.0003050617  -0.0001005623  -0.0001007879
 3616   0.0000132493  -0.0002868187  -0.0002801152  -0.0002738087  -0.0005607283
 3617  -0.0006466026  -0.0002635936  -0.0001043243   0.0001871643  -0.0001797130
 3618  -0.0005844636   0.0000657556  -0.0003250623  -0.0061905078  -0.0061975575
 3619   0.0005030731  -0.0005580305   0.0004373086  -0.0001453586   0.0001441576
 3620   0.0002739860  -0.0050860050   0.0026548478  -0.0064971674   0.0053828998
 3621   0.0036366620  -0.0072688493   0.0003798298   0.0002046040  -0.0001790348
 3622  -0.0001287512   0.0002022228   0.0001019310   0.0000383107   0.0008218871
 3623  -0.0000058687   0.0002489815  -0.0000299311  -0.0000282196   0.0000547393
 3624   0.0001458333  -0.0000075417   0.0004175123   0.0005103401  -0.0002936377
 3625   0.0000692054   0.0001880986   0.0001166124  -0.0002949777  -0.0001556966
 3626   0.0000228212  -0.0000294002   0.0000681696  -0.0001615748   0.0022312708
 3627   0.0009213375  -0.0014345406   0.0019377431  -0.0017916391   0.0002491694
 3628  -0.0034889046   0.0014686306  -0.0007543265  -0.0007750028   0.0005268817
 3629  -0.0007741851   0.0001749322  -0.0000920482  -0.0003625893   0.0000354195
 3630  -0.0000542461  -0.0008358191   0.0006791963   0.0000220042  -0.0005360518
 3631  -0.0004039810  -0.0000042282   0.0003365579   0.0002395167  -0.0001428758
 3632  -0.0001594405  -0.0000877421  -0.0000717506  -0.0000382545   0.0001590426
 3633   0.0001157209  -0.0000751487  -0.0000534112  -0.0000136081  -0.0000034343
 3634   0.0000329707  -0.0000523425  -0.0000105537  -0.0000309526   0.0000295136
 3635   0.0000334972  -0.0000463844  -0.0001745720  -0.0000715646   0.0000443421
 3636   0.0002606022   0.0005119003  -0.0005007104  -0.0008582364  -0.0017745713
 3637  -0.0000535319  -0.0000557400  -0.0000385700  -0.0000413806  -0.0000258280
 3638  -0.0000116603  -0.0000387730  -0.0000250043   0.0000010261  -0.0000299115
 3639   0.0000053687   0.0000050679   0.0000024791   0.0000218041  -0.0000418956
 3640  -0.0000542979   0.0000190735   0.0001619805   0.0000191698   0.0000228220
 3641  -0.0003716422   0.0000141383  -0.0001166583   0.0001111293  -0.0000604490
 3642  -0.0001312211   0.0001179528  -0.0000082219  -0.0000241087   0.0000543279
 3643   0.0000116187   0.0000071942   0.0000119029  -0.0000158873  -0.0000065224
 3644   0.0000267430  -0.0000132725  -0.0000175622  -0.0000305757   0.0000110647
 3645   0.0000499089   0.0000220739  -0.0000000948  -0.0000063450  -0.0000247988
 3646  -0.0000032323  -0.0000200460   0.0000336848   0.0000374526  -0.0000445289
 3647   0.0000040650   0.0000129070  -0.0000116807  -0.0000157878
 37 1  -0.0002903847  -0.0000039068  -0.0002711268   0.0000432362   0.0002401334
 37 2   0.0001948080  -0.0000578551   0.0002208579   0.0001591092   0.0001616765
 37 3   0.0002154411   0.0001490648  -0.0003633133  -0.0000697597   0.0001033758
 37 4   0.0002081346  -0.0004464501   0.0000871002  -0.0002146742  -0.0002123005
 37 5   0.0001962089  -0.0044020260  -0.0107745897   0.0009152102  -0.0049173322
 37 6   0.0107783455  -0.0008772756  -0.0002684185   0.0000816034   0.0000342158
 37 7  -0.0000259916   0.0000791444  -0.0001064039  -0.0215213165  -0.0001260836
 37 8   0.0013389418   0.0648994425   0.0002460294   0.0003978167  -0.0204243984
 37 9   0.0001785130  -0.0011807115   0.0001211104   0.0002821446  -0.0000718703
 3710  -0.0000999262   0.0003698827  -0.0003909594  -0.0045309758   0.0102917077
 3711   0.0002926640  -0.0047503629  -0.0108920789  -0.0007318035  -0.0003076372
 3712  -0.0000985773   0.0001529410   0.0000142141  -0.0002498407   0.0000173510
 3713  -0.0001473199   0.0000218604   0.0001473728  -0.0001383033  -0.0000005386
 3714  -0.0001932521   0.0000880709  -0.0002206379  -0.0001240356   0.0000312913
 3715   0.0002319935   0.0000025146  -0.0002535301   0.0000553741   0.0002066723
 3716   0.0000927435   0.0002942387   0.0001006390   0.0001901394   0.0001067960
 3717  -0.0001674321   0.0001495611  -0.0001697747  -0.0004735111   0.0003379686
 3718  -0.0001326500  -0.0001211379  -0.0003146619  -0.0003157467  -0.0009508203
 3719   0.0011954567   0.0001107358  -0.0000330180  -0.0005904751  -0.0000740775
 3720   0.0004887822  -0.0001180974  -0.0001284745   0.0001269873  -0.0015941542
 3721   0.0017160878  -0.0054129261  -0.0019197620  -0.0020181245   0.0052048158
 3722  -0.0000843199   0.0001254748   0.0002443670  -0.0000762309   0.0001851182
 3723   0.0001493846   0.0001575846   0.0003306575   0.0001139828  -0.0001833802
 3724  -0.0000124965   0.0001521536  -0.0000756389  -0.0000622784   0.0001766856
 3725  -0.0001067013  -0.0000446728  -0.0000263134   0.0001084778   0.0000826651
 3726  -0.0001396789   0.0000044067  -0.0001064194   0.0000557565   0.0000312901
 3727   0.0000103071   0.0000449930   0.0001315053  -0.0000679183   0.0002373947
 3728  -0.0007256870  -0.0002989642   0.0010693827  -0.0003023621   0.0000203504
 3729   0.0002848890   0.0002310329   0.0001645156  -0.0000069349  -0.0000764161
 3730  -0.0000390386  -0.0001424796   0.0001446838  -0.0004162160   0.0003503042
 3731  -0.0005222628   0.0006213564  -0.0007540138   0.0003081555   0.0001474032
 3732   0.0001699244  -0.0003125555  -0.0003352209   0.0002242865   0.0003098224
 3733   0.0002497253  -0.0003228194  -0.0002365529   0.0000502983   0.0001812102
 3734   0.0001578371  -0.0001745617  -0.0000879544   0.0000710909  -0.0001377368
 3735   0.0001081087  -0.0004613386   0.0003812949  -0.0005221805   0.0004058311
 3736  -0.0004203782  -0.0005569454   0.0007565079  -0.0000645678  -0.0000649992
 3737   0.0000561046   0.0000015251   0.0000328931   0.0000121736   0.0000134380
 3738   0.0000034946   0.0000010462   0.0000049773   0.0000076382   0.0000088276
 3739   0.0000096510  -0.0000233362   0.0000137397  -0.0000063419  -0.0000423177
 3740   0.0000106413   0.0001162157  -0.0000793414   0.0000393205   0.0000502055
 3741   0.0000102212  -0.0000026589  -0.0000087064  -0.0000167263  -0.0000026818
 3742   0.0000032806  -0.0000048270   0.0000068760   0.0000023289  -0.0000519561
 3743  -0.0000017977  -0.0000215079   0.0000046808  -0.0000006391   0.0000144559
 3744   0.0000075690  -0.0000092255  -0.0000075264   0.0000055107  -0.0000001531
 3745   0.0000376929   0.0001194786   0.0000052162  -0.0000128986   0.0000096942
 3746  -0.0000288836  -0.0000067252  -0.0000464013  -0.0000901576  -0.0000013018
 3747  -0.0001710393   0.0000453426   0.0000352626   0.0000859538
 38 1  -0.0001289509  -0.0003612563  -0.0000805759  -0.0003644510   0.0003189184
 38 2  -0.0001950684  -0.0000305620  -0.0002701937  -0.0001287966   0.0004930065
 38 3  -0.0006072001  -0.0002959078   0.0002135334  -0.0000379418   0.0004075951
 38 4   0.0001715054   0.0001081820   0.0001149746  -0.0001856751   0.0000948917
 38 5  -0.0000122500  -0.0110024612  -0.0167867384   0.0012990982   0.0106420561
 38 6  -0.0166173136   0.0007940423   0.0000105561  -0.0005023650   0.0001333232
 38 7   0.0002358946   0.0001955819   0.0001360863   0.0003612321   0.0018468058
 38 8   0.0002102470   0.0002460294   0.0676443135  -0.0016694867  -0.0005854041
 38 9   0.0016843488   0.0000008270  -0.0001206625  -0.0000314570  -0.0002697984
 3810  -0.0000110099  -0.0006092689  -0.0000162254   0.0104294379  -0.0169449812
 3811  -0.0003834373  -0.0102127965  -0.0164280817  -0.0011140691  -0.0002507174
 3812  -0.0001402098   0.0000228783   0.0007795051   0.0002663598  -0.0002557967
 3813   0.0002301466  -0.0000875561   0.0002237111  -0.0001867357  -0.0003593752
 3814   0.0003063433   0.0000551614  -0.0000362337  -0.0000957075  -0.0003838636
 3815  -0.0003624245   0.0001589439   0.0001993363  -0.0004945833   0.0003402402
 3816   0.0001840343   0.0001974988  -0.0001200669  -0.0001416175  -0.0001243713
 3817  -0.0000668854   0.0000146858   0.0002946314   0.0000941656   0.0003628733
 3818   0.0000554176   0.0003018108  -0.0001134617   0.0001620912  -0.0008802186
 3819  -0.0001557761  -0.0027176679  -0.0062720070   0.0002154859  -0.0003797697
 3820  -0.0004473057   0.0001328096  -0.0000713457   0.0004576269   0.0023504372
 3821  -0.0000440726   0.0030800722  -0.0022063974   0.0000652342   0.0032284525
 3822  -0.0001586038  -0.0002030384   0.0001954371   0.0004199387   0.0004474441
 3823  -0.0005527210  -0.0006765221  -0.0003099704   0.0004395341  -0.0002385420
 3824   0.0000538369   0.0002452463   0.0000146577  -0.0001901629   0.0004277813
 3825  -0.0001909260  -0.0002033319  -0.0000862942   0.0005758945  -0.0000846624
 3826   0.0001009849  -0.0000567437   0.0000271535   0.0001811731  -0.0004156859
 3827   0.0002928483  -0.0002008712   0.0003477738  -0.0000724861  -0.0000654283
 3828   0.0000933048   0.0004100789  -0.0002388258   0.0000772165  -0.0002837054
 3829   0.0002732238  -0.0000377966   0.0000964515   0.0000893947   0.0001422728
 3830  -0.0003704760  -0.0000403008  -0.0002488903  -0.0002230908   0.0007072627
 3831   0.0001354898  -0.0001454347   0.0002654150   0.0000208954   0.0000842153
 3832   0.0002729529  -0.0001985781  -0.0004097944  -0.0000812684  -0.0001286704
 3833   0.0004989828  -0.0000406902  -0.0002234466   0.0000425419   0.0002142245
 3834   0.0000818809  -0.0001028903  -0.0000809607   0.0001555160  -0.0002878708
 3835   0.0000998186   0.0003594750   0.0000033761  -0.0002178332  -0.0008186499
 3836   0.0005420188  -0.0012071652  -0.0003295228   0.0013976681   0.0007541150
 3837   0.0000420661   0.0001086684   0.0001008424  -0.0000004319   0.0000449792
 3838   0.0000160786   0.0000088678  -0.0000010191   0.0000020108   0.0000000901
 3839  -0.0000182874   0.0000075695  -0.0000072876  -0.0000406110  -0.0000363513
 3840   0.0000902480  -0.0000612221  -0.0001450564   0.0000194209  -0.0000218536
 3841  -0.0000331300  -0.0000307840  -0.0000386759  -0.0000385617  -0.0000005909
 3842  -0.0000088161  -0.0000065642   0.0000541823   0.0000205661  -0.0000982358
 3843  -0.0000283375  -0.0000248090  -0.0000364500   0.0000308758   0.0000489788
 3844  -0.0000267090   0.0000170293   0.0000083332   0.0000229533   0.0000079778
 3845   0.0000105686   0.0000552750   0.0000123374  -0.0000141437   0.0000410765
 3846  -0.0000134273   0.0000077316  -0.0000909550  -0.0001258205   0.0000425169
 3847  -0.0002198529  -0.0000253377   0.0000075256   0.0000250198
 39 1   0.0001127550   0.0000322020   0.0000344541  -0.0000529551  -0.0000714869
 39 2   0.0000192632   0.0000991154   0.0001814578   0.0000831924  -0.0002321921
 39 3   0.0002222477   0.0001261439   0.0000755774   0.0003648877   0.0001053738
 39 4  -0.0000194107  -0.0000403853   0.0000693052  -0.0001257256  -0.0000889695
 39 5   0.0001106730  -0.0003488873  -0.0004295835   0.0020875943   0.0003485555
 39 6  -0.0010663779   0.0008120366   0.0001084394  -0.0000919510   0.0001742504
 39 7   0.0002087063   0.0001508325   0.0001855851  -0.0001157590  -0.0000372022
 39 8   0.0029164151   0.0003978167  -0.0016694867   0.0213323207   0.0006070492
 39 9   0.0001174884   0.0016454328  -0.0000698014  -0.0000516743   0.0001222163
 3910  -0.0001064671  -0.0003132970   0.0000328850  -0.0001333741   0.0000836710
 3911   0.0010373369   0.0004247217   0.0003861510   0.0012797036  -0.0000423215
 3912  -0.0000029714   0.0000625733   0.0001703472  -0.0000286949   0.0000291602
 3913   0.0002813285  -0.0001309064   0.0000931908   0.0000392569   0.0000606087
 3914   0.0001184713  -0.0001504586   0.0000014878   0.0001174651   0.0000075683
 3915   0.0000481183   0.0000778012  -0.0000025662   0.0000380600  -0.0001639365
 3916   0.0000842217   0.0000917577  -0.0001228029   0.0001520301  -0.0002885775
 3917  -0.0003641803   0.0001034814  -0.0001180329  -0.0009032404   0.0001205843
 3918  -0.0000641133  -0.0001786240  -0.0003393846  -0.0001608336  -0.0000832635
 3919   0.0001566360  -0.0060618746  -0.0074911372   0.0002231694  -0.0006135889
 3920  -0.0002178237  -0.0001083942   0.0002236521  -0.0002595745  -0.0056028510
 3921   0.0033773493  -0.0083823610   0.0046638741   0.0029646788  -0.0064481905
 3922   0.0001744779   0.0001232094  -0.0002346195  -0.0001921679   0.0002047036
 3923  -0.0006857951  -0.0001380204   0.0007788722  -0.0002555757   0.0000608101
 3924   0.0001372926  -0.0002824061  -0.0002147706  -0.0001871432   0.0001902857
 3925  -0.0000327182  -0.0000193357   0.0000469532   0.0001478427  -0.0003052565
 3926  -0.0003065601   0.0000604604   0.0002761321  -0.0000738679   0.0000500840
 3927   0.0001048149   0.0003538139  -0.0006772143  -0.0002628718  -0.0003718050
 3928   0.0020630744   0.0015240704  -0.0015490341  -0.0003598720   0.0000260170
 3929  -0.0004140836  -0.0000518806  -0.0001669502   0.0001127915  -0.0001320719
 3930  -0.0001540178   0.0001105154   0.0005170352   0.0005623461  -0.0006246048
 3931  -0.0004596293   0.0002018544  -0.0010980309   0.0001664618  -0.0001680793
 3932  -0.0001284730  -0.0000493730  -0.0002175109   0.0002431008  -0.0003004703
 3933   0.0002576060  -0.0000155375   0.0001080755   0.0000549211   0.0000959862
 3934   0.0000742281  -0.0000435020  -0.0000206554   0.0000600328  -0.0001891283
 3935   0.0000982503   0.0004009707  -0.0003059035  -0.0004175836  -0.0028529621
 3936   0.0022715702  -0.0031782172   0.0006938913  -0.0013781660   0.0002033614
 3937  -0.0000103260  -0.0000269647  -0.0000142930   0.0000075342   0.0000099536
 3938  -0.0000114424  -0.0000028612   0.0000034631  -0.0000010631  -0.0000080196
 3939  -0.0000085342  -0.0000010911  -0.0000187731  -0.0000324894   0.0000424611
 3940  -0.0000479885  -0.0000077625   0.0001646720   0.0000311753  -0.0000492539
 3941   0.0000158806  -0.0000466698  -0.0000159240   0.0000436303   0.0000043822
 3942  -0.0000073665   0.0000059234   0.0000658067  -0.0000652612   0.0000272655
 3943   0.0000042370  -0.0000267133  -0.0000035402   0.0000221454   0.0000167216
 3944  -0.0000119049   0.0000196921  -0.0000067941   0.0000055160   0.0000076701
 3945   0.0000045830   0.0000409951   0.0000162802  -0.0000057536   0.0000188111
 3946  -0.0000222034   0.0000146479  -0.0000716641  -0.0000765156   0.0000504584
 3947  -0.0001126259   0.0000034537   0.0000128016   0.0000065510
 40 1   0.0000383795  -0.0000280037   0.0001280916   0.0000430366  -0.0000930667
 40 2   0.0001006446  -0.0004572860   0.0000480621   0.0000092025   0.0006300516
 40 3  -0.0002860982  -0.0002315677  -0.0000514393   0.0003501623   0.0000795033
 40 4   0.0002048093  -0.0002784184   0.0000833018  -0.0000380598  -0.0001705244
 40 5   0.0000102373  -0.0003425566   0.0001977899  -0.0000483270  -0.0036620271
 40 6  -0.0107556404   0.0000561004  -0.0048088609   0.0099743098  -0.0003602063
 40 7  -0.0000885405   0.0004060426   0.0000063722  -0.0003672989   0.0002712992
 40 8  -0.0005021603  -0.0204243984  -0.0005854041   0.0006070492   0.0687058231
 40 9   0.0010680348   0.0014198930  -0.0257089134   0.0011473004  -0.0006570245
 4010  -0.0002575886  -0.0000821800  -0.0001263384  -0.0001604583  -0.0001115386
 4011   0.0000571347  -0.0049809701   0.0118747645   0.0006526575  -0.0054855688
 4012  -0.0126103525  -0.0005360197  -0.0001151657  -0.0003785009  -0.0000950592
 4013   0.0000883615  -0.0000778072  -0.0001716809   0.0000103002   0.0002092714
 4014   0.0001554889   0.0000689525  -0.0002505032   0.0002960043  -0.0001812806
 4015  -0.0004299214  -0.0000065091   0.0000386946   0.0002186213  -0.0001860314
 4016   0.0002394520  -0.0000016744  -0.0001299245  -0.0003526970   0.0002376094
 4017  -0.0001997266  -0.0002595797  -0.0002264227   0.0004282109   0.0001434612
 4018  -0.0001575852  -0.0000442161   0.0002075071  -0.0001275286   0.0000586757
 4019  -0.0005082296  -0.0002602266  -0.0004529040   0.0009115706   0.0001869629
 4020   0.0001368862  -0.0002159368   0.0000542069  -0.0000325847  -0.0002803441
 4021   0.0002396890  -0.0000610833  -0.0016412690   0.0019741022  -0.0060694831
 4022  -0.0013656839  -0.0010078092   0.0042957350  -0.0000425517   0.0000912888
 4023  -0.0000096370  -0.0003110741  -0.0000577680  -0.0001277329   0.0004317081
 4024  -0.0002793325   0.0000489766   0.0001183220   0.0000493407  -0.0002838768
 4025  -0.0001471832  -0.0001603767  -0.0000610901   0.0003592088   0.0000253888
 4026   0.0002442067  -0.0000584971  -0.0000901967   0.0001453681  -0.0003325930
 4027   0.0002908255  -0.0003100558   0.0003723057  -0.0000031536   0.0000400457
 4028  -0.0001833406   0.0002093739   0.0000675962   0.0002871958  -0.0000912413
 4029   0.0002304805  -0.0002246948  -0.0000904090   0.0000515279   0.0002290677
 4030  -0.0003384664  -0.0000714582  -0.0004491573   0.0001693313  -0.0001233787
 4031   0.0004128135   0.0001671702   0.0000857166  -0.0002980632   0.0000551678
 4032   0.0000760233   0.0004105855   0.0002079366   0.0002157871   0.0005729820
 4033  -0.0004570614   0.0012489236  -0.0009050771  -0.0005251039  -0.0009555415
 4034   0.0001740606  -0.0001329633   0.0000986648  -0.0001091229   0.0004231390
 4035  -0.0002427069   0.0007087548  -0.0000233879  -0.0008517383  -0.0010300815
 4036  -0.0000252184   0.0013315490   0.0000517991  -0.0001209240   0.0002280462
 4037   0.0000335399   0.0000663999   0.0001013833   0.0000001417   0.0000284130
 4038   0.0000079100   0.0000111847  -0.0000004765   0.0000026219   0.0000084192
 4039  -0.0000090636   0.0000003142  -0.0000039421  -0.0000140846  -0.0000331918
 4040   0.0000221491  -0.0000767864  -0.0001773915   0.0000005446  -0.0000271876
 4041  -0.0000242656  -0.0000193505   0.0000057469   0.0000055947   0.0000080721
 4042  -0.0000099946   0.0000005084   0.0000114345  -0.0000075113   0.0000184096
 4043  -0.0000333434  -0.0000042888  -0.0000208060  -0.0000255847  -0.0000079254
 4044   0.0000384435  -0.0000011892  -0.0000275814  -0.0000424446   0.0000797338
 4045  -0.0000050759   0.0000335397  -0.0000297900   0.0000203611  -0.0000314240
 4046  -0.0000124028  -0.0000021027   0.0000626755   0.0002689726   0.0002632148
 4047   0.0003053070   0.0000677963  -0.0000244385   0.0000067769
 41 1  -0.0001409429  -0.0001269810  -0.0003240562   0.0000133372   0.0002298804
 41 2   0.0001524221  -0.0000460279   0.0001133952  -0.0000293490   0.0001800386
 41 3  -0.0001820552  -0.0000919360  -0.0008207707  -0.0010492072  -0.0002008021
 41 4   0.0003264262  -0.0003381731   0.0001038763  -0.0000704966  -0.0001684197
 41 5   0.0000131456  -0.0003148800  -0.0001456843   0.0000301105  -0.0101956172
 41 6  -0.0172486038   0.0002045275   0.0102948570  -0.0160963087   0.0007808865
 41 7   0.0000041314  -0.0000092145   0.0000784013  -0.0000295289   0.0002324016
 41 8  -0.0001148333   0.0001785130   0.0016843488   0.0001174884   0.0010680348
 41 9   0.0726485086  -0.0017029984  -0.0000657266   0.0021508374  -0.0000135711
 4110   0.0000835396   0.0000195336  -0.0001652489   0.0001747257  -0.0000934959
 4111  -0.0000291383   0.0117094324  -0.0183365491  -0.0005552355  -0.0132149067
 4112  -0.0207987351  -0.0002619782   0.0000354069   0.0004786639  -0.0001480150
 4113   0.0002553502  -0.0001452552  -0.0000292961  -0.0004915623   0.0002242398
 4114   0.0001049970   0.0001498237  -0.0010386636   0.0004273125   0.0006413237
 4115  -0.0002701382  -0.0001811165  -0.0003994392  -0.0000224083   0.0000222078
 4116  -0.0001053129  -0.0000005655   0.0000934302   0.0000281719  -0.0000226673
 4117   0.0000644742  -0.0000478316  -0.0003299485   0.0002862820   0.0002060390
 4118  -0.0001087400   0.0000516145   0.0000849971   0.0001781282  -0.0000001633
 4119  -0.0004863857   0.0000271073  -0.0003113985   0.0003977659  -0.0022187684
 4120  -0.0055116146  -0.0000107568   0.0000490081  -0.0000327138   0.0000570642
 4121  -0.0000051658   0.0000012081   0.0020885307   0.0003747144   0.0037057777
 4122  -0.0016981831   0.0003405719   0.0023690546  -0.0000906995   0.0000828310
 4123  -0.0000593198  -0.0001265637  -0.0001290487   0.0000003996   0.0002282542
 4124  -0.0009421660   0.0007043652   0.0002701757   0.0003316853  -0.0000636117
 4125  -0.0000479331  -0.0000321633   0.0000018477   0.0001277326  -0.0001058798
 4126  -0.0000881430   0.0000207033   0.0001031104  -0.0000529667  -0.0001044573
 4127  -0.0000470417   0.0000372625   0.0000154191   0.0000688418  -0.0000620760
 4128   0.0000969303   0.0000171193  -0.0000280556  -0.0000641726  -0.0000762231
 4129  -0.0000193374   0.0001203697   0.0000118763  -0.0000388547  -0.0000845018
 4130  -0.0000674591  -0.0000472689   0.0002426778   0.0000628458  -0.0000122106
 4131  -0.0001842398  -0.0000492827   0.0002813141   0.0002239126   0.0001652956
 4132   0.0002817036  -0.0004202616  -0.0004520848   0.0006041094  -0.0003126487
 4133   0.0005285401  -0.0004636808  -0.0002324143   0.0002598744  -0.0001935469
 4134   0.0000231723  -0.0001945079  -0.0000794517   0.0000691380  -0.0003960014
 4135   0.0000344893  -0.0002419305  -0.0003262530   0.0006883716   0.0002499491
 4136   0.0003030204   0.0003888924  -0.0000291683   0.0000452239  -0.0000876738
 4137   0.0000396869  -0.0000228827   0.0000045055   0.0000097111   0.0000024178
 4138  -0.0000065013   0.0000038528   0.0000070627   0.0000085658   0.0000018792
 4139   0.0000036034   0.0000010644  -0.0000119430  -0.0000001115   0.0000078303
 4140  -0.0000013395  -0.0000215177   0.0000675947   0.0000143165  -0.0000039579
 4141   0.0000010039  -0.0000051908   0.0000041771   0.0000045614   0.0000023318
 4142   0.0000003918   0.0000181802   0.0000379778  -0.0000061823  -0.0000820922
 4143   0.0000313104  -0.0000101639  -0.0000330008   0.0000276047  -0.0000130591
 4144   0.0000589768   0.0000071245  -0.0000141595  -0.0000161921   0.0000353618
 4145   0.0000967242   0.0002069620  -0.0000174862   0.0000090333  -0.0000250354
 4146  -0.0000524040   0.0000279075  -0.0000595751   0.0002514654   0.0008128491
 4147  -0.0000710956   0.0000371571  -0.0000298759  -0.0007160624
 42 1  -0.0000797417   0.0002213656  -0.0000468714  -0.0000316758   0.0001182275
 42 2  -0.0001861306   0.0002582992   0.0000937329  -0.0002092273   0.0000150848
 42 3   0.0000739842   0.0002177050   0.0000482148  -0.0000447167   0.0004568040
 42 4  -0.0002137246   0.0000669288   0.0000333314  -0.0000539005   0.0000048939
 42 5   0.0000477582   0.0001442508  -0.0001593264  -0.0001174687  -0.0008342454
 42 6  -0.0013916539   0.0026912401   0.0006102445  -0.0008085127   0.0009347593
 42 7  -0.0000198787  -0.0001342408   0.0000414585   0.0002179119  -0.0001159266
 42 8   0.0006832606  -0.0011807115   0.0000008270   0.0016454328   0.0014198930
 42 9  -0.0017029984   0.0146905433   0.0008840376  -0.0001018145   0.0008665659
 4210   0.0002828827   0.0003869618  -0.0000107000  -0.0002256048   0.0002860641
 4211   0.0000397601  -0.0007350477   0.0010479425   0.0012057317   0.0005019178
 4212   0.0009998476   0.0013994554  -0.0000214398  -0.0001216995   0.0001587410
 4213  -0.0003966891   0.0000942036   0.0002417565  -0.0001796457  -0.0001119741
 4214  -0.0000938729  -0.0001131763  -0.0000661823  -0.0001280052  -0.0001204490
 4215  -0.0001564337  -0.0000909306   0.0001544856  -0.0001422407  -0.0000935866
 4216   0.0000139575  -0.0000270412  -0.0000532797   0.0000871405   0.0002413874
 4217   0.0000519195   0.0000309194  -0.0002234951  -0.0005212566   0.0000846495
 4218  -0.0000007547  -0.0001069042   0.0002660671  -0.0000073552  -0.0003904292
 4219  -0.0005923858  -0.0004639063   0.0000446961   0.0007669293  -0.0051991659
 4220  -0.0057091760   0.0001923686  -0.0002328737   0.0000940545  -0.0001481251
 4221  -0.0000901725  -0.0001894036  -0.0054337448   0.0039034335  -0.0078647153
 4222   0.0039662067   0.0015948505  -0.0052014025   0.0000419978   0.0001275411
 4223   0.0002232228  -0.0000200269   0.0003618132  -0.0004624945  -0.0001369695
 4224   0.0007969250  -0.0001275413   0.0003572116   0.0005761616  -0.0002234158
 4225  -0.0000721240  -0.0001128854  -0.0000737067   0.0000312695   0.0001195018
 4226  -0.0000420425  -0.0000296820  -0.0001565545   0.0000740338   0.0001127846
 4227   0.0001504961   0.0000248628  -0.0002204469  -0.0000452327  -0.0001074502
 4228   0.0002525184   0.0000076781   0.0001232642   0.0000016041   0.0002342291
 4229   0.0000778855  -0.0001759125   0.0000434688   0.0000266389   0.0001331807
 4230  -0.0000674943   0.0000364086  -0.0001121589   0.0001766914   0.0000980684
 4231   0.0000487554  -0.0010861686  -0.0003776422  -0.0000827859  -0.0000974048
 4232  -0.0006413683   0.0005793978   0.0009527846  -0.0004638764  -0.0022046330
 4233   0.0008435407  -0.0002064424  -0.0002996470  -0.0003238129  -0.0008562193
 4234  -0.0000438505   0.0001896031  -0.0000139589   0.0000339907  -0.0000506197
 4235  -0.0003377841   0.0001653296  -0.0016111618   0.0008806007   0.0026259373
 4236   0.0014552739  -0.0018507015  -0.0004169939   0.0000353046   0.0000681033
 4237  -0.0000315906   0.0000662725   0.0000896801  -0.0000102788   0.0000170386
 4238   0.0000292278  -0.0000074848  -0.0000066010  -0.0000023220   0.0000030127
 4239   0.0000041732  -0.0000084175   0.0000188739   0.0000201524  -0.0000382335
 4240   0.0000311890   0.0000587036  -0.0000872893   0.0000052723   0.0000165304
 4241   0.0000151800  -0.0000075701  -0.0000244216  -0.0000150363  -0.0000031923
 4242  -0.0000053518  -0.0000197884  -0.0000518248  -0.0000245511   0.0000373915
 4243  -0.0000337294  -0.0001749923   0.0000531197   0.0000415601  -0.0000722135
 4244  -0.0000198130   0.0000366397   0.0000046868   0.0000428963   0.0001011475
 4245  -0.0001277957   0.0000755443   0.0000372320   0.0000344472   0.0000176282
 4246  -0.0000526381   0.0000190890  -0.0000230240  -0.0001215781  -0.0000948196
 4247   0.0001111236  -0.0000890616  -0.0000621918  -0.0006379261
 43 1   0.0001648982  -0.0000457591  -0.0000754842   0.0002238424  -0.0000567028
 43 2   0.0004650278  -0.0001432130   0.0000869560   0.0000562024  -0.0001487972
 43 3   0.0002231172  -0.0000159562   0.0001392639  -0.0004215482   0.0002652058
 43 4   0.0000742682  -0.0001965306  -0.0001802981   0.0002061308  -0.0001324223
 43 5   0.0001290760  -0.0000670125   0.0001672624   0.0001966900  -0.0002344434
 43 6  -0.0000871942   0.0001525533  -0.0066473385  -0.0140945716   0.0003590716
 43 7   0.0000883866  -0.0002710560  -0.0000512133  -0.0000038763  -0.0001783732
 43 8   0.0002474225   0.0001211104  -0.0001206625  -0.0000698014  -0.0257089134
 43 9  -0.0000657266   0.0008840376   0.0470012408   0.0104593347   0.0059797513
 4310   0.0004072963   0.0003040847   0.0000431246  -0.0000375729   0.0000432354
 4311  -0.0002275927  -0.0005829338   0.0000838179  -0.0000419935  -0.0035482025
 4312   0.0100468162   0.0003426028  -0.0060470881  -0.0089531208  -0.0004221987
 4313  -0.0003938927   0.0001672529   0.0002699151  -0.0002230194  -0.0001392065
 4314   0.0001509927   0.0004827616   0.0001613367   0.0000449567  -0.0001988124
 4315  -0.0007007354   0.0005803434  -0.0004295062   0.0003608040  -0.0002093966
 4316  -0.0000921662   0.0001635921   0.0000178904   0.0001677365  -0.0000338785
 4317   0.0000590448  -0.0000576951   0.0001985915  -0.0000162361  -0.0001629679
 4318  -0.0000472980  -0.0000995222   0.0001688835   0.0001475575  -0.0002776927
 4319  -0.0000837067   0.0001281477  -0.0000474900   0.0003451554  -0.0000501864
 4320  -0.0004226182  -0.0001826211  -0.0000892941  -0.0002471833  -0.0000906234
 4321  -0.0000414135  -0.0000365896  -0.0004155748  -0.0000571501   0.0000465528
 4322  -0.0028275214   0.0024319307  -0.0082443880   0.0004197677  -0.0000960624
 4323   0.0001872155  -0.0006085953  -0.0001096445   0.0000200171   0.0003962451
 4324   0.0002948485  -0.0004256027  -0.0001501963  -0.0003548275   0.0000324131
 4325  -0.0000840971  -0.0000763846  -0.0000379340   0.0000557975   0.0000942246
 4326  -0.0001089898  -0.0000609095  -0.0001554542   0.0000567948   0.0001397488
 4327  -0.0000628425   0.0001900419  -0.0000642464  -0.0000275832   0.0000463161
 4328   0.0000372659   0.0001490790  -0.0001068421   0.0002069987  -0.0001314525
 4329   0.0000475681  -0.0000394990  -0.0000239121  -0.0001242135  -0.0000171580
 4330   0.0000321532   0.0000498127  -0.0003208205   0.0000303732  -0.0000110224
 4331   0.0002841686   0.0003710872   0.0000822661  -0.0000390844   0.0000405102
 4332  -0.0000249863   0.0000461938   0.0002033445   0.0000735433  -0.0008507290
 4333  -0.0002042356   0.0004242704   0.0001683645   0.0004812400   0.0002108704
 4334   0.0002027782  -0.0003550795  -0.0000751415  -0.0002726366   0.0003229970
 4335   0.0001889680   0.0002921255  -0.0000961430   0.0000615453  -0.0000615331
 4336  -0.0003679399  -0.0000217175  -0.0001186403   0.0000294874   0.0001394082
 4337   0.0000209581   0.0000029725   0.0000705695   0.0000075040   0.0000121816
 4338   0.0000056450  -0.0000049023   0.0000034833   0.0000032661   0.0000001686
 4339   0.0000042699  -0.0000004140   0.0000150137   0.0000155793  -0.0000534395
 4340   0.0000563770   0.0000759303  -0.0000832831   0.0000138638   0.0000097048
 4341  -0.0000052207  -0.0000088442   0.0000046112  -0.0000043467   0.0000029471
 4342  -0.0000185997  -0.0000055532   0.0000065014   0.0000049257  -0.0000060342
 4343   0.0000109764   0.0000032744  -0.0000304101   0.0000547859   0.0000615859
 4344  -0.0000806278  -0.0000541263  -0.0000040866  -0.0000001430  -0.0011147761
 4345   0.0005950957  -0.0004817816  -0.0000147802  -0.0000493605  -0.0000303519
 4346   0.0000764714  -0.0000565079   0.0000569895   0.0000865523  -0.0000719621
 4347   0.0001809878   0.0000205248   0.0000281117  -0.0000152597
 44 1   0.0004287586  -0.0001649324   0.0004267899  -0.0000451937  -0.0003125141
 44 2   0.0001471922   0.0002219170  -0.0002387797   0.0002517379  -0.0004685914
 44 3   0.0001619398   0.0001053736   0.0004330520   0.0000022230   0.0003324227
 44 4   0.0000188722   0.0000313825  -0.0002629945   0.0002865365   0.0000981449
 44 5  -0.0000035868  -0.0002743777   0.0001832384   0.0004151740  -0.0010983522
 44 6  -0.0003923251  -0.0001071779  -0.0107755891  -0.0226026037   0.0014004672
 44 7  -0.0002826239  -0.0003253981  -0.0003346695   0.0003065721  -0.0002538786
 44 8   0.0001527218   0.0002821446  -0.0000314570  -0.0000516743   0.0011473004
 44 9   0.0021508374  -0.0001018145   0.0104593347   0.0581573281  -0.0066081213
 4410   0.0002236433   0.0002739613  -0.0001922407  -0.0002653706  -0.0000780893
 4411  -0.0002477648   0.0007688736  -0.0001888282   0.0001417854   0.0087447151
 4412  -0.0151385277  -0.0007466147  -0.0135748959  -0.0204613335  -0.0005799605
 4413   0.0003776853   0.0000994782   0.0000709017  -0.0003776706   0.0001345081
 4414   0.0005120746   0.0003626645   0.0003975149  -0.0000115420   0.0000093502
 4415  -0.0004425572   0.0004408282   0.0000303856   0.0006528302  -0.0004249319
 4416  -0.0005876281   0.0000739109   0.0000541644   0.0007293541  -0.0000096657
 4417   0.0001835298  -0.0000738892   0.0002705607  -0.0003548669  -0.0001017799
 4418  -0.0001070806  -0.0000187311  -0.0000753071   0.0003968061  -0.0001322959
 4419   0.0000584239   0.0001046501  -0.0001896047  -0.0000505792  -0.0001944863
 4420  -0.0008298721  -0.0001200232   0.0000320068  -0.0001083633   0.0001898306
 4421  -0.0001003704  -0.0000531517   0.0001748147  -0.0002688627   0.0004002942
 4422   0.0025104074  -0.0004830217   0.0060530487   0.0002711440   0.0000029139
 4423  -0.0002709319  -0.0010356300  -0.0004084199   0.0000567246   0.0006723283
 4424  -0.0000611847  -0.0000362192  -0.0001960161  -0.0005724907   0.0007826179
 4425  -0.0001306976  -0.0000975341  -0.0000807093   0.0001438653   0.0002879791
 4426   0.0001980220  -0.0001623885  -0.0004461448   0.0002758281  -0.0001134331
 4427  -0.0001002025   0.0000104911   0.0001812083   0.0000341244  -0.0001368582
 4428  -0.0000880759  -0.0000374952  -0.0000760617   0.0002152956   0.0000248508
 4429   0.0000986915  -0.0001310376  -0.0000334094  -0.0000356501   0.0000373174
 4430  -0.0000098001   0.0000590492  -0.0003778296   0.0000544460  -0.0000558933
 4431   0.0003304827   0.0000566883   0.0000843531  -0.0000827365   0.0001095682
 4432   0.0000344144   0.0000401966  -0.0001235908  -0.0000116464   0.0001240936
 4433  -0.0000127937  -0.0001021145   0.0000386132  -0.0004190116   0.0001225583
 4434  -0.0003999592   0.0009745291   0.0007257612   0.0002877204  -0.0004665808
 4435  -0.0002294888  -0.0001078815  -0.0000352111   0.0000415661   0.0001187117
 4436  -0.0000195580  -0.0001578157  -0.0000400354   0.0002370412   0.0001250735
 4437   0.0000306688   0.0000594613   0.0000751015   0.0000071941   0.0000304453
 4438  -0.0000030573   0.0000014447   0.0000020326   0.0000003837   0.0000018947
 4439   0.0000092987   0.0000034178   0.0000186516   0.0000230628  -0.0001228030
 4440   0.0001316403   0.0001124016  -0.0003410495   0.0000180307   0.0000044756
 4441   0.0000104616  -0.0000008764  -0.0000014307   0.0000081044   0.0000090918
 4442  -0.0000068928  -0.0000044420   0.0000185989   0.0000233263  -0.0000194750
 4443   0.0000119620   0.0000196669  -0.0000563062   0.0000240355  -0.0000443817
 4444  -0.0000668003  -0.0000801052   0.0000549922  -0.0000463097   0.0007239270
 4445  -0.0009088492  -0.0001971099   0.0000304385   0.0000043837   0.0001383630
 4446   0.0000159609   0.0000806660  -0.0001368401  -0.0001409596   0.0001858781
 4447  -0.0003559332  -0.0000096188  -0.0000138594  -0.0000359947
 45 1   0.0000157627   0.0001471074   0.0003491359   0.0001657251  -0.0002083940
 45 2   0.0003057010  -0.0002420419  -0.0000492227   0.0001455291   0.0000242176
 45 3   0.0001281937   0.0000384398   0.0002578884   0.0003184164   0.0004260397
 45 4  -0.0001287700  -0.0002462595  -0.0001627708   0.0000499858  -0.0001788248
 45 5   0.0001013853  -0.0000125594   0.0000746526   0.0000099315  -0.0001269815
 45 6  -0.0002943521   0.0000542540  -0.0000086941  -0.0001433082   0.0003990215
 45 7   0.0000401049   0.0000676750  -0.0000709917   0.0002051755  -0.0000964577
 45 8   0.0002190429  -0.0000718703  -0.0002697984   0.0001222163  -0.0006570245
 45 9  -0.0000135711   0.0008665659   0.0059797513  -0.0066081213   0.0141328568
 4510   0.0002544910  -0.0000491234   0.0000932627  -0.0003585486   0.0001012460
 4511  -0.0001650977   0.0004568761   0.0000232616  -0.0000352133  -0.0008834966
 4512   0.0012428679   0.0009383885   0.0007446332   0.0014181045  -0.0005561080
 4513   0.0001579999   0.0002595899   0.0003584618  -0.0001303458   0.0000698648
 4514   0.0003394480  -0.0001808940  -0.0000503679   0.0004115509   0.0001088715
 4515   0.0001890751   0.0003001122   0.0001377824   0.0003941368  -0.0001052141
 4516   0.0002029342   0.0002313669  -0.0000404719  -0.0001160199   0.0002882696
 4517  -0.0000439302   0.0000444658   0.0001348319  -0.0004852957  -0.0000474464
 4518   0.0000133052  -0.0001462766   0.0002545317  -0.0001836547  -0.0004303354
 4519   0.0000251704   0.0000784318  -0.0003713893   0.0003776559  -0.0003719007
 4520   0.0002019101  -0.0000776680  -0.0001857959  -0.0002043664  -0.0000838036
 4521  -0.0000454352  -0.0001735328  -0.0006965195  -0.0000479213  -0.0000947165
 4522  -0.0053869485   0.0040054454  -0.0120845209   0.0005397334  -0.0000033097
 4523  -0.0002790102  -0.0005994799   0.0000557957  -0.0003061682   0.0000040767
 4524   0.0001119703  -0.0006223840  -0.0002417437  -0.0002771645  -0.0000760845
 4525  -0.0001057148  -0.0001154673  -0.0000922824   0.0001869210   0.0001912860
 4526   0.0000363465  -0.0000958381  -0.0002262728   0.0002046588  -0.0001002783
 4527  -0.0000228555  -0.0000251765   0.0001995478   0.0000187279  -0.0000394792
 4528  -0.0001216765   0.0000389495  -0.0000928895   0.0001011900  -0.0000605592
 4529   0.0000420548  -0.0000564329   0.0000086828   0.0000786030   0.0000776115
 4530  -0.0000301933   0.0000052116  -0.0001929972   0.0000437189   0.0001063080
 4531   0.0001025098  -0.0000999770   0.0000556101  -0.0001248261   0.0000848906
 4532   0.0000852470  -0.0000044399  -0.0003252429  -0.0001286154   0.0009865850
 4533   0.0005048571  -0.0005266832  -0.0005946026  -0.0003277455   0.0006556058
 4534  -0.0002127903  -0.0005933022  -0.0020937180   0.0004332932  -0.0010104988
 4535  -0.0005483475  -0.0003597414   0.0000479832  -0.0000252926   0.0001789110
 4536   0.0000759395  -0.0002671855  -0.0000655482   0.0002999155   0.0002632452
 4537  -0.0000033562   0.0000427777   0.0001092101   0.0000030277   0.0000195429
 4538   0.0000071650  -0.0000025688  -0.0000042308  -0.0000000502   0.0000018449
 4539  -0.0000020117  -0.0000021343   0.0000055792   0.0000064634  -0.0000652053
 4540   0.0000677535   0.0000620883  -0.0002104549   0.0000041920   0.0000116950
 4541  -0.0000056863  -0.0000085466  -0.0000076891  -0.0000079310   0.0000067409
 4542  -0.0000252093  -0.0000125509   0.0000042067   0.0000199919  -0.0000418186
 4543  -0.0000503448  -0.0000121940   0.0000313537   0.0000136284   0.0002745197
 4544  -0.0002541034   0.0000049613   0.0000356021  -0.0001134409  -0.0000572230
 4545   0.0007418484  -0.0000706114   0.0000571022   0.0000915772   0.0002478280
 4546   0.0000162295   0.0001993385  -0.0002117639  -0.0002352571  -0.0000062487
 4547  -0.0004666890  -0.0000566300   0.0000186768   0.0000142868
 46 1  -0.0001342706  -0.0001725176  -0.0002299048  -0.0002835686   0.0002134774
 46 2  -0.0005853160  -0.0001058135  -0.0001468346   0.0003005372   0.0000374304
 46 3   0.0000943705   0.0006710854  -0.0000770363   0.0004888240  -0.0004258643
 46 4   0.0004486437  -0.0002209501   0.0002129542  -0.0002686971   0.0003170932
 46 5  -0.0000572013   0.0000554407   0.0002336550   0.0003580852  -0.0003003744
 46 6   0.0003499332   0.0000102147   0.0000329542  -0.0003114118   0.0003519538
 46 7  -0.0054389570  -0.0068859147   0.0004242875  -0.0050249343   0.0107558065
 46 8  -0.0008688928  -0.0000999262  -0.0000110099  -0.0001064671  -0.0002575886
 46 9   0.0000835396   0.0002828827   0.0004072963   0.0002236433   0.0002544910
 4610   0.0390569798   0.0082199365  -0.0064942043  -0.0211018433  -0.0000634941
 4611  -0.0022609361  -0.0000454723   0.0000516623   0.0000360520  -0.0000715773
 4612  -0.0002333098   0.0000754572   0.0004466719   0.0000694135   0.0003537671
 4613  -0.0040047573  -0.0096257185  -0.0009765934  -0.0004158810  -0.0000280097
 4614  -0.0003070308  -0.0003652278  -0.0002045463   0.0000419400   0.0002870353
 4615  -0.0006051637   0.0001456366   0.0001369737  -0.0006565185   0.0001854089
 4616   0.0000233934  -0.0002520684  -0.0000692515  -0.0001061798   0.0005281484
 4617  -0.0004220557   0.0002103187   0.0000545778  -0.0004860541   0.0002407671
 4618  -0.0000860504   0.0000499808  -0.0005528730   0.0000910339   0.0000813275
 4619   0.0006014835  -0.0001695766  -0.0000924380  -0.0002967794  -0.0001335311
 4620  -0.0002770622   0.0012255522   0.0007183993   0.0007330018  -0.0001965520
 4621   0.0006379521   0.0000503299  -0.0001894309   0.0002051868  -0.0003992275
 4622  -0.0000052309   0.0001035603  -0.0001994251  -0.0036710708  -0.0029120501
 4623   0.0090725118   0.0000668376  -0.0001221847  -0.0001114611  -0.0005515153
 4624  -0.0000818222  -0.0001824796  -0.0001876444  -0.0000577803  -0.0001730675
 4625  -0.0000440924   0.0000742832  -0.0001156913   0.0001448695   0.0004943509
 4626  -0.0001296197  -0.0002597564  -0.0006237532   0.0020941024  -0.0002219736
 4627   0.0000055299  -0.0000863801   0.0000324789  -0.0000209237  -0.0000122915
 4628   0.0000508078   0.0003203625  -0.0003022165  -0.0001484025  -0.0004232585
 4629   0.0000830325   0.0001320487   0.0001075454   0.0001450787   0.0000662614
 4630  -0.0001954465  -0.0000397563   0.0003114503   0.0001813288   0.0000786151
 4631  -0.0002796095   0.0000328685   0.0000095634   0.0001512112   0.0001040683
 4632   0.0000007772  -0.0001277417  -0.0001410014   0.0001137598  -0.0000329539
 4633   0.0002606680   0.0000419253  -0.0001873503   0.0000833168  -0.0000527160
 4634   0.0001768013  -0.0002781242  -0.0000590375   0.0000919355  -0.0002043894
 4635   0.0000877622   0.0000161001   0.0000543324  -0.0000305297  -0.0001244575
 4636   0.0000252878   0.0001219862   0.0001427183  -0.0001956864   0.0004851319
 4637   0.0000484483  -0.0000300845  -0.0000757327   0.0000437010   0.0000025519
 4638  -0.0000107892   0.0000464790   0.0000049950  -0.0000221429   0.0000370313
 4639   0.0000239628  -0.0001726182   0.0000451076  -0.0000855714   0.0000817171
 4640   0.0005232496  -0.0002627710  -0.0011014727  -0.0000571848   0.0000533241
 4641  -0.0001427379   0.0000214939   0.0000082745   0.0000002926  -0.0000043665
 4642   0.0000325400   0.0000163190  -0.0000125452  -0.0000066002   0.0000021889
 4643  -0.0000054444   0.0000078877  -0.0000134040  -0.0000161177   0.0000490633
 4644   0.0000580716  -0.0000000831  -0.0000191529  -0.0000382184   0.0000385878
 4645   0.0001135778   0.0001905372  -0.0000079342  -0.0000114817  -0.0000032138
 4646  -0.0000440409   0.0000056343  -0.0000441678  -0.0000806476   0.0000079852
 4647  -0.0001485305   0.0000093444  -0.0000152449   0.0000234336
 47 1  -0.0002119845  -0.0004812745  -0.0000965860  -0.0001370671   0.0000969385
 47 2  -0.0001588231  -0.0002951555  -0.0000154004   0.0003976520   0.0001808128
 47 3  -0.0002024988   0.0005773926  -0.0001405716   0.0002765925  -0.0001504661
 47 4   0.0001936262  -0.0003022530   0.0001328951  -0.0003021723  -0.0002915309
 47 5   0.0001548959  -0.0001337687   0.0001987520   0.0003375074  -0.0003272826
 47 6   0.0001973918  -0.0000867583  -0.0001015414  -0.0001479224   0.0005918985
 47 7  -0.0103263122  -0.0165325631   0.0007423571   0.0108531061  -0.0186153394
 47 8   0.0018009140   0.0003698827  -0.0006092689  -0.0003132970  -0.0000821800
 47 9   0.0000195336   0.0003869618   0.0003040847   0.0002739613  -0.0000491234
 4710   0.0082199365   0.0535132432   0.0035802121  -0.0000377567   0.0019330193
 4711  -0.0007512605   0.0004902241   0.0005702532   0.0001846730   0.0002008733
 4712  -0.0001416772  -0.0002408503   0.0012351204   0.0001615923  -0.0001210207
 4713  -0.0050251371  -0.0139425689  -0.0007677092   0.0000375843  -0.0001167529
 4714   0.0003189243  -0.0006264780  -0.0002959921  -0.0000458560   0.0000360784
 4715  -0.0005136137   0.0002287309   0.0001457061  -0.0001942545   0.0003386822
 4716   0.0000868959  -0.0000301522  -0.0000288178   0.0004531097   0.0000478046
 4717  -0.0006596325  -0.0004243169   0.0003180839  -0.0006632416   0.0001908648
 4718  -0.0001458896  -0.0000126452  -0.0000542810  -0.0002328374  -0.0001337763
 4719   0.0002821549   0.0003435979  -0.0003506938  -0.0008642546  -0.0001684049
 4720  -0.0002329793  -0.0008097614  -0.0056108192  -0.0103719102   0.0010218600
 4721   0.0001421765  -0.0005780861  -0.0007670958  -0.0003895634  -0.0001476352
 4722  -0.0002506179   0.0005592113   0.0001739246  -0.0014737118  -0.0000854380
 4723   0.0045026322  -0.0009751393   0.0001712045  -0.0001389811  -0.0000059692
 4724   0.0001749803   0.0001641865  -0.0004448955  -0.0002848750   0.0005639436
 4725  -0.0000091273   0.0000880876  -0.0000005909   0.0006242944  -0.0001227435
 4726   0.0002043380  -0.0001763277   0.0001082025   0.0004657563  -0.0006794143
 4727   0.0000791549   0.0001494082   0.0004338952   0.0000237405   0.0002292456
 4728  -0.0004406387   0.0004181549  -0.0002763575  -0.0000241048  -0.0004961289
 4729   0.0000401025   0.0001660091   0.0000221263   0.0001471294   0.0000111957
 4730  -0.0001653811  -0.0002621223   0.0000482788   0.0002421761   0.0001433944
 4731  -0.0000962508   0.0000521870   0.0000004758   0.0000667729   0.0001345930
 4732   0.0001013844  -0.0001056300  -0.0002229844   0.0000042140   0.0001286895
 4733   0.0002119251  -0.0001540695  -0.0002644170   0.0000989982   0.0003731229
 4734   0.0001096595  -0.0000874743  -0.0000935985   0.0002535685  -0.0004165047
 4735   0.0001049735  -0.0002648764   0.0000650653   0.0000562942   0.0002465849
 4736   0.0000253283   0.0000485093   0.0000954828   0.0001616803  -0.0000212547
 4737   0.0000841575  -0.0000030397  -0.0001199673   0.0000314485   0.0000049504
 4738  -0.0000406577   0.0000225524   0.0000053454  -0.0000080472   0.0000018551
 4739  -0.0000126027  -0.0000532657  -0.0000258045  -0.0000927127   0.0000764508
 4740  -0.0004221436   0.0000174166   0.0000332172  -0.0001051241  -0.0000028575
 4741   0.0001727456   0.0000031896   0.0000046957   0.0000083680   0.0000085307
 4742   0.0000285973   0.0000235167  -0.0000038885   0.0000023787  -0.0000151628
 4743  -0.0000038917   0.0000000937  -0.0000009959  -0.0000065363   0.0000483569
 4744  -0.0000162834   0.0000155180   0.0000007046  -0.0000088305   0.0000053754
 4745   0.0000330098   0.0000718447  -0.0000089547  -0.0000096305   0.0000284338
 4746  -0.0000338982   0.0000327215  -0.0001418090  -0.0001649338   0.0000746738
 4747  -0.0003469510  -0.0000055660   0.0000002493  -0.0000011951
 48 1   0.0000508538  -0.0001352061   0.0000945483  -0.0000602722  -0.0002165281
 48 2   0.0000567356  -0.0005511838   0.0001150715  -0.0002319934   0.0008549674
 48 3   0.0003000293   0.0000690700  -0.0005717000  -0.0002993374   0.0002466546
 48 4   0.0000992574   0.0000807461   0.0001488828  -0.0000304748   0.0001726118
 48 5   0.0001876259  -0.0000211150   0.0003042046   0.0003385758  -0.0000331025
 48 6  -0.0001581829   0.0000816962   0.0000893830   0.0002789561  -0.0000661164
 48 7  -0.0006506019  -0.0007157534  -0.0002297119   0.0006598552   0.0000751443
 48 8   0.0014065695  -0.0003909594  -0.0000162254   0.0000328850  -0.0001263384
 48 9  -0.0001652489  -0.0000107000   0.0000431246  -0.0001922407   0.0000932627
 4810  -0.0064942043   0.0035802121   0.0266801445   0.0002791732  -0.0002279345
 4811   0.0008853047   0.0000602917   0.0000533644   0.0001125894   0.0000215005
 4812   0.0000185751  -0.0000234382   0.0000617469   0.0000492098   0.0000524110
 4813   0.0009329137   0.0012129599   0.0000249310  -0.0002487255   0.0004318965
 4814   0.0002488047  -0.0001255547  -0.0000989832  -0.0001662710   0.0001608302
 4815  -0.0001409644  -0.0002586101   0.0000894885   0.0000619247   0.0001345313
 4816   0.0001365174  -0.0000720169   0.0000208366   0.0001569296  -0.0006010015
 4817  -0.0004897339  -0.0003826769  -0.0000915179  -0.0000976621   0.0002978566
 4818  -0.0001786969  -0.0001459254   0.0000002108   0.0001147438  -0.0007285133
 4819  -0.0001363318   0.0002048477  -0.0003905470  -0.0002789919  -0.0001913238
 4820   0.0002455400  -0.0017902646  -0.0095710909  -0.0123778252   0.0006013542
 4821  -0.0008303130  -0.0001618705  -0.0003373594  -0.0002207968  -0.0000202847
 4822  -0.0000447724   0.0003698702   0.0001075796   0.0069130658   0.0061345518
 4823  -0.0127052263   0.0001755738   0.0002112571  -0.0000823380   0.0002755005
 4824   0.0001916036   0.0000375037  -0.0001025237   0.0002774058   0.0000379481
 4825   0.0002262402   0.0001404580   0.0003266583   0.0007993847  -0.0019004961
 4826   0.0005499579   0.0016524165   0.0029162495  -0.0052197145  -0.0011439382
 4827   0.0003162048  -0.0002096978   0.0003760254   0.0002389763  -0.0007071286
 4828   0.0000128314   0.0001953196   0.0001352178  -0.0000320244  -0.0000833450
 4829   0.0001597674  -0.0000869669   0.0000369886   0.0000929530   0.0001940164
 4830  -0.0003549675  -0.0001222603   0.0003874620   0.0002978886   0.0000193225
 4831  -0.0004013453  -0.0000733345   0.0000844072   0.0001814215  -0.0001178668
 4832  -0.0000440727  -0.0000967715  -0.0001610818  -0.0000328824   0.0002207395
 4833   0.0000930448  -0.0002467667  -0.0001036902   0.0000458282   0.0003169664
 4834   0.0000279758   0.0000104537  -0.0000108019   0.0000490925  -0.0001315037
 4835   0.0000745980  -0.0001802304   0.0000213117  -0.0000652299   0.0000926164
 4836   0.0001024710   0.0000295291  -0.0000596129  -0.0003053178   0.0000874274
 4837   0.0000029924  -0.0000469560  -0.0001110288  -0.0000577223  -0.0000678794
 4838  -0.0000456624  -0.0000002478   0.0000031406   0.0000018160   0.0000158680
 4839  -0.0001409707   0.0003430408  -0.0002893130  -0.0001702273   0.0003292932
 4840  -0.0010586785  -0.0010407544   0.0019190033  -0.0002199297   0.0000390905
 4841  -0.0006356089  -0.0000004549   0.0000064704   0.0000192642  -0.0000055948
 4842  -0.0000004253   0.0000142107   0.0000031349   0.0000048842   0.0000134287
 4843   0.0000029085  -0.0000083136   0.0000200340  -0.0000027005   0.0000065684
 4844  -0.0000256223  -0.0000017222   0.0000024532   0.0000131523  -0.0000621033
 4845   0.0000122967  -0.0000598810  -0.0000019156  -0.0000011645  -0.0000031269
 4846  -0.0000017515   0.0000024601  -0.0000427125  -0.0000339357  -0.0000002384
 4847  -0.0001199151   0.0000122816  -0.0000035401  -0.0000057987
 49 1  -0.0000607613   0.0001938941   0.0003918844   0.0001353882  -0.0002715045
 49 2   0.0000072968   0.0000893431  -0.0002053707   0.0000882198  -0.0001944912
 49 3  -0.0002669196   0.0000933507   0.0001501797   0.0000900394   0.0003193464
 49 4  -0.0001214306  -0.0000971467  -0.0001668885   0.0004773126  -0.0002587878
 49 5  -0.0000878181  -0.0001591716  -0.0003028493   0.0000990571  -0.0000748949
 49 6  -0.0000325162  -0.0001361131   0.0000938316  -0.0001324889   0.0002491287
 49 7  -0.0003834427  -0.0003130426  -0.0000940821  -0.0033321732  -0.0089042252
 49 8   0.0008713719  -0.0045309758   0.0104294379  -0.0001333741  -0.0001604583
 49 9   0.0001747257  -0.0002256048  -0.0000375729  -0.0002653706  -0.0003585486
 4910  -0.0211018433  -0.0000377567   0.0002791732   0.0669141065  -0.0012340291
 4911   0.0010908079  -0.0245243159   0.0001845622  -0.0011836879  -0.0001667181
 4912   0.0000405676  -0.0001467454   0.0002280194   0.0000651375  -0.0000159519
 4913  -0.0040778064   0.0118688594   0.0004469002  -0.0049301626  -0.0117705961
 4914  -0.0004668608  -0.0008891126   0.0003202266  -0.0001111995   0.0000800135
 4915   0.0001323443   0.0001389071   0.0002023873   0.0004990314  -0.0000701562
 4916   0.0000591239   0.0000318594   0.0000892409   0.0000970796   0.0003177797
 4917   0.0001260115  -0.0000112639   0.0003979940  -0.0001462744   0.0000744508
 4918   0.0001828310  -0.0000982593   0.0000435061  -0.0002693362  -0.0000206899
 4919   0.0000287646   0.0000733330  -0.0000923023   0.0000943575  -0.0002018688
 4920  -0.0003745782  -0.0004999602  -0.0002475670  -0.0006579211   0.0014119978
 4921   0.0001666245  -0.0001615655  -0.0005964836   0.0001307121   0.0005826870
 4922  -0.0000575164  -0.0004915722   0.0000800491  -0.0015551954   0.0016246899
 4923  -0.0056871956  -0.0020413953  -0.0016595674   0.0050443115  -0.0004429415
 4924   0.0001219274   0.0002058850  -0.0003371907  -0.0001368915   0.0005605775
 4925  -0.0000401430  -0.0000753583  -0.0000336671  -0.0001389319   0.0001241040
 4926  -0.0001762977  -0.0000732363  -0.0000664203  -0.0000443596   0.0002838195
 4927  -0.0000771721   0.0001361297   0.0002027777  -0.0001119140   0.0003363800
 4928  -0.0003411525  -0.0003822730  -0.0001639977   0.0002088525   0.0002416929
 4929   0.0000184579  -0.0001826571  -0.0000575010  -0.0000564985   0.0000244417
 4930   0.0001189014   0.0001989097  -0.0003696825  -0.0002522851   0.0002483524
 4931   0.0003640469   0.0000799549  -0.0000294414  -0.0001226061   0.0000422647
 4932  -0.0000184989   0.0000720374   0.0000953066   0.0000816415  -0.0004520808
 4933  -0.0000512607   0.0002091826   0.0002208237   0.0000796832   0.0000568777
 4934  -0.0000940299   0.0001397385  -0.0000041673   0.0000782699  -0.0001972690
 4935  -0.0000242826   0.0002664882  -0.0002162762   0.0003183739   0.0001332759
 4936  -0.0002843246  -0.0001837876   0.0001019693   0.0007896060  -0.0011144751
 4937  -0.0000198355   0.0000497773   0.0001189442  -0.0000065881   0.0000014980
 4938   0.0000222398  -0.0000122459  -0.0000075941  -0.0000094095  -0.0000087250
 4939  -0.0000217671   0.0000361161   0.0000269045   0.0000129607  -0.0000579930
 4940   0.0001289893   0.0000337541   0.0000742511  -0.0001147768  -0.0000039404
 4941   0.0000082556   0.0000042622  -0.0000016063  -0.0000187470   0.0000119032
 4942  -0.0000057947  -0.0000286475   0.0000139154   0.0000050203  -0.0000398890
 4943  -0.0000086372  -0.0000124934  -0.0000231304   0.0000248132  -0.0000014666
 4944  -0.0000373543   0.0000288335   0.0000131864   0.0000285330  -0.0000164528
 4945  -0.0000594929  -0.0000684101   0.0000131228   0.0000101343   0.0000325372
 4946   0.0000036812   0.0000401543  -0.0000660657  -0.0000673347   0.0000667536
 4947  -0.0000543703  -0.0000366952  -0.0000054514  -0.0000000815
 50 1  -0.0001363924   0.0002442885   0.0002170545   0.0001390507   0.0000673111
 50 2   0.0001420048   0.0003191221  -0.0000974347   0.0001521217  -0.0005771359
 50 3  -0.0002302182   0.0000866854  -0.0000441891   0.0003687575  -0.0001510384
 50 4  -0.0000524428  -0.0002984679   0.0000838553  -0.0000766547  -0.0003515689
 50 5  -0.0001081209   0.0002920498  -0.0005788086   0.0001078373  -0.0000999707
 50 6   0.0001790176  -0.0001873367   0.0002504687   0.0000517699   0.0000683537
 50 7  -0.0002658422  -0.0001272035   0.0000922067  -0.0090727595  -0.0143630124
 50 8   0.0007097413   0.0102917077  -0.0169449812   0.0000836710  -0.0001115386
 50 9  -0.0000934959   0.0002860641   0.0000432354  -0.0000780893   0.0001012460
 5010  -0.0000634941   0.0019330193  -0.0002279345  -0.0012340291   0.0697021039
 5011  -0.0003535440   0.0006368320   0.0014805291  -0.0000026169   0.0000515133
 5012   0.0002358514  -0.0001612248  -0.0002660815  -0.0001121097   0.0002366594
 5013   0.0117715345  -0.0190775796   0.0004708528  -0.0112562540  -0.0183200141
 5014  -0.0013820700  -0.0007455866   0.0001756980   0.0001967737   0.0002162674
 5015   0.0001290236   0.0001637636   0.0000096281   0.0003626055  -0.0001854118
 5016   0.0000446772   0.0000933548   0.0000189098   0.0000222350   0.0001214717
 5017   0.0000627403  -0.0000700702   0.0000234250  -0.0001531405   0.0001787990
 5018   0.0000925765  -0.0002536331  -0.0001828241  -0.0005215394  -0.0000066093
 5019   0.0003249633  -0.0003068583  -0.0001009846   0.0000631608   0.0001246157
 5020  -0.0001899683  -0.0003311424  -0.0001750534  -0.0005083308   0.0003410052
 5021  -0.0029452513  -0.0065800274   0.0000092398   0.0001325367  -0.0006987596
 5022   0.0001376768   0.0000015689  -0.0002040177   0.0011874591   0.0002024466
 5023   0.0032629147  -0.0012482184  -0.0003389554   0.0032743431  -0.0000515121
 5024  -0.0003103288  -0.0001384430  -0.0002592922  -0.0001869232  -0.0002741882
 5025   0.0000863306   0.0000265281   0.0000247126  -0.0004667346   0.0000885330
 5026  -0.0002757924   0.0000752121  -0.0000453776  -0.0000601563   0.0005611363
 5027   0.0000334840   0.0001779536  -0.0004989818  -0.0001509023   0.0001734858
 5028   0.0004129338  -0.0004802794   0.0005818713   0.0000318911   0.0005039444
 5029  -0.0000671400  -0.0000457248  -0.0000363200  -0.0000544570   0.0000018339
 5030   0.0002121121   0.0000496208   0.0002891678  -0.0002346548   0.0000196396
 5031  -0.0003340225  -0.0000775826  -0.0001889091   0.0000653553  -0.0000283396
 5032  -0.0001099060  -0.0000167740   0.0001767847   0.0001021324  -0.0002839820
 5033  -0.0000067840   0.0002764472   0.0001848040   0.0000200004  -0.0004451713
 5034   0.0000306940  -0.0001290927   0.0000237944  -0.0000928404   0.0001172187
 5035  -0.0000684628   0.0003442133   0.0000272182  -0.0000230240  -0.0004470111
 5036   0.0001672977   0.0000681630  -0.0001149731  -0.0005465381   0.0013265469
 5037  -0.0000496670  -0.0000222574   0.0000420962  -0.0000169159  -0.0000258347
 5038   0.0000185656  -0.0000154061  -0.0000066419  -0.0000063973   0.0000071425
 5039   0.0000205595  -0.0000249738   0.0000246290   0.0000415377   0.0000360585
 5040  -0.0000473562   0.0000553561   0.0001222316   0.0000690572  -0.0000134916
 5041  -0.0000011529   0.0000192823   0.0000020722  -0.0000080895   0.0000020963
 5042  -0.0000007810  -0.0000078530  -0.0000256052  -0.0000090160   0.0000061203
 5043   0.0000042981   0.0000119406  -0.0000179118   0.0000002034  -0.0000003332
 5044   0.0000627623  -0.0000019440  -0.0000095039  -0.0000159015   0.0000299989
 5045   0.0000442350   0.0000908378  -0.0000004149   0.0000063955  -0.0000132268
 5046  -0.0000183239   0.0000099188   0.0000590099   0.0000385725  -0.0000075305
 5047   0.0001656118   0.0000126296   0.0000020470   0.0000104655
 51 1  -0.0000401510  -0.0001518777   0.0001241196   0.0000005379  -0.0000186958
 51 2   0.0001190764  -0.0001108659  -0.0000452908   0.0000059688   0.0001498545
 51 3   0.0000136343   0.0001751589  -0.0000958423   0.0000376950   0.0000486782
 51 4   0.0001734975  -0.0003157435  -0.0001023090   0.0001925656   0.0000085083
 51 5   0.0000685915  -0.0000536299   0.0000673044   0.0001483306  -0.0002694292
 51 6  -0.0000870321   0.0003289900   0.0000152093  -0.0000354854   0.0000749395
 51 7   0.0001478472   0.0004284438  -0.0000361100  -0.0004735035  -0.0010947106
 51 8   0.0018650227   0.0002926640  -0.0003834373   0.0010373369   0.0000571347
 51 9  -0.0000291383   0.0000397601  -0.0002275927  -0.0002477648  -0.0001650977
 5110  -0.0022609361  -0.0007512605   0.0008853047   0.0010908079  -0.0003535440
 5111   0.0161719471   0.0005684781  -0.0002278744   0.0012827246  -0.0001929220
 5112   0.0001126462   0.0002709941   0.0000554335   0.0003933748  -0.0006338189
 5113  -0.0002335457   0.0026316255   0.0010451522   0.0002407294   0.0009996562
 5114   0.0011156349  -0.0000273062  -0.0000136752   0.0003230901  -0.0001710495
 5115  -0.0001256855   0.0001305837   0.0000349966   0.0002349655  -0.0000171042
 5116   0.0000750359   0.0000218846   0.0000372499   0.0000359502  -0.0000787131
 5117  -0.0001316207  -0.0000790732   0.0000564804  -0.0002015549   0.0002025140
 5118   0.0001179559  -0.0002638740   0.0000146898   0.0000723556  -0.0005558892
 5119  -0.0000311642  -0.0001494758  -0.0002761395  -0.0002811574  -0.0000989638
 5120  -0.0000730128  -0.0004316924  -0.0007017680   0.0000457075  -0.0004382427
 5121  -0.0064178530  -0.0077785898   0.0004696436  -0.0005470979   0.0004236574
 5122  -0.0000852355   0.0001625255   0.0000427872  -0.0035609151   0.0027243008
 5123  -0.0065808846   0.0038178843   0.0034891312  -0.0067123872   0.0005148661
 5124   0.0001502801  -0.0000969015   0.0004168063  -0.0001610565   0.0000850555
 5125  -0.0001095102  -0.0000154973  -0.0000595929   0.0002638899   0.0001971168
 5126   0.0001596744  -0.0001402272  -0.0002616935   0.0003536657  -0.0002536809
 5127  -0.0001388656  -0.0000228286   0.0000469273   0.0001033574  -0.0002518910
 5128   0.0000962692   0.0010640141  -0.0008857029  -0.0001391085  -0.0007185992
 5129   0.0002923121   0.0001178582  -0.0000776306   0.0000802943  -0.0000099936
 5130  -0.0001336489  -0.0000661914  -0.0002762562   0.0004312350  -0.0000220369
 5131   0.0004541066   0.0002091196   0.0004073228  -0.0000054636  -0.0000655883
 5132  -0.0000610035   0.0000305548  -0.0001856422   0.0000337900   0.0002027845
 5133   0.0000549893  -0.0001343842  -0.0002723804  -0.0000549111   0.0002190156
 5134   0.0000649095  -0.0000701519  -0.0000714610   0.0000849601  -0.0001204333
 5135   0.0000825067  -0.0003503249  -0.0001948258   0.0000737958  -0.0000051832
 5136   0.0001583987   0.0002597595   0.0005988822   0.0000625719  -0.0023727029
 5137   0.0000483390  -0.0000085327   0.0000079149   0.0000303467   0.0000222431
 5138  -0.0000288673   0.0000089338   0.0000037338  -0.0000021519  -0.0000002533
 5139   0.0000014190  -0.0000319384  -0.0000051442  -0.0000286358  -0.0000459238
 5140   0.0000556610   0.0000541411  -0.0003230094   0.0000575364  -0.0000435282
 5141   0.0002633559  -0.0000200725   0.0000082617   0.0000226225   0.0000118461
 5142  -0.0000013535   0.0000216407   0.0000318422   0.0000009475   0.0000214343
 5143  -0.0000135283  -0.0000086893   0.0000160663   0.0000121718   0.0000319759
 5144  -0.0000172706   0.0000141696   0.0000104892   0.0000322871  -0.0000408096
 5145   0.0000263619   0.0000122185   0.0000042622  -0.0000044679   0.0000317789
 5146   0.0000140643   0.0000055023  -0.0000643097  -0.0000848182   0.0000035264
 5147  -0.0001553979  -0.0000264523  -0.0000033337  -0.0000453600
 52 1  -0.0001130645   0.0001384421  -0.0004083752   0.0000046514   0.0003763156
 52 2   0.0000061997   0.0002425152   0.0000430609  -0.0000018007  -0.0002660617
 52 3   0.0001025299  -0.0002786064  -0.0000864509   0.0001634381  -0.0003130693
 52 4  -0.0000630907   0.0001951638   0.0000844988  -0.0003665066  -0.0000467328
 52 5   0.0000410839   0.0001966172  -0.0004386041  -0.0004186575  -0.0000224317
 52 6   0.0000815645  -0.0000875381   0.0002637541  -0.0002648952  -0.0002394521
 52 7   0.0000123517  -0.0003164545   0.0001392715  -0.0002443212  -0.0000508709
 52 8  -0.0001429846  -0.0047503629  -0.0102127965   0.0004247217  -0.0049809701
 52 9   0.0117094324  -0.0007350477  -0.0005829338   0.0007688736   0.0004568761
 5210  -0.0000454723   0.0004902241   0.0000602917  -0.0245243159   0.0006368320
 5211   0.0005684781   0.0744964366   0.0003046086  -0.0006762656  -0.0268711494
 5212  -0.0003992093  -0.0002496418  -0.0004113290   0.0000397215   0.0002966651
 5213  -0.0013703433  -0.0002207926  -0.0002304776  -0.0042212105   0.0102193731
 5214   0.0003641396  -0.0045077870  -0.0127855990  -0.0002912927   0.0001287805
 5215   0.0001764283  -0.0002249222  -0.0002141620  -0.0004361114   0.0001140756
 5216   0.0000015379   0.0001086171   0.0000733077  -0.0000262124  -0.0001773464
 5217   0.0001876599   0.0000764947  -0.0003059756   0.0001844987  -0.0002060495
 5218   0.0000668036   0.0000878471   0.0000484513  -0.0000188173   0.0002214819
 5219   0.0001053796  -0.0001704376   0.0001632474   0.0001125964   0.0000403159
 5220   0.0001558638   0.0001477074   0.0000700296  -0.0001097375  -0.0005367066
 5221  -0.0003359345  -0.0002960645   0.0014766634   0.0003703725   0.0002576505
 5222  -0.0004802817   0.0006555757   0.0004876122  -0.0005401972  -0.0001692789
 5223   0.0005545355  -0.0009150897   0.0017259956  -0.0052625762  -0.0014901275
 5224  -0.0020203648   0.0045259380   0.0000754354   0.0002279662  -0.0002453288
 5225   0.0001451400   0.0001512651   0.0001169171  -0.0002615305  -0.0002832013
 5226  -0.0002289951   0.0001202820   0.0003391085  -0.0003230943   0.0003707089
 5227   0.0001882242   0.0001780621  -0.0006550318   0.0000105120   0.0001088110
 5228   0.0005446662   0.0000499270  -0.0000856643  -0.0002957743  -0.0000282970
 5229  -0.0001404434   0.0001413447   0.0000294541   0.0000354572  -0.0000104466
 5230   0.0000456801  -0.0001296569   0.0003171666  -0.0000226562  -0.0001220056
 5231  -0.0002324736  -0.0001690782   0.0000300569   0.0000938809  -0.0000570235
 5232  -0.0000611992  -0.0000380458  -0.0001080996   0.0000159525   0.0001139312
 5233   0.0000790893   0.0000310989  -0.0000583251   0.0000284854  -0.0000522849
 5234   0.0000517146  -0.0000240578  -0.0000234998  -0.0000394400  -0.0000221429
 5235   0.0000773287   0.0001361206   0.0000160303  -0.0000738688  -0.0003148363
 5236   0.0003010019   0.0002283829   0.0004531174  -0.0008141700   0.0010690623
 5237  -0.0000441079  -0.0000815144  -0.0001423262  -0.0000110177  -0.0000271092
 5238  -0.0000117808  -0.0000035437  -0.0000030417  -0.0000011848  -0.0000053152
 5239   0.0000007660   0.0000034716  -0.0000073683   0.0000052428   0.0000930065
 5240  -0.0001083283  -0.0000284645   0.0003615078  -0.0000169057   0.0000128891
 5241   0.0000058471   0.0000008923  -0.0000001078  -0.0000076804  -0.0000045555
 5242   0.0000048705  -0.0000011891  -0.0000028358  -0.0000077846   0.0000124131
 5243   0.0000029343   0.0000054033   0.0000022164  -0.0000231881  -0.0000268298
 5244   0.0000253042  -0.0000233722  -0.0000090197  -0.0000167278   0.0000015985
 5245   0.0000004315   0.0000282803  -0.0000437583   0.0000218681  -0.0000905556
 5246  -0.0000455899  -0.0000259662   0.0000693425   0.0000393032   0.0000625759
 5247  -0.0001147551   0.0001602444   0.0000442755  -0.0001097130
 53 1   0.0001609853   0.0001241916   0.0001625403   0.0000344681   0.0000008359
 53 2   0.0000673133   0.0005043086  -0.0001252865   0.0001898825  -0.0005595872
 53 3  -0.0001368477   0.0000786767  -0.0000047160  -0.0000656080  -0.0001986551
 53 4  -0.0001394987   0.0001615037  -0.0000678709  -0.0001357235  -0.0000962947
 53 5   0.0000399917   0.0001375629  -0.0005799557  -0.0004640769  -0.0001466126
 53 6  -0.0001640372   0.0001455936   0.0001610311   0.0003471236  -0.0001724591
 53 7  -0.0001959942  -0.0003186638   0.0000506608   0.0000244859  -0.0000984756
 53 8  -0.0002005579  -0.0108920789  -0.0164280817   0.0003861510   0.0118747645
 53 9  -0.0183365491   0.0010479425   0.0000838179  -0.0001888282   0.0000232616
 5310   0.0000516623   0.0005702532   0.0000533644   0.0001845622   0.0014805291
 5311  -0.0002278744   0.0003046086   0.0731544143  -0.0000615236   0.0002332250
 5312   0.0016544772  -0.0002498326  -0.0005024168  -0.0002554820   0.0001800120
 5313   0.0007403458  -0.0001115135   0.0001596958   0.0097740263  -0.0166543184
 5314  -0.0010090214  -0.0112797969  -0.0198517616   0.0000944802  -0.0007767176
 5315   0.0003698613   0.0001477903   0.0000902153   0.0001945174  -0.0002059401
 5316  -0.0001135525  -0.0000077033  -0.0001093850  -0.0000390081   0.0000161709
 5317   0.0001362691  -0.0000331608  -0.0001441472   0.0001501417  -0.0000789122
 5318   0.0002457453  -0.0002160243  -0.0001477642   0.0000737824   0.0001407231
 5319  -0.0000108358  -0.0003936987   0.0000188648   0.0003440273   0.0001805611
 5320  -0.0001664516   0.0001021501  -0.0002550428  -0.0002730529  -0.0003911529
 5321   0.0001482787  -0.0001416143   0.0002258919  -0.0031834555  -0.0073209777
 5322   0.0003395735  -0.0002328554  -0.0004636306  -0.0001452925  -0.0003027889
 5323   0.0001988356   0.0017049299  -0.0005714306   0.0034452995  -0.0010254611
 5324  -0.0001122969   0.0025569166  -0.0002559944  -0.0001039246  -0.0002856721
 5325  -0.0000148691  -0.0000712632   0.0000310645   0.0000075384  -0.0001267733
 5326  -0.0000531235   0.0000300459   0.0000733439  -0.0000900983   0.0001356873
 5327   0.0003615715  -0.0000399569  -0.0003305715   0.0000102428   0.0000280717
 5328   0.0003425288   0.0001456113   0.0001108035   0.0001155526   0.0000685534
 5329  -0.0000502439  -0.0001509148  -0.0000575147   0.0001184607   0.0002095281
 5330  -0.0001571241  -0.0000733337  -0.0001840642   0.0000589411  -0.0000607248
 5331   0.0000630299  -0.0000130049  -0.0000429826  -0.0000728856  -0.0001628165
 5332  -0.0001039528   0.0000748536   0.0001883639  -0.0000851299  -0.0000038790
 5333  -0.0001401010   0.0002325151  -0.0000864772  -0.0003266683  -0.0003777477
 5334  -0.0000282352   0.0001000842   0.0001223094  -0.0001876287   0.0004938454
 5335  -0.0002061740  -0.0001301254  -0.0001464571   0.0002481448  -0.0001211080
 5336   0.0003337274   0.0006201558  -0.0000688470  -0.0007102074   0.0008471651
 5337  -0.0000211038   0.0000403702   0.0000243439  -0.0000138041   0.0000072720
 5338   0.0000188527   0.0000007574  -0.0000041051  -0.0000046759   0.0000014677
 5339   0.0000019767   0.0000000429   0.0000042855   0.0000103682   0.0000254780
 5340  -0.0000408150  -0.0000349375   0.0001067983  -0.0000062886  -0.0000152421
 5341   0.0000104273  -0.0000026605  -0.0000017558  -0.0000281767   0.0000118582
 5342  -0.0000024531  -0.0000081052  -0.0000119253   0.0000031379   0.0000277832
 5343   0.0000070565   0.0000083087   0.0000114526  -0.0000190813  -0.0000124442
 5344  -0.0000055636  -0.0000160957  -0.0000038446  -0.0000140718  -0.0000186867
 5345  -0.0000118819  -0.0001030630  -0.0000226605   0.0000173040  -0.0000427083
 5346   0.0000317999  -0.0000288985   0.0001083644   0.0001669719  -0.0000853742
 5347   0.0003676176   0.0001473999   0.0001866468   0.0006901945
 54 1  -0.0000436432   0.0000336774  -0.0001246136   0.0000141693   0.0000460368
 54 2  -0.0001183583   0.0001501318  -0.0000345491  -0.0000612408   0.0002756902
 54 3  -0.0001595059  -0.0000693081  -0.0001119195  -0.0004085209   0.0001965270
 54 4  -0.0000085539   0.0000857980   0.0000480946   0.0000597152   0.0000163756
 54 5   0.0000784206   0.0001770767   0.0000655735   0.0003491377   0.0000213309
 54 6  -0.0003284936  -0.0001063206  -0.0001666227  -0.0002162343   0.0000142831
 54 7   0.0000380821   0.0000699976  -0.0000610823  -0.0000231257  -0.0000571856
 54 8  -0.0000421814  -0.0007318035  -0.0011140691   0.0012797036   0.0006526575
 54 9  -0.0005552355   0.0012057317  -0.0000419935   0.0001417854  -0.0000352133
 5410   0.0000360520   0.0001846730   0.0001125894  -0.0011836879  -0.0000026169
 5411   0.0012827246  -0.0006762656  -0.0000615236   0.0168544366   0.0019264090
 5412  -0.0002077436   0.0009723161  -0.0004009766  -0.0002827745   0.0002286342
 5413   0.0000891066  -0.0000101044   0.0005033881  -0.0006571918   0.0009725726
 5414   0.0003772283   0.0004374685   0.0014784448   0.0006741163   0.0001613954
 5415   0.0000934515  -0.0000226537  -0.0000327575  -0.0001682147   0.0000492626
 5416   0.0001760937  -0.0000121709  -0.0000059820  -0.0001311606   0.0000859047
 5417   0.0001096068   0.0001275073   0.0001420194   0.0001853650   0.0001559679
 5418   0.0002014107   0.0000004527   0.0001718100   0.0002370915  -0.0003330390
 5419  -0.0000604908  -0.0001175353  -0.0001654387   0.0001236524  -0.0002478365
 5420  -0.0004903560   0.0002825827  -0.0001476236   0.0001919115  -0.0005865262
 5421  -0.0004655889   0.0001958519   0.0005627294  -0.0066461917  -0.0077027145
 5422   0.0003872384  -0.0005133711  -0.0001815447  -0.0004724080   0.0003175067
 5423  -0.0004183537  -0.0045541845   0.0037743762  -0.0066522430   0.0034932924
 5424   0.0024912313  -0.0048791959   0.0003734496   0.0002771933  -0.0005644828
 5425  -0.0000777893  -0.0000793396  -0.0000365994   0.0001293247   0.0000017442
 5426  -0.0001144494  -0.0000071951   0.0000164346   0.0000247604  -0.0001594250
 5427  -0.0002359078   0.0000837617   0.0002899433  -0.0000556380  -0.0000929865
 5428  -0.0003023049  -0.0001500110  -0.0001382147  -0.0001488829   0.0001905869
 5429   0.0000955840  -0.0000074285   0.0000076068  -0.0000604882  -0.0000818954
 5430   0.0001158657   0.0001467338   0.0001526641   0.0000409254   0.0001596233
 5431  -0.0000031216  -0.0005792749   0.0000447620  -0.0000418930   0.0000298152
 5432   0.0000030373   0.0000521061   0.0000550426   0.0000369154  -0.0003753445
 5433  -0.0001267922   0.0001546880   0.0002704638   0.0002494520   0.0000120087
 5434   0.0000014174  -0.0000268951  -0.0000517804   0.0000578023  -0.0002930754
 5435   0.0000553461   0.0003155863   0.0005436318  -0.0007632464   0.0002412430
 5436   0.0003059294  -0.0012713936  -0.0000582135   0.0008009874  -0.0011817216
 5437  -0.0000073926   0.0000284471   0.0000761523   0.0000078605   0.0000118250
 5438   0.0000164018   0.0000006161   0.0000014353  -0.0000020076   0.0000074084
 5439   0.0000015614  -0.0000083749  -0.0000004564  -0.0000052331  -0.0000146920
 5440   0.0000133121   0.0000313843  -0.0000056842   0.0000215453   0.0000378367
 5441  -0.0000018629  -0.0000024648  -0.0000061229   0.0000014642  -0.0000007068
 5442  -0.0000055487  -0.0000060807   0.0000033543   0.0000048833  -0.0000120651
 5443  -0.0000083205  -0.0000240025  -0.0000195623   0.0000083933  -0.0000219728
 5444   0.0000053654   0.0000126403   0.0000015140   0.0000069022   0.0000088430
 5445  -0.0000038112   0.0000480396   0.0000031178   0.0000147662  -0.0000295891
 5446  -0.0000323956   0.0000418556  -0.0000406462  -0.0000588373   0.0001055065
 5447  -0.0001926462  -0.0002338722   0.0000165578   0.0001970854
 55 1   0.0000139592  -0.0001222773   0.0002900808  -0.0000761670  -0.0001823368
 55 2  -0.0000212825  -0.0001843856  -0.0000181450  -0.0000810252   0.0001561371
 55 3  -0.0001132301   0.0000400532   0.0001378854  -0.0000038655   0.0002411202
 55 4  -0.0000559680  -0.0000813032  -0.0002229741   0.0002335658   0.0000651136
 55 5  -0.0001506432   0.0000112331   0.0002080046  -0.0000237376   0.0002408843
 55 6  -0.0001582385   0.0000705638  -0.0004092579   0.0002755651   0.0001222335
 55 7  -0.0000165475   0.0000487485  -0.0001156821   0.0000348136  -0.0000672412
 55 8   0.0000030007  -0.0003076372  -0.0002507174  -0.0000423215  -0.0054855688
 55 9  -0.0132149067   0.0005019178  -0.0035482025   0.0087447151  -0.0008834966
 5510  -0.0000715773   0.0002008733   0.0000215005  -0.0001667181   0.0000515133
 5511  -0.0001929220  -0.0268711494   0.0002332250   0.0019264090   0.0803016631
 5512   0.0030611822   0.0029236013  -0.0300595393   0.0004720842  -0.0010066099
 5513  -0.0000112688   0.0000968593   0.0001423555  -0.0005149372   0.0000499453
 5514   0.0000973191  -0.0044803226   0.0109482969   0.0005819655  -0.0048348824
 5515  -0.0117276205  -0.0002557715   0.0001467731   0.0003226701  -0.0000088962
 5516   0.0000352145   0.0000835193  -0.0000538179  -0.0000588914   0.0001056009
 5517  -0.0000463555   0.0000103815   0.0000330261  -0.0000834183  -0.0000396275
 5518  -0.0000754082  -0.0000260480   0.0001158682   0.0000074919  -0.0001699949
 5519  -0.0001868020   0.0000599501   0.0000262620  -0.0000331594   0.0001644849
 5520  -0.0000116161  -0.0000428640  -0.0001296850   0.0000603403  -0.0000239220
 5521  -0.0000547077   0.0002078887  -0.0001373441  -0.0003608825  -0.0004031457
 5522   0.0013647153  -0.0001264058   0.0007559210   0.0002349231   0.0000306692
 5523   0.0000440398  -0.0005501849  -0.0000696995   0.0000368123  -0.0030668637
 5524   0.0031501717  -0.0091536065  -0.0022449911  -0.0016186422   0.0051039205
 5525  -0.0000644164  -0.0000857909  -0.0000469531   0.0000664246   0.0000986236
 5526  -0.0000089529  -0.0000409843  -0.0000985546   0.0000679792  -0.0000561085
 5527  -0.0000529315   0.0000234151   0.0000660511   0.0000213435  -0.0000615706
 5528  -0.0000211967   0.0000774109  -0.0001181294   0.0001221719  -0.0000604890
 5529   0.0000142886  -0.0000632097   0.0000007894   0.0000061131   0.0000419942
 5530   0.0000148693   0.0000533788  -0.0001732732   0.0000093425  -0.0000355102
 5531   0.0003151474  -0.0000335722   0.0001115895  -0.0001589676   0.0000878881
 5532   0.0001832563  -0.0000178040   0.0000303788  -0.0000485515  -0.0002464180
 5533  -0.0000669663  -0.0000358917   0.0001197907   0.0001460586  -0.0000336659
 5534   0.0000700460  -0.0001391082   0.0000188494  -0.0000252595  -0.0002311986
 5535  -0.0000705012   0.0001004296  -0.0000106165   0.0002448221   0.0001295529
 5536  -0.0000951387  -0.0001661830  -0.0000371224   0.0001693775   0.0000104217
 5537   0.0000040050   0.0000319304   0.0000869408  -0.0000015753   0.0000087804
 5538   0.0000123044  -0.0000016668  -0.0000026544  -0.0000038737   0.0000041227
 5539  -0.0000024485  -0.0000041511   0.0000094948  -0.0000002592  -0.0000258996
 5540   0.0000169310   0.0000245571  -0.0000927318  -0.0000008401   0.0000104653
 5541  -0.0000046969   0.0000010887   0.0000036003  -0.0000017637   0.0000020959
 5542  -0.0000016810  -0.0000040538   0.0000104126   0.0000114659  -0.0000346827
 5543  -0.0000058173  -0.0000045214  -0.0000019914   0.0000070483   0.0000248632
 5544   0.0000241913   0.0000194682  -0.0000152582   0.0000276907  -0.0000060061
 5545   0.0000330117   0.0000502014   0.0001807940   0.0000421130  -0.0000396765
 5546   0.0000557305   0.0000612944  -0.0001587321   0.0001469376  -0.0000375387
 5547  -0.0002382564  -0.0001283092  -0.0000078331   0.0000570366
 56 1  -0.0000714120   0.0000947495   0.0000610620   0.0000508819  -0.0001026170
 56 2  -0.0002163337  -0.0000278429  -0.0000318618  -0.0000599895   0.0001701472
 56 3  -0.0001617713   0.0000127587  -0.0000432241  -0.0000362355  -0.0000273718
 56 4  -0.0001411540   0.0001215065  -0.0000160015   0.0000162897   0.0000774700
 56 5  -0.0000850227   0.0000351682  -0.0000402221  -0.0000736703  -0.0001965910
 56 6  -0.0001043340  -0.0002018058  -0.0001270102  -0.0006911894   0.0000775635
 56 7  -0.0000404222   0.0001252644  -0.0000932764   0.0000240108   0.0000679978
 56 8  -0.0001224830  -0.0000985773  -0.0001402098  -0.0000029714  -0.0126103525
 56 9  -0.0207987351   0.0009998476   0.0100468162  -0.0151385277   0.0012428679
 5610  -0.0002333098  -0.0001416772   0.0000185751   0.0000405676   0.0002358514
 5611   0.0001126462  -0.0003992093   0.0016544772  -0.0002077436   0.0030611822
 5612   0.0748075979  -0.0005965768   0.0006322877   0.0019058192  -0.0003466925
 5613  -0.0000475180   0.0000698850   0.0000604286   0.0006700334  -0.0004148432
 5614  -0.0001679093   0.0092523172  -0.0155562393  -0.0011692596  -0.0115687619
 5615  -0.0200497362   0.0000891645   0.0001673950  -0.0001196765   0.0001454959
 5616  -0.0000018996  -0.0000731145   0.0000882086  -0.0000644150   0.0000139782
 5617   0.0000612841   0.0000566171   0.0000766792   0.0001180265  -0.0000278908
 5618   0.0000451171   0.0000401784  -0.0000153690  -0.0000804653   0.0000749244
 5619   0.0000945839  -0.0000815175   0.0001894993  -0.0002526542  -0.0002748601
 5620  -0.0000121616  -0.0000400944   0.0001299827   0.0001492827   0.0000090900
 5621  -0.0000804396   0.0001176899  -0.0001726312   0.0000725727  -0.0003316017
 5622   0.0005937268  -0.0045846452  -0.0093370802  -0.0000651856  -0.0000968308
 5623   0.0000026221   0.0005794226   0.0000220943   0.0001531174   0.0022269063
 5624  -0.0001802754   0.0056014568  -0.0013570882  -0.0002767215   0.0028495343
 5625   0.0000614589   0.0000532035   0.0000281752  -0.0001017653  -0.0000639031
 5626  -0.0000364883   0.0000413890   0.0000791646  -0.0000685188   0.0000735574
 5627   0.0000322180   0.0000046855  -0.0001071037   0.0000066619   0.0000173657
 5628   0.0000444341  -0.0000456387   0.0000178888  -0.0000580637   0.0000363363
 5629  -0.0000507138   0.0000143794   0.0000107534   0.0000341714   0.0000137514
 5630   0.0000292660  -0.0000243870   0.0000853746  -0.0000497296   0.0000158657
 5631   0.0000184697  -0.0001374712  -0.0000355106  -0.0001192394  -0.0000317786
 5632  -0.0000534395   0.0001317993   0.0002252822  -0.0000539507  -0.0002080747
 5633  -0.0000404063   0.0003271136   0.0001183475   0.0000485320   0.0003542035
 5634  -0.0001452522   0.0001874209  -0.0000469275   0.0000921598  -0.0001246365
 5635   0.0002870702   0.0001302989  -0.0001402840   0.0002533134   0.0000528835
 5636   0.0000704375  -0.0001591453   0.0000090302  -0.0000336446  -0.0000595614
 5637  -0.0000205324  -0.0000157313  -0.0000410041  -0.0000050107  -0.0000119131
 5638  -0.0000046291   0.0000004576  -0.0000008277  -0.0000049200  -0.0000010904
 5639   0.0000070180  -0.0000020351  -0.0000041452  -0.0000015695   0.0000306329
 5640  -0.0000316269  -0.0000072078   0.0000774159   0.0000017752   0.0000010984
 5641   0.0000041843   0.0000035356  -0.0000002673  -0.0000049625  -0.0000018145
 5642   0.0000009643   0.0000042383  -0.0000045317  -0.0000017766  -0.0000006577
 5643   0.0000072449  -0.0000124420   0.0000049888  -0.0000043252  -0.0000118254
 5644  -0.0000661885   0.0000117040   0.0000053901  -0.0000169686   0.0000031234
 5645  -0.0000308947  -0.0000632201  -0.0000116423  -0.0000363959  -0.0000319579
 5646  -0.0000359088  -0.0000071560   0.0000353076  -0.0000830023  -0.0002705835
 5647  -0.0000477244  -0.0000968753   0.0000180389   0.0001780069
 57 1  -0.0000728738   0.0000029099  -0.0000921102   0.0000348921   0.0000964986
 57 2   0.0000733172   0.0000826250   0.0001423095   0.0001725439  -0.0004267340
 57 3   0.0001659153   0.0000878284   0.0001064147   0.0002929408  -0.0001611537
 57 4   0.0000665681  -0.0000684354  -0.0000100541  -0.0002986641  -0.0002345926
 57 5   0.0000763915   0.0001816613  -0.0001658297   0.0001087142  -0.0001960977
 57 6  -0.0000497055   0.0001935382   0.0002228184   0.0000172321   0.0002270353
 57 7   0.0000563722  -0.0002119739   0.0001307634   0.0000780128   0.0001201790
 57 8   0.0001075600   0.0001529410   0.0000228783   0.0000625733  -0.0005360197
 57 9  -0.0002619782   0.0013994554   0.0003426028  -0.0007466147   0.0009383885
 5710   0.0000754572  -0.0002408503  -0.0000234382  -0.0001467454  -0.0001612248
 5711   0.0002709941  -0.0002496418  -0.0002498326   0.0009723161   0.0029236013
 5712  -0.0005965768   0.0262017222   0.0013025234  -0.0004115734   0.0013044157
 5713   0.0003989092  -0.0000155691  -0.0000724504   0.0000454809   0.0001845262
 5714   0.0003989136  -0.0006508587   0.0009085103   0.0007800419   0.0006537841
 5715   0.0020810458   0.0010372314  -0.0000758848   0.0000344192  -0.0000105030
 5716  -0.0001662285   0.0000738811   0.0000566883   0.0003209834   0.0000817385
 5717  -0.0000075945  -0.0000757731   0.0001045873  -0.0003304094  -0.0000312720
 5718  -0.0000947873  -0.0000069125   0.0000015309   0.0000704928  -0.0000957240
 5719   0.0001628650   0.0000556862  -0.0003156280  -0.0001466860  -0.0003328061
 5720  -0.0004961902   0.0001444541   0.0000983444  -0.0000901627   0.0001916567
 5721   0.0000424428  -0.0002509149  -0.0007265352  -0.0004990104   0.0000853177
 5722   0.0010743767  -0.0089656324  -0.0104040251   0.0001036277  -0.0000936332
 5723  -0.0001717354  -0.0005751024   0.0000257617  -0.0004483117  -0.0082033785
 5724   0.0057358590  -0.0124646240   0.0041666003   0.0023393776  -0.0050477682
 5725  -0.0000088028  -0.0000417645  -0.0000790690  -0.0002352639   0.0002723458
 5726  -0.0000139546  -0.0000327882  -0.0002440588   0.0001131052   0.0002180287
 5727  -0.0001549703   0.0000503482  -0.0000710154  -0.0000039183  -0.0000349582
 5728  -0.0000789127  -0.0004709890  -0.0000602980  -0.0001226774   0.0003641289
 5729  -0.0000469565  -0.0000034352   0.0000202234  -0.0000560433  -0.0000789082
 5730   0.0002065157   0.0001024208   0.0000096325  -0.0002243003  -0.0000218561
 5731   0.0000335491  -0.0000393840   0.0000190703   0.0000998037   0.0001078381
 5732   0.0000613486  -0.0001362149  -0.0000960889   0.0000552818   0.0003540824
 5733   0.0001041638   0.0000072759  -0.0000844419  -0.0008158254  -0.0001814571
 5734  -0.0001404763   0.0000560552   0.0001423246  -0.0019457192   0.0029412415
 5735  -0.0050792700   0.0001479602  -0.0000523312  -0.0002523828  -0.0001185035
 5736  -0.0000641679  -0.0002501708   0.0000234175   0.0003095728   0.0001701734
 5737  -0.0000263197   0.0000027505   0.0000709093  -0.0000050516  -0.0000008656
 5738   0.0000160742  -0.0000089779   0.0000014649   0.0000086024  -0.0000116916
 5739   0.0000012846   0.0000081774   0.0000178420   0.0000259609  -0.0000245430
 5740   0.0000588997   0.0000599764  -0.0001112962  -0.0000095817   0.0000022176
 5741   0.0000200320   0.0000042827  -0.0000096420  -0.0000101474   0.0000018133
 5742  -0.0000087508  -0.0000255495  -0.0000152527   0.0000070439  -0.0000224874
 5743   0.0000137159   0.0000124269  -0.0000066550   0.0000572832  -0.0000505563
 5744   0.0000174357   0.0000017939   0.0000086481   0.0000478088   0.0000075153
 5745  -0.0000899722  -0.0000007526   0.0002181989  -0.0000889951   0.0002995579
 5746   0.0003831689  -0.0002995424   0.0001991583   0.0010354016  -0.0011823100
 5747   0.0008831268   0.0001353818   0.0001376643  -0.0002004242
 58 1   0.0002072244   0.0003630002   0.0001544563  -0.0000178776   0.0000373742
 58 2   0.0001511584   0.0007106801  -0.0001274533   0.0000397715  -0.0005923130
 58 3  -0.0001711009   0.0000537129   0.0000813890  -0.0002925697  -0.0000119297
 58 4  -0.0002891234   0.0000986635  -0.0001333261   0.0002139037  -0.0000587326
 58 5  -0.0000553597   0.0000755576  -0.0005074297  -0.0004067876   0.0000871258
 58 6  -0.0001094941   0.0001132237   0.0000507751  -0.0000774399  -0.0004761263
 58 7  -0.0002963544  -0.0005905563   0.0000794300   0.0001137141   0.0000510973
 58 8  -0.0001543194   0.0000142141   0.0007795051   0.0001703472  -0.0001151657
 58 9   0.0000354069  -0.0000214398  -0.0060470881  -0.0135748959   0.0007446332
 5810   0.0004466719   0.0012351204   0.0000617469   0.0002280194  -0.0002660815
 5811   0.0000554335  -0.0004113290  -0.0005024168  -0.0004009766  -0.0300595393
 5812   0.0006322877   0.0013025234   0.0442452988  -0.0009266933   0.0094742459
 5813  -0.0009361671  -0.0001700527  -0.0001936980  -0.0000885882  -0.0002446922
 5814  -0.0001029321  -0.0003451369  -0.0001247881   0.0002327616  -0.0034096928
 5815   0.0103092380   0.0001014703   0.0000161829   0.0001111127  -0.0003243955
 5816  -0.0000705606   0.0001275001  -0.0001561026  -0.0003255267   0.0001303117
 5817   0.0003715736   0.0001306345   0.0000911752   0.0005208307  -0.0004409032
 5818  -0.0000199795  -0.0001875544   0.0000699599  -0.0003854778   0.0001631135
 5819  -0.0002506760  -0.0000141476   0.0000703273   0.0005618978   0.0002096869
 5820   0.0001739923   0.0001246778   0.0000526225  -0.0004736927   0.0000502614
 5821   0.0001954471   0.0003280236   0.0002316760   0.0004863496   0.0001870247
 5822   0.0002468125  -0.0004600285  -0.0004368435  -0.0005724355  -0.0000168850
 5823   0.0006077290   0.0004302096  -0.0005076091   0.0001888132  -0.0005629275
 5824  -0.0003101143   0.0000287721  -0.0035189580   0.0045873317  -0.0121353155
 5825   0.0000622197   0.0000152624   0.0000287264  -0.0001722371  -0.0001539096
 5826  -0.0001239206   0.0000521706   0.0001268959  -0.0002381234   0.0002648289
 5827   0.0001355047   0.0000165695  -0.0003172988  -0.0000218323   0.0000227328
 5828   0.0003309552  -0.0001076567   0.0002115015  -0.0001429186   0.0002771194
 5829  -0.0000848949  -0.0000509751  -0.0000462629   0.0000120952   0.0000448771
 5830   0.0000264187   0.0000284579   0.0003299736  -0.0000117827  -0.0000357652
 5831  -0.0004232938   0.0000385719  -0.0001162137   0.0003068741  -0.0002284679
 5832  -0.0002399865  -0.0000588536  -0.0000011074   0.0000615040   0.0002123998
 5833   0.0001127639   0.0000248739  -0.0000628273  -0.0001740042  -0.0001980124
 5834   0.0000317619   0.0000042377   0.0000022728  -0.0005063085   0.0004097951
 5835  -0.0000863901  -0.0000693205  -0.0000124558  -0.0000279822   0.0000033349
 5836   0.0001143171   0.0002519650  -0.0000326562  -0.0003070158  -0.0002323971
 5837  -0.0000431374  -0.0000111561   0.0000091201  -0.0000223214  -0.0000209382
 5838   0.0000059172  -0.0000125868  -0.0000059306  -0.0000006535  -0.0000032208
 5839   0.0000057602   0.0000046831   0.0000145629   0.0000361364   0.0000177652
 5840  -0.0000353376  -0.0000010707   0.0002374986  -0.0000046330   0.0000011983
 5841   0.0000141458   0.0000002174  -0.0000034534  -0.0000177451  -0.0000009155
 5842  -0.0000077522  -0.0000083915  -0.0000023501  -0.0000162671   0.0000422567
 5843   0.0000054223   0.0000023530  -0.0000030520  -0.0000093461  -0.0000107436
 5844   0.0000171475  -0.0000338235  -0.0000133026  -0.0000204140  -0.0000008847
 5845   0.0000172883  -0.0000075076   0.0000087988   0.0000071512   0.0000942769
 5846   0.0000443060  -0.0000856243   0.0001882015   0.0002974119  -0.0001593490
 5847   0.0004457932   0.0000086077  -0.0000052832  -0.0000003706
 59 1  -0.0000436074   0.0004013662  -0.0001533705   0.0000954757  -0.0000676547
 59 2  -0.0005355512   0.0001560464  -0.0003722445  -0.0001541761  -0.0001450478
 59 3  -0.0000408577   0.0001821860  -0.0002219490  -0.0006577885  -0.0002517519
 59 4  -0.0004392184   0.0004476231   0.0002455372   0.0003488717   0.0003664790
 59 5  -0.0002230309  -0.0000838445  -0.0001515988  -0.0002643805   0.0000167798
 59 6  -0.0000499102  -0.0002308282   0.0000961733   0.0000154854  -0.0002714659
 59 7  -0.0003490742  -0.0002058572   0.0001372214  -0.0001487512  -0.0003666568
 59 8  -0.0002410034  -0.0002498407   0.0002663598  -0.0000286949  -0.0003785009
 59 9   0.0004786639  -0.0001216995  -0.0089531208  -0.0204613335   0.0014181045
 5910   0.0000694135   0.0001615923   0.0000492098   0.0000651375  -0.0001121097
 5911   0.0003933748   0.0000397215  -0.0002554820  -0.0002827745   0.0004720842
 5912   0.0019058192  -0.0004115734  -0.0009266933   0.0324276141  -0.0073674634
 5913  -0.0000283606  -0.0000226027  -0.0000930695   0.0003521230  -0.0000076379
 5914  -0.0002220447   0.0003961975   0.0001000934  -0.0002527950   0.0057906855
 5915  -0.0124364021  -0.0011399989   0.0001490113  -0.0006995069   0.0002476312
 5916  -0.0000601594  -0.0003863988   0.0001796548  -0.0001745972  -0.0001212393
 5917   0.0000460932   0.0001692922   0.0003516598   0.0002573894   0.0000979750
 5918   0.0003287478   0.0000664514  -0.0002896887  -0.0001345000   0.0005823040
 5919   0.0001808743  -0.0000266257   0.0003867381  -0.0001564569  -0.0000253899
 5920   0.0004066578   0.0002333463   0.0000372926  -0.0000125476   0.0000809203
 5921  -0.0000531509   0.0000914156   0.0003430904   0.0004860245   0.0002020964
 5922   0.0000263339   0.0001410544  -0.0003735538  -0.0004012674   0.0000602380
 5923   0.0000644359   0.0008982715   0.0000725976   0.0000225001  -0.0003582557
 5924  -0.0005436675   0.0006284847   0.0033297027  -0.0007105397   0.0077471436
 5925   0.0001921386   0.0001410686   0.0000689271  -0.0004367276  -0.0001344445
 5926  -0.0001094133   0.0001207819   0.0001688230  -0.0002472773   0.0003510194
 5927   0.0000111761   0.0000713679  -0.0004105361  -0.0000077899   0.0000577118
 5928   0.0001950669  -0.0003943579   0.0000527858  -0.0003127754   0.0003211639
 5929  -0.0001832812   0.0000569490   0.0000611944  -0.0000244826  -0.0000411811
 5930   0.0001979418   0.0000751269   0.0004991948  -0.0002335514   0.0000877817
 5931  -0.0005762590  -0.0003028862  -0.0002497233   0.0002330291  -0.0001954248
 5932  -0.0002563538   0.0000255596   0.0001225570   0.0000444550   0.0000474352
 5933   0.0000404997   0.0001376598   0.0000866583   0.0000696289  -0.0002741716
 5934   0.0001288622  -0.0000878219   0.0000609334   0.0000002644   0.0001696000
 5935  -0.0000410873   0.0000869043  -0.0000633674   0.0000736182  -0.0000604830
 5936   0.0002320666  -0.0001354847   0.0000033205   0.0000172133  -0.0002098063
 5937  -0.0000611116  -0.0000229800  -0.0001049473  -0.0000137473  -0.0000339656
 5938   0.0000069150  -0.0000079380  -0.0000034703  -0.0000060383  -0.0000073275
 5939   0.0000157850   0.0000003326   0.0000034014   0.0000291921   0.0000720987
 5940  -0.0000610543  -0.0000430490   0.0002779834   0.0000051353   0.0000062537
 5941   0.0000255782   0.0000113259  -0.0000135682  -0.0000176809  -0.0000120609
 5942   0.0000063675  -0.0000072972  -0.0000275588  -0.0000194586   0.0000416067
 5943   0.0000342802   0.0000159450   0.0000163111  -0.0001083526  -0.0000245983
 5944   0.0000601630  -0.0000462247  -0.0001233150  -0.0001259748   0.0000880740
 5945   0.0001307001   0.0000379956   0.0000041111  -0.0001401949  -0.0001595413
 5946  -0.0000660256  -0.0000269842   0.0000329798   0.0000595712  -0.0000253074
 5947   0.0001226033   0.0000171865  -0.0000001973   0.0000047702
 60 1   0.0000061662  -0.0003837858   0.0006000781  -0.0003490017  -0.0002522316
 60 2   0.0003039025  -0.0006904291   0.0002248534  -0.0000142617   0.0006991133
 60 3   0.0004830147  -0.0003961251   0.0003159149   0.0001958102   0.0004430571
 60 4   0.0001300326  -0.0004667046  -0.0002937640  -0.0001299815  -0.0001319839
 60 5  -0.0000865566  -0.0000914711   0.0004458044  -0.0001277057   0.0002877672
 60 6  -0.0000362501   0.0000239518  -0.0001939081  -0.0002560460   0.0003913651
 60 7   0.0001070556   0.0000921405  -0.0002955481   0.0000785131   0.0000545502
 60 8  -0.0001167665   0.0000173510  -0.0002557967   0.0000291602  -0.0000950592
 60 9  -0.0001480150   0.0001587410  -0.0004221987  -0.0005799605  -0.0005561080
 6010   0.0003537671  -0.0001210207   0.0000524110  -0.0000159519   0.0002366594
 6011  -0.0006338189   0.0002966651   0.0001800120   0.0002286342  -0.0010066099
 6012  -0.0003466925   0.0013044157   0.0094742459  -0.0073674634   0.0162049720
 6013  -0.0004689401   0.0002898007   0.0002597262   0.0001893940   0.0001556673
 6014   0.0000636788   0.0002672634   0.0001939292   0.0006407633  -0.0014155621
 6015   0.0013543536   0.0005196045   0.0002148716   0.0006900230  -0.0000083251
 6016  -0.0000773988   0.0004071100  -0.0001080747  -0.0001505827   0.0002248911
 6017  -0.0001780219   0.0000776125  -0.0001322317  -0.0001589187  -0.0000054482
 6018  -0.0004431785   0.0001214413   0.0002358142   0.0000971700  -0.0005000268
 6019  -0.0003491200  -0.0000760432  -0.0000909810  -0.0002616653  -0.0004979818
 6020  -0.0001109727  -0.0002474031  -0.0002559013  -0.0000479009  -0.0002363641
 6021   0.0000002447   0.0000042952   0.0003394319   0.0001577811   0.0001590574
 6022   0.0001981557   0.0003163405   0.0008398714   0.0008516931  -0.0000948538
 6023   0.0000816742  -0.0009500236  -0.0002356676   0.0000568354  -0.0005524309
 6024  -0.0002680932  -0.0008305678  -0.0067046078   0.0065345156  -0.0176277132
 6025  -0.0002088822  -0.0001751355  -0.0000930873   0.0004898717   0.0001254637
 6026   0.0001625878  -0.0001369120  -0.0002368606   0.0002382824  -0.0004410398
 6027   0.0000602427  -0.0001899522   0.0005151359  -0.0000268205  -0.0000648548
 6028  -0.0003178817   0.0003368854   0.0000917600   0.0001159651  -0.0002550681
 6029   0.0001758302  -0.0000278198   0.0000191767   0.0001710678   0.0001118385
 6030  -0.0002640714  -0.0001618339  -0.0002689546   0.0002409545  -0.0000520675
 6031   0.0003299659   0.0001250969   0.0001851397  -0.0000668177   0.0001692912
 6032   0.0002458441  -0.0000741022  -0.0001967528  -0.0000755282   0.0001481767
 6033  -0.0000199799  -0.0002573130  -0.0002999252  -0.0000833569   0.0003861775
 6034  -0.0000130794   0.0000436817  -0.0001105300   0.0005647124  -0.0001717139
 6035  -0.0000234769  -0.0002129140   0.0000855409  -0.0001417108   0.0000715029
 6036  -0.0001097450  -0.0000268841  -0.0000783619   0.0000892438   0.0002047387
 6037   0.0000468259   0.0000390348   0.0001146643   0.0000130608   0.0000410094
 6038  -0.0000079065   0.0000079873  -0.0000026491   0.0000038673   0.0000124062
 6039  -0.0000064189  -0.0000025590  -0.0000050025  -0.0000038310  -0.0000960512
 6040   0.0000694319   0.0000607259  -0.0002896081   0.0000021987   0.0000004953
 6041  -0.0000352240  -0.0000252486   0.0000082143   0.0000191901   0.0000040561
 6042  -0.0000194832   0.0000168094   0.0000342774   0.0000198903  -0.0000245915
 6043  -0.0000297330  -0.0000016011  -0.0000240841   0.0000867349   0.0000595794
 6044  -0.0000597138   0.0000548154   0.0000651983   0.0001291808  -0.0000263367
 6045  -0.0000837991  -0.0000373943   0.0000482076  -0.0000964464   0.0000013915
 6046   0.0000737079   0.0000873663  -0.0002103961  -0.0002704680   0.0000767410
 6047  -0.0004699711  -0.0000240701   0.0000151309   0.0000027275
 61 1   0.0001473217   0.0002257511  -0.0000817626   0.0000623372  -0.0000389291
 61 2  -0.0001029855  -0.0003511509   0.0003977991  -0.0005264231   0.0004614048
 61 3   0.0004737089  -0.0007454653   0.0001663997  -0.0003934457   0.0000859884
 61 4  -0.0003537173   0.0002259468  -0.0000052870   0.0002482319   0.0000747349
 61 5   0.0000724013  -0.0000895858   0.0000019725  -0.0004337170   0.0005026022
 61 6  -0.0000404942   0.0000532559  -0.0002677987  -0.0000311511  -0.0003031977
 61 7   0.0004121225  -0.0000416401   0.0002697230  -0.0004793548   0.0002079839
 61 8  -0.0002293390  -0.0001473199   0.0002301466   0.0002813285   0.0000883615
 61 9   0.0002553502  -0.0003966891  -0.0003938927   0.0003776853   0.0001579999
 6110  -0.0040047573  -0.0050251371   0.0009329137  -0.0040778064   0.0117715345
 6111  -0.0002335457  -0.0013703433   0.0007403458   0.0000891066  -0.0000112688
 6112  -0.0000475180   0.0003989092  -0.0009361671  -0.0000283606  -0.0004689401
 6113   0.0328241918  -0.0035471800   0.0034590013  -0.0260860270  -0.0021732109
 6114  -0.0033090732  -0.0001723708  -0.0002948672   0.0003905312  -0.0004734307
 6115  -0.0000512419  -0.0001869869  -0.0000413015  -0.0003537383  -0.0001394085
 6116   0.0000423179  -0.0002108402  -0.0001126031  -0.0007064259  -0.0002287866
 6117   0.0001577819   0.0003835049  -0.0004163151   0.0006808037  -0.0002267401
 6118  -0.0001584975  -0.0000684817   0.0001297130  -0.0001954681   0.0000803381
 6119  -0.0002352221  -0.0003238314   0.0005828020   0.0007165056   0.0000640296
 6120   0.0002348962   0.0000216859  -0.0000394877  -0.0002412308  -0.0005767194
 6121   0.0000929952   0.0000631911   0.0007628158   0.0007694089  -0.0000781753
 6122   0.0007861565  -0.0001917004  -0.0004285016   0.0009437568  -0.0005641162
 6123   0.0006575069   0.0014233091  -0.0007053250   0.0006774094  -0.0001752694
 6124  -0.0004698776  -0.0004845207   0.0012750131  -0.0000719196  -0.0008979069
 6125   0.0001433302   0.0000292494   0.0000581734  -0.0002734374  -0.0003550003
 6126  -0.0003626709   0.0001597280   0.0004193195  -0.0005177048   0.0003700542
 6127   0.0001588788   0.0002660729  -0.0004947803  -0.0001323666   0.0001323533
 6128   0.0002673306  -0.0000373984   0.0000684383  -0.0000681337   0.0000517984
 6129  -0.0000489997  -0.0000434451   0.0000396026  -0.0001389704  -0.0000026920
 6130   0.0001474952   0.0001019647  -0.0000841014  -0.0002698193  -0.0002260171
 6131   0.0002166514   0.0002314864   0.0000578931  -0.0000318106  -0.0000157653
 6132   0.0000082465   0.0000075147   0.0001260467   0.0000487058  -0.0000891239
 6133  -0.0000057295   0.0001900046   0.0000848696  -0.0001575042  -0.0006704786
 6134   0.0000342510  -0.0001654926   0.0000212131  -0.0002856109   0.0004872609
 6135  -0.0000524747   0.0003287969   0.0000207464  -0.0001445060  -0.0002930086
 6136  -0.0002865899   0.0001599671  -0.0000955354  -0.0002938037  -0.0000539380
 6137  -0.0000741622  -0.0000310399   0.0000226853  -0.0000334428  -0.0000392851
 6138   0.0000387171  -0.0000138881  -0.0000031043  -0.0000115563  -0.0000107883
 6139  -0.0000047187   0.0000086093   0.0000121113   0.0000131290   0.0000955113
 6140  -0.0001062279  -0.0000245697   0.0004528303  -0.0000346873   0.0000287720
 6141  -0.0000282514  -0.0000071613   0.0000016409  -0.0000111677  -0.0000267241
 6142  -0.0000137063  -0.0000113341   0.0000164027  -0.0000191794   0.0000079778
 6143  -0.0000030822  -0.0000006829  -0.0000192219   0.0000130850  -0.0000290186
 6144   0.0000881038  -0.0000210008  -0.0000087851  -0.0000057593   0.0000088743
 6145   0.0000463698   0.0001415812   0.0000057300   0.0000125911  -0.0000369326
 6146   0.0000264272  -0.0000584400   0.0001885886   0.0001720175  -0.0001335062
 6147   0.0003359209   0.0000045879   0.0000048052  -0.0000052220
 62 1   0.0000528055  -0.0001448975  -0.0002804968  -0.0000618317   0.0001976365
 62 2  -0.0000893278  -0.0001679528  -0.0000855002  -0.0002843268  -0.0000792568
 62 3   0.0000180196  -0.0003962918   0.0001933929   0.0001471378  -0.0002807157
 62 4   0.0002157116  -0.0000829349   0.0001910079  -0.0003511706  -0.0000807701
 62 5  -0.0000221512   0.0000960397   0.0001517114  -0.0002167610  -0.0000280962
 62 6   0.0002165566  -0.0000276741   0.0000514373  -0.0000583862   0.0000970069
 62 7   0.0000704870   0.0003623020   0.0001652544  -0.0002548225  -0.0005783016
 62 8   0.0000003173   0.0000218604  -0.0000875561  -0.0001309064  -0.0000778072
 62 9  -0.0001452552   0.0000942036   0.0001672529   0.0000994782   0.0002595899
 6210  -0.0096257185  -0.0139425689   0.0012129599   0.0118688594  -0.0190775796
 6211   0.0026316255  -0.0002207926  -0.0001115135  -0.0000101044   0.0000968593
 6212   0.0000698850  -0.0000155691  -0.0001700527  -0.0000226027   0.0002898007
 6213  -0.0035471800   0.0429473654   0.0128264804   0.0022706382   0.0003925657
 6214   0.0003658340   0.0003426544   0.0000986467  -0.0000577234   0.0001696076
 6215   0.0000112088   0.0000133409  -0.0001453452  -0.0003810475   0.0000484968
 6216  -0.0000358194  -0.0000008677   0.0001035489  -0.0002250007   0.0000163063
 6217   0.0002516521   0.0001359567  -0.0001558301   0.0002208988   0.0000208599
 6218  -0.0002651958   0.0002163665  -0.0001620396  -0.0001192780   0.0003733867
 6219   0.0001055936  -0.0002010309   0.0004240368  -0.0000517292   0.0000763397
 6220   0.0001662266  -0.0001411099   0.0001255297   0.0000409714   0.0002257856
 6221  -0.0000171817  -0.0000768449  -0.0000932704   0.0005425130  -0.0000768589
 6222   0.0002072569   0.0002479736  -0.0001593623  -0.0013022810  -0.0093794396
 6223  -0.0169304718   0.0008192476  -0.0004471376  -0.0001355305  -0.0002526864
 6224  -0.0002610320  -0.0002628730  -0.0000439318  -0.0000298174  -0.0002522560
 6225   0.0000303149   0.0000321959   0.0000362029   0.0001732142  -0.0003141900
 6226  -0.0000065406   0.0000836571   0.0003948378  -0.0002675852  -0.0002401411
 6227   0.0001099609  -0.0000164822   0.0001085594   0.0000345096   0.0000379219
 6228  -0.0002176162   0.0000127715  -0.0000664963  -0.0000752200  -0.0000881778
 6229  -0.0000089998  -0.0000036918   0.0000578507   0.0000387557   0.0000306783
 6230  -0.0001245260  -0.0000147385   0.0000571491  -0.0000153364  -0.0000709592
 6231   0.0000080722   0.0000133383   0.0000416680   0.0000129956   0.0000227592
 6232   0.0000051402  -0.0000040680  -0.0000614066  -0.0000192289   0.0001508068
 6233   0.0000324158  -0.0000536957  -0.0000963369  -0.0000211590  -0.0000185316
 6234   0.0000733812  -0.0000903607   0.0000261632  -0.0000007755   0.0000134178
 6235   0.0000260502  -0.0000643526   0.0000308953  -0.0000816504  -0.0000364830
 6236  -0.0000116883   0.0000902888   0.0000728612   0.0000697282  -0.0002181915
 6237   0.0000080712  -0.0000289649  -0.0000464655  -0.0000051462  -0.0000162730
 6238  -0.0000069217   0.0000153113   0.0000073471   0.0000042682   0.0000066142
 6239  -0.0000130902   0.0000166418  -0.0000274656  -0.0000388403   0.0000756985
 6240  -0.0000904914  -0.0000975613   0.0002288595  -0.0000263315  -0.0000165148
 6241  -0.0000637873  -0.0000077231   0.0000045220   0.0000034052   0.0000011678
 6242   0.0000106283  -0.0000109840   0.0000054391  -0.0000065318   0.0000171834
 6243  -0.0000002814   0.0000155487   0.0000017246  -0.0000179460   0.0000181483
 6244   0.0000294663  -0.0000126832  -0.0000119276  -0.0000247374   0.0000074715
 6245   0.0000470154   0.0000354519  -0.0000146659  -0.0000006574  -0.0000258048
 6246  -0.0000141269  -0.0000073349   0.0000071891   0.0000192027   0.0000023288
 6247   0.0000034363  -0.0000038322  -0.0000111294   0.0000095250
 63 1   0.0001136602   0.0001725599   0.0000715447   0.0000665762  -0.0001421098
 63 2   0.0000731030  -0.0000436205   0.0000729680   0.0002312811  -0.0001330447
 63 3  -0.0000223966   0.0001570267  -0.0001374001   0.0002910098  -0.0003636472
 63 4  -0.0000594171   0.0000320217   0.0000460495   0.0001674158   0.0000477809
 63 5   0.0000573037  -0.0003290950  -0.0001261351  -0.0001336500   0.0001596162
 63 6   0.0002545109  -0.0000549310   0.0001319251   0.0001785541   0.0001018291
 63 7  -0.0000785193   0.0001808062   0.0003997195  -0.0000720784   0.0001832260
 63 8   0.0000755283   0.0001473728   0.0002237111   0.0000931908  -0.0001716809
 63 9  -0.0000292961   0.0002417565   0.0002699151   0.0000709017   0.0003584618
 6310  -0.0009765934  -0.0007677092   0.0000249310   0.0004469002   0.0004708528
 6311   0.0010451522  -0.0002304776   0.0001596958   0.0005033881   0.0001423555
 6312   0.0000604286  -0.0000724504  -0.0001936980  -0.0000930695   0.0002597262
 6313   0.0034590013   0.0128264804   0.0185160186  -0.0013489552  -0.0001390407
 6314   0.0001106787   0.0002349903   0.0000074399   0.0003646363  -0.0001549951
 6315  -0.0001525788   0.0001728158  -0.0000684719   0.0000141698  -0.0002157681
 6316   0.0000640166   0.0000445752  -0.0000614120  -0.0000610518   0.0000951601
 6317  -0.0002310957  -0.0000925749  -0.0001599194  -0.0000898331  -0.0000850415
 6318  -0.0000266124  -0.0001740009  -0.0004568937  -0.0002296420   0.0004144033
 6319   0.0003750574  -0.0000802424  -0.0000211508  -0.0001832551   0.0001149771
 6320   0.0001705684  -0.0000716189  -0.0002823291  -0.0004681557   0.0006454977
 6321  -0.0001698504  -0.0003876819  -0.0005151770   0.0006468430  -0.0007189567
 6322   0.0004257382   0.0006130286  -0.0002550873  -0.0019610007  -0.0128350092
 6323  -0.0197078448   0.0005519405  -0.0004245450   0.0000970799   0.0000202908
 6324  -0.0004501437  -0.0004759636  -0.0000546289  -0.0002326782  -0.0006505653
 6325   0.0001623615   0.0002012124   0.0001278151  -0.0001575632  -0.0002098501
 6326  -0.0001918849   0.0000954874   0.0003364050  -0.0000856180   0.0000491747
 6327  -0.0000442790   0.0001323633  -0.0001130624  -0.0000083216   0.0002296326
 6328  -0.0000307464   0.0001499101  -0.0001633576  -0.0002680978  -0.0002444520
 6329   0.0000470554   0.0002403056  -0.0000106346   0.0000455252  -0.0000955813
 6330   0.0000323629  -0.0001256378   0.0001681390   0.0000304150  -0.0002657874
 6331  -0.0000019266   0.0002606654   0.0000981326   0.0000809576   0.0000285122
 6332   0.0000757737  -0.0000979475  -0.0001252905  -0.0000196763   0.0002157984
 6333   0.0001945743  -0.0001036886  -0.0002026863  -0.0000788514  -0.0001891128
 6334   0.0001855289  -0.0003096057   0.0000043506  -0.0000399666   0.0001355338
 6335   0.0000155121  -0.0002262836   0.0000029072  -0.0000888001   0.0000537246
 6336  -0.0000200517   0.0006566596   0.0002101753  -0.0004123832  -0.0001487028
 6337  -0.0000025205  -0.0001412545  -0.0001511499   0.0000230317  -0.0000357939
 6338  -0.0000429292   0.0000087335   0.0000038080  -0.0000110530   0.0000009646
 6339   0.0000055023  -0.0000063272  -0.0000379161  -0.0000431583   0.0001080020
 6340  -0.0000923131  -0.0000642720   0.0002159850  -0.0000067004  -0.0000909675
 6341   0.0000452521   0.0000009449   0.0000108452   0.0000110892  -0.0000015555
 6342   0.0000065912   0.0000409882  -0.0000042113  -0.0000226105   0.0000219127
 6343   0.0000061664   0.0000111826   0.0000016658  -0.0000250616   0.0000341055
 6344   0.0000926454  -0.0000179704  -0.0000246974  -0.0000412410  -0.0000248334
 6345   0.0001705012   0.0001350042  -0.0000262913  -0.0000011020  -0.0000486793
 6346  -0.0000317490  -0.0000236195   0.0000355120   0.0000354828  -0.0000593529
 6347   0.0000666838   0.0000250274  -0.0000428802  -0.0000279134
 64 1  -0.0002776631  -0.0002083298  -0.0001071668  -0.0000600290   0.0002026318
 64 2   0.0001229550   0.0004668627   0.0001127792   0.0002119779  -0.0003350701
 64 3  -0.0002279919   0.0002573778  -0.0001126774  -0.0000971185   0.0002543405
 64 4   0.0001169213  -0.0001692911   0.0000460745  -0.0000224342  -0.0001182071
 64 5  -0.0000578953   0.0000448668  -0.0001551063   0.0002293192  -0.0000244530
 64 6  -0.0000896048  -0.0000027748   0.0000477054   0.0000806196  -0.0001955660
 64 7  -0.0003274796  -0.0005866240  -0.0002467652   0.0004629501   0.0000029046
 64 8  -0.0001683047  -0.0001383033  -0.0001867357   0.0000392569   0.0000103002
 64 9  -0.0004915623  -0.0001796457  -0.0002230194  -0.0003776706  -0.0001303458
 6410  -0.0004158810   0.0000375843  -0.0002487255  -0.0049301626  -0.0112562540
 6411   0.0002407294  -0.0042212105   0.0097740263  -0.0006571918  -0.0005149372
 6412   0.0006700334   0.0000454809  -0.0000885882   0.0003521230   0.0001893940
 6413  -0.0260860270   0.0022706382  -0.0013489552   0.0660511052   0.0006875401
 6414   0.0008528050  -0.0291699499  -0.0010967745   0.0007897829  -0.0001681364
 6415   0.0001401607   0.0000836887  -0.0001640073   0.0003604043   0.0002022974
 6416   0.0000036681   0.0000684335   0.0000034698   0.0001333236   0.0001215721
 6417   0.0001515935   0.0000829743   0.0002265051  -0.0000584776   0.0002921381
 6418   0.0002505708  -0.0000715587   0.0001033044   0.0004586250  -0.0002562972
 6419  -0.0001240391   0.0000434797  -0.0002300674   0.0003312130   0.0001309013
 6420  -0.0001837970   0.0000763171  -0.0004342078   0.0000806455  -0.0002120350
 6421  -0.0004636201   0.0001356081   0.0001212564  -0.0005712343   0.0001177233
 6422  -0.0006211445  -0.0004736038   0.0001043727  -0.0004083566  -0.0001201867
 6423  -0.0008389129   0.0005350679   0.0004712203   0.0001594763  -0.0000009046
 6424   0.0003826267   0.0006185801  -0.0003670006   0.0003151923   0.0001964177
 6425  -0.0000850093  -0.0000127031   0.0000410130   0.0001367813   0.0001215361
 6426   0.0002428340  -0.0000964789  -0.0002488299   0.0001754216  -0.0003064276
 6427  -0.0002217950  -0.0002220954   0.0003225272   0.0001217213  -0.0001947942
 6428  -0.0000667715   0.0001065733   0.0000320914   0.0001719846  -0.0000568402
 6429   0.0000610516   0.0000483030  -0.0000924668  -0.0000628826  -0.0001401253
 6430  -0.0000137127  -0.0000491309  -0.0001286441   0.0001764565   0.0000244397
 6431   0.0001507895   0.0000400552   0.0001070216  -0.0000671993   0.0000507942
 6432   0.0000847267  -0.0000314280  -0.0000964152  -0.0000737597   0.0001097995
 6433  -0.0000260114  -0.0002453770   0.0000454752   0.0000640150   0.0004264948
 6434  -0.0000780964   0.0001471675  -0.0000019809   0.0000810656  -0.0002272369
 6435  -0.0000028939  -0.0001518220  -0.0000087780  -0.0000264880   0.0001670374
 6436  -0.0000989750  -0.0000123130  -0.0000903107  -0.0000127473   0.0000717499
 6437   0.0000493632   0.0000386877  -0.0000241652   0.0000112212   0.0000315937
 6438  -0.0000075596  -0.0000002170  -0.0000000259   0.0000020912   0.0000054910
 6439  -0.0000042231  -0.0000074228   0.0000103231   0.0000130881  -0.0000907929
 6440   0.0000696632   0.0000841093  -0.0001787604   0.0000123519   0.0000292907
 6441   0.0000306869   0.0000077135   0.0000117667   0.0000261871   0.0000117257
 6442   0.0000204852   0.0000165552   0.0000084790   0.0000129566  -0.0000205834
 6443  -0.0000035681   0.0000024061   0.0000102016   0.0000144358  -0.0000081814
 6444  -0.0000610239   0.0000128456   0.0000135665   0.0000313846  -0.0000326091
 6445  -0.0000719234  -0.0001066287   0.0000097376   0.0000141357   0.0000267686
 6446   0.0000094100   0.0000342339  -0.0000605777  -0.0000565775   0.0000348689
 6447  -0.0001224524   0.0000022958  -0.0000050921   0.0000100437
 65 1  -0.0001790232   0.0001379648  -0.0000357231   0.0000073968   0.0001477741
 65 2  -0.0002415623   0.0001244589   0.0003624361  -0.0000182514  -0.0001117913
 65 3   0.0003716904  -0.0001527251   0.0000559400  -0.0001898470  -0.0000310567
 65 4   0.0000028711  -0.0000437497   0.0001241031  -0.0001294281  -0.0000037883
 65 5   0.0000463809   0.0000260357  -0.0001732921  -0.0000037073   0.0002508416
 65 6   0.0000389425  -0.0000132869   0.0000126357   0.0000779851  -0.0002738486
 65 7   0.0001625116   0.0001588647   0.0000937297  -0.0002606379   0.0001671830
 65 8  -0.0000674736  -0.0000005386  -0.0003593752   0.0000606087   0.0002092714
 65 9   0.0002242398  -0.0001119741  -0.0001392065   0.0001345081   0.0000698648
 6510  -0.0000280097  -0.0001167529   0.0004318965  -0.0117705961  -0.0183200141
 6511   0.0009996562   0.0102193731  -0.0166543184   0.0009725726   0.0000499453
 6512  -0.0004148432   0.0001845262  -0.0002446922  -0.0000076379   0.0001556673
 6513  -0.0021732109   0.0003925657  -0.0001390407   0.0006875401   0.0385532932
 6514   0.0052922075   0.0021388008   0.0001927770   0.0001066033   0.0001867312
 6515   0.0000782899  -0.0001396930   0.0001053594  -0.0001809505   0.0000328200
 6516  -0.0001361062  -0.0002406742  -0.0000725371  -0.0002295766  -0.0001022888
 6517  -0.0000352888   0.0001307631  -0.0001396299   0.0002156338   0.0001255743
 6518   0.0001430197  -0.0001411285  -0.0001369623  -0.0000061051  -0.0001180574
 6519   0.0000337235  -0.0000277739   0.0001420571   0.0006216111   0.0000099480
 6520  -0.0001124723  -0.0001653093  -0.0001119766  -0.0001347945  -0.0001182722
 6521  -0.0004194326  -0.0002143686   0.0002269435  -0.0001087895  -0.0002283194
 6522   0.0000510090  -0.0002572502  -0.0000529056  -0.0001876181  -0.0001263865
 6523   0.0000669733   0.0005886909  -0.0028399408  -0.0063106448  -0.0000395083
 6524  -0.0001503121  -0.0003701246   0.0001089388   0.0001071369  -0.0001820066
 6525   0.0000215774   0.0000461332   0.0000624105   0.0001671353  -0.0002156770
 6526   0.0000391682   0.0000394593   0.0001884037  -0.0000793950  -0.0001484440
 6527   0.0001845944  -0.0001661106   0.0001486329  -0.0000720580   0.0001752956
 6528  -0.0001160101   0.0001623272   0.0002492422  -0.0001813489  -0.0000693201
 6529   0.0000599567   0.0000571089  -0.0000478945   0.0000698017  -0.0000102642
 6530  -0.0001680308  -0.0001373119   0.0001353566   0.0001473355  -0.0001567459
 6531   0.0000117192  -0.0000335342   0.0000895242   0.0000634231  -0.0000197982
 6532   0.0000386732  -0.0000467468  -0.0001927851  -0.0000849086   0.0002501891
 6533   0.0001630730  -0.0002216598  -0.0002044742  -0.0000470730   0.0001975340
 6534   0.0000369060  -0.0000171576   0.0000088763  -0.0000179792   0.0000118111
 6535   0.0000406400  -0.0001796334   0.0000159870  -0.0000545913   0.0000574056
 6536   0.0001522724   0.0002137885  -0.0000790724  -0.0003676456  -0.0001153142
 6537   0.0000185172  -0.0000070029  -0.0000661227  -0.0000034609   0.0000013628
 6538  -0.0000130014   0.0000051802   0.0000016272  -0.0000012401  -0.0000040278
 6539  -0.0000102578   0.0000056365  -0.0000115190  -0.0000229022   0.0000432712
 6540  -0.0000430444  -0.0000658423   0.0001039155   0.0000111348   0.0000075550
 6541  -0.0000267765  -0.0000118904   0.0000175916   0.0000076127   0.0000002066
 6542   0.0000057469   0.0000205585   0.0000133324  -0.0000062280   0.0000113986
 6543  -0.0000075327   0.0000047950   0.0000120613  -0.0000173796   0.0000098447
 6544   0.0000016440  -0.0000168206  -0.0000060638  -0.0000173804  -0.0000042698
 6545   0.0000209406  -0.0000118589  -0.0000058581  -0.0000082902  -0.0000249273
 6546  -0.0000094933  -0.0000296203   0.0000116406   0.0000283547  -0.0000414073
 6547  -0.0000516229  -0.0000228489   0.0000036979  -0.0000279926
 66 1  -0.0000231674  -0.0000083028   0.0002363422  -0.0002175776   0.0000157094
 66 2  -0.0002828710  -0.0000381196  -0.0000666849  -0.0001093315   0.0003298156
 66 3  -0.0000657466  -0.0002241564   0.0001198302  -0.0001764050   0.0001090690
 66 4  -0.0001586035   0.0001387348   0.0003376349  -0.0000369470   0.0002439362
 66 5   0.0000305151   0.0001232406   0.0000803981  -0.0003430164   0.0002711465
 66 6   0.0000762963  -0.0000774387  -0.0003303432  -0.0001819168   0.0000630297
 66 7  -0.0000816036  -0.0000326118   0.0001292699  -0.0000386984   0.0001920570
 66 8  -0.0002657296  -0.0001932521   0.0003063433   0.0001184713   0.0001554889
 66 9   0.0001049970  -0.0000938729   0.0001509927   0.0005120746   0.0003394480
 6610  -0.0003070308   0.0003189243   0.0002488047  -0.0004668608  -0.0013820700
 6611   0.0011156349   0.0003641396  -0.0010090214   0.0003772283   0.0000973191
 6612  -0.0001679093   0.0003989136  -0.0001029321  -0.0002220447   0.0000636788
 6613  -0.0033090732   0.0003658340   0.0001106787   0.0008528050   0.0052922075
 6614   0.0059853474   0.0018605954  -0.0000945302  -0.0001337446   0.0001551630
 6615  -0.0002344863  -0.0001320642   0.0003562190  -0.0003451872   0.0000165691
 6616  -0.0000451014  -0.0001965127  -0.0001851723  -0.0003550247   0.0000598999
 6617  -0.0000870010   0.0000520989   0.0000098803   0.0004116400   0.0006087582
 6618   0.0004600680  -0.0002086266  -0.0004082687   0.0001682134   0.0000730204
 6619  -0.0000517171  -0.0002575767   0.0004384000   0.0002497813   0.0000679571
 6620   0.0000892533  -0.0000590497  -0.0003876181  -0.0002757330   0.0000068128
 6621  -0.0000468567  -0.0003130549   0.0001371122   0.0001460212  -0.0006095388
 6622   0.0000118237   0.0001285293  -0.0001684785  -0.0002738334  -0.0000357549
 6623   0.0002249527   0.0007758626  -0.0038694422  -0.0068906659  -0.0002721715
 6624   0.0001062424  -0.0001902283   0.0002626835   0.0001143249  -0.0004113881
 6625   0.0000675895  -0.0000223170   0.0000703703  -0.0002671625  -0.0002065463
 6626  -0.0004029385   0.0001440777   0.0003030626  -0.0002788307   0.0003196770
 6627   0.0001536605   0.0002519206  -0.0004539055  -0.0000541276   0.0001538743
 6628   0.0001667216  -0.0001090153  -0.0001373934  -0.0000994897   0.0000876988
 6629  -0.0000964860  -0.0000138076   0.0000687924  -0.0000121558   0.0000150738
 6630   0.0001144771   0.0000369440   0.0000757282  -0.0002475420  -0.0000650911
 6631  -0.0000035370  -0.0000103475  -0.0000340349  -0.0000260406  -0.0000055620
 6632  -0.0000627088   0.0000429294   0.0002081159   0.0000881431  -0.0000853621
 6633  -0.0000921850   0.0002758702   0.0000911507  -0.0000410527  -0.0004966438
 6634   0.0000421450  -0.0001305271   0.0000212057  -0.0001231644   0.0002934122
 6635  -0.0000096235   0.0002452686   0.0000172358  -0.0000109966  -0.0001893594
 6636  -0.0001234366  -0.0001221111  -0.0000110874  -0.0000998630   0.0000152954
 6637  -0.0000446111  -0.0000108586   0.0000339094  -0.0000109692  -0.0000157083
 6638   0.0000441225  -0.0000025631   0.0000005117  -0.0000137722  -0.0000028743
 6639   0.0000032400  -0.0000102175   0.0000080488  -0.0000033327   0.0001256035
 6640  -0.0001144022  -0.0000264475   0.0003421846  -0.0000348583  -0.0000239133
 6641  -0.0000113154   0.0000051293  -0.0000042026  -0.0000178791  -0.0000135783
 6642   0.0000026393  -0.0000013065  -0.0000006356  -0.0000135408   0.0000160227
 6643  -0.0000004875   0.0000027971  -0.0000156165  -0.0000142391  -0.0000165897
 6644   0.0000641061  -0.0000105967  -0.0000152195  -0.0000246332  -0.0000029759
 6645   0.0000712842   0.0000860827  -0.0000026416  -0.0000018690  -0.0000333609
 6646   0.0000013839  -0.0000462806   0.0001280435   0.0000916076  -0.0000929716
 6647   0.0001929433   0.0000395048  -0.0000414424  -0.0000053160
 67 1   0.0001279953   0.0002448678   0.0001526281   0.0001486325  -0.0002978046
 67 2  -0.0002997171  -0.0003591193  -0.0002452857  -0.0002013544   0.0005368145
 67 3  -0.0003123872  -0.0000943626  -0.0001383203  -0.0000910918  -0.0000180027
 67 4  -0.0001575179   0.0002932160  -0.0001045850   0.0000556081   0.0001278366
 67 5  -0.0000823446   0.0000434262   0.0001421218  -0.0001311651  -0.0000688512
 67 6  -0.0000633199  -0.0002425251  -0.0002656233  -0.0003148780   0.0002820071
 67 7   0.0000237144   0.0006044845  -0.0000153113  -0.0000200379   0.0000430959
 67 8   0.0001758426   0.0000880709   0.0000551614  -0.0001504586   0.0000689525
 67 9   0.0001498237  -0.0001131763   0.0004827616   0.0003626645  -0.0001808940
 6710  -0.0003652278  -0.0006264780  -0.0001255547  -0.0008891126  -0.0007455866
 6711  -0.0000273062  -0.0045077870  -0.0112797969   0.0004374685  -0.0044803226
 6712   0.0092523172  -0.0006508587  -0.0003451369   0.0003961975   0.0002672634
 6713  -0.0001723708   0.0003426544   0.0002349903  -0.0291699499   0.0021388008
 6714   0.0018605954   0.0622954245   0.0008163987  -0.0046419721  -0.0242660546
 6715  -0.0024226874   0.0001119791   0.0003114509  -0.0003249105   0.0000300298
 6716   0.0000786522  -0.0000914120   0.0001668656   0.0001344468  -0.0001263451
 6717  -0.0000221516  -0.0000342316   0.0001041217   0.0000574682  -0.0001908663
 6718  -0.0001884629   0.0001816275   0.0001251700  -0.0001995536   0.0000384149
 6719   0.0001328355   0.0000255482   0.0000717380  -0.0007073184  -0.0002054629
 6720   0.0002745118  -0.0000255701   0.0006457315   0.0003597610   0.0001606356
 6721   0.0000729698   0.0001690534   0.0000919212   0.0000749754   0.0001877741
 6722   0.0001969545   0.0000635287  -0.0001234521   0.0001565922  -0.0002264125
 6723   0.0001115007   0.0002845325   0.0003656062  -0.0004879321   0.0010046164
 6724   0.0008226562   0.0016625723  -0.0003816908   0.0004305907   0.0010417018
 6725   0.0000632443   0.0000388729  -0.0000454421  -0.0000863154   0.0000162748
 6726  -0.0000488375   0.0000421630   0.0000998334  -0.0000114608   0.0001057835
 6727   0.0000342400   0.0000714960  -0.0001033598  -0.0000004910  -0.0000185974
 6728   0.0000813170  -0.0001139782  -0.0001058094  -0.0000728170   0.0000787308
 6729  -0.0000813104  -0.0000435824   0.0000770867   0.0000657882   0.0000829323
 6730   0.0000412967   0.0000585123   0.0001093768  -0.0001431056   0.0001682722
 6731  -0.0001339285  -0.0002393392  -0.0001734029   0.0000095499  -0.0000359025
 6732  -0.0000445967   0.0000214540   0.0000933419   0.0000681960  -0.0002309108
 6733  -0.0000195401   0.0001866147   0.0001109658   0.0001182367  -0.0001101758
 6734  -0.0000004781   0.0000193661  -0.0000118906   0.0000445641  -0.0001198817
 6735   0.0000806410   0.0002358583   0.0000114346   0.0001410487  -0.0000931211
 6736   0.0001350017  -0.0003963284   0.0000270594   0.0002153605   0.0002006863
 6737  -0.0000447071  -0.0000148929  -0.0000026105  -0.0000043730  -0.0000190028
 6738  -0.0000038769  -0.0000011826  -0.0000060637  -0.0000026710  -0.0000010983
 6739  -0.0000072158  -0.0000031373  -0.0000031329  -0.0000217983   0.0000278302
 6740  -0.0000213915  -0.0000263883   0.0000232122  -0.0000102453   0.0000081173
 6741   0.0000018502   0.0000045483  -0.0000181058  -0.0000124113  -0.0000096423
 6742  -0.0000053924  -0.0000229279   0.0000022866   0.0000035391  -0.0000131531
 6743  -0.0000022193  -0.0000065806  -0.0000103108  -0.0000156621  -0.0000076555
 6744  -0.0000046463   0.0000041424  -0.0000068172  -0.0000150014   0.0000082908
 6745  -0.0000120474   0.0000067746   0.0000112538  -0.0000037550  -0.0000107053
 6746  -0.0000256153   0.0000041362  -0.0000031624  -0.0000347312   0.0000194815
 6747  -0.0001001969  -0.0000303752   0.0000001090  -0.0000109290
 68 1  -0.0001230323  -0.0002982504  -0.0002687670  -0.0002356350   0.0001270775
 68 2  -0.0001860804  -0.0001458195   0.0002168779  -0.0001445903   0.0005698492
 68 3  -0.0000028751  -0.0001295687  -0.0002974732  -0.0004494514   0.0001274300
 68 4   0.0002793605   0.0000244792   0.0002048125  -0.0002311168   0.0000794677
 68 5   0.0000053044  -0.0000850331   0.0000320869   0.0000090537   0.0002081468
 68 6   0.0000699256   0.0000043639  -0.0003187600   0.0000055019  -0.0000373666
 68 7   0.0001728149   0.0001344115  -0.0001085156   0.0000822247   0.0002238031
 68 8  -0.0001410302  -0.0002206379  -0.0000362337   0.0000014878  -0.0002505032
 68 9  -0.0010386636  -0.0000661823   0.0001613367   0.0003975149  -0.0000503679
 6810  -0.0002045463  -0.0002959921  -0.0000989832   0.0003202266   0.0001756980
 6811  -0.0000136752  -0.0127855990  -0.0198517616   0.0014784448   0.0109482969
 6812  -0.0155562393   0.0009085103  -0.0001247881   0.0001000934   0.0001939292
 6813  -0.0002948672   0.0000986467   0.0000074399  -0.0010967745   0.0001927770
 6814  -0.0000945302   0.0008163987   0.0409454331   0.0081635930   0.0020644944
 6815   0.0003020941   0.0000087487  -0.0001141862  -0.0002851806   0.0002800462
 6816   0.0000595727  -0.0000529344  -0.0000415993  -0.0001738461  -0.0001955718
 6817  -0.0001263943   0.0000264156   0.0001347814   0.0003677493   0.0002319706
 6818   0.0000009216   0.0001692119   0.0000405547   0.0001556998  -0.0000852800
 6819  -0.0000562108  -0.0000588040   0.0000679640  -0.0000844891  -0.0000617745
 6820   0.0001195575  -0.0001368751  -0.0000100926   0.0003318374  -0.0000234745
 6821  -0.0000466161   0.0001415810  -0.0001472418  -0.0003715927  -0.0001367567
 6822   0.0002840219  -0.0000203997  -0.0001610291   0.0000347694   0.0000207447
 6823   0.0001434471   0.0002394545   0.0003175046   0.0002291437   0.0004072746
 6824  -0.0049837001  -0.0108167700   0.0000250737  -0.0000224915  -0.0000271341
 6825   0.0000146198   0.0000561118   0.0000700912   0.0001235392  -0.0001969783
 6826  -0.0000049405   0.0000515225   0.0001985591  -0.0000948592  -0.0002272784
 6827  -0.0000349686  -0.0000511064   0.0001202595   0.0000157592  -0.0000331339
 6828  -0.0000103825   0.0002427914   0.0000690799   0.0000387267  -0.0002648592
 6829   0.0000344198   0.0001528815  -0.0000093136  -0.0000283733  -0.0001044156
 6830  -0.0000695011  -0.0001198164   0.0000680386   0.0001110347   0.0000817690
 6831  -0.0001870475   0.0002288112  -0.0000024833   0.0001594821  -0.0000064588
 6832  -0.0000396444  -0.0000692873  -0.0001059571   0.0000128485   0.0001106633
 6833   0.0001426517  -0.0001807849  -0.0000068959  -0.0000747486   0.0001325609
 6834   0.0000196537  -0.0000540820  -0.0000062268  -0.0000113375   0.0000149241
 6835  -0.0000830131   0.0000042664   0.0000919150  -0.0002280675  -0.0000652208
 6836  -0.0002306006   0.0001935647  -0.0000377047  -0.0001514125  -0.0001759851
 6837   0.0000415463  -0.0000327992  -0.0000905942   0.0000101095   0.0000031323
 6838  -0.0000100748   0.0000082891   0.0000090307   0.0000061236   0.0000050892
 6839   0.0000014642  -0.0000015193  -0.0000223817  -0.0000167361   0.0000319261
 6840  -0.0000440822  -0.0000339191   0.0000998788   0.0000053851   0.0000043340
 6841  -0.0000126958  -0.0000019423   0.0000186473   0.0000268935  -0.0000105115
 6842   0.0000166631   0.0000314020   0.0000031021  -0.0000064219   0.0000125061
 6843  -0.0000050451  -0.0000053285   0.0000052469   0.0000148691  -0.0000055748
 6844   0.0000118430  -0.0000063220  -0.0000032312  -0.0000078714   0.0000148921
 6845   0.0000245696   0.0000645176   0.0000019783  -0.0000162696   0.0000068553
 6846  -0.0000051904  -0.0000046356  -0.0000108861   0.0000140840  -0.0000088438
 6847   0.0000586979   0.0000107003   0.0000353251   0.0000028169
 69 1  -0.0000222310  -0.0000304498   0.0001261009  -0.0002069116  -0.0000286939
 69 2  -0.0005003441   0.0003880695  -0.0000403674  -0.0000739159  -0.0001939658
 69 3  -0.0000983176   0.0001646072   0.0000844762  -0.0002637346   0.0001969775
 69 4  -0.0002119667   0.0004590744   0.0002890940  -0.0003762865   0.0000477539
 69 5   0.0000160005   0.0003234816  -0.0000264818   0.0000540200  -0.0002779553
 69 6  -0.0002760800  -0.0004427477   0.0001499373   0.0000879213   0.0000770811
 69 7  -0.0001501628  -0.0003121906  -0.0000120857  -0.0000284638   0.0002365149
 69 8  -0.0003040531  -0.0001240356  -0.0000957075   0.0001174651   0.0002960043
 69 9   0.0004273125  -0.0001280052   0.0000449567  -0.0000115420   0.0004115509
 6910   0.0000419400  -0.0000458560  -0.0001662710  -0.0001111995   0.0001967737
 6911   0.0003230901  -0.0002912927   0.0000944802   0.0006741163   0.0005819655
 6912  -0.0011692596   0.0007800419   0.0002327616  -0.0002527950   0.0006407633
 6913   0.0003905312  -0.0000577234   0.0003646363   0.0007897829   0.0001066033
 6914  -0.0001337446  -0.0046419721   0.0081635930   0.0110902835   0.0021758680
 6915   0.0003645944  -0.0005298513   0.0004110190  -0.0003706499   0.0002966045
 6916  -0.0001933464  -0.0002619706   0.0000589793   0.0001664398  -0.0001716818
 6917   0.0000499022   0.0001080712   0.0006222822  -0.0001296068   0.0004248736
 6918   0.0002342854   0.0000772988  -0.0003101163   0.0004451248  -0.0001166363
 6919   0.0001847300  -0.0002570780   0.0000923574  -0.0002471972  -0.0002021398
 6920  -0.0001113203   0.0000982670  -0.0002342444   0.0002138746   0.0001157233
 6921  -0.0000261350  -0.0001560713  -0.0000438584  -0.0006075463  -0.0002275185
 6922  -0.0002575011  -0.0003822123  -0.0006787130  -0.0000955204   0.0000662416
 6923  -0.0002405051   0.0001900845   0.0007754504   0.0005538531   0.0012036555
 6924  -0.0071241121  -0.0124399531  -0.0005769089   0.0000856536   0.0001760090
 6925   0.0000550044   0.0000800433   0.0000700188  -0.0001345406   0.0000367225
 6926   0.0001249529   0.0000020728  -0.0000921515   0.0000126649  -0.0000734496
 6927  -0.0000597913  -0.0001146640   0.0000846950   0.0000520589  -0.0000809238
 6928  -0.0000718003  -0.0002542971   0.0000947175  -0.0000357294   0.0001579161
 6929  -0.0000910949   0.0000139974   0.0000115590   0.0000465134  -0.0000688913
 6930   0.0000668234  -0.0000453323   0.0000121921  -0.0001988640   0.0000994104
 6931   0.0000498788  -0.0001854830  -0.0001107121  -0.0001519391   0.0000207781
 6932  -0.0000582958   0.0001405638   0.0001442275  -0.0000227462  -0.0002698755
 6933  -0.0001289050   0.0000734960   0.0003840728   0.0002984876  -0.0000370196
 6934  -0.0000607344   0.0001051047   0.0000370769   0.0000276589  -0.0001947783
 6935   0.0001480959   0.0002422078  -0.0000509673   0.0001531781  -0.0000460114
 6936  -0.0000435142  -0.0004031961  -0.0000871724   0.0001961662   0.0000211241
 6937  -0.0000181434   0.0000030936  -0.0000959217   0.0000074961   0.0000114639
 6938   0.0000037934  -0.0000001317  -0.0000029420  -0.0000074256  -0.0000005464
 6939  -0.0000004269  -0.0000057165   0.0000107484   0.0000035705  -0.0000168238
 6940   0.0000302234   0.0000568845  -0.0000228350  -0.0000046954   0.0000072174
 6941   0.0000205461   0.0000101964  -0.0000029297   0.0000029527  -0.0000061230
 6942   0.0000140892   0.0000024082  -0.0000005270   0.0000057127  -0.0000152464
 6943   0.0000154626   0.0000050600   0.0000140404  -0.0000264162  -0.0000223866
 6944  -0.0000180809   0.0000085908  -0.0000039423   0.0000016991  -0.0000080977
 6945  -0.0000418846  -0.0000873352   0.0000162797   0.0000002924  -0.0000312995
 6946  -0.0000393076   0.0000069493  -0.0000185986  -0.0000200874  -0.0000176595
 6947  -0.0001249250  -0.0000288677  -0.0000499875   0.0000281394
 70 1   0.0003656808  -0.0001321858   0.0001603823  -0.0000130944  -0.0003594646
 70 2   0.0002087161  -0.0006806411  -0.0002746734  -0.0000037077   0.0005565587
 70 3   0.0004259763  -0.0001164711   0.0001085547  -0.0000777928  -0.0000899112
 70 4  -0.0000373713   0.0000042514  -0.0000830872   0.0007945445   0.0004641545
 70 5  -0.0001282609  -0.0007497379   0.0005366179   0.0001135638  -0.0000331807
 70 6   0.0001216842   0.0001366068   0.0001434288   0.0001206142   0.0001258723
 70 7  -0.0002505317   0.0000223407  -0.0001844580  -0.0001051169  -0.0006640853
 70 8  -0.0000116466   0.0000312913  -0.0003838636   0.0000075683  -0.0001812806
 70 9   0.0006413237  -0.0001204490  -0.0001988124   0.0000093502   0.0001088715
 7010   0.0002870353   0.0000360784   0.0001608302   0.0000800135   0.0002162674
 7011  -0.0001710495   0.0001287805  -0.0007767176   0.0001613954  -0.0048348824
 7012  -0.0115687619   0.0006537841  -0.0034096928   0.0057906855  -0.0014155621
 7013  -0.0004734307   0.0001696076  -0.0001549951  -0.0001681364   0.0001867312
 7014   0.0001551630  -0.0242660546   0.0020644944   0.0021758680   0.0311964977
 7015   0.0024042653  -0.0032751546  -0.0000966861   0.0002855151  -0.0002594484
 7016   0.0000399258  -0.0000686174  -0.0000482876  -0.0000658127   0.0000512083
 7017  -0.0003151162   0.0000468766  -0.0004446279  -0.0000380061  -0.0001253718
 7018  -0.0000615954   0.0000244494  -0.0000925975   0.0000263571   0.0004013281
 7019  -0.0000556952   0.0002859487   0.0000711950  -0.0000114081  -0.0000228863
 7020  -0.0000091948  -0.0002211511  -0.0002443656  -0.0001730242   0.0000244793
 7021  -0.0000706687  -0.0000370263   0.0002102309   0.0000585737   0.0005394726
 7022  -0.0003250122   0.0005495368   0.0004877010   0.0004327185   0.0000932160
 7023   0.0000375301  -0.0003433517  -0.0001045579   0.0000702062   0.0005490021
 7024  -0.0001570538  -0.0003872628   0.0019656948   0.0008746648   0.0010717374
 7025  -0.0000204512  -0.0000113507  -0.0000408642  -0.0000708765   0.0002451071
 7026   0.0001825290  -0.0000929006  -0.0003031328   0.0001581224   0.0000517494
 7027  -0.0001255622   0.0000346440   0.0000714777  -0.0000705720   0.0000466207
 7028  -0.0001891466   0.0000362869  -0.0000466580   0.0001709809  -0.0000583299
 7029   0.0001101691  -0.0001176531   0.0000074259  -0.0001346118   0.0000139134
 7030   0.0001003524   0.0001083619  -0.0004067740   0.0000302387  -0.0002745132
 7031   0.0005358676   0.0000704365   0.0002544425  -0.0003309358   0.0000929236
 7032   0.0002049648   0.0000616139   0.0000285483  -0.0001506922   0.0001731881
 7033  -0.0001678478  -0.0000746404  -0.0000936042  -0.0001767942   0.0000166401
 7034  -0.0000729691   0.0000749535   0.0000291101  -0.0001029308   0.0002308701
 7035  -0.0001071696  -0.0001397416   0.0000223654  -0.0001321828   0.0001028444
 7036  -0.0000700456   0.0001581099  -0.0000009483  -0.0000064421  -0.0001274437
 7037   0.0000106488   0.0000410642   0.0000317978   0.0000028435   0.0000095871
 7038   0.0000076963  -0.0000039851  -0.0000046762  -0.0000022552   0.0000031122
 7039  -0.0000031285  -0.0000076247   0.0000182517   0.0000189022  -0.0000636908
 7040   0.0000373864   0.0000238806  -0.0002066564  -0.0000053134   0.0000052101
 7041  -0.0000052079  -0.0000018982  -0.0000008405   0.0000108643  -0.0000036588
 7042  -0.0000044968  -0.0000079054   0.0000081068   0.0000033416   0.0000034423
 7043   0.0000058771   0.0000093640   0.0000186929   0.0000202377   0.0000029712
 7044  -0.0000199355   0.0000058865   0.0000059954   0.0000197396  -0.0000174321
 7045  -0.0000204247  -0.0000554787  -0.0000102048  -0.0000026637   0.0000383451
 7046   0.0000650412  -0.0000048550   0.0000284182   0.0000950317  -0.0000510700
 7047   0.0001681726   0.0000051013  -0.0000051378  -0.0000234760
 71 1   0.0001849785  -0.0002895979   0.0000718189  -0.0000467228  -0.0001848081
 71 2  -0.0000189535  -0.0007198741   0.0000371299  -0.0001393304   0.0013332314
 71 3  -0.0000841271  -0.0003276558  -0.0006245203  -0.0003277551  -0.0002818329
 71 4   0.0002962044  -0.0000994517   0.0000325492   0.0000072301   0.0001484472
 71 5  -0.0000248512  -0.0001531443   0.0004154848   0.0000128746   0.0003520406
 71 6   0.0004712221   0.0001883565  -0.0005571042  -0.0001806320   0.0001826831
 71 7   0.0002194280   0.0008588960  -0.0002041362  -0.0001978778   0.0000783302
 71 8  -0.0001849828   0.0002319935  -0.0003624245   0.0000481183  -0.0004299214
 71 9  -0.0002701382  -0.0001564337  -0.0007007354  -0.0004425572   0.0001890751
 7110  -0.0006051637  -0.0005136137  -0.0001409644   0.0001323443   0.0001290236
 7111  -0.0001256855   0.0001764283   0.0003698613   0.0000934515  -0.0117276205
 7112  -0.0200497362   0.0020810458   0.0103092380  -0.0124364021   0.0013543536
 7113  -0.0000512419   0.0000112088  -0.0001525788   0.0001401607   0.0000782899
 7114  -0.0002344863  -0.0024226874   0.0003020941   0.0003645944   0.0024042653
 7115   0.0418386857   0.0131353048   0.0000658097   0.0001545809  -0.0001163234
 7116   0.0000766796  -0.0001139353  -0.0000630749  -0.0001121274  -0.0001809931
 7117  -0.0003975667  -0.0001695901  -0.0008453618   0.0005029054   0.0001221372
 7118  -0.0001165134   0.0000803535  -0.0000805817   0.0000991509   0.0001714557
 7119   0.0000927180   0.0000701075   0.0001816007  -0.0002235863   0.0002692204
 7120   0.0002463691  -0.0003493595   0.0000775565   0.0004167356  -0.0001103371
 7121   0.0000104025   0.0000396781   0.0001760532  -0.0002354282   0.0001064407
 7122  -0.0001951912  -0.0000661844   0.0000447549   0.0000875720   0.0000307336
 7123   0.0002110899   0.0000519183   0.0002043313   0.0001432764  -0.0000454548
 7124   0.0002652686  -0.0002548324   0.0029816507  -0.0088602195  -0.0175285497
 7125  -0.0000509604  -0.0000369279  -0.0000070172   0.0003295028  -0.0001127300
 7126   0.0001376437   0.0000142960   0.0001060008   0.0000375630  -0.0003477373
 7127   0.0001387086  -0.0001296294   0.0002172866  -0.0000170445   0.0000007850
 7128  -0.0001192830   0.0003541268   0.0001137983   0.0000163782  -0.0002173109
 7129   0.0001469110  -0.0000031618  -0.0000014074   0.0000604908   0.0000934542
 7130  -0.0002075890  -0.0000967471   0.0000002148   0.0002868858  -0.0002249463
 7131   0.0001110236  -0.0000150569   0.0001970019  -0.0000011097   0.0000170807
 7132   0.0001947022  -0.0001085698  -0.0001981543  -0.0000921191   0.0004103977
 7133   0.0000887801  -0.0002128308  -0.0003640030  -0.0002326067   0.0001501111
 7134   0.0000426108  -0.0001046459  -0.0000058822  -0.0001220198   0.0001963477
 7135  -0.0000341072  -0.0003282741   0.0001186695  -0.0001877071   0.0000572024
 7136   0.0001202400   0.0002871643   0.0000610214  -0.0003727786  -0.0000936657
 7137   0.0000456152   0.0000228963   0.0000099205   0.0000065132   0.0000076287
 7138  -0.0000072706   0.0000176511   0.0000052525  -0.0000013874   0.0000144605
 7139   0.0000037301  -0.0000092344  -0.0000281279  -0.0000325582   0.0000257681
 7140  -0.0000717247  -0.0000925358  -0.0000634810   0.0000005958  -0.0000160265
 7141  -0.0000255277  -0.0000109269   0.0000086101   0.0000207083  -0.0000012918
 7142   0.0000006408   0.0000267322   0.0000060083  -0.0000075332   0.0000263183
 7143  -0.0000130431   0.0000033048   0.0000134458   0.0000103804   0.0000273133
 7144  -0.0000005104   0.0000005777   0.0000147899  -0.0000008187   0.0000057301
 7145   0.0000452610   0.0000517762  -0.0000139271   0.0000126926  -0.0000249678
 7146   0.0000313865  -0.0000578360   0.0000392046   0.0001365842  -0.0001230708
 7147   0.0001057241   0.0000360287   0.0000067061   0.0000254335
 72 1  -0.0001628797   0.0002253757   0.0000033800   0.0001556160  -0.0000440516
 72 2  -0.0003681790  -0.0000504225  -0.0000544205  -0.0002200861   0.0001537324
 72 3  -0.0000771689   0.0000390264  -0.0003493298  -0.0008675315   0.0000755371
 72 4  -0.0002883160   0.0001082585   0.0001261344  -0.0001888666  -0.0001397168
 72 5  -0.0001016391   0.0002574868  -0.0001458520  -0.0004254905   0.0000294150
 72 6   0.0000547714  -0.0003583235   0.0001941530   0.0004455616  -0.0004893602
 72 7  -0.0000447868  -0.0000991649  -0.0000039305  -0.0000118146   0.0001621255
 72 8  -0.0004489992   0.0000025146   0.0001589439   0.0000778012  -0.0000065091
 72 9  -0.0001811165  -0.0000909306   0.0005803434   0.0004408282   0.0003001122
 7210   0.0001456366   0.0002287309  -0.0002586101   0.0001389071   0.0001637636
 7211   0.0001305837  -0.0002249222   0.0001477903  -0.0000226537  -0.0002557715
 7212   0.0000891645   0.0010372314   0.0001014703  -0.0011399989   0.0005196045
 7213  -0.0001869869   0.0000133409   0.0001728158   0.0000836887  -0.0001396930
 7214  -0.0001320642   0.0001119791   0.0000087487  -0.0005298513  -0.0032751546
 7215   0.0131353048   0.0184131440   0.0001600816  -0.0003422909   0.0002484063
 7216  -0.0002421719  -0.0002039158   0.0002660197  -0.0001117057  -0.0002599372
 7217   0.0001493075   0.0000470852   0.0005519579   0.0006104227   0.0002204876
 7218   0.0000749611   0.0000070851  -0.0001743610   0.0001481154   0.0001060779
 7219   0.0001401372  -0.0002301741   0.0004342248  -0.0001535831   0.0001807695
 7220   0.0003870579   0.0000482773   0.0000174576   0.0000794018  -0.0002266761
 7221   0.0000220137   0.0001792865   0.0007638780   0.0004147377  -0.0000768429
 7222  -0.0007716629  -0.0009636799  -0.0005797450  -0.0002923585   0.0000139505
 7223   0.0002503673   0.0001833485   0.0000179246   0.0001501871  -0.0001078443
 7224   0.0002356552   0.0007168656   0.0034563177  -0.0120495254  -0.0198730931
 7225   0.0000407815   0.0000251146   0.0000600130   0.0000256901  -0.0003144640
 7226  -0.0001782518   0.0001128431   0.0003267893  -0.0002904720   0.0000252223
 7227   0.0001910914  -0.0000412705  -0.0001667204   0.0000371276  -0.0000269846
 7228   0.0002874452  -0.0000563736   0.0002568578  -0.0003651084   0.0001737229
 7229  -0.0001133283   0.0001082532   0.0000422415   0.0001655434   0.0000239173
 7230  -0.0001271132  -0.0001468710   0.0007049033   0.0000403184   0.0001801033
 7231  -0.0008886019  -0.0000652642  -0.0002167016   0.0004978783  -0.0003195709
 7232  -0.0004015240  -0.0000545313  -0.0000331468   0.0000784007   0.0001569060
 7233   0.0002145810  -0.0000826814  -0.0000622180  -0.0000126547  -0.0000172216
 7234   0.0000867606  -0.0000685205   0.0000143649   0.0000010606   0.0001113712
 7235   0.0000765820  -0.0000540183   0.0000017014  -0.0000079400  -0.0000198102
 7236   0.0001171059   0.0000366387  -0.0001000268  -0.0001928107  -0.0002628494
 7237  -0.0000220559  -0.0000390048  -0.0000450946  -0.0000041458  -0.0000090737
 7238  -0.0000039153  -0.0000021303  -0.0000018396   0.0000025207   0.0000048008
 7239   0.0000031142  -0.0000044983  -0.0000100418   0.0000054245   0.0000509707
 7240  -0.0000779196  -0.0000210516   0.0003067025   0.0000029092  -0.0000015904
 7241   0.0000061394  -0.0000089715  -0.0000019033  -0.0000106922  -0.0000016422
 7242  -0.0000023250   0.0000178473  -0.0000048799  -0.0000221006   0.0000508387
 7243   0.0000114681   0.0000001025  -0.0000013984  -0.0000240142  -0.0000037951
 7244   0.0000229623  -0.0000266617  -0.0000339276  -0.0000172188   0.0000390449
 7245   0.0000492138   0.0000035706   0.0000162323  -0.0000375078   0.0000260927
 7246  -0.0000239613  -0.0000283099   0.0000076103  -0.0000621101  -0.0000713420
 7247  -0.0000118688  -0.0000149793   0.0000026567   0.0000167414
 73 1  -0.0044097763  -0.0023788303   0.0073593061  -0.0019523993   0.0022407091
 73 2  -0.0044714515  -0.0000916244  -0.0002125991  -0.0001436345  -0.0003117432
 73 3  -0.0001526029   0.0001588078  -0.0003226876   0.0000412218  -0.0000967745
 73 4   0.0009823825  -0.0002269858  -0.0010793025  -0.0008998855  -0.0002577884
 73 5  -0.0001510080  -0.0002304314  -0.0001323557   0.0003666898   0.0004539492
 73 6   0.0001134459   0.0001116400   0.0000359105   0.0002309481   0.0000618658
 73 7  -0.0002963424  -0.0003007192   0.0003589484   0.0002421552  -0.0000127439
 73 8   0.0003050617  -0.0002535301   0.0001993363  -0.0000025662   0.0000386946
 73 9  -0.0003994392   0.0001544856  -0.0004295062   0.0000303856   0.0001377824
 7310   0.0001369737   0.0001457061   0.0000894885   0.0002023873   0.0000096281
 7311   0.0000349966  -0.0002141620   0.0000902153  -0.0000327575   0.0001467731
 7312   0.0001673950  -0.0000758848   0.0000161829   0.0001490113   0.0002148716
 7313  -0.0000413015  -0.0001453452  -0.0000684719  -0.0001640073   0.0001053594
 7314   0.0003562190   0.0003114509  -0.0001141862   0.0004110190  -0.0000966861
 7315   0.0000658097   0.0001600816   0.0260889572   0.0078123401  -0.0024583292
 7316  -0.0146646107   0.0011931091   0.0011842362  -0.0001861046  -0.0001165057
 7317  -0.0000906649   0.0000177424   0.0000158856  -0.0000908919  -0.0040815431
 7318  -0.0072203544   0.0002992697  -0.0002046876  -0.0002147998  -0.0001124829
 7319  -0.0000783072   0.0001938397  -0.0003953943   0.0001632138   0.0000115971
 7320  -0.0001615920   0.0003172955   0.0001281232  -0.0002759109  -0.0001544396
 7321  -0.0001730223  -0.0002652197  -0.0000854325   0.0000596155  -0.0001499485
 7322   0.0000109725   0.0000704867  -0.0002692526  -0.0000731740  -0.0001973145
 7323  -0.0000966547  -0.0000026150  -0.0003372682  -0.0000243754   0.0003265122
 7324  -0.0004378005  -0.0001453027  -0.0001259107  -0.0001757034  -0.0004788590
 7325   0.0002800784   0.0003640603   0.0002350797  -0.0007578919   0.0001201110
 7326   0.0001970324   0.0000204441  -0.0001821740  -0.0001180993   0.0002252933
 7327  -0.0004341322   0.0000313129  -0.0002730646  -0.0000274713  -0.0000161674
 7328  -0.0000706960  -0.0002450159  -0.0004164392  -0.0001364569  -0.0001077930
 7329   0.0000025330   0.0004255068   0.0000156028  -0.0004376682  -0.0005435215
 7330   0.0004206887  -0.0000548899  -0.0004643943  -0.0004813663  -0.0003630607
 7331   0.0008299926   0.0005148768   0.0000073581  -0.0004406688   0.0002029299
 7332   0.0000696827   0.0002798908   0.0003526930  -0.0000635161  -0.0003363957
 7333  -0.0003864208  -0.0000361872   0.0007396709   0.0002138050  -0.0002149531
 7334  -0.0002136503   0.0002046298   0.0000408501  -0.0001115701   0.0000048066
 7335  -0.0000558936   0.0001956786  -0.0000507958  -0.0000328053   0.0001020789
 7336  -0.0006559548   0.0001051141   0.0000238778   0.0003861899   0.0003028049
 7337   0.0000330009  -0.0001624748  -0.0002420431   0.0000138331  -0.0000308082
 7338  -0.0000041215  -0.0000086138   0.0000304357   0.0000197311  -0.0000078921
 7339   0.0000120326  -0.0000009539   0.0000129133   0.0000483583   0.0000107858
 7340  -0.0000325146   0.0000380523   0.0000577867   0.0000182056   0.0000150441
 7341   0.0000210741   0.0000234373  -0.0000039510   0.0000357605  -0.0000294736
 7342   0.0000201989   0.0000284977  -0.0000240784  -0.0000056825  -0.0000045496
 7343   0.0000286382   0.0000140012   0.0000249399   0.0000304019  -0.0000887367
 7344  -0.0000006589   0.0000176935   0.0000207060   0.0000284321   0.0000096302
 7345  -0.0001154743  -0.0000366158   0.0000170664   0.0000210441  -0.0000150962
 7346  -0.0000325607   0.0000392567   0.0000491968   0.0000266707   0.0000162840
 7347   0.0001663122   0.0000087947   0.0000346402   0.0000513945
 74 1  -0.0023755299  -0.0010293461   0.0034949040   0.0010589219   0.0004811387
 74 2  -0.0002755143   0.0002704718  -0.0001032108   0.0003896437  -0.0002014537
 74 3  -0.0001342296   0.0000019138   0.0000035342  -0.0000747748  -0.0001380028
 74 4   0.0000792741  -0.0016263267  -0.0016704210  -0.0002177373  -0.0004411197
 74 5  -0.0002082620   0.0003169515  -0.0002081952   0.0000339819  -0.0001944457
 74 6   0.0001654389  -0.0001365386   0.0001889769  -0.0001389120   0.0000169093
 74 7  -0.0001062146   0.0002870101  -0.0002669456  -0.0003597901  -0.0000865205
 74 8  -0.0001005623   0.0000553741  -0.0004945833   0.0000380600   0.0002186213
 74 9  -0.0000224083  -0.0001422407   0.0003608040   0.0006528302   0.0003941368
 7410  -0.0006565185  -0.0001942545   0.0000619247   0.0004990314   0.0003626055
 7411   0.0002349655  -0.0004361114   0.0001945174  -0.0001682147   0.0003226701
 7412  -0.0001196765   0.0000344192   0.0001111127  -0.0006995069   0.0006900230
 7413  -0.0003537383  -0.0003810475   0.0000141698   0.0003604043  -0.0001809505
 7414  -0.0003451872  -0.0003249105  -0.0002851806  -0.0003706499   0.0002855151
 7415   0.0001545809  -0.0003422909   0.0078123401   0.0143238551  -0.0021859245
 7416  -0.0007941883  -0.0012107817  -0.0003838671   0.0000859410  -0.0000960136
 7417   0.0000821777  -0.0000403795   0.0001209874   0.0001410930  -0.0047561532
 7418  -0.0103701987   0.0015139660  -0.0003613352  -0.0001150707   0.0000902780
 7419   0.0001321177  -0.0000641325   0.0003571639  -0.0002881914   0.0000206138
 7420   0.0002710869   0.0000272150   0.0000472424   0.0002198342   0.0001288903
 7421   0.0000476574  -0.0002383629   0.0000640674   0.0002792226  -0.0001611910
 7422  -0.0001475588   0.0000236337   0.0000028798  -0.0001594460  -0.0001287460
 7423  -0.0000431569   0.0007743079   0.0003594742  -0.0001752256  -0.0006642222
 7424   0.0001798290  -0.0000817694  -0.0004499977   0.0003308832   0.0001596699
 7425   0.0000596239  -0.0000639608  -0.0001849020  -0.0002964372  -0.0000101901
 7426  -0.0005155254   0.0001608909   0.0002895027  -0.0001785478   0.0005440591
 7427   0.0000472056   0.0004675048  -0.0005610395   0.0000157733   0.0001635469
 7428   0.0000653812  -0.0007052750  -0.0002690833  -0.0005941336   0.0003303325
 7429  -0.0003131249   0.0003241893   0.0003443490   0.0000154890  -0.0001661058
 7430   0.0002662441   0.0000868660   0.0009312400  -0.0003726555   0.0004361611
 7431  -0.0008677104  -0.0005227657  -0.0002354499   0.0001458867  -0.0001358527
 7432  -0.0003042900   0.0000633441   0.0002106605   0.0001192626  -0.0002343500
 7433  -0.0000797266   0.0002474112   0.0003856102   0.0001896129  -0.0003505808
 7434   0.0000018511   0.0000206436   0.0000118835  -0.0000307944  -0.0000126783
 7435   0.0000013975   0.0004641805   0.0001115248  -0.0000245759  -0.0003266765
 7436   0.0000653291  -0.0005412252   0.0000137215   0.0002952488  -0.0000334559
 7437  -0.0001123635  -0.0000313977   0.0001632596  -0.0000057702  -0.0000270908
 7438   0.0000261875  -0.0000061038   0.0000042377   0.0000049684  -0.0000149451
 7439  -0.0000030708  -0.0000041266   0.0000117677  -0.0000211067   0.0001056018
 7440  -0.0000659708  -0.0000036015   0.0002777571  -0.0000308671   0.0000459233
 7441   0.0000115495   0.0000039830  -0.0000089373  -0.0000868939  -0.0000254298
 7442  -0.0000304581  -0.0000223879  -0.0000202984  -0.0000036527   0.0000088603
 7443   0.0000202654   0.0000044794  -0.0000071392  -0.0000269653  -0.0000492958
 7444   0.0000260928  -0.0000102025  -0.0000091509  -0.0000235834   0.0000057147
 7445  -0.0000338447   0.0000225655   0.0000010559   0.0000022658  -0.0000410753
 7446  -0.0000609740   0.0000010153   0.0000376763  -0.0000060060   0.0000419704
 7447   0.0000581099  -0.0000082415   0.0000120594   0.0000349424
 75 1   0.0125663159   0.0063467617  -0.0186579977  -0.0068765530   0.0025003917
 75 2  -0.0067877594   0.0001697069   0.0001293673  -0.0002289621   0.0000815009
 75 3   0.0000724031   0.0001024130   0.0000715394  -0.0000279856  -0.0002132634
 75 4  -0.0007651833  -0.0051737535  -0.0044372480   0.0004282586   0.0000102595
 75 5  -0.0008893209  -0.0003794682  -0.0001599070  -0.0000980999  -0.0000897509
 75 6  -0.0001010751   0.0000778359   0.0000400607   0.0002878516  -0.0001799149
 75 7   0.0001785245   0.0000334660  -0.0003617021  -0.0001181445  -0.0002819195
 75 8  -0.0001007879   0.0002066723   0.0003402402  -0.0001639365  -0.0001860314
 75 9   0.0000222078  -0.0000935866  -0.0002093966  -0.0004249319  -0.0001052141
 7510   0.0001854089   0.0003386822   0.0001345313  -0.0000701562  -0.0001854118
 7511  -0.0000171042   0.0001140756  -0.0002059401   0.0000492626  -0.0000088962
 7512   0.0001454959  -0.0000105030  -0.0003243955   0.0002476312  -0.0000083251
 7513  -0.0001394085   0.0000484968  -0.0002157681   0.0002022974   0.0000328200
 7514   0.0000165691   0.0000300298   0.0002800462   0.0002966045  -0.0002594484
 7515  -0.0001163234   0.0002484063  -0.0024583292  -0.0021859245   0.0303563586
 7516  -0.0016002023  -0.0001309369   0.0001296901  -0.0000643459   0.0002641165
 7517   0.0000882776   0.0000767315  -0.0001525212   0.0001439716  -0.0013403852
 7518  -0.0012965000   0.0001123038  -0.0000882684  -0.0001816489   0.0005597201
 7519   0.0001779199  -0.0001330422   0.0001565691   0.0003619352   0.0001268333
 7520  -0.0001438708  -0.0000816172  -0.0001592263  -0.0002081863  -0.0000115939
 7521   0.0003847644   0.0004262416   0.0002268343   0.0000090810   0.0000781039
 7522   0.0001809337  -0.0001043469  -0.0001309068  -0.0000313175  -0.0000520846
 7523   0.0002304800  -0.0001606984  -0.0001157528  -0.0000878366   0.0003577171
 7524  -0.0001072227  -0.0000763401   0.0000322174  -0.0001367406  -0.0002850685
 7525  -0.0003009858  -0.0004450424  -0.0004534921   0.0003800972   0.0003122543
 7526  -0.0000395265  -0.0000772047  -0.0002733155   0.0002387852   0.0000068576
 7527   0.0000078458   0.0001783371   0.0002303534  -0.0000945482  -0.0000258557
 7528  -0.0001305924  -0.0001345091   0.0005072436   0.0006782486   0.0006191179
 7529   0.0000971045  -0.0006521907  -0.0005412669  -0.0005557148  -0.0000465143
 7530   0.0003151896   0.0003134508  -0.0006579990   0.0001597862  -0.0005613421
 7531   0.0006030255  -0.0000663811   0.0002356329  -0.0001525416  -0.0000546990
 7532   0.0001798905  -0.0000647990  -0.0000737252  -0.0000841096   0.0002286646
 7533   0.0000194320   0.0000577141  -0.0002923716  -0.0004406158   0.0000544086
 7534  -0.0000772944   0.0001377173   0.0001162178  -0.0001764807   0.0004776401
 7535  -0.0001685784  -0.0000701969  -0.0000526792   0.0000552197  -0.0001793803
 7536   0.0005299497   0.0003163698   0.0001460760  -0.0005742114  -0.0005393193
 7537  -0.0000496594   0.0002011542   0.0004319472  -0.0000305758   0.0000221288
 7538   0.0000305784   0.0000032182  -0.0000234048  -0.0000029465   0.0000012087
 7539  -0.0000019982   0.0000046973   0.0000272720   0.0000182449  -0.0000585174
 7540   0.0000913232  -0.0000101467  -0.0002414430  -0.0000047037  -0.0000034409
 7541   0.0000092643   0.0000012457  -0.0000305758   0.0000945872  -0.0000346705
 7542  -0.0000684048  -0.0000386263   0.0000099132   0.0000048946  -0.0000091929
 7543  -0.0000102726   0.0000058298   0.0000134288   0.0000020084   0.0000076575
 7544  -0.0000355003  -0.0000144763   0.0000043743   0.0000022764  -0.0000580362
 7545  -0.0000066802  -0.0001605855  -0.0000134806   0.0000088376  -0.0000180646
 7546   0.0000796423  -0.0000360897   0.0000941838   0.0001830419  -0.0000984045
 7547   0.0002996470  -0.0000028592  -0.0000096357  -0.0000438066
 76 1  -0.0004829943  -0.0000627259   0.0010844247  -0.0037209496  -0.0033544775
 76 2   0.0090863702  -0.0031811531   0.0026593900  -0.0071982309  -0.0002625667
 76 3   0.0001049150  -0.0002799733  -0.0002111476  -0.0001409715  -0.0000786239
 76 4  -0.0008333891  -0.0000843763   0.0002438003   0.0011072867  -0.0000657922
 76 5  -0.0004075663  -0.0004002549  -0.0002624595  -0.0006026716   0.0001391571
 76 6   0.0000268842   0.0000929486   0.0005598454   0.0004802750   0.0004344472
 76 7   0.0002857777   0.0000825227  -0.0003109006  -0.0000373204  -0.0001071965
 76 8   0.0000132493   0.0000927435   0.0001840343   0.0000842217   0.0002394520
 76 9  -0.0001053129   0.0000139575  -0.0000921662  -0.0005876281   0.0002029342
 7610   0.0000233934   0.0000868959   0.0001365174   0.0000591239   0.0000446772
 7611   0.0000750359   0.0000015379  -0.0001135525   0.0001760937   0.0000352145
 7612  -0.0000018996  -0.0001662285  -0.0000705606  -0.0000601594  -0.0000773988
 7613   0.0000423179  -0.0000358194   0.0000640166   0.0000036681  -0.0001361062
 7614  -0.0000451014   0.0000786522   0.0000595727  -0.0001933464   0.0000399258
 7615   0.0000766796  -0.0002421719  -0.0146646107  -0.0007941883  -0.0016002023
 7616   0.0429248874   0.0001960041  -0.0024716130  -0.0144312417   0.0011979925
 7617   0.0013810145  -0.0004960365  -0.0000568173   0.0001183613  -0.0030154108
 7618   0.0073691572  -0.0004051547  -0.0030213407  -0.0067910269   0.0008063605
 7619  -0.0001821831  -0.0005501620   0.0000954670   0.0000030754   0.0002891361
 7620   0.0000281512  -0.0003806374  -0.0000917949  -0.0000255615   0.0002456040
 7621   0.0003269958   0.0001860399   0.0001840617  -0.0002708224   0.0000347290
 7622  -0.0002489047  -0.0000869163   0.0000530068   0.0001005563   0.0001229697
 7623  -0.0000939755  -0.0003342457  -0.0000046713  -0.0001109142   0.0003218243
 7624   0.0002990660  -0.0000396976  -0.0001115375   0.0002783982   0.0001843689
 7625  -0.0002167347  -0.0003678727  -0.0004728032   0.0001240352   0.0006361955
 7626   0.0000574065  -0.0001457457  -0.0005653782   0.0004683049   0.0001556745
 7627  -0.0001279835   0.0000024290   0.0002524550  -0.0000592894  -0.0000641110
 7628  -0.0003034574  -0.0005868181   0.0005609336   0.0004531832   0.0006977483
 7629  -0.0000150616  -0.0003983398  -0.0002813037  -0.0002859978  -0.0000095002
 7630   0.0003281547   0.0002609055  -0.0000080791   0.0002133000   0.0001144980
 7631  -0.0002836435  -0.0005776398   0.0000159906   0.0000024862  -0.0001097636
 7632   0.0000272480   0.0000375707  -0.0002441705  -0.0002423363   0.0004544800
 7633  -0.0000040781  -0.0003889705  -0.0001636185  -0.0002697182   0.0005656565
 7634  -0.0001404634   0.0002952576   0.0001404140  -0.0000225728   0.0001401509
 7635  -0.0001187964  -0.0003180842  -0.0000272190   0.0000019492   0.0000176741
 7636   0.0006689872   0.0001251080   0.0000920819  -0.0001389834  -0.0006397019
 7637  -0.0000508203   0.0001855305   0.0003904503  -0.0000292010   0.0000140960
 7638   0.0000317793  -0.0000092742  -0.0000197574   0.0000037387  -0.0000107478
 7639   0.0000085857   0.0000209209   0.0000333194   0.0000314296  -0.0001240053
 7640   0.0002158777   0.0001372074  -0.0004660728  -0.0000209462   0.0000228192
 7641   0.0000095294   0.0000062576  -0.0000295719   0.0000594488  -0.0000038925
 7642  -0.0000517048  -0.0000279500  -0.0000010404   0.0000102959   0.0000306253
 7643  -0.0000068461   0.0000436312   0.0000322654  -0.0000112020   0.0000115352
 7644  -0.0000743867  -0.0000082454   0.0000195605   0.0000228655  -0.0000762825
 7645  -0.0000808283  -0.0003122218  -0.0000040862  -0.0000056826   0.0000042375
 7646   0.0000440619  -0.0000058864   0.0000000761   0.0000601386  -0.0000288165
 7647   0.0000757206  -0.0000159262  -0.0000027086  -0.0000362708
 77 1  -0.0000451308   0.0003460472   0.0004295039  -0.0021125751  -0.0000702469
 77 2   0.0024279521   0.0016458600  -0.0003847049   0.0017652585  -0.0000617725
 77 3   0.0000540797   0.0001351097   0.0000973831  -0.0001353943  -0.0001315181
 77 4  -0.0000984382  -0.0004120126  -0.0000090885  -0.0000118193  -0.0002651993
 77 5  -0.0013943746  -0.0002988632  -0.0001426202   0.0000174461  -0.0000039801
 77 6  -0.0001168490  -0.0000460718   0.0001747731   0.0001632327   0.0000493760
 77 7   0.0003634959  -0.0001166226  -0.0004438362  -0.0003690094  -0.0005480998
 77 8  -0.0002868187   0.0002942387   0.0001974988   0.0000917577  -0.0000016744
 77 9  -0.0000005655  -0.0000270412   0.0001635921   0.0000739109   0.0002313669
 7710  -0.0002520684  -0.0000301522  -0.0000720169   0.0000318594   0.0000933548
 7711   0.0000218846   0.0001086171  -0.0000077033  -0.0000121709   0.0000835193
 7712  -0.0000731145   0.0000738811   0.0001275001  -0.0003863988   0.0004071100
 7713  -0.0002108402  -0.0000008677   0.0000445752   0.0000684335  -0.0002406742
 7714  -0.0001965127  -0.0000914120  -0.0000529344  -0.0002619706  -0.0000686174
 7715  -0.0001139353  -0.0002039158   0.0011931091  -0.0012107817  -0.0001309369
 7716   0.0001960041   0.0265831087  -0.0042036347  -0.0006066657  -0.0006565346
 7717  -0.0001763502  -0.0000636698   0.0001198451   0.0000624125   0.0073754990
 7718  -0.0111303913   0.0010012941  -0.0071857205  -0.0114692015   0.0008114591
 7719   0.0000146995  -0.0000610548   0.0000792745  -0.0001286796   0.0000534923
 7720   0.0001005306  -0.0001024058  -0.0005010824   0.0000664805  -0.0000303176
 7721  -0.0000400156  -0.0001464946   0.0001562811  -0.0000934383  -0.0000156610
 7722  -0.0001622937   0.0000053073  -0.0000678227  -0.0000609911   0.0000786450
 7723   0.0001196283   0.0000561985   0.0000705556   0.0000267013   0.0001892874
 7724   0.0001444551   0.0000651048  -0.0002749370   0.0002692635  -0.0001532159
 7725   0.0001687696   0.0002193573   0.0000412964  -0.0002821173  -0.0000690291
 7726  -0.0001843453   0.0001174843   0.0002250864  -0.0001468279   0.0001906789
 7727  -0.0003304534   0.0001770004  -0.0000480990  -0.0000732034   0.0001041512
 7728  -0.0001729963  -0.0001529603  -0.0000040022  -0.0003936446   0.0000026909
 7729  -0.0000481500   0.0001534370   0.0002011754   0.0000554625  -0.0000814811
 7730   0.0002551437   0.0001790385   0.0003539045  -0.0000963901  -0.0000055064
 7731  -0.0002115124  -0.0001492362  -0.0000699905   0.0000131805  -0.0000420373
 7732  -0.0000995804   0.0000573591   0.0001196343   0.0000217396  -0.0000198114
 7733  -0.0001006084  -0.0000015406   0.0002544955   0.0000792360  -0.0000816469
 7734  -0.0000487058   0.0000817672   0.0000198900  -0.0000579889   0.0000304314
 7735  -0.0000023154   0.0000773917  -0.0000011697  -0.0000016326   0.0000574385
 7736  -0.0000019891  -0.0001468053  -0.0000421386   0.0000730300  -0.0000143867
 7737  -0.0000395322  -0.0001377603  -0.0000961508  -0.0000035010  -0.0000587822
 7738  -0.0000445510  -0.0000082221  -0.0000002575  -0.0000018468  -0.0000078064
 7739   0.0000074723  -0.0000121978  -0.0000152070  -0.0000067616   0.0000724031
 7740  -0.0000915641  -0.0000234753   0.0002272380  -0.0000044476   0.0000326405
 7741  -0.0000008677   0.0000126032   0.0000107122  -0.0000127147  -0.0000063445
 7742   0.0000020971  -0.0000209394  -0.0000100122  -0.0000082084   0.0000172224
 7743   0.0000137421   0.0000105749   0.0000043292  -0.0000071432  -0.0000417581
 7744  -0.0000021385  -0.0000048899   0.0000007227   0.0000006537  -0.0000163846
 7745  -0.0000443870  -0.0000452408   0.0000034503   0.0000064431  -0.0000275699
 7746  -0.0000231830  -0.0000020826   0.0000379983   0.0000200056  -0.0000068558
 7747   0.0000606675   0.0000043229  -0.0000030103   0.0000032016
 78 1   0.0000065742  -0.0000996019  -0.0005104903   0.0098177057   0.0051506270
 78 2  -0.0148312968  -0.0074238189   0.0044777306  -0.0098372611  -0.0002105783
 78 3   0.0000411089  -0.0000816163   0.0001613378  -0.0000634729  -0.0002001141
 78 4   0.0003835918  -0.0001369216  -0.0005722806   0.0005934802  -0.0022668913
 78 5  -0.0018076892  -0.0005586487  -0.0004906384   0.0000058401  -0.0000521319
 78 6   0.0001065397  -0.0001759243  -0.0003032595  -0.0000220502  -0.0001791082
 78 7  -0.0000652445   0.0000910086  -0.0003338271  -0.0001000313  -0.0000607486
 78 8  -0.0002801152   0.0001006390  -0.0001200669  -0.0001228029  -0.0001299245
 78 9   0.0000934302  -0.0000532797   0.0000178904   0.0000541644  -0.0000404719
 7810  -0.0000692515  -0.0000288178   0.0000208366   0.0000892409   0.0000189098
 7811   0.0000372499   0.0000733077  -0.0001093850  -0.0000059820  -0.0000538179
 7812   0.0000882086   0.0000566883  -0.0001561026   0.0001796548  -0.0001080747
 7813  -0.0001126031   0.0001035489  -0.0000614120   0.0000034698  -0.0000725371
 7814  -0.0001851723   0.0001668656  -0.0000415993   0.0000589793  -0.0000482876
 7815  -0.0000630749   0.0002660197   0.0011842362  -0.0003838671   0.0001296901
 7816  -0.0024716130  -0.0042036347   0.0264745162  -0.0015544635   0.0000399858
 7817   0.0001928787   0.0001767210  -0.0000923582   0.0001541536   0.0006661154
 7818  -0.0007392018   0.0007625851  -0.0004695593  -0.0014606225   0.0005299203
 7819   0.0000010997   0.0000572740   0.0002745921   0.0001859855   0.0000513560
 7820  -0.0002655677  -0.0001362966   0.0000242103   0.0000202595  -0.0000903273
 7821  -0.0000001594   0.0002936371   0.0002602753  -0.0000424531  -0.0000957967
 7822  -0.0000394261   0.0000157681  -0.0000274442  -0.0000409706  -0.0000336863
 7823   0.0002123695   0.0000280645  -0.0000005495   0.0000840437   0.0000834844
 7824   0.0000382486  -0.0000417434   0.0001021533  -0.0001129306  -0.0001462542
 7825  -0.0000174234  -0.0000819026  -0.0000830503   0.0000809634   0.0000161613
 7826  -0.0000045925  -0.0000322882   0.0000142771   0.0000453365   0.0001461605
 7827   0.0000522914   0.0000522841  -0.0000354999   0.0000279565   0.0000306406
 7828   0.0000828016   0.0001051182   0.0001126266   0.0000323341   0.0001895566
 7829   0.0000283102  -0.0003720958  -0.0001411379   0.0000557848   0.0002934775
 7830   0.0000243481   0.0002504369  -0.0002249249  -0.0000392235  -0.0003853389
 7831   0.0003784030   0.0000771268   0.0001300388  -0.0000421247   0.0000308299
 7832   0.0001680896  -0.0001174767  -0.0000668182   0.0000054065   0.0000660293
 7833   0.0000890047   0.0001255265  -0.0002638147  -0.0002313642  -0.0001184665
 7834   0.0000316869  -0.0000516574   0.0000202072  -0.0000658591   0.0002426640
 7835  -0.0000733958   0.0000250150   0.0000048336  -0.0000130892  -0.0001793107
 7836   0.0001784127   0.0002114647   0.0001217643  -0.0003335238  -0.0001860037
 7837  -0.0000194970   0.0000683895   0.0000831718  -0.0000169753  -0.0000077499
 7838  -0.0000025562   0.0000001167  -0.0000074395  -0.0000149459  -0.0000003464
 7839   0.0000052124  -0.0000020000   0.0000042885  -0.0000131378   0.0000071228
 7840  -0.0000241880  -0.0000817086  -0.0000526583   0.0000022761  -0.0000055538
 7841   0.0000020536  -0.0000420878   0.0000376972  -0.0000959585   0.0000459177
 7842  -0.0000467557  -0.0000595938   0.0000078407   0.0000012865  -0.0000165582
 7843  -0.0000064554  -0.0000101977  -0.0000063331  -0.0000032992   0.0000166455
 7844   0.0000057754  -0.0000100842  -0.0000074390  -0.0000184325   0.0000074146
 7845   0.0000389662   0.0000273743  -0.0000082811   0.0000000434  -0.0000048849
 7846   0.0000433537  -0.0000248645   0.0000483932   0.0000905200  -0.0000486192
 7847   0.0001275625   0.0000057871  -0.0000082333  -0.0000102837
 79 1  -0.0001256431   0.0002178223   0.0001506729  -0.0000663014  -0.0000387575
 79 2   0.0003326145  -0.0038909868  -0.0028436616   0.0078264479  -0.0033010040
 79 3   0.0033172520  -0.0089658743  -0.0001993702  -0.0000547902  -0.0003429690
 79 4  -0.0000681793   0.0000499393  -0.0000067423  -0.0004526526   0.0002197578
 79 5   0.0006487681   0.0013473547  -0.0000146374  -0.0005249739  -0.0001666024
 79 6   0.0000655902  -0.0004277716  -0.0005943693  -0.0002891530  -0.0004779937
 79 7  -0.0000953010   0.0002696866   0.0000207127  -0.0002143726   0.0001454417
 79 8  -0.0002738087   0.0001901394  -0.0001416175   0.0001520301  -0.0003526970
 79 9   0.0000281719   0.0000871405   0.0001677365   0.0007293541  -0.0001160199
 7910  -0.0001061798   0.0004531097   0.0001569296   0.0000970796   0.0000222350
 7911   0.0000359502  -0.0000262124  -0.0000390081  -0.0001311606  -0.0000588914
 7912  -0.0000644150   0.0003209834  -0.0003255267  -0.0001745972  -0.0001505827
 7913  -0.0007064259  -0.0002250007  -0.0000610518   0.0001333236  -0.0002295766
 7914  -0.0003550247   0.0001344468  -0.0001738461   0.0001664398  -0.0000658127
 7915  -0.0001121274  -0.0001117057  -0.0001861046   0.0000859410  -0.0000643459
 7916  -0.0144312417  -0.0006066657  -0.0015544635   0.0451560491  -0.0000880478
 7917   0.0005837866  -0.0148597907   0.0006919324   0.0017303584  -0.0004700146
 7918   0.0004390061   0.0000136522  -0.0032570956   0.0066284644  -0.0008256710
 7919  -0.0038396368  -0.0071898108   0.0007644235  -0.0002046210  -0.0007229282
 7920   0.0002605739   0.0000348016   0.0000101823  -0.0002638311  -0.0003636459
 7921  -0.0000307149  -0.0000120173  -0.0000645602   0.0005107417  -0.0000952048
 7922   0.0005465408   0.0002123508   0.0000533178  -0.0003289424  -0.0002756520
 7923   0.0004175303   0.0005820972  -0.0003034169   0.0002636967  -0.0002578562
 7924  -0.0003953594   0.0000300275   0.0005983795  -0.0000679826  -0.0003460312
 7925  -0.0001031888  -0.0000941532   0.0001904320   0.0006737206  -0.0007409365
 7926  -0.0002451685   0.0001133385   0.0006761309  -0.0003322745  -0.0004352611
 7927   0.0005892386  -0.0000412233   0.0001218341  -0.0000246837   0.0000737177
 7928   0.0002119995   0.0007178948   0.0000734146   0.0000722556  -0.0003252878
 7929   0.0001102844  -0.0002690011  -0.0000171318   0.0003026477   0.0003981716
 7930  -0.0005296974  -0.0000680805  -0.0001342434   0.0002345980  -0.0001130374
 7931  -0.0000044546   0.0002406202  -0.0000079080   0.0003368863  -0.0000838619
 7932  -0.0000234897  -0.0002536945   0.0000003528   0.0003167466  -0.0000834063
 7933   0.0001989796   0.0004446283  -0.0005131417  -0.0000529085  -0.0003888581
 7934   0.0002652773  -0.0003897210  -0.0001299723   0.0000149213   0.0001175330
 7935   0.0001593642   0.0001692011   0.0000453257  -0.0000828201  -0.0003716769
 7936   0.0001004651  -0.0000961909  -0.0000193199  -0.0004034512   0.0004214382
 7937  -0.0000001662   0.0000324060  -0.0000539519   0.0000017440   0.0000239645
 7938   0.0000131526   0.0000243637  -0.0000077325  -0.0000301686   0.0000175789
 7939  -0.0000130276  -0.0000131216  -0.0000391845  -0.0000559652   0.0001289550
 7940  -0.0001884575  -0.0001922755   0.0003993756  -0.0000024510  -0.0000395955
 7941  -0.0000504455  -0.0000362594   0.0000181423  -0.0000434095   0.0000164586
 7942  -0.0000097383  -0.0000124722   0.0000162108  -0.0000085059  -0.0000084672
 7943  -0.0000223362  -0.0000419394  -0.0000556281  -0.0000101067   0.0000568405
 7944   0.0000718551  -0.0000243142  -0.0000340697  -0.0000532774   0.0001030909
 7945   0.0001715029   0.0002997961  -0.0000175775  -0.0000188523  -0.0000210400
 7946   0.0000099775  -0.0000814701   0.0000355784   0.0000327074  -0.0000586117
 7947  -0.0000766908   0.0000205937  -0.0000155905  -0.0000025031
 80 1  -0.0000867313   0.0001164075  -0.0002566149   0.0002283552   0.0000317318
 80 2   0.0001717793  -0.0023059193  -0.0003167277   0.0022981042   0.0022459855
 80 3  -0.0002196950   0.0025472452  -0.0003655529  -0.0000169923   0.0000843847
 80 4  -0.0002708064   0.0002818758   0.0001626387   0.0001893122  -0.0003930243
 80 5  -0.0000195925   0.0001490732  -0.0021373426  -0.0042363375  -0.0002400022
 80 6  -0.0001842240  -0.0000192868   0.0001095732   0.0005013854  -0.0001034016
 80 7  -0.0002161990  -0.0003431506  -0.0001343499  -0.0000466348  -0.0001243496
 80 8  -0.0005607283   0.0001067960  -0.0001243713  -0.0002885775   0.0002376094
 80 9  -0.0000226673   0.0002413874  -0.0000338785  -0.0000096657   0.0002882696
 8010   0.0005281484   0.0000478046  -0.0006010015   0.0003177797   0.0001214717
 8011  -0.0000787131  -0.0001773464   0.0000161709   0.0000859047   0.0001056009
 8012   0.0000139782   0.0000817385   0.0001303117  -0.0001212393   0.0002248911
 8013  -0.0002287866   0.0000163063   0.0000951601   0.0001215721  -0.0001022888
 8014   0.0000598999  -0.0001263451  -0.0001955718  -0.0001716818   0.0000512083
 8015  -0.0001809931  -0.0002599372  -0.0001165057  -0.0000960136   0.0002641165
 8016   0.0011979925  -0.0006565346   0.0000399858  -0.0000880478   0.0268657233
 8017  -0.0024452653  -0.0013463185   0.0000287498  -0.0003014435   0.0001362240
 8018  -0.0000381253   0.0000648971   0.0071788234  -0.0115251842   0.0014655016
 8019  -0.0073849428  -0.0112283865   0.0012463447  -0.0000034391  -0.0001557702
 8020   0.0000916088  -0.0001602110   0.0001186433   0.0000378730   0.0001036541
 8021  -0.0004258291   0.0000062669   0.0000106068  -0.0001349351  -0.0000936097
 8022  -0.0000980876   0.0001679034  -0.0001241733  -0.0001096804   0.0000995207
 8023   0.0000955432  -0.0001267765   0.0001450502   0.0001315868   0.0004804322
 8024   0.0001809535  -0.0000009479  -0.0001348754   0.0003079908  -0.0001810406
 8025   0.0002065095   0.0003003382   0.0002343462  -0.0001904760  -0.0004243613
 8026  -0.0001512576   0.0001597007   0.0004615915  -0.0004231243  -0.0001344117
 8027  -0.0005555931  -0.0000421694   0.0002684945   0.0000175517  -0.0000212742
 8028  -0.0000658724   0.0003411666   0.0005965924  -0.0006579696  -0.0001797808
 8029   0.0001657408   0.0005926700  -0.0000807616   0.0000646187  -0.0003879964
 8030   0.0002680655  -0.0002633178   0.0009125952   0.0005187637  -0.0001805381
 8031  -0.0006866143  -0.0002616028   0.0001533253   0.0002859714  -0.0001751135
 8032  -0.0000671132  -0.0001379032  -0.0002123741  -0.0000665170   0.0003786444
 8033   0.0002093392  -0.0003120021  -0.0001665859  -0.0000163970   0.0001744619
 8034   0.0000849757  -0.0000501415  -0.0000269399  -0.0000055829  -0.0000027026
 8035   0.0000818051  -0.0003351458   0.0000342595  -0.0000362656   0.0002731338
 8036   0.0002791641   0.0003099323  -0.0001808676  -0.0007000116  -0.0003125585
 8037   0.0000113611  -0.0001475169  -0.0002846918   0.0000273700  -0.0000312294
 8038  -0.0000476608  -0.0000102380   0.0000045824  -0.0000018324   0.0000021232
 8039   0.0000123738  -0.0000054830  -0.0000375990   0.0000160107   0.0000438531
 8040  -0.0000874381   0.0000341343   0.0004654051   0.0000342411   0.0000142168
 8041   0.0000005600  -0.0000012438   0.0000395707   0.0000611945  -0.0000096491
 8042   0.0000159340   0.0000495376  -0.0000097443   0.0000043120   0.0000318733
 8043   0.0000079725   0.0000095260   0.0000239037  -0.0000209232  -0.0000045096
 8044   0.0000072209  -0.0000207312  -0.0000002597   0.0000028308  -0.0000388801
 8045   0.0000125435  -0.0000094126  -0.0000036209  -0.0000034126  -0.0000330706
 8046  -0.0000264824  -0.0000263493  -0.0000010350  -0.0000110943  -0.0000255158
 8047  -0.0000779716   0.0000193355  -0.0000043961  -0.0000113913
 81 1   0.0000612460  -0.0001837057  -0.0000017744   0.0001367888  -0.0000970234
 81 2  -0.0001180337   0.0080334561   0.0049594379  -0.0120751050  -0.0084964727
 81 3   0.0056310383  -0.0127881132  -0.0000996046  -0.0001059971  -0.0004023609
 81 4   0.0002477969  -0.0000288571  -0.0000355909   0.0003791702  -0.0002848189
 81 5  -0.0004821570   0.0003504200  -0.0049463938  -0.0045125774  -0.0005846365
 81 6  -0.0004900576   0.0001465888  -0.0003604573  -0.0000328373  -0.0002667550
 81 7   0.0000406151   0.0005665153  -0.0001145944  -0.0000947781  -0.0000646287
 81 8  -0.0006466026  -0.0001674321  -0.0000668854  -0.0003641803  -0.0001997266
 81 9   0.0000644742   0.0000519195   0.0000590448   0.0001835298  -0.0000439302
 8110  -0.0004220557  -0.0006596325  -0.0004897339   0.0001260115   0.0000627403
 8111  -0.0001316207   0.0001876599   0.0001362691   0.0001096068  -0.0000463555
 8112   0.0000612841  -0.0000075945   0.0003715736   0.0000460932  -0.0001780219
 8113   0.0001577819   0.0002516521  -0.0002310957   0.0001515935  -0.0000352888
 8114  -0.0000870010  -0.0000221516  -0.0001263943   0.0000499022  -0.0003151162
 8115  -0.0003975667   0.0001493075  -0.0000906649   0.0000821777   0.0000882776
 8116   0.0013810145  -0.0001763502   0.0001928787   0.0005837866  -0.0024452653
 8117   0.0288473258  -0.0012244927  -0.0005240401   0.0003721644  -0.0001122815
 8118  -0.0000105905   0.0001757332   0.0003155627  -0.0009891319   0.0008090250
 8119  -0.0002242966  -0.0008997525   0.0005495516  -0.0000955716   0.0000164382
 8120  -0.0001061820  -0.0003233004   0.0001005086   0.0004607424  -0.0001558363
 8121   0.0000973225   0.0004130975   0.0000718599  -0.0001026465  -0.0000518449
 8122   0.0000636519   0.0003498020   0.0000414837   0.0000965752   0.0000814664
 8123   0.0002485665  -0.0000471916   0.0001812859   0.0001441728  -0.0000122915
 8124   0.0000594435   0.0001009282   0.0001583085  -0.0001463047  -0.0000808703
 8125  -0.0001468897  -0.0001948438   0.0000106453   0.0003797157  -0.0003119082
 8126  -0.0002046965   0.0000822534   0.0003316488  -0.0001894408   0.0000231782
 8127   0.0008306888   0.0000365903  -0.0004771322   0.0000982765   0.0001392248
 8128   0.0003927530   0.0001791324  -0.0000253842  -0.0003227724   0.0000121305
 8129   0.0000920287  -0.0001005042   0.0000707689   0.0004301205   0.0004346201
 8130  -0.0006212585  -0.0002467544  -0.0001117733  -0.0001317042  -0.0006961945
 8131   0.0004664202   0.0003879804   0.0002757842  -0.0000086588   0.0000366373
 8132   0.0003958394  -0.0002873066  -0.0001214253   0.0000047800  -0.0000934076
 8133   0.0002905500   0.0002677630  -0.0003800534  -0.0002884978  -0.0005275209
 8134   0.0001741811  -0.0002665461  -0.0000483615  -0.0000670635   0.0003810031
 8135  -0.0001099094   0.0001177973   0.0000470089   0.0000264635  -0.0001407280
 8136  -0.0001205002   0.0004460124   0.0001607527  -0.0005436294  -0.0004549837
 8137   0.0000362159   0.0000554636   0.0000750849  -0.0000011465   0.0000236555
 8138   0.0000275452   0.0000084722   0.0000021637   0.0000046449   0.0000164680
 8139  -0.0000058038  -0.0000189504  -0.0000172292  -0.0000304339   0.0000783760
 8140  -0.0001514309  -0.0001802236   0.0001738004  -0.0000052704  -0.0000314262
 8141   0.0000029844  -0.0000031384   0.0000249958  -0.0001386459  -0.0000019626
 8142  -0.0000107834   0.0000287120  -0.0000217316  -0.0000039768  -0.0000587312
 8143  -0.0000018399  -0.0000201555  -0.0000299993   0.0000006099   0.0000264860
 8144   0.0000463349  -0.0000068542  -0.0000138188  -0.0000253662   0.0000562027
 8145   0.0000923233   0.0001969413  -0.0000064832  -0.0000089342   0.0000035594
 8146   0.0000302934  -0.0000330996   0.0000623577   0.0000770102  -0.0000697507
 8147   0.0002110311   0.0000172289   0.0000004963   0.0000027820
 82 1  -0.0002327999  -0.0000354977  -0.0000107639  -0.0002050714   0.0001583561
 82 2  -0.0001828744   0.0001450114  -0.0000269336  -0.0000215227  -0.0025627494
 82 3  -0.0025547953   0.0070256098  -0.0070848045   0.0043299732  -0.0120805449
 82 4   0.0002001115  -0.0001774423  -0.0000132848  -0.0001534341  -0.0000673561
 82 5  -0.0000964249  -0.0004203912   0.0001368448   0.0007373862   0.0011787869
 82 6  -0.0001920209   0.0005188540  -0.0003937258  -0.0001996981  -0.0001379557
 82 7   0.0001020487  -0.0000784384  -0.0001984262   0.0000704372   0.0002022522
 82 8  -0.0002635936   0.0001495611   0.0000146858   0.0001034814  -0.0002595797
 82 9  -0.0000478316   0.0000309194  -0.0000576951  -0.0000738892   0.0000444658
 8210   0.0002103187  -0.0004243169  -0.0003826769  -0.0000112639  -0.0000700702
 8211  -0.0000790732   0.0000764947  -0.0000331608   0.0001275073   0.0000103815
 8212   0.0000566171  -0.0000757731   0.0001306345   0.0001692922   0.0000776125
 8213   0.0003835049   0.0001359567  -0.0000925749   0.0000829743   0.0001307631
 8214   0.0000520989  -0.0000342316   0.0000264156   0.0001080712   0.0000468766
 8215  -0.0001695901   0.0000470852   0.0000177424  -0.0000403795   0.0000767315
 8216  -0.0004960365  -0.0000636698   0.0001767210  -0.0148597907  -0.0013463185
 8217  -0.0012244927   0.0313476513  -0.0026357624   0.0058540106   0.0000620158
 8218  -0.0000108271  -0.0000091732  -0.0007668644   0.0004414517   0.0002174829
 8219  -0.0028972533   0.0074512813  -0.0004579050  -0.0036695097  -0.0049907644
 8220   0.0006487761  -0.0002119275  -0.0001078803   0.0001318045   0.0000328980
 8221   0.0003322865   0.0003124066   0.0002633914  -0.0007480286  -0.0002613806
 8222  -0.0004034677  -0.0000439238  -0.0000672034   0.0001817525   0.0002075023
 8223  -0.0000956276  -0.0002381537   0.0002775247  -0.0000058161   0.0003346254
 8224   0.0001810510   0.0000019578  -0.0001301083   0.0001271837  -0.0001019578
 8225   0.0001250785   0.0001252261  -0.0000139172  -0.0004799020   0.0000652322
 8226  -0.0001334481   0.0000519181  -0.0000225266  -0.0001621982   0.0005942181
 8227  -0.0000022124   0.0002105286  -0.0005303250  -0.0000875754   0.0001648824
 8228   0.0001588145  -0.0001653819   0.0000800604  -0.0003923268   0.0001721357
 8229   0.0000415364   0.0002054008   0.0000493465   0.0000181581  -0.0000861626
 8230   0.0001760301  -0.0000879871   0.0002475672  -0.0001609618  -0.0004634685
 8231   0.0000376660   0.0002289082   0.0001144061  -0.0000499172  -0.0001360851
 8232  -0.0000009342   0.0000306196   0.0000137519  -0.0002178172   0.0000259341
 8233   0.0000656507  -0.0001369824  -0.0000061191  -0.0001196725  -0.0001165341
 8234  -0.0000262411   0.0000027875   0.0000220984  -0.0000475962   0.0001870839
 8235  -0.0000933437  -0.0003115322  -0.0000373082   0.0001411857   0.0003263385
 8236  -0.0000404937   0.0007487809   0.0001671964  -0.0003989982  -0.0008608485
 8237  -0.0000511893  -0.0000937283  -0.0000529254  -0.0000126692  -0.0000308631
 8238  -0.0000210235  -0.0000145260  -0.0000003363   0.0000182824  -0.0000020151
 8239   0.0000210529   0.0000012191   0.0000013101   0.0000419965   0.0000107368
 8240  -0.0000460205   0.0000223825   0.0001140029   0.0000210694  -0.0000042749
 8241   0.0000078963   0.0000125220  -0.0000096379  -0.0000011552  -0.0000008834
 8242  -0.0000027515   0.0000229202   0.0000165827  -0.0000121088   0.0000000511
 8243   0.0000067157  -0.0000327852   0.0000333046   0.0000041717  -0.0000266648
 8244  -0.0000020707   0.0000034937  -0.0000010782  -0.0000007527   0.0000317525
 8245  -0.0000057467   0.0000218590   0.0000039257   0.0000003487  -0.0000004934
 8246   0.0000020842   0.0000048949   0.0000204083   0.0000246495  -0.0000332977
 8247   0.0001418894   0.0000200363   0.0000068183  -0.0000022446
 83 1   0.0001168879  -0.0000212237   0.0001315746  -0.0000443675  -0.0002431528
 83 2   0.0000655679  -0.0003475380   0.0003021995   0.0002441771  -0.0011342481
 83 3   0.0000835015   0.0016654152   0.0033330363  -0.0004426712   0.0040400403
 83 4  -0.0000244094  -0.0000412011   0.0000062569   0.0000798010   0.0001047193
 83 5   0.0000563745   0.0002911631  -0.0003221478  -0.0002953472  -0.0000266041
 83 6  -0.0022297215  -0.0040661662  -0.0003270597  -0.0002715953  -0.0000598990
 83 7   0.0000815491  -0.0001219501  -0.0000086030  -0.0000784782  -0.0000346097
 83 8  -0.0001043243  -0.0001697747   0.0002946314  -0.0001180329  -0.0002264227
 83 9  -0.0003299485  -0.0002234951   0.0001985915   0.0002705607   0.0001348319
 8310   0.0000545778   0.0003180839  -0.0000915179   0.0003979940   0.0000234250
 8311   0.0000564804  -0.0003059756  -0.0001441472   0.0001420194   0.0000330261
 8312   0.0000766792   0.0001045873   0.0000911752   0.0003516598  -0.0001322317
 8313  -0.0004163151  -0.0001558301  -0.0001599194   0.0002265051  -0.0001396299
 8314   0.0000098803   0.0001041217   0.0001347814   0.0006222822  -0.0004446279
 8315  -0.0008453618   0.0005519579   0.0000158856   0.0001209874  -0.0001525212
 8316  -0.0000568173   0.0001198451  -0.0000923582   0.0006919324   0.0000287498
 8317  -0.0005240401  -0.0026357624   0.0254995756  -0.0021889520  -0.0000322531
 8318  -0.0000212095  -0.0001149713  -0.0001993617  -0.0002139282   0.0002642339
 8319   0.0074990387  -0.0111088536   0.0010905686  -0.0072696469  -0.0096945132
 8320   0.0009204456  -0.0001249099   0.0000340461  -0.0002723953   0.0000166924
 8321   0.0002125884   0.0001033601   0.0003309663  -0.0008802279  -0.0005626554
 8322  -0.0002524804   0.0001510537  -0.0004892224  -0.0000762855  -0.0000889430
 8323   0.0001924395   0.0000920676  -0.0001373708   0.0001999054   0.0004433335
 8324  -0.0000702108  -0.0003963058   0.0002146418  -0.0003106480  -0.0009173021
 8325   0.0000909699   0.0000041434   0.0000145441  -0.0004325834  -0.0000284591
 8326  -0.0002407614   0.0000909058   0.0000778808  -0.0002355193   0.0005190063
 8327   0.0001073638   0.0001614868  -0.0005816714  -0.0000574547   0.0001149124
 8328   0.0002958868  -0.0001478121   0.0000632191  -0.0002623833   0.0001698538
 8329   0.0000141869   0.0001102754   0.0000508257  -0.0000017564  -0.0000309023
 8330   0.0001294546  -0.0000156940   0.0000786778  -0.0003136135  -0.0004246365
 8331   0.0002288954   0.0003977054   0.0002133895  -0.0000839647   0.0001352595
 8332   0.0001172220  -0.0000455526   0.0000203256   0.0000137193  -0.0000402639
 8333   0.0000325271  -0.0000474375   0.0001217246  -0.0001244639  -0.0002172374
 8334  -0.0000722209  -0.0000265128   0.0000232471  -0.0001135682   0.0002251139
 8335  -0.0001075292  -0.0000928006  -0.0001009780  -0.0000921566  -0.0000133119
 8336  -0.0002848675   0.0007593069   0.0001068556  -0.0003684476  -0.0004635635
 8337  -0.0000413477  -0.0000492073   0.0000515323  -0.0000184217  -0.0000278151
 8338   0.0000214474  -0.0000140525   0.0000035720   0.0000041157  -0.0000083819
 8339   0.0000137537  -0.0000001555   0.0000176581   0.0000394439   0.0000540138
 8340  -0.0000726396  -0.0000118070   0.0002227893   0.0000002021  -0.0000003256
 8341   0.0000098856   0.0000025112   0.0000011555  -0.0000174026  -0.0000132598
 8342  -0.0000100149   0.0000187208  -0.0000206665  -0.0000158743   0.0000083684
 8343   0.0000208917  -0.0000044784   0.0000216546   0.0000177587  -0.0000391064
 8344   0.0000268127   0.0000050523  -0.0000089037  -0.0000130451   0.0000384848
 8345   0.0000146533   0.0000704539  -0.0000007991   0.0000132109  -0.0000150047
 8346  -0.0000070990  -0.0000009778   0.0000620124   0.0000725674  -0.0000661522
 8347   0.0002057043   0.0000279185  -0.0000069629  -0.0000129841
 84 1  -0.0001199623  -0.0000921120  -0.0000939539   0.0000290040   0.0001418882
 84 2   0.0000776936   0.0000916599   0.0000634231  -0.0001597387   0.0070504958
 84 3   0.0041693155  -0.0098599243  -0.0143461671   0.0084673813  -0.0206676663
 84 4   0.0001650920  -0.0001319207  -0.0000879217  -0.0002260380  -0.0000750653
 84 5  -0.0000659884   0.0002524111  -0.0002274749   0.0002523813  -0.0002332218
 84 6  -0.0062221372  -0.0059724075  -0.0003200326  -0.0007070616   0.0003746679
 84 7  -0.0001164428   0.0004009906   0.0000730731   0.0000898461  -0.0000839072
 84 8   0.0001871643  -0.0004735111   0.0000941656  -0.0009032404   0.0004282109
 84 9   0.0002862820  -0.0005212566  -0.0000162361  -0.0003548669  -0.0004852957
 8410  -0.0004860541  -0.0006632416  -0.0000976621  -0.0001462744  -0.0001531405
 8411  -0.0002015549   0.0001844987   0.0001501417   0.0001853650  -0.0000834183
 8412   0.0001180265  -0.0003304094   0.0005208307   0.0002573894  -0.0001589187
 8413   0.0006808037   0.0002208988  -0.0000898331  -0.0000584776   0.0002156338
 8414   0.0004116400   0.0000574682   0.0003677493  -0.0001296068  -0.0000380061
 8415   0.0005029054   0.0006104227  -0.0000908919   0.0001410930   0.0001439716
 8416   0.0001183613   0.0000624125   0.0001541536   0.0017303584  -0.0003014435
 8417   0.0003721644   0.0058540106  -0.0021889520   0.0349309376  -0.0000084130
 8418  -0.0002788842   0.0002589272  -0.0000190255   0.0000803524  -0.0000165821
 8419   0.0012386002  -0.0012617978   0.0003773685  -0.0011061403  -0.0022182219
 8420   0.0002203814   0.0002037134   0.0001697865   0.0005243524   0.0003295756
 8421  -0.0001970146  -0.0000529965  -0.0004398412  -0.0000821261   0.0002052508
 8422  -0.0000531708  -0.0001535191   0.0001961264   0.0003225391   0.0000227749
 8423  -0.0002516055  -0.0003730623   0.0000602644  -0.0002368468  -0.0002922838
 8424  -0.0000178018   0.0001886330  -0.0005196514  -0.0008571286   0.0009165097
 8425  -0.0001104936  -0.0000462569  -0.0000620248   0.0004284818   0.0001706585
 8426   0.0003024544  -0.0001083217  -0.0002007279   0.0003520787  -0.0005559239
 8427  -0.0001873907  -0.0001430986   0.0005813554   0.0001406984  -0.0001547503
 8428  -0.0003078993   0.0001312089  -0.0002294323   0.0002640359  -0.0002171905
 8429  -0.0000768729  -0.0000799242  -0.0000429201  -0.0000242463   0.0000322869
 8430  -0.0000936550   0.0000414150  -0.0001270076   0.0002302050   0.0004075013
 8431  -0.0000494254  -0.0002319558  -0.0000566585  -0.0000047782  -0.0000780221
 8432  -0.0000139468   0.0000289648  -0.0000019446  -0.0000089540  -0.0000701428
 8433  -0.0000808942   0.0000043077   0.0000236387   0.0001526933   0.0002106854
 8434  -0.0000033228   0.0000254168  -0.0000132749   0.0001843964  -0.0003475651
 8435   0.0000236066   0.0001057953   0.0001610468  -0.0000023934  -0.0000773554
 8436   0.0001064445  -0.0004953579   0.0000099171   0.0004267789   0.0004977349
 8437   0.0000569005   0.0000400764  -0.0000182996   0.0000280968   0.0000281510
 8438  -0.0000223698   0.0000183324  -0.0000022541  -0.0000035047   0.0000133178
 8439  -0.0000101830  -0.0000129739  -0.0000168957  -0.0000403887  -0.0000563880
 8440   0.0000614893   0.0000062154  -0.0003549459   0.0000006312  -0.0000008458
 8441   0.0000117119   0.0000145070  -0.0000123895   0.0000262643   0.0000193103
 8442   0.0000097416  -0.0000163365   0.0000287509   0.0000642185  -0.0000895899
 8443  -0.0000354588  -0.0000248456  -0.0000357703   0.0000079987   0.0000298588
 8444  -0.0000373520   0.0000228968   0.0000145048   0.0000124264   0.0000289649
 8445  -0.0000358584  -0.0000045455   0.0000048334  -0.0000010317   0.0000579145
 8446  -0.0000127396   0.0000649138  -0.0001241370  -0.0001485136   0.0001342871
 8447  -0.0002071881  -0.0000378569  -0.0000058555   0.0000385356
 85 1   0.0001102340  -0.0001414490   0.0009333608  -0.0002123266  -0.0002139376
 85 2   0.0004944894   0.0001182890   0.0002898080  -0.0004813085  -0.0000750189
 85 3  -0.0000521877   0.0002097857   0.0000174044  -0.0000334110   0.0001072653
 85 4  -0.0031704270  -0.0016072145   0.0056699942  -0.0000989161   0.0005440075
 85 5  -0.0019526708  -0.0006315969  -0.0001026896  -0.0000947224   0.0000600979
 85 6  -0.0002718239   0.0000000917  -0.0002073048   0.0000317944  -0.0000721349
 85 7   0.0007734786  -0.0008598810  -0.0016734619  -0.0004580950  -0.0005015476
 85 8  -0.0001797130   0.0003379686   0.0003628733   0.0001205843   0.0001434612
 85 9   0.0002060390   0.0000846495  -0.0001629679  -0.0001017799  -0.0000474464
 8510   0.0002407671   0.0001908648   0.0002978566   0.0000744508   0.0001787990
 8511   0.0002025140  -0.0002060495  -0.0000789122   0.0001559679  -0.0000396275
 8512  -0.0000278908  -0.0000312720  -0.0004409032   0.0000979750  -0.0000054482
 8513  -0.0002267401   0.0000208599  -0.0000850415   0.0002921381   0.0001255743
 8514   0.0006087582  -0.0001908663   0.0002319706   0.0004248736  -0.0001253718
 8515   0.0001221372   0.0002204876  -0.0040815431  -0.0047561532  -0.0013403852
 8516  -0.0030154108   0.0073754990   0.0006661154  -0.0004700146   0.0001362240
 8517  -0.0001122815   0.0000620158  -0.0000322531  -0.0000084130   0.0304453288
 8518   0.0063749192  -0.0035444639  -0.0153541211   0.0000960502   0.0010813720
 8519  -0.0000623165  -0.0000318868  -0.0002662620   0.0000342902   0.0000485658
 8520  -0.0001340763  -0.0034354461  -0.0067538095  -0.0001274353  -0.0003956457
 8521  -0.0000009998  -0.0002394372  -0.0000784016   0.0003926786  -0.0000910993
 8522   0.0004028717   0.0001544388  -0.0002590746  -0.0001182546  -0.0003493895
 8523  -0.0000266762   0.0002441754  -0.0003788053  -0.0002982111  -0.0000181903
 8524  -0.0003239326  -0.0003074072   0.0000345798  -0.0003556272  -0.0005410500
 8525  -0.0000648476  -0.0000849137  -0.0000459816   0.0001189666  -0.0000256415
 8526  -0.0001132557  -0.0000495518   0.0000442754  -0.0000201025   0.0001032067
 8527  -0.0000350067   0.0001127673   0.0001084381  -0.0001023274   0.0001198578
 8528  -0.0000960524   0.0001402995   0.0001731789   0.0003565059   0.0000679313
 8529   0.0000359362  -0.0004716655  -0.0001857413  -0.0000811740   0.0001977886
 8530   0.0000841846   0.0003453068  -0.0005847119   0.0000173891  -0.0003116579
 8531   0.0004803402   0.0002253899  -0.0000072654  -0.0000448713  -0.0000274712
 8532   0.0001193444  -0.0000194852   0.0000367419   0.0000134783   0.0000253555
 8533   0.0000055249   0.0001332511  -0.0001864383  -0.0001918096  -0.0001390607
 8534   0.0000117684  -0.0000544681   0.0000291985  -0.0000849800   0.0002454303
 8535  -0.0000433652   0.0000152586  -0.0000024993   0.0000252135  -0.0001038875
 8536   0.0001251805   0.0001903682   0.0000928781  -0.0001821029  -0.0001720033
 8537  -0.0000248302   0.0000181255   0.0001015834  -0.0000195686  -0.0000125998
 8538  -0.0000027523  -0.0000039126  -0.0000063168   0.0000012333  -0.0000033509
 8539  -0.0000042925   0.0000238177  -0.0000081534   0.0000190962   0.0000004694
 8540   0.0000065275  -0.0000276376   0.0000168799  -0.0000063482  -0.0000236264
 8541  -0.0000159475   0.0000087079  -0.0000107411   0.0000181279   0.0000193165
 8542  -0.0000069563  -0.0000418769   0.0000061230  -0.0000043287  -0.0000085988
 8543  -0.0000078410  -0.0000095612  -0.0000055941   0.0000050460   0.0000193303
 8544   0.0000193268  -0.0000063196  -0.0000079434  -0.0000089227   0.0000302012
 8545   0.0000476910   0.0000227902  -0.0000116012   0.0000045914  -0.0000105242
 8546   0.0000282480  -0.0000311011   0.0000464842   0.0000805769  -0.0000576982
 8547   0.0001387524  -0.0000128321  -0.0000118943  -0.0000179569
 86 1  -0.0003478766  -0.0003934142   0.0005744744  -0.0000354809  -0.0009098884
 86 2   0.0010911729   0.0001243248  -0.0001115316   0.0001253628   0.0001615315
 86 3  -0.0000789192   0.0001444781  -0.0000845150   0.0000730483   0.0000427269
 86 4  -0.0023911140  -0.0000282993   0.0042546650   0.0006154726   0.0003742310
 86 5   0.0005136459   0.0002369650   0.0001622067   0.0000300826   0.0001109984
 86 6  -0.0000521836  -0.0000220071  -0.0000737539   0.0000046286   0.0000407150
 86 7   0.0005072500  -0.0051382384  -0.0081416464  -0.0003097214   0.0000577845
 86 8  -0.0005844636  -0.0001326500   0.0000554176  -0.0000641133  -0.0001575852
 86 9  -0.0001087400  -0.0000007547  -0.0000472980  -0.0001070806   0.0000133052
 8610  -0.0000860504  -0.0001458896  -0.0001786969   0.0001828310   0.0000925765
 8611   0.0001179559   0.0000668036   0.0002457453   0.0002014107  -0.0000754082
 8612   0.0000451171  -0.0000947873  -0.0000199795   0.0003287478  -0.0004431785
 8613  -0.0001584975  -0.0002651958  -0.0000266124   0.0002505708   0.0001430197
 8614   0.0004600680  -0.0001884629   0.0000009216   0.0002342854  -0.0000615954
 8615  -0.0001165134   0.0000749611  -0.0072203544  -0.0103701987  -0.0012965000
 8616   0.0073691572  -0.0111303913  -0.0007392018   0.0004390061  -0.0000381253
 8617  -0.0000105905  -0.0000108271  -0.0000212095  -0.0002788842   0.0063749192
 8618   0.0387149548   0.0026434650   0.0003120914   0.0010957795   0.0002012604
 8619   0.0002463735  -0.0001826429   0.0000045518  -0.0000158198   0.0001958274
 8620  -0.0001015532  -0.0053739990  -0.0117063100   0.0009512546  -0.0004178550
 8621   0.0001781979   0.0000410925   0.0001114377   0.0000686748  -0.0000287991
 8622   0.0000166179  -0.0001195369  -0.0001435650  -0.0002029615  -0.0003030077
 8623   0.0000937550   0.0001385791  -0.0002010385  -0.0001578909  -0.0000993205
 8624   0.0000130390  -0.0001194169   0.0003075482  -0.0001838859   0.0000532135
 8625  -0.0000531339  -0.0000591178  -0.0000736044   0.0005140361  -0.0000999520
 8626   0.0003851980  -0.0000644492  -0.0000119768   0.0000493507  -0.0004919842
 8627   0.0002203556  -0.0002604796   0.0005347493  -0.0000427216  -0.0001307194
 8628  -0.0000622140   0.0003355634   0.0005562993   0.0005467562   0.0001081443
 8629   0.0002585788  -0.0004619308  -0.0004094698  -0.0001296940   0.0001904284
 8630  -0.0001851719  -0.0000019351  -0.0004624561   0.0004442390  -0.0002934033
 8631   0.0002381666   0.0000962639   0.0002193137   0.0001051758  -0.0000675236
 8632   0.0001689799  -0.0002076470  -0.0003043809  -0.0000567158   0.0003851047
 8633   0.0002719691  -0.0000874137  -0.0006877745  -0.0003096979   0.0002512643
 8634   0.0001357739  -0.0001533558   0.0000060591   0.0000465692   0.0001122907
 8635   0.0000086788  -0.0002824043   0.0000343488  -0.0000041620  -0.0000624539
 8636   0.0004011659   0.0004009510   0.0000875857  -0.0005200471  -0.0004441590
 8637  -0.0000026465   0.0000944127   0.0000217477  -0.0000094013   0.0000135271
 8638  -0.0000164484   0.0000107501  -0.0000200601  -0.0000135352   0.0000159790
 8639  -0.0000154140   0.0000104558  -0.0000117221  -0.0000351756  -0.0000470759
 8640   0.0000186709  -0.0000582819  -0.0001537219  -0.0000120834  -0.0000266662
 8641  -0.0000247068  -0.0000059256  -0.0000142959   0.0000654982   0.0000055265
 8642  -0.0000217068   0.0000010534   0.0000248992   0.0000073353  -0.0000065402
 8643  -0.0000262872   0.0000016773  -0.0000117566  -0.0000088382   0.0000869281
 8644   0.0000136289  -0.0000094433  -0.0000117835  -0.0000133739  -0.0000234980
 8645   0.0001203182   0.0000071651  -0.0000224702  -0.0000012565   0.0000065857
 8646   0.0000480118  -0.0000336414  -0.0000206247   0.0000252037  -0.0000573064
 8647  -0.0000603003  -0.0000259752  -0.0000272131  -0.0000556788
 87 1   0.0001037991   0.0000592742  -0.0003083185   0.0000253415   0.0002980948
 87 2  -0.0001751322   0.0000909976  -0.0000137881  -0.0002730600  -0.0002635376
 87 3   0.0000454465   0.0000389805   0.0001574769  -0.0000839920  -0.0000503990
 87 4   0.0083334847   0.0041200037  -0.0127381453  -0.0021368418   0.0014734630
 87 5  -0.0026938530   0.0000090886  -0.0002243052  -0.0003577676   0.0000451110
 87 6  -0.0000553690   0.0000540744  -0.0001227299   0.0000397512  -0.0002264666
 87 7   0.0000075739  -0.0095387881  -0.0096785860  -0.0005239543  -0.0002401356
 87 8   0.0000657556  -0.0001211379   0.0003018108  -0.0001786240  -0.0000442161
 87 9   0.0000516145  -0.0001069042  -0.0000995222  -0.0000187311  -0.0001462766
 8710   0.0000499808  -0.0000126452  -0.0001459254  -0.0000982593  -0.0002536331
 8711  -0.0002638740   0.0000878471  -0.0002160243   0.0000004527  -0.0000260480
 8712   0.0000401784  -0.0000069125  -0.0001875544   0.0000664514   0.0001214413
 8713  -0.0000684817   0.0002163665  -0.0001740009  -0.0000715587  -0.0001411285
 8714  -0.0002086266   0.0001816275   0.0001692119   0.0000772988   0.0000244494
 8715   0.0000803535   0.0000070851   0.0002992697   0.0015139660   0.0001123038
 8716  -0.0004051547   0.0010012941   0.0007625851   0.0000136522   0.0000648971
 8717   0.0001757332  -0.0000091732  -0.0001149713   0.0002589272  -0.0035444639
 8718   0.0026434650   0.0244455743  -0.0013264897   0.0000453783   0.0004423341
 8719  -0.0001313388  -0.0000232855   0.0001798172   0.0003245513   0.0001858698
 8720   0.0000069538  -0.0009540058  -0.0014594354   0.0001693254   0.0000645366
 8721   0.0000418031   0.0004801974   0.0002126541  -0.0000386104  -0.0000749826
 8722   0.0000129958  -0.0002712724   0.0000014634   0.0000419070   0.0000968265
 8723   0.0001746431  -0.0001292363   0.0000660847  -0.0001362689   0.0001425200
 8724  -0.0000939414   0.0000651872  -0.0000814412   0.0001007663   0.0000190221
 8725  -0.0002318963  -0.0003146498  -0.0000689505   0.0003583127   0.0001240066
 8726   0.0001248736   0.0000182517  -0.0002785170   0.0000639003  -0.0003148989
 8727   0.0002349786  -0.0001006811  -0.0000180090   0.0000247570  -0.0000708681
 8728   0.0000853748   0.0000836579  -0.0000736634   0.0006581732   0.0001077137
 8729  -0.0000542216  -0.0007073802  -0.0002042941  -0.0001123209   0.0002892335
 8730  -0.0000961018   0.0003135808  -0.0006910964   0.0000042692  -0.0002444392
 8731   0.0006090723   0.0002364703   0.0001100101  -0.0002285519   0.0000329690
 8732   0.0001105400   0.0000520062   0.0000937992  -0.0000473647  -0.0000476620
 8733  -0.0001167129   0.0000835195  -0.0000444314  -0.0001291361  -0.0001425070
 8734  -0.0000257550   0.0000413679   0.0000303979  -0.0000896094   0.0002359331
 8735  -0.0000887303  -0.0000012272  -0.0000488715   0.0000288490  -0.0000737028
 8736  -0.0000200842   0.0002751344   0.0001781375  -0.0002043465  -0.0000900330
 8737   0.0000850902   0.0002472779   0.0001038264   0.0000243782   0.0000853000
 8738   0.0001204519   0.0000089598   0.0000107203  -0.0000062777   0.0000210413
 8739  -0.0000040900  -0.0000308769   0.0000367058   0.0000028195  -0.0000113367
 8740  -0.0000032559  -0.0000600743  -0.0001260890   0.0000106454   0.0000276329
 8741   0.0000493156   0.0000194670  -0.0000257901   0.0000376688   0.0000272937
 8742   0.0000621040  -0.0000817143   0.0000057331  -0.0000067210  -0.0000030451
 8743  -0.0000013420  -0.0000058524   0.0000116751   0.0000065355  -0.0000127395
 8744  -0.0000124770  -0.0000019477   0.0000014248  -0.0000009430  -0.0000317038
 8745   0.0000009238  -0.0000193862  -0.0000027324   0.0000067461  -0.0000097380
 8746   0.0000388561  -0.0000065675   0.0000507822   0.0000951283  -0.0000489289
 8747   0.0001774524   0.0000030868  -0.0000037087  -0.0000113462
 88 1   0.0001503032   0.0001976614   0.0001049924  -0.0000610845  -0.0004615739
 88 2   0.0001204355   0.0002033469  -0.0002738255   0.0000533927  -0.0003923130
 88 3   0.0002464741  -0.0003065466  -0.0001267780   0.0000867710  -0.0004535356
 88 4  -0.0005972507   0.0001654660   0.0007275759  -0.0002275038  -0.0005706597
 88 5   0.0021176922  -0.0018956381   0.0019297712  -0.0056688653  -0.0005402272
 88 6   0.0000383161  -0.0000185717   0.0002029405   0.0005333244  -0.0001596664
 88 7  -0.0005817055   0.0007266923   0.0008344296   0.0009019176  -0.0003704399
 88 8  -0.0003250623  -0.0003146619  -0.0001134617  -0.0003393846   0.0002075071
 88 9   0.0000849971   0.0002660671   0.0001688835  -0.0000753071   0.0002545317
 8810  -0.0005528730  -0.0000542810   0.0000002108   0.0000435061  -0.0001828241
 8811   0.0000146898   0.0000484513  -0.0001477642   0.0001718100   0.0001158682
 8812  -0.0000153690   0.0000015309   0.0000699599  -0.0002896887   0.0002358142
 8813   0.0001297130  -0.0001620396  -0.0004568937   0.0001033044  -0.0001369623
 8814  -0.0004082687   0.0001251700   0.0000405547  -0.0003101163  -0.0000925975
 8815  -0.0000805817  -0.0001743610  -0.0002046876  -0.0003613352  -0.0000882684
 8816  -0.0030213407  -0.0071857205  -0.0004695593  -0.0032570956   0.0071788234
 8817   0.0003155627  -0.0007668644  -0.0001993617  -0.0000190255  -0.0153541211
 8818   0.0003120914  -0.0013264897   0.0489026461  -0.0007767324   0.0032061574
 8819  -0.0155946766  -0.0006318034   0.0017303243   0.0000105871   0.0002435963
 8820   0.0002477351  -0.0036641305   0.0071157538  -0.0003356191  -0.0037642317
 8821  -0.0067170051   0.0007437118  -0.0001846829  -0.0002962241  -0.0000715450
 8822  -0.0001507465   0.0001419682   0.0000615890  -0.0001994386   0.0001402562
 8823  -0.0000556486  -0.0001071138  -0.0002099809   0.0003361940   0.0005404794
 8824   0.0001317097   0.0001429205  -0.0001405970   0.0003153206  -0.0001383389
 8825   0.0003507257   0.0003507921   0.0001547119  -0.0006296031  -0.0000345488
 8826   0.0001315808   0.0001425286   0.0001507524  -0.0001900682   0.0000638160
 8827  -0.0004112405  -0.0000555149  -0.0000604297   0.0000033337   0.0000076443
 8828  -0.0002008948  -0.0002403213  -0.0000079410  -0.0001959438  -0.0000235513
 8829   0.0000030302   0.0004148022  -0.0000875570  -0.0001615188  -0.0003841048
 8830   0.0004147854  -0.0001888892   0.0002580499  -0.0000348887   0.0000003790
 8831  -0.0002170347  -0.0000687835   0.0000152765  -0.0001566737  -0.0000596946
 8832  -0.0001482193   0.0002329614   0.0001996496  -0.0001320487   0.0000810449
 8833  -0.0002597788  -0.0002250425   0.0003994672   0.0001079795   0.0000489583
 8834  -0.0001379135   0.0001587300   0.0000536384  -0.0000646116  -0.0000073864
 8835  -0.0000309370  -0.0002270498  -0.0000784704  -0.0000358131   0.0002840229
 8836  -0.0000972860   0.0003144981   0.0000873957  -0.0000143581  -0.0003354197
 8837  -0.0000629359  -0.0001507637  -0.0002654319   0.0000132564  -0.0000493804
 8838  -0.0000341529  -0.0000002949  -0.0000033636  -0.0000202904  -0.0000017392
 8839   0.0000062827  -0.0000210656  -0.0000181441  -0.0000051353   0.0000876913
 8840  -0.0001285240  -0.0000303860   0.0002220104  -0.0000122534  -0.0000059721
 8841   0.0000109897   0.0000331756  -0.0000009682   0.0000545169  -0.0000359508
 8842   0.0000080818   0.0000597650  -0.0000324383  -0.0000067886   0.0000606415
 8843   0.0000406583   0.0000244198   0.0000549465  -0.0000043447  -0.0000530081
 8844   0.0000028602   0.0000016799  -0.0000000394  -0.0000054029   0.0000123922
 8845  -0.0000500014  -0.0000772292   0.0000083184   0.0000043382  -0.0000201283
 8846  -0.0000210560   0.0000235091   0.0000315930   0.0000208278  -0.0000001387
 8847   0.0000703018   0.0000145935   0.0000045505   0.0000084791
 89 1   0.0000986011   0.0000957794   0.0001300280  -0.0002575147  -0.0001968171
 89 2   0.0003958054   0.0002664629  -0.0005823346   0.0009809410  -0.0000447730
 89 3  -0.0005119377   0.0003866533   0.0000380839   0.0001555882  -0.0001500317
 89 4  -0.0001447426   0.0000981060  -0.0000309911  -0.0004730201   0.0004704151
 89 5   0.0011472175   0.0016412340   0.0004004873   0.0030198251   0.0001677809
 89 6   0.0000765969   0.0000874750  -0.0003442634  -0.0003362297  -0.0003940612
 89 7   0.0001605434   0.0001741492  -0.0000354633  -0.0000251542  -0.0029788966
 89 8  -0.0061905078  -0.0003157467   0.0001620912  -0.0001608336  -0.0001275286
 89 9   0.0001781282  -0.0000073552   0.0001475575   0.0003968061  -0.0001836547
 8910   0.0000910339  -0.0002328374   0.0001147438  -0.0002693362  -0.0005215394
 8911   0.0000723556  -0.0000188173   0.0000737824   0.0002370915   0.0000074919
 8912  -0.0000804653   0.0000704928  -0.0003854778  -0.0001345000   0.0000971700
 8913  -0.0001954681  -0.0001192780  -0.0002296420   0.0004586250  -0.0000061051
 8914   0.0001682134  -0.0001995536   0.0001556998   0.0004451248   0.0000263571
 8915   0.0000991509   0.0001481154  -0.0002147998  -0.0001150707  -0.0001816489
 8916  -0.0067910269  -0.0114692015  -0.0014606225   0.0066284644  -0.0115251842
 8917  -0.0009891319   0.0004414517  -0.0002139282   0.0000803524   0.0000960502
 8918   0.0010957795   0.0000453783  -0.0007767324   0.0489566361   0.0013915838
 8919   0.0000956037   0.0005750518  -0.0000165005   0.0000044519   0.0001107330
 8920   0.0001178249   0.0077378865  -0.0115358911   0.0003140497  -0.0079250837
 8921  -0.0112932244   0.0012654714  -0.0001809399   0.0004013484  -0.0002063577
 8922   0.0005645555   0.0001196681  -0.0001301108  -0.0004695908  -0.0009300305
 8923  -0.0001317529   0.0008799337  -0.0001796571  -0.0003312288  -0.0007466064
 8924  -0.0003201783  -0.0002958546   0.0002343594  -0.0003610274  -0.0003300765
 8925  -0.0001001350  -0.0001962625   0.0000334614   0.0003770524  -0.0004737830
 8926  -0.0004176105   0.0000808905   0.0005313447  -0.0002410034   0.0000809059
 8927   0.0007584083   0.0001740112  -0.0002988988  -0.0000367304   0.0002772346
 8928   0.0002940388   0.0002624605  -0.0000556129   0.0000774453  -0.0000358411
 8929  -0.0000488042  -0.0003116564   0.0000334910   0.0002123423   0.0004249483
 8930  -0.0004754214   0.0000032282  -0.0001751835  -0.0001135894  -0.0001244869
 8931   0.0001183194   0.0002386137   0.0000059195   0.0001078098  -0.0000595863
 8932  -0.0000137375  -0.0001236464   0.0000557050   0.0001548446  -0.0002241257
 8933   0.0001610940   0.0004549942  -0.0003002071  -0.0001138552  -0.0005674491
 8934   0.0002017314  -0.0003390130  -0.0000647184  -0.0000325399   0.0002253118
 8935   0.0000113877   0.0002400281   0.0000179924   0.0000437846  -0.0003041880
 8936  -0.0000036407   0.0001721771   0.0001359057  -0.0002734178  -0.0000917393
 8937  -0.0000174494   0.0000436434   0.0001150406  -0.0000125421   0.0000055835
 8938   0.0000436939   0.0000131300  -0.0000052534  -0.0000146944  -0.0000030003
 8939  -0.0000191343   0.0000091089  -0.0000127361  -0.0000431274   0.0001387297
 8940  -0.0001335211  -0.0001804917   0.0003297434  -0.0000328713  -0.0000780293
 8941  -0.0000576315  -0.0000169259  -0.0000144729  -0.0000692964   0.0000100854
 8942  -0.0000154984  -0.0000014403   0.0000076356  -0.0000150168  -0.0000084486
 8943  -0.0000063654  -0.0000361319  -0.0000287429  -0.0000121493   0.0000363920
 8944   0.0000789786  -0.0000110672  -0.0000324409  -0.0000450413   0.0000669262
 8945   0.0001477039   0.0002400799  -0.0000204374  -0.0000045711  -0.0000201826
 8946  -0.0000017445  -0.0000437552   0.0000403344   0.0000418786  -0.0000401505
 8947   0.0000964435  -0.0000076931  -0.0000201929  -0.0000249852
 90 1  -0.0004432506  -0.0002057353  -0.0002554666   0.0002621883   0.0002918632
 90 2  -0.0001373910  -0.0000530221   0.0005626352  -0.0002778054  -0.0003047112
 90 3  -0.0000555901  -0.0005059761   0.0003226357  -0.0001036508   0.0003270156
 90 4   0.0003741415  -0.0000727992  -0.0003125685   0.0018399343   0.0009674964
 90 5  -0.0034012756  -0.0047712073   0.0037095371  -0.0072628439  -0.0000969499
 90 6  -0.0000153703  -0.0005348251  -0.0003224631  -0.0002961554   0.0001191049
 90 7   0.0003164432  -0.0005289523  -0.0003953363   0.0010468457  -0.0059398632
 90 8  -0.0061975575  -0.0009508203  -0.0008802186  -0.0000832635   0.0000586757
 90 9  -0.0000001633  -0.0003904292  -0.0002776927  -0.0001322959  -0.0004303354
 9010   0.0000813275  -0.0001337763  -0.0007285133  -0.0000206899  -0.0000066093
 9011  -0.0005558892   0.0002214819   0.0001407231  -0.0003330390  -0.0001699949
 9012   0.0000749244  -0.0000957240   0.0001631135   0.0005823040  -0.0005000268
 9013   0.0000803381   0.0003733867   0.0004144033  -0.0002562972  -0.0001180574
 9014   0.0000730204   0.0000384149  -0.0000852800  -0.0001166363   0.0004013281
 9015   0.0001714557   0.0001060779  -0.0001124829   0.0000902780   0.0005597201
 9016   0.0008063605   0.0008114591   0.0005299203  -0.0008256710   0.0014655016
 9017   0.0008090250   0.0002174829   0.0002642339  -0.0000165821   0.0010813720
 9018   0.0002012604   0.0004423341   0.0032061574   0.0013915838   0.0157196096
 9019  -0.0017970549   0.0003773414  -0.0000880682   0.0000268825  -0.0002513604
 9020  -0.0001111720   0.0006580489  -0.0013862495   0.0007615181  -0.0004379052
 9021  -0.0018557118   0.0000991538  -0.0000807158  -0.0004108886   0.0005349534
 9022  -0.0001896864  -0.0004087282   0.0002549545   0.0003781958   0.0002385973
 9023   0.0001865474  -0.0005991381   0.0004068193   0.0002109397  -0.0000847657
 9024   0.0002394068   0.0002970632   0.0000232000  -0.0000832057   0.0009148614
 9025  -0.0003298132  -0.0002919778  -0.0001901769   0.0002695578   0.0004688415
 9026   0.0001826667  -0.0001973660  -0.0007480123   0.0003818096   0.0002474308
 9027   0.0003297510   0.0000308734  -0.0001237947  -0.0000418735   0.0000509652
 9028   0.0002735183   0.0002155502  -0.0005369709   0.0003608426  -0.0000304214
 9029   0.0001518738  -0.0004115844   0.0001375073   0.0002274544   0.0004198515
 9030  -0.0002736780   0.0001734589  -0.0007469462  -0.0001281116   0.0001267007
 9031   0.0004725220   0.0001760514  -0.0001627257  -0.0000133146   0.0001499682
 9032   0.0002048210  -0.0001212131  -0.0000998333   0.0000852688  -0.0001982411
 9033   0.0000971287   0.0001547730  -0.0001660037   0.0000208265   0.0000718627
 9034   0.0000377040  -0.0000309172  -0.0000533420   0.0001057409  -0.0001730884
 9035   0.0000091940   0.0002892904   0.0000256926   0.0000734593  -0.0002103162
 9036  -0.0000951467  -0.0005396995  -0.0000881661   0.0003009153   0.0007773802
 9037   0.0000319883   0.0001335429   0.0002163717  -0.0000059432   0.0000809626
 9038   0.0000159633  -0.0000067586  -0.0000043677   0.0000196252   0.0000115176
 9039   0.0000123707  -0.0000216051   0.0000680109   0.0000238327  -0.0002025252
 9040   0.0001681553   0.0001665913  -0.0005458294   0.0000445785   0.0000704124
 9041   0.0000313014  -0.0000336925   0.0000008702  -0.0000770354   0.0000480207
 9042   0.0000046255  -0.0000897966   0.0000411303   0.0000127947  -0.0000442600
 9043  -0.0000240754  -0.0000244906  -0.0000448874   0.0000249033   0.0000346328
 9044  -0.0000357931   0.0000184524   0.0000148859   0.0000331016  -0.0000290090
 9045  -0.0000092495   0.0000174480   0.0000137209   0.0000016711   0.0000548585
 9046   0.0000312393   0.0000197710  -0.0000678382  -0.0000662725   0.0000508267
 9047  -0.0001258390  -0.0000157144   0.0000109994   0.0000175955
 91 1   0.0000194109  -0.0001183603  -0.0002375269   0.0001718731  -0.0000895108
 91 2   0.0001009956  -0.0003922712  -0.0000748240   0.0001744882   0.0007429117
 91 3   0.0000292582  -0.0002551083  -0.0000666234  -0.0002418687  -0.0000405774
 91 4   0.0001069818  -0.0000414520  -0.0001370350  -0.0001763624  -0.0000241000
 91 5   0.0001751443  -0.0015681862  -0.0016965658   0.0050987472  -0.0018624131
 91 6   0.0024119754  -0.0069426635  -0.0006931732  -0.0002674993  -0.0000414710
 91 7   0.0002397493  -0.0004443238  -0.0001738845  -0.0003484705   0.0003077637
 91 8   0.0005030731   0.0011954567  -0.0001557761   0.0001566360  -0.0005082296
 91 9  -0.0004863857  -0.0005923858  -0.0000837067   0.0000584239   0.0000251704
 9110   0.0006014835   0.0002821549  -0.0001363318   0.0000287646   0.0003249633
 9111  -0.0000311642   0.0001053796  -0.0000108358  -0.0000604908  -0.0001868020
 9112   0.0000945839   0.0001628650  -0.0002506760   0.0001808743  -0.0003491200
 9113  -0.0002352221   0.0001055936   0.0003750574  -0.0001240391   0.0000337235
 9114  -0.0000517171   0.0001328355  -0.0000562108   0.0001847300  -0.0000556952
 9115   0.0000927180   0.0001401372  -0.0000783072   0.0001321177   0.0001779199
 9116  -0.0001821831   0.0000146995   0.0000010997  -0.0038396368  -0.0073849428
 9117  -0.0002242966  -0.0028972533   0.0074990387   0.0012386002  -0.0000623165
 9118   0.0002463735  -0.0001313388  -0.0155946766   0.0000956037  -0.0017970549
 9119   0.0489616284  -0.0004661248   0.0018227513  -0.0161299850   0.0004060634
 9120   0.0008802091  -0.0004803036  -0.0001179000  -0.0001195581  -0.0031577473
 9121   0.0069123238  -0.0005903780  -0.0031080551  -0.0077792780   0.0004646759
 9122  -0.0003878679  -0.0005960477  -0.0000707985   0.0001973999   0.0002340471
 9123   0.0001657847  -0.0002651594   0.0003435479   0.0000268774   0.0000823423
 9124   0.0000676670  -0.0000460173   0.0002183816   0.0000744797  -0.0000919197
 9125  -0.0001239703  -0.0001769911  -0.0000935083  -0.0000001351   0.0002445208
 9126   0.0000579337  -0.0001009955  -0.0003865094   0.0001655862   0.0002423033
 9127   0.0003019709  -0.0000573582  -0.0002499255  -0.0000816662   0.0000075597
 9128   0.0002317503  -0.0000785102   0.0001253674   0.0000402241   0.0002751432
 9129   0.0000826264  -0.0001667777   0.0000442217  -0.0000025196   0.0001087794
 9130  -0.0000961260   0.0000036367  -0.0002958109  -0.0002604415  -0.0003884300
 9131   0.0005780290   0.0002335181   0.0000733110   0.0000274845   0.0002390566
 9132   0.0004211972  -0.0002652094  -0.0002805786   0.0000127725   0.0000659425
 9133   0.0002033282  -0.0000563922  -0.0002548628  -0.0002214806   0.0000761857
 9134   0.0000026552  -0.0000196467   0.0000203410  -0.0000340917   0.0001744932
 9135  -0.0000803210   0.0000281475   0.0000560322  -0.0000480143  -0.0001061036
 9136  -0.0001059815   0.0001813008  -0.0000027436  -0.0001710986  -0.0001230575
 9137   0.0000102716   0.0001270245   0.0001569280  -0.0000205364   0.0000324475
 9138   0.0000444770  -0.0000131414  -0.0000050094   0.0000078473   0.0000008380
 9139   0.0000097876  -0.0000022920   0.0000429638   0.0000452482  -0.0000893757
 9140   0.0001035453   0.0000641971  -0.0002297115   0.0000123952   0.0000298718
 9141   0.0000107714  -0.0000238535  -0.0000219345  -0.0000178483  -0.0000038843
 9142  -0.0000247441  -0.0000117193   0.0000318702   0.0000110200  -0.0000817217
 9143  -0.0000296196  -0.0000020062  -0.0000404682   0.0000132299   0.0000224627
 9144  -0.0000176231  -0.0000009117   0.0000096245   0.0000131604  -0.0000086489
 9145  -0.0000030558  -0.0000093574   0.0000053799  -0.0000024257   0.0000273382
 9146   0.0000427531  -0.0000203375   0.0000228303   0.0000366628  -0.0000586098
 9147   0.0000802748   0.0000067600  -0.0000028036   0.0000041483
 92 1  -0.0000217567   0.0000451109   0.0001819763  -0.0002634337   0.0001943502
 92 2  -0.0002799461   0.0000263986  -0.0002869281   0.0000254152   0.0002351715
 92 3  -0.0006343329   0.0009911783   0.0002318541  -0.0004328625   0.0008027392
 92 4   0.0000059771  -0.0002162485   0.0000601051  -0.0001670890   0.0001111219
 92 5  -0.0000533173  -0.0015606944   0.0002735934   0.0026084311   0.0023917094
 92 6   0.0005038073   0.0032519939   0.0001661119  -0.0001479263  -0.0000069628
 92 7  -0.0000224716   0.0001495891   0.0000963849   0.0001591649   0.0001191167
 92 8  -0.0005580305   0.0001107358  -0.0027176679  -0.0060618746  -0.0002602266
 92 9   0.0000271073  -0.0004639063   0.0001281477   0.0001046501   0.0000784318
 9210  -0.0001695766   0.0003435979   0.0002048477   0.0000733330  -0.0003068583
 9211  -0.0001494758  -0.0001704376  -0.0003936987  -0.0001175353   0.0000599501
 9212  -0.0000815175   0.0000556862  -0.0000141476  -0.0000266257  -0.0000760432
 9213  -0.0003238314  -0.0002010309  -0.0000802424   0.0000434797  -0.0000277739
 9214  -0.0002575767   0.0000255482  -0.0000588040  -0.0002570780   0.0002859487
 9215   0.0000701075  -0.0002301741   0.0001938397  -0.0000641325  -0.0001330422
 9216  -0.0005501620  -0.0000610548   0.0000572740  -0.0071898108  -0.0112283865
 9217  -0.0008997525   0.0074512813  -0.0111088536  -0.0012617978  -0.0000318868
 9218  -0.0001826429  -0.0000232855  -0.0006318034   0.0005750518   0.0003773414
 9219  -0.0004661248   0.0491127137  -0.0016020885  -0.0002485859   0.0003600093
 9220  -0.0000620181   0.0003728798  -0.0001305914  -0.0000175307   0.0072827236
 9221  -0.0112455724   0.0012133829  -0.0071798881  -0.0113169149   0.0013007808
 9222  -0.0001183631  -0.0002642333   0.0001976893  -0.0000089492  -0.0002738227
 9223   0.0002299493   0.0001477845  -0.0005602362   0.0001704920  -0.0002052344
 9224  -0.0000737634   0.0002201232   0.0002313273   0.0002416578   0.0003037291
 9225   0.0000760283   0.0000569682   0.0000483252   0.0000052994  -0.0003165054
 9226  -0.0001037313   0.0001085365   0.0003583949  -0.0002808840   0.0000469804
 9227   0.0002739899   0.0000591452  -0.0002055618  -0.0000282980   0.0000617052
 9228   0.0001699641   0.0000947587   0.0000773533  -0.0001206602   0.0000096728
 9229  -0.0000451626  -0.0000489621   0.0000268616   0.0000929360   0.0001187927
 9230  -0.0001837585  -0.0000520235   0.0001074153  -0.0000607148  -0.0001829312
 9231  -0.0000000030   0.0001063325   0.0000553495   0.0001111341  -0.0000528011
 9232   0.0000281076  -0.0001003235  -0.0000141319   0.0000564925  -0.0000435301
 9233   0.0000990840   0.0001564759  -0.0001680536  -0.0000465009  -0.0003741808
 9234   0.0001670708  -0.0002436741  -0.0000360415  -0.0000226372   0.0001518484
 9235  -0.0000141456   0.0000533486  -0.0000040935  -0.0000417328  -0.0002076274
 9236   0.0000786065   0.0002386853   0.0001067189  -0.0002783010  -0.0000983858
 9237  -0.0000260427  -0.0000739497  -0.0000487681  -0.0000109776  -0.0000282953
 9238  -0.0000243629   0.0000058376   0.0000003517   0.0000026649   0.0000014692
 9239  -0.0000021587   0.0000095778  -0.0000222781  -0.0000158090   0.0000758258
 9240  -0.0001093109  -0.0000775981   0.0002881496  -0.0000122015  -0.0000331964
 9241  -0.0000170000  -0.0000034539  -0.0000119240  -0.0000001587   0.0000022611
 9242   0.0000052877   0.0000054042   0.0000166990  -0.0000031880  -0.0000078106
 9243  -0.0000151634  -0.0000054500  -0.0000350809  -0.0000128750   0.0000280405
 9244   0.0000541786  -0.0000081105  -0.0000114945  -0.0000160834   0.0000050019
 9245   0.0000951388   0.0001321072  -0.0000031613  -0.0000102925  -0.0000039391
 9246   0.0000012148  -0.0000122572   0.0000339269   0.0000138667  -0.0000361072
 9247   0.0000810695   0.0000044016  -0.0000239414  -0.0000113307
 93 1  -0.0000088825  -0.0001628822  -0.0002524096   0.0002415660  -0.0001213653
 93 2   0.0001361918   0.0000575746   0.0000502396  -0.0001079552  -0.0003190728
 93 3   0.0003610984   0.0000566018  -0.0000744370   0.0000911051  -0.0002846531
 93 4   0.0002424255  -0.0000763049  -0.0003677885   0.0004298684   0.0001494658
 93 5  -0.0002838396   0.0047663719   0.0030954810  -0.0060800224  -0.0069972358
 93 6   0.0038392985  -0.0094099271  -0.0002408768   0.0000768945  -0.0001442836
 93 7  -0.0002456397   0.0000388758  -0.0001982693   0.0006561279  -0.0007006932
 93 8   0.0004373086  -0.0000330180  -0.0062720070  -0.0074911372  -0.0004529040
 93 9  -0.0003113985   0.0000446961  -0.0000474900  -0.0001896047  -0.0003713893
 9310  -0.0000924380  -0.0003506938  -0.0003905470  -0.0000923023  -0.0001009846
 9311  -0.0002761395   0.0001632474   0.0000188648  -0.0001654387   0.0000262620
 9312   0.0001894993  -0.0003156280   0.0000703273   0.0003867381  -0.0000909810
 9313   0.0005828020   0.0004240368  -0.0000211508  -0.0002300674   0.0001420571
 9314   0.0004384000   0.0000717380   0.0000679640   0.0000923574   0.0000711950
 9315   0.0001816007   0.0004342248  -0.0003953943   0.0003571639   0.0001565691
 9316   0.0000954670   0.0000792745   0.0002745921   0.0007644235   0.0012463447
 9317   0.0005495516  -0.0004579050   0.0010905686   0.0003773685  -0.0002662620
 9318   0.0000045518   0.0001798172   0.0017303243  -0.0000165005  -0.0000880682
 9319   0.0018227513  -0.0016020885   0.0200791753  -0.0014783716   0.0000957118
 9320   0.0000076298   0.0000011987  -0.0001460165   0.0004015697   0.0007300695
 9321  -0.0013565452   0.0010370091  -0.0005878601  -0.0015339223   0.0006396997
 9322  -0.0002350820  -0.0000898713  -0.0000062341   0.0003697080   0.0003051113
 9323  -0.0000748829  -0.0004512164   0.0002860823  -0.0001600547   0.0000352274
 9324   0.0001921803   0.0000697480  -0.0003139916  -0.0003609122   0.0003167612
 9325  -0.0002899393  -0.0002894082  -0.0001418989   0.0004824777   0.0002495473
 9326   0.0001502032  -0.0001410188  -0.0003951209   0.0003493811  -0.0001470341
 9327   0.0004211632  -0.0001101332  -0.0000487029   0.0000564164  -0.0001589530
 9328   0.0004457756   0.0003264819  -0.0004093132   0.0003636212  -0.0001762912
 9329   0.0001086077  -0.0003372994   0.0001199542   0.0001826801   0.0003597717
 9330  -0.0005163756   0.0000527730  -0.0003887932   0.0002850342   0.0003577899
 9331   0.0000401241  -0.0000974968  -0.0000583779   0.0000214420  -0.0000354683
 9332  -0.0000279354  -0.0000221073  -0.0000635287   0.0000050641  -0.0002655231
 9333   0.0001065117   0.0002292494  -0.0000827235  -0.0000978300  -0.0000369433
 9334  -0.0000154220   0.0000069002  -0.0000018231   0.0000436970  -0.0000088406
 9335  -0.0000531909   0.0002171610  -0.0000454654   0.0001343774  -0.0003915308
 9336   0.0003658947  -0.0005208231  -0.0000418308   0.0000826863   0.0011659319
 9337   0.0000656180   0.0001572360   0.0001813641   0.0000102315   0.0000603186
 9338   0.0000263562   0.0000041718  -0.0000015009   0.0000023820   0.0000128076
 9339  -0.0000020393  -0.0000238897   0.0000282457  -0.0000047453  -0.0001022697
 9340   0.0000844128   0.0000310520  -0.0003965156   0.0000218804   0.0000202501
 9341   0.0000396090  -0.0000068591  -0.0000110528  -0.0000769858   0.0000190702
 9342  -0.0000028246  -0.0000178041  -0.0000083752   0.0000041270  -0.0000267000
 9343   0.0000021299  -0.0000137082   0.0000196031   0.0000218844   0.0000211932
 9344  -0.0000170111   0.0000154111   0.0000023024   0.0000086535   0.0000364180
 9345  -0.0000023381   0.0000174341  -0.0000002797   0.0000091003   0.0000234686
 9346   0.0000176433   0.0000148857  -0.0000394445  -0.0000126263   0.0000319165
 9347   0.0000112714  -0.0000221576   0.0000126449   0.0000053408
 94 1   0.0000098634  -0.0001565784  -0.0001200799  -0.0000025217  -0.0001115255
 94 2  -0.0002883635  -0.0001667397  -0.0000995525   0.0000036711  -0.0003586408
 94 3  -0.0002084307   0.0003388607   0.0000264721   0.0001154343   0.0001321557
 94 4   0.0000102418   0.0002770619   0.0002221326  -0.0005564029  -0.0001242706
 94 5   0.0000540370  -0.0002896813   0.0000682790   0.0002215696  -0.0023090023
 94 6  -0.0020511988   0.0055204977  -0.0020001609   0.0018386397  -0.0037092206
 94 7   0.0002041741   0.0000886263  -0.0000665204   0.0000127801   0.0001777654
 94 8  -0.0001453586  -0.0005904751   0.0002154859   0.0002231694   0.0009115706
 94 9   0.0003977659   0.0007669293   0.0003451554  -0.0000505792   0.0003776559
 9410  -0.0002967794  -0.0008642546  -0.0002789919   0.0000943575   0.0000631608
 9411  -0.0002811574   0.0001125964   0.0003440273   0.0001236524  -0.0000331594
 9412  -0.0002526542  -0.0001466860   0.0005618978  -0.0001564569  -0.0002616653
 9413   0.0007165056  -0.0000517292  -0.0001832551   0.0003312130   0.0006216111
 9414   0.0002497813  -0.0007073184  -0.0000844891  -0.0002471972  -0.0000114081
 9415  -0.0002235863  -0.0001535831   0.0001632138  -0.0002881914   0.0003619352
 9416   0.0000030754  -0.0001286796   0.0001859855  -0.0002046210  -0.0000034391
 9417  -0.0000955716  -0.0036695097  -0.0072696469  -0.0011061403   0.0000342902
 9418  -0.0000158198   0.0003245513   0.0000105871   0.0000044519   0.0000268825
 9419  -0.0161299850  -0.0002485859  -0.0014783716   0.0314952294   0.0047986421
 9420  -0.0018028860  -0.0000096332   0.0000168027   0.0005855288  -0.0000867965
 9421   0.0003184245  -0.0000883076  -0.0042609107   0.0075472491  -0.0004373193
 9422  -0.0030523228  -0.0048208875   0.0011029676   0.0003986589   0.0002777582
 9423  -0.0003476669  -0.0004258582   0.0002865353  -0.0000522360  -0.0005518556
 9424  -0.0000505392   0.0002033208   0.0000909154  -0.0002903036   0.0006467105
 9425  -0.0000072079   0.0001063436   0.0000777131   0.0003750957  -0.0001342820
 9426   0.0002937614  -0.0000246475   0.0000786234   0.0000802449  -0.0005417701
 9427  -0.0000444957  -0.0001566098   0.0004451612   0.0000905361  -0.0000800709
 9428  -0.0001654903   0.0003669453  -0.0001345115   0.0001541901  -0.0003990615
 9429  -0.0000561961   0.0000153792  -0.0000518363   0.0000402685   0.0000017712
 9430  -0.0001930100  -0.0000966331   0.0000468732   0.0002831888   0.0003297565
 9431  -0.0003510955  -0.0000743064  -0.0000968909   0.0001797122  -0.0000777151
 9432  -0.0001733145  -0.0000055087  -0.0000440181   0.0000737201  -0.0000051179
 9433   0.0000164980  -0.0000495390  -0.0000539305   0.0002258378   0.0001724818
 9434   0.0001202448  -0.0001866693  -0.0001181757   0.0001913700  -0.0003817895
 9435   0.0001304561   0.0000270701   0.0000909980  -0.0001025016  -0.0001881002
 9436   0.0001125500  -0.0001970015   0.0000514425   0.0001174341   0.0002554052
 9437   0.0000513492  -0.0000269396  -0.0001960544   0.0000305632   0.0000213935
 9438  -0.0000415850   0.0000190880   0.0000034046   0.0000035378   0.0000093256
 9439  -0.0000131987   0.0000075538  -0.0000364879  -0.0000409184  -0.0000147737
 9440   0.0000141488  -0.0000342779  -0.0000994279   0.0000100645  -0.0000152286
 9441  -0.0000083637  -0.0000044060   0.0000074085   0.0000213325   0.0000077993
 9442   0.0000189155   0.0000080641  -0.0000008212  -0.0000032747   0.0000342767
 9443  -0.0000125794   0.0000173999  -0.0000348851  -0.0000054533   0.0000624673
 9444   0.0000099398   0.0000154046   0.0000064894   0.0000069309   0.0000113290
 9445   0.0000653977   0.0000842700   0.0000057801  -0.0000272177   0.0000502342
 9446  -0.0000275562   0.0000319033  -0.0001117406  -0.0001602690   0.0001160433
 9447  -0.0003128534  -0.0000117359   0.0000021392   0.0000197647
 95 1   0.0002052515  -0.0000921960   0.0000187103   0.0002823059  -0.0003620826
 95 2   0.0001850324  -0.0007393458  -0.0003693107   0.0001217838  -0.0003060259
 95 3  -0.0001163193   0.0001897401   0.0010418476   0.0004900531   0.0003730946
 95 4  -0.0000651561   0.0003220017   0.0000862947  -0.0000171467  -0.0000944568
 95 5   0.0000584389  -0.0003848146   0.0005737056   0.0001324362  -0.0018086487
 95 6   0.0001246633   0.0016483504   0.0020960768  -0.0004255561   0.0027036851
 95 7  -0.0000791053  -0.0000116858  -0.0003005900   0.0000589229  -0.0000989592
 95 8   0.0001441576  -0.0000740775  -0.0003797697  -0.0006135889   0.0001869629
 95 9  -0.0022187684  -0.0051991659  -0.0000501864  -0.0001944863  -0.0003719007
 9510  -0.0001335311  -0.0001684049  -0.0001913238  -0.0002018688   0.0001246157
 9511  -0.0000989638   0.0000403159   0.0001805611  -0.0002478365   0.0001644849
 9512  -0.0002748601  -0.0003328061   0.0002096869  -0.0000253899  -0.0004979818
 9513   0.0000640296   0.0000763397   0.0001149771   0.0001309013   0.0000099480
 9514   0.0000679571  -0.0002054629  -0.0000617745  -0.0002021398  -0.0000228863
 9515   0.0002692204   0.0001807695   0.0000115971   0.0000206138   0.0001268333
 9516   0.0002891361   0.0000534923   0.0000513560  -0.0007229282  -0.0001557702
 9517   0.0000164382  -0.0049907644  -0.0096945132  -0.0022182219   0.0000485658
 9518   0.0001958274   0.0001858698   0.0002435963   0.0001107330  -0.0002513604
 9519   0.0004060634   0.0003600093   0.0000957118   0.0047986421   0.0354374440
 9520   0.0000391994  -0.0002842447   0.0002587617   0.0001569785   0.0001509386
 9521  -0.0004477766  -0.0002361156   0.0065883249  -0.0109183736   0.0020306505
 9522  -0.0065685148  -0.0109948478   0.0015981324   0.0001414498  -0.0000249292
 9523  -0.0000778712  -0.0003575545  -0.0000275175  -0.0001394376  -0.0003774870
 9524  -0.0007410730   0.0000960698   0.0001024825  -0.0009672059   0.0006706640
 9525  -0.0001376458  -0.0000071221   0.0000340110   0.0005871651   0.0000490087
 9526   0.0004441789  -0.0001329688  -0.0002180620   0.0003202859  -0.0008667539
 9527  -0.0001715473  -0.0003990540   0.0009752290   0.0001278197  -0.0001996870
 9528  -0.0005090938   0.0001771896   0.0001811319   0.0002421155  -0.0001888223
 9529   0.0000032400  -0.0000717594  -0.0000503176   0.0000757116   0.0000122894
 9530  -0.0001943054  -0.0001055377  -0.0001508094   0.0002185751   0.0004325003
 9531  -0.0000224084  -0.0003890007  -0.0000632076  -0.0000363210   0.0001594772
 9532   0.0000179285   0.0000183059  -0.0001263692   0.0000331945  -0.0000057936
 9533   0.0000370237  -0.0000596412   0.0000668093   0.0002660782   0.0004662370
 9534  -0.0000412366   0.0001182398   0.0000369804   0.0001984331  -0.0004768380
 9535   0.0001586484   0.0002614698   0.0000626884  -0.0000012303  -0.0001334593
 9536   0.0000921200  -0.0008812781  -0.0002181681   0.0004522985   0.0006170691
 9537   0.0000892726   0.0000650374  -0.0000877778   0.0000378526   0.0000490065
 9538  -0.0000231446   0.0000230320   0.0000041494  -0.0000097750   0.0000102131
 9539  -0.0000093940  -0.0000043706  -0.0000109864  -0.0000389185  -0.0000985785
 9540   0.0001347342   0.0000625238  -0.0003413861   0.0000054019   0.0000102571
 9541  -0.0000002113  -0.0000268864   0.0000020621   0.0000290645   0.0000063796
 9542   0.0000027468  -0.0000113968   0.0000247458   0.0000393404  -0.0000590745
 9543  -0.0000121962  -0.0000057523  -0.0000090845  -0.0000017800   0.0000377463
 9544  -0.0000475821   0.0000155432   0.0000135109   0.0000195632  -0.0000477120
 9545  -0.0000538303  -0.0001362793  -0.0000013730  -0.0000103272   0.0000379968
 9546  -0.0000080112   0.0000190350  -0.0001102736  -0.0001247092   0.0001307217
 9547  -0.0003660905  -0.0000207528   0.0000019877  -0.0000071084
 96 1   0.0000049505  -0.0002461026   0.0000072133  -0.0002664006   0.0003650482
 96 2   0.0001770640   0.0003903217   0.0000676888   0.0002108899   0.0000208766
 96 3  -0.0001262916   0.0000020642   0.0002141426   0.0007269681   0.0002662884
 96 4   0.0004020366  -0.0002300772  -0.0002494851   0.0002127278   0.0001747156
 96 5  -0.0001225820   0.0000163348   0.0001450721  -0.0000148492   0.0059132864
 96 6   0.0031211982  -0.0072636291  -0.0062649265   0.0034529582  -0.0082639496
 96 7  -0.0000855431   0.0003597848   0.0001584002  -0.0000268274  -0.0000636082
 96 8   0.0002739860   0.0004887822  -0.0004473057  -0.0002178237   0.0001368862
 96 9  -0.0055116146  -0.0057091760  -0.0004226182  -0.0008298721   0.0002019101
 9610  -0.0002770622  -0.0002329793   0.0002455400  -0.0003745782  -0.0001899683
 9611  -0.0000730128   0.0001558638  -0.0001664516  -0.0004903560  -0.0000116161
 9612  -0.0000121616  -0.0004961902   0.0001739923   0.0004066578  -0.0001109727
 9613   0.0002348962   0.0001662266   0.0001705684  -0.0001837970  -0.0001124723
 9614   0.0000892533   0.0002745118   0.0001195575  -0.0001113203  -0.0000091948
 9615   0.0002463691   0.0003870579  -0.0001615920   0.0002710869  -0.0001438708
 9616   0.0000281512   0.0001005306  -0.0002655677   0.0002605739   0.0000916088
 9617  -0.0001061820   0.0006487761   0.0009204456   0.0002203814  -0.0001340763
 9618  -0.0001015532   0.0000069538   0.0002477351   0.0001178249  -0.0001111720
 9619   0.0008802091  -0.0000620181   0.0000076298  -0.0018028860   0.0000391994
 9620   0.0192368038   0.0000963504   0.0000876591  -0.0000097566   0.0001085574
 9621  -0.0002646314   0.0000029114   0.0007205509  -0.0010672636   0.0004552896
 9622  -0.0010580643  -0.0016498371   0.0004906449   0.0001389272  -0.0001657562
 9623  -0.0000806536  -0.0000451580   0.0001373728  -0.0001881239  -0.0002722544
 9624   0.0002045360   0.0001022723  -0.0002880308  -0.0002841860   0.0003848944
 9625  -0.0003075291  -0.0003616248  -0.0001882896   0.0006809313   0.0001166079
 9626  -0.0000174393  -0.0001015708  -0.0001245424   0.0003031420  -0.0003467360
 9627   0.0002776602   0.0000070589   0.0002385793   0.0000555571  -0.0000277333
 9628  -0.0000743456   0.0002520960  -0.0003608191   0.0004283023  -0.0001530524
 9629  -0.0000152638  -0.0003640362  -0.0000600169  -0.0000211289   0.0002654092
 9630  -0.0003174015   0.0001419366  -0.0002437698   0.0004612415   0.0003261055
 9631   0.0000706572  -0.0005314748  -0.0000075845   0.0002762406   0.0001489198
 9632   0.0002254531  -0.0002729030  -0.0001380560   0.0003108670  -0.0001711955
 9633  -0.0000296457   0.0003556520  -0.0004667934  -0.0001075798  -0.0000439365
 9634   0.0002539453  -0.0003350075  -0.0001223842   0.0000822114  -0.0001191852
 9635  -0.0001316060   0.0000715922  -0.0000629091   0.0003196337  -0.0000218829
 9636   0.0006016899  -0.0007128407  -0.0000065594   0.0002427703   0.0007562931
 9637   0.0000669876   0.0001646269   0.0002698310   0.0000040703   0.0000496696
 9638   0.0000429674   0.0000153369   0.0000012511   0.0000015875   0.0000112775
 9639  -0.0000126266  -0.0000067742  -0.0000019270  -0.0000356118  -0.0000335265
 9640   0.0000353741  -0.0000468060  -0.0002836229  -0.0000087956  -0.0000191830
 9641  -0.0000133304  -0.0000011382   0.0000126023  -0.0000182451   0.0000204092
 9642  -0.0000101338  -0.0000186470   0.0000351699   0.0000319590  -0.0000628444
 9643  -0.0000983945   0.0000647569  -0.0001780978  -0.0000047329   0.0001233400
 9644   0.0000260814   0.0000120022   0.0000355908   0.0000397555  -0.0000584378
 9645   0.0001248046   0.0001192117  -0.0000031232  -0.0000045762   0.0000413896
 9646   0.0000033976   0.0000447897  -0.0000718094  -0.0000367436   0.0000730288
 9647  -0.0000027260  -0.0000660945   0.0000281131  -0.0000176600
 97 1   0.0001488767  -0.0004316416   0.0003104063  -0.0003309265  -0.0003454947
 97 2   0.0000871842  -0.0008660942   0.0000155696  -0.0000894442   0.0010079790
 97 3   0.0005600833  -0.0005310518  -0.0001831202  -0.0003590014   0.0002361651
 97 4   0.0001433225  -0.0002634280   0.0003286154  -0.0000301176   0.0001889748
 97 5   0.0002765546  -0.0003932192   0.0004250726  -0.0002337031   0.0000766567
 97 6   0.0002035659   0.0001382836  -0.0000126529   0.0001862735   0.0000662131
 97 7  -0.0045882208  -0.0028962919   0.0084932922  -0.0017905231   0.0020726499
 97 8  -0.0050860050  -0.0001180974   0.0001328096  -0.0001083942  -0.0002159368
 97 9  -0.0000107568   0.0001923686  -0.0001826211  -0.0001200232  -0.0000776680
 9710   0.0012255522  -0.0008097614  -0.0017902646  -0.0004999602  -0.0003311424
 9711  -0.0004316924   0.0001477074   0.0001021501   0.0002825827  -0.0000428640
 9712  -0.0000400944   0.0001444541   0.0001246778   0.0002333463  -0.0002474031
 9713   0.0000216859  -0.0001411099  -0.0000716189   0.0000763171  -0.0001653093
 9714  -0.0000590497  -0.0000255701  -0.0001368751   0.0000982670  -0.0002211511
 9715  -0.0003493595   0.0000482773   0.0003172955   0.0000272150  -0.0000816172
 9716  -0.0003806374  -0.0001024058  -0.0001362966   0.0000348016  -0.0001602110
 9717  -0.0003233004  -0.0002119275  -0.0001249099   0.0002037134  -0.0034354461
 9718  -0.0053739990  -0.0009540058  -0.0036641305   0.0077378865   0.0006580489
 9719  -0.0004803036   0.0003728798   0.0000011987  -0.0000096332  -0.0002842447
 9720   0.0000963504   0.0337600718   0.0076947043  -0.0033817553  -0.0157717199
 9721  -0.0007298103   0.0013118926  -0.0002728808   0.0000151753  -0.0000010088
 9722   0.0003388734   0.0005373856   0.0000610826  -0.0036190519  -0.0073392417
 9723   0.0003728223  -0.0007237554   0.0003250135  -0.0000323275   0.0002372468
 9724   0.0000131793  -0.0000651842   0.0003071477  -0.0000920226  -0.0002571989
 9725  -0.0001386221  -0.0000671906   0.0000688692   0.0004260073  -0.0001425159
 9726   0.0000459268  -0.0000477148   0.0000492823   0.0000443985  -0.0003244718
 9727   0.0001041157  -0.0001735598   0.0004127543  -0.0000202116   0.0000432589
 9728  -0.0000987087   0.0003111897   0.0006379762  -0.0000368591   0.0000281708
 9729   0.0000115789  -0.0000840802   0.0000139134   0.0001363327   0.0000948415
 9730  -0.0002575236  -0.0000803210   0.0001386560   0.0002441222  -0.0001643442
 9731  -0.0000737534  -0.0001449559   0.0001376564   0.0000395311  -0.0000431948
 9732  -0.0000019675  -0.0000481383  -0.0001028349  -0.0000679392   0.0001500031
 9733   0.0000977983  -0.0001736897  -0.0000892275  -0.0001073144   0.0002431871
 9734  -0.0000743190   0.0000972779   0.0000056553  -0.0000109235   0.0000388920
 9735   0.0000033644  -0.0000984786  -0.0000156851  -0.0000097994  -0.0000069597
 9736   0.0002203180   0.0000956601  -0.0001740103  -0.0004580332  -0.0001003071
 9737   0.0000790705   0.0000492220  -0.0000379938   0.0000114588   0.0000327132
 9738   0.0000092215   0.0000092838   0.0000055034   0.0000004943   0.0000030395
 9739  -0.0000139420   0.0000013565  -0.0000107004  -0.0000151785  -0.0000249849
 9740   0.0000092744  -0.0000264463  -0.0000417675  -0.0000001783  -0.0000398080
 9741  -0.0000345100  -0.0000293553   0.0000036546   0.0000370125   0.0000004298
 9742   0.0000041011   0.0000018804   0.0000145880  -0.0000059288   0.0000165750
 9743  -0.0000011951  -0.0000040075   0.0000184072   0.0000175304  -0.0000026338
 9744  -0.0000320710   0.0000041519   0.0000078195   0.0000185356   0.0000034150
 9745  -0.0000370836  -0.0000658963   0.0000040984   0.0000027957   0.0000154134
 9746   0.0000223087  -0.0000122002   0.0000030641   0.0000076234  -0.0000385149
 9747  -0.0000162587   0.0000019794   0.0000075136  -0.0000191985
 98 1  -0.0000092957  -0.0001001637   0.0003361277  -0.0000630048   0.0001005360
 98 2  -0.0000653463   0.0003885000  -0.0001086238   0.0000541187  -0.0001756373
 98 3  -0.0003450155   0.0002727364  -0.0001645363  -0.0001262109  -0.0000047859
 98 4  -0.0001660792  -0.0003092948   0.0001830836  -0.0000178418  -0.0007233665
 98 5   0.0006988112   0.0002041871  -0.0002173568   0.0001213786  -0.0000665378
 98 6  -0.0002083766   0.0000229947  -0.0001517779   0.0000417513  -0.0002504762
 98 7  -0.0036717226  -0.0006249391   0.0064532003   0.0020000163   0.0002608097
 98 8   0.0026548478  -0.0001284745  -0.0000713457   0.0002236521   0.0000542069
 98 9   0.0000490081  -0.0002328737  -0.0000892941   0.0000320068  -0.0001857959
 9810   0.0007183993  -0.0056108192  -0.0095710909  -0.0002475670  -0.0001750534
 9811  -0.0007017680   0.0000700296  -0.0002550428  -0.0001476236  -0.0001296850
 9812   0.0001299827   0.0000983444   0.0000526225   0.0000372926  -0.0002559013
 9813  -0.0000394877   0.0001255297  -0.0002823291  -0.0004342078  -0.0001119766
 9814  -0.0003876181   0.0006457315  -0.0000100926  -0.0002342444  -0.0002443656
 9815   0.0000775565   0.0000174576   0.0001281232   0.0000472424  -0.0001592263
 9816  -0.0000917949  -0.0005010824   0.0000242103   0.0000101823   0.0001186433
 9817   0.0001005086  -0.0001078803   0.0000340461   0.0001697865  -0.0067538095
 9818  -0.0117063100  -0.0014594354   0.0071157538  -0.0115358911  -0.0013862495
 9819  -0.0001179000  -0.0001305914  -0.0001460165   0.0000168027   0.0002587617
 9820   0.0000876591   0.0076947043   0.0419600726   0.0007090704  -0.0000587368
 9821   0.0005657182   0.0001666510   0.0003478619  -0.0007688179   0.0002164793
 9822  -0.0005524720  -0.0001701292   0.0002909910  -0.0054610815  -0.0108647203
 9823   0.0014983416  -0.0013550800   0.0001685810   0.0005459511   0.0007390901
 9824   0.0003480225   0.0004232888  -0.0000003689   0.0003990309   0.0002189486
 9825  -0.0000256832   0.0000111897   0.0000025274  -0.0001021212   0.0002176469
 9826   0.0002046178  -0.0000199194  -0.0002764167   0.0000507828   0.0000591213
 9827  -0.0000232438  -0.0001415639  -0.0000828877   0.0000651813  -0.0002656711
 9828   0.0003057527   0.0000159632   0.0001248963   0.0000504861   0.0001010788
 9829  -0.0000077476  -0.0000062498  -0.0000396449   0.0000653861  -0.0000069595
 9830  -0.0000229516  -0.0000841998  -0.0000438252   0.0000356508  -0.0000406510
 9831   0.0000090575  -0.0000653992   0.0000182572  -0.0000909745  -0.0000805794
 9832  -0.0000326934   0.0000603052   0.0001479724  -0.0000258824  -0.0001101393
 9833  -0.0001428618  -0.0000075274   0.0002291485  -0.0000306426  -0.0000225404
 9834  -0.0001457204   0.0001715618   0.0000033687  -0.0000689073   0.0001145692
 9835  -0.0000935599   0.0001071397  -0.0000613163  -0.0000398532  -0.0001148758
 9836   0.0000272611  -0.0000665158  -0.0000931564  -0.0001996729   0.0002997661
 9837  -0.0000006997  -0.0000172944  -0.0000160304   0.0000022584   0.0000122155
 9838  -0.0000161686  -0.0000108987  -0.0000041568   0.0000050883   0.0000027810
 9839   0.0000027210  -0.0000093894   0.0000224362   0.0000167201  -0.0000659408
 9840   0.0000237439   0.0000493453  -0.0001285853   0.0000103834   0.0000338516
 9841   0.0000503095   0.0000024462  -0.0000109608  -0.0000027374   0.0000041133
 9842   0.0000004045  -0.0000027487  -0.0000085137  -0.0000010501   0.0000048387
 9843   0.0000096536  -0.0000062054   0.0000184258   0.0000347243  -0.0000485660
 9844  -0.0000480806   0.0000167972   0.0000132078   0.0000353466  -0.0000125567
 9845  -0.0000891002  -0.0000704448   0.0000193206   0.0000179148   0.0000267785
 9846   0.0000374874   0.0000132287   0.0000346413   0.0000366772  -0.0000367748
 9847   0.0001170197   0.0000126824   0.0000097812   0.0000086231
 99 1   0.0002296607   0.0001547059  -0.0000708925   0.0001465146  -0.0001016703
 99 2   0.0003381746   0.0001255636   0.0000708878   0.0000635930  -0.0005781067
 99 3   0.0002787393  -0.0004420332   0.0004503225   0.0000615181  -0.0001817821
 99 4   0.0000113946   0.0002303547  -0.0002439907  -0.0000635774   0.0004425485
 99 5  -0.0004106617  -0.0001267713  -0.0003791035  -0.0008298079   0.0002098023
 99 6   0.0001186919   0.0001111328  -0.0000497380   0.0001015007  -0.0002770808
 99 7   0.0110235377   0.0053377850  -0.0156839983  -0.0053817184   0.0034426920
 99 8  -0.0064971674   0.0001269873   0.0004576269  -0.0002595745  -0.0000325847
 99 9  -0.0000327138   0.0000940545  -0.0002471833  -0.0001083633  -0.0002043664
 9910   0.0007330018  -0.0103719102  -0.0123778252  -0.0006579211  -0.0005083308
 9911   0.0000457075  -0.0001097375  -0.0002730529   0.0001919115   0.0000603403
 9912   0.0001492827  -0.0000901627  -0.0004736927  -0.0000125476  -0.0000479009
 9913  -0.0002412308   0.0000409714  -0.0004681557   0.0000806455  -0.0001347945
 9914  -0.0002757330   0.0003597610   0.0003318374   0.0002138746  -0.0001730242
 9915   0.0004167356   0.0000794018  -0.0002759109   0.0002198342  -0.0002081863
 9916  -0.0000255615   0.0000664805   0.0000202595  -0.0002638311   0.0000378730
 9917   0.0004607424   0.0001318045  -0.0002723953   0.0005243524  -0.0001274353
 9918   0.0009512546   0.0001693254  -0.0003356191   0.0003140497   0.0007615181
 9919  -0.0001195581  -0.0000175307   0.0004015697   0.0005855288   0.0001569785
 9920  -0.0000097566  -0.0033817553   0.0007090704   0.0339562112  -0.0010283469
 9921   0.0004346833   0.0008260830   0.0000589580  -0.0001687319  -0.0000779527
 9922   0.0002181497  -0.0000923639  -0.0000276110  -0.0010390529  -0.0011112564
 9923   0.0005338752  -0.0003177500  -0.0003276292   0.0002019564   0.0007418670
 9924  -0.0003793978   0.0001542690  -0.0000076447  -0.0000617113  -0.0002250933
 9925   0.0000538420  -0.0000734220  -0.0000566909  -0.0000067697  -0.0000811093
 9926   0.0001117965  -0.0000577503  -0.0000285079  -0.0000748207  -0.0000679543
 9927   0.0002691907  -0.0000024164  -0.0000230849  -0.0000083272   0.0002487949
 9928  -0.0003036986  -0.0002224340  -0.0000783974   0.0001909423   0.0001719283
 9929  -0.0000945967  -0.0001822940  -0.0000966115  -0.0001491182   0.0000328688
 9930  -0.0000033320   0.0000041673  -0.0003479075  -0.0002843393  -0.0001362334
 9931   0.0003946628   0.0001525677   0.0000113781  -0.0001968728   0.0000366713
 9932  -0.0000172820   0.0001301978   0.0002488995   0.0000158906  -0.0002001336
 9933  -0.0002654368   0.0001633108   0.0002103673   0.0000016522  -0.0003439389
 9934  -0.0000515672   0.0000507081   0.0000183258  -0.0001264481   0.0002189315
 9935  -0.0000701492   0.0000539468  -0.0000743895   0.0000634958   0.0000586345
 9936  -0.0000970955   0.0001836106   0.0001317793   0.0000729724  -0.0003495740
 9937  -0.0000023161   0.0000821212   0.0000718719  -0.0000000125   0.0000070497
 9938   0.0000308673   0.0000060935  -0.0000019176  -0.0000136195  -0.0000164725
 9939  -0.0000233352   0.0000323272   0.0000196537  -0.0000019990   0.0000281225
 9940   0.0000409477  -0.0000705887  -0.0000106015  -0.0000349635  -0.0000568321
 9941  -0.0000537369  -0.0000094266   0.0000103142  -0.0000201982  -0.0000164609
 9942  -0.0000273684  -0.0000053604   0.0000034669  -0.0000079770   0.0000158609
 9943   0.0000061200  -0.0000035907  -0.0000003596   0.0000146206  -0.0000392744
 9944   0.0000032384   0.0000027118   0.0000075930   0.0000202976  -0.0000466369
 9945  -0.0000256338  -0.0000149225   0.0000023344   0.0000185469  -0.0000163380
 9946   0.0000189366   0.0000011532   0.0000657945   0.0000804381  -0.0000160223
 9947   0.0001978388   0.0000021175  -0.0000133544  -0.0000169147
100 1  -0.0000262059   0.0000841412  -0.0001024822  -0.0000341495   0.0002080826
100 2   0.0000698938  -0.0001324685   0.0002222420  -0.0001414387   0.0004514941
100 3   0.0001158925  -0.0000337479  -0.0002323492  -0.0001602782   0.0000918110
100 4   0.0000504156  -0.0000945417  -0.0001632262  -0.0000013740  -0.0002781078
100 5   0.0000737058   0.0001287388  -0.0001891901  -0.0002933160   0.0001814610
100 6   0.0001499720  -0.0001118317  -0.0001176424  -0.0000801807  -0.0002108211
100 7  -0.0004395003   0.0000430756   0.0003294749  -0.0018982486  -0.0018858313
100 8   0.0053828998  -0.0015941542   0.0023504372  -0.0056028510  -0.0002803441
100 9   0.0000570642  -0.0001481251  -0.0000906234   0.0001898306  -0.0000838036
10010  -0.0001965520   0.0010218600   0.0006013542   0.0014119978   0.0003410052
10011  -0.0004382427  -0.0005367066  -0.0003911529  -0.0005865262  -0.0000239220
10012   0.0000090900   0.0001916567   0.0000502614   0.0000809203  -0.0002363641
10013  -0.0005767194   0.0002257856   0.0006454977  -0.0002120350  -0.0001182722
10014   0.0000068128   0.0001606356  -0.0000234745   0.0001157233   0.0000244793
10015  -0.0001103371  -0.0002266761  -0.0001544396   0.0001288903  -0.0000115939
10016   0.0002456040  -0.0000303176  -0.0000903273  -0.0003636459   0.0001036541
10017  -0.0001558363   0.0000328980   0.0000166924   0.0003295756  -0.0003956457
10018  -0.0004178550   0.0000645366  -0.0037642317  -0.0079250837  -0.0004379052
10019  -0.0031577473   0.0072827236   0.0007300695  -0.0000867965   0.0001509386
10020   0.0001085574  -0.0157717199  -0.0000587368  -0.0010283469   0.0496938494
10021  -0.0006031113  -0.0003333180  -0.0156390129  -0.0000009177   0.0013348125
10022  -0.0000457134  -0.0000696849   0.0001362926  -0.0027794507   0.0071881214
10023  -0.0002883484  -0.0039275167  -0.0075922268   0.0004785509  -0.0003093570
10024  -0.0001327065   0.0002006975   0.0004691231   0.0002134744   0.0000539074
10025   0.0000228456  -0.0000425931  -0.0000334776  -0.0002015288  -0.0000424061
10026  -0.0002123816   0.0000629849   0.0001164778  -0.0001992280   0.0002833763
10027   0.0000974081   0.0001693414  -0.0004580694   0.0000125560  -0.0000166161
10028   0.0002936582  -0.0000673616  -0.0002111387  -0.0000292747  -0.0000101589
10029   0.0000089652   0.0000695840  -0.0000088335  -0.0000720018  -0.0000530872
10030   0.0000384222  -0.0000185701   0.0000455461  -0.0000878381  -0.0000743906
10031   0.0000185490   0.0002384951   0.0000029506   0.0000769150  -0.0000399092
10032   0.0000388694  -0.0000749866   0.0000040598   0.0000310053  -0.0000523353
10033   0.0000525829   0.0000646931  -0.0000994804  -0.0000241151  -0.0002332003
10034   0.0000800299  -0.0001466477  -0.0000590963  -0.0000162533   0.0000965021
10035   0.0000068722  -0.0000667528   0.0000047466  -0.0000616167  -0.0000535343
10036  -0.0001264674   0.0003134680   0.0000678199  -0.0000795270  -0.0001534939
10037  -0.0000439778  -0.0000454105   0.0000852946  -0.0000212127  -0.0000200664
10038   0.0000061962  -0.0000063246   0.0000000992   0.0000062809   0.0000061467
10039   0.0000080837  -0.0000002095   0.0000069888   0.0000195696   0.0000072109
10040  -0.0000532327   0.0000256599   0.0001559177   0.0000038683   0.0000303175
10041   0.0000076722   0.0000006331   0.0000098712  -0.0000058308  -0.0000044760
10042  -0.0000086700   0.0000123499   0.0000085206   0.0000024724   0.0000050606
10043  -0.0000036711  -0.0000099947  -0.0000117275   0.0000058669   0.0000078497
10044   0.0000324039  -0.0000008099  -0.0000057465  -0.0000062592   0.0000374229
10045   0.0000445825   0.0001273029   0.0000044932  -0.0000053876   0.0000069748
10046   0.0000105079  -0.0000111229   0.0000211740   0.0000138327  -0.0000350797
10047   0.0000309878   0.0000067319  -0.0000143073   0.0000075453
101 1  -0.0000335974  -0.0001437512  -0.0003870121   0.0001598934  -0.0000847395
101 2   0.0001216461  -0.0000363322   0.0001764597   0.0000288208   0.0000125549
101 3   0.0001911834  -0.0000867264   0.0002879847  -0.0000312769   0.0004778873
101 4   0.0001043033   0.0003235367  -0.0001550136  -0.0001223047  -0.0001222917
101 5   0.0001776896   0.0000924787  -0.0004179744   0.0009744296   0.0001728936
101 6  -0.0003780470  -0.0001073602   0.0000351476  -0.0002742637   0.0001976360
101 7  -0.0000600999  -0.0004659085  -0.0001730979  -0.0017238066   0.0002107154
101 8   0.0036366620   0.0017160878  -0.0000440726   0.0033773493   0.0002396890
101 9  -0.0000051658  -0.0000901725  -0.0000414135  -0.0001003704  -0.0000454352
10110   0.0006379521   0.0001421765  -0.0008303130   0.0001666245  -0.0029452513
10111  -0.0064178530  -0.0003359345   0.0001482787  -0.0004655889  -0.0000547077
10112  -0.0000804396   0.0000424428   0.0001954471  -0.0000531509   0.0000002447
10113   0.0000929952  -0.0000171817  -0.0001698504  -0.0004636201  -0.0004194326
10114  -0.0000468567   0.0000729698  -0.0000466161  -0.0000261350  -0.0000706687
10115   0.0000104025   0.0000220137  -0.0001730223   0.0000476574   0.0003847644
10116   0.0003269958  -0.0000400156  -0.0000001594  -0.0000307149  -0.0004258291
10117   0.0000973225   0.0003322865   0.0002125884  -0.0001970146  -0.0000009998
10118   0.0001781979   0.0000418031  -0.0067170051  -0.0112932244  -0.0018557118
10119   0.0069123238  -0.0112455724  -0.0013565452   0.0003184245  -0.0004477766
10120  -0.0002646314  -0.0007298103   0.0005657182   0.0004346833  -0.0006031113
10121   0.0488646472  -0.0000035608  -0.0004106095   0.0010640128  -0.0000691397
10122  -0.0000959617  -0.0004001946  -0.0000457772   0.0075188215  -0.0113278330
10123   0.0017478719  -0.0069399248  -0.0117089395   0.0008192998  -0.0006752681
10124   0.0001738803  -0.0000451916  -0.0001342589  -0.0000938321   0.0003139721
10125  -0.0001860369  -0.0001520640  -0.0001162113   0.0001230387   0.0004607692
10126   0.0002830816  -0.0001874866  -0.0006845588   0.0003875089  -0.0000414671
10127   0.0000087271  -0.0001436982   0.0000946770   0.0000697077  -0.0002764313
10128   0.0003335383  -0.0000791984   0.0001960915   0.0002299417   0.0002386609
10129  -0.0000361199  -0.0001608364  -0.0000517294  -0.0001024126  -0.0000066855
10130  -0.0000167596   0.0000395725  -0.0002963392  -0.0001045869   0.0001046938
10131   0.0002058370   0.0000533104  -0.0001127473   0.0000280631   0.0000668800
10132   0.0000770697  -0.0000678159  -0.0000786783   0.0000707129  -0.0000675086
10133   0.0000972069   0.0000926320  -0.0000727927   0.0000012133   0.0000569161
10134   0.0000321558  -0.0000503615   0.0000024095   0.0000402529  -0.0000712420
10135   0.0000084457   0.0002281634   0.0000677454   0.0000127787  -0.0002178126
10136  -0.0001117747  -0.0003203468  -0.0002308871   0.0001727109   0.0003832100
10137   0.0000357553   0.0001407421   0.0001122628   0.0000068808   0.0000597510
10138   0.0000307432  -0.0000115521  -0.0000055318   0.0000036293   0.0000077933
10139   0.0000082966  -0.0000178872   0.0000568275   0.0000355286  -0.0001910104
10140   0.0002146324   0.0001598913  -0.0004938195   0.0000422485   0.0000511058
10141   0.0000679797  -0.0000124750  -0.0000184194  -0.0000171655   0.0000001493
10142  -0.0000139605  -0.0000146218   0.0000249046   0.0000078929  -0.0000476223
10143  -0.0000233735  -0.0000036786  -0.0000367514  -0.0000004427   0.0000283914
10144  -0.0000027611   0.0000047697   0.0000033389   0.0000026726  -0.0000175777
10145   0.0000192157  -0.0000060218   0.0000033849  -0.0000067886   0.0000160851
10146   0.0000002356  -0.0000005484  -0.0000248020  -0.0000373412   0.0000101073
10147  -0.0000522527  -0.0000175212  -0.0000076167   0.0000067952
102 1  -0.0000175385  -0.0001411330  -0.0004487190   0.0001608111  -0.0000290502
102 2  -0.0001297030   0.0000148214  -0.0002965046  -0.0001221133  -0.0004205212
102 3  -0.0001620329  -0.0003372797   0.0004897351   0.0001698192  -0.0001587691
102 4   0.0000786332   0.0004419122  -0.0002664974   0.0002776037   0.0002449600
102 5  -0.0002763723  -0.0002660875   0.0007453791  -0.0001001078  -0.0001450769
102 6   0.0001080848  -0.0004139144   0.0000469530  -0.0001622471   0.0002678659
102 7  -0.0000338718  -0.0000372647  -0.0002760484   0.0056083291   0.0028804230
102 8  -0.0072688493  -0.0054129261   0.0030800722  -0.0083823610  -0.0000610833
102 9   0.0000012081  -0.0001894036  -0.0000365896  -0.0000531517  -0.0001735328
10210   0.0000503299  -0.0005780861  -0.0001618705  -0.0001615655  -0.0065800274
10211  -0.0077785898  -0.0002960645  -0.0001416143   0.0001958519   0.0002078887
10212   0.0001176899  -0.0002509149   0.0003280236   0.0000914156   0.0000042952
10213   0.0000631911  -0.0000768449  -0.0003876819   0.0001356081  -0.0002143686
10214  -0.0003130549   0.0001690534   0.0001415810  -0.0001560713  -0.0000370263
10215   0.0000396781   0.0001792865  -0.0002652197  -0.0002383629   0.0004262416
10216   0.0001860399  -0.0001464946   0.0002936371  -0.0000120173   0.0000062669
10217   0.0004130975   0.0003124066   0.0001033601  -0.0000529965  -0.0002394372
10218   0.0000410925   0.0004801974   0.0007437118   0.0012654714   0.0000991538
10219  -0.0005903780   0.0012133829   0.0010370091  -0.0000883076  -0.0002361156
10220   0.0000029114   0.0013118926   0.0001666510   0.0008260830  -0.0003333180
10221  -0.0000035608   0.0215501945  -0.0014730518   0.0001521621   0.0004776527
10222   0.0000448922  -0.0000698095   0.0001952671   0.0007652496  -0.0006134259
10223   0.0004404440  -0.0007726225  -0.0010703144   0.0001886637  -0.0000455829
10224  -0.0001319810   0.0000715923  -0.0002262117  -0.0002013708   0.0003533690
10225  -0.0000680621   0.0000152034   0.0000083947   0.0001676176   0.0000697710
10226   0.0002537748  -0.0000609160  -0.0001617424   0.0000985143  -0.0000461639
10227   0.0001439912  -0.0001923691   0.0002337112  -0.0000413807   0.0000241887
10228  -0.0000102292   0.0001953154   0.0000931612   0.0000475256  -0.0000316135
10229   0.0000710950  -0.0000612376   0.0000405350   0.0000497684   0.0000483281
10230  -0.0002115082  -0.0000826957  -0.0002216952   0.0000015691  -0.0000730056
10231   0.0002094491  -0.0000332341  -0.0000596363  -0.0000330342   0.0001412816
10232   0.0001267409  -0.0000611677  -0.0002201356  -0.0000333669   0.0000378396
10233   0.0001537568  -0.0001226215  -0.0000727925   0.0000346882   0.0003781925
10234  -0.0000049645   0.0000846569   0.0000028227   0.0001293918  -0.0002513649
10235   0.0000484823   0.0000675981  -0.0000018113  -0.0000583305  -0.0003783813
10236   0.0002578639  -0.0001649097   0.0000177976  -0.0001507383   0.0004647802
10237   0.0000180342   0.0000240518  -0.0000504472   0.0000033578   0.0000221395
10238  -0.0000272521   0.0000018793  -0.0000014441   0.0000045819  -0.0000040218
10239  -0.0000070092   0.0000152461   0.0000032283  -0.0000159759  -0.0000674996
10240   0.0000600276   0.0000354838  -0.0001555015   0.0000095860   0.0000030388
10241  -0.0000114534  -0.0000199426  -0.0000110043  -0.0000075886   0.0000082076
10242  -0.0000003756  -0.0000013453   0.0000261932  -0.0000022918  -0.0000151393
10243  -0.0000102220   0.0000045955  -0.0000060924   0.0000011846   0.0000255069
10244  -0.0000427106   0.0000065825   0.0000093776   0.0000099906  -0.0000433334
10245  -0.0000193788  -0.0000925530  -0.0000088477   0.0000054888   0.0000015358
10246  -0.0000052644   0.0000106429  -0.0000683033  -0.0000405138   0.0000562673
10247  -0.0001766663  -0.0000074261  -0.0000010657   0.0000002552
103 1  -0.0000679104   0.0000418509  -0.0000641035   0.0003576633  -0.0002554841
103 2   0.0001354932  -0.0005213365  -0.0002364526   0.0002134895  -0.0003814285
103 3   0.0001360337  -0.0002875662   0.0004778555   0.0003890200   0.0000542965
103 4  -0.0000460277   0.0000641376  -0.0000557746  -0.0000198771  -0.0001264685
103 5   0.0000253941  -0.0003243079   0.0001961606   0.0003096827  -0.0001629645
103 6   0.0000304848  -0.0002925047  -0.0001162447  -0.0001357055   0.0000038122
103 7  -0.0000153181   0.0000533437  -0.0001699944  -0.0001318228  -0.0001499609
103 8   0.0003798298  -0.0019197620  -0.0022063974   0.0046638741  -0.0016412690
103 9   0.0020885307  -0.0054337448  -0.0004155748   0.0001748147  -0.0006965195
10310  -0.0001894309  -0.0007670958  -0.0003373594  -0.0005964836   0.0000092398
10311   0.0004696436   0.0014766634   0.0002258919   0.0005627294  -0.0001373441
10312  -0.0001726312  -0.0007265352   0.0002316760   0.0003430904   0.0003394319
10313   0.0007628158  -0.0000932704  -0.0005151770   0.0001212564   0.0002269435
10314   0.0001371122   0.0000919212  -0.0001472418  -0.0000438584   0.0002102309
10315   0.0001760532   0.0007638780  -0.0000854325   0.0000640674   0.0002268343
10316   0.0001840617   0.0001562811   0.0002602753  -0.0000645602   0.0000106068
10317   0.0000718599   0.0002633914   0.0003309663  -0.0004398412  -0.0000784016
10318   0.0001114377   0.0002126541  -0.0001846829  -0.0001809399  -0.0000807158
10319  -0.0031080551  -0.0071798881  -0.0005878601  -0.0042609107   0.0065883249
10320   0.0007205509  -0.0002728808   0.0003478619   0.0000589580  -0.0156390129
10321  -0.0004106095  -0.0014730518   0.0488822661   0.0005686149   0.0007356961
10322  -0.0154585242   0.0014254267   0.0013317804  -0.0005295998  -0.0000184161
10323  -0.0002744004  -0.0034804131   0.0069714269  -0.0003824942  -0.0023278684
10324  -0.0076770205   0.0003385713  -0.0009440169  -0.0010251476  -0.0001434449
10325  -0.0000384645   0.0000368022   0.0000144154   0.0001624714   0.0000970341
10326   0.0001134096  -0.0000615734  -0.0000923833   0.0002128487  -0.0002765058
10327  -0.0002332760  -0.0001369464   0.0004512774  -0.0000050917   0.0000129676
10328  -0.0003905026   0.0000524043  -0.0000401142  -0.0000986053  -0.0001435134
10329   0.0000748189   0.0001204929   0.0000337273   0.0000702822  -0.0000649706
10330   0.0000278299  -0.0000725808   0.0000649519   0.0000789750   0.0001290250
10331  -0.0000097002  -0.0002235925  -0.0000281864  -0.0000071768   0.0001811710
10332   0.0000637907  -0.0000442734  -0.0001744367  -0.0000181432   0.0001808974
10333   0.0000676421  -0.0001443273  -0.0000922772   0.0000673621   0.0004195141
10334  -0.0000463024   0.0001727035   0.0000000141   0.0001501193  -0.0002540167
10335   0.0001432905  -0.0001635488   0.0000128348   0.0001050634   0.0003134151
10336   0.0000992985  -0.0002556392  -0.0000487614   0.0002485303   0.0001174916
10337   0.0000289799   0.0000028701  -0.0000592554   0.0000198747   0.0000169094
10338  -0.0000165740   0.0000069533  -0.0000009751  -0.0000043396  -0.0000007467
10339  -0.0000064499  -0.0000062288  -0.0000127742  -0.0000222586  -0.0000147423
10340   0.0000363924   0.0000315175  -0.0001650201   0.0000018025  -0.0000016102
10341  -0.0000065366  -0.0000072566  -0.0000052516   0.0000063179   0.0000031776
10342   0.0000013920  -0.0000010146   0.0000063150   0.0000105452  -0.0000249880
10343  -0.0000063782   0.0000005569   0.0000032666  -0.0000001810  -0.0000021972
10344  -0.0000532427   0.0000008349   0.0000145384   0.0000140634  -0.0000206967
10345  -0.0000869227  -0.0001058981  -0.0000266406   0.0000132145  -0.0000176509
10346  -0.0000164491  -0.0000128459  -0.0000636080  -0.0000587477   0.0000658688
10347  -0.0002492291   0.0000062372  -0.0000167864  -0.0000272157
104 1   0.0001250399  -0.0004105017   0.0002547672  -0.0003660160  -0.0000416945
104 2   0.0001299357   0.0002353383   0.0000761659   0.0001515287  -0.0003106182
104 3  -0.0000846537   0.0001941936  -0.0001951231   0.0004157644  -0.0005094180
104 4   0.0002126755   0.0000480500  -0.0001582080  -0.0001112448   0.0000824556
104 5  -0.0000691813  -0.0000772864  -0.0001387678   0.0003524247  -0.0003605048
104 6  -0.0005480755   0.0010465768   0.0002617383   0.0000249426   0.0001351520
104 7  -0.0002105714  -0.0003186719   0.0001904143   0.0001304645  -0.0001219992
104 8   0.0002046040  -0.0020181245   0.0000652342   0.0029646788   0.0019741022
104 9   0.0003747144   0.0039034335  -0.0000571501  -0.0002688627  -0.0000479213
10410   0.0002051868  -0.0003895634  -0.0002207968   0.0001307121   0.0001325367
10411  -0.0005470979   0.0003703725  -0.0031834555  -0.0066461917  -0.0003608825
10412   0.0000725727  -0.0004990104   0.0004863496   0.0004860245   0.0001577811
10413   0.0007694089   0.0005425130   0.0006468430  -0.0005712343  -0.0001087895
10414   0.0001460212   0.0000749754  -0.0003715927  -0.0006075463   0.0000585737
10415  -0.0002354282   0.0004147377   0.0000596155   0.0002792226   0.0000090810
10416  -0.0002708224  -0.0000934383  -0.0000424531   0.0005107417  -0.0001349351
10417  -0.0001026465  -0.0007480286  -0.0008802279  -0.0000821261   0.0003926786
10418   0.0000686748  -0.0000386104  -0.0002962241   0.0004013484  -0.0004108886
10419  -0.0077792780  -0.0113169149  -0.0015339223   0.0075472491  -0.0109183736
10420  -0.0010672636   0.0000151753  -0.0007688179  -0.0001687319  -0.0000009177
10421   0.0010640128   0.0001521621   0.0005686149   0.0478109252   0.0002379055
10422  -0.0001954367   0.0012759719  -0.0001763758   0.0011828414   0.0002805007
10423  -0.0004508900   0.0056119450  -0.0116737678   0.0008196003  -0.0064333780
10424  -0.0115275997   0.0012816365  -0.0007712530  -0.0001697345   0.0001346239
10425  -0.0002271110  -0.0002442366  -0.0001011308   0.0003053325   0.0001971774
10426  -0.0000219339  -0.0000804695  -0.0002779485   0.0002077696  -0.0000788642
10427   0.0001107318   0.0001356262  -0.0000885508   0.0001263354  -0.0000904108
10428   0.0002122001   0.0001044510  -0.0003288635   0.0001919728  -0.0001075671
10429  -0.0000401968  -0.0001542154   0.0000050719  -0.0000028333   0.0001215848
10430  -0.0001269687   0.0000714917  -0.0001483965   0.0001061045   0.0002097069
10431  -0.0000840297   0.0000186089  -0.0000942606  -0.0000354796  -0.0001458723
10432  -0.0001435695   0.0000949255   0.0000988467  -0.0000267067  -0.0000558513
10433  -0.0000274977   0.0001135089  -0.0000677054  -0.0000432901   0.0000613754
10434  -0.0000314842   0.0000388078  -0.0000474201   0.0000571004   0.0000058399
10435  -0.0000200206  -0.0000717781  -0.0000157282   0.0001334432   0.0001162763
10436  -0.0000450727  -0.0001057712  -0.0000049331   0.0002434730   0.0001126220
10437   0.0000525177   0.0001164840   0.0001427817   0.0000255388   0.0000556483
10438   0.0000378612   0.0000062030  -0.0000016202  -0.0000067473   0.0000149119
10439   0.0000020349  -0.0000251003   0.0000216607   0.0000010050  -0.0000700925
10440   0.0000592002   0.0000221248  -0.0002524130   0.0000326375   0.0000085190
10441   0.0000329964  -0.0000029137   0.0000083950  -0.0000251347   0.0000103949
10442  -0.0000065659  -0.0000074502  -0.0000207559  -0.0000140107   0.0000397739
10443   0.0000172957  -0.0000109580   0.0000249751   0.0000164960   0.0000011126
10444  -0.0000196019   0.0000107896   0.0000024687   0.0000162931   0.0000130266
10445  -0.0000035906  -0.0000121592  -0.0000047681   0.0000057337   0.0000129801
10446   0.0000126799   0.0000010471  -0.0000385727  -0.0000240289   0.0000033694
10447  -0.0000127385  -0.0000011145  -0.0000082275  -0.0000088991
105 1  -0.0001654933  -0.0000042242  -0.0002091181  -0.0000585024   0.0002202022
105 2  -0.0000282032   0.0000911981   0.0001357598   0.0000665854  -0.0003487401
105 3  -0.0001472575  -0.0001693218  -0.0000269636   0.0000855911  -0.0007593266
105 4   0.0000656146  -0.0001306428   0.0000755471   0.0000530021   0.0000503303
105 5  -0.0000513233   0.0001397357  -0.0001068506  -0.0003199168  -0.0000122772
105 6   0.0010009112   0.0003289783  -0.0002849376   0.0001400213  -0.0004809841
105 7   0.0001379392   0.0000300803   0.0002117042   0.0000163543   0.0001649283
105 8  -0.0001790348   0.0052048158   0.0032284525  -0.0064481905  -0.0060694831
105 9   0.0037057777  -0.0078647153   0.0000465528   0.0004002942  -0.0000947165
10510  -0.0003992275  -0.0001476352  -0.0000202847   0.0005826870  -0.0006987596
10511   0.0004236574   0.0002576505  -0.0073209777  -0.0077027145  -0.0004031457
10512  -0.0003316017   0.0000853177   0.0001870247   0.0002020964   0.0001590574
10513  -0.0000781753  -0.0000768589  -0.0007189567   0.0001177233  -0.0002283194
10514  -0.0006095388   0.0001877741  -0.0001367567  -0.0002275185   0.0005394726
10515   0.0001064407  -0.0000768429  -0.0001499485  -0.0001611910   0.0000781039
10516   0.0000347290  -0.0000156610  -0.0000957967  -0.0000952048  -0.0000936097
10517  -0.0000518449  -0.0002613806  -0.0005626554   0.0002052508  -0.0000910993
10518  -0.0000287991  -0.0000749826  -0.0000715450  -0.0002063577   0.0005349534
10519   0.0004646759   0.0013007808   0.0006396997  -0.0004373193   0.0020306505
10520   0.0004552896  -0.0000010088   0.0002164793  -0.0000779527   0.0013348125
10521  -0.0000691397   0.0004776527   0.0007356961   0.0002379055   0.0208774813
10522  -0.0012908661  -0.0001093583   0.0003780575  -0.0005639533  -0.0001753728
10523   0.0001104663   0.0015133213  -0.0014065070   0.0003348692  -0.0007686184
10524  -0.0010109869   0.0003149889  -0.0000996479   0.0001345472   0.0001089238
10525   0.0001318230   0.0000851020   0.0000371899  -0.0003190458  -0.0000919855
10526  -0.0001842135   0.0001044783   0.0001719727  -0.0001656870   0.0003447433
10527   0.0001357789   0.0001327103  -0.0005308828  -0.0000813962   0.0000605242
10528   0.0005596633   0.0002097698  -0.0001275351   0.0000153220  -0.0001133395
10529  -0.0001110827   0.0000155893  -0.0000264895  -0.0001116124  -0.0000373592
10530   0.0000689840   0.0000519994   0.0000695129  -0.0001274189  -0.0001628474
10531  -0.0000221808   0.0003586065   0.0000124263  -0.0001230359  -0.0000728879
10532  -0.0001451415   0.0001456171   0.0001586686  -0.0000984960  -0.0004184410
10533   0.0000405840   0.0001177070   0.0001027419   0.0001138256  -0.0003117279
10534   0.0000330260  -0.0001162767  -0.0000788477   0.0000712912  -0.0000361946
10535  -0.0000546346  -0.0000154745  -0.0000984189   0.0001290994  -0.0002244145
10536   0.0000701729   0.0007786509   0.0002038836  -0.0005570484   0.0000996047
10537  -0.0000220747  -0.0000608345  -0.0000311224  -0.0000152931  -0.0000353947
10538   0.0000028967  -0.0000091770   0.0000018791   0.0000040526  -0.0000102487
10539   0.0000046612   0.0000026134  -0.0000029931   0.0000052111   0.0001000638
10540  -0.0000922920  -0.0000534105   0.0002149906  -0.0000145579  -0.0000173667
10541   0.0000206145   0.0000035039   0.0000027027  -0.0000077059  -0.0000009437
10542  -0.0000045234   0.0000093607  -0.0000231991  -0.0000446164   0.0000583683
10543   0.0000320615  -0.0000260522   0.0000504665   0.0000200702  -0.0000166974
10544   0.0000329365   0.0000163624  -0.0000160357  -0.0000185829   0.0000956680
10545   0.0000352519   0.0001794605   0.0000108708  -0.0000112000   0.0000177811
10546  -0.0000393759   0.0000242320  -0.0000249941  -0.0000860348  -0.0000131237
10547  -0.0000260358  -0.0000024460  -0.0000884183  -0.0000585516
106 1  -0.0001804635  -0.0002456509  -0.0000326777  -0.0003896373   0.0003548596
106 2  -0.0002573956   0.0006721350   0.0001817477  -0.0000450066  -0.0002571967
106 3  -0.0003796456   0.0004581602  -0.0003243004  -0.0000745012  -0.0001007446
106 4   0.0001687894   0.0000519405   0.0000301781  -0.0001359513   0.0001564409
106 5  -0.0001126261   0.0003245121  -0.0001431564   0.0002200030  -0.0003970962
106 6  -0.0001430389   0.0003902008  -0.0000435952   0.0001140814   0.0002461767
106 7  -0.0001372883  -0.0001062507   0.0002797147  -0.0000775972   0.0000534406
106 8  -0.0001287512  -0.0000843199  -0.0001586038   0.0001744779  -0.0013656839
106 9  -0.0016981831   0.0039662067  -0.0028275214   0.0025104074  -0.0053869485
10610  -0.0000052309  -0.0002506179  -0.0000447724  -0.0000575164   0.0001376768
10611  -0.0000852355  -0.0004802817   0.0003395735   0.0003872384   0.0013647153
10612   0.0005937268   0.0010743767   0.0002468125   0.0000263339   0.0001981557
10613   0.0007861565   0.0002072569   0.0004257382  -0.0006211445   0.0000510090
10614   0.0000118237   0.0001969545   0.0002840219  -0.0002575011  -0.0003250122
10615  -0.0001951912  -0.0007716629   0.0000109725  -0.0001475588   0.0001809337
10616  -0.0002489047  -0.0001622937  -0.0000394261   0.0005465408  -0.0000980876
10617   0.0000636519  -0.0004034677  -0.0002524804  -0.0000531708   0.0004028717
10618   0.0000166179   0.0000129958  -0.0001507465   0.0005645555  -0.0001896864
10619  -0.0003878679  -0.0001183631  -0.0002350820  -0.0030523228  -0.0065685148
10620  -0.0010580643   0.0003388734  -0.0005524720   0.0002181497  -0.0000457134
10621  -0.0000959617   0.0000448922  -0.0154585242  -0.0001954367  -0.0012908661
10622   0.0299443780   0.0021701962   0.0007326810   0.0003161085   0.0002015592
10623  -0.0003634184  -0.0009786666   0.0003302677  -0.0000634972  -0.0034376261
10624   0.0080681548   0.0001241947  -0.0035202888  -0.0049493098   0.0016283018
10625  -0.0000495788  -0.0000499699  -0.0000289034   0.0000756331   0.0000813588
10626   0.0000202753  -0.0000190175  -0.0000903892   0.0000940844  -0.0000522614
10627   0.0000259924   0.0000432458  -0.0000662673   0.0000751247  -0.0000646732
10628   0.0000786248  -0.0000309307  -0.0001768113   0.0001088880  -0.0000167845
10629  -0.0000562827  -0.0000399187  -0.0000010507  -0.0000306965  -0.0000053809
10630  -0.0000338113   0.0000250240  -0.0000601888   0.0000036926   0.0001014580
10631  -0.0000213338   0.0000897022  -0.0000115857  -0.0000087418  -0.0000545463
10632  -0.0000613621   0.0000527604   0.0000781251   0.0000074971   0.0000057746
10633  -0.0000224784   0.0000540630   0.0000055205   0.0000183685   0.0000599752
10634   0.0000235979  -0.0001066041  -0.0000490961   0.0000567123  -0.0001801033
10635  -0.0001214078   0.0000085302  -0.0000158093  -0.0000213629  -0.0000199969
10636  -0.0001170196  -0.0000626228   0.0000386897   0.0001447459  -0.0000085348
10637   0.0000195717   0.0000416818   0.0000166857   0.0000097128   0.0000201700
10638   0.0000135993   0.0000025685  -0.0000008288  -0.0000026472   0.0000083595
10639  -0.0000033722  -0.0000158949   0.0000073871  -0.0000073885  -0.0000152045
10640   0.0000059344   0.0000047423  -0.0001046777   0.0000081629   0.0000066604
10641   0.0000147558   0.0000202060   0.0000085468  -0.0000071467   0.0000029852
10642   0.0000118623   0.0000083081  -0.0000137613  -0.0000022742   0.0000023771
10643   0.0000097349   0.0000088316  -0.0000010785  -0.0000250641   0.0000308322
10644   0.0000177895  -0.0000054264  -0.0000128217  -0.0000179288   0.0000131807
10645   0.0000982257   0.0000500184   0.0000183431  -0.0000148029   0.0000302768
10646  -0.0000234353   0.0000568204  -0.0000641249  -0.0000730381   0.0000447210
10647  -0.0000223142  -0.0000233214   0.0000322312   0.0000332051
107 1  -0.0002844112   0.0004411572   0.0002459571  -0.0000242213   0.0004403941
107 2  -0.0002212401   0.0007540707   0.0001019219  -0.0001712754  -0.0004071325
107 3  -0.0003253653   0.0003809212   0.0001682336   0.0000357111   0.0004193677
107 4  -0.0002741906  -0.0003529988  -0.0001572989   0.0003199404   0.0000112954
107 5  -0.0001567043   0.0003609772  -0.0002603853  -0.0000314204  -0.0002831885
107 6  -0.0004882315   0.0002002941   0.0000323175  -0.0004100670  -0.0001704279
107 7  -0.0002221826   0.0002771686   0.0004135006   0.0000901277  -0.0001021567
107 8   0.0002022228   0.0001254748  -0.0002030384   0.0001232094  -0.0010078092
107 9   0.0003405719   0.0015948505   0.0024319307  -0.0004830217   0.0040054454
10710   0.0001035603   0.0005592113   0.0003698702  -0.0004915722   0.0000015689
10711   0.0001625255   0.0006555757  -0.0002328554  -0.0005133711  -0.0001264058
10712  -0.0045846452  -0.0089656324  -0.0004600285   0.0001410544   0.0003163405
10713  -0.0001917004   0.0002479736   0.0006130286  -0.0004736038  -0.0002572502
10714   0.0001285293   0.0000635287  -0.0000203997  -0.0003822123   0.0005495368
10715  -0.0000661844  -0.0009636799   0.0000704867   0.0000236337  -0.0001043469
10716  -0.0000869163   0.0000053073   0.0000157681   0.0002123508   0.0001679034
10717   0.0003498020  -0.0000439238   0.0001510537  -0.0001535191   0.0001544388
10718  -0.0001195369  -0.0002712724   0.0001419682   0.0001196681  -0.0004087282
10719  -0.0005960477  -0.0002642333  -0.0000898713  -0.0048208875  -0.0109948478
10720  -0.0016498371   0.0005373856  -0.0001701292  -0.0000923639  -0.0000696849
10721  -0.0004001946  -0.0000698095   0.0014254267   0.0012759719  -0.0001093583
10722   0.0021701962   0.0380857735   0.0018969291  -0.0000783985  -0.0000649579
10723  -0.0000102403   0.0003408342  -0.0000706172  -0.0002229373   0.0072191516
10724  -0.0119201961   0.0012495075  -0.0079508854  -0.0109666985   0.0021121875
10725  -0.0000888867  -0.0001625168  -0.0001305685  -0.0000137843   0.0001481357
10726  -0.0002813150  -0.0000089852  -0.0000953172   0.0000878064   0.0002381198
10727   0.0000981104   0.0002286630  -0.0002896125   0.0000406538  -0.0000600473
10728   0.0001681157  -0.0002616101  -0.0003078734   0.0001348965   0.0002046199
10729  -0.0000684670  -0.0001528249   0.0000163806  -0.0000150046   0.0000925216
10730   0.0000738650   0.0001642890  -0.0002093231  -0.0001826360   0.0002246303
10731   0.0001687588  -0.0001610570  -0.0001817822  -0.0000807819  -0.0000135496
10732  -0.0000230320   0.0000662407   0.0001653728   0.0000823392  -0.0003925087
10733  -0.0001242804   0.0003843939   0.0001102319   0.0000285386  -0.0003195474
10734  -0.0000114299   0.0000705323   0.0000201199  -0.0000222479   0.0001383486
10735  -0.0000542092   0.0002195263  -0.0000699206   0.0003167399   0.0000523954
10736   0.0000661465  -0.0005078197  -0.0000270034   0.0003924735   0.0003454906
10737  -0.0000523769   0.0000472921   0.0002104262  -0.0000132322  -0.0000014543
10738   0.0000282237  -0.0000042129  -0.0000079793  -0.0000163285  -0.0000000257
10739   0.0000130799  -0.0000140675   0.0000241061   0.0000018472  -0.0000057323
10740   0.0000342803   0.0000462380  -0.0000510377   0.0000056622   0.0000216750
10741   0.0000222557   0.0000118742  -0.0000074180  -0.0000354184   0.0000039289
10742  -0.0000182773  -0.0000195177   0.0000063070   0.0000120674  -0.0000375189
10743  -0.0000187780  -0.0000192808  -0.0000187575   0.0000011192  -0.0000377269
10744  -0.0000018735   0.0000066283   0.0000021994   0.0000115215  -0.0000044023
10745  -0.0000586330  -0.0000149546   0.0000117129  -0.0000014674   0.0000028570
10746  -0.0000006480  -0.0000052543   0.0000267327   0.0000068203  -0.0000197894
10747   0.0001490966  -0.0000065038  -0.0000087376  -0.0000254228
108 1   0.0000650054   0.0000820267  -0.0002313515   0.0000713766   0.0001805743
108 2   0.0001045958   0.0001086506   0.0000378749  -0.0001429687   0.0000893972
108 3  -0.0001095747  -0.0000533353  -0.0003942123  -0.0001343494  -0.0004285485
108 4   0.0001182488  -0.0000807061  -0.0000976703   0.0002466390   0.0000694970
108 5  -0.0000142959  -0.0000594108  -0.0001158995  -0.0000501171   0.0002486748
108 6   0.0002426850   0.0001808773  -0.0001222697   0.0006467071  -0.0000693384
108 7  -0.0000492078   0.0002650065   0.0001590180  -0.0000663373  -0.0000625456
108 8   0.0001019310   0.0002443670   0.0001954371  -0.0002346195   0.0042957350
108 9   0.0023690546  -0.0052014025  -0.0082443880   0.0060530487  -0.0120845209
10810  -0.0001994251   0.0001739246   0.0001075796   0.0000800491  -0.0002040177
10811   0.0000427872   0.0004876122  -0.0004636306  -0.0001815447   0.0007559210
10812  -0.0093370802  -0.0104040251  -0.0004368435  -0.0003735538   0.0008398714
10813  -0.0004285016  -0.0001593623  -0.0002550873   0.0001043727  -0.0000529056
10814  -0.0001684785  -0.0001234521  -0.0001610291  -0.0006787130   0.0004877010
10815   0.0000447549  -0.0005797450  -0.0002692526   0.0000028798  -0.0001309068
10816   0.0000530068  -0.0000678227  -0.0000274442   0.0000533178  -0.0001241733
10817   0.0000414837  -0.0000672034  -0.0004892224   0.0001961264  -0.0002590746
10818  -0.0001435650   0.0000014634   0.0000615890  -0.0001301108   0.0002549545
10819  -0.0000707985   0.0001976893  -0.0000062341   0.0011029676   0.0015981324
10820   0.0004906449   0.0000610826   0.0002909910  -0.0000276110   0.0001362926
10821  -0.0000457772   0.0001952671   0.0013317804  -0.0001763758   0.0003780575
10822   0.0007326810   0.0018969291   0.0258262601  -0.0003402576  -0.0000403065
10823   0.0003210279   0.0004121803  -0.0000383100   0.0001832969   0.0008909167
10824  -0.0007478829   0.0007739711  -0.0010443732  -0.0009930725   0.0002486097
10825   0.0000033218  -0.0000630310  -0.0000422707  -0.0000048190  -0.0000776742
10826  -0.0001868372   0.0000535112   0.0001564483  -0.0000978855   0.0001740348
10827   0.0001144656   0.0001342646  -0.0002345763  -0.0000420733   0.0000512611
10828   0.0001671102   0.0000254492  -0.0000918182  -0.0000655350   0.0000483248
10829   0.0000222313  -0.0000493956   0.0000171873  -0.0000539188   0.0000530125
10830  -0.0000034299   0.0000888363   0.0001226566   0.0001104527  -0.0000385190
10831  -0.0001748245  -0.0002047854  -0.0000326210   0.0001485568  -0.0001376435
10832  -0.0000681644  -0.0000613205  -0.0000005693  -0.0000136215   0.0003523501
10833   0.0003004222   0.0003464268  -0.0005698053  -0.0003369685  -0.0003261961
10834   0.0002152035  -0.0004408602  -0.0000003176  -0.0001419305   0.0004241568
10835  -0.0001177797  -0.0001746280  -0.0000856560   0.0002550085   0.0002172268
10836   0.0003764170   0.0000113177   0.0000079367  -0.0002040428   0.0000195634
10837  -0.0000183313   0.0000110127   0.0000832102  -0.0000127987  -0.0000137151
10838   0.0000177215  -0.0000024233   0.0000006332   0.0000024473   0.0000000160
10839   0.0000019601  -0.0000013786  -0.0000068712  -0.0000004339   0.0000545721
10840  -0.0000766620  -0.0000497335   0.0001282810  -0.0000096883  -0.0000134466
10841  -0.0000062338   0.0000009873  -0.0000013139  -0.0000175465   0.0000013356
10842  -0.0000123295  -0.0000022729  -0.0000228164  -0.0000174951   0.0000358183
10843   0.0000026653   0.0000259456  -0.0000190910  -0.0000808630   0.0000934165
10844   0.0001456513  -0.0000489819  -0.0000470765  -0.0000979426   0.0000533548
10845   0.0003181343   0.0001975997  -0.0000113457  -0.0000342130  -0.0000388622
10846   0.0000110011  -0.0000931859   0.0001275235   0.0001070249  -0.0001938979
10847   0.0002014481   0.0000117533  -0.0000467906  -0.0000497705
109 1  -0.0000324705   0.0001153260  -0.0000697449   0.0000944822   0.0001125531
109 2  -0.0000472898  -0.0001403043   0.0001958747  -0.0002717878   0.0000123714
109 3   0.0001546670  -0.0004685699   0.0000897449   0.0000322999  -0.0001185734
109 4  -0.0002324769   0.0000824082  -0.0000381078   0.0000054278  -0.0000978843
109 5  -0.0000670906   0.0001525097  -0.0002085791  -0.0003740169   0.0002442734
109 6   0.0001896749  -0.0000229659   0.0000496968   0.0000731183  -0.0000598788
109 7  -0.0000682020  -0.0001782316   0.0003727960  -0.0000611864   0.0002035856
109 8   0.0000383107  -0.0000762309   0.0004199387  -0.0001921679  -0.0000425517
109 9  -0.0000906995   0.0000419978   0.0004197677   0.0002711440   0.0005397334
10910  -0.0036710708  -0.0014737118   0.0069130658  -0.0015551954   0.0011874591
10911  -0.0035609151  -0.0005401972  -0.0001452925  -0.0004724080   0.0002349231
10912  -0.0000651856   0.0001036277  -0.0005724355  -0.0004012674   0.0008516931
10913   0.0009437568  -0.0013022810  -0.0019610007  -0.0004083566  -0.0001876181
10914  -0.0002738334   0.0001565922   0.0000347694  -0.0000955204   0.0004327185
10915   0.0000875720  -0.0002923585  -0.0000731740  -0.0001594460  -0.0000313175
10916   0.0001005563  -0.0000609911  -0.0000409706  -0.0003289424  -0.0001096804
10917   0.0000965752   0.0001817525  -0.0000762855   0.0003225391  -0.0001182546
10918  -0.0002029615   0.0000419070  -0.0001994386  -0.0004695908   0.0003781958
10919   0.0001973999  -0.0000089492   0.0003697080   0.0003986589   0.0001414498
10920   0.0001389272  -0.0036190519  -0.0054610815  -0.0010390529  -0.0027794507
10921   0.0075188215   0.0007652496  -0.0005295998   0.0011828414  -0.0005639533
10922   0.0003161085  -0.0000783985  -0.0003402576   0.0252527598   0.0010406285
10923  -0.0008222386  -0.0130071291  -0.0019226425   0.0012143642  -0.0008583608
10924  -0.0004503714  -0.0003797842  -0.0003212367   0.0002690556  -0.0004244514
10925   0.0000335832  -0.0000633277  -0.0000060165  -0.0002626821  -0.0000407999
10926  -0.0003788220   0.0000647417   0.0001514972  -0.0000552717   0.0002791435
10927   0.0000191280   0.0001242316  -0.0002671354  -0.0000196742   0.0001550551
10928   0.0000781471  -0.0002360266   0.0000134666  -0.0001096024   0.0001618789
10929  -0.0001109203   0.0000684605   0.0000362910  -0.0001207715  -0.0001194984
10930   0.0001641054   0.0000509536   0.0001318721  -0.0002851729  -0.0000883541
10931  -0.0000493701   0.0002775574  -0.0000528506   0.0001431365   0.0000243275
10932   0.0000091640  -0.0000543317  -0.0000048455   0.0000876129   0.0001675728
10933   0.0000408916   0.0000588582  -0.0001311623   0.0000613505  -0.0004079670
10934   0.0002566128  -0.0003846406  -0.0000126819  -0.0000569073   0.0000701879
10935   0.0000805325  -0.0001418954   0.0000396914  -0.0001360580   0.0000037543
10936  -0.0002054784   0.0004590723   0.0001097565  -0.0000195504  -0.0004071150
10937  -0.0000571131  -0.0000162230   0.0000864394  -0.0000184248  -0.0000182879
10938   0.0000412823  -0.0000071870  -0.0000037102  -0.0000078250  -0.0000035816
10939   0.0000071214  -0.0000203447   0.0000175708   0.0000220017   0.0000581008
10940   0.0000035473  -0.0000077079   0.0001412312  -0.0000145566  -0.0000188894
10941   0.0000013973  -0.0000006641  -0.0000029192  -0.0000088478  -0.0000095070
10942  -0.0000038883   0.0000025954   0.0000080082  -0.0000201613   0.0000077939
10943  -0.0000040601   0.0000212830  -0.0000393319  -0.0000564131   0.0000314260
10944   0.0001260872  -0.0000364561  -0.0000341008  -0.0000696901   0.0000449654
10945   0.0001692802   0.0002274862  -0.0000245741  -0.0000097169  -0.0000748744
10946  -0.0000614355  -0.0000244833   0.0000493936   0.0000325459  -0.0000064523
10947   0.0000532362  -0.0000050439  -0.0000340009   0.0000033174
110 1  -0.0001641785   0.0000372107  -0.0001785680   0.0000423844   0.0004184674
110 2  -0.0000070430   0.0000146993   0.0001170149  -0.0001838697  -0.0002723518
110 3   0.0003010729  -0.0003037171   0.0002730401   0.0002892165  -0.0001571734
110 4   0.0000741838  -0.0001907365  -0.0000415988  -0.0001009302  -0.0001010536
110 5  -0.0001173841   0.0002084894  -0.0000541639  -0.0003440173  -0.0000014742
110 6   0.0001163116  -0.0000250106   0.0001086786  -0.0000540524  -0.0000354462
110 7  -0.0001321690   0.0000446113   0.0001553148  -0.0000789676  -0.0006507918
110 8   0.0008218871   0.0001851182   0.0004474441   0.0002047036   0.0000912888
110 9   0.0000828310   0.0001275411  -0.0000960624   0.0000029139  -0.0000033097
11010  -0.0029120501  -0.0000854380   0.0061345518   0.0016246899   0.0002024466
11011   0.0027243008  -0.0001692789  -0.0003027889   0.0003175067   0.0000306692
11012  -0.0000968308  -0.0000936332  -0.0000168850   0.0000602380  -0.0000948538
11013  -0.0005641162  -0.0093794396  -0.0128350092  -0.0001201867  -0.0001263865
11014  -0.0000357549  -0.0002264125   0.0000207447   0.0000662416   0.0000932160
11015   0.0000307336   0.0000139505  -0.0001973145  -0.0001287460  -0.0000520846
11016   0.0001229697   0.0000786450  -0.0000336863  -0.0002756520   0.0000995207
11017   0.0000814664   0.0002075023  -0.0000889430   0.0000227749  -0.0003493895
11018  -0.0003030077   0.0000968265   0.0001402562  -0.0009300305   0.0002385973
11019   0.0002340471  -0.0002738227   0.0003051113   0.0002777582  -0.0000249292
11020  -0.0001657562  -0.0073392417  -0.0108647203  -0.0011112564   0.0071881214
11021  -0.0113278330  -0.0006134259  -0.0000184161   0.0002805007  -0.0001753728
11022   0.0002015592  -0.0000649579  -0.0000403065   0.0010406285   0.0326702096
11023   0.0054733974   0.0009881772   0.0000694831  -0.0000071284  -0.0000215771
11024  -0.0002378569   0.0000676463   0.0001535957  -0.0001244126  -0.0000344772
11025  -0.0001012866  -0.0002033376  -0.0001160691  -0.0001721650   0.0001550927
11026  -0.0002489010   0.0000247087  -0.0000972670   0.0000477709   0.0003641622
11027   0.0002015443   0.0000989309  -0.0004051583  -0.0000671338  -0.0001021074
11028   0.0003244789  -0.0002914271   0.0000949061   0.0001703464   0.0002396449
11029  -0.0000524203  -0.0001339569  -0.0000062460  -0.0001481969   0.0000137913
11030   0.0000709555   0.0000830117  -0.0000921544  -0.0002484697   0.0001524508
11031  -0.0000396749   0.0000039365  -0.0001163674  -0.0000079107   0.0000279224
11032  -0.0001083855   0.0000562018   0.0001603532   0.0001246610  -0.0002431477
11033  -0.0000892835   0.0003312795   0.0000424699   0.0000170566  -0.0003650060
11034   0.0000537953  -0.0001124725  -0.0000136670  -0.0000251921   0.0000620524
11035  -0.0000199998   0.0002579711   0.0000344276   0.0000119053  -0.0001968284
11036  -0.0000559616  -0.0000710732  -0.0000307749   0.0000588915  -0.0001698726
11037  -0.0000518459   0.0000457117   0.0002347721  -0.0000355019  -0.0000028646
11038   0.0000551388  -0.0000081650  -0.0000047029   0.0000031227   0.0000009918
11039   0.0000116460  -0.0000210985   0.0000370586   0.0000364561  -0.0000042440
11040  -0.0000094755   0.0000195341  -0.0000138069  -0.0000206594   0.0000483568
11041   0.0000231078  -0.0000044362  -0.0000022240  -0.0000203320   0.0000024084
11042  -0.0000062227  -0.0000154675  -0.0000018958   0.0000014180   0.0000100245
11043  -0.0000012717   0.0000017262  -0.0000210366  -0.0000006199   0.0000133026
11044   0.0000438540   0.0000052012  -0.0000068980  -0.0000059195   0.0000044809
11045   0.0000472762   0.0000760323  -0.0000023653   0.0000040547  -0.0000028444
11046  -0.0000057211  -0.0000017132   0.0000276980   0.0000080235  -0.0000079761
11047   0.0000676708  -0.0000203015  -0.0000158344  -0.0000114563
111 1  -0.0000945510  -0.0001654406  -0.0001765175  -0.0000289558   0.0000988955
111 2  -0.0000369148   0.0002957606  -0.0002240829   0.0002152201  -0.0005705585
111 3  -0.0002923135   0.0001984849   0.0001916512   0.0002793064  -0.0001410646
111 4   0.0002404891  -0.0000163681  -0.0000359679  -0.0002950271  -0.0001515621
111 5  -0.0000385515   0.0000212454  -0.0000968037   0.0000699486  -0.0003060149
111 6   0.0000875281  -0.0001528214   0.0002044180  -0.0000718156   0.0002896248
111 7   0.0001243087   0.0001951889  -0.0001743671  -0.0000785680   0.0004708674
111 8  -0.0000058687   0.0001493846  -0.0005527210  -0.0006857951  -0.0000096370
111 9  -0.0000593198   0.0002232228   0.0001872155  -0.0002709319  -0.0002790102
11110   0.0090725118   0.0045026322  -0.0127052263  -0.0056871956   0.0032629147
11111  -0.0065808846   0.0005545355   0.0001988356  -0.0004183537   0.0000440398
11112   0.0000026221  -0.0001717354   0.0006077290   0.0000644359   0.0000816742
11113   0.0006575069  -0.0169304718  -0.0197078448  -0.0008389129   0.0000669733
11114   0.0002249527   0.0001115007   0.0001434471  -0.0002405051   0.0000375301
11115   0.0002110899   0.0002503673  -0.0000966547  -0.0000431569   0.0002304800
11116  -0.0000939755   0.0001196283   0.0002123695   0.0004175303   0.0000955432
11117   0.0002485665  -0.0000956276   0.0001924395  -0.0002516055  -0.0000266762
11118   0.0000937550   0.0001746431  -0.0000556486  -0.0001317529   0.0001865474
11119   0.0001657847   0.0002299493  -0.0000748829  -0.0003476669  -0.0000778712
11120  -0.0000806536   0.0003728223   0.0014983416   0.0005338752  -0.0002883484
11121   0.0017478719   0.0004404440  -0.0002744004  -0.0004508900   0.0001104663
11122  -0.0003634184  -0.0000102403   0.0003210279  -0.0008222386   0.0054733974
11123   0.0372523326  -0.0025739363   0.0003082211   0.0002707524   0.0000006419
11124   0.0001712458   0.0001042061  -0.0006411865  -0.0001814022   0.0007532808
11125  -0.0000075297   0.0000886108   0.0001186348   0.0004401939  -0.0004359233
11126  -0.0001484903   0.0000278222   0.0006186321  -0.0002846909  -0.0004587773
11127  -0.0001739206   0.0002477409   0.0004603620   0.0000828935   0.0003813416
11128  -0.0009337515   0.0001908462  -0.0009624491  -0.0000996163  -0.0005151993
11129   0.0001254656   0.0001633584  -0.0000029058   0.0000854609  -0.0000628662
11130  -0.0000879268  -0.0001077471   0.0001291530   0.0002807054   0.0002189979
11131  -0.0000153818  -0.0001188511   0.0000507687   0.0000709859   0.0000866841
11132   0.0000811033  -0.0000936781  -0.0002756168  -0.0000528424   0.0002499440
11133   0.0001341586  -0.0002588435  -0.0002720256   0.0000986377   0.0006877394
11134   0.0000375596   0.0000782653  -0.0000437236   0.0002617768  -0.0004154331
11135   0.0001014920  -0.0004786960  -0.0000675787   0.0001994194   0.0006231629
11136   0.0001485199  -0.0001422370   0.0003244404   0.0005722108  -0.0001710368
11137   0.0000510785  -0.0000872456  -0.0001193496   0.0000300124  -0.0000073576
11138  -0.0000521945   0.0000293226   0.0000124597   0.0000007729  -0.0000075088
11139  -0.0000370448   0.0000679901  -0.0000712621  -0.0000809556   0.0000584773
11140  -0.0000430658  -0.0000522572   0.0002991339  -0.0000056568  -0.0000200839
11141  -0.0001205346   0.0000092144   0.0000237800   0.0000142203   0.0000252464
11142   0.0000163503   0.0000087283   0.0000109227   0.0000170987  -0.0000052409
11143  -0.0000082627   0.0000002810   0.0000023986  -0.0000117290   0.0000429910
11144  -0.0000706092   0.0000132660   0.0000117317   0.0000190723  -0.0000777649
11145  -0.0000066821  -0.0001240788  -0.0000129692  -0.0000055891   0.0000284099
11146  -0.0000136581   0.0000277063  -0.0001614995  -0.0001512484   0.0000917085
11147  -0.0003612104   0.0000002188  -0.0000216862  -0.0000445065
112 1   0.0003693290  -0.0003187235   0.0003919029  -0.0000209056  -0.0005597129
112 2   0.0007146171  -0.0003608439  -0.0000111094   0.0003098616   0.0000714604
112 3   0.0000386315   0.0002210329  -0.0001470831  -0.0000748441   0.0001050487
112 4   0.0002133431  -0.0000811627  -0.0002426902  -0.0001742895  -0.0001138954
112 5   0.0001467402  -0.0002071326   0.0003000828   0.0003935902  -0.0003765199
112 6  -0.0001509386  -0.0000099445   0.0004015703   0.0003675740   0.0000321701
112 7  -0.0001944674  -0.0004675390  -0.0002788516   0.0001833920  -0.0005156607
112 8   0.0002489815   0.0001575846  -0.0006765221  -0.0001380204  -0.0003110741
112 9  -0.0001265637  -0.0000200269  -0.0006085953  -0.0010356300  -0.0005994799
11210   0.0000668376  -0.0009751393   0.0001755738  -0.0020413953  -0.0012482184
11211   0.0038178843  -0.0009150897   0.0017049299  -0.0045541845  -0.0005501849
11212   0.0005794226  -0.0005751024   0.0004302096   0.0008982715  -0.0009500236
11213   0.0014233091   0.0008192476   0.0005519405   0.0005350679   0.0005886909
11214   0.0007758626   0.0002845325   0.0002394545   0.0001900845  -0.0003433517
11215   0.0000519183   0.0001833485  -0.0000026150   0.0007743079  -0.0001606984
11216  -0.0003342457   0.0000561985   0.0000280645   0.0005820972  -0.0001267765
11217  -0.0000471916  -0.0002381537   0.0000920676  -0.0003730623   0.0002441754
11218   0.0001385791  -0.0001292363  -0.0001071138   0.0008799337  -0.0005991381
11219  -0.0002651594   0.0001477845  -0.0004512164  -0.0004258582  -0.0003575545
11220  -0.0000451580  -0.0007237554  -0.0013550800  -0.0003177500  -0.0039275167
11221  -0.0069399248  -0.0007726225  -0.0034804131   0.0056119450   0.0015133213
11222  -0.0009786666   0.0003408342   0.0004121803  -0.0130071291   0.0009881772
11223  -0.0025739363   0.0383086798   0.0002566603   0.0000028478  -0.0135139476
11224  -0.0001011404   0.0020724191  -0.0002316769   0.0000557513   0.0008391010
11225  -0.0001850678  -0.0000506145  -0.0000342652   0.0004575372   0.0002751360
11226   0.0003586700  -0.0001997661  -0.0004855589   0.0003642450  -0.0004341551
11227  -0.0002654418  -0.0000209265   0.0005279489   0.0000888420  -0.0000075208
11228  -0.0004692864   0.0003082206  -0.0004118695   0.0001302521  -0.0003680510
11229   0.0001232506   0.0000201826   0.0000219642   0.0000932020   0.0000050027
11230  -0.0001158314  -0.0000769342  -0.0002101397   0.0003472643   0.0001552316
11231   0.0001573502  -0.0000047987   0.0000931411  -0.0001215908   0.0000291197
11232   0.0000720443   0.0000226465  -0.0001076392  -0.0001565552  -0.0000052257
11233  -0.0000663940  -0.0003866941   0.0001166997   0.0001040302   0.0008032609
11234  -0.0002373175   0.0004209382  -0.0000513283   0.0001333350  -0.0003980383
11235   0.0000141066  -0.0002083692  -0.0000604547   0.0000687017   0.0003831668
11236  -0.0000687154  -0.0002696204  -0.0000827469   0.0004404002   0.0002745648
11237   0.0001052690   0.0000607710  -0.0000573790   0.0000585274   0.0000640903
11238  -0.0000274844   0.0000101950  -0.0000004197  -0.0000024026   0.0000189842
11239  -0.0000108104  -0.0000206582   0.0000060446  -0.0000072268  -0.0001628742
11240   0.0001235714   0.0001094479  -0.0004421157   0.0000393476   0.0000176484
11241  -0.0000028919  -0.0000127479   0.0000125274   0.0000196584   0.0000190953
11242  -0.0000121042  -0.0000088315   0.0000050186   0.0000270212  -0.0000115943
11243   0.0000065639  -0.0000079243   0.0000270359   0.0000820263  -0.0000160185
11244  -0.0001541800   0.0000447394   0.0000549351   0.0001265943  -0.0000692479
11245  -0.0002202227  -0.0002705119   0.0000351632   0.0000307686   0.0000940869
11246   0.0000626998   0.0000578730  -0.0001346274  -0.0001040354   0.0000709210
11247  -0.0002629202  -0.0000160750   0.0000300182  -0.0000018478
113 1   0.0001255887  -0.0000101099  -0.0001421416   0.0001081852  -0.0000511000
113 2   0.0004235948  -0.0001568458   0.0002616496   0.0000013572  -0.0002877853
113 3   0.0003098539  -0.0002505474   0.0000914705   0.0003945065  -0.0003472305
113 4   0.0000627827  -0.0000875361  -0.0002654695  -0.0001544675  -0.0003416856
113 5   0.0001286588   0.0000008158  -0.0000631470  -0.0003398170   0.0002011675
113 6   0.0003784580  -0.0000682963   0.0005437345   0.0001054150  -0.0000209718
113 7   0.0000693100   0.0000471040   0.0000629052  -0.0002275105  -0.0000486440
113 8  -0.0000299311   0.0003306575  -0.0003099704   0.0007788722  -0.0000577680
113 9  -0.0001290487   0.0003618132  -0.0001096445  -0.0004084199   0.0000557957
11310  -0.0001221847   0.0001712045   0.0002112571  -0.0016595674  -0.0003389554
11311   0.0034891312   0.0017259956  -0.0005714306   0.0037743762  -0.0000696995
11312   0.0000220943   0.0000257617  -0.0005076091   0.0000725976  -0.0002356676
11313  -0.0007053250  -0.0004471376  -0.0004245450   0.0004712203  -0.0028399408
11314  -0.0038694422   0.0003656062   0.0003175046   0.0007754504  -0.0001045579
11315   0.0002043313   0.0000179246  -0.0003372682   0.0003594742  -0.0001157528
11316  -0.0000046713   0.0000705556  -0.0000005495  -0.0003034169   0.0001450502
11317   0.0001812859   0.0002775247  -0.0001373708   0.0000602644  -0.0003788053
11318  -0.0002010385   0.0000660847  -0.0002099809  -0.0001796571   0.0004068193
11319   0.0003435479  -0.0005602362   0.0002860823   0.0002865353  -0.0000275175
11320   0.0001373728   0.0003250135   0.0001685810  -0.0003276292  -0.0075922268
11321  -0.0117089395  -0.0010703144   0.0069714269  -0.0116737678  -0.0014065070
11322   0.0003302677  -0.0000706172  -0.0000383100  -0.0019226425   0.0000694831
11323   0.0003082211   0.0002566603   0.0277108154  -0.0026358859   0.0017332107
11324  -0.0003737495   0.0000251674   0.0003878176  -0.0000128524  -0.0003511234
11325   0.0000109279  -0.0000496992   0.0000228673  -0.0000751304  -0.0001717078
11326  -0.0003257182   0.0000874805   0.0002998556  -0.0001793835   0.0001181008
11327   0.0000416445   0.0001358770  -0.0001607623  -0.0000816885   0.0001138758
11328  -0.0000314662   0.0000749577  -0.0000632865  -0.0000600295  -0.0001244241
11329   0.0000258533   0.0000849717   0.0000323276  -0.0000383787  -0.0000416957
11330   0.0000204780   0.0000045833   0.0000670733  -0.0000254510  -0.0001015164
11331  -0.0000395430   0.0002943846   0.0000495940   0.0001127529   0.0000563782
11332   0.0000104140  -0.0000490096  -0.0000307528   0.0000647121   0.0000512085
11333   0.0000536694  -0.0000175756  -0.0001159627   0.0000517795  -0.0002109686
11334   0.0001693991  -0.0003002302  -0.0000430133  -0.0000427867  -0.0000068773
11335   0.0000466323  -0.0001964399  -0.0000647785  -0.0001204222   0.0000429215
11336  -0.0000548270   0.0006007824   0.0001448821  -0.0002138695  -0.0002218945
11337  -0.0000103773  -0.0000464256   0.0000571628  -0.0000062760  -0.0000214812
11338   0.0000137736   0.0000018381   0.0000047763  -0.0000048050  -0.0000097271
11339  -0.0000015606   0.0000105814  -0.0000137042  -0.0000061240   0.0001042278
11340  -0.0000847507  -0.0000536830   0.0002534108  -0.0000275709  -0.0000259946
11341  -0.0000212407  -0.0000072235   0.0000083717  -0.0000059796   0.0000049668
11342  -0.0000029030   0.0000077535  -0.0000001882  -0.0000136053   0.0000156260
11343  -0.0000083416   0.0000216200  -0.0000361555  -0.0000017105   0.0000460162
11344   0.0000844144  -0.0000033936  -0.0000076816  -0.0000046656  -0.0000087769
11345   0.0001258500   0.0001410498  -0.0000039208  -0.0000014213  -0.0000090633
11346  -0.0000137481   0.0000020224   0.0000225271   0.0000047751  -0.0000281854
11347  -0.0000136648   0.0000146753  -0.0000165670  -0.0000060505
114 1  -0.0001539933   0.0002353946  -0.0001779743   0.0001626912   0.0002561624
114 2  -0.0001816841   0.0003926621  -0.0001718619   0.0002136253  -0.0005182424
114 3  -0.0002296640   0.0002962488   0.0001265622   0.0001398994   0.0000276129
114 4   0.0000887612  -0.0002770671   0.0000922622   0.0001634572   0.0000452619
114 5   0.0000138282  -0.0000739896  -0.0001980515   0.0001736445  -0.0002760979
114 6  -0.0001334621  -0.0001433067  -0.0002032458  -0.0000343059   0.0001201603
114 7   0.0002273222   0.0001910542   0.0000160406   0.0001203724   0.0000019975
114 8  -0.0000282196   0.0001139828   0.0004395341  -0.0002555757  -0.0001277329
114 9   0.0000003996  -0.0004624945   0.0000200171   0.0000567246  -0.0003061682
11410  -0.0001114611  -0.0001389811  -0.0000823380   0.0050443115   0.0032743431
11411  -0.0067123872  -0.0052625762   0.0034452995  -0.0066522430   0.0000368123
11412   0.0001531174  -0.0004483117   0.0001888132   0.0000225001   0.0000568354
11413   0.0006774094  -0.0001355305   0.0000970799   0.0001594763  -0.0063106448
11414  -0.0068906659  -0.0004879321   0.0002291437   0.0005538531   0.0000702062
11415   0.0001432764   0.0001501871  -0.0000243754  -0.0001752256  -0.0000878366
11416  -0.0001109142   0.0000267013   0.0000840437   0.0002636967   0.0001315868
11417   0.0001441728  -0.0000058161   0.0001999054  -0.0002368468  -0.0002982111
11418  -0.0001578909  -0.0001362689   0.0003361940  -0.0003312288   0.0002109397
11419   0.0000268774   0.0001704920  -0.0001600547  -0.0000522360  -0.0001394376
11420  -0.0001881239  -0.0000323275   0.0005459511   0.0002019564   0.0004785509
11421   0.0008192998   0.0001886637  -0.0003824942   0.0008196003   0.0003348692
11422  -0.0000634972  -0.0002229373   0.0001832969   0.0012143642  -0.0000071284
11423   0.0002707524   0.0000028478  -0.0026358859   0.0191144643  -0.0014775766
11424  -0.0000174267   0.0003537908  -0.0002602989  -0.0001438868   0.0003772874
11425   0.0000383246   0.0001611159   0.0000025922   0.0001952025   0.0000617488
11426   0.0004293954  -0.0000792979  -0.0001640844   0.0001964093  -0.0002821215
11427   0.0000067132  -0.0002256152   0.0003610019   0.0000439086  -0.0000517763
11428  -0.0002043354   0.0001053759   0.0000560664   0.0001641015  -0.0000417515
11429   0.0001266828  -0.0001540314  -0.0001139270   0.0000094400   0.0000741720
11430  -0.0000980034  -0.0000196898  -0.0002145686   0.0002426324   0.0000291297
11431   0.0001848838  -0.0004231532   0.0001514704  -0.0001346694   0.0000245586
11432   0.0000652241   0.0000115128  -0.0000804765  -0.0000968036  -0.0000198517
11433  -0.0000348646  -0.0001193220   0.0000521953  -0.0000747193   0.0005181517
11434  -0.0001927940   0.0003474031   0.0000765959   0.0001185603  -0.0001129277
11435  -0.0000519935   0.0000700787  -0.0000455860   0.0001031241  -0.0000570505
11436   0.0004660657  -0.0004060320   0.0000978790  -0.0001220237   0.0000183391
11437   0.0000191047  -0.0000284408  -0.0001056881  -0.0000026765  -0.0000055124
11438  -0.0000600110   0.0000077628  -0.0000008647   0.0000080166  -0.0000003834
11439   0.0000002281   0.0000099583  -0.0000107433  -0.0000192438  -0.0000595164
11440   0.0000468438  -0.0000017178  -0.0002155007   0.0000208069  -0.0000003275
11441   0.0000014331  -0.0000002586  -0.0000006355   0.0000106498   0.0000151667
11442  -0.0000034343  -0.0000050036   0.0000040020   0.0000162841  -0.0000124137
11443   0.0000017172  -0.0000062967   0.0000293052   0.0000098203  -0.0000132328
11444  -0.0000945337   0.0000145019   0.0000079413   0.0000163853  -0.0000448102
11445  -0.0000885881  -0.0002417504  -0.0000115718   0.0000081571   0.0000145971
11446   0.0000092100   0.0000198040  -0.0000864778  -0.0000333116   0.0000608743
11447  -0.0000892661  -0.0000667427   0.0000199727  -0.0000566886
115 1  -0.0004982899   0.0002595572  -0.0000024331  -0.0000854618   0.0003757750
115 2  -0.0008345185   0.0003626305  -0.0002458230   0.0000094839   0.0000197722
115 3  -0.0002390351   0.0001375965   0.0003875120   0.0001219638   0.0004830985
115 4  -0.0000995560  -0.0001764955   0.0002139790   0.0000669427   0.0001632064
115 5  -0.0002167113   0.0001748099  -0.0000583667  -0.0001499429   0.0000561455
115 6  -0.0002265993  -0.0003187620  -0.0004929801  -0.0007754214   0.0005115713
115 7   0.0002487611   0.0006732006  -0.0000592945  -0.0000963613   0.0001954997
115 8   0.0000547393  -0.0001833802  -0.0002385420   0.0000608101   0.0004317081
115 9   0.0002282542  -0.0001369695   0.0003962451   0.0006723283   0.0000040767
11510  -0.0005515153  -0.0000059692   0.0002755005  -0.0004429415  -0.0000515121
11511   0.0005148661  -0.0014901275  -0.0010254611   0.0034932924  -0.0030668637
11512   0.0022269063  -0.0082033785  -0.0005629275  -0.0003582557  -0.0005524309
11513  -0.0001752694  -0.0002526864   0.0000202908  -0.0000009046  -0.0000395083
11514  -0.0002721715   0.0010046164   0.0004072746   0.0012036555   0.0005490021
11515  -0.0000454548  -0.0001078443   0.0003265122  -0.0006642222   0.0003577171
11516   0.0003218243   0.0001892874   0.0000834844  -0.0002578562   0.0004804322
11517  -0.0000122915   0.0003346254   0.0004433335  -0.0002922838  -0.0000181903
11518  -0.0000993205   0.0001425200   0.0005404794  -0.0007466064  -0.0000847657
11519   0.0000823423  -0.0002052344   0.0000352274  -0.0005518556  -0.0003774870
11520  -0.0002722544   0.0002372468   0.0007390901   0.0007418670  -0.0003093570
11521  -0.0006752681  -0.0000455829  -0.0023278684  -0.0064333780  -0.0007686184
11522  -0.0034376261   0.0072191516   0.0008909167  -0.0008583608  -0.0000215771
11523   0.0000006419  -0.0135139476   0.0017332107  -0.0014775766   0.0387030705
11524  -0.0026565760   0.0022644477  -0.0151248982  -0.0006377128   0.0022587885
11525   0.0000393013   0.0000434937  -0.0000146987   0.0000358566  -0.0000803194
11526  -0.0000892885   0.0000365014   0.0002212463  -0.0000119958  -0.0001017608
11527   0.0000248658  -0.0000372465   0.0001270360  -0.0000043908  -0.0000201208
11528  -0.0001389614  -0.0001060628  -0.0000954985   0.0000192688   0.0000002483
11529  -0.0000297367  -0.0000027315  -0.0000232221   0.0000726487   0.0000203914
11530   0.0000012171  -0.0000098823  -0.0000713597  -0.0001101234   0.0001466596
11531   0.0001588686  -0.0002588316  -0.0000553068  -0.0000903682   0.0001334431
11532   0.0001136422  -0.0000081171  -0.0000085528   0.0000493196  -0.0000829340
11533   0.0000512124   0.0002712227  -0.0000901140   0.0000820056  -0.0001376893
11534   0.0000942182  -0.0001683560   0.0000066813   0.0001418403  -0.0001760938
11535   0.0000020802   0.0002212983   0.0000671129   0.0001270887  -0.0000718622
11536   0.0001092065  -0.0005487073   0.0000031344   0.0002575826   0.0002847641
11537  -0.0000458357  -0.0000438275   0.0000158198  -0.0000226921  -0.0000211051
11538  -0.0000125132   0.0000022524  -0.0000014860   0.0000066907  -0.0000061027
11539  -0.0000102414   0.0000162964  -0.0000205585  -0.0000362951   0.0000433398
11540  -0.0000227840  -0.0000021256   0.0000662486  -0.0000332807   0.0000069441
11541  -0.0000131704   0.0000198160  -0.0000040011   0.0000025574  -0.0000076510
11542   0.0000170757   0.0000049361   0.0000173905   0.0000176086  -0.0000575332
11543  -0.0000196497  -0.0000065583  -0.0000210121  -0.0000593559   0.0000371121
11544   0.0000575091  -0.0000079189  -0.0000325143  -0.0000675636   0.0000442963
11545   0.0001000769   0.0001054654  -0.0000037118  -0.0000331947   0.0000254377
11546  -0.0000404326   0.0000193375  -0.0000344835  -0.0001018437   0.0000716134
11547  -0.0001051498  -0.0000291520  -0.0000060592  -0.0000075519
116 1   0.0000139363   0.0001539632  -0.0003062640   0.0004942183  -0.0001341862
116 2   0.0004856879  -0.0005451132   0.0000252393   0.0001122066  -0.0001049888
116 3   0.0002434392  -0.0002509149   0.0002734765   0.0004029325  -0.0000583589
116 4   0.0000199558  -0.0001411779  -0.0001094300   0.0001536931  -0.0002328798
116 5   0.0001303808  -0.0002137539  -0.0000161666  -0.0001878258   0.0002114135
116 6   0.0002701963  -0.0000712832   0.0000520811  -0.0001422248  -0.0002547168
116 7   0.0001449932   0.0000321229   0.0000310108   0.0000069063  -0.0000983783
116 8   0.0001458333  -0.0000124965   0.0000538369   0.0001372926  -0.0002793325
116 9  -0.0009421660   0.0007969250   0.0002948485  -0.0000611847   0.0001119703
11610  -0.0000818222   0.0001749803   0.0001916036   0.0001219274  -0.0003103288
11611   0.0001502801  -0.0020203648  -0.0001122969   0.0024912313   0.0031501717
11612  -0.0001802754   0.0057358590  -0.0003101143  -0.0005436675  -0.0002680932
11613  -0.0004698776  -0.0002610320  -0.0004501437   0.0003826267  -0.0001503121
11614   0.0001062424   0.0008226562  -0.0049837001  -0.0071241121  -0.0001570538
11615   0.0002652686   0.0002356552  -0.0004378005   0.0001798290  -0.0001072227
11616   0.0002990660   0.0001444551   0.0000382486  -0.0003953594   0.0001809535
11617   0.0000594435   0.0001810510  -0.0000702108  -0.0000178018  -0.0003239326
11618   0.0000130390  -0.0000939414   0.0001317097  -0.0003201783   0.0002394068
11619   0.0000676670  -0.0000737634   0.0001921803  -0.0000505392  -0.0007410730
11620   0.0002045360   0.0000131793   0.0003480225  -0.0003793978  -0.0001327065
11621   0.0001738803  -0.0001319810  -0.0076770205  -0.0115275997  -0.0010109869
11622   0.0080681548  -0.0119201961  -0.0007478829  -0.0004503714  -0.0002378569
11623   0.0001712458  -0.0001011404  -0.0003737495  -0.0000174267  -0.0026565760
11624   0.0308984998  -0.0002874483   0.0015812564   0.0001083641  -0.0000233058
11625   0.0000553807   0.0000302946   0.0000322325  -0.0001328873  -0.0000802988
11626  -0.0001474580   0.0000440770   0.0001253797  -0.0001139497   0.0001599796
11627  -0.0000164784   0.0000822713  -0.0000894756  -0.0000341780   0.0001362963
11628  -0.0000673600   0.0000549777  -0.0000177230   0.0000732959  -0.0000971891
11629  -0.0000185010   0.0000014584  -0.0000102241  -0.0000886866  -0.0000128047
11630   0.0000709710   0.0000324684  -0.0001868904  -0.0000911943  -0.0000632338
11631   0.0002013873   0.0002764778   0.0000577514  -0.0000847959   0.0000922946
11632   0.0000196562   0.0000528331   0.0000846787   0.0000037820  -0.0002241341
11633  -0.0000551984   0.0000291274   0.0001845387   0.0001116165  -0.0002312913
11634   0.0000485433  -0.0000593939  -0.0000450521  -0.0000245632  -0.0000370971
11635   0.0000088073   0.0001519908  -0.0000187131  -0.0001578852  -0.0002425908
11636  -0.0002040973   0.0003074254   0.0001299724  -0.0001641315  -0.0000124965
11637  -0.0000074255  -0.0000446898   0.0000068640  -0.0000047917  -0.0000240863
11638  -0.0000014101  -0.0000005606   0.0000056792  -0.0000018858  -0.0000089343
11639   0.0000054977   0.0000111703  -0.0000044706   0.0000031348   0.0000547803
11640  -0.0000416231  -0.0000140556   0.0001434732  -0.0000055666  -0.0000197500
11641  -0.0000191010  -0.0000156854  -0.0000011786  -0.0000089140   0.0000035829
11642  -0.0000202280  -0.0000035394   0.0000077161  -0.0000066865  -0.0000023941
11643  -0.0000028506  -0.0000053104  -0.0000041673   0.0000175756  -0.0000193138
11644   0.0000163941   0.0000027309  -0.0000038822   0.0000046841   0.0000026095
11645   0.0000054260   0.0000712002   0.0000028823  -0.0000040607  -0.0000058611
11646  -0.0000276253   0.0000218278   0.0000000248  -0.0000163674   0.0000286070
11647   0.0000201560  -0.0000037762   0.0000201549   0.0000362825
117 1   0.0000488677  -0.0000367363  -0.0001877848  -0.0000871362   0.0002050390
117 2  -0.0000331085   0.0003120461  -0.0001058096   0.0000361808  -0.0000682555
117 3  -0.0001627826  -0.0000396037  -0.0002008621   0.0000226442  -0.0002273213
117 4   0.0001761161  -0.0000608594  -0.0000198000   0.0001633183   0.0001476641
117 5   0.0000136823  -0.0001688012  -0.0000766377   0.0000720793   0.0000987122
117 6   0.0001214813   0.0000935590  -0.0001166438  -0.0000418636  -0.0000065684
117 7   0.0000518043   0.0000936300  -0.0001004691  -0.0000567873   0.0000232680
117 8  -0.0000075417   0.0001521536   0.0002452463  -0.0002824061   0.0000489766
117 9   0.0007043652  -0.0001275413  -0.0004256027  -0.0000362192  -0.0006223840
11710  -0.0001824796   0.0001641865   0.0000375037   0.0002058850  -0.0001384430
11711  -0.0000969015   0.0045259380   0.0025569166  -0.0048791959  -0.0091536065
11712   0.0056014568  -0.0124646240   0.0000287721   0.0006284847  -0.0008305678
11713  -0.0004845207  -0.0002628730  -0.0004759636   0.0006185801  -0.0003701246
11714  -0.0001902283   0.0016625723  -0.0108167700  -0.0124399531  -0.0003872628
11715  -0.0002548324   0.0007168656  -0.0001453027  -0.0000817694  -0.0000763401
11716  -0.0000396976   0.0000651048  -0.0000417434   0.0000300275  -0.0000009479
11717   0.0001009282   0.0000019578  -0.0003963058   0.0001886330  -0.0003074072
11718  -0.0001194169   0.0000651872   0.0001429205  -0.0002958546   0.0002970632
11719  -0.0000460173   0.0002201232   0.0000697480   0.0002033208   0.0000960698
11720   0.0001022723  -0.0000651842   0.0004232888   0.0001542690   0.0002006975
11721  -0.0000451916   0.0000715923   0.0003385713   0.0012816365   0.0003149889
11722   0.0001241947   0.0012495075   0.0007739711  -0.0003797842   0.0000676463
11723   0.0001042061   0.0020724191   0.0000251674   0.0003537908   0.0022644477
11724  -0.0002874483   0.0293603057  -0.0011587209  -0.0002755916   0.0001917210
11725   0.0000303897   0.0000569597   0.0000057511   0.0000663223  -0.0000842686
11726   0.0000390437   0.0000063662   0.0000842968  -0.0000447634  -0.0000632193
11727   0.0000204812  -0.0000050924   0.0001009883  -0.0000432311   0.0000318503
11728  -0.0000959075   0.0001078918   0.0000980380  -0.0000060558  -0.0000020539
11729   0.0000927124  -0.0000279140  -0.0000350676  -0.0000449407   0.0000012172
11730  -0.0000233644   0.0000038644  -0.0000207109   0.0001279679  -0.0001579836
11731   0.0000914279  -0.0001213999   0.0001509975  -0.0000439371  -0.0000328560
11732   0.0000775985  -0.0000238322  -0.0000297003  -0.0000532876   0.0000810034
11733  -0.0000114233  -0.0000288495  -0.0000873626  -0.0003070935   0.0000597029
11734  -0.0001417308   0.0000626449   0.0000153062  -0.0000498923   0.0003816109
11735  -0.0002704056  -0.0001450540  -0.0000144735   0.0000660517   0.0002013860
11736   0.0001959666   0.0000751919  -0.0000007328  -0.0001991512  -0.0002683010
11737   0.0000024638  -0.0000336965  -0.0000233022  -0.0000056189  -0.0000122447
11738  -0.0000195303   0.0000027619   0.0000037574   0.0000068162  -0.0000008681
11739   0.0000005537   0.0000103307  -0.0000140189  -0.0000087151   0.0000140749
11740  -0.0000307281  -0.0000175229   0.0000424789  -0.0000088769  -0.0000184683
11741  -0.0000147883   0.0000053814  -0.0000006797   0.0000090104   0.0000040162
11742  -0.0000001060   0.0000123601  -0.0000031327  -0.0000053334   0.0000154708
11743  -0.0000064235  -0.0000003147   0.0000021287   0.0000517530  -0.0000028888
11744  -0.0000295886   0.0000254941   0.0000200728   0.0000422450   0.0000054910
11745  -0.0000415340  -0.0000309572   0.0000256489  -0.0000022086   0.0000989860
11746   0.0000752252  -0.0000087805   0.0000033697  -0.0000192546  -0.0000706678
11747   0.0001445553   0.0000197077  -0.0000114086  -0.0000946462
118 1  -0.0000006173   0.0001512953  -0.0003770127   0.0001314879   0.0002434662
118 2  -0.0001448530   0.0007875538  -0.0001752796   0.0001709288  -0.0010193140
118 3  -0.0003059866   0.0005682769   0.0000021306   0.0003071051  -0.0002878670
118 4  -0.0000004852   0.0003016837   0.0001415776   0.0000672434   0.0001196764
118 5   0.0001710281   0.0000465614  -0.0003552049   0.0005027308  -0.0005091058
118 6  -0.0001733793  -0.0000440137   0.0002884466   0.0002096369   0.0000318966
118 7  -0.0000669036  -0.0002900811   0.0002786778   0.0000872719  -0.0001389945
118 8   0.0004175123  -0.0000756389   0.0000146577  -0.0002147706   0.0001183220
118 9   0.0002701757   0.0003572116  -0.0001501963  -0.0001960161  -0.0002417437
11810  -0.0001876444  -0.0004448955  -0.0001025237  -0.0003371907  -0.0002592922
11811   0.0004168063   0.0000754354  -0.0002559944   0.0003734496  -0.0022449911
11812  -0.0013570882   0.0041666003  -0.0035189580   0.0033297027  -0.0067046078
11813   0.0012750131  -0.0000439318  -0.0000546289  -0.0003670006   0.0001089388
11814   0.0002626835  -0.0003816908   0.0000250737  -0.0005769089   0.0019656948
11815   0.0029816507   0.0034563177  -0.0001259107  -0.0004499977   0.0000322174
11816  -0.0001115375  -0.0002749370   0.0001021533   0.0005983795  -0.0001348754
11817   0.0001583085  -0.0001301083   0.0002146418  -0.0005196514   0.0000345798
11818   0.0003075482  -0.0000814412  -0.0001405970   0.0002343594   0.0000232000
11819   0.0002183816   0.0002313273  -0.0003139916   0.0000909154   0.0001024825
11820  -0.0002880308   0.0003071477  -0.0000003689  -0.0000076447   0.0004691231
11821  -0.0001342589  -0.0002262117  -0.0009440169  -0.0007712530  -0.0000996479
11822  -0.0035202888  -0.0079508854  -0.0010443732  -0.0003212367   0.0001535957
11823  -0.0006411865  -0.0002316769   0.0003878176  -0.0002602989  -0.0151248982
11824   0.0015812564  -0.0011587209   0.0229813834   0.0021124290   0.0021602040
11825   0.0001251324   0.0000969302  -0.0000052870  -0.0005336316   0.0002129363
11826  -0.0002181024   0.0000296105  -0.0000875523   0.0000142809   0.0005696392
11827  -0.0002186755   0.0003556880  -0.0005003791   0.0000438189   0.0000291386
11828   0.0002230457  -0.0004070820  -0.0004898409   0.0001863153   0.0001160280
11829  -0.0001766497  -0.0000584311   0.0000088123  -0.0002400676  -0.0001251426
11830   0.0003825252   0.0002649655  -0.0003286660  -0.0003847866   0.0001795843
11831   0.0002685288  -0.0000634844  -0.0001497132  -0.0003040235   0.0000327454
11832  -0.0000408834   0.0001827121   0.0003814638   0.0000419407  -0.0008322363
11833  -0.0002631334   0.0003165014   0.0006347635   0.0002363217  -0.0003199081
11834  -0.0001868392   0.0002610541   0.0000214290   0.0001360012  -0.0000710444
11835  -0.0000917431   0.0005342712  -0.0001676263   0.0003173675  -0.0001050731
11836  -0.0001489249  -0.0003412985   0.0000680394   0.0004160885   0.0001564748
11837  -0.0000551376  -0.0000341919  -0.0000314738  -0.0000040441  -0.0000195631
11838   0.0000158477  -0.0000155293  -0.0000000524   0.0000054720  -0.0000154514
11839   0.0000014365   0.0000017866   0.0000192296   0.0000133989   0.0000309867
11840   0.0000174785   0.0000395891   0.0000420823  -0.0000014409   0.0000093612
11841   0.0000476298   0.0000361416  -0.0000128468  -0.0000247527  -0.0000023197
11842   0.0000013617  -0.0000279817  -0.0000302732   0.0000026855  -0.0000255905
11843   0.0000219634  -0.0000013808   0.0000076656   0.0000555739  -0.0000654008
11844  -0.0000509975   0.0000396326   0.0000369250   0.0000491895   0.0000027576
11845  -0.0001632894  -0.0000544107   0.0000102303   0.0000163727   0.0000327706
11846  -0.0000106606   0.0000597260  -0.0000335422  -0.0000715632   0.0000734256
11847   0.0000098020  -0.0000152876  -0.0000097717  -0.0000200124
119 1   0.0000828164  -0.0000754435  -0.0000215153   0.0000126395  -0.0000745669
119 2   0.0003066699  -0.0003699875   0.0000674057   0.0001389376  -0.0001608470
119 3   0.0003803469  -0.0002812684   0.0006644714   0.0010636777   0.0000304463
119 4   0.0001437744  -0.0000925918  -0.0000921499   0.0001819923   0.0000462210
119 5   0.0001395355  -0.0003599542   0.0003131616   0.0003125874  -0.0000142528
119 6  -0.0001247004  -0.0000306927  -0.0000756794  -0.0005432216   0.0005624818
119 7   0.0000848821   0.0000897169  -0.0000943945   0.0000099848  -0.0002264889
119 8   0.0005103401  -0.0000622784  -0.0001901629  -0.0001871432   0.0000493407
119 9   0.0003316853   0.0005761616  -0.0003548275  -0.0005724907  -0.0002771645
11910  -0.0000577803  -0.0002848750   0.0002774058  -0.0001368915  -0.0001869232
11911  -0.0001610565   0.0002279662  -0.0001039246   0.0002771933  -0.0016186422
11912  -0.0002767215   0.0023393776   0.0045873317  -0.0007105397   0.0065345156
11913  -0.0000719196  -0.0000298174  -0.0002326782   0.0003151923   0.0001071369
11914   0.0001143249   0.0004305907  -0.0000224915   0.0000856536   0.0008746648
11915  -0.0088602195  -0.0120495254  -0.0001757034   0.0003308832  -0.0001367406
11916   0.0002783982   0.0002692635  -0.0001129306  -0.0000679826   0.0003079908
11917  -0.0001463047   0.0001271837  -0.0003106480  -0.0008571286  -0.0003556272
11918  -0.0001838859   0.0001007663   0.0003153206  -0.0003610274  -0.0000832057
11919   0.0000744797   0.0002416578  -0.0003609122  -0.0002903036  -0.0009672059
11920  -0.0002841860  -0.0000920226   0.0003990309  -0.0000617113   0.0002134744
11921  -0.0000938321  -0.0002013708  -0.0010251476  -0.0001697345   0.0001345472
11922  -0.0049493098  -0.0109666985  -0.0009930725   0.0002690556  -0.0001244126
11923  -0.0001814022   0.0000557513  -0.0000128524  -0.0001438868  -0.0006377128
11924   0.0001083641  -0.0002755916   0.0021124290   0.0214258882   0.0044653268
11925  -0.0000100906   0.0000355251  -0.0000359810  -0.0000963732   0.0003425594
11926   0.0001798870  -0.0001247631  -0.0003884909   0.0002976681  -0.0000260663
11927  -0.0002758564   0.0000641088   0.0002491865  -0.0000494839   0.0000159257
11928  -0.0004212052   0.0000219626  -0.0002682512   0.0003437613  -0.0002172688
11929   0.0001356850  -0.0000736395  -0.0000354991  -0.0001729735  -0.0000634031
11930   0.0001979778   0.0001193536  -0.0008442770  -0.0001275521  -0.0001972223
11931   0.0011050617   0.0000612444   0.0002717458  -0.0006312917   0.0004225441
11932   0.0004706666   0.0001268909   0.0000423330  -0.0001327544  -0.0002377412
11933  -0.0002153362   0.0001370996   0.0001173355   0.0001313583  -0.0001923996
11934  -0.0000430394  -0.0000558475  -0.0000299493   0.0000947499  -0.0001133624
11935  -0.0000078685   0.0001881378   0.0000014003  -0.0000202606  -0.0000619769
11936  -0.0002011598  -0.0001741387   0.0000905364   0.0002835424   0.0003316284
11937   0.0000023837  -0.0000116707   0.0000139014   0.0000089432   0.0000040781
11938  -0.0000135832   0.0000029938   0.0000025672  -0.0000031539  -0.0000078367
11939   0.0000074618   0.0000124050   0.0000061162   0.0000029146  -0.0000626664
11940   0.0000999061   0.0000830558  -0.0003144730   0.0000001313   0.0000000463
11941  -0.0000051856  -0.0000037510   0.0000020165   0.0000151346   0.0000009407
11942  -0.0000128013  -0.0000094861   0.0000146902   0.0000298068  -0.0000634579
11943  -0.0000099674  -0.0000014645   0.0000047547   0.0000103817   0.0000243886
11944   0.0000196586   0.0000310115   0.0000087686   0.0000291724  -0.0000246590
11945   0.0000102751   0.0000268008   0.0000185738   0.0000069893   0.0000777738
11946   0.0000280468   0.0000344865  -0.0000309949  -0.0000880771   0.0000603972
11947  -0.0001034295  -0.0000064903  -0.0000288602  -0.0000253794
120 1   0.0005435900  -0.0000579038  -0.0002933658   0.0001990755  -0.0002844101
120 2   0.0004179278  -0.0002858343  -0.0002239861  -0.0000294707   0.0004447296
120 3  -0.0001298066  -0.0002385026  -0.0004455047  -0.0002991552  -0.0005639578
120 4   0.0001446043   0.0002820721  -0.0000984902   0.0006408245   0.0003214133
120 5  -0.0000220689  -0.0005228056   0.0000450274  -0.0002643638   0.0002600148
120 6   0.0005339387   0.0004756650  -0.0002815412   0.0002642030  -0.0005145047
120 7  -0.0002093342  -0.0000242468  -0.0000897036  -0.0001616499  -0.0002812384
120 8  -0.0002936377   0.0001766856   0.0004277813   0.0001902857  -0.0002838768
120 9  -0.0000636117  -0.0002234158   0.0000324131   0.0007826179  -0.0000760845
12010  -0.0001730675   0.0005639436   0.0000379481   0.0005605775  -0.0002741882
12011   0.0000850555  -0.0002453288  -0.0002856721  -0.0005644828   0.0051039205
12012   0.0028495343  -0.0050477682  -0.0121353155   0.0077471436  -0.0176277132
12013  -0.0008979069  -0.0002522560  -0.0006505653   0.0001964177  -0.0001820066
12014  -0.0004113881   0.0010417018  -0.0000271341   0.0001760090   0.0010717374
12015  -0.0175285497  -0.0198730931  -0.0004788590   0.0001596699  -0.0002850685
12016   0.0001843689  -0.0001532159  -0.0001462542  -0.0003460312  -0.0001810406
12017  -0.0000808703  -0.0001019578  -0.0009173021   0.0009165097  -0.0005410500
12018   0.0000532135   0.0000190221  -0.0001383389  -0.0003300765   0.0009148614
12019  -0.0000919197   0.0003037291   0.0003167612   0.0006467105   0.0006706640
12020   0.0003848944  -0.0002571989   0.0002189486  -0.0002250933   0.0000539074
12021   0.0003139721   0.0003533690  -0.0001434449   0.0001346239   0.0001089238
12022   0.0016283018   0.0021121875   0.0002486097  -0.0004244514  -0.0000344772
12023   0.0007532808   0.0008391010  -0.0003511234   0.0003772874   0.0022587885
12024  -0.0000233058   0.0001917210   0.0021602040   0.0044653268   0.0415293182
12025   0.0001527433   0.0001010671   0.0000740816  -0.0002003459  -0.0001764532
12026   0.0000470210   0.0000772992   0.0001594925  -0.0002480510   0.0001956599
12027   0.0001093083  -0.0000222194  -0.0002736918  -0.0000749215   0.0001395789
12028   0.0002065420   0.0001521267   0.0002420972  -0.0001022501   0.0000309829
12029   0.0000192693  -0.0000273904  -0.0000427591  -0.0001323244   0.0000154387
12030   0.0000414731   0.0000266953   0.0001665653   0.0001324897  -0.0004443532
12031  -0.0000269723   0.0002791286   0.0002405858   0.0001482703  -0.0001260326
12032   0.0000573134  -0.0001328660  -0.0001245314  -0.0001097215   0.0005853501
12033   0.0000806862  -0.0003211491  -0.0003709501  -0.0004548581   0.0001997122
12034  -0.0000370046   0.0001006934   0.0000095476  -0.0001597204   0.0005784647
12035  -0.0001141250  -0.0003549725   0.0000668182  -0.0004072887  -0.0000915740
12036  -0.0000364293   0.0008936134   0.0001103263  -0.0007697405  -0.0005068535
12037   0.0000014835  -0.0000173196  -0.0000568124  -0.0000128355  -0.0000314864
12038   0.0000057226  -0.0000039947   0.0000048282   0.0000022429   0.0000028765
12039   0.0000074627  -0.0000011397  -0.0000049380   0.0000251312   0.0000632305
12040  -0.0001374757  -0.0000736866   0.0002194767  -0.0000119759  -0.0000254432
12041  -0.0000082184  -0.0000030499   0.0000042369  -0.0000046457  -0.0000032346
12042  -0.0000162098   0.0000186186  -0.0000089137  -0.0000318880   0.0000684837
12043   0.0000123218   0.0000180292   0.0000118767   0.0000102492  -0.0000201137
12044  -0.0000409976  -0.0000304511   0.0000110549  -0.0000313656   0.0000613289
12045  -0.0000136848  -0.0000292314  -0.0000899028   0.0000361026  -0.0001413648
12046   0.0000202039  -0.0001294647   0.0000791517   0.0002639455  -0.0001314616
12047   0.0002851314   0.0000316484   0.0000116037   0.0000388246
121 1   0.0000127365   0.0000940227   0.0002862118  -0.0001921916   0.0000636943
121 2   0.0000954061   0.0000089354   0.0000328062   0.0001103508   0.0000097474
121 3   0.0001214637  -0.0000004732   0.0001385513   0.0001760547   0.0001917219
121 4   0.0000736191  -0.0006622395  -0.0012178473  -0.0003056821  -0.0000386625
121 5  -0.0000554854   0.0001673140   0.0002039859   0.0001517715   0.0001187786
121 6   0.0000234241   0.0000340633  -0.0000723158  -0.0001950239   0.0001721269
121 7  -0.0001671915  -0.0002946096   0.0003074813   0.0002424062  -0.0000218454
121 8   0.0000692054  -0.0001067013  -0.0001909260  -0.0000327182  -0.0001471832
121 9  -0.0000479331  -0.0000721240  -0.0000840971  -0.0001306976  -0.0001057148
12110  -0.0000440924  -0.0000091273   0.0002262402  -0.0000401430   0.0000863306
12111  -0.0001095102   0.0001451400  -0.0000148691  -0.0000777893  -0.0000644164
12112   0.0000614589  -0.0000088028   0.0000622197   0.0001921386  -0.0002088822
12113   0.0001433302   0.0000303149   0.0001623615  -0.0000850093   0.0000215774
12114   0.0000675895   0.0000632443   0.0000146198   0.0000550044  -0.0000204512
12115  -0.0000509604   0.0000407815   0.0002800784   0.0000596239  -0.0003009858
12116  -0.0002167347   0.0001687696  -0.0000174234  -0.0001031888   0.0002065095
12117  -0.0001468897   0.0001250785   0.0000909699  -0.0001104936  -0.0000648476
12118  -0.0000531339  -0.0002318963   0.0003507257  -0.0001001350  -0.0003298132
12119  -0.0001239703   0.0000760283  -0.0002899393  -0.0000072079  -0.0001376458
12120  -0.0003075291  -0.0001386221  -0.0000256832   0.0000538420   0.0000228456
12121  -0.0001860369  -0.0000680621  -0.0000384645  -0.0002271110   0.0001318230
12122  -0.0000495788  -0.0000888867   0.0000033218   0.0000335832  -0.0001012866
12123  -0.0000075297  -0.0001850678   0.0000109279   0.0000383246   0.0000393013
12124   0.0000553807   0.0000303897   0.0001251324  -0.0000100906   0.0001527433
12125   0.5157234894  -0.0688191222  -0.0023266942  -0.1661253557  -0.0625229531
12126   0.0079748862   0.0021988030  -0.0079306668   0.0013969279  -0.0446922927
12127  -0.0096296788   0.0038541376   0.0025642787   0.0041785668  -0.0005693035
12128  -0.0016183718   0.0009339615   0.0008220796   0.0021657840  -0.0003976108
12129  -0.0006883221  -0.0040636878  -0.0010977934   0.0007894090   0.0019771360
12130  -0.0033157637   0.0004161515  -0.0012863165   0.0009688485  -0.0000153924
12131   0.0002541179  -0.0000773514   0.0000457314   0.0003212274  -0.0000726485
12132  -0.0000368844  -0.0002672271  -0.0000174437   0.0003828619   0.0000947154
12133  -0.0000107068   0.0003620336  -0.0005733265  -0.0001489510   0.0000181398
12134   0.0001250631  -0.0001612329  -0.0000565961   0.0000409374   0.0000123871
12135   0.0000295304   0.0000861131   0.0001138163   0.0000675409  -0.0004482883
12136   0.0003016188  -0.0003794804  -0.0005161346  -0.0007334354   0.0000717518
12137  -0.0464489960  -0.0081362692  -0.0168536848  -0.0463063220   0.0139536166
12138  -0.0176780878  -0.2116895099   0.1360986582   0.0254330474   0.0004167153
12139   0.0035374189  -0.0002540335  -0.0002977101   0.0018758255   0.0001635786
12140  -0.0000001294   0.0022123304  -0.0015242077  -0.0001242949  -0.0001636963
12141   0.0000157259   0.0000657779  -0.0000451757  -0.0000419287  -0.0014568315
12142  -0.0002232501   0.0001299723   0.0000344197   0.0000017550  -0.0000173752
12143  -0.0000485041  -0.0000040175  -0.0001020574  -0.0000024657   0.0000599854
12144   0.0000038118  -0.0000076669   0.0000037625  -0.0000037117  -0.0000069373
12145   0.0000748014   0.0000391646  -0.0000153884  -0.0000025057   0.0000047337
12146   0.0000299719  -0.0000178872  -0.0000252159  -0.0000018601   0.0000135663
12147  -0.0000886093  -0.0000065429  -0.0000159564  -0.0000404815
122 1   0.0000507934   0.0001779209   0.0003118509  -0.0002074844   0.0000679239
122 2   0.0000612772   0.0000400650   0.0000665862   0.0001629568  -0.0000131977
122 3   0.0001528687   0.0000354713   0.0001809443   0.0001657248   0.0001157164
122 4  -0.0002595766  -0.0008496690  -0.0025486709  -0.0000771996  -0.0002205523
122 5  -0.0001134816   0.0002706860   0.0001236072   0.0000864229   0.0001214912
122 6   0.0000397508   0.0000404365  -0.0000867537  -0.0002223192   0.0001200726
122 7  -0.0003468939  -0.0001104736   0.0002078409   0.0002270893   0.0000467139
122 8   0.0001880986  -0.0000446728  -0.0002033319  -0.0000193357  -0.0001603767
122 9  -0.0000321633  -0.0001128854  -0.0000763846  -0.0000975341  -0.0001154673
12210   0.0000742832   0.0000880876   0.0001404580  -0.0000753583   0.0000265281
12211  -0.0000154973   0.0001512651  -0.0000712632  -0.0000793396  -0.0000857909
12212   0.0000532035  -0.0000417645   0.0000152624   0.0001410686  -0.0001751355
12213   0.0000292494   0.0000321959   0.0002012124  -0.0000127031   0.0000461332
12214  -0.0000223170   0.0000388729   0.0000561118   0.0000800433  -0.0000113507
12215  -0.0000369279   0.0000251146   0.0003640603  -0.0000639608  -0.0004450424
12216  -0.0003678727   0.0002193573  -0.0000819026  -0.0000941532   0.0003003382
12217  -0.0001948438   0.0001252261   0.0000041434  -0.0000462569  -0.0000849137
12218  -0.0000591178  -0.0003146498   0.0003507921  -0.0001962625  -0.0002919778
12219  -0.0001769911   0.0000569682  -0.0002894082   0.0001063436  -0.0000071221
12220  -0.0003616248  -0.0000671906   0.0000111897  -0.0000734220  -0.0000425931
12221  -0.0001520640   0.0000152034   0.0000368022  -0.0002442366   0.0000851020
12222  -0.0000499699  -0.0001625168  -0.0000630310  -0.0000633277  -0.0002033376
12223   0.0000886108  -0.0000506145  -0.0000496992   0.0001611159   0.0000434937
12224   0.0000302946   0.0000569597   0.0000969302   0.0000355251   0.0001010671
12225  -0.0688191222   0.5382816278  -0.0100569999  -0.0504635631  -0.1417891600
12226   0.0054879227  -0.0208010442  -0.0229528387   0.0021228783   0.0011977752
12227   0.0172524430   0.0000962788   0.0044297122  -0.0015112373  -0.0004287749
12228   0.0013027723   0.0010792616   0.0002081264   0.0006782109   0.0007149419
12229  -0.0006986066  -0.0025341233  -0.0001588595   0.0003376789   0.0067673420
12230  -0.0028292464  -0.0006811571   0.0009253037   0.0006554823   0.0003215632
12231  -0.0010048168  -0.0006971471  -0.0000457856   0.0009591716  -0.0002507534
12232   0.0000886531  -0.0007076234  -0.0004560429   0.0004252144   0.0000149736
12233   0.0005988764   0.0004387487  -0.0008456552  -0.0004075055  -0.0002486868
12234   0.0002796827  -0.0003200931  -0.0000530897  -0.0000004649   0.0002636079
12235  -0.0000362063   0.0004268113   0.0000075495   0.0001267291  -0.0006430481
12236   0.0011928643  -0.0005755553  -0.0002367325  -0.0013286619   0.0004079691
12237  -0.0069769135  -0.1069958199  -0.0985638706   0.0167852971  -0.1324140480
12238   0.1224487713   0.1215327318  -0.1427087307  -0.0178174468  -0.0035409781
12239  -0.0003711115   0.0003338914  -0.0002102561  -0.0016820749   0.0011586632
12240  -0.0002928397  -0.0010495126  -0.0008969671  -0.0001755257  -0.0000921913
12241  -0.0000297056   0.0000838428  -0.0000637601  -0.0001023376   0.0020032274
12242  -0.0009744538  -0.0006197937   0.0000389349   0.0000050436  -0.0000400473
12243  -0.0000565108  -0.0000173409  -0.0001250335  -0.0000028811   0.0000893710
12244   0.0000220269  -0.0000178549  -0.0000068879  -0.0000085325   0.0000050914
12245   0.0001176517   0.0001094221  -0.0000201800  -0.0000111228  -0.0000000095
12246   0.0000330025  -0.0000555936   0.0000079199   0.0000319296  -0.0000399297
12247   0.0000447487  -0.0000139606  -0.0000342872  -0.0000375771
123 1   0.0000800849   0.0001874566   0.0002118576  -0.0000964560   0.0001340352
123 2   0.0000598195   0.0000142222  -0.0000132604   0.0001814761   0.0000521366
123 3   0.0000484659   0.0001167957   0.0000496576   0.0000159898   0.0000843866
123 4  -0.0000732426  -0.0014539547  -0.0034284594   0.0000040386  -0.0001264540
123 5  -0.0002420586   0.0001317592   0.0000297752   0.0000675730  -0.0000212105
123 6  -0.0000583399   0.0000056533  -0.0000295071  -0.0000747066   0.0000837490
123 7   0.0003833118   0.0002934499  -0.0014027894  -0.0000907678  -0.0000470537
123 8   0.0001166124  -0.0000263134  -0.0000862942   0.0000469532  -0.0000610901
123 9   0.0000018477  -0.0000737067  -0.0000379340  -0.0000807093  -0.0000922824
12310  -0.0001156913  -0.0000005909   0.0003266583  -0.0000336671   0.0000247126
12311  -0.0000595929   0.0001169171   0.0000310645  -0.0000365994  -0.0000469531
12312   0.0000281752  -0.0000790690   0.0000287264   0.0000689271  -0.0000930873
12313   0.0000581734   0.0000362029   0.0001278151   0.0000410130   0.0000624105
12314   0.0000703703  -0.0000454421   0.0000700912   0.0000700188  -0.0000408642
12315  -0.0000070172   0.0000600130   0.0002350797  -0.0001849020  -0.0004534921
12316  -0.0004728032   0.0000412964  -0.0000830503   0.0001904320   0.0002343462
12317   0.0000106453  -0.0000139172   0.0000145441  -0.0000620248  -0.0000459816
12318  -0.0000736044  -0.0000689505   0.0001547119   0.0000334614  -0.0001901769
12319  -0.0000935083   0.0000483252  -0.0001418989   0.0000777131   0.0000340110
12320  -0.0001882896   0.0000688692   0.0000025274  -0.0000566909  -0.0000334776
12321  -0.0001162113   0.0000083947   0.0000144154  -0.0001011308   0.0000371899
12322  -0.0000289034  -0.0001305685  -0.0000422707  -0.0000060165  -0.0001160691
12323   0.0001186348  -0.0000342652   0.0000228673   0.0000025922  -0.0000146987
12324   0.0000322325   0.0000057511  -0.0000052870  -0.0000359810   0.0000740816
12325  -0.0023266942  -0.0100569999   0.5173044194   0.0088682003   0.0099112072
12326  -0.0545298655   0.0017987962   0.0018513454  -0.0000763247   0.0043329737
12327   0.0002190951  -0.0007345676  -0.0006700158  -0.0005358032   0.0036555802
12328   0.0007111102  -0.0002735808   0.0012628161  -0.0008301807   0.0005978314
12329  -0.0002840814   0.0007563456   0.0002915490   0.0000439994  -0.0006933980
12330   0.0000463818  -0.0024805917   0.0011907659  -0.0001472503  -0.0003118208
12331  -0.0007867070  -0.0005393996   0.0003030318   0.0003938616  -0.0001353092
12332   0.0001556856  -0.0002722358  -0.0002638290   0.0000238308   0.0000347599
12333   0.0002584262   0.0000470861  -0.0002926377  -0.0002437527  -0.0000697633
12334   0.0000807974  -0.0000438234   0.0000577505  -0.0000195668   0.0002398706
12335  -0.0000885556   0.0000705793   0.0000191761  -0.0000720107  -0.0002531017
12336   0.0005572543  -0.0002847191  -0.0000254858  -0.0000611320  -0.0001191240
12337  -0.0162050423  -0.1003398368  -0.2041261203  -0.0214318661   0.1191293972
12338  -0.2038994357   0.0244956466  -0.0191067243  -0.0478269864   0.0002156208
12339  -0.0003310950   0.0004152036   0.0001471747  -0.0027566092  -0.0012306330
12340   0.0000328188   0.0028723226  -0.0022210198  -0.0000984446  -0.0000349082
12341  -0.0004878053  -0.0000192027  -0.0000235938   0.0003565081   0.0005585829
12342   0.0001386822   0.0000747041   0.0000054904   0.0000149414  -0.0000108598
12343  -0.0000173262  -0.0000072747  -0.0000388651   0.0000009455   0.0000281753
12344  -0.0000181951  -0.0000069793   0.0000001971   0.0000080112  -0.0000264157
12345   0.0000121642  -0.0000238215  -0.0000072760  -0.0000046072   0.0000075760
12346   0.0000278138  -0.0000283368   0.0000141762   0.0000353692  -0.0000360505
12347   0.0001154130  -0.0000083412  -0.0000074681  -0.0000031775
124 1   0.0001692703  -0.0001877048  -0.0007584514   0.0004263260  -0.0001869494
124 2  -0.0000327171   0.0000585448   0.0000176882   0.0001250488   0.0000777183
124 3  -0.0000907589   0.0003215527  -0.0003909768  -0.0006127948  -0.0002237927
124 4   0.0000225466   0.0007753176   0.0010667098   0.0001196247   0.0000221273
124 5   0.0002249442   0.0000618586  -0.0006972519  -0.0004020145  -0.0003085751
124 6  -0.0003448985  -0.0000281321   0.0002231184   0.0004802615  -0.0004980503
124 7   0.0003865130  -0.0007189942   0.0014691168   0.0001392468   0.0002989671
124 8  -0.0002949777   0.0001084778   0.0005758945   0.0001478427   0.0003592088
124 9   0.0001277326   0.0000312695   0.0000557975   0.0001438653   0.0001869210
12410   0.0001448695   0.0006242944   0.0007993847  -0.0001389319  -0.0004667346
12411   0.0002638899  -0.0002615305   0.0000075384   0.0001293247   0.0000664246
12412  -0.0001017653  -0.0002352639  -0.0001722371  -0.0004367276   0.0004898717
12413  -0.0002734374   0.0001732142  -0.0001575632   0.0001367813   0.0001671353
12414  -0.0002671625  -0.0000863154   0.0001235392  -0.0001345406  -0.0000708765
12415   0.0003295028   0.0000256901  -0.0007578919  -0.0002964372   0.0003800972
12416   0.0001240352  -0.0002821173   0.0000809634   0.0006737206  -0.0001904760
12417   0.0003797157  -0.0004799020  -0.0004325834   0.0004284818   0.0001189666
12418   0.0005140361   0.0003583127  -0.0006296031   0.0003770524   0.0002695578
12419  -0.0000001351   0.0000052994   0.0004824777   0.0003750957   0.0005871651
12420   0.0006809313   0.0004260073  -0.0001021212  -0.0000067697  -0.0002015288
12421   0.0001230387   0.0001676176   0.0001624714   0.0003053325  -0.0003190458
12422   0.0000756331  -0.0000137843  -0.0000048190  -0.0002626821  -0.0001721650
12423   0.0004401939   0.0004575372  -0.0000751304   0.0001952025   0.0000358566
12424  -0.0001328873   0.0000663223  -0.0005336316  -0.0000963732  -0.0002003459
12425  -0.1661253557  -0.0504635631   0.0088682003   0.6542486991  -0.0180746588
12426  -0.0366185303  -0.0964827152  -0.0022905565   0.0009829673  -0.2861096516
12427   0.0726059399   0.0174997517  -0.0612886973   0.0056443320   0.0054465768
12428   0.0080932315  -0.0121138442  -0.0021611351  -0.0079225258   0.0043190234
12429   0.0018129694   0.0103413099  -0.0040990668  -0.0026266669  -0.0149615089
12430   0.0323810144   0.0008433756   0.0039302377  -0.0040029634  -0.0002717035
12431  -0.0006642365   0.0003332317   0.0001359151  -0.0013888326   0.0001873806
12432   0.0003304508   0.0007237801   0.0005154950  -0.0011206808  -0.0009824208
12433   0.0000472913  -0.0005438405   0.0021077217   0.0003099508  -0.0010279235
12434  -0.0003756880   0.0003759123   0.0002471872  -0.0003421417   0.0005403729
12435  -0.0003664079   0.0003361724  -0.0001107282  -0.0001652730   0.0008718455
12436  -0.0017172721   0.0008810455  -0.0004396842   0.0032931733  -0.0004182221
12437  -0.0145480713  -0.0139706864  -0.0055890288  -0.0058939315  -0.0073311840
12438   0.0047715859  -0.0269282076  -0.0204711078   0.0016319312  -0.0031311170
12439   0.0340684091  -0.0024372238   0.0036064423  -0.0133042880   0.0053690893
12440   0.0021827167  -0.0066163019  -0.0032292662   0.0008527670   0.0012938492
12441  -0.0000304934   0.0006401293  -0.0001811039   0.0002719552  -0.0010316462
12442  -0.0009307528   0.0004831746  -0.0001329635   0.0000385407  -0.0000064129
12443   0.0001527990  -0.0000058763   0.0002388785   0.0000295329  -0.0002084433
12444   0.0000384257   0.0000277822  -0.0000114546   0.0000315757   0.0000171008
12445  -0.0002320469  -0.0000613415   0.0000531946   0.0000150263   0.0000022401
12446  -0.0000622033   0.0000579624   0.0002092185   0.0001169371  -0.0001011432
12447   0.0007878600   0.0000418037   0.0000697899   0.0001419818
125 1  -0.0002512105   0.0001248948  -0.0000294941  -0.0000044281   0.0001215683
125 2  -0.0002035076   0.0000164166  -0.0000022520  -0.0005205858  -0.0001513961
125 3  -0.0000165558  -0.0004071116  -0.0000094137   0.0002069087  -0.0003014392
125 4  -0.0000924274   0.0004387037   0.0008900573  -0.0001003509   0.0001464085
125 5   0.0001685447   0.0000249048   0.0000543935  -0.0001425836   0.0002781479
125 6   0.0004264953   0.0000553449  -0.0000175183  -0.0000287112  -0.0000544036
125 7   0.0001043747   0.0004736439  -0.0003229211  -0.0000854267  -0.0000278404
125 8  -0.0001556966   0.0000826651  -0.0000846624  -0.0003052565   0.0000253888
125 9  -0.0001058798   0.0001195018   0.0000942246   0.0002879791   0.0001912860
12510   0.0004943509  -0.0001227435  -0.0019004961   0.0001241040   0.0000885330
12511   0.0001971168  -0.0002832013  -0.0001267733   0.0000017442   0.0000986236
12512  -0.0000639031   0.0002723458  -0.0001539096  -0.0001344445   0.0001254637
12513  -0.0003550003  -0.0003141900  -0.0002098501   0.0001215361  -0.0002156770
12514  -0.0002065463   0.0000162748  -0.0001969783   0.0000367225   0.0002451071
12515  -0.0001127300  -0.0003144640   0.0001201110  -0.0000101901   0.0003122543
12516   0.0006361955  -0.0000690291   0.0000161613  -0.0007409365  -0.0004243613
12517  -0.0003119082   0.0000652322  -0.0000284591   0.0001706585  -0.0000256415
12518  -0.0000999520   0.0001240066  -0.0000345488  -0.0004737830   0.0004688415
12519   0.0002445208  -0.0003165054   0.0002495473  -0.0001342820   0.0000490087
12520   0.0001166079  -0.0001425159   0.0002176469  -0.0000811093  -0.0000424061
12521   0.0004607692   0.0000697710   0.0000970341   0.0001971774  -0.0000919855
12522   0.0000813588   0.0001481357  -0.0000776742  -0.0000407999   0.0001550927
12523  -0.0004359233   0.0002751360  -0.0001717078   0.0000617488  -0.0000803194
12524  -0.0000802988  -0.0000842686   0.0002129363   0.0003425594  -0.0001764532
12525  -0.0625229531  -0.1417891600   0.0099112072  -0.0180746588   0.6170484337
12526  -0.0223023668   0.0106018222  -0.2122364550   0.0066580326   0.0736070259
12527  -0.1552950071  -0.0030195017  -0.0100673344   0.0184163177  -0.0002405626
12528  -0.0037465042  -0.0006240748   0.0007425219   0.0037989235  -0.0019693385
12529  -0.0007230643  -0.0088458238  -0.0047177045   0.0018982821   0.0465105566
12530  -0.0265202922  -0.0026441696  -0.0016490795   0.0022191572  -0.0000365475
12531   0.0005271366   0.0005537407  -0.0000798722   0.0005344636   0.0000777051
12532  -0.0002542849  -0.0002964061  -0.0000590921   0.0005113536   0.0002637381
12533  -0.0000209485   0.0002137737  -0.0007001655   0.0002225283   0.0002186704
12534   0.0002551794  -0.0004129447  -0.0002062403   0.0001366091  -0.0004890056
12535   0.0002809962  -0.0003114928   0.0003488263  -0.0000448365  -0.0004965206
12536  -0.0009556445   0.0001662991  -0.0014852129  -0.0008634157   0.0007308194
12537  -0.0206878690  -0.0153089302   0.0003157068  -0.0222465984  -0.0161987046
12538  -0.0003561064   0.0139020285   0.0087421363  -0.0008385880  -0.0000536677
12539  -0.0145622535   0.0008545090  -0.0000110538  -0.0286485399   0.0008533939
12540  -0.0013492854  -0.0276283371   0.0109525317   0.0011593699  -0.0010945567
12541  -0.0002611076   0.0013111536  -0.0003282814  -0.0001318157  -0.0006732008
12542   0.0011356212  -0.0000710831   0.0000197848  -0.0000420863   0.0000280983
12543  -0.0000416711   0.0000117824  -0.0001124441  -0.0000158950   0.0000758735
12544   0.0000752757  -0.0000250981  -0.0000113525  -0.0000450815   0.0000439935
12545   0.0001781281   0.0002397304  -0.0000236397  -0.0000077400  -0.0000349212
12546  -0.0000372911  -0.0000144644  -0.0000630534  -0.0000802980   0.0000550685
12547  -0.0004709670   0.0000570235   0.0000007197  -0.0000286336
126 1  -0.0000324816   0.0002992722  -0.0002034952   0.0000691615   0.0001379054
126 2  -0.0002136687   0.0002063092  -0.0000302861  -0.0001513230  -0.0001753885
126 3   0.0000533099   0.0000364392  -0.0000001167   0.0000739294  -0.0002201205
126 4  -0.0002736377   0.0001392478   0.0002876256   0.0000087284  -0.0002010616
126 5  -0.0002109315   0.0003269353  -0.0002943230  -0.0001534159   0.0002009622
126 6   0.0001234064   0.0000487936   0.0001174547  -0.0001188877  -0.0001447572
126 7   0.0000051469   0.0008834627   0.0002877325   0.0002285718   0.0003227566
126 8   0.0000228212  -0.0001396789   0.0001009849  -0.0003065601   0.0002442067
126 9  -0.0000881430  -0.0000420425  -0.0001089898   0.0001980220   0.0000363465
12610  -0.0001296197   0.0002043380   0.0005499579  -0.0001762977  -0.0002757924
12611   0.0001596744  -0.0002289951  -0.0000531235  -0.0001144494  -0.0000089529
12612  -0.0000364883  -0.0000139546  -0.0001239206  -0.0001094133   0.0001625878
12613  -0.0003626709  -0.0000065406  -0.0001918849   0.0002428340   0.0000391682
12614  -0.0004029385  -0.0000488375  -0.0000049405   0.0001249529   0.0001825290
12615   0.0001376437  -0.0001782518   0.0001970324  -0.0005155254  -0.0000395265
12616   0.0000574065  -0.0001843453  -0.0000045925  -0.0002451685  -0.0001512576
12617  -0.0002046965  -0.0001334481  -0.0002407614   0.0003024544  -0.0001132557
12618   0.0003851980   0.0001248736   0.0001315808  -0.0004176105   0.0001826667
12619   0.0000579337  -0.0001037313   0.0001502032   0.0002937614   0.0004441789
12620  -0.0000174393   0.0000459268   0.0002046178   0.0001117965  -0.0002123816
12621   0.0002830816   0.0002537748   0.0001134096  -0.0000219339  -0.0001842135
12622   0.0000202753  -0.0002813150  -0.0001868372  -0.0003788220  -0.0002489010
12623  -0.0001484903   0.0003586700  -0.0003257182   0.0004293954  -0.0000892885
12624  -0.0001474580   0.0000390437  -0.0002181024   0.0001798870   0.0000470210
12625   0.0079748862   0.0054879227  -0.0545298655  -0.0366185303  -0.0223023668
12626   0.1160704558   0.0017083626   0.0112180731  -0.0562979029   0.0178658675
12627  -0.0018742238  -0.0488550284   0.0012883195  -0.0006063667   0.0070151416
12628   0.0021752259   0.0001919535   0.0016036463  -0.0008959664   0.0003485266
12629  -0.0011096839   0.0003514815   0.0003725058   0.0027804302  -0.0005576539
12630  -0.0002908915   0.0065453372   0.0017790236  -0.0003393136   0.0002522639
12631  -0.0010896088   0.0002772044   0.0000544703   0.0009512801  -0.0000266998
12632   0.0001717997  -0.0006619291  -0.0004739246   0.0004073293  -0.0002942568
12633   0.0007002918   0.0004419183  -0.0004911022  -0.0001170496  -0.0010394177
12634   0.0005275060  -0.0007552719  -0.0001610226  -0.0000730215   0.0002886424
12635  -0.0000202373   0.0003758736   0.0000511837  -0.0000533895  -0.0004203960
12636  -0.0003469213   0.0000196569   0.0001035655  -0.0001848718   0.0011159828
12637  -0.0187396171  -0.0111123340   0.0109177297   0.0203364231   0.0115127206
12638   0.0056470950   0.0029076708   0.0026596655  -0.0024866129   0.0002825316
12639  -0.0024770550  -0.0022113398   0.0049279781  -0.0185988718   0.0090346208
12640  -0.0034718983   0.0259727809   0.0068095479  -0.0001919497  -0.0001800099
12641  -0.0014796382  -0.0000030010   0.0001272548   0.0000684288   0.0000815930
12642   0.0000433892  -0.0013662184   0.0000191068  -0.0000298102  -0.0000690194
12643  -0.0000246853  -0.0000195069  -0.0001482612  -0.0000171509   0.0000689422
12644   0.0001561298  -0.0000220009  -0.0000187350  -0.0000238673   0.0000338639
12645   0.0002187977   0.0004739146  -0.0000021347  -0.0000201100  -0.0000243061
12646  -0.0000515795  -0.0000519350   0.0000658781  -0.0000004709  -0.0000744526
12647   0.0001500721   0.0000276122   0.0000080137   0.0000493907
127 1   0.0000565166  -0.0000448710   0.0001096803  -0.0000317170  -0.0000721972
127 2   0.0001047983  -0.0000381151  -0.0000086282   0.0001145037   0.0000442107
127 3   0.0000327967   0.0000088962   0.0000740048   0.0000090873   0.0001603569
127 4   0.0000195892  -0.0000134368  -0.0000225470   0.0000219688  -0.0000123027
127 5  -0.0000887330  -0.0000451039   0.0001106426   0.0000642256  -0.0000397429
127 6  -0.0001021948  -0.0000025921  -0.0000117219  -0.0000458481   0.0000847188
127 7   0.0002679655  -0.0002194951  -0.0000007071   0.0000002520  -0.0000565239
127 8  -0.0000294002   0.0000044067  -0.0000567437   0.0000604604  -0.0000584971
127 9   0.0000207033  -0.0000296820  -0.0000609095  -0.0001623885  -0.0000958381
12710  -0.0002597564  -0.0001763277   0.0016524165  -0.0000732363   0.0000752121
12711  -0.0001402272   0.0001202820   0.0000300459  -0.0000071951  -0.0000409843
12712   0.0000413890  -0.0000327882   0.0000521706   0.0001207819  -0.0001369120
12713   0.0001597280   0.0000836571   0.0000954874  -0.0000964789   0.0000394593
12714   0.0001440777   0.0000421630   0.0000515225   0.0000020728  -0.0000929006
12715   0.0000142960   0.0001128431   0.0000204441   0.0001608909  -0.0000772047
12716  -0.0001457457   0.0001174843  -0.0000322882   0.0001133385   0.0001597007
12717   0.0000822534   0.0000519181   0.0000909058  -0.0001083217  -0.0000495518
12718  -0.0000644492   0.0000182517   0.0001425286   0.0000808905  -0.0001973660
12719  -0.0001009955   0.0001085365  -0.0001410188  -0.0000246475  -0.0001329688
12720  -0.0001015708  -0.0000477148  -0.0000199194  -0.0000577503   0.0000629849
12721  -0.0001874866  -0.0000609160  -0.0000615734  -0.0000804695   0.0001044783
12722  -0.0000190175  -0.0000089852   0.0000535112   0.0000647417   0.0000247087
12723   0.0000278222  -0.0001997661   0.0000874805  -0.0000792979   0.0000365014
12724   0.0000440770   0.0000063662   0.0000296105  -0.0001247631   0.0000772992
12725   0.0021988030  -0.0208010442   0.0017987962  -0.0964827152   0.0106018222
12726   0.0017083626   0.5967528775  -0.0005723711   0.0039692325  -0.0063618401
12727   0.0353643593  -0.0018204965  -0.0022679049   0.0031236409   0.0002268290
12728  -0.0004551444   0.0010626723   0.0004636739   0.0011988906  -0.0001151386
12729   0.0000393095  -0.0009129922   0.0016712902   0.0002879311  -0.0044886378
12730  -0.0011251954   0.0006922801  -0.0016423381   0.0001557595  -0.0001040918
12731   0.0009676145   0.0002424467  -0.0000413691  -0.0005373966   0.0000893899
12732  -0.0000605721   0.0003287772   0.0003755000  -0.0000527371   0.0000189645
12733  -0.0004583611   0.0000060523   0.0002267071   0.0000977053   0.0001724197
12734  -0.0001638529   0.0001960694   0.0000334722   0.0000040281  -0.0000868298
12735  -0.0000119298  -0.0001160440   0.0000027327   0.0000310509   0.0002285591
12736  -0.0002972532  -0.0000897586  -0.0000421132   0.0002375369  -0.0002620200
12737  -0.0015654835  -0.0014387624   0.0000297854  -0.0019484215  -0.0016721309
12738  -0.0004739234  -0.0000035421  -0.0039813265   0.0003682140  -0.3000054134
12739   0.0498122911   0.0218671710  -0.1103249964  -0.0525788294  -0.0965591487
12740  -0.0714427657  -0.0218743982   0.0661031172  -0.0027316310   0.0019246515
12741   0.0003362006  -0.0004081885   0.0001099420  -0.0001034288   0.0000710388
12742  -0.0000006101  -0.0000555140   0.0000019743   0.0000088225   0.0000070307
12743   0.0000009928   0.0000071190   0.0000179319   0.0000076907  -0.0000260564
12744  -0.0000341383   0.0000123198   0.0000115824   0.0000138482  -0.0000180290
12745  -0.0000633290  -0.0001152769   0.0000046997   0.0000100719   0.0000141423
12746   0.0000193228   0.0000302894  -0.0000133033  -0.0000010151   0.0000378485
12747  -0.0000180076  -0.0000099445   0.0000038237  -0.0000132991
128 1   0.0002492687  -0.0001037331   0.0001662152  -0.0000350106  -0.0001989242
128 2   0.0003218184  -0.0000969451   0.0000196982   0.0005176965   0.0002047221
128 3   0.0000866355   0.0002969713   0.0000180320  -0.0002386048   0.0004864509
128 4   0.0001691898  -0.0001525006  -0.0003691071   0.0000099272   0.0001266012
128 5   0.0000685383  -0.0000856828   0.0001036799   0.0002032554  -0.0002546308
128 6  -0.0005006134  -0.0000387647  -0.0000149193   0.0000277081   0.0000622758
128 7  -0.0000256251  -0.0009102972  -0.0008729365   0.0002743228  -0.0002456160
128 8   0.0000681696  -0.0001064194   0.0000271535   0.0002761321  -0.0000901967
128 9   0.0001031104  -0.0001565545  -0.0001554542  -0.0004461448  -0.0002262728
12810  -0.0006237532   0.0001082025   0.0029162495  -0.0000664203  -0.0000453776
12811  -0.0002616935   0.0003391085   0.0000733439   0.0000164346  -0.0000985546
12812   0.0000791646  -0.0002440588   0.0001268959   0.0001688230  -0.0002368606
12813   0.0004193195   0.0003948378   0.0003364050  -0.0002488299   0.0001884037
12814   0.0003030626   0.0000998334   0.0001985591  -0.0000921515  -0.0003031328
12815   0.0001060008   0.0003267893  -0.0001821740   0.0002895027  -0.0002733155
12816  -0.0005653782   0.0002250864   0.0000142771   0.0006761309   0.0004615915
12817   0.0003316488  -0.0000225266   0.0000778808  -0.0002007279   0.0000442754
12818  -0.0000119768  -0.0002785170   0.0001507524   0.0005313447  -0.0007480123
12819  -0.0003865094   0.0003583949  -0.0003951209   0.0000786234  -0.0002180620
12820  -0.0001245424   0.0000492823  -0.0002764167  -0.0000285079   0.0001164778
12821  -0.0006845588  -0.0001617424  -0.0000923833  -0.0002779485   0.0001719727
12822  -0.0000903892  -0.0000953172   0.0001564483   0.0001514972  -0.0000972670
12823   0.0006186321  -0.0004855589   0.0002998556  -0.0001640844   0.0002212463
12824   0.0001253797   0.0000842968  -0.0000875523  -0.0003884909   0.0001594925
12825  -0.0079306668  -0.0229528387   0.0018513454  -0.0022905565  -0.2122364550
12826   0.0112180731  -0.0005723711   0.4594725229   0.0179373604   0.0263274050
12827  -0.0250101217  -0.0017047996  -0.0069054431   0.0018767529   0.0006443803
12828   0.0022125695  -0.0047317583   0.0003724628  -0.0011640021   0.0024679383
12829   0.0006791516   0.0012609088  -0.0008271042  -0.0007445447  -0.0020845751
12830   0.0061342481   0.0009125747   0.0004208954  -0.0012215209  -0.0001424103
12831   0.0001561182  -0.0004947836   0.0000162805  -0.0008352305  -0.0000617746
12832   0.0001053827   0.0004249267   0.0004560914  -0.0005012018  -0.0002621717
12833  -0.0003983351  -0.0002146464   0.0008929364  -0.0000559307   0.0001074469
12834  -0.0004919339   0.0006443340   0.0002410396  -0.0001392431   0.0002880164
12835  -0.0002584634   0.0001851139  -0.0000619721   0.0000539126   0.0002558852
12836   0.0000700990  -0.0002679212  -0.0007823765   0.0007402458  -0.0005409351
12837   0.0009848478   0.0004377893   0.0010709000   0.0006028761  -0.0000679248
12838  -0.0012543544   0.0031737032   0.0000733687  -0.0002475705   0.0639460701
12839  -0.0573789068  -0.0058338736  -0.0544061397  -0.0866920637  -0.0816932545
12840  -0.0217221623  -0.0591951807   0.0547871648  -0.0006592819  -0.0001941990
12841   0.0002403090  -0.0000388603   0.0000517969   0.0000246096  -0.0000203155
12842  -0.0002371469  -0.0000124188  -0.0000328795   0.0000544057  -0.0000095864
12843   0.0000403801   0.0000002529   0.0001153542   0.0000381845  -0.0001064370
12844  -0.0001135415   0.0000307449   0.0000211781   0.0000533088  -0.0000391977
12845  -0.0002515968  -0.0003933396   0.0000211937   0.0000241750   0.0000421563
12846   0.0000613301   0.0000511702   0.0000577820   0.0000891993   0.0000017597
12847   0.0003683536  -0.0000287408   0.0000207963   0.0000032506
129 1  -0.0001064276   0.0000943785  -0.0002283231   0.0001220455   0.0000550939
129 2  -0.0001105326   0.0000320769   0.0000407004  -0.0003375735  -0.0000025164
129 3  -0.0000054108  -0.0001732840  -0.0001961372  -0.0000985858  -0.0002801677
129 4  -0.0000855015   0.0003117225   0.0003666174  -0.0000444722   0.0000878064
129 5   0.0001027213   0.0000960081  -0.0002753805  -0.0002700184   0.0001640936
129 6   0.0001977840   0.0000766622   0.0000558075   0.0001644823  -0.0002416605
129 7  -0.0001490167  -0.0001944851  -0.0012471864  -0.0000723784   0.0002147216
129 8  -0.0001615748   0.0000557565   0.0001811731  -0.0000738679   0.0001453681
129 9  -0.0000529667   0.0000740338   0.0000567948   0.0002758281   0.0002046588
12910   0.0020941024   0.0004657563  -0.0052197145  -0.0000443596  -0.0000601563
12911   0.0003536657  -0.0003230943  -0.0000900983   0.0000247604   0.0000679792
12912  -0.0000685188   0.0001131052  -0.0002381234  -0.0002472773   0.0002382824
12913  -0.0005177048  -0.0002675852  -0.0000856180   0.0001754216  -0.0000793950
12914  -0.0002788307  -0.0000114608  -0.0000948592   0.0000126649   0.0001581224
12915   0.0000375630  -0.0002904720  -0.0001180993  -0.0001785478   0.0002387852
12916   0.0004683049  -0.0001468279   0.0000453365  -0.0003322745  -0.0004231243
12917  -0.0001894408  -0.0001621982  -0.0002355193   0.0003520787  -0.0000201025
12918   0.0000493507   0.0000639003  -0.0001900682  -0.0002410034   0.0003818096
12919   0.0001655862  -0.0002808840   0.0003493811   0.0000802449   0.0003202859
12920   0.0003031420   0.0000443985   0.0000507828  -0.0000748207  -0.0001992280
12921   0.0003875089   0.0000985143   0.0002128487   0.0002077696  -0.0001656870
12922   0.0000940844   0.0000878064  -0.0000978855  -0.0000552717   0.0000477709
12923  -0.0002846909   0.0003642450  -0.0001793835   0.0001964093  -0.0000119958
12924  -0.0001139497  -0.0000447634   0.0000142809   0.0002976681  -0.0002480510
12925   0.0013969279   0.0021228783  -0.0000763247   0.0009829673   0.0066580326
12926  -0.0562979029   0.0039692325   0.0179373604   0.5054809204  -0.0005226197
12927  -0.0018578010   0.0011358100  -0.0002675624  -0.0001751982  -0.0029059355
12928   0.0006099730  -0.0001937909  -0.0002079821  -0.0007697912  -0.0000585667
12929  -0.0001734211   0.0005124307  -0.0002545437   0.0009389859   0.0009850584
12930   0.0003090974   0.0036808599   0.0010629769  -0.0000753456   0.0001045831
12931  -0.0005971037   0.0001165284  -0.0001677624   0.0003997420  -0.0000660957
12932   0.0000366733  -0.0002359232  -0.0002341399   0.0000720742  -0.0000571293
12933   0.0003830976   0.0000811162  -0.0001589760  -0.0000034066  -0.0003232280
12934   0.0002076555  -0.0002835152  -0.0000886131  -0.0000281736   0.0000510946
12935   0.0000715244   0.0001012893  -0.0000141460   0.0000243829  -0.0001192444
12936  -0.0000509716   0.0002080491   0.0001169871  -0.0002930269   0.0003648683
12937  -0.0024172041  -0.0016436961  -0.0016629078   0.0020597839   0.0017560677
12938  -0.0012335349  -0.0003132595   0.0005988390   0.0004163950   0.0203763184
12939  -0.0041060130  -0.0451113440  -0.0966899956  -0.0770786584  -0.1814339890
12940   0.0672756666   0.0563915523  -0.2159140809   0.0003324125  -0.0002628667
12941   0.0000370257   0.0000954309  -0.0000058784  -0.0005157958  -0.0000841795
12942   0.0001156270  -0.0002960518  -0.0000020580  -0.0000239876   0.0000236548
12943   0.0000060052  -0.0000080613  -0.0000219342  -0.0000129710   0.0000212923
12944   0.0000678881  -0.0000166378  -0.0000168970  -0.0000223487   0.0000267951
12945   0.0000949681   0.0001925587  -0.0000027182  -0.0000104398  -0.0000297649
12946  -0.0000361426  -0.0000316761   0.0000273054   0.0000080040  -0.0000462253
12947   0.0000050815   0.0000188932  -0.0000034824   0.0000207992
130 1  -0.0001616071  -0.0002004025   0.0004893746  -0.0003166789   0.0000372016
130 2   0.0000754227  -0.0001023709  -0.0000461396  -0.0002758062  -0.0001058306
130 3  -0.0001846614  -0.0003843149   0.0002490153   0.0004122854   0.0000702602
130 4   0.0002884738  -0.0002843898  -0.0004267986  -0.0001290372  -0.0000043404
130 5   0.0005770312  -0.0005941263   0.0006058121   0.0005746138   0.0001451607
130 6   0.0003168525  -0.0000592408  -0.0001884815  -0.0001722120   0.0004020057
130 7  -0.0000856919   0.0004915479  -0.0020726898  -0.0006097594  -0.0000385955
130 8   0.0022312708   0.0000312901  -0.0004156859   0.0000500840  -0.0003325930
130 9  -0.0001044573   0.0001127846   0.0001397488  -0.0001134331  -0.0001002783
13010  -0.0002219736  -0.0006794143  -0.0011439382   0.0002838195   0.0005611363
13011  -0.0002536809   0.0003707089   0.0001356873  -0.0001594250  -0.0000561085
13012   0.0000735574   0.0002180287   0.0002648289   0.0003510194  -0.0004410398
13013   0.0003700542  -0.0002401411   0.0000491747  -0.0003064276  -0.0001484440
13014   0.0003196770   0.0001057835  -0.0002272784  -0.0000734496   0.0000517494
13015  -0.0003477373   0.0000252223   0.0002252933   0.0005440591   0.0000068576
13016   0.0001556745   0.0001906789   0.0001461605  -0.0004352611  -0.0001344117
13017   0.0000231782   0.0005942181   0.0005190063  -0.0005559239   0.0001032067
13018  -0.0004919842  -0.0003148989   0.0000638160   0.0000809059   0.0002474308
13019   0.0002423033   0.0000469804  -0.0001470341  -0.0005417701  -0.0008667539
13020  -0.0003467360  -0.0003244718   0.0000591213  -0.0000679543   0.0002833763
13021  -0.0000414671  -0.0000461639  -0.0002765058  -0.0000788642   0.0003447433
13022  -0.0000522614   0.0002381198   0.0001740348   0.0002791435   0.0003641622
13023  -0.0004587773  -0.0004341551   0.0001181008  -0.0002821215  -0.0001017608
13024   0.0001599796  -0.0000632193   0.0005696392  -0.0000260663   0.0001956599
13025  -0.0446922927   0.0011977752   0.0043329737  -0.2861096516   0.0736070259
13026   0.0178658675  -0.0063618401   0.0263274050  -0.0005226197   0.6862925343
13027  -0.0121800161  -0.0402533428  -0.2073314780  -0.1076925450   0.0123511856
13028  -0.0575376951   0.0052780955   0.0077346785   0.0039735346  -0.0145021108
13029  -0.0012634811   0.0050042507   0.0333301132  -0.0004390767  -0.1075453993
13030   0.0175463335   0.0017981796  -0.0046406782   0.0032967547   0.0001371961
13031   0.0014404287  -0.0004396376  -0.0001007195   0.0010125274   0.0000551682
13032  -0.0003481438  -0.0000708975  -0.0008942811   0.0006865490   0.0006695431
13033  -0.0003536973  -0.0002134849  -0.0013193664  -0.0001092382   0.0013665948
13034   0.0001104185   0.0000648985  -0.0001040966   0.0003830362  -0.0006084120
13035   0.0003304015  -0.0004957766   0.0002120984  -0.0001877169  -0.0023181888
13036   0.0012277513   0.0000089715   0.0028618939   0.0028694547  -0.0019102025
13037   0.0052352654   0.0047145676   0.0009435048   0.0038762471   0.0033730065
13038  -0.0013495468  -0.0009673233  -0.0021908923  -0.0001570860   0.0009677453
13039  -0.0025843670   0.0001265481  -0.0000866596  -0.0058718987  -0.0009657483
13040  -0.0001863797  -0.0072151627   0.0032205381   0.0071667495   0.0032617950
13041  -0.0010766399  -0.0047088718   0.0014519753   0.0006924594   0.0062348948
13042  -0.0238414522  -0.0001314739   0.0001191011  -0.0000510675   0.0000423797
13043  -0.0000908571   0.0000200986  -0.0000411514  -0.0000436952   0.0001246942
13044  -0.0001172175  -0.0000099207   0.0000264461  -0.0000205233  -0.0000571189
13045   0.0000772907  -0.0001288961  -0.0000205811  -0.0000140856   0.0000039237
13046   0.0000296348  -0.0000350324  -0.0002366724  -0.0001478455   0.0000979340
13047  -0.0007142828  -0.0000757195  -0.0000361200  -0.0000193525
131 1   0.0002639555  -0.0003718576  -0.0004824073   0.0001596550  -0.0001361851
131 2   0.0003029042   0.0000939532  -0.0000643310  -0.0000127871   0.0000632005
131 3  -0.0002989533   0.0000909686  -0.0001693828  -0.0003573641  -0.0000104182
131 4   0.0003018944   0.0002913971   0.0001561903   0.0003206621  -0.0008597457
131 5  -0.0019505769  -0.0010879872  -0.0004440795   0.0009506560  -0.0003591920
131 6  -0.0003142071   0.0000004827   0.0002452243   0.0003066949  -0.0002029996
131 7   0.0000914617  -0.0002291521   0.0004903072  -0.0005512773   0.0003317446
131 8   0.0009213375   0.0000103071   0.0002928483   0.0001048149   0.0002908255
131 9  -0.0000470417   0.0001504961  -0.0000628425  -0.0001002025  -0.0000228555
13110   0.0000055299   0.0000791549   0.0003162048  -0.0000771721   0.0000334840
13111  -0.0001388656   0.0001882242   0.0003615715  -0.0002359078  -0.0000529315
13112   0.0000322180  -0.0001549703   0.0001355047   0.0000111761   0.0000602427
13113   0.0001588788   0.0001099609  -0.0000442790  -0.0002217950   0.0001845944
13114   0.0001536605   0.0000342400  -0.0000349686  -0.0000597913  -0.0001255622
13115   0.0001387086   0.0001910914  -0.0004341322   0.0000472056   0.0000078458
13116  -0.0001279835  -0.0003304534   0.0000522914   0.0005892386  -0.0005555931
13117   0.0008306888  -0.0000022124   0.0001073638  -0.0001873907  -0.0000350067
13118   0.0002203556   0.0002349786  -0.0004112405   0.0007584083   0.0003297510
13119   0.0003019709   0.0002739899   0.0004211632  -0.0000444957  -0.0001715473
13120   0.0002776602   0.0001041157  -0.0000232438   0.0002691907   0.0000974081
13121   0.0000087271   0.0001439912  -0.0002332760   0.0001107318   0.0001357789
13122   0.0000259924   0.0000981104   0.0001144656   0.0000191280   0.0002015443
13123  -0.0001739206  -0.0002654418   0.0000416445   0.0000067132   0.0000248658
13124  -0.0000164784   0.0000204812  -0.0002186755  -0.0002758564   0.0001093083
13125  -0.0096296788   0.0172524430   0.0002190951   0.0726059399  -0.1552950071
13126  -0.0018742238   0.0353643593  -0.0250101217  -0.0018578010  -0.0121800161
13127   0.6486753707  -0.0097139053  -0.0672074992  -0.1834872094   0.0093262705
13128  -0.0244050348   0.0304843835   0.0013791380  -0.0168637171  -0.0182175818
13129   0.0011694295   0.0563354527  -0.0205314650  -0.0079827219  -0.0216652970
13130  -0.2654806218   0.0054053886   0.0058868703  -0.0021610036   0.0004754138
13131  -0.0025389400  -0.0007682352   0.0000846441   0.0010207988   0.0000297306
13132   0.0003614979   0.0003349004  -0.0012310591  -0.0003892911   0.0007388288
13133  -0.0004900425  -0.0009103678   0.0002470816  -0.0003365587   0.0000634174
13134   0.0000451698   0.0003638113   0.0001365031   0.0000099529   0.0005990561
13135  -0.0001522311  -0.0010639326  -0.0006633450  -0.0006306340   0.0011167210
13136   0.0023423772   0.0010119800   0.0094231567   0.0034875183  -0.0024600620
13137  -0.0026108500  -0.0019559026  -0.0012272083  -0.0017810953  -0.0013774103
13138   0.0009621169  -0.0042650548  -0.0030436500   0.0004576268  -0.0004199919
13139  -0.0052147520   0.0003918897   0.0006225304   0.0022690013  -0.0001321436
13140   0.0010762061   0.0029550964  -0.0014659443  -0.0233833682  -0.0119493387
13141   0.0018549754   0.0008204011   0.0013410857   0.0012305749   0.0035269899
13142  -0.0115803902   0.0006103374   0.0000344334  -0.0000322131  -0.0000114001
13143   0.0000474890   0.0000028148   0.0001931759  -0.0000930342  -0.0000545027
13144  -0.0001074705   0.0000079906   0.0000270971   0.0000337550  -0.0001204879
13145  -0.0001593950  -0.0001299961   0.0000442200  -0.0000177366   0.0000121793
13146  -0.0000017392  -0.0000520219  -0.0000157186   0.0000135404  -0.0001382973
13147   0.0003767306  -0.0001389259   0.0000077015   0.0001384845
132 1  -0.0001236449  -0.0002663877   0.0003455252  -0.0001169883  -0.0000117376
132 2   0.0001192308  -0.0001145480   0.0000876169   0.0000198226  -0.0000059721
132 3  -0.0000644443  -0.0002433216   0.0000165196   0.0000143876   0.0000075640
132 4   0.0001063686  -0.0003537265  -0.0000385270  -0.0004891385  -0.0008064239
132 5  -0.0008076086  -0.0001348877   0.0004384808  -0.0000680703   0.0000152966
132 6   0.0001334172  -0.0000786462  -0.0002237817   0.0001495108   0.0001009748
132 7   0.0000229842  -0.0002052554  -0.0013320807   0.0006480182  -0.0001600792
132 8  -0.0014345406   0.0000449930  -0.0002008712   0.0003538139  -0.0003100558
132 9   0.0000372625   0.0000248628   0.0001900419   0.0000104911  -0.0000251765
13210  -0.0000863801   0.0001494082  -0.0002096978   0.0001361297   0.0001779536
13211  -0.0000228286   0.0001780621  -0.0000399569   0.0000837617   0.0000234151
13212   0.0000046855   0.0000503482   0.0000165695   0.0000713679  -0.0001899522
13213   0.0002660729  -0.0000164822   0.0001323633  -0.0002220954  -0.0001661106
13214   0.0002519206   0.0000714960  -0.0000511064  -0.0001146640   0.0000346440
13215  -0.0001296294  -0.0000412705   0.0000313129   0.0004675048   0.0001783371
13216   0.0000024290   0.0001770004   0.0000522841  -0.0000412233  -0.0000421694
13217   0.0000365903   0.0002105286   0.0001614868  -0.0001430986   0.0001127673
13218  -0.0002604796  -0.0001006811  -0.0000555149   0.0001740112   0.0000308734
13219  -0.0000573582   0.0000591452  -0.0001101332  -0.0001566098  -0.0003990540
13220   0.0000070589  -0.0001735598  -0.0001415639  -0.0000024164   0.0001693414
13221  -0.0001436982  -0.0001923691  -0.0001369464   0.0001356262   0.0001327103
13222   0.0000432458   0.0002286630   0.0001342646   0.0001242316   0.0000989309
13223   0.0002477409  -0.0000209265   0.0001358770  -0.0002256152  -0.0000372465
13224   0.0000822713  -0.0000050924   0.0003556880   0.0000641088  -0.0000222194
13225   0.0038541376   0.0000962788  -0.0007345676   0.0174997517  -0.0030195017
13226  -0.0488550284  -0.0018204965  -0.0017047996   0.0011358100  -0.0402533428
13227  -0.0097139053   0.1543289369   0.0165310921   0.0132923142  -0.0578289031
13228   0.0020404252  -0.0012366369   0.0035516599   0.0003522336   0.0011452091
13229  -0.0072344986  -0.0027720289  -0.0004888391   0.0043198932   0.0043890690
13230  -0.0005793356  -0.0621097273  -0.0001216985   0.0003974352  -0.0002945410
13231  -0.0001536932  -0.0006457043  -0.0002047608  -0.0002271641  -0.0001016937
13232   0.0000327682   0.0000386589   0.0000687388  -0.0001354588   0.0005774475
13233  -0.0000506409  -0.0005723913  -0.0001643015  -0.0001182083   0.0008560426
13234  -0.0001997205   0.0003804209   0.0000664306   0.0001131472  -0.0001876251
13235   0.0000753870  -0.0004029069  -0.0001253562   0.0001663207   0.0009307906
13236   0.0014707972   0.0017089254  -0.0014571829  -0.0012164587   0.0020103807
13237  -0.0010665663  -0.0002671755  -0.0003747256   0.0006400793  -0.0005020317
13238   0.0005387939   0.0006682585   0.0003810410   0.0002367705  -0.0000047351
13239   0.0003890373   0.0003911601   0.0007441999  -0.0000857388   0.0003540776
13240  -0.0004003176   0.0010319817  -0.0010867416   0.0006240187   0.0006018594
13241   0.0028184954   0.0001813650   0.0001941120   0.0078051985  -0.0003987118
13242   0.0010494251   0.0026698320  -0.0000027831   0.0000293341   0.0000383817
13243  -0.0000009969   0.0000070360   0.0000723728  -0.0000072012   0.0000047076
13244  -0.0000969547  -0.0000054924  -0.0000022332  -0.0000029584  -0.0000324269
13245  -0.0000744773  -0.0003009628  -0.0000195356  -0.0000010813   0.0000018616
13246   0.0000367476  -0.0000035939  -0.0000690079  -0.0000127557   0.0000257024
13247  -0.0002233241  -0.0000106418  -0.0000404248   0.0000430154
133 1  -0.0000523637   0.0003314282  -0.0004259883   0.0002419383   0.0000093565
133 2  -0.0002666388   0.0001560834   0.0000764548   0.0001646658   0.0001255979
133 3   0.0001669036   0.0004563106  -0.0002975687  -0.0002300476  -0.0001008259
133 4  -0.0001875976   0.0003277634   0.0002028576  -0.0003250344  -0.0000115686
133 5   0.0001301965   0.0008667386  -0.0006226370  -0.0010280974   0.0000697307
133 6  -0.0001566133  -0.0000006481   0.0001987107  -0.0000231831  -0.0003903206
133 7  -0.0004617476  -0.0000203922   0.0007563767   0.0005733520   0.0003531432
133 8   0.0019377431   0.0001315053   0.0003477738  -0.0006772143   0.0003723057
133 9   0.0000154191  -0.0002204469  -0.0000642464   0.0001812083   0.0001995478
13310   0.0000324789   0.0004338952   0.0003760254   0.0002027777  -0.0004989818
13311   0.0000469273  -0.0006550318  -0.0003305715   0.0002899433   0.0000660511
13312  -0.0001071037  -0.0000710154  -0.0003172988  -0.0004105361   0.0005151359
13313  -0.0004947803   0.0001085594  -0.0001130624   0.0003225272   0.0001486329
13314  -0.0004539055  -0.0001033598   0.0001202595   0.0000846950   0.0000714777
13315   0.0002172866  -0.0001667204  -0.0002730646  -0.0005610395   0.0002303534
13316   0.0002524550  -0.0000480990  -0.0000354999   0.0001218341   0.0002684945
13317  -0.0004771322  -0.0005303250  -0.0005816714   0.0005813554   0.0001084381
13318   0.0005347493  -0.0000180090  -0.0000604297  -0.0002988988  -0.0001237947
13319  -0.0002499255  -0.0002055618  -0.0000487029   0.0004451612   0.0009752290
13320   0.0002385793   0.0004127543  -0.0000828877  -0.0000230849  -0.0004580694
13321   0.0000946770   0.0002337112   0.0004512774  -0.0000885508  -0.0005308828
13322  -0.0000662673  -0.0002896125  -0.0002345763  -0.0002671354  -0.0004051583
13323   0.0004603620   0.0005279489  -0.0001607623   0.0003610019   0.0001270360
13324  -0.0000894756   0.0001009883  -0.0005003791   0.0002491865  -0.0002736918
13325   0.0025642787   0.0044297122  -0.0006700158  -0.0612886973  -0.0100673344
13326   0.0012883195  -0.0022679049  -0.0069054431  -0.0002675624  -0.2073314780
13327  -0.0672074992   0.0165310921   0.6646414983  -0.0238736105  -0.0282455200
13328  -0.2973195222   0.0905083670  -0.0020209339   0.0002200587   0.0445783942
13329  -0.0003325721  -0.0269195631  -0.0011094010   0.0023513902   0.0232246249
13330  -0.0338715580  -0.0005905069   0.0084651521  -0.0077887078   0.0003528039
13331  -0.0041536677   0.0000643046   0.0000251323   0.0002712840  -0.0003371082
13332   0.0003543096  -0.0010441196   0.0007151137  -0.0002406987  -0.0008096127
13333   0.0010025981   0.0002686559   0.0005302270   0.0002429407  -0.0014081760
13334   0.0001365994  -0.0006078447   0.0000027533  -0.0003573315   0.0004245528
13335  -0.0002144122  -0.0001118159   0.0016166155  -0.0000147543   0.0004851299
13336  -0.0063951271   0.0011449899  -0.0412909285  -0.0033253207   0.0048125935
13337  -0.0020966585  -0.0011426407   0.0004463845  -0.0015390459  -0.0008422157
13338   0.0007379094  -0.0011262877  -0.0011415575   0.0001973023  -0.0004327952
13339  -0.0008800960  -0.0001251686   0.0005305121   0.0010675830  -0.0000297494
13340   0.0003556510   0.0016038773   0.0014243013  -0.0541660384   0.0173738889
13341   0.0015912840  -0.0003252748  -0.0003287299  -0.0005585027   0.0004399234
13342   0.0022309302   0.0004675723  -0.0002098202   0.0000861620  -0.0000816209
13343   0.0000668707  -0.0000061654  -0.0001079748   0.0000694092  -0.0000320905
13344   0.0002027266  -0.0000349952  -0.0000393233  -0.0000101633   0.0000991545
13345   0.0001051870   0.0003206723  -0.0000213048   0.0000047489  -0.0000279111
13346  -0.0000453240   0.0000068965   0.0002472544   0.0001254524  -0.0000786520
13347   0.0004566909   0.0001528046   0.0001814853   0.0000355868
134 1   0.0000723268  -0.0000132089  -0.0000413936   0.0000389133  -0.0001167542
134 2  -0.0000457350  -0.0000870346  -0.0000515070  -0.0001009032   0.0000250954
134 3   0.0000789603  -0.0000706060   0.0000678362  -0.0000687515  -0.0000674482
134 4  -0.0000123648   0.0000412561  -0.0000063801   0.0000962493   0.0000030596
134 5   0.0002900251   0.0000537339  -0.0000272297   0.0001869066  -0.0000772607
134 6   0.0000009901  -0.0000346138   0.0000053052   0.0000300665  -0.0000509770
134 7   0.0001192928  -0.0000383138   0.0000280794   0.0003364090  -0.0004850839
134 8  -0.0017916391  -0.0000679183  -0.0000724861  -0.0002628718  -0.0000031536
134 9   0.0000688418  -0.0000452327  -0.0000275832   0.0000341244   0.0000187279
13410  -0.0000209237   0.0000237405   0.0002389763  -0.0001119140  -0.0001509023
13411   0.0001033574   0.0000105120   0.0000102428  -0.0000556380   0.0000213435
13412   0.0000066619  -0.0000039183  -0.0000218323  -0.0000077899  -0.0000268205
13413  -0.0001323666   0.0000345096  -0.0000083216   0.0001217213  -0.0000720580
13414  -0.0000541276  -0.0000004910   0.0000157592   0.0000520589  -0.0000705720
13415  -0.0000170445   0.0000371276  -0.0000274713   0.0000157733  -0.0000945482
13416  -0.0000592894  -0.0000732034   0.0000279565  -0.0000246837   0.0000175517
13417   0.0000982765  -0.0000875754  -0.0000574547   0.0001406984  -0.0001023274
13418  -0.0000427216   0.0000247570   0.0000033337  -0.0000367304  -0.0000418735
13419  -0.0000816662  -0.0000282980   0.0000564164   0.0000905361   0.0001278197
13420   0.0000555571  -0.0000202116   0.0000651813  -0.0000083272   0.0000125560
13421   0.0000697077  -0.0000413807  -0.0000050917   0.0001263354  -0.0000813962
13422   0.0000751247   0.0000406538  -0.0000420733  -0.0000196742  -0.0000671338
13423   0.0000828935   0.0000888420  -0.0000816885   0.0000439086  -0.0000043908
13424  -0.0000341780  -0.0000432311   0.0000438189  -0.0000494839  -0.0000749215
13425   0.0041785668  -0.0015112373  -0.0005358032   0.0056443320   0.0184163177
13426  -0.0006063667   0.0031236409   0.0018767529  -0.0001751982  -0.1076925450
13427  -0.1834872094   0.0132923142  -0.0238736105   0.6862745821  -0.0269329954
13428   0.1175697187  -0.1521467592   0.0008053680   0.0296047218  -0.0138237598
13429  -0.0001066813  -0.0007397978  -0.0023956595  -0.0000769487  -0.0230258075
13430  -0.0280773070   0.0019676081  -0.0011117657  -0.0065907711   0.0006937662
13431  -0.0007697276  -0.0002480288  -0.0000382249  -0.0001952769   0.0003927588
13432  -0.0000058254   0.0002472877   0.0004831740  -0.0001989325  -0.0001274315
13433  -0.0009016227  -0.0000934914   0.0001699362   0.0002941316  -0.0001290715
13434  -0.0001406561   0.0000299346   0.0000502509  -0.0000711226   0.0001027597
13435  -0.0000553486  -0.0017104647   0.0017503263  -0.0001592879  -0.0029178108
13436  -0.0055752887   0.0012600630  -0.0175875986   0.0132201986   0.0007453284
13437  -0.0003165364  -0.0004193406  -0.0000072621  -0.0001806422  -0.0003277435
13438  -0.0000474457   0.0008505774   0.0006126350  -0.0000644269  -0.0002422301
13439  -0.0005356712   0.0000820340  -0.0004828763   0.0008265317  -0.0008777026
13440  -0.0006116630   0.0009026375   0.0001228655   0.0190448069  -0.3248481651
13441   0.0122852805  -0.0000504341   0.0008214890   0.0001535999   0.0011438466
13442  -0.0045787392   0.0000800887  -0.0001527614   0.0001026032   0.0000058339
13443   0.0000442820   0.0000498017   0.0000212084  -0.0000019793  -0.0000369552
13444   0.0000095508  -0.0000205904   0.0000104305  -0.0000001988  -0.0000047946
13445  -0.0000352947  -0.0000399435  -0.0000101540   0.0000118868  -0.0000018799
13446   0.0000128278   0.0000186230   0.0000614014   0.0000466795  -0.0000050749
13447   0.0000902853   0.0001398994   0.0001278399   0.0000348427
135 1   0.0000006703  -0.0000371929   0.0001337439  -0.0001190379  -0.0000401187
135 2   0.0000684415   0.0000686380  -0.0000993677  -0.0000444232   0.0000762333
135 3  -0.0001686707   0.0000484461  -0.0000804522  -0.0000306459   0.0001262372
135 4   0.0000568364  -0.0000596211  -0.0000159596   0.0000042136  -0.0003855780
135 5  -0.0003277186  -0.0001149535  -0.0000215548  -0.0001532814   0.0000215861
135 6  -0.0000476672  -0.0000977328   0.0000327581   0.0000357676   0.0000071503
135 7  -0.0004939277  -0.0000987726  -0.0003738930  -0.0003438052   0.0006691144
135 8   0.0002491694   0.0002373947  -0.0000654283  -0.0003718050   0.0000400457
135 9  -0.0000620760  -0.0001074502   0.0000463161  -0.0001368582  -0.0000394792
13510  -0.0000122915   0.0002292456  -0.0007071286   0.0003363800   0.0001734858
13511  -0.0002518910   0.0001088110   0.0000280717  -0.0000929865  -0.0000615706
13512   0.0000173657  -0.0000349582   0.0000227328   0.0000577118  -0.0000648548
13513   0.0001323533   0.0000379219   0.0002296326  -0.0001947942   0.0001752956
13514   0.0001538743  -0.0000185974  -0.0000331339  -0.0000809238   0.0000466207
13515   0.0000007850  -0.0000269846  -0.0000161674   0.0001635469  -0.0000258557
13516  -0.0000641110   0.0001041512   0.0000306406   0.0000737177  -0.0000212742
13517   0.0001392248   0.0001648824   0.0001149124  -0.0001547503   0.0001198578
13518  -0.0001307194  -0.0000708681   0.0000076443   0.0002772346   0.0000509652
13519   0.0000075597   0.0000617052  -0.0001589530  -0.0000800709  -0.0001996870
13520  -0.0000277333   0.0000432589  -0.0002656711   0.0002487949  -0.0000166161
13521  -0.0002764313   0.0000241887   0.0000129676  -0.0000904108   0.0000605242
13522  -0.0000646732  -0.0000600473   0.0000512611   0.0001550551  -0.0001021074
13523   0.0003813416  -0.0000075208   0.0001138758  -0.0000517763  -0.0000201208
13524   0.0001362963   0.0000318503   0.0000291386   0.0000159257   0.0001395789
13525  -0.0005693035  -0.0004287749   0.0036555802   0.0054465768  -0.0002405626
13526   0.0070151416   0.0002268290   0.0006443803  -0.0029059355   0.0123511856
13527   0.0093262705  -0.0578289031  -0.0282455200  -0.0269329954   0.1035522927
13528   0.0074811812   0.0011770914  -0.0436293767  -0.0021961108   0.0015587937
13529   0.0056173548   0.0014131131  -0.0004399568  -0.0036214189  -0.0004547597
13530   0.0032153457   0.0077902927   0.0009245792   0.0011655285   0.0032859452
13531  -0.0006010927  -0.0007438816  -0.0003189650   0.0002723661  -0.0001804589
13532  -0.0007739905  -0.0001668660  -0.0000563042   0.0002119675   0.0001729826
13533   0.0000673703  -0.0000051605  -0.0000730625  -0.0000931759   0.0001546307
13534  -0.0000340324   0.0000837310  -0.0000652066   0.0000133424  -0.0000208226
13535   0.0000313712   0.0002010573   0.0000274016   0.0003093928  -0.0000278229
13536   0.0013835883   0.0011064547   0.0028608266  -0.0020164493   0.0026393542
13537   0.0009374663   0.0003177004  -0.0001101277  -0.0006093883  -0.0000714740
13538  -0.0001082635   0.0000479852  -0.0000225601   0.0004589709   0.0001892465
13539   0.0001556132   0.0001351231   0.0003733313   0.0000865857   0.0000033225
13540  -0.0004332559  -0.0003242480   0.0001321998   0.0003157576   0.0124204971
13541  -0.0283605888  -0.0000222632  -0.0000303728  -0.0005506403   0.0000714613
13542   0.0000068027   0.0033283362  -0.0000018985   0.0000354903  -0.0000047996
13543  -0.0000132638   0.0000012940   0.0001179884  -0.0000145564   0.0000145308
13544  -0.0000213004  -0.0000011145   0.0000011732  -0.0000088503  -0.0000005231
13545  -0.0000102321  -0.0000858550  -0.0000019397   0.0000003529   0.0000005052
13546   0.0000172687   0.0000052399  -0.0000073238  -0.0000010040  -0.0000122689
13547  -0.0000216349   0.0000142593  -0.0000496222  -0.0000115417
136 1   0.0001437876  -0.0002353271  -0.0000214586  -0.0000346573  -0.0000496640
136 2   0.0000938749  -0.0001620616  -0.0000426458   0.0000879865  -0.0001564505
136 3  -0.0000018296  -0.0002113868   0.0002313715   0.0000185809  -0.0000432657
136 4   0.0001468022   0.0000101403  -0.0000911014   0.0001992416   0.0002581038
136 5   0.0000546175  -0.0006638350   0.0001289928   0.0005541274  -0.0001859326
136 6  -0.0000743403  -0.0000073581  -0.0000919662   0.0000406939   0.0003091565
136 7   0.0007160209   0.0000204323  -0.0002283057  -0.0003645601  -0.0005647548
136 8  -0.0034889046  -0.0007256870   0.0000933048   0.0020630744  -0.0001833406
136 9   0.0000969303   0.0002525184   0.0000372659  -0.0000880759  -0.0001216765
13610   0.0000508078  -0.0004406387   0.0000128314  -0.0003411525   0.0004129338
13611   0.0000962692   0.0005446662   0.0003425288  -0.0003023049  -0.0000211967
13612   0.0000444341  -0.0000789127   0.0003309552   0.0001950669  -0.0003178817
13613   0.0002673306  -0.0002176162  -0.0000307464  -0.0000667715  -0.0001160101
13614   0.0001667216   0.0000813170  -0.0000103825  -0.0000718003  -0.0001891466
13615  -0.0001192830   0.0002874452  -0.0000706960   0.0000653812  -0.0001305924
13616  -0.0003034574  -0.0001729963   0.0000828016   0.0002119995  -0.0000658724
13617   0.0003927530   0.0001588145   0.0002958868  -0.0003078993  -0.0000960524
13618  -0.0000622140   0.0000853748  -0.0002008948   0.0002940388   0.0002735183
13619   0.0002317503   0.0001699641   0.0004457756  -0.0001654903  -0.0005090938
13620  -0.0000743456  -0.0000987087   0.0003057527  -0.0003036986   0.0002936582
13621   0.0003335383  -0.0000102292  -0.0003905026   0.0002122001   0.0005596633
13622   0.0000786248   0.0001681157   0.0001671102   0.0000781471   0.0003244789
13623  -0.0009337515  -0.0004692864  -0.0000314662  -0.0002043354  -0.0001389614
13624  -0.0000673600  -0.0000959075   0.0002230457  -0.0004212052   0.0002065420
13625  -0.0016183718   0.0013027723   0.0007111102   0.0080932315  -0.0037465042
13626   0.0021752259  -0.0004551444   0.0022125695   0.0006099730  -0.0575376951
13627  -0.0244050348   0.0020404252  -0.2973195222   0.1175697187   0.0074811812
13628   0.5773793796  -0.0810259950  -0.0151542819  -0.0942233117   0.0064324799
13629  -0.0004653419   0.0184723821  -0.0210729560   0.0001635613  -0.0120398341
13630   0.0156994400   0.0002568943  -0.0122489599   0.0386361535  -0.0027367378
13631   0.0088584842   0.0010690717   0.0003394912  -0.0016635671  -0.0005269531
13632  -0.0000418859   0.0011643091  -0.0011228177  -0.0002907842  -0.0020098306
13633  -0.0012165179  -0.0009639383   0.0006744992   0.0004002340   0.0005096671
13634  -0.0003372534   0.0005091860   0.0001630362   0.0001913327  -0.0001581834
13635   0.0000093110   0.0000196141   0.0029320190  -0.0004927387  -0.0251010007
13636  -0.0110924056   0.0027449872  -0.1059691879  -0.0410758150   0.0076682697
13637   0.0011764969   0.0001630189  -0.0007033524   0.0009647694   0.0001446402
13638  -0.0003737129   0.0000322069  -0.0000204409  -0.0000824295   0.0003326179
13639   0.0001591965   0.0000687278  -0.0010393620  -0.0001672097  -0.0003312289
13640  -0.0005863332  -0.0002532032  -0.0008947012  -0.0006363559   0.0006909655
13641  -0.0016492674  -0.0036219258  -0.0030892293  -0.0000647846   0.0000631214
13642   0.0011203456  -0.0000241211   0.0006578389  -0.0003471165   0.0000125811
13643  -0.0000184322  -0.0000222163   0.0002077694   0.0000011280  -0.0000636595
13644  -0.0001423949   0.0000270036   0.0000580175   0.0000273850  -0.0000542263
13645  -0.0001802223  -0.0002275595   0.0000613887  -0.0000196712   0.0000229027
13646  -0.0000535606   0.0000216202  -0.0001409181  -0.0000981683   0.0000454079
13647   0.0000083301  -0.0004425597  -0.0001014286   0.0004430507
137 1   0.0001158634   0.0002565576  -0.0003217615   0.0001659460  -0.0000511316
137 2  -0.0003153327   0.0001538652  -0.0000551421   0.0003422504  -0.0001020051
137 3  -0.0000161500   0.0003084067  -0.0001139254  -0.0003066132  -0.0000756916
137 4  -0.0002151086   0.0003043545   0.0001726906   0.0001755798   0.0000849777
137 5   0.0002128708   0.0005920043  -0.0005829957  -0.0012012767  -0.0003312821
137 6  -0.0002947903  -0.0001501517   0.0002310846   0.0002817693  -0.0000928911
137 7  -0.0001683855  -0.0006061299   0.0002313718  -0.0001301684   0.0007122269
137 8   0.0014686306  -0.0002989642   0.0004100789   0.0015240704   0.0002093739
137 9   0.0000171193   0.0000076781   0.0001490790  -0.0000374952   0.0000389495
13710   0.0003203625   0.0004181549   0.0001953196  -0.0003822730  -0.0004802794
13711   0.0010640141   0.0000499270   0.0001456113  -0.0001500110   0.0000774109
13712  -0.0000456387  -0.0004709890  -0.0001076567  -0.0003943579   0.0003368854
13713  -0.0000373984   0.0000127715   0.0001499101   0.0001065733   0.0001623272
13714  -0.0001090153  -0.0001139782   0.0002427914  -0.0002542971   0.0000362869
13715   0.0003541268  -0.0000563736  -0.0002450159  -0.0007052750  -0.0001345091
13716  -0.0005868181  -0.0001529603   0.0001051182   0.0007178948   0.0003411666
13717   0.0001791324  -0.0001653819  -0.0001478121   0.0001312089   0.0001402995
13718   0.0003355634   0.0000836579  -0.0002403213   0.0002624605   0.0002155502
13719  -0.0000785102   0.0000947587   0.0003264819   0.0003669453   0.0001771896
13720   0.0002520960   0.0003111897   0.0000159632  -0.0002224340  -0.0000673616
13721  -0.0000791984   0.0001953154   0.0000524043   0.0001044510   0.0002097698
13722  -0.0000309307  -0.0002616101   0.0000254492  -0.0002360266  -0.0002914271
13723   0.0001908462   0.0003082206   0.0000749577   0.0001053759  -0.0001060628
13724   0.0000549777   0.0001078918  -0.0004070820   0.0000219626   0.0001521267
13725   0.0009339615   0.0010792616  -0.0002735808  -0.0121138442  -0.0006240748
13726   0.0001919535   0.0010626723  -0.0047317583  -0.0001937909   0.0052780955
13727   0.0304843835  -0.0012366369   0.0905083670  -0.1521467592   0.0011770914
13728  -0.0810259950   0.5286040198  -0.0364541573  -0.0032560714  -0.2179034875
13729   0.0112397603  -0.0289402872  -0.0297171874   0.0033308988   0.0119244945
13730  -0.0129844152  -0.0001074471   0.0588621092  -0.0300319244   0.0036401943
13731  -0.0233566116  -0.0114850712  -0.0000657310   0.0066286956  -0.0017320524
13732   0.0006730243  -0.0021227912  -0.0041463857  -0.0002678153   0.0004932527
13733   0.0039291216  -0.0001413332  -0.0006804747  -0.0022402461  -0.0004645136
13734   0.0006188565   0.0003023204   0.0002813110  -0.0000330402   0.0016749888
13735  -0.0005585367   0.0052471663  -0.0053518599   0.0008527473   0.0102058346
13736   0.0299298160  -0.0047906754  -0.0672048893  -0.1137513702   0.0158716857
13737  -0.0008599490  -0.0004891838   0.0002020564  -0.0006053035  -0.0003101892
13738   0.0001653416  -0.0005402808  -0.0002216165   0.0000963894   0.0000306459
13739   0.0005426856  -0.0000229515   0.0008032596   0.0006118404   0.0007778801
13740   0.0005556185   0.0007206054  -0.0006706225   0.0280944409  -0.0079684577
13741   0.0010954839  -0.0012819046  -0.0010532603   0.0001501697   0.0003420766
13742  -0.0001960610  -0.0001137099  -0.0000072857   0.0003010465  -0.0000517309
13743   0.0000127213  -0.0001687996   0.0000946095  -0.0000990466   0.0000763698
13744  -0.0001657555   0.0000177719  -0.0000206153   0.0000101930  -0.0001182899
13745  -0.0000666666  -0.0001730967   0.0000553401  -0.0000584603  -0.0000219898
13746   0.0000113955  -0.0002506373   0.0000622471   0.0001955634  -0.0004107125
13747   0.0010602786   0.0002480713  -0.0005725185   0.0000224251
138 1  -0.0000887674  -0.0000484148  -0.0003815456   0.0002019866   0.0000012891
138 2  -0.0000651671   0.0001607663   0.0001771045   0.0003871750  -0.0001241290
138 3  -0.0000433226   0.0005609099   0.0001549298   0.0002317603   0.0001293011
138 4   0.0000883163   0.0001765647  -0.0001016633  -0.0002213980  -0.0000792012
138 5   0.0000778124   0.0003789013  -0.0005784922  -0.0006072804   0.0000294478
138 6  -0.0001089282   0.0001750526   0.0000731407  -0.0004566840   0.0001828083
138 7   0.0001644355   0.0006082341   0.0005932907  -0.0004052330   0.0002618029
138 8  -0.0007543265   0.0010693827  -0.0002388258  -0.0015490341   0.0000675962
138 9  -0.0000280556   0.0001232642  -0.0001068421  -0.0000760617  -0.0000928895
13810  -0.0003022165  -0.0002763575   0.0001352178  -0.0001639977   0.0005818713
13811  -0.0008857029  -0.0000856643   0.0001108035  -0.0001382147  -0.0001181294
13812   0.0000178888  -0.0000602980   0.0002115015   0.0000527858   0.0000917600
13813   0.0000684383  -0.0000664963  -0.0001633576   0.0000320914   0.0002492422
13814  -0.0001373934  -0.0001058094   0.0000690799   0.0000947175  -0.0000466580
13815   0.0001137983   0.0002568578  -0.0004164392  -0.0002690833   0.0005072436
13816   0.0005609336  -0.0000040022   0.0001126266   0.0000734146   0.0005965924
13817  -0.0000253842   0.0000800604   0.0000632191  -0.0002294323   0.0001731789
13818   0.0005562993  -0.0000736634  -0.0000079410  -0.0000556129  -0.0005369709
13819   0.0001253674   0.0000773533  -0.0004093132  -0.0001345115   0.0001811319
13820  -0.0003608191   0.0006379762   0.0001248963  -0.0000783974  -0.0002111387
13821   0.0001960915   0.0000931612  -0.0000401142  -0.0003288635  -0.0001275351
13822  -0.0001768113  -0.0003078734  -0.0000918182   0.0000134666   0.0000949061
13823  -0.0009624491  -0.0004118695  -0.0000632865   0.0000560664  -0.0000954985
13824  -0.0000177230   0.0000980380  -0.0004898409  -0.0002682512   0.0002420972
13825   0.0008220796   0.0002081264   0.0012628161  -0.0021611351   0.0007425219
13826   0.0016036463   0.0004636739   0.0003724628  -0.0002079821   0.0077346785
13827   0.0013791380   0.0035516599  -0.0020209339   0.0008053680  -0.0436293767
13828  -0.0151542819  -0.0364541573   0.1041185498   0.0044174420   0.0080475718
13829  -0.0622951569  -0.0005312217   0.0017041752   0.0073376499   0.0002793349
13830  -0.0002043528  -0.0032682707  -0.0086585903   0.0033280619   0.0163353357
13831   0.0041480327   0.0023397479  -0.0046880011  -0.0012165576   0.0005301045
13832   0.0002386028   0.0004393213   0.0008487236  -0.0001849792  -0.0012041440
13833  -0.0001939420   0.0024357108   0.0006002754   0.0007623521  -0.0010795293
13834   0.0001340200  -0.0005529835  -0.0003200047  -0.0000502305  -0.0004553279
13835   0.0000890917  -0.0004551118   0.0011331567   0.0015838752  -0.0023701022
13836  -0.0078268863  -0.0067096301   0.0159880114   0.0210379442  -0.0171903403
13837  -0.0000479273  -0.0002050097  -0.0000589352  -0.0003234916  -0.0001891917
13838   0.0001022365  -0.0000575015  -0.0000152437   0.0000144666  -0.0000097327
13839   0.0000270971   0.0001269006  -0.0003637770   0.0002019066   0.0002035544
13840   0.0000692024  -0.0000795134   0.0006273090  -0.0012177683   0.0007373475
13841   0.0012833324   0.0000924442   0.0003217593   0.0033765462  -0.0000941511
13842  -0.0001152345  -0.0002179173  -0.0000570402  -0.0000753707  -0.0001259990
13843   0.0000090067   0.0000284763  -0.0001315007   0.0000269990   0.0000025406
13844   0.0001493306   0.0000320784  -0.0000039756  -0.0000149305   0.0001021289
13845   0.0000888378   0.0004409907   0.0000172235   0.0000239835   0.0000347229
13846  -0.0000781936   0.0001161938   0.0000483184  -0.0000959628   0.0001071959
13847  -0.0000505632   0.0001795800   0.0002492162  -0.0008762742
139 1  -0.0002490085  -0.0000370408  -0.0002219635   0.0002625779   0.0000587528
139 2  -0.0002724432  -0.0000304902  -0.0000691895  -0.0003547889  -0.0000111283
139 3   0.0000796538  -0.0000011866  -0.0001724566  -0.0001075615  -0.0002324741
139 4  -0.0002125358   0.0002544327  -0.0002635826  -0.0007955953   0.0001936992
139 5  -0.0006912932   0.0010152858   0.0003350925  -0.0006373766  -0.0002452935
139 6  -0.0000785727  -0.0006610877   0.0004176577   0.0002155289  -0.0002290987
139 7  -0.0002614101   0.0003247239  -0.0000139728  -0.0001088174   0.0003149748
139 8  -0.0007750028  -0.0003023621   0.0000772165  -0.0003598720   0.0002871958
139 9  -0.0000641726   0.0000016041   0.0002069987   0.0002152956   0.0001011900
13910  -0.0001484025  -0.0000241048  -0.0000320244   0.0002088525   0.0000318911
13911  -0.0001391085  -0.0002957743   0.0001155526  -0.0001488829   0.0001221719
13912  -0.0000580637  -0.0001226774  -0.0001429186  -0.0003127754   0.0001159651
13913  -0.0000681337  -0.0000752200  -0.0002680978   0.0001719846  -0.0001813489
13914  -0.0000994897  -0.0000728170   0.0000387267  -0.0000357294   0.0001709809
13915   0.0000163782  -0.0003651084  -0.0001364569  -0.0005941336   0.0006782486
13916   0.0004531832  -0.0003936446   0.0000323341   0.0000722556  -0.0006579696
13917  -0.0003227724  -0.0003923268  -0.0002623833   0.0002640359   0.0003565059
13918   0.0005467562   0.0006581732  -0.0001959438   0.0000774453   0.0003608426
13919   0.0000402241  -0.0001206602   0.0003636212   0.0001541901   0.0002421155
13920   0.0004283023  -0.0000368591   0.0000504861   0.0001909423  -0.0000292747
13921   0.0002299417   0.0000475256  -0.0000986053   0.0001919728   0.0000153220
13922   0.0001088880   0.0001348965  -0.0000655350  -0.0001096024   0.0001703464
13923  -0.0000996163   0.0001302521  -0.0000600295   0.0001641015   0.0000192688
13924   0.0000732959  -0.0000060558   0.0001863153   0.0003437613  -0.0001022501
13925   0.0021657840   0.0006782109  -0.0008301807  -0.0079225258   0.0037989235
13926  -0.0008959664   0.0011988906  -0.0011640021  -0.0007697912   0.0039735346
13927  -0.0168637171   0.0003522336   0.0002200587   0.0296047218  -0.0021961108
13928  -0.0942233117  -0.0032560714   0.0044174420   0.6780128765  -0.0145179424
13929   0.0095866600  -0.1820766412  -0.0987402446   0.0082415927  -0.0496941126
13930   0.0102163379  -0.0027818653  -0.2624413678   0.0985848509  -0.0170768428
13931  -0.1032023981  -0.0035546724  -0.0009320641   0.0192022420  -0.0094422399
13932   0.0018514713  -0.0089187856  -0.0082309621   0.0003729159   0.0046735473
13933   0.0053975688  -0.0022519815  -0.0051875146  -0.0030317914   0.0013347271
13934   0.0019487522  -0.0006529237   0.0000886964   0.0005793588   0.0024368816
13935  -0.0001613348  -0.0062165209   0.0014228759  -0.0007012572   0.0081361297
13936   0.0254442780  -0.0008956597   0.0015791201  -0.0279210180   0.0037289391
13937  -0.0001098337  -0.0004937835   0.0006480262  -0.0000509622  -0.0006551097
13938   0.0004258961  -0.0001464274   0.0000752977  -0.0000043147  -0.0001460025
13939   0.0000035976  -0.0000297797   0.0001249093   0.0007183266   0.0002482459
13940  -0.0001624239   0.0008793577   0.0006874319  -0.0044035160   0.0018261383
13941   0.0002211004   0.0046828604   0.0042339651   0.0005313663  -0.0013775030
13942   0.0024457477   0.0004748473  -0.0003910154   0.0005335228  -0.0000616279
13943  -0.0002635857  -0.0002550377  -0.0001517778  -0.0003516785   0.0004731528
13944  -0.0002008016  -0.0002200739  -0.0000249327  -0.0000435696  -0.0003752896
13945   0.0003621855  -0.0000922609  -0.0001020260  -0.0001659781  -0.0000979007
13946   0.0001045059  -0.0006366122  -0.0000891971   0.0001453794  -0.0007212511
13947   0.0003119277   0.0009669902  -0.0000437176  -0.0001599532
140 1  -0.0001789399  -0.0003391758  -0.0000495356   0.0000029918  -0.0000039930
140 2   0.0001282970  -0.0000967063   0.0000934445  -0.0001479899   0.0000252145
140 3  -0.0001033624  -0.0000450141  -0.0000092140   0.0002103438  -0.0000274114
140 4   0.0002858839  -0.0001197951  -0.0001876648  -0.0005089865   0.0000010462
140 5  -0.0000551751  -0.0002776170   0.0000703482  -0.0005357709   0.0003242964
140 6   0.0002307416   0.0003097548  -0.0002000746  -0.0001640756   0.0001528559
140 7   0.0003806792   0.0007003501  -0.0000211500   0.0001206274  -0.0004715329
140 8   0.0005268817   0.0000203504  -0.0002837054   0.0000260170  -0.0000912413
140 9  -0.0000762231   0.0002342291  -0.0001314525   0.0000248508  -0.0000605592
14010  -0.0004232585  -0.0004961289  -0.0000833450   0.0002416929   0.0005039444
14011  -0.0007185992  -0.0000282970   0.0000685534   0.0001905869  -0.0000604890
14012   0.0000363363   0.0003641289   0.0002771194   0.0003211639  -0.0002550681
14013   0.0000517984  -0.0000881778  -0.0002444520  -0.0000568402  -0.0000693201
14014   0.0000876988   0.0000787308  -0.0002648592   0.0001579161  -0.0000583299
14015  -0.0002173109   0.0001737229  -0.0001077930   0.0003303325   0.0006191179
14016   0.0006977483   0.0000026909   0.0001895566  -0.0003252878  -0.0001797808
14017   0.0000121305   0.0001721357   0.0001698538  -0.0002171905   0.0000679313
14018   0.0001081443   0.0001077137  -0.0000235513  -0.0000358411  -0.0000304214
14019   0.0002751432   0.0000096728  -0.0001762912  -0.0003990615  -0.0001888223
14020  -0.0001530524   0.0000281708   0.0001010788   0.0001719283  -0.0000101589
14021   0.0002386609  -0.0000316135  -0.0001435134  -0.0001075671  -0.0001133395
14022  -0.0000167845   0.0002046199   0.0000483248   0.0001618789   0.0002396449
14023  -0.0005151993  -0.0003680510  -0.0001244241  -0.0000417515   0.0000002483
14024  -0.0000971891  -0.0000020539   0.0001160280  -0.0002172688   0.0000309829
14025  -0.0003976108   0.0007149419   0.0005978314   0.0043190234  -0.0019693385
14026   0.0003485266  -0.0001151386   0.0024679383  -0.0000585667  -0.0145021108
14027  -0.0182175818   0.0011452091   0.0445783942  -0.0138237598   0.0015587937
14028   0.0064324799  -0.2179034875   0.0080475718  -0.0145179424   0.5783965816
14029  -0.0263834736  -0.0816064086  -0.1727767407   0.0006206642  -0.0074923185
14030   0.0268004145  -0.0008890962   0.1112749856  -0.1524035499   0.0122077467
14031   0.0010354769   0.0128942160  -0.0013591432  -0.0077418570   0.0016863797
14032  -0.0002251706   0.0030009702   0.0040840210  -0.0000903887  -0.0009610543
14033  -0.0017976636   0.0008548097   0.0014147410   0.0016732785   0.0000681855
14034  -0.0004868030  -0.0001810657  -0.0003196161   0.0000878209  -0.0018839418
14035   0.0005640045   0.0009638921  -0.0004590282   0.0001376987  -0.0007583618
14036  -0.0119827143  -0.0002656241  -0.0216990043  -0.0238100590   0.0040152586
14037   0.0005708474   0.0000121331  -0.0006073752   0.0004668397   0.0001204390
14038  -0.0001373338   0.0000696503  -0.0000673156  -0.0000503396   0.0000815001
14039  -0.0000976535   0.0000297361  -0.0005928118  -0.0002271818  -0.0001035549
14040  -0.0005599631  -0.0003150514   0.0002028925  -0.0009548312   0.0018592559
14041  -0.0005873973  -0.0247024651  -0.0135409363   0.0010152229   0.0036148433
14042  -0.0006629190   0.0005619505  -0.0003971228   0.0002014754  -0.0000206707
14043  -0.0000856944   0.0000327573   0.0000256444   0.0001236738  -0.0000981201
14044   0.0001300087   0.0000909680   0.0000000233   0.0000040538   0.0001749397
14045   0.0000111257   0.0003142810   0.0000366092   0.0000568082   0.0000591957
14046  -0.0000948368   0.0002745694  -0.0001623583  -0.0002988032   0.0004357757
14047  -0.0009167653  -0.0001855389   0.0004787052  -0.0001516071
141 1  -0.0000655014   0.0001245950  -0.0001328793   0.0000791548   0.0000899261
141 2  -0.0001334086   0.0000812956  -0.0000828297   0.0000268436   0.0000126506
141 3  -0.0000825763   0.0000039547  -0.0000587277   0.0000247771  -0.0000335869
141 4  -0.0000553911   0.0001272383   0.0000322280  -0.0005227187  -0.0001795561
141 5  -0.0004683671   0.0002904392   0.0001449772  -0.0000718263   0.0002083277
141 6  -0.0000376264  -0.0000738627   0.0000592502  -0.0000468549  -0.0000780531
141 7   0.0000220949  -0.0001167793   0.0002006100   0.0001199351   0.0006126237
141 8  -0.0007741851   0.0002848890   0.0002732238  -0.0004140836   0.0002304805
141 9  -0.0000193374   0.0000778855   0.0000475681   0.0000986915   0.0000420548
14110   0.0000830325   0.0000401025   0.0001597674   0.0000184579  -0.0000671400
14111   0.0002923121  -0.0001404434  -0.0000502439   0.0000955840   0.0000142886
14112  -0.0000507138  -0.0000469565  -0.0000848949  -0.0001832812   0.0001758302
14113  -0.0000489997  -0.0000089998   0.0000470554   0.0000610516   0.0000599567
14114  -0.0000964860  -0.0000813104   0.0000344198  -0.0000910949   0.0001101691
14115   0.0001469110  -0.0001133283   0.0000025330  -0.0003131249   0.0000971045
14116  -0.0000150616  -0.0000481500   0.0000283102   0.0001102844   0.0001657408
14117   0.0000920287   0.0000415364   0.0000141869  -0.0000768729   0.0000359362
14118   0.0002585788  -0.0000542216   0.0000030302  -0.0000488042   0.0001518738
14119   0.0000826264  -0.0000451626   0.0001086077  -0.0000561961   0.0000032400
14120  -0.0000152638   0.0000115789  -0.0000077476  -0.0000945967   0.0000089652
14121  -0.0000361199   0.0000710950   0.0000748189  -0.0000401968  -0.0001110827
14122  -0.0000562827  -0.0000684670   0.0000222313  -0.0001109203  -0.0000524203
14123   0.0001254656   0.0001232506   0.0000258533   0.0001266828  -0.0000297367
14124  -0.0000185010   0.0000927124  -0.0001766497   0.0001356850   0.0000192693
14125  -0.0006883221  -0.0006986066  -0.0002840814   0.0018129694  -0.0007230643
14126  -0.0011096839   0.0000393095   0.0006791516  -0.0001734211  -0.0012634811
14127   0.0011694295  -0.0072344986  -0.0003325721  -0.0001066813   0.0056173548
14128  -0.0004653419   0.0112397603  -0.0622951569   0.0095866600  -0.0263834736
14129   0.1458873289   0.0004595225   0.0032616672  -0.0583935417   0.0020567295
14130  -0.0017980716   0.0056652522  -0.0117495141   0.0079616954  -0.0531596424
14131  -0.0049284262  -0.0008019499   0.0014334262   0.0008948480   0.0000165436
14132   0.0077848140  -0.0001455854   0.0000663392  -0.0000464538  -0.0006640498
14133  -0.0002441045  -0.0002549213   0.0009268668   0.0005115906  -0.0002847833
14134  -0.0001250152   0.0000418648   0.0002364920   0.0000169916  -0.0002251201
14135  -0.0001296455   0.0002112221   0.0001903571  -0.0006110561   0.0004515617
14136   0.0000362156  -0.0041035940   0.0010082364   0.0036753849   0.0030375463
14137   0.0000773510   0.0003111792   0.0005736725   0.0000415220   0.0000158624
14138   0.0000163195   0.0000269922   0.0000646685   0.0000182681  -0.0000198832
14139  -0.0000388606   0.0000277574   0.0000523993  -0.0000323249   0.0000017065
14140  -0.0001047448  -0.0001221869   0.0003865324   0.0007599298   0.0004844782
14141   0.0066909701   0.0011109393   0.0005032323   0.0041150657   0.0003001991
14142   0.0001109898   0.0077675438  -0.0000678719   0.0000267677  -0.0001794692
14143   0.0000249422  -0.0000274965  -0.0008594154   0.0000714170  -0.0000562067
14144   0.0000097881   0.0000256260   0.0000082825   0.0000041241  -0.0000284207
14145  -0.0001040191   0.0000592358   0.0000267831   0.0000060814   0.0000113840
14146  -0.0000935897   0.0000458951   0.0000276515  -0.0000222141   0.0000815274
14147   0.0000440890   0.0000012033   0.0000771078   0.0004936904
142 1   0.0002638626   0.0002895525   0.0005096220  -0.0003479480   0.0000392483
142 2   0.0001827910   0.0001055730   0.0001890825   0.0003692334  -0.0000194641
142 3   0.0001775271   0.0001022349   0.0003122283   0.0002190219   0.0002026471
142 4  -0.0001496133  -0.0002255499   0.0005068097  -0.0000124420  -0.0006587166
142 5  -0.0039616377   0.0000825771   0.0002706957   0.0008210842   0.0001871501
142 6  -0.0000470525   0.0000964986  -0.0001812018  -0.0003258278   0.0001503874
142 7   0.0001339253  -0.0003560351   0.0000775980  -0.0000036271  -0.0003545404
142 8   0.0001749322   0.0002310329  -0.0000377966  -0.0000518806  -0.0002246948
142 9   0.0001203697  -0.0001759125  -0.0000394990  -0.0001310376  -0.0000564329
14210   0.0001320487   0.0001660091  -0.0000869669  -0.0001826571  -0.0000457248
14211   0.0001178582   0.0001413447  -0.0001509148  -0.0000074285  -0.0000632097
14212   0.0000143794  -0.0000034352  -0.0000509751   0.0000569490  -0.0000278198
14213  -0.0000434451  -0.0000036918   0.0002403056   0.0000483030   0.0000571089
14214  -0.0000138076  -0.0000435824   0.0001528815   0.0000139974  -0.0001176531
14215  -0.0000031618   0.0001082532   0.0004255068   0.0003241893  -0.0006521907
14216  -0.0003983398   0.0001534370  -0.0003720958  -0.0002690011   0.0005926700
14217  -0.0001005042   0.0002054008   0.0001102754  -0.0000799242  -0.0004716655
14218  -0.0004619308  -0.0007073802   0.0004148022  -0.0003116564  -0.0004115844
14219  -0.0001667777  -0.0000489621  -0.0003372994   0.0000153792  -0.0000717594
14220  -0.0003640362  -0.0000840802  -0.0000062498  -0.0001822940   0.0000695840
14221  -0.0001608364  -0.0000612376   0.0001204929  -0.0001542154   0.0000155893
14222  -0.0000399187  -0.0001528249  -0.0000493956   0.0000684605  -0.0001339569
14223   0.0001633584   0.0000201826   0.0000849717  -0.0001540314  -0.0000027315
14224   0.0000014584  -0.0000279140  -0.0000584311  -0.0000736395  -0.0000273904
14225  -0.0040636878  -0.0025341233   0.0007563456   0.0103413099  -0.0088458238
14226   0.0003514815  -0.0009129922   0.0012609088   0.0005124307   0.0050042507
14227   0.0563354527  -0.0027720289  -0.0269195631  -0.0007397978   0.0014131131
14228   0.0184723821  -0.0289402872  -0.0005312217  -0.1820766412  -0.0816064086
14229   0.0004595225   0.6810252899  -0.0596098148  -0.0024413907  -0.3495253010
14230   0.0833935484   0.0135542067  -0.0886808808  -0.0048148233  -0.0020393347
14231   0.0177384468   0.0075819363  -0.0006557769  -0.0080746041   0.0011947490
14232  -0.0007697632   0.0029305958   0.0044281736   0.0000187743  -0.0012488946
14233  -0.0024552872   0.0014171248   0.0015538887   0.0008961687  -0.0007232038
14234  -0.0007899206   0.0002185466  -0.0000043945  -0.0003270840  -0.0006942026
14235  -0.0000448523   0.0018015632  -0.0002199342   0.0004448154  -0.0015065392
14236  -0.0067314296  -0.0004778561  -0.0012394421   0.0026814853   0.0003179584
14237  -0.0001127878   0.0009609229   0.0001270634  -0.0005137563   0.0010352851
14238  -0.0007717756   0.0003084351   0.0000490259   0.0000261600   0.0001061879
14239  -0.0004258424   0.0000195442   0.0003797396  -0.0010038597  -0.0002032847
14240   0.0005786870  -0.0014018187  -0.0001772075  -0.0007227986  -0.0004302804
14241   0.0002363628  -0.0550280432   0.0294669227  -0.0028859119  -0.0189153915
14242   0.0116047213  -0.0013334114   0.0000787617  -0.0000625841   0.0000402490
14243  -0.0000294718   0.0000230519  -0.0000261126   0.0001475366  -0.0001662341
14244   0.0000938775   0.0000770821  -0.0000008847   0.0000035260   0.0001581170
14245  -0.0001103031  -0.0000209606   0.0000219033   0.0000696783   0.0000285954
14246   0.0000187434   0.0002431279   0.0000902930   0.0000507201   0.0002684232
14247   0.0000112819  -0.0001127375  -0.0000221352   0.0000151603
143 1   0.0001146583  -0.0000023795   0.0000473665  -0.0000925836  -0.0000623984
143 2   0.0001872812   0.0000900241  -0.0000388213  -0.0002062021  -0.0001184973
143 3   0.0000396569   0.0000856847   0.0000254871  -0.0000267295   0.0000277510
143 4   0.0001159885  -0.0000568886   0.0000121655   0.0005221677  -0.0002569266
143 5   0.0020202576  -0.0002280195  -0.0000674990   0.0007045823   0.0000182223
143 6  -0.0000155651   0.0001148076  -0.0000746801   0.0000221972  -0.0000151545
143 7  -0.0000647986  -0.0001535595   0.0000568726   0.0003062458   0.0003634964
143 8  -0.0000920482   0.0001645156   0.0000964515  -0.0001669502  -0.0000904090
143 9   0.0000118763   0.0000434688  -0.0000239121  -0.0000334094   0.0000086828
14310   0.0001075454   0.0000221263   0.0000369886  -0.0000575010  -0.0000363200
14311  -0.0000776306   0.0000294541  -0.0000575147   0.0000076068   0.0000007894
14312   0.0000107534   0.0000202234  -0.0000462629   0.0000611944   0.0000191767
14313   0.0000396026   0.0000578507  -0.0000106346  -0.0000924668  -0.0000478945
14314   0.0000687924   0.0000770867  -0.0000093136   0.0000115590   0.0000074259
14315  -0.0000014074   0.0000422415   0.0000156028   0.0003443490  -0.0005412669
14316  -0.0002813037   0.0002011754  -0.0001411379  -0.0000171318  -0.0000807616
14317   0.0000707689   0.0000493465   0.0000508257  -0.0000429201  -0.0001857413
14318  -0.0004094698  -0.0002042941  -0.0000875570   0.0000334910   0.0001375073
14319   0.0000442217   0.0000268616   0.0001199542  -0.0000518363  -0.0000503176
14320  -0.0000600169   0.0000139134  -0.0000396449  -0.0000966115  -0.0000088335
14321  -0.0000517294   0.0000405350   0.0000337273   0.0000050719  -0.0000264895
14322  -0.0000010507   0.0000163806   0.0000171873   0.0000362910  -0.0000062460
14323  -0.0000029058   0.0000219642   0.0000323276  -0.0001139270  -0.0000232221
14324  -0.0000102241  -0.0000350676   0.0000088123  -0.0000354991  -0.0000427591
14325  -0.0010977934  -0.0001588595   0.0002915490  -0.0040990668  -0.0047177045
14326   0.0003725058   0.0016712902  -0.0008271042  -0.0002545437   0.0333301132
14327  -0.0205314650  -0.0004888391  -0.0011094010  -0.0023956595  -0.0004399568
14328  -0.0210729560  -0.0297171874   0.0017041752  -0.0987402446  -0.1727767407
14329   0.0032616672  -0.0596098148   0.6856710117  -0.0179361119   0.1235486418
14330  -0.1580165129  -0.0005433377   0.0026204260   0.0181638217  -0.0010979200
14331   0.0105265918   0.0024126063   0.0006533841  -0.0020963463   0.0013898173
14332  -0.0002454778   0.0011218194   0.0011410454  -0.0001281270  -0.0007161067
14333  -0.0008736379   0.0002586056   0.0009912853   0.0005625704  -0.0001252188
14334  -0.0004026958   0.0002002532   0.0000201329  -0.0001065287  -0.0004163597
14335  -0.0000046926   0.0007836515   0.0002867339  -0.0000281648   0.0007501372
14336  -0.0024283209   0.0001820290  -0.0005446517  -0.0048148742   0.0006202581
14337   0.0001936225   0.0000078774   0.0003476446   0.0000884400  -0.0000034246
14338  -0.0003371261   0.0001958150   0.0004352187  -0.0000474261   0.0001164724
14339  -0.0004864433   0.0000395136   0.0000566422   0.0001780778   0.0000962898
14340   0.0000425831   0.0001910090  -0.0001954949   0.0001077153   0.0008887293
14341  -0.0000579560   0.0303851776  -0.3241283571   0.0114227894  -0.0176363473
14342   0.0107742847   0.0005670003  -0.0000027644  -0.0000543722   0.0000300150
14343   0.0001031817   0.0000586538   0.0000147201   0.0000621157  -0.0000983694
14344   0.0000222092   0.0000326568   0.0000072217   0.0000053116   0.0000631803
14345  -0.0000887436  -0.0000410553   0.0000145279   0.0000355621   0.0000123992
14346  -0.0000136467   0.0001129883   0.0000382021  -0.0000082177   0.0001178122
14347  -0.0000370205   0.0001532098   0.0000532751   0.0000226220
144 1   0.0002719096  -0.0001007701  -0.0005207781   0.0001908438  -0.0000093737
144 2   0.0002045628  -0.0001242959  -0.0002867335  -0.0001049932   0.0000453320
144 3  -0.0000640506   0.0001106916  -0.0000536333  -0.0002017318  -0.0000053669
144 4   0.0004871456   0.0001711026   0.0000157154   0.0004684936   0.0000376496
144 5   0.0000795715  -0.0008308057  -0.0004420423   0.0004228405  -0.0000249670
144 6  -0.0000929154   0.0001827536   0.0000445277   0.0000971746  -0.0000976049
144 7  -0.0000812383  -0.0003156410   0.0001310320  -0.0003451368   0.0002926541
144 8  -0.0003625893  -0.0000069349   0.0000893947   0.0001127915   0.0000515279
144 9  -0.0000388547   0.0000266389  -0.0001242135  -0.0000356501   0.0000786030
14410   0.0001450787   0.0001471294   0.0000929530  -0.0000564985  -0.0000544570
14411   0.0000802943   0.0000354572   0.0001184607  -0.0000604882   0.0000061131
14412   0.0000341714  -0.0000560433   0.0000120952  -0.0000244826   0.0001710678
14413  -0.0001389704   0.0000387557   0.0000455252  -0.0000628826   0.0000698017
14414  -0.0000121558   0.0000657882  -0.0000283733   0.0000465134  -0.0001346118
14415   0.0000604908   0.0001655434  -0.0004376682   0.0000154890  -0.0005557148
14416  -0.0002859978   0.0000554625   0.0000557848   0.0003026477   0.0000646187
14417   0.0004301205   0.0000181581  -0.0000017564  -0.0000242463  -0.0000811740
14418  -0.0001296940  -0.0001123209  -0.0001615188   0.0002123423   0.0002274544
14419  -0.0000025196   0.0000929360   0.0001826801   0.0000402685   0.0000757116
14420  -0.0000211289   0.0001363327   0.0000653861  -0.0001491182  -0.0000720018
14421  -0.0001024126   0.0000497684   0.0000702822  -0.0000028333  -0.0001116124
14422  -0.0000306965  -0.0000150046  -0.0000539188  -0.0001207715  -0.0001481969
14423   0.0000854609   0.0000932020  -0.0000383787   0.0000094400   0.0000726487
14424  -0.0000886866  -0.0000449407  -0.0002400676  -0.0001729735  -0.0001323244
14425   0.0007894090   0.0003376789   0.0000439994  -0.0026266669   0.0018982821
14426   0.0027804302   0.0002879311  -0.0007445447   0.0009389859  -0.0004390767
14427  -0.0079827219   0.0043198932   0.0023513902  -0.0000769487  -0.0036214189
14428   0.0001635613   0.0033308988   0.0073376499   0.0082415927   0.0006206642
14429  -0.0583935417  -0.0024413907  -0.0179361119   0.1165289160   0.0005136918
14430   0.0085614341  -0.0475791415  -0.0079165283  -0.0003957900  -0.0023784806
14431   0.0024853046   0.0021207652   0.0081529508  -0.0014857559   0.0004671587
14432   0.0002252355   0.0008433680   0.0008654823  -0.0004590576  -0.0006397894
14433  -0.0008533897   0.0002261323   0.0012542372   0.0004402568  -0.0004537560
14434  -0.0003659163   0.0002898216   0.0001251305  -0.0001603466  -0.0000654166
14435  -0.0000537360   0.0006371496  -0.0001401563  -0.0008954966  -0.0001018734
14436  -0.0016464207   0.0002246852   0.0004606279   0.0014758515   0.0024827347
14437   0.0001879376  -0.0002467897   0.0000208761  -0.0003224501   0.0000094022
14438   0.0000767015  -0.0000397349  -0.0000182415   0.0001489001  -0.0000406559
14439   0.0000660091  -0.0000071749  -0.0000799683   0.0003816924   0.0000139052
14440   0.0000156371   0.0001938074  -0.0000987331   0.0000096268   0.0001033525
14441  -0.0002087874  -0.0011346282   0.0106868536  -0.0334792654   0.0002135825
14442  -0.0009973366   0.0030646667   0.0000146169  -0.0000033953   0.0001653436
14443   0.0000511626   0.0000073811  -0.0000300396   0.0000463133  -0.0001190273
14444   0.0000042954   0.0000360910   0.0000146220   0.0000197770   0.0000038664
14445  -0.0001576598  -0.0000536012   0.0000350503   0.0000276172   0.0000079770
14446   0.0000035461   0.0000839106   0.0000654722   0.0000041875   0.0000441179
14447   0.0002266390   0.0000036521   0.0000131722  -0.0000715291
145 1   0.0000631641  -0.0002449973  -0.0005553796   0.0002257923  -0.0000594474
145 2   0.0000126646  -0.0000503048  -0.0001432877  -0.0001324596   0.0000250386
145 3  -0.0001754708  -0.0000145643  -0.0002110218  -0.0002800957  -0.0000984384
145 4   0.0003686802   0.0002010190  -0.0002124267   0.0008248753   0.0007099479
145 5   0.0035530016  -0.0006602627  -0.0002245976   0.0007211510  -0.0000996283
145 6  -0.0000700219  -0.0000590358   0.0001770020   0.0002987748  -0.0001624478
145 7  -0.0001663792   0.0000071553   0.0000714145  -0.0000492445   0.0003718893
145 8   0.0000354195  -0.0000764161   0.0001422728  -0.0001320719   0.0002290677
145 9  -0.0000845018   0.0001331807  -0.0000171580   0.0000373174   0.0000776115
14510   0.0000662614   0.0000111957   0.0001940164   0.0000244417   0.0000018339
14511  -0.0000099936  -0.0000104466   0.0002095281  -0.0000818954   0.0000419942
14512   0.0000137514  -0.0000789082   0.0000448771  -0.0000411811   0.0001118385
14513  -0.0000026920   0.0000306783  -0.0000955813  -0.0001401253  -0.0000102642
14514   0.0000150738   0.0000829323  -0.0001044156  -0.0000688913   0.0000139134
14515   0.0000934542   0.0000239173  -0.0005435215  -0.0001661058  -0.0000465143
14516  -0.0000095002  -0.0000814811   0.0002934775   0.0003981716  -0.0003879964
14517   0.0004346201  -0.0000861626  -0.0000309023   0.0000322869   0.0001977886
14518   0.0001904284   0.0002892335  -0.0003841048   0.0004249483   0.0004198515
14519   0.0001087794   0.0001187927   0.0003597717   0.0000017712   0.0000122894
14520   0.0002654092   0.0000948415  -0.0000069595   0.0000328688  -0.0000530872
14521  -0.0000066855   0.0000483281  -0.0000649706   0.0001215848  -0.0000373592
14522  -0.0000053809   0.0000925216   0.0000530125  -0.0001194984   0.0000137913
14523  -0.0000628662   0.0000050027  -0.0000416957   0.0000741720   0.0000203914
14524  -0.0000128047   0.0000012172  -0.0001251426  -0.0000634031   0.0000154387
14525   0.0019771360   0.0067673420  -0.0006933980  -0.0149615089   0.0465105566
14526  -0.0005576539  -0.0044886378  -0.0020845751   0.0009850584  -0.1075453993
14527  -0.0216652970   0.0043890690   0.0232246249  -0.0230258075  -0.0004547597
14528  -0.0120398341   0.0119244945   0.0002793349  -0.0496941126  -0.0074923185
14529   0.0020567295  -0.3495253010   0.1235486418   0.0005136918   0.7363898115
14530   0.0054467855  -0.0239646123   0.0095884641  -0.0043018608   0.0009757778
14531  -0.0064728668  -0.0020166173  -0.0001069918   0.0020197998  -0.0003614791
14532   0.0003042468  -0.0004595863  -0.0011056452  -0.0002179680   0.0008587854
14533  -0.0002591910  -0.0007206407  -0.0000106854  -0.0001328724   0.0001511720
14534   0.0001442837   0.0001623444   0.0000578641   0.0000635608   0.0004183896
14535  -0.0000464785  -0.0016222379   0.0000143238  -0.0004851486   0.0010962301
14536   0.0010069297   0.0006805959   0.0010089113   0.0014997837  -0.0009521541
14537   0.0002304343  -0.0007109295   0.0003438358   0.0003743878  -0.0002621328
14538   0.0004569276  -0.0000307941   0.0001213870  -0.0002194302   0.0000053613
14539   0.0018870837  -0.0000860391  -0.0002028940   0.0009872562   0.0002309092
14540  -0.0002292398   0.0011289316  -0.0003329141  -0.0041573832  -0.0029896162
14541   0.0006946317   0.0003174330  -0.0010717149   0.0015371081  -0.2257393524
14542  -0.1346212649   0.0095843750  -0.0000269528   0.0000310475  -0.0000077001
14543   0.0000179525   0.0000002374   0.0000999648  -0.0000982873  -0.0000154257
14544  -0.0000537314  -0.0000214338   0.0000137617   0.0000142246  -0.0001082928
14545  -0.0000682151  -0.0000648186   0.0000074832  -0.0000169871  -0.0000087029
14546  -0.0000007264  -0.0000659424  -0.0000022675   0.0000088670  -0.0001145142
14547   0.0001690898  -0.0000377383   0.0000462507   0.0000306593
146 1  -0.0003011634   0.0000678559   0.0005549979  -0.0002141004   0.0001172242
146 2  -0.0001529965  -0.0001110845   0.0000252019  -0.0000981219  -0.0000157438
146 3   0.0001101071  -0.0002714813   0.0001126485   0.0004065733   0.0000788319
146 4  -0.0000726457  -0.0004520100  -0.0000546844  -0.0009271461   0.0002334192
146 5  -0.0008167266   0.0006274527   0.0005956110  -0.0007825791   0.0004164558
146 6   0.0003658968   0.0000197754  -0.0002238188  -0.0002118689   0.0003038377
146 7   0.0001782805   0.0001519776  -0.0003369745   0.0000201730  -0.0006286975
146 8  -0.0000542461  -0.0000390386  -0.0003704760  -0.0001540178  -0.0003384664
146 9  -0.0000674591  -0.0000674943   0.0000321532  -0.0000098001  -0.0000301933
14610  -0.0001954465  -0.0001653811  -0.0003549675   0.0001189014   0.0002121121
14611  -0.0001336489   0.0000456801  -0.0001571241   0.0001158657   0.0000148693
14612   0.0000292660   0.0002065157   0.0000264187   0.0001979418  -0.0002640714
14613   0.0001474952  -0.0001245260   0.0000323629  -0.0000137127  -0.0001680308
14614   0.0001144771   0.0000412967  -0.0000695011   0.0000668234   0.0001003524
14615  -0.0002075890  -0.0001271132   0.0004206887   0.0002662441   0.0003151896
14616   0.0003281547   0.0002551437   0.0000243481  -0.0005296974   0.0002680655
14617  -0.0006212585   0.0001760301   0.0001294546  -0.0000936550   0.0000841846
14618  -0.0001851719  -0.0000961018   0.0004147854  -0.0004754214  -0.0002736780
14619  -0.0000961260  -0.0001837585  -0.0005163756  -0.0001930100  -0.0001943054
14620  -0.0003174015  -0.0002575236  -0.0000229516  -0.0000033320   0.0000384222
14621  -0.0000167596  -0.0002115082   0.0000278299  -0.0001269687   0.0000689840
14622  -0.0000338113   0.0000738650  -0.0000034299   0.0001641054   0.0000709555
14623  -0.0000879268  -0.0001158314   0.0000204780  -0.0000980034   0.0000012171
14624   0.0000709710  -0.0000233644   0.0003825252   0.0001979778   0.0000414731
14625  -0.0033157637  -0.0028292464   0.0000463818   0.0323810144  -0.0265202922
14626  -0.0002908915  -0.0011251954   0.0061342481   0.0003090974   0.0175463335
14627  -0.2654806218  -0.0005793356  -0.0338715580  -0.0280773070   0.0032153457
14628   0.0156994400  -0.0129844152  -0.0002043528   0.0102163379   0.0268004145
14629  -0.0017980716   0.0833935484  -0.1580165129   0.0085614341   0.0054467855
14630   0.6275171051  -0.0100921631  -0.0156171665   0.0011195860  -0.0000940382
14631   0.0038597347   0.0023377813  -0.0004235190  -0.0020742451   0.0000230841
14632  -0.0005656667   0.0004973228   0.0015580201   0.0005127859   0.0007648989
14633  -0.0008096378   0.0007888351  -0.0010476980   0.0001753530   0.0004954578
14634   0.0000645361  -0.0002943569  -0.0001959385   0.0001324254  -0.0006547351
14635   0.0003033437  -0.0006566639   0.0003551481   0.0004645232   0.0009625491
14636  -0.0018112151  -0.0005403087  -0.0044637322  -0.0025048314   0.0011432065
14637   0.0008891123   0.0013420199  -0.0007223893   0.0007882249   0.0008574556
14638   0.0006054001  -0.0004287477  -0.0010698509   0.0001670145  -0.0001729438
14639  -0.0004041542   0.0000739329  -0.0000924966  -0.0015287919  -0.0002232842
14640   0.0001079807  -0.0021456903   0.0004456816  -0.0016363480  -0.0002488128
14641   0.0001640914   0.0264256357  -0.0059963394  -0.0021524781  -0.1348656191
14642  -0.1572960275   0.0056010838   0.0000269873   0.0000021996   0.0000427375
14643  -0.0001051229   0.0000204431  -0.0001485917   0.0000152152   0.0001003437
14644   0.0000445826  -0.0000149189  -0.0000117936  -0.0000310016   0.0000489505
14645   0.0001601800   0.0000729582  -0.0000526824   0.0000080115  -0.0000018212
14646   0.0000495633   0.0000341734  -0.0001016933  -0.0000671067   0.0001604102
14647  -0.0006367085   0.0000496586  -0.0000498860  -0.0001537710
147 1  -0.0002593954  -0.0001434530   0.0000578548   0.0000705137  -0.0000404972
147 2  -0.0002213118  -0.0001436563  -0.0001373022  -0.0003216827   0.0000142015
147 3   0.0000080736  -0.0002176288  -0.0001425662   0.0000141008  -0.0000519835
147 4   0.0000148020  -0.0000829842  -0.0004274942  -0.0007129435   0.0005373895
147 5   0.0008534441   0.0005708397   0.0001345564  -0.0008361662   0.0001202106
147 6   0.0001712186  -0.0000398313  -0.0000407285   0.0001344181   0.0000478114
147 7  -0.0001072250   0.0003245463  -0.0004195389   0.0005764772   0.0008022075
147 8  -0.0008358191  -0.0001424796  -0.0000403008   0.0001105154  -0.0000714582
147 9  -0.0000472689   0.0000364086   0.0000498127   0.0000590492   0.0000052116
14710  -0.0000397563  -0.0002621223  -0.0001222603   0.0001989097   0.0000496208
14711  -0.0000661914  -0.0001296569  -0.0000733337   0.0001467338   0.0000533788
14712  -0.0000243870   0.0001024208   0.0000284579   0.0000751269  -0.0001618339
14713   0.0001019647  -0.0000147385  -0.0001256378  -0.0000491309  -0.0001373119
14714   0.0000369440   0.0000585123  -0.0001198164  -0.0000453323   0.0001083619
14715  -0.0000967471  -0.0001468710  -0.0000548899   0.0000868660   0.0003134508
14716   0.0002609055   0.0001790385   0.0002504369  -0.0000680805  -0.0002633178
14717  -0.0002467544  -0.0000879871  -0.0000156940   0.0000414150   0.0003453068
14718  -0.0000019351   0.0003135808  -0.0001888892   0.0000032282   0.0001734589
14719   0.0000036367  -0.0000520235   0.0000527730  -0.0000966331  -0.0001055377
14720   0.0001419366  -0.0000803210  -0.0000841998   0.0000041673  -0.0000185701
14721   0.0000395725  -0.0000826957  -0.0000725808   0.0000714917   0.0000519994
14722   0.0000250240   0.0001642890   0.0000888363   0.0000509536   0.0000830117
14723  -0.0001077471  -0.0000769342   0.0000045833  -0.0000196898  -0.0000098823
14724   0.0000324684   0.0000038644   0.0002649655   0.0001193536   0.0000266953
14725   0.0004161515  -0.0006811571  -0.0024805917   0.0008433756  -0.0026441696
14726   0.0065453372   0.0006922801   0.0009125747   0.0036808599   0.0017981796
14727   0.0054053886  -0.0621097273  -0.0005905069   0.0019676081   0.0077902927
14728   0.0002568943  -0.0001074471  -0.0032682707  -0.0027818653  -0.0008890962
14729   0.0056652522   0.0135542067  -0.0005433377  -0.0475791415  -0.0239646123
14730  -0.0100921631   0.1112641179   0.0022366239   0.0000073480   0.0046637356
14731  -0.0014169880  -0.0008306290  -0.0001290383   0.0006069201  -0.0002300415
14732  -0.0002791385  -0.0002227018  -0.0004591611  -0.0000509868   0.0004946006
14733   0.0003737507  -0.0002509989  -0.0005541612  -0.0001227315   0.0006441131
14734   0.0001099382   0.0000104119  -0.0000626514   0.0001603475  -0.0001781363
14735   0.0001376974  -0.0006424423  -0.0001114719   0.0003116312   0.0004495190
14736   0.0007773924  -0.0002203979   0.0001946149   0.0002595336  -0.0007667534
14737  -0.0001229020   0.0001189338  -0.0002884124  -0.0000173548  -0.0003627371
14738   0.0000840751   0.0000368082  -0.0002044340   0.0001537699   0.0000194941
14739  -0.0000558956   0.0005356551  -0.0004092169   0.0007089271  -0.0001142450
14740   0.0002731630  -0.0008524147   0.0001741965   0.0005219325   0.0003779043
14741   0.0036473337  -0.0009859019  -0.0001746300   0.0037631287   0.0088901683
14742   0.0062533728  -0.0293331784   0.0000287672   0.0000084561   0.0000147492
14743  -0.0000217398  -0.0000032608   0.0000461323  -0.0000320985   0.0000531025
14744  -0.0000315028  -0.0000196098  -0.0000045612  -0.0000094808  -0.0000271392
14745   0.0000385717  -0.0000657007  -0.0000213263  -0.0000163636  -0.0000066848
14746  -0.0000015665  -0.0000397390  -0.0000800966  -0.0000550031  -0.0000006372
14747  -0.0002976567  -0.0000203183  -0.0000203004  -0.0000609120
148 1   0.0004655470  -0.0001014851   0.0001678250  -0.0001338418  -0.0002250648
148 2   0.0005966727  -0.0000748186   0.0004091521   0.0006954193  -0.0000291073
148 3   0.0001751219   0.0003162380   0.0003202006   0.0000120217   0.0002225253
148 4   0.0004138472  -0.0003741128   0.0002139753   0.0007820080  -0.0002306999
148 5   0.0005286581  -0.0006702935  -0.0004759389  -0.0007403156  -0.0003956221
148 6   0.0000167728   0.0012161099  -0.0005144842  -0.0003192513   0.0003136528
148 7   0.0005811247  -0.0003029980   0.0000765089   0.0002960017  -0.0002867800
148 8   0.0006791963   0.0001446838  -0.0002488903   0.0005170352  -0.0004491573
148 9   0.0002426778  -0.0001121589  -0.0003208205  -0.0003778296  -0.0001929972
14810   0.0003114503   0.0000482788   0.0003874620  -0.0003696825   0.0002891678
14811  -0.0002762562   0.0003171666  -0.0001840642   0.0001526641  -0.0001732732
14812   0.0000853746   0.0000096325   0.0003299736   0.0004991948  -0.0002689546
14813  -0.0000841014   0.0000571491   0.0001681390  -0.0001286441   0.0001353566
14814   0.0000757282   0.0001093768   0.0000680386   0.0000121921  -0.0004067740
14815   0.0000002148   0.0007049033  -0.0004643943   0.0009312400  -0.0006579990
14816  -0.0000080791   0.0003539045  -0.0002249249  -0.0001342434   0.0009125952
14817  -0.0001117733   0.0002475672   0.0000786778  -0.0001270076  -0.0005847119
14818  -0.0004624561  -0.0006910964   0.0002580499  -0.0001751835  -0.0007469462
14819  -0.0002958109   0.0001074153  -0.0003887932   0.0000468732  -0.0001508094
14820  -0.0002437698   0.0001386560  -0.0000438252  -0.0003479075   0.0000455461
14821  -0.0002963392  -0.0002216952   0.0000649519  -0.0001483965   0.0000695129
14822  -0.0000601888  -0.0002093231   0.0001226566   0.0001318721  -0.0000921544
14823   0.0001291530  -0.0002101397   0.0000670733  -0.0002145686  -0.0000713597
14824  -0.0001868904  -0.0000207109  -0.0003286660  -0.0008442770   0.0001665653
14825  -0.0012863165   0.0009253037   0.0011907659   0.0039302377  -0.0016490795
14826   0.0017790236  -0.0016423381   0.0004208954   0.0010629769  -0.0046406782
14827   0.0058868703  -0.0001216985   0.0084651521  -0.0011117657   0.0009245792
14828  -0.0122489599   0.0588621092  -0.0086585903  -0.2624413678   0.1112749856
14829  -0.0117495141  -0.0886808808   0.0026204260  -0.0079165283   0.0095884641
14830  -0.0156171665   0.0022366239   0.6872670648  -0.0042422495   0.0191676937
14831  -0.2449408587  -0.1054099605   0.0012538092  -0.0902561283  -0.0058257224
14832  -0.0016242337   0.0125544425   0.0199892546  -0.0022650443  -0.0078025856
14833  -0.0084878298   0.0033213511   0.0086560546   0.0042876011  -0.0023643666
14834  -0.0032346670   0.0011547059   0.0000534256  -0.0011039852  -0.0032621605
14835   0.0000173225   0.0105334728   0.0003518247   0.0006278470  -0.0108672975
14836  -0.0596396984   0.0030064325  -0.0147652913   0.0010018639  -0.0004681185
14837   0.0002688668  -0.0000363652  -0.0011874511   0.0002595380   0.0004178343
14838  -0.0006120754   0.0001779112   0.0000558094  -0.0000241043   0.0000606874
14839  -0.0001306843   0.0000677110  -0.0001633374  -0.0006092784  -0.0005114182
14840   0.0002872468  -0.0006566849  -0.0010675715  -0.0003285099  -0.0002481687
14841   0.0001828448   0.0023259850   0.0022519454  -0.0001406623  -0.0012006186
14842   0.0002681504   0.0000293765   0.0023403033  -0.0024326342   0.0003756054
14843  -0.0011279289  -0.0003264294   0.0004905806   0.0005492731  -0.0007715989
14844   0.0003608884   0.0003596918  -0.0000271816   0.0000760259   0.0005438675
14845  -0.0006456418  -0.0000251954   0.0001798081   0.0002194139   0.0001637951
14846  -0.0001575291   0.0009675000   0.0002291457  -0.0001185507   0.0010081882
14847  -0.0000460592  -0.0004369204   0.0004129604   0.0002102562
149 1   0.0000676156   0.0001136603  -0.0003226111   0.0002431081  -0.0000261790
149 2  -0.0001335551  -0.0000038881   0.0001306361   0.0003017879   0.0000145465
149 3  -0.0000483146   0.0002604670  -0.0001053038  -0.0001286062  -0.0001236141
149 4  -0.0000266526   0.0001861125  -0.0000090533  -0.0000413215  -0.0000333243
149 5   0.0001443541   0.0003751432   0.0004640584   0.0000694445  -0.0002574590
149 6  -0.0001382681  -0.0001436533   0.0000642847   0.0000202407  -0.0001726024
149 7   0.0000819230  -0.0001889976   0.0002697069  -0.0000065857   0.0001959441
149 8   0.0000220042  -0.0004162160  -0.0002230908   0.0005623461   0.0001693313
149 9   0.0000628458   0.0001766914   0.0000303732   0.0000544460   0.0000437189
14910   0.0001813288   0.0002421761   0.0002978886  -0.0002522851  -0.0002346548
14911   0.0004312350  -0.0000226562   0.0000589411   0.0000409254   0.0000093425
14912  -0.0000497296  -0.0002243003  -0.0000117827  -0.0002335514   0.0002409545
14913  -0.0002698193  -0.0000153364   0.0000304150   0.0001764565   0.0001473355
14914  -0.0002475420  -0.0001431056   0.0001110347  -0.0001988640   0.0000302387
14915   0.0002868858   0.0000403184  -0.0004813663  -0.0003726555   0.0001597862
14916   0.0002133000  -0.0000963901  -0.0000392235   0.0002345980   0.0005187637
14917  -0.0001317042  -0.0001609618  -0.0003136135   0.0002302050   0.0000173891
14918   0.0004442390   0.0000042692  -0.0000348887  -0.0001135894  -0.0001281116
14919  -0.0002604415  -0.0000607148   0.0002850342   0.0002831888   0.0002185751
14920   0.0004612415   0.0002441222   0.0000356508  -0.0002843393  -0.0000878381
14921  -0.0001045869   0.0000015691   0.0000789750   0.0001061045  -0.0001274189
14922   0.0000036926  -0.0001826360   0.0001104527  -0.0002851729  -0.0002484697
14923   0.0002807054   0.0003472643  -0.0000254510   0.0002426324  -0.0001101234
14924  -0.0000911943   0.0001279679  -0.0003847866  -0.0001275521   0.0001324897
14925   0.0009688485   0.0006554823  -0.0001472503  -0.0040029634   0.0022191572
14926  -0.0003393136   0.0001557595  -0.0012215209  -0.0000753456   0.0032967547
14927  -0.0021610036   0.0003974352  -0.0077887078  -0.0065907711   0.0011655285
14928   0.0386361535  -0.0300319244   0.0033280619   0.0985848509  -0.1524035499
14929   0.0079616954  -0.0048148233   0.0181638217  -0.0003957900  -0.0043018608
14930   0.0011195860   0.0000073480  -0.0042422495   0.3302319452  -0.0193367271
14931  -0.0929879104  -0.1500150947   0.0046384474   0.0030125624   0.0181168319
14932  -0.0006542912   0.0045508205   0.0013412584   0.0000668238  -0.0025520987
14933  -0.0027862247   0.0002782418   0.0038131504   0.0019908417  -0.0013335398
14934  -0.0008547786   0.0005537639   0.0001274764  -0.0003452808  -0.0005770123
14935  -0.0002626124   0.0070344871  -0.0060255182   0.0003180935  -0.0380169800
14936  -0.0321504881   0.0030556469   0.0001150825   0.0080238192  -0.0026076396
14937  -0.0002006532  -0.0003514182   0.0000360545   0.0000074273  -0.0002646961
14938   0.0000470517  -0.0000801338   0.0000628849   0.0000075230  -0.0000143968
14939   0.0001516127  -0.0000005249   0.0001264312   0.0002593657   0.0001785253
14940   0.0000502808   0.0003426938  -0.0000868734   0.0019082665  -0.0008630619
14941   0.0000149373   0.0003379347   0.0009784682  -0.0002421230  -0.0006154047
14942   0.0003269200   0.0001189814  -0.0002131956   0.0009879934  -0.0002895806
14943   0.0006536448   0.0003331639   0.0001307186   0.0000403717  -0.0003428165
14944   0.0000540963   0.0000779671   0.0000677402   0.0000356320   0.0000599395
14945  -0.0003192481   0.0000774334   0.0000468851   0.0001369655   0.0000183363
14946  -0.0001007205   0.0002583439   0.0002640193   0.0000318404   0.0002029771
14947   0.0003896499  -0.0018808686  -0.0007620326   0.0003718357
150 1   0.0003855188  -0.0001228613   0.0000813305  -0.0000901256  -0.0001085169
150 2   0.0003646875  -0.0001096468   0.0001982645   0.0000678837   0.0001660106
150 3   0.0004356064   0.0002421699  -0.0001014200  -0.0002294109  -0.0002256296
150 4   0.0002434078  -0.0002082573   0.0000943903   0.0003947131   0.0000695425
150 5  -0.0001401216  -0.0005990858  -0.0007378020  -0.0011144186  -0.0003128295
150 6  -0.0000648476  -0.0007719288   0.0000517707   0.0001621156  -0.0001833254
150 7   0.0001104547  -0.0000690185  -0.0000610051  -0.0001879788  -0.0002343183
150 8  -0.0005360518   0.0003503042   0.0007072627  -0.0006246048  -0.0001233787
150 9  -0.0000122106   0.0000980684  -0.0000110224  -0.0000558933   0.0001063080
15010   0.0000786151   0.0001433944   0.0000193225   0.0002483524   0.0000196396
15011  -0.0000220369  -0.0001220056  -0.0000607248   0.0001596233  -0.0000355102
15012   0.0000158657  -0.0000218561  -0.0000357652   0.0000877817  -0.0000520675
15013  -0.0002260171  -0.0000709592  -0.0002657874   0.0000244397  -0.0001567459
15014  -0.0000650911   0.0001682722   0.0000817690   0.0000994104  -0.0002745132
15015  -0.0002249463   0.0001801033  -0.0003630607   0.0004361611  -0.0005613421
15016   0.0001144980  -0.0000055064  -0.0003853389  -0.0001130374  -0.0001805381
15017  -0.0006961945  -0.0004634685  -0.0004246365   0.0004075013  -0.0003116579
15018  -0.0002934033  -0.0002444392   0.0000003790  -0.0001244869   0.0001267007
15019  -0.0003884300  -0.0001829312   0.0003577899   0.0003297565   0.0004325003
15020   0.0003261055  -0.0001643442  -0.0000406510  -0.0001362334  -0.0000743906
15021   0.0001046938  -0.0000730056   0.0001290250   0.0002097069  -0.0001628474
15022   0.0001014580   0.0002246303  -0.0000385190  -0.0000883541   0.0001524508
15023   0.0002189979   0.0001552316  -0.0001015164   0.0000291297   0.0001466596
15024  -0.0000632338  -0.0001579836   0.0001795843  -0.0001972223  -0.0004443532
15025  -0.0000153924   0.0003215632  -0.0003118208  -0.0002717035  -0.0000365475
15026   0.0002522639  -0.0001040918  -0.0001424103   0.0001045831   0.0001371961
15027   0.0004754138  -0.0002945410   0.0003528039   0.0006937662   0.0032859452
15028  -0.0027367378   0.0036401943   0.0163353357  -0.0170768428   0.0122077467
15029  -0.0531596424  -0.0020393347  -0.0010979200  -0.0023784806   0.0009757778
15030  -0.0000940382   0.0046637356   0.0191676937  -0.0193367271   0.0773054795
15031   0.0041441859   0.0056342839  -0.0520303537  -0.0024396414  -0.0012191184
15032  -0.0009696436  -0.0007285635  -0.0001626232   0.0042909782   0.0001763767
15033   0.0008548868  -0.0007482084  -0.0000988295  -0.0006126428  -0.0001318471
15034  -0.0000747864   0.0001146242  -0.0002974427  -0.0001830684   0.0006730524
15035  -0.0002988007  -0.0000604310   0.0009215009   0.0035910343   0.0014798501
15036   0.0009913015   0.0157003502  -0.0002362112  -0.0021014735  -0.0054626917
15037  -0.0001250120   0.0000194218  -0.0001096675   0.0001505879  -0.0000967720
15038  -0.0000012353   0.0000100937   0.0000111669   0.0000127797   0.0000189195
15039  -0.0000119041  -0.0000293090  -0.0000028398  -0.0000434653  -0.0000430389
15040   0.0000206929  -0.0000323967  -0.0001918463  -0.0002983063  -0.0001910106
15041  -0.0006490454  -0.0002449024   0.0000240914  -0.0029136181   0.0000635571
15042  -0.0000160024   0.0007857300   0.0004670360  -0.0005179931  -0.0030973445
15043  -0.0000781557   0.0000263754   0.0009937789  -0.0001379544  -0.0000795335
15044   0.0000703710  -0.0000246801  -0.0000271515  -0.0000189056   0.0001407579
15045   0.0000867143  -0.0001271376   0.0000069522  -0.0000119250  -0.0000492973
15046   0.0000005296  -0.0000779300   0.0001189365   0.0002012150  -0.0001600208
15047   0.0004453308   0.0002808497  -0.0001372444  -0.0006380558
151 1  -0.0005980370   0.0003118602  -0.0000170031   0.0000167021   0.0002610271
151 2  -0.0006949429   0.0001552549  -0.0003751453  -0.0007147003  -0.0001173573
151 3  -0.0002902819  -0.0005715071  -0.0002060441   0.0001554427  -0.0000657754
151 4  -0.0006088973   0.0003806689  -0.0000581685  -0.0006810748   0.0001538613
151 5  -0.0002130700   0.0002958538   0.0001952867  -0.0009864666   0.0006596370
151 6   0.0003273093   0.0007064884   0.0005877901   0.0001457461  -0.0007163299
151 7  -0.0005681383   0.0001200158  -0.0001576116  -0.0001506923   0.0000504852
151 8  -0.0004039810  -0.0005222628   0.0001354898  -0.0004596293   0.0004128135
151 9  -0.0001842398   0.0000487554   0.0002841686   0.0003304827   0.0001025098
15110  -0.0002796095  -0.0000962508  -0.0004013453   0.0003640469  -0.0003340225
15111   0.0004541066  -0.0002324736   0.0000630299  -0.0000031216   0.0003151474
15112   0.0000184697   0.0000335491  -0.0004232938  -0.0005762590   0.0003299659
15113   0.0002166514   0.0000080722  -0.0000019266   0.0001507895   0.0000117192
15114  -0.0000035370  -0.0001339285  -0.0001870475   0.0000498788   0.0005358676
15115   0.0001110236  -0.0008886019   0.0008299926  -0.0008677104   0.0006030255
15116  -0.0002836435  -0.0002115124   0.0003784030  -0.0000044546  -0.0006866143
15117   0.0004664202   0.0000376660   0.0002288954  -0.0000494254   0.0004803402
15118   0.0002381666   0.0006090723  -0.0002170347   0.0001183194   0.0004725220
15119   0.0005780290  -0.0000000030   0.0000401241  -0.0003510955  -0.0000224084
15120   0.0000706572  -0.0000737534   0.0000090575   0.0003946628   0.0000185490
15121   0.0002058370   0.0002094491  -0.0000097002  -0.0000840297  -0.0000221808
15122  -0.0000213338   0.0001687588  -0.0001748245  -0.0000493701  -0.0000396749
15123  -0.0000153818   0.0001573502  -0.0000395430   0.0001848838   0.0001588686
15124   0.0002013873   0.0000914279   0.0002685288   0.0011050617  -0.0000269723
15125   0.0002541179  -0.0010048168  -0.0007867070  -0.0006642365   0.0005271366
15126  -0.0010896088   0.0009676145   0.0001561182  -0.0005971037   0.0014404287
15127  -0.0025389400  -0.0001536932  -0.0041536677  -0.0007697276  -0.0006010927
15128   0.0088584842  -0.0233566116   0.0041480327  -0.1032023981   0.0010354769
15129  -0.0049284262   0.0177384468   0.0105265918   0.0024853046  -0.0064728668
15130   0.0038597347  -0.0014169880  -0.2449408587  -0.0929879104   0.0041441859
15131   0.6700921785   0.0072017654   0.0123478294  -0.1884818668   0.1044074685
15132  -0.0111721156  -0.0542588091  -0.0157871636   0.0024939648   0.0049623787
15133   0.0205465093  -0.0031471168  -0.0114699642  -0.0057244978   0.0026440154
15134   0.0036805206  -0.0021537349  -0.0000376145   0.0011294066   0.0024716142
15135   0.0002352034   0.0011898889  -0.0284303016   0.0017359479  -0.0956922706
15136   0.0024237274  -0.0008574668   0.0004430005   0.0268931388  -0.0039796604
15137  -0.0000550317   0.0001799537   0.0008668233  -0.0001230233  -0.0001544745
15138   0.0003257824  -0.0000622702  -0.0000035591  -0.0000015555   0.0000030756
15139   0.0000723259  -0.0000539058   0.0000446314   0.0003001063   0.0002868295
15140  -0.0001576130   0.0002903121   0.0006419548   0.0009335281  -0.0000903776
15141  -0.0001315346  -0.0004257869  -0.0004769029   0.0000901921  -0.0002006433
15142   0.0003236713   0.0001263457   0.0044300583  -0.0040971080   0.0002486529
15143  -0.0015297820  -0.0025008523  -0.0007818391  -0.0002557483   0.0010740981
15144  -0.0003457024  -0.0002926775  -0.0001227899  -0.0001360875  -0.0001989465
15145   0.0009737809   0.0001367456  -0.0002443497  -0.0000777535  -0.0002185245
15146   0.0000127471  -0.0010928187  -0.0002418695  -0.0000371243  -0.0009752482
15147  -0.0005308691  -0.0042524231  -0.0019786722  -0.0003477277
152 1  -0.0000526028   0.0001275745   0.0001087885  -0.0000668809   0.0000502817
152 2  -0.0003421476   0.0001495363  -0.0002665445  -0.0001404026  -0.0002209416
152 3  -0.0000678825  -0.0001671267   0.0001596989   0.0000352828   0.0001357662
152 4  -0.0003244871   0.0002472918   0.0000144047  -0.0001818441   0.0002627232
152 5  -0.0000741794   0.0001664073   0.0000822234  -0.0001186277  -0.0000295408
152 6  -0.0001344130  -0.0009435158  -0.0000985121   0.0001540838   0.0009092763
152 7  -0.0001790969  -0.0002390567  -0.0001924525  -0.0001295572   0.0000470218
152 8  -0.0000042282   0.0006213564  -0.0001454347   0.0002018544   0.0001671702
152 9  -0.0000492827  -0.0010861686   0.0003710872   0.0000566883  -0.0000999770
15210   0.0000328685   0.0000521870  -0.0000733345   0.0000799549  -0.0000775826
15211   0.0002091196  -0.0001690782  -0.0000130049  -0.0005792749  -0.0000335722
15212  -0.0001374712  -0.0000393840   0.0000385719  -0.0003028862   0.0001250969
15213   0.0002314864   0.0000133383   0.0002606654   0.0000400552  -0.0000335342
15214  -0.0000103475  -0.0002393392   0.0002288112  -0.0001854830   0.0000704365
15215  -0.0000150569  -0.0000652642   0.0005148768  -0.0005227657  -0.0000663811
15216  -0.0005776398  -0.0001492362   0.0000771268   0.0002406202  -0.0002616028
15217   0.0003879804   0.0002289082   0.0003977054  -0.0002319558   0.0002253899
15218   0.0000962639   0.0002364703  -0.0000687835   0.0002386137   0.0001760514
15219   0.0002335181   0.0001063325  -0.0000974968  -0.0000743064  -0.0003890007
15220  -0.0005314748  -0.0001449559  -0.0000653992   0.0001525677   0.0002384951
15221   0.0000533104  -0.0000332341  -0.0002235925   0.0000186089   0.0003586065
15222   0.0000897022  -0.0001610570  -0.0002047854   0.0002775574   0.0000039365
15223  -0.0001188511  -0.0000047987   0.0002943846  -0.0004231532  -0.0002588316
15224   0.0002764778  -0.0001213999  -0.0000634844   0.0000612444   0.0002791286
15225  -0.0000773514  -0.0006971471  -0.0005393996   0.0003332317   0.0005537407
15226   0.0002772044   0.0002424467  -0.0004947836   0.0001165284  -0.0004396376
15227  -0.0007682352  -0.0006457043   0.0000643046  -0.0002480288  -0.0007438816
15228   0.0010690717  -0.0114850712   0.0023397479  -0.0035546724   0.0128942160
15229  -0.0008019499   0.0075819363   0.0024126063   0.0021207652  -0.0020166173
15230   0.0023377813  -0.0008306290  -0.1054099605  -0.1500150947   0.0056342839
15231   0.0072017654   0.5842690689  -0.0371136676   0.0823765421  -0.1725694403
15232   0.0097597326   0.0089331801   0.0272994597  -0.0032912591   0.0167441025
15233  -0.0191090771   0.0009667153  -0.0061790542  -0.0021558932   0.0010198046
15234   0.0010135737   0.0002477990  -0.0001704198   0.0001678665   0.0027287694
15235   0.0003406316  -0.0478554370  -0.0154415904   0.0034744382  -0.0044842032
15236  -0.2240742919   0.0135968696   0.0211481907  -0.0243299534   0.0052348147
15237  -0.0000014771   0.0002699524   0.0005371021  -0.0000802190  -0.0000181122
15238   0.0001612029  -0.0000313257  -0.0000111595   0.0000102861  -0.0000005164
15239   0.0000337916  -0.0000050599   0.0000314421   0.0001728453  -0.0000217606
15240   0.0000637736   0.0001328358  -0.0001994556   0.0001728144   0.0004635785
15241  -0.0001800438   0.0003615558   0.0002096818  -0.0000069061   0.0000854404
15242   0.0000718319  -0.0000089098   0.0248307547  -0.0135796779   0.0016129253
15243  -0.0036202126  -0.0004731825   0.0011804507  -0.0007226344   0.0002724680
15244  -0.0000905569  -0.0001372800  -0.0000480247  -0.0000213286  -0.0007179802
15245   0.0001744125  -0.0003480825  -0.0001913635  -0.0001131243  -0.0000519797
15246   0.0007764750  -0.0002583910  -0.0002121059   0.0004961083  -0.0002825092
15247   0.0000385022   0.0007895148   0.0017547751  -0.0008211628
153 1  -0.0001551226   0.0001790925  -0.0001448250   0.0000996288   0.0000708934
153 2  -0.0002215746   0.0002255291   0.0000160512  -0.0000221573  -0.0003169630
153 3  -0.0002998853  -0.0001031631   0.0000770323   0.0001358840   0.0000531669
153 4  -0.0001472717   0.0001958209  -0.0000349640  -0.0001143480  -0.0000292492
153 5  -0.0000282761  -0.0003442273  -0.0001069403  -0.0004137971   0.0006026734
153 6  -0.0001271886  -0.0010261041   0.0001802182  -0.0000961890   0.0000616733
153 7  -0.0000731994  -0.0000718837   0.0000098085   0.0001022597  -0.0000234244
153 8   0.0003365579  -0.0007540138   0.0002654150  -0.0010980309   0.0000857166
153 9   0.0002813141  -0.0003776422   0.0000822661   0.0000843531   0.0000556101
15310   0.0000095634   0.0000004758   0.0000844072  -0.0000294414  -0.0001889091
15311   0.0004073228   0.0000300569  -0.0000429826   0.0000447620   0.0001115895
15312  -0.0000355106   0.0000190703  -0.0001162137  -0.0002497233   0.0001851397
15313   0.0000578931   0.0000416680   0.0000981326   0.0001070216   0.0000895242
15314  -0.0000340349  -0.0001734029  -0.0000024833  -0.0001107121   0.0002544425
15315   0.0001970019  -0.0002167016   0.0000073581  -0.0002354499   0.0002356329
15316   0.0000159906  -0.0000699905   0.0001300388  -0.0000079080   0.0001533253
15317   0.0002757842   0.0001144061   0.0002133895  -0.0000566585  -0.0000072654
15318   0.0002193137   0.0001100101   0.0000152765   0.0000059195  -0.0001627257
15319   0.0000733110   0.0000553495  -0.0000583779  -0.0000968909  -0.0000632076
15320  -0.0000075845   0.0001376564   0.0000182572   0.0000113781   0.0000029506
15321  -0.0001127473  -0.0000596363  -0.0000281864  -0.0000942606   0.0000124263
15322  -0.0000115857  -0.0001817822  -0.0000326210  -0.0000528506  -0.0001163674
15323   0.0000507687   0.0000931411   0.0000495940   0.0001514704  -0.0000553068
15324   0.0000577514   0.0001509975  -0.0001497132   0.0002717458   0.0002405858
15325   0.0000457314  -0.0000457856   0.0003030318   0.0001359151  -0.0000798722
15326   0.0000544703  -0.0000413691   0.0000162805  -0.0001677624  -0.0001007195
15327   0.0000846441  -0.0002047608   0.0000251323  -0.0000382249  -0.0003189650
15328   0.0003394912  -0.0000657310  -0.0046880011  -0.0009320641  -0.0013591432
15329   0.0014334262  -0.0006557769   0.0006533841   0.0081529508  -0.0001069918
15330  -0.0004235190  -0.0001290383   0.0012538092   0.0046384474  -0.0520303537
15331   0.0123478294  -0.0371136676   0.1490944798  -0.0076178754   0.0097621385
15332  -0.0615407011  -0.0026794009  -0.0024712991   0.0059829649   0.0002630046
15333   0.0016570633  -0.0069805632  -0.0003254596  -0.0001337687  -0.0006069570
15334   0.0002899846  -0.0001543476   0.0000204206   0.0000863603   0.0000062745
15335  -0.0000148441   0.0020445680   0.0003333717   0.0047022006   0.0001863275
15336   0.0169499010  -0.0619180092  -0.0018500680   0.0049501871   0.0021786483
15337   0.0000572597  -0.0000615640  -0.0001093220  -0.0000564951   0.0000508885
15338  -0.0000226005  -0.0000018688  -0.0000120400  -0.0000170498  -0.0000108283
15339  -0.0000094968   0.0000180704   0.0000612994  -0.0000156138   0.0000065840
15340  -0.0000144354  -0.0000253150   0.0000568749   0.0000707564   0.0000812892
15341   0.0003848863  -0.0000132825  -0.0000378019  -0.0001889844  -0.0000427813
15342   0.0000501919  -0.0008005688  -0.0018443829   0.0012467299   0.0044021000
15343   0.0001386716   0.0005324592   0.0077258721  -0.0000184840   0.0000097410
15344  -0.0000421754  -0.0000416605  -0.0000016682  -0.0000045421   0.0000072425
15345   0.0000195334   0.0000735950  -0.0000215644  -0.0000415619   0.0000076190
15346  -0.0001044545  -0.0000093229  -0.0000253728  -0.0000298306   0.0000006922
15347  -0.0000456832  -0.0006956606   0.0006025605   0.0067429029
154 1   0.0002612691  -0.0001933341  -0.0001097446   0.0000729405  -0.0001742100
154 2   0.0002297993  -0.0000932439   0.0001044057   0.0004190136   0.0000416807
154 3   0.0001226212   0.0003181269   0.0001233462  -0.0002582293  -0.0001401437
154 4   0.0002587541  -0.0001015659   0.0000294524   0.0001674109  -0.0000455569
154 5   0.0001939128  -0.0000240607  -0.0000684964   0.0005684130  -0.0004359194
154 6  -0.0001105260   0.0000188616  -0.0006564664   0.0001544942   0.0011421741
154 7   0.0004150911  -0.0002253236   0.0000310996   0.0000073975   0.0001183088
154 8   0.0002395167   0.0003081555   0.0000208954   0.0001664618  -0.0002980632
154 9   0.0002239126  -0.0000827859  -0.0000390844  -0.0000827365  -0.0001248261
15410   0.0001512112   0.0000667729   0.0001814215  -0.0001226061   0.0000653553
15411  -0.0000054636   0.0000938809  -0.0000728856  -0.0000418930  -0.0001589676
15412  -0.0001192394   0.0000998037   0.0003068741   0.0002330291  -0.0000668177
15413  -0.0000318106   0.0000129956   0.0000809576  -0.0000671993   0.0000634231
15414  -0.0000260406   0.0000095499   0.0001594821  -0.0001519391  -0.0003309358
15415  -0.0000011097   0.0004978783  -0.0004406688   0.0001458867  -0.0001525416
15416   0.0000024862   0.0000131805  -0.0000421247   0.0003368863   0.0002859714
15417  -0.0000086588  -0.0000499172  -0.0000839647  -0.0000047782  -0.0000448713
15418   0.0001051758  -0.0002285519  -0.0001566737   0.0001078098  -0.0000133146
15419   0.0000274845   0.0001111341   0.0000214420   0.0001797122  -0.0000363210
15420   0.0002762406   0.0000395311  -0.0000909745  -0.0001968728   0.0000769150
15421   0.0000280631  -0.0000330342  -0.0000071768  -0.0000354796  -0.0001230359
15422  -0.0000087418  -0.0000807819   0.0001485568   0.0001431365  -0.0000079107
15423   0.0000709859  -0.0001215908   0.0001127529  -0.0001346694  -0.0000903682
15424  -0.0000847959  -0.0000439371  -0.0003040235  -0.0006312917   0.0001482703
15425   0.0003212274   0.0009591716   0.0003938616  -0.0013888326   0.0005344636
15426   0.0009512801  -0.0005373966  -0.0008352305   0.0003997420   0.0010125274
15427   0.0010207988  -0.0002271641   0.0002712840  -0.0001952769   0.0002723661
15428  -0.0016635671   0.0066286956  -0.0012165576   0.0192022420  -0.0077418570
15429   0.0008948480  -0.0080746041  -0.0020963463  -0.0014857559   0.0020197998
15430  -0.0020742451   0.0006069201  -0.0902561283   0.0030125624  -0.0024396414
15431  -0.1884818668   0.0823765421  -0.0076178754   0.6890268217   0.0570728069
15432   0.0019561588  -0.3502711642  -0.0843944449  -0.0011307624   0.0065047570
15433  -0.0570958082   0.0073523763   0.0102168473   0.0094504116  -0.0028694287
15434  -0.0043990595   0.0029136027  -0.0000597679  -0.0007807410  -0.0015430748
15435   0.0003582466  -0.0281262606   0.0001620530  -0.0003437412   0.0194077858
15436   0.0322614973  -0.0027338589  -0.0008494162  -0.0027751524  -0.0000464402
15437  -0.0000752316  -0.0002551237  -0.0005745975   0.0000258788  -0.0000093907
15438  -0.0002060918  -0.0000077108   0.0000051804   0.0000106435  -0.0000253974
15439  -0.0000027909   0.0000327660   0.0000683674  -0.0000638666  -0.0001991100
15440   0.0002024177   0.0000006927  -0.0005388326  -0.0001031121   0.0000875095
15441   0.0001133462   0.0001258651   0.0000534740  -0.0000155413  -0.0000414260
15442  -0.0000758628   0.0000386380  -0.0542661013  -0.0261691391   0.0025101580
15443  -0.0187156576  -0.0118533591   0.0022048221  -0.0003252469  -0.0011330681
15444   0.0006306860   0.0003603562   0.0000010743   0.0001036959  -0.0002742361
15445  -0.0011450978  -0.0005266880   0.0001385466   0.0004288131   0.0001987658
15446   0.0006634681   0.0012066532   0.0002006577   0.0003411200   0.0010962386
15447   0.0001966861  -0.0007874793   0.0004359570  -0.0003460255
155 1  -0.0000574536   0.0001596404   0.0000967894  -0.0000177561   0.0000152932
155 2  -0.0000899673   0.0000757658  -0.0000368834  -0.0000996425   0.0000092542
155 3  -0.0000042639  -0.0000564409   0.0001057966  -0.0000743553  -0.0000839106
155 4  -0.0002015194   0.0000645318   0.0000594117  -0.0000259751   0.0000274557
155 5  -0.0000228636  -0.0000270782  -0.0000915856  -0.0002118153   0.0003637153
155 6   0.0000965374   0.0008776483   0.0000413591   0.0000666814  -0.0001377128
155 7  -0.0001419327  -0.0001856691  -0.0000821637  -0.0000010856  -0.0000325984
155 8  -0.0001428758   0.0001474032   0.0000842153  -0.0001680793   0.0000551678
155 9   0.0001652956  -0.0000974048   0.0000405102   0.0001095682   0.0000848906
15510   0.0001040683   0.0001345930  -0.0001178668   0.0000422647  -0.0000283396
15511  -0.0000655883  -0.0000570235  -0.0001628165   0.0000298152   0.0000878881
15512  -0.0000317786   0.0001078381  -0.0002284679  -0.0001954248   0.0001692912
15513  -0.0000157653   0.0000227592   0.0000285122   0.0000507942  -0.0000197982
15514  -0.0000055620  -0.0000359025  -0.0000064588   0.0000207781   0.0000929236
15515   0.0000170807  -0.0003195709   0.0002029299  -0.0001358527  -0.0000546990
15516  -0.0001097636  -0.0000420373   0.0000308299  -0.0000838619  -0.0001751135
15517   0.0000366373  -0.0001360851   0.0001352595  -0.0000780221  -0.0000274712
15518  -0.0000675236   0.0000329690  -0.0000596946  -0.0000595863   0.0001499682
15519   0.0002390566  -0.0000528011  -0.0000354683  -0.0000777151   0.0001594772
15520   0.0001489198  -0.0000431948  -0.0000805794   0.0000366713  -0.0000399092
15521   0.0000668800   0.0001412816   0.0001811710  -0.0001458723  -0.0000728879
15522  -0.0000545463  -0.0000135496  -0.0001376435   0.0000243275   0.0000279224
15523   0.0000866841   0.0000291197   0.0000563782   0.0000245586   0.0001334431
15524   0.0000922946  -0.0000328560   0.0000327454   0.0004225441  -0.0001260326
15525  -0.0000726485  -0.0002507534  -0.0001353092   0.0001873806   0.0000777051
15526  -0.0000266998   0.0000893899  -0.0000617746  -0.0000660957   0.0000551682
15527   0.0000297306  -0.0001016937  -0.0003371082   0.0003927588  -0.0001804589
15528  -0.0005269531  -0.0017320524   0.0005301045  -0.0094422399   0.0016863797
15529   0.0000165436   0.0011947490   0.0013898173   0.0004671587  -0.0003614791
15530   0.0000230841  -0.0002300415  -0.0058257224   0.0181168319  -0.0012191184
15531   0.1044074685  -0.1725694403   0.0097621385   0.0570728069   0.6862402572
15532  -0.0460977093  -0.1291063179  -0.1620954936   0.0081435727  -0.0331493746
15533  -0.0195154412   0.0011955986   0.0035156928  -0.0051680973   0.0003999040
15534   0.0012996145  -0.0001518527   0.0000523364  -0.0016808736  -0.0004749584
15535  -0.0000754547   0.0020557671  -0.0019948314  -0.0005841763   0.0201612795
15536  -0.0289554066   0.0047977359   0.0007066707  -0.0052698093   0.0008901909
15537  -0.0000007306   0.0000730970   0.0001385072  -0.0000207166   0.0000058639
15538   0.0000482675  -0.0000001580  -0.0000010219   0.0000026657   0.0000102506
15539   0.0000090868  -0.0000057463   0.0000097474   0.0000478670   0.0000158297
15540   0.0000024103   0.0000247400   0.0000099624  -0.0001477996   0.0000287290
15541   0.0000047769  -0.0000284528  -0.0000323550   0.0000015890  -0.0000740144
15542   0.0000650660  -0.0000242481  -0.0272760582  -0.3217031717   0.0227636981
15543   0.0174198781   0.0105588891  -0.0003350974  -0.0001061849  -0.0000336083
15544  -0.0003302201  -0.0002505000   0.0004239150  -0.0000150142  -0.0001256395
15545   0.0000918276   0.0003266226  -0.0001266236  -0.0005007307  -0.0000536361
15546  -0.0000501281   0.0000739829   0.0001821194   0.0000341700   0.0000667860
15547  -0.0000915222  -0.0001302231   0.0008028640  -0.0001015008
156 1  -0.0001876960   0.0001814774  -0.0000792524   0.0000967371   0.0000425707
156 2  -0.0001694748   0.0000255549  -0.0000654320  -0.0001358863  -0.0001206893
156 3  -0.0000781093  -0.0002145117   0.0001943949   0.0000772427  -0.0000788167
156 4  -0.0002040333   0.0001496565   0.0000847603  -0.0002235821  -0.0000315378
156 5  -0.0000122223  -0.0000725598  -0.0001531297  -0.0002414014  -0.0000323813
156 6   0.0000179886   0.0003855253   0.0005941344  -0.0001474393  -0.0008984602
156 7  -0.0001104727  -0.0001314736  -0.0000923665  -0.0000134562   0.0000666029
156 8  -0.0001594405   0.0001699244   0.0002729529  -0.0001284730   0.0000760233
156 9   0.0002817036  -0.0006413683  -0.0000249863   0.0000344144   0.0000852470
15610   0.0000007772   0.0001013844  -0.0000440727  -0.0000184989  -0.0001099060
15611  -0.0000610035  -0.0000611992  -0.0001039528   0.0000030373   0.0001832563
15612  -0.0000534395   0.0000613486  -0.0002399865  -0.0002563538   0.0002458441
15613   0.0000082465   0.0000051402   0.0000757737   0.0000847267   0.0000386732
15614  -0.0000627088  -0.0000445967  -0.0000396444  -0.0000582958   0.0002049648
15615   0.0001947022  -0.0004015240   0.0000696827  -0.0003042900   0.0001798905
15616   0.0000272480  -0.0000995804   0.0001680896  -0.0000234897  -0.0000671132
15617   0.0003958394  -0.0000009342   0.0001172220  -0.0000139468   0.0001193444
15618   0.0001689799   0.0001105400  -0.0001482193  -0.0000137375   0.0002048210
15619   0.0004211972   0.0000281076  -0.0000279354  -0.0001733145   0.0000179285
15620   0.0002254531  -0.0000019675  -0.0000326934  -0.0000172820   0.0000388694
15621   0.0000770697   0.0001267409   0.0000637907  -0.0001435695  -0.0001451415
15622  -0.0000613621  -0.0000230320  -0.0000681644   0.0000091640  -0.0001083855
15623   0.0000811033   0.0000720443   0.0000104140   0.0000652241   0.0001136422
15624   0.0000196562   0.0000775985  -0.0000408834   0.0004706666   0.0000573134
15625  -0.0000368844   0.0000886531   0.0001556856   0.0003304508  -0.0002542849
15626   0.0001717997  -0.0000605721   0.0001053827   0.0000366733  -0.0003481438
15627   0.0003614979   0.0000327682   0.0003543096  -0.0000058254  -0.0007739905
15628  -0.0000418859   0.0006730243   0.0002386028   0.0018514713  -0.0002251706
15629   0.0077848140  -0.0007697632  -0.0002454778   0.0002252355   0.0003042468
15630  -0.0005656667  -0.0002791385  -0.0016242337  -0.0006542912  -0.0009696436
15631  -0.0111721156   0.0097597326  -0.0615407011   0.0019561588  -0.0460977093
15632   0.1263632662   0.0086114506   0.0117045791  -0.0506846579   0.0022212769
15633  -0.0016227839   0.0037207571  -0.0000956876   0.0008174024   0.0028113100
15634  -0.0001453604   0.0000845014   0.0001924800   0.0001570815  -0.0001439588
15635   0.0010621087  -0.0006127668  -0.0000625617  -0.0028241911  -0.0020992273
15636   0.0029665310   0.0067368056  -0.0002556466   0.0013033104   0.0029922433
15637   0.0000288086  -0.0000346960  -0.0001785484   0.0000036826   0.0000399773
15638  -0.0000515882   0.0000161396  -0.0000099448  -0.0000090797   0.0000132844
15639  -0.0000119941  -0.0000014033  -0.0000387728  -0.0000442189  -0.0000399310
15640   0.0000508729  -0.0000564223  -0.0000429597   0.0000284713  -0.0000356055
15641  -0.0001121044  -0.0000192809   0.0000055659   0.0001298519   0.0000167926
15642  -0.0000057103  -0.0000859868   0.0021710074   0.0229217904  -0.0366969923
15643  -0.0016516112  -0.0011082795   0.0032187562   0.0003268951   0.0001512705
15644  -0.0000475012   0.0000016356  -0.0000548146   0.0001283825  -0.0002765294
15645  -0.0001765963  -0.0000172916  -0.0000001552   0.0000726095  -0.0000308302
15646   0.0000723435   0.0001596682  -0.0000058133  -0.0000755563  -0.0001096274
15647  -0.0001680746   0.0000383989  -0.0001015914  -0.0003235145
157 1  -0.0000380585   0.0000261484   0.0001180369  -0.0001019819   0.0000820134
157 2  -0.0000440334   0.0000247403  -0.0000175037  -0.0001970787   0.0000842983
157 3   0.0000092611  -0.0001225509  -0.0002053756   0.0000729296   0.0000586183
157 4  -0.0000611557  -0.0000285118  -0.0000214708   0.0000338037   0.0000509313
157 5  -0.0001232644   0.0001637582   0.0001326386  -0.0000269682  -0.0000236310
157 6  -0.0000425205  -0.0010123557  -0.0003242610  -0.0001252892  -0.0002141784
157 7  -0.0002364003   0.0002128819   0.0000342634   0.0000437662  -0.0001445388
157 8  -0.0000877421  -0.0003125555  -0.0001985781  -0.0000493730   0.0004105855
157 9  -0.0004202616   0.0005793978   0.0000461938   0.0000401966  -0.0000044399
15710  -0.0001277417  -0.0001056300  -0.0000967715   0.0000720374  -0.0000167740
15711   0.0000305548  -0.0000380458   0.0000748536   0.0000521061  -0.0000178040
15712   0.0001317993  -0.0001362149  -0.0000588536   0.0000255596  -0.0000741022
15713   0.0000075147  -0.0000040680  -0.0000979475  -0.0000314280  -0.0000467468
15714   0.0000429294   0.0000214540  -0.0000692873   0.0001405638   0.0000616139
15715  -0.0001085698  -0.0000545313   0.0002798908   0.0000633441  -0.0000647990
15716   0.0000375707   0.0000573591  -0.0001174767  -0.0002536945  -0.0001379032
15717  -0.0002873066   0.0000306196  -0.0000455526   0.0000289648  -0.0000194852
15718  -0.0002076470   0.0000520062   0.0002329614  -0.0001236464  -0.0001212131
15719  -0.0002652094  -0.0001003235  -0.0000221073  -0.0000055087   0.0000183059
15720  -0.0002729030  -0.0000481383   0.0000603052   0.0001301978  -0.0000749866
15721  -0.0000678159  -0.0000611677  -0.0000442734   0.0000949255   0.0001456171
15722   0.0000527604   0.0000662407  -0.0000613205  -0.0000543317   0.0000562018
15723  -0.0000936781   0.0000226465  -0.0000490096   0.0000115128  -0.0000081171
15724   0.0000528331  -0.0000238322   0.0001827121   0.0001268909  -0.0001328660
15725  -0.0002672271  -0.0007076234  -0.0002722358   0.0007237801  -0.0002964061
15726  -0.0006619291   0.0003287772   0.0004249267  -0.0002359232  -0.0000708975
15727   0.0003349004   0.0000386589  -0.0010441196   0.0002472877  -0.0001668660
15728   0.0011643091  -0.0021227912   0.0004393213  -0.0089187856   0.0030009702
15729  -0.0001455854   0.0029305958   0.0011218194   0.0008433680  -0.0004595863
15730   0.0004973228  -0.0002227018   0.0125544425   0.0045508205  -0.0007285635
15731  -0.0542588091   0.0089331801  -0.0026794009  -0.3502711642  -0.1291063179
15732   0.0086114506   0.7431286271  -0.0021201016   0.0167336157  -0.1077426666
15733   0.0224086865  -0.0062030227  -0.0126700926  -0.0456119929   0.0024744226
15734   0.0019532775  -0.0067064569   0.0011710422  -0.0046354705   0.0018445057
15735  -0.0003218855   0.0221390277   0.0231660078  -0.0010188589  -0.0122018568
15736  -0.0127569745   0.0019283024   0.0009330086  -0.0013186875   0.0004831033
15737   0.0000234548   0.0002130789   0.0004613815  -0.0000564767   0.0000203671
15738   0.0001499987  -0.0000027150  -0.0000026151  -0.0000018411   0.0000063918
15739   0.0000011618  -0.0000211960  -0.0000140627   0.0000424390   0.0001353565
15740  -0.0001157302   0.0000040871   0.0003364454  -0.0000567197  -0.0000502719
15741  -0.0000395216  -0.0000294233  -0.0000295307  -0.0000175950  -0.0000237902
15742   0.0000434488  -0.0000377155   0.0005549080   0.0013040390  -0.0005847083
15743  -0.2293613101   0.1331937757  -0.0170036443   0.0008671525   0.0008015508
15744  -0.0003220787  -0.0000064906  -0.0001286808  -0.0002253606   0.0001045401
15745   0.0001386227   0.0001049754   0.0000257529  -0.0018374882  -0.0002402432
15746  -0.0003387739  -0.0008779546  -0.0002872154  -0.0001284416  -0.0008337722
15747   0.0001166838  -0.0042213258   0.0028192251  -0.0003931098
158 1  -0.0000467444  -0.0000653301   0.0001766476  -0.0001675989   0.0000718106
158 2  -0.0000235146   0.0000146525  -0.0000778569  -0.0002607051   0.0000220540
158 3   0.0000807265  -0.0001379682  -0.0001200107   0.0001235488  -0.0000219542
158 4  -0.0000163154  -0.0001195866  -0.0000797524   0.0000366205   0.0000338944
158 5  -0.0000963953   0.0003406888   0.0003146508  -0.0000282400  -0.0003692522
158 6   0.0000501279  -0.0008469004  -0.0002132306   0.0000593548   0.0005557380
158 7  -0.0001512570   0.0003291928  -0.0000783052   0.0000583152  -0.0001051405
158 8  -0.0000717506  -0.0003352209  -0.0004097944  -0.0002175109   0.0002079366
158 9  -0.0004520848   0.0009527846   0.0002033445  -0.0001235908  -0.0003252429
15810  -0.0001410014  -0.0002229844  -0.0001610818   0.0000953066   0.0001767847
15811  -0.0001856422  -0.0001080996   0.0001883639   0.0000550426   0.0000303788
15812   0.0002252822  -0.0000960889  -0.0000011074   0.0001225570  -0.0001967528
15813   0.0001260467  -0.0000614066  -0.0001252905  -0.0000964152  -0.0001927851
15814   0.0002081159   0.0000933419  -0.0001059571   0.0001442275   0.0000285483
15815  -0.0001981543  -0.0000331468   0.0003526930   0.0002106605  -0.0000737252
15816  -0.0002441705   0.0001196343  -0.0000668182   0.0000003528  -0.0002123741
15817  -0.0001214253   0.0000137519   0.0000203256  -0.0000019446   0.0000367419
15818  -0.0003043809   0.0000937992   0.0001996496   0.0000557050  -0.0000998333
15819  -0.0002805786  -0.0000141319  -0.0000635287  -0.0000440181  -0.0001263692
15820  -0.0001380560  -0.0001028349   0.0001479724   0.0002488995   0.0000040598
15821  -0.0000786783  -0.0002201356  -0.0001744367   0.0000988467   0.0001586686
15822   0.0000781251   0.0001653728  -0.0000005693  -0.0000048455   0.0001603532
15823  -0.0002756168  -0.0001076392  -0.0000307528  -0.0000804765  -0.0000085528
15824   0.0000846787  -0.0000297003   0.0003814638   0.0000423330  -0.0001245314
15825  -0.0000174437  -0.0004560429  -0.0002638290   0.0005154950  -0.0000590921
15826  -0.0004739246   0.0003755000   0.0004560914  -0.0002341399  -0.0008942811
15827  -0.0012310591   0.0000687388   0.0007151137   0.0004831740  -0.0000563042
15828  -0.0011228177  -0.0041463857   0.0008487236  -0.0082309621   0.0040840210
15829   0.0000663392   0.0044281736   0.0011410454   0.0008654823  -0.0011056452
15830   0.0015580201  -0.0004591611   0.0199892546   0.0013412584  -0.0001626232
15831  -0.0157871636   0.0272994597  -0.0024712991  -0.0843944449  -0.1620954936
15832   0.0117045791  -0.0021201016   0.6233415629  -0.0361777083  -0.0150954697
15833  -0.2617928837   0.0066511486  -0.0309357252  -0.0263563419   0.0043721759
15834   0.0027666859  -0.0027839937  -0.0000930411   0.0010775713   0.0052266642
15835   0.0004835876   0.0332378458  -0.0271948998   0.0035888954  -0.0152058013
15836  -0.0140339906   0.0006070912   0.0043844483  -0.0023563437   0.0007812198
15837   0.0000373862   0.0001154273   0.0003173542  -0.0000199653  -0.0000401943
15838   0.0001288577  -0.0000010360   0.0000060575  -0.0000066341   0.0000129170
15839   0.0000185526  -0.0000170071  -0.0000786603   0.0000807028   0.0001558329
15840  -0.0001729118   0.0000507674   0.0003344095  -0.0000972813  -0.0000207010
15841  -0.0001432397  -0.0000114041  -0.0000210611   0.0000407965   0.0000066315
15842   0.0000670849  -0.0000209575  -0.0264706889  -0.0063313255  -0.0000352137
15843   0.1340482770  -0.1538912376   0.0126039914  -0.0007837788   0.0012603925
15844   0.0004035349   0.0005036285  -0.0011155275  -0.0000241350  -0.0007145880
15845   0.0008373530  -0.0009849494   0.0001609511  -0.0003617893  -0.0001658708
15846  -0.0000774540  -0.0015579831  -0.0006089983  -0.0000699473  -0.0014513446
15847  -0.0003905110   0.0015569505  -0.0000507622   0.0004554692
159 1   0.0001035391  -0.0001081821   0.0000468699  -0.0000172698  -0.0000777772
159 2   0.0001088347  -0.0000358475  -0.0000218655   0.0000807774   0.0000705167
159 3   0.0001124131   0.0000980402  -0.0000135552  -0.0003182839  -0.0001924044
159 4   0.0000981398  -0.0001122592   0.0000113540   0.0000800812  -0.0000242087
159 5   0.0001051518   0.0001104305   0.0000995643   0.0001315672  -0.0007077092
159 6  -0.0002358984  -0.0006219911   0.0000002642   0.0004068732   0.0002424823
159 7   0.0001889465  -0.0000984569  -0.0000723192   0.0000045945   0.0000140368
159 8  -0.0000382545   0.0002242865  -0.0000812684   0.0002431008   0.0002157871
159 9   0.0006041094  -0.0004638764   0.0000735433  -0.0000116464  -0.0001286154
15910   0.0001137598   0.0000042140  -0.0000328824   0.0000816415   0.0001021324
15911   0.0000337900   0.0000159525  -0.0000851299   0.0000369154  -0.0000485515
15912  -0.0000539507   0.0000552818   0.0000615040   0.0000444550  -0.0000755282
15913   0.0000487058  -0.0000192289  -0.0000196763  -0.0000737597  -0.0000849086
15914   0.0000881431   0.0000681960   0.0000128485  -0.0000227462  -0.0001506922
15915  -0.0000921191   0.0000784007  -0.0000635161   0.0001192626  -0.0000841096
15916  -0.0002423363   0.0000217396   0.0000054065   0.0003167466  -0.0000665170
15917   0.0000047800  -0.0002178172   0.0000137193  -0.0000089540   0.0000134783
15918  -0.0000567158  -0.0000473647  -0.0001320487   0.0001548446   0.0000852688
15919   0.0000127725   0.0000564925   0.0000050641   0.0000737201   0.0000331945
15920   0.0003108670  -0.0000679392  -0.0000258824   0.0000158906   0.0000310053
15921   0.0000707129  -0.0000333669  -0.0000181432  -0.0000267067  -0.0000984960
15922   0.0000074971   0.0000823392  -0.0000136215   0.0000876129   0.0001246610
15923  -0.0000528424  -0.0001565552   0.0000647121  -0.0000968036   0.0000493196
15924   0.0000037820  -0.0000532876   0.0000419407  -0.0001327544  -0.0001097215
15925   0.0003828619   0.0004252144   0.0000238308  -0.0011206808   0.0005113536
15926   0.0004073293  -0.0000527371  -0.0005012018   0.0000720742   0.0006865490
15927  -0.0003892911  -0.0001354588  -0.0002406987  -0.0001989325   0.0002119675
15928  -0.0002907842  -0.0002678153  -0.0001849792   0.0003729159  -0.0000903887
15929  -0.0000464538   0.0000187743  -0.0001281270  -0.0004590576  -0.0002179680
15930   0.0005127859  -0.0000509868  -0.0022650443   0.0000668238   0.0042909782
15931   0.0024939648  -0.0032912591   0.0059829649  -0.0011307624   0.0081435727
15932  -0.0506846579   0.0167336157  -0.0361777083   0.1157600455   0.0008815612
15933   0.0140100370  -0.0621083129  -0.0015006357  -0.0016624414   0.0067499831
15934   0.0003779539  -0.0007870180  -0.0026515686  -0.0007213619   0.0001825259
15935   0.0039226576  -0.0022908710   0.0036820298   0.0068064848   0.0009474510
15936   0.0014628504  -0.0028988382   0.0001642813  -0.0003219652  -0.0006441580
15937  -0.0000710627  -0.0001508243  -0.0001907082  -0.0000192321  -0.0000714619
15938  -0.0000430753  -0.0000253350   0.0000031206   0.0000124410  -0.0000198658
15939   0.0000205426   0.0000122487   0.0000391412   0.0000665382  -0.0000474141
15940   0.0000555530   0.0001128798  -0.0001616265  -0.0000065949   0.0000382947
15941   0.0000049268   0.0000202990   0.0000038577   0.0000509643  -0.0000201095
15942  -0.0000127498   0.0000589720   0.0020621912   0.0004736387   0.0040051193
15943  -0.0154391468   0.0132549984  -0.0315766962   0.0000868478  -0.0002231994
15944   0.0000574574  -0.0000543937  -0.0000048652   0.0001598089   0.0002707838
15945   0.0005090303  -0.0001286952  -0.0001644174  -0.0001704426   0.0004777677
15946   0.0004508452   0.0007736159  -0.0001382591  -0.0002346244  -0.0007286404
15947  -0.0000228733  -0.0004075052   0.0005122752   0.0035846735
160 1  -0.0000861992   0.0001841861  -0.0002226961   0.0002667186   0.0000424258
160 2   0.0000211768  -0.0000144827   0.0001063302   0.0002764936  -0.0000965815
160 3  -0.0001908112   0.0002014826   0.0000366938   0.0001508975   0.0000838854
160 4   0.0000054865   0.0001187899   0.0000427010  -0.0001475397  -0.0001177027
160 5  -0.0001696573  -0.0001296976  -0.0002572196  -0.0000059158   0.0005400714
160 6   0.0001533138  -0.0002723991  -0.0001233077  -0.0003207923  -0.0004421981
160 7  -0.0000777476  -0.0000270777   0.0002799495   0.0001422114   0.0000434029
160 8   0.0001590426   0.0003098224  -0.0001286704  -0.0003004703   0.0005729820
160 9  -0.0003126487  -0.0022046330  -0.0008507290   0.0001240936   0.0009865850
16010  -0.0000329539   0.0001286895   0.0002207395  -0.0004520808  -0.0002839820
16011   0.0002027845   0.0001139312  -0.0000038790  -0.0003753445  -0.0002464180
16012  -0.0002080747   0.0003540824   0.0002123998   0.0000474352   0.0001481767
16013  -0.0000891239   0.0001508068   0.0002157984   0.0001097995   0.0002501891
16014  -0.0000853621  -0.0002309108   0.0001106633  -0.0002698755   0.0001731881
16015   0.0004103977   0.0001569060  -0.0003363957  -0.0002343500   0.0002286646
16016   0.0004544800  -0.0000198114   0.0000660293  -0.0000834063   0.0003786444
16017  -0.0000934076   0.0000259341  -0.0000402639  -0.0000701428   0.0000253555
16018   0.0003851047  -0.0000476620   0.0000810449  -0.0002241257  -0.0001982411
16019   0.0000659425  -0.0000435301  -0.0002655231  -0.0000051179  -0.0000057936
16020  -0.0001711955   0.0001500031  -0.0001101393  -0.0002001336  -0.0000523353
16021  -0.0000675086   0.0000378396   0.0001808974  -0.0000558513  -0.0004184410
16022   0.0000057746  -0.0003925087   0.0003523501   0.0001675728  -0.0002431477
16023   0.0002499440  -0.0000052257   0.0000512085  -0.0000198517  -0.0000829340
16024  -0.0002241341   0.0000810034  -0.0008322363  -0.0002377412   0.0005853501
16025   0.0000947154   0.0000149736   0.0000347599  -0.0009824208   0.0002637381
16026  -0.0002942568   0.0000189645  -0.0002621717  -0.0000571293   0.0006695431
16027   0.0007388288   0.0005774475  -0.0008096127  -0.0001274315   0.0001729826
16028  -0.0020098306   0.0004932527  -0.0012041440   0.0046735473  -0.0009610543
16029  -0.0006640498  -0.0012488946  -0.0007161067  -0.0006397894   0.0008587854
16030   0.0007648989   0.0004946006  -0.0078025856  -0.0025520987   0.0001763767
16031   0.0049623787   0.0167441025   0.0002630046   0.0065047570  -0.0331493746
16032   0.0022212769  -0.1077426666  -0.0150954697   0.0008815612   0.6893938088
16033   0.0134812493   0.0334426292  -0.2875534708  -0.0778589775  -0.0226463177
16034  -0.0452986189  -0.0023284619  -0.0012173408  -0.0054931931  -0.0247544167
16035   0.0011381506  -0.2118732224   0.1075667001  -0.0118327894  -0.0574495247
16036  -0.0070588133  -0.0036473595   0.0039858813  -0.0034560439   0.0020036452
16037  -0.0000972213  -0.0000366181   0.0000219152  -0.0000563032  -0.0000030249
16038   0.0000698095  -0.0000031028  -0.0000272569   0.0000050840   0.0000097853
16039   0.0000111679   0.0000010585   0.0000696442   0.0000244316   0.0000666391
16040   0.0000420252   0.0000299258  -0.0000168090  -0.0000758447   0.0000072444
16041  -0.0000527170   0.0001167863   0.0000976746  -0.0000556527  -0.0000230936
16042  -0.0000551595  -0.0000584783  -0.0046721480  -0.0015230423  -0.0003308799
16043   0.0058176756   0.0241101792  -0.0011990363   0.0048116223  -0.0039129164
16044   0.0018524387  -0.0010542643   0.0023445894  -0.0001867409   0.0045479049
16045  -0.0042457405  -0.0005038136   0.0010341787   0.0025794687   0.0004677904
16046   0.0004543722   0.0066118413   0.0018376139  -0.0002702077   0.0058288567
16047  -0.0012313782   0.0067849644  -0.0026757596   0.0009920632
161 1   0.0001033884  -0.0000706216  -0.0001687749   0.0001302364  -0.0001337747
161 2   0.0000887363  -0.0000481329   0.0000137019   0.0003280553  -0.0000332691
161 3   0.0000082978   0.0002084972   0.0001809276  -0.0001036264   0.0002135722
161 4   0.0001039219   0.0000158720  -0.0000124615  -0.0000306949  -0.0000262397
161 5   0.0001496587  -0.0002622549  -0.0002419530   0.0001670365  -0.0001945427
161 6  -0.0003614124   0.0000754932   0.0003386839  -0.0004375374  -0.0010209512
161 7   0.0002952267  -0.0004094276  -0.0000335825  -0.0001131939   0.0001178371
161 8   0.0001157209   0.0002497253   0.0004989828   0.0002576060  -0.0004570614
161 9   0.0005285401   0.0008435407  -0.0002042356  -0.0000127937   0.0005048571
16110   0.0002606680   0.0002119251   0.0000930448  -0.0000512607  -0.0000067840
16111   0.0000549893   0.0000790893  -0.0001401010  -0.0001267922  -0.0000669663
16112  -0.0000404063   0.0001041638   0.0001127639   0.0000404997  -0.0000199799
16113  -0.0000057295   0.0000324158   0.0001945743  -0.0000260114   0.0001630730
16114  -0.0000921850  -0.0000195401   0.0001426517  -0.0001289050  -0.0001678478
16115   0.0000887801   0.0002145810  -0.0003864208  -0.0000797266   0.0000194320
16116  -0.0000040781  -0.0001006084   0.0000890047   0.0001989796   0.0002093392
16117   0.0002905500   0.0000656507   0.0000325271  -0.0000808942   0.0000055249
16118   0.0002719691  -0.0001167129  -0.0002597788   0.0001610940   0.0000971287
16119   0.0002033282   0.0000990840   0.0001065117   0.0000164980   0.0000370237
16120  -0.0000296457   0.0000977983  -0.0001428618  -0.0002654368   0.0000525829
16121   0.0000972069   0.0001537568   0.0000676421  -0.0000274977   0.0000405840
16122  -0.0000224784  -0.0001242804   0.0003004222   0.0000408916  -0.0000892835
16123   0.0001341586  -0.0000663940   0.0000536694  -0.0000348646   0.0000512124
16124  -0.0000551984  -0.0000114233  -0.0002631334  -0.0002153362   0.0000806862
16125  -0.0000107068   0.0005988764   0.0002584262   0.0000472913  -0.0000209485
16126   0.0007002918  -0.0004583611  -0.0003983351   0.0003830976  -0.0003536973
16127  -0.0004900425  -0.0000506409   0.0010025981  -0.0009016227   0.0000673703
16128  -0.0012165179   0.0039291216  -0.0001939420   0.0053975688  -0.0017976636
16129  -0.0002441045  -0.0024552872  -0.0008736379  -0.0008533897  -0.0002591910
16130  -0.0008096378   0.0003737507  -0.0084878298  -0.0027862247   0.0008548868
16131   0.0205465093  -0.0191090771   0.0016570633  -0.0570958082  -0.0195154412
16132  -0.0016227839   0.0224086865  -0.2617928837   0.0140100370   0.0134812493
16133   0.6455020115  -0.0207796953  -0.0770225874  -0.1602952069  -0.0081565276
16134   0.0091278814   0.0169152942   0.0008497849  -0.0352540123  -0.0244180383
16135  -0.0012306017   0.0693921008  -0.1801668690   0.0117117289   0.0229620117
16136   0.0310509357  -0.0024438110  -0.0100030193   0.0040644421  -0.0019888368
16137   0.0000385013  -0.0001303866  -0.0003917900   0.0000905539   0.0000377129
16138  -0.0001890510   0.0000024279   0.0000064434   0.0000058360  -0.0000144748
16139  -0.0000191647   0.0000249333   0.0000165362  -0.0000937774  -0.0002488136
16140   0.0001802176  -0.0000467805  -0.0004681743   0.0002043848  -0.0000127275
16141   0.0001376882  -0.0000472284  -0.0000414664   0.0000140448   0.0000386368
16142  -0.0000449472   0.0000417974  -0.0008705734   0.0012956669   0.0006287500
16143  -0.0033485763  -0.0111942295   0.0015225929   0.0025181043  -0.0016512907
16144   0.0011867268   0.0043664761  -0.0029071297   0.0005464540   0.0019740914
16145  -0.0018850013  -0.0011399309   0.0005651438  -0.0052653321   0.0000516679
16146  -0.0006029430   0.0025966863   0.0005970798  -0.0005963676   0.0022810387
16147   0.0002552406   0.0237644952  -0.0116153874   0.0013390914
162 1   0.0000321887  -0.0003187856   0.0000460878  -0.0000488924  -0.0000858980
162 2   0.0001389803  -0.0000853789  -0.0001995523  -0.0000612078   0.0000252811
162 3  -0.0000314749  -0.0000837876  -0.0001932037  -0.0001618641  -0.0000512449
162 4   0.0002401088  -0.0002310291  -0.0001599894  -0.0000036928  -0.0000218415
162 5   0.0000501148  -0.0000027621   0.0002593675   0.0001992962  -0.0004611256
162 6  -0.0001332105  -0.0002083207   0.0000460036   0.0001525407  -0.0002573285
162 7   0.0002225052   0.0000465208  -0.0002682983  -0.0000584395  -0.0000024215
162 8  -0.0000751487  -0.0003228194  -0.0000406902  -0.0000155375   0.0012489236
162 9  -0.0004636808  -0.0002064424   0.0004242704  -0.0001021145  -0.0005266832
16210   0.0000419253  -0.0001540695  -0.0002467667   0.0002091826   0.0002764472
16211  -0.0001343842   0.0000310989   0.0002325151   0.0001546880  -0.0000358917
16212   0.0003271136   0.0000072759   0.0000248739   0.0001376598  -0.0002573130
16213   0.0001900046  -0.0000536957  -0.0001036886  -0.0002453770  -0.0002216598
16214   0.0002758702   0.0001866147  -0.0001807849   0.0000734960  -0.0000746404
16215  -0.0002128308  -0.0000826814  -0.0000361872   0.0002474112   0.0000577141
16216  -0.0003889705  -0.0000015406   0.0001255265   0.0004446283  -0.0003120021
16217   0.0002677630  -0.0001369824  -0.0000474375   0.0000043077   0.0001332511
16218  -0.0000874137   0.0000835195  -0.0002250425   0.0004549942   0.0001547730
16219  -0.0000563922   0.0001564759   0.0002292494  -0.0000495390  -0.0000596412
16220   0.0003556520  -0.0001736897  -0.0000075274   0.0001633108   0.0000646931
16221   0.0000926320  -0.0001226215  -0.0001443273   0.0001135089   0.0001177070
16222   0.0000540630   0.0003843939   0.0003464268   0.0000588582   0.0003312795
16223  -0.0002588435  -0.0003866941  -0.0000175756  -0.0001193220   0.0002712227
16224   0.0000291274  -0.0000288495   0.0003165014   0.0001370996  -0.0003211491
16225   0.0003620336   0.0004387487   0.0000470861  -0.0005438405   0.0002137737
16226   0.0004419183   0.0000060523  -0.0002146464   0.0000811162  -0.0002134849
16227  -0.0009103678  -0.0005723913   0.0002686559  -0.0000934914  -0.0000051605
16228  -0.0009639383  -0.0001413332   0.0024357108  -0.0022519815   0.0008548097
16229  -0.0002549213   0.0014171248   0.0002586056   0.0002261323  -0.0007206407
16230   0.0007888351  -0.0002509989   0.0033213511   0.0002782418  -0.0007482084
16231  -0.0031471168   0.0009667153  -0.0069805632   0.0073523763   0.0011955986
16232   0.0037207571  -0.0062030227   0.0066511486  -0.0621083129   0.0334426292
16233  -0.0207796953   0.1525609555  -0.0097167137  -0.0009244292  -0.0489809772
16234  -0.0050763827   0.0007741573  -0.0010305634  -0.0008359264  -0.0049700338
16235  -0.0000398015  -0.0158984305   0.0137722183  -0.0557189514  -0.0013354075
16236  -0.0017920612   0.0021017032   0.0012782519  -0.0008974498   0.0019375249
16237   0.0000181691  -0.0001681658  -0.0002551033  -0.0000001913  -0.0000658998
16238  -0.0000806005  -0.0000116408   0.0000016554   0.0000128521  -0.0000074806
16239   0.0000187513   0.0000107351  -0.0000244644   0.0000383518  -0.0000527721
16240   0.0000374048   0.0001014367  -0.0001157095   0.0000176646  -0.0000095940
16241   0.0000946578   0.0000227933  -0.0000073843   0.0001123624  -0.0000214149
16242   0.0000160102   0.0000739274  -0.0000652695   0.0006356584   0.0078358353
16243   0.0005908824   0.0019643733   0.0025162077  -0.0009508053  -0.0003416397
16244   0.0004738009   0.0002503739   0.0002239463   0.0003283599   0.0005887096
16245  -0.0001502981  -0.0001205341   0.0001145222   0.0000633948   0.0003370828
16246  -0.0012632863  -0.0004592356   0.0005475045   0.0002138542   0.0010407824
16247  -0.0003713630  -0.0011875602   0.0013981664   0.0025285516
163 1  -0.0001029680   0.0000622452   0.0005071318  -0.0004079682   0.0001358969
163 2  -0.0000576710   0.0000213106   0.0000825902  -0.0003844430   0.0001085809
163 3   0.0002812191  -0.0001778694   0.0001448922   0.0003271242   0.0000775675
163 4  -0.0002256366  -0.0002501905  -0.0000010903   0.0001306690   0.0000229961
163 5  -0.0000374370   0.0004524808   0.0002373461  -0.0002724070   0.0000062180
163 6   0.0001695773   0.0002754128  -0.0002780457  -0.0002626034   0.0003297681
163 7  -0.0001760254   0.0003949426  -0.0000482159  -0.0000014669  -0.0000831947
163 8  -0.0000534112  -0.0002365529  -0.0002234466   0.0001080755  -0.0009050771
163 9  -0.0002324143  -0.0002996470   0.0001683645   0.0000386132  -0.0005946026
16310  -0.0001873503  -0.0002644170  -0.0001036902   0.0002208237   0.0001848040
16311  -0.0002723804  -0.0000583251  -0.0000864772   0.0002704638   0.0001197907
16312   0.0001183475  -0.0000844419  -0.0000628273   0.0000866583  -0.0002999252
16313   0.0000848696  -0.0000963369  -0.0002026863   0.0000454752  -0.0002044742
16314   0.0000911507   0.0001109658  -0.0000068959   0.0003840728  -0.0000936042
16315  -0.0003640030  -0.0000622180   0.0007396709   0.0003856102  -0.0002923716
16316  -0.0001636185   0.0002544955  -0.0002638147  -0.0005131417  -0.0001665859
16317  -0.0003800534  -0.0000061191   0.0001217246   0.0000236387  -0.0001864383
16318  -0.0006877745  -0.0000444314   0.0003994672  -0.0003002071  -0.0001660037
16319  -0.0002548628  -0.0001680536  -0.0000827235  -0.0000539305   0.0000668093
16320  -0.0004667934  -0.0000892275   0.0002291485   0.0002103673  -0.0000994804
16321  -0.0000727927  -0.0000727925  -0.0000922772  -0.0000677054   0.0001027419
16322   0.0000055205   0.0001102319  -0.0005698053  -0.0001311623   0.0000424699
16323  -0.0002720256   0.0001166997  -0.0001159627   0.0000521953  -0.0000901140
16324   0.0001845387  -0.0000873626   0.0006347635   0.0001173355  -0.0003709501
16325  -0.0005733265  -0.0008456552  -0.0002926377   0.0021077217  -0.0007001655
16326  -0.0004911022   0.0002267071   0.0008929364  -0.0001589760  -0.0013193664
16327   0.0002470816  -0.0001643015   0.0005302270   0.0001699362  -0.0000730625
16328   0.0006744992  -0.0006804747   0.0006002754  -0.0051875146   0.0014147410
16329   0.0009268668   0.0015538887   0.0009912853   0.0012542372  -0.0000106854
16330  -0.0010476980  -0.0005541612   0.0086560546   0.0038131504  -0.0000988295
16331  -0.0114699642  -0.0061790542  -0.0003254596   0.0102168473   0.0035156928
16332  -0.0000956876  -0.0126700926  -0.0309357252  -0.0015006357  -0.2875534708
16333  -0.0770225874  -0.0097167137   0.6564684948   0.0183174803   0.0497251590
16334  -0.1669289179   0.0517934375  -0.0168774901  -0.0941691691   0.0047577575
16335  -0.0057251181  -0.0608382853  -0.0069281221  -0.0050925782   0.0078480376
16336   0.0127001509  -0.0001201882  -0.0011108353  -0.0029292247   0.0003410272
16337   0.0001245966   0.0003167906   0.0004704790   0.0000322749   0.0000583979
16338   0.0001024426   0.0000243583   0.0000156534  -0.0000223748   0.0000174794
16339  -0.0000256447  -0.0000223706  -0.0001085830  -0.0000324482   0.0001107528
16340  -0.0002069502  -0.0001490939   0.0003635438  -0.0000015588  -0.0000604287
16341  -0.0000918958  -0.0001387760  -0.0000722583  -0.0000710025   0.0000443643
16342   0.0000620344  -0.0000378965   0.0006302544   0.0001720739   0.0000127904
16343  -0.0011371277   0.0008304396  -0.0002498284  -0.0103151450   0.0103243879
16344  -0.0068077220  -0.0272178928   0.0198957319  -0.0035030752  -0.0101495282
16345   0.0103393714   0.0036983822  -0.0024850549  -0.0336941000  -0.0020610112
16346   0.0023061789   0.0109910979  -0.0037293659   0.0021502564   0.0109901928
16347   0.0039203624   0.0008856611  -0.0013083300  -0.0000541559
164 1   0.0002517831   0.0000169818   0.0002177939  -0.0001487883  -0.0000783286
164 2   0.0001017821  -0.0000076035   0.0000395190  -0.0000017595   0.0001680458
164 3   0.0002580624   0.0000609660  -0.0000456711  -0.0001398168  -0.0000668977
164 4  -0.0000480144  -0.0000293356   0.0000362883   0.0002646112   0.0001083757
164 5   0.0000333221   0.0001564628   0.0000512531   0.0000261481  -0.0001429674
164 6   0.0000533012   0.0002805004   0.0000726311   0.0003520137   0.0004150567
164 7  -0.0000905235  -0.0000543822  -0.0000153250   0.0000245023  -0.0001289344
164 8  -0.0000136081   0.0000502983   0.0000425419   0.0000549211  -0.0005251039
164 9   0.0002598744  -0.0003238129   0.0004812400  -0.0004190116  -0.0003277455
16410   0.0000833168   0.0000989982   0.0000458282   0.0000796832   0.0000200004
16411  -0.0000549111   0.0000284854  -0.0003266683   0.0002494520   0.0001460586
16412   0.0000485320  -0.0008158254  -0.0001740042   0.0000696289  -0.0000833569
16413  -0.0001575042  -0.0000211590  -0.0000788514   0.0000640150  -0.0000470730
16414  -0.0000410527   0.0001182367  -0.0000747486   0.0002984876  -0.0001767942
16415  -0.0002326067  -0.0000126547   0.0002138050   0.0001896129  -0.0004406158
16416  -0.0002697182   0.0000792360  -0.0002313642  -0.0000529085  -0.0000163970
16417  -0.0002884978  -0.0001196725  -0.0001244639   0.0001526933  -0.0001918096
16418  -0.0003096979  -0.0001291361   0.0001079795  -0.0001138552   0.0000208265
16419  -0.0002214806  -0.0000465009  -0.0000978300   0.0002258378   0.0002660782
16420  -0.0001075798  -0.0001073144  -0.0000306426   0.0000016522  -0.0000241151
16421   0.0000012133   0.0000346882   0.0000673621  -0.0000432901   0.0001138256
16422   0.0000183685   0.0000285386  -0.0003369685   0.0000613505   0.0000170566
16423   0.0000986377   0.0001040302   0.0000517795  -0.0000747193   0.0000820056
16424   0.0001116165  -0.0003070935   0.0002363217   0.0001313583  -0.0004548581
16425  -0.0001489510  -0.0004075055  -0.0002437527   0.0003099508   0.0002225283
16426  -0.0001170496   0.0000977053  -0.0000559307  -0.0000034066  -0.0001092382
16427  -0.0003365587  -0.0001182083   0.0002429407   0.0002941316  -0.0000931759
16428   0.0004002340  -0.0022402461   0.0007623521  -0.0030317914   0.0016732785
16429   0.0005115906   0.0008961687   0.0005625704   0.0004402568  -0.0001328724
16430   0.0001753530  -0.0001227315   0.0042876011   0.0019908417  -0.0006126428
16431  -0.0057244978  -0.0021558932  -0.0001337687   0.0094504116  -0.0051680973
16432   0.0008174024  -0.0456119929  -0.0263563419  -0.0016624414  -0.0778589775
16433  -0.1602952069  -0.0009244292   0.0183174803   0.6152171427   0.0071223734
16434   0.0624783985  -0.1403614686   0.0079146691  -0.0060332207  -0.2093114787
16435  -0.0108260769   0.0087744629   0.0184499039  -0.0021984863   0.0041763983
16436  -0.0004605988   0.0010527703   0.0014663319  -0.0006751109   0.0000157535
16437   0.0000040320   0.0001638975   0.0003253060  -0.0000171333   0.0000016414
16438   0.0000905857  -0.0000092672   0.0000105128   0.0000044854  -0.0000014345
16439   0.0000092644  -0.0000043177  -0.0000066103   0.0000667804   0.0000168814
16440  -0.0000341363   0.0000196520   0.0000187544  -0.0000557522   0.0000223396
16441  -0.0000152884  -0.0000268785  -0.0000381031  -0.0000142682  -0.0000055038
16442   0.0000292920  -0.0000589286  -0.0013069597  -0.0004040895   0.0001638638
16443   0.0006485135   0.0011845844  -0.0000043170   0.0188438622  -0.0130227250
16444   0.0012688395  -0.0142144705   0.0086875626  -0.0021774484   0.0232958338
16445  -0.0165359897   0.0035116226   0.0004635542  -0.0151065950  -0.0004680146
16446   0.0003733137  -0.0266826031  -0.0043149048   0.0003387371  -0.0282333906
16447   0.0023536716  -0.0011386800  -0.0009920041  -0.0002159271
165 1   0.0000307778   0.0003870176  -0.0003011457   0.0002552972   0.0000347333
165 2  -0.0000926070  -0.0000240491   0.0002653284   0.0000100598   0.0001255864
165 3   0.0001550283   0.0001601342  -0.0001591239  -0.0001211206  -0.0001757950
165 4  -0.0002255074   0.0003493079   0.0001645708   0.0000192484  -0.0000986591
165 5  -0.0000539449   0.0002347341  -0.0004332975  -0.0002546256   0.0003790424
165 6   0.0001974492   0.0002498559   0.0000064751  -0.0003108172  -0.0006617919
165 7  -0.0002150959  -0.0000548266   0.0005087837  -0.0000304844   0.0000761712
165 8  -0.0000034343   0.0001812102   0.0002142245   0.0000959862  -0.0009555415
165 9  -0.0001935469  -0.0008562193   0.0002108704   0.0001225583   0.0006556058
16510  -0.0000527160   0.0003731229   0.0003169664   0.0000568777  -0.0004451713
16511   0.0002190156  -0.0000522849  -0.0003777477   0.0000120087  -0.0000336659
16512   0.0003542035  -0.0001814571  -0.0001980124  -0.0002741716   0.0003861775
16513  -0.0006704786  -0.0000185316  -0.0001891128   0.0004264948   0.0001975340
16514  -0.0004966438  -0.0001101758   0.0001325609  -0.0000370196   0.0000166401
16515   0.0001501111  -0.0000172216  -0.0002149531  -0.0003505808   0.0000544086
16516   0.0005656565  -0.0000816469  -0.0001184665  -0.0003888581   0.0001744619
16517  -0.0005275209  -0.0001165341  -0.0002172374   0.0002106854  -0.0001390607
16518   0.0002512643  -0.0001425070   0.0000489583  -0.0005674491   0.0000718627
16519   0.0000761857  -0.0003741808  -0.0000369433   0.0001724818   0.0004662370
16520  -0.0000439365   0.0002431871  -0.0000225404  -0.0003439389  -0.0002332003
16521   0.0000569161   0.0003781925   0.0004195141   0.0000613754  -0.0003117279
16522   0.0000599752  -0.0003195474  -0.0003261961  -0.0004079670  -0.0003650060
16523   0.0006877394   0.0008032609  -0.0002109686   0.0005181517  -0.0001376893
16524  -0.0002312913   0.0000597029  -0.0003199081  -0.0001923996   0.0001997122
16525   0.0000181398  -0.0002486868  -0.0000697633  -0.0010279235   0.0002186704
16526  -0.0010394177   0.0001724197   0.0001074469  -0.0003232280   0.0013665948
16527   0.0000634174   0.0008560426  -0.0014081760  -0.0001290715   0.0001546307
16528   0.0005096671  -0.0004645136  -0.0010795293   0.0013347271   0.0000681855
16529  -0.0002847833  -0.0007232038  -0.0001252188  -0.0004537560   0.0001511720
16530   0.0004954578   0.0006441131  -0.0023643666  -0.0013335398  -0.0001318471
16531   0.0026440154   0.0010198046  -0.0006069570  -0.0028694287   0.0003999040
16532   0.0028113100   0.0024744226   0.0043721759   0.0067499831  -0.0226463177
16533  -0.0081565276  -0.0489809772   0.0497251590   0.0071223734   0.1157861345
16534  -0.0135187439   0.0058925830  -0.0555106662  -0.0043309533  -0.0050562028
16535  -0.0548776826  -0.0006325387  -0.0022646409   0.0071631485  -0.0017775240
16536  -0.0012276171   0.0030206266   0.0001374996   0.0007807294   0.0005493065
16537  -0.0001266846   0.0000299032   0.0003104064  -0.0000273898  -0.0000290416
16538   0.0001445973  -0.0000295533   0.0000027464  -0.0000040159  -0.0000186203
16539   0.0000133687  -0.0000172979   0.0000658645   0.0000509638   0.0001572516
16540  -0.0000988956   0.0000207224   0.0003898437  -0.0000205705   0.0000269129
16541   0.0000443524   0.0000302005   0.0000023011  -0.0001055516  -0.0000265067
16542  -0.0000197861  -0.0000778137  -0.0000429266   0.0000224768   0.0000336159
16543  -0.0000178466  -0.0000023998  -0.0012385333  -0.0229074391   0.0133734018
16544   0.0063194323  -0.0001591295  -0.0004640392  -0.0021870374   0.0170145093
16545  -0.0087677645   0.0095962111  -0.0000008867  -0.0021361912  -0.0024832325
16546  -0.0039675840  -0.0237678936   0.0065921499   0.0034191817   0.0216918545
16547   0.0097106187   0.0000324687  -0.0003411323  -0.0013490491
166 1   0.0001545571  -0.0001011368  -0.0000402074   0.0000663560  -0.0001246609
166 2   0.0001196627  -0.0000340579  -0.0000542031   0.0002065717   0.0000382034
166 3  -0.0000593788   0.0000750799  -0.0000414328  -0.0002193205  -0.0000007920
166 4   0.0001254516   0.0000089540  -0.0000152217   0.0000540326   0.0000581120
166 5   0.0000471304  -0.0002418432  -0.0000080887   0.0001713674  -0.0000808427
166 6  -0.0001044682  -0.0000851862  -0.0000207902   0.0002839811   0.0000392006
166 7   0.0001282207  -0.0002444388  -0.0001055079   0.0000149683  -0.0000193864
166 8   0.0000329707   0.0001578371   0.0000818809   0.0000742281   0.0001740606
166 9   0.0000231723  -0.0000438505   0.0002027782  -0.0003999592  -0.0002127903
16610   0.0001768013   0.0001096595   0.0000279758  -0.0000940299   0.0000306940
16611   0.0000649095   0.0000517146  -0.0000282352   0.0000014174   0.0000700460
16612  -0.0001452522  -0.0001404763   0.0000317619   0.0001288622  -0.0000130794
16613   0.0000342510   0.0000733812   0.0001855289  -0.0000780964   0.0000369060
16614   0.0000421450  -0.0000004781   0.0000196537  -0.0000607344  -0.0000729691
16615   0.0000426108   0.0000867606  -0.0002136503   0.0000018511  -0.0000772944
16616  -0.0001404634  -0.0000487058   0.0000316869   0.0002652773   0.0000849757
16617   0.0001741811  -0.0000262411  -0.0000722209  -0.0000033228   0.0000117684
16618   0.0001357739  -0.0000257550  -0.0001379135   0.0002017314   0.0000377040
16619   0.0000026552   0.0001670708  -0.0000154220   0.0001202448  -0.0000412366
16620   0.0002539453  -0.0000743190  -0.0001457204  -0.0000515672   0.0000800299
16621   0.0000321558  -0.0000049645  -0.0000463024  -0.0000314842   0.0000330260
16622   0.0000235979  -0.0000114299   0.0002152035   0.0002566128   0.0000537953
16623   0.0000375596  -0.0002373175   0.0001693991  -0.0001927940   0.0000942182
16624   0.0000485433  -0.0001417308  -0.0001868392  -0.0000430394  -0.0000370046
16625   0.0001250631   0.0002796827   0.0000807974  -0.0003756880   0.0002551794
16626   0.0005275060  -0.0001638529  -0.0004919339   0.0002076555   0.0001104185
16627   0.0000451698  -0.0001997205   0.0001365994  -0.0001406561  -0.0000340324
16628  -0.0003372534   0.0006188565   0.0001340200   0.0019487522  -0.0004868030
16629  -0.0001250152  -0.0007899206  -0.0004026958  -0.0003659163   0.0001442837
16630   0.0000645361   0.0001099382  -0.0032346670  -0.0008547786  -0.0000747864
16631   0.0036805206   0.0010135737   0.0002899846  -0.0043990595   0.0012996145
16632  -0.0001453604   0.0019532775   0.0027666859   0.0003779539  -0.0452986189
16633   0.0091278814  -0.0050763827  -0.1669289179   0.0624783985  -0.0135187439
16634   0.5137803852   0.0662707835  -0.0044765236   0.0013579317   0.0079845407
16635   0.0007516397   0.0026568207  -0.0040820424   0.0005348058  -0.0018900681
16636  -0.0010119856  -0.0003217229  -0.0002986377   0.0003234970  -0.0001842751
16637  -0.0000193787  -0.0000707265  -0.0001799025  -0.0000116008   0.0000029348
16638  -0.0000637359  -0.0000047254  -0.0000068851   0.0000137249  -0.0000028552
16639   0.0000052015   0.0000148666   0.0000347138   0.0000096537  -0.0001182011
16640   0.0001303787   0.0000511315  -0.0003250846   0.0000154477   0.0000162239
16641   0.0000320065   0.0000217121   0.0000084490   0.0000425578  -0.0000043980
16642  -0.0000240947   0.0000033161   0.0000969826   0.0000474935  -0.0000415211
16643  -0.0017603002   0.0003288120   0.0000630944  -0.0450010369  -0.0050736812
16644   0.0053055936  -0.2123720769  -0.1376363396   0.0095185813  -0.0436960253
16645   0.0044332125   0.0060274107   0.0003508613  -0.0034933361   0.0000229389
16646  -0.0000097508  -0.0014006968  -0.0003553723  -0.0004491812  -0.0022991563
16647   0.0008362962  -0.0001039934   0.0001535015   0.0000210550
167 1  -0.0001718920   0.0001059729   0.0000933232  -0.0001014652   0.0001516224
167 2  -0.0001175057   0.0000390812   0.0000996482  -0.0002179197   0.0000200424
167 3   0.0000625913  -0.0000601258   0.0000185306   0.0002787070  -0.0000139217
167 4  -0.0001208631  -0.0000095324   0.0000250520  -0.0000450490  -0.0000609488
167 5  -0.0000821082   0.0002218309  -0.0000259626  -0.0002209874   0.0002586956
167 6   0.0001886461   0.0001979336  -0.0003256766  -0.0004108616  -0.0005555321
167 7  -0.0001518449   0.0003583282   0.0001700806  -0.0000196982   0.0000483833
167 8  -0.0000523425  -0.0001745617  -0.0001028903  -0.0000435020  -0.0001329633
167 9  -0.0001945079   0.0001896031  -0.0003550795   0.0009745291  -0.0005933022
16710  -0.0002781242  -0.0000874743   0.0000104537   0.0001397385  -0.0001290927
16711  -0.0000701519  -0.0000240578   0.0001000842  -0.0000268951  -0.0001391082
16712   0.0001874209   0.0000560552   0.0000042377  -0.0000878219   0.0000436817
16713  -0.0001654926  -0.0000903607  -0.0003096057   0.0001471675  -0.0000171576
16714  -0.0001305271   0.0000193661  -0.0000540820   0.0001051047   0.0000749535
16715  -0.0001046459  -0.0000685205   0.0002046298   0.0000206436   0.0001377173
16716   0.0002952576   0.0000817672  -0.0000516574  -0.0003897210  -0.0000501415
16717  -0.0002665461   0.0000027875  -0.0000265128   0.0000254168  -0.0000544681
16718  -0.0001533558   0.0000413679   0.0001587300  -0.0003390130  -0.0000309172
16719  -0.0000196467  -0.0002436741   0.0000069002  -0.0001866693   0.0001182398
16720  -0.0003350075   0.0000972779   0.0001715618   0.0000507081  -0.0001466477
16721  -0.0000503615   0.0000846569   0.0001727035   0.0000388078  -0.0001162767
16722  -0.0001066041   0.0000705323  -0.0004408602  -0.0003846406  -0.0001124725
16723   0.0000782653   0.0004209382  -0.0003002302   0.0003474031  -0.0001683560
16724  -0.0000593939   0.0000626449   0.0002610541  -0.0000558475   0.0001006934
16725  -0.0001612329  -0.0003200931  -0.0000438234   0.0003759123  -0.0004129447
16726  -0.0007552719   0.0001960694   0.0006443340  -0.0002835152   0.0000648985
16727   0.0003638113   0.0003804209  -0.0006078447   0.0000299346   0.0000837310
16728   0.0005091860   0.0003023204  -0.0005529835  -0.0006529237  -0.0001810657
16729   0.0000418648   0.0002185466   0.0002002532   0.0002898216   0.0001623444
16730  -0.0002943569   0.0000104119   0.0011547059   0.0005537639   0.0001146242
16731  -0.0021537349   0.0002477990  -0.0001543476   0.0029136027  -0.0001518527
16732   0.0000845014  -0.0067064569  -0.0027839937  -0.0007870180  -0.0023284619
16733   0.0169152942   0.0007741573   0.0517934375  -0.1403614686   0.0058925830
16734   0.0662707835   0.5396180221   0.0024927314   0.0211713977  -0.0223190868
16735   0.0031476897  -0.0045125435  -0.0017279679  -0.0008214124  -0.0008656704
16736   0.0008934931  -0.0000654424   0.0001303278  -0.0008547379   0.0004840858
16737   0.0000050870   0.0000630369   0.0001976953   0.0000047887   0.0000052114
16738   0.0000725403   0.0000069688   0.0000030282  -0.0000163276   0.0000043152
16739  -0.0000072679  -0.0000180190  -0.0000330589  -0.0000290636   0.0001595153
16740  -0.0001619843  -0.0000749951   0.0004321943  -0.0000084631  -0.0000325259
16741  -0.0000343992  -0.0000159495   0.0000018307  -0.0000585125   0.0000039837
16742   0.0000131195  -0.0000051697  -0.0000964426  -0.0000610569   0.0000171700
16743  -0.0022707194  -0.0010865896  -0.0003330044  -0.0061730592  -0.1003578998
16744   0.1037996517  -0.1235337236  -0.1444571320   0.0071195182   0.0020772827
16745  -0.1412131222  -0.1189669632   0.0035134747  -0.0002685216   0.0000512526
16746   0.0001964132  -0.0012014107   0.0005532530   0.0004823257  -0.0018777794
16747  -0.0014150405   0.0001320248  -0.0000714645   0.0000889878
168 1  -0.0000805532   0.0000109997   0.0000230852   0.0000042749   0.0000269056
168 2  -0.0000046407  -0.0000215408   0.0000139849  -0.0000779787   0.0000345512
168 3  -0.0000177439  -0.0000232434   0.0000192258   0.0000645756   0.0000701760
168 4  -0.0000284649  -0.0000183834   0.0000009245  -0.0000533856  -0.0000448645
168 5  -0.0000032847   0.0000324801   0.0000065667  -0.0000744844   0.0001056994
168 6   0.0000271999   0.0000652050  -0.0006656271  -0.0004076198  -0.0010735845
168 7  -0.0000241769   0.0001176165   0.0000395503   0.0000066353   0.0000186547
168 8  -0.0000105537  -0.0000879544  -0.0000809607  -0.0000206554   0.0000986648
168 9  -0.0000794517  -0.0000139589  -0.0000751415   0.0007257612  -0.0020937180
16810  -0.0000590375  -0.0000935985  -0.0000108019  -0.0000041673   0.0000237944
16811  -0.0000714610  -0.0000234998   0.0001223094  -0.0000517804   0.0000188494
16812  -0.0000469275   0.0001423246   0.0000022728   0.0000609334  -0.0001105300
16813   0.0000212131   0.0000261632   0.0000043506  -0.0000019809   0.0000088763
16814   0.0000212057  -0.0000118906  -0.0000062268   0.0000370769   0.0000291101
16815  -0.0000058822   0.0000143649   0.0000408501   0.0000118835   0.0001162178
16816   0.0001404140   0.0000198900   0.0000202072  -0.0001299723  -0.0000269399
16817  -0.0000483615   0.0000220984   0.0000232471  -0.0000132749   0.0000291985
16818   0.0000060591   0.0000303979   0.0000536384  -0.0000647184  -0.0000533420
16819   0.0000203410  -0.0000360415  -0.0000018231  -0.0001181757   0.0000369804
16820  -0.0001223842   0.0000056553   0.0000033687   0.0000183258  -0.0000590963
16821   0.0000024095   0.0000028227   0.0000000141  -0.0000474201  -0.0000788477
16822  -0.0000490961   0.0000201199  -0.0000003176  -0.0000126819  -0.0000136670
16823  -0.0000437236  -0.0000513283  -0.0000430133   0.0000765959   0.0000066813
16824  -0.0000450521   0.0000153062   0.0000214290  -0.0000299493   0.0000095476
16825  -0.0000565961  -0.0000530897   0.0000577505   0.0002471872  -0.0002062403
16826  -0.0001610226   0.0000334722   0.0002410396  -0.0000886131  -0.0001040966
16827   0.0001365031   0.0000664306   0.0000027533   0.0000502509  -0.0000652066
16828   0.0001630362   0.0002813110  -0.0003200047   0.0000886964  -0.0003196161
16829   0.0002364920  -0.0000043945   0.0000201329   0.0001251305   0.0000578641
16830  -0.0001959385  -0.0000626514   0.0000534256   0.0001274764  -0.0002974427
16831  -0.0000376145  -0.0001704198   0.0000204206  -0.0000597679   0.0000523364
16832   0.0001924800   0.0011710422  -0.0000930411  -0.0026515686  -0.0012173408
16833   0.0008497849  -0.0010305634  -0.0168774901   0.0079146691  -0.0555106662
16834  -0.0044765236   0.0024927314   0.5229699380   0.0019861620  -0.0011764952
16835  -0.0007196075  -0.0002352148  -0.0001874062   0.0037551351   0.0001481445
16836   0.0004888269   0.0011714014  -0.0000985353   0.0000746230   0.0000381864
16837   0.0000221998   0.0000077711   0.0000003738   0.0000067987   0.0000095030
16838   0.0000009598   0.0000075272  -0.0000004070  -0.0000041451   0.0000064580
16839  -0.0000051040  -0.0000044343  -0.0000189478  -0.0000278097   0.0000401675
16840  -0.0000508770  -0.0000366477   0.0001221649   0.0000002168  -0.0000052688
16841  -0.0000008057  -0.0000015030   0.0000068243  -0.0000088329   0.0000066577
16842   0.0000025241  -0.0000025878   0.0000122122   0.0000401427   0.0002877768
16843  -0.0000660534  -0.0003137535   0.0000353483   0.0078868299   0.1024624653
16844  -0.2325771515   0.0078542248   0.0061828228  -0.0437802254   0.0038976498
16845  -0.1182636370  -0.1859483400   0.0002431046  -0.0001472189   0.0005491509
16846   0.0000808268  -0.0029609310  -0.0014721876   0.0001562163   0.0024505628
16847  -0.0011668609   0.0000167226   0.0000008836  -0.0005013238
169 1   0.0001882588   0.0000584359  -0.0000735911   0.0000680365  -0.0000882252
169 2   0.0000483499   0.0000055531   0.0000077161   0.0000366384   0.0000875477
169 3   0.0000407835   0.0000505505  -0.0001133828  -0.0002422916  -0.0000763396
169 4  -0.0000262271   0.0001138685   0.0000091236   0.0001467456   0.0000491370
169 5   0.0000035689  -0.0000404523  -0.0000898477  -0.0000107525  -0.0000566681
169 6   0.0000074732   0.0001349499   0.0000298970   0.0001955091  -0.0002328417
169 7  -0.0000566593  -0.0001510922   0.0000386190  -0.0000010321  -0.0000507104
169 8  -0.0000309526   0.0000710909   0.0001555160   0.0000600328  -0.0001091229
169 9   0.0000691380   0.0000339907  -0.0002726366   0.0002877204   0.0004332932
16910   0.0000919355   0.0002535685   0.0000490925   0.0000782699  -0.0000928404
16911   0.0000849601  -0.0000394400  -0.0001876287   0.0000578023  -0.0000252595
16912   0.0000921598  -0.0019457192  -0.0005063085   0.0000002644   0.0005647124
16913  -0.0002856109  -0.0000007755  -0.0000399666   0.0000810656  -0.0000179792
16914  -0.0001231644   0.0000445641  -0.0000113375   0.0000276589  -0.0001029308
16915  -0.0001220198   0.0000010606  -0.0001115701  -0.0000307944  -0.0001764807
16916  -0.0000225728  -0.0000579889  -0.0000658591   0.0000149213  -0.0000055829
16917  -0.0000670635  -0.0000475962  -0.0001135682   0.0001843964  -0.0000849800
16918   0.0000465692  -0.0000896094  -0.0000646116  -0.0000325399   0.0001057409
16919  -0.0000340917  -0.0000226372   0.0000436970   0.0001913700   0.0001984331
16920   0.0000822114  -0.0000109235  -0.0000689073  -0.0001264481  -0.0000162533
16921   0.0000402529   0.0001293918   0.0001501193   0.0000571004   0.0000712912
16922   0.0000567123  -0.0000222479  -0.0001419305  -0.0000569073  -0.0000251921
16923   0.0002617768   0.0001333350  -0.0000427867   0.0001185603   0.0001418403
16924  -0.0000245632  -0.0000498923   0.0001360012   0.0000947499  -0.0001597204
16925   0.0000409374  -0.0000004649  -0.0000195668  -0.0003421417   0.0001366091
16926  -0.0000730215   0.0000040281  -0.0001392431  -0.0000281736   0.0003830362
16927   0.0000099529   0.0001131472  -0.0003573315  -0.0000711226   0.0000133424
16928   0.0001913327  -0.0000330402  -0.0000502305   0.0005793588   0.0000878209
16929   0.0000169916  -0.0003270840  -0.0001065287  -0.0001603466   0.0000635608
16930   0.0001324254   0.0001603475  -0.0011039852  -0.0003452808  -0.0001830684
16931   0.0011294066   0.0001678665   0.0000863603  -0.0007807410  -0.0016808736
16932   0.0001570815  -0.0046354705   0.0010775713  -0.0007213619  -0.0054931931
16933  -0.0352540123  -0.0008359264  -0.0941691691  -0.0060332207  -0.0043309533
16934   0.0013579317   0.0211713977   0.0019861620   0.5951302555   0.0019687592
16935  -0.0016726870  -0.0027373911  -0.0032852122  -0.0006280146  -0.0001047361
16936  -0.0011477383   0.0000298315   0.0000629280  -0.0000731312  -0.0000811016
16937  -0.0000380073  -0.0000011917   0.0000423571  -0.0000138956  -0.0000077670
16938   0.0000197131  -0.0000118159   0.0000000842   0.0000043828  -0.0000062502
16939   0.0000074863  -0.0000005688   0.0000265988   0.0000275992  -0.0000065362
16940   0.0000126103   0.0000305527   0.0000046772  -0.0000002243   0.0000136664
16941   0.0000176967   0.0000086740  -0.0000045370  -0.0000052571  -0.0000105368
16942  -0.0000085869  -0.0000233300  -0.0004117846  -0.0001162496   0.0000971316
16943   0.0001066185  -0.0000137486   0.0000414075  -0.0011440787   0.0010348944
16944   0.0001606786  -0.0000844416   0.0039724148  -0.0000307020  -0.0023371284
16945   0.0020481399  -0.0005738995  -0.2992225876  -0.0530396300  -0.0098061883
16946  -0.1002094496   0.0350374734   0.0959788303  -0.0827829380   0.0360350664
16947  -0.0785345088  -0.0024049219  -0.0018650400  -0.0003858337
170 1  -0.0003705523  -0.0001872471  -0.0000372574  -0.0000171999   0.0001521339
170 2  -0.0001257743   0.0000763522  -0.0001101839  -0.0000788452  -0.0002541157
170 3  -0.0002903969  -0.0001846591   0.0001972560   0.0004507599   0.0001095383
170 4   0.0001351807  -0.0001903658  -0.0001094782  -0.0003593881  -0.0001372695
170 5  -0.0000913341  -0.0001587841   0.0001178439  -0.0000112980   0.0001611351
170 6  -0.0000367486  -0.0003079548   0.0000438813  -0.0002883914   0.0003201687
170 7   0.0001048093   0.0002509938  -0.0001120721   0.0000105292   0.0001103339
170 8   0.0000295136  -0.0001377368  -0.0002878708  -0.0001891283   0.0004231390
170 9  -0.0003960014  -0.0000506197   0.0003229970  -0.0004665808  -0.0010104988
17010  -0.0002043894  -0.0004165047  -0.0001315037  -0.0001972690   0.0001172187
17011  -0.0001204333  -0.0000221429   0.0004938454  -0.0002930754  -0.0002311986
17012  -0.0001246365   0.0029412415   0.0004097951   0.0001696000  -0.0001717139
17013   0.0004872609   0.0000134178   0.0001355338  -0.0002272369   0.0000118111
17014   0.0002934122  -0.0001198817   0.0000149241  -0.0001947783   0.0002308701
17015   0.0001963477   0.0001113712   0.0000048066  -0.0000126783   0.0004776401
17016   0.0001401509   0.0000304314   0.0002426640   0.0001175330  -0.0000027026
17017   0.0003810031   0.0001870839   0.0002251139  -0.0003475651   0.0002454303
17018   0.0001122907   0.0002359331  -0.0000073864   0.0002253118  -0.0001730884
17019   0.0001744932   0.0001518484  -0.0000088406  -0.0003817895  -0.0004768380
17020  -0.0001191852   0.0000388920   0.0001145692   0.0002189315   0.0000965021
17021  -0.0000712420  -0.0002513649  -0.0002540167   0.0000058399  -0.0000361946
17022  -0.0001801033   0.0001383486   0.0004241568   0.0000701879   0.0000620524
17023  -0.0004154331  -0.0003980383  -0.0000068773  -0.0001129277  -0.0001760938
17024  -0.0000370971   0.0003816109  -0.0000710444  -0.0001133624   0.0005784647
17025   0.0000123871   0.0002636079   0.0002398706   0.0005403729  -0.0004890056
17026   0.0002886424  -0.0000868298   0.0002880164   0.0000510946  -0.0006084120
17027   0.0005990561  -0.0001876251   0.0004245528   0.0001027597  -0.0000208226
17028  -0.0001581834   0.0016749888  -0.0004553279   0.0024368816  -0.0018839418
17029  -0.0002251201  -0.0006942026  -0.0004163597  -0.0000654166   0.0004183896
17030  -0.0006547351  -0.0001781363  -0.0032621605  -0.0005770123   0.0006730524
17031   0.0024716142   0.0027287694   0.0000062745  -0.0015430748  -0.0004749584
17032  -0.0001439588   0.0018445057   0.0052266642   0.0001825259  -0.0247544167
17033  -0.0244180383  -0.0049700338   0.0047577575  -0.2093114787  -0.0050562028
17034   0.0079845407  -0.0223190868  -0.0011764952   0.0019687592   0.4569302187
17035  -0.0043336189   0.0070760412   0.0021230245   0.0018596307  -0.0028128857
17036  -0.0046169477  -0.0002173222   0.0006764407   0.0002846887   0.0004796335
17037   0.0000668278  -0.0001058913  -0.0003369296   0.0000225858   0.0000254868
17038  -0.0001083619   0.0000349787  -0.0000114822  -0.0000084174   0.0000196487
17039  -0.0000200984   0.0000054181  -0.0000441404  -0.0001049650  -0.0000080085
17040   0.0000086774  -0.0000804474  -0.0000434489   0.0000139554  -0.0000299801
17041  -0.0000200048   0.0000157449   0.0000459552   0.0000216220   0.0000236451
17042  -0.0000094806   0.0000691688   0.0000438706   0.0001049055  -0.0000030143
17043  -0.0000170401  -0.0001872505  -0.0000925671  -0.0007393632   0.0002940107
17044  -0.0005530618  -0.0031842761   0.0001386762  -0.0000767562  -0.0007217956
17045  -0.0001232434   0.0014261583  -0.0672403795  -0.0588760852  -0.0036120664
17046   0.0368595953  -0.0650901138  -0.0642527868   0.0375678046  -0.0802910925
17047   0.0782941848   0.0006676646  -0.0002511756   0.0003520682
171 1   0.0001545307  -0.0000123815   0.0000008862  -0.0000115764  -0.0000479903
171 2   0.0000431734   0.0000515899   0.0000195225   0.0001480406   0.0000201821
171 3   0.0000883397   0.0001457038  -0.0000309019  -0.0001171601  -0.0000371392
171 4   0.0000468736   0.0000343527   0.0000207956   0.0000807716   0.0000488406
171 5   0.0000158383   0.0000126177  -0.0000816187   0.0001034924  -0.0001485790
171 6  -0.0000713533   0.0000855144   0.0000499751   0.0002190396   0.0001057232
171 7  -0.0000010695  -0.0001441445   0.0000356501   0.0000179114  -0.0000302337
171 8   0.0000334972   0.0001081087   0.0000998186   0.0000982503  -0.0002427069
171 9   0.0000344893  -0.0003377841   0.0001889680  -0.0002294888  -0.0005483475
17110   0.0000877622   0.0001049735   0.0000745980  -0.0000242826  -0.0000684628
17111   0.0000825067   0.0000773287  -0.0002061740   0.0000553461  -0.0000705012
17112   0.0002870702  -0.0050792700  -0.0000863901  -0.0000410873  -0.0000234769
17113  -0.0000524747   0.0000260502   0.0000155121  -0.0000028939   0.0000406400
17114  -0.0000096235   0.0000806410  -0.0000830131   0.0001480959  -0.0001071696
17115  -0.0000341072   0.0000765820  -0.0000558936   0.0000013975  -0.0001685784
17116  -0.0001187964  -0.0000023154  -0.0000733958   0.0001593642   0.0000818051
17117  -0.0001099094  -0.0000933437  -0.0001075292   0.0000236066  -0.0000433652
17118   0.0000086788  -0.0000887303  -0.0000309370   0.0000113877   0.0000091940
17119  -0.0000803210  -0.0000141456  -0.0000531909   0.0001304561   0.0001586484
17120  -0.0001316060   0.0000033644  -0.0000935599  -0.0000701492   0.0000068722
17121   0.0000084457   0.0000484823   0.0001432905  -0.0000200206  -0.0000546346
17122  -0.0001214078  -0.0000542092  -0.0001177797   0.0000805325  -0.0000199998
17123   0.0001014920   0.0000141066   0.0000466323  -0.0000519935   0.0000020802
17124   0.0000088073  -0.0002704056  -0.0000917431  -0.0000078685  -0.0001141250
17125   0.0000295304  -0.0000362063  -0.0000885556  -0.0003664079   0.0002809962
17126  -0.0000202373  -0.0000119298  -0.0002584634   0.0000715244   0.0003304015
17127  -0.0001522311   0.0000753870  -0.0002144122  -0.0000553486   0.0000313712
17128   0.0000093110  -0.0005585367   0.0000890917  -0.0001613348   0.0005640045
17129  -0.0001296455  -0.0000448523  -0.0000046926  -0.0000537360  -0.0000464785
17130   0.0003033437   0.0001376974   0.0000173225  -0.0002626124  -0.0002988007
17131   0.0002352034   0.0003406316  -0.0000148441   0.0003582466  -0.0000754547
17132   0.0010621087  -0.0003218855   0.0004835876   0.0039226576   0.0011381506
17133  -0.0012306017  -0.0000398015  -0.0057251181  -0.0108260769  -0.0548776826
17134   0.0007516397   0.0031476897  -0.0007196075  -0.0016726870  -0.0043336189
17135   0.5205144063   0.0009068910   0.0004566905  -0.0026537764  -0.0002971462
17136  -0.0002169275   0.0004663419   0.0001235636   0.0000903385  -0.0000827283
17137  -0.0000382349   0.0000190628   0.0000954511  -0.0000165578  -0.0000065850
17138   0.0000287780  -0.0000136131   0.0000005041   0.0000093974  -0.0000085636
17139   0.0000091646   0.0000032438   0.0000301385   0.0000415102  -0.0000288200
17140   0.0000423570   0.0000513294  -0.0000859792   0.0000000042   0.0000141280
17141   0.0000223242   0.0000069858  -0.0000117303   0.0000082893  -0.0000111938
17142  -0.0000068012  -0.0000290222   0.0000043829  -0.0000270777  -0.0004939219
17143  -0.0000033933  -0.0000950317  -0.0003466025  -0.0022816702   0.0015003814
17144  -0.0014942251  -0.0001603774   0.0001239761   0.0004949555   0.0019623221
17145  -0.0018339417  -0.0010982554  -0.0109427268  -0.0028465619  -0.0435068462
17146   0.0962037608  -0.0607614472  -0.2099614373  -0.0791758032   0.0766649093
17147  -0.2050189764  -0.0007387992  -0.0003343764  -0.0001213656
172 1  -0.0000189913  -0.0002161062   0.0002622374  -0.0001795206  -0.0000868841
172 2   0.0001090592  -0.0000833974  -0.0001119040  -0.0001554750   0.0001007610
172 3   0.0000727295  -0.0000949203  -0.0000177174  -0.0001458309  -0.0000850615
172 4   0.0000923886  -0.0002834407  -0.0001939671   0.0000292804  -0.0000647413
172 5   0.0002756078   0.0001876036   0.0001195323   0.0000306383  -0.0005379073
172 6   0.0000715333   0.0003255000   0.0001889966   0.0001975030  -0.0001547979
172 7   0.0001812055   0.0001709145  -0.0002387222  -0.0001112065   0.0000905008
172 8  -0.0000463844  -0.0004613386   0.0003594750   0.0004009707   0.0007087548
172 9  -0.0002419305   0.0001653296   0.0002921255  -0.0001078815  -0.0003597414
17210   0.0000161001  -0.0002648764  -0.0001802304   0.0002664882   0.0003442133
17211  -0.0003503249   0.0001361206  -0.0001301254   0.0003155863   0.0001004296
17212   0.0001302989   0.0001479602  -0.0000693205   0.0000869043  -0.0002129140
17213   0.0003287969  -0.0000643526  -0.0002262836  -0.0001518220  -0.0001796334
17214   0.0002452686   0.0002358583   0.0000042664   0.0002422078  -0.0001397416
17215  -0.0003282741  -0.0000540183   0.0001956786   0.0004641805  -0.0000701969
17216  -0.0003180842   0.0000773917   0.0000250150   0.0001692011  -0.0003351458
17217   0.0001177973  -0.0003115322  -0.0000928006   0.0001057953   0.0000152586
17218  -0.0002824043  -0.0000012272  -0.0002270498   0.0002400281   0.0002892904
17219   0.0000281475   0.0000533486   0.0002171610   0.0000270701   0.0002614698
17220   0.0000715922  -0.0000984786   0.0001071397   0.0000539468  -0.0000667528
17221   0.0002281634   0.0000675981  -0.0001635488  -0.0000717781  -0.0000154745
17222   0.0000085302   0.0002195263  -0.0001746280  -0.0001418954   0.0002579711
17223  -0.0004786960  -0.0002083692  -0.0001964399   0.0000700787   0.0002212983
17224   0.0001519908  -0.0001450540   0.0005342712   0.0001881378  -0.0003549725
17225   0.0000861131   0.0004268113   0.0000705793   0.0003361724  -0.0003114928
17226   0.0003758736  -0.0001160440   0.0001851139   0.0001012893  -0.0004957766
17227  -0.0010639326  -0.0004029069  -0.0001118159  -0.0017104647   0.0002010573
17228   0.0000196141   0.0052471663  -0.0004551118  -0.0062165209   0.0009638921
17229   0.0002112221   0.0018015632   0.0007836515   0.0006371496  -0.0016222379
17230  -0.0006566639  -0.0006424423   0.0105334728   0.0070344871  -0.0000604310
17231   0.0011898889  -0.0478554370   0.0020445680  -0.0281262606   0.0020557671
17232  -0.0006127668   0.0221390277   0.0332378458  -0.0022908710  -0.2118732224
17233   0.0693921008  -0.0158984305  -0.0608382853   0.0087744629  -0.0006325387
17234   0.0026568207  -0.0045125435  -0.0002352148  -0.0027373911   0.0070760412
17235   0.0009068910   0.6684652675   0.0247166293   0.0222620260  -0.2957934413
17236  -0.0920910701   0.0035626714  -0.0423353588   0.0027582804  -0.0044810820
17237   0.0000971530  -0.0001171246  -0.0001885899   0.0000980633  -0.0000461515
17238  -0.0001504847  -0.0000254652   0.0000239774  -0.0000103839  -0.0000352071
17239  -0.0000068076   0.0000033523  -0.0000619321  -0.0000454765  -0.0001164903
17240  -0.0000239240  -0.0000203197   0.0000037842   0.0001474070  -0.0001805226
17241   0.0000598694  -0.0002005337  -0.0001341127   0.0000810983   0.0000454551
17242   0.0000194957   0.0001200450  -0.0004243349   0.0002459073   0.0001471334
17243   0.0005257458  -0.0021585372  -0.0001149953  -0.0019636503   0.0009545806
17244  -0.0007016458  -0.0011685860   0.0010738689  -0.0002466144  -0.0016438457
17245   0.0009041083  -0.0001682001  -0.0005262689   0.0008680659  -0.0002399159
17246   0.0010778039  -0.0011979103  -0.0000831157   0.0000600971  -0.0011225373
17247  -0.0013332435  -0.0536972543  -0.0142038183  -0.0016686857
173 1   0.0000205267   0.0000238538   0.0000354643   0.0000315922  -0.0000585917
173 2   0.0000619698  -0.0000153653   0.0000159838   0.0000651224  -0.0000175288
173 3  -0.0000308075   0.0000067635  -0.0000468888  -0.0001509365  -0.0001566619
173 4   0.0000019945  -0.0000264600  -0.0000510518  -0.0000073452  -0.0000557921
173 5  -0.0000202196   0.0000309927  -0.0000856656   0.0000286881   0.0000752470
173 6   0.0000957780   0.0002227229  -0.0000233284   0.0000974185  -0.0001020043
173 7  -0.0000267249  -0.0000178955  -0.0000098692   0.0000616883   0.0000532697
173 8  -0.0001745720   0.0003812949   0.0000033761  -0.0003059035  -0.0000233879
173 9  -0.0003262530  -0.0016111618  -0.0000961430  -0.0000352111   0.0000479832
17310   0.0000543324   0.0000650653   0.0000213117  -0.0002162762   0.0000272182
17311  -0.0001948258   0.0000160303  -0.0001464571   0.0005436318  -0.0000106165
17312  -0.0001402840  -0.0000523312  -0.0000124558  -0.0000633674   0.0000855409
17313   0.0000207464   0.0000308953   0.0000029072  -0.0000087780   0.0000159870
17314   0.0000172358   0.0000114346   0.0000919150  -0.0000509673   0.0000223654
17315   0.0001186695   0.0000017014  -0.0000507958   0.0001115248  -0.0000526792
17316  -0.0000272190  -0.0000011697   0.0000048336   0.0000453257   0.0000342595
17317   0.0000470089  -0.0000373082  -0.0001009780   0.0001610468  -0.0000024993
17318   0.0000343488  -0.0000488715  -0.0000784704   0.0000179924   0.0000256926
17319   0.0000560322  -0.0000040935  -0.0000454654   0.0000909980   0.0000626884
17320  -0.0000629091  -0.0000156851  -0.0000613163  -0.0000743895   0.0000047466
17321   0.0000677454  -0.0000018113   0.0000128348  -0.0000157282  -0.0000984189
17322  -0.0000158093  -0.0000699206  -0.0000856560   0.0000396914   0.0000344276
17323  -0.0000675787  -0.0000604547  -0.0000647785  -0.0000455860   0.0000671129
17324  -0.0000187131  -0.0000144735  -0.0001676263   0.0000014003   0.0000668182
17325   0.0001138163   0.0000075495   0.0000191761  -0.0001107282   0.0003488263
17326   0.0000511837   0.0000027327  -0.0000619721  -0.0000141460   0.0002120984
17327  -0.0006633450  -0.0001253562   0.0016166155   0.0017503263   0.0000274016
17328   0.0029320190  -0.0053518599   0.0011331567   0.0014228759  -0.0004590282
17329   0.0001903571  -0.0002199342   0.0002867339  -0.0001401563   0.0000143238
17330   0.0003551481  -0.0001114719   0.0003518247  -0.0060255182   0.0009215009
17331  -0.0284303016  -0.0154415904   0.0003333717   0.0001620530  -0.0019948314
17332  -0.0000625617   0.0231660078  -0.0271948998   0.0036820298   0.1075667001
17333  -0.1801668690   0.0137722183  -0.0069281221   0.0184499039  -0.0022646409
17334  -0.0040820424  -0.0017279679  -0.0001874062  -0.0032852122   0.0021230245
17335   0.0004566905   0.0247166293   0.6830625376  -0.0442446078  -0.1209180173
17336  -0.1550013768   0.0066395511   0.0174895041   0.0130400172   0.0003104598
17337  -0.0000013990  -0.0000249896  -0.0000396983  -0.0000029435  -0.0000166543
17338   0.0000044196   0.0000200412   0.0000087298   0.0000002914   0.0000134852
17339   0.0000116538   0.0000017744  -0.0000033006   0.0000218322   0.0000239340
17340  -0.0000067823   0.0000105501  -0.0000373240  -0.0001525369   0.0001103473
17341   0.0000415590   0.0001480233   0.0001073268   0.0000074477  -0.0000319020
17342   0.0000371850   0.0000070343   0.0000211202   0.0008386906  -0.0001209181
17343  -0.0010322476  -0.0046757075   0.0002721556   0.0002176665  -0.0003452448
17344   0.0000442339  -0.0008683172   0.0006248770  -0.0000872094   0.0001618558
17345  -0.0003324953   0.0001572990   0.0002335993  -0.0005204039   0.0000683320
17346   0.0009210128   0.0010542037  -0.0004536850   0.0003068254   0.0009072603
17347   0.0007066121  -0.0158213237  -0.3226813676   0.0208979558
174 1   0.0000240312  -0.0001030330  -0.0000572685  -0.0000462243   0.0000031509
174 2   0.0000037556  -0.0000688637   0.0000064323  -0.0000610074   0.0000947721
174 3   0.0000597299  -0.0000970751  -0.0000825404   0.0000157612  -0.0000665562
174 4   0.0000500197   0.0000031659   0.0000325826   0.0000057266   0.0000437153
174 5  -0.0000126408   0.0000138558   0.0001708306   0.0000531566  -0.0000262144
174 6  -0.0003917887  -0.0001209944   0.0000528698  -0.0000213865  -0.0001781268
174 7   0.0000994692  -0.0000307574  -0.0000041992  -0.0001246467   0.0000159457
174 8  -0.0000715646  -0.0005221805  -0.0002178332  -0.0004175836  -0.0008517383
174 9   0.0006883716   0.0008806007   0.0000615453   0.0000415661  -0.0000252926
17410  -0.0000305297   0.0000562942  -0.0000652299   0.0003183739  -0.0000230240
17411   0.0000737958  -0.0000738688   0.0002481448  -0.0007632464   0.0002448221
17412   0.0002533134  -0.0002523828  -0.0000279822   0.0000736182  -0.0001417108
17413  -0.0001445060  -0.0000816504  -0.0000888001  -0.0000264880  -0.0000545913
17414  -0.0000109966   0.0001410487  -0.0002280675   0.0001531781  -0.0001321828
17415  -0.0001877071  -0.0000079400  -0.0000328053  -0.0000245759   0.0000552197
17416   0.0000019492  -0.0000016326  -0.0000130892  -0.0000828201  -0.0000362656
17417   0.0000264635   0.0001411857  -0.0000921566  -0.0000023934   0.0000252135
17418  -0.0000041620   0.0000288490  -0.0000358131   0.0000437846   0.0000734593
17419  -0.0000480143  -0.0000417328   0.0001343774  -0.0001025016  -0.0000012303
17420   0.0003196337  -0.0000097994  -0.0000398532   0.0000634958  -0.0000616167
17421   0.0000127787  -0.0000583305   0.0001050634   0.0001334432   0.0001290994
17422  -0.0000213629   0.0003167399   0.0002550085  -0.0001360580   0.0000119053
17423   0.0001994194   0.0000687017  -0.0001204222   0.0001031241   0.0001270887
17424  -0.0001578852   0.0000660517   0.0003173675  -0.0000202606  -0.0004072887
17425   0.0000675409   0.0001267291  -0.0000720107  -0.0001652730  -0.0000448365
17426  -0.0000533895   0.0000310509   0.0000539126   0.0000243829  -0.0001877169
17427  -0.0006306340   0.0001663207  -0.0000147543  -0.0001592879   0.0003093928
17428  -0.0004927387   0.0008527473   0.0015838752  -0.0007012572   0.0001376987
17429  -0.0006110561   0.0004448154  -0.0000281648  -0.0008954966  -0.0004851486
17430   0.0004645232   0.0003116312   0.0006278470   0.0003180935   0.0035910343
17431   0.0017359479   0.0034744382   0.0047022006  -0.0003437412  -0.0005841763
17432  -0.0028241911  -0.0010188589   0.0035888954   0.0068064848  -0.0118327894
17433   0.0117117289  -0.0557189514  -0.0050925782  -0.0021984863   0.0071631485
17434   0.0005348058  -0.0008214124   0.0037551351  -0.0006280146   0.0018596307
17435  -0.0026537764   0.0222620260  -0.0442446078   0.1020089210   0.0001764697
17436   0.0043382755  -0.0453160121  -0.0048518830  -0.0006059296   0.0024898685
17437  -0.0000123913  -0.0000450477  -0.0000473251   0.0000329003  -0.0000132370
17438  -0.0000114299  -0.0000026757   0.0000030777  -0.0000105040  -0.0000023665
17439   0.0000030210  -0.0000070957  -0.0000216215   0.0000120618   0.0000049893
17440  -0.0000162343   0.0000061331   0.0000420169   0.0000332995  -0.0000710624
17441  -0.0000322055  -0.0000021377   0.0000016792   0.0000349157   0.0000013678
17442   0.0000040286   0.0001172329   0.0000383893  -0.0002424604  -0.0004471529
17443   0.0000303152   0.0003834807   0.0032666994   0.0008138231  -0.0000373735
17444  -0.0001524686  -0.0001267481   0.0000959476   0.0003931478  -0.0006712594
17445   0.0004072710  -0.0000087788  -0.0001828720   0.0002243903   0.0001502959
17446   0.0001182955   0.0001768353   0.0002807696   0.0008780355  -0.0002238346
17447  -0.0000149392  -0.0001782161   0.0213872760  -0.0280532326
175 1   0.0000304096   0.0002418638  -0.0000288225  -0.0000513419   0.0001698369
175 2  -0.0000730541   0.0000390706   0.0001362831   0.0000966824  -0.0001520433
175 3   0.0000957563  -0.0000304397   0.0001705458   0.0003234840  -0.0000518826
175 4  -0.0001727002   0.0001410805   0.0002735460   0.0000203106   0.0001153386
175 5  -0.0003189306   0.0000744401   0.0000511668  -0.0001559534   0.0001561110
175 6   0.0000919107  -0.0000938583  -0.0000167670  -0.0003795993   0.0001347746
175 7  -0.0001664069  -0.0001219830   0.0002225843   0.0001591997   0.0000010914
175 8   0.0000443421   0.0004058311  -0.0008186499  -0.0028529621  -0.0010300815
175 9   0.0002499491   0.0026259373  -0.0000615331   0.0001187117   0.0001789110
17510  -0.0001244575   0.0002465849   0.0000926164   0.0001332759  -0.0004470111
17511  -0.0000051832  -0.0003148363  -0.0001211080   0.0002412430   0.0001295529
17512   0.0000528835  -0.0001185035   0.0000033349  -0.0000604830   0.0000715029
17513  -0.0002930086  -0.0000364830   0.0000537246   0.0001670374   0.0000574056
17514  -0.0001893594  -0.0000931211  -0.0000652208  -0.0000460114   0.0001028444
17515   0.0000572024  -0.0000198102   0.0001020789  -0.0003266765  -0.0001793803
17516   0.0000176741   0.0000574385  -0.0001793107  -0.0003716769   0.0002731338
17517  -0.0001407280   0.0003263385  -0.0000133119  -0.0000773554  -0.0001038875
17518  -0.0000624539  -0.0000737028   0.0002840229  -0.0003041880  -0.0002103162
17519  -0.0001061036  -0.0002076274  -0.0003915308  -0.0001881002  -0.0001334593
17520  -0.0000218829  -0.0000069597  -0.0001148758   0.0000586345  -0.0000535343
17521  -0.0002178126  -0.0003783813   0.0003134151   0.0001162763  -0.0002244145
17522  -0.0000199969   0.0000523954   0.0002172268   0.0000037543  -0.0001968284
17523   0.0006231629   0.0003831668   0.0000429215  -0.0000570505  -0.0000718622
17524  -0.0002425908   0.0002013860  -0.0001050731  -0.0000619769  -0.0000915740
17525  -0.0004482883  -0.0006430481  -0.0002531017   0.0008718455  -0.0004965206
17526  -0.0004203960   0.0002285591   0.0002558852  -0.0001192444  -0.0023181888
17527   0.0011167210   0.0009307906   0.0004851299  -0.0029178108  -0.0000278229
17528  -0.0251010007   0.0102058346  -0.0023701022   0.0081361297  -0.0007583618
17529   0.0004515617  -0.0015065392   0.0007501372  -0.0001018734   0.0010962301
17530   0.0009625491   0.0004495190  -0.0108672975  -0.0380169800   0.0014798501
17531  -0.0956922706  -0.0044842032   0.0001863275   0.0194077858   0.0201612795
17532  -0.0020992273  -0.0122018568  -0.0152058013   0.0009474510  -0.0574495247
17533   0.0229620117  -0.0013354075   0.0078480376   0.0041763983  -0.0017775240
17534  -0.0018900681  -0.0008656704   0.0001481445  -0.0001047361  -0.0028128857
17535  -0.0002971462  -0.2957934413  -0.1209180173   0.0001764697   0.5730147778
17536   0.0850933131   0.0112654932  -0.1045217127   0.0405662845  -0.0090229552
17537  -0.0000048225   0.0002590785   0.0003519366  -0.0000274961   0.0000706915
17538   0.0001710653   0.0000122122  -0.0000330287  -0.0000010289   0.0000528852
17539   0.0000175037  -0.0000037015  -0.0000642321   0.0000355916   0.0001410664
17540  -0.0001097702  -0.0000614597   0.0001116358  -0.0004509789   0.0001473913
17541  -0.0004933341   0.0006094373   0.0003513655  -0.0000225861  -0.0000491372
17542   0.0000415304  -0.0001711501  -0.0035559064   0.0031349337  -0.0000863974
17543   0.0000509546  -0.0011749306  -0.0000887997   0.0011308660  -0.0001563871
17544   0.0002389617   0.0000643269   0.0000026825  -0.0000050849   0.0010985994
17545  -0.0001583969   0.0002354102   0.0003923392  -0.0001744611   0.0000565499
17546  -0.0010666267   0.0001666956   0.0001202411  -0.0006125637   0.0001819200
17547   0.0003456261  -0.0001825807  -0.0005422104   0.0017629063
176 1  -0.0000452774  -0.0002054338  -0.0003768383   0.0002500289  -0.0000830630
176 2   0.0000967728  -0.0001840638   0.0001041041   0.0001017941   0.0003818231
176 3  -0.0000618593   0.0002867066  -0.0003713406  -0.0001603615   0.0000367936
176 4   0.0003055218  -0.0000005060  -0.0000480255  -0.0000201130  -0.0001640465
176 5   0.0002049616  -0.0000941877  -0.0000247361   0.0004117317   0.0002787039
176 6  -0.0006819678  -0.0001547253  -0.0001038504  -0.0000510967  -0.0005833868
176 7   0.0002521373   0.0001614138   0.0001709114  -0.0000118616   0.0000876797
176 8   0.0002606022  -0.0004203782   0.0005420188   0.0022715702  -0.0000252184
176 9   0.0003030204   0.0014552739  -0.0003679399  -0.0000195580   0.0000759395
17610   0.0000252878   0.0000253283   0.0001024710  -0.0002843246   0.0001672977
17611   0.0001583987   0.0003010019   0.0003337274   0.0003059294  -0.0000951387
17612   0.0000704375  -0.0000641679   0.0001143171   0.0002320666  -0.0001097450
17613  -0.0002865899  -0.0000116883  -0.0000200517  -0.0000989750   0.0001522724
17614  -0.0001234366   0.0001350017  -0.0002306006  -0.0000435142  -0.0000700456
17615   0.0001202400   0.0001171059  -0.0006559548   0.0000653291   0.0005299497
17616   0.0006689872  -0.0000019891   0.0001784127   0.0001004651   0.0002791641
17617  -0.0001205002  -0.0000404937  -0.0002848675   0.0001064445   0.0001251805
17618   0.0004011659  -0.0000200842  -0.0000972860  -0.0000036407  -0.0000951467
17619  -0.0001059815   0.0000786065   0.0003658947   0.0001125500   0.0000921200
17620   0.0006016899   0.0002203180   0.0000272611  -0.0000970955  -0.0001264674
17621  -0.0001117747   0.0002578639   0.0000992985  -0.0000450727   0.0000701729
17622  -0.0001170196   0.0000661465   0.0003764170  -0.0002054784  -0.0000559616
17623   0.0001485199  -0.0000687154  -0.0000548270   0.0004660657   0.0001092065
17624  -0.0002040973   0.0001959666  -0.0001489249  -0.0002011598  -0.0000364293
17625   0.0003016188   0.0011928643   0.0005572543  -0.0017172721  -0.0009556445
17626  -0.0003469213  -0.0002972532   0.0000700990  -0.0000509716   0.0012277513
17627   0.0023423772   0.0014707972  -0.0063951271  -0.0055752887   0.0013835883
17628  -0.0110924056   0.0299298160  -0.0078268863   0.0254442780  -0.0119827143
17629   0.0000362156  -0.0067314296  -0.0024283209  -0.0016464207   0.0010069297
17630  -0.0018112151   0.0007773924  -0.0596396984  -0.0321504881   0.0009913015
17631   0.0024237274  -0.2240742919   0.0169499010   0.0322614973  -0.0289554066
17632   0.0029665310  -0.0127569745  -0.0140339906   0.0014628504  -0.0070588133
17633   0.0310509357  -0.0017920612   0.0127001509  -0.0004605988  -0.0012276171
17634  -0.0010119856   0.0008934931   0.0004888269  -0.0011477383  -0.0046169477
17635  -0.0002169275  -0.0920910701  -0.1550013768   0.0043382755   0.0850933131
17636   0.5348820310  -0.0463439384   0.0663553604  -0.1092026850   0.0178127229
17637  -0.0001293368  -0.0004286953  -0.0006256194   0.0000584285  -0.0000259629
17638  -0.0002329227  -0.0000735611  -0.0000192259  -0.0000142881  -0.0000755853
17639  -0.0000128300   0.0000020786   0.0000590157  -0.0001629192  -0.0000771232
17640   0.0000517178  -0.0000035530   0.0002144126  -0.0002506085  -0.0005421439
17641   0.0000375489   0.0000870130   0.0002642606   0.0000251667  -0.0000135745
17642  -0.0002028156   0.0000890744   0.0011500104  -0.0011350107   0.0004898731
17643  -0.0003693976  -0.0003085128   0.0000166454   0.0009185013  -0.0004423626
17644   0.0001734401   0.0005946694  -0.0001990940   0.0000899422   0.0008127152
17645  -0.0003637160   0.0003351779   0.0000629072   0.0005272929   0.0000247817
17646  -0.0008302137   0.0005411009   0.0007299730  -0.0005435274   0.0006612442
17647  -0.0004778329  -0.0278182353  -0.0079107957   0.0019545460
177 1  -0.0001287916   0.0001248187  -0.0001103657   0.0001126042   0.0000041965
177 2  -0.0003665693   0.0001433199  -0.0000801612   0.0000321620  -0.0002056402
177 3  -0.0002053352  -0.0000581306   0.0004063403   0.0002472424   0.0005331485
177 4  -0.0002422456   0.0004139422   0.0000141049  -0.0000788874   0.0002261253
177 5  -0.0000605034  -0.0001566928   0.0003299688   0.0000637095   0.0000963006
177 6  -0.0007310932  -0.0008210540  -0.0001145303  -0.0003428932   0.0006832942
177 7  -0.0001545756  -0.0002078217  -0.0000203889   0.0002139837  -0.0002097746
177 8   0.0005119003  -0.0005569454  -0.0012071652  -0.0031782172   0.0013315490
177 9   0.0003888924  -0.0018507015  -0.0000217175  -0.0001578157  -0.0002671855
17710   0.0001219862   0.0000485093   0.0000295291  -0.0001837876   0.0000681630
17711   0.0002597595   0.0002283829   0.0006201558  -0.0012713936  -0.0001661830
17712  -0.0001591453  -0.0002501708   0.0002519650  -0.0001354847  -0.0000268841
17713   0.0001599671   0.0000902888   0.0006566596  -0.0000123130   0.0002137885
17714  -0.0001221111  -0.0003963284   0.0001935647  -0.0004031961   0.0001581099
17715   0.0002871643   0.0000366387   0.0001051141  -0.0005412252   0.0003163698
17716   0.0001251080  -0.0001468053   0.0002114647  -0.0000961909   0.0003099323
17717   0.0004460124   0.0007487809   0.0007593069  -0.0004953579   0.0001903682
17718   0.0004009510   0.0002751344   0.0003144981   0.0001721771  -0.0005396995
17719   0.0001813008   0.0002386853  -0.0005208231  -0.0001970015  -0.0008812781
17720  -0.0007128407   0.0000956601  -0.0000665158   0.0001836106   0.0003134680
17721  -0.0003203468  -0.0001649097  -0.0002556392  -0.0001057712   0.0007786509
17722  -0.0000626228  -0.0005078197   0.0000113177   0.0004590723  -0.0000710732
17723  -0.0001422370  -0.0002696204   0.0006007824  -0.0004060320  -0.0005487073
17724   0.0003074254   0.0000751919  -0.0003412985  -0.0001741387   0.0008936134
17725  -0.0003794804  -0.0005755553  -0.0002847191   0.0008810455   0.0001662991
17726   0.0000196569  -0.0000897586  -0.0002679212   0.0002080491   0.0000089715
17727   0.0010119800   0.0017089254   0.0011449899   0.0012600630   0.0011064547
17728   0.0027449872  -0.0047906754  -0.0067096301  -0.0008956597  -0.0002656241
17729  -0.0041035940  -0.0004778561   0.0001820290   0.0002246852   0.0006805959
17730  -0.0005403087  -0.0002203979   0.0030064325   0.0030556469   0.0157003502
17731  -0.0008574668   0.0135968696  -0.0619180092  -0.0027338589   0.0047977359
17732   0.0067368056   0.0019283024   0.0006070912  -0.0028988382  -0.0036473595
17733  -0.0024438110   0.0021017032  -0.0001201882   0.0010527703   0.0030206266
17734  -0.0003217229  -0.0000654424   0.0011714014   0.0000298315  -0.0002173222
17735   0.0004663419   0.0035626714   0.0066395511  -0.0453160121   0.0112654932
17736  -0.0463439384   0.1074527710  -0.0187939598   0.0206428735  -0.0153021503
17737  -0.0000261373   0.0002202573   0.0002436840  -0.0000166255   0.0001197045
17738   0.0000775141   0.0000340371  -0.0000092029  -0.0000324145   0.0000292227
17739  -0.0000040750   0.0000044544   0.0000420621   0.0000097691  -0.0000045116
17740   0.0001094986  -0.0000290269  -0.0002673983  -0.0002610276   0.0003030866
17741  -0.0009208741   0.0000221295   0.0000214487  -0.0001177234   0.0000159609
17742   0.0000228031  -0.0001052140  -0.0003603967   0.0007067464   0.0033793883
17743  -0.0000795190   0.0000542660  -0.0002204384   0.0002234001  -0.0000502681
17744  -0.0000178384  -0.0000789945   0.0001178857   0.0000307420  -0.0002355974
17745   0.0000151483  -0.0001139984  -0.0000679354  -0.0000118320   0.0001547181
17746   0.0004105272   0.0001570793  -0.0002257440  -0.0003967237  -0.0000142746
17747  -0.0001885297   0.0021319484   0.0010737562   0.0009362633
178 1  -0.0000349813  -0.0000602967  -0.0000220271   0.0000550547  -0.0000570078
178 2  -0.0000509607  -0.0000204087  -0.0000941483  -0.0002025498   0.0001301474
178 3  -0.0000692993  -0.0002234462  -0.0000525738  -0.0001305352   0.0001268165
178 4   0.0000177757   0.0000779386  -0.0000742346   0.0000734643   0.0001200166
178 5   0.0002418802  -0.0003429626   0.0003738365   0.0003724961   0.0002304099
178 6  -0.0001397875  -0.0002198740   0.0000315087   0.0001380222  -0.0002209378
178 7  -0.0001584378  -0.0001827082  -0.0002116891  -0.0006646539  -0.0004088247
178 8  -0.0005007104   0.0007565079  -0.0003295228   0.0006938913   0.0000517991
178 9  -0.0000291683  -0.0004169939  -0.0001186403  -0.0000400354  -0.0000655482
17810   0.0001427183   0.0000954828  -0.0000596129   0.0001019693  -0.0001149731
17811   0.0005988822   0.0004531174  -0.0000688470  -0.0000582135  -0.0000371224
17812   0.0000090302   0.0000234175  -0.0000326562   0.0000033205  -0.0000783619
17813  -0.0000955354   0.0000728612   0.0002101753  -0.0000903107  -0.0000790724
17814  -0.0000110874   0.0000270594  -0.0000377047  -0.0000871724  -0.0000009483
17815   0.0000610214  -0.0001000268   0.0000238778   0.0000137215   0.0001460760
17816   0.0000920819  -0.0000421386   0.0001217643  -0.0000193199  -0.0001808676
17817   0.0001607527   0.0001671964   0.0001068556   0.0000099171   0.0000928781
17818   0.0000875857   0.0001781375   0.0000873957   0.0001359057  -0.0000881661
17819  -0.0000027436   0.0001067189  -0.0000418308   0.0000514425  -0.0002181681
17820  -0.0000065594  -0.0001740103  -0.0000931564   0.0001317793   0.0000678199
17821  -0.0002308871   0.0000177976  -0.0000487614  -0.0000049331   0.0002038836
17822   0.0000386897  -0.0000270034   0.0000079367   0.0001097565  -0.0000307749
17823   0.0003244404  -0.0000827469   0.0001448821   0.0000978790   0.0000031344
17824   0.0001299724  -0.0000007328   0.0000680394   0.0000905364   0.0001103263
17825  -0.0005161346  -0.0002367325  -0.0000254858  -0.0004396842  -0.0014852129
17826   0.0001035655  -0.0000421132  -0.0007823765   0.0001169871   0.0028618939
17827   0.0094231567  -0.0014571829  -0.0412909285  -0.0175875986   0.0028608266
17828  -0.1059691879  -0.0672048893   0.0159880114   0.0015791201  -0.0216990043
17829   0.0010082364  -0.0012394421  -0.0005446517   0.0004606279   0.0010089113
17830  -0.0044637322   0.0001946149  -0.0147652913   0.0001150825  -0.0002362112
17831   0.0004430005   0.0211481907  -0.0018500680  -0.0008494162   0.0007066707
17832  -0.0002556466   0.0009330086   0.0043844483   0.0001642813   0.0039858813
17833  -0.0100030193   0.0012782519  -0.0011108353   0.0014663319   0.0001374996
17834  -0.0002986377   0.0001303278  -0.0000985353   0.0000629280   0.0006764407
17835   0.0001235636  -0.0423353588   0.0174895041  -0.0048518830  -0.1045217127
17836   0.0663553604  -0.0187939598   0.3025691161   0.0029979685   0.0042623938
17837  -0.0001329753   0.0001612582   0.0002061175  -0.0001777796   0.0001467572
17838  -0.0000673900  -0.0000888977  -0.0000591346   0.0000284471  -0.0000185083
17839   0.0000513651  -0.0000088230   0.0002072473  -0.0000610502  -0.0000303355
17840   0.0003022281   0.0000042881  -0.0001670086  -0.0000066340   0.0002469666
17841   0.0007965031  -0.0003655816   0.0002905720  -0.0000378031   0.0000607863
17842  -0.0000533006   0.0002002290  -0.0004213848  -0.0003020417  -0.0000176235
17843   0.0000135192   0.0000758555  -0.0001942958  -0.0002373540  -0.0000805794
17844   0.0000525243  -0.0001200956   0.0000594990  -0.0000043049  -0.0002157548
17845  -0.0000769655  -0.0001659597  -0.0000418001  -0.0000573966   0.0000013231
17846   0.0002158605   0.0000351299  -0.0000321960   0.0001671885   0.0000095310
17847  -0.0000602053  -0.0001022124  -0.0003748670  -0.0006666001
179 1   0.0001201737   0.0000744220   0.0003346299  -0.0002736175   0.0001403601
179 2   0.0002423105   0.0000028996   0.0000044683  -0.0002554911   0.0001361452
179 3   0.0002516055  -0.0002414714  -0.0002135375  -0.0000027336  -0.0001738966
179 4   0.0000119635  -0.0002096496   0.0002091049   0.0002294728   0.0001590342
179 5  -0.0001425952  -0.0003557086  -0.0002360904  -0.0003027427  -0.0001114364
179 6   0.0002620432  -0.0000143783  -0.0000219509   0.0002003254  -0.0001609538
179 7  -0.0002596094   0.0000261978  -0.0001683667  -0.0003319646  -0.0002347389
179 8  -0.0008582364  -0.0000645678   0.0013976681  -0.0013781660  -0.0001209240
179 9   0.0000452239   0.0000353046   0.0000294874   0.0002370412   0.0002999155
17910  -0.0001956864   0.0001616803  -0.0003053178   0.0007896060  -0.0005465381
17911   0.0000625719  -0.0008141700  -0.0007102074   0.0008009874   0.0001693775
17912  -0.0000336446   0.0003095728  -0.0003070158   0.0000172133   0.0000892438
17913  -0.0002938037   0.0000697282  -0.0004123832  -0.0000127473  -0.0003676456
17914  -0.0000998630   0.0002153605  -0.0001514125   0.0001961662  -0.0000064421
17915  -0.0003727786  -0.0001928107   0.0003861899   0.0002952488  -0.0005742114
17916  -0.0001389834   0.0000730300  -0.0003335238  -0.0004034512  -0.0007000116
17917  -0.0005436294  -0.0003989982  -0.0003684476   0.0004267789  -0.0001821029
17918  -0.0005200471  -0.0002043465  -0.0000143581  -0.0002734178   0.0003009153
17919  -0.0001710986  -0.0002783010   0.0000826863   0.0001174341   0.0004522985
17920   0.0002427703  -0.0004580332  -0.0001996729   0.0000729724  -0.0000795270
17921   0.0001727109  -0.0001507383   0.0002485303   0.0002434730  -0.0005570484
17922   0.0001447459   0.0003924735  -0.0002040428  -0.0000195504   0.0000588915
17923   0.0005722108   0.0004404002  -0.0002138695  -0.0001220237   0.0002575826
17924  -0.0001641315  -0.0001991512   0.0004160885   0.0002835424  -0.0007697405
17925  -0.0007334354  -0.0013286619  -0.0000611320   0.0032931733  -0.0008634157
17926  -0.0001848718   0.0002375369   0.0007402458  -0.0002930269   0.0028694547
17927   0.0034875183  -0.0012164587  -0.0033253207   0.0132201986  -0.0020164493
17928  -0.0410758150  -0.1137513702   0.0210379442  -0.0279210180  -0.0238100590
17929   0.0036753849   0.0026814853  -0.0048148742   0.0014758515   0.0014997837
17930  -0.0025048314   0.0002595336   0.0010018639   0.0080238192  -0.0021014735
17931   0.0268931388  -0.0243299534   0.0049501871  -0.0027751524  -0.0052698093
17932   0.0013033104  -0.0013186875  -0.0023563437  -0.0003219652  -0.0034560439
17933   0.0040644421  -0.0008974498  -0.0029292247  -0.0006751109   0.0007807294
17934   0.0003234970  -0.0008547379   0.0000746230  -0.0000731312   0.0002846887
17935   0.0000903385   0.0027582804   0.0130400172  -0.0006059296   0.0405662845
17936  -0.1092026850   0.0206428735   0.0029979685   0.2473737941  -0.0424058417
17937   0.0000517424   0.0004611544   0.0003364567  -0.0001721112   0.0002236636
17938   0.0000485725   0.0001299168   0.0000148199   0.0000317456   0.0000608634
17939  -0.0000560167  -0.0000148875   0.0000284610  -0.0000948352   0.0000851051
17940  -0.0000783755  -0.0002677367   0.0002972322   0.0015227048   0.0002829668
17941   0.0000108323  -0.0013155557  -0.0004167757  -0.0001475509   0.0000417037
17942   0.0000773005  -0.0000779311   0.0013343104  -0.0004079032   0.0000589589
17943  -0.0000391295   0.0000582750  -0.0000988522   0.0001209597   0.0002281132
17944  -0.0000240525  -0.0001503579  -0.0000189916  -0.0000643159   0.0001126796
17945   0.0002845598  -0.0000293999  -0.0000872969  -0.0000528487  -0.0000728092
17946  -0.0000209796  -0.0001907460   0.0000229275   0.0000442346  -0.0001771047
17947  -0.0001924115  -0.0015645813   0.0001438920  -0.0002688102
180 1   0.0002130154   0.0001207318   0.0001844726  -0.0001779132   0.0000138878
180 2   0.0000188514  -0.0001153380  -0.0000006694  -0.0000571322   0.0004876237
180 3   0.0001064864   0.0000103175  -0.0006523576  -0.0005465630  -0.0002542828
180 4  -0.0001003245   0.0000205557   0.0003007129  -0.0000134832   0.0000144093
180 5   0.0001929879  -0.0001366849  -0.0003777017  -0.0003238835  -0.0000849874
180 6   0.0001002279   0.0002564912   0.0000595346   0.0006677876  -0.0006508554
180 7   0.0000435809  -0.0004506568  -0.0001578415  -0.0016558789  -0.0002183691
180 8  -0.0017745713  -0.0000649992   0.0007541150   0.0002033614   0.0002280462
180 9  -0.0000876738   0.0000681033   0.0001394082   0.0001250735   0.0002632452
18010   0.0004851319  -0.0000212547   0.0000874274  -0.0011144751   0.0013265469
18011  -0.0023727029   0.0010690623   0.0008471651  -0.0011817216   0.0000104217
18012  -0.0000595614   0.0001701734  -0.0002323971  -0.0002098063   0.0002047387
18013  -0.0000539380  -0.0002181915  -0.0001487028   0.0000717499  -0.0001153142
18014   0.0000152954   0.0002006863  -0.0001759851   0.0000211241  -0.0001274437
18015  -0.0000936657  -0.0002628494   0.0003028049  -0.0000334559  -0.0005393193
18016  -0.0006397019  -0.0000143867  -0.0001860037   0.0004214382  -0.0003125585
18017  -0.0004549837  -0.0008608485  -0.0004635635   0.0004977349  -0.0001720033
18018  -0.0004441590  -0.0000900330  -0.0003354197  -0.0000917393   0.0007773802
18019  -0.0001230575  -0.0000983858   0.0011659319   0.0002554052   0.0006170691
18020   0.0007562931  -0.0001003071   0.0002997661  -0.0003495740  -0.0001534939
18021   0.0003832100   0.0004647802   0.0001174916   0.0001126220   0.0000996047
18022  -0.0000085348   0.0003454906   0.0000195634  -0.0004071150  -0.0001698726
18023  -0.0001710368   0.0002745648  -0.0002218945   0.0000183391   0.0002847641
18024  -0.0000124965  -0.0002683010   0.0001564748   0.0003316284  -0.0005068535
18025   0.0000717518   0.0004079691  -0.0001191240  -0.0004182221   0.0007308194
18026   0.0011159828  -0.0002620200  -0.0005409351   0.0003648683  -0.0019102025
18027  -0.0024600620   0.0020103807   0.0048125935   0.0007453284   0.0026393542
18028   0.0076682697   0.0158716857  -0.0171903403   0.0037289391   0.0040152586
18029   0.0030375463   0.0003179584   0.0006202581   0.0024827347  -0.0009521541
18030   0.0011432065  -0.0007667534  -0.0004681185  -0.0026076396  -0.0054626917
18031  -0.0039796604   0.0052348147   0.0021786483  -0.0000464402   0.0008901909
18032   0.0029922433   0.0004831033   0.0007812198  -0.0006441580   0.0020036452
18033  -0.0019888368   0.0019375249   0.0003410272   0.0000157535   0.0005493065
18034  -0.0001842751   0.0004840858   0.0000381864  -0.0000811016   0.0004796335
18035  -0.0000827283  -0.0044810820   0.0003104598   0.0024898685  -0.0090229552
18036   0.0178127229  -0.0153021503   0.0042623938  -0.0424058417   0.0250391331
18037   0.0000708183  -0.0000735357  -0.0001091742   0.0001342748  -0.0000440782
18038  -0.0000478098  -0.0000222460   0.0000152793   0.0000090967  -0.0000094284
18039  -0.0000117145   0.0000195333   0.0000245675   0.0000082919  -0.0002016316
18040   0.0001884858   0.0001012329  -0.0004694298   0.0000886613  -0.0003817328
18041  -0.0014648562   0.0001849256  -0.0001061232   0.0004588287  -0.0000432681
18042   0.0000035748  -0.0004078473  -0.0001997285  -0.0000244285   0.0004468217
18043   0.0000969018  -0.0000532107  -0.0003559078  -0.0001268709  -0.0001124455
18044  -0.0000172782  -0.0000017852   0.0000001750  -0.0000149968  -0.0000657185
18045  -0.0001173719  -0.0001524929   0.0000132730  -0.0000029517  -0.0000442028
18046   0.0000179284  -0.0000572353   0.0000401462   0.0001544424  -0.0001007562
18047   0.0002265585   0.0001208142  -0.0003319096  -0.0012694715
181 1   0.0000049024   0.0001354993   0.0000080888   0.0000507574  -0.0000190337
181 2  -0.0001082765   0.0000412744  -0.0000095263   0.0000064831  -0.0000137589
181 3   0.0000035571   0.0000475826   0.0000103849  -0.0000366138  -0.0000144954
181 4  -0.0003511880   0.0001086784   0.0004836373  -0.0003301799  -0.0002026144
181 5  -0.0000961590   0.0000943528  -0.0001036726  -0.0000798308  -0.0000581122
181 6  -0.0000425575  -0.0000137297   0.0000216287  -0.0000017837  -0.0000693831
181 7   0.0002233405   0.0004409246   0.0000866661  -0.0000010834   0.0000650865
181 8  -0.0000535319   0.0000561046   0.0000420661  -0.0000103260   0.0000335399
181 9   0.0000396869  -0.0000315906   0.0000209581   0.0000306688  -0.0000033562
18110   0.0000484483   0.0000841575   0.0000029924  -0.0000198355  -0.0000496670
18111   0.0000483390  -0.0000441079  -0.0000211038  -0.0000073926   0.0000040050
18112  -0.0000205324  -0.0000263197  -0.0000431374  -0.0000611116   0.0000468259
18113  -0.0000741622   0.0000080712  -0.0000025205   0.0000493632   0.0000185172
18114  -0.0000446111  -0.0000447071   0.0000415463  -0.0000181434   0.0000106488
18115   0.0000456152  -0.0000220559   0.0000330009  -0.0001123635  -0.0000496594
18116  -0.0000508203  -0.0000395322  -0.0000194970  -0.0000001662   0.0000113611
18117   0.0000362159  -0.0000511893  -0.0000413477   0.0000569005  -0.0000248302
18118  -0.0000026465   0.0000850902  -0.0000629359  -0.0000174494   0.0000319883
18119   0.0000102716  -0.0000260427   0.0000656180   0.0000513492   0.0000892726
18120   0.0000669876   0.0000790705  -0.0000006997  -0.0000023161  -0.0000439778
18121   0.0000357553   0.0000180342   0.0000289799   0.0000525177  -0.0000220747
18122   0.0000195717  -0.0000523769  -0.0000183313  -0.0000571131  -0.0000518459
18123   0.0000510785   0.0001052690  -0.0000103773   0.0000191047  -0.0000458357
18124  -0.0000074255   0.0000024638  -0.0000551376   0.0000023837   0.0000014835
18125  -0.0464489960  -0.0069769135  -0.0162050423  -0.0145480713  -0.0206878690
18126  -0.0187396171  -0.0015654835   0.0009848478  -0.0024172041   0.0052352654
18127  -0.0026108500  -0.0010665663  -0.0020966585  -0.0003165364   0.0009374663
18128   0.0011764969  -0.0008599490  -0.0000479273  -0.0001098337   0.0005708474
18129   0.0000773510  -0.0001127878   0.0001936225   0.0001879376   0.0002304343
18130   0.0008891123  -0.0001229020   0.0002688668  -0.0002006532  -0.0001250120
18131  -0.0000550317  -0.0000014771   0.0000572597  -0.0000752316  -0.0000007306
18132   0.0000288086   0.0000234548   0.0000373862  -0.0000710627  -0.0000972213
18133   0.0000385013   0.0000181691   0.0001245966   0.0000040320  -0.0001266846
18134  -0.0000193787   0.0000050870   0.0000221998  -0.0000380073   0.0000668278
18135  -0.0000382349   0.0000971530  -0.0000013990  -0.0000123913  -0.0000048225
18136  -0.0001293368  -0.0000261373  -0.0001329753   0.0000517424   0.0000708183
18137   0.0547773982   0.0192490523   0.0213380721   0.0001082674  -0.0009675745
18138  -0.0032893508   0.0046350154   0.0109860661   0.0197571606   0.0001801318
18139  -0.0002087986   0.0002348741   0.0000935260  -0.0010698374   0.0000308652
18140  -0.0000537612   0.0000473446   0.0001584724   0.0000308840   0.0000206004
18141  -0.0001405666   0.0000093910  -0.0000085110   0.0000198117  -0.0012909140
18142   0.0005991858  -0.0010832794  -0.0000076458   0.0000007783  -0.0000017499
18143   0.0000087253  -0.0000015318   0.0000061576   0.0000037519  -0.0000134965
18144   0.0000088941   0.0000006548  -0.0000030211  -0.0000013408   0.0000060160
18145  -0.0000081145   0.0000053020   0.0000027336   0.0000007483  -0.0000018034
18146  -0.0000025835   0.0000019532   0.0000238215   0.0000170378  -0.0000098372
18147   0.0000749818   0.0000046599   0.0000036600   0.0000064696
182 1  -0.0000155359   0.0000046822  -0.0000758126   0.0000839541   0.0000279998
182 2  -0.0000296355  -0.0000090409  -0.0000203900  -0.0000729259   0.0000078562
182 3  -0.0000846037  -0.0000035539  -0.0001300365  -0.0000642473  -0.0000688884
182 4  -0.0000267786   0.0000759304   0.0011435821   0.0000299874   0.0000062387
182 5   0.0000250948  -0.0000999403  -0.0000619314  -0.0000777440   0.0000052195
182 6   0.0000260829   0.0000182239   0.0000335582   0.0001179884  -0.0000532183
182 7   0.0004640412   0.0005120998   0.0002156400  -0.0000403845  -0.0000091735
182 8  -0.0000557400   0.0000015251   0.0001086684  -0.0000269647   0.0000663999
182 9  -0.0000228827   0.0000662725   0.0000029725   0.0000594613   0.0000427777
18210  -0.0000300845  -0.0000030397  -0.0000469560   0.0000497773  -0.0000222574
18211  -0.0000085327  -0.0000815144   0.0000403702   0.0000284471   0.0000319304
18212  -0.0000157313   0.0000027505  -0.0000111561  -0.0000229800   0.0000390348
18213  -0.0000310399  -0.0000289649  -0.0001412545   0.0000386877  -0.0000070029
18214  -0.0000108586  -0.0000148929  -0.0000327992   0.0000030936   0.0000410642
18215   0.0000228963  -0.0000390048  -0.0001624748  -0.0000313977   0.0002011542
18216   0.0001855305  -0.0001377603   0.0000683895   0.0000324060  -0.0001475169
18217   0.0000554636  -0.0000937283  -0.0000492073   0.0000400764   0.0000181255
18218   0.0000944127   0.0002472779  -0.0001507637   0.0000436434   0.0001335429
18219   0.0001270245  -0.0000739497   0.0001572360  -0.0000269396   0.0000650374
18220   0.0001646269   0.0000492220  -0.0000172944   0.0000821212  -0.0000454105
18221   0.0001407421   0.0000240518   0.0000028701   0.0001164840  -0.0000608345
18222   0.0000416818   0.0000472921   0.0000110127  -0.0000162230   0.0000457117
18223  -0.0000872456   0.0000607710  -0.0000464256  -0.0000284408  -0.0000438275
18224  -0.0000446898  -0.0000336965  -0.0000341919  -0.0000116707  -0.0000173196
18225  -0.0081362692  -0.1069958199  -0.1003398368  -0.0139706864  -0.0153089302
18226  -0.0111123340  -0.0014387624   0.0004377893  -0.0016436961   0.0047145676
18227  -0.0019559026  -0.0002671755  -0.0011426407  -0.0004193406   0.0003177004
18228   0.0001630189  -0.0004891838  -0.0002050097  -0.0004937835   0.0000121331
18229   0.0003111792   0.0009609229   0.0000078774  -0.0002467897  -0.0007109295
18230   0.0013420199   0.0001189338  -0.0000363652  -0.0003514182   0.0000194218
18231   0.0001799537   0.0002699524  -0.0000615640  -0.0002551237   0.0000730970
18232  -0.0000346960   0.0002130789   0.0001154273  -0.0001508243  -0.0000366181
18233  -0.0001303866  -0.0001681658   0.0003167906   0.0001638975   0.0000299032
18234  -0.0000707265   0.0000630369   0.0000077711  -0.0000011917  -0.0001058913
18235   0.0000190628  -0.0001171246  -0.0000249896  -0.0000450477   0.0002590785
18236  -0.0004286953   0.0002202573   0.0001612582   0.0004611544  -0.0000735357
18237   0.0192490523   0.1206339479   0.1100071727   0.0024540277   0.0104289882
18238   0.0147343598  -0.0026541727  -0.0073661920  -0.0140162935  -0.0001967486
18239  -0.0000157708   0.0000093463  -0.0003429578  -0.0010665133   0.0000129116
18240  -0.0001329898  -0.0000481262   0.0001492672   0.0000676812   0.0000384435
18241  -0.0000517939  -0.0000037326   0.0000140856   0.0000294728   0.0006998608
18242   0.0000472600   0.0005351440  -0.0000158598  -0.0000041001   0.0000114462
18243   0.0000224098   0.0000053868   0.0000475333   0.0000010981  -0.0000291193
18244   0.0000066060   0.0000068398   0.0000003092   0.0000016252   0.0000046127
18245  -0.0000284223  -0.0000008416   0.0000089480   0.0000024363   0.0000007936
18246  -0.0000206967   0.0000215735  -0.0000031177  -0.0000224080   0.0000149390
18247  -0.0000206134   0.0000059466   0.0000152210   0.0000201840
183 1  -0.0000916206  -0.0001140471  -0.0002125496   0.0001242970  -0.0001185091
183 2  -0.0000898541  -0.0000313458  -0.0000401915  -0.0002068871  -0.0000080861
183 3  -0.0001069426  -0.0001100691  -0.0001214104  -0.0000615261  -0.0000836502
183 4   0.0000854172   0.0007350167   0.0015465068   0.0004385197   0.0001521802
183 5   0.0001692015  -0.0002310601   0.0000054361  -0.0000245414  -0.0000529405
183 6   0.0000073038  -0.0000367647   0.0000668704   0.0001380784  -0.0000676979
183 7   0.0000556537  -0.0000648297  -0.0003731754  -0.0001565538  -0.0000796156
183 8  -0.0000385700   0.0000328931   0.0001008424  -0.0000142930   0.0001013833
183 9   0.0000045055   0.0000896801   0.0000705695   0.0000751015   0.0001092101
18310  -0.0000757327  -0.0001199673  -0.0001110288   0.0001189442   0.0000420962
18311   0.0000079149  -0.0001423262   0.0000243439   0.0000761523   0.0000869408
18312  -0.0000410041   0.0000709093   0.0000091201  -0.0001049473   0.0001146643
18313   0.0000226853  -0.0000464655  -0.0001511499  -0.0000241652  -0.0000661227
18314   0.0000339094  -0.0000026105  -0.0000905942  -0.0000959217   0.0000317978
18315   0.0000099205  -0.0000450946  -0.0002420431   0.0001632596   0.0004319472
18316   0.0003904503  -0.0000961508   0.0000831718  -0.0000539519  -0.0002846918
18317   0.0000750849  -0.0000529254   0.0000515323  -0.0000182996   0.0001015834
18318   0.0000217477   0.0001038264  -0.0002654319   0.0001150406   0.0002163717
18319   0.0001569280  -0.0000487681   0.0001813641  -0.0001960544  -0.0000877778
18320   0.0002698310  -0.0000379938  -0.0000160304   0.0000718719   0.0000852946
18321   0.0001122628  -0.0000504472  -0.0000592554   0.0001427817  -0.0000311224
18322   0.0000166857   0.0002104262   0.0000832102   0.0000864394   0.0002347721
18323  -0.0001193496  -0.0000573790   0.0000571628  -0.0001056881   0.0000158198
18324   0.0000068640  -0.0000233022  -0.0000314738   0.0000139014  -0.0000568124
18325  -0.0168536848  -0.0985638706  -0.2041261203  -0.0055890288   0.0003157068
18326   0.0109177297   0.0000297854   0.0010709000  -0.0016629078   0.0009435048
18327  -0.0012272083  -0.0003747256   0.0004463845  -0.0000072621  -0.0001101277
18328  -0.0007033524   0.0002020564  -0.0000589352   0.0006480262  -0.0006073752
18329   0.0005736725   0.0001270634   0.0003476446   0.0000208761   0.0003438358
18330  -0.0007223893  -0.0002884124  -0.0011874511   0.0000360545  -0.0001096675
18331   0.0008668233   0.0005371021  -0.0001093220  -0.0005745975   0.0001385072
18332  -0.0001785484   0.0004613815   0.0003173542  -0.0001907082   0.0000219152
18333  -0.0003917900  -0.0002551033   0.0004704790   0.0003253060   0.0003104064
18334  -0.0001799025   0.0001976953   0.0000003738   0.0000423571  -0.0003369296
18335   0.0000954511  -0.0001885899  -0.0000396983  -0.0000473251   0.0003519366
18336  -0.0006256194   0.0002436840   0.0002061175   0.0003364567  -0.0001091742
18337   0.0213380721   0.1100071727   0.2122868042  -0.0007282148  -0.0130204234
18338  -0.0175953323  -0.0000995982   0.0006797773  -0.0009710704  -0.0000110967
18339  -0.0000368575  -0.0000122829  -0.0000877102  -0.0001744342   0.0000707610
18340  -0.0000003958  -0.0001111469   0.0002850277   0.0000847110   0.0000514372
18341   0.0000333022  -0.0000006500   0.0000095407  -0.0000573933  -0.0003181133
18342   0.0004401901  -0.0000996145  -0.0000175840  -0.0000120475   0.0000339700
18343   0.0000303396   0.0000119249   0.0000756660   0.0000047196  -0.0000487897
18344  -0.0000165093   0.0000122864   0.0000042186   0.0000015686   0.0000059056
18345  -0.0000642755  -0.0000659263   0.0000111723   0.0000077883  -0.0000021709
18346  -0.0000269327   0.0000429902  -0.0000349985  -0.0000473822   0.0000567375
18347  -0.0001579023   0.0000035353   0.0000171615   0.0000164262
184 1   0.0000050079   0.0000084299   0.0000020574   0.0000020151   0.0000051292
184 2  -0.0000104042   0.0000005758   0.0000026427   0.0000054114   0.0000002137
184 3   0.0000129063  -0.0000011424   0.0000081815  -0.0000127571  -0.0000107222
184 4  -0.0000135997  -0.0000398413  -0.0000005772  -0.0000178713  -0.0000045379
184 5  -0.0000180802   0.0000488108  -0.0000191696  -0.0000305421   0.0000000882
184 6  -0.0000008154  -0.0000088412  -0.0000049093   0.0000011129  -0.0000134656
184 7   0.0000001623   0.0000052703   0.0000193360   0.0000174482   0.0000212900
184 8  -0.0000413806   0.0000121736  -0.0000004319   0.0000075342   0.0000001417
184 9   0.0000097111  -0.0000102788   0.0000075040   0.0000071941   0.0000030277
18410   0.0000437010   0.0000314485  -0.0000577223  -0.0000065881  -0.0000169159
18411   0.0000303467  -0.0000110177  -0.0000138041   0.0000078605  -0.0000015753
18412  -0.0000050107  -0.0000050516  -0.0000223214  -0.0000137473   0.0000130608
18413  -0.0000334428  -0.0000051462   0.0000230317   0.0000112212  -0.0000034609
18414  -0.0000109692  -0.0000043730   0.0000101095   0.0000074961   0.0000028435
18415   0.0000065132  -0.0000041458   0.0000138331  -0.0000057702  -0.0000305758
18416  -0.0000292010  -0.0000035010  -0.0000169753   0.0000017440   0.0000273700
18417  -0.0000011465  -0.0000126692  -0.0000184217   0.0000280968  -0.0000195686
18418  -0.0000094013   0.0000243782   0.0000132564  -0.0000125421  -0.0000059432
18419  -0.0000205364  -0.0000109776   0.0000102315   0.0000305632   0.0000378526
18420   0.0000040703   0.0000114588   0.0000022584  -0.0000000125  -0.0000212127
18421   0.0000068808   0.0000033578   0.0000198747   0.0000255388  -0.0000152931
18422   0.0000097128  -0.0000132322  -0.0000127987  -0.0000184248  -0.0000355019
18423   0.0000300124   0.0000585274  -0.0000062760  -0.0000026765  -0.0000226921
18424  -0.0000047917  -0.0000056189  -0.0000040441   0.0000089432  -0.0000128355
18425  -0.0463063220   0.0167852971  -0.0214318661  -0.0058939315  -0.0222465984
18426   0.0203364231  -0.0019484215   0.0006028761   0.0020597839   0.0038762471
18427  -0.0017810953   0.0006400793  -0.0015390459  -0.0001806422  -0.0006093883
18428   0.0009647694  -0.0006053035  -0.0003234916  -0.0000509622   0.0004668397
18429   0.0000415220  -0.0005137563   0.0000884400  -0.0003224501   0.0003743878
18430   0.0007882249  -0.0000173548   0.0002595380   0.0000074273   0.0001505879
18431  -0.0001230233  -0.0000802190  -0.0000564951   0.0000258788  -0.0000207166
18432   0.0000036826  -0.0000564767  -0.0000199653  -0.0000192321  -0.0000563032
18433   0.0000905539  -0.0000001913   0.0000322749  -0.0000171333  -0.0000273898
18434  -0.0000116008   0.0000047887   0.0000067987  -0.0000138956   0.0000225858
18435  -0.0000165578   0.0000980633  -0.0000029435   0.0000329003  -0.0000274961
18436   0.0000584285  -0.0000166255  -0.0001777796  -0.0001721112   0.0001342748
18437   0.0001082674   0.0024540277  -0.0007282148   0.0518282812  -0.0077246939
18438   0.0175211131   0.0003536316   0.0118232029  -0.0191109979   0.0002466146
18439  -0.0002111850  -0.0002371966   0.0000163964   0.0000012503   0.0001220241
18440   0.0001111814  -0.0010705073   0.0002685739   0.0000543019   0.0000195863
18441   0.0001509172  -0.0000066496   0.0000053639  -0.0000317929  -0.0016980250
18442   0.0009514495   0.0015570132  -0.0000036975   0.0000021117  -0.0000026113
18443   0.0000018322  -0.0000015657   0.0000054485   0.0000034203  -0.0000026205
18444   0.0000027647  -0.0000001875  -0.0000016465  -0.0000016488   0.0000039606
18445  -0.0000006976  -0.0000065319  -0.0000003573   0.0000002881  -0.0000015193
18446  -0.0000001020  -0.0000002691   0.0000103572   0.0000100554  -0.0000055968
18447   0.0000264924   0.0000039198  -0.0000017791  -0.0000013109
185 1   0.0000011969  -0.0000061734  -0.0000445700   0.0000295518   0.0000192535
185 2  -0.0000078502  -0.0000036237  -0.0000082999  -0.0000160757  -0.0000033396
185 3  -0.0000252500   0.0000097388  -0.0000356010  -0.0000292466  -0.0000423692
185 4   0.0000236361   0.0000405522   0.0002130914   0.0000423810  -0.0000127676
185 5  -0.0000269818  -0.0000191594  -0.0000493265  -0.0000368610  -0.0000130063
185 6   0.0000064657   0.0000010828   0.0000112005   0.0000370778  -0.0000268789
185 7   0.0000319909   0.0000656840   0.0000080199  -0.0000422457   0.0000069755
185 8  -0.0000258280   0.0000134380   0.0000449792   0.0000099536   0.0000284130
185 9   0.0000024178   0.0000170386   0.0000121816   0.0000304453   0.0000195429
18510   0.0000025519   0.0000049504  -0.0000678794   0.0000014980  -0.0000258347
18511   0.0000222431  -0.0000271092   0.0000072720   0.0000118250   0.0000087804
18512  -0.0000119131  -0.0000008656  -0.0000209382  -0.0000339656   0.0000410094
18513  -0.0000392851  -0.0000162730  -0.0000357939   0.0000315937   0.0000013628
18514  -0.0000157083  -0.0000190028   0.0000031323   0.0000114639   0.0000095871
18515   0.0000076287  -0.0000090737  -0.0000308082  -0.0000270908   0.0000221288
18516   0.0000140960  -0.0000587822  -0.0000077499   0.0000239645  -0.0000312294
18517   0.0000236555  -0.0000308631  -0.0000278151   0.0000281510  -0.0000125998
18518   0.0000135271   0.0000853000  -0.0000493804   0.0000055835   0.0000809626
18519   0.0000324475  -0.0000282953   0.0000603186   0.0000213935   0.0000490065
18520   0.0000496696   0.0000327132   0.0000122155   0.0000070497  -0.0000200664
18521   0.0000597510   0.0000221395   0.0000169094   0.0000556483  -0.0000353947
18522   0.0000201700  -0.0000014543  -0.0000137151  -0.0000182879  -0.0000028646
18523  -0.0000073576   0.0000640903  -0.0000214812  -0.0000055124  -0.0000211051
18524  -0.0000240863  -0.0000122447  -0.0000195631   0.0000040781  -0.0000314864
18525   0.0139536166  -0.1324140480   0.1191293972  -0.0073311840  -0.0161987046
18526   0.0115127206  -0.0016721309  -0.0000679248   0.0017560677   0.0033730065
18527  -0.0013774103  -0.0005020317  -0.0008422157  -0.0003277435  -0.0000714740
18528   0.0001446402  -0.0003101892  -0.0001891917  -0.0006551097   0.0001204390
18529   0.0000158624   0.0010352851  -0.0000034246   0.0000094022  -0.0002621328
18530   0.0008574556  -0.0003627371   0.0004178343  -0.0002646961  -0.0000967720
18531  -0.0001544745  -0.0000181122   0.0000508885  -0.0000093907   0.0000058639
18532   0.0000399773   0.0000203671  -0.0000401943  -0.0000714619  -0.0000030249
18533   0.0000377129  -0.0000658998   0.0000583979   0.0000016414  -0.0000290416
18534   0.0000029348   0.0000052114   0.0000095030  -0.0000077670   0.0000254868
18535  -0.0000065850  -0.0000461515  -0.0000166543  -0.0000132370   0.0000706915
18536  -0.0000259629   0.0001197045   0.0001467572   0.0002236636  -0.0000440782
18537  -0.0009675745   0.0104289882  -0.0130204234  -0.0077246939   0.1485819917
18538  -0.1316388195   0.0002109819  -0.0081190840   0.0129661674  -0.0003375587
18539   0.0000887200   0.0000633436  -0.0002005677  -0.0001651584   0.0001901117
18540  -0.0004482120  -0.0011135603   0.0003775100   0.0000664274   0.0000251938
18541   0.0000652411   0.0000056333   0.0000043039   0.0000478196   0.0011090381
18542   0.0000421831  -0.0005817143  -0.0000057498   0.0000005598   0.0000039197
18543   0.0000073360  -0.0000000390   0.0000133957  -0.0000018231  -0.0000048131
18544   0.0000016411  -0.0000003613  -0.0000015023   0.0000004153  -0.0000009107
18545  -0.0000057811   0.0000050172   0.0000018281  -0.0000010581  -0.0000010310
18546  -0.0000045431  -0.0000018268   0.0000051225   0.0000020287  -0.0000096517
18547   0.0000262383   0.0000009718   0.0000022666   0.0000108438
186 1  -0.0000157617  -0.0000110662   0.0000156924   0.0000065990   0.0000419648
186 2   0.0000102559  -0.0000145425  -0.0000165017  -0.0000283854  -0.0000002536
186 3  -0.0000329678  -0.0000137521  -0.0000365673  -0.0000014411   0.0000053340
186 4   0.0000527061  -0.0000403304   0.0002012091   0.0000015503   0.0000113944
186 5  -0.0000723277  -0.0000506826   0.0000256855  -0.0000040956  -0.0000113515
186 6   0.0000054242   0.0000057687   0.0000054018   0.0000298107   0.0000107791
186 7   0.0001576421   0.0000500501  -0.0002080831  -0.0000614353  -0.0000251781
186 8  -0.0000116603   0.0000034946   0.0000160786  -0.0000114424   0.0000079100
186 9  -0.0000065013   0.0000292278   0.0000056450  -0.0000030573   0.0000071650
18610  -0.0000107892  -0.0000406577  -0.0000456624   0.0000222398   0.0000185656
18611  -0.0000288673  -0.0000117808   0.0000188527   0.0000164018   0.0000123044
18612  -0.0000046291   0.0000160742   0.0000059172   0.0000069150  -0.0000079065
18613   0.0000387171  -0.0000069217  -0.0000429292  -0.0000075596  -0.0000130014
18614   0.0000441225  -0.0000038769  -0.0000100748   0.0000037934   0.0000076963
18615  -0.0000072706  -0.0000039153  -0.0000041215   0.0000261875   0.0000305784
18616   0.0000317793  -0.0000445510  -0.0000025562   0.0000131526  -0.0000476608
18617   0.0000275452  -0.0000210235   0.0000214474  -0.0000223698  -0.0000027523
18618  -0.0000164484   0.0001204519  -0.0000341529   0.0000436939   0.0000159633
18619   0.0000444770  -0.0000243629   0.0000263562  -0.0000415850  -0.0000231446
18620   0.0000429674   0.0000092215  -0.0000161686   0.0000308673   0.0000061962
18621   0.0000307432  -0.0000272521  -0.0000165740   0.0000378612   0.0000028967
18622   0.0000135993   0.0000282237   0.0000177215   0.0000412823   0.0000551388
18623  -0.0000521945  -0.0000274844   0.0000137736  -0.0000600110  -0.0000125132
18624  -0.0000014101  -0.0000195303   0.0000158477  -0.0000135832   0.0000057226
18625  -0.0176780878   0.1224487713  -0.2038994357   0.0047715859  -0.0003561064
18626   0.0056470950  -0.0004739234  -0.0012543544  -0.0012335349  -0.0013495468
18627   0.0009621169   0.0005387939   0.0007379094  -0.0000474457  -0.0001082635
18628  -0.0003737129   0.0001653416   0.0001022365   0.0004258961  -0.0001373338
18629   0.0000163195  -0.0007717756  -0.0003371261   0.0000767015   0.0004569276
18630   0.0006054001   0.0000840751  -0.0006120754   0.0000470517  -0.0000012353
18631   0.0003257824   0.0001612029  -0.0000226005  -0.0002060918   0.0000482675
18632  -0.0000515882   0.0001499987   0.0001288577  -0.0000430753   0.0000698095
18633  -0.0001890510  -0.0000806005   0.0001024426   0.0000905857   0.0001445973
18634  -0.0000637359   0.0000725403   0.0000009598   0.0000197131  -0.0001083619
18635   0.0000287780  -0.0001504847   0.0000044196  -0.0000114299   0.0001710653
18636  -0.0002329227   0.0000775141  -0.0000673900   0.0000485725  -0.0000478098
18637  -0.0032893508   0.0147343598  -0.0175953323   0.0175211131  -0.1316388195
18638   0.2119280931  -0.0001795906  -0.0042874654   0.0048078762  -0.0000577561
18639   0.0000020940   0.0000456796  -0.0000417036  -0.0002032522  -0.0000440822
18640   0.0000114984   0.0001150010   0.0000335081  -0.0000321869  -0.0000437948
18641   0.0000062300  -0.0000003622   0.0000177016   0.0000037986   0.0004762351
18642  -0.0009098076  -0.0003319300  -0.0000006119  -0.0000013626   0.0000088076
18643   0.0000044818   0.0000058512   0.0000184258  -0.0000002220  -0.0000115807
18644  -0.0000081320   0.0000034694   0.0000028545   0.0000005136  -0.0000033781
18645  -0.0000191335  -0.0000344104   0.0000015615   0.0000028234   0.0000010492
18646  -0.0000024453   0.0000145518  -0.0000152052  -0.0000145605   0.0000201323
18647  -0.0000627638   0.0000009309   0.0000045390  -0.0000035760
187 1   0.0000059380   0.0000012712  -0.0000127752   0.0000200268  -0.0000188597
187 2   0.0000000368   0.0000061654  -0.0000054083   0.0000010462   0.0000076718
187 3   0.0000001017   0.0000051464  -0.0000092712  -0.0000256454  -0.0000020352
187 4  -0.0000160668   0.0000345439   0.0000831014   0.0000179538  -0.0000139296
187 5  -0.0000178234   0.0000090535  -0.0000186619  -0.0000145994  -0.0000020927
187 6  -0.0000133451  -0.0000017575   0.0000056207   0.0000171631  -0.0000212481
187 7  -0.0000219253  -0.0000345693  -0.0000431794   0.0000124488   0.0000102959
187 8  -0.0000387730   0.0000010462   0.0000088678  -0.0000028612   0.0000111847
187 9   0.0000038528  -0.0000074848  -0.0000049023   0.0000014447  -0.0000025688
18710   0.0000464790   0.0000225524  -0.0000002478  -0.0000122459  -0.0000154061
18711   0.0000089338  -0.0000035437   0.0000007574   0.0000006161  -0.0000016668
18712   0.0000004576  -0.0000089779  -0.0000125868  -0.0000079380   0.0000079873
18713  -0.0000138881   0.0000153113   0.0000087335  -0.0000002170   0.0000051802
18714  -0.0000025631  -0.0000011826   0.0000082891  -0.0000001317  -0.0000039851
18715   0.0000176511  -0.0000021303  -0.0000086138  -0.0000061038   0.0000032182
18716  -0.0000092742  -0.0000082221   0.0000001167   0.0000243637  -0.0000102380
18717   0.0000084722  -0.0000145260  -0.0000140525   0.0000183324  -0.0000039126
18718   0.0000107501   0.0000089598  -0.0000002949   0.0000131300  -0.0000067586
18719  -0.0000131414   0.0000058376   0.0000041718   0.0000190880   0.0000230320
18720   0.0000153369   0.0000092838  -0.0000108987   0.0000060935  -0.0000063246
18721  -0.0000115521   0.0000018793   0.0000069533   0.0000062030  -0.0000091770
18722   0.0000025685  -0.0000042129  -0.0000024233  -0.0000071870  -0.0000081650
18723   0.0000293226   0.0000101950   0.0000018381   0.0000077628   0.0000022524
18724  -0.0000005606   0.0000027619  -0.0000155293   0.0000029938  -0.0000039947
18725  -0.2116895099   0.1215327318   0.0244956466  -0.0269282076   0.0139020285
18726   0.0029076708  -0.0000035421   0.0031737032  -0.0003132595  -0.0009673233
18727  -0.0042650548   0.0006682585  -0.0011262877   0.0008505774   0.0000479852
18728   0.0000322069  -0.0005402808  -0.0000575015  -0.0001464274   0.0000696503
18729   0.0000269922   0.0003084351   0.0001958150  -0.0000397349  -0.0000307941
18730  -0.0004287477   0.0000368082   0.0001779112  -0.0000801338   0.0000100937
18731  -0.0000622702  -0.0000313257  -0.0000018688  -0.0000077108  -0.0000001580
18732   0.0000161396  -0.0000027150  -0.0000010360  -0.0000253350  -0.0000031028
18733   0.0000024279  -0.0000116408   0.0000243583  -0.0000092672  -0.0000295533
18734  -0.0000047254   0.0000069688   0.0000075272  -0.0000118159   0.0000349787
18735  -0.0000136131  -0.0000254652   0.0000200412  -0.0000026757   0.0000122122
18736  -0.0000735611   0.0000340371  -0.0000888977   0.0001299168  -0.0000222460
18737   0.0046350154  -0.0026541727  -0.0000995982   0.0003536316   0.0002109819
18738  -0.0001795906   0.2338044280  -0.1306643474  -0.0275570345   0.0009744387
18739  -0.0012654267   0.0000522346   0.0003588604  -0.0000672018  -0.0000112691
18740   0.0003244674  -0.0000914679   0.0000457636  -0.0000195257  -0.0000400557
18741   0.0000235645  -0.0000301381   0.0000080020   0.0000030592   0.0000973703
18742   0.0001027619  -0.0000677559  -0.0000026106   0.0000020619  -0.0000014421
18743   0.0000026282  -0.0000000071   0.0000045157  -0.0000003696  -0.0000035522
18744   0.0000000205  -0.0000007419  -0.0000001764   0.0000009380  -0.0000015436
18745  -0.0000050613  -0.0000046693   0.0000002269   0.0000001733  -0.0000002100
18746   0.0000012408  -0.0000012535   0.0000076566   0.0000072411  -0.0000065020
18747   0.0000272911   0.0000031368   0.0000022134   0.0000022765
188 1  -0.0000011845   0.0000204684   0.0000108335   0.0000144564  -0.0000135122
188 2  -0.0000161665  -0.0000018648   0.0000063044   0.0000002087  -0.0000000926
188 3   0.0000012826   0.0000020610   0.0000074108   0.0000051052   0.0000075187
188 4  -0.0000336465   0.0000426005   0.0000527928   0.0000434148  -0.0000074669
188 5   0.0000385102   0.0000119454   0.0000016509  -0.0000030081  -0.0000083970
188 6  -0.0000053687   0.0000012057   0.0000022559  -0.0000074422  -0.0000044955
188 7  -0.0000568984   0.0000026309  -0.0000209594   0.0000103515  -0.0000010881
188 8  -0.0000250043   0.0000049773  -0.0000010191   0.0000034631  -0.0000004765
188 9   0.0000070627  -0.0000066010   0.0000034833   0.0000020326  -0.0000042308
18810   0.0000049950   0.0000053454   0.0000031406  -0.0000075941  -0.0000066419
18811   0.0000037338  -0.0000030417  -0.0000041051   0.0000014353  -0.0000026544
18812  -0.0000008277   0.0000014649  -0.0000059306  -0.0000034703  -0.0000026491
18813  -0.0000031043   0.0000073471   0.0000038080  -0.0000000259   0.0000016272
18814   0.0000005117  -0.0000060637   0.0000090307  -0.0000029420  -0.0000046762
18815   0.0000052525  -0.0000018396   0.0000304357   0.0000042377  -0.0000234048
18816  -0.0000197574  -0.0000002575  -0.0000074395  -0.0000077325   0.0000045824
18817   0.0000021637  -0.0000003363   0.0000035720  -0.0000022541  -0.0000063168
18818  -0.0000200601   0.0000107203  -0.0000033636  -0.0000052534  -0.0000043677
18819  -0.0000050094   0.0000003517  -0.0000015009   0.0000034046   0.0000041494
18820   0.0000012511   0.0000055034  -0.0000041568  -0.0000019176   0.0000000992
18821  -0.0000055318  -0.0000014441  -0.0000009751  -0.0000016202   0.0000018791
18822  -0.0000008288  -0.0000079793   0.0000006332  -0.0000037102  -0.0000047029
18823   0.0000124597  -0.0000004197   0.0000047763  -0.0000008647  -0.0000014860
18824   0.0000056792   0.0000037574  -0.0000000524   0.0000025672   0.0000048282
18825   0.1360986582  -0.1427087307  -0.0191067243  -0.0204711078   0.0087421363
18826   0.0026596655  -0.0039813265   0.0000733687   0.0005988390  -0.0021908923
18827  -0.0030436500   0.0003810410  -0.0011415575   0.0006126350  -0.0000225601
18828  -0.0000204409  -0.0002216165  -0.0000152437   0.0000752977  -0.0000673156
18829   0.0000646685   0.0000490259   0.0004352187  -0.0000182415   0.0001213870
18830  -0.0010698509  -0.0002044340   0.0000558094   0.0000628849   0.0000111669
18831  -0.0000035591  -0.0000111595  -0.0000120400   0.0000051804  -0.0000010219
18832  -0.0000099448  -0.0000026151   0.0000060575   0.0000031206  -0.0000272569
18833   0.0000064434   0.0000016554   0.0000156534   0.0000105128   0.0000027464
18834  -0.0000068851   0.0000030282  -0.0000004070   0.0000000842  -0.0000114822
18835   0.0000005041   0.0000239774   0.0000087298   0.0000030777  -0.0000330287
18836  -0.0000192259  -0.0000092029  -0.0000591346   0.0000148199   0.0000152793
18837   0.0109860661  -0.0073661920   0.0006797773   0.0118232029  -0.0081190840
18838  -0.0042874654  -0.1306643474   0.1528489927   0.0190352558  -0.0007662815
18839  -0.0006962614   0.0001514066  -0.0002538423  -0.0000228097   0.0000168870
18840  -0.0000650997  -0.0001409634  -0.0000145421   0.0000298009   0.0000550500
18841   0.0000216112  -0.0000090211   0.0000019075  -0.0000194310   0.0004536592
18842   0.0005659167   0.0000429762  -0.0000022321   0.0000005005  -0.0000007810
18843   0.0000005552   0.0000001006  -0.0000006710   0.0000011573  -0.0000012155
18844   0.0000011340   0.0000001921   0.0000002530  -0.0000009632   0.0000016746
18845  -0.0000004472  -0.0000008731   0.0000003845   0.0000003464  -0.0000005889
18846  -0.0000012288   0.0000013599   0.0000004654  -0.0000003521   0.0000024464
18847  -0.0000040007   0.0000013492   0.0000011648  -0.0000004539
189 1  -0.0000068427   0.0000152625   0.0000069857   0.0000110648  -0.0000140345
189 2  -0.0000201649   0.0000000040   0.0000077941  -0.0000054578  -0.0000143734
189 3  -0.0000058200   0.0000034277   0.0000129202   0.0000168057   0.0000038664
189 4  -0.0000388987   0.0001351594   0.0001584084   0.0000918429  -0.0000176150
189 5   0.0000011384  -0.0000186117   0.0000048866  -0.0000042896  -0.0000091632
189 6  -0.0000012786  -0.0000011435   0.0000040896  -0.0000162756   0.0000015379
189 7  -0.0000669147   0.0000014192   0.0001363618   0.0000104942  -0.0000042894
189 8   0.0000010261   0.0000076382   0.0000020108  -0.0000010631   0.0000026219
189 9   0.0000085658  -0.0000023220   0.0000032661   0.0000003837  -0.0000000502
18910  -0.0000221429  -0.0000080472   0.0000018160  -0.0000094095  -0.0000063973
18911  -0.0000021519  -0.0000011848  -0.0000046759  -0.0000020076  -0.0000038737
18912  -0.0000049200   0.0000086024  -0.0000006535  -0.0000060383   0.0000038673
18913  -0.0000115563   0.0000042682  -0.0000110530   0.0000020912  -0.0000012401
18914  -0.0000137722  -0.0000026710   0.0000061236  -0.0000074256  -0.0000022552
18915  -0.0000013874   0.0000025207   0.0000197311   0.0000049684  -0.0000029465
18916   0.0000037387  -0.0000018468  -0.0000149459  -0.0000301686  -0.0000018324
18917   0.0000046449   0.0000182824   0.0000041157  -0.0000035047   0.0000012333
18918  -0.0000135352  -0.0000062777  -0.0000202904  -0.0000146944   0.0000196252
18919   0.0000078473   0.0000026649   0.0000023820   0.0000035378  -0.0000097750
18920   0.0000015875   0.0000004943   0.0000050883  -0.0000136195   0.0000062809
18921   0.0000036293   0.0000045819  -0.0000043396  -0.0000067473   0.0000040526
18922  -0.0000026472  -0.0000163285   0.0000024473  -0.0000078250   0.0000031227
18923   0.0000007729  -0.0000024026  -0.0000048050   0.0000080166   0.0000066907
18924  -0.0000018858   0.0000068162   0.0000054720  -0.0000031539   0.0000022429
18925   0.0254330474  -0.0178174468  -0.0478269864   0.0016319312  -0.0008385880
18926  -0.0024866129   0.0003682140  -0.0002475705   0.0004163950  -0.0001570860
18927   0.0004576268   0.0002367705   0.0001973023  -0.0000644269   0.0004589709
18928  -0.0000824295   0.0000963894   0.0000144666  -0.0000043147  -0.0000503396
18929   0.0000182681   0.0000261600  -0.0000474261   0.0001489001  -0.0002194302
18930   0.0001670145   0.0001537699  -0.0000241043   0.0000075230   0.0000127797
18931  -0.0000015555   0.0000102861  -0.0000170498   0.0000106435   0.0000026657
18932  -0.0000090797  -0.0000018411  -0.0000066341   0.0000124410   0.0000050840
18933   0.0000058360   0.0000128521  -0.0000223748   0.0000044854  -0.0000040159
18934   0.0000137249  -0.0000163276  -0.0000041451   0.0000043828  -0.0000084174
18935   0.0000093974  -0.0000103839   0.0000002914  -0.0000105040  -0.0000010289
18936  -0.0000142881  -0.0000324145   0.0000284471   0.0000317456   0.0000090967
18937   0.0197571606  -0.0140162935  -0.0009710704  -0.0191109979   0.0129661674
18938   0.0048078762  -0.0275570345   0.0190352558   0.0444575064   0.0000333819
18939   0.0003205700   0.0006226952  -0.0002237993   0.0001751203   0.0000122725
18940   0.0000814006  -0.0001576985   0.0000287937   0.0000034804   0.0000070354
18941  -0.0000073770   0.0000053195   0.0000005434  -0.0000098826  -0.0001196365
18942  -0.0000672299  -0.0003255441   0.0000013044  -0.0000006362  -0.0000000018
18943  -0.0000013355  -0.0000004478  -0.0000012947  -0.0000005664   0.0000033759
18944   0.0000009138  -0.0000004209  -0.0000005411   0.0000004087   0.0000001677
18945   0.0000041613   0.0000101594  -0.0000002459  -0.0000006697   0.0000008741
18946  -0.0000007112  -0.0000013270  -0.0000036639  -0.0000045667   0.0000011697
18947  -0.0000112024  -0.0000004053  -0.0000005996   0.0000007039
190 1   0.0000006524   0.0000027591  -0.0000143086   0.0000111257  -0.0000025213
190 2  -0.0000036861   0.0000068100   0.0000003704   0.0000067746  -0.0000145825
190 3  -0.0000030944  -0.0000009960   0.0000023667  -0.0000096028  -0.0000099180
190 4   0.0000033081  -0.0000098981  -0.0000040412  -0.0000129315   0.0000043790
190 5  -0.0000086146   0.0000023083  -0.0000141435  -0.0000164861  -0.0000009965
190 6  -0.0000018963  -0.0000064776   0.0000038224   0.0000103425  -0.0000036402
190 7  -0.0000218389  -0.0000059847  -0.0000379110  -0.0000198143   0.0000105346
190 8  -0.0000299115   0.0000088276   0.0000000901  -0.0000080196   0.0000084192
190 9   0.0000018792   0.0000030127   0.0000001686   0.0000018947   0.0000018449
19010   0.0000370313   0.0000018551   0.0000158680  -0.0000087250   0.0000071425
19011  -0.0000002533  -0.0000053152   0.0000014677   0.0000074084   0.0000041227
19012  -0.0000010904  -0.0000116916  -0.0000032208  -0.0000073275   0.0000124062
19013  -0.0000107883   0.0000066142   0.0000009646   0.0000054910  -0.0000040278
19014  -0.0000028743  -0.0000010983   0.0000050892  -0.0000005464   0.0000031122
19015   0.0000144605   0.0000048008  -0.0000078921  -0.0000149451   0.0000012087
19016  -0.0000107478  -0.0000078064  -0.0000003464   0.0000175789   0.0000021232
19017   0.0000164680  -0.0000020151  -0.0000083819   0.0000133178  -0.0000033509
19018   0.0000159790   0.0000210413  -0.0000017392  -0.0000030003   0.0000115176
19019   0.0000008380   0.0000014692   0.0000128076   0.0000093256   0.0000102131
19020   0.0000112775   0.0000030395   0.0000027810  -0.0000164725   0.0000061467
19021   0.0000077933  -0.0000040218  -0.0000007467   0.0000149119  -0.0000102487
19022   0.0000083595  -0.0000000257   0.0000000160  -0.0000035816   0.0000009918
19023  -0.0000075088   0.0000189842  -0.0000097271  -0.0000003834  -0.0000061027
19024  -0.0000089343  -0.0000008681  -0.0000154514  -0.0000078367   0.0000028765
19025   0.0004167153  -0.0035409781   0.0002156208  -0.0031311170  -0.0000536677
19026   0.0002825316  -0.3000054134   0.0639460701   0.0203763184   0.0009677453
19027  -0.0004199919  -0.0000047351  -0.0004327952  -0.0002422301   0.0001892465
19028   0.0003326179   0.0000306459  -0.0000097327  -0.0001460025   0.0000815001
19029  -0.0000198832   0.0001061879   0.0001164724  -0.0000406559   0.0000053613
19030  -0.0001729438   0.0000194941   0.0000606874  -0.0000143968   0.0000189195
19031   0.0000030756  -0.0000005164  -0.0000108283  -0.0000253974   0.0000102506
19032   0.0000132844   0.0000063918   0.0000129170  -0.0000198658   0.0000097853
19033  -0.0000144748  -0.0000074806   0.0000174794  -0.0000014345  -0.0000186203
19034  -0.0000028552   0.0000043152   0.0000064580  -0.0000062502   0.0000196487
19035  -0.0000085636  -0.0000352071   0.0000134852  -0.0000023665   0.0000528852
19036  -0.0000755853   0.0000292227  -0.0000185083   0.0000608634  -0.0000094284
19037   0.0001801318  -0.0001967486  -0.0000110967   0.0002466146  -0.0003375587
19038  -0.0000577561   0.0009744387  -0.0007662815   0.0000333819   0.3170487704
19039  -0.0631632300  -0.0227711414  -0.0104765141   0.0028152696   0.0026471366
19040  -0.0062725052   0.0013717627  -0.0007121552   0.0001006486   0.0004454160
19041  -0.0000984668  -0.0000136823  -0.0000026780   0.0000026278   0.0000215252
19042   0.0000740399   0.0000009538  -0.0000016040   0.0000013520  -0.0000003577
19043   0.0000013520   0.0000007481   0.0000034427  -0.0000006166  -0.0000019974
19044   0.0000000115  -0.0000003838  -0.0000004866   0.0000009437  -0.0000015315
19045  -0.0000035097  -0.0000031368  -0.0000004190   0.0000004237   0.0000006009
19046   0.0000009797   0.0000002613   0.0000041534   0.0000035833  -0.0000026672
19047   0.0000158571   0.0000029260   0.0000010384   0.0000016806
191 1  -0.0000007152  -0.0000058591   0.0000106206  -0.0000030942  -0.0000020943
191 2  -0.0000055111   0.0000076974  -0.0000044491  -0.0000007760  -0.0000061245
191 3   0.0000010451  -0.0000116511   0.0000238798   0.0000233028  -0.0000061422
191 4  -0.0000045015   0.0000058596   0.0000198884  -0.0000064717   0.0000071169
191 5   0.0000405968   0.0000017377   0.0000149513   0.0000020133   0.0000078671
191 6   0.0000153291  -0.0000046204  -0.0000016472  -0.0000067960   0.0000136752
191 7   0.0000174082  -0.0000243600   0.0000314283  -0.0000265494   0.0000058066
191 8   0.0000053687   0.0000096510  -0.0000182874  -0.0000085342  -0.0000090636
191 9   0.0000036034   0.0000041732   0.0000042699   0.0000092987  -0.0000020117
19110   0.0000239628  -0.0000126027  -0.0001409707  -0.0000217671   0.0000205595
19111   0.0000014190   0.0000007660   0.0000019767   0.0000015614  -0.0000024485
19112   0.0000070180   0.0000012846   0.0000057602   0.0000157850  -0.0000064189
19113  -0.0000047187  -0.0000130902   0.0000055023  -0.0000042231  -0.0000102578
19114   0.0000032400  -0.0000072158   0.0000014642  -0.0000004269  -0.0000031285
19115   0.0000037301   0.0000031142   0.0000120326  -0.0000030708  -0.0000019982
19116   0.0000085857   0.0000074723   0.0000052124  -0.0000130276   0.0000123738
19117  -0.0000058038   0.0000210529   0.0000137537  -0.0000101830  -0.0000042925
19118  -0.0000154140  -0.0000040900   0.0000062827  -0.0000191343   0.0000123707
19119   0.0000097876  -0.0000021587  -0.0000020393  -0.0000131987  -0.0000093940
19120  -0.0000126266  -0.0000139420   0.0000027210  -0.0000233352   0.0000080837
19121   0.0000082966  -0.0000070092  -0.0000064499   0.0000020349   0.0000046612
19122  -0.0000033722   0.0000130799   0.0000019601   0.0000071214   0.0000116460
19123  -0.0000370448  -0.0000108104  -0.0000015606   0.0000002281  -0.0000102414
19124   0.0000054977   0.0000005537   0.0000014365   0.0000074618   0.0000074627
19125   0.0035374189  -0.0003711115  -0.0003310950   0.0340684091  -0.0145622535
19126  -0.0024770550   0.0498122911  -0.0573789068  -0.0041060130  -0.0025843670
19127  -0.0052147520   0.0003890373  -0.0008800960  -0.0005356712   0.0001556132
19128   0.0001591965   0.0005426856   0.0000270971   0.0000035976  -0.0000976535
19129  -0.0000388606  -0.0004258424  -0.0004864433   0.0000660091   0.0018870837
19130  -0.0004041542  -0.0000558956  -0.0001306843   0.0001516127  -0.0000119041
19131   0.0000723259   0.0000337916  -0.0000094968  -0.0000027909   0.0000090868
19132  -0.0000119941   0.0000011618   0.0000185526   0.0000205426   0.0000111679
19133  -0.0000191647   0.0000187513  -0.0000256447   0.0000092644   0.0000133687
19134   0.0000052015  -0.0000072679  -0.0000051040   0.0000074863  -0.0000200984
19135   0.0000091646  -0.0000068076   0.0000116538   0.0000030210   0.0000175037
19136  -0.0000128300  -0.0000040750   0.0000513651  -0.0000560167  -0.0000117145
19137  -0.0002087986  -0.0000157708  -0.0000368575  -0.0002111850   0.0000887200
19138   0.0000020940  -0.0012654267  -0.0006962614   0.0003205700  -0.0631632300
19139   0.0719303187   0.0041794836  -0.0120058499   0.0038973676   0.0029490690
19140  -0.0089262938   0.0025584532  -0.0008313831   0.0000937998   0.0005686182
19141  -0.0000665835   0.0001232371  -0.0000301995  -0.0000054293  -0.0000109715
19142   0.0000023314  -0.0000114724   0.0000001683  -0.0000004802   0.0000012833
19143  -0.0000022546   0.0000006117  -0.0000043164   0.0000001471   0.0000035077
19144  -0.0000002234  -0.0000000817  -0.0000002230  -0.0000002393   0.0000012037
19145   0.0000038852   0.0000033626  -0.0000013615   0.0000003976   0.0000011096
19146   0.0000009728   0.0000012370  -0.0000047796  -0.0000042153   0.0000054507
19147  -0.0000185885   0.0000017842  -0.0000009433  -0.0000016375
192 1   0.0000015115  -0.0000005422   0.0000049294  -0.0000063747   0.0000090003
192 2   0.0000002206  -0.0000018109  -0.0000016362  -0.0000043470   0.0000189595
192 3   0.0000019726   0.0000178880  -0.0000119525   0.0000089689   0.0000120315
192 4   0.0000003716   0.0000278180   0.0000045685   0.0000217150  -0.0000058698
192 5   0.0000043918   0.0000002353   0.0000043775   0.0000104516  -0.0000040736
192 6  -0.0000091892   0.0000025869   0.0000028153  -0.0000064753  -0.0000090628
192 7  -0.0000425568   0.0000240985   0.0000259818   0.0000812770  -0.0000364262
192 8   0.0000050679  -0.0000233362   0.0000075695  -0.0000010911   0.0000003142
192 9   0.0000010644  -0.0000084175  -0.0000004140   0.0000034178  -0.0000021343
19210  -0.0001726182  -0.0000532657   0.0003430408   0.0000361161  -0.0000249738
19211  -0.0000319384   0.0000034716   0.0000000429  -0.0000083749  -0.0000041511
19212  -0.0000020351   0.0000081774   0.0000046831   0.0000003326  -0.0000025590
19213   0.0000086093   0.0000166418  -0.0000063272  -0.0000074228   0.0000056365
19214  -0.0000102175  -0.0000031373  -0.0000015193  -0.0000057165  -0.0000076247
19215  -0.0000092344  -0.0000044983  -0.0000009539  -0.0000041266   0.0000046973
19216   0.0000209209  -0.0000121978  -0.0000020000  -0.0000131216  -0.0000054830
19217  -0.0000189504   0.0000012191  -0.0000001555  -0.0000129739   0.0000238177
19218   0.0000104558  -0.0000308769  -0.0000210656   0.0000091089  -0.0000216051
19219  -0.0000022920   0.0000095778  -0.0000238897   0.0000075538  -0.0000043706
19220  -0.0000067742   0.0000013565  -0.0000093894   0.0000323272  -0.0000002095
19221  -0.0000178872   0.0000152461  -0.0000062288  -0.0000251003   0.0000026134
19222  -0.0000158949  -0.0000140675  -0.0000013786  -0.0000203447  -0.0000210985
19223   0.0000679901  -0.0000206582   0.0000105814   0.0000099583   0.0000162964
19224   0.0000111703   0.0000103307   0.0000017866   0.0000124050  -0.0000011397
19225  -0.0002540335   0.0003338914   0.0004152036  -0.0024372238   0.0008545090
19226  -0.0022113398   0.0218671710  -0.0058338736  -0.0451113440   0.0001265481
19227   0.0003918897   0.0003911601  -0.0001251686   0.0000820340   0.0001351231
19228   0.0000687278  -0.0000229515   0.0001269006  -0.0000297797   0.0000297361
19229   0.0000277574   0.0000195442   0.0000395136  -0.0000071749  -0.0000860391
19230   0.0000739329   0.0005356551   0.0000677110  -0.0000005249  -0.0000293090
19231  -0.0000539058  -0.0000050599   0.0000180704   0.0000327660  -0.0000057463
19232  -0.0000014033  -0.0000211960  -0.0000170071   0.0000122487   0.0000010585
19233   0.0000249333   0.0000107351  -0.0000223706  -0.0000043177  -0.0000172979
19234   0.0000148666  -0.0000180190  -0.0000044343  -0.0000005688   0.0000054181
19235   0.0000032438   0.0000033523   0.0000017744  -0.0000070957  -0.0000037015
19236   0.0000020786   0.0000044544  -0.0000088230  -0.0000148875   0.0000195333
19237   0.0002348741   0.0000093463  -0.0000122829  -0.0002371966   0.0000633436
19238   0.0000456796   0.0000522346   0.0001514066   0.0006226952  -0.0227711414
19239   0.0041794836   0.0419108825  -0.0209151158   0.0058927900   0.0034524608
19240   0.0246503396  -0.0060997581  -0.0002713877  -0.0000275130  -0.0000164911
19241  -0.0003676175  -0.0000091810  -0.0000051567  -0.0000775014  -0.0000024769
19242  -0.0000015576   0.0000080675   0.0000003959   0.0000003146  -0.0000016804
19243  -0.0000010153  -0.0000011191  -0.0000024504  -0.0000000155   0.0000026173
19244   0.0000011682  -0.0000005933  -0.0000005198   0.0000007585   0.0000005756
19245   0.0000039597   0.0000105969  -0.0000001607  -0.0000005816   0.0000008076
19246   0.0000000303  -0.0000022881   0.0000000705  -0.0000016504  -0.0000025345
19247  -0.0000008142   0.0000018857   0.0000002250   0.0000016344
193 1  -0.0000213046  -0.0000136470  -0.0000014044  -0.0000037619   0.0000106892
193 2  -0.0000127356  -0.0000081204  -0.0000073588  -0.0000381568  -0.0000127526
193 3  -0.0000144704  -0.0000203031  -0.0000000276   0.0000226056  -0.0000377618
193 4   0.0000114850  -0.0000076921   0.0000094532  -0.0000055456  -0.0000140470
193 5  -0.0000199616  -0.0000211214   0.0000069316   0.0000202161   0.0000057330
193 6   0.0000362886  -0.0000063089  -0.0000001112  -0.0000083574   0.0000100882
193 7   0.0000205117   0.0001002858   0.0000182513  -0.0000719976   0.0000296323
193 8   0.0000024791   0.0000137397  -0.0000072876  -0.0000187731  -0.0000039421
193 9  -0.0000119430   0.0000188739   0.0000150137   0.0000186516   0.0000055792
19310   0.0000451076  -0.0000258045  -0.0002893130   0.0000269045   0.0000246290
19311  -0.0000051442  -0.0000073683   0.0000042855  -0.0000004564   0.0000094948
19312  -0.0000041452   0.0000178420   0.0000145629   0.0000034014  -0.0000050025
19313   0.0000121113  -0.0000274656  -0.0000379161   0.0000103231  -0.0000115190
19314   0.0000080488  -0.0000031329  -0.0000223817   0.0000107484   0.0000182517
19315  -0.0000281279  -0.0000100418   0.0000129133   0.0000117677   0.0000272720
19316   0.0000333194  -0.0000152070   0.0000042885  -0.0000391845  -0.0000375990
19317  -0.0000172292   0.0000013101   0.0000176581  -0.0000168957  -0.0000081534
19318  -0.0000117221   0.0000367058  -0.0000181441  -0.0000127361   0.0000680109
19319   0.0000429638  -0.0000222781   0.0000282457  -0.0000364879  -0.0000109864
19320  -0.0000019270  -0.0000107004   0.0000224362   0.0000196537   0.0000069888
19321   0.0000568275   0.0000032283  -0.0000127742   0.0000216607  -0.0000029931
19322   0.0000073871   0.0000241061  -0.0000068712   0.0000175708   0.0000370586
19323  -0.0000712621   0.0000060446  -0.0000137042  -0.0000107433  -0.0000205585
19324  -0.0000044706  -0.0000140189   0.0000192296   0.0000061162  -0.0000049380
19325  -0.0002977101  -0.0002102561   0.0001471747   0.0036064423  -0.0000110538
19326   0.0049279781  -0.1103249964  -0.0544061397  -0.0966899956  -0.0000866596
19327   0.0006225304   0.0007441999   0.0005305121  -0.0004828763   0.0003733313
19328  -0.0010393620   0.0008032596  -0.0003637770   0.0001249093  -0.0005928118
19329   0.0000523993   0.0003797396   0.0000566422  -0.0000799683  -0.0002028940
19330  -0.0000924966  -0.0004092169  -0.0001633374   0.0001264312  -0.0000028398
19331   0.0000446314   0.0000314421   0.0000612994   0.0000683674   0.0000097474
19332  -0.0000387728  -0.0000140627  -0.0000786603   0.0000391412   0.0000696442
19333   0.0000165362  -0.0000244644  -0.0001085830  -0.0000066103   0.0000658645
19334   0.0000347138  -0.0000330589  -0.0000189478   0.0000265988  -0.0000441404
19335   0.0000301385  -0.0000619321  -0.0000033006  -0.0000216215  -0.0000642321
19336   0.0000590157   0.0000420621   0.0002072473   0.0000284610   0.0000245675
19337   0.0000935260  -0.0003429578  -0.0000877102   0.0000163964  -0.0002005677
19338  -0.0000417036   0.0003588604  -0.0002538423  -0.0002237993  -0.0104765141
19339  -0.0120058499  -0.0209151158   0.1140261221   0.0611276794   0.1023450530
19340   0.0049216905   0.0045330144   0.0089867609  -0.0016868416   0.0012043071
19341   0.0013945337   0.0000053377  -0.0000085538   0.0000547942  -0.0000043238
19342   0.0000163946   0.0000333961   0.0000073054  -0.0000073178  -0.0000007835
19343  -0.0000042850   0.0000012242  -0.0000016790  -0.0000052440   0.0000107846
19344   0.0000019973  -0.0000020756   0.0000000941  -0.0000043556  -0.0000019731
19345   0.0000176152   0.0000170036  -0.0000015292  -0.0000027637  -0.0000032144
19346  -0.0000034975  -0.0000044409  -0.0000160520  -0.0000134040   0.0000033688
19347  -0.0000541823  -0.0000043647  -0.0000029303  -0.0000023231
194 1  -0.0000244851  -0.0000037259   0.0000129277  -0.0000207092   0.0000271402
194 2  -0.0000423951   0.0000026743  -0.0000140279  -0.0000140171  -0.0000269958
194 3  -0.0000114403  -0.0000024914   0.0000377903   0.0000741482  -0.0000134909
194 4  -0.0000050315   0.0000021796   0.0001057525  -0.0000032216   0.0000181392
194 5   0.0000084765  -0.0000094340   0.0000436481   0.0000119413   0.0000030745
194 6   0.0000458097  -0.0000001582  -0.0000101319  -0.0000442189   0.0000593437
194 7   0.0000567356   0.0001221441  -0.0000218363  -0.0000551273  -0.0000297675
194 8   0.0000218041  -0.0000063419  -0.0000406110  -0.0000324894  -0.0000140846
194 9  -0.0000001115   0.0000201524   0.0000155793   0.0000230628   0.0000064634
19410  -0.0000855714  -0.0000927127  -0.0001702273   0.0000129607   0.0000415377
19411  -0.0000286358   0.0000052428   0.0000103682  -0.0000052331  -0.0000002592
19412  -0.0000015695   0.0000259609   0.0000361364   0.0000291921  -0.0000038310
19413   0.0000131290  -0.0000388403  -0.0000431583   0.0000130881  -0.0000229022
19414  -0.0000033327  -0.0000217983  -0.0000167361   0.0000035705   0.0000189022
19415  -0.0000325582   0.0000054245   0.0000483583  -0.0000211067   0.0000182449
19416   0.0000314296  -0.0000067616  -0.0000131378  -0.0000559652   0.0000160107
19417  -0.0000304339   0.0000419965   0.0000394439  -0.0000403887   0.0000190962
19418  -0.0000351756   0.0000028195  -0.0000051353  -0.0000431274   0.0000238327
19419   0.0000452482  -0.0000158090  -0.0000047453  -0.0000409184  -0.0000389185
19420  -0.0000356118  -0.0000151785   0.0000167201  -0.0000019990   0.0000195696
19421   0.0000355286  -0.0000159759  -0.0000222586   0.0000010050   0.0000052111
19422  -0.0000073885   0.0000018472  -0.0000004339   0.0000220017   0.0000364561
19423  -0.0000809556  -0.0000072268  -0.0000061240  -0.0000192438  -0.0000362951
19424   0.0000031348  -0.0000087151   0.0000133989   0.0000029146   0.0000251312
19425   0.0018758255  -0.0016820749  -0.0027566092  -0.0133042880  -0.0286485399
19426  -0.0185988718  -0.0525788294  -0.0866920637  -0.0770786584  -0.0058718987
19427   0.0022690013  -0.0000857388   0.0010675830   0.0008265317   0.0000865857
19428  -0.0001672097   0.0006118404   0.0002019066   0.0007183266  -0.0002271818
19429  -0.0000323249  -0.0010038597   0.0001780778   0.0003816924   0.0009872562
19430  -0.0015287919   0.0007089271  -0.0006092784   0.0002593657  -0.0000434653
19431   0.0003001063   0.0001728453  -0.0000156138  -0.0000638666   0.0000478670
19432  -0.0000442189   0.0000424390   0.0000807028   0.0000665382   0.0000244316
19433  -0.0000937774   0.0000383518  -0.0000324482   0.0000667804   0.0000509638
19434   0.0000096537  -0.0000290636  -0.0000278097   0.0000275992  -0.0001049650
19435   0.0000415102  -0.0000454765   0.0000218322   0.0000120618   0.0000355916
19436  -0.0001629192   0.0000097691  -0.0000610502  -0.0000948352   0.0000082919
19437  -0.0010698374  -0.0010665133  -0.0001744342   0.0000012503  -0.0001651584
19438  -0.0002032522  -0.0000672018  -0.0000228097   0.0001751203   0.0028152696
19439   0.0038973676   0.0058927900   0.0611276794   0.1068068237   0.0867113049
19440   0.0049373475   0.0050137071   0.0061609705   0.0009861776   0.0000750184
19441  -0.0008525440  -0.0000037938  -0.0000129954  -0.0001321919  -0.0000394369
19442   0.0000791971  -0.0001415581   0.0000032377  -0.0000039374   0.0000030431
19443  -0.0000052738   0.0000030833  -0.0000126853  -0.0000006622   0.0000062433
19444   0.0000059983   0.0000013011   0.0000006243  -0.0000030726   0.0000047529
19445   0.0000140468   0.0000237645  -0.0000013177   0.0000005149   0.0000009691
19446  -0.0000047785   0.0000084028  -0.0000181090  -0.0000220679   0.0000206168
19447  -0.0000768679   0.0000038922   0.0000009498  -0.0000066532
195 1   0.0000453343  -0.0000293327   0.0000802283  -0.0000174808  -0.0000549707
195 2   0.0000794618  -0.0000384308  -0.0000009138   0.0000582352   0.0000783698
195 3   0.0000220801   0.0000017650   0.0000028063  -0.0000486221   0.0001482276
195 4   0.0000144644  -0.0000507220  -0.0000798022  -0.0000035515   0.0000262644
195 5  -0.0000078256  -0.0000458547   0.0000983553   0.0000785165  -0.0000287880
195 6  -0.0000997708   0.0000003129  -0.0000018744   0.0000128705   0.0000306941
195 7   0.0000494071  -0.0003698933  -0.0002686437   0.0000616866  -0.0000698400
195 8  -0.0000418956  -0.0000423177  -0.0000363513   0.0000424611  -0.0000331918
195 9   0.0000078303  -0.0000382335  -0.0000534395  -0.0001228030  -0.0000652053
19510   0.0000817171   0.0000764508   0.0003292932  -0.0000579930   0.0000360585
19511  -0.0000459238   0.0000930065   0.0000254780  -0.0000146920  -0.0000258996
19512   0.0000306329  -0.0000245430   0.0000177652   0.0000720987  -0.0000960512
19513   0.0000955113   0.0000756985   0.0001080020  -0.0000907929   0.0000432712
19514   0.0001256035   0.0000278302   0.0000319261  -0.0000168238  -0.0000636908
19515   0.0000257681   0.0000509707   0.0000107858   0.0001056018  -0.0000585174
19516  -0.0001240053   0.0000724031   0.0000071228   0.0001289550   0.0000438531
19517   0.0000783760   0.0000107368   0.0000540138  -0.0000563880   0.0000004694
19518  -0.0000470759  -0.0000113367   0.0000876913   0.0001387297  -0.0002025252
19519  -0.0000893757   0.0000758258  -0.0001022697  -0.0000147737  -0.0000985785
19520  -0.0000335265  -0.0000249849  -0.0000659408   0.0000281225   0.0000072109
19521  -0.0001910104  -0.0000674996  -0.0000147423  -0.0000700925   0.0001000638
19522  -0.0000152045  -0.0000057323   0.0000545721   0.0000581008  -0.0000042440
19523   0.0000584773  -0.0001628742   0.0001042278  -0.0000595164   0.0000433398
19524   0.0000547803   0.0000140749   0.0000309867  -0.0000626664   0.0000632305
19525   0.0001635786   0.0011586632  -0.0012306330   0.0053690893   0.0008533939
19526   0.0090346208  -0.0965591487  -0.0816932545  -0.1814339890  -0.0009657483
19527  -0.0001321436   0.0003540776  -0.0000297494  -0.0008777026   0.0000033225
19528  -0.0003312289   0.0007778801   0.0002035544   0.0002482459  -0.0001035549
19529   0.0000017065  -0.0002032847   0.0000962898   0.0000139052   0.0002309092
19530  -0.0002232842  -0.0001142450  -0.0005114182   0.0001785253  -0.0000430389
19531   0.0002868295  -0.0000217606   0.0000065840  -0.0001991100   0.0000158297
19532  -0.0000399310   0.0001353565   0.0001558329  -0.0000474141   0.0000666391
19533  -0.0002488136  -0.0000527721   0.0001107528   0.0000168814   0.0001572516
19534  -0.0001182011   0.0001595153   0.0000401675  -0.0000065362  -0.0000080085
19535  -0.0000288200  -0.0001164903   0.0000239340   0.0000049893   0.0001410664
19536  -0.0000771232  -0.0000045116  -0.0000303355   0.0000851051  -0.0002016316
19537   0.0000308652   0.0000129116   0.0000707610   0.0001220241   0.0001901117
19538  -0.0000440822  -0.0000112691   0.0000168870   0.0000122725   0.0026471366
19539   0.0029490690   0.0034524608   0.1023450530   0.0867113049   0.1881235339
19540  -0.0137837051  -0.0099879920  -0.0182160294   0.0009505709   0.0001342613
19541  -0.0001678681  -0.0000103801   0.0000019006   0.0000173677   0.0000098468
19542   0.0000430671  -0.0000094286  -0.0000017590   0.0000105010   0.0000002968
19543   0.0000004265   0.0000046729   0.0000171806   0.0000042175  -0.0000187908
19544  -0.0000324987   0.0000052939   0.0000082579   0.0000108709  -0.0000167747
19545  -0.0000524394  -0.0001071415   0.0000017200   0.0000063844   0.0000088229
19546   0.0000190243   0.0000131247  -0.0000006191   0.0000098852   0.0000134032
19547   0.0000082784  -0.0000003011   0.0000015015  -0.0000139635
196 1  -0.0000388365  -0.0000047877  -0.0000657571   0.0000174620   0.0000534434
196 2  -0.0000420502   0.0000158709   0.0000171913  -0.0000850023  -0.0000072001
196 3   0.0000076314   0.0000141988  -0.0000334701   0.0000453859  -0.0001399206
196 4   0.0000236723   0.0000556164   0.0000769088   0.0000081358  -0.0000149422
196 5   0.0000010876   0.0000433240  -0.0001182021  -0.0000334783   0.0000143262
196 6   0.0001045422   0.0000285634   0.0000081676  -0.0000108924  -0.0000741656
196 7  -0.0000964222   0.0005957090  -0.0000854859  -0.0000551123   0.0000326318
196 8  -0.0000542979   0.0000106413   0.0000902480  -0.0000479885   0.0000221491
196 9  -0.0000013395   0.0000311890   0.0000563770   0.0001316403   0.0000677535
19610   0.0005232496  -0.0004221436  -0.0010586785   0.0001289893  -0.0000473562
19611   0.0000556610  -0.0001083283  -0.0000408150   0.0000133121   0.0000169310
19612  -0.0000316269   0.0000588997  -0.0000353376  -0.0000610543   0.0000694319
19613  -0.0001062279  -0.0000904914  -0.0000923131   0.0000696632  -0.0000430444
19614  -0.0001144022  -0.0000213915  -0.0000440822   0.0000302234   0.0000373864
19615  -0.0000717247  -0.0000779196  -0.0000325146  -0.0000659708   0.0000913232
19616   0.0002158777  -0.0000915641  -0.0000241880  -0.0001884575  -0.0000874381
19617  -0.0001514309  -0.0000460205  -0.0000726396   0.0000614893   0.0000065275
19618   0.0000186709  -0.0000032559  -0.0001285240  -0.0001335211   0.0001681553
19619   0.0001035453  -0.0001093109   0.0000844128   0.0000141488   0.0001347342
19620   0.0000353741   0.0000092744   0.0000237439   0.0000409477  -0.0000532327
19621   0.0002146324   0.0000600276   0.0000363924   0.0000592002  -0.0000922920
19622   0.0000059344   0.0000342803  -0.0000766620   0.0000035473  -0.0000094755
19623  -0.0000430658   0.0001235714  -0.0000847507   0.0000468438  -0.0000227840
19624  -0.0000416231  -0.0000307281   0.0000174785   0.0000999061  -0.0001374757
19625  -0.0000001294  -0.0002928397   0.0000328188   0.0021827167  -0.0013492854
19626  -0.0034718983  -0.0714427657  -0.0217221623   0.0672756666  -0.0001863797
19627   0.0010762061  -0.0004003176   0.0003556510  -0.0006116630  -0.0004332559
19628  -0.0005863332   0.0005556185   0.0000692024  -0.0001624239  -0.0005599631
19629  -0.0001047448   0.0005786870   0.0000425831   0.0000156371  -0.0002292398
19630   0.0001079807   0.0002731630   0.0002872468   0.0000502808   0.0000206929
19631  -0.0001576130   0.0000637736  -0.0000144354   0.0002024177   0.0000024103
19632   0.0000508729  -0.0001157302  -0.0001729118   0.0000555530   0.0000420252
19633   0.0001802176   0.0000374048  -0.0002069502  -0.0000341363  -0.0000988956
19634   0.0001303787  -0.0001619843  -0.0000508770   0.0000126103   0.0000086774
19635   0.0000423570  -0.0000239240  -0.0000067823  -0.0000162343  -0.0001097702
19636   0.0000517178   0.0001094986   0.0003022281  -0.0000783755   0.0001884858
19637  -0.0000537612  -0.0001329898  -0.0000003958   0.0001111814  -0.0004482120
19638   0.0000114984   0.0003244674  -0.0000650997   0.0000814006  -0.0062725052
19639  -0.0089262938   0.0246503396   0.0049216905   0.0049373475  -0.0137837051
19640   0.0710369730   0.0265820287  -0.0719316445  -0.0014868122   0.0008332825
19641  -0.0011235100   0.0000198280  -0.0000045738  -0.0000323674  -0.0000090670
19642   0.0000453959  -0.0000206119   0.0000063146  -0.0000135073   0.0000037400
19643  -0.0000042717  -0.0000024597  -0.0000210027  -0.0000097897   0.0000233983
19644   0.0000295524  -0.0000085486  -0.0000075634  -0.0000144179   0.0000121689
19645   0.0000602385   0.0001038218  -0.0000039005  -0.0000068936  -0.0000124794
19646  -0.0000136012  -0.0000200926  -0.0000003568  -0.0000047940  -0.0000192883
19647  -0.0000336536   0.0000029417  -0.0000044904   0.0000078541
197 1  -0.0000338445   0.0000027942  -0.0000081577  -0.0000277385   0.0000397219
197 2  -0.0000555202  -0.0000145790   0.0000328738  -0.0000386906  -0.0000258900
197 3   0.0000033157  -0.0000182497   0.0000173110   0.0000677689  -0.0001280360
197 4   0.0000082296   0.0000210950   0.0000786575  -0.0000103264   0.0000333675
197 5   0.0000158730   0.0000097938  -0.0000057184  -0.0000252922   0.0000568596
197 6   0.0001395233   0.0000457076  -0.0000823990  -0.0000288851   0.0000250448
197 7   0.0000571276  -0.0006022805   0.0004557638  -0.0002302275   0.0000648229
197 8   0.0000190735   0.0001162157  -0.0000612221  -0.0000077625  -0.0000767864
197 9  -0.0000215177   0.0000587036   0.0000759303   0.0001124016   0.0000620883
19710  -0.0002627710   0.0000174166  -0.0010407544   0.0000337541   0.0000553561
19711   0.0000541411  -0.0000284645  -0.0000349375   0.0000313843   0.0000245571
19712  -0.0000072078   0.0000599764  -0.0000010707  -0.0000430490   0.0000607259
19713  -0.0000245697  -0.0000975613  -0.0000642720   0.0000841093  -0.0000658423
19714  -0.0000264475  -0.0000263883  -0.0000339191   0.0000568845   0.0000238806
19715  -0.0000925358  -0.0000210516   0.0000380523  -0.0000036015  -0.0000101467
19716   0.0001372074  -0.0000234753  -0.0000817086  -0.0001922755   0.0000341343
19717  -0.0001802236   0.0000223825  -0.0000118070   0.0000062154  -0.0000276376
19718  -0.0000582819  -0.0000600743  -0.0000303860  -0.0001804917   0.0001665913
19719   0.0000641971  -0.0000775981   0.0000310520  -0.0000342779   0.0000625238
19720  -0.0000468060  -0.0000264463   0.0000493453  -0.0000705887   0.0000256599
19721   0.0001598913   0.0000354838   0.0000315175   0.0000221248  -0.0000534105
19722   0.0000047423   0.0000462380  -0.0000497335  -0.0000077079   0.0000195341
19723  -0.0000522572   0.0001094479  -0.0000536830  -0.0000017178  -0.0000021256
19724  -0.0000140556  -0.0000175229   0.0000395891   0.0000830558  -0.0000736866
19725   0.0022123304  -0.0010495126   0.0028723226  -0.0066163019  -0.0276283371
19726   0.0259727809  -0.0218743982  -0.0591951807   0.0563915523  -0.0072151627
19727   0.0029550964   0.0010319817   0.0016038773   0.0009026375  -0.0003242480
19728  -0.0002532032   0.0007206054  -0.0000795134   0.0008793577  -0.0003150514
19729  -0.0001221869  -0.0014018187   0.0001910090   0.0001938074   0.0011289316
19730  -0.0021456903  -0.0008524147  -0.0006566849   0.0003426938  -0.0000323967
19731   0.0002903121   0.0001328358  -0.0000253150   0.0000006927   0.0000247400
19732  -0.0000564223   0.0000040871   0.0000507674   0.0001128798   0.0000299258
19733  -0.0000467805   0.0001014367  -0.0001490939   0.0000196520   0.0000207224
19734   0.0000511315  -0.0000749951  -0.0000366477   0.0000305527  -0.0000804474
19735   0.0000513294  -0.0000203197   0.0000105501   0.0000061331  -0.0000614597
19736  -0.0000035530  -0.0000290269   0.0000042881  -0.0002677367   0.0001012329
19737   0.0000473446  -0.0000481262  -0.0001111469  -0.0010705073  -0.0011135603
19738   0.0001150010  -0.0000914679  -0.0001409634  -0.0001576985   0.0013717627
19739   0.0025584532  -0.0060997581   0.0045330144   0.0050137071  -0.0099879920
19740   0.0265820287   0.0796294793  -0.0688410648   0.0008567788  -0.0000947332
19741   0.0005495263  -0.0000090398   0.0000034462   0.0000504234  -0.0000038274
19742   0.0000596161   0.0001176683   0.0000043007  -0.0000111549   0.0000093066
19743  -0.0000086700   0.0000013659  -0.0000193746  -0.0000040226   0.0000161828
19744   0.0000141046  -0.0000041469  -0.0000042485  -0.0000120895   0.0000116401
19745   0.0000400812   0.0000508025  -0.0000059320  -0.0000014024  -0.0000084246
19746  -0.0000042198  -0.0000051578  -0.0000133076  -0.0000095435   0.0000096489
19747  -0.0000781331   0.0000028111  -0.0000055706  -0.0000071063
198 1   0.0001431822  -0.0001341638   0.0002530868  -0.0001378818  -0.0001273781
198 2   0.0001710361  -0.0001225551  -0.0000149046   0.0003789721   0.0001553706
198 3   0.0000496483   0.0001885204   0.0001435703   0.0000202471   0.0003858197
198 4   0.0001392829  -0.0002234677  -0.0002009546   0.0000230836   0.0000962228
198 5   0.0000457997  -0.0001335800   0.0002859443   0.0002889571  -0.0001814307
198 6  -0.0002771639  -0.0000429079  -0.0000794003  -0.0001403026   0.0002476061
198 7   0.0001425718  -0.0007543761  -0.0001388809   0.0001914069  -0.0004056422
198 8   0.0001619805  -0.0000793414  -0.0001450564   0.0001646720  -0.0001773915
198 9   0.0000675947  -0.0000872893  -0.0000832831  -0.0003410495  -0.0002104549
19810  -0.0011014727   0.0000332172   0.0019190033   0.0000742511   0.0001222316
19811  -0.0003230094   0.0003615078   0.0001067983  -0.0000056842  -0.0000927318
19812   0.0000774159  -0.0001112962   0.0002374986   0.0002779834  -0.0002896081
19813   0.0004528303   0.0002288595   0.0002159850  -0.0001787604   0.0001039155
19814   0.0003421846   0.0000232122   0.0000998788  -0.0000228350  -0.0002066564
19815  -0.0000634810   0.0003067025   0.0000577867   0.0002777571  -0.0002414430
19816  -0.0004660728   0.0002272380  -0.0000526583   0.0003993756   0.0004654051
19817   0.0001738004   0.0001140029   0.0002227893  -0.0003549459   0.0000168799
19818  -0.0001537219  -0.0001260890   0.0002220104   0.0003297434  -0.0005458294
19819  -0.0002297115   0.0002881496  -0.0003965156  -0.0000994279  -0.0003413861
19820  -0.0002836229  -0.0000417675  -0.0001285853  -0.0000106015   0.0001559177
19821  -0.0004938195  -0.0001555015  -0.0001650201  -0.0002524130   0.0002149906
19822  -0.0001046777  -0.0000510377   0.0001282810   0.0001412312  -0.0000138069
19823   0.0002991339  -0.0004421157   0.0002534108  -0.0002155007   0.0000662486
19824   0.0001434732   0.0000424789   0.0000420823  -0.0003144730   0.0002194767
19825  -0.0015242077  -0.0008969671  -0.0022210198  -0.0032292662   0.0109525317
19826   0.0068095479   0.0661031172   0.0547871648  -0.2159140809   0.0032205381
19827  -0.0014659443  -0.0010867416   0.0014243013   0.0001228655   0.0001321998
19828  -0.0008947012  -0.0006706225   0.0006273090   0.0006874319   0.0002028925
19829   0.0003865324  -0.0001772075  -0.0001954949  -0.0000987331  -0.0003329141
19830   0.0004456816   0.0001741965  -0.0010675715  -0.0000868734  -0.0001918463
19831   0.0006419548  -0.0001994556   0.0000568749  -0.0005388326   0.0000099624
19832  -0.0000429597   0.0003364454   0.0003344095  -0.0001616265  -0.0000168090
19833  -0.0004681743  -0.0001157095   0.0003635438   0.0000187544   0.0003898437
19834  -0.0003250846   0.0004321943   0.0001221649   0.0000046772  -0.0000434489
19835  -0.0000859792   0.0000037842  -0.0000373240   0.0000420169   0.0001116358
19836   0.0002144126  -0.0002673983  -0.0001670086   0.0002972322  -0.0004694298
19837   0.0001584724   0.0001492672   0.0002850277   0.0002685739   0.0003775100
19838   0.0000335081   0.0000457636  -0.0000145421   0.0000287937  -0.0007121552
19839  -0.0008313831  -0.0002713877   0.0089867609   0.0061609705  -0.0182160294
19840  -0.0719316445  -0.0688410648   0.2280164089  -0.0006601308  -0.0000178238
19841  -0.0000412132  -0.0000317659  -0.0000174594   0.0000499081   0.0000238817
19842  -0.0001036919  -0.0000377754  -0.0000019541   0.0000291218  -0.0000027678
19843   0.0000036964   0.0000055132   0.0000520882   0.0000233241  -0.0000452133
19844  -0.0000960424   0.0000254311   0.0000212959   0.0000340590  -0.0000348680
19845  -0.0001476336  -0.0002795496   0.0000093249   0.0000159600   0.0000376190
19846   0.0000476036   0.0000462241  -0.0000254768   0.0000050543   0.0000510725
19847   0.0000390340  -0.0000292204   0.0000063858  -0.0000242247
199 1   0.0000049445  -0.0000039980   0.0000026994   0.0000009194  -0.0000064523
199 2  -0.0000299167   0.0000103667  -0.0000060658   0.0000100344  -0.0000130793
199 3   0.0000043779  -0.0000075765   0.0000243712   0.0000185408  -0.0000271832
199 4  -0.0000085349   0.0000031102   0.0000020037   0.0000080777   0.0000192538
199 5   0.0000898437   0.0000115729  -0.0000134520  -0.0000545655   0.0000036594
199 6   0.0000125958  -0.0000113003   0.0000009693  -0.0000001055   0.0000133669
199 7   0.0000229523   0.0000182929   0.0000704525   0.0000233568   0.0000676206
199 8   0.0000191698   0.0000393205   0.0000194209   0.0000311753   0.0000005446
199 9   0.0000143165   0.0000052723   0.0000138638   0.0000180307   0.0000041920
19910  -0.0000571848  -0.0001051241  -0.0002199297  -0.0001147768   0.0000690572
19911   0.0000575364  -0.0000169057  -0.0000062886   0.0000215453  -0.0000008401
19912   0.0000017752  -0.0000095817  -0.0000046330   0.0000051353   0.0000021987
19913  -0.0000346873  -0.0000263315  -0.0000067004   0.0000123519   0.0000111348
19914  -0.0000348583  -0.0000102453   0.0000053851  -0.0000046954  -0.0000053134
19915   0.0000005958   0.0000029092   0.0000182056  -0.0000308671  -0.0000047037
19916  -0.0000209462  -0.0000044476   0.0000022761  -0.0000024510   0.0000342411
19917  -0.0000052704   0.0000210694   0.0000002021   0.0000006312  -0.0000063482
19918  -0.0000120834   0.0000106454  -0.0000122534  -0.0000328713   0.0000445785
19919   0.0000123952  -0.0000122015   0.0000218804   0.0000100645   0.0000054019
19920  -0.0000087956  -0.0000001783   0.0000103834  -0.0000349635   0.0000038683
19921   0.0000422485   0.0000095860   0.0000018025   0.0000326375  -0.0000145579
19922   0.0000081629   0.0000056622  -0.0000096883  -0.0000145566  -0.0000206594
19923  -0.0000056568   0.0000393476  -0.0000275709   0.0000208069  -0.0000332807
19924  -0.0000055666  -0.0000088769  -0.0000014409   0.0000001313  -0.0000119759
19925  -0.0001242949  -0.0001755257  -0.0000984446   0.0008527670   0.0011593699
19926  -0.0001919497  -0.0027316310  -0.0006592819   0.0003324125   0.0071667495
19927  -0.0233833682   0.0006240187  -0.0541660384   0.0190448069   0.0003157576
19928  -0.0006363559   0.0280944409  -0.0012177683  -0.0044035160  -0.0009548312
19929   0.0007599298  -0.0007227986   0.0001077153   0.0000096268  -0.0041573832
19930  -0.0016363480   0.0005219325  -0.0003285099   0.0019082665  -0.0002983063
19931   0.0009335281   0.0001728144   0.0000707564  -0.0001031121  -0.0001477996
19932   0.0000284713  -0.0000567197  -0.0000972813  -0.0000065949  -0.0000758447
19933   0.0002043848   0.0000176646  -0.0000015588  -0.0000557522  -0.0000205705
19934   0.0000154477  -0.0000084631   0.0000002168  -0.0000002243   0.0000139554
19935   0.0000000042   0.0001474070  -0.0001525369   0.0000332995  -0.0004509789
19936  -0.0002506085  -0.0002610276  -0.0000066340   0.0015227048   0.0000886613
19937   0.0000308840   0.0000676812   0.0000847110   0.0000543019   0.0000664274
19938  -0.0000321869  -0.0000195257   0.0000298009   0.0000034804   0.0001006486
19939   0.0000937998  -0.0000275130  -0.0016868416   0.0009861776   0.0009505709
19940  -0.0014868122   0.0008567788  -0.0006601308   0.0615508689  -0.0256019240
19941  -0.0009031309   0.0000306395   0.0000446941  -0.0000311885   0.0003259306
19942  -0.0013102292  -0.0000362987   0.0000491692  -0.0000466575  -0.0000028847
19943  -0.0000036745  -0.0000086534   0.0000024801   0.0000033356   0.0000044994
19944   0.0000024223   0.0000023024  -0.0000026076  -0.0000014831   0.0000051881
19945   0.0000058967   0.0000070855   0.0000029384  -0.0000034071  -0.0000007894
19946  -0.0000048713  -0.0000043133  -0.0000059188  -0.0000021347  -0.0000044572
19947   0.0000130650  -0.0000371766   0.0000143651  -0.0000023877
200 1  -0.0000120657  -0.0000010242   0.0000221464  -0.0000057653   0.0000028624
200 2   0.0000150113  -0.0000111417   0.0000110843   0.0000049246  -0.0000200231
200 3   0.0000006967  -0.0000147897   0.0000166499   0.0000365593  -0.0000256245
200 4  -0.0000007291  -0.0000097055  -0.0000055490  -0.0000074021   0.0000039688
200 5   0.0000837068   0.0000080273  -0.0000137971   0.0000114626   0.0000073963
200 6   0.0000415003   0.0000074687  -0.0000022679  -0.0000101372   0.0000194263
200 7   0.0000043601  -0.0000228071   0.0000007137   0.0000179683   0.0000233886
200 8   0.0000228220   0.0000502055  -0.0000218536  -0.0000492539  -0.0000271876
200 9  -0.0000039579   0.0000165304   0.0000097048   0.0000044756   0.0000116950
20010   0.0000533241  -0.0000028575   0.0000390905  -0.0000039404  -0.0000134916
20011  -0.0000435282   0.0000128891  -0.0000152421   0.0000378367   0.0000104653
20012   0.0000010984   0.0000022176   0.0000011983   0.0000062537   0.0000004953
20013   0.0000287720  -0.0000165148  -0.0000909675   0.0000292907   0.0000075550
20014  -0.0000239133   0.0000081173   0.0000043340   0.0000072174   0.0000052101
20015  -0.0000160265  -0.0000015904   0.0000150441   0.0000459233  -0.0000034409
20016   0.0000228192   0.0000326405  -0.0000055538  -0.0000395955   0.0000142168
20017  -0.0000314262  -0.0000042749  -0.0000003256  -0.0000008458  -0.0000236264
20018  -0.0000266662   0.0000276329  -0.0000059721  -0.0000780293   0.0000704124
20019   0.0000298718  -0.0000331964   0.0000202501  -0.0000152286   0.0000102571
20020  -0.0000191830  -0.0000398080   0.0000338516  -0.0000568321   0.0000303175
20021   0.0000511058   0.0000030388  -0.0000016102   0.0000085190  -0.0000173667
20022   0.0000066604   0.0000216750  -0.0000134466  -0.0000188894   0.0000483568
20023  -0.0000200839   0.0000176484  -0.0000259946  -0.0000003275   0.0000069441
20024  -0.0000197500  -0.0000184683   0.0000093612   0.0000000463  -0.0000254432
20025  -0.0001636963  -0.0000921913  -0.0000349082   0.0012938492  -0.0010945567
20026  -0.0001800099   0.0019246515  -0.0001941990  -0.0002628667   0.0032617950
20027  -0.0119493387   0.0006018594   0.0173738889  -0.3248481651   0.0124204971
20028   0.0006909655  -0.0079684577   0.0007373475   0.0018261383   0.0018592559
20029   0.0004844782  -0.0004302804   0.0008887293   0.0001033525  -0.0029896162
20030  -0.0002488128   0.0003779043  -0.0002481687  -0.0008630619  -0.0001910106
20031  -0.0000903776   0.0004635785   0.0000812892   0.0000875095   0.0000287290
20032  -0.0000356055  -0.0000502719  -0.0000207010   0.0000382947   0.0000072444
20033  -0.0000127275  -0.0000095940  -0.0000604287   0.0000223396   0.0000269129
20034   0.0000162239  -0.0000325259  -0.0000052688   0.0000136664  -0.0000299801
20035   0.0000141280  -0.0001805226   0.0001103473  -0.0000710624   0.0001473913
20036  -0.0005421439   0.0003030866   0.0002469666   0.0002829668  -0.0003817328
20037   0.0000206004   0.0000384435   0.0000514372   0.0000195863   0.0000251938
20038  -0.0000437948  -0.0000400557   0.0000550500   0.0000070354   0.0004454160
20039   0.0005686182  -0.0000164911   0.0012043071   0.0000750184   0.0001342613
20040   0.0008332825  -0.0000947332  -0.0000178238  -0.0256019240   0.3441529745
20041  -0.0139985040   0.0000723579  -0.0000591217  -0.0000290950   0.0002688240
20042  -0.0006383661  -0.0000221423  -0.0000361914  -0.0000173516  -0.0000032368
20043   0.0000030342   0.0000036586  -0.0000070485   0.0000002798   0.0000066461
20044   0.0000043177  -0.0000023480   0.0000002073  -0.0000029279   0.0000024588
20045   0.0000139330   0.0000147510  -0.0000028700  -0.0000007504  -0.0000008708
20046  -0.0000011400  -0.0000001118  -0.0000084294  -0.0000073478   0.0000069834
20047  -0.0000320085  -0.0000179157   0.0000256316  -0.0000029858
201 1  -0.0000080381  -0.0000172815   0.0000073446   0.0000026739   0.0000060138
201 2  -0.0000035082  -0.0000436776   0.0000145697  -0.0000389650   0.0000047704
201 3   0.0000067647  -0.0000776487   0.0000408904   0.0000195225  -0.0000289604
201 4   0.0000056183  -0.0000122952   0.0000041535   0.0000260859   0.0000338025
201 5   0.0000118201  -0.0000009845   0.0000132832   0.0000666857   0.0000079398
201 6   0.0000538567  -0.0000042777  -0.0000077469  -0.0000180194   0.0000222253
201 7   0.0000679098   0.0000471286   0.0000351218   0.0000398375  -0.0006591249
201 8  -0.0003716422   0.0000102212  -0.0000331300   0.0000158806  -0.0000242656
201 9   0.0000010039   0.0000151800  -0.0000052207   0.0000104616  -0.0000056863
20110  -0.0001427379   0.0001727456  -0.0006356089   0.0000082556  -0.0000011529
20111   0.0002633559   0.0000058471   0.0000104273  -0.0000018629  -0.0000046969
20112   0.0000041843   0.0000200320   0.0000141458   0.0000255782  -0.0000352240
20113  -0.0000282514  -0.0000637873   0.0000452521   0.0000306869  -0.0000267765
20114  -0.0000113154   0.0000018502  -0.0000126958   0.0000205461  -0.0000052079
20115  -0.0000255277   0.0000061394   0.0000210741   0.0000115495   0.0000092643
20116   0.0000095294  -0.0000008677   0.0000020536  -0.0000504455   0.0000005600
20117   0.0000029844   0.0000078963   0.0000098856   0.0000117119  -0.0000159475
20118  -0.0000247068   0.0000493156   0.0000109897  -0.0000576315   0.0000313014
20119   0.0000107714  -0.0000170000   0.0000396090  -0.0000083637  -0.0000002113
20120  -0.0000133304  -0.0000345100   0.0000503095  -0.0000537369   0.0000076722
20121   0.0000679797  -0.0000114534  -0.0000065366   0.0000329964   0.0000206145
20122   0.0000147558   0.0000222557  -0.0000062338   0.0000013973   0.0000231078
20123  -0.0001205346  -0.0000028919  -0.0000212407   0.0000014331  -0.0000131704
20124  -0.0000191010  -0.0000147883   0.0000476298  -0.0000051856  -0.0000082184
20125   0.0000157259  -0.0000297056  -0.0004878053  -0.0000304934  -0.0002611076
20126  -0.0014796382   0.0003362006   0.0002403090   0.0000370257  -0.0010766399
20127   0.0018549754   0.0028184954   0.0015912840   0.0122852805  -0.0283605888
20128  -0.0016492674   0.0010954839   0.0012833324   0.0002211004  -0.0005873973
20129   0.0066909701   0.0002363628  -0.0000579560  -0.0002087874   0.0006946317
20130   0.0001640914   0.0036473337   0.0001828448   0.0000149373  -0.0006490454
20131  -0.0001315346  -0.0001800438   0.0003848863   0.0001133462   0.0000047769
20132  -0.0001121044  -0.0000395216  -0.0001432397   0.0000049268  -0.0000527170
20133   0.0001376882   0.0000946578  -0.0000918958  -0.0000152884   0.0000443524
20134   0.0000320065  -0.0000343992  -0.0000008057   0.0000176967  -0.0000200048
20135   0.0000223242   0.0000598694   0.0000415590  -0.0000322055  -0.0004933341
20136   0.0000375489  -0.0009208741   0.0007965031   0.0000108323  -0.0014648562
20137  -0.0001405666  -0.0000517939   0.0000333022   0.0001509172   0.0000652411
20138   0.0000062300   0.0000235645   0.0000216112  -0.0000073770  -0.0000984668
20139  -0.0000665835  -0.0003676175   0.0013945337  -0.0008525440  -0.0001678681
20140  -0.0011235100   0.0005495263  -0.0000412132  -0.0009031309  -0.0139985040
20141   0.0205727624   0.0000018123   0.0000169127  -0.0004722795  -0.0000133908
20142   0.0001260103  -0.0000596761   0.0000017579  -0.0000017925  -0.0000018163
20143  -0.0000054213  -0.0000007842   0.0000029260   0.0000010593   0.0000138325
20144  -0.0000029800  -0.0000015783  -0.0000011653  -0.0000001808   0.0000010783
20145   0.0000108904   0.0000132376  -0.0000009061  -0.0000026412   0.0000022458
20146  -0.0000016975  -0.0000077534  -0.0000159856  -0.0000119929   0.0000035855
20147  -0.0000350057  -0.0000019858  -0.0000046391  -0.0000293275
202 1  -0.0000028637  -0.0000000939   0.0000322376   0.0000292140   0.0000300579
202 2   0.0000824854  -0.0000904591   0.0000192623  -0.0000536918   0.0000445493
202 3   0.0000206151  -0.0000389120   0.0000190218   0.0000166524   0.0000146111
202 4  -0.0000010158  -0.0000188311   0.0000226489  -0.0001160320   0.0000888293
202 5  -0.0001325977   0.0001191370   0.0001080009   0.0002153058   0.0000143170
202 6   0.0000250847   0.0000065368  -0.0000162566  -0.0000162789   0.0000065915
202 7  -0.0000031770   0.0000029059  -0.0000128946   0.0000018533  -0.0000185981
202 8   0.0000141383  -0.0000026589  -0.0000307840  -0.0000466698  -0.0000193505
202 9  -0.0000051908  -0.0000075701  -0.0000088442  -0.0000008764  -0.0000085466
20210   0.0000214939   0.0000031896  -0.0000004549   0.0000042622   0.0000192823
20211  -0.0000200725   0.0000008923  -0.0000026605  -0.0000024648   0.0000010887
20212   0.0000035356   0.0000042827   0.0000002174   0.0000113259  -0.0000252486
20213  -0.0000071613  -0.0000077231   0.0000009449   0.0000077135  -0.0000118904
20214   0.0000051293   0.0000045483  -0.0000019423   0.0000101964  -0.0000018982
20215  -0.0000109269  -0.0000089715   0.0000234373   0.0000039830   0.0000012457
20216   0.0000062576   0.0000126032  -0.0000420878  -0.0000362594  -0.0000012438
20217  -0.0000031384   0.0000125220   0.0000025112   0.0000145070   0.0000087079
20218  -0.0000059256   0.0000194670   0.0000331756  -0.0000169259  -0.0000336925
20219  -0.0000238535  -0.0000034539  -0.0000068591  -0.0000044060  -0.0000268864
20220  -0.0000011382  -0.0000293553   0.0000024462  -0.0000094266   0.0000006331
20221  -0.0000124750  -0.0000199426  -0.0000072566  -0.0000029137   0.0000035039
20222   0.0000202060   0.0000118742   0.0000009873  -0.0000006641  -0.0000044362
20223   0.0000092144  -0.0000127479  -0.0000072235  -0.0000002586   0.0000198160
20224  -0.0000156854   0.0000053814   0.0000361416  -0.0000037510  -0.0000030499
20225   0.0000657779   0.0000838428  -0.0000192027   0.0006401293   0.0013111536
20226  -0.0000030010  -0.0004081885  -0.0000388603   0.0000954309  -0.0047088718
20227   0.0008204011   0.0001813650  -0.0003252748  -0.0000504341  -0.0000222632
20228  -0.0036219258  -0.0012819046   0.0000924442   0.0046828604  -0.0247024651
20229   0.0011109393  -0.0550280432   0.0303851776  -0.0011346282   0.0003174330
20230   0.0264256357  -0.0009859019   0.0023259850   0.0003379347  -0.0002449024
20231  -0.0004257869   0.0003615558  -0.0000132825   0.0001258651  -0.0000284528
20232  -0.0000192809  -0.0000294233  -0.0000114041   0.0000202990   0.0001167863
20233  -0.0000472284   0.0000227933  -0.0001387760  -0.0000268785   0.0000302005
20234   0.0000217121  -0.0000159495  -0.0000015030   0.0000086740   0.0000157449
20235   0.0000069858  -0.0002005337   0.0001480233  -0.0000021377   0.0006094373
20236   0.0000870130   0.0000221295  -0.0003655816  -0.0013155557   0.0001849256
20237   0.0000093910  -0.0000037326  -0.0000006500  -0.0000066496   0.0000056333
20238  -0.0000003622  -0.0000301381  -0.0000090211   0.0000053195  -0.0000136823
20239   0.0001232371  -0.0000091810   0.0000053377  -0.0000037938  -0.0000103801
20240   0.0000198280  -0.0000090398  -0.0000317659   0.0000306395   0.0000723579
20241   0.0000018123   0.0550976036  -0.0328366051   0.0008681511   0.0011984193
20242  -0.0000157587  -0.0001037467  -0.0000666370   0.0000088591   0.0000066308
20243   0.0000067172   0.0000084616  -0.0000054785  -0.0000040813   0.0000085311
20244  -0.0000062775  -0.0000033295   0.0000020864  -0.0000012348  -0.0000044183
20245   0.0000086804  -0.0000003183  -0.0000032724   0.0000005154  -0.0000002641
20246   0.0000087589  -0.0000054188  -0.0000026372   0.0000056838  -0.0000019287
20247  -0.0000151348   0.0000426291   0.0000341443  -0.0000076185
203 1   0.0000099044   0.0000181415  -0.0000096156   0.0000347673  -0.0000229943
203 2  -0.0000194706  -0.0000368384  -0.0001468199   0.0000092856   0.0000042265
203 3  -0.0000265367  -0.0000028641  -0.0000001904   0.0000048391  -0.0000010247
203 4  -0.0000107898  -0.0000102471  -0.0000030325  -0.0000787915   0.0000290890
203 5   0.0000312947   0.0001130624   0.0000716042   0.0000531183  -0.0000405226
203 6  -0.0000128861  -0.0000050502   0.0000091547  -0.0000084812   0.0000003830
203 7   0.0000012530  -0.0000111053  -0.0000130339   0.0000067307   0.0000503706
203 8  -0.0001166583  -0.0000087064  -0.0000386759  -0.0000159240   0.0000057469
203 9   0.0000041771  -0.0000244216   0.0000046112  -0.0000014307  -0.0000076891
20310   0.0000082745   0.0000046957   0.0000064704  -0.0000016063   0.0000020722
20311   0.0000082617  -0.0000001078  -0.0000017558  -0.0000061229   0.0000036003
20312  -0.0000002673  -0.0000096420  -0.0000034534  -0.0000135682   0.0000082143
20313   0.0000016409   0.0000045220   0.0000108452   0.0000117667   0.0000175916
20314  -0.0000042026  -0.0000181058   0.0000186473  -0.0000029297  -0.0000008405
20315   0.0000086101  -0.0000019033  -0.0000039510  -0.0000089373  -0.0000305758
20316  -0.0000295719   0.0000107122   0.0000376972   0.0000181423   0.0000395707
20317   0.0000249958  -0.0000096379   0.0000011555  -0.0000123895  -0.0000107411
20318  -0.0000142959  -0.0000257901  -0.0000009682  -0.0000144729   0.0000008702
20319  -0.0000219345  -0.0000119240  -0.0000110528   0.0000074085   0.0000020621
20320   0.0000126023   0.0000036546  -0.0000109608   0.0000103142   0.0000098712
20321  -0.0000184194  -0.0000110043  -0.0000052516   0.0000083950   0.0000027027
20322   0.0000085468  -0.0000074180  -0.0000013139  -0.0000029192  -0.0000022240
20323   0.0000237800   0.0000125274   0.0000083717  -0.0000006355  -0.0000040011
20324  -0.0000011786  -0.0000006797  -0.0000128468   0.0000020165   0.0000042369
20325  -0.0000451757  -0.0000637601  -0.0000235938  -0.0001811039  -0.0003282814
20326   0.0001272548   0.0001099420   0.0000517969  -0.0000058784   0.0014519753
20327   0.0013410857   0.0001941120  -0.0003287299   0.0008214890  -0.0000303728
20328  -0.0030892293  -0.0010532603   0.0003217593   0.0042339651  -0.0135409363
20329   0.0005032323   0.0294669227  -0.3241283571   0.0106868536  -0.0010717149
20330  -0.0059963394  -0.0001746300   0.0022519454   0.0009784682   0.0000240914
20331  -0.0004769029   0.0002096818  -0.0000378019   0.0000534740  -0.0000323550
20332   0.0000055659  -0.0000295307  -0.0000210611   0.0000038577   0.0000976746
20333  -0.0000414664  -0.0000073843  -0.0000722583  -0.0000381031   0.0000023011
20334   0.0000084490   0.0000018307   0.0000068243  -0.0000045370   0.0000459552
20335  -0.0000117303  -0.0001341127   0.0001073268   0.0000016792   0.0003513655
20336   0.0002642606   0.0000214487   0.0002905720  -0.0004167757  -0.0001061232
20337  -0.0000085110   0.0000140856   0.0000095407   0.0000053639   0.0000043039
20338   0.0000177016   0.0000080020   0.0000019075   0.0000005434  -0.0000026780
20339  -0.0000301995  -0.0000051567  -0.0000085538  -0.0000129954   0.0000019006
20340  -0.0000045738   0.0000034462  -0.0000174594   0.0000446941  -0.0000591217
20341   0.0000169127  -0.0328366051   0.3413432950  -0.0112848228  -0.0000847495
20342   0.0006683130  -0.0001500184  -0.0000071136   0.0000052007  -0.0000012835
20343  -0.0000035866   0.0000029414   0.0000001561  -0.0000051322   0.0000024262
20344  -0.0000031683  -0.0000031496   0.0000005774  -0.0000004913  -0.0000061225
20345  -0.0000012472  -0.0000107287  -0.0000021006  -0.0000005495  -0.0000013019
20346   0.0000062093  -0.0000051380   0.0000043555   0.0000096583  -0.0000070520
20347   0.0000156431   0.0000428442  -0.0000134369  -0.0000018343
204 1  -0.0000262227   0.0000395535   0.0000294582   0.0000483969   0.0000412387
204 2   0.0000255531  -0.0000385002   0.0000265097  -0.0000877829  -0.0000815057
204 3   0.0000309297   0.0000945643   0.0000216472   0.0000317346   0.0000157849
204 4  -0.0000864301   0.0000361083   0.0000079588  -0.0002494267   0.0000923191
204 5  -0.0005754641   0.0002473172   0.0000494331  -0.0004325047   0.0000177146
204 6  -0.0000131544  -0.0000088772  -0.0000158210  -0.0000420480   0.0000091700
204 7  -0.0000424066   0.0000310244   0.0000356389   0.0000140411  -0.0000926145
204 8   0.0001111293  -0.0000167263  -0.0000385617   0.0000436303   0.0000055947
204 9   0.0000045614  -0.0000150363  -0.0000043467   0.0000081044  -0.0000079310
20410   0.0000002926   0.0000083680   0.0000192642  -0.0000187470  -0.0000080895
20411   0.0000226225  -0.0000076804  -0.0000281767   0.0000014642  -0.0000017637
20412  -0.0000049625  -0.0000101474  -0.0000177451  -0.0000176809   0.0000191901
20413  -0.0000111677   0.0000034052   0.0000110892   0.0000261871   0.0000076127
20414  -0.0000178791  -0.0000124113   0.0000268935   0.0000029527   0.0000108643
20415   0.0000207083  -0.0000106922   0.0000357605  -0.0000868939   0.0000945872
20416   0.0000594488  -0.0000127147  -0.0000959585  -0.0000434095   0.0000611945
20417  -0.0001386459  -0.0000011552  -0.0000174026   0.0000262643   0.0000181279
20418   0.0000654982   0.0000376688   0.0000545169  -0.0000692964  -0.0000770354
20419  -0.0000178483  -0.0000001587  -0.0000769858   0.0000213325   0.0000290645
20420  -0.0000182451   0.0000370125  -0.0000027374  -0.0000201982  -0.0000058308
20421  -0.0000171655  -0.0000075886   0.0000063179  -0.0000251347  -0.0000077059
20422  -0.0000071467  -0.0000354184  -0.0000175465  -0.0000088478  -0.0000203320
20423   0.0000142203   0.0000196584  -0.0000059796   0.0000106498   0.0000025574
20424  -0.0000089140   0.0000090104  -0.0000247527   0.0000151346  -0.0000046457
20425  -0.0000419287  -0.0001023376   0.0003565081   0.0002719552  -0.0001318157
20426   0.0000684288  -0.0001034288   0.0000246096  -0.0005157958   0.0006924594
20427   0.0012305749   0.0078051985  -0.0005585027   0.0001535999  -0.0005506403
20428  -0.0000647846   0.0001501697   0.0033765462   0.0005313663   0.0010152229
20429   0.0041150657  -0.0028859119   0.0114227894  -0.0334792654   0.0015371081
20430  -0.0021524781   0.0037631287  -0.0001406623  -0.0002421230  -0.0029136181
20431   0.0000901921  -0.0000069061  -0.0001889844  -0.0000155413   0.0000015890
20432   0.0001298519  -0.0000175950   0.0000407965   0.0000509643  -0.0000556527
20433   0.0000140448   0.0001123624  -0.0000710025  -0.0000142682  -0.0001055516
20434   0.0000425578  -0.0000585125  -0.0000088329  -0.0000052571   0.0000216220
20435   0.0000082893   0.0000810983   0.0000074477   0.0000349157  -0.0000225861
20436   0.0000251667  -0.0001177234  -0.0000378031  -0.0001475509   0.0004588287
20437   0.0000198117   0.0000294728  -0.0000573933  -0.0000317929   0.0000478196
20438   0.0000037986   0.0000030592  -0.0000194310  -0.0000098826   0.0000026278
20439  -0.0000054293  -0.0000775014   0.0000547942  -0.0001321919   0.0000173677
20440  -0.0000323674   0.0000504234   0.0000499081  -0.0000311885  -0.0000290950
20441  -0.0004722795   0.0008681511  -0.0112848228   0.0239382691   0.0000162297
20442  -0.0000075628  -0.0048356339  -0.0000105496   0.0000024494   0.0000029431
20443  -0.0000040151  -0.0000020513  -0.0000231583   0.0000022968   0.0000103511
20444   0.0000048919  -0.0000000757  -0.0000009793  -0.0000004064   0.0000045277
20445   0.0000163242   0.0000347758  -0.0000003761   0.0000000268   0.0000004573
20446   0.0000043430  -0.0000025147   0.0000000870   0.0000026429  -0.0000008243
20447   0.0000144586  -0.0000010954  -0.0000055663  -0.0000013794
205 1   0.0000174441   0.0000204848  -0.0000043712  -0.0000124289  -0.0000521220
205 2  -0.0000352295  -0.0000060186  -0.0000004341  -0.0000257265   0.0000189668
205 3  -0.0000095868  -0.0000121148  -0.0000047058  -0.0000267790  -0.0000172895
205 4  -0.0000435814  -0.0000089827  -0.0000241590  -0.0000585524  -0.0001122296
205 5   0.0004065139  -0.0000305874  -0.0000143674  -0.0000682859   0.0000052742
205 6  -0.0000024286  -0.0000198146   0.0000034904   0.0000130906  -0.0000144434
205 7  -0.0000392065   0.0000032442  -0.0000103629  -0.0000026579  -0.0000025018
205 8  -0.0000604490  -0.0000026818  -0.0000005909   0.0000043822   0.0000080721
205 9   0.0000023318  -0.0000031923   0.0000029471   0.0000090918   0.0000067409
20510  -0.0000043665   0.0000085307  -0.0000055948   0.0000119032   0.0000020963
20511   0.0000118461  -0.0000045555   0.0000118582  -0.0000007068   0.0000020959
20512  -0.0000018145   0.0000018133  -0.0000009155  -0.0000120609   0.0000040561
20513  -0.0000267241   0.0000011678  -0.0000015555   0.0000117257   0.0000002066
20514  -0.0000135783  -0.0000096423  -0.0000105115  -0.0000061230  -0.0000036588
20515  -0.0000012918  -0.0000016422  -0.0000294736  -0.0000254298  -0.0000346705
20516  -0.0000038925  -0.0000063445   0.0000459177   0.0000164586  -0.0000096491
20517  -0.0000019626  -0.0000008834  -0.0000132598   0.0000193103   0.0000193165
20518   0.0000055265   0.0000272937  -0.0000359508   0.0000100854   0.0000480207
20519  -0.0000038843   0.0000022611   0.0000190702   0.0000077993   0.0000063796
20520   0.0000204092   0.0000004298   0.0000041133  -0.0000164609  -0.0000044760
20521   0.0000001493   0.0000082076   0.0000031776   0.0000103949  -0.0000009437
20522   0.0000029852   0.0000039289   0.0000013356  -0.0000095070   0.0000024084
20523   0.0000252464   0.0000190953   0.0000049668   0.0000151667  -0.0000076510
20524   0.0000035829   0.0000040162  -0.0000023197   0.0000009407  -0.0000032346
20525  -0.0014568315   0.0020032274   0.0005585829  -0.0010316462  -0.0006732008
20526   0.0000815930   0.0000710388  -0.0000203155  -0.0000841795   0.0062348948
20527   0.0035269899  -0.0003987118   0.0004399234   0.0011438466   0.0000714613
20528   0.0000631214   0.0003420766  -0.0000941511  -0.0013775030   0.0036148433
20529   0.0003001991  -0.0189153915  -0.0176363473   0.0002135825  -0.2257393524
20530  -0.1348656191   0.0088901683  -0.0012006186  -0.0006154047   0.0000635571
20531  -0.0002006433   0.0000854404  -0.0000427813  -0.0000414260  -0.0000740144
20532   0.0000167926  -0.0000237902   0.0000066315  -0.0000201095  -0.0000230936
20533   0.0000386368  -0.0000214149   0.0000443643  -0.0000055038  -0.0000265067
20534  -0.0000043980   0.0000039837   0.0000066577  -0.0000105368   0.0000236451
20535  -0.0000111938   0.0000454551  -0.0000319020   0.0000013678  -0.0000491372
20536  -0.0000135745   0.0000159609   0.0000607863   0.0000417037  -0.0000432681
20537  -0.0012909140   0.0006998608  -0.0003181133  -0.0016980250   0.0011090381
20538   0.0004762351   0.0000973703   0.0004536592  -0.0001196365   0.0000215252
20539  -0.0000109715  -0.0000024769  -0.0000043238  -0.0000394369   0.0000098468
20540  -0.0000090670  -0.0000038274   0.0000238817   0.0003259306   0.0002688240
20541  -0.0000133908   0.0011984193  -0.0000847495   0.0000162297   0.2446673388
20542   0.1409189464  -0.0098752347   0.0000096703   0.0000037560  -0.0000037079
20543  -0.0000068657  -0.0000055650   0.0000064184   0.0000000332  -0.0000036666
20544   0.0000019686  -0.0000002549  -0.0000011386   0.0000002814  -0.0000000508
20545  -0.0000038680  -0.0000019648   0.0000006696  -0.0000004370  -0.0000004134
20546  -0.0000017974  -0.0000018318   0.0000082015   0.0000045979  -0.0000062207
20547   0.0000220706  -0.0000023321  -0.0000039701   0.0000047628
206 1   0.0000335092   0.0000206506   0.0000405043  -0.0000055637  -0.0000110614
206 2   0.0000023468  -0.0000305915   0.0000173307   0.0000560233   0.0000020453
206 3   0.0000057681   0.0000067026   0.0000119760   0.0000009560   0.0000047994
206 4  -0.0000603405  -0.0000157488  -0.0000019383   0.0003476212   0.0001896348
206 5   0.0001624179   0.0000151486   0.0000053222  -0.0000186573   0.0000020433
206 6  -0.0000048254   0.0000145674  -0.0000097304  -0.0000191936  -0.0000072886
206 7  -0.0000030147   0.0000134479  -0.0000220590   0.0000107198  -0.0000011006
206 8  -0.0001312211   0.0000032806  -0.0000088161  -0.0000073665  -0.0000099946
206 9   0.0000003918  -0.0000053518  -0.0000185997  -0.0000068928  -0.0000252093
20610   0.0000325400   0.0000285973  -0.0000004253  -0.0000057947  -0.0000007810
20611  -0.0000013535   0.0000048705  -0.0000024531  -0.0000055487  -0.0000016810
20612   0.0000009643  -0.0000087508  -0.0000077522   0.0000063675  -0.0000194832
20613  -0.0000137063   0.0000106283   0.0000065912   0.0000204852   0.0000057469
20614   0.0000026393  -0.0000053924   0.0000166631   0.0000140892  -0.0000044968
20615   0.0000006408  -0.0000023250   0.0000201989  -0.0000304581  -0.0000684048
20616  -0.0000517048   0.0000020971  -0.0000467557  -0.0000097383   0.0000159340
20617  -0.0000107834  -0.0000027515  -0.0000100149   0.0000097416  -0.0000069563
20618  -0.0000217068   0.0000621040   0.0000080818  -0.0000154984   0.0000046255
20619  -0.0000247441   0.0000052877  -0.0000028246   0.0000189155   0.0000027468
20620  -0.0000101338   0.0000041011   0.0000004045  -0.0000273684  -0.0000086700
20621  -0.0000139605  -0.0000003756   0.0000013920  -0.0000065659  -0.0000045234
20622   0.0000118623  -0.0000182773  -0.0000123295  -0.0000038883  -0.0000062227
20623   0.0000163503  -0.0000121042  -0.0000029030  -0.0000034343   0.0000170757
20624  -0.0000202280  -0.0000001060   0.0000013617  -0.0000128013  -0.0000162098
20625  -0.0002232501  -0.0009744538   0.0001386822  -0.0009307528   0.0011356212
20626   0.0000433892  -0.0000006101  -0.0002371469   0.0001156270  -0.0238414522
20627  -0.0115803902   0.0010494251   0.0022309302  -0.0045787392   0.0000068027
20628   0.0011203456  -0.0001960610  -0.0001152345   0.0024457477  -0.0006629190
20629   0.0001109898   0.0116047213   0.0107742847  -0.0009973366  -0.1346212649
20630  -0.1572960275   0.0062533728   0.0002681504   0.0003269200  -0.0000160024
20631   0.0003236713   0.0000718319   0.0000501919  -0.0000758628   0.0000650660
20632  -0.0000057103   0.0000434488   0.0000670849  -0.0000127498  -0.0000551595
20633  -0.0000449472   0.0000160102   0.0000620344   0.0000292920  -0.0000197861
20634  -0.0000240947   0.0000131195   0.0000025241  -0.0000085869  -0.0000094806
20635  -0.0000068012   0.0000194957   0.0000371850   0.0000040286   0.0000415304
20636  -0.0002028156   0.0000228031  -0.0000533006   0.0000773005   0.0000035748
20637   0.0005991858   0.0000472600   0.0004401901   0.0009514495   0.0000421831
20638  -0.0009098076   0.0001027619   0.0005659167  -0.0000672299   0.0000740399
20639   0.0000023314  -0.0000015576   0.0000163946   0.0000791971   0.0000430671
20640   0.0000453959   0.0000596161  -0.0001036919  -0.0013102292  -0.0006383661
20641   0.0001260103  -0.0000157587   0.0006683130  -0.0000075628   0.1409189464
20642   0.1622313656  -0.0061183243  -0.0000086412  -0.0000001794  -0.0000004997
20643   0.0000062950   0.0000024875  -0.0000015489   0.0000055920  -0.0000060158
20644   0.0000006487   0.0000018166   0.0000010467   0.0000018565   0.0000025066
20645  -0.0000075523  -0.0000035429   0.0000010609   0.0000024500   0.0000013207
20646   0.0000011821   0.0000055699   0.0000055967   0.0000038285   0.0000035786
20647   0.0000082699   0.0000084195   0.0000060024  -0.0000002697
207 1   0.0000298617   0.0000424998   0.0000359425  -0.0000271200   0.0000457270
207 2   0.0000670102  -0.0000114285   0.0000352378   0.0000732330  -0.0000021948
207 3   0.0000075446   0.0000041424   0.0000375259   0.0000237691   0.0000330698
207 4  -0.0000276016  -0.0000607962   0.0001041478  -0.0000785470  -0.0003106825
207 5  -0.0017413141  -0.0000270751   0.0000006423   0.0001081001  -0.0000238713
207 6  -0.0000351061  -0.0000156237  -0.0000065869  -0.0000352474   0.0000091589
207 7  -0.0000248764  -0.0000602112   0.0000282062  -0.0000073662  -0.0000772960
207 8   0.0001179528  -0.0000048270  -0.0000065642   0.0000059234   0.0000005084
207 9   0.0000181802  -0.0000197884  -0.0000055532  -0.0000044420  -0.0000125509
20710   0.0000163190   0.0000235167   0.0000142107  -0.0000286475  -0.0000078530
20711   0.0000216407  -0.0000011891  -0.0000081052  -0.0000060807  -0.0000040538
20712   0.0000042383  -0.0000255495  -0.0000083915  -0.0000072972   0.0000168094
20713  -0.0000113341  -0.0000109840   0.0000409882   0.0000165552   0.0000205585
20714  -0.0000013065  -0.0000229279   0.0000314020   0.0000024082  -0.0000079054
20715   0.0000267322   0.0000178473   0.0000284977  -0.0000223879  -0.0000386263
20716  -0.0000279500  -0.0000209394  -0.0000595938  -0.0000124722   0.0000495376
20717   0.0000287120   0.0000229202   0.0000187208  -0.0000163365  -0.0000418769
20718   0.0000010534  -0.0000817143   0.0000597650  -0.0000014403  -0.0000897966
20719  -0.0000117193   0.0000054042  -0.0000178041   0.0000080641  -0.0000113968
20720  -0.0000186470   0.0000018804  -0.0000027487  -0.0000053604   0.0000123499
20721  -0.0000146218  -0.0000013453  -0.0000010146  -0.0000074502   0.0000093607
20722   0.0000083081  -0.0000195177  -0.0000022729   0.0000025954  -0.0000154675
20723   0.0000087283  -0.0000088315   0.0000077535  -0.0000050036   0.0000049361
20724  -0.0000035394   0.0000123601  -0.0000279817  -0.0000094861   0.0000186186
20725   0.0001299723  -0.0006197937   0.0000747041   0.0004831746  -0.0000710831
20726  -0.0013662184  -0.0000555140  -0.0000124188  -0.0002960518  -0.0001314739
20727   0.0006103374   0.0026698320   0.0004675723   0.0000800887   0.0033283362
20728  -0.0000241211  -0.0001137099  -0.0002179173   0.0004748473   0.0005619505
20729   0.0077675438  -0.0013334114   0.0005670003   0.0030646667   0.0095843750
20730   0.0056010838  -0.0293331784   0.0000293765   0.0001189814   0.0007857300
20731   0.0001263457  -0.0000089098  -0.0008005688   0.0000386380  -0.0000242481
20732  -0.0000859868  -0.0000377155  -0.0000209575   0.0000589720  -0.0000584783
20733   0.0000417974   0.0000739274  -0.0000378965  -0.0000589286  -0.0000778137
20734   0.0000033161  -0.0000051697  -0.0000025878  -0.0000233300   0.0000691688
20735  -0.0000290222   0.0001200450   0.0000070343   0.0001172329  -0.0001711501
20736   0.0000890744  -0.0001052140   0.0002002290  -0.0000779311  -0.0004078473
20737  -0.0010832794   0.0005351440  -0.0000996145   0.0015570132  -0.0005817143
20738  -0.0003319300  -0.0000677559   0.0000429762  -0.0003255441   0.0000009538
20739  -0.0000114724   0.0000080675   0.0000333961  -0.0001415581  -0.0000094286
20740  -0.0000206119   0.0001176683  -0.0000377754  -0.0000362987  -0.0000221423
20741  -0.0000596761  -0.0001037467  -0.0001500184  -0.0048356339  -0.0098752347
20742  -0.0061183243   0.0217683588  -0.0000034958  -0.0000031102  -0.0000084781
20743  -0.0000022703  -0.0000031219   0.0000143629   0.0000010507  -0.0000001042
20744  -0.0000025010   0.0000013437  -0.0000002805   0.0000027987   0.0000076811
20745   0.0000020597   0.0000010292   0.0000007240   0.0000011974   0.0000026565
20746   0.0000054432  -0.0000021593   0.0000099237   0.0000192712  -0.0000082543
20747   0.0000559230  -0.0000057284   0.0000009107   0.0000090665
208 1  -0.0000034843   0.0000055510  -0.0000211833   0.0000084697   0.0000114377
208 2  -0.0000047775   0.0000133101  -0.0000135324   0.0000048065   0.0000335389
208 3  -0.0000539496  -0.0000398322  -0.0000889311  -0.0000236494   0.0000143222
208 4   0.0000011733   0.0000146608   0.0000029325  -0.0000281026   0.0000016150
208 5   0.0000003510   0.0000343874  -0.0000479952  -0.0000104502   0.0001172645
208 6  -0.0001497580  -0.0000283673  -0.0000143104   0.0000420724  -0.0000661689
208 7   0.0000021181  -0.0000042390   0.0000118124  -0.0000100432   0.0000131234
208 8  -0.0000082219   0.0000068760   0.0000541823   0.0000658067   0.0000114345
208 9   0.0000379778  -0.0000518248   0.0000065014   0.0000185989   0.0000042067
20810  -0.0000125452  -0.0000038885   0.0000031349   0.0000139154  -0.0000256052
20811   0.0000318422  -0.0000028358  -0.0000119253   0.0000033543   0.0000104126
20812  -0.0000045317  -0.0000152527  -0.0000023501  -0.0000275588   0.0000342774
20813   0.0000164027   0.0000054391  -0.0000042113   0.0000084790   0.0000133324
20814  -0.0000006356   0.0000022866   0.0000031021  -0.0000005270   0.0000081068
20815   0.0000060083  -0.0000048799  -0.0000240784  -0.0000202984   0.0000099132
20816  -0.0000010404  -0.0000100122   0.0000078407   0.0000162108  -0.0000097443
20817  -0.0000217316   0.0000165827  -0.0000206665   0.0000287509   0.0000061230
20818   0.0000248992   0.0000057331  -0.0000324383   0.0000076356   0.0000411303
20819   0.0000318702   0.0000166990  -0.0000083752  -0.0000008212   0.0000247458
20820   0.0000351699   0.0000145880  -0.0000085137   0.0000034669   0.0000085206
20821   0.0000249046   0.0000261932   0.0000063150  -0.0000207559  -0.0000231991
20822  -0.0000137613   0.0000063070  -0.0000228164   0.0000080082  -0.0000018958
20823   0.0000109227   0.0000050186  -0.0000001882   0.0000040020   0.0000173905
20824   0.0000077161  -0.0000031327  -0.0000302732   0.0000146902  -0.0000089137
20825   0.0000344197   0.0000389349   0.0000054904  -0.0001329635   0.0000197848
20826   0.0000191068   0.0000019743  -0.0000328795  -0.0000020580   0.0001191011
20827   0.0000344334  -0.0000027831  -0.0002098202  -0.0001527614  -0.0000018985
20828   0.0006578389  -0.0000072857  -0.0000570402  -0.0003910154  -0.0003971228
20829  -0.0000678719   0.0000787617  -0.0000027644   0.0000146169  -0.0000269528
20830   0.0000269873   0.0000287672   0.0023403033  -0.0002131956   0.0004670360
20831   0.0044300583   0.0248307547  -0.0018443829  -0.0542661013  -0.0272760582
20832   0.0021710074   0.0005549080  -0.0264706889   0.0020621912  -0.0046721480
20833  -0.0008705734  -0.0000652695   0.0006302544  -0.0013069597  -0.0000429266
20834   0.0000969826  -0.0000964426   0.0000122122  -0.0004117846   0.0000438706
20835   0.0000043829  -0.0004243349   0.0000211202   0.0000383893  -0.0035559064
20836   0.0011500104  -0.0003603967  -0.0004213848   0.0013343104  -0.0001997285
20837  -0.0000076458  -0.0000158598  -0.0000175840  -0.0000036975  -0.0000057498
20838  -0.0000006119  -0.0000026106  -0.0000022321   0.0000013044  -0.0000016040
20839   0.0000001683   0.0000003959   0.0000073054   0.0000032377  -0.0000017590
20840   0.0000063146   0.0000043007  -0.0000019541   0.0000491692  -0.0000361914
20841   0.0000017579  -0.0000666370  -0.0000071136  -0.0000105496   0.0000096703
20842  -0.0000086412  -0.0000034958   0.0542887425   0.0296094724  -0.0023314315
20843   0.0011143727   0.0000598261   0.0001648014  -0.0000168956  -0.0000097239
20844  -0.0000074293  -0.0000342537   0.0000072998  -0.0000074648   0.0000099341
20845   0.0000163667   0.0000109417  -0.0000100403  -0.0001254580  -0.0000115997
20846   0.0000089855   0.0000105925   0.0000099368   0.0000129465  -0.0000078042
20847   0.0000296784   0.0000434640  -0.0000619549  -0.0000092498
209 1  -0.0000021523   0.0000055475  -0.0000053289   0.0000059615  -0.0000007399
209 2  -0.0000038310   0.0000134959   0.0000042861  -0.0000015509  -0.0000140403
209 3  -0.0000122087   0.0000116508  -0.0000158579  -0.0000298345  -0.0000439352
209 4  -0.0000006019   0.0000020025   0.0000044241   0.0000024685  -0.0000049120
209 5  -0.0000011260  -0.0000267317  -0.0000044733  -0.0000524618  -0.0000283688
209 6   0.0000351003   0.0001024771   0.0000311855   0.0000056281  -0.0000991979
209 7   0.0000046674   0.0000108923   0.0000087325  -0.0000127889   0.0000098456
209 8  -0.0000241087   0.0000023289   0.0000205661  -0.0000652612  -0.0000075113
209 9  -0.0000061823  -0.0000245511   0.0000049257   0.0000233263   0.0000199919
20910  -0.0000066002   0.0000023787   0.0000048842   0.0000050203  -0.0000090160
20911   0.0000009475  -0.0000077846   0.0000031379   0.0000048833   0.0000114659
20912  -0.0000017766   0.0000070439  -0.0000162671  -0.0000194586   0.0000198903
20913  -0.0000191794  -0.0000065318  -0.0000226105   0.0000129566  -0.0000062280
20914  -0.0000135408   0.0000035391  -0.0000064219   0.0000057127   0.0000033416
20915  -0.0000075332  -0.0000221006  -0.0000056825  -0.0000036527   0.0000048946
20916   0.0000102959  -0.0000082084   0.0000012865  -0.0000085059   0.0000043120
20917  -0.0000039768  -0.0000121088  -0.0000158743   0.0000642185  -0.0000043287
20918   0.0000073353  -0.0000067210  -0.0000067886  -0.0000150168   0.0000127947
20919   0.0000110200  -0.0000031880   0.0000041270  -0.0000032747   0.0000393404
20920   0.0000319590  -0.0000059288  -0.0000010501  -0.0000079770   0.0000024724
20921   0.0000078929  -0.0000022918   0.0000105452  -0.0000140107  -0.0000446164
20922  -0.0000022742   0.0000120674  -0.0000174951  -0.0000201613   0.0000014180
20923   0.0000170987   0.0000270212  -0.0000136053   0.0000162841   0.0000176086
20924  -0.0000066865  -0.0000053334   0.0000026855   0.0000298068  -0.0000318880
20925   0.0000017550   0.0000050436   0.0000149414   0.0000385407  -0.0000420863
20926  -0.0000298102   0.0000088225   0.0000544057  -0.0000239876  -0.0000510675
20927  -0.0000322131   0.0000293341   0.0000861620   0.0001026032   0.0000354903
20928  -0.0003471165   0.0003010465  -0.0000753707   0.0005335228   0.0002014754
20929   0.0000267677  -0.0000625841  -0.0000543722  -0.0000033953   0.0000310475
20930   0.0000021996   0.0000084561  -0.0024326342   0.0009879934  -0.0005179931
20931  -0.0040971080  -0.0135796779   0.0012467299  -0.0261691391  -0.3217031717
20932   0.0229217904   0.0013040390  -0.0063313255   0.0004736387  -0.0015230423
20933   0.0012956669   0.0006356584   0.0001720739  -0.0004040895   0.0000224768
20934   0.0000474935  -0.0000610569   0.0000401427  -0.0001162496   0.0001049055
20935  -0.0000270777   0.0002459073   0.0008386906  -0.0002424604   0.0031349337
20936  -0.0011350107   0.0007067464  -0.0003020417  -0.0004079032  -0.0000244285
20937   0.0000007783  -0.0000041001  -0.0000120475   0.0000021117   0.0000005598
20938  -0.0000013626   0.0000020619   0.0000005005  -0.0000006362   0.0000013520
20939  -0.0000004802   0.0000003146  -0.0000073178  -0.0000039374   0.0000105010
20940  -0.0000135073  -0.0000111549   0.0000291218  -0.0000466575  -0.0000173516
20941  -0.0000017925   0.0000088591   0.0000052007   0.0000024494   0.0000037560
20942  -0.0000001794  -0.0000031102   0.0296094724   0.3392510065  -0.0247227501
20943   0.0000063244   0.0006978745  -0.0003688940  -0.0000021546   0.0000102920
20944   0.0000130615  -0.0000123307  -0.0000006068  -0.0000076266  -0.0000028463
20945   0.0000112121  -0.0000035281   0.0000017169  -0.0000286854  -0.0000144780
20946   0.0000033988  -0.0000238370   0.0000072778   0.0000209150  -0.0000000698
20947   0.0000038446  -0.0000353149  -0.0000576417   0.0000086083
210 1   0.0000123744  -0.0000068458  -0.0000012913  -0.0000010894  -0.0000026388
210 2   0.0000002536   0.0000072073   0.0000097134   0.0000165100   0.0000686023
210 3  -0.0000200426   0.0000288999   0.0000182642  -0.0000126112   0.0000505642
210 4   0.0000068364   0.0000039236  -0.0000022294   0.0000314558   0.0000090307
210 5  -0.0000035889   0.0000366697   0.0000192152   0.0000564598   0.0000116946
210 6   0.0000710716  -0.0003776479  -0.0000655602  -0.0000380719   0.0001281447
210 7  -0.0000172144   0.0000076780   0.0000270186   0.0000244207  -0.0000208321
210 8   0.0000543279  -0.0000519561  -0.0000982358   0.0000272655   0.0000184096
210 9  -0.0000820922   0.0000373915  -0.0000060342  -0.0000194750  -0.0000418186
21010   0.0000021889  -0.0000151628   0.0000134287  -0.0000398890   0.0000061203
21011   0.0000214343   0.0000124131   0.0000277832  -0.0000120651  -0.0000346827
21012  -0.0000006577  -0.0000224874   0.0000422567   0.0000416067  -0.0000245915
21013   0.0000079778   0.0000171834   0.0000219127  -0.0000205834   0.0000113986
21014   0.0000160227  -0.0000131531   0.0000125061  -0.0000152464   0.0000034423
21015   0.0000263183   0.0000508387  -0.0000045496   0.0000088603  -0.0000091929
21016   0.0000306253   0.0000172224  -0.0000165582  -0.0000084672   0.0000318733
21017  -0.0000587312   0.0000000511   0.0000083684  -0.0000895899  -0.0000085988
21018  -0.0000065402  -0.0000030451   0.0000606415  -0.0000084486  -0.0000442600
21019  -0.0000817217  -0.0000078106  -0.0000267000   0.0000342767  -0.0000590745
21020  -0.0000628444   0.0000165750   0.0000048387   0.0000158609   0.0000050606
21021  -0.0000476223  -0.0000151393  -0.0000249880   0.0000397739   0.0000583683
21022   0.0000023771  -0.0000375189   0.0000358183   0.0000077939   0.0000100245
21023  -0.0000052409  -0.0000115943   0.0000156260  -0.0000124137  -0.0000575332
21024  -0.0000023941   0.0000154708  -0.0000255905  -0.0000634579   0.0000684837
21025  -0.0000173752  -0.0000400473  -0.0000108598  -0.0000064129   0.0000280983
21026  -0.0000690194   0.0000070307  -0.0000095864   0.0000236548   0.0000423797
21027  -0.0000114001   0.0000383817  -0.0000816209   0.0000058339  -0.0000047996
21028   0.0000125811  -0.0000517309  -0.0001259990  -0.0000616279  -0.0000206707
21029  -0.0001794692   0.0000402490   0.0000300150   0.0001653436  -0.0000077001
21030   0.0000427375   0.0000147492   0.0003756054  -0.0002895806  -0.0030973445
21031   0.0002486529   0.0016129253   0.0044021000   0.0025101580   0.0227636981
21032  -0.0366969923  -0.0005847083  -0.0000352137   0.0040051193  -0.0003308799
21033   0.0006287500   0.0078358353   0.0000127904   0.0001638638   0.0000336159
21034  -0.0000415211   0.0000171700   0.0002877768   0.0000971316  -0.0000030143
21035  -0.0004939219   0.0001471334  -0.0001209181  -0.0004471529  -0.0000863974
21036   0.0004898731   0.0033793883  -0.0000176235   0.0000589589   0.0004468217
21037  -0.0000017499   0.0000114462   0.0000339700  -0.0000026113   0.0000039197
21038   0.0000088076  -0.0000014421  -0.0000007810  -0.0000000018  -0.0000003577
21039   0.0000012833  -0.0000016804  -0.0000007835   0.0000030431   0.0000002968
21040   0.0000037400   0.0000093066  -0.0000027678  -0.0000028847  -0.0000032368
21041  -0.0000018163   0.0000066308  -0.0000012835   0.0000029431  -0.0000037079
21042  -0.0000004997  -0.0000084781  -0.0023314315  -0.0247227501   0.0259888106
21043   0.0000701542  -0.0003836405  -0.0048919760   0.0000149167  -0.0000085904
21044  -0.0000202392   0.0000109874   0.0000121295   0.0000071742  -0.0000281746
21045  -0.0000175029  -0.0000123464   0.0000303828   0.0000214289  -0.0000523018
21046  -0.0000349477  -0.0000896623  -0.0000017718   0.0000207424   0.0000850470
21047   0.0000359124   0.0000042825  -0.0000300222  -0.0004915556
211 1  -0.0000087075   0.0000019818   0.0000209000  -0.0000151383   0.0000098870
211 2  -0.0000004863   0.0000016361  -0.0000006053  -0.0000187798   0.0000015644
211 3   0.0000105918   0.0000048580   0.0000461804   0.0000520012   0.0000436979
211 4  -0.0000069469  -0.0000156346  -0.0000108392   0.0000110968   0.0000020838
211 5  -0.0000045379   0.0000002867   0.0000146076  -0.0000063342   0.0000558466
211 6   0.0000101417   0.0001094259   0.0000047038  -0.0000887858  -0.0000818576
211 7  -0.0000100406   0.0000203595  -0.0000031125   0.0000025595  -0.0000085913
211 8   0.0000116187  -0.0000017977  -0.0000283375   0.0000042370  -0.0000333434
211 9   0.0000313104  -0.0000337294   0.0000109764   0.0000119620  -0.0000503448
21110  -0.0000054444  -0.0000038917   0.0000029085  -0.0000086372   0.0000042981
21111  -0.0000135283   0.0000029343   0.0000070565  -0.0000083205  -0.0000058173
21112   0.0000072449   0.0000137159   0.0000054223   0.0000342802  -0.0000297330
21113  -0.0000030822  -0.0000002814   0.0000061664  -0.0000035681  -0.0000075327
21114  -0.0000004875  -0.0000022193  -0.0000050451   0.0000154626   0.0000058771
21115  -0.0000130431   0.0000114681   0.0000286382   0.0000202654  -0.0000102726
21116  -0.0000068461   0.0000137421  -0.0000064554  -0.0000223362   0.0000079725
21117  -0.0000018399   0.0000067157   0.0000208917  -0.0000354588  -0.0000078410
21118  -0.0000262872  -0.0000013420   0.0000406583  -0.0000063654  -0.0000240754
21119  -0.0000296196  -0.0000151634   0.0000021299  -0.0000125794  -0.0000121962
21120  -0.0000983945  -0.0000011951   0.0000096536   0.0000061200  -0.0000036711
21121  -0.0000233735  -0.0000102220  -0.0000063782   0.0000172957   0.0000320615
21122   0.0000097349  -0.0000187780   0.0000026653  -0.0000040601  -0.0000012717
21123  -0.0000082627   0.0000065639  -0.0000083416   0.0000017172  -0.0000196497
21124  -0.0000028506  -0.0000064235   0.0000219634  -0.0000099674   0.0000123218
21125  -0.0000485041  -0.0000565108  -0.0000173262   0.0001527990  -0.0000416711
21126  -0.0000246853   0.0000009928   0.0000403801   0.0000060052  -0.0000908571
21127   0.0000474890  -0.0000009969   0.0000668707   0.0000442820  -0.0000132638
21128  -0.0000184322   0.0000127213   0.0000090067  -0.0002635857  -0.0000856944
21129   0.0000249422  -0.0000294718   0.0001031817   0.0000511626   0.0000179525
21130  -0.0001051229  -0.0000217398  -0.0011279289   0.0006536448  -0.0000781557
21131  -0.0015297820  -0.0036202126   0.0001386716  -0.0187156576   0.0174198781
21132  -0.0016516112  -0.2293613101   0.1340482770  -0.0154391468   0.0058176756
21133  -0.0033485763   0.0005908824  -0.0011371277   0.0006485135  -0.0000178466
21134  -0.0017603002  -0.0022707194  -0.0000660534   0.0001066185  -0.0000170401
21135  -0.0000033933   0.0005257458  -0.0010322476   0.0000303152   0.0000509546
21136  -0.0003693976  -0.0000795190   0.0000135192  -0.0000391295   0.0000969018
21137   0.0000087253   0.0000224098   0.0000303396   0.0000018322   0.0000073360
21138   0.0000044818   0.0000026282   0.0000005552  -0.0000013355   0.0000013520
21139  -0.0000022546  -0.0000010153  -0.0000042850  -0.0000052738   0.0000004265
21140  -0.0000042717  -0.0000086700   0.0000036964  -0.0000036745   0.0000030342
21141  -0.0000054213   0.0000067172  -0.0000035866  -0.0000040151  -0.0000068657
21142   0.0000062950  -0.0000022703   0.0011143727   0.0000063244   0.0000701542
21143   0.2486151871  -0.1397401769   0.0163297586  -0.0011419156  -0.0006055638
21144  -0.0001407536   0.0001106232  -0.0005304541   0.0000781475  -0.0017126474
21145  -0.0010369456   0.0002822352   0.0000233964   0.0000180267   0.0000054171
21146  -0.0000034607   0.0000270131  -0.0000159099  -0.0000201447   0.0000283953
21147  -0.0000352325   0.0002978205  -0.0002297935   0.0000305102
212 1  -0.0000153071   0.0000176928   0.0000068407   0.0000020124   0.0000007987
212 2  -0.0000020858  -0.0000176024   0.0000075790  -0.0000047726   0.0000192039
212 3  -0.0000148657  -0.0000017942  -0.0000061250  -0.0000018762   0.0000193281
212 4  -0.0000166133   0.0000031239  -0.0000003513  -0.0000023940  -0.0000048887
212 5  -0.0000044486  -0.0000016799   0.0000036369  -0.0000161968   0.0000408608
212 6   0.0000052741   0.0000218283  -0.0000526133  -0.0000697028   0.0000233123
212 7  -0.0000089577   0.0000036858  -0.0000008161   0.0000096757  -0.0000049773
212 8   0.0000071942  -0.0000215079  -0.0000248090  -0.0000267133  -0.0000042888
212 9  -0.0000101639  -0.0001749923   0.0000032744   0.0000196669  -0.0000121940
21210   0.0000078877   0.0000000937  -0.0000083136  -0.0000124934   0.0000119406
21211  -0.0000086893   0.0000054033   0.0000083087  -0.0000240025  -0.0000045214
21212  -0.0000124420   0.0000124269   0.0000023530   0.0000159450  -0.0000016011
21213  -0.0000006829   0.0000155487   0.0000111826   0.0000024061   0.0000047950
21214   0.0000027971  -0.0000065806  -0.0000053285   0.0000050600   0.0000093640
21215   0.0000033048   0.0000001025   0.0000140012   0.0000044794   0.0000058298
21216   0.0000436312   0.0000105749  -0.0000101977  -0.0000419394   0.0000095260
21217  -0.0000201555  -0.0000327852  -0.0000044784  -0.0000248456  -0.0000095612
21218   0.0000016773  -0.0000058524   0.0000244198  -0.0000361319  -0.0000244906
21219  -0.0000020062  -0.0000054500  -0.0000137082   0.0000173999  -0.0000057523
21220   0.0000647569  -0.0000040075  -0.0000062054  -0.0000035907  -0.0000099947
21221  -0.0000036786   0.0000045955   0.0000005569  -0.0000109580  -0.0000260522
21222   0.0000088316  -0.0000192808   0.0000259456   0.0000212830   0.0000017262
21223   0.0000002810  -0.0000079243   0.0000216200  -0.0000062967  -0.0000065583
21224  -0.0000053104  -0.0000003147  -0.0000013808  -0.0000014645   0.0000180292
21225  -0.0000040175  -0.0000173409  -0.0000072747  -0.0000058763   0.0000117824
21226  -0.0000195069   0.0000071190   0.0000002529  -0.0000080613   0.0000200986
21227   0.0000028148   0.0000070360  -0.0000061654   0.0000498017   0.0000012940
21228  -0.0000222163  -0.0001687996   0.0000284763  -0.0002550377   0.0000327573
21229  -0.0000274965   0.0000230519   0.0000586538   0.0000073811   0.0000002374
21230   0.0000204431  -0.0000032608  -0.0003264294   0.0003331639   0.0000263754
21231  -0.0025008523  -0.0004731825   0.0005324592  -0.0118533591   0.0105588891
21232  -0.0011082795   0.1331937757  -0.1538912376   0.0132549984   0.0241101792
21233  -0.0111942295   0.0019643733   0.0008304396   0.0011845844  -0.0000023998
21234   0.0003288120  -0.0010865896  -0.0003137535  -0.0000137486  -0.0001872505
21235  -0.0000950317  -0.0021585372  -0.0046757075   0.0003834807  -0.0011749306
21236  -0.0003085128   0.0000542660   0.0000758555   0.0000582750  -0.0000532107
21237  -0.0000015318   0.0000053868   0.0000119249  -0.0000015657  -0.0000000390
21238   0.0000058512  -0.0000000071   0.0000001006  -0.0000004478   0.0000007481
21239   0.0000006117  -0.0000011191   0.0000012242   0.0000030833   0.0000046729
21240  -0.0000024597   0.0000013659   0.0000055132  -0.0000086534   0.0000036586
21241  -0.0000007842   0.0000084616   0.0000029414  -0.0000020513  -0.0000055650
21242   0.0000024875  -0.0000031219   0.0000598261   0.0006978745  -0.0003836405
21243  -0.1397401769   0.1587828635  -0.0142589409  -0.0007850764  -0.0000770452
21244  -0.0006647701  -0.0001379454   0.0005790759  -0.0000031487  -0.0008143593
21245   0.0002536852   0.0007496047  -0.0000847824  -0.0000011206   0.0000077564
21246  -0.0000365383   0.0000310556   0.0000666576  -0.0000131290   0.0000863313
21247  -0.0000541331   0.0013480924  -0.0006041189   0.0000912771
213 1  -0.0000124205   0.0000134989   0.0000157825  -0.0000074026   0.0000142609
213 2  -0.0000162086   0.0000111147   0.0000063433  -0.0000196086  -0.0000197413
213 3  -0.0000057210  -0.0000248601   0.0000781374   0.0000770046   0.0000702307
213 4  -0.0000180465   0.0000079131   0.0000009964  -0.0000045583   0.0000058692
213 5  -0.0000218092   0.0000097334  -0.0000028787  -0.0000277060   0.0000926739
213 6   0.0000009623   0.0000962114   0.0003616995  -0.0001141611  -0.0007556218
213 7  -0.0000400456   0.0000266470   0.0000373499   0.0000034317   0.0000033858
213 8   0.0000119029   0.0000046808  -0.0000364500  -0.0000035402  -0.0000208060
213 9  -0.0000330008   0.0000531197  -0.0000304101  -0.0000563062   0.0000313537
21310  -0.0000134040  -0.0000009959   0.0000200340  -0.0000231304  -0.0000179118
21311   0.0000160663   0.0000022164   0.0000114526  -0.0000195623  -0.0000019914
21312   0.0000049888  -0.0000066550  -0.0000030520   0.0000163111  -0.0000240841
21313  -0.0000192219   0.0000017246   0.0000016658   0.0000102016   0.0000120613
21314  -0.0000156165  -0.0000103108   0.0000052469   0.0000140404   0.0000186929
21315   0.0000134458  -0.0000013984   0.0000249399  -0.0000071392   0.0000134288
21316   0.0000322654   0.0000043292  -0.0000063331  -0.0000556281   0.0000239037
21317  -0.0000299993   0.0000333046   0.0000216546  -0.0000357703  -0.0000055941
21318  -0.0000117566   0.0000116751   0.0000549465  -0.0000287429  -0.0000448874
21319  -0.0000404682  -0.0000350809   0.0000196031  -0.0000348851  -0.0000090845
21320  -0.0001780978   0.0000184072   0.0000184258  -0.0000003596  -0.0000117275
21321  -0.0000367514  -0.0000060924   0.0000032666   0.0000249751   0.0000504665
21322  -0.0000010785  -0.0000187575  -0.0000190910  -0.0000393319  -0.0000210366
21323   0.0000023986   0.0000270359  -0.0000361555   0.0000293052  -0.0000210121
21324  -0.0000041673   0.0000021287   0.0000076656   0.0000047547   0.0000118767
21325  -0.0001020574  -0.0001250335  -0.0000388651   0.0002388785  -0.0001124441
21326  -0.0001482612   0.0000179319   0.0001153542  -0.0000219342  -0.0000411514
21327   0.0001931759   0.0000723728  -0.0001079748   0.0000212084   0.0001179884
21328   0.0002077694   0.0000946095  -0.0001315007  -0.0001517778   0.0000256444
21329  -0.0008594154  -0.0000261126   0.0000147201  -0.0000300396   0.0000999648
21330  -0.0001485917   0.0000461323   0.0004905806   0.0001307186   0.0009937789
21331  -0.0007818391   0.0011804507   0.0077258721   0.0022048221  -0.0003350974
21332   0.0032187562  -0.0170036443   0.0126039914  -0.0315766962  -0.0011990363
21333   0.0015225929   0.0025162077  -0.0002498284  -0.0000043170  -0.0012385333
21334   0.0000630944  -0.0003330044   0.0000353483   0.0000414075  -0.0000925671
21335  -0.0003466025  -0.0001149953   0.0002721556   0.0032666994  -0.0000887997
21336   0.0000166454  -0.0002204384  -0.0001942958  -0.0000988522  -0.0003559078
21337   0.0000061576   0.0000475333   0.0000756660   0.0000054485   0.0000133957
21338   0.0000184258   0.0000045157  -0.0000006710  -0.0000012947   0.0000034427
21339  -0.0000043164  -0.0000024504  -0.0000016790  -0.0000126853   0.0000171806
21340  -0.0000210027  -0.0000193746   0.0000520882   0.0000024801  -0.0000070485
21341   0.0000029260  -0.0000054785   0.0000001561  -0.0000231583   0.0000064184
21342  -0.0000015489   0.0000143629   0.0001648014  -0.0003688940  -0.0048919760
21343   0.0163297586  -0.0142589409   0.0229867587  -0.0011762907  -0.0004480059
21344  -0.0001900416   0.0000303813  -0.0000775657  -0.0003128819   0.0010375141
21345   0.0004233592   0.0000356394   0.0000054421  -0.0000161568   0.0000036440
21346  -0.0000610006  -0.0001544913  -0.0000042521  -0.0000022718   0.0001321278
21347  -0.0000355530   0.0000082793  -0.0000312937  -0.0000223798
214 1  -0.0000212365   0.0000189141  -0.0000098224  -0.0000156648   0.0000216254
214 2  -0.0000470381   0.0000281510  -0.0000010520  -0.0000274540  -0.0000254536
214 3  -0.0000009780  -0.0000106085   0.0000052451   0.0000007438  -0.0000120650
214 4  -0.0000204431   0.0000164621   0.0000112223  -0.0000103181   0.0000078636
214 5   0.0000014345   0.0000284172  -0.0000084979  -0.0000123683  -0.0000165805
214 6   0.0000015861  -0.0000096682   0.0000566805  -0.0000001993   0.0000820641
214 7  -0.0000140558   0.0000102958   0.0000015720  -0.0000064347   0.0000100357
214 8  -0.0000158873  -0.0000006391   0.0000308758   0.0000221454  -0.0000255847
214 9   0.0000276047   0.0000415601   0.0000547859   0.0000240355   0.0000136284
21410  -0.0000161177  -0.0000065363  -0.0000027005   0.0000248132   0.0000002034
21411   0.0000121718  -0.0000231881  -0.0000190813   0.0000083933   0.0000070483
21412  -0.0000043252   0.0000572832  -0.0000093461  -0.0001083526   0.0000867349
21413   0.0000130850  -0.0000179460  -0.0000250616   0.0000144358  -0.0000173796
21414  -0.0000142391  -0.0000156621   0.0000148691  -0.0000264162   0.0000202377
21415   0.0000103804  -0.0000240142   0.0000304019  -0.0000269653   0.0000020084
21416  -0.0000112020  -0.0000071432  -0.0000032992  -0.0000101067  -0.0000209232
21417   0.0000006099   0.0000041717   0.0000177587   0.0000079987   0.0000050460
21418  -0.0000088382   0.0000065355  -0.0000043447  -0.0000121493   0.0000249033
21419   0.0000132299  -0.0000128750   0.0000218844  -0.0000054533  -0.0000017800
21420  -0.0000047329   0.0000175304   0.0000347243   0.0000146206   0.0000058669
21421  -0.0000004427   0.0000011846  -0.0000001810   0.0000164960   0.0000200702
21422  -0.0000250641   0.0000011192  -0.0000808630  -0.0000564131  -0.0000006199
21423  -0.0000117290   0.0000820263  -0.0000017105   0.0000098203  -0.0000593559
21424   0.0000175756   0.0000517530   0.0000555739   0.0000103817   0.0000102492
21425  -0.0000024657  -0.0000028811   0.0000009455   0.0000295329  -0.0000158950
21426  -0.0000171509   0.0000076907   0.0000381845  -0.0000129710  -0.0000436952
21427  -0.0000930342  -0.0000072012   0.0000694092  -0.0000019793  -0.0000145564
21428   0.0000011280  -0.0000990466   0.0000269990  -0.0003516785   0.0001236738
21429   0.0000714170   0.0001475366   0.0000621157   0.0000463133  -0.0000982873
21430   0.0000152152  -0.0000320985   0.0005492731   0.0000403717  -0.0001379544
21431  -0.0002557483  -0.0007226344  -0.0000184840  -0.0003252469  -0.0001061849
21432   0.0003268951   0.0008671525  -0.0007837788   0.0000868478   0.0048116223
21433   0.0025181043  -0.0009508053  -0.0103151450   0.0188438622  -0.0229074391
21434  -0.0450010369  -0.0061730592   0.0078868299  -0.0011440787  -0.0007393632
21435  -0.0022816702  -0.0019636503   0.0002176665   0.0008138231   0.0011308660
21436   0.0009185013   0.0002234001  -0.0002373540   0.0001209597  -0.0001268709
21437   0.0000037519   0.0000010981   0.0000047196   0.0000034203  -0.0000018231
21438  -0.0000002220  -0.0000003696   0.0000011573  -0.0000005664  -0.0000006166
21439   0.0000001471  -0.0000000155  -0.0000052440  -0.0000006622   0.0000042175
21440  -0.0000097897  -0.0000040226   0.0000233241   0.0000033356   0.0000002798
21441   0.0000010593  -0.0000040813  -0.0000051322   0.0000022968   0.0000000332
21442   0.0000055920   0.0000010507  -0.0000168956  -0.0000021546   0.0000149167
21443  -0.0011419156  -0.0007850764  -0.0011762907   0.0508885956  -0.0037559372
21444  -0.0023860104   0.0017767820  -0.0094359202   0.0206363775   0.0003247454
21445  -0.0013614159  -0.0002894957   0.0001192228   0.0002355974   0.0001989700
21446  -0.0000720515  -0.0000931411  -0.0000000138   0.0001289535   0.0010487380
21447   0.0000041186   0.0000523985  -0.0000238777  -0.0001865857
215 1   0.0000320485   0.0000018034  -0.0000753432   0.0000605160  -0.0000311614
215 2   0.0000186634  -0.0000171970  -0.0000102764   0.0000353303   0.0000205869
215 3  -0.0000269948   0.0000232572  -0.0000601829  -0.0000994377  -0.0000197257
215 4   0.0000182072   0.0000450198   0.0000048928   0.0000001882   0.0000027956
215 5   0.0000148836  -0.0000448720  -0.0000314495   0.0000206112  -0.0000079105
215 6  -0.0000152959  -0.0000067323  -0.0000542091   0.0000645502  -0.0001078863
215 7   0.0000226755  -0.0000717737   0.0000039685  -0.0000029417  -0.0000008489
215 8  -0.0000065224   0.0000144559   0.0000489788   0.0000167216  -0.0000079254
215 9  -0.0000130591  -0.0000722135   0.0000615859  -0.0000443817   0.0002745197
21510   0.0000490633   0.0000483569   0.0000065684  -0.0000014666  -0.0000003332
21511   0.0000319759  -0.0000268298  -0.0000124442  -0.0000219728   0.0000248632
21512  -0.0000118254  -0.0000505563  -0.0000107436  -0.0000245983   0.0000595794
21513  -0.0000290186   0.0000181483   0.0000341055  -0.0000081814   0.0000098447
21514  -0.0000165897  -0.0000076555  -0.0000055748  -0.0000223866   0.0000029712
21515   0.0000273133  -0.0000037951  -0.0000887367  -0.0000492958   0.0000076575
21516   0.0000115352  -0.0000417581   0.0000166455   0.0000568405  -0.0000045096
21517   0.0000264860  -0.0000266648  -0.0000391064   0.0000298588   0.0000193303
21518   0.0000869281  -0.0000127395  -0.0000530081   0.0000363920   0.0000346328
21519   0.0000224627   0.0000280405   0.0000211932   0.0000624673   0.0000377463
21520   0.0001233400  -0.0000026338  -0.0000485660  -0.0000392744   0.0000078497
21521   0.0000283914   0.0000255069  -0.0000021972   0.0000011126  -0.0000166974
21522   0.0000308322  -0.0000377269   0.0000934165   0.0000314260   0.0000133026
21523   0.0000429910  -0.0000160185   0.0000460162  -0.0000132328   0.0000371121
21524  -0.0000193138  -0.0000028888  -0.0000654008   0.0000243886  -0.0000201137
21525   0.0000599854   0.0000893710   0.0000281753  -0.0002084433   0.0000758735
21526   0.0000689422  -0.0000260564  -0.0001064370   0.0000212923   0.0001246942
21527  -0.0000545027   0.0000047076  -0.0000320905  -0.0000369552   0.0000145308
21528  -0.0000636595   0.0000763698   0.0000025406   0.0004731528  -0.0000981201
21529  -0.0000562067  -0.0001662341  -0.0000983694  -0.0001190273  -0.0000154257
21530   0.0001003437   0.0000531025  -0.0007715989  -0.0003428165  -0.0000795335
21531   0.0010740981   0.0002724680   0.0000097410  -0.0011330681  -0.0000336083
21532   0.0001512705   0.0008015508   0.0012603925  -0.0002231994  -0.0039129164
21533  -0.0016512907  -0.0003416397   0.0103243879  -0.0130227250   0.0133734018
21534  -0.0050736812  -0.1003578998   0.1024624653   0.0010348944   0.0002940107
21535   0.0015003814   0.0009545806  -0.0003452448  -0.0000373735  -0.0001563871
21536  -0.0004423626  -0.0000502681  -0.0000805794   0.0002281132  -0.0001124455
21537  -0.0000134965  -0.0000291193  -0.0000487897  -0.0000026205  -0.0000048131
21538  -0.0000115807  -0.0000035522  -0.0000012155   0.0000033759  -0.0000019974
21539   0.0000035077   0.0000026173   0.0000107846   0.0000062433  -0.0000187908
21540   0.0000233983   0.0000161828  -0.0000452133   0.0000044994   0.0000066461
21541   0.0000138325   0.0000085311   0.0000024262   0.0000103511  -0.0000036666
21542  -0.0000060158  -0.0000001042  -0.0000097239   0.0000102920  -0.0000085904
21543  -0.0006055638  -0.0000770452  -0.0004480059  -0.0037559372   0.1118932908
21544  -0.1149526659   0.0005488645  -0.0067253305   0.0149453664  -0.0000638545
21545   0.0101881462  -0.0168997026   0.0001222791   0.0000272158   0.0000669128
21546   0.0001934438  -0.0001063787   0.0001003183   0.0003332924  -0.0009671204
21547   0.0000892995  -0.0000451079   0.0000270796   0.0000723763
216 1   0.0000268596  -0.0000251348   0.0000057257   0.0000075748  -0.0000316073
216 2   0.0000307687  -0.0000175204  -0.0000328463   0.0000363764   0.0000014912
216 3  -0.0000154225   0.0000117431   0.0000127108  -0.0000154162   0.0000465993
216 4   0.0000180283  -0.0000157200  -0.0000185945   0.0000142331   0.0000146260
216 5   0.0000098997  -0.0000266112   0.0000382437   0.0000476518  -0.0000712712
216 6  -0.0000458364  -0.0000440663  -0.0000005466   0.0000012875   0.0000525181
216 7   0.0000260446  -0.0000522648  -0.0000526082   0.0000100785  -0.0000286866
216 8   0.0000267430   0.0000075690  -0.0000267090  -0.0000119049   0.0000384435
216 9   0.0000589768  -0.0000198130  -0.0000806278  -0.0000668003  -0.0002541034
21610   0.0000580716  -0.0000162834  -0.0000256223  -0.0000373543   0.0000627623
21611  -0.0000172706   0.0000253042  -0.0000055636   0.0000053654   0.0000241913
21612  -0.0000661885   0.0000174357   0.0000171475   0.0000601630  -0.0000597138
21613   0.0000881038   0.0000294663   0.0000926454  -0.0000610239   0.0000016440
21614   0.0000641061  -0.0000046463   0.0000118430  -0.0000180809  -0.0000199355
21615  -0.0000005104   0.0000229623  -0.0000006589   0.0000260928  -0.0000355003
21616  -0.0000743867  -0.0000021385   0.0000057754   0.0000718551   0.0000072209
21617   0.0000463349  -0.0000020707   0.0000268127  -0.0000373520   0.0000193268
21618   0.0000136289  -0.0000124770   0.0000028602   0.0000789786  -0.0000357931
21619  -0.0000176231   0.0000541786  -0.0000170111   0.0000099398  -0.0000475821
21620   0.0000260814  -0.0000320710  -0.0000480806   0.0000032384   0.0000324039
21621  -0.0000027611  -0.0000427106  -0.0000532427  -0.0000196019   0.0000329365
21622   0.0000177895  -0.0000018735   0.0001456513   0.0001260872   0.0000438540
21623  -0.0000706092  -0.0001541800   0.0000844144  -0.0000945337   0.0000575091
21624   0.0000163941  -0.0000295886  -0.0000509975   0.0000196586  -0.0000409976
21625   0.0000038118   0.0000220269  -0.0000181951   0.0000384257   0.0000752757
21626   0.0001561298  -0.0000341383  -0.0001135415   0.0000678881  -0.0001172175
21627  -0.0001074705  -0.0000969547   0.0002027266   0.0000095508  -0.0000213004
21628  -0.0001423949  -0.0001657555   0.0001493306  -0.0002008016   0.0001300087
21629   0.0000097881   0.0000938775   0.0000222092   0.0000042954  -0.0000537314
21630   0.0000445826  -0.0000315028   0.0003608884   0.0000540963   0.0000703710
21631  -0.0003457024  -0.0000905569  -0.0000421754   0.0006306860  -0.0003302201
21632  -0.0000475012  -0.0003220787   0.0004035349   0.0000574574   0.0018524387
21633   0.0011867268   0.0004738009  -0.0068077220   0.0012688395   0.0063194323
21634   0.0053055936   0.1037996517  -0.2325771515   0.0001606786  -0.0005530618
21635  -0.0014942251  -0.0007016458   0.0000442339  -0.0001524686   0.0002389617
21636   0.0001734401  -0.0000178384   0.0000525243  -0.0000240525  -0.0000172782
21637   0.0000088941   0.0000066060  -0.0000165093   0.0000027647   0.0000016411
21638  -0.0000081320   0.0000000205   0.0000011340   0.0000009138   0.0000000115
21639  -0.0000002234   0.0000011682   0.0000019973   0.0000059983  -0.0000324987
21640   0.0000295524   0.0000141046  -0.0000960424   0.0000024223   0.0000043177
21641  -0.0000029800  -0.0000062775  -0.0000031683   0.0000048919   0.0000019686
21642   0.0000006487  -0.0000025010  -0.0000074293   0.0000130615  -0.0000202392
21643  -0.0001407536  -0.0006647701  -0.0001900416  -0.0023860104  -0.1149526659
21644   0.2439744477   0.0003820486  -0.0017117601   0.0013480703   0.0018750885
21645   0.0110758410  -0.0176229282  -0.0000099385   0.0000444404   0.0000036159
21646   0.0000151774   0.0000066495  -0.0000164584  -0.0000407747   0.0002748198
21647   0.0000980458   0.0000472023  -0.0000494116  -0.0000069328
217 1  -0.0000022637   0.0000191692  -0.0000080769  -0.0000046816   0.0000089685
217 2  -0.0000188815   0.0000110413   0.0000010153  -0.0000276272  -0.0000046869
217 3   0.0000019524  -0.0000161439  -0.0000065290  -0.0000096309  -0.0000184491
217 4  -0.0000193999   0.0000130935   0.0000075030   0.0000053794   0.0000048564
217 5   0.0000003954   0.0000181239  -0.0000024072  -0.0000165457  -0.0000037404
217 6   0.0000058830   0.0000137615   0.0000045066   0.0000210577  -0.0000004648
217 7  -0.0000141312   0.0000000526   0.0000034476  -0.0000039653  -0.0000028754
217 8  -0.0000132725  -0.0000092255   0.0000170293   0.0000196921  -0.0000011892
217 9   0.0000071245   0.0000366397  -0.0000541263  -0.0000801052   0.0000049613
21710  -0.0000000831   0.0000155180  -0.0000017222   0.0000288335  -0.0000019440
21711   0.0000141696  -0.0000233722  -0.0000160957   0.0000126403   0.0000194682
21712   0.0000117040   0.0000017939  -0.0000338235  -0.0000462247   0.0000548154
21713  -0.0000210008  -0.0000126832  -0.0000179704   0.0000128456  -0.0000168206
21714  -0.0000105967   0.0000041424  -0.0000063220   0.0000085908   0.0000058865
21715   0.0000005777  -0.0000266617   0.0000176935  -0.0000102025  -0.0000144763
21716  -0.0000082454  -0.0000048899  -0.0000100842  -0.0000243142  -0.0000207312
21717  -0.0000068542   0.0000034937   0.0000050523   0.0000228968  -0.0000063196
21718  -0.0000094433  -0.0000019477   0.0000016799  -0.0000110672   0.0000184524
21719  -0.0000009117  -0.0000081105   0.0000154111   0.0000154046   0.0000155432
21720   0.0000120022   0.0000041519   0.0000167972   0.0000027118  -0.0000008099
21721   0.0000047697   0.0000065825   0.0000008349   0.0000107896   0.0000163624
21722  -0.0000054264   0.0000066283  -0.0000489819  -0.0000364561   0.0000052012
21723   0.0000132660   0.0000447394  -0.0000033936   0.0000145019  -0.0000079189
21724   0.0000027309   0.0000254941   0.0000396326   0.0000310115  -0.0000304511
21725  -0.0000076669  -0.0000178549  -0.0000069793   0.0000277822  -0.0000250981
21726  -0.0000220009   0.0000123198   0.0000307449  -0.0000166378  -0.0000099207
21727   0.0000079906  -0.0000054924  -0.0000349952  -0.0000205904  -0.0000011145
21728   0.0000270036   0.0000177719   0.0000320784  -0.0002200739   0.0000909680
21729   0.0000256260   0.0000770821   0.0000326568   0.0000360910  -0.0000214338
21730  -0.0000149189  -0.0000196098   0.0003596918   0.0000779671  -0.0000246801
21731  -0.0002926775  -0.0001372800  -0.0000416605   0.0003603562  -0.0002505000
21732   0.0000016356  -0.0000064906   0.0005036285  -0.0000543937  -0.0010542643
21733   0.0043664761   0.0002503739  -0.0272178928  -0.0142144705  -0.0001591295
21734  -0.2123720769  -0.1235337236   0.0078542248  -0.0000844416  -0.0031842761
21735  -0.0001603774  -0.0011685860  -0.0008683172  -0.0001267481   0.0000643269
21736   0.0005946694  -0.0000789945  -0.0001200956  -0.0001503579  -0.0000017852
21737   0.0000006548   0.0000068398   0.0000122864  -0.0000001875  -0.0000003613
21738   0.0000034694  -0.0000007419   0.0000001921  -0.0000004209  -0.0000003838
21739  -0.0000000817  -0.0000005933  -0.0000020756   0.0000013011   0.0000052939
21740  -0.0000085486  -0.0000041469   0.0000254311   0.0000023024  -0.0000023480
21741  -0.0000015783  -0.0000033295  -0.0000031496  -0.0000000757  -0.0000002549
21742   0.0000018166   0.0000013437  -0.0000342537  -0.0000123307   0.0000109874
21743   0.0001106232  -0.0001379454   0.0000303813   0.0017767820   0.0005488645
21744   0.0003820486   0.2350929450   0.1328842667  -0.0075806201   0.0033009834
21745   0.0019471945  -0.0004125056   0.0008495618   0.0012604781  -0.0000350152
21746   0.0002857728   0.0000862778   0.0000767046   0.0003869076   0.0001186702
21747  -0.0000392431  -0.0000199414   0.0000353978   0.0000047957
218 1  -0.0000123975   0.0000133237   0.0000075127  -0.0000078638   0.0000096895
218 2  -0.0000169307   0.0000075811   0.0000073112  -0.0000123043   0.0000028461
218 3  -0.0000034918  -0.0000051880  -0.0000090912   0.0000124223  -0.0000211700
218 4  -0.0000125618   0.0000017814   0.0000104721  -0.0000046750  -0.0000030114
218 5  -0.0000045148   0.0000138555  -0.0000117789  -0.0000193235   0.0000340149
218 6   0.0000194034   0.0000181548  -0.0000018630   0.0000303877   0.0000295977
218 7  -0.0000093228   0.0000139411   0.0000082016  -0.0000041256   0.0000081667
218 8  -0.0000175622  -0.0000075264   0.0000083332  -0.0000067941  -0.0000275814
218 9  -0.0000141595   0.0000046868  -0.0000040866   0.0000549922   0.0000356021
21810  -0.0000191529   0.0000007046   0.0000024532   0.0000131864  -0.0000095039
21811   0.0000104892  -0.0000090197  -0.0000038446   0.0000015140  -0.0000152582
21812   0.0000053901   0.0000086481  -0.0000133026  -0.0001233150   0.0000651983
21813  -0.0000087851  -0.0000119276  -0.0000246974   0.0000135665  -0.0000060638
21814  -0.0000152195  -0.0000068172  -0.0000032312  -0.0000039423   0.0000059954
21815   0.0000147899  -0.0000339276   0.0000207060  -0.0000091509   0.0000043743
21816   0.0000195605   0.0000007227  -0.0000074390  -0.0000340697  -0.0000002597
21817  -0.0000138188  -0.0000010782  -0.0000089037   0.0000145048  -0.0000079434
21818  -0.0000117835   0.0000014248  -0.0000000394  -0.0000324409   0.0000148859
21819   0.0000096245  -0.0000114945   0.0000023024   0.0000064894   0.0000135109
21820   0.0000355908   0.0000078195   0.0000132078   0.0000075930  -0.0000057465
21821   0.0000033389   0.0000093776   0.0000145384   0.0000024687  -0.0000160357
21822  -0.0000128217   0.0000021994  -0.0000470765  -0.0000341008  -0.0000068980
21823   0.0000117317   0.0000549351  -0.0000076816   0.0000079413  -0.0000325143
21824  -0.0000038822   0.0000200728   0.0000369250   0.0000087686   0.0000110549
21825   0.0000037625  -0.0000068879   0.0000001971  -0.0000114546  -0.0000113525
21826  -0.0000187350   0.0000115824   0.0000211781  -0.0000168970   0.0000264461
21827   0.0000270971  -0.0000022332  -0.0000393233   0.0000104305   0.0000011732
21828   0.0000580175  -0.0000206153  -0.0000039756  -0.0000249327   0.0000000233
21829   0.0000082825  -0.0000008847   0.0000072217   0.0000146220   0.0000137617
21830  -0.0000117936  -0.0000045612  -0.0000271816   0.0000677402  -0.0000271515
21831  -0.0001227899  -0.0000480247  -0.0000016682   0.0000010743   0.0004239150
21832  -0.0000548146  -0.0001286808  -0.0011155275  -0.0000048652   0.0023445894
21833  -0.0029071297   0.0002239463   0.0198957319   0.0086875626  -0.0004640392
21834  -0.1376363396  -0.1444571320   0.0061828228   0.0039724148   0.0001386762
21835   0.0001239761   0.0010738689   0.0006248770   0.0000959476   0.0000026825
21836  -0.0001990940   0.0001178857   0.0000594990  -0.0000189916   0.0000001750
21837  -0.0000030211   0.0000003092   0.0000042186  -0.0000016465  -0.0000015023
21838   0.0000028545  -0.0000001764   0.0000002530  -0.0000005411  -0.0000004866
21839  -0.0000002230  -0.0000005198   0.0000000941   0.0000006243   0.0000082579
21840  -0.0000075634  -0.0000042485   0.0000212959  -0.0000026076   0.0000002073
21841  -0.0000011653   0.0000020864   0.0000005774  -0.0000009793  -0.0000011386
21842   0.0000010467  -0.0000002805   0.0000072998  -0.0000006068   0.0000121295
21843  -0.0005304541   0.0005790759  -0.0000775657  -0.0094359202  -0.0067253305
21844  -0.0017117601   0.1328842667   0.1548545670  -0.0075098870  -0.0135143957
21845  -0.0089198818   0.0029919265   0.0009060543  -0.0008550571   0.0000478850
21846  -0.0000146163  -0.0001477895   0.0000209575   0.0003046587  -0.0000116967
21847  -0.0000286624  -0.0000241771   0.0000554711  -0.0000256921
219 1  -0.0000247384   0.0000213420  -0.0000042780  -0.0000193090   0.0000225368
219 2  -0.0000443551   0.0000123839   0.0000108349  -0.0000254245  -0.0000000142
219 3  -0.0000036545  -0.0000113225  -0.0000180570   0.0000066888  -0.0000463418
219 4  -0.0000177518   0.0000053028   0.0000191712  -0.0000097713   0.0000037884
219 5  -0.0000100236   0.0000183403  -0.0000198755  -0.0000311100   0.0000419502
219 6   0.0000283633   0.0000035489   0.0000294256   0.0000464032   0.0000714836
219 7  -0.0000057329   0.0000300545   0.0000136841  -0.0000175165   0.0000183304
219 8  -0.0000305757   0.0000055107   0.0000229533   0.0000055160  -0.0000424446
219 9  -0.0000161921   0.0000428963  -0.0000001430  -0.0000463097  -0.0001134409
21910  -0.0000382184  -0.0000088305   0.0000131523   0.0000285330  -0.0000159015
21911   0.0000322871  -0.0000167278  -0.0000140718   0.0000069022   0.0000276907
21912  -0.0000169686   0.0000478088  -0.0000204140  -0.0001259748   0.0001291808
21913  -0.0000057593  -0.0000247374  -0.0000412410   0.0000313846  -0.0000173804
21914  -0.0000246332  -0.0000150014  -0.0000078714   0.0000016991   0.0000197396
21915  -0.0000008187  -0.0000172188   0.0000284321  -0.0000235834   0.0000022764
21916   0.0000228655   0.0000006537  -0.0000184325  -0.0000532774   0.0000028308
21917  -0.0000253662  -0.0000007527  -0.0000130451   0.0000124264  -0.0000089227
21918  -0.0000133739  -0.0000009430  -0.0000054029  -0.0000450413   0.0000331016
21919   0.0000131604  -0.0000160834   0.0000086535   0.0000069309   0.0000195632
21920   0.0000397555   0.0000185356   0.0000353466   0.0000202976  -0.0000062592
21921   0.0000026726   0.0000099906   0.0000140634   0.0000162931  -0.0000185829
21922  -0.0000179288   0.0000115215  -0.0000979426  -0.0000696901  -0.0000059195
21923   0.0000190723   0.0001265943  -0.0000046656   0.0000163853  -0.0000675636
21924   0.0000046841   0.0000422450   0.0000491895   0.0000291724  -0.0000313656
21925  -0.0000037117  -0.0000085325   0.0000080112   0.0000315757  -0.0000450815
21926  -0.0000238673   0.0000138482   0.0000533088  -0.0000223487  -0.0000205233
21927   0.0000337550  -0.0000029584  -0.0000101633  -0.0000001988  -0.0000088503
21928   0.0000273850   0.0000101930  -0.0000149305  -0.0000435696   0.0000040538
21929   0.0000041241   0.0000035260   0.0000053116   0.0000197770   0.0000142246
21930  -0.0000310016  -0.0000094808   0.0000760259   0.0000356320  -0.0000189056
21931  -0.0001360875  -0.0000213286  -0.0000045421   0.0001036959  -0.0000150142
21932   0.0001283825  -0.0002253606  -0.0000241350   0.0001598089  -0.0001867409
21933   0.0005464540   0.0003283599  -0.0035030752  -0.0021774484  -0.0021870374
21934   0.0095185813   0.0071195182  -0.0437802254  -0.0000307020  -0.0000767562
21935   0.0004949555  -0.0002466144  -0.0000872094   0.0003931478  -0.0000050849
21936   0.0000899422   0.0000307420  -0.0000043049  -0.0000643159  -0.0000149968
21937  -0.0000013408   0.0000016252   0.0000015686  -0.0000016488   0.0000004153
21938   0.0000005136   0.0000009380  -0.0000009632   0.0000004087   0.0000009437
21939  -0.0000002393   0.0000007585  -0.0000043556  -0.0000030726   0.0000108709
21940  -0.0000144179  -0.0000120895   0.0000340590  -0.0000014831  -0.0000029279
21941  -0.0000001808  -0.0000012348  -0.0000004913  -0.0000004064   0.0000002814
21942   0.0000018565   0.0000027987  -0.0000074648  -0.0000076266   0.0000071742
21943   0.0000781475  -0.0000031487  -0.0003128819   0.0206363775   0.0149453664
21944   0.0013480703  -0.0075806201  -0.0075098870   0.0405490709  -0.0184662993
21945  -0.0124345997   0.0023365134  -0.0000884440  -0.0001103622   0.0005193134
21946   0.0001551982   0.0000923386   0.0000178820  -0.0001081440  -0.0001980307
21947  -0.0000010477   0.0000173093  -0.0000043475   0.0000074121
220 1   0.0000177894  -0.0000225323  -0.0000412919  -0.0000060599  -0.0000062681
220 2  -0.0000016079   0.0000071713  -0.0000136858   0.0000125331  -0.0000406706
220 3   0.0000267294   0.0000265120   0.0000298922  -0.0000227130   0.0000976765
220 4   0.0000073912  -0.0000072289  -0.0000633815  -0.0000010502   0.0000098524
220 5  -0.0000082469   0.0000112161   0.0000342858   0.0000409855  -0.0001002893
220 6  -0.0000255789   0.0000191812  -0.0008087179  -0.0000110518   0.0003932941
220 7   0.0000045476  -0.0000351502  -0.0000673926   0.0000049726  -0.0000140835
220 8   0.0000110647  -0.0000001531   0.0000079778   0.0000076701   0.0000797338
220 9   0.0000353618   0.0001011475  -0.0011147761   0.0007239270  -0.0000572230
22010   0.0000385878   0.0000053754  -0.0000621033  -0.0000164528   0.0000299989
22011  -0.0000408096   0.0000015985  -0.0000186867   0.0000088430  -0.0000060061
22012   0.0000031234   0.0000075153  -0.0000008847   0.0000880740  -0.0000263367
22013   0.0000088743   0.0000074715  -0.0000248334  -0.0000326091  -0.0000042698
22014  -0.0000029759   0.0000082908   0.0000148921  -0.0000080977  -0.0000174321
22015   0.0000057301   0.0000390449   0.0000096302   0.0000057147  -0.0000580362
22016  -0.0000762825  -0.0000163846   0.0000074146   0.0001030909  -0.0000388801
22017   0.0000562027   0.0000317525   0.0000384848   0.0000289649   0.0000302012
22018  -0.0000234980  -0.0000317038   0.0000123922   0.0000669262  -0.0000290090
22019  -0.0000086489   0.0000050019   0.0000364180   0.0000113290  -0.0000477120
22020  -0.0000584378   0.0000034150  -0.0000125567  -0.0000466369   0.0000374229
22021  -0.0000175777  -0.0000433334  -0.0000206967   0.0000130266   0.0000956680
22022   0.0000131807  -0.0000044023   0.0000533548   0.0000449654   0.0000044809
22023  -0.0000777649  -0.0000692479  -0.0000087769  -0.0000448102   0.0000442963
22024   0.0000026095   0.0000054910   0.0000027576  -0.0000246590   0.0000613289
22025  -0.0000069373   0.0000050914  -0.0000264157   0.0000171008   0.0000439935
22026   0.0000338639  -0.0000180290  -0.0000391977   0.0000267951  -0.0000571189
22027  -0.0001204879  -0.0000324269   0.0000991545  -0.0000047946  -0.0000005231
22028  -0.0000542263  -0.0001182899   0.0001021289  -0.0003752896   0.0001749397
22029  -0.0000284207   0.0001581170   0.0000631803   0.0000038664  -0.0001082928
22030   0.0000489505  -0.0000271392   0.0005438675   0.0000599395   0.0001407579
22031  -0.0001989465  -0.0007179802   0.0000072425  -0.0002742361  -0.0001256395
22032  -0.0002765294   0.0001045401  -0.0007145880   0.0002707838   0.0045479049
22033   0.0019740914   0.0005887096  -0.0101495282   0.0232958338   0.0170145093
22034  -0.0436960253   0.0020772827   0.0038976498  -0.0023371284  -0.0007217956
22035   0.0019623221  -0.0016438457   0.0001618558  -0.0006712594   0.0010985994
22036   0.0008127152  -0.0002355974  -0.0002157548   0.0001126796  -0.0000657185
22037   0.0000060160   0.0000046127   0.0000059056   0.0000039606  -0.0000009107
22038  -0.0000033781  -0.0000015436   0.0000016746   0.0000001677  -0.0000015315
22039   0.0000012037   0.0000005756  -0.0000019731   0.0000047529  -0.0000167747
22040   0.0000121689   0.0000116401  -0.0000348680   0.0000051881   0.0000024588
22041   0.0000010783  -0.0000044183  -0.0000061225   0.0000045277  -0.0000000508
22042   0.0000025066   0.0000076811   0.0000099341  -0.0000028463  -0.0000281746
22043  -0.0017126474  -0.0008143593   0.0010375141   0.0003247454  -0.0000638545
22044   0.0018750885   0.0033009834  -0.0135143957  -0.0184662993   0.0518963365
22045  -0.0138741455  -0.0075112342   0.0003148580   0.0001643602  -0.0001838560
22046   0.0001491841   0.0010693997   0.0001233731  -0.0000122639   0.0000046399
22047   0.0000602034   0.0000326068  -0.0000117428   0.0001275928
221 1   0.0000660809  -0.0000365702  -0.0000860580   0.0000919833  -0.0000711513
221 2   0.0000482547  -0.0000248951  -0.0000498736   0.0000627954   0.0000080272
221 3  -0.0000452770   0.0000019127   0.0000037509  -0.0000861831   0.0000132687
221 4   0.0000450608   0.0000294066  -0.0000120928   0.0000111578   0.0000072616
221 5   0.0000272642  -0.0000826915   0.0000099332   0.0000728491  -0.0001132868
221 6  -0.0000928679  -0.0000784379   0.0001375044  -0.0000246263   0.0003234005
221 7   0.0000437096  -0.0001414496  -0.0000317744   0.0000131580  -0.0000352589
221 8   0.0000499089   0.0000376929   0.0000105686   0.0000045830  -0.0000050759
221 9   0.0000967242  -0.0001277957   0.0005950957  -0.0009088492   0.0007418484
22110   0.0001135778   0.0000330098   0.0000122967  -0.0000594929   0.0000442350
22111   0.0000263619   0.0000004315  -0.0000118819  -0.0000038112   0.0000330117
22112  -0.0000308947  -0.0000899722   0.0000172883   0.0001307001  -0.0000837991
22113   0.0000463698   0.0000470154   0.0001705012  -0.0000719234   0.0000209406
22114   0.0000712842  -0.0000120474   0.0000245696  -0.0000418846  -0.0000204247
22115   0.0000452610   0.0000492138  -0.0001154743  -0.0000338447  -0.0000066802
22116  -0.0000808283  -0.0000443870   0.0000389662   0.0001715029   0.0000125435
22117   0.0000923233  -0.0000057467   0.0000146533  -0.0000358584   0.0000476910
22118   0.0001203182   0.0000009238  -0.0000500014   0.0001477039  -0.0000092495
22119  -0.0000030558   0.0000951388  -0.0000023381   0.0000653977  -0.0000538303
22120   0.0001248046  -0.0000370836  -0.0000891002  -0.0000256338   0.0000445825
22121   0.0000192157  -0.0000193788  -0.0000869227  -0.0000035906   0.0000352519
22122   0.0000982257  -0.0000586330   0.0003181343   0.0001692802   0.0000472762
22123  -0.0000066821  -0.0002202227   0.0001258500  -0.0000885881   0.0001000769
22124   0.0000054260  -0.0000415340  -0.0001632894   0.0000102751  -0.0000136848
22125   0.0000748014   0.0001176517   0.0000121642  -0.0002320469   0.0001781281
22126   0.0002187977  -0.0000633290  -0.0002515968   0.0000949681   0.0000772907
22127  -0.0001593950  -0.0000744773   0.0001051870  -0.0000352947  -0.0000102321
22128  -0.0001802223  -0.0000666666   0.0000888378   0.0003621855   0.0000111257
22129  -0.0001040191  -0.0001103031  -0.0000887436  -0.0001576598  -0.0000682151
22130   0.0001601800   0.0000385717  -0.0006456418  -0.0003192481   0.0000867143
22131   0.0009737809   0.0001744125   0.0000195334  -0.0011450978   0.0000918276
22132  -0.0001765963   0.0001386227   0.0008373530   0.0005090303  -0.0042457405
22133  -0.0018850013  -0.0001502981   0.0103393714  -0.0165359897  -0.0087677645
22134   0.0044332125  -0.1412131222  -0.1182636370   0.0020481399  -0.0001232434
22135  -0.0018339417   0.0009041083  -0.0003324953   0.0004072710  -0.0001583969
22136  -0.0003637160   0.0000151483  -0.0000769655   0.0002845598  -0.0001173719
22137  -0.0000081145  -0.0000284223  -0.0000642755  -0.0000006976  -0.0000057811
22138  -0.0000191335  -0.0000050613  -0.0000004472   0.0000041613  -0.0000035097
22139   0.0000038852   0.0000039597   0.0000176152   0.0000140468  -0.0000524394
22140   0.0000602385   0.0000400812  -0.0001476336   0.0000058967   0.0000139330
22141   0.0000108904   0.0000086804  -0.0000012472   0.0000163242  -0.0000038680
22142  -0.0000075523   0.0000020597   0.0000163667   0.0000112121  -0.0000175029
22143  -0.0010369456   0.0002536852   0.0004233592  -0.0013614159   0.0101881462
22144   0.0110758410   0.0019471945  -0.0089198818  -0.0124345997  -0.0138741455
22145   0.1596743020   0.1279948526   0.0003825219   0.0001190830   0.0000919858
22146   0.0004575809  -0.0010700636  -0.0000870825   0.0001417472  -0.0000821740
22147  -0.0000287778  -0.0000830199   0.0000367125  -0.0000879222
222 1   0.0001289121  -0.0000628428   0.0000104230  -0.0000004986  -0.0000880858
222 2   0.0000484581   0.0000225728  -0.0000795027   0.0001327615  -0.0000820516
222 3   0.0000010049   0.0000392165   0.0000546416  -0.0001313171   0.0000522791
222 4   0.0000501596   0.0000108368  -0.0000297174   0.0000509590   0.0000783789
222 5   0.0000373234  -0.0001130551   0.0000644260   0.0001728234  -0.0002713139
222 6  -0.0001308871  -0.0001017190   0.0002923101   0.0003600634   0.0006860389
222 7   0.0000474312  -0.0002413252  -0.0001711384   0.0000309483  -0.0000594905
222 8   0.0000220739   0.0001194786   0.0000552750   0.0000409951   0.0000335397
222 9   0.0002069620   0.0000755443  -0.0004817816  -0.0001971099  -0.0000706114
22210   0.0001905372   0.0000718447  -0.0000598810  -0.0000684101   0.0000908378
22211   0.0000122185   0.0000282803  -0.0001030630   0.0000480396   0.0000502014
22212  -0.0000632201  -0.0000007526  -0.0000075076   0.0000379956  -0.0000373943
22213   0.0001415812   0.0000354519   0.0001350042  -0.0001066287  -0.0000118589
22214   0.0000860827   0.0000067746   0.0000645176  -0.0000873352  -0.0000554787
22215   0.0000517762   0.0000035706  -0.0000366158   0.0000225655  -0.0001605855
22216  -0.0003122218  -0.0000452408   0.0000273743   0.0002997961  -0.0000094126
22217   0.0001969413   0.0000218590   0.0000704539  -0.0000045455   0.0000227902
22218   0.0000071651  -0.0000193862  -0.0000772292   0.0002400799   0.0000174480
22219  -0.0000093574   0.0001321072   0.0000174341   0.0000842700  -0.0001362793
22220   0.0001192117  -0.0000658963  -0.0000704448  -0.0000149225   0.0001273029
22221  -0.0000060218  -0.0000925530  -0.0001058981  -0.0000121592   0.0001794605
22222   0.0000500184  -0.0000149546   0.0001975997   0.0002274862   0.0000760323
22223  -0.0001240788  -0.0002705119   0.0001410498  -0.0002417504   0.0001054654
22224   0.0000712002  -0.0000309572  -0.0000544107   0.0000268008  -0.0000292314
22225   0.0000391646   0.0001094221  -0.0000238215  -0.0000613415   0.0002397304
22226   0.0004739146  -0.0001152769  -0.0003933396   0.0001925587  -0.0001288961
22227  -0.0001299961  -0.0003009628   0.0003206723  -0.0000399435  -0.0000858550
22228  -0.0002275595  -0.0001730967   0.0004409907  -0.0000922609   0.0003142810
22229   0.0000592358  -0.0000209606  -0.0000410553  -0.0000536012  -0.0000648186
22230   0.0000729582  -0.0000657007  -0.0000251954   0.0000774334  -0.0001271376
22231   0.0001367456  -0.0003480825   0.0000735950  -0.0005266880   0.0003266226
22232  -0.0000172916   0.0001049754  -0.0009849494  -0.0001286952  -0.0005038136
22233  -0.0011399309  -0.0001205341   0.0036983822   0.0035116226   0.0095962111
22234   0.0060274107  -0.1189669632  -0.1859483400  -0.0005738995   0.0014261583
22235  -0.0010982554  -0.0001682001   0.0001572990  -0.0000087788   0.0002354102
22236   0.0003351779  -0.0001139984  -0.0001659597  -0.0000293999  -0.0001524929
22237   0.0000053020  -0.0000008416  -0.0000659263  -0.0000065319   0.0000050172
22238  -0.0000344104  -0.0000046693  -0.0000008731   0.0000101594  -0.0000031368
22239   0.0000033626   0.0000105969   0.0000170036   0.0000237645  -0.0001071415
22240   0.0001038218   0.0000508025  -0.0002795496   0.0000070855   0.0000147510
22241   0.0000132376  -0.0000003183  -0.0000107287   0.0000347758  -0.0000019648
22242  -0.0000035429   0.0000010292   0.0000109417  -0.0000035281  -0.0000123464
22243   0.0002822352   0.0007496047   0.0000356394  -0.0002894957  -0.0168997026
22244  -0.0176229282  -0.0004125056   0.0029919265   0.0023365134  -0.0075112342
22245   0.1279948526   0.1919443412  -0.0000678991   0.0000268642  -0.0000236681
22246   0.0000048246   0.0000769857   0.0000666935  -0.0000266295   0.0001667629
22247   0.0000337680  -0.0000631687   0.0000369649  -0.0000135874
223 1  -0.0000040154   0.0000078747   0.0000023069  -0.0000075820   0.0000105962
223 2   0.0000003137   0.0000049130   0.0000052979  -0.0000065122  -0.0000123100
223 3   0.0000093402  -0.0000044861   0.0000043687   0.0000172155  -0.0000131165
223 4  -0.0000062016  -0.0000057911   0.0000068188  -0.0000006743  -0.0000011388
223 5   0.0000056001   0.0000124114   0.0000002556  -0.0000054495  -0.0000008937
223 6   0.0000089369   0.0000146720   0.0000024417  -0.0000054014   0.0000215637
223 7  -0.0000019725   0.0000075651  -0.0000012133  -0.0000044661   0.0000000095
223 8  -0.0000000948   0.0000052162   0.0000123374   0.0000162802  -0.0000297900
223 9  -0.0000174862   0.0000372320  -0.0000147802   0.0000304385   0.0000571022
22310  -0.0000079342  -0.0000089547  -0.0000019156   0.0000131228  -0.0000004149
22311   0.0000042622  -0.0000437583  -0.0000226605   0.0000031178   0.0001807940
22312  -0.0000116423   0.0002181989   0.0000087988   0.0000041111   0.0000482076
22313   0.0000057300  -0.0000146659  -0.0000262913   0.0000097376  -0.0000058581
22314  -0.0000026416   0.0000112538   0.0000019783   0.0000162797  -0.0000102048
22315  -0.0000139271   0.0000162323   0.0000170664   0.0000010559  -0.0000134806
22316  -0.0000040862   0.0000034503  -0.0000082811  -0.0000175775  -0.0000036209
22317  -0.0000064832   0.0000039257  -0.0000007991   0.0000048334  -0.0000116012
22318  -0.0000224702  -0.0000027324   0.0000083184  -0.0000204374   0.0000137209
22319   0.0000053799  -0.0000031613  -0.0000002797   0.0000057801  -0.0000013730
22320  -0.0000031232   0.0000040984   0.0000193206   0.0000023344   0.0000044932
22321   0.0000033849  -0.0000088477  -0.0000266406  -0.0000047681   0.0000108708
22322   0.0000183431   0.0000117129  -0.0000113457  -0.0000245741  -0.0000023653
22323  -0.0000129692   0.0000351632  -0.0000039208  -0.0000115718  -0.0000037118
22324   0.0000028823   0.0000256489   0.0000102303   0.0000185738  -0.0000899028
22325  -0.0000153884  -0.0000201800  -0.0000072760   0.0000531946  -0.0000236397
22326  -0.0000021347   0.0000046997   0.0000211937  -0.0000027182  -0.0000205811
22327   0.0000442200  -0.0000195356  -0.0000213048  -0.0000101540  -0.0000019397
22328   0.0000613887   0.0000553401   0.0000172235  -0.0001020260   0.0000366092
22329   0.0000267831   0.0000219033   0.0000145279   0.0000350503   0.0000074832
22330  -0.0000526824  -0.0000213263   0.0001798081   0.0000468851   0.0000069522
22331  -0.0002443497  -0.0001913635  -0.0000215644   0.0001385466  -0.0001266236
22332  -0.0000001552   0.0000257529   0.0001609511  -0.0001644174   0.0010341787
22333   0.0005651438   0.0001145222  -0.0024850549   0.0004635542  -0.0000008867
22334   0.0003508613   0.0035134747   0.0002431046  -0.2992225876  -0.0672403795
22335  -0.0109427268  -0.0005262689   0.0002335993  -0.0001828720   0.0003923392
22336   0.0000629072  -0.0000679354  -0.0000418001  -0.0000872969   0.0000132730
22337   0.0000027336   0.0000089480   0.0000111723  -0.0000003573   0.0000018281
22338   0.0000015615   0.0000002269   0.0000003845  -0.0000002459  -0.0000004190
22339  -0.0000013615  -0.0000001607  -0.0000015292  -0.0000013177   0.0000017200
22340  -0.0000039005  -0.0000059320   0.0000093249   0.0000029384  -0.0000028700
22341  -0.0000009061  -0.0000032724  -0.0000021006  -0.0000003761   0.0000006696
22342   0.0000010609   0.0000007240  -0.0000100403   0.0000017169   0.0000303828
22343   0.0000233964  -0.0000847824   0.0000054421   0.0001192228   0.0001222791
22344  -0.0000099385   0.0008495618   0.0009060543  -0.0000884440   0.0003148580
22345   0.0003825219  -0.0000678991   0.3166668500   0.0663041492   0.0116673341
22346  -0.0093756127  -0.0023119078  -0.0022165638  -0.0084326935  -0.0023455529
22347   0.0012094863   0.0001177601  -0.0004446845   0.0001311073
224 1  -0.0000203383   0.0000142758   0.0000092970  -0.0000151115   0.0000094730
224 2  -0.0000275356  -0.0000102455  -0.0000006193  -0.0000197267   0.0000023977
224 3   0.0000005080  -0.0000100684  -0.0000014782   0.0000015661   0.0000010093
224 4  -0.0000144599   0.0000073209   0.0000026276  -0.0000016150   0.0000100867
224 5  -0.0000099442   0.0000098041   0.0000116933  -0.0000127714  -0.0000034446
224 6   0.0000027923  -0.0000025126   0.0000108973  -0.0000134743   0.0000278497
224 7  -0.0000075291   0.0000276247  -0.0000031561  -0.0000020421   0.0000017996
224 8  -0.0000063450  -0.0000128986  -0.0000141437  -0.0000057536   0.0000203611
224 9   0.0000090333   0.0000344472  -0.0000493605   0.0000043837   0.0000915772
22410  -0.0000114817  -0.0000096305  -0.0000011645   0.0000101343   0.0000063955
22411  -0.0000044679   0.0000218681   0.0000173040   0.0000147662   0.0000421130
22412  -0.0000363959  -0.0000889951   0.0000071512  -0.0001401949  -0.0000964464
22413   0.0000125911  -0.0000006574  -0.0000011020   0.0000141357  -0.0000082902
22414  -0.0000018690  -0.0000037550  -0.0000162696   0.0000002924  -0.0000026637
22415   0.0000126926  -0.0000375078   0.0000210441   0.0000022658   0.0000088376
22416  -0.0000056826   0.0000064431   0.0000000434  -0.0000188523  -0.0000034126
22417  -0.0000089342   0.0000003487   0.0000132109  -0.0000010317   0.0000045914
22418  -0.0000012565   0.0000067461   0.0000043382  -0.0000045711   0.0000016711
22419  -0.0000024257  -0.0000102925   0.0000091003  -0.0000272177  -0.0000103272
22420  -0.0000045762   0.0000027957   0.0000179148   0.0000185469  -0.0000053876
22421  -0.0000067886   0.0000054888   0.0000132145   0.0000057337  -0.0000112000
22422  -0.0000148029  -0.0000014674  -0.0000342130  -0.0000097169   0.0000040547
22423  -0.0000055891   0.0000307686  -0.0000014213   0.0000081571  -0.0000331947
22424  -0.0000040607  -0.0000022086   0.0000163727   0.0000069893   0.0000361026
22425  -0.0000025057  -0.0000111228  -0.0000046072   0.0000150263  -0.0000077400
22426  -0.0000201100   0.0000100719   0.0000241750  -0.0000104398  -0.0000140856
22427  -0.0000177366  -0.0000010813   0.0000047489   0.0000118868   0.0000003529
22428  -0.0000196712  -0.0000584603   0.0000239835  -0.0001659781   0.0000568082
22429   0.0000060814   0.0000696783   0.0000355621   0.0000276172  -0.0000169871
22430   0.0000080115  -0.0000163636   0.0002194139   0.0001369655  -0.0000119250
22431  -0.0000777535  -0.0001131243  -0.0000415619   0.0004288131  -0.0005007307
22432   0.0000726095  -0.0018374882  -0.0003617893  -0.0001704426   0.0025794687
22433  -0.0052653321   0.0000633948  -0.0336941000  -0.0151065950  -0.0021361912
22434  -0.0034933361  -0.0002685216  -0.0001472189  -0.0530396300  -0.0588760852
22435  -0.0028465619   0.0008680659  -0.0005204039   0.0002243903  -0.0001744611
22436   0.0005272929  -0.0000118320  -0.0000573966  -0.0000528487  -0.0000029517
22437   0.0000007483   0.0000024363   0.0000077883   0.0000002881  -0.0000010581
22438   0.0000028234   0.0000001733   0.0000003464  -0.0000006697   0.0000004237
22439   0.0000003976  -0.0000005816  -0.0000027637   0.0000005149   0.0000063844
22440  -0.0000068936  -0.0000014024   0.0000159600  -0.0000034071  -0.0000007504
22441  -0.0000026412   0.0000005154  -0.0000005495   0.0000000268  -0.0000004370
22442   0.0000024500   0.0000011974  -0.0001254580  -0.0000286854   0.0000214289
22443   0.0000180267  -0.0000011206  -0.0000161568   0.0002355974   0.0000272158
22444   0.0000444404   0.0012604781  -0.0008550571  -0.0001103622   0.0001643602
22445   0.0001190830   0.0000268642   0.0663041492   0.0738781105   0.0039535823
22446   0.0090882786   0.0030215921   0.0022277261   0.0116025884   0.0037489216
22447  -0.0009955082  -0.0001097854   0.0005370551  -0.0000588858
225 1   0.0000069464   0.0000340602  -0.0000486427   0.0000201764   0.0000157607
225 2  -0.0000103066   0.0000219776   0.0000026506  -0.0000184757  -0.0000213687
225 3  -0.0000021239  -0.0000028084  -0.0000402895  -0.0000433345  -0.0000476211
225 4  -0.0000173828   0.0000329215   0.0000194885  -0.0000016880  -0.0000004495
225 5   0.0000084050   0.0000134156  -0.0000275287  -0.0000201696   0.0000043874
225 6   0.0000215636   0.0000146637   0.0000174781   0.0000433267  -0.0000563151
225 7  -0.0000156415  -0.0000094169   0.0000170417  -0.0000153174   0.0000050006
225 8  -0.0000247988   0.0000096942   0.0000410765   0.0000188111  -0.0000314240
225 9  -0.0000250354   0.0000176282  -0.0000303519   0.0001383630   0.0002478280
22510  -0.0000032138   0.0000284338  -0.0000031269   0.0000325372  -0.0000132268
22511   0.0000317789  -0.0000905556  -0.0000427083  -0.0000295891  -0.0000396765
22512  -0.0000319579   0.0002995579   0.0000942769  -0.0001595413   0.0000013915
22513  -0.0000369326  -0.0000258048  -0.0000486793   0.0000267686  -0.0000249273
22514  -0.0000333609  -0.0000107053   0.0000068553  -0.0000312995   0.0000383451
22515  -0.0000249678   0.0000260927  -0.0000150962  -0.0000410753  -0.0000180646
22516   0.0000042375  -0.0000275699  -0.0000048849  -0.0000210400  -0.0000330706
22517   0.0000035594  -0.0000004934  -0.0000150047   0.0000579145  -0.0000105242
22518   0.0000065857  -0.0000097380  -0.0000201283  -0.0000201826   0.0000548585
22519   0.0000273382  -0.0000039391   0.0000234686   0.0000502342   0.0000379968
22520   0.0000413896   0.0000154134   0.0000267785  -0.0000163380   0.0000069748
22521   0.0000160851   0.0000015358  -0.0000176509   0.0000129801   0.0000177811
22522   0.0000302768   0.0000028570  -0.0000388622  -0.0000748744  -0.0000028444
22523   0.0000284099   0.0000940869  -0.0000090633   0.0000145971   0.0000254377
22524  -0.0000058611   0.0000989860   0.0000327706   0.0000777738  -0.0001413648
22525   0.0000047337  -0.0000000095   0.0000075760   0.0000022401  -0.0000349212
22526  -0.0000243061   0.0000141423   0.0000421563  -0.0000297649   0.0000039237
22527   0.0000121793   0.0000018616  -0.0000279111  -0.0000018799   0.0000005052
22528   0.0000229027  -0.0000219898   0.0000347229  -0.0000979007   0.0000591957
22529   0.0000113840   0.0000285954   0.0000123992   0.0000079770  -0.0000087029
22530  -0.0000018212  -0.0000066848   0.0001637951   0.0000183363  -0.0000492973
22531  -0.0002185245  -0.0000519797   0.0000076190   0.0001987658  -0.0000536361
22532  -0.0000308302  -0.0002402432  -0.0001658708   0.0004777677   0.0004677904
22533   0.0000516679   0.0003370828  -0.0020610112  -0.0004680146  -0.0024832325
22534   0.0000229389   0.0000512526   0.0005491509  -0.0098061883  -0.0036120664
22535  -0.0435068462  -0.0002399159   0.0000683320   0.0001502959   0.0000565499
22536   0.0000247817   0.0001547181   0.0000013231  -0.0000728092  -0.0000442028
22537  -0.0000018034   0.0000007936  -0.0000021709  -0.0000015193  -0.0000010310
22538   0.0000010492  -0.0000002100  -0.0000005889   0.0000008741   0.0000006009
22539   0.0000011096   0.0000008076  -0.0000032144   0.0000009691   0.0000088229
22540  -0.0000124794  -0.0000084246   0.0000376190  -0.0000007894  -0.0000008708
22541   0.0000022458  -0.0000002641  -0.0000013019   0.0000004573  -0.0000004134
22542   0.0000013207   0.0000026565  -0.0000115997  -0.0000144780  -0.0000523018
22543   0.0000054171   0.0000077564   0.0000036440   0.0001989700   0.0000669128
22544   0.0000036159  -0.0000350152   0.0000478850   0.0005193134  -0.0001838560
22545   0.0000919858  -0.0000236681   0.0116673341   0.0039535823   0.0400540207
22546   0.0228634456   0.0064748472   0.0032572397  -0.0230037908  -0.0064347860
22547   0.0005043446   0.0001734658  -0.0000024196  -0.0003248079
226 1  -0.0000485421   0.0000148846  -0.0000534362   0.0000306541   0.0000376414
226 2  -0.0000292630   0.0000214668  -0.0000090564  -0.0000155084  -0.0000454391
226 3  -0.0000353716  -0.0000139112  -0.0000244467   0.0000333182  -0.0000347215
226 4   0.0000086152   0.0000303452   0.0000183431  -0.0000481151  -0.0000129410
226 5  -0.0000029786  -0.0000043798  -0.0000107155  -0.0000061394   0.0000235598
226 6   0.0000076490  -0.0000317854   0.0000210937  -0.0000108590  -0.0000121232
226 7  -0.0000134168   0.0000413020   0.0000270021  -0.0000070874   0.0000140258
226 8  -0.0000032323  -0.0000288836  -0.0000134273  -0.0000222034  -0.0000124028
226 9  -0.0000524040  -0.0000526381   0.0000764714   0.0000159609   0.0000162295
22610  -0.0000440409  -0.0000338982  -0.0000017515   0.0000036812  -0.0000183239
22611   0.0000140643  -0.0000455899   0.0000317999  -0.0000323956   0.0000557305
22612  -0.0000359088   0.0003831689   0.0000443060  -0.0000660256   0.0000737079
22613   0.0000264272  -0.0000141269  -0.0000317490   0.0000094100  -0.0000094933
22614   0.0000013839  -0.0000256153  -0.0000051904  -0.0000393076   0.0000650412
22615   0.0000313865  -0.0000239613  -0.0000325607  -0.0000609740   0.0000796423
22616   0.0000440619  -0.0000231830   0.0000433537   0.0000099775  -0.0000264824
22617   0.0000302934   0.0000020842  -0.0000070990  -0.0000127396   0.0000282480
22618   0.0000480118   0.0000388561  -0.0000210560  -0.0000017445   0.0000312393
22619   0.0000427531   0.0000012148   0.0000176433  -0.0000275562  -0.0000080112
22620   0.0000033976   0.0000223087   0.0000374874   0.0000189366   0.0000105079
22621   0.0000002356  -0.0000052644  -0.0000164491   0.0000126799  -0.0000393759
22622  -0.0000234353  -0.0000006480   0.0000110011  -0.0000614355  -0.0000057211
22623  -0.0000136581   0.0000626998  -0.0000137481   0.0000092100  -0.0000404326
22624  -0.0000276253   0.0000752252  -0.0000106606   0.0000280468   0.0000202039
22625   0.0000299719   0.0000330025   0.0000278138  -0.0000622033  -0.0000372911
22626  -0.0000515795   0.0000193228   0.0000613301  -0.0000361426   0.0000296348
22627  -0.0000017392   0.0000367476  -0.0000453240   0.0000128278   0.0000172687
22628  -0.0000535606   0.0000113955  -0.0000781936   0.0001045059  -0.0000948368
22629  -0.0000935897   0.0000187434  -0.0000136467   0.0000035461  -0.0000007264
22630   0.0000495633  -0.0000015665  -0.0001575291  -0.0001007205   0.0000005296
22631   0.0000127471   0.0007764750  -0.0001044545   0.0006634681  -0.0000501281
22632   0.0000723435  -0.0003387739  -0.0000774540   0.0004508452   0.0004543722
22633  -0.0006029430  -0.0012632863   0.0023061789   0.0003733137  -0.0039675840
22634  -0.0000097508   0.0001964132   0.0000808268  -0.1002094496   0.0368595953
22635   0.0962037608   0.0010778039   0.0009210128   0.0001182955  -0.0010666267
22636  -0.0008302137   0.0004105272   0.0002158605  -0.0000209796   0.0000179284
22637  -0.0000025835  -0.0000206967  -0.0000269327  -0.0000001020  -0.0000045431
22638  -0.0000024453   0.0000012408  -0.0000012288  -0.0000007112   0.0000009797
22639   0.0000009728   0.0000000303  -0.0000034975  -0.0000047785   0.0000190243
22640  -0.0000136012  -0.0000042198   0.0000476036  -0.0000048713  -0.0000011400
22641  -0.0000016975   0.0000087589   0.0000062093   0.0000043430  -0.0000017974
22642   0.0000011821   0.0000054432   0.0000089855   0.0000033988  -0.0000349477
22643  -0.0000034607  -0.0000365383  -0.0000610006  -0.0000720515   0.0001934438
22644   0.0000151774   0.0002857728  -0.0000146163   0.0001551982   0.0001491841
22645   0.0004575809   0.0000048246  -0.0093756127   0.0090882786   0.0228634456
22646   0.1014577436  -0.0420672409  -0.1034636907   0.0055428486  -0.0042109382
22647  -0.0105624248  -0.0009941539  -0.0007331137  -0.0012400349
227 1   0.0000170562   0.0000434419   0.0000286488  -0.0000111028   0.0000001966
227 2   0.0000030897  -0.0000095923   0.0000111874  -0.0000340900   0.0000320080
227 3   0.0000196944  -0.0000155529  -0.0000245060  -0.0000359308  -0.0000065748
227 4  -0.0000440793   0.0000238331   0.0000249372   0.0000404615   0.0000230274
227 5   0.0000143459   0.0000312251   0.0000126691  -0.0000234486   0.0000244569
227 6   0.0000262155   0.0000435933   0.0000073467  -0.0000014315   0.0000120192
227 7  -0.0000278714   0.0000125825   0.0000087082  -0.0000042711  -0.0000140004
227 8  -0.0000200460  -0.0000067252   0.0000077316   0.0000146479  -0.0000021027
227 9   0.0000279075   0.0000190890  -0.0000565079   0.0000806660   0.0001993385
22710   0.0000056343   0.0000327215   0.0000024601   0.0000401543   0.0000099188
22711   0.0000055023  -0.0000259662  -0.0000288985   0.0000418556   0.0000612944
22712  -0.0000071560  -0.0002995424  -0.0000856243  -0.0000269842   0.0000873663
22713  -0.0000584400  -0.0000073349  -0.0000236195   0.0000342339  -0.0000296203
22714  -0.0000462806   0.0000041362  -0.0000046356   0.0000069493  -0.0000048550
22715  -0.0000578360  -0.0000283099   0.0000392567   0.0000010153  -0.0000360897
22716  -0.0000058864  -0.0000020826  -0.0000248645  -0.0000814701  -0.0000263493
22717  -0.0000330996   0.0000048949  -0.0000009778   0.0000649138  -0.0000311011
22718  -0.0000336414  -0.0000065675   0.0000235091  -0.0000437552   0.0000197710
22719  -0.0000203375  -0.0000122572   0.0000148857   0.0000319033   0.0000190350
22720   0.0000447897  -0.0000122002   0.0000132287   0.0000011532  -0.0000111229
22721  -0.0000005484   0.0000106429  -0.0000128459   0.0000010471   0.0000242320
22722   0.0000568204  -0.0000052543  -0.0000931859  -0.0000244833  -0.0000017132
22723   0.0000277063   0.0000578730   0.0000020224   0.0000198040   0.0000193375
22724   0.0000218278  -0.0000087805   0.0000597260   0.0000344865  -0.0001294647
22725  -0.0000178872  -0.0000555936  -0.0000283368   0.0000579624  -0.0000144644
22726  -0.0000519350   0.0000302894   0.0000511702  -0.0000316761  -0.0000350324
22727  -0.0000520219  -0.0000035939   0.0000068965   0.0000186230   0.0000052399
22728   0.0000216202  -0.0002506373   0.0001161938  -0.0006366122   0.0002745694
22729   0.0000458951   0.0002431279   0.0001129883   0.0000839106  -0.0000659424
22730   0.0000341734  -0.0000397390   0.0009675000   0.0002583439  -0.0000779300
22731  -0.0010928187  -0.0002583910  -0.0000093229   0.0012066532   0.0000739829
22732   0.0001596682  -0.0008779546  -0.0015579831   0.0007736159   0.0066118413
22733   0.0025966863  -0.0004592356   0.0109910979  -0.0266826031  -0.0237678936
22734  -0.0014006968  -0.0012014107  -0.0029609310   0.0350374734  -0.0650901138
22735  -0.0607614472  -0.0011979103   0.0010542037   0.0001768353   0.0001666956
22736   0.0005411009   0.0001570793   0.0000351299  -0.0001907460  -0.0000572353
22737   0.0000019532   0.0000215735   0.0000429902  -0.0000002691  -0.0000018268
22738   0.0000145518  -0.0000012535   0.0000013599  -0.0000013270   0.0000002613
22739   0.0000012370  -0.0000022881  -0.0000044409   0.0000084028   0.0000131247
22740  -0.0000200926  -0.0000051578   0.0000462241  -0.0000043133  -0.0000001118
22741  -0.0000077534  -0.0000054188  -0.0000051380  -0.0000025147  -0.0000018318
22742   0.0000055699  -0.0000021593   0.0000105925  -0.0000238370  -0.0000896623
22743   0.0000270131   0.0000310556  -0.0001544913  -0.0000931411  -0.0001063787
22744   0.0000066495   0.0000862778  -0.0001477895   0.0000923386   0.0010693997
22745  -0.0010700636   0.0000769857  -0.0023119078   0.0030215921   0.0064748472
22746  -0.0420672409   0.0833284089   0.0723979117  -0.0061359977   0.0052646894
22747   0.0086036100  -0.0006312597  -0.0000695110  -0.0006891318
228 1  -0.0000985433  -0.0000422725   0.0000396387  -0.0000321501   0.0000490310
228 2  -0.0000151833   0.0000177665  -0.0000239445  -0.0000078489  -0.0000775236
228 3  -0.0000341380  -0.0000221294   0.0000707792   0.0001464454   0.0000467737
228 4   0.0000293997  -0.0000713948  -0.0000262546  -0.0000801382  -0.0000353518
228 5  -0.0000115941   0.0000110735   0.0000522790   0.0000132938  -0.0000040208
228 6  -0.0000191354  -0.0000703515   0.0000050580  -0.0000882116   0.0001654904
228 7   0.0000245425   0.0000785514  -0.0000312766   0.0000111379   0.0000164369
228 8   0.0000336848  -0.0000464013  -0.0000909550  -0.0000716641   0.0000626755
228 9  -0.0000595751  -0.0000230240   0.0000569895  -0.0001368401  -0.0002117639
22810  -0.0000441678  -0.0001418090  -0.0000427125  -0.0000660657   0.0000590099
22811  -0.0000643097   0.0000693425   0.0001083644  -0.0000406462  -0.0001587321
22812   0.0000353076   0.0001991583   0.0001882015   0.0000329798  -0.0002103961
22813   0.0001885886   0.0000071891   0.0000355120  -0.0000605777   0.0000116406
22814   0.0001280435  -0.0000031624  -0.0000108861  -0.0000185986   0.0000284182
22815   0.0000392046   0.0000076103   0.0000491968   0.0000376763   0.0000941838
22816   0.0000000761   0.0000379983   0.0000483932   0.0000355784  -0.0000010350
22817   0.0000623577   0.0000204083   0.0000620124  -0.0001241370   0.0000464842
22818  -0.0000206247   0.0000507822   0.0000315930   0.0000403344  -0.0000678382
22819   0.0000228303   0.0000339269  -0.0000394445  -0.0001117406  -0.0001102736
22820  -0.0000718094   0.0000030641   0.0000346413   0.0000657945   0.0000211740
22821  -0.0000248020  -0.0000683033  -0.0000636080  -0.0000385727  -0.0000249941
22822  -0.0000641249   0.0000267327   0.0001275235   0.0000493936   0.0000276980
22823  -0.0001614995  -0.0001346274   0.0000225271  -0.0000864778  -0.0000344835
22824   0.0000000248   0.0000033697  -0.0000335422  -0.0000309949   0.0000791517
22825  -0.0000252159   0.0000079199   0.0000141762   0.0002092185  -0.0000630534
22826   0.0000658781  -0.0000133033   0.0000577820   0.0000273054  -0.0002366724
22827  -0.0000157186  -0.0000690079   0.0002472544   0.0000614014  -0.0000073238
22828  -0.0001409181   0.0000622471   0.0000483184  -0.0000891971  -0.0001623583
22829   0.0000276515   0.0000902930   0.0000382021   0.0000654722  -0.0000022675
22830  -0.0001016933  -0.0000800966   0.0002291457   0.0002640193   0.0001189365
22831  -0.0002418695  -0.0002121059  -0.0000253728   0.0002006577   0.0001821194
22832  -0.0000058133  -0.0002872154  -0.0006089983  -0.0001382591   0.0018376139
22833   0.0005970798   0.0005475045  -0.0037293659  -0.0043149048   0.0065921499
22834  -0.0003553723   0.0005532530  -0.0014721876   0.0959788303  -0.0642527868
22835  -0.2099614373  -0.0000831157  -0.0004536850   0.0002807696   0.0001202411
22836   0.0007299730  -0.0002257440  -0.0000321960   0.0000229275   0.0000401462
22837   0.0000238215  -0.0000031177  -0.0000349985   0.0000103572   0.0000051225
22838  -0.0000152052   0.0000076566   0.0000004654  -0.0000036639   0.0000041534
22839  -0.0000047796   0.0000000705  -0.0000160520  -0.0000181090  -0.0000006191
22840  -0.0000003568  -0.0000133076  -0.0000254768  -0.0000059188  -0.0000084294
22841  -0.0000159856  -0.0000026372   0.0000043555   0.0000000870   0.0000082015
22842   0.0000055967   0.0000099237   0.0000099368   0.0000072778  -0.0000017718
22843  -0.0000159099   0.0000666576  -0.0000042521  -0.0000000138   0.0001003183
22844  -0.0000164584   0.0000767046   0.0000209575   0.0000178820   0.0001233731
22845  -0.0000870825   0.0000666935  -0.0022165638   0.0022277261   0.0032572397
22846  -0.1034636907   0.0723979117   0.2193288706   0.0124994415  -0.0072566566
22847  -0.0176580383  -0.0006492107   0.0001842780  -0.0004358680
229 1  -0.0001347844  -0.0000472119   0.0000262583  -0.0000048284   0.0000531484
229 2  -0.0000351328  -0.0000054475  -0.0000277311  -0.0000286886  -0.0000602924
229 3  -0.0000659917  -0.0000361797   0.0000682165   0.0001743278   0.0000599127
229 4   0.0000347567  -0.0000444536  -0.0000169549  -0.0001002504  -0.0000379476
229 5  -0.0000152007  -0.0000218532   0.0000608714   0.0000018708   0.0000367004
229 6  -0.0000139228  -0.0000974692   0.0000121741  -0.0001228846   0.0001512649
229 7   0.0000098939   0.0001150270  -0.0000148474   0.0000168557   0.0000230705
229 8   0.0000374526  -0.0000901576  -0.0001258205  -0.0000765156   0.0002689726
229 9   0.0002514654  -0.0001215781   0.0000865523  -0.0001409596  -0.0002352571
22910  -0.0000806476  -0.0001649338  -0.0000339357  -0.0000673347   0.0000385725
22911  -0.0000848182   0.0000393032   0.0001669719  -0.0000588373   0.0001469376
22912  -0.0000830023   0.0010354016   0.0002974119   0.0000595712  -0.0002704680
22913   0.0001720175   0.0000192027   0.0000354828  -0.0000565775   0.0000283547
22914   0.0000916076  -0.0000347312   0.0000140840  -0.0000200874   0.0000950317
22915   0.0001365842  -0.0000621101   0.0000266707  -0.0000060060   0.0001830419
22916   0.0000601386   0.0000200056   0.0000905200   0.0000327074  -0.0000110943
22917   0.0000770102   0.0000246495   0.0000725674  -0.0001485136   0.0000805769
22918   0.0000252037   0.0000951283   0.0000208278   0.0000418786  -0.0000662725
22919   0.0000366628   0.0000138667  -0.0000126263  -0.0001602690  -0.0001247092
22920  -0.0000367436   0.0000076234   0.0000366772   0.0000804381   0.0000138327
22921  -0.0000373412  -0.0000405138  -0.0000587477  -0.0000240289  -0.0000860348
22922  -0.0000730381   0.0000068203   0.0001070249   0.0000325459   0.0000080235
22923  -0.0001512484  -0.0001040354   0.0000047751  -0.0000333116  -0.0001018437
22924  -0.0000163674  -0.0000192546  -0.0000715632  -0.0000880771   0.0002639455
22925  -0.0000018601   0.0000319296   0.0000353692   0.0001169371  -0.0000802980
22926  -0.0000004709  -0.0000010151   0.0000891993   0.0000080040  -0.0001478455
22927   0.0000135404  -0.0000127557   0.0001254524   0.0000466795  -0.0000010040
22928  -0.0000981683   0.0001955634  -0.0000959628   0.0001453794  -0.0002988032
22929  -0.0000222141   0.0000507201  -0.0000082177   0.0000041875   0.0000088670
22930  -0.0000671067  -0.0000550031  -0.0001185507   0.0000318404   0.0002012150
22931  -0.0000371243   0.0004961083  -0.0000298306   0.0003411200   0.0000341700
22932  -0.0000755563  -0.0001284416  -0.0000699473  -0.0002346244  -0.0002702077
22933  -0.0005963676   0.0002138542   0.0021502564   0.0003387371   0.0034191817
22934  -0.0004491812   0.0004823257   0.0001562163  -0.0827829380   0.0375678046
22935  -0.0791758032   0.0000600971   0.0003068254   0.0008780355  -0.0006125637
22936  -0.0005435274  -0.0003967237   0.0001671885   0.0000442346   0.0001544424
22937   0.0000170378  -0.0000224080  -0.0000473822   0.0000100554   0.0000020287
22938  -0.0000145605   0.0000072411  -0.0000003521  -0.0000045667   0.0000035833
22939  -0.0000042153  -0.0000016504  -0.0000134040  -0.0000220679   0.0000098852
22940  -0.0000047940  -0.0000095435   0.0000050543  -0.0000021347  -0.0000073478
22941  -0.0000119929   0.0000056838   0.0000096583   0.0000026429   0.0000045979
22942   0.0000038285   0.0000192712   0.0000129465   0.0000209150   0.0000207424
22943  -0.0000201447  -0.0000131290  -0.0000022718   0.0001289535   0.0003332924
22944  -0.0000407747   0.0003869076   0.0003046587  -0.0001081440  -0.0000122639
22945   0.0001417472  -0.0000266295  -0.0084326935   0.0116025884  -0.0230037908
22946   0.0055428486  -0.0061359977   0.0124994415   0.0858266493  -0.0428270785
22947   0.0840239481  -0.0023738495  -0.0015798545   0.0011764607
230 1   0.0000889928   0.0000108463   0.0000406525  -0.0000116579  -0.0000477280
230 2   0.0000498174  -0.0000368706   0.0000191871  -0.0000079797   0.0001115306
230 3   0.0000497284   0.0000436535  -0.0000826965  -0.0001213409  -0.0000222847
230 4  -0.0000177946   0.0000199745   0.0000068242   0.0001005453   0.0000376573
230 5   0.0000248318   0.0000134201  -0.0000026576  -0.0000004902  -0.0000007681
230 6   0.0000282455   0.0000850508  -0.0000429071   0.0000828575  -0.0000998300
230 7  -0.0000203124  -0.0000043565  -0.0000060183  -0.0000013414  -0.0000228276
230 8  -0.0000445289  -0.0000013018   0.0000425169   0.0000504584   0.0002632148
230 9   0.0008128491  -0.0000948196  -0.0000719621   0.0001858781  -0.0000062487
23010   0.0000079852   0.0000746738  -0.0000002384   0.0000667536  -0.0000075305
23011   0.0000035264   0.0000625759  -0.0000853742   0.0001055065  -0.0000375387
23012  -0.0002705835  -0.0011823100  -0.0001593490  -0.0000253074   0.0000767410
23013  -0.0001335062   0.0000023288  -0.0000593529   0.0000348689  -0.0000414073
23014  -0.0000929716   0.0000194815  -0.0000088438  -0.0000176595  -0.0000510700
23015  -0.0001230708  -0.0000713420   0.0000162840   0.0000419704  -0.0000984045
23016  -0.0000288165  -0.0000068558  -0.0000486192  -0.0000586117  -0.0000255158
23017  -0.0000697507  -0.0000332977  -0.0000661522   0.0001342871  -0.0000576982
23018  -0.0000573064  -0.0000489289  -0.0000001387  -0.0000401505   0.0000508267
23019  -0.0000586098  -0.0000361072   0.0000319165   0.0001160433   0.0001307217
23020   0.0000730288  -0.0000385149  -0.0000367748  -0.0000160223  -0.0000350797
23021   0.0000101073   0.0000562673   0.0000658688   0.0000033694  -0.0000131237
23022   0.0000447210  -0.0000197894  -0.0001938979  -0.0000064523  -0.0000079761
23023   0.0000917085   0.0000709210  -0.0000281854   0.0000608743   0.0000716134
23024   0.0000286070  -0.0000706678   0.0000734256   0.0000603972  -0.0001314616
23025   0.0000135663  -0.0000399297  -0.0000360505  -0.0001011432   0.0000550685
23026  -0.0000744526   0.0000378485   0.0000017597  -0.0000462253   0.0000979340
23027  -0.0001382973   0.0000257024  -0.0000786520  -0.0000050749  -0.0000122689
23028   0.0000454079  -0.0004107125   0.0001071959  -0.0007212511   0.0004357757
23029   0.0000815274   0.0002684232   0.0001178122   0.0000441179  -0.0001145142
23030   0.0001604102  -0.0000006372   0.0010081882   0.0002029771  -0.0001600208
23031  -0.0009752482  -0.0002825092   0.0000006922   0.0010962386   0.0000667860
23032  -0.0001096274  -0.0008337722  -0.0014513446  -0.0007286404   0.0058288567
23033   0.0022810387   0.0010407824   0.0109901928  -0.0282333906   0.0216918545
23034  -0.0022991563  -0.0018777794   0.0024505628   0.0360350664  -0.0802910925
23035   0.0766649093  -0.0011225373   0.0009072603  -0.0002238346   0.0001819200
23036   0.0006612442  -0.0000142746   0.0000095310  -0.0001771047  -0.0001007562
23037  -0.0000098372   0.0000149390   0.0000567375  -0.0000055968  -0.0000096517
23038   0.0000201323  -0.0000065020   0.0000024464   0.0000011697  -0.0000026672
23039   0.0000054507  -0.0000025345   0.0000033688   0.0000206168   0.0000134032
23040  -0.0000192883   0.0000096489   0.0000510725  -0.0000044572   0.0000069834
23041   0.0000035855  -0.0000019287  -0.0000070520  -0.0000008243  -0.0000062207
23042   0.0000035786  -0.0000082543  -0.0000078042  -0.0000000698   0.0000850470
23043   0.0000283953   0.0000863313   0.0001321278   0.0010487380  -0.0009671204
23044   0.0002748198   0.0001186702  -0.0000116967  -0.0001980307   0.0000046399
23045  -0.0000821740   0.0001667629  -0.0023455529   0.0037489216  -0.0064347860
23046  -0.0042109382   0.0052646894  -0.0072566566  -0.0428270785   0.0995850416
23047  -0.0865906150  -0.0013647891  -0.0002098544   0.0004972658
231 1  -0.0002841902  -0.0001014188   0.0001011602  -0.0000830594   0.0001048372
231 2  -0.0000802679  -0.0000167010  -0.0000576994  -0.0001673973  -0.0001044506
231 3  -0.0001396519  -0.0002040864   0.0001486909   0.0003333507   0.0001064446
231 4   0.0000150288  -0.0001607857  -0.0000564790  -0.0001995933  -0.0000724694
231 5  -0.0000293675  -0.0000343531   0.0001889332  -0.0000702682   0.0001416358
231 6  -0.0000032494  -0.0001712019  -0.0000096163  -0.0002566784   0.0002967769
231 7   0.0000509053   0.0002479950  -0.0001116957   0.0000039975   0.0000467341
231 8   0.0000040650  -0.0001710393  -0.0002198529  -0.0001126259   0.0003053070
231 9  -0.0000710956   0.0001111236   0.0001809878  -0.0003559332  -0.0004666890
23110  -0.0001485305  -0.0003469510  -0.0001199151  -0.0000543703   0.0001656118
23111  -0.0001553979  -0.0001147551   0.0003676176  -0.0001926462  -0.0002382564
23112  -0.0000477244   0.0008831268   0.0004457932   0.0001226033  -0.0004699711
23113   0.0003359209   0.0000034363   0.0000666838  -0.0001224524  -0.0000516229
23114   0.0001929433  -0.0001001969   0.0000586979  -0.0001249250   0.0001681726
23115   0.0001057241  -0.0000118688   0.0001663122   0.0000581099   0.0002996470
23116   0.0000757206   0.0000606675   0.0001275625  -0.0000766908  -0.0000779716
23117   0.0002110311   0.0001418894   0.0002057043  -0.0002071881   0.0001387524
23118  -0.0000603003   0.0001774524   0.0000703018   0.0000964435  -0.0001258390
23119   0.0000802748   0.0000810695   0.0000112714  -0.0003128534  -0.0003660905
23120  -0.0000027260  -0.0000162587   0.0001170197   0.0001978388   0.0000309878
23121  -0.0000522527  -0.0001766663  -0.0002492291  -0.0000127385  -0.0000260358
23122  -0.0000223142   0.0001490966   0.0002014481   0.0000532362   0.0000676708
23123  -0.0003612104  -0.0002629202  -0.0000136648  -0.0000892661  -0.0001051498
23124   0.0000201560   0.0001445553   0.0000098020  -0.0001034295   0.0002851314
23125  -0.0000886093   0.0000447487   0.0001154130   0.0007878600  -0.0004709670
23126   0.0001500721  -0.0000180076   0.0003683536   0.0000050815  -0.0007142828
23127   0.0003767306  -0.0002233241   0.0004566909   0.0000902853  -0.0000216349
23128   0.0000083301   0.0010602786  -0.0000505632   0.0003119277  -0.0009167653
23129   0.0000440890   0.0000112819  -0.0000370205   0.0002266390   0.0001690898
23130  -0.0006367085  -0.0002976567  -0.0000460592   0.0003896499   0.0004453308
23131  -0.0005308691   0.0000385022  -0.0000456832   0.0001966861  -0.0000915222
23132  -0.0001680746   0.0001166838  -0.0003905110  -0.0000228733  -0.0012313782
23133   0.0002552406  -0.0003713630   0.0039203624   0.0023536716   0.0097106187
23134   0.0008362962  -0.0014150405  -0.0011668609  -0.0785345088   0.0782941848
23135  -0.2050189764  -0.0013332435   0.0007066121  -0.0000149392   0.0003456261
23136  -0.0004778329  -0.0001885297  -0.0000602053  -0.0001924115   0.0002265585
23137   0.0000749818  -0.0000206134  -0.0001579023   0.0000264924   0.0000262383
23138  -0.0000627638   0.0000272911  -0.0000040007  -0.0000112024   0.0000158571
23139  -0.0000185885  -0.0000008142  -0.0000541823  -0.0000768679   0.0000082784
23140  -0.0000336536  -0.0000781331   0.0000390340   0.0000130650  -0.0000320085
23141  -0.0000350057  -0.0000151348   0.0000156431   0.0000144586   0.0000220706
23142   0.0000082699   0.0000559230   0.0000296784   0.0000038446   0.0000359124
23143  -0.0000352325  -0.0000541331  -0.0000355530   0.0000041186   0.0000892995
23144   0.0000980458  -0.0000392431  -0.0000286624  -0.0000010477   0.0000602034
23145  -0.0000287778   0.0000337680   0.0012094863  -0.0009955082   0.0005043446
23146  -0.0105624248   0.0086036100  -0.0176580383   0.0840239481  -0.0865906150
23147   0.2135932232   0.0007922709  -0.0001983734   0.0003614885
232 1   0.0000050839  -0.0000068509   0.0000179862   0.0000072985  -0.0000032990
232 2   0.0000043328   0.0000207726  -0.0000000724   0.0000248858  -0.0000255009
232 3   0.0000084890   0.0000057968   0.0000491258   0.0000368411   0.0000127900
232 4   0.0000026017  -0.0000217268   0.0000062932  -0.0000034973  -0.0000163450
232 5  -0.0000008791   0.0000239870  -0.0000047539   0.0000250910  -0.0000178890
232 6  -0.0000000479  -0.0000224062   0.0000172337  -0.0000192633   0.0000038925
232 7  -0.0000016675  -0.0000223274   0.0000073871   0.0000197579   0.0000063231
232 8   0.0000129070   0.0000453426  -0.0000253377   0.0000034537   0.0000677963
232 9   0.0000371571  -0.0000890616   0.0000205248  -0.0000096188  -0.0000566300
23210   0.0000093444  -0.0000055660   0.0000122816  -0.0000366952   0.0000126296
23211  -0.0000264523   0.0001602444   0.0001473999  -0.0002338722  -0.0001283092
23212  -0.0000968753   0.0001353818   0.0000086077   0.0000171865  -0.0000240701
23213   0.0000045879  -0.0000038322   0.0000250274   0.0000022958  -0.0000228489
23214   0.0000395048  -0.0000303752   0.0000107003  -0.0000288677   0.0000051013
23215   0.0000360287  -0.0000149793   0.0000087947  -0.0000082415  -0.0000028592
23216  -0.0000159262   0.0000043229   0.0000057871   0.0000205937   0.0000193355
23217   0.0000172289   0.0000200363   0.0000279185  -0.0000378569  -0.0000128321
23218  -0.0000259752   0.0000030868   0.0000145935  -0.0000076931  -0.0000157144
23219   0.0000067600   0.0000044016  -0.0000221576  -0.0000117359  -0.0000207528
23220  -0.0000660945   0.0000019794   0.0000126824   0.0000021175   0.0000067319
23221  -0.0000175212  -0.0000074261   0.0000062372  -0.0000011145  -0.0000024460
23222  -0.0000233214  -0.0000065038   0.0000117533  -0.0000050439  -0.0000203015
23223   0.0000002188  -0.0000160750   0.0000146753  -0.0000667427  -0.0000291520
23224  -0.0000037762   0.0000197077  -0.0000152876  -0.0000064903   0.0000316484
23225  -0.0000065429  -0.0000139606  -0.0000083412   0.0000418037   0.0000570235
23226   0.0000276122  -0.0000099445  -0.0000287408   0.0000188932  -0.0000757195
23227  -0.0001389259  -0.0000106418   0.0001528046   0.0001398994   0.0000142593
23228  -0.0004425597   0.0002480713   0.0001795800   0.0009669902  -0.0001855389
23229   0.0000012033  -0.0001127375   0.0001532098   0.0000036521  -0.0000377383
23230   0.0000496586  -0.0000203183  -0.0004369204  -0.0018808686   0.0002808497
23231  -0.0042524231   0.0007895148  -0.0006956606  -0.0007874793  -0.0001302231
23232   0.0000383989  -0.0042213258   0.0015569505  -0.0004075052   0.0067849644
23233   0.0237644952  -0.0011875602   0.0008856611  -0.0011386800   0.0000324687
23234  -0.0001039934   0.0001320248   0.0000167226  -0.0024049219   0.0006676646
23235  -0.0007387992  -0.0536972543  -0.0158213237  -0.0001782161  -0.0001825807
23236  -0.0278182353   0.0021319484  -0.0001022124  -0.0015645813   0.0001208142
23237   0.0000046599   0.0000059466   0.0000035353   0.0000039198   0.0000009718
23238   0.0000009309   0.0000031368   0.0000013492  -0.0000004053   0.0000029260
23239   0.0000017842   0.0000018857  -0.0000043647   0.0000038922  -0.0000003011
23240   0.0000029417   0.0000028111  -0.0000292204  -0.0000371766  -0.0000179157
23241  -0.0000019858   0.0000426291   0.0000428442  -0.0000010954  -0.0000023321
23242   0.0000084195  -0.0000057284   0.0000434640  -0.0000353149   0.0000042825
23243   0.0002978205   0.0013480924   0.0000082793   0.0000523985  -0.0000451079
23244   0.0000472023  -0.0000199414  -0.0000241771   0.0000173093   0.0000326068
23245  -0.0000830199  -0.0000631687   0.0001177601  -0.0001097854   0.0001734658
23246  -0.0009941539  -0.0006312597  -0.0006492107  -0.0023738495  -0.0013647891
23247   0.0007922709   0.0606875599   0.0220388679   0.0003725497
233 1   0.0000049764   0.0000037400   0.0000269611  -0.0000079061  -0.0000009772
233 2   0.0000068006   0.0000083096   0.0000022923   0.0000031683  -0.0000283782
233 3   0.0000168085   0.0000152829   0.0000237490   0.0000296043   0.0000012867
233 4  -0.0000122206   0.0000059123   0.0000004987  -0.0000011090  -0.0000027187
233 5  -0.0000018099   0.0000172009   0.0000056960   0.0000028756  -0.0000133759
233 6  -0.0000162941   0.0000076420  -0.0000041265   0.0000161280   0.0000493295
233 7  -0.0000204869  -0.0000037671  -0.0000105208  -0.0000011382  -0.0000017207
233 8  -0.0000116807   0.0000352626   0.0000075256   0.0000128016  -0.0000244385
233 9  -0.0000298759  -0.0000621918   0.0000281117  -0.0000138594   0.0000186768
23310  -0.0000152449   0.0000002493  -0.0000035401  -0.0000054514   0.0000020470
23311  -0.0000033337   0.0000442755   0.0001866468   0.0000165578  -0.0000078331
23312   0.0000180389   0.0001376643  -0.0000052832  -0.0000001973   0.0000151309
23313   0.0000048052  -0.0000111294  -0.0000428802  -0.0000050921   0.0000036979
23314  -0.0000414424   0.0000001090   0.0000353251  -0.0000499875  -0.0000051378
23315   0.0000067061   0.0000026567   0.0000346402   0.0000120594  -0.0000096357
23316  -0.0000027086  -0.0000030103  -0.0000082333  -0.0000155905  -0.0000043961
23317   0.0000004963   0.0000068183  -0.0000069629  -0.0000058555  -0.0000118943
23318  -0.0000272131  -0.0000037087   0.0000045505  -0.0000201929   0.0000109994
23319  -0.0000028036  -0.0000239414   0.0000126449   0.0000021392   0.0000019877
23320   0.0000281131   0.0000075136   0.0000097812  -0.0000133544  -0.0000143073
23321  -0.0000076167  -0.0000010657  -0.0000167864  -0.0000082275  -0.0000884183
23322   0.0000322312  -0.0000087376  -0.0000467906  -0.0000340009  -0.0000158344
23323  -0.0000216862   0.0000300182  -0.0000165670   0.0000199727  -0.0000060592
23324   0.0000201549  -0.0000114086  -0.0000097717  -0.0000288602   0.0000116037
23325  -0.0000159564  -0.0000342872  -0.0000074681   0.0000697899   0.0000007197
23326   0.0000080137   0.0000038237   0.0000207963  -0.0000034824  -0.0000361200
23327   0.0000077015  -0.0000404248   0.0001814853   0.0001278399  -0.0000496222
23328  -0.0001014286  -0.0005725185   0.0002492162  -0.0000437176   0.0004787052
23329   0.0000771078  -0.0000221352   0.0000532751   0.0000131722   0.0000462507
23330  -0.0000498860  -0.0000203004   0.0004129604  -0.0007620326  -0.0001372444
23331  -0.0019786722   0.0017547751   0.0006025605   0.0004359570   0.0008028640
23332  -0.0001015914   0.0028192251  -0.0000507622   0.0005122752  -0.0026757596
23333  -0.0116153874   0.0013981664  -0.0013083300  -0.0009920041  -0.0003411323
23334   0.0001535015  -0.0000714645   0.0000008836  -0.0018650400  -0.0002511756
23335  -0.0003343764  -0.0142038183  -0.3226813676   0.0213872760  -0.0005422104
23336  -0.0079107957   0.0010737562  -0.0003748670   0.0001438920  -0.0003319096
23337   0.0000036600   0.0000152210   0.0000171615  -0.0000017791   0.0000022666
23338   0.0000045390   0.0000022134   0.0000011648  -0.0000005996   0.0000010384
23339  -0.0000009433   0.0000002250  -0.0000029303   0.0000009498   0.0000015015
23340  -0.0000044904  -0.0000055706   0.0000063858   0.0000143651   0.0000256316
23341  -0.0000046391   0.0000341443  -0.0000134369  -0.0000055663  -0.0000039701
23342   0.0000060024   0.0000009107  -0.0000619549  -0.0000576417  -0.0000300222
23343  -0.0002297935  -0.0006041189  -0.0000312937  -0.0000238777   0.0000270796
23344  -0.0000494116   0.0000353978   0.0000554711  -0.0000043475  -0.0000117428
23345   0.0000367125   0.0000369649  -0.0004446845   0.0005370551  -0.0000024196
23346  -0.0007331137  -0.0000695110   0.0001842780  -0.0015798545  -0.0002098544
23347  -0.0001983734   0.0220388679   0.3417223338  -0.0238437888
234 1   0.0000186390  -0.0000041468   0.0000567905  -0.0000228688  -0.0000226167
234 2   0.0000130954  -0.0000093455   0.0000010958   0.0000098801   0.0000138632
234 3   0.0000295906   0.0000048461   0.0000255036  -0.0000181424   0.0000080742
234 4  -0.0000163357  -0.0000149529  -0.0000094798   0.0000125022   0.0000145851
234 5   0.0000171154   0.0000189162   0.0000098626   0.0000196695  -0.0000084290
234 6   0.0000458092   0.0000817787  -0.0000203560   0.0000447640   0.0000161629
234 7  -0.0000043136  -0.0000164795  -0.0000366419   0.0000069348  -0.0000002979
234 8  -0.0000157878   0.0000859538   0.0000250198   0.0000065510   0.0000067769
234 9  -0.0007160624  -0.0006379261  -0.0000152597  -0.0000359947   0.0000142868
23410   0.0000234336  -0.0000011951  -0.0000057987  -0.0000000815   0.0000104655
23411  -0.0000453600  -0.0001097130   0.0006901945   0.0001970854   0.0000570366
23412   0.0001780069  -0.0002004242  -0.0000003706   0.0000047702   0.0000027275
23413  -0.0000052220   0.0000095250  -0.0000279134   0.0000100437  -0.0000279926
23414  -0.0000053160  -0.0000109290   0.0000028169   0.0000281394  -0.0000234760
23415   0.0000254335   0.0000167414   0.0000513945   0.0000349424  -0.0000438066
23416  -0.0000362708   0.0000032016  -0.0000102837  -0.0000025031  -0.0000113913
23417   0.0000027820  -0.0000022446  -0.0000129841   0.0000385356  -0.0000179569
23418  -0.0000556788  -0.0000113462   0.0000084791  -0.0000249852   0.0000175955
23419   0.0000041483  -0.0000113307   0.0000053408   0.0000197647  -0.0000071084
23420  -0.0000176600  -0.0000191985   0.0000086231  -0.0000169147   0.0000075453
23421   0.0000067952   0.0000002552  -0.0000272157  -0.0000088991  -0.0000585516
23422   0.0000332051  -0.0000254228  -0.0000497705   0.0000033174  -0.0000114563
23423  -0.0000445065  -0.0000018478  -0.0000060505  -0.0000566886  -0.0000075519
23424   0.0000362825  -0.0000946462  -0.0000200124  -0.0000253794   0.0000388246
23425  -0.0000404815  -0.0000375771  -0.0000031775   0.0001419818  -0.0000286336
23426   0.0000493907  -0.0000132991   0.0000032506   0.0000207992  -0.0000193525
23427   0.0001384845   0.0000430154   0.0000355868   0.0000348427  -0.0000115417
23428   0.0004430507   0.0000224251  -0.0008762742  -0.0001599532  -0.0001516071
23429   0.0004936904   0.0000151603   0.0000226220  -0.0000715291   0.0000306593
23430  -0.0001537710  -0.0000609120   0.0002102562   0.0003718357  -0.0006380558
23431  -0.0003477277  -0.0008211628   0.0067429029  -0.0003460255  -0.0001015008
23432  -0.0003235145  -0.0003931098   0.0004554692   0.0035846735   0.0009920632
23433   0.0013390914   0.0025285516  -0.0000541559  -0.0002159271  -0.0013490491
23434   0.0000210550   0.0000889878  -0.0005013238  -0.0003858337   0.0003520682
23435  -0.0001213656  -0.0016686857   0.0208979558  -0.0280532326   0.0017629063
23436   0.0019545460   0.0009362633  -0.0006666001  -0.0002688102  -0.0012694715
23437   0.0000064696   0.0000201840   0.0000164262  -0.0000013109   0.0000108438
23438  -0.0000035760   0.0000022765  -0.0000004539   0.0000007039   0.0000016806
23439  -0.0000016375   0.0000016344  -0.0000023231  -0.0000066532  -0.0000139635
23440   0.0000078541  -0.0000071063  -0.0000242247  -0.0000023877  -0.0000029858
23441  -0.0000293275  -0.0000076185  -0.0000018343  -0.0000013794   0.0000047628
23442  -0.0000002697   0.0000090665  -0.0000092498   0.0000086083  -0.0004915556
23443   0.0000305102   0.0000912771  -0.0000223798  -0.0001865857   0.0000723763
23444  -0.0000069328   0.0000047957  -0.0000256921   0.0000074121   0.0001275928
23445  -0.0000879222  -0.0000135874   0.0001311073  -0.0000588858  -0.0003248079
23446  -0.0012400349  -0.0006891318  -0.0004358680   0.0011764607   0.0004972658
23447   0.0003614885   0.0003725497  -0.0238437888   0.0206435757
$end
