 operating system is Windows !

 intense (DESKTOP-K21TP4E) : TURBOMOLE V7-9 02 Oct 2024 at 08:18:09 compiled  Oct 2024
 Copyright (C) 2024 TURBOMOLE GmbH, Karlsruhe


    2026-09-09 23:06:31.619 




                            i n t e n s e

                       quantum chemistry group
                       university of karlsruhe
                               germany


                  calculation of Raman intensities



 symmetry group of the molecule :   c1 

 the group has the following generators :
   c1(z)

    1 symmetry operations found

 there are 1 real representations :   a   
 
 Read                      1  frequencies (in nm) from 
 control                                                                        
  

       Frequency (Hartree) 

    1  0.58042487E-01

 Raman intensity calculation for excitation wavelength of 12738.85 cm**(-1)
 

          ------------------------------------------------------
            cartesian derivatives of electronic polarizability  
          ------------------------------------------------------

                              --------------------
                                 xx   component
                              --------------------

  ATOM            1 ag           2 ag           3 ag           4 ag
 d(alpha)/dx  -0.4714730D+03 -0.2733208D+03  0.1254146D+03  0.1365433D+03
 d(alpha)/dy  -0.5576713D+03 -0.6110714D+03 -0.2153348D+03 -0.3121275D+03
 d(alpha)/dz   0.4720805D+03 -0.4345252D+03 -0.1687379D+03 -0.1388622D+03

  ATOM            5 ag           6 ag           7 ag           8 ag
 d(alpha)/dx   0.4561276D+03 -0.7190149D+03  0.1447977D+03 -0.5538217D+02
 d(alpha)/dy  -0.7762776D+02  0.2251975D+03  0.1920400D+03 -0.1395828D+03
 d(alpha)/dz   0.4732197D+03 -0.5739736D+03 -0.3864975D+03 -0.8786916D+02

  ATOM            9 ag          10 ag          11 ag          12 ag
 d(alpha)/dx   0.2419141D+03 -0.5870098D+03 -0.6166736D+02 -0.1019196D+03
 d(alpha)/dy  -0.1414888D+03 -0.6026799D+03  0.1354393D+03  0.1699730D+02
 d(alpha)/dz  -0.3366765D+03 -0.4643940D+03  0.1930996D+03 -0.3360919D+03

  ATOM           13 ag          14 ag          15 ag          16 ag
 d(alpha)/dx  -0.2285174D+03  0.6536660D+02  0.6342949D+03 -0.4779243D+03
 d(alpha)/dy   0.2923638D+03  0.5539387D+02  0.4856034D+03  0.5082039D+03
 d(alpha)/dz  -0.1878768D+03 -0.1045173D+03 -0.7877773D+03 -0.2756274D+03

  ATOM           17 ag          18 ag          19 ag          20 ag
 d(alpha)/dx   0.1828958D+03 -0.4907737D+02 -0.1637200D+02  0.5222265D+03
 d(alpha)/dy  -0.1098831D+03  0.4056505D+02 -0.2423514D+03  0.6365801D+03
 d(alpha)/dz  -0.3603446D+03 -0.2670742D+03  0.1078233D+03  0.9585227D+03

  ATOM           21 ag          22 ag          23 ag          24 ag
 d(alpha)/dx   0.5900166D+02 -0.8019228D+03  0.7145026D+03  0.3660095D+03
 d(alpha)/dy   0.2275299D+03  0.8420294D+02  0.4243261D+03  0.8015401D+01
 d(alpha)/dz   0.4699964D+03 -0.1972087D+03 -0.1732502D+03  0.5668169D+03

  ATOM           25 ag          26 ag          27 ag          28 ag
 d(alpha)/dx   0.1646132D+06 -0.1062705D+06 -0.7249322D+05 -0.2686026D+06
 d(alpha)/dy  -0.2200191D+05  0.5539897D+06  0.5997206D+06  0.2582488D+06
 d(alpha)/dz  -0.2951688D+06 -0.2387574D+06  0.7928597D+06 -0.4129634D+06

  ATOM           29 ag          30 ag          31 ag          32 ag
 d(alpha)/dx   0.8598636D+05  0.1513990D+07 -0.3714162D+05  0.2497218D+06
 d(alpha)/dy  -0.4135510D+06 -0.4559465D+06 -0.2003814D+06  0.3422190D+06
 d(alpha)/dz  -0.2316764D+06  0.4364786D+06 -0.5321830D+06  0.6694799D+06

  ATOM           33 ag          34 ag          35 ag          36 ag
 d(alpha)/dx   0.1319994D+06 -0.3938634D+06 -0.4080053D+06 -0.3349618D+06
 d(alpha)/dy   0.1320420D+06  0.3480619D+06 -0.3896657D+06 -0.1615395D+06
 d(alpha)/dz   0.1119225D+07 -0.6895799D+06  0.1674995D+06 -0.5066811D+06

  ATOM           37 ag          38 ag          39 ag          40 ag
 d(alpha)/dx   0.4747389D+05  0.1271227D+06  0.2814629D+06  0.4948775D+05
 d(alpha)/dy   0.8079740D+05 -0.1416684D+06  0.7355401D+06  0.2778376D+06
 d(alpha)/dz  -0.5713605D+06  0.7304730D+06 -0.2675126D+06 -0.6998632D+05

  ATOM           41 c           42 n           43 c           44 c 
 d(alpha)/dx  -0.7305880D+02 -0.5241627D+02 -0.2007736D+01  0.2520431D+03
 d(alpha)/dy  -0.1214924D+02 -0.2505787D+03  0.6435271D+03 -0.4769115D+03
 d(alpha)/dz   0.1625125D+02 -0.5250603D+03 -0.2424941D+03  0.5185811D+03

  ATOM           45 c           46 c           47 c           48 c 
 d(alpha)/dx  -0.3207121D+03  0.1350301D+03  0.1066840D+03 -0.1037846D+03
 d(alpha)/dy   0.9040198D+02 -0.2714621D+03  0.1323733D+03 -0.4023241D+03
 d(alpha)/dz   0.2596379D+03 -0.1338486D+03 -0.5136143D+03 -0.6265389D+03

  ATOM           49 c           50 n           51 c           52 c 
 d(alpha)/dx  -0.5065396D+03 -0.1348017D+03  0.5522287D+03 -0.6267261D+03
 d(alpha)/dy   0.4214083D+03 -0.5176655D+03  0.4615614D+03 -0.1879412D+03
 d(alpha)/dz   0.1078514D+03 -0.1674213D+03  0.3376798D+03  0.6030619D+02

  ATOM           53 c           54 c           55 n           56 c 
 d(alpha)/dx   0.3598891D+03 -0.3819097D+03  0.1398101D+03  0.1980993D+03
 d(alpha)/dy   0.4237419D+03 -0.6122315D+02  0.1310656D+03 -0.9541416D+02
 d(alpha)/dz  -0.9310869D+02  0.2340092D+03 -0.1978008D+03 -0.7264755D+02

  ATOM           57 c           58 c           59 c           60 s 
 d(alpha)/dx   0.1770440D+03  0.2309116D+03 -0.1002285D+03  0.1491333D+03
 d(alpha)/dy   0.2767857D+02  0.1864218D+01 -0.4839108D+03  0.7570557D+03
 d(alpha)/dz   0.2542966D+02 -0.1211424D+03 -0.1648150D+03 -0.3134660D+03

  ATOM           61 h           62 h           63 h           64 h 
 d(alpha)/dx  -0.1517121D+02  0.2906954D+02  0.1487636D+01  0.1042725D+02
 d(alpha)/dy  -0.2037742D+02 -0.3734974D+02 -0.6397803D+01  0.9319102D+01
 d(alpha)/dz   0.6772535D+02 -0.9182423D+00 -0.1290313D+02  0.8193668D+01

  ATOM           65 h           66 h           67 h           68 h 
 d(alpha)/dx  -0.5661862D+02 -0.1270190D+03  0.4070649D+01  0.3397766D+02
 d(alpha)/dy  -0.3335151D+02 -0.5994065D+02  0.4363183D+02 -0.5167465D+01
 d(alpha)/dz   0.9121086D+02  0.3031081D+03 -0.9957865D+02  0.6795137D+02

  ATOM           69 h           70 h           71 h           72 h 
 d(alpha)/dx  -0.1022202D+02  0.2282339D+02  0.2270575D+02 -0.3501023D+02
 d(alpha)/dy  -0.1443064D+02 -0.1036729D+02 -0.7566989D+02  0.9451314D+01
 d(alpha)/dz   0.6220174D+02 -0.4059447D+02 -0.3872869D+02  0.4033913D+02

  ATOM           73 h           74 h           75 h           76 h 
 d(alpha)/dx  -0.9242907D+01  0.5517040D+02 -0.2238391D+02 -0.6939897D+02
 d(alpha)/dy  -0.2569615D+02  0.6874635D+02  0.2523719D+02 -0.4824814D+02
 d(alpha)/dz  -0.5276897D+02  0.1378053D+03 -0.6981035D+02  0.7330362D+01

  ATOM           77 h           78 h 
 d(alpha)/dx   0.4580578D+01 -0.5517657D+01
 d(alpha)/dy  -0.8308667D+00  0.2709141D+02
 d(alpha)/dz  -0.2606180D+02  0.4352422D+02
 
                              --------------------
                                 yy   component
                              --------------------

  ATOM            1 ag           2 ag           3 ag           4 ag
 d(alpha)/dx  -0.1251791D+03  0.1514850D+03 -0.3330442D+03  0.9734044D+02
 d(alpha)/dy  -0.3774333D+02 -0.4252561D+03 -0.1779703D+03 -0.4624692D+02
 d(alpha)/dz   0.1865534D+02  0.8309791D+02 -0.1016406D+03 -0.1471708D+03

  ATOM            5 ag           6 ag           7 ag           8 ag
 d(alpha)/dx   0.2338601D+03 -0.2535117D+03  0.1407937D+03  0.1812011D+03
 d(alpha)/dy  -0.3027296D+02  0.2882577D+03 -0.5125323D+02  0.1804861D+03
 d(alpha)/dz   0.2075998D+03 -0.1382128D+03  0.2386601D+02  0.8021453D+02

  ATOM            9 ag          10 ag          11 ag          12 ag
 d(alpha)/dx  -0.8910795D+02 -0.1638551D+03 -0.3034457D+03  0.1358677D+03
 d(alpha)/dy   0.1765916D+03 -0.5800528D+02 -0.6988012D+01  0.4176462D+02
 d(alpha)/dz   0.2479426D+02  0.1780079D+03  0.1610519D+02  0.1097185D+03

  ATOM           13 ag          14 ag          15 ag          16 ag
 d(alpha)/dx  -0.2028367D+03  0.2783847D+03  0.6112931D+02 -0.1392878D+03
 d(alpha)/dy  -0.1742381D+03 -0.3568235D+03  0.2000836D+03  0.1948710D+03
 d(alpha)/dz  -0.1395073D+02  0.6748622D+02 -0.4664045D+02  0.6602629D+02

  ATOM           17 ag          18 ag          19 ag          20 ag
 d(alpha)/dx   0.1522110D+02 -0.8187814D+02  0.1270142D+03  0.1316796D+03
 d(alpha)/dy  -0.2393295D+03  0.3658917D+03  0.6726767D+02 -0.2110407D+03
 d(alpha)/dz  -0.8103134D+02  0.2875578D+02  0.1548818D+03 -0.2854990D+02

  ATOM           21 ag          22 ag          23 ag          24 ag
 d(alpha)/dx  -0.1572641D+03  0.6207492D+02  0.2844949D+03 -0.1198990D+03
 d(alpha)/dy   0.9106383D+02 -0.1186751D+03 -0.6841656D+02  0.3806369D+03
 d(alpha)/dz   0.1398809D+03  0.1399628D+03 -0.1744605D+02  0.1142308D+03

  ATOM           25 ag          26 ag          27 ag          28 ag
 d(alpha)/dx  -0.5983888D+05  0.8072014D+05 -0.9390439D+05  0.5363789D+05
 d(alpha)/dy  -0.9114920D+05  0.2704866D+05 -0.3079524D+06 -0.3454933D+04
 d(alpha)/dz  -0.1250638D+05  0.2172904D+06  0.2588641D+06 -0.1900725D+05

  ATOM           29 ag          30 ag          31 ag          32 ag
 d(alpha)/dx   0.6057974D+04 -0.3923596D+05  0.2442661D+05 -0.1306796D+04
 d(alpha)/dy   0.1748653D+06  0.1623643D+06  0.1117450D+07  0.2143412D+06
 d(alpha)/dz   0.3340576D+06  0.1409444D+06  0.2962304D+04 -0.2283209D+05

  ATOM           33 ag          34 ag          35 ag          36 ag
 d(alpha)/dx   0.5312250D+05  0.4686887D+06 -0.6760885D+06  0.1939964D+05
 d(alpha)/dy  -0.2311584D+06 -0.7972724D+06 -0.4172429D+06 -0.2981818D+06
 d(alpha)/dz   0.2049401D+06 -0.2412697D+06  0.8728956D+05  0.2726036D+05

  ATOM           37 ag          38 ag          39 ag          40 ag
 d(alpha)/dx   0.7615045D+05  0.6075501D+05 -0.5049529D+05  0.3547328D+05
 d(alpha)/dy   0.1595134D+06  0.1129674D+06  0.1561362D+06  0.7798662D+05
 d(alpha)/dz   0.4507445D+05 -0.5112624D+05 -0.2243075D+06 -0.1274303D+06

  ATOM           41 c           42 n           43 c           44 c 
 d(alpha)/dx  -0.8645327D+02 -0.3169378D+03 -0.1308871D+03  0.2762598D+03
 d(alpha)/dy  -0.3320096D+02  0.3307258D+03 -0.1843293D+03 -0.3765630D+03
 d(alpha)/dz  -0.3792229D+02  0.4432716D+02  0.1213868D+03 -0.3544227D+02

  ATOM           45 c           46 c           47 c           48 c 
 d(alpha)/dx  -0.6955502D+01 -0.1030266D+03 -0.5461379D+03  0.3377362D+03
 d(alpha)/dy   0.4311060D+02 -0.4259160D+03  0.4195076D+03  0.7563198D+01
 d(alpha)/dz  -0.6496685D+02  0.1461136D+02  0.1829295D+03  0.3594530D+02

  ATOM           49 c           50 n           51 c           52 c 
 d(alpha)/dx  -0.2952875D+03  0.1348369D+02  0.5512859D+03 -0.4034714D+03
 d(alpha)/dy   0.2444503D+03 -0.5999820D+03  0.1453195D+03 -0.1705753D+02
 d(alpha)/dz  -0.7222678D+02 -0.3342317D+03  0.6914632D+02 -0.1249460D+02

  ATOM           53 c           54 c           55 n           56 c 
 d(alpha)/dx   0.3495842D+03 -0.5350587D+03  0.4330831D+03  0.8123330D+01
 d(alpha)/dy   0.4395167D+03 -0.5438844D+03  0.2293455D+03  0.1613890D+03
 d(alpha)/dz   0.4066297D+02  0.5194750D+02  0.1548699D+03 -0.3388613D+02

  ATOM           57 c           58 c           59 c           60 s 
 d(alpha)/dx   0.1514340D+03  0.7977547D+02  0.1822867D+03 -0.1866624D+02
 d(alpha)/dy  -0.9232093D+02 -0.6352679D+02 -0.2116845D+03  0.4993156D+03
 d(alpha)/dz   0.2949800D+02  0.1177624D+03 -0.3403747D+02  0.1397723D+02

  ATOM           61 h           62 h           63 h           64 h 
 d(alpha)/dx   0.2748654D+02  0.3739122D+02  0.2091511D+01  0.5853969D+01
 d(alpha)/dy   0.5492382D+02 -0.1490824D+01 -0.3658984D+01 -0.1050247D+01
 d(alpha)/dz   0.7747532D+02  0.3087293D+02 -0.1833560D+02 -0.1089427D+02

  ATOM           65 h           66 h           67 h           68 h 
 d(alpha)/dx   0.3688122D+02  0.2840468D+02  0.1152665D+02 -0.5909663D+01
 d(alpha)/dy  -0.7408319D+00  0.1381799D+02  0.2382125D+02 -0.6258716D+01
 d(alpha)/dz  -0.2536851D+02 -0.1557286D+03  0.6961334D+01 -0.7639143D+01

  ATOM           69 h           70 h           71 h           72 h 
 d(alpha)/dx  -0.1509236D+02  0.4400848D+01  0.3414951D+00 -0.3719077D+02
 d(alpha)/dy  -0.1821836D+02  0.6207581D+01 -0.1785379D+02  0.1105116D+02
 d(alpha)/dz   0.2276009D+02 -0.1654316D+02 -0.3274242D+01  0.1958003D+01

  ATOM           73 h           74 h           75 h           76 h 
 d(alpha)/dx  -0.4265287D+01 -0.3116546D+02 -0.1145713D+02 -0.5089795D+01
 d(alpha)/dy   0.3079548D+01  0.9954356D+01  0.2659797D+01 -0.1220841D+02
 d(alpha)/dz  -0.7015568D+01 -0.2765678D+02 -0.6861246D+01 -0.1354999D+02

  ATOM           77 h           78 h 
 d(alpha)/dx  -0.3739673D+01 -0.1901926D+02
 d(alpha)/dy   0.5012992D+01  0.3929788D+02
 d(alpha)/dz  -0.3626245D+02 -0.3549217D+02
 
                              --------------------
                                 zz   component
                              --------------------

  ATOM            1 ag           2 ag           3 ag           4 ag
 d(alpha)/dx   0.1170499D+02 -0.6746620D+02  0.1062745D+01 -0.3054651D+02
 d(alpha)/dy  -0.2182292D+02 -0.1745445D+03 -0.9577191D+02  0.5331248D+01
 d(alpha)/dz   0.3556322D+02 -0.2424866D+02 -0.2756850D+02  0.1948954D+02

  ATOM            5 ag           6 ag           7 ag           8 ag
 d(alpha)/dx   0.4485559D+02 -0.1210977D+03  0.5396678D+02  0.6168426D+02
 d(alpha)/dy   0.3451240D+01  0.4204734D+02  0.6597776D+02  0.1124214D+02
 d(alpha)/dz   0.8512148D+02 -0.9960051D+01  0.9987367D-01 -0.1728309D+02

  ATOM            9 ag          10 ag          11 ag          12 ag
 d(alpha)/dx  -0.5650868D+02 -0.8710405D+02 -0.8223029D+02  0.5323327D+02
 d(alpha)/dy   0.3598399D+02 -0.4167545D+01  0.1029480D+02  0.2786776D+02
 d(alpha)/dz   0.1109123D+02 -0.4651039D+02 -0.8704027D+02  0.5230792D+02

  ATOM           13 ag          14 ag          15 ag          16 ag
 d(alpha)/dx  -0.6057436D+01 -0.2211900D+01  0.3646122D+02 -0.1120029D+01
 d(alpha)/dy   0.5713869D+02 -0.1280578D+03  0.9867853D+02 -0.3703604D+01
 d(alpha)/dz   0.1943347D+02 -0.3125511D+02 -0.1354955D+03 -0.1168963D+02

  ATOM           17 ag          18 ag          19 ag          20 ag
 d(alpha)/dx   0.1590340D+02 -0.1299927D+03  0.6848049D+02  0.1308999D+03
 d(alpha)/dy  -0.8371743D+02  0.4346218D+02  0.3257186D+02 -0.2713592D+02
 d(alpha)/dz  -0.4144888D+02 -0.5235309D+02  0.5511584D+02  0.7885437D+02

  ATOM           21 ag          22 ag          23 ag          24 ag
 d(alpha)/dx  -0.6484927D+01  0.2185224D+02  0.7048362D+02 -0.2553133D+02
 d(alpha)/dy   0.4587171D+01  0.5036866D+01  0.7032319D+02  0.7391488D+02
 d(alpha)/dz   0.2682531D+02  0.1713624D+02  0.2442960D+02  0.5207661D+02

  ATOM           25 ag          26 ag          27 ag          28 ag
 d(alpha)/dx  -0.2474993D+05  0.6480609D+05 -0.1070919D+05  0.1268617D+04
 d(alpha)/dy  -0.7799375D+04 -0.1098746D+05  0.1351586D+06 -0.2471428D+05
 d(alpha)/dz  -0.6083859D+05 -0.3539713D+05  0.8285802D+05  0.6224086D+04

  ATOM           29 ag          30 ag          31 ag          32 ag
 d(alpha)/dx  -0.1682684D+05  0.3250579D+05 -0.1597285D+06  0.4760932D+05
 d(alpha)/dy   0.4199591D+05 -0.9416687D+05  0.1784253D+05  0.6772568D+05
 d(alpha)/dz  -0.3285503D+05 -0.1070793D+06 -0.9931718D+05  0.7657001D+05

  ATOM           33 ag          34 ag          35 ag          36 ag
 d(alpha)/dx   0.3474598D+05  0.1745399D+06  0.2300652D+05 -0.9260907D+05
 d(alpha)/dy  -0.2692106D+04 -0.4838853D+05  0.3334398D+05 -0.2768672D+05
 d(alpha)/dz   0.9054046D+05 -0.3792989D+05  0.1434017D+06 -0.1526778D+05

  ATOM           37 ag          38 ag          39 ag          40 ag
 d(alpha)/dx  -0.4293724D+05  0.1039039D+06 -0.1117435D+06  0.1852576D+05
 d(alpha)/dy   0.3232541D+05 -0.4960335D+05  0.8465198D+05  0.3916925D+05
 d(alpha)/dz  -0.4105370D+04  0.6536528D+05 -0.9028423D+05 -0.1127808D+06

  ATOM           41 c           42 n           43 c           44 c 
 d(alpha)/dx  -0.8174094D+00 -0.7824769D+02 -0.1829673D+02  0.6800310D+02
 d(alpha)/dy   0.2261289D+02  0.4619544D+02 -0.2167382D+02 -0.7049125D+02
 d(alpha)/dz   0.6567831D+00 -0.2745412D+01 -0.1449880D+02 -0.8172430D+01

  ATOM           45 c           46 c           47 c           48 c 
 d(alpha)/dx  -0.8692935D+02  0.8572506D+02 -0.2388822D+03  0.1870114D+03
 d(alpha)/dy   0.5392626D+02 -0.1623105D+03  0.1262268D+03  0.4039712D+01
 d(alpha)/dz  -0.6560196D+02  0.1437450D+03  0.5459542D+02  0.3166505D+02

  ATOM           49 c           50 n           51 c           52 c 
 d(alpha)/dx  -0.1155884D+03  0.9704231D+02  0.6898136D+02 -0.8659369D+02
 d(alpha)/dy   0.7083556D+02 -0.1371355D+03  0.4921440D+02 -0.1795606D+02
 d(alpha)/dz  -0.2831514D+02 -0.1312617D+03  0.1416245D+02  0.2211780D+01

  ATOM           53 c           54 c           55 n           56 c 
 d(alpha)/dx   0.9360621D+02 -0.1575716D+03  0.1313588D+03 -0.2490024D+01
 d(alpha)/dy   0.1116262D+03 -0.1468326D+03  0.8913175D+02  0.7696339D+02
 d(alpha)/dz  -0.2379126D+02  0.1673955D+02  0.5621262D+02 -0.1537346D+02

  ATOM           57 c           58 c           59 c           60 s 
 d(alpha)/dx   0.7050162D+02  0.1720270D+02  0.4206617D+02 -0.3466099D+02
 d(alpha)/dy  -0.6620277D+02 -0.6424825D+01 -0.8911073D+02  0.4758713D+02
 d(alpha)/dz   0.3122690D+02  0.8083682D+02  0.2054608D+02 -0.1227402D+03

  ATOM           61 h           62 h           63 h           64 h 
 d(alpha)/dx   0.4299079D+01  0.5234048D+01 -0.4169127D+01 -0.4579658D+00
 d(alpha)/dy  -0.6352259D+01 -0.1237263D+02  0.3853542D+00  0.1983967D+01
 d(alpha)/dz  -0.5221126D+01  0.1680521D+02 -0.3761755D+00 -0.1475728D+01

  ATOM           65 h           66 h           67 h           68 h 
 d(alpha)/dx   0.1036471D+02  0.2502890D+01  0.2330141D+01  0.2441665D+01
 d(alpha)/dy   0.8808554D+01  0.2665605D+01  0.4560211D+01  0.1424280D+01
 d(alpha)/dz   0.7076245D+01 -0.3996343D-01  0.1038254D+02  0.4712287D+01

  ATOM           69 h           70 h           71 h           72 h 
 d(alpha)/dx  -0.7450488D+01 -0.6964425D+00  0.2900546D+01 -0.1290039D+02
 d(alpha)/dy  -0.8798873D+00  0.1373646D+00 -0.6489980D+01 -0.9792173D+01
 d(alpha)/dz   0.1048857D+02 -0.3105834D+01  0.7567868D+01  0.1742254D+02

  ATOM           73 h           74 h           75 h           76 h 
 d(alpha)/dx  -0.1168584D+00 -0.4243257D+01 -0.2670863D+01 -0.1140262D+02
 d(alpha)/dy  -0.4918279D+00 -0.5817193D+01  0.2490554D+01 -0.1353781D+01
 d(alpha)/dz  -0.7723166D+01 -0.1323330D+02 -0.8937166D+01  0.2157936D+01

  ATOM           77 h           78 h 
 d(alpha)/dx  -0.8523116D+01 -0.3944542D+01
 d(alpha)/dy   0.1492705D+02  0.1432964D+02
 d(alpha)/dz  -0.4609081D+02 -0.1584424D+02
 
                              --------------------
                                 xy   component
                              --------------------

  ATOM            1 ag           2 ag           3 ag           4 ag
 d(alpha)/dx  -0.3569472D+02 -0.1390066D+03  0.8102787D+02 -0.9966995D+02
 d(alpha)/dy  -0.7269522D+02 -0.1958925D+03 -0.1715787D+03 -0.9073169D+01
 d(alpha)/dz   0.1166402D+03 -0.1094696D+03 -0.5279247D+02  0.1665625D+03

  ATOM            5 ag           6 ag           7 ag           8 ag
 d(alpha)/dx  -0.1874857D+02 -0.1769474D+03  0.9748307D+02  0.3552626D+02
 d(alpha)/dy   0.2342712D+02  0.8732413D+01  0.8086012D+02 -0.1617176D+02
 d(alpha)/dz   0.6784642D+02 -0.7693156D+02 -0.1189547D+03  0.4508731D+02

  ATOM            9 ag          10 ag          11 ag          12 ag
 d(alpha)/dx  -0.1290738D+03  0.6654969D+02 -0.4176172D+02  0.3819865D+02
 d(alpha)/dy  -0.2145078D+01 -0.7272354D+02  0.3476161D+02  0.8743363D+02
 d(alpha)/dz  -0.1178749D+03 -0.7853760D+02 -0.4171343D+02 -0.7933199D+01

  ATOM           13 ag          14 ag          15 ag          16 ag
 d(alpha)/dx   0.9281145D+02 -0.2561455D+03  0.2873650D+03 -0.6804707D+02
 d(alpha)/dy   0.8761791D+02  0.4361384D+01  0.1347421D+02  0.3128970D+02
 d(alpha)/dz  -0.1040871D+03 -0.1734716D+03 -0.3589786D+03  0.8380787D+02

  ATOM           17 ag          18 ag          19 ag          20 ag
 d(alpha)/dx  -0.2169869D+02 -0.1826824D+03  0.2234534D+03  0.6775353D+02
 d(alpha)/dy  -0.1462469D+03 -0.1672395D+03  0.4144666D+02  0.1083567D+03
 d(alpha)/dz  -0.1111193D+03 -0.2069764D+03 -0.5196582D+02  0.3725438D+03

  ATOM           21 ag          22 ag          23 ag          24 ag
 d(alpha)/dx  -0.3133280D+02 -0.7694220D+01  0.7777649D+02  0.4644814D+02
 d(alpha)/dy  -0.4097434D+02  0.1341371D+03  0.2683270D+03  0.2918870D+02
 d(alpha)/dz   0.4732600D+02 -0.1577109D+03 -0.2636715D+03  0.2953981D+03

  ATOM           25 ag          26 ag          27 ag          28 ag
 d(alpha)/dx  -0.1490709D+05 -0.1380341D+04  0.2215318D+06 -0.2156239D+06
 d(alpha)/dy  -0.4967122D+05  0.1771514D+06  0.1647037D+06  0.9093493D+04
 d(alpha)/dz  -0.1626575D+06 -0.1591545D+06  0.5323419D+05 -0.2817571D+05

  ATOM           29 ag          30 ag          31 ag          32 ag
 d(alpha)/dx   0.6519281D+05  0.2590804D+06  0.1084572D+06  0.5328150D+05
 d(alpha)/dy  -0.2071489D+06 -0.1125086D+06 -0.1630647D+06  0.7826777D+05
 d(alpha)/dz  -0.1092211D+06  0.2618394D+06 -0.3839657D+06  0.2109762D+06

  ATOM           33 ag          34 ag          35 ag          36 ag
 d(alpha)/dx   0.1738104D+06 -0.3506562D+06  0.3431695D+05  0.2430848D+05
 d(alpha)/dy   0.1549522D+06  0.2857494D+06 -0.1535131D+06  0.2848966D+05
 d(alpha)/dz   0.3766294D+06 -0.4092771D+06  0.9916324D+05 -0.1789451D+06

  ATOM           37 ag          38 ag          39 ag          40 ag
 d(alpha)/dx  -0.9988818D+04 -0.8554797D+05  0.1962770D+06 -0.1249303D+06
 d(alpha)/dy  -0.1292685D+06 -0.7873452D+05  0.2428700D+06  0.9993424D+05
 d(alpha)/dz   0.1004618D+06  0.2704531D+06 -0.3306712D+06 -0.5919505D+05

  ATOM           41 c           42 n           43 c           44 c 
 d(alpha)/dx   0.1891453D+01 -0.1051948D+03 -0.1054191D+02  0.1631024D+03
 d(alpha)/dy   0.6717329D+02 -0.6578752D+02  0.1469088D+03 -0.9995327D+02
 d(alpha)/dz   0.4467162D+02 -0.7007628D+02 -0.8998494D+02  0.4332110D+02

  ATOM           45 c           46 c           47 c           48 c 
 d(alpha)/dx  -0.6784665D+02  0.8003707D+01  0.2300468D+03 -0.1712872D+03
 d(alpha)/dy  -0.9445760D+01  0.1726880D+03 -0.1527361D+03 -0.8429055D+02
 d(alpha)/dz   0.1294807D+03 -0.1615468D+03 -0.1289444D+03 -0.7225091D+02

  ATOM           49 c           50 n           51 c           52 c 
 d(alpha)/dx   0.4659302D+01 -0.1767869D+03  0.1658153D+03 -0.1640060D+03
 d(alpha)/dy   0.3722602D+02 -0.1108792D+03  0.1169763D+03 -0.2427024D+02
 d(alpha)/dz   0.6283580D+02  0.1120140D+03  0.5065083D+02  0.5226257D+02

  ATOM           53 c           54 c           55 n           56 c 
 d(alpha)/dx   0.8752088D+02 -0.2735904D+03  0.1483540D+03  0.8976209D+02
 d(alpha)/dy   0.4085898D+02 -0.6182004D+02  0.4687490D+02 -0.5225135D+01
 d(alpha)/dz  -0.3347224D+02 -0.7947320D+02 -0.8694176D+02 -0.2474380D+02

  ATOM           57 c           58 c           59 c           60 s 
 d(alpha)/dx   0.5282693D+02  0.2212319D+02 -0.3326053D+02  0.7061897D+02
 d(alpha)/dy   0.8535450D+02 -0.2151470D+02 -0.8613050D+02  0.5974396D+02
 d(alpha)/dz   0.3736472D+01  0.2564124D+02  0.1260488D+03 -0.7535419D+02

  ATOM           61 h           62 h           63 h           64 h 
 d(alpha)/dx   0.8261867D+01  0.7837951D+01  0.5655722D+01  0.5437597D+01
 d(alpha)/dy  -0.3011187D+02 -0.1515652D+02  0.8045395D+00 -0.3715905D+01
 d(alpha)/dz  -0.3929707D+02 -0.9507623D+01  0.2175023D+01  0.6670268D+01

  ATOM           65 h           66 h           67 h           68 h 
 d(alpha)/dx  -0.6100810D+01 -0.3224281D+02  0.5864994D+01  0.7355484D+01
 d(alpha)/dy  -0.1246179D+02 -0.1666615D+02  0.6675481D+01  0.6045559D+01
 d(alpha)/dz   0.2677352D+02  0.8850349D+02 -0.2044056D+02 -0.1711587D+01

  ATOM           69 h           70 h           71 h           72 h 
 d(alpha)/dx   0.2287905D+01 -0.5352065D+00  0.1565761D+01 -0.2923911D+02
 d(alpha)/dy  -0.1192241D+01  0.5450788D+01 -0.5684619D+01  0.3367258D+01
 d(alpha)/dz   0.1855244D+01 -0.1525418D+02  0.2832692D+01  0.5954917D+01

  ATOM           73 h           74 h           75 h           76 h 
 d(alpha)/dx  -0.1043167D+02 -0.8897872D+01 -0.1246462D+02 -0.2306369D+02
 d(alpha)/dy  -0.1043830D+01  0.9033236D+01  0.8154406D+01 -0.3026180D+02
 d(alpha)/dz  -0.9740995D+01  0.3444717D+02 -0.3137159D+02  0.8389822D+01

  ATOM           77 h           78 h 
 d(alpha)/dx   0.2248766D+02  0.3844500D+01
 d(alpha)/dy  -0.1095766D+02 -0.4617952D+01
 d(alpha)/dz   0.4089258D+02  0.1285827D+02
 
                              --------------------
                                 xz   component
                              --------------------

  ATOM            1 ag           2 ag           3 ag           4 ag
 d(alpha)/dx  -0.8189117D+02  0.1277928D+03 -0.8415461D+02  0.2819650D+02
 d(alpha)/dy   0.1095470D+03  0.1796930D+03  0.5409301D+02  0.3256474D+02
 d(alpha)/dz  -0.5416031D+02  0.5674449D+02  0.4591716D+02 -0.5973539D+01

  ATOM            5 ag           6 ag           7 ag           8 ag
 d(alpha)/dx   0.7273621D+02  0.1776916D+03 -0.9754026D+02 -0.2209600D+02
 d(alpha)/dy   0.1604776D+02 -0.7531554D+02 -0.8892896D+02 -0.9671373D+02
 d(alpha)/dz  -0.3711970D+02  0.5691868D+02  0.6250800D+02 -0.2127653D+02

  ATOM            9 ag          10 ag          11 ag          12 ag
 d(alpha)/dx   0.2484891D+02  0.1043474D+03  0.3610598D+02 -0.6657850D+02
 d(alpha)/dy  -0.5101470D+02 -0.9335049D+02  0.4174283D+02 -0.1191477D+02
 d(alpha)/dz   0.1834675D+02  0.1280079D+03 -0.3357078D+01  0.3887968D+02

  ATOM           13 ag          14 ag          15 ag          16 ag
 d(alpha)/dx  -0.7178593D+01  0.8221223D+02 -0.1048186D+03 -0.8619297D+01
 d(alpha)/dy  -0.4519760D+02  0.1120891D+03 -0.7530135D+02 -0.6751281D+02
 d(alpha)/dz   0.3007338D+02  0.6230333D+02  0.2552216D+03  0.3470272D+02

  ATOM           17 ag          18 ag          19 ag          20 ag
 d(alpha)/dx  -0.7331842D+02  0.1604688D+03 -0.6733070D+02 -0.1671518D+03
 d(alpha)/dy   0.1167033D+03  0.9262418D+01  0.2348046D+02 -0.4806213D+02
 d(alpha)/dz   0.1219356D+03  0.1722252D+03  0.2847444D+02 -0.2571549D+03

  ATOM           21 ag          22 ag          23 ag          24 ag
 d(alpha)/dx   0.1440476D+02  0.5850619D+02 -0.1203768D+03  0.8421614D+02
 d(alpha)/dy   0.1616465D+02 -0.7397013D+02 -0.8421504D+02 -0.3338383D+02
 d(alpha)/dz  -0.1894845D+02  0.1786176D+02 -0.3792571D+02  0.4206345D+01

  ATOM           25 ag          26 ag          27 ag          28 ag
 d(alpha)/dx  -0.9634489D+05  0.4100901D+05 -0.2522686D+04 -0.2729076D+05
 d(alpha)/dy   0.2022128D+05 -0.1571649D+06 -0.2653828D+06  0.2867453D+05
 d(alpha)/dz   0.1039818D+05  0.1076676D+06 -0.1897920D+06  0.6967053D+05

  ATOM           29 ag          30 ag          31 ag          32 ag
 d(alpha)/dx   0.1132842D+06 -0.1603689D+06  0.2783975D+06 -0.2592827D+06
 d(alpha)/dy   0.1045767D+06  0.3515977D+06  0.2185544D+06 -0.9564522D+05
 d(alpha)/dz   0.4369995D+04 -0.7951637D+05  0.1185086D+05 -0.8849539D+04

  ATOM           33 ag          34 ag          35 ag          36 ag
 d(alpha)/dx  -0.1010229D+06 -0.9916627D+05 -0.1012308D+06  0.2790424D+06
 d(alpha)/dy  -0.1649231D+06 -0.2549472D+06 -0.3859082D+05  0.9991178D+05
 d(alpha)/dz  -0.2963432D+06 -0.2023352D+04 -0.2030886D+06  0.1751462D+06

  ATOM           37 ag          38 ag          39 ag          40 ag
 d(alpha)/dx  -0.3897672D+05  0.9370660D+05 -0.5360063D+05 -0.1001390D+06
 d(alpha)/dy   0.9245322D+05  0.1090342D+06 -0.2591929D+06 -0.1276090D+06
 d(alpha)/dz   0.3808187D+05 -0.5357890D+05  0.1670910D+06  0.9749443D+05

  ATOM           41 c           42 n           43 c           44 c 
 d(alpha)/dx   0.1547516D+02  0.1271652D+02  0.2890573D+02 -0.1137701D+03
 d(alpha)/dy  -0.3709823D+02  0.2107770D+02 -0.2391165D+02  0.2669069D+02
 d(alpha)/dz  -0.3634448D+02  0.1600278D+02  0.2193929D+01 -0.5944015D+02

  ATOM           45 c           46 c           47 c           48 c 
 d(alpha)/dx   0.1456590D+03 -0.2027173D+03 -0.2242470D+03  0.1915843D+03
 d(alpha)/dy  -0.4697282D+02 -0.2095957D+03  0.9123248D+02  0.1543002D+03
 d(alpha)/dz   0.5433989D+02  0.4778097D+02  0.1170766D+03  0.1386334D+03

  ATOM           49 c           50 n           51 c           52 c 
 d(alpha)/dx  -0.2103628D+00  0.2407716D+03 -0.2531732D+03  0.9766402D+02
 d(alpha)/dy  -0.8108323D+01  0.6278861D+02 -0.1530312D+03  0.1260070D+02
 d(alpha)/dz  -0.1226513D+03 -0.3631736D+02 -0.5148444D+02 -0.1055201D+03

  ATOM           53 c           54 c           55 n           56 c 
 d(alpha)/dx  -0.3385810D+02  0.1840521D+03 -0.2563205D+02 -0.6471177D+02
 d(alpha)/dy   0.2134927D+02  0.4298373D+02  0.3794520D+02 -0.2231004D+02
 d(alpha)/dz   0.4265055D+01  0.1671974D+02  0.3253812D+02 -0.1308647D+01

  ATOM           57 c           58 c           59 c           60 s 
 d(alpha)/dx  -0.3470833D+02 -0.7152895D+02  0.1685608D+03 -0.2352558D+02
 d(alpha)/dy  -0.1205344D+03 -0.2133573D+02  0.2180226D+02 -0.4309378D+00
 d(alpha)/dz   0.1935518D+02  0.2169369D+02 -0.4162776D+01 -0.1891008D+03

  ATOM           61 h           62 h           63 h           64 h 
 d(alpha)/dx   0.2575931D+01 -0.7322355D+01  0.3196058D+01  0.9211514D+00
 d(alpha)/dy   0.1594557D+02 -0.1195180D+01 -0.1481545D+01 -0.3752200D+00
 d(alpha)/dz   0.4070323D+02  0.3307469D+01 -0.1062034D+01 -0.1878166D+01

  ATOM           65 h           66 h           67 h           68 h 
 d(alpha)/dx   0.7899570D+00  0.3772405D+00 -0.1243312D+02 -0.4181202D+01
 d(alpha)/dy   0.1136895D+02  0.6532466D+01  0.7219270D+01 -0.1157208D+02
 d(alpha)/dz   0.4671009D+01  0.9068685D+01 -0.1827489D+02 -0.1322663D+02

  ATOM           69 h           70 h           71 h           72 h 
 d(alpha)/dx  -0.9589665D+00 -0.2158577D+01  0.1863236D+01  0.3162085D+02
 d(alpha)/dy   0.4461846D+01 -0.4777369D+01  0.3240559D+01 -0.9740604D+01
 d(alpha)/dz  -0.5296993D+01  0.1781786D+02 -0.7193441D+01  0.5684073D+01

  ATOM           73 h           74 h           75 h           76 h 
 d(alpha)/dx   0.1255993D+02  0.1232466D+02  0.8852832D+01  0.1107380D+02
 d(alpha)/dy   0.2813609D+01 -0.1483642D+02  0.4923232D+01  0.3772535D+02
 d(alpha)/dz   0.1627724D+02 -0.1003580D+02  0.2546581D+02 -0.1609429D+02

  ATOM           77 h           78 h 
 d(alpha)/dx  -0.2698352D+02  0.4521757D+01
 d(alpha)/dy   0.4811466D+02  0.8273116D+01
 d(alpha)/dz  -0.6396077D+02 -0.1381991D+02
 
                              --------------------
                                 yz   component
                              --------------------

  ATOM            1 ag           2 ag           3 ag           4 ag
 d(alpha)/dx   0.6614554D+01 -0.6020145D+01  0.3987117D+02  0.1980055D+02
 d(alpha)/dy   0.4191975D+00  0.1263337D+03  0.8977100D+02 -0.2052904D+02
 d(alpha)/dz  -0.9409325D+01  0.3720683D+01 -0.2916447D+02 -0.5208415D+02

  ATOM            5 ag           6 ag           7 ag           8 ag
 d(alpha)/dx  -0.5663263D+02  0.7277947D+02 -0.2964334D+01 -0.8097164D+02
 d(alpha)/dy   0.5657503D+02 -0.1083889D+03 -0.3345389D+02  0.1401631D+02
 d(alpha)/dz  -0.7297651D+02 -0.3254734D+02 -0.2874529D+02  0.1428666D+01

  ATOM            9 ag          10 ag          11 ag          12 ag
 d(alpha)/dx   0.1111782D+03  0.5654327D+02  0.9404685D+02 -0.6880401D+01
 d(alpha)/dy  -0.2579887D+01 -0.1236611D+02  0.5262608D+02 -0.3884018D+02
 d(alpha)/dz  -0.2773042D+02 -0.2104516D+02  0.1709199D-01 -0.8674477D+02

  ATOM           13 ag          14 ag          15 ag          16 ag
 d(alpha)/dx   0.4074540D+02 -0.8802420D+02 -0.5141743D+02  0.1270444D+01
 d(alpha)/dy   0.7926328D+01  0.8691233D+02 -0.9714909D+02 -0.3959807D+02
 d(alpha)/dz  -0.1452499D+02 -0.1104616D+02  0.1153604D+03 -0.2835786D+02

  ATOM           17 ag          18 ag          19 ag          20 ag
 d(alpha)/dx   0.3746628D+02  0.5672877D+02 -0.6578218D+02 -0.1024507D+03
 d(alpha)/dy   0.1299823D+03 -0.9486332D+02  0.2813716D+01  0.8541419D+02
 d(alpha)/dz   0.7415297D+02  0.1066822D+02 -0.1079129D+02 -0.9228467D+02

  ATOM           21 ag          22 ag          23 ag          24 ag
 d(alpha)/dx   0.8371279D+02 -0.6944573D+02 -0.4661788D+02  0.4070265D+02
 d(alpha)/dy  -0.7160063D+01 -0.1495783D+02 -0.5327181D+02 -0.1115096D+03
 d(alpha)/dz  -0.1111324D+02 -0.4335230D+02 -0.4236563D+02  0.2130514D+02

  ATOM           25 ag          26 ag          27 ag          28 ag
 d(alpha)/dx  -0.5816160D+04 -0.6204972D+05 -0.1053191D+05  0.9799001D+05
 d(alpha)/dy  -0.8314529D+04 -0.5068782D+05 -0.5942347D+05 -0.4435664D+05
 d(alpha)/dz  -0.3217529D+05 -0.8449934D+05 -0.1042469D+06 -0.6924574D+05

  ATOM           29 ag          30 ag          31 ag          32 ag
 d(alpha)/dx   0.2692044D+05 -0.4931265D+05  0.7881741D+05 -0.4125604D+05
 d(alpha)/dy  -0.3125531D+05  0.1136034D+06 -0.2146283D+06 -0.9655599D+05
 d(alpha)/dz  -0.4750827D+05  0.1196467D+05  0.9458683D+05 -0.5932574D+05

  ATOM           33 ag          34 ag          35 ag          36 ag
 d(alpha)/dx   0.1030230D+06 -0.2591551D+06  0.1889585D+06  0.1611770D+06
 d(alpha)/dy  -0.1941327D+05  0.1789698D+06  0.1894972D+06  0.7931715D+05
 d(alpha)/dz   0.1585576D+04  0.1067002D+06  0.2133172D+06 -0.8693183D+05

  ATOM           37 ag          38 ag          39 ag          40 ag
 d(alpha)/dx   0.1705893D+05 -0.4550666D+05  0.4945152D+05 -0.8310891D+05
 d(alpha)/dy  -0.4662615D+05 -0.7725057D+04 -0.1337545D+06 -0.1197861D+06
 d(alpha)/dz  -0.6251467D+04 -0.2523044D+05  0.2376693D+05  0.2469813D+05

  ATOM           41 c           42 n           43 c           44 c 
 d(alpha)/dx   0.2472732D+02  0.1441032D+03  0.3884668D+02 -0.1147734D+03
 d(alpha)/dy  -0.4289027D+01 -0.1220940D+03  0.7441145D+02  0.1136293D+03
 d(alpha)/dz   0.4079193D+01 -0.3123932D+02 -0.2140832D+02  0.2513308D+02

  ATOM           45 c           46 c           47 c           48 c 
 d(alpha)/dx   0.3530100D+02  0.4946455D+02  0.1886612D+03 -0.1710852D+03
 d(alpha)/dy  -0.1998849D+02  0.1555377D+03 -0.1030546D+03 -0.1511680D+02
 d(alpha)/dz   0.6775556D+01  0.7120197D+02 -0.8374208D+02 -0.4355118D+02

  ATOM           49 c           50 n           51 c           52 c 
 d(alpha)/dx   0.1108683D+03 -0.1571305D+02 -0.1792785D+03  0.1969013D+03
 d(alpha)/dy  -0.8128833D+02  0.2033729D+03 -0.3260931D+02  0.7628706D+01
 d(alpha)/dz   0.6255622D+02  0.8299887D+02 -0.1303091D+02  0.5400829D+00

  ATOM           53 c           54 c           55 n           56 c 
 d(alpha)/dx  -0.1647795D+03  0.2300347D+03 -0.1910202D+03  0.9983807D+01
 d(alpha)/dy  -0.1544547D+03  0.2057240D+03 -0.7421754D+02 -0.8924419D+02
 d(alpha)/dz   0.4229835D+02  0.1408786D+02 -0.5503132D+02  0.1193940D+02

  ATOM           57 c           58 c           59 c           60 s 
 d(alpha)/dx  -0.5433657D+02 -0.1767534D+02 -0.9623980D+02 -0.1812010D+02
 d(alpha)/dy  -0.2369169D+01  0.3705067D+02  0.1014012D+03 -0.1896599D+03
 d(alpha)/dz   0.5330572D+01 -0.8593470D+02 -0.2678963D+02  0.3930355D+02

  ATOM           61 h           62 h           63 h           64 h 
 d(alpha)/dx  -0.1489037D+02 -0.1430283D+02 -0.1949013D+01 -0.5383167D+01
 d(alpha)/dy  -0.9668469D+01  0.4496121D+01  0.7719814D-03  0.3154391D+01
 d(alpha)/dz  -0.9075770D+01 -0.1866392D+02  0.4115225D+01  0.5323412D+01

  ATOM           65 h           66 h           67 h           68 h 
 d(alpha)/dx  -0.1611939D+02 -0.4553329D+01 -0.4260977D+01 -0.2076991D+01
 d(alpha)/dy   0.1142474D+01 -0.1125147D+01 -0.6094585D+01  0.4179353D+00
 d(alpha)/dz   0.9329662D+01  0.4267469D+02 -0.4141671D+01  0.6874038D+01

  ATOM           69 h           70 h           71 h           72 h 
 d(alpha)/dx   0.6669623D+01  0.3790088D+01 -0.2723176D+01  0.1462270D+02
 d(alpha)/dy   0.1245196D+01  0.7830716D+00  0.3766748D+01  0.2028558D+01
 d(alpha)/dz  -0.9261742D+01  0.4499717D+01 -0.1863079D+02  0.5075194D+01

  ATOM           73 h           74 h           75 h           76 h 
 d(alpha)/dx   0.1506656D+01  0.1016552D+02  0.3359845D+01 -0.3187710D+01
 d(alpha)/dy  -0.3558054D+00 -0.5562900D+00  0.9840668D+00  0.1629794D+02
 d(alpha)/dz   0.5438127D+01  0.1087123D+02  0.5863699D+01  0.8668795D+01

  ATOM           77 h           78 h 
 d(alpha)/dx  -0.6846754D+01  0.4475145D+01
 d(alpha)/dy   0.1567660D+02 -0.1391179D+02
 d(alpha)/dz  -0.8401971D+01  0.2050905D+02
 

   ***  vibrational spectroscopic data read from $vibrational spectrum
        file=<vibspectrum>  ***


          ---------------------------------------------------
          NORMAL MODES and VIBRATIONAL FREQUENCIES (cm**(-1))
          ---------------------------------------------------

 imaginary wave numbers indicate a negative curvature of the energy surface.
 zero frequency modes have no physical meaning except being generators of
 translations and rotations. each vibrational normal mode - given in terms of
 cartesian displacement vectors of all atoms - has been normalized to unity.
 to obtain mass-weigthed normal coordinates in a.u. divide the tabulated
 modes by sqrt(reduced mass * 1822.88853).
 band intensities or cross sections refer to independent non-degenerate normal
 modes, that is, the intensities of degenerate modes have yet to be added.
 dDIP/dQ is the normal mode derivative of the dipole moment.
 differential RAMAN cross sections refer to a scattering angle of 90 deg
 and to a negative frequency shift (stokes lines). (par,par) indicates that
 the scattered wave has its electric field polarized in parallel (   ,par)
 to the scattering plane and that the incident radiation also is polarized
 parallel (par,   ) to the scattering plane. (ort,   ) indicates polarization
 orthogonal to the scattering plane while (unpol,   ) refers to cross
 sections with respect to unpolarized radiation. RAMAN cross sections of
 the types (par,ort), (ort,par) or (par,unpol) are all equal to (par,par).
 all cross sections are given in % relative to the most active single mode
 of the same polarization type.
 RAMAN cross sections depend on the sample temperature (here T= 298.15K)
 and on the wave number of the exciting radiation (here 12738.85cm**(-1)).
 complementary information is output to the control file (cf. $raman spectrum).


 WARNING: values of Raman intensities are questionable for saddle point structures


       mode               1        2        3        4        5        6

     frequency         i20.47   i17.73   i10.86    i5.66     0.00     0.00

     symmetry            a        a        a        a                     

        IR               YES      YES      YES      YES       -        - 
|dDIP/dQ|   (a.u.)     0.0000   0.0000   0.0000   0.0000   0.0000   0.0000
intensity (km/mol)       0.00     0.00     0.00     0.00     0.00     0.00
intensity (  %   )       0.00     0.00     0.00     0.00     0.00     0.00
 
       RAMAN             YES      YES      YES      YES       -        - 
         (par,par)       0.00     0.00     0.00     0.00     0.00     0.00
         (ort,ort)       0.00     0.00     0.00     0.00     0.00     0.00
       (ort,unpol)       0.00     0.00     0.00     0.00     0.00     0.00
     depol. ratio        0.00     0.00     0.00     0.00     0.00     0.00
 
  1   ag          x   0.00465  0.00460  0.01430 -0.02462 -0.00037  0.03078
                  y  -0.00782 -0.02233 -0.03151  0.03591  0.02019 -0.03840
                  z   0.01215  0.04082 -0.01080 -0.07812 -0.09553  0.03852
  2   ag          x  -0.00119  0.00257  0.00706 -0.01271  0.00004  0.03120
                  y  -0.00533 -0.01763 -0.03953  0.03524  0.02048 -0.03426
                  z   0.00021  0.05793  0.04341 -0.07999 -0.05079  0.07757
  3   ag          x  -0.00780  0.00385  0.00087 -0.00629  0.00057  0.03175
                  y   0.00659 -0.00606 -0.02747  0.00696  0.02083 -0.03029
                  z  -0.01691  0.03675  0.03516  0.00857 -0.00569  0.11755
  4   ag          x  -0.00495 -0.00229 -0.01389 -0.01344  0.00049  0.03163
                  y   0.01598  0.00248 -0.03313 -0.01441  0.02089 -0.02520
                  z   0.00334  0.00600  0.08572  0.06698  0.04035  0.15522
  5   ag          x  -0.01713 -0.00456 -0.05546 -0.01836  0.00214  0.03295
                  y  -0.00898  0.03435 -0.10381 -0.02801  0.02178 -0.02307
                  z   0.04318 -0.05689  0.22370  0.10922  0.08735  0.19357
  6   ag          x  -0.00398  0.00702  0.01622 -0.01499 -0.00075  0.02633
                  y  -0.00435 -0.01539 -0.02868  0.02313  0.02009 -0.03548
                  z  -0.01763 -0.01972 -0.10840  0.05367 -0.05482 -0.01201
  7   ag          x  -0.00623 -0.00441  0.00502 -0.00095 -0.00480  0.02299
                  y   0.00451 -0.00310 -0.01886  0.00974  0.01826 -0.02341
                  z  -0.00945 -0.00459 -0.04983  0.02129 -0.00975  0.02708
  8   ag          x  -0.00923 -0.00996 -0.00202  0.00241 -0.00116  0.02604
                  y   0.01348  0.00451 -0.01484 -0.00161  0.02009 -0.02491
                  z  -0.01719  0.01542 -0.02415  0.02441  0.03603  0.06563
  9   ag          x  -0.00275 -0.02365 -0.00860 -0.00387 -0.00046  0.02663
                  y   0.01380  0.00745 -0.03223 -0.00767  0.02053 -0.02111
                  z   0.05348 -0.01782  0.01959 -0.01829  0.08284  0.10490
 10   ag          x  -0.01153 -0.01487 -0.04321 -0.01151 -0.00117  0.02603
                  y  -0.00035  0.01323 -0.07854 -0.01245  0.02029 -0.01487
                  z   0.01698  0.08197 -0.04187 -0.06225  0.12899  0.14360
 11   ag          x  -0.01219 -0.00221  0.01061 -0.00762  0.00141  0.02399
                  y  -0.00039 -0.00353 -0.02651  0.01044  0.02121 -0.03705
                  z  -0.02711 -0.02704 -0.06278  0.03975 -0.01384 -0.06271
 12   ag          x  -0.01740 -0.00495  0.01152 -0.00195 -0.00082  0.02214
                  y   0.01249  0.00212 -0.01902  0.00352  0.02025 -0.02813
                  z  -0.03922  0.00449  0.01034  0.01341  0.03209 -0.02357
 13   ag          x  -0.01125 -0.01083  0.00333 -0.00660 -0.00078  0.02217
                  y   0.02764  0.00565 -0.02602  0.00033  0.02037 -0.02323
                  z   0.05110 -0.01627  0.00038 -0.01568  0.07819  0.01514
 14   ag          x  -0.01044 -0.00474 -0.00832 -0.01048 -0.00118  0.02182
                  y   0.01308  0.00785 -0.03659 -0.00075  0.02028 -0.01753
                  z   0.02428  0.02937 -0.04143 -0.06268  0.12462  0.05365
 15   ag          x  -0.00723  0.00758 -0.03539 -0.01384 -0.00016  0.02275
                  y  -0.00545 -0.01322 -0.08783 -0.00351  0.02086 -0.01441
                  z   0.02394 -0.08316 -0.14384 -0.03099  0.16985  0.09323
 16   ag          x  -0.02252  0.01052  0.02318 -0.01793  0.00093  0.01940
                  y   0.01192  0.00439 -0.01986  0.00650  0.02108 -0.03383
                  z  -0.01696 -0.08272 -0.00929  0.03690  0.02845 -0.11296
 17   ag          x  -0.01840 -0.00288  0.01058 -0.01207 -0.00102  0.01772
                  y   0.02331  0.00217 -0.01281  0.00586  0.02025 -0.02538
                  z  -0.01272 -0.07100  0.01566 -0.01525  0.07476 -0.07495
 18   ag          x  -0.01580  0.00810  0.00620 -0.02099 -0.00115  0.01766
                  y   0.01841  0.00880 -0.01893  0.00572  0.02029 -0.02023
                  z   0.01392  0.01851  0.00924 -0.05717  0.12030 -0.03577
 19   ag          x  -0.01164  0.00960 -0.00060 -0.02542  0.00014  0.01874
                  y   0.00350 -0.00224 -0.03829  0.00362  0.02100 -0.01761
                  z   0.03243  0.00002 -0.01890 -0.01579  0.16578  0.00249
 20   ag          x  -0.02189  0.02657 -0.01654 -0.02424  0.00073  0.01930
                  y  -0.00797 -0.01087 -0.09505 -0.00166  0.02138 -0.01378
                  z  -0.06970  0.00604 -0.23869  0.10012  0.21051  0.04138
 21   ag          x  -0.04619  0.08552  0.01172 -0.03088  0.00240  0.01640
                  y   0.01591  0.00885 -0.00427  0.00254  0.02187 -0.03401
                  z   0.00114 -0.15778  0.09089  0.06178  0.07138 -0.16381
 22   ag          x  -0.02741  0.03978  0.00956 -0.01824 -0.00174  0.01293
                  y   0.01883 -0.00061 -0.01137  0.00898  0.01999 -0.02180
                  z  -0.04794  0.11156  0.08032 -0.09959  0.11643 -0.12576
 23   ag          x  -0.02088  0.03823  0.01752 -0.01239  0.00031  0.01466
                  y   0.00842  0.00412 -0.02586  0.00429  0.02107 -0.02060
                  z   0.02685  0.04394  0.14505 -0.07445  0.16119 -0.08785
 24   ag          x  -0.03369  0.04739  0.01001  0.01000  0.00249  0.01648
                  y  -0.00932 -0.00421 -0.05308  0.01156  0.02221 -0.01956
                  z  -0.09013  0.15460  0.04300  0.11721  0.20667 -0.04984
 25   ag          x  -0.00855 -0.01028  0.02150  0.04358  0.03947  0.06323
                  y   0.00431 -0.00019  0.02356 -0.02865  0.03923 -0.10701
                  z  -0.00110  0.03657 -0.00657 -0.05048 -0.07134  0.03776
 26   ag          x  -0.01245 -0.01140  0.02431  0.04958  0.03947  0.06323
                  y   0.00148 -0.00217  0.02428 -0.01905  0.03933 -0.10193
                  z  -0.00927  0.04944  0.05020 -0.04676 -0.02430  0.07729
 27   ag          x  -0.00524 -0.00915  0.04573  0.03987  0.03947  0.06323
                  y   0.00389 -0.00277  0.00854 -0.00921  0.03944 -0.09686
                  z  -0.01139  0.01768  0.05566  0.03568  0.02275  0.11682
 28   ag          x   0.00201 -0.03107  0.07207  0.03601  0.03947  0.06323
                  y   0.01351  0.00491  0.00807 -0.01104  0.03954 -0.09178
                  z   0.04336 -0.05017  0.15021  0.06943  0.06979  0.15635
 29   ag          x  -0.00945 -0.00978  0.02510  0.02990  0.03938  0.05883
                  y   0.00054 -0.01131  0.01488 -0.01722  0.03928 -0.10447
                  z  -0.02246 -0.02314 -0.09180  0.05509 -0.02840 -0.01475
 30   ag          x  -0.00930 -0.00736  0.03894  0.02025  0.03938  0.05883
                  y   0.00275 -0.00648  0.01468 -0.00934  0.03939 -0.09940
                  z  -0.00325 -0.01098 -0.05333  0.01017  0.01865  0.02478
 31   ag          x   0.00379 -0.01735  0.02636  0.00497  0.03938  0.05883
                  y   0.01472  0.00187  0.01338 -0.00886  0.03949 -0.09432
                  z   0.05730 -0.02960 -0.01989 -0.00575  0.06569  0.06430
 32   ag          x   0.00770 -0.01832  0.01589 -0.00409  0.03938  0.05883
                  y   0.02225 -0.00207  0.05798  0.00712  0.03959 -0.08924
                  z   0.04548  0.03340 -0.02376 -0.05488  0.11273  0.10383
 33   ag          x  -0.01158 -0.01380  0.02912  0.00913  0.03929  0.05444
                  y   0.00881 -0.02453  0.00850 -0.00538  0.03933 -0.10193
                  z  -0.02601 -0.03466 -0.02584  0.04149  0.01455 -0.06727
 34   ag          x   0.00331 -0.01910  0.00793 -0.00636  0.03929  0.05444
                  y   0.00770 -0.00842  0.01584 -0.00144  0.03944 -0.09686
                  z   0.01122 -0.03669  0.01324 -0.00824  0.06159 -0.02774
 35   ag          x   0.01620 -0.04499 -0.00542 -0.01469  0.03929  0.05444
                  y   0.01451  0.00490  0.04801 -0.00226  0.03954 -0.09178
                  z   0.02418  0.01940  0.01237 -0.04515  0.10863  0.01179
 36   ag          x   0.02382 -0.06136 -0.01602 -0.01407  0.03929  0.05444
                  y   0.02462  0.03136  0.09643  0.00343  0.03964 -0.08670
                  z   0.02498 -0.01576 -0.06594 -0.03181  0.15567  0.05132
 37   ag          x   0.00562 -0.03113  0.01471 -0.01748  0.03921  0.05004
                  y   0.00743 -0.01771  0.04783  0.01575  0.03939 -0.09940
                  z   0.00581 -0.13228  0.03779  0.03892  0.05749 -0.11978
 38   ag          x   0.02009 -0.06037 -0.03309 -0.01255  0.03921  0.05004
                  y  -0.00589  0.03239  0.04788  0.00159  0.03949 -0.09432
                  z  -0.00845  0.01226  0.03063 -0.06975  0.10453 -0.08025
 39   ag          x   0.03287 -0.06609 -0.04314 -0.03108  0.03921  0.05004
                  y   0.01508  0.02334  0.08840 -0.00440  0.03959 -0.08924
                  z   0.02144  0.02154  0.04771 -0.04892  0.15157 -0.04073
 40   ag          x   0.04027 -0.08224 -0.05907 -0.03534  0.03921  0.05004
                  y   0.01090  0.04782  0.14915  0.03404  0.03969 -0.08416
                  z  -0.08603  0.08862 -0.09986  0.09874  0.19861 -0.00120
 41   c           x   0.08883  0.10489 -0.06263  0.07068 -0.05757 -0.02450
                  y  -0.03322  0.07265  0.12847  0.14371 -0.00695  0.06589
                  z  -0.00630 -0.02116 -0.07928  0.05483 -0.03475 -0.05823
 42   n           x   0.10190  0.12139 -0.05524  0.09378 -0.05596 -0.02460
                  y  -0.05206  0.05113  0.12384  0.11031 -0.00613  0.06506
                  z  -0.00543 -0.00970 -0.04339  0.04717 -0.00895 -0.06629
 43   c           x   0.12516  0.14359 -0.05352  0.13472 -0.05463 -0.02597
                  y  -0.04926  0.05042  0.11829  0.11350 -0.00548  0.06236
                  z   0.00061 -0.04732 -0.10171  0.04340 -0.00013 -0.10997
 44   c           x   0.09247  0.10986 -0.05623  0.07787 -0.05459 -0.02247
                  y  -0.07123  0.02818  0.11714  0.07548 -0.00544  0.06486
                  z  -0.01421 -0.01516 -0.02271  0.03348  0.00694 -0.03294
 45   c           x   0.10413  0.12333 -0.05003  0.09731 -0.05293 -0.02247
                  y  -0.08781  0.00928  0.11003  0.04393 -0.00459  0.06391
                  z  -0.01660 -0.03072 -0.01198  0.01277  0.03226 -0.04031
 46   c           x   0.09422  0.11311 -0.05197  0.08189 -0.05266 -0.02125
                  y  -0.10778 -0.01073  0.10427  0.00993 -0.00443  0.06570
                  z  -0.02207 -0.02205  0.01622 -0.01048  0.04853 -0.00632
 47   c           x   0.07624  0.09059 -0.06354  0.04635 -0.05402 -0.01992
                  y  -0.10947 -0.01257  0.10307  0.00548 -0.00509  0.06856
                  z  -0.01427  0.00553  0.01976 -0.01058  0.04065  0.03775
 48   c           x   0.06511  0.07860 -0.06841  0.02471 -0.05430 -0.01878
                  y  -0.09233  0.00596  0.10991  0.03767 -0.00528  0.06698
                  z  -0.01646  0.01230  0.01098  0.00878  0.01497  0.04419
 49   c           x   0.07249  0.08708 -0.06456  0.04003 -0.05472 -0.02011
                  y  -0.07377  0.02545  0.11639  0.07161 -0.00552  0.06548
                  z  -0.01975 -0.00014 -0.00737  0.03284 -0.00124  0.01065
 50   n           x   0.06947  0.08049 -0.07009  0.03132 -0.05544 -0.02001
                  y  -0.12250 -0.02774  0.09306 -0.02512 -0.00574  0.07317
                  z  -0.00515  0.02146  0.01787 -0.02320  0.05491  0.07218
 51   c           x   0.07671  0.09053 -0.06295  0.04728 -0.05515 -0.02091
                  y  -0.13378 -0.04560  0.07869 -0.05287 -0.00555  0.07470
                  z   0.01455  0.01975 -0.00031 -0.03581  0.07919  0.06929
 52   c           x   0.07043  0.07712 -0.07258  0.03040 -0.05643 -0.02065
                  y  -0.14237 -0.06337  0.06107 -0.07923 -0.00613  0.07913
                  z   0.03709  0.04216 -0.02896 -0.04024  0.09279  0.10804
 53   c           x   0.07547  0.08633 -0.06539  0.04350 -0.05594 -0.02123
                  y  -0.15188 -0.08447  0.04326 -0.10671 -0.00584  0.08043
                  z   0.04501  0.04140 -0.05370 -0.04121  0.11770  0.10872
 54   c           x   0.08820  0.10813 -0.04808  0.07539 -0.05465 -0.02261
                  y  -0.15330 -0.08712  0.04151 -0.11075 -0.00520  0.07834
                  z   0.03897  0.02718 -0.04782 -0.03806  0.13142  0.06967
 55   n           x   0.08951  0.11352 -0.03864  0.08828 -0.05566 -0.02447
                  y  -0.16050 -0.10480  0.02245 -0.13648 -0.00562  0.08226
                  z   0.05378  0.04416 -0.06195 -0.04014  0.15606  0.06967
 56   c           x   0.08690  0.10805 -0.04672  0.07144 -0.05782 -0.02487
                  y  -0.17096 -0.12512  0.00394 -0.16544 -0.00663  0.08826
                  z   0.00771 -0.03995 -0.11071 -0.07131  0.16912  0.10974
 57   c           x   0.09841  0.13731 -0.01258  0.11747 -0.05699 -0.02810
                  y  -0.16036 -0.10511  0.02022 -0.14008 -0.00623  0.08474
                  z   0.04830 -0.00937 -0.06606 -0.01035  0.16914  0.02928
 58   c           x   0.09543  0.12168 -0.03963  0.09400 -0.05300 -0.02259
                  y  -0.14518 -0.06955  0.05925 -0.08479 -0.00444  0.07328
                  z   0.01740 -0.00174 -0.01974 -0.03909  0.11831  0.03064
 59   c           x   0.09244  0.11328 -0.04787  0.08069 -0.05332 -0.02184
                  y  -0.13719 -0.05035  0.07739 -0.05705 -0.00465  0.07167
                  z   0.00795 -0.00287  0.00022 -0.03986  0.09315  0.03053
 60   s           x   0.10852  0.13161 -0.04232  0.10544 -0.04933 -0.02032
                  y  -0.13591 -0.03722  0.09932 -0.02482 -0.00277  0.06211
                  z  -0.07783 -0.04956  0.05606 -0.03977  0.07907 -0.01901
 61   h           x   0.07234  0.09229 -0.04587  0.04471 -0.04246 -0.01073
                  y  -0.02083  0.08988  0.13940  0.15158  0.00024  0.03886
                  z  -0.01229 -0.03093 -0.08829  0.05422 -0.04189 -0.04243
 62   h           x   0.08395  0.09521 -0.08347  0.05887 -0.07179 -0.03526
                  y  -0.04405  0.05807  0.12003  0.13887 -0.01374  0.09127
                  z  -0.01449 -0.03249 -0.08496  0.05195 -0.03904 -0.03761
 63   h           x   0.10025  0.11779 -0.06151  0.09018 -0.05969 -0.02739
                  y  -0.02015  0.08768  0.13206  0.16860 -0.00798  0.06805
                  z   0.00743 -0.00726 -0.08879  0.06588 -0.04426 -0.08900
 64   h           x   0.12914  0.15041 -0.05007  0.14341 -0.05607 -0.02764
                  y  -0.03290  0.07108  0.12690  0.14512 -0.00619  0.06300
                  z  -0.00138 -0.02829 -0.08622  0.05220 -0.01545 -0.13238
 65   h           x   0.13164  0.17240 -0.03140  0.15885 -0.06787 -0.03799
                  y  -0.06198  0.06313  0.15332  0.10064 -0.01176  0.08679
                  z   0.00430 -0.07624 -0.14042  0.03492  0.01299 -0.11728
 66   h           x   0.13438  0.12804 -0.07405  0.13724 -0.03857 -0.01313
                  y  -0.05164  0.01493  0.07651  0.09738  0.00220  0.03449
                  z   0.00331 -0.06905 -0.12956  0.03725  0.00896 -0.11590
 67   h           x   0.12014  0.13964 -0.04370  0.12564 -0.05213 -0.02369
                  y  -0.08675  0.00961  0.11023  0.04614 -0.00420  0.06228
                  z  -0.01798 -0.04919 -0.02327  0.01313  0.03943 -0.07301
 68   h           x   0.04838  0.06205 -0.07376 -0.00357 -0.05487 -0.01738
                  y  -0.09428  0.00450  0.10936  0.03421 -0.00557  0.06829
                  z  -0.01403  0.02779  0.01336  0.00776  0.00861  0.07751
 69   h           x   0.06287  0.07620 -0.06891  0.02253 -0.05523 -0.01940
                  y  -0.06125  0.04003  0.12146  0.09508 -0.00581  0.06490
                  z  -0.02057  0.00291 -0.02152  0.04437 -0.02060  0.01792
 70   h           x   0.06275  0.05946 -0.08761  0.00703 -0.05777 -0.01989
                  y  -0.14090 -0.06027  0.06248 -0.07665 -0.00679  0.08136
                  z   0.04670  0.05647 -0.03290 -0.03971  0.08238  0.13792
 71   h           x   0.06965  0.07603 -0.07279  0.02876 -0.05707 -0.02105
                  y  -0.15801 -0.09634  0.03065 -0.12672 -0.00636  0.08403
                  z   0.06183  0.06102 -0.07809 -0.04224  0.12697  0.13956
 72   h           x   0.10019  0.12899 -0.03633  0.07977 -0.07350 -0.03707
                  y  -0.20239 -0.18177 -0.02801 -0.17437 -0.01411  0.11612
                  z  -0.01104 -0.07417 -0.12989 -0.07636  0.16498  0.12611
 73   h           x   0.09060  0.11503 -0.03952  0.08684 -0.05721 -0.02547
                  y  -0.17573 -0.13388 -0.00549 -0.18743 -0.00629  0.08869
                  z   0.01432 -0.02425 -0.10274 -0.08691  0.18873  0.10319
 74   h           x   0.06347  0.07142 -0.06828  0.03069 -0.04412 -0.01210
                  y  -0.14325 -0.07636  0.02838 -0.15935 -0.00011  0.06412
                  z  -0.01891 -0.08749 -0.13586 -0.07995  0.16466  0.13186
 75   h           x   0.09876  0.13775 -0.00739  0.12284 -0.05776 -0.02923
                  y  -0.16962 -0.12535  0.00243 -0.16343 -0.00656  0.08796
                  z   0.09901  0.10653 -0.07823  0.01400  0.18873  0.03571
 76   h           x   0.05985  0.04383  0.00518  0.11144 -0.07172 -0.04116
                  y  -0.15348 -0.05795  0.03118 -0.14868 -0.01326  0.10993
                  z   0.02224 -0.08582 -0.06097 -0.01021  0.16380  0.01069
 77   h           x   0.14435  0.24554 -0.01490  0.14274 -0.04224 -0.01654
                  y  -0.16209 -0.13058  0.02781 -0.11185  0.00079  0.05777
                  z   0.02504 -0.07874 -0.06164 -0.00698  0.16586  0.00934
 78   h           x   0.10468  0.14140 -0.02500  0.11777 -0.05163 -0.02333
                  y  -0.14701 -0.07278  0.05882 -0.08660 -0.00377  0.07091
                  z   0.00154 -0.02960 -0.01619 -0.04280  0.12791  0.00000

reduced mass(g/mol)    14.186   25.305   46.008   21.849   55.743   60.012


       mode               7        8        9       10       11       12

     frequency           0.00     0.00     0.00     0.00     7.13    10.14

     symmetry                                                a        a   

        IR                -        -        -        -       YES      YES
|dDIP/dQ|   (a.u.)     0.0000   0.0000   0.0000   0.0000   0.0003   0.0005
intensity (km/mol)       0.00     0.00     0.00     0.00     0.17     0.39
intensity (  %   )       0.00     0.00     0.00     0.00     0.07     0.15
 
       RAMAN              -        -        -        -       YES      YES
         (par,par)       0.00     0.00     0.00     0.00     2.76     8.45
         (ort,ort)       0.00     0.00     0.00     0.00     4.13     4.04
       (ort,unpol)       0.00     0.00     0.00     0.00     3.77     5.19
     depol. ratio        0.00     0.00     0.00     0.00     0.24     0.74
 
  1   ag          x   0.06397  0.04660 -0.02034 -0.11529  0.00531 -0.00084
                  y  -0.08705  0.07841 -0.06713  0.13864  0.00658 -0.02492
                  z  -0.11165  0.10677  0.11929 -0.06495  0.01112 -0.02158
  2   ag          x   0.06413  0.04607 -0.02062 -0.11598  0.00540 -0.00256
                  y  -0.07881  0.05958 -0.06737  0.08193  0.03184 -0.01890
                  z  -0.10710  0.07825  0.08920 -0.04741 -0.08239 -0.01004
  3   ag          x   0.06436  0.04533 -0.02098 -0.11697 -0.00337 -0.00392
                  y  -0.07037  0.04056 -0.06756  0.02458  0.02754 -0.01223
                  z  -0.10275  0.04940  0.05866 -0.02967 -0.06815 -0.02159
  4   ag          x   0.06427  0.04558 -0.02092 -0.11642 -0.00009 -0.00211
                  y  -0.06243  0.02140 -0.06801 -0.03308  0.00842 -0.00780
                  z  -0.09711  0.02043  0.02854 -0.01188 -0.07153 -0.03782
  5   ag          x   0.06436  0.04476 -0.02200 -0.11511 -0.00197  0.00278
                  y  -0.05279  0.00190 -0.06776 -0.09196 -0.00114  0.00794
                  z  -0.09131 -0.00913 -0.00218  0.00628 -0.05585 -0.04003
  6   ag          x   0.05711  0.06308 -0.01979 -0.06637 -0.00560 -0.00370
                  y  -0.08344  0.06914 -0.06745  0.11079  0.01334 -0.01871
                  z  -0.07473  0.09396  0.12077 -0.05747  0.12081 -0.03835
  7   ag          x   0.05675  0.06541 -0.01712 -0.06865  0.00361 -0.00740
                  y  -0.07908  0.05007 -0.06954  0.05386  0.01638 -0.01126
                  z  -0.07006  0.06527  0.09054 -0.03983  0.06083 -0.03528
  8   ag          x   0.05717  0.06309 -0.01952 -0.06728  0.00453 -0.01074
                  y  -0.06786  0.03103 -0.06845 -0.00389  0.00917 -0.00968
                  z  -0.06487  0.03629  0.06022 -0.02202  0.01197  0.00847
  9   ag          x   0.05725  0.06266 -0.01999 -0.06697 -0.00318 -0.01252
                  y  -0.05905  0.01149 -0.06859 -0.06280  0.00185 -0.00855
                  z  -0.05950  0.00669  0.02927 -0.00383  0.06352  0.01602
 10   ag          x   0.05716  0.06312 -0.01952 -0.06721 -0.02064 -0.00946
                  y  -0.05161 -0.00782 -0.06930 -0.12083 -0.01497 -0.00370
                  z  -0.05421 -0.02249 -0.00124  0.01410  0.12649  0.09512
 11   ag          x   0.05052  0.07803 -0.02092 -0.01623  0.00170 -0.01543
                  y  -0.07756  0.05988 -0.06673  0.08264  0.02078 -0.00971
                  z  -0.03765  0.08105  0.12221 -0.04993  0.07311 -0.00459
 12   ag          x   0.05031  0.07933 -0.01945 -0.01741  0.00435 -0.00932
                  y  -0.07147  0.04056 -0.06807  0.02475  0.01412 -0.00746
                  z  -0.03261  0.05191  0.09163 -0.03202 -0.00844  0.01198
 13   ag          x   0.05031  0.07931 -0.01947 -0.01738  0.00608 -0.01254
                  y  -0.06337  0.02130 -0.06847 -0.03325  0.01743 -0.01097
                  z  -0.02734  0.02276  0.06114 -0.01410  0.00337 -0.00228
 14   ag          x   0.05023  0.07966 -0.01921 -0.01724 -0.00351 -0.01234
                  y  -0.05561  0.00192 -0.06906 -0.09153  0.00710 -0.00906
                  z  -0.02185 -0.00654  0.03059  0.00390  0.00024  0.01712
 15   ag          x   0.05047  0.07871 -0.01989 -0.01776 -0.00991 -0.00912
                  y  -0.04674 -0.01710 -0.06905 -0.14891 -0.03620 -0.01026
                  z  -0.01730 -0.03539  0.00013  0.02164  0.00123  0.00546
 16   ag          x   0.04357  0.09476 -0.02031  0.03326  0.00537 -0.01855
                  y  -0.07379  0.05005 -0.06710  0.05310  0.00935 -0.01097
                  z  -0.00016  0.06741  0.12299 -0.04194  0.03336  0.02909
 17   ag          x   0.04328  0.09618 -0.01901  0.03302  0.02435 -0.01130
                  y  -0.06745  0.03071 -0.06833 -0.00488  0.02062 -0.00834
                  z   0.00547  0.03825  0.09265 -0.02402 -0.03888 -0.00645
 18   ag          x   0.04334  0.09608 -0.01893  0.03244  0.01352 -0.01541
                  y  -0.05955  0.01159 -0.06880 -0.06244  0.01229 -0.00937
                  z   0.01032  0.00930  0.06222 -0.00623 -0.03728 -0.01392
 19   ag          x   0.04349  0.09525 -0.01978  0.03292  0.03383 -0.01251
                  y  -0.05046 -0.00739 -0.06868 -0.11972 -0.01581 -0.01281
                  z   0.01549 -0.01947  0.03211  0.01145  0.01860  0.00038
 20   ag          x   0.04366  0.09463 -0.02017  0.03239  0.04119 -0.00691
                  y  -0.04207 -0.02619 -0.06884 -0.17639 -0.08669 -0.01080
                  z   0.02009 -0.04797  0.00208  0.02897 -0.16315 -0.01783
 21   ag          x   0.03676  0.11049 -0.02097  0.08416  0.01579 -0.03081
                  y  -0.06824  0.04012 -0.06668  0.02301  0.00512 -0.01056
                  z   0.03784  0.05353  0.12374 -0.03381 -0.05875  0.07775
 22   ag          x   0.03630  0.11307 -0.01823  0.08244  0.05095 -0.01811
                  y  -0.06400  0.02114 -0.06880 -0.03362  0.02564 -0.00537
                  z   0.04290  0.02501  0.09387 -0.01628 -0.28195 -0.04627
 23   ag          x   0.03656  0.11172 -0.01959  0.08306  0.08282 -0.01545
                  y  -0.05435  0.00246 -0.06836 -0.09009 -0.01708 -0.01301
                  z   0.04789 -0.00335  0.06415  0.00115  0.15336  0.01316
 24   ag          x   0.03679  0.11038 -0.02103  0.08403  0.08975 -0.01646
                  y  -0.04448 -0.01646 -0.06787 -0.14733 -0.05716 -0.01783
                  z   0.05316 -0.03209  0.03413  0.01881  0.15459  0.00238
 25   ag          x   0.06682  0.02544 -0.04663 -0.08759 -0.00663 -0.00596
                  y  -0.04845  0.07145 -0.05081  0.11286 -0.02692  0.01742
                  z  -0.10086  0.09469  0.11035 -0.05762 -0.00104 -0.01538
 26   ag          x   0.06682  0.02544 -0.04663 -0.08759  0.00091 -0.01019
                  y  -0.04022  0.05179 -0.05124  0.05366 -0.02723  0.01420
                  z  -0.09549  0.06493  0.07923 -0.03933 -0.08889 -0.01026
 27   ag          x   0.06682  0.02544 -0.04663 -0.08759  0.00193 -0.01279
                  y  -0.03199  0.03212 -0.05166 -0.00554  0.00619  0.00823
                  z  -0.09012  0.03517  0.04810 -0.02104 -0.06680 -0.02158
 28   ag          x   0.06682  0.02544 -0.04663 -0.08759  0.01178 -0.00885
                  y  -0.02376  0.01245 -0.05209 -0.06474  0.02335 -0.00653
                  z  -0.08476  0.00541  0.01698 -0.00276 -0.04022 -0.03454
 29   ag          x   0.05969  0.04247 -0.04626 -0.03632 -0.00608 -0.00062
                  y  -0.04434  0.06162 -0.05102  0.08326 -0.02863  0.01810
                  z  -0.06222  0.08106  0.11165 -0.04965  0.10913 -0.02847
 30   ag          x   0.05969  0.04247 -0.04626 -0.03632 -0.01413  0.00139
                  y  -0.03610  0.04195 -0.05145  0.02406 -0.02141  0.00978
                  z  -0.05686  0.05130  0.08053 -0.03137  0.03940 -0.01165
 31   ag          x   0.05969  0.04247 -0.04626 -0.03632  0.01936  0.00241
                  y  -0.02787  0.02229 -0.05188 -0.03514 -0.00144 -0.00760
                  z  -0.05149  0.02154  0.04940 -0.01308  0.05309  0.00214
 32   ag          x   0.05969  0.04247 -0.04626 -0.03632  0.04230  0.01734
                  y  -0.01964  0.00262 -0.05230 -0.09434  0.02104 -0.03138
                  z  -0.04612 -0.00821  0.01828  0.00521  0.08685  0.04617
 33   ag          x   0.05256  0.05950 -0.04589  0.01495 -0.03409  0.00215
                  y  -0.04022  0.05179 -0.05124  0.05366 -0.02138  0.01498
                  z  -0.02359  0.06744  0.11295 -0.04169  0.03729  0.01518
 34   ag          x   0.05256  0.05950 -0.04589  0.01495 -0.01669 -0.00280
                  y  -0.03199  0.03212 -0.05166 -0.00554 -0.03197 -0.00540
                  z  -0.01822  0.03768  0.08183 -0.02340 -0.01621 -0.00352
 35   ag          x   0.05256  0.05950 -0.04589  0.01495  0.01572  0.00626
                  y  -0.02376  0.01245 -0.05209 -0.06474 -0.00503 -0.02556
                  z  -0.01286  0.00792  0.05070 -0.00512 -0.03254  0.00505
 36   ag          x   0.05256  0.05950 -0.04589  0.01495  0.02095 -0.00181
                  y  -0.01553 -0.00721 -0.05252 -0.12394  0.08153 -0.01611
                  z  -0.00749 -0.02184  0.01958  0.01317  0.00687  0.00504
 37   ag          x   0.04543  0.07653 -0.04552  0.06622 -0.03493  0.00214
                  y  -0.03610  0.04195 -0.05145  0.02406 -0.04565  0.01820
                  z   0.01504  0.05381  0.11425 -0.03373 -0.01377  0.04678
 38   ag          x   0.04543  0.07653 -0.04552  0.06622 -0.02356  0.00057
                  y  -0.02787  0.02229 -0.05188 -0.03514 -0.07266 -0.02342
                  z   0.02041  0.02405  0.08313 -0.01544 -0.13715 -0.02711
 39   ag          x   0.04543  0.07653 -0.04552  0.06622 -0.04610 -0.00600
                  y  -0.01964  0.00262 -0.05230 -0.09434  0.05107 -0.01237
                  z   0.02578 -0.00571  0.05200  0.00285  0.05782  0.00295
 40   ag          x   0.04543  0.07653 -0.04552  0.06622 -0.05402 -0.00792
                  y  -0.01141 -0.01704 -0.05273 -0.15354  0.14936 -0.01294
                  z   0.03114 -0.03546  0.02088  0.02114 -0.01712 -0.00652
 41   c           x   0.04556  0.11111  0.01803 -0.05193 -0.07286  0.10601
                  y  -0.13244  0.06479 -0.09100  0.10458 -0.12544  0.08988
                  z  -0.04843  0.09091  0.12865 -0.05588  0.06684  0.00365
 42   n           x   0.04336  0.11579  0.01707 -0.03408 -0.09050  0.10510
                  y  -0.12762  0.05678 -0.09050  0.08027 -0.10580  0.09370
                  z  -0.03416  0.07913  0.12155 -0.04878  0.02930  0.01513
 43   c           x   0.03940  0.12474  0.01637 -0.00398 -0.11192  0.10021
                  y  -0.12682  0.05782 -0.08991  0.08323 -0.10324  0.09214
                  z  -0.01370  0.08136  0.13285 -0.05039  0.07347  0.01045
 44   c           x   0.04512  0.11110  0.01609 -0.04513 -0.08168  0.10632
                  y  -0.12288  0.04834 -0.09013  0.05472 -0.08445  0.09812
                  z  -0.03996  0.06602  0.10433 -0.04064  0.02330  0.01057
 45   c           x   0.04301  0.11553  0.01509 -0.02789 -0.09533  0.10344
                  y  -0.11805  0.04043 -0.08960  0.03070 -0.06667  0.10372
                  z  -0.02617  0.05438  0.09718 -0.03361  0.01441  0.01524
 46   c           x   0.04467  0.11146  0.01484 -0.03956 -0.08652  0.10531
                  y  -0.11420  0.03178 -0.08968  0.00462 -0.04795  0.10924
                  z  -0.03205  0.04099  0.07960 -0.02529  0.00217  0.01996
 47   c           x   0.04859  0.10262  0.01556 -0.06944 -0.06448  0.10943
                  y  -0.11489  0.03039 -0.09030  0.00060 -0.04472  0.10965
                  z  -0.05225  0.03823  0.06782 -0.02336  0.01042  0.01882
 48   c           x   0.05081  0.09742  0.01565 -0.08577 -0.05126  0.11262
                  y  -0.11857  0.03854 -0.09025  0.02519 -0.06342  0.10407
                  z  -0.06585  0.05019  0.07541 -0.03058  0.02049  0.00321
 49   c           x   0.04916  0.10151  0.01600 -0.07440 -0.06002  0.11110
                  y  -0.12253  0.04713 -0.09023  0.05110 -0.08243  0.09888
                  z  -0.06011  0.06349  0.09282 -0.03884  0.02366  0.00128
 50   n           x   0.05023  0.09921  0.01642 -0.08299 -0.05440  0.11042
                  y  -0.11280  0.02232 -0.09107 -0.02351 -0.02548  0.11497
                  z  -0.05917  0.02577  0.05085 -0.01560  0.02030  0.02838
 51   c           x   0.04839  0.10349  0.01631 -0.06939 -0.06541  0.10832
                  y  -0.10917  0.01432 -0.09111 -0.04764 -0.00683  0.12004
                  z  -0.04753  0.01397  0.04260 -0.00846  0.02232  0.04038
 52   c           x   0.05044  0.09907  0.01706 -0.08571 -0.05355  0.10793
                  y  -0.10690  0.00609 -0.09183 -0.07225  0.01345  0.12398
                  z  -0.05638  0.00120  0.02444 -0.00048  0.04508  0.06783
 53   c           x   0.04887  0.10264  0.01681 -0.07379 -0.06268  0.10655
                  y  -0.10287 -0.00245 -0.09181 -0.09803  0.03304  0.12555
                  z  -0.04583 -0.01147  0.01475  0.00721  0.04580  0.06872
 54   c           x   0.04495  0.11151  0.01613 -0.04400 -0.08390  0.10441
                  y  -0.10122 -0.00351 -0.09128 -0.10138  0.03422  0.12416
                  z  -0.02500 -0.01242  0.02263  0.00756  0.01819  0.03781
 55   n           x   0.04318  0.11612  0.01687 -0.03241 -0.09195  0.10451
                  y  -0.09858 -0.01195 -0.09187 -0.12665  0.05216  0.12569
                  z  -0.01431 -0.02484  0.01327  0.01510  0.00569  0.01939
 56   c           x   0.04527  0.11191  0.01821 -0.05010 -0.08208  0.10598
                  y  -0.09711 -0.02015 -0.09295 -0.15106  0.07467  0.12721
                  z  -0.02390 -0.03755 -0.00513  0.02304  0.06160  0.01815
 57   c           x   0.03890  0.12681  0.01794 -0.00317 -0.11237  0.10679
                  y  -0.09939 -0.01275 -0.09241 -0.12891  0.05497  0.12632
                  z   0.00675 -0.02526  0.02185  0.01512 -0.01804  0.00085
 58   c           x   0.04289  0.11584  0.01514 -0.02714 -0.09626  0.10427
                  y  -0.10311  0.00459 -0.09041 -0.07720  0.01418  0.12116
                  z  -0.01583  0.00016  0.04070 -0.00030  0.00297  0.02207
 59   c           x   0.04455  0.11201  0.01528 -0.03944 -0.08708  0.10459
                  y  -0.10701  0.01317 -0.09036 -0.05133 -0.00545  0.11928
                  z  -0.02671  0.01286  0.05030 -0.00801  0.00560  0.02680
 60   s           x   0.04197  0.11671  0.01277 -0.01606 -0.10276  0.10208
                  y  -0.10736  0.02263 -0.08849 -0.02333 -0.03061  0.11124
                  z  -0.01396  0.02753  0.07226 -0.01720 -0.01527  0.01233
 61   h           x   0.04904  0.09738  0.00795 -0.05868 -0.06953  0.10479
                  y  -0.11953  0.06624 -0.08474  0.10712 -0.15644  0.10539
                  z  -0.05754  0.09210  0.12606 -0.05651  0.08641 -0.00548
 62   h           x   0.04589  0.11547  0.02735 -0.07148 -0.05376  0.11017
                  y  -0.14483  0.06392 -0.09691  0.10371 -0.09889  0.07662
                  z  -0.05814  0.08992  0.12336 -0.05516  0.08693 -0.00727
 63   h           x   0.04349  0.11682  0.01951 -0.03956 -0.08452  0.10583
                  y  -0.13683  0.07079 -0.09174  0.12289 -0.13879  0.08691
                  z  -0.04084  0.10041  0.14258 -0.06182  0.05219  0.01723
 64   h           x   0.03848  0.12748  0.01735  0.00098 -0.11803  0.10051
                  y  -0.13112  0.06505 -0.09034  0.10518 -0.12445  0.09053
                  z  -0.01182  0.09251  0.14618 -0.05728  0.06435  0.01884
 65   h           x   0.03642  0.13663  0.02519  0.00149 -0.13443  0.10720
                  y  -0.13689  0.05360 -0.09546  0.07216 -0.12201  0.09755
                  z  -0.00522  0.07586  0.13032 -0.04709  0.10189  0.00184
 66   h           x   0.04015  0.11718  0.00578  0.01012 -0.10469  0.09068
                  y  -0.11156  0.05576 -0.08331  0.07507 -0.06537  0.08730
                  z  -0.00750  0.07769  0.13139 -0.04819  0.09435  0.00367
 67   h           x   0.03999  0.12245  0.01470 -0.00516 -0.11250  0.09929
                  y  -0.11755  0.04102 -0.08924  0.03235 -0.06807  0.10339
                  z  -0.01060  0.05577  0.10543 -0.03465  0.01578  0.01402
 68   h           x   0.05385  0.09037  0.01589 -0.10838 -0.03460  0.11752
                  y  -0.11874  0.03764 -0.09052  0.02254 -0.06113  0.10430
                  z  -0.08129  0.04830  0.06665 -0.02924  0.02757 -0.00552
 69   h           x   0.05099  0.09732  0.01625 -0.08823 -0.04902  0.11212
                  y  -0.12549  0.05306 -0.09032  0.06899 -0.09603  0.09665
                  z  -0.07128  0.07214  0.09774 -0.04405  0.04003 -0.01552
 70   h           x   0.05339  0.09251  0.01781 -0.10860 -0.03702  0.10926
                  y  -0.10845  0.00686 -0.09238 -0.06977  0.01306  0.12522
                  z  -0.07228  0.00188  0.01837 -0.00072  0.06357  0.08505
 71   h           x   0.05059  0.09894  0.01748 -0.08758 -0.05305  0.10692
                  y  -0.10138 -0.00848 -0.09241 -0.11602  0.04832  0.12877
                  z  -0.05355 -0.02085  0.00088  0.01308  0.06647  0.09335
 72   h           x   0.04507  0.11802  0.02851 -0.06768 -0.08425  0.13444
                  y  -0.11092 -0.02071 -0.09945 -0.15086  0.12691  0.16773
                  z  -0.03193 -0.03796 -0.00904  0.02339  0.09227  0.04165
 73   h           x   0.04349  0.11593  0.01788 -0.03652 -0.09113  0.10730
                  y  -0.09400 -0.02621 -0.09282 -0.16939  0.08536  0.12181
                  z  -0.01289 -0.04643 -0.01038  0.02840  0.03376 -0.04008
 74   h           x   0.04891  0.09829  0.00905 -0.05975 -0.06175  0.07438
                  y  -0.08483 -0.02023 -0.08730 -0.15297  0.03146  0.09163
                  z  -0.03426 -0.03868 -0.01085  0.02386  0.10219  0.04719
 75   h           x   0.03800  0.12922  0.01848  0.00234 -0.11489  0.10694
                  y  -0.09702 -0.02004 -0.09289 -0.15077  0.07342  0.12339
                  z   0.01280 -0.03612  0.01225  0.02175 -0.07882  0.01711
 76   h           x   0.03608  0.13882  0.02773 -0.00073 -0.07525  0.09266
                  y  -0.11385 -0.00968 -0.09843 -0.11787  0.06130  0.14006
                  z   0.01151 -0.01973  0.03011  0.01166  0.00128 -0.01362
 77   h           x   0.03920  0.12077  0.00824  0.01251 -0.16437  0.12437
                  y  -0.08759 -0.00935 -0.08624 -0.12046  0.03304  0.11739
                  z   0.01292 -0.02056  0.02978  0.01215 -0.00437 -0.01307
 78   h           x   0.03994  0.12239  0.01437 -0.00419 -0.11387  0.10411
                  y  -0.10167  0.00416 -0.08983 -0.07865  0.01440  0.12005
                  z   0.00000  0.00000  0.04733 -0.00038 -0.00666  0.00546

reduced mass(g/mol)    44.479   42.644   49.964   56.879   44.942   12.153


       mode              13       14       15       16       17       18

     frequency          13.81    14.66    16.53    20.59    23.72    25.43

     symmetry            a        a        a        a        a        a   

        IR               YES      YES      YES      YES      YES      YES
|dDIP/dQ|   (a.u.)     0.0001   0.0001   0.0002   0.0002   0.0001   0.0003
intensity (km/mol)       0.02     0.01     0.10     0.06     0.03     0.12
intensity (  %   )       0.01     0.01     0.04     0.02     0.01     0.05
 
       RAMAN             YES      YES      YES      YES      YES      YES
         (par,par)     100.00    57.59     5.42    18.57     1.86     5.07
         (ort,ort)     100.00    56.59     4.04    17.26     0.89    10.67
       (ort,unpol)     100.00    56.85     4.40    17.60     1.14     9.21
     depol. ratio        0.35     0.36     0.47     0.38     0.74     0.17
 
  1   ag          x  -0.02066 -0.03480  0.00990 -0.03318  0.00115 -0.09204
                  y   0.02783  0.02666 -0.00441 -0.01107  0.06857  0.02398
                  z   0.02256 -0.10904 -0.01188 -0.25369  0.19179 -0.18010
  2   ag          x  -0.01666 -0.02880  0.00975 -0.02338  0.00538 -0.06384
                  y   0.01535  0.02476  0.01261 -0.01165  0.02520  0.00540
                  z   0.00184 -0.10954 -0.06426  0.02123 -0.03814 -0.01052
  3   ag          x  -0.01480 -0.02685  0.00289 -0.00923 -0.00221 -0.02076
                  y   0.00118  0.00858  0.01081 -0.00113 -0.01998 -0.03212
                  z   0.00124 -0.03537 -0.03876  0.10152 -0.09490  0.10476
  4   ag          x  -0.01526 -0.02345  0.00780  0.01361 -0.01858 -0.00457
                  y  -0.00395 -0.00104  0.00016  0.01746 -0.03821  0.01406
                  z   0.01932  0.02312 -0.02982  0.08444 -0.04593  0.11649
  5   ag          x  -0.02085 -0.02056  0.00957  0.04226 -0.02956  0.01892
                  y  -0.03176 -0.00570 -0.00237  0.06740 -0.03000  0.09633
                  z   0.05042  0.05266 -0.02708 -0.05084  0.13245  0.07928
  6   ag          x  -0.00833 -0.02631 -0.00340 -0.00119  0.01149 -0.04573
                  y   0.01626  0.01829  0.00167 -0.02323  0.04593  0.00896
                  z   0.03725  0.02417  0.06763 -0.14514  0.16241  0.13873
  7   ag          x  -0.00098 -0.01942  0.00375 -0.01765  0.02573 -0.02042
                  y   0.00432  0.00177  0.00476 -0.01100  0.00222 -0.01379
                  z  -0.00614  0.02232  0.02458  0.10125 -0.07158 -0.13786
  8   ag          x  -0.00126 -0.01206  0.00511 -0.00487 -0.00165 -0.02312
                  y  -0.00479 -0.00345 -0.00196  0.00133 -0.02100  0.00022
                  z  -0.01827  0.04555  0.02523  0.12198 -0.14065 -0.19120
  9   ag          x   0.01227 -0.00648  0.00505  0.00536 -0.02639 -0.02877
                  y  -0.00297 -0.00206 -0.00520  0.01475 -0.02387  0.04840
                  z  -0.05586  0.05818  0.00864  0.04375  0.06139 -0.16501
 10   ag          x   0.01617 -0.00286  0.00523  0.02973 -0.03143 -0.00042
                  y  -0.01759 -0.00475 -0.00126  0.05646 -0.02331  0.08054
                  z  -0.21257  0.02005 -0.00482  0.03958  0.15583  0.16935
 11   ag          x  -0.00059 -0.00655 -0.00854  0.00829  0.01973 -0.02093
                  y   0.00793  0.01271  0.00593 -0.02028  0.02975  0.01945
                  z   0.01138  0.02969  0.01204  0.02351  0.03207  0.11233
 12   ag          x  -0.00059 -0.00729 -0.00201  0.00271  0.01353  0.00259
                  y  -0.00059  0.00121 -0.00227  0.00254 -0.01195 -0.02826
                  z  -0.01417  0.02233 -0.00310  0.15090 -0.09830 -0.11381
 13   ag          x  -0.00096 -0.00006  0.00053  0.00467 -0.00566 -0.00712
                  y  -0.01014 -0.00039 -0.00497  0.00363 -0.01915 -0.01311
                  z  -0.02709  0.03202  0.00465 -0.01041 -0.03492 -0.11920
 14   ag          x  -0.00184  0.00032  0.00151  0.02205 -0.01250  0.01922
                  y  -0.02103 -0.00312 -0.00252  0.01238 -0.01829  0.04460
                  z  -0.01090 -0.00484  0.01147 -0.08759 -0.05527  0.14842
 15   ag          x  -0.00080 -0.00475  0.00609  0.05303 -0.01082  0.04641
                  y   0.00296 -0.00371  0.00036  0.04989 -0.02407  0.05954
                  z   0.11751 -0.02010  0.00400 -0.23521 -0.22120  0.07872
 16   ag          x   0.00189  0.00406 -0.00191  0.00961 -0.00075  0.02656
                  y   0.00604  0.00996 -0.00180 -0.00366  0.00561 -0.01686
                  z  -0.02696 -0.00036 -0.01513  0.04310 -0.02436  0.09868
 17   ag          x  -0.00239  0.00061 -0.00304  0.01024 -0.01601  0.03577
                  y  -0.00333 -0.00134 -0.00446  0.00458 -0.01098 -0.03557
                  z  -0.03416  0.03018  0.00114 -0.04165 -0.05193 -0.06119
 18   ag          x  -0.00633  0.01080 -0.00156  0.00622 -0.02335  0.03512
                  y  -0.01719 -0.00355 -0.00379 -0.01299 -0.01835  0.01304
                  z   0.00298  0.01642  0.02666 -0.02492 -0.00874  0.03344
 19   ag          x   0.00299  0.00302  0.00058  0.04410 -0.02500  0.05568
                  y  -0.00518 -0.00068 -0.00343 -0.01400 -0.03639  0.04955
                  z   0.08898 -0.05696  0.01922 -0.00808 -0.03365  0.03333
 20   ag          x  -0.00738  0.00226 -0.00051  0.04350 -0.03340  0.07201
                  y  -0.00039 -0.01070  0.00320  0.10167  0.02398  0.05167
                  z   0.01924 -0.05606 -0.02459  0.13441  0.22658 -0.14423
 21   ag          x   0.00795  0.03719 -0.00076  0.02027 -0.03760  0.07727
                  y   0.00434  0.00302 -0.00513  0.00784 -0.00045 -0.02906
                  z  -0.08176 -0.07930 -0.04174 -0.04057  0.00479  0.10403
 22   ag          x   0.00263  0.01787 -0.00793  0.02221 -0.04648  0.06141
                  y  -0.00972 -0.01110 -0.00586 -0.00333 -0.01253 -0.01652
                  z  -0.02620  0.13865  0.05617 -0.12313  0.05381  0.04613
 23   ag          x   0.00831  0.00811 -0.01281  0.03443 -0.05544  0.06378
                  y  -0.01688 -0.00268 -0.00251 -0.03296 -0.02732  0.02659
                  z   0.16302 -0.07146  0.04261  0.34079  0.11962  0.03543
 24   ag          x  -0.00838  0.01440 -0.02433 -0.02003 -0.07833  0.06645
                  y   0.00148 -0.00514 -0.00282  0.03472 -0.00265  0.05905
                  z  -0.01490 -0.02804 -0.07116 -0.20987 -0.05545 -0.14394
 25   ag          x  -0.02219  0.01025  0.00760  0.05587 -0.04743  0.06162
                  y  -0.00733  0.00249 -0.03095  0.05029  0.00489 -0.00427
                  z   0.01486 -0.08415 -0.01679 -0.16178  0.13053 -0.06402
 26   ag          x  -0.01156  0.02182  0.01656  0.02155  0.00087  0.05437
                  y  -0.01891 -0.01054 -0.02871  0.02738  0.00098 -0.00740
                  z  -0.00690 -0.07937 -0.06366  0.06708 -0.05611  0.05910
 27   ag          x  -0.00803  0.01803  0.01387 -0.01126  0.03983  0.01643
                  y  -0.01979 -0.00474 -0.00311 -0.00326  0.01027 -0.04438
                  z  -0.00101 -0.00321 -0.02964  0.10673 -0.08066  0.08296
 28   ag          x   0.00256  0.00858  0.01048 -0.05299  0.07696  0.00242
                  y  -0.00753 -0.00114  0.00558 -0.02994  0.00065 -0.05187
                  z   0.03482  0.04102 -0.02222 -0.00280  0.05782  0.03308
 29   ag          x  -0.01958  0.00999  0.00404  0.02358 -0.00048  0.02047
                  y  -0.01681 -0.01207 -0.03816  0.04985 -0.02082 -0.00790
                  z   0.02111  0.04131  0.05557 -0.07924  0.10956  0.14851
 30   ag          x  -0.01654  0.00850  0.00325  0.00124  0.02947  0.01344
                  y  -0.02290 -0.01107 -0.01787  0.00266  0.00396  0.01109
                  z  -0.00631  0.04571  0.01783  0.14557 -0.14540 -0.22882
 31   ag          x  -0.02172  0.00574  0.00271 -0.01399  0.06184 -0.00298
                  y  -0.00865 -0.00169  0.00153 -0.01136  0.01084 -0.02729
                  z  -0.03466  0.05309  0.01544  0.04305 -0.03356 -0.21936
 32   ag          x  -0.04526 -0.00830 -0.00509 -0.02947  0.04683  0.00969
                  y   0.03545  0.00539  0.00863 -0.03618  0.00387 -0.04667
                  z  -0.12071  0.03027  0.00807  0.00920  0.09132  0.04609
 33   ag          x  -0.01639 -0.00400 -0.00711  0.00632  0.00060 -0.03728
                  y  -0.02501 -0.01705 -0.02578  0.00861 -0.00484  0.01514
                  z  -0.01155  0.01972  0.00348  0.04972 -0.01449  0.07534
 34   ag          x  -0.01329  0.00370  0.00019 -0.03427  0.02038 -0.02675
                  y  -0.01538  0.00080 -0.00689 -0.02499  0.01414 -0.00346
                  z  -0.01806  0.03436  0.00180  0.02452 -0.06874 -0.13153
 35   ag          x  -0.00366 -0.01219 -0.00187 -0.04818  0.00131 -0.01856
                  y   0.01909  0.01015  0.01478  0.01454  0.05123 -0.03392
                  z  -0.01698  0.00942  0.01579 -0.05683 -0.02098  0.06244
 36   ag          x   0.01119 -0.00540 -0.00805 -0.13100 -0.06170 -0.05848
                  y   0.00751 -0.00358  0.00352  0.00435  0.03542 -0.04520
                  z   0.09233 -0.03513  0.01201 -0.14569 -0.15121  0.10933
 37   ag          x  -0.01404 -0.01657 -0.00446 -0.02405  0.01366 -0.04400
                  y  -0.03008 -0.03366 -0.02694 -0.01170  0.01302  0.02167
                  z  -0.04915 -0.03508 -0.02212 -0.01530 -0.01792  0.05509
 38   ag          x  -0.00616 -0.01168 -0.00062 -0.03450  0.01893 -0.04766
                  y  -0.01066  0.03049  0.01159 -0.03545  0.05303 -0.00478
                  z  -0.02034  0.07452  0.03356 -0.10558  0.00015 -0.00651
 39   ag          x   0.01500 -0.01835  0.00595 -0.00939  0.03894 -0.07619
                  y   0.02585 -0.00953  0.01576  0.09926  0.09311 -0.01638
                  z   0.10817 -0.05677  0.03224  0.15562  0.04027  0.05701
 40   ag          x   0.01841 -0.02348  0.01136  0.05703  0.11885 -0.10321
                  y  -0.00104  0.01232 -0.02944 -0.21217 -0.12777 -0.05287
                  z   0.00474 -0.04455 -0.04081 -0.02275  0.07399 -0.07389
 41   c           x   0.09579  0.06072 -0.02896 -0.01868  0.02066  0.00526
                  y  -0.06809 -0.17923  0.25126 -0.07222 -0.13855 -0.02753
                  z   0.03782  0.04694  0.00098  0.02061  0.03763  0.07353
 42   n           x   0.07694  0.03547 -0.00190 -0.02057 -0.00321  0.00350
                  y  -0.04517 -0.14650  0.21398 -0.06400 -0.11258 -0.02974
                  z   0.00884  0.02622  0.00910  0.05668 -0.01736  0.03239
 43   c           x   0.04863 -0.00333  0.04141 -0.02766 -0.03791  0.00710
                  y  -0.04675 -0.14760  0.21631 -0.06458 -0.11465 -0.02644
                  z   0.01920  0.05341 -0.02268  0.06201 -0.00372  0.08733
 44   c           x   0.08771  0.05075 -0.01849 -0.01783  0.00866 -0.00125
                  y  -0.01951 -0.11067  0.17493 -0.05814 -0.08306 -0.03263
                  z  -0.00085  0.02076  0.02009  0.06216 -0.03820 -0.02676
 45   c           x   0.07038  0.02771  0.00549 -0.02088 -0.01090 -0.00119
                  y   0.00486 -0.07683  0.13897 -0.05314 -0.05637 -0.03464
                  z  -0.00357  0.02250  0.01480  0.05582 -0.04648 -0.03595
 46   c           x   0.08176  0.04344 -0.01166 -0.01734  0.00155 -0.00431
                  y   0.03004 -0.04165  0.10166 -0.04688 -0.02875 -0.03974
                  z  -0.01500  0.01637  0.02240  0.04291 -0.04870 -0.07245
 47   c           x   0.11075  0.08444 -0.05452 -0.01078  0.03193 -0.01060
                  y   0.03312 -0.03605  0.09659 -0.04647 -0.02436 -0.04287
                  z  -0.02517  0.01582  0.02980  0.04313 -0.04267 -0.10172
 48   c           x   0.12683  0.10723 -0.07801 -0.00782  0.05080 -0.01301
                  y   0.00878 -0.07042  0.13226 -0.05142 -0.05155 -0.03851
                  z  -0.02740  0.00782  0.04040  0.05919 -0.04945 -0.11283
 49   c           x   0.11603  0.09097 -0.06104 -0.01100  0.03929 -0.00915
                  y  -0.01598 -0.10579  0.16986 -0.05686 -0.07988 -0.03395
                  z  -0.01277  0.00951  0.03700  0.06791 -0.04857 -0.07606
 50   n           x   0.12372  0.10266 -0.07251 -0.00743  0.04396 -0.01434
                  y   0.05685 -0.00128  0.06174 -0.04211  0.00168 -0.04855
                  z  -0.03176  0.02645  0.02164  0.02818 -0.02655 -0.10302
 51   c           x   0.10979  0.08333 -0.05330 -0.00897  0.02981 -0.01314
                  y   0.08292  0.03376  0.02579 -0.04028  0.02680 -0.04982
                  z  -0.01555  0.03445  0.01074  0.00063 -0.02049 -0.07332
 52   c           x   0.12540  0.10528 -0.07564 -0.00602  0.04430 -0.01797
                  y   0.10789  0.06996 -0.01118 -0.03887  0.05232 -0.05320
                  z  -0.01166  0.05473 -0.00401 -0.03329  0.00597 -0.04055
 53   c           x   0.11260  0.08869 -0.05900 -0.00681  0.03314 -0.01579
                  y   0.13489  0.10500 -0.04811 -0.03742  0.07602 -0.05686
                  z   0.00042  0.04638 -0.00937 -0.06539  0.00449  0.01152
 54   c           x   0.08272  0.04874 -0.01684 -0.01200  0.00496 -0.00976
                  y   0.13816  0.10788 -0.05212 -0.03636  0.07797 -0.05597
                  z   0.00744  0.01266  0.00152 -0.05878 -0.02616  0.02741
 55   n           x   0.07177  0.03378  0.00020 -0.01346 -0.00705 -0.01045
                  y   0.16402  0.14269 -0.08937 -0.03367  0.10234 -0.06130
                  z   0.00739 -0.02020  0.00771 -0.07491 -0.04383  0.08060
 56   c           x   0.08546  0.05707 -0.02369 -0.00482  0.01449 -0.01636
                  y   0.18861  0.17853 -0.12589 -0.03129  0.12807 -0.06766
                  z   0.04845 -0.00319 -0.00208 -0.14525 -0.07819  0.09300
 57   c           x   0.04090 -0.00349  0.04267 -0.01877 -0.03625 -0.00380
                  y   0.16413  0.14698 -0.09284 -0.03483  0.10425 -0.06055
                  z   0.05942 -0.04643  0.01495 -0.05246 -0.05037  0.03444
 58   c           x   0.06711  0.02592  0.00627 -0.01655 -0.01025 -0.00426
                  y   0.11395  0.07306 -0.01648 -0.03789  0.05360 -0.05192
                  z   0.01012  0.01073  0.00671 -0.02709 -0.03860 -0.01379
 59   c           x   0.07948  0.04306 -0.01146 -0.01455  0.00120 -0.00820
                  y   0.08685  0.03742  0.02095 -0.03925  0.02942 -0.04899
                  z  -0.00171  0.02161  0.01087 -0.00173 -0.03597 -0.05381
 60   s           x   0.06002  0.01315  0.01912 -0.02263 -0.02042 -0.00072
                  y   0.05430 -0.00557  0.05999 -0.03948  0.00072 -0.03905
                  z  -0.02673  0.00335  0.01197  0.03904 -0.03919 -0.04481
 61   h           x   0.08549  0.06145 -0.03972  0.01271 -0.00412 -0.03668
                  y  -0.07304 -0.18509  0.25395 -0.07036 -0.15074 -0.01614
                  z   0.04257  0.05032  0.00090  0.01603  0.04783  0.07226
 62   h           x   0.12934  0.09354 -0.05730 -0.04061  0.07218  0.04219
                  y  -0.06501 -0.17629  0.25092 -0.07258 -0.13109 -0.03959
                  z   0.03787  0.04702  0.00260  0.02211  0.03967  0.06153
 63   h           x   0.08626  0.04493 -0.01013 -0.02597  0.01069  0.01248
                  y  -0.08501 -0.20365  0.27897 -0.07756 -0.15829 -0.02673
                  z   0.05635  0.05924 -0.00674 -0.00331  0.06678  0.11902
 64   h           x   0.04186 -0.01247  0.04982 -0.02732 -0.04471  0.01142
                  y  -0.06956 -0.17993  0.25053 -0.06915 -0.14142 -0.02410
                  z   0.00718  0.04181 -0.02573  0.08057 -0.00435  0.13298
 65   h           x   0.02719 -0.03169  0.06000 -0.01800 -0.05243  0.03850
                  y  -0.04146 -0.14916  0.21766 -0.06584 -0.10841 -0.05682
                  z   0.03122  0.07458 -0.03672  0.05573  0.00286  0.08508
 66   h           x   0.05212 -0.00016  0.05091 -0.04430 -0.04565 -0.02480
                  y  -0.03188 -0.11653  0.18065 -0.05856 -0.09593  0.00587
                  z   0.02783  0.06879 -0.03348  0.05764  0.00161  0.08716
 67   h           x   0.04909 -0.00244  0.03710 -0.02640 -0.03505  0.00280
                  y   0.00359 -0.07895  0.14075 -0.05357 -0.05800 -0.03280
                  z   0.00489  0.02829  0.00003  0.05656 -0.04242 -0.00272
 68   h           x   0.14855  0.13755 -0.10976 -0.00285  0.07548 -0.01635
                  y   0.01102 -0.06696  0.12876 -0.05051 -0.04884 -0.04010
                  z  -0.03800  0.00319  0.04898  0.06822 -0.05812 -0.14715
 69   h           x   0.12881  0.10962 -0.08119 -0.00676  0.05362 -0.01220
                  y  -0.03286 -0.13042  0.19639 -0.06150 -0.09887 -0.03027
                  z  -0.01324  0.00749  0.04037  0.08428 -0.05330 -0.08602
 70   h           x   0.14796  0.13637 -0.10787 -0.00263  0.06474 -0.02331
                  y   0.10477  0.06806 -0.00810 -0.03915  0.05178 -0.05376
                  z  -0.01903  0.07473 -0.01014 -0.03244  0.02766 -0.05664
 71   h           x   0.12583  0.10679 -0.07763 -0.00406  0.04530 -0.01952
                  y   0.15264  0.13118 -0.07464 -0.03615  0.09538 -0.05856
                  z  -0.00234  0.06220 -0.02216 -0.08669  0.03275  0.04227
 72   h           x   0.09720  0.09309 -0.04564  0.03038  0.07188 -0.05585
                  y   0.23847  0.23105 -0.14579 -0.06679  0.15628 -0.10629
                  z   0.07829  0.02724 -0.01355 -0.16664 -0.06237  0.07023
 73   h           x   0.07502  0.04016 -0.00509 -0.00971  0.00065 -0.01411
                  y   0.20061  0.19801 -0.15020 -0.02500  0.14286 -0.06669
                  z   0.00871 -0.06260  0.01818 -0.15109 -0.14435  0.15953
 74   h           x   0.09456  0.05411 -0.03896 -0.02867 -0.01444  0.01665
                  y   0.14668  0.13500 -0.11032  0.00063  0.10637 -0.03377
                  z   0.08861  0.03563 -0.01727 -0.17628 -0.06113  0.06509
 75   h           x   0.03604 -0.00952  0.05061 -0.02038 -0.04349 -0.00522
                  y   0.18445  0.17559 -0.12382 -0.03009  0.12398 -0.06632
                  z   0.04592 -0.08441  0.02248 -0.04648 -0.00420  0.10108
 76   h           x   0.04937  0.01292  0.04955 -0.02086 -0.08141 -0.06389
                  y   0.12065  0.14856 -0.08223 -0.05335  0.09842 -0.02297
                  z   0.08403 -0.03742  0.01412 -0.04582 -0.07445 -0.01746
 77   h           x   0.01445 -0.04265  0.06189 -0.02293 -0.00934  0.05863
                  y   0.18849  0.12054 -0.07609 -0.02079  0.09260 -0.08968
                  z   0.08583 -0.04151  0.01481 -0.04345 -0.07104 -0.01391
 78   h           x   0.04501 -0.00452  0.03790 -0.01988 -0.02961  0.00115
                  y   0.11618  0.07389 -0.01836 -0.03779  0.05344 -0.05066
                  z   0.02000 -0.00370  0.00854 -0.02828 -0.05829  0.00608

reduced mass(g/mol)    23.680   18.593   10.646   76.671   56.574   73.437


       mode              19       20       21       22       23       24

     frequency          27.84    28.01    28.66    31.37    32.24    33.94

     symmetry            a        a        a        a        a        a   

        IR               YES      YES      YES      YES      YES      YES
|dDIP/dQ|   (a.u.)     0.0002   0.0002   0.0002   0.0002   0.0003   0.0001
intensity (km/mol)       0.06     0.08     0.08     0.05     0.15     0.04
intensity (  %   )       0.02     0.03     0.03     0.02     0.06     0.02
 
       RAMAN             YES      YES      YES      YES      YES      YES
         (par,par)       1.31    19.70     6.68     3.00     1.30     1.50
         (ort,ort)       1.54    22.85    11.80     2.07     0.63     1.98
       (ort,unpol)       1.48    22.03    10.46     2.31     0.80     1.86
     depol. ratio        0.30     0.30     0.20     0.51     0.72     0.27
 
  1   ag          x  -0.21883 -0.06259 -0.03957  0.06630  0.04554 -0.04227
                  y   0.35250 -0.03968  0.09667 -0.01014  0.08322 -0.16694
                  z   0.02470  0.08458 -0.11280  0.12129  0.13452 -0.10531
  2   ag          x  -0.16813 -0.05508 -0.01751  0.04745  0.03352 -0.04410
                  y   0.10935 -0.03247  0.08085  0.14218  0.01205 -0.01475
                  z   0.02749 -0.06374  0.08493 -0.05359 -0.13923  0.08565
  3   ag          x  -0.07210 -0.04640  0.00011 -0.00576 -0.00428 -0.06035
                  y  -0.03815  0.00780  0.00797  0.19626 -0.03701  0.08387
                  z   0.01514 -0.04291  0.19051  0.01113 -0.14255 -0.01187
  4   ag          x   0.01435 -0.02160  0.02475 -0.00887 -0.00389 -0.05039
                  y  -0.04214  0.05491 -0.04845  0.14072 -0.08311  0.10458
                  z  -0.01504  0.03019  0.04132  0.03273 -0.02541 -0.03603
  5   ag          x   0.10907  0.00379  0.01487 -0.01117  0.01551 -0.04209
                  y   0.03792  0.07301 -0.06892  0.07363 -0.01309  0.08195
                  z  -0.08879  0.01349 -0.26726  0.04466  0.10339  0.10596
  6   ag          x  -0.04305 -0.07424 -0.00868 -0.06486  0.10035 -0.07425
                  y   0.19173 -0.03433  0.07009  0.06647  0.03414 -0.09250
                  z  -0.02598 -0.01612  0.09020 -0.07723 -0.07404 -0.01831
  7   ag          x  -0.00877 -0.06041  0.00369 -0.05962  0.06033 -0.08758
                  y  -0.00474 -0.02639  0.05105  0.15396 -0.03646  0.00938
                  z  -0.09336 -0.12709  0.11589  0.17335  0.31790  0.36449
  8   ag          x   0.03077 -0.02094  0.00329 -0.02809  0.03422 -0.06094
                  y  -0.08013  0.00773 -0.02123  0.13232 -0.07698  0.04997
                  z  -0.02674  0.06552  0.14291  0.05241  0.14441 -0.10591
  9   ag          x   0.08654  0.02177 -0.01040 -0.00063 -0.00453  0.00060
                  y  -0.03901  0.05232 -0.06672  0.07243 -0.04687  0.07375
                  z   0.06443  0.20185  0.05832 -0.23433 -0.01111  0.04646
 10   ag          x   0.13456  0.05046 -0.02721  0.01808 -0.00702  0.03381
                  y   0.03958  0.07187 -0.05874  0.02176  0.02969  0.05092
                  z  -0.01032 -0.13699  0.00279  0.03755  0.02470  0.05408
 11   ag          x   0.06411 -0.03391  0.00621 -0.11498  0.12678 -0.07234
                  y   0.04563 -0.04306  0.04615  0.08479 -0.03787 -0.05729
                  z  -0.03497 -0.12809 -0.06279 -0.16065 -0.02970  0.02608
 12   ag          x   0.05668 -0.00754  0.00069 -0.08192  0.07076 -0.05284
                  y  -0.06222 -0.03710 -0.00637  0.09026 -0.06182 -0.02823
                  z  -0.01693 -0.20497 -0.23331 -0.00496 -0.02193 -0.08874
 13   ag          x   0.06131  0.03499 -0.01830 -0.03270  0.01357  0.00573
                  y  -0.07707  0.03528 -0.01396  0.03287 -0.04915  0.01017
                  z   0.05150  0.09682 -0.04978 -0.01223 -0.11605 -0.12660
 14   ag          x   0.08251  0.06524 -0.04479  0.02276 -0.01285  0.05654
                  y  -0.00984  0.05782 -0.04206 -0.00169  0.00544  0.02797
                  z  -0.04554 -0.00393 -0.04699  0.06945  0.10437 -0.15534
 15   ag          x   0.08495  0.08395 -0.05543  0.04960 -0.00909  0.07311
                  y   0.10130  0.07349 -0.05493 -0.01475  0.04868  0.04346
                  z  -0.06039 -0.07472  0.03477 -0.12386  0.06639  0.02626
 16   ag          x   0.03967  0.03834 -0.02939 -0.11801  0.07587 -0.04123
                  y  -0.03913 -0.07505  0.00421  0.05484 -0.04774 -0.05597
                  z  -0.00159 -0.01002 -0.07422 -0.09298 -0.02204  0.02407
 17   ag          x   0.00527  0.08407 -0.02089 -0.05424  0.03694 -0.00283
                  y  -0.08354 -0.02037 -0.01503  0.01640 -0.05110 -0.06980
                  z   0.09584  0.04471 -0.11032  0.10992 -0.20560 -0.06565
 18   ag          x  -0.00982  0.10474 -0.03321 -0.01052  0.00649  0.04390
                  y  -0.06645  0.04095 -0.01699 -0.01652  0.00271 -0.04478
                  z   0.04774  0.01637 -0.06439  0.10480 -0.06332 -0.07707
 19   ag          x  -0.01456  0.12428 -0.04317  0.02025 -0.01365  0.07730
                  y   0.04965  0.05090 -0.03980 -0.03949  0.04548  0.01474
                  z  -0.00557 -0.02700  0.01253 -0.00984  0.04024 -0.01003
 20   ag          x  -0.03725  0.14606 -0.05139  0.04936 -0.00935  0.08199
                  y   0.18020  0.05120 -0.07786 -0.00606  0.07453  0.06027
                  z  -0.06752  0.05906 -0.03013 -0.06294 -0.04693  0.00662
 21   ag          x  -0.06588  0.10166 -0.05790 -0.06476  0.04598 -0.02597
                  y  -0.06636 -0.07391 -0.01504  0.01234 -0.04029 -0.08877
                  z  -0.01074  0.22891  0.16437  0.12450  0.16106  0.03412
 22   ag          x  -0.07909  0.13447 -0.05360 -0.03025  0.01321 -0.01203
                  y  -0.07843  0.00867 -0.01803 -0.01817 -0.02805 -0.10337
                  z  -0.00407 -0.04335  0.12327 -0.00709  0.07670  0.17500
 23   ag          x  -0.10152  0.16279 -0.06016 -0.01256 -0.00577 -0.00403
                  y  -0.01215  0.03699 -0.02381 -0.04343  0.03883 -0.04112
                  z   0.06488 -0.00625  0.04965  0.07100 -0.01486  0.02478
 24   ag          x  -0.12100  0.18786 -0.06302 -0.01023 -0.01619  0.00119
                  y   0.14201  0.05514 -0.06020 -0.03962  0.06740  0.02402
                  z   0.05024  0.00477  0.02758  0.02847 -0.06414  0.09556
 25   ag          x  -0.11304 -0.07067  0.15284  0.02797 -0.09573 -0.09554
                  y   0.10535 -0.17412 -0.12301 -0.10269  0.16374  0.05528
                  z   0.01067  0.02556 -0.03188  0.04379  0.04402 -0.03025
 26   ag          x  -0.08373 -0.06395  0.10524  0.06069 -0.03600 -0.10869
                  y  -0.04339 -0.12951 -0.09559 -0.10316  0.05000  0.03932
                  z   0.03346 -0.09456  0.10963 -0.11568 -0.12688  0.06299
 27   ag          x  -0.03951 -0.05795 -0.00626  0.04716  0.01889 -0.06649
                  y  -0.10715 -0.04847 -0.03380 -0.04175 -0.02914 -0.00143
                  z   0.01910 -0.01251  0.12645 -0.01517 -0.04476 -0.05795
 28   ag          x  -0.00626 -0.08969 -0.10663  0.05803  0.03265  0.00879
                  y  -0.05737  0.03675  0.04177 -0.09486 -0.05234  0.00069
                  z  -0.01909  0.06810 -0.11172 -0.06165  0.04935  0.04710
 29   ag          x   0.01489 -0.05815  0.10996  0.07990  0.03902 -0.07989
                  y   0.01667 -0.12616 -0.09151 -0.10504  0.07467  0.01524
                  z  -0.04908 -0.04722  0.10052 -0.01404 -0.08094  0.02559
 30   ag          x   0.03332 -0.07375  0.05608  0.02727  0.00913 -0.07182
                  y  -0.09650 -0.07058 -0.02270 -0.06032 -0.02374 -0.01303
                  z  -0.02932 -0.07025 -0.00662  0.04753  0.12880 -0.01293
 31   ag          x   0.05996 -0.09648 -0.02074  0.01512 -0.04361  0.02081
                  y  -0.09866  0.00648  0.04503 -0.06550 -0.05035 -0.02867
                  z   0.05865  0.20603  0.10238 -0.14954 -0.01358 -0.03970
 32   ag          x   0.09039 -0.13640 -0.03702  0.06086 -0.06115  0.07229
                  y  -0.04701  0.03057  0.01989 -0.08103 -0.02093  0.00913
                  z   0.03783  0.02611  0.04358 -0.08716  0.02421  0.01916
 33   ag          x   0.09661 -0.05664  0.04734  0.03817  0.04727 -0.07986
                  y  -0.06224 -0.02026  0.02128 -0.02456  0.04548 -0.00904
                  z  -0.04894 -0.11197 -0.09158 -0.08461 -0.04548  0.00141
 34   ag          x   0.07254 -0.05706  0.04073  0.00463 -0.03148 -0.00284
                  y  -0.10762  0.01764  0.08766 -0.04999  0.01075 -0.05279
                  z   0.04895 -0.01824 -0.15569  0.03949 -0.15807 -0.10423
 35   ag          x   0.05807 -0.08371  0.02311  0.01196 -0.05865  0.08288
                  y  -0.08158  0.02131  0.06108 -0.08579 -0.02268 -0.01686
                  z  -0.00438  0.02551 -0.05632  0.09461  0.01107 -0.15765
 36   ag          x   0.05192 -0.08685  0.01845 -0.03734 -0.09740  0.17777
                  y   0.06150  0.00108  0.03470 -0.04452 -0.03473  0.06780
                  z  -0.03839 -0.03308  0.01101 -0.04771  0.10299 -0.03218
 37   ag          x   0.06149 -0.02072  0.04854  0.06897 -0.01225  0.01710
                  y  -0.10473  0.05390  0.12790  0.01484  0.14084 -0.07767
                  z   0.01381  0.10450  0.02244  0.08312 -0.01542  0.02524
 38   ag          x   0.01224 -0.03033  0.05697  0.01331 -0.05309  0.07345
                  y  -0.11772  0.01558  0.11523 -0.08701  0.04818 -0.06263
                  z   0.03571  0.01045 -0.01984  0.07378 -0.10698  0.03626
 39   ag          x  -0.06586 -0.01370  0.05506 -0.04578 -0.07943  0.14681
                  y  -0.00003  0.01698  0.06503 -0.03940 -0.00420 -0.01231
                  z   0.02795  0.01158  0.00060  0.05617  0.00883 -0.02192
 40   ag          x  -0.11385  0.01504  0.03875 -0.06021 -0.12990  0.18224
                  y   0.22133 -0.04476  0.05145 -0.04438 -0.03120  0.14418
                  z  -0.00945  0.06159 -0.02584  0.00679 -0.00965  0.01029
 41   c           x   0.00827  0.00186  0.00830  0.02324 -0.01468  0.01253
                  y   0.04983  0.05809 -0.08477 -0.12992 -0.04515  0.10417
                  z  -0.03898 -0.12132 -0.01144 -0.06037 -0.01204  0.09374
 42   n           x   0.01509  0.00643 -0.00304  0.01092 -0.01217  0.02535
                  y   0.03904  0.05246 -0.07495 -0.11138 -0.04563  0.08626
                  z  -0.04617 -0.10751 -0.04423 -0.05535  0.01182  0.08443
 43   c           x   0.03245  0.01133 -0.01976 -0.01252 -0.01919  0.04267
                  y   0.04407  0.05170 -0.07733 -0.11536 -0.05152  0.08437
                  z  -0.00926 -0.11641 -0.06285 -0.08104 -0.06113  0.03576
 44   c           x   0.01305  0.00661  0.00242  0.02086 -0.01350  0.01367
                  y   0.02988  0.04850 -0.06263 -0.09000 -0.04723  0.06622
                  z  -0.01936 -0.08894 -0.04886 -0.01964  0.01675  0.05162
 45   c           x   0.02146  0.01046 -0.00874  0.00920 -0.01470  0.02139
                  y   0.02015  0.04545 -0.05186 -0.07201 -0.05019  0.04600
                  z   0.01779 -0.06475 -0.08660 -0.01085 -0.03737 -0.01097
 46   c           x   0.01709  0.00717 -0.00371  0.01956 -0.01419  0.01213
                  y   0.00815  0.04186 -0.03668 -0.05048 -0.04683  0.02870
                  z   0.02749 -0.03369 -0.08208  0.02004 -0.02692 -0.03808
 47   c           x   0.00166  0.00525  0.01846  0.04280 -0.00964 -0.00189
                  y   0.00471  0.04305 -0.03070 -0.04655 -0.04286  0.02869
                  z  -0.00039 -0.02277 -0.03415  0.03052  0.04045 -0.01134
 48   c           x  -0.00653  0.00297  0.02907  0.05701 -0.00677 -0.01068
                  y   0.01662  0.04554 -0.04565 -0.06637 -0.04625  0.04375
                  z  -0.02560 -0.04915  0.00067  0.03810  0.10241  0.05507
 49   c           x  -0.00049  0.00376  0.02027  0.04580 -0.01011 -0.00475
                  y   0.02832  0.04869 -0.06004 -0.08836 -0.04778  0.06234
                  z  -0.03397 -0.08450 -0.00849  0.01202  0.08681  0.08637
 50   n           x  -0.00508  0.00455  0.02885  0.05355 -0.00747 -0.00614
                  y  -0.01069  0.04271 -0.01035 -0.02839 -0.03524  0.01845
                  z  -0.01167  0.00000 -0.01059  0.03075  0.05496 -0.03478
 51   c           x   0.00220  0.00513  0.01779  0.04282 -0.00971 -0.00087
                  y  -0.02501  0.04240  0.00894 -0.01238 -0.03222  0.00926
                  z  -0.00924  0.01262 -0.02336  0.01236  0.02448 -0.05432
 52   c           x  -0.00476  0.00744  0.03196  0.05359 -0.00856 -0.00500
                  y  -0.04192  0.04369  0.03345  0.00385 -0.02662  0.00358
                  z  -0.04794  0.01499  0.00878  0.00097  0.05462 -0.04250
 53   c           x   0.00152  0.00751  0.02218  0.04491 -0.01018 -0.00169
                  y  -0.05520  0.04467  0.05643  0.01927 -0.02384 -0.00197
                  z  -0.05219  0.00294  0.00939 -0.00919  0.05696 -0.03920
 54   c           x   0.01809  0.00811 -0.00356  0.02549 -0.01704  0.00536
                  y  -0.05560  0.04370  0.05774  0.02225 -0.02347 -0.00337
                  z  -0.02360 -0.00545 -0.01887 -0.00993  0.04239 -0.04876
 55   n           x   0.02866  0.00871 -0.01734  0.01885 -0.02574  0.00581
                  y  -0.07388  0.04450  0.08523  0.03644 -0.01413 -0.00723
                  z  -0.04685 -0.02320 -0.00169 -0.02708  0.09738 -0.02679
 56   c           x   0.01852  0.01150 -0.00200  0.03292 -0.01892 -0.00029
                  y  -0.09125  0.04662  0.11223  0.05177 -0.00725 -0.00861
                  z  -0.05653 -0.03490  0.02292 -0.05545  0.06958  0.01921
 57   c           x   0.04865  0.00719 -0.05020  0.00461 -0.03575  0.00623
                  y  -0.07681  0.04480  0.08799  0.03776 -0.01124 -0.00724
                  z  -0.01831 -0.02814 -0.00385 -0.04286  0.04786 -0.01800
 58   c           x   0.02601  0.00632 -0.01707  0.01398 -0.01840  0.01016
                  y  -0.03907  0.04270  0.03209  0.00772 -0.03072  0.00036
                  z   0.02244  0.00316 -0.06099  0.00476 -0.01893 -0.07389
 59   c           x   0.01855  0.00754 -0.00560  0.02101 -0.01586  0.00841
                  y  -0.02365  0.04133  0.00827 -0.00877 -0.03575  0.00629
                  z   0.02548  0.00558 -0.06400  0.01350 -0.02645 -0.07440
 60   s           x   0.02901  0.01066 -0.01977  0.00256 -0.01775  0.01710
                  y   0.00121  0.03324 -0.02790 -0.02258 -0.05401  0.00197
                  z   0.07880 -0.05667 -0.14616  0.06623 -0.09754 -0.13225
 61   h           x   0.00412 -0.00175 -0.00009  0.05020  0.01287  0.00568
                  y   0.03925  0.07048 -0.10253 -0.14986 -0.05300  0.09909
                  z  -0.03135 -0.13007 -0.00032 -0.05105 -0.01172  0.10007
 62   h           x  -0.00150 -0.00240  0.02810  0.01784 -0.03802  0.00297
                  y   0.06005  0.04529 -0.07091 -0.11022 -0.03603  0.11335
                  z  -0.02979 -0.13133 -0.00206 -0.04462 -0.00378  0.10155
 63   h           x   0.01279  0.00508  0.00302  0.01012 -0.01819  0.02261
                  y   0.05877  0.06094 -0.09270 -0.14227 -0.04452  0.11885
                  z  -0.05196 -0.11295 -0.00867 -0.09022 -0.04014  0.09018
 64   h           x   0.02920  0.01148 -0.02146 -0.02013 -0.01391  0.05339
                  y   0.04939  0.05602 -0.08796 -0.13366 -0.04732  0.10596
                  z  -0.06567 -0.12790 -0.05059 -0.11821 -0.01044  0.10051
 65   h           x  -0.01087  0.00677 -0.01365 -0.04722  0.02831  0.10787
                  y   0.01535  0.05545 -0.06116 -0.09324 -0.00814  0.10675
                  z   0.04014 -0.11581 -0.07733 -0.07107 -0.12317 -0.02451
 66   h           x   0.09129  0.02113 -0.03869  0.00981 -0.07515 -0.01668
                  y   0.07029  0.04541 -0.08483 -0.12293 -0.10165  0.03887
                  z   0.02590 -0.11626 -0.07254 -0.07565 -0.10491 -0.00628
 67   h           x   0.03207  0.01491 -0.02199 -0.00895 -0.01760  0.03538
                  y   0.02177  0.04527 -0.05446 -0.07388 -0.05284  0.04563
                  z   0.03346 -0.07752 -0.12105 -0.02311 -0.08839 -0.04015
 68   h           x  -0.01748 -0.00154  0.04192  0.07473 -0.00293 -0.02340
                  y   0.01458  0.04503 -0.04264 -0.06348 -0.04339  0.04356
                  z  -0.04644 -0.04513  0.04633  0.05789  0.17072  0.09280
 69   h           x  -0.00815  0.00081  0.03010  0.05793 -0.00651 -0.01190
                  y   0.03683  0.05091 -0.07099 -0.10348 -0.04893  0.07536
                  z  -0.06370 -0.11397  0.03367  0.03129  0.15813  0.16494
 70   h           x  -0.01649  0.00938  0.05209  0.06844 -0.00687 -0.01006
                  y  -0.04254  0.04405  0.03351  0.00204 -0.02490  0.00532
                  z  -0.07214  0.02418  0.03884 -0.00373  0.07829 -0.02607
 71   h           x  -0.00541  0.00796  0.03338  0.05437 -0.00776 -0.00537
                  y  -0.06824  0.04421  0.07473  0.03123 -0.01793 -0.00495
                  z  -0.08583 -0.00653  0.04013 -0.01673  0.08176 -0.02046
 72   h           x   0.01531  0.01926  0.00368  0.06218 -0.03968 -0.02614
                  y  -0.09643  0.04359  0.13146  0.05298 -0.07708  0.00897
                  z  -0.05937 -0.03675  0.03427 -0.05540  0.02809  0.03001
 73   h           x   0.02672  0.00939 -0.01461  0.02322 -0.02601  0.00272
                  y  -0.10245  0.04928  0.12889  0.06371  0.00724 -0.01200
                  z  -0.05694 -0.03828  0.01346 -0.07671  0.14880  0.02962
 74   h           x   0.00612  0.00972  0.01733  0.02361  0.01535  0.01888
                  y  -0.08657  0.04964  0.09565  0.05290  0.05330 -0.02375
                  z  -0.06116 -0.03744  0.03897 -0.05724  0.01727  0.03458
 75   h           x   0.05442  0.00744 -0.05782  0.00170 -0.04243  0.00608
                  y  -0.08836  0.04774  0.10874  0.04950 -0.00884 -0.00760
                  z  -0.08066 -0.05322  0.04420 -0.05053  0.18732 -0.01324
 76   h           x   0.10917  0.02624 -0.10048  0.00507 -0.15867  0.00171
                  y  -0.09095  0.04543  0.07981  0.04236  0.02273 -0.01214
                  z   0.02338 -0.01720 -0.02945 -0.04489 -0.03958 -0.01813
 77   h           x  -0.00113 -0.01427 -0.01885 -0.00643  0.08208  0.01089
                  y  -0.05309  0.04140  0.07768  0.02428 -0.04561 -0.00370
                  z   0.01951 -0.01946 -0.02515 -0.04602 -0.03047 -0.01748
 78   h           x   0.03701  0.00461 -0.03582  0.00007 -0.01923  0.01505
                  y  -0.03777  0.04204  0.03109  0.00912 -0.03306 -0.00105
                  z   0.04929 -0.00611 -0.09085  0.01078 -0.05275 -0.08644

reduced mass(g/mol)    84.793   79.482   73.872   71.883   71.718   77.961


       mode              25       26       27       28       29       30

     frequency          35.26    37.13    38.24    40.93    43.44    45.54

     symmetry            a        a        a        a        a        a   

        IR               YES      YES      YES      YES      YES      YES
|dDIP/dQ|   (a.u.)     0.0001   0.0001   0.0001   0.0001   0.0004   0.0003
intensity (km/mol)       0.01     0.02     0.01     0.03     0.23     0.14
intensity (  %   )       0.01     0.01     0.00     0.01     0.09     0.05
 
       RAMAN             YES      YES      YES      YES      YES      YES
         (par,par)       4.61    13.36    13.03     4.13    13.92     0.92
         (ort,ort)       2.21    12.12    18.70     3.13    12.39     2.67
       (ort,unpol)       2.83    12.44    17.22     3.39    12.79     2.21
     depol. ratio        0.74     0.39     0.25     0.46     0.40     0.12
 
  1   ag          x   0.04462  0.19292 -0.01297 -0.08044 -0.09748 -0.03849
                  y  -0.04777 -0.11534  0.15089  0.10246  0.01251  0.00214
                  z   0.17409 -0.05904  0.03825 -0.01128 -0.18578  0.08379
  2   ag          x   0.01726  0.14928  0.01933 -0.03942 -0.05022 -0.03033
                  y  -0.01603  0.03605  0.07928  0.09683 -0.05618 -0.02499
                  z  -0.10110  0.04562  0.09270  0.24767  0.19163 -0.06395
  3   ag          x   0.00959  0.08886  0.02098  0.01570  0.01415 -0.03801
                  y   0.02870  0.07553  0.00330  0.08060 -0.05870 -0.02792
                  z  -0.01454 -0.00475 -0.01650 -0.06373 -0.09188  0.00468
  4   ag          x   0.01635  0.07477 -0.00905  0.00750 -0.00275 -0.03348
                  y   0.04800  0.07852 -0.05471  0.01575  0.00341  0.02939
                  z   0.10857 -0.00882 -0.11214 -0.25029 -0.24043  0.05529
  5   ag          x   0.04630  0.11573 -0.01269 -0.02238 -0.04197 -0.03161
                  y   0.05852  0.03455  0.01010 -0.04337  0.07836  0.11139
                  z  -0.00046  0.01484  0.01527  0.10156  0.15989 -0.06914
  6   ag          x  -0.04684  0.06082  0.03667 -0.09812  0.01384 -0.03257
                  y   0.00110 -0.00681  0.07784  0.08407 -0.02709 -0.00959
                  z  -0.01252  0.03875 -0.13908 -0.22686  0.25680 -0.15556
  7   ag          x  -0.02833  0.04039  0.02929 -0.05450  0.00652 -0.03280
                  y   0.02383  0.09296  0.02797  0.07805 -0.04750 -0.02987
                  z  -0.38929 -0.01589  0.22074 -0.11354 -0.10557  0.01699
  8   ag          x   0.00751  0.00792 -0.00628  0.01083 -0.01535 -0.05554
                  y   0.04442  0.05702 -0.02219  0.02059 -0.01725  0.00065
                  z   0.22391 -0.03845 -0.30261  0.16498  0.06624 -0.22883
  9   ag          x   0.00633  0.07604 -0.05313  0.02939 -0.02462 -0.07364
                  y   0.01585  0.00431 -0.01851 -0.00356  0.03919  0.05646
                  z   0.02422  0.26065  0.15112  0.01223  0.02930  0.16834
 10   ag          x   0.01470  0.12149 -0.07104  0.01738 -0.00560 -0.04981
                  y   0.04348  0.00204  0.02923 -0.04744  0.06008  0.07426
                  z   0.12769 -0.16976  0.11788 -0.06132 -0.02171 -0.10868
 11   ag          x  -0.07282 -0.05252  0.04504 -0.09830  0.01475  0.00079
                  y   0.04390  0.08933  0.00928  0.06098  0.00169 -0.01185
                  z  -0.00727  0.08085 -0.06128  0.06623 -0.08400  0.08704
 12   ag          x  -0.02780 -0.04292  0.01245 -0.02156 -0.02192  0.01064
                  y   0.06338  0.04931  0.00021  0.01864  0.02559  0.00200
                  z   0.13176 -0.26334  0.06683 -0.04716  0.19370  0.24398
 13   ag          x  -0.00273 -0.02426 -0.00755 -0.00801 -0.03535 -0.03695
                  y   0.01518  0.01042  0.00858  0.00321  0.00009  0.04499
                  z  -0.17431  0.12768  0.01674 -0.07271  0.01440  0.07597
 14   ag          x  -0.00217  0.02034 -0.06925  0.00286 -0.00512 -0.02332
                  y   0.00686 -0.05563  0.01930 -0.00138  0.02023  0.04247
                  z  -0.25632 -0.10273 -0.29188  0.11723 -0.06119 -0.11077
 15   ag          x   0.02277  0.05337 -0.07137 -0.01821  0.02797  0.00229
                  y   0.02763  0.02860  0.03275 -0.02893  0.04840  0.03420
                  z   0.14960 -0.00658  0.20427  0.00035 -0.00862 -0.02017
 16   ag          x  -0.06143 -0.07455  0.02474 -0.02894 -0.03224  0.00352
                  y   0.05011  0.09130  0.01138  0.01213  0.02497  0.01793
                  z   0.03963  0.04104  0.02540  0.22210 -0.24027  0.06798
 17   ag          x  -0.02807 -0.07592 -0.00024  0.00090 -0.01736  0.00301
                  y  -0.00018  0.00163  0.04048 -0.03339  0.01497  0.06054
                  z  -0.05185 -0.05886  0.21592 -0.17669 -0.05870 -0.38604
 18   ag          x  -0.00554 -0.04493 -0.01748  0.00921 -0.00790 -0.01002
                  y  -0.03629 -0.07550  0.00848  0.00671  0.00138  0.07113
                  z  -0.16058  0.05087 -0.13412  0.03695  0.00248  0.19907
 19   ag          x   0.01978 -0.02099 -0.01052 -0.00172  0.03130  0.01230
                  y  -0.00537 -0.06847  0.02649  0.00296  0.00211 -0.00119
                  z   0.03677 -0.00985  0.04837 -0.02159  0.03500  0.01549
 20   ag          x   0.03424  0.01677 -0.01297 -0.00820  0.08178  0.08148
                  y   0.01117  0.05112 -0.02178 -0.04472  0.03715 -0.02142
                  z  -0.06844 -0.05482 -0.00303  0.04761 -0.06900 -0.10248
 21   ag          x   0.01168 -0.02920  0.06765  0.03124 -0.02889 -0.07217
                  y   0.02011  0.06077  0.04053 -0.01567 -0.00899  0.07057
                  z   0.03468 -0.05343 -0.01055 -0.01974  0.13123  0.01812
 22   ag          x   0.00039 -0.03768  0.06746  0.02587 -0.01197 -0.05211
                  y  -0.04969 -0.06354  0.03782 -0.04087  0.00416  0.06947
                  z   0.18582  0.04757  0.04107  0.06205  0.01439  0.05412
 23   ag          x  -0.00826 -0.04229  0.07209  0.02797 -0.00208 -0.04460
                  y  -0.03542 -0.10524  0.01307  0.01375 -0.01693  0.04809
                  z   0.09287  0.05854  0.04483 -0.05397 -0.00299 -0.04786
 24   ag          x  -0.01281 -0.05650  0.09017  0.03912  0.00919 -0.02461
                  y  -0.00815 -0.04809  0.01293 -0.01347 -0.00816 -0.06529
                  z   0.00106  0.08401 -0.08044 -0.04962  0.03198  0.08924
 25   ag          x  -0.07221  0.08580  0.13697  0.08209  0.07821  0.01287
                  y  -0.03416  0.20288 -0.17447 -0.09598  0.00494 -0.04822
                  z   0.06694 -0.01497  0.02613  0.02887 -0.00524  0.04505
 26   ag          x  -0.00836  0.04722  0.07754  0.00800 -0.01408  0.02983
                  y  -0.00776  0.14068 -0.06331 -0.08129  0.01123 -0.10817
                  z  -0.10493  0.01728  0.04360  0.11152  0.14633 -0.06279
 27   ag          x   0.02322  0.01712  0.02580  0.08356  0.00782 -0.02126
                  y   0.02809  0.00047 -0.04595  0.00557  0.00512 -0.14207
                  z   0.07782 -0.05382 -0.13170 -0.15716 -0.17711 -0.04039
 28   ag          x  -0.01901  0.02612  0.02904  0.24470  0.12611 -0.10531
                  y  -0.07329 -0.12013 -0.02224  0.08069 -0.03289 -0.06403
                  z   0.01801  0.04248 -0.01374 -0.06185 -0.04094 -0.03418
 29   ag          x  -0.02339  0.02687  0.08926  0.06260 -0.03090  0.15492
                  y  -0.00773  0.16387 -0.07146 -0.02139 -0.01598 -0.04656
                  z  -0.01826  0.04554 -0.08312 -0.07014  0.12563  0.00594
 30   ag          x   0.03581  0.02388  0.01783  0.04450 -0.00248  0.06961
                  y   0.01311  0.05015 -0.00089 -0.07592  0.02489 -0.05418
                  z   0.14112 -0.19174 -0.10068  0.08226  0.11281 -0.09933
 31   ag          x   0.02509  0.02979  0.03790  0.05430 -0.01754  0.01929
                  y  -0.03160 -0.07006  0.00146 -0.02716 -0.04860 -0.03981
                  z   0.01715  0.22381 -0.01811  0.07132  0.01919  0.00000
 32   ag          x   0.02602 -0.03989 -0.03004  0.06320 -0.03158 -0.12080
                  y  -0.08570 -0.15952 -0.05637  0.11202 -0.03182 -0.05100
                  z  -0.02763 -0.05745  0.01473  0.01291 -0.05751 -0.05403
 33   ag          x   0.03297 -0.07595  0.01075 -0.04346  0.05854  0.16437
                  y   0.00246  0.10782 -0.01825 -0.02813  0.01047 -0.05669
                  z   0.07322  0.00200 -0.02339  0.13969 -0.09609  0.20484
 34   ag          x   0.00486 -0.00830 -0.02993 -0.03871 -0.01916  0.06594
                  y   0.01380 -0.02354  0.03248 -0.06326 -0.00071 -0.05610
                  z  -0.05287 -0.09825  0.16101 -0.17948  0.06032 -0.05427
 35   ag          x   0.02611 -0.05820 -0.07949 -0.01822 -0.04873 -0.00616
                  y  -0.01309 -0.11579  0.02150  0.04238 -0.04143  0.04118
                  z  -0.26380  0.01141 -0.24686  0.06153 -0.00072  0.12367
 36   ag          x   0.05942 -0.06068 -0.05068  0.00406 -0.03050 -0.00715
                  y  -0.03608 -0.14898 -0.06161  0.03095 -0.03384 -0.03818
                  z   0.04906 -0.02485  0.06758  0.00097  0.01039 -0.02750
 37   ag          x  -0.02529 -0.05978 -0.10345 -0.17421  0.13074  0.11230
                  y   0.02238  0.01234  0.00266 -0.10041  0.14576  0.02351
                  z   0.03134 -0.00851  0.04592  0.05791 -0.05615  0.00514
 38   ag          x   0.00283 -0.06300 -0.12047 -0.07699  0.05073  0.13979
                  y   0.03696 -0.06939  0.05449 -0.01814  0.01081  0.08041
                  z  -0.01296  0.01822  0.06370 -0.02646 -0.03612 -0.07044
 39   ag          x   0.01524 -0.13258 -0.10278 -0.03134  0.00064  0.08397
                  y  -0.00418 -0.14502 -0.01542  0.00483 -0.05450 -0.00314
                  z   0.03086  0.03123  0.04189 -0.02587  0.02232  0.03167
 40   ag          x  -0.00808 -0.19343 -0.11335  0.03512 -0.03941  0.04112
                  y   0.02113 -0.05793 -0.08966 -0.05918 -0.02454  0.00600
                  z  -0.02565  0.02866 -0.00805 -0.00013  0.01270  0.00543
 41   c           x  -0.01608 -0.02603  0.02329 -0.01094 -0.00984 -0.02685
                  y  -0.03944  0.01255  0.03833 -0.00534 -0.04405 -0.01967
                  z  -0.03554  0.02819 -0.04706  0.01642 -0.06114  0.04335
 42   n           x  -0.01412 -0.02817  0.03184 -0.00787 -0.01506 -0.02832
                  y  -0.04136  0.01203  0.02880 -0.00130 -0.04518 -0.00932
                  z  -0.03169 -0.00487 -0.03135  0.06160 -0.11286  0.09233
 43   c           x  -0.00678 -0.02325  0.04997 -0.00029 -0.02482 -0.03992
                  y  -0.03703  0.01522  0.03145  0.00649 -0.05050 -0.01076
                  z   0.02895  0.04158 -0.01924  0.18068 -0.20728  0.09279
 44   c           x  -0.01708 -0.02941  0.02925 -0.01133 -0.01083 -0.02611
                  y  -0.04428  0.01008  0.01906 -0.00092 -0.04123 -0.00111
                  z  -0.05153 -0.02109  0.00043  0.02378 -0.05593  0.08291
 45   c           x  -0.01424 -0.02875  0.03533 -0.01002 -0.01264 -0.02963
                  y  -0.04442  0.00745  0.00797 -0.00039 -0.03514  0.00562
                  z  -0.04005 -0.01984  0.00306  0.03470 -0.05387  0.07642
 46   c           x  -0.01430 -0.03265  0.03192 -0.01279 -0.00662 -0.02567
                  y  -0.04742  0.00321 -0.00342 -0.00350 -0.02613  0.01032
                  z  -0.05374 -0.02358  0.00206  0.00202  0.01154  0.07045
 47   c           x  -0.02261 -0.03518  0.02195 -0.01828 -0.00153 -0.02376
                  y  -0.05036  0.00241 -0.00338 -0.00634 -0.02244  0.01055
                  z  -0.06950 -0.01714  0.00743 -0.01521  0.06431  0.08572
 48   c           x  -0.02738 -0.03688  0.01704 -0.01965  0.00336 -0.01801
                  y  -0.04605  0.00482  0.00673 -0.00431 -0.02972  0.00548
                  z  -0.09344 -0.03632  0.02405 -0.03434  0.06334  0.09097
 49   c           x  -0.02310 -0.03532  0.01973 -0.01739 -0.00069 -0.01935
                  y  -0.04347  0.00939  0.01654 -0.00178 -0.03961 -0.00168
                  z  -0.08794 -0.03655  0.02061 -0.02476  0.00389  0.07937
 50   n           x  -0.02592 -0.03826  0.01696 -0.02013  0.00060 -0.02350
                  y  -0.05546  0.00190 -0.01253 -0.00903 -0.01322  0.01405
                  z  -0.06094  0.01610  0.00555 -0.00511  0.09530  0.08316
 51   c           x  -0.02333 -0.03582  0.02060 -0.02002 -0.00185 -0.02422
                  y  -0.06057  0.00170 -0.01951 -0.01090 -0.01305  0.01293
                  z  -0.06183  0.04535 -0.00589  0.00604  0.06239  0.06761
 52   c           x  -0.02848 -0.03656  0.01778 -0.02325 -0.00050 -0.02358
                  y  -0.06548  0.00173 -0.02278 -0.01509 -0.01152  0.01164
                  z  -0.04304  0.06509  0.01007  0.02555  0.06544  0.05810
 53   c           x  -0.02562 -0.03571  0.01994 -0.02171 -0.00186 -0.02434
                  y  -0.06976  0.00033 -0.02486 -0.02071 -0.01176  0.01071
                  z  -0.02153  0.05864  0.02576  0.03325  0.04676  0.03602
 54   c           x  -0.02077 -0.03316  0.02580 -0.01593 -0.00502 -0.02605
                  y  -0.07124 -0.00226 -0.02750 -0.02206 -0.01219  0.01011
                  z  -0.02738  0.03716  0.00745  0.01698  0.02823  0.02310
 55   n           x  -0.01983 -0.02969  0.03023 -0.01437 -0.00703 -0.02522
                  y  -0.07570 -0.00476 -0.03223 -0.02673 -0.01083  0.00840
                  z   0.00638  0.00708 -0.00537  0.02116  0.03165 -0.00230
 56   c           x  -0.03023 -0.03147  0.01895 -0.01800 -0.00237 -0.02220
                  y  -0.07852 -0.00230 -0.03641 -0.02972 -0.00839  0.00925
                  z   0.08218  0.04719  0.08004  0.04450  0.00602 -0.01728
 57   c           x  -0.01784 -0.02657  0.03517 -0.01027 -0.00758 -0.02104
                  y  -0.07593 -0.00378 -0.03352 -0.02630 -0.00970  0.00907
                  z  -0.00101 -0.01880  0.01734  0.00201 -0.00832 -0.03102
 58   c           x  -0.01382 -0.03192  0.03246 -0.01247 -0.00514 -0.02651
                  y  -0.06835 -0.00210 -0.02531 -0.01842 -0.01434  0.01058
                  z  -0.06464  0.03881 -0.00980 -0.00460  0.01048  0.03551
 59   c           x  -0.01639 -0.03141  0.03079 -0.01603 -0.00412 -0.02554
                  y  -0.06182 -0.00114 -0.02020 -0.01292 -0.01487  0.01225
                  z  -0.07322  0.03598 -0.01395 -0.00527  0.02444  0.05159
 60   s           x  -0.01147 -0.02624  0.03640 -0.01094 -0.00875 -0.02714
                  y  -0.05048 -0.00403 -0.00858 -0.01195 -0.02017  0.00772
                  z  -0.04517 -0.02177  0.01054 -0.02590  0.02977  0.04314
 61   h           x  -0.02799 -0.03042  0.05416  0.01466 -0.02964 -0.00174
                  y  -0.02186 -0.01284  0.01084  0.01483 -0.07451  0.00341
                  z  -0.04532  0.04663 -0.03210  0.00219 -0.04150  0.02557
 62   h           x  -0.00888 -0.01945 -0.01539 -0.03353  0.01306 -0.04186
                  y  -0.05720  0.03665  0.06701 -0.02185 -0.01820 -0.04022
                  z  -0.04980  0.04737 -0.02109  0.00600 -0.04345  0.02799
 63   h           x  -0.01270 -0.02667  0.02230 -0.01423 -0.00926 -0.03268
                  y  -0.03887  0.01452  0.04798 -0.00770 -0.04332 -0.02739
                  z  -0.01526  0.01356 -0.10210  0.00460 -0.06099  0.04136
 64   h           x  -0.00540 -0.02246  0.04941  0.00523 -0.03482 -0.03717
                  y  -0.03511  0.01617  0.04134  0.00836 -0.05899 -0.01543
                  z   0.03978  0.04840 -0.05709  0.24239 -0.30486  0.14083
 65   h           x  -0.00332 -0.02101  0.02586  0.03551 -0.09252 -0.00741
                  y  -0.07453 -0.01173  0.01617 -0.06493  0.00529 -0.00765
                  z   0.05063  0.05773  0.00770  0.20115 -0.19545  0.06725
 66   h           x  -0.00568 -0.02207  0.08999 -0.03463  0.04342 -0.08414
                  y   0.00167  0.04469  0.03894  0.08409 -0.10764 -0.00998
                  z   0.04450  0.05377 -0.00039  0.19766 -0.20228  0.07497
 67   h           x  -0.01135 -0.02566  0.04483 -0.00743 -0.02037 -0.03472
                  y  -0.04313  0.00785  0.00853  0.00084 -0.03750  0.00524
                  z  -0.01540 -0.01572 -0.00018  0.06066 -0.09205  0.07780
 68   h           x  -0.03293 -0.04066  0.01038 -0.02357  0.01002 -0.01087
                  y  -0.04768  0.00431  0.00643 -0.00554 -0.02767  0.00629
                  z  -0.12250 -0.03758  0.03730 -0.05619  0.09634  0.08633
 69   h           x  -0.02602 -0.03727  0.01526 -0.01956  0.00250 -0.01664
                  y  -0.04136  0.01186  0.02350  0.00041 -0.04429 -0.00521
                  z  -0.13449 -0.03742  0.04970 -0.04491 -0.01180  0.07364
 70   h           x  -0.03400 -0.03706  0.01422 -0.02927 -0.00063 -0.02349
                  y  -0.06438  0.00245 -0.02143 -0.01381 -0.00998  0.01243
                  z  -0.03709  0.07571  0.02375  0.03342  0.08398  0.06883
 71   h           x  -0.02959 -0.03689  0.01553 -0.02429 -0.00049 -0.02367
                  y  -0.07210 -0.00177 -0.02778 -0.02294 -0.00979  0.01028
                  z   0.00512  0.05146  0.05270  0.04262  0.04737  0.02185
 72   h           x  -0.08029 -0.04361  0.00806 -0.02766  0.00235 -0.00812
                  y  -0.05991  0.02926  0.05283 -0.01063 -0.03246  0.01462
                  z   0.09375  0.06588  0.13325  0.05576 -0.00869 -0.01462
 73   h           x  -0.02516 -0.03144  0.02844 -0.01563 -0.00574 -0.02348
                  y  -0.08330 -0.00264 -0.05310 -0.03342 -0.00273  0.01005
                  z   0.11446  0.03903  0.01706  0.03839  0.02353 -0.03263
 74   h           x   0.00770 -0.01669  0.00666 -0.01436 -0.00030 -0.03345
                  y  -0.09490 -0.02886 -0.11449 -0.04443  0.01270  0.00530
                  z   0.09998  0.07328  0.14987  0.05907 -0.01296 -0.01424
 75   h           x  -0.01789 -0.02455  0.03845 -0.01020 -0.00979 -0.01989
                  y  -0.07663 -0.00178 -0.03534 -0.02964 -0.00889  0.00927
                  z   0.00374 -0.07732 -0.04634  0.02115  0.03548 -0.06229
 76   h           x  -0.02565  0.01722  0.08858 -0.02827 -0.05022  0.00015
                  y  -0.06731  0.01257 -0.04673 -0.01141  0.01778  0.02761
                  z  -0.00886 -0.00004  0.05505 -0.01503 -0.04580 -0.02714
 77   h           x  -0.01106 -0.06979 -0.01657  0.01051  0.03221 -0.04267
                  y  -0.08210 -0.01912 -0.01871 -0.03866 -0.03503 -0.00796
                  z  -0.00774 -0.00548  0.05160 -0.01507 -0.04364 -0.03067
 78   h           x  -0.00924 -0.03186  0.03528 -0.00733 -0.00485 -0.02600
                  y  -0.06927 -0.00331 -0.02629 -0.01943 -0.01628  0.00915
                  z  -0.07070  0.02330 -0.01715 -0.01325 -0.01564  0.01759

reduced mass(g/mol)    77.369   96.195   89.543   82.643   69.288   89.212


       mode              31       32       33       34       35       36

     frequency          45.96    46.36    47.35    49.26    50.35    50.90

     symmetry            a        a        a        a        a        a   

        IR               YES      YES      YES      YES      YES      YES
|dDIP/dQ|   (a.u.)     0.0001   0.0002   0.0002   0.0001   0.0001   0.0002
intensity (km/mol)       0.01     0.09     0.07     0.01     0.04     0.04
intensity (  %   )       0.00     0.03     0.03     0.00     0.01     0.02
 
       RAMAN             YES      YES      YES      YES      YES      YES
         (par,par)       0.39     3.11     4.30     0.99     5.10    12.16
         (ort,ort)       0.19     1.48     2.09     2.23     3.61    11.27
       (ort,unpol)       0.24     1.91     2.67     1.91     4.00    11.50
     depol. ratio        0.75     0.74     0.73     0.16     0.50     0.38
 
  1   ag          x   0.01020 -0.04812  0.16788 -0.06597 -0.01855 -0.00605
                  y  -0.11042  0.23027 -0.14585 -0.17713  0.05745 -0.07651
                  z  -0.06964 -0.00442 -0.06128  0.08037  0.03746  0.01650
  2   ag          x  -0.00570 -0.00143  0.09178 -0.07335  0.00401 -0.01587
                  y  -0.04822 -0.05087  0.07886  0.00679 -0.07705  0.01723
                  z   0.08850 -0.03059  0.10699 -0.06571  0.03679 -0.03433
  3   ag          x  -0.00184  0.04086 -0.00901 -0.08120 -0.01585  0.00541
                  y  -0.00667 -0.07311  0.05451 -0.00200 -0.12240  0.00339
                  z  -0.02761 -0.01392 -0.01323  0.01226 -0.08496  0.03729
  4   ag          x  -0.00134  0.06986 -0.07909 -0.08219 -0.06015  0.04999
                  y  -0.00772  0.03324 -0.06485 -0.09937 -0.07517 -0.01997
                  z  -0.03659  0.03618 -0.02440 -0.06809 -0.05104  0.04030
  5   ag          x  -0.04740  0.07925 -0.07621 -0.05148 -0.06513  0.08951
                  y   0.04118  0.07204 -0.09510 -0.06017  0.11762  0.00583
                  z   0.03138  0.04767  0.01277  0.01207  0.10269 -0.08703
  6   ag          x   0.00778  0.14149 -0.01677 -0.19427  0.07742 -0.07289
                  y  -0.05044  0.02894  0.01763 -0.03263 -0.02835 -0.00055
                  z  -0.00573  0.01730  0.00303 -0.07147 -0.06632  0.04265
  7   ag          x   0.00449  0.10617  0.01430 -0.15622  0.02657 -0.05800
                  y  -0.02836 -0.07532  0.10359  0.00968 -0.06526  0.01315
                  z  -0.02750  0.02300 -0.06163  0.07868  0.01795  0.00673
  8   ag          x   0.01635  0.05980  0.00840 -0.09145 -0.03843 -0.02005
                  y  -0.01417 -0.00842  0.00273 -0.04928 -0.07413 -0.02469
                  z   0.24584  0.03183 -0.04022  0.14166  0.12375 -0.11032
  9   ag          x  -0.05774  0.02984 -0.03506 -0.04312 -0.09591 -0.00692
                  y   0.03059  0.05672 -0.07588 -0.10201  0.02334 -0.02727
                  z  -0.09935  0.00019  0.11399 -0.05653 -0.07591  0.22537
 10   ag          x  -0.15870  0.02680 -0.01310 -0.01600 -0.05626  0.03502
                  y   0.07806  0.03575 -0.06712 -0.03826  0.11442  0.01813
                  z   0.08481  0.09830 -0.01637  0.09801 -0.01109 -0.14026
 11   ag          x   0.01982  0.12317  0.01961 -0.09036  0.05185 -0.09194
                  y  -0.02076 -0.06235  0.06598  0.00454  0.00141  0.01810
                  z   0.07193  0.00582  0.00590  0.00265  0.05364 -0.06638
 12   ag          x   0.03124  0.05069  0.06502 -0.02679 -0.00664 -0.06465
                  y  -0.04992 -0.00138  0.06965 -0.05888 -0.01185  0.01175
                  z  -0.26995 -0.04503  0.03407 -0.04425 -0.16633  0.14737
 13   ag          x  -0.02626  0.00157  0.05295 -0.00608 -0.07754 -0.05038
                  y   0.06557  0.05367 -0.02060 -0.09217 -0.01091 -0.04633
                  z  -0.00543 -0.19985 -0.20894  0.06409 -0.01788 -0.26881
 14   ag          x  -0.12350  0.01452  0.01550  0.02739 -0.05662 -0.06599
                  y   0.08729  0.02783 -0.02695 -0.08045  0.00173  0.00354
                  z  -0.17217 -0.20199  0.02451 -0.30089  0.10348  0.10935
 15   ag          x  -0.14784  0.04098 -0.01586  0.02813 -0.01746 -0.08692
                  y   0.02229 -0.03815 -0.00610  0.02600  0.11506  0.06214
                  z   0.02506 -0.01668 -0.06185  0.06583  0.12427  0.16954
 16   ag          x   0.05086 -0.03184  0.10349  0.06714  0.02620 -0.10793
                  y  -0.04272 -0.03682  0.06177 -0.03756  0.06213 -0.00096
                  z   0.02718  0.02747  0.01930 -0.04442  0.09149 -0.11530
 17   ag          x   0.01691 -0.04085  0.09179  0.06240 -0.02276 -0.05087
                  y   0.05325  0.02068  0.02580 -0.09406  0.04292 -0.06229
                  z   0.20736  0.00509  0.04750 -0.02837  0.10001  0.07128
 18   ag          x  -0.00673 -0.00712  0.03722  0.03851 -0.04068 -0.03124
                  y   0.14166  0.03324 -0.00114 -0.06060 -0.05084 -0.03409
                  z   0.06522  0.39181  0.12959  0.30232  0.02041  0.18283
 19   ag          x  -0.02806  0.02553 -0.03307  0.00517 -0.00214 -0.02115
                  y   0.05924 -0.05056  0.04019  0.01981 -0.04050 -0.00658
                  z   0.06199  0.07075  0.08169  0.06508 -0.32101 -0.25295
 20   ag          x   0.00441  0.07193 -0.10873 -0.02748  0.02419  0.00162
                  y  -0.08517 -0.11394  0.07968  0.12832  0.11675 -0.01916
                  z  -0.01123 -0.06379  0.04260  0.00065  0.00379  0.05141
 21   ag          x  -0.02492 -0.13630  0.06746  0.11159  0.02702  0.01298
                  y   0.03144 -0.00335  0.05705 -0.08783  0.12009 -0.08607
                  z  -0.05338 -0.03207 -0.00454 -0.03330 -0.10750  0.06398
 22   ag          x  -0.00996 -0.07429  0.03693  0.06170  0.02031  0.03901
                  y   0.15609  0.05773  0.05860 -0.03617  0.01369 -0.02584
                  z  -0.07279 -0.10550 -0.03996 -0.19453 -0.02986 -0.13515
 23   ag          x   0.03586 -0.03585 -0.02504  0.01526  0.00684  0.07564
                  y   0.15195 -0.00000  0.06219  0.00735 -0.15911 -0.08457
                  z  -0.04016 -0.08576 -0.04587 -0.07697  0.22515  0.07129
 24   ag          x   0.06863  0.00451 -0.07352 -0.01961 -0.03127  0.10866
                  y  -0.04939 -0.13125  0.11573  0.15296  0.01154 -0.03442
                  z   0.01112  0.07037 -0.03226 -0.11554  0.06569 -0.00723
 25   ag          x  -0.13438  0.02617  0.06756  0.02992  0.09853 -0.07624
                  y   0.37929 -0.09294 -0.11111 -0.08745 -0.20553  0.21658
                  z   0.01593 -0.04755 -0.06450  0.11262  0.02106  0.05848
 26   ag          x  -0.07324  0.00173 -0.05310  0.07138  0.00070  0.04042
                  y  -0.10294  0.01340 -0.04021  0.14581  0.00538  0.01811
                  z   0.02409  0.01360 -0.03471  0.02824 -0.00252  0.02961
 27   ag          x   0.01335 -0.00208 -0.08724  0.04548 -0.04804  0.06974
                  y  -0.19473  0.05978 -0.10738  0.21471  0.02221 -0.05187
                  z  -0.03307  0.04492 -0.08654  0.06580 -0.05933  0.02855
 28   ag          x   0.03859  0.00945 -0.09961  0.05905 -0.07823  0.05000
                  y  -0.10710  0.01507 -0.10009  0.06000 -0.09130  0.06235
                  z  -0.07779  0.05939  0.03559 -0.05486  0.02685  0.01972
 29   ag          x   0.17348 -0.10700 -0.05954  0.04459  0.01609  0.08922
                  y   0.03115 -0.00146  0.02100  0.02094  0.00839  0.00572
                  z   0.06350 -0.10163  0.02414  0.07709 -0.00936  0.03993
 30   ag          x   0.13969 -0.09990 -0.06710  0.08448 -0.00138  0.09012
                  y  -0.20059  0.03551 -0.03100  0.13890  0.03764 -0.00979
                  z  -0.06055  0.11809  0.10815 -0.08854  0.03519  0.07729
 31   ag          x  -0.01250 -0.05090 -0.05058  0.07715 -0.05512  0.09135
                  y  -0.10794  0.02986 -0.11033  0.10230  0.00083 -0.00072
                  z   0.01571 -0.02069 -0.05071  0.07572 -0.01701 -0.08443
 32   ag          x  -0.05185 -0.03232 -0.08290  0.07753 -0.07599 -0.03012
                  y  -0.00382  0.00479 -0.03265 -0.04083 -0.05072  0.09380
                  z  -0.13151 -0.00132  0.15607 -0.10808 -0.04459  0.12848
 33   ag          x   0.11109 -0.14117  0.02271  0.02686  0.02028  0.06627
                  y  -0.09548  0.04238  0.03333  0.03863  0.08491 -0.04385
                  z   0.00987 -0.07411  0.02093  0.01824  0.05482 -0.03833
 34   ag          x   0.08597 -0.11749 -0.00741  0.07472  0.09074 -0.01757
                  y  -0.04518  0.03950 -0.02996  0.06746  0.07301  0.02376
                  z  -0.03670 -0.18538 -0.07620 -0.07308 -0.04815 -0.06668
 35   ag          x  -0.04379 -0.05285  0.00062  0.00670  0.09196  0.03027
                  y   0.04830  0.06991 -0.03074  0.07099 -0.00889  0.10420
                  z  -0.07632  0.00750 -0.03683  0.06152  0.04658 -0.01518
 36   ag          x  -0.08303  0.05609 -0.03925  0.03237  0.07763  0.02514
                  y   0.05118 -0.04428  0.05280 -0.01078 -0.10469 -0.02919
                  z  -0.01671 -0.04168  0.02026  0.02474 -0.11366 -0.06649
 37   ag          x   0.09097 -0.08964  0.11473  0.08197  0.09822 -0.05302
                  y  -0.11033 -0.01036  0.01639  0.02953  0.00323  0.03078
                  z   0.06450  0.00017  0.02823 -0.10222  0.04062 -0.02071
 38   ag          x   0.01002  0.00702  0.06897  0.05169  0.10063 -0.04464
                  y   0.03787 -0.03460 -0.04707  0.05210  0.03227 -0.01044
                  z   0.14106  0.20560  0.07874  0.02808  0.03265  0.12557
 39   ag          x   0.03361  0.01433 -0.00137 -0.06130  0.00377 -0.06046
                  y   0.07691 -0.12415  0.00313 -0.02215  0.05532  0.07762
                  z   0.05613  0.09155  0.03760  0.06484 -0.12732 -0.11084
 40   ag          x   0.05293  0.02767 -0.06037 -0.14061 -0.00505  0.00365
                  y  -0.05723 -0.06308  0.11442  0.02315  0.07500 -0.04243
                  z   0.00292  0.00668 -0.00123  0.01392 -0.02854 -0.02281
 41   c           x   0.01107  0.01619  0.02041  0.01468  0.00028  0.01743
                  y  -0.00772  0.00387 -0.02218 -0.04743  0.05874  0.02227
                  z   0.01214  0.01407 -0.00749  0.00748 -0.01073 -0.06590
 42   n           x   0.00741  0.01197  0.01281  0.01020  0.01198  0.02146
                  y  -0.00304  0.00916 -0.01376 -0.03963  0.04420  0.01055
                  z   0.00381  0.01240 -0.01333  0.01008 -0.00035 -0.09646
 43   c           x   0.00029  0.00951  0.00938 -0.00245  0.03862  0.03952
                  y  -0.00416  0.01107 -0.00894 -0.04255  0.05162  0.01440
                  z   0.00643  0.04490  0.05434 -0.01578  0.06722 -0.08513
 44   c           x   0.00838  0.01456  0.01670  0.01418  0.00502  0.01948
                  y   0.00037  0.01466 -0.00599 -0.03108  0.02818  0.00092
                  z  -0.01265  0.00279 -0.03045  0.02172  0.00061 -0.06460
 45   c           x   0.00720  0.01127  0.01325  0.00972  0.01366  0.02462
                  y   0.00302  0.01859  0.00124 -0.02421  0.01407 -0.00614
                  z  -0.00152  0.01181 -0.00469  0.02587  0.00676 -0.05536
 46   c           x   0.00617  0.01331  0.01679  0.01395  0.00489  0.02532
                  y   0.00683  0.02259  0.00560 -0.01413 -0.00113 -0.01180
                  z   0.00941 -0.02112 -0.04299  0.04597  0.00135 -0.03747
 47   c           x   0.00708  0.01723  0.02038  0.02215 -0.01015  0.01503
                  y   0.00538  0.01987  0.00192 -0.01347 -0.00249 -0.01297
                  z  -0.00566 -0.07009 -0.11217  0.05113  0.00643 -0.03173
 48   c           x   0.00821  0.01756  0.02199  0.02771 -0.01884  0.01076
                  y   0.00171  0.01711 -0.00150 -0.02073  0.01055 -0.00546
                  z  -0.02747 -0.06777 -0.13391  0.05606 -0.00016 -0.03681
 49   c           x   0.00792  0.01711  0.02023  0.02359 -0.01293  0.01205
                  y   0.00060  0.01545 -0.00462 -0.03040  0.02616  0.00044
                  z  -0.02776 -0.02479 -0.08818  0.03828 -0.00434 -0.04924
 50   n           x   0.00650  0.01868  0.02262  0.02442 -0.01570  0.01070
                  y   0.00613  0.01841  0.00012 -0.01037 -0.01218 -0.01940
                  z  -0.00025 -0.10586 -0.15049  0.04231  0.02885 -0.01658
 51   c           x   0.00803  0.01838  0.02076  0.02295 -0.01100  0.01312
                  y   0.00427  0.02188  0.00582 -0.01258 -0.02093 -0.02418
                  z   0.01262 -0.09548 -0.12278 -0.00736  0.03932 -0.01823
 52   c           x   0.00287  0.01953  0.02325  0.02394 -0.01730  0.00998
                  y   0.00027  0.02289  0.00552 -0.01535 -0.02691 -0.03139
                  z   0.01788 -0.12248 -0.16331 -0.05663  0.08276 -0.00690
 53   c           x   0.00449  0.01930  0.02295  0.02373 -0.01345  0.01395
                  y  -0.00472  0.02658  0.00977 -0.01632 -0.03751 -0.03970
                  z   0.01239 -0.11311 -0.15370 -0.07074  0.07618 -0.00716
 54   c           x   0.00857  0.01643  0.01998  0.02076  0.00042  0.02441
                  y  -0.00602  0.02757  0.01254 -0.01479 -0.04179 -0.04312
                  z   0.00300 -0.08550 -0.10450 -0.04268  0.01512 -0.03901
 55   n           x   0.01253  0.01912  0.02156  0.02143  0.00624  0.03081
                  y  -0.01237  0.02763  0.01382 -0.01662 -0.05006 -0.05004
                  z  -0.01453 -0.10191 -0.10711 -0.03410 -0.02696 -0.07331
 56   c           x   0.00946  0.01539  0.02284  0.02092 -0.00540  0.01780
                  y  -0.02177  0.02801  0.00982 -0.02071 -0.05513 -0.05613
                  z  -0.04528 -0.06398 -0.14708 -0.05714  0.05089  0.01858
 57   c           x   0.02206  0.01680  0.01596  0.02330  0.02114  0.04114
                  y  -0.01474  0.02355  0.00809 -0.01957 -0.04452 -0.04796
                  z   0.01284 -0.01519  0.02874 -0.00711 -0.12599 -0.10306
 58   c           x   0.01248  0.01349  0.01553  0.02124  0.00718  0.02842
                  y  -0.00147  0.02644  0.01309 -0.01331 -0.03574 -0.03808
                  z   0.00856 -0.04284 -0.04968 -0.01649 -0.01007 -0.04270
 59   c           x   0.01060  0.01354  0.01504  0.02072  0.00221  0.02182
                  y   0.00358  0.02556  0.01073 -0.00975 -0.02580 -0.02729
                  z   0.01599 -0.04932 -0.05953 -0.00242  0.00843 -0.02484
 60   s           x   0.00852  0.00983  0.01242  0.00922  0.01442  0.03106
                  y   0.00860  0.03251  0.01635  0.00657 -0.01985 -0.01287
                  z   0.04458  0.01552 -0.00682  0.12139 -0.02122  0.01267
 61   h           x   0.00499  0.01829  0.01116  0.01828  0.01775  0.01261
                  y  -0.00469  0.00284 -0.01346 -0.04742  0.04086 -0.00860
                  z   0.01132  0.01465 -0.01248  0.00743  0.00017 -0.04596
 62   h           x   0.02295  0.01831  0.03509  0.01818 -0.03143  0.01180
                  y  -0.01041  0.00449 -0.03355 -0.04617  0.07671  0.05044
                  z   0.00915  0.01485 -0.01691  0.00787  0.00668 -0.04289
 63   h           x   0.01004  0.01321  0.01738  0.01122  0.00376  0.02093
                  y  -0.01132  0.00006 -0.02983 -0.05236  0.07134  0.03194
                  z   0.02292  0.01261  0.01032  0.00801 -0.04977 -0.08962
 64   h           x   0.00171  0.00738  0.00533 -0.00436  0.04261  0.03406
                  y  -0.00714  0.00601 -0.01890 -0.05035  0.06632  0.01967
                  z   0.03299  0.03483  0.03690 -0.01483  0.07064 -0.16826
 65   h           x   0.01882 -0.00393 -0.01727 -0.00407  0.04228 -0.02092
                  y  -0.00058 -0.00619 -0.04608 -0.02353  0.00172 -0.00062
                  z  -0.00899  0.06578  0.09758 -0.02714  0.09685 -0.03224
 66   h           x  -0.02514  0.02253  0.03365 -0.01002  0.05244  0.11745
                  y  -0.00322  0.03371  0.04266 -0.05546  0.09081  0.02251
                  z  -0.00377  0.05980  0.08696 -0.02428  0.08892 -0.04922
 67   h           x   0.00443  0.00780  0.01015  0.00143  0.02676  0.03024
                  y   0.00298  0.01967  0.00337 -0.02516  0.01481 -0.00578
                  z  -0.00119  0.04127  0.04713  0.01605  0.00397 -0.05390
 68   h           x   0.00894  0.02002  0.02420  0.03532 -0.03196  0.00547
                  y   0.00152  0.01663 -0.00280 -0.01958  0.00912 -0.00572
                  z  -0.03421 -0.08920 -0.17971  0.06398  0.00702 -0.02845
 69   h           x   0.00797  0.01894  0.02298  0.02759 -0.02136  0.00804
                  y   0.00004  0.01316 -0.00903 -0.03542  0.03716  0.00581
                  z  -0.03948 -0.01807 -0.10122  0.04017 -0.00282 -0.04612
 70   h           x  -0.00176  0.02318  0.02670  0.02344 -0.02603  0.00294
                  y   0.00109  0.02063  0.00232 -0.01642 -0.02346 -0.02950
                  z   0.02030 -0.14648 -0.19836 -0.07309  0.11518  0.01007
 71   h           x   0.00177  0.01973  0.02416  0.02414 -0.01903  0.00886
                  y  -0.00711  0.02615  0.00868 -0.01846 -0.04170 -0.04534
                  z   0.02265 -0.12323 -0.17689 -0.09575  0.10526  0.00091
 72   h           x   0.04718  0.02277  0.06084  0.02315 -0.02729 -0.00640
                  y   0.00032  0.08227  0.01302 -0.04302  0.01423  0.02542
                  z  -0.03249 -0.03136 -0.14458 -0.07025  0.09163  0.06710
 73   h           x   0.01567  0.01892  0.02465  0.02219  0.00295  0.02739
                  y  -0.03381  0.02016  0.00478 -0.02166 -0.06867 -0.07188
                  z  -0.10449 -0.11622 -0.19194 -0.04549  0.01683 -0.02485
 74   h           x  -0.04311  0.00131 -0.01681  0.01534 -0.00502  0.01844
                  y  -0.04127 -0.01968  0.00504 -0.00331 -0.11456 -0.12589
                  z  -0.03222 -0.02231 -0.14604 -0.07423  0.10418  0.08215
 75   h           x   0.02461  0.01999  0.01680  0.02229  0.02736  0.04728
                  y  -0.02176  0.02737  0.00864 -0.02211 -0.04961 -0.05170
                  z  -0.00195 -0.11450  0.00703  0.03015 -0.23411 -0.21731
 76   h           x   0.04058  0.10679  0.05275 -0.00331  0.10091  0.13324
                  y  -0.02992 -0.03565 -0.08348 -0.03350  0.01785 -0.03050
                  z   0.03019  0.06417  0.09079 -0.01676 -0.10641 -0.05624
 77   h           x   0.00824 -0.07716 -0.02402  0.04769 -0.04477 -0.04050
                  y   0.00615  0.07674  0.09335 -0.00100 -0.10243 -0.06457
                  z   0.03086  0.06068  0.09541 -0.01135 -0.12103 -0.06834
 78   h           x   0.01723  0.01080  0.01293  0.02372  0.01499  0.03623
                  y  -0.00255  0.02899  0.01687 -0.01306 -0.03815 -0.03876
                  z  -0.00037 -0.01000 -0.00319 -0.01345 -0.03352 -0.04400

reduced mass(g/mol)   103.298   83.852   60.898   95.341   75.990   78.763


       mode              37       38       39       40       41       42

     frequency          51.83    53.47    54.14    56.01    56.31    58.88

     symmetry            a        a        a        a        a        a   

        IR               YES      YES      YES      YES      YES      YES
|dDIP/dQ|   (a.u.)     0.0002   0.0002   0.0003   0.0004   0.0004   0.0005
intensity (km/mol)       0.05     0.10     0.19     0.25     0.34     0.45
intensity (  %   )       0.02     0.04     0.07     0.10     0.13     0.18
 
       RAMAN             YES      YES      YES      YES      YES      YES
         (par,par)       3.40     0.79     1.32     1.36     1.20     4.67
         (ort,ort)       1.89     0.45     0.67     0.70     1.50     3.14
       (ort,unpol)       2.28     0.54     0.84     0.87     1.42     3.54
     depol. ratio        0.63     0.62     0.70     0.68     0.28     0.53
 
  1   ag          x   0.06593  0.12108 -0.07695  0.04475  0.05195  0.06210
                  y  -0.00914  0.04634  0.06883 -0.04133  0.09989  0.00413
                  z  -0.07066  0.03912  0.01679 -0.03080  0.02363  0.00043
  2   ag          x   0.04648  0.06750 -0.02409  0.02470  0.05460  0.03567
                  y   0.06661  0.01802 -0.19351  0.04123 -0.00905  0.03684
                  z   0.06813 -0.03364 -0.04727  0.07608 -0.04042  0.01835
  3   ag          x   0.02822  0.03563 -0.00227 -0.01464  0.02196  0.00641
                  y   0.06749 -0.11966 -0.07981  0.04083  0.02986 -0.01787
                  z   0.00225  0.04493 -0.01035 -0.00690  0.04784 -0.00157
  4   ag          x  -0.00645  0.08533 -0.05588 -0.07220 -0.06414 -0.01277
                  y   0.00592 -0.08680  0.09856  0.01036  0.06339 -0.02401
                  z   0.04447  0.00733  0.02923  0.00278  0.00176 -0.00660
  5   ag          x  -0.03049  0.10224 -0.17260 -0.14439 -0.15792 -0.03192
                  y  -0.08564  0.05239 -0.01355  0.00080  0.04127  0.02412
                  z  -0.01732 -0.01396 -0.02993  0.03284 -0.00655  0.01601
  6   ag          x   0.06349  0.01527  0.11715  0.01779  0.10109  0.00232
                  y   0.00392  0.07576 -0.09151  0.00634  0.01512  0.03564
                  z   0.10131 -0.02351  0.01144 -0.03414  0.04206  0.00972
  7   ag          x   0.08267 -0.02497  0.02365  0.04087  0.04894  0.00456
                  y   0.05271  0.00406 -0.12333  0.02731  0.00432  0.01764
                  z  -0.03347 -0.03255  0.03370 -0.04816 -0.03704 -0.01885
  8   ag          x   0.07368 -0.07495 -0.03605  0.03378 -0.00179 -0.01674
                  y   0.04606 -0.11014  0.04223  0.02543  0.06022 -0.01725
                  z  -0.05013 -0.03914  0.01954  0.02697  0.05915  0.01498
  9   ag          x   0.04217 -0.06416 -0.02619 -0.00950 -0.07181 -0.03903
                  y  -0.01680 -0.01594  0.08096  0.03759  0.07346  0.00795
                  z  -0.08941 -0.06682  0.03597 -0.00005  0.11219 -0.00804
 10   ag          x  -0.03988 -0.07583  0.00116 -0.00425 -0.12458 -0.03213
                  y  -0.05196  0.10786 -0.09059 -0.03359  0.01574  0.01937
                  z   0.11027  0.07052 -0.06334  0.04582 -0.07112  0.02242
 11   ag          x   0.04053 -0.07662  0.03202  0.05926  0.02443 -0.00149
                  y  -0.00613  0.11446 -0.04476 -0.00651 -0.00432  0.01365
                  z  -0.06525  0.00141  0.02834  0.03605  0.00770 -0.01256
 12   ag          x   0.04909 -0.11327 -0.06972  0.07955  0.00914 -0.00081
                  y   0.03543 -0.02222  0.03362 -0.00075 -0.00747 -0.01173
                  z   0.03259 -0.00653 -0.02375  0.02626  0.02312  0.01182
 13   ag          x   0.04388 -0.12014 -0.06628  0.06474  0.00950 -0.01078
                  y   0.03851 -0.09126  0.07727  0.00605  0.02577 -0.00054
                  z   0.14415  0.08303 -0.02384 -0.02924 -0.05356  0.04183
 14   ag          x  -0.00515 -0.08320  0.01988  0.10465 -0.03918 -0.00222
                  y  -0.02228 -0.00766  0.00499 -0.04093  0.05076  0.02057
                  z  -0.17346 -0.08450 -0.01241 -0.01189  0.04931  0.00061
 15   ag          x  -0.09978 -0.04891 -0.01030  0.14812 -0.07659  0.00547
                  y  -0.00295  0.05999 -0.06867 -0.04107 -0.00786 -0.00005
                  z   0.16011 -0.03776 -0.04967 -0.01432 -0.03578  0.04000
 16   ag          x   0.00918  0.00747 -0.08235  0.03368 -0.04454  0.00015
                  y  -0.01105  0.10016  0.12066 -0.03813 -0.05105 -0.02769
                  z   0.00994 -0.01679 -0.02893 -0.00642 -0.01529 -0.01165
 17   ag          x   0.03915 -0.02100 -0.08771  0.01126  0.00278 -0.00150
                  y   0.01452 -0.07330  0.06193 -0.00662 -0.10762 -0.01823
                  z  -0.18123 -0.02208 -0.02132  0.03708  0.04240 -0.01619
 18   ag          x   0.02004 -0.01964 -0.02024  0.03022  0.02322  0.00046
                  y   0.04158 -0.11734 -0.01163 -0.07564 -0.00272  0.00766
                  z   0.15717  0.06026  0.03520  0.00675  0.01816 -0.00910
 19   ag          x  -0.04198 -0.00350 -0.01562  0.06053 -0.00312  0.01889
                  y   0.02184 -0.01928  0.03659 -0.07015  0.04416  0.01596
                  z  -0.21027  0.08274  0.05605 -0.01786  0.01946 -0.02724
 20   ag          x  -0.11306 -0.01885 -0.12921  0.05871 -0.02581  0.02050
                  y   0.01016  0.04726  0.00822  0.08536 -0.02208 -0.00957
                  z   0.09527  0.03089  0.08611 -0.00814 -0.00620 -0.00229
 21   ag          x   0.03603  0.16565  0.09196 -0.03992 -0.00679 -0.02699
                  y  -0.01681  0.04255  0.16086 -0.01994 -0.15113 -0.04446
                  z   0.09934  0.01413  0.00290 -0.00802  0.02607  0.00808
 22   ag          x   0.05253  0.10638  0.08402 -0.04242 -0.00960 -0.01751
                  y   0.00915 -0.13546 -0.02516 -0.02722 -0.11792 -0.01918
                  z   0.06585 -0.00875  0.04664 -0.07705  0.02717  0.01833
 23   ag          x   0.05950  0.03540  0.07987 -0.06719  0.01166 -0.00102
                  y   0.02785 -0.09623 -0.00069 -0.11637  0.04769  0.00019
                  z   0.08738 -0.07051  0.01318 -0.00815 -0.01379  0.02704
 24   ag          x   0.03793 -0.00118  0.07153 -0.11099  0.04271  0.01408
                  y   0.06009  0.00556  0.13916  0.01358  0.03841  0.01246
                  z  -0.04454 -0.02312 -0.10899 -0.00006 -0.03285  0.00309
 25   ag          x  -0.08333  0.08045 -0.01511 -0.00648  0.09912  0.01846
                  y   0.01683  0.08438  0.05642  0.11697 -0.03217  0.03658
                  z  -0.08796 -0.00671  0.03619  0.00136 -0.00312 -0.00488
 26   ag          x  -0.09001  0.06783  0.01297 -0.01804  0.06030  0.01126
                  y  -0.04679 -0.08402 -0.09786 -0.15915  0.09176 -0.01584
                  z  -0.01544 -0.04074  0.00423 -0.04486 -0.00705 -0.01198
 27   ag          x  -0.02685  0.03172  0.00769 -0.04559 -0.02266  0.00236
                  y  -0.00317 -0.14190 -0.01393 -0.00546  0.08062  0.00290
                  z   0.00316  0.04363 -0.00275 -0.03622  0.00974  0.00228
 28   ag          x  -0.03543  0.06910 -0.02346 -0.10869 -0.04880 -0.01175
                  y  -0.00654  0.09655  0.09496  0.16517  0.09261  0.03858
                  z   0.00457  0.02566 -0.07606  0.03133 -0.04012 -0.00268
 29   ag          x  -0.11780  0.02281  0.13596  0.16112 -0.04918  0.00530
                  y  -0.03731  0.04722 -0.03505 -0.05797  0.04101  0.00768
                  z  -0.03347 -0.00348  0.02420  0.04001 -0.05469 -0.01480
 30   ag          x  -0.06495 -0.08783  0.04793  0.03644  0.00370 -0.00639
                  y  -0.06535 -0.06556 -0.03588 -0.04101  0.03200 -0.01262
                  z   0.02757  0.03192  0.01545 -0.03999 -0.08490 -0.01883
 31   ag          x   0.01429 -0.12857  0.05232 -0.07641  0.01259 -0.02438
                  y   0.01814 -0.03288  0.01074  0.10224  0.01000  0.02200
                  z   0.00626 -0.01414  0.03611 -0.05675 -0.03676  0.02178
 32   ag          x   0.07619 -0.04535  0.16380 -0.05533 -0.02539 -0.01092
                  y  -0.03681  0.14688 -0.04335  0.06460  0.03879  0.00275
                  z  -0.12999 -0.06234  0.05446 -0.01954 -0.04662  0.02712
 33   ag          x   0.00546 -0.09851  0.02236  0.02273  0.01779  0.00689
                  y  -0.04837  0.09143  0.02495 -0.03409 -0.03777 -0.01764
                  z  -0.04997 -0.00582  0.02571  0.01363 -0.01593 -0.03096
 34   ag          x  -0.01482 -0.14062 -0.02617 -0.04618  0.04706 -0.00490
                  y  -0.08605 -0.05507 -0.00723  0.08777 -0.09277 -0.00631
                  z  -0.00480  0.02601 -0.02904  0.00509 -0.10169  0.01183
 35   ag          x   0.02240 -0.11591  0.06971 -0.01172  0.03510  0.00290
                  y   0.01961 -0.03295 -0.11600  0.03256 -0.01684 -0.00459
                  z   0.11407 -0.01542  0.00697 -0.05489 -0.12314  0.03581
 36   ag          x   0.06556  0.02889  0.11334  0.06320 -0.03365  0.03857
                  y  -0.02052  0.14300  0.00486 -0.05085  0.00884 -0.03161
                  z  -0.11426 -0.05806  0.00171 -0.00231 -0.02556  0.03610
 37   ag          x  -0.06381  0.04510 -0.04933 -0.12158  0.13207 -0.01597
                  y  -0.01322  0.07432  0.10262  0.06778 -0.16089 -0.01282
                  z   0.04955  0.00642  0.04952 -0.05091  0.01909 -0.02209
 38   ag          x  -0.03575  0.03893 -0.02159 -0.06137  0.05270 -0.01232
                  y  -0.05498 -0.12181 -0.14375  0.03343 -0.11268 -0.00838
                  z  -0.04018 -0.01773  0.01747  0.02634 -0.02919 -0.02743
 39   ag          x  -0.07847  0.08161 -0.05455 -0.00921 -0.01250  0.00277
                  y   0.06185 -0.07045 -0.11263 -0.07960  0.02139 -0.02369
                  z  -0.04799 -0.01595  0.05905 -0.01955  0.01045  0.00663
 40   ag          x  -0.02057  0.16616 -0.06147 -0.01821 -0.05668  0.01124
                  y   0.03024  0.12055  0.06674  0.01162 -0.02779 -0.00178
                  z  -0.02078 -0.05422  0.00283  0.01031  0.00463  0.00681
 41   c           x  -0.00070 -0.00445 -0.01112 -0.00701  0.00396  0.00395
                  y   0.03346  0.01314  0.02384 -0.01504 -0.03925 -0.01777
                  z  -0.02513 -0.01213 -0.04602 -0.05231  0.05055  0.07753
 42   n           x   0.00666 -0.00135 -0.01078 -0.00809  0.00092  0.00033
                  y   0.02153  0.01161  0.01993 -0.01152 -0.03238 -0.01028
                  z  -0.03616  0.01293 -0.06539 -0.04117  0.05832  0.10319
 43   c           x   0.01820  0.00289 -0.00360 -0.00962 -0.01017 -0.01099
                  y   0.01969  0.01561  0.01933 -0.00994 -0.03454 -0.01124
                  z  -0.06861  0.04567 -0.07875 -0.02470  0.03690  0.10438
 44   c           x   0.00270 -0.00268 -0.00910 -0.00499  0.00443  0.00083
                  y   0.00998  0.01075  0.01667 -0.00774 -0.02400 -0.00408
                  z  -0.02059  0.02226 -0.04623 -0.01039  0.08035  0.06665
 45   c           x   0.00916 -0.00057 -0.00913 -0.00400  0.00201 -0.00305
                  y  -0.00052  0.01177  0.01516 -0.00519 -0.01869  0.00172
                  z  -0.02201  0.05038 -0.04971  0.01535  0.09547  0.06448
 46   c           x   0.00417 -0.00225 -0.00866 -0.00227  0.00505 -0.00196
                  y  -0.01230  0.01085  0.01463 -0.00308 -0.01265  0.00638
                  z  -0.00585  0.06986 -0.05415  0.04650  0.12886  0.02569
 47   c           x  -0.00443 -0.00554 -0.00644 -0.00625  0.00329  0.00431
                  y  -0.01107  0.01020  0.01508 -0.00313 -0.01198  0.00398
                  z   0.02212  0.06354 -0.06095  0.06470  0.14850 -0.02147
 48   c           x  -0.01144 -0.00422 -0.00772 -0.00409  0.00768  0.00591
                  y  -0.00211  0.00978  0.01656 -0.00558 -0.01848  0.00068
                  z   0.01436  0.03419 -0.03936  0.03696  0.12785 -0.01787
 49   c           x  -0.00714 -0.00412 -0.00855 -0.00467  0.00780  0.00540
                  y   0.00856  0.00957  0.01794 -0.00814 -0.02468 -0.00321
                  z  -0.00474  0.00945 -0.02784 -0.00304  0.09259  0.02715
 50   n           x  -0.00844 -0.00542 -0.00411 -0.00897  0.00100  0.00689
                  y  -0.01404  0.01095  0.01370 -0.00135 -0.00940  0.00232
                  z   0.06014  0.06724 -0.08753  0.10586  0.17872 -0.07547
 51   c           x  -0.00516 -0.00580 -0.00483 -0.00802  0.00087  0.00736
                  y  -0.01647  0.00814  0.01611 -0.00493 -0.01233  0.00276
                  z   0.08844  0.09538 -0.10576  0.13015  0.18430 -0.10170
 52   c           x  -0.00595 -0.00797  0.00055 -0.01467 -0.00480  0.00937
                  y  -0.00924  0.00493  0.01823 -0.00983 -0.01919 -0.00028
                  z   0.16532  0.10851 -0.15863  0.18408  0.21103 -0.18116
 53   c           x  -0.00710 -0.00899 -0.00054 -0.01310 -0.00342  0.01003
                  y  -0.00518  0.00485  0.02326 -0.01683 -0.02737 -0.00124
                  z   0.18749  0.13202 -0.17654  0.20345  0.20616 -0.22612
 54   c           x  -0.00803 -0.00874 -0.00537 -0.00585  0.00265  0.00967
                  y  -0.00835  0.00705  0.02553 -0.01896 -0.02979  0.00031
                  z   0.12611  0.14950 -0.13864  0.16890  0.17309 -0.19440
 55   n           x  -0.01298 -0.01213 -0.00524 -0.00443  0.00795  0.01656
                  y   0.00060  0.00363  0.03100 -0.02789 -0.04114 -0.00301
                  z   0.11646  0.17906 -0.15094  0.18491  0.14201 -0.24875
 56   c           x  -0.01411 -0.00725 -0.00114 -0.00976  0.00810  0.01421
                  y   0.01382  0.00031  0.03367 -0.02996 -0.05058 -0.01000
                  z   0.20673  0.11942 -0.17541  0.22590  0.09180 -0.27604
 57   c           x  -0.02005 -0.00905 -0.01703  0.00794  0.02687  0.02100
                  y   0.00880  0.00532  0.02585 -0.02308 -0.03908 -0.00897
                  z   0.00577  0.14469 -0.03081  0.06261  0.06788 -0.13920
 58   c           x  -0.00487 -0.00524 -0.01162  0.00149  0.00895  0.00418
                  y  -0.01701  0.00987  0.02336 -0.01432 -0.02263  0.00494
                  z   0.06269  0.13449 -0.08232  0.11884  0.16003 -0.10072
 59   c           x  -0.00068 -0.00348 -0.00915 -0.00106  0.00452  0.00303
                  y  -0.02025  0.01035  0.01801 -0.00733 -0.01323  0.00604
                  z   0.04823  0.10969 -0.07546  0.10425  0.16293 -0.06204
 60   s           x   0.01006  0.00118 -0.01245  0.00494  0.00849 -0.00751
                  y  -0.03005  0.00170  0.01813 -0.00751 -0.01303  0.01866
                  z  -0.05054  0.06261 -0.06165  0.07706  0.16693  0.04172
 61   h           x  -0.00775  0.00477 -0.00539  0.01824  0.01296 -0.01092
                  y   0.02414  0.02697 -0.00591 -0.03363 -0.03959  0.03066
                  z  -0.01809 -0.02304 -0.02763 -0.04376  0.04999  0.04701
 62   h           x  -0.00486 -0.01584 -0.01832 -0.02586  0.00256  0.02215
                  y   0.04249 -0.00015  0.05092  0.00238 -0.03764 -0.06489
                  z  -0.01789 -0.02168 -0.02389 -0.03703  0.05154  0.03870
 63   h           x   0.00505 -0.00461 -0.01209 -0.01303  0.00012  0.00496
                  y   0.04257  0.01311  0.02806 -0.01624 -0.04351 -0.02689
                  z  -0.03066 -0.01353 -0.07329 -0.08865  0.04493  0.13055
 64   h           x   0.01964  0.00193 -0.00765 -0.01347 -0.01261 -0.00788
                  y   0.03041  0.01427  0.02233 -0.01493 -0.04185 -0.01641
                  z  -0.08455  0.03789 -0.13762 -0.05738  0.02913  0.15976
 65   h           x   0.01635 -0.00851 -0.04328 -0.03820 -0.01812  0.02509
                  y   0.03515 -0.00747  0.02558 -0.02021 -0.01933 -0.00780
                  z  -0.07722  0.06833 -0.05448  0.00182  0.03243  0.07661
 66   h           x   0.03023  0.01549  0.04828  0.02045 -0.00977 -0.06105
                  y  -0.00567  0.03904  0.01054  0.00405 -0.04671 -0.00955
                  z  -0.07564  0.06175 -0.06264 -0.00688  0.03265  0.08632
 67   h           x   0.01948  0.00054 -0.00746 -0.00607 -0.00365 -0.00766
                  y  -0.00035  0.01170  0.01539 -0.00571 -0.01966  0.00262
                  z  -0.03264  0.04951 -0.04669  0.00833  0.08179  0.08773
 68   h           x  -0.02109 -0.00479 -0.00824 -0.00262  0.01345  0.00940
                  y  -0.00287  0.00935  0.01684 -0.00511 -0.01767 -0.00012
                  z   0.02673  0.02434 -0.02842  0.04313  0.12988 -0.05298
 69   h           x  -0.01231 -0.00585 -0.00834 -0.00493  0.00880  0.00844
                  y   0.01490  0.01047  0.01847 -0.00873 -0.02700 -0.00742
                  z  -0.01122 -0.01789 -0.00779 -0.02606  0.06522  0.02168
 70   h           x  -0.00412 -0.01084  0.00723 -0.02324 -0.01318  0.01240
                  y  -0.00670  0.00427  0.01582 -0.00744 -0.01675 -0.00240
                  z   0.20089  0.09628 -0.17960  0.20273  0.23113 -0.20536
 71   h           x  -0.00720 -0.00913  0.00233 -0.01679 -0.00660  0.01111
                  y   0.00065  0.00512  0.02319 -0.01831 -0.03038 -0.00518
                  z   0.24269  0.13733 -0.21076  0.23499  0.21568 -0.27638
 72   h           x  -0.04859 -0.00345  0.03410 -0.05550  0.03956  0.06297
                  y   0.06726 -0.06263  0.04993 -0.04037 -0.05597  0.02937
                  z   0.23805  0.08175 -0.16524  0.21934  0.08757 -0.25251
 73   h           x  -0.01585 -0.01077 -0.00203 -0.00931  0.01065  0.02019
                  y   0.01605  0.00760  0.03199 -0.02719 -0.05580 -0.02324
                  z   0.20585  0.16492 -0.22510  0.28294  0.06562 -0.36192
 74   h           x   0.01887 -0.00534 -0.03220  0.03560 -0.02841 -0.04566
                  y  -0.03055  0.05805  0.01691 -0.01949 -0.04380 -0.04869
                  z   0.24922  0.06909 -0.16344  0.22105  0.08370 -0.24833
 75   h           x  -0.02046 -0.01160 -0.01749  0.00781  0.02970  0.02708
                  y   0.01589  0.00033  0.03246 -0.02915 -0.05044 -0.00876
                  z  -0.02269  0.23323 -0.06162  0.10373  0.07314 -0.28368
 76   h           x  -0.01237 -0.08382  0.02152 -0.03949  0.01930  0.15485
                  y   0.07478  0.03037 -0.05735  0.06327  0.01418 -0.08508
                  z  -0.01842  0.08929  0.02862 -0.00324  0.03933 -0.02726
 77   h           x  -0.02593  0.06823 -0.06445  0.06264  0.04553 -0.11254
                  y  -0.06437 -0.01753  0.09945 -0.09966 -0.08004  0.06507
                  z  -0.02696  0.09401  0.03223 -0.00601  0.03623 -0.03321
 78   h           x  -0.00691 -0.00143 -0.01809  0.00958  0.01749  0.00030
                  y  -0.02097  0.00955  0.02613 -0.01690 -0.02495  0.00843
                  z   0.01025  0.13191 -0.05136  0.09088  0.13601 -0.05620

reduced mass(g/mol)    58.102   69.556   60.625   45.417   46.737    9.961


       mode              43       44       45       46       47       48

     frequency          59.64    60.98    61.85    63.41    63.51    64.25

     symmetry            a        a        a        a        a        a   

        IR               YES      YES      YES      YES      YES      YES
|dDIP/dQ|   (a.u.)     0.0007   0.0001   0.0003   0.0003   0.0002   0.0001
intensity (km/mol)       0.77     0.02     0.12     0.18     0.10     0.03
intensity (  %   )       0.30     0.01     0.05     0.07     0.04     0.01
 
       RAMAN             YES      YES      YES      YES      YES      YES
         (par,par)       1.94     0.53     1.51     1.90     3.79     0.44
         (ort,ort)       1.04     1.01     0.86     3.07     1.81     0.69
       (ort,unpol)       1.28     0.89     1.03     2.77     2.33     0.63
     depol. ratio        0.66     0.19     0.62     0.22     0.74     0.23
 
  1   ag          x  -0.00319  0.06188  0.04321 -0.06182  0.00785  0.01878
                  y   0.09232 -0.04518  0.03106  0.04594 -0.01353 -0.06881
                  z   0.05060  0.03790 -0.02992 -0.02489 -0.00838  0.02236
  2   ag          x   0.01040  0.00164  0.03816 -0.01880 -0.01203 -0.02346
                  y  -0.08952  0.02718  0.02548 -0.13053  0.04818  0.07677
                  z  -0.08616 -0.18543  0.15187  0.01680  0.04139  0.03383
  3   ag          x  -0.00899 -0.01807 -0.02103  0.00866 -0.02902 -0.01578
                  y   0.02759 -0.02940 -0.10950  0.04184  0.01972 -0.08410
                  z   0.06318  0.28897 -0.22242 -0.04279  0.01083 -0.10695
  4   ag          x  -0.06053 -0.01964 -0.06692 -0.00200 -0.02639  0.03154
                  y   0.05206 -0.13490 -0.05859  0.21555 -0.08666  0.05490
                  z  -0.02558 -0.21208  0.15881  0.06257 -0.07444  0.10693
  5   ag          x  -0.13294 -0.11528 -0.01857 -0.00540  0.08012 -0.01452
                  y  -0.10258  0.05969  0.06769  0.05259  0.01990  0.09790
                  z   0.00628  0.07161 -0.03958  0.00440  0.01920 -0.03865
  6   ag          x   0.04194 -0.01557  0.03453  0.06274 -0.01381 -0.17655
                  y   0.00598  0.01665  0.02153 -0.03953  0.01515  0.08143
                  z  -0.03665  0.16358  0.09206  0.09994 -0.03829 -0.04809
  7   ag          x  -0.02382 -0.01371  0.01290 -0.04563  0.03099 -0.08344
                  y  -0.03227  0.02156  0.01266 -0.03545  0.01286 -0.02786
                  z  -0.04303  0.00690  0.01009  0.00519 -0.03211 -0.00703
  8   ag          x  -0.01196 -0.01882 -0.02542 -0.05728  0.02657 -0.04953
                  y   0.04114 -0.05328 -0.06490  0.08504  0.00181 -0.06380
                  z   0.03493 -0.02153 -0.03624 -0.00516  0.05390 -0.01748
  9   ag          x   0.01986 -0.09796 -0.04875  0.02215 -0.01431 -0.03360
                  y  -0.02224  0.00484 -0.00151  0.05129 -0.05409  0.08669
                  z  -0.04627  0.04830 -0.03823  0.03565  0.02194  0.04646
 10   ag          x  -0.00342 -0.06841 -0.00065  0.06519  0.01562 -0.05011
                  y  -0.09078  0.04260  0.04550 -0.03529  0.04438  0.03672
                  z   0.02008 -0.06676 -0.03896  0.01604 -0.08994 -0.05608
 11   ag          x  -0.02202 -0.01550 -0.10976 -0.03821  0.05258  0.05280
                  y   0.00646 -0.01220  0.04104  0.01659 -0.01966  0.00941
                  z   0.08945 -0.25835 -0.12298 -0.19623  0.01482  0.05087
 12   ag          x  -0.03616  0.03254 -0.06971 -0.04905  0.03038  0.05390
                  y  -0.00509 -0.00488 -0.00607 -0.02452  0.00033 -0.08540
                  z   0.03087  0.02841 -0.02526  0.01727  0.04537  0.00432
 13   ag          x   0.04779 -0.01653 -0.03960  0.00131 -0.01748  0.00974
                  y  -0.00068  0.02461 -0.02362 -0.01295  0.00116  0.02347
                  z  -0.00801 -0.01528  0.05305 -0.01934 -0.04331 -0.04323
 14   ag          x   0.08543 -0.00124 -0.00884  0.00505 -0.09741 -0.01430
                  y  -0.00536  0.01184 -0.00387 -0.05134 -0.00074  0.05770
                  z  -0.05436  0.01446 -0.00231 -0.03234  0.04331  0.01725
 15   ag          x   0.05098  0.05516  0.02355 -0.00641 -0.11826 -0.03465
                  y  -0.02950  0.00068  0.01839 -0.02553  0.08716 -0.05969
                  z   0.06060 -0.06762 -0.09610  0.07781 -0.02248 -0.01953
 16   ag          x  -0.04243  0.06833 -0.10391  0.17434  0.03597  0.22246
                  y  -0.02350 -0.06936 -0.03499 -0.04749 -0.01414 -0.10245
                  z  -0.06958  0.23135  0.09580  0.15186 -0.05008  0.01605
 17   ag          x   0.00732  0.03087 -0.03945  0.11127  0.00661  0.09132
                  y  -0.04168  0.07423 -0.05628 -0.05013  0.01036  0.02016
                  z   0.00293 -0.04154 -0.02973  0.01589 -0.00102  0.03957
 18   ag          x   0.07536 -0.00021 -0.00685  0.02959 -0.00848  0.01368
                  y   0.03735  0.02475 -0.01086 -0.03362  0.03976  0.08524
                  z   0.00707 -0.00846  0.01349  0.03054 -0.00930 -0.02767
 19   ag          x   0.07657  0.02917  0.00375 -0.07646 -0.03949 -0.03217
                  y   0.05899 -0.02468  0.00005 -0.05346  0.02309 -0.00215
                  z  -0.11434  0.02577  0.12254 -0.04306  0.02371 -0.05773
 20   ag          x   0.06323  0.02720  0.00738 -0.07290 -0.01058 -0.07413
                  y   0.01276  0.05976  0.00553 -0.00712  0.02138 -0.10066
                  z   0.02819 -0.00531  0.00248 -0.00456 -0.01657  0.01154
 21   ag          x  -0.06140 -0.00038  0.02255  0.17293  0.03565 -0.02662
                  y  -0.11996  0.08339 -0.10200  0.00089  0.00727 -0.04785
                  z   0.03945 -0.06303 -0.00688 -0.04329  0.01821  0.02368
 22   ag          x  -0.03940  0.00400  0.02829  0.05088  0.02525 -0.03869
                  y  -0.00794  0.09149 -0.05104 -0.02913  0.02405  0.09294
                  z  -0.03751  0.01633 -0.03614 -0.01999  0.02937  0.06518
 23   ag          x  -0.01439 -0.00694  0.04223 -0.08928  0.02205 -0.04366
                  y   0.08111 -0.01413  0.02612  0.02078  0.07811  0.10410
                  z   0.00270  0.00760 -0.07879 -0.02289 -0.01288  0.06115
 24   ag          x  -0.00019 -0.04104  0.06868 -0.22074  0.01150 -0.06905
                  y   0.07045  0.01358 -0.01742 -0.08690 -0.03639 -0.03019
                  z  -0.01205  0.01223 -0.00888  0.05527  0.04047  0.01117
 25   ag          x   0.21034 -0.04937  0.10719  0.03529 -0.05031  0.10347
                  y   0.04604  0.08298  0.03686  0.09796  0.00766 -0.00611
                  z   0.08023 -0.02274  0.03711  0.05767 -0.03680  0.05138
 26   ag          x   0.13033  0.11834 -0.01398  0.04032 -0.01569  0.06818
                  y   0.09427  0.06452  0.04400 -0.12083 -0.10891  0.04603
                  z   0.00250  0.05499 -0.01480  0.00797 -0.04349 -0.01554
 27   ag          x  -0.02067 -0.04941  0.01442  0.05100 -0.07258  0.10170
                  y  -0.10222 -0.02067  0.03606  0.06962  0.21550 -0.03512
                  z  -0.06000  0.08402 -0.07382 -0.04831  0.03129  0.00303
 28   ag          x  -0.04948  0.07918 -0.19757  0.01646 -0.07204  0.01531
                  y  -0.24997 -0.04881 -0.10159 -0.05055 -0.15857  0.08977
                  z  -0.09450 -0.11716  0.07111 -0.03269  0.06394 -0.02433
 29   ag          x   0.07621 -0.03719  0.04692  0.08225  0.12787 -0.01643
                  y   0.10028 -0.07329  0.01749 -0.06644 -0.12550  0.05007
                  z  -0.00842 -0.05007 -0.01031 -0.03194  0.04435  0.08497
 30   ag          x   0.03466  0.02047  0.07718 -0.03550  0.03180 -0.01341
                  y   0.04727  0.06089  0.02777  0.01977  0.08559 -0.00251
                  z  -0.01012  0.05675  0.16669  0.00961 -0.10830  0.07491
 31   ag          x  -0.01965  0.01690  0.09576  0.01679  0.09135 -0.00426
                  y  -0.11144 -0.05651  0.06038  0.01446  0.03741  0.02095
                  z   0.02937  0.00719 -0.03199 -0.02005 -0.02141  0.01615
 32   ag          x  -0.08921 -0.01754  0.03989 -0.05337  0.07615  0.07123
                  y  -0.07724 -0.01339 -0.06776 -0.01604 -0.13483 -0.03536
                  z   0.02802 -0.00529 -0.01715  0.02362  0.00388 -0.07154
 33   ag          x  -0.12744  0.04581  0.07735 -0.05249 -0.11944 -0.05910
                  y   0.03986  0.00744 -0.02762  0.11647  0.01982  0.05439
                  z  -0.00087 -0.08031 -0.03846 -0.08794 -0.06642 -0.03950
 34   ag          x  -0.08559  0.05510  0.10765 -0.03296 -0.08782 -0.07030
                  y  -0.01816  0.01276  0.05694 -0.03537  0.02777 -0.01158
                  z   0.08882 -0.01758  0.01814  0.01739 -0.03238  0.03639
 35   ag          x  -0.04654  0.02915  0.07267 -0.03700  0.04727  0.06040
                  y   0.00778 -0.02459  0.04237  0.06797 -0.06401 -0.10107
                  z   0.09416  0.02051  0.02805  0.01297 -0.00464  0.01144
 36   ag          x  -0.02249  0.09521  0.00714 -0.07334  0.00518  0.09699
                  y   0.08394 -0.02475  0.04422  0.01041  0.02531 -0.06448
                  z   0.04155 -0.02980 -0.02632  0.06294 -0.04960 -0.08788
 37   ag          x  -0.12745 -0.17319 -0.16283  0.06423 -0.11036 -0.00522
                  y   0.02355 -0.08817 -0.08776 -0.03865  0.08477  0.06089
                  z  -0.08614  0.11697  0.01601  0.03997 -0.03984 -0.07635
 38   ag          x  -0.09337 -0.05249 -0.03196 -0.00288 -0.04406 -0.02590
                  y  -0.03803  0.01779  0.06462  0.00475 -0.12756 -0.15150
                  z   0.07816  0.00425  0.00319 -0.10787  0.02214 -0.00706
 39   ag          x   0.02753  0.01323  0.02656  0.00498  0.06471 -0.02760
                  y   0.11027 -0.09804  0.01555  0.10549 -0.00891 -0.05866
                  z  -0.01579  0.03645  0.03947 -0.06057  0.03231  0.07348
 40   ag          x   0.20472  0.03945 -0.00320  0.00107  0.12852 -0.01653
                  y   0.11610  0.03524  0.01978 -0.02644  0.04110 -0.01943
                  z   0.00087 -0.00587 -0.02576 -0.01201 -0.03586  0.00516
 41   c           x  -0.00513 -0.00631 -0.00697  0.00542  0.00120  0.00396
                  y   0.04283 -0.00345  0.04447 -0.02347 -0.04715  0.02542
                  z  -0.02363 -0.17958 -0.05097  0.05899  0.12645 -0.11043
 42   n           x   0.00074 -0.00274  0.00109  0.00740 -0.00501  0.00388
                  y   0.02861 -0.00651  0.03490 -0.01508 -0.03215  0.01827
                  z  -0.08123 -0.13878 -0.01188  0.16390  0.15886 -0.17399
 43   c           x   0.01870  0.00032  0.01946 -0.00963 -0.03161  0.01495
                  y   0.03007 -0.00806  0.04246 -0.01642 -0.03834  0.02079
                  z  -0.10216 -0.12532  0.07843  0.18334  0.09456 -0.15846
 44   c           x  -0.00395 -0.00036 -0.00607  0.00433 -0.00049  0.00435
                  y   0.01509 -0.00737  0.02507 -0.00844 -0.01784  0.01116
                  z  -0.05319 -0.10579 -0.05076  0.09381  0.15748 -0.13697
 45   c           x   0.00044  0.00370 -0.00098  0.00253 -0.00621  0.00901
                  y   0.00329 -0.00718  0.01967 -0.00190 -0.00749  0.00345
                  z  -0.09238 -0.07362 -0.03442  0.10488  0.15923 -0.14390
 46   c           x  -0.00318  0.00490 -0.00638  0.00233 -0.00235  0.00746
                  y  -0.00692 -0.00635  0.01056  0.00265  0.00331 -0.00402
                  z  -0.06895 -0.04271 -0.06369  0.06261  0.16461 -0.11743
 47   c           x  -0.00990  0.00503 -0.01019  0.00572  0.00121  0.00189
                  y  -0.00277 -0.00487  0.00803 -0.00150  0.00308 -0.00154
                  z   0.00957 -0.02221 -0.10124  0.00236  0.16062 -0.06786
 48   c           x  -0.01436  0.00468 -0.01553  0.00751  0.00872 -0.00171
                  y   0.00647 -0.00529  0.01475 -0.00557 -0.00687  0.00482
                  z   0.05345 -0.04553 -0.13198 -0.01849  0.16311 -0.06352
 49   c           x  -0.01140  0.00151 -0.01411  0.00752  0.00803 -0.00095
                  y   0.01433 -0.00701  0.02366 -0.00949 -0.01769  0.01137
                  z   0.01544 -0.09259 -0.10743  0.02116  0.15761 -0.09569
 50   n           x  -0.01089  0.00360 -0.01021  0.00666  0.00256 -0.00130
                  y  -0.00243 -0.00134  0.00576 -0.00279  0.00471 -0.00114
                  z   0.05226  0.01521 -0.10537 -0.04475  0.13278 -0.01095
 51   c           x  -0.01119  0.00339 -0.01107  0.00784  0.00282 -0.00099
                  y  -0.00454  0.00128  0.01128 -0.00347 -0.00077 -0.00164
                  z   0.02108  0.03071 -0.04174 -0.04252  0.10498  0.00542
 52   c           x  -0.00983  0.00385 -0.00750  0.00643 -0.00210 -0.00212
                  y   0.00214  0.00559  0.01899 -0.00925 -0.01432  0.00300
                  z   0.08680  0.07005 -0.01680 -0.09443  0.04983  0.08523
 53   c           x  -0.01096  0.00356 -0.01042  0.00783  0.00037 -0.00182
                  y   0.00237  0.00712  0.03005 -0.01162 -0.02554  0.00316
                  z   0.07722  0.08336  0.03880 -0.10485  0.01553  0.11253
 54   c           x  -0.01031  0.00224 -0.01752  0.00861  0.00554  0.00043
                  y  -0.00183  0.00571  0.03357 -0.00983 -0.02432 -0.00025
                  z  -0.00719  0.06161  0.08089 -0.06582  0.04269  0.06008
 55   n           x  -0.01479 -0.00191 -0.02687  0.01167  0.01109 -0.00388
                  y   0.00641  0.01061  0.04396 -0.01539 -0.03824  0.00407
                  z  -0.00568  0.08242  0.14309 -0.06757  0.02955  0.08482
 56   c           x  -0.01747  0.00323 -0.01922  0.00789  0.01251 -0.00432
                  y   0.02169  0.01638  0.05350 -0.02328 -0.05675  0.01114
                  z   0.12015  0.06958  0.13173 -0.08653 -0.09330  0.13627
 57   c           x  -0.02647 -0.00874 -0.04504  0.02033  0.03103 -0.00925
                  y   0.01138  0.01256  0.04489 -0.01704 -0.04048  0.00846
                  z  -0.08408  0.05006  0.15729 -0.04860  0.03896  0.00896
 58   c           x  -0.00913  0.00244 -0.01986  0.00778  0.00874  0.00408
                  y  -0.01117  0.00134  0.02608 -0.00356 -0.01121 -0.00558
                  z  -0.08450  0.01905  0.05552 -0.01848  0.08612 -0.02308
 59   c           x  -0.00723  0.00378 -0.01335  0.00617  0.00336  0.00480
                  y  -0.01290 -0.00120  0.01395  0.00027  0.00112 -0.00692
                  z  -0.06369  0.00690 -0.00331 -0.00348  0.11573 -0.04492
 60   s           x  -0.00224  0.00695 -0.00533 -0.00102 -0.00229  0.01411
                  y  -0.02473 -0.01029 -0.00084  0.00973  0.00780 -0.01690
                  z  -0.14681 -0.05436 -0.11146  0.07441  0.18576 -0.14947
 61   h           x  -0.00169  0.01675 -0.01304 -0.00786  0.00275  0.00883
                  y  -0.02440  0.00547  0.09073  0.10506 -0.01012 -0.05107
                  z   0.02168 -0.19265 -0.08261 -0.02695  0.10249 -0.05960
 62   h           x  -0.01629 -0.03213 -0.01382  0.01797  0.01287 -0.00386
                  y   0.10941 -0.01530 -0.00216 -0.14786 -0.08071  0.09808
                  z   0.03004 -0.18721 -0.08673 -0.04107  0.09809 -0.05181
 63   h           x  -0.00210 -0.00929 -0.00075  0.00963 -0.00276  0.00239
                  y   0.05845 -0.00402  0.04666 -0.03936 -0.05944  0.03601
                  z  -0.08120 -0.19804 -0.01920  0.16754  0.16072 -0.17473
 64   h           x   0.01784 -0.00089  0.02555  0.00268 -0.03160  0.01083
                  y   0.04145 -0.00581  0.05227 -0.01931 -0.05106  0.02354
                  z  -0.14951 -0.14843  0.12305  0.34461  0.13459 -0.21875
 65   h           x  -0.00602 -0.01395  0.04860  0.10300 -0.00486 -0.02732
                  y   0.03466 -0.01568 -0.01723 -0.02220  0.00726  0.00877
                  z  -0.08721 -0.11095  0.09624  0.10653  0.04575 -0.12037
 66   h           x   0.05971  0.02319 -0.00161 -0.14958 -0.08142  0.07019
                  y   0.01170  0.00542  0.09800 -0.00370 -0.07753  0.03310
                  z  -0.09284 -0.11577  0.09258  0.13284  0.06026 -0.13187
 67   h           x   0.00823  0.00576  0.00806 -0.00076 -0.01732  0.01519
                  y   0.00144 -0.00707  0.02152 -0.00047 -0.00863  0.00274
                  z  -0.14173 -0.07106 -0.00343  0.13969  0.14832 -0.16677
 68   h           x  -0.02168  0.00468 -0.02437  0.01052  0.01838 -0.00791
                  y   0.00758 -0.00463  0.01255 -0.00699 -0.00609  0.00539
                  z   0.10991 -0.02311 -0.16221 -0.07016  0.14948 -0.02647
 69   h           x  -0.01573  0.00191 -0.01797  0.00950  0.01245 -0.00430
                  y   0.02180 -0.00848  0.02779 -0.01332 -0.02412  0.01653
                  z   0.04545 -0.10722 -0.11905 -0.00517  0.13680 -0.07998
 70   h           x  -0.00915  0.00448 -0.00055  0.00576 -0.01138 -0.00344
                  y   0.00690  0.00687  0.01583 -0.01152 -0.01451  0.00615
                  z   0.14932  0.08835 -0.04559 -0.12548  0.03378  0.12487
 71   h           x  -0.01114  0.00373 -0.00730  0.00751 -0.00169 -0.00362
                  y   0.00819  0.01008  0.03525 -0.01603 -0.03350  0.00701
                  z   0.13282  0.10950  0.05077 -0.14215 -0.03319  0.16943
 72   h           x  -0.05476  0.00447 -0.04556 -0.00328  0.04990 -0.02986
                  y   0.11533 -0.00072 -0.00609 -0.05861 -0.13986  0.03433
                  z   0.17544  0.05929  0.09696 -0.10720 -0.14300  0.14982
 73   h           x  -0.01826 -0.00124 -0.02802  0.01046  0.01491 -0.00598
                  y   0.02109  0.02356  0.07015 -0.02482 -0.05898  0.01404
                  z   0.09159  0.08654  0.20820 -0.05329 -0.07217  0.14840
 74   h           x   0.01794  0.01211  0.02550  0.01478 -0.02882  0.02210
                  y  -0.05732  0.03226  0.10817  0.00498  0.01550 -0.00643
                  z   0.19472  0.05672  0.08839 -0.11273 -0.16163  0.15523
 75   h           x  -0.02925 -0.01293 -0.05183  0.02291  0.03367 -0.01291
                  y   0.02168  0.01507  0.05316 -0.02308 -0.05665  0.01039
                  z  -0.08214  0.13241  0.26279 -0.07146  0.07646  0.08496
 76   h           x  -0.04573 -0.08192 -0.13443  0.04551  0.01031 -0.08385
                  y   0.05961  0.03453  0.03471 -0.02734 -0.04150  0.05971
                  z  -0.11596 -0.00254  0.10960 -0.02958  0.02621 -0.05708
 77   h           x  -0.01377  0.06090  0.03330  0.00139  0.06483  0.06445
                  y  -0.04392 -0.01059  0.04529 -0.00135 -0.02659 -0.04340
                  z  -0.11964  0.00260  0.11869 -0.03076  0.02894 -0.05490
 78   h           x  -0.01037  0.00234 -0.02660  0.00953  0.01914  0.00629
                  y  -0.01615 -0.00057  0.02779 -0.00147 -0.01135 -0.00923
                  z  -0.14783 -0.00703  0.07211  0.00971  0.09054 -0.06931

reduced mass(g/mol)    64.142   69.113   55.482   57.053   49.049   53.027


       mode              49       50       51       52       53       54

     frequency          65.17    65.97    67.74    67.91    69.18    70.14

     symmetry            a        a        a        a        a        a   

        IR               YES      YES      YES      YES      YES      YES
|dDIP/dQ|   (a.u.)     0.0005   0.0005   0.0004   0.0002   0.0004   0.0001
intensity (km/mol)       0.40     0.50     0.35     0.06     0.35     0.04
intensity (  %   )       0.16     0.19     0.14     0.02     0.14     0.01
 
       RAMAN             YES      YES      YES      YES      YES      YES
         (par,par)       0.68     0.25     0.70     0.73     3.66     3.95
         (ort,ort)       0.74     0.13     1.15     1.22     4.05     4.09
       (ort,unpol)       0.72     0.16     1.04     1.09     3.94     4.06
     depol. ratio        0.32     0.70     0.21     0.21     0.32     0.34
 
  1   ag          x  -0.00128  0.02995 -0.07507 -0.10517  0.08504 -0.00732
                  y   0.00287  0.00407  0.00876 -0.09086 -0.03955 -0.03147
                  z  -0.00291  0.01900 -0.02690 -0.01864 -0.01509 -0.01855
  2   ag          x   0.00712  0.00508 -0.01651 -0.04401  0.01314 -0.01035
                  y   0.00467 -0.00979  0.00826 -0.02560  0.03679  0.06428
                  z   0.00592 -0.01921  0.05879 -0.02550  0.04631  0.01133
  3   ag          x   0.00301  0.00709  0.00498 -0.04085 -0.05239  0.04604
                  y  -0.01009 -0.01873  0.03677  0.08047 -0.12799 -0.10859
                  z   0.01612  0.06128 -0.12369  0.03439 -0.07560 -0.02307
  4   ag          x  -0.01046 -0.00380  0.00220 -0.02326 -0.03246  0.07446
                  y  -0.06770 -0.01886 -0.06069  0.01197 -0.02367  0.00416
                  z  -0.01915 -0.04381  0.11045 -0.01110  0.03084 -0.04140
  5   ag          x  -0.00690 -0.03087  0.01376  0.04265 -0.07417  0.15315
                  y  -0.02259  0.00932 -0.17341 -0.09467 -0.01076  0.01299
                  z   0.00653  0.02723 -0.09783 -0.01208 -0.00057 -0.00113
  6   ag          x   0.01363  0.00179 -0.01254 -0.03795  0.00263 -0.08995
                  y  -0.00805  0.00971 -0.01700 -0.04789  0.05023  0.04170
                  z  -0.01748 -0.02399  0.04509  0.05021  0.06578  0.01866
  7   ag          x   0.01678 -0.00590 -0.00487 -0.01972 -0.00609 -0.01185
                  y   0.00146 -0.00849  0.00839 -0.00054 -0.00769 -0.02428
                  z   0.01262 -0.02280 -0.00592 -0.02576  0.05040  0.01497
  8   ag          x   0.02115 -0.00069 -0.00025  0.05609 -0.07034 -0.04131
                  y  -0.00825 -0.01110  0.02251  0.00179 -0.06202 -0.03287
                  z  -0.02747 -0.03408  0.03043 -0.06792  0.08081 -0.08104
  9   ag          x  -0.00564  0.00041 -0.04937  0.08899  0.01774  0.01864
                  y  -0.02785  0.00753 -0.09507 -0.01195 -0.00371  0.02176
                  z   0.00604 -0.00227  0.01837 -0.07463 -0.02776  0.02135
 10   ag          x  -0.00808  0.01921 -0.11041  0.00966  0.08260 -0.10292
                  y   0.00329 -0.00767 -0.01851 -0.02253 -0.04423  0.02633
                  z   0.00640 -0.01221 -0.01400  0.02987 -0.02577  0.12274
 11   ag          x  -0.01473 -0.01272 -0.02957  0.03108  0.02138  0.00461
                  y   0.00812  0.00804 -0.04922 -0.02521  0.03510 -0.04215
                  z   0.01551  0.01885 -0.04398 -0.12008 -0.12493 -0.07120
 12   ag          x  -0.00637 -0.02116 -0.01929  0.03949 -0.00286 -0.00023
                  y   0.01477 -0.00461  0.01733 -0.01158 -0.04080  0.01421
                  z  -0.00511 -0.01457  0.01146 -0.02068  0.10023  0.10365
 13   ag          x   0.01464  0.00133 -0.00731  0.03264 -0.02280  0.00581
                  y  -0.00117  0.00795  0.02461 -0.00086 -0.02343  0.03188
                  z   0.02160 -0.00276 -0.03115  0.05473 -0.08091 -0.08297
 14   ag          x   0.00237  0.01133 -0.02735 -0.01615  0.04745  0.08051
                  y  -0.00157 -0.00149 -0.00043  0.04730 -0.01646  0.02142
                  z  -0.00583 -0.00674  0.02253  0.03116 -0.03242  0.06955
 15   ag          x  -0.00020  0.00264 -0.00529 -0.09441  0.01979  0.16971
                  y   0.02274  0.00434  0.03121  0.04538  0.03849 -0.22271
                  z   0.01720 -0.00241 -0.02203  0.02365  0.06485 -0.13043
 16   ag          x  -0.02395 -0.00257 -0.00666  0.02964  0.02822 -0.08653
                  y   0.02935 -0.00831 -0.02825 -0.04244  0.04408  0.02277
                  z   0.03263 -0.02058  0.00895  0.11436  0.04490  0.01777
 17   ag          x  -0.00251 -0.00121  0.01077 -0.03485 -0.06626 -0.06429
                  y  -0.01352 -0.00481  0.08446 -0.00964  0.01650 -0.00807
                  z   0.00357  0.01036 -0.03369 -0.03586  0.02974  0.03424
 18   ag          x   0.02125  0.01206  0.02991 -0.01429  0.02714  0.01096
                  y   0.01036  0.00948  0.02038 -0.00567 -0.02153  0.00903
                  z   0.00347  0.00187  0.00070  0.01744  0.01067 -0.05009
 19   ag          x   0.02058  0.00335  0.08790  0.03042  0.05752 -0.01429
                  y   0.01882  0.00007 -0.00068  0.07087  0.03071  0.04705
                  z  -0.01090 -0.00285 -0.00801 -0.01462 -0.04944 -0.05516
 20   ag          x   0.05644  0.00470  0.09824  0.04731  0.16820 -0.16548
                  y   0.00502 -0.00220  0.11012 -0.05567 -0.02728 -0.09758
                  z  -0.02596 -0.00133 -0.03482  0.00408 -0.04381  0.05502
 21   ag          x  -0.03109 -0.02658 -0.06052 -0.14249 -0.04884 -0.02048
                  y   0.00027 -0.03518  0.08367  0.02581  0.18491  0.02311
                  z  -0.01875  0.00610 -0.02032 -0.09763 -0.06356 -0.03932
 22   ag          x  -0.03031 -0.01053 -0.01495 -0.07926 -0.06230  0.00236
                  y  -0.03749 -0.00457  0.07893 -0.06994 -0.05585 -0.01054
                  z   0.02930  0.00262  0.02005  0.04239 -0.00514 -0.03219
 23   ag          x  -0.01598  0.00722  0.01477  0.01291 -0.05268  0.04358
                  y   0.03562  0.01601 -0.04318 -0.00765  0.04545  0.02014
                  z  -0.01028  0.00296  0.02864  0.02011 -0.06014  0.04470
 24   ag          x   0.00855  0.02075  0.00710  0.13132 -0.00429  0.06900
                  y   0.00024 -0.00605  0.11001  0.04216 -0.04277  0.13683
                  z   0.01697  0.00296 -0.00497 -0.02894  0.01139 -0.06066
 25   ag          x  -0.00250 -0.02330  0.04151  0.10457  0.02681  0.01021
                  y   0.04815  0.02059  0.08585 -0.00021 -0.05936  0.07762
                  z   0.01072 -0.02330  0.07983  0.14119 -0.02454  0.02292
 26   ag          x   0.00709  0.00276  0.06767  0.02603 -0.05851  0.02473
                  y  -0.07249 -0.05522 -0.02237 -0.01793  0.03071 -0.11386
                  z  -0.01242  0.00793 -0.01195 -0.05570 -0.02766 -0.00024
 27   ag          x  -0.00965 -0.01931  0.16332 -0.06721 -0.01979 -0.02114
                  y   0.08640  0.01299  0.07524 -0.11109  0.02555  0.07363
                  z   0.02206  0.00495  0.02031 -0.05910  0.08519 -0.01484
 28   ag          x  -0.02070  0.00617  0.06909 -0.04642 -0.00288  0.00508
                  y   0.03103  0.00967 -0.01446  0.03941  0.09435 -0.07822
                  z   0.02133 -0.01268 -0.02145  0.08453 -0.03247  0.05953
 29   ag          x   0.05780  0.03109 -0.02882  0.06609 -0.04461  0.03232
                  y  -0.01679 -0.01360 -0.03946  0.05483  0.02910 -0.05044
                  z   0.03346 -0.01101 -0.09698  0.00404 -0.02147 -0.01862
 30   ag          x  -0.03817 -0.01516 -0.02202 -0.01082 -0.01015 -0.08381
                  y   0.01871  0.00503 -0.01185  0.03707 -0.03844  0.05396
                  z   0.05636  0.05659 -0.05544  0.10127 -0.20129 -0.03647
 31   ag          x   0.01385  0.01435 -0.00583 -0.04597 -0.00008 -0.06121
                  y   0.04100  0.01022  0.02258 -0.02497 -0.01220  0.01776
                  z  -0.00967  0.01385 -0.03623  0.02109  0.08906  0.18966
 32   ag          x   0.00253  0.03330 -0.06393  0.04646  0.10297 -0.12212
                  y  -0.01042 -0.01463  0.01328  0.03444 -0.00497 -0.06448
                  z  -0.00960  0.00154  0.04210 -0.00595  0.01134 -0.27907
 33   ag          x  -0.06352 -0.02396 -0.08596  0.04696  0.16558  0.02621
                  y   0.04930  0.02873 -0.02079  0.17624 -0.00116  0.04396
                  z   0.04148 -0.02154 -0.03790 -0.06742  0.01534  0.00408
 34   ag          x  -0.02478  0.00199 -0.05967  0.02377 -0.03291  0.01005
                  y  -0.04478  0.00952 -0.03692  0.03460 -0.08004  0.00906
                  z   0.00472  0.03144  0.04704 -0.05864 -0.02612 -0.15208
 35   ag          x  -0.00274  0.00990 -0.02876 -0.01473 -0.00658  0.07101
                  y   0.00982 -0.00043 -0.01889 -0.05600 -0.02126  0.01795
                  z   0.00675  0.00551 -0.03004 -0.09491  0.01345  0.00367
 36   ag          x  -0.05085 -0.02077  0.01118 -0.02234 -0.12254 -0.00373
                  y  -0.00805 -0.00598 -0.07300  0.03974  0.10825 -0.04290
                  z   0.02006 -0.03094 -0.03847 -0.05540  0.02804  0.22460
 37   ag          x   0.06627  0.05363  0.06434  0.00482 -0.00608  0.03134
                  y  -0.06129  0.00964 -0.05674  0.08044  0.08135 -0.01966
                  z   0.02520 -0.03466  0.07068 -0.05235  0.05019  0.02082
 38   ag          x   0.02787  0.03236  0.05456  0.03062 -0.08065  0.03495
                  y  -0.05042  0.01103 -0.01433 -0.02899 -0.15596 -0.03005
                  z  -0.03241  0.00675  0.02132  0.00148  0.06805  0.12195
 39   ag          x   0.00345 -0.01206  0.04525 -0.05389 -0.05022  0.02119
                  y   0.04602  0.02524 -0.10059 -0.03454  0.15790  0.10645
                  z   0.00155  0.00011  0.02090  0.01867 -0.02179 -0.09063
 40   ag          x  -0.01508 -0.05486 -0.02178 -0.00209  0.07275 -0.01724
                  y  -0.03103 -0.02196  0.04074 -0.02249 -0.08037  0.08353
                  z   0.02138  0.00154  0.03803  0.03039  0.03619  0.01623
 41   c           x  -0.00508  0.00863  0.00615 -0.00261  0.00600 -0.00477
                  y   0.00145  0.04996  0.03762 -0.02930  0.03184 -0.00052
                  z  -0.25508  0.19418  0.21686 -0.00585  0.09608  0.10165
 42   n           x  -0.00565  0.01754  0.01423 -0.00612  0.01737 -0.00305
                  y  -0.00133  0.03852  0.02499 -0.01500  0.01626 -0.00316
                  z  -0.27239  0.20178  0.20159  0.08552  0.10378  0.09404
 43   c           x   0.00485  0.03031  0.01911 -0.01399  0.02850 -0.00376
                  y  -0.00159  0.04392  0.02193 -0.00637  0.01357 -0.00447
                  z  -0.26627  0.24749  0.15359  0.20832  0.05876  0.07061
 44   c           x   0.00209  0.00106 -0.00035 -0.00092  0.00597 -0.00652
                  y  -0.00219  0.02326  0.00940  0.00064 -0.00067 -0.00467
                  z  -0.18703  0.08055  0.10587  0.07435  0.05883  0.07516
 45   c           x   0.00558  0.00364  0.00090 -0.00331  0.00929 -0.00851
                  y  -0.00258  0.01203 -0.00339  0.01484 -0.01311 -0.00619
                  z  -0.14565  0.02010  0.01759  0.15699 -0.00394  0.03447
 46   c           x   0.00888 -0.00574 -0.00668 -0.00004  0.00308 -0.00816
                  y  -0.00119 -0.00189 -0.01524  0.02378 -0.02313 -0.00613
                  z  -0.09050 -0.05530 -0.02894  0.13680 -0.04244  0.02645
 47   c           x   0.00942 -0.01179 -0.01090  0.00115 -0.00027 -0.00808
                  y   0.00098 -0.00457 -0.01409  0.01777 -0.02241 -0.00322
                  z  -0.06776 -0.07987  0.00679  0.05302 -0.02107  0.06623
 48   c           x   0.00909 -0.02017 -0.01791  0.00776 -0.00778 -0.00678
                  y   0.00101  0.00677 -0.00438  0.00938 -0.01239 -0.00401
                  z  -0.08945 -0.05925  0.05552 -0.01808  0.03320  0.09888
 49   c           x   0.00478 -0.01303 -0.01120  0.00490 -0.00317 -0.00575
                  y  -0.00044  0.02065  0.00745 -0.00011 -0.00164 -0.00520
                  z  -0.14389  0.01901  0.10232 -0.01692  0.07348  0.09851
 50   n           x   0.00847 -0.01335 -0.01204  0.00144 -0.00006 -0.00790
                  y   0.00287 -0.00991 -0.01443  0.01522 -0.02398  0.00082
                  z  -0.02731 -0.10321  0.01200  0.02541 -0.03864  0.08515
 51   c           x   0.00850 -0.01259 -0.01205  0.00197 -0.00023 -0.00983
                  y   0.00388 -0.00666 -0.01004  0.01149 -0.02079  0.00175
                  z  -0.02470 -0.07163  0.00737  0.05949 -0.05642  0.05516
 52   c           x   0.00907 -0.00989 -0.00793 -0.00414  0.00450 -0.00980
                  y   0.00620  0.00149  0.00300 -0.00269 -0.00995  0.00653
                  z  -0.00995 -0.03772  0.06536  0.00966 -0.02336  0.11252
 53   c           x   0.00975 -0.01206 -0.01056 -0.00135  0.00126 -0.01047
                  y   0.00526  0.01192  0.01220 -0.01267  0.00101  0.00472
                  z  -0.01897  0.01839  0.07643  0.00136  0.01541  0.09984
 54   c           x   0.01159 -0.01924 -0.01959  0.00889 -0.00917 -0.00921
                  y   0.00352  0.01384  0.01062 -0.01151  0.00235 -0.00005
                  z  -0.04155  0.04116  0.03310  0.03544  0.01786  0.01217
 55   n           x   0.01370 -0.03055 -0.03038  0.02221 -0.02335 -0.00930
                  y   0.00386  0.02772  0.03014 -0.03321  0.02071  0.00160
                  z  -0.06223  0.11617  0.05611 -0.02082  0.10459 -0.01561
 56   c           x   0.01258 -0.02760 -0.02017  0.01258 -0.02196 -0.00776
                  y   0.00421  0.04078  0.05014 -0.05625  0.03919  0.01223
                  z  -0.05042  0.16315  0.07699 -0.06352  0.19996  0.03694
 57   c           x   0.01451 -0.05141 -0.05492  0.05368 -0.04852 -0.00897
                  y   0.00310  0.03122  0.03411 -0.03646  0.02633  0.00559
                  z  -0.05489  0.09177  0.03022 -0.02157  0.03769 -0.11736
 58   c           x   0.01115 -0.02005 -0.02270  0.01252 -0.01105 -0.00864
                  y   0.00218  0.00408 -0.00440  0.00522 -0.01197 -0.00489
                  z  -0.04363 -0.01446 -0.03267  0.11751 -0.06116 -0.04095
 59   c           x   0.01065 -0.01452 -0.01667  0.00662 -0.00514 -0.00990
                  y   0.00209 -0.00636 -0.01507  0.01697 -0.02303 -0.00306
                  z  -0.03823 -0.06099 -0.04240  0.12649 -0.08466 -0.01298
 60   s           x   0.01188 -0.00770 -0.01142  0.00416 -0.00370 -0.01255
                  y   0.00525 -0.01710 -0.03491  0.03608 -0.03367 -0.00953
                  z  -0.04185 -0.14439 -0.15321  0.22433 -0.13285 -0.02026
 61   h           x   0.04214 -0.04867 -0.05725  0.02096 -0.02514 -0.02155
                  y  -0.08096  0.13063  0.10156  0.04112  0.07280  0.01424
                  z  -0.20883  0.15069  0.18512 -0.05795  0.07329  0.09503
 62   h           x  -0.04842  0.04771  0.05306 -0.01820  0.01868  0.00816
                  y   0.07766 -0.02518 -0.02013 -0.09982 -0.00572 -0.01237
                  z  -0.19105  0.13198  0.16702 -0.05994  0.06477  0.09095
 63   h           x  -0.01573  0.02664  0.02499 -0.00981  0.01977  0.00015
                  y   0.00797  0.05355  0.04317 -0.04548  0.04028  0.00109
                  z  -0.36211  0.30131  0.32050  0.02506  0.14968  0.12795
 64   h           x  -0.00694  0.04921  0.03720 -0.01684  0.04117  0.00009
                  y  -0.00241  0.06101  0.04082 -0.02207  0.03239 -0.00066
                  z  -0.41025  0.42826  0.31837  0.22321  0.15620  0.10607
 65   h           x  -0.09906  0.16631  0.15560 -0.02761  0.11495  0.02713
                  y  -0.00697  0.01179  0.04865 -0.07806  0.03531  0.00782
                  z  -0.18945  0.17249  0.04029  0.26351 -0.01642  0.04097
 66   h           x   0.13273 -0.11641 -0.13008 -0.00841 -0.05930 -0.03766
                  y   0.00812  0.05957 -0.02441  0.08422 -0.02438 -0.02306
                  z  -0.21585  0.19918  0.07684  0.24966  0.00761  0.05038
 67   h           x   0.00714  0.01361  0.00956 -0.01077  0.01821 -0.01002
                  y  -0.00269  0.01318 -0.00393  0.01707 -0.01340 -0.00752
                  z  -0.15002  0.03235 -0.00639  0.21777 -0.02380  0.01016
 68   h           x   0.00893 -0.03110 -0.02712  0.01475 -0.01676 -0.00416
                  y   0.00211  0.00428 -0.00530  0.00793 -0.01299 -0.00298
                  z  -0.05676 -0.09088  0.06240 -0.08655  0.04857  0.11858
 69   h           x   0.00504 -0.01823 -0.01520  0.00706 -0.00621 -0.00531
                  y  -0.00117  0.02840  0.01460 -0.00624  0.00438 -0.00467
                  z  -0.14521  0.03763  0.13549 -0.08136  0.11251  0.11622
 70   h           x   0.00943 -0.00383 -0.00007 -0.01347  0.01253 -0.01058
                  y   0.00733 -0.00032  0.00508 -0.00478 -0.01047  0.01128
                  z   0.00531 -0.05126  0.10474 -0.03089 -0.01837  0.17169
 71   h           x   0.00892 -0.00957 -0.00706 -0.00553  0.00507 -0.01088
                  y   0.00546  0.01790  0.02206 -0.02301  0.00923  0.00997
                  z  -0.00723  0.04464  0.12610 -0.04401  0.04470  0.15093
 72   h           x   0.03011 -0.09281 -0.01735  0.03991 -0.12515  0.00113
                  y   0.04375 -0.00750  0.06484 -0.04988 -0.00791  0.08964
                  z  -0.02713  0.13531  0.08561 -0.06011  0.17289  0.08178
 73   h           x   0.01497 -0.03542 -0.02884  0.02340 -0.03126 -0.00918
                  y  -0.00185  0.05798  0.06198 -0.07389  0.06080  0.01042
                  z  -0.09841  0.26994  0.07307 -0.10608  0.34588 -0.02374
 74   h           x  -0.00995  0.05185 -0.00602 -0.03769  0.09594 -0.01260
                  y  -0.03089  0.08492  0.03815 -0.06187  0.08323 -0.05495
                  z  -0.02124  0.13134  0.08918 -0.06235  0.17127  0.09559
 75   h           x   0.01585 -0.05866 -0.06173  0.06378 -0.05696 -0.01031
                  y   0.00393  0.04137  0.04870 -0.05230  0.04090  0.00882
                  z  -0.09072  0.19881  0.09926 -0.16002  0.14473 -0.10504
 76   h           x   0.04393 -0.14762 -0.12131  0.17503 -0.15377 -0.03415
                  y  -0.00228  0.04561  0.04479 -0.03120  0.06798  0.07384
                  z  -0.03516  0.02955 -0.01315  0.04678 -0.04164 -0.16209
 77   h           x  -0.01526  0.03476 -0.00198 -0.05154  0.04382  0.01542
                  y   0.00932  0.00603  0.01028 -0.02705 -0.02756 -0.05745
                  z  -0.03713  0.03648 -0.00837  0.03495 -0.03657 -0.16485
 78   h           x   0.01070 -0.02605 -0.03049  0.02016 -0.01840 -0.00797
                  y   0.00154  0.00456 -0.00715  0.00826 -0.01280 -0.00887
                  z  -0.05256 -0.01291 -0.07375  0.16441 -0.07727 -0.09173

reduced mass(g/mol)    14.102    9.348   39.716   44.430   53.884   71.407


       mode              55       56       57       58       59       60

     frequency          70.42    71.27    71.86    72.72    73.97    74.44

     symmetry            a        a        a        a        a        a   

        IR               YES      YES      YES      YES      YES      YES
|dDIP/dQ|   (a.u.)     0.0002   0.0002   0.0001   0.0003   0.0001   0.0005
intensity (km/mol)       0.07     0.07     0.02     0.13     0.02     0.41
intensity (  %   )       0.03     0.03     0.01     0.05     0.01     0.16
 
       RAMAN             YES      YES      YES      YES      YES      YES
         (par,par)       2.93     1.08     0.23     1.05     7.32     1.81
         (ort,ort)       2.29     1.58     0.11     1.01     7.88     2.35
       (ort,unpol)       2.46     1.45     0.14     1.02     7.74     2.21
     depol. ratio        0.45     0.24     0.75     0.37     0.33     0.27
 
  1   ag          x  -0.00771 -0.05694  0.02028  0.10221 -0.03792  0.00339
                  y  -0.08823 -0.02125 -0.06228  0.04559 -0.03391  0.02472
                  z   0.00708 -0.00616 -0.01143  0.02309 -0.00034 -0.00735
  2   ag          x  -0.04405 -0.02482  0.00339  0.02946 -0.02056  0.00689
                  y   0.10489 -0.04590  0.11926 -0.01608  0.01105 -0.07767
                  z  -0.00189 -0.02280  0.02996  0.04005 -0.01520  0.02673
  3   ag          x  -0.02603 -0.00266  0.01343  0.03703 -0.00269  0.00680
                  y  -0.08698  0.04850 -0.09607 -0.09392  0.07072  0.05119
                  z  -0.02466  0.00955 -0.05187 -0.06560  0.02256 -0.00388
  4   ag          x  -0.02765  0.00673  0.02714  0.05014 -0.03065  0.02165
                  y  -0.00449 -0.13977  0.02150  0.13563 -0.00936 -0.08152
                  z   0.10408 -0.03313 -0.02204  0.08075  0.00098  0.02317
  5   ag          x  -0.17392  0.05848 -0.00965 -0.02595  0.00756 -0.02622
                  y   0.02843  0.00710  0.12457 -0.13272  0.00979  0.06097
                  z  -0.02380 -0.02174  0.04462 -0.03780  0.01299  0.01270
  6   ag          x  -0.07409  0.00136 -0.11883  0.05074 -0.02564  0.03779
                  y   0.03192 -0.04346  0.06013  0.01928 -0.00812 -0.02581
                  z  -0.03609 -0.00485 -0.00784 -0.03026 -0.00099  0.00262
  7   ag          x   0.04155 -0.00451  0.01320  0.00455 -0.00523 -0.02884
                  y  -0.00130  0.00939 -0.02505 -0.00841 -0.00198 -0.00497
                  z  -0.04467 -0.02439  0.00517  0.03446  0.01557  0.00538
  8   ag          x   0.00877  0.06842 -0.00301 -0.05981 -0.00198  0.02573
                  y  -0.03225 -0.01020 -0.02614 -0.00347  0.02876  0.01823
                  z  -0.13817  0.00065  0.09592 -0.01898 -0.01421 -0.04656
  9   ag          x  -0.04309 -0.04639 -0.01270  0.02473 -0.01430 -0.08583
                  y   0.04103 -0.03284  0.06093  0.00899 -0.03454 -0.00033
                  z   0.03874  0.12003 -0.03092  0.06451 -0.06886 -0.02790
 10   ag          x  -0.02971 -0.03917  0.16044 -0.12929 -0.04460 -0.04483
                  y  -0.01614  0.02183 -0.06579 -0.02184  0.05422  0.02633
                  z  -0.01132 -0.00279 -0.08631  0.01746  0.03660 -0.07795
 11   ag          x   0.14549 -0.05423  0.08713 -0.02678  0.10496 -0.05926
                  y  -0.06885  0.02718 -0.08021  0.08552 -0.05889  0.06833
                  z   0.07681 -0.00753  0.00033 -0.04392  0.04044 -0.00469
 12   ag          x   0.08453 -0.02501  0.04259 -0.03945  0.05428 -0.02478
                  y   0.06492 -0.00041 -0.02519 -0.00273  0.02288 -0.05142
                  z  -0.08732 -0.12193 -0.02976 -0.00200  0.03321 -0.10516
 13   ag          x  -0.00770  0.03515  0.01106 -0.01222  0.05084  0.04494
                  y   0.03323  0.00506 -0.00191 -0.04130  0.03573  0.03959
                  z   0.09609 -0.03547  0.02627 -0.05856 -0.00808  0.15362
 14   ag          x   0.02160  0.05786  0.07096  0.00793 -0.01288  0.00081
                  y  -0.02770  0.00224  0.01550  0.07440  0.00184  0.02361
                  z   0.00214 -0.06862 -0.12789  0.02520  0.06573  0.04341
 15   ag          x   0.03952  0.11330  0.03514 -0.05456 -0.01205  0.05956
                  y   0.01299 -0.06570 -0.07873 -0.02617  0.03030 -0.05555
                  z   0.02950 -0.00971  0.00516  0.00030 -0.00713 -0.02602
 16   ag          x  -0.04111 -0.04957 -0.04573  0.03809 -0.04235  0.04105
                  y   0.01362  0.05467 -0.01961  0.03017  0.01677  0.01411
                  z  -0.06960 -0.04220  0.01460  0.07458 -0.04015  0.05153
 17   ag          x  -0.01536 -0.04560 -0.05650  0.00402 -0.03412 -0.00780
                  y   0.03765 -0.00419  0.02662 -0.05458 -0.01020 -0.03889
                  z   0.02157  0.09663 -0.00934  0.09007  0.04135 -0.13375
 18   ag          x   0.00590  0.01966 -0.05450  0.02403  0.00623  0.03726
                  y  -0.05837  0.05061 -0.00857 -0.00332 -0.01300 -0.01382
                  z  -0.01019  0.02491  0.06063  0.02976  0.08704  0.03788
 19   ag          x   0.02876  0.01379 -0.03715  0.10705 -0.02352  0.01263
                  y  -0.01077  0.00696  0.04007  0.07479 -0.03134  0.00272
                  z   0.00438 -0.04807 -0.01325 -0.03225  0.00884 -0.02643
 20   ag          x   0.06999  0.03057 -0.12830  0.09185 -0.01010 -0.01023
                  y   0.05004 -0.03706 -0.10746 -0.05437  0.01822 -0.03216
                  z  -0.01377 -0.00579  0.04988 -0.02575 -0.00317  0.01196
 21   ag          x   0.00816  0.04436 -0.09549 -0.08292  0.04018 -0.01625
                  y   0.07468  0.10188  0.06073 -0.03453  0.02704 -0.05216
                  z   0.01955 -0.02281 -0.04241 -0.05152  0.00098  0.03193
 22   ag          x   0.01057 -0.01556 -0.02524 -0.07269  0.02205 -0.02023
                  y  -0.02851 -0.07899 -0.06662 -0.12861 -0.12966  0.01166
                  z   0.00098  0.05542  0.05075  0.01231  0.04107 -0.06451
 23   ag          x  -0.01713 -0.03943  0.05722 -0.03444 -0.00533 -0.02087
                  y  -0.08273  0.15473 -0.03655  0.02397  0.02548  0.02071
                  z  -0.02470 -0.04688  0.01342 -0.00050 -0.03796  0.00246
 24   ag          x  -0.03446 -0.04638  0.16168  0.02564 -0.02419 -0.01718
                  y  -0.01575 -0.01158  0.04246  0.13955 -0.06037  0.00953
                  z   0.01576  0.00233 -0.05399 -0.03792  0.02059 -0.00503
 25   ag          x  -0.06313  0.01049  0.03422 -0.23938  0.01068 -0.01137
                  y  -0.00260 -0.02928  0.05384 -0.10026  0.01554 -0.02561
                  z  -0.00594  0.01355  0.04199 -0.19172  0.04090 -0.03184
 26   ag          x   0.05309 -0.02081  0.02088 -0.09605  0.04664 -0.07464
                  y   0.04674  0.02775 -0.04084  0.00677  0.01045 -0.11571
                  z   0.04090  0.00703 -0.02779  0.09098  0.01582 -0.03752
 27   ag          x   0.13020  0.01350  0.00159  0.03491  0.05121  0.09464
                  y  -0.06169 -0.05146  0.09093  0.02179  0.01291  0.13328
                  z   0.02732 -0.01066  0.06708  0.03223 -0.03603  0.12440
 28   ag          x   0.05260 -0.01570  0.01802  0.11391  0.01645  0.13187
                  y  -0.05540  0.04887 -0.10606 -0.12561 -0.09540 -0.14157
                  z  -0.14715  0.05705 -0.06843 -0.08750 -0.02364 -0.11597
 29   ag          x  -0.05235 -0.03659  0.01297  0.06379 -0.01775 -0.09086
                  y  -0.03437  0.03924 -0.00872 -0.09233 -0.00304  0.08142
                  z  -0.01551 -0.00847  0.00085  0.12491 -0.01614  0.01271
 30   ag          x   0.02986  0.02425 -0.03510  0.04176 -0.00720 -0.11493
                  y   0.00470 -0.05035  0.02008  0.06081 -0.00691 -0.09758
                  z   0.21536  0.08152 -0.06459 -0.00303 -0.04123  0.04402
 31   ag          x   0.12034  0.02719 -0.05146  0.03481 -0.03554  0.05330
                  y   0.01674  0.00468 -0.03082 -0.06713  0.04529  0.03174
                  z   0.01812 -0.18011 -0.16273  0.02639  0.15437 -0.06165
 32   ag          x   0.08306 -0.05010 -0.12460 -0.08510 -0.11700 -0.06202
                  y  -0.04917 -0.00733  0.01651  0.02761  0.05835  0.02916
                  z  -0.04413 -0.03981  0.26793 -0.04562 -0.00151  0.11929
 33   ag          x  -0.11539  0.01624 -0.03543  0.01038  0.06282  0.14027
                  y  -0.01378  0.00983  0.03950  0.09057 -0.04530  0.06306
                  z  -0.09532 -0.02853 -0.02676  0.00567  0.00291  0.06875
 34   ag          x  -0.03301  0.01402  0.00826  0.01452  0.01178  0.04849
                  y   0.01064  0.00135 -0.02084  0.08679  0.02023 -0.04579
                  z  -0.13804  0.03459  0.07961  0.02606  0.03657  0.08270
 35   ag          x  -0.03881  0.06383 -0.06075 -0.03214  0.06552  0.06306
                  y   0.01256  0.03669  0.05425  0.02489  0.05680  0.02901
                  z  -0.01804  0.10146  0.01043  0.05005 -0.06785 -0.26031
 36   ag          x  -0.14065  0.07952  0.03607  0.04287  0.04038  0.01099
                  y   0.06590 -0.03916  0.02492 -0.02875 -0.01643 -0.01711
                  z   0.11334  0.03600  0.00032 -0.06544 -0.06635  0.06824
 37   ag          x  -0.01327 -0.02197  0.06684 -0.01563 -0.05677 -0.07275
                  y   0.01080  0.06515 -0.04800  0.06905  0.03782  0.17990
                  z   0.05974  0.03304  0.06203 -0.07183  0.01566 -0.14135
 38   ag          x   0.00075 -0.07209  0.02508 -0.01806 -0.00820 -0.00370
                  y  -0.01697 -0.07220  0.05570  0.06377 -0.11186 -0.09023
                  z  -0.00903 -0.18376 -0.15206 -0.15773 -0.11538  0.20609
 39   ag          x   0.02027 -0.03089 -0.02692 -0.00971  0.01253 -0.00735
                  y   0.09501  0.06215 -0.01136 -0.09048  0.02679  0.05263
                  z  -0.10137  0.08589 -0.03508  0.06528  0.03509 -0.01536
 40   ag          x   0.03733  0.01347 -0.00327  0.04027 -0.01915 -0.03407
                  y  -0.00867 -0.02427  0.04373  0.04222 -0.01140 -0.01188
                  z  -0.00326  0.01992 -0.02184  0.06878 -0.02579  0.01060
 41   c           x  -0.00373  0.00221 -0.00758  0.00662  0.00779 -0.01089
                  y  -0.03227 -0.00816 -0.00055 -0.02936  0.02298 -0.00583
                  z   0.03661  0.17681 -0.06430 -0.13412 -0.02617 -0.04745
 42   n           x  -0.01293  0.00264 -0.00371  0.00457  0.00894 -0.01305
                  y  -0.01360 -0.00794 -0.00332 -0.01690  0.02133 -0.00212
                  z   0.08970  0.16787 -0.03338 -0.04136 -0.00792 -0.03772
 43   c           x  -0.03324 -0.00357 -0.00383  0.00313  0.01466 -0.00846
                  y  -0.01219 -0.00938 -0.00662 -0.00869  0.02481  0.00345
                  z   0.12536  0.14352 -0.07963  0.08910  0.03751  0.03731
 44   c           x  -0.00611 -0.00232 -0.00006  0.00918  0.00494 -0.00845
                  y   0.00473 -0.00827 -0.00292 -0.00563  0.01877  0.00135
                  z   0.06934  0.12630  0.01067 -0.04710 -0.06524 -0.00956
 45   c           x  -0.01010 -0.00647  0.00103  0.00940  0.00738 -0.00840
                  y   0.02186 -0.00978 -0.00220  0.00685  0.01966  0.00287
                  z   0.14309  0.07138  0.03607  0.03735 -0.03363  0.01391
 46   c           x  -0.00591 -0.00809  0.00190  0.01266  0.00507 -0.00724
                  y   0.03422 -0.00868 -0.00006  0.01543  0.01618  0.00408
                  z   0.14148  0.07317  0.05836  0.03023 -0.08377  0.03470
 47   c           x  -0.00268 -0.00727  0.00143  0.01385  0.00348 -0.00560
                  y   0.02880 -0.00473 -0.00023  0.00988  0.00896  0.00555
                  z   0.05232  0.13028  0.05549 -0.05785 -0.18717  0.05646
 48   c           x   0.00556 -0.00417  0.00216  0.01760 -0.00099 -0.00418
                  y   0.01662 -0.00733 -0.00117  0.00170  0.01264  0.00420
                  z  -0.03044  0.16331  0.05695 -0.15146 -0.22877  0.03044
 49   c           x   0.00176 -0.00222  0.00172  0.01257 -0.00004 -0.00621
                  y   0.00507 -0.00946 -0.00277 -0.00505  0.01816  0.00228
                  z  -0.02107  0.15216  0.03222 -0.14120 -0.15946 -0.00365
 50   n           x  -0.00340 -0.00680  0.00282  0.01179  0.00247 -0.00615
                  y   0.02727  0.00046 -0.00167  0.00910  0.00141  0.00831
                  z   0.02715  0.15497  0.03612 -0.05615 -0.23645  0.10239
 51   c           x  -0.00159 -0.00783  0.00272  0.01242  0.00350 -0.00607
                  y   0.02168 -0.00227 -0.00473  0.00931  0.00587  0.00938
                  z   0.06547  0.10561  0.02218  0.00975 -0.15823  0.11425
 52   c           x  -0.00985 -0.00808  0.00430  0.00521  0.00309 -0.00547
                  y   0.00315 -0.00104 -0.00882 -0.00089  0.00456  0.01154
                  z  -0.00317  0.13425 -0.01837  0.00665 -0.19189  0.13473
 53   c           x  -0.00500 -0.00794  0.00313  0.00852  0.00272 -0.00453
                  y  -0.01088 -0.00565 -0.00578 -0.00819  0.01261  0.00713
                  z  -0.02246  0.08853  0.01221  0.04241 -0.11168  0.08589
 54   c           x   0.00874 -0.00663 -0.00074  0.01778 -0.00072  0.00012
                  y  -0.00969 -0.01041 -0.00126 -0.00727  0.01987  0.00237
                  z   0.02603  0.00568  0.07884  0.07782  0.00884  0.01686
 55   n           x   0.02493 -0.00417 -0.00673  0.02441 -0.00747  0.01017
                  y  -0.03691 -0.01081 -0.00087 -0.02370  0.02205 -0.00185
                  z  -0.02587 -0.04327  0.15792  0.08867  0.10515 -0.09629
 56   c           x   0.01294 -0.00415 -0.01020  0.01549 -0.00900  0.01057
                  y  -0.06641 -0.00418  0.00074 -0.04423  0.01630  0.00012
                  z  -0.09760 -0.00093  0.19950  0.04017  0.07548 -0.08324
 57   c           x   0.06358  0.00038 -0.01246  0.04795 -0.01479  0.02158
                  y  -0.04125 -0.00791  0.00218 -0.02440  0.02099 -0.00189
                  z  -0.01773 -0.12417  0.10829  0.05943  0.14588 -0.12588
 58   c           x   0.01326 -0.00574  0.00103  0.02351 -0.00128 -0.00268
                  y   0.01248 -0.01290 -0.00073  0.00517  0.02176  0.00309
                  z   0.12724 -0.02062  0.06746  0.09702  0.02687  0.05661
 59   c           x   0.00557 -0.00718  0.00222  0.01794  0.00147 -0.00373
                  y   0.02807 -0.00736 -0.00123  0.01422  0.01422  0.00599
                  z   0.14163  0.02659  0.04788  0.06985 -0.04454  0.08978
 60   s           x   0.00111 -0.01153  0.00111  0.01805  0.00674 -0.00171
                  y   0.05130 -0.01308  0.00242  0.03300  0.02375  0.00298
                  z   0.26067  0.03394  0.08028  0.14566 -0.03459  0.05195
 61   h           x  -0.00699 -0.02295  0.00924  0.04739 -0.02271  0.02160
                  y   0.03346  0.01759  0.00525  0.01723  0.07932 -0.03715
                  z  -0.00778  0.16528 -0.07253 -0.17283 -0.06047 -0.03127
 62   h           x   0.01341  0.02560 -0.02793 -0.02607  0.03156 -0.03907
                  y  -0.09750 -0.02979 -0.00650 -0.07833 -0.03356  0.02205
                  z  -0.01638  0.15754 -0.06808 -0.16955 -0.07244 -0.02234
 63   h           x  -0.00867  0.00799 -0.00869 -0.00355  0.01508 -0.01949
                  y  -0.05072 -0.00895  0.00069 -0.04276  0.01951 -0.00685
                  z   0.09498  0.22097 -0.07803 -0.13834  0.04182 -0.10203
 64   h           x  -0.03808  0.00527 -0.00908  0.00147  0.01750 -0.01163
                  y  -0.03128 -0.00591 -0.00694 -0.01939  0.02728 -0.00114
                  z   0.12590  0.24217 -0.14418  0.10237  0.06523  0.01355
 65   h           x  -0.05001  0.07282 -0.04674 -0.00842  0.03078 -0.03652
                  y  -0.02598  0.00508  0.01959 -0.08493 -0.00161 -0.04324
                  z   0.14562  0.08036 -0.06673  0.14559  0.04317  0.08741
 66   h           x  -0.03172 -0.09443  0.04662  0.01287  0.00003  0.02390
                  y   0.01625 -0.03072 -0.03433  0.08491  0.04902  0.05946
                  z   0.13955  0.10095 -0.07254  0.13057  0.04194  0.07338
 67   h           x  -0.02142 -0.00983  0.00069  0.00399  0.01166 -0.00945
                  y   0.02377 -0.01208 -0.00234  0.00943  0.02306  0.00255
                  z   0.19975  0.02635  0.03195  0.10156  0.03510  0.00921
 68   h           x   0.01645 -0.00065  0.00255  0.02294 -0.00631 -0.00291
                  y   0.01540 -0.00618 -0.00094  0.00023  0.00973  0.00460
                  z  -0.10342  0.18596  0.06335 -0.21177 -0.29572  0.04099
 69   h           x   0.00519 -0.00169  0.00172  0.01449 -0.00182 -0.00595
                  y  -0.00281 -0.00914 -0.00331 -0.01070  0.01930  0.00106
                  z  -0.08698  0.16566  0.02091 -0.19472 -0.17627 -0.01784
 70   h           x  -0.02189 -0.01052  0.00416 -0.00371  0.00615 -0.00603
                  y   0.00070  0.00401 -0.01231 -0.00284 -0.00288  0.01465
                  z  -0.05237  0.19589 -0.06293 -0.03162 -0.28339  0.17551
 71   h           x  -0.01059 -0.00817  0.00475  0.00332  0.00356 -0.00515
                  y  -0.02498 -0.00318 -0.00768 -0.01574  0.01065  0.00674
                  z  -0.08472  0.11253 -0.02282  0.03512 -0.13787  0.09020
 72   h           x   0.03504  0.00554 -0.12148  0.00925 -0.06988  0.07674
                  y  -0.10132  0.06255 -0.11145 -0.09955 -0.10872  0.11549
                  z  -0.11844  0.03775  0.13409  0.00741  0.00273 -0.01591
 73   h           x   0.02494 -0.00383 -0.01624  0.02279 -0.01200  0.01471
                  y  -0.08334 -0.00807  0.02064 -0.05195  0.02952 -0.01460
                  z  -0.10471 -0.05682  0.39633  0.08067  0.22669 -0.23454
 74   h           x  -0.03060 -0.01381  0.11325  0.00572  0.05662 -0.06047
                  y  -0.04021 -0.06251  0.09986  0.00257  0.12539 -0.10204
                  z  -0.12585  0.04937  0.12201 -0.00281 -0.01566  0.00142
 75   h           x   0.07459  0.00203 -0.01727  0.05248 -0.01947  0.02963
                  y  -0.06226 -0.00530  0.00346 -0.04039  0.01864  0.00091
                  z  -0.14458 -0.17972  0.21329  0.05397  0.27043 -0.32990
 76   h           x   0.18007  0.03264 -0.10632  0.05697 -0.10929  0.18464
                  y  -0.03876  0.04421  0.03828  0.00207 -0.00135  0.01276
                  z   0.04886 -0.12825  0.03768  0.05278  0.10045 -0.03674
 77   h           x  -0.03226 -0.03088  0.07895  0.05318  0.07792 -0.13842
                  y  -0.02199 -0.05588 -0.03654 -0.03676  0.04010 -0.01319
                  z   0.03934 -0.13557  0.04256  0.05037  0.11103 -0.05319
 78   h           x   0.02411 -0.00419  0.00163  0.03276 -0.00356 -0.00476
                  y   0.01607 -0.01752  0.00060  0.00767  0.02784  0.00147
                  z   0.18149 -0.07804  0.08396  0.13409  0.10162  0.03823

reduced mass(g/mol)    53.807   40.272   55.597   60.981   28.608   61.672


       mode              61       62       63       64       65       66

     frequency          74.71    76.26    76.98    77.80    78.27    79.11

     symmetry            a        a        a        a        a        a   

        IR               YES      YES      YES      YES      YES      YES
|dDIP/dQ|   (a.u.)     0.0003   0.0003   0.0004   0.0002   0.0002   0.0004
intensity (km/mol)       0.18     0.13     0.27     0.05     0.05     0.29
intensity (  %   )       0.07     0.05     0.10     0.02     0.02     0.11
 
       RAMAN             YES      YES      YES      YES      YES      YES
         (par,par)       0.26     0.84    12.83     4.25     1.61     6.11
         (ort,ort)       0.14     0.40    16.62     3.51     1.66     5.93
       (ort,unpol)       0.17     0.51    15.64     3.70     1.64     5.98
     depol. ratio        0.65     0.75     0.27     0.43     0.34     0.36
 
  1   ag          x  -0.00139 -0.05733 -0.06000  0.01963 -0.03717 -0.08264
                  y   0.00495 -0.04439  0.02661  0.00278  0.00718 -0.06390
                  z   0.01218 -0.03004 -0.01923  0.03416 -0.00550 -0.03386
  2   ag          x  -0.00625 -0.02034  0.01678 -0.01502  0.00930 -0.01612
                  y   0.01639 -0.03654 -0.00443 -0.06124  0.02212  0.14671
                  z  -0.00151  0.05412 -0.00515 -0.07544  0.01498  0.02016
  3   ag          x   0.03598 -0.11410  0.02703  0.03901 -0.03756  0.00681
                  y   0.13221  0.01549  0.08696 -0.05436 -0.08921 -0.03438
                  z   0.02273 -0.01840 -0.01468 -0.02062 -0.07508 -0.03686
  4   ag          x   0.01430 -0.03687  0.01578 -0.00224 -0.01392  0.03794
                  y   0.00325 -0.01225 -0.08755 -0.00081 -0.12507 -0.01906
                  z  -0.00556 -0.01074  0.00192 -0.03063  0.01641  0.01573
  5   ag          x   0.01869  0.03418 -0.00887  0.10074 -0.03202 -0.04991
                  y   0.04596  0.02258  0.06501 -0.01460  0.03787  0.04097
                  z  -0.02334 -0.03687  0.01117 -0.01239  0.01705  0.02202
  6   ag          x  -0.00373  0.08508  0.05392 -0.03138  0.09992  0.01243
                  y   0.00295 -0.05135 -0.05332  0.02049 -0.06525 -0.02964
                  z  -0.00240 -0.02396  0.01811 -0.07928 -0.01010  0.02648
  7   ag          x   0.00748  0.02880  0.02109 -0.03301  0.06755  0.11677
                  y  -0.00319  0.02812  0.04566 -0.02198  0.06126  0.03247
                  z  -0.02870  0.00895  0.02261  0.00512  0.04039 -0.02230
  8   ag          x   0.07403 -0.02816  0.04871 -0.01758  0.00951  0.07260
                  y   0.01337  0.02394  0.00559  0.01321 -0.04077 -0.00707
                  z   0.08637 -0.00287  0.00035  0.01634  0.04757 -0.01548
  9   ag          x  -0.02238 -0.04036 -0.03668 -0.01858  0.00256  0.02394
                  y   0.03186 -0.02565  0.01145  0.00165 -0.01634  0.03826
                  z   0.08473  0.08437  0.02585 -0.07153 -0.07103 -0.00183
 10   ag          x  -0.10025 -0.08119  0.02565  0.00812  0.05924  0.01511
                  y   0.07253  0.06249 -0.00740 -0.01897 -0.01212 -0.00562
                  z   0.02370  0.01169 -0.01356 -0.01294  0.00507  0.00581
 11   ag          x   0.04390  0.09694 -0.08873  0.02073 -0.14890  0.00663
                  y  -0.02307  0.02472  0.00755  0.05466  0.06583 -0.07427
                  z   0.00590  0.00518 -0.02134 -0.01696 -0.05885 -0.03984
 12   ag          x   0.01264  0.04425  0.00696  0.00551 -0.03579  0.01348
                  y  -0.06573  0.07710 -0.00515  0.04299  0.04463  0.04007
                  z  -0.02664  0.02059  0.01637  0.00464  0.02775  0.00582
 13   ag          x  -0.00528  0.02389 -0.02652  0.01572  0.03757  0.01286
                  y   0.00175 -0.02340  0.03527  0.02571  0.03079  0.00439
                  z  -0.01927  0.00028  0.02168  0.16190 -0.06324  0.05589
 14   ag          x  -0.02331  0.00630  0.00147  0.01174  0.03234  0.00287
                  y   0.01391  0.00875 -0.01493  0.02129 -0.01378  0.01071
                  z   0.01937 -0.00999 -0.04605 -0.00882  0.03673  0.01947
 15   ag          x   0.00521  0.05850 -0.00799  0.01894  0.10338 -0.03245
                  y  -0.02777 -0.02330 -0.02659 -0.06658 -0.04059 -0.00058
                  z  -0.03888 -0.00534 -0.00191  0.02726 -0.02775  0.03492
 16   ag          x   0.10475 -0.03639  0.04605 -0.02115 -0.03015 -0.09035
                  y  -0.08416  0.03514 -0.03285  0.02726  0.00346  0.03567
                  z   0.06230 -0.01756  0.00608 -0.05438  0.00058  0.03386
 17   ag          x  -0.01201  0.03098  0.01148  0.03062  0.05180 -0.01501
                  y   0.03368  0.01992  0.00637  0.02424  0.05975 -0.04840
                  z  -0.06445  0.01039  0.06745 -0.07912 -0.09527  0.01856
 18   ag          x  -0.02421 -0.02956  0.00894  0.03827  0.02043  0.01907
                  y  -0.07068  0.01871  0.00833  0.00529  0.04402 -0.00132
                  z   0.14853 -0.03688 -0.04096 -0.01920  0.07437  0.00024
 19   ag          x  -0.01317 -0.00481  0.00520  0.05202 -0.03965 -0.00340
                  y   0.01417 -0.03554  0.00540 -0.00551 -0.02153 -0.00245
                  z   0.04665  0.00073 -0.01825 -0.09010 -0.04101 -0.02402
 20   ag          x  -0.04795 -0.00745 -0.03621  0.02639 -0.05220 -0.01804
                  y  -0.02314  0.01226 -0.03772 -0.07927  0.03882 -0.03665
                  z   0.02194  0.04021  0.00047  0.00462  0.02607  0.00562
 21   ag          x  -0.06872 -0.01739 -0.03323  0.03606 -0.04447  0.10119
                  y   0.04248 -0.07179 -0.03165  0.04113 -0.03125 -0.07825
                  z  -0.01792  0.03692 -0.01240  0.04133  0.02055 -0.01161
 22   ag          x  -0.00914  0.00243 -0.01855  0.00777  0.00050  0.03186
                  y  -0.08659  0.08098  0.00424  0.07963  0.10381 -0.03714
                  z   0.02191  0.02378  0.00941  0.00156  0.05259 -0.03506
 23   ag          x   0.02263  0.01248  0.00800 -0.04282  0.01996 -0.02968
                  y  -0.18652 -0.07346 -0.02467  0.01960  0.06307  0.06636
                  z   0.00342  0.00908  0.03047  0.01052  0.00597 -0.00235
 24   ag          x   0.06337 -0.00234  0.01635 -0.09870  0.03333 -0.08898
                  y   0.01573 -0.05061  0.03411  0.04676 -0.05116 -0.02417
                  z  -0.02148 -0.01987 -0.01461 -0.02461  0.01872  0.00613
 25   ag          x  -0.06663  0.05819 -0.03386 -0.05644 -0.08516 -0.08614
                  y  -0.06150 -0.05878 -0.00529 -0.02374 -0.04818 -0.04097
                  z  -0.04447  0.07779  0.02810 -0.05399 -0.00624  0.04263
 26   ag          x  -0.02394 -0.09609  0.01851  0.04739 -0.00730 -0.00487
                  y   0.10578 -0.00909  0.02899  0.11833  0.12710  0.05101
                  z   0.04251 -0.14447  0.00387  0.14668  0.01689 -0.02384
 27   ag          x  -0.00988 -0.05818  0.06332 -0.01750  0.01010  0.00510
                  y   0.00927  0.06397  0.00514  0.08500 -0.20000 -0.02592
                  z  -0.06633  0.15781  0.00567 -0.09943  0.04361  0.04715
 28   ag          x  -0.06172  0.08874 -0.00467 -0.08026 -0.00701  0.01903
                  y   0.01218 -0.00531  0.02624  0.03342  0.03719  0.01835
                  z   0.05304 -0.02985 -0.01214  0.12853 -0.02223 -0.04813
 29   ag          x   0.05427  0.07573 -0.01977  0.09964  0.08828  0.08044
                  y  -0.02262  0.07710 -0.01626 -0.04078 -0.04392 -0.05774
                  z   0.03249  0.06142 -0.03160  0.14192  0.04048 -0.06390
 30   ag          x   0.11809  0.00132  0.01085  0.06595  0.09241  0.04594
                  y   0.01211  0.01865 -0.01909  0.03989  0.03224  0.08233
                  z  -0.02087 -0.00625 -0.00384  0.05932 -0.11401 -0.00460
 31   ag          x   0.07416  0.06369 -0.03054 -0.03704 -0.02539 -0.04367
                  y  -0.01305 -0.09856  0.03940  0.02973 -0.01414 -0.03864
                  z  -0.09430 -0.01916 -0.00026 -0.07664  0.10427 -0.00781
 32   ag          x   0.02107 -0.01019 -0.01555 -0.10217  0.01483 -0.05323
                  y   0.01389  0.09170 -0.07246  0.05689  0.03976  0.04137
                  z  -0.09327 -0.07436  0.01391  0.08884  0.00756  0.01365
 33   ag          x  -0.00969  0.02171  0.04446  0.06349 -0.20420  0.01371
                  y   0.00408  0.07553 -0.04156 -0.06891  0.07118  0.08031
                  z  -0.04772 -0.07855  0.08918 -0.10338 -0.03992  0.07470
 34   ag          x  -0.02659  0.03175 -0.04993  0.02746 -0.07786  0.02818
                  y   0.00677 -0.10699  0.03222 -0.09855 -0.01744  0.03435
                  z   0.21362 -0.00151 -0.08835 -0.08776  0.12655 -0.00694
 35   ag          x  -0.03822 -0.05183 -0.04843 -0.06661  0.05862 -0.05706
                  y  -0.02194 -0.00168 -0.04765 -0.04521  0.03865 -0.06989
                  z  -0.03124  0.08276  0.08172 -0.11905 -0.16535 -0.02664
 36   ag          x  -0.13617  0.04484 -0.06192 -0.04387  0.05544 -0.04113
                  y   0.08617  0.06438 -0.00054  0.01127 -0.04054  0.01602
                  z   0.15721  0.03154  0.01370 -0.00057  0.05370 -0.03919
 37   ag          x  -0.03419  0.01965  0.02800  0.01801  0.01231  0.02258
                  y   0.04026 -0.06607  0.05006 -0.09338 -0.03193  0.00645
                  z  -0.00426 -0.01521 -0.06152  0.08824 -0.01109 -0.03981
 38   ag          x   0.06846 -0.10566  0.00408 -0.05122  0.07485  0.02853
                  y  -0.10064  0.01333 -0.04527 -0.11477 -0.06269 -0.02736
                  z  -0.02943 -0.00300 -0.00403  0.08977 -0.03461  0.04808
 39   ag          x   0.00738 -0.07724  0.02701 -0.06943  0.00868 -0.02217
                  y   0.00598 -0.05878 -0.01341 -0.04516  0.09229 -0.06675
                  z  -0.14531 -0.03925 -0.03965  0.02693 -0.03332  0.08931
 40   ag          x   0.02436  0.04196  0.05864  0.05417 -0.08748  0.04793
                  y   0.01552  0.00469  0.06232  0.03319 -0.03937  0.03070
                  z  -0.01196 -0.03479 -0.00889  0.04758 -0.03475 -0.01328
 41   c           x   0.00110  0.00827  0.00530  0.00582 -0.00953 -0.00508
                  y   0.06199 -0.00939 -0.02873  0.00918 -0.06874  0.07950
                  z   0.05020 -0.00558 -0.07487  0.05147 -0.10671  0.08193
 42   n           x   0.01074  0.00702  0.00144  0.00782 -0.01972  0.01511
                  y   0.04248 -0.00130 -0.01600  0.01172 -0.04110  0.04677
                  z  -0.00331  0.05400 -0.00436  0.09559  0.01285  0.05348
 43   c           x   0.03264  0.00329 -0.00871  0.00953 -0.04090  0.05043
                  y   0.04432  0.00389 -0.01250  0.01748 -0.03479  0.04612
                  z  -0.00375  0.14028  0.06467  0.17779  0.13264 -0.00377
 44   c           x  -0.00134  0.00308  0.00374  0.00136 -0.00886 -0.00144
                  y   0.02097  0.00358 -0.00480  0.01155 -0.01514  0.01340
                  z  -0.04376 -0.02569 -0.03700  0.00868  0.01248  0.03228
 45   c           x   0.00418  0.00220  0.00226  0.00268 -0.01433  0.00612
                  y   0.00103  0.01032  0.00697  0.01321  0.00784 -0.01309
                  z  -0.12200 -0.00742  0.02036  0.02997  0.10050 -0.06124
 46   c           x  -0.00481  0.00207  0.00513  0.00025 -0.00465 -0.00560
                  y  -0.01770  0.01362  0.01481  0.01062  0.02715 -0.03541
                  z  -0.14586 -0.05322 -0.00329 -0.01768  0.09697 -0.07025
 47   c           x  -0.01089  0.00331  0.00805 -0.00155  0.00177 -0.01327
                  y  -0.01397  0.00769  0.00850  0.00413  0.02098 -0.02918
                  z  -0.07239 -0.13158 -0.10089 -0.10435  0.00088  0.03246
 48   c           x  -0.02207  0.00371  0.01167 -0.00458  0.01295 -0.02636
                  y   0.00173  0.00499  0.00170  0.00640  0.00385 -0.00915
                  z  -0.01466 -0.17832 -0.16170 -0.15759 -0.08600  0.11325
 49   c           x  -0.01552  0.00251  0.00817 -0.00356  0.00472 -0.01867
                  y   0.01918  0.00322 -0.00490  0.00992 -0.01369  0.01119
                  z  -0.00442 -0.12305 -0.12767 -0.09972 -0.07964  0.10628
 50   n           x  -0.01210  0.00123  0.00791 -0.00360  0.00251 -0.01288
                  y  -0.01355  0.00465  0.00504 -0.00274  0.02203 -0.02797
                  z  -0.03462 -0.15508 -0.14471 -0.13302 -0.02310  0.07053
 51   c           x  -0.01186  0.00173  0.00789 -0.00226  0.00189 -0.01342
                  y  -0.00768  0.00585  0.00496 -0.00056  0.01919 -0.02362
                  z  -0.04570 -0.11420 -0.09765 -0.07283  0.02306  0.01858
 52   c           x  -0.00352 -0.00185  0.00406 -0.00332 -0.00766 -0.00091
                  y   0.01236 -0.00033 -0.00649 -0.00243  0.00013  0.00110
                  z   0.02908 -0.13691 -0.15872 -0.09096 -0.03092  0.09272
 53   c           x  -0.00688 -0.00005  0.00512 -0.00338 -0.00385 -0.00607
                  y   0.02401 -0.00052 -0.00647  0.00206 -0.01291  0.01495
                  z   0.00127 -0.07767 -0.08713 -0.03484 -0.01492  0.04363
 54   c           x  -0.01686  0.00126  0.00622 -0.00371  0.00834 -0.01956
                  y   0.01975  0.00351  0.00106  0.00560 -0.01048  0.00974
                  z  -0.09120  0.00269  0.04378  0.03091  0.04733 -0.08057
 55   n           x  -0.02557 -0.00371  0.00261 -0.00510  0.02086 -0.03071
                  y   0.04594 -0.00047 -0.00922  0.00334 -0.03830  0.04241
                  z  -0.13490  0.10625  0.16129  0.07454  0.04750 -0.14069
 56   c           x  -0.00920 -0.01010 -0.00640 -0.01473  0.00477 -0.01275
                  y   0.07612 -0.00969 -0.02638  0.00044 -0.06607  0.08294
                  z  -0.10504  0.10034  0.13629  0.14276  0.03097 -0.05811
 57   c           x  -0.05971 -0.00396  0.01054 -0.00244  0.05731 -0.07033
                  y   0.04705 -0.00077 -0.00947  0.00548 -0.04007  0.04678
                  z  -0.08009  0.10468  0.14845  0.02427  0.00110 -0.16261
 58   c           x  -0.02512  0.00509  0.01084 -0.00276  0.01459 -0.02969
                  y  -0.00112  0.00891  0.01156  0.00785  0.01067 -0.01680
                  z  -0.13581 -0.01597  0.05591  0.04243  0.10894 -0.13696
 59   c           x  -0.01687  0.00350  0.00935 -0.00117  0.00623 -0.01967
                  y  -0.01626  0.01058  0.01376  0.00441  0.02580 -0.03355
                  z  -0.12450 -0.05471  0.00385  0.00182  0.10367 -0.09472
 60   s           x  -0.00744  0.00279  0.00655  0.00221 -0.00020 -0.01330
                  y  -0.04767  0.02643  0.03381  0.01640  0.04888 -0.06163
                  z  -0.30828  0.00105  0.09487  0.02031  0.23062 -0.23277
 61   h           x  -0.02500  0.00061  0.01668 -0.02674  0.05158 -0.02638
                  y   0.03458  0.06701  0.03665  0.09709 -0.00972  0.06672
                  z   0.07424 -0.05587 -0.12199 -0.00158 -0.15723  0.09457
 62   h           x   0.00980  0.01890  0.00333  0.03212 -0.04566 -0.01325
                  y   0.09036 -0.08490 -0.09389 -0.07514 -0.12943  0.09504
                  z   0.07233 -0.06573 -0.12611 -0.01682 -0.15138  0.09460
 63   h           x   0.01276  0.00941  0.00051  0.01387 -0.02872  0.01253
                  y   0.07875 -0.02092 -0.04358  0.00182 -0.09430  0.10435
                  z   0.04732  0.05925 -0.03460  0.14416 -0.11274  0.08040
 64   h           x   0.04511  0.01247 -0.00800  0.01996 -0.04548  0.06416
                  y   0.06703  0.00243 -0.02298  0.01997 -0.05944  0.08157
                  z   0.07881  0.25804  0.10630  0.29965  0.15407  0.05460
 65   h           x   0.10833  0.07898  0.00716  0.08980 -0.05449  0.12020
                  y   0.03766 -0.04472 -0.04885 -0.03029 -0.09924  0.06538
                  z  -0.05220  0.11769  0.07622  0.15180  0.18278 -0.06506
 66   h           x  -0.03531 -0.08530 -0.03563 -0.08229 -0.04484 -0.00018
                  y   0.03165  0.05587  0.03686  0.06601  0.05744 -0.00826
                  z  -0.03571  0.12688  0.07430  0.16275  0.16966 -0.04661
 67   h           x   0.01929 -0.00081 -0.00342  0.00522 -0.03029  0.02558
                  y  -0.00009  0.01252  0.00954  0.01609  0.00978 -0.01501
                  z  -0.16502  0.04534  0.08332  0.08854  0.16611 -0.12815
 68   h           x  -0.03756  0.00468  0.01645 -0.00845  0.02752 -0.04445
                  y   0.00146  0.00304  0.00003  0.00336  0.00342 -0.00915
                  z   0.03204 -0.23883 -0.22765 -0.22846 -0.15030  0.17944
 69   h           x  -0.02185  0.00405  0.01111 -0.00538  0.01231 -0.02637
                  y   0.03000  0.00008 -0.01073  0.01052 -0.02651  0.02415
                  z   0.04508 -0.14387 -0.16493 -0.12826 -0.13601  0.16324
 70   h           x   0.01037 -0.00536 -0.00102 -0.00250 -0.02176  0.01636
                  y   0.01676 -0.00438 -0.01356 -0.00724 -0.00307  0.00674
                  z   0.10699 -0.19461 -0.25761 -0.15122 -0.09374  0.19161
 71   h           x  -0.00176 -0.00222  0.00342 -0.00364 -0.00945  0.00148
                  y   0.03767 -0.00466 -0.01411 -0.00042 -0.02581  0.03193
                  z   0.06571 -0.08979 -0.13643 -0.05413 -0.06683  0.10845
 72   h           x   0.07281 -0.08731 -0.11492 -0.10780 -0.04231  0.04287
                  y   0.21054 -0.12549 -0.20517 -0.04888 -0.13301  0.24114
                  z  -0.02605  0.03288  0.03178  0.11447 -0.00845  0.03465
 73   h           x  -0.01723 -0.01036 -0.00661 -0.01393  0.01475 -0.02419
                  y   0.07702  0.00029 -0.01213  0.00694 -0.07460  0.08911
                  z  -0.27709  0.26040  0.37224  0.27002  0.11847 -0.21805
 74   h           x  -0.07376  0.06639  0.10043  0.07451  0.03325 -0.04691
                  y  -0.04053  0.09068  0.12957  0.04393 -0.00956 -0.05239
                  z  -0.00645  0.01754  0.00668  0.11203 -0.01731  0.05958
 75   h           x  -0.06455 -0.00944  0.00655 -0.00162  0.06467 -0.07545
                  y   0.07062 -0.00833 -0.02270  0.00566 -0.06150  0.07917
                  z  -0.11389  0.28001  0.32375  0.00564 -0.03643 -0.24666
 76   h           x  -0.03556 -0.14503 -0.12874  0.00669  0.09244 -0.02093
                  y  -0.00305  0.00952  0.01060  0.04150  0.00264  0.04374
                  z  -0.04353  0.01760  0.05791  0.01432  0.00258 -0.13182
 77   h           x  -0.10478  0.13920  0.15691 -0.00930  0.04219 -0.14476
                  y   0.07527 -0.00639 -0.02081 -0.02954 -0.06067  0.02419
                  z  -0.04181  0.03055  0.06978  0.00954 -0.00337 -0.13810
 78   h           x  -0.03879  0.01050  0.01738 -0.00514  0.02776 -0.04846
                  y  -0.00490  0.01175  0.01663  0.01180  0.01394 -0.02191
                  z  -0.19384  0.02130  0.12215  0.09326  0.16085 -0.21237

reduced mass(g/mol)    49.626   37.273   19.610   46.810   51.921   29.850


       mode              67       68       69       70       71       72

     frequency          80.90    81.66    83.08    84.07    84.53    85.60

     symmetry            a        a        a        a        a        a   

        IR               YES      YES      YES      YES      YES      YES
|dDIP/dQ|   (a.u.)     0.0004   0.0003   0.0001   0.0003   0.0002   0.0002
intensity (km/mol)       0.22     0.13     0.02     0.18     0.07     0.11
intensity (  %   )       0.09     0.05     0.01     0.07     0.03     0.04
 
       RAMAN             YES      YES      YES      YES      YES      YES
         (par,par)       3.66     2.22     0.69     4.27     0.74     1.23
         (ort,ort)       4.24     1.10     1.09     2.16     0.36     1.11
       (ort,unpol)       4.09     1.39     0.99     2.71     0.46     1.14
     depol. ratio        0.30     0.71     0.22     0.70     0.72     0.39
 
  1   ag          x  -0.05017 -0.02074 -0.01920 -0.00035  0.05322 -0.05341
                  y  -0.01928 -0.01402  0.01863 -0.01633  0.00058 -0.01337
                  z  -0.04650 -0.00613 -0.00426 -0.00492  0.01999 -0.02548
  2   ag          x   0.02108 -0.00713  0.01475 -0.01127 -0.02315  0.01807
                  y   0.04765  0.05717 -0.07188  0.00638 -0.10772  0.06529
                  z   0.03009 -0.02150  0.07611  0.00764  0.02374 -0.02653
  3   ag          x  -0.03451  0.02972 -0.01921 -0.01308 -0.09873  0.01876
                  y  -0.04207 -0.05810  0.09634  0.07494 -0.00076 -0.19098
                  z   0.04692 -0.00473 -0.01988  0.00119 -0.02689  0.02314
  4   ag          x   0.03383  0.03068  0.09277 -0.01771 -0.08309  0.06822
                  y  -0.01850  0.07349 -0.03794 -0.02662  0.02502  0.12837
                  z  -0.08271 -0.02741 -0.03716  0.01392 -0.00973 -0.06539
  5   ag          x   0.05714  0.00476 -0.08419  0.08165  0.16439  0.00349
                  y   0.09011 -0.04917  0.01047  0.08568  0.08032 -0.14803
                  z   0.04056 -0.00762  0.07120 -0.01315 -0.02567  0.03339
  6   ag          x   0.03042 -0.02980 -0.00923  0.02557  0.05469  0.00858
                  y  -0.03386  0.01861 -0.01535 -0.00980 -0.00696 -0.01408
                  z   0.01955  0.01638 -0.12410  0.03934  0.01055 -0.02982
  7   ag          x   0.03444  0.01644 -0.00276  0.01478 -0.05432  0.05474
                  y   0.02984 -0.01389 -0.04407  0.01897  0.01918  0.01562
                  z   0.03445  0.03247 -0.03146 -0.02928 -0.01636 -0.00570
  8   ag          x   0.00250 -0.02252  0.11997 -0.02600 -0.18024 -0.01815
                  y  -0.03716  0.01103 -0.00619  0.02252  0.07577 -0.01416
                  z  -0.00245  0.08826 -0.07586  0.02713 -0.01823 -0.05677
  9   ag          x   0.02289 -0.00293  0.08158 -0.09870 -0.16867  0.08990
                  y   0.04900  0.01184  0.04264 -0.02186 -0.09126  0.02325
                  z   0.00262  0.11844  0.00664 -0.03783 -0.05050 -0.04912
 10   ag          x   0.00261 -0.03590  0.10801 -0.04259  0.04305  0.02674
                  y  -0.00050 -0.01434 -0.08323  0.04095 -0.01318 -0.06353
                  z  -0.03143  0.03512  0.06277 -0.05491 -0.06058 -0.00311
 11   ag          x  -0.05021  0.04264  0.02768  0.06786  0.13867 -0.08904
                  y  -0.00639 -0.04616  0.07601 -0.04507  0.00419  0.02901
                  z   0.07232  0.00069 -0.02221  0.00071  0.02723 -0.01141
 12   ag          x  -0.02490  0.00455 -0.02868  0.00818  0.04155 -0.01188
                  y   0.01335  0.02196 -0.08233  0.04073  0.16077  0.06214
                  z  -0.03889 -0.05613  0.09776  0.04545 -0.00234 -0.06886
 13   ag          x  -0.02074  0.03255 -0.02328 -0.03387  0.00936 -0.05468
                  y  -0.01399 -0.04687  0.04211  0.00568  0.01681  0.00685
                  z  -0.06308  0.00034  0.02287  0.05344  0.00164  0.00092
 14   ag          x  -0.03835  0.02763 -0.01278 -0.01536 -0.04418 -0.05931
                  y   0.06601 -0.01314 -0.02263 -0.00589 -0.15054  0.03966
                  z   0.09685 -0.01182 -0.00684 -0.05895 -0.02962 -0.09766
 15   ag          x  -0.09270 -0.02991 -0.12125 -0.04135 -0.02717 -0.05202
                  y  -0.09331  0.02139  0.03939 -0.04146 -0.01539  0.04473
                  z   0.00457  0.01941 -0.03482  0.01919  0.00727 -0.07135
 16   ag          x  -0.00431 -0.07843 -0.00416  0.03320 -0.05121 -0.00381
                  y   0.01362  0.03099 -0.06133  0.03705  0.05712 -0.00708
                  z  -0.08212  0.02209  0.01390  0.01972  0.05876 -0.01237
 17   ag          x   0.03944 -0.01616 -0.08892  0.01547  0.10433  0.06997
                  y   0.02048 -0.00935 -0.05596 -0.01408  0.06879  0.10237
                  z  -0.05530 -0.10053 -0.02488  0.00622  0.05070  0.12784
 18   ag          x   0.02008  0.01288  0.01570  0.03844  0.12252 -0.07038
                  y  -0.05748 -0.01420  0.00077 -0.03678 -0.02460  0.06011
                  z   0.14045 -0.05295 -0.08685 -0.08982  0.06912  0.09907
 19   ag          x   0.09878 -0.00723 -0.04752  0.04655  0.01746 -0.02387
                  y   0.04924  0.00917  0.05038 -0.00947 -0.03874  0.02493
                  z  -0.09968  0.02115  0.06314  0.10280 -0.04506  0.10832
 20   ag          x   0.07816  0.00166 -0.09212  0.06266 -0.04345  0.07748
                  y  -0.25645  0.02297  0.02533 -0.12861  0.00873  0.05167
                  z  -0.09024 -0.02949 -0.12487 -0.04988  0.00763 -0.08361
 21   ag          x   0.11862  0.02878  0.06291  0.00131 -0.12680  0.02567
                  y   0.05213 -0.01493  0.08781 -0.01519 -0.11389 -0.13926
                  z   0.04185 -0.00006 -0.04056  0.01183 -0.00474  0.04459
 22   ag          x   0.02593  0.01293  0.02703 -0.01075 -0.00473  0.04338
                  y  -0.00361  0.01476 -0.12590 -0.03030 -0.04579  0.19647
                  z  -0.01992 -0.03187 -0.05761 -0.03466  0.03993  0.13650
 23   ag          x  -0.10351 -0.00028  0.02010 -0.03301  0.03373  0.00617
                  y  -0.04123  0.03253  0.05761 -0.08263  0.06082 -0.14591
                  z  -0.00225 -0.00306  0.05542 -0.01068 -0.01430  0.04811
 24   ag          x  -0.18782 -0.00403  0.00405 -0.05850  0.02217 -0.05080
                  y   0.23288  0.00647  0.13121  0.11789  0.03754  0.05488
                  z  -0.07772  0.01933  0.07635 -0.07780  0.00476  0.00926
 25   ag          x   0.10054 -0.00405  0.04882 -0.04715  0.00102  0.02402
                  y   0.03967  0.00409 -0.06747 -0.02222  0.00689  0.00401
                  z   0.09644  0.02385  0.00877 -0.01928 -0.04665  0.07446
 26   ag          x  -0.04240  0.04374 -0.14460 -0.01609 -0.02252  0.00240
                  y  -0.03339 -0.01468  0.12059  0.01558 -0.03231  0.01425
                  z  -0.13932  0.02390 -0.16113  0.01553  0.00701 -0.04697
 27   ag          x  -0.09607 -0.00410 -0.01048  0.01015  0.04672 -0.09070
                  y  -0.00264 -0.00337 -0.05368 -0.11507 -0.08689  0.04056
                  z   0.08345 -0.00477  0.19840 -0.04217  0.04216  0.05028
 28   ag          x  -0.01656  0.02654  0.07616 -0.00655  0.16877 -0.00031
                  y   0.00416  0.08529  0.06918 -0.04787  0.13569 -0.01887
                  z   0.01071  0.02303 -0.12245  0.02077  0.03676  0.00588
 29   ag          x  -0.05621 -0.02113  0.07139  0.04631  0.01394  0.00678
                  y   0.04498 -0.02005  0.12683 -0.02707 -0.00344  0.01160
                  z  -0.09356 -0.03236  0.27096 -0.04918  0.00338 -0.00497
 30   ag          x   0.00333 -0.03463  0.06354  0.03708 -0.01049 -0.00145
                  y  -0.03351  0.01643 -0.03083  0.03039  0.02771 -0.00138
                  z  -0.00133 -0.02123  0.03466 -0.01925  0.00467  0.06145
 31   ag          x   0.06903 -0.06170 -0.05178  0.01572 -0.12597 -0.05258
                  y  -0.00296 -0.05413  0.06942 -0.00138  0.00900  0.03490
                  z   0.06926 -0.14098 -0.00522  0.00952 -0.00431 -0.01692
 32   ag          x   0.13210 -0.04497 -0.15593 -0.00552  0.05028 -0.09896
                  y  -0.09045 -0.06102 -0.04735  0.05200 -0.12156  0.01972
                  z  -0.04147 -0.05899 -0.00556  0.07998  0.05345  0.07224
 33   ag          x  -0.06672 -0.00201  0.02248 -0.10369  0.05530  0.12730
                  y  -0.12172  0.01962 -0.03069  0.09139 -0.01704 -0.06492
                  z  -0.01304  0.01452 -0.26756  0.01018 -0.05405  0.07291
 34   ag          x   0.02115  0.05364 -0.05755 -0.01047  0.06838  0.04283
                  y   0.04669 -0.00538  0.00976 -0.04516  0.15258  0.03870
                  z   0.15465  0.12427 -0.04455 -0.05844 -0.00298 -0.04699
 35   ag          x   0.00115  0.06725 -0.01954  0.09803 -0.00873  0.08033
                  y   0.01565 -0.05685  0.10824  0.06845 -0.08220  0.03755
                  z  -0.14845  0.05220  0.07179  0.10651 -0.03146  0.01372
 36   ag          x  -0.08994 -0.03525 -0.06367  0.13272 -0.16412  0.02102
                  y  -0.02930 -0.02325 -0.23473  0.03321 -0.01646  0.02060
                  z  -0.00624 -0.05259 -0.06519 -0.08095  0.04642  0.07924
 37   ag          x  -0.05254 -0.08381 -0.12452 -0.00463 -0.14289 -0.10019
                  y  -0.03804  0.03366 -0.08462  0.00092 -0.07288  0.01289
                  z   0.05658 -0.03701  0.14250 -0.03042 -0.02920 -0.09723
 38   ag          x   0.03315  0.04699  0.08524 -0.03327  0.10637  0.00761
                  y   0.15678 -0.03524 -0.04967 -0.04656 -0.01144 -0.26332
                  z  -0.09156  0.10077  0.09891  0.08734 -0.08676 -0.17742
 39   ag          x  -0.01521  0.06956  0.29602  0.03132  0.04624  0.05920
                  y  -0.04110  0.09938  0.02288  0.12699  0.03813  0.03760
                  z   0.02800 -0.01297 -0.04054 -0.09246  0.04029 -0.20336
 40   ag          x   0.08160 -0.02317 -0.05045 -0.14458  0.02340 -0.02751
                  y   0.05008 -0.01288 -0.00537 -0.08077  0.06950 -0.09814
                  z   0.20677  0.00397  0.05546  0.16079 -0.01727  0.09381
 41   c           x   0.01071  0.00757 -0.00075  0.00098 -0.00492 -0.00607
                  y  -0.03011 -0.06605  0.03080  0.02345  0.05708  0.01699
                  z  -0.00369 -0.04017  0.00989  0.02470  0.01132  0.03524
 42   n           x   0.00064 -0.00974  0.00954  0.00745  0.01067 -0.00001
                  y  -0.01706 -0.03714  0.02103  0.00829  0.03028  0.01031
                  z  -0.01290 -0.00156  0.03292 -0.02462 -0.02803  0.04932
 43   c           x  -0.01173 -0.03789  0.02622  0.01269  0.04192  0.01034
                  y  -0.01534 -0.03528  0.02392 -0.00233  0.03084  0.01495
                  z   0.02630  0.08242  0.06163 -0.18757 -0.06402  0.09056
 44   c           x   0.00396 -0.00034  0.00276  0.00791  0.00178 -0.00712
                  y  -0.00476 -0.00940  0.00854 -0.00393  0.00589  0.00214
                  z  -0.04114 -0.04319  0.02026  0.04794  0.00317  0.01661
 45   c           x   0.00060 -0.00758  0.00636  0.01007  0.00969 -0.00620
                  y   0.00616  0.01452 -0.00248 -0.01378 -0.01237 -0.00450
                  z  -0.00383  0.02834 -0.01760  0.01444 -0.03327 -0.02333
 46   c           x   0.00434  0.00086  0.00175  0.00681  0.00210 -0.00955
                  y   0.01437  0.03355 -0.01267 -0.02001 -0.02689 -0.00946
                  z  -0.01746 -0.00062 -0.03090  0.03029 -0.00503 -0.01277
 47   c           x   0.00614  0.00734 -0.00277  0.00788 -0.00481 -0.01093
                  y   0.00899  0.02539 -0.01042 -0.01521 -0.02178 -0.00606
                  z  -0.09659 -0.12124  0.00737  0.08281  0.08040  0.04767
 48   c           x   0.01012  0.01728 -0.00864  0.00420 -0.01395 -0.01227
                  y   0.00158  0.00820 -0.00080 -0.00819 -0.00852 -0.00281
                  z  -0.14511 -0.20560  0.04069  0.16634  0.12019  0.05690
 49   c           x   0.00777  0.01109 -0.00478  0.00703 -0.00988 -0.01142
                  y  -0.00439 -0.00776  0.00744 -0.00308  0.00491  0.00076
                  z  -0.10811 -0.15775  0.04146  0.14813  0.07722  0.03300
 50   n           x   0.00442  0.00495 -0.00353  0.01296 -0.00500 -0.01150
                  y   0.00562  0.02256 -0.01213 -0.01555 -0.01952 -0.00021
                  z  -0.11982 -0.15809  0.01682  0.03870  0.13061  0.10136
 51   c           x   0.00391  0.00576 -0.00387  0.01212 -0.00405 -0.01237
                  y   0.00613  0.02040 -0.01120 -0.01475 -0.01951  0.00103
                  z  -0.06536 -0.09395 -0.01283 -0.02456  0.09054  0.08625
 52   c           x  -0.00145 -0.00647  0.00110  0.02168  0.00350 -0.01062
                  y  -0.00437 -0.00262 -0.00244 -0.00610 -0.00391  0.00977
                  z  -0.09249 -0.16638  0.01343 -0.07867  0.15535  0.15703
 53   c           x   0.00035 -0.00124 -0.00074  0.01693  0.00132 -0.01123
                  y  -0.00680 -0.01412  0.00302  0.00715  0.00106  0.00856
                  z  -0.02623 -0.10972  0.01071 -0.08560  0.10932  0.11891
 54   c           x   0.00561  0.01154 -0.00663  0.00132 -0.00526 -0.01230
                  y  -0.00330 -0.00912  0.00168  0.01290 -0.00435  0.00244
                  z   0.05426  0.01899 -0.02017 -0.02274 -0.00353  0.01170
 55   n           x   0.01009  0.02251 -0.01312 -0.01197 -0.01309 -0.01355
                  y  -0.01879 -0.03992  0.01516  0.03224  0.01802  0.01133
                  z   0.09432  0.07904 -0.01245  0.04359 -0.05044 -0.04164
 56   c           x  -0.00480  0.00134 -0.00358  0.00093  0.00167 -0.00056
                  y  -0.03860 -0.08012  0.02837  0.04659  0.04639  0.02537
                  z   0.11110  0.03004 -0.01566  0.00774 -0.01350 -0.07191
 57   c           x   0.03358  0.05890 -0.03192 -0.04252 -0.03796 -0.02213
                  y  -0.01788 -0.04598  0.01532  0.03126  0.02287  0.01247
                  z   0.02958  0.13449  0.01409  0.13181 -0.09904 -0.06799
 58   c           x   0.01041  0.02071 -0.00864 -0.00558 -0.01028 -0.01292
                  y   0.00830  0.01602 -0.00817  0.00119 -0.02200 -0.00624
                  z   0.07506  0.07814 -0.05893 -0.02064 -0.05894 -0.03571
 59   c           x   0.00605  0.01186 -0.00515  0.00251 -0.00539 -0.01137
                  y   0.01326  0.03011 -0.01437 -0.01255 -0.02786 -0.00678
                  z   0.02295  0.02733 -0.05579 -0.02766 -0.01183  0.00048
 60   s           x   0.00784  0.00751 -0.00216 -0.00184 -0.00061 -0.00969
                  y   0.03086  0.06028 -0.02323 -0.02723 -0.04347 -0.02123
                  z   0.08765  0.14881 -0.10961 -0.05355 -0.08377 -0.06849
 61   h           x  -0.00470  0.00736  0.01991 -0.00617 -0.00607 -0.00223
                  y  -0.01125 -0.01089  0.02177 -0.02880  0.00445  0.02763
                  z  -0.01415 -0.07795  0.01545  0.06014  0.04754  0.02813
 62   h           x   0.03824  0.03321 -0.03204 -0.00233 -0.02717 -0.01616
                  y  -0.04915 -0.12152  0.04139  0.07562  0.10960  0.00748
                  z  -0.02057 -0.08564  0.02105  0.06503  0.05454  0.02880
 63   h           x   0.00763 -0.00312  0.00113  0.00663  0.00509 -0.00292
                  y  -0.04125 -0.09138  0.03999  0.03814  0.08083  0.02118
                  z   0.03012  0.01163 -0.02297 -0.00846 -0.03800  0.03578
 64   h           x  -0.01604 -0.04334  0.03693  0.00441  0.04410  0.02117
                  y  -0.02893 -0.06106  0.04041  0.00595  0.05420  0.02570
                  z   0.01592  0.09530  0.14228 -0.31588 -0.11102  0.19055
 65   h           x  -0.03133 -0.05100  0.09200 -0.05963  0.02561  0.08513
                  y  -0.03191 -0.07115  0.00019  0.09106  0.03967 -0.01542
                  z   0.05095  0.11440  0.03039 -0.19656 -0.05797  0.05730
 66   h           x  -0.00031 -0.04280 -0.03426  0.10155  0.08513 -0.06765
                  y   0.01278  0.02652  0.03657 -0.10810 -0.00079  0.03600
                  z   0.04348  0.10525  0.04173 -0.19760 -0.06152  0.06986
 67   h           x  -0.00620 -0.02354  0.01434  0.01636  0.02335 -0.00322
                  y   0.00816  0.01745 -0.00335 -0.01532 -0.01383 -0.00617
                  z   0.04997  0.11475 -0.04690 -0.02989 -0.08183 -0.06243
 68   h           x   0.01584  0.03210 -0.01716 -0.00060 -0.02643 -0.01534
                  y   0.00055  0.00719 -0.00115 -0.00693 -0.00801 -0.00227
                  z  -0.19655 -0.28841  0.05933  0.21900  0.18154  0.08705
 69   h           x   0.01053  0.01792 -0.00807  0.00577 -0.01665 -0.01302
                  y  -0.00918 -0.01912  0.01271  0.00056  0.01497  0.00359
                  z  -0.13081 -0.20606  0.06184  0.18539  0.10408  0.04644
 70   h           x  -0.00853 -0.02197  0.00687  0.03472  0.01316 -0.00931
                  y  -0.00912 -0.00867 -0.00077 -0.00936  0.00164  0.01573
                  z  -0.16479 -0.26827  0.04327 -0.10190  0.24280  0.23629
 71   h           x  -0.00329 -0.00894  0.00155  0.02461  0.00551 -0.01067
                  y  -0.01472 -0.03047  0.00889  0.01354  0.01208  0.01517
                  z  -0.05614 -0.16950  0.03651 -0.11845  0.16108  0.17381
 72   h           x  -0.08942 -0.05322  0.02509 -0.01241  0.04518  0.08601
                  y  -0.12717 -0.19581  0.05664 -0.03061  0.13891  0.10753
                  z   0.05927 -0.03732  0.00084 -0.03712  0.04036 -0.02460
 73   h           x   0.00163  0.01585 -0.00922 -0.01065 -0.00791 -0.00502
                  y  -0.03925 -0.09262  0.03360  0.06711  0.05348  0.02328
                  z   0.25325  0.15362 -0.05948  0.08409 -0.11387 -0.21041
 74   h           x   0.06407  0.02547 -0.02215  0.03726 -0.02269 -0.07534
                  y   0.03893  0.01957  0.00599  0.11437 -0.03250 -0.04540
                  z   0.04799 -0.05588  0.00332 -0.04937  0.05416 -0.01532
 75   h           x   0.03842  0.06487 -0.03734 -0.05155 -0.04257 -0.02476
                  y  -0.03289 -0.07593  0.02421  0.04349  0.04160  0.01982
                  z   0.00997  0.18296  0.08558  0.26446 -0.10820 -0.05455
 76   h           x   0.04851  0.04089 -0.09186 -0.14503 -0.04586 -0.04150
                  y   0.03394 -0.06594 -0.00541 -0.03169  0.04386  0.02646
                  z   0.01558  0.13252 -0.01193  0.09950 -0.11276 -0.08593
 77   h           x   0.03304  0.09975  0.01713  0.04188 -0.04326 -0.01155
                  y  -0.05493 -0.00369  0.02722  0.07567 -0.01032 -0.00314
                  z   0.01008  0.13746 -0.00465  0.11388 -0.11437 -0.08416
 78   h           x   0.01746  0.03693 -0.01369 -0.01674 -0.01876 -0.01374
                  y   0.01310  0.02208 -0.01030  0.00257 -0.02809 -0.01220
                  z   0.14113  0.16540 -0.09037 -0.01214 -0.14287 -0.11341

reduced mass(g/mol)    71.345   27.008   94.545   40.875   62.046   69.627


       mode              73       74       75       76       77       78

     frequency          86.94    87.87    88.46    90.34    91.30    92.31

     symmetry            a        a        a        a        a        a   

        IR               YES      YES      YES      YES      YES      YES
|dDIP/dQ|   (a.u.)     0.0003   0.0003   0.0003   0.0001   0.0005   0.0004
intensity (km/mol)       0.13     0.17     0.11     0.02     0.47     0.32
intensity (  %   )       0.05     0.07     0.04     0.01     0.19     0.13
 
       RAMAN             YES      YES      YES      YES      YES      YES
         (par,par)       0.33     0.30    14.75     1.01     1.57     4.86
         (ort,ort)       0.26     0.36    15.55     1.37     1.47     3.36
       (ort,unpol)       0.28     0.34    15.34     1.28     1.49     3.75
     depol. ratio        0.45     0.30     0.33     0.26     0.38     0.51
 
  1   ag          x   0.07761 -0.00357  0.01539  0.01749  0.06251  0.04932
                  y  -0.03132  0.05582 -0.01081 -0.09364  0.04146  0.03336
                  z   0.04830  0.00049 -0.03189  0.01421  0.03890  0.02134
  2   ag          x  -0.06163  0.03742  0.00208 -0.06400 -0.01202  0.00305
                  y   0.00137  0.02078  0.02974  0.10767 -0.03272 -0.00770
                  z  -0.00080  0.03583  0.05984 -0.10038  0.03130  0.03380
  3   ag          x  -0.10254  0.09113 -0.13234  0.00749 -0.04437 -0.03034
                  y   0.04681  0.02192 -0.11727 -0.14510  0.02932  0.03756
                  z   0.01617 -0.00242  0.04160  0.04945 -0.02646  0.00660
  4   ag          x  -0.12674  0.11171 -0.02844 -0.03890 -0.02194 -0.03213
                  y   0.00059  0.00178  0.17835  0.06073 -0.00990 -0.01370
                  z   0.02070 -0.02837 -0.10396 -0.07954  0.00053  0.00365
  5   ag          x   0.01143  0.02314  0.09800  0.05608 -0.01149  0.01827
                  y  -0.05114 -0.10427 -0.09188  0.04779  0.01422  0.00608
                  z  -0.02752  0.00206 -0.03439 -0.01955  0.00559 -0.01565
  6   ag          x  -0.00802 -0.08845  0.06043 -0.04841 -0.03261 -0.02410
                  y   0.03692  0.01732 -0.00106  0.06929  0.01639  0.01526
                  z   0.07306 -0.01669  0.10617  0.08632  0.03692  0.03011
  7   ag          x  -0.01148 -0.00168  0.00054  0.05996 -0.03353 -0.02110
                  y  -0.02612 -0.05769  0.03480 -0.07815 -0.01698 -0.02732
                  z  -0.00250 -0.00384  0.00219  0.01670 -0.01613  0.01394
  8   ag          x  -0.00330  0.02790 -0.08997  0.02150  0.01035  0.00430
                  y   0.00932  0.03466 -0.01396  0.05181  0.00248  0.00130
                  z   0.02672  0.00811 -0.00895  0.03931 -0.03594  0.00140
  9   ag          x   0.03605 -0.05891  0.00027 -0.01653  0.02693 -0.00396
                  y  -0.06105  0.03991  0.02221  0.03424 -0.01352 -0.00207
                  z  -0.04787 -0.02837 -0.00757  0.00428  0.02716 -0.00705
 10   ag          x  -0.00028 -0.13052 -0.10480  0.06492  0.05551  0.01302
                  y   0.04659  0.00835  0.03961 -0.07693 -0.01435 -0.00829
                  z  -0.05324 -0.06415 -0.01007  0.05799  0.05278 -0.00674
 11   ag          x   0.10382 -0.00259 -0.09341  0.05025 -0.03628  0.00260
                  y  -0.04980 -0.08167  0.00433 -0.03823 -0.04936 -0.06001
                  z  -0.02482 -0.02059  0.05503 -0.04746 -0.00317  0.01117
 12   ag          x   0.00844 -0.03494 -0.00997 -0.07039 -0.00092 -0.00710
                  y  -0.01442 -0.03790  0.00116  0.01289 -0.02084 -0.03050
                  z  -0.00805  0.03193 -0.01456 -0.04539 -0.04067  0.00996
 13   ag          x   0.05279 -0.03833 -0.00517 -0.07068  0.01502 -0.02069
                  y  -0.04869  0.09842 -0.02813  0.12826  0.00200  0.02184
                  z   0.02219  0.02412  0.15583 -0.02639  0.00767 -0.00455
 14   ag          x  -0.03373 -0.02152  0.02545 -0.08432  0.00141  0.00334
                  y   0.10877  0.04198  0.05636 -0.11100 -0.02454 -0.00545
                  z  -0.06028 -0.02239 -0.01442  0.09516  0.03090 -0.01915
 15   ag          x   0.02504  0.05597  0.05348 -0.01827 -0.01576  0.02723
                  y   0.01419 -0.03736 -0.02996 -0.07663  0.00907 -0.01935
                  z  -0.13912  0.00624 -0.01706  0.07435  0.01170  0.02204
 16   ag          x  -0.09467 -0.03865  0.17906 -0.04360 -0.01308 -0.04643
                  y   0.08052 -0.05504 -0.00382  0.05031 -0.03164 -0.05942
                  z   0.05564  0.01792 -0.07649  0.08793 -0.01173  0.00264
 17   ag          x  -0.07201 -0.03324  0.05664  0.01185 -0.00660 -0.03487
                  y  -0.10115  0.00533 -0.04003  0.07183  0.02477  0.01486
                  z   0.02037  0.01676  0.00409  0.04067 -0.00923  0.00471
 18   ag          x  -0.09873  0.02049  0.10334  0.08811 -0.01518 -0.01584
                  y   0.09124  0.03420 -0.01355  0.03985 -0.00300  0.01203
                  z   0.04757  0.03965 -0.02953 -0.05004  0.01470 -0.02503
 19   ag          x  -0.07686  0.04644  0.00031  0.10579 -0.00201  0.00096
                  y   0.11456 -0.05723  0.03408 -0.20202 -0.01139 -0.02000
                  z  -0.06594 -0.04186 -0.05528 -0.00110 -0.01711  0.00005
 20   ag          x  -0.02789  0.04340 -0.08740 -0.03604  0.00692  0.01026
                  y  -0.00122  0.07173  0.05728  0.08213 -0.01098 -0.00691
                  z  -0.10804  0.03721  0.03761  0.03148 -0.00522 -0.00460
 21   ag          x   0.12472  0.04521 -0.08428 -0.10718 -0.00394  0.03334
                  y  -0.06335 -0.03286  0.13843 -0.09723  0.00776 -0.00782
                  z  -0.00326 -0.02012 -0.01092  0.00679 -0.00305 -0.01725
 22   ag          x   0.00042  0.03460 -0.04988  0.03081  0.00678  0.02913
                  y   0.02624 -0.01736 -0.17764  0.03076  0.05366  0.03042
                  z  -0.02622  0.00051 -0.02992  0.04043  0.01699  0.01054
 23   ag          x  -0.01878  0.01076  0.00513  0.09493  0.00635  0.00932
                  y   0.05353 -0.00332  0.11738 -0.03966 -0.01899  0.01057
                  z   0.12758 -0.01363  0.04004 -0.08341 -0.01022 -0.00558
 24   ag          x  -0.02122 -0.06532  0.04167 -0.02977  0.00761 -0.02920
                  y   0.04069 -0.05423 -0.06097  0.07541  0.01122  0.01445
                  z   0.08607  0.00878  0.07962 -0.02747 -0.01232 -0.01382
 25   ag          x   0.01020  0.01537  0.04614  0.02300  0.03582  0.02182
                  y  -0.02742 -0.00467 -0.00167 -0.09033  0.01207  0.00953
                  z  -0.08306 -0.01452  0.04797  0.01167 -0.06798 -0.03614
 26   ag          x   0.01068 -0.06255 -0.03738 -0.05649 -0.02749 -0.01771
                  y   0.00164  0.00819  0.09651  0.00522  0.01621  0.01449
                  z   0.04580 -0.06212 -0.13087  0.08034 -0.00978 -0.02467
 27   ag          x   0.04092 -0.05108 -0.13418 -0.03646 -0.00197 -0.01890
                  y  -0.05937 -0.06484 -0.00342 -0.00246 -0.00188  0.00951
                  z  -0.06116  0.03342  0.08788 -0.03687  0.03614  0.00759
 28   ag          x   0.02056  0.00439  0.06126 -0.06999  0.01912  0.02308
                  y   0.07730  0.01213 -0.04483 -0.04041  0.02090 -0.02031
                  z   0.02414  0.02887  0.05305  0.08254 -0.02075  0.01246
 29   ag          x   0.00663  0.00550  0.05647  0.02215  0.03866  0.01293
                  y  -0.00443  0.03499 -0.09429  0.15366 -0.02241 -0.01151
                  z  -0.05390  0.06585 -0.19030 -0.08156 -0.02833 -0.01722
 30   ag          x   0.02771  0.00252  0.16655  0.08037  0.02213  0.01818
                  y  -0.04698  0.02060  0.03456 -0.20150  0.03257  0.01086
                  z  -0.00694 -0.01575  0.08556 -0.02189  0.03954 -0.00560
 31   ag          x   0.04621 -0.01397  0.08073  0.23533 -0.00331  0.00689
                  y   0.02924 -0.00774 -0.00347  0.08082 -0.01036 -0.02430
                  z   0.00083  0.00158 -0.09031 -0.02571 -0.00556  0.00215
 32   ag          x   0.07338  0.07894 -0.00607  0.02594 -0.06751  0.00928
                  y  -0.04970 -0.06865  0.08359  0.04543  0.01961  0.04923
                  z   0.07044  0.08360  0.05601 -0.07567 -0.05862  0.00676
 33   ag          x   0.00149  0.00106 -0.07950  0.09300 -0.01325  0.00434
                  y   0.09729  0.05452 -0.18138  0.11171  0.01109 -0.00895
                  z   0.04796 -0.00459  0.10437  0.03885  0.04793  0.00397
 34   ag          x  -0.04315  0.02253 -0.05493 -0.17526  0.03828 -0.02266
                  y  -0.04299  0.02447  0.05129 -0.17777 -0.00015  0.03079
                  z   0.01787 -0.03280 -0.09983  0.03352  0.00214 -0.00889
 35   ag          x  -0.07129  0.00987 -0.08366 -0.13095  0.02124 -0.02902
                  y   0.06139 -0.02597  0.02412  0.25170 -0.01082 -0.02342
                  z  -0.02774 -0.03004 -0.03789 -0.01521 -0.03592  0.02795
 36   ag          x   0.01540 -0.02711  0.02285 -0.12168 -0.01600  0.00174
                  y  -0.14834  0.00039 -0.09729 -0.18000  0.00265  0.03231
                  z   0.15808  0.03834  0.02888 -0.10214 -0.01284 -0.01562
 37   ag          x   0.03356  0.00624 -0.01740  0.05534  0.01101  0.01537
                  y   0.01857 -0.00527  0.08020  0.04167  0.00629  0.03033
                  z  -0.03656 -0.00408  0.03777 -0.12147 -0.00174  0.00272
 38   ag          x  -0.03301  0.00642  0.05235 -0.07355 -0.01808  0.05670
                  y   0.02217  0.02789 -0.04151 -0.04544 -0.04059 -0.02556
                  z   0.00445 -0.02951  0.07277 -0.04004 -0.01584 -0.00821
 39   ag          x   0.07843 -0.02978  0.05289  0.18683 -0.01964  0.01635
                  y  -0.10284  0.04319  0.00711 -0.02847 -0.00215  0.01218
                  z  -0.11927 -0.00326 -0.00963  0.13781  0.01349  0.00843
 40   ag          x   0.10333 -0.01555 -0.08717 -0.04767  0.02109 -0.03202
                  y  -0.06235  0.02180 -0.04475  0.17682  0.01407 -0.01326
                  z   0.02198 -0.03900 -0.08882 -0.02495  0.01489  0.02208
 41   c           x   0.00217  0.00028  0.01307 -0.00103  0.00926 -0.00449
                  y   0.00949  0.00832  0.01855 -0.01311 -0.00917 -0.02447
                  z  -0.00030 -0.05606  0.07926 -0.01823  0.09113 -0.05181
 42   n           x   0.00489  0.00718  0.00872 -0.00585  0.00185 -0.01131
                  y   0.00518  0.00306  0.01112 -0.00925 -0.00755 -0.01080
                  z   0.00059 -0.01181 -0.03092 -0.04093  0.00536 -0.01422
 43   c           x   0.00596  0.00346  0.00428 -0.00632 -0.02061 -0.01479
                  y   0.00199 -0.00620  0.00416 -0.00805 -0.02334 -0.00152
                  z  -0.02955 -0.13368 -0.13960 -0.02442 -0.19361  0.13451
 44   c           x   0.00257  0.01027  0.00631  0.00059  0.00672 -0.00909
                  y   0.00219  0.00006  0.00446 -0.00268 -0.00396  0.00173
                  z  -0.01281  0.04085 -0.03147  0.00943  0.05192 -0.06415
 45   c           x   0.00367  0.01135  0.00864 -0.00165  0.00267 -0.01019
                  y   0.00238 -0.00089 -0.00041  0.00187 -0.00273  0.01219
                  z  -0.00566  0.05202 -0.02877  0.03133  0.02017 -0.01707
 46   c           x   0.00171  0.01008  0.00506  0.00061  0.00413 -0.00655
                  y   0.00215 -0.00100 -0.00636  0.00573  0.00142  0.01789
                  z  -0.01431  0.05422 -0.02922  0.03137  0.03684 -0.02971
 47   c           x   0.00158  0.01289  0.00438  0.00298  0.00871 -0.00745
                  y   0.00069 -0.00072 -0.00820  0.00597  0.00409  0.01397
                  z  -0.03823  0.03840 -0.06472  0.02243  0.05977 -0.08045
 48   c           x   0.00047  0.01256 -0.00074  0.00590  0.01230 -0.00465
                  y   0.00082  0.00075 -0.00328  0.00273  0.00102  0.00696
                  z  -0.04502  0.07879 -0.07016  0.03546  0.13092 -0.17392
 49   c           x   0.00107  0.01340  0.00193  0.00475  0.01332 -0.00779
                  y   0.00196  0.00073  0.00406 -0.00163 -0.00289  0.00193
                  z  -0.03022  0.07863 -0.03874  0.03066  0.13125 -0.16280
 50   n           x   0.00186  0.01788  0.00481  0.00456  0.01291 -0.01264
                  y   0.00015 -0.00351 -0.01194  0.00446  0.00391  0.01498
                  z  -0.05778 -0.03936 -0.09707  0.00187 -0.00282 -0.02441
 51   c           x   0.00195  0.01701  0.00598  0.00374  0.01183 -0.01138
                  y   0.00121 -0.00401 -0.00976  0.00264  0.00018  0.01623
                  z  -0.03759 -0.06904 -0.06291 -0.01654 -0.05723  0.04721
 52   c           x   0.00136  0.02318  0.01037  0.00363  0.01463 -0.02106
                  y  -0.00004 -0.00500 -0.00529 -0.00318 -0.00665  0.01196
                  z  -0.04967 -0.16859 -0.09429 -0.06134 -0.15649  0.13077
 53   c           x   0.00087  0.01984  0.00745  0.00432  0.01312 -0.01664
                  y   0.00348  0.00591  0.00633 -0.00586 -0.00317 -0.00036
                  z  -0.00146 -0.14029 -0.06352 -0.06677 -0.14728  0.12929
 54   c           x  -0.00408  0.00676 -0.00116  0.00681  0.00545  0.00051
                  y   0.00831  0.01628  0.01173 -0.00451  0.00533 -0.00923
                  z   0.06694 -0.00076  0.00665 -0.03562 -0.02624  0.02645
 55   n           x  -0.01539 -0.00771 -0.00930  0.01178 -0.00311  0.01919
                  y   0.01272  0.02763  0.02248 -0.01136  0.00695 -0.03046
                  z   0.17792  0.11802  0.04878 -0.05201  0.07160 -0.08519
 56   c           x  -0.01136  0.00100 -0.00243  0.00722  0.00190 -0.00042
                  y   0.01262  0.03141  0.03100 -0.01863  0.00052 -0.04441
                  z   0.13069  0.05187  0.02964 -0.04736 -0.01513  0.01513
 57   c           x  -0.02328 -0.03062 -0.02722  0.01855 -0.01243  0.05763
                  y   0.01801  0.02840  0.02359 -0.01497  0.00577 -0.03087
                  z   0.09064  0.16817  0.09098  0.01255  0.12693 -0.16576
 58   c           x  -0.00166  0.00223 -0.00566  0.00650  0.00403  0.00679
                  y   0.00733  0.01351  0.00660  0.00153  0.00889  0.00031
                  z   0.02441  0.02459  0.02985  0.00626  0.00033  0.02541
 59   c           x   0.00034  0.00827  0.00069  0.00366  0.00552 -0.00060
                  y   0.00446  0.00390 -0.00457  0.00533  0.00655  0.01238
                  z  -0.00874 -0.00268 -0.00366  0.01226 -0.01363  0.03364
 60   s           x   0.00040  0.00314  0.00357  0.00070 -0.00069  0.00296
                  y   0.00493  0.00073 -0.00878  0.01338  0.00466  0.02248
                  z  -0.00868  0.02741 -0.03004  0.06371  0.02277  0.03363
 61   h           x  -0.02016  0.01539 -0.06580  0.02165 -0.03274  0.00006
                  y   0.03525  0.02612  0.00330 -0.06324 -0.04522  0.01723
                  z  -0.01511 -0.07206  0.10138  0.01154  0.12160 -0.08052
 62   h           x   0.01855 -0.02134  0.08594 -0.01654  0.05659  0.00051
                  y  -0.01583 -0.00848  0.03487  0.03441  0.02817 -0.06699
                  z  -0.02210 -0.06899  0.08592  0.02086  0.11541 -0.08472
 63   h           x   0.00852  0.00147  0.02664 -0.00893  0.01359 -0.00993
                  y   0.01053  0.01063  0.02461 -0.01276 -0.00742 -0.03760
                  z   0.03840 -0.05860  0.14393 -0.07482  0.11314 -0.02472
 64   h           x   0.00655 -0.00180 -0.00373 -0.01767 -0.03288 -0.01108
                  y   0.00614 -0.00362  0.00184 -0.01724 -0.03242 -0.01047
                  z  -0.03635 -0.20709 -0.23027 -0.13605 -0.31684  0.20841
 65   h           x   0.00777 -0.03713 -0.05249 -0.09428 -0.09391  0.01935
                  y   0.02115  0.06601  0.07321 -0.01802  0.10350 -0.08640
                  z  -0.04348 -0.15231 -0.14308  0.04426 -0.22329  0.16503
 66   h           x   0.00892  0.04998  0.06341  0.09289  0.04944 -0.05724
                  y  -0.02186 -0.08500 -0.06704  0.01104 -0.15028  0.09621
                  z  -0.04067 -0.15019 -0.14408  0.02224 -0.21925  0.15865
 67   h           x   0.00514  0.01273  0.01472 -0.00490 -0.00186 -0.01554
                  y   0.00303 -0.00101  0.00104  0.00207 -0.00416  0.01397
                  z   0.00717  0.04484 -0.00858  0.04007 -0.00811  0.03152
 68   h           x  -0.00070  0.01179 -0.00762  0.01046  0.01736 -0.00043
                  y   0.00015  0.00092 -0.00484  0.00349  0.00275  0.00561
                  z  -0.06058  0.08466 -0.09113  0.04199  0.16044 -0.22739
 69   h           x   0.00034  0.01394 -0.00069  0.00660  0.01600 -0.00697
                  y   0.00239  0.00024  0.00718 -0.00382 -0.00452 -0.00185
                  z  -0.03773  0.08445 -0.04135  0.03448  0.16218 -0.21251
 70   h           x   0.00111  0.03109  0.01956  0.00182  0.01623 -0.03218
                  y  -0.00357 -0.01252 -0.01017 -0.00480 -0.01213  0.01696
                  z  -0.09595 -0.25433 -0.14376 -0.08514 -0.22606  0.17936
 71   h           x   0.00226  0.02607  0.01182  0.00352  0.01682 -0.02504
                  y   0.00345  0.00631  0.00921 -0.01014 -0.00611 -0.00528
                  z  -0.01583 -0.20880 -0.08742 -0.09762 -0.21826  0.18248
 72   h           x  -0.10825 -0.06866 -0.02232  0.01980 -0.05028  0.02307
                  y  -0.18685 -0.15669 -0.03036  0.01005 -0.17954  0.12519
                  z   0.01332 -0.05806 -0.00596 -0.03017 -0.12066  0.11451
 73   h           x  -0.02200 -0.01115 -0.01006  0.01215 -0.00539  0.01712
                  y   0.04216  0.06069  0.04569 -0.02786  0.02142 -0.07785
                  z   0.38263  0.26424  0.09915 -0.08775  0.16988 -0.14243
 74   h           x   0.10615  0.09421  0.03350 -0.01524  0.06789 -0.05899
                  y   0.18694  0.19393  0.08348 -0.04453  0.15731 -0.19269
                  z  -0.01542 -0.08526 -0.01405 -0.02609 -0.14973  0.14231
 75   h           x  -0.03308 -0.04129 -0.03140  0.02198 -0.02036  0.07327
                  y   0.01532  0.03258  0.03227 -0.01982  0.00010 -0.04138
                  z   0.33741  0.38962  0.13663 -0.03978  0.34460 -0.46352
 76   h           x  -0.23513 -0.20555 -0.05952  0.07219 -0.17999  0.29437
                  y   0.08209 -0.00472 -0.00992 -0.05695 -0.02643  0.02561
                  z  -0.06208  0.07999  0.08688  0.06257  0.04239 -0.05143
 77   h           x   0.18678  0.13390 -0.00211 -0.03103  0.15225 -0.15931
                  y  -0.04420  0.04685  0.04126  0.02893  0.03427 -0.06584
                  z  -0.04732  0.09763  0.09037  0.06119  0.06073 -0.07733
 78   h           x   0.00126 -0.00304 -0.01435  0.00790  0.00570  0.01404
                  y   0.00773  0.01779  0.01009  0.00356  0.01179 -0.00136
                  z   0.02783  0.07313  0.06896  0.03426  0.03514  0.01344

reduced mass(g/mol)    48.384   24.676   70.797   93.657   11.064    8.941


       mode              79       80       81       82       83       84

     frequency          93.59    95.85    96.74    98.17    99.55   101.29

     symmetry            a        a        a        a        a        a   

        IR               YES      YES      YES      YES      YES      YES
|dDIP/dQ|   (a.u.)     0.0005   0.0004   0.0001   0.0001   0.0002   0.0003
intensity (km/mol)       0.37     0.27     0.03     0.02     0.10     0.16
intensity (  %   )       0.14     0.11     0.01     0.01     0.04     0.06
 
       RAMAN             YES      YES      YES      YES      YES      YES
         (par,par)       1.00     1.24     2.94     0.57     0.57     0.26
         (ort,ort)       0.92     0.87     3.07     0.36     0.83     0.27
       (ort,unpol)       0.94     0.96     3.04     0.41     0.76     0.27
     depol. ratio        0.38     0.51     0.34     0.57     0.24     0.33
 
  1   ag          x   0.00841 -0.01922 -0.05024 -0.04777  0.00619  0.01848
                  y  -0.02119  0.05441  0.01375  0.14445  0.03405 -0.03198
                  z   0.03922  0.04850  0.04783 -0.10049  0.04291 -0.00873
  2   ag          x  -0.04554  0.01830  0.00490  0.22512 -0.00583 -0.03308
                  y  -0.03199  0.05102  0.14858 -0.07499 -0.01690 -0.02266
                  z  -0.04217  0.01909  0.01978  0.08592  0.01210 -0.00023
  3   ag          x  -0.04138  0.02108 -0.07180  0.19856 -0.04030 -0.02786
                  y  -0.05923 -0.09047 -0.05860  0.00903 -0.03040  0.03934
                  z  -0.03604 -0.01225  0.13798  0.09386 -0.04199 -0.04424
  4   ag          x  -0.05677 -0.03783 -0.15975  0.02240 -0.01633 -0.03765
                  y  -0.06063 -0.02572  0.10385 -0.04125  0.02099 -0.05638
                  z  -0.00504 -0.01778  0.07959  0.08153 -0.03307  0.00371
  5   ag          x  -0.00922  0.03585  0.03375 -0.04987  0.01507 -0.02965
                  y  -0.00507  0.06596  0.00569  0.06800 -0.00124 -0.00186
                  z  -0.03931 -0.01413 -0.04597  0.02554  0.00521 -0.04072
  6   ag          x  -0.00265 -0.06052  0.11001 -0.10417 -0.01627  0.01107
                  y  -0.00882 -0.04519 -0.13072 -0.04413 -0.03763  0.03945
                  z  -0.02953 -0.05274 -0.07244 -0.05957 -0.02768 -0.03893
  7   ag          x   0.01335  0.05922  0.15298 -0.10033  0.01113  0.01756
                  y   0.01231 -0.03087  0.07100  0.00500  0.02238 -0.03827
                  z   0.00071  0.00724 -0.04346 -0.00819  0.00769  0.00926
  8   ag          x   0.03585  0.00851 -0.01025 -0.13508  0.00844  0.06738
                  y   0.00997  0.08996 -0.04815 -0.02733  0.02826  0.00782
                  z  -0.01007  0.01197  0.01446  0.00606  0.01826  0.03380
  9   ag          x   0.02112 -0.06951 -0.00571 -0.03942  0.00938  0.04816
                  y   0.02565 -0.02602 -0.05111 -0.07669 -0.00986  0.04249
                  z   0.00178  0.03584  0.00263 -0.01622 -0.00655  0.03628
 10   ag          x  -0.05834  0.06223  0.01203  0.01055 -0.03656  0.06353
                  y   0.04604 -0.08648  0.03912  0.01897  0.04767 -0.03127
                  z   0.00241  0.03494 -0.00380  0.00641 -0.01896  0.03285
 11   ag          x  -0.05791 -0.05367 -0.10085  0.04121 -0.04965  0.04955
                  y   0.04776 -0.08965 -0.04924 -0.09129 -0.03108  0.05048
                  z  -0.03878 -0.02680  0.03832 -0.04204 -0.04703  0.00275
 12   ag          x   0.02809 -0.02485  0.00411  0.03026  0.06415 -0.05363
                  y   0.00979  0.04229 -0.03323  0.06735  0.01826 -0.02050
                  z  -0.01876 -0.01674  0.00930 -0.05686  0.01063  0.03070
 13   ag          x   0.11677  0.03434 -0.06514  0.05447  0.10476 -0.11155
                  y   0.04082  0.12694 -0.05296 -0.14240 -0.00083  0.03750
                  z  -0.04485 -0.00836  0.00963 -0.00136  0.02908  0.05167
 14   ag          x   0.10687 -0.02778 -0.04213  0.02427  0.02819 -0.05832
                  y   0.09242 -0.13753 -0.00954 -0.02610  0.03015  0.01600
                  z   0.00348  0.01234 -0.01447  0.00799  0.01755  0.00303
 15   ag          x   0.03484 -0.12223  0.04819  0.04754 -0.00007  0.00581
                  y  -0.01358  0.03318 -0.02179 -0.02189  0.00181 -0.02415
                  z   0.09193 -0.05272 -0.00752  0.02439  0.04039 -0.03048
 16   ag          x  -0.06984 -0.01882 -0.00385 -0.04593  0.00891  0.06759
                  y   0.02502 -0.04204 -0.18492  0.06129 -0.01777  0.06540
                  z   0.00299  0.00817  0.00504  0.00890 -0.03594  0.00591
 17   ag          x   0.03107  0.02612 -0.04676  0.06368 -0.01500 -0.02392
                  y  -0.02210  0.03891  0.01933 -0.01968 -0.00957  0.00986
                  z   0.00775 -0.00359 -0.00565  0.01975  0.02306  0.03997
 18   ag          x   0.05408  0.17246 -0.04627 -0.00333 -0.03408 -0.02184
                  y   0.05021  0.00943 -0.01510 -0.00422  0.00327  0.00666
                  z  -0.00500  0.01091 -0.01090 -0.00222  0.01492  0.01999
 19   ag          x   0.01885 -0.02010  0.00169 -0.01106 -0.00008  0.02027
                  y   0.02362  0.02778 -0.03055  0.00714 -0.02057 -0.01908
                  z   0.05497  0.01981 -0.05491 -0.02968  0.03925 -0.05202
 20   ag          x  -0.04531  0.00427  0.01070 -0.05521 -0.03916  0.02877
                  y  -0.06268  0.04960 -0.01429 -0.00291 -0.01694  0.01081
                  z   0.02111 -0.05726 -0.00559 -0.05145 -0.00085  0.00636
 21   ag          x   0.02780 -0.06184  0.01586 -0.02136  0.00654  0.00170
                  y  -0.02115  0.02224  0.03442  0.00230  0.02743 -0.01721
                  z  -0.03178 -0.01796 -0.04385 -0.01896  0.00422  0.05467
 22   ag          x  -0.00798  0.03811  0.02277 -0.03994 -0.00659 -0.01096
                  y   0.00204 -0.12859  0.02447  0.08305 -0.00647 -0.00385
                  z   0.01208 -0.03526 -0.00368  0.01735 -0.00190  0.00196
 23   ag          x  -0.02062  0.04565  0.01909 -0.01005  0.00408 -0.00820
                  y  -0.01316  0.09881  0.02297  0.03345 -0.08124  0.00971
                  z   0.07854  0.09584 -0.04072  0.01169 -0.03195 -0.01294
 24   ag          x  -0.05778 -0.07543  0.00673  0.04231  0.01713  0.00382
                  y  -0.03573  0.02515  0.02619  0.05205  0.01140  0.00612
                  z   0.01037  0.03842 -0.01369  0.03985 -0.00283 -0.00482
 25   ag          x   0.05068  0.04474 -0.02245 -0.08289  0.04179  0.02083
                  y   0.02734  0.04619  0.00413  0.03265  0.04905  0.04759
                  z  -0.02308 -0.04664 -0.05193  0.09699 -0.04796  0.02313
 26   ag          x   0.01430  0.05479  0.04280  0.03148  0.03944  0.06005
                  y  -0.04437  0.01269 -0.04124  0.05500  0.01122 -0.04482
                  z   0.07166 -0.02114 -0.03986 -0.16287  0.00840  0.01941
 27   ag          x   0.01024 -0.01589  0.02644 -0.05477 -0.01715 -0.01355
                  y   0.04877 -0.02530  0.04905  0.00544 -0.04951 -0.01488
                  z   0.00616  0.01546 -0.16172 -0.09369  0.04695  0.01336
 28   ag          x   0.00246 -0.02507  0.09952 -0.07208  0.00368 -0.00501
                  y  -0.05948 -0.03385  0.01323  0.01646  0.03161 -0.01614
                  z   0.03218  0.02725  0.01369 -0.03074  0.00147  0.03113
 29   ag          x  -0.02727 -0.07307 -0.03722 -0.08827 -0.03663 -0.09240
                  y   0.04209 -0.02018  0.09196 -0.11758 -0.04781 -0.07263
                  z   0.04404  0.09765  0.11678  0.07121  0.05590  0.01966
 30   ag          x  -0.01597 -0.02168 -0.05019  0.00287 -0.03201 -0.03138
                  y  -0.03311 -0.00925  0.01291  0.07548  0.03484  0.07994
                  z  -0.02794 -0.00324  0.01539  0.01415 -0.01157 -0.03747
 31   ag          x   0.02425  0.01273 -0.00272  0.10843  0.00258  0.02139
                  y  -0.03598 -0.03897 -0.03082 -0.09935 -0.01277 -0.12060
                  z   0.01782 -0.01969  0.00722  0.03386 -0.01737 -0.04254
 32   ag          x   0.05987  0.01694 -0.00204  0.09009  0.02659  0.02542
                  y   0.07247  0.07888  0.01912  0.14593 -0.06235  0.09476
                  z  -0.00830 -0.06742  0.02032 -0.01193  0.01343 -0.03851
 33   ag          x   0.03901  0.02587  0.03349  0.04425 -0.03081 -0.02340
                  y  -0.02471 -0.00393  0.01597  0.03209  0.00557 -0.02348
                  z  -0.00932  0.01945 -0.06950  0.02890  0.05842  0.00190
 34   ag          x  -0.04940  0.00876  0.02727  0.02448  0.02444  0.06785
                  y   0.06077 -0.01125  0.00446 -0.05133 -0.05275  0.00630
                  z   0.01029  0.02388  0.00264  0.00360 -0.03030 -0.04374
 35   ag          x  -0.10355 -0.02296 -0.00222 -0.11017  0.02082 -0.02333
                  y  -0.05836  0.00029 -0.01084  0.06800  0.05420 -0.01029
                  z   0.04136 -0.00689  0.00008 -0.00841 -0.01422 -0.02715
 36   ag          x  -0.07227  0.10991 -0.00621 -0.06807 -0.04572  0.01087
                  y   0.04816  0.05349 -0.03179 -0.07014 -0.03713 -0.03621
                  z  -0.11702  0.06957  0.02260 -0.02841 -0.05380  0.05079
 37   ag          x  -0.08163  0.05327  0.00151 -0.04699  0.02310 -0.06529
                  y   0.01340  0.05325  0.05260  0.06831  0.03305 -0.01243
                  z   0.03417 -0.01168  0.04074 -0.00930 -0.00937 -0.05824
 38   ag          x   0.14021 -0.06351  0.01637  0.00143 -0.08348  0.04570
                  y  -0.01039  0.06428 -0.02377 -0.06761  0.01170  0.00301
                  z  -0.02192  0.03180  0.01354 -0.02138 -0.01108 -0.02319
 39   ag          x   0.05403 -0.07729  0.02881  0.12012  0.04662  0.05449
                  y  -0.05604 -0.10122  0.05101 -0.03313  0.02378  0.03595
                  z  -0.11371 -0.14783  0.06541  0.02142  0.02733  0.03332
 40   ag          x  -0.08532  0.05035 -0.00293 -0.00412  0.00939 -0.04394
                  y  -0.01938 -0.10840  0.02087 -0.02961  0.03227  0.00168
                  z  -0.01860  0.03362  0.01266  0.00371  0.00062  0.00025
 41   c           x   0.00219 -0.01004 -0.00571  0.01032 -0.01841 -0.01747
                  y   0.01030  0.00358  0.01512 -0.00197  0.07728  0.10720
                  z   0.02602 -0.09291 -0.11791  0.14426 -0.14008 -0.20567
 42   n           x   0.00413 -0.00024  0.00822  0.00152  0.02182  0.03455
                  y   0.00272  0.00521  0.00762 -0.00122  0.03985  0.05302
                  z  -0.01913  0.03752 -0.01852  0.03476  0.04889 -0.00969
 43   c           x   0.00628  0.00187  0.01464 -0.01391  0.08055  0.11529
                  y  -0.00504  0.00849  0.00146 -0.01262  0.05529  0.06800
                  z  -0.14747  0.09489 -0.10971 -0.11288  0.18635  0.07830
 44   c           x   0.00963 -0.00424  0.00973  0.00499  0.00032  0.01440
                  y  -0.00197  0.00455 -0.00111  0.00063  0.00343  0.00298
                  z   0.08113 -0.00578  0.05426  0.05776 -0.01057  0.02437
 45   c           x   0.00851 -0.00239  0.01251  0.00161  0.01343  0.03207
                  y  -0.00830  0.00610 -0.00894 -0.00009 -0.01704 -0.02671
                  z   0.05693  0.00396  0.04221  0.02656  0.00058  0.05606
 46   c           x   0.00864 -0.00480  0.00906  0.00238  0.00089  0.01533
                  y  -0.00982  0.00587 -0.01421  0.00036 -0.03515 -0.05236
                  z   0.07353 -0.00798  0.04170  0.01912 -0.00913  0.03964
 47   c           x   0.01064 -0.00557  0.00897  0.00298 -0.00845  0.00418
                  y  -0.00587  0.00456 -0.01207  0.00124 -0.03716 -0.05560
                  z   0.11471 -0.02417  0.06752  0.02952 -0.01474  0.01638
 48   c           x   0.01055 -0.00565  0.00576  0.00417 -0.02342 -0.01704
                  y  -0.00213  0.00310 -0.00527  0.00155 -0.01989 -0.02811
                  z   0.21490 -0.05549  0.14100  0.08217 -0.05951  0.02592
 49   c           x   0.01274 -0.00600  0.00863  0.00654 -0.01952 -0.00962
                  y  -0.00100  0.00355 -0.00127  0.00189 -0.00088 -0.00139
                  z   0.19810 -0.05323  0.12906  0.10497 -0.07113  0.02007
 50   n           x   0.01664 -0.00617  0.01262  0.00362 -0.00876  0.00778
                  y  -0.00858  0.00652 -0.01592 -0.00204 -0.03705 -0.06300
                  z   0.04383 -0.01948  0.00482 -0.00075  0.01661 -0.02962
 51   c           x   0.01538 -0.00546  0.01311  0.00423 -0.00839  0.00850
                  y  -0.01172  0.00722 -0.01784 -0.00395 -0.03101 -0.05672
                  z  -0.03558  0.01247 -0.05756 -0.02351  0.03853 -0.04634
 52   c           x   0.02364 -0.00749  0.02010  0.00293  0.00526  0.03190
                  y  -0.01110  0.00518 -0.01503 -0.00700 -0.00850 -0.03016
                  z  -0.13881  0.01557 -0.12671 -0.04366  0.08091 -0.09593
 53   c           x   0.01949 -0.00630  0.01685  0.00288 -0.00001  0.02221
                  y  -0.00091  0.00226 -0.00495 -0.00691  0.00874  0.00252
                  z  -0.15315  0.01077 -0.11800 -0.03450  0.05697 -0.08342
 54   c           x   0.00762 -0.00675  0.00383  0.00418 -0.01609 -0.00907
                  y   0.00661  0.00316  0.00192 -0.00623  0.00801  0.01108
                  z  -0.05790  0.02550 -0.03777 -0.01668 -0.00292 -0.02701
 55   n           x   0.00004 -0.00993 -0.01110  0.00685 -0.02943 -0.03780
                  y   0.01687  0.00437  0.01829 -0.01076  0.04261  0.06382
                  z  -0.00817  0.04006  0.06083 -0.00539 -0.05760  0.01788
 56   c           x   0.00225  0.00971 -0.00676 -0.01055  0.00442 -0.00456
                  y   0.02468 -0.00052  0.03180 -0.01455  0.08338  0.12073
                  z   0.02226 -0.17189  0.09896  0.13221 -0.12809  0.05348
 57   c           x  -0.02269 -0.01353 -0.03894  0.01418 -0.07283 -0.11134
                  y   0.01366  0.00276  0.02143 -0.01028  0.04616  0.07125
                  z   0.12141  0.09318  0.06031 -0.02545 -0.05868  0.01234
 58   c           x   0.00079 -0.00594 -0.00036  0.00522 -0.02776 -0.02685
                  y   0.00185  0.00676 -0.00660 -0.00464 -0.01520 -0.02204
                  z  -0.00719  0.02890 -0.04803 -0.01264 -0.00450 -0.01289
 59   c           x   0.00586 -0.00528  0.00519  0.00389 -0.01620 -0.00792
                  y  -0.00654  0.00789 -0.01535 -0.00331 -0.03276 -0.05205
                  z  -0.00478  0.01942 -0.04617 -0.01282  0.00733 -0.01431
 60   s           x   0.00033 -0.00313  0.00156  0.00177 -0.00718 -0.00025
                  y  -0.01071 -0.00225 -0.01877  0.00196 -0.04414 -0.05435
                  z   0.03678 -0.04264 -0.02040  0.02090 -0.05149  0.00685
 61   h           x   0.02914  0.02878  0.08432 -0.05260  0.02679  0.07595
                  y  -0.07822  0.08909 -0.00359 -0.03646  0.19645  0.15784
                  z   0.08168 -0.15686 -0.11961  0.17829 -0.22830 -0.25594
 62   h           x  -0.02682 -0.05217 -0.09830  0.07510 -0.11003 -0.17056
                  y   0.09708 -0.07967  0.03403  0.03386 -0.03789  0.05753
                  z   0.09627 -0.15563 -0.09665  0.16665 -0.22363 -0.23277
 63   h           x  -0.00220 -0.01202 -0.01557  0.01822 -0.00286 -0.00488
                  y   0.02235 -0.00367  0.02192  0.00083  0.09555  0.14230
                  z  -0.06357 -0.07116 -0.22037  0.18664 -0.12426 -0.29409
 64   h           x  -0.00761  0.01686  0.01553 -0.02636  0.11074  0.13455
                  y  -0.00545  0.01725  0.01239 -0.02096  0.10292  0.12390
                  z  -0.31696  0.25164 -0.13347 -0.23923  0.40926  0.14030
 65   h           x  -0.10546  0.11454  0.01118 -0.09478  0.25178  0.17607
                  y   0.06771 -0.02785  0.04934  0.08259 -0.05253 -0.02090
                  z  -0.11508  0.03748 -0.13924 -0.11619  0.13343  0.09098
 66   h           x   0.13341 -0.12145  0.02495  0.06814 -0.07203  0.10125
                  y  -0.08221  0.03832 -0.06019 -0.10598  0.12503  0.11008
                  z  -0.12925  0.05721 -0.13342 -0.11851  0.15459  0.08885
 67   h           x   0.00983 -0.00201  0.01693  0.00040  0.03439  0.06196
                  y  -0.01013  0.00622 -0.01031 -0.00031 -0.01608 -0.02514
                  z   0.01383  0.00914  0.00508  0.02148 -0.00147  0.05329
 68   h           x   0.01059 -0.00660  0.00196  0.00647 -0.04437 -0.04579
                  y  -0.00016  0.00224 -0.00440  0.00238 -0.02322 -0.03184
                  z   0.27125 -0.07515  0.17800  0.09637 -0.07592  0.02458
 69   h           x   0.01346 -0.00619  0.00866  0.00734 -0.02973 -0.02306
                  y   0.00078  0.00262  0.00039  0.00254  0.01030  0.01509
                  z   0.24935 -0.07310  0.16049  0.13274 -0.09673  0.01814
 70   h           x   0.03302 -0.00909  0.02885  0.00156  0.02501  0.06446
                  y  -0.01596  0.00506 -0.01939 -0.00806 -0.00741 -0.03691
                  z  -0.18754  0.01164 -0.17035 -0.05973  0.12504 -0.13344
 71   h           x   0.02600 -0.00620  0.02320  0.00198  0.00931  0.03869
                  y   0.00066  0.00156 -0.00149 -0.00919  0.02394  0.02024
                  z  -0.21810  0.00630 -0.16183 -0.04724  0.08912 -0.11406
 72   h           x  -0.03190  0.11393 -0.11483 -0.10604  0.12016 -0.04239
                  y   0.00375 -0.10639 -0.08898  0.01648  0.14047  0.07301
                  z   0.01118 -0.23532  0.02882  0.15150 -0.09559  0.02574
 73   h           x  -0.00202  0.00205 -0.01838 -0.00356 -0.01595 -0.03600
                  y   0.03345  0.00873  0.05981 -0.02007  0.10305  0.16965
                  z   0.06960 -0.19170  0.30134  0.19841 -0.26619  0.15022
 74   h           x   0.04261 -0.07288  0.12080  0.06640 -0.06629  0.09369
                  y   0.04476  0.08927  0.13892 -0.04006  0.03306  0.16572
                  z   0.00959 -0.26050  0.01462  0.16254 -0.09092  0.02181
 75   h           x  -0.02598 -0.02099 -0.04917  0.01925 -0.08048 -0.12706
                  y   0.02512 -0.00846  0.03371 -0.00930  0.07846  0.12157
                  z   0.12515  0.33601  0.22108 -0.14734 -0.08426  0.06289
 76   h           x  -0.01369 -0.19683 -0.17711  0.10950 -0.06449 -0.17408
                  y  -0.07801 -0.02936  0.01997  0.00450  0.02772  0.05180
                  z   0.16751 -0.00169 -0.01960  0.02495 -0.04624 -0.01546
 77   h           x  -0.04564  0.17073  0.08466 -0.07656 -0.10874 -0.09242
                  y   0.08310  0.03918  0.00792 -0.02254  0.03618  0.04266
                  z   0.17221  0.02009 -0.00751  0.01447 -0.04773 -0.01231
 78   h           x  -0.00917  0.00038 -0.00765  0.00422 -0.04808 -0.05981
                  y   0.00582  0.00469 -0.00485 -0.00296 -0.01671 -0.01853
                  z   0.03930  0.00079 -0.03093  0.01170 -0.03636  0.01228

reduced mass(g/mol)    31.160   40.802   39.975   56.726   15.759   22.371


       mode              85       86       87       88       89       90

     frequency         101.36   102.80   103.39   104.77   105.35   106.36

     symmetry            a        a        a        a        a        a   

        IR               YES      YES      YES      YES      YES      YES
|dDIP/dQ|   (a.u.)     0.0002   0.0002   0.0003   0.0005   0.0004   0.0002
intensity (km/mol)       0.05     0.09     0.12     0.51     0.26     0.04
intensity (  %   )       0.02     0.04     0.05     0.20     0.10     0.02
 
       RAMAN             YES      YES      YES      YES      YES      YES
         (par,par)       0.84     0.58     0.45     1.92     1.45     0.80
         (ort,ort)       0.65     0.27     0.26     2.67     0.89     0.47
       (ort,unpol)       0.70     0.35     0.31     2.47     1.04     0.55
     depol. ratio        0.46     0.75     0.61     0.25     0.57     0.61
 
  1   ag          x  -0.01298  0.00179  0.03237  0.03410  0.00018  0.00576
                  y  -0.02463 -0.02181 -0.00886 -0.00339 -0.00771  0.00537
                  z   0.02008 -0.02249 -0.07269 -0.11019 -0.01039 -0.01606
  2   ag          x  -0.03035 -0.01707  0.02200  0.05633  0.00359  0.02072
                  y   0.01768 -0.00722 -0.01488 -0.02514  0.01497  0.04004
                  z  -0.05341  0.04879  0.07479 -0.00469 -0.04328 -0.01116
  3   ag          x   0.02507 -0.05230 -0.04346  0.01909  0.05038  0.05732
                  y   0.02151 -0.01383 -0.03328 -0.04602  0.00431 -0.04824
                  z  -0.05626  0.02576  0.06945  0.06569 -0.02649 -0.02198
  4   ag          x   0.03493 -0.03760 -0.12105 -0.04737  0.00052 -0.08717
                  y  -0.03091 -0.01848  0.02181 -0.01680  0.00486 -0.01510
                  z   0.07985 -0.02072  0.02337  0.03042  0.02758 -0.02317
  5   ag          x  -0.00869  0.03243  0.01840  0.01717 -0.00403 -0.01035
                  y   0.02574 -0.02790  0.01258  0.00604 -0.00700 -0.01646
                  z   0.00388 -0.05312 -0.00540 -0.04847  0.02071 -0.01078
  6   ag          x   0.00576  0.04224  0.00019  0.02094 -0.02031 -0.02840
                  y  -0.00474  0.01865  0.07315  0.08732  0.01870  0.02060
                  z   0.03015 -0.03999 -0.04824  0.04122  0.02266 -0.00836
  7   ag          x   0.00295  0.02020  0.03472 -0.06239  0.01577  0.05223
                  y   0.02400 -0.02306 -0.09920 -0.01314 -0.01544 -0.08048
                  z   0.00174 -0.01590 -0.01917  0.01328 -0.01150  0.01313
  8   ag          x   0.04130  0.02237  0.06269 -0.03145  0.00580  0.02625
                  y  -0.02234  0.00003  0.05445 -0.01368  0.04914  0.14764
                  z  -0.01896 -0.02838 -0.06081  0.03088 -0.03982  0.01237
  9   ag          x  -0.00803 -0.03539  0.04392 -0.06573 -0.01964 -0.01068
                  y   0.00234  0.06821 -0.06274  0.02169 -0.05156 -0.06863
                  z  -0.04264 -0.03095 -0.05128  0.01672 -0.02142  0.00925
 10   ag          x  -0.01777 -0.04579  0.03587  0.03127 -0.02327  0.01546
                  y   0.01015 -0.03053  0.06579 -0.06323  0.04517  0.05603
                  z  -0.02504 -0.01264 -0.00931  0.01737 -0.00698  0.00542
 11   ag          x  -0.05524  0.02563  0.02939 -0.03848 -0.00217 -0.04050
                  y   0.02144  0.05693  0.03511  0.08312 -0.01241 -0.03656
                  z   0.03952 -0.01547 -0.01796  0.06301  0.02064  0.01773
 12   ag          x   0.02030 -0.02510 -0.07109  0.03132 -0.02493 -0.10654
                  y  -0.02368 -0.03079 -0.06667 -0.09929  0.01599  0.02816
                  z  -0.00915 -0.04028 -0.08564  0.04083 -0.03795  0.04110
 13   ag          x   0.00810 -0.03465  0.04670  0.08229  0.00261  0.02277
                  y   0.03194  0.09861  0.05502  0.09407 -0.00332  0.03413
                  z  -0.03201 -0.04887 -0.11824  0.03500 -0.04838  0.04271
 14   ag          x  -0.04676  0.08496 -0.07935  0.05824  0.00649  0.01340
                  y  -0.00041  0.01709  0.02107 -0.03678 -0.02836 -0.02692
                  z  -0.03475  0.00759 -0.05195  0.03240 -0.01281  0.01565
 15   ag          x  -0.01301  0.07333 -0.02636 -0.00758  0.03816  0.03947
                  y  -0.01637 -0.03794  0.01269  0.00642  0.01991  0.04847
                  z  -0.00983  0.07540 -0.01497  0.02560  0.00173 -0.00505
 16   ag          x   0.03708  0.06194  0.01488 -0.02291  0.02184  0.07774
                  y  -0.03605  0.03962  0.07060 -0.07555 -0.01039 -0.00219
                  z  -0.06953  0.06237  0.02826 -0.05327  0.01398 -0.00040
 17   ag          x  -0.00300 -0.09045 -0.03625 -0.06990 -0.00069  0.02142
                  y   0.01129  0.04726 -0.07078 -0.01556  0.01076 -0.03659
                  z   0.00835 -0.01584 -0.05708  0.01918 -0.01910  0.02789
 18   ag          x   0.03966 -0.06317  0.04689 -0.01124 -0.01798 -0.02966
                  y   0.03669 -0.02567  0.11184  0.06378 -0.02346 -0.00871
                  z   0.01582  0.00051 -0.03314  0.03480 -0.02042  0.01579
 19   ag          x   0.00700 -0.05167  0.07050 -0.01722 -0.03892 -0.04047
                  y  -0.03981 -0.00032 -0.06738 -0.00305 -0.00130  0.02180
                  z   0.01265  0.02220  0.02980  0.04361 -0.01420  0.01448
 20   ag          x  -0.02127 -0.09631  0.09978  0.00438 -0.02581 -0.00690
                  y   0.03073  0.06928 -0.08290  0.01542 -0.01031 -0.04366
                  z  -0.01113 -0.11335  0.14133 -0.02834 -0.03962 -0.00642
 21   ag          x  -0.02754 -0.01694  0.01992  0.02304 -0.00483  0.03044
                  y   0.04169 -0.02516  0.02617  0.01886  0.00548  0.01076
                  z   0.01314  0.06807  0.01915 -0.00663  0.00714  0.00321
 22   ag          x   0.00796  0.05526 -0.05207  0.00183  0.01069 -0.04789
                  y  -0.05823 -0.04698 -0.03174  0.02541 -0.00364  0.01734
                  z   0.00030 -0.00847 -0.01874  0.00703 -0.00115  0.00150
 23   ag          x   0.03901  0.04703  0.00610  0.01990  0.00420 -0.04653
                  y   0.00174 -0.02379 -0.01685  0.00610  0.01122 -0.02919
                  z   0.01590 -0.03556  0.03114  0.03614 -0.00347  0.00429
 24   ag          x  -0.02555  0.00116 -0.04010 -0.01678  0.01094  0.05161
                  y   0.00998  0.07978 -0.09465  0.00719  0.01914 -0.00784
                  z   0.00902  0.07881 -0.11181  0.00305  0.01082 -0.01404
 25   ag          x   0.02079 -0.02305 -0.04797 -0.10596  0.02614 -0.01836
                  y  -0.01782  0.02020  0.02440 -0.07705 -0.00523 -0.01331
                  z  -0.01699  0.02021  0.08065  0.11758  0.01777  0.01867
 26   ag          x  -0.01408  0.05888  0.04995 -0.02825 -0.05128 -0.00178
                  y  -0.04131  0.06283  0.13826 -0.02392  0.02309 -0.02550
                  z   0.08090 -0.05876 -0.10715 -0.03037  0.04671  0.01411
 27   ag          x  -0.07324  0.02174 -0.00712  0.02414 -0.04983  0.00115
                  y   0.04445  0.00895  0.02835 -0.00671  0.03963 -0.03722
                  z  -0.02698 -0.00343 -0.03078 -0.06878  0.01118  0.04161
 28   ag          x   0.01735  0.02645  0.06306  0.07389  0.00450  0.01477
                  y   0.05655 -0.01372  0.06039  0.00157  0.02691  0.01072
                  z  -0.02752  0.06632 -0.01297  0.04377 -0.02998  0.00459
 29   ag          x   0.08151 -0.02701 -0.00945  0.04609  0.05013 -0.00737
                  y   0.01131 -0.09230 -0.14676  0.03763 -0.00379  0.03465
                  z  -0.05386  0.02733  0.03011 -0.07727 -0.02575 -0.00165
 30   ag          x  -0.06625 -0.01206 -0.02429 -0.00673  0.00421  0.00680
                  y   0.09012  0.01077  0.03031  0.03142 -0.02034 -0.00882
                  z   0.01576  0.03388  0.05468 -0.01404  0.02861 -0.01169
 31   ag          x  -0.03240 -0.03198 -0.04224 -0.00510 -0.00103  0.01068
                  y  -0.13978 -0.00083 -0.00026 -0.01376 -0.02855 -0.00430
                  z   0.04951  0.04352  0.06408 -0.03330  0.04124 -0.01208
 32   ag          x   0.04937  0.00114 -0.04380 -0.01416 -0.00273 -0.01612
                  y   0.03913 -0.00965 -0.06537 -0.02573  0.01280 -0.00679
                  z   0.04505  0.02443  0.03813 -0.03969  0.01603 -0.00856
 33   ag          x   0.01854  0.01349  0.03564 -0.04036  0.00588 -0.01149
                  y   0.02491 -0.03228 -0.06765  0.05233 -0.04981  0.01419
                  z   0.00857  0.00730  0.02447 -0.00916 -0.01231 -0.04154
 34   ag          x   0.10117  0.01604  0.00471  0.05348 -0.01769  0.02645
                  y  -0.06391 -0.01163 -0.02874 -0.01408 -0.00484 -0.00565
                  z   0.01129  0.04383  0.10223 -0.03932  0.02963 -0.05037
 35   ag          x  -0.02055  0.01031  0.01492  0.03216 -0.00932  0.02622
                  y   0.01759 -0.00952  0.01740  0.00324 -0.02047 -0.00976
                  z   0.02043  0.00177  0.06767 -0.04021  0.02295 -0.01428
 36   ag          x  -0.03221 -0.04956 -0.02309 -0.03287  0.00420 -0.01503
                  y  -0.06454  0.03038 -0.02078  0.02072 -0.00530  0.01146
                  z   0.01589 -0.09659  0.03638 -0.04427 -0.00639 -0.01619
 37   ag          x  -0.05385  0.05657  0.04300 -0.01340  0.01202 -0.03371
                  y  -0.00713 -0.04509 -0.00099  0.01076  0.00714  0.01117
                  z   0.01554 -0.09313 -0.01412  0.03451 -0.01567  0.00453
 38   ag          x  -0.06480 -0.05068 -0.02388 -0.03513  0.01171  0.01480
                  y   0.00892  0.01931 -0.01837  0.02101  0.00007  0.01969
                  z  -0.00588  0.01131  0.03649 -0.02752  0.01639 -0.01697
 39   ag          x   0.07252 -0.01899 -0.00759  0.01399 -0.01216  0.00462
                  y   0.00408  0.01313 -0.02456 -0.03977  0.01093 -0.01042
                  z  -0.03305  0.03749 -0.07506 -0.06621  0.01894  0.00761
 40   ag          x   0.00054  0.09784 -0.08948  0.03263  0.02885  0.01337
                  y   0.01088 -0.10682  0.16597 -0.00238 -0.02572  0.01074
                  z   0.00136  0.03777 -0.02387  0.00947  0.02903  0.01038
 41   c           x   0.02127  0.01246 -0.01162 -0.01604 -0.02377  0.02009
                  y  -0.10555 -0.11404 -0.07270  0.13712  0.09282 -0.06184
                  z   0.22362  0.10946 -0.07993 -0.13452 -0.26033  0.17235
 42   n           x  -0.03331 -0.03502 -0.02714  0.03819  0.03065 -0.01778
                  y  -0.05089 -0.05655 -0.03858  0.06560  0.04092 -0.02775
                  z   0.00174 -0.00522  0.01681 -0.04634 -0.01465 -0.01044
 43   c           x  -0.11396 -0.11723 -0.06459  0.13699  0.11337 -0.06993
                  y  -0.06407 -0.07192 -0.03898  0.08178  0.05832 -0.03803
                  z  -0.07615 -0.10263  0.07457  0.02870  0.11199 -0.08882
 44   c           x  -0.01344 -0.00855 -0.01214  0.01099  0.01311 -0.00487
                  y  -0.00088 -0.00336 -0.00593  0.00008 -0.00487  0.00264
                  z  -0.03508  0.02541  0.02177 -0.01932  0.03290 -0.02524
 45   c           x  -0.03061 -0.02683 -0.02225  0.03233  0.02882 -0.01535
                  y   0.02866  0.02717  0.01481 -0.03916 -0.03036  0.02009
                  z  -0.05795 -0.00392  0.02198  0.00524  0.07643 -0.04449
 46   c           x  -0.01415 -0.00988 -0.01118  0.01298  0.01470 -0.00549
                  y   0.05327  0.05446  0.03471 -0.07155 -0.05046  0.03335
                  z  -0.04576  0.00638  0.04579  0.00807  0.07714 -0.04706
 47   c           x  -0.00336  0.00458 -0.00247 -0.00191  0.00497  0.00087
                  y   0.05505  0.05870  0.03862 -0.07488 -0.05223  0.03425
                  z  -0.04377  0.03974  0.08229 -0.00329  0.06996 -0.05116
 48   c           x   0.01686  0.02751  0.01367 -0.02947 -0.01222  0.01225
                  y   0.02859  0.03105  0.01833 -0.03970 -0.02992  0.01969
                  z  -0.06381  0.08905  0.08039 -0.01334  0.07050 -0.05033
 49   c           x   0.00972  0.02047  0.00703 -0.02088 -0.00710  0.00870
                  y   0.00317  0.00192 -0.00334 -0.00494 -0.00902  0.00583
                  z  -0.04618  0.08544  0.03923 -0.02138  0.03558 -0.02472
 50   n           x  -0.00694  0.00481 -0.00187  0.00054  0.00896 -0.00162
                  y   0.06052  0.06476  0.04634 -0.08186 -0.05620  0.03554
                  z  -0.00731  0.02490  0.10137 -0.00702  0.04346 -0.03389
 51   c           x  -0.00747  0.00444 -0.00302  0.00181  0.00867 -0.00221
                  y   0.05487  0.05628  0.04018 -0.07294 -0.05165  0.03243
                  z   0.02355 -0.01441  0.07625  0.00517  0.01145 -0.02715
 52   c           x  -0.03012 -0.01678 -0.01600  0.03017  0.02999 -0.01594
                  y   0.02864  0.02685  0.02057 -0.03603 -0.02800  0.01745
                  z   0.06794 -0.03349  0.07690 -0.01002 -0.03088  0.00297
 53   c           x  -0.02095 -0.00864 -0.00957  0.01908  0.02125 -0.01066
                  y  -0.00156 -0.00240 -0.00226  0.00212 -0.00096  0.00034
                  z   0.07369 -0.04546  0.04700 -0.01311 -0.04058  0.01626
 54   c           x   0.00903  0.01822  0.00647 -0.01578 -0.00639  0.00979
                  y  -0.00897 -0.00638 -0.00597  0.00856  0.00580 -0.00489
                  z   0.03335 -0.04113  0.03260  0.00136 -0.01166 -0.01800
 55   n           x   0.03617  0.04315  0.01881 -0.04418 -0.03134  0.02911
                  y  -0.06054 -0.05922 -0.03457  0.07391  0.05338 -0.04072
                  z  -0.00160 -0.02521  0.03560 -0.02668  0.01155 -0.03122
 56   c           x   0.00018 -0.00831  0.01614  0.00992  0.00295 -0.01623
                  y  -0.11514 -0.11639 -0.06812  0.14635  0.10526 -0.07793
                  z   0.00321  0.10518 -0.14026 -0.08905  0.00983  0.16157
 57   c           x   0.10896  0.11685  0.05103 -0.13467 -0.09727  0.08559
                  y  -0.06608 -0.06484 -0.03994  0.07865  0.05930 -0.04243
                  z  -0.02986 -0.06147  0.09100  0.04728  0.01666 -0.12168
 58   c           x   0.02651  0.03381  0.01746 -0.03843 -0.02211  0.02056
                  y   0.02310  0.02584  0.01550 -0.03228 -0.02388  0.01294
                  z   0.02021 -0.04531  0.02020  0.04107  0.00144 -0.04053
 59   c           x   0.00879  0.01693  0.00506 -0.01619 -0.00640  0.00913
                  y   0.05142  0.05272  0.03741 -0.06859 -0.04789  0.02947
                  z   0.01382 -0.02986  0.03953  0.03119  0.01694 -0.03772
 60   s           x   0.00200  0.00147 -0.00432 -0.00092 -0.00145  0.00272
                  y   0.05808  0.05463  0.03302 -0.06954 -0.04748  0.03867
                  z   0.00688 -0.00686  0.03180  0.03409  0.06985 -0.01534
 61   h           x  -0.08613  0.00489  0.06251  0.01496  0.10935 -0.06833
                  y  -0.16462 -0.19324 -0.05149  0.15120  0.14488 -0.11517
                  z   0.28179  0.16488 -0.10674 -0.15040 -0.31821  0.22320
 62   h           x   0.18887  0.08495 -0.05294 -0.12132 -0.21464  0.14787
                  y  -0.04799 -0.03815 -0.09557  0.12387  0.04128 -0.00919
                  z   0.25604  0.16338 -0.09474 -0.13617 -0.28580  0.20390
 63   h           x   0.00982 -0.01531 -0.03667  0.01093 -0.01814  0.01519
                  y  -0.14056 -0.14971 -0.09917  0.18697  0.12607 -0.08266
                  z   0.31943  0.09533 -0.12196 -0.19673 -0.38815  0.24303
 64   h           x  -0.13560 -0.13931 -0.06278  0.15382  0.13458 -0.09021
                  y  -0.12340 -0.13035 -0.06340  0.14715  0.11473 -0.07913
                  z  -0.15642 -0.19207  0.17254  0.03151  0.19593 -0.20925
 65   h           x  -0.19223 -0.20079 -0.01175  0.16246  0.18649 -0.16900
                  y   0.01882  0.01902 -0.06230 -0.00345 -0.05562  0.03307
                  z  -0.07229 -0.10137  0.05144  0.06500  0.13161 -0.06301
 66   h           x  -0.08347 -0.07841 -0.14864  0.17249  0.08758  0.00496
                  y  -0.09697 -0.11142  0.00907  0.11015  0.12565 -0.07502
                  z  -0.07459 -0.10304  0.06108  0.05375  0.12760 -0.07234
 67   h           x  -0.05965 -0.05897 -0.04315  0.06991  0.05428 -0.03196
                  y   0.02776  0.02436  0.01204 -0.03694 -0.02953  0.02015
                  z  -0.04379 -0.02754 -0.00965  0.00654  0.06629 -0.02495
 68   h           x   0.04416  0.05854  0.03506 -0.06649 -0.03551  0.02814
                  y   0.03165  0.03610  0.02164 -0.04444 -0.03270  0.02151
                  z  -0.07691  0.11851  0.09941 -0.01313  0.07853 -0.05702
 69   h           x   0.02260  0.03626  0.01695 -0.03892 -0.01902  0.01645
                  y  -0.01282 -0.01605 -0.01611  0.01719  0.00493 -0.00326
                  z  -0.04825  0.11327  0.03088 -0.02444  0.02424 -0.01744
 70   h           x  -0.06138 -0.04598 -0.03793  0.07045  0.05825 -0.03447
                  y   0.03378  0.03013  0.02492 -0.04151 -0.03251  0.02063
                  z   0.08676 -0.03634  0.10038 -0.01858 -0.04613  0.01576
 71   h           x  -0.03700 -0.02308 -0.01786  0.03838  0.03617 -0.02169
                  y  -0.01944 -0.02203 -0.01329  0.02579  0.01556 -0.01115
                  z   0.09756 -0.06061  0.04626 -0.01990 -0.06343  0.03598
 72   h           x  -0.00593 -0.13280  0.09791  0.12512  0.01036 -0.14943
                  y  -0.08279 -0.10018 -0.14488  0.19039  0.08200 -0.01046
                  z   0.02209  0.11579 -0.18623 -0.06362 -0.00388  0.20219
 73   h           x   0.03034  0.02600  0.02549 -0.02771 -0.02556  0.01164
                  y  -0.15903 -0.15849 -0.08315  0.19135  0.14629 -0.11254
                  z  -0.03746  0.18853 -0.17393 -0.20479  0.04196  0.22276
 74   h           x  -0.05347  0.04203 -0.07734 -0.02575  0.05162  0.05317
                  y  -0.14612 -0.13175 -0.00517  0.10942  0.12841 -0.13508
                  z   0.02624  0.12396 -0.20552 -0.05953 -0.00647  0.21950
 75   h           x   0.12506  0.13386  0.05135 -0.15127 -0.11182  0.10261
                  y  -0.11318 -0.11069 -0.07402  0.14077  0.10291 -0.06870
                  z  -0.10939 -0.17013  0.29415  0.04575  0.08234 -0.35233
 76   h           x   0.18951  0.21672 -0.09304 -0.14666 -0.16813  0.26900
                  y  -0.02497 -0.01469 -0.06219 -0.00315  0.03536  0.03331
                  z  -0.00087 -0.02436  0.01514  0.07608 -0.01429 -0.04629
 77   h           x   0.07168  0.06072  0.21523 -0.17890 -0.06581 -0.06541
                  y  -0.06036 -0.06843  0.00628  0.10047  0.04123 -0.08241
                  z  -0.00799 -0.03509  0.03390  0.08006 -0.00933 -0.06770
 78   h           x   0.05741  0.06236  0.04273 -0.07969 -0.05016  0.03619
                  y   0.02066  0.02512  0.01115 -0.02930 -0.02201  0.01269
                  z   0.00866 -0.03485 -0.02398  0.05361  0.00777 -0.03022

reduced mass(g/mol)    21.246   29.010   45.461   26.576   10.035   15.968


       mode              91       92       93       94       95       96

     frequency         107.81   109.31   110.08   110.61   111.02   112.54

     symmetry            a        a        a        a        a        a   

        IR               YES      YES      YES      YES      YES      YES
|dDIP/dQ|   (a.u.)     0.0005   0.0002   0.0001   0.0006   0.0004   0.0004
intensity (km/mol)       0.42     0.09     0.03     0.60     0.26     0.22
intensity (  %   )       0.16     0.04     0.01     0.23     0.10     0.09
 
       RAMAN             YES      YES      YES      YES      YES      YES
         (par,par)       0.51     0.88     0.54     0.44     0.49     0.39
         (ort,ort)       0.36     0.47     0.26     0.23     0.39     0.22
       (ort,unpol)       0.40     0.58     0.33     0.28     0.42     0.26
     depol. ratio        0.51     0.66     0.74     0.68     0.44     0.64
 
  1   ag          x   0.02316  0.00282 -0.01264  0.00287  0.02266 -0.01308
                  y  -0.01147 -0.00217  0.05175  0.01088  0.02937  0.00406
                  z  -0.06360 -0.01243 -0.02910 -0.00562 -0.01954  0.02285
  2   ag          x   0.01688  0.00248  0.10512  0.01638  0.03440  0.00019
                  y  -0.05368 -0.00424 -0.01563 -0.00843 -0.05277 -0.00709
                  z  -0.06707 -0.01929 -0.03715 -0.00069 -0.00495 -0.01025
  3   ag          x  -0.00329  0.01041  0.01299 -0.01197  0.00455  0.00993
                  y  -0.03634 -0.01213 -0.02687 -0.00543 -0.01738 -0.02569
                  z  -0.04743  0.01324 -0.10071 -0.00572  0.06945  0.03390
  4   ag          x   0.01259 -0.01729 -0.01846 -0.01493 -0.04211  0.01265
                  y   0.07737 -0.00696 -0.03321 -0.00234 -0.04011  0.00278
                  z   0.02257  0.02400 -0.10922 -0.00956  0.05835  0.04086
  5   ag          x   0.00647  0.00847 -0.01395 -0.00667 -0.08381  0.01559
                  y   0.00620  0.01872 -0.05678 -0.00430 -0.10933  0.00848
                  z   0.06417 -0.01688 -0.04832 -0.01139 -0.03363 -0.01245
  6   ag          x   0.01971 -0.00676  0.00791 -0.00534 -0.06426 -0.02233
                  y   0.05765  0.01704 -0.07263 -0.00656  0.01712 -0.02124
                  z  -0.04984 -0.01087  0.01404 -0.01009 -0.00315 -0.00118
  7   ag          x  -0.01022  0.01301 -0.08412 -0.00283 -0.01093  0.00054
                  y   0.04742 -0.00920  0.16316  0.01725 -0.01049  0.01490
                  z   0.00366 -0.00027 -0.02226 -0.00923  0.02668  0.00613
  8   ag          x   0.02727  0.01792 -0.12858  0.00339  0.03627  0.00407
                  y   0.00695  0.00881  0.04451 -0.00055 -0.06704 -0.02230
                  z   0.02089 -0.00019 -0.02967 -0.00659  0.04109  0.00380
  9   ag          x   0.00556 -0.02401 -0.01662  0.01055  0.09659 -0.05583
                  y  -0.10323  0.00685  0.06133  0.01070  0.00533  0.01362
                  z   0.04889  0.00641 -0.03736  0.01297  0.00292 -0.01659
 10   ag          x  -0.00864 -0.00435  0.05168  0.00634  0.03779 -0.00638
                  y   0.04905 -0.02029 -0.03108  0.00223  0.17204 -0.03949
                  z  -0.00642 -0.00282  0.01608  0.00231  0.00969  0.00332
 11   ag          x  -0.00057 -0.00422  0.01683 -0.00229 -0.00093 -0.00242
                  y   0.09546  0.00445 -0.01841 -0.01376 -0.03643 -0.00467
                  z  -0.05248 -0.03316  0.10938 -0.01125 -0.07035 -0.07417
 12   ag          x   0.12187  0.02026  0.06232  0.01844  0.02147  0.06648
                  y  -0.02847 -0.00087  0.07779  0.00997  0.04257 -0.00282
                  z   0.02234  0.00253 -0.00545 -0.01165  0.02877 -0.01086
 13   ag          x   0.09202  0.02020 -0.01054 -0.00510 -0.11013  0.02302
                  y  -0.00190  0.01882  0.05483  0.00560 -0.00233  0.05935
                  z   0.07174  0.01684 -0.03429  0.00254  0.02823 -0.01796
 14   ag          x  -0.09560  0.02622  0.04841 -0.02146  0.04018  0.02016
                  y  -0.05262 -0.01642  0.03184  0.00877  0.02667 -0.02610
                  z   0.02312  0.00277 -0.02247  0.01299  0.00562 -0.01364
 15   ag          x   0.01563 -0.01960 -0.00831 -0.00947  0.11311 -0.05533
                  y  -0.00224  0.00706  0.06941  0.00415  0.11824  0.03043
                  z  -0.01312 -0.00142 -0.02502 -0.01939  0.01092 -0.03158
 16   ag          x  -0.04190 -0.00592  0.02336 -0.00070  0.00679  0.02846
                  y  -0.04168  0.00430 -0.13108 -0.00522  0.02442  0.02512
                  z   0.04302  0.00764  0.10475  0.00773 -0.01939 -0.01937
 17   ag          x  -0.09751 -0.01260 -0.13025  0.00287  0.03055 -0.03892
                  y  -0.00082  0.00718  0.06997  0.00454  0.17500  0.03034
                  z   0.01188  0.02101  0.00049  0.00411  0.02215 -0.00334
 18   ag          x  -0.05808 -0.01812 -0.08966 -0.00404  0.04818 -0.00987
                  y   0.06947 -0.03419 -0.02139 -0.00196 -0.09936 -0.02083
                  z   0.00079  0.00993 -0.01866  0.00942  0.01074 -0.01846
 19   ag          x  -0.05232  0.00323 -0.02643 -0.00459 -0.07098 -0.00333
                  y  -0.10493  0.02172  0.06029 -0.00686  0.02096  0.04621
                  z  -0.02717 -0.03567 -0.02876  0.01087  0.03057  0.00023
 20   ag          x   0.03296  0.00570  0.07896  0.01141 -0.03715  0.03447
                  y   0.00917 -0.00186 -0.06710  0.00137 -0.15683  0.00368
                  z  -0.03191 -0.00266  0.05510  0.00350  0.00250  0.02973
 21   ag          x  -0.02557  0.03349  0.07250 -0.00591 -0.11359  0.04319
                  y  -0.01099 -0.00813 -0.01293 -0.00630 -0.00739  0.01442
                  z  -0.01558  0.00826  0.02842 -0.00513  0.06040  0.05756
 22   ag          x   0.04967 -0.02155  0.04912  0.01135  0.15148 -0.01678
                  y  -0.04336  0.02303 -0.06590 -0.01508 -0.08138 -0.02005
                  z  -0.00473 -0.00164 -0.01894 -0.00129  0.00015 -0.00877
 23   ag          x   0.10043 -0.04595 -0.03949  0.00810  0.06797 -0.05502
                  y   0.02603 -0.02686  0.02213 -0.00056  0.08405 -0.01004
                  z  -0.01388 -0.02025  0.01100 -0.00457  0.02767  0.00912
 24   ag          x  -0.04122  0.03529 -0.01877 -0.00890 -0.10209  0.02693
                  y   0.02797  0.00740 -0.06525 -0.00559 -0.04488 -0.03048
                  z  -0.05513  0.00739 -0.04568 -0.00825 -0.03797 -0.00771
 25   ag          x   0.02016  0.01724 -0.04612 -0.00658  0.00537  0.04122
                  y   0.01456 -0.00062 -0.00817 -0.00142 -0.00376  0.01335
                  z   0.08657  0.02166  0.02705  0.00816  0.02447 -0.02391
 26   ag          x  -0.02774 -0.03500  0.04622  0.01094 -0.06555 -0.05723
                  y  -0.02204  0.03065 -0.01905  0.05197 -0.02264 -0.01203
                  z   0.06460  0.00695  0.07643  0.00519 -0.02123 -0.00776
 27   ag          x  -0.07107 -0.01731  0.02625  0.00856  0.01301 -0.03266
                  y  -0.03819  0.02482 -0.01542  0.02384  0.02158  0.01253
                  z   0.01799 -0.02405  0.12377  0.01306 -0.07610 -0.04921
 28   ag          x  -0.01548  0.03094 -0.04693  0.00591  0.06044  0.04215
                  y  -0.01049 -0.01295 -0.00379 -0.00464  0.03200  0.01068
                  z  -0.08208  0.00506  0.09224  0.01042 -0.01062  0.00357
 29   ag          x  -0.05592  0.02785  0.00227  0.04203 -0.01365 -0.01220
                  y  -0.04411 -0.00850 -0.01621 -0.02113  0.04648  0.02220
                  z   0.03495  0.01645 -0.03449  0.01198  0.02228  0.02068
 30   ag          x   0.00835 -0.01950 -0.00047 -0.04241  0.03614  0.04083
                  y  -0.00420 -0.02512 -0.01488 -0.04012 -0.01031 -0.00841
                  z  -0.00746  0.00051  0.02030  0.00769 -0.04642  0.00020
 31   ag          x   0.02720 -0.02015  0.04639 -0.03782  0.02888  0.03187
                  y   0.02480 -0.02607 -0.05010 -0.01768 -0.00263  0.00926
                  z  -0.05148 -0.00198  0.02040 -0.00492 -0.04580  0.01581
 32   ag          x   0.02758  0.02417 -0.00903  0.01701 -0.04324 -0.03624
                  y   0.01285  0.00724  0.03537 -0.02472 -0.04404  0.01047
                  z  -0.00971 -0.00505 -0.00862 -0.00945  0.01245  0.00374
 33   ag          x  -0.04896 -0.00124  0.01306  0.01873 -0.04191 -0.05773
                  y  -0.03568 -0.01795 -0.01735 -0.00054  0.03561 -0.00184
                  z   0.02665  0.01882 -0.10273  0.00486  0.04749  0.05374
 34   ag          x  -0.05631 -0.04647  0.03144 -0.03593  0.00562  0.01633
                  y   0.06022  0.00190 -0.05178 -0.03041 -0.00608 -0.00291
                  z  -0.02457 -0.01127  0.03217  0.00350 -0.04325  0.01310
 35   ag          x  -0.01616 -0.02473 -0.02003 -0.00762  0.00475  0.02916
                  y  -0.01120 -0.02003  0.03339 -0.00865  0.00019  0.00944
                  z  -0.02005 -0.01066  0.02604 -0.00602 -0.01864  0.02602
 36   ag          x   0.03585  0.04132 -0.01556  0.03652 -0.01269 -0.02193
                  y   0.03296 -0.01570 -0.06207  0.00279 -0.05400 -0.00414
                  z   0.02603  0.01678  0.03274  0.00911 -0.03758  0.02668
 37   ag          x   0.02867 -0.01040  0.04457 -0.00451 -0.01932 -0.01684
                  y   0.01896 -0.00616  0.04816  0.01195 -0.07212 -0.04711
                  z  -0.01222 -0.01162 -0.07255 -0.00493 -0.07677 -0.05108
 38   ag          x   0.06652  0.02476  0.01338  0.00072 -0.00481  0.02448
                  y  -0.00342  0.02187 -0.01010  0.03916  0.02183 -0.00883
                  z   0.01213 -0.01220  0.03036 -0.00776  0.00929  0.01082
 39   ag          x  -0.02851  0.01671  0.03050  0.01119 -0.02694  0.00348
                  y   0.00733  0.05011 -0.01755  0.02891  0.00487 -0.03814
                  z   0.01460  0.04074  0.01138 -0.00425 -0.04996  0.01148
 40   ag          x   0.00831 -0.00985 -0.04287 -0.00987  0.01913 -0.01534
                  y   0.01514 -0.01320  0.07880  0.00253  0.05697  0.02151
                  z   0.09354 -0.01038 -0.00784  0.00613  0.04860 -0.02473
 41   c           x   0.01436  0.00351 -0.00653  0.01406 -0.00216  0.00333
                  y  -0.09544 -0.03364 -0.07257  0.08437 -0.00622  0.00749
                  z   0.07658  0.08426 -0.05606  0.15738  0.08510 -0.01823
 42   n           x  -0.02535 -0.01482 -0.03148  0.02961 -0.01055  0.01051
                  y  -0.04549 -0.01397 -0.03603  0.04226 -0.00088  0.00180
                  z  -0.00280  0.01890 -0.05834 -0.00257  0.02659  0.01777
 43   c           x  -0.09228 -0.04595 -0.07255  0.06977 -0.02155  0.01929
                  y  -0.05544 -0.01914 -0.03931  0.03946 -0.00196  0.00336
                  z  -0.03811 -0.00221 -0.03776 -0.12171  0.02418  0.02054
 44   c           x  -0.00503 -0.01036 -0.01117  0.01281 -0.01155  0.00858
                  y  -0.00012  0.00309 -0.00086  0.00345  0.00375 -0.00287
                  z   0.00024 -0.02496 -0.00576  0.00704 -0.01961  0.03083
 45   c           x  -0.02108 -0.01592 -0.02096  0.02381 -0.01179  0.00943
                  y   0.02513  0.01182  0.01890 -0.02011  0.00582 -0.00499
                  z  -0.04182 -0.05188 -0.01110  0.01815 -0.01975  0.03955
 46   c           x  -0.00636 -0.01082 -0.00947  0.01109 -0.01110  0.00747
                  y   0.04801  0.01876  0.03559 -0.04120  0.00500 -0.00661
                  z  -0.03979 -0.04041  0.00423  0.00584 -0.02296  0.02503
 47   c           x   0.00650 -0.00702 -0.00035  0.00001 -0.01126  0.00619
                  y   0.05229  0.02125  0.04127 -0.04592  0.00483 -0.00834
                  z   0.00401 -0.01763  0.06250 -0.03691 -0.03443  0.00489
 48   c           x   0.02637 -0.00012  0.01573 -0.01734 -0.01105  0.00445
                  y   0.02926  0.01223  0.02355 -0.02404  0.00338 -0.00602
                  z   0.05596 -0.02687  0.09832 -0.04196 -0.07150  0.01761
 49   c           x   0.01979 -0.00259  0.00878 -0.00934 -0.01170  0.00613
                  y   0.00413  0.00406  0.00295  0.00004  0.00351 -0.00363
                  z   0.05046 -0.03034  0.05214 -0.00486 -0.06165  0.03004
 50   n           x   0.00614 -0.00841  0.00121 -0.00010 -0.01256  0.00652
                  y   0.05796  0.02494  0.04834 -0.05474  0.00533 -0.01098
                  z  -0.00167  0.01063  0.07750 -0.05595 -0.00707 -0.02134
 51   c           x   0.00489 -0.00874 -0.00056  0.00103 -0.01235  0.00630
                  y   0.05001  0.02340  0.04162 -0.04917  0.00715 -0.01090
                  z  -0.05931  0.03117  0.03541 -0.02585  0.04353 -0.03510
 52   c           x  -0.01311 -0.01599 -0.01292  0.01662 -0.01376  0.00806
                  y   0.02378  0.01446  0.02235 -0.02746  0.00836 -0.00837
                  z  -0.08024  0.04857  0.03498 -0.02781  0.07870 -0.04477
 53   c           x  -0.00580 -0.01224 -0.00707  0.00932 -0.01240  0.00558
                  y  -0.00178  0.00279  0.00074 -0.00202  0.00631 -0.00227
                  z  -0.08035  0.04218  0.01704 -0.00141  0.07344 -0.02722
 54   c           x   0.01579 -0.00492  0.00827 -0.00901 -0.00866  0.00310
                  y  -0.00461  0.00171 -0.00160  0.00155  0.00480 -0.00146
                  z  -0.06843  0.04955  0.01963  0.00468  0.06183 -0.02923
 55   n           x   0.03039 -0.00203  0.01780 -0.02018 -0.00329  0.00432
                  y  -0.04654 -0.00921 -0.03090  0.03366  0.00115 -0.00310
                  z   0.01229  0.06172  0.06681 -0.04299  0.00503 -0.02894
 56   c           x  -0.01953  0.01857  0.01085 -0.01027  0.01854 -0.02489
                  y  -0.09576 -0.02646 -0.06858  0.07377 -0.00352 -0.00303
                  z   0.17518 -0.23181 -0.09504  0.10640 -0.22324  0.23672
 57   c           x   0.08692  0.00416  0.05043 -0.05494 -0.00211  0.02012
                  y  -0.04861 -0.01290 -0.03418  0.03884 -0.00337  0.00170
                  z  -0.06346  0.14782  0.07165 -0.09334  0.12160 -0.18614
 58   c           x   0.03174  0.00098  0.01986 -0.02200 -0.00968  0.00201
                  y   0.02036  0.01417  0.01934 -0.02210  0.00933 -0.00630
                  z  -0.12658  0.04321 -0.01599  0.04349  0.09696 -0.03388
 59   c           x   0.01622 -0.00393  0.00892 -0.00890 -0.00966  0.00422
                  y   0.04484  0.02288  0.03806 -0.04434  0.00861 -0.01019
                  z  -0.09812  0.02312 -0.00917  0.02336  0.05878 -0.02613
 60   s           x   0.00072 -0.00311 -0.00088  0.00298 -0.00428  0.00273
                  y   0.04908  0.01178  0.02497 -0.03338 -0.00204 -0.00111
                  z  -0.07193 -0.06062 -0.06737  0.07012 -0.03500  0.03894
 61   h           x   0.01902 -0.04732  0.06876 -0.11122 -0.07224  0.02237
                  y  -0.15600 -0.02365 -0.15229  0.05999  0.02732  0.01597
                  z   0.11736  0.08606 -0.01468  0.19449  0.07399 -0.02663
 62   h           x   0.06563  0.07375 -0.03758  0.09855  0.06972 -0.02278
                  y  -0.03769 -0.04281  0.00149  0.11243 -0.03796 -0.00008
                  z   0.11820  0.07139  0.00526  0.17248  0.05443 -0.02228
 63   h           x  -0.01110  0.00287 -0.03770  0.04997  0.00726  0.00372
                  y  -0.12714 -0.04830 -0.09380  0.11694 -0.01221  0.01129
                  z   0.05798  0.15303 -0.16703  0.24511  0.18109 -0.03449
 64   h           x  -0.10441 -0.04599 -0.08608  0.05885 -0.02164  0.02052
                  y  -0.10134 -0.03606 -0.07413  0.06248 -0.00871  0.00886
                  z  -0.04442  0.05048 -0.09657 -0.32720  0.04531  0.01863
 65   h           x  -0.11405 -0.01148 -0.13400 -0.05628 -0.00877  0.01863
                  y  -0.00769  0.00759 -0.03677  0.09901  0.00596 -0.00335
                  z  -0.05285 -0.04318  0.00393 -0.06975  0.01075  0.02497
 66   h           x  -0.11259 -0.10472 -0.02951  0.23704 -0.04384  0.02494
                  y  -0.06089 -0.03085 -0.00866 -0.04564 -0.00385  0.00495
                  z  -0.04821 -0.02981 -0.00877 -0.09019  0.01614  0.02371
 67   h           x  -0.04920 -0.02523 -0.04176  0.04770 -0.01206  0.01157
                  y   0.02214  0.01086  0.01622 -0.01663  0.00677 -0.00461
                  z  -0.07295 -0.06166 -0.04142  0.06059 -0.00045  0.04572
 68   h           x   0.05307  0.00854  0.03603 -0.04074 -0.01139  0.00264
                  y   0.03391  0.01340  0.02774 -0.02790  0.00246 -0.00646
                  z   0.09093 -0.02402  0.14694 -0.06867 -0.09474  0.01125
 69   h           x   0.03383  0.00191  0.01922 -0.02149 -0.01178  0.00498
                  y  -0.01111 -0.00147 -0.00870  0.01493  0.00249 -0.00205
                  z   0.08752 -0.03102  0.07264 -0.00890 -0.08164  0.03388
 70   h           x  -0.04013 -0.02723 -0.03415  0.04099 -0.01555  0.01247
                  y   0.02675  0.01639  0.02608 -0.03202  0.00964 -0.00991
                  z  -0.08434  0.05693  0.05199 -0.04972  0.09375 -0.05881
 71   h           x  -0.01841 -0.01587 -0.01517  0.01917 -0.01317  0.00630
                  y  -0.01857 -0.00184 -0.01022  0.01050  0.00642 -0.00143
                  z  -0.09157  0.04821  0.01444 -0.00422  0.08931 -0.03463
 72   h           x  -0.21732  0.17757  0.03333 -0.04807  0.20409 -0.21861
                  y  -0.15145 -0.14527 -0.21021  0.17736 -0.01342  0.04356
                  z   0.14387 -0.30303 -0.17886  0.16762 -0.23022  0.26506
 73   h           x   0.00842  0.01443  0.01980 -0.02285  0.01441 -0.01569
                  y  -0.12151 -0.02506 -0.07685  0.08964 -0.00828 -0.00662
                  z   0.38794 -0.30046 -0.02277  0.08021 -0.39712  0.38893
 74   h           x   0.11291 -0.12067 -0.02610  0.04783 -0.14607  0.13641
                  y  -0.04580  0.07126  0.05101 -0.01231  0.00073 -0.03831
                  z   0.14326 -0.33277 -0.20597  0.18894 -0.24247  0.28309
 75   h           x   0.09500 -0.00429  0.04744 -0.05226 -0.00228  0.03140
                  y  -0.08947 -0.03704 -0.07139  0.08064 -0.01177  0.01154
                  z   0.00395  0.49464  0.37268 -0.41645  0.17898 -0.51112
 76   h           x   0.03236 -0.25419 -0.18126  0.18611 -0.02511  0.25688
                  y   0.02933 -0.06202 -0.01837  0.05091 -0.08467  0.10516
                  z  -0.12871  0.01606 -0.07223  0.04366  0.14249 -0.09130
 77   h           x   0.17686  0.26984  0.30339 -0.31998  0.02261 -0.21003
                  y  -0.08407  0.04546 -0.02253 -0.00252  0.07470 -0.09372
                  z  -0.12678  0.04680 -0.04849  0.01618  0.15194 -0.12330
 78   h           x   0.05994  0.01826  0.04663 -0.05209 -0.00699 -0.00740
                  y   0.01740  0.01088  0.01498 -0.01686  0.00947 -0.00351
                  z  -0.14684  0.00362 -0.06256  0.09892  0.09645  0.00291

reduced mass(g/mol)    28.598    6.879   38.720    5.202   40.472   11.697


       mode              97       98       99      100      101      102

     frequency         113.80   114.62   117.47   118.09   120.90   121.78

     symmetry            a        a        a        a        a        a   

        IR               YES      YES      YES      YES      YES      YES
|dDIP/dQ|   (a.u.)     0.0005   0.0004   0.0002   0.0002   0.0001   0.0002
intensity (km/mol)       0.43     0.23     0.07     0.06     0.01     0.07
intensity (  %   )       0.17     0.09     0.03     0.02     0.00     0.03
 
       RAMAN             YES      YES      YES      YES      YES      YES
         (par,par)       0.17     2.00     0.71     1.07     2.01     1.92
         (ort,ort)       0.16     1.54     0.44     0.75     0.95     1.28
       (ort,unpol)       0.16     1.66     0.51     0.83     1.22     1.44
     depol. ratio        0.38     0.46     0.57     0.50     0.74     0.53
 
  1   ag          x  -0.01782 -0.09656 -0.04163  0.02831  0.05758  0.03073
                  y  -0.00804 -0.03363  0.05681  0.00225  0.02982  0.07311
                  z   0.01782  0.12183  0.02279 -0.02408 -0.05562 -0.05825
  2   ag          x  -0.00755 -0.04275  0.10711 -0.00373  0.02237  0.12925
                  y   0.00768  0.09661 -0.00383 -0.00065  0.01655  0.03793
                  z   0.01219  0.05438  0.00097  0.06592 -0.08879 -0.15385
  3   ag          x   0.00734  0.04573  0.06722 -0.03195 -0.06104  0.01355
                  y  -0.01339  0.03968 -0.08568  0.00429  0.05873  0.03295
                  z  -0.00185  0.02873  0.05262 -0.00473 -0.02944 -0.04012
  4   ag          x   0.00806  0.11968 -0.10432 -0.00567 -0.01272 -0.11253
                  y   0.01084  0.03757 -0.06532  0.10342  0.02721 -0.00050
                  z  -0.00375 -0.00844 -0.00433 -0.11972 -0.00725 -0.00951
  5   ag          x   0.00744 -0.01983 -0.03073  0.00924  0.03734 -0.04937
                  y   0.00574 -0.04047  0.03849 -0.01827  0.02393  0.00465
                  z   0.01656  0.00627 -0.02868  0.04036  0.00888 -0.10186
  6   ag          x   0.00501  0.04479 -0.10168  0.01652  0.03148 -0.06454
                  y  -0.01637 -0.12109 -0.08841  0.03271  0.01612 -0.04812
                  z  -0.00654  0.03829  0.06020  0.02617 -0.06893 -0.02918
  7   ag          x  -0.00185 -0.01756 -0.06119 -0.00990  0.06358  0.05704
                  y  -0.00267  0.01793  0.05263 -0.05869  0.04576  0.07427
                  z   0.01144 -0.02190  0.01248 -0.01891 -0.02878 -0.03127
  8   ag          x   0.00577 -0.10553 -0.04034  0.01009 -0.01188 -0.00338
                  y   0.00921 -0.04556  0.03835  0.03582 -0.04191 -0.02750
                  z   0.00278 -0.00882 -0.01984 -0.01288 -0.00905  0.03843
  9   ag          x  -0.00445 -0.10355  0.11969  0.00168 -0.01000 -0.01057
                  y  -0.02008  0.00994 -0.01132 -0.06447  0.00674  0.04159
                  z  -0.00883  0.02693 -0.00122  0.01515 -0.04071  0.11970
 10   ag          x  -0.00554  0.02812  0.07709 -0.03935 -0.01237  0.05756
                  y   0.00292 -0.04407 -0.00749  0.06678 -0.04909 -0.01068
                  z  -0.00339  0.02308  0.00901 -0.01337 -0.00702  0.01231
 11   ag          x  -0.00720  0.07569  0.00682 -0.03501  0.02169  0.01740
                  y   0.01564 -0.00827 -0.06241 -0.00098 -0.07823 -0.13279
                  z   0.00038 -0.03367 -0.02952 -0.06063 -0.03550 -0.05099
 12   ag          x  -0.00068 -0.02755  0.02007  0.06481 -0.02991 -0.02367
                  y  -0.00601 -0.03813  0.07119 -0.09321  0.00344  0.01284
                  z   0.00424  0.00173  0.02479 -0.03415  0.02336 -0.03676
 13   ag          x   0.02482 -0.01925  0.06692  0.02773 -0.10629 -0.08971
                  y   0.01322 -0.00485 -0.02670  0.01405 -0.05590 -0.07540
                  z  -0.02541  0.04537  0.00321 -0.06252 -0.01880 -0.02439
 14   ag          x   0.00161  0.01420 -0.11273 -0.01545 -0.00686 -0.04575
                  y  -0.01280 -0.12573  0.16334 -0.07201  0.00385  0.02831
                  z  -0.02413  0.07683 -0.01774 -0.04635 -0.01566 -0.01760
 15   ag          x   0.01060  0.16961 -0.04058  0.00193  0.04871  0.07252
                  y  -0.00352  0.01772 -0.11781  0.03957 -0.07149 -0.05023
                  z   0.00665  0.07782  0.01791 -0.02489  0.04723  0.03420
 16   ag          x   0.02041  0.10680  0.09981  0.04385  0.01814  0.07943
                  y   0.01523  0.10104  0.08745 -0.03760 -0.03180  0.04981
                  z   0.02246 -0.01461 -0.00618 -0.18709 -0.02483 -0.04152
 17   ag          x  -0.03460 -0.07525 -0.03962 -0.02730 -0.00232  0.00477
                  y  -0.00825 -0.09602 -0.05683  0.07636 -0.03166 -0.05831
                  z  -0.01487  0.04812  0.01818  0.00905  0.04511 -0.12211
 18   ag          x  -0.02517 -0.09524 -0.05021 -0.01135 -0.00838 -0.04323
                  y   0.01390  0.10565  0.15796 -0.05790  0.02026  0.04866
                  z  -0.02481  0.08453  0.00213 -0.04907 -0.01933 -0.01133
 19   ag          x  -0.00438 -0.14929  0.08581 -0.02049  0.02775  0.00654
                  y  -0.01796 -0.09674 -0.10546  0.00623 -0.00379 -0.02025
                  z  -0.02195  0.05941 -0.02013 -0.11177  0.00255 -0.00303
 20   ag          x   0.00716  0.11266 -0.03587 -0.00963  0.00811  0.02138
                  y   0.00039 -0.00931  0.08382 -0.03760  0.04741  0.01470
                  z  -0.00721 -0.01822 -0.02954 -0.01246 -0.00547  0.00402
 21   ag          x   0.00451  0.02892 -0.02472 -0.01629  0.01575  0.03340
                  y   0.00204  0.03001  0.05780  0.05220  0.01288  0.04301
                  z   0.01662  0.06064  0.06866  0.06425 -0.01274  0.04647
 22   ag          x  -0.00097 -0.09983 -0.02587  0.03971 -0.02769 -0.06617
                  y   0.00055  0.01722 -0.09091 -0.01814  0.01058 -0.01424
                  z   0.00045  0.00556 -0.01276 -0.00626 -0.00107 -0.00668
 23   ag          x   0.01246  0.02863  0.10861 -0.00356  0.00030 -0.00340
                  y   0.00170  0.15961 -0.08145  0.01689  0.07067  0.05399
                  z  -0.00391  0.08586 -0.04089 -0.01307  0.03845  0.03427
 24   ag          x  -0.00079  0.08077 -0.06906 -0.00528  0.01420  0.02875
                  y   0.00610 -0.04461  0.04391  0.02759  0.01354  0.00377
                  z  -0.00560 -0.15242  0.05003  0.01000  0.02278 -0.00466
 25   ag          x   0.00102  0.05410 -0.01051 -0.12232  0.05458  0.07570
                  y   0.00396  0.02529 -0.03074 -0.05836  0.02766 -0.00630
                  z  -0.01948 -0.14618 -0.04339  0.00185  0.09512  0.10270
 26   ag          x   0.01946  0.00909 -0.06619  0.11791 -0.07723 -0.20332
                  y  -0.03197  0.07303 -0.00295  0.05939  0.04811 -0.01339
                  z  -0.01213 -0.05513 -0.01874 -0.04082  0.09500  0.14818
 27   ag          x  -0.00691  0.01850  0.10036  0.14633 -0.01527 -0.01259
                  y  -0.01202  0.05772  0.06375 -0.04661  0.00379 -0.13713
                  z   0.00193 -0.01696 -0.01604  0.08864  0.02539  0.04695
 28   ag          x  -0.01771 -0.04164 -0.00398 -0.15176  0.00049  0.15426
                  y   0.00134 -0.01209  0.01569 -0.07585  0.04931 -0.25391
                  z  -0.01617  0.00975  0.02059  0.00456  0.00053  0.05978
 29   ag          x  -0.03119  0.07076  0.05606  0.10382 -0.02217  0.08692
                  y   0.01782  0.00793  0.10658  0.07203 -0.09502 -0.00830
                  z   0.00120 -0.00862 -0.03202  0.00730  0.07078  0.05495
 30   ag          x   0.03374 -0.02674  0.05902 -0.16380 -0.03357 -0.15161
                  y   0.02051 -0.04632 -0.09763 -0.04071 -0.11162  0.09304
                  z  -0.00136  0.01948 -0.00485  0.01713  0.00210  0.00145
 31   ag          x   0.01525 -0.05332 -0.03571 -0.02020  0.08245 -0.19264
                  y   0.01158 -0.03340 -0.02874  0.08855  0.02498  0.24390
                  z   0.00819 -0.02188 -0.00940  0.00335  0.03391 -0.06304
 32   ag          x  -0.00752  0.03936 -0.06146  0.08745 -0.08322  0.22444
                  y   0.02779 -0.01132 -0.01175  0.10866 -0.02458  0.15022
                  z   0.01325 -0.04242 -0.01101  0.01622  0.01446 -0.05485
 33   ag          x  -0.00408  0.00265 -0.08424  0.03549 -0.07873  0.05174
                  y  -0.00413 -0.03144 -0.01069  0.14015  0.04994 -0.04243
                  z  -0.01990  0.02358 -0.01001  0.14604  0.04149  0.04940
 34   ag          x   0.01045 -0.03653  0.04002  0.06025  0.09754  0.00998
                  y   0.02289 -0.05169  0.00707 -0.06009 -0.12572  0.25561
                  z   0.00937 -0.03023 -0.01385  0.01299 -0.00775  0.07562
 35   ag          x   0.00254 -0.04829  0.02087 -0.03143  0.10157  0.07154
                  y  -0.00305 -0.04640 -0.10211 -0.00157  0.04012  0.07135
                  z   0.02411 -0.10316  0.00987  0.06378  0.00631  0.00975
 36   ag          x  -0.02400  0.00608  0.01511 -0.03294 -0.08969 -0.12489
                  y  -0.00090  0.02119  0.07320  0.04301  0.07059 -0.03305
                  z   0.01256 -0.11257  0.01759  0.07544 -0.04066 -0.02030
 37   ag          x   0.00753 -0.06018 -0.05985 -0.15928 -0.09239  0.13439
                  y  -0.01989 -0.05249 -0.05323 -0.14417  0.08426 -0.17653
                  z  -0.02069 -0.03893 -0.05807  0.00769  0.00370  0.01534
 38   ag          x   0.01467  0.03319  0.06716  0.12692  0.13484 -0.21958
                  y  -0.02399  0.06968  0.04115  0.00071  0.03678 -0.13859
                  z   0.01045 -0.03937  0.02289  0.01084 -0.00765  0.04589
 39   ag          x  -0.01768  0.05946 -0.02086  0.03093 -0.06438  0.06989
                  y  -0.01162 -0.01539  0.04768 -0.06294 -0.10762 -0.10114
                  z   0.01066 -0.14885  0.03646  0.08275 -0.03731 -0.04377
 40   ag          x   0.01119 -0.01498  0.00994 -0.03954  0.02026 -0.00962
                  y   0.00500  0.11071 -0.07117 -0.03710 -0.01665  0.01381
                  z   0.01022  0.15663 -0.02070  0.01644 -0.02524  0.00478
 41   c           x   0.01245 -0.01522 -0.01413 -0.01112  0.00757  0.00142
                  y   0.08181 -0.04004 -0.04120 -0.02382  0.01655  0.02075
                  z   0.19868 -0.09802 -0.12931 -0.11226  0.11952  0.05432
 42   n           x   0.02253 -0.01826 -0.01509 -0.00497  0.00433  0.00593
                  y   0.04193 -0.01801 -0.02068 -0.01459  0.01077  0.01132
                  z  -0.01207  0.04059  0.02309  0.05537  0.03396  0.03669
 43   c           x   0.05926 -0.04274 -0.03190 -0.01121 -0.00336  0.01392
                  y   0.04008 -0.01816 -0.01751 -0.01014  0.00408  0.01040
                  z  -0.11235  0.08759  0.11226  0.11925 -0.06364  0.00471
 44   c           x   0.00473 -0.01094 -0.00759 -0.00157 -0.00220  0.00083
                  y   0.00470  0.00175 -0.00098 -0.00555  0.00399  0.00164
                  z  -0.02496  0.01309  0.00413  0.03759 -0.00951  0.01341
 45   c           x   0.01612 -0.01538 -0.01219 -0.00427  0.00089  0.00446
                  y  -0.01750  0.01284  0.01065  0.00109  0.00070 -0.00230
                  z  -0.00853  0.00535  0.00313  0.04141 -0.00214  0.04047
 46   c           x   0.00397 -0.01057 -0.00585 -0.00072 -0.00254  0.00013
                  y  -0.03823  0.02119  0.02110  0.00863 -0.00390 -0.00812
                  z  -0.01141  0.00250  0.00624  0.04377 -0.00799  0.02138
 47   c           x  -0.00787 -0.00443 -0.00003  0.00313 -0.00622 -0.00312
                  y  -0.04310  0.02353  0.02386  0.00962 -0.00623 -0.01076
                  z  -0.05740  0.01166  0.02993  0.04670 -0.03522 -0.02084
 48   c           x  -0.02497  0.00258  0.00788  0.00841 -0.01017 -0.00775
                  y  -0.02269  0.01344  0.01276  0.00347 -0.00268 -0.00560
                  z  -0.09371  0.00754  0.01937  0.03688 -0.08361 -0.06729
 49   c           x  -0.01797 -0.00020  0.00350  0.00526 -0.00868 -0.00665
                  y   0.00123  0.00282 -0.00005 -0.00468  0.00257  0.00073
                  z  -0.05933 -0.00011 -0.00714  0.02102 -0.06380 -0.04730
 50   n           x  -0.00884 -0.00413 -0.00112  0.00491 -0.00897 -0.00353
                  y  -0.05035  0.02728  0.02844  0.01191 -0.00770 -0.01409
                  z  -0.05031  0.00713  0.05275  0.03690 -0.00979 -0.02147
 51   c           x  -0.00736 -0.00429 -0.00107  0.00411 -0.00778 -0.00345
                  y  -0.04459  0.02638  0.02505  0.01061 -0.00712 -0.01217
                  z   0.01881  0.01002  0.02501  0.02062  0.02434  0.01361
 52   c           x   0.00687 -0.01010 -0.00842  0.00131 -0.00738  0.00171
                  y  -0.02403  0.01817  0.01527  0.00388 -0.00305 -0.00686
                  z   0.03589  0.00139  0.03953 -0.00028  0.07237  0.01032
 53   c           x   0.00108 -0.00733 -0.00339  0.00314 -0.00614  0.00089
                  y  -0.00190  0.00854  0.00054 -0.00224 -0.00401 -0.00077
                  z   0.05955 -0.02177  0.01861 -0.00621  0.07406  0.01268
 54   c           x  -0.01681 -0.00020  0.00492  0.00510 -0.00585 -0.00446
                  y   0.00154  0.00764 -0.00337 -0.00120 -0.00720  0.00049
                  z   0.06987 -0.01563 -0.00880  0.01518  0.02580  0.02254
 55   n           x  -0.03024  0.00608  0.00673  0.00387 -0.01093 -0.00804
                  y   0.03733 -0.00601 -0.01342 -0.00775  0.00607  0.01071
                  z   0.01051 -0.01608  0.02520  0.06434  0.00412  0.00221
 56   c           x   0.01479  0.00882  0.00906  0.00276  0.01884  0.00541
                  y   0.07933 -0.02257 -0.02516 -0.02117  0.02542  0.02295
                  z  -0.14947 -0.13897 -0.07127 -0.01114 -0.14590 -0.05609
 57   c           x  -0.07992  0.02169  0.01304  0.01008 -0.03952 -0.02154
                  y   0.03975 -0.01026 -0.01399 -0.00596  0.00461  0.01223
                  z   0.06938  0.05100  0.02817  0.02439  0.10180  0.00294
 58   c           x  -0.02873  0.00227  0.01250  0.00847 -0.00558 -0.00938
                  y  -0.01805  0.01845  0.00578  0.00425 -0.01046 -0.00463
                  z   0.11991 -0.00294 -0.06185 -0.00317  0.00388  0.05082
 59   c           x  -0.01591 -0.00202  0.00400  0.00554 -0.00599 -0.00560
                  y  -0.03827  0.02548  0.02039  0.01024 -0.00831 -0.00911
                  z   0.07657  0.00176 -0.02942  0.01019  0.01010  0.04037
 60   s           x   0.00069 -0.00671 -0.00358 -0.00080 -0.00139 -0.00046
                  y  -0.03328  0.00845  0.01877  0.00749 -0.00329 -0.00873
                  z   0.06695 -0.07672 -0.03223  0.01818  0.01554  0.02914
 61   h           x  -0.15103  0.05192  0.07476  0.05784 -0.11209 -0.06144
                  y   0.05673  0.02285  0.00907  0.06101  0.08106  0.07752
                  z   0.24273 -0.15135 -0.17767 -0.18244  0.09484  0.02607
 62   h           x   0.13742 -0.06585 -0.08740 -0.07870  0.11825  0.05034
                  y   0.11049 -0.10397 -0.09220 -0.10933 -0.04314 -0.03328
                  z   0.21135 -0.14480 -0.16376 -0.17466  0.06273  0.00743
 63   h           x   0.05283 -0.03130 -0.03357 -0.02183  0.03094  0.01722
                  y   0.11288 -0.06015 -0.05926 -0.03744  0.01621  0.02325
                  z   0.32479 -0.10946 -0.17454 -0.11815  0.28419  0.15286
 64   h           x   0.04678 -0.02798 -0.01712  0.00530 -0.00806  0.01248
                  y   0.05858 -0.02457 -0.02184 -0.00713  0.00167  0.01561
                  z  -0.32281  0.28916  0.30753  0.31436 -0.11304 -0.02736
 65   h           x  -0.07366  0.09550  0.09849  0.12226 -0.03025 -0.00542
                  y   0.09198 -0.03976 -0.06739 -0.05152  0.06771  0.02799
                  z  -0.05016  0.00269  0.05104  0.05051 -0.08502  0.00733
 66   h           x   0.23129 -0.21232 -0.18626 -0.16787  0.02137  0.03991
                  y  -0.03199  0.01176  0.04051  0.03062 -0.06301 -0.01232
                  z  -0.07326  0.03258  0.07436  0.07634 -0.08057  0.00680
 67   h           x   0.03972 -0.02533 -0.02360 -0.01175  0.00545  0.01187
                  y  -0.01352  0.01108  0.00877 -0.00052  0.00246  0.00003
                  z   0.04546 -0.01993 -0.02080  0.01441  0.02804  0.07877
 68   h           x  -0.04852  0.01250  0.01942  0.01470 -0.01562 -0.01480
                  y  -0.02694  0.01469  0.01437  0.00401 -0.00477 -0.00806
                  z  -0.13102  0.00747  0.02733  0.03205 -0.12346 -0.11052
 69   h           x  -0.03048  0.00567  0.00945  0.00889 -0.01166 -0.00999
                  y   0.01580 -0.00493 -0.00797 -0.01014  0.00444  0.00277
                  z  -0.07785 -0.00861 -0.01556  0.00492 -0.10006 -0.08404
 70   h           x   0.02845 -0.01779 -0.02189 -0.00484 -0.00712  0.00817
                  y  -0.02789  0.01939  0.01928  0.00392 -0.00049 -0.00839
                  z   0.01960  0.00548  0.07128 -0.00851  0.10649  0.00181
 71   h           x   0.01123 -0.01029 -0.00830  0.00185 -0.00608  0.00436
                  y   0.01120  0.00342 -0.00440 -0.00587  0.00066  0.00240
                  z   0.06619 -0.03232  0.03352 -0.02233  0.12193  0.00364
 72   h           x   0.18655  0.07567  0.03292 -0.03415  0.20071  0.03575
                  y   0.10625 -0.06515 -0.10239 -0.15904  0.09478 -0.01442
                  z  -0.13490 -0.16433 -0.11711 -0.09221 -0.10606 -0.07840
 73   h           x  -0.01068  0.01231  0.00913  0.00181  0.00770 -0.00442
                  y   0.10435 -0.02972 -0.02344 -0.01195  0.02756  0.03683
                  z  -0.31744 -0.17796 -0.03878  0.12564 -0.36782 -0.04972
 74   h           x  -0.09667 -0.05691 -0.01061  0.04120 -0.13016 -0.00094
                  y   0.05435  0.01029  0.03890  0.09687 -0.03678  0.05205
                  z  -0.13773 -0.17507 -0.13204 -0.11406 -0.10337 -0.08483
 75   h           x  -0.08847  0.02082  0.00608  0.00454 -0.05085 -0.02282
                  y   0.07317 -0.03065 -0.03045 -0.01971  0.01051  0.02426
                  z   0.06040  0.19766  0.29098  0.24054  0.32874 -0.04105
 76   h           x  -0.07239 -0.08051 -0.19572 -0.16695 -0.21220  0.01193
                  y  -0.02160 -0.04558 -0.00645  0.02850 -0.06484  0.00305
                  z   0.09978  0.00572 -0.09812 -0.09492  0.03017  0.02634
 77   h           x  -0.11754  0.13411  0.22691  0.19413  0.11746 -0.06373
                  y   0.06563  0.03894 -0.01140 -0.03012  0.05886  0.01097
                  z   0.10153  0.02060 -0.07707 -0.07978  0.05244  0.02328
 78   h           x  -0.05127  0.01388  0.02962  0.01804 -0.00282 -0.01646
                  y  -0.01509  0.01599  0.00063  0.00249 -0.01372 -0.00320
                  z   0.14347 -0.03130 -0.12045 -0.02533 -0.03932  0.06486

reduced mass(g/mol)     5.598   59.740   45.423   52.089   33.131   94.362


       mode             103      104      105      106      107      108

     frequency         123.13   123.73   125.15   126.88   129.71   130.78

     symmetry            a        a        a        a        a        a   

        IR               YES      YES      YES      YES      YES      YES
|dDIP/dQ|   (a.u.)     0.0001   0.0002   0.0001   0.0004   0.0004   0.0006
intensity (km/mol)       0.01     0.10     0.03     0.23     0.25     0.60
intensity (  %   )       0.00     0.04     0.01     0.09     0.10     0.23
 
       RAMAN             YES      YES      YES      YES      YES      YES
         (par,par)       0.79     1.55     1.23     1.23     1.11     5.12
         (ort,ort)       0.59     1.61     0.91     0.77     1.36     5.37
       (ort,unpol)       0.64     1.60     0.99     0.89     1.29     5.30
     depol. ratio        0.47     0.34     0.48     0.56     0.29     0.34
 
  1   ag          x  -0.04033 -0.06952 -0.05171 -0.03450 -0.03453 -0.00201
                  y  -0.07059 -0.01904  0.04549  0.01542 -0.05098 -0.01114
                  z   0.07624  0.07071  0.04430  0.02442  0.02012  0.01319
  2   ag          x  -0.13706  0.01874  0.12128  0.07137 -0.06118 -0.03335
                  y  -0.01199 -0.02845 -0.02214  0.05304  0.09820 -0.06973
                  z   0.03975  0.04159  0.01925  0.01178 -0.02332  0.01616
  3   ag          x   0.04518  0.03432 -0.07207  0.05030  0.08079  0.00799
                  y  -0.03601 -0.06810 -0.08182  0.05057  0.04794 -0.04033
                  z   0.10019  0.02445 -0.04614 -0.07434 -0.00152  0.03237
  4   ag          x   0.07985  0.02831 -0.02209 -0.09512  0.05757  0.01910
                  y  -0.05177 -0.02446  0.00829 -0.03227 -0.06852 -0.03355
                  z   0.06930  0.00574  0.12509  0.06249  0.01546  0.01266
  5   ag          x   0.04846 -0.12602  0.08853  0.03642 -0.05024 -0.02805
                  y   0.03069 -0.05029 -0.12105  0.10564 -0.10564  0.01414
                  z   0.10869 -0.13250  0.13806 -0.03145 -0.02159 -0.03188
  6   ag          x   0.01447 -0.04652 -0.07607 -0.02969  0.13502 -0.05198
                  y   0.05466 -0.06576 -0.13877 -0.07600  0.00904  0.04742
                  z   0.03318  0.03134  0.05355  0.01970 -0.03385  0.01213
  7   ag          x   0.03826 -0.05891 -0.13400 -0.00212 -0.00887  0.03511
                  y  -0.08949  0.06023  0.18703 -0.04268 -0.04039 -0.00832
                  z   0.02082  0.01498  0.00216 -0.01092 -0.02918  0.02753
  8   ag          x  -0.03436  0.05490  0.09271  0.03425 -0.19737  0.05686
                  y   0.03766 -0.04021 -0.07062  0.03129  0.04436  0.02410
                  z   0.06911  0.04169  0.05274  0.01531  0.00740  0.01951
  9   ag          x   0.01563 -0.01622  0.05053 -0.03184 -0.08921  0.02666
                  y  -0.10758  0.14259 -0.13512  0.00823 -0.00583  0.06063
                  z   0.09092 -0.00725  0.08614  0.00713  0.00573 -0.01072
 10   ag          x  -0.01186  0.03332  0.08092 -0.07079  0.15225 -0.02879
                  y  -0.03106  0.06549  0.10991 -0.13473  0.04669 -0.01595
                  z   0.00261  0.01088  0.01725 -0.00522  0.02384 -0.00863
 11   ag          x  -0.07989  0.01808  0.05095 -0.00477  0.06586 -0.04745
                  y   0.07049  0.08192  0.01518 -0.01587  0.02248  0.01979
                  z   0.11604  0.05225  0.13843  0.02882 -0.05571  0.03023
 12   ag          x  -0.05748  0.04203  0.00085 -0.07769 -0.03052  0.03842
                  y   0.10646 -0.01148 -0.06517 -0.07473 -0.03439  0.11757
                  z   0.09262  0.04580  0.01068 -0.01401 -0.03897 -0.01523
 13   ag          x   0.09364  0.02730 -0.13796  0.06783  0.01469 -0.00925
                  y  -0.09414  0.10834  0.22774 -0.13214  0.04325 -0.02475
                  z   0.05546  0.00478  0.02386  0.03457 -0.00536 -0.01571
 14   ag          x   0.09562 -0.04753 -0.08473  0.12942  0.00363 -0.02667
                  y   0.06706 -0.07192 -0.02855  0.06841  0.05760  0.00480
                  z  -0.02973 -0.07328  0.05963  0.04791  0.02116  0.01557
 15   ag          x  -0.06270  0.01002  0.11036 -0.08515  0.02474  0.01520
                  y  -0.01871  0.14625 -0.02236 -0.01913  0.08157 -0.03020
                  z   0.00795 -0.06169  0.05097 -0.01626 -0.00922  0.01635
 16   ag          x  -0.01614 -0.02425  0.00411  0.08391  0.02557  0.01607
                  y  -0.01466  0.06697  0.03230  0.07036 -0.03879 -0.03002
                  z   0.17796 -0.03126  0.02269 -0.05859 -0.04326  0.00227
 17   ag          x  -0.09391  0.12019 -0.06250 -0.03123 -0.02213  0.04978
                  y   0.08697 -0.11856  0.06012 -0.00737 -0.03709  0.02277
                  z   0.07369 -0.00442  0.01571  0.01349 -0.01479 -0.01636
 18   ag          x  -0.05287  0.02472  0.13688 -0.12920 -0.01311 -0.05694
                  y  -0.02915  0.05522  0.03722 -0.05030  0.07878 -0.00981
                  z   0.01118 -0.09152 -0.00916 -0.03611 -0.02433 -0.02516
 19   ag          x   0.07193 -0.06780  0.11189 -0.00552  0.04947 -0.06877
                  y   0.10035 -0.08592  0.02701  0.06419  0.03122 -0.03389
                  z  -0.04385 -0.03287 -0.00839  0.02868 -0.06314 -0.07874
 20   ag          x   0.03452 -0.06711 -0.10399  0.10052 -0.05628  0.02338
                  y  -0.03898 -0.04136 -0.04971  0.03134 -0.09764  0.04661
                  z   0.07298 -0.06952  0.00972  0.02629  0.02654 -0.02455
 21   ag          x  -0.06710 -0.01013  0.14093 -0.12300 -0.03549  0.01065
                  y   0.02489 -0.09611 -0.00929  0.03809 -0.02485 -0.02357
                  z   0.04771 -0.12253  0.07443  0.03317 -0.03461 -0.01653
 22   ag          x   0.12460 -0.04680 -0.11984  0.14961  0.03328 -0.01306
                  y   0.01110  0.00502 -0.01555  0.03809 -0.01330 -0.05685
                  z   0.01294  0.00753 -0.01333  0.02383 -0.00113 -0.01037
 23   ag          x   0.06507  0.04285 -0.16437  0.12501  0.07515 -0.02517
                  y   0.01931 -0.10522 -0.05004  0.03513 -0.08002  0.03090
                  z   0.01189 -0.05728  0.01758 -0.01289 -0.02895  0.01224
 24   ag          x  -0.11253  0.00791  0.07839 -0.12148 -0.08782  0.04411
                  y  -0.02104  0.01657  0.07063 -0.04793  0.04347 -0.03112
                  z   0.03368 -0.02468  0.08593  0.00111  0.05549 -0.04658
 25   ag          x   0.10239  0.05098 -0.01493 -0.02581  0.05288  0.00897
                  y   0.03659  0.04812  0.01055  0.00828  0.01776  0.00120
                  z  -0.07599 -0.08788 -0.06007 -0.03361 -0.00158 -0.02453
 26   ag          x  -0.09800 -0.00649  0.12254  0.10201 -0.05893 -0.03079
                  y   0.17405  0.09774  0.03243 -0.00668  0.00130 -0.00587
                  z  -0.10118 -0.04619  0.01205  0.03608  0.00976 -0.04012
 27   ag          x   0.04171 -0.04909 -0.22100 -0.18875 -0.01576  0.02462
                  y  -0.01718 -0.01549 -0.05666 -0.05550 -0.02715 -0.03254
                  z  -0.11699 -0.02606 -0.06250  0.02589 -0.00853 -0.03667
 28   ag          x  -0.06329  0.10274  0.04466  0.13405  0.02816  0.03418
                  y  -0.07567 -0.08368  0.02523  0.00730  0.01483  0.00723
                  z  -0.14671  0.12583 -0.21829  0.00402  0.01804  0.03980
 29   ag          x   0.13419  0.04591  0.03888  0.02358 -0.00137  0.00738
                  y  -0.13303 -0.10983 -0.07534 -0.00513 -0.01807 -0.00985
                  z  -0.06773 -0.06233 -0.08842 -0.03116  0.04759 -0.02930
 30   ag          x  -0.20137 -0.10719 -0.09107 -0.05142 -0.01839 -0.03347
                  y  -0.10680 -0.07141  0.01771  0.05562  0.06679  0.06404
                  z  -0.06412 -0.03882 -0.02932  0.00677  0.02754 -0.01954
 31   ag          x  -0.09329  0.00907  0.01304  0.01762  0.02676  0.01918
                  y   0.09746  0.00229  0.12406  0.04262 -0.01032  0.03236
                  z  -0.07850 -0.02107 -0.09658 -0.00178 -0.01439  0.01170
 32   ag          x   0.11520  0.03070 -0.00387  0.00158 -0.02413 -0.02779
                  y   0.13602  0.10539 -0.10882 -0.11786 -0.08507 -0.10073
                  z  -0.02419  0.02805 -0.04398 -0.01827 -0.04688  0.00642
 33   ag          x  -0.07099 -0.01058  0.14189  0.10875  0.00569  0.02904
                  y  -0.08940  0.02806  0.07639  0.04034 -0.03342 -0.00992
                  z  -0.17515 -0.04425 -0.09880 -0.01429  0.08847 -0.01739
 34   ag          x   0.12067 -0.00961 -0.06617 -0.10198 -0.02433  0.02453
                  y  -0.05905 -0.01428 -0.05749 -0.00717 -0.00536 -0.03106
                  z  -0.10835 -0.00529  0.00321 -0.02951  0.01909  0.02407
 35   ag          x   0.16491  0.17595 -0.02793 -0.06011 -0.02781 -0.06540
                  y   0.03005  0.10635  0.08569  0.18172  0.07963  0.07728
                  z   0.00098  0.07444 -0.02401 -0.01338 -0.00791  0.00596
 36   ag          x  -0.14819 -0.11665  0.03437  0.05009  0.04297  0.03391
                  y   0.01308 -0.12302  0.16788 -0.01838  0.12132  0.14851
                  z   0.02878  0.08633 -0.05929 -0.00557  0.02692  0.01248
 37   ag          x   0.03315 -0.05100 -0.03237 -0.07938 -0.00980 -0.00594
                  y   0.09308  0.11529 -0.08489 -0.09019  0.01478  0.02096
                  z  -0.14630  0.13992 -0.06393 -0.01617  0.06105  0.02726
 38   ag          x  -0.01430  0.15339  0.05582  0.16222  0.01817  0.00642
                  y   0.02957 -0.01420  0.00538 -0.04314 -0.02427 -0.03254
                  z  -0.02778  0.02521 -0.00870  0.00275  0.01301  0.02820
 39   ag          x   0.07731 -0.22242 -0.00267 -0.13125  0.04883  0.08067
                  y  -0.12380 -0.03081 -0.06765  0.00082 -0.04720 -0.08080
                  z   0.00610  0.09923 -0.00192 -0.00382  0.07122  0.03177
 40   ag          x  -0.06791  0.12212 -0.02711  0.02164 -0.06654 -0.05757
                  y   0.00288  0.03292 -0.10799  0.03140 -0.07441 -0.01849
                  z  -0.10182  0.10438 -0.10954 -0.02820 -0.05966  0.08065
 41   c           x  -0.00223 -0.00324 -0.00940  0.00903 -0.00287  0.01127
                  y  -0.01665 -0.02966 -0.00385 -0.00784  0.01317  0.01755
                  z  -0.08243 -0.03702 -0.06697  0.00602  0.04671  0.05864
 42   n           x  -0.00516 -0.01559 -0.00740  0.00331  0.00157  0.01106
                  y  -0.00775 -0.01336 -0.00145 -0.00613  0.00804  0.00709
                  z  -0.05462 -0.06052 -0.02599 -0.05215  0.07254 -0.02622
 43   c           x  -0.01354 -0.01527 -0.00719  0.02086 -0.01745  0.02633
                  y  -0.01188 -0.00324 -0.00042  0.00719 -0.00434  0.01126
                  z  -0.06659  0.07664 -0.00276  0.09735 -0.09413  0.00892
 44   c           x   0.00261 -0.00495 -0.00392  0.00383 -0.00275  0.00386
                  y   0.00021  0.00381  0.00223 -0.00318  0.00197 -0.00261
                  z  -0.01105 -0.01558 -0.01258 -0.03909  0.03690 -0.04590
 45   c           x   0.00197 -0.00887 -0.00267 -0.00001  0.00112  0.00528
                  y   0.00374  0.01142  0.00424 -0.00266  0.00127 -0.00668
                  z   0.00206 -0.00635  0.00677 -0.06321  0.05178 -0.04511
 46   c           x   0.00393 -0.00262 -0.00205  0.00367 -0.00355  0.00404
                  y   0.00422  0.01666  0.00480  0.00189 -0.00174 -0.00783
                  z  -0.00865  0.00390  0.00857 -0.03298  0.03289 -0.01393
 47   c           x   0.00521 -0.00036 -0.00104  0.00475 -0.00383  0.00185
                  y   0.00452  0.01920  0.00452  0.00464 -0.00491 -0.00735
                  z  -0.01366  0.01694  0.00889  0.01601 -0.01294  0.00776
 48   c           x   0.00543  0.00556 -0.00116  0.00734 -0.00658  0.00039
                  y   0.00235  0.01248  0.00356  0.00185 -0.00248 -0.00600
                  z   0.00300  0.04191 -0.00972  0.03607 -0.04480 -0.01880
 49   c           x   0.00605  0.00330 -0.00225  0.00610 -0.00554 -0.00089
                  y   0.00157  0.00530  0.00214 -0.00228  0.00143 -0.00372
                  z   0.00812  0.02152 -0.02376  0.00906 -0.01639 -0.04990
 50   n           x   0.00442  0.00139 -0.00152  0.00361 -0.00252  0.00079
                  y   0.00259  0.01950  0.00536  0.00686 -0.00501 -0.00463
                  z  -0.03201  0.00101  0.01916  0.04687 -0.03650  0.05078
 51   c           x   0.00561  0.00040  0.00060  0.00336 -0.00233  0.00092
                  y   0.00293  0.01756  0.00212  0.00423 -0.00231 -0.00771
                  z  -0.01987 -0.00944  0.00379 -0.00983  0.01663  0.01361
 52   c           x   0.00405 -0.00433  0.00031  0.00098 -0.00023  0.00290
                  y   0.00040  0.00924 -0.00033  0.00047  0.00019 -0.00839
                  z  -0.04636 -0.03255 -0.00341 -0.00984  0.01383  0.01062
 53   c           x   0.00332 -0.00338  0.00268  0.00257 -0.00137  0.00405
                  y   0.00247  0.00337 -0.00486 -0.00675  0.00492 -0.01229
                  z  -0.04212 -0.03849 -0.02101 -0.03060  0.03005 -0.01309
 54   c           x   0.00156  0.00380  0.00522  0.00675 -0.00504 -0.00037
                  y   0.00556  0.00357 -0.00638 -0.00967  0.00800 -0.01241
                  z   0.00667 -0.01728 -0.03275 -0.06372  0.06502 -0.03950
 55   n           x   0.00350  0.01200  0.00210  0.00464 -0.00545 -0.01687
                  y  -0.00108 -0.01243 -0.00047 -0.00631  0.00461  0.00663
                  z   0.01676 -0.01463 -0.01961 -0.03220  0.05966  0.03838
 56   c           x  -0.00596 -0.00361  0.01113  0.00044  0.00200  0.00225
                  y  -0.01186 -0.03128  0.00860 -0.00016 -0.00377  0.02676
                  z   0.03061  0.03041 -0.04091  0.05728 -0.07068 -0.01724
 57   c           x   0.01859  0.02593 -0.01573 -0.01417  0.01038 -0.05488
                  y   0.00044 -0.01912 -0.00231 -0.01141  0.01127  0.01333
                  z  -0.03039  0.12910  0.07224  0.11104 -0.12263 -0.02674
 58   c           x   0.00122  0.00736  0.00591  0.01131 -0.00864  0.00271
                  y   0.00898  0.01260 -0.00585 -0.00935  0.00862 -0.01881
                  z   0.03622  0.00043 -0.04754 -0.10950  0.09205 -0.11470
 59   c           x   0.00348  0.00346  0.00337  0.00582 -0.00485  0.00144
                  y   0.00517  0.01774 -0.00091 -0.00078  0.00196 -0.01191
                  z   0.00951  0.00023 -0.01669 -0.06520  0.05997 -0.04559
 60   s           x   0.00565  0.00066  0.00093  0.00165 -0.00274 -0.00004
                  y  -0.00245  0.00781  0.00514  0.01439 -0.01186  0.00671
                  z  -0.04372 -0.03758  0.01350  0.02241 -0.00851  0.06585
 61   h           x   0.05513  0.08150  0.02462  0.05955 -0.10517 -0.03713
                  y  -0.05887 -0.15405 -0.00868 -0.12560  0.16228 -0.00748
                  z  -0.06254  0.03537 -0.06958  0.07965 -0.04071  0.08356
 62   h           x  -0.04793 -0.06560 -0.04200 -0.03255  0.08435  0.05239
                  y   0.02510  0.08840 -0.00087  0.10574 -0.13196  0.04329
                  z  -0.04583  0.06307 -0.06196  0.10104 -0.07708  0.07624
 63   h           x  -0.01634 -0.02913 -0.01547 -0.00524  0.02168  0.02128
                  y  -0.01945 -0.03207 -0.00483 -0.00040  0.00531  0.02654
                  z  -0.16703 -0.20524 -0.10471 -0.13125  0.25758  0.08257
 64   h           x  -0.01984 -0.02337 -0.00628  0.02125 -0.01784  0.02549
                  y  -0.01878 -0.01779 -0.00050  0.00761 -0.00640  0.01715
                  z  -0.12435  0.02201  0.00779  0.10083 -0.09134 -0.02013
 65   h           x  -0.05599 -0.07720 -0.00174  0.00859 -0.00137  0.00620
                  y   0.00039 -0.08595 -0.01436 -0.08979  0.10133 -0.01307
                  z  -0.04495  0.17426  0.00191  0.16938 -0.17410  0.03950
 66   h           x   0.03291  0.05141 -0.01186  0.04355 -0.04933  0.05798
                  y  -0.01542  0.09699  0.01422  0.10679 -0.11490  0.03104
                  z  -0.05386  0.14618  0.00007  0.15059 -0.15208  0.03007
 67   h           x   0.00053 -0.01615 -0.00342 -0.00500  0.00453  0.00790
                  y   0.00410  0.01014  0.00428 -0.00485  0.00299 -0.00656
                  z   0.01338 -0.02097  0.00650 -0.09998  0.07888 -0.04299
 68   h           x   0.00769  0.01302 -0.00169  0.01179 -0.01090 -0.00241
                  y   0.00302  0.01440  0.00318  0.00381 -0.00451 -0.00605
                  z   0.01265  0.07010 -0.01688  0.07473 -0.08814 -0.00940
 69   h           x   0.00745  0.00677 -0.00205  0.00707 -0.00698 -0.00341
                  y   0.00028  0.00237  0.00121 -0.00190  0.00109 -0.00109
                  z   0.01817  0.04762 -0.03762  0.03805 -0.05778 -0.05827
 70   h           x   0.00461 -0.01046 -0.00249 -0.00410  0.00381  0.00112
                  y  -0.00226  0.00911  0.00103  0.00370 -0.00288 -0.00639
                  z  -0.08060 -0.04271  0.00988  0.02313 -0.01828  0.03364
 71   h           x   0.00408 -0.00714  0.00180 -0.00062  0.00185  0.00649
                  y  -0.00039 -0.00237 -0.00586 -0.00754  0.00529 -0.00852
                  z  -0.07961 -0.04970 -0.01724 -0.00340 -0.00159 -0.00290
 72   h           x  -0.07826  0.00625  0.05744  0.04056 -0.05322 -0.02455
                  y  -0.09506  0.04805  0.04377  0.16420 -0.23665 -0.08972
                  z  -0.01825  0.07816 -0.01996  0.15491 -0.20884 -0.08590
 73   h           x  -0.00368  0.01104  0.00739  0.00761 -0.00878 -0.01496
                  y  -0.00727 -0.05626  0.00962 -0.01970  0.02449  0.05766
                  z   0.16143 -0.05331 -0.11159 -0.11128  0.16497  0.10821
 74   h           x   0.05848 -0.04372 -0.02303 -0.05698  0.07952  0.06277
                  y   0.05988 -0.09622 -0.02215 -0.13810  0.19556  0.12841
                  z  -0.02875  0.08893 -0.01589  0.17965 -0.24606 -0.10360
 75   h           x   0.02460  0.03124 -0.02346 -0.02081  0.01255 -0.07677
                  y  -0.00306 -0.03484 -0.00163 -0.01047  0.00900  0.02139
                  z  -0.14974  0.10867  0.24683  0.26188 -0.16449  0.43152
 76   h           x   0.11357  0.06835 -0.14646 -0.12199  0.02270 -0.44551
                  y   0.03131 -0.10898 -0.06319 -0.10270  0.13013  0.05947
                  z   0.01171  0.19418  0.02234  0.08877 -0.16869 -0.27638
 77   h           x  -0.06750 -0.00513  0.10700  0.08429  0.00604  0.31637
                  y  -0.02425  0.07276  0.05025  0.06695 -0.09496 -0.04396
                  z   0.00032  0.19755  0.04016  0.10556 -0.17953 -0.24321
 78   h           x  -0.00107  0.01359  0.01056  0.01884 -0.01294  0.01020
                  y   0.01182  0.01294 -0.00830 -0.01240  0.01071 -0.02494
                  z   0.07249  0.00740 -0.07704 -0.14415  0.11569 -0.19396

reduced mass(g/mol)    86.041   68.607   89.604   55.535   36.618   20.838


       mode             109      110      111      112      113      114

     frequency         131.85   134.12   134.69   135.70   137.45   139.65

     symmetry            a        a        a        a        a        a   

        IR               YES      YES      YES      YES      YES      YES
|dDIP/dQ|   (a.u.)     0.0004   0.0005   0.0004   0.0004   0.0004   0.0003
intensity (km/mol)       0.35     0.49     0.22     0.35     0.31     0.14
intensity (  %   )       0.14     0.19     0.09     0.14     0.12     0.06
 
       RAMAN             YES      YES      YES      YES      YES      YES
         (par,par)       0.17     0.34     1.63     2.30     0.80     7.44
         (ort,ort)       0.35     0.17     1.04     1.87     0.71     3.62
       (ort,unpol)       0.30     0.21     1.19     1.98     0.74     4.61
     depol. ratio        0.17     0.71     0.56     0.43     0.39     0.73
 
  1   ag          x  -0.04284 -0.02517 -0.15167 -0.01850 -0.02459 -0.00322
                  y   0.03550 -0.01943 -0.06818 -0.00145 -0.01500  0.00132
                  z   0.00881  0.01609  0.08711  0.00751  0.00896  0.00243
  2   ag          x   0.11764 -0.00659  0.05297  0.01882  0.00390  0.00530
                  y   0.04127  0.00482  0.04042 -0.01172 -0.01913 -0.02319
                  z  -0.02875  0.02205 -0.03892  0.00252  0.01126 -0.00106
  3   ag          x   0.00731  0.05136  0.19311 -0.02048  0.03093 -0.02948
                  y   0.03106  0.01076 -0.05982 -0.06664 -0.00981 -0.02723
                  z  -0.06081 -0.01886  0.03660  0.00304 -0.01156  0.01241
  4   ag          x  -0.05292 -0.01878 -0.12576 -0.02015 -0.02486  0.01061
                  y   0.11019  0.00391  0.07517 -0.06717 -0.00382 -0.00177
                  z  -0.04232 -0.00298 -0.08842  0.05637  0.00005  0.00379
  5   ag          x  -0.07324 -0.02160 -0.04957  0.10517 -0.00045  0.02394
                  y   0.03253  0.00756  0.04612 -0.01568  0.01685 -0.00942
                  z  -0.08004 -0.01941 -0.04476  0.07218 -0.00453  0.02448
  6   ag          x  -0.04997  0.01458  0.00318  0.00497 -0.01008 -0.02278
                  y  -0.09871  0.01061 -0.03697 -0.01514  0.01432 -0.00200
                  z   0.01045  0.00504 -0.00157 -0.00328  0.00853  0.00007
  7   ag          x  -0.03494 -0.01700 -0.02152 -0.03929 -0.00587  0.01329
                  y   0.05244 -0.02994  0.02439  0.06273  0.00351  0.03475
                  z  -0.01112 -0.00001  0.01217  0.00302  0.00093  0.00476
  8   ag          x   0.14077 -0.00636  0.03429  0.00797  0.01565  0.02624
                  y  -0.11444  0.02156  0.06526  0.08175  0.02724  0.02825
                  z  -0.04856 -0.00852  0.00488  0.00472 -0.00234 -0.02214
  9   ag          x  -0.00111  0.00245  0.03120 -0.01352  0.01504 -0.01967
                  y   0.03905 -0.01607 -0.07545 -0.00919 -0.01374 -0.00497
                  z  -0.04193 -0.00394 -0.04783  0.01153 -0.00285  0.01763
 10   ag          x  -0.08886  0.01601 -0.00841  0.00582 -0.00135 -0.00562
                  y   0.08019  0.01032  0.04176 -0.08733 -0.00298 -0.01195
                  z  -0.01503  0.00023 -0.01087  0.00951  0.00085  0.00018
 11   ag          x   0.01994  0.01852  0.03014  0.06889  0.01595  0.01616
                  y   0.01483  0.03008  0.19456  0.02496  0.03067  0.00359
                  z   0.02759 -0.04436  0.08462  0.00262 -0.01538 -0.00564
 12   ag          x  -0.04989  0.04472  0.06422 -0.04725  0.02251 -0.01391
                  y  -0.18399 -0.00698 -0.15086  0.02786  0.00733  0.00937
                  z   0.04875 -0.00502  0.03349 -0.02186 -0.00173  0.02118
 13   ag          x   0.05884 -0.03326 -0.03756 -0.05874 -0.02155 -0.01159
                  y  -0.03929 -0.01891 -0.04230  0.08077 -0.01346  0.02766
                  z   0.00473  0.01504 -0.02198 -0.01427  0.00233  0.00203
 14   ag          x   0.07496 -0.03536 -0.03965  0.06123 -0.02220 -0.00389
                  y  -0.16394  0.00079 -0.01479  0.09738  0.00805 -0.02569
                  z  -0.03203 -0.00089  0.01463 -0.03433 -0.00584  0.02353
 15   ag          x  -0.05090  0.02214 -0.01210  0.00072  0.01066  0.02615
                  y   0.09002 -0.02132 -0.06720 -0.01270 -0.04121  0.01687
                  z  -0.01909  0.00841  0.01257  0.00571  0.01187 -0.00584
 16   ag          x  -0.06148 -0.02279 -0.03555  0.07114  0.00348  0.04275
                  y   0.16626 -0.02333 -0.04519 -0.02187 -0.01147  0.00618
                  z   0.06311  0.00632 -0.05790 -0.11231 -0.01111 -0.03254
 17   ag          x  -0.00772 -0.00677 -0.06352  0.06503 -0.00393 -0.02125
                  y  -0.08951  0.02009  0.03660 -0.01210  0.01377 -0.02209
                  z   0.03477 -0.00472 -0.01940 -0.03658 -0.00277 -0.02758
 18   ag          x   0.05352  0.00274  0.04327 -0.12479 -0.02357 -0.03880
                  y  -0.07352 -0.01043 -0.08878  0.00234 -0.02876 -0.00887
                  z   0.04315  0.00789  0.02042  0.03444 -0.00362 -0.01781
 19   ag          x  -0.00168  0.02391  0.04994 -0.06895  0.00338 -0.00227
                  y  -0.02493  0.01634  0.01775  0.05696 -0.00081  0.02446
                  z  -0.17061  0.00830  0.07520 -0.03442 -0.00104 -0.01266
 20   ag          x  -0.01508  0.00221  0.01466  0.04946  0.01742  0.02904
                  y  -0.06685 -0.00723  0.01192  0.01608  0.01694 -0.02961
                  z   0.01723  0.00959  0.01936  0.00162  0.00349  0.01737
 21   ag          x  -0.11210  0.01140 -0.01900 -0.06240  0.00151 -0.01646
                  y   0.02974 -0.00473 -0.00050 -0.11588 -0.02871 -0.04323
                  z  -0.00386 -0.00464  0.00484 -0.10051 -0.01788 -0.02883
 22   ag          x   0.06222  0.00457  0.04211  0.07032  0.00740  0.02966
                  y   0.13409 -0.00430  0.05891 -0.06281 -0.00093  0.00912
                  z   0.02127 -0.00055  0.00429 -0.01435 -0.00145  0.00544
 23   ag          x   0.09586 -0.02130 -0.04317  0.04155 -0.01881 -0.00099
                  y   0.03241  0.01933  0.05339 -0.02171  0.03320  0.00148
                  z  -0.00443  0.00995  0.01511 -0.01113  0.01133 -0.00505
 24   ag          x  -0.06167  0.00302  0.01058 -0.03197  0.01324 -0.01244
                  y   0.02150  0.01394  0.02160 -0.05401  0.00780  0.02370
                  z   0.01104  0.01600  0.02324 -0.03538  0.00453  0.01691
 25   ag          x  -0.00015 -0.01908  0.17029  0.00985 -0.01354  0.00590
                  y   0.00679 -0.00670  0.09131  0.01555 -0.00719  0.00614
                  z  -0.00478 -0.02654 -0.08416 -0.01189 -0.01316 -0.00094
 26   ag          x   0.04345  0.05114 -0.24062  0.02713  0.03376 -0.00199
                  y  -0.01637  0.00528  0.07125  0.01606  0.00215  0.01046
                  z   0.05659 -0.01298 -0.01280 -0.00474 -0.00700 -0.00312
 27   ag          x  -0.06807 -0.03994  0.15135 -0.08664 -0.02406  0.02759
                  y   0.05276  0.00278 -0.06525 -0.00315  0.00311  0.06844
                  z   0.07800  0.02009  0.06841 -0.04070  0.01287 -0.00974
 28   ag          x   0.07661  0.01894 -0.01723 -0.00382  0.01535 -0.03440
                  y  -0.00831 -0.00385  0.03583 -0.00052  0.01072  0.00569
                  z   0.11105  0.02395  0.09856 -0.10783  0.00363 -0.02950
 29   ag          x  -0.04027  0.01820 -0.04580 -0.05290  0.01363 -0.02545
                  y  -0.00821  0.04118 -0.25835 -0.06478  0.02509 -0.01852
                  z  -0.02032  0.00552 -0.06453 -0.00477 -0.00284 -0.00330
 30   ag          x   0.13088 -0.00996 -0.06281  0.04098 -0.00773  0.07729
                  y  -0.07528 -0.02121 -0.03044 -0.05867 -0.01290 -0.10404
                  z   0.01048  0.00628 -0.01106  0.00684 -0.00032 -0.00234
 31   ag          x  -0.06169 -0.00186  0.14486  0.06220  0.00367 -0.11021
                  y  -0.00291 -0.01947  0.02523  0.08864 -0.02554 -0.07304
                  z   0.03912  0.00390  0.02713  0.00029 -0.00062 -0.00040
 32   ag          x  -0.05110 -0.00024 -0.07547 -0.04367 -0.00692  0.05744
                  y  -0.03206  0.01219 -0.04448  0.11212 -0.01047 -0.03577
                  z   0.04712  0.00101  0.02156 -0.00862 -0.00010 -0.01294
 33   ag          x  -0.04789 -0.03897  0.04111  0.05303 -0.01266 -0.04840
                  y   0.00315 -0.03779  0.18367  0.13216 -0.01269  0.04850
                  z  -0.07411  0.02690 -0.00182  0.07401  0.02245  0.01868
 34   ag          x   0.00659 -0.01403  0.08609 -0.07000 -0.01825  0.09281
                  y  -0.04980  0.01305  0.09426 -0.00426  0.01698  0.06929
                  z  -0.03250  0.00117  0.00066  0.02708  0.00211  0.00482
 35   ag          x   0.11669  0.05329 -0.15665  0.09955  0.03585 -0.06185
                  y  -0.07988  0.00399 -0.08738 -0.22933  0.02388  0.10689
                  z  -0.01072 -0.00329  0.00292  0.00148  0.00529 -0.00236
 36   ag          x  -0.03998 -0.02581  0.07762 -0.06685 -0.01805  0.01796
                  y   0.23333  0.00212 -0.03203 -0.02677  0.01369  0.01347
                  z   0.10302 -0.01597 -0.04110  0.00905 -0.00900 -0.00485
 37   ag          x   0.02607  0.02060 -0.00457 -0.02035  0.00731  0.01260
                  y   0.04083  0.01656 -0.06852 -0.00270  0.01031  0.01168
                  z  -0.03163 -0.00022  0.03077  0.17025  0.02807  0.05430
 38   ag          x  -0.13810 -0.01889 -0.04408 -0.10588 -0.00581 -0.01892
                  y   0.07320  0.00833 -0.03396  0.08309 -0.00242 -0.06493
                  z  -0.05696 -0.00222 -0.01112  0.02046  0.00361  0.00901
 39   ag          x   0.27867  0.00622 -0.00743  0.13497  0.00038  0.00219
                  y  -0.11783 -0.01699  0.07865  0.02969 -0.02324 -0.01139
                  z   0.06313 -0.01694 -0.05685  0.02783 -0.01298  0.00798
 40   ag          x  -0.16081 -0.00421  0.01702 -0.04092 -0.00187 -0.01442
                  y  -0.07664 -0.00639 -0.00100  0.03614 -0.00378 -0.00705
                  z   0.00472 -0.02913 -0.05567  0.04118 -0.00844 -0.03505
 41   c           x  -0.00173  0.01743  0.01822  0.00757 -0.01631 -0.00056
                  y  -0.01050  0.00758  0.02177  0.00541 -0.00780 -0.01530
                  z  -0.03446  0.10068  0.10019  0.02309 -0.07387 -0.01272
 42   n           x  -0.00169  0.00683  0.01344  0.00789 -0.00897 -0.00800
                  y  -0.00534  0.00409  0.00851  0.00387 -0.00329 -0.00453
                  z   0.00656 -0.05496 -0.08059  0.01327  0.05013 -0.01922
 43   c           x  -0.00862  0.02300  0.04331  0.00674 -0.02712 -0.01362
                  y  -0.00877  0.01348  0.02003  0.00554 -0.01161 -0.00205
                  z  -0.02633  0.05756  0.03446  0.02717 -0.04988  0.02135
 44   c           x   0.00267  0.00270  0.00455  0.00304 -0.00478 -0.00119
                  y   0.00123  0.00084 -0.00375  0.00196  0.00119  0.00509
                  z   0.02391 -0.06729 -0.08352 -0.02405  0.06157  0.00907
 45   c           x   0.00073  0.00138  0.00536  0.00295 -0.00386 -0.00202
                  y   0.00607 -0.00176 -0.00932  0.00011  0.00287  0.00803
                  z   0.03454 -0.07618 -0.08792 -0.03307  0.05846  0.02457
 46   c           x   0.00163  0.00349  0.00366  0.00305 -0.00558  0.00005
                  y   0.00806 -0.00077 -0.01084  0.00008  0.00136  0.00818
                  z   0.00933 -0.03019 -0.03671 -0.01012  0.01894  0.00746
 47   c           x   0.00198  0.00127  0.00058  0.00140 -0.00341 -0.00045
                  y   0.00740  0.00076 -0.00998 -0.00070  0.00032  0.00737
                  z  -0.01174  0.01591 -0.00972  0.00516 -0.01321 -0.00569
 48   c           x   0.00495  0.00121 -0.00139  0.00062 -0.00294  0.00006
                  y   0.00449  0.00113 -0.00869 -0.00024  0.00049  0.00703
                  z  -0.00205 -0.00856 -0.02493 -0.02846  0.02801 -0.00291
 49   c           x   0.00547 -0.00030 -0.00161  0.00063 -0.00103  0.00069
                  y   0.00114  0.00064 -0.00507  0.00040  0.00120  0.00591
                  z   0.01599 -0.05105 -0.05800 -0.04521  0.06428  0.00778
 50   n           x   0.00263 -0.00265  0.00030 -0.00181  0.00111 -0.00244
                  y   0.00743  0.00182 -0.00686  0.00003 -0.00094  0.00297
                  z  -0.03929  0.08599  0.02159  0.04889 -0.08799 -0.00740
 51   c           x   0.00070 -0.00023 -0.00166  0.00052 -0.00133 -0.00005
                  y   0.01025 -0.00612 -0.00751 -0.00590  0.00692  0.00027
                  z  -0.01717  0.01862  0.00569  0.01917 -0.02169 -0.01056
 52   c           x  -0.00349 -0.00130  0.00232  0.00025  0.00032 -0.00327
                  y   0.00521 -0.00917 -0.00625 -0.00780  0.01002 -0.00102
                  z  -0.01715  0.03916 -0.01954  0.03904 -0.05101  0.01381
 53   c           x  -0.00367  0.00279  0.00002  0.00253 -0.00413 -0.00064
                  y   0.00330 -0.02018 -0.00323 -0.01298  0.02209 -0.00635
                  z   0.00961 -0.00904 -0.03237  0.01781 -0.00082  0.00534
 54   c           x  -0.00222  0.00621 -0.00647  0.00124 -0.00770  0.00764
                  y   0.00516 -0.02612  0.00059 -0.01596  0.02891 -0.01116
                  z   0.03745 -0.10156 -0.01101 -0.03749  0.10881 -0.04654
 55   n           x  -0.00030 -0.00678 -0.01372 -0.01256  0.00702  0.01202
                  y  -0.00740 -0.00369  0.00752  0.00288  0.00513 -0.00808
                  z   0.07217 -0.04979  0.00381  0.01583  0.04498 -0.07832
 56   c           x  -0.00703  0.00395 -0.00760  0.00664 -0.00068  0.00680
                  y  -0.03031  0.02905  0.01627  0.02730 -0.02750  0.00430
                  z  -0.01019  0.05577  0.00183 -0.01093 -0.08240  0.05539
 57   c           x   0.02355 -0.06154 -0.02047 -0.05260  0.06169 -0.00414
                  y  -0.00253 -0.00490  0.01161  0.00759  0.00419 -0.01726
                  z  -0.05987  0.09571 -0.09129 -0.00032 -0.04939  0.17443
 58   c           x   0.00237  0.01226 -0.00831  0.00550 -0.01493  0.00919
                  y   0.01102 -0.03273 -0.00275 -0.02118  0.03666 -0.01050
                  z   0.02290 -0.19832 -0.00146 -0.11647  0.22630 -0.05202
 59   c           x   0.00115  0.00580 -0.00450  0.00344 -0.00790  0.00430
                  y   0.01228 -0.01633 -0.00556 -0.01228  0.01806 -0.00314
                  z   0.00335 -0.08615  0.00645 -0.04680  0.09651 -0.02767
 60   s           x  -0.00026  0.00288  0.00068  0.00288 -0.00292  0.00367
                  y   0.00270  0.01823  0.00150  0.00868 -0.02209  0.00640
                  z  -0.03965  0.09098  0.04464  0.06274 -0.11602  0.00741
 61   h           x   0.01676 -0.02299 -0.01932 -0.02750  0.01706  0.03868
                  y   0.00743 -0.09433 -0.11645  0.03948  0.07200 -0.06718
                  z  -0.05014  0.17795  0.20282  0.00579 -0.13507  0.01709
 62   h           x  -0.01671  0.06258  0.05246  0.03839 -0.05206 -0.02647
                  y  -0.02815  0.10714  0.15729 -0.02717 -0.08627  0.03444
                  z  -0.04776  0.17752  0.20654 -0.00516 -0.13456  0.02934
 63   h           x  -0.00541  0.01924  0.02268  0.01510 -0.01867 -0.01371
                  y  -0.01517  0.01716  0.04179  0.00430 -0.01659 -0.01913
                  z  -0.03641  0.06472  0.02942  0.08034 -0.04583 -0.08470
 64   h           x  -0.01408  0.01900  0.03880  0.01659 -0.02341 -0.02131
                  y  -0.01387  0.01287  0.02651  0.01016 -0.01350 -0.01390
                  z  -0.07783  0.01028 -0.04216  0.13376  0.00141 -0.03581
 65   h           x  -0.04574 -0.02042 -0.01808  0.08547  0.01723 -0.06719
                  y   0.01255 -0.05572 -0.05595 -0.00252  0.05076 -0.02419
                  z  -0.01426  0.13440  0.12821 -0.02316 -0.12264  0.07373
 66   h           x   0.03182  0.08002  0.12885 -0.08481 -0.08786  0.04059
                  y  -0.02656  0.08811  0.09338  0.00746 -0.07634  0.03225
                  z  -0.01919  0.11247  0.09937 -0.00625 -0.10133  0.05788
 67   h           x  -0.00123  0.00071  0.00780  0.00316 -0.00363 -0.00444
                  y   0.00617 -0.00251 -0.01023 -0.00030  0.00311  0.00853
                  z   0.04071 -0.08946 -0.10333 -0.04354  0.06103  0.03674
 68   h           x   0.00803  0.00153 -0.00414 -0.00103 -0.00334  0.00143
                  y   0.00436  0.00201 -0.00821 -0.00074  0.00006  0.00700
                  z  -0.01806  0.01460 -0.00175 -0.03573  0.01796 -0.00797
 69   h           x   0.00690 -0.00223 -0.00549 -0.00062  0.00101  0.00178
                  y  -0.00077  0.00324  0.00046  0.00116 -0.00073  0.00475
                  z   0.01259 -0.05133 -0.04685 -0.06314  0.07726  0.01125
 70   h           x  -0.00859 -0.00824  0.00553 -0.00370  0.00809 -0.00660
                  y   0.00384 -0.00253 -0.00769 -0.00391  0.00259  0.00225
                  z  -0.04241  0.11477 -0.03368  0.08368 -0.13534  0.05121
 71   h           x  -0.00465  0.00067  0.00435  0.00300 -0.00169 -0.00560
                  y   0.00059 -0.01683 -0.00080 -0.00896  0.01819 -0.00691
                  z  -0.00238  0.04972 -0.06237  0.05433 -0.06820  0.05695
 72   h           x  -0.07743  0.05103 -0.06412  0.02680 -0.01054  0.13474
                  y  -0.21895  0.20559 -0.06841  0.01096 -0.17714  0.34289
                  z  -0.12155  0.16069 -0.04842 -0.02068 -0.17150  0.25561
 73   h           x  -0.00565 -0.00114 -0.01706 -0.00747  0.00452  0.02060
                  y  -0.02020  0.02620  0.03635  0.04687 -0.02817 -0.03693
                  z   0.19785 -0.11768  0.12742 -0.00706  0.03372 -0.33206
 74   h           x   0.05845 -0.03234  0.06354  0.01550  0.00147 -0.14543
                  y   0.13122 -0.11970  0.09192  0.04316  0.09706 -0.28612
                  z  -0.15023  0.18858 -0.06063 -0.02403 -0.19624  0.30594
 75   h           x   0.02292 -0.08191 -0.02361 -0.07239  0.08344 -0.00157
                  y  -0.02280  0.01053  0.02122  0.01865 -0.01142 -0.01313
                  z   0.08203  0.47679 -0.08732  0.39129 -0.46174  0.09725
 76   h           x  -0.10055 -0.36496 -0.04305 -0.38300  0.39904  0.09301
                  y   0.09449 -0.10177  0.07241  0.01900  0.06569 -0.18874
                  z  -0.17598 -0.03853 -0.13161 -0.19923  0.12018  0.30790
 77   h           x   0.16640  0.21330 -0.00550  0.25624 -0.24752 -0.10677
                  y  -0.07749  0.06390 -0.04990 -0.02017 -0.03204  0.13477
                  z  -0.17080 -0.00207 -0.13459 -0.16903  0.08309  0.31112
 78   h           x   0.01041  0.02352 -0.01250  0.01379 -0.02743  0.01187
                  y   0.01056 -0.04133 -0.00230 -0.02781  0.04660 -0.01153
                  z   0.01581 -0.30288  0.00417 -0.19902  0.34743 -0.06120

reduced mass(g/mol)    74.266    7.242   70.035   45.715    5.690   14.256


       mode             115      116      117      118      119      120

     frequency         140.51   140.94   142.85   144.09   145.33   146.71

     symmetry            a        a        a        a        a        a   

        IR               YES      YES      YES      YES      YES      YES
|dDIP/dQ|   (a.u.)     0.0006   0.0006   0.0004   0.0003   0.0002   0.0007
intensity (km/mol)       0.67     0.56     0.22     0.17     0.04     0.76
intensity (  %   )       0.26     0.22     0.09     0.07     0.02     0.30
 
       RAMAN             YES      YES      YES      YES      YES      YES
         (par,par)       0.63     6.11     3.77     3.61     7.30     0.59
         (ort,ort)       1.71     2.87     7.69     1.79     4.17     0.37
       (ort,unpol)       1.43     3.72     6.67     2.26     4.98     0.42
     depol. ratio        0.13     0.75     0.17     0.71     0.62     0.57
 
  1   ag          x   0.00578  0.02652 -0.01870 -0.00247 -0.00448 -0.00549
                  y  -0.01087 -0.00224 -0.01141 -0.00070 -0.00043 -0.00610
                  z   0.00140 -0.01245  0.00784 -0.00159  0.00112  0.00288
  2   ag          x  -0.04158 -0.04526  0.00723 -0.00184  0.00965 -0.00488
                  y  -0.04210  0.05158  0.00159 -0.04618  0.02002  0.00553
                  z   0.00857  0.00883  0.00247  0.01502 -0.00104 -0.00028
  3   ag          x   0.01518  0.01686  0.02981 -0.01539  0.00611  0.00858
                  y   0.01914  0.03107 -0.00258  0.00239  0.00682 -0.00870
                  z  -0.01058 -0.02759 -0.00714 -0.01333 -0.00748 -0.00034
  4   ag          x   0.04273  0.02343 -0.02608  0.02724 -0.01680  0.00246
                  y   0.01518 -0.05458 -0.00309  0.01334 -0.01058 -0.01163
                  z   0.00104  0.03056  0.00628  0.00946  0.00624  0.00220
  5   ag          x  -0.05500 -0.01959 -0.00113 -0.01082  0.01356 -0.00908
                  y   0.00460 -0.00075  0.00200 -0.00723 -0.00805  0.01198
                  z  -0.03629 -0.01661 -0.00717 -0.00951  0.00670 -0.00723
  6   ag          x  -0.01554  0.07883  0.01026 -0.03560  0.01067  0.01623
                  y   0.04049  0.00880  0.00943  0.02268 -0.01163  0.00373
                  z  -0.00304 -0.01581  0.00071  0.00805 -0.00084  0.00035
  7   ag          x   0.05595 -0.04317 -0.01839  0.03527 -0.01447 -0.02078
                  y  -0.00751 -0.05174 -0.00038  0.02565 -0.01656  0.00783
                  z   0.00940 -0.01168  0.00305  0.00395 -0.00645 -0.00090
  8   ag          x  -0.00952 -0.07141  0.00784  0.04093 -0.01176 -0.00500
                  y  -0.01334  0.01771  0.00677 -0.00732  0.00059  0.01332
                  z  -0.00529 -0.00889 -0.01670  0.01058  0.00437  0.00226
  9   ag          x  -0.04441  0.04233  0.00961 -0.05094  0.00361  0.02408
                  y  -0.01267  0.03384 -0.00225  0.00722  0.00969 -0.00187
                  z  -0.00382  0.00246  0.02417 -0.01307  0.00287  0.00043
 10   ag          x   0.03998  0.00076  0.00018  0.00894  0.00468 -0.00683
                  y   0.00742  0.01180  0.00166 -0.01390 -0.00288  0.00435
                  z   0.00884 -0.00194 -0.00398  0.00425  0.00268 -0.00324
 11   ag          x  -0.05262 -0.02929  0.02010 -0.00225  0.01225  0.00967
                  y  -0.00858 -0.01817  0.02546 -0.00953  0.00397  0.00461
                  z   0.03311  0.03578 -0.00498 -0.00918 -0.02107  0.00000
 12   ag          x   0.03040 -0.01588 -0.00494  0.00876  0.00241 -0.01015
                  y   0.05137  0.00278 -0.00584  0.02407 -0.00662 -0.00811
                  z  -0.00520  0.03704 -0.00530  0.01852  0.00444 -0.00271
 13   ag          x   0.02377  0.04400 -0.01181 -0.02579 -0.00409  0.00907
                  y  -0.03315 -0.04247 -0.00640 -0.01672  0.00645 -0.00069
                  z  -0.01351  0.01566 -0.02151 -0.02052 -0.01528 -0.00231
 14   ag          x  -0.04538  0.00321 -0.00215  0.01728  0.00407  0.00171
                  y  -0.00726  0.04357  0.01029 -0.01751  0.01883  0.00009
                  z  -0.00315 -0.00698  0.00468  0.00804  0.00004 -0.00044
 15   ag          x   0.02362 -0.02510  0.00123  0.01132 -0.00689 -0.00917
                  y   0.00052 -0.00520 -0.00523  0.03415  0.00035 -0.00588
                  z  -0.00650  0.00622  0.00961  0.00421 -0.00890 -0.00520
 16   ag          x   0.01411 -0.03753 -0.01560  0.01293 -0.00847 -0.00636
                  y  -0.02479 -0.05678 -0.02012  0.01921  0.00259 -0.00760
                  z  -0.01506 -0.01192  0.00325  0.01356  0.00683  0.00126
 17   ag          x  -0.01074  0.03012  0.00082 -0.00956  0.00478 -0.00377
                  y  -0.00001  0.04548  0.01448 -0.04423 -0.00088  0.00458
                  z   0.00480 -0.00857  0.01204 -0.01005  0.00276  0.00205
 18   ag          x  -0.03240  0.06077  0.01326 -0.00682  0.01399  0.01104
                  y   0.02144  0.01692 -0.01053  0.01965 -0.00534 -0.00734
                  z   0.01036 -0.01184 -0.00201  0.00823 -0.00027  0.00046
 19   ag          x   0.01826 -0.00917  0.00158  0.00040 -0.00442 -0.00168
                  y  -0.00539 -0.04403  0.00021  0.00350 -0.00530  0.00027
                  z  -0.00259 -0.01594  0.02482  0.03018 -0.02050 -0.00627
 20   ag          x   0.01560 -0.04965 -0.00342  0.01013 -0.01396 -0.00594
                  y  -0.02615  0.04255  0.00274 -0.03582  0.01443  0.01128
                  z   0.01363 -0.03265  0.00049  0.01819 -0.01485 -0.00815
 21   ag          x   0.01274  0.02794  0.00132 -0.00919 -0.00196 -0.00029
                  y   0.01858  0.07519 -0.00782 -0.00156 -0.00284  0.00475
                  z   0.01725  0.05202 -0.01066 -0.00561 -0.00420  0.00302
 22   ag          x  -0.00701 -0.02599  0.00107 -0.01809  0.00329  0.00615
                  y  -0.01614 -0.02519  0.00287  0.01555  0.00388  0.00434
                  z  -0.00225 -0.00872 -0.00261  0.00319  0.00244  0.00045
 23   ag          x   0.00183 -0.03791 -0.00595  0.04542 -0.00766 -0.01047
                  y   0.00887 -0.01538  0.00105 -0.00971 -0.00433 -0.00090
                  z   0.00012 -0.00182 -0.00044 -0.00598 -0.00245 -0.00020
 24   ag          x  -0.00561  0.03986  0.00346 -0.02647  0.00747  0.00839
                  y   0.04472 -0.05773 -0.00400  0.03213 -0.02305 -0.01251
                  z   0.02740 -0.05011 -0.00462  0.02013 -0.01629 -0.01062
 25   ag          x   0.00172 -0.00859  0.00204 -0.02940 -0.00240  0.00253
                  y   0.00670  0.00619  0.00197 -0.01449 -0.00077 -0.00033
                  z  -0.00007  0.01722 -0.01227 -0.00748 -0.00083 -0.00132
 26   ag          x   0.02290  0.08116  0.00513  0.06563  0.00646 -0.00069
                  y  -0.00161  0.04498 -0.01616  0.02095  0.00304  0.00084
                  z  -0.01033  0.00284 -0.00233 -0.00679  0.00597 -0.00061
 27   ag          x  -0.05191 -0.11547 -0.02665 -0.05885 -0.01992 -0.00810
                  y   0.00212  0.05187  0.00745 -0.01425 -0.01437 -0.00651
                  z   0.00602 -0.00730  0.00590 -0.00559  0.00442 -0.00183
 28   ag          x   0.04645  0.04171  0.02209  0.02213  0.01204  0.01169
                  y  -0.02396 -0.00398 -0.04183  0.00319 -0.00431 -0.00416
                  z   0.04454  0.00659 -0.00316  0.01435 -0.01356  0.00716
 29   ag          x  -0.03721 -0.04025 -0.02692  0.03756  0.01241  0.00257
                  y  -0.03385 -0.05882  0.00280  0.03669  0.01194  0.00173
                  z  -0.00901  0.00869 -0.00067 -0.00218  0.00603  0.00340
 30   ag          x   0.05922  0.02528  0.08454 -0.08289 -0.01846 -0.00478
                  y  -0.01109 -0.19894  0.00716 -0.06873 -0.00375  0.00315
                  z  -0.00115 -0.00152  0.01222 -0.01328  0.00015  0.00219
 31   ag          x  -0.02003  0.00212 -0.10347  0.08534  0.01277  0.00378
                  y   0.06329 -0.03203  0.07307  0.04789  0.05181  0.01691
                  z   0.00956 -0.00638 -0.00027  0.01407 -0.00032 -0.00312
 32   ag          x  -0.00730  0.00241  0.04827 -0.02822 -0.00711 -0.00132
                  y   0.00885 -0.01029  0.01318  0.00008 -0.00726 -0.00194
                  z  -0.00758  0.00544 -0.00468 -0.00437 -0.00215  0.00316
 33   ag          x   0.03943  0.00188 -0.02635 -0.05057 -0.03399 -0.00396
                  y   0.06679  0.13067  0.00003 -0.02905 -0.02599 -0.00480
                  z  -0.01334 -0.01240  0.01168 -0.00594  0.00704  0.00582
 34   ag          x  -0.01680  0.03263  0.05233  0.09968  0.05931  0.00881
                  y  -0.04739  0.13452 -0.09313  0.05649 -0.01797 -0.00426
                  z   0.00400 -0.01947  0.00556  0.01046  0.00049 -0.00140
 35   ag          x  -0.00619  0.00445 -0.04008 -0.08644 -0.04713 -0.01043
                  y  -0.05496  0.03015  0.00436 -0.04850 -0.02271 -0.00662
                  z   0.00298  0.00488  0.00506 -0.00691  0.00489  0.00157
 36   ag          x   0.00360 -0.00702  0.00819  0.03085  0.01489  0.00331
                  y  -0.00135  0.01765 -0.02368 -0.02496  0.00815 -0.00136
                  z  -0.00057  0.01634 -0.00907 -0.01157  0.01014  0.00317
 37   ag          x  -0.01468  0.01063 -0.01940  0.01372  0.00393  0.00039
                  y  -0.02525 -0.08379  0.03714  0.01513  0.02622  0.00138
                  z  -0.01558 -0.05537  0.00393  0.00900 -0.00058 -0.00769
 38   ag          x  -0.00369 -0.02893  0.03034 -0.01821 -0.00878 -0.00046
                  y   0.02769 -0.03878  0.00500 -0.02913 -0.00391 -0.00056
                  z  -0.00256  0.01415  0.00113  0.00028 -0.00400 -0.00205
 39   ag          x   0.00876  0.01484 -0.02082 -0.00295  0.01365  0.00178
                  y   0.01747 -0.01735  0.01336  0.04061  0.00843  0.00186
                  z  -0.00864  0.01437 -0.00406 -0.00684  0.00743  0.00266
 40   ag          x  -0.00399 -0.00035  0.01169  0.00251 -0.00121  0.00105
                  y  -0.01395  0.01759  0.00854 -0.00249  0.00302  0.00478
                  z  -0.04506  0.09074  0.00358 -0.03969  0.03142  0.01838
 41   c           x  -0.00736  0.00424  0.00258 -0.00260  0.00204 -0.01372
                  y  -0.01735  0.02106  0.01396  0.00830 -0.00427 -0.01320
                  z  -0.04787  0.01664  0.00872 -0.01339  0.02504 -0.07744
 42   n           x  -0.01124  0.01088  0.00992  0.00497 -0.00482 -0.00770
                  y  -0.00730  0.00712  0.00468  0.00422 -0.00353 -0.00130
                  z  -0.01949 -0.02051  0.02401  0.05857 -0.06243  0.09740
 43   c           x  -0.01388  0.03011  0.01116 -0.01019  0.01450 -0.04922
                  y  -0.00473  0.01166  0.00119 -0.00562  0.00716 -0.01904
                  z   0.02540  0.00431 -0.03011 -0.07629  0.07736 -0.11492
 44   c           x  -0.00378  0.00260  0.00364  0.00238 -0.00398  0.00052
                  y   0.00128 -0.00446 -0.00303  0.00129 -0.00336  0.00968
                  z   0.01652 -0.02802 -0.00363  0.03484 -0.03953  0.10453
 45   c           x  -0.00538  0.00361  0.00507  0.00552 -0.00697  0.00451
                  y   0.00337 -0.00874 -0.00504  0.00274 -0.00585  0.01678
                  z   0.01233 -0.04103 -0.00193  0.06596 -0.08011  0.16767
 46   c           x  -0.00287  0.00155  0.00251  0.00211 -0.00376  0.00152
                  y   0.00435 -0.00948 -0.00578  0.00073 -0.00382  0.01377
                  z  -0.00222 -0.01541  0.00494  0.03116 -0.04217  0.07122
 47   c           x  -0.00195  0.00015  0.00186  0.00112 -0.00290  0.00056
                  y   0.00495 -0.00926 -0.00638 -0.00270  0.00021  0.00632
                  z  -0.00501  0.00505  0.00200 -0.00931  0.00625 -0.02459
 48   c           x  -0.00102 -0.00105  0.00111  0.00002 -0.00161 -0.00117
                  y   0.00411 -0.00774 -0.00597 -0.00192 -0.00028  0.00773
                  z   0.02992  0.01313 -0.01854 -0.05007  0.06071 -0.06333
 49   c           x  -0.00043 -0.00073  0.00105  0.00024 -0.00205  0.00135
                  y   0.00293 -0.00601 -0.00468 -0.00021 -0.00181  0.00922
                  z   0.04639 -0.00570 -0.02593 -0.03531  0.04411 -0.00153
 50   n           x  -0.00162  0.00157  0.00238  0.00083 -0.00117 -0.00232
                  y   0.00187 -0.00586 -0.00358 -0.00233  0.00137 -0.00144
                  z  -0.02807  0.00457  0.00753 -0.01344  0.00502 -0.06109
 51   c           x  -0.00095 -0.00079  0.00108  0.00080 -0.00257  0.00173
                  y   0.00256 -0.00328 -0.00191 -0.00122  0.00248 -0.00384
                  z  -0.01454  0.00073  0.00819  0.00472 -0.00714 -0.02541
 52   c           x  -0.00259  0.00279  0.00305  0.00067 -0.00143 -0.00324
                  y   0.00275 -0.00318 -0.00134 -0.00029  0.00317 -0.00314
                  z  -0.01040 -0.03770  0.00009  0.02614 -0.03302  0.04775
 53   c           x  -0.00226 -0.00053  0.00162  0.00103 -0.00307  0.00083
                  y   0.00313  0.00263  0.00054 -0.00064  0.00659 -0.00826
                  z  -0.00036 -0.02741  0.00070  0.03237 -0.02816  0.06697
 54   c           x   0.00336 -0.01030 -0.00553 -0.00235 -0.00092  0.00917
                  y   0.00186  0.00850  0.00342 -0.00081  0.00834 -0.01583
                  z   0.00309  0.03726  0.01873  0.01472  0.01227 -0.02595
 55   n           x   0.01438 -0.01692 -0.01455 -0.01011  0.00999  0.00959
                  y  -0.00588  0.00824  0.00691  0.00401 -0.00206 -0.00788
                  z  -0.05864  0.07418  0.06727  0.05528 -0.03939 -0.04600
 56   c           x   0.00549 -0.00697 -0.00491 -0.00166 -0.00098  0.01316
                  y  -0.00800  0.00119  0.00374  0.00342 -0.01035  0.01029
                  z   0.02104 -0.06127 -0.04884 -0.03632  0.01980  0.03117
 57   c           x   0.02307 -0.01040 -0.01337 -0.01144  0.02563 -0.00833
                  y  -0.01566  0.01703  0.01717  0.01327 -0.01107 -0.01135
                  z   0.15204 -0.14968 -0.17030 -0.15116  0.12576  0.07082
 58   c           x   0.00126 -0.01118 -0.00488 -0.00056 -0.00447  0.01213
                  y   0.00544  0.00795  0.00102 -0.00365  0.01199 -0.01768
                  z   0.05423  0.04631 -0.01153 -0.03613  0.08409 -0.07831
 59   c           x  -0.00032 -0.00606 -0.00204  0.00043 -0.00359  0.00720
                  y   0.00425  0.00051 -0.00124 -0.00249  0.00597 -0.00834
                  z   0.01795  0.02422 -0.00099 -0.01529  0.03165 -0.04741
 60   s           x   0.00129 -0.00309 -0.00246 -0.00147 -0.00055  0.00296
                  y  -0.00213 -0.00486 -0.00279 -0.00320 -0.00118  0.00025
                  z  -0.03158  0.00435  0.01003 -0.00586 -0.01535 -0.01499
 61   h           x   0.07574 -0.00332 -0.04923 -0.08067  0.07728 -0.05508
                  y  -0.08815 -0.00878  0.08973  0.17475 -0.18204  0.21055
                  z  -0.01217  0.03870 -0.03526 -0.11689  0.13632 -0.22613
 62   h           x  -0.07569  0.00259  0.03988  0.05946 -0.05847  0.02063
                  y   0.05132  0.05152 -0.05879 -0.15322  0.16873 -0.23183
                  z   0.01260  0.04114 -0.05269 -0.14817  0.16884 -0.25621
 63   h           x  -0.02745  0.01038  0.01819  0.01878 -0.01812 -0.00134
                  y  -0.01923  0.03348  0.01524 -0.00131  0.00828 -0.03779
                  z  -0.17791 -0.00406  0.11059  0.18372 -0.17856  0.13312
 64   h           x  -0.01696  0.03332  0.01703 -0.01225  0.01638 -0.05957
                  y  -0.01117  0.02349  0.00960 -0.00834  0.01184 -0.03859
                  z   0.00757  0.00547  0.01553 -0.09292  0.08542 -0.18027
 65   h           x  -0.03583  0.03587  0.05496 -0.01184  0.01092 -0.09064
                  y  -0.03119 -0.01072  0.03280  0.07850 -0.08167  0.11918
                  z   0.05794  0.01478 -0.08179 -0.13020  0.13811 -0.17648
 66   h           x   0.00848  0.03621 -0.03578 -0.01853  0.03127 -0.03079
                  y   0.03024  0.02000 -0.04089 -0.09447  0.09889 -0.14895
                  z   0.04886  0.01082 -0.06669 -0.11653  0.12228 -0.16238
 67   h           x  -0.00795  0.00603  0.00740  0.00793 -0.00883  0.00479
                  y   0.00311 -0.00972 -0.00490  0.00469 -0.00812  0.02076
                  z   0.00940 -0.05745 -0.00104  0.10206 -0.12071  0.23943
 68   h           x   0.00167 -0.00302 -0.00095 -0.00297  0.00110 -0.00339
                  y   0.00506 -0.00731 -0.00674 -0.00404  0.00217  0.00440
                  z   0.04613  0.03049 -0.03221 -0.09900  0.11967 -0.15005
 69   h           x   0.00181 -0.00317 -0.00056 -0.00086 -0.00081  0.00176
                  y   0.00171 -0.00227 -0.00379 -0.00167  0.00007  0.00508
                  z   0.07826  0.00451 -0.04718 -0.08767  0.10784 -0.07033
 70   h           x  -0.00235  0.00655  0.00432 -0.00023  0.00160 -0.00839
                  y   0.00255 -0.00733 -0.00271  0.00032  0.00107  0.00186
                  z  -0.01217 -0.08624 -0.01591  0.03301 -0.05579  0.10536
 71   h           x  -0.00544  0.00502  0.00573  0.00298 -0.00421 -0.00469
                  y   0.00092  0.00299  0.00233  0.00192  0.00355 -0.00526
                  z   0.01395 -0.08784 -0.02875  0.03735 -0.04736  0.16184
 72   h           x   0.11945 -0.11366 -0.12518 -0.09480  0.07664  0.13797
                  y   0.25267 -0.30972 -0.30711 -0.24146  0.17739  0.27312
                  z   0.17495 -0.24516 -0.23260 -0.18111  0.13067  0.18591
 73   h           x   0.02090 -0.02276 -0.02159 -0.01536  0.01354  0.01920
                  y  -0.04748  0.04278  0.04739  0.03859 -0.04333 -0.01651
                  z  -0.29641  0.28577  0.31272  0.24839 -0.20754 -0.28873
 74   h           x  -0.13471  0.12853  0.14513  0.11648 -0.10518 -0.11950
                  y  -0.23294  0.26934  0.27146  0.21372 -0.17244 -0.21626
                  z   0.21278 -0.29193 -0.27866 -0.21726  0.15800  0.22381
 75   h           x   0.03631 -0.01666 -0.02294 -0.02105  0.04072 -0.01135
                  y  -0.01700  0.01553  0.01633  0.01234 -0.01338 -0.00632
                  z  -0.14163 -0.00317  0.04852  0.07102 -0.20509  0.11590
 76   h           x   0.29650 -0.16128 -0.22763 -0.22453  0.32418 -0.03113
                  y  -0.16100  0.16917  0.17909  0.15443 -0.12531 -0.09018
                  z   0.37688 -0.30621 -0.36806 -0.33887  0.35142  0.09268
 77   h           x  -0.24399  0.14064  0.19920  0.19982 -0.26413  0.00726
                  y   0.12052 -0.12258 -0.13116 -0.11557  0.09794  0.05566
                  z   0.36109 -0.30363 -0.35928 -0.32828  0.33044  0.10097
 78   h           x  -0.00252 -0.01396 -0.00335  0.00340 -0.01171  0.01732
                  y   0.00907  0.00899 -0.00088 -0.00704  0.01757 -0.02098
                  z   0.10204  0.05568 -0.03782 -0.07984  0.15406 -0.11579

reduced mass(g/mol)     9.616   24.639    7.519   11.957    4.002    2.859


       mode             121      122      123      124      125      126

     frequency         149.75   151.84   155.05   156.58   159.36   161.92

     symmetry            a        a        a        a        a        a   

        IR               YES      YES      YES      YES      YES      YES
|dDIP/dQ|   (a.u.)     0.0002   0.0001   0.0004   0.0004   0.0003   0.0003
intensity (km/mol)       0.04     0.00     0.33     0.27     0.14     0.15
intensity (  %   )       0.02     0.00     0.13     0.10     0.06     0.06
 
       RAMAN             YES      YES      YES      YES      YES      YES
         (par,par)       0.29     0.69     0.05     0.09     0.04     0.09
         (ort,ort)       0.15     0.32     0.13     0.07     0.02     0.22
       (ort,unpol)       0.19     0.42     0.11     0.07     0.02     0.19
     depol. ratio        0.67     0.75     0.15     0.47     0.75     0.14
 
  1   ag          x   0.04969  0.11978 -0.00914 -0.00349  0.03219  0.09126
                  y   0.01285  0.08650 -0.00188  0.00426  0.01973  0.04215
                  z  -0.01601 -0.04702 -0.00501 -0.00588 -0.01210 -0.02713
  2   ag          x  -0.06319 -0.03797  0.00388  0.00844 -0.02868 -0.11824
                  y   0.01892  0.17797 -0.08291 -0.03981  0.01543  0.04456
                  z  -0.00136 -0.02012  0.00690 -0.00082 -0.00079  0.00143
  3   ag          x  -0.07822 -0.07158 -0.11028 -0.00810 -0.01219  0.04855
                  y  -0.10475  0.02193 -0.07752  0.08187 -0.04158 -0.04274
                  z   0.02539  0.00344  0.01933 -0.01015  0.00645  0.00327
  4   ag          x   0.13232  0.10413  0.19692  0.00180 -0.04080  0.01446
                  y  -0.10567  0.02706  0.07616 -0.02368 -0.06795  0.03252
                  z   0.03108  0.00295 -0.01480  0.01180  0.01991 -0.00924
  5   ag          x  -0.07156 -0.08756 -0.14105 -0.02037  0.09306 -0.02524
                  y   0.04153  0.03202  0.02778 -0.08726 -0.15871  0.02078
                  z  -0.03383 -0.04032 -0.06034  0.00129  0.04825 -0.01406
  6   ag          x   0.07402  0.06376 -0.04381 -0.07423 -0.00329  0.03477
                  y  -0.02216 -0.16837  0.02114  0.01674 -0.03250 -0.06906
                  z  -0.01031 -0.00749  0.00437  0.00621  0.00080 -0.00438
  7   ag          x  -0.13305 -0.15413  0.04595  0.17409 -0.01595 -0.11395
                  y   0.11019 -0.16178  0.19444 -0.04491 -0.01238 -0.01160
                  z  -0.00943 -0.01472  0.00074  0.00395  0.00496  0.00566
  8   ag          x   0.00853  0.01197  0.11058 -0.16295  0.02778  0.09833
                  y   0.15544 -0.04655  0.07684 -0.07696  0.15350  0.04894
                  z   0.01704  0.01061 -0.00529  0.00690 -0.00520 -0.00860
  9   ag          x   0.16457  0.00863 -0.19606  0.01891 -0.13650 -0.04762
                  y   0.05356 -0.06967 -0.19556  0.03460  0.22260 -0.08255
                  z  -0.00817 -0.01120 -0.01908  0.00832  0.00730 -0.00407
 10   ag          x  -0.08454  0.03866  0.14160  0.09258  0.11395  0.01188
                  y   0.07736  0.02931  0.01108  0.21460  0.05606 -0.00840
                  z  -0.01592  0.00270  0.01436  0.00074  0.01250  0.00271
 11   ag          x   0.09928 -0.08746  0.10141 -0.07759 -0.05366 -0.04434
                  y  -0.04459 -0.04757 -0.02368 -0.02610  0.00858 -0.02028
                  z  -0.03204  0.02985 -0.01709  0.01973  0.02252  0.01908
 12   ag          x  -0.11341  0.04289 -0.15812  0.04550  0.14915  0.10983
                  y   0.05886 -0.06254 -0.08691  0.05506 -0.06107  0.03144
                  z  -0.01325  0.02686  0.00987 -0.00546  0.00193 -0.00225
 13   ag          x   0.04185  0.14861  0.05782  0.05383  0.01240 -0.10775
                  y  -0.01193  0.09459 -0.02371  0.06349 -0.01568 -0.02349
                  z  -0.00654 -0.01497  0.00033 -0.00033 -0.01356 -0.00310
 14   ag          x   0.00478 -0.14681 -0.08690  0.07741 -0.12667  0.04870
                  y  -0.12904 -0.00550  0.14253 -0.00852  0.05560  0.02902
                  z  -0.01169  0.00104  0.00216 -0.00516 -0.01021  0.00700
 15   ag          x  -0.04533  0.04599  0.03112 -0.16906  0.01435 -0.00791
                  y  -0.02174 -0.12346 -0.09598 -0.12244 -0.05282  0.01028
                  z  -0.00630  0.02611  0.01884 -0.00640  0.00709 -0.00364
 16   ag          x   0.04913  0.02787 -0.01820  0.17899 -0.07068  0.02918
                  y  -0.08896  0.19284 -0.03520  0.11367  0.01866  0.04051
                  z  -0.01943  0.02077  0.01197 -0.03283  0.02977  0.00339
 17   ag          x  -0.09863  0.08906 -0.01598 -0.28607  0.08280 -0.05011
                  y  -0.06495  0.13765 -0.05889 -0.01737 -0.19001  0.00469
                  z   0.00224 -0.01291  0.01640 -0.02213  0.01702 -0.00620
 18   ag          x  -0.00509 -0.12950  0.06146  0.04567 -0.02634  0.00957
                  y  -0.08337 -0.02365 -0.02183 -0.15426 -0.18611 -0.04322
                  z   0.01235 -0.01249 -0.00700  0.01407 -0.00196  0.00456
 19   ag          x   0.01648 -0.06719  0.06595  0.16652 -0.01935  0.06632
                  y  -0.07082  0.03520  0.15476 -0.08083 -0.03259  0.06091
                  z   0.02085  0.03243 -0.01378  0.01381  0.00963 -0.00916
 20   ag          x   0.03850  0.11725 -0.08948 -0.07802  0.02985 -0.05186
                  y  -0.02656  0.00643  0.09094  0.09385  0.00898  0.01390
                  z   0.03155  0.03515 -0.04908 -0.03780  0.00658 -0.01620
 21   ag          x  -0.00119 -0.04992 -0.08569 -0.02020 -0.06951  0.04552
                  y   0.02389 -0.12767  0.05901 -0.17501  0.12550 -0.03920
                  z   0.00615 -0.05620  0.01078 -0.07146  0.03545 -0.01047
 22   ag          x  -0.01256  0.13447  0.18841  0.04043  0.05693 -0.13482
                  y   0.07503 -0.09030  0.03957  0.11347  0.08707  0.02055
                  z   0.01112 -0.01363  0.00693  0.00946  0.01163  0.00162
 23   ag          x   0.02296 -0.14882 -0.11627 -0.04763  0.00480  0.14015
                  y   0.07842  0.01651 -0.04561  0.10244  0.07293  0.00841
                  z   0.01215  0.01161  0.00042  0.02055  0.01071 -0.00755
 24   ag          x   0.00115  0.04915  0.03051  0.04164  0.01288 -0.05627
                  y   0.09656  0.07286 -0.15493 -0.07501  0.02432 -0.07036
                  z   0.04302  0.03501 -0.06555 -0.03935  0.00688 -0.02120
 25   ag          x  -0.00009 -0.00229 -0.01831 -0.01121 -0.00135 -0.00097
                  y  -0.00558 -0.00355 -0.00810 -0.00993 -0.00261 -0.00598
                  z   0.02374  0.07546 -0.00388  0.00399  0.01746  0.04097
 26   ag          x  -0.00780 -0.00828  0.01238  0.03135 -0.00422 -0.00669
                  y  -0.00033  0.00844 -0.00475 -0.00014 -0.00344  0.00134
                  z  -0.01637  0.02674 -0.01255  0.00723 -0.00476 -0.02010
 27   ag          x  -0.01815 -0.01295  0.01487 -0.03192  0.00338  0.00688
                  y  -0.01141  0.00236  0.01189  0.00692 -0.00347 -0.00019
                  z  -0.07534 -0.02243 -0.03853  0.00065 -0.02050  0.00143
 28   ag          x   0.04288  0.02797  0.01320  0.00143 -0.03299  0.00263
                  y  -0.01647 -0.00570 -0.00873 -0.00642  0.00208 -0.00193
                  z   0.03901  0.06169  0.10671 -0.02031 -0.08797  0.02642
 29   ag          x   0.00439  0.00873  0.01319  0.00345 -0.00733 -0.00965
                  y   0.00878 -0.00867  0.02910  0.00541 -0.00664 -0.00923
                  z   0.02805  0.00323  0.00389 -0.01424 -0.00632  0.00366
 30   ag          x  -0.01829 -0.02455 -0.00920  0.00300  0.01829  0.01303
                  y   0.02472 -0.02070  0.01406 -0.02181  0.00957  0.00149
                  z  -0.00387 -0.01220  0.00382  0.00452  0.01027 -0.00383
 31   ag          x   0.01460  0.02556 -0.00596  0.00702 -0.00054 -0.01647
                  y   0.04163  0.03018 -0.02561  0.00966  0.00292 -0.00783
                  z  -0.00626 -0.01242  0.02282 -0.01939  0.03309  0.01141
 32   ag          x  -0.01011 -0.01302  0.00867  0.00104 -0.00210  0.00655
                  y   0.00031 -0.00623  0.00275  0.00945  0.01651 -0.00548
                  z   0.04446 -0.00368 -0.04206  0.00605 -0.01149 -0.00873
 33   ag          x   0.00692 -0.01851 -0.00675  0.01715  0.00660  0.00892
                  y  -0.00999 -0.02556 -0.02898  0.01072  0.00810  0.01395
                  z   0.06002 -0.08118  0.02773 -0.02567 -0.03627 -0.02421
 34   ag          x  -0.00804  0.06722 -0.00288 -0.00978 -0.00667 -0.00520
                  y  -0.00780 -0.00254  0.00392  0.00290 -0.00832 -0.00568
                  z  -0.00013 -0.02161 -0.01758  0.00912  0.02367  0.01505
 35   ag          x  -0.00892 -0.05223  0.01164 -0.00129  0.00934  0.00032
                  y  -0.02252 -0.02680  0.01163 -0.00660  0.00130  0.01666
                  z   0.00581  0.03026  0.01468  0.00958  0.03449 -0.00953
 36   ag          x   0.00600  0.00346 -0.01100  0.00091 -0.00877  0.00572
                  y  -0.01196 -0.01307 -0.00479 -0.00701  0.00044  0.00162
                  z   0.00956 -0.04196 -0.03158  0.02744 -0.00821 -0.00110
 37   ag          x  -0.00552  0.00474 -0.00677 -0.00644 -0.00811 -0.00105
                  y  -0.01451  0.06105 -0.00759  0.02549 -0.02156  0.00353
                  z   0.00116  0.07484 -0.03859  0.13860 -0.07842  0.02438
 38   ag          x   0.00496 -0.01033  0.01874  0.00154  0.01167  0.00104
                  y   0.00697 -0.00883  0.00000  0.01012 -0.00161 -0.00191
                  z  -0.02602  0.03455 -0.01461 -0.03612 -0.01612 -0.00661
 39   ag          x  -0.00852 -0.00816 -0.00237 -0.01610 -0.00536  0.00402
                  y   0.00554  0.01604 -0.00512  0.00162 -0.00777 -0.00211
                  z  -0.03625 -0.01038  0.01762 -0.05228 -0.02155 -0.00012
 40   ag          x  -0.00029 -0.00247  0.00207  0.01272  0.00340 -0.00312
                  y  -0.01835 -0.00520  0.02622  0.01011  0.00020  0.00608
                  z  -0.08031 -0.08035  0.13543  0.08949 -0.01761  0.04782
 41   c           x   0.01476 -0.00815  0.01060  0.00802 -0.00373 -0.00322
                  y   0.01471  0.00294  0.01289 -0.01027 -0.00207  0.00504
                  z   0.07240 -0.02657  0.06210  0.01150 -0.02705 -0.01822
 42   n           x   0.01034 -0.00055  0.00729  0.00014  0.00091  0.00434
                  y   0.00196  0.00183  0.00537 -0.00207  0.00344  0.00371
                  z  -0.08720  0.05244 -0.02808 -0.00612  0.07863  0.06046
 43   c           x   0.05021 -0.01295  0.01789 -0.00440 -0.03397 -0.01733
                  y   0.01860 -0.00478  0.00948  0.00022 -0.01112 -0.00630
                  z   0.10990 -0.02670  0.03963  0.02488 -0.07010 -0.03526
 44   c           x   0.00190 -0.00200 -0.00150  0.00274 -0.00046 -0.00048
                  y  -0.00942  0.00215 -0.00307  0.00375  0.00665  0.00120
                  z  -0.09596  0.01517 -0.09150 -0.00647  0.00398 -0.02303
 45   c           x  -0.00185 -0.00148 -0.00331  0.00278  0.00076 -0.00003
                  y  -0.01681  0.00286 -0.01118  0.00826  0.00423 -0.00454
                  z  -0.15839  0.01278 -0.15406  0.02800 -0.02062 -0.07035
 46   c           x   0.00103 -0.00108 -0.00101  0.00350  0.00096  0.00126
                  y  -0.01375  0.00364 -0.00938  0.00925  0.00348 -0.00397
                  z  -0.06404  0.01557 -0.06083  0.02248 -0.00682 -0.01712
 47   c           x   0.00202 -0.00053  0.00048  0.00229  0.00136  0.00246
                  y  -0.00694  0.00307 -0.00349  0.00845  0.00391 -0.00128
                  z   0.03106  0.01369  0.01752  0.01137  0.00792  0.02657
 48   c           x   0.00332 -0.00072  0.00005  0.00311 -0.00001  0.00094
                  y  -0.00758  0.00224 -0.00303  0.00615  0.00454 -0.00051
                  z   0.06812 -0.00863  0.00007 -0.03714 -0.02941 -0.00010
 49   c           x   0.00092 -0.00045 -0.00240  0.00161  0.00055  0.00058
                  y  -0.00940  0.00138 -0.00371  0.00441  0.00552  0.00011
                  z   0.00545 -0.01474 -0.05320 -0.04896 -0.04014 -0.03381
 50   n           x   0.00456 -0.00061  0.00009 -0.00227 -0.00202  0.00069
                  y   0.00017  0.00450  0.00100  0.00600  0.00255 -0.00061
                  z   0.07073  0.01649  0.07500  0.04459  0.03135  0.05430
 51   c           x   0.00046  0.00076  0.00014  0.00088  0.00159  0.00318
                  y   0.00234  0.00281  0.00019 -0.00070 -0.00159 -0.00328
                  z   0.01809  0.01961  0.05149  0.02290  0.01823  0.02826
 52   c           x   0.00507  0.00086  0.00435 -0.00255  0.00075  0.00573
                  y   0.00171  0.00101  0.00060 -0.00571 -0.00223 -0.00174
                  z  -0.05848  0.00741 -0.00102  0.05022  0.02520 -0.00307
 53   c           x   0.00147  0.00207  0.00387  0.00121  0.00367  0.00582
                  y   0.00587 -0.00093  0.00063 -0.01505 -0.00665 -0.00085
                  z  -0.08807 -0.00731 -0.04616  0.01752 -0.00292 -0.03732
 54   c           x  -0.00480 -0.00067 -0.00079  0.00272  0.00509  0.00424
                  y   0.01190 -0.00028  0.00467 -0.01969 -0.00904  0.00085
                  z  -0.01193  0.00023  0.00632 -0.05153 -0.02760 -0.01501
 55   n           x  -0.00296 -0.00626 -0.00282 -0.00616  0.00241  0.00444
                  y   0.00483  0.00402  0.00615 -0.00840 -0.00264  0.00381
                  z   0.00154  0.02720  0.01064 -0.00945 -0.02291 -0.02073
 56   c           x  -0.01605  0.00065 -0.00034 -0.00381  0.00396  0.00015
                  y  -0.01056  0.00502  0.00469  0.00347  0.00628  0.00577
                  z   0.02516 -0.03598 -0.02485  0.02307  0.00982  0.02392
 57   c           x   0.01183 -0.01237 -0.00530 -0.03149 -0.01086  0.00234
                  y   0.00346  0.00971  0.00790 -0.00272 -0.00250  0.00082
                  z  -0.00984 -0.07107 -0.00202 -0.07246  0.01509  0.04727
 58   c           x  -0.00739  0.00012 -0.00459  0.00963  0.00580  0.00049
                  y   0.01243 -0.00043  0.00460 -0.02192 -0.01015 -0.00105
                  z   0.04140 -0.01644  0.04822 -0.13155 -0.04645  0.01822
 59   c           x  -0.00402 -0.00028 -0.00244  0.00535  0.00384  0.00260
                  y   0.00537  0.00204  0.00094 -0.00834 -0.00513 -0.00449
                  z   0.02836  0.00806  0.04552 -0.05240 -0.01956  0.01724
 60   s           x  -0.00216 -0.00086  0.00220  0.00284  0.00555  0.00623
                  y   0.00318 -0.00120  0.00153  0.01061 -0.00483 -0.00467
                  z   0.03153 -0.00028  0.03534  0.03660 -0.02791  0.00471
 61   h           x   0.05526 -0.05522 -0.04305 -0.00829 -0.10290 -0.08968
                  y  -0.19478  0.13678 -0.01035 -0.00095  0.22609  0.18766
                  z   0.21147 -0.11074  0.08707  0.00733 -0.16839 -0.12929
 62   h           x  -0.02041  0.02573  0.05914  0.03286  0.08151  0.06560
                  y   0.21858 -0.12722  0.03537 -0.01986 -0.22427 -0.17231
                  z   0.23934 -0.13360  0.07706  0.00220 -0.21188 -0.16551
 63   h           x   0.00375  0.00673  0.02002  0.00615  0.02016  0.01979
                  y   0.03883 -0.00485  0.01951 -0.01800 -0.02193 -0.00605
                  z  -0.12600  0.11621  0.09391  0.03762  0.23887  0.19759
 64   h           x   0.06290 -0.00222  0.04323 -0.01358 -0.00934  0.01927
                  y   0.03970  0.00102  0.03101 -0.01198 -0.00370  0.01456
                  z   0.19931  0.08799  0.28422 -0.04901  0.21071  0.35099
 65   h           x   0.11076  0.08173  0.20649 -0.06983  0.19252  0.28844
                  y  -0.11035  0.04537 -0.03131 -0.01589  0.08992  0.05909
                  z   0.15178 -0.12654 -0.06631  0.08175 -0.29595 -0.29379
 66   h           x   0.00928 -0.12459 -0.18293  0.06406 -0.30591 -0.36840
                  y   0.13690 -0.06442  0.03472  0.02969 -0.12351 -0.09143
                  z   0.14423 -0.09582 -0.02902  0.06559 -0.22518 -0.20960
 67   h           x  -0.00212 -0.00117 -0.00231  0.00037  0.00143  0.00103
                  y  -0.02065  0.00259 -0.01447  0.00930  0.00342 -0.00675
                  z  -0.22836  0.00555 -0.22400  0.05383 -0.04952 -0.12577
 68   h           x   0.00425 -0.00158 -0.00194  0.00562 -0.00260 -0.00187
                  y  -0.00466  0.00142 -0.00207  0.00588  0.00322 -0.00100
                  z   0.15095 -0.02917  0.03851 -0.05685 -0.05538 -0.00106
 69   h           x   0.00036 -0.00130 -0.00207  0.00166  0.00096  0.00047
                  y  -0.00509  0.00069 -0.00351  0.00227  0.00264 -0.00116
                  z   0.07105 -0.05025 -0.03903 -0.08712 -0.08724 -0.06262
 70   h           x   0.00940 -0.00056  0.00774 -0.01016  0.00015  0.00961
                  y  -0.00220  0.00082 -0.00162 -0.00092 -0.00019 -0.00240
                  z  -0.10339  0.00353 -0.02404  0.10118  0.05099 -0.00580
 71   h           x   0.00540  0.00416  0.00799  0.00046  0.00306  0.00725
                  y   0.00262 -0.00109 -0.00179 -0.01347 -0.00689 -0.00212
                  z  -0.16865 -0.02997 -0.11601  0.04509  0.00388 -0.06708
 72   h           x  -0.11735 -0.07502 -0.07892 -0.08748 -0.01104 -0.01737
                  y  -0.12038 -0.18225 -0.15545 -0.08963  0.01556  0.02961
                  z  -0.03880 -0.14616 -0.11879 -0.03125  0.01568  0.03841
 73   h           x  -0.01247 -0.01076 -0.00906 -0.01266  0.00097  0.00187
                  y  -0.00515  0.03333  0.02850  0.02493  0.01111  0.00353
                  z   0.20086  0.18464  0.17644  0.18167  0.01977  0.02182
 74   h           x   0.07361  0.09944  0.09527  0.09366  0.02557  0.01258
                  y   0.08461  0.16481  0.14194  0.08520 -0.00170 -0.01438
                  z  -0.05183 -0.17285 -0.14126 -0.04330  0.01792  0.04315
 75   h           x   0.01791 -0.02102 -0.00435 -0.04543 -0.01418  0.00812
                  y  -0.00030  0.00900  0.01339  0.00497  0.00349  0.00801
                  z  -0.13052  0.12969 -0.05943  0.20196  0.05597 -0.12981
 76   h           x   0.10995 -0.19247  0.03967 -0.27173 -0.04219  0.15553
                  y   0.01232  0.07798  0.01006  0.03953 -0.03057 -0.05103
                  z   0.04402 -0.20700  0.02336 -0.23128  0.00946  0.16024
 77   h           x  -0.07943  0.16503 -0.05281  0.19544  0.01422 -0.15217
                  y   0.00164 -0.05254  0.00004 -0.05152  0.01794  0.04436
                  z   0.03386 -0.19414  0.01792 -0.21073  0.01477  0.14852
 78   h           x  -0.01262  0.00440 -0.00874  0.02049  0.00851 -0.00567
                  y   0.01573 -0.00294  0.00633 -0.02868 -0.01206  0.00097
                  z   0.07884 -0.04862  0.06867 -0.21175 -0.06859  0.04298

reduced mass(g/mol)    35.549   54.816   58.651   58.215   39.752   20.848


       mode             127      128      129      130      131      132

     frequency         162.64   164.93   165.53   167.60   172.03   174.28

     symmetry            a        a        a        a        a        a   

        IR               YES      YES      YES      YES      YES      YES
|dDIP/dQ|   (a.u.)     0.0005   0.0002   0.0003   0.0003   0.0004   0.0002
intensity (km/mol)       0.53     0.05     0.15     0.19     0.26     0.11
intensity (  %   )       0.21     0.02     0.06     0.07     0.10     0.04
 
       RAMAN             YES      YES      YES      YES      YES      YES
         (par,par)       0.01     0.04     0.02     0.02     0.14     0.02
         (ort,ort)       0.01     0.05     0.01     0.01     0.08     0.01
       (ort,unpol)       0.01     0.05     0.01     0.01     0.09     0.01
     depol. ratio        0.47     0.25     0.63     0.64     0.61     0.62
 
  1   ag          x  -0.01229  0.01845 -0.05224  0.06318 -0.01566  0.11525
                  y  -0.00722  0.02615  0.03284 -0.01582 -0.00112  0.07869
                  z   0.00335 -0.00763  0.01156 -0.01178  0.00373 -0.03095
  2   ag          x   0.00957  0.02702  0.23934 -0.20857  0.06362 -0.13643
                  y  -0.00645  0.02720  0.07907 -0.02678  0.07430 -0.01067
                  z  -0.00045 -0.00499 -0.01998  0.02156 -0.00428  0.00553
  3   ag          x   0.00290 -0.04962 -0.26453  0.22387  0.00329  0.04292
                  y   0.00379  0.00587 -0.00229 -0.05893  0.02337 -0.00164
                  z  -0.00234  0.00416  0.01128  0.00028 -0.00619  0.00037
  4   ag          x  -0.00552  0.01849  0.13155 -0.15104 -0.05857  0.01208
                  y   0.00022 -0.03095 -0.00405  0.07432  0.05720 -0.01753
                  z  -0.00099  0.00836  0.00705 -0.01400 -0.00940 -0.00070
  5   ag          x   0.00010  0.01959 -0.02117  0.07508  0.01718 -0.02190
                  y  -0.00121  0.05085 -0.06388 -0.05856 -0.05066 -0.00008
                  z  -0.00104  0.00015 -0.00242  0.02919  0.00727 -0.00703
  6   ag          x   0.00223 -0.04369 -0.10117  0.12137  0.04077 -0.12652
                  y   0.01579 -0.06063 -0.12978  0.05202 -0.02881 -0.16601
                  z   0.00017  0.00543  0.01682 -0.01519  0.00005  0.01055
  7   ag          x   0.00749  0.02542  0.01143 -0.16872 -0.15856  0.11514
                  y   0.00848 -0.07746 -0.19372  0.18652 -0.16171  0.02285
                  z  -0.00043  0.00444  0.00236  0.00221  0.00833  0.00656
  8   ag          x  -0.00747 -0.02475  0.11091  0.21170  0.15844 -0.06090
                  y  -0.01154  0.06305  0.12155 -0.09631 -0.17052  0.07499
                  z  -0.00092  0.00265 -0.00446 -0.00603 -0.00175 -0.00338
  9   ag          x   0.00525  0.04668 -0.18155 -0.18415 -0.05930  0.02878
                  y   0.00442  0.03281  0.03488  0.06843  0.04568 -0.04628
                  z  -0.00088 -0.00129 -0.01145 -0.00048 -0.00360  0.00482
 10   ag          x  -0.00051 -0.08259  0.08983  0.03653  0.03755  0.00548
                  y   0.00604 -0.15437  0.05479 -0.05445  0.10231  0.08291
                  z  -0.00018 -0.00080  0.01032  0.00977 -0.00096 -0.00597
 11   ag          x   0.00117 -0.01432  0.10099  0.00903  0.03716  0.04234
                  y  -0.00391  0.05470  0.21893 -0.15676  0.07757  0.11830
                  z   0.00538  0.00705 -0.01887 -0.00733 -0.01107 -0.00323
 12   ag          x  -0.01435  0.06576 -0.08168 -0.12668 -0.03667  0.06149
                  y  -0.00581  0.03321  0.00326  0.00481  0.30973 -0.06067
                  z   0.00237 -0.00660 -0.00264  0.00570 -0.01915 -0.00365
 13   ag          x   0.01079 -0.01034  0.04540  0.06673 -0.01724 -0.15265
                  y   0.00449 -0.07253 -0.18692 -0.12884 -0.00267 -0.01866
                  z  -0.00112 -0.00136  0.00174  0.00450 -0.00319  0.00525
 14   ag          x   0.00372 -0.10015  0.10541  0.09816  0.03837  0.18192
                  y  -0.00320  0.00455  0.07904  0.10262 -0.12665 -0.04577
                  z  -0.00035 -0.00197 -0.00341 -0.00046  0.00434  0.00592
 15   ag          x  -0.00569  0.11653 -0.08855 -0.05770 -0.04144 -0.09604
                  y  -0.00328  0.16034  0.04242  0.19528 -0.09702 -0.04401
                  z  -0.00168 -0.00240 -0.01855 -0.03436  0.00472 -0.00479
 16   ag          x  -0.00193  0.04358 -0.04557  0.04485  0.02906 -0.04613
                  y   0.00202  0.00999 -0.10090  0.04578 -0.13631 -0.02161
                  z   0.00581 -0.00365 -0.00893 -0.01043 -0.01438  0.00852
 17   ag          x   0.00472 -0.12451  0.03808 -0.00359 -0.05815  0.05078
                  y   0.01355 -0.03335  0.22438  0.10549 -0.15403 -0.04804
                  z  -0.00064 -0.00359  0.00315 -0.00740 -0.00055  0.00341
 18   ag          x  -0.00491  0.08634 -0.09346 -0.10997  0.00625 -0.01709
                  y   0.00008  0.04069 -0.01641  0.08017  0.12464  0.16285
                  z  -0.00182  0.00448  0.01019  0.01076 -0.00084  0.00029
 19   ag          x  -0.00781  0.06797  0.10829  0.19190  0.00772 -0.03522
                  y  -0.00608 -0.01401 -0.18634 -0.35954  0.10168 -0.06257
                  z  -0.00207 -0.00065  0.00439  0.01551  0.00036 -0.00194
 20   ag          x   0.00666 -0.08389 -0.05676 -0.10774  0.01206  0.03182
                  y  -0.00087 -0.04918 -0.01500 -0.05371  0.02948  0.01178
                  z   0.00207 -0.00785 -0.00138 -0.00887 -0.00264  0.00697
 21   ag          x   0.00358 -0.03680  0.10359 -0.03143 -0.05153 -0.03332
                  y  -0.00396 -0.02329 -0.04041 -0.05017  0.06235  0.03751
                  z  -0.00105 -0.01287  0.00026 -0.01991  0.00955  0.00658
 22   ag          x  -0.00617  0.09927 -0.16442  0.15067  0.12689  0.10277
                  y  -0.00600  0.03157 -0.07294 -0.05817  0.02112 -0.03197
                  z  -0.00182  0.00331 -0.01272 -0.00640  0.00145 -0.00291
 23   ag          x   0.00170 -0.08950  0.05273 -0.24185 -0.06625 -0.10123
                  y   0.00088 -0.01340  0.09129  0.11461 -0.05363 -0.03143
                  z   0.00008  0.00376  0.01217  0.04232 -0.00244  0.00250
 24   ag          x   0.00148  0.02610  0.01308  0.11168 -0.00565  0.03583
                  y   0.00631 -0.01195  0.04388  0.07472 -0.02938  0.03377
                  z   0.00102 -0.00748  0.01004  0.01143 -0.00313  0.00515
 25   ag          x   0.00128 -0.00267  0.00181 -0.00225  0.00640 -0.01209
                  y  -0.00087  0.00023  0.01139  0.00226  0.00436 -0.00589
                  z  -0.00571  0.00837 -0.01835  0.01825 -0.00484  0.04610
 26   ag          x   0.00153 -0.00627 -0.01308 -0.00726 -0.00818  0.01128
                  y  -0.00057 -0.00451 -0.01245  0.01128 -0.00220  0.00441
                  z   0.00109  0.01223  0.06150 -0.05753  0.01609 -0.01987
 27   ag          x  -0.00201  0.00110  0.01460  0.02415  0.00845 -0.00901
                  y  -0.00110 -0.00369  0.01456 -0.01095  0.00402 -0.00212
                  z   0.00173 -0.01472 -0.04449  0.04298  0.02439 -0.00161
 28   ag          x  -0.00052  0.00457 -0.01198 -0.02727 -0.00857  0.00405
                  y  -0.00096 -0.00164 -0.00399  0.00845  0.00259 -0.00504
                  z   0.00090 -0.00061  0.00707 -0.04338 -0.01147  0.01014
 29   ag          x  -0.00040 -0.00092  0.00201  0.00336 -0.00732  0.00807
                  y   0.00098 -0.00420 -0.01203  0.00949 -0.00945  0.00071
                  z   0.00149 -0.01737 -0.04472  0.04010 -0.00289 -0.03246
 30   ag          x  -0.00105  0.00418  0.00962 -0.02120 -0.00659  0.00978
                  y  -0.00389  0.00705 -0.00193  0.01802 -0.01100  0.00184
                  z   0.00144  0.00358 -0.00266 -0.01766 -0.03385  0.01406
 31   ag          x   0.00169  0.00356 -0.00110  0.01187  0.00738 -0.01509
                  y  -0.00112  0.00940 -0.00767 -0.01266 -0.01282  0.00380
                  z   0.00060  0.00482  0.03692  0.02790  0.00722 -0.00275
 32   ag          x   0.00056 -0.00633  0.00295  0.00040  0.00418  0.00960
                  y   0.00122  0.00294  0.01057  0.00386  0.00455  0.00139
                  z   0.00190  0.00286 -0.01971 -0.02243  0.00548  0.00645
 33   ag          x  -0.00076  0.00651 -0.01428  0.00177  0.01010 -0.00948
                  y   0.00052  0.00537 -0.00005 -0.01892  0.01788 -0.00301
                  z  -0.00166 -0.00346  0.04795 -0.00219  0.04780  0.00669
 34   ag          x   0.00177 -0.01615 -0.00440 -0.00710 -0.01793  0.00262
                  y   0.00383 -0.00569 -0.00906  0.00579  0.01428 -0.00834
                  z  -0.00215  0.00758 -0.03079 -0.02318  0.01807  0.01155
 35   ag          x  -0.00093  0.01387  0.01235  0.00245 -0.00117 -0.00175
                  y   0.00156 -0.01636 -0.00555 -0.00654 -0.00497  0.00558
                  z   0.00024 -0.00008 -0.00869 -0.00986 -0.01604 -0.03170
 36   ag          x   0.00014 -0.00127  0.00087  0.01174  0.00164 -0.00096
                  y  -0.00022  0.00768  0.00364  0.01614 -0.01106 -0.00178
                  z   0.00157 -0.00161  0.04107  0.06616 -0.01517  0.01902
 37   ag          x  -0.00009 -0.00237  0.00923  0.00310 -0.00441 -0.00296
                  y   0.00078 -0.00180  0.00972  0.01185 -0.02076 -0.00129
                  z  -0.00088  0.02197  0.00746  0.03251 -0.01787 -0.02481
 38   ag          x   0.00108 -0.00213 -0.00706 -0.00879  0.00867  0.00673
                  y  -0.00230  0.00778  0.00433  0.00147  0.00221 -0.00224
                  z   0.00287 -0.01275  0.01835  0.01733 -0.00398  0.00983
 39   ag          x  -0.00059  0.00312 -0.00415 -0.01741 -0.00292 -0.00391
                  y  -0.00118  0.00239 -0.00020 -0.00496  0.00597 -0.00103
                  z   0.00053 -0.00406 -0.04701 -0.07400  0.01437  0.00628
 40   ag          x  -0.00038 -0.00326  0.00167  0.01352 -0.00060  0.00190
                  y   0.00033 -0.00182 -0.01177 -0.02141  0.00229 -0.00035
                  z  -0.00440  0.02075 -0.00863 -0.01350  0.00594 -0.01901
 41   c           x  -0.00121 -0.00001  0.00450  0.00177 -0.00715  0.00388
                  y   0.01134  0.00947 -0.00775 -0.00230  0.00955 -0.00680
                  z  -0.00491 -0.01261  0.00854  0.00029 -0.00777  0.00060
 42   n           x   0.00709  0.00945 -0.00089  0.00191 -0.00050 -0.00057
                  y   0.00624  0.00536  0.00241 -0.00716  0.00498  0.00628
                  z   0.06500  0.07143  0.02816 -0.02531  0.04390  0.03982
 43   c           x  -0.01442 -0.01389 -0.02810  0.01792 -0.02131 -0.03150
                  y  -0.00467 -0.00606 -0.00464 -0.00106 -0.00264 -0.00344
                  z  -0.04883 -0.05977 -0.05403  0.03408 -0.04753 -0.04899
 44   c           x  -0.00102  0.00228  0.00435  0.00348 -0.00134 -0.00021
                  y  -0.00084 -0.00029  0.01168 -0.00569  0.00363  0.00953
                  z  -0.03476 -0.01390  0.03587 -0.00482 -0.00094  0.00317
 45   c           x  -0.00140  0.00277  0.00852  0.00191  0.00319 -0.00166
                  y  -0.00980 -0.00759  0.01621 -0.00023  0.00110  0.00021
                  z  -0.11543 -0.07082  0.09848  0.03418  0.01917 -0.09031
 46   c           x   0.00052  0.00294  0.00572  0.00292  0.00206  0.00009
                  y  -0.00783 -0.00669  0.01079  0.00187 -0.00365 -0.00066
                  z  -0.04262 -0.02335  0.05181  0.01769  0.03370 -0.05809
 47   c           x   0.00295  0.00409  0.00201  0.00286  0.00202  0.00038
                  y  -0.00428 -0.00523  0.00607  0.00318 -0.00165 -0.00172
                  z   0.01747  0.01274  0.01590  0.02092  0.06082 -0.05195
 48   c           x   0.00049  0.00158  0.00121  0.00655  0.00011 -0.00331
                  y  -0.00239 -0.00336  0.00848 -0.00131  0.00011  0.00528
                  z   0.00381 -0.00042 -0.03390 -0.01198 -0.00281  0.02007
 49   c           x  -0.00004  0.00231  0.00281  0.00405 -0.00107  0.00110
                  y  -0.00160 -0.00173  0.01073 -0.00569  0.00259  0.01006
                  z  -0.02212 -0.01746 -0.04027 -0.03765 -0.06219  0.07499
 50   n           x   0.00066  0.00181 -0.00171  0.00309  0.00169 -0.00203
                  y  -0.00274 -0.00581 -0.00181  0.00654 -0.00034 -0.01115
                  z   0.05311  0.02837  0.01465  0.05203  0.08887 -0.08197
 51   c           x   0.00374  0.00350  0.00205  0.00054  0.00358  0.00201
                  y  -0.00660 -0.00724 -0.00728  0.00813 -0.00221 -0.01700
                  z   0.02325  0.00865  0.01722  0.02632  0.06255 -0.06189
 52   c           x   0.00651  0.00633  0.00125 -0.00041  0.00898  0.00138
                  y  -0.00509 -0.00549 -0.00845  0.00739 -0.00118 -0.01482
                  z  -0.00589 -0.01853  0.01886  0.03280 -0.00984 -0.01708
 53   c           x   0.00699  0.00577  0.00340  0.00024  0.00813  0.00182
                  y  -0.00375 -0.00191 -0.01232  0.00228  0.00039 -0.00974
                  z  -0.03291 -0.02523 -0.01055 -0.00271 -0.07893  0.06001
 54   c           x   0.00469  0.00099  0.00427  0.00167  0.00329  0.00358
                  y  -0.00269  0.00016 -0.01313  0.00009  0.00457 -0.01034
                  z  -0.01592  0.00306 -0.03122 -0.03241 -0.02582  0.04407
 55   n           x   0.00335 -0.00197  0.00035  0.00229  0.00388  0.00112
                  y   0.00330  0.00576 -0.00304 -0.00332  0.00569 -0.00179
                  z  -0.01879  0.00490 -0.03198 -0.01514 -0.02559  0.02759
 56   c           x   0.00195 -0.00043  0.00359 -0.01030 -0.00428  0.01973
                  y   0.00929  0.00865  0.01465 -0.01229  0.00089  0.01870
                  z   0.02323  0.00643  0.03960  0.03671  0.01558 -0.01394
 57   c           x  -0.00421 -0.00655 -0.02005  0.00581  0.00359 -0.00861
                  y   0.00145  0.00673 -0.00522 -0.00533  0.00216  0.00075
                  z   0.03266 -0.01141  0.03717  0.00746  0.04644 -0.02620
 58   c           x   0.00173 -0.00143  0.00361  0.00394 -0.00230  0.00380
                  y  -0.00570 -0.00289 -0.01496 -0.00012  0.00286 -0.01349
                  z   0.00618  0.01977 -0.03019 -0.06134  0.03474  0.02533
 59   c           x   0.00302  0.00064  0.00407  0.00145  0.00168  0.00462
                  y  -0.00759 -0.00635 -0.01102  0.00524 -0.00299 -0.01500
                  z   0.01148  0.01182 -0.00736 -0.02691  0.04819 -0.01851
 60   s           x   0.00601  0.00511  0.00900 -0.00275  0.00568  0.01048
                  y  -0.00014 -0.00199 -0.00681  0.00635 -0.01948  0.00918
                  z   0.03540  0.01651 -0.02256  0.00018 -0.03495  0.05397
 61   h           x  -0.10424 -0.10328 -0.08533 -0.01634 -0.16381  0.04273
                  y   0.20581  0.21630  0.12024 -0.00438  0.24719 -0.01617
                  z  -0.12248 -0.13834 -0.06613  0.00472 -0.14658  0.00100
 62   h           x   0.08032  0.08057  0.09036  0.01407  0.12010 -0.02149
                  y  -0.17801 -0.19177 -0.13486 -0.00018 -0.22414  0.00155
                  z  -0.16283 -0.18015 -0.10031  0.00145 -0.20460  0.00874
 63   h           x   0.02601  0.02774  0.01950  0.00603  0.02964 -0.00719
                  y   0.00127 -0.00176 -0.02443  0.00114 -0.00388 -0.01487
                  z   0.23489  0.23668  0.19689  0.01309  0.31624 -0.03606
 64   h           x   0.02948  0.02313 -0.04768  0.00119 -0.01090  0.00184
                  y   0.02254  0.01551 -0.03144 -0.00795 -0.00262  0.00893
                  z   0.40739  0.32905 -0.21048 -0.14957  0.08250  0.32265
 65   h           x   0.34868  0.29722 -0.15025 -0.12765  0.08261  0.25829
                  y   0.07080  0.07927  0.05327 -0.04345  0.05847  0.06152
                  z  -0.35419 -0.33504 -0.00545  0.16458 -0.16048 -0.29575
 66   h           x  -0.42946 -0.37344  0.08600  0.19005 -0.15253 -0.37259
                  y  -0.10768 -0.11574 -0.04190  0.04690 -0.06565 -0.08007
                  z  -0.25507 -0.24649 -0.02426  0.12290 -0.12409 -0.21542
 67   h           x  -0.00077  0.00370  0.00960  0.00011  0.00699 -0.00168
                  y  -0.01305 -0.00986  0.01923  0.00068  0.00175 -0.00210
                  z  -0.19290 -0.12682  0.15129  0.06353  0.02187 -0.15479
 68   h           x  -0.00206 -0.00144 -0.00316  0.00997 -0.00551 -0.00618
                  y  -0.00223 -0.00378  0.00596 -0.00158 -0.00172  0.00621
                  z   0.01792 -0.00077 -0.08590 -0.02685 -0.02903  0.05138
 69   h           x   0.00112  0.00252  0.00052  0.00333 -0.00386  0.00454
                  y  -0.00352 -0.00310  0.00990 -0.00667  0.00149  0.01026
                  z  -0.03049 -0.03776 -0.11662 -0.07204 -0.15094  0.15680
 70   h           x   0.01030  0.01057  0.00094 -0.00276  0.01640  0.00138
                  y  -0.00572 -0.00725 -0.00683  0.01019 -0.00368 -0.01534
                  z  -0.00822 -0.03504  0.04030  0.06517 -0.02998 -0.02323
 71   h           x   0.00848  0.00781  0.00316 -0.00098  0.01242  0.00044
                  y  -0.00443 -0.00231 -0.01162  0.00170 -0.00277 -0.00542
                  z  -0.05680 -0.05273  0.00022  0.00290 -0.16041  0.12124
 72   h           x  -0.01435 -0.03762  0.03233 -0.06849 -0.08507  0.15054
                  y   0.02995 -0.04575  0.13112 -0.03155 -0.06702  0.14875
                  z   0.03585 -0.02540  0.10827  0.02586 -0.02327  0.06114
 73   h           x   0.00143 -0.00417  0.00229 -0.00404 -0.00368  0.01328
                  y   0.01027  0.01862  0.01006 -0.01683  0.00766  0.01468
                  z   0.02398  0.08655 -0.07355  0.10273  0.14188 -0.23072
 74   h           x   0.01843  0.04255 -0.02435  0.02866  0.07250 -0.09336
                  y  -0.00829  0.05574 -0.08372  0.00659  0.05971 -0.09277
                  z   0.04043 -0.03167  0.12604  0.02378 -0.03021  0.07597
 75   h           x  -0.00172 -0.00585 -0.02040  0.00835  0.00788 -0.00987
                  y   0.01002  0.01364  0.01169 -0.00547  0.00571  0.01091
                  z  -0.07670 -0.07186 -0.06052 -0.05285 -0.07411 -0.06010
 76   h           x   0.08957  0.03822  0.06167  0.05493  0.11069  0.00980
                  y  -0.03819  0.01347 -0.06008 -0.02161 -0.04953  0.03244
                  z   0.10546  0.01193  0.10966  0.04411  0.13240 -0.02996
 77   h           x  -0.10213 -0.05485 -0.11586 -0.04358 -0.10432 -0.03305
                  y   0.03247 -0.00386  0.02886  0.00795  0.05037 -0.03667
                  z   0.09859  0.00660  0.10377  0.04023  0.12612 -0.03562
 78   h           x  -0.00322 -0.00656  0.00119  0.00608 -0.00983  0.00080
                  y  -0.00465 -0.00160 -0.01543 -0.00210  0.00376 -0.01225
                  z   0.01801  0.03443 -0.03150 -0.08335  0.04201  0.04156

reduced mass(g/mol)     1.658   21.650   68.533   87.563   43.556   32.474


       mode             133      134      135      136      137      138

     frequency         176.20   176.81   178.43   182.45   188.15   209.88

     symmetry            a        a        a        a        a        a   

        IR               YES      YES      YES      YES      YES      YES
|dDIP/dQ|   (a.u.)     0.0001   0.0006   0.0003   0.0004   0.0003   0.0005
intensity (km/mol)       0.01     0.68     0.15     0.30     0.13     0.47
intensity (  %   )       0.00     0.27     0.06     0.12     0.05     0.18
 
       RAMAN             YES      YES      YES      YES      YES      YES
         (par,par)       0.03     0.03     0.06     0.07     0.00     0.00
         (ort,ort)       0.03     0.02     0.06     0.12     0.00     0.00
       (ort,unpol)       0.03     0.02     0.06     0.11     0.00     0.00
     depol. ratio        0.33     0.75     0.37     0.22     0.69     0.74
 
  1   ag          x  -0.14667  0.00837 -0.04199  0.02203  0.00139  0.00071
                  y  -0.08948  0.00583 -0.02846  0.01422  0.00156 -0.00010
                  z   0.03992 -0.00235  0.01194 -0.00189  0.00026 -0.00028
  2   ag          x   0.21507 -0.00772  0.05204 -0.03513 -0.00079  0.00002
                  y   0.02937  0.00366  0.00092 -0.02026  0.00136 -0.00077
                  z  -0.01331  0.00021 -0.00240  0.00099  0.00032  0.00041
  3   ag          x  -0.14979  0.00733 -0.03581  0.02408 -0.00016 -0.00017
                  y   0.00700  0.00487 -0.01964  0.00904  0.00085 -0.00009
                  z   0.00242 -0.00192  0.00272 -0.00207  0.00017  0.00077
  4   ag          x   0.12722 -0.00448  0.01259 -0.03016  0.00063  0.00043
                  y   0.02124  0.00971 -0.01542 -0.03653  0.00181  0.00026
                  z  -0.00350 -0.00308  0.00394  0.00695 -0.00024  0.00065
  5   ag          x  -0.08238 -0.00153  0.00270  0.02606 -0.00095 -0.00042
                  y   0.10367  0.00098 -0.02160 -0.00839 -0.00043 -0.00064
                  z  -0.02804 -0.00114  0.00084  0.01204 -0.00068  0.00018
  6   ag          x   0.12654 -0.00729  0.04775 -0.04170 -0.00242  0.00035
                  y   0.18413 -0.01528  0.06871 -0.03173 -0.00477  0.00085
                  z  -0.00699  0.00168 -0.00299  0.00068 -0.00013 -0.00034
  7   ag          x  -0.09063 -0.00331 -0.04042  0.06678  0.00031  0.00121
                  y  -0.11762 -0.00721  0.00114  0.03459 -0.00280  0.00138
                  z  -0.00972 -0.00173 -0.00667 -0.00195 -0.00104  0.00064
  8   ag          x  -0.04415  0.00677  0.02825 -0.07008  0.00186 -0.00071
                  y   0.02652 -0.02968  0.06879 -0.00848 -0.00368  0.00021
                  z   0.00372  0.00202 -0.00166  0.00620  0.00012  0.00040
  9   ag          x   0.08586 -0.00534 -0.02049  0.09830 -0.00231 -0.00030
                  y  -0.28797 -0.00959  0.04426  0.11557 -0.00243 -0.00115
                  z   0.00387  0.00166  0.00041  0.00184  0.00076  0.00013
 10   ag          x  -0.04488  0.00313  0.01064 -0.06591  0.00294  0.00060
                  y  -0.05126 -0.00973  0.03874  0.03218 -0.00029  0.00074
                  z  -0.00153 -0.00207 -0.00296 -0.00543 -0.00124  0.00004
 11   ag          x  -0.12341  0.01365 -0.04418  0.02954  0.00204 -0.00044
                  y  -0.10012  0.01598 -0.06295  0.03441  0.00655 -0.00196
                  z   0.02075 -0.00385  0.00689 -0.00629  0.00014  0.00095
 12   ag          x   0.20682 -0.02042  0.04600 -0.04035 -0.00093  0.00048
                  y   0.05580  0.02761 -0.03493 -0.06583  0.00554 -0.00080
                  z  -0.00759 -0.00164  0.00034  0.00812 -0.00059  0.00045
 13   ag          x  -0.23133  0.02006 -0.03760  0.06587  0.00113 -0.00035
                  y   0.26488  0.02464 -0.08258  0.07110  0.00471  0.00023
                  z  -0.00323  0.00434  0.00480 -0.00450  0.00335 -0.00112
 14   ag          x   0.20482 -0.01521  0.02232 -0.10725 -0.00067  0.00026
                  y   0.13096  0.02291 -0.06136 -0.34819  0.00663  0.00004
                  z   0.00457 -0.00071  0.00302  0.00953 -0.00033 -0.00037
 15   ag          x  -0.07304  0.00719 -0.01231  0.05909  0.00077 -0.00121
                  y   0.10680  0.01101 -0.02612  0.03438 -0.00002  0.00128
                  z  -0.02004  0.00134  0.00334 -0.00016  0.00033 -0.00029
 16   ag          x  -0.04394  0.00038  0.01544 -0.06886  0.00158  0.00081
                  y   0.02727 -0.01750  0.04805 -0.02025 -0.00435  0.00134
                  z   0.02145 -0.00041  0.00401  0.00920  0.00087  0.00017
 17   ag          x   0.16543 -0.00002 -0.02519  0.21777 -0.00162  0.00040
                  y  -0.26289 -0.01129  0.03262  0.01847 -0.00205 -0.00038
                  z   0.00070 -0.00083 -0.00299  0.00160 -0.00153  0.00049
 18   ag          x  -0.19887 -0.00260  0.01752 -0.43056  0.00052 -0.00069
                  y  -0.06789 -0.03598  0.08269  0.05036 -0.00595  0.00032
                  z   0.00544 -0.00031  0.00136  0.01047  0.00091 -0.00014
 19   ag          x   0.13776  0.00366  0.00376  0.50617 -0.00103  0.00187
                  y  -0.22418 -0.01051  0.03736  0.22508 -0.00344 -0.00012
                  z   0.00843  0.00500  0.00282  0.01800 -0.00066  0.00193
 20   ag          x  -0.05957 -0.00383  0.00051 -0.20735  0.00013 -0.00056
                  y  -0.02070 -0.00411  0.00834  0.02319 -0.00012 -0.00017
                  z  -0.00404  0.00083 -0.00020 -0.04043  0.00056  0.00029
 21   ag          x  -0.06826  0.00084 -0.00339  0.00511 -0.00002 -0.00058
                  y   0.10425  0.00541 -0.02340  0.04464  0.00060  0.00004
                  z   0.01964  0.00063 -0.00702  0.01551 -0.00020  0.00019
 22   ag          x   0.10435 -0.00957  0.01933 -0.00277 -0.00075  0.00024
                  y   0.02463  0.00865 -0.01841 -0.08672  0.00141  0.00018
                  z   0.00730  0.00076 -0.00215 -0.00717  0.00001 -0.00028
 23   ag          x  -0.07810  0.01114 -0.01892  0.03599  0.00109 -0.00001
                  y   0.11167  0.01108 -0.02866  0.07883  0.00170  0.00041
                  z   0.02115  0.00109 -0.00172  0.00556  0.00039  0.00010
 24   ag          x   0.04437 -0.00175 -0.00067 -0.04996  0.00030 -0.00050
                  y   0.03133  0.00165 -0.01045 -0.16324  0.00072 -0.00009
                  z   0.00155  0.00000 -0.00181 -0.03637 -0.00019  0.00036
 25   ag          x   0.01778 -0.00035  0.00589 -0.00027  0.00049 -0.00065
                  y   0.00762 -0.00022  0.00249  0.00135  0.00016 -0.00026
                  z  -0.05767  0.00300 -0.01757  0.00831  0.00025 -0.00061
 26   ag          x  -0.01300 -0.00081 -0.00575  0.00565 -0.00049 -0.00039
                  y  -0.01228  0.00101 -0.00316  0.00266  0.00039 -0.00026
                  z   0.03741 -0.00026  0.00645 -0.00513 -0.00011 -0.00031
 27   ag          x   0.00311  0.00162  0.00342 -0.00563  0.00037  0.00053
                  y   0.00998 -0.00201 -0.00071 -0.00273 -0.00012  0.00062
                  z  -0.02418  0.00363 -0.01081  0.00072 -0.00052 -0.00014
 28   ag          x   0.01417 -0.00137 -0.00365  0.00019 -0.00122  0.00022
                  y  -0.00211 -0.00020 -0.00181  0.00402 -0.00090 -0.00020
                  z   0.06229  0.00289 -0.00590 -0.02201  0.00105  0.00021
 29   ag          x  -0.01163  0.00165 -0.00422  0.00497 -0.00000 -0.00021
                  y  -0.00558 -0.00126 -0.00005  0.00277 -0.00080  0.00056
                  z   0.02644 -0.00194  0.01236 -0.00717 -0.00083 -0.00025
 30   ag          x   0.01132 -0.00396  0.00176 -0.00426 -0.00045  0.00018
                  y   0.00001 -0.00121  0.00411 -0.00289 -0.00107  0.00035
                  z  -0.00000 -0.00190  0.00572  0.00378 -0.00003 -0.00030
 31   ag          x  -0.02634  0.00166 -0.00042  0.01012 -0.00019 -0.00049
                  y  -0.00801 -0.00279  0.00069  0.01142 -0.00105  0.00030
                  z  -0.03402 -0.00149  0.01182 -0.00724 -0.00005 -0.00025
 32   ag          x   0.01576  0.00055  0.00085 -0.00798  0.00096  0.00064
                  y  -0.00916 -0.00050  0.00474  0.00276  0.00133  0.00033
                  z  -0.01392 -0.00072  0.00495  0.02749 -0.00016 -0.00008
 33   ag          x   0.01004 -0.00132  0.00454 -0.01088 -0.00023  0.00011
                  y   0.00987  0.00029 -0.00057 -0.00686  0.00049 -0.00044
                  z  -0.03943  0.00744 -0.02061  0.00656  0.00094 -0.00075
 34   ag          x   0.01250 -0.00004 -0.00441  0.02051 -0.00072  0.00014
                  y   0.00401  0.00416 -0.00360  0.00338  0.00133 -0.00037
                  z   0.04889  0.00023 -0.00035 -0.00368  0.00061  0.00011
 35   ag          x  -0.01143  0.00041  0.00248 -0.03526  0.00087  0.00014
                  y   0.02151  0.00266 -0.00199 -0.02009  0.00031 -0.00032
                  z  -0.00768  0.00583 -0.01378 -0.00672 -0.00008  0.00047
 36   ag          x   0.00263  0.00026  0.00061  0.02569 -0.00049  0.00013
                  y   0.00139  0.00171 -0.00376 -0.01873  0.00023 -0.00065
                  z   0.04579  0.00042 -0.00554 -0.03379 -0.00010  0.00013
 37   ag          x  -0.00201  0.00016 -0.00156  0.00496 -0.00030  0.00018
                  y  -0.01102 -0.00096  0.00291  0.00107 -0.00059 -0.00005
                  z  -0.05761 -0.00159  0.01262 -0.03434  0.00001  0.00052
 38   ag          x  -0.00105 -0.00036  0.00409 -0.00280  0.00031 -0.00020
                  y  -0.01399 -0.00136  0.00208 -0.01022 -0.00057  0.00038
                  z   0.00536 -0.00142  0.00166  0.03656 -0.00007 -0.00012
 39   ag          x  -0.00956  0.00045 -0.00255 -0.00517  0.00049  0.00012
                  y   0.00088 -0.00123  0.00227  0.03401 -0.00058  0.00020
                  z  -0.05257 -0.00410  0.00589 -0.06059 -0.00060 -0.00044
 40   ag          x   0.00309  0.00102  0.00049 -0.00567  0.00022 -0.00016
                  y  -0.00578  0.00018  0.00148  0.00169  0.00056 -0.00032
                  z   0.00384 -0.00217  0.00259  0.11165 -0.00143 -0.00040
 41   c           x  -0.00003  0.00401 -0.00359 -0.00471 -0.06768 -0.01602
                  y  -0.01351 -0.02328 -0.00843  0.01510  0.12478  0.01238
                  z  -0.01269 -0.02247 -0.02819  0.00181 -0.01578  0.00435
 42   n           x  -0.00703 -0.00820 -0.00368  0.00500  0.02768 -0.00606
                  y  -0.00196  0.00217 -0.00091  0.00227 -0.01079 -0.00524
                  z   0.00411  0.01412  0.00953  0.01646  0.03731 -0.01540
 43   c           x  -0.02479 -0.04000 -0.00667  0.01626  0.18885  0.00813
                  y  -0.00466 -0.00364 -0.00258  0.00158  0.00319 -0.00068
                  z   0.00569 -0.01866 -0.00294 -0.02466 -0.02606  0.01971
 44   c           x  -0.00163 -0.00016 -0.00167 -0.00110 -0.01636 -0.00966
                  y   0.00747  0.01596  0.00015 -0.00864 -0.10391 -0.01018
                  z  -0.01203  0.02595  0.02696  0.00935  0.02476 -0.02925
 45   c           x  -0.00364 -0.00321 -0.00602 -0.00336 -0.02518 -0.00943
                  y   0.00685  0.01009 -0.00585 -0.01209 -0.10999 -0.00686
                  z  -0.03468 -0.06682 -0.06567 -0.03427 -0.03440 -0.01964
 46   c           x  -0.00023  0.00013 -0.00303 -0.00363 -0.02602 -0.00629
                  y   0.00629  0.00902 -0.00234 -0.00974 -0.08009 -0.00068
                  z  -0.00954 -0.06473 -0.06593 -0.03113 -0.04756  0.01243
 47   c           x   0.00168 -0.00010 -0.00214 -0.00189 -0.00976 -0.00433
                  y   0.00894  0.00628 -0.00413 -0.00901 -0.06986  0.00229
                  z   0.01785 -0.07989 -0.08573 -0.03586 -0.04761  0.04486
 48   c           x   0.00284 -0.00245 -0.00332 -0.00138 -0.00463 -0.00106
                  y   0.00910  0.01356 -0.00016 -0.00969 -0.09194 -0.00346
                  z   0.02669  0.04355  0.04326  0.01139  0.01013  0.03466
 49   c           x   0.00284  0.00415  0.00121 -0.00107 -0.01870 -0.00581
                  y   0.00868  0.01792  0.00180 -0.00924 -0.10663 -0.01096
                  z   0.00550  0.13596  0.14212  0.04940  0.06454 -0.02922
 50   n           x   0.00175 -0.00329 -0.00076  0.00322  0.02189 -0.00056
                  y   0.00759 -0.00881 -0.01055 -0.00126 -0.00078  0.00838
                  z   0.02809 -0.13478 -0.14395 -0.05788 -0.04395  0.02616
 51   c           x   0.00304  0.00254 -0.00087 -0.00160 -0.01136 -0.00171
                  y   0.00259 -0.01985 -0.01000  0.00665  0.06821  0.00838
                  z  -0.00172 -0.09506 -0.09901 -0.02534 -0.03332  0.00048
 52   c           x   0.00333 -0.00144 -0.00435 -0.00212 -0.01095 -0.00235
                  y   0.00362 -0.02164 -0.00878  0.00829  0.08976 -0.00044
                  z   0.01588 -0.01909 -0.02186 -0.00815  0.03230 -0.08338
 53   c           x   0.00302  0.00188 -0.00345 -0.00466 -0.02284 -0.00240
                  y   0.00417 -0.01984 -0.00515  0.01198  0.09684 -0.00123
                  z   0.01582  0.09947  0.10282  0.02692  0.05566 -0.06007
 54   c           x   0.00378  0.00628  0.00188 -0.00427 -0.01327  0.00252
                  y   0.00308 -0.02269 -0.00780  0.01225  0.08849  0.00329
                  z  -0.00068  0.05867  0.06820  0.02098 -0.00588  0.02609
 55   n           x   0.00308 -0.00091  0.00238  0.00040  0.02871  0.00773
                  y   0.00256 -0.00631 -0.00616 -0.00005  0.00471 -0.00785
                  z   0.01702  0.04245  0.04750  0.01318  0.00290  0.01997
 56   c           x   0.00004  0.03157  0.02228 -0.01109 -0.04981  0.01409
                  y  -0.00350  0.03024  0.00891 -0.02281 -0.11904 -0.00009
                  z  -0.00020 -0.02029 -0.02792 -0.01417 -0.01209  0.03540
 57   c           x   0.00425 -0.02662  0.00410  0.02833  0.17991  0.02149
                  y   0.00372  0.00142 -0.00128  0.00140 -0.00992 -0.00592
                  z  -0.01638 -0.07695 -0.06485 -0.05332  0.03578 -0.06850
 58   c           x   0.00529  0.01005  0.00482 -0.00344 -0.01474  0.00133
                  y   0.00109 -0.02389 -0.00771  0.01360  0.09255  0.01430
                  z  -0.03063  0.00599  0.02262  0.01314 -0.06163  0.08285
 59   c           x   0.00623  0.00726  0.00171 -0.00346 -0.02196 -0.00060
                  y  -0.00135 -0.01718 -0.00491  0.01090  0.07541  0.01369
                  z  -0.03000 -0.03579 -0.03202  0.00687 -0.05070  0.05127
 60   s           x   0.00530  0.01464  0.00129 -0.00854 -0.08912 -0.00430
                  y  -0.00100  0.01810  0.02042 -0.00021  0.01610 -0.00617
                  z  -0.01567  0.06353  0.06279  0.00394  0.03960 -0.02448
 61   h           x   0.00171  0.17205  0.18444  0.01080 -0.16412 -0.15379
                  y   0.00827 -0.18858 -0.20295  0.00454  0.23501  0.16287
                  z  -0.02831  0.06480  0.07617  0.00583 -0.07676 -0.07752
 62   h           x   0.00763 -0.12507 -0.16685 -0.03108 -0.12025  0.09025
                  y  -0.03503  0.13794  0.18280  0.02551  0.02242 -0.13485
                  z  -0.03031  0.11588  0.13697  0.01187 -0.09337 -0.12130
 63   h           x  -0.00492 -0.03916 -0.04317 -0.00136  0.01399  0.01995
                  y  -0.02380 -0.02888  0.00114  0.02514  0.21746  0.01465
                  z   0.00497 -0.29527 -0.35191 -0.02539  0.08938  0.24269
 64   h           x  -0.01245 -0.02053  0.01421  0.02555  0.21412  0.00232
                  y  -0.00530 -0.00540  0.01298  0.01760  0.12173  0.00070
                  z   0.16021  0.22550  0.20383  0.03900 -0.08807 -0.05630
 65   h           x   0.08967  0.14161  0.15404  0.07547  0.20757 -0.04874
                  y   0.00239  0.02824  0.00598  0.02010 -0.02721 -0.03029
                  z  -0.07943 -0.16777 -0.12237 -0.07857 -0.02032  0.07921
 66   h           x  -0.16230 -0.26178 -0.18452 -0.04236  0.27532  0.08001
                  y  -0.00772 -0.03386 -0.02466 -0.03493 -0.07634  0.02685
                  z  -0.05000 -0.11850 -0.08262 -0.06219 -0.02486  0.06019
 67   h           x  -0.00433 -0.00599 -0.00857 -0.00283 -0.02474 -0.01300
                  y   0.00567  0.00842 -0.00796 -0.01325 -0.11323 -0.00805
                  z  -0.06682 -0.11245 -0.11037 -0.05450 -0.04071 -0.03115
 68   h           x   0.00275 -0.00301 -0.00170 -0.00009  0.01157  0.00366
                  y   0.00967  0.01551  0.00201 -0.00874 -0.08960 -0.00260
                  z   0.04344  0.09269  0.09377  0.03051  0.03068  0.04555
 69   h           x   0.00413  0.00920  0.00560  0.00028 -0.01953 -0.00480
                  y   0.00751  0.01951  0.00436 -0.00848 -0.10625 -0.01487
                  z   0.00769  0.27474  0.29176  0.10205  0.12444 -0.07124
 70   h           x   0.00168 -0.00771 -0.00885 -0.00150 -0.00529 -0.00402
                  y   0.00549 -0.02112 -0.00891  0.00720  0.09268 -0.00554
                  z   0.03787 -0.02064 -0.03042 -0.02192  0.07141 -0.15198
 71   h           x   0.00280 -0.00170 -0.00784 -0.00527 -0.03153 -0.00453
                  y   0.00534 -0.01458 -0.00073  0.01245  0.09596 -0.00840
                  z   0.03057  0.20036  0.20061  0.03487  0.11801 -0.10314
 72   h           x  -0.04187  0.20724  0.19090 -0.06371 -0.09141  0.19531
                  y  -0.08664  0.19559  0.16068 -0.11771 -0.12136  0.30488
                  z  -0.04905  0.07499  0.05938 -0.06996 -0.01312  0.21326
 73   h           x  -0.00070  0.01740  0.01833 -0.00458  0.01610  0.02436
                  y   0.00365  0.03295 -0.00194 -0.02517 -0.21036 -0.03899
                  z   0.10372 -0.30026 -0.29905  0.10281 -0.02234 -0.38064
 74   h           x   0.03928 -0.10915 -0.13063  0.02737 -0.13461 -0.18141
                  y   0.06832 -0.11139 -0.12258  0.05764 -0.12418 -0.26168
                  z  -0.06128  0.09399  0.07606 -0.08315 -0.01458  0.25434
 75   h           x   0.00501 -0.03777  0.00026  0.03264  0.20792  0.01557
                  y   0.00667  0.01598 -0.00424 -0.01777 -0.12480 -0.02525
                  z  -0.05438  0.08868  0.04145 -0.04171  0.10733  0.18614
 76   h           x   0.02774 -0.18274 -0.09465  0.01788  0.17133 -0.18995
                  y   0.02286  0.07893  0.07847  0.05190  0.02604  0.07620
                  z  -0.01078 -0.20340 -0.15877 -0.08155  0.01485 -0.22940
 77   h           x  -0.02117  0.11512  0.10504  0.05801  0.28156  0.24165
                  y  -0.01913 -0.08357 -0.07145 -0.02376  0.05725 -0.06868
                  z  -0.01575 -0.19477 -0.15455 -0.08233  0.02214 -0.21373
 78   h           x   0.00432  0.01484  0.00951  0.00254 -0.00437  0.00679
                  y   0.00105 -0.02423 -0.00725  0.01224  0.09322  0.01645
                  z  -0.03084  0.00735  0.02963 -0.00700 -0.08512  0.10684

reduced mass(g/mol)    94.185    3.118    9.345   94.277    3.968    1.436


       mode             139      140      141      142      143      144

     frequency         228.95   237.69   256.54   280.97   288.21   351.43

     symmetry            a        a        a        a        a        a   

        IR               YES      YES      YES      YES      YES      YES
|dDIP/dQ|   (a.u.)     0.0009   0.0006   0.0017   0.0012   0.0013   0.0005
intensity (km/mol)       1.35     0.68     5.01     2.38     3.19     0.53
intensity (  %   )       0.53     0.27     1.95     0.93     1.24     0.21
 
       RAMAN             YES      YES      YES      YES      YES      YES
         (par,par)       0.00     0.00     0.00     0.00     0.00     0.00
         (ort,ort)       0.00     0.00     0.00     0.00     0.00     0.00
       (ort,unpol)       0.00     0.00     0.00     0.00     0.00     0.00
     depol. ratio        0.61     0.40     0.23     0.32     0.44     0.75
 
  1   ag          x  -0.00024  0.00020  0.00026  0.00005 -0.00022 -0.00019
                  y   0.00008 -0.00013 -0.00005  0.00039 -0.00029  0.00009
                  z  -0.00034 -0.00040 -0.00054 -0.00005 -0.00005  0.00016
  2   ag          x   0.00024  0.00034  0.00026  0.00005 -0.00003  0.00005
                  y  -0.00013 -0.00013 -0.00013  0.00014  0.00001 -0.00001
                  z  -0.00043 -0.00006  0.00043 -0.00011 -0.00003 -0.00009
  3   ag          x   0.00054 -0.00000 -0.00010  0.00018 -0.00009 -0.00010
                  y   0.00014 -0.00007  0.00032  0.00029 -0.00020  0.00016
                  z  -0.00008 -0.00000  0.00029 -0.00006  0.00000 -0.00007
  4   ag          x  -0.00055 -0.00004  0.00028 -0.00007 -0.00008 -0.00003
                  y  -0.00031  0.00022  0.00025  0.00018 -0.00032 -0.00020
                  z  -0.00005 -0.00009  0.00066 -0.00001 -0.00000 -0.00029
  5   ag          x   0.00016 -0.00024 -0.00044 -0.00019  0.00027  0.00002
                  y   0.00016 -0.00052 -0.00047  0.00005  0.00026  0.00011
                  z  -0.00001 -0.00028 -0.00045 -0.00038  0.00040  0.00010
  6   ag          x  -0.00046 -0.00001  0.00048 -0.00055  0.00043 -0.00002
                  y   0.00062  0.00026  0.00023 -0.00010  0.00005  0.00010
                  z   0.00016  0.00076 -0.00011  0.00032 -0.00079 -0.00027
  7   ag          x   0.00027 -0.00104  0.00063  0.00027  0.00039  0.00003
                  y  -0.00053 -0.00017 -0.00017 -0.00048  0.00044  0.00007
                  z   0.00034  0.00023  0.00121 -0.00017  0.00009 -0.00061
  8   ag          x  -0.00029 -0.00017  0.00009 -0.00002  0.00012 -0.00030
                  y  -0.00036 -0.00049 -0.00161 -0.00047  0.00073  0.00021
                  z  -0.00018  0.00019 -0.00014 -0.00055  0.00022 -0.00031
  9   ag          x   0.00009 -0.00033 -0.00035  0.00042 -0.00010  0.00057
                  y  -0.00048 -0.00105  0.00074  0.00028 -0.00024  0.00021
                  z  -0.00065 -0.00058  0.00084 -0.00038  0.00013 -0.00027
 10   ag          x   0.00016  0.00148  0.00126 -0.00055 -0.00080  0.00033
                  y  -0.00016  0.00097  0.00005 -0.00006 -0.00011 -0.00016
                  z   0.00044 -0.00035 -0.00119 -0.00001  0.00062  0.00007
 11   ag          x   0.00010  0.00045  0.00012  0.00004 -0.00029 -0.00051
                  y   0.00075  0.00104 -0.00021  0.00152 -0.00068 -0.00093
                  z  -0.00086  0.00038  0.00108 -0.00046 -0.00011 -0.00033
 12   ag          x  -0.00040  0.00047 -0.00157  0.00029 -0.00031  0.00027
                  y   0.00002  0.00091  0.00075  0.00007  0.00008 -0.00043
                  z   0.00027  0.00046 -0.00049 -0.00014  0.00000  0.00000
 13   ag          x   0.00038 -0.00125  0.00264 -0.00031  0.00007 -0.00032
                  y  -0.00027  0.00183  0.00133  0.00116 -0.00076 -0.00011
                  z  -0.00210  0.00094  0.00152  0.00008 -0.00025 -0.00028
 14   ag          x   0.00085  0.00063 -0.00168 -0.00027  0.00076 -0.00071
                  y   0.00108  0.00041 -0.00149 -0.00100  0.00015 -0.00008
                  z  -0.00037  0.00001  0.00083 -0.00019  0.00006 -0.00047
 15   ag          x  -0.00049  0.00058  0.00180 -0.00006 -0.00104  0.00085
                  y   0.00090 -0.00019 -0.00107  0.00055  0.00034 -0.00038
                  z  -0.00036 -0.00005  0.00104  0.00044 -0.00047  0.00035
 16   ag          x  -0.00061  0.00101 -0.00043  0.00039 -0.00034 -0.00031
                  y   0.00020 -0.00040  0.00020 -0.00009 -0.00022  0.00033
                  z   0.00028  0.00077  0.00018  0.00052 -0.00037 -0.00042
 17   ag          x   0.00029  0.00039  0.00029  0.00036  0.00023  0.00010
                  y   0.00032 -0.00111  0.00020 -0.00099  0.00042 -0.00014
                  z   0.00023  0.00086 -0.00044  0.00065  0.00003  0.00024
 18   ag          x  -0.00054 -0.00064 -0.00054 -0.00061  0.00005  0.00031
                  y   0.00017  0.00033 -0.00109 -0.00056  0.00045 -0.00039
                  z  -0.00034 -0.00015  0.00095  0.00030 -0.00012 -0.00001
 19   ag          x   0.00064 -0.00023 -0.00028  0.00010 -0.00018  0.00001
                  y  -0.00099 -0.00002  0.00111  0.00024 -0.00024  0.00013
                  z   0.00045 -0.00004 -0.00014  0.00009 -0.00003  0.00016
 20   ag          x  -0.00009 -0.00005 -0.00012 -0.00041  0.00037 -0.00012
                  y  -0.00049 -0.00042  0.00001 -0.00034  0.00007 -0.00009
                  z   0.00027 -0.00015  0.00057  0.00038 -0.00032  0.00008
 21   ag          x   0.00004 -0.00046 -0.00050 -0.00064  0.00052  0.00007
                  y  -0.00006  0.00016 -0.00019  0.00004  0.00004  0.00001
                  z   0.00016  0.00002 -0.00055 -0.00035  0.00028  0.00025
 22   ag          x   0.00010  0.00010  0.00015  0.00054 -0.00037  0.00008
                  y   0.00007 -0.00010  0.00022 -0.00003  0.00001  0.00010
                  z  -0.00018 -0.00037 -0.00017 -0.00039  0.00030  0.00005
 23   ag          x  -0.00053  0.00006  0.00032 -0.00015 -0.00008 -0.00014
                  y   0.00016 -0.00013  0.00015  0.00015 -0.00014  0.00004
                  z  -0.00019 -0.00027  0.00012 -0.00001 -0.00009 -0.00023
 24   ag          x   0.00039 -0.00003 -0.00043  0.00014  0.00004  0.00018
                  y   0.00034  0.00020 -0.00009  0.00005  0.00007  0.00005
                  z  -0.00019 -0.00016  0.00043 -0.00022  0.00011 -0.00017
 25   ag          x  -0.00021 -0.00062 -0.00093  0.00006 -0.00000 -0.00004
                  y  -0.00036 -0.00053  0.00014 -0.00028  0.00006  0.00008
                  z   0.00066 -0.00001 -0.00004 -0.00002  0.00035  0.00026
 26   ag          x   0.00053 -0.00015  0.00062  0.00040 -0.00009  0.00037
                  y  -0.00040 -0.00039  0.00002 -0.00020  0.00011  0.00007
                  z   0.00027  0.00027 -0.00027 -0.00022  0.00021  0.00011
 27   ag          x  -0.00031  0.00045  0.00025 -0.00047  0.00028 -0.00035
                  y  -0.00012 -0.00039  0.00034 -0.00022  0.00023  0.00005
                  z   0.00059  0.00044 -0.00057 -0.00059  0.00058 -0.00005
 28   ag          x   0.00050 -0.00016 -0.00066 -0.00035  0.00050  0.00025
                  y   0.00046 -0.00022 -0.00065 -0.00045  0.00055  0.00028
                  z  -0.00011  0.00050  0.00014  0.00058 -0.00060 -0.00016
 29   ag          x   0.00020  0.00021 -0.00019 -0.00024  0.00037  0.00010
                  y   0.00061  0.00065  0.00014  0.00017  0.00001 -0.00000
                  z   0.00024  0.00016 -0.00047 -0.00005  0.00009  0.00008
 30   ag          x  -0.00031 -0.00070 -0.00040  0.00008 -0.00005  0.00003
                  y   0.00018  0.00046 -0.00023 -0.00062  0.00050 -0.00006
                  z   0.00013  0.00045  0.00029  0.00023 -0.00029 -0.00009
 31   ag          x   0.00057  0.00013 -0.00004 -0.00012  0.00020  0.00013
                  y   0.00014  0.00002 -0.00049 -0.00045  0.00030 -0.00000
                  z   0.00002  0.00059  0.00018  0.00030 -0.00037 -0.00027
 32   ag          x  -0.00029  0.00040  0.00016  0.00035 -0.00050 -0.00022
                  y  -0.00036  0.00003  0.00098  0.00060 -0.00075 -0.00040
                  z   0.00006  0.00074  0.00016  0.00034 -0.00030 -0.00007
 33   ag          x   0.00011 -0.00009  0.00062 -0.00012  0.00014 -0.00008
                  y  -0.00022 -0.00024  0.00015  0.00002 -0.00015 -0.00019
                  z   0.00027 -0.00008 -0.00046 -0.00003  0.00011 -0.00010
 34   ag          x   0.00035 -0.00001 -0.00056 -0.00020  0.00022  0.00016
                  y   0.00022  0.00031  0.00046  0.00032 -0.00030 -0.00023
                  z   0.00002  0.00016  0.00034  0.00015 -0.00027 -0.00002
 35   ag          x  -0.00028 -0.00010  0.00050  0.00030 -0.00027 -0.00001
                  y  -0.00001  0.00053  0.00008  0.00034 -0.00025 -0.00003
                  z   0.00036  0.00015 -0.00081 -0.00033  0.00024  0.00020
 36   ag          x   0.00007  0.00016 -0.00014  0.00011 -0.00008  0.00003
                  y  -0.00028  0.00015  0.00008 -0.00011  0.00007 -0.00008
                  z   0.00019  0.00019 -0.00042 -0.00017  0.00028 -0.00003
 37   ag          x   0.00038 -0.00015 -0.00049 -0.00033  0.00046  0.00017
                  y   0.00032 -0.00017  0.00006 -0.00013  0.00019 -0.00007
                  z  -0.00060  0.00021  0.00012  0.00048 -0.00046  0.00048
 38   ag          x  -0.00014  0.00040  0.00040  0.00081 -0.00065  0.00011
                  y   0.00024 -0.00010 -0.00043 -0.00024  0.00033  0.00025
                  z  -0.00015  0.00007  0.00045  0.00035 -0.00047 -0.00006
 39   ag          x  -0.00029 -0.00009  0.00017 -0.00016  0.00001 -0.00013
                  y   0.00025 -0.00013 -0.00036 -0.00020  0.00017  0.00012
                  z  -0.00004  0.00001 -0.00002 -0.00001  0.00010  0.00009
 40   ag          x  -0.00028 -0.00013 -0.00053 -0.00011 -0.00005  0.00007
                  y   0.00023  0.00005 -0.00060  0.00014 -0.00007  0.00011
                  z   0.00026 -0.00031 -0.00043 -0.00011  0.00023  0.00044
 41   c           x   0.01937  0.16669  0.04652 -0.10357 -0.10775 -0.08100
                  y   0.00356 -0.06947 -0.00939  0.05110  0.05945  0.04504
                  z   0.03188 -0.04616  0.04223 -0.00286  0.04343  0.00933
 42   n           x   0.01279  0.14626  0.02993 -0.02520 -0.04300 -0.04338
                  y   0.00940 -0.04572 -0.00718 -0.03562 -0.05074 -0.01562
                  z  -0.00087  0.05846 -0.09370  0.13496 -0.16491 -0.16029
 43   c           x   0.01872  0.18245  0.04982  0.07099  0.06978 -0.04411
                  y   0.00562 -0.05437 -0.00313 -0.03637 -0.03157 -0.00281
                  z  -0.04778 -0.02750 -0.00576 -0.03082  0.00722  0.01198
 44   c           x   0.00823  0.12486  0.02362 -0.04155 -0.03737 -0.00688
                  y  -0.00172 -0.03924 -0.00915 -0.06892 -0.06936 -0.00416
                  z   0.01797  0.02936 -0.04922  0.04679 -0.02843  0.05678
 45   c           x   0.01278  0.06864  0.02086 -0.05424 -0.04138  0.00714
                  y  -0.00676  0.01303  0.00375 -0.03739 -0.02657 -0.00299
                  z   0.07800 -0.03061  0.09290 -0.02909  0.08719  0.08724
 46   c           x   0.00286  0.06300  0.01355 -0.02524 -0.00892  0.02157
                  y  -0.01682  0.05722  0.00733  0.03013  0.04537  0.00791
                  z   0.06010 -0.04763  0.12835 -0.05248  0.09334 -0.06308
 47   c           x  -0.00302  0.03729  0.00214 -0.01122  0.00773  0.04846
                  y  -0.01956  0.05640  0.00653  0.03752  0.04671  0.00494
                  z   0.00812 -0.03217  0.11925 -0.00944  0.00851 -0.15153
 48   c           x  -0.00762  0.09641  0.01390  0.00765  0.03374  0.04840
                  y  -0.01642  0.00068 -0.00481 -0.00718  0.00364  0.01313
                  z  -0.07106 -0.00471  0.04918 -0.08706  0.05109 -0.09201
 49   c           x  -0.00503  0.10151  0.01110 -0.02210  0.00116  0.04238
                  y  -0.00409 -0.03510 -0.01205 -0.06489 -0.06238  0.00383
                  z  -0.05091  0.04198 -0.10816 -0.03013  0.02661  0.15552
 50   n           x   0.00197 -0.00260  0.00085 -0.01120  0.01451  0.03822
                  y  -0.00783  0.03295  0.00228  0.06280  0.04721 -0.00470
                  z   0.01716  0.00466  0.03111  0.10825 -0.11873  0.00966
 51   c           x  -0.00517 -0.04125 -0.01023 -0.00449  0.01226  0.03598
                  y   0.01008  0.05357  0.00482  0.04647  0.04216 -0.00813
                  z   0.05096  0.02850 -0.10305  0.05321 -0.02816  0.15401
 52   c           x  -0.00140 -0.09701 -0.01916 -0.02182 -0.01438  0.03945
                  y   0.01616 -0.00504 -0.00225 -0.00067  0.00030 -0.00991
                  z   0.00540  0.01621 -0.08822 -0.02743  0.03251  0.08690
 53   c           x  -0.00730 -0.09856 -0.02369  0.01357  0.01150  0.02041
                  y   0.02200 -0.04401  0.00316 -0.06920 -0.05551  0.00181
                  z  -0.05148 -0.01722  0.05825 -0.07023  0.05362 -0.15317
 54   c           x  -0.00929 -0.12247 -0.02862  0.04891  0.03197 -0.02632
                  y   0.02337 -0.04823  0.00330 -0.06901 -0.06503  0.01565
                  z  -0.02500 -0.00267  0.06178  0.01707 -0.01262 -0.04774
 55   n           x   0.00048 -0.13940 -0.03896  0.03538  0.02994 -0.05749
                  y   0.00491 -0.05265 -0.00369 -0.04146 -0.04434  0.01707
                  z  -0.04357 -0.04750  0.17701  0.11271 -0.11289  0.16733
 56   c           x  -0.02690 -0.16397 -0.02108  0.13080  0.07265 -0.09265
                  y  -0.02396 -0.06206 -0.01334  0.07020  0.03628 -0.04842
                  z   0.02815 -0.00354 -0.05263 -0.00121  0.01935 -0.01359
 57   c           x   0.02947 -0.20037 -0.00126 -0.05273 -0.08822 -0.02329
                  y   0.00079 -0.05793  0.00088 -0.02972 -0.04212  0.01994
                  z  -0.01007 -0.01246 -0.00962 -0.01588  0.00528 -0.01132
 58   c           x  -0.01243 -0.07245 -0.01648  0.05545  0.04442 -0.01291
                  y   0.02553  0.01164  0.00051 -0.03723 -0.02073  0.00587
                  z   0.03586  0.06395 -0.11048 -0.02826  0.05361 -0.09170
 59   c           x  -0.00870 -0.06721 -0.01530  0.01937  0.01684  0.01106
                  y   0.01351  0.05656  0.00572  0.03544  0.04403 -0.01639
                  z   0.05954  0.04447 -0.13939 -0.01570  0.04587  0.05345
 60   s           x  -0.01361  0.00622 -0.02591 -0.00355  0.00254  0.04691
                  y  -0.02106  0.11237  0.01703  0.05998  0.05170 -0.00494
                  z  -0.02382 -0.01459 -0.00751 -0.01641 -0.03107  0.00264
 61   h           x   0.21594  0.21276 -0.01706  0.07015 -0.35568 -0.28774
                  y  -0.28857 -0.00196 -0.07090 -0.08047  0.09577  0.09299
                  z   0.20210 -0.09995  0.09554  0.05890  0.05857  0.00984
 62   h           x  -0.14196  0.15507  0.12519 -0.36430  0.00740  0.03189
                  y   0.29083 -0.13609  0.05138  0.18706  0.02667 -0.00286
                  z   0.27396 -0.09910  0.08529  0.12561  0.00983 -0.03700
 63   h           x  -0.02839  0.14867  0.04883 -0.09065 -0.01390 -0.01328
                  y   0.01956 -0.09961 -0.00954  0.13493  0.14889  0.09782
                  z  -0.37979 -0.02023  0.05843 -0.33019  0.24970  0.21564
 64   h           x   0.05103  0.18172  0.07956  0.07868  0.12109 -0.02884
                  y   0.03710 -0.02753  0.02629  0.04198  0.06854 -0.00302
                  z   0.25112 -0.12108  0.26764 -0.18649  0.32058  0.19718
 65   h           x   0.25516  0.13576  0.25691  0.00803  0.33073  0.06920
                  y   0.04163 -0.02451 -0.05501  0.02147 -0.17490 -0.10180
                  z  -0.23836 -0.01477 -0.11826 -0.02522 -0.08391 -0.00328
 66   h           x  -0.23796  0.26113 -0.16297  0.20765 -0.13949 -0.17617
                  y  -0.05703 -0.11739  0.02648 -0.17045  0.03664  0.11553
                  z  -0.17583 -0.02308 -0.07847 -0.03280 -0.04683  0.00955
 67   h           x   0.02446  0.02796  0.01871 -0.09142 -0.07896  0.00674
                  y  -0.00540  0.00651  0.00228 -0.04217 -0.03265  0.00026
                  z   0.09205 -0.03637  0.08027 -0.01963  0.07077  0.13470
 68   h           x  -0.01836  0.16640  0.02272  0.06178  0.09379  0.05531
                  y  -0.01986  0.01062 -0.00464 -0.00242  0.01116  0.01421
                  z  -0.12850  0.00102  0.02242 -0.13050  0.06211 -0.08612
 69   h           x  -0.01388  0.10390  0.00302 -0.01002  0.01907  0.06089
                  y   0.00586 -0.03272 -0.00778 -0.08415 -0.09099 -0.01704
                  z  -0.07690  0.07700 -0.24428 -0.01272  0.01133  0.28563
 70   h           x   0.00882 -0.16652 -0.03167 -0.07849 -0.07256  0.05777
                  y   0.01375  0.00297 -0.00078  0.00252  0.00806 -0.01227
                  z  -0.01230  0.00402 -0.09258 -0.06339  0.04929  0.08169
 71   h           x  -0.00535 -0.09825 -0.02670 -0.00174 -0.00038  0.03840
                  y   0.01974 -0.04468  0.01242 -0.10177 -0.07234  0.01567
                  z  -0.10888 -0.05940  0.17152 -0.13161  0.07832 -0.29066
 72   h           x  -0.05261 -0.17132  0.19584  0.30240 -0.04295  0.05552
                  y   0.05694  0.00479  0.02176  0.09722 -0.03257  0.00834
                  z   0.07652  0.03652 -0.03585  0.01215 -0.01918  0.01770
 73   h           x  -0.00391 -0.14877 -0.02206  0.05971  0.02486 -0.05046
                  y  -0.05892 -0.08617 -0.02629  0.16048  0.11455 -0.12022
                  z  -0.02917 -0.06319 -0.28603 -0.13073  0.22473 -0.24736
 74   h           x  -0.04743 -0.18898 -0.22385  0.10264  0.26860 -0.31350
                  y  -0.09498 -0.12201 -0.04522  0.05526  0.10285 -0.10400
                  z   0.09096  0.04821 -0.04347  0.00887 -0.02288  0.01732
 75   h           x   0.02985 -0.21351  0.01545 -0.06678 -0.11601 -0.01092
                  y  -0.03099 -0.01343 -0.00596  0.05419  0.04261  0.00380
                  z   0.18109  0.01306 -0.35948 -0.22372  0.11645 -0.18910
 76   h           x  -0.11070 -0.23641  0.26498  0.06822 -0.19847  0.09927
                  y   0.00120 -0.10265  0.11862  0.01318 -0.16371  0.14636
                  z  -0.09208 -0.01352  0.09252  0.03505 -0.00460  0.00388
 77   h           x   0.18711 -0.20651 -0.24103 -0.22806 -0.05635 -0.12355
                  y   0.02448 -0.05948 -0.09685 -0.13521 -0.00654 -0.08434
                  z  -0.07540 -0.01085  0.05515  0.01303  0.01052 -0.01908
 78   h           x  -0.01498 -0.03360 -0.01256  0.09249  0.08321 -0.02386
                  y   0.02605  0.00639  0.00049 -0.04269 -0.02597  0.00196
                  z   0.02724  0.07237 -0.09641 -0.03367  0.05368 -0.14455

reduced mass(g/mol)     1.516    5.077    3.014    3.016    3.086    3.785


       mode             145      146      147      148      149      150

     frequency         353.46   388.30   399.78   427.88   435.18   442.35

     symmetry            a        a        a        a        a        a   

        IR               YES      YES      YES      YES      YES      YES
|dDIP/dQ|   (a.u.)     0.0004   0.0005   0.0018   0.0029   0.0011   0.0009
intensity (km/mol)       0.25     0.41     5.72    14.85     1.96     1.46
intensity (  %   )       0.10     0.16     2.23     5.79     0.77     0.57
 
       RAMAN             YES      YES      YES      YES      YES      YES
         (par,par)       0.00     0.00     0.00     0.00     0.00     0.00
         (ort,ort)       0.00     0.00     0.00     0.00     0.00     0.00
       (ort,unpol)       0.00     0.00     0.00     0.00     0.00     0.00
     depol. ratio        0.17     0.62     0.53     0.62     0.36     0.09
 
  1   ag          x  -0.00010 -0.00010 -0.00034  0.00000 -0.00001  0.00005
                  y   0.00005 -0.00012  0.00027  0.00032 -0.00004 -0.00016
                  z   0.00007 -0.00002 -0.00052 -0.00033  0.00006  0.00015
  2   ag          x   0.00002  0.00003  0.00041  0.00023 -0.00005 -0.00008
                  y  -0.00002  0.00000  0.00005  0.00008 -0.00003 -0.00011
                  z  -0.00010 -0.00004 -0.00056 -0.00012  0.00005  0.00004
  3   ag          x   0.00000  0.00001  0.00030  0.00005 -0.00003 -0.00013
                  y   0.00002 -0.00008  0.00002 -0.00006  0.00012 -0.00001
                  z   0.00000 -0.00017  0.00031 -0.00015  0.00012  0.00002
  4   ag          x  -0.00002 -0.00002 -0.00037 -0.00008  0.00014  0.00012
                  y  -0.00007 -0.00009 -0.00036 -0.00011  0.00010  0.00006
                  z  -0.00004 -0.00012  0.00027  0.00007  0.00004 -0.00004
  5   ag          x   0.00006 -0.00005  0.00033  0.00009 -0.00007 -0.00007
                  y   0.00003  0.00007  0.00036  0.00003 -0.00000 -0.00017
                  z   0.00016 -0.00004  0.00035 -0.00001 -0.00013 -0.00012
  6   ag          x  -0.00008  0.00010 -0.00031 -0.00021  0.00003  0.00008
                  y   0.00008  0.00003  0.00052  0.00040 -0.00013 -0.00014
                  z   0.00002 -0.00005 -0.00002  0.00023 -0.00001 -0.00004
  7   ag          x  -0.00039 -0.00003 -0.00063  0.00014 -0.00019  0.00004
                  y  -0.00001 -0.00000 -0.00006  0.00007 -0.00016 -0.00008
                  z  -0.00026  0.00026  0.00026 -0.00009  0.00017  0.00013
  8   ag          x  -0.00008 -0.00006  0.00064 -0.00003  0.00031  0.00009
                  y  -0.00008  0.00005  0.00005 -0.00027 -0.00018  0.00027
                  z  -0.00011 -0.00002  0.00007  0.00014 -0.00012 -0.00001
  9   ag          x   0.00024  0.00007  0.00042  0.00035  0.00001 -0.00022
                  y  -0.00001  0.00011 -0.00035  0.00017  0.00038  0.00007
                  z  -0.00016 -0.00027  0.00000  0.00041  0.00042 -0.00002
 10   ag          x  -0.00066  0.00009  0.00011  0.00020 -0.00005  0.00004
                  y  -0.00010  0.00004 -0.00061 -0.00023 -0.00003  0.00021
                  z   0.00036  0.00002  0.00032 -0.00030 -0.00022 -0.00018
 11   ag          x  -0.00019 -0.00010  0.00015 -0.00019  0.00008  0.00008
                  y  -0.00057  0.00045  0.00045  0.00016  0.00015 -0.00004
                  z   0.00017 -0.00013  0.00061  0.00045 -0.00001 -0.00029
 12   ag          x   0.00033 -0.00010  0.00029 -0.00031  0.00010 -0.00002
                  y  -0.00005  0.00002  0.00086 -0.00022  0.00050 -0.00011
                  z   0.00047 -0.00017  0.00056  0.00037 -0.00037 -0.00003
 13   ag          x  -0.00021  0.00005  0.00008  0.00006  0.00036  0.00027
                  y   0.00013 -0.00010 -0.00094 -0.00003  0.00033 -0.00038
                  z  -0.00002 -0.00006 -0.00139  0.00020  0.00050  0.00070
 14   ag          x  -0.00008  0.00011  0.00070 -0.00039 -0.00079 -0.00042
                  y  -0.00010  0.00041  0.00049 -0.00041 -0.00062 -0.00052
                  z  -0.00057 -0.00013 -0.00050 -0.00027  0.00027  0.00052
 15   ag          x  -0.00053  0.00010  0.00002 -0.00006 -0.00004  0.00005
                  y   0.00035  0.00001 -0.00007  0.00003  0.00011 -0.00014
                  z   0.00012 -0.00001 -0.00011  0.00026  0.00018 -0.00009
 16   ag          x  -0.00015  0.00014  0.00021  0.00017 -0.00004  0.00025
                  y   0.00027 -0.00035 -0.00050  0.00026 -0.00024 -0.00003
                  z  -0.00025  0.00004  0.00109  0.00000  0.00035 -0.00010
 17   ag          x   0.00000  0.00016 -0.00075 -0.00028  0.00007 -0.00013
                  y  -0.00001 -0.00010  0.00013 -0.00031  0.00007  0.00021
                  z  -0.00008  0.00013 -0.00020  0.00018 -0.00046 -0.00009
 18   ag          x   0.00004  0.00001  0.00034 -0.00001 -0.00030  0.00028
                  y  -0.00017 -0.00006 -0.00015  0.00020  0.00031  0.00028
                  z  -0.00008 -0.00003 -0.00060 -0.00011  0.00035  0.00013
 19   ag          x   0.00002  0.00014 -0.00031  0.00011  0.00025 -0.00007
                  y  -0.00004 -0.00015 -0.00030  0.00010  0.00026  0.00018
                  z  -0.00005  0.00001 -0.00006 -0.00010 -0.00010  0.00002
 20   ag          x  -0.00010 -0.00000  0.00020 -0.00017 -0.00008  0.00005
                  y  -0.00007  0.00004 -0.00026 -0.00023  0.00006  0.00004
                  z   0.00011  0.00006  0.00024  0.00036  0.00006 -0.00024
 21   ag          x   0.00006  0.00005  0.00014 -0.00032 -0.00002  0.00009
                  y   0.00005 -0.00000  0.00011  0.00004 -0.00003 -0.00007
                  z   0.00019 -0.00008  0.00033  0.00010 -0.00031  0.00004
 22   ag          x  -0.00003 -0.00004  0.00021  0.00026  0.00003 -0.00007
                  y   0.00008 -0.00009  0.00046  0.00023 -0.00006 -0.00004
                  z   0.00002  0.00005 -0.00024 -0.00026  0.00000  0.00013
 23   ag          x  -0.00007  0.00001 -0.00049 -0.00015  0.00011  0.00009
                  y   0.00007 -0.00004  0.00022  0.00004 -0.00008 -0.00003
                  z  -0.00009 -0.00002 -0.00030  0.00001  0.00015  0.00000
 24   ag          x   0.00008  0.00008  0.00030  0.00012 -0.00006 -0.00013
                  y   0.00004 -0.00007  0.00054  0.00030 -0.00006 -0.00006
                  z  -0.00008 -0.00007  0.00000 -0.00010  0.00001  0.00006
 25   ag          x   0.00003 -0.00002 -0.00020  0.00001 -0.00006 -0.00001
                  y   0.00003  0.00007 -0.00089 -0.00050  0.00016  0.00026
                  z   0.00007  0.00019  0.00083 -0.00005  0.00001 -0.00005
 26   ag          x   0.00009  0.00012  0.00045  0.00005  0.00020 -0.00017
                  y   0.00008 -0.00000 -0.00017 -0.00013  0.00007  0.00007
                  z   0.00005  0.00010  0.00043 -0.00001 -0.00003 -0.00003
 27   ag          x  -0.00007 -0.00004  0.00009 -0.00014 -0.00009  0.00014
                  y   0.00007 -0.00018  0.00076  0.00018  0.00000  0.00001
                  z   0.00003  0.00005  0.00050  0.00020 -0.00023 -0.00003
 28   ag          x   0.00006  0.00002  0.00049  0.00008 -0.00018 -0.00008
                  y   0.00013  0.00004  0.00055 -0.00002 -0.00024 -0.00009
                  z  -0.00003 -0.00001 -0.00052  0.00001  0.00006  0.00007
 29   ag          x   0.00010  0.00006  0.00028 -0.00009 -0.00002 -0.00000
                  y  -0.00001 -0.00003  0.00097  0.00023 -0.00008 -0.00017
                  z  -0.00001  0.00016  0.00021  0.00006 -0.00014  0.00002
 30   ag          x   0.00003 -0.00005  0.00010  0.00006 -0.00010 -0.00007
                  y  -0.00001  0.00006 -0.00005 -0.00026 -0.00016  0.00011
                  z  -0.00011  0.00013 -0.00066  0.00010  0.00012  0.00014
 31   ag          x  -0.00002  0.00002  0.00040  0.00021  0.00000 -0.00012
                  y   0.00002 -0.00001  0.00023 -0.00006 -0.00014 -0.00002
                  z  -0.00013  0.00006 -0.00051 -0.00004  0.00006  0.00018
 32   ag          x  -0.00001 -0.00006 -0.00026  0.00006 -0.00002  0.00004
                  y  -0.00009 -0.00007 -0.00036  0.00020  0.00023 -0.00004
                  z  -0.00006 -0.00000 -0.00065 -0.00008  0.00019  0.00023
 33   ag          x   0.00001 -0.00005  0.00060  0.00022  0.00005 -0.00011
                  y  -0.00011  0.00003  0.00013  0.00011  0.00000 -0.00003
                  z  -0.00008  0.00011 -0.00005 -0.00011 -0.00010 -0.00000
 34   ag          x   0.00005  0.00002  0.00001 -0.00013 -0.00010  0.00002
                  y  -0.00015  0.00001 -0.00008  0.00003  0.00016 -0.00001
                  z   0.00002 -0.00001  0.00014  0.00023  0.00007 -0.00008
 35   ag          x   0.00003 -0.00009 -0.00016  0.00018  0.00006 -0.00004
                  y  -0.00006  0.00012 -0.00041 -0.00008  0.00002  0.00009
                  z   0.00013  0.00001  0.00029 -0.00015 -0.00027  0.00002
 36   ag          x  -0.00002  0.00002 -0.00018 -0.00005  0.00001  0.00005
                  y  -0.00013  0.00009 -0.00071 -0.00032  0.00015  0.00018
                  z  -0.00001 -0.00004 -0.00005 -0.00018 -0.00000  0.00015
 37   ag          x   0.00006  0.00001  0.00011 -0.00020 -0.00012  0.00002
                  y  -0.00010  0.00004 -0.00020 -0.00035  0.00006  0.00006
                  z   0.00022 -0.00004 -0.00065  0.00016 -0.00007  0.00009
 38   ag          x   0.00008  0.00004 -0.00026  0.00038  0.00004 -0.00006
                  y   0.00013 -0.00004  0.00027 -0.00010 -0.00019  0.00001
                  z  -0.00005  0.00002  0.00008  0.00023  0.00008 -0.00005
 39   ag          x  -0.00005 -0.00008 -0.00044 -0.00008  0.00013  0.00008
                  y   0.00011  0.00002  0.00013 -0.00010 -0.00010  0.00004
                  z   0.00004  0.00001  0.00031  0.00004 -0.00005 -0.00005
 40   ag          x   0.00005  0.00019 -0.00080 -0.00040  0.00008  0.00012
                  y   0.00009  0.00006 -0.00010  0.00009  0.00002 -0.00005
                  z   0.00021  0.00001  0.00095  0.00015 -0.00020 -0.00013
 41   c           x   0.19375  0.00195  0.02168 -0.01088  0.00575 -0.01256
                  y  -0.08327 -0.08988 -0.03203 -0.01381 -0.03020 -0.07908
                  z  -0.01734  0.00239 -0.00367  0.01057 -0.00371 -0.00044
 42   n           x   0.07038  0.00260  0.00686  0.00099 -0.01543 -0.03141
                  y   0.04825 -0.09137 -0.00790 -0.01565 -0.00375 -0.04126
                  z  -0.09287 -0.03592  0.06125  0.09816 -0.03184 -0.03876
 43   c           x   0.02139  0.18933  0.05873  0.03508  0.05118  0.11726
                  y   0.04813 -0.09826 -0.01038 -0.02491  0.00198 -0.04100
                  z   0.00157 -0.01312  0.00396 -0.00570 -0.00085 -0.01280
 44   c           x   0.04580  0.00444 -0.00718 -0.01334 -0.00572 -0.00708
                  y   0.03278 -0.02680  0.01157 -0.00097  0.02659  0.04353
                  z   0.01578  0.02612 -0.04447 -0.12348  0.05345  0.05342
 45   c           x   0.03137 -0.03318 -0.04419 -0.00575 -0.04091 -0.03332
                  y   0.00363  0.06621  0.04554  0.02157  0.04266  0.09402
                  z   0.05769  0.01873 -0.21515  0.04951 -0.08864  0.05396
 46   c           x  -0.02708 -0.01191 -0.04446 -0.01120 -0.04005 -0.07411
                  y  -0.07192  0.12521  0.04493  0.01048  0.03715 -0.00004
                  z  -0.03940  0.00039  0.28651 -0.04283  0.13609 -0.11084
 47   c           x  -0.07712 -0.11454 -0.02365 -0.02688  0.03202 -0.07694
                  y  -0.07517  0.10510  0.05698  0.01601  0.04176  0.04209
                  z  -0.08318 -0.01828  0.11313 -0.03789  0.06597 -0.05206
 48   c           x  -0.08815 -0.07978  0.00919 -0.02004  0.04500 -0.06081
                  y  -0.06169  0.05487  0.02228  0.01251  0.04606  0.00779
                  z  -0.00500 -0.02553 -0.05633  0.22705 -0.13100 -0.04759
 49   c           x  -0.04249 -0.07406  0.01281 -0.02980  0.04993 -0.02998
                  y   0.01989 -0.00793  0.01824 -0.00266  0.04119  0.05017
                  z   0.08171  0.04856  0.05440 -0.16916  0.09262  0.03588
 50   n           x  -0.05322 -0.17900  0.00941 -0.00978  0.01745 -0.02459
                  y  -0.00403 -0.00189  0.07746  0.02038 -0.00134  0.18936
                  z  -0.01630  0.01372 -0.24013 -0.16365  0.02418  0.12538
 51   c           x  -0.08258 -0.11647  0.01932 -0.00042  0.03667  0.03138
                  y   0.07161 -0.10645  0.04725  0.00217 -0.04875  0.08528
                  z   0.07046  0.02016  0.10927 -0.02203 -0.10123 -0.07446
 52   c           x  -0.09069 -0.08280 -0.00318 -0.00362  0.05181 -0.00482
                  y   0.06221 -0.05938  0.00566  0.02270 -0.02317  0.06595
                  z   0.04422 -0.00859 -0.00064  0.21852  0.15851 -0.05976
 53   c           x  -0.04970 -0.07950 -0.00909 -0.00794  0.04503 -0.02959
                  y  -0.01970  0.00420  0.00603  0.00718 -0.02113  0.10214
                  z  -0.07602 -0.00933  0.00493 -0.16167 -0.11129  0.04028
 54   c           x   0.04223  0.00001  0.00069  0.00594 -0.00651  0.02201
                  y  -0.02901  0.02437  0.00481  0.01262 -0.01020  0.07798
                  z  -0.02659 -0.00050 -0.06023 -0.12912 -0.05554  0.03682
 55   n           x   0.07176  0.00274 -0.00951 -0.00540 -0.00299  0.05381
                  y  -0.04881  0.09127 -0.01327 -0.00520 -0.01206 -0.04348
                  z   0.05050 -0.01106  0.07195  0.09578  0.02501 -0.02544
 56   c           x   0.19251 -0.00034 -0.00237  0.00067  0.02206  0.01656
                  y   0.08757  0.09254 -0.01281 -0.00946  0.01425 -0.11163
                  z   0.01610 -0.00249  0.00063  0.00905  0.00834 -0.00210
 57   c           x   0.03250  0.19309 -0.03241 -0.01807  0.02968 -0.18190
                  y  -0.04329  0.10347 -0.01047 -0.00406 -0.01794 -0.04705
                  z   0.00023  0.01323  0.00303 -0.00268 -0.00408 -0.01240
 58   c           x   0.02428 -0.03445  0.02373  0.00685 -0.04259  0.07859
                  y  -0.00145 -0.07257  0.02907  0.03119 -0.01353  0.15420
                  z  -0.02749 -0.02032 -0.17738  0.03528  0.14416  0.04495
 59   c           x  -0.03116 -0.01497  0.02529  0.02542 -0.03219  0.12977
                  y   0.06791 -0.12482  0.04303 -0.00596 -0.05090  0.02931
                  z   0.03600  0.00773  0.23568 -0.02603 -0.21709 -0.11320
 60   s           x  -0.10571  0.12857 -0.01724  0.03525 -0.09371  0.05770
                  y  -0.00182  0.00378 -0.12449 -0.02633 -0.00934 -0.21084
                  z   0.00085 -0.00060 -0.00552  0.02050  0.00221  0.04390
 61   h           x   0.15272 -0.05554  0.08690  0.07005 -0.00776 -0.04434
                  y  -0.01949 -0.05844 -0.01891 -0.02789 -0.02193 -0.05900
                  z  -0.05419 -0.00983 -0.02329  0.00710 -0.00708 -0.00818
 62   h           x   0.41219  0.05332 -0.00236 -0.09438  0.06025  0.05631
                  y  -0.15780 -0.11644 -0.04420  0.00401 -0.04137 -0.09554
                  z  -0.09418 -0.02321 -0.01212  0.03166 -0.01720 -0.01958
 63   h           x   0.12448  0.02074  0.00115 -0.01930 -0.00505 -0.01653
                  y  -0.21871 -0.07781 -0.05372 -0.00433 -0.05324 -0.09578
                  z   0.17725  0.08171 -0.03555 -0.09401  0.04310  0.06775
 64   h           x   0.01691  0.23869  0.05849  0.04233  0.06433  0.15994
                  y   0.00019  0.07723  0.03197  0.01614  0.06049  0.10894
                  z   0.10819  0.04435 -0.13042 -0.04714 -0.01603  0.04890
 65   h           x   0.06824  0.31982  0.00184  0.03296  0.07512  0.23638
                  y   0.01245 -0.20802 -0.01624  0.02984 -0.06303 -0.14105
                  z  -0.00783 -0.03466  0.04783 -0.04033  0.02473 -0.03222
 66   h           x  -0.06672  0.21521  0.17357  0.07198  0.09047  0.13703
                  y   0.12265 -0.14892 -0.05549 -0.12491  0.01147 -0.08267
                  z  -0.00255 -0.02507  0.03023 -0.03325  0.01815 -0.02187
 67   h           x   0.06672 -0.08777 -0.05596  0.00483 -0.03722  0.01402
                  y   0.00907  0.05490  0.02827  0.02981  0.03128  0.09701
                  z   0.11166 -0.00785 -0.51056  0.24438 -0.31765  0.12140
 68   h           x  -0.13842  0.01048  0.02141 -0.01031  0.04295 -0.07788
                  y  -0.06611  0.06660  0.01886  0.02320  0.03884  0.00605
                  z   0.03068 -0.05276 -0.22003  0.50175 -0.35247 -0.06592
 69   h           x  -0.07061 -0.08333  0.01781 -0.03542  0.06653 -0.05453
                  y   0.06752  0.00873  0.01416  0.00671  0.01793  0.08450
                  z   0.13357  0.05468  0.07506 -0.15431  0.05963  0.02635
 70   h           x  -0.13658  0.00468 -0.01422  0.01268  0.06793  0.01451
                  y   0.06662 -0.07208 -0.00047  0.04156 -0.00236  0.06618
                  z   0.03957 -0.02410 -0.10041  0.48553  0.45514 -0.05123
 71   h           x  -0.07652 -0.08952 -0.00574 -0.00370  0.06665 -0.03004
                  y  -0.07278 -0.01606  0.01133  0.01408  0.01193  0.11011
                  z  -0.15494 -0.02731  0.00963 -0.15818 -0.07739  0.08695
 72   h           x   0.29533 -0.02240  0.06462  0.08212  0.06187 -0.03218
                  y   0.07386  0.07073 -0.00718  0.00724  0.02662 -0.11107
                  z   0.00655 -0.01476  0.00245  0.01790  0.01540 -0.00155
 73   h           x   0.09377  0.00747 -0.00567  0.00066  0.00050  0.04711
                  y   0.22316  0.08229 -0.01231 -0.01499  0.04155 -0.14884
                  z   0.01146  0.03734 -0.06859 -0.09172 -0.02177  0.00927
 74   h           x   0.28724  0.02501 -0.06307 -0.07815  0.03186 -0.02386
                  y   0.11460  0.10535 -0.01499 -0.02180  0.00940 -0.11257
                  z   0.00057 -0.01244 -0.00348  0.01330  0.01408 -0.00384
 75   h           x   0.02216  0.23873 -0.03464 -0.02138  0.03367 -0.24188
                  y   0.00097 -0.07609  0.01890  0.01602 -0.04406  0.18146
                  z  -0.05627  0.07381 -0.12864 -0.05545  0.05019 -0.02000
 76   h           x   0.05654  0.22854  0.04293  0.00305  0.00292 -0.27893
                  y  -0.02641  0.17858  0.01031  0.06283  0.03132 -0.17249
                  z   0.00655  0.00019  0.03775 -0.02024 -0.04188 -0.01250
 77   h           x  -0.01742  0.31749 -0.12622 -0.05313  0.08016 -0.30152
                  y  -0.08617  0.19877 -0.05964 -0.08537 -0.03648 -0.14701
                  z   0.00180  0.00399  0.02460 -0.03124 -0.04100 -0.00866
 78   h           x   0.05408 -0.08355  0.03379 -0.02160 -0.06207  0.00202
                  y  -0.00590 -0.06426  0.00790  0.04631  0.01526  0.16017
                  z  -0.05847 -0.03971 -0.41657  0.21998  0.49145  0.13916

reduced mass(g/mol)     3.944    4.834    5.511    3.917    3.712    5.907


       mode             151      152      153      154      155      156

     frequency         451.91   485.09   493.38   517.07   542.43   578.88

     symmetry            a        a        a        a        a        a   

        IR               YES      YES      YES      YES      YES      YES
|dDIP/dQ|   (a.u.)     0.0007   0.0020   0.0027   0.0008   0.0012   0.0014
intensity (km/mol)       0.92     6.93    13.26     1.16     2.64     3.48
intensity (  %   )       0.36     2.70     5.17     0.45     1.03     1.36
 
       RAMAN             YES      YES      YES      YES      YES      YES
         (par,par)       0.00     0.00     0.00     0.00     0.00     0.00
         (ort,ort)       0.00     0.00     0.00     0.00     0.00     0.00
       (ort,unpol)       0.00     0.00     0.00     0.00     0.00     0.00
     depol. ratio        0.75     0.34     0.22     0.09     0.71     0.54
 
  1   ag          x  -0.00006 -0.00007 -0.00001  0.00008 -0.00001  0.00002
                  y   0.00004  0.00005  0.00008  0.00006 -0.00000  0.00001
                  z   0.00002  0.00016 -0.00007  0.00002  0.00000 -0.00006
  2   ag          x  -0.00001 -0.00008  0.00007 -0.00001  0.00002  0.00002
                  y   0.00001  0.00006  0.00003 -0.00001 -0.00001  0.00002
                  z  -0.00008 -0.00002 -0.00005  0.00005 -0.00000  0.00005
  3   ag          x   0.00003  0.00004 -0.00002  0.00000 -0.00000  0.00002
                  y   0.00006  0.00000  0.00004  0.00002 -0.00001 -0.00000
                  z   0.00012 -0.00001  0.00008  0.00007  0.00001  0.00002
  4   ag          x   0.00009  0.00001  0.00002 -0.00001  0.00001 -0.00008
                  y   0.00008  0.00004 -0.00003  0.00005  0.00001  0.00004
                  z   0.00003 -0.00004  0.00007  0.00006 -0.00003  0.00010
  5   ag          x  -0.00000  0.00003 -0.00002  0.00003  0.00001 -0.00004
                  y  -0.00002  0.00012  0.00000 -0.00007 -0.00001 -0.00001
                  z   0.00000  0.00003 -0.00003  0.00007  0.00002 -0.00008
  6   ag          x  -0.00009 -0.00010 -0.00008 -0.00007  0.00001 -0.00001
                  y  -0.00000 -0.00006  0.00002 -0.00001  0.00008 -0.00004
                  z  -0.00011  0.00011 -0.00002  0.00002  0.00010  0.00004
  7   ag          x  -0.00013 -0.00023 -0.00019 -0.00014 -0.00009 -0.00005
                  y   0.00011 -0.00007 -0.00006 -0.00005 -0.00004  0.00001
                  z   0.00024 -0.00012 -0.00008 -0.00013  0.00000 -0.00061
  8   ag          x   0.00014  0.00016  0.00018  0.00011 -0.00006  0.00013
                  y  -0.00012  0.00002  0.00013  0.00003  0.00008 -0.00018
                  z  -0.00012 -0.00022  0.00000  0.00007 -0.00001 -0.00020
  9   ag          x   0.00007  0.00006  0.00002 -0.00008  0.00001 -0.00011
                  y   0.00007  0.00002  0.00003 -0.00008 -0.00002 -0.00000
                  z   0.00016 -0.00008  0.00010 -0.00006  0.00011  0.00007
 10   ag          x   0.00014  0.00013  0.00016 -0.00022 -0.00007 -0.00003
                  y  -0.00005 -0.00008  0.00000 -0.00002 -0.00002  0.00000
                  z  -0.00021 -0.00003 -0.00013  0.00008 -0.00004  0.00015
 11   ag          x   0.00001 -0.00001  0.00002  0.00003 -0.00000  0.00011
                  y  -0.00020  0.00009 -0.00024 -0.00025 -0.00004  0.00027
                  z   0.00004  0.00004  0.00024  0.00007 -0.00017  0.00022
 12   ag          x  -0.00018  0.00007  0.00005  0.00006 -0.00004 -0.00019
                  y   0.00031  0.00006  0.00005 -0.00002 -0.00001 -0.00008
                  z  -0.00062 -0.00020  0.00027  0.00002 -0.00035  0.00001
 13   ag          x   0.00064 -0.00007 -0.00004  0.00003  0.00006  0.00007
                  y   0.00018 -0.00002 -0.00024 -0.00003 -0.00002  0.00019
                  z   0.00032 -0.00027  0.00037 -0.00005  0.00011  0.00007
 14   ag          x  -0.00049  0.00005  0.00012 -0.00020 -0.00006  0.00010
                  y  -0.00037 -0.00004  0.00012 -0.00007  0.00010  0.00006
                  z   0.00013 -0.00007  0.00006  0.00003  0.00008  0.00032
 15   ag          x  -0.00001  0.00028  0.00019 -0.00022 -0.00007 -0.00003
                  y  -0.00004 -0.00023 -0.00006  0.00010  0.00013  0.00007
                  z   0.00009 -0.00011 -0.00001  0.00003  0.00013 -0.00012
 16   ag          x  -0.00011 -0.00006 -0.00014 -0.00000  0.00004 -0.00002
                  y   0.00005 -0.00009  0.00022  0.00018 -0.00006 -0.00009
                  z   0.00017  0.00010  0.00012  0.00011  0.00006 -0.00009
 17   ag          x   0.00005  0.00011 -0.00011 -0.00001  0.00002  0.00000
                  y   0.00002 -0.00011 -0.00006 -0.00005  0.00002  0.00009
                  z  -0.00015  0.00007  0.00009  0.00011  0.00000 -0.00013
 18   ag          x  -0.00008 -0.00006  0.00011 -0.00002  0.00004 -0.00007
                  y  -0.00000 -0.00011  0.00022 -0.00011  0.00001 -0.00013
                  z   0.00028  0.00005 -0.00009  0.00006  0.00003  0.00014
 19   ag          x   0.00005 -0.00006 -0.00000  0.00002  0.00003  0.00001
                  y   0.00011 -0.00002 -0.00005  0.00006  0.00001  0.00002
                  z   0.00001  0.00020 -0.00003 -0.00017 -0.00008  0.00004
 20   ag          x  -0.00006 -0.00001  0.00000 -0.00001 -0.00000 -0.00002
                  y  -0.00005  0.00004 -0.00008 -0.00001 -0.00000  0.00001
                  z   0.00000 -0.00010  0.00010  0.00002  0.00005  0.00001
 21   ag          x  -0.00005  0.00005 -0.00007 -0.00000 -0.00002 -0.00001
                  y   0.00000  0.00005 -0.00001  0.00003 -0.00000 -0.00004
                  z  -0.00008  0.00004  0.00004  0.00009  0.00003 -0.00012
 22   ag          x   0.00002 -0.00001  0.00007 -0.00000 -0.00002  0.00002
                  y  -0.00003 -0.00002  0.00007  0.00002 -0.00001 -0.00002
                  z  -0.00006  0.00004 -0.00005 -0.00001 -0.00001 -0.00000
 23   ag          x   0.00004 -0.00001 -0.00007  0.00000  0.00001  0.00005
                  y   0.00001 -0.00001  0.00000  0.00007 -0.00000 -0.00002
                  z   0.00004  0.00005 -0.00006 -0.00002 -0.00005  0.00010
 24   ag          x  -0.00002  0.00002  0.00005 -0.00005  0.00001 -0.00003
                  y  -0.00000 -0.00006  0.00011  0.00004  0.00002 -0.00003
                  z  -0.00003 -0.00001 -0.00004  0.00007 -0.00003 -0.00002
 25   ag          x   0.00003  0.00020 -0.00008  0.00001 -0.00001 -0.00003
                  y  -0.00007  0.00006 -0.00017  0.00001  0.00001 -0.00005
                  z   0.00011 -0.00001  0.00008 -0.00017  0.00005  0.00002
 26   ag          x   0.00008  0.00001  0.00001 -0.00014  0.00006 -0.00006
                  y   0.00002  0.00010 -0.00001  0.00002 -0.00001 -0.00004
                  z   0.00002 -0.00007  0.00004 -0.00006  0.00001 -0.00003
 27   ag          x  -0.00002 -0.00018  0.00008  0.00006 -0.00003  0.00010
                  y   0.00003  0.00005  0.00019  0.00009  0.00000 -0.00001
                  z  -0.00010 -0.00015  0.00007  0.00001  0.00000  0.00001
 28   ag          x  -0.00008  0.00001 -0.00000  0.00003  0.00006 -0.00015
                  y  -0.00009  0.00001 -0.00009  0.00001  0.00002 -0.00012
                  z   0.00002 -0.00003  0.00004  0.00002 -0.00002  0.00011
 29   ag          x   0.00009 -0.00003  0.00003 -0.00004  0.00001 -0.00001
                  y   0.00012 -0.00011  0.00013 -0.00003  0.00002  0.00007
                  z  -0.00005 -0.00003  0.00000 -0.00010 -0.00001  0.00001
 30   ag          x  -0.00002  0.00013  0.00001  0.00005  0.00000 -0.00007
                  y  -0.00004 -0.00012 -0.00002  0.00003 -0.00001  0.00001
                  z  -0.00005 -0.00014 -0.00008 -0.00010 -0.00001 -0.00003
 31   ag          x  -0.00000 -0.00007 -0.00006 -0.00006  0.00003  0.00002
                  y  -0.00005 -0.00002 -0.00000  0.00004 -0.00000  0.00002
                  z  -0.00005 -0.00016  0.00006 -0.00004 -0.00001  0.00005
 32   ag          x   0.00003 -0.00004  0.00004  0.00008 -0.00002  0.00005
                  y   0.00012  0.00001  0.00005 -0.00003 -0.00008  0.00022
                  z  -0.00001 -0.00012  0.00009 -0.00001  0.00001  0.00016
 33   ag          x   0.00005 -0.00005  0.00011  0.00001 -0.00005  0.00007
                  y  -0.00004 -0.00003  0.00003 -0.00004 -0.00004  0.00006
                  z  -0.00005  0.00009 -0.00005 -0.00006 -0.00002  0.00001
 34   ag          x  -0.00009 -0.00002 -0.00006  0.00004  0.00005 -0.00008
                  y   0.00005 -0.00006 -0.00010 -0.00007 -0.00005  0.00015
                  z   0.00006 -0.00007  0.00002 -0.00003 -0.00001  0.00002
 35   ag          x   0.00007  0.00003  0.00005 -0.00001  0.00000  0.00001
                  y  -0.00006 -0.00004 -0.00001 -0.00002  0.00001 -0.00006
                  z  -0.00007 -0.00007 -0.00006  0.00006  0.00005 -0.00011
 36   ag          x  -0.00002 -0.00002 -0.00003  0.00003  0.00000 -0.00001
                  y  -0.00002  0.00000 -0.00005 -0.00007  0.00001  0.00004
                  z  -0.00003 -0.00003  0.00003  0.00003  0.00002  0.00001
 37   ag          x  -0.00005  0.00006 -0.00018  0.00004  0.00001 -0.00004
                  y   0.00001 -0.00002 -0.00016 -0.00005  0.00001  0.00006
                  z  -0.00003  0.00010  0.00016  0.00009  0.00010 -0.00027
 38   ag          x  -0.00002  0.00000  0.00015  0.00001  0.00002 -0.00011
                  y  -0.00004  0.00003 -0.00004  0.00007  0.00004 -0.00011
                  z   0.00007 -0.00004  0.00012 -0.00005 -0.00001  0.00007
 39   ag          x   0.00007 -0.00001 -0.00002 -0.00000 -0.00000  0.00014
                  y   0.00001  0.00001 -0.00004  0.00003 -0.00001 -0.00005
                  z   0.00000  0.00000  0.00010 -0.00001  0.00001  0.00001
 40   ag          x   0.00001  0.00003 -0.00010 -0.00005  0.00002 -0.00001
                  y   0.00006  0.00006  0.00000 -0.00008 -0.00000  0.00006
                  z  -0.00006 -0.00005  0.00008  0.00005  0.00004 -0.00015
 41   c           x   0.01591  0.09416  0.11437  0.10762 -0.04249 -0.01227
                  y   0.07215 -0.10723  0.09530  0.02204 -0.13406 -0.03475
                  z  -0.00576 -0.00569 -0.01054 -0.00795  0.00448  0.00692
 42   n           x   0.04386 -0.04448  0.08188  0.02253 -0.12920 -0.02874
                  y   0.01960  0.07084  0.06714  0.08066  0.05742  0.01984
                  z  -0.02406 -0.00129 -0.01128 -0.00146 -0.00077  0.07039
 43   c           x  -0.13499  0.07203 -0.09209 -0.02350  0.06152  0.01334
                  y   0.01308  0.10103  0.08190  0.11574  0.11133  0.03290
                  z   0.01770 -0.01276  0.00481 -0.00585 -0.01431  0.00240
 44   c           x   0.02549 -0.10275  0.00239 -0.06613 -0.10796 -0.04864
                  y  -0.07350 -0.03515 -0.10830 -0.11593  0.02694 -0.00389
                  z   0.03257  0.02030 -0.00663  0.00536  0.05777 -0.22417
 45   c           x   0.08394 -0.07350 -0.07086 -0.11235  0.00311  0.00608
                  y  -0.13027 -0.08221 -0.03747 -0.07174 -0.10478 -0.02971
                  z  -0.08518  0.00511  0.02263  0.02681  0.00137  0.00485
 46   c           x   0.12287 -0.03727 -0.06741 -0.04562  0.04080  0.02960
                  y  -0.03858  0.00036  0.03483  0.09983 -0.07380  0.00408
                  z   0.15786  0.01100 -0.01439 -0.02262 -0.03438  0.19050
 47   c           x  -0.06704 -0.04126 -0.03651  0.01562  0.06426  0.02642
                  y  -0.08323 -0.01104  0.08294  0.11395 -0.05122 -0.01191
                  z   0.10005  0.01481 -0.02807 -0.01784  0.03356 -0.13215
 48   c           x  -0.10561 -0.11177  0.06582  0.07580 -0.01709  0.01024
                  y  -0.10557  0.01146 -0.06614  0.04666  0.04153  0.02303
                  z  -0.08345 -0.00264 -0.00297  0.00467 -0.00201 -0.02399
 49   c           x  -0.10782 -0.15466  0.01338 -0.02031 -0.04654 -0.00548
                  y  -0.10030 -0.04411 -0.15919 -0.14620  0.03691  0.00223
                  z   0.07251  0.01334  0.00594 -0.00414 -0.00660  0.03114
 50   n           x  -0.06079 -0.00037 -0.00363 -0.03562  0.10230  0.01431
                  y  -0.05316  0.00814  0.21091 -0.00136  0.00308 -0.01782
                  z  -0.01449 -0.01587  0.01323  0.00740  0.00007  0.01065
 51   c           x  -0.09569  0.04257  0.03451  0.01617  0.06510 -0.00284
                  y   0.04785 -0.00992  0.07728 -0.11585  0.05391  0.01484
                  z  -0.07042  0.01341 -0.03326  0.01212 -0.02827  0.11707
 52   c           x  -0.11888  0.10914 -0.06416  0.07979 -0.01752 -0.01924
                  y   0.09743  0.01457 -0.06643 -0.04504 -0.04363  0.00339
                  z   0.06551  0.00949  0.01612 -0.01588  0.00257  0.01695
 53   c           x  -0.11468  0.15377 -0.01408 -0.01772 -0.04581 -0.02696
                  y   0.07450 -0.04409 -0.15379  0.14958 -0.04075  0.00839
                  z  -0.05782 -0.00359 -0.00487  0.01362  0.00796 -0.02680
 54   c           x   0.01356  0.10518 -0.00281 -0.06471 -0.11158 -0.02246
                  y   0.05110 -0.03383 -0.10275  0.11654 -0.03116  0.01543
                  z  -0.04896  0.00892  0.01052 -0.02528 -0.03024  0.20985
 55   n           x   0.02812  0.04275 -0.07911  0.02571 -0.13062  0.00017
                  y  -0.00707  0.07249  0.06256 -0.07949 -0.05860 -0.00711
                  z   0.02787  0.00990 -0.01907  0.00966  0.00395 -0.06771
 56   c           x   0.01767 -0.09096 -0.11168  0.10885 -0.04733  0.00196
                  y  -0.03133 -0.10839  0.08976 -0.02310  0.13528  0.00650
                  z   0.00231 -0.00602 -0.01090  0.01020 -0.00529 -0.00542
 57   c           x  -0.07063 -0.07536  0.08487 -0.02149  0.06786 -0.00253
                  y  -0.00242  0.10372  0.07952 -0.11681 -0.10907 -0.01245
                  z  -0.00568 -0.00497  0.00587 -0.00064  0.00263 -0.00467
 58   c           x   0.05152  0.07478  0.07102 -0.11562  0.00269  0.00652
                  y   0.08110 -0.08096 -0.02954  0.06767  0.10324  0.01818
                  z   0.04585  0.01202  0.03401 -0.02741 -0.00792  0.00412
 59   c           x   0.06796  0.03780  0.06986 -0.04657  0.04093  0.01906
                  y   0.03164  0.00006  0.03068 -0.10049  0.07376 -0.01184
                  z  -0.09447  0.01319 -0.05525  0.03519  0.01627 -0.18809
 60   s           x   0.19481 -0.00088  0.00142  0.02628  0.07439  0.01255
                  y   0.05023  0.08386 -0.10270  0.00200  0.00031 -0.00420
                  z  -0.00786 -0.01771  0.01718 -0.00252  0.00254 -0.00086
 61   h           x  -0.02365  0.21002  0.13597  0.18868  0.06521  0.06293
                  y   0.06977 -0.11139  0.08031  0.00213 -0.14844  0.00163
                  z   0.00139 -0.02226 -0.00443 -0.00851 -0.00229 -0.02859
 62   h           x  -0.02046  0.28068  0.12285  0.20218  0.13484 -0.00797
                  y   0.07845 -0.12650  0.10045  0.01807 -0.14076 -0.07377
                  z   0.00157 -0.03551 -0.00658 -0.01745 -0.01442 -0.02423
 63   h           x   0.04316 -0.03956  0.09020  0.02275 -0.16129 -0.04785
                  y   0.10645 -0.29949  0.05990 -0.09766 -0.29913 -0.08395
                  z  -0.00610  0.04274 -0.02372 -0.00408  0.04126  0.01273
 64   h           x  -0.18297  0.09238 -0.14235 -0.04600  0.10529  0.02135
                  y  -0.16689  0.19245 -0.12385  0.02734  0.30276  0.08110
                  z  -0.02140 -0.00916  0.02262  0.01197 -0.01799 -0.03511
 65   h           x  -0.25650  0.13080 -0.19463 -0.05990  0.17113  0.02470
                  y   0.07937  0.04202  0.18329  0.15820 -0.00409  0.05891
                  z   0.06116 -0.01653  0.01038 -0.00893 -0.01683 -0.02225
 66   h           x  -0.17679  0.11421 -0.19241 -0.07439  0.15568  0.05354
                  y   0.12080  0.05096  0.16459  0.13812  0.02563 -0.05190
                  z   0.04570 -0.01629  0.00132 -0.01398 -0.01139 -0.01712
 67   h           x   0.00367 -0.10550 -0.18789 -0.25346  0.07377  0.02939
                  y  -0.14172 -0.08797 -0.04496 -0.08355 -0.10105 -0.01879
                  z  -0.30049 -0.02747  0.08219  0.06545 -0.05818  0.20019
 68   h           x  -0.09220 -0.11913  0.21634  0.25120 -0.10483  0.00587
                  y  -0.11208  0.00766 -0.04752  0.06833  0.02677  0.03414
                  z  -0.27920 -0.03382  0.01854  0.02868 -0.07530  0.31416
 69   h           x  -0.14160 -0.11846  0.04622  0.07348  0.00350  0.04292
                  y  -0.06051 -0.08948 -0.20272 -0.26929 -0.03473 -0.03461
                  z   0.01634 -0.02141  0.04061  0.01648 -0.11465  0.51278
 70   h           x  -0.10630  0.11591 -0.20855  0.25942 -0.10934 -0.02323
                  y   0.11013  0.01150 -0.04829 -0.06476 -0.02864 -0.01848
                  z   0.23345  0.00557  0.04653 -0.01639  0.04182 -0.27727
 71   h           x  -0.15120  0.11667 -0.04208  0.07177  0.00625 -0.01530
                  y   0.03176 -0.09099 -0.19429  0.27548  0.03621 -0.02300
                  z   0.00261 -0.01617 -0.00905  0.05018  0.07147 -0.45695
 72   h           x   0.02563 -0.20208 -0.14118  0.18828  0.07298 -0.03616
                  y  -0.03833 -0.10646  0.08462 -0.01457  0.13895  0.04095
                  z  -0.00169 -0.00310 -0.01276  0.01311 -0.00428  0.01489
 73   h           x   0.02912  0.05164 -0.08876  0.02300 -0.17268 -0.00663
                  y  -0.04591 -0.30353  0.05520  0.09599  0.30140  0.01857
                  z  -0.01746 -0.04374  0.00764  0.00956  0.00912  0.00676
 74   h           x  -0.02346 -0.28920 -0.10934  0.20130  0.12387  0.05334
                  y  -0.02902 -0.13781  0.08297 -0.00389  0.15452 -0.02183
                  z  -0.00369  0.00246 -0.00610  0.00317 -0.00776  0.02430
 75   h           x  -0.09554 -0.09506  0.13557 -0.04791  0.11515 -0.00448
                  y   0.09429  0.19272 -0.11540 -0.02341 -0.30316 -0.01185
                  z  -0.01710 -0.02723  0.02706 -0.00165  0.00709  0.02822
 76   h           x  -0.10773 -0.10875  0.16410 -0.06483  0.16299 -0.01554
                  y  -0.02097  0.05843  0.15373 -0.14548 -0.00400 -0.06864
                  z  -0.01885 -0.00461  0.01756 -0.01179  0.01149  0.01196
 77   h           x  -0.12193 -0.13794  0.19186 -0.06626  0.17543  0.00799
                  y  -0.07436  0.04010  0.18230 -0.16067 -0.00511  0.04029
                  z  -0.02071 -0.00832  0.00998 -0.00419  0.00711  0.01933
 78   h           x  -0.00412  0.10533  0.18374 -0.26297  0.07906  0.01176
                  y   0.09594 -0.08578 -0.03303  0.07907  0.09988  0.00449
                  z   0.22182  0.00065  0.09882 -0.03822  0.02260 -0.16614

reduced mass(g/mol)     5.554    3.682    4.490    3.880    3.693    3.488


       mode             157      158      159      160      161      162

     frequency         593.18   595.64   668.99   669.83   707.82   728.34

     symmetry            a        a        a        a        a        a   

        IR               YES      YES      YES      YES      YES      YES
|dDIP/dQ|   (a.u.)     0.0027   0.0012   0.0011   0.0015   0.0005   0.0008
intensity (km/mol)      12.60     2.65     2.07     3.99     0.40     1.00
intensity (  %   )       4.91     1.03     0.81     1.56     0.16     0.39
 
       RAMAN             YES      YES      YES      YES      YES      YES
         (par,par)       0.00     0.00     0.00     0.00     0.00     0.00
         (ort,ort)       0.00     0.00     0.00     0.00     0.00     0.00
       (ort,unpol)       0.00     0.00     0.00     0.00     0.00     0.00
     depol. ratio        0.26     0.72     0.18     0.32     0.58     0.74
 
  1   ag          x   0.00002 -0.00004  0.00005 -0.00000 -0.00002 -0.00003
                  y   0.00009 -0.00006  0.00001 -0.00001 -0.00000  0.00008
                  z  -0.00007 -0.00007 -0.00003 -0.00002 -0.00000  0.00001
  2   ag          x   0.00006  0.00004  0.00001 -0.00001 -0.00001 -0.00001
                  y   0.00002 -0.00001 -0.00002  0.00001  0.00000  0.00002
                  z  -0.00004 -0.00004 -0.00001  0.00001 -0.00004 -0.00007
  3   ag          x   0.00002  0.00000  0.00000 -0.00002 -0.00001  0.00003
                  y   0.00008 -0.00006  0.00001  0.00003 -0.00005 -0.00002
                  z   0.00005 -0.00001  0.00004  0.00005 -0.00004 -0.00005
  4   ag          x   0.00001 -0.00000  0.00006  0.00000  0.00005 -0.00001
                  y   0.00007 -0.00008 -0.00001 -0.00001 -0.00001 -0.00003
                  z   0.00012 -0.00006 -0.00001 -0.00003 -0.00007 -0.00009
  5   ag          x   0.00002 -0.00015 -0.00001  0.00001 -0.00002 -0.00003
                  y   0.00002 -0.00009 -0.00007  0.00004  0.00000  0.00000
                  z   0.00001 -0.00008  0.00002  0.00000  0.00002 -0.00006
  6   ag          x  -0.00010  0.00005  0.00001  0.00003 -0.00002 -0.00007
                  y   0.00007 -0.00001  0.00007  0.00000 -0.00001  0.00002
                  z   0.00003 -0.00009  0.00005  0.00002 -0.00001 -0.00000
  7   ag          x   0.00002 -0.00001  0.00015  0.00007 -0.00003 -0.00004
                  y   0.00006 -0.00002  0.00009  0.00004  0.00004  0.00002
                  z  -0.00044  0.00041 -0.00014 -0.00013 -0.00002  0.00012
  8   ag          x   0.00016 -0.00003 -0.00012 -0.00009  0.00006  0.00005
                  y  -0.00020  0.00005 -0.00003 -0.00003  0.00008  0.00002
                  z  -0.00030 -0.00004  0.00014  0.00001  0.00011  0.00008
  9   ag          x   0.00000 -0.00005 -0.00001 -0.00005 -0.00004  0.00013
                  y  -0.00005 -0.00000 -0.00004  0.00001 -0.00002  0.00007
                  z  -0.00008  0.00001 -0.00008  0.00000 -0.00001  0.00003
 10   ag          x   0.00004 -0.00017 -0.00005  0.00011 -0.00002  0.00005
                  y  -0.00010  0.00012  0.00005 -0.00003 -0.00002  0.00005
                  z  -0.00015  0.00011  0.00001 -0.00006  0.00002 -0.00004
 11   ag          x  -0.00003  0.00003 -0.00007 -0.00001  0.00001 -0.00002
                  y   0.00017 -0.00010 -0.00012  0.00000  0.00005  0.00003
                  z   0.00035 -0.00009 -0.00011 -0.00005  0.00005  0.00010
 12   ag          x  -0.00002  0.00003 -0.00014 -0.00004  0.00004  0.00005
                  y  -0.00013  0.00014 -0.00009 -0.00001 -0.00005  0.00003
                  z   0.00017  0.00000  0.00005  0.00005 -0.00004 -0.00003
 13   ag          x   0.00008 -0.00013  0.00009  0.00000 -0.00005 -0.00004
                  y  -0.00004  0.00012 -0.00000  0.00004 -0.00005  0.00014
                  z  -0.00028  0.00018  0.00004 -0.00045 -0.00009  0.00008
 14   ag          x  -0.00007  0.00010  0.00008 -0.00010  0.00027 -0.00016
                  y  -0.00010  0.00010 -0.00002  0.00002  0.00011 -0.00007
                  z  -0.00010  0.00033 -0.00004  0.00004  0.00009 -0.00005
 15   ag          x  -0.00008  0.00002 -0.00001 -0.00002 -0.00001  0.00001
                  y   0.00003  0.00016  0.00004 -0.00006  0.00002  0.00005
                  z   0.00014  0.00001  0.00008 -0.00007 -0.00009  0.00010
 16   ag          x  -0.00000  0.00003  0.00001 -0.00005  0.00001  0.00001
                  y   0.00008  0.00003  0.00004 -0.00000  0.00002  0.00005
                  z  -0.00007 -0.00001  0.00012  0.00007 -0.00017 -0.00012
 17   ag          x  -0.00003  0.00007  0.00002  0.00003  0.00001  0.00003
                  y  -0.00011 -0.00007 -0.00006 -0.00009  0.00000 -0.00012
                  z   0.00011  0.00006  0.00011  0.00004  0.00009  0.00016
 18   ag          x  -0.00011 -0.00001  0.00002 -0.00004  0.00001 -0.00008
                  y   0.00011 -0.00016 -0.00000 -0.00001 -0.00012  0.00004
                  z  -0.00003  0.00014 -0.00009  0.00018 -0.00009  0.00011
 19   ag          x  -0.00002  0.00003 -0.00000  0.00002 -0.00004  0.00006
                  y   0.00002  0.00001  0.00005 -0.00003 -0.00005  0.00002
                  z  -0.00014 -0.00001 -0.00010  0.00006  0.00005 -0.00001
 20   ag          x   0.00002 -0.00004 -0.00002  0.00002  0.00001 -0.00006
                  y  -0.00001 -0.00004 -0.00002  0.00001  0.00002 -0.00006
                  z   0.00007  0.00004  0.00004 -0.00001 -0.00004  0.00006
 21   ag          x  -0.00016  0.00003 -0.00003 -0.00000  0.00000 -0.00006
                  y  -0.00001  0.00001  0.00003  0.00002 -0.00001 -0.00001
                  z  -0.00003 -0.00004  0.00003 -0.00001  0.00005 -0.00002
 22   ag          x   0.00012 -0.00005 -0.00000 -0.00000 -0.00002  0.00007
                  y   0.00008 -0.00001  0.00001  0.00002 -0.00001 -0.00000
                  z  -0.00016  0.00004 -0.00000 -0.00001 -0.00000 -0.00004
 23   ag          x  -0.00007  0.00004 -0.00001  0.00001 -0.00000 -0.00002
                  y   0.00006 -0.00005  0.00001  0.00000 -0.00001 -0.00002
                  z   0.00001 -0.00002 -0.00000 -0.00001 -0.00002  0.00001
 24   ag          x  -0.00001  0.00003 -0.00003 -0.00000  0.00002  0.00005
                  y   0.00007 -0.00001  0.00000  0.00002 -0.00000  0.00002
                  z   0.00007 -0.00007 -0.00000  0.00003 -0.00004 -0.00008
 25   ag          x  -0.00006 -0.00004 -0.00002 -0.00004  0.00003  0.00009
                  y  -0.00017 -0.00001 -0.00006  0.00000 -0.00005 -0.00006
                  z   0.00006  0.00009 -0.00004  0.00002  0.00002 -0.00002
 26   ag          x   0.00020 -0.00009 -0.00004  0.00002 -0.00002 -0.00004
                  y  -0.00005 -0.00001 -0.00004 -0.00000 -0.00002 -0.00000
                  z  -0.00006  0.00009  0.00001  0.00001  0.00004  0.00003
 27   ag          x  -0.00011  0.00017  0.00005 -0.00000  0.00001 -0.00004
                  y   0.00010 -0.00008 -0.00001  0.00005 -0.00007 -0.00004
                  z  -0.00021  0.00013  0.00004  0.00006  0.00004  0.00003
 28   ag          x  -0.00003 -0.00004 -0.00001  0.00003  0.00001 -0.00003
                  y  -0.00008 -0.00006  0.00002 -0.00005  0.00002 -0.00002
                  z   0.00006  0.00004 -0.00000  0.00004 -0.00002  0.00005
 29   ag          x  -0.00002  0.00008  0.00001  0.00001  0.00003 -0.00002
                  y   0.00015  0.00005  0.00002  0.00003  0.00003 -0.00001
                  z   0.00003  0.00005  0.00000 -0.00000  0.00006  0.00003
 30   ag          x   0.00009 -0.00014  0.00002  0.00001  0.00001 -0.00001
                  y  -0.00017  0.00012  0.00004  0.00001  0.00003 -0.00008
                  z  -0.00011  0.00013 -0.00002 -0.00004  0.00005  0.00010
 31   ag          x  -0.00005  0.00005 -0.00003 -0.00003  0.00002  0.00005
                  y  -0.00008  0.00003  0.00002  0.00001  0.00001 -0.00005
                  z  -0.00003  0.00008 -0.00002 -0.00004  0.00005  0.00006
 32   ag          x   0.00010 -0.00001  0.00004  0.00001 -0.00001 -0.00001
                  y   0.00013  0.00002  0.00002 -0.00000 -0.00005  0.00006
                  z  -0.00008  0.00022  0.00000  0.00003  0.00002  0.00004
 33   ag          x   0.00011 -0.00002 -0.00003 -0.00001 -0.00006 -0.00004
                  y   0.00002 -0.00004 -0.00002 -0.00001 -0.00001  0.00001
                  z  -0.00004  0.00002  0.00001  0.00001  0.00004 -0.00001
 34   ag          x  -0.00007  0.00000  0.00002  0.00000  0.00003 -0.00003
                  y   0.00005  0.00003 -0.00006 -0.00003  0.00001  0.00002
                  z   0.00005  0.00000  0.00001 -0.00007  0.00000  0.00003
 35   ag          x   0.00006  0.00001  0.00001 -0.00000 -0.00001  0.00005
                  y   0.00001  0.00003 -0.00001  0.00002  0.00003 -0.00001
                  z  -0.00003 -0.00006  0.00002 -0.00009  0.00008 -0.00009
 36   ag          x   0.00001  0.00001  0.00001 -0.00001 -0.00000  0.00001
                  y  -0.00014  0.00010 -0.00002  0.00002  0.00002 -0.00001
                  z  -0.00008  0.00010 -0.00002  0.00002  0.00006 -0.00005
 37   ag          x  -0.00006 -0.00003 -0.00000 -0.00002  0.00003 -0.00006
                  y  -0.00007  0.00001 -0.00001 -0.00003  0.00003 -0.00006
                  z  -0.00003  0.00009  0.00012  0.00008 -0.00002  0.00007
 38   ag          x   0.00011  0.00003  0.00001  0.00002 -0.00004  0.00011
                  y  -0.00005 -0.00002  0.00004 -0.00003  0.00003 -0.00005
                  z   0.00009  0.00003  0.00001  0.00002 -0.00001  0.00008
 39   ag          x  -0.00009  0.00008  0.00002  0.00002 -0.00001  0.00001
                  y  -0.00004 -0.00002  0.00004 -0.00003  0.00001 -0.00002
                  z  -0.00001  0.00003 -0.00003  0.00004  0.00002 -0.00000
 40   ag          x  -0.00015  0.00003 -0.00003 -0.00002  0.00003  0.00000
                  y  -0.00012  0.00010  0.00001 -0.00004  0.00004  0.00008
                  z   0.00009 -0.00008 -0.00002 -0.00001  0.00001 -0.00001
 41   c           x   0.02585  0.04062 -0.06177 -0.03833  0.00485  0.01136
                  y   0.02874  0.05658 -0.05815 -0.03649  0.00189  0.00792
                  z   0.00133 -0.00744  0.00712  0.00388  0.00224  0.00263
 42   n           x   0.04930  0.07564 -0.06693 -0.03843  0.00061  0.00251
                  y  -0.03133 -0.04704  0.03916  0.02017  0.00173  0.00101
                  z   0.03515 -0.03495  0.01352  0.00969  0.02628  0.02833
 43   c           x  -0.00260 -0.01421  0.01407  0.00953  0.00311  0.00304
                  y  -0.07415 -0.10082  0.13750  0.07213 -0.00313 -0.01169
                  z   0.00963  0.00531 -0.01042 -0.00525  0.00421  0.00558
 44   c           x   0.01993  0.06412  0.00661  0.01605 -0.01336 -0.01821
                  y   0.00062  0.00255  0.04121  0.04876 -0.00308 -0.00422
                  z  -0.18118  0.09918 -0.01333 -0.01690 -0.16945 -0.18680
 45   c           x   0.02304  0.01243 -0.09001 -0.04932 -0.00662 -0.01076
                  y   0.03342  0.05192  0.22453  0.14943  0.01332  0.00682
                  z   0.01537 -0.01303 -0.00093 -0.00308  0.04702  0.06214
 46   c           x   0.00050 -0.02200 -0.14251 -0.10086 -0.01645 -0.02183
                  y   0.01139  0.01217  0.03523 -0.00841 -0.01331 -0.02229
                  z   0.09784 -0.04332  0.02553  0.02313 -0.12051 -0.17359
 47   c           x  -0.04997 -0.08035 -0.09131 -0.06017 -0.00018  0.00452
                  y  -0.02569 -0.01396 -0.10235 -0.10636  0.00797  0.01365
                  z  -0.09132  0.05630  0.00274  0.00822  0.20353  0.27191
 48   c           x  -0.10628 -0.13925  0.08052  0.01812  0.00162  0.00450
                  y  -0.02813 -0.05222 -0.37047 -0.28669 -0.00483  0.01267
                  z  -0.06768  0.04121  0.00946  0.00347 -0.08755 -0.06218
 49   c           x  -0.08960 -0.11393  0.19331  0.11697  0.00779  0.00794
                  y   0.00832 -0.00437 -0.05896 -0.01385 -0.00068  0.00383
                  z   0.06225 -0.01809 -0.00769  0.00064  0.10228  0.11465
 50   n           x  -0.00186  0.00173 -0.03126  0.00635  0.00174  0.00922
                  y   0.05410  0.08317  0.00452  0.03227 -0.00456 -0.02166
                  z   0.10998 -0.08897 -0.00220 -0.00236  0.00731 -0.13739
 51   c           x   0.05566  0.08346 -0.06600  0.09042  0.01019 -0.00692
                  y  -0.01698 -0.01533  0.05826 -0.13004 -0.01913  0.02382
                  z  -0.07449  0.09061  0.00141  0.02596 -0.23219  0.24445
 52   c           x   0.10143  0.14128  0.06631 -0.04184 -0.00144 -0.00956
                  y  -0.03326 -0.04717  0.25032 -0.39732  0.00470  0.00852
                  z  -0.06303  0.05379 -0.02227  0.02505  0.09160 -0.05181
 53   c           x   0.09080  0.11010  0.14135 -0.17786 -0.00105 -0.00975
                  y  -0.00375  0.00895  0.05157 -0.03503 -0.00327  0.00722
                  z   0.05677 -0.03340  0.00290  0.00435 -0.11584  0.10157
 54   c           x  -0.02615 -0.06969  0.00309 -0.02000 -0.01373  0.01365
                  y  -0.01540  0.01602 -0.02330  0.06086  0.00932 -0.00833
                  z  -0.16847  0.16013  0.00796 -0.02752  0.17829 -0.15978
 55   n           x  -0.05966 -0.07061 -0.05037  0.05881  0.00228 -0.00198
                  y  -0.03093 -0.05062 -0.02860  0.03119 -0.00200  0.00135
                  z   0.04146 -0.04226  0.00323 -0.00090 -0.02866  0.02681
 56   c           x  -0.03903 -0.03693 -0.04919  0.05908  0.00719 -0.00839
                  y   0.04367  0.05040  0.04325 -0.05313 -0.00599  0.00791
                  z   0.00143 -0.00692 -0.00477  0.00566 -0.00181  0.00203
 57   c           x   0.01365  0.01149  0.01244 -0.01681 -0.00103  0.00094
                  y  -0.07317 -0.10939 -0.10573  0.11496  0.00400 -0.00562
                  z   0.00367 -0.00486 -0.00146  0.00284 -0.00444  0.00355
 58   c           x  -0.00999 -0.02002 -0.06020  0.07352 -0.00394  0.00668
                  y   0.03446  0.05635 -0.15954  0.22199 -0.00389  0.00102
                  z   0.01105 -0.01191  0.00795 -0.01169 -0.04310  0.04950
 59   c           x   0.00860  0.02298 -0.09661  0.14820 -0.01024  0.01364
                  y   0.02488 -0.00270 -0.03328  0.00103  0.02000 -0.02571
                  z   0.09051 -0.09160 -0.01418  0.01298  0.13630 -0.15246
 60   s           x  -0.00210  0.00194  0.10839 -0.01938  0.00663  0.00301
                  y   0.03093  0.03652  0.01977  0.11142  0.00107  0.00205
                  z  -0.01852  0.00352 -0.00250 -0.02093  0.00025  0.00678
 61   h           x   0.00300 -0.05247  0.01132 -0.00328  0.02797  0.03543
                  y   0.07076  0.05471 -0.06685 -0.03675  0.02060  0.02271
                  z  -0.02400  0.00949  0.00102 -0.00112 -0.01543 -0.01312
 62   h           x  -0.06023 -0.03767  0.01871 -0.00120 -0.01843 -0.01531
                  y   0.00118  0.07928 -0.06470 -0.04146 -0.01778 -0.00843
                  z  -0.01459  0.01575 -0.00361 -0.00255 -0.01122 -0.00777
 63   h           x   0.07135  0.11443 -0.12672 -0.06995  0.00063  0.00727
                  y   0.08761  0.15675 -0.14382 -0.07792 -0.00268  0.00526
                  z   0.00561 -0.01936  0.01341  0.00913 -0.00536 -0.01581
 64   h           x  -0.01249 -0.03292  0.03271  0.02225  0.00518  0.00459
                  y  -0.11773 -0.19108  0.22553  0.13093  0.00296 -0.00823
                  z  -0.00256  0.01689 -0.01287 -0.00855  0.00973  0.00944
 65   h           x  -0.03468 -0.06108  0.06185  0.04078  0.00549  0.00295
                  y  -0.01372 -0.07475  0.08783  0.04198  0.02489  0.02059
                  z  -0.00666  0.02150 -0.01318 -0.00804 -0.01513 -0.01489
 66   h           x  -0.02005 -0.06257  0.05307  0.03702  0.00029 -0.00064
                  y  -0.08651 -0.02746  0.08048  0.03694 -0.03427 -0.04309
                  z  -0.00433  0.01566 -0.01545 -0.00787 -0.01044 -0.01055
 67   h           x   0.02387 -0.03368 -0.06783 -0.00590  0.02004  0.01471
                  y   0.04431  0.04069  0.22620  0.15401  0.03244  0.02470
                  z   0.26045 -0.17793 -0.04988 -0.02356  0.44326  0.44078
 68   h           x  -0.14550 -0.17901  0.05827 -0.06503 -0.00042 -0.00089
                  y  -0.02531 -0.06403 -0.37665 -0.30028 -0.01238  0.00027
                  z   0.17109 -0.13018  0.02643  0.00291 -0.29799 -0.41213
 69   h           x  -0.12503 -0.20853  0.09959  0.02000  0.01392  0.01645
                  y   0.07965  0.10742  0.05772  0.10951 -0.00499 -0.01082
                  z   0.47124 -0.28201  0.01777  0.01470  0.18217  0.06235
 70   h           x   0.12217  0.19499  0.07469  0.04129  0.00175 -0.01633
                  y  -0.01977 -0.07125  0.25167 -0.41178  0.02595 -0.01700
                  z   0.14993 -0.16516 -0.02200  0.01260  0.36922 -0.39387
 71   h           x   0.13319  0.20305  0.08462 -0.05463  0.00358 -0.01832
                  y   0.09779  0.09783 -0.01706  0.12227 -0.00180 -0.01153
                  z   0.44246 -0.39331  0.01763 -0.00553 -0.16057  0.03530
 72   h           x   0.04264  0.00745  0.00195  0.01102 -0.01983  0.01622
                  y   0.02726  0.09372  0.05146 -0.06265  0.01661 -0.00983
                  z  -0.00891  0.01757 -0.00035  0.00044  0.01139 -0.00818
 73   h           x  -0.08898 -0.11265 -0.09830  0.10995  0.00550 -0.00679
                  y   0.10875  0.14962  0.10642 -0.11779 -0.00327  0.00495
                  z  -0.00336 -0.00912 -0.00692  0.00671  0.00863 -0.01372
 74   h           x   0.00196  0.08914  0.01611 -0.00891  0.03197 -0.03046
                  y   0.06908  0.03497  0.04820 -0.05538 -0.02287  0.01978
                  z  -0.01890  0.01966 -0.00251  0.00103  0.01624 -0.01145
 75   h           x   0.03018  0.02711  0.02576 -0.03537 -0.00159  0.00173
                  y  -0.14132 -0.18254 -0.16681  0.19749  0.00741 -0.00939
                  z  -0.00955  0.01040  0.00651 -0.00933 -0.01150  0.00746
 76   h           x   0.05430  0.04393  0.03746 -0.04974  0.00010  0.00125
                  y   0.00296 -0.10564 -0.06176  0.06371 -0.03117  0.02714
                  z  -0.00558  0.01229 -0.00541  0.00570  0.01101 -0.01006
 77   h           x   0.04868  0.05583  0.04682 -0.06407 -0.00772  0.00690
                  y  -0.06762 -0.03086 -0.07186  0.06958  0.03059 -0.02868
                  z  -0.01212  0.01684 -0.00173  0.00195  0.01528 -0.01317
 78   h           x   0.00930  0.01536 -0.04869  0.01809  0.02435 -0.01689
                  y   0.05103  0.03608 -0.16002  0.22904 -0.04090  0.02778
                  z   0.25129 -0.24651  0.03000 -0.00359 -0.51744  0.39151

reduced mass(g/mol)     3.326    3.629    6.657    6.782    3.621    4.456


       mode             163      164      165      166      167      168

     frequency         763.99   785.34   788.75   795.76   804.81   816.11

     symmetry            a        a        a        a        a        a   

        IR               YES      YES      YES      YES      YES      YES
|dDIP/dQ|   (a.u.)     0.0033   0.0030   0.0022   0.0016   0.0046   0.0036
intensity (km/mol)      19.37    16.45     8.28     4.42    37.99    23.35
intensity (  %   )       7.55     6.41     3.23     1.72    14.81     9.10
 
       RAMAN             YES      YES      YES      YES      YES      YES
         (par,par)       0.00     0.00     0.00     0.00     0.00     0.00
         (ort,ort)       0.00     0.00     0.00     0.00     0.00     0.00
       (ort,unpol)       0.00     0.00     0.00     0.00     0.00     0.00
     depol. ratio        0.24     0.23     0.25     0.36     0.30     0.75
 
  1   ag          x  -0.00000  0.00001 -0.00000  0.00001  0.00001  0.00001
                  y  -0.00003 -0.00002  0.00003 -0.00000  0.00001  0.00001
                  z  -0.00011 -0.00001  0.00006 -0.00000 -0.00002 -0.00002
  2   ag          x   0.00006  0.00001 -0.00002  0.00001  0.00001 -0.00000
                  y  -0.00001 -0.00003  0.00001  0.00001  0.00000 -0.00001
                  z  -0.00005 -0.00001  0.00002  0.00003  0.00000 -0.00001
  3   ag          x   0.00000 -0.00001  0.00000 -0.00003 -0.00001  0.00002
                  y  -0.00000 -0.00002  0.00001  0.00002  0.00001 -0.00002
                  z   0.00006 -0.00001  0.00002  0.00002  0.00001 -0.00000
  4   ag          x  -0.00000  0.00001 -0.00002  0.00001  0.00001  0.00001
                  y  -0.00004  0.00002  0.00000  0.00002  0.00002 -0.00001
                  z   0.00003 -0.00001  0.00001  0.00002  0.00001  0.00003
  5   ag          x  -0.00002 -0.00000  0.00002 -0.00001 -0.00002 -0.00003
                  y  -0.00003 -0.00004 -0.00000 -0.00000 -0.00002 -0.00002
                  z   0.00001 -0.00002  0.00002 -0.00004 -0.00004  0.00001
  6   ag          x   0.00005  0.00002 -0.00005  0.00002 -0.00000  0.00000
                  y   0.00012  0.00000 -0.00003  0.00004  0.00000  0.00002
                  z   0.00005 -0.00004  0.00002  0.00008  0.00001 -0.00001
  7   ag          x  -0.00001  0.00006 -0.00009 -0.00003  0.00000  0.00003
                  y   0.00010  0.00009 -0.00012 -0.00001 -0.00001  0.00003
                  z   0.00009  0.00044 -0.00058 -0.00022  0.00000  0.00018
  8   ag          x  -0.00003 -0.00003  0.00004  0.00003 -0.00000  0.00000
                  y   0.00006 -0.00004  0.00005  0.00001 -0.00003 -0.00004
                  z  -0.00000  0.00001 -0.00004  0.00009 -0.00003 -0.00002
  9   ag          x  -0.00003 -0.00006 -0.00003 -0.00005 -0.00005 -0.00001
                  y  -0.00005  0.00002 -0.00001 -0.00002 -0.00004 -0.00002
                  z  -0.00006  0.00006  0.00003 -0.00001  0.00005 -0.00001
 10   ag          x  -0.00004 -0.00005 -0.00005 -0.00004 -0.00005  0.00002
                  y   0.00003  0.00006  0.00002 -0.00000  0.00003  0.00002
                  z   0.00009  0.00012  0.00009  0.00008  0.00013 -0.00002
 11   ag          x   0.00004  0.00003 -0.00002  0.00001  0.00001 -0.00006
                  y  -0.00005  0.00002 -0.00005 -0.00005 -0.00001  0.00000
                  z  -0.00007 -0.00001 -0.00002 -0.00006  0.00002  0.00001
 12   ag          x  -0.00006  0.00000  0.00000  0.00002 -0.00002 -0.00004
                  y  -0.00002 -0.00002  0.00002 -0.00006  0.00002  0.00031
                  z   0.00009 -0.00010  0.00008  0.00005 -0.00003  0.00020
 13   ag          x  -0.00011  0.00007  0.00005 -0.00001  0.00004 -0.00002
                  y   0.00001  0.00002  0.00000  0.00001  0.00002  0.00002
                  z   0.00040 -0.00001  0.00004 -0.00009  0.00004 -0.00005
 14   ag          x   0.00006  0.00009  0.00007 -0.00000 -0.00012  0.00004
                  y   0.00006 -0.00018 -0.00011 -0.00008  0.00027 -0.00003
                  z  -0.00005 -0.00025 -0.00022 -0.00002  0.00013 -0.00003
 15   ag          x  -0.00004 -0.00001 -0.00000  0.00004 -0.00001 -0.00000
                  y   0.00002 -0.00000 -0.00000  0.00001  0.00002 -0.00001
                  z  -0.00008 -0.00001 -0.00003  0.00009  0.00002  0.00001
 16   ag          x  -0.00003  0.00001  0.00005 -0.00008  0.00001  0.00006
                  y  -0.00005  0.00000  0.00001 -0.00001  0.00003 -0.00005
                  z   0.00002 -0.00006  0.00005  0.00001  0.00001  0.00019
 17   ag          x  -0.00004 -0.00000 -0.00001  0.00001  0.00001  0.00002
                  y   0.00002  0.00002  0.00001  0.00000 -0.00001 -0.00001
                  z   0.00009 -0.00001 -0.00001 -0.00003 -0.00000 -0.00010
 18   ag          x  -0.00003 -0.00003 -0.00001 -0.00001  0.00002 -0.00001
                  y   0.00003  0.00018  0.00011  0.00006 -0.00019  0.00001
                  z  -0.00003  0.00007  0.00005  0.00005 -0.00008 -0.00000
 19   ag          x   0.00001  0.00001  0.00000  0.00000 -0.00000 -0.00000
                  y  -0.00004  0.00003  0.00001  0.00004 -0.00005  0.00000
                  z  -0.00001 -0.00002 -0.00002 -0.00005  0.00003 -0.00002
 20   ag          x   0.00003  0.00001 -0.00001  0.00001 -0.00001 -0.00001
                  y  -0.00004  0.00000 -0.00002 -0.00001 -0.00001 -0.00001
                  z   0.00004 -0.00000  0.00001  0.00001  0.00002  0.00002
 21   ag          x  -0.00000  0.00001  0.00002 -0.00000 -0.00003 -0.00000
                  y  -0.00001  0.00000  0.00001 -0.00002 -0.00001  0.00003
                  z   0.00002 -0.00001  0.00004 -0.00002  0.00000 -0.00002
 22   ag          x   0.00001 -0.00000 -0.00000  0.00002  0.00001 -0.00001
                  y   0.00003 -0.00002  0.00000 -0.00000  0.00001  0.00002
                  z  -0.00004 -0.00000  0.00001 -0.00000 -0.00002 -0.00000
 23   ag          x  -0.00004  0.00000 -0.00002  0.00001  0.00001 -0.00000
                  y   0.00001 -0.00000  0.00002  0.00000 -0.00000 -0.00000
                  z  -0.00005 -0.00000 -0.00002  0.00001 -0.00000 -0.00001
 24   ag          x  -0.00001 -0.00001  0.00001 -0.00002 -0.00001  0.00000
                  y   0.00004 -0.00000  0.00003 -0.00001 -0.00001  0.00001
                  z   0.00004  0.00000 -0.00001  0.00002 -0.00001 -0.00001
 25   ag          x  -0.00011 -0.00001  0.00005 -0.00002 -0.00003 -0.00002
                  y  -0.00010  0.00002 -0.00001 -0.00001 -0.00002 -0.00001
                  z   0.00010 -0.00003  0.00000  0.00001 -0.00000 -0.00002
 26   ag          x   0.00004 -0.00002 -0.00003  0.00001  0.00002 -0.00001
                  y  -0.00004  0.00000 -0.00001 -0.00001 -0.00000  0.00000
                  z   0.00004  0.00003 -0.00003 -0.00002 -0.00001  0.00001
 27   ag          x   0.00010  0.00003  0.00001  0.00000 -0.00000  0.00003
                  y   0.00008 -0.00004  0.00002  0.00002  0.00000 -0.00002
                  z   0.00004  0.00003  0.00001 -0.00001 -0.00001 -0.00000
 28   ag          x  -0.00000 -0.00002  0.00002 -0.00001 -0.00001 -0.00002
                  y  -0.00000  0.00000  0.00002 -0.00001 -0.00002 -0.00002
                  z  -0.00000  0.00003 -0.00000  0.00001  0.00002  0.00001
 29   ag          x   0.00006  0.00001 -0.00001 -0.00000 -0.00000  0.00001
                  y   0.00013 -0.00002  0.00001  0.00000  0.00002  0.00001
                  z   0.00002  0.00003 -0.00003 -0.00004 -0.00001 -0.00001
 30   ag          x  -0.00005 -0.00004  0.00003 -0.00002 -0.00002 -0.00001
                  y   0.00005  0.00001  0.00000 -0.00001 -0.00001  0.00003
                  z  -0.00001  0.00004 -0.00004  0.00003  0.00002  0.00001
 31   ag          x  -0.00000  0.00003  0.00001  0.00002  0.00003 -0.00001
                  y   0.00003  0.00001  0.00002 -0.00001 -0.00000  0.00000
                  z   0.00008  0.00001 -0.00004 -0.00001 -0.00001 -0.00000
 32   ag          x   0.00002  0.00001  0.00001 -0.00001  0.00001  0.00001
                  y  -0.00003  0.00000 -0.00003  0.00002  0.00003  0.00002
                  z   0.00006  0.00003  0.00000  0.00003  0.00007  0.00002
 33   ag          x   0.00005 -0.00001 -0.00002  0.00000  0.00000  0.00002
                  y   0.00002  0.00001 -0.00002  0.00001 -0.00002 -0.00003
                  z  -0.00006 -0.00001  0.00001 -0.00004 -0.00001  0.00004
 34   ag          x   0.00002  0.00001  0.00003 -0.00000 -0.00001 -0.00002
                  y   0.00002  0.00003 -0.00003  0.00003  0.00002 -0.00003
                  z   0.00002  0.00001 -0.00000  0.00001  0.00002  0.00002
 35   ag          x  -0.00004 -0.00002 -0.00001  0.00001  0.00003  0.00001
                  y   0.00001 -0.00001 -0.00003 -0.00001 -0.00001 -0.00001
                  z   0.00005 -0.00002 -0.00000 -0.00006 -0.00002 -0.00002
 36   ag          x  -0.00001  0.00001  0.00000  0.00000 -0.00001 -0.00001
                  y  -0.00003 -0.00001 -0.00003  0.00001  0.00001 -0.00002
                  z   0.00003 -0.00003 -0.00001 -0.00000 -0.00000 -0.00000
 37   ag          x   0.00001  0.00002  0.00003 -0.00000  0.00000 -0.00000
                  y  -0.00001  0.00001 -0.00001  0.00001 -0.00001 -0.00002
                  z  -0.00006 -0.00006  0.00003 -0.00001  0.00005  0.00006
 38   ag          x  -0.00003 -0.00003 -0.00001  0.00000  0.00002  0.00001
                  y   0.00003  0.00001  0.00003 -0.00001  0.00000  0.00000
                  z  -0.00000 -0.00003 -0.00003 -0.00001  0.00002  0.00001
 39   ag          x  -0.00003 -0.00000 -0.00000  0.00002  0.00001  0.00001
                  y   0.00001  0.00002  0.00003 -0.00002 -0.00002  0.00001
                  z   0.00002 -0.00004 -0.00001 -0.00001  0.00002  0.00000
 40   ag          x  -0.00008 -0.00001 -0.00002 -0.00001  0.00000 -0.00002
                  y  -0.00005 -0.00001  0.00002 -0.00002 -0.00000  0.00000
                  z   0.00006  0.00002  0.00004 -0.00002 -0.00003  0.00001
 41   c           x  -0.13581  0.00943  0.02880 -0.10337  0.01500 -0.00989
                  y  -0.10644  0.00835  0.01974 -0.07914  0.01148 -0.00680
                  z   0.01182 -0.00034 -0.00333  0.00756 -0.00123  0.00531
 42   n           x  -0.02401  0.00225  0.00048 -0.00195  0.00010  0.00129
                  y   0.00934 -0.00025 -0.00166  0.00091 -0.00005  0.00187
                  z   0.01068  0.00885 -0.01229 -0.00764  0.00061  0.03131
 43   c           x  -0.01730  0.00195  0.00230 -0.01075  0.00152 -0.00345
                  y   0.11382 -0.01101 -0.02825  0.10864 -0.01569  0.00971
                  z  -0.00412  0.00240 -0.00168 -0.00684  0.00074  0.00214
 44   c           x   0.07738 -0.01141 -0.01296  0.08081 -0.01273 -0.00317
                  y   0.02156 -0.00021  0.00235 -0.00674  0.00126 -0.00204
                  z  -0.02906 -0.03728  0.05041  0.04131 -0.00272 -0.12075
 45   c           x   0.23211 -0.01889 -0.02795  0.13071 -0.01957  0.02848
                  y  -0.11837  0.00733  0.00487 -0.03045  0.00582 -0.00007
                  z  -0.01128 -0.03367  0.04798 -0.02880  0.00689  0.16996
 46   c           x   0.18625 -0.01291 -0.03388  0.12081 -0.01756  0.01215
                  y  -0.05392  0.00377 -0.01224  0.01888 -0.00208 -0.00101
                  z  -0.00198  0.02652 -0.03488 -0.02391  0.01088 -0.03915
 47   c           x  -0.05388  0.01278  0.01140 -0.07477  0.00992 -0.00512
                  y   0.04443 -0.01084 -0.01741  0.07924 -0.01261  0.00677
                  z   0.01498 -0.06222  0.08582  0.05291 -0.01201 -0.03168
 48   c           x  -0.03798 -0.00441 -0.00759  0.02624 -0.00360  0.00410
                  y  -0.08275  0.00233 -0.00126 -0.00895  0.00078  0.00384
                  z   0.00161  0.05434 -0.07771 -0.03449 -0.00122  0.01269
 49   c           x  -0.02285 -0.00257 -0.01160  0.02695 -0.00466  0.00599
                  y  -0.02400  0.00194  0.01977 -0.05490  0.00762 -0.00642
                  z   0.02136  0.06814 -0.09113 -0.04353  0.00171  0.04969
 50   n           x   0.00280  0.01852  0.03839 -0.15201  0.02357 -0.01837
                  y   0.35678 -0.00677  0.00776  0.00225  0.00183  0.00542
                  z  -0.03221  0.03186 -0.01366 -0.00502  0.02877  0.01061
 51   c           x   0.05019  0.00856  0.01955 -0.06707  0.00933 -0.00710
                  y   0.04330  0.00644  0.02050 -0.08026  0.00316 -0.00936
                  z   0.01063 -0.05723 -0.03411 -0.05854 -0.09086 -0.00851
 52   c           x   0.04029 -0.00119 -0.00398  0.02785 -0.00247  0.00183
                  y  -0.07745  0.00358 -0.00195  0.00948  0.00591 -0.00016
                  z   0.00154  0.05236  0.03769  0.05904  0.06495  0.00215
 53   c           x   0.02423 -0.00394 -0.00618  0.02552 -0.00757  0.00126
                  y  -0.02405 -0.00524 -0.01534  0.05992 -0.00222  0.00762
                  z   0.00784  0.05189  0.03246  0.06339  0.11472  0.00046
 54   c           x  -0.07847 -0.00865 -0.02160  0.07813 -0.00026  0.01000
                  y   0.02037  0.00050 -0.00002  0.00985 -0.00619  0.00201
                  z  -0.02130  0.01817  0.01506 -0.02340 -0.14546  0.00434
 55   n           x   0.02531  0.00020  0.00133 -0.00222 -0.00164  0.00150
                  y   0.00778 -0.00016  0.00012  0.00129  0.00124  0.00096
                  z  -0.00737 -0.00619 -0.00730  0.01601  0.03596  0.00007
 56   c           x   0.13850  0.01103  0.02908 -0.10298  0.01504 -0.01214
                  y  -0.10528 -0.00774 -0.02122  0.07684 -0.00816  0.00919
                  z   0.01522 -0.00064  0.00159 -0.01063  0.00543 -0.00146
 57   c           x   0.01497 -0.00081  0.00133 -0.00821  0.00366 -0.00085
                  y   0.11570  0.01032  0.02872 -0.10889  0.01424 -0.01304
                  z   0.00480  0.00085  0.00127 -0.00152  0.00482 -0.00024
 58   c           x  -0.23215 -0.00730 -0.03315  0.12777 -0.02876  0.01522
                  y  -0.12643 -0.00969 -0.01393  0.02436  0.00200  0.00054
                  z   0.00266 -0.11355 -0.08188 -0.03665  0.11895 -0.00910
 59   c           x  -0.19266 -0.01711 -0.03697  0.11747 -0.02027  0.01235
                  y  -0.05067  0.00844  0.00709 -0.01973  0.00544 -0.00274
                  z  -0.01133  0.04816  0.02735  0.04441 -0.01085  0.01435
 60   s           x   0.00193  0.00930  0.02244 -0.08388  0.01403 -0.01097
                  y  -0.00570 -0.00023  0.00053  0.00023 -0.00097 -0.00121
                  z   0.00347 -0.00365  0.00042 -0.00181  0.00122  0.00237
 61   h           x  -0.12899  0.01917  0.01522 -0.11590  0.01731  0.00773
                  y  -0.08910  0.00622  0.02132 -0.06992  0.01140  0.00111
                  z   0.00327 -0.00033 -0.00308  0.00598 -0.00147 -0.00280
 62   h           x  -0.13199  0.00572  0.03116 -0.10384  0.01600 -0.02466
                  y  -0.10495  0.01186  0.01309 -0.07867  0.01081 -0.01146
                  z   0.01176  0.00258 -0.00836  0.00768 -0.00190  0.00280
 63   h           x  -0.13432  0.00627  0.03261 -0.09306  0.01361 -0.01224
                  y  -0.09805  0.00890  0.01625 -0.06369  0.00878 -0.00471
                  z   0.01703 -0.02798  0.03258  0.03155 -0.00200 -0.01890
 64   h           x  -0.00871  0.00248  0.00102 -0.01096  0.00144 -0.00856
                  y   0.16671 -0.01248 -0.03458  0.11859 -0.01729  0.00967
                  z  -0.01297  0.00742 -0.00674  0.00276 -0.00185 -0.05498
 65   h           x   0.01485  0.00094 -0.00155 -0.00134  0.00021 -0.00882
                  y   0.09084 -0.00392 -0.03314  0.10112 -0.01593  0.01245
                  z  -0.01177 -0.00153  0.00445 -0.00870  0.00175  0.00409
 66   h           x   0.01993 -0.00053 -0.00170 -0.00589  0.00119  0.01321
                  y   0.07466 -0.01748 -0.01331  0.10157 -0.01440 -0.00516
                  z  -0.00339 -0.00096  0.00262 -0.00579  0.00100  0.00189
 67   h           x   0.32182 -0.01032 -0.04591  0.15118 -0.02440 -0.01794
                  y  -0.10380  0.01834 -0.01164 -0.02016  0.00273 -0.05071
                  z   0.06982  0.21329 -0.28851  0.12567 -0.05115 -0.93950
 68   h           x   0.03223 -0.02550 -0.06201  0.23100 -0.03446  0.02794
                  y  -0.07682 -0.01363  0.00916  0.02511 -0.00353  0.00181
                  z  -0.06319 -0.31161  0.41182  0.16913 -0.00664 -0.13826
 69   h           x  -0.09355 -0.02316  0.01824  0.02722 -0.00259 -0.00044
                  y   0.06156 -0.00030  0.02111 -0.03854  0.00488 -0.01157
                  z  -0.05491 -0.44299  0.60466  0.27370 -0.00284 -0.17952
 70   h           x  -0.03129 -0.02535 -0.05771  0.23470 -0.03092  0.02704
                  y  -0.06942 -0.01728 -0.01100 -0.04154 -0.02699 -0.00342
                  z   0.00482 -0.25055 -0.15891 -0.27212 -0.40411 -0.00055
 71   h           x   0.08811  0.00762  0.00585  0.02625  0.00744 -0.00040
                  y   0.05847 -0.04119 -0.03276  0.00378 -0.06212  0.00372
                  z   0.00127 -0.40905 -0.26438 -0.46459 -0.60176 -0.01638
 72   h           x   0.13411  0.00951  0.02731 -0.10480  0.03051 -0.01473
                  y  -0.09112 -0.00243 -0.01507  0.06920 -0.01355  0.00809
                  z   0.02103  0.00194  0.00455 -0.01385  0.00151 -0.00195
 73   h           x   0.13606  0.00941  0.02638 -0.09350  0.01612 -0.00951
                  y  -0.09506 -0.00575 -0.01645  0.05693 -0.01099  0.00496
                  z   0.01047 -0.01464 -0.00691 -0.03106 -0.03491 -0.00108
 74   h           x   0.13187  0.01340  0.03262 -0.11558 -0.00675 -0.01428
                  y  -0.09760 -0.01117 -0.02303  0.07110 -0.00553  0.00824
                  z   0.01075  0.00339  0.00446 -0.00756  0.00131 -0.00095
 75   h           x   0.00479 -0.00201  0.00020 -0.00967  0.00596 -0.00170
                  y   0.16672  0.01073  0.03219 -0.11633  0.01545 -0.01152
                  z   0.01871  0.03094  0.02524 -0.00317 -0.03905  0.00049
 76   h           x  -0.02392 -0.00566 -0.00538  0.00037  0.00910 -0.00100
                  y   0.08246  0.00880  0.02373 -0.09058  0.02747 -0.01282
                  z  -0.00418 -0.00095 -0.00038 -0.00342  0.00208 -0.00032
 77   h           x  -0.01691  0.00641  0.00409 -0.00034 -0.00988 -0.00135
                  y   0.08396  0.00966  0.02651 -0.11069  0.00086 -0.01341
                  z   0.00252 -0.00352 -0.00177 -0.00697  0.00394 -0.00054
 78   h           x  -0.31673 -0.04234 -0.06338  0.12342  0.00417  0.01241
                  y  -0.11563  0.04615  0.02789  0.04160 -0.05381  0.00417
                  z   0.01914  0.61283  0.45100  0.22415 -0.62127  0.04097

reduced mass(g/mol)     6.497    1.486    1.608    3.629    1.768    1.598


       mode             169      170      171      172      173      174

     frequency         855.74   890.60   927.61   941.12   961.48   963.67

     symmetry            a        a        a        a        a        a   

        IR               YES      YES      YES      YES      YES      YES
|dDIP/dQ|   (a.u.)     0.0029   0.0026   0.0010   0.0019   0.0015   0.0012
intensity (km/mol)      14.74    12.44     1.75     6.09     3.83     2.56
intensity (  %   )       5.75     4.85     0.68     2.38     1.49     1.00
 
       RAMAN             YES      YES      YES      YES      YES      YES
         (par,par)       0.00     0.00     0.00     0.00     0.00     0.00
         (ort,ort)       0.00     0.00     0.00     0.00     0.00     0.00
       (ort,unpol)       0.00     0.00     0.00     0.00     0.00     0.00
     depol. ratio        0.75     0.35     0.61     0.73     0.70     0.48
 
  1   ag          x   0.00002 -0.00001  0.00003 -0.00001 -0.00001  0.00000
                  y  -0.00005 -0.00003 -0.00000  0.00001 -0.00002 -0.00003
                  z  -0.00003  0.00001 -0.00002  0.00000 -0.00000  0.00001
  2   ag          x   0.00002 -0.00000 -0.00001  0.00000 -0.00000 -0.00000
                  y  -0.00004  0.00000 -0.00000  0.00001  0.00000 -0.00002
                  z   0.00003  0.00002  0.00002 -0.00001 -0.00000  0.00001
  3   ag          x  -0.00002 -0.00001  0.00001  0.00000  0.00000 -0.00001
                  y  -0.00002 -0.00000 -0.00000 -0.00000 -0.00002 -0.00000
                  z   0.00002 -0.00001  0.00004 -0.00002 -0.00000  0.00002
  4   ag          x   0.00001  0.00002  0.00002 -0.00002 -0.00001  0.00001
                  y  -0.00001 -0.00002 -0.00001  0.00000 -0.00002 -0.00001
                  z   0.00003 -0.00000 -0.00001 -0.00002 -0.00001  0.00001
  5   ag          x  -0.00000 -0.00003  0.00000  0.00002 -0.00000 -0.00001
                  y  -0.00006 -0.00000 -0.00001  0.00003  0.00001 -0.00001
                  z   0.00000  0.00000  0.00000  0.00000  0.00001  0.00002
  6   ag          x   0.00005  0.00004  0.00003 -0.00001  0.00002  0.00004
                  y   0.00005 -0.00007 -0.00002  0.00001 -0.00001  0.00002
                  z   0.00005 -0.00006  0.00003  0.00000  0.00000  0.00005
  7   ag          x   0.00002 -0.00000  0.00009 -0.00002 -0.00001  0.00007
                  y  -0.00001  0.00003 -0.00009 -0.00000  0.00001  0.00006
                  z  -0.00004  0.00017 -0.00017 -0.00001  0.00003  0.00016
  8   ag          x  -0.00006 -0.00006 -0.00012 -0.00001 -0.00001 -0.00003
                  y  -0.00008  0.00005 -0.00003 -0.00001  0.00003  0.00002
                  z   0.00004  0.00022  0.00016 -0.00003  0.00001 -0.00002
  9   ag          x  -0.00002  0.00008 -0.00001  0.00003 -0.00002 -0.00000
                  y  -0.00007 -0.00001 -0.00001 -0.00001 -0.00001 -0.00001
                  z  -0.00000 -0.00008  0.00000  0.00014 -0.00002  0.00001
 10   ag          x  -0.00003 -0.00007  0.00000  0.00009 -0.00007  0.00000
                  y   0.00006  0.00000  0.00000 -0.00003  0.00002  0.00001
                  z   0.00000 -0.00000 -0.00001 -0.00019  0.00011 -0.00001
 11   ag          x   0.00003  0.00000  0.00000 -0.00001  0.00001  0.00000
                  y  -0.00011  0.00009 -0.00003  0.00000 -0.00002 -0.00015
                  z  -0.00009  0.00002  0.00001 -0.00000 -0.00003 -0.00004
 12   ag          x   0.00000 -0.00003 -0.00003 -0.00001 -0.00000 -0.00003
                  y   0.00001 -0.00000 -0.00000  0.00001  0.00001 -0.00001
                  z  -0.00002  0.00005  0.00001 -0.00002  0.00002  0.00008
 13   ag          x   0.00003  0.00008  0.00001  0.00002 -0.00002  0.00003
                  y   0.00008  0.00001  0.00001  0.00003 -0.00003 -0.00001
                  z   0.00031  0.00004 -0.00001 -0.00002 -0.00010 -0.00001
 14   ag          x   0.00006  0.00003  0.00000 -0.00001  0.00010 -0.00004
                  y   0.00006 -0.00000  0.00000  0.00001  0.00009 -0.00002
                  z  -0.00009 -0.00005 -0.00000 -0.00000  0.00014 -0.00002
 15   ag          x  -0.00005 -0.00007 -0.00001 -0.00000 -0.00006  0.00001
                  y  -0.00001  0.00002 -0.00001 -0.00000  0.00005 -0.00003
                  z  -0.00007 -0.00003  0.00000  0.00002 -0.00009  0.00001
 16   ag          x  -0.00003  0.00002  0.00001 -0.00001 -0.00003 -0.00010
                  y  -0.00002 -0.00001  0.00001  0.00001 -0.00002  0.00003
                  z   0.00011 -0.00010  0.00000 -0.00000  0.00000  0.00015
 17   ag          x  -0.00007 -0.00001 -0.00001  0.00001  0.00001  0.00002
                  y   0.00002  0.00005 -0.00000 -0.00001  0.00002  0.00000
                  z   0.00000 -0.00004 -0.00000 -0.00001 -0.00003 -0.00002
 18   ag          x   0.00007  0.00003  0.00001 -0.00001  0.00000  0.00002
                  y   0.00005  0.00001  0.00001 -0.00001  0.00004 -0.00001
                  z   0.00002  0.00006 -0.00001 -0.00000 -0.00002  0.00002
 19   ag          x  -0.00002 -0.00003 -0.00000  0.00002  0.00000 -0.00000
                  y  -0.00005 -0.00004  0.00000 -0.00000 -0.00005  0.00001
                  z   0.00005  0.00008 -0.00001  0.00001  0.00012 -0.00002
 20   ag          x   0.00002  0.00002  0.00000 -0.00002  0.00002  0.00001
                  y  -0.00000  0.00005  0.00000 -0.00002  0.00001  0.00001
                  z   0.00000 -0.00002  0.00001  0.00001 -0.00000 -0.00001
 21   ag          x   0.00004 -0.00000 -0.00001 -0.00001  0.00005  0.00004
                  y   0.00001 -0.00001  0.00000 -0.00000  0.00000  0.00002
                  z   0.00001  0.00000  0.00001 -0.00000  0.00000  0.00001
 22   ag          x  -0.00002 -0.00004 -0.00001  0.00001 -0.00003 -0.00002
                  y   0.00001 -0.00000  0.00001  0.00000 -0.00002  0.00000
                  z   0.00002  0.00000  0.00000 -0.00001  0.00003  0.00003
 23   ag          x   0.00000  0.00002  0.00000 -0.00000 -0.00000  0.00001
                  y   0.00002 -0.00002  0.00000 -0.00000 -0.00001  0.00000
                  z  -0.00003 -0.00001  0.00000  0.00001 -0.00002 -0.00000
 24   ag          x  -0.00003  0.00001 -0.00001  0.00001  0.00002 -0.00001
                  y   0.00002 -0.00000  0.00000  0.00000  0.00000 -0.00000
                  z   0.00003  0.00001  0.00002 -0.00003 -0.00001  0.00002
 25   ag          x  -0.00005 -0.00002 -0.00002  0.00001 -0.00000 -0.00003
                  y   0.00002  0.00004  0.00002 -0.00002  0.00000  0.00005
                  z   0.00001  0.00001 -0.00006  0.00001  0.00002  0.00001
 26   ag          x  -0.00004  0.00006 -0.00003  0.00001 -0.00002  0.00001
                  y  -0.00002  0.00002 -0.00000 -0.00001 -0.00000  0.00002
                  z   0.00003  0.00002  0.00001  0.00001  0.00002  0.00000
 27   ag          x   0.00009 -0.00003  0.00002 -0.00002  0.00004  0.00002
                  y  -0.00000 -0.00001  0.00000 -0.00001 -0.00002  0.00001
                  z   0.00009 -0.00002  0.00006  0.00002  0.00005  0.00000
 28   ag          x  -0.00001  0.00002  0.00001  0.00001  0.00001  0.00001
                  y   0.00001 -0.00001  0.00001  0.00000  0.00002  0.00001
                  z  -0.00001  0.00000 -0.00001  0.00001 -0.00002 -0.00002
 29   ag          x   0.00001  0.00002 -0.00003  0.00000  0.00003  0.00002
                  y   0.00001  0.00001 -0.00002  0.00000 -0.00000 -0.00002
                  z  -0.00001 -0.00001 -0.00004  0.00001  0.00001 -0.00002
 30   ag          x  -0.00006  0.00001 -0.00000 -0.00001 -0.00001 -0.00000
                  y   0.00009 -0.00001  0.00002 -0.00001  0.00004  0.00003
                  z   0.00002  0.00001  0.00000  0.00001  0.00000 -0.00002
 31   ag          x   0.00002 -0.00000 -0.00000  0.00003  0.00001 -0.00002
                  y   0.00004 -0.00000  0.00001 -0.00001  0.00002  0.00001
                  z   0.00006 -0.00000  0.00002  0.00001 -0.00000 -0.00003
 32   ag          x   0.00001 -0.00001  0.00000 -0.00002 -0.00002 -0.00001
                  y  -0.00003 -0.00001 -0.00000  0.00001 -0.00004 -0.00003
                  z   0.00003 -0.00001 -0.00000 -0.00001  0.00004 -0.00001
 33   ag          x   0.00001 -0.00002 -0.00000 -0.00000 -0.00001 -0.00000
                  y   0.00000 -0.00001  0.00000  0.00000 -0.00000 -0.00003
                  z  -0.00002  0.00000 -0.00000 -0.00000  0.00002 -0.00001
 34   ag          x   0.00003 -0.00002  0.00000 -0.00000  0.00002  0.00001
                  y   0.00000 -0.00000 -0.00001  0.00001 -0.00001 -0.00005
                  z   0.00003  0.00000  0.00000  0.00001 -0.00003 -0.00001
 35   ag          x  -0.00003  0.00000  0.00000  0.00001 -0.00002 -0.00000
                  y   0.00001 -0.00002  0.00000 -0.00001 -0.00000 -0.00002
                  z   0.00004 -0.00001 -0.00000 -0.00001  0.00000  0.00000
 36   ag          x  -0.00001 -0.00001  0.00000 -0.00000 -0.00001 -0.00001
                  y   0.00001  0.00000  0.00000  0.00001  0.00003  0.00001
                  z   0.00002  0.00001  0.00000 -0.00001  0.00004  0.00001
 37   ag          x   0.00002  0.00001 -0.00000 -0.00001  0.00002  0.00002
                  y   0.00003  0.00001 -0.00001 -0.00001  0.00002  0.00001
                  z  -0.00003 -0.00004  0.00001  0.00001 -0.00003  0.00005
 38   ag          x  -0.00006 -0.00004 -0.00000  0.00001 -0.00004 -0.00002
                  y   0.00001 -0.00001  0.00000 -0.00001  0.00002  0.00003
                  z  -0.00002  0.00001 -0.00000  0.00001 -0.00004 -0.00002
 39   ag          x   0.00002  0.00001  0.00000  0.00001  0.00001  0.00002
                  y   0.00001 -0.00000 -0.00000  0.00000  0.00001  0.00001
                  z   0.00001  0.00001 -0.00000  0.00000  0.00002  0.00000
 40   ag          x  -0.00002 -0.00000 -0.00001  0.00001  0.00001  0.00000
                  y  -0.00003 -0.00001 -0.00002  0.00004  0.00001 -0.00001
                  z   0.00001  0.00001 -0.00000 -0.00001  0.00001  0.00001
 41   c           x  -0.09927  0.05986  0.00465 -0.00016 -0.01348 -0.07250
                  y  -0.08865  0.06544  0.00281 -0.00017 -0.02372 -0.12500
                  z   0.00813 -0.00542  0.00027 -0.00003  0.00145  0.00943
 42   n           x   0.04422 -0.04550 -0.00290 -0.00037  0.02671  0.14037
                  y  -0.01826  0.01783  0.00044  0.00033 -0.01263 -0.06725
                  z   0.00213  0.00358 -0.00502 -0.00003 -0.00021 -0.00406
 43   c           x   0.00440 -0.00769 -0.00201 -0.00008  0.01100  0.06059
                  y   0.12624 -0.07411 -0.00383 -0.00016  0.02834  0.14734
                  z  -0.00903  0.00604 -0.00075  0.00005 -0.00231 -0.01296
 44   c           x   0.09843 -0.07125 -0.00273  0.00099  0.01578  0.07795
                  y  -0.04675  0.02041  0.00707 -0.00006 -0.01174 -0.06925
                  z  -0.00159 -0.00897  0.00767  0.00006 -0.00280 -0.01076
 45   c           x   0.06046 -0.03323  0.00035  0.00092 -0.01892 -0.08799
                  y   0.21950 -0.24803 -0.00686  0.00033 -0.01939 -0.07554
                  z  -0.00083  0.01014  0.00468 -0.00009  0.00337  0.01170
 46   c           x   0.07242 -0.03498 -0.00266  0.00086 -0.01779 -0.09562
                  y   0.14515 -0.10957 -0.01090  0.00082 -0.00539 -0.01251
                  z  -0.03467  0.01872  0.00221  0.00153  0.00133  0.00818
 47   c           x   0.01584 -0.17812 -0.00630  0.00163 -0.00846 -0.00316
                  y   0.03737  0.04249 -0.00221  0.00007  0.00233 -0.02228
                  z   0.00417  0.00002 -0.02951  0.00004 -0.00122 -0.00191
 48   c           x  -0.02992  0.08769  0.00317 -0.00072 -0.00550 -0.03257
                  y   0.02478  0.00441  0.00752 -0.00158  0.01211  0.06091
                  z   0.00229 -0.01017  0.12391 -0.00107  0.00124  0.00317
 49   c           x  -0.14681  0.24932  0.00440 -0.00143  0.01694  0.05016
                  y  -0.19676  0.18922  0.00086 -0.00038  0.02307  0.10793
                  z   0.00071  0.00602 -0.09443 -0.00007 -0.00159 -0.00285
 50   n           x  -0.00339 -0.25513 -0.00613  0.00079 -0.01260  0.01858
                  y  -0.23822 -0.00226  0.00641  0.00360 -0.00382 -0.00217
                  z   0.01254 -0.00840  0.00891  0.01083  0.00078  0.00176
 51   c           x  -0.01994 -0.16954 -0.00656  0.00497  0.00609  0.00562
                  y   0.03657 -0.04446 -0.00223 -0.00472 -0.01986  0.00966
                  z   0.00721  0.00254  0.00109 -0.03282  0.00071 -0.00075
 52   c           x   0.03271  0.08825  0.00245 -0.00440  0.03225 -0.00650
                  y   0.02425  0.00052 -0.00167  0.01313  0.06274 -0.01146
                  z  -0.00022  0.01042 -0.00127  0.13004 -0.00502  0.00059
 53   c           x   0.15301  0.25003  0.00404 -0.00056 -0.05433  0.00222
                  y  -0.19552 -0.18553 -0.00163 -0.00327  0.11253 -0.01829
                  z   0.01524  0.01642 -0.00031 -0.09463 -0.00121 -0.00091
 54   c           x  -0.09556 -0.06937  0.00034 -0.00044 -0.08060  0.01555
                  y  -0.04883 -0.02007  0.00082  0.00079 -0.07459  0.01589
                  z  -0.00666  0.00145  0.00054  0.00614 -0.00810  0.00121
 55   n           x  -0.04201 -0.04503 -0.00043  0.00034 -0.13820  0.02612
                  y  -0.02105 -0.02110  0.00024 -0.00057 -0.07613  0.01444
                  z  -0.01218 -0.00981 -0.00037 -0.00441 -0.01464  0.00335
 56   c           x   0.09875  0.06042  0.00025 -0.00109  0.07121 -0.01426
                  y  -0.08571 -0.06373 -0.00040 -0.00059 -0.12415  0.02400
                  z   0.00989  0.00672 -0.00019  0.00103  0.01029 -0.00239
 57   c           x  -0.00706 -0.00903  0.00003  0.00025 -0.05892  0.01181
                  y   0.12503  0.07358 -0.00017  0.00027  0.15092 -0.02860
                  z   0.00276 -0.00030  0.00023 -0.00093 -0.00463  0.00093
 58   c           x  -0.06061 -0.03584 -0.00036  0.00047  0.08975 -0.01405
                  y   0.22135  0.24608  0.00174 -0.00449 -0.07479  0.00865
                  z  -0.01301 -0.01947 -0.00065  0.00441  0.01341 -0.00103
 59   c           x  -0.07312 -0.03250 -0.00064  0.00450  0.09805 -0.01886
                  y   0.14365  0.10131  0.00195 -0.00610 -0.01405  0.00029
                  z  -0.02904 -0.01848  0.00087  0.00207  0.00674 -0.00240
 60   s           x  -0.00058  0.05071  0.00221 -0.00175 -0.01549  0.02222
                  y  -0.06100  0.00241  0.00179  0.00106  0.00771  0.00546
                  z   0.01272  0.00027 -0.00060 -0.00045 -0.00239 -0.00158
 61   h           x  -0.12960  0.09651  0.00982 -0.00064 -0.05440 -0.27978
                  y  -0.06205  0.03512  0.01151 -0.00072 -0.00713 -0.04024
                  z   0.00011  0.00596 -0.00641  0.00020 -0.00167 -0.00913
 62   h           x  -0.13950  0.10703 -0.00464 -0.00028 -0.06598 -0.34189
                  y  -0.08555  0.05844 -0.00563 -0.00037 -0.01983 -0.10540
                  z   0.01339 -0.01320 -0.00574 -0.00014  0.00872  0.04628
 63   h           x  -0.06466  0.02107  0.00652 -0.00063  0.02558  0.12869
                  y  -0.03702  0.01083  0.00048 -0.00081  0.03134  0.15897
                  z   0.01671 -0.01477  0.02227  0.00040 -0.00075 -0.00442
 64   h           x  -0.01185  0.00461  0.00056  0.00012 -0.00712 -0.03563
                  y   0.07239 -0.02912  0.00510  0.00097 -0.04364 -0.23711
                  z  -0.00093 -0.00202  0.00122 -0.00036  0.00291  0.02032
 65   h           x  -0.02904  0.01881  0.00680  0.00020 -0.03317 -0.17965
                  y   0.15664 -0.09372 -0.01660 -0.00006  0.06885  0.36043
                  z  -0.00583  0.00123  0.00121 -0.00011  0.00253  0.01753
 66   h           x  -0.03740  0.02545  0.00469  0.00058 -0.03610 -0.19456
                  y   0.13396 -0.08126 -0.00408  0.00068  0.05431  0.29186
                  z  -0.01715  0.01254  0.00242  0.00031 -0.00830 -0.04475
 67   h           x  -0.06360  0.05606  0.01709  0.00029 -0.05968 -0.31355
                  y   0.21254 -0.24683 -0.00700  0.00025 -0.02492 -0.10238
                  z  -0.05504  0.03631 -0.02557 -0.00235 -0.00465  0.01484
 68   h           x   0.23967  0.05834 -0.01012 -0.00067 -0.04358 -0.29083
                  y   0.05002  0.01589 -0.02645 -0.00166  0.00895  0.03533
                  z  -0.05398  0.08374 -0.79167  0.00007 -0.00452 -0.02007
 69   h           x  -0.16033  0.29771  0.04374 -0.00328  0.00414 -0.01948
                  y  -0.18292  0.13119 -0.00953  0.00210  0.04346  0.21507
                  z   0.08296 -0.12851  0.58487  0.00305  0.00367  0.00607
 70   h           x  -0.23313  0.05874  0.00916 -0.00910  0.29317 -0.06316
                  y   0.04474 -0.01376 -0.00241 -0.05991  0.04079 -0.00604
                  z  -0.04208 -0.06124  0.00204 -0.80369 -0.00256  0.00034
 71   h           x   0.17102  0.30366  0.00529 -0.01360  0.01412 -0.01195
                  y  -0.17622 -0.12457  0.00052  0.05353  0.21701 -0.03859
                  z   0.04640  0.02860  0.00594  0.56451 -0.03287  0.01121
 72   h           x   0.12202  0.08961 -0.00133  0.01109  0.29294 -0.05609
                  y  -0.05894 -0.03005  0.00081 -0.00651 -0.04397  0.00902
                  z   0.02321  0.02356  0.00039 -0.00207  0.05198 -0.01020
 73   h           x   0.06449  0.02018  0.00009 -0.00299 -0.14153  0.02503
                  y  -0.03388 -0.00654 -0.00020  0.00296  0.16838 -0.03008
                  z   0.00672 -0.00092  0.00087  0.01616 -0.01556  0.00367
 74   h           x   0.14000  0.10952  0.00039 -0.00474  0.33724 -0.06355
                  y  -0.07915 -0.05539 -0.00010  0.00660 -0.08448  0.01736
                  z   0.01072  0.00610 -0.00011 -0.00623  0.00155 -0.00076
 75   h           x   0.01030  0.00453 -0.00011  0.00008  0.04240 -0.00768
                  y   0.07263  0.02821  0.00024  0.00060 -0.22337  0.04331
                  z  -0.00042  0.00069 -0.00042  0.00222  0.00862 -0.00217
 76   h           x   0.02915  0.01937 -0.00032 -0.00105  0.17229 -0.03418
                  y   0.12713  0.06630 -0.00128 -0.00437  0.28965 -0.05594
                  z   0.02094  0.01751  0.00037  0.00029  0.06530 -0.01315
 77   h           x   0.02439  0.01763 -0.00070  0.00009  0.17087 -0.03328
                  y   0.15892  0.10423 -0.00096  0.00412  0.35890 -0.07034
                  z   0.00642  0.00568 -0.00011  0.00176 -0.00007 -0.00012
 78   h           x   0.06356  0.04770  0.00033 -0.00736  0.31899 -0.05869
                  y   0.21789  0.24758  0.00187 -0.00589 -0.09793  0.01230
                  z  -0.02365 -0.02266  0.00057 -0.02118  0.03078 -0.01224

reduced mass(g/mol)     6.087    7.093    1.294    1.311    2.545    2.494


       mode             175      176      177      178      179      180

     frequency        1029.27  1052.94  1054.67  1058.71  1085.00  1086.65

     symmetry            a        a        a        a        a        a   

        IR               YES      YES      YES      YES      YES      YES
|dDIP/dQ|   (a.u.)     0.0013   0.0020   0.0012   0.0012   0.0005   0.0013
intensity (km/mol)       3.03     7.39     2.67     2.50     0.40     3.09
intensity (  %   )       1.18     2.88     1.04     0.98     0.16     1.21
 
       RAMAN             YES      YES      YES      YES      YES      YES
         (par,par)       0.00     0.00     0.00     0.00     0.00     0.00
         (ort,ort)       0.00     0.00     0.00     0.00     0.00     0.00
       (ort,unpol)       0.00     0.00     0.00     0.00     0.00     0.00
     depol. ratio        0.72     0.43     0.25     0.46     0.20     0.61
 
  1   ag          x  -0.00001 -0.00000 -0.00001  0.00001 -0.00002 -0.00001
                  y   0.00003  0.00000  0.00001  0.00002 -0.00000 -0.00001
                  z   0.00000  0.00000 -0.00001  0.00001 -0.00000 -0.00002
  2   ag          x  -0.00001 -0.00000  0.00000 -0.00000  0.00000  0.00001
                  y   0.00002  0.00000  0.00000  0.00000  0.00000 -0.00000
                  z  -0.00005 -0.00000 -0.00002  0.00001 -0.00000 -0.00000
  3   ag          x   0.00002  0.00000  0.00000  0.00001 -0.00000  0.00000
                  y  -0.00000 -0.00000 -0.00000  0.00000  0.00000 -0.00000
                  z   0.00001 -0.00000 -0.00001 -0.00001 -0.00002 -0.00002
  4   ag          x  -0.00004 -0.00001 -0.00001 -0.00001  0.00000 -0.00001
                  y  -0.00000  0.00000 -0.00000  0.00001 -0.00001 -0.00000
                  z  -0.00002 -0.00000 -0.00001 -0.00000 -0.00001 -0.00001
  5   ag          x   0.00002  0.00001 -0.00000  0.00001 -0.00000 -0.00001
                  y   0.00001  0.00001 -0.00000  0.00001  0.00001 -0.00000
                  z  -0.00002  0.00001 -0.00001 -0.00001 -0.00000 -0.00001
  6   ag          x  -0.00005  0.00000 -0.00002 -0.00002  0.00000  0.00002
                  y   0.00002 -0.00001  0.00002  0.00002  0.00000  0.00006
                  z  -0.00000 -0.00001  0.00004  0.00004  0.00001  0.00006
  7   ag          x   0.00000 -0.00001 -0.00001 -0.00001 -0.00000  0.00004
                  y   0.00005 -0.00001 -0.00001 -0.00002 -0.00001  0.00002
                  z  -0.00005 -0.00001 -0.00000 -0.00001 -0.00000  0.00001
  8   ag          x   0.00001 -0.00000  0.00001 -0.00001  0.00000 -0.00001
                  y  -0.00001  0.00001 -0.00001  0.00000  0.00000 -0.00000
                  z  -0.00015  0.00002 -0.00002  0.00003 -0.00001 -0.00001
  9   ag          x  -0.00001 -0.00000 -0.00000  0.00001  0.00002  0.00000
                  y   0.00004  0.00001  0.00000  0.00004  0.00001  0.00001
                  z   0.00003  0.00001 -0.00001  0.00003 -0.00001 -0.00000
 10   ag          x   0.00002 -0.00005 -0.00002  0.00002  0.00002  0.00001
                  y   0.00001 -0.00002  0.00000 -0.00001 -0.00003  0.00001
                  z   0.00002  0.00003  0.00000 -0.00002 -0.00004 -0.00000
 11   ag          x  -0.00002 -0.00001  0.00003 -0.00002 -0.00001 -0.00005
                  y  -0.00002 -0.00000 -0.00000 -0.00002  0.00002  0.00003
                  z  -0.00002 -0.00001  0.00003  0.00003 -0.00001 -0.00007
 12   ag          x  -0.00002  0.00001 -0.00001  0.00003 -0.00000  0.00000
                  y  -0.00000  0.00000  0.00001  0.00001  0.00000  0.00001
                  z  -0.00005  0.00000 -0.00001  0.00000 -0.00000 -0.00001
 13   ag          x  -0.00004  0.00002  0.00000  0.00007 -0.00001 -0.00001
                  y  -0.00004 -0.00001  0.00001 -0.00004 -0.00001  0.00001
                  z  -0.00010 -0.00011  0.00004 -0.00032 -0.00000 -0.00001
 14   ag          x  -0.00001 -0.00002  0.00000 -0.00001  0.00004  0.00001
                  y  -0.00000 -0.00004 -0.00002  0.00004  0.00007 -0.00001
                  z   0.00001  0.00002  0.00001 -0.00001 -0.00001  0.00001
 15   ag          x   0.00001 -0.00008 -0.00001  0.00002  0.00009 -0.00001
                  y   0.00002  0.00006  0.00003 -0.00000 -0.00004  0.00001
                  z   0.00002  0.00003  0.00001  0.00002 -0.00001  0.00001
 16   ag          x   0.00002 -0.00000 -0.00001 -0.00002 -0.00000  0.00010
                  y   0.00002 -0.00000  0.00002  0.00003 -0.00002 -0.00001
                  z  -0.00002  0.00000 -0.00002  0.00000 -0.00002 -0.00011
 17   ag          x   0.00001  0.00001 -0.00001  0.00002  0.00000 -0.00000
                  y  -0.00003 -0.00001  0.00000 -0.00003  0.00000 -0.00000
                  z   0.00004 -0.00002  0.00002 -0.00002 -0.00001  0.00001
 18   ag          x  -0.00003 -0.00002 -0.00001 -0.00006 -0.00000 -0.00002
                  y  -0.00001 -0.00001  0.00000 -0.00006  0.00002 -0.00000
                  z  -0.00001  0.00001 -0.00001  0.00005 -0.00001  0.00000
 19   ag          x   0.00003 -0.00001 -0.00000  0.00002 -0.00003  0.00001
                  y  -0.00001  0.00001  0.00000 -0.00001 -0.00003 -0.00000
                  z  -0.00002  0.00000  0.00000  0.00002  0.00009 -0.00000
 20   ag          x  -0.00001 -0.00001 -0.00001 -0.00002  0.00002 -0.00001
                  y  -0.00004 -0.00002 -0.00002 -0.00002 -0.00000 -0.00001
                  z   0.00002  0.00001  0.00001  0.00003 -0.00002  0.00001
 21   ag          x   0.00002  0.00001 -0.00001 -0.00003  0.00000 -0.00002
                  y  -0.00001  0.00001 -0.00001  0.00001 -0.00000 -0.00001
                  z   0.00001  0.00000 -0.00001 -0.00001 -0.00000 -0.00001
 22   ag          x   0.00001 -0.00000  0.00001  0.00002 -0.00000 -0.00000
                  y  -0.00000  0.00000 -0.00001  0.00000 -0.00000 -0.00001
                  z  -0.00000 -0.00000 -0.00001 -0.00003  0.00000 -0.00001
 23   ag          x  -0.00002 -0.00000 -0.00000 -0.00001 -0.00001  0.00000
                  y   0.00002  0.00000 -0.00000  0.00001  0.00000 -0.00001
                  z  -0.00002 -0.00000 -0.00000  0.00000 -0.00001 -0.00001
 24   ag          x   0.00002 -0.00000  0.00001  0.00001  0.00001  0.00001
                  y   0.00001  0.00000  0.00000  0.00000 -0.00000  0.00001
                  z  -0.00003  0.00001 -0.00000 -0.00002 -0.00001 -0.00001
 25   ag          x   0.00003  0.00001 -0.00000  0.00001  0.00000 -0.00001
                  y  -0.00008  0.00000 -0.00001  0.00000  0.00000  0.00000
                  z  -0.00000 -0.00001  0.00001 -0.00003  0.00002  0.00003
 26   ag          x  -0.00005 -0.00000  0.00001  0.00001  0.00002  0.00002
                  y  -0.00003  0.00000 -0.00000  0.00000  0.00000 -0.00001
                  z   0.00001 -0.00001 -0.00000 -0.00002  0.00001  0.00001
 27   ag          x   0.00001 -0.00001 -0.00001 -0.00004 -0.00002 -0.00001
                  y  -0.00001 -0.00000 -0.00001 -0.00000 -0.00001 -0.00003
                  z   0.00002  0.00001 -0.00000 -0.00001  0.00000  0.00001
 28   ag          x   0.00001  0.00001 -0.00000  0.00000  0.00000 -0.00000
                  y   0.00003  0.00001 -0.00000 -0.00001  0.00000 -0.00000
                  z  -0.00001 -0.00000  0.00001  0.00002 -0.00000  0.00001
 29   ag          x   0.00002 -0.00000  0.00000 -0.00002  0.00000  0.00001
                  y   0.00002 -0.00001  0.00000 -0.00002 -0.00000  0.00000
                  z   0.00003 -0.00001  0.00001 -0.00001  0.00001  0.00001
 30   ag          x  -0.00000  0.00001 -0.00001  0.00001  0.00000 -0.00001
                  y   0.00001 -0.00000 -0.00001 -0.00003 -0.00001  0.00000
                  z   0.00003 -0.00002  0.00002 -0.00001  0.00000  0.00002
 31   ag          x   0.00003  0.00000  0.00001 -0.00000  0.00001  0.00001
                  y  -0.00000 -0.00000 -0.00001 -0.00002 -0.00000 -0.00001
                  z  -0.00000 -0.00001  0.00002 -0.00003  0.00000  0.00002
 32   ag          x  -0.00001 -0.00001  0.00000 -0.00000 -0.00001 -0.00000
                  y  -0.00002 -0.00001  0.00001  0.00003 -0.00000 -0.00000
                  z  -0.00001 -0.00002  0.00001 -0.00000  0.00000  0.00002
 33   ag          x  -0.00000 -0.00000  0.00001 -0.00001 -0.00000 -0.00000
                  y   0.00000 -0.00001  0.00001 -0.00002  0.00001  0.00000
                  z  -0.00000  0.00000 -0.00001  0.00000  0.00001  0.00000
 34   ag          x   0.00001  0.00000 -0.00000 -0.00001 -0.00001 -0.00000
                  y   0.00001 -0.00001  0.00002  0.00000  0.00000  0.00001
                  z  -0.00001 -0.00001  0.00001 -0.00002 -0.00000 -0.00000
 35   ag          x  -0.00000  0.00000  0.00000  0.00003 -0.00000  0.00000
                  y   0.00001  0.00000  0.00001  0.00000  0.00000  0.00001
                  z   0.00003 -0.00001  0.00000 -0.00005 -0.00001 -0.00000
 36   ag          x   0.00000 -0.00000  0.00000  0.00001  0.00000  0.00000
                  y  -0.00001  0.00000  0.00000 -0.00000  0.00001  0.00001
                  z  -0.00001  0.00001  0.00000 -0.00002 -0.00000  0.00000
 37   ag          x   0.00000  0.00000 -0.00001  0.00001 -0.00001  0.00001
                  y   0.00000 -0.00000  0.00000 -0.00001  0.00000  0.00001
                  z  -0.00002  0.00001 -0.00002  0.00005 -0.00001 -0.00002
 38   ag          x   0.00001  0.00000  0.00002  0.00004  0.00000  0.00001
                  y   0.00001 -0.00000 -0.00001 -0.00000 -0.00001 -0.00000
                  z  -0.00002 -0.00000  0.00000 -0.00001  0.00001  0.00000
 39   ag          x  -0.00001 -0.00000 -0.00001  0.00001 -0.00000 -0.00000
                  y   0.00001 -0.00000 -0.00000 -0.00000 -0.00000 -0.00000
                  z   0.00000  0.00001  0.00000 -0.00001  0.00001 -0.00000
 40   ag          x  -0.00000  0.00000  0.00000 -0.00002  0.00000 -0.00000
                  y   0.00003 -0.00000  0.00001  0.00002  0.00000  0.00001
                  z   0.00002  0.00001  0.00000 -0.00003  0.00001 -0.00001
 41   c           x   0.01126  0.02377 -0.11356 -0.05606  0.00000 -0.00224
                  y   0.01502 -0.01309  0.03457 -0.00335 -0.00094 -0.00511
                  z  -0.00123  0.00050  0.00116  0.00424 -0.01199 -0.09140
 42   n           x  -0.02508  0.00181  0.02401  0.03553 -0.00056 -0.00233
                  y   0.01220 -0.02129  0.07636  0.02009  0.00013 -0.00264
                  z   0.00242  0.00028 -0.00500 -0.00612 -0.00121 -0.01179
 43   c           x  -0.00076 -0.02319  0.09990  0.04302  0.00005  0.00311
                  y  -0.01924  0.02279 -0.07539 -0.01409  0.00067  0.00699
                  z   0.00015 -0.00046  0.00217  0.00148  0.01423  0.11435
 44   c           x  -0.00689  0.00303 -0.00326  0.00384  0.00084  0.00042
                  y  -0.00805  0.00589 -0.00363  0.01734  0.00003  0.00168
                  z  -0.00549  0.00143 -0.00083  0.00395  0.00011  0.00141
 45   c           x  -0.02862  0.00689  0.00691  0.03022 -0.00051 -0.00123
                  y  -0.08679  0.02211  0.00210  0.06975 -0.00091 -0.00066
                  z   0.00798 -0.00252  0.00042 -0.00768 -0.00012 -0.00182
 46   c           x   0.13987 -0.04207  0.01926 -0.11593  0.00073 -0.00067
                  y   0.20924 -0.05978  0.02255 -0.16609  0.00146  0.00031
                  z  -0.02536  0.00879 -0.00414  0.02443 -0.00055 -0.00034
 47   c           x   0.06104 -0.00142 -0.00495 -0.00006  0.00050  0.00074
                  y   0.01670 -0.00987 -0.00357 -0.03742  0.00142  0.00062
                  z   0.00472 -0.00112  0.00076 -0.00214  0.00004 -0.00026
 48   c           x  -0.04527  0.00976 -0.00193  0.02637 -0.00026 -0.00036
                  y  -0.12825  0.03371 -0.01034  0.09156 -0.00175 -0.00082
                  z   0.01033 -0.00222  0.00192 -0.00466  0.00035  0.00100
 49   c           x   0.02717 -0.01185  0.00614 -0.03228 -0.00035  0.00042
                  y   0.07434 -0.02303  0.01060 -0.05972  0.00052 -0.00054
                  z  -0.00724  0.00184 -0.00162  0.00400 -0.00001  0.00160
 50   n           x   0.01716  0.00049 -0.00231  0.00418  0.00089 -0.00007
                  y   0.00053  0.01565 -0.00593  0.06190 -0.00079 -0.00005
                  z   0.00037 -0.00055  0.00030 -0.00329  0.00009  0.00030
 51   c           x   0.05732 -0.00563 -0.00280 -0.00169  0.00020  0.00054
                  y  -0.01095 -0.00280  0.00752 -0.03819  0.00090 -0.00059
                  z  -0.00254 -0.00127 -0.00020 -0.00069  0.00022 -0.00022
 52   c           x  -0.04747 -0.00716  0.00512 -0.02774 -0.00043 -0.00015
                  y   0.12485  0.02743 -0.01610  0.09681 -0.00237  0.00084
                  z  -0.01377 -0.00328  0.00142 -0.00955 -0.00104  0.00007
 53   c           x   0.02895  0.01211 -0.00365  0.03039  0.00021 -0.00007
                  y  -0.07091 -0.02363  0.00849 -0.06075 -0.00110  0.00014
                  z   0.00848  0.00304 -0.00062  0.00565 -0.00162  0.00022
 54   c           x  -0.01158 -0.00062  0.00144 -0.00458  0.00482 -0.00051
                  y   0.00583  0.00927 -0.00153  0.01839  0.00275 -0.00067
                  z   0.00033 -0.00083 -0.00061  0.00243 -0.00190  0.00017
 55   n           x  -0.02170  0.02383  0.01408 -0.04197  0.00095  0.00014
                  y  -0.01438 -0.07637 -0.02269  0.02554  0.00034 -0.00033
                  z  -0.00133  0.00057  0.00008  0.00080  0.02622 -0.00348
 56   c           x   0.00703 -0.11069 -0.03930  0.06788 -0.01032  0.00121
                  y  -0.01593 -0.03812 -0.00876  0.00004  0.00401 -0.00021
                  z  -0.00117 -0.00828 -0.00195  0.00061  0.07487 -0.00910
 57   c           x   0.00310  0.09663  0.03202 -0.04952  0.00819 -0.00105
                  y   0.02113  0.07602  0.02137 -0.02014  0.00289 -0.00034
                  z   0.00048  0.01045  0.00410 -0.01087 -0.12427  0.01572
 58   c           x  -0.03165  0.00013  0.00738 -0.03378 -0.00062 -0.00007
                  y   0.08063  0.01082 -0.01325  0.06800  0.00013  0.00036
                  z  -0.00776 -0.00089  0.00142 -0.00729  0.00199 -0.00027
 59   c           x   0.14110  0.04068 -0.01753  0.12485 -0.00401  0.00038
                  y  -0.20276 -0.05283  0.02529 -0.16965  0.00126 -0.00025
                  z   0.03282  0.00876 -0.00392  0.02759 -0.00010  0.00032
 60   s           x  -0.05458  0.00019 -0.00090 -0.00069  0.00026  0.00007
                  y  -0.00205  0.01588 -0.00671  0.04744 -0.00049  0.00001
                  z  -0.00058 -0.00275  0.00126 -0.00800  0.00013  0.00003
 61   h           x   0.03775 -0.06505  0.22789  0.05715 -0.04017 -0.29847
                  y   0.00177  0.02020 -0.08581 -0.03181 -0.03530 -0.27035
                  z   0.00079 -0.00940  0.03598  0.00935  0.01807  0.13785
 62   h           x   0.04536 -0.08979  0.31464  0.07205  0.03221  0.25587
                  y   0.01019 -0.00529  0.00436 -0.01508  0.03523  0.26991
                  z  -0.00751  0.01630 -0.06027 -0.01768  0.01442  0.10802
 63   h           x  -0.02827  0.10300 -0.39549 -0.12625  0.00991  0.07226
                  y  -0.04099  0.09734 -0.35617 -0.09802  0.00511  0.03917
                  z   0.00494 -0.01235  0.04204  0.00660  0.02631  0.20001
 64   h           x   0.01261 -0.00282 -0.00359 -0.01409 -0.00262 -0.02280
                  y   0.03303  0.10997 -0.51192 -0.25059  0.00456  0.01952
                  z   0.00042 -0.00683  0.02679  0.00863 -0.03069 -0.24767
 65   h           x   0.01782  0.04243 -0.19774 -0.09563  0.00495  0.03552
                  y  -0.03744 -0.03687  0.19873  0.11643  0.05608  0.45761
                  z  -0.00041 -0.00978  0.04027  0.01557 -0.02477 -0.19817
 66   h           x   0.01845  0.04424 -0.20642 -0.10038 -0.00206 -0.02719
                  y  -0.02423 -0.02543  0.13268  0.07168 -0.06231 -0.50962
                  z   0.00362  0.00908 -0.04228 -0.02141 -0.01295 -0.10922
 67   h           x  -0.36927  0.12888 -0.06715  0.35133 -0.00417  0.00040
                  y  -0.11614  0.03190 -0.00158  0.09816 -0.00133 -0.00107
                  z   0.02554 -0.00884 -0.00070 -0.02904 -0.00095 -0.00818
 68   h           x  -0.35885  0.08313 -0.04963  0.18139  0.00123 -0.00285
                  y  -0.17076  0.04347 -0.01632  0.11267 -0.00181 -0.00161
                  z  -0.02612  0.00692 -0.00938  0.01227 -0.00230 -0.01034
 69   h           x  -0.10459  0.01799  0.03383  0.09422 -0.00414  0.00238
                  y   0.25285 -0.06495 -0.02183 -0.23026  0.00560 -0.00292
                  z   0.03208 -0.00895  0.00982 -0.01763  0.00213  0.00681
 70   h           x  -0.38012 -0.08872  0.02857 -0.19170 -0.00654  0.00021
                  y   0.16616  0.03699 -0.01921  0.11779 -0.00098  0.00078
                  z   0.00964  0.00353  0.00041  0.00329  0.01044 -0.00115
 71   h           x  -0.09024  0.01047  0.02514 -0.10127 -0.00055 -0.00101
                  y  -0.23639 -0.03102  0.04673 -0.24089 -0.00315 -0.00097
                  z  -0.00860 -0.00632 -0.00247  0.00522 -0.00382  0.00046
 72   h           x   0.04237  0.23822  0.07368 -0.09499  0.25568 -0.03161
                  y   0.00495  0.08065  0.02337 -0.02257 -0.23232  0.02829
                  z   0.01059  0.06135  0.01726 -0.01490 -0.06761  0.00809
 73   h           x  -0.04066 -0.40420 -0.12604  0.16365 -0.02213  0.00323
                  y   0.04978  0.35608  0.10734 -0.12674  0.00439 -0.00103
                  z  -0.00023 -0.04279 -0.01586  0.02999 -0.17104  0.02084
 74   h           x   0.06343  0.29584  0.08384 -0.08134 -0.20239  0.02384
                  y  -0.01535  0.01749  0.01089 -0.03380  0.20688 -0.02525
                  z   0.00408 -0.02607 -0.01043  0.02142 -0.12680  0.01551
 75   h           x   0.01161 -0.01208 -0.00709  0.02077 -0.00657  0.00075
                  y  -0.00996  0.49882  0.17382 -0.29687 -0.00702  0.00119
                  z   0.00803  0.01015  0.00008  0.01705  0.27476 -0.03467
 76   h           x   0.00964 -0.19683 -0.06812  0.11544  0.03757 -0.00480
                  y   0.02430 -0.15562 -0.05326  0.07518 -0.56326  0.07173
                  z   0.00226 -0.06372 -0.02278  0.04390  0.14304 -0.01831
 77   h           x   0.00673 -0.19483 -0.06649  0.10648 -0.06990  0.00900
                  y   0.02887 -0.17417 -0.06641  0.14004  0.50307 -0.06408
                  z   0.00321  0.02262  0.00605 -0.00089  0.18916 -0.02403
 78   h           x  -0.37304 -0.14727  0.04476 -0.36868 -0.00654  0.00029
                  y   0.10445  0.01830 -0.01677  0.09289  0.00114  0.00029
                  z  -0.03774 -0.01180  0.00528 -0.03406  0.00683 -0.00085

reduced mass(g/mol)     3.326    1.605    1.497    2.761    1.255    1.251


       mode             181      182      183      184      185      186

     frequency        1101.80  1102.77  1127.46  1132.23  1164.85  1166.06

     symmetry            a        a        a        a        a        a   

        IR               YES      YES      YES      YES      YES      YES
|dDIP/dQ|   (a.u.)     0.0034   0.0014   0.0027   0.0044   0.0027   0.0021
intensity (km/mol)      19.97     3.49    12.60    34.41    13.19     8.10
intensity (  %   )       7.79     1.36     4.91    13.42     5.14     3.16
 
       RAMAN             YES      YES      YES      YES      YES      YES
         (par,par)       0.00     0.00     0.00     0.00     0.00     0.00
         (ort,ort)       0.00     0.00     0.00     0.00     0.00     0.00
       (ort,unpol)       0.00     0.00     0.00     0.00     0.00     0.00
     depol. ratio        0.28     0.62     0.20     0.11     0.20     0.13
 
  1   ag          x   0.00000  0.00000 -0.00000  0.00000  0.00000  0.00001
                  y   0.00000  0.00002 -0.00000  0.00000 -0.00000 -0.00000
                  z  -0.00001  0.00000  0.00001 -0.00002 -0.00001 -0.00002
  2   ag          x   0.00000  0.00000  0.00000  0.00001  0.00001  0.00001
                  y  -0.00000  0.00001  0.00001 -0.00001 -0.00000 -0.00000
                  z   0.00000 -0.00001  0.00002 -0.00001  0.00001  0.00000
  3   ag          x  -0.00000  0.00001 -0.00001  0.00001 -0.00000  0.00000
                  y   0.00000 -0.00000  0.00001 -0.00000  0.00000 -0.00000
                  z   0.00001  0.00000  0.00000  0.00001  0.00002  0.00000
  4   ag          x  -0.00000 -0.00000  0.00001  0.00000  0.00000  0.00000
                  y   0.00000 -0.00000 -0.00000 -0.00001 -0.00000 -0.00000
                  z   0.00001  0.00000 -0.00001  0.00001  0.00001  0.00000
  5   ag          x  -0.00001 -0.00001 -0.00000 -0.00002 -0.00000 -0.00001
                  y  -0.00001 -0.00001  0.00001 -0.00002 -0.00000 -0.00001
                  z   0.00000  0.00000 -0.00000 -0.00001  0.00001 -0.00000
  6   ag          x   0.00000 -0.00003  0.00001  0.00000  0.00001  0.00001
                  y   0.00001 -0.00005 -0.00001  0.00001 -0.00000  0.00001
                  z  -0.00000 -0.00005  0.00002 -0.00001 -0.00000  0.00002
  7   ag          x   0.00000 -0.00005 -0.00000 -0.00000 -0.00000 -0.00000
                  y   0.00000 -0.00002  0.00002 -0.00002 -0.00001 -0.00001
                  z  -0.00000 -0.00000 -0.00014  0.00008 -0.00000 -0.00005
  8   ag          x  -0.00000  0.00001  0.00001 -0.00000 -0.00000 -0.00001
                  y  -0.00001 -0.00001  0.00001 -0.00002 -0.00001 -0.00001
                  z   0.00000 -0.00001  0.00001 -0.00002  0.00001 -0.00000
  9   ag          x   0.00000 -0.00000  0.00002  0.00001  0.00000 -0.00001
                  y  -0.00000 -0.00000  0.00000 -0.00002 -0.00001 -0.00001
                  z   0.00000 -0.00000  0.00003  0.00001 -0.00001 -0.00001
 10   ag          x  -0.00004  0.00000  0.00000  0.00002 -0.00004  0.00001
                  y   0.00003  0.00001  0.00000  0.00002 -0.00001  0.00001
                  z   0.00003 -0.00000 -0.00001 -0.00002 -0.00000 -0.00000
 11   ag          x   0.00000  0.00005  0.00002 -0.00000  0.00001  0.00001
                  y  -0.00001  0.00013  0.00001 -0.00000 -0.00000 -0.00006
                  z  -0.00000 -0.00005  0.00000  0.00001  0.00001  0.00006
 12   ag          x  -0.00000  0.00001 -0.00001  0.00001 -0.00000  0.00000
                  y   0.00000  0.00001 -0.00001  0.00001  0.00000  0.00000
                  z  -0.00000 -0.00001  0.00003 -0.00002 -0.00000 -0.00008
 13   ag          x   0.00001 -0.00000  0.00001 -0.00000 -0.00000 -0.00002
                  y   0.00001  0.00001 -0.00000  0.00002  0.00002  0.00001
                  z   0.00001  0.00000 -0.00000  0.00004  0.00006  0.00004
 14   ag          x   0.00001  0.00001 -0.00001  0.00001  0.00002  0.00001
                  y   0.00004  0.00000 -0.00001 -0.00000  0.00003 -0.00000
                  z  -0.00000 -0.00000 -0.00001 -0.00002 -0.00008  0.00001
 15   ag          x  -0.00014 -0.00001  0.00000  0.00002 -0.00006 -0.00000
                  y   0.00008  0.00000 -0.00001 -0.00001  0.00003 -0.00000
                  z   0.00000 -0.00000 -0.00000  0.00001  0.00003 -0.00000
 16   ag          x   0.00000  0.00007 -0.00001  0.00000  0.00000 -0.00002
                  y   0.00001  0.00001 -0.00000  0.00001 -0.00000  0.00001
                  z  -0.00000 -0.00006 -0.00002  0.00002  0.00001  0.00007
 17   ag          x  -0.00000 -0.00000  0.00000 -0.00001 -0.00002 -0.00002
                  y  -0.00000 -0.00000  0.00001 -0.00001  0.00000 -0.00000
                  z   0.00000  0.00000 -0.00002  0.00002  0.00000  0.00001
 18   ag          x   0.00000 -0.00000  0.00000  0.00000  0.00001  0.00000
                  y  -0.00001  0.00000 -0.00000  0.00000 -0.00001  0.00001
                  z  -0.00000 -0.00000  0.00001  0.00001  0.00000 -0.00001
 19   ag          x  -0.00002 -0.00000 -0.00000 -0.00000  0.00000  0.00000
                  y  -0.00002 -0.00000  0.00000 -0.00000 -0.00001  0.00000
                  z   0.00004 -0.00000  0.00001 -0.00001  0.00005 -0.00001
 20   ag          x   0.00000 -0.00000  0.00000 -0.00000  0.00002 -0.00000
                  y  -0.00001 -0.00000  0.00001 -0.00001  0.00001 -0.00000
                  z   0.00001 -0.00000 -0.00001  0.00002 -0.00000  0.00001
 21   ag          x  -0.00001 -0.00001  0.00000 -0.00000  0.00001  0.00000
                  y  -0.00000 -0.00000 -0.00000  0.00000  0.00000  0.00000
                  z  -0.00001 -0.00000 -0.00000 -0.00000  0.00000 -0.00000
 22   ag          x   0.00000  0.00000  0.00000  0.00000 -0.00000  0.00000
                  y   0.00000  0.00000  0.00000  0.00001  0.00001  0.00000
                  z  -0.00001 -0.00001  0.00001 -0.00001 -0.00000 -0.00000
 23   ag          x  -0.00000 -0.00000  0.00000  0.00000 -0.00000  0.00000
                  y   0.00001  0.00000 -0.00000  0.00000  0.00001  0.00000
                  z  -0.00001 -0.00000  0.00000 -0.00001 -0.00001 -0.00000
 24   ag          x  -0.00000  0.00001  0.00000 -0.00000 -0.00000 -0.00000
                  y   0.00000  0.00001 -0.00000  0.00001  0.00001  0.00001
                  z  -0.00000 -0.00001 -0.00000  0.00000  0.00001  0.00000
 25   ag          x  -0.00001 -0.00000  0.00000 -0.00003 -0.00002 -0.00001
                  y  -0.00000 -0.00002  0.00001 -0.00001  0.00000 -0.00001
                  z  -0.00001 -0.00000  0.00002  0.00000  0.00001  0.00000
 26   ag          x   0.00000 -0.00001  0.00002  0.00000  0.00001 -0.00001
                  y  -0.00001 -0.00001 -0.00000 -0.00000 -0.00000 -0.00001
                  z   0.00000  0.00001 -0.00001  0.00001  0.00001  0.00000
 27   ag          x   0.00001  0.00001 -0.00002  0.00002  0.00001  0.00002
                  y   0.00000 -0.00001  0.00000  0.00001  0.00001 -0.00001
                  z   0.00000  0.00001 -0.00001 -0.00000  0.00000  0.00001
 28   ag          x   0.00000 -0.00001  0.00001 -0.00001 -0.00000 -0.00001
                  y  -0.00000 -0.00001  0.00000 -0.00001 -0.00001 -0.00000
                  z   0.00001  0.00001 -0.00000  0.00001  0.00000  0.00000
 29   ag          x  -0.00000  0.00000 -0.00000  0.00000  0.00000 -0.00000
                  y   0.00000  0.00000  0.00000  0.00001  0.00001  0.00002
                  z  -0.00001  0.00002  0.00000 -0.00000 -0.00000  0.00001
 30   ag          x  -0.00001 -0.00001  0.00001 -0.00002 -0.00000 -0.00000
                  y   0.00000  0.00001 -0.00001  0.00001  0.00000  0.00001
                  z   0.00000  0.00000 -0.00001  0.00001 -0.00001  0.00000
 31   ag          x   0.00000  0.00001  0.00001  0.00001  0.00000 -0.00000
                  y  -0.00000 -0.00001 -0.00000  0.00000  0.00000  0.00001
                  z   0.00001  0.00001 -0.00001  0.00001  0.00000  0.00001
 32   ag          x   0.00001  0.00001 -0.00001  0.00001  0.00001  0.00001
                  y   0.00000  0.00001 -0.00001  0.00002  0.00000  0.00001
                  z   0.00001  0.00001  0.00000  0.00002 -0.00000  0.00001
 33   ag          x   0.00000  0.00001 -0.00000  0.00001  0.00001  0.00000
                  y  -0.00000 -0.00000  0.00000 -0.00000 -0.00000  0.00000
                  z  -0.00001  0.00000  0.00000 -0.00001 -0.00001  0.00000
 34   ag          x   0.00000 -0.00001  0.00000 -0.00000  0.00000  0.00000
                  y   0.00000  0.00000  0.00000  0.00000  0.00000  0.00000
                  z   0.00000  0.00000 -0.00000  0.00001  0.00001  0.00000
 35   ag          x   0.00000  0.00000  0.00000  0.00001 -0.00000 -0.00000
                  y   0.00000  0.00001 -0.00001 -0.00000 -0.00001  0.00001
                  z   0.00000 -0.00000 -0.00001 -0.00001 -0.00001  0.00001
 36   ag          x   0.00000  0.00000 -0.00000 -0.00001  0.00000  0.00000
                  y  -0.00000 -0.00000  0.00001 -0.00000 -0.00001 -0.00000
                  z  -0.00000 -0.00000 -0.00000 -0.00000  0.00001  0.00000
 37   ag          x  -0.00000 -0.00000  0.00000 -0.00001  0.00000 -0.00001
                  y  -0.00000 -0.00000  0.00001 -0.00001 -0.00001  0.00000
                  z   0.00000 -0.00001 -0.00001  0.00001 -0.00001 -0.00001
 38   ag          x   0.00001  0.00001 -0.00001  0.00001 -0.00001 -0.00000
                  y  -0.00000 -0.00000 -0.00000 -0.00000  0.00000 -0.00000
                  z  -0.00000  0.00000  0.00000  0.00001  0.00000  0.00000
 39   ag          x   0.00001 -0.00001  0.00001  0.00000  0.00000  0.00000
                  y  -0.00000 -0.00000 -0.00001 -0.00000 -0.00000 -0.00000
                  z   0.00001 -0.00000  0.00000  0.00000 -0.00000  0.00000
 40   ag          x  -0.00001 -0.00000  0.00000 -0.00002 -0.00003 -0.00001
                  y  -0.00000 -0.00000 -0.00000 -0.00000 -0.00002 -0.00001
                  z   0.00001  0.00000  0.00000  0.00000  0.00001  0.00000
 41   c           x   0.00031  0.00651  0.00850 -0.00516  0.00599  0.07354
                  y   0.00008  0.00447 -0.02520  0.01464 -0.00489 -0.07277
                  z  -0.00392  0.11130  0.00134 -0.00061 -0.00037 -0.00414
 42   n           x  -0.00052 -0.00487 -0.00453  0.00362 -0.00488 -0.05719
                  y   0.00029 -0.00290  0.02697 -0.01557  0.00223  0.02492
                  z   0.00334 -0.10038 -0.00319  0.00173  0.00005  0.00184
 43   c           x  -0.00034  0.00515  0.02469 -0.01529  0.00688  0.10086
                  y  -0.00054  0.00330 -0.02165  0.01205 -0.00159 -0.01071
                  z  -0.00257  0.08721  0.00168 -0.00117 -0.00047 -0.00899
 44   c           x  -0.00006 -0.00671 -0.00332  0.00069 -0.01078 -0.14441
                  y  -0.00039  0.00209  0.04679 -0.02865  0.00374  0.07611
                  z  -0.00043  0.01028 -0.00243  0.00164  0.00078  0.01032
 45   c           x  -0.00070  0.00139 -0.02011  0.01331  0.00006  0.01031
                  y  -0.00131  0.00004 -0.04571  0.02752  0.00241  0.01881
                  z   0.00020 -0.00043  0.00384 -0.00208  0.00001 -0.00225
 46   c           x   0.00269  0.00315 -0.02526  0.01679  0.00960  0.07048
                  y   0.00356  0.00488 -0.01488  0.01263  0.00732  0.03491
                  z  -0.00063 -0.00049  0.00237 -0.00244 -0.00159 -0.00678
 47   c           x   0.00039  0.00143  0.01564  0.01104  0.01127  0.01147
                  y   0.00152 -0.00082  0.05636 -0.02702 -0.00105 -0.00493
                  z  -0.00014 -0.00003 -0.00449  0.00263  0.00043  0.00269
 48   c           x  -0.00010 -0.00094  0.02292 -0.01541  0.00217  0.00807
                  y  -0.00305 -0.00164 -0.06436  0.02643 -0.00756 -0.04237
                  z  -0.00021 -0.00035  0.00083 -0.00117 -0.00052  0.00018
 49   c           x  -0.00085  0.00232 -0.05798  0.02551 -0.00568 -0.00475
                  y   0.00167 -0.00074  0.02593 -0.01583 -0.00103 -0.02205
                  z   0.00018 -0.00075 -0.00007  0.00066  0.00047  0.00086
 50   n           x   0.00378 -0.00180  0.03352  0.00950  0.01507 -0.01581
                  y   0.00064 -0.00022 -0.00829  0.03734  0.01006  0.00847
                  z   0.00023 -0.00024  0.00186 -0.00228 -0.00043 -0.00169
 51   c           x  -0.00146  0.00018  0.01403 -0.00798 -0.01485 -0.00960
                  y  -0.00365  0.00031 -0.03784 -0.04562 -0.00680 -0.00086
                  z   0.00091  0.00013  0.00354  0.00381  0.00109 -0.00007
 52   c           x   0.00367  0.00007  0.01213  0.02103 -0.00730 -0.00106
                  y   0.00158 -0.00095  0.04532  0.05056 -0.04023 -0.00132
                  z   0.00039  0.00025 -0.00335 -0.00226  0.00333  0.00051
 53   c           x  -0.00724  0.00003 -0.03970 -0.04488  0.00515  0.00518
                  y   0.00053  0.00070 -0.01746 -0.02693 -0.02467  0.00184
                  z   0.00036 -0.00018  0.00041  0.00014 -0.00021 -0.00015
 54   c           x   0.00545  0.00011 -0.00082 -0.00138  0.13980 -0.00908
                  y  -0.00262 -0.00062 -0.03057 -0.04574  0.07875 -0.00659
                  z  -0.00793 -0.00033  0.00312  0.00395  0.00528 -0.00068
 55   n           x  -0.01051  0.00001 -0.00090 -0.00345  0.05408 -0.00285
                  y  -0.00634 -0.00014 -0.01842 -0.02551  0.03114 -0.00084
                  z   0.09520  0.00317 -0.00608 -0.00810  0.00422  0.00002
 56   c           x   0.01313  0.00011  0.00400  0.00689 -0.06880  0.00377
                  y  -0.00092 -0.00001  0.01821  0.02518 -0.07820  0.00459
                  z  -0.12265 -0.00368  0.00592  0.00862 -0.00810  0.00048
 57   c           x   0.01094  0.00058  0.01473  0.02261 -0.10126  0.00672
                  y   0.00721  0.00027  0.01386  0.01966 -0.01520  0.00021
                  z  -0.06722 -0.00264  0.00566  0.00641 -0.00732  0.00012
 58   c           x  -0.00113  0.00027 -0.01253 -0.02082 -0.00868  0.00133
                  y   0.00057 -0.00020  0.03108  0.04526  0.01910 -0.00007
                  z  -0.00032 -0.00002 -0.00314 -0.00494 -0.00098 -0.00019
 59   c           x  -0.00581 -0.00146 -0.01598 -0.02249 -0.06922  0.00073
                  y   0.00708  0.00174  0.00748  0.01243  0.03229  0.00153
                  z  -0.00165 -0.00024 -0.00206 -0.00228 -0.00715  0.00031
 60   s           x   0.00041 -0.00038  0.00494  0.00057  0.00592 -0.00747
                  y  -0.00125 -0.00072  0.00030 -0.00104 -0.00524 -0.00491
                  z   0.00024  0.00012 -0.00009  0.00039  0.00114  0.00093
 61   h           x  -0.01187  0.35633 -0.05542  0.03521 -0.01546 -0.23298
                  y  -0.01138  0.35074  0.02443 -0.01198  0.00785  0.08480
                  z   0.00585 -0.17620 -0.02076  0.01124 -0.00483 -0.05817
 62   h           x   0.01115 -0.31618 -0.08066  0.04776 -0.01930 -0.27256
                  y   0.01231 -0.35286 -0.00835  0.00416  0.00234  0.02766
                  z   0.00492 -0.14421  0.02225 -0.01341  0.00732  0.10024
 63   h           x   0.00275 -0.07500  0.04522 -0.02779  0.02519  0.36735
                  y   0.00087 -0.03551  0.02658 -0.01727  0.02160  0.33436
                  z   0.00917 -0.26070  0.00094 -0.00044 -0.00131 -0.02615
 64   h           x   0.00092 -0.01721  0.00325 -0.00170  0.00066 -0.00413
                  y   0.00188  0.00392 -0.11002  0.06767 -0.02756 -0.44983
                  z   0.00579 -0.20081  0.00045  0.00018  0.00193  0.03397
 65   h           x  -0.00052  0.04000 -0.03932  0.02468 -0.01307 -0.19449
                  y  -0.01168  0.35853  0.04349 -0.02904  0.01084  0.16322
                  z   0.00463 -0.16123  0.00671 -0.00400  0.00554  0.08402
 66   h           x   0.00154 -0.03646 -0.04446  0.02783 -0.01482 -0.21338
                  y   0.01056 -0.40007  0.02101 -0.01375  0.00714  0.13512
                  z   0.00266 -0.08947 -0.01017  0.00660 -0.00485 -0.06681
 67   h           x  -0.01001  0.00718  0.05092 -0.03204 -0.00698  0.21090
                  y  -0.00206  0.00006 -0.04245  0.02572  0.00279  0.04500
                  z   0.00143 -0.01260 -0.00221  0.00292  0.00193 -0.01143
 68   h           x  -0.00191 -0.01982  0.58803 -0.43239 -0.03072 -0.07835
                  y  -0.00348 -0.00357 -0.00726 -0.01816 -0.01234 -0.05587
                  z  -0.00015  0.00514 -0.01674  0.01185  0.00087  0.00677
 69   h           x  -0.00780  0.01188 -0.36137  0.19345 -0.00584  0.19892
                  y   0.01091 -0.01415  0.42355 -0.23667 -0.00238 -0.30805
                  z   0.00073 -0.01192  0.01933 -0.01019  0.00014 -0.01261
 70   h           x   0.06652  0.00311  0.35611  0.63118  0.09217  0.01320
                  y  -0.00506 -0.00138  0.01457 -0.00789 -0.05440 -0.00346
                  z  -0.00571 -0.00040 -0.00092 -0.00289  0.00202 -0.00086
 71   h           x  -0.03297  0.00135 -0.23420 -0.31295 -0.19347  0.03118
                  y  -0.03145  0.00265 -0.27614 -0.38406 -0.30723  0.03755
                  z   0.01821  0.00065  0.02091  0.03256  0.02807 -0.00180
 72   h           x  -0.42904 -0.01265 -0.02182 -0.03186  0.21450 -0.01260
                  y   0.39645  0.01205 -0.03039 -0.04390  0.11340 -0.00644
                  z   0.11265  0.00348 -0.02219 -0.03145  0.09781 -0.00550
 73   h           x   0.03899  0.00099  0.03041  0.04667 -0.36822  0.02387
                  y  -0.01125 -0.00045 -0.01963 -0.03158  0.32845 -0.02265
                  z   0.30115  0.00906 -0.00947 -0.01321 -0.02085  0.00118
 74   h           x   0.30781  0.00952 -0.06804 -0.09743  0.28952 -0.01674
                  y  -0.36798 -0.01113  0.01888  0.02653  0.02010 -0.00071
                  z   0.22930  0.00695 -0.00147 -0.00191 -0.05833  0.00315
 75   h           x  -0.00626 -0.00053  0.00151  0.00175  0.01321 -0.00205
                  y   0.03540  0.00310  0.06792  0.10349 -0.45458  0.03378
                  z   0.16206  0.00628 -0.01048 -0.01052  0.00233  0.00029
 76   h           x   0.01508  0.00031 -0.02880 -0.04245  0.20805 -0.01336
                  y  -0.32723 -0.01351 -0.00247 -0.01613  0.15232 -0.01321
                  z   0.07984  0.00319 -0.01347 -0.01723  0.09649 -0.00541
 77   h           x  -0.07113 -0.00313 -0.02142 -0.03543  0.20119 -0.01362
                  y   0.27132  0.01079 -0.03772 -0.04669  0.15770 -0.00861
                  z   0.11489  0.00461 -0.00290 -0.00012 -0.05901  0.00440
 78   h           x   0.00553  0.00500  0.02991  0.03608 -0.19252  0.03201
                  y   0.00111 -0.00047  0.02984  0.04442  0.04091 -0.00245
                  z   0.01263  0.00103 -0.00049  0.00197 -0.01637  0.00383

reduced mass(g/mol)     1.351    1.363    1.352    1.265    1.690    1.697


       mode             187      188      189      190      191      192

     frequency        1236.25  1248.37  1251.53  1263.20  1290.68  1338.45

     symmetry            a        a        a        a        a        a   

        IR               YES      YES      YES      YES      YES      YES
|dDIP/dQ|   (a.u.)     0.0033   0.0024   0.0011   0.0029   0.0018   0.0061
intensity (km/mol)      19.07    10.27     2.26    14.79     5.73    66.62
intensity (  %   )       7.43     4.00     0.88     5.77     2.23    25.97
 
       RAMAN             YES      YES      YES      YES      YES      YES
         (par,par)       0.00     0.00     0.00     0.00     0.00     0.00
         (ort,ort)       0.00     0.00     0.00     0.00     0.00     0.00
       (ort,unpol)       0.00     0.00     0.00     0.00     0.00     0.00
     depol. ratio        0.75     0.69     0.43     0.36     0.18     0.73
 
  1   ag          x  -0.00002  0.00003 -0.00001 -0.00001 -0.00001 -0.00001
                  y  -0.00001 -0.00001 -0.00002  0.00001  0.00000 -0.00002
                  z  -0.00001 -0.00000 -0.00003  0.00002 -0.00002 -0.00000
  2   ag          x   0.00001  0.00000  0.00001 -0.00001  0.00000 -0.00000
                  y   0.00000 -0.00002  0.00000  0.00000  0.00000  0.00000
                  z  -0.00001  0.00001 -0.00000  0.00000 -0.00002  0.00001
  3   ag          x   0.00001 -0.00000  0.00000 -0.00000  0.00000 -0.00001
                  y   0.00000 -0.00000 -0.00000 -0.00000 -0.00001  0.00000
                  z  -0.00001  0.00002 -0.00005 -0.00000 -0.00001 -0.00000
  4   ag          x  -0.00000  0.00001 -0.00001 -0.00000 -0.00000 -0.00000
                  y  -0.00000  0.00001 -0.00002  0.00001 -0.00001 -0.00001
                  z   0.00001  0.00001 -0.00002 -0.00001 -0.00001 -0.00001
  5   ag          x  -0.00001  0.00000 -0.00002  0.00001 -0.00001  0.00000
                  y   0.00000 -0.00003 -0.00001  0.00001 -0.00000  0.00002
                  z  -0.00001 -0.00000 -0.00003  0.00001 -0.00000 -0.00000
  6   ag          x  -0.00000  0.00001  0.00002 -0.00001 -0.00001  0.00003
                  y   0.00001  0.00001  0.00005 -0.00003  0.00001 -0.00002
                  z   0.00000  0.00000  0.00010 -0.00003  0.00000 -0.00003
  7   ag          x  -0.00001  0.00002 -0.00001 -0.00001 -0.00003  0.00001
                  y  -0.00001  0.00001 -0.00003 -0.00001  0.00000 -0.00000
                  z  -0.00000  0.00001 -0.00001  0.00003  0.00008  0.00001
  8   ag          x   0.00001 -0.00001 -0.00004  0.00001 -0.00002 -0.00005
                  y  -0.00001 -0.00001 -0.00002  0.00002 -0.00002  0.00002
                  z  -0.00006  0.00002  0.00002  0.00003 -0.00004  0.00004
  9   ag          x   0.00000 -0.00004  0.00000 -0.00000  0.00002  0.00002
                  y   0.00002 -0.00001  0.00002  0.00002  0.00000  0.00001
                  z   0.00002  0.00001  0.00001  0.00003  0.00001 -0.00001
 10   ag          x   0.00001  0.00000  0.00001  0.00000  0.00002  0.00001
                  y   0.00000  0.00003  0.00002 -0.00001  0.00002 -0.00001
                  z  -0.00002 -0.00000 -0.00002 -0.00000 -0.00000 -0.00002
 11   ag          x  -0.00001  0.00001  0.00001 -0.00001 -0.00001  0.00002
                  y   0.00003 -0.00004  0.00005 -0.00001 -0.00000  0.00002
                  z   0.00002 -0.00001 -0.00000 -0.00001  0.00001 -0.00003
 12   ag          x   0.00000 -0.00000 -0.00004  0.00001 -0.00000 -0.00001
                  y   0.00002 -0.00000  0.00001 -0.00001  0.00001 -0.00002
                  z   0.00006 -0.00000  0.00004 -0.00005  0.00008 -0.00001
 13   ag          x  -0.00001  0.00002  0.00000 -0.00003  0.00001 -0.00001
                  y   0.00001  0.00003  0.00001 -0.00001  0.00002 -0.00001
                  z  -0.00001  0.00001 -0.00001  0.00001  0.00000 -0.00001
 14   ag          x   0.00003 -0.00002  0.00002  0.00001 -0.00000 -0.00000
                  y  -0.00001  0.00002 -0.00001 -0.00001 -0.00001 -0.00002
                  z  -0.00003  0.00006  0.00001 -0.00003  0.00006  0.00008
 15   ag          x   0.00000 -0.00000  0.00001 -0.00000  0.00000 -0.00001
                  y   0.00001 -0.00001  0.00002 -0.00001  0.00000 -0.00001
                  z  -0.00000  0.00003  0.00001 -0.00002  0.00001  0.00001
 16   ag          x  -0.00002  0.00003  0.00004 -0.00001 -0.00002 -0.00002
                  y  -0.00002  0.00003 -0.00001  0.00000 -0.00000 -0.00002
                  z  -0.00003  0.00000 -0.00015  0.00005 -0.00000 -0.00002
 17   ag          x   0.00000  0.00001  0.00002 -0.00001  0.00001  0.00001
                  y   0.00001 -0.00000 -0.00000 -0.00000 -0.00001  0.00002
                  z  -0.00002  0.00001  0.00001 -0.00000  0.00002 -0.00003
 18   ag          x   0.00000  0.00001 -0.00001  0.00003 -0.00002  0.00000
                  y   0.00002 -0.00001  0.00001  0.00002 -0.00000  0.00001
                  z   0.00000 -0.00001 -0.00001 -0.00001  0.00001  0.00001
 19   ag          x  -0.00001 -0.00000  0.00001 -0.00001  0.00001 -0.00000
                  y  -0.00001 -0.00000 -0.00001 -0.00000  0.00001  0.00002
                  z   0.00003 -0.00011  0.00003  0.00003 -0.00000  0.00002
 20   ag          x  -0.00001 -0.00002 -0.00000  0.00000 -0.00000  0.00001
                  y  -0.00001 -0.00000 -0.00002  0.00000 -0.00001  0.00003
                  z   0.00000  0.00000  0.00002 -0.00001  0.00001 -0.00001
 21   ag          x  -0.00000 -0.00001 -0.00001  0.00002  0.00001  0.00000
                  y  -0.00000  0.00000 -0.00002  0.00000  0.00000 -0.00001
                  z  -0.00002  0.00001 -0.00002  0.00001  0.00001 -0.00000
 22   ag          x   0.00000  0.00000  0.00000 -0.00000 -0.00000 -0.00001
                  y  -0.00000  0.00000 -0.00001 -0.00000  0.00001 -0.00000
                  z  -0.00000 -0.00000 -0.00001  0.00001 -0.00000  0.00001
 23   ag          x  -0.00000  0.00000 -0.00000  0.00000 -0.00000  0.00001
                  y  -0.00001  0.00000 -0.00002  0.00000 -0.00001 -0.00002
                  z   0.00001  0.00000 -0.00000 -0.00000 -0.00000  0.00001
 24   ag          x   0.00001 -0.00002  0.00002  0.00000  0.00001  0.00000
                  y   0.00000 -0.00000 -0.00000  0.00001  0.00000 -0.00001
                  z  -0.00002  0.00000 -0.00002 -0.00001 -0.00001  0.00001
 25   ag          x  -0.00000 -0.00002 -0.00002  0.00002  0.00001 -0.00001
                  y  -0.00000  0.00000  0.00000  0.00001 -0.00003  0.00002
                  z   0.00004 -0.00003  0.00004 -0.00002  0.00002  0.00002
 26   ag          x   0.00003 -0.00003  0.00005 -0.00002 -0.00002  0.00004
                  y  -0.00001 -0.00001 -0.00002  0.00002 -0.00000  0.00000
                  z   0.00001 -0.00001  0.00001  0.00000  0.00003  0.00001
 27   ag          x  -0.00000  0.00003 -0.00002  0.00000  0.00002 -0.00003
                  y  -0.00002  0.00000 -0.00006  0.00001 -0.00001 -0.00000
                  z  -0.00000  0.00001  0.00002  0.00000  0.00003 -0.00000
 28   ag          x  -0.00002 -0.00000 -0.00000  0.00000  0.00001  0.00001
                  y  -0.00001 -0.00001  0.00000  0.00001  0.00001  0.00000
                  z   0.00001  0.00001  0.00001 -0.00001 -0.00001 -0.00001
 29   ag          x   0.00001 -0.00001  0.00001 -0.00000  0.00002 -0.00000
                  y   0.00001  0.00000  0.00001 -0.00002  0.00002  0.00000
                  z   0.00002 -0.00001  0.00003 -0.00001  0.00001 -0.00001
 30   ag          x  -0.00001 -0.00002 -0.00004  0.00002 -0.00002  0.00001
                  y  -0.00000  0.00002  0.00001 -0.00000  0.00002 -0.00001
                  z   0.00001  0.00001  0.00005 -0.00002  0.00002 -0.00000
 31   ag          x   0.00001  0.00000  0.00004 -0.00001  0.00002  0.00001
                  y  -0.00001  0.00001 -0.00001  0.00000  0.00001  0.00000
                  z   0.00001  0.00000  0.00004 -0.00001 -0.00001 -0.00000
 32   ag          x  -0.00000  0.00002 -0.00002 -0.00001 -0.00002 -0.00002
                  y   0.00002  0.00001  0.00000 -0.00001 -0.00001 -0.00002
                  z   0.00001  0.00001  0.00003 -0.00002  0.00001  0.00001
 33   ag          x   0.00001 -0.00001  0.00000 -0.00001  0.00000 -0.00001
                  y   0.00001 -0.00001  0.00001  0.00001 -0.00001  0.00000
                  z   0.00001 -0.00002  0.00001 -0.00000  0.00001 -0.00000
 34   ag          x  -0.00001  0.00001 -0.00000  0.00000  0.00000  0.00000
                  y   0.00001  0.00001  0.00004 -0.00002  0.00000  0.00001
                  z   0.00001  0.00001  0.00001 -0.00001  0.00001 -0.00000
 35   ag          x   0.00000  0.00001 -0.00000 -0.00000  0.00000 -0.00000
                  y   0.00000  0.00000  0.00002 -0.00001 -0.00001 -0.00001
                  z  -0.00002  0.00002 -0.00001  0.00000 -0.00000 -0.00000
 36   ag          x  -0.00000  0.00000  0.00000 -0.00001 -0.00000 -0.00000
                  y   0.00001  0.00000  0.00002 -0.00000  0.00001  0.00001
                  z  -0.00001  0.00000 -0.00000 -0.00000  0.00000  0.00003
 37   ag          x  -0.00001  0.00001 -0.00000 -0.00001  0.00000  0.00001
                  y   0.00000  0.00000  0.00002 -0.00001 -0.00001  0.00002
                  z  -0.00001  0.00002 -0.00003 -0.00000  0.00002 -0.00002
 38   ag          x   0.00001 -0.00000  0.00002 -0.00001  0.00000 -0.00003
                  y  -0.00001  0.00001 -0.00001 -0.00000  0.00000 -0.00001
                  z   0.00001 -0.00002  0.00000  0.00000  0.00001  0.00001
 39   ag          x   0.00000  0.00001 -0.00001  0.00000  0.00000  0.00001
                  y   0.00000  0.00000 -0.00001  0.00000  0.00000 -0.00001
                  z   0.00000 -0.00002 -0.00000  0.00001  0.00001  0.00000
 40   ag          x   0.00000 -0.00000  0.00000  0.00001 -0.00001  0.00001
                  y   0.00002  0.00000  0.00002  0.00001  0.00002 -0.00001
                  z  -0.00001 -0.00003 -0.00001  0.00001  0.00000  0.00001
 41   c           x  -0.01941 -0.00254 -0.08510  0.02943 -0.01958  0.05487
                  y  -0.00852 -0.00350 -0.12821  0.03613  0.01156  0.00252
                  z   0.00015  0.00013  0.00728 -0.00072  0.00156 -0.00252
 42   n           x   0.03481  0.00232  0.12034 -0.05407  0.02979 -0.10468
                  y   0.01308  0.00733  0.23992 -0.06759 -0.03430  0.04022
                  z  -0.00274 -0.00014 -0.01893  0.00647  0.00033  0.00463
 43   c           x  -0.01667 -0.00086 -0.05266  0.02519 -0.01357  0.03830
                  y   0.00020 -0.00560 -0.14246  0.03015  0.02516 -0.04257
                  z   0.00043  0.00043  0.01297 -0.00380 -0.00150  0.00211
 44   c           x  -0.00365  0.00361  0.06541 -0.00104 -0.01463  0.06432
                  y   0.00650  0.00769  0.12981 -0.01491  0.01075 -0.01207
                  z   0.00124 -0.00072 -0.00671 -0.00041  0.00100 -0.00419
 45   c           x   0.00774 -0.00144 -0.03314  0.01737  0.02180  0.00681
                  y  -0.03998  0.00063 -0.04758  0.03724 -0.06129  0.04278
                  z   0.00185 -0.00004  0.00420 -0.00314  0.00212 -0.00204
 46   c           x  -0.08006  0.00839 -0.01500  0.06315 -0.04183  0.02689
                  y   0.00536 -0.00225 -0.01264 -0.01992  0.06371 -0.12579
                  z   0.00371  0.00039  0.00274 -0.00007 -0.00362  0.00827
 47   c           x   0.06384 -0.01301 -0.01776 -0.07583 -0.17742  0.00905
                  y   0.12397 -0.01041 -0.01464 -0.10441  0.07090  0.10104
                  z  -0.00543  0.00033  0.00020  0.00372 -0.00738 -0.00753
 48   c           x  -0.00603 -0.00310 -0.01378 -0.01792 -0.07362  0.02504
                  y  -0.04389  0.00390 -0.00571  0.03762 -0.01780  0.01353
                  z   0.00104 -0.00061 -0.00255  0.00035  0.00119 -0.00105
 49   c           x   0.00236  0.00092 -0.00828  0.00660  0.05346  0.02183
                  y  -0.03267  0.00185 -0.03232  0.04243  0.04125 -0.06844
                  z  -0.00046  0.00028  0.00144 -0.00074 -0.00221  0.00077
 50   n           x  -0.01211 -0.00010  0.00050  0.00014 -0.01278 -0.02353
                  y  -0.00163  0.00202  0.00227  0.04453 -0.11898 -0.00343
                  z  -0.00058 -0.00006  0.00011 -0.00287  0.00954 -0.00042
 51   c           x   0.05497  0.01293  0.02663  0.07887  0.19994  0.01473
                  y  -0.11317 -0.01683 -0.02099 -0.10520  0.07979 -0.08987
                  z   0.01034  0.00125  0.00214  0.00993 -0.00033  0.00937
 52   c           x  -0.00688  0.01126  0.00444  0.01983  0.07310  0.02714
                  y   0.04103 -0.00024  0.00993  0.03832 -0.01661 -0.01496
                  z  -0.00352 -0.00027 -0.00084 -0.00318  0.00103  0.00093
 53   c           x   0.00221  0.00714 -0.00408 -0.00745 -0.05493  0.01946
                  y   0.03196 -0.03553  0.01158  0.04253  0.04371  0.06544
                  z  -0.00120  0.00143 -0.00069 -0.00235 -0.00411 -0.00312
 54   c           x  -0.00120 -0.07305  0.00332 -0.00128  0.01136  0.05961
                  y  -0.01203  0.12165 -0.00830 -0.00740  0.00940  0.01788
                  z  -0.00037 -0.01208  0.00016  0.00028  0.00039  0.00308
 55   n           x   0.03750 -0.12412  0.01845  0.05166 -0.03005 -0.09743
                  y  -0.01971  0.24046 -0.02425 -0.05745 -0.02559 -0.03999
                  z   0.00484 -0.00757  0.00177  0.00489 -0.00397 -0.00977
 56   c           x  -0.02113  0.08734 -0.01064 -0.02641  0.02078  0.05314
                  y   0.01168 -0.12764  0.01323  0.03075  0.00801 -0.00217
                  z  -0.00399  0.01079 -0.00187 -0.00429  0.00206  0.00790
 57   c           x  -0.01714  0.05671 -0.00828 -0.02396  0.01417  0.03409
                  y   0.00416 -0.14169  0.01159  0.02317  0.01859  0.03736
                  z  -0.00134  0.00102 -0.00027 -0.00099  0.00162  0.00649
 58   c           x   0.00496  0.03463 -0.00471 -0.01743 -0.02392  0.00819
                  y   0.04288 -0.04304  0.01089  0.03914 -0.06332 -0.04002
                  z  -0.00445  0.00364 -0.00160 -0.00509  0.00517  0.00313
 59   c           x  -0.07466  0.01500 -0.01880 -0.06633  0.03982  0.02120
                  y  -0.01008 -0.01659 -0.00369 -0.02756  0.06728  0.11609
                  z  -0.00205  0.00303  0.00051  0.00131 -0.00673 -0.01101
 60   s           x   0.00782 -0.00456  0.00518 -0.00024  0.00048  0.00353
                  y   0.00025  0.00205  0.00193  0.00412 -0.00398  0.00061
                  z   0.00002 -0.00085 -0.00064 -0.00057  0.00078 -0.00002
 61   h           x   0.00588 -0.00480 -0.17419  0.03989  0.05704 -0.12477
                  y  -0.00582  0.00136  0.04641 -0.01392 -0.03699  0.05364
                  z  -0.00252 -0.00180 -0.07215  0.02374  0.02346 -0.01528
 62   h           x   0.00976 -0.00493 -0.19796  0.04643  0.06997 -0.13824
                  y   0.00343 -0.00038  0.00025 -0.01071 -0.02334  0.02713
                  z   0.00540  0.00249  0.10662 -0.03583 -0.03452  0.03705
 63   h           x  -0.02514  0.00574  0.11620 -0.00075 -0.00644 -0.00402
                  y  -0.01775  0.00821  0.15865 -0.00542  0.02902 -0.07285
                  z   0.00897 -0.00059 -0.00045 -0.01373 -0.00916 -0.00180
 64   h           x  -0.02182  0.00372  0.03736  0.01569 -0.02674  0.06324
                  y  -0.02645  0.01275  0.20550  0.00012 -0.03324  0.08270
                  z   0.00294 -0.00129 -0.01689  0.00265  0.00599 -0.02487
 65   h           x   0.04159  0.00306  0.15845 -0.07651  0.03383 -0.12467
                  y  -0.03789 -0.00505 -0.17390  0.06523 -0.02156  0.10236
                  z  -0.01771 -0.00190 -0.10038  0.04320 -0.00843  0.03051
 66   h           x   0.04858  0.00217  0.18730 -0.08557  0.03832 -0.14594
                  y  -0.01482 -0.00748 -0.10745  0.03650 -0.01326  0.09154
                  z   0.01916  0.00099  0.09224 -0.03852  0.00833 -0.02530
 67   h           x   0.55082 -0.08051 -0.51800 -0.43337  0.39480 -0.38798
                  y   0.00197 -0.00601 -0.09541  0.00360 -0.03506  0.01103
                  z  -0.02434  0.00486  0.02981  0.02062 -0.01506  0.00832
 68   h           x  -0.42029  0.04764  0.09350  0.39667  0.20995 -0.36718
                  y  -0.09434  0.01034  0.00566  0.08930  0.02045 -0.02789
                  z   0.01157  0.00059  0.01115 -0.01140 -0.00165  0.00764
 69   h           x  -0.07194  0.03287  0.27581  0.13454  0.31430 -0.17893
                  y   0.06244 -0.04053 -0.41678 -0.12204 -0.29592  0.19423
                  z   0.00713 -0.00220 -0.01193 -0.00694 -0.00995  0.00487
 70   h           x  -0.38515 -0.06852 -0.09527 -0.41207 -0.19565 -0.34827
                  y   0.08306  0.00719  0.02179  0.08748  0.01803  0.02078
                  z  -0.00797  0.00121 -0.00177 -0.00799 -0.00055 -0.00200
 71   h           x  -0.06235 -0.25397 -0.03402 -0.16436 -0.34773 -0.18650
                  y  -0.05223 -0.39396 -0.02721 -0.16476 -0.34230 -0.21004
                  z  -0.00297  0.03062  0.00113  0.00580  0.02303  0.01127
 72   h           x  -0.00235  0.18760 -0.01650 -0.03611 -0.04494 -0.13219
                  y   0.00671  0.04896 -0.00334 -0.01261 -0.03898 -0.05646
                  z  -0.00446  0.10002 -0.00996 -0.02574 -0.02604 -0.02816
 73   h           x  -0.02116 -0.11008  0.00329 -0.00898 -0.00083 -0.01333
                  y   0.01173  0.14991 -0.00635  0.00507  0.03486  0.07968
                  z   0.00311  0.00764  0.00153  0.00114 -0.00035 -0.02780
 74   h           x   0.00364  0.18829 -0.01678 -0.03965 -0.06144 -0.13241
                  y  -0.00442  0.00335 -0.00291 -0.00816 -0.02254 -0.02244
                  z   0.00903 -0.07664  0.00959  0.02461  0.02355  0.01525
 75   h           x  -0.01996 -0.04629 -0.00217 -0.01802  0.02461  0.05907
                  y   0.02270  0.23490 -0.00848  0.01149 -0.02704 -0.07137
                  z  -0.00959 -0.04055  0.00090 -0.00692  0.01379 -0.01314
 76   h           x   0.04328 -0.18471  0.02514  0.07085 -0.03324 -0.12770
                  y   0.02300 -0.15455  0.01866  0.03648 -0.00211 -0.07348
                  z   0.02568 -0.11989  0.01509  0.04613 -0.01841 -0.04445
 77   h           x   0.05145 -0.14751  0.02448  0.07831 -0.04696 -0.11777
                  y   0.03906 -0.13348  0.01829  0.05273 -0.02409 -0.09288
                  z  -0.01655  0.08649 -0.01101 -0.03338  0.01206  0.01829
 78   h           x   0.50827  0.55229  0.08444  0.50210 -0.39076 -0.34304
                  y   0.01172 -0.08648  0.00610  0.00725 -0.04311 -0.01671
                  z   0.02229  0.03279  0.00432  0.02485 -0.01291 -0.00314

reduced mass(g/mol)     1.700    2.772    2.802    1.884    2.646    2.255


       mode             193      194      195      196      197      198

     frequency        1354.66  1366.28  1370.44  1385.67  1389.51  1401.04

     symmetry            a        a        a        a        a        a   

        IR               YES      YES      YES      YES      YES      YES
|dDIP/dQ|   (a.u.)     0.0018   0.0088   0.0075   0.0016   0.0024   0.0047
intensity (km/mol)       5.79   138.28   100.55     4.33     9.89    39.99
intensity (  %   )       2.26    53.91    39.20     1.69     3.85    15.59
 
       RAMAN             YES      YES      YES      YES      YES      YES
         (par,par)       0.00     0.00     0.00     0.00     0.00     0.00
         (ort,ort)       0.00     0.00     0.00     0.00     0.00     0.00
       (ort,unpol)       0.00     0.00     0.00     0.00     0.00     0.00
     depol. ratio        0.14     0.10     0.24     0.18     0.71     0.53
 
  1   ag          x  -0.00000 -0.00001 -0.00002 -0.00000  0.00000 -0.00000
                  y  -0.00001 -0.00001  0.00003 -0.00001 -0.00000  0.00001
                  z  -0.00001  0.00003  0.00002 -0.00000 -0.00000 -0.00001
  2   ag          x   0.00001 -0.00003 -0.00002  0.00000 -0.00000  0.00001
                  y  -0.00001  0.00001  0.00002 -0.00000 -0.00000  0.00001
                  z   0.00001 -0.00001 -0.00003  0.00001  0.00000 -0.00002
  3   ag          x  -0.00001  0.00001  0.00000 -0.00000  0.00001  0.00001
                  y   0.00000 -0.00001 -0.00000 -0.00000 -0.00000 -0.00001
                  z  -0.00002 -0.00003 -0.00004 -0.00001  0.00001 -0.00002
  4   ag          x   0.00002 -0.00001  0.00000  0.00001 -0.00001 -0.00000
                  y  -0.00001 -0.00000  0.00001 -0.00000  0.00000  0.00000
                  z  -0.00001 -0.00003 -0.00003 -0.00001  0.00000 -0.00000
  5   ag          x  -0.00002  0.00002 -0.00001 -0.00001  0.00001 -0.00001
                  y  -0.00001  0.00003  0.00002 -0.00001  0.00000 -0.00001
                  z   0.00000  0.00001 -0.00001  0.00001  0.00001 -0.00001
  6   ag          x   0.00000  0.00000 -0.00002  0.00001  0.00001 -0.00003
                  y   0.00000 -0.00002 -0.00000  0.00001 -0.00000  0.00001
                  z  -0.00005 -0.00005  0.00002 -0.00004 -0.00002  0.00004
  7   ag          x  -0.00004 -0.00000  0.00003  0.00002  0.00000 -0.00001
                  y  -0.00003  0.00001  0.00004  0.00001  0.00000 -0.00000
                  z  -0.00004  0.00002  0.00008  0.00001  0.00001 -0.00003
  8   ag          x  -0.00002 -0.00003  0.00003 -0.00001 -0.00000  0.00002
                  y   0.00001  0.00002  0.00002  0.00001 -0.00000 -0.00000
                  z  -0.00000  0.00002 -0.00003  0.00002  0.00000  0.00001
  9   ag          x   0.00002  0.00001  0.00005  0.00000 -0.00001 -0.00001
                  y  -0.00000  0.00002  0.00004 -0.00001 -0.00000 -0.00001
                  z   0.00003  0.00000  0.00005 -0.00000  0.00001 -0.00002
 10   ag          x  -0.00001 -0.00001 -0.00003  0.00001 -0.00002  0.00000
                  y   0.00001 -0.00002 -0.00000  0.00001  0.00000  0.00002
                  z  -0.00001  0.00006  0.00003 -0.00001  0.00003  0.00001
 11   ag          x  -0.00002 -0.00002 -0.00003 -0.00003 -0.00000  0.00001
                  y   0.00002 -0.00000  0.00001  0.00002 -0.00001  0.00006
                  z  -0.00001 -0.00005 -0.00000 -0.00004 -0.00001  0.00001
 12   ag          x  -0.00001 -0.00003  0.00001  0.00001  0.00000  0.00000
                  y  -0.00002 -0.00001 -0.00001 -0.00000 -0.00000  0.00000
                  z   0.00001  0.00005  0.00000 -0.00002  0.00002 -0.00009
 13   ag          x  -0.00003  0.00003 -0.00001 -0.00002  0.00000 -0.00001
                  y  -0.00001 -0.00003 -0.00002  0.00001  0.00000  0.00002
                  z   0.00000 -0.00007 -0.00003 -0.00000  0.00000 -0.00000
 14   ag          x   0.00000 -0.00003 -0.00002  0.00001 -0.00001  0.00000
                  y  -0.00001  0.00002  0.00001  0.00000 -0.00003  0.00000
                  z  -0.00001  0.00000 -0.00001  0.00001 -0.00000  0.00006
 15   ag          x  -0.00002 -0.00001 -0.00001 -0.00000 -0.00005 -0.00004
                  y  -0.00000  0.00003  0.00003 -0.00000  0.00002  0.00005
                  z   0.00001 -0.00003  0.00002  0.00000 -0.00003 -0.00001
 16   ag          x  -0.00003 -0.00004 -0.00001  0.00003  0.00001  0.00001
                  y  -0.00001 -0.00003 -0.00000 -0.00001 -0.00000  0.00001
                  z   0.00007 -0.00003 -0.00010  0.00006  0.00000  0.00003
 17   ag          x   0.00001  0.00004  0.00002  0.00001 -0.00000  0.00001
                  y   0.00002  0.00003 -0.00001 -0.00000  0.00000 -0.00002
                  z  -0.00003 -0.00005  0.00002 -0.00000 -0.00000  0.00001
 18   ag          x   0.00000  0.00000 -0.00002 -0.00000  0.00000 -0.00002
                  y   0.00001  0.00000 -0.00002  0.00000 -0.00000  0.00000
                  z   0.00002 -0.00002  0.00003 -0.00000 -0.00000  0.00000
 19   ag          x   0.00001  0.00000  0.00002  0.00000 -0.00000  0.00001
                  y   0.00001 -0.00001 -0.00000 -0.00000  0.00002  0.00000
                  z  -0.00004  0.00004 -0.00005 -0.00001  0.00005 -0.00000
 20   ag          x  -0.00000  0.00002 -0.00003 -0.00000  0.00000 -0.00001
                  y   0.00001  0.00000 -0.00002 -0.00000  0.00001 -0.00003
                  z  -0.00001 -0.00003  0.00001 -0.00000  0.00001  0.00001
 21   ag          x   0.00000  0.00003 -0.00002  0.00000  0.00001 -0.00001
                  y   0.00001 -0.00001 -0.00001  0.00001 -0.00000  0.00000
                  z  -0.00001 -0.00001 -0.00001  0.00000  0.00000 -0.00002
 22   ag          x  -0.00001 -0.00001  0.00002 -0.00001 -0.00001  0.00001
                  y   0.00000 -0.00002 -0.00002  0.00000  0.00000 -0.00000
                  z   0.00001  0.00002 -0.00001  0.00000  0.00001 -0.00001
 23   ag          x   0.00001  0.00000 -0.00000  0.00001  0.00000 -0.00000
                  y  -0.00002 -0.00001 -0.00002 -0.00000  0.00000  0.00000
                  z   0.00001  0.00001  0.00002 -0.00000  0.00000  0.00000
 24   ag          x  -0.00000  0.00000  0.00002  0.00000 -0.00000  0.00001
                  y  -0.00000 -0.00003 -0.00002  0.00000  0.00000  0.00000
                  z  -0.00000 -0.00001 -0.00004 -0.00001  0.00001 -0.00002
 25   ag          x  -0.00001  0.00005  0.00006 -0.00001 -0.00000  0.00001
                  y   0.00001  0.00001 -0.00001  0.00000  0.00001 -0.00003
                  z   0.00003 -0.00000 -0.00002  0.00001 -0.00000  0.00000
 26   ag          x   0.00002 -0.00001 -0.00000  0.00000 -0.00001 -0.00002
                  y  -0.00000  0.00001  0.00001  0.00000  0.00000 -0.00002
                  z   0.00001  0.00001 -0.00001  0.00001  0.00000 -0.00000
 27   ag          x   0.00000 -0.00003 -0.00005  0.00001  0.00001  0.00002
                  y  -0.00003 -0.00004 -0.00001 -0.00002  0.00000 -0.00003
                  z   0.00001  0.00001 -0.00004  0.00001  0.00000  0.00002
 28   ag          x  -0.00001  0.00004  0.00000 -0.00000  0.00000 -0.00001
                  y   0.00000  0.00005  0.00000  0.00000  0.00001 -0.00001
                  z  -0.00000 -0.00003  0.00002  0.00000 -0.00001  0.00002
 29   ag          x   0.00001  0.00000 -0.00001  0.00001  0.00000  0.00000
                  y   0.00001 -0.00003 -0.00003  0.00001 -0.00000  0.00001
                  z   0.00001 -0.00000 -0.00000 -0.00000 -0.00001  0.00004
 30   ag          x   0.00000  0.00001  0.00003 -0.00000  0.00000 -0.00001
                  y   0.00002  0.00001 -0.00005  0.00002  0.00001  0.00001
                  z  -0.00001  0.00001  0.00001 -0.00000 -0.00000  0.00002
 31   ag          x  -0.00000  0.00003 -0.00000 -0.00000  0.00000  0.00000
                  y   0.00001  0.00000 -0.00002  0.00001  0.00000 -0.00001
                  z  -0.00000 -0.00002 -0.00001  0.00000 -0.00000  0.00003
 32   ag          x  -0.00001 -0.00004 -0.00000 -0.00000 -0.00000  0.00001
                  y  -0.00000 -0.00004  0.00001 -0.00001 -0.00001  0.00002
                  z   0.00002 -0.00006 -0.00000  0.00001 -0.00002  0.00002
 33   ag          x  -0.00000 -0.00002 -0.00001 -0.00000  0.00000  0.00001
                  y  -0.00000  0.00001  0.00001 -0.00000  0.00000  0.00001
                  z   0.00002  0.00002 -0.00000  0.00001 -0.00000  0.00001
 34   ag          x  -0.00000  0.00002 -0.00001  0.00000  0.00001 -0.00001
                  y  -0.00001  0.00000  0.00001 -0.00001 -0.00000  0.00001
                  z   0.00000 -0.00001  0.00000 -0.00000 -0.00000  0.00000
 35   ag          x  -0.00001 -0.00002  0.00001 -0.00000  0.00000  0.00000
                  y  -0.00001 -0.00001 -0.00000 -0.00000 -0.00000  0.00002
                  z   0.00000  0.00002 -0.00001  0.00001  0.00001  0.00001
 36   ag          x   0.00000 -0.00001  0.00000  0.00000 -0.00001  0.00000
                  y   0.00001  0.00001  0.00000  0.00001  0.00000  0.00000
                  z   0.00000 -0.00003 -0.00003 -0.00000  0.00001 -0.00002
 37   ag          x   0.00000  0.00002 -0.00001  0.00000  0.00000 -0.00002
                  y   0.00002  0.00002 -0.00000  0.00000  0.00000 -0.00000
                  z  -0.00000 -0.00005 -0.00000  0.00000 -0.00001  0.00000
 38   ag          x  -0.00002 -0.00002  0.00003 -0.00001 -0.00001  0.00003
                  y   0.00000  0.00001 -0.00001  0.00000  0.00000 -0.00001
                  z   0.00001 -0.00003  0.00001  0.00000 -0.00001  0.00001
 39   ag          x   0.00002 -0.00001  0.00000  0.00001 -0.00000 -0.00000
                  y   0.00000  0.00002  0.00000  0.00000  0.00000  0.00000
                  z   0.00000 -0.00001 -0.00000  0.00000  0.00000  0.00001
 40   ag          x   0.00001  0.00004  0.00003  0.00001  0.00000  0.00001
                  y   0.00001  0.00000  0.00006  0.00000 -0.00001  0.00001
                  z  -0.00001  0.00001 -0.00003 -0.00000  0.00001 -0.00002
 41   c           x  -0.01686  0.05887  0.05177  0.04860  0.01815 -0.06414
                  y   0.05210  0.03503 -0.03381  0.02924  0.00904 -0.04765
                  z   0.00508  0.00025 -0.00537 -0.00455 -0.00100 -0.00080
 42   n           x   0.00445 -0.11920 -0.07903  0.01509 -0.00884  0.03489
                  y  -0.12461 -0.01010  0.11561  0.03166  0.01150 -0.01869
                  z   0.00582  0.00969 -0.00046 -0.00465  0.00019 -0.00593
 43   c           x   0.01786  0.04999  0.01025 -0.00847  0.00163 -0.01027
                  y   0.05485 -0.03713 -0.08098  0.07760  0.00402  0.03743
                  z  -0.00863  0.00120  0.01095 -0.01262 -0.00103 -0.00720
 44   c           x   0.04128  0.12059  0.02215 -0.00180  0.01053 -0.05392
                  y   0.16621  0.06593 -0.16156  0.01119 -0.00608  0.01068
                  z  -0.00658 -0.01099  0.00226 -0.00014 -0.00080  0.00438
 45   c           x  -0.03397  0.00800  0.06054 -0.01735  0.00664 -0.02334
                  y  -0.03344 -0.01562  0.02943  0.00696 -0.00311  0.03074
                  z   0.00389  0.00018 -0.00512  0.00038 -0.00019 -0.00045
 46   c           x   0.00412 -0.02262 -0.02525  0.01812 -0.00541  0.04253
                  y  -0.08656 -0.10503  0.03053 -0.01764  0.00474 -0.04947
                  z   0.00724  0.01277 -0.00077  0.00108  0.00003  0.00180
 47   c           x   0.06938 -0.01285 -0.11085  0.00546 -0.01812  0.05458
                  y   0.12975  0.15454 -0.06265 -0.00668  0.00372 -0.01441
                  z  -0.00641 -0.01096  0.00031  0.00041 -0.00069  0.00231
 48   c           x  -0.08979 -0.04068  0.03362 -0.00307 -0.00239  0.01334
                  y  -0.07431 -0.00970  0.07036  0.01156  0.00182  0.01498
                  z  -0.00001  0.00080  0.00233 -0.00052 -0.00012 -0.00003
 49   c           x  -0.02262  0.02895  0.05216  0.01528  0.00255  0.01895
                  y   0.00260 -0.06534 -0.00588 -0.02080  0.00126 -0.03333
                  z   0.00058 -0.00010 -0.00226  0.00005  0.00014 -0.00113
 50   n           x   0.00418 -0.02070 -0.02638 -0.02350  0.01442 -0.09119
                  y  -0.00222 -0.07837 -0.01172 -0.00052 -0.00173  0.00323
                  z  -0.00002  0.00701  0.00050 -0.00063  0.00076 -0.00330
 51   c           x   0.05491  0.03372  0.15511  0.01865  0.00330  0.04383
                  y  -0.10725  0.19130 -0.05539  0.00630 -0.00497  0.01206
                  z   0.01032 -0.01636  0.00828  0.00009  0.00029  0.00067
 52   c           x  -0.08041  0.04425 -0.04505  0.00056  0.00770  0.01019
                  y   0.06287 -0.01661  0.07092 -0.00184  0.00990 -0.01418
                  z  -0.00587  0.00139 -0.00660  0.00027 -0.00087  0.00174
 53   c           x  -0.01809 -0.02656 -0.05038  0.00289 -0.01529  0.02038
                  y  -0.00258 -0.07190  0.00761  0.00753 -0.01503  0.02951
                  z   0.00155  0.00353  0.00077 -0.00041  0.00075 -0.00150
 54   c           x   0.03255 -0.13686 -0.01824 -0.01072  0.00050 -0.04587
                  y  -0.14798  0.08602 -0.19209 -0.00926  0.00739 -0.00414
                  z   0.00742 -0.01225  0.00718 -0.00059 -0.00022 -0.00362
 55   n           x   0.00839  0.13038  0.08040  0.01318 -0.01403  0.02491
                  y   0.10911 -0.01954  0.13220  0.00099  0.02938  0.01231
                  z   0.00214  0.01123  0.00715  0.00065  0.00086 -0.00218
 56   c           x  -0.01886 -0.06399 -0.05730 -0.00095 -0.05572 -0.04849
                  y  -0.04418  0.04323 -0.03778 -0.00084  0.02938  0.03592
                  z  -0.00118 -0.01258 -0.00837 -0.00051 -0.00931 -0.01063
 57   c           x   0.01399 -0.05403 -0.00563 -0.00372  0.00694 -0.00764
                  y  -0.04923 -0.03104 -0.08828 -0.01833  0.07304 -0.01827
                  z  -0.00365 -0.01178 -0.01219 -0.00409  0.01379 -0.01432
 58   c           x  -0.03024 -0.01255 -0.07440 -0.01176  0.01601 -0.01873
                  y   0.03344 -0.02510  0.03234 -0.00460  0.00522 -0.02643
                  z  -0.00465  0.00231 -0.00571 -0.00012 -0.00009  0.00139
 59   c           x   0.00104  0.02700  0.02434  0.00993 -0.01632  0.03397
                  y   0.06707 -0.11608  0.04383  0.00875 -0.01253  0.04139
                  z  -0.00595  0.01331 -0.00323 -0.00016  0.00045 -0.00194
 60   s           x   0.00641 -0.00037  0.00131  0.00042 -0.00020  0.00038
                  y   0.00072  0.00954  0.00128  0.00054  0.00055  0.00030
                  z  -0.00026 -0.00196  0.00030 -0.00013 -0.00011 -0.00002
 61   h           x   0.13575 -0.13200 -0.19730 -0.29525 -0.09106  0.32798
                  y  -0.12383 -0.03349  0.12929 -0.10111 -0.02927  0.20065
                  z   0.09286  0.06037 -0.07859  0.12711  0.03835 -0.21211
 62   h           x   0.18657 -0.10475 -0.23965 -0.30501 -0.08891  0.26813
                  y  -0.10864 -0.05402  0.10707 -0.09239 -0.03126  0.21716
                  z  -0.13744 -0.05036  0.13087 -0.06504 -0.02170  0.17143
 63   h           x  -0.01039 -0.04289 -0.00856 -0.19400 -0.04729  0.14534
                  y   0.06273 -0.09433 -0.11391 -0.29631 -0.07773  0.22432
                  z  -0.04884 -0.03880  0.03378  0.01218 -0.00330  0.06587
 64   h           x   0.01086  0.09231  0.04955 -0.11360 -0.00857 -0.03787
                  y   0.02319  0.17454  0.11203 -0.42652 -0.04445 -0.10621
                  z   0.02784 -0.04558 -0.07092  0.14949  0.01352  0.08538
 65   h           x  -0.08980 -0.19310 -0.01854  0.08112  0.00196  0.00768
                  y   0.00051  0.16208  0.12879 -0.32797 -0.03163 -0.10104
                  z   0.09471  0.04917 -0.09278  0.17421  0.02106  0.06572
 66   h           x  -0.07748 -0.23089 -0.06186  0.17459  0.00921  0.08122
                  y  -0.04005  0.15412  0.18655 -0.44143 -0.04487 -0.16381
                  z  -0.06914 -0.03772  0.06657 -0.13084 -0.01610 -0.04388
 67   h           x  -0.32571 -0.25308  0.14065 -0.06873  0.00484 -0.12152
                  y  -0.06577 -0.04454  0.04118  0.00336 -0.00369  0.02674
                  z   0.01148  0.00484 -0.00603 -0.00084  0.00020 -0.00036
 68   h           x   0.12701 -0.20158 -0.08907 -0.01682 -0.00224 -0.05382
                  y  -0.05810 -0.02571  0.06868  0.01172  0.00264  0.00864
                  z   0.01088  0.00875 -0.00986  0.00234 -0.00036  0.00320
 69   h           x   0.25220  0.02431 -0.12894 -0.02728  0.01726 -0.14788
                  y  -0.37203 -0.06383  0.24781  0.03562 -0.01738  0.18573
                  z  -0.00245  0.00076 -0.00155 -0.00121 -0.00165  0.00796
 70   h           x   0.11749  0.24653  0.10721 -0.00090  0.00076 -0.04806
                  y   0.05012 -0.03536  0.06937 -0.00151  0.01244 -0.00985
                  z  -0.00370  0.00489 -0.00401 -0.00021 -0.00013 -0.00027
 71   h           x   0.22201 -0.04277  0.11575 -0.02414  0.00526 -0.13071
                  y   0.32979 -0.09956  0.24677 -0.02830  0.01348 -0.17381
                  z  -0.02960  0.00931 -0.02998  0.00096 -0.00233  0.00617
 72   h           x   0.14691  0.14203  0.26864 -0.01210  0.36212  0.27369
                  y   0.12343 -0.04774  0.16226  0.00249 -0.07451 -0.15136
                  z   0.09376 -0.05527  0.10897  0.00195 -0.06392 -0.11041
 73   h           x   0.00075  0.05260  0.02146 -0.01884  0.21489  0.11491
                  y  -0.06110 -0.10799 -0.12728  0.02277 -0.32132 -0.17755
                  z   0.02067  0.04963  0.06766 -0.00025  0.08725  0.07788
 74   h           x   0.15610  0.10686  0.23833 -0.01408  0.29966  0.19673
                  y   0.07903 -0.06629  0.08712 -0.00013 -0.08521 -0.15545
                  z  -0.09303  0.08726 -0.09567 -0.00249  0.11634  0.17086
 75   h           x  -0.00144 -0.10172 -0.06434 -0.03136  0.13519 -0.03703
                  y   0.00079  0.16683  0.13010  0.08624 -0.41830  0.06489
                  z   0.01626  0.07786  0.07937  0.04060 -0.14509  0.18279
 76   h           x  -0.04711  0.26388  0.07761  0.05512 -0.20385  0.14751
                  y   0.02947  0.15983  0.18157  0.08865 -0.40141  0.12586
                  z  -0.06594  0.09496 -0.06668 -0.01300  0.08478  0.01998
 77   h           x  -0.06838  0.19444 -0.00808  0.01217 -0.05304 -0.06441
                  y   0.01904  0.12636  0.13624  0.06111 -0.30012 -0.02158
                  z   0.06766 -0.04836  0.10079  0.02979 -0.15387  0.01523
 78   h           x  -0.26209  0.31152 -0.17250 -0.01959  0.04384 -0.07952
                  y   0.05682 -0.05706  0.04492 -0.00474  0.00408 -0.02677
                  z  -0.00907  0.00035 -0.00868 -0.00109  0.00530 -0.00621

reduced mass(g/mol)     2.924    3.364    3.396    1.175    1.160    1.542


       mode             199      200      201      202      203      204

     frequency        1408.16  1408.86  1416.87  1421.78  1425.08  1426.57

     symmetry            a        a        a        a        a        a   

        IR               YES      YES      YES      YES      YES      YES
|dDIP/dQ|   (a.u.)     0.0011   0.0038   0.0023   0.0054   0.0019   0.0033
intensity (km/mol)       1.97    25.87     9.02    51.77     6.25    19.41
intensity (  %   )       0.77    10.09     3.52    20.18     2.44     7.57
 
       RAMAN             YES      YES      YES      YES      YES      YES
         (par,par)       0.00     0.00     0.00     0.00     0.00     0.00
         (ort,ort)       0.00     0.00     0.00     0.00     0.00     0.00
       (ort,unpol)       0.00     0.00     0.00     0.00     0.00     0.00
     depol. ratio        0.23     0.34     0.30     0.48     0.24     0.27
 
  1   ag          x   0.00000  0.00000 -0.00000  0.00000 -0.00000  0.00001
                  y  -0.00000  0.00000 -0.00001 -0.00000 -0.00001  0.00001
                  z   0.00001 -0.00001  0.00000  0.00000  0.00000  0.00001
  2   ag          x  -0.00000  0.00000 -0.00001 -0.00000 -0.00000 -0.00000
                  y   0.00000  0.00000  0.00000 -0.00000  0.00000 -0.00001
                  z   0.00000  0.00000 -0.00000  0.00000 -0.00000  0.00000
  3   ag          x  -0.00000  0.00000 -0.00000 -0.00000 -0.00000  0.00000
                  y  -0.00000  0.00000  0.00000 -0.00000 -0.00000  0.00000
                  z   0.00000  0.00001 -0.00001 -0.00000 -0.00000  0.00000
  4   ag          x   0.00001 -0.00001  0.00000  0.00000 -0.00000  0.00000
                  y   0.00000  0.00000  0.00001  0.00000 -0.00000  0.00000
                  z   0.00000  0.00000 -0.00000 -0.00000  0.00000  0.00000
  5   ag          x  -0.00000  0.00000  0.00000  0.00000  0.00001 -0.00000
                  y   0.00000  0.00000  0.00001 -0.00000  0.00001 -0.00001
                  z   0.00000 -0.00000 -0.00001  0.00001 -0.00000  0.00000
  6   ag          x   0.00000  0.00001  0.00001 -0.00000 -0.00000 -0.00002
                  y  -0.00001 -0.00000  0.00000 -0.00000  0.00001  0.00001
                  z  -0.00001 -0.00001 -0.00003 -0.00001  0.00003  0.00002
  7   ag          x   0.00001  0.00000  0.00001  0.00000 -0.00001 -0.00000
                  y   0.00000 -0.00000  0.00001  0.00000 -0.00000 -0.00002
                  z  -0.00000  0.00000 -0.00001 -0.00000  0.00001 -0.00000
  8   ag          x   0.00000 -0.00000  0.00001  0.00000 -0.00001  0.00001
                  y   0.00000 -0.00000  0.00002  0.00001  0.00000 -0.00001
                  z  -0.00000 -0.00000  0.00001  0.00001  0.00001 -0.00002
  9   ag          x   0.00000 -0.00000 -0.00001 -0.00001 -0.00001 -0.00001
                  y  -0.00000  0.00000  0.00001 -0.00000  0.00000 -0.00000
                  z   0.00000  0.00001 -0.00001 -0.00000 -0.00000  0.00002
 10   ag          x   0.00001 -0.00002  0.00001 -0.00006 -0.00001  0.00000
                  y  -0.00000 -0.00001  0.00001 -0.00001 -0.00001  0.00001
                  z  -0.00000 -0.00000  0.00002  0.00001  0.00001 -0.00000
 11   ag          x  -0.00001 -0.00000 -0.00002 -0.00000  0.00001  0.00000
                  y   0.00004 -0.00001 -0.00004 -0.00001  0.00003  0.00001
                  z  -0.00002 -0.00000  0.00001 -0.00001  0.00003 -0.00001
 12   ag          x   0.00001  0.00000 -0.00001 -0.00000 -0.00001  0.00001
                  y  -0.00001 -0.00000 -0.00000 -0.00000 -0.00001  0.00001
                  z   0.00001  0.00001 -0.00001  0.00000 -0.00003  0.00006
 13   ag          x  -0.00000  0.00000 -0.00001 -0.00000 -0.00000  0.00001
                  y   0.00000  0.00000 -0.00000 -0.00000 -0.00000  0.00001
                  z  -0.00001  0.00000  0.00002  0.00001  0.00000  0.00001
 14   ag          x   0.00001 -0.00002  0.00000  0.00002 -0.00001  0.00001
                  y   0.00001 -0.00005  0.00001  0.00003  0.00001  0.00001
                  z  -0.00001  0.00002  0.00004 -0.00000  0.00001 -0.00002
 15   ag          x   0.00001 -0.00003 -0.00003 -0.00007 -0.00000 -0.00002
                  y  -0.00001  0.00002  0.00003  0.00005  0.00001  0.00001
                  z  -0.00001  0.00003 -0.00001 -0.00001 -0.00000  0.00001
 16   ag          x   0.00000  0.00000 -0.00003  0.00000 -0.00002  0.00002
                  y  -0.00003 -0.00001 -0.00001  0.00000 -0.00003  0.00002
                  z   0.00005  0.00001 -0.00004 -0.00001 -0.00002  0.00004
 17   ag          x   0.00001 -0.00000  0.00001  0.00000  0.00001 -0.00000
                  y  -0.00000  0.00000  0.00001  0.00000  0.00001 -0.00000
                  z  -0.00001  0.00000  0.00000 -0.00001 -0.00001  0.00000
 18   ag          x   0.00000 -0.00001 -0.00000  0.00000  0.00001 -0.00001
                  y   0.00000 -0.00001 -0.00000  0.00000  0.00001 -0.00001
                  z   0.00000 -0.00000  0.00001  0.00000 -0.00000  0.00000
 19   ag          x   0.00000 -0.00001 -0.00000 -0.00000  0.00000 -0.00001
                  y  -0.00000  0.00001 -0.00000 -0.00000 -0.00000 -0.00001
                  z  -0.00002  0.00008 -0.00003 -0.00007  0.00001 -0.00004
 20   ag          x  -0.00000  0.00001 -0.00000 -0.00001  0.00001 -0.00001
                  y   0.00000 -0.00000 -0.00001  0.00002  0.00001 -0.00001
                  z  -0.00000  0.00000  0.00001 -0.00002 -0.00001  0.00001
 21   ag          x   0.00000 -0.00000  0.00000 -0.00000  0.00001 -0.00001
                  y   0.00000 -0.00000 -0.00001  0.00000 -0.00000  0.00000
                  z   0.00000 -0.00000 -0.00001  0.00000 -0.00001  0.00000
 22   ag          x  -0.00000 -0.00000  0.00000 -0.00000  0.00000 -0.00000
                  y   0.00000  0.00000 -0.00001 -0.00000 -0.00000 -0.00000
                  z  -0.00000  0.00000 -0.00001 -0.00000  0.00000 -0.00001
 23   ag          x  -0.00000  0.00000  0.00000  0.00000 -0.00000  0.00000
                  y   0.00000 -0.00000 -0.00000  0.00000 -0.00000  0.00001
                  z   0.00000 -0.00000 -0.00000  0.00000  0.00000 -0.00001
 24   ag          x  -0.00000  0.00000 -0.00000 -0.00000 -0.00000 -0.00001
                  y  -0.00000 -0.00000 -0.00001 -0.00001 -0.00001 -0.00000
                  z  -0.00000  0.00001 -0.00000  0.00000  0.00000  0.00000
 25   ag          x   0.00000 -0.00001  0.00001  0.00000  0.00000 -0.00000
                  y  -0.00000  0.00000  0.00001  0.00001 -0.00000  0.00001
                  z   0.00000 -0.00000  0.00000 -0.00000  0.00000 -0.00001
 26   ag          x   0.00000  0.00000  0.00001 -0.00001  0.00001 -0.00001
                  y   0.00000  0.00000  0.00000 -0.00000 -0.00000  0.00001
                  z   0.00000  0.00000 -0.00001 -0.00000 -0.00000 -0.00000
 27   ag          x  -0.00000  0.00000 -0.00002  0.00001 -0.00001 -0.00000
                  y   0.00000  0.00001  0.00000 -0.00001  0.00000  0.00001
                  z  -0.00000 -0.00000 -0.00002  0.00000 -0.00000  0.00000
 28   ag          x  -0.00000  0.00000  0.00001  0.00000  0.00001 -0.00000
                  y  -0.00000  0.00000  0.00000  0.00000  0.00001 -0.00001
                  z  -0.00000 -0.00000  0.00000  0.00001 -0.00001  0.00002
 29   ag          x   0.00000  0.00000 -0.00000  0.00000  0.00000 -0.00001
                  y   0.00000  0.00000 -0.00001 -0.00000 -0.00000 -0.00001
                  z  -0.00000 -0.00001 -0.00001 -0.00000  0.00000 -0.00001
 30   ag          x   0.00000  0.00000  0.00000  0.00000 -0.00001  0.00000
                  y   0.00000 -0.00000 -0.00001  0.00001 -0.00000 -0.00000
                  z  -0.00001 -0.00000  0.00001 -0.00000  0.00001 -0.00001
 31   ag          x  -0.00000  0.00000 -0.00000 -0.00000  0.00001 -0.00001
                  y   0.00000  0.00000 -0.00000 -0.00000 -0.00000  0.00000
                  z  -0.00001 -0.00000  0.00001  0.00000  0.00000 -0.00000
 32   ag          x   0.00000  0.00000 -0.00000  0.00000 -0.00001  0.00002
                  y   0.00000 -0.00000 -0.00001 -0.00000 -0.00001  0.00001
                  z  -0.00000 -0.00000 -0.00000 -0.00001 -0.00001  0.00001
 33   ag          x  -0.00000  0.00000 -0.00001 -0.00001 -0.00000  0.00000
                  y  -0.00000  0.00000  0.00001 -0.00000  0.00000 -0.00000
                  z   0.00001 -0.00001 -0.00000 -0.00000  0.00000 -0.00001
 34   ag          x  -0.00000  0.00000  0.00001  0.00000  0.00001 -0.00001
                  y  -0.00000 -0.00000  0.00000 -0.00000  0.00001 -0.00001
                  z   0.00000 -0.00000 -0.00000 -0.00000 -0.00000  0.00000
 35   ag          x   0.00000 -0.00000 -0.00000 -0.00000 -0.00001  0.00000
                  y  -0.00000 -0.00000  0.00000 -0.00000  0.00000 -0.00000
                  z  -0.00000  0.00001  0.00001  0.00001  0.00000  0.00000
 36   ag          x  -0.00000  0.00000 -0.00000  0.00001 -0.00000  0.00001
                  y  -0.00000 -0.00000  0.00001  0.00000  0.00000 -0.00001
                  z  -0.00000  0.00001 -0.00002  0.00000  0.00000 -0.00001
 37   ag          x   0.00000 -0.00000 -0.00001  0.00001  0.00000 -0.00001
                  y  -0.00001 -0.00000  0.00001  0.00000  0.00000 -0.00000
                  z   0.00001  0.00000 -0.00001 -0.00001 -0.00000  0.00001
 38   ag          x  -0.00000 -0.00000  0.00001 -0.00002 -0.00001  0.00001
                  y   0.00000  0.00000 -0.00001 -0.00000 -0.00000  0.00000
                  z  -0.00000 -0.00000  0.00001  0.00000 -0.00000  0.00000
 39   ag          x  -0.00000  0.00001 -0.00000  0.00001 -0.00000  0.00001
                  y   0.00000 -0.00000  0.00001  0.00000 -0.00000  0.00000
                  z  -0.00000  0.00001  0.00001 -0.00001 -0.00000  0.00001
 40   ag          x  -0.00000 -0.00000  0.00002  0.00000  0.00000  0.00000
                  y   0.00000  0.00000  0.00000 -0.00000 -0.00001 -0.00000
                  z   0.00000 -0.00001 -0.00001  0.00000  0.00000 -0.00001
 41   c           x  -0.00631  0.00795  0.02363  0.00227  0.01531 -0.00323
                  y  -0.01144  0.00637  0.03318  0.00380  0.01544 -0.00142
                  z   0.01785  0.00667  0.01135  0.00337 -0.03664 -0.02390
 42   n           x  -0.00981 -0.00185  0.02041  0.00175  0.00691 -0.02284
                  y   0.00756  0.00406 -0.00592 -0.00042 -0.02438  0.00819
                  z  -0.00745 -0.00122  0.00461  0.00158 -0.01549 -0.00955
 43   c           x   0.00070 -0.00152 -0.01168  0.00066 -0.02209  0.02424
                  y  -0.01289 -0.01325 -0.03501 -0.00394 -0.02139  0.00828
                  z  -0.04140 -0.01108  0.00450  0.00174 -0.01553 -0.01034
 44   c           x   0.00387  0.00339 -0.01017  0.00037 -0.01235  0.03262
                  y  -0.01010 -0.00741  0.00766  0.00446  0.00997 -0.00367
                  z   0.00004 -0.00017  0.00017 -0.00017  0.00032 -0.00223
 45   c           x   0.01638  0.00490 -0.02912 -0.00271 -0.03744  0.05677
                  y  -0.00189 -0.00378 -0.00104 -0.00154  0.01144 -0.02711
                  z  -0.00027  0.00019  0.00125  0.00001  0.00236 -0.00090
 46   c           x  -0.01303 -0.00676  0.01117 -0.00160  0.03629 -0.05961
                  y   0.00557  0.01254  0.01788  0.00357 -0.02230  0.04164
                  z   0.00036 -0.00084 -0.00168  0.00015  0.00059 -0.00082
 47   c           x  -0.00816 -0.01022  0.04369  0.01581  0.01134 -0.02611
                  y  -0.00111 -0.00024 -0.02982 -0.01154  0.01440 -0.00061
                  z  -0.00030 -0.00032  0.00296  0.00099 -0.00091 -0.00055
 48   c           x   0.00873  0.00213  0.00227  0.00187 -0.02592  0.01570
                  y   0.00357 -0.00450 -0.01181  0.00106 -0.00815 -0.00550
                  z   0.00008 -0.00002  0.00082  0.00027  0.00034 -0.00013
 49   c           x  -0.00053 -0.00750 -0.02202 -0.00262  0.00845 -0.02162
                  y  -0.00072  0.01138  0.01822 -0.00193  0.00329  0.01598
                  z   0.00036  0.00039 -0.00003 -0.00018  0.00074  0.00168
 50   n           x   0.00097  0.02117 -0.01568 -0.01685 -0.00145  0.04891
                  y  -0.00336  0.00324  0.02016  0.00356  0.00163  0.00189
                  z   0.00042  0.00044 -0.00255 -0.00068 -0.00030  0.00124
 51   c           x   0.00407 -0.01334 -0.02734  0.00298 -0.00140 -0.03811
                  y   0.00754 -0.02084 -0.02312  0.00968 -0.00450 -0.00654
                  z  -0.00060  0.00115  0.00137 -0.00040  0.00053 -0.00094
 52   c           x   0.00229 -0.00499  0.00010  0.00953 -0.00603  0.02282
                  y   0.00041  0.00607 -0.01756 -0.00783  0.00024  0.00011
                  z   0.00001 -0.00068  0.00177  0.00064 -0.00010  0.00021
 53   c           x  -0.00435 -0.00008  0.02887  0.00186  0.00514 -0.01507
                  y  -0.00129 -0.00685  0.02814  0.00809 -0.00068 -0.00988
                  z  -0.00015  0.00097 -0.00103 -0.00159  0.00005  0.00038
 54   c           x   0.00388 -0.00295 -0.00185  0.00466 -0.00616  0.02520
                  y  -0.00368  0.00772  0.00660  0.00402  0.00368  0.01440
                  z   0.00062 -0.00080 -0.00042  0.00011 -0.00065  0.00161
 55   n           x   0.00237 -0.01080 -0.01231 -0.00152  0.00466 -0.02376
                  y  -0.00270  0.01087 -0.00695 -0.00825  0.00081 -0.01676
                  z   0.00267 -0.00776 -0.00881  0.01675  0.00301 -0.01020
 56   c           x   0.00215  0.00418 -0.02549 -0.02469 -0.00066 -0.01151
                  y  -0.00359 -0.00093  0.03418  0.02086  0.00167  0.01287
                  z  -0.00376  0.01754 -0.02138  0.03560  0.00359 -0.01041
 57   c           x   0.00114 -0.00221  0.00817  0.01287 -0.00485  0.02522
                  y  -0.00355  0.01930 -0.03516 -0.02507  0.00039 -0.02127
                  z   0.01229 -0.03838 -0.00712  0.01168  0.00337 -0.01225
 58   c           x   0.00060  0.00365  0.01857  0.01828 -0.01030  0.06486
                  y   0.00379 -0.00320 -0.00867  0.00412 -0.00596  0.02048
                  z  -0.00036  0.00085  0.00164 -0.00059 -0.00018  0.00131
 59   c           x  -0.00439  0.00413  0.00085 -0.01771  0.01096 -0.05479
                  y  -0.00772  0.00804  0.03039 -0.00611  0.00800 -0.03046
                  z   0.00051 -0.00055 -0.00282 -0.00013 -0.00026  0.00092
 60   s           x   0.00018 -0.00062  0.00012  0.00068 -0.00068  0.00078
                  y   0.00030 -0.00070 -0.00304 -0.00030  0.00012 -0.00063
                  z   0.00001  0.00010  0.00040  0.00003 -0.00003  0.00001
 61   h           x  -0.13760 -0.10967 -0.25310 -0.04580  0.27658  0.27095
                  y   0.07114 -0.03032 -0.18941 -0.02195 -0.06043 -0.03188
                  z  -0.02556  0.04382  0.18905  0.02488 -0.00725 -0.03345
 62   h           x   0.22484  0.02987 -0.02479  0.01988 -0.41518 -0.22378
                  y  -0.02899 -0.06754 -0.23928 -0.03728  0.12487  0.09391
                  z  -0.02281 -0.05426 -0.19796 -0.03101  0.09730  0.08005
 63   h           x   0.02469 -0.01856 -0.07411 -0.00724 -0.04458  0.04591
                  y   0.08206 -0.00949 -0.06780  0.00019 -0.16957 -0.00669
                  z  -0.25067 -0.10282 -0.18206 -0.04942  0.49969  0.34888
 64   h           x   0.08018  0.03004  0.01704  0.00387  0.00462  0.05812
                  y   0.11019  0.05672  0.07810  0.01764 -0.03279  0.13887
                  z   0.59089  0.16745 -0.02288 -0.02409  0.27465  0.08899
 65   h           x  -0.40426 -0.11111  0.06291  0.00655 -0.00742 -0.24296
                  y   0.25476  0.11611  0.18858  0.00719  0.31533 -0.10165
                  z   0.09188 -0.00909 -0.18325 -0.01007 -0.21992  0.24132
 66   h           x   0.31368  0.10312  0.08391 -0.01771  0.35772 -0.16861
                  y  -0.24712 -0.02324  0.23125  0.02702  0.13294 -0.22143
                  z   0.00794  0.02976  0.13852  0.00589  0.19138 -0.16361
 67   h           x  -0.00090  0.03342  0.09912  0.00951  0.02746 -0.01394
                  y  -0.00463 -0.00214  0.00984 -0.00052  0.01665 -0.03625
                  z  -0.02516 -0.00860 -0.00492  0.00102 -0.01858  0.00224
 68   h           x  -0.02136  0.01062  0.05873  0.00649  0.04473 -0.01162
                  y   0.00056 -0.00422 -0.00901  0.00113 -0.00037 -0.01003
                  z  -0.00351 -0.00206 -0.00225 -0.00027  0.00268 -0.00067
 69   h           x  -0.01951  0.02471  0.03581 -0.00606  0.04144  0.04634
                  y   0.02532 -0.03066 -0.05937  0.00217 -0.04145 -0.07629
                  z   0.01137  0.00239  0.00526  0.00264 -0.02383 -0.01848
 70   h           x   0.00554 -0.00255 -0.06786 -0.02095  0.00844 -0.04356
                  y   0.00059  0.00575 -0.01473 -0.00560 -0.00162  0.00706
                  z   0.00057 -0.00238  0.00139 -0.00155  0.00010 -0.00004
 71   h           x   0.00665  0.01436 -0.07078 -0.04290  0.00066  0.01187
                  y   0.01386  0.01285 -0.10884 -0.05064 -0.00749  0.02703
                  z  -0.00297  0.00810 -0.00426  0.02503  0.00263 -0.00543
 72   h           x   0.02611 -0.17800  0.33424 -0.29466 -0.04181  0.17224
                  y   0.03481 -0.05307 -0.18461 -0.15610 -0.01966 -0.03086
                  z   0.01940 -0.01947 -0.13541 -0.08115 -0.00967 -0.03260
 73   h           x  -0.01307  0.01909  0.05233  0.09757 -0.00227  0.05425
                  y   0.02065 -0.03576 -0.05876 -0.18003 -0.00033 -0.06719
                  z   0.06077 -0.25247  0.25831 -0.55262 -0.05773  0.14672
 74   h           x  -0.06616  0.19748 -0.03565  0.52527  0.04096 -0.03185
                  y   0.00714  0.04690 -0.24754  0.06522  0.00186 -0.06931
                  z  -0.01600 -0.01684  0.22646  0.02205  0.00428  0.06472
 75   h           x   0.00857 -0.01420 -0.03450  0.01346 -0.00723  0.02097
                  y  -0.00109 -0.03355  0.10602 -0.01614  0.02286 -0.06426
                  z  -0.17901  0.56622  0.08735 -0.17665 -0.05119  0.17909
 76   h           x  -0.12242  0.37844  0.00947 -0.21845  0.00213 -0.07793
                  y  -0.04233  0.09583  0.23652  0.12902 -0.04337  0.31068
                  z  -0.04660  0.16119 -0.11584 -0.18588  0.02350 -0.20052
 77   h           x   0.08944 -0.29424 -0.09588 -0.03277  0.06787 -0.31856
                  y   0.10961 -0.38652  0.15537  0.26142  0.00394  0.13168
                  z   0.02282 -0.09044  0.14530  0.17659 -0.03091  0.23842
 78   h           x   0.00071  0.02459 -0.10652 -0.03484  0.00476 -0.04793
                  y   0.00519 -0.00819 -0.00112  0.00917 -0.00725  0.02933
                  z   0.00616 -0.02049 -0.00665  0.00555  0.00408 -0.01527

reduced mass(g/mol)     1.050    1.064    1.210    1.069    1.111    1.355


       mode             205      206      207      208      209      210

     frequency        1434.50  1439.55  1445.90  1457.51  1474.35  1478.44

     symmetry            a        a        a        a        a        a   

        IR               YES      YES      YES      YES      YES      YES
|dDIP/dQ|   (a.u.)     0.0021   0.0035   0.0029   0.0041   0.0014   0.0028
intensity (km/mol)       7.75    21.27    15.15    29.66     3.61    13.56
intensity (  %   )       3.02     8.29     5.91    11.56     1.41     5.28
 
       RAMAN             YES      YES      YES      YES      YES      YES
         (par,par)       0.00     0.00     0.00     0.00     0.00     0.00
         (ort,ort)       0.00     0.00     0.00     0.00     0.00     0.00
       (ort,unpol)       0.00     0.00     0.00     0.00     0.00     0.00
     depol. ratio        0.43     0.70     0.74     0.09     0.66     0.19
 
  1   ag          x   0.00001 -0.00001  0.00001  0.00000  0.00001  0.00001
                  y  -0.00001  0.00001 -0.00000 -0.00000 -0.00002 -0.00002
                  z  -0.00000 -0.00001 -0.00000 -0.00001 -0.00001 -0.00001
  2   ag          x   0.00000  0.00001  0.00000  0.00001  0.00000  0.00001
                  y  -0.00000 -0.00000 -0.00001  0.00000 -0.00001 -0.00001
                  z   0.00001 -0.00002  0.00001  0.00000  0.00001  0.00001
  3   ag          x  -0.00001  0.00001 -0.00001 -0.00000 -0.00001 -0.00001
                  y  -0.00000 -0.00001  0.00001 -0.00000  0.00000 -0.00001
                  z   0.00000 -0.00002  0.00002  0.00000 -0.00000  0.00000
  4   ag          x   0.00000 -0.00000  0.00001  0.00000  0.00000 -0.00001
                  y  -0.00000 -0.00001  0.00001 -0.00000 -0.00000 -0.00001
                  z  -0.00000 -0.00002  0.00001  0.00001 -0.00001 -0.00000
  5   ag          x  -0.00000 -0.00001  0.00001 -0.00001  0.00000  0.00000
                  y  -0.00001 -0.00001 -0.00000 -0.00001 -0.00000 -0.00002
                  z  -0.00001 -0.00001  0.00001  0.00000  0.00000 -0.00001
  6   ag          x   0.00001 -0.00002  0.00001  0.00001  0.00001  0.00002
                  y  -0.00002  0.00004  0.00001 -0.00001 -0.00000  0.00001
                  z  -0.00000 -0.00001  0.00001  0.00000  0.00001 -0.00001
  7   ag          x   0.00001 -0.00000  0.00002 -0.00002  0.00003  0.00004
                  y   0.00000  0.00001 -0.00001 -0.00001  0.00003  0.00001
                  z   0.00002 -0.00002 -0.00000 -0.00002  0.00011  0.00008
  8   ag          x  -0.00002  0.00002 -0.00001  0.00001 -0.00004 -0.00005
                  y  -0.00000  0.00001 -0.00001  0.00000  0.00000 -0.00001
                  z   0.00001  0.00002  0.00000 -0.00000  0.00001  0.00005
  9   ag          x  -0.00000  0.00000 -0.00001 -0.00001  0.00001 -0.00003
                  y   0.00001 -0.00001 -0.00001 -0.00001 -0.00000  0.00000
                  z   0.00001 -0.00004  0.00002 -0.00002  0.00002  0.00002
 10   ag          x  -0.00001  0.00002 -0.00003 -0.00001 -0.00000  0.00000
                  y  -0.00000  0.00001 -0.00003 -0.00000  0.00000  0.00003
                  z  -0.00000 -0.00002  0.00000 -0.00000 -0.00001  0.00003
 11   ag          x   0.00003 -0.00004  0.00001  0.00002  0.00003  0.00002
                  y   0.00002 -0.00004 -0.00001 -0.00000 -0.00001 -0.00002
                  z   0.00001  0.00000  0.00000  0.00002  0.00001 -0.00001
 12   ag          x  -0.00001 -0.00001  0.00002 -0.00001  0.00000 -0.00002
                  y  -0.00001  0.00002 -0.00002  0.00001 -0.00002  0.00001
                  z  -0.00003 -0.00003 -0.00001  0.00003 -0.00013 -0.00008
 13   ag          x   0.00000 -0.00000 -0.00000 -0.00001 -0.00001 -0.00001
                  y   0.00001  0.00000 -0.00000  0.00000 -0.00001  0.00002
                  z   0.00001 -0.00001  0.00001  0.00001  0.00003  0.00007
 14   ag          x  -0.00000  0.00001 -0.00002  0.00000 -0.00003  0.00005
                  y  -0.00001 -0.00003  0.00003  0.00000  0.00001 -0.00000
                  z  -0.00002 -0.00002  0.00004  0.00004  0.00005 -0.00011
 15   ag          x   0.00004  0.00006  0.00000  0.00001 -0.00001 -0.00000
                  y  -0.00003 -0.00003 -0.00002 -0.00002  0.00000 -0.00001
                  z   0.00004  0.00003  0.00002  0.00002 -0.00001 -0.00000
 16   ag          x  -0.00001 -0.00000  0.00002 -0.00000  0.00001  0.00001
                  y  -0.00001  0.00001  0.00000  0.00001  0.00000 -0.00001
                  z  -0.00002  0.00000  0.00001  0.00001  0.00003  0.00001
 17   ag          x   0.00001  0.00000 -0.00001 -0.00001 -0.00002 -0.00002
                  y   0.00001 -0.00001  0.00001  0.00000  0.00002  0.00002
                  z  -0.00001  0.00002 -0.00001  0.00000 -0.00000 -0.00000
 18   ag          x  -0.00000 -0.00001  0.00000  0.00000  0.00001  0.00002
                  y   0.00000  0.00001 -0.00001  0.00001  0.00001  0.00000
                  z  -0.00001 -0.00002  0.00002  0.00000 -0.00000 -0.00001
 19   ag          x  -0.00001  0.00000  0.00000  0.00001 -0.00001  0.00001
                  y  -0.00000 -0.00000 -0.00000  0.00000  0.00000 -0.00000
                  z  -0.00003 -0.00001  0.00000  0.00000 -0.00002  0.00003
 20   ag          x   0.00000 -0.00001  0.00001  0.00001  0.00000  0.00002
                  y   0.00001 -0.00002  0.00002  0.00000  0.00002 -0.00000
                  z   0.00000  0.00002 -0.00002 -0.00001 -0.00001 -0.00001
 21   ag          x   0.00000  0.00000 -0.00001 -0.00000 -0.00001  0.00003
                  y  -0.00000  0.00000  0.00000  0.00000 -0.00000  0.00000
                  z  -0.00000  0.00001  0.00001  0.00000 -0.00000 -0.00000
 22   ag          x   0.00000  0.00000 -0.00000 -0.00000 -0.00001 -0.00001
                  y  -0.00001 -0.00000  0.00000  0.00000 -0.00000  0.00000
                  z   0.00000  0.00000 -0.00000  0.00000  0.00000  0.00002
 23   ag          x  -0.00000 -0.00001  0.00001  0.00000  0.00001  0.00001
                  y   0.00000  0.00000 -0.00000 -0.00000 -0.00001  0.00000
                  z   0.00000 -0.00001  0.00000 -0.00000 -0.00000 -0.00001
 24   ag          x  -0.00001  0.00001 -0.00001  0.00000 -0.00001 -0.00001
                  y  -0.00002  0.00001 -0.00000  0.00001 -0.00000  0.00001
                  z   0.00001 -0.00002  0.00002  0.00000  0.00001  0.00001
 25   ag          x  -0.00001  0.00001 -0.00002 -0.00002 -0.00002 -0.00002
                  y   0.00001 -0.00004  0.00003 -0.00001  0.00002  0.00001
                  z  -0.00000  0.00001 -0.00001  0.00001 -0.00000 -0.00000
 26   ag          x   0.00000 -0.00001  0.00001  0.00001  0.00001 -0.00002
                  y  -0.00001 -0.00001  0.00001 -0.00001  0.00000 -0.00001
                  z  -0.00000  0.00000 -0.00001  0.00000  0.00001  0.00001
 27   ag          x  -0.00000  0.00001 -0.00001  0.00002 -0.00000  0.00004
                  y  -0.00000 -0.00003  0.00003  0.00000 -0.00001 -0.00003
                  z   0.00000  0.00001 -0.00001  0.00000  0.00002  0.00005
 28   ag          x  -0.00000 -0.00000  0.00000 -0.00000  0.00001 -0.00001
                  y   0.00000  0.00000 -0.00000 -0.00001  0.00001  0.00001
                  z  -0.00000  0.00000  0.00000  0.00000 -0.00000 -0.00001
 29   ag          x  -0.00000  0.00002 -0.00001  0.00001 -0.00001  0.00001
                  y   0.00000  0.00002 -0.00001  0.00002 -0.00001  0.00001
                  z   0.00000  0.00001 -0.00003  0.00001  0.00001  0.00001
 30   ag          x  -0.00001 -0.00001  0.00001 -0.00000 -0.00000 -0.00003
                  y   0.00000  0.00001 -0.00001  0.00001  0.00000  0.00004
                  z   0.00001  0.00002 -0.00002 -0.00000  0.00000  0.00003
 31   ag          x   0.00001  0.00001 -0.00002 -0.00000  0.00000  0.00002
                  y   0.00000  0.00001  0.00000 -0.00000  0.00000  0.00002
                  z   0.00000  0.00001 -0.00001  0.00001  0.00001  0.00003
 32   ag          x   0.00000  0.00000  0.00000  0.00000 -0.00001 -0.00000
                  y   0.00000 -0.00000  0.00000  0.00000 -0.00002 -0.00001
                  z   0.00000  0.00001  0.00000  0.00001  0.00001  0.00001
 33   ag          x  -0.00000 -0.00001  0.00000  0.00000 -0.00000 -0.00000
                  y  -0.00000 -0.00000 -0.00000 -0.00000  0.00001  0.00000
                  z  -0.00000  0.00001 -0.00002  0.00000 -0.00001 -0.00001
 34   ag          x   0.00000  0.00001 -0.00000 -0.00000  0.00001  0.00001
                  y   0.00002  0.00000 -0.00001 -0.00000 -0.00000  0.00001
                  z   0.00000  0.00000 -0.00001  0.00000 -0.00001  0.00001
 35   ag          x  -0.00001 -0.00001  0.00001  0.00000 -0.00001 -0.00002
                  y   0.00000  0.00000 -0.00000  0.00001  0.00001  0.00000
                  z  -0.00000  0.00001 -0.00001 -0.00000  0.00001  0.00000
 36   ag          x   0.00001  0.00001 -0.00000  0.00000  0.00001  0.00000
                  y   0.00000  0.00000 -0.00000 -0.00000  0.00001  0.00000
                  z  -0.00000  0.00001  0.00002  0.00002  0.00001  0.00001
 37   ag          x   0.00001  0.00000  0.00000 -0.00000 -0.00000  0.00001
                  y   0.00001  0.00001 -0.00000 -0.00000  0.00001  0.00002
                  z  -0.00001  0.00000  0.00001  0.00000 -0.00001 -0.00004
 38   ag          x  -0.00001 -0.00000 -0.00001  0.00000 -0.00001 -0.00002
                  y  -0.00000  0.00001  0.00000  0.00000 -0.00000  0.00000
                  z  -0.00001  0.00000  0.00000  0.00001 -0.00000 -0.00001
 39   ag          x   0.00000  0.00001  0.00000 -0.00000 -0.00000 -0.00000
                  y  -0.00000  0.00001 -0.00001 -0.00001 -0.00001  0.00000
                  z  -0.00000  0.00001  0.00000  0.00000  0.00000 -0.00001
 40   ag          x   0.00000 -0.00000 -0.00001 -0.00001  0.00001 -0.00001
                  y  -0.00000  0.00003 -0.00002 -0.00001 -0.00002 -0.00002
                  z  -0.00001 -0.00001 -0.00000  0.00001 -0.00000  0.00002
 41   c           x   0.00553 -0.00764 -0.02962  0.02749 -0.00717 -0.00635
                  y  -0.01367  0.02782  0.00893 -0.00477 -0.01092  0.00323
                  z   0.01009 -0.00723 -0.00136 -0.00120  0.00041  0.00060
 42   n           x  -0.00568  0.02436  0.02163  0.01749  0.09373  0.03611
                  y  -0.01790  0.00813  0.02909 -0.03387  0.02840  0.00300
                  z   0.00582 -0.00507 -0.00357  0.00052 -0.00668 -0.00156
 43   c           x  -0.02166  0.01305 -0.00815  0.01208  0.00996  0.00684
                  y   0.01130 -0.02551  0.00195 -0.00504 -0.02435 -0.01419
                  z   0.00444 -0.00291 -0.00052 -0.00067 -0.00111 -0.00101
 44   c           x  -0.00824 -0.01310 -0.04906  0.02561 -0.05835 -0.01320
                  y   0.00175  0.03818 -0.04159  0.03083 -0.05532  0.04498
                  z   0.00021  0.00020  0.00444 -0.00231  0.00526 -0.00066
 45   c           x  -0.02257 -0.03392  0.01814 -0.01533 -0.15968 -0.13071
                  y   0.01758 -0.00555  0.02700 -0.02889  0.05356  0.00995
                  z   0.00018  0.00137 -0.00129  0.00214  0.00628  0.00601
 46   c           x   0.03944  0.00493  0.02769 -0.02763  0.15447  0.11074
                  y  -0.04022  0.01136 -0.02383  0.04727 -0.06446 -0.02804
                  z   0.00176  0.00082 -0.00183 -0.00278 -0.00178 -0.00007
 47   c           x  -0.01817  0.08623 -0.07938  0.05395 -0.04500 -0.02814
                  y   0.03625 -0.07675  0.05247 -0.03751  0.04853 -0.02629
                  z  -0.00232  0.00575 -0.00404  0.00343 -0.00292  0.00140
 48   c           x  -0.02421  0.02201  0.04311 -0.01206 -0.10843 -0.06139
                  y  -0.00052  0.02198 -0.01242 -0.01324  0.00632  0.04987
                  z  -0.00054  0.00091 -0.00141  0.00004 -0.00076 -0.00253
 49   c           x   0.02146  0.00165 -0.01549 -0.02518  0.08615  0.08949
                  y  -0.00944 -0.03898  0.02216  0.01973 -0.00454 -0.08958
                  z  -0.00092 -0.00015  0.00110  0.00086 -0.00330 -0.00183
 50   n           x   0.01755 -0.13644  0.09171 -0.00819  0.06847 -0.00913
                  y  -0.00582  0.00489 -0.00166  0.01748  0.00340  0.01672
                  z   0.00130 -0.00446  0.00275 -0.00214  0.00179 -0.00102
 51   c           x  -0.00968  0.06882 -0.07565 -0.04408 -0.02011  0.01784
                  y   0.02188  0.07297 -0.06478 -0.02676 -0.04841  0.02910
                  z  -0.00245 -0.00380  0.00343  0.00152  0.00340 -0.00225
 52   c           x   0.03975  0.01216  0.04057  0.00238 -0.04647  0.12854
                  y   0.00400 -0.02585  0.01141 -0.02144  0.01981  0.02409
                  z  -0.00006  0.00270 -0.00089  0.00213 -0.00250 -0.00062
 53   c           x  -0.02909  0.01263 -0.00975  0.03656  0.01542 -0.11409
                  y  -0.01901  0.04114 -0.01541  0.03409 -0.03697 -0.03330
                  z   0.00090 -0.00191  0.00068 -0.00146  0.00254 -0.00043
 54   c           x  -0.00025 -0.00575 -0.05330 -0.02054 -0.03117  0.06942
                  y   0.01787 -0.02922  0.04005  0.01759  0.04837 -0.04721
                  z  -0.00039 -0.00017 -0.00338 -0.00209 -0.00368  0.00546
 55   n           x   0.00599  0.01252  0.01957 -0.01559  0.05532 -0.09986
                  y  -0.03045 -0.01605 -0.02634 -0.02977 -0.01079  0.02822
                  z  -0.00480  0.00016  0.00299  0.00024  0.00322 -0.00741
 56   c           x  -0.01019  0.00408 -0.03651 -0.02128 -0.00276  0.00974
                  y  -0.01640 -0.03026 -0.00178 -0.00389  0.00914 -0.00728
                  z  -0.00507 -0.00005  0.00000  0.00048 -0.00202  0.00226
 57   c           x   0.02281  0.01504 -0.01943 -0.01179  0.00607 -0.00995
                  y   0.00754  0.03345 -0.01786 -0.00492  0.00924 -0.02836
                  z  -0.00880 -0.00333  0.00243  0.00174 -0.00121  0.00095
 58   c           x   0.03840 -0.02799  0.00706 -0.00185 -0.06577  0.18814
                  y   0.01378  0.00753 -0.03888 -0.02581 -0.03058  0.06781
                  z   0.00049 -0.00149  0.00314  0.00210 -0.00154  0.00373
 59   c           x  -0.04038 -0.00148  0.04808  0.03406  0.06335 -0.18531
                  y  -0.04111 -0.01600  0.04974  0.04776  0.03224 -0.08950
                  z   0.00317  0.00168 -0.00338 -0.00376 -0.00033  0.00327
 60   s           x  -0.00074  0.00305 -0.00485  0.00035 -0.00567  0.00203
                  y   0.00231 -0.00008 -0.00066 -0.00394  0.00066  0.00195
                  z  -0.00044  0.00002  0.00012  0.00043 -0.00020 -0.00052
 61   h           x  -0.12481  0.10706  0.17454 -0.18934 -0.09625 -0.01103
                  y   0.20839 -0.33406 -0.31940  0.29229  0.03886 -0.03509
                  z  -0.11837  0.21262  0.18550 -0.16059 -0.01181  0.02946
 62   h           x   0.13872 -0.12435  0.00584 -0.05970 -0.04801  0.00400
                  y   0.13274 -0.25723 -0.27306  0.25839  0.02894 -0.03511
                  z   0.10397 -0.21052 -0.21511  0.20343  0.03210 -0.03053
 63   h           x  -0.05890  0.07071  0.17450 -0.21495 -0.09215 -0.02097
                  y  -0.06085  0.09571  0.26126 -0.31688 -0.12345 -0.01777
                  z  -0.16160  0.12550  0.06732 -0.03620 -0.01555 -0.00917
 64   h           x  -0.07640  0.07263 -0.01726  0.05910  0.11002  0.04874
                  y  -0.23061  0.22439 -0.04025  0.20659  0.42406  0.16948
                  z  -0.01419  0.01433  0.01573 -0.02721 -0.03396 -0.01109
 65   h           x   0.22478 -0.16170  0.02589 -0.13156 -0.26558 -0.10786
                  y   0.07225  0.03659 -0.05047  0.00236 -0.08636  0.00175
                  z  -0.19927  0.07582  0.00907  0.09042  0.22185  0.06560
 66   h           x   0.21838 -0.13157  0.03599 -0.15706 -0.30073 -0.11526
                  y   0.12697  0.00466 -0.05979 -0.00416 -0.11789 -0.01070
                  z   0.13435 -0.04184 -0.00662 -0.06005 -0.14588 -0.03949
 67   h           x  -0.05403  0.07293 -0.06565  0.11545  0.32257  0.20705
                  y   0.01586  0.00459  0.02406 -0.02142  0.10425  0.04296
                  z   0.00094 -0.00511 -0.00017 -0.00201 -0.03212 -0.01643
 68   h           x  -0.00430 -0.00788 -0.10225  0.08706  0.12571  0.01305
                  y   0.00378  0.01839 -0.02902 -0.00678  0.04098  0.06988
                  z   0.00181  0.00141 -0.00276  0.00095  0.00318  0.00712
 69   h           x   0.00176 -0.10771 -0.03671  0.08846  0.03544 -0.10978
                  y   0.01812  0.10278  0.05131 -0.13442  0.07995  0.18231
                  z   0.00891 -0.00132 -0.00415 -0.00152  0.00237  0.00813
 70   h           x  -0.02926 -0.00077 -0.11671 -0.07553  0.07920 -0.13817
                  y   0.01325 -0.02607  0.02701 -0.01966  0.00728  0.06261
                  z  -0.00033  0.00066 -0.00095  0.00067  0.00057 -0.00439
 71   h           x  -0.00618 -0.10187 -0.05082 -0.09831  0.08152  0.00992
                  y   0.01311 -0.11283 -0.07058 -0.15155  0.04470  0.15439
                  z  -0.00305  0.00194  0.00551  0.00740 -0.00067 -0.00445
 72   h           x   0.07367 -0.02790  0.11710  0.09696 -0.04342  0.06053
                  y   0.30369  0.33830  0.28257  0.23947 -0.06419 -0.01847
                  z   0.17470  0.20708  0.15716  0.13499 -0.04105 -0.00772
 73   h           x   0.09709  0.04851  0.19481  0.17499 -0.07240  0.07309
                  y  -0.14312 -0.07423 -0.30149 -0.25761  0.10062 -0.09505
                  z   0.12060  0.05742  0.02996  0.03415 -0.00489  0.00585
 74   h           x  -0.06563 -0.08355  0.13213  0.09415 -0.05342  0.06287
                  y   0.23544  0.28077  0.25419  0.21540 -0.06107 -0.00728
                  z  -0.21946 -0.27044 -0.20539 -0.17617  0.05263  0.01122
 75   h           x   0.06492  0.07683 -0.07140 -0.06050  0.06777 -0.12258
                  y  -0.20733 -0.22940  0.20615  0.20266 -0.25223  0.43914
                  z   0.13222  0.06229 -0.05777 -0.02932  0.01077 -0.00570
 76   h           x  -0.13595 -0.10244  0.10657  0.11568 -0.15614  0.26258
                  y   0.20392 -0.01753  0.02261 -0.02828  0.08615 -0.08846
                  z  -0.17217 -0.04310  0.05285  0.08003 -0.12229  0.17543
 77   h           x  -0.32714 -0.19949  0.19860  0.17325 -0.19637  0.31400
                  y   0.06590 -0.08122  0.09411  0.01670  0.06018 -0.06129
                  z   0.19347  0.03901 -0.04456 -0.07606  0.12192 -0.16809
 78   h           x   0.03755  0.08643 -0.10923 -0.08884  0.16017 -0.33799
                  y   0.01305 -0.00194 -0.03511 -0.02259 -0.05106  0.11741
                  z  -0.00761  0.00029  0.00442  0.00182  0.01930 -0.03939

reduced mass(g/mol)     1.223    1.678    1.637    1.305    2.427    3.145


       mode             211      212      213      214      215      216

     frequency        1490.29  1501.86  1506.44  1525.37  1605.76  1626.04

     symmetry            a        a        a        a        a        a   

        IR               YES      YES      YES      YES      YES      YES
|dDIP/dQ|   (a.u.)     0.0039   0.0030   0.0064   0.0077   0.0110   0.0120
intensity (km/mol)      27.68    15.58    71.87   105.21   214.38   256.51
intensity (  %   )      10.79     6.07    28.02    41.02    83.58   100.00
 
       RAMAN             YES      YES      YES      YES      YES      YES
         (par,par)       0.00     0.00     0.00     0.00     0.00     0.00
         (ort,ort)       0.00     0.00     0.00     0.00     0.00     0.00
       (ort,unpol)       0.00     0.00     0.00     0.00     0.00     0.00
     depol. ratio        0.38     0.11     0.63     0.46     0.50     0.11
 
  1   ag          x  -0.00004 -0.00001 -0.00003 -0.00000  0.00001 -0.00001
                  y   0.00001  0.00000  0.00001  0.00001 -0.00001 -0.00000
                  z   0.00000  0.00001 -0.00001 -0.00003 -0.00004  0.00006
  2   ag          x   0.00001  0.00000  0.00001  0.00002  0.00002 -0.00004
                  y   0.00001  0.00001  0.00001  0.00000 -0.00001  0.00001
                  z  -0.00003 -0.00001 -0.00002 -0.00001 -0.00000 -0.00000
  3   ag          x  -0.00001 -0.00000 -0.00001  0.00001  0.00000  0.00000
                  y  -0.00001  0.00000 -0.00002 -0.00000 -0.00001 -0.00001
                  z  -0.00003 -0.00001 -0.00003  0.00002 -0.00001 -0.00003
  4   ag          x   0.00001 -0.00001 -0.00000 -0.00001  0.00001 -0.00000
                  y   0.00001  0.00000 -0.00002 -0.00002  0.00000  0.00000
                  z  -0.00001 -0.00002 -0.00003  0.00001  0.00002 -0.00004
  5   ag          x  -0.00002  0.00000 -0.00001 -0.00001 -0.00004  0.00001
                  y  -0.00000  0.00002  0.00001 -0.00001 -0.00003  0.00003
                  z  -0.00001 -0.00000  0.00000  0.00001 -0.00001  0.00001
  6   ag          x  -0.00002 -0.00000 -0.00001 -0.00001  0.00001 -0.00001
                  y   0.00001 -0.00000  0.00001  0.00003  0.00002 -0.00003
                  z   0.00000 -0.00000 -0.00003  0.00002 -0.00000 -0.00001
  7   ag          x  -0.00010 -0.00004 -0.00004  0.00001  0.00005 -0.00002
                  y   0.00003  0.00003  0.00003 -0.00002  0.00003 -0.00002
                  z  -0.00005  0.00004  0.00015 -0.00008  0.00018 -0.00012
  8   ag          x   0.00009  0.00003  0.00001 -0.00003  0.00002 -0.00001
                  y   0.00002  0.00002  0.00002 -0.00004 -0.00004  0.00004
                  z  -0.00008 -0.00004 -0.00002 -0.00001 -0.00004 -0.00000
  9   ag          x   0.00003  0.00001  0.00003  0.00003 -0.00004  0.00000
                  y   0.00001  0.00003  0.00001 -0.00002 -0.00002  0.00002
                  z   0.00002 -0.00008 -0.00001  0.00001 -0.00001 -0.00000
 10   ag          x   0.00003 -0.00004  0.00003  0.00002  0.00002 -0.00000
                  y   0.00001 -0.00000 -0.00002 -0.00001  0.00003 -0.00000
                  z  -0.00004  0.00007 -0.00007 -0.00007 -0.00004 -0.00000
 11   ag          x  -0.00000 -0.00001 -0.00003 -0.00001 -0.00003  0.00001
                  y   0.00000  0.00003  0.00005 -0.00005 -0.00001  0.00003
                  z   0.00003 -0.00001 -0.00007  0.00007  0.00007 -0.00006
 12   ag          x   0.00002  0.00003 -0.00001  0.00001  0.00003 -0.00002
                  y  -0.00003 -0.00004  0.00002 -0.00000  0.00004 -0.00005
                  z  -0.00010 -0.00007  0.00001 -0.00001  0.00004 -0.00006
 13   ag          x  -0.00002  0.00003 -0.00002  0.00001 -0.00002 -0.00004
                  y   0.00003 -0.00006  0.00000  0.00003  0.00003 -0.00001
                  z  -0.00002 -0.00008  0.00000 -0.00002 -0.00001  0.00006
 14   ag          x   0.00001  0.00003  0.00003  0.00005  0.00004  0.00001
                  y   0.00001 -0.00004  0.00000  0.00001 -0.00002 -0.00003
                  z  -0.00002 -0.00011  0.00001 -0.00005  0.00003  0.00002
 15   ag          x   0.00003 -0.00002 -0.00000 -0.00004  0.00002  0.00004
                  y   0.00002  0.00001  0.00001  0.00002 -0.00000 -0.00002
                  z   0.00001  0.00002  0.00004  0.00005 -0.00002 -0.00004
 16   ag          x  -0.00001 -0.00001  0.00000 -0.00000 -0.00000 -0.00001
                  y   0.00001 -0.00001 -0.00003  0.00003  0.00002 -0.00005
                  z   0.00000 -0.00001 -0.00006  0.00004  0.00004 -0.00005
 17   ag          x   0.00003 -0.00000  0.00001 -0.00001  0.00002  0.00002
                  y  -0.00001  0.00001  0.00001 -0.00004 -0.00002  0.00004
                  z  -0.00001 -0.00002  0.00001  0.00002 -0.00001 -0.00001
 18   ag          x  -0.00004 -0.00001 -0.00000 -0.00000 -0.00003  0.00002
                  y  -0.00003  0.00000  0.00001  0.00001 -0.00000 -0.00000
                  z   0.00003 -0.00002 -0.00001 -0.00002  0.00003  0.00002
 19   ag          x   0.00002 -0.00001  0.00001 -0.00001  0.00001  0.00001
                  y  -0.00000 -0.00001 -0.00000 -0.00001  0.00001  0.00002
                  z   0.00003  0.00003  0.00002  0.00001 -0.00002  0.00001
 20   ag          x  -0.00003  0.00001 -0.00000 -0.00001 -0.00002 -0.00001
                  y  -0.00003  0.00000 -0.00001 -0.00002 -0.00002  0.00002
                  z   0.00001 -0.00001 -0.00000  0.00003  0.00002 -0.00003
 21   ag          x  -0.00001 -0.00000  0.00000 -0.00000 -0.00001  0.00004
                  y  -0.00000 -0.00000 -0.00001  0.00002  0.00001 -0.00001
                  z  -0.00002 -0.00000 -0.00000  0.00002 -0.00002 -0.00001
 22   ag          x   0.00002  0.00001 -0.00000  0.00001  0.00000 -0.00002
                  y  -0.00001 -0.00001 -0.00001  0.00002  0.00000 -0.00002
                  z  -0.00002  0.00000  0.00000 -0.00001 -0.00001  0.00003
 23   ag          x  -0.00000 -0.00001 -0.00000 -0.00002  0.00001  0.00002
                  y  -0.00000 -0.00000 -0.00001  0.00001 -0.00000 -0.00001
                  z   0.00002 -0.00001 -0.00001 -0.00001  0.00002  0.00003
 24   ag          x   0.00001  0.00001  0.00003  0.00001 -0.00000  0.00000
                  y  -0.00001  0.00000  0.00000  0.00003  0.00000 -0.00004
                  z  -0.00004  0.00000 -0.00003 -0.00001 -0.00001 -0.00001
 25   ag          x   0.00002  0.00002  0.00000 -0.00001 -0.00003  0.00008
                  y  -0.00003  0.00000 -0.00003 -0.00003 -0.00001  0.00005
                  z   0.00007  0.00002  0.00004  0.00001  0.00000 -0.00002
 26   ag          x   0.00004  0.00003  0.00003 -0.00001 -0.00001 -0.00004
                  y  -0.00001  0.00001 -0.00001 -0.00001 -0.00000  0.00002
                  z   0.00001  0.00000  0.00003  0.00001  0.00000 -0.00001
 27   ag          x  -0.00001 -0.00003 -0.00002  0.00002  0.00003 -0.00003
                  y  -0.00002 -0.00000 -0.00003  0.00001 -0.00003 -0.00002
                  z  -0.00004 -0.00003 -0.00000  0.00003  0.00000  0.00000
 28   ag          x  -0.00004  0.00001  0.00001 -0.00000 -0.00004  0.00002
                  y  -0.00003  0.00001  0.00001  0.00000 -0.00003  0.00003
                  z   0.00003  0.00000 -0.00001 -0.00000  0.00004 -0.00002
 29   ag          x   0.00003  0.00001  0.00003  0.00000  0.00001 -0.00001
                  y   0.00004  0.00000  0.00002  0.00003  0.00002 -0.00006
                  z   0.00003  0.00001  0.00003  0.00000  0.00003 -0.00001
 30   ag          x  -0.00001  0.00003 -0.00001 -0.00001 -0.00002  0.00002
                  y  -0.00003 -0.00002 -0.00000  0.00001  0.00002 -0.00000
                  z   0.00001 -0.00002  0.00003 -0.00000  0.00001 -0.00000
 31   ag          x   0.00001 -0.00001  0.00002  0.00002 -0.00002  0.00000
                  y  -0.00002 -0.00001 -0.00000  0.00001  0.00000  0.00000
                  z  -0.00000 -0.00004  0.00001 -0.00000  0.00003 -0.00001
 32   ag          x   0.00001 -0.00001 -0.00002 -0.00000  0.00003 -0.00003
                  y   0.00005 -0.00002 -0.00001  0.00001  0.00006 -0.00003
                  z   0.00003 -0.00004  0.00001 -0.00000  0.00002 -0.00005
 33   ag          x  -0.00000 -0.00001 -0.00001  0.00002  0.00002 -0.00003
                  y  -0.00000  0.00000  0.00000 -0.00001  0.00000  0.00002
                  z   0.00001  0.00001  0.00000  0.00000  0.00002  0.00001
 34   ag          x  -0.00002  0.00001  0.00000 -0.00000 -0.00002  0.00001
                  y   0.00003  0.00000  0.00001 -0.00000  0.00000  0.00001
                  z   0.00001 -0.00003  0.00001  0.00001  0.00001 -0.00001
 35   ag          x   0.00001 -0.00001 -0.00000  0.00001  0.00000 -0.00003
                  y  -0.00001  0.00001  0.00000 -0.00000  0.00001 -0.00000
                  z  -0.00003 -0.00001  0.00000 -0.00002 -0.00001  0.00004
 36   ag          x   0.00000  0.00001 -0.00000 -0.00000  0.00000  0.00000
                  y   0.00001 -0.00001  0.00001 -0.00002  0.00000  0.00002
                  z  -0.00002  0.00000  0.00001  0.00001 -0.00002 -0.00002
 37   ag          x  -0.00001  0.00002 -0.00000  0.00000 -0.00003  0.00001
                  y   0.00000  0.00000  0.00001 -0.00002 -0.00001  0.00003
                  z  -0.00000 -0.00002 -0.00001  0.00003  0.00001 -0.00005
 38   ag          x   0.00002 -0.00001 -0.00000  0.00001  0.00002 -0.00003
                  y  -0.00001  0.00000 -0.00000  0.00000 -0.00001 -0.00001
                  z   0.00003 -0.00003  0.00001  0.00000  0.00002 -0.00001
 39   ag          x   0.00002 -0.00002  0.00000  0.00001  0.00001  0.00000
                  y   0.00001 -0.00000  0.00000 -0.00001  0.00000  0.00002
                  z  -0.00000 -0.00000  0.00000  0.00001  0.00000 -0.00001
 40   ag          x   0.00002 -0.00001  0.00001 -0.00005 -0.00001  0.00007
                  y   0.00005 -0.00001  0.00004  0.00001  0.00001  0.00003
                  z  -0.00003  0.00002  0.00001  0.00002 -0.00003 -0.00002
 41   c           x   0.01398 -0.00477 -0.00952  0.00622  0.01173 -0.00986
                  y  -0.01154 -0.01835 -0.01548  0.01306  0.00974 -0.00577
                  z  -0.00227  0.00062  0.00291 -0.00209 -0.00193  0.00130
 42   n           x   0.10652  0.01309 -0.14033  0.10465  0.06064 -0.01500
                  y   0.02974  0.05923  0.08940 -0.06055 -0.01351 -0.00119
                  z  -0.00855 -0.00344  0.00501 -0.00445 -0.00444  0.00170
 43   c           x  -0.01552 -0.00710  0.00593 -0.00512 -0.00281  0.00038
                  y  -0.02151 -0.00564  0.00579 -0.00849 -0.02021  0.01360
                  z   0.00308  0.00145  0.00061 -0.00017  0.00087 -0.00050
 44   c           x  -0.18458 -0.04621  0.15511 -0.15113 -0.21808  0.11133
                  y  -0.22280 -0.18617 -0.11966  0.09860  0.05460 -0.02049
                  z   0.01902  0.00743 -0.00842  0.00925  0.01617 -0.00928
 45   c           x   0.15411  0.02953 -0.04211  0.06857  0.24188 -0.16588
                  y   0.11812  0.08753  0.00106 -0.00058 -0.01046  0.01290
                  z  -0.01343 -0.00509  0.00170 -0.00369 -0.01225  0.00808
 46   c           x  -0.02223  0.03278 -0.02464  0.00671 -0.12908  0.12829
                  y  -0.11377 -0.11394  0.01889 -0.01992  0.05172 -0.06346
                  z   0.00750  0.00704  0.00164  0.00026 -0.00064  0.00228
 47   c           x   0.16967  0.04237  0.11223 -0.12939  0.01059 -0.15435
                  y   0.09933  0.14970 -0.02419  0.01457  0.02033  0.02767
                  z  -0.00345 -0.00830  0.00176 -0.00355  0.00039 -0.00519
 48   c           x   0.00221 -0.09337 -0.20072  0.12892 -0.24139  0.21219
                  y  -0.12319 -0.07267  0.01404  0.01834  0.05861 -0.02614
                  z   0.00939  0.00512  0.00406 -0.00296 -0.00051 -0.00001
 49   c           x  -0.09117  0.00312  0.09126 -0.01521  0.24041 -0.16105
                  y   0.21973  0.12891  0.01135 -0.05239 -0.16333  0.09554
                  z  -0.00408 -0.00406 -0.00535  0.00230 -0.00820  0.00554
 50   n           x  -0.16371  0.04990 -0.04260 -0.00412  0.10378  0.03664
                  y  -0.00568 -0.04017  0.01676 -0.03848  0.00007 -0.01356
                  z  -0.00432  0.00434 -0.00228  0.00380  0.00247  0.00310
 51   c           x   0.12548 -0.10073  0.09769  0.15817 -0.02987  0.12992
                  y  -0.00528  0.18955 -0.05138  0.01482 -0.02178  0.01136
                  z   0.00401 -0.01874  0.00667  0.00224 -0.00025 -0.00023
 52   c           x   0.04375 -0.02374 -0.16935 -0.17708 -0.15905 -0.29454
                  y   0.06728 -0.14223  0.02277  0.02114 -0.04591 -0.04952
                  z  -0.00614  0.01327 -0.00461 -0.00478  0.00337  0.00116
 53   c           x  -0.08356  0.10253  0.06201  0.02931  0.16781  0.24404
                  y  -0.11819  0.22059 -0.06386 -0.06358  0.11554  0.15265
                  z   0.00731 -0.01383  0.00730  0.00569 -0.00467 -0.00415
 54   c           x  -0.08127  0.20603  0.06721  0.19289 -0.15638 -0.18914
                  y   0.09125 -0.20020  0.16565  0.13325 -0.03986 -0.03980
                  z  -0.01041  0.02206 -0.00507  0.00542 -0.00917 -0.01189
 55   n           x   0.02082 -0.12507 -0.09478 -0.13903  0.04957  0.04131
                  y  -0.00436  0.01504 -0.08777 -0.08403  0.01178  0.00664
                  z   0.00339 -0.01093 -0.00773 -0.01439  0.00674  0.00864
 56   c           x   0.01683 -0.00906 -0.00217 -0.00757  0.00699  0.01159
                  y  -0.00230 -0.01102  0.01408  0.01673 -0.00609 -0.00783
                  z   0.00082  0.00170  0.00002  0.00015  0.00012  0.00007
 57   c           x  -0.01015  0.01730 -0.00089  0.00661 -0.00309 -0.00286
                  y   0.00993 -0.01765  0.00174 -0.01070  0.01384  0.01741
                  z   0.00142 -0.00120  0.00091  0.00024  0.00041 -0.00003
 58   c           x   0.16049 -0.14447  0.02983 -0.08051  0.15756  0.24475
                  y  -0.02867  0.12386 -0.03674 -0.00217  0.00709  0.01936
                  z   0.00897 -0.01327  0.00393 -0.00281  0.00548  0.00850
 59   c           x  -0.09358 -0.00595 -0.03117 -0.01154 -0.07113 -0.16384
                  y   0.00723 -0.15918  0.03597 -0.02392 -0.03135 -0.08398
                  z  -0.00289  0.01445 -0.00478  0.00123  0.00187  0.00395
 60   s           x  -0.00017  0.00048  0.00203  0.00022 -0.00061 -0.00079
                  y   0.00246  0.00652 -0.00190  0.00459 -0.00058  0.00539
                  z   0.00006 -0.00014  0.00012 -0.00041  0.00003 -0.00099
 61   h           x  -0.18707 -0.00642  0.16441 -0.10783 -0.07855  0.04449
                  y   0.02697 -0.02064 -0.09848  0.02002 -0.05348  0.03351
                  z   0.01096  0.00262  0.01983  0.01888  0.06274 -0.03946
 62   h           x  -0.14957 -0.02481  0.08354 -0.06085 -0.05827  0.03543
                  y   0.02490 -0.02263 -0.09763  0.02624 -0.04000  0.02638
                  z   0.03401 -0.00061 -0.06109  0.00780 -0.04344  0.02800
 63   h           x  -0.11372  0.05076  0.23247 -0.14007 -0.04188  0.01102
                  y  -0.18485  0.05738  0.31318 -0.18900 -0.07187  0.02777
                  z  -0.00563  0.00275  0.00922 -0.00523 -0.00595  0.00374
 64   h           x   0.05255  0.00173 -0.06357  0.04277  0.02993 -0.01413
                  y   0.27078  0.04021 -0.27983  0.18243  0.09754 -0.03450
                  z  -0.03768 -0.00221  0.03437 -0.02360 -0.01665  0.00750
 65   h           x  -0.06999 -0.01961  0.07596 -0.03708 -0.01090  0.00015
                  y  -0.04099 -0.07100 -0.05338  0.05326  0.05773 -0.03464
                  z   0.04857  0.05259 -0.00269 -0.02389 -0.05225  0.03609
 66   h           x  -0.09505 -0.02728  0.09181 -0.04366 -0.01044 -0.00111
                  y  -0.02014 -0.07730 -0.06749  0.07152  0.08761 -0.05239
                  z  -0.02718 -0.03903 -0.01033  0.02738  0.04852 -0.03212
 67   h           x  -0.32462 -0.07033  0.21683 -0.23512 -0.38299  0.22822
                  y   0.09197  0.08692  0.01929 -0.02171 -0.05800  0.04594
                  z   0.01253 -0.00917 -0.01277  0.01499  0.03250 -0.02199
 68   h           x   0.16995  0.16707  0.30465 -0.23092  0.17433 -0.21311
                  y  -0.12379 -0.04953  0.07782 -0.01928  0.12785 -0.08298
                  z  -0.01335 -0.00587  0.00043  0.00073  0.00872 -0.00677
 69   h           x   0.23143  0.20333  0.14707 -0.17602 -0.13614  0.04370
                  y  -0.20621 -0.12059 -0.03588  0.14415  0.35437 -0.19183
                  z  -0.00535 -0.00591 -0.00087  0.00490  0.01747 -0.01029
 70   h           x   0.05815 -0.07241  0.26418  0.30131  0.09984  0.26104
                  y   0.07988 -0.15911 -0.02262 -0.02411 -0.08942 -0.12284
                  z  -0.00236  0.00564  0.00365  0.00334  0.00354  0.00679
 71   h           x   0.10358 -0.21971  0.17436  0.22704 -0.09715 -0.08400
                  y   0.14153 -0.21783  0.06325  0.18022 -0.25611 -0.31539
                  z  -0.01001  0.01097 -0.00913 -0.01189  0.00944  0.00717
 72   h           x  -0.09597  0.15701  0.08339  0.14021 -0.05510 -0.06542
                  y   0.01208  0.03295  0.09535  0.02650  0.03304  0.04815
                  z   0.01156  0.01915  0.04204 -0.00249  0.02882  0.04111
 73   h           x  -0.04418  0.12065  0.17665  0.18428 -0.03227 -0.02414
                  y   0.08044 -0.18512 -0.22338 -0.24349  0.05274  0.04832
                  z  -0.01237  0.02320  0.04934  0.05390 -0.01159 -0.01224
 74   h           x  -0.08836  0.14933  0.03379  0.08115 -0.04068 -0.04933
                  y   0.00880  0.03312  0.09182  0.03385  0.02396  0.03757
                  z  -0.02140 -0.01584 -0.05849  0.00267 -0.03675 -0.05303
 75   h           x   0.00414 -0.06079 -0.05235 -0.06588  0.02462  0.02490
                  y  -0.02914  0.27810  0.19754  0.25074 -0.07687 -0.06716
                  z  -0.02611  0.04367  0.00894  0.03287 -0.01469 -0.01780
 76   h           x   0.02235  0.10166  0.07448  0.07522 -0.01876 -0.01443
                  y  -0.05376 -0.01063  0.05031  0.09891 -0.05564 -0.06948
                  z   0.04666  0.04176  0.01697 -0.01588  0.02649  0.03851
 77   h           x   0.05956  0.06373  0.07686  0.04352 -0.00256  0.01164
                  y  -0.02742 -0.05168  0.04115  0.06431 -0.03515 -0.05126
                  z  -0.05214 -0.03530 -0.00772  0.03169 -0.03420 -0.04749
 78   h           x  -0.28131  0.35372  0.03032  0.28984 -0.24960 -0.34204
                  y  -0.00039  0.10230 -0.03744 -0.02295  0.03170  0.05909
                  z  -0.02276  0.00169  0.00401  0.01659 -0.01889 -0.03058

reduced mass(g/mol)     5.279    5.582    3.703    3.762    5.678    6.428


       mode             217      218      219      220      221      222

     frequency        2814.91  2845.98  2894.28  2909.17  2970.95  2975.63

     symmetry            a        a        a        a        a        a   

        IR               YES      YES      YES      YES      YES      YES
|dDIP/dQ|   (a.u.)     0.0011   0.0039   0.0015   0.0058   0.0059   0.0050
intensity (km/mol)       2.02    26.35     4.11    59.26    62.53    43.87
intensity (  %   )       0.79    10.27     1.60    23.10    24.38    17.10
 
       RAMAN             YES      YES      YES      YES      YES      YES
         (par,par)       0.00     0.00     0.00     0.00     0.00     0.00
         (ort,ort)       0.00     0.00     0.00     0.00     0.00     0.00
       (ort,unpol)       0.00     0.00     0.00     0.00     0.00     0.00
     depol. ratio        0.60     0.39     0.43     0.62     0.55     0.46
 
  1   ag          x  -0.00001 -0.00000 -0.00001  0.00000 -0.00001  0.00000
                  y   0.00000 -0.00000 -0.00000 -0.00000 -0.00000 -0.00000
                  z  -0.00001 -0.00001  0.00000 -0.00000  0.00000  0.00000
  2   ag          x   0.00000  0.00000 -0.00000  0.00000 -0.00000 -0.00000
                  y   0.00000 -0.00000  0.00000 -0.00000  0.00000 -0.00000
                  z  -0.00001 -0.00000 -0.00000  0.00000 -0.00000  0.00000
  3   ag          x   0.00000 -0.00000  0.00000  0.00000 -0.00000 -0.00000
                  y   0.00000 -0.00000 -0.00000 -0.00000 -0.00000 -0.00000
                  z  -0.00001 -0.00000 -0.00000  0.00000 -0.00000  0.00000
  4   ag          x  -0.00000  0.00000 -0.00000 -0.00000 -0.00000  0.00000
                  y  -0.00000 -0.00000 -0.00000 -0.00000 -0.00000  0.00000
                  z  -0.00001 -0.00000 -0.00001 -0.00000 -0.00000  0.00000
  5   ag          x  -0.00000 -0.00000  0.00000  0.00000  0.00000  0.00000
                  y   0.00000 -0.00000  0.00001 -0.00000  0.00001  0.00000
                  z  -0.00001 -0.00000  0.00000  0.00000  0.00000  0.00000
  6   ag          x  -0.00000  0.00000  0.00000  0.00000  0.00000  0.00000
                  y   0.00001  0.00002 -0.00000  0.00000 -0.00000 -0.00000
                  z   0.00002  0.00006 -0.00000 -0.00000 -0.00000 -0.00000
  7   ag          x   0.00000  0.00001 -0.00001 -0.00000 -0.00000  0.00000
                  y  -0.00000  0.00000 -0.00000  0.00000 -0.00000  0.00000
                  z  -0.00000  0.00000 -0.00000  0.00000 -0.00000 -0.00000
  8   ag          x   0.00000 -0.00001 -0.00000 -0.00000  0.00000 -0.00000
                  y  -0.00001 -0.00000  0.00000  0.00000  0.00000  0.00000
                  z  -0.00001 -0.00000 -0.00000  0.00000 -0.00000  0.00000
  9   ag          x   0.00001 -0.00000  0.00000 -0.00001  0.00000 -0.00000
                  y   0.00001 -0.00000  0.00000 -0.00000  0.00000 -0.00000
                  z   0.00000 -0.00000 -0.00000 -0.00000 -0.00000 -0.00000
 10   ag          x   0.00000  0.00000 -0.00000  0.00001 -0.00000  0.00000
                  y   0.00000  0.00001 -0.00001  0.00001 -0.00001 -0.00000
                  z  -0.00001 -0.00000  0.00000  0.00002  0.00001  0.00001
 11   ag          x  -0.00000  0.00001  0.00000  0.00000  0.00000  0.00000
                  y   0.00002  0.00001  0.00001 -0.00001  0.00001 -0.00001
                  z   0.00000 -0.00000 -0.00000 -0.00000 -0.00000 -0.00000
 12   ag          x  -0.00001 -0.00000  0.00000  0.00000  0.00000  0.00000
                  y   0.00001 -0.00000  0.00000 -0.00000  0.00000 -0.00000
                  z  -0.00001 -0.00000  0.00000  0.00000  0.00000  0.00000
 13   ag          x   0.00000  0.00000 -0.00000  0.00000 -0.00000 -0.00000
                  y   0.00000  0.00000 -0.00001  0.00000 -0.00001 -0.00000
                  z  -0.00001 -0.00000 -0.00000  0.00000 -0.00000  0.00000
 14   ag          x   0.00000  0.00000  0.00001  0.00000  0.00000 -0.00000
                  y  -0.00000  0.00000 -0.00001  0.00000 -0.00001  0.00000
                  z   0.00000  0.00000  0.00000 -0.00000  0.00000 -0.00000
 15   ag          x   0.00000  0.00000  0.00001  0.00001  0.00000 -0.00000
                  y   0.00001  0.00000 -0.00001 -0.00002 -0.00001 -0.00001
                  z   0.00001  0.00000 -0.00001  0.00001 -0.00001 -0.00000
 16   ag          x   0.00004 -0.00001 -0.00001  0.00000 -0.00000 -0.00001
                  y  -0.00000 -0.00000 -0.00001  0.00000 -0.00001  0.00000
                  z  -0.00008  0.00001 -0.00000 -0.00000 -0.00000  0.00002
 17   ag          x   0.00000  0.00000 -0.00000 -0.00000 -0.00000 -0.00000
                  y  -0.00000  0.00000  0.00000  0.00000  0.00000  0.00000
                  z   0.00001 -0.00000 -0.00000  0.00000 -0.00000 -0.00000
 18   ag          x  -0.00001 -0.00000 -0.00000 -0.00000 -0.00000  0.00000
                  y  -0.00000  0.00000  0.00001 -0.00000  0.00001  0.00000
                  z   0.00000  0.00000 -0.00001 -0.00000 -0.00000 -0.00000
 19   ag          x   0.00000  0.00000 -0.00000  0.00000 -0.00000 -0.00000
                  y  -0.00000 -0.00000  0.00000 -0.00000  0.00000  0.00000
                  z   0.00001  0.00000  0.00005  0.00001  0.00003 -0.00000
 20   ag          x  -0.00001  0.00000  0.00001  0.00000  0.00001  0.00000
                  y  -0.00001 -0.00000  0.00000  0.00000  0.00000  0.00000
                  z   0.00001  0.00000 -0.00001 -0.00000 -0.00001 -0.00000
 21   ag          x  -0.00001  0.00000  0.00001  0.00000  0.00001  0.00001
                  y  -0.00001 -0.00000  0.00000  0.00000  0.00000  0.00000
                  z  -0.00001 -0.00001  0.00000  0.00000  0.00000  0.00000
 22   ag          x   0.00001 -0.00000 -0.00000 -0.00000 -0.00000 -0.00000
                  y  -0.00000 -0.00000 -0.00000  0.00000 -0.00000  0.00000
                  z  -0.00001  0.00000  0.00000  0.00000  0.00000  0.00000
 23   ag          x  -0.00000 -0.00000 -0.00000 -0.00000 -0.00000  0.00000
                  y  -0.00000 -0.00000  0.00000  0.00000  0.00000  0.00000
                  z   0.00000 -0.00000 -0.00000 -0.00000 -0.00000 -0.00000
 24   ag          x   0.00001  0.00000  0.00001 -0.00000  0.00000 -0.00000
                  y   0.00000  0.00000  0.00000  0.00000  0.00000 -0.00000
                  z  -0.00001 -0.00000 -0.00000  0.00000 -0.00000  0.00000
 25   ag          x  -0.00000 -0.00001  0.00000 -0.00000  0.00000  0.00000
                  y  -0.00001  0.00000  0.00000 -0.00000  0.00000  0.00000
                  z   0.00001  0.00001  0.00001 -0.00000  0.00001 -0.00000
 26   ag          x   0.00002  0.00001  0.00000 -0.00001  0.00000 -0.00001
                  y  -0.00001 -0.00000  0.00000 -0.00000  0.00000  0.00000
                  z   0.00000  0.00000  0.00000  0.00000  0.00000 -0.00000
 27   ag          x  -0.00002  0.00000 -0.00000  0.00001 -0.00000  0.00000
                  y  -0.00002 -0.00001 -0.00000 -0.00000 -0.00000  0.00000
                  z  -0.00001  0.00000  0.00001  0.00001  0.00000  0.00000
 28   ag          x  -0.00000 -0.00000  0.00000  0.00000  0.00000  0.00000
                  y  -0.00001  0.00000  0.00001  0.00000  0.00000  0.00000
                  z   0.00001 -0.00000 -0.00001 -0.00000 -0.00001 -0.00000
 29   ag          x  -0.00000  0.00000  0.00000  0.00000  0.00000  0.00000
                  y   0.00000  0.00000 -0.00000  0.00000 -0.00000 -0.00000
                  z   0.00000  0.00001  0.00001  0.00000  0.00000 -0.00000
 30   ag          x  -0.00001 -0.00001  0.00000 -0.00000  0.00000  0.00000
                  y  -0.00001  0.00001  0.00000  0.00001  0.00000  0.00000
                  z   0.00002  0.00001 -0.00000  0.00000 -0.00000 -0.00001
 31   ag          x   0.00001  0.00000  0.00000  0.00000  0.00000 -0.00000
                  y  -0.00001 -0.00000  0.00000  0.00000  0.00000  0.00000
                  z   0.00001  0.00001  0.00000  0.00000 -0.00000 -0.00000
 32   ag          x   0.00000 -0.00001 -0.00001  0.00000 -0.00001 -0.00000
                  y   0.00001 -0.00000 -0.00001 -0.00000 -0.00001 -0.00001
                  z   0.00001  0.00001 -0.00000  0.00000 -0.00000 -0.00000
 33   ag          x   0.00000  0.00000  0.00000 -0.00000  0.00000 -0.00000
                  y   0.00000 -0.00000  0.00000 -0.00000  0.00000 -0.00000
                  z   0.00000  0.00000  0.00000 -0.00000  0.00000  0.00000
 34   ag          x  -0.00000  0.00000  0.00000  0.00000  0.00000  0.00000
                  y   0.00002  0.00000 -0.00000  0.00000 -0.00000 -0.00001
                  z   0.00001 -0.00000 -0.00000 -0.00000 -0.00000 -0.00000
 35   ag          x   0.00001 -0.00000 -0.00001 -0.00000 -0.00000 -0.00000
                  y   0.00001  0.00000 -0.00000 -0.00000 -0.00000 -0.00000
                  z  -0.00001 -0.00000 -0.00000  0.00000 -0.00000  0.00000
 36   ag          x   0.00000  0.00000 -0.00000  0.00000 -0.00000 -0.00000
                  y   0.00000  0.00001  0.00000 -0.00000  0.00000 -0.00000
                  z  -0.00000  0.00000  0.00001  0.00001  0.00000  0.00000
 37   ag          x  -0.00000  0.00000 -0.00000  0.00001  0.00000  0.00000
                  y   0.00000  0.00001  0.00000  0.00000  0.00000  0.00000
                  z  -0.00001 -0.00000 -0.00001 -0.00000 -0.00001  0.00000
 38   ag          x   0.00001 -0.00000 -0.00001 -0.00001 -0.00001 -0.00001
                  y  -0.00001  0.00000 -0.00000  0.00000  0.00000  0.00000
                  z   0.00001 -0.00000 -0.00000 -0.00001 -0.00000 -0.00000
 39   ag          x  -0.00000 -0.00000 -0.00000  0.00000 -0.00000  0.00000
                  y  -0.00000 -0.00000 -0.00000  0.00000  0.00000  0.00000
                  z  -0.00000 -0.00000  0.00000 -0.00000  0.00000  0.00000
 40   ag          x  -0.00000 -0.00000 -0.00000 -0.00000 -0.00000  0.00000
                  y   0.00001 -0.00000 -0.00000 -0.00000 -0.00000 -0.00000
                  z  -0.00001 -0.00000  0.00001  0.00000  0.00001  0.00000
 41   c           x  -0.00190 -0.01765  0.00023  0.00022  0.00015 -0.00081
                  y  -0.00538 -0.04471  0.00052  0.00051  0.00032 -0.00036
                  z  -0.00588 -0.04915  0.00019  0.00019 -0.00078  0.00458
 42   n           x   0.00122 -0.00365  0.00020  0.00001  0.00019  0.00093
                  y  -0.00414 -0.00041 -0.00010  0.00001 -0.00009 -0.00047
                  z  -0.00041  0.00095  0.00001  0.00008  0.00004  0.00076
 43   c           x  -0.02299  0.00341  0.00009 -0.00037 -0.00037 -0.01409
                  y  -0.03318  0.00521  0.00020 -0.00070 -0.00087 -0.03487
                  z   0.05702 -0.00885 -0.00039  0.00027 -0.00208 -0.07115
 44   c           x  -0.00233  0.00237 -0.00020 -0.00007 -0.00022 -0.00113
                  y   0.00097 -0.00138  0.00015 -0.00000  0.00009  0.00029
                  z   0.00043 -0.00031 -0.00002 -0.00005 -0.00003  0.00010
 45   c           x  -0.00002 -0.00039  0.00011  0.00009  0.00014  0.00030
                  y   0.00025  0.00002 -0.00005  0.00003 -0.00002  0.00124
                  z  -0.00017  0.00004  0.00000 -0.00002  0.00000  0.00004
 46   c           x   0.00012 -0.00011 -0.00002 -0.00008 -0.00004 -0.00029
                  y   0.00047 -0.00018  0.00033  0.00005  0.00020  0.00033
                  z  -0.00018 -0.00005 -0.00006  0.00006 -0.00001  0.00004
 47   c           x  -0.00013  0.00003  0.00023  0.00020  0.00002  0.00021
                  y  -0.00027 -0.00013 -0.00033 -0.00004 -0.00019 -0.00015
                  z  -0.00009  0.00021 -0.00001 -0.00002  0.00002  0.00002
 48   c           x  -0.00005  0.00038 -0.00006 -0.00008  0.00000 -0.00014
                  y   0.00008  0.00012  0.00003 -0.00003  0.00004 -0.00004
                  z   0.00007 -0.00004  0.00004 -0.00004  0.00004  0.00002
 49   c           x   0.00047  0.00002  0.00011 -0.00001  0.00009  0.00030
                  y  -0.00042  0.00053 -0.00015 -0.00000 -0.00010 -0.00020
                  z  -0.00006 -0.00002 -0.00006 -0.00001 -0.00005 -0.00007
 50   n           x   0.00020 -0.00030 -0.00019 -0.00029  0.00006 -0.00021
                  y   0.00007 -0.00008  0.00003 -0.00007  0.00011  0.00007
                  z   0.00004 -0.00003  0.00010 -0.00000  0.00007 -0.00002
 51   c           x  -0.00017  0.00032  0.00003  0.00046 -0.00017  0.00012
                  y   0.00011  0.00021  0.00027  0.00005 -0.00014 -0.00001
                  z  -0.00003 -0.00003 -0.00002  0.00003  0.00000  0.00002
 52   c           x   0.00018 -0.00027 -0.00003 -0.00059  0.00005 -0.00004
                  y  -0.00006  0.00001  0.00000  0.00012  0.00001  0.00003
                  z   0.00001 -0.00004 -0.00004 -0.00001 -0.00003 -0.00003
 53   c           x  -0.00010  0.00021  0.00044 -0.00057 -0.00014 -0.00001
                  y  -0.00012  0.00014  0.00016  0.00095 -0.00018  0.00005
                  z   0.00005 -0.00008  0.00006 -0.00003 -0.00010  0.00002
 54   c           x   0.00005 -0.00008 -0.00183 -0.00244  0.00052  0.00009
                  y   0.00015 -0.00018 -0.00041 -0.00143  0.00032 -0.00007
                  z   0.00003 -0.00010 -0.00032 -0.00028  0.00011  0.00001
 55   n           x  -0.00015  0.00023  0.00096  0.00320 -0.00055 -0.00007
                  y   0.00003  0.00013  0.00253  0.00014 -0.00036 -0.00002
                  z  -0.00009  0.00008  0.00040  0.00037  0.00076  0.00019
 56   c           x  -0.00012  0.00009 -0.00344  0.01961  0.00034 -0.00038
                  y   0.00055 -0.00041  0.00823 -0.05096  0.00134  0.00001
                  z   0.00074 -0.00029  0.00139 -0.00965  0.01053 -0.01378
 57   c           x  -0.00015 -0.00030 -0.02658 -0.00554  0.00669  0.00008
                  y   0.00019  0.00044  0.04598  0.00919 -0.00925 -0.00006
                  z  -0.00014 -0.00045 -0.02382 -0.00559 -0.08984  0.00072
 58   c           x  -0.00003 -0.00007  0.00007  0.00056 -0.00042 -0.00007
                  y  -0.00001  0.00003 -0.00108 -0.00011 -0.00001  0.00001
                  z  -0.00002 -0.00002  0.00019  0.00013  0.00015 -0.00001
 59   c           x  -0.00003  0.00013 -0.00010 -0.00010  0.00022  0.00003
                  y  -0.00010 -0.00026 -0.00045 -0.00021  0.00021  0.00002
                  z   0.00009  0.00009 -0.00002 -0.00002 -0.00012 -0.00002
 60   s           x   0.00003  0.00003  0.00001 -0.00002 -0.00001  0.00000
                  y  -0.00004  0.00008 -0.00001  0.00003 -0.00001  0.00001
                  z   0.00005 -0.00002  0.00003 -0.00001  0.00002 -0.00002
 61   h           x   0.01416  0.11118 -0.00078 -0.00089  0.00022 -0.00324
                  y   0.07138  0.51974 -0.00467 -0.00416  0.00054 -0.01349
                  z   0.10855  0.78576 -0.00747 -0.00651  0.00041 -0.01651
 62   h           x  -0.00346 -0.01069  0.00050  0.00028  0.00087 -0.00437
                  y   0.01720  0.12277 -0.00345 -0.00277 -0.00636  0.03522
                  z  -0.02907 -0.18327  0.00459  0.00358  0.00808 -0.04376
 63   h           x   0.02069  0.13226 -0.00263 -0.00184 -0.00294  0.01687
                  y  -0.01639 -0.09788  0.00198  0.00133  0.00218 -0.01325
                  z  -0.00477 -0.02932  0.00041  0.00034  0.00029 -0.00173
 64   h           x  -0.13901  0.01472  0.00029 -0.00320 -0.00665 -0.24335
                  y   0.03428 -0.00481 -0.00009  0.00079  0.00155  0.05726
                  z   0.02320 -0.00277 -0.00010  0.00035  0.00017  0.00730
 65   h           x   0.07870 -0.00818  0.00024  0.00385  0.01330  0.48266
                  y   0.07832 -0.01038  0.00004  0.00348  0.01154  0.42184
                  z   0.14837 -0.01526  0.00045  0.00545  0.01888  0.67831
 66   h           x   0.32553 -0.04469 -0.00182  0.00359 -0.00257 -0.07350
                  y   0.32114 -0.04516 -0.00190  0.00343 -0.00243 -0.06557
                  z  -0.84343  0.11665  0.00450 -0.00943  0.00550  0.15473
 67   h           x   0.00248  0.00054 -0.00004  0.00008 -0.00003  0.00211
                  y  -0.00307 -0.00078  0.00056 -0.00039  0.00032 -0.01427
                  z  -0.00032  0.00014 -0.00012  0.00007 -0.00009  0.00144
 68   h           x   0.00016 -0.00016  0.00007  0.00008 -0.00001 -0.00007
                  y   0.00041  0.00019 -0.00044 -0.00017 -0.00017  0.00080
                  z  -0.00028 -0.00010  0.00004  0.00012 -0.00000  0.00008
 69   h           x  -0.00181 -0.00405 -0.00031  0.00018 -0.00051 -0.00122
                  y   0.00002 -0.00076 -0.00024  0.00009 -0.00035 -0.00060
                  z   0.00025  0.00039  0.00018  0.00003  0.00014 -0.00012
 70   h           x   0.00007 -0.00000  0.00009  0.00033  0.00006 -0.00000
                  y   0.00057  0.00029 -0.00079  0.00062  0.00032 -0.00019
                  z  -0.00000  0.00008  0.00011 -0.00012  0.00012 -0.00001
 71   h           x  -0.00009  0.00005 -0.00233  0.01064  0.00086  0.00024
                  y   0.00002  0.00012  0.00045 -0.00535 -0.00054 -0.00017
                  z  -0.00019  0.00035 -0.00048  0.00147 -0.00011  0.00015
 72   h           x  -0.00006 -0.00000 -0.00121 -0.00086  0.00095 -0.00106
                  y  -0.00043  0.00128 -0.04813  0.26513  0.04593 -0.06200
                  z   0.00182 -0.00297  0.09078 -0.48246 -0.07591  0.10483
 73   h           x   0.00205 -0.00159  0.04196 -0.20570 -0.00863  0.00946
                  y   0.00154 -0.00118  0.03237 -0.15387 -0.00640  0.00675
                  z  -0.00012  0.00004 -0.00154  0.00775  0.00222 -0.00268
 74   h           x   0.00094 -0.00045  0.00727 -0.04471  0.00465 -0.00380
                  y  -0.00880  0.00517 -0.09119  0.50266 -0.05449  0.05547
                  z  -0.00967  0.00605 -0.10690  0.58327 -0.05845  0.06032
 75   h           x  -0.00055 -0.00238 -0.22687 -0.03518  0.12503 -0.00095
                  y  -0.00019 -0.00060 -0.05692 -0.00954  0.03280 -0.00016
                  z  -0.00024 -0.00019 -0.01487 -0.00234 -0.00994  0.00014
 76   h           x   0.00048  0.00157  0.21013  0.03468 -0.40832  0.00302
                  y  -0.00069 -0.00108 -0.15644 -0.02739  0.29141 -0.00204
                  z  -0.00129 -0.00327 -0.38469 -0.06277  0.68583 -0.00482
 77   h           x   0.00174  0.00418  0.32841  0.06251  0.20691 -0.00272
                  y  -0.00210 -0.00444 -0.35330 -0.06841 -0.21153  0.00308
                  z   0.00327  0.00852  0.67736  0.12868  0.38734 -0.00518
 78   h           x   0.00019  0.00002  0.00294 -0.00027 -0.00020 -0.00002
                  y   0.00016 -0.00029  0.01229  0.00111 -0.00101  0.00005
                  z   0.00009  0.00013  0.00053  0.00007  0.00105 -0.00009

reduced mass(g/mol)     1.063    1.062    1.046    1.044    1.100    1.082


       mode             223      224      225      226      227      228

     frequency        2978.14  2990.23  3080.87  3081.34  3088.80  3089.63

     symmetry            a        a        a        a        a        a   

        IR               YES      YES      YES      YES      YES      YES
|dDIP/dQ|   (a.u.)     0.0050   0.0045   0.0004   0.0002   0.0006   0.0013
intensity (km/mol)      43.68    36.37     0.31     0.10     0.61     3.00
intensity (  %   )      17.03    14.18     0.12     0.04     0.24     1.17
 
       RAMAN             YES      YES      YES      YES      YES      YES
         (par,par)       0.00     0.00     0.00     0.00     0.00     0.00
         (ort,ort)       0.00     0.00     0.00     0.00     0.00     0.00
       (ort,unpol)       0.00     0.00     0.00     0.00     0.00     0.00
     depol. ratio        0.31     0.18     0.15     0.75     0.14     0.32
 
  1   ag          x   0.00000  0.00000 -0.00000  0.00000  0.00000  0.00000
                  y  -0.00000  0.00000 -0.00000 -0.00000 -0.00000  0.00000
                  z  -0.00000  0.00000  0.00000  0.00000  0.00000 -0.00000
  2   ag          x   0.00000 -0.00000 -0.00000 -0.00000  0.00000  0.00000
                  y  -0.00000  0.00000  0.00000  0.00000 -0.00000  0.00000
                  z   0.00000  0.00000 -0.00000  0.00000  0.00000  0.00000
  3   ag          x   0.00000  0.00000 -0.00000 -0.00000 -0.00000  0.00000
                  y  -0.00000  0.00000  0.00000 -0.00000  0.00000 -0.00000
                  z   0.00000  0.00000 -0.00000  0.00000  0.00000 -0.00000
  4   ag          x  -0.00000 -0.00000 -0.00000  0.00000  0.00000 -0.00000
                  y  -0.00000  0.00000 -0.00000  0.00000  0.00000  0.00000
                  z  -0.00000  0.00000 -0.00000  0.00000  0.00000 -0.00000
  5   ag          x   0.00000  0.00000  0.00000  0.00000 -0.00000 -0.00000
                  y  -0.00000 -0.00000  0.00000  0.00000 -0.00000 -0.00000
                  z   0.00000 -0.00000  0.00000  0.00000  0.00000 -0.00000
  6   ag          x   0.00000 -0.00000  0.00000 -0.00000  0.00000 -0.00000
                  y  -0.00000 -0.00000 -0.00000 -0.00000 -0.00000 -0.00000
                  z  -0.00000 -0.00002 -0.00000 -0.00000 -0.00000 -0.00000
  7   ag          x   0.00000 -0.00000 -0.00000 -0.00000  0.00000 -0.00000
                  y   0.00000 -0.00000 -0.00000 -0.00000 -0.00000 -0.00000
                  z   0.00000 -0.00000 -0.00000 -0.00000 -0.00000 -0.00000
  8   ag          x  -0.00000  0.00000  0.00000  0.00000 -0.00000  0.00000
                  y   0.00000 -0.00000  0.00000  0.00000 -0.00000 -0.00000
                  z   0.00000 -0.00000 -0.00000  0.00000  0.00000 -0.00000
  9   ag          x  -0.00001  0.00000  0.00000  0.00000  0.00000  0.00000
                  y  -0.00000 -0.00000  0.00000 -0.00000 -0.00000  0.00000
                  z  -0.00000 -0.00000 -0.00000  0.00000  0.00000 -0.00000
 10   ag          x   0.00001 -0.00000 -0.00000 -0.00000 -0.00000  0.00000
                  y   0.00000 -0.00000 -0.00000 -0.00000 -0.00000  0.00000
                  z   0.00002  0.00000 -0.00000  0.00000 -0.00000 -0.00000
 11   ag          x   0.00000 -0.00000  0.00000  0.00000  0.00000 -0.00000
                  y  -0.00000 -0.00000  0.00000 -0.00000 -0.00000 -0.00000
                  z  -0.00000  0.00000  0.00000  0.00000  0.00000 -0.00000
 12   ag          x   0.00000  0.00000 -0.00000  0.00000  0.00000 -0.00000
                  y  -0.00000  0.00000  0.00000 -0.00000 -0.00000  0.00000
                  z   0.00000  0.00000  0.00000  0.00000  0.00000 -0.00000
 13   ag          x   0.00000 -0.00000 -0.00000 -0.00000  0.00000  0.00000
                  y  -0.00000 -0.00000 -0.00000 -0.00000 -0.00000 -0.00000
                  z  -0.00000  0.00000 -0.00000  0.00000 -0.00000 -0.00000
 14   ag          x   0.00000 -0.00000  0.00000 -0.00000  0.00000  0.00000
                  y   0.00000  0.00000 -0.00000  0.00000  0.00000 -0.00000
                  z   0.00000 -0.00000  0.00000 -0.00000 -0.00000 -0.00000
 15   ag          x  -0.00000 -0.00000  0.00000 -0.00000 -0.00000 -0.00000
                  y  -0.00002 -0.00000  0.00000 -0.00000  0.00000  0.00000
                  z   0.00000 -0.00000 -0.00000 -0.00000 -0.00000  0.00000
 16   ag          x   0.00001  0.00000 -0.00000 -0.00000  0.00000  0.00000
                  y  -0.00000  0.00000 -0.00000  0.00000  0.00000  0.00000
                  z  -0.00000  0.00000 -0.00000  0.00000  0.00000 -0.00000
 17   ag          x  -0.00000 -0.00000 -0.00000 -0.00000 -0.00000 -0.00000
                  y   0.00000 -0.00000  0.00000 -0.00000 -0.00000 -0.00000
                  z   0.00000  0.00000 -0.00000 -0.00000 -0.00000  0.00000
 18   ag          x   0.00000  0.00000 -0.00000  0.00000  0.00000 -0.00000
                  y  -0.00000 -0.00000  0.00000  0.00000 -0.00000 -0.00000
                  z   0.00000 -0.00000 -0.00000 -0.00000  0.00000 -0.00000
 19   ag          x   0.00000 -0.00000  0.00000 -0.00000 -0.00000  0.00000
                  y  -0.00000  0.00000 -0.00000  0.00000  0.00000 -0.00000
                  z   0.00000 -0.00000  0.00001 -0.00000 -0.00001 -0.00000
 20   ag          x   0.00000 -0.00000  0.00000  0.00000 -0.00000 -0.00000
                  y   0.00000 -0.00000  0.00000  0.00000  0.00000 -0.00000
                  z  -0.00000 -0.00000 -0.00000 -0.00000 -0.00000  0.00000
 21   ag          x   0.00000 -0.00000  0.00000  0.00000 -0.00000 -0.00000
                  y   0.00000  0.00000 -0.00000  0.00000  0.00000  0.00000
                  z   0.00000  0.00000 -0.00000  0.00000  0.00000  0.00000
 22   ag          x  -0.00000  0.00000 -0.00000 -0.00000 -0.00000  0.00000
                  y  -0.00000  0.00000  0.00000  0.00000  0.00000 -0.00000
                  z   0.00000 -0.00000  0.00000  0.00000 -0.00000 -0.00000
 23   ag          x  -0.00000 -0.00000 -0.00000  0.00000  0.00000  0.00000
                  y   0.00000  0.00000  0.00000  0.00000 -0.00000  0.00000
                  z  -0.00000  0.00000  0.00000  0.00000  0.00000  0.00000
 24   ag          x  -0.00000 -0.00000  0.00000 -0.00000 -0.00000  0.00000
                  y   0.00000  0.00000 -0.00000 -0.00000 -0.00000  0.00000
                  z   0.00000  0.00000  0.00000  0.00000  0.00000 -0.00000
 25   ag          x  -0.00000  0.00000  0.00000  0.00000 -0.00000 -0.00000
                  y   0.00000 -0.00000  0.00000  0.00000  0.00000 -0.00000
                  z  -0.00000 -0.00000  0.00000 -0.00000 -0.00000 -0.00000
 26   ag          x  -0.00001 -0.00000  0.00000 -0.00000  0.00000 -0.00000
                  y  -0.00000  0.00000  0.00000  0.00000  0.00000 -0.00000
                  z   0.00000 -0.00000  0.00000 -0.00000 -0.00000 -0.00000
 27   ag          x   0.00001  0.00000 -0.00000  0.00000  0.00000  0.00000
                  y  -0.00000  0.00000  0.00000  0.00000  0.00000 -0.00000
                  z   0.00000 -0.00000 -0.00000 -0.00000 -0.00000  0.00000
 28   ag          x   0.00000  0.00000  0.00000  0.00000 -0.00000 -0.00000
                  y   0.00000 -0.00000  0.00000  0.00000 -0.00000 -0.00000
                  z  -0.00000  0.00000 -0.00000 -0.00000 -0.00000  0.00000
 29   ag          x   0.00000 -0.00000  0.00000 -0.00000 -0.00000 -0.00000
                  y   0.00000  0.00000 -0.00000 -0.00000  0.00000  0.00000
                  z   0.00000 -0.00000  0.00000 -0.00000 -0.00000  0.00000
 30   ag          x  -0.00000  0.00000  0.00000  0.00000  0.00000  0.00000
                  y   0.00001 -0.00000 -0.00000  0.00000 -0.00000 -0.00000
                  z  -0.00000 -0.00000 -0.00000 -0.00000 -0.00000  0.00000
 31   ag          x  -0.00000 -0.00000  0.00000 -0.00000 -0.00000 -0.00000
                  y   0.00000  0.00000 -0.00000  0.00000 -0.00000 -0.00000
                  z   0.00000 -0.00000 -0.00000 -0.00000 -0.00000  0.00000
 32   ag          x   0.00000  0.00000 -0.00000  0.00000  0.00000  0.00000
                  y  -0.00000  0.00000 -0.00000 -0.00000  0.00000  0.00000
                  z   0.00000 -0.00000 -0.00000 -0.00000 -0.00000  0.00000
 33   ag          x  -0.00000  0.00000  0.00000 -0.00000 -0.00000  0.00000
                  y  -0.00000  0.00000  0.00000 -0.00000 -0.00000 -0.00000
                  z   0.00000 -0.00000  0.00000 -0.00000 -0.00000 -0.00000
 34   ag          x   0.00000 -0.00000 -0.00000 -0.00000 -0.00000 -0.00000
                  y   0.00000 -0.00000 -0.00000 -0.00000 -0.00000  0.00000
                  z  -0.00000  0.00000 -0.00000  0.00000  0.00000 -0.00000
 35   ag          x  -0.00000  0.00000 -0.00000 -0.00000  0.00000  0.00000
                  y  -0.00000 -0.00000 -0.00000 -0.00000 -0.00000  0.00000
                  z   0.00000 -0.00000 -0.00000  0.00000 -0.00000 -0.00000
 36   ag          x   0.00000 -0.00000  0.00000 -0.00000 -0.00000  0.00000
                  y  -0.00000 -0.00000  0.00000 -0.00000 -0.00000 -0.00000
                  z   0.00001 -0.00000  0.00000 -0.00000  0.00000 -0.00000
 37   ag          x   0.00001 -0.00000 -0.00000  0.00000  0.00000 -0.00000
                  y   0.00000 -0.00000 -0.00000 -0.00000 -0.00000 -0.00000
                  z  -0.00000  0.00000 -0.00000  0.00000  0.00000 -0.00000
 38   ag          x  -0.00001  0.00000  0.00000 -0.00000 -0.00000  0.00000
                  y   0.00000 -0.00000 -0.00000  0.00000 -0.00000 -0.00000
                  z  -0.00001  0.00000 -0.00000  0.00000  0.00000  0.00000
 39   ag          x   0.00000 -0.00000 -0.00000  0.00000  0.00000 -0.00000
                  y   0.00000 -0.00000 -0.00000  0.00000 -0.00000 -0.00000
                  z  -0.00000  0.00000  0.00000  0.00000 -0.00000 -0.00000
 40   ag          x  -0.00000 -0.00000 -0.00000  0.00000 -0.00000 -0.00000
                  y   0.00000  0.00000 -0.00000 -0.00000 -0.00000  0.00000
                  z  -0.00000 -0.00000 -0.00000  0.00000  0.00000 -0.00000
 41   c           x   0.00026 -0.01081  0.00058 -0.04524  0.00022 -0.04714
                  y   0.00039 -0.02352 -0.00059  0.04461 -0.00020  0.04522
                  z  -0.00146  0.07877  0.00006 -0.00309 -0.00001 -0.00242
 42   n           x  -0.00011 -0.00084  0.00002  0.00055 -0.00002 -0.00002
                  y   0.00009  0.00045 -0.00003  0.00129  0.00001 -0.00001
                  z  -0.00003 -0.00076 -0.00000 -0.00013 -0.00001  0.00030
 43   c           x   0.00196  0.00220 -0.00072  0.06547  0.00019 -0.06198
                  y   0.00492  0.00286  0.00010 -0.00619 -0.00004  0.00661
                  z   0.01102  0.00503 -0.00006  0.00280  0.00001 -0.00261
 44   c           x   0.00007  0.00098 -0.00003  0.00028  0.00001  0.00063
                  y  -0.00008 -0.00056  0.00002  0.00063 -0.00001 -0.00024
                  z  -0.00007 -0.00017  0.00000 -0.00000  0.00001  0.00009
 45   c           x   0.00008 -0.00039  0.00001  0.00015 -0.00000 -0.00009
                  y  -0.00015 -0.00007 -0.00002 -0.00164  0.00002  0.00117
                  z  -0.00003  0.00009  0.00000  0.00004  0.00000 -0.00003
 46   c           x  -0.00004  0.00016  0.00000 -0.00006 -0.00001  0.00010
                  y  -0.00010 -0.00013  0.00004 -0.00006 -0.00002 -0.00002
                  z   0.00008 -0.00001 -0.00001  0.00002 -0.00001 -0.00002
 47   c           x  -0.00010 -0.00032  0.00002  0.00002  0.00005 -0.00004
                  y   0.00010  0.00009 -0.00004  0.00006 -0.00001  0.00002
                  z  -0.00001 -0.00004 -0.00000 -0.00000 -0.00001 -0.00002
 48   c           x   0.00004  0.00037 -0.00001 -0.00004 -0.00002  0.00003
                  y  -0.00001 -0.00003  0.00001  0.00026  0.00003  0.00019
                  z  -0.00001  0.00000  0.00001 -0.00002 -0.00001 -0.00003
 49   c           x  -0.00007  0.00090  0.00005 -0.00120 -0.00002 -0.00094
                  y   0.00004  0.00098 -0.00000 -0.00087  0.00000 -0.00074
                  z  -0.00001 -0.00014 -0.00001  0.00010  0.00001  0.00006
 50   n           x   0.00012  0.00028  0.00000 -0.00000 -0.00007  0.00004
                  y   0.00002 -0.00005 -0.00000 -0.00001 -0.00002 -0.00000
                  z   0.00003 -0.00001  0.00002  0.00000  0.00000  0.00001
 51   c           x  -0.00012 -0.00018 -0.00003 -0.00001  0.00009 -0.00002
                  y  -0.00008 -0.00010  0.00005 -0.00001  0.00005 -0.00001
                  z   0.00000  0.00003 -0.00001  0.00000  0.00001 -0.00000
 52   c           x   0.00012  0.00010  0.00004  0.00001 -0.00006  0.00001
                  y   0.00000  0.00001  0.00029  0.00003  0.00025  0.00002
                  z  -0.00005  0.00003 -0.00003 -0.00000 -0.00001  0.00000
 53   c           x  -0.00033 -0.00007  0.00107  0.00001  0.00082 -0.00001
                  y  -0.00004 -0.00007 -0.00077 -0.00001 -0.00061 -0.00001
                  z   0.00010  0.00001  0.00009  0.00000  0.00009 -0.00000
 54   c           x   0.00044 -0.00001 -0.00027 -0.00001 -0.00067  0.00001
                  y   0.00012  0.00008  0.00063  0.00001 -0.00030  0.00000
                  z   0.00013  0.00002 -0.00008  0.00000 -0.00008 -0.00000
 55   n           x  -0.00054 -0.00004 -0.00059 -0.00001  0.00011 -0.00001
                  y  -0.00019 -0.00004  0.00128  0.00001  0.00004 -0.00001
                  z   0.00107 -0.00002 -0.00004 -0.00000 -0.00000 -0.00001
 56   c           x  -0.00152  0.00006  0.04497  0.00057  0.04677  0.00023
                  y  -0.00179 -0.00016  0.04409  0.00057  0.04474  0.00021
                  z  -0.09183 -0.00084 -0.00474 -0.00003 -0.00464 -0.00003
 57   c           x   0.00129  0.00000 -0.06518 -0.00075  0.06168  0.00017
                  y  -0.00118  0.00014 -0.00779 -0.00007  0.00822  0.00005
                  z  -0.01171 -0.00134  0.00176 -0.00001 -0.00107 -0.00006
 58   c           x  -0.00023  0.00003 -0.00014  0.00001  0.00012 -0.00001
                  y  -0.00001 -0.00003 -0.00188 -0.00003  0.00138 -0.00001
                  z  -0.00005  0.00001  0.00011  0.00000 -0.00010  0.00000
 59   c           x   0.00010 -0.00005  0.00009 -0.00000 -0.00013  0.00001
                  y   0.00010  0.00009 -0.00004  0.00002 -0.00007 -0.00001
                  z  -0.00005 -0.00002 -0.00000 -0.00001  0.00000  0.00001
 60   s           x  -0.00000  0.00001 -0.00000 -0.00000  0.00001 -0.00001
                  y  -0.00000  0.00000 -0.00001 -0.00000  0.00001  0.00000
                  z  -0.00000  0.00000  0.00001 -0.00000  0.00000  0.00000
 61   h           x   0.00061 -0.02255  0.00019 -0.01210  0.00005 -0.01120
                  y   0.00278 -0.13628  0.00032 -0.02471  0.00018 -0.02655
                  z   0.00322 -0.18508  0.00063 -0.05034  0.00036 -0.05197
 62   h           x   0.00142 -0.07047 -0.00015  0.01092 -0.00004  0.01261
                  y  -0.01154  0.57373  0.00174 -0.12127  0.00042 -0.11876
                  z   0.01444 -0.72507 -0.00234  0.16544 -0.00058  0.16092
 63   h           x  -0.00499  0.22021 -0.00671  0.52155 -0.00254  0.54860
                  y   0.00379 -0.16212  0.00501 -0.38917  0.00188 -0.40578
                  z   0.00051 -0.01965  0.00098 -0.07652  0.00037 -0.08019
 64   h           x   0.03532  0.00776  0.00748 -0.67034 -0.00210  0.64513
                  y  -0.00829 -0.00230 -0.00177  0.15820  0.00051 -0.15541
                  z  -0.00092  0.00019 -0.00063  0.05597  0.00017 -0.05383
 65   h           x  -0.07169 -0.03270  0.00095 -0.08949 -0.00019  0.08376
                  y  -0.06258 -0.02889  0.00089 -0.08545 -0.00018  0.07694
                  z  -0.10084 -0.04680  0.00156 -0.14148 -0.00031  0.12946
 66   h           x   0.01322  0.00285 -0.00005 -0.01048  0.00001  0.01113
                  y   0.01188  0.00128  0.00002 -0.01797  0.00001  0.01662
                  z  -0.02893 -0.00642 -0.00017  0.05197  0.00004 -0.04814
 67   h           x  -0.00028  0.00006  0.00000 -0.00303 -0.00000  0.00216
                  y   0.00183  0.00080  0.00026  0.01892 -0.00013 -0.01400
                  z  -0.00021 -0.00013 -0.00003 -0.00075  0.00001  0.00053
 68   h           x  -0.00004 -0.00021  0.00001  0.00040  0.00005  0.00020
                  y   0.00005  0.00115 -0.00011 -0.00390 -0.00036 -0.00253
                  z   0.00004  0.00016 -0.00001  0.00014 -0.00000  0.00014
 69   h           x   0.00024 -0.01236 -0.00041  0.01436  0.00023  0.01178
                  y   0.00013 -0.00867 -0.00028  0.00937  0.00017  0.00788
                  z   0.00003 -0.00011  0.00003 -0.00071 -0.00003 -0.00060
 70   h           x   0.00000 -0.00004 -0.00038 -0.00003 -0.00021 -0.00002
                  y   0.00004 -0.00029 -0.00418 -0.00034 -0.00297 -0.00020
                  z  -0.00014 -0.00001  0.00035  0.00002  0.00015  0.00001
 71   h           x   0.00129  0.00001 -0.01290 -0.00020 -0.01021 -0.00008
                  y  -0.00084 -0.00004  0.00802  0.00012  0.00653  0.00005
                  z   0.00076 -0.00007 -0.00114 -0.00002 -0.00090 -0.00001
 72   h           x  -0.00716 -0.00008  0.00406  0.00006  0.00303  0.00001
                  y  -0.40190 -0.00284 -0.06202 -0.00070 -0.06081 -0.00030
                  z   0.67979  0.00489  0.12157  0.00140  0.11911  0.00061
 73   h           x   0.05443 -0.00004 -0.53283 -0.00676 -0.55771 -0.00270
                  y   0.03844 -0.00005 -0.40051 -0.00508 -0.41623 -0.00201
                  z  -0.01772 -0.00013  0.02391  0.00031  0.02526  0.00012
 74   h           x  -0.02606 -0.00034  0.01137  0.00015  0.00922  0.00003
                  y   0.38483  0.00461 -0.06715 -0.00102 -0.06922 -0.00023
                  z   0.42109  0.00516 -0.08712 -0.00131 -0.08779 -0.00032
 75   h           x   0.01256  0.00028  0.67298  0.00759 -0.64899 -0.00193
                  y   0.00377  0.00008  0.16793  0.00189 -0.16445 -0.00049
                  z  -0.00141 -0.00021  0.02960  0.00034 -0.02817 -0.00010
 76   h           x  -0.05046 -0.00458  0.06663  0.00074 -0.06013 -0.00027
                  y   0.03590  0.00317 -0.05296 -0.00058  0.04708  0.00019
                  z   0.08576  0.00768 -0.13086 -0.00144  0.11668  0.00052
 77   h           x   0.02418  0.00429  0.02758  0.00045 -0.02801  0.00019
                  y  -0.02344 -0.00449 -0.04049 -0.00060  0.03650 -0.00018
                  z   0.04616  0.00849  0.07948  0.00119 -0.07400  0.00034
 78   h           x  -0.00000  0.00001  0.00295  0.00002 -0.00214  0.00003
                  y   0.00032  0.00029  0.02163  0.00028 -0.01646  0.00019
                  z   0.00001  0.00001 -0.00116 -0.00002  0.00088 -0.00002

reduced mass(g/mol)     1.104    1.084    1.099    1.100    1.097    1.098


       mode             229      230      231      232      233      234

     frequency        3124.68  3128.76  3130.24  3136.94  3155.61  3160.69

     symmetry            a        a        a        a        a        a   

        IR               YES      YES      YES      YES      YES      YES
|dDIP/dQ|   (a.u.)     0.0002   0.0005   0.0004   0.0006   0.0004   0.0006
intensity (km/mol)       0.07     0.38     0.24     0.60     0.35     0.71
intensity (  %   )       0.03     0.15     0.09     0.23     0.14     0.28
 
       RAMAN             YES      YES      YES      YES      YES      YES
         (par,par)       0.00     0.00     0.00     0.00     0.00     0.00
         (ort,ort)       0.00     0.00     0.00     0.00     0.00     0.00
       (ort,unpol)       0.00     0.00     0.00     0.00     0.00     0.00
     depol. ratio        0.12     0.16     0.48     0.30     0.24     0.21
 
  1   ag          x   0.00000 -0.00000 -0.00000 -0.00000 -0.00000  0.00000
                  y  -0.00000 -0.00000  0.00000  0.00000 -0.00000  0.00000
                  z  -0.00000 -0.00000 -0.00000  0.00000 -0.00000 -0.00000
  2   ag          x   0.00000  0.00000  0.00000 -0.00000  0.00000  0.00000
                  y   0.00000 -0.00000 -0.00000  0.00000  0.00000 -0.00000
                  z   0.00000  0.00000 -0.00000  0.00000  0.00000 -0.00000
  3   ag          x   0.00000 -0.00000 -0.00000  0.00000  0.00000 -0.00000
                  y   0.00000  0.00000 -0.00000  0.00000  0.00000  0.00000
                  z  -0.00000 -0.00000  0.00000  0.00000 -0.00000  0.00000
  4   ag          x  -0.00000  0.00000  0.00000 -0.00000 -0.00000  0.00000
                  y  -0.00000 -0.00000 -0.00000 -0.00000  0.00000 -0.00000
                  z   0.00000 -0.00000 -0.00000 -0.00000 -0.00000 -0.00000
  5   ag          x  -0.00000 -0.00000 -0.00000  0.00000 -0.00000 -0.00000
                  y  -0.00000 -0.00000  0.00000  0.00000  0.00000 -0.00000
                  z  -0.00000 -0.00000 -0.00000 -0.00000  0.00000 -0.00000
  6   ag          x   0.00000  0.00000  0.00000 -0.00000  0.00000 -0.00000
                  y  -0.00000 -0.00000 -0.00000 -0.00000  0.00000  0.00000
                  z  -0.00000 -0.00000 -0.00000 -0.00000  0.00000  0.00000
  7   ag          x   0.00000  0.00000 -0.00000 -0.00000 -0.00000 -0.00000
                  y  -0.00000 -0.00000  0.00000 -0.00000  0.00000 -0.00000
                  z   0.00000  0.00000 -0.00001  0.00000 -0.00001 -0.00000
  8   ag          x  -0.00000 -0.00000  0.00000 -0.00000 -0.00000 -0.00000
                  y   0.00000 -0.00000  0.00000 -0.00000  0.00000 -0.00000
                  z  -0.00000 -0.00000  0.00000 -0.00000  0.00000 -0.00000
  9   ag          x  -0.00000  0.00000 -0.00000  0.00000  0.00000 -0.00000
                  y   0.00000  0.00000 -0.00000  0.00000  0.00000 -0.00000
                  z   0.00000  0.00000 -0.00000  0.00000  0.00000 -0.00000
 10   ag          x   0.00000  0.00000  0.00000 -0.00000 -0.00000 -0.00000
                  y  -0.00000 -0.00000 -0.00000 -0.00000  0.00000  0.00000
                  z  -0.00000 -0.00000  0.00000  0.00000  0.00000  0.00000
 11   ag          x   0.00000  0.00000  0.00000 -0.00000  0.00000  0.00000
                  y   0.00000  0.00000 -0.00000 -0.00000 -0.00000 -0.00000
                  z   0.00000  0.00000 -0.00000 -0.00000  0.00000  0.00000
 12   ag          x  -0.00000  0.00000 -0.00000 -0.00000 -0.00000  0.00000
                  y   0.00000  0.00000  0.00000  0.00000 -0.00000  0.00000
                  z  -0.00000 -0.00000 -0.00000  0.00001  0.00000 -0.00000
 13   ag          x  -0.00000 -0.00000 -0.00000  0.00000 -0.00000 -0.00000
                  y   0.00000  0.00000 -0.00000 -0.00000  0.00000  0.00000
                  z  -0.00000 -0.00000 -0.00000 -0.00000 -0.00000 -0.00000
 14   ag          x  -0.00000  0.00000  0.00000 -0.00000 -0.00000  0.00000
                  y   0.00000 -0.00000 -0.00000 -0.00000 -0.00000 -0.00000
                  z   0.00000 -0.00000 -0.00000  0.00000  0.00000 -0.00000
 15   ag          x   0.00000 -0.00000  0.00000  0.00000  0.00000 -0.00000
                  y   0.00000  0.00000 -0.00000 -0.00000 -0.00000  0.00000
                  z   0.00000 -0.00000 -0.00000  0.00000  0.00000  0.00000
 16   ag          x  -0.00000  0.00000  0.00000  0.00000 -0.00000  0.00000
                  y  -0.00000 -0.00000 -0.00000 -0.00000 -0.00000  0.00000
                  z   0.00000  0.00000  0.00000  0.00000  0.00000 -0.00000
 17   ag          x   0.00000 -0.00000  0.00000  0.00000  0.00000  0.00000
                  y  -0.00000  0.00000  0.00000 -0.00000  0.00000 -0.00000
                  z   0.00000 -0.00000  0.00000 -0.00000 -0.00000  0.00000
 18   ag          x   0.00000 -0.00000 -0.00000  0.00000  0.00000  0.00000
                  y   0.00000 -0.00000 -0.00000 -0.00000 -0.00000 -0.00000
                  z  -0.00000  0.00000  0.00000  0.00000  0.00000 -0.00000
 19   ag          x   0.00000  0.00000  0.00000  0.00000  0.00000  0.00000
                  y   0.00000 -0.00000 -0.00000 -0.00000  0.00000 -0.00000
                  z   0.00000 -0.00000 -0.00000  0.00000  0.00000 -0.00000
 20   ag          x  -0.00000  0.00000  0.00000  0.00000  0.00000 -0.00000
                  y  -0.00000 -0.00000 -0.00000  0.00000  0.00000 -0.00000
                  z   0.00000 -0.00000  0.00000  0.00000  0.00000  0.00000
 21   ag          x  -0.00000  0.00000  0.00000  0.00000  0.00000 -0.00000
                  y  -0.00000  0.00000 -0.00000 -0.00000 -0.00000  0.00000
                  z  -0.00000  0.00000  0.00000 -0.00000 -0.00000 -0.00000
 22   ag          x   0.00000  0.00000  0.00000  0.00000 -0.00000  0.00000
                  y  -0.00000 -0.00000  0.00000  0.00000 -0.00000  0.00000
                  z  -0.00000  0.00000 -0.00000 -0.00000  0.00000 -0.00000
 23   ag          x   0.00000  0.00000 -0.00000  0.00000  0.00000 -0.00000
                  y  -0.00000 -0.00000  0.00000  0.00000 -0.00000  0.00000
                  z  -0.00000  0.00000 -0.00000  0.00000 -0.00000 -0.00000
 24   ag          x  -0.00000  0.00000  0.00000  0.00000  0.00000  0.00000
                  y  -0.00000  0.00000  0.00000 -0.00000 -0.00000  0.00000
                  z  -0.00000 -0.00000 -0.00000 -0.00000 -0.00000 -0.00000
 25   ag          x  -0.00000 -0.00000 -0.00000  0.00000 -0.00000 -0.00000
                  y   0.00000  0.00000 -0.00000  0.00000  0.00000 -0.00000
                  z   0.00000  0.00000  0.00000  0.00000  0.00000  0.00000
 26   ag          x   0.00000  0.00000  0.00000  0.00000  0.00000  0.00000
                  y  -0.00000  0.00000  0.00000  0.00000  0.00000 -0.00000
                  z  -0.00000  0.00000  0.00000 -0.00000 -0.00000 -0.00000
 27   ag          x  -0.00000  0.00000  0.00000 -0.00000 -0.00000 -0.00000
                  y   0.00000  0.00000  0.00000  0.00000 -0.00000  0.00000
                  z  -0.00000  0.00000  0.00000 -0.00000 -0.00000 -0.00000
 28   ag          x   0.00000 -0.00000 -0.00000  0.00000  0.00000 -0.00000
                  y  -0.00000 -0.00000  0.00000  0.00000  0.00000 -0.00000
                  z   0.00000  0.00000 -0.00000 -0.00000 -0.00000  0.00000
 29   ag          x  -0.00000  0.00000 -0.00000 -0.00000  0.00000 -0.00000
                  y   0.00000  0.00000  0.00000 -0.00000  0.00000  0.00000
                  z  -0.00000  0.00000 -0.00000  0.00000 -0.00000 -0.00000
 30   ag          x  -0.00000 -0.00000  0.00000 -0.00000  0.00000 -0.00000
                  y  -0.00000  0.00000 -0.00000 -0.00000  0.00000 -0.00000
                  z   0.00000 -0.00000 -0.00000  0.00000 -0.00000  0.00000
 31   ag          x  -0.00000  0.00000 -0.00000  0.00000  0.00000  0.00000
                  y  -0.00000  0.00000 -0.00000 -0.00000 -0.00000  0.00000
                  z   0.00000 -0.00000 -0.00000  0.00000 -0.00000 -0.00000
 32   ag          x  -0.00000  0.00000  0.00000 -0.00000 -0.00000  0.00000
                  y   0.00000  0.00000  0.00000  0.00000 -0.00000  0.00000
                  z   0.00000 -0.00000  0.00000 -0.00000 -0.00000  0.00000
 33   ag          x  -0.00000 -0.00000 -0.00000 -0.00000 -0.00000 -0.00000
                  y   0.00000 -0.00000 -0.00000  0.00000 -0.00000 -0.00000
                  z  -0.00000  0.00000  0.00000 -0.00000  0.00000 -0.00000
 34   ag          x   0.00000  0.00000  0.00000  0.00000  0.00000 -0.00000
                  y   0.00000  0.00000 -0.00000  0.00000  0.00000  0.00000
                  z  -0.00000 -0.00000 -0.00000  0.00000 -0.00000  0.00000
 35   ag          x  -0.00000  0.00000 -0.00000  0.00000 -0.00000  0.00000
                  y  -0.00000  0.00000  0.00000 -0.00000 -0.00000 -0.00000
                  z  -0.00000  0.00000  0.00000 -0.00000  0.00000 -0.00000
 36   ag          x   0.00000 -0.00000  0.00000 -0.00000 -0.00000 -0.00000
                  y   0.00000  0.00000 -0.00000  0.00000  0.00000  0.00000
                  z  -0.00000  0.00000  0.00000 -0.00000  0.00000  0.00000
 37   ag          x  -0.00000  0.00000 -0.00000 -0.00000  0.00000  0.00000
                  y  -0.00000  0.00000  0.00000  0.00000  0.00000  0.00000
                  z   0.00000  0.00000  0.00000 -0.00000 -0.00000  0.00000
 38   ag          x   0.00000 -0.00000  0.00000  0.00000 -0.00000 -0.00000
                  y  -0.00000  0.00000  0.00000 -0.00000 -0.00000  0.00000
                  z   0.00000 -0.00000  0.00000 -0.00000 -0.00000 -0.00000
 39   ag          x   0.00000  0.00000 -0.00000  0.00000 -0.00000  0.00000
                  y  -0.00000 -0.00000  0.00000 -0.00000  0.00000 -0.00000
                  z  -0.00000  0.00000 -0.00000 -0.00000 -0.00000  0.00000
 40   ag          x   0.00000 -0.00000 -0.00000  0.00000  0.00000 -0.00000
                  y  -0.00000  0.00000  0.00000  0.00000  0.00000  0.00000
                  z  -0.00000 -0.00000  0.00000 -0.00000  0.00000 -0.00000
 41   c           x  -0.00001  0.00002 -0.00049  0.00010 -0.00084  0.00001
                  y   0.00002 -0.00001  0.00067 -0.00030  0.00154  0.00002
                  z   0.00003  0.00007 -0.00038  0.00006 -0.00106  0.00001
 42   n           x   0.00001 -0.00002  0.00017 -0.00009  0.00035 -0.00002
                  y  -0.00002 -0.00000 -0.00006 -0.00066  0.00049  0.00001
                  z  -0.00001 -0.00000  0.00001  0.00002 -0.00004  0.00000
 43   c           x   0.00001 -0.00003 -0.00011 -0.00193  0.00004  0.00000
                  y   0.00003 -0.00001  0.00003 -0.00040  0.00007 -0.00001
                  z  -0.00005 -0.00001 -0.00008 -0.00095 -0.00001 -0.00001
 44   c           x  -0.00001  0.00002  0.00045  0.00280  0.00079  0.00003
                  y  -0.00000 -0.00001  0.00024  0.00147 -0.00301 -0.00000
                  z   0.00001  0.00001 -0.00003 -0.00022  0.00006  0.00000
 45   c           x   0.00009  0.00003  0.00054  0.00632 -0.00030 -0.00004
                  y  -0.00046 -0.00036 -0.01056 -0.08530 -0.00156  0.00008
                  z   0.00003  0.00003  0.00047  0.00355  0.00009 -0.00000
 46   c           x  -0.00012  0.00011 -0.00060 -0.00289 -0.00015  0.00002
                  y   0.00011  0.00002  0.00039  0.00082 -0.00004  0.00001
                  z  -0.00002 -0.00006  0.00004  0.00013  0.00003 -0.00000
 47   c           x   0.00034 -0.00008  0.00247 -0.00032 -0.00139  0.00004
                  y   0.00004 -0.00018  0.00082  0.00072 -0.00060  0.00004
                  z   0.00002  0.00000 -0.00005  0.00004  0.00001  0.00000
 48   c           x  -0.00017 -0.00063  0.00973 -0.00123 -0.00572  0.00000
                  y   0.00092  0.00527 -0.08248  0.01011  0.02322 -0.00012
                  z  -0.00004 -0.00020  0.00304 -0.00034 -0.00050 -0.00000
 49   c           x  -0.00007 -0.00080  0.01335 -0.00295  0.06803  0.00013
                  y  -0.00011 -0.00086  0.01460 -0.00215  0.04988  0.00012
                  z   0.00001  0.00005 -0.00082  0.00016 -0.00309 -0.00000
 50   n           x  -0.00007 -0.00005  0.00009  0.00001  0.00021  0.00019
                  y  -0.00011  0.00014 -0.00011 -0.00015  0.00005 -0.00005
                  z  -0.00003  0.00002  0.00003 -0.00003  0.00000 -0.00000
 51   c           x  -0.00270 -0.00048 -0.00044  0.00002  0.00002 -0.00123
                  y   0.00086 -0.00067 -0.00001  0.00013 -0.00005  0.00060
                  z  -0.00011 -0.00003 -0.00002  0.00001 -0.00001 -0.00010
 52   c           x  -0.00894 -0.00187 -0.00012  0.00010  0.00003 -0.00503
                  y  -0.08276 -0.01646 -0.00191  0.00072  0.00015 -0.01827
                  z   0.00663  0.00132  0.00015 -0.00007 -0.00002  0.00134
 53   c           x  -0.00924 -0.00262 -0.00040  0.00016 -0.00009  0.06928
                  y   0.01146  0.00221  0.00031 -0.00017  0.00006 -0.04964
                  z  -0.00126 -0.00029 -0.00003  0.00003  0.00000  0.00558
 54   c           x  -0.00061  0.00272  0.00021 -0.00002  0.00003  0.00078
                  y   0.00048 -0.00136 -0.00008  0.00003 -0.00002  0.00294
                  z  -0.00002  0.00010  0.00000 -0.00000  0.00000 -0.00015
 55   n           x  -0.00014 -0.00010 -0.00005 -0.00001 -0.00002  0.00038
                  y  -0.00014  0.00063  0.00002 -0.00001  0.00000 -0.00049
                  z   0.00000 -0.00000  0.00000  0.00001  0.00001  0.00002
 56   c           x   0.00041  0.00012  0.00005 -0.00001  0.00001 -0.00059
                  y   0.00055  0.00033  0.00004 -0.00005 -0.00001 -0.00143
                  z   0.00001 -0.00007  0.00001 -0.00004 -0.00001 -0.00012
 57   c           x   0.00034 -0.00232 -0.00012  0.00007  0.00005  0.00004
                  y   0.00001  0.00029  0.00005 -0.00003 -0.00002 -0.00002
                  z   0.00005 -0.00002 -0.00000  0.00007  0.00008 -0.00012
 58   c           x  -0.00088  0.00529  0.00025 -0.00007 -0.00004 -0.00038
                  y  -0.01673  0.08417  0.00507 -0.00090 -0.00007  0.00092
                  z   0.00119 -0.00607 -0.00037  0.00005  0.00000 -0.00010
 59   c           x   0.00087 -0.00288 -0.00007  0.00016  0.00002 -0.00015
                  y   0.00043 -0.00095  0.00006 -0.00001 -0.00000 -0.00000
                  z   0.00002 -0.00006  0.00000  0.00006 -0.00000  0.00005
 60   s           x  -0.00006  0.00015  0.00005  0.00014 -0.00002 -0.00001
                  y  -0.00001  0.00009 -0.00000 -0.00009 -0.00001  0.00001
                  z  -0.00001  0.00002 -0.00002 -0.00003  0.00000 -0.00001
 61   h           x  -0.00002 -0.00007  0.00029  0.00029  0.00162 -0.00005
                  y  -0.00014 -0.00027 -0.00047  0.00087 -0.00215 -0.00016
                  z  -0.00025 -0.00041 -0.00056  0.00113 -0.00139 -0.00022
 62   h           x  -0.00000 -0.00007  0.00110 -0.00014  0.00377 -0.00001
                  y   0.00011  0.00037 -0.00474  0.00178 -0.01362 -0.00005
                  z  -0.00013 -0.00046  0.00568 -0.00215  0.01488  0.00005
 63   h           x   0.00017 -0.00018  0.00555 -0.00317  0.01079  0.00002
                  y  -0.00012  0.00018 -0.00493  0.00213 -0.01027 -0.00002
                  z  -0.00002  0.00003 -0.00078  0.00045 -0.00147  0.00000
 64   h           x   0.00006  0.00025  0.00109  0.01868 -0.00152 -0.00007
                  y  -0.00001 -0.00005 -0.00000 -0.00259  0.00074  0.00002
                  z  -0.00001 -0.00002 -0.00011 -0.00160  0.00010  0.00000
 65   h           x   0.00006  0.00011  0.00107  0.01327 -0.00027  0.00008
                  y   0.00003  0.00008  0.00038  0.00838 -0.00044  0.00008
                  z   0.00011  0.00014  0.00088  0.01403 -0.00052  0.00010
 66   h           x  -0.00019  0.00003  0.00031  0.00335 -0.00022 -0.00001
                  y  -0.00021  0.00003 -0.00029 -0.00017 -0.00044  0.00000
                  z   0.00050 -0.00006  0.00015 -0.00154  0.00071  0.00004
 67   h           x  -0.00056 -0.00046 -0.01060 -0.08636 -0.00060  0.00007
                  y   0.00530  0.00413  0.12324  0.98332  0.01530 -0.00101
                  z  -0.00025 -0.00017 -0.00517 -0.04177 -0.00076  0.00006
 68   h           x   0.00129  0.00678 -0.10689  0.01302  0.02932 -0.00014
                  y  -0.01106 -0.06069  0.94849 -0.11437 -0.24558  0.00123
                  z   0.00040  0.00220 -0.03409  0.00404  0.00816 -0.00004
 69   h           x   0.00150  0.01174 -0.19540  0.03697 -0.77100 -0.00151
                  y   0.00112  0.00902 -0.15063  0.02710 -0.57840 -0.00117
                  z  -0.00007 -0.00052  0.00872 -0.00165  0.03404  0.00006
 70   h           x   0.09721  0.01928  0.00215 -0.00094 -0.00017  0.02106
                  y   0.95060  0.18744  0.02132 -0.00837 -0.00152  0.18773
                  z  -0.07471 -0.01475 -0.00168  0.00065  0.00013 -0.01449
 71   h           x   0.14952  0.03693  0.00507 -0.00241  0.00102 -0.78768
                  y  -0.11329 -0.02679 -0.00377  0.00179 -0.00072  0.57556
                  z   0.01275  0.00315  0.00042 -0.00023  0.00007 -0.06433
 72   h           x  -0.00027  0.00006 -0.00003  0.00000 -0.00002  0.00166
                  y  -0.00130 -0.00125  0.00000  0.00002  0.00005  0.00500
                  z   0.00248  0.00215  0.00006  0.00000 -0.00006 -0.00775
 73   h           x  -0.00513 -0.00350 -0.00061  0.00022 -0.00001  0.01043
                  y  -0.00459 -0.00245 -0.00045  0.00017 -0.00001  0.01038
                  z   0.00028  0.00011  0.00002 -0.00002 -0.00001 -0.00076
 74   h           x  -0.00024  0.00022 -0.00002 -0.00001 -0.00002  0.00171
                  y  -0.00245 -0.00148 -0.00012  0.00042  0.00013  0.00998
                  z  -0.00269 -0.00151 -0.00017  0.00047  0.00013  0.00944
 75   h           x  -0.00346  0.02289  0.00104 -0.00060 -0.00035 -0.00184
                  y  -0.00050  0.00401  0.00015 -0.00013 -0.00008 -0.00085
                  z  -0.00009  0.00057  0.00001 -0.00001 -0.00000 -0.00012
 76   h           x  -0.00100  0.00734  0.00053  0.00001  0.00014 -0.00066
                  y   0.00023 -0.00351 -0.00030 -0.00002 -0.00010  0.00058
                  z   0.00112 -0.00993 -0.00072 -0.00006 -0.00025  0.00125
 77   h           x  -0.00183  0.00988  0.00067 -0.00043 -0.00035  0.00027
                  y   0.00049 -0.00387 -0.00033  0.00038  0.00035  0.00001
                  z  -0.00177  0.01048  0.00075 -0.00081 -0.00076  0.00037
 78   h           x   0.01457 -0.07339 -0.00433  0.00069  0.00004  0.00022
                  y   0.19452 -0.96920 -0.05824  0.01026  0.00090 -0.00831
                  z  -0.01411  0.07093  0.00424 -0.00076 -0.00009  0.00065

reduced mass(g/mol)     1.090    1.090    1.090    1.090    1.093    1.092
 

  Keyword $raman spectrum missing in file <control>


   ***  raman data written onto $raman spectrum
        file=<control>  ***


    ------------------------------------------------------------------------
         total  cpu-time :   0.09 seconds
         total wall-time :   1.09 seconds
    ------------------------------------------------------------------------

   ****  intense : all done  ****


    2026-09-09 23:06:32.659 

