$vibrational normal modes
  1 1   0.0046539610   0.0045955355   0.0143020106  -0.0246183239  -0.0003678592
  1 2   0.0307830257   0.0639658645   0.0466038715  -0.0203433115  -0.1152864777
  1 3   0.0053119364  -0.0008420548  -0.0206611701  -0.0347971570   0.0099022970
  1 4  -0.0331776008   0.0011480400  -0.0920372792  -0.2188268023  -0.0625948045
  1 5  -0.0395672475   0.0663033219   0.0455383246  -0.0422739717   0.0446207926
  1 6   0.1929249424  -0.0129712723  -0.0804365087  -0.0974840665  -0.0384937262
  1 7   0.0102013047  -0.0481168912   0.1678830165  -0.0659703455  -0.0185497956
  1 8  -0.0060548927   0.0659287070   0.1210750430  -0.0769529771   0.0447462459
  1 9   0.0519540653   0.0620958320  -0.0031879282   0.0618846315   0.0432126246
  110  -0.0618179739   0.0078512614   0.0187795049  -0.0012806680   0.0299546087
  111  -0.0750734165  -0.1051718485   0.0850383762  -0.0073248657  -0.0077070293
  112  -0.0569380904   0.0202763126   0.1022074821  -0.0379194272   0.0033921634
  113  -0.0013908944  -0.0573342415  -0.0599965976   0.0196257719  -0.0371746630
  114  -0.0826358621  -0.0501656659  -0.0207429124  -0.0192018770  -0.0003457573
  115   0.0532192941  -0.0534120942   0.0776147806  -0.0035722777   0.0153880599
  116   0.0174865869   0.0625122975   0.0493187804   0.0084086716  -0.0192153330
  117  -0.0502400926  -0.0477712008   0.0061897235   0.0184760169  -0.0129799277
  118   0.0017853749   0.0323652283   0.0340980928   0.0001831465   0.0057593448
  119   0.0231588206   0.0028227755  -0.0126385961   0.0028746877   0.0226621328
  120  -0.0130824945  -0.0178213441  -0.0965550158  -0.0416345137   0.0283064649
  121   0.0575807334   0.0307329649  -0.0403302794  -0.0695216583  -0.0517060138
  122  -0.0345000846  -0.0345288332  -0.0020111925  -0.0428406688  -0.0251734319
  123  -0.1516661754  -0.0185046347  -0.0245882738  -0.0032182819   0.0057804381
  124   0.0265150093  -0.0186953143  -0.0024737777  -0.0044789147  -0.0054890577
  125   0.0496853165   0.1197781249  -0.0091436161  -0.0034915326   0.0321924651
  126   0.0912602591  -0.0122878863   0.0184480133  -0.0522402469   0.0631824308
  127  -0.0156633087   0.1152490611  -0.1466703245   0.0083677439  -0.0419882788
  128   0.0220255348   0.0013939156   0.0007083501  -0.0002355991   0.0002031196
  129   0.0002620967   0.0000459124  -0.0002164088  -0.0001887515  -0.0000997974
  130  -0.0001013364  -0.0003366626   0.0000026226  -0.0000114857   0.0000482176
  131  -0.0000574954  -0.0000689628  -0.0000095143   0.0000763134  -0.0000138627
  132   0.0000221069   0.0000231589  -0.0000389802   0.0000523919  -0.0000000812
  133  -0.0000194342  -0.0000330146  -0.0000047420   0.0000067754  -0.0000002712
  134   0.0000092487   0.0000058781   0.0000090055   0.0000201629  -0.0000067788
  135   0.0000307850  -0.0000138233  -0.0000141521   0.0000030738  -0.0000110267
  136  -0.0000032772  -0.0000083702   0.0000068024  -0.0000151383  -0.0000083309
  137   0.0000042724   0.0000008097  -0.0000037396   0.0000031311   0.0000001601
  138   0.0000064021  -0.0000158009   0.0000297946  -0.0000144818  -0.0000051697
  139  -0.0000136608  -0.0000070408  -0.0000045779  -0.0000147760  -0.0000184101
  140  -0.0000005005   0.0000005477  -0.0000020831   0.0000007649   0.0000017819
  141  -0.0000026867   0.0000038835  -0.0000023488   0.0000076269   0.0000059142
  142  -0.0000088747   0.0000103259   0.0000009842   0.0000083852   0.0000080092
  143  -0.0000366422  -0.0000127068  -0.0000335276  -0.0000010474   0.0000059135
  144  -0.0000095385  -0.0000052227  -0.0000019407  -0.0000083603   0.0000018467
  145  -0.0000061432   0.0000015083   0.0000016567   0.0000008812  -0.0000011516
  146   0.0000003798   0.0000006522   0.0000000532   0.0000000062  -0.0000001849
  147  -0.0000002563  -0.0000004309  -0.0000010759   0.0000000095
  2 1  -0.0078157090  -0.0223333696  -0.0315054216   0.0359095899   0.0201869656
  2 2  -0.0384017968  -0.0870508557   0.0784065887  -0.0671295432   0.1386385505
  2 3   0.0065806735  -0.0249236332   0.0278297598   0.0266585856  -0.0044092457
  2 4  -0.0110684272   0.0685697035   0.0239802430   0.3524995580  -0.0396828794
  2 5   0.0966749107  -0.0101407942   0.0832155410  -0.1669356517  -0.0477693736
  2 6  -0.1153412914   0.1508876722   0.1024590202   0.0125146623   0.0021427519
  2 7  -0.1104226699   0.2302666381  -0.1458500240  -0.1771253342   0.0574501684
  2 8  -0.0765117272  -0.0091383818   0.0463415164   0.0688303505  -0.0413291274
  2 9   0.0998851368   0.0041282669   0.0923197281  -0.0451763259   0.0310602048
  210   0.0459396271  -0.0135288171  -0.0688076279   0.0028662745   0.0040746225
  211   0.0087576558  -0.0908619693  -0.0395485828  -0.0314725119  -0.0882261782
  212  -0.0212545691  -0.0622750379   0.0455860329  -0.0339062921   0.0247157852
  213   0.0049500185  -0.0443894804   0.0266110159   0.0027783060   0.0071839508
  214  -0.0638985858  -0.0192832605  -0.0140180377   0.0186340957  -0.0163269441
  215   0.0005821845  -0.0133741767  -0.0313215723   0.0558162792  -0.0108145711
  216  -0.0936400162   0.0414561664   0.0333633445  -0.0211935578   0.0544144210
  217   0.0137452752   0.1444538486   0.0340468383  -0.0319796425  -0.0246280611
  218  -0.0218124712  -0.0088550790  -0.0033920029  -0.0077094867   0.0053722939
  219  -0.0114691046  -0.0021660175   0.0517460732   0.0108835543   0.0293651987
  220   0.0040593667  -0.0080447379  -0.0336260258   0.0568095825   0.0022492612
  221   0.0298214949   0.0731088228  -0.0705875149  -0.0190431863   0.0454924895
  222   0.0154206700  -0.0509832956  -0.0111395630   0.0355049551  -0.0194332616
  223  -0.0681826777  -0.0014535345  -0.0149992833   0.0013228490  -0.0108659749
  224  -0.0022427583  -0.0114139269  -0.0006951987  -0.0004261289  -0.0060990433
  225   0.0128533624   0.0864986536  -0.0018756032   0.0042616959   0.0197263577
  226   0.0421500800  -0.0072188912   0.0261453571   0.0328437934  -0.0158172653
  227  -0.0011230337   0.0786905632  -0.0894834291   0.0058284559  -0.0284599638
  228   0.0142189217   0.0015625607  -0.0001020117   0.0000783675  -0.0001256632
  229  -0.0000502808   0.0003883968  -0.0002921244   0.0000893217   0.0000502542
  230  -0.0001204691   0.0002661200   0.0003150058  -0.0000390984  -0.0001560589
  231   0.0000430201   0.0000530967   0.0000779961   0.0000642305  -0.0000005494
  232   0.0000083375   0.0000937790  -0.0000576269   0.0000074764  -0.0000144132
  233  -0.0000025852   0.0000791914  -0.0000275621  -0.0000213102   0.0000273158
  234  -0.0000032830   0.0000115398   0.0000127267  -0.0000467928  -0.0000264621
  235  -0.0000041223   0.0000121391  -0.0000246417  -0.0000256622   0.0000324111
  236   0.0000028742   0.0000061607   0.0000212116  -0.0000037580  -0.0000105903
  237   0.0000004711   0.0000161968  -0.0000044138   0.0000011704  -0.0000036423
  238  -0.0000022905  -0.0000076483  -0.0000055677  -0.0000162342   0.0000083603
  239   0.0000004163  -0.0000156279  -0.0000148274  -0.0000093346   0.0000320656
  240  -0.0000067730  -0.0000049602   0.0000082313  -0.0000008694   0.0000004281
  241  -0.0000058297  -0.0000042117  -0.0000051243   0.0000112179  -0.0000088570
  242   0.0000058346  -0.0000032911  -0.0000038881  -0.0000158730  -0.0000215893
  243   0.0000081360   0.0000040753   0.0000057756   0.0000132555  -0.0000095478
  244  -0.0000025028   0.0000031796  -0.0000033055  -0.0000022830  -0.0000020220
  245  -0.0000017525  -0.0000015827  -0.0000015889   0.0000007598  -0.0000002441
  246  -0.0000002122  -0.0000003023   0.0000000983  -0.0000001674  -0.0000001263
  247   0.0000002249   0.0000000507  -0.0000010766   0.0000002636
  3 1   0.0121533606   0.0408235314  -0.0108036489  -0.0781198092  -0.0955260130
  3 2   0.0385196552  -0.1116455052   0.1067676564   0.1192877116  -0.0649450332
  3 3   0.0111158199  -0.0215814066   0.0225580550  -0.1090372775  -0.0118807408
  3 4  -0.2536874962   0.1917889352  -0.1800958057   0.0246991513   0.0845765765
  3 5  -0.1128023098   0.1212932275   0.1345168788  -0.1053078001   0.1740937146
  3 6  -0.0590422407   0.0382527986  -0.0112788109  -0.1857803785   0.0837901771
  3 7  -0.0696361589  -0.0044166855  -0.0612784428   0.0803718719   0.0374570879
  3 8   0.0164984039  -0.0706581329   0.0391160062   0.0167912138  -0.0307997934
  3 9   0.0236309562   0.0004325508   0.0506014375   0.0379033321  -0.0299236306
  310  -0.0248907127  -0.0083770022   0.0223610285  -0.0029129062   0.0189995964
  311  -0.0269013682  -0.0186384867  -0.0150905253  -0.0185465750   0.0070767088
  312  -0.0061588904  -0.0114291912   0.0230913201  -0.0003431480  -0.0073534620
  313   0.0121797824  -0.0300406573  -0.0192290090   0.0341630570  -0.0055049910
  314  -0.0338639733  -0.0465013682  -0.0061327314  -0.0042634552  -0.0049223897
  315   0.0199874778  -0.0254836277   0.0482965894   0.0004909037  -0.0318865860
  316   0.0142141038   0.0388986188   0.0213396674   0.0392196394   0.0484976007
  317   0.0478305632  -0.1004946761   0.0429082992  -0.0087305584   0.0200753823
  318  -0.0224940580  -0.0726921495  -0.1101878461  -0.0103912281  -0.0160551784
  319  -0.0636018817  -0.0124271164  -0.0290978566  -0.0056176937  -0.0195371032
  320   0.0228471024   0.0178234920   0.1218316035   0.0227880069  -0.0240798209
  321  -0.0556229189  -0.0582464018   0.0762442781   0.0707134046   0.0442978378
  322   0.0244154929   0.0201224850   0.0131856352   0.0088096271   0.0160909162
  323   0.0871080628   0.0075132042   0.0089627424   0.0024316223   0.0014015382
  324  -0.0124452184   0.0078415377  -0.0015867623   0.0011229449   0.0028842359
  325  -0.0160098422  -0.0470182915  -0.0050123838  -0.0058811001  -0.0120998959
  326  -0.0271336435   0.0033527469  -0.0076299696   0.0115566524  -0.0117836694
  327   0.0037311028  -0.0309465224   0.0399221857  -0.0023515990   0.0119443923
  328  -0.0018852460   0.0002636950  -0.0002781448  -0.0003363030  -0.0004005243
  329  -0.0005405431  -0.0000542279  -0.0000457623   0.0001627503   0.0000717258
  330  -0.0000165987  -0.0005210530  -0.0003292600   0.0000619296   0.0001493493
  331   0.0000185658   0.0001568033  -0.0000657260   0.0000179391   0.0000014694
  332  -0.0000578417  -0.0000748329  -0.0000653110  -0.0000268640  -0.0000202482
  333  -0.0000003822   0.0000056871  -0.0001091068  -0.0000108476   0.0000582068
  334  -0.0000047362  -0.0000191976  -0.0000167431  -0.0000304888   0.0000063862
  335  -0.0000181359   0.0000008155  -0.0000034033   0.0000052744   0.0000017755
  336   0.0000004585  -0.0000139014   0.0000061448  -0.0000005328  -0.0000201970
  337  -0.0000091302   0.0000045632   0.0000123457  -0.0000180288  -0.0000116719
  338  -0.0000166402  -0.0000088964  -0.0000048971  -0.0000331178   0.0000206792
  339  -0.0000161542  -0.0000004221  -0.0000111500   0.0000295188   0.0000236791
  340  -0.0000047623  -0.0000013365  -0.0000093807   0.0000050757  -0.0000081245
  341   0.0000042458   0.0000030620   0.0000003850   0.0000081779  -0.0000022738
  342  -0.0000144457  -0.0000037476  -0.0000106631  -0.0000056942  -0.0000131404
  343   0.0000003822   0.0000100055  -0.0000069492  -0.0000290085  -0.0000423597
  344   0.0000618265  -0.0000086276  -0.0000062500   0.0000014141  -0.0000015666
  345   0.0000026923   0.0000032294  -0.0000001125   0.0000002869   0.0000004306
  346   0.0000007417   0.0000002342  -0.0000002166  -0.0000001717  -0.0000004665
  347  -0.0000004300   0.0000006474  -0.0000005772  -0.0000004544
  4 1  -0.0011892900   0.0025744741   0.0070647239  -0.0127065862   0.0000385469
  4 2   0.0311960456   0.0641300239   0.0460658590  -0.0206173668  -0.1159774852
  4 3   0.0053955917  -0.0025624311  -0.0166592725  -0.0288013117   0.0097515550
  4 4  -0.0233817053   0.0053769509  -0.0638373419  -0.1681341433  -0.0550821321
  4 5  -0.0175069452   0.0474497164   0.0335194958  -0.0441043281   0.0172566829
  4 6   0.1492817978   0.0193322644  -0.0394232860  -0.0502169840  -0.0303343288
  4 7  -0.0056964763  -0.0014288228   0.0917814960  -0.0733489505   0.0040110857
  4 8  -0.0158690987   0.0464794681   0.0675019820  -0.0240942813   0.0246965098
  4 9   0.0546008207   0.0356674697   0.0104009163   0.0016430190   0.0381647365
  410  -0.0188004653  -0.0120335937  -0.0234613499   0.0071244773   0.0050753027
  411  -0.0165114177  -0.0440103064   0.0131426304  -0.0103490778  -0.0440542747
  412  -0.0248199212   0.0033946563   0.0294597332  -0.0205614305   0.0068855011
  413  -0.0062509476  -0.0203442577   0.0167846272  -0.0150206307   0.0093009552
  414  -0.0161242042   0.0210844020  -0.0071314872   0.0147538235  -0.0112745870
  415  -0.0231458131   0.0180671726  -0.0616288947   0.0374158749   0.0020813426
  416  -0.0639985630  -0.0120221424   0.0030541697  -0.0455416117   0.0183000270
  417   0.0048953393   0.2251182094  -0.0058347936  -0.0330763081  -0.0303477689
  418  -0.0170704794   0.0219992551   0.0563258262   0.0035917701   0.0207197670
  419   0.0168803768   0.0024768592   0.1051219526   0.0163774275   0.0343999457
  420   0.0001876990  -0.0075482574  -0.0427527982   0.1071107159  -0.0037262560
  421   0.0223668287   0.1292543773  -0.1370550587   0.0187364385   0.1212791776
  422   0.0713707643  -0.0611817994  -0.0333524946   0.1176415495  -0.0065910227
  423   0.0529660108   0.0188159491   0.0039043821   0.0053023327  -0.0415792638
  424  -0.0452583055   0.0072345914  -0.0018393781   0.0096491017  -0.0048806090
  425  -0.0631895361  -0.0379701962   0.0038756734   0.0084448022  -0.0286764122
  426  -0.1182415029   0.0095721957   0.0270191748   0.2393398884  -0.2085713981
  427   0.0636227760  -0.1364282236   0.2150682358  -0.0077214537   0.0520352268
  428  -0.0351261402  -0.0007900691   0.0000247270   0.0002402503   0.0003352745
  429   0.0002588957   0.0000455877  -0.0000266112   0.0000463343   0.0000224052
  430   0.0000280556   0.0004127333   0.0002256072  -0.0000472845  -0.0000798153
  431  -0.0000131853  -0.0000784634   0.0000680957  -0.0000133081   0.0000239115
  432   0.0000189904   0.0000622462   0.0000359953   0.0000104101  -0.0000063356
  433  -0.0000060316  -0.0000083732   0.0000552063   0.0000064973  -0.0000164216
  434   0.0000068243   0.0000098338  -0.0000010680   0.0000198034  -0.0000033614
  435  -0.0000128046   0.0000014211  -0.0000036703  -0.0000043407  -0.0000054517
  436  -0.0000048225   0.0000042396  -0.0000009881   0.0000013952   0.0000081003
  437   0.0000035927   0.0000042108   0.0000023467   0.0000072587   0.0000103369
  438   0.0000073315   0.0000053231   0.0000041339   0.0000132750  -0.0000074662
  439   0.0000049413  -0.0000023668   0.0000070370  -0.0000296542  -0.0000192692
  440   0.0000002048  -0.0000039274   0.0000068660  -0.0000029471   0.0000023063
  441  -0.0000113101  -0.0000014416  -0.0000007743  -0.0000009696   0.0000002889
  442   0.0000110470   0.0000009623   0.0000076984   0.0000033459   0.0000086714
  443   0.0000103576   0.0000015849   0.0000134181   0.0000159913   0.0000177233
  444  -0.0000427348   0.0000043079   0.0000045056  -0.0000014196   0.0000016659
  445  -0.0000019969  -0.0000014312   0.0000004738  -0.0000005796  -0.0000004106
  446  -0.0000005267   0.0000001381   0.0000000911   0.0000000587   0.0000001374
  447   0.0000009000  -0.0000003239   0.0000001732   0.0000004359
  5 1  -0.0053251549  -0.0176273451  -0.0395286074   0.0352363537   0.0204781329
  5 2  -0.0342577041  -0.0788102684   0.0595835023  -0.0673710651   0.0819270312
  5 3   0.0318418767  -0.0189034647   0.0153460430   0.0247600149   0.0126130546
  5 4  -0.0116527557   0.0252028208   0.0053970730   0.1093545214  -0.0324686848
  5 5   0.0808467791   0.1421842906   0.0120530355  -0.0147481146  -0.0160258544
  5 6   0.0360549717   0.0792846045   0.0968306333  -0.0561848487  -0.0249948908
  5 7  -0.0482226071  -0.0508710533   0.0788606327   0.0067850693  -0.0770468187
  5 8   0.0172339820   0.0666081372   0.0180199247  -0.1935051625   0.0412318785
  5 9  -0.0090489050   0.0368370751  -0.0895222707   0.0271837023   0.0254764149
  510  -0.1305322124   0.0481818329   0.0767714900   0.0046749003  -0.0097866320
  511   0.0082550120  -0.0255957708   0.0367892344   0.0642781379   0.1048927150
  512  -0.0458975914   0.1192630148  -0.0160758487   0.0110483516  -0.0776695610
  513   0.0163885408  -0.0365364477  -0.0044339043  -0.0612445521   0.0221240114
  514   0.1467059554   0.0476527455   0.0571719020  -0.0718752413   0.0063765073
  515  -0.1077241667   0.0652859474   0.0013687722   0.0207835508   0.0297398395
  516   0.1076684134  -0.0327218980  -0.0076997929  -0.0319871311   0.0510174843
  517   0.1485822196  -0.0749928596  -0.0168956401  -0.0226592067   0.0176837917
  518  -0.0072199613  -0.0148751120  -0.0251431941   0.0149715493   0.0400447227
  519  -0.0536798810  -0.0042432193  -0.0156285173  -0.0084342081  -0.0527685654
  520  -0.0070919838   0.0076762913   0.0966124287  -0.0038308081  -0.0006513983
  521   0.0165455622   0.0379288450  -0.0119917909  -0.0284516854  -0.0221353525
  522   0.0530428308   0.0981980702  -0.0697323821   0.0412744898   0.0048225723
  523   0.0404205218  -0.0117170913  -0.0191349713  -0.0231850720  -0.0421018025
  524   0.0515774271   0.0015850776  -0.0461826674   0.0200206289   0.0055322488
  525   0.0189171630   0.1779725783  -0.0829117448  -0.0398069128   0.0154286116
  526   0.0445623324  -0.0064477003   0.0272000806   0.0790688897  -0.0267781927
  527   0.0742970549  -0.0106735203   0.0293747811   0.0036625552   0.0009167948
  528  -0.0202600881   0.0013552662  -0.0007654027  -0.0001270290  -0.0001327619
  529  -0.0001346107   0.0001362715   0.0000085146  -0.0000109246  -0.0000206785
  530   0.0000046674   0.0000530967   0.0000779272  -0.0000312270  -0.0001104894
  531   0.0000101171   0.0000592407   0.0000267875  -0.0000141964  -0.0000148042
  532   0.0000191552   0.0000151504  -0.0000113274  -0.0000183073   0.0000087494
  533   0.0000020621   0.0000243976  -0.0000108788  -0.0000299744   0.0000139080
  534   0.0000073988   0.0000003024  -0.0000108432  -0.0000366401   0.0000037207
  535  -0.0000023711   0.0000067661   0.0000043464  -0.0000151828   0.0000163068
  536   0.0000036018   0.0000012032   0.0000024687   0.0000047126  -0.0000025949
  537  -0.0000027912   0.0000063023   0.0000089882  -0.0000072398  -0.0000026451
  538  -0.0000026493   0.0000006017  -0.0000180112   0.0000042953   0.0000030679
  539   0.0000012213   0.0000016867  -0.0000056982   0.0000098783   0.0000198019
  540  -0.0000021917  -0.0000001933   0.0000087274   0.0000019774   0.0000014694
  541   0.0000010273  -0.0000045784   0.0000012249  -0.0000075780  -0.0000004064
  542  -0.0000030039  -0.0000130778   0.0000045166  -0.0000060980  -0.0000123810
  543   0.0000074310   0.0000068176   0.0000076114   0.0000026710  -0.0000062426
  544   0.0000084814   0.0000040679  -0.0000035292   0.0000034806  -0.0000020312
  545   0.0000025809  -0.0000014824  -0.0000016106   0.0000002488   0.0000006341
  546   0.0000000344  -0.0000004506   0.0000002552   0.0000000891  -0.0000000645
  547  -0.0000001539   0.0000003187   0.0000013769  -0.0000001884
  6 1   0.0002089026   0.0579323189   0.0434111481  -0.0799901971  -0.0507928615
  6 2   0.0775739980  -0.1071002763   0.0782450793   0.0891976388  -0.0474104542
  6 3  -0.0823936367  -0.0100361904   0.0018394733  -0.1095373998  -0.0642600589
  6 4   0.0212283910  -0.0381448396  -0.0105179149   0.0274919315  -0.0637362617
  6 5   0.0849326798  -0.0535933022  -0.1392277331   0.0856513888  -0.1011039738
  6 6   0.0456249105   0.0927039135   0.2476737274   0.1916308653  -0.0639476486
  6 7   0.0885040888  -0.0305947505   0.1069862515  -0.0657118653   0.0367877362
  6 8  -0.0343283140   0.0681299164  -0.0336407566  -0.0472708991   0.0760848897
  6 9  -0.0404171532   0.0183500749  -0.0861626856  -0.1854321180   0.1518671526
  610   0.0168015686   0.0413900518   0.0338299645   0.0059170773  -0.0192079190
  611   0.0587924747  -0.0255026117   0.0463118838   0.0113254243  -0.0018945895
  612  -0.0227962177   0.0299622241   0.0400546272  -0.0152020858   0.0267302255
  613  -0.0015125317   0.0541232917  -0.0051524560  -0.0754395387   0.0149827905
  614   0.0201640707   0.0300924311  -0.0214972818   0.0761067007   0.0076426676
  615   0.0237443520  -0.0265292156  -0.0007951972   0.0358289958   0.0598396369
  616  -0.1003836781   0.0313007956   0.0338002377  -0.0421704737   0.0190939491
  617   0.0197753993   0.0859227583   0.0120991199  -0.0002264056  -0.0534104380
  618   0.0487942108   0.0747903666  -0.0046887140  -0.0432847687  -0.0111609919
  619  -0.0670725991  -0.0192868427  -0.0371459436  -0.0006886708  -0.0049520070
  620  -0.0102489963   0.0121916843   0.0543825129   0.0009697095   0.0659208317
  621  -0.0887946390  -0.1538467170   0.0397495592   0.0415916317   0.0192465614
  622   0.0117821831  -0.0233215342   0.0161565513  -0.0287459604   0.0220531791
  623  -0.0389214735   0.0025226006   0.0112626481  -0.0010626810   0.0085739780
  624   0.0088305837   0.0024716927   0.0150206813  -0.0010350911  -0.0002831380
  625  -0.0013583418  -0.0201174022   0.0068984200  -0.0008181602  -0.0007905852
  626   0.0014315331  -0.0004513192  -0.0049850099  -0.0199775683   0.0215594240
  627  -0.0042849040   0.0055327283  -0.0133051099   0.0002098053  -0.0023997303
  628   0.0009852954   0.0003172445   0.0004109151  -0.0004284277  -0.0000600791
  629   0.0004287422  -0.0001058828  -0.0000335958  -0.0000855191  -0.0001019907
  630  -0.0000350388  -0.0005568000  -0.0001162088   0.0000544495   0.0000439425
  631  -0.0000784330  -0.0000151672  -0.0000486507   0.0000466132  -0.0000038590
  632   0.0000491718  -0.0000418985  -0.0000355616  -0.0000055334   0.0000097097
  633  -0.0000393363  -0.0000675807  -0.0000520133  -0.0000109308   0.0000193222
  634   0.0000297238   0.0000041788  -0.0000083939   0.0000266367   0.0000221843
  635   0.0000234099  -0.0000105150  -0.0000009387   0.0000125361  -0.0000465003
  636  -0.0000004029  -0.0000198373   0.0000071019  -0.0000026931  -0.0000035335
  637   0.0000012424  -0.0000053510   0.0000180565  -0.0000081093   0.0000070394
  638   0.0000001312  -0.0000124521   0.0000121679  -0.0000045565   0.0000040413
  639  -0.0000188088   0.0000134420   0.0000112033  -0.0000059814  -0.0000264562
  640   0.0000084315   0.0000007326  -0.0000152709   0.0000018196   0.0000030011
  641  -0.0000049003   0.0000040805  -0.0000041314   0.0000034207   0.0000096838
  642  -0.0000201655   0.0000131698   0.0000047122   0.0000147547   0.0000109887
  643  -0.0000322607  -0.0000078076  -0.0000243974  -0.0000073553  -0.0000003929
  644  -0.0000004881  -0.0000062406  -0.0000024334  -0.0000029052   0.0000010836
  645  -0.0000015147   0.0000018844   0.0000010013   0.0000004062  -0.0000001386
  646   0.0000006507   0.0000006859   0.0000001448   0.0000000631   0.0000000306
  647  -0.0000008383   0.0000005974   0.0000008156  -0.0000000047
  7 1  -0.0077997429   0.0038489741   0.0008685917  -0.0062864608   0.0005748521
  7 2   0.0317481301   0.0643582663   0.0453281873  -0.0209795258  -0.1169730590
  7 3  -0.0033699328  -0.0039246100  -0.0148035320  -0.0268529782   0.0028913776
  7 4  -0.0092272635  -0.0022098658  -0.0207551531  -0.0720982652  -0.0463985361
  7 5   0.0001092384  -0.0057631534  -0.0042824990  -0.0603485101   0.0095893232
  7 6   0.0888602538   0.0209776291   0.0157032127   0.0141533542  -0.0380100532
  7 7  -0.0018363917   0.0408642983  -0.0090073399  -0.0812024485  -0.0158516583
  7 8   0.0054118415   0.0282210110   0.0356307198  -0.0022722312  -0.0146432589
  7 9   0.0219561888   0.0064111797  -0.0089851986  -0.0180720266  -0.0210289440
  710   0.0086617237  -0.0290150081  -0.0157830357   0.0030065348   0.0070939350
  711   0.0049818355  -0.0408510289  -0.0523922417   0.0460365720  -0.0260262657
  712  -0.0026584216   0.0134305682   0.0370331697  -0.0026902928   0.0067976757
  713   0.0359840694  -0.1140998808   0.0270348280   0.0390055174  -0.0375603268
  714   0.0068065359  -0.0345072086   0.0297152714  -0.0192136450  -0.0130835229
  715  -0.0987344957   0.0187557646  -0.1025446293   0.0911344579  -0.1323447307
  716   0.0074857655  -0.0443658850  -0.0303374629  -0.0413756402   0.0210784234
  717  -0.0718033347   0.1985643396  -0.0402969250  -0.0278610720   0.0250670851
  718  -0.0523023935  -0.0434581066   0.0190861500   0.0503843030   0.0573153662
  719  -0.0032886623   0.0104145577   0.0129850274  -0.0119691604   0.0045497529
  720   0.0099272322   0.0073427898   0.0457254842   0.0672184284  -0.0319522854
  721  -0.0610403157   0.0135533623   0.0451836387   0.0343173939  -0.0720735881
  722   0.0502957191   0.0807916992   0.0079946067   0.0073097424   0.0513636270
  723   0.1931080208  -0.0204821543   0.0309308483  -0.0294752441   0.0151816517
  724   0.0168610386   0.0298095538  -0.0153860184   0.0061130713   0.0085805296
  725  -0.0782248834  -0.0715770450  -0.1102762333  -0.0080982585  -0.0121865037
  726   0.0485454676   0.0029008866  -0.0496207096  -0.2645319663   0.2238675336
  727   0.0032886643   0.0429213135  -0.1497850503   0.0073283281  -0.0358125533
  728   0.0240774569  -0.0001560500  -0.0001694220   0.0005419207  -0.0000019186
  729  -0.0001006701   0.0001842033  -0.0000853577  -0.0001042689   0.0000040032
  730   0.0000072166   0.0003022807   0.0000509560  -0.0000339327  -0.0001335505
  731   0.0000313035   0.0000359099  -0.0000221358   0.0000040331  -0.0000030559
  732   0.0000183581   0.0000165610   0.0000026402   0.0000011261  -0.0000215171
  733  -0.0000127222   0.0000348550   0.0000004737  -0.0000055837   0.0000045748
  734  -0.0000301921  -0.0000066972   0.0000228744  -0.0000161280  -0.0000107304
  735   0.0000061262   0.0000001018   0.0000028396  -0.0000083046   0.0000185855
  736   0.0000042979   0.0000024328   0.0000101537  -0.0000029217   0.0000030198
  737  -0.0000018572   0.0000058663  -0.0000115962   0.0000106528  -0.0000028703
  738   0.0000025040   0.0000092814  -0.0000025400   0.0000033688  -0.0000046990
  739   0.0000037461  -0.0000078643  -0.0000067199   0.0000078563   0.0000027034
  740  -0.0000015075   0.0000056168   0.0000058178  -0.0000000452   0.0000030271
  741  -0.0000020164  -0.0000041810  -0.0000029741   0.0000034967  -0.0000076055
  742   0.0000056611  -0.0000059265  -0.0000031314  -0.0000097840  -0.0000052677
  743  -0.0000066106  -0.0000034779  -0.0000074967   0.0000124167   0.0000032146
  744   0.0000028122   0.0000030970  -0.0000011809   0.0000000233   0.0000000090
  745  -0.0000001546  -0.0000012830   0.0000001108   0.0000005079  -0.0000002183
  746  -0.0000000306  -0.0000002853   0.0000002609   0.0000003220  -0.0000001949
  747  -0.0000007029   0.0000000483   0.0000005126  -0.0000002378
  8 1   0.0065856775  -0.0060576974  -0.0274747270   0.0069630003   0.0208320231
  8 2  -0.0302889899  -0.0703680497   0.0405552292  -0.0675636164   0.0245821253
  8 3   0.0275377596  -0.0122281298   0.0011785381   0.0085780610   0.0108054705
  8 4  -0.0011345923  -0.0199774540  -0.0321230973  -0.0381513347   0.0078036787
  8 5   0.0079725067   0.1962627829  -0.0370067125   0.0838732536   0.0287044042
  8 6   0.0755256785   0.0032952827   0.0805954852  -0.0586957576  -0.0279241337
  8 7  -0.0066728869  -0.0731143768   0.0545086271  -0.0019994432  -0.1224016834
  8 8   0.0033888229   0.0674879674  -0.1196605811  -0.0798129698   0.0408322038
  8 9   0.0298556546  -0.0178722437   0.0275864263  -0.0293996140  -0.1094990397
  810   0.0418371479   0.0197216102  -0.0841019994  -0.0100862466  -0.0187279100
  811   0.0367728081   0.0804689477  -0.1279918766  -0.1085933493  -0.0869825330
  812   0.0484981807  -0.0960705341  -0.0939157981   0.0707166215   0.0511905200
  813   0.1322061733   0.0154883243   0.0869639843  -0.0543620661  -0.0892068545
  814  -0.0343824609  -0.0420667992  -0.0580978045   0.0963403514   0.0749370388
  815  -0.0007639645  -0.1909792758   0.0468066857   0.0219190318  -0.1172677266
  816  -0.1450972076   0.0293247295   0.0375552485  -0.0592304124  -0.0904748861
  817  -0.0586007060   0.0090335234  -0.0303957644   0.0393387822   0.0215094684
  818  -0.0138325784  -0.0332754318  -0.0460234584   0.0043090817  -0.0482437992
  819  -0.0363382590  -0.0121292143  -0.0268727981  -0.0054346923  -0.0173819219
  820  -0.0256898682  -0.0133913532   0.0396777978  -0.0856819367   0.0042876113
  821   0.0587275869   0.0329493321  -0.0360080014  -0.0680950910  -0.0818201869
  822   0.0505694939   0.0479393117  -0.0403288669   0.0310556764   0.0107559324
  823  -0.0598215386  -0.0666429040  -0.0098128382  -0.0272287607   0.0191419729
  824   0.0310687150  -0.0025787530   0.0023928045   0.0068219675  -0.0087016127
  825  -0.1047455486   0.0219343817  -0.0775217814   0.0818664483  -0.0415825390
  826  -0.0427413229   0.0037879877   0.0058714453  -0.0022942357  -0.0589329738
  827   0.0233664943  -0.0016422507   0.0069961183   0.0048742576  -0.0196426251
  828   0.0090407934   0.0008486922  -0.0000898319   0.0001433433  -0.0000729251
  829   0.0003150982   0.0002941266  -0.0002018489   0.0001617288   0.0000227257
  830  -0.0000780024   0.0000150989  -0.0000593328   0.0001175604  -0.0000115346
  831   0.0000609823   0.0000021828   0.0000434249   0.0000171328  -0.0000077960
  832  -0.0000027314   0.0000809655  -0.0000616443   0.0000088828   0.0000345101
  833  -0.0000514089  -0.0000247062  -0.0000010571  -0.0000220153   0.0000104843
  834   0.0000192667   0.0000118982  -0.0000237526  -0.0000187609  -0.0000043769
  835  -0.0000024143  -0.0000027744  -0.0000191794  -0.0000014717  -0.0000047826
  836  -0.0000004033  -0.0000012702   0.0000038219   0.0000004882  -0.0000032451
  837   0.0000025574  -0.0000027607   0.0000095338  -0.0000009268   0.0000043371
  838  -0.0000009597   0.0000023587  -0.0000021904  -0.0000046538  -0.0000020359
  839  -0.0000148482   0.0000041867   0.0000020124  -0.0000096836  -0.0000048060
  840  -0.0000025491  -0.0000006395  -0.0000072609  -0.0000007193   0.0000017120
  841   0.0000030966  -0.0000019724  -0.0000005169   0.0000045609  -0.0000003200
  842  -0.0000145342   0.0000147704  -0.0000000635   0.0000033481  -0.0000129523
  843  -0.0000064285   0.0000004830  -0.0000154279  -0.0000034030  -0.0000064219
  844  -0.0000093893   0.0000007277  -0.0000015560  -0.0000013004  -0.0000022009
  845  -0.0000008976  -0.0000008041  -0.0000020270   0.0000003134   0.0000001379
  846  -0.0000000876   0.0000001448  -0.0000000509   0.0000001340   0.0000001908
  847  -0.0000035017   0.0000008076   0.0000004654   0.0000001617
  9 1  -0.0169126511   0.0367507962   0.0351614239   0.0085709991  -0.0056937985
  9 2   0.1175489837  -0.1027467771   0.0493973157   0.0586598139  -0.0296732081
  9 3  -0.0681461555  -0.0215949145   0.0012431940  -0.0353680137  -0.0387626566
  9 4   0.1015193203  -0.0948967742   0.1047640399   0.0151417748  -0.0429094683
  9 5   0.1905062542   0.0111332311  -0.1425529006  -0.0118663535  -0.0145437581
  9 6  -0.0047500665  -0.0165017503  -0.0637295365  -0.0918816978   0.0046777280
  9 7  -0.0276066070  -0.0139161020  -0.0132318815   0.0122570164  -0.0849644263
  9 8   0.0372904932   0.0022464348   0.0449315422  -0.0103548645  -0.0069029788
  9 9   0.0478407152  -0.0015672035   0.0631777966   0.2889681834  -0.2224242638
  910  -0.0427877963   0.0108294939  -0.1069471978   0.0161205534   0.0612818515
  911  -0.1236851006   0.0343867720  -0.0756042253  -0.0230731672  -0.0246581983
  912   0.0095524042  -0.0518744775  -0.0655956897   0.0225633247  -0.0038799168
  913   0.0227252450  -0.0184010430  -0.0146841272  -0.0206209073  -0.0750773663
  914  -0.0368596569   0.0469247210  -0.0047286621  -0.0198800113   0.0011946418
  915  -0.0268887591   0.0231417157   0.0161732988  -0.0024210827   0.0416021128
  916   0.0494512367  -0.0264636953   0.0065967881  -0.0360422551  -0.0122493876
  917   0.1379772122   0.0938620956  -0.0419908607  -0.0442441400  -0.0562576768
  918   0.0257576137   0.0694517138   0.0656853130  -0.0264859851  -0.0219842080
  919  -0.0474253288   0.0132352300  -0.1007138338  -0.0057206168   0.0694451261
  920   0.0339012293  -0.0018460664   0.0287322924   0.0526154575  -0.0047336360
  921  -0.0294420775  -0.0401190915   0.1001928844   0.0244487444  -0.0461371427
  922  -0.0743446958  -0.0015163507   0.0323667753  -0.0608130705  -0.0188636045
  923   0.0365979437   0.0030379418  -0.0115560574   0.0124084350  -0.0105824187
  924  -0.0275926190  -0.0071379285  -0.0133251938  -0.0074801815  -0.0003370251
  925   0.0253861239   0.0034359043   0.0193330888  -0.0101542164   0.0064493037
  926   0.0032686327  -0.0023422533   0.0041625973   0.0112830319   0.0002820905
  927  -0.0061880934   0.0003719099   0.0024182163  -0.0019155895   0.0027202729
  928  -0.0020681714   0.0001744221   0.0007678871  -0.0000835783  -0.0000037121
  929   0.0002857351  -0.0000556823   0.0000016248  -0.0000688350   0.0000013231
  930  -0.0001683258   0.0003097556  -0.0001491806   0.0001154361   0.0000194361
  931   0.0001248635  -0.0000119788   0.0000784415   0.0000704803   0.0000063937
  932   0.0000240719   0.0000500600  -0.0000060326   0.0000381452   0.0000532563
  933  -0.0000403830  -0.0000497358   0.0000620534  -0.0000080874   0.0000199282
  934   0.0000222279   0.0000052691  -0.0000020401   0.0000202635  -0.0000059021
  935   0.0000382296  -0.0000152244  -0.0000009808   0.0000161348   0.0000107915
  936  -0.0000044579  -0.0000129758  -0.0000122236  -0.0000163487  -0.0000203303
  937   0.0000077449   0.0000008899   0.0000026370   0.0000105180   0.0000155075
  938   0.0000046025  -0.0000113724   0.0000194099  -0.0000457963  -0.0000034040
  939  -0.0000135679  -0.0000037723  -0.0000199024  -0.0000321963  -0.0000365135
  940  -0.0000099903   0.0000054755  -0.0000151059   0.0000022139   0.0000061632
  941  -0.0000066511  -0.0000030454  -0.0000003428   0.0000046679   0.0000003450
  942  -0.0000203288   0.0000198442   0.0000039633  -0.0000037430   0.0000033001
  943  -0.0000280839  -0.0000106325  -0.0000349847   0.0000161330  -0.0000115454
  944  -0.0000309852  -0.0000131037  -0.0000048814  -0.0000040838   0.0000027228
  945  -0.0000028065   0.0000029380   0.0000019096   0.0000017565  -0.0000004037
  946   0.0000007139   0.0000006843  -0.0000000536  -0.0000000179  -0.0000000906
  947   0.0000008353   0.0000002590  -0.0000008150   0.0000003854
 10 1  -0.0049549519  -0.0022908777  -0.0138898832  -0.0134399280   0.0004902232
 10 2   0.0316272395   0.0642666329   0.0455772281  -0.0209199454  -0.1164150987
 10 3  -0.0000939489  -0.0021134152  -0.0152557797  -0.0234473315   0.0078009589
 10 4   0.0136064460  -0.0185776014  -0.0045699658   0.0143462812  -0.0216020382
 10 5   0.0247546215  -0.0088671300  -0.0038867541  -0.0503919551   0.0163513215
 10 6   0.0747664637  -0.0090527508   0.0075029575  -0.0027492499  -0.0334832946
 10 7  -0.0013398254   0.0698626943  -0.0790895994  -0.0821940497  -0.0601461920
 10 8   0.0499916079  -0.0064530001   0.0853327166  -0.0558833901  -0.0721971200
 10 9  -0.0641416723  -0.0127729867  -0.0605252076  -0.0196361562  -0.0669229078
 1010  -0.0020035032  -0.0263870844   0.0315433754  -0.0104603953  -0.0038002721
 1011   0.0021986389  -0.0232626414  -0.0324618959   0.0744587269  -0.0276523658
 1012   0.0067336587   0.0271370560   0.0501381256  -0.0306464536   0.0216541198
 1013   0.0143014394  -0.0368726980   0.0157791326  -0.0022446242  -0.0139232156
 1014   0.0379360899   0.0338304407   0.0306837757   0.0927706196  -0.0177052910
 1015  -0.0830938010   0.0682227444  -0.1267408647   0.1117135279  -0.0284400793
 1016  -0.0389036856  -0.0219368087  -0.0321324747  -0.0567737508  -0.0378270035
 1017  -0.1597468930   0.0224028456  -0.0163348767  -0.0376497120   0.0349312311
 1018  -0.0376016852  -0.1210537975  -0.0473706356   0.0005244458  -0.0871714485
 1019   0.0125908018  -0.0172910100  -0.0184632975  -0.0149341316  -0.0421085896
 1020   0.0126507080   0.0080620112   0.1196789316  -0.1043195547  -0.0056747759
 1021  -0.0127167642  -0.1125273051   0.0798525008   0.0283115311  -0.0220874575
 1022  -0.0951163304   0.0575693643   0.0191030483  -0.0529207449  -0.0187769977
 1023  -0.1257603312  -0.0201547661  -0.0248629425   0.0106096517   0.0427282586
 1024   0.0234288946  -0.0260811939   0.0272372092  -0.0167961843   0.0024647653
 1025   0.1323162194   0.1041289956   0.1969194853   0.0018009066  -0.0407994566
 1026   0.0144587104  -0.0055229884   0.0184859454   0.1315474485  -0.1510442794
 1027  -0.0585668736   0.0120842741   0.1272231022  -0.0044805669   0.0125857879
 1028  -0.0301609457   0.0006271050   0.0004293783  -0.0005528289  -0.0000425947
 1029   0.0002811468  -0.0000749657  -0.0000787799  -0.0000271226  -0.0000161901
 1030  -0.0000222614  -0.0003744908  -0.0000795226   0.0001385966   0.0001170458
 1031   0.0000886792   0.0000137857   0.0000232936  -0.0000064974   0.0000059638
 1032  -0.0000769531   0.0000121647  -0.0000037116   0.0000568539   0.0000040080
 1033   0.0000505037  -0.0000129030  -0.0000003777   0.0000064960  -0.0000177910
 1034   0.0000106708   0.0000080416   0.0000124207   0.0000065913   0.0000238863
 1035   0.0000210869  -0.0000221703  -0.0000142937   0.0000089616  -0.0000448155
 1036  -0.0000097170  -0.0000071484  -0.0000130440   0.0000025425  -0.0000087098
 1037  -0.0000012230  -0.0000005574   0.0000070555   0.0000003767   0.0000002037
 1038   0.0000018640  -0.0000017886   0.0000066377  -0.0000054283  -0.0000019071
 1039  -0.0000001775  -0.0000000496   0.0000204994  -0.0000146633   0.0000009949
 1040   0.0000050214  -0.0000099337  -0.0000014313   0.0000053116  -0.0000064086
 1041   0.0000007692   0.0000037964  -0.0000014740   0.0000041408   0.0000049028
 1042  -0.0000025574   0.0000052017   0.0000035811   0.0000006297  -0.0000087347
 1043   0.0000112887  -0.0000147433  -0.0000041806  -0.0000061090   0.0000143593
 1044  -0.0000014988  -0.0000042919   0.0000003649  -0.0000034639  -0.0000018306
 1045  -0.0000026340   0.0000014907  -0.0000017348  -0.0000000154  -0.0000003335
 1046   0.0000004333   0.0000007732  -0.0000001706  -0.0000006281   0.0000005537
 1047   0.0000001655  -0.0000005080  -0.0000004542   0.0000002939
 11 1   0.0159849293   0.0024827001  -0.0331279437  -0.0144068726   0.0208919515
 11 2  -0.0251957884  -0.0624250954   0.0213981584  -0.0680142854  -0.0330753590
 11 3   0.0084152330  -0.0077951062  -0.0039538747  -0.0010444809   0.0001574633
 11 4   0.0174576825  -0.0382135120   0.0140643049  -0.0421353731   0.0549118801
 11 5  -0.0484463126   0.1407192436  -0.0831129701   0.1045770403   0.0479971450
 11 6   0.0785191835  -0.0547122403   0.0157518677   0.0034136428   0.0293893166
 11 7  -0.0077239031   0.0332389908  -0.0648492417  -0.0993669037  -0.0751742726
 11 8  -0.0199704267   0.0059177602  -0.0867950992   0.0985605804   0.0103590804
 11 9   0.0633905786  -0.0240133472   0.0520576792  -0.1349035900  -0.0585948229
 1110   0.2155505885  -0.0866625592   0.0548984905  -0.0676961722  -0.0188634382
 1111  -0.0606856676   0.0119703576  -0.0236677350   0.0041636224  -0.0044877850
 1112  -0.1397655103   0.0214954881   0.1356258252  -0.0093641891  -0.0815176961
 1113   0.0032544004  -0.0122468254  -0.0875520353  -0.0008090951  -0.1250676437
 1114  -0.0190596513  -0.0185031104   0.0734912024  -0.0379355862  -0.0266177626
 1115   0.0250179793   0.1283726601   0.0005917618   0.0017844464   0.1783519139
 1116   0.0607344961  -0.0099040167  -0.0136951554  -0.0606304446  -0.0257227123
 1117   0.1038480002  -0.0412524903   0.0209896430  -0.0563830335  -0.0309063482
 1118  -0.0184819509   0.0218125398  -0.0168014284   0.0048630159  -0.0150976270
 1119   0.0773687992  -0.0069594514  -0.0332108762  -0.0023426725  -0.0401059812
 1120   0.0027845828   0.0108387827   0.0375694507  -0.0653201206   0.1034214584
 1121   0.0272078978  -0.0005045711  -0.0517731231  -0.0244607645   0.0082922048
 1122  -0.0322741419  -0.0685171306  -0.0335510552   0.1101925233   0.0039118681
 1123   0.0751654577  -0.0671712155  -0.0038229280  -0.0017667076   0.0151772500
 1124  -0.0545805456  -0.0030888080   0.0133436863  -0.0105750285  -0.0116325522
 1125  -0.1056713119   0.0270640072   0.0761592609  -0.0236778899  -0.0679528119
 1126   0.0325205973   0.0002224246  -0.0309518850  -0.0040493788   0.0743152685
 1127   0.0572037901  -0.0175257376   0.0212433034   0.0097094572  -0.0154183461
 1128  -0.0365331684   0.0018095554   0.0002615515  -0.0003105905   0.0002199111
 1129   0.0002514805   0.0001834802  -0.0003194105  -0.0001965427  -0.0000717651
 1130  -0.0000898167  -0.0003570293  -0.0001145486   0.0001006630   0.0000572330
 1131   0.0000808312   0.0000404076  -0.0000333249   0.0000481569   0.0000081723
 1132   0.0000441912   0.0000656265  -0.0000826591  -0.0000110267  -0.0000108072
 1133  -0.0000088294  -0.0000289991  -0.0000417165   0.0000160979   0.0000036380
 1134   0.0000187130   0.0000218888  -0.0000052106  -0.0000107035  -0.0000217475
 1135  -0.0000073993   0.0000011962  -0.0000232059  -0.0000089021  -0.0000035434
 1136   0.0000002509  -0.0000027987   0.0000056808  -0.0000072167  -0.0000046168
 1137   0.0000010792  -0.0000024495  -0.0000046592  -0.0000085149  -0.0000028281
 1138  -0.0000006079  -0.0000025493   0.0000124978  -0.0000212958   0.0000055791
 1139  -0.0000140988  -0.0000078766  -0.0000094968  -0.0000010670   0.0000059291
 1140  -0.0000003310   0.0000020866   0.0000015125   0.0000015199   0.0000008953
 1141   0.0000068371   0.0000046955  -0.0000017385   0.0000041700  -0.0000038773
 1142  -0.0000069431   0.0000107437  -0.0000042828  -0.0000014099  -0.0000120979
 1143   0.0000106515   0.0000037437  -0.0000174811  -0.0000192183   0.0000024708
 1144   0.0000000570  -0.0000018332  -0.0000039970  -0.0000041578  -0.0000015561
 1145  -0.0000023049   0.0000002818  -0.0000007718   0.0000009964  -0.0000001036
 1146   0.0000002972   0.0000002589   0.0000000410  -0.0000001880  -0.0000005112
 1147  -0.0000008000  -0.0000000903   0.0000001528  -0.0000005784
 12 1   0.0033428101   0.0059969223   0.0857151156   0.0669794979   0.0403473424
 12 2   0.1552158455  -0.0971055324   0.0204273008   0.0285382064  -0.0118751533
 12 3  -0.0715282585  -0.0378202698   0.0193203970   0.0231176392  -0.0298197862
 12 4   0.0844417780  -0.0459333703   0.1164893100  -0.0150379187   0.0301878074
 12 5   0.0413212972   0.0327334194  -0.0254061661  -0.0360271023   0.1085743373
 12 6  -0.0088154066  -0.1121390944  -0.2502922887  -0.2404297074   0.0552876128
 12 7  -0.0365914641   0.0361752252  -0.0244013701  -0.0680946143  -0.0510389289
 12 8   0.0402968394   0.0444650904   0.0073261096   0.0292279786   0.0027767028
 12 9   0.0017629583  -0.0066024611  -0.0255781919  -0.2120840565   0.1588121657
 1210   0.0625743652  -0.0744428210   0.1069285936  -0.0191547233  -0.0438148289
 1211   0.1104457348  -0.0110962458   0.0308437827  -0.0414043831   0.1040782396
 1212  -0.0331321642  -0.0220421215   0.0807495273   0.0009805326   0.0231700774
 1213  -0.0055595159  -0.0107427250   0.0019165146  -0.0306298250   0.0164138620
 1214   0.0157296612  -0.0827094661  -0.0274073180  -0.0371593303   0.0139219275
 1215  -0.0097275517  -0.0653944429   0.0206991213  -0.0283654094  -0.1039550884
 1216  -0.0795364539   0.0005287016   0.0036485237  -0.0050443720  -0.0177834001
 1217   0.0795860958   0.0815295152  -0.0330737551   0.0037082774   0.0798529873
 1218  -0.0207240726   0.0233670675   0.0304222924   0.0275767961  -0.0231692054
 1219   0.0225677167   0.0240004761  -0.1092217893  -0.0095555064   0.0583498897
 1220   0.0408552148  -0.0037457718  -0.0084350884  -0.0043278660  -0.1197244188
 1221  -0.0072483086  -0.0095107145   0.0692981764   0.0057386922   0.1250942102
 1222   0.0624945221   0.0154641017   0.0126587647  -0.0423229564  -0.0029776387
 1223  -0.0884190175   0.0563700730   0.0000473375   0.0037927125   0.0010350247
 1224   0.0305595663   0.0062752945   0.0094626450   0.0062366567   0.0022011246
 1225   0.0310782806   0.0029537451  -0.0148035258   0.0117981135   0.0199072100
 1226  -0.0092400186  -0.0009876570   0.0083638016   0.0070499838  -0.0140014952
 1227  -0.0094014744  -0.0007042350  -0.0035026293  -0.0030755788   0.0039381956
 1228   0.0069509761  -0.0002389530   0.0006474880  -0.0000532420  -0.0000917498
 1229   0.0006634720  -0.0000095857  -0.0000016332  -0.0002900473  -0.0000380240
 1230  -0.0001190004   0.0002696205   0.0000742019   0.0000430781  -0.0000403726
 1231   0.0000254856  -0.0000380641   0.0000672519   0.0000574053  -0.0000342672
 1232   0.0001039075   0.0001163696  -0.0000642148  -0.0000081272  -0.0000300743
 1233  -0.0000663537  -0.0000908873   0.0000339588  -0.0000069000   0.0000145558
 1234   0.0000172786   0.0000107073   0.0000324893   0.0000251478  -0.0000028290
 1235  -0.0000089158  -0.0000210852  -0.0000137956   0.0000100248  -0.0000190224
 1236  -0.0000012384  -0.0000084289  -0.0000024701  -0.0000106237  -0.0000146938
 1237   0.0000069564   0.0000031166  -0.0000107894   0.0000058277   0.0000144621
 1238   0.0000021980   0.0000053648   0.0000109056  -0.0000205529  -0.0000072274
 1239  -0.0000097717  -0.0000052482  -0.0000055517  -0.0000308862  -0.0000260162
 1240  -0.0000068726   0.0000017203  -0.0000000860   0.0000039558   0.0000026229
 1241  -0.0000034950  -0.0000005224   0.0000044308   0.0000045471  -0.0000006376
 1242  -0.0000150245   0.0000123024   0.0000056939  -0.0000146608  -0.0000018020
 1243  -0.0000114690  -0.0000158210  -0.0000259572   0.0000092364   0.0000162665
 1244  -0.0000441488  -0.0000059137  -0.0000019856  -0.0000050724  -0.0000001219
 1245  -0.0000033950   0.0000008179  -0.0000000774   0.0000011188  -0.0000003648
 1246   0.0000003560   0.0000007452  -0.0000001036   0.0000002652  -0.0000003701
 1247  -0.0000002711  -0.0000000095  -0.0000001728  -0.0000000709
 13 1  -0.0171314210  -0.0045555242  -0.0554599846  -0.0183610511   0.0021356543
 13 2   0.0329540563   0.0643624644   0.0447554625  -0.0220046515  -0.1151131228
 13 3  -0.0019688239   0.0027836797  -0.0208534941  -0.0205647537   0.0095712041
 13 4   0.0422606606  -0.0295571850   0.0189212566   0.1090698565   0.0037928961
 13 5   0.0148748428  -0.0111701051   0.0155137964  -0.0420933660   0.0462968144
 13 6   0.1157331012  -0.0126916472  -0.0223762707  -0.0419747388  -0.0316062906
 13 7  -0.0473953135   0.0792508804  -0.0762066143  -0.0514767196  -0.0651309542
 13 8   0.0895065906  -0.0304915234   0.1022401828  -0.1725998233  -0.1443910232
 13 9  -0.1579226276  -0.0319195246  -0.1329447373  -0.1152805135  -0.0185722954
 1310  -0.0054044254   0.0801187818  -0.0145195792  -0.0068976300  -0.0308663539
 1311   0.0137604236   0.0426494505  -0.0741710301   0.1531490575  -0.1739234420
 1312   0.0584767461  -0.0096484916  -0.0259549583   0.0075641757  -0.0262199044
 1313   0.0186923215   0.0341771393  -0.0088735923   0.1007409687  -0.0320233150
 1314  -0.0499053835   0.0571437100   0.0047639159  -0.0841852207   0.0816531392
 1315   0.1643906402   0.0034887880   0.0114250202   0.0231363185   0.0980006967
 1316   0.0560753417  -0.0114907268   0.0182714536  -0.0092189666   0.0358512852
 1317   0.0337527423  -0.0498663467   0.0150664723  -0.0296508620  -0.0086881980
 1318   0.0324306963   0.0183984435   0.0171672525  -0.0040256513  -0.0103477099
 1319   0.0064726812   0.0084734667  -0.0139485957  -0.0066731021  -0.0838134657
 1320   0.0155930876   0.0074352162  -0.0198288503  -0.0307304188   0.0092389540
 1321   0.0373409494  -0.0493707731   0.0484620238  -0.1260170723   0.0885263688
 1322   0.0364151162  -0.0502355780  -0.0280535745  -0.0732449629  -0.0215977890
 1323  -0.0495664011   0.1051660619  -0.0004530452   0.0239353508  -0.0550011961
 1324  -0.0195919699  -0.0011253015  -0.0108225391   0.0135610182  -0.0090779517
 1325  -0.0715572504  -0.0875586174  -0.1410506476  -0.0203677839   0.0930625504
 1326  -0.0252382506   0.0000962331   0.0195862760  -0.0211676294   0.0750801924
 1327   0.0171837650  -0.0219030943  -0.0823814273  -0.0015301314   0.0027036450
 1328   0.0260552343  -0.0009529707  -0.0004151613   0.0001616646  -0.0002357573
 1329  -0.0004358658  -0.0001943528   0.0002729073   0.0000206770   0.0000629942
 1330  -0.0000491658   0.0003284305   0.0000893787  -0.0000711560  -0.0000683363
 1331  -0.0000038209   0.0000277980  -0.0000223430   0.0000286671   0.0000101198
 1332  -0.0000360587   0.0000205604  -0.0001460124  -0.0000096385   0.0000080647
 1333  -0.0000151010  -0.0000259481  -0.0000240602  -0.0000031491   0.0000172113
 1334  -0.0000061819  -0.0000221174  -0.0000330105  -0.0000027922  -0.0000277317
 1335   0.0000027786   0.0000154132  -0.0000015822  -0.0000110574   0.0000249403
 1336   0.0000134815  -0.0000015750   0.0000138707  -0.0000004714  -0.0000053447
 1337  -0.0000070211  -0.0000051961  -0.0000012293  -0.0000160473  -0.0000039301
 1338  -0.0000071263  -0.0000068247   0.0000004726  -0.0000173785   0.0000145694
 1339  -0.0000110181   0.0000001460  -0.0000199598   0.0000245866  -0.0000087950
 1340  -0.0000095086   0.0000098385  -0.0000132460  -0.0000003408   0.0000015511
 1341   0.0000018699   0.0000029313   0.0000053123  -0.0000018894  -0.0000012012
 1342  -0.0000066746   0.0000094444  -0.0000101770   0.0000043989   0.0000040330
 1343  -0.0000152825   0.0000040465  -0.0000061423  -0.0000085500  -0.0000371032
 1344   0.0000073227  -0.0000049844  -0.0000045817   0.0000039984   0.0000011137
 1345   0.0000037874   0.0000017582   0.0000017023   0.0000011295   0.0000005396
 1346   0.0000002667  -0.0000002356  -0.0000002113  -0.0000004632  -0.0000007639
 1347  -0.0000001385   0.0000001329  -0.0000002280  -0.0000014615
 14 1  -0.0089841891   0.0343544060  -0.1038058763  -0.0280116176   0.0217787311
 14 2  -0.0230715133  -0.0527919916   0.0019040967  -0.0677572710  -0.0919576820
 14 3  -0.0011406909   0.0079398847  -0.0317642286  -0.0057033346  -0.0023657913
 14 4   0.0674004140  -0.0300036544   0.0963253444   0.0379205702   0.0730085169
 14 5  -0.0689151020   0.0736298041  -0.0130919526   0.0819494328   0.0585172140
 14 6   0.0345451663   0.0101022080  -0.0433708253   0.0783613524   0.1113869872
 14 7   0.0411814145   0.0720362264  -0.0950953817  -0.0601659132   0.1176218464
 14 8   0.0058260892  -0.0856436817   0.0523929107  -0.0135472413   0.0007952212
 14 9   0.0412730387   0.0241248009  -0.1025763921   0.0596879120   0.0676880910
 1410   0.0525908624   0.0198994929   0.0978964204  -0.0225914532   0.0093245212
 1411  -0.1734124123  -0.0946699383  -0.0107561099   0.0129948485   0.0284306113
 1412   0.0071005208   0.1245685160  -0.1327164372   0.0097900752   0.0609663446
 1413   0.0459614243   0.0225848504   0.0650056832  -0.0146032807   0.0378737391
 1414   0.0409743320   0.0901115646  -0.0491682189   0.0104667955   0.0856819149
 1415   0.0803241781  -0.1480315866  -0.0511373815  -0.1042661481  -0.0918802077
 1416   0.0477913506   0.0142161736   0.0060794357  -0.0050726840   0.0659564480
 1417   0.0056862768   0.0679963131  -0.0012361654  -0.0018599140   0.0257402621
 1418  -0.0279020352   0.0125820186   0.0060384080  -0.0069952832  -0.0164594085
 1419   0.0062009173   0.0187152036  -0.0567787325  -0.0043029250  -0.1093274201
 1420   0.0084797052   0.0057394708  -0.0404712777   0.0384876749  -0.0182670355
 1421   0.0239304139   0.0046496775   0.0306901621  -0.0502906861  -0.1210478955
 1422   0.1056392855  -0.1056413699   0.0141438345   0.0325321631   0.0075623701
 1423   0.0461223134  -0.0156758439   0.0168489180  -0.0094167773   0.0046024282
 1424  -0.0007479301   0.0019972723  -0.0072311545  -0.0080517200   0.0119768506
 1425   0.0415349173   0.0320158685   0.0277843539  -0.0872609591  -0.1587120668
 1426   0.0207810580  -0.0012089999   0.0508505877  -0.0638793250  -0.0585584764
 1427  -0.0506584182  -0.0000766267   0.1036684584   0.0009824109  -0.0216041086
 1428  -0.0083884337  -0.0004293443  -0.0006406840   0.0001645519  -0.0005200937
 1429  -0.0004704116   0.0000478067   0.0002595589   0.0001121827   0.0000317725
 1430   0.0000741597   0.0003646313   0.0000257479  -0.0000015462  -0.0001704833
 1431  -0.0000173985   0.0001193585   0.0000023155  -0.0000695796  -0.0000082265
 1432  -0.0000068018   0.0000184596  -0.0000880865  -0.0000692510   0.0000351368
 1433   0.0000011626   0.0000033587  -0.0000330459  -0.0000362986  -0.0000014515
 1434  -0.0000040906  -0.0000238864  -0.0000217460  -0.0000599077  -0.0000006804
 1435  -0.0000121620   0.0000263793   0.0000064021  -0.0000103836   0.0000074275
 1436   0.0000089907  -0.0000017002   0.0000060080   0.0000140525  -0.0000020540
 1437  -0.0000112023  -0.0000059584   0.0000085221  -0.0000167024  -0.0000016162
 1438  -0.0000133571   0.0000019956  -0.0000335174  -0.0000051859   0.0000118893
 1439  -0.0000045394   0.0000150770  -0.0000132126   0.0000316173   0.0000198130
 1440  -0.0000074964   0.0000047434  -0.0000131443   0.0000028818   0.0000012716
 1441   0.0000056495  -0.0000039013   0.0000106024  -0.0000147771  -0.0000074189
 1442  -0.0000069228  -0.0000003233  -0.0000058951  -0.0000025980  -0.0000233875
 1443  -0.0000028703   0.0000222998   0.0000140718  -0.0000074624  -0.0000348900
 1444   0.0000277215   0.0000003174  -0.0000030647   0.0000098877  -0.0000027058
 1445   0.0000079084   0.0000002677  -0.0000009711  -0.0000000253   0.0000017409
 1446   0.0000000628  -0.0000004992  -0.0000005228  -0.0000000509  -0.0000010747
 1447   0.0000003731   0.0000009154   0.0000005361  -0.0000013717
 15 1   0.0431781649  -0.0568935299   0.2237012259   0.1092162464   0.0873489931
 15 2   0.1935664084  -0.0913077223  -0.0091314822  -0.0021775550   0.0062841436
 15 3  -0.0558506438  -0.0400302642   0.0504238945   0.0526585023  -0.0270760273
 15 4  -0.0508389985   0.1324529569   0.0792778807  -0.0887851050   0.0134879594
 15 5  -0.2672567467   0.0446630696   0.1033947263   0.1059640413  -0.0004587753
 15 6   0.0148356957   0.0152728274   0.1015604398   0.1598912266  -0.0691354848
 15 7   0.0313758118   0.0476676287   0.0127724319   0.0120725192   0.1026897934
 15 8  -0.0870255664  -0.0173237303  -0.0139574367  -0.0299270214   0.0328440313
 15 9  -0.0065532889   0.0160100196   0.0062844337   0.0716102750  -0.0395811144
 1510   0.0044041991   0.0192040758  -0.0386505028   0.0065333217   0.0272338462
 1511  -0.0978349469  -0.0120815251  -0.0005650990  -0.0011258740  -0.0237953718
 1512  -0.0217431012   0.0446191892  -0.0377966679   0.0129869029   0.0127003086
 1513  -0.0233375625  -0.0368727026   0.0111728384  -0.0123861282   0.0170486822
 1514   0.0220178028   0.0405632876  -0.0076236320   0.0711990865  -0.0131529046
 1515  -0.0256703614   0.0333937329  -0.0275178557   0.0020615857  -0.0343921385
 1516  -0.0195486333   0.0055884969  -0.0156505471  -0.0393090067  -0.0141278157
 1517  -0.0459652972   0.0255375717   0.0052057559  -0.0407181076   0.0038840399
 1518  -0.0531198686  -0.0053968546  -0.0484662555   0.0207130277  -0.0107775329
 1519   0.0641738204  -0.0168776595  -0.0483237817  -0.0113889909  -0.0336297111
 1520  -0.0124514372   0.0165590412   0.0062666144  -0.0286796319   0.0403587876
 1521   0.0088780378  -0.1018566325   0.1086871297  -0.1325032064   0.1380597570
 1522  -0.0314502293  -0.0215949185  -0.0318764409  -0.0800385011  -0.0194128891
 1523  -0.0447559243   0.0721771835  -0.0045309245   0.0244775602  -0.0362892823
 1524  -0.0166105579  -0.0071698175  -0.0095087801   0.0066950245  -0.0072344853
 1525  -0.0338291789  -0.0403170440  -0.0603445862   0.0012893637   0.0482477095
 1526  -0.0140618372  -0.0010436845   0.0001547656  -0.0024237339   0.0291877333
 1527   0.0072718042  -0.0070337139  -0.0280359090  -0.0011389449   0.0008362513
 1528   0.0120374353  -0.0006820881   0.0001845929  -0.0000113799  -0.0002813732
 1529  -0.0004472990  -0.0003765597   0.0003962387   0.0000975500   0.0001613098
 1530  -0.0000371303   0.0003454544  -0.0000077952  -0.0001338408  -0.0001247691
 1531   0.0000039504   0.0000328187  -0.0000268309   0.0000725539   0.0000168480
 1532  -0.0000764379   0.0000081304  -0.0000827968   0.0000167358   0.0000022075
 1533   0.0000182664  -0.0000606567   0.0000105705  -0.0000209108   0.0000211258
 1534  -0.0000379698  -0.0000405576   0.0000073243   0.0000005881   0.0000007187
 1535   0.0000044467   0.0000009462   0.0000081651   0.0000216905  -0.0000159370
 1536   0.0000104303  -0.0000105508  -0.0000148412  -0.0000031582  -0.0000097634
 1537   0.0000001983   0.0000003270  -0.0000015406  -0.0000123897   0.0000099047
 1538  -0.0000006453  -0.0000137806  -0.0000017687  -0.0000284873   0.0000073737
 1539  -0.0000018410  -0.0000027292   0.0000037385   0.0000134578  -0.0000131629
 1540   0.0000060124   0.0000061672  -0.0000053327   0.0000042561  -0.0000003135
 1541  -0.0000083083   0.0000105697  -0.0000021071   0.0000042905  -0.0000076764
 1542  -0.0000060544   0.0000056983   0.0000004569   0.0000014505  -0.0000077276
 1543  -0.0000140766  -0.0000016664   0.0000002911   0.0000138121  -0.0000102195
 1544   0.0000123044  -0.0000137503  -0.0000018094   0.0000025771   0.0000007429
 1545   0.0000028258   0.0000045859   0.0000011827  -0.0000001954   0.0000004048
 1546   0.0000006117   0.0000005451  -0.0000003973  -0.0000007155  -0.0000004967
 1547  -0.0000001059  -0.0000003841   0.0000002565  -0.0000007169
 16 1  -0.0039832022   0.0070195321   0.0162231415  -0.0149932520  -0.0007507072
 16 2   0.0263272520   0.0571140001   0.0630824080  -0.0197923034  -0.0663651916
 16 3  -0.0056011687  -0.0037034412  -0.0083283845  -0.0263129524  -0.0033982413
 16 4  -0.0011907518   0.0114928218  -0.0457343418  -0.0430468930  -0.0742389338
 16 5  -0.0086808677  -0.0648560543   0.1003461753  -0.0742451823  -0.0468413406
 16 6   0.0608208117   0.0366707804  -0.0981161738   0.0138415477  -0.0325727979
 16 7   0.0077834400   0.1414894757  -0.0167726684  -0.1942736473   0.0774201012
 16 8  -0.0728875504   0.0634877845   0.0152669909   0.1171505505   0.0177904955
 16 9   0.1010904054   0.0023212532   0.0419427027  -0.0155734814   0.0345322347
 1610   0.0627380721  -0.0138110959  -0.1765511663   0.0136316304   0.0017933279
 1611  -0.0125351745  -0.0379547928   0.0026303924  -0.0899454865  -0.0740903519
 1612   0.0013603580  -0.1188282850   0.0507374362  -0.0256403804   0.0377915840
 1613  -0.0037312747   0.0850834947   0.0539213382  -0.0313803405   0.0999232352
 1614   0.0124276838   0.0304193962  -0.0298034982  -0.0092319670   0.0255668153
 1615   0.0546856568   0.0085798774  -0.0080173382  -0.0884457426   0.0604291615
 1616  -0.0484078880  -0.0326101713  -0.0241001675  -0.0026516028  -0.0605222678
 1617   0.1100127870  -0.1041682333  -0.0162719753   0.0110686091   0.0057625048
 1618   0.0422356618   0.0001862410   0.0209354249  -0.0203144537  -0.0283967272
 1619   0.0197059738  -0.0067578890   0.0079105644  -0.0053373131  -0.0642600924
 1620  -0.0223253557   0.0050097116   0.0447932929  -0.1016829380   0.0165172478
 1621   0.0314815861  -0.0645413349   0.0144704405  -0.0465226766  -0.0760727999
 1622  -0.0296888197   0.1350182596  -0.0519835893  -0.0499680085   0.0145786515
 1623   0.0031759156   0.0049740091  -0.0100758469  -0.0227811931  -0.0155435670
 1624   0.0788333357   0.0102552852  -0.0356009899   0.0106693841   0.0162273191
 1625   0.0740244666   0.0637584728  -0.0438141611  -0.0742338697  -0.0032862981
 1626   0.0347725436   0.0022342983  -0.0436913290  -0.1011746188   0.1213704518
 1627   0.0407706819  -0.1265223340   0.1265401065  -0.0072949333   0.0477500042
 1628  -0.0417021836  -0.0024225753   0.0003496351  -0.0004615464  -0.0000060640
 1629   0.0004825796  -0.0005470277   0.0004262097  -0.0000197102  -0.0000793584
 1630   0.0000996804  -0.0003105407  -0.0002136029   0.0000327444   0.0000816183
 1631  -0.0000885845  -0.0000956242  -0.0000840880  -0.0000651358   0.0000127674
 1632  -0.0000097887  -0.0001031702   0.0000478155   0.0000053011   0.0000316738
 1633  -0.0000150048  -0.0000678095   0.0000458805   0.0000191187  -0.0000473987
 1634   0.0000192041  -0.0000031945   0.0000005152   0.0000510900   0.0000374979
 1635   0.0000340949  -0.0000141692   0.0000217824   0.0000431818  -0.0000462485
 1636   0.0000010246  -0.0000227573  -0.0000188273   0.0000021438   0.0000213229
 1637   0.0000023058  -0.0000324907   0.0000053814   0.0000039441   0.0000100025
 1638   0.0000099928  -0.0000007295   0.0000063865   0.0000199630  -0.0000065831
 1639  -0.0000066429   0.0000282117   0.0000026770   0.0000026886  -0.0000213827
 1640   0.0000139314   0.0000089409  -0.0000279250   0.0000048288   0.0000080309
 1641   0.0000089074  -0.0000001452  -0.0000036720  -0.0000151796   0.0000135892
 1642  -0.0000233354   0.0000057779   0.0000125730   0.0000131300   0.0000172364
 1643  -0.0000226004  -0.0000034790  -0.0000104174  -0.0000080327   0.0000079504
 1644  -0.0000102874  -0.0000034968   0.0000012145   0.0000006357   0.0000019052
 1645   0.0000002565   0.0000009850   0.0000011452  -0.0000006659   0.0000001150
 1646  -0.0000000153   0.0000003602  -0.0000000850   0.0000003009   0.0000003534
 1647   0.0000001446  -0.0000000344   0.0000023043  -0.0000000518
 17 1  -0.0043457240  -0.0153923101  -0.0286827709   0.0231317496   0.0200931164
 17 2  -0.0354842274  -0.0834408936   0.0691437891  -0.0674538871   0.1107914076
 17 3   0.0133378032  -0.0187057715   0.0162635503   0.0182916898   0.0016716176
 17 4  -0.0232263880   0.0459276326   0.0089578628   0.1917260305  -0.0343327049
 17 5   0.0700869744   0.0664743517   0.0341395890  -0.0925035863   0.0011024434
 17 6  -0.0068145645   0.0778436397   0.0840719725  -0.0270910135  -0.0095871310
 17 7  -0.0504440716   0.0289419207   0.0176343000  -0.0326314816  -0.0283491730
 17 8  -0.0005453499   0.0039205722   0.0757580339  -0.0915063376   0.0063352809
 17 9   0.0151199645   0.0356440208   0.0059784597   0.0166503999   0.0215256744
 1710  -0.0395253780   0.0151456531   0.0814257634  -0.0080467546   0.0097127586
 1711  -0.0169973094  -0.0478933292   0.0502321144   0.0417022028   0.0319159302
 1712  -0.0434618787   0.0601307197   0.0192810503  -0.0081176376  -0.0258127697
 1713   0.0029518223  -0.0513549009  -0.0533184510   0.0204885622  -0.0652452005
 1714  -0.0296432470  -0.0338646545   0.0186110682  -0.0153484822  -0.0098028943
 1715  -0.0069590283  -0.0140828195   0.0369215603   0.0173195475  -0.0010573591
 1716   0.0692870002   0.0163864152   0.0152596216  -0.0088155841  -0.0451906302
 1717  -0.1307217529  -0.0441267185  -0.0376299174   0.0394513600  -0.0047418870
 1718   0.0186501129   0.0731522744   0.0873217088   0.0187017306   0.0206014024
 1719   0.0576457031   0.0170369069  -0.0726268867  -0.0065630782   0.0171199642
 1720  -0.0212411791  -0.0163688413  -0.1210932676  -0.0884105154   0.0327071415
 1721   0.0161167587  -0.0481196960   0.0546595426  -0.0657636581  -0.1387748101
 1722  -0.0759953882   0.0090371119   0.0474235566  -0.0987123729   0.0106110550
 1723  -0.0369701288  -0.0151392337   0.0143189276  -0.0020005789   0.0404895575
 1724   0.0087989461   0.0094277643   0.0226784149  -0.0116281424   0.0037346392
 1725  -0.0221571620  -0.1683653080   0.0211390578   0.0167370155  -0.0324950444
 1726  -0.0690599997   0.0157905965  -0.0606329685  -0.1297763471   0.0520196178
 1727  -0.0288126900  -0.1660132718   0.1841336373  -0.0152845129   0.0687115373
 1728  -0.0317320491  -0.0047685507   0.0008519634   0.0006154829   0.0002601191
 1729   0.0002317910  -0.0001006013   0.0000492843   0.0001032583   0.0000793936
 1730   0.0000309110   0.0005211981   0.0003969852  -0.0001298596  -0.0001361655
 1731  -0.0000028114  -0.0000628130   0.0000177541  -0.0000109191   0.0000778435
 1732  -0.0000384659   0.0000698082  -0.0000111078   0.0000696296   0.0000049352
 1733  -0.0000071519   0.0000173088   0.0001198418   0.0000023488  -0.0000330257
 1734   0.0000403622   0.0000010382   0.0000207710   0.0000511827  -0.0000662564
 1735  -0.0000152044   0.0000068973  -0.0000062177   0.0000206339   0.0000233851
 1736  -0.0000054128   0.0000249643   0.0000234649   0.0000013277   0.0000555475
 1737   0.0000055564  -0.0000506081  -0.0000078003   0.0000060760  -0.0000011609
 1738   0.0000097416   0.0000070398   0.0000059501   0.0000519746  -0.0000254660
 1739   0.0000149116  -0.0000192443   0.0000025249  -0.0000163286  -0.0000027367
 1740   0.0000076102  -0.0000049056   0.0000123427  -0.0000097845  -0.0000013832
 1741   0.0000012659  -0.0000019733   0.0000136247   0.0000060332  -0.0000191549
 1742   0.0000410426   0.0000103651  -0.0000145718  -0.0000005037   0.0000069276
 1743   0.0000068877  -0.0000004812   0.0000103370   0.0000254885   0.0000237609
 1744  -0.0000334836   0.0000102807   0.0000218642  -0.0000037451   0.0000003418
 1745  -0.0000036795  -0.0000029203  -0.0000002074  -0.0000049801  -0.0000006773
 1746  -0.0000015250  -0.0000000790  -0.0000018391  -0.0000000787  -0.0000003085
 1747  -0.0000002179  -0.0000002524   0.0000001106   0.0000004247
 18 1  -0.0176330783  -0.0197173977  -0.1083966494   0.0536687106  -0.0548155469
 18 2  -0.0120135794  -0.0747345046   0.0939644442   0.1207707265  -0.0574685757
 18 3   0.1208068118  -0.0383540966   0.0372456264   0.0241710362   0.0676255367
 18 4  -0.1451379718   0.1624115379   0.1387281847  -0.0259769081  -0.0161185079
 18 5   0.0901986958  -0.0772293154  -0.0740421790  -0.0183069670  -0.0125190779
 18 6   0.0387460650  -0.1390813543  -0.2268647377   0.2567982729  -0.1555597137
 18 7  -0.0057288810   0.0172969546   0.0030340970  -0.0714726517  -0.0663213290
 18 8   0.0426547005   0.1013083792  -0.0235096504   0.0114443786  -0.0341352539
 18 9   0.0420609271   0.0097189353  -0.0366510345   0.1635816505   0.0920600407
 1810   0.0999384257  -0.0382907151  -0.0480934450  -0.0174769378  -0.0239853985
 1811   0.0450878310   0.0502132589   0.0657755267   0.0186603226  -0.0360856871
 1812  -0.0048544002  -0.0078435361  -0.0302629220  -0.0009916928   0.0026201415
 1813  -0.0024047105  -0.0239639253   0.0181084578  -0.0792836770  -0.0101006021
 1814   0.0264793161   0.0195519630   0.0163816089  -0.1240989362   0.0393416319
 1815   0.0105484087  -0.0298249595   0.0730588699  -0.0166947589   0.1061726521
 1816   0.0863151014   0.0369213345   0.0301055901  -0.0295330792  -0.0527408193
 1817  -0.0724356576  -0.0595728732  -0.0276814480  -0.0389329679   0.0301509438
 1818  -0.0399924740  -0.0482375156   0.0412241862   0.0226580589  -0.0083566928
 1819  -0.0498443650  -0.0108748288   0.0140401694  -0.0100911802  -0.0031505804
 1820  -0.0011761790  -0.0065407340   0.0382906609   0.0602014038   0.0261687280
 1821  -0.0689332620  -0.0291837370   0.0331825211   0.0313356045   0.0535516029
 1822   0.0196961247  -0.0338484476   0.0121314907   0.0104542417   0.0050407472
 1823  -0.0015708530  -0.0032795049   0.0085251352   0.0000702714  -0.0030359563
 1824  -0.0158114128   0.0007127704   0.0080548967  -0.0008367911   0.0003495366
 1825  -0.0103133518  -0.0074927588   0.0043744452   0.0062109655   0.0008006651
 1826  -0.0043805998   0.0001665937   0.0054306859   0.0168224342  -0.0151929763
 1827   0.0000491157   0.0105537954  -0.0069920301   0.0016849110  -0.0029933140
 1828   0.0006800868  -0.0001318441  -0.0003356666   0.0001604616   0.0007575092
 1829  -0.0001123265   0.0003206802  -0.0007863520  -0.0002702699   0.0000183330
 1830  -0.0000547010  -0.0000171396   0.0002319294  -0.0000124304  -0.0000432934
 1831  -0.0001129094   0.0001084778  -0.0000173348   0.0000169467   0.0000974372
 1832   0.0000363345   0.0000310088  -0.0000939937   0.0000504086   0.0000234350
 1833  -0.0000101780  -0.0000013031   0.0000457050  -0.0000372447   0.0000222990
 1834   0.0000769437   0.0000128317  -0.0000055848   0.0000493438  -0.0000626254
 1835   0.0000251172   0.0000042566   0.0000020565   0.0000476323  -0.0000036933
 1836  -0.0000086433   0.0000377856   0.0000430500   0.0000069372   0.0000586046
 1837  -0.0000019235  -0.0000455951   0.0000195155  -0.0000087495  -0.0000025031
 1838   0.0000199350   0.0000027078   0.0000048319   0.0001028506  -0.0000328571
 1839   0.0000001542  -0.0000287918  -0.0000474085  -0.0000516237   0.0000179672
 1840  -0.0000368974  -0.0000154520   0.0000444179  -0.0000095772  -0.0000104468
 1841  -0.0000311092  -0.0000134743   0.0000284508   0.0000241372  -0.0000029280
 1842  -0.0000093294   0.0000089133   0.0000010874   0.0000064677  -0.0000127731
 1843   0.0000026073  -0.0000008677  -0.0000320398   0.0000226306  -0.0000028238
 1844  -0.0000052862   0.0000167421   0.0000640252  -0.0000018012  -0.0000011146
 1845  -0.0000011002  -0.0000032451  -0.0000003390  -0.0000182612  -0.0000000269
 1846  -0.0000037116  -0.0000002621  -0.0000037249  -0.0000000362  -0.0000002478
 1847  -0.0000000409  -0.0000000526   0.0000000898   0.0000002395
 19 1  -0.0062279632  -0.0044128724   0.0050197358  -0.0009457006  -0.0047969066
 19 2   0.0229872600   0.0567510751   0.0654066900  -0.0171193903  -0.0686495129
 19 3   0.0036066069  -0.0073964841  -0.0009805981  -0.0194168414   0.0037533195
 19 4  -0.0176470582   0.0257341289  -0.0204230366  -0.0087669188  -0.0604094304
 19 5   0.0036872870  -0.0596190419   0.0603258441  -0.0875805495  -0.0283251688
 19 6   0.0403916421   0.0292859061  -0.0544951805   0.0065210080  -0.0328046354
 19 7   0.0044882365   0.1061713789   0.0143036071  -0.1562163131   0.0265688116
 19 8  -0.0579975920   0.0826712043  -0.0249704372   0.0236531557   0.0408720502
 19 9   0.0489425602   0.0045627378  -0.0238158489  -0.0137120244   0.0128965315
 1910  -0.0456267586   0.0309947360  -0.0834397370   0.0167776501  -0.0058975200
 1911  -0.0048692186  -0.0197238044  -0.0060947733  -0.0118477577   0.0415450936
 1912  -0.0045102076   0.0132001694   0.0045502681  -0.0052280796  -0.0288406434
 1913   0.0074789646   0.0287990141   0.0210942146  -0.0330085543   0.0675480295
 1914   0.1167681048   0.0344418111   0.0164385306  -0.0027638807   0.0147756692
 1915  -0.0543158710   0.0547444422  -0.0114827317  -0.0016811289   0.0005422639
 1916   0.0599583773  -0.0335293539  -0.0211027212   0.0133524937   0.0592226247
 1917   0.1529843859  -0.1003318671   0.0111317390   0.0175551127   0.0029542427
 1918   0.0202033391   0.0347174443  -0.0623865997   0.0157745063   0.0522301837
 1919  -0.0102185232   0.0130067543  -0.0841171988  -0.0028338537  -0.0109279135
 1920   0.0005395627  -0.0018509453  -0.0175563632  -0.0611888960  -0.0098984785
 1921   0.0635757338   0.0570410432   0.0382640023  -0.0589096689  -0.1340036016
 1922  -0.0021163628  -0.0088739527   0.0351066621  -0.0349411083  -0.0169994941
 1923  -0.0215241961  -0.0392882606  -0.0058659864   0.0132947579   0.0559515258
 1924  -0.0431687421  -0.0183867868   0.0352658736  -0.0144724787  -0.0207790859
 1925  -0.1330539055  -0.1541293362   0.0459546661   0.1740885620  -0.0159516457
 1926  -0.1139489949   0.0074864800   0.0254189413   0.0114285569  -0.1687222878
 1927  -0.1585638631   0.1151442503  -0.0906348450  -0.0033067034  -0.0404183567
 1928   0.0667787221   0.0003142257   0.0012090821   0.0002723605  -0.0010435472
 1929   0.0006259018   0.0002654132   0.0003890508   0.0000324695  -0.0003903216
 1930  -0.0000261665  -0.0006255807   0.0001378096  -0.0001917900   0.0000428597
 1931  -0.0001296815  -0.0002298977  -0.0001859592  -0.0001389647  -0.0000852153
 1932  -0.0000538765   0.0000208101  -0.0000101214   0.0001480458   0.0000703622
 1933  -0.0000347310  -0.0000436429  -0.0000081975   0.0000618448  -0.0000859957
 1934  -0.0000260164   0.0000010743   0.0000262743   0.0000176209  -0.0000016765
 1935   0.0000861439  -0.0000178710  -0.0000059004   0.0000670936   0.0000016380
 1936  -0.0000062866  -0.0000149223  -0.0000131792  -0.0000028045   0.0000370320
 1937   0.0000022645  -0.0000482000  -0.0000029056  -0.0000032152  -0.0000033569
 1938  -0.0000025028  -0.0000093877   0.0000171860  -0.0000087552  -0.0000108740
 1939  -0.0000277823   0.0000131738  -0.0000373867  -0.0000041295   0.0000251422
 1940   0.0000216794   0.0000025846  -0.0000141892   0.0000056923   0.0000022263
 1941   0.0000105920   0.0000046170  -0.0000067280  -0.0000048418   0.0000077778
 1942  -0.0000037065   0.0000221723  -0.0000151561   0.0000323309   0.0000373302
 1943  -0.0000982412  -0.0000385873  -0.0000366949   0.0000078876   0.0000549431
 1944  -0.0000191336   0.0000007579   0.0000100593  -0.0000064164  -0.0000003497
 1945  -0.0000041984   0.0000001570   0.0000006484  -0.0000015773  -0.0000007402
 1946  -0.0000003529   0.0000005007  -0.0000010016   0.0000000254   0.0000001648
 1947  -0.0000036163  -0.0000000199  -0.0000030124  -0.0000002380
 20 1   0.0045137850  -0.0031030411  -0.0188552579   0.0097385307   0.0182623388
 20 2  -0.0234110183  -0.0790810704   0.0500683085  -0.0695408451   0.0538615772
 20 3   0.0163805831  -0.0112590621   0.0043167893   0.0017652883   0.0047601387
 20 4  -0.0110008151   0.0022150421  -0.0137917920  -0.0047397799  -0.0263907627
 20 5   0.0510529800   0.1539624454  -0.0364610941   0.0093829669   0.0238288564
 20 6   0.0929627942   0.0279660870   0.0780530959  -0.0474982441  -0.0298677395
 20 7  -0.0283620275  -0.0753193899   0.1035939906   0.0096793703  -0.0652610795
 20 8   0.0131514164   0.0527073428   0.0040582036  -0.1233292419   0.0273091575
 20 9   0.0043228597   0.0176409075  -0.0322721848   0.0215608380   0.0126599994
 2010  -0.0354541641   0.0128623723  -0.0278572566   0.0014640639  -0.0084927814
 2011   0.0083944652  -0.0005405562  -0.0076881385  -0.0242820606  -0.0012975239
 2012   0.0093877558  -0.0250517991  -0.0084055613  -0.0019829056  -0.0049723038
 2013  -0.0031873416   0.0281188334   0.0456603380  -0.0219812129   0.0612579417
 2014   0.0324742525   0.0298386589  -0.0138939012  -0.0440747833   0.0189691504
 2015   0.0191815474   0.0156170035  -0.0261236883  -0.0576853268   0.0347955735
 2016  -0.0781507228  -0.0169809283  -0.0273191133   0.0123087037  -0.0308742767
 2017   0.0709986791   0.0050040824   0.0223845996  -0.0382748443   0.0239996289
 2018  -0.0230560858  -0.0991951016  -0.0131428653  -0.0154401261  -0.0804784593
 2019   0.0474165029  -0.0091952862   0.1631551863   0.0172453442  -0.0104880289
 2020   0.0148981115  -0.0026707534   0.0179345384   0.0526325156  -0.0586947238
 2021   0.0457645820   0.0742699844  -0.0894854383   0.0602279557   0.1870292051
 2022  -0.0426763685  -0.0403867897  -0.0083196605   0.0524404678  -0.0299400461
 2023   0.0243868605   0.0627263315   0.0035109817   0.0347497189  -0.0075074288
 2024  -0.0517386799  -0.0003767023   0.0256458903  -0.0165608450   0.0078278036
 2025   0.1101856144  -0.1617768109   0.1944394968  -0.0449057050  -0.0123818493
 2026  -0.0115991331   0.0084774147  -0.0774630478  -0.1937173161   0.1865161101
 2027  -0.1617128208   0.0228475070  -0.1176159652  -0.0072115526   0.0011369212
 2028   0.0345897693  -0.0028020404   0.0013849514  -0.0005331776  -0.0001745494
 2029  -0.0001749389  -0.0004801886   0.0004448943   0.0000745230  -0.0000054831
 2030  -0.0000029053  -0.0000643314   0.0000673896  -0.0001555495  -0.0000772764
 2031   0.0001055406  -0.0000699037  -0.0000564769  -0.0000459578  -0.0000355381
 2032   0.0000068644   0.0000591009  -0.0000225901   0.0000895603   0.0000416455
 2033   0.0000426755   0.0000201956   0.0000966546   0.0000856114  -0.0001204706
 2034  -0.0000133979  -0.0000121847   0.0000286454  -0.0000140712   0.0000294598
 2035  -0.0000940684  -0.0000007748   0.0000144249   0.0000607999   0.0000517431
 2036  -0.0000070997  -0.0000085675  -0.0000234426  -0.0000051406   0.0000153387
 2037   0.0000017461  -0.0000211036   0.0000159995  -0.0000175320  -0.0000081098
 2038  -0.0000142772  -0.0000085246   0.0000075354  -0.0000250261  -0.0000059269
 2039   0.0000040805  -0.0000006636  -0.0000281305   0.0000083490   0.0000364977
 2040   0.0000102372   0.0000008840  -0.0000007943   0.0000029202  -0.0000002583
 2041   0.0000113697   0.0000030709  -0.0000032069  -0.0000156645   0.0000047556
 2042   0.0000053240  -0.0000088358  -0.0000059305   0.0000268732   0.0000096888
 2043   0.0000264572   0.0000325214   0.0000305024  -0.0000175136   0.0000287367
 2044  -0.0000209602  -0.0000017959   0.0000037501  -0.0000024998   0.0000008987
 2045  -0.0000018009   0.0000007117   0.0000010648  -0.0000012737  -0.0000003442
 2046  -0.0000004370  -0.0000000040  -0.0000002913  -0.0000001683  -0.0000001461
 2047   0.0000008143  -0.0000001734   0.0000005046  -0.0000000961
 21 1  -0.0094503200  -0.0045890894  -0.0498256970   0.0212908568  -0.0097543580
 21 2   0.0270786976  -0.0700613401   0.0652706759   0.0905433229  -0.0398298936
 21 3   0.0608339232  -0.0352796199  -0.0061354565   0.0223213639   0.0245751446
 21 4   0.1012463592  -0.0715750464  -0.1378557566  -0.0933612205  -0.1270914041
 21 5   0.1158899691   0.1733453277   0.3179015824   0.3644867329  -0.3892877280
 21 6  -0.0158905903   0.2207353087  -0.1135386837  -0.1055663517   0.0169923337
 21 7  -0.0274983703   0.0229961338  -0.0616287724   0.0786788786   0.0179534761
 21 8   0.0067345046  -0.0334687376  -0.0325460956   0.0337035253  -0.0481594833
 21 9  -0.0370397856  -0.0188512135  -0.0430278602   0.0069049401   0.0100888987
 2110   0.0051943233  -0.0321084461  -0.0070258906   0.0126172087  -0.0227955276
 2111  -0.0059244089  -0.0257571391   0.0504036993   0.0149732918  -0.0446656468
 2112  -0.0243909372   0.0051670239   0.0344584822   0.0155729638   0.0053790237
 2113  -0.0287027775   0.0089542206   0.0226051220   0.0051217937   0.0403861748
 2114  -0.0222994034   0.0344477849   0.0324670523  -0.0314640763  -0.0292789123
 2115  -0.0163594589  -0.0057009621  -0.0024963431  -0.0038364638   0.0021932873
 2116   0.0166990920  -0.0161301757   0.0139414937   0.0007050918   0.0072414802
 2117  -0.0434589323  -0.0081885545   0.0076892901   0.0092648339   0.0017380003
 2118  -0.0158998284  -0.0191711632   0.0132768247  -0.0114997286   0.0131336973
 2119   0.0036639224  -0.0002650671  -0.0222643583  -0.0092267746   0.0266813838
 2120   0.0061250632   0.0114382462  -0.0218962398   0.0124757535  -0.0189052111
 2121  -0.0287764617  -0.0312743843   0.0208244497   0.0149835738   0.0021599559
 2122  -0.0109168681  -0.0291847422   0.0275309763  -0.0111230240  -0.0000086157
 2123   0.0121698077   0.0030242194   0.0009269350   0.0047602485   0.0094027511
 2124  -0.0116846065   0.0030482597   0.0039519216  -0.0064477060  -0.0008972931
 2125  -0.0094312422  -0.0147168668   0.0007369190   0.0039526402   0.0049594339
 2126   0.0056608684  -0.0004328607   0.0044410927   0.0023620928   0.0022138914
 2127   0.0083326335   0.0065586446  -0.0097231860  -0.0017304067  -0.0066727551
 2128  -0.0019482842  -0.0010381371   0.0006366113   0.0003367408   0.0002280220
 2129   0.0012130490  -0.0001727256   0.0000881977  -0.0006116337  -0.0002647034
 2130   0.0002611802   0.0002573267  -0.0000871285   0.0001727595   0.0001250707
 2131   0.0002441591  -0.0001235303  -0.0000827524  -0.0001339717   0.0000019892
 2132  -0.0006064466  -0.0004419737   0.0004127061  -0.0001437741  -0.0001264216
 2133  -0.0000176790   0.0001176455   0.0000903258   0.0004424267  -0.0005812714
 2134  -0.0002227396   0.0000017997   0.0001764971  -0.0000362319   0.0001711075
 2135  -0.0001741588  -0.0000102380   0.0000330246   0.0001599259  -0.0000538614
 2136  -0.0000061134  -0.0000035057  -0.0000118725  -0.0000006961   0.0000098344
 2137  -0.0000023726  -0.0000042356  -0.0001404895   0.0000780646  -0.0000040918
 2138  -0.0000512844  -0.0000049409   0.0000134942  -0.0000146091   0.0000257706
 2139   0.0000800780   0.0000079041  -0.0000419553   0.0000230189   0.0000753879
 2140   0.0000098817   0.0000096283  -0.0000258195  -0.0000002610   0.0000023769
 2141  -0.0000105905  -0.0000027701   0.0000119705  -0.0000041226   0.0000225220
 2142  -0.0000245525  -0.0000011923  -0.0000199272   0.0001055905   0.0000847128
 2143  -0.0000482192   0.0000391544   0.0001468823  -0.0000844126   0.0001772022
 2144  -0.0001200660  -0.0000002556   0.0000048151  -0.0000013576   0.0000009095
 2145  -0.0000007533  -0.0000002353   0.0000007287  -0.0000006235  -0.0000001261
 2146  -0.0000006897  -0.0000001091  -0.0000012907   0.0000000274   0.0000004180
 2147  -0.0000055482   0.0000019717  -0.0000051277  -0.0000000283
 22 1  -0.0092329225  -0.0099598087  -0.0020227917   0.0024075835  -0.0011646815
 22 2   0.0260432419   0.0571719093   0.0630935539  -0.0195229883  -0.0672839127
 22 3   0.0045321286  -0.0107409160  -0.0012639845  -0.0120554956   0.0051052352
 22 4  -0.0048681779  -0.0016528148  -0.0231244904   0.0307695404  -0.0209383719
 22 5   0.0032906902  -0.0280869770   0.0342193274  -0.0609384242   0.0075076827
 22 6   0.0079173613  -0.0062819256   0.0108336270  -0.0153492099  -0.0555418350
 22 7   0.0163502179   0.0597987443   0.0083994054  -0.0914466724  -0.0384346038
 22 8  -0.0200537342   0.0736770125  -0.0749488940  -0.0360453921   0.0337844308
 22 9  -0.0017915833  -0.0167434277  -0.0119569123  -0.0188169197  -0.0254245874
 2210  -0.0572779791   0.0265690122  -0.0495275440   0.0211463301  -0.0006941857
 2211  -0.0002519756   0.0560931106  -0.0703350956  -0.0413056435   0.0087745013
 2212   0.0684224233  -0.0030055359  -0.0598075383  -0.0019778233   0.0257314086
 2213   0.0740287968  -0.0281560923   0.0487125417  -0.0175794212   0.0095053267
 2214   0.0726026030   0.0024967403  -0.0225200596   0.1199746759  -0.0260046923
 2215  -0.1802398907  -0.0181470859  -0.0033026248   0.0278964164  -0.0899690710
 2216   0.0214951286   0.0103501237   0.0042997938   0.0358483882   0.0085142693
 2217  -0.0102514742  -0.1350834932   0.0084363180   0.0673767247   0.0412978245
 2218   0.0223701874   0.0626861368  -0.0314511649   0.0057988759   0.0262511358
 2219   0.0272653908   0.0179156379  -0.1285849530   0.0033889784   0.0362658264
 2220   0.0040733160   0.0057708029  -0.1055332002  -0.0403384810   0.0100944654
 2221  -0.0118836188  -0.0033805196  -0.0343636738   0.0548965126   0.0927087186
 2222   0.0342487231  -0.1973690961   0.0568615231   0.1407700146  -0.0063637432
 2223   0.0342855859   0.0079695760   0.0156516040   0.0262410126  -0.0095249012
 2224  -0.0714083962   0.0078433126   0.0409332953  -0.0117566932  -0.0049962170
 2225   0.0085317434   0.0119687203   0.1105820729  -0.1629468101   0.0277849903
 2226   0.0983329164  -0.0074714254  -0.0247521922   0.1109117268   0.2116983108
 2227   0.1584395885  -0.0608973723  -0.0441510546   0.0067734442   0.0282473135
 2228  -0.0700812830   0.0018632191  -0.0007081026  -0.0002944281  -0.0001714489
 2229   0.0000860128  -0.0000186776   0.0001228491  -0.0002995754  -0.0000813570
 2230  -0.0000574434   0.0006392379  -0.0000258222   0.0003123376   0.0000870663
 2231   0.0001374549   0.0001582008   0.0001753645   0.0001101057  -0.0000597754
 2232   0.0001307222   0.0001649734  -0.0000346581  -0.0001218973  -0.0000859392
 2233   0.0000575639   0.0000468330  -0.0000308743  -0.0000317856   0.0000395653
 2234   0.0000308093  -0.0000014559   0.0000006616  -0.0000585303  -0.0000567137
 2235  -0.0001183578  -0.0000096108  -0.0000141784  -0.0000321108   0.0000076394
 2236  -0.0000024233   0.0000072964  -0.0000078021   0.0000005376  -0.0000076990
 2237  -0.0000041220   0.0000094219   0.0000091559  -0.0000044844  -0.0000026993
 2238  -0.0000088967   0.0000083298  -0.0000129289  -0.0000429091   0.0000079628
 2239  -0.0000193534  -0.0000462121  -0.0000231267  -0.0000298545   0.0000300847
 2240  -0.0000088970  -0.0000039697   0.0000197454   0.0000036811  -0.0000007467
 2241   0.0000118450   0.0000045723  -0.0000088389   0.0000077258  -0.0000188951
 2242   0.0000199142  -0.0000123940   0.0000055383  -0.0000406146  -0.0000458021
 2243   0.0000945306   0.0000310755   0.0000100740  -0.0000288193   0.0000185413
 2244  -0.0000104060   0.0000030451  -0.0000077912  -0.0000008301  -0.0000038501
 2245   0.0000002302  -0.0000021275  -0.0000019776   0.0000022242   0.0000001587
 2246   0.0000002659  -0.0000002271   0.0000003903  -0.0000004614  -0.0000006268
 2247   0.0000027077  -0.0000001761  -0.0000006718  -0.0000003427
 23 1   0.0134781760   0.0045080684  -0.0148422721  -0.0016130738   0.0200936206
 23 2  -0.0249117872  -0.0678615851   0.0310315243  -0.0684533561  -0.0038856924
 23 3   0.0091700967  -0.0096808369  -0.0047882892  -0.0034468658  -0.0019587640
 23 4   0.0013317714  -0.0210014587   0.0002219527  -0.0801295920   0.0077260272
 23 5  -0.0212321391   0.1323189028  -0.0769824050   0.0499687266   0.0444233511
 23 6   0.0570173246  -0.0221850298   0.0205865486  -0.0172456815   0.0006518121
 23 7  -0.0141731485  -0.0084221270   0.0027342991  -0.0492842598  -0.0741253330
 23 8  -0.0246883293   0.0460564318  -0.1101416064   0.0422337172   0.0254275298
 23 9   0.0602209944  -0.0172503164   0.0411405510  -0.0532759929  -0.0648978618
 2310   0.0850375968   0.0018127130  -0.0637953211  -0.0082468012  -0.0111034860
 2311   0.0225050749   0.0017852621  -0.0620156821  -0.0328707663  -0.0322462439
 2312  -0.0101963148  -0.0261403660  -0.0034698312   0.0287648894   0.0182349373
 2313   0.0133741719   0.0239388638   0.0055928729   0.0132104307  -0.0407711535
 2314  -0.0070722906  -0.0371587288   0.0110280734  -0.0061934354   0.0225243913
 2315   0.0757740672  -0.0141584025   0.0093178895   0.0346579977  -0.0139628262
 2316   0.0518114114   0.0024845630   0.0012982951   0.0099690887   0.0899565954
 2317  -0.0481464024  -0.0273266170   0.0282618187   0.0078178856  -0.0223415361
 2318   0.0000346705   0.0544536646  -0.0136797575   0.0491421181   0.1476415547
 2319   0.0069523352   0.0088056979   0.0445088668  -0.0005537394  -0.0670421403
 2320  -0.0223037671   0.0092125375  -0.0455625366   0.0383494328   0.0358201453
 2321  -0.0419117703  -0.0275019897   0.0376567322  -0.0402104362  -0.0706188172
 2322   0.0312873221   0.0443555668   0.0241013080  -0.1144391118   0.0215561380
 2323   0.0652637536   0.0817543467   0.0272362207   0.0282533879  -0.0133421861
 2324   0.0177068279   0.0067672963  -0.0073206076   0.0005876668   0.0133241403
 2325   0.1554403481  -0.0465539455   0.0768376310  -0.0769587088   0.1535037674
 2326   0.0489408682  -0.0115447100   0.0630478290   0.1215463104  -0.0963132726
 2327  -0.1705188465   0.0749935860   0.0265227050  -0.0296793084   0.0687894508
 2328  -0.0084764394  -0.0036812549   0.0002057130  -0.0003609704  -0.0004852480
 2329  -0.0016128227  -0.0004746701   0.0007343714   0.0002104266  -0.0000835809
 2330   0.0000455769   0.0000483866  -0.0002705777  -0.0001750492   0.0002661618
 2331  -0.0001195713   0.0000230520   0.0001269451   0.0000271172   0.0000827204
 2332  -0.0001847603  -0.0001978009   0.0000462439  -0.0000266173  -0.0000270839
 2333   0.0000779425   0.0000249273   0.0000631288  -0.0000369131   0.0000542838
 2334   0.0000121544  -0.0000270571  -0.0000351572  -0.0000777285   0.0000480421
 2335  -0.0000330532  -0.0000132292   0.0000280100   0.0000197458  -0.0000144825
 2336   0.0000062776  -0.0000106439   0.0000039827   0.0000023300  -0.0000049867
 2337  -0.0000051062  -0.0000103876   0.0000130517  -0.0000242053  -0.0000097121
 2338  -0.0000093167  -0.0000112947  -0.0000072953  -0.0000168262   0.0000242053
 2339  -0.0000241352   0.0000212936   0.0000082699   0.0000223069   0.0000207475
 2340   0.0000051745  -0.0000015812  -0.0000017245   0.0000001051  -0.0000022231
 2341   0.0000162707   0.0000095874   0.0000029452  -0.0000094587  -0.0000041536
 2342   0.0000120541  -0.0000103042   0.0000039297   0.0000009936  -0.0000054510
 2343   0.0000218800   0.0000198275   0.0000192978  -0.0000400703  -0.0000442129
 2344   0.0000426381  -0.0000091124  -0.0000004798   0.0000039173   0.0000012734
 2345   0.0000036746   0.0000045770   0.0000016210  -0.0000012883   0.0000004938
 2346   0.0000003318  -0.0000002478  -0.0000004764   0.0000000425  -0.0000003662
 2347   0.0000016939  -0.0000005640   0.0000001697  -0.0000003960
 24 1  -0.0171949761   0.0154167214  -0.0241483588   0.0244093739   0.0360313690
 24 2   0.0656315135  -0.0648682936   0.0362940434   0.0602216144  -0.0220226886
 24 3   0.0119681707   0.0084688794  -0.0182733840   0.0455539915   0.0252324452
 24 4   0.1219767728  -0.1406517845  -0.1912036529  -0.0267433234   0.0655223689
 24 5   0.1429099295   0.0524125181   0.1444079970  -0.1059072991   0.2239068337
 24 6  -0.0384465129  -0.3026076690   0.1649792197   0.0662442477  -0.2288250795
 24 7   0.2458354873   0.0318272856  -0.0402216820   0.1416630289   0.1237467414
 24 8  -0.1103201211  -0.0501280614  -0.0391400622   0.0195357342   0.0269732458
 24 9   0.0591478457   0.0149771704   0.0349252541  -0.0215328618  -0.0362361272
 2410  -0.0051634269   0.0539044326  -0.0174840863  -0.0274663404  -0.0340787066
 2411   0.0304344405  -0.0679246268   0.0808126603  -0.0810389136  -0.1381666070
 2412   0.0006528270   0.0959233309  -0.0189800533  -0.0142064646  -0.0465631306
 2413   0.0863693580  -0.0028701378   0.0003497816   0.0163363771   0.0475675242
 2414  -0.0154789158  -0.0024497050   0.0882555850  -0.0758603395   0.0271328388
 2415  -0.0182321096  -0.0567712723   0.0267156202   0.0081050754  -0.0089499322
 2416   0.0393113891  -0.0359351099   0.0014028520  -0.0100711726   0.0119731941
 2417   0.0144602729   0.0060554769   0.0182619902   0.0338008848  -0.0189633568
 2418  -0.0283780415  -0.0608111500   0.0308830413  -0.0398215706   0.0123709314
 2419   0.0208926647  -0.0001888138  -0.0296669366  -0.0065930536   0.0410898192
 2420   0.0038033156   0.0027758892  -0.0088178257  -0.0198419205  -0.0128804623
 2421  -0.0090465711   0.0384331982   0.0691130818   0.0416946815   0.0527413253
 2422   0.0153103355   0.0074012950   0.0195126388  -0.0485642169  -0.0085159754
 2423   0.0048765860   0.0047195169  -0.0023356988  -0.0221441264  -0.0052858952
 2424  -0.0088869348  -0.0167002562   0.0105809005   0.0043673348   0.0022593821
 2425   0.0170400288   0.0106102285  -0.0052915895   0.0068954291  -0.0052019710
 2426  -0.0086049782  -0.0009194837   0.0026454721  -0.0044576008  -0.0060304861
 2427  -0.0017497966  -0.0033786147   0.0037218154   0.0020184222  -0.0016643182
 2428   0.0061962354   0.0001241509   0.0003972239  -0.0001807999   0.0001905025
 2429  -0.0001417517  -0.0005493949   0.0002167598  -0.0003091274  -0.0001101000
 2430  -0.0000225990   0.0000742311   0.0001444628  -0.0001165929  -0.0000054321
 2431  -0.0001205238  -0.0002167670   0.0000031104   0.0000675049  -0.0000101893
 2432  -0.0001960019  -0.0003032805  -0.0000416527   0.0001401563   0.0000103257
 2433   0.0001139033   0.0000792524  -0.0000048478   0.0000132280  -0.0000395701
 2434   0.0000905473  -0.0000308630  -0.0000189356   0.0000414088   0.0002199064
 2435   0.0001614437  -0.0000332923   0.0000143311  -0.0000184097  -0.0001487039
 2436   0.0000155016  -0.0000191497   0.0000277478  -0.0000120939  -0.0000065362
 2437   0.0000021433  -0.0000121801   0.0000068923  -0.0000175817   0.0000063717
 2438  -0.0000039992  -0.0000585551   0.0000227016   0.0000167289   0.0000304648
 2439  -0.0000386703   0.0000437623  -0.0000022565   0.0000151436  -0.0000323430
 2440   0.0000160809   0.0000044909   0.0000095085  -0.0000020695  -0.0000011125
 2441   0.0000075486   0.0000052864   0.0000096692  -0.0000219441   0.0000093319
 2442   0.0000156791   0.0000000971  -0.0000007888   0.0000118737   0.0000543082
 2443  -0.0000845912  -0.0000408267  -0.0000198484  -0.0000087409  -0.0000388434
 2444  -0.0000006641  -0.0000087438  -0.0000012839  -0.0000021526   0.0000036369
 2445  -0.0000012571   0.0000041753   0.0000028779  -0.0000001129  -0.0000003153
 2446   0.0000003296   0.0000002739  -0.0000004767  -0.0000010458  -0.0000002683
 2447   0.0000001348  -0.0000002786   0.0000019698  -0.0000002178
 25 1  -0.0027505539  -0.0236537364  -0.0086036488  -0.0038733357  -0.0004606839
 25 2   0.0266314599   0.0572467363   0.0626612935  -0.0199885588  -0.0669706605
 25 3  -0.0031752757  -0.0125161285   0.0122655767  -0.0064830013   0.0050468846
 25 4   0.0053600844  -0.0263884271  -0.0287746192   0.0865419963   0.0217677231
 25 5  -0.0104015788  -0.0006331355  -0.0045327210   0.0006030293   0.0063292530
 25 6   0.0760380051  -0.0531342127   0.0293895157  -0.0246223071  -0.0736445550
 25 7  -0.0577442098   0.0298389280  -0.0350554763  -0.0431204671  -0.0959128703
 25 8  -0.0069170332   0.0421735155  -0.0641562784  -0.0261873017  -0.0095024089
 25 9  -0.0718101753  -0.0390309879   0.0198613828  -0.0979599982  -0.0487532339
 2510   0.0221465803  -0.0143089898  -0.0336041151  -0.0056430773   0.0004079906
 2511  -0.0493669836   0.0889925205   0.0177380983   0.0186352897  -0.0430897919
 2512  -0.0463906345  -0.0127017892   0.0247294296  -0.0142958175  -0.0858340627
 2513  -0.0223796724  -0.0403556590  -0.0366841784  -0.0185751131   0.0025592806
 2514   0.0239415430   0.0228892364  -0.0029267824   0.0815800405  -0.0987021939
 2515  -0.1686661250   0.0898999304   0.0360466990  -0.0589101520   0.0002696846
 2516  -0.0165343084   0.0269341009  -0.0039624670   0.0211239839  -0.0695088529
 2517  -0.0057121483  -0.0394221756   0.0093754203   0.0481555423  -0.0080272837
 2518  -0.0353878922   0.0439187614  -0.0657336582  -0.0196394654  -0.0106808233
 2519   0.0055606880  -0.0240137706  -0.0166223844   0.0105540309   0.0965941806
 2520  -0.0558261720  -0.0044513155  -0.1035535467   0.1196867081   0.0016783612
 2521  -0.0099953844  -0.0105712735   0.0156258468  -0.0162241771   0.0505279622
 2522  -0.0318404486  -0.0892090101   0.0266610177  -0.0011088791   0.0024490361
 2523   0.0312004029  -0.0135244966   0.0150360633  -0.0196656212  -0.0444116731
 2524   0.0423329896   0.0096104169  -0.0509411793   0.0036061404   0.0240803766
 2525   0.1645709099   0.0086314626  -0.1960614881   0.0189125847  -0.1364959442
 2526  -0.0476216151   0.0052519234   0.0466816337  -0.1815491118  -0.1841538831
 2527  -0.0592957233   0.0287805025   0.0858616242  -0.0053350122  -0.0204945748
 2528   0.0983033041  -0.0023088978  -0.0003031957   0.0000947584  -0.0003295065
 2529  -0.0003481512   0.0004213687  -0.0001034147   0.0005711145   0.0002440118
 2530   0.0000704456   0.0004166089   0.0003459511   0.0000128101  -0.0002246726
 2531   0.0000710643   0.0000550907   0.0000160419  -0.0000781378   0.0000095512
 2532  -0.0001146931   0.0000043501  -0.0000499845  -0.0000104507  -0.0000507772
 2533  -0.0000434205   0.0001293968  -0.0000303284  -0.0000555985  -0.0000276243
 2534  -0.0000466291  -0.0000450852  -0.0000057123  -0.0000219938   0.0000841340
 2535  -0.0000130905   0.0000250908  -0.0000180348  -0.0000007012  -0.0000101109
 2536  -0.0000044577  -0.0000005469   0.0000079984   0.0000170253   0.0000012231
 2537   0.0000017314  -0.0000023923   0.0000217734   0.0000094522   0.0000023102
 2538  -0.0000073476   0.0000003895  -0.0000350074   0.0000013385  -0.0000018371
 2539   0.0000200419   0.0000173308   0.0000166931   0.0000090369   0.0000520768
 2540   0.0000013549  -0.0000093895  -0.0000125208   0.0000018110  -0.0000034144
 2541  -0.0000057634  -0.0000088329  -0.0000060771  -0.0000064831  -0.0000023289
 2542   0.0000010526  -0.0000108407  -0.0000099099   0.0000054161  -0.0000309202
 2543   0.0000286851   0.0000084646   0.0000284202   0.0000346949  -0.0000380582
 2544   0.0000035494   0.0000057465  -0.0000022749   0.0000046055  -0.0000050027
 2545   0.0000026540  -0.0000022479  -0.0000053246   0.0000002337   0.0000008172
 2546   0.0000000157   0.0000001472   0.0000002977  -0.0000011508   0.0000003797
 2547  -0.0000008976   0.0000004596   0.0000004664  -0.0000006175
 26 1   0.0137993745   0.0074487766  -0.0322328283  -0.0076742678   0.0205311861
 26 2  -0.0211102527  -0.0590519930   0.0114888188  -0.0685868935  -0.0627998252
 26 3   0.0018514934  -0.0085478494  -0.0029693443  -0.0020573111  -0.0051998952
 26 4   0.0147523082  -0.0238684520   0.0483982061  -0.0390113173   0.0523242635
 26 5  -0.0667228796   0.0724319017  -0.0468721956   0.0737535296   0.0158516818
 26 6   0.0043104765  -0.0185063951  -0.0035613750   0.0391874548   0.0564603714
 26 7   0.0305925059   0.0567191545  -0.0758780626  -0.1020084560   0.0233411620
 26 8  -0.0272715817  -0.0168024237  -0.0159430422   0.0809563473   0.0375884902
 26 9   0.0734624252   0.0079534790  -0.0222397390   0.0048447245  -0.0015100670
 2610   0.0512898490  -0.0540940379   0.0866861056  -0.0278502772   0.0075349833
 2611  -0.0950740130  -0.0119489702  -0.0037050119   0.0217649886   0.0410325355
 2612  -0.0328368298   0.0609307094   0.0089874762  -0.0345382927  -0.0003312413
 2613   0.0318601905  -0.0256490329   0.0114526572   0.0016535792  -0.0163364398
 2614   0.0382588902   0.0489970404   0.0118430234   0.0426351275  -0.0218554769
 2615  -0.0912629496   0.0232528034  -0.0610455370   0.0399130933   0.0222096045
 2616   0.0342380877  -0.0135190374  -0.0020739104   0.0256450061  -0.0260231996
 2617  -0.0511099885  -0.0766932896  -0.0098627438   0.0424937591   0.0023353615
 2618   0.0682051757  -0.0627395355   0.0216874106  -0.0515586949  -0.0686283320
 2619  -0.1032256328   0.0068484328   0.0613312445   0.0106959749   0.0053264132
 2620   0.0136206130  -0.0200777061   0.0099390752  -0.0113234465  -0.0644666153
 2621   0.0067367424   0.0415892508  -0.1075770549   0.1425892762  -0.1351172237
 2622   0.0082294269  -0.0058260203   0.0606262977   0.0390539282  -0.0160652916
 2623  -0.0754493330  -0.0091873100  -0.0137393465  -0.0049739748  -0.0126748481
 2624   0.0338431243  -0.0022474224   0.0072168605   0.0096879557  -0.0018702917
 2625   0.0535554485  -0.0696681922  -0.1955560988   0.0345968242   0.2225982805
 2626  -0.0825545451   0.0044169092   0.0328101463   0.0348842718   0.0684333574
 2627   0.0456783952  -0.0462765598  -0.2879661695  -0.0095882492   0.0442628237
 2628   0.1155668567  -0.0024309284  -0.0011474959  -0.0004848037  -0.0010481766
 2629   0.0007352144   0.0002843736  -0.0002372894   0.0002090332  -0.0000078243
 2630   0.0001142560  -0.0003461569   0.0001664667   0.0003793300   0.0000682092
 2631   0.0000738596   0.0000244477   0.0000303956  -0.0000839740  -0.0000173880
 2632  -0.0000012372  -0.0000499813  -0.0000028204  -0.0000354390   0.0000051419
 2633  -0.0000166326   0.0000678440  -0.0000513485   0.0000158733  -0.0000108982
 2634  -0.0000150676  -0.0000360216  -0.0000245623  -0.0000655790  -0.0000142114
 2635  -0.0000127442  -0.0000075171  -0.0000143708  -0.0000066867   0.0000435311
 2636   0.0000077878   0.0000022769   0.0000379325   0.0000061057   0.0000057231
 2637  -0.0000001863  -0.0000033306   0.0000035319  -0.0000235487  -0.0000116101
 2638  -0.0000123390   0.0000194445  -0.0000113566   0.0000214791   0.0000177419
 2639   0.0000034683   0.0000124805  -0.0000036902   0.0000168901   0.0000398904
 2640  -0.0000077643  -0.0000011976  -0.0000125215  -0.0000007909   0.0000001681
 2641   0.0000064552  -0.0000017284   0.0000023867  -0.0000012106   0.0000091258
 2642  -0.0000067431  -0.0000073547  -0.0000097162  -0.0000014663   0.0000017085
 2643   0.0000111481   0.0000325395   0.0000070667  -0.0000165065  -0.0000186129
 2644   0.0000179231   0.0000103796  -0.0000009673   0.0000001405  -0.0000034119
 2645   0.0000000450  -0.0000028724  -0.0000028515  -0.0000002375   0.0000002953
 2646  -0.0000003692  -0.0000000008   0.0000001221   0.0000000457   0.0000008519
 2647  -0.0000000626   0.0000009313   0.0000005333  -0.0000003334
 27 1   0.0534842224  -0.0178236346   0.0195920033  -0.0182942283   0.0828442428
 27 2   0.1048988867  -0.0595015078   0.0066903295   0.0292700911  -0.0038308131
 27 3   0.0635166066   0.0160153982  -0.0558637428   0.0581752357   0.0086402359
 27 4   0.0437469180   0.0613857829  -0.1650111048   0.0644331295   0.2018466937
 27 5   0.0583239557  -0.2343286374  -0.0111132037   0.0464587078   0.0242204993
 27 6   0.2606492007   0.1511243273   0.0122268049   0.0292986077   0.1683423968
 27 7  -0.0993514693   0.0001930987   0.1139918963  -0.0565254199  -0.0759050678
 27 8   0.2253660458  -0.0894097637  -0.0668215428   0.0359709685  -0.0000486277
 27 9   0.1121945195  -0.0080434088  -0.0462745493   0.0482961702  -0.0382309598
 2710   0.0356536220   0.0219438171   0.0464633115   0.0060409582  -0.0022719388
 2711   0.0183682916  -0.0746292733  -0.0277580622   0.0213497399   0.0387419106
 2712   0.1200280338  -0.0309157896   0.0645097110  -0.0688552065  -0.0278960808
 2713   0.0847265430   0.0843717293   0.0258471030  -0.0715271487  -0.0710295021
 2714  -0.0018287597   0.0026220737   0.1184404267   0.0066448939  -0.0378332480
 2715  -0.0504964468  -0.0491247083  -0.0478745912  -0.0283678499  -0.0075723794
 2716   0.0042771952   0.0271636906  -0.0070460532   0.0017846251   0.0358439674
 2717   0.0026301359  -0.0162173731  -0.0065454355   0.0362790846  -0.0426374844
 2718  -0.0309467067  -0.0512837786   0.0167186747  -0.0214169471   0.0092511767
 2719   0.0488900193   0.0064081831  -0.0373560430   0.0129665162   0.0029167699
 2720  -0.0165850981  -0.0088257884   0.0269268809  -0.0012216940   0.0151531601
 2721  -0.0407081535   0.1197008601   0.0909168397  -0.0072539571   0.0861405378
 2722   0.0071291773   0.0057326146  -0.0107156895  -0.0419256976  -0.0039396025
 2723  -0.0478303580   0.0115300348  -0.0028460276   0.0176307960  -0.0038175159
 2724   0.0024557605   0.0241670989  -0.0130704355   0.0028707335   0.0004293815
 2725  -0.0081736542  -0.0112043563  -0.0190812008   0.0083214283   0.0072988826
 2726  -0.0040699850  -0.0008846226  -0.0012910939  -0.0114464171  -0.0004810578
 2727  -0.0036000313   0.0048231231   0.0038721937   0.0016591560   0.0004149345
 2728   0.0018441631   0.0007577258   0.0001298104  -0.0006466034  -0.0005761383
 2729   0.0008387867  -0.0003770805   0.0001333755  -0.0002666655  -0.0001604788
 2730  -0.0002705982   0.0000048804   0.0004128573   0.0004190332  -0.0000157222
 2731   0.0001574078  -0.0000801974   0.0000997820  -0.0000599622   0.0001136041
 2732   0.0000699206  -0.0000837547   0.0000137608  -0.0000795172   0.0000036591
 2733  -0.0000102865   0.0000313143  -0.0000612804   0.0000571673   0.0000320127
 2734  -0.0000090899   0.0000468884  -0.0000085771  -0.0000017254  -0.0000833542
 2735   0.0000019109   0.0001392272  -0.0000208380   0.0000103664   0.0000318969
 2736   0.0000059437  -0.0000072380   0.0000317797  -0.0000053188  -0.0000037167
 2737   0.0000034899  -0.0000020511   0.0000320204   0.0000109562  -0.0000114779
 2738  -0.0000056014   0.0000224218   0.0000145193   0.0000070566   0.0000261686
 2739   0.0000135163  -0.0000060289   0.0000302323   0.0000047862   0.0000506762
 2740  -0.0000047802   0.0000083432  -0.0000213687   0.0000014195   0.0000054948
 2741  -0.0000128721  -0.0000004033  -0.0000010401   0.0000153101   0.0000148931
 2742  -0.0000444222   0.0000231822  -0.0000233982   0.0000211905   0.0000219897
 2743   0.0000195924  -0.0000786992  -0.0000121025   0.0000131850  -0.0000104304
 2744  -0.0000027670   0.0000019531  -0.0000011509  -0.0000049866  -0.0000037875
 2745  -0.0000032135  -0.0000008699  -0.0000032378  -0.0000000539  -0.0000003697
 2746   0.0000000648   0.0000002172  -0.0000000126   0.0000015564   0.0000008577
 2747  -0.0000002395   0.0000002878   0.0000002015  -0.0000025872
 28 1  -0.0115293268  -0.0148744579  -0.0432054139  -0.0115053395  -0.0011714164
 28 2   0.0260309113   0.0571601542   0.0631240160  -0.0195180516  -0.0672073439
 28 3  -0.0206380289  -0.0094562378   0.0161686624  -0.0028566243   0.0052261632
 28 4   0.0297255241  -0.0314250004  -0.0004176885   0.1345552316   0.0504617993
 28 5  -0.0272085777   0.0180782506  -0.0070242313   0.0338115536   0.0147045616
 28 6   0.1214855419  -0.0710367399   0.0173810823  -0.0056040576  -0.0498086382
 28 7  -0.1587005818   0.0268044217  -0.0131028184  -0.0160044933  -0.0562641184
 28 8   0.0350179844  -0.0398811867  -0.0758339240   0.0011645982  -0.0042487825
 28 9  -0.1245846281  -0.0321266224  -0.0034192840  -0.0684128824  -0.0006548586
 2810   0.0651901979   0.0156165379  -0.0501133533  -0.0080833328   0.0192132921
 2811  -0.1104091329   0.0096645620   0.0825954552  -0.1029236220  -0.0297102677
 2812  -0.0391718232   0.1604389015  -0.1292875043  -0.0446008519  -0.0448346746
 2813  -0.1002495954  -0.0811896778   0.0256504415   0.0081211283   0.0592439250
 2814   0.0151052585   0.0026130407  -0.0358952735   0.1080072529  -0.0425871810
 2815   0.0430514920   0.0267370901  -0.0002759583  -0.1305230682  -0.1048024871
 2816   0.0649202929   0.0555077786   0.0130153851  -0.0583392310   0.0622312036
 2817   0.0120250832   0.0105493059  -0.0365555438   0.0635277614  -0.0177653367
 2818  -0.0457883368   0.0358720927   0.0312744218  -0.0232684803   0.0154561984
 2819  -0.0086362686  -0.0043515241   0.0516763100   0.0063449391   0.0377936507
 2820  -0.0063847036  -0.0055366411   0.0281193141   0.0770936861  -0.0393468517
 2821  -0.0123727684   0.0575625986  -0.0118565895   0.0333231497   0.0809217939
 2822  -0.0707932320   0.1522509347  -0.0287926215  -0.0888594808   0.0160057453
 2823  -0.0084055579   0.0058244896  -0.0013505938  -0.0056212753   0.0399765676
 2824   0.0007598744   0.0001789578   0.0089396615   0.0046800529  -0.0068256627
 2825  -0.0845432279   0.0386572197   0.1415965816   0.0925800105   0.1139451227
 2826   0.0118801414  -0.0005106015  -0.0825895865   0.0898277130   0.0365289611
 2827   0.0375540377   0.0054793000  -0.0448753350   0.0031256716   0.0106449384
 2828  -0.0659124579   0.0029391511   0.0006005381   0.0001560872   0.0014753096
 2829   0.0012635821  -0.0005543374  -0.0007952217   0.0003279606  -0.0006574359
 2830   0.0000905294   0.0001089232   0.0001995826  -0.0000489357   0.0000441932
 2831   0.0001438701   0.0001280290   0.0001634633  -0.0002161150  -0.0000659830
 2832  -0.0000266344   0.0000385929  -0.0001669238  -0.0000519660   0.0001144342
 2833  -0.0000206483   0.0000520839  -0.0000418928  -0.0000481852  -0.0000501486
 2834  -0.0000387628  -0.0000542060   0.0000185810  -0.0000326808  -0.0000726573
 2835   0.0000030536   0.0000939388  -0.0000673980   0.0000031218   0.0000223021
 2836  -0.0000486072  -0.0000160204   0.0000238296   0.0000211338   0.0000083772
 2837  -0.0000400970   0.0000048222   0.0000048621   0.0000199653  -0.0000375858
 2838   0.0000094702   0.0000147873   0.0000029499   0.0000129273   0.0000044367
 2839   0.0000153156   0.0000053643  -0.0000112057  -0.0000145455  -0.0000335295
 2840   0.0000090325  -0.0000238016   0.0000017014   0.0000065477  -0.0000204613
 2841   0.0000083531  -0.0000561431  -0.0000068262   0.0000049111  -0.0000056596
 2842   0.0000187189  -0.0000322708  -0.0000089157  -0.0000005344   0.0000006821
 2843   0.0000327881  -0.0000433856   0.0000258171   0.0000193159   0.0000238281
 2844  -0.0000006470   0.0000015962   0.0000022871  -0.0000011490   0.0000083272
 2845  -0.0000010559   0.0000006436   0.0000078300  -0.0000002785  -0.0000013115
 2846  -0.0000002387  -0.0000014610   0.0000000083   0.0000012253   0.0000002168
 2847   0.0000004258  -0.0000000794  -0.0000000376  -0.0000013844
 29 1  -0.0003469535   0.0132342321  -0.0785414897  -0.0124484796   0.0202928557
 29 2  -0.0148711464  -0.0516082634  -0.0078168835  -0.0692999242  -0.1208284707
 29 3  -0.0149742848  -0.0036993216  -0.0175884433  -0.0047507040  -0.0012635789
 29 4   0.0564563378  -0.0233120621   0.0805436786   0.0395757203   0.0718694267
 29 5  -0.0587430416   0.0217605412   0.0296850797   0.0509200285   0.0434843315
 29 6   0.0020449018   0.0292289972  -0.0474449242   0.0600830265   0.0742626041
 29 7   0.0780647180   0.0357490295  -0.0671202440  -0.0382631810   0.1144199391
 29 8   0.0181327751  -0.0519566665   0.1078630054  -0.0905865380  -0.0335893148
 29 9   0.0157435180   0.0193665951  -0.0907792986   0.0426011655   0.0454961857
 2910  -0.0352894220   0.0443780772   0.0367197075   0.0032865317  -0.0076661972
 2911  -0.0185136105  -0.0225303551  -0.0442345275   0.0263272361  -0.0161423516
 2912   0.0218313490  -0.0657947276  -0.0218429956   0.0542153712   0.0263321915
 2913   0.0725317350   0.0624851385  -0.0073957540  -0.0189710762  -0.0121162475
 2914  -0.0056200395  -0.0005018502  -0.0143375159  -0.0832270458   0.0409527748
 2915  -0.0131765398  -0.0635320719   0.0465883588   0.0083450608   0.0396121632
 2916  -0.0769257390  -0.0143548971  -0.0082865473   0.0460378871  -0.0864820971
 2917   0.0391156783   0.0189683264   0.0476689386  -0.0312725969   0.0101544288
 2918  -0.0305318165   0.0657858221  -0.0632260656   0.0451651508   0.0560315499
 2919   0.0490546605  -0.0202868613  -0.0310772488   0.0022291464   0.1720369826
 2920  -0.0394946435   0.0029215062  -0.0440743515  -0.0074856353   0.0667766861
 2921  -0.0490907804  -0.0106849639  -0.0310619521   0.0654944814   0.1099089485
 2922  -0.1347325509   0.0466943630  -0.0159456577   0.0801898207   0.0103156700
 2923   0.0417619305  -0.0873274801  -0.0029801927  -0.0119521379   0.0074235197
 2924   0.0118003840   0.0016601355  -0.0139037805  -0.0028801216   0.0043546185
 2925   0.0773649139   0.0293076818   0.0110818865   0.2145959051   0.0560628640
 2926  -0.0084037652   0.0060426656  -0.1543656333   0.0547888016  -0.0544478628
 2927   0.1023139094   0.0829115938  -0.0512586732  -0.0097306564   0.0387384519
 2928   0.0321763522  -0.0002864485   0.0007438147  -0.0001592387   0.0009658076
 2929   0.0000549437  -0.0000559971  -0.0001088146  -0.0001561760  -0.0001002716
 2930   0.0000439946  -0.0006094729  -0.0002331963  -0.0000289287   0.0002125472
 2931  -0.0000478647  -0.0000830455   0.0000008910  -0.0000219148  -0.0000230060
 2932   0.0000002875  -0.0001041048   0.0001157781   0.0000455948  -0.0000288966
 2933  -0.0000191448   0.0000451544   0.0000332014   0.0000581140   0.0000196905
 2934  -0.0000021780   0.0000273711   0.0000161165   0.0000574606   0.0000014013
 2935   0.0000039272  -0.0000267295   0.0000207485   0.0000100387   0.0000084631
 2936  -0.0000189217   0.0000000615  -0.0000058351  -0.0000292838   0.0000115285
 2937   0.0000297201   0.0000071780   0.0000007615   0.0000236389  -0.0000074205
 2938   0.0000120860   0.0000031097   0.0000338823   0.0000188362  -0.0000106424
 2939   0.0000167031  -0.0000130245   0.0000109231  -0.0000156972  -0.0000023435
 2940   0.0000079106   0.0000020352   0.0000213543  -0.0000021142  -0.0000056661
 2941   0.0000070913  -0.0000061522  -0.0000084892   0.0000073355  -0.0000045350
 2942   0.0000070530  -0.0000276245  -0.0000025036   0.0000019026   0.0000311535
 2943   0.0000062573  -0.0000019281  -0.0000171988  -0.0000137746   0.0000288456
 2944  -0.0000043890   0.0000041365   0.0000051550  -0.0000081012   0.0000055255
 2945  -0.0000066681  -0.0000007064   0.0000038355  -0.0000009779  -0.0000023087
 2946  -0.0000003476  -0.0000007658   0.0000004376  -0.0000000477  -0.0000001401
 2947  -0.0000002598  -0.0000002609   0.0000002780   0.0000007429
 30 1   0.0169845613   0.0819733283  -0.0418679641  -0.0622523884   0.1289860664
 30 2   0.1436023170  -0.0542112516  -0.0224888617  -0.0012373963   0.0141001827
 30 3   0.1264894914   0.0951229182  -0.2125738095   0.0200489348  -0.0048187332
 30 4   0.0395825595   0.1558327560   0.1693503951  -0.0103205170  -0.1369921690
 30 5   0.0027932186   0.0375523417   0.0246991534   0.0540773044   0.1276889351
 30 6  -0.1697590289   0.1178844011  -0.0613219991  -0.0217093157  -0.1086769160
 30 7   0.0848057651   0.0983043309  -0.0163735403   0.0980123215  -0.0110901658
 30 8  -0.1402610025   0.1102675258   0.0705227205  -0.0633396293   0.0458191428
 30 9  -0.0711150564   0.0224248578   0.0200773943  -0.0667619621  -0.0389616166
 3010   0.0160359883  -0.0899414262  -0.0560785808   0.0064025819  -0.0122124265
 3011  -0.0139995233   0.0298673177  -0.0257716506   0.1227355547  -0.0113203232
 3012  -0.0027910265  -0.0863062557   0.0174583004   0.0365956617  -0.0779534421
 3013   0.0236993082   0.0116889867  -0.0135617689  -0.0129449022   0.0050709449
 3014   0.0058112904  -0.0314345329   0.0351211366   0.0627663478  -0.0549076640
 3015  -0.0605793378  -0.0031116244  -0.0532436073  -0.0641478126  -0.0100722311
 3016   0.0579877418   0.0527750002  -0.0067439661   0.0024129056   0.0349386933
 3017  -0.0037997609   0.0064067974  -0.0189608662   0.0328531132  -0.0250444501
 3018  -0.0126380337  -0.0093078632   0.0173668071  -0.0069788343   0.0054162990
 3019  -0.0064153984  -0.0028212877   0.0160840254   0.0023064535   0.0096900419
 3020   0.0033232642  -0.0033918402   0.0230761395   0.0090120451  -0.0133747370
 3021  -0.0070171589   0.0123145341   0.0026091045   0.0108763353   0.0172535059
 3022  -0.0052205690   0.0238362810  -0.0086271628  -0.0150274516   0.0002316502
 3023  -0.0108678077   0.0095137097   0.0008529758   0.0001792798   0.0088350060
 3024  -0.0019428275  -0.0039776714   0.0042528118   0.0026757320  -0.0032446336
 3025  -0.0159211995   0.0026997613   0.0143598887   0.0007417362   0.0125049076
 3026   0.0027068739  -0.0001791728  -0.0008048312   0.0103239967   0.0097672726
 3027  -0.0009610908  -0.0059664957  -0.0015269171  -0.0020653927  -0.0029588117
 3028  -0.0054252350  -0.0012370337   0.0000443220   0.0004362759  -0.0003475633
 3029  -0.0011923031  -0.0000132629   0.0006241693   0.0000747205   0.0003630346
 3030   0.0000243314   0.0003241676  -0.0002988989  -0.0002163027  -0.0001762924
 3031  -0.0002083991  -0.0000279944  -0.0001286903   0.0000775388  -0.0000442183
 3032   0.0001522580  -0.0001503625   0.0001081899   0.0000128700  -0.0000616391
 3033   0.0000173494  -0.0000438067   0.0000886067   0.0001202713   0.0000910582
 3034   0.0000793191   0.0001277098  -0.0000210513   0.0000038137  -0.0000011261
 3035  -0.0000062139  -0.0001874610   0.0001118728  -0.0000095792   0.0000245570
 3036   0.0000292270   0.0000033756  -0.0000204504  -0.0000397248  -0.0000020542
 3037   0.0000300102  -0.0000043220  -0.0000071230  -0.0000233057  -0.0000017377
 3038  -0.0000018712  -0.0000246474  -0.0000000300  -0.0000205132  -0.0000031647
 3039  -0.0000023967  -0.0000170774  -0.0000088116   0.0000624711   0.0000295815
 3040  -0.0000054471   0.0000280906   0.0000055500  -0.0000004449  -0.0000012789
 3041   0.0000178409   0.0000132677   0.0000051448  -0.0000027932  -0.0000036678
 3042  -0.0000163741   0.0000017646  -0.0000043554  -0.0000116796   0.0000271672
 3043  -0.0000400304   0.0000740073  -0.0000675763  -0.0000704843  -0.0000389681
 3044  -0.0000012139  -0.0000079342  -0.0000019352   0.0000041297   0.0000165660
 3045   0.0000056678   0.0000052111   0.0000164398   0.0000001112  -0.0000012621
 3046   0.0000002232  -0.0000033680  -0.0000003556  -0.0000030576  -0.0000019895
 3047   0.0000001001   0.0000005071   0.0000005032   0.0000016660
 31 1  -0.0121868796  -0.0022105248   0.0106126821  -0.0076235852   0.0014061209
 31 2   0.0239867929   0.0505210640   0.0780278207  -0.0209203626  -0.0162344864
 31 3   0.0017028168  -0.0154318356  -0.0005879474  -0.0065503060  -0.0085427455
 31 4   0.0082913090   0.0197256022  -0.0209261886   0.0641079665  -0.0339113032
 31 5   0.0062097759  -0.1149793517   0.1267826659  -0.0723388890  -0.0728151401
 31 6  -0.0525189591   0.0450429548  -0.0983001900   0.0147529623   0.0007895426
 31 7   0.0198215639   0.1231690659   0.0196056895  -0.0903610127   0.0518450328
 31 8  -0.0919441888   0.0405327572  -0.0766199019   0.0320229049   0.0592563509
 31 9   0.0244324312  -0.0014938510  -0.0220213357  -0.0155027359  -0.1097588758
 3110  -0.0382069922   0.0525845244   0.0528017701  -0.0147282032  -0.0127184521
 3111  -0.0295749603   0.0310847438   0.0213755137   0.0046113448   0.1454936798
 3112  -0.0542343560   0.0871257771  -0.0267759511   0.1049580290  -0.0592579802
 3113   0.0438983313   0.0969417980  -0.0887319635   0.0207311892  -0.1489021187
 3114   0.0066299763  -0.0502110483   0.0426414714   0.0276777189   0.0678638472
 3115   0.1386674861  -0.0890370056   0.1038206404  -0.0025935773  -0.0934118998
 3116   0.0502467904  -0.0362787762   0.0025963118  -0.0579142536  -0.0536671116
 3117  -0.1008481831   0.0412084747  -0.0496530414   0.0495508726  -0.0552433239
 3118   0.0256302716   0.0293879368  -0.0384846345  -0.0021653129  -0.0404967514
 3119  -0.0005715126  -0.0042248837   0.0168265903  -0.0022911164  -0.0009290594
 3120  -0.0024200830  -0.0071954482   0.0756894677   0.0068154017  -0.0350050805
 3121   0.0216856945   0.0174002715  -0.0798856531   0.0180832243   0.0509523095
 3122  -0.0047651418   0.0658579290  -0.0474515538   0.0199407212   0.0185200057
 3123   0.0301439817   0.0688936752   0.0159461051   0.0161619226  -0.0526153131
 3124  -0.0292868380   0.0200970195  -0.0022453482   0.0122543293   0.0096676642
 3125   0.0992786494  -0.0874558692   0.1014055740  -0.0775869916  -0.0536612005
 3126  -0.0443368044   0.0011722371  -0.0143198184   0.1009863607   0.0090327342
 3127   0.0371606113   0.0423373416  -0.1234085146   0.0136529348  -0.0441775466
 3128   0.0295375701   0.0020354403  -0.0004367199   0.0001007233   0.0004459806
 3129   0.0001215873   0.0000371290  -0.0002921033  -0.0005113057  -0.0001906142
 3130  -0.0000987508   0.0001504366  -0.0001879378   0.0000832123   0.0000786130
 3131   0.0000075502  -0.0000053717   0.0000208891   0.0000298644  -0.0000012365
 3132   0.0001095964  -0.0000286190   0.0000323012  -0.0000718989  -0.0000138538
 3133   0.0000105656  -0.0000216898   0.0000433349   0.0000281435  -0.0000232605
 3134   0.0000081041   0.0000106740  -0.0000562747   0.0000322716   0.0000048157
 3135   0.0000043920  -0.0000117536   0.0000120325   0.0000010111  -0.0000153835
 3136  -0.0000139532   0.0000270945  -0.0000208294  -0.0000067604  -0.0000503296
 3137   0.0000014182   0.0000481840   0.0000169325  -0.0000001273   0.0000106417
 3138   0.0000117536  -0.0000083392   0.0000118830   0.0000072502  -0.0000088970
 3139  -0.0000126475   0.0000156755  -0.0000152491  -0.0000157624  -0.0000285804
 3140  -0.0000277932  -0.0000029710   0.0000122870  -0.0000063671  -0.0000037057
 3141  -0.0000169584  -0.0000040210   0.0000053824   0.0000006813   0.0000250856
 3142  -0.0000379700   0.0000072231   0.0000185995   0.0000341978   0.0000233319
 3143  -0.0000007681  -0.0000057822  -0.0000289137  -0.0000051014  -0.0000292980
 3144   0.0000103768  -0.0000028419   0.0000092843   0.0000009225   0.0000017760
 3145   0.0000010210   0.0000028071   0.0000010277  -0.0000036376   0.0000001726
 3146   0.0000009698   0.0000000882  -0.0000003584   0.0000002455   0.0000004854
 3147   0.0000004367  -0.0000004974   0.0000006611   0.0000000330
 32 1  -0.0003912961  -0.0035304534  -0.0265124247   0.0104427195   0.0212105666
 32 2  -0.0370536626  -0.0775577481   0.0598834815  -0.0667284897   0.0826428660
 32 3   0.0207808925  -0.0097101426   0.0079305074   0.0127072733   0.0059331494
 32 4  -0.0202821112   0.0297495621   0.0194503668   0.0456267031  -0.0430600286
 32 5   0.0461469038   0.0847938260  -0.0378724159  -0.0572945295   0.0438981309
 32 6   0.0893262245   0.0092798074   0.0609786778   0.0016893030  -0.0118522919
 32 7  -0.0207633095  -0.0623477485   0.0659831231   0.0045389029   0.0014084162
 32 8   0.0181042909  -0.0061331254   0.1144569367  -0.0447562818  -0.0065057346
 32 9  -0.0043180059   0.0136505298   0.0064641193  -0.0121992286   0.0410394291
 3210   0.0165916778  -0.0196619782   0.0094061656   0.0081233253   0.0080426800
 3211  -0.0492236235  -0.0252059669   0.0351008152  -0.0421487932  -0.0688545732
 3212   0.0271836715  -0.0802128078   0.0855177609  -0.0588883810   0.0683311333
 3213  -0.0230687927   0.0247215428   0.0075530796   0.0546612504   0.0658254651
 3214  -0.0742693175  -0.0063850716  -0.0461576400   0.0760119030  -0.0450738862
 3215   0.0041888002   0.0290097224  -0.0497979960  -0.0816669227   0.0043320635
 3216  -0.0382254138  -0.0493648139  -0.0600113577   0.0477590650  -0.0896497826
 3217  -0.0492423323  -0.0912945558  -0.0310757057   0.0504807274   0.0214394510
 3218   0.0569343724   0.0351078709   0.0831205444  -0.0124098198  -0.0365597687
 3219   0.0954621875   0.0044521095  -0.0184133486  -0.0137628873  -0.0364303679
 3220  -0.0046704449   0.0156369996  -0.0082719273  -0.0624106367  -0.0009773458
 3221  -0.0782273262  -0.1327919475   0.0704864667   0.0819165740   0.0151792496
 3222  -0.0158659456   0.0224759688   0.0197892330   0.0148268653   0.0300831064
 3223   0.1945578174   0.0249570533   0.0306715554   0.0035922894  -0.0085807981
 3224  -0.0181703608   0.0254607672  -0.0095331413   0.0039650594   0.0046055339
 3225  -0.0445861336  -0.0475715859  -0.0236774646  -0.0261010931   0.0085816987
 3226  -0.0202793767  -0.0039095470   0.0546976382   0.2189292117  -0.1567613053
 3227   0.0775737352   0.1182973745  -0.1001151402   0.0159828198  -0.0629498326
 3228   0.0344133142   0.0065505066  -0.0019590405   0.0007519636   0.0010369351
 3229  -0.0002142693   0.0015235708  -0.0006789806  -0.0009317531  -0.0005725409
 3230   0.0004478154   0.0004512473   0.0001621658   0.0001525356  -0.0000367063
 3231  -0.0002045216   0.0000946614  -0.0002406505  -0.0002470212  -0.0000427137
 3232   0.0002676629   0.0001717959  -0.0000968888  -0.0001166428   0.0000017924
 3233   0.0000462413   0.0000278304  -0.0000509692   0.0000183503  -0.0000492786
 3234  -0.0000503775  -0.0000090671   0.0000014055  -0.0001141118   0.0000866894
 3235  -0.0000336748   0.0000010067  -0.0000227554  -0.0001532279  -0.0000166345
 3236  -0.0000040807  -0.0000038406  -0.0000247371   0.0000242370   0.0000343695
 3237  -0.0000122216   0.0001271507   0.0000061061  -0.0000048772  -0.0000039224
 3238  -0.0000579187   0.0000343900  -0.0000384236   0.0000467805  -0.0000148155
 3239  -0.0000041090   0.0000175517   0.0000168236  -0.0000010065   0.0000078068
 3240   0.0000174164  -0.0000104061   0.0000571882   0.0000375606  -0.0000060527
 3241  -0.0000354115  -0.0000091714   0.0000285121   0.0000113944   0.0000153229
 3242  -0.0000369817  -0.0000120621  -0.0000028751  -0.0000142583  -0.0000184224
 3243   0.0000024038   0.0000348103   0.0000474830  -0.0000491540  -0.0000120467
 3244   0.0000342156   0.0000203468   0.0000051927   0.0000068860  -0.0000053328
 3245   0.0000052534  -0.0000071112  -0.0000031343  -0.0000008769   0.0000015124
 3246  -0.0000008966  -0.0000000702  -0.0000004121   0.0000007327   0.0000003749
 3247  -0.0000001411  -0.0000005144  -0.0000001386  -0.0000004138
 33 1  -0.0271097613  -0.0270351423  -0.0627812602   0.0397485107  -0.0138399529
 33 2  -0.0627076122  -0.0376472032   0.0810521305   0.1222069564  -0.0499268444
 33 3   0.0731137057  -0.0045898272   0.0113768223   0.0296934657   0.0120415829
 33 4   0.0235093193   0.0320739372   0.1123275790  -0.0349698543  -0.1280929829
 33 5  -0.0627870798  -0.1606520803  -0.0296986112   0.0260826524  -0.0072650735
 33 6   0.0808484593  -0.0612806430   0.0662253478  -0.0839960919   0.0870356325
 33 7   0.0719274855   0.0058190621   0.0059041858   0.0026543366   0.0536397775
 33 8  -0.0663804493  -0.0652504134   0.0014115495   0.0283354500   0.0360493182
 33 9   0.0076997558  -0.0125569639   0.0894490536  -0.2583475986  -0.1229751177
 3310  -0.1962300836   0.0148198302   0.0508670076   0.0155053238   0.0188543969
 3311  -0.0439819561  -0.1200758759  -0.1249305309  -0.0711968552   0.0768065260
 3312  -0.0075285744   0.0003337231  -0.0439157193   0.0404363944  -0.0046944217
 3313   0.0059026949   0.0051844577  -0.0213366528  -0.0169550014  -0.0588495424
 3314  -0.0398362468   0.0723219873   0.0006922371  -0.0222135038   0.0007074374
 3315   0.0272348562  -0.0114054804  -0.0248193281  -0.0205871620   0.0550250435
 3316  -0.0474594295  -0.0031748825   0.0111653494  -0.0387788491  -0.0268016864
 3317   0.0383188081  -0.0420353886  -0.0470340050   0.0027462087   0.0395186841
 3318  -0.0154656621  -0.0179649208   0.0630069943   0.0206447784   0.0177345804
 3319  -0.0524819876  -0.0331601668   0.1093761946  -0.0112517455  -0.0703496135
 3320  -0.0741730512   0.0003760298  -0.0336695879  -0.0295192087  -0.0606300705
 3321  -0.0355013743  -0.0509930389   0.1160437250   0.0522542137   0.1384281717
 3322   0.0288234865  -0.0557123440   0.0302345063   0.0275854085  -0.0443579230
 3323   0.0846162812   0.0026224982  -0.0153808640  -0.0056419463   0.0331098635
 3324   0.0357759699  -0.0049825692  -0.0091787589  -0.0210710072   0.0000005427
 3325  -0.0320445671   0.0298546483  -0.0170886187   0.0197263724   0.0225239686
 3326   0.0190836716   0.0053793885   0.0070471652  -0.0188722084  -0.0073330048
 3327  -0.0110652132  -0.0032296532   0.0207508561  -0.0038546748   0.0068949232
 3328  -0.0062920239   0.0001430726   0.0009494937  -0.0008596277   0.0003816681
 3329   0.0010819343  -0.0004587320  -0.0001132183  -0.0003303130   0.0001663364
 3330  -0.0001276940   0.0006069008   0.0004504104  -0.0000081610  -0.0002935195
 3331   0.0000423004   0.0000360767   0.0002356765   0.0000745851  -0.0001716322
 3332   0.0002187948   0.0003496138  -0.0000873659  -0.0001087532  -0.0000516640
 3333   0.0000527645   0.0000963778  -0.0000660953  -0.0000114671  -0.0000241428
 3334  -0.0000556232   0.0000216566   0.0000068200  -0.0000918551   0.0000221651
 3335   0.0000132984  -0.0000029252  -0.0000340925  -0.0000376913  -0.0000215663
 3336  -0.0000059956   0.0000280314   0.0000341581  -0.0000056865  -0.0000702278
 3337  -0.0000026751  -0.0000549445   0.0000014497   0.0000081933   0.0000078369
 3338   0.0000554266   0.0000165513  -0.0000090288  -0.0000041620  -0.0000145013
 3339   0.0000064263  -0.0000254007  -0.0000130730  -0.0000495042  -0.0000015366
 3340  -0.0000429514  -0.0000134819   0.0000110368  -0.0000205115  -0.0000028853
 3341   0.0000079311  -0.0000071057   0.0000268197  -0.0000132008   0.0000058162
 3342   0.0000018739   0.0000021835   0.0000156897   0.0000058928  -0.0000082690
 3343   0.0000315029  -0.0000106169  -0.0000740017   0.0000689429   0.0000727140
 3344  -0.0000588532   0.0000048746  -0.0000036904  -0.0000014922  -0.0000032253
 3345  -0.0000017455  -0.0000028991  -0.0000032524   0.0000017123   0.0000000316
 3346   0.0000002416   0.0000003494  -0.0000027140   0.0000003097   0.0000001895
 3347  -0.0000003877  -0.0000002816   0.0000002468   0.0000001619
 34 1  -0.0174007843  -0.0049541852   0.0115246781  -0.0019538780  -0.0008218105
 34 2   0.0221409202   0.0503100377   0.0793343137  -0.0194481052  -0.0174116253
 34 3   0.0043463692  -0.0093179921  -0.0005881748  -0.0072902218  -0.0020074958
 34 4   0.0027064084   0.0135295011   0.0025855304   0.0566801075  -0.0075420645
 34 5   0.0006857787  -0.0819171178   0.0707617435  -0.0528376864  -0.0277968483
 34 6  -0.0429239929   0.0124469252  -0.0215609017  -0.0219157697   0.0106390890
 34 7   0.0312386672   0.0506903971   0.0650195971  -0.0267878254  -0.0066410509
 34 8  -0.0646529009   0.0490933419  -0.1132743453  -0.0697161607   0.0795540725
 34 9   0.0091402756  -0.0008096720  -0.0361555668   0.0325394968  -0.0697089569
 3410  -0.0490479028   0.0303846104   0.0539036921  -0.0063689085  -0.0211647631
 3411  -0.0192892990   0.0394850679  -0.0028608066  -0.0002284494   0.0845289662
 3412  -0.0250116101   0.0425884498  -0.0394527027   0.0542844609  -0.0247802050
 3413   0.0126394418   0.0442545393   0.0069558204   0.0055069758  -0.0357936571
 3414   0.0134780505  -0.0249049585   0.0045538128  -0.0286774435   0.0081824011
 3415   0.0415490878  -0.0118791168   0.0084424197  -0.0349427016  -0.0099679698
 3416  -0.0703883120  -0.0009202473  -0.0071013080   0.0280884289  -0.0248457792
 3417   0.0041074331   0.0302570797   0.0641464357  -0.0536309606   0.0203007479
 3418  -0.0251018537  -0.0710880739   0.0313226719  -0.0249252313  -0.1065436182
 3419   0.1218739309   0.0202616135   0.0623207697   0.0184352895   0.0214670393
 3420   0.0664832752  -0.0006781248  -0.0275480769   0.0200674258   0.0648072617
 3421  -0.0299097400  -0.0236747769  -0.0574831310   0.0420307990   0.0008540855
 3422  -0.0776894682  -0.0305172837   0.0384186511  -0.0498907154   0.0447165982
 3423   0.0642217715  -0.0472475679   0.0225090174  -0.0139085459   0.0303953729
 3424  -0.0158776594  -0.0049367116   0.0087600748   0.0024061209  -0.0101487069
 3425  -0.1134079022   0.0428918795  -0.1581211796   0.0454994382   0.1491522201
 3426   0.1098258997  -0.0143475264   0.0657565116  -0.0816830058  -0.1266779628
 3427  -0.0366687544   0.0614937438   0.2068215569  -0.0204240361   0.0459986605
 3428  -0.0403489551  -0.0009313156   0.0004780548  -0.0004004935   0.0004654054
 3429  -0.0015731455   0.0002869892  -0.0003053057   0.0002693566   0.0003329818
 3430  -0.0001002457   0.0002903123  -0.0003108410   0.0001044957  -0.0000222109
 3431  -0.0001797047   0.0000712091   0.0000466182   0.0000556031  -0.0000351703
 3432  -0.0001859463  -0.0000234241   0.0000325374  -0.0001404193  -0.0000432581
 3433   0.0000383635   0.0000524208  -0.0000554391   0.0000036597   0.0000043729
 3434   0.0000171669  -0.0000186181  -0.0000445727   0.0000010282  -0.0000267941
 3435  -0.0000332300  -0.0000070153  -0.0000003996  -0.0000303400  -0.0000247678
 3436   0.0000123032  -0.0000145662   0.0000285326  -0.0000011819   0.0000031447
 3437  -0.0000015398   0.0000051325  -0.0000116492   0.0000071175  -0.0000007622
 3438   0.0000023319   0.0000040498  -0.0000039606  -0.0000387879   0.0000060707
 3439  -0.0000015434  -0.0000060560  -0.0000124196  -0.0000263969   0.0000077659
 3440   0.0000140789   0.0000026763   0.0000023371   0.0000149926   0.0000029827
 3441  -0.0000122479  -0.0000012534  -0.0000061957   0.0000096800  -0.0000089409
 3442  -0.0000113290   0.0000168644  -0.0000064650   0.0000032186  -0.0000170019
 3443   0.0000233224   0.0000311880  -0.0000119732   0.0000091029   0.0000259893
 3444  -0.0000216060  -0.0000087609  -0.0000033958   0.0000001086   0.0000005824
 3445   0.0000002907   0.0000011248   0.0000005390   0.0000010582  -0.0000001026
 3446   0.0000008627   0.0000001407  -0.0000005479  -0.0000003979   0.0000000947
 3447  -0.0000006144  -0.0000003140  -0.0000000297   0.0000000207
 35 1   0.0124942028   0.0021224283  -0.0190160775   0.0035165946   0.0202484981
 35 2  -0.0281298809  -0.0714667115   0.0405628122  -0.0680690829   0.0247537486
 35 3   0.0141214985  -0.0074635844  -0.0005882305   0.0012132375  -0.0022707573
 35 4   0.0025410279  -0.0119481069  -0.0282597696  -0.0622242202  -0.0371001131
 35 5  -0.0063651101   0.0902615534  -0.0618220959  -0.0282263849   0.0633846901
 35 6   0.0493123003   0.0002126992   0.0186444108   0.0255856954   0.0020019427
 35 7  -0.0499199959  -0.0013764882   0.0696461389  -0.0588762376  -0.0118467935
 35 8   0.0117509240   0.0354332991  -0.0222249498   0.0336175628  -0.0007498607
 35 9  -0.0074713965  -0.0117348607  -0.0050941251  -0.0048836097  -0.0060685055
 3510  -0.0245197791   0.0003303579  -0.0854035258   0.0147693726  -0.0046149657
 3511   0.0173340053  -0.0115766497  -0.0407996160   0.0142142682   0.0649162124
 3512  -0.0004110304  -0.0251861115  -0.0027327932   0.0228770930  -0.0514234438
 3513  -0.0657275746   0.0770961865  -0.0051493243   0.0429871641   0.0446255901
 3514   0.0400744167   0.0133465961   0.0219589542  -0.0823310269   0.0407332610
 3515   0.1607673578   0.0621414793  -0.0144199257  -0.0379032434   0.0011578802
 3516   0.0128890675  -0.0208364839  -0.0305007218   0.0097930584   0.0422933801
 3517  -0.0332304962   0.0673496388   0.0182595391  -0.0205008097  -0.0236842414
 3518  -0.0307944035  -0.0666747110  -0.0992919850   0.0159858534   0.0281575760
 3519  -0.0284737140  -0.0008650140   0.0777920444   0.0099654168   0.0425660457
 3520  -0.0028204363  -0.0060055847  -0.0381276347   0.0711863044  -0.0932140901
 3521   0.0034382741   0.0128442401   0.1064616968  -0.0114831692  -0.0651684731
 3522  -0.0747308612  -0.0343878808   0.1175689370  -0.1839865398  -0.0069754269
 3523  -0.1508645384   0.0278639550   0.0073335679   0.0093743434   0.0513662473
 3524   0.0027820440  -0.0058424637   0.0240727073  -0.0066223261  -0.0081068342
 3525   0.0588625064  -0.0625406233  -0.0869102790   0.0550592283  -0.0610705751
 3526   0.0314396901  -0.0058146667   0.0332091617   0.0032550697   0.0048068419
 3527   0.3097274404  -0.0606660788   0.0558017017   0.0276137683  -0.0349320939
 3528  -0.0658307063   0.0055412658  -0.0008024902   0.0000170789   0.0009128180
 3529   0.0007509385   0.0000716425   0.0000753829  -0.0004307916  -0.0000519528
 3530   0.0000206786   0.0008565071  -0.0002221566   0.0005043216  -0.0001145107
 3531   0.0003098546   0.0000597502   0.0000492270  -0.0000163467  -0.0000082965
 3532  -0.0000823318  -0.0001288743   0.0001413983  -0.0000922250  -0.0000074451
 3533  -0.0000522274   0.0000347375  -0.0000165874  -0.0000239680   0.0000236450
 3534  -0.0000563718   0.0000177881   0.0003055940   0.0000096281  -0.0000029655
 3535  -0.0000032028   0.0000070115   0.0000062479  -0.0000102955  -0.0000029121
 3536   0.0000018986   0.0000088828   0.0000078809   0.0000046171   0.0000050967
 3537   0.0000007451   0.0000082947  -0.0000127004   0.0000127889   0.0000018196
 3538   0.0000005723   0.0000157304  -0.0000048826   0.0000076987  -0.0000136670
 3539   0.0000128461  -0.0000230417  -0.0000167932  -0.0000128222  -0.0000068562
 3540  -0.0000042345  -0.0000006122   0.0000044086  -0.0000051934  -0.0000037009
 3541  -0.0000019421  -0.0000008701  -0.0000102607   0.0000090230  -0.0000111087
 3542   0.0000190110  -0.0000185146   0.0000121639  -0.0000151860   0.0000133051
 3543  -0.0000303581  -0.0000448339   0.0000167717  -0.0000008934   0.0000351118
 3544  -0.0000468183   0.0000117372  -0.0000032851   0.0000017337  -0.0000007986
 3545   0.0000009710  -0.0000036141  -0.0000009736   0.0000010470   0.0000002938
 3546  -0.0000003222  -0.0000000834   0.0000007426   0.0000003252   0.0000002253
 3547   0.0000007117   0.0000022608  -0.0000002913   0.0000000242
 36 1  -0.0392151130   0.0044875386   0.0103444887   0.0134141133   0.0320931894
 36 2  -0.0235739949  -0.0326113217   0.0519124118   0.0916344670  -0.0320173085
 36 3  -0.0084365671   0.0119831670  -0.0141711402   0.0223313312  -0.0031003760
 36 4   0.1508992298  -0.0982999820  -0.1138104366  -0.0169290488  -0.2049746392
 36 5  -0.2333082891  -0.0049612335  -0.0219307067  -0.0887435046   0.1317646759
 36 6  -0.2633362438   0.0668349812  -0.0471604257   0.1936954226   0.2439815194
 36 7  -0.2699463572  -0.0450310022   0.0340708791  -0.0442530144  -0.1663316195
 36 8   0.1473726091   0.0325868173  -0.0065346915  -0.0237542272   0.0262583346
 36 9   0.0231165586   0.0118191992   0.0308683147   0.0284061582  -0.0252617072
 3610   0.0172739990   0.0453744090   0.0043202164  -0.0051098036  -0.0145687285
 3611   0.0114574194  -0.0206846270   0.1002310549   0.1036532817  -0.0873212006
 3612  -0.1219288009  -0.0297647295  -0.0020028740   0.0332123489  -0.1051609094
 3613  -0.0266399673   0.0205907302   0.0163686875   0.0046367532   0.0277479901
 3614   0.0058186928  -0.0388925924  -0.0561250767   0.0977565517   0.0454452101
 3615  -0.0023431133  -0.0688570912  -0.0080529753   0.0319271876  -0.0145588375
 3616  -0.0453901883  -0.0406696282   0.0099642477  -0.0187556344  -0.0167412606
 3617   0.0092951181  -0.0568556143   0.0106297101   0.0306964914  -0.0091498499
 3618  -0.0402844746  -0.0856428293   0.0408311273  -0.0379482168   0.0411040071
 3619   0.0223396495   0.0025269391  -0.0054479877  -0.0116503779   0.0287704877
 3620  -0.0108555807   0.0042398140   0.0017339944   0.0247937315  -0.0341472163
 3621   0.0233575045  -0.0367640256   0.0926191835   0.0458014053   0.0106830257
 3622  -0.0140063842  -0.0389740282  -0.0152287541   0.0487480939  -0.0050191250
 3623   0.0334882838  -0.0218608275  -0.0017260527   0.0211847905  -0.0051958323
 3624   0.0370442856  -0.0052984946   0.0185211891   0.0044435231  -0.0027116594
 3625  -0.0132487435   0.0268609234   0.0098701433  -0.0054618989   0.0019295453
 3626  -0.0022454126   0.0023652181  -0.0066012944  -0.0026391898   0.0056982934
 3627  -0.0191512970  -0.0036541287  -0.0075878452  -0.0016403779   0.0003385598
 3628   0.0081159584  -0.0005914289   0.0004524487   0.0002711041   0.0004572589
 3629  -0.0004887609  -0.0001445363   0.0000013799   0.0000022231   0.0004739940
 3630  -0.0001654588   0.0005615414   0.0003678651  -0.0003719497  -0.0000335805
 3631  -0.0006158976  -0.0001959285   0.0002685247   0.0000241413  -0.0003529817
 3632   0.0000097221   0.0001724033   0.0000035829   0.0000522289   0.0000529668
 3633  -0.0000383078  -0.0000257415   0.0000913887  -0.0000965651   0.0000803946
 3634   0.0000502723  -0.0000336564   0.0001986086  -0.0000170985   0.0000509792
 3635   0.0000121625  -0.0000200442   0.0000182736   0.0000846403  -0.0000461009
 3636   0.0000045955  -0.0000074547   0.0000029510  -0.0000028086  -0.0000062161
 3637  -0.0000038275  -0.0000072927   0.0000284426  -0.0000203759  -0.0000010048
 3638  -0.0000791894   0.0000562020  -0.0000006875   0.0000360915  -0.0000513590
 3639   0.0000757177  -0.0000149444   0.0000135319   0.0000532112   0.0000021172
 3640  -0.0000219256   0.0000154342  -0.0000856538   0.0000099121   0.0000147871
 3641  -0.0000116548   0.0000000923  -0.0000259901   0.0000586519  -0.0000293780
 3642  -0.0000331777  -0.0000102555   0.0000321668  -0.0001319640  -0.0000796069
 3643  -0.0000977445  -0.0000682879   0.0000088858  -0.0000130797   0.0000428452
 3644  -0.0000606068  -0.0000054095  -0.0000017107   0.0000005248   0.0000009805
 3645   0.0000008092   0.0000008701   0.0000013555   0.0000004268   0.0000002744
 3646   0.0000008551   0.0000002901  -0.0000008790  -0.0000003326  -0.0000000759
 3647  -0.0000012051   0.0000056773   0.0000039136  -0.0000002853
 37 1  -0.0112462257  -0.0108314651   0.0033349961  -0.0066049198  -0.0007818590
 37 2   0.0221735007   0.0503129659   0.0793129269  -0.0194744684  -0.0173843471
 37 3   0.0060761443  -0.0125430715  -0.0009646431  -0.0000636910   0.0005259700
 37 4   0.0046687565  -0.0056569129  -0.0071208478   0.0613087767   0.0349916821
 37 5  -0.0183014991  -0.0326952266   0.0135740714   0.0057293688  -0.0027294815
 37 6  -0.0242558930  -0.0075549851  -0.0080069228  -0.0353542684  -0.0369536862
 37 7  -0.0262599676   0.0015720972   0.0529495706  -0.0060770662  -0.0775409585
 37 8  -0.0503796656   0.0438836845  -0.1201402938  -0.0662766879   0.0647356714
 37 9   0.0094977233  -0.0107839703   0.0477903274  -0.0165254670  -0.0396019627
 3710   0.0013088507  -0.0174808740   0.0097446715   0.0146429848   0.0013327772
 3711  -0.0073129491   0.0326414689  -0.0228024001   0.0058061608  -0.0077041320
 3712   0.0351471593   0.0110642264  -0.0122191424   0.0508354518   0.0449367670
 3713  -0.0052847347   0.0238870045  -0.0265232729   0.0157206480   0.0375653335
 3714   0.0128624748  -0.0207411057   0.0325453648  -0.0232794666  -0.0338732225
 3715   0.0093570006  -0.0546815211   0.0527866146  -0.0383260292  -0.0051677948
 3716  -0.0706752735   0.0150231457  -0.0206935997   0.1167704276   0.0343424702
 3717  -0.0651392132   0.0544720243   0.1047592702  -0.1115540753   0.0080992717
 3718  -0.0346505915   0.0467045669   0.0822880326   0.0026127811   0.0227652181
 3719   0.0920203866   0.0202014186  -0.0105397438  -0.0050987021  -0.1101294570
 3720   0.0230205361   0.0248188960  -0.0192506229   0.0669239200   0.0277255531
 3721  -0.1062949091  -0.0897056056   0.0936408428   0.0272997235  -0.1379610677
 3722   0.0678325832   0.0146920912  -0.0092488915   0.0588356468  -0.0332607669
 3723  -0.0375635270  -0.0587422993  -0.0215481818  -0.0115927976   0.0237714991
 3724   0.0439963545  -0.0118089775  -0.0257862280  -0.0040879544   0.0090689995
 3725   0.0418533299   0.1486105083   0.0578211036   0.0538262695   0.0124002250
 3726  -0.1077506443   0.0107851280  -0.0103415628   0.0453993350   0.0667290200
 3727  -0.0172379078  -0.1526459316  -0.2313316741   0.0200628808  -0.0375954993
 3728   0.0658655502   0.0011296256  -0.0003469395   0.0003839747  -0.0012514910
 3729   0.0026400093  -0.0003098197   0.0000656535  -0.0003189529  -0.0002087617
 3730   0.0000520938   0.0000817097   0.0000632954   0.0003604110   0.0002741100
 3731   0.0006412630  -0.0000708443  -0.0000371157   0.0000314216   0.0000601496
 3732   0.0000723330   0.0000796338  -0.0001316505   0.0000922126   0.0000023404
 3733  -0.0000532547  -0.0000443516  -0.0001053047   0.0000674524   0.0000528512
 3734  -0.0000107575   0.0000432919  -0.0000166772   0.0000295785   0.0000848287
 3735   0.0000090780   0.0000166408  -0.0000204930   0.0000288858  -0.0000353206
 3736   0.0000202363   0.0000002226   0.0000742066  -0.0000136618  -0.0000057712
 3737   0.0000067142  -0.0000038689   0.0000079109  -0.0000022807  -0.0000014145
 3738  -0.0000182094  -0.0000079965   0.0000170423   0.0000012877  -0.0000289189
 3739   0.0000079606  -0.0000122198  -0.0000253146   0.0000279424  -0.0000101921
 3740  -0.0000153491   0.0000048959  -0.0000127858  -0.0000046162   0.0000003667
 3741  -0.0000093829  -0.0000035339  -0.0000025933   0.0000069997   0.0000029838
 3742  -0.0000014495  -0.0000009438  -0.0000113268  -0.0000115941  -0.0000095470
 3743  -0.0000191045   0.0000293366  -0.0000225721   0.0000146145  -0.0000240848
 3744  -0.0000447953   0.0000034013   0.0000006611  -0.0000048148   0.0000021820
 3745  -0.0000034835  -0.0000010325   0.0000018440  -0.0000000717  -0.0000004653
 3746  -0.0000001784   0.0000001920   0.0000000621  -0.0000000948  -0.0000000283
 3747  -0.0000003468   0.0000014518  -0.0000000169  -0.0000003486
 38 1   0.0276404984   0.0056509502  -0.0260228072   0.0003284150   0.0203679341
 38 2  -0.0232264609  -0.0633669253   0.0212953877  -0.0684710796  -0.0332509570
 38 3   0.0174298711  -0.0109730396  -0.0101389532  -0.0003907537  -0.0049724978
 38 4   0.0036312428  -0.0191485124  -0.0131125857  -0.0770741222   0.0352837230
 38 5  -0.0139582457   0.0328653831  -0.0491508616   0.0101745314   0.0151806810
 38 6   0.0104241258   0.0085803107   0.0032127591   0.0000865665   0.0449876631
 38 7   0.0655658900   0.0536710437  -0.0206013696  -0.0921710893  -0.0109050207
 38 8  -0.0463283642   0.0385100739  -0.0912624705   0.0772652589   0.0060511833
 38 9   0.0257676573  -0.0005421633  -0.0006828911   0.0246119857  -0.0236205646
 3810  -0.0129539959   0.0011628769   0.0234721164  -0.0011706157   0.0079548076
 3811   0.0246105127  -0.0008586469  -0.0234311043   0.0318750745   0.0332349633
 3812   0.0050570192  -0.0019127424  -0.0413044370   0.0357315415   0.0395936056
 3813   0.0017454195  -0.0233985018   0.0352685214   0.0257053220   0.0307854612
 3814   0.0043862919  -0.0139933351  -0.0468656300   0.0421144057   0.0056833832
 3815   0.0168073822   0.0068459512  -0.0486889162   0.0984223247  -0.0281330160
 3816   0.1282624224   0.0020046249   0.0218394566   0.0408153477   0.1269404372
 3817  -0.0529588466  -0.1424040053  -0.0008303657   0.0374963498   0.0319381330
 3818   0.0986141185   0.0550248981   0.0940680942  -0.0033231251   0.0341326955
 3819  -0.0018985424   0.0188242328   0.0548256825   0.0055972827  -0.0023339580
 3820   0.0593483271   0.0132181155  -0.0048510911  -0.0266982781   0.0140489503
 3821  -0.0559027182  -0.0753959317  -0.0941416701   0.1083408136   0.2277445137
 3822  -0.1321374398   0.0432479340  -0.0247490604  -0.0392929547  -0.0189094257
 3823  -0.0423031402   0.0807709790  -0.0134595500   0.0276559313  -0.0331475776
 3824  -0.0424717696  -0.0063964399  -0.0167211712   0.0064474224  -0.0006853164
 3825  -0.0119326841   0.0945870082  -0.0237065878   0.0634856635  -0.0156771210
 3826  -0.0234871257   0.0044927421  -0.0725307314  -0.1869208505  -0.1288361741
 3827  -0.0026718077  -0.0186559767   0.2648848987   0.0246446380  -0.0825833937
 3828   0.0710958170   0.0047078711   0.0002337604  -0.0002674044   0.0018277917
 3829   0.0013343958   0.0011566355  -0.0007597798  -0.0001073443   0.0001267827
 3830  -0.0000988693  -0.0009439698  -0.0000342174   0.0003256371  -0.0003837530
 3831   0.0001841129  -0.0000225686  -0.0002353589  -0.0000306392  -0.0000184486
 3832   0.0001851670  -0.0000393634   0.0001244527  -0.0000008818   0.0000376387
 3833  -0.0000547599   0.0001392741   0.0000135581   0.0000190382   0.0000005080
 3834   0.0000072099   0.0000164645   0.0000239647   0.0000845652   0.0000144689
 3835   0.0000119811   0.0000257225  -0.0000332984  -0.0000061366  -0.0000361265
 3836  -0.0000128183   0.0000062105  -0.0000375242  -0.0000077062   0.0000107228
 3837   0.0000106639   0.0000081074  -0.0000035549   0.0000201914   0.0000174371
 3838   0.0000098771   0.0000097232   0.0000295693   0.0000148110  -0.0000120762
 3839   0.0000151710  -0.0000136191  -0.0000056411  -0.0000341229  -0.0000166242
 3840   0.0000059801   0.0000039335   0.0000176145   0.0000015664   0.0000015338
 3841  -0.0000014914  -0.0000009552  -0.0000030535   0.0000133315   0.0000071442
 3842   0.0000021138  -0.0000044913   0.0000008841  -0.0000054901   0.0000231337
 3843   0.0000266556  -0.0000620632   0.0000038350   0.0000252306   0.0000270718
 3844  -0.0000095087   0.0000048321   0.0000041277  -0.0000061709   0.0000007634
 3845  -0.0000050587  -0.0000023224  -0.0000002855  -0.0000004852  -0.0000009266
 3846  -0.0000002783  -0.0000003070  -0.0000000573   0.0000005541   0.0000001145
 3847  -0.0000011043  -0.0000002471   0.0000001331   0.0000005807
 39 1   0.0510982320  -0.0162693235   0.0003827787  -0.0156808414   0.0781881667
 39 2   0.0151381989  -0.0273447352   0.0227555009   0.0611418357  -0.0140997822
 39 3   0.0033684056  -0.0022758192  -0.0270865579   0.0320207897   0.0046502085
 39 4  -0.0104073204  -0.0349176714  -0.1191997606   0.0515045040   0.0968182200
 39 5  -0.0497819657  -0.0122296409  -0.1160530776  -0.1266026676  -0.1743053163
 39 6   0.1276793535   0.0167443247  -0.0727061301   0.0144021289   0.0759666944
 39 7  -0.0054337878  -0.1998511807  -0.2089387345   0.0640900792  -0.0178807959
 39 8  -0.2688128903   0.1441514576   0.0830281510  -0.0238431167  -0.0292360599
 39 9  -0.0535609646   0.0418327999  -0.0080132135  -0.0152830373   0.0530520813
 3910  -0.0193355832  -0.0433097506  -0.0432281542   0.0216037265  -0.0027550937
 3911  -0.0311457424   0.0547344068  -0.0809069136  -0.0829658637   0.0960947836
 3912  -0.0354659155   0.0262729630  -0.0585629799  -0.0080755839   0.1536239684
 3913  -0.0192657966   0.0002803951   0.0216847391   0.1619014594  -0.0632422760
 3914   0.0558900205  -0.0630803339   0.0003439749   0.0228690497   0.0534436495
 3915   0.0016367360   0.0009151366   0.0221880091   0.0241219143   0.1558338580
 3916  -0.0263892155   0.0076698869  -0.0045506755  -0.0448530521  -0.0083593572
 3917   0.0096308943  -0.0013576211   0.0290790027   0.0516662477  -0.0320060721
 3918  -0.0488699202  -0.1182361356   0.0349960812  -0.0483836659   0.0427120241
 3919   0.0717383627   0.0168385363  -0.0342892652   0.0025355110   0.0282311518
 3920  -0.0179626277  -0.0254109951   0.0453711274   0.0032061866  -0.0625223389
 3921  -0.0188032067  -0.0243938025   0.0554637444   0.0047843834   0.0238568006
 3922   0.0345712897  -0.0053649450  -0.0157069511   0.0047280487   0.0150447243
 3923  -0.0219813259  -0.0142747793   0.0023325403   0.0020331987  -0.0135131838
 3924   0.0156620796  -0.0215078256  -0.0205188384  -0.0152757671  -0.0023130714
 3925  -0.0065441450  -0.0149704618   0.0003294691  -0.0003283407  -0.0135634508
 3926  -0.0031013969  -0.0011242720  -0.0013640920   0.0017362344   0.0044992957
 3927  -0.0031936211   0.0052498632  -0.0032252803   0.0043400203   0.0048017763
 3928  -0.0045003570   0.0033499632  -0.0011190454  -0.0021041792   0.0009358105
 3929   0.0015178132   0.0000788970  -0.0002512661  -0.0002783679  -0.0000186874
 3930  -0.0000599331  -0.0013947984   0.0002005165   0.0004989929   0.0006991251
 3931   0.0003182494  -0.0002718684   0.0003683382  -0.0000513169   0.0001107975
 3932   0.0000736952  -0.0002806987   0.0001821131   0.0000359645  -0.0004541261
 3933  -0.0000887662   0.0000802601   0.0003960853  -0.0000055273   0.0000354779
 3934  -0.0000853606   0.0000393904  -0.0000501707   0.0003068702   0.0000380539
 3935  -0.0000102465  -0.0000203093  -0.0001021759  -0.0000054737  -0.0000996782
 3936  -0.0001077050   0.0000412608  -0.0003233424  -0.0000013844  -0.0000062209
 3937   0.0000136132   0.0000029481  -0.0000016747   0.0000376041   0.0000617444
 3938   0.0000386579  -0.0000071731   0.0000065221  -0.0000131153   0.0000122775
 3939   0.0000033046  -0.0000059956   0.0000008537  -0.0000673771  -0.0000329512
 3940  -0.0000006341   0.0000035161  -0.0000025200  -0.0000057684   0.0000025322
 3941   0.0000220528   0.0000063468   0.0000039446   0.0000123883   0.0000132924
 3942  -0.0000123188   0.0000128679   0.0000089052   0.0000307098   0.0000676965
 3943  -0.0000207916  -0.0000818088   0.0000035034  -0.0000177824  -0.0000105656
 3944   0.0000587537  -0.0000052576  -0.0000001535  -0.0000034996   0.0000003610
 3945  -0.0000030842   0.0000009759  -0.0000003802   0.0000005773  -0.0000002359
 3946   0.0000002301  -0.0000003853  -0.0000004022  -0.0000009600  -0.0000009513
 3947  -0.0000002568  -0.0000009733  -0.0000004183  -0.0000004181
 40 1  -0.0104379168  -0.0047411502  -0.0083249328  -0.0104797347  -0.0011773681
 40 2   0.0218163718   0.0502270139   0.0796604996  -0.0192109886  -0.0172438243
 40 3  -0.0035123676  -0.0123364516  -0.0018398397   0.0003240542   0.0015106341
 40 4   0.0220517383  -0.0124987488   0.0192240307   0.0825139717   0.0652355606
 40 5  -0.0447903381   0.0227580094  -0.0128541754   0.0565420297  -0.0021696126
 40 6   0.0203427034  -0.0692494420   0.0028623779  -0.0051163569  -0.0233212832
 40 7  -0.1235037396   0.0145232371   0.0154951158   0.0273946952  -0.0566212783
 40 8  -0.0659865301  -0.0051504634  -0.0832019698   0.0198849484   0.1046483300
 40 9  -0.0391758822  -0.0022225907   0.0854278824  -0.0012394664  -0.0088361302
 4010   0.0050501364  -0.0974124720  -0.0142987861   0.0023747710   0.0113295591
 4011  -0.0273466307  -0.0161493001   0.0474502105   0.0805108091   0.0216032047
 4012   0.0578612771   0.0709580438   0.0079260146  -0.0128804467   0.0008077657
 4013  -0.0233085334   0.0063026351   0.0014700902   0.0117384790   0.0323394221
 4014   0.0028717131  -0.0383452709   0.0276263912  -0.0127754090  -0.0153554901
 4015  -0.0441830406  -0.0593132470  -0.0337270624  -0.0215244434   0.0254507544
 4016  -0.0843222165   0.0014099975   0.0033421572   0.1068699764  -0.0277819656
 4017  -0.0421295393   0.0242740114   0.0281932844  -0.0583170075  -0.0467632964
 4018   0.0849617261  -0.0793488570   0.0582443039   0.0064910023   0.0133976477
 4019  -0.0956008499   0.0262182952   0.0484109526  -0.0214629525   0.0401814394
 4020   0.0201614420   0.0016080068   0.0142008067  -0.1127332185  -0.0154472466
 4021  -0.0068638297  -0.0457469768   0.0956236852  -0.0475268060  -0.0847342280
 4022   0.1294202249   0.0036253733  -0.0266693635   0.0749588146  -0.0353559737
 4023  -0.0396477084   0.0612320323  -0.0222039915  -0.0038901448  -0.0453797825
 4024   0.0032148233  -0.0021531865   0.0172847795   0.0040726412   0.0017093014
 4025   0.0047840809  -0.1468120786  -0.0868952732   0.0774148171  -0.1266678169
 4026   0.0487008867   0.0037222230  -0.1001497763   0.1054059294   0.0981572803
 4027   0.0383711831   0.1819159007   0.2048233705  -0.0152124969   0.0223230379
 4028  -0.1072488336  -0.0006654086   0.0002580295   0.0008508854   0.0006303432
 4029  -0.0016763495  -0.0002682622   0.0007643778  -0.0007055469  -0.0000779162
 4030   0.0001127165   0.0006971883  -0.0003948332  -0.0007926836  -0.0004214395
 4031  -0.0004903318   0.0000475048   0.0001163229  -0.0001972374  -0.0000551777
 4032   0.0001046059  -0.0000662905   0.0000951982   0.0000799733  -0.0001046934
 4033   0.0002707940  -0.0001635880   0.0000585096   0.0000852884   0.0000699649
 4034  -0.0000045508  -0.0001178993   0.0000372449   0.0000581688   0.0000336727
 4035   0.0000001735  -0.0000093502   0.0001047584  -0.0000374796  -0.0000100377
 4036  -0.0000218445   0.0000023448  -0.0000060945   0.0000352895   0.0000111506
 4037   0.0000099320   0.0000073203  -0.0000065950   0.0000085732   0.0000200579
 4038   0.0000103946   0.0000321997  -0.0000219398   0.0000235414   0.0000088378
 4039  -0.0000002148  -0.0000030110   0.0000035033  -0.0000345401  -0.0000210371
 4040   0.0000063045  -0.0000135465   0.0000020518   0.0000081613  -0.0000248843
 4041   0.0000000420   0.0000246639  -0.0000053481   0.0000140924  -0.0000042707
 4042   0.0000106193  -0.0000215637   0.0000044626  -0.0000298479   0.0000475769
 4043   0.0000140477   0.0000331665   0.0000288091   0.0000459761   0.0000434825
 4044   0.0000107056   0.0000048778   0.0000034899   0.0000059723   0.0000012474
 4045   0.0000048390  -0.0000016892   0.0000017230  -0.0000002530   0.0000003398
 4046  -0.0000003984   0.0000004633   0.0000002067  -0.0000005885   0.0000007606
 4047   0.0000002475  -0.0000006182  -0.0000001756   0.0000010391
 41 1   0.0130826048   0.0078472001  -0.0365891123  -0.0007529313   0.0202805122
 41 2  -0.0175263753  -0.0556105457   0.0019179528  -0.0690552194  -0.0915339244
 41 3   0.0071027982  -0.0090630574  -0.0210291178  -0.0031246032  -0.0025175024
 41 4   0.0123806339  -0.0182866690   0.0445983959  -0.0098359892   0.0578184004
 41 5  -0.0420628585  -0.0016940521   0.0054441573   0.0279659153   0.0068563980
 41 6  -0.0556318725   0.0193032737  -0.0013755455   0.0202323352   0.0424701853
 41 7   0.0872939202   0.0278322599  -0.0269483408  -0.0804462164   0.0017341667
 41 8   0.0035409345  -0.0222825172  -0.0076629490   0.0049945922  -0.0409252892
 41 9   0.0507629827   0.0205723060  -0.0053566406   0.0118396990  -0.0038666348
 4110  -0.0513413850  -0.0007383546   0.0577022078  -0.0015661576  -0.0014909886
 4111  -0.0004280652   0.0473046495  -0.0164624498   0.0214247015  -0.0276972924
 4112   0.0022428210   0.0155043501   0.0743957988   0.0018364528   0.0236117166
 4113   0.0139050033   0.0087533244  -0.0149346784   0.0212882093  -0.0137767912
 4114   0.0107113411   0.0660108586  -0.0131351564  -0.0226307226  -0.0058864271
 4115  -0.1505400940   0.0396590540   0.1087711466   0.0419762730   0.0563600147
 4116  -0.1109965677  -0.0245372078  -0.0054468143   0.0924166410  -0.1375287277
 4117  -0.0095384110  -0.0260967946   0.0301527168   0.0160020408  -0.0004134203
 4118   0.0170896073   0.0210658941  -0.0367789636  -0.0283601181  -0.0269244294
 4119  -0.0526154960  -0.0164246713   0.0318362927   0.0087734237   0.0266740215
 4120  -0.0260976366  -0.0128000595  -0.1257267269   0.1633350364  -0.0720132039
 4121   0.0038492951   0.0283129905   0.0670589473  -0.0719153155  -0.0285532115
 4122   0.0684053660   0.0576017985   0.0048029446  -0.1639388122   0.0007909016
 4123  -0.0147937583   0.0973789678   0.0080528734  -0.0256871268  -0.0072579550
 4124   0.0435738220   0.0102867307  -0.0175085609   0.0188282170   0.0000925610
 4125  -0.1290449782  -0.0054951796   0.1425342895  -0.0085191369   0.0556006838
 4126   0.0290193910  -0.0031991816   0.0045548019   0.0790372588   0.1026174939
 4127  -0.1266507509  -0.0457710353   0.1309603514   0.0229067455  -0.0613642021
 4128  -0.3481927318   0.0066334843   0.0000371333   0.0010835245   0.0004120048
 4129  -0.0014917152  -0.0010039103   0.0001500314  -0.0000831859  -0.0000971056
 4130   0.0004100686   0.0004853322  -0.0004078272  -0.0006225482  -0.0005187455
 4131  -0.0003700911  -0.0000438090   0.0001213683  -0.0000655538   0.0001039802
 4132   0.0000585974  -0.0001003825   0.0000958517  -0.0000216130   0.0000155499
 4133   0.0001091680  -0.0000721017   0.0000580842  -0.0001818858  -0.0001147245
 4134  -0.0000769373   0.0002744771  -0.0000267048   0.0000578407  -0.0000039486
 4135   0.0000015937   0.0000113523   0.0000878361  -0.0000168508  -0.0000011501
 4136  -0.0000445484  -0.0000172813   0.0000395350   0.0000670833  -0.0000094631
 4137   0.0000350047   0.0000021603  -0.0000087605  -0.0000043011   0.0000311519
 4138  -0.0000028719  -0.0000098765   0.0000238252  -0.0000103524  -0.0000066993
 4139  -0.0000050354  -0.0000243406  -0.0000051283   0.0000241171   0.0000078362
 4140   0.0000047119  -0.0000307338   0.0000019747   0.0000143114  -0.0000476136
 4141   0.0000145821   0.0000269110   0.0000058401   0.0000061401  -0.0000052719
 4142  -0.0000266477   0.0000339374   0.0000048349   0.0000118213  -0.0000010642
 4143   0.0000072967  -0.0000427686   0.0000034218   0.0000134014  -0.0000228993
 4144  -0.0000325820  -0.0000023236   0.0000001865  -0.0000084542   0.0000027353
 4145  -0.0000050842   0.0000011100   0.0000043324   0.0000001629  -0.0000015868
 4146   0.0000000177   0.0000003479  -0.0000001370   0.0000001342  -0.0000015788
 4147  -0.0000000848  -0.0000002712  -0.0000002812  -0.0000007619
 42 1   0.0242760738   0.0293667752  -0.0414337925  -0.0626795354   0.1246212189
 42 2   0.0536465542  -0.0218537982  -0.0065407135   0.0305891441   0.0039010957
 42 3   0.0002423697   0.0171212504  -0.0108978548  -0.0048408586   0.0114699878
 42 4  -0.0875938489  -0.0552651825   0.1484152139  -0.0455361574  -0.0039341321
 42 5  -0.0469889665   0.0694483727   0.1043687976  -0.1553369735  -0.2563192545
 42 6  -0.1027337908  -0.2918793613   0.1172273342  -0.0611894677  -0.1107748479
 42 7  -0.1721679453  -0.2019885032   0.0245105268  -0.3008932809   0.1034790307
 42 8   0.1093484160  -0.1734638894  -0.0845015158  -0.0124079014  -0.0118873536
 42 9   0.0493075155   0.0006119950  -0.0543588953   0.0144584034  -0.0023111843
 4210  -0.0323354456   0.0433128069   0.0172486201  -0.0058322101  -0.0067405217
 4211   0.0225344226   0.0311615960  -0.0324210174   0.0695539191   0.0021435887
 4212  -0.0686203155  -0.1278932460   0.0252040205   0.0657276935   0.0434116446
 4213   0.0193745888  -0.0099912726  -0.0460528486  -0.0088184819   0.0367318438
 4214   0.0194718446   0.0968487794  -0.0118160926  -0.0068408379  -0.0589469502
 4215  -0.0296190531  -0.0976593348  -0.0602767812  -0.0223867228  -0.0144205849
 4216   0.0951595896   0.0308972519  -0.0191475094   0.0034784154   0.0123369195
 4217  -0.0144744301   0.0079937136   0.0175485554   0.0030321792  -0.0347474165
 4218   0.0075934963  -0.0519464344   0.0323950908  -0.0128113262   0.0156503861
 4219   0.0231221674   0.0027729051  -0.0224744502   0.0129871274   0.0056177909
 4220  -0.0136373523  -0.0241290723   0.0768269920  -0.0177360302  -0.0463475916
 4221  -0.0156603110  -0.0176026201  -0.0297335047  -0.0732758148   0.0596258805
 4222   0.0479146925   0.0211641240   0.0155669691  -0.0320338344  -0.0008891445
 4223   0.0146317314  -0.0343275314  -0.0058434439   0.0235324907  -0.0031469007
 4224  -0.0069784350   0.0046794706   0.0080381281   0.0000420822  -0.0004401642
 4225  -0.0116901740   0.0010366454   0.0021588716  -0.0051618088  -0.0102057709
 4226   0.0069952793  -0.0003495846  -0.0019672280  -0.0034055241  -0.0004642090
 4227   0.0043402943   0.0059182519   0.0045741852  -0.0007116569   0.0030238794
 4228   0.0095268203  -0.0003332919  -0.0003652644  -0.0003683870   0.0000112910
 4229   0.0008317315  -0.0001925489   0.0000569659  -0.0004724466  -0.0005673891
 4230  -0.0001250138  -0.0005012528  -0.0002731200   0.0002726328   0.0005223131
 4231   0.0001278253  -0.0000697421   0.0000627301   0.0000340848   0.0000755436
 4232   0.0003167688  -0.0000978046   0.0003349430  -0.0000394254   0.0000440670
 4233   0.0000865891  -0.0000548180  -0.0000542554  -0.0002532989  -0.0002197492
 4234  -0.0000157927   0.0001314445  -0.0000251671  -0.0000878836  -0.0000495268
 4235  -0.0000006144  -0.0000003968   0.0001398615  -0.0000245741   0.0000132270
 4236   0.0000217214   0.0000096605  -0.0000057883  -0.0000127316   0.0000059715
 4237  -0.0000044558  -0.0000023744  -0.0000114248  -0.0000189796  -0.0000781652
 4238   0.0000083496  -0.0000263126   0.0000596286   0.0000066556  -0.0000313845
 4239   0.0000559503   0.0000789367  -0.0000125795   0.0000014468  -0.0000148362
 4240   0.0000071894  -0.0000014755   0.0000588793  -0.0000141113   0.0000157302
 4241   0.0000424519  -0.0000027501   0.0000110173  -0.0000236412  -0.0000203376
 4242  -0.0000161475   0.0000431796   0.0000398454   0.0000539937  -0.0001054499
 4243  -0.0000171541  -0.0001076622   0.0000140613  -0.0000478605   0.0000341124
 4244   0.0000192942   0.0000038354   0.0000027904   0.0000019797  -0.0000010598
 4245   0.0000023753  -0.0000009049   0.0000003469  -0.0000009769   0.0000007895
 4246  -0.0000002926  -0.0000011941  -0.0000000151   0.0000005593  -0.0000033103
 4247  -0.0000007643   0.0000005356   0.0000004396  -0.0000023207
 43 1  -0.0072294068   0.0075831034  -0.0353937584  -0.0138435684  -0.0001603592
 43 2   0.0227480517   0.0504700340   0.0787142786  -0.0198894606  -0.0177637569
 43 3  -0.0099131791  -0.0091208740  -0.0007974283  -0.0047526791   0.0060901194
 43 4   0.0530260452  -0.0108162813   0.0464066385   0.0849528721   0.0839483523
 43 5  -0.0554316487   0.0495995687  -0.0090864919   0.0731093300   0.0227730195
 43 6   0.0533717622  -0.0713699495  -0.0182083505   0.0279677414   0.0022913821
 43 7  -0.1478374068   0.0409810080  -0.0158585029   0.0281311119  -0.0174589879
 43 8  -0.0869220218  -0.0997772605  -0.0489148480  -0.0103027801   0.1481164068
 43 9  -0.0765937557   0.0054712602   0.0509846617   0.0551558787   0.0235506114
 4310  -0.0064107909  -0.1182552304  -0.0346510872  -0.0002039946   0.0026366677
 4311  -0.0052926189  -0.0944130663   0.0197945860   0.1697146939   0.0395180708
 4312   0.1132967152   0.0351388506  -0.0545568621  -0.0120534440   0.0595588086
 4313   0.0052082892   0.0584978200  -0.0079929558   0.0189356482   0.1033750253
 4314  -0.0324505608  -0.0927021301  -0.0299072714  -0.1212454347  -0.0413523434
 4315  -0.0271681317  -0.0520172690   0.0250414675   0.0559664889   0.0534787803
 4316  -0.0182745428  -0.0157614584   0.0272273481   0.0348443491  -0.1222292088
 4317   0.0481949711   0.0475398649  -0.0000687047   0.0058051810  -0.0130140764
 4318   0.0733294972  -0.0263597079  -0.0075802514   0.0381592723   0.0394719582
 4319   0.0156254374  -0.0196035114  -0.0083108809  -0.0094732000   0.1131112915
 4320  -0.0553252619   0.0105981398   0.1696071860  -0.0405774585   0.0019308560
 4321   0.0487106422   0.0725184984  -0.0626983735   0.0100197419   0.1103570950
 4322  -0.0851460394   0.0247376451   0.0152027178  -0.0509018110   0.0221355625
 4323  -0.0120977806   0.0007195425   0.0106642792   0.0261499619   0.0236245491
 4324  -0.0250987584   0.0012296194   0.0113225990  -0.0068896029  -0.0091678145
 4325  -0.0453304311   0.0459878339   0.0311150608  -0.1690564447   0.0143462585
 4326  -0.0079099334  -0.0056944530   0.1165307589  -0.0885522410  -0.0576955201
 4327  -0.0414389498  -0.0960419789  -0.0730369937   0.0071948753  -0.0123128357
 4328   0.0590885709   0.0007682548  -0.0012084040  -0.0004905259   0.0005842277
 4329   0.0018012426  -0.0000571437  -0.0010422579   0.0008510446  -0.0005308641
 4330   0.0000989752   0.0000180629  -0.0000599851  -0.0000438153   0.0000509369
 4331  -0.0000057542   0.0002763461   0.0001879766  -0.0002172377  -0.0000661781
 4332  -0.0000330597  -0.0000753207   0.0000182434  -0.0000080590  -0.0000172986
 4333  -0.0000110998   0.0000127300  -0.0000421124  -0.0000130906  -0.0000046053
 4334   0.0000444339  -0.0000062335  -0.0000000453  -0.0000490797  -0.0000657693
 4335  -0.0000074994  -0.0000022390  -0.0000576195   0.0000124927   0.0000069553
 4336  -0.0000796766  -0.0000146901   0.0000196718   0.0000858579  -0.0000089704
 4337  -0.0001362515  -0.0000060909   0.0000038656   0.0000152046  -0.0000600791
 4338  -0.0000000248   0.0000001133  -0.0000047218   0.0000107807  -0.0000019342
 4339   0.0000044987  -0.0000086127  -0.0000161102  -0.0000051770  -0.0000054822
 4340  -0.0000021330  -0.0000509442  -0.0000446240   0.0000100668  -0.0000255418
 4341  -0.0000273428  -0.0000738223  -0.0000006824  -0.0000179051   0.0000360356
 4342   0.0000634289   0.0000016860   0.0000095405  -0.0000113236  -0.0000035562
 4343   0.0000310401  -0.0000246885  -0.0000022662  -0.0000396825   0.0000221310
 4344   0.0000430589   0.0000038493   0.0000015988   0.0000052314   0.0000058092
 4345   0.0000018341  -0.0000013463  -0.0000001764  -0.0000002550   0.0000004735
 4346  -0.0000002906  -0.0000002916  -0.0000001225   0.0000002960  -0.0000008762
 4347   0.0000002153   0.0000002452   0.0000001658  -0.0000003059
 44 1  -0.0054479654  -0.0132171474  -0.0878348440  -0.0035137880   0.0208638413
 44 2  -0.0144095048  -0.0467406022  -0.0171028724  -0.0690487504  -0.1489149300
 44 3  -0.0361950430  -0.0102555260   0.0029607959  -0.0037092498   0.0003570813
 44 4   0.0498909945  -0.0240742819   0.0595369473   0.1013026185   0.0734859070
 44 5  -0.0549280258  -0.0147529003   0.0486831260   0.0434615525   0.0276336084
 44 6   0.0286015662   0.0327456772  -0.0289316347   0.0484001296   0.0341989932
 44 7   0.0222874791  -0.0381476920  -0.0060975820   0.0259993743   0.1150607928
 44 8   0.0621370094  -0.0029535881   0.0599942171  -0.0686669585  -0.0410652083
 44 9  -0.0078558136  -0.0000495270  -0.0295029941   0.0006770145   0.0183901980
 4410  -0.0255281313   0.0871579913  -0.0596862376   0.0227366307   0.0043406866
 4411   0.0312106167   0.0453817857   0.0384944995  -0.2227106885   0.0129889319
 4412  -0.0656954526  -0.0787291005  -0.0261717711   0.0302987223  -0.0555497005
 4413  -0.0277706272  -0.0232964438  -0.0265898100  -0.0665784300  -0.0405873268
 4414  -0.0005834133  -0.0933094496   0.0213933172   0.0393871735  -0.0414574926
 4415  -0.0153901930   0.0447301664   0.0141926596  -0.0373613145  -0.0299597095
 4416  -0.0766268589   0.0090656778  -0.0193471488  -0.0135793848   0.0331783954
 4417  -0.0217927614  -0.0218913830   0.0018061585  -0.0241536034  -0.0163666021
 4418  -0.0379395168   0.0126945267   0.0064228127   0.0199078981   0.0484747821
 4419  -0.0022366566   0.0070576313   0.0694125605   0.0041493231   0.1182389881
 4420   0.0304336640  -0.0035178145   0.0177238698  -0.1178126724   0.0395656730
 4421  -0.0714899401  -0.0502321829  -0.0187052185   0.1462450512  -0.0223608551
 4422  -0.0191268294   0.0815675695  -0.0301975839   0.0900159975  -0.0213205357
 4423  -0.0671992517  -0.0126962480  -0.0412060380   0.0168724521   0.0005209406
 4424  -0.0051974049  -0.0052287175   0.0341467557   0.0003509756  -0.0058802424
 4425  -0.0217390359  -0.1234647162  -0.0959847134  -0.1224411625  -0.0528169522
 4426   0.0102775559  -0.0032791560   0.1603417241   0.0424240713   0.1952764406
 4427  -0.0970200625  -0.0440080335   0.1068021968   0.0110126389  -0.0261228620
 4428   0.0343800126  -0.0000211400   0.0012816063   0.0009014323  -0.0001871531
 4429  -0.0010729687   0.0005525245   0.0003375705  -0.0003823269   0.0003524779
 4430   0.0000111360  -0.0000734437   0.0000298278   0.0001086757  -0.0001376578
 4431  -0.0000358081  -0.0002330824  -0.0000588250   0.0000986755   0.0001285340
 4432   0.0000682433   0.0000272295   0.0001626916   0.0000354961  -0.0000624084
 4433   0.0000155743   0.0000463278   0.0000159513  -0.0000036436  -0.0000032749
 4434   0.0000090134   0.0000224718  -0.0000101146  -0.0000073612   0.0000170023
 4435  -0.0000076321  -0.0000048453   0.0000516580  -0.0000310980   0.0000218977
 4436   0.0000601160   0.0000273495  -0.0000002140  -0.0000354445   0.0000125508
 4437   0.0000802060   0.0000038025  -0.0000117174  -0.0000126792   0.0000312582
 4438  -0.0000038884   0.0000119307  -0.0000121921   0.0000230841  -0.0000067751
 4439   0.0000020581  -0.0000149578  -0.0000032604   0.0000256358   0.0000305399
 4440  -0.0000044855   0.0000214750   0.0000484789  -0.0000109816   0.0000217988
 4441   0.0000317303   0.0000491971   0.0000070399   0.0000051582  -0.0000257849
 4442  -0.0000310773  -0.0000236777  -0.0000193266   0.0000031215  -0.0000065010
 4443   0.0000160626   0.0000072284   0.0000115665   0.0000154450  -0.0000045495
 4444  -0.0000218913   0.0000126784   0.0000012713  -0.0000068197  -0.0000204144
 4445  -0.0000050444  -0.0000059011  -0.0000153662  -0.0000003127   0.0000027521
 4446  -0.0000005241   0.0000035454   0.0000001389   0.0000003929   0.0000001902
 4447  -0.0000000020  -0.0000000115  -0.0000000416   0.0000001615
 45 1   0.0239439931  -0.0831597919  -0.1438384516  -0.0309949920   0.1698472086
 45 2   0.0932295101  -0.0172959375  -0.0353925608   0.0001345798   0.0216385480
 45 3   0.0012306787   0.0054572078   0.1175077850  -0.0200953985   0.0039957501
 45 4  -0.2352135791  -0.2211993188   0.0787206872  -0.0603877375  -0.0747188178
 45 5   0.0347661939  -0.1238566411   0.0663873070   0.0262591266   0.1496023053
 45 6  -0.0065837001   0.2042686102   0.0003547845  -0.0086181454  -0.0201719634
 45 7   0.0250597818  -0.0166794817  -0.0618469078   0.0658303021   0.1242679159
 45 8   0.1695379464   0.1601099364  -0.0377590212  -0.0496696162  -0.0143151949
 45 9  -0.0357778567   0.0400045653   0.0605986256  -0.0676167748  -0.0960995555
 4510   0.0778095217  -0.0224821796  -0.0195303199   0.0172023831  -0.0024127048
 4511  -0.0220266564   0.0236477736   0.0648475221  -0.1304297513   0.0295000344
 4512  -0.0097059854   0.0051566735   0.0002994620  -0.0071308507  -0.0260218068
 4513  -0.0388771471  -0.0053369650  -0.0019079376   0.0272629428  -0.0277453809
 4514   0.0349192114   0.0045734135   0.0194142236  -0.0348177032   0.0191886004
 4515   0.0072718634  -0.0713466217  -0.1391213449   0.0062421481  -0.0170635166
 4516   0.0743458051   0.0116977397   0.0220440174   0.0919339755  -0.0527241839
 4517  -0.0075208260   0.0243903640   0.0403930852  -0.0304795450  -0.0098335869
 4518   0.0754035321  -0.0149728473   0.0256048948   0.0017299663  -0.0050478699
 4519  -0.0131194350  -0.0014169869  -0.0250179373  -0.0193935406   0.0109245706
 4520  -0.0315844607   0.0066497137   0.0778194752   0.0179069579  -0.0248851314
 4521   0.0472308860   0.0342012813   0.0079458096  -0.0616937695   0.0509746759
 4522  -0.0162582822  -0.0092247814   0.0163523325  -0.0190888282   0.0084085914
 4523   0.0125664383   0.0057140649   0.0118659947  -0.0058387962  -0.0065004156
 4524   0.0062192922   0.0096097925   0.0042096050  -0.0089000541  -0.0051953366
 4525  -0.0062982371   0.0261116450   0.0188383296  -0.0064041109   0.0070866292
 4526  -0.0036394691  -0.0016811017  -0.0024028998  -0.0185460155  -0.0343575176
 4527   0.0047249398  -0.0047899985  -0.0200441371   0.0013436731   0.0033358703
 4528  -0.0001631252   0.0003268075  -0.0002856963  -0.0003635504  -0.0000468393
 4529   0.0010371065   0.0004402780  -0.0004731554   0.0003501643   0.0001188743
 4530  -0.0000079214  -0.0001111742   0.0002609822   0.0001796548  -0.0000891482
 4531   0.0000937805  -0.0001076518  -0.0000094114   0.0000323775   0.0001265051
 4532  -0.0001158322   0.0001435687   0.0000149416   0.0000761590  -0.0000656009
 4533  -0.0000921395   0.0000980886  -0.0000845254  -0.0000090771  -0.0000328457
 4534   0.0000868304   0.0000175210   0.0000133091  -0.0000711891  -0.0000303476
 4535   0.0000023622   0.0000194570  -0.0000898690   0.0000128504   0.0000150012
 4536   0.0000319923   0.0000147177   0.0000154973  -0.0000121333   0.0000113264
 4537   0.0000048127  -0.0000015937  -0.0000035011   0.0000052280   0.0000337198
 4538  -0.0000012446  -0.0000046082   0.0000254509   0.0000134398  -0.0000179637
 4539   0.0000080736   0.0000095296   0.0000101695  -0.0000298610   0.0000196474
 4540   0.0000022408  -0.0000332208  -0.0000108008  -0.0000082581   0.0000301145
 4541  -0.0000111767  -0.0000062808  -0.0000043634   0.0000099887   0.0000358383
 4542   0.0000344172   0.0000205553   0.0000220897  -0.0000075787  -0.0000040385
 4543   0.0000051987   0.0000175907   0.0000378392   0.0000491038  -0.0000157345
 4544  -0.0000391573   0.0000073427   0.0000026229  -0.0000149734   0.0000140898
 4545  -0.0000078158  -0.0000017079   0.0000043631  -0.0000005946  -0.0000031475
 4546  -0.0000005037  -0.0000040009   0.0000000258   0.0000001814  -0.0000003766
 4547  -0.0000000954   0.0000002997   0.0000003663   0.0000015355
 46 1  -0.0225226749   0.0105237289   0.0231824171  -0.0179283428   0.0009327422
 46 2   0.0194038164   0.0435746645   0.0947644459  -0.0203057715   0.0332585266
 46 3   0.0053658467  -0.0185478442   0.0018903513   0.0040554666  -0.0019142400
 46 4   0.0096088791  -0.0007518674   0.0265561359   0.0396742691   0.0383445755
 46 5  -0.0293873298  -0.1180087293   0.0758742582  -0.0412319080  -0.0614293493
 46 6  -0.0745490347   0.0247425571  -0.0289391908  -0.0322415652   0.0035245082
 46 7   0.0508627775  -0.0318374201   0.1034929590   0.0671415565   0.0261967394
 46 8  -0.1079279591   0.0091837406   0.0074685062  -0.0823540090   0.0336757439
 46 9  -0.0445369835   0.0001501886  -0.0424310805   0.0683298474  -0.1039084658
 4610   0.1743423366   0.0359671602   0.2224568896  -0.0239474798  -0.0025726989
 4611  -0.0066586038   0.0296355404   0.0282190928  -0.0865312726  -0.0411136479
 4612  -0.0495670434  -0.0457333058   0.0380890501  -0.0423518128   0.0410517801
 4613   0.1047539838  -0.0363882382   0.0460525711  -0.0211451717  -0.0301507460
 4614  -0.0903463425  -0.0043098366  -0.0784276709  -0.0041587228   0.0331960038
 4615  -0.0512130623  -0.0038111760  -0.0946716877  -0.0386532432   0.1790585723
 4616  -0.0436023166  -0.0130810600  -0.0464304120  -0.0698420630  -0.0188189257
 4617  -0.0038453103  -0.0459319704   0.0089077414   0.0675877832   0.0370777203
 4618   0.0619367886   0.0148782468  -0.0229073931   0.0218366109   0.0777413293
 4619  -0.0418958911  -0.0059159008   0.0233601829  -0.0007040892   0.0067893403
 4620   0.0284606199   0.0204093530   0.1067966518   0.0998081473   0.0438522648
 4621   0.0181395280   0.0794337063  -0.0161360401  -0.0242468583   0.0041119368
 4622   0.0839121939   0.0255684441   0.0160710867  -0.0614808510  -0.0227917702
 4623  -0.0355502238   0.0711374078   0.0034794022   0.0427519751   0.0141125109
 4624  -0.0375259366  -0.0156030056   0.0129309283  -0.0084724273  -0.0063604842
 4625   0.0491331119   0.0278692919  -0.0182025994   0.1789896088  -0.0706780607
 4626   0.0291798885  -0.0019277402   0.0435803697  -0.0455680584   0.0448476721
 4627   0.0290592365  -0.0461294476  -0.0439392643   0.0003802734   0.0154412172
 4628  -0.0688602812   0.0015778688   0.0008069205  -0.0006120630   0.0010132149
 4629  -0.0004299870   0.0003907950  -0.0003432885  -0.0003080425  -0.0001465178
 4630   0.0001429335   0.0002085410   0.0001665269  -0.0000406800   0.0002508370
 4631  -0.0001127979  -0.0000637916  -0.0001417122  -0.0000047013   0.0000371786
 4632  -0.0000159175  -0.0000029430   0.0000287914   0.0000111974  -0.0000473732
 4633   0.0000085339   0.0000106918  -0.0000329075   0.0000095502   0.0000480205
 4634  -0.0000785928   0.0000125507   0.0000590854  -0.0000269305   0.0000202461
 4635   0.0000104595  -0.0000060984  -0.0000269544  -0.0000976084   0.0000156271
 4636  -0.0000031844  -0.0000100329  -0.0000199977  -0.0000025771   0.0000995483
 4637   0.0000026056   0.0000740849  -0.0000051257   0.0000029200   0.0000021478
 4638  -0.0000226994  -0.0000159814   0.0000297010   0.0000443129  -0.0000085088
 4639  -0.0000152720  -0.0000170939  -0.0000274881  -0.0000421634  -0.0000120487
 4640   0.0000308525   0.0000069655   0.0000099459   0.0000031888   0.0000005893
 4641  -0.0000250449   0.0000031294  -0.0000248412   0.0000215422  -0.0000069870
 4642  -0.0000022338   0.0000154395  -0.0000044658   0.0000096150   0.0000102385
 4643  -0.0000107047  -0.0000086077   0.0000039952  -0.0000045159  -0.0000001612
 4644  -0.0000130523   0.0000355883  -0.0000067549  -0.0000050206   0.0000045747
 4645  -0.0000034137  -0.0000071886   0.0000051786   0.0000009962  -0.0000010364
 4646  -0.0000018246   0.0000001328   0.0000033649  -0.0000006012   0.0000003623
 4647   0.0000000284   0.0000017326  -0.0000004419   0.0000001999
 47 1   0.0119158563   0.0043852826  -0.0198609639   0.0064950429   0.0210770041
 47 2  -0.0338314272  -0.0737901973   0.0500527299  -0.0671021486   0.0530969256
 47 3   0.0093478581  -0.0109705066   0.0060372413   0.0099614364  -0.0018021868
 47 4  -0.0036607783   0.0056092600  -0.0168608587  -0.0391250889  -0.0750492363
 47 5   0.0042134617   0.0548382457  -0.0477426707  -0.0559661783   0.0501074655
 47 6   0.0913021086   0.0113827327   0.0121339053   0.0249661242   0.0179316015
 47 7  -0.0427243626  -0.0368154277   0.0617731573  -0.0375599590   0.0621271864
 47 8  -0.0009560492  -0.0110508217   0.1001601158   0.1206595496  -0.0381250886
 47 9  -0.0510520806  -0.0276851691  -0.0234955053  -0.0693598858  -0.0349945815
 4710  -0.0474872146  -0.0141439977  -0.1024503844   0.0293455961  -0.0083092695
 4711  -0.0282546585  -0.0424430752   0.0440803123   0.0227676589   0.0136186986
 4712   0.0546724212  -0.0196105682   0.0301748959   0.0167699237   0.0141079677
 4713  -0.0841618566   0.0351405631  -0.0328518448   0.0272602072   0.0034611382
 4714   0.0356655483   0.0136245763   0.0309854903  -0.0613275215   0.0370504671
 4715   0.0571153540  -0.0070826309   0.0805177586  -0.0550417302  -0.0038212347
 4716   0.0503106799  -0.0316366396  -0.0594161626   0.0250151883  -0.0420432992
 4717  -0.1849224503   0.0612860238  -0.0177687775   0.0654035513  -0.0360462378
 4718   0.0396236996   0.0705953683  -0.0755463008  -0.0103949121  -0.0021879565
 4719  -0.0416807374   0.0043003966  -0.1310839550  -0.0052198171   0.0244174861
 4720   0.0251151768   0.0152282193   0.1010407275   0.0874472652  -0.0375992223
 4721  -0.0318003761   0.0498112187  -0.0146569530   0.0669668375   0.0322978099
 4722   0.0703576097  -0.0387876323  -0.0300231298   0.1662641891  -0.0233275443
 4723  -0.0451898122  -0.0218667202  -0.0114737554   0.0061784812  -0.0247948851
 4724  -0.0567812115  -0.0201231640   0.0192097458   0.0025851405  -0.0075999295
 4725  -0.0889627271   0.1928362659  -0.0351957154   0.1136702881   0.0186602402
 4726   0.0405071641   0.0020190451   0.0099895958  -0.1008963812   0.0457824519
 4727  -0.1363137559  -0.0216083481   0.0272741251  -0.0175026162   0.0480476130
 4728  -0.0202544588  -0.0043458359   0.0013415047   0.0001986831  -0.0003979727
 4729   0.0002045650  -0.0000892953  -0.0002197758   0.0003339290   0.0002696816
 4730  -0.0003498524  -0.0004978448   0.0002609461  -0.0002399667  -0.0000348881
 4731   0.0000509119  -0.0000915413   0.0002228713   0.0001818821  -0.0000573256
 4732  -0.0000913771   0.0000825581   0.0000315469   0.0000442080  -0.0000016366
 4733   0.0000184278   0.0000485980  -0.0000473022   0.0000040184   0.0000118386
 4734  -0.0000144077   0.0000263210  -0.0000511198  -0.0000171977  -0.0000124002
 4735   0.0000136031   0.0000064116  -0.0000229933   0.0000279917   0.0000199263
 4736  -0.0000034890   0.0000176391   0.0000266705  -0.0000168081  -0.0000054292
 4737   0.0000085766   0.0000067256  -0.0000048491   0.0000051731  -0.0000024528
 4738   0.0000138640  -0.0000218811   0.0000253586  -0.0000111709   0.0000029778
 4739  -0.0000046875  -0.0000153555  -0.0000052718  -0.0000286649  -0.0000040926
 4740  -0.0000127819  -0.0000038189   0.0000074197  -0.0000250799  -0.0000060607
 4741  -0.0000098899   0.0000024463  -0.0000310729   0.0000183795  -0.0000148741
 4742   0.0000108150   0.0000016216   0.0000076732   0.0000038030  -0.0000103137
 4743   0.0000129145  -0.0000146994  -0.0000278182   0.0000337315   0.0000235370
 4744  -0.0000466671  -0.0000044536  -0.0000020976  -0.0000091683   0.0000006311
 4745  -0.0000074095   0.0000003217  -0.0000003027   0.0000012941  -0.0000015667
 4746   0.0000000163   0.0000004526   0.0000006305  -0.0000002460  -0.0000001044
 4747  -0.0000001122  -0.0000000045  -0.0000007474   0.0000001716
 48 1  -0.0169592148  -0.0827202898  -0.0092919632   0.0368979937   0.0284522177
 48 2  -0.1129598962  -0.0001566642   0.0674084985   0.1229949202  -0.0419387702
 48 3   0.0333555122   0.0290935013  -0.0269581211  -0.0003633149  -0.0151288896
 48 4   0.0431002081  -0.0243581904   0.0986774427  -0.0015861562  -0.0100162977
 48 5  -0.0742173617  -0.0929750007  -0.0220444411   0.0240748598   0.0396347841
 48 6   0.0410446606   0.0253952655   0.2220991591  -0.2402705494   0.0679796629
 48 7   0.0271804172   0.0274715362   0.0193020286  -0.0444244202   0.0914864330
 48 8  -0.1153003157   0.0099410236  -0.0167876895  -0.0289347610  -0.0064208036
 48 9  -0.0152891671  -0.0116510107  -0.0695793416   0.2313492602   0.0957959533
 4810   0.1518648309  -0.0500801188   0.0160460021   0.0326347652  -0.0205781686
 4811   0.0089495140   0.1143600211   0.0448971715   0.0177703444  -0.0696038521
 4812  -0.0421979376   0.0145954007   0.0745760868  -0.0401465484   0.0515288816
 4813   0.0622973377  -0.0175574598   0.0060767601  -0.0543780921   0.0005783738
 4814   0.0338573068  -0.0821222815   0.0220902467   0.0138989777   0.0197165598
 4815   0.0587644363  -0.0123726021   0.0556403828   0.0179223998  -0.0764919652
 4816   0.0879251424  -0.0117298394   0.0026356778   0.0029881157   0.0081659267
 4817   0.0050419483   0.0088955517  -0.0359443268   0.0059091556  -0.0695319736
 4818   0.0623687279   0.0282557183  -0.0532659963   0.0139788147  -0.0003986388
 4819   0.0430164910   0.0076443227   0.1047521598   0.0077324661  -0.0193911453
 4820  -0.0193710743   0.0224595980  -0.0146064226  -0.0061803435  -0.1870858154
 4821  -0.0248252458  -0.0415208253   0.1779643805  -0.0312575740   0.0226936766
 4822  -0.0585941468  -0.0432636790   0.0022675660   0.0631072261   0.0063153517
 4823  -0.0579040683  -0.1123061381  -0.0111142772  -0.0325433296  -0.0150579704
 4824  -0.0119197150   0.0032453459   0.0135618711   0.0068275218   0.0012641530
 4825  -0.0194312743   0.0207739925   0.0119745179  -0.0328323621   0.0297697239
 4826   0.0033935549   0.0058132797  -0.0036506178  -0.0089276157  -0.0104305563
 4827  -0.0143806396   0.0085186433   0.0214465854  -0.0004064258   0.0040104141
 4828   0.0091970953   0.0008676618   0.0001744773   0.0002843777   0.0007743688
 4829   0.0001790581   0.0005189238  -0.0003695381  -0.0004239953  -0.0002492807
 4830   0.0000444642   0.0010855277   0.0000008472   0.0003481479  -0.0000960594
 4831   0.0001673030   0.0001038828   0.0001200626   0.0001112324   0.0000554137
 4832  -0.0000876273  -0.0000660794  -0.0000107292   0.0001184554   0.0000663518
 4833  -0.0001733048  -0.0001164919   0.0000235384  -0.0000600789   0.0000481188
 4834   0.0000143600   0.0000129869   0.0001867174   0.0001126762  -0.0001029486
 4835   0.0000043073  -0.0000036002   0.0000006594   0.0001506416  -0.0000187835
 4836   0.0000014454  -0.0000213733   0.0000016699  -0.0000167740  -0.0001111204
 4837  -0.0000013184  -0.0000605138  -0.0000164628   0.0000180431   0.0000100767
 4838   0.0000663896  -0.0000304624   0.0000036973  -0.0001460795   0.0000491255
 4839  -0.0000030160  -0.0000218364   0.0000696178  -0.0000283030  -0.0001023287
 4840   0.0000620663   0.0000006843   0.0000303120   0.0000488626   0.0000052934
 4841  -0.0000382711  -0.0000098673  -0.0000160848   0.0000419651  -0.0000236906
 4842   0.0000045994   0.0000148623   0.0000142651   0.0000260944   0.0000073703
 4843   0.0000017482  -0.0000065336  -0.0000586335   0.0000405965   0.0000440398
 4844  -0.0000485656  -0.0000842479   0.0000072650  -0.0000019317  -0.0000016798
 4845  -0.0000015803   0.0000191829  -0.0000047280   0.0000002117  -0.0000001841
 4846   0.0000047668   0.0000002730  -0.0000044561   0.0000003857   0.0000001253
 4847   0.0000002332   0.0000013774   0.0000000354  -0.0000001153
 49 1  -0.0183986646  -0.0028765323   0.0105787073  -0.0120652036  -0.0010240621
 49 2   0.0177155976   0.0432790156   0.0961750002  -0.0190078567   0.0330196525
 49 3   0.0243468100  -0.0112979639  -0.0023872773   0.0006147073  -0.0030403580
 49 4   0.0102376405  -0.0160112238   0.0357688080   0.0052713740   0.0840669821
 49 5  -0.0208928225  -0.0542413345   0.0369380311  -0.0028346397  -0.0280700111
 49 6  -0.0759200559  -0.0002380436   0.0008968262  -0.0173582249   0.0030140884
 49 7   0.0169142759  -0.0408518415   0.0917897029   0.0624032466  -0.0227625508
 49 8  -0.0508677815   0.0391523401  -0.0210034990  -0.0877140922   0.0112582801
 49 9   0.0027773094  -0.0014971246   0.0073219447   0.0308673664  -0.0394486275
 4910   0.1112668728   0.0066104553   0.0913245350  -0.0025148266  -0.0012143580
 4911   0.0107681936  -0.0348452870  -0.0662625342  -0.0642885003  -0.0153551114
 4912  -0.0456038248  -0.0564954374   0.0040213263  -0.0341221313  -0.0078029507
 4913  -0.0120136679   0.0309757964   0.0114820680   0.0306229910   0.0517950525
 4914  -0.0150093489   0.0394386515  -0.0161613457  -0.0889205771   0.0154741042
 4915   0.1043319007   0.0699662246  -0.0720064796  -0.0332434993   0.0566404434
 4916   0.0118509135  -0.0066005931  -0.0348688340   0.0310654219   0.0261206871
 4917  -0.0467613871   0.0636808814  -0.0149974446  -0.0239216421  -0.0029979238
 4918  -0.0904544546  -0.0362536032  -0.0699038496  -0.0006943092   0.0214196559
 4919  -0.0975105373  -0.0126035539  -0.1302526345   0.0028692998   0.0305462921
 4920  -0.0389246278  -0.0346041332  -0.0752544518  -0.0396161923  -0.0273002565
 4921  -0.0023164310   0.0047737154  -0.0939078932   0.1201858302  -0.0625012996
 4922  -0.0312280051  -0.0221295378   0.0497807971  -0.0077155714  -0.0067684950
 4923  -0.0635217600   0.0650320023  -0.0039316348  -0.0212519395  -0.0107371822
 4924   0.0301165718   0.0008213340  -0.0095625075   0.0047834933  -0.0037683169
 4925  -0.0986287360   0.0890625324  -0.0159814763  -0.2860689915   0.0828003847
 4926  -0.0501054883   0.0047205783  -0.1245089623   0.0380772896  -0.0035901616
 4927  -0.0581462004   0.0507769052   0.1654307956  -0.0000193364  -0.0251938609
 4928   0.2177724183  -0.0016160063   0.0003988220   0.0002907142   0.0003941089
 4929   0.0002859828   0.0003571957   0.0002338654   0.0001022630   0.0000018547
 4930   0.0001580003  -0.0007540441  -0.0002817511   0.0000659877  -0.0001335790
 4931   0.0000490737   0.0001096263  -0.0001091169  -0.0000136795   0.0000159619
 4932   0.0000046115  -0.0000311368   0.0000675790   0.0000183872   0.0000335920
 4933   0.0000123528   0.0000333457  -0.0000409808  -0.0000016221  -0.0000120458
 4934   0.0000148993   0.0000139618   0.0000190862  -0.0000663680  -0.0000092750
 4935  -0.0000070690   0.0000059268   0.0000130359   0.0000177796   0.0000065282
 4936   0.0000077375  -0.0000067678   0.0000206127   0.0000020785  -0.0000032399
 4937  -0.0000016468  -0.0000045282   0.0000010407  -0.0000080789  -0.0000206029
 4938  -0.0000224758   0.0000012469   0.0000059771   0.0000232724  -0.0000057012
 4939   0.0000088617   0.0000065749   0.0000132958   0.0000402290   0.0000159251
 4940   0.0000065235  -0.0000040532   0.0000102616   0.0000062914  -0.0000004725
 4941   0.0000102671   0.0000004878   0.0000086994  -0.0000022488   0.0000132225
 4942   0.0000000235  -0.0000073498  -0.0000084154  -0.0000209220  -0.0000195866
 4943   0.0000327369  -0.0000032729   0.0000125974  -0.0000134584   0.0000191768
 4944   0.0000155745   0.0000000479   0.0000036373  -0.0000018862  -0.0000023815
 4945  -0.0000019215  -0.0000007707  -0.0000022523  -0.0000012670  -0.0000001697
 4946  -0.0000000146  -0.0000004751  -0.0000003751   0.0000002166  -0.0000002971
 4947   0.0000000927   0.0000004775   0.0000000107   0.0000000336
 50 1   0.0233052124   0.0021736423  -0.0128094249   0.0058619879   0.0202450133
 50 2  -0.0253843700  -0.0674475067   0.0307138718  -0.0683304976  -0.0048800920
 50 3   0.0206188322  -0.0083446382  -0.0033257721  -0.0013375976  -0.0044593095
 50 4   0.0045783288  -0.0109808208  -0.0355653974  -0.0835397186  -0.0203684007
 50 5  -0.0150316960   0.0163971403  -0.0510960837  -0.0698049737  -0.0001800946
 50 6   0.0016344481   0.0404770059  -0.0333885401   0.0149690276   0.0605449276
 50 7   0.0532480832   0.0206757423   0.0258044302  -0.0940626511   0.0429243947
 50 8  -0.0622949479   0.0145166297  -0.0733025296   0.0619329534  -0.0066154479
 50 9  -0.1076228444  -0.0182273669  -0.0416811448   0.0742295320  -0.0562840323
 5010  -0.0501332251   0.0103611061   0.0201629520  -0.0135151741  -0.0048124304
 5011   0.0844642468  -0.0096411379   0.0164975415  -0.0080675030   0.0376496228
 5012  -0.0041872758   0.0266241893  -0.0545780255  -0.0101955377  -0.0388850465
 5013   0.0336767843   0.0199201234   0.0063669556   0.0242447204   0.0597543519
 5014  -0.0484009097   0.0204776247  -0.0093519121  -0.0559612685  -0.0140796364
 5015   0.0687860185   0.1023746389  -0.1011548453   0.0053347371  -0.0400262056
 5016   0.0718253133   0.0247651228   0.0148602406  -0.0220985722   0.0389074269
 5017   0.0193255584  -0.0196789649  -0.0095743051   0.0098642834   0.0112917599
 5018   0.0472608736  -0.0707841376  -0.0155605767   0.0107623007  -0.0365897218
 5019  -0.0008157735   0.0071753872   0.0699717729   0.0045388736   0.1749996475
 5020   0.0303375416  -0.0082463896  -0.0960161226  -0.0568319430   0.0763605901
 5021  -0.0316604845  -0.0583068904   0.0869707307  -0.1185621367   0.0601245960
 5022  -0.0073720349  -0.0370857183   0.0227714007  -0.0895142358   0.0200850882
 5023   0.0365966477  -0.0120994041   0.0137710975  -0.0220925474  -0.0000092877
 5024   0.0454753075   0.0144817191  -0.0442349264  -0.0008786620   0.0045756196
 5025  -0.0649518623   0.1376504739  -0.0588918315  -0.0173690257  -0.1900126924
 5026   0.0046859174   0.0135469369  -0.0333500667   0.2243794828   0.1054926006
 5027  -0.1540259355  -0.0480437748  -0.2628939096  -0.0112940134   0.0326160163
 5028   0.0184719130  -0.0020474207  -0.0003842908   0.0003181835  -0.0011126909
 5029   0.0002010721  -0.0009894099   0.0004226802  -0.0001394573  -0.0000062067
 5030  -0.0000979434   0.0001304143  -0.0003075268   0.0000691631   0.0002051251
 5031   0.0000243501  -0.0001115558  -0.0000647182  -0.0000460058   0.0000197300
 5032   0.0000866423  -0.0001129453  -0.0000676148  -0.0000632251  -0.0000913161
 5033   0.0000006367  -0.0001173004   0.0000222386   0.0000173986   0.0000069726
 5034   0.0000019781  -0.0000129659  -0.0000113126   0.0000238732   0.0000487114
 5035  -0.0000004479  -0.0000096929   0.0000174215   0.0000010896  -0.0000337284
 5036  -0.0000056856   0.0000018093  -0.0000341580   0.0000023827  -0.0000027531
 5037  -0.0000025983  -0.0000020895   0.0000141575  -0.0000135150   0.0000032330
 5038  -0.0000028495   0.0000127859  -0.0000001161  -0.0000024193  -0.0000017923
 5039  -0.0000110751   0.0000230779   0.0000159391   0.0000332758  -0.0000060216
 5040  -0.0000049725   0.0000017797  -0.0000168806  -0.0000047201   0.0000006947
 5041   0.0000094617   0.0000049801   0.0000056971  -0.0000003704   0.0000120993
 5042  -0.0000105177   0.0000069632   0.0000001263   0.0000161866   0.0000197516
 5043  -0.0000100921   0.0000069506   0.0000080149  -0.0000353508  -0.0000183804
 5044   0.0000375030  -0.0000030062   0.0000006800   0.0000029341   0.0000021487
 5045   0.0000032956   0.0000023695   0.0000027348  -0.0000008845   0.0000001954
 5046  -0.0000001501  -0.0000003379  -0.0000000127  -0.0000002448   0.0000000453
 5047   0.0000001221  -0.0000002099   0.0000002184  -0.0000001393
 51 1  -0.0127190226  -0.0709984254   0.0156550476  -0.0152504462   0.0747642208
 51 2  -0.0749462386   0.0054700966   0.0382489181   0.0926541175  -0.0240236722
 51 3  -0.0388782813  -0.0064548486  -0.0341579549   0.0301846946   0.0011439230
 51 4  -0.0416528252  -0.0519259637  -0.0611945821   0.0958369791   0.0447110003
 51 5  -0.1103154881   0.1099167489  -0.2056044161  -0.0656525474  -0.0518529676
 51 6  -0.0588596345   0.2159178702  -0.1766860292  -0.0587022682  -0.3860384074
 51 7   0.2073631451   0.0050895825   0.0474969047  -0.0283718800   0.1000077894
 51 8   0.0712806839  -0.1812318661  -0.0220780649  -0.0213151326   0.0370758209
 51 9   0.0423960443  -0.0161880985   0.0029254931  -0.0415383588  -0.0297304329
 5110   0.0158913390  -0.0010239663   0.0395697683   0.0035674142   0.0103572086
 5111  -0.0336890450  -0.0358616556   0.0297430405   0.0342370682   0.0215656274
 5112   0.0966296062  -0.0093425647   0.0900716885   0.0413463106  -0.1337533856
 5113  -0.0644508335   0.0103931331   0.0674455464  -0.0791232236  -0.0952664550
 5114   0.0185621589  -0.0552950651  -0.1005337885  -0.0248811344   0.0062248483
 5115   0.0507003311   0.1278427759   0.0203691566   0.0167587589   0.0040873001
 5116   0.0406737258  -0.0092310934   0.0047095934   0.0077529291  -0.0035894325
 5117  -0.0056452569   0.0197530723   0.0230582917   0.0399708839   0.0083451941
 5118  -0.0158374572  -0.0570803560   0.0191830605  -0.0191038555   0.0278850055
 5119   0.0118768298   0.0210051405   0.0004862448   0.0041076433   0.0221488739
 5120  -0.0033445417  -0.0148706762   0.0481220754   0.0181847314   0.0090454594
 5121   0.0451097826  -0.1221113230   0.0736946637  -0.0044219440   0.0157104585
 5122   0.0134943525  -0.0147921638  -0.0163571986   0.0347689532  -0.0047169367
 5123  -0.0194044290  -0.0365827453  -0.0027653481  -0.0275839220   0.0047961570
 5124  -0.0085718974   0.0120392678  -0.0100524586   0.0027643493   0.0020480843
 5125   0.0022427084  -0.0129063503   0.0163952274  -0.0221271239   0.0170194601
 5126  -0.0062041838  -0.0006362785  -0.0035926791   0.0031537881  -0.0073952632
 5127  -0.0005458826   0.0034115882   0.0007022290  -0.0008273671  -0.0029913879
 5128   0.0015960403  -0.0015258077   0.0004914074   0.0002317521   0.0008605556
 5129  -0.0004416622   0.0006476663   0.0000304722   0.0002414696  -0.0000760794
 5130   0.0001339364  -0.0001982443   0.0001814820  -0.0004583500  -0.0000869940
 5131  -0.0001536247   0.0000662008   0.0000874996   0.0001113977   0.0000026222
 5132  -0.0001308775   0.0001101132   0.0000616347   0.0001085174   0.0000350150
 5133   0.0000866787   0.0001593933   0.0000877593  -0.0000108197  -0.0000119444
 5134  -0.0000287719  -0.0000012765  -0.0001049460   0.0000002796  -0.0000387341
 5135  -0.0000035279  -0.0000090523  -0.0000257484  -0.0000197118   0.0000443855
 5136  -0.0000168252   0.0000182576  -0.0000232097  -0.0000050042   0.0000108445
 5137   0.0000034790   0.0000034466  -0.0000151865   0.0000152950   0.0000038076
 5138   0.0000095306  -0.0000169422   0.0000063942   0.0000067183  -0.0000018144
 5139   0.0000223519  -0.0000266438  -0.0000340004  -0.0000473389   0.0000199988
 5140  -0.0000028643  -0.0000025344   0.0000053088  -0.0000056508   0.0000010953
 5141   0.0000025805  -0.0000057596  -0.0000109801   0.0000025588  -0.0000107631
 5142   0.0000229189  -0.0000091808   0.0000044840  -0.0000047060  -0.0000022440
 5143  -0.0000085213  -0.0000237415   0.0000105459   0.0000218224  -0.0000081763
 5144  -0.0000142911   0.0000102730  -0.0000008309  -0.0000037357   0.0000005387
 5145  -0.0000037762  -0.0000031045   0.0000000605   0.0000008553  -0.0000006350
 5146  -0.0000004761  -0.0000002964   0.0000004430   0.0000001427  -0.0000004740
 5147   0.0000000582  -0.0000017488  -0.0000004999   0.0000004476
 52 1  -0.0158019643   0.0081033671   0.0061997022  -0.0209857814  -0.0011458698
 52 2   0.0176577428   0.0433383989   0.0960772965  -0.0189304650   0.0324441325
 52 3   0.0135214536  -0.0154088768  -0.0063276457   0.0107984109  -0.0015556335
 52 4   0.0062194502  -0.0233481085   0.0351172505  -0.0098246443   0.1047420765
 52 5  -0.0332061680  -0.0105224173   0.0064859118   0.0438952377  -0.0055372122
 52 6  -0.0449339627  -0.0174788659   0.0092119988  -0.0078982603  -0.0100200135
 52 7  -0.0067290212  -0.0071182110   0.0372180724   0.0385134272  -0.0406816231
 52 8  -0.0312384357   0.0200387960  -0.0196374709  -0.0202367196   0.0302194892
 52 9   0.0232211710   0.0004624828   0.0753645479  -0.0002073691  -0.0068477158
 5210   0.0295926599  -0.0084766495   0.0136788493   0.0212493633   0.0120580874
 5211   0.0299134474  -0.0142869040   0.0271369598   0.0109571684   0.0058995598
 5212   0.0196603841  -0.0545026474   0.0240312236   0.0062300610   0.0372586334
 5213  -0.0242129458  -0.0295616217   0.0089375982   0.0382726655   0.0204334234
 5214   0.0190671520   0.0200807906   0.0128833486   0.0157010428   0.0384430305
 5215   0.1225166920  -0.0703784562  -0.0987280904   0.0204911683   0.1033361117
 5216   0.0881108388  -0.0151792807  -0.0158422776   0.0540791047   0.1724597763
 5217  -0.0462722947  -0.0033321188  -0.0340751520  -0.0218371748   0.0396628561
 5218  -0.0631689434   0.0468913335  -0.0112356509  -0.0179801141  -0.0296563350
 5219  -0.0580790866  -0.0181226212  -0.0896554843  -0.0040352908   0.0481828665
 5220  -0.0098726853  -0.0251666524  -0.0952363601  -0.0502105269  -0.0113515392
 5221  -0.0083839665  -0.0432302263  -0.0528747641   0.0247238882   0.1368821770
 5222  -0.1291981281  -0.0131087172  -0.0569417013   0.0535171138   0.0027436702
 5223   0.0432703629  -0.1247901692  -0.0235715686  -0.0388034777  -0.0324010765
 5224   0.0607693318   0.0132576682  -0.0068168648   0.0139895641   0.0110429949
 5225  -0.0050917461  -0.1294971634   0.0614628416   0.0456685018  -0.0263438663
 5226   0.0095702784  -0.0049109826   0.0863424457  -0.0934584132  -0.1099678090
 5227   0.0062525553  -0.0170920883  -0.1988720359  -0.0025984138   0.0175217759
 5228  -0.4305578089   0.0005246418  -0.0006902711  -0.0005362318  -0.0006370799
 5229  -0.0005356753  -0.0006084883   0.0000495125   0.0003109115   0.0000362400
 5230   0.0000106053   0.0003400674  -0.0000140314  -0.0002966549   0.0002757260
 5231  -0.0000795223  -0.0000573571   0.0001059993  -0.0000154193   0.0000446885
 5232  -0.0000713875  -0.0001095479  -0.0000111773   0.0000197691  -0.0000428247
 5233   0.0000143785  -0.0000792760  -0.0000277524  -0.0000297057  -0.0000105252
 5234  -0.0000149086   0.0000197366  -0.0000125823   0.0000713976   0.0000279757
 5235   0.0000084774  -0.0000074979   0.0000040385   0.0000191154  -0.0000251582
 5236  -0.0000207238  -0.0000052793  -0.0000628465  -0.0000034869  -0.0000160490
 5237   0.0000014716  -0.0000041357   0.0000042964   0.0000033691   0.0000094745
 5238   0.0000040664   0.0000004877   0.0000145017  -0.0000136479   0.0000290152
 5239  -0.0000179815   0.0000043253   0.0000041665   0.0000043478  -0.0000218365
 5240  -0.0000007322   0.0000041041  -0.0000157250   0.0000015366  -0.0000068255
 5241  -0.0000010197   0.0000017998   0.0000063967  -0.0000097470  -0.0000019207
 5242  -0.0000131044   0.0000046344   0.0000020441   0.0000132403   0.0000240091
 5243  -0.0000383089  -0.0000123242  -0.0000008255  -0.0000010310  -0.0000331330
 5244   0.0000184446  -0.0000121278  -0.0000037494  -0.0000031624  -0.0000005299
 5245  -0.0000000699   0.0000040772   0.0000004831   0.0000008199  -0.0000006791
 5246   0.0000006707   0.0000016119  -0.0000001232   0.0000001717  -0.0000015692
 5247  -0.0000000774   0.0000002481   0.0000000900   0.0000000542
 53 1   0.0184129337   0.0088013595  -0.0189309226   0.0057194544   0.0202861218
 53 2  -0.0202303555  -0.0595529839   0.0115888440  -0.0687966347  -0.0624363623
 53 3   0.0122918056  -0.0093672836  -0.0171947330  -0.0035509149  -0.0037862237
 53 4  -0.0129947458  -0.0183493186   0.0130410951  -0.0664525230   0.0409469052
 53 5  -0.0169861729  -0.0165219208   0.0027119079  -0.0447801966  -0.0362945978
 53 6  -0.0755047085   0.0084824836   0.0067103514   0.0013819106   0.0711323350
 53 7   0.1416648193   0.0332449374  -0.0011445916  -0.0606014966  -0.0508437422
 53 8  -0.0340920769   0.0415769260  -0.1173377611  -0.0116344714  -0.0756437931
 53 9  -0.0027225397   0.0076601206   0.0373500459   0.0247452080  -0.0108596248
 5310  -0.0336225372   0.0397584303   0.0852439787   0.0103604969   0.0094773042
 5311   0.0203753860  -0.0056743109  -0.0215296448   0.0090345570  -0.0583712781
 5312   0.0506117611  -0.0085680164  -0.0033234477  -0.0129966347  -0.0138243039
 5313  -0.0706750883   0.0187056519   0.0083312521   0.0052936040   0.0440167870
 5314  -0.0013158469  -0.0574813357  -0.0141954328   0.0007703898  -0.0367757366
 5315  -0.0246027062   0.0601144584   0.0912387979   0.0341963706  -0.0135474677
 5316   0.0398545954  -0.0030013546   0.0120327989   0.0502104006   0.0094289491
 5317  -0.0151029406  -0.0042231611   0.0032732840   0.0066573292   0.0366878478
 5318  -0.0256731593   0.1118375117   0.0637779401  -0.0234639053  -0.0087137448
 5319   0.0694696494  -0.0341884423  -0.0213894599  -0.0019577063  -0.0993646386
 5320  -0.0208295779   0.0139022122   0.1056480850   0.1579621577  -0.0579022244
 5321   0.0202649937   0.0486574940  -0.0291546390   0.0552163353   0.0372186993
 5322  -0.0503045099   0.0787777176  -0.0098101225  -0.0735246451  -0.0104313982
 5323  -0.0887772816   0.0023431443  -0.0287601917  -0.0088745304   0.0214363076
 5324   0.0169210926  -0.0105253652   0.0196534229  -0.0053436903  -0.0073406276
 5325  -0.0833704510  -0.0236455692  -0.0218325622  -0.1542625444  -0.1861132697
 5326  -0.0432161116   0.0000795285   0.0406898689  -0.0164062900   0.0801717292
 5327   0.1246359436   0.1628456706  -0.0678897348  -0.0359839216   0.0826912702
 5328   0.0503554792  -0.0059527355   0.0003166809   0.0001741406   0.0003281350
 5329  -0.0010915824  -0.0005634044   0.0004457846  -0.0003932418  -0.0001672400
 5330  -0.0000573242  -0.0001511497   0.0001991293   0.0003095748   0.0002809276
 5331  -0.0000006269  -0.0001067795   0.0002160787  -0.0001054228   0.0000129417
 5332  -0.0001330650   0.0001143270  -0.0001574632  -0.0000041515  -0.0000105615
 5333  -0.0001190846   0.0000360770   0.0000277041   0.0001787470   0.0001084585
 5334   0.0000581836  -0.0001927822   0.0000124147   0.0000522197   0.0000115032
 5335   0.0000113862  -0.0000101131   0.0000425703  -0.0000080892  -0.0000107296
 5336  -0.0000133989   0.0000034187  -0.0000591019   0.0000173421  -0.0000029837
 5337  -0.0000066211   0.0000027311  -0.0000007612   0.0000032092  -0.0000063438
 5338   0.0000127078   0.0000171387  -0.0000144794   0.0000132803   0.0000199468
 5339  -0.0000049020   0.0000053568   0.0000064200   0.0000020730  -0.0000213233
 5340   0.0000035141  -0.0000048127   0.0000012468   0.0000002750  -0.0000058137
 5341  -0.0000030354   0.0000007407   0.0000050254  -0.0000141471   0.0000000240
 5342   0.0000091082  -0.0000084496   0.0000100893   0.0000116002   0.0000037702
 5343  -0.0000283695   0.0000038352   0.0000088707   0.0000067379  -0.0000047301
 5344  -0.0000024315  -0.0000033672   0.0000017517   0.0000104404  -0.0000001273
 5345   0.0000074791   0.0000009985  -0.0000009861  -0.0000003048   0.0000012033
 5346   0.0000000695  -0.0000000118  -0.0000000466   0.0000011558  -0.0000037385
 5347  -0.0000002172  -0.0000004140  -0.0000000881  -0.0000001410
 54 1   0.0139208436   0.0185140977   0.0092412299  -0.0571738187   0.1203022201
 54 2  -0.0357696597   0.0103181141   0.0093018620   0.0622173196  -0.0062308000
 54 3  -0.0372849834  -0.0139159003   0.0029792442   0.0164177846   0.0266614451
 54 4  -0.0249197026  -0.0087403909   0.0334439549   0.0477358166   0.0163683615
 54 5  -0.0643940137   0.1048005180  -0.0633193769  -0.0770685985  -0.1605799612
 54 6   0.0508745923  -0.1341216045   0.0369451715   0.0024784873   0.1990694107
 54 7   0.0652180517   0.3918135373   0.1295900252   0.3023188801   0.0204095310
 54 8   0.1828334206   0.1571677826   0.0602602231   0.0352015991   0.0067523372
 54 9   0.0181599806  -0.0090976671   0.0070651519  -0.0084554280   0.0134927396
 5410   0.0305377502  -0.0092999208  -0.0276692092   0.0034682878   0.0018662680
 5411   0.0006983048   0.0174399384   0.0106692531  -0.0500854338  -0.0101924000
 5412   0.0249091858   0.0606298325   0.0297618725   0.0870413958   0.0378779913
 5413   0.1485311980  -0.0368777594  -0.0409607186  -0.0191989217   0.0743670291
 5414   0.0002390505   0.1404486898  -0.0529474000  -0.0868466180  -0.0898178007
 5415   0.0691222496   0.0990715328   0.0475708265   0.0396508477  -0.0295325974
 5416  -0.0500429766   0.0146974827  -0.0250283275  -0.0049983096   0.0109057372
 5417  -0.0109002604  -0.0022225235   0.0149221856   0.0199857325   0.0158248066
 5418   0.0005074036  -0.0331411215   0.0347987711  -0.0204163701   0.0157945235
 5419   0.0007947525   0.0099294939  -0.0186550495   0.0094205928   0.0107444728
 5420  -0.0184564691  -0.0248094569   0.0845336332   0.0021303950  -0.0490662054
 5421  -0.0193261157  -0.0113264420   0.0111816684  -0.0915203395  -0.0091635490
 5422  -0.0361116086  -0.0243284302  -0.0251649221   0.0431520167   0.0078932639
 5423   0.0204247680   0.0344377318  -0.0036175315  -0.0178081290   0.0103576610
 5424  -0.0118356413  -0.0020121004   0.0082291902  -0.0002712806   0.0004567041
 5425   0.0123491997  -0.0124923141  -0.0069989170   0.0140672818  -0.0019602045
 5426   0.0045618689  -0.0018157210   0.0044830712   0.0101930642   0.0107647426
 5427  -0.0008401106   0.0002888518   0.0054415641  -0.0003068125   0.0013636713
 5428   0.0104681957   0.0009087180  -0.0001399497  -0.0003425673  -0.0001490940
 5429   0.0009487085   0.0003013118  -0.0001225365  -0.0000061121  -0.0000840505
 5430  -0.0000259877  -0.0005967122  -0.0001063443   0.0003493214   0.0001289291
 5431   0.0002785623   0.0000462321  -0.0000890161   0.0000611664   0.0000335117
 5432   0.0001402403  -0.0000303756   0.0001401646  -0.0000920433   0.0001761282
 5433  -0.0000897889   0.0001114559  -0.0000320827   0.0000657569   0.0000451364
 5434   0.0000459199  -0.0000840623  -0.0000041322   0.0000212505   0.0000645339
 5435  -0.0000066236  -0.0000034891  -0.0000219354   0.0000155310  -0.0000063956
 5436   0.0000063061  -0.0000064009   0.0000450317  -0.0000072020   0.0000021581
 5437  -0.0000009481  -0.0000039028   0.0000089715   0.0000084790   0.0000030970
 5438  -0.0000059979   0.0000044255  -0.0000095067  -0.0000052938  -0.0000128190
 5439   0.0000105168   0.0000109145   0.0000222663  -0.0000238094   0.0000326788
 5440  -0.0000021900  -0.0000024941   0.0000029186   0.0000009543  -0.0000042864
 5441   0.0000090785   0.0000030036  -0.0000010746   0.0000040872  -0.0000058192
 5442  -0.0000202562   0.0000166618   0.0000018586  -0.0000024865  -0.0000069867
 5443   0.0000260295  -0.0000186023  -0.0000137902  -0.0000203691   0.0000276666
 5444   0.0000157099   0.0000007805   0.0000022221  -0.0000060229  -0.0000006070
 5445  -0.0000032618  -0.0000004370   0.0000007392  -0.0000006748  -0.0000007570
 5446  -0.0000001788   0.0000001949  -0.0000000005  -0.0000001920   0.0000016073
 5447   0.0000000912   0.0000010402   0.0000001581  -0.0000001103
 55 1  -0.0116429387   0.0095985202  -0.0005959292  -0.0254246882   0.0001429101
 55 2   0.0187431883   0.0434895749   0.0952521265  -0.0197833867   0.0329152931
 55 3   0.0338256580  -0.0125079893   0.0029887027   0.0030220770   0.0005836117
 55 4   0.0441038278  -0.0249975489   0.0556765953  -0.0145587800   0.1242808079
 55 5  -0.0431655608   0.0202483293  -0.0136458323   0.0773022132   0.0197842567
 55 6  -0.0209889711  -0.0105199685  -0.0017202810   0.0312963380   0.0122964930
 55 7  -0.0280606704   0.0255285144  -0.0330748991   0.0051662475  -0.0021419799
 55 8  -0.0211504621  -0.0419760561  -0.0035026239  -0.0156209434   0.0605325789
 55 9  -0.0031233584   0.0188890455   0.0765737651   0.0291723370   0.0037457259
 5510  -0.0764555822  -0.0394898550  -0.0321721758   0.0205757000   0.0033470923
 5511   0.0878969123   0.0304237209   0.0575173484  -0.0142904026   0.0287595625
 5512   0.0137880341  -0.0371528857   0.1070496317  -0.0235244425   0.0126348047
 5513  -0.0131664089  -0.0048127005   0.0051992229   0.0520158480  -0.0396528623
 5514  -0.0033987463   0.0987778192  -0.0072292742  -0.0475153515   0.0465546305
 5515   0.0174562372  -0.0238743225  -0.0768562989   0.0464430051   0.0003074683
 5516   0.1057889451  -0.0020145011   0.0009589246   0.0188533449  -0.0200978686
 5517   0.0016899815  -0.0110635640  -0.0000822258   0.0202686614   0.0070019704
 5518  -0.0516654927   0.0705039366  -0.0172195259  -0.0389159691  -0.0404652040
 5519  -0.0523211713   0.0032270457  -0.0264341381  -0.0045949546  -0.0709776464
 5520  -0.0033320297  -0.0043814153  -0.1492878234   0.0858139603  -0.0204860715
 5521   0.0277533182   0.0065411034   0.0719338403  -0.0677951911   0.1118934252
 5522  -0.0055249766   0.0494658520  -0.0687656662  -0.0016831041   0.0239085997
 5523   0.0499383367  -0.0689466006   0.0033827931  -0.0022685911   0.0182582918
 5524  -0.0091727434   0.0015774887   0.0004042019  -0.0044160981  -0.0016840208
 5525   0.0164755001  -0.0671886152   0.0659464792   0.1665201188  -0.0193496027
 5526   0.0663190577  -0.0078102672   0.0679683377   0.1082856494   0.1918950611
 5527   0.0077243590  -0.0352173396   0.1377580839   0.0036620869   0.0037607447
 5528   0.5061680521  -0.0010349085   0.0018742592   0.0006436062  -0.0002294678
 5529  -0.0002846177   0.0000990010  -0.0001831506   0.0000118293   0.0000153848
 5530   0.0001419095  -0.0003114495   0.0001144409   0.0002474688  -0.0000737410
 5531   0.0000469189  -0.0000559063  -0.0000024189   0.0000213207   0.0000252039
 5532   0.0000094363  -0.0000150459   0.0000343105  -0.0000025668   0.0000163103
 5533  -0.0000420062   0.0000622249   0.0000110462   0.0000074565   0.0000039592
 5534   0.0000029543  -0.0000000880  -0.0000010173  -0.0000150313  -0.0000289945
 5535  -0.0000033723   0.0000155649   0.0000007030  -0.0000008798   0.0000277274
 5536  -0.0000092466  -0.0000016616   0.0000234617  -0.0000305500   0.0000081754
 5537  -0.0000154325  -0.0000010618  -0.0000023899  -0.0000009044   0.0000008089
 5538   0.0000001917  -0.0000056476  -0.0000014091   0.0000055720  -0.0000090174
 5539   0.0000097057  -0.0000046932   0.0000061561   0.0000008605   0.0000218636
 5540   0.0000020395  -0.0000020823   0.0000058620   0.0000001683  -0.0000065861
 5541  -0.0000001382  -0.0000041423   0.0000006804  -0.0000112473  -0.0000095140
 5542   0.0000023351   0.0000036860   0.0000060562  -0.0000079571   0.0000088721
 5543   0.0000211161  -0.0000113058   0.0000066089  -0.0000056817   0.0000141213
 5544   0.0000119713   0.0000033213   0.0000023423  -0.0000028464   0.0000009430
 5545  -0.0000039438  -0.0000007688   0.0000007451  -0.0000007061   0.0000032715
 5546  -0.0000002814  -0.0000037273   0.0000000496   0.0000001129   0.0000006294
 5547   0.0000001474   0.0000002049   0.0000000522   0.0000000198
 56 1   0.0035029003  -0.0022397939  -0.0382872830   0.0036230633   0.0209995508
 56 2  -0.0176077710  -0.0504570944  -0.0073871729  -0.0686762494  -0.1197157201
 56 3  -0.0158050219  -0.0128113943  -0.0051848382  -0.0006824310  -0.0034317282
 56 4  -0.0140012563  -0.0363944362   0.0495535986   0.0496547694   0.0509019550
 56 5  -0.0397980741  -0.0394865911   0.0454838367   0.0147360324  -0.0053674530
 56 6  -0.0684650941   0.0264925039   0.0029649493   0.0021115873  -0.0011885381
 56 7   0.0592358640  -0.0505597691   0.0401874877   0.0198089459  -0.0404971350
 56 8  -0.0065843147   0.0218447721  -0.0192834627   0.0365932108  -0.0701488640
 56 9   0.0441588464   0.0159595331   0.0589880399  -0.0246842281   0.0000525114
 5610  -0.0534601626   0.0230942035  -0.0021548822   0.0188226900   0.0000718853
 5611  -0.0006759394   0.0708702937   0.0307071031   0.0470478495  -0.0107740285
 5612   0.0069565445   0.0400679110   0.0747942025  -0.0313358904   0.0027175188
 5613   0.0141743216  -0.0355447459   0.0053972467  -0.0055108850  -0.0215313666
 5614  -0.0024460024   0.0492409499   0.0091665961   0.0503822948  -0.0094655063
 5615  -0.0387430479   0.0249306687   0.1145579985  -0.0572277443   0.0340773173
 5616  -0.2020181027  -0.0113912760  -0.0200002572   0.0236204202   0.0277768662
 5617  -0.0305478083   0.0071384070  -0.0205734868  -0.0190757799  -0.0398116895
 5618  -0.0003182912  -0.0673773804  -0.0030478291  -0.0012951629   0.0217989860
 5619  -0.1049274424   0.0217213780   0.0602902377  -0.0068612836   0.0209594687
 5620   0.0462092135  -0.0179564844  -0.0967411394  -0.1054628828   0.0062311458
 5621  -0.0037914459  -0.0202526142   0.1003535692  -0.0859152289   0.0270111540
 5622   0.0641899464   0.0312220256  -0.0338914370  -0.0249273005   0.0163448647
 5623   0.0177546220   0.0569550469  -0.0008091916   0.0244558275  -0.0053933915
 5624  -0.0440268323   0.0002069487   0.0035046356  -0.0053030533   0.0002711529
 5625  -0.0708190761   0.0352041376   0.1547567379  -0.0808291780  -0.0325921385
 5626   0.0609055050  -0.0060822598  -0.0140080962  -0.1863418188  -0.3595364858
 5627   0.1016816101  -0.0625689422  -0.2241845711  -0.0105140545   0.0373622972
 5628   0.2250758051  -0.0034425675  -0.0001179700  -0.0009882472  -0.0000179107
 5629   0.0011053098   0.0002404397  -0.0002449142   0.0001344879  -0.0000390656
 5630  -0.0001542126  -0.0003042644   0.0001006114   0.0002601651   0.0001766255
 5631   0.0001094089  -0.0000162528  -0.0000546731   0.0000551446   0.0000074557
 5632   0.0000226146   0.0000221204   0.0000072268   0.0000450322  -0.0000335791
 5633  -0.0000510855   0.0000213558  -0.0000421733   0.0000309480   0.0000139822
 5634   0.0000377536  -0.0000522251   0.0000031986  -0.0000519360  -0.0000351115
 5635   0.0000044210  -0.0000002831  -0.0000453230   0.0000134108  -0.0000056181
 5636   0.0000140905   0.0000005236  -0.0000144762  -0.0000338259  -0.0000002040
 5637  -0.0000166251  -0.0000016630   0.0000019529  -0.0000020251  -0.0000141136
 5638   0.0000013172  -0.0000084179  -0.0000026269  -0.0000074314  -0.0000042107
 5639   0.0000074505   0.0000156848   0.0000087560  -0.0000068741  -0.0000018646
 5640  -0.0000017851   0.0000163522   0.0000022930  -0.0000038545   0.0000121779
 5641  -0.0000018251  -0.0000041715  -0.0000001691  -0.0000055233  -0.0000038574
 5642  -0.0000000477  -0.0000016585   0.0000014498   0.0000044821  -0.0000045814
 5643  -0.0000039217  -0.0000095662  -0.0000042986  -0.0000148605   0.0000111142
 5644   0.0000246075  -0.0000026862  -0.0000010952   0.0000004334  -0.0000010548
 5645   0.0000011894   0.0000006805  -0.0000020978   0.0000001593  -0.0000007215
 5646   0.0000002001   0.0000003494  -0.0000000112   0.0000001946  -0.0000002871
 5647  -0.0000000236  -0.0000000071   0.0000000979  -0.0000003902
 57 1   0.0324334839   0.0000240134  -0.0188957446  -0.0157875064   0.1657763398
 57 2   0.0024926875   0.0154865125  -0.0194732696   0.0321113934   0.0114524456
 57 3   0.0185958007   0.0003827325   0.0889802598  -0.0569618905   0.0192170482
 57 4  -0.0080838075  -0.0336498292   0.0333251558  -0.0055695620  -0.0270012028
 57 5   0.0125344819  -0.0098351283   0.0402369462  -0.0100320652   0.0367743177
 57 6  -0.0098545127   0.0483715928  -0.0215895187   0.0349950732   0.0154900304
 57 7   0.0619856958   0.0707481325   0.0816883338   0.0650750264  -0.3210104124
 57 8  -0.2529490764  -0.2102729692   0.0827399853   0.0560520489  -0.0178589942
 57 9   0.0194580110  -0.0272389313  -0.1143404412   0.0257745631   0.1225400783
 5710  -0.0430559461   0.0237068589  -0.0577284875  -0.0109015784  -0.0028485770
 5711  -0.0080141287  -0.0146245778  -0.0494425947  -0.0551582103   0.0043776812
 5712  -0.0480668783  -0.0132475482  -0.0322530807   0.0088414368  -0.0264285715
 5713   0.0466455991   0.0007310486  -0.0182514880  -0.0901027610  -0.0410088441
 5714  -0.0240235407  -0.0996839072   0.0211548000   0.0631435735   0.1028028777
 5715  -0.0450614426   0.1083207200  -0.0659444426  -0.0418594114  -0.0552819786
 5716  -0.0010983225  -0.0171142579   0.0000517970   0.0549744032   0.0198056973
 5717  -0.0549126917  -0.0296811486   0.0392480552  -0.0520199936   0.0126471572
 5718   0.0222044725   0.0298043971   0.0436079053  -0.0142035191   0.0144804607
 5719  -0.0271692009  -0.0356728010  -0.0287591567   0.0108722431   0.0305729572
 5720   0.0002259426  -0.0219510427   0.0594057512  -0.0201319508  -0.1117722913
 5721   0.0025540415  -0.0030296456  -0.0438494325  -0.0328695724  -0.0083853571
 5722   0.0286793861  -0.0631369120  -0.0787361582  -0.1706103290   0.0083005919
 5723   0.0751973338  -0.0344180904  -0.0010437753  -0.0126611026  -0.0025859605
 5724  -0.0159352210   0.0248249858   0.0301806232  -0.0205042641  -0.0062666924
 5725   0.0208486808   0.0324298892  -0.0137778081   0.0138066536   0.0096301316
 5726  -0.0091590765  -0.0020692995  -0.0006516875   0.0043876483   0.0155145991
 5727   0.0003588700  -0.0019409175   0.0084277524   0.0050048877   0.0028229304
 5728   0.0179950417  -0.0006591861   0.0019313761   0.0004517503  -0.0000426240
 5729  -0.0001445700   0.0000885756  -0.0000297056   0.0001607932  -0.0000470223
 5730   0.0000146380  -0.0000627886  -0.0001045887  -0.0000984345   0.0000169623
 5731   0.0000123362   0.0001956346  -0.0000338957  -0.0001666518  -0.0000847286
 5732   0.0000439185  -0.0001434871  -0.0000107597  -0.0000999567   0.0000567598
 5733   0.0000498001  -0.0000063274  -0.0000100155  -0.0000210614  -0.0000240230
 5734  -0.0000509299   0.0000320149  -0.0000164010   0.0000514242   0.0000832826
 5735  -0.0000062233   0.0000067625   0.0001201402  -0.0000220300  -0.0000174426
 5736   0.0000012265   0.0000018517   0.0000213458   0.0000887972  -0.0000042101
 5737   0.0000381881  -0.0000046122   0.0000089748  -0.0000076364   0.0000479405
 5738  -0.0000128298   0.0000276618  -0.0001079835   0.0000267351   0.0000340930
 5739  -0.0000005529   0.0000180638  -0.0000429270   0.0000439504  -0.0000486955
 5740  -0.0000122925   0.0000544541  -0.0000002506  -0.0000220412   0.0000787370
 5741  -0.0000327153  -0.0000713267   0.0000061318  -0.0000443191  -0.0000275968
 5742  -0.0000086515   0.0000035174   0.0000032183  -0.0000234270   0.0000344637
 5743   0.0000261674   0.0000263912   0.0000211260   0.0000055702  -0.0000189418
 5744   0.0000072896   0.0000050781   0.0000017000   0.0000490645   0.0000072619
 5745   0.0000316240  -0.0000010661   0.0000034298  -0.0000002124   0.0000104335
 5746  -0.0000000467  -0.0000096783  -0.0000002196   0.0000006067  -0.0000030620
 5747  -0.0000003873   0.0000000746   0.0000002223  -0.0000002377
 58 1  -0.0218885649   0.0265666658  -0.0165430208  -0.0242359402   0.0007276147
 58 2   0.0192980031   0.0436608602   0.0946328384  -0.0201748380   0.0323888521
 58 3   0.0411928840  -0.0069118199  -0.0073811730   0.0022576401  -0.0005113599
 58 4   0.0434967659  -0.0333991508   0.0720081051  -0.0372521741   0.1460612029
 58 5  -0.0513854154   0.0493570760  -0.0093499647   0.0819912666   0.0342382090
 58 6   0.0167749875  -0.0129664544  -0.0081998371   0.0817814070   0.0814768511
 58 7   0.0044083071   0.0719330845  -0.1087292029  -0.0274777017   0.0241915367
 58 8   0.0016218522  -0.1130594176  -0.0188497176  -0.1292087521   0.0587116363
 58 9  -0.0258091591   0.0204998030   0.0632268724   0.0272001352   0.0073767752
 5810  -0.0729026147  -0.0105772173  -0.0741323221   0.0564392934   0.0046999049
 5811   0.0982447318   0.0473077638   0.1682010856  -0.1654804331   0.0699938779
 5812   0.0305740824  -0.1282969918   0.0918549665  -0.0101012897  -0.0102268360
 5813  -0.0479473488  -0.0074487760  -0.0362071297   0.0263864781  -0.0521986755
 5814  -0.0180433594   0.0781568479   0.0016645055  -0.0921151938   0.0626578911
 5815  -0.0434509800   0.0774788078  -0.0278872579   0.0433954844  -0.0874004795
 5816  -0.0360433026   0.0069191572   0.0102589902  -0.0453115320   0.0042742258
 5817   0.0107025070  -0.0552130620  -0.0391644248   0.0287651402  -0.0212739945
 5818  -0.0963124702   0.0997846654   0.0043816932  -0.0258094237  -0.0069039748
 5819   0.0329641318   0.0056975963   0.0789571899   0.0114072272  -0.0371452666
 5820   0.0344742880   0.0071553273   0.1126640776  -0.0358741422  -0.0096345089
 5821   0.0081128835   0.0213815404   0.0345185029  -0.0671128131  -0.1039851657
 5822   0.1005161154  -0.0562805074   0.0233833310  -0.0150807456   0.0022131056
 5823   0.0146591073   0.0494609427   0.0174158022   0.0290428245   0.0155952100
 5824  -0.0496454286  -0.0034161445   0.0101321873  -0.0139624719  -0.0059436782
 5825   0.0384999438   0.1172514884  -0.0894788680  -0.0780242625   0.0298503967
 5826  -0.0518604151   0.0066617201  -0.0838892843  -0.0567616414  -0.1077447590
 5827   0.0120583953   0.0318205731  -0.0595721646  -0.0038269071   0.0005106687
 5828  -0.2073494585   0.0001277078  -0.0005594578  -0.0000908168  -0.0000490331
 5829  -0.0001159216  -0.0004145871   0.0003685055  -0.0001185889  -0.0001022727
 5830  -0.0000045214   0.0002046661  -0.0001677944  -0.0000756471   0.0000478074
 5831  -0.0000637689  -0.0000101586   0.0000045370  -0.0000059035  -0.0000037374
 5832  -0.0000215573   0.0000235523  -0.0000380039  -0.0000193855   0.0000154305
 5833   0.0000082681  -0.0000647557   0.0000337065   0.0000095680  -0.0000137058
 5834   0.0000093191  -0.0000138993  -0.0000068648   0.0000216869   0.0000172063
 5835   0.0000039825  -0.0000203919   0.0000216682   0.0000075505  -0.0000087632
 5836  -0.0000098086  -0.0000081425  -0.0000184485   0.0000201763  -0.0000095463
 5837   0.0000048424  -0.0000039452   0.0000012022  -0.0000040304   0.0000209594
 5838  -0.0000006894  -0.0000067021  -0.0000192807  -0.0000031591   0.0000019170
 5839  -0.0000038758   0.0000121177  -0.0000026454   0.0000199232  -0.0000287946
 5840  -0.0000021765   0.0000008718  -0.0000134438  -0.0000018892   0.0000083625
 5841  -0.0000001729  -0.0000068898   0.0000099503  -0.0000132268   0.0000018216
 5842  -0.0000139153   0.0000117854   0.0000058986   0.0000041160   0.0000176974
 5843  -0.0000253831   0.0000133787  -0.0000038065  -0.0000062334  -0.0000194211
 5844  -0.0000064892  -0.0000068991   0.0000008032   0.0000127685   0.0000024433
 5845   0.0000098893   0.0000023048   0.0000012621  -0.0000003062   0.0000025510
 5846   0.0000002435  -0.0000010738  -0.0000003455  -0.0000000997   0.0000002877
 5847   0.0000001008   0.0000000084   0.0000002137  -0.0000001651
 59 1  -0.0079702082  -0.0108714551  -0.0950492987  -0.0016647016   0.0213757165
 59 2  -0.0137842287  -0.0420653804  -0.0261895700  -0.0688435714  -0.1763866624
 59 3  -0.0866936244  -0.0107964924  -0.0003922935  -0.0107022380   0.0031973624
 59 4   0.1016684483   0.0239812921   0.0516651722   0.1801966506   0.0511999812
 59 5  -0.0778625170  -0.0060616241   0.0745324933   0.0602749071   0.0111711449
 59 6   0.0511223881  -0.0217834341  -0.0447192271   0.0371516278  -0.0214199783
 59 7  -0.0851732690  -0.1139419444   0.0796813787   0.1283150538   0.1167547578
 59 8  -0.0191575540   0.0101635994   0.0472619525   0.0082221166   0.0853562764
 59 9  -0.0220754871  -0.0095721005   0.0127582385   0.0597553234   0.0055284121
 5910  -0.0071174086   0.0213783037  -0.1006617933   0.0050181544  -0.0022015320
 5911   0.1101229223  -0.0556730661  -0.0272770077  -0.0975805035   0.0500422450
 5912  -0.0370567615  -0.1074621345  -0.0543697759   0.0182151975  -0.0321588880
 5913  -0.0231398105   0.0122649919  -0.0377175242  -0.0792749724   0.0388172701
 5914  -0.0366464243  -0.2564483675   0.0229664219   0.0253303170  -0.1286074163
 5915   0.0087295643   0.0516741973  -0.0012240611   0.0717344712   0.0572791270
 5916   0.0821252279  -0.0109779328  -0.0069104954  -0.0626822244   0.0496031356
 5917  -0.0142890406  -0.0029106721  -0.0169408317   0.0108088288   0.0307308385
 5918   0.0692772298  -0.0829004581   0.0154213244  -0.0103089838  -0.0436566667
 5919   0.0091693245  -0.0018648162  -0.0670955106   0.0013668153  -0.1568300071
 5920   0.0036786008   0.0003858084  -0.0093078513   0.0838178038  -0.0376013210
 5921   0.0474103017   0.0147007060  -0.0389812409  -0.0413586946  -0.0497098823
 5922   0.0313443814  -0.0976352613   0.0466111840  -0.0668483166  -0.0072315344
 5923   0.0119230573   0.0160807381   0.0169392984  -0.0296084274  -0.0261481172
 5924   0.0425511185   0.0027358856  -0.0358179943   0.0144312504   0.0112761463
 5925  -0.0265597386   0.0064294187   0.0909402890   0.0938503222   0.0089801261
 5926   0.0138952299  -0.0008678112  -0.0491767393  -0.0149982119  -0.0537114857
 5927   0.0294811102   0.0117791731  -0.0206964802  -0.0041084207   0.0083389292
 5928   0.0231906056  -0.0001208963  -0.0001736484  -0.0004940418  -0.0004188821
 5929   0.0000107627  -0.0003386281   0.0000725141  -0.0000911247  -0.0000692074
 5930   0.0000392749  -0.0002614993  -0.0002270871   0.0000562671   0.0000412344
 5931  -0.0000519858   0.0000416146  -0.0000845293  -0.0000119034  -0.0000042100
 5932   0.0000080070  -0.0000068101  -0.0000407880  -0.0000217997   0.0000113233
 5933   0.0000162130  -0.0000585711  -0.0000400028   0.0000004682  -0.0000199594
 5934  -0.0000097608  -0.0000105534  -0.0000102709  -0.0000006128   0.0000459809
 5935   0.0000041706  -0.0000167019   0.0000110695   0.0000089778  -0.0000442086
 5936  -0.0000182890  -0.0000179443  -0.0000151902  -0.0000042552  -0.0000085622
 5937  -0.0000106155  -0.0000010465   0.0000054559  -0.0000137908   0.0000095247
 5938  -0.0000049849  -0.0000062197  -0.0000035780  -0.0000165438   0.0000036798
 5939  -0.0000118841   0.0000303756   0.0000109029   0.0000029318  -0.0000163331
 5940  -0.0000048901   0.0000145406  -0.0000261909   0.0000046096  -0.0000005257
 5941  -0.0000138417   0.0000234372   0.0000065980  -0.0000065797   0.0000110523
 5942  -0.0000167098   0.0000169947   0.0000039443   0.0000174297  -0.0000032733
 5943  -0.0000277521   0.0000041654  -0.0000099197  -0.0000240385  -0.0000197054
 5944   0.0000151103  -0.0000091044  -0.0000023231   0.0000027600   0.0000029469
 5945   0.0000026971   0.0000038593   0.0000026942  -0.0000000763   0.0000012346
 5946   0.0000006074   0.0000023923  -0.0000002255  -0.0000001042  -0.0000001184
 5947  -0.0000003576   0.0000001314   0.0000004460  -0.0000006195
 60 1  -0.0697005562   0.0060377784  -0.2386898412   0.1001204897   0.2105091999
 60 2   0.0413822898   0.0200943423  -0.0479705234   0.0020766803   0.0289707031
 60 3  -0.1631476711  -0.0178321765   0.0192439387  -0.0560583850  -0.0245915113
 60 4   0.1344073676   0.2265802035  -0.1442293590  -0.0675162117   0.0590587250
 60 5  -0.0301268736  -0.0629371504  -0.0469317905   0.0066235297  -0.0684414462
 60 6  -0.0548242778  -0.0030345133   0.0476095423  -0.0690017636  -0.1024795872
 60 7  -0.0112280176  -0.0637906491   0.0426007557   0.0006491133   0.0037896978
 60 8   0.0514091196   0.0952666282   0.0308897704   0.0861062293  -0.0081356330
 60 9  -0.0061982323  -0.0022864764   0.0281868306  -0.0053064113   0.0024781287
 6010  -0.0045603879  -0.0165652082   0.0115412806  -0.0259649597  -0.0013289834
 6011  -0.0348158366   0.0040788386  -0.0438086780   0.0550198453  -0.0137667713
 6012  -0.0057882853   0.0498761303  -0.0257530353  -0.0031714388   0.0119639113
 6013   0.0219378788   0.0402085404   0.0004677623   0.0046227428   0.0260733689
 6014   0.0056247807  -0.0902411188  -0.0294906026  -0.1248694066  -0.0498796633
 6015   0.0076256364  -0.0836079994  -0.1080446741   0.0372067796   0.0376125357
 6016   0.0314759333  -0.0052189729  -0.0045992094   0.0211134171  -0.0572568019
 6017  -0.0055930671  -0.0514471007  -0.0008461081   0.0063580047  -0.0111300125
 6018  -0.1133460914   0.1413320493  -0.0283419876  -0.0396184396  -0.0064209344
 6019  -0.0319061000  -0.0026584959   0.0550987798   0.0034991066   0.0024992249
 6020   0.0297327359  -0.0072066347  -0.0182218229  -0.0295417210  -0.0124632163
 6021  -0.0054669778   0.0040164935   0.0729805977  -0.0695218014   0.0097156758
 6022   0.0262914593   0.0265415815  -0.0245518843   0.0172281100   0.0095896308
 6023   0.0193629488   0.0016216342   0.0034903472   0.0173694149   0.0136314637
 6024  -0.0326506456   0.0004906322   0.0181949160  -0.0148510261  -0.0081451216
 6025   0.0315509684   0.0351484263  -0.0490787744  -0.0377986932   0.0065819779
 6026  -0.0161999141   0.0020652748  -0.0078478789  -0.0013797273  -0.0088687045
 6027  -0.0026441865   0.0069734706  -0.0040388565   0.0008318019  -0.0002022757
 6028  -0.0404320913   0.0005600002   0.0002912585   0.0002656423  -0.0001545597
 6029   0.0005738807   0.0003806045  -0.0003165081   0.0000825054   0.0001087487
 6030   0.0000552213   0.0002363493   0.0003648536   0.0000584309  -0.0002438245
 6031   0.0000045749  -0.0000995997   0.0001004226   0.0000184318   0.0000503292
 6032   0.0000067299   0.0000707613   0.0000410315   0.0000351912  -0.0000146237
 6033  -0.0000375619   0.0000551793   0.0000430577  -0.0000002776   0.0000146879
 6034   0.0000131057   0.0000186434   0.0000158331   0.0000008217  -0.0000196146
 6035   0.0000060661   0.0000113083  -0.0000048876  -0.0000073526   0.0000238019
 6036   0.0000059523   0.0000128223   0.0000313584  -0.0000230655   0.0000142411
 6037   0.0000071460  -0.0000006050  -0.0000054379   0.0000163969  -0.0000009214
 6038   0.0000051909   0.0000026033   0.0000031708   0.0000180031  -0.0000136746
 6039   0.0000144373  -0.0000149503  -0.0000071996  -0.0000269858   0.0000112318
 6040  -0.0000044418   0.0000064625   0.0000134304  -0.0000023780   0.0000015856
 6041   0.0000083593  -0.0000150264  -0.0000069722   0.0000139079   0.0000047470
 6042   0.0000196864  -0.0000151009  -0.0000078722  -0.0000078647  -0.0000117984
 6043   0.0000148094  -0.0000092605  -0.0000031364   0.0000274340   0.0000228123
 6044  -0.0000320423   0.0000096913   0.0000026953  -0.0000109674  -0.0000033047
 6045  -0.0000106611  -0.0000039496  -0.0000034254  -0.0000000118  -0.0000023480
 6046  -0.0000006800  -0.0000004066   0.0000002762   0.0000001780  -0.0000002941
 6047   0.0000002089   0.0000001512   0.0000000182   0.0000007479
 61 1  -0.0461922239   0.0855196278   0.0117150459  -0.0308840703   0.0024004974
 61 2   0.0163969054   0.0367591120   0.1104891902  -0.0209715987   0.0841592483
 61 3   0.0157895513  -0.0308084541   0.0079481617   0.0371924160  -0.0007594401
 61 4   0.0202716214  -0.0375971445   0.0772670179  -0.0658763226   0.1016636333
 61 5  -0.0578987089  -0.0647648791   0.0459829002  -0.0259712073   0.0116792213
 61 6  -0.0291953213   0.0676545255   0.0312402521  -0.0288874460  -0.0721701095
 61 7  -0.0249199108  -0.1362964243   0.0674635633   0.1115898188   0.0270179452
 61 8   0.0129761948   0.0360279801   0.1656511776   0.0919644686  -0.0399221518
 61 9  -0.0067904599  -0.0269862989  -0.0614002645  -0.0003798770   0.0225546713
 6110   0.1729298067   0.0356537774  -0.0266193586  -0.0310925923  -0.0265821036
 6111  -0.0605248142  -0.1424917469  -0.0488386710  -0.0204836786   0.0081587287
 6112   0.0443575091  -0.0954900745  -0.0829167765   0.0401787229  -0.0162501069
 6113  -0.0687178633  -0.0173875162  -0.0332316462   0.0360613515  -0.0444652426
 6114   0.1011942179   0.1186209107   0.0287762748   0.0629122077   0.0013103259
 6115  -0.1268022674   0.0256680447   0.1247153242   0.0452094271  -0.0842832325
 6116  -0.1071832300  -0.0039403186   0.0333374360   0.0278020071  -0.0618389185
 6117   0.0158583328  -0.0213649646   0.0065417114   0.0017004122  -0.0275392695
 6118  -0.0169369777   0.0199170652   0.0230409153  -0.0048327392   0.0304396373
 6119  -0.0255742807   0.0334916269   0.0725039453  -0.0059064562  -0.1135941468
 6120   0.0431872738   0.0045091810   0.0289246830  -0.0247151153  -0.0162913113
 6121   0.0157486319   0.0334037997  -0.0671041278  -0.0101257561   0.1409314386
 6122  -0.1229958304  -0.0354884295   0.0106547812  -0.1120973916   0.0114014955
 6123  -0.0190031397  -0.0624026769   0.0015095427  -0.0164557508   0.0127414030
 6124   0.0279431583   0.0013161376  -0.0091894721  -0.0019631575  -0.0002924597
 6125  -0.0011864646  -0.0499206205  -0.0856914160  -0.0201966772  -0.0695066124
 6126   0.0455193020   0.0035777986  -0.0368007663   0.1035927395  -0.0314260427
 6127  -0.0515278692  -0.0333186407  -0.0682603169   0.0008447880  -0.0033879315
 6128   0.0051098876  -0.0000166438  -0.0005789927   0.0000413613  -0.0004624738
 6129  -0.0005042768  -0.0006446430   0.0005162894   0.0000712058   0.0000584402
 6130   0.0000531471   0.0001446863  -0.0003173766  -0.0000192245   0.0000918778
 6131  -0.0000456950   0.0000452407  -0.0000704979  -0.0000043803  -0.0000245550
 6132  -0.0000074068  -0.0001612128   0.0000342403  -0.0000276133  -0.0000021985
 6133   0.0000003646  -0.0000566111  -0.0000030579   0.0000073242   0.0000198834
 6134  -0.0000036436  -0.0000251848  -0.0000021007   0.0000408375  -0.0000022279
 6135  -0.0000072649  -0.0000059651   0.0000455257   0.0000350694   0.0000174555
 6136   0.0000050629  -0.0000139733  -0.0000286540   0.0000018508  -0.0000188905
 6137  -0.0000070830  -0.0000109263   0.0000016150  -0.0000040835   0.0000053648
 6138   0.0000008729  -0.0000049302  -0.0000132811  -0.0000132762   0.0000152511
 6139   0.0000061277   0.0000006162   0.0000044580   0.0000308499  -0.0000187793
 6140   0.0000037348   0.0000087567  -0.0000086432   0.0000006241  -0.0000002095
 6141   0.0000015658  -0.0000031025   0.0000066152  -0.0000119791   0.0000024076
 6142   0.0000024103  -0.0000112923  -0.0000000339  -0.0000073196   0.0000270857
 6143  -0.0000084109  -0.0000013161   0.0000049243  -0.0000023323  -0.0000112692
 6144   0.0000372524  -0.0000141462   0.0000013572   0.0000085886   0.0000036504
 6145   0.0000078285   0.0000053106   0.0000041810  -0.0000013116   0.0000010944
 6146   0.0000006200  -0.0000007438  -0.0000005718  -0.0000004021   0.0000000348
 6147   0.0000003287   0.0000010070   0.0000009007  -0.0000000982
 62 1   0.0159135693   0.0088479593  -0.0042723259   0.0025427382   0.0218702105
 62 2  -0.0340131435  -0.0682406008   0.0401191117  -0.0666753960   0.0230051288
 62 3   0.0051182302  -0.0105614184   0.0043350141   0.0030194712  -0.0051341165
 62 4   0.0078383883  -0.0004486198  -0.0290609283  -0.0663564451  -0.0739147870
 62 5  -0.0150359638   0.0123434609  -0.0402850038  -0.0887721436   0.0201107905
 62 6   0.0607748338   0.0405276402  -0.0156662188  -0.0089936723   0.0705738051
 62 7   0.0314422139  -0.0033513190   0.0570470825  -0.0878320536   0.1200856989
 62 8  -0.0860665530  -0.0168108395   0.0425540707   0.1608616407  -0.0199370948
 62 9  -0.1511268530  -0.0444602351  -0.1199626599   0.0833883806  -0.1019956711
 6210   0.0008851796   0.0072729804  -0.0478531951   0.0002705674  -0.0351795973
 6211   0.0836664804   0.0258141992   0.1849133517   0.0231099096   0.0746758738
 6212   0.1018826484   0.0607278276  -0.0345319854   0.0270397694  -0.0521596931
 6213   0.0424775375  -0.0717851729  -0.0316468149   0.0411256627  -0.0312519248
 6214  -0.0782519285   0.0521278360  -0.0149315310   0.0878077273  -0.0151926497
 6215  -0.1138852003  -0.1392606956  -0.0633496799  -0.0328624013   0.1384283239
 6216  -0.0972319081   0.0077595688  -0.0078222222  -0.0211541839   0.0222412101
 6217   0.0344208072   0.0022991141   0.0274301143  -0.0172113360   0.0416885608
 6218  -0.0251624817   0.0261738256   0.0188625573   0.0054846722   0.0107586960
 6219  -0.0109914719  -0.0081251080  -0.0129340423  -0.0063017878  -0.0073912726
 6220   0.0144153075   0.0020372920   0.0300129818   0.0577955887   0.0522017668
 6221   0.0128819872   0.0430083811   0.0248897264  -0.0961085920  -0.0092866109
 6222   0.0380871903  -0.0248522285  -0.0235723382   0.0297444907  -0.0047296257
 6223  -0.0004981816  -0.1158774822  -0.0287114136  -0.0432313395   0.0185792740
 6224   0.0751932996  -0.0078199037  -0.0015567534  -0.0028404585   0.0047506200
 6225   0.0238897331  -0.1276659017   0.0590106210  -0.1750091684   0.1254953976
 6226  -0.0391982870  -0.0039630122  -0.0232897161  -0.0404061841  -0.0501699242
 6227   0.0623469324   0.0375058795   0.1042539368   0.0054111268  -0.0233965857
 6228   0.0446406221   0.0005953354   0.0000427362  -0.0000647032   0.0001569768
 6229  -0.0001882041   0.0000412771   0.0000442920   0.0000139371   0.0000454742
 6230  -0.0000033969   0.0001088598   0.0000415885  -0.0000261121  -0.0000722319
 6231   0.0000011713   0.0000491069  -0.0000103580   0.0000336000  -0.0000005938
 6232  -0.0000440071  -0.0000067734   0.0000078921   0.0000308562   0.0000187224
 6233  -0.0000109317  -0.0000061124  -0.0000061558   0.0000006447   0.0000125620
 6234  -0.0000187387  -0.0000052529   0.0000270907   0.0000133199  -0.0000054224
 6235   0.0000000939  -0.0000036509   0.0000040050   0.0000209352  -0.0000109764
 6236   0.0000057424  -0.0000115116   0.0000085943  -0.0000026871  -0.0000097295
 6237  -0.0000004480  -0.0000035700  -0.0000041518   0.0000023230   0.0000040371
 6238   0.0000029410  -0.0000022052   0.0000007696  -0.0000166135   0.0000033522
 6239   0.0000039944  -0.0000064013   0.0000089982  -0.0000106674  -0.0000134304
 6240   0.0000057638  -0.0000007865   0.0000001885   0.0000035513  -0.0000024823
 6241  -0.0000103969   0.0000025069  -0.0000030575   0.0000034235  -0.0000033915
 6242   0.0000026087   0.0000025016   0.0000005397  -0.0000039570   0.0000025825
 6243  -0.0000024933  -0.0000026642  -0.0000076727   0.0000170137   0.0000108699
 6244  -0.0000124827  -0.0000088197  -0.0000004599   0.0000000235   0.0000012279
 6245   0.0000001803   0.0000022196   0.0000008515   0.0000002409  -0.0000001359
 6246   0.0000003736   0.0000004615   0.0000000883  -0.0000003575   0.0000003121
 6247  -0.0000001014  -0.0000003242  -0.0000002857   0.0000002645
 63 1   0.0011418425  -0.1577837641   0.0908943181   0.0617791996   0.0713806706
 63 2  -0.1638053741   0.0378359103   0.0535347122   0.1237401245  -0.0338144700
 63 3  -0.0587456181   0.0777451773  -0.0817617211  -0.0793024672  -0.0417396918
 63 4  -0.0405655212   0.0047904690   0.1040297036  -0.0107447410   0.2289116140
 63 5   0.1643655016   0.1245011076   0.1610567257   0.0341204295   0.0346759463
 63 6  -0.0534301740  -0.0105452828  -0.0197444063   0.1312292187   0.0181238688
 63 7  -0.0533802835  -0.0320744063  -0.0045418360  -0.0333006546  -0.1074999388
 63 8   0.0639766116   0.0993354964   0.0141325744   0.0029009333  -0.0080208191
 63 9   0.0260682656   0.0080783861   0.0394539366  -0.0630327763  -0.0068771122
 6310  -0.0432904931   0.0182135156   0.0236788903  -0.0187530851   0.0061016264
 6311  -0.0203168556  -0.0976299411  -0.0635628169  -0.0393185050   0.0195506498
 6312  -0.0228138352  -0.0424149502  -0.0515179358   0.0009822677   0.0319307431
 6313  -0.0179164469   0.0369177894  -0.0123971830   0.0413259008   0.0205501826
 6314  -0.0116139323   0.0418543785  -0.0000584072  -0.0405553294   0.0118322099
 6315  -0.0047386827   0.0445882291  -0.0032592368  -0.0201248573  -0.0109216532
 6316   0.0067899235  -0.0030511582  -0.0172468328  -0.0317819856  -0.0179590480
 6317  -0.0438486543  -0.0189588108   0.0042156065   0.0546705473   0.0131384009
 6318   0.0680725671   0.0191492855  -0.0066347418   0.0071440678   0.0032060181
 6319  -0.0155792658   0.0082594493   0.0284220262  -0.0051341824   0.0603975314
 6320   0.0575631374   0.0166166940   0.0606427603   0.0686573699   0.0642468238
 6321  -0.0127351225   0.0464702360   0.0477062025  -0.1225267400   0.0744289611
 6322   0.0331724106  -0.0346063315  -0.0165349338  -0.0038616061  -0.0046394856
 6323   0.0048385624  -0.1005088713  -0.0178831085  -0.0288319537   0.0172454125
 6324   0.0520243596  -0.0106636793  -0.0056099337  -0.0042013910   0.0030184130
 6325   0.0061466185  -0.0561987489   0.0107760580  -0.0714646049   0.0354526428
 6326  -0.0104694935  -0.0010518246  -0.0128662530   0.0002628072  -0.0199061576
 6327   0.0095548147   0.0065763443   0.0196370959   0.0006300120  -0.0070186551
 6328   0.0155060822  -0.0002004538   0.0001898405   0.0001640465   0.0000182488
 6329  -0.0005513689  -0.0003479711   0.0002803426   0.0002455711   0.0001855775
 6330  -0.0000782440   0.0003264212   0.0001014614  -0.0003144701   0.0000425918
 6331  -0.0000824043   0.0000397014   0.0000426294   0.0000871356   0.0000258214
 6332  -0.0001227654  -0.0000330154  -0.0000402627   0.0000289674  -0.0000075709
 6333   0.0000478047  -0.0000201611   0.0000220338  -0.0000109257   0.0000371662
 6334  -0.0000241655   0.0000017172  -0.0000156693   0.0000073432   0.0000036691
 6335   0.0000089907  -0.0000028485   0.0000035180   0.0000079275   0.0000109732
 6336   0.0000009597  -0.0000064231  -0.0000083896  -0.0000038997  -0.0000077186
 6337  -0.0000078686  -0.0000009464  -0.0000033971  -0.0000012743   0.0000025170
 6338  -0.0000033320  -0.0000182306   0.0000098451  -0.0000245918   0.0000075859
 6339   0.0000071328  -0.0000048960  -0.0000075006  -0.0000055303  -0.0000144060
 6340   0.0000015983   0.0000010360  -0.0000162231   0.0000026560  -0.0000005805
 6341  -0.0000134680   0.0000002422  -0.0000083204   0.0000012959  -0.0000036458
 6342   0.0000104668   0.0000071118   0.0000010709  -0.0000042451  -0.0000001297
 6343  -0.0000182348  -0.0000013221  -0.0000008737   0.0000154058  -0.0000228194
 6344  -0.0000058445  -0.0000083731  -0.0000051036   0.0000014257   0.0000048728
 6345   0.0000013895   0.0000029006   0.0000045783   0.0000016816  -0.0000004281
 6346   0.0000005269   0.0000003469   0.0000001965  -0.0000008854   0.0000007767
 6347   0.0000000507  -0.0000022785  -0.0000002448  -0.0000000189
 64 1  -0.0274099396   0.0397752994   0.0095625545  -0.0182377635  -0.0017393831
 64 2   0.0129275404   0.0363020782   0.1130716802  -0.0182330524   0.0824397663
 64 3   0.0509518351  -0.0181146780   0.0026314119   0.0178663144  -0.0079340178
 64 4   0.0222072070  -0.0464775901   0.0614082546  -0.0790915284   0.1344729460
 64 5  -0.0536029009  -0.0302535536   0.0132102347  -0.0120279235   0.0003860881
 64 6  -0.0376775153   0.0674619418   0.0258727152  -0.0119693300  -0.0521084638
 64 7  -0.0099645394  -0.0742916162   0.0369287767   0.0617046808   0.0203139573
 64 8   0.0390145521   0.0525263331   0.1063760352   0.0840170531  -0.0424185501
 64 9  -0.0096003060  -0.0175129559  -0.0394032262   0.0040026003   0.0282860716
 6410   0.0508758854   0.0252492005  -0.0386949195  -0.0303071636  -0.0105340972
 6411  -0.0149455329  -0.0792618756  -0.0623006496   0.0023587145   0.0105667384
 6412  -0.0155585378  -0.0252368979  -0.0726915871   0.0220546811  -0.0202335220
 6413  -0.0091372982   0.0024251109  -0.0185493300   0.0077744137   0.0005038318
 6414   0.0318564709   0.0259328610   0.0129315231   0.0270302727  -0.0107459305
 6415  -0.0047307860   0.0433847111   0.0004232411   0.0346027784  -0.0498785409
 6416   0.0308105129   0.0067796302   0.0291270298  -0.0079763777   0.0381091340
 6417   0.0227704980  -0.0399416279  -0.0065911203  -0.0109588210   0.0079580626
 6418   0.0552641150  -0.0520734116   0.0018332835   0.0106885500  -0.0478865474
 6419   0.0496671803  -0.0215460746   0.0491196787   0.0113540698   0.1514761166
 6420  -0.0167808633  -0.0009725415  -0.0998291482  -0.0258749182   0.0397089634
 6421  -0.0276871414  -0.0661673661   0.1245984720  -0.0468021177  -0.1198382355
 6422   0.1496101918   0.0332824694  -0.0130591481   0.0622224937   0.0045684499
 6423   0.0421064083   0.0703153308   0.0074020072   0.0296594395  -0.0070086013
 6424  -0.0259903595   0.0010711621  -0.0180879470   0.0032889303   0.0061508169
 6425  -0.0125649821   0.1344677110   0.1884118653   0.0404281595   0.0569341634
 6426  -0.1348188486  -0.0061675268   0.0992705842  -0.1644246040   0.1506709620
 6427   0.1268910930   0.1027743624   0.1043470454  -0.0095685775   0.0193345263
 6428  -0.0027725296  -0.0007502046   0.0002425310   0.0001036964   0.0001021387
 6429   0.0001547474   0.0005357419  -0.0003679890   0.0000796397  -0.0000262696
 6430  -0.0000351467   0.0002112162   0.0002640711   0.0000307680  -0.0000716134
 6431   0.0000222853  -0.0000101318   0.0000738121  -0.0000020150  -0.0000197659
 6432   0.0000201263   0.0001208310  -0.0000458589  -0.0000018361  -0.0000043067
 6433  -0.0000158505   0.0000674873   0.0000147172  -0.0000030501  -0.0000042416
 6434   0.0000198619   0.0000096024  -0.0000106707  -0.0000231075  -0.0000432785
 6435  -0.0000070739   0.0000107989  -0.0000272688  -0.0000209857   0.0000147657
 6436  -0.0000021385   0.0000083669   0.0000173740  -0.0000001961  -0.0000013904
 6437   0.0000027606   0.0000030693   0.0000007522   0.0000031052  -0.0000031841
 6438   0.0000024608   0.0000028058   0.0000006105   0.0000005055  -0.0000039223
 6439  -0.0000041124  -0.0000107942  -0.0000110245  -0.0000097511   0.0000184262
 6440  -0.0000083009  -0.0000063876   0.0000097346  -0.0000022081  -0.0000011779
 6441   0.0000045751  -0.0000032624   0.0000014751  -0.0000011998   0.0000010521
 6442   0.0000003214  -0.0000039038  -0.0000031708  -0.0000050696  -0.0000143099
 6443   0.0000224860   0.0000064820  -0.0000010558   0.0000089679   0.0000029051
 6444  -0.0000154829   0.0000065379  -0.0000006353  -0.0000028122  -0.0000029764
 6445  -0.0000023943  -0.0000029519  -0.0000029259   0.0000007172  -0.0000000363
 6446  -0.0000002966  -0.0000000528   0.0000001846   0.0000002371   0.0000001023
 6447   0.0000003135   0.0000003830  -0.0000008724   0.0000001623
 65 1   0.0188317434  -0.0006117109  -0.0113652545   0.0089781040   0.0199947449
 65 2  -0.0218015275  -0.0640046108   0.0211413241  -0.0687985163  -0.0336193548
 65 3   0.0256380195  -0.0053731610  -0.0097230945  -0.0111028635  -0.0058598610
 65 4  -0.0033300162  -0.0125316900  -0.0165190919  -0.0784254542   0.0086735585
 65 5  -0.0180264920  -0.0181658020  -0.0280497638  -0.1033678927  -0.0496913265
 65 6  -0.0635366559   0.0378180703  -0.0408703289   0.0041637152   0.0694659350
 65 7   0.1560940255   0.0577327610   0.0585990896  -0.0361686995   0.0136891935
 65 8  -0.0258360623   0.0091522869  -0.1354609998  -0.0251574423  -0.0272208257
 65 9  -0.1179151827  -0.0191818896  -0.0079416971   0.0914925871  -0.0510385541
 6510  -0.0291343442   0.0240512936   0.0929408048  -0.0374910761  -0.0045737845
 6511   0.0789340228  -0.0699443763  -0.0558539958  -0.0105372610  -0.0285064225
 6512  -0.0789898444  -0.0666243490  -0.1286089798  -0.1296633992   0.0116550904
 6513  -0.0865877326   0.0809818456   0.0042424759   0.0796300575   0.1038079318
 6514  -0.0371362994  -0.0036138986   0.0147561727  -0.1258966779  -0.0303040114
 6515  -0.0457934686   0.1964695757   0.0262437386  -0.0173645829  -0.1776403301
 6516   0.0307604831   0.0536610857   0.0304162936   0.0020405707  -0.1285929326
 6517   0.0244655374   0.0830482086  -0.0064688399  -0.0038504828  -0.0582281241
 6518  -0.0469832003  -0.0317409131   0.0254064449  -0.0036419712   0.0173419780
 6519  -0.0433568652   0.0230251086  -0.0659018996  -0.0150845389  -0.0813840651
 6520  -0.0200518054   0.0005468389   0.0172174864  -0.0909147951  -0.0181355271
 6521   0.0105814770  -0.0142374509   0.0111039601   0.0050174049  -0.0155454368
 6522   0.0380923491  -0.0133042544  -0.0568508267   0.1340905880  -0.0043040927
 6523   0.0589073730  -0.0628098501  -0.0009292305   0.0091235814  -0.0161438335
 6524  -0.0251866126   0.0028718126   0.0155492953   0.0038787294   0.0043367319
 6525   0.0750303851  -0.0902987340   0.0395731415   0.1134655631   0.0870673516
 6526   0.0205523889  -0.0059979179   0.0315672694  -0.0729431550  -0.0581738827
 6527   0.0211173407  -0.0319690374   0.0246267148   0.0086526185  -0.0184069021
 6528  -0.0867174804   0.0014095741   0.0001802875   0.0000717783  -0.0001046920
 6529   0.0002173808  -0.0000329835   0.0000058364   0.0000998822   0.0000803821
 6530  -0.0000857842   0.0004570653   0.0002257345  -0.0000637322  -0.0000445824
 6531  -0.0000316826  -0.0000178297   0.0000706913   0.0000245292  -0.0000124122
 6532  -0.0000164893   0.0000828580  -0.0000119369   0.0000085927   0.0000172389
 6533  -0.0000079980  -0.0000017318   0.0000319760  -0.0000196815   0.0000040494
 6534  -0.0000024161   0.0000109610   0.0000209324   0.0000069887  -0.0000022614
 6535   0.0000078753   0.0000013876  -0.0000154505   0.0000031545  -0.0000010398
 6536   0.0000015590  -0.0000053837   0.0000027052  -0.0000042306  -0.0000051249
 6537   0.0000007121   0.0000034997   0.0000005871   0.0000051228   0.0000100762
 6538   0.0000035915  -0.0000033546   0.0000004626  -0.0000094443  -0.0000038279
 6539   0.0000106449  -0.0000024872   0.0000015369  -0.0000168124  -0.0000155893
 6540   0.0000011277   0.0000032097  -0.0000028991   0.0000015523   0.0000001747
 6541  -0.0000110586  -0.0000018093  -0.0000022795  -0.0000005855  -0.0000062522
 6542  -0.0000027951   0.0000032070   0.0000044030  -0.0000036779   0.0000014853
 6543  -0.0000117621  -0.0000135583  -0.0000054591   0.0000196187   0.0000003211
 6544  -0.0000176539  -0.0000042233  -0.0000011789  -0.0000003663   0.0000001919
 6545  -0.0000001405   0.0000010816  -0.0000002349   0.0000006964   0.0000001058
 6546   0.0000002784   0.0000004674  -0.0000000475  -0.0000001672  -0.0000001484
 6547   0.0000005116   0.0000003377  -0.0000004333   0.0000003276
 66 1  -0.0479395951   0.1115625096   0.0803174205  -0.0995857121   0.1164289683
 66 2  -0.1257622670   0.0429029661   0.0250077821   0.0938694783  -0.0162831101
 66 3  -0.2819540367  -0.0462718209  -0.0262017869   0.1386511512   0.0561656907
 66 4  -0.1231284295   0.0538093961   0.0461265296  -0.0040685566  -0.0433463242
 66 5   0.1232683804  -0.0070941973   0.0766989112   0.1749960844   0.1858201239
 66 6   0.0475687841   0.0410744486   0.0620493603   0.0143850643   0.0541241939
 66 7  -0.0727928597  -0.1054988566  -0.0399569809  -0.1945342336  -0.0298625865
 66 8  -0.1351500952   0.0658546311  -0.0087464876   0.0466373782  -0.0770545456
 66 9   0.0271694609   0.0183291450  -0.0375130227   0.0163289219  -0.0361354512
 6610  -0.0199888062   0.0293680598   0.0651779736   0.0293015844   0.0026226726
 6611   0.0200470593   0.0423925079  -0.0051410601  -0.0321911869   0.0009763652
 6612   0.0554193489   0.0507486786   0.0123106102   0.0410722088  -0.0645145136
 6613   0.0219142075   0.0237834004   0.0094093357   0.0015631453   0.0525893288
 6614  -0.0350553046  -0.0199182082  -0.0318656581  -0.0576106712  -0.0346572911
 6615   0.0399331498   0.1364978944  -0.0262178313   0.0005070397  -0.0299210502
 6616   0.0404327304   0.0169931308   0.0105448011   0.0120752817  -0.0352625705
 6617  -0.0036775181   0.0173464389  -0.0018958127   0.0019601530   0.0002983187
 6618  -0.0084730661  -0.0187386258   0.0070309230  -0.0011494183   0.0015012238
 6619  -0.0047333958  -0.0016374440  -0.0189426027  -0.0012893972   0.0001494023
 6620  -0.0087734351   0.0004458557   0.0055607796  -0.0127615979  -0.0062636121
 6621  -0.0010674820  -0.0066831472   0.0129390023   0.0075323768  -0.0133251043
 6622   0.0238277906  -0.0011301052  -0.0103713366   0.0212709565  -0.0005468867
 6623   0.0042868926  -0.0143548159  -0.0014522533   0.0054421672  -0.0022461972
 6624  -0.0087171745  -0.0026127236   0.0031853667   0.0024432041   0.0004540711
 6625   0.0111154939  -0.0136265168   0.0069312717   0.0094560401   0.0116276199
 6626   0.0016169751  -0.0018178424   0.0033055202  -0.0127224754  -0.0064021056
 6627   0.0014529781  -0.0029078487   0.0073022353   0.0007595087  -0.0021480651
 6628  -0.0071705465   0.0000082414  -0.0002758683  -0.0001752601  -0.0003660143
 6629  -0.0001730263  -0.0003871134   0.0002992648   0.0000465547   0.0000186525
 6630   0.0000487552  -0.0002409934  -0.0002567042   0.0000033707   0.0001272418
 6631  -0.0000629220   0.0000442971  -0.0000541754  -0.0000063870  -0.0000138984
 6632  -0.0000026098  -0.0001590489   0.0000384306  -0.0000035720  -0.0000134913
 6633  -0.0000002971  -0.0000418876  -0.0000390072  -0.0000040116   0.0000077044
 6634  -0.0000031855  -0.0000155830  -0.0000018985   0.0000183197   0.0000012962
 6635   0.0000037465  -0.0000098699   0.0000308752   0.0000281736  -0.0000030524
 6636  -0.0000011212  -0.0000075227  -0.0000260182   0.0000009850  -0.0000121640
 6637  -0.0000095607  -0.0000056269   0.0000056114  -0.0000050133  -0.0000024216
 6638  -0.0000001005  -0.0000007673  -0.0000038034  -0.0000058022   0.0000148275
 6639  -0.0000025310   0.0000080212   0.0000096748   0.0000167528  -0.0000133472
 6640   0.0000008337   0.0000060106  -0.0000086344  -0.0000017092   0.0000007268
 6641  -0.0000054203  -0.0000011689   0.0000004937  -0.0000069502   0.0000015352
 6642   0.0000000261  -0.0000036808   0.0000026461   0.0000019984   0.0000155850
 6643  -0.0000166743   0.0000020517   0.0000001467  -0.0000086398  -0.0000072331
 6644   0.0000291278  -0.0000106457   0.0000016860   0.0000046912   0.0000027046
 6645   0.0000048419   0.0000046967   0.0000029719  -0.0000011585   0.0000003278
 6646   0.0000003301  -0.0000001358  -0.0000001600  -0.0000005312   0.0000010112
 6647  -0.0000001336  -0.0000004075   0.0000004518  -0.0000001314
 67 1  -0.0208823980   0.0382323906   0.0175208951  -0.0123929782   0.0003108269
 67 2   0.0146649996   0.0365602198   0.1117168986  -0.0195906645   0.0830620924
 67 3   0.0828154735  -0.0154455751   0.0083143126   0.0081097001  -0.0128146469
 67 4   0.0344323977  -0.0554424901   0.0637810137  -0.1015151291   0.1627904453
 67 5  -0.0601642516  -0.0125601533  -0.0057692452  -0.0040262050  -0.0082586559
 67 6  -0.0422916058   0.0720883065   0.0279723307  -0.0020824867  -0.0445950075
 67 7   0.0358649993  -0.0358540117  -0.0250436059   0.0152649876   0.0068434571
 67 8   0.0756383089   0.0595010255   0.0353992150   0.0798729139  -0.0671868867
 67 9   0.0116575879  -0.0010212336  -0.0143943277  -0.0069422340   0.0422316292
 6710  -0.0892843568   0.0220500017  -0.0436551691  -0.0159831280   0.0072151140
 6711   0.0147657787   0.0129057585  -0.0526827292   0.0435755904  -0.0171275332
 6712  -0.0394253181   0.0572233659  -0.0344352234  -0.0053330199  -0.0208650218
 6713   0.0226278334   0.0124768670   0.0079975935  -0.0428158667   0.0199559172
 6714  -0.0296807067  -0.1035141882  -0.0002782727   0.0200982645  -0.0330113129
 6715   0.0337325861   0.0061702408  -0.0187837270   0.0107626155   0.0051331253
 6716   0.0949250727   0.0063455881   0.0093152735  -0.0206207955   0.0456458347
 6717   0.0190917437  -0.0100548140   0.0040764813  -0.0081974429   0.0390072457
 6718   0.0470279005   0.0060981730   0.0199048174   0.0041961477  -0.0465255861
 6719   0.1004346986  -0.0459531000  -0.0394855435   0.0081022250   0.0679652282
 6720  -0.0550199868   0.0124581000   0.0286280317   0.1086052610  -0.0035620550
 6721   0.0002959183  -0.0034047546   0.0650675370   0.0428483842  -0.1643732686
 6722   0.1250117391   0.0751460578  -0.0251708044   0.0958612428  -0.0213040205
 6723  -0.0431720021   0.0415461820  -0.0188054645  -0.0009916970   0.0018265309
 6724  -0.0379092073  -0.0059504175   0.0454242013  -0.0076563843  -0.0104672362
 6725   0.0229625343  -0.1488222597  -0.1162679764  -0.0476329107   0.0047984565
 6726   0.1401525705   0.0017023535  -0.0895000196   0.0527329070  -0.2418482028
 6727  -0.0662533406  -0.1012345012  -0.0781026151   0.0111383815  -0.0189164976
 6728   0.0359855282   0.0010935992  -0.0000053380  -0.0005301932   0.0000584337
 6729   0.0003202808  -0.0001515633  -0.0000836965  -0.0001382423  -0.0000739525
 6730   0.0000092353  -0.0004857609  -0.0001457417   0.0001112367   0.0000910174
 6731   0.0000359733  -0.0000059225  -0.0000662334   0.0000009896   0.0000052399
 6732   0.0000495877  -0.0000664912   0.0000398370  -0.0000082814   0.0000117695
 6733  -0.0000005438  -0.0000190615  -0.0000390619   0.0000027342  -0.0000210779
 6734   0.0000050553   0.0000108728  -0.0000004153   0.0000041133   0.0000166230
 6735   0.0000015995  -0.0000007138  -0.0000042093   0.0000074520  -0.0000182487
 6736  -0.0000041646  -0.0000034238  -0.0000107103  -0.0000066493   0.0000030432
 6737  -0.0000033981  -0.0000029734   0.0000024591   0.0000001492  -0.0000028268
 6738   0.0000000950  -0.0000013076   0.0000045096  -0.0000020990   0.0000014593
 6739  -0.0000017754   0.0000104865   0.0000091081   0.0000018061  -0.0000001808
 6740   0.0000065260   0.0000039822  -0.0000028259  -0.0000008458   0.0000010391
 6741   0.0000009747   0.0000023611  -0.0000024043   0.0000007303  -0.0000008751
 6742  -0.0000075531   0.0000058174   0.0000004178   0.0000065020   0.0000058096
 6743  -0.0000010401  -0.0000102519  -0.0000024136  -0.0000161280   0.0000086162
 6744   0.0000155198  -0.0000012789  -0.0000003608  -0.0000029436  -0.0000006272
 6745  -0.0000012459   0.0000003173  -0.0000002226  -0.0000002648  -0.0000001393
 6746   0.0000001338   0.0000001843   0.0000000445   0.0000002134   0.0000001005
 6747  -0.0000004609   0.0000002508   0.0000005999  -0.0000000781
 68 1   0.0084181623   0.0041218734  -0.0258567226   0.0042926690   0.0210696115
 68 2  -0.0206004898  -0.0543522321   0.0024640381  -0.0683570825  -0.0900920248
 68 3  -0.0170841008  -0.0130127056  -0.0168756799  -0.0026811601  -0.0025090029
 68 4  -0.0329576346  -0.0273154978   0.0265888568  -0.0121463515   0.0369937076
 68 5  -0.0238097593  -0.0434272900   0.0388270747  -0.0411185327  -0.0354197422
 68 6  -0.1052367605   0.0130685902   0.0137484602  -0.0169339843   0.0480859339
 68 7   0.1519540987  -0.0000047636   0.0621912846   0.0073518301  -0.1591055229
 68 8  -0.0845693985   0.0278453389  -0.0962282142  -0.0006863960  -0.1163673408
 68 9   0.0476891746   0.0001870540   0.0811073231  -0.0141339940   0.0261218874
 6810   0.0207825589   0.0781063870   0.1041028975   0.0356218267   0.0160135041
 6811  -0.0431785342  -0.0076493575   0.0454548631   0.0201427452  -0.0827298690
 6812   0.1547316663  -0.0365510212   0.0239680243   0.0254808945   0.0207091244
 6813  -0.1865198238  -0.0734552039  -0.0246690189   0.0195966039   0.0630736779
 6814   0.0663592842  -0.0412267815   0.0325341260   0.0576089591  -0.0826277383
 6815   0.0608200600  -0.1459080313   0.0535317231  -0.0033249898   0.1173779201
 6816  -0.0396593798  -0.0189865680   0.0105652005  -0.0131602300   0.0988083964
 6817   0.0229723125   0.0334500762  -0.0812399756   0.0097071245   0.0017421470
 6818  -0.0237865212  -0.0168495585   0.0060959723   0.0112217345  -0.0291898436
 6819   0.0260334722  -0.0268585115   0.0221323749  -0.0005588555   0.0840540872
 6820  -0.0100357344   0.0016956856   0.1596109410  -0.0814535132   0.0168862733
 6821   0.0706707186   0.0539856967   0.0193127047  -0.1052213995  -0.0500358836
 6822   0.0351338504  -0.0800172712   0.0308968785   0.0324147082   0.0193336874
 6823   0.0533917264  -0.0217109675   0.0331983237   0.0014841342   0.0088662174
 6824  -0.0153817324   0.0010514115  -0.0097087035  -0.0043274562  -0.0009027505
 6825   0.0784197498   0.0165090866  -0.0456063279   0.1024412902   0.0729289824
 6826   0.0084053224   0.0008808891  -0.0133956742   0.0912945227   0.1146128186
 6827  -0.0536319344  -0.0314281949   0.1116678705   0.0110831632  -0.0286565144
 6828   0.0788283018   0.0017008440   0.0004082241   0.0001581834  -0.0001268635
 6829   0.0001468829   0.0001474589  -0.0001380662   0.0000364599   0.0000688142
 6830  -0.0000387299   0.0002173194   0.0000353240  -0.0000778887  -0.0000328269
 6831   0.0000109583  -0.0000076514   0.0000033039   0.0000703064  -0.0000001699
 6832  -0.0000188929   0.0000649202  -0.0000549108   0.0000102181   0.0000006458
 6833  -0.0000128030  -0.0000194452   0.0000103031  -0.0000004058   0.0000245153
 6834   0.0000033620  -0.0000003274  -0.0000002642   0.0000172258  -0.0000170652
 6835   0.0000006866  -0.0000043175  -0.0000055156   0.0000003720   0.0000158964
 6836   0.0000043498  -0.0000025510   0.0000062773   0.0000035473  -0.0000078262
 6837   0.0000053999   0.0000024045  -0.0000036749   0.0000028310   0.0000084565
 6838   0.0000037440  -0.0000079475   0.0000006113  -0.0000182321   0.0000019363
 6839  -0.0000089594  -0.0000203266  -0.0000175777  -0.0000070105  -0.0000155502
 6840  -0.0000034685   0.0000008394   0.0000035470   0.0000008893  -0.0000014535
 6841  -0.0000023404   0.0000032775  -0.0000032565   0.0000100574   0.0000002782
 6842   0.0000033466  -0.0000014173  -0.0000011388  -0.0000057453   0.0000048615
 6843  -0.0000012815  -0.0000003519  -0.0000130370   0.0000068547  -0.0000010224
 6844  -0.0000116381  -0.0000040893  -0.0000021248   0.0000013968   0.0000016279
 6845   0.0000006176   0.0000008884   0.0000012558   0.0000008976   0.0000001150
 6846   0.0000002211  -0.0000002159   0.0000000481  -0.0000000813  -0.0000006769
 6847   0.0000003866   0.0000000302  -0.0000003935   0.0000000153
 69 1   0.0268537309   0.0439419053   0.1450457117  -0.0744548309   0.1611897340
 69 2  -0.0878491995   0.0478947375  -0.0033543033   0.0641516658   0.0011474641
 69 3   0.1533596078   0.0131620223   0.1630190595  -0.0714587352   0.0426071683
 69 4   0.3407903629   0.1196156606   0.0354326828   0.0648829425  -0.0062465557
 69 5   0.0496492168   0.0709985444  -0.0148632733   0.0247753346   0.0928714064
 69 6   0.0585398497   0.0448321321  -0.0539686821  -0.0029932551  -0.0478597269
 69 7  -0.0401638100  -0.0857574063  -0.0458743350  -0.0769704613   0.2251458215
 69 8   0.0712873173   0.0873795364  -0.0705094798   0.0131804541  -0.0081498502
 69 9  -0.0137919301   0.0270387631   0.0026986120   0.0075985540  -0.0787855835
 6910  -0.0228897307  -0.0128844184   0.0611534682  -0.0102795927   0.0029572661
 6911   0.0286371073   0.0201092382  -0.0601360611   0.0447009781  -0.0246957783
 6912  -0.0468836439   0.0134243571  -0.0005033934  -0.0379611278   0.0024628622
 6913   0.0034227876   0.0090776091   0.0304671835   0.0105214959   0.0059749176
 6914  -0.0023488594  -0.0022487373  -0.0030617578   0.0554187294  -0.0106837923
 6915  -0.0143017071   0.0481083014   0.1275813441  -0.0136296622   0.0400365517
 6916  -0.0834122959  -0.0102191745  -0.0055776015   0.0785392090   0.0958367410
 6917  -0.0407227145   0.0116857597  -0.0319530564  -0.0129383821   0.0158970834
 6918  -0.0355645034   0.0311400953   0.0361357759  -0.0034678545   0.0042942650
 6919  -0.0138799300  -0.0202453623   0.0109985050  -0.0045722219   0.0276739160
 6920   0.0091205842  -0.0039103305   0.0858620363  -0.0408903784  -0.0130699459
 6921   0.0384453869   0.0342699551   0.0118893809  -0.0572813618   0.0175844231
 6922  -0.0128901916  -0.0289497376   0.0122436424  -0.0044284025   0.0099501580
 6923   0.0151108933  -0.0111330672   0.0113277717  -0.0050452955   0.0001195404
 6924  -0.0018194221  -0.0004409856  -0.0059805242  -0.0024517593  -0.0002034401
 6925   0.0121477140   0.0116108611   0.0004191184   0.0205528269   0.0107063105
 6926  -0.0075514186   0.0000843377   0.0037598384   0.0121736558   0.0423176461
 6927  -0.0024372831   0.0024966941   0.0211476792   0.0010936196  -0.0017155780
 6928   0.0055609846   0.0003882764   0.0000967570  -0.0001921479  -0.0002693144
 6929   0.0001249581  -0.0000065183  -0.0000866563  -0.0002322677  -0.0000935413
 6930  -0.0000197690  -0.0002988893   0.0000147797   0.0001490587   0.0000028481
 6931   0.0000385341   0.0000496776  -0.0000590434  -0.0000248041  -0.0000541579
 6932   0.0000998004   0.0000109482  -0.0000222281  -0.0000027990  -0.0000128214
 6933  -0.0000239843   0.0000131687  -0.0000484281  -0.0000010112  -0.0000182383
 6934   0.0000062338  -0.0000034312  -0.0000055256  -0.0000331051  -0.0000086311
 6935   0.0000032075   0.0000057556  -0.0000244536  -0.0000049790  -0.0000202685
 6936  -0.0000023407  -0.0000021820   0.0000023199  -0.0000137200  -0.0000052699
 6937  -0.0000125571  -0.0000035418   0.0000046958  -0.0000082569  -0.0000091680
 6938  -0.0000000296   0.0000051951   0.0000043821  -0.0000036085  -0.0000000744
 6939  -0.0000044236   0.0000057775   0.0000093985   0.0000090608   0.0000180308
 6940  -0.0000043259   0.0000022009   0.0000015505   0.0000002173  -0.0000019739
 6941  -0.0000024957   0.0000003883   0.0000016359  -0.0000076787   0.0000019535
 6942  -0.0000090252   0.0000007546  -0.0000015775  -0.0000014309  -0.0000075943
 6943   0.0000156185  -0.0000054050  -0.0000074872  -0.0000136614   0.0000178694
 6944   0.0000250397   0.0000011917  -0.0000027507  -0.0000025838  -0.0000026876
 6945  -0.0000012616  -0.0000004907  -0.0000017724   0.0000006333   0.0000001713
 6946   0.0000001612   0.0000002331   0.0000001949  -0.0000000343   0.0000012339
 6947  -0.0000000569   0.0000000601  -0.0000000807  -0.0000001972
 70 1  -0.0336909340   0.0473905048   0.0100057184   0.0099981324   0.0024871778
 70 2   0.0164836163   0.0367918520   0.1103798602  -0.0210299513   0.0840282475
 70 3   0.0897539711  -0.0164638858  -0.0083807681   0.0143951184  -0.0243319497
 70 4  -0.0200261079  -0.0783287484   0.0664453986  -0.1209995423   0.1878587981
 70 5  -0.0630204323  -0.0102268861  -0.0161910821   0.0011870802  -0.0128117535
 70 6  -0.0565017288   0.0901726885   0.0391199637   0.0091902555  -0.0246135679
 70 7   0.0686252255   0.0045115288  -0.0735150695  -0.0196072494  -0.0312725829
 70 8   0.1086563705   0.0379258948  -0.0011783222   0.0715252215  -0.1109861009
 70 9   0.0427067225   0.0140780726  -0.0001855043  -0.0410366229   0.0686757606
 7010  -0.2207402227   0.0115031934  -0.0690458276   0.0085456680   0.0207539303
 7011   0.0071037815   0.1313158928  -0.0042859392   0.0689951731  -0.0344641518
 7012  -0.0463758182   0.1616805327   0.0256434896  -0.0241897414  -0.0171845671
 7013   0.0633672601  -0.0023350404   0.0163462074  -0.0987016597   0.0333337039
 7014  -0.0889816205  -0.1878173282  -0.0040310827   0.0040546799  -0.0584968717
 7015   0.0221743828  -0.0507969725  -0.0212202638  -0.0653219337   0.0416701113
 7016  -0.0297718607   0.0076141332  -0.0291953869  -0.0577776071  -0.0754264940
 7017   0.0067287386   0.0423121492   0.0171275620   0.0038189961  -0.0255540188
 7018   0.0011555333  -0.0401046234  -0.0167774951   0.0109355310   0.0516091772
 7019  -0.0412160677   0.0352927886  -0.0187749972  -0.0088967433  -0.1020916043
 7020   0.0269337496  -0.0007903504   0.0807701827  -0.0690635043  -0.0052772238
 7021   0.0141974269   0.0287473544  -0.1125250266   0.0079109628   0.0783876264
 7022  -0.1214838304  -0.0878241889   0.0441079973  -0.0616656299   0.0030185325
 7023   0.0105785704  -0.0319706665   0.0132353004  -0.0124413509  -0.0056148693
 7024   0.0398552268   0.0034568694  -0.0264675708   0.0074714909   0.0083923015
 7025   0.0011506211   0.0491530591   0.0305109540   0.0416432555   0.0128751654
 7026  -0.0562748109   0.0014788955   0.0260986612   0.0130793211   0.1116797797
 7027  -0.0056531350   0.0358284607   0.0443683424  -0.0017479790  -0.0006658925
 7028  -0.0499608604   0.0002967052  -0.0005024645   0.0003935833  -0.0000338858
 7029  -0.0004311292   0.0001449419   0.0000351492   0.0001776550   0.0000779916
 7030   0.0000775007   0.0003046157   0.0001150372  -0.0000562035  -0.0001295703
 7031  -0.0000208335   0.0000201381   0.0000466640  -0.0000492453   0.0000135827
 7032  -0.0000278342  -0.0000092765   0.0000349896  -0.0000303092  -0.0000023381
 7033   0.0000240109   0.0000512033  -0.0000096735  -0.0000123874   0.0000073714
 7034  -0.0000201011  -0.0000126401   0.0000041286  -0.0000282592   0.0000064068
 7035  -0.0000139975   0.0000123223   0.0000159060  -0.0000118559   0.0000239740
 7036  -0.0000006773   0.0000062783   0.0000128156   0.0000105040   0.0000079225
 7037  -0.0000001608   0.0000050542   0.0000002437  -0.0000005434  -0.0000005196
 7038  -0.0000045800   0.0000087664  -0.0000201055   0.0000157060   0.0000035534
 7039   0.0000080127   0.0000009333  -0.0000005357   0.0000017567   0.0000246728
 7040   0.0000001278  -0.0000031201   0.0000056709  -0.0000015860   0.0000007649
 7041  -0.0000001238  -0.0000047604  -0.0000018412  -0.0000053823  -0.0000052741
 7042   0.0000116047  -0.0000146589   0.0000014898  -0.0000090111  -0.0000081411
 7043   0.0000135971   0.0000112307   0.0000260179   0.0000139516  -0.0000021445
 7044   0.0000011189   0.0000066464   0.0000007157   0.0000055360  -0.0000000497
 7045   0.0000026792  -0.0000020115  -0.0000007186  -0.0000002808   0.0000003974
 7046  -0.0000003662  -0.0000004586   0.0000002382  -0.0000000640   0.0000002079
 7047   0.0000000485   0.0000003139   0.0000002928   0.0000000299
 71 1  -0.0093225315  -0.0042143221  -0.0530849198   0.0115617987   0.0222061801
 71 2  -0.0195585094  -0.0444816637  -0.0164636328  -0.0678687486  -0.1473338194
 71 3  -0.0571581979  -0.0178285974   0.0014786228  -0.0051398165  -0.0028237308
 71 4   0.0347206000  -0.0026499290   0.0590506999   0.1420060241   0.0551359533
 71 5  -0.0601991069  -0.0396171163   0.0674045277   0.0240159275  -0.0081481994
 71 6  -0.0480916390   0.0129309889  -0.0134696255  -0.0081571861  -0.0652883920
 71 7  -0.0493926330  -0.1312547509   0.1157344489   0.1529552470   0.0115386902
 71 8  -0.0344153667   0.0600906165   0.0055639461   0.1391574227   0.0135792224
 71 9   0.0384104535   0.0124563958   0.0704501250   0.0135786637  -0.0174222836
 7110  -0.0869007837  -0.0363925904  -0.0301915432   0.0002361932  -0.0060496757
 7111   0.1100071792   0.0421582103  -0.0427661378   0.1368267606  -0.0157549555
 7112  -0.0115781023   0.0424609404   0.1395515007  -0.0603670810   0.0095257804
 7113   0.0157311495  -0.0506109256   0.0341077618   0.0467597354  -0.0511593933
 7114  -0.0241666883   0.2328765924   0.0064652860   0.1312109107   0.1178867045
 7115   0.0375442992   0.0548777442   0.0406949377  -0.0542327815  -0.0609708294
 7116   0.0754051242   0.0112196418   0.0144491526  -0.0357268045   0.0251491074
 7117   0.0261944172   0.0520533481   0.0113992615   0.0061231221   0.0099778396
 7118   0.0797831327  -0.0946469442   0.0071853882   0.0191405757  -0.0078388988
 7119   0.0279660799   0.0073997325  -0.0652485482  -0.0055877156  -0.0448828779
 7120  -0.0304825284   0.0061013321  -0.0446099135   0.0439130052   0.0275878682
 7121   0.0135404759   0.0037748376  -0.0210423600   0.0165690105   0.0706307265
 7122  -0.0479347712   0.0434698755  -0.0311166854   0.0215006266   0.0139381890
 7123   0.0215982092  -0.0540141046   0.0078032965   0.0237015530   0.0447241792
 7124  -0.0577317628  -0.0040043450   0.0321329694  -0.0230499916  -0.0125137223
 7125   0.0965632795   0.0728599345  -0.1549263400  -0.0750073850   0.0243215158
 7126  -0.0703594118   0.0063051072  -0.0119520884   0.0438798530   0.0747233139
 7127  -0.0293774298   0.0337726694   0.0313280578   0.0016493907  -0.0104548599
 7128  -0.1632390618   0.0007204985  -0.0000884030   0.0003350131   0.0002006704
 7129  -0.0000899735   0.0000479198   0.0000709798   0.0000519176   0.0000449419
 7130  -0.0000686596   0.0005370828   0.0002980350  -0.0000627685  -0.0000625441
 7131  -0.0000031565  -0.0000567786   0.0001095676   0.0000385735   0.0000201617
 7132  -0.0000321251   0.0000695874  -0.0000085623   0.0000011714   0.0000225028
 7133  -0.0000014823   0.0000222184   0.0000414714  -0.0000007369   0.0000258798
 7134  -0.0000107556  -0.0000099675   0.0000110336   0.0000184002  -0.0000020307
 7135   0.0000026378   0.0000025858   0.0000012518  -0.0000035737   0.0000124542
 7136   0.0000028891   0.0000027540   0.0000004621  -0.0000017874   0.0000058710
 7137   0.0000042311   0.0000079948  -0.0000023276   0.0000122206   0.0000128172
 7138   0.0000090663   0.0000032783  -0.0000037469  -0.0000014723   0.0000053383
 7139   0.0000040682  -0.0000099378  -0.0000049683  -0.0000280747  -0.0000168343
 7140   0.0000014191   0.0000036696   0.0000027330  -0.0000000021  -0.0000019371
 7141  -0.0000140300  -0.0000059485  -0.0000085295  -0.0000004859  -0.0000168185
 7142   0.0000063122  -0.0000005297   0.0000078337  -0.0000021785   0.0000072025
 7143  -0.0000070767   0.0000001321   0.0000015145   0.0000321681   0.0000030619
 7144  -0.0000361479   0.0000000691   0.0000009963   0.0000047829   0.0000027463
 7145   0.0000024445  -0.0000003835   0.0000011811   0.0000002716  -0.0000000594
 7146  -0.0000001149  -0.0000008524   0.0000003314  -0.0000003454   0.0000000616
 7147   0.0000001532  -0.0000003321  -0.0000001340   0.0000003309
 72 1  -0.0901334904   0.1545966796   0.0429996284   0.1172127800   0.2066703392
 72 2  -0.0498403564   0.0531624761  -0.0320939633   0.0341282939   0.0188077154
 72 3   0.1545856340   0.0023822780  -0.0148954696  -0.0280386697  -0.0711589311
 72 4  -0.2098672764  -0.0554522306  -0.1439393139   0.0502425783   0.0047669993
 72 5   0.0275823822   0.0284748154  -0.0641447446   0.0955634871   0.0010619093
 72 6   0.0840144762  -0.0804371759  -0.0496248984   0.0319779784   0.0892442415
 72 7   0.0111247785   0.0703688315  -0.0322641858  -0.1155442654   0.0656880220
 72 8  -0.0072309471  -0.0445377027  -0.0231217650  -0.1089870281  -0.0000559546
 72 9  -0.0328531517   0.0030900203  -0.0120547606   0.0122348535  -0.0088813161
 7210   0.0552736628   0.0404673387   0.0111687271   0.0169728909   0.0029569609
 7211  -0.0049748837  -0.0289367108   0.0113924942  -0.0606562757   0.0157626838
 7212   0.0023345304  -0.0539907455  -0.0379241380   0.0205938665  -0.0050338980
 7213  -0.0214804801  -0.0198676116  -0.0146069717  -0.0246101137   0.0187242517
 7214   0.0061342642  -0.0777218090   0.0193300543   0.0763491384  -0.0778049748
 7215   0.0047618656   0.0092608027   0.0860719755   0.0087830507   0.0796219501
 7216  -0.0274719436  -0.0123175531  -0.0138236051   0.0103660333   0.0384172085
 7217  -0.0136883699   0.0398537581  -0.0028324843  -0.0048232322   0.0090218030
 7218   0.0788094771  -0.1118052890   0.0030543967   0.0108206648  -0.0140408306
 7219  -0.0551337362   0.0073911660  -0.0456806434  -0.0082465401  -0.0379713866
 7220  -0.0077111971  -0.0056037597  -0.1524180822   0.0500277997   0.0100048689
 7221   0.0227791521  -0.0046593443   0.0336796809  -0.0246805715   0.0859266288
 7222   0.0011127799   0.0554850260  -0.0465781093   0.0110382001   0.0160022391
 7223   0.0232375701  -0.0353772637   0.0045340091   0.0169082821   0.0274028214
 7224  -0.0501134560  -0.0046182066   0.0201344940  -0.0162898161  -0.0106232905
 7225   0.0430176473   0.0350083959  -0.0655517639  -0.0393488356   0.0068812226
 7226  -0.0211988660   0.0010220225  -0.0074753954   0.0100350399   0.0114287040
 7227  -0.0031345264   0.0051539383   0.0015455963   0.0000008491  -0.0018147865
 7228  -0.0363701898  -0.0001933386   0.0003592613  -0.0001917742  -0.0001595990
 7229   0.0004329483  -0.0002198378   0.0001101973  -0.0001717258  -0.0000753203
 7230  -0.0000705075   0.0000027916  -0.0001012615   0.0000115004   0.0000589286
 7231  -0.0000344903  -0.0000132389  -0.0000385203   0.0000742665  -0.0000296383
 7232  -0.0000166717   0.0000721280  -0.0000744501  -0.0000013564   0.0000298553
 7233  -0.0000405463  -0.0000759105   0.0000420786   0.0000023067  -0.0000130502
 7234   0.0000158633  -0.0000055431  -0.0000079219   0.0000301710   0.0000098640
 7235   0.0000188923  -0.0000286730  -0.0000108299   0.0000166677  -0.0000300307
 7236   0.0000051116  -0.0000043836  -0.0000167947  -0.0000051978  -0.0000107673
 7237  -0.0000004110  -0.0000062712  -0.0000023121   0.0000007279   0.0000113032
 7238   0.0000043690  -0.0000187197   0.0000035836  -0.0000184776  -0.0000080296
 7239  -0.0000102265   0.0000108481  -0.0000036405  -0.0000057798  -0.0000410768
 7240  -0.0000065006   0.0000090208  -0.0000150183  -0.0000032998   0.0000120629
 7241  -0.0000032430   0.0000002450   0.0000037372   0.0000046949   0.0000132802
 7242  -0.0000155397   0.0000200800   0.0000018935   0.0000141775   0.0000086544
 7243  -0.0000404638   0.0000040707  -0.0000314393  -0.0000086477  -0.0000066001
 7244  -0.0000138127  -0.0000099369  -0.0000006092  -0.0000002727   0.0000006698
 7245  -0.0000001022   0.0000027423   0.0000004539   0.0000003220   0.0000008189
 7246   0.0000003708   0.0000006489  -0.0000002129  -0.0000000360  -0.0000000164
 7247  -0.0000001010  -0.0000001559  -0.0000000125  -0.0000002698
 73 1  -0.0085543775  -0.0102828658   0.0215048332   0.0435768776   0.0394720902
 73 2   0.0632310735   0.0668173486   0.0254401533  -0.0466299527  -0.0875908230
 73 3  -0.0066260338  -0.0059583336  -0.0221919259   0.0102481887   0.0076030595
 73 4   0.0558736354  -0.0474299284   0.0616183605  -0.1130424022  -0.0706672366
 73 5   0.1528428812   0.0279686256  -0.0957335321  -0.0955437562  -0.0722132374
 73 6   0.0858032223   0.1369675160   0.0820857812   0.0782098164   0.0128665143
 73 7  -0.1343825599   0.0261706115   0.0675568057   0.0299223427   0.0985275997
 73 8  -0.0762406246  -0.0833304185   0.0804509246  -0.0151136395  -0.0064773294
 73 9   0.0991153166   0.0184603386   0.2103387169  -0.0493704543   0.1071910754
 7310   0.0352902962  -0.0503147938   0.1034650660  -0.0025035194  -0.0232950834
 7311   0.0415117561   0.1045725309   0.0268087190   0.0102052626  -0.0631283753
 7312   0.0104881480   0.0342181367  -0.2393788881   0.0106767940  -0.0113748720
 7313  -0.0666271211   0.0581900969  -0.0338628039  -0.0564431390  -0.0851640153
 7314  -0.0861363482   0.1005355485  -0.0040506172   0.0488150574  -0.0471529374
 7315   0.0010200151   0.0240169230   0.0102017808   0.0153743231   0.0461436389
 7316   0.0230047476   0.0358151920   0.0218196527   0.0506827676   0.0447373540
 7317  -0.0224506310  -0.0828875291   0.0417944866   0.0208335824   0.0207909165
 7318  -0.0230459839  -0.0479707994  -0.1059580012   0.0261414449  -0.0183632766
 7319   0.0201618529   0.0172366930  -0.0461215834  -0.0065783185   0.0053675907
 7320   0.0412191176   0.0010201530   0.0540973719  -0.0105068035  -0.1223194387
 7321   0.0545792466   0.0756958872   0.1023936278   0.0509750768  -0.0149262492
 7322  -0.0258076498   0.0528833816   0.0089720462  -0.0001451759  -0.0190788960
 7323   0.1702917140   0.0098464095  -0.0135354142   0.0059034400   0.0017245558
 7324  -0.0085892496   0.0020413247  -0.0293961103  -0.0023991901   0.0025257779
 7325  -0.0000901307  -0.0022894051  -0.0183060726  -0.0112103213  -0.0013505158
 7326  -0.0009677566   0.0012842069  -0.0026714109   0.0018116819  -0.0022474753
 7327   0.0063980513  -0.0120935528   0.0177809347  -0.0003484760   0.0058934507
 7328  -0.0002675591   0.0004887065  -0.0006541240  -0.0002130898  -0.0006195266
 7329  -0.0009275874   0.0000604625  -0.0000020393  -0.0000383950   0.0000310031
 7330  -0.0000223504  -0.0002015979   0.0000134865  -0.0000649045  -0.0000086452
 7331   0.0000339234   0.0001980495  -0.0000769022   0.0000113689  -0.0000130685
 7332  -0.0000311857  -0.0000562210  -0.0000430678  -0.0000161395  -0.0000448857
 7333   0.0000341949   0.0000867043  -0.0001092667  -0.0000136202   0.0000531350
 7334  -0.0000160435  -0.0000279838  -0.0000151815  -0.0000534480  -0.0000225569
 7335  -0.0000204540   0.0000105777  -0.0000015738  -0.0000252584   0.0000345215
 7336   0.0000102376  -0.0000021284   0.0000148516   0.0000035685  -0.0000100154
 7337  -0.0000085617  -0.0000017435   0.0000034109  -0.0000285445  -0.0000209981
 7338  -0.0000083118  -0.0000017683  -0.0000160730  -0.0000237394   0.0000214280
 7339   0.0000078923  -0.0000141850  -0.0000073348   0.0000526953   0.0000574123
 7340  -0.0000056412  -0.0000012045   0.0000095939   0.0000021716  -0.0000094095
 7341   0.0000085981   0.0000047158   0.0000011076  -0.0000000760  -0.0000072404
 7342   0.0000137733  -0.0000187162  -0.0000191288  -0.0000157274  -0.0000204181
 7343   0.0000166357   0.0000151378   0.0000023809  -0.0000118278  -0.0000275863
 7344   0.0000766044  -0.0000026156  -0.0000090837   0.0000032729  -0.0000028999
 7345   0.0000038027   0.0000016285  -0.0000006285   0.0000013432   0.0000006005
 7346   0.0000002389  -0.0000006682  -0.0000000382  -0.0000002609  -0.0000008717
 7347  -0.0000001412   0.0000003492  -0.0000000329  -0.0000005231
 74 1   0.0043120002  -0.0001901118   0.0235559169  -0.0286460233   0.0392322661
 74 2  -0.1070109811  -0.0484512452   0.0714530514  -0.0508078838   0.1128590713
 74 3  -0.0269235523   0.0174189651  -0.0073271307   0.0024928696  -0.0309491565
 74 4   0.0502934199   0.0048907757  -0.0042712088   0.1053527725  -0.1741181504
 74 5  -0.1230136104  -0.1026911908   0.1637390014   0.0552831012  -0.0341631204
 74 6   0.2028764776  -0.1744663693  -0.0959766604   0.0049431465  -0.0482240450
 74 7   0.3792893830  -0.0929426422  -0.1111088781  -0.0874463368  -0.2055305544
 74 8   0.2165783457   0.0168346379   0.0843819768   0.0564201810   0.1169742753
 74 9  -0.0321687839   0.0365761027   0.0460389482   0.0829793016   0.0368624032
 7410   0.0979580142   0.0076639062  -0.0061070712   0.0481507440   0.0205877469
 7411   0.0858497429  -0.0002134899  -0.0593638922   0.0776239865  -0.0026017206
 7412  -0.0292823539   0.0538376577  -0.1002594332   0.0155377715  -0.0256088841
 7413  -0.0615013853  -0.0587795868  -0.0052941018  -0.0237396909  -0.0481779569
 7414  -0.0409743146   0.0396725785   0.0040878199  -0.0674699862  -0.0222236067
 7415   0.0068941224   0.0040148562  -0.0274191988  -0.0046692960  -0.0016721462
 7416  -0.0903300330   0.0120692798   0.0095268343   0.0273371845   0.0461948109
 7417   0.0041263094   0.0326492369   0.0490507846   0.0475875613  -0.0178221508
 7418   0.0202037103   0.0243989776  -0.0770450549  -0.0052327015  -0.0133072899
 7419   0.0145602299  -0.0006219469  -0.0081671281  -0.0014177417  -0.0037562156
 7420   0.0133535339   0.0039567094   0.0252918827  -0.0307406698  -0.0583582388
 7421   0.0276611913  -0.0062965693   0.0365868412   0.0481155249   0.0105538763
 7422   0.0082828154   0.0177600968   0.0012012239   0.0067941521  -0.0066964524
 7423   0.0913093591   0.0155475455  -0.0071863944   0.0061438082   0.0067030610
 7424   0.0061914980   0.0019748251  -0.0144918597  -0.0007703570  -0.0003264446
 7425  -0.0055788218  -0.0035537014  -0.0081012270  -0.0099328073  -0.0026089757
 7426  -0.0059780372  -0.0008660311   0.0002311503   0.0113906192   0.0022605598
 7427   0.0043608748  -0.0058941692   0.0076247671  -0.0002177706   0.0024930629
 7428   0.0013452609   0.0001649186  -0.0002637827  -0.0003647387  -0.0005279856
 7429   0.0001444092  -0.0002808452   0.0000556000   0.0000832586   0.0000347119
 7430   0.0000662080  -0.0008880281  -0.0005041035   0.0001568236   0.0002607825
 7431  -0.0000681906   0.0000581301  -0.0001710106   0.0000073413   0.0000054927
 7432  -0.0000531622  -0.0001720821  -0.0000102064  -0.0000559143   0.0000038340
 7433  -0.0000457861  -0.0000585849  -0.0001005801   0.0000204765  -0.0000127984
 7434  -0.0000051347  -0.0000162911  -0.0000123937   0.0000248481   0.0000376720
 7435   0.0000221048  -0.0000161961   0.0000020445   0.0000459503  -0.0000797649
 7436   0.0000048195  -0.0000104271   0.0000009500   0.0000027953   0.0000018411
 7437  -0.0000031019  -0.0000213487   0.0000112511  -0.0000073598   0.0000006021
 7438  -0.0000131492  -0.0000037889   0.0000001351   0.0000013303   0.0000110070
 7439  -0.0000273433   0.0000245482   0.0000128425   0.0000145111  -0.0000106953
 7440   0.0000047820   0.0000061741  -0.0000284322  -0.0000003451   0.0000003205
 7441   0.0000072030   0.0000051385  -0.0000004641   0.0000099412   0.0000073654
 7442  -0.0000353087   0.0000285052  -0.0000088906   0.0000177204   0.0000106436
 7443  -0.0000340377   0.0000002782  -0.0000284207  -0.0000338342  -0.0000124479
 7444   0.0000513999  -0.0000077715   0.0000042256   0.0000000425  -0.0000008666
 7445   0.0000017664   0.0000032283   0.0000005966  -0.0000020783   0.0000002911
 7446   0.0000002690   0.0000005110  -0.0000007211   0.0000001895   0.0000001768
 7447  -0.0000003733   0.0000011508   0.0000011882  -0.0000004538
 75 1  -0.0010977643   0.0365713649  -0.0065745467  -0.0504819741  -0.0713371660
 75 2   0.0377628151  -0.1008585337   0.0946874815   0.1103531222  -0.0576188556
 75 3  -0.0010374352  -0.0153832532   0.0148630848  -0.0841472045  -0.0167929114
 75 4  -0.1617764000   0.1305341634  -0.0640194831   0.0106710726   0.0255581481
 75 5  -0.0318811739   0.0437877861   0.0440243806  -0.0302545233   0.0669354801
 75 6  -0.0149708914   0.0261266576   0.0288734593  -0.0052413261   0.0450543774
 75 7   0.0159288190  -0.0475460000  -0.0645028761   0.1126237876   0.0210571496
 75 8   0.0584755934  -0.0879596719  -0.0067112292   0.0361944426   0.0013589736
 75 9  -0.0031249074  -0.0048785923   0.0802285881  -0.0227426046   0.0371141507
 7510   0.0576713763  -0.0368030281   0.0513756514   0.0107194052  -0.0232996590
 7511   0.0798314094   0.1411925419  -0.0245430902   0.0229156531  -0.0059371844
 7512   0.0135464261   0.0419867530  -0.1917204990   0.0409031968  -0.0318441687
 7513  -0.0444674899   0.0777940653   0.0281004520  -0.0539866105  -0.0062400541
 7514   0.0426337549   0.0964381931   0.0238482480   0.0087669030  -0.0192817935
 7515  -0.0466499265   0.0744600410  -0.0830609575  -0.0145230167   0.0479724834
 7516   0.0116666089  -0.0679817497  -0.0361363638  -0.0230841758  -0.0466448506
 7517  -0.0519292696   0.0969893093  -0.0479646933   0.0231271698  -0.0169892670
 7518   0.0202110405   0.0806514124   0.1175810936   0.0177676742   0.0186697779
 7519   0.0865723843   0.0216614584   0.0270451300   0.0081599472   0.0244665706
 7520  -0.0239054848  -0.0194816276  -0.1461760300  -0.0433935531   0.0018465177
 7521   0.0951168500   0.1026996493  -0.0759911304  -0.0878831950  -0.0600707826
 7522  -0.0336079289  -0.0015835386  -0.0245267226  -0.0047801415  -0.0265428544
 7523  -0.0841645006  -0.0118881237  -0.0131579133  -0.0009436552  -0.0000684867
 7524   0.0172230436  -0.0122740399  -0.0074837865  -0.0008273989  -0.0013237257
 7525   0.0237384300   0.0754635563  -0.0038809887   0.0039897324   0.0174648046
 7526   0.0409706130  -0.0057110368   0.0083744427  -0.0183477166   0.0182478425
 7527  -0.0048353357   0.0460960706  -0.0576676833   0.0029987937  -0.0175694039
 7528   0.0083075494   0.0002513620  -0.0006116301   0.0006559754  -0.0000105440
 7529  -0.0000401461  -0.0000173876   0.0003537099   0.0002627308   0.0000651173
 7530   0.0001893417   0.0008329956  -0.0000501880   0.0000134443  -0.0000495435
 7531   0.0001052249  -0.0000129823   0.0000818520  -0.0001731053   0.0000466691
 7532   0.0000161383   0.0000595377   0.0000872501  -0.0000444887   0.0000151775
 7533   0.0000158100  -0.0000194777   0.0001046973  -0.0000257732   0.0000034627
 7534   0.0000108889  -0.0000043401  -0.0000215031   0.0000109914   0.0000075556
 7535  -0.0000609429   0.0000110193   0.0000202798   0.0000058858  -0.0000026839
 7536  -0.0000104279   0.0000110567  -0.0000283742   0.0000231413   0.0000262672
 7537  -0.0000054228  -0.0000027019   0.0000176990   0.0000024295   0.0000099409
 7538   0.0000021204   0.0000381660  -0.0000316214   0.0000445753  -0.0000163372
 7539   0.0000210766   0.0000186770   0.0000250028  -0.0000048934  -0.0000177854
 7540   0.0000092885  -0.0000049231   0.0000018703   0.0000004478  -0.0000013770
 7541   0.0000009894  -0.0000049925   0.0000046366  -0.0000149310  -0.0000041588
 7542   0.0000126591  -0.0000083425   0.0000114077  -0.0000039135  -0.0000049427
 7543   0.0000713996   0.0000186651   0.0000408271   0.0000103693   0.0000018732
 7544  -0.0000211028   0.0000098144   0.0000136878   0.0000094859  -0.0000006844
 7545   0.0000060257  -0.0000027183  -0.0000018857  -0.0000033997   0.0000011334
 7546  -0.0000007802  -0.0000001939  -0.0000002023   0.0000002190   0.0000001823
 7547   0.0000007001   0.0000000691   0.0000018185   0.0000002614
 76 1  -0.0124547685  -0.0114027029   0.0243067345   0.0495834459   0.0394720902
 76 2   0.0632310735   0.0668173486   0.0254401533  -0.0466299527  -0.0875908230
 76 3   0.0009085606  -0.0101896758  -0.0115614618   0.0218189955   0.0165609919
 76 4   0.0215523065   0.0008712730   0.0543695103  -0.0837277759  -0.0639496807
 76 5   0.1052371590   0.0606884905  -0.0359984777  -0.1086878982  -0.0083599155
 76 6   0.0472151697   0.0775351508   0.0079964360  -0.0140773499   0.0298314062
 76 7  -0.0732386017   0.0017312071  -0.0530965257   0.0713754348   0.0007020593
 76 8   0.0404197913  -0.0900059125   0.0678278553   0.0129660050  -0.0180443116
 76 9   0.0602951892   0.0112598662   0.1303293279   0.1183374372  -0.0139819800
 7610   0.0403186734  -0.0156869244   0.0681829359   0.0070904265   0.0027577678
 7611   0.0676660382   0.0260279035  -0.0585105360   0.0247294986   0.0530937031
 7612  -0.0208133150   0.0208795977  -0.0960460864   0.0466399145  -0.0746395668
 7613  -0.0239449006  -0.0960915120   0.0185127592   0.0473892579  -0.0073040453
 7614  -0.0048660232  -0.0423951720   0.0437435203  -0.1445973182  -0.0160910192
 7615  -0.0225218085   0.0023984643   0.0106800828  -0.0625457467  -0.0373775019
 7616  -0.0564930629  -0.0274862577  -0.0177104807   0.0143026500   0.0547935423
 7617   0.0428006216   0.0314832842   0.0394403224   0.0600546456  -0.0140831080
 7618   0.0588750031   0.0499489265  -0.0282509691  -0.0512756397  -0.0017801941
 7619  -0.0277362481  -0.0350045438   0.0462215065   0.0109356005  -0.0655492715
 7620  -0.0572263554   0.0194562815   0.0090893060  -0.0661887161   0.1179065317
 7621  -0.0772300280  -0.2033173844  -0.0980015366  -0.0064940521   0.1225424364
 7622   0.1020126444  -0.0589251691  -0.0307883228   0.0434454065   0.0511365571
 7623  -0.2406235757   0.0271279722   0.0337632563  -0.0019890229   0.0229044170
 7624   0.0811616919   0.0051278545   0.0656290287   0.0064621971  -0.0006901065
 7625  -0.0077972224  -0.0082849250   0.0123808438   0.0313491631  -0.0042180164
 7626  -0.0066864093   0.0015310368  -0.0062677662  -0.0130840875  -0.0072610786
 7627  -0.0081836503   0.0112844487  -0.0129990584  -0.0008139472  -0.0057543989
 7628   0.0056523855  -0.0004890209  -0.0003890990   0.0005290554  -0.0001488577
 7629   0.0006192334   0.0003951898  -0.0000942692   0.0003744747   0.0000883829
 7630   0.0001166975   0.0004487243   0.0000528398   0.0001979772  -0.0001659070
 7631   0.0000795552   0.0000050217   0.0000100292  -0.0001354044   0.0000578386
 7632  -0.0000561953   0.0002020686  -0.0000870187  -0.0000442598   0.0000203678
 7633  -0.0000159028  -0.0000421974   0.0000443624  -0.0000204015  -0.0000311293
 7634   0.0000109088   0.0000184813  -0.0000107497  -0.0000404716   0.0000601035
 7635  -0.0000338974   0.0000059776  -0.0000249118   0.0000053122  -0.0000495824
 7636  -0.0000030834   0.0000125356   0.0000066628   0.0000208372   0.0000231580
 7637   0.0000000653  -0.0000087001   0.0000202272   0.0000025235   0.0000133531
 7638  -0.0000096505   0.0000290511  -0.0000285978   0.0000530551  -0.0000224624
 7639  -0.0000154259   0.0000412137   0.0000227819  -0.0000120703  -0.0000029833
 7640   0.0000007227  -0.0000063229  -0.0000164081   0.0000006775   0.0000038709
 7641   0.0000052169  -0.0000079172   0.0000087681  -0.0000083901   0.0000041747
 7642  -0.0000124155   0.0000136462   0.0000066427   0.0000061002  -0.0000246136
 7643   0.0000410735   0.0000257617   0.0000291463  -0.0000069880  -0.0000058272
 7644  -0.0000383804   0.0000187420   0.0000108930   0.0000037813  -0.0000052518
 7645   0.0000017526  -0.0000057096  -0.0000053435  -0.0000034878   0.0000008786
 7646  -0.0000008681   0.0000004648  -0.0000003623   0.0000002414   0.0000000382
 7647   0.0000001495   0.0000007647   0.0000012250   0.0000010392
 77 1   0.0014810663  -0.0021695525   0.0242795642  -0.0190458597   0.0393347173
 77 2  -0.1019340306  -0.0402203738   0.0517869132  -0.0512350596   0.0536589971
 77 3  -0.0272261800   0.0142028299  -0.0189142429  -0.0105377589  -0.0287120376
 77 4   0.0273751900   0.0009843008  -0.0073992075  -0.0433921450  -0.1295135672
 77 5  -0.0955855105  -0.1031622414   0.0500018074   0.0393171035  -0.0077640466
 77 6   0.1406776026  -0.0633127924  -0.0812874593   0.0112298160  -0.1081738897
 77 7  -0.1029419639   0.0134002697  -0.0402126760   0.1458106312   0.0053823065
 77 8   0.0181103282  -0.0467933942  -0.0840218810  -0.0978647934  -0.1591544149
 77 9   0.0917636346  -0.0158388129   0.0942689221   0.0645208142   0.0439981732
 7710  -0.1208288344  -0.1089080045   0.0460296381  -0.0724946232  -0.0552231585
 7711  -0.0223728784  -0.0179301965   0.0307068947  -0.1138621063   0.0467396661
 7712   0.0277496589  -0.0408446183   0.0067727890   0.0104529063  -0.1157086208
 7713   0.1057835876  -0.0090930514   0.0289929438   0.1183260771   0.1270966250
 7714   0.0510110439  -0.0333913657  -0.0146781278   0.1205884291   0.0155848789
 7715  -0.0323115973   0.0142460615   0.0016443270   0.0081852079   0.0965108189
 7716   0.0052184695   0.0162077925   0.0144850213  -0.0443690356   0.0126851134
 7717  -0.0412382498   0.0550007099   0.0112214723  -0.0448155630  -0.0413068750
 7718   0.0628268247   0.1382649395  -0.0239174830   0.0230886061  -0.0255026311
 7719  -0.0220371918   0.0306521154  -0.0190456996   0.0519718972  -0.0226375899
 7720  -0.0120325904  -0.0319672447   0.0730332829  -0.0029476092   0.0593871680
 7721   0.0481130563  -0.0133856062   0.1740519459   0.0977437153   0.0324338305
 7722  -0.0066818907   0.0013001082  -0.0058685316  -0.0163747478   0.0052824354
 7723   0.0712511564   0.0160598232   0.0021549154   0.0104635675  -0.0016117420
 7724   0.0449795502  -0.0161639814   0.0209496716   0.0030388526   0.0008356081
 7725  -0.0003313387   0.0084422387  -0.0047494053  -0.0001361591  -0.0034406874
 7726   0.0013444813  -0.0005708531  -0.0045105761  -0.0124547568   0.0112810244
 7727  -0.0022000638   0.0044143969  -0.0122780522   0.0010104811  -0.0031641867
 7728   0.0026551709   0.0003852449  -0.0002604647  -0.0003956661  -0.0003875539
 7729   0.0000222892  -0.0001965671   0.0001131202   0.0000681826   0.0000813977
 7730  -0.0000035928  -0.0001697749  -0.0001316027   0.0000714399   0.0000716153
 7731   0.0000156976   0.0000986412  -0.0000091346   0.0000199212  -0.0000092240
 7732  -0.0000390589  -0.0000545859  -0.0000121814  -0.0000354524  -0.0000006619
 7733  -0.0000190004  -0.0000047042  -0.0000447764   0.0000005879  -0.0000120287
 7734  -0.0000050265  -0.0000037365   0.0000005071  -0.0000233051   0.0000193192
 7735  -0.0000015238  -0.0000069417  -0.0000003888   0.0000240380  -0.0000270077
 7736   0.0000034808  -0.0000047262   0.0000038613   0.0000018038  -0.0000064995
 7737  -0.0000050056  -0.0000050730  -0.0000003905  -0.0000037972  -0.0000036756
 7738  -0.0000129075  -0.0000067761  -0.0000073862  -0.0000239604   0.0000150479
 7739  -0.0000010825   0.0000041272  -0.0000034706   0.0000066141   0.0000127900
 7740   0.0000007110   0.0000034489  -0.0000184417   0.0000004199   0.0000001487
 7741   0.0000039437  -0.0000002801  -0.0000044503   0.0000053569  -0.0000070128
 7742  -0.0000103026   0.0000138816  -0.0000067016   0.0000024384  -0.0000091281
 7743  -0.0000112011   0.0000057030  -0.0000069159  -0.0000131211  -0.0000049159
 7744   0.0000163374  -0.0000080333  -0.0000039685   0.0000013876  -0.0000016174
 7745   0.0000019532   0.0000023126  -0.0000008220   0.0000007788   0.0000004557
 7746   0.0000006045   0.0000001908  -0.0000002482  -0.0000001339   0.0000000839
 7747   0.0000000470   0.0000009738   0.0000003445  -0.0000002315
 78 1  -0.0092713835   0.0494354657   0.0502014172  -0.0467625340  -0.0242958570
 78 2   0.0772904746  -0.0954917069   0.0649288141   0.0792275329  -0.0393314418
 78 3  -0.0888928378  -0.0102614759  -0.0068984209  -0.0793733244  -0.0636580787
 78 4   0.0670848726  -0.0561075310   0.0591030287   0.0334602272  -0.0945566941
 78 5   0.1096252071  -0.1156783673  -0.1268817968   0.0629938955  -0.1049293264
 78 6   0.0172819165   0.0435982574   0.1115178949   0.1463288752  -0.0627900087
 78 7   0.0240860128   0.0135979367  -0.0347059933   0.0282438823  -0.0025196587
 78 8   0.0296057955  -0.0154436878  -0.0407362508   0.0042310848  -0.0448645109
 78 9  -0.0070532951  -0.0119843644   0.0025006550   0.0549935496  -0.0147998183
 7810   0.0079739588  -0.0434923767  -0.0155381302  -0.0124181068   0.0079253844
 7811  -0.0119546018  -0.0556984702  -0.0276567665  -0.0002405633   0.0409049047
 7812   0.0070311699  -0.0277924502   0.0909791433   0.0158195210  -0.0375242331
 7813   0.0425061206  -0.1444705033   0.0038657601   0.1466768920   0.0168927924
 7814  -0.0238378315  -0.1393171528   0.0239025983  -0.1611333832   0.0155302816
 7815   0.0070089953  -0.0469654594   0.0457992565  -0.0621214668  -0.1308680345
 7816   0.0803430861  -0.0097773951  -0.0246693746   0.0716571014  -0.0211384373
 7817  -0.0398577887  -0.1628721565   0.0084028207   0.0194147558   0.0809039212
 7818  -0.0587611179  -0.1071454001  -0.0303661953   0.0467137612   0.0141110411
 7819   0.0646000825   0.0069489725   0.0764307616   0.0051857979  -0.0212272217
 7820  -0.0077646997  -0.0121286834  -0.0551261688  -0.0187395606  -0.0408233857
 7821   0.0949953032   0.1481780800  -0.1011790144  -0.0461916432   0.0120482710
 7822   0.0360770471   0.0097580411  -0.0401178307   0.0565884394  -0.0129821760
 7823  -0.0127994982  -0.0047370308  -0.0069971338  -0.0031243919  -0.0103250344
 7824   0.0028430027  -0.0023271694  -0.0067946374   0.0059723217  -0.0006117733
 7825  -0.0163661608   0.0267360846  -0.0125464785   0.0072312738  -0.0047583171
 7826  -0.0201017730   0.0010898830   0.0122296641   0.0614950146  -0.0575260784
 7827   0.0160876805  -0.0198737542   0.0374077464  -0.0002648143   0.0064454315
 7828  -0.0051316839  -0.0001075375  -0.0003119466   0.0002723326   0.0002654167
 7829  -0.0002668004  -0.0002163369   0.0002096677   0.0001085666   0.0000459046
 7830   0.0000956916   0.0004302603  -0.0000120187  -0.0000272091  -0.0000294673
 7831   0.0000212544  -0.0000747901   0.0000351355  -0.0000637001   0.0000139314
 7832  -0.0000281645  -0.0000587476   0.0000889152   0.0000092009   0.0000053966
 7833   0.0000378267   0.0000251665   0.0000355925   0.0000339957  -0.0000298210
 7834  -0.0000221268  -0.0000051191   0.0000078339   0.0000252670   0.0000162747
 7835   0.0000050344   0.0000066608   0.0000220431   0.0000022936   0.0000092781
 7836  -0.0000052944  -0.0000006444  -0.0000237876   0.0000061821   0.0000088838
 7837   0.0000002513   0.0000094938  -0.0000100590   0.0000113279   0.0000055145
 7838   0.0000024988   0.0000101751  -0.0000064515   0.0000136493   0.0000015839
 7839   0.0000265098   0.0000067801   0.0000086383   0.0000062114  -0.0000088886
 7840   0.0000082668   0.0000021572  -0.0000009926   0.0000000489   0.0000007765
 7841  -0.0000073375  -0.0000003712  -0.0000026133  -0.0000033204  -0.0000018660
 7842   0.0000033943  -0.0000068299   0.0000049733   0.0000050471   0.0000146258
 7843   0.0000142485   0.0000022504   0.0000252590   0.0000078388   0.0000004971
 7844  -0.0000055669   0.0000008874   0.0000032592   0.0000039263   0.0000020001
 7845   0.0000024036  -0.0000000866   0.0000009089  -0.0000007161   0.0000002692
 7846  -0.0000001649  -0.0000001640  -0.0000000441  -0.0000000254   0.0000001719
 7847   0.0000013298  -0.0000003582  -0.0000000770  -0.0000000971
 79 1  -0.0052400078  -0.0091538472   0.0457337772   0.0398696134   0.0394720902
 79 2   0.0632310735   0.0668173486   0.0254401533  -0.0466299527  -0.0875908230
 79 3   0.0019276226  -0.0127884181  -0.0080276791   0.0180293559   0.0138656064
 79 4  -0.0112559444   0.0398278598   0.0164260470  -0.0395072224  -0.0579524026
 79 5  -0.0062624975   0.0471635586   0.0188884464  -0.0664908513   0.0232208374
 79 6   0.0171165381   0.0257961685   0.0835590055   0.0078192360  -0.0212562233
 79 7   0.0133478226  -0.0020752711  -0.0872415372   0.0454789657  -0.0480385958
 79 8   0.0697350989  -0.0268533515   0.0317214709   0.0076862650  -0.0455906655
 79 9  -0.0226640307   0.0023610171  -0.0206740182  -0.0494054881   0.0144164259
 7910   0.0509976303  -0.0725825495   0.1016991145  -0.0096544135  -0.0193132286
 7911   0.1633162452  -0.0672110943  -0.0197917404  -0.0211449252   0.1302021403
 7912   0.0135038976   0.0015948371   0.0349051366   0.0512088916   0.0946427472
 7913  -0.0098794891  -0.0581845107   0.0633222873  -0.0174985711   0.0100993033
 7914   0.0050970983  -0.0960658069  -0.0041048527  -0.0104802914   0.0101518765
 7915   0.0467173590  -0.0907045986   0.0409216337  -0.0510808215  -0.1341781386
 7916  -0.0364637789  -0.0019650929  -0.0188963661   0.0102425010  -0.0158867021
 7917   0.0264370162  -0.0547726707  -0.0171486967  -0.0135467256  -0.0732357462
 7918   0.0217387758  -0.0071170428   0.0241419903  -0.0498296847   0.0011487211
 7919  -0.0710666784  -0.0173090518   0.0262480206   0.0085611328   0.0130078329
 7920  -0.0326647857  -0.0069120528   0.0185003338   0.1003554900   0.1463294341
 7921  -0.0152739228  -0.0125855755   0.0417093764  -0.0490911936  -0.2210002931
 7922  -0.1887492149  -0.0157591726   0.0246212108  -0.0680664578  -0.0399421761
 7923   0.1513456932  -0.0866435247  -0.0240558981   0.0275909345  -0.0519123325
 7924  -0.1154724086  -0.0266533971  -0.0588495907  -0.0199236674  -0.0080976669
 7925  -0.0181519702  -0.0129455516   0.0148714851  -0.0319235304   0.0033762304
 7926   0.0068754083  -0.0020118340   0.0010978200   0.0146047459   0.0241475740
 7927   0.0084456454  -0.0090053580   0.0031080485   0.0016165681   0.0034188421
 7928  -0.0056265530   0.0003683808   0.0005342642  -0.0003105211   0.0004532383
 7929   0.0002484898  -0.0004700859   0.0002848439  -0.0003453804  -0.0000718618
 7930  -0.0000435474   0.0000852591  -0.0001355821  -0.0000854381   0.0001399410
 7931  -0.0000164779  -0.0001752757   0.0000822945   0.0000577667  -0.0000272543
 7932   0.0000973295  -0.0001090092   0.0001655302   0.0000524803  -0.0000018895
 7933   0.0000090615  -0.0000365117   0.0001008844   0.0000300637   0.0000067357
 7934   0.0000038014  -0.0000044319   0.0000269204   0.0000899152  -0.0000261867
 7935   0.0000191791  -0.0000184859   0.0000385613   0.0000221587   0.0000112969
 7936  -0.0000057633  -0.0000088269  -0.0000430647  -0.0000181388  -0.0000080049
 7937   0.0000071103   0.0000111965  -0.0000184281   0.0000193271   0.0000119665
 7938   0.0000240390  -0.0000034538   0.0000257538  -0.0000171989   0.0000005910
 7939   0.0000202589  -0.0000252157   0.0000031004  -0.0000290601  -0.0000547093
 7940   0.0000059619   0.0000117994   0.0000151240  -0.0000006575   0.0000015259
 7941  -0.0000161868   0.0000054428  -0.0000079786  -0.0000022022  -0.0000047311
 7942   0.0000110313  -0.0000116726   0.0000168980  -0.0000043084   0.0000443908
 7943  -0.0000140304  -0.0000265524  -0.0000196996   0.0000207498   0.0000332924
 7944  -0.0000318057  -0.0000153778   0.0000013185  -0.0000017432   0.0000076299
 7945  -0.0000016138   0.0000045474   0.0000054941   0.0000008155  -0.0000007884
 7946   0.0000005585   0.0000002261   0.0000004458  -0.0000000954   0.0000004198
 7947   0.0000003848  -0.0000009046  -0.0000003396  -0.0000003749
 80 1   0.0038885017  -0.0027686461   0.0085404811  -0.0092067376   0.0394371684
 80 2  -0.0968570800  -0.0319895024   0.0321207750  -0.0516622354  -0.0055410772
 80 3   0.0061905659   0.0082256473  -0.0197855543  -0.0047378510  -0.0031090550
 80 4  -0.0032559064   0.0102743706  -0.0443782614  -0.1071476104  -0.0484695918
 80 5  -0.0337961394  -0.0417501976  -0.0291413637  -0.0014308066   0.0280881591
 80 6   0.0004743928  -0.0459463702   0.0055740297   0.0051232475  -0.1420669630
 80 7  -0.1947250674   0.0597837154  -0.1073837060   0.2147114269   0.0222147734
 80 8  -0.0518747836  -0.0031728506  -0.1419000187  -0.0139290035  -0.0054611936
 80 9   0.0806184756   0.0028990328  -0.1022156144  -0.0206661334   0.0360620502
 8010   0.0696183881   0.2154951801  -0.0351204321   0.0863989249   0.0129907684
 8011   0.0752389655  -0.1110851005   0.0255546819   0.0736282816  -0.0616871425
 8012  -0.0514560086   0.0909349678   0.0217935299   0.0129130300   0.1332798679
 8013   0.0092680747   0.0639738448   0.0051364309   0.0849977131  -0.1999991800
 8014  -0.0259173396  -0.0026392705  -0.0033686416  -0.0536794941  -0.1150654019
 8015  -0.0868922000   0.0405601016  -0.0593743608  -0.0648370224  -0.0034240246
 8016  -0.0024629521  -0.0018754511   0.0095118739   0.0487678803  -0.0252969432
 8017   0.0490507954   0.0054387893  -0.0495104702  -0.0148799198   0.0444491746
 8018   0.0089461912   0.0283475106  -0.0067056636   0.0396314636  -0.0372200425
 8019  -0.0381936305   0.0248243608  -0.0154214186   0.0238375442   0.0215779285
 8020   0.0125298382  -0.0120225548   0.0577211309   0.0637545247  -0.0466142612
 8021   0.0037857890  -0.1371337641  -0.0171847399  -0.0154860478  -0.0566567040
 8022  -0.0555009924  -0.0271502346  -0.0325426277   0.0527615739   0.0027817708
 8023  -0.0652462416  -0.0031489704   0.0031143559   0.0684431241   0.0021193658
 8024   0.0518659977   0.0074482342  -0.0142473159  -0.0143674638  -0.0065060436
 8025  -0.0114062325   0.0023559763   0.0118863056   0.0069208851  -0.0034657484
 8026  -0.0001884277  -0.0011015990  -0.0036904136   0.0145631951  -0.0109542707
 8027   0.0040208127  -0.0021237884   0.0099795003  -0.0020076602  -0.0007101875
 8028  -0.0027264529  -0.0001239030   0.0006173235  -0.0001234236  -0.0003910383
 8029   0.0003380726  -0.0002218481   0.0002323182   0.0000467629   0.0000685124
 8030  -0.0001775339   0.0007648335   0.0001778302   0.0000007802   0.0000117482
 8031   0.0000264698   0.0000454944   0.0001932070   0.0000920689   0.0000029598
 8032  -0.0000139398   0.0000986743  -0.0000797103  -0.0000090599   0.0000476936
 8033  -0.0000656276  -0.0000448968   0.0000753218  -0.0000386152   0.0000189638
 8034   0.0000175784   0.0000018645  -0.0000222921  -0.0000042646  -0.0000075350
 8035   0.0000024082  -0.0000074222  -0.0000212221   0.0000149846  -0.0000137734
 8036  -0.0000003603  -0.0000071083  -0.0000042585  -0.0000082453  -0.0000298400
 8037   0.0000014019  -0.0000066762   0.0000006116   0.0000087154   0.0000110688
 8038  -0.0000051780  -0.0000203295   0.0000033011  -0.0000604048   0.0000136535
 8039  -0.0000104743  -0.0000021410  -0.0000300033  -0.0000420349  -0.0000054005
 8040  -0.0000209683   0.0000026914  -0.0000294984   0.0000036679   0.0000065117
 8041   0.0000010630  -0.0000072470   0.0000012868   0.0000053035  -0.0000028489
 8042  -0.0000290615   0.0000292838   0.0000015459  -0.0000060279  -0.0000251354
 8043  -0.0000247940  -0.0000005126  -0.0000282863   0.0000079399  -0.0000296736
 8044  -0.0000195178  -0.0000151882  -0.0000079318  -0.0000013548  -0.0000002304
 8045  -0.0000008119   0.0000032080  -0.0000003804   0.0000024373   0.0000001087
 8046   0.0000009415   0.0000005735  -0.0000003617   0.0000003180   0.0000000539
 8047   0.0000011921   0.0000001050  -0.0000005749   0.0000000426
 81 1  -0.0113882701   0.0176815934   0.0556606658   0.0356847342   0.0227454520
 81 2   0.1168181340  -0.0901248801   0.0351701467   0.0481019435  -0.0210440281
 81 3  -0.0668013663  -0.0215762713  -0.0010116749  -0.0032148497  -0.0296434521
 81 4   0.1067331928  -0.0806647255   0.0829610032   0.0191024229  -0.0125090590
 81 5   0.1264493174  -0.0151679150  -0.0447568404  -0.0579534519   0.0778238180
 81 6  -0.0538157558  -0.1316983934  -0.1571561868  -0.1771076260  -0.0403947133
 81 7  -0.0330669112   0.0449225064  -0.0865381181   0.0657987669  -0.0593326621
 81 8   0.0285529291   0.0031563788   0.0436300223  -0.0027474256  -0.0362206421
 81 9   0.0097373589   0.0022841398  -0.0599981801   0.0840230742  -0.0738210115
 8110  -0.0483127393   0.0312867321   0.0030330625   0.0220628737   0.0049481010
 8111   0.0203050588  -0.0591019354   0.0851872987  -0.0148403634   0.0273221122
 8112  -0.0106588370   0.0670769584   0.0322291997  -0.0360346457   0.1243984857
 8113  -0.0663347781   0.1578080691   0.0056730043  -0.0994269725   0.0436127656
 8114   0.0471482417   0.0834459754  -0.0047707243   0.1984035043  -0.0421670976
 8115   0.0421550734   0.0502836776  -0.0611616430   0.0334241714   0.0878800438
 8116  -0.0368729673   0.0361420911   0.0075888136   0.0061554052   0.0154615358
 8117  -0.1617182034  -0.0936913073   0.0469477868   0.0133631080  -0.0269790412
 8118  -0.0034278996  -0.0307765132  -0.0687843796   0.0111771724   0.0416134136
 8119   0.0179944838  -0.0240541560   0.1237705785   0.0130624223  -0.0761030148
 8120  -0.0492066041   0.0019275016  -0.0169628101  -0.0160356143   0.0886420603
 8121   0.0253935790   0.0469548368  -0.1169874508  -0.0260615303  -0.0625043268
 8122   0.0258862019  -0.0085297938  -0.0366690880   0.0780035110   0.0200941110
 8123   0.0684115786  -0.0406977723   0.0128694464  -0.0097367210   0.0060178983
 8124  -0.0072951633   0.0058974208  -0.0055940240   0.0044222337  -0.0018333580
 8125  -0.0753392149  -0.0224267089  -0.0385273680   0.0006458824  -0.0204960934
 8126   0.0014344428   0.0017309925  -0.0147210600  -0.0444949967   0.0429838642
 8127   0.0243931756  -0.0016113190  -0.0241814211   0.0036292087  -0.0108069779
 8128   0.0007224321  -0.0005191207  -0.0001357088   0.0005911482   0.0004426689
 8129  -0.0005692065  -0.0005862993   0.0005770186  -0.0000535075   0.0000251788
 8130   0.0000515085   0.0005034177   0.0001991108  -0.0002280502  -0.0000261040
 8131  -0.0000985111  -0.0001500005   0.0000663149   0.0000106739   0.0000003750
 8132   0.0000051217  -0.0002109119   0.0001269277   0.0000384154   0.0000550810
 8133   0.0000390908   0.0000265634   0.0000394143   0.0000313227   0.0000118790
 8134  -0.0000130777  -0.0000132527  -0.0000000772   0.0000906777  -0.0000229860
 8135   0.0000552330   0.0000187554   0.0000462788   0.0000006369   0.0000218352
 8136   0.0000050951  -0.0000010559  -0.0000092136   0.0000009853   0.0000070424
 8137   0.0000038304   0.0000111823  -0.0000072826  -0.0000022805   0.0000002826
 8138   0.0000126589  -0.0000048442   0.0000083836   0.0000165635   0.0000049338
 8139   0.0000342387  -0.0000046909   0.0000085107   0.0000148120  -0.0000412518
 8140   0.0000107545   0.0000043831   0.0000167815  -0.0000037998  -0.0000020521
 8141  -0.0000167048   0.0000020495  -0.0000037026   0.0000012236   0.0000033455
 8142   0.0000141971  -0.0000121926   0.0000004618   0.0000182793   0.0000463905
 8143  -0.0000350620  -0.0000301197  -0.0000016766   0.0000342650   0.0000029674
 8144   0.0000024322  -0.0000079395   0.0000042780   0.0000051003   0.0000057508
 8145   0.0000033690   0.0000026506   0.0000039959  -0.0000005462  -0.0000000279
 8146  -0.0000001772  -0.0000006658   0.0000000276  -0.0000000488   0.0000000900
 8147   0.0000004241  -0.0000010905  -0.0000000022  -0.0000004711
 82 1   0.0020105408  -0.0310710619   0.0720708053   0.0360099868   0.0394720902
 82 2   0.0632310735   0.0668173486   0.0254401533  -0.0466299527  -0.0875908230
 82 3   0.0117769528  -0.0088456278   0.0025625922   0.0085809436   0.0104792602
 82 4  -0.0529876700   0.0769644326   0.0024242327  -0.0062555292  -0.0896853104
 82 5  -0.1066345656   0.0580341495   0.0326514397   0.0087861280  -0.0190118770
 82 6   0.0261198694   0.0290385421   0.2446976366   0.1261082153  -0.1053077566
 82 7   0.0385944733   0.0094491409  -0.0996107599   0.0590506878  -0.0782264307
 82 8   0.0500009222  -0.0354280374   0.0691018113  -0.0234583895  -0.1086914272
 82 9  -0.0488030666  -0.0117535223  -0.0494784892   0.0791764719  -0.1975707853
 8210   0.0164598795  -0.0720360130   0.0153138103  -0.0207004693   0.0061721120
 8211   0.0690922555  -0.0464227586  -0.0028757362   0.0050775775   0.0525994478
 8212  -0.0157030411   0.0180183410   0.1139131462   0.0164468869   0.1318683113
 8213  -0.0617248758   0.0887422228  -0.0046652672  -0.0802635060  -0.0070134282
 8214   0.0190323993  -0.0165639533   0.0265429690   0.0761580949  -0.0065537037
 8215   0.1687671312  -0.0003089554   0.0205642936   0.0043882112   0.0612591221
 8216  -0.0699907390   0.0191245597   0.0230774571   0.0024649229  -0.0250730568
 8217   0.0995198489  -0.0720846115   0.0036849230  -0.0050065431   0.0173531150
 8218   0.0264504147   0.0630643908   0.0738930024   0.0045016574   0.0147696508
 8219  -0.0154770833   0.0309420632  -0.0469349437   0.0059101029   0.0604419880
 8220   0.0421456685  -0.0177095547  -0.0416411202  -0.0039804525  -0.1517598034
 8221   0.0004860832   0.1542596534  -0.0632944444   0.1027432558   0.0446589199
 8222   0.1340504949   0.0281604462   0.0341754818   0.0766083527   0.0189418897
 8223  -0.0172276877  -0.0038169920   0.0153452792  -0.0344046229   0.0464459401
 8224   0.0417143941   0.0220940032   0.0221311732   0.0120430684   0.0116910273
 8225   0.0428837705   0.0279705200   0.0131963630   0.0014302830  -0.0329895655
 8226   0.0026328923  -0.0005152810   0.0045661097  -0.0119820471  -0.0272707873
 8227  -0.0085717848   0.0040542559   0.0141657299  -0.0013670861  -0.0036454856
 8228   0.0001915234  -0.0012248728   0.0002230141   0.0004969116  -0.0001647340
 8229  -0.0006575302  -0.0003477551   0.0004962798   0.0002509587   0.0000643587
 8230   0.0000229423   0.0004907268   0.0000783598  -0.0001800961  -0.0000757582
 8231  -0.0000759277   0.0000107474  -0.0000049496   0.0000290386   0.0000559509
 8232  -0.0001506142  -0.0000332733  -0.0000406541  -0.0000140256   0.0000288042
 8233   0.0000101326  -0.0000290937  -0.0000029291  -0.0000231327   0.0000197782
 8234  -0.0000130710  -0.0000135830  -0.0000179456  -0.0000053894   0.0000205592
 8235   0.0000071444   0.0000082685   0.0000140060   0.0000087515   0.0000103108
 8236   0.0000077539  -0.0000022334   0.0000007560   0.0000038281  -0.0000001022
 8237   0.0000010547  -0.0000072059   0.0000087042  -0.0000074610  -0.0000023561
 8238  -0.0000102690  -0.0000154187  -0.0000030046  -0.0000036007   0.0000014671
 8239   0.0000123795   0.0000139379  -0.0000052699   0.0000364564   0.0000049253
 8240  -0.0000017561   0.0000031554  -0.0000133881  -0.0000010299   0.0000038164
 8241   0.0000060752   0.0000018844   0.0000051100  -0.0000028322  -0.0000005539
 8242  -0.0000013677   0.0000026891  -0.0000036901   0.0000120164  -0.0000117796
 8243  -0.0000413797   0.0000125049   0.0000070771  -0.0000015863  -0.0000408704
 8244   0.0000220752  -0.0000038116  -0.0000025782   0.0000034994   0.0000006814
 8245   0.0000024528   0.0000016428   0.0000004013   0.0000003679   0.0000003142
 8246   0.0000001417  -0.0000004368  -0.0000002976   0.0000002479  -0.0000002730
 8247  -0.0000002882   0.0000000257   0.0000002496  -0.0000006017
 83 1   0.0135144944   0.0049082956   0.0080720936  -0.0110382413   0.0395396196
 83 2  -0.0917801294  -0.0237586311   0.0124546368  -0.0520894113  -0.0647411514
 83 3   0.0233537321  -0.0065307808  -0.0075310844  -0.0011384530   0.0055833993
 83 4  -0.0299363037   0.0006542491  -0.0518726409  -0.0573651345   0.0367543512
 83 5   0.0417655798  -0.0948605590  -0.0523418291   0.0006917705  -0.0732869214
 83 6  -0.1201312021  -0.0222449876   0.0806922084  -0.0328949702  -0.0640306681
 83 7  -0.1070977116   0.0150732948  -0.1000918824   0.0599984513  -0.0913047278
 83 8   0.0623489409  -0.0065382924   0.0965504375   0.0949646627   0.1651668803
 83 9   0.0926081493   0.0385774748  -0.2499738514  -0.0488107996  -0.1015907478
 8310  -0.0505455092  -0.1585662151   0.0897714079   0.0310325110   0.0096651654
 8311  -0.0144634833   0.0394149731   0.0943508717  -0.0782153219  -0.0553961818
 8312   0.0488686061  -0.1060568709  -0.1256147160  -0.0953959433  -0.1415669581
 8313   0.0121792487  -0.0053061767   0.0262387502   0.0334216272   0.0371882590
 8314   0.0183530597   0.0041627742   0.0852909377   0.0691828985  -0.0478731410
 8315   0.1356855934  -0.0188718688   0.0772969927   0.0121251855  -0.0448315327
 8316  -0.0404083207   0.0208991851  -0.0203068441  -0.0594752074  -0.0338479836
 8317   0.0132258639   0.0164639089   0.0316058955  -0.0161359393   0.0565534094
 8318  -0.0137231644   0.0603909094   0.0015723417   0.0269123227   0.0107155468
 8319  -0.0104911615  -0.0129498508  -0.0037889207  -0.0046411183   0.0319991164
 8320   0.0106758030   0.0013360942  -0.0120890466   0.0156864331  -0.0758512655
 8321   0.0493065603  -0.2539135470  -0.0756690684  -0.0836795752   0.0252285859
 8322   0.0073036810   0.0148252858   0.0072259449  -0.0083053924  -0.0038475577
 8323   0.0358326548  -0.0005186195   0.0107153477   0.0056949336  -0.0239560368
 8324  -0.0039753965  -0.0418312155   0.0031905279  -0.0043060363  -0.0041575405
 8325  -0.0164675498  -0.0056960919  -0.0087319877  -0.0064169560   0.0020761493
 8326  -0.0019307027  -0.0009646517  -0.0016447031  -0.0039916497   0.0084545260
 8327   0.0025872038  -0.0050386727  -0.0021064487  -0.0001995763  -0.0018093624
 8328   0.0040224168  -0.0009017093  -0.0001951817   0.0004554578  -0.0002196780
 8329  -0.0006480347  -0.0004470760   0.0005519647   0.0002821651   0.0001259962
 8330   0.0000404737   0.0005462935  -0.0000237509  -0.0002370769  -0.0000926828
 8331  -0.0000914058   0.0000107593  -0.0000911767   0.0000082389   0.0000227695
 8332  -0.0001192384  -0.0000835254  -0.0000566365   0.0000220926  -0.0000520019
 8333   0.0000168427  -0.0000199078  -0.0000018754   0.0000003849   0.0000224665
 8334  -0.0000137258  -0.0000168454  -0.0000167121   0.0000117082  -0.0000129342
 8335   0.0000059754   0.0000033814   0.0000178018   0.0000140757   0.0000261371
 8336   0.0000101107  -0.0000036514  -0.0000094010   0.0000032341  -0.0000020033
 8337  -0.0000037454  -0.0000061406   0.0000031612  -0.0000133779  -0.0000051107
 8338  -0.0000045542  -0.0000076350  -0.0000061238   0.0000000561   0.0000091513
 8339   0.0000112794   0.0000038349   0.0000002831   0.0000469347   0.0000016151
 8340   0.0000012479   0.0000061029  -0.0000081541  -0.0000007157   0.0000003441
 8341   0.0000025944   0.0000037520   0.0000052529  -0.0000051601   0.0000028444
 8342   0.0000022195  -0.0000043996  -0.0000075444   0.0000081825   0.0000088386
 8343  -0.0000264385   0.0000062924   0.0000074874   0.0000010204  -0.0000348675
 8344   0.0000295492  -0.0000068290   0.0000010650   0.0000050846   0.0000016428
 8345   0.0000043326   0.0000033820   0.0000018494  -0.0000010210   0.0000003621
 8346   0.0000001338  -0.0000006122  -0.0000005187  -0.0000005779  -0.0000001713
 8347   0.0000000810   0.0000000440   0.0000005416  -0.0000007097
 84 1   0.0433632549  -0.0501731612   0.1502144680   0.0694280074   0.0697867611
 84 2   0.1563457934  -0.0847580533   0.0054114793   0.0169763541  -0.0027566143
 84 3  -0.0402171359  -0.0345416169   0.0348236070   0.0410168615  -0.0222178886
 84 4  -0.0028028297   0.0578215951   0.0330811243  -0.0190897606   0.0681004395
 84 5  -0.1117210954  -0.0616507365   0.0493473972   0.0471002765   0.0180066604
 84 6   0.0424790270  -0.0137423680  -0.0618475356  -0.0409418572  -0.0341756528
 84 7  -0.0777869063   0.0593874132   0.0355909446  -0.0548573940   0.0268524833
 84 8   0.0197227671   0.0045668195   0.0256636420  -0.0760611672   0.0313305248
 84 9  -0.0401185045  -0.0026793691  -0.0944970507  -0.1171569481   0.0711145887
 8410  -0.0326872407   0.0639413785  -0.0243286926   0.0213254461  -0.0126845440
 8411  -0.0214477556   0.0845295035  -0.0324706466   0.0595289776  -0.1471494446
 8412   0.0570479144  -0.0684268583  -0.0875049493  -0.0236352847  -0.1159744979
 8413   0.0530422605  -0.0298456208  -0.0121361159   0.1285307426  -0.0222349631
 8414  -0.0481334558   0.0107106663   0.0230319323  -0.1224512321   0.0207722549
 8415   0.0367556781   0.0058790240   0.0241422772   0.0288747542   0.0530547504
 8416   0.0825376899  -0.0207469316   0.0124567291   0.0321845369   0.0272470454
 8417   0.0136858545  -0.0307395691   0.0014655493   0.0311290715  -0.0275153516
 8418   0.0663183354  -0.0129658072   0.0437718168  -0.0299755300   0.0045922558
 8419  -0.0820773439   0.0050551823   0.0922375433   0.0104177374  -0.0106202073
 8420   0.0035673691  -0.0161740829   0.0097470099   0.0205883557   0.0045627125
 8421   0.0005304746   0.0597770675  -0.1467126816   0.1258346033  -0.2182889119
 8422   0.0040222449   0.0180429323   0.0398011773   0.1110514754   0.0239526419
 8423   0.0985593275  -0.1078257848   0.0036283220  -0.0294981345   0.0445421352
 8424   0.0065886041  -0.0031630485   0.0143499424  -0.0135628061   0.0071615727
 8425   0.0390130191   0.0616859971   0.1067125991  -0.0203148558  -0.0879731622
 8426   0.0264150760   0.0009026293  -0.0006119054   0.0070713702  -0.0433814141
 8427  -0.0114654193   0.0101388672   0.0622942297   0.0028865499  -0.0058988751
 8428  -0.0220111912   0.0010502833   0.0002140177  -0.0001117494   0.0005003438
 8429   0.0001402691   0.0005766848  -0.0005984227  -0.0001647791  -0.0000275290
 8430  -0.0000074838  -0.0005169077   0.0000148109   0.0000648612   0.0000680996
 8431   0.0000197440  -0.0000315582   0.0000390773   0.0000190639  -0.0000215267
 8432   0.0001093635   0.0000630980   0.0000434151  -0.0000005583   0.0000415768
 8433  -0.0000229785   0.0000525354  -0.0000034518   0.0000280713  -0.0000004192
 8434   0.0000070232   0.0000223051   0.0000086324  -0.0000069584   0.0000047729
 8435  -0.0000098885   0.0000132103  -0.0000190413  -0.0000218795  -0.0000138648
 8436  -0.0000031401   0.0000107379   0.0000186779  -0.0000023051   0.0000108858
 8437   0.0000106560   0.0000078305  -0.0000003961   0.0000135397   0.0000039780
 8438   0.0000048686   0.0000066134   0.0000107236   0.0000050974  -0.0000061505
 8439  -0.0000067988  -0.0000127752  -0.0000017809  -0.0000343876   0.0000151597
 8440   0.0000012622  -0.0000077032   0.0000180265  -0.0000020732  -0.0000003201
 8441   0.0000042514   0.0000059309  -0.0000109654   0.0000176380  -0.0000011941
 8442   0.0000018783   0.0000006582   0.0000006046  -0.0000027451  -0.0000105944
 8443   0.0000339392   0.0000006252  -0.0000066663  -0.0000009693   0.0000359920
 8444  -0.0000204412   0.0000105046  -0.0000007004  -0.0000066060  -0.0000013007
 8445  -0.0000054489  -0.0000040368  -0.0000014243   0.0000008425  -0.0000010035
 8446  -0.0000004201  -0.0000000626   0.0000007325   0.0000017342   0.0000009367
 8447  -0.0000004035  -0.0000002499  -0.0000005231   0.0000008146
 85 1  -0.0094537564  -0.0097836411   0.0251016851   0.0299009406   0.0393833649
 85 2   0.0588343061   0.0596892061   0.0424715258  -0.0462600077  -0.0363220633
 85 3  -0.0060827976  -0.0006173353  -0.0195760528   0.0099904241   0.0040446907
 85 4   0.0235830288  -0.0004842488   0.0204663087   0.0148888463  -0.0581540712
 85 5   0.1099565016   0.0798972085   0.0390166331  -0.0798892183  -0.0233919418
 85 6   0.0268719589   0.0892580646   0.0625960893  -0.0308956989   0.1549227226
 85 7   0.1734840465  -0.1069960408  -0.0595356158   0.0445894865   0.0160909632
 85 8   0.0892181315  -0.1177967520   0.0228112384   0.1359583624   0.1611179140
 85 9  -0.0491829063   0.0052977386   0.0762131847  -0.0371856208   0.0469152657
 8510   0.0822504252   0.1278709803  -0.0164259290   0.0577965274   0.0310929352
 8511  -0.0288238144   0.0660910094  -0.0446120928   0.0323161304  -0.0523478021
 8512  -0.0365887618   0.0129711330   0.0637909597  -0.0177539155  -0.0908634434
 8513   0.0542729681   0.0757334987  -0.0197692513   0.0996414110   0.0882848737
 8514   0.0804414417  -0.0562089180  -0.0211332444   0.0713921656   0.0463147513
 8515   0.0139415969   0.0067776051   0.0066275599   0.0055000857   0.0564708444
 8516   0.0221466329   0.0386564343   0.0129256544  -0.0272650803  -0.0730674960
 8517  -0.0372194550  -0.0882724956  -0.0366254823  -0.0923970364   0.0815053514
 8518  -0.0270118310  -0.0094486339   0.0460852680   0.0501269209  -0.0073662086
 8519  -0.0559221623   0.0278487232   0.0022727539   0.0420275545  -0.0136462056
 8520  -0.0121952043  -0.0311941306   0.0707636674   0.0560620290   0.1038232432
 8521  -0.0221681927   0.0869186293   0.1341857701   0.0459114353   0.0388802665
 8522   0.0235751868  -0.0013714259   0.0073783119  -0.0402716395   0.0182049833
 8523  -0.0457954167  -0.0528985885   0.0136298510  -0.0254500408  -0.0372067221
 8524  -0.0402499734  -0.0269172178   0.0375577576   0.0124145303   0.0025748518
 8525   0.0043903061   0.0087319339   0.0131914034   0.0034497806  -0.0073272612
 8526  -0.0096501985  -0.0004001866  -0.0009205890   0.0020088444   0.0033622899
 8527  -0.0073192410   0.0080720602  -0.0116341957   0.0016461073  -0.0042229026
 8528   0.0049688931  -0.0000048728  -0.0002122370   0.0001968552   0.0002136878
 8529  -0.0001866004  -0.0002382773   0.0003663409   0.0001019325   0.0001047849
 8530   0.0000596529   0.0002772382  -0.0000901904  -0.0000189560  -0.0000033453
 8531   0.0000883911  -0.0000267829   0.0000335903  -0.0000445401   0.0000092195
 8532  -0.0000076144  -0.0000176606   0.0000813326   0.0000055797   0.0000129766
 8533   0.0000319379  -0.0000228264   0.0000565208   0.0000090512  -0.0000068641
 8534  -0.0000004735  -0.0000012881   0.0000117016   0.0000138157   0.0000169671
 8535  -0.0000251707   0.0000049581   0.0000250295   0.0000173319   0.0000164790
 8536  -0.0000003576   0.0000026002  -0.0000207337   0.0000039964   0.0000052166
 8537  -0.0000004877   0.0000019723  -0.0000030930   0.0000010016   0.0000027185
 8538  -0.0000026776   0.0000092130  -0.0000080890   0.0000076171  -0.0000036897
 8539   0.0000243340  -0.0000006375   0.0000095240   0.0000048962  -0.0000053497
 8540   0.0000064705   0.0000018229   0.0000043189   0.0000030715   0.0000002360
 8541  -0.0000000177   0.0000025201   0.0000036747  -0.0000083013  -0.0000036420
 8542   0.0000191395  -0.0000137008   0.0000060068  -0.0000100885   0.0000059807
 8543   0.0000285980   0.0000079380   0.0000292978   0.0000016022   0.0000096676
 8544  -0.0000128209  -0.0000002406   0.0000029723   0.0000041711   0.0000018796
 8545   0.0000024966   0.0000003048   0.0000010841  -0.0000006611   0.0000002449
 8546  -0.0000001334  -0.0000001921  -0.0000001163  -0.0000000656   0.0000003279
 8547  -0.0000000158  -0.0000002889   0.0000001184  -0.0000000345
 86 1   0.0005435781  -0.0113106630   0.0148801943  -0.0172189537   0.0392834917
 86 2  -0.1044725059  -0.0443358095   0.0616199823  -0.0510214717   0.0832590342
 86 3  -0.0286312543   0.0181037776  -0.0168124345  -0.0120658875  -0.0381601156
 86 4   0.0498512281  -0.0208226349  -0.0078991787   0.0166674789  -0.1261583036
 86 5  -0.0915073260  -0.1050376948   0.0746722777   0.0152408447  -0.0077279218
 86 6   0.1638672742  -0.0714581688  -0.0213902927  -0.0159779076  -0.0465638950
 86 7   0.0311510069  -0.0014580228   0.0210019550   0.0209411525   0.0083863967
 86 8   0.0057203251  -0.0373091461   0.0472160416  -0.0350488859  -0.0579688075
 86 9   0.0410105150   0.0076783250   0.1002770102  -0.0732936672   0.0174897976
 8610  -0.0664356621  -0.1255015674   0.0500702855  -0.0167883960  -0.0136046569
 8611  -0.0394594546   0.0548302918   0.0291019043  -0.0504440585  -0.0343730906
 8612   0.0392432708  -0.0087225851  -0.0923255474  -0.0030357838   0.0814226096
 8613  -0.0226160311   0.0770954316  -0.0162641558  -0.0407772125  -0.0439221483
 8614  -0.0577430102   0.0449806834  -0.0200540879   0.1268345397  -0.0270692407
 8615  -0.0034443944   0.0115999444  -0.0044340761   0.0349894481  -0.0942880306
 8616   0.1536644920  -0.0224060388  -0.0115056757   0.0420896290  -0.0201776706
 8617   0.0919592281  -0.1175842681  -0.0478125628  -0.0726347860   0.0113095943
 8618  -0.0922961922  -0.1467556062   0.0376276708  -0.0037940657   0.0346521100
 8619  -0.0441053655  -0.0085028567  -0.0162065644  -0.0211298764   0.0464813085
 8620   0.0221992564   0.0178191945   0.0079327333   0.1065829954   0.0720262039
 8621  -0.0950233683  -0.0083003774  -0.1330293921  -0.1098329441  -0.0753369511
 8622  -0.0051308262  -0.0180747440  -0.0098541918  -0.0082058191   0.0411792345
 8623  -0.2583506493  -0.0647836888   0.0250877962  -0.0185247850  -0.0338545075
 8624  -0.0588217406   0.0028022087   0.0366888869   0.0119388679   0.0017328534
 8625   0.0087842185  -0.0086677605   0.0291043449   0.0054120652  -0.0066378302
 8626  -0.0092261342   0.0009800509  -0.0042015408  -0.0120272581   0.0094932071
 8627  -0.0094493147   0.0007057741  -0.0055776889  -0.0012605444  -0.0000516332
 8628   0.0027736879  -0.0008045715   0.0005598588   0.0006143533   0.0006528964
 8629   0.0001350400   0.0001704758   0.0000130076  -0.0000047760  -0.0000128624
 8630  -0.0000293852   0.0009719446   0.0002298356  -0.0000761709  -0.0001749186
 8631   0.0001176445  -0.0001134366   0.0001290034  -0.0000278101   0.0000157322
 8632   0.0000714605   0.0001474836   0.0000490570   0.0000189307   0.0000303395
 8633   0.0000267916  -0.0000067592   0.0001322501  -0.0000157727   0.0000052508
 8634   0.0000015903   0.0000195152   0.0000064232   0.0000079167   0.0000060573
 8635  -0.0000238054   0.0000046766  -0.0000037782  -0.0000175741   0.0000197454
 8636  -0.0000061267   0.0000018125  -0.0000186614  -0.0000010757   0.0000040177
 8637   0.0000031031   0.0000046517   0.0000010805   0.0000147631   0.0000142479
 8638   0.0000172389   0.0000086522   0.0000012049   0.0000071063  -0.0000187027
 8639   0.0000156998   0.0000033352   0.0000118589  -0.0000317283  -0.0000340913
 8640   0.0000061375  -0.0000029529   0.0000059302   0.0000002484   0.0000027412
 8641  -0.0000114339  -0.0000044393  -0.0000032992  -0.0000070675   0.0000003485
 8642   0.0000165345  -0.0000082940   0.0000177343  -0.0000104119   0.0000064338
 8643   0.0000402414   0.0000013762   0.0000200031   0.0000309126   0.0000170928
 8644  -0.0000624535   0.0000037481   0.0000019375  -0.0000000415   0.0000027804
 8645  -0.0000016473  -0.0000020755   0.0000008266   0.0000002226  -0.0000004485
 8646  -0.0000001828   0.0000002533   0.0000005054   0.0000000987   0.0000006590
 8647   0.0000004153  -0.0000005200   0.0000001574   0.0000006922
 87 1  -0.0224556662  -0.0231360516  -0.0918006178   0.0550942155  -0.0283953119
 87 2  -0.0147519292  -0.0622245455   0.0810620427   0.1116530585  -0.0496549334
 87 3   0.1091312931  -0.0284743283   0.0211124511   0.0413102665   0.0555686600
 87 4  -0.0792353427   0.1095619278   0.1485052829  -0.0490758357  -0.0472226813
 87 5   0.1005183556  -0.0140447661  -0.0809445989   0.0255881046  -0.0182561260
 87 6   0.0455446907  -0.0831243082  -0.0701449012   0.1256253110   0.0059413452
 87 7   0.0635049193  -0.1016276892   0.0241420243   0.0770896512  -0.0093622663
 87 8   0.0399343985  -0.0334674456  -0.0034804363   0.0242031531   0.0400076954
 87 9  -0.0546912627  -0.0147965222  -0.0084191242  -0.0500714365  -0.0103066515
 8710  -0.0319424497   0.0443496579   0.0849664949   0.0334568505  -0.0110052147
 8711  -0.0969849414   0.0040446146  -0.0214691471  -0.0186204113  -0.0155053927
 8712  -0.0084718542   0.0008527849   0.1249146909  -0.0161421777   0.0127124095
 8713   0.0324939247   0.0614205770  -0.0316007704   0.1419190758   0.0404791726
 8714  -0.0638965867  -0.0935620475  -0.0323616171   0.2709576978  -0.0491760451
 8715   0.0033770055  -0.0049699365  -0.0539006929   0.0658518740  -0.1902959137
 8716  -0.0815642654  -0.0283348226  -0.0172225338   0.0440409574   0.0976459667
 8717   0.1167757824   0.0712075991   0.0558996370   0.0196609715  -0.0538587783
 8718   0.0273278380   0.0301056954  -0.0772695386  -0.0257468040  -0.0016496173
 8719   0.0349492119   0.0164548212  -0.0344873262   0.0119761209   0.0222780791
 8720   0.0206812977   0.0011950070  -0.0086162794  -0.0320162494   0.0073009516
 8721   0.0707754074   0.0549508706  -0.0677308710  -0.0623346036  -0.0884216383
 8722  -0.0311648641   0.0475942966  -0.0293037065  -0.0203157178   0.0055224789
 8723  -0.0645252093  -0.0047664192  -0.0028369155  -0.0033005635  -0.0090055536
 8724   0.0086890065  -0.0006720535  -0.0021791404   0.0060312231   0.0034031558
 8725   0.0280471602   0.0032318782   0.0038881876  -0.0142441965  -0.0063214306
 8726   0.0036560305   0.0014918309  -0.0173729157  -0.0447163556   0.0400992512
 8727  -0.0028895017  -0.0324604314   0.0264449284  -0.0019448419   0.0123587118
 8728  -0.0071671871  -0.0008270040  -0.0002494275   0.0002378547   0.0001626189
 8729  -0.0004678572  -0.0000494140   0.0000918994   0.0000812122  -0.0000095373
 8730   0.0001648847   0.0002105914   0.0000647413  -0.0001402037   0.0000227224
 8731  -0.0000524770  -0.0000277305   0.0000004287  -0.0001045292  -0.0000115002
 8732   0.0000051382   0.0000302076   0.0000461706   0.0000014656  -0.0000041033
 8733   0.0000554928   0.0000258742   0.0000227813   0.0000256202  -0.0000266939
 8734  -0.0000404989  -0.0000087434  -0.0000056317  -0.0000119265  -0.0000090258
 8735  -0.0000373291   0.0000075819   0.0000143816  -0.0000165932   0.0000334744
 8736  -0.0000099319   0.0000096679  -0.0000136642   0.0000083250   0.0000058308
 8737  -0.0000067905   0.0000150007   0.0000048154  -0.0000031236  -0.0000037214
 8738   0.0000139306   0.0000193477  -0.0000138103   0.0000274614  -0.0000101842
 8739   0.0000132665  -0.0000072126   0.0000093728  -0.0000011486  -0.0000044794
 8740  -0.0000020833  -0.0000086164   0.0000360638  -0.0000032466  -0.0000104060
 8741  -0.0000123969  -0.0000017868   0.0000016676  -0.0000113718   0.0000021782
 8742   0.0000132289  -0.0000326435   0.0000116250   0.0000098199   0.0000116980
 8743   0.0000330765   0.0000108583   0.0000262060   0.0000044805   0.0000277473
 8744  -0.0000135427   0.0000039555   0.0000065090   0.0000050783   0.0000007144
 8745   0.0000034056  -0.0000004120   0.0000001083  -0.0000024725   0.0000005008
 8746  -0.0000006082  -0.0000003861   0.0000003713  -0.0000001333   0.0000000521
 8747  -0.0000006795   0.0000006583  -0.0000010134  -0.0000001516
 88 1  -0.0093036378  -0.0073628665   0.0389357393   0.0202521509   0.0393833649
 88 2   0.0588343061   0.0596892061   0.0424715258  -0.0462600077  -0.0363220633
 88 3  -0.0141337689   0.0013872670  -0.0165386371   0.0084993292   0.0032491873
 88 4   0.0012440733   0.0294706910   0.0134413641   0.0333244313  -0.0737480184
 88 5   0.0560755385   0.0272656692   0.0091277937  -0.0718191110   0.0358081945
 88 6   0.0238788248   0.0178263002   0.0444965742  -0.0024761934   0.0696100572
 88 7   0.1396942482  -0.0999001492  -0.0670963185   0.0844787408  -0.0013808984
 88 8   0.0901242515  -0.0649508662  -0.0878324788   0.0479319643   0.0364363688
 88 9   0.0036979577  -0.0063921296   0.0346611397   0.0204695816   0.0771808447
 8810  -0.0355013813   0.0317982065  -0.0134079072  -0.0381657791  -0.0151621104
 8811  -0.0220211057  -0.0108168517  -0.0101532076  -0.0838063404   0.0298568784
 8812   0.0242507569  -0.0350981670   0.0417569600  -0.0071988450  -0.1149265932
 8813   0.1180892623   0.0013216470   0.0108492026   0.0659497065   0.0924051551
 8814   0.0459403698   0.0033283838  -0.0346334208   0.0635408989   0.0370757806
 8815  -0.0104890317  -0.0014465385   0.0277050020   0.0025163571   0.1665517299
 8816   0.0803688962   0.0221263798   0.0181826664  -0.0159741957  -0.0216792277
 8817  -0.0501912503   0.0028695971  -0.0320119593  -0.0313845668  -0.0662467861
 8818  -0.0120593854  -0.0242905661  -0.0067260110   0.0042121810   0.0068027185
 8819   0.0083471559  -0.0195022690  -0.0004749770  -0.0424097087   0.0361358714
 8820   0.0408303094   0.0337423922  -0.0267428816   0.0590160155  -0.1638016422
 8821  -0.0335674263  -0.1516136672  -0.2013665128  -0.1071919360  -0.0910707998
 8822  -0.0514228579  -0.0183902889  -0.0334680977   0.1308778797  -0.0099550645
 8823  -0.0628086750   0.0409754609  -0.0077254127   0.0772889943   0.0592182387
 8824   0.0252805503   0.0845427154  -0.0828905066  -0.0184627973  -0.0047824889
 8825  -0.0182946085  -0.0245493480  -0.0092027052   0.0030021339   0.0182943141
 8826   0.0130327550  -0.0010544271   0.0041849385   0.0096209591  -0.0211954368
 8827  -0.0065933847   0.0097822929   0.0113242586  -0.0039622204   0.0017609291
 8828  -0.0042633032  -0.0004547306   0.0001768124  -0.0003101735  -0.0007017467
 8829  -0.0004010930   0.0000793641  -0.0000533119   0.0000266923   0.0000349636
 8830  -0.0000467970   0.0001006511   0.0000605870  -0.0000989645  -0.0000716243
 8831  -0.0000209811   0.0001345013   0.0000105853   0.0000488280   0.0000043205
 8832  -0.0000673244   0.0000877020  -0.0001435559   0.0000217447   0.0000053989
 8833   0.0000059804  -0.0000116387  -0.0000523423  -0.0000392968   0.0000308998
 8834  -0.0000229854  -0.0000198878  -0.0000127843  -0.0000622923   0.0000101587
 8835  -0.0000029797  -0.0000067747  -0.0000134533  -0.0000031413  -0.0000047741
 8836   0.0000075688  -0.0000095244   0.0000082996   0.0000021045  -0.0000118303
 8837  -0.0000056713  -0.0000067760   0.0000074999  -0.0000197185  -0.0000033213
 8838  -0.0000016840  -0.0000098439  -0.0000171406  -0.0000372671   0.0000174479
 8839  -0.0000204232   0.0000064388   0.0000005253   0.0000128622   0.0000257534
 8840  -0.0000014442   0.0000003074  -0.0000125770   0.0000007015   0.0000004655
 8841   0.0000034056   0.0000031321  -0.0000097696   0.0000020291  -0.0000093561
 8842  -0.0000100019   0.0000080501  -0.0000001908  -0.0000013512  -0.0000344268
 8843  -0.0000074730   0.0000254941  -0.0000117245  -0.0000117640  -0.0000229978
 8844   0.0000219715  -0.0000090034  -0.0000086033   0.0000016677  -0.0000025751
 8845   0.0000022341   0.0000028189  -0.0000011868   0.0000017617   0.0000005735
 8846   0.0000008128   0.0000000878   0.0000002399  -0.0000000309  -0.0000003230
 8847   0.0000002549  -0.0000001961   0.0000004906  -0.0000004634
 89 1   0.0027492646  -0.0064849538   0.0146772676  -0.0093377087   0.0393859429
 89 2  -0.0993955553  -0.0361049381   0.0419538441  -0.0514486475   0.0240589600
 89 3  -0.0214136277   0.0097823483  -0.0229038052  -0.0110709804  -0.0178665467
 89 4   0.0026573366   0.0039553687   0.0110946792  -0.0964953115  -0.0705777046
 89 5  -0.0226971329  -0.0603190382  -0.0237419033  -0.0130286447   0.0131053371
 89 6   0.0501520040  -0.0008864224  -0.0759229914   0.0248944635  -0.0541800625
 89 7  -0.2005870786   0.0355116043  -0.0309973209   0.1389002846   0.0376374251
 89 8  -0.0097903057  -0.0653493912  -0.0655575085  -0.0358818845  -0.0410148250
 89 9   0.0319963801  -0.0126235669   0.0472742485   0.0608920236   0.0277732871
 8910   0.0197717305   0.0855874580  -0.0025148234   0.0187126032   0.0050270519
 8911  -0.0118515949   0.0370689833  -0.0384423646   0.0539573945   0.0047041608
 8912  -0.0503478552   0.0200793943   0.0608106329  -0.0069119775  -0.0975842808
 8913   0.0121069029   0.0186534110  -0.0190949735   0.0398884987   0.0322412832
 8914   0.0823301498  -0.0335107405   0.0164263659  -0.0308274568   0.0303913764
 8915   0.0277130202  -0.0013820948  -0.0469765403   0.0206025684   0.0345624989
 8916  -0.2014955557   0.0325676007   0.0108624571  -0.0331092774  -0.0092502858
 8917   0.0129069050   0.0754837714   0.0348354761   0.0799397037   0.0901202639
 8918   0.0107674954   0.0303059747   0.0314246059  -0.0203381048  -0.0088173003
 8919  -0.0042005933  -0.0251164383  -0.0148781154  -0.0401215960  -0.0103064663
 8920  -0.0084060841   0.0205113102  -0.0463226254  -0.0976277588  -0.0407097992
 8921  -0.1116169993   0.0930414858  -0.1067978989  -0.0714057874   0.0177058460
 8922   0.0556243620   0.0667863752   0.0640422838  -0.0752761464  -0.0212072161
 8923  -0.0304358331  -0.0586700911  -0.0128986775  -0.1040402484  -0.0110940075
 8924  -0.1989385602   0.0071649104  -0.0687298429  -0.0037482137   0.0031501747
 8925   0.0247223495  -0.0206982237   0.0140645903  -0.0218103459   0.0095725826
 8926   0.0014894527  -0.0038884774   0.0070485961  -0.0019302503   0.0180228530
 8927  -0.0109980560   0.0018409145   0.0000117013  -0.0012102508   0.0041132893
 8928  -0.0028930928  -0.0010718180   0.0003482491   0.0001780799   0.0004630863
 8929  -0.0002308688  -0.0006232319   0.0005005112  -0.0000638021  -0.0000064270
 8930   0.0000642267  -0.0000511265  -0.0002636714  -0.0001552691   0.0001088469
 8931  -0.0000429289  -0.0001201090  -0.0000227372   0.0000271434  -0.0000131576
 8932   0.0000109455  -0.0001720981   0.0001193687   0.0000392478   0.0000137965
 8933   0.0000282939  -0.0000752947   0.0000469699   0.0000134237   0.0000043056
 8934  -0.0000134422  -0.0000116896   0.0000303939   0.0000851748  -0.0000082813
 8935   0.0000247705  -0.0000080480   0.0000430785   0.0000260996   0.0000130248
 8936  -0.0000002348  -0.0000100220  -0.0000320163  -0.0000057474   0.0000012417
 8937   0.0000010792   0.0000057052  -0.0000094108   0.0000056261   0.0000021051
 8938   0.0000119638  -0.0000033038   0.0000153680   0.0000081079  -0.0000036072
 8939   0.0000197350  -0.0000065682   0.0000213200   0.0000051167  -0.0000504801
 8940   0.0000159671   0.0000056552   0.0000122635   0.0000004215  -0.0000015678
 8941  -0.0000111965   0.0000069440  -0.0000022163  -0.0000011551   0.0000031512
 8942   0.0000140536  -0.0000114978   0.0000091841   0.0000049636   0.0000403131
 8943  -0.0000254266  -0.0000244546  -0.0000022426   0.0000099112   0.0000214020
 8944  -0.0000015617  -0.0000117721   0.0000052188   0.0000018438   0.0000065317
 8945   0.0000011599   0.0000045941   0.0000051009  -0.0000012665  -0.0000004765
 8946   0.0000003036  -0.0000000728  -0.0000000195  -0.0000002455   0.0000005296
 8947  -0.0000005601  -0.0000016598   0.0000002038  -0.0000005559
 90 1  -0.0032495003  -0.0109766677  -0.0533281875   0.0101696921   0.0186459971
 90 2   0.0247757303  -0.0568577187   0.0513033754   0.0805274691  -0.0313675197
 90 3   0.0394001131  -0.0116535385  -0.0063138725   0.0457124331   0.0178292524
 90 4   0.1455728638  -0.1453956152  -0.2288222021  -0.0293155046  -0.0702500056
 90 5  -0.0066202348   0.0475260962   0.1288014502  -0.0129308102   0.1411155535
 90 6  -0.1917448541  -0.1006791799   0.0822593228   0.1128130919  -0.0993250120
 90 7  -0.0605488059   0.1180867835   0.1081516965  -0.0885429530   0.0351873573
 90 8   0.0772944886   0.0275690517   0.0319191157   0.0154505697  -0.0399933041
 90 9  -0.0849023360  -0.0188255654  -0.0101204185   0.0567533038   0.1666872671
 9010   0.0096128993  -0.1082950663   0.0749103225   0.0563614459   0.0565867342
 9011  -0.0554430841   0.1012682013  -0.2012925691  -0.0364700209   0.2153582546
 9012   0.0815156315  -0.0645893298  -0.0030262964  -0.0412278243   0.0440222994
 9013  -0.0208660103  -0.0062517395  -0.0038364915   0.0593214217  -0.1140149982
 9014  -0.0045996465  -0.0013344045  -0.0212268636   0.0346615488  -0.0192489708
 9015   0.0046729031   0.0614501556  -0.0069414706  -0.0157509713   0.0855630378
 9016  -0.0218914424   0.0395415610  -0.0056010751  -0.0279371787  -0.0032406784
 9017   0.0153866061   0.0141457688  -0.0115735005  -0.0374700010   0.0157641427
 9018   0.0338751076   0.0546820980  -0.0140359391   0.0286057036  -0.0116859101
 9019  -0.0074629013   0.0005149622   0.0203015363   0.0076943314  -0.0464179080
 9020   0.0001981215  -0.0013592846   0.0194822651  -0.0048537658   0.0171271857
 9021   0.0021037759   0.0014460138  -0.0641151310  -0.0388205056  -0.0293193684
 9022   0.0067707221   0.0275384377  -0.0195404031   0.0104779914   0.0062817716
 9023  -0.0110635324   0.0068431006  -0.0003246270  -0.0023424490  -0.0011454630
 9024  -0.0015201343   0.0122166023  -0.0132772489   0.0001538426   0.0021884300
 9025  -0.0038696149  -0.0122003280   0.0038193770   0.0045150038   0.0102688948
 9026  -0.0038319956   0.0014431209   0.0035818709  -0.0026620623  -0.0176559140
 9027  -0.0338511168   0.0140588215  -0.0000015267  -0.0018990611   0.0057229110
 9028   0.0037802527  -0.0000325931  -0.0002977952   0.0001332376   0.0004487502
 9029   0.0002938111   0.0002251103  -0.0002896811  -0.0000883934  -0.0001114073
 9030   0.0001344745  -0.0006557798   0.0000988798   0.0001218659   0.0001399076
 9031  -0.0000530911  -0.0001408779  -0.0000759686  -0.0000968902  -0.0000081955
 9032  -0.0000278581  -0.0001145071   0.0001286161  -0.0000190995  -0.0000403093
 9033   0.0000462509   0.0000979373  -0.0000054450   0.0000417823  -0.0000390707
 9034   0.0000348191   0.0000151563   0.0000122058   0.0000242069   0.0000089821
 9035   0.0000035208   0.0000099051   0.0000037435  -0.0000236032   0.0000264239
 9036  -0.0000157598   0.0000222173  -0.0000056733   0.0000012037   0.0000197372
 9037   0.0000047561   0.0000003421  -0.0000083252   0.0000122150  -0.0000054772
 9038   0.0000016258   0.0000112110   0.0000147638   0.0000545064  -0.0000212039
 9039   0.0000159103  -0.0000030054  -0.0000084477   0.0000128374   0.0000141391
 9040  -0.0000049835  -0.0000048987   0.0000154273  -0.0000095288  -0.0000035239
 9041   0.0000086305  -0.0000023091   0.0000071563  -0.0000068531   0.0000105753
 9042   0.0000204958  -0.0000246049  -0.0000017843   0.0000018674   0.0000307377
 9043   0.0000120206  -0.0000233727   0.0000295309  -0.0000038144   0.0000104854
 9044  -0.0000019600   0.0000194871   0.0000057689  -0.0000035408   0.0000003631
 9045  -0.0000035517  -0.0000058173  -0.0000002248  -0.0000006214  -0.0000005090
 9046  -0.0000012130  -0.0000006056   0.0000000418   0.0000001779  -0.0000001018
 9047  -0.0000002210   0.0000017487  -0.0000006560   0.0000001477
 91 1   0.0037870681  -0.0173499143   0.0263579329   0.0049737298   0.0393833649
 91 2   0.0588343061   0.0596892061   0.0424715258  -0.0462600077  -0.0363220633
 91 3   0.0193596572   0.0024111650  -0.0217239681   0.0057422587   0.0027144404
 91 4  -0.0139925199   0.0618413641  -0.0029828897   0.0599594884  -0.0964814307
 91 5  -0.0207393125   0.0151183392  -0.0436111211   0.0208123593   0.0250920436
 91 6   0.0297851352   0.0378983604   0.0542980112  -0.0175439711   0.0192946895
 91 7  -0.0125010009  -0.0508982582  -0.0505802051   0.0771518897  -0.0551213667
 91 8   0.0913548352   0.0142894611  -0.1285723277   0.0523224494  -0.0764100790
 91 9   0.0125908907  -0.0243781479  -0.0196489121   0.0169011288   0.0957568189
 9110   0.0167904735   0.0913477105  -0.0042565767   0.0138466344   0.0143452769
 9111  -0.0058319959  -0.0459711720  -0.0000830291  -0.0612091146   0.1203423306
 9112   0.0271937708  -0.0514603062   0.0348075663  -0.0355405143   0.0533017931
 9113   0.0741566448   0.0636865808  -0.0305357635  -0.0370434460  -0.0253894961
 9114  -0.0436712460   0.0690286271  -0.0616952246  -0.0517825623   0.0157246326
 9115  -0.1259730642  -0.0525774173   0.0462121851  -0.0139691657   0.0807309897
 9116   0.2353255855  -0.0033112935   0.0068914035   0.0242508262   0.0127320232
 9117  -0.0027161508   0.1084294562   0.0025788068   0.0213909399  -0.0324018984
 9118  -0.0319842773  -0.0422361572  -0.0050961550  -0.0010300336   0.0106771084
 9119   0.0272035595  -0.0201462742   0.0463880983  -0.0378244985   0.0288760767
 9120   0.0318657464   0.0152470804  -0.0533186473  -0.0357093958  -0.0202013802
 9121   0.0824479594  -0.1926358355  -0.0932938024   0.0090691007   0.0130390580
 9122   0.0176174230   0.0267571397   0.0191828456  -0.0616938932  -0.0018624270
 9123   0.1448635100   0.0621960065   0.0036696611  -0.1102134781  -0.0200306537
 9124   0.0021222669  -0.1034664467   0.0853407691   0.0127728031   0.0037772609
 9125   0.0145950099   0.0255613732  -0.0059618779   0.0070180570  -0.0005444110
 9126  -0.0164735977   0.0016879559   0.0035611466  -0.0010980797   0.0118734919
 9127   0.0073795713  -0.0150931146  -0.0263424564   0.0016618887  -0.0004229707
 9128   0.0101159920  -0.0001869615  -0.0004881833   0.0005651725   0.0001251061
 9129  -0.0000355098  -0.0001206970   0.0001982125   0.0001326685  -0.0000156971
 9130   0.0000235110   0.0003993688   0.0002118435   0.0000026519  -0.0001154584
 9131  -0.0000036045  -0.0000716411  -0.0000632357  -0.0000605773   0.0000315804
 9132   0.0000205852  -0.0000486714   0.0000495033  -0.0000334619  -0.0000346151
 9133   0.0000172648   0.0000468939  -0.0000035850   0.0000317556   0.0000131124
 9134   0.0000233659   0.0000257376  -0.0000051171   0.0000235313  -0.0000000040
 9135  -0.0000006874   0.0000262306   0.0000133520  -0.0000150251   0.0000261141
 9136   0.0000016517   0.0000064295  -0.0000010674   0.0000055627   0.0000098329
 9137   0.0000046067   0.0000054849   0.0000084024   0.0000059382   0.0000008926
 9138  -0.0000006227   0.0000093424   0.0000003730   0.0000363296  -0.0000097390
 9139   0.0000241992   0.0000087444  -0.0000006783   0.0000286876  -0.0000004837
 9140  -0.0000022302   0.0000023118   0.0000030289  -0.0000024701   0.0000016406
 9141  -0.0000045762  -0.0000049177   0.0000085647  -0.0000088537   0.0000113557
 9142   0.0000068620  -0.0000153932  -0.0000042737   0.0000014177   0.0000228730
 9143   0.0000083728  -0.0000130847   0.0000205937   0.0000172511  -0.0000203855
 9144   0.0000001868   0.0000090720   0.0000049620   0.0000027592   0.0000007774
 9145   0.0000014025  -0.0000021029  -0.0000002481  -0.0000016142   0.0000002406
 9146  -0.0000006855  -0.0000005253  -0.0000001470  -0.0000001543   0.0000002433
 9147  -0.0000003485   0.0000009091   0.0000006135   0.0000005097
 92 1   0.0147184136   0.0018737242   0.0133775835  -0.0088616881   0.0394883940
 92 2  -0.0943186047  -0.0278740667   0.0222877059  -0.0518758234  -0.0351411143
 92 3  -0.0014431676  -0.0075975179  -0.0086461144  -0.0016924077   0.0015250823
 92 4  -0.0113583875   0.0108421117  -0.0272913564  -0.0986647319   0.0064753912
 92 5   0.0450273167  -0.0655046195  -0.0503515504  -0.0286716065  -0.0315975702
 92 6  -0.0700637230   0.0014589334  -0.0271599841  -0.0485966093  -0.0398111083
 92 7  -0.1079402380   0.0298593989  -0.1103264021   0.1023028043   0.0008252241
 92 8  -0.0007185626   0.0181376084  -0.0328834779   0.0107433018   0.1022406544
 92 9   0.0099955695   0.0219974478  -0.1114391799  -0.0565096768   0.0603781245
 9210   0.0144620667   0.0374117239   0.0209506042   0.0409982845   0.0102231081
 9211   0.0225813831  -0.0249690697  -0.0122000792   0.0177609202   0.0167383899
 9212   0.0046792916  -0.0308199908  -0.0671278420   0.0452867597   0.0317404519
 9213  -0.0130542823  -0.0985593798   0.0394030160   0.0297253587  -0.0141438848
 9214  -0.0386426642  -0.0029574896  -0.0541289978   0.0694165670  -0.0013801159
 9215   0.0089974805   0.0349003279   0.0292403163  -0.0077405221  -0.0034711034
 9216   0.0808228123  -0.0103602784  -0.0243025379  -0.0359816292  -0.0389662771
 9217  -0.0308234915  -0.0993458281  -0.0127723125  -0.1205968586  -0.1397807448
 9218  -0.0008279846  -0.0002575060  -0.0137576707  -0.0285470773  -0.0043025278
 9219   0.0247956701  -0.0260711948  -0.0501032616  -0.0176842182  -0.0026311478
 9220   0.0092599936   0.0115780603  -0.0333989305  -0.0287392894   0.0885467441
 9221   0.0249826075   0.2438971848   0.0974573464   0.0022895022   0.1240555090
 9222   0.0426218837  -0.0103152279   0.0323578747  -0.0029131422  -0.0194719047
 9223   0.0252270984   0.0886356361  -0.0255447793  -0.0730386039   0.0632889475
 9224  -0.0320286862   0.0730720086   0.0478856753   0.0518116182   0.0169056823
 9225   0.0416302320   0.0301827154  -0.0256109720   0.0096594108   0.0029157858
 9226  -0.0078256629  -0.0011160411   0.0093979697  -0.0076675938  -0.0126649950
 9227  -0.0128166657   0.0037988807  -0.0080062550  -0.0027921097   0.0006904361
 9228   0.0114241513  -0.0010536138   0.0002958974   0.0001392311   0.0000229528
 9229  -0.0004888265  -0.0004451252   0.0003034278  -0.0000017549   0.0000241472
 9230  -0.0000072726   0.0002282063  -0.0000572401  -0.0001421795  -0.0000178671
 9231  -0.0000512385  -0.0000225318  -0.0000022934   0.0000400191  -0.0000006661
 9232   0.0000213391  -0.0000825355   0.0000307879   0.0000200912   0.0000062471
 9233   0.0000084348  -0.0000520106   0.0000339437   0.0000114314   0.0000176342
 9234  -0.0000118303  -0.0000018357   0.0000015017   0.0000423575  -0.0000006152
 9235   0.0000064522  -0.0000055678   0.0000214042   0.0000145249  -0.0000048066
 9236  -0.0000038402  -0.0000083462  -0.0000219118  -0.0000039348  -0.0000073666
 9237  -0.0000006267  -0.0000052932  -0.0000000315   0.0000039067   0.0000036791
 9238   0.0000054313  -0.0000069125   0.0000085086  -0.0000134907   0.0000032164
 9239   0.0000103643   0.0000026926   0.0000102638   0.0000040313  -0.0000235343
 9240   0.0000052113   0.0000019397  -0.0000053768   0.0000000072   0.0000024651
 9241  -0.0000034054  -0.0000000840  -0.0000004426   0.0000013540   0.0000031556
 9242   0.0000072895   0.0000005871  -0.0000000126   0.0000033259   0.0000179210
 9243  -0.0000185250  -0.0000117123  -0.0000038631   0.0000062264   0.0000015646
 9244   0.0000008672  -0.0000104354  -0.0000011095   0.0000014684   0.0000039207
 9245   0.0000013020   0.0000032322   0.0000030448   0.0000006130  -0.0000001815
 9246   0.0000004712  -0.0000001991  -0.0000001580  -0.0000000875   0.0000006047
 9247  -0.0000004487  -0.0000006938  -0.0000000651   0.0000001965
 93 1   0.0572950533  -0.0296003865  -0.0198888780  -0.0057477680   0.0656873061
 93 2   0.0643033897  -0.0514908919   0.0215447080   0.0494018798  -0.0130801059
 93 3   0.0530870025   0.0021366028  -0.0346557223   0.0530852960   0.0154379150
 93 4   0.0430472108  -0.0335572712  -0.2193551137   0.0586549504   0.2060324712
 93 5   0.1023798709  -0.1495439911  -0.0135837943  -0.0397028992   0.0171503672
 93 6   0.2238082171  -0.0181088976   0.0713239403   0.0191890491   0.0000047290
 93 7   0.0157109713  -0.0206869510  -0.0507101454   0.0757169979  -0.0170065330
 93 8  -0.0844257651   0.0062631263  -0.0141386099   0.0361139018  -0.0567487103
 93 9  -0.0367605902   0.0217828305   0.0293677755   0.0071912464  -0.0319881761
 9310  -0.0200483117  -0.0214071697   0.0161515804  -0.0096734926   0.0138456244
 9311  -0.0362262279   0.0210941248   0.0890625682   0.1896569084   0.0181226243
 9312  -0.1801078939  -0.1627273270   0.0263926544   0.1543681616  -0.0616483447
 9313  -0.0942958400  -0.0191593160  -0.0002589686  -0.0766415118   0.1042697516
 9314  -0.0078084349   0.0692577998  -0.1409810773  -0.0052169368   0.0095221214
 9315  -0.0043126652  -0.0169215840   0.0008343012   0.0015768162  -0.0903109866
 9316  -0.0257137962  -0.0055588260   0.0021484661   0.0178200482  -0.0196872458
 9317   0.0072206284   0.0338571165  -0.0173749167  -0.0425419947   0.0495126464
 9318   0.0435175941   0.0640767544  -0.0333023845   0.0412441665  -0.0120841153
 9319  -0.0514751376  -0.0019835730   0.0204032077  -0.0049202450  -0.0457973346
 9320   0.0158126556   0.0081891524  -0.0218836036  -0.0094011118   0.0033539999
 9321   0.0339130218  -0.0630377640  -0.0784985869  -0.0210679911  -0.0965757898
 9322  -0.0017798860  -0.0143877084   0.0117045491   0.0391163158   0.0038971485
 9323   0.0271266888   0.0002906506  -0.0006171939  -0.0004029347   0.0095607434
 9324  -0.0063809930  -0.0002651172   0.0140658923  -0.0003192743  -0.0031207493
 9325  -0.0062576817  -0.0124167540   0.0228184442  -0.0193885291   0.0330898056
 9326   0.0114120798   0.0006020818   0.0048170123   0.0369239907   0.0279003294
 9327   0.0072237946  -0.0027508690  -0.0340176606  -0.0014868102   0.0118242354
 9328  -0.0072372314  -0.0000489501  -0.0002519073   0.0000176054   0.0005946931
 9329   0.0001772166   0.0003017856  -0.0003717324  -0.0002729737  -0.0001332747
 9330   0.0000566204  -0.0005128442  -0.0000448754   0.0000620925   0.0001756805
 9331  -0.0000527083  -0.0001563836   0.0000630962  -0.0000430701  -0.0000099611
 9332   0.0000486633  -0.0000288193   0.0000779511  -0.0000195349  -0.0000388409
 9333   0.0000450008   0.0000589890   0.0000764642   0.0000141445  -0.0000395175
 9334  -0.0000094740  -0.0000072126  -0.0000028494   0.0000646784  -0.0000004374
 9335   0.0000181524   0.0000083171  -0.0000026234  -0.0000327218  -0.0000037005
 9336  -0.0000122133   0.0000231914  -0.0000311300   0.0000039736   0.0000175716
 9337   0.0000051839   0.0000116130  -0.0000121174   0.0000099217   0.0000049097
 9338   0.0000143215   0.0000081264   0.0000042385   0.0000410476  -0.0000087828
 9339  -0.0000054552  -0.0000036360  -0.0000015162  -0.0000207336  -0.0000093876
 9340   0.0000013315  -0.0000043655   0.0000253984  -0.0000072885  -0.0000041657
 9341   0.0000054287   0.0000049650   0.0000009571  -0.0000006825   0.0000047677
 9342   0.0000110212  -0.0000082452   0.0000086711   0.0000134815   0.0000289643
 9343  -0.0000000822  -0.0000356918   0.0000128401  -0.0000035864   0.0000269567
 9344  -0.0000114492   0.0000132455   0.0000060832   0.0000000189   0.0000005925
 9345  -0.0000008991  -0.0000040258   0.0000001871  -0.0000009993  -0.0000002358
 9346  -0.0000009818  -0.0000004547   0.0000002767   0.0000002951  -0.0000002499
 9347  -0.0000006240   0.0000003246  -0.0000002778  -0.0000001857
 94 1   0.0076970631  -0.0183198416   0.0158948910  -0.0040909267   0.0393833649
 94 2   0.0588343061   0.0596892061   0.0424715258  -0.0462600077  -0.0363220633
 94 3   0.0422953086   0.0173375287  -0.0452552630  -0.0082963884  -0.0050877657
 94 4  -0.0294744756   0.0468271590   0.0096909407   0.0903935311  -0.1364005061
 94 5  -0.0370232861   0.0608554428  -0.0611527593   0.0722921475   0.0260193708
 94 6  -0.0398947045  -0.0300380333   0.0631995958  -0.0315786684  -0.1208023974
 94 7  -0.0518465482  -0.0323184487  -0.0828959421   0.0775263418  -0.0759938013
 94 8  -0.0301164472   0.0761870282  -0.0453492489   0.1638016206  -0.0553344042
 94 9  -0.0253914061  -0.0109244997  -0.0892135275  -0.0175379668   0.0398881897
 9410  -0.0533718709   0.0761524166   0.0712252181   0.0025338213   0.0333030671
 9411  -0.0639305396   0.0464599857   0.1029684458  -0.1221205141   0.0830563659
 9412  -0.0501038934  -0.1245977792  -0.0850978785  -0.1170010431  -0.0620194628
 9413   0.0210679416  -0.0101940361  -0.0155531827  -0.1021692848   0.0148265637
 9414  -0.0532266985   0.1320995170  -0.0449679603  -0.1559342041  -0.0055175083
 9415   0.0502827052  -0.0989594178   0.0733777328   0.0789438212  -0.0060689214
 9416   0.0259431768  -0.0675079038   0.0092764605   0.0598714436   0.0169447184
 9417  -0.0020415935   0.0900918887   0.0265864043   0.0254168202   0.0493713428
 9418   0.0011367598  -0.0437969024  -0.0141642371  -0.0027299055  -0.0161240092
 9419   0.0275779870   0.0241657377  -0.0090324577   0.0170118037  -0.0432398632
 9420  -0.0362439656  -0.0075154014   0.0393557510  -0.0614631462   0.0874527830
 9421  -0.0832157250   0.2244412503   0.1152013426   0.0307015239  -0.0038669817
 9422   0.0015845028  -0.0241317740  -0.0277905821  -0.0511031132  -0.0002447907
 9423  -0.0754711783  -0.0436705891  -0.0069248599   0.0574443406  -0.0072956872
 9424   0.0024075760   0.0482705662  -0.0282231169  -0.0071072587  -0.0013179728
 9425  -0.0101131535  -0.0130242570   0.0086730388   0.0010370601  -0.0020998632
 9426   0.0065468430   0.0005611714  -0.0063305261   0.0029489220   0.0003994712
 9427   0.0041774114   0.0096024528   0.0157569135   0.0005478026   0.0008452697
 9428  -0.0079797250   0.0009567782   0.0006433078  -0.0002903086   0.0004022499
 9429   0.0001625148   0.0003518377  -0.0005044387  -0.0002239202  -0.0000069579
 9430  -0.0000600415  -0.0002601357   0.0000648747  -0.0000154173   0.0000426585
 9431   0.0000277471  -0.0000389928   0.0000352624   0.0000751627  -0.0000233668
 9432   0.0000472131   0.0001033407  -0.0000065142   0.0000375966   0.0000109153
 9433  -0.0000055297  -0.0000070607   0.0000240592   0.0000130492   0.0000090071
 9434  -0.0000130040   0.0000069547   0.0000137941   0.0000095191  -0.0000052457
 9435   0.0000017979  -0.0000211039  -0.0000245488  -0.0000143570  -0.0000123424
 9436  -0.0000101416   0.0000024250  -0.0000019171  -0.0000109448  -0.0000026287
 9437   0.0000098589   0.0000056448  -0.0000108953   0.0000071021   0.0000076661
 9438   0.0000097002  -0.0000031838   0.0000190846  -0.0000162448  -0.0000059891
 9439  -0.0000151787  -0.0000214423  -0.0000057519  -0.0000423182  -0.0000038016
 9440  -0.0000019452  -0.0000040025   0.0000098820   0.0000016991   0.0000019046
 9441  -0.0000033024   0.0000011777  -0.0000078804   0.0000153842   0.0000025836
 9442   0.0000034100   0.0000017669   0.0000046540  -0.0000067723  -0.0000014401
 9443   0.0000082768  -0.0000085109  -0.0000189318  -0.0000012560   0.0000268575
 9444  -0.0000271664   0.0000014827  -0.0000052795  -0.0000092494   0.0000012986
 9445  -0.0000070159  -0.0000014181   0.0000009481   0.0000023308  -0.0000015011
 9446   0.0000001871   0.0000000615   0.0000005409  -0.0000001926   0.0000000562
 9447   0.0000000435  -0.0000005598  -0.0000007263   0.0000006321
 95 1   0.0222463590  -0.0020707350   0.0579761307   0.0071189041   0.0395908452
 95 2  -0.0892416542  -0.0196431954   0.0026215677  -0.0523029992  -0.0943411885
 95 3   0.0210360607  -0.0313759869   0.0354465957   0.0053931914   0.0086300099
 95 4  -0.0361759230   0.0038714871  -0.0466680753  -0.0470120571   0.0305710566
 95 5   0.0198850755  -0.0810305084  -0.0209315400   0.0091314611  -0.0856996502
 95 6  -0.1595211088  -0.0563659769   0.1120231006  -0.0318233405  -0.0509983366
 95 7  -0.0038182501   0.0047924539  -0.0326489958  -0.0408256773  -0.0507166778
 95 8   0.0937960610  -0.0368145178   0.1468805423  -0.0433514252   0.0646041049
 95 9   0.0387861956   0.0027543539  -0.0772387997  -0.0133868895  -0.0677591762
 9510  -0.0160381585  -0.1348304912  -0.0353550153  -0.0104228899  -0.0146281333
 9511   0.0132788808   0.0344379671  -0.0049665503  -0.0644829975  -0.0491670456
 9512  -0.0073284915   0.0165075906   0.0276107001   0.0583494403   0.0291638229
 9513   0.0138920503   0.0916968352  -0.0724552260   0.0568853553   0.0397564491
 9514   0.0413674252  -0.0904460299  -0.0610161050  -0.0473460476   0.0519987536
 9515  -0.1215608184   0.0197248964  -0.0497005317  -0.0686469120   0.0835936077
 9516   0.0454340835   0.0196103935   0.0492339767   0.0724729706   0.0788849755
 9517   0.0191208943   0.1459296345  -0.0623548844   0.0947612046   0.0391287027
 9518  -0.0096457681  -0.0653689565  -0.0257260182   0.0128018727  -0.0067910307
 9519   0.0128453243   0.0072439781   0.0353724100  -0.0247166501  -0.0440415455
 9520   0.0104670587   0.0277876998  -0.0113231316  -0.0117501805   0.1086602620
 9521  -0.0245837029   0.1502223508   0.1360214632   0.1053880442  -0.1088241873
 9522  -0.1178552770  -0.0850704317  -0.1007304269  -0.0320638515   0.0121911273
 9523  -0.0444830150   0.1121236259  -0.0104716990  -0.0357652695   0.0088529127
 9524  -0.0102870768   0.0131753215   0.0000828494  -0.0072615647  -0.0019440082
 9525   0.0003131027  -0.0062300341   0.0027535781   0.0094546052   0.0165112661
 9526  -0.0054840488   0.0012154503   0.0029363644   0.0105720362   0.0038644015
 9527   0.0045494001   0.0013920906  -0.0091645578  -0.0004950508   0.0047428832
 9528   0.0027606751   0.0013275531   0.0003266818  -0.0003564199   0.0000269058
 9529   0.0009750289   0.0006018421  -0.0007476184  -0.0003985273  -0.0000905594
 9530  -0.0000749255  -0.0003554377   0.0001992827   0.0002306973  -0.0000387519
 9531   0.0001155914   0.0000149862   0.0000525562  -0.0000337006  -0.0000783139
 9532   0.0002225866   0.0001279928   0.0000226250   0.0000186228  -0.0000041423
 9533  -0.0000526702   0.0000640152  -0.0000280888   0.0000041262  -0.0000302642
 9534   0.0000214865   0.0000312986   0.0000185498  -0.0000283805  -0.0000125223
 9535  -0.0000031825   0.0000129280  -0.0000416157  -0.0000261756  -0.0000229939
 9536  -0.0000085187   0.0000057617   0.0000272109  -0.0000026735  -0.0000016842
 9537   0.0000021868   0.0000068050  -0.0000063606   0.0000171659   0.0000044372
 9538   0.0000062945   0.0000206909   0.0000138782   0.0000007089  -0.0000086630
 9539  -0.0000089301  -0.0000190921  -0.0000038196  -0.0000444124   0.0000141904
 9540  -0.0000080767  -0.0000072161   0.0000151935   0.0000017730  -0.0000021598
 9541  -0.0000051983  -0.0000031549  -0.0000066641   0.0000088104   0.0000005836
 9542  -0.0000047954   0.0000046202   0.0000010856  -0.0000179072  -0.0000115367
 9543   0.0000531847  -0.0000185859  -0.0000117433   0.0000119091   0.0000551835
 9544  -0.0000296111   0.0000111502  -0.0000021711  -0.0000091819  -0.0000041609
 9545  -0.0000072271  -0.0000050165  -0.0000036457   0.0000015671  -0.0000009944
 9546  -0.0000002046   0.0000007803   0.0000006813   0.0000007063   0.0000001670
 9547   0.0000001071   0.0000000478  -0.0000004477   0.0000004599
 96 1   0.0454848151   0.0334018922  -0.0237638295  -0.0548817942   0.1127286152
 96 2   0.1038310492  -0.0461240651  -0.0082139594   0.0182762904   0.0052073078
 96 3   0.0868495252   0.0461680927  -0.1207112854   0.0302693238   0.0080653456
 96 4   0.0092019355   0.0913152757   0.0460888411   0.0378318104   0.0261133326
 96 5   0.0435799694  -0.0871609836   0.0242148636   0.0191594869  -0.0276296306
 96 6  -0.0574459821   0.0147337971   0.0129116359  -0.0575120607  -0.0540328576
 96 7  -0.1315057164  -0.0013236777   0.1560730898  -0.1080816239  -0.0445931402
 96 8   0.1284808603  -0.1299858203  -0.0623368744   0.0544617250  -0.0195367963
 96 9  -0.0466233999   0.0271183534   0.0280206095  -0.0052887645  -0.0171460058
 9610   0.0236213530   0.0038818319  -0.0715382789  -0.0096049359   0.0015407040
 9611   0.0421042055  -0.0059464587   0.0113397362  -0.2790710053  -0.0441279221
 9612  -0.0398110217   0.2679328893  -0.0456181941  -0.0015132238   0.1192859111
 9613  -0.0932729787  -0.0743632265   0.0139051729   0.0888384984   0.0075624786
 9614   0.0136533845  -0.0414742532  -0.0589903384  -0.0055644221   0.0799825116
 9615   0.0534509901   0.0722369015   0.0704363698   0.0836003445   0.0560090970
 9616  -0.0756701542  -0.0586167218   0.0067596438  -0.0083039309  -0.0674244433
 9617   0.0203207581  -0.0119329105   0.0134250616  -0.0385144320   0.0450506365
 9618   0.0244327114   0.0381272246  -0.0396875008   0.0160315123  -0.0085564816
 9619  -0.0097090804  -0.0050506724  -0.0086249770  -0.0094498641   0.0124529224
 9620   0.0037443680   0.0132463528  -0.0424180352  -0.0110072422   0.0162152546
 9621   0.0144615402  -0.0548524257  -0.0241866081   0.0280549498  -0.0439829758
 9622  -0.0182658135  -0.0468848762   0.0064172719   0.0471216681   0.0010102769
 9623   0.0215553873  -0.0086192341  -0.0000984210  -0.0129436680  -0.0075834562
 9624   0.0054366708  -0.0046783455  -0.0043731762  -0.0021479623   0.0031601413
 9625   0.0444568931  -0.0036755069  -0.0420637571   0.0060513906  -0.0114873042
 9626  -0.0087333998   0.0019049864   0.0028619005  -0.0197068129  -0.0224329316
 9627   0.0054833760   0.0064542176  -0.0139179726  -0.0007222523   0.0049492392
 9628   0.0274944708  -0.0001583660  -0.0000768066   0.0000599528   0.0007394166
 9629   0.0001581946   0.0003356094  -0.0002964548  -0.0000659914  -0.0000635845
 9630  -0.0000025183  -0.0006480971  -0.0000849558   0.0001887747   0.0002293897
 9631  -0.0000139480  -0.0001165069   0.0000936753  -0.0000120153   0.0000121231
 9632   0.0001605869  -0.0000816646   0.0002175290   0.0000008745   0.0000269797
 9633   0.0000169428   0.0000413986   0.0000625373   0.0000295011   0.0000018545
 9634   0.0000265845   0.0000702190   0.0000167707   0.0000250286  -0.0000073374
 9635  -0.0000033662  -0.0000107598   0.0000395979  -0.0000100380  -0.0000143828
 9636  -0.0000158756   0.0000106549  -0.0000003487   0.0000019449   0.0000190525
 9637   0.0000143434   0.0000106072   0.0000019474   0.0000228604  -0.0000006098
 9638   0.0000096490   0.0000082173   0.0000116345   0.0000311618  -0.0000154864
 9639   0.0000054836   0.0000057710   0.0000225075  -0.0000576529  -0.0000046876
 9640   0.0000077714  -0.0000165681   0.0000151246  -0.0000023753  -0.0000049906
 9641  -0.0000007840  -0.0000065731  -0.0000058674   0.0000109504   0.0000046158
 9642   0.0000119455   0.0000041078   0.0000124564   0.0000080425   0.0000134658
 9643   0.0000252572  -0.0000404693   0.0000060387  -0.0000015769   0.0000248902
 9644  -0.0000477258   0.0000090968   0.0000089930  -0.0000016719   0.0000047046
 9645  -0.0000017646  -0.0000026328   0.0000025673  -0.0000019815  -0.0000012113
 9646  -0.0000008558  -0.0000010992   0.0000002172   0.0000001511  -0.0000008406
 9647   0.0000001559  -0.0000005428  -0.0000003421   0.0000029882
 97 1  -0.0115842742  -0.0137972506   0.0291150465   0.0091281836   0.0392946396
 97 2   0.0544375369   0.0525610607   0.0595029050  -0.0458900625   0.0149467168
 97 3  -0.0340875441   0.0021479850  -0.0163924381  -0.0040005705  -0.0071116633
 97 4   0.0063234288   0.0005978621  -0.0372791706   0.0966060171  -0.0566404062
 97 5   0.0473379388   0.0381671895   0.0472724463  -0.0798612526   0.0329720899
 97 6  -0.0759477581   0.0107523941  -0.0434645016   0.0585377603   0.1643692796
 97 7   0.1110852023  -0.1411732438   0.0227120988   0.0268607301   0.0202828521
 97 8   0.0662699495   0.0054582553  -0.0985089367   0.0223564123   0.0227345468
 97 9   0.0177852134   0.0068928476  -0.1274412745   0.0458083805   0.0773517296
 9710  -0.0524941609  -0.1194381443  -0.0590953448  -0.0635184116  -0.0239649965
 9711  -0.0859566915   0.0469561576   0.1655803405   0.0262145675  -0.1153919304
 9712   0.0162431209  -0.0354279808   0.0103820206   0.0628185991   0.1402707266
 9713  -0.0096925962   0.0217129000   0.0444630488   0.0634857461  -0.2042042245
 9714   0.0137110063  -0.0667185904  -0.0020118423   0.0224831116  -0.1036890797
 9715   0.0553024625   0.1272973672   0.0014930069   0.0010600678  -0.0794986309
 9716   0.0930005541  -0.0132524430   0.0043359905   0.0390063611   0.0258686119
 9717   0.0334938665   0.0442499918  -0.0308071733  -0.0233982355   0.0185439203
 9718   0.0134927378   0.0356358929  -0.0403626289   0.0058812331  -0.0114907482
 9719  -0.0489550974  -0.0012396333   0.0130568619   0.0187273705  -0.0419111099
 9720  -0.0577273865  -0.0040767574   0.0026505665  -0.0842379863   0.0354877515
 9721  -0.0787321306   0.0517405920  -0.0709911526  -0.0105779305   0.1418902367
 9722   0.1087538752   0.0056875177   0.0290377195  -0.0478884916  -0.0389698194
 9723   0.0411136902   0.0530283002  -0.0126551901  -0.0484046581   0.0394308960
 9724   0.0018812795  -0.0263488491  -0.0505680505  -0.0339934766  -0.0039637145
 9725   0.0069249069  -0.0185125642  -0.0067512542   0.0171477087   0.0065999794
 9726   0.0089150021  -0.0007590495   0.0065075629  -0.0142773856   0.0017674046
 9727   0.0101037655  -0.0094766740   0.0100432127  -0.0013170745   0.0045407719
 9728  -0.0108790492  -0.0002340333   0.0001138359   0.0001134138  -0.0000890787
 9729   0.0006178418  -0.0001204672   0.0001355742  -0.0000815835   0.0000148855
 9730  -0.0000505312   0.0006002188   0.0002245106   0.0000456514  -0.0001092943
 9731   0.0000476373  -0.0000522716   0.0001105063   0.0000147441  -0.0000500141
 9732   0.0000717677   0.0001106697  -0.0000156517  -0.0000298328  -0.0000097082
 9733  -0.0000614784  -0.0000354912   0.0000515739  -0.0000147407  -0.0000174428
 9734   0.0000044051   0.0000025188   0.0000173872   0.0000085251  -0.0000150370
 9735  -0.0000010897  -0.0000010050  -0.0000104901  -0.0000017492  -0.0000049646
 9736  -0.0000000635   0.0000075270  -0.0000080616  -0.0000000735  -0.0000034309
 9737   0.0000030579   0.0000109524  -0.0000044873   0.0000122030   0.0000082032
 9738   0.0000030096   0.0000091201  -0.0000054926   0.0000023108  -0.0000053629
 9739   0.0000047145  -0.0000084412  -0.0000019311  -0.0000232594  -0.0000126502
 9740  -0.0000048224   0.0000009446   0.0000115985  -0.0000006519   0.0000017456
 9741  -0.0000070170  -0.0000052749  -0.0000007493   0.0000048338  -0.0000026243
 9742  -0.0000076290   0.0000043419   0.0000044322  -0.0000027167  -0.0000031232
 9743  -0.0000029612  -0.0000118859  -0.0000070019   0.0000175203   0.0000229587
 9744  -0.0000271136   0.0000009200   0.0000000685   0.0000005739  -0.0000014381
 9745   0.0000000101  -0.0000012806  -0.0000016113   0.0000005527   0.0000001836
 9746  -0.0000000184  -0.0000001489   0.0000001950  -0.0000000050  -0.0000002678
 9747  -0.0000001043  -0.0000008374  -0.0000002662  -0.0000000488
 98 1   0.0088067435  -0.0245299850   0.0085044451  -0.0053795057   0.0393347173
 98 2  -0.1019340306  -0.0402203738   0.0517869132  -0.0512350596   0.0536589971
 98 3  -0.0213845631   0.0149797901  -0.0250147261  -0.0170537791  -0.0257751776
 98 4   0.0086113979  -0.0048355836   0.0151432627  -0.0622364822  -0.0202622531
 98 5   0.0212785959  -0.0245619887   0.0454796257  -0.0090407274   0.0024567524
 98 6   0.1078202117  -0.0182456094  -0.0281274980   0.0104677176  -0.0566914053
 98 7  -0.0954818544   0.0423778673   0.0333268914   0.0386278616   0.0849051934
 98 8  -0.0438509308  -0.0483682394   0.0914262686   0.0249507695  -0.0340866113
 98 9  -0.0377715934  -0.0176355945   0.0398573679   0.0074409791  -0.0276151090
 9810   0.1164740572   0.0198156829   0.0543918870   0.0493039137   0.0287323388
 9811  -0.0207894343   0.1762448636  -0.0011644011   0.0439587229  -0.0137823885
 9812   0.0098260566   0.0394978811   0.0905738433  -0.0452963301   0.0630632251
 9813   0.0040830706   0.0755338258  -0.0415636976  -0.0689104940   0.0711763353
 9814   0.0803063796  -0.1217234350   0.0196175935  -0.0306852043   0.0913896526
 9815  -0.0170444078  -0.0649184480   0.0972915068   0.0545200308  -0.1813780962
 9816   0.1117100278   0.0110913812  -0.0089452331  -0.0247071230  -0.0039308085
 9817   0.0159705070   0.0320865768   0.0055689693  -0.0234803665   0.0249074635
 9818  -0.0322842455  -0.0676482670   0.0523338178  -0.0498051327   0.0141869914
 9819  -0.0356757958  -0.0179505418  -0.0173545269  -0.0005422059   0.0356146759
 9820  -0.0018383503  -0.0041330029  -0.0314411961  -0.0106867008   0.1401483803
 9821   0.0499358688  -0.0424254151  -0.0894014520   0.0280623065   0.0763937057
 9822   0.0403408281  -0.0334169294  -0.0099185093   0.0031519634  -0.0377938104
 9823   0.1836699639   0.1321601768  -0.0126908787   0.0485049859   0.0667872714
 9824   0.1306656134   0.0000348488  -0.0290520676  -0.0259901236  -0.0047966599
 9825  -0.0099901013  -0.0255553082  -0.0289815105   0.0107238833   0.0080996547
 9826   0.0139502387   0.0005152933   0.0053707321  -0.0000531521  -0.0189230837
 9827   0.0178773621  -0.0030067777   0.0098681042   0.0002864587  -0.0005733678
 9828  -0.0068607361   0.0004935672  -0.0004440531  -0.0002165980  -0.0002403982
 9829   0.0001465001   0.0000237737  -0.0001463956  -0.0001942541  -0.0001133278
 9830   0.0000340742   0.0001329007   0.0001053133   0.0000028321  -0.0000251622
 9831  -0.0000412966  -0.0000323193   0.0000283016  -0.0000423224  -0.0000400767
 9832   0.0000566186   0.0000224849  -0.0000432836  -0.0000225586  -0.0000114007
 9833  -0.0000050894   0.0000102216   0.0000204991   0.0000078589  -0.0000221870
 9834   0.0000091044  -0.0000153118  -0.0000285173   0.0000012684  -0.0000133647
 9835   0.0000028999   0.0000010479  -0.0000045962  -0.0000274616   0.0000014148
 9836  -0.0000067484   0.0000141081  -0.0000197958   0.0000070105   0.0000029833
 9837  -0.0000020070  -0.0000028601   0.0000004575  -0.0000009957  -0.0000017786
 9838   0.0000044907   0.0000062583  -0.0000141987   0.0000116611   0.0000057902
 9839  -0.0000082380   0.0000041353  -0.0000038787   0.0000096946   0.0000098777
 9840  -0.0000026164   0.0000000912   0.0000063825  -0.0000049003   0.0000012353
 9841   0.0000118519  -0.0000039975   0.0000023010  -0.0000023581  -0.0000003026
 9842  -0.0000028852  -0.0000014191  -0.0000031222   0.0000060360   0.0000028779
 9843  -0.0000002390   0.0000042309   0.0000025854  -0.0000105962   0.0000011547
 9844   0.0000165743   0.0000042169  -0.0000011346   0.0000034159  -0.0000020071
 9845   0.0000025277  -0.0000015882  -0.0000016494   0.0000006968   0.0000006735
 9846  -0.0000002049  -0.0000008200  -0.0000000717   0.0000002824  -0.0000002272
 9847  -0.0000001546   0.0000005819  -0.0000000818  -0.0000003956
 99 1  -0.0260093876  -0.0346553122  -0.0258403619   0.0414862315   0.0145465499
 99 2  -0.0672667023  -0.0235905429   0.0674366045   0.1129530015  -0.0416910118
 99 3   0.0372937807   0.0151765091  -0.0115480626   0.0197172507   0.0034753161
 99 4   0.0497174963  -0.0144902501   0.0753377919  -0.0489407381  -0.1119706786
 99 5  -0.0915791335  -0.0846120963  -0.0454835410   0.0014083899   0.0732242080
 99 6   0.0019968251  -0.0233853082   0.1396916941  -0.0960929217   0.2048393254
 99 7   0.0098674329  -0.0741082643   0.0209306728   0.0182382254   0.0548244520
 99 8  -0.0383260387  -0.0499692703  -0.0058189145   0.0257144907   0.0136266216
 99 9  -0.0159256623  -0.0309621198  -0.0008681139  -0.0803134222  -0.0384635026
 9910  -0.0879364672  -0.0664151069  -0.0394971576   0.0414786982  -0.0215370731
 9911  -0.0378972064  -0.0674230399   0.0153436125   0.0040779888  -0.0953191268
 9912  -0.0285255696  -0.0267620906   0.0056736516   0.0029115879   0.0687463689
 9913  -0.0477210556  -0.0785500643   0.0891773685  -0.1033762274  -0.0399225602
 9914   0.0747026861  -0.0130383591   0.0145153405  -0.2675599420   0.0101803990
 9915  -0.0540485477   0.0729107360   0.0479572763  -0.0045881630   0.1043679751
 9916   0.0388536629   0.0479348081   0.0039738605  -0.0093169211   0.0194535969
 9917  -0.0694966006   0.0289039254   0.0584203827   0.0019032329   0.0085740852
 9918   0.0073040067   0.0244685329  -0.0091617920  -0.0123073099  -0.0415408536
 9919   0.0266456971   0.0188220701  -0.1027271549   0.0048619006   0.0474874893
 9920   0.0537358445  -0.0199000404   0.0235819855  -0.0100081524   0.1460400574
 9921   0.0414895337   0.0493982482  -0.1751475531  -0.0442467843  -0.0988005532
 9922  -0.0142929414   0.0884695888  -0.0173946583  -0.0741146027   0.0268989649
 9923  -0.0018236340   0.0740112689   0.0224508563   0.0186794093  -0.0133352726
 9924  -0.0124015276   0.0116808725  -0.0059436027   0.0070370554   0.0058187293
 9925   0.0600237428  -0.0811836124   0.0277283603  -0.0256667886  -0.0362700249
 9926  -0.0242089391  -0.0016627225  -0.0034559351   0.0479452156  -0.0021862737
 9927   0.0477952161   0.0066946416  -0.0394273563   0.0074436443  -0.0206075361
 9928   0.0065584871   0.0009424537  -0.0007548091   0.0002721212  -0.0000770881
 9929  -0.0004626599  -0.0000256884   0.0001109919  -0.0001024513  -0.0000778415
 9930   0.0001135800  -0.0000477240  -0.0001136809  -0.0001011824  -0.0000040191
 9931  -0.0000522617   0.0000872872  -0.0000527526  -0.0000629929  -0.0000232114
 9932   0.0000061000  -0.0000383619   0.0000189553   0.0000066188   0.0000065244
 9933   0.0000405781  -0.0000131470  -0.0000580822  -0.0000066965   0.0000135733
 9934  -0.0000440888  -0.0000062141   0.0000361133  -0.0000212303   0.0000028005
 9935  -0.0000009736  -0.0000032506   0.0000240964  -0.0000052639  -0.0000013930
 9936   0.0000027674  -0.0000104952   0.0000036095   0.0000093494   0.0000015413
 9937  -0.0000099802   0.0000014030   0.0000033205  -0.0000069746  -0.0000124532
 9938   0.0000008682   0.0000131458  -0.0000152445   0.0000133953  -0.0000021382
 9939   0.0000142002  -0.0000007924   0.0000209555   0.0000223780  -0.0000001035
 9940   0.0000117638  -0.0000045308   0.0000148702   0.0000069305  -0.0000065809
 9941  -0.0000014641  -0.0000039031   0.0000012954  -0.0000054325  -0.0000009870
 9942   0.0000051992  -0.0000150880   0.0000001057  -0.0000094687  -0.0000087929
 9943   0.0000102378   0.0000061901   0.0000010621   0.0000000597   0.0000166176
 9944   0.0000129712   0.0000006808   0.0000031000   0.0000048293  -0.0000001206
 9945   0.0000038816   0.0000009361   0.0000003442  -0.0000012170   0.0000005828
 9946  -0.0000000782  -0.0000005009  -0.0000000575  -0.0000002422   0.0000001087
 9947   0.0000004947  -0.0000012728   0.0000005927  -0.0000003231
100 1   0.0033052672  -0.0191008164   0.0079270310  -0.0063635518   0.0392946396
100 2   0.0544375369   0.0525610607   0.0595029050  -0.0458900625   0.0149467168
100 3  -0.0166891224  -0.0027993045  -0.0132871330   0.0036975498   0.0001880645
100 4  -0.0342671364   0.0203769800  -0.0267548971   0.0725430364  -0.0570632620
100 5   0.0407340554   0.0046301800  -0.0314787346  -0.0028422759   0.0048572691
100 6  -0.0082975758  -0.0299284493  -0.0387085519  -0.0191643074   0.0659410884
100 7   0.0859732132  -0.1174862776  -0.0074100766   0.0747161665   0.0907350702
100 8  -0.0175651377  -0.0148185880  -0.1406185733  -0.0261662745  -0.0461773170
100 9   0.0470634950  -0.0048965142  -0.0855919583   0.0550976075   0.1076488880
10010  -0.0329564423  -0.0878192063  -0.0703047746  -0.0247765126   0.0019889944
10011  -0.0596715892   0.0237714325  -0.0329133513   0.0100516316  -0.0330094606
10012   0.0140249100   0.0082615434   0.0145165840   0.0117831904   0.0484944095
10013  -0.0265856823   0.0317484527  -0.0499319702   0.0274635007  -0.0778594434
10014   0.0281830107   0.0211483163   0.0536392827  -0.0575479665  -0.0104724637
10015   0.0683783046   0.0428280801  -0.0431527418   0.0225268241  -0.0549311745
10016  -0.1752642360   0.0382841014  -0.0226625137  -0.0494026224   0.0087578213
10017   0.0272731364   0.0244779643   0.0244383709   0.0678463232   0.1011717050
10018   0.0160431216   0.0047081170   0.0534808818  -0.0176936363   0.0264460084
10019  -0.0563052456  -0.0464713828   0.0314406691  -0.0359346924   0.0056190254
10020   0.0163264764   0.0104528701  -0.0365301360   0.0400239963   0.0602466881
10021   0.0975436070   0.0099838247   0.1206659495  -0.0096145053  -0.0661714134
10022  -0.1019790384  -0.0243259843   0.0245252352   0.0065850640  -0.0140317323
10023   0.0860866736  -0.0700046351  -0.0182461661   0.0928075185  -0.0167993577
10024   0.0326298376   0.0523303080   0.0996806036   0.0593120356   0.0088138921
10025  -0.0080440732   0.0672187548  -0.0028785415  -0.0097761918  -0.0066688916
10026  -0.0052023515   0.0017681172  -0.0161496199  -0.0044016571  -0.0070993992
10027  -0.0179285158   0.0026154163   0.0125049672  -0.0000375990  -0.0044097090
10028   0.0205138745  -0.0007206394   0.0001363008   0.0003464097  -0.0000089795
10029  -0.0005603856  -0.0002025200   0.0002179955   0.0001620486   0.0000468790
10030   0.0000185978   0.0000084247  -0.0001305236  -0.0001013247   0.0000176716
10031  -0.0000893237  -0.0000217066  -0.0000612266   0.0000356996   0.0000549139
10032  -0.0000817307  -0.0000724904   0.0000028348   0.0000204762   0.0000038128
10033   0.0000288774  -0.0000270090   0.0000219734   0.0000070238   0.0000268151
10034  -0.0000004319  -0.0000093063  -0.0000184031   0.0000308313  -0.0000169813
10035   0.0000006263  -0.0000031726   0.0000179642   0.0000132983   0.0000114602
10036   0.0000021593  -0.0000029879  -0.0000063872  -0.0000062550  -0.0000008606
10037   0.0000030089  -0.0000101128   0.0000017391  -0.0000027442   0.0000011894
10038   0.0000023140  -0.0000115761   0.0000060813  -0.0000021931   0.0000009984
10039   0.0000002280   0.0000031364  -0.0000014786   0.0000195937  -0.0000082462
10040   0.0000002747   0.0000053522  -0.0000068292  -0.0000036856   0.0000036241
10041   0.0000064936   0.0000009702   0.0000054043  -0.0000067514   0.0000018728
10042   0.0000068360  -0.0000022236  -0.0000034990   0.0000050664   0.0000137622
10043  -0.0000164403   0.0000053245   0.0000012442  -0.0000034015  -0.0000249117
10044   0.0000135025  -0.0000046910   0.0000018693   0.0000006208   0.0000028136
10045   0.0000004717   0.0000016970   0.0000024603  -0.0000007339  -0.0000001291
10046  -0.0000000259  -0.0000003927  -0.0000002947   0.0000000891   0.0000003851
10047   0.0000004259   0.0000005869   0.0000001185  -0.0000001055
101 1   0.0077016650  -0.0084175063   0.0158371715  -0.0014397100   0.0394371684
101 2  -0.0968570800  -0.0319895024   0.0321207750  -0.0516622354  -0.0055410772
101 3  -0.0319674018  -0.0054018215  -0.0153777241   0.0008025174  -0.0068857961
101 4  -0.0249947887   0.0141432419  -0.0034566615  -0.1076166621   0.0176394155
101 5   0.0876628623  -0.0499925687   0.0107477768  -0.0527929578   0.0138025306
101 6  -0.0235377584   0.0324818349  -0.0632631705  -0.0007098526  -0.0561015624
101 7  -0.0451751806   0.0394960621  -0.0299643463   0.0674605196   0.0730117085
101 8   0.0237582742  -0.0860515746  -0.0550713294  -0.0072339884   0.0877687642
101 9  -0.0927732133  -0.0063087096  -0.0181569236   0.0127564591   0.0569371952
10110  -0.0353730733   0.0277726971  -0.0115798805  -0.0447816560   0.0095180592
10111  -0.0369204157   0.0346021752  -0.0800412047   0.0090602935   0.0106381295
10112   0.0013487170  -0.0208420843   0.0867903850   0.0202274297  -0.0457854619
10113   0.0067679319  -0.1069890949   0.0322228824  -0.0985519424  -0.0174368641
10114   0.0343545656   0.0466925125  -0.0053769854   0.0097644766  -0.0451573025
10115   0.1525809804   0.0387027006  -0.0429884386   0.0244667738   0.0512940737
10116  -0.1777722193  -0.0001529543   0.0307861211   0.0607745958  -0.0112533809
10117   0.0044642365  -0.0513268353  -0.0527527406   0.0063015403  -0.0639132024
10118  -0.0116314854  -0.0287353044  -0.0140793400  -0.0048408303  -0.0056477691
10119   0.0602195448   0.0018989473  -0.0517758047  -0.0304106337  -0.0060823345
10120  -0.0029144883   0.0228874710  -0.0516855423   0.0070747919  -0.0600929762
10121  -0.1257233703   0.2556081876  -0.0590495545  -0.0142793387  -0.0574927643
10122  -0.0071660615  -0.0053563022  -0.0310631013  -0.0497964984   0.0130510408
10123   0.0942565595  -0.0042592900   0.0169756700   0.0692881334  -0.0473868553
10124   0.1345174035  -0.0931269676   0.0564880906  -0.0179692802  -0.0042573844
10125  -0.0077993140  -0.0025398884   0.0039151803   0.0029041332  -0.0083204417
10126  -0.0056820386   0.0038298421  -0.0056886434  -0.0090622552   0.0057928758
10127   0.0142833685  -0.0083425222   0.0040085061   0.0041631266  -0.0036010684
10128   0.0033848347   0.0013319726  -0.0003675820   0.0002177442   0.0003076472
10129   0.0004613436   0.0003165688  -0.0003038145  -0.0002315820  -0.0001537694
10130   0.0000073939  -0.0000756830   0.0000260851   0.0001623380  -0.0000077293
10131   0.0000465946  -0.0000597605  -0.0000972757  -0.0000721890  -0.0000454641
10132   0.0001532724   0.0000453785   0.0000254947  -0.0000599955  -0.0000338223
10133   0.0000105432   0.0000247164   0.0000169772   0.0000315461  -0.0000263292
10134   0.0000349778   0.0000162040  -0.0000286679   0.0000049598  -0.0000029248
10135  -0.0000050723   0.0000078271  -0.0000110399  -0.0000480914   0.0000118533
10136  -0.0000076262   0.0000168064   0.0000001682   0.0000017606   0.0000127068
10137   0.0000009013   0.0000045949   0.0000040764   0.0000043022   0.0000007770
10138   0.0000023175   0.0000115613   0.0000079389   0.0000353198  -0.0000181096
10139   0.0000015956   0.0000052194  -0.0000110482   0.0000035893   0.0000096276
10140  -0.0000101913  -0.0000024133   0.0000053364  -0.0000038737  -0.0000011422
10141   0.0000010520  -0.0000004796   0.0000087969  -0.0000082018   0.0000165804
10142   0.0000016690  -0.0000082832  -0.0000035974  -0.0000002471   0.0000135730
10143   0.0000313913   0.0000023535   0.0000116434  -0.0000023794   0.0000010191
10144   0.0000073627   0.0000181721   0.0000030501  -0.0000016048   0.0000003636
10145  -0.0000014691  -0.0000054626   0.0000005501  -0.0000007131  -0.0000002654
10146  -0.0000009414  -0.0000001120   0.0000001938   0.0000000125   0.0000004244
10147  -0.0000001490   0.0000009445   0.0000002170   0.0000004890
102 1   0.0112156901  -0.0366925764   0.0132408862  -0.0082385062   0.0615878590
102 2  -0.0277390429  -0.0182237161   0.0376779372   0.0818274122  -0.0234035980
102 3  -0.0162073439  -0.0035219497  -0.0180561931   0.0343592590   0.0017982886
102 4   0.0245235507  -0.0687384226  -0.1315349801   0.0489485775  -0.0182406817
102 5  -0.1556879953   0.0394915789  -0.1580695282  -0.1042278442  -0.0528746459
102 6  -0.0982502877   0.1610120020  -0.1794770767   0.0603184949  -0.0542666408
102 7  -0.0367017083  -0.1853822124  -0.0762041864  -0.0730771524  -0.0481545253
102 8  -0.0666783389  -0.0047954597   0.0260073504  -0.0290356258   0.0050888157
102 9  -0.1016929135   0.0118267782   0.0888240736  -0.0175823776   0.0181415200
10210   0.0173914579  -0.0323820065   0.0363881379   0.0047232689   0.0314385583
10211   0.0470391271  -0.0586365983  -0.0261197640  -0.1520790928  -0.1380423753
10212   0.0345852738   0.0796072837   0.0260623774   0.0365678935   0.0826958622
10213   0.2136172529  -0.0015053559  -0.0883482208  -0.0877633103   0.1265499090
10214  -0.0069394586   0.1546538116   0.1242661497  -0.0445546782  -0.0584437827
10215  -0.0029791666  -0.0469914017   0.0178660043  -0.0327959283  -0.0998295451
10216   0.0335187506   0.0021358425  -0.0088897620   0.0102935339   0.0238813731
10217   0.0026382009   0.0035971119  -0.0303024290  -0.0437362278   0.0112869426
10218   0.0438300885   0.1022282953  -0.0393189852   0.0296321762  -0.0503675684
10219  -0.0245689946  -0.0112703719   0.0321689652   0.0034974959  -0.0432489674
10220   0.0131045391   0.0093742939  -0.0302317736  -0.0138511442   0.0129868019
10221  -0.0077456151   0.0756159752  -0.1083477916  -0.0052914822   0.0032066500
10222  -0.0295129862   0.0190879226   0.0240653716  -0.0325045286   0.0011731846
10223   0.0006569310   0.0270777667   0.0021090731   0.0048208598   0.0039972926
10224  -0.0194677012   0.0055627342   0.0104572229   0.0004873751  -0.0014038982
10225  -0.0001337791  -0.0216146406  -0.0175822827   0.0091191347   0.0236737458
10226   0.0150473138  -0.0021501483   0.0075773063  -0.0307861855  -0.0231834006
10227   0.0180709044   0.0115516408   0.0488904271   0.0002343815  -0.0003464376
10228  -0.0036823085   0.0006056735   0.0001101377   0.0000177781   0.0001558285
10229   0.0003355191   0.0001472283  -0.0002683996  -0.0000212815   0.0000207291
10230  -0.0000134370   0.0001391301   0.0002329163   0.0000698829  -0.0000842262
10231   0.0000582578  -0.0000739120   0.0000207592  -0.0000268843  -0.0000092061
10232   0.0000204211   0.0000513189   0.0000021250   0.0000115983  -0.0000669176
10233   0.0000032638   0.0000313143   0.0000190573   0.0000053106  -0.0000020032
10234   0.0000128707   0.0000163641   0.0000164564   0.0000276288   0.0000010695
10235   0.0000043335   0.0000078712  -0.0000342361  -0.0000114583  -0.0000143655
10236  -0.0000132535   0.0000069384  -0.0000174585  -0.0000000337  -0.0000017487
10237   0.0000017367   0.0000003293  -0.0000007994   0.0000101543   0.0000052819
10238   0.0000019676   0.0000095569   0.0000076591   0.0000119383  -0.0000054018
10239   0.0000067353  -0.0000026890   0.0000014354  -0.0000072698   0.0000044094
10240  -0.0000008120  -0.0000040180   0.0000027872   0.0000015942  -0.0000040089
10241  -0.0000021321  -0.0000011461  -0.0000001150   0.0000008699   0.0000029913
10242   0.0000031696  -0.0000052983   0.0000004082  -0.0000085951   0.0000086574
10243   0.0000117157  -0.0000275596   0.0000101633   0.0000120103   0.0000091538
10244  -0.0000068903   0.0000050163  -0.0000013230  -0.0000040078  -0.0000019897
10245  -0.0000034444  -0.0000024737  -0.0000024144   0.0000010938  -0.0000005656
10246   0.0000000221   0.0000004807  -0.0000000232  -0.0000003396  -0.0000000281
10247  -0.0000003836   0.0000002399  -0.0000002654   0.0000003685
103 1   0.0162032110  -0.0449945203  -0.0054232930  -0.0146890513   0.0392946396
103 2   0.0544375369   0.0525610607   0.0595029050  -0.0458900625   0.0149467168
103 3   0.0157168074   0.0062630684  -0.0036605388  -0.0121870601  -0.0018694647
103 4  -0.0481816768   0.0013129644  -0.0185556884   0.0580650813  -0.0837062580
103 5   0.0231137522   0.0119572752  -0.0586496441   0.0828801377   0.0261109863
103 6  -0.0582028266  -0.0794891817  -0.0182167451  -0.0487319598  -0.0061605549
103 7  -0.0437948469  -0.0528510439   0.0006216648   0.0067041120   0.0919609143
103 8   0.0302679430   0.0223998729  -0.1159114504   0.0697064030  -0.0117235504
103 9   0.0351006475   0.0028962389  -0.0465438983   0.0291451013   0.0726669038
10310  -0.0369951070   0.0472680547   0.0603973659  -0.0027397516   0.0098962568
10311  -0.0287644370  -0.0147256441  -0.0065791110   0.0710053396  -0.0388108899
10312   0.0638258762  -0.0607454557  -0.0321361196   0.0655246104   0.0630598894
10313  -0.0382241618  -0.0518333573  -0.0484333570  -0.0666119133   0.0586167181
10314  -0.0570590352   0.0011493498   0.0672547374  -0.0195390684   0.0980290494
10315  -0.0087281900   0.0803287896  -0.0712948036   0.0098746260  -0.0836589915
10316  -0.1309464264   0.0212439461  -0.0290151919  -0.1035454660  -0.0229563705
10317  -0.0022211235  -0.1101730763   0.0208179511  -0.0233335665  -0.0205518241
10318   0.0103094858   0.0149234461   0.0321566467  -0.0093213336   0.0262158045
10319  -0.0161635362  -0.0247341750  -0.0200283448  -0.0076204990   0.0047451657
10320   0.0291649607   0.0025360379  -0.0482896539   0.0208741840  -0.0314341362
10321   0.1015712572   0.0715444836   0.1649102989   0.1759483526  -0.0279341389
10322  -0.0601065375  -0.0278073933  -0.0654012929   0.1166931683   0.0532910657
10323  -0.1566482727   0.0995498726   0.0358487209  -0.0618500967  -0.0061927454
10324   0.0044503704  -0.0400842129  -0.0864411429  -0.0471339899  -0.0104293222
10325  -0.0089208352  -0.0522298311   0.0116408160  -0.0012911983   0.0093379717
10326   0.0003172111  -0.0009265445   0.0138698142   0.0123469296   0.0024490923
10327  -0.0011711461  -0.0017506971  -0.0114283114   0.0004077293   0.0024771775
10328  -0.0352612352   0.0008671637   0.0001384231  -0.0002819406  -0.0000960892
10329   0.0005041154   0.0003045394  -0.0002721626  -0.0000136422   0.0000295711
10330  -0.0000878533  -0.0001559215   0.0001782672   0.0000647733  -0.0000371877
10331   0.0000746558   0.0000319077   0.0000533917  -0.0000074750   0.0000033974
10332   0.0000108636   0.0000568229   0.0000061165   0.0000108829  -0.0000029252
10333  -0.0000119437   0.0000476070  -0.0000431450  -0.0000181091  -0.0000145292
10334   0.0000139646   0.0000328373   0.0000136924  -0.0000340672   0.0000015158
10335   0.0000026957   0.0000101332  -0.0000216915  -0.0000016242  -0.0000042121
10336   0.0000047349   0.0000044688   0.0000278739  -0.0000046125   0.0000012691
10337   0.0000040700   0.0000030307   0.0000007960   0.0000078804  -0.0000036835
10338  -0.0000036275   0.0000028681   0.0000069932  -0.0000028401  -0.0000015859
10339   0.0000023668  -0.0000039719  -0.0000098256  -0.0000208451   0.0000143558
10340  -0.0000039899   0.0000000589   0.0000002117   0.0000016202  -0.0000032867
10341  -0.0000046276  -0.0000035594  -0.0000064972   0.0000029140  -0.0000110673
10342  -0.0000104389   0.0000067963   0.0000001328  -0.0000065024  -0.0000192682
10343   0.0000140615  -0.0000057310  -0.0000035317   0.0000136575   0.0000043379
10344  -0.0000259624   0.0000052073  -0.0000020108  -0.0000054609  -0.0000037693
10345  -0.0000045044  -0.0000021729  -0.0000033860   0.0000008570  -0.0000008251
10346  -0.0000000698   0.0000011968   0.0000003553  -0.0000001547   0.0000002249
10347  -0.0000001704   0.0000000643  -0.0000001026   0.0000002074
104 1   0.0145058692   0.0048976373   0.0480050060  -0.0022588803   0.0395396196
104 2  -0.0917801294  -0.0237586311   0.0124546368  -0.0520894113  -0.0647411514
104 3  -0.0050250132  -0.0255562706   0.0190923975   0.0101483868   0.0147798766
104 4   0.0145375061   0.0512272237  -0.0339171459  -0.0815758452   0.0213059339
104 5   0.0610757051  -0.0857919501  -0.0226817814  -0.0168564489  -0.0130929757
104 6  -0.1157928107   0.0214975613   0.0423839197  -0.0414296245   0.0411772887
104 7   0.0483015684   0.0699126045  -0.0307390513   0.0709923325  -0.0088899486
104 8   0.1041976811   0.0196116361  -0.0329527278  -0.1159986373   0.0325601733
104 9  -0.0168408702  -0.0045937344   0.0077777608  -0.0245940567   0.0423737596
10410   0.0679734446  -0.0640077407  -0.1010668815   0.0098158381  -0.0004255356
10411  -0.0188937686  -0.0560027170  -0.0212639963   0.0179476456   0.0125604219
10412   0.0366920053   0.0542470283   0.0248919452   0.0567955504   0.0290093285
10413  -0.0219433735  -0.0016765463  -0.0476507118  -0.0452123497   0.0386545077
10414  -0.0698880156   0.0156519575  -0.0568524151   0.1082444228   0.0684540033
10415  -0.0822042450   0.0375529239   0.0613949275  -0.0259727863   0.0241236656
10416   0.2517016687  -0.0108224198  -0.0234209357  -0.0583551650   0.0002926085
10417  -0.0108440306   0.0680047759   0.0542045632  -0.0102855140   0.0175864952
10418  -0.0095230948   0.0173958473   0.0032384831  -0.0204749921  -0.0097588042
10419  -0.0111962551  -0.0200264201   0.0333859098  -0.0086463124   0.0001938238
10420   0.0094420573  -0.0030517139  -0.0464010890  -0.1021061371  -0.0015720770
10421   0.0401247028   0.0713480536   0.0300455649   0.1063493667   0.0856918528
10422   0.1817205309   0.0796254885   0.0772805091  -0.0798783168   0.0039861761
10423  -0.0873800451  -0.2293297927   0.0238806095   0.1068906141  -0.0549567140
10424   0.0301548405   0.0043618304  -0.0485027321  -0.0227096472  -0.0066174712
10425  -0.0225192653  -0.0268012333   0.0116329390  -0.0066034776   0.0012988588
10426   0.0166574704   0.0015569240  -0.0163614763  -0.0055489335  -0.0065413064
10427  -0.0049734132   0.0055809029   0.0215088433   0.0026573007  -0.0019894361
10428  -0.0200942063   0.0003090405  -0.0003215416  -0.0000142180   0.0005286803
10429   0.0000785042   0.0003388463  -0.0002471290  -0.0000285068  -0.0000633994
10430   0.0001208563  -0.0004087842  -0.0000842765   0.0000175415   0.0000876479
10431  -0.0000559962  -0.0000417861  -0.0000107618  -0.0000177849   0.0000089272
10432  -0.0000578924   0.0000148669   0.0000324690  -0.0000090142   0.0000202558
10433   0.0000287646  -0.0000056867   0.0000134656  -0.0000116591  -0.0000279909
10434  -0.0000064681  -0.0000107116  -0.0000140095   0.0000050585  -0.0000154694
10435   0.0000028526  -0.0000080939  -0.0000017947  -0.0000167849   0.0000109586
10436   0.0000013233   0.0000145281   0.0000041083   0.0000018382   0.0000136884
10437   0.0000015159   0.0000079924  -0.0000099708  -0.0000014740  -0.0000050212
10438   0.0000053875   0.0000005527   0.0000004393   0.0000236866  -0.0000102401
10439  -0.0000053727  -0.0000063070  -0.0000081294  -0.0000140210  -0.0000046930
10440  -0.0000030343  -0.0000029474   0.0000160958  -0.0000042465  -0.0000021199
10441   0.0000020958  -0.0000000371   0.0000003767  -0.0000029210   0.0000022402
10442   0.0000048936  -0.0000046869   0.0000058259   0.0000126161   0.0000031501
10443  -0.0000066594   0.0000085230   0.0000024340  -0.0000029297   0.0000064679
10444  -0.0000049051   0.0000086153   0.0000049037  -0.0000000875  -0.0000001128
10445  -0.0000011375  -0.0000026219  -0.0000001445  -0.0000009738  -0.0000002219
10446  -0.0000006961  -0.0000001353   0.0000003216  -0.0000000851   0.0000000899
10447   0.0000001337  -0.0000002152  -0.0000001296  -0.0000005161
105 1   0.0241843600   0.0194012910   0.0123707490  -0.0451545437   0.1086291680
105 2   0.0117886165  -0.0128568893   0.0079192698   0.0507018228  -0.0051161843
105 3  -0.0325398861   0.0050521706  -0.0169773291   0.0094232567   0.0157905961
105 4  -0.0568257380  -0.0209773667   0.0624416052  -0.0043768248   0.0255062188
105 5  -0.0563235570   0.0946108512   0.0110660952  -0.1576453137  -0.2637975422
105 6   0.0114105024  -0.2468586769   0.0615331169  -0.0007183386   0.1236735160
105 7  -0.0763186983   0.0074983841  -0.0368293490   0.0615235373   0.0465779801
105 8  -0.0151832222   0.1140703946  -0.0154238680   0.0069659960  -0.0548913574
105 9  -0.1231384413   0.0358092380   0.0941603102   0.0205051675   0.0280457647
10510   0.0129674429  -0.0046439155   0.0114374488   0.0067484461   0.0055065619
10511  -0.0300419871  -0.0949144741   0.0134494604   0.0036726911  -0.0180355247
10512   0.1014600212   0.0104290224   0.0500518532  -0.0678461343  -0.2603107780
10513  -0.0312392653   0.0827617293   0.0817229707  -0.1190534281  -0.1653466730
10514  -0.0266350558  -0.1484513061   0.0522002456   0.0717918152   0.1065102678
10515  -0.0314619485   0.0137230186  -0.0277431068  -0.0300369610  -0.0378926709
10516  -0.0152111596  -0.0359181013   0.0279545328   0.0413593327  -0.0068893275
10517   0.0000754456  -0.0084076935  -0.0142205428  -0.0271535437   0.0204293311
10518   0.0017731751   0.0676677073  -0.0402063741   0.0229469934  -0.0142813868
10519  -0.0200458635  -0.0106646168   0.0260368289  -0.0060205902  -0.0186430893
10520   0.0260233841   0.0241096113  -0.1031627681   0.0098726972   0.0637777355
10521   0.0063111632   0.0097529518   0.0009824094   0.0744382975  -0.0240066565
10522  -0.0133806334  -0.0079128901   0.0059629770  -0.0107223387  -0.0032907326
10523   0.0029220257   0.0014782271   0.0052949870  -0.0023619247   0.0029758353
10524   0.0048827605   0.0050582518  -0.0069051388   0.0048943799   0.0015690949
10525   0.0058115268   0.0302591649   0.0146750483   0.0095792741   0.0344880525
10526  -0.0095275363   0.0002366275  -0.0000801461  -0.0086889483  -0.0098552007
10527  -0.0160364572  -0.0317049203  -0.0076769456   0.0058275107  -0.0137825467
10528  -0.0067166405  -0.0000759079   0.0004732075   0.0003626397   0.0001527712
10529  -0.0008128191  -0.0003273228   0.0002362443   0.0002011501   0.0001299266
10530   0.0000050395   0.0002922358  -0.0001526015  -0.0002696647   0.0000220431
10531  -0.0000743751  -0.0000702389  -0.0000618270   0.0000640765   0.0000545589
10532  -0.0001084155  -0.0000286918  -0.0000619397   0.0000187958  -0.0000906908
10533   0.0000770266  -0.0000922278   0.0000468584  -0.0000217378  -0.0000012994
10534  -0.0000610562  -0.0000177056  -0.0000161659   0.0000425668  -0.0000141091
10535  -0.0000022100  -0.0000079217   0.0000006089   0.0000041026   0.0000262975
10536  -0.0000051582   0.0000022065  -0.0000516301  -0.0000111375  -0.0000035853
10537   0.0000025265  -0.0000004376  -0.0000072340  -0.0000122475  -0.0000056267
10538   0.0000072803  -0.0000198627   0.0000160439  -0.0000096142   0.0000030607
10539  -0.0000015453  -0.0000023363   0.0000042133   0.0000216911  -0.0000079827
10540   0.0000057741   0.0000086171   0.0000057537  -0.0000039705   0.0000058391
10541   0.0000095123   0.0000088015   0.0000012762   0.0000035531  -0.0000001419
10542   0.0000076201  -0.0000070927  -0.0000000664   0.0000138090   0.0000033307
10543  -0.0000282814  -0.0000050905   0.0000029184  -0.0000174481  -0.0000141421
10544   0.0000357640  -0.0000074764  -0.0000011371  -0.0000019022   0.0000027542
10545  -0.0000007200   0.0000037781   0.0000028227  -0.0000003964  -0.0000005883
10546   0.0000002797  -0.0000003706  -0.0000003074  -0.0000012147   0.0000015934
10547   0.0000001980  -0.0000003446   0.0000000873  -0.0000011513
106 1   0.0238229349  -0.0613567670  -0.0160207379  -0.0140699105   0.0392946396
106 2   0.0544375369   0.0525610607   0.0595029050  -0.0458900625   0.0149467168
106 3   0.0209504511  -0.0018059932   0.0111854902  -0.0054043610  -0.0080470943
106 4  -0.1310041436  -0.0616965822  -0.0584756714   0.0519161439  -0.0868530319
106 5   0.0184466748  -0.0373366450  -0.0974021640   0.1777743893   0.0594176765
106 6  -0.0606828826  -0.0506784128   0.0040617031  -0.0304973047  -0.0071460588
106 7  -0.0830320792   0.0560892350  -0.0392499574   0.0323737924   0.0776335276
106 8   0.0251449610   0.0655607734   0.0288932089   0.1133407040   0.0631998687
106 9  -0.0336540499   0.0385733629  -0.0224861632   0.0952135440   0.0071363891
10610  -0.0733447639   0.0051816743   0.0969916781  -0.0508517177  -0.0207655798
10611   0.0111814576  -0.0223387894  -0.1225418805  -0.0037300968  -0.1406468325
10612   0.0795161071   0.0360675555   0.0428678612   0.0403806489   0.0109889632
10613  -0.1361746180   0.0448383804  -0.0619174502  -0.0438713201   0.0554412150
10614  -0.0411282689  -0.0899425725  -0.0352538889  -0.0636660628   0.1327170374
10615  -0.1641185676   0.0210173299   0.0153953122  -0.0271098441   0.0228504400
10616  -0.1216796827  -0.0159979536   0.0017374304  -0.0722739510   0.1099076583
10617  -0.0062057328  -0.0680705753  -0.0457162245   0.0108688194  -0.0322081759
10618  -0.0495647547  -0.0230915612  -0.0328653892   0.0041962691  -0.0150334717
10619   0.0358521560   0.0413229407  -0.0155583808   0.0365219267  -0.0126898789
10620  -0.0219315755  -0.0239994967   0.0060812109   0.0151089524  -0.0329422784
10621  -0.0896898843  -0.1248932492  -0.1481943634  -0.1166548001   0.0343667426
10622   0.0500917282   0.0429658998   0.0339059544  -0.0399832590  -0.0258084927
10623   0.0776238151  -0.0668521415  -0.0180504737   0.0179620155   0.0035990473
10624  -0.0070207754   0.0081883159   0.0308514755   0.0148902732   0.0033119703
10625   0.0059976857   0.0034580594  -0.0110005185   0.0009099094  -0.0087678605
10626   0.0057212138   0.0001375139  -0.0012718585   0.0008736303   0.0117351097
10627   0.0016432578  -0.0009576425   0.0026326828   0.0002592689   0.0006075306
10628   0.0256922380  -0.0004931250   0.0001329479   0.0000692042   0.0001552056
10629  -0.0001415103   0.0001124058  -0.0000786333   0.0000268166  -0.0000198435
10630   0.0000216490  -0.0001837917  -0.0000457757   0.0000106073   0.0000506366
10631  -0.0000166570  -0.0000156089  -0.0000312527   0.0000283654   0.0000011238
10632  -0.0000082843   0.0000126264   0.0000100735   0.0000076055  -0.0000087113
10633  -0.0000034702   0.0000129934  -0.0000057063   0.0000108168   0.0000047634
10634   0.0000010506  -0.0000132359  -0.0000068310  -0.0000060117  -0.0000130619
10635   0.0000015550  -0.0000033493  -0.0000077483  -0.0000080906   0.0000033594
10636  -0.0000010548   0.0000032291   0.0000075677   0.0000008313   0.0000039497
10637   0.0000020033   0.0000039088  -0.0000017464  -0.0000082178   0.0000004492
10638   0.0000021996  -0.0000040756   0.0000030343   0.0000044516  -0.0000060705
10639  -0.0000041939  -0.0000018841   0.0000025911  -0.0000054461   0.0000036755
10640   0.0000004994  -0.0000080878   0.0000049726  -0.0000030722   0.0000003622
10641  -0.0000016784   0.0000075150  -0.0000025360   0.0000059234   0.0000105783
10642   0.0000076123  -0.0000031847   0.0000013037   0.0000070602   0.0000003899
10643   0.0000008277   0.0000080177  -0.0000004564  -0.0000028523   0.0000018916
10644   0.0000024024   0.0000030996   0.0000008513  -0.0000020603   0.0000022324
10645  -0.0000012811  -0.0000006522   0.0000017697  -0.0000001853   0.0000000187
10646  -0.0000002825  -0.0000003389   0.0000002631   0.0000001696  -0.0000007252
10647   0.0000000280  -0.0000000466  -0.0000003116  -0.0000000358
107 1   0.0246247568   0.0313640373   0.0964278457   0.0034335138   0.0396420707
107 2  -0.0867031789  -0.0155277597  -0.0072115014  -0.0525165871  -0.1239412257
107 3   0.0815309512  -0.0161105939   0.0075112434  -0.0035750998   0.0035159996
107 4   0.0043500808   0.0354226769  -0.0451951318   0.0615039080   0.0010793448
107 5   0.0346986731  -0.0445240406  -0.0347341909   0.0677975053  -0.0360790389
107 6  -0.1489767468  -0.0616144379   0.0309523832  -0.0338381841  -0.0381841125
107 7   0.0511796716  -0.0442756432   0.0528040951  -0.0107750069  -0.1046902464
107 8  -0.0291872406  -0.0205207552   0.1430034733   0.0048585342  -0.0508530812
107 9   0.0088396270  -0.0316071922   0.0839432865  -0.0247484829   0.0442167489
10710   0.0104141277   0.0253064471  -0.0644816275  -0.0080507376  -0.0059771710
10711  -0.0730035144   0.0397408238   0.1082471841  -0.0429028067   0.0659035670
10712  -0.0391613514   0.0249202491  -0.0287514640  -0.0164330766  -0.0171087165
10713   0.0861683627   0.0643805955  -0.0005361401   0.0112701090  -0.0405397866
10714   0.0160165633  -0.0293030755  -0.0232455912  -0.2347332003   0.0332070276
10715  -0.0164598494   0.0206021279  -0.1483418059   0.0003886487  -0.0972908748
10716  -0.1799953653   0.0026542721   0.0323144372   0.0481624398   0.0534934364
10717  -0.0317867115  -0.0701367564  -0.0371327837  -0.0362084662  -0.0645416776
10718   0.0303838886  -0.0207813917   0.0207155911  -0.0052974813   0.0114624358
10719   0.0329588436  -0.0156995472  -0.0620663610   0.0027929802  -0.0539967173
10720  -0.0041430029  -0.0009035387   0.0211883932   0.0732043624   0.0430095281
10721   0.0705867405  -0.0330489800   0.0130780172  -0.1230216633   0.1678807427
10722  -0.0183760384   0.1213239888   0.1485061458   0.2333296413   0.0021189405
10723  -0.0320348750  -0.0267659570   0.0136854252   0.0134717548  -0.0013522119
10724   0.0176520714  -0.0236798172  -0.0249578390   0.0081528925  -0.0013601520
10725  -0.0119644551  -0.0130749052  -0.0047865001  -0.0070092654   0.0004374150
10726   0.0016203022  -0.0002220147   0.0076800499   0.0036428762   0.0161372222
10727  -0.0110625141  -0.0017752916   0.0013909021   0.0017110482  -0.0037580579
10728  -0.0187301589   0.0002275235  -0.0006495672  -0.0002822524   0.0001493220
10729   0.0000849186  -0.0001062126   0.0000728370  -0.0000795723  -0.0001287057
10730   0.0000919228  -0.0007054189  -0.0003197041   0.0001541652   0.0001796476
10731  -0.0000243014   0.0000034675  -0.0000473203  -0.0000730973   0.0000094055
10732   0.0000443010  -0.0001429092   0.0000950023  -0.0000227584   0.0000221325
10733   0.0000242256  -0.0000102330  -0.0000265500  -0.0000053191  -0.0000284095
10734   0.0000123524   0.0000123351  -0.0000167726   0.0000139744   0.0000047383
10735   0.0000007732   0.0000059293   0.0000251341   0.0000051281  -0.0000087765
10736   0.0000000397   0.0000001070  -0.0000031827   0.0000053663   0.0000082067
10737  -0.0000029750  -0.0000048715   0.0000056780  -0.0000004507  -0.0000147373
10738  -0.0000013829   0.0000064384   0.0000006789   0.0000196914  -0.0000021641
10739   0.0000067052   0.0000141759   0.0000120747   0.0000142481   0.0000031234
10740   0.0000055264   0.0000008436   0.0000045238  -0.0000036979  -0.0000001697
10741   0.0000124168   0.0000011859   0.0000026042  -0.0000076340   0.0000023932
10742   0.0000033816  -0.0000039192  -0.0000023976   0.0000135283   0.0000013354
10743   0.0000090525  -0.0000053007   0.0000063160  -0.0000180232   0.0000029219
10744   0.0000230655   0.0000032543   0.0000056012   0.0000033350  -0.0000008991
10745   0.0000024178  -0.0000004658  -0.0000001126  -0.0000018454   0.0000005982
10746  -0.0000002620  -0.0000002706  -0.0000001159   0.0000004127   0.0000001263
10747  -0.0000000834   0.0000003767   0.0000004701   0.0000000798
108 1   0.0249756478  -0.0157566288  -0.0659406320  -0.0318063425   0.1556704770
108 2   0.0513162760  -0.0074900625  -0.0218393976   0.0195762334   0.0131712295
108 3   0.0068713553   0.0050372100   0.0923349418  -0.0351315223   0.0120145425
108 4  -0.1456929986  -0.1512132830   0.1093335532  -0.0383923620  -0.0330762329
108 5   0.0110101607  -0.0477102180   0.1029917463  -0.0321783618   0.0490574078
108 6  -0.0248547248   0.0675794013   0.0009671405   0.0103946053  -0.0274978825
108 7  -0.0167131170  -0.0416837671   0.0202591281   0.0247369467  -0.1136611184
108 8  -0.0664916740  -0.1142572217  -0.0580584396   0.0017089131  -0.0023108486
108 9  -0.0255628045   0.0361036908   0.0415475169  -0.0298031713  -0.0263153689
10810   0.0629412918  -0.0496048094  -0.0878794860   0.0200648854  -0.0309353769
10811  -0.0384724969  -0.0554015215   0.0280422518   0.2246043571   0.1133374218
10812   0.0359964841   0.0003175287  -0.0654382613  -0.0663509485   0.0682439888
10813   0.1572110230   0.0315407983   0.0136963563  -0.0005743982   0.0537024559
10814  -0.0391944936  -0.0062386655  -0.0525871285  -0.0651865059  -0.0809542160
10815   0.0464211476   0.0792366821   0.1580841998   0.0383406005   0.0288793960
10816  -0.1021401628  -0.0128427471  -0.0156235063  -0.1170186710   0.0695734229
10817   0.0225988270  -0.0284129198  -0.0537950941   0.0507915115   0.0158858993
10818  -0.0965854081   0.0363799072  -0.0442702367  -0.0063896443  -0.0161875060
10819   0.0260269047   0.0167783861   0.0327351221   0.0091085568  -0.0375821181
10820   0.0266793460   0.0125646320  -0.1125702118   0.0175912047   0.0754362580
10821  -0.0406588729  -0.0203035685   0.0287780671   0.0863304469  -0.0592921884
10822  -0.0055699905   0.0269248213   0.0124835002   0.1030153245  -0.0159675995
10823  -0.0410991730   0.0090500869  -0.0089960506  -0.0048454960  -0.0005667258
10824   0.0163351309  -0.0090662458  -0.0115726585   0.0101441443   0.0031690014
10825   0.0095585015  -0.0419646063  -0.0315812445   0.0274403645  -0.0082085072
10826  -0.0010975515   0.0015707517  -0.0016066756   0.0410678526   0.0661573616
10827  -0.0151692052   0.0190162328   0.0457916191   0.0004194342  -0.0055413962
10828  -0.0337933755  -0.0000976648   0.0001268123   0.0001925386   0.0001932603
10829  -0.0004172549  -0.0001745972   0.0002790450  -0.0000318362  -0.0000097967
10830  -0.0000443494  -0.0000499591  -0.0001761492  -0.0000005557   0.0001525282
10831  -0.0000321466  -0.0000302399   0.0000319009   0.0000260515   0.0000213511
10832   0.0000148682  -0.0000773627   0.0000955918  -0.0000228889   0.0000153989
10833   0.0000604857  -0.0000501440   0.0000252200  -0.0000254589  -0.0000149467
10834  -0.0000030733  -0.0000008615  -0.0000015059   0.0000166902   0.0000132067
10835   0.0000003027  -0.0000122805   0.0000370503   0.0000102164  -0.0000073682
10836   0.0000053926   0.0000015813  -0.0000185973  -0.0000013530   0.0000020593
10837  -0.0000022174  -0.0000005072  -0.0000038667  -0.0000041579   0.0000133766
10838   0.0000016628  -0.0000098615   0.0000036478  -0.0000008909  -0.0000023301
10839   0.0000046880   0.0000276157   0.0000035732  -0.0000285664  -0.0000323188
10840  -0.0000003631   0.0000063268  -0.0000195081  -0.0000034530   0.0000130767
10841  -0.0000222696   0.0000023917   0.0000018219  -0.0000135969  -0.0000001817
10842   0.0000097477   0.0000154475   0.0000171607   0.0000062974   0.0000056398
10843  -0.0000190639   0.0000007250   0.0000148266   0.0000117971  -0.0000209659
10844  -0.0000190799  -0.0000045586   0.0000028998   0.0000054746   0.0000090102
10845   0.0000046582   0.0000026520   0.0000076940  -0.0000009509   0.0000003347
10846  -0.0000000168   0.0000000379  -0.0000002057  -0.0000005297   0.0000007719
10847   0.0000000032  -0.0000002416   0.0000002440   0.0000003146
109 1   0.0056229564  -0.0311254823   0.0147074907  -0.0174804618   0.0392059143
109 2   0.0500407695   0.0454329181   0.0765342775  -0.0455201174   0.0662154765
109 3  -0.0349311244   0.0021433255  -0.0140426761  -0.0165659334  -0.0044561103
109 4  -0.0240456964   0.0136595226  -0.0439984747   0.0614944457  -0.0207234482
109 5   0.0485377786   0.0689656976  -0.0122500398   0.0170966855  -0.0252893118
109 6  -0.0597764006  -0.1034456625  -0.1742096442   0.1307447520   0.1123044417
109 7   0.0909697821  -0.0896434376   0.1147257631   0.0819678121   0.0982177728
109 8  -0.0530221158  -0.0638070512   0.0450994087  -0.0493258741  -0.1215786193
109 9   0.1320705320  -0.0159651888  -0.1274541113  -0.1731920076  -0.1628306342
10910   0.0642275940  -0.1103557963  -0.0052239041   0.0662697278   0.0536263479
10911   0.0643421505   0.0048184222  -0.0060822314   0.0313367060  -0.0132680822
10912  -0.0219728589   0.0668403166  -0.0156348326  -0.0567670650  -0.0727505789
10913  -0.0341935588   0.0196452750   0.0280018946   0.0180056172   0.0123075243
10914   0.0225796377  -0.0525368785  -0.0838094046  -0.1245184255  -0.0046272383
10915  -0.1428903501  -0.1001869357   0.0335559618   0.0062350727  -0.0174007584
10916   0.0553419035   0.0110134709   0.0153682972  -0.0816313718   0.0532721904
10917   0.0015056121  -0.0469914135   0.0231016073  -0.0652865139  -0.0538512963
10918   0.0565691740   0.0429950165  -0.0134000933   0.0120240334  -0.0337109646
10919   0.0286686685  -0.0103951404   0.0445688273  -0.0045146081  -0.0193239599
10920  -0.0168431499   0.0075311641  -0.0601828277  -0.0598545848  -0.1592772509
10921  -0.0923928664   0.1343914594   0.0331534830  -0.0510029092  -0.0323710913
10922  -0.0793776867  -0.0098040689  -0.0059449427   0.0260739506   0.0206005056
10923  -0.0045730264  -0.0203518751   0.0073070138   0.0126028849  -0.0146806557
10924   0.0106259342  -0.0194021759   0.0137172010   0.0039341155   0.0003908943
10925  -0.0055176629   0.0047425236  -0.0067713097  -0.0064437310  -0.0081072455
10926  -0.0010460575  -0.0000865830  -0.0023654673   0.0092330466   0.0030996481
10927  -0.0044066215  -0.0029554698  -0.0020103258   0.0001636730  -0.0015606840
10928   0.0049598209  -0.0003011029   0.0001767178   0.0003756323  -0.0001547680
10929  -0.0004893020  -0.0003342295   0.0004627776   0.0001680839   0.0000621968
10930   0.0000076532   0.0001121612  -0.0001986381  -0.0001196701   0.0000230392
10931  -0.0000503811   0.0000585896  -0.0001761108   0.0000389407   0.0000142263
10932  -0.0000445888  -0.0000580118  -0.0000268383  -0.0000002381  -0.0000159195
10933   0.0000324767  -0.0000613115   0.0000107403   0.0000226800   0.0000282772
10934  -0.0000044802   0.0000003230  -0.0000013264   0.0000208416   0.0000056405
10935  -0.0000018817  -0.0000095447   0.0000209136   0.0000186616   0.0000045867
10936   0.0000043716  -0.0000119422   0.0000060197  -0.0000084127   0.0000050210
10937  -0.0000013320  -0.0000017356   0.0000040980  -0.0000092244   0.0000039471
10938  -0.0000062431  -0.0000123408   0.0000120148  -0.0000030695  -0.0000079890
10939   0.0000034712   0.0000089292   0.0000041663   0.0000159689  -0.0000067415
10940   0.0000022053   0.0000029205  -0.0000198030   0.0000027737  -0.0000032308
10941  -0.0000104356   0.0000094228   0.0000033851  -0.0000083662   0.0000051109
10942   0.0000007242   0.0000007480  -0.0000035000  -0.0000021486   0.0000058955
10943  -0.0000099382   0.0000209091  -0.0000026864   0.0000004457  -0.0000265685
10944   0.0000058543  -0.0000036115   0.0000020235  -0.0000001674   0.0000059050
10945   0.0000011466   0.0000029645   0.0000063400  -0.0000014136  -0.0000003294
10946   0.0000000047   0.0000007686  -0.0000000542  -0.0000008325   0.0000007910
10947  -0.0000000531  -0.0000003771   0.0000002762   0.0000003399
110 1   0.0074326664  -0.0177080614   0.0478334543   0.0157523040   0.0393859429
110 2  -0.0993955553  -0.0361049381   0.0419538441  -0.0514486475   0.0240589600
110 3  -0.0456501596   0.0181998081  -0.0300814418  -0.0336611235  -0.0269385761
110 4  -0.0116988091   0.0130167786   0.0216668054  -0.1047332225   0.0538985969
110 5   0.1279011136   0.0148448634   0.1408396258  -0.0776741919   0.0223800409
110 6   0.0123427512   0.0026635117  -0.1004065025   0.1457574351   0.0235144622
110 7  -0.1103299122  -0.0103550656   0.0163860634   0.0295280258   0.0032300702
110 8   0.0307775748  -0.0132206455   0.0743242244   0.1026175768   0.0677824778
110 9  -0.1608865647  -0.0128160792   0.0235471315  -0.0881748981  -0.0877564439
11010  -0.0386531452   0.0847658921   0.0608939012  -0.0612876218   0.0096396204
11011  -0.0567433590   0.0804446441   0.0813527748  -0.0196624085   0.0108024051
11012   0.0651534906  -0.0480014697   0.0690500401   0.0378164245   0.1798958652
11013   0.0402632399  -0.0660713932   0.0500631427  -0.0933777064  -0.0319253902
11014   0.0064527470  -0.0380391594   0.0336588128  -0.0846181770   0.0009166726
11015  -0.0728843970   0.0128854529   0.0185717519  -0.0052677591   0.0802013515
11016   0.0416679482   0.0062913383   0.0303267859   0.0134012177   0.0532498018
11017   0.0525996252   0.0683114224   0.0330543106  -0.0124317541  -0.0071335385
11018  -0.0450948842  -0.0009893756   0.0107647079   0.0071395766   0.0111721360
11019   0.0189611341  -0.0061566793   0.0481618893   0.0119528602  -0.0721161198
11020  -0.0471142817  -0.0198933184  -0.0524882012  -0.0532327723  -0.1441687118
11021   0.0842590760  -0.1765302908   0.0930767176   0.1152947182  -0.0848921505
11022  -0.0901901097   0.0147832778   0.0209596634   0.0408335476   0.0165607320
11023  -0.0685201287  -0.0027036759   0.0103096129   0.0116751420  -0.0252535991
11024  -0.0837913864   0.0371420693   0.0151293208   0.0262177285   0.0013788563
11025  -0.0145068739   0.0610482829  -0.0075906023   0.0254940582  -0.0215557893
11026   0.0035337248   0.0007849386  -0.0017991433   0.0097180872   0.0118470154
11027  -0.0207590734  -0.0012928083  -0.0110236776  -0.0009598029   0.0029135156
11028   0.0010651685  -0.0005937085  -0.0000496424   0.0003180950  -0.0001745440
11029   0.0000596762  -0.0001323898   0.0001889424  -0.0000692671  -0.0001046209
11030   0.0000434106  -0.0002030991  -0.0003499367   0.0000565805   0.0000616427
11031   0.0000106529  -0.0000210921  -0.0001561889  -0.0000494535   0.0000111753
11032   0.0000598471  -0.0000729627   0.0000118816  -0.0000102196  -0.0000273401
11033   0.0000296956  -0.0000579355  -0.0000079614   0.0000128670  -0.0000112393
11034   0.0000125776  -0.0000119975  -0.0000223325   0.0000254031   0.0000093518
11035  -0.0000050759  -0.0000104569   0.0000201092   0.0000116279   0.0000006318
11036  -0.0000019417   0.0000009587  -0.0000097240   0.0000010175   0.0000142006
11037  -0.0000034714  -0.0000029095   0.0000062876  -0.0000061568  -0.0000055068
11038   0.0000011118   0.0000015687   0.0000017937   0.0000215569  -0.0000054784
11039  -0.0000081435   0.0000168135   0.0000156747   0.0000226574  -0.0000042122
11040   0.0000038051   0.0000007782  -0.0000049182  -0.0000051367  -0.0000008540
11041   0.0000061502   0.0000016088   0.0000047183  -0.0000048105   0.0000073088
11042   0.0000051890  -0.0000019678  -0.0000004793   0.0000077315   0.0000174965
11043   0.0000002650   0.0000049031   0.0000063157  -0.0000187082  -0.0000058566
11044   0.0000272418   0.0000015480   0.0000062681   0.0000009287   0.0000018961
11045   0.0000011544   0.0000008089   0.0000021969  -0.0000025052  -0.0000001579
11046  -0.0000003411  -0.0000002450  -0.0000002010  -0.0000001549   0.0000005095
11047   0.0000001889   0.0000012981   0.0000001612   0.0000000034
111 1   0.0058110992  -0.1322814867   0.0377870468   0.0389152673   0.0574884040
111 2  -0.1197814466   0.0150434453   0.0538111658   0.1142529378  -0.0337270897
111 3  -0.0137692006   0.0467759146  -0.0491501730  -0.0350781558  -0.0221174368
111 4  -0.0152996550  -0.0179190536   0.0550887108   0.0138054343   0.1044980166
111 5   0.0224427157   0.0831245188  -0.0154171586   0.0252388210   0.0313401703
111 6  -0.0085106355   0.0459222554   0.0579149803  -0.0561457577   0.0051379862
111 7   0.0645040237   0.0001727560   0.0282286078  -0.1022223836   0.0406219695
111 8  -0.0207067074   0.0495502991   0.0064236807   0.0495193954  -0.0509110051
111 9   0.0190913672  -0.0220883688  -0.0861444001   0.1169674290   0.0160072261
11110   0.0399733076  -0.0398422345  -0.0763501854   0.0251966964  -0.0346644795
11111   0.0706768725  -0.0523495329   0.0501939330   0.0208188904   0.0597354149
11112   0.0330361664   0.0620336078  -0.0718260612   0.0156570996  -0.1413532274
11113  -0.0042587811  -0.0152123017  -0.0615162633   0.0882400863  -0.0110883054
11114  -0.0398084992   0.0565786694  -0.0370080297   0.1424987061  -0.0304168828
11115  -0.0292006393  -0.0972311637  -0.0365622288  -0.0040780075   0.0377674696
11116  -0.1214656632  -0.0017428452   0.0027184314   0.0341676661  -0.0116823119
11117   0.0407404495  -0.0093047319  -0.0093651225  -0.0582442171   0.0155400112
11118  -0.0931264845  -0.0141206401   0.0345097629  -0.0156707400   0.0045305512
11119  -0.0122233039  -0.0116245733  -0.0725479347  -0.0049347910  -0.0767674078
11120  -0.0510834990  -0.0206926451  -0.0389329895  -0.0580706943   0.0076906137
11121   0.0036951735   0.0153423384  -0.1463041671   0.1399202292  -0.0639322578
11122  -0.0161739843   0.0610506536   0.0272580944  -0.0316281633  -0.0002175631
11123   0.0307748510   0.1702475797   0.0280688116   0.0542968450  -0.0155778119
11124  -0.0553737265   0.0039273326   0.0089980063  -0.0005769415  -0.0076924163
11125   0.0011580888   0.0748377107  -0.0385888760   0.1385961275  -0.0784226270
11126   0.0243770826  -0.0008764701   0.0219699786   0.0074606464   0.0325101431
11127  -0.0178733417  -0.0248131377  -0.0576146139  -0.0015882292   0.0126169515
11128  -0.0343376363   0.0000058082   0.0005176808  -0.0005965893   0.0002133176
11129   0.0001219151   0.0004790832  -0.0004609307   0.0004753664   0.0002193812
11130  -0.0000430815  -0.0006533758   0.0001642301  -0.0000677371   0.0000883651
11131  -0.0000303979   0.0001023582   0.0001590880   0.0000874159   0.0001036447
11132  -0.0002682878  -0.0000278965   0.0000908798   0.0001188419   0.0000838502
11133  -0.0000156620   0.0000739637  -0.0000632066  -0.0000608873   0.0000340606
11134  -0.0000133350   0.0000490984   0.0000628141  -0.0000340797  -0.0000387248
11135   0.0000063791   0.0000058560  -0.0000252691   0.0000469323  -0.0000192578
11136   0.0000100418  -0.0000162154   0.0000534090  -0.0000080247  -0.0000232150
11137   0.0000029192  -0.0000086221  -0.0000065620   0.0000114535  -0.0000099873
11138  -0.0000080931  -0.0000091774   0.0000155718  -0.0000340761  -0.0000032821
11139   0.0000152276  -0.0000245744  -0.0000019055  -0.0000458935  -0.0000027116
11140   0.0000031174  -0.0000084506   0.0000039013   0.0000089208   0.0000030410
11141  -0.0000052089  -0.0000068453  -0.0000048185   0.0000088723  -0.0000080273
11142   0.0000044994   0.0000103065   0.0000017266  -0.0000144763  -0.0000377697
11143  -0.0000007239  -0.0000167281  -0.0000111023   0.0000254936   0.0000079240
11144  -0.0000546297  -0.0000103852  -0.0000028397  -0.0000084459  -0.0000028277
11145  -0.0000076917   0.0000004499  -0.0000042737   0.0000018691  -0.0000012163
11146   0.0000009170   0.0000008187  -0.0000001015   0.0000001684   0.0000000608
11147   0.0000002939  -0.0000004606  -0.0000010433   0.0000003630
112 1   0.0200884807  -0.0603681384  -0.0330892890  -0.0125534895   0.0392059143
112 2   0.0500407695   0.0454329181   0.0765342775  -0.0455201174   0.0662154765
112 3  -0.0235606367   0.0005680794  -0.0061557269  -0.0116819081  -0.0006160326
112 4  -0.0345013297   0.0189265581  -0.0476633449   0.0122415468  -0.0303294274
112 5   0.0569693763   0.0133090973  -0.0530936581   0.0734483353   0.0028280552
112 6  -0.0629988226  -0.1204677281  -0.0769898336   0.0507272042   0.1397922907
112 7   0.0100177239   0.0070181266   0.0689738251   0.0516907987   0.1006280709
112 8  -0.0446353466  -0.0357534647   0.0389334497  -0.0215915461  -0.0613721924
112 9   0.0526963996  -0.0123176154  -0.0933749526  -0.0524870919  -0.0319569563
11210  -0.0028849445  -0.0440582014  -0.0258954600   0.0278723754   0.0323593909
11211   0.0545559078   0.0306182746  -0.0806480289   0.0349520793   0.0007459845
11212  -0.0720883188   0.0250828799  -0.0180594171  -0.0081969899  -0.0037010687
11213   0.0684581706  -0.1056622124   0.0040774201  -0.0512211177   0.0748546584
11214   0.0285281685   0.0331480095   0.0469940916   0.0852426263  -0.0332725024
11215   0.1063664728   0.0076095807  -0.0330065403   0.0064200701   0.0523535480
11216  -0.0735502191  -0.0180798617   0.0567001171   0.1402132316  -0.0635128228
11217   0.0163736065   0.0014339440  -0.0834785687   0.0457007388  -0.0647950493
11218  -0.0506777932  -0.0238829640  -0.0351261815   0.0117086378   0.0147975002
11219   0.0665233294   0.0247586274   0.0133798020   0.0007217619  -0.0048112335
11220   0.0244838243   0.0146712417   0.0331901974   0.0671592072   0.1269192261
11221   0.1348374079  -0.2195787787  -0.0143003364   0.1533873655   0.0558183131
11222   0.1622238531   0.0181685296   0.0064163322  -0.1381019868  -0.0188875854
11223  -0.0440783798  -0.1058764707  -0.0058141607  -0.0189221811  -0.0036852828
11224  -0.0289262803   0.0303382652  -0.0182075549  -0.0087799841  -0.0004632253
11225   0.0049556701  -0.0103264386   0.0187361581   0.0015433811   0.0116743882
11226   0.0010426305   0.0010807036  -0.0021317572  -0.0070640886  -0.0087922454
11227   0.0086725639   0.0067291225  -0.0010475411  -0.0003636192   0.0040881393
11228  -0.0028011283   0.0003060637  -0.0002031547  -0.0001423774   0.0003986117
11229   0.0003960306   0.0008089098  -0.0006523414   0.0001108020   0.0000834455
11230   0.0000383267  -0.0002631297   0.0003783853   0.0000443851  -0.0000583753
11231  -0.0000209630   0.0000013198   0.0001489012   0.0000123848   0.0000154076
11232  -0.0001142979   0.0001103573   0.0000266745   0.0000129325   0.0000233946
11233  -0.0000386739   0.0001115821  -0.0000282553  -0.0000263009  -0.0000098326
11234   0.0000030515   0.0000209480   0.0000141277  -0.0000641910  -0.0000371089
11235  -0.0000019371   0.0000131941  -0.0000406119  -0.0000229909   0.0000111112
11236   0.0000005967   0.0000198766   0.0000420783   0.0000011895   0.0000063980
11237   0.0000068756   0.0000083353  -0.0000131394   0.0000090473  -0.0000090782
11238  -0.0000022977   0.0000060320  -0.0000039145   0.0000151243  -0.0000098261
11239   0.0000022309  -0.0000293627  -0.0000231874  -0.0000203296   0.0000332567
11240  -0.0000113187  -0.0000092762   0.0000257192  -0.0000037036  -0.0000014351
11241   0.0000124289  -0.0000161060  -0.0000059128   0.0000072908  -0.0000059019
11242  -0.0000006182  -0.0000056597   0.0000003411  -0.0000081186  -0.0000242875
11243   0.0000183783  -0.0000059356  -0.0000017101   0.0000085427   0.0000199528
11244  -0.0000278868   0.0000144774  -0.0000016322  -0.0000050668  -0.0000079552
11245  -0.0000055443  -0.0000066914  -0.0000078380   0.0000015798   0.0000001128
11246  -0.0000006925  -0.0000008628   0.0000007050   0.0000008700  -0.0000008063
11247   0.0000001707   0.0000002045  -0.0000004006  -0.0000001052
113 1  -0.0058869806   0.0323853245   0.0478806101   0.0015897777   0.0394883940
113 2  -0.0943186047  -0.0278740667   0.0222877059  -0.0518758234  -0.0351411143
113 3  -0.0726604453  -0.0234162888  -0.0106611508   0.0304861372   0.0115868159
113 4  -0.0354461015   0.0530346141  -0.0047785509  -0.1177196473   0.0155784674
113 5   0.1152291865  -0.0870060703   0.0481794564  -0.0626309919   0.0369646951
113 6  -0.0693857894   0.0544885937  -0.0181375213   0.0108079191   0.0804138049
113 7   0.0378727479  -0.0345965427  -0.0470721547   0.0520972491   0.0322747260
113 8  -0.0104418016  -0.0549764192  -0.1218066736  -0.1437548910   0.0334347397
113 9  -0.1126768500  -0.0083816749  -0.0380282961   0.0177881708   0.0646235099
11310   0.0047450425  -0.1275603479  -0.1514961381  -0.0504182442   0.0110256551
11311  -0.0143341729  -0.0289895592  -0.1559597834  -0.0300487603  -0.0169731992
11312  -0.0722030529   0.0556978429   0.0637695611  -0.1118586896  -0.0902252452
11313  -0.1006360112   0.0133264877  -0.0452694502  -0.1147675410  -0.0626907571
11314  -0.0273590482   0.1567830590  -0.0352409393  -0.0496668662  -0.0465605618
11315  -0.0114390941  -0.2633234020   0.0221728159   0.0278919653  -0.0415077852
11316  -0.0454355128  -0.0405937927  -0.0255554252  -0.0103898650   0.0642802939
11317  -0.0237748633  -0.0676061129   0.0117010363   0.0030146511   0.0089234910
11318   0.0193138958  -0.0183664789   0.0210095063   0.0000681848   0.0196918217
11319  -0.0034174388   0.0218686738  -0.0100994676   0.0391592416   0.0218318878
11320  -0.0088312721  -0.0239854185   0.0696779168   0.0411483595   0.0007053455
11321   0.0367781684  -0.1385851255   0.0295707132  -0.0142004529   0.0053795254
11322  -0.0431425478  -0.0242664029  -0.0325429479   0.0732025491   0.0083342437
11323  -0.0339623826   0.0830889429  -0.0024241422  -0.0649328347   0.0276899630
11324  -0.0387806677   0.0050011899  -0.0291309185  -0.0039143638  -0.0005633559
11325   0.0069699862  -0.0088333436   0.0000015737   0.0101183249  -0.0016149857
11326  -0.0019149359  -0.0023030045   0.0077840956   0.0043250921   0.0014691718
11327   0.0022126844  -0.0022449145  -0.0139879938  -0.0013640177   0.0020806519
11328  -0.0102230514  -0.0005652932   0.0003803304   0.0002374653  -0.0000994524
11329  -0.0004277298  -0.0002420837   0.0003276535   0.0002456239   0.0001307026
11330  -0.0000359647   0.0002720661  -0.0001049168  -0.0001921161   0.0000072533
11331  -0.0000369098   0.0000274705  -0.0000377510   0.0000671687   0.0000354571
11332  -0.0001136873  -0.0000463943  -0.0000193516   0.0000376081  -0.0000349255
11333   0.0000274979  -0.0000460384   0.0000266509   0.0000121237   0.0000337380
11334  -0.0000079552   0.0000022207   0.0000035121   0.0000135712  -0.0000094771
11335   0.0000013725  -0.0000107614   0.0000152393   0.0000272107   0.0000084598
11336  -0.0000013098  -0.0000065469  -0.0000012747  -0.0000093294  -0.0000036710
11337  -0.0000032364  -0.0000040034  -0.0000048838  -0.0000034067   0.0000007923
11338  -0.0000012455  -0.0000137219   0.0000126272  -0.0000098962  -0.0000011321
11339   0.0000031189  -0.0000062898   0.0000023581   0.0000051316  -0.0000086251
11340   0.0000038682   0.0000001816  -0.0000083077   0.0000021397   0.0000008984
11341  -0.0000063970  -0.0000035904  -0.0000021481   0.0000000165  -0.0000009103
11342   0.0000108654   0.0000024604   0.0000012456  -0.0000041968   0.0000017552
11343  -0.0000144554   0.0000034472  -0.0000038058   0.0000036693  -0.0000149383
11344  -0.0000062397  -0.0000082044   0.0000016531  -0.0000009450   0.0000038496
11345   0.0000000519   0.0000037091   0.0000037111  -0.0000007440  -0.0000004573
11346   0.0000002963  -0.0000002614  -0.0000003033  -0.0000006487   0.0000000654
11347   0.0000001067  -0.0000003841  -0.0000001304   0.0000004529
114 1  -0.0084506785   0.0122586751   0.0306274820  -0.0697549897   0.1045297130
114 2  -0.0802537872   0.0204102721   0.0240524984   0.0831273485  -0.0154396759
114 3  -0.1371459699  -0.0271113742  -0.0203356203   0.0745163556   0.0335627648
114 4  -0.1055805325   0.0001451504  -0.0065126028   0.0357135461   0.0104470094
114 5  -0.0198366976   0.0737757944  -0.1069810600   0.0362622728  -0.0129640301
114 6   0.0182153953   0.0636987625  -0.0264608934  -0.0361164393  -0.0704399307
114 7   0.1410613839   0.2056038604   0.0787407596   0.0280796339   0.0326505939
114 8   0.1255693291  -0.0401796427  -0.0177266131   0.0174749802   0.0263396793
114 9  -0.0291887057  -0.0274274816   0.0781609441   0.0042501115   0.0031938459
11410  -0.1078688139   0.0221352937  -0.0070552454  -0.0324051665   0.0067524488
11411   0.0213225047   0.0014772347   0.0680452845   0.1219464751  -0.0090285169
11412  -0.1837586554  -0.1520601448  -0.1577266648  -0.1153782959   0.2060900858
11413  -0.0294262594  -0.0030008140  -0.0040329638   0.0897732567  -0.0346089183
11414   0.0480761783  -0.0915556212   0.1007663323   0.0989134199   0.0873356959
11415  -0.0867596127  -0.1774235407   0.0044503078  -0.0295115059   0.0727713264
11416  -0.0400396466  -0.0158403213  -0.0082106437  -0.0219151952   0.0318022800
11417   0.0135411029  -0.0213772972  -0.0110791364  -0.0231921111  -0.0058756848
11418   0.0113125235   0.0364943829  -0.0275173782   0.0163931710  -0.0169721020
11419   0.0121339147  -0.0122049944   0.0303563680  -0.0077552118   0.0092875321
11420   0.0108197762   0.0104519726  -0.0393731741   0.0228858524   0.0108449678
11421  -0.0076510905   0.0458864603  -0.0277777619   0.0252118632  -0.0086973531
11422   0.0027502708   0.0130137598   0.0281974935  -0.0569606072  -0.0022202408
11423  -0.0111164574   0.0204634985   0.0036111331   0.0090086158  -0.0025582743
11424   0.0141497531   0.0011270884   0.0002768884  -0.0040048103  -0.0020526572
11425  -0.0260226079   0.0345527742  -0.0146055440  -0.0361173879  -0.0161236449
11426  -0.0066110178   0.0028691973  -0.0127519809   0.0183482169   0.0173349875
11427  -0.0039842955   0.0098322957   0.0053643064  -0.0014166100   0.0016600212
11428   0.0365634143  -0.0000715550  -0.0001155282  -0.0001522790   0.0000696320
11429   0.0004532434   0.0003473462  -0.0004651796  -0.0000566770  -0.0000483169
11430   0.0000210278   0.0000762712   0.0002257024   0.0000807527  -0.0000452776
11431   0.0000670396  -0.0000418989   0.0001234541  -0.0000540207  -0.0000052638
11432   0.0000688340   0.0000856362   0.0000257247   0.0000093150   0.0000205045
11433  -0.0000069032   0.0000762134  -0.0000002752  -0.0000314448  -0.0000295396
11434  -0.0000097524   0.0000200642   0.0000100862  -0.0000220835   0.0000102397
11435  -0.0000035923   0.0000112076  -0.0000351787  -0.0000208924  -0.0000190085
11436  -0.0000034526   0.0000048834  -0.0000072457   0.0000123877   0.0000023310
11437  -0.0000016095   0.0000036714   0.0000014029   0.0000115743   0.0000003430
11438   0.0000040160   0.0000136585  -0.0000167768   0.0000023512   0.0000001524
11439   0.0000066430   0.0000058794   0.0000140191  -0.0000257061   0.0000114551
11440   0.0000033673  -0.0000061772   0.0000078375  -0.0000000212  -0.0000021991
11441   0.0000064394   0.0000010683  -0.0000024382   0.0000046700  -0.0000050584
11442   0.0000026030   0.0000047546   0.0000053734  -0.0000016274  -0.0000092411
11443   0.0000250041  -0.0000268520   0.0000118070   0.0000020354   0.0000241568
11444  -0.0000126528   0.0000060235  -0.0000037944  -0.0000010545  -0.0000051515
11445  -0.0000022996  -0.0000033084  -0.0000054653   0.0000016880  -0.0000000235
11446   0.0000000646   0.0000006048   0.0000002503   0.0000005387  -0.0000005106
11447   0.0000000658  -0.0000001285  -0.0000002978  -0.0000000673
115 1   0.0328699699  -0.0660920419  -0.0431355810  -0.0310818515   0.0392059143
115 2   0.0500407695   0.0454329181   0.0765342775  -0.0455201174   0.0662154765
115 3  -0.0460982640  -0.0059961993   0.0150017894  -0.0183482838   0.0059467937
115 4  -0.0093916536   0.0389373055  -0.0761902929  -0.0658556443  -0.0136950557
115 5   0.0550637929  -0.0457807779  -0.0794292879   0.1468141539   0.0152444424
115 6  -0.1325774657  -0.1027752758  -0.0313378500   0.0006373636   0.0839678590
115 7   0.0336066686   0.0143262539  -0.0013671171  -0.0613003118   0.0037677007
115 8  -0.0604589052  -0.0784686178   0.0816060500  -0.0545544847  -0.0092080301
115 9  -0.0124963992   0.0027725314   0.0275329342   0.0132346059   0.0265599691
11510   0.0049767883   0.0647083816  -0.0276043172   0.0034544299  -0.0120582329
11511   0.0452460270  -0.0538940198  -0.0502178396   0.0211909397   0.0202709328
11512  -0.0308936205  -0.0269242804  -0.0097110725   0.0125344667  -0.0073513060
11513   0.0073834279  -0.0772399559   0.0270125676  -0.0694325302   0.0086821225
11514  -0.0221729854  -0.0152111621   0.0695566935   0.2960213124   0.0313174437
11515   0.0462429550   0.0592017453   0.0784250509  -0.0297820118   0.0528858358
11516   0.1868276177  -0.0196449493   0.0163516812   0.0540272370  -0.0772902472
11517   0.0288065121   0.1201177717   0.0466191432   0.0544890476   0.0725241506
11518  -0.0189859178  -0.0075863842   0.0139869407  -0.0121590428   0.0046247340
11519  -0.0285091048   0.0167106463   0.0305044563   0.0111918706  -0.0269421144
11520   0.0034756165  -0.0176817186   0.0594558073  -0.0208571418   0.0309294417
11521  -0.0643824593   0.0698852110   0.0773069596  -0.2224248685  -0.0026701375
11522  -0.1312505123   0.0488301366   0.0806725427   0.2786706019   0.0062245890
11523  -0.0074302303   0.1349713596   0.0003832993   0.0021856730   0.0087601094
11524   0.0148361021  -0.0208203780  -0.0029529451   0.0136540017   0.0017769569
11525  -0.0085202575  -0.0081583021  -0.0023714205  -0.0161037270  -0.0053593028
11526   0.0040227523  -0.0005926545   0.0031159864  -0.0041493239  -0.0174064946
11527  -0.0029169833  -0.0039051380  -0.0095556871   0.0004534261  -0.0025490848
11528  -0.0051687126   0.0004944315   0.0001177547  -0.0002850316  -0.0000915018
11529   0.0001743116  -0.0001612041   0.0000068803  -0.0001250924  -0.0000495887
11530  -0.0000805037  -0.0004425582  -0.0000779500   0.0001309652   0.0000849950
11531   0.0000676090  -0.0000050588  -0.0000176511  -0.0000049099  -0.0000047089
11532   0.0001361794  -0.0000904524   0.0000816320   0.0000234717   0.0000196871
11533  -0.0000070280   0.0000082183  -0.0000335330  -0.0000010587  -0.0000024778
11534   0.0000153037   0.0000123041   0.0000058533   0.0000163164   0.0000087949
11535   0.0000034213   0.0000134975   0.0000067668   0.0000150122  -0.0000103716
11536  -0.0000011622  -0.0000083456   0.0000051070  -0.0000027321  -0.0000032712
11537   0.0000050066  -0.0000083325   0.0000086187   0.0000013532   0.0000005964
11538   0.0000004742   0.0000009841   0.0000139756  -0.0000079108   0.0000021450
11539   0.0000041833   0.0000095031   0.0000174590  -0.0000128111   0.0000044944
11540   0.0000081083  -0.0000006036  -0.0000040514  -0.0000012381   0.0000063311
11541  -0.0000030227   0.0000124288  -0.0000025473   0.0000050321   0.0000033723
11542   0.0000061170   0.0000034710  -0.0000020043  -0.0000021392  -0.0000023844
11543   0.0000177436  -0.0000152835   0.0000024223   0.0000051487   0.0000146935
11544   0.0000044235  -0.0000023117  -0.0000002499  -0.0000045983   0.0000023498
11545  -0.0000025480   0.0000007374   0.0000026073  -0.0000000065  -0.0000007018
11546   0.0000002396   0.0000007525  -0.0000001069   0.0000001953   0.0000003197
11547  -0.0000000607   0.0000002872  -0.0000000271   0.0000004162
116 1   0.0150751466   0.0233427157   0.0884038485  -0.0044010216   0.0395908452
116 2  -0.0892416542  -0.0196431954   0.0026215677  -0.0523029992  -0.0943411885
116 3   0.0510734791  -0.0123704952   0.0258478993  -0.0095334456   0.0157556572
116 4   0.0992636121   0.0931130215  -0.0163769663  -0.0000339798   0.0169811836
116 5   0.0650334593  -0.0394017520  -0.0042034236  -0.0123061286  -0.0041810157
116 6  -0.1450173840  -0.0154234345   0.0048323796  -0.0545036083  -0.0031353555
116 7   0.0769120416  -0.1241450979   0.0031284759  -0.0221475807   0.0553173003
116 8   0.0776154194   0.0618477547  -0.0704504125  -0.1126317002  -0.0796046465
116 9   0.0213939258  -0.0236886346   0.1102673303  -0.0980413323   0.0155542439
11610   0.1054916110  -0.0089067307  -0.0586648482   0.0460228178   0.0252366117
11611  -0.1005945687  -0.0345395361   0.1578951613   0.1064540291   0.0950104679
11612   0.0621496143  -0.0113633283  -0.0904782631   0.0267917813   0.0526314778
11613   0.0059800634  -0.0587836032  -0.0134087723  -0.0451599340   0.0922870366
11614  -0.0667543203  -0.0410954096   0.0993763805   0.0228843737   0.1269893500
11615   0.0381326942   0.0376046208  -0.1028358693   0.0431930572   0.0071074782
11616  -0.0284655857  -0.0021531392   0.0121753485  -0.0560390587  -0.1012210362
11617   0.0510133252  -0.0331341294   0.0237802477   0.0359524113   0.0040842684
11618   0.0131304025  -0.0245644255  -0.0397700004   0.0109336378  -0.0104153866
11619   0.0073347670   0.0501117068  -0.0175544223   0.0289084160   0.0048657839
11620  -0.0381403901  -0.0116161965  -0.0153872338   0.0476783546  -0.0629367250
11621  -0.1076151215  -0.1011420619  -0.1237985348  -0.0308101802  -0.0676470649
11622   0.0008199106  -0.0471982063  -0.0808035495  -0.1178347430  -0.0169949802
11623   0.0786537810   0.0296932001  -0.0232439193  -0.0113854591   0.0174726635
11624  -0.0173471471   0.0133590431   0.0406121047   0.0084290501   0.0018584850
11625   0.0055414100   0.0160358596  -0.0051208414   0.0016194061  -0.0077656714
11626  -0.0021125195  -0.0011753743   0.0023859453  -0.0001961940  -0.0049550881
11627   0.0059730696  -0.0010301367   0.0008812244  -0.0012260464   0.0022697449
11628   0.0340063710  -0.0005843705   0.0001969994   0.0002503574  -0.0001252183
11629  -0.0003586616  -0.0001999774   0.0001740049   0.0001249108   0.0001076754
11630   0.0000219736   0.0001278030  -0.0001031894  -0.0000973484   0.0000420477
11631   0.0000053223   0.0000091198  -0.0000380962   0.0000289684  -0.0000071501
11632  -0.0000475656  -0.0000419384  -0.0000215657   0.0000358047  -0.0000344102
11633   0.0000065142  -0.0000175273   0.0000074684   0.0000216498   0.0000306618
11634  -0.0000167598  -0.0000209016   0.0000098536   0.0000095456  -0.0000047439
11635  -0.0000025673   0.0000000667   0.0000056519   0.0000137652   0.0000092621
11636  -0.0000031799  -0.0000044765  -0.0000048373  -0.0000024564  -0.0000049332
11637  -0.0000032801  -0.0000027378  -0.0000055600  -0.0000004096  -0.0000039798
11638  -0.0000013967   0.0000002175   0.0000042048  -0.0000053826   0.0000031588
11639   0.0000034777  -0.0000109608   0.0000030972   0.0000193009   0.0000048505
11640   0.0000023782   0.0000010936   0.0000004704   0.0000023286  -0.0000036442
11641   0.0000056834   0.0000034868  -0.0000010875   0.0000048665  -0.0000006782
11642   0.0000095444  -0.0000106338  -0.0000054258  -0.0000077523   0.0000032403
11643   0.0000057551  -0.0000031498   0.0000028009  -0.0000086363   0.0000015488
11644   0.0000214846  -0.0000045028  -0.0000001308  -0.0000004797   0.0000009805
11645   0.0000002834   0.0000020975   0.0000012479  -0.0000002714  -0.0000000722
11646   0.0000002327  -0.0000000919  -0.0000002484  -0.0000002225  -0.0000004856
11647   0.0000000394  -0.0000003717   0.0000002748  -0.0000000804
117 1   0.0214404026   0.0215421509   0.0477050325  -0.0489206374   0.1515710221
117 2  -0.0407261278   0.0257770989  -0.0057061689   0.0520017591   0.0028477378
117 3   0.0578190565   0.0029501487   0.1081686770  -0.0567709261   0.0322364763
117 4   0.1556197351   0.0402743697   0.0570078661   0.0279493936   0.0115821578
117 5   0.0006027937   0.0561697638   0.0088255749  -0.0219216394   0.0308590922
117 6   0.0312259967   0.0418926926  -0.0258736083   0.0223175367   0.0316730274
117 7   0.0561306897   0.0915525737   0.0375993597   0.0648386179  -0.1273229339
117 8  -0.1108400462  -0.0479857127  -0.0159539525   0.0590459968  -0.0195521701
117 9   0.0104486676   0.0066300432  -0.0157945665   0.0364549947   0.0394653505
11710  -0.0605705738   0.0323132201   0.0734821106   0.0015529280   0.0001104133
11711   0.0209045267   0.0186681518  -0.0217933769  -0.0906320359  -0.1013672580
11712   0.0858948701  -0.0350806007   0.0652837613   0.0350941443  -0.0153641494
11713  -0.1453096055  -0.0392456414  -0.0396489774   0.0269304823  -0.0333227256
11714   0.0893110759   0.0280016071  -0.0129664012  -0.0405426607  -0.0924638759
11715   0.0402901333  -0.2033572216  -0.1192671618  -0.0032632694  -0.0096328745
11716   0.1378123213   0.0134891242   0.0084282483  -0.1137070151  -0.1478323632
11717   0.0654125341   0.0214169823   0.0273321402   0.0333249520  -0.0330519705
11718   0.0374861579  -0.0750626187  -0.0662102092   0.0189395463   0.0076126627
11719   0.0146003180   0.0407350939   0.0113815635  -0.0042475104  -0.0499622587
11720   0.0114761574   0.0106627731  -0.1488488280   0.0364611021   0.0827540731
11721  -0.0373121235  -0.0437744197   0.0060968352   0.0992275359  -0.0019163673
11722  -0.0038216294   0.0712242499   0.0317685538   0.0631257238  -0.0169427273
11723  -0.0568549158   0.0278290031  -0.0129781634   0.0079825029  -0.0086413730
11724   0.0143727130  -0.0040637178  -0.0068397239   0.0074263856   0.0026604629
11725  -0.0362507420  -0.0103782236   0.0176212737  -0.0522819433  -0.0215456993
11726  -0.0001195147   0.0005285432  -0.0040642137  -0.0470080550  -0.0739991366
11727   0.0143671388   0.0062796439  -0.0525651325  -0.0041023578   0.0058906743
11728  -0.0605884411  -0.0006024097  -0.0004432944  -0.0000407451   0.0000114382
11729  -0.0000234263  -0.0000113375   0.0000954768   0.0000938566   0.0000384574
11730   0.0000056159   0.0003114856   0.0000401430  -0.0000454962  -0.0000498648
11731   0.0000031071   0.0000034753   0.0000971305  -0.0000112862   0.0000062627
11732   0.0000100855  -0.0000094347   0.0000301390  -0.0000287913   0.0000382351
11733   0.0000217685  -0.0000025572   0.0000190552  -0.0000389383  -0.0000099428
11734  -0.0000136397   0.0000179063   0.0000018067   0.0000078817   0.0000066600
11735  -0.0000026596   0.0000006828   0.0000222478   0.0000001635   0.0000044538
11736   0.0000137887   0.0000028595  -0.0000075562   0.0000139706  -0.0000039617
11737   0.0000083781  -0.0000015346   0.0000019611   0.0000039837  -0.0000006680
11738   0.0000007271   0.0000028459  -0.0000190565  -0.0000028711   0.0000067783
11739   0.0000082485   0.0000034663   0.0000026753  -0.0000061467  -0.0000045646
11740   0.0000016315   0.0000029631   0.0000076288  -0.0000042502   0.0000131859
11741   0.0000069185  -0.0000092374  -0.0000024994   0.0000072275  -0.0000012569
11742   0.0000050745   0.0000007031   0.0000017949   0.0000017508  -0.0000136330
11743  -0.0000042001  -0.0000038050   0.0000047303   0.0000112782   0.0000005112
11744  -0.0000146093  -0.0000018360  -0.0000008527   0.0000045870  -0.0000003437
11745   0.0000018079   0.0000000946  -0.0000012019   0.0000004209   0.0000004141
11746   0.0000001199  -0.0000015114  -0.0000000685  -0.0000001175   0.0000000483
11747  -0.0000000366  -0.0000003103  -0.0000001075   0.0000000957
118 1   0.0402728206  -0.0822394176  -0.0590700004  -0.0353433195   0.0392059143
118 2   0.0500407695   0.0454329181   0.0765342775  -0.0455201174   0.0662154765
118 3  -0.0540218607  -0.0079185952   0.0184144531  -0.0234829853   0.0113575061
118 4   0.0570314930   0.1188454922  -0.1032141691  -0.1138487710   0.0150432301
118 5   0.0387506093  -0.0602126697  -0.1299022751   0.1822420510  -0.0080789041
118 6  -0.1934258761  -0.1133548595   0.0351216293  -0.0394081817   0.0411150748
118 7   0.0529253667   0.0276723103  -0.0603669099  -0.1406056951  -0.0050463687
118 8   0.0036454045  -0.0205744469   0.1661600959  -0.0614733675  -0.0182110024
118 9  -0.0566799945   0.0112416962   0.2047185279   0.0394490713  -0.0032034029
11810   0.0010700612   0.1285217657  -0.0165258604  -0.0150757186  -0.0548624874
11811  -0.0217839834  -0.0020914098   0.0727518854  -0.0172444399   0.0373318081
11812   0.0134737949  -0.0032717580   0.0402708751  -0.0191519189  -0.0340716020
11813   0.0243620619   0.0419590254   0.0586447155   0.0541719986  -0.0874780545
11814   0.0479266627   0.0815954662  -0.0231687488  -0.0504493193  -0.1445782623
11815   0.0233972435  -0.0275133556   0.1033253914  -0.0155509320  -0.0871734877
11816  -0.0476707372   0.0210900983  -0.0320227297  -0.0853204799   0.0503546495
11817  -0.0029285301  -0.0041175416   0.0093916942  -0.0439441859   0.0005410077
11818   0.0978355807  -0.0894829696   0.0326309150   0.0288476653   0.0133744831
11819   0.0083090820  -0.0098523456  -0.0428724369  -0.0098706502   0.0191287464
11820  -0.0153449427   0.0111923790  -0.0149848133   0.0099399008  -0.0395430771
11821   0.0202588417  -0.0096232418  -0.0679148735   0.1221172931  -0.0271063578
11822   0.0216383849  -0.0665364959  -0.0575738919  -0.1608100126  -0.0042099696
11823   0.0170179372  -0.0409157835  -0.0018716490  -0.0144183346  -0.0039905599
11824  -0.0003453311   0.0116904932   0.0025089691  -0.0012074210   0.0010467335
11825  -0.0002876837  -0.0024725275   0.0020713697   0.0127245997   0.0033980505
11826  -0.0031195839  -0.0003764941  -0.0032601467   0.0016679657   0.0135166085
11827  -0.0005975562   0.0018964198   0.0030920343   0.0010226632   0.0004920555
11828  -0.0056721094   0.0002186266  -0.0001649541  -0.0002771662  -0.0001308513
11829  -0.0005344473  -0.0001112200  -0.0000481284   0.0000743496   0.0000531364
11830   0.0001918756  -0.0007990393  -0.0004020278   0.0000836262   0.0001211805
11831   0.0000071482   0.0000320575  -0.0000977364  -0.0000517331   0.0000222466
11832  -0.0000142198  -0.0001472555   0.0000340442  -0.0000252557  -0.0000155953
11833   0.0000344854   0.0000012945  -0.0000806906  -0.0000083782  -0.0000195304
11834  -0.0000104687   0.0000001156  -0.0000242149  -0.0000238274  -0.0000046921
11835  -0.0000134983   0.0000084519   0.0000144501   0.0000002030  -0.0000024241
11836   0.0000032160   0.0000004701  -0.0000181304   0.0000031927  -0.0000010123
11837  -0.0000062389  -0.0000036684   0.0000037531  -0.0000199026  -0.0000280727
11838  -0.0000088945   0.0000036716  -0.0000018816   0.0000027210   0.0000119441
11839  -0.0000068558   0.0000081631   0.0000117891   0.0000444847   0.0000315087
11840   0.0000066102   0.0000000455   0.0000141662  -0.0000018244  -0.0000023778
11841   0.0000232983   0.0000012154   0.0000035098   0.0000021338   0.0000042063
11842  -0.0000022093  -0.0000122354  -0.0000078175   0.0000094453  -0.0000066420
11843   0.0000190692  -0.0000073118   0.0000143965  -0.0000492856  -0.0000065137
11844   0.0000694654  -0.0000004637  -0.0000017959  -0.0000006317  -0.0000040739
11845  -0.0000001040   0.0000007837  -0.0000028544  -0.0000005811  -0.0000005139
11846   0.0000001349  -0.0000004506  -0.0000002469   0.0000002046  -0.0000000933
11847  -0.0000003335   0.0000000619   0.0000003850  -0.0000006631
119 1   0.0109013038   0.0478206521   0.1491470113   0.0340422403   0.0396932963
119 2  -0.0841647036  -0.0114123240  -0.0170445705  -0.0527301750  -0.1535412628
119 3   0.1493633573  -0.0129387979  -0.0010402569   0.0123195793  -0.0294420299
119 4  -0.2121740916  -0.1277698634  -0.0528715821   0.2213328583  -0.0447556958
119 5   0.0514509950  -0.0443848546  -0.0311954194   0.1441799387   0.0211251299
119 6  -0.0579321013  -0.0896614748  -0.0591758714  -0.0245401555   0.0059966080
119 7  -0.0572305539  -0.0630790415   0.1144233709   0.0231511971   0.0749967469
119 8  -0.0424321601   0.0302408618   0.1205451880   0.0667409337   0.0116234301
119 9  -0.0277867711  -0.0017752853   0.1161048693   0.0352427336   0.0197764707
11910  -0.0264354341   0.0410978737  -0.0194311810  -0.0310281528  -0.0219583162
11911   0.0407378566  -0.0224916813  -0.0803695948   0.0835266403  -0.0086745017
11912  -0.0242708550   0.0437260353   0.0422202846  -0.0114027439  -0.0118766905
11913   0.0155179500   0.0046931926   0.0623220609   0.0331853155  -0.0393749333
11914   0.0306954364   0.0500817075  -0.0128828360  -0.0053730122  -0.0807671758
11915   0.0695040528  -0.0981369706  -0.0623549043   0.0217971342  -0.0447535603
11916   0.1768212108   0.0140673520  -0.0132575810  -0.0193828799  -0.1084046174
11917   0.0208734950  -0.0296120760   0.0322704804   0.0016775333   0.0108815932
11918  -0.1068247982   0.1659680094  -0.0023831178  -0.0257234511   0.0107372818
11919   0.0151373620  -0.0131974621   0.0787968230   0.0025295558   0.0569730922
11920   0.0215078736   0.0049970025   0.1107107219  -0.0711722977  -0.0371032712
11921  -0.0166483708   0.0138123249   0.0028794146   0.0329164761  -0.1079879187
11922   0.0314039110  -0.0744120273  -0.0184859757  -0.0766435833  -0.0063873721
11923  -0.0009959492   0.0361369719  -0.0037803707  -0.0070473896  -0.0139520990
11924   0.0175872695   0.0085355315  -0.0024851437   0.0030245783   0.0047830996
11925  -0.0183514169  -0.0051966382   0.0262172593   0.0101094317   0.0001956358
11926   0.0060828499   0.0003301465  -0.0018162615  -0.0117688418  -0.0214138921
11927   0.0022905827  -0.0003489882  -0.0057840925   0.0001804209   0.0014805965
11928   0.0016937607   0.0005613930  -0.0003177429   0.0002297383   0.0000544699
11929  -0.0005974955   0.0001362086  -0.0000710561   0.0001059119   0.0000897921
11930   0.0000590800  -0.0001047354   0.0000874706   0.0000183404  -0.0000516757
11931   0.0000609782   0.0000565658   0.0000047645  -0.0000783144  -0.0000044706
11932   0.0000572273  -0.0001209248   0.0000953537   0.0000111501  -0.0000384529
11933   0.0000399613   0.0000835065  -0.0000502121  -0.0000082190   0.0000198729
11934  -0.0000227500  -0.0000017102   0.0000031903  -0.0000347805  -0.0000056512
11935  -0.0000183555   0.0000363597   0.0000064647  -0.0000137039   0.0000313413
11936  -0.0000006307   0.0000052547   0.0000233142   0.0000008656   0.0000079397
11937  -0.0000006675  -0.0000007437  -0.0000001090  -0.0000002291  -0.0000161063
11938  -0.0000059538   0.0000193159   0.0000040354   0.0000159021   0.0000056768
11939   0.0000163011  -0.0000087515   0.0000078860   0.0000048560   0.0000555588
11940   0.0000024695  -0.0000050302   0.0000133147   0.0000000246   0.0000037067
11941   0.0000049590  -0.0000029189  -0.0000050392  -0.0000011502  -0.0000047317
11942   0.0000279450  -0.0000245428  -0.0000060883  -0.0000204458  -0.0000157762
11943   0.0000537623  -0.0000101535   0.0000357099   0.0000102058   0.0000129117
11944   0.0000283019   0.0000107642  -0.0000012226  -0.0000036429  -0.0000001039
11945  -0.0000026972  -0.0000027080   0.0000008284   0.0000002857  -0.0000006432
11946  -0.0000002325  -0.0000007112   0.0000001864  -0.0000000556   0.0000006626
11947   0.0000002343   0.0000001297   0.0000002693   0.0000003434
120 1  -0.0860300349   0.0886247854  -0.0998585202   0.0987381981   0.1986123311
120 2  -0.0011984683   0.0311439257  -0.0354648363   0.0208761697   0.0211351516
120 3  -0.0171155674  -0.0065215686   0.0047403775  -0.0445537925  -0.0408052230
120 4  -0.0227460310   0.0739868296  -0.0738927092  -0.0094490906   0.0615888941
120 5  -0.0258365096   0.0067906601  -0.0096489905   0.0102912178  -0.0256466963
120 6   0.0286593313  -0.0080512477  -0.0001285580   0.0126954352   0.0054251384
120 7   0.0029152293   0.0066779479  -0.0012286685   0.0139186882  -0.0285376729
120 8  -0.0228104808  -0.0207787824  -0.0542225134   0.0028268199   0.0103061856
120 9   0.0046322425   0.0068121217   0.0008675710  -0.0058659868  -0.0257587084
12010  -0.0120129390  -0.0358605531   0.0051564130   0.0213789834   0.0015401752
12011   0.0380269464   0.0303866822   0.0361910691   0.0162305620  -0.0032553599
12012   0.0199174645  -0.0218434700   0.0687765958  -0.0257900479   0.0106026787
12013  -0.0119588462  -0.0347871616  -0.0088889062   0.0475780060  -0.0347511048
12014  -0.0132755269   0.2067744115   0.0039670401   0.0554604691   0.1607893752
12015  -0.0172749587   0.0938099652   0.0219762609  -0.0390023093  -0.0888241690
12016  -0.0249543129   0.0148944068   0.0220830136  -0.0186046063   0.0336220474
12017   0.0126590031   0.0037108450   0.0006195642   0.0002473440   0.0013588708
12018   0.0377654261  -0.0238664814   0.0094664052   0.0290343979   0.0103787944
12019   0.0935417847  -0.0103799311  -0.0078412714   0.0061279975   0.0486034600
12020  -0.0247320458   0.0102173137   0.1566330221  -0.0206993105   0.0164425273
12021  -0.0252400205   0.0047774020  -0.1018231256   0.1043764041  -0.1095435541
12022  -0.0282019556  -0.0596564642   0.0806540372   0.0047194752  -0.0291324945
12023  -0.0556658326   0.0411842426  -0.0084367727  -0.0350490989  -0.0450584518
12024   0.0907378763   0.0035842138  -0.0396873676   0.0314244787   0.0183766016
12025  -0.0803083671  -0.0803451106   0.1354334979   0.0894931765  -0.0176126076
12026   0.0478208036  -0.0043999435   0.0207463138  -0.0086292978  -0.0135035475
12027   0.0059395041  -0.0190077394   0.0038447610  -0.0021737749   0.0025896651
12028   0.1116488099  -0.0014263641  -0.0003960131   0.0002618693  -0.0003086942
12029  -0.0004280335  -0.0001095236   0.0002286518   0.0004429169   0.0002111401
12030   0.0000054756   0.0009537544   0.0001546988  -0.0002024615  -0.0001340767
12031  -0.0000646447  -0.0000464426   0.0000798178   0.0000525608   0.0000399393
12032  -0.0001462951   0.0000901647  -0.0000845920  -0.0000170594  -0.0000082073
12033   0.0000142106  -0.0000136495   0.0000575675   0.0000180831   0.0000358562
12034  -0.0000227068  -0.0000304048   0.0000052613   0.0000130547   0.0000074698
12035  -0.0000022979  -0.0000131192   0.0000129036   0.0000060926   0.0000215429
12036   0.0000149536   0.0000019645  -0.0000290614   0.0000088850  -0.0000078600
12037   0.0000073679   0.0000038308   0.0000005319   0.0000015800   0.0000149203
12038   0.0000046704  -0.0000078875  -0.0000254674  -0.0000092813   0.0000135883
12039   0.0000032032   0.0000052722  -0.0000068378   0.0000083746  -0.0000302990
12040  -0.0000041199   0.0000107723  -0.0000162085   0.0000033742  -0.0000122733
12041  -0.0000109630   0.0000042212   0.0000024768  -0.0000112880  -0.0000147670
12042  -0.0000056495  -0.0000028806   0.0000067098  -0.0000025988   0.0000215782
12043  -0.0000275271   0.0000234159   0.0000105131   0.0000194483  -0.0000324684
12044  -0.0000175152  -0.0000083730  -0.0000008336   0.0000110043   0.0000015190
12045   0.0000057195   0.0000028193  -0.0000009608  -0.0000002661  -0.0000001499
12046   0.0000001668   0.0000008814  -0.0000001180  -0.0000006707  -0.0000001179
12047   0.0000002218  -0.0000004835   0.0000003343  -0.0000001947
121 1   0.0888281985   0.1048897903  -0.0626340325   0.0706829318  -0.0575726997
121 2  -0.0244963302   0.0455632267   0.1111149278   0.0180264269  -0.0519265040
121 3  -0.0728576745   0.1060115394   0.0957879680   0.0607225011  -0.0289608846
121 4  -0.0186820636   0.0206577358   0.0052594197   0.0082668993   0.0018626143
121 5   0.0083008790   0.0232350109  -0.0146825650   0.0125258254  -0.0160763144
121 6  -0.0260345653   0.0232899095  -0.0109401657  -0.0098416374  -0.0268530565
121 7   0.0110665817   0.0161864914   0.0204107017   0.0146849396   0.0002760295
121 8   0.0174260698  -0.0007010495  -0.0044524606  -0.0111200549  -0.0070095836
121 9   0.0039556112   0.0039525153  -0.0051297068  -0.0063090568  -0.0069696474
12110   0.0054194302   0.0012021309   0.0039631623  -0.0050795655   0.0086256346
12111   0.0061527226  -0.0026094000   0.0060045292  -0.0047661244  -0.0037333139
12112   0.0022125779  -0.0075781546   0.0066233321   0.0077866957  -0.0108898657
12113   0.0010975750   0.0082712214   0.0053016949   0.0058224019  -0.0095277917
12114  -0.0050839202   0.0107120187   0.0075724711  -0.0007546807   0.0009842591
12115  -0.0049202823  -0.0060735711   0.0021667466   0.0002761683   0.0130663512
12116  -0.0010267491   0.0092616577  -0.0044894299   0.0021937098  -0.0100387437
12117  -0.0057114230   0.0103208556  -0.0184088447  -0.0174673030   0.0212669745
12118   0.0124550810  -0.0116237851  -0.0160362209  -0.0237725464   0.0200926519
12119   0.0143564833   0.0035127620  -0.0065271352   0.0140631017  -0.0021581138
12120   0.0033305489   0.0124530934  -0.0152170767  -0.0141320429  -0.0111220975
12121   0.0075712008   0.0014222878  -0.0022287694  -0.0032432922  -0.0094011689
12122   0.0090279567  -0.0028651691   0.0112682323  -0.0017254969   0.0174259423
12123   0.0182193445   0.0075734108  -0.0163066643  -0.0005569948  -0.0073580833
12124   0.0042364471   0.0025772582  -0.0026039233   0.0020435900  -0.0137161044
12125   0.0147576077  -0.0081486918   0.0105961737   0.0080186889  -0.0037288780
12126  -0.0032228658  -0.0012080264  -0.0000140649   0.0044972972   0.0017686878
12127  -0.0071473614   0.0038789471  -0.0000333388   0.0040090064  -0.0035856181
12128  -0.0047126235  -0.0676766301  -0.0160151225   0.0193690118   0.1666882757
12129   0.0465211099  -0.1035674911  -0.1077474059  -0.0809998001   0.1937529054
12130   0.0019480130   0.0216812759  -0.0108789766   0.0057538243  -0.0125567505
12131   0.0159118259   0.0941646382   0.1143716015   0.1076154949  -0.0424871871
12132  -0.0122678321   0.0258522654   0.0406207737  -0.0617668021  -0.0383290947
12133   0.0048524331   0.0113645242  -0.1358125465   0.0094275587   0.0287972603
12134  -0.1033726024   0.0149954478  -0.0098919935  -0.0992738543   0.0598623739
12135   0.0046480482  -0.0001648080  -0.0134848405  -0.0724984543   0.0112639210
12136   0.0237731081  -0.1135618367  -0.0560599493   0.0000013405  -0.0022351967
12137   0.0003113027   0.0065121664   0.0085008097  -0.0051643831   0.0059948605
12138   0.0735398411  -0.0194117804  -0.0025389690  -0.0851036020   0.0294261705
12139  -0.0195817729   0.0548684016  -0.0168634417   0.0588662331   0.0517679346
12140   0.0486033255   0.0181506660  -0.0641389826  -0.0063148656   0.0079487032
12141   0.0236257688   0.0022749104   0.0153130289  -0.0032250355   0.0055254433
12142  -0.0076410531  -0.0296193194   0.0274946613  -0.0071686537  -0.0063469606
12143   0.0139787348  -0.0047701232  -0.0095249126   0.0062174347   0.0117280652
12144  -0.0098589959  -0.0018971131  -0.0176472384   0.0002296880   0.0002181295
12145   0.0001510097  -0.0008057719   0.0002631327  -0.0108094463   0.0005767355
12146  -0.0452443256   0.0002178701  -0.0471377138  -0.0000133202   0.0000248634
12147  -0.0004899330   0.0001020283  -0.0008371187   0.0000077857
122 1  -0.0332201728   0.0726457634   0.1284670877   0.1437074946  -0.0069515282
122 2   0.0658899981  -0.1324366255   0.0647882790  -0.0910042423   0.1045827419
122 3  -0.1254389087   0.0898821937  -0.0680946100  -0.1792313899   0.2512580499
122 4  -0.0722192746  -0.1385548051  -0.0275329397   0.0498335517   0.0580908957
122 5  -0.0847695276  -0.1299198431  -0.0451525222   0.1041728156  -0.0394438933
122 6   0.0125502998   0.0383273258  -0.0053364976  -0.0440540450  -0.0196664266
122 7  -0.0077229407   0.0038660394  -0.0221773174  -0.0474263862   0.0587405755
122 8   0.0222744302   0.0334614276   0.0131371804   0.0238432445  -0.0150362661
122 9  -0.0392527141  -0.0177698737   0.0428309092  -0.0034518481   0.0444721401
12210  -0.0234706427  -0.0471503747   0.0254151697   0.0014510061   0.0499590249
12211   0.0376218249  -0.0292964950   0.0318438096  -0.0005209841  -0.0322669679
12212  -0.0081625903  -0.0005546644  -0.0293568176   0.0229768199  -0.0058322443
12213   0.0619944322  -0.0093945443  -0.0287318086   0.0091769022  -0.0687436664
12214   0.0794981825  -0.0301129580  -0.0660512652   0.0307997742   0.0234508852
12215   0.0570788875   0.0169902416   0.0094866634   0.0083223975   0.0185524482
12216  -0.0131060630  -0.0091725898  -0.0244740214   0.0103018054   0.0035815319
12217   0.0151199622  -0.0019652239   0.0772822302   0.1071994187  -0.1055523639
12218  -0.1140387213  -0.0726990103   0.1371223707   0.0928159298  -0.0618394563
12219  -0.0954410958  -0.0336422595  -0.0725693512   0.0843685340  -0.0062186660
12220   0.0074943448   0.0818124586  -0.0400364220  -0.0411970366  -0.0238202949
12221   0.0165470438   0.0207505205  -0.0166493087  -0.0296575487  -0.0038477076
12222  -0.0078445807   0.0131704599   0.0175452651  -0.0104965394   0.0075802712
12223   0.0217668502   0.0054132766  -0.0078014229  -0.0153034701  -0.0173483454
12224   0.0210591545   0.0139578776   0.0082973899  -0.0042732942  -0.0132046336
12225   0.0147073811   0.0029396803   0.0128852804  -0.0102735140  -0.0020684805
12226   0.0050377735   0.0113436728   0.0094677682  -0.0077517624  -0.0023018911
12227   0.0095484757  -0.0067989723  -0.0135068339  -0.0232774202  -0.0084342271
12228   0.0150967987   0.1247757005   0.0123774175   0.0035625440  -0.0694661242
12229  -0.0093858746   0.0510997721   0.0594544597   0.0450419776  -0.0832729914
12230  -0.0898781310  -0.0320299330  -0.0138114656  -0.0301970022  -0.0790761434
12231   0.0721512368  -0.1072292893   0.0952992572   0.0220352468  -0.1340611348
12232  -0.0347542563   0.0287399690   0.0565819209  -0.0581450676  -0.0364870267
12233   0.0018933830   0.0079204966  -0.1064408189   0.0083511959   0.0197373407
12234  -0.0791432974   0.0114782209  -0.0067979250  -0.0886497824   0.0654366002
12235   0.0028051335  -0.0001655725  -0.0237198416  -0.1250041511   0.0150151762
12236  -0.0130860551   0.0345675793  -0.0033468868  -0.0009366311  -0.0051123955
12237   0.0000785482   0.0044691400  -0.0251966107   0.0146354001  -0.0048922506
12238  -0.0727708135  -0.0085233167  -0.0035046937  -0.1282137199   0.0361253380
12239   0.0115609222   0.0025157996   0.0520973784   0.0350337787  -0.0338136886
12240   0.0292407790   0.0090404392  -0.0476534692  -0.0114358925   0.0063675293
12241   0.0331771757   0.0037980917   0.0154392844  -0.0014177840  -0.0136682489
12242   0.0278150582   0.0089316749  -0.0047683682  -0.0109236559   0.0032297421
12243  -0.0115355151  -0.0183485989  -0.0154763614   0.0130551399   0.0097419566
12244  -0.0057655282  -0.0053763388  -0.0447054533   0.0005178744   0.0005069885
12245   0.0003215641  -0.0003645561   0.0003919608  -0.0235176052  -0.0005910792
12246   0.0446148850  -0.0002046046   0.0452249268   0.0000166328  -0.0000077431
12247   0.0006673565  -0.0003004876   0.0015359106   0.0000201166
123 1  -0.0062957581  -0.0211558200  -0.0792811541   0.0548333779  -0.0347478589
123 2  -0.0582335528  -0.0484255177   0.0909099978   0.1286485973  -0.0558829250
123 3   0.0668432654   0.0036452701   0.0378230713   0.0469397357   0.0009779219
123 4   0.0206112529   0.0376268350   0.0735251945  -0.0389785011  -0.1213187601
123 5  -0.0114420361  -0.0603740593  -0.0120443058   0.0937421835  -0.0355379318
123 6   0.0281934314  -0.0470624791   0.0164248320  -0.0611382390   0.0433486672
123 7   0.0121409240   0.0140701543  -0.0074855645   0.0074776972  -0.0107269272
123 8  -0.0658984674  -0.0251250386  -0.0121338542  -0.0460173784  -0.0523124700
123 9   0.0505458453   0.0775318603  -0.0236255237  -0.1795764256  -0.0509733411
12310   0.0589858104   0.1264477525  -0.1104322398  -0.2550795877   0.1941750359
12311   0.2168590138  -0.0058491091   0.0960751773   0.1016546080   0.0366071066
12312   0.1768095517  -0.0642988977  -0.1341166570  -0.0261701797  -0.0474486166
12313   0.0502007920  -0.0055845591  -0.0748690980   0.0514653910  -0.1067135271
12314   0.0819347048  -0.0036898592  -0.0401714581   0.0098896604   0.0247018327
12315   0.0113165252   0.0352399569  -0.0003047021  -0.0560620436   0.0792612334
12316  -0.0182303717   0.0911345632  -0.0518103930   0.0260182245  -0.0929104639
12317  -0.1179114140   0.1442560879  -0.1400820058  -0.2056724814   0.2236182188
12318   0.1094646829  -0.0799321198  -0.1345179374  -0.2603345143   0.1723489001
12319   0.0765833230   0.0842571675  -0.0560596166   0.1573833861   0.0851018696
12320  -0.0182302354   0.1986815007  -0.0980197655  -0.1293127125  -0.1122592043
12321   0.1195174076   0.0543164776  -0.0824311416  -0.0370191005  -0.0669728533
12322   0.0060175109   0.0467121410   0.0586437539  -0.0344649071   0.1006793795
12323   0.1001866670   0.0230939631  -0.0738737770  -0.0127177142  -0.0478690393
12324   0.0166444613   0.0087174503  -0.0133891243   0.0250365011  -0.0774375340
12325   0.0724039390  -0.0265671347   0.0621012954   0.0114973336  -0.0270533459
12326  -0.0182216580  -0.0049096184  -0.0126127724   0.0085414215   0.0002924609
12327  -0.0077668936   0.0006013266  -0.0126859737  -0.0224736058  -0.0281911559
12328   0.0018132741  -0.0157790814   0.0043454031   0.0318777551  -0.0461571765
12329   0.0422327591  -0.0028587813   0.0434305876   0.0093301261  -0.0173373283
12330   0.0023932012  -0.0036715213   0.0105732062  -0.0037135818  -0.0004401025
12331  -0.0057633646  -0.0056935223  -0.0105368093  -0.0079544163   0.0044770957
12332   0.0069184566   0.0013301894  -0.0074435820   0.0071186665   0.0038776353
12333   0.0022393862   0.0026278495   0.0118235703  -0.0003410644  -0.0033314370
12334   0.0075598617  -0.0012260221   0.0053099003   0.0081292629  -0.0054218472
12335   0.0002731161  -0.0000336269   0.0014495478   0.0094257318  -0.0012303038
12336   0.0005026534   0.0011572406   0.0042436299  -0.0119934632  -0.0913974754
12337  -0.0039161147   0.1112984132   0.0013358054  -0.0006092569  -0.0003700621
12338  -0.0041395276   0.0001502417   0.0001304550   0.0072834967  -0.0007155323
12339   0.0015599783  -0.0025207952   0.0050817606   0.0002460639  -0.0053688533
12340  -0.0045512831  -0.0009992132  -0.0007953876   0.0178526965   0.0066744635
12341   0.0113509392   0.0033673241  -0.0366394702  -0.0239043837   0.0100919589
12342  -0.0072255436  -0.0013616640  -0.0012030813   0.0004118317   0.0005990468
12343  -0.0022738009   0.0006195552   0.0029148170  -0.0020864602  -0.0019280911
12344   0.0013014862  -0.0058784881  -0.0491493400   0.0001889247   0.0001941167
12345  -0.0007771610   0.0045837639  -0.0014616601   0.0787743916   0.0000596943
12346  -0.0030900399  -0.0000099909  -0.0024163561   0.0000336041   0.0000685399
12347  -0.0003829595   0.0000606945  -0.0010646981   0.0000141637
124 1   0.1019036305   0.1213915163  -0.0552376166   0.0937848117  -0.0559641091
124 2  -0.0245952216   0.0433579133   0.1157942758   0.0170665315  -0.0340836021
124 3  -0.0904994652   0.1050970726   0.0769358096   0.0354700274  -0.0018995959
124 4  -0.0205711211  -0.0032130629   0.0034973655   0.0150884894   0.0064280922
124 5  -0.0030364648   0.0109240638  -0.0121693570   0.0253542077  -0.0141235969
124 6  -0.0281699582   0.0318411869  -0.0078738697  -0.0150612002  -0.0283181010
124 7   0.0074099609   0.0119733172   0.0128090311   0.0102000047   0.0119778313
124 8   0.0214619438   0.0066562616  -0.0013535114  -0.0107779205  -0.0080941382
124 9   0.0009233654   0.0003266181   0.0007429858  -0.0027437785   0.0010863883
12410   0.0074016649  -0.0050068357   0.0038791831  -0.0056476564   0.0175448662
12411   0.0142267874  -0.0061174901   0.0173696991  -0.0030469017  -0.0129345929
12412   0.0026396166  -0.0037146354   0.0045726401   0.0089442388  -0.0130536904
12413   0.0107356670   0.0070249284   0.0014356913   0.0078210847  -0.0197235334
12414   0.0151114342   0.0006358756  -0.0097422006   0.0095444778   0.0074473056
12415   0.0106709658  -0.0000124218   0.0048901275   0.0071758392   0.0087240689
12416  -0.0058485001   0.0018526591  -0.0113054641   0.0041251892  -0.0002407267
12417   0.0082207650   0.0015209052   0.0218199419   0.0345516729  -0.0333087820
12418  -0.0350244894  -0.0271375820   0.0381871656   0.0306476321  -0.0177818797
12419  -0.0253543746  -0.0148207910  -0.0314800230   0.0296134950  -0.0105482397
12420   0.0105143169   0.0225282410  -0.0182578132  -0.0150865010  -0.0049694504
12421   0.0043263871   0.0059345411  -0.0051551694  -0.0155917469  -0.0073984208
12422   0.0033058053   0.0015690472   0.0110551120  -0.0016949252   0.0068281528
12423   0.0134363586   0.0078885578  -0.0089741706  -0.0079995773  -0.0112446536
12424   0.0108802741   0.0099240284   0.0049674696  -0.0048208446  -0.0076969715
12425   0.0103447616  -0.0005466464   0.0072851273   0.0001362510   0.0009098484
12426   0.0043367025   0.0070935820   0.0094488541  -0.0008891393   0.0019098552
12427  -0.0005035732  -0.0005650420  -0.0070274253  -0.0081968551  -0.0036751022
12428   0.0049988688   0.0276804121  -0.0060593154   0.0127936013   0.1462557236
12429   0.0299260329  -0.0251979022  -0.0429992876  -0.0433845989   0.0703800870
12430   0.0026031698   0.0068598787   0.0009937846  -0.0154270536  -0.0314071583
12431   0.0438577821  -0.0444820027   0.0818785645   0.0225272378  -0.1291973548
12432  -0.0287441117   0.0492991442   0.0756368260  -0.0669311586  -0.0384304879
12433   0.0006122774   0.0025067818  -0.0240122321   0.0022519768   0.0004783071
12434  -0.0019518305   0.0000983827   0.0012872676   0.0442162852  -0.0454984952
12435  -0.0028977124  -0.0003698011   0.0267075744   0.1403719902  -0.0250793195
12436   0.0018109727   0.0240072271   0.0355273537  -0.0005631127  -0.0023274532
12437  -0.0005220379  -0.0048720178  -0.0045295102   0.0036195268  -0.0048849036
12438  -0.0571899113   0.0348126025   0.0023230834   0.1203375658  -0.0540724046
12439   0.0297911333  -0.1046759702   0.0044503587  -0.1192018337  -0.0790288171
12440   0.0150889951  -0.0088381932   0.0348949760  -0.0098114052  -0.0018496191
12441   0.0204123602   0.0017456932   0.0069061956  -0.0228368687  -0.0056750525
12442   0.0243556285   0.0216276701   0.0174858426   0.0937253634   0.0361112024
12443   0.1065216696   0.0130886325  -0.1403284952   0.1046542968   0.0606421907
12444  -0.0149999078   0.0012160629  -0.0036525648   0.0001981234   0.0000144461
12445   0.0001927943   0.0009336808  -0.0001073941  -0.0008443260   0.0000214658
12446   0.0005491663  -0.0000154919  -0.0000220567   0.0000124729  -0.0000224183
12447   0.0001738327  -0.0000908172   0.0003465527  -0.0000246225
125 1  -0.0520556522   0.0511268576   0.1238447679   0.1103094933  -0.0061284855
125 2   0.0650643031  -0.1276169394   0.0567774231  -0.0905011892   0.0802687853
125 3  -0.1057964663   0.0936996926  -0.0451745516  -0.1465007993   0.2139761340
125 4  -0.0639956413  -0.1125790552  -0.0297441039   0.0390379091   0.0524590952
125 5  -0.0749464926  -0.1113773133  -0.0456275832   0.0862587662  -0.0413607225
125 6   0.0120302202   0.0287989961  -0.0012982955  -0.0451817748  -0.0093153956
125 7  -0.0030374474   0.0091626300  -0.0137627410  -0.0396311910   0.0442008210
125 8   0.0105474194   0.0215272740   0.0116137871   0.0199254381  -0.0115222132
125 9  -0.0323841034  -0.0102779234   0.0286102347  -0.0065098782   0.0349016174
12510  -0.0150780030  -0.0321519302   0.0182726535  -0.0013320055   0.0385209686
12511   0.0249883815  -0.0149993826   0.0162630715  -0.0031632364  -0.0135957458
12512  -0.0079365472  -0.0033214253  -0.0168988051   0.0213310076  -0.0021162690
12513   0.0424785622  -0.0012967840  -0.0160049842   0.0117245287  -0.0410961540
12514   0.0467685730  -0.0170569390  -0.0371392362   0.0210275574   0.0082930235
12515   0.0302788412   0.0103128991   0.0051774643   0.0030638611   0.0111210138
12516  -0.0092502678  -0.0075537992  -0.0108018986   0.0027166170   0.0052051059
12517   0.0076151756  -0.0012169893   0.0398511208   0.0530167568  -0.0508871882
12518  -0.0565541048  -0.0385766168   0.0655998237   0.0409201981  -0.0277531164
12519  -0.0454918550  -0.0139670672  -0.0360255575   0.0422569106  -0.0008812508
12520   0.0018013729   0.0419298205  -0.0180062737  -0.0206765362  -0.0145937419
12521   0.0107651644   0.0113205293  -0.0077509926  -0.0133580653  -0.0014536438
12522  -0.0061265670   0.0080404881   0.0070851997  -0.0053432120   0.0040924921
12523   0.0085132444   0.0038696952  -0.0032928135  -0.0045316446  -0.0072985223
12524   0.0071191457   0.0046812010   0.0042180835  -0.0035292392  -0.0013020612
12525   0.0019592153   0.0018277459   0.0053702966  -0.0020665401   0.0034369276
12526   0.0037109008   0.0062390414   0.0053594740   0.0024149195  -0.0071643938
12527   0.0049780633   0.0062789568  -0.0019612926   0.0021740349  -0.0009103981
12528   0.0022666329  -0.0107896346  -0.0052387641   0.0094021593  -0.0457169621
12529  -0.0071844618  -0.0356205405  -0.0507381376  -0.0156221761   0.0482503399
12530  -0.0913731746  -0.0079041337  -0.0156482186  -0.0037507069  -0.0412635205
12531   0.0195960484   0.0708440667   0.0671428535   0.0806649483   0.0574165174
12532   0.0198448889  -0.0313289672  -0.0470401368   0.0391562244   0.0201675302
12533   0.0017313457   0.0010084997   0.0093354821  -0.0002522015  -0.0016613454
12534   0.0009082295  -0.0000462197   0.0018728747  -0.0182627760   0.0178303618
12535   0.0004433602   0.0003269047  -0.0126333649  -0.0672537397   0.0121984335
12536  -0.0212852781   0.0763563720   0.0200876353   0.0001259521  -0.0026427825
12537   0.0002933349  -0.0028954434   0.0269719594  -0.0155730871   0.0022325215
12538   0.0249176249   0.0130842129   0.0073312425   0.2399247705  -0.0675913855
12539  -0.0343037677   0.0402200332  -0.1246120612  -0.0100957035   0.1156109207
12540   0.0316609604   0.0114982285  -0.0186940746   0.0075626429   0.0040618327
12541  -0.0059190460  -0.0004162203  -0.0243841734   0.0081852794  -0.0178981223
12542   0.0081295041   0.0290889680  -0.0338707865   0.0283994667   0.0030021443
12543   0.0297383537   0.0592314912   0.0893953964  -0.0605467684  -0.0135064089
12544  -0.0011908098  -0.0041390006  -0.0004082290  -0.0000958242   0.0000057159
12545  -0.0000930992  -0.0004743128   0.0000909787   0.0004463128  -0.0000323738
12546   0.0012915233   0.0000083872  -0.0000072357  -0.0000159719  -0.0000018623
12547  -0.0000608488  -0.0006641865   0.0004858897   0.0000070876
126 1  -0.0054327107  -0.0097037621  -0.0433872766   0.0471705290  -0.0089474832
126 2  -0.0662878518  -0.0341604750   0.0791325308   0.1215492022  -0.0487827307
126 3   0.0293044896   0.0151315872   0.0088394404   0.0262234397   0.0091004118
126 4   0.0566764208  -0.0173588225   0.0323931953  -0.0461741588  -0.1075094696
126 5  -0.0442321910  -0.0553491997   0.0118167472   0.0844305634  -0.0316924078
126 6  -0.0048683669  -0.0313512592   0.0615958206  -0.1128636664   0.0923280551
126 7   0.0038067171   0.0124047367  -0.0133258221   0.0100788773  -0.0003474378
126 8  -0.0964609994  -0.0361631107   0.0129281135  -0.0653905804  -0.0411651974
126 9   0.0583223128   0.1031922281  -0.0812303997  -0.1387811801  -0.0118770073
12610   0.1638980008   0.1588602875  -0.1739924606  -0.2723914642   0.2017768658
12611   0.2015909947   0.0855185767   0.1037821252   0.0940410292   0.0897016889
12612   0.1678661674  -0.0333828014  -0.0413621210  -0.0079157966  -0.0377219929
12613  -0.0033088445   0.0540009786  -0.0043627785   0.0955938155   0.0128451948
12614   0.0534797291  -0.0128987832  -0.0015616476   0.0329157012  -0.0246198059
12615  -0.0280343085   0.0493174449   0.0005908096  -0.0118066183  -0.0309244002
12616  -0.0409273841   0.0053633348  -0.0142152606  -0.0191302037   0.0375153282
12617  -0.0185234221   0.0347562502   0.0488894308  -0.0096865742   0.0017419899
12618  -0.0052234832   0.0168077383  -0.0463389511  -0.0146511843  -0.0104427620
12619  -0.0027972187   0.0188953428  -0.0583365717  -0.0025739200   0.0265923578
12620   0.0177674751  -0.0120676630   0.0405868289   0.0230888416   0.0553734499
12621   0.0339579588   0.0366855998  -0.0546235699  -0.0605174384  -0.0259916539
12622  -0.0521546725   0.0725420511  -0.0262179051   0.0065635394  -0.0549552987
12623  -0.0805903303   0.0132688093   0.0501256425  -0.0192215493  -0.0194878622
12624  -0.0205117262   0.0240141074   0.0585734939  -0.0624256722   0.0974019178
12625  -0.0871988826   0.0524406206  -0.0280768263  -0.0061203378   0.0786300426
12626   0.0604569674   0.0650048686   0.0714286359   0.0281573573  -0.0253146903
12627   0.0438997001   0.0398240366   0.0041147613   0.0141158243   0.0095341758
12628   0.0164634686   0.0373131723  -0.0154030522  -0.0008665337   0.0584585565
12629  -0.0936979294   0.1349639072  -0.1649071432  -0.1602876177  -0.0928739143
12630  -0.0359161005   0.0612508582   0.0981640701  -0.0318408761  -0.0387638352
12631  -0.0240590743  -0.0012919297  -0.0112798698  -0.0014562058  -0.0007705871
12632   0.0703913316   0.0351537328  -0.0349498548   0.0135186140   0.0096918766
12633   0.0262765712   0.0283253940   0.0106813070   0.0088512323  -0.0122920539
12634  -0.0076379293   0.0006064791   0.0313068079   0.0021251156   0.0035825012
12635  -0.0050200747  -0.0000288202  -0.0002059809  -0.0040587603   0.0024166572
12636   0.0002763608  -0.0049999487  -0.0061160069  -0.0012070941  -0.0117856506
12637   0.0033354383  -0.1003771722  -0.0031913669   0.0017301628   0.0000452022
12638   0.0018375766  -0.0027416679  -0.0001379741  -0.0189323462   0.0064693488
12639   0.0003300684   0.0046316826   0.0058247489   0.0096937042  -0.0004564826
12640  -0.0046482790   0.0001934137  -0.0059325724  -0.0074463745  -0.0012158811
12641   0.0046117384   0.0015770002  -0.0154949005  -0.0095469559   0.0058193392
12642  -0.0050670338  -0.0035696723   0.0005217481  -0.0066764146  -0.0015587303
12643  -0.0085471856  -0.0034446563   0.0050110465  -0.0044523581  -0.0044389773
12644   0.0016952072  -0.0004129840   0.0009463364   0.0000064784   0.0000847059
12645   0.0000428593   0.0007628566  -0.0000260273  -0.0007595998  -0.0000045820
12646  -0.0001286005  -0.0000074299   0.0003003551  -0.0000058790  -0.0000019520
12647   0.0000138792   0.0000234849  -0.0000375021   0.0000000626
127 1   0.1251556399   0.1435946187  -0.0535195267   0.1347206677  -0.0546341084
127 2  -0.0259701742   0.0394048541   0.1247421343   0.0163660006  -0.0039811756
127 3  -0.1119218269   0.1002111262   0.0486268747  -0.0033344484   0.0414129190
127 4  -0.0276607954  -0.0379070504   0.0071038066   0.0324464265   0.0113311938
127 5  -0.0197592135  -0.0125152882  -0.0191937711   0.0426701351  -0.0067842775
127 6  -0.0232523085   0.0499674253  -0.0002860427  -0.0248181626  -0.0399200972
127 7   0.0002927838   0.0095056788   0.0093845787  -0.0024473814   0.0386176918
127 8   0.0395197598   0.0182039779   0.0028910106  -0.0036033340  -0.0096157983
127 9  -0.0101714024  -0.0109853756   0.0187037784   0.0003175048   0.0194594832
12710  -0.0096268456  -0.0316131271   0.0149514633   0.0048538815   0.0303051504
12711   0.0191112356  -0.0139908839   0.0284983877  -0.0037618446  -0.0332372295
12712  -0.0035663121  -0.0038283241   0.0031304845   0.0146554334  -0.0084568493
12713   0.0326399267   0.0032921004  -0.0087111333   0.0095303429  -0.0409014752
12714   0.0504259076  -0.0117291286  -0.0378855387   0.0262220052   0.0126931618
12715   0.0419229899   0.0103442724   0.0059645803   0.0034649805   0.0042789117
12716  -0.0063230316  -0.0206116021  -0.0147918378   0.0062768165   0.0018746575
12717   0.0146416861  -0.0139136063   0.0805461411   0.1152896174  -0.1139574556
12718  -0.1172295052  -0.0645881948   0.1369905025   0.1133660286  -0.0699289549
12719  -0.0922813132  -0.0459543264  -0.0725491651   0.0697746714  -0.0215512883
12720   0.0192866071   0.0592638784  -0.0427384838  -0.0318997564  -0.0112095954
12721  -0.0033566111   0.0139225771  -0.0135358875  -0.0152657548  -0.0071889754
12722   0.0208553661  -0.0174523637   0.0263322926  -0.0086221558   0.0230047600
12723   0.0433069013   0.0067384466  -0.0271195324  -0.0136191564  -0.0138797805
12724   0.0301098818   0.0111570097  -0.0101923755   0.0144989558  -0.0492163240
12725   0.0502052326  -0.0129525882   0.0178928976  -0.0044031518  -0.0339677705
12726  -0.0173305038  -0.0144228556  -0.0138887561  -0.0280960554   0.0179237677
12727  -0.0213129593  -0.0315024852  -0.0247902431  -0.0400016134  -0.0066667552
12728   0.0162576926   0.1888518419   0.0081319939   0.0187178471   0.1824452762
12729   0.0498187943   0.0709879430   0.0697751148  -0.0441055869   0.0213919584
12730   0.1893318411   0.0587342498   0.0350765992   0.0511771572   0.1172583623
12731  -0.1349862093   0.0720296357  -0.0920852425  -0.0234995031   0.0615167976
12732   0.0133433647  -0.0026031041  -0.0142100175   0.0140721427   0.0095274636
12733   0.0031082963   0.0030375737  -0.0172952722   0.0019490481   0.0023034647
12734  -0.0107472863   0.0015231634  -0.0034477202   0.0043968518  -0.0076917758
12735  -0.0020133674  -0.0000770386   0.0110015066   0.0605851837  -0.0007576510
12736  -0.0231887672   0.0999002002   0.0430216610   0.0000525373   0.0031124708
12737  -0.0003361044   0.0051549939   0.0246913075  -0.0152943307   0.0068826778
12738   0.1008622207  -0.0166717488  -0.0008619668  -0.0526607603   0.0251937627
12739  -0.0135693244   0.0383030593   0.0178595841   0.0499902901   0.0102495869
12740  -0.0084749470   0.0016340753  -0.0102709990   0.0006960228  -0.0015198317
12741  -0.0116770729   0.0006607105  -0.0220884207   0.0242420646  -0.0216641311
12742   0.0130509902  -0.0081523654   0.0120756645   0.0099605537   0.0068386955
12743  -0.0155191846  -0.0070986248   0.0059344451  -0.0051199819  -0.0028127963
12744   0.0003755721  -0.0229929402   0.0034124031   0.0000857566  -0.0003676014
12745  -0.0003696566  -0.0140945122   0.0019606087   0.0021956145  -0.0007155482
12746   0.0654742968   0.0001915490  -0.0619816589   0.0000076370  -0.0000273355
12747  -0.0001079139  -0.0019302909   0.0000390720   0.0000017712
128 1  -0.0492551116   0.0504154729   0.1182900521   0.1135036114  -0.0054752438
128 2   0.0623565594  -0.1268152453   0.0578165941  -0.0899078458   0.0832289885
128 3  -0.1032382534   0.0921404674  -0.0467463126  -0.1475961674   0.2163082955
128 4  -0.0645816607  -0.1146475307  -0.0264408806   0.0440709503   0.0516969518
128 5  -0.0773336697  -0.1153630877  -0.0515218176   0.0843683230  -0.0370330795
128 6   0.0152187618   0.0314508668   0.0064943155  -0.0505029188  -0.0107559661
128 7  -0.0041645515   0.0110745832  -0.0089385630  -0.0425478720   0.0516196025
128 8   0.0143975067   0.0196924325   0.0156062245   0.0193344771  -0.0099399942
128 9  -0.0345437725  -0.0112421924   0.0300682004  -0.0080563479   0.0424644202
12810  -0.0164209061  -0.0383412898   0.0207857278  -0.0015882383   0.0439166929
12811   0.0219258744  -0.0063655015   0.0135703120  -0.0044693197  -0.0121909956
12812  -0.0093807050  -0.0066216009  -0.0086873825   0.0248057952   0.0034536825
12813   0.0443151179   0.0038925057  -0.0125017067   0.0174810427  -0.0347917807
12814   0.0461173618  -0.0153381111  -0.0352750635   0.0239222919  -0.0023256403
12815   0.0308420273   0.0149523283   0.0019878779  -0.0061990083   0.0041562820
12816  -0.0080481334  -0.0233448133  -0.0015181349  -0.0050418464   0.0084903958
12817   0.0014646650  -0.0126208553   0.0552891405   0.0680006961  -0.0640742564
12818  -0.0719193603  -0.0389802548   0.0817788569   0.0583154889  -0.0380303567
12819  -0.0554351436  -0.0191416287  -0.0393052023   0.0394615827  -0.0019642959
12820   0.0033624395   0.0400795163  -0.0181619863  -0.0175097924  -0.0101379277
12821   0.0040811779   0.0104034249  -0.0118818819  -0.0032371022  -0.0004246994
12822   0.0071939583  -0.0043351444   0.0112575783  -0.0087653363   0.0134827136
12823   0.0200261673   0.0055395102  -0.0116145154  -0.0020507817  -0.0047272552
12824   0.0116649197   0.0011915488  -0.0056235062   0.0071628270  -0.0190361703
12825   0.0185984780  -0.0047839779   0.0094813804   0.0002237524  -0.0111196095
12826  -0.0062998186  -0.0046707823  -0.0060647795  -0.0046423942  -0.0010641743
12827  -0.0026350058  -0.0034418470  -0.0046602845  -0.0036405492  -0.0025848789
12828   0.0015810727   0.0031916990  -0.0006815544   0.0056161667  -0.0543743015
12829  -0.0031261179  -0.0363693981  -0.0315685983  -0.0028073311   0.0481287198
12830  -0.0982560846  -0.0103797362  -0.0249062149   0.0019812707  -0.0410016786
12831   0.0130752503   0.1010319033   0.0818993625   0.1157403562   0.1113311293
12832   0.0328956485  -0.0741482584  -0.1008189014   0.1374958518   0.0721343920
12833  -0.0031263933  -0.0116885065   0.1138231701  -0.0110053736  -0.0282525781
12834   0.1086376983  -0.0156910898   0.0097060485   0.1262396027  -0.0741142152
12835  -0.0038317990  -0.0001557601   0.0283410045   0.1473442316  -0.0192427358
12836   0.0227919403  -0.0753884921  -0.0140920749   0.0006734273   0.0069915445
12837  -0.0005392858   0.0032956802  -0.0216492239   0.0120533358  -0.0015860338
12838  -0.0107090447   0.0001981680  -0.0055959601  -0.1424615549   0.0301518062
12839   0.0251607505  -0.0425693783   0.0548491012  -0.0371250479  -0.0809812014
12840   0.0775999836   0.0040187292   0.0374286937  -0.0128936346  -0.0132491735
12841  -0.0350067728  -0.0039416274  -0.0213884881   0.0082822582   0.0113009036
12842  -0.0255100276   0.0019463699  -0.0050432463  -0.0243451435  -0.0141874094
12843  -0.0215111065  -0.0056435518   0.0057898316  -0.0084871182  -0.0202106027
12844   0.0136047820  -0.0331824620   0.0052130971   0.0002026163  -0.0006963975
12845  -0.0008672000  -0.0348721483   0.0049206556   0.0028557120   0.0001007051
12846  -0.0061907301  -0.0000364035   0.0066072217   0.0000266636  -0.0000074150
12847   0.0000322095  -0.0004012601   0.0000671765  -0.0000123572
129 1   0.0006097502  -0.0473204532  -0.1017095003   0.0433960368  -0.0001317386
129 2  -0.1099724381  -0.0137006046   0.0813637626   0.1328509589  -0.0503898730
129 3   0.0734729660   0.0104509192   0.0192021789   0.0534078227  -0.0226761602
129 4   0.0620053801  -0.0037221090   0.0873318246  -0.0092631702  -0.1164131388
129 5  -0.0628453830  -0.0810408518  -0.0611293597   0.0357559751   0.0289462671
129 6   0.0415774922  -0.0192400996   0.1806830606  -0.2072752149   0.0927907855
129 7   0.0064255867   0.0448984831   0.0543395221  -0.0157803220   0.0672165770
129 8  -0.0851330441  -0.0686132078   0.0456742079  -0.0787502419  -0.0247002333
129 9   0.0369028543   0.1043786959  -0.1021612855  -0.1253163629   0.0784293673
12910   0.1833401483   0.0945618443  -0.1584633601  -0.2662674199   0.2474933381
12911   0.1535886089   0.2083209505   0.0587622840   0.0706123023   0.1253579495
12912   0.1435162883  -0.0796279695   0.0890976697   0.0375097575   0.0373084626
12913  -0.0037539033   0.1402819767   0.0646729473   0.1777899110   0.1326379885
12914  -0.0037700567   0.0263025162   0.0824231858   0.0616261942  -0.1875700481
12915  -0.0640212678   0.0905592866  -0.0295474077  -0.1336786708  -0.1396003808
12916  -0.0244154234  -0.1936079490   0.1345075269  -0.1474700611   0.0948883262
12917  -0.1097137267  -0.1128759717   0.1863512868   0.0783044544  -0.0761491839
12918  -0.1026287953   0.0745664218   0.0286984394   0.1119898992  -0.0888246410
12919  -0.0381095690  -0.0022060490  -0.0377564112  -0.1217081608   0.0241751882
12920   0.0205365868  -0.1123515128   0.0875900215   0.1122585837   0.1192525733
12921  -0.0636377369   0.0047103981  -0.0665876321   0.0766416033  -0.0027613643
12922   0.0973465431  -0.0941339923   0.0089167384  -0.0263318617   0.0575614342
12923   0.0344617792   0.0271719101  -0.0498803446   0.0213488818   0.0254027213
12924   0.0043118141  -0.0301058095  -0.0762856534   0.0773575402  -0.1149195095
12925   0.1098993180  -0.0266958968   0.0396337030   0.0248772487  -0.0701013208
12926  -0.0352607564  -0.0488293715  -0.0597709457  -0.0540259161   0.0340829778
12927  -0.0475339094  -0.0489901758   0.0056868132  -0.0186586371  -0.0029419400
12928  -0.0246623735  -0.0260628494   0.0197130832  -0.0477829011  -0.0274971435
12929  -0.0057607607  -0.0308181184   0.0072159734   0.0119758565   0.0015652449
12930  -0.0131229392   0.0039631101  -0.0057048200  -0.0008506027  -0.0127988871
12931   0.0176970284  -0.0127568550   0.0048055241  -0.0058487347  -0.0143056421
12932   0.0024020989   0.0096290955   0.0053054573  -0.0104199837  -0.0052510103
12933   0.0042060409   0.0055778696  -0.0041234303   0.0023988400  -0.0016808240
12934  -0.0068376190   0.0007439653   0.0021417434  -0.0090274617   0.0060412941
12935  -0.0007466918   0.0000536576  -0.0023094819  -0.0129580620   0.0001516133
12936  -0.0004555408   0.0021673999   0.0014825642   0.0142321924   0.1143489061
12937  -0.0025657151   0.0872095183   0.0016779873  -0.0011686994  -0.0004690685
12938  -0.0089920331   0.0004336171   0.0004256189   0.0129722060  -0.0037954102
12939  -0.0015042266   0.0021117518  -0.0086258645   0.0012044825   0.0109533699
12940  -0.0126212523  -0.0010265443  -0.0072035741  -0.0414002579  -0.0110840370
12941   0.0044975687   0.0017407445  -0.0155322740  -0.0103393236   0.0044435342
12942  -0.0029090106  -0.0005161169  -0.0006706713  -0.0011054378  -0.0010085102
12943   0.0030813668   0.0014503746   0.0006123009  -0.0001696297   0.0008676853
12944  -0.0004981069   0.0570181706  -0.0088546244  -0.0003930464   0.0002723870
12945  -0.0020757090  -0.0711457559   0.0110248717   0.0050288685  -0.0000580747
12946   0.0027960443   0.0000087770  -0.0026103918  -0.0000461895  -0.0000057117
12947  -0.0000781073  -0.0009518960  -0.0000143718  -0.0000141186
130 1   0.0924669687   0.1098580338  -0.0562297207   0.0778655521  -0.0545939019
130 2  -0.0224683755   0.0451207261   0.1110962745   0.0160896689  -0.0451297301
130 3  -0.0816776697   0.1063190202   0.0877100326   0.0507465575  -0.0184850444
130 4  -0.0178314487   0.0086567698  -0.0012521257   0.0130543024   0.0066108295
130 5   0.0024175612   0.0208569027  -0.0134971776   0.0136718554  -0.0170792582
130 6  -0.0294122585   0.0292493515  -0.0113347865  -0.0108305422  -0.0261146715
130 7   0.0083840195   0.0145609847   0.0167014160   0.0141834899   0.0050231183
130 8   0.0194753777   0.0027012934  -0.0026758207  -0.0090989793  -0.0049851805
130 9   0.0044264181   0.0008258153  -0.0039505215  -0.0003620742  -0.0060654625
13010   0.0043314390  -0.0004918357   0.0043470282   0.0020859808   0.0010636669
13011  -0.0003480644  -0.0009206041   0.0059726218  -0.0065197466  -0.0061115402
13012  -0.0023156798  -0.0000554974   0.0091835475   0.0049354239  -0.0084472840
13013  -0.0013376978   0.0030757497   0.0037423766   0.0013637402  -0.0088622359
13014  -0.0014416628   0.0039596698  -0.0003430677   0.0027631204   0.0079092490
13015   0.0017786100  -0.0071209933   0.0025697746   0.0102703618   0.0063070149
13016   0.0005946687   0.0067244730  -0.0090947537   0.0096253536  -0.0042406331
13017   0.0097269570   0.0049883778   0.0003223700   0.0143983455  -0.0134449267
13018  -0.0085466928  -0.0121410676   0.0109913966   0.0131056683  -0.0048734618
13019  -0.0050282079  -0.0103550728  -0.0111682930   0.0128091939  -0.0115541388
13020   0.0085814969   0.0047329670  -0.0109422826  -0.0075916814  -0.0015666792
13021  -0.0021985134   0.0008344047   0.0026120153  -0.0049455201  -0.0039150063
13022   0.0038321225  -0.0027489932   0.0038557750   0.0026722820   0.0026969720
13023   0.0045482455   0.0030408310  -0.0047789641  -0.0011857783  -0.0037827734
13024   0.0026031719   0.0036379997   0.0023760031  -0.0039751678   0.0005249996
13025   0.0018961745  -0.0020020488  -0.0014982739   0.0027367237  -0.0004639490
13026  -0.0004790562  -0.0010219880   0.0022830844   0.0043516181   0.0034783701
13027  -0.0013420768  -0.0002052295  -0.0016341670  -0.0001623070  -0.0016745648
13028  -0.0011025713  -0.0163618967  -0.0096616427   0.0082304595   0.1248632317
13029   0.0236227837  -0.0415471067  -0.0373698192  -0.0068795618   0.0458030436
13030   0.0044394071  -0.0071784030  -0.0133397515  -0.0057239276  -0.0070773699
13031   0.0254949093  -0.1027465178   0.0023890271  -0.0661333482  -0.1079550642
13032  -0.0486359482   0.0199305841   0.0641162294   0.0066098187   0.0160454515
13033  -0.0133612900  -0.0182077952   0.0773838049  -0.0114091315  -0.0129565749
13034   0.0808138625  -0.0127274928  -0.0031673703   0.0984281254  -0.0712539146
13035  -0.0027306358   0.0009902934   0.0157803155   0.0779491372  -0.0068945292
13036   0.0030333696  -0.0032613951   0.0038385044   0.0008363844   0.0004180652
13037  -0.0000604176  -0.0067090700  -0.0033185875   0.0006868295  -0.0107766939
13038  -0.1444106737  -0.0036486796   0.0036135445   0.0654141780  -0.0010385042
13039  -0.0146322762   0.0643172635   0.0412844882   0.1205932952   0.0221468324
13040  -0.0017953537   0.0105321200  -0.0539232931   0.0038730191   0.0033850338
13041  -0.0101674437   0.0003680170  -0.0123525037   0.0326191224  -0.0082403755
13042  -0.0131044506  -0.0490586209   0.0256105590  -0.0583478113  -0.0131955216
13043  -0.1845808648  -0.0462124662   0.1551108811  -0.1511316057  -0.2180806638
13044   0.1113271728  -0.0023303533   0.0023666545  -0.0002009840  -0.0000715702
13045  -0.0002176917  -0.0011305398   0.0000741493   0.0009774793  -0.0000259835
13046   0.0002802777   0.0000118474   0.0006264270  -0.0000137837   0.0000173079
13047   0.0004496615   0.0028046028   0.0007935694   0.0000304876
131 1  -0.0712256298   0.0281810009   0.1171406690   0.0754836893  -0.0054406696
131 2   0.0648568158  -0.1228782341   0.0483435545  -0.0901264177   0.0547164998
131 3  -0.0844466880   0.0981231921  -0.0195059482  -0.1106705757   0.1749281564
131 4  -0.0581412733  -0.0830587336  -0.0326257137   0.0298776084   0.0485047782
131 5  -0.0626340344  -0.0900028796  -0.0472276575   0.0662186822  -0.0442813523
131 6   0.0100835839   0.0190556449  -0.0009244448  -0.0412251243  -0.0011091481
131 7   0.0003704648   0.0146636952  -0.0059895699  -0.0310770630   0.0281806685
131 8   0.0009172383   0.0099807740   0.0107490885   0.0166668781  -0.0077415186
131 9  -0.0240032446  -0.0040847844   0.0150915577  -0.0073706842   0.0250739800
13110  -0.0084432846  -0.0178449005   0.0111572789  -0.0021941412   0.0232585785
13111   0.0093992391   0.0006362408  -0.0006706702  -0.0046723610   0.0047330555
13112  -0.0082711709  -0.0029161186  -0.0056293625   0.0187668055   0.0013495635
13113   0.0209676775   0.0035803342  -0.0048010309   0.0115475249  -0.0151447786
13114   0.0134025627  -0.0047575676  -0.0094035026   0.0085405561  -0.0039330141
13115   0.0058925665   0.0021435826   0.0021901881   0.0000603736   0.0044553246
13116  -0.0026783331  -0.0039589934   0.0017287532  -0.0019661943   0.0045546226
13117  -0.0011148603   0.0006349164   0.0034299584   0.0029798489  -0.0008792720
13118  -0.0033614972  -0.0059257794   0.0000834951  -0.0048663053   0.0026394225
13119  -0.0001161314   0.0030883282  -0.0008561728   0.0034527766   0.0037502537
13120  -0.0028739455   0.0046970714   0.0017518272  -0.0009769003  -0.0055505522
13121   0.0039921758   0.0016356382   0.0002056874   0.0038129619   0.0022340095
13122  -0.0031778155   0.0019723672  -0.0026063234   0.0012307142   0.0008433416
13123  -0.0037460360   0.0019631831   0.0011917046   0.0050942283   0.0012751956
13124  -0.0044597464  -0.0030259413   0.0012915290  -0.0033567198   0.0096782798
13125  -0.0094210084   0.0021483518  -0.0030693076   0.0037462071   0.0066542381
13126   0.0012004772  -0.0008403768  -0.0002900731   0.0116767534  -0.0056899285
13127   0.0036279703   0.0095291836   0.0074746915   0.0159556023   0.0001497693
13128  -0.0086384881  -0.1039094352  -0.0101812792  -0.0017185108  -0.0392398396
13129  -0.0091521677  -0.0689233471  -0.0693588681  -0.0041577350   0.0327796786
13130  -0.0268030480   0.0115723293  -0.0009747835   0.0265946372   0.0435313310
13131  -0.0735015206  -0.0351533998  -0.1082979910  -0.1159285859   0.0269420785
13132  -0.0038947433   0.0006247924   0.0025478791   0.0412078381   0.0487551217
13133  -0.0030789627  -0.0042152978   0.0215582986  -0.0002139096   0.0023478746
13134  -0.0067383522   0.0012624057  -0.0020365753  -0.0467460610   0.0204087660
13135   0.0070708186  -0.0000645282  -0.0117407770  -0.0692546017  -0.0080493725
13136   0.0058900703  -0.0036331887   0.0173414793   0.0000253480   0.0016785628
13137  -0.0003925386   0.0020887027   0.0467936522  -0.0286476730   0.0037380578
13138   0.0761077091   0.0064953536   0.0076881864   0.1298119145  -0.0149145412
13139   0.0107529555  -0.0120702748   0.1662061804   0.0659338483  -0.1615630645
13140   0.0111921374  -0.0060755498   0.0106843573  -0.0100978892  -0.0074056173
13141   0.0076572053   0.0044574102   0.0099675165  -0.0036683016   0.0017522386
13142   0.0381783644  -0.0415920097   0.0308284870  -0.0553235037   0.0449788491
13143  -0.2227987911  -0.1861683802  -0.1196599213   0.0985961964   0.0546027677
13144  -0.0204944915   0.0009724633  -0.0013784143   0.0001471568  -0.0000033914
13145   0.0000869703   0.0002910777  -0.0000816236  -0.0005616143   0.0000159724
13146   0.0006289509  -0.0000134889  -0.0002440838  -0.0000041092  -0.0000136704
13147   0.0002420460   0.0014688687  -0.0030092904  -0.0000009040
132 1  -0.0142080586  -0.0151611873  -0.0227074008   0.0334774994   0.0069424600
132 2  -0.0329400092  -0.0399613613   0.0660245786   0.1043293445  -0.0406352183
132 3   0.0232953156   0.0105663842  -0.0008479116   0.0207569131   0.0200914592
132 4   0.0621564532  -0.0382020185  -0.0267611062  -0.0193638602  -0.0889436826
132 5  -0.0488621001  -0.0196376401   0.0167496220   0.0516167533  -0.0515333463
132 6  -0.0210895365   0.0004296298   0.0237777004  -0.0559342379   0.0829117277
132 7  -0.0126536105   0.0027937427  -0.0304544854   0.0217199744   0.0006059731
132 8  -0.0646046113  -0.0205924665   0.0222594516  -0.0462327465  -0.0103872229
132 9   0.0803510479   0.0666527822  -0.0531875515  -0.1057922931  -0.0507625973
13210   0.0938088944   0.1574767693  -0.1369676858  -0.1870303886   0.0805507167
13211   0.1058722446   0.0743533244   0.0588271192   0.0751648174   0.0693354697
13212   0.1262960425   0.0106711756  -0.0470996071  -0.0652371936  -0.0095565325
13213  -0.0437587042  -0.0256895092  -0.0369964228   0.0086822277   0.0124764098
13214   0.0322762738  -0.0411364197  -0.0431916224   0.0202615577   0.0479401411
13215   0.0031695244   0.0166119510  -0.0128065885   0.0408547009  -0.0314665604
13216   0.0094311267   0.0519151997  -0.0641546999   0.0811287382  -0.0057848816
13217   0.0542600824   0.0577623103  -0.0105658515   0.0243748296  -0.0350816993
13218   0.0254075158   0.0217667342  -0.0193197027   0.0328966038  -0.0252445017
13219   0.0002370486  -0.0249639468  -0.0057641427   0.0070365029  -0.0196147876
13220   0.0308304934  -0.0249581227   0.0130930856   0.0041284710   0.0375859374
13221  -0.0095077211   0.0134146974  -0.0110510362  -0.0155835728  -0.0125765237
13222  -0.0390862474   0.0368978051  -0.0459044683   0.0239060677  -0.0672886708
13223  -0.0835193483  -0.0240468461   0.0615702226   0.0090713602   0.0165162385
13224  -0.0280169886  -0.0036312566   0.0348435007  -0.0395262229   0.1045300801
13225  -0.0959592073   0.0151723708  -0.0914981491  -0.0064709575   0.0039766898
13226  -0.0230272430  -0.0347551272  -0.0138980726   0.0358677269  -0.0048163716
13227  -0.0009407799   0.0031694461  -0.0120314374   0.0259543790   0.0269598187
13228   0.0093526618   0.0247578138  -0.0292504614   0.0179705980   0.0293591537
13229  -0.0492201296   0.0467902753  -0.0284259013   0.0567824878   0.0157784938
13230   0.0261203738  -0.0444670474  -0.1234776205   0.0534510940   0.0534237986
13231   0.0325741948   0.0202959634  -0.0066330489   0.0053582998   0.0577653826
13232  -0.2241735892  -0.1811793797   0.0991761871  -0.0133340478  -0.0168968341
13233  -0.1694511408  -0.1867968413  -0.0290554961  -0.0372820380   0.0504100124
13234   0.0413118879  -0.0027236451  -0.1207503587  -0.0015919816  -0.0089652228
13235   0.0076651497   0.0000555474  -0.0028026746  -0.0107629573  -0.0054940707
13236   0.0014341700  -0.0008319736   0.0039488572   0.0001059117   0.0014101832
13237  -0.0004311057   0.0102774305  -0.0024339395   0.0016384416   0.0007843771
13238   0.0103229566   0.0012431569  -0.0007235936  -0.0067117268  -0.0004066675
13239   0.0010016946  -0.0041947839  -0.0065764874  -0.0109912678   0.0022625441
13240  -0.0001355345  -0.0007990028   0.0043765412   0.0000380107  -0.0001729745
13241   0.0001669863  -0.0001737470   0.0003248461  -0.0022326138   0.0002094315
13242   0.0002037466   0.0044437044  -0.0023088048   0.0052602184  -0.0006557878
13243   0.0190193298   0.0074271545  -0.0084186611   0.0092535675   0.0161686125
13244  -0.0092803221   0.0004257654  -0.0003145147  -0.0000246096  -0.0000499879
13245  -0.0000262950   0.0000952225  -0.0000734637  -0.0001719861   0.0000006806
13246  -0.0000041538   0.0000128268   0.0000857496   0.0000067828   0.0000067722
13247  -0.0000335075  -0.0002179680   0.0000619587   0.0000005495
133 1   0.1041283155   0.1233281634  -0.0500326590   0.0973103611  -0.0529281708
133 2  -0.0224661894   0.0430093196   0.1155310702   0.0150881447  -0.0278944643
133 3  -0.0953267944   0.1034386371   0.0703794340   0.0277100143   0.0054866521
133 4  -0.0208759237  -0.0108984919  -0.0011932337   0.0214604828   0.0104625051
133 5  -0.0087369996   0.0092001952  -0.0146987334   0.0213892008  -0.0142437485
133 6  -0.0287464713   0.0353317992  -0.0100160996  -0.0126389970  -0.0296252492
133 7   0.0071998826   0.0112718150   0.0132475754   0.0097180806   0.0136608356
133 8   0.0246244501   0.0091601166  -0.0005748910  -0.0091277140  -0.0039962690
133 9   0.0020112427  -0.0030529926   0.0004360120   0.0037025662  -0.0009846904
13310   0.0025342976  -0.0062137155   0.0090148290   0.0055756532   0.0036441510
13311   0.0009011662  -0.0033051683   0.0092889187  -0.0085130452  -0.0100964333
13312  -0.0064661377   0.0010313138   0.0093989936   0.0073821940  -0.0083980337
13313   0.0041767353   0.0022005250   0.0022553377   0.0026765282  -0.0143326563
13314   0.0061234822   0.0006012285  -0.0075810795   0.0063561870   0.0100734288
13315   0.0096853113  -0.0061979572   0.0036706278   0.0113485989   0.0086426374
13316  -0.0016510434   0.0026683539  -0.0101888282   0.0085105416  -0.0023886507
13317   0.0125100219   0.0016090353   0.0134292584   0.0320658800  -0.0306057385
13318  -0.0268293426  -0.0222512427   0.0323293738   0.0288229069  -0.0153469726
13319  -0.0210803788  -0.0159169167  -0.0209564990   0.0238100063  -0.0117884850
13320   0.0094342181   0.0161205661  -0.0153754960  -0.0121893697  -0.0042675265
13321   0.0008893971   0.0044595024   0.0019748387  -0.0088678079  -0.0026689109
13322  -0.0000088280   0.0011219989   0.0052829839   0.0007325088   0.0013771190
13323   0.0053596157   0.0029544183  -0.0038619682  -0.0020226686  -0.0053790200
13324   0.0036146442   0.0050703624   0.0055165045  -0.0069697131   0.0045069317
13325  -0.0018548250  -0.0014813118  -0.0033077303   0.0027785888   0.0007570948
13326  -0.0000291149  -0.0014034692   0.0027737175   0.0085239450   0.0019140683
13327   0.0031862078  -0.0016600558  -0.0036436662  -0.0032103702  -0.0060240084
13328  -0.0033555387  -0.0251809140  -0.0094279764   0.0127847447   0.0686391914
13329   0.0208616283  -0.0542434135  -0.0413757271   0.0071378822   0.0313687218
13330  -0.0331837896  -0.0441872115  -0.0057531024  -0.0409082988  -0.0333205469
13331   0.0839368967  -0.0734982285  -0.0708550895  -0.1123516172   0.0031143792
13332   0.0060803031   0.0230383416   0.0124288829  -0.0900146415  -0.0493169406
13333  -0.0066186105  -0.0107572649   0.2321118081  -0.0188920252  -0.0279541050
13334   0.1307144942  -0.0195709929   0.0284843277   0.0604570768  -0.0332252841
13335   0.0003464091   0.0009220245  -0.0189236338  -0.0879896840  -0.0286178212
13336   0.0068893237   0.0069081029   0.0302215633  -0.0005069284  -0.0012331243
13337  -0.0007020832   0.0013857179  -0.0201084188   0.0133062913   0.0000622314
13338   0.0103132320   0.0077368788  -0.0014446196  -0.0331351014   0.0173748623
13339   0.0218033898   0.0068087859  -0.0339656091   0.0079998068   0.0605416900
13340  -0.0173457639   0.0066381882  -0.0233419024   0.0163759248   0.0048992206
13341  -0.0291160503  -0.0027088910  -0.0374365078   0.0567702807  -0.0225728002
13342  -0.0339190713   0.0181424940  -0.0153266100  -0.1596827798  -0.1307092934
13343   0.1541064769   0.0295346008  -0.0421101694   0.0685663220   0.2418826701
13344  -0.1658834692  -0.0000191846  -0.0003865247   0.0001145392   0.0000899087
13345   0.0001441434   0.0003002626   0.0000804380  -0.0003895303   0.0000075352
13346   0.0001472053  -0.0000035104  -0.0000856977   0.0000897506   0.0000270695
13347   0.0005440653   0.0063188104  -0.0002973377  -0.0000421462
134 1  -0.0878090485   0.0092791195   0.1100310026   0.0439279344  -0.0045914292
134 2   0.0639057477  -0.1180511200   0.0404348585  -0.0895979822   0.0307032540
134 3  -0.0666714113   0.1037248964   0.0048556614  -0.0768331145   0.1389716179
134 4  -0.0531410949  -0.0563713462  -0.0346365585   0.0201503455   0.0454454541
134 5  -0.0518589670  -0.0720130316  -0.0501916596   0.0459952453  -0.0444217508
134 6   0.0074488811   0.0079651909  -0.0003860136  -0.0351411775   0.0056153765
134 7   0.0030170717   0.0185889643   0.0012407570  -0.0242113990   0.0140706234
134 8  -0.0061361585  -0.0005153060   0.0117692024   0.0151554918  -0.0051936075
134 9  -0.0186903193   0.0017241739   0.0032907027  -0.0071847511   0.0196674062
13410  -0.0019044914  -0.0074885488   0.0034540147  -0.0025785019   0.0120302372
13411  -0.0033944183   0.0148435241  -0.0131092700  -0.0061949221   0.0218550749
13412  -0.0097848391  -0.0021997891   0.0068472635   0.0196581245   0.0028749125
13413   0.0010271413   0.0103184048   0.0069731091   0.0132096094   0.0078359264
13414  -0.0130902073   0.0061566633   0.0145231476  -0.0024825886  -0.0137833798
13415  -0.0123725754  -0.0045030588   0.0023765803  -0.0008856621  -0.0004141866
13416   0.0018742544  -0.0027285173   0.0121859974  -0.0083037095   0.0061022599
13417  -0.0089385721  -0.0000867060  -0.0170384222  -0.0267050309   0.0286642400
13418   0.0271734179   0.0148072336  -0.0391618123  -0.0303638696   0.0200928319
13419   0.0251287743   0.0118206682   0.0188975876  -0.0201109878   0.0058184162
13420  -0.0049943292  -0.0174983098   0.0128366517   0.0106513676   0.0010850443
13421   0.0006966724  -0.0022964838   0.0037360676   0.0114243375   0.0042364097
13422  -0.0026551900   0.0012747518  -0.0066759764   0.0060674854  -0.0017566034
13423  -0.0093200447   0.0001090318   0.0028744333   0.0080287606   0.0033669080
13424  -0.0087351978  -0.0050414026   0.0027434898  -0.0058520494   0.0167775961
13425  -0.0168105934   0.0028558193  -0.0111802744   0.0082605255   0.0042272967
13426  -0.0045376991  -0.0098002320  -0.0075911267   0.0162063004  -0.0002276972
13427   0.0010956868   0.0002133413   0.0068467620   0.0100869434  -0.0058518071
13428  -0.0120900023  -0.1099947497  -0.0068646588  -0.0067562363   0.0130268260
13429   0.0037529384  -0.0373908223  -0.0265710808  -0.0029872529   0.0036343660
13430   0.0662072302   0.0455387907   0.0215695145   0.0426592907   0.0940228957
13431  -0.1302690643  -0.0822062952  -0.0374672198  -0.0717436737  -0.1047794730
13432  -0.0297100526   0.0334237166   0.0519205619   0.2245313677   0.1494298815
13433   0.0133212388   0.0068156454  -0.1183733148   0.0073338745   0.0048683721
13434  -0.0304491276   0.0058162574  -0.0000650816   0.2195012771  -0.2480344171
13435  -0.0068590361   0.0003303979  -0.0193935725  -0.0755449772  -0.0867888750
13436   0.0221129439   0.0020988957   0.0697535101  -0.0009091631  -0.0006633087
13437  -0.0013100645   0.0000367556  -0.0457085306   0.0275233989   0.0024122312
13438   0.0188143523  -0.0399797910   0.0006301405  -0.0475811450   0.0372412468
13439  -0.0612922044   0.0427756494  -0.0334416905  -0.0156234395   0.0294262700
13440   0.0069617896  -0.0031072350   0.0307401444  -0.0018912123  -0.0037820033
13441  -0.0010396417  -0.0015390906   0.0114435861  -0.0271069828   0.0175751755
13442  -0.0055486279   0.0269999487  -0.0288942720   0.0535588282   0.0099483404
13443   0.1181219645   0.0875283330   0.0010569651  -0.0005774473  -0.0104589837
13444   0.0128974056   0.0002487655   0.0000190338  -0.0000486278   0.0000256847
13445  -0.0000168707   0.0012366876  -0.0001538689  -0.0000714555  -0.0000233529
13446  -0.0016382948   0.0000165598   0.0011675136  -0.0004570623  -0.0003607712
13447  -0.0105552964  -0.0853021454  -0.0015645857   0.0000833252
135 1  -0.0166034768  -0.0307225129  -0.0119844504   0.0127701629   0.0322641624
135 2  -0.0403088119  -0.0261650918   0.0543836948   0.0971818837  -0.0336139334
135 3   0.0144063929   0.0152434370  -0.0035678072   0.0225047138   0.0148014998
135 4   0.0558240932  -0.0464758716  -0.0359453733   0.0177946313  -0.0647513872
135 5  -0.0866031497  -0.0108536455  -0.0373651844  -0.0109710067  -0.0400526916
135 6  -0.0198365316   0.0030628119   0.0346978215  -0.0538672670   0.0764226906
135 7  -0.0015227833   0.0118134452  -0.0046908484   0.0258744550   0.0067567920
135 8  -0.0553555528  -0.0220053030   0.0503819561  -0.0497050667   0.0153539939
135 9   0.0954708551   0.0644789919  -0.0923750085  -0.0736198437  -0.0344219052
13510   0.1048795519   0.1592302089  -0.1439009202  -0.1456531131   0.0201027296
13511   0.0175853960   0.1569868759  -0.0039378800   0.0344698265   0.1430927282
13512   0.0713771508   0.0360700879   0.0373497357  -0.0336349465   0.0139050598
13513  -0.1220021808  -0.0074157602   0.0203567645   0.0299718506   0.1005016893
13514  -0.0612385261  -0.0038323155   0.0283387275  -0.0175999158   0.0144425023
13515  -0.0332732534  -0.0233261929  -0.0056570497   0.0520210104  -0.0287718614
13516   0.0313284306   0.0201657333  -0.0170715246   0.0569252993   0.0039605603
13517   0.0422142906   0.0265639482   0.0005784398   0.0560594384  -0.0579473550
13518  -0.0039207565   0.0219823991   0.0052350809   0.0764335357  -0.0444872946
13519  -0.0418205636  -0.0518788573  -0.0111028329   0.0181504993  -0.0197548981
13520   0.0395491678  -0.0085330197   0.0053494108   0.0031326629   0.0414094780
13521  -0.0021439419   0.0404729977   0.0020622144  -0.0063499984   0.0067695630
13522  -0.0632129573   0.0517784959  -0.0451120141   0.0345351294  -0.0761776823
13523  -0.0879206908  -0.0330663109   0.0584616338   0.0245666936   0.0123282355
13524  -0.0410263311  -0.0019308509   0.0659567732  -0.0801076317   0.1676713668
13525  -0.1583924852   0.0127789014  -0.1540642666   0.0280030737  -0.0206237679
13526  -0.0703548176  -0.1154326887  -0.0708190984   0.0984821103   0.0341803388
13527   0.0191651381  -0.0903138717  -0.0346807348  -0.0668237463  -0.0656669541
13528  -0.0342749626  -0.0343985794  -0.0196413317   0.0780019086  -0.0306108165
13529   0.0928959935  -0.0290929876   0.0871923034   0.0872350593   0.0576923484
13530   0.0187314950  -0.2151545483   0.0495062360  -0.0886418377   0.0539624515
13531  -0.0851783547   0.0051139403   0.0226331007   0.0268053098   0.0013726607
13532   0.0048537409   0.0153659170  -0.0130251295  -0.0009339958  -0.0030791571
13533   0.0470171413   0.0621382184  -0.0112819270  -0.0336739452   0.0479828654
13534  -0.0288022885   0.0068916441   0.1699571882  -0.0008339916   0.0101427154
13535   0.0046773191  -0.0000913090   0.0033668795   0.0117047647   0.0079750613
13536  -0.0025195734   0.0004209294  -0.0076751488  -0.0001159016  -0.0018216641
13537   0.0001999658  -0.0004339880   0.0038376559  -0.0020807755   0.0000055822
13538  -0.0022465987   0.0018488179  -0.0000382415   0.0041981654  -0.0031365741
13539   0.0021176240  -0.0020366222   0.0038914463   0.0001776843  -0.0051243536
13540   0.0003849885  -0.0001855038  -0.0004453896  -0.0002654198   0.0001857958
13541   0.0012507572   0.0000122724   0.0023590680  -0.0008970692   0.0001782421
13542   0.0013681561  -0.0012937765   0.0021380282   0.0062757398   0.0060072026
13543  -0.0134281398  -0.0050893186   0.0016984125  -0.0036948141  -0.0122503748
13544   0.0080769817  -0.0001676259   0.0000401602   0.0000033806  -0.0000174050
13545   0.0000004269   0.0000445807  -0.0000255892   0.0000891558   0.0000026524
13546   0.0000358776   0.0000013316  -0.0000326029   0.0000262980   0.0000274394
13547   0.0004658512   0.0035530978   0.0000861348  -0.0000023420
136 1   0.0942156267   0.1131132498  -0.0519715845   0.0818930108  -0.0526571253
136 2  -0.0212467147   0.0446734555   0.1114646749   0.0148373903  -0.0395605053
136 3  -0.0865186037   0.1053116757   0.0817642412   0.0434435348  -0.0116599027
136 4  -0.0173392345   0.0015488707  -0.0043081965   0.0170941540   0.0071732575
136 5  -0.0037096249   0.0195640038  -0.0141852023   0.0121300391  -0.0143032835
136 6  -0.0326450828   0.0319210003  -0.0127870046  -0.0066184622  -0.0256684393
136 7   0.0061719611   0.0133120278   0.0167905757   0.0139539698   0.0048944245
136 8   0.0253156628   0.0041669042  -0.0022470049  -0.0086597490  -0.0022689504
136 9   0.0050452913  -0.0019553635  -0.0031831651   0.0049020032  -0.0063766908
13610   0.0023322616  -0.0023486989   0.0074585486   0.0088814843  -0.0057372338
13611  -0.0066828390  -0.0000386512   0.0030762878  -0.0081646099  -0.0059147522
13612  -0.0080938104   0.0018973512   0.0126551617   0.0050695843  -0.0072394440
13613  -0.0048078407   0.0020689461   0.0051322467   0.0002472545  -0.0046504536
13614  -0.0056023048   0.0043356734   0.0008609941   0.0017496364   0.0068142212
13615   0.0021048591  -0.0095501794   0.0017145556   0.0100769092   0.0050612772
13616   0.0006100445   0.0041337113  -0.0065477882   0.0086411265  -0.0047959190
13617   0.0090556192   0.0023821705   0.0008916704   0.0153301930  -0.0141533074
13618  -0.0098763323  -0.0111792570   0.0129750973   0.0147049621  -0.0054876571
13619  -0.0063631072  -0.0108171447  -0.0094740182   0.0110876548  -0.0110959205
13620   0.0074734538   0.0039727067  -0.0105699031  -0.0058538157  -0.0007154742
13621  -0.0025401522   0.0001341423   0.0039278738  -0.0026194119  -0.0020529842
13622   0.0036689081  -0.0035468283   0.0040415985   0.0016258214   0.0034871614
13623   0.0036645129   0.0030518872  -0.0055816254   0.0000549284  -0.0028729188
13624   0.0015519463   0.0025137008   0.0021143583  -0.0037622110   0.0015239881
13625   0.0010317792  -0.0010794345  -0.0010090960   0.0035038647   0.0009618799
13626   0.0012599962   0.0005191264   0.0029427212   0.0057172602   0.0029228670
13627   0.0020642967   0.0000899521  -0.0002285256   0.0001276230  -0.0030307354
13628  -0.0036333798  -0.0260179157  -0.0062855062   0.0028566859   0.0630043398
13629   0.0135494824  -0.0252405799  -0.0089210319   0.0215679076  -0.0270798856
13630  -0.0119082307  -0.0444566205  -0.0112049298  -0.0400479477  -0.0741136035
13631   0.1228743120  -0.0372665606  -0.0674072633  -0.0456187898   0.0408023421
13632   0.0295972019   0.0005018946  -0.0219996778  -0.1425141813  -0.1008604706
13633  -0.0164467434  -0.0218307573   0.1862453404  -0.0129112392  -0.0338788211
13634   0.1208123129  -0.0175610039   0.0121475628   0.0724166773  -0.0349816837
13635  -0.0026574462   0.0008582246  -0.0177864916  -0.0956172177   0.1398689093
13636  -0.0420681070   0.0192633602  -0.1159270806   0.0007349312  -0.0006736369
13637   0.0026857447   0.0031501483  -0.0252580811   0.0167926698   0.0096032134
13638   0.0704783234  -0.0800637591   0.0083884859  -0.0149970855   0.0631460327
13639  -0.0418251477   0.0268883784   0.0041220589  -0.0226163075  -0.0252473721
13640   0.0181186012  -0.0054052019   0.0425296781  -0.0130283317  -0.0067644415
13641   0.0111717431  -0.0015974990   0.0362884133  -0.0596068325   0.0394435578
13642   0.0049312522   0.0276937799  -0.0276269628   0.1544734029   0.1107377764
13643  -0.0222314872   0.0327825700  -0.0246384362   0.0067141228  -0.1290789369
13644   0.1282941494   0.0001167846  -0.0001141468  -0.0000191784  -0.0000765488
13645  -0.0000430048  -0.0002932307  -0.0000395962   0.0001647314   0.0000018422
13646  -0.0000645555  -0.0000091711   0.0000999982  -0.0001203193   0.0001115720
13647  -0.0005983883  -0.0028858180  -0.0001517410   0.0000226048
137 1  -0.1077811799  -0.0107334048   0.1042675696   0.0099310939  -0.0044268008
137 2   0.0656968851  -0.1142049967   0.0317815469  -0.0896823467   0.0046241003
137 3  -0.0479495583   0.1092403153   0.0300423818  -0.0416482718   0.1016620087
137 4  -0.0468784477  -0.0287495699  -0.0397446469   0.0081503480   0.0418638583
137 5  -0.0366766291  -0.0504776114  -0.0468252221   0.0286961000  -0.0474165503
137 6   0.0032070572  -0.0034226231  -0.0035007706  -0.0261329937   0.0103188973
137 7   0.0068297465   0.0225901474   0.0055967236  -0.0141254787  -0.0011342987
137 8  -0.0118015031  -0.0122991540   0.0108523598   0.0146302575  -0.0030848410
137 9  -0.0126519226   0.0063771899  -0.0069205542  -0.0063481963   0.0105591037
13710   0.0026510272   0.0033052889  -0.0040206888  -0.0011903620  -0.0018857393
13711  -0.0152355971   0.0237848485  -0.0231263683  -0.0061257855   0.0342179957
13712  -0.0086838473  -0.0000633328   0.0154280179   0.0161802498   0.0040774555
13713  -0.0177011021   0.0136241487   0.0148141002   0.0106165534   0.0271475150
13714  -0.0354093291   0.0143681411   0.0335458470  -0.0126722274  -0.0200125683
13715  -0.0268922852  -0.0094622004   0.0021516850  -0.0009953475  -0.0063613714
13716   0.0057279743   0.0014176209   0.0178912525  -0.0098159943   0.0058741540
13717  -0.0142120342   0.0003567253  -0.0351548401  -0.0523578436   0.0532698171
13718   0.0544611623   0.0347061320  -0.0715450474  -0.0504613482   0.0333495696
13719   0.0480128881   0.0187587316   0.0355940468  -0.0412048734   0.0050047884
13720  -0.0066071346  -0.0382338371   0.0211853381   0.0210961002   0.0086294654
13721  -0.0039033809  -0.0081169137   0.0042173193   0.0166574797   0.0048013336
13722   0.0018896106  -0.0017399408  -0.0078283195   0.0080646862  -0.0007726686
13723  -0.0108407668   0.0000808812   0.0013565544   0.0081754725   0.0043502681
13724  -0.0094842519  -0.0057813044   0.0007297655  -0.0038163124   0.0137685037
13725  -0.0137486081   0.0036360446  -0.0093810980   0.0092534465   0.0034808434
13726  -0.0039700844  -0.0078321690  -0.0066859042   0.0107947878   0.0018657311
13727  -0.0036494607  -0.0006571678   0.0062947844   0.0090188033  -0.0023400452
13728  -0.0097351110  -0.0800884964  -0.0006758208  -0.0168229855   0.0572218301
13729   0.0073337022   0.0301342148   0.0453709279   0.0079096544  -0.0719239025
13730   0.1252074968   0.0449294744   0.0104778763   0.0371494676  -0.0000398278
13731  -0.0385838234   0.0003550793   0.0348263379   0.0998256112  -0.0738047493
13732   0.0040808878   0.0113885641   0.0121703553   0.0352265074  -0.0084115696
13733  -0.0133128255  -0.0222920117  -0.0539244074   0.0037712289  -0.0122361289
13734   0.0188762300  -0.0020793254  -0.0010128776   0.1451461909  -0.1095719926
13735  -0.0109001667   0.0008155203  -0.0053867433  -0.0125134833   0.2092442882
13736  -0.0597779512   0.0225495997  -0.1660901284   0.0014594884   0.0003062963
13737   0.0035579215   0.0048761832  -0.0148793924   0.0126344331   0.0073227256
13738   0.0349121751   0.0053557071  -0.0022511621  -0.0126435952  -0.0199245736
13739   0.0637089711  -0.1257942099  -0.0865579746  -0.1050327226   0.0305284615
13740  -0.0176364789   0.0047445415  -0.0494712418   0.0055656651   0.0125421842
13741   0.0178753409   0.0035654531  -0.0222974726   0.0416444998  -0.0402249188
13742   0.0113560066  -0.0238294224   0.0472726131  -0.0644611939  -0.0280356157
13743  -0.1137674190  -0.1139378676   0.0188856825  -0.0199227445   0.0517155482
13744  -0.0634631232   0.0004674471  -0.0001762442   0.0003307151   0.0000497654
13745   0.0001972548   0.0003304780  -0.0001025015  -0.0001349783   0.0000443849
13746  -0.0000578070  -0.0000247995  -0.0000166270   0.0001117922   0.0000244555
13747   0.0003862865   0.0008229320  -0.0000392638   0.0000069944
138 1  -0.0220695288  -0.0220512032   0.0162177832  -0.0104765053   0.0485251503
138 2  -0.0063165608  -0.0320502997   0.0409901833   0.0796049650  -0.0252894016
138 3   0.0021692397   0.0199575962  -0.0149955366   0.0163686310   0.0224038507
138 4   0.0429136465  -0.0486960597  -0.0724533999   0.0274875181  -0.0336865758
138 5  -0.0820848746   0.0200429846  -0.0269170297  -0.0380764477  -0.0537400788
138 6  -0.0235813886   0.0020648369   0.0020189678   0.0115358869   0.0704492007
138 7   0.0094128602  -0.0211229591  -0.0429947195   0.0459737106   0.0013527191
138 8  -0.0374674695  -0.0058539354   0.0698643343  -0.0541498993   0.0465008163
138 9   0.1288649076   0.0256907537  -0.0689541914  -0.0427125394  -0.0636868800
13810   0.0626132862   0.1646092274  -0.1174265789  -0.0904975917  -0.0552952651
13811  -0.0289366477   0.1367955824  -0.0424385434   0.0264502533   0.1414765908
13812   0.0731691073   0.0583646846   0.0302279334  -0.0837708104   0.0346970180
13813  -0.1458562970  -0.0532234551  -0.0032874267  -0.0176810040   0.0969677478
13814  -0.0702468417  -0.0174586184  -0.0006194402  -0.0308967506   0.0302937699
13815  -0.0050265898  -0.0127695972  -0.0143093356   0.0542233838  -0.0292163705
13816   0.0313724712   0.0368439043  -0.0297107296   0.0735323003  -0.0079795293
13817   0.0416978851   0.0191189268  -0.0091281749   0.0396393101  -0.0457631462
13818   0.0063831262   0.0457893142   0.0080651148   0.0771356229  -0.0470609020
13819  -0.0397889239  -0.0404088920   0.0042268265   0.0058390126  -0.0229566241
13820   0.0250302481  -0.0114124536   0.0025015947   0.0062370827   0.0437715426
13821  -0.0079863310   0.0213757615  -0.0086458055   0.0038976409   0.0085736099
13822  -0.0329842373   0.0328859181  -0.0139274828   0.0093281758  -0.0301931470
13823  -0.0367109339  -0.0101231244   0.0189445085   0.0074639824  -0.0022162880
13824  -0.0154122716   0.0049436586   0.0311649516  -0.0421702319   0.0712220767
13825  -0.0640398735   0.0155679373  -0.0608340935   0.0224759869  -0.0068179907
13826  -0.0171209185  -0.0426248248  -0.0233459873   0.0518069702   0.0176874787
13827   0.0336955799  -0.0580935421  -0.0095374611  -0.0647314022  -0.0659294723
13828  -0.0311253496  -0.0475602688   0.0124253550   0.0601040653  -0.0476254241
13829   0.1283453584  -0.0524825761   0.0933427447  -0.0630786260  -0.0394003567
13830   0.0003903331   0.2865122476  -0.0428332221   0.1360917412  -0.1108352856
13831   0.1578608829   0.0110021436  -0.0143928670  -0.0226180983  -0.0343782776
13832   0.1904996025   0.0978414215  -0.0433164916   0.0255307123   0.0231344502
13833  -0.1205061365  -0.1735920054  -0.0019794686   0.0265228175  -0.0348838048
13834  -0.0239126748   0.0108754668  -0.0391497614  -0.0346689953   0.0187188899
13835   0.0022109960   0.0015262074   0.0013272570   0.0081845054  -0.0253594672
13836   0.0087908911  -0.0041360161   0.0244266157  -0.0005503045  -0.0003360009
13837  -0.0006295926  -0.0004919123   0.0023693463  -0.0024429945  -0.0015861869
13838  -0.0067793280   0.0037074896   0.0003910157   0.0027425689  -0.0000682602
13839  -0.0036201625   0.0082718698   0.0072392632   0.0127701562  -0.0007739935
13840   0.0010769324   0.0000345245   0.0017982478   0.0003589197  -0.0008396413
13841  -0.0016798291   0.0001505603   0.0005867850  -0.0008151421   0.0017601648
13842   0.0008189882  -0.0018285913  -0.0027843886  -0.0017791821  -0.0000726780
13843   0.0075025680   0.0070410665   0.0016416172   0.0002584489  -0.0006425815
13844   0.0022788131  -0.0001790148  -0.0000525083  -0.0000604744   0.0000612092
13845  -0.0000052855   0.0000426874   0.0000849041  -0.0000101102  -0.0000139518
13846   0.0000163545  -0.0000131651  -0.0000199674  -0.0000153005  -0.0000577613
13847   0.0000371931   0.0001293825   0.0000319440  -0.0000033967
139 1   0.0762415826   0.0905924768  -0.0635432273   0.0463534485  -0.0540221047
139 2  -0.0199209213   0.0485899702   0.1026165798   0.0155624888  -0.0694418965
139 3  -0.0644822447   0.1094330592   0.1107454696   0.0844393110  -0.0545183287
139 4  -0.0107793819   0.0319326338  -0.0106008722   0.0016614228   0.0052474582
139 5   0.0184596304   0.0428049400  -0.0096390942  -0.0018904125  -0.0226114901
139 6  -0.0351790131   0.0219531710  -0.0182798730  -0.0015272288  -0.0237628444
139 7   0.0070801712   0.0172318571   0.0203791521   0.0221501923  -0.0101499022
139 8   0.0150325328  -0.0044300391  -0.0055401623  -0.0064443852  -0.0062480849
139 9   0.0032890255   0.0043104275  -0.0099012281   0.0050296650  -0.0101890074
13910   0.0057182374   0.0012145321   0.0018911331   0.0094197352  -0.0117896976
13911  -0.0108987350   0.0011504402  -0.0002694034  -0.0080793536  -0.0026822834
13912  -0.0072661300   0.0014320281   0.0138523425   0.0034826245  -0.0055979074
13913  -0.0108884756   0.0033118668   0.0080547126  -0.0015505428   0.0017663329
13914  -0.0132654583   0.0061407293   0.0073380853  -0.0027706892   0.0078757304
13915  -0.0048122970  -0.0109270370   0.0015816713   0.0128945804   0.0043818108
13916   0.0029792592   0.0087117554  -0.0074522445   0.0106350210  -0.0055701101
13917   0.0089677685   0.0029805090  -0.0084476575   0.0041777130  -0.0033597022
13918   0.0045842891  -0.0024655240  -0.0019071010   0.0049723905   0.0008742236
13919   0.0065036524  -0.0070225731  -0.0003544343   0.0000118985  -0.0112630744
13920   0.0061922377  -0.0078689671  -0.0044282328  -0.0000334380   0.0031297668
13921  -0.0062244634  -0.0031204279   0.0052087592  -0.0003609924  -0.0010384225
13922   0.0047481047  -0.0038335861   0.0018496676   0.0019804860   0.0012671852
13923   0.0005803197   0.0013995128  -0.0034103783  -0.0004509341  -0.0019549168
13924   0.0001451635   0.0018580650   0.0011177614  -0.0029034493   0.0005595181
13925   0.0020240646  -0.0005336042   0.0004816841   0.0022882011   0.0013596277
13926   0.0024621704   0.0029527183   0.0040899038   0.0020107269   0.0028611641
13927   0.0020202930   0.0003799320   0.0016822052  -0.0000986532  -0.0021368569
13928  -0.0018923579  -0.0097644741  -0.0043340805  -0.0030169673   0.0372918286
13929   0.0021354786  -0.0112234660   0.0077324769   0.0484623236  -0.0771182332
13930  -0.1145428408  -0.0236512036  -0.0268825122   0.0320248427  -0.0769358478
13931  -0.0670417631  -0.0412561451  -0.0365099510   0.0156249564   0.0642607090
13932   0.0264197998  -0.0499692126  -0.0803527500  -0.0913110969  -0.0601731043
13933  -0.0001756704   0.0045227680  -0.0538809565   0.0127788490   0.0114020068
13934  -0.0747736442   0.0099243992  -0.0051151373   0.0158391911  -0.1781155875
13935  -0.0063039674   0.0016325143  -0.0084613176  -0.0031564087   0.0610392196
13936  -0.0014215854  -0.0049494718  -0.0000554864   0.0005005079   0.0007378222
13937   0.0003888550   0.0014341633   0.0156405590   0.0110386210   0.0112683435
13938   0.0114707880   0.0638417173  -0.0130145276  -0.0177592973  -0.0758314027
13939  -0.1774174399   0.0090513615   0.0693827781  -0.0128458138  -0.1108528099
13940   0.0054565557  -0.0181229917   0.0545803368  -0.0081628472  -0.0102219111
13941   0.0436905524   0.0158075167   0.0113396847  -0.0261115381  -0.0181651253
13942   0.0862318176  -0.0793784059   0.0539522761  -0.0449984471  -0.0281378704
13943   0.1696690426   0.0423694149   0.1122322596  -0.1293923033   0.0105867787
13944  -0.1543522800  -0.0001273612   0.0000321515   0.0002326733   0.0001972143
13945   0.0000214071   0.0002059274  -0.0000972539  -0.0003165467   0.0000155335
13946   0.0000197179   0.0000453240  -0.0000412919   0.0003388811  -0.0000787450
13947   0.0024715028  -0.0003162738  -0.0013860415   0.0000358861
140 1  -0.1094730694  -0.0125699091   0.1030715683   0.0054760972  -0.0050946776
140 2   0.0685574761  -0.1148888445   0.0303868436  -0.0902977001   0.0005978591
140 3  -0.0447219038   0.1096535885   0.0331150709  -0.0360536428   0.0965924127
140 4  -0.0464680689  -0.0243584785  -0.0428715552   0.0047111785   0.0430509764
140 5  -0.0307029712  -0.0465531409  -0.0428579257   0.0286907261  -0.0503633179
140 6   0.0024072612  -0.0033820804  -0.0063369439  -0.0224434125   0.0105473743
140 7   0.0053791704   0.0198718812   0.0019186078  -0.0134688667  -0.0024944577
140 8  -0.0129708411  -0.0110673094   0.0102029038   0.0150773523  -0.0031256234
140 9  -0.0119768038   0.0039841244  -0.0027680141  -0.0048742668   0.0080250323
14010  -0.0014961970   0.0030807342  -0.0015432188   0.0009787789  -0.0045742000
14011  -0.0140903535   0.0177745357  -0.0224101305  -0.0032154260   0.0288004758
14012  -0.0047279547  -0.0002277601   0.0098776072   0.0089578907   0.0055496105
14013  -0.0139668139   0.0076939184   0.0085008945   0.0041305166   0.0209830326
14014  -0.0291753940   0.0089892571   0.0253875844  -0.0104172601  -0.0152133117
14015  -0.0217816336  -0.0060594502   0.0006889885  -0.0007215539  -0.0081990711
14016   0.0059749552   0.0040927276   0.0139666164  -0.0058686349   0.0045632625
14017  -0.0120687789   0.0012433720  -0.0371581058  -0.0556022124   0.0550452775
14018   0.0586979802   0.0386211723  -0.0748830805  -0.0522285085   0.0342524897
14019   0.0522919514   0.0212465199   0.0412711515  -0.0459169138   0.0048260822
14020  -0.0083427520  -0.0430953854   0.0235338081   0.0238612286   0.0096220588
14021  -0.0062273346  -0.0107555245   0.0045209366   0.0191958701   0.0045231445
14022   0.0046443340  -0.0049074547  -0.0073462526   0.0074038975   0.0007629572
14023  -0.0099785184  -0.0007007929   0.0003239215   0.0073736904   0.0049480326
14024  -0.0092598914  -0.0063826532  -0.0026966823   0.0002073426   0.0063156539
14025  -0.0069418581   0.0030667579  -0.0034921049   0.0084454263   0.0039082871
14026  -0.0012787211  -0.0042797110  -0.0052307480   0.0060682636   0.0031798941
14027  -0.0016475120  -0.0017211460   0.0089446099   0.0062822246  -0.0041262072
14028  -0.0090144014  -0.0698622005   0.0022896244  -0.0195605550   0.0564003521
14029   0.0065261232   0.0375151951   0.0467058393   0.0049373087  -0.0751676605
14030   0.1051046498   0.0569782090   0.0160144405   0.0417589659   0.0420874373
14031  -0.0832300002  -0.0110394841   0.0829401349   0.1139460452  -0.0512218814
14032  -0.0119098327  -0.0256914325  -0.0139625377  -0.1023484365  -0.1063565831
14033   0.0079679599   0.0136494438   0.0444263342  -0.0108402131  -0.0174062646
14034   0.0792387945  -0.0126120785   0.0067697179   0.0373653011   0.0424945857
14035  -0.0022088237   0.0000716605   0.0023306884  -0.0222835973   0.0167039405
14036  -0.0098711627  -0.0035726944  -0.0374247820   0.0014237025   0.0006174610
14037   0.0015226688  -0.0008219464   0.0563595219  -0.0270223847  -0.0010490336
14038  -0.0049326564   0.1239692384  -0.0104090575  -0.0146408056  -0.1044097511
14039   0.0708972984   0.1010413117   0.1297495797   0.1545422123  -0.0626509964
14040  -0.0066830748   0.0037240005  -0.0144149024  -0.0011052494  -0.0002445124
14041  -0.0298218398  -0.0115386009   0.0143964536  -0.0006062323   0.0362525119
14042  -0.0767500722   0.0524691129  -0.0375105066   0.0485348261  -0.0262934644
14043   0.0993262780   0.1497025820  -0.0241897375   0.0145740568   0.0203325166
14044   0.0276683363  -0.0002662752  -0.0001328672  -0.0003295692  -0.0000369341
14045  -0.0001868883  -0.0001517504   0.0000957692   0.0000898730  -0.0000350722
14046   0.0000589406  -0.0000113544   0.0000201366   0.0000428192  -0.0001799085
14047   0.0008221509   0.0007244498  -0.0005979148   0.0000381652
141 1  -0.0142702989   0.0055274510   0.0197639464  -0.0105822438   0.0406461138
141 2   0.0377499203  -0.0522490184   0.0382283074   0.0678193126  -0.0233580373
141 3   0.0104242003   0.0188216670  -0.0251741819   0.0158224607   0.0298035601
141 4   0.0431257452  -0.0426685547  -0.1017193741  -0.0003907434  -0.0227651501
141 5  -0.0341518866   0.0305166449   0.0404522209  -0.0113397635  -0.0695015089
141 6  -0.0171381072   0.0074284454  -0.0152101894   0.0643102662   0.0857169647
141 7  -0.0056606118  -0.0700902252  -0.1121667040   0.0511264396   0.0064296938
141 8  -0.0317250544   0.0221190245   0.0635405427  -0.0609504067   0.0646994153
141 9   0.1485036154  -0.0214691306   0.0095735948  -0.0222132082  -0.1012405858
14110   0.0023628597   0.1606157797  -0.0678571782  -0.0677550876  -0.0798688448
14111   0.0067937841   0.0530166606  -0.0210676077   0.0662280364   0.0523215812
14112   0.1302787989   0.0554930911  -0.0578468857  -0.1871671591   0.0564636443
14113  -0.0723869219  -0.1315823520  -0.1008869617  -0.1043455407   0.0008816602
14114   0.0324616856  -0.0965897931  -0.1212387317   0.0073677124   0.0828070065
14115   0.0803978891   0.0476680581  -0.0382289390   0.0384014453  -0.0647152615
14116   0.0224344363   0.0597675837  -0.0804536190   0.1147136100  -0.0241674738
14117   0.0675212398   0.0295161475  -0.0147405217   0.0163754625  -0.0437704070
14118   0.0397362895   0.0822857542  -0.0032905662   0.0699598827  -0.0511603973
14119   0.0040108747  -0.0176288739   0.0624954871  -0.0369139479  -0.0344305410
14120   0.0048920467  -0.0574020051   0.0116562190   0.0299330948   0.0466993205
14121  -0.0352160495  -0.0208393303  -0.0136588968   0.0169367582   0.0088905405
14122   0.0160134087  -0.0129393666   0.0077552879  -0.0117366187   0.0159082923
14123  -0.0097150996   0.0051619018  -0.0132056353  -0.0056887087  -0.0050113405
14124   0.0050486822   0.0020027032  -0.0093126870   0.0062456044  -0.0245905090
14125   0.0310641243   0.0136857977   0.0175233863   0.0113748701   0.0079166237
14126   0.0265738226   0.0174714770   0.0127432066   0.0159002101   0.0209166229
14127   0.0608244684  -0.0519523516   0.0178469397  -0.0798858001  -0.0857254817
14128  -0.0358587455  -0.0476149534   0.0448626255   0.0081150235  -0.0321692199
14129   0.1192503969  -0.0094380071   0.0085129224  -0.1515322466  -0.0831808461
14130  -0.0182754707   0.1131261752  -0.0378918001   0.0659664025  -0.0520560946
14131   0.1000478067   0.0148143538  -0.0280679431  -0.0178423141   0.0335641566
14132  -0.1321547977  -0.0913239098   0.0563002342   0.0027413509   0.0082179361
14133   0.2035266701   0.2719052180   0.0149817165  -0.0622211673   0.0858248675
14134   0.0529132985  -0.0120097438  -0.0316780310   0.0041744472   0.0000150959
14135  -0.0295053297   0.0000393253  -0.0012167507  -0.0019127528   0.0047208209
14136  -0.0011164121   0.0007598693  -0.0021361888   0.0000410221  -0.0002601372
14137  -0.0001420831  -0.0000281271  -0.0044895781   0.0026258979   0.0004314984
14138   0.0026903887  -0.0054323471   0.0003278802   0.0002025047   0.0037222987
14139  -0.0073821565  -0.0075260890  -0.0064115828  -0.0109572306   0.0003091150
14140   0.0004118018  -0.0006904396   0.0023077015  -0.0003027095  -0.0003244602
14141   0.0029606606   0.0009907704  -0.0009084340  -0.0005458987  -0.0023193644
14142   0.0057454719  -0.0040443488   0.0034349076  -0.0029249273   0.0014039568
14143  -0.0034476564  -0.0082978060   0.0017568840  -0.0035478402   0.0003861545
14144  -0.0051940389  -0.0000913544   0.0002079673  -0.0000091605  -0.0000168290
14145   0.0000235874   0.0000201817  -0.0000053891  -0.0000449414  -0.0000013416
14146  -0.0000048014  -0.0000052468  -0.0000186277   0.0000230175   0.0000046331
14147  -0.0000491028   0.0000379889   0.0000092531   0.0000041843
142 1   0.0651119430   0.0786042353  -0.0684120125   0.0247084048  -0.0542960391
142 2  -0.0187841700   0.0508098435   0.0974213278   0.0156453102  -0.0857734170
142 3  -0.0512626107   0.1126178622   0.1268289558   0.1072342298  -0.0780120748
142 4  -0.0078215331   0.0508048545  -0.0130055105  -0.0065346728   0.0029734969
142 5   0.0290666878   0.0570074916  -0.0067658284  -0.0106785916  -0.0273787515
142 6  -0.0368785470   0.0170446392  -0.0196459140   0.0033579988  -0.0180123271
142 7   0.0082116012   0.0175612437   0.0219929681   0.0277057641  -0.0188447965
142 8   0.0107589534  -0.0114387906  -0.0042163936  -0.0077233865  -0.0040908180
142 9   0.0076768536   0.0059119997  -0.0143554779   0.0046795958  -0.0155301780
14210   0.0075052175   0.0087237689  -0.0017071093   0.0090948420  -0.0201692881
14211  -0.0179089641   0.0077638813  -0.0077810548  -0.0067841843   0.0055628359
14212  -0.0041707090   0.0021645737   0.0175984599  -0.0009875148  -0.0041755207
14213  -0.0220677478   0.0037124143   0.0116703030  -0.0045812505   0.0129505076
14214  -0.0263649121   0.0101238549   0.0172803663  -0.0086386449   0.0041997645
14215  -0.0139510849  -0.0122727302   0.0004727677   0.0125622191  -0.0007438222
14216   0.0058971074   0.0123006546  -0.0046465237   0.0105477043  -0.0056483884
14217   0.0057617641   0.0041661222  -0.0234157859  -0.0170359270   0.0168582248
14218   0.0275088165   0.0136702254  -0.0294650286  -0.0122228443   0.0122466272
14219   0.0263651416  -0.0001228936   0.0157330901  -0.0173408752  -0.0110478581
14220   0.0044541422  -0.0249681317   0.0025752928   0.0078809399   0.0084111371
14221  -0.0101738782  -0.0077548529   0.0054284501   0.0055635213  -0.0011553092
14222   0.0073424031  -0.0065829020   0.0003857468   0.0049541580   0.0012108834
14223  -0.0013871489   0.0006220169  -0.0029438353   0.0000647787  -0.0010202201
14224  -0.0010511542   0.0011063123   0.0000162743  -0.0016091338  -0.0011733062
14225   0.0033193873  -0.0007186993   0.0000530389   0.0031058758  -0.0000112336
14226   0.0009380245   0.0004855226   0.0015819433   0.0012059950   0.0065516195
14227   0.0001054766  -0.0033145576   0.0028360563  -0.0024517278  -0.0033173297
14228  -0.0013799453  -0.0046333778  -0.0010613743  -0.0076190496   0.0964073570
14229   0.0138984893   0.0076471425   0.0337407091   0.0483969356  -0.0881497222
14230  -0.0797804777   0.0091904879  -0.0200393011   0.0449953510  -0.0608122013
14231  -0.1056123933  -0.1117651788   0.0658154375   0.0758047410  -0.0170896664
14232   0.0102361315  -0.1062751864  -0.1392518183   0.0805181591   0.0181236739
14233   0.0016188247   0.0045037012  -0.0379806998  -0.0044085887  -0.0075907154
14234   0.0262368281  -0.0036031900   0.0040978958  -0.0299186400   0.0876930683
14235   0.0031707491  -0.0007244806  -0.0055038427  -0.0325677204  -0.0452706502
14236   0.0097572610  -0.0019342119   0.0263740322  -0.0002605176  -0.0003601429
14237  -0.0000951536  -0.0009377539   0.0229176995  -0.0154069446   0.0021736518
14238   0.0080663152  -0.0060278925  -0.0031040379  -0.0137827045  -0.0179206335
14239  -0.0736167962   0.0250441600  -0.0897870083  -0.0406771582   0.0336164676
14240  -0.0030729785  -0.0023930967   0.0133433246   0.0087308198   0.0021283082
14241   0.0022723246   0.0018693384  -0.0259180422   0.0156951310  -0.0242125332
14242   0.0220081934   0.0431089057  -0.0120601735  -0.1084310904  -0.0613929863
14243   0.0022086830  -0.0933747898  -0.2007197911   0.1289152313  -0.2413926544
14244   0.2121905023  -0.0000451071   0.0003806049  -0.0000649887  -0.0000777522
14245   0.0000025974  -0.0001392707   0.0000441009   0.0003656169  -0.0000075058
14246  -0.0000393994  -0.0000186709   0.0000259351  -0.0001704890  -0.0006257150
14247   0.0097314435  -0.0012323696  -0.0057215940   0.0000018545
143 1  -0.0923330084   0.0059597965   0.1099146539   0.0376671396  -0.0052811920
143 2   0.0669848734  -0.1185735266   0.0385446633  -0.0902453010   0.0251916957
143 3  -0.0634230192   0.1040702944   0.0087810897  -0.0704212047   0.1322575672
143 4  -0.0514160777  -0.0515456621  -0.0385070360   0.0166210502   0.0455351921
143 5  -0.0456542750  -0.0663692819  -0.0462542916   0.0437531262  -0.0460458632
143 6   0.0048158824   0.0067324656  -0.0043082509  -0.0297182201   0.0054788309
143 7   0.0017149227   0.0171140555  -0.0014974836  -0.0207325742   0.0105502196
143 8  -0.0054607466  -0.0021095629   0.0097779640   0.0165574461  -0.0055814115
143 9  -0.0184792499   0.0006760423   0.0064703398  -0.0052872239   0.0147515978
14310  -0.0055733860  -0.0068662852   0.0048197736   0.0010096470   0.0067700864
14311  -0.0043804733   0.0093823974  -0.0123890145  -0.0040111249   0.0166220428
14312  -0.0073274032  -0.0011657224   0.0017036807   0.0126384071   0.0041966636
14313   0.0017298689   0.0049874227   0.0016996892   0.0063950718   0.0038481732
14314  -0.0091508018   0.0015762224   0.0081992484  -0.0007957008  -0.0081943470
14315  -0.0085227492  -0.0028133734   0.0008189817   0.0007467629  -0.0032753770
14316   0.0027269600   0.0010244112   0.0069642317  -0.0021289356   0.0031025394
14317  -0.0052688724   0.0015451521  -0.0198869306  -0.0281129440   0.0285930909
14318   0.0310452683   0.0183250380  -0.0397022507  -0.0299173960   0.0196872523
14319   0.0292633889   0.0122261714   0.0235509056  -0.0240449309   0.0033764761
14320  -0.0060238340  -0.0226940139   0.0134410542   0.0127606074   0.0034668597
14321  -0.0026798642  -0.0055960680   0.0023539909   0.0124774849   0.0035605529
14322   0.0018465614  -0.0024811969  -0.0059994366   0.0044897420   0.0011254262
14323  -0.0086913629  -0.0002444343   0.0004853320   0.0070287684   0.0041071912
14324  -0.0077377723  -0.0059728219  -0.0019191661  -0.0002800755   0.0077299215
14325  -0.0075821430   0.0022448527  -0.0030266120   0.0061542110   0.0045440025
14326  -0.0005063850  -0.0023935498  -0.0033608673   0.0084809013  -0.0013139973
14327   0.0001108493   0.0052753987   0.0091043015   0.0135573450  -0.0001568594
14328  -0.0096917826  -0.0919417472  -0.0034592459  -0.0164226256   0.0006816127
14329  -0.0048077612  -0.0071777500   0.0036389458   0.0131270835  -0.0616878896
14330   0.0548662223   0.0222840661   0.0125062562   0.0460645167   0.0077862745
14331  -0.1055650450   0.0114560247  -0.0661395465   0.0466607182   0.0415276143
14332   0.0230257388  -0.0281280310  -0.0522238439  -0.3704730195  -0.2866903509
14333  -0.0048311032   0.0126713000  -0.0827481702   0.0023329504  -0.0012646569
14334  -0.0089535330   0.0007774853   0.0038422950   0.0247783068   0.0044130898
14335   0.0075235931  -0.0015759453   0.0121146014   0.0609140409  -0.1282498914
14336   0.0337146533  -0.0103435641   0.0915575762  -0.0017530681  -0.0008201364
14337  -0.0030539221  -0.0016350570  -0.0643635736   0.0264284727  -0.0075628939
14338  -0.0423698785  -0.0438898918   0.0039034079  -0.0057063325   0.0376174376
14339  -0.0178002210   0.0135258913  -0.0743136623  -0.0097040172   0.0703615922
14340   0.0115572562   0.0018217550   0.0149775163   0.0035748071  -0.0045010251
14341  -0.0118129784   0.0010576795  -0.0081504837  -0.0054952476  -0.0005246143
14342   0.0219750723  -0.0124193710  -0.0132440496   0.0063236313   0.0498719490
14343  -0.1231907944  -0.0726723583   0.0140398976   0.0183397728   0.0586118885
14344  -0.0261370540   0.0000847752   0.0001240613   0.0000335074  -0.0000315089
14345   0.0000395064  -0.0000386654  -0.0000136973  -0.0000260409   0.0000133598
14346   0.0002566888   0.0000263900   0.0001925810   0.0009158018   0.0052726062
14347  -0.0824791176   0.0101090361   0.0232211901  -0.0001227030
144 1  -0.0164604622   0.0123005942   0.0109807682   0.0087761902   0.0149683182
144 2   0.0441931774  -0.0658474299   0.0501901767   0.0754124401  -0.0305794685
144 3   0.0204891600   0.0032096438  -0.0273975377   0.0078180450   0.0404006099
144 4   0.0591877681  -0.0494461742  -0.1128337731  -0.0256045429  -0.0491501480
144 5   0.0006726270   0.0380992574   0.1024107998   0.0550724406  -0.0934436379
144 6  -0.0363214377   0.0240490908  -0.0343385770   0.0633390733   0.0909674514
144 7  -0.0274749139  -0.0677653716  -0.1339145522   0.0560625529  -0.0001555446
144 8  -0.0368118285   0.0143562099   0.0341875612  -0.0393581093   0.0369619461
144 9   0.1278497157  -0.0178677514   0.0534459111  -0.0455335098  -0.1319844233
14410  -0.0184914172   0.1631083096  -0.0635246794  -0.0894460705  -0.0592505866
14411   0.0555244710  -0.0180821654   0.0332029892   0.0988785985  -0.0304371445
14412   0.1633116474   0.0569451497  -0.1514589339  -0.2287664287   0.0304423747
14413  -0.0146629535  -0.1783188434  -0.1616985667  -0.1575927698  -0.0859953975
14414   0.1132463435  -0.1451053435  -0.2055950084   0.0406879485   0.1663417605
14415   0.1201866716   0.0569028000  -0.0450229042   0.0787911673  -0.0701626396
14416   0.0354626527   0.1309187062  -0.1739224695   0.2148958861  -0.0554864958
14417   0.1409981801   0.0821659091  -0.0595106680   0.0259181000  -0.0638058975
14418   0.0890458340   0.0803932696  -0.0133415611   0.0705043659  -0.0503306049
14419   0.0559607849  -0.0268651327   0.0983226844  -0.0419632954  -0.0714979873
14420   0.0176133498  -0.0937124383   0.0075376049   0.0193713316   0.0368787244
14421  -0.0836078579  -0.0672902022   0.0029983371   0.0419113093  -0.0097164895
14422   0.0360725101  -0.0447996314  -0.0188030569  -0.0020488833  -0.0085643513
14423  -0.0249305877  -0.0284587894   0.0280132619  -0.0029128382   0.0299239137
14424   0.0131342389  -0.0185406014  -0.0500720856   0.0607057866  -0.0633345475
14425   0.0681191647  -0.0086286412   0.0000669394  -0.0371372728  -0.0294095673
14426  -0.0000959745   0.0038131622  -0.0004168147  -0.0339013421  -0.0119827381
14427  -0.0028081234   0.0200736426   0.0266949884   0.0435523753   0.0432617833
14428   0.0113881125   0.0101313941   0.0346619188  -0.0710567475  -0.0047130770
14429   0.0491759761  -0.0870560922   0.0510931290  -0.0920136550  -0.0049973686
14430  -0.0255302963  -0.0563283246   0.2270464577  -0.1309994427  -0.0475922844
14431  -0.0834508805  -0.0026369033  -0.0029661972   0.0046749626  -0.0020050043
14432  -0.0239938460  -0.0676808926   0.0412126299   0.0094566204   0.0034686061
14433  -0.0875546963  -0.0621762260   0.0016072820   0.0543414995  -0.0777101111
14434  -0.0344885860  -0.0012207467   0.0126909839   0.0022853318  -0.0101748959
14435   0.1239136170  -0.0010733997   0.0012372527   0.0031733816   0.0103274603
14436  -0.0022152220   0.0019243853  -0.0046635200   0.0003508591   0.0010017549
14437  -0.0002145008  -0.0003534942   0.0008272443  -0.0011660686  -0.0005245476
14438   0.0001818316   0.0010427886  -0.0006085182  -0.0025501404   0.0003549579
14439   0.0011935293  -0.0010501850  -0.0000139591   0.0007986169   0.0023306567
14440  -0.0005190435  -0.0001216222  -0.0000259327   0.0000840240  -0.0000167374
14441   0.0008164148   0.0002709902   0.0003428369  -0.0001265770  -0.0005364624
14442   0.0009079133  -0.0014094908   0.0000390096  -0.0007597913  -0.0025254821
14443   0.0093861759   0.0051213062   0.0040570278  -0.0029581126  -0.0005060497
14444  -0.0000146205   0.0000680453  -0.0000437547   0.0000353591  -0.0000379781
14445   0.0000410816   0.0000185297  -0.0000088369   0.0000000485   0.0000086998
14446  -0.0000194411  -0.0000121724  -0.0000278655  -0.0000416839  -0.0002000518
14447   0.0030416810  -0.0003442403  -0.0004984116  -0.0000034605
145 1   0.0724894275   0.0870845576  -0.0645568721   0.0400303069  -0.0547210539
145 2  -0.0201130011   0.0491611119   0.1015064967   0.0159964989  -0.0744048655
145 3  -0.0600227270   0.1110981914   0.1160285490   0.0909672077  -0.0610424647
145 4  -0.0110025168   0.0392865186  -0.0091492034  -0.0004866107   0.0037637310
145 5   0.0202663898   0.0458013683  -0.0101082562  -0.0047544203  -0.0230959688
145 6  -0.0353169545   0.0197344013  -0.0173918373  -0.0006862708  -0.0193457697
145 7   0.0079153401   0.0171098263   0.0202308065   0.0235865567  -0.0129331954
145 8   0.0120470681  -0.0071358873  -0.0041180811  -0.0085502916  -0.0046663155
145 9   0.0077986840   0.0054026925  -0.0113952221   0.0015129360  -0.0141088860
14510   0.0075168146   0.0080301871  -0.0009535491   0.0047754961  -0.0130292769
14511  -0.0112007377   0.0048998553  -0.0031698737  -0.0057532638   0.0017621064
14512  -0.0022179379   0.0017214786   0.0125738020  -0.0000437320  -0.0062125490
14513  -0.0155185575   0.0025098795   0.0081698575  -0.0035589281   0.0047248614
14514  -0.0186679785   0.0077667115   0.0110895257  -0.0047830834   0.0070342716
14515  -0.0098755123  -0.0114151735   0.0010655198   0.0133956332   0.0019341275
14516   0.0047485213   0.0133210130  -0.0077878530   0.0127397067  -0.0060006454
14517   0.0086253318   0.0065442042  -0.0195238234  -0.0096200143   0.0097160800
14518   0.0204720408   0.0070285408  -0.0208816842  -0.0070994211   0.0086967695
14519   0.0197854738  -0.0025909945   0.0087832573  -0.0093367944  -0.0117027091
14520   0.0061260255  -0.0179697730  -0.0002010428   0.0035005184   0.0052644589
14521  -0.0086756273  -0.0066508559   0.0060501295   0.0033038393  -0.0022457223
14522   0.0061005746  -0.0055385361  -0.0008943258   0.0054698331  -0.0002950654
14523  -0.0016051667   0.0006346246  -0.0010321194   0.0006874390  -0.0004312238
14524  -0.0007282084   0.0010541120   0.0002445326  -0.0020472817   0.0013465365
14525   0.0009194170  -0.0004500838  -0.0023990597   0.0016122037   0.0005529402
14526   0.0005842250  -0.0000379744   0.0023097341   0.0028144756   0.0040462574
14527  -0.0010688085   0.0010998027   0.0028429161   0.0041459142   0.0012134613
14528  -0.0010685369  -0.0186956914  -0.0058142511  -0.0050339228   0.1015093461
14529   0.0110953020  -0.0221011210   0.0011561317   0.0423817677  -0.0424940799
14530  -0.0740560792   0.0128067184  -0.0298044918   0.0499267038  -0.0299797342
14531  -0.1078186053  -0.1546616669   0.0133815525  -0.0203087870  -0.0465383904
14532  -0.0054813287  -0.0896023495  -0.1139280965   0.1933059274   0.1169710830
14533   0.0077903833   0.0079438012  -0.0228459788  -0.0025711641  -0.0115964057
14534   0.0269533484  -0.0046609619   0.0059898373  -0.1468130715   0.2493171945
14535   0.0044021385  -0.0014343624   0.0169400518   0.0501596584   0.0271662800
14536  -0.0118510342   0.0061449034  -0.0322809330  -0.0003539617   0.0004197936
14537  -0.0008493263   0.0023160329  -0.0579778769   0.0255073597  -0.0056764413
14538  -0.0047505094   0.0023647258   0.0009156781  -0.0082777363   0.0065952467
14539   0.0534604913   0.0218292680  -0.0226175145   0.0289464128   0.0521599275
14540   0.0152792037   0.0025466497   0.0189512307  -0.0005314947  -0.0075042515
14541  -0.0220159788  -0.0026192845   0.0084501992  -0.0216216372   0.0214621522
14542   0.0016505141  -0.0154859060  -0.0251844189   0.0861498519   0.0894906218
14543  -0.0911693008   0.0031219434   0.0912560808  -0.0152108743   0.2404130364
14544  -0.1610495155   0.0004712857   0.0000203231   0.0001089668  -0.0000088225
14545   0.0000908775   0.0002966177  -0.0000667172   0.0009006457   0.0000481922
14546  -0.0012032848  -0.0000174732  -0.0009432891  -0.0000698727  -0.0007984484
14547   0.0133531255  -0.0029473724   0.0680272484   0.0001282798
146 1  -0.0737682022   0.0254549258   0.1163931034   0.0716082457  -0.0055191092
146 2   0.0654828915  -0.1225311511   0.0471341273  -0.0902261214   0.0510974263
146 3  -0.0824335682   0.0988800562  -0.0159814108  -0.1057880288   0.1698609557
146 4  -0.0568592090  -0.0798827486  -0.0339537628   0.0283180328   0.0486919487
146 5  -0.0600448009  -0.0883559298  -0.0477836779   0.0623351424  -0.0434696094
146 6   0.0093923375   0.0165359528  -0.0017805760  -0.0396073797  -0.0016792041
146 7   0.0005985824   0.0154473375  -0.0046241759  -0.0303952325   0.0261589178
146 8   0.0004368902   0.0085634674   0.0095670451   0.0179407303  -0.0081403512
146 9  -0.0246777299  -0.0032090094   0.0143347883  -0.0070058732   0.0236621684
14610  -0.0094892551  -0.0176854535   0.0113692182  -0.0004409734   0.0206530771
14611   0.0074511346  -0.0001087295  -0.0016421227  -0.0052013295   0.0050670627
14612  -0.0094573460  -0.0027678359  -0.0050458883   0.0181605423   0.0022846667
14613   0.0191794059   0.0032222543  -0.0049008804   0.0099180557  -0.0136887736
14614   0.0111890157  -0.0043900649  -0.0077626345   0.0074371472  -0.0030777251
14615   0.0049058470   0.0007605947   0.0019568847   0.0007302047   0.0040628655
14616  -0.0016270465  -0.0028897018   0.0019281198  -0.0009983331   0.0035540908
14617  -0.0012712766   0.0018906684  -0.0008819106  -0.0013880715   0.0031728960
14618   0.0019209107  -0.0033370739  -0.0049387990  -0.0090170486   0.0058337818
14619   0.0041267164   0.0040642950   0.0029451119   0.0000361827   0.0035101869
14620  -0.0036275430   0.0012291931   0.0028198607  -0.0000491140  -0.0046777211
14621   0.0025716884   0.0007285278   0.0015717158   0.0052963605   0.0021367741
14622  -0.0022848576   0.0014349131  -0.0037191299   0.0011416612   0.0006398946
14623  -0.0050684466   0.0003972318   0.0011997318   0.0059050194   0.0029309074
14624  -0.0060148701  -0.0046812098  -0.0002130379  -0.0018134142   0.0092232034
14625  -0.0093969698   0.0013836483  -0.0037114844   0.0044149408   0.0055228973
14626   0.0001076873  -0.0015976730  -0.0017265980   0.0107344795  -0.0056924441
14627   0.0025943211   0.0100578319   0.0086805449   0.0179230483   0.0017969221
14628  -0.0092424923  -0.1066282963  -0.0109593790  -0.0040851776  -0.0351030856
14629  -0.0120503287  -0.0648867112  -0.0623799089   0.0038270852   0.0198872102
14630  -0.0079322853   0.0182448890  -0.0026613851   0.0411943207   0.0501702029
14631  -0.1003022557  -0.0441142426  -0.1591857749  -0.1462009695   0.0369070291
14632   0.0022296457   0.0083229530  -0.0043655022  -0.0589604204  -0.0138543935
14633  -0.0006779223   0.0038318857  -0.0239988757   0.0019358613   0.0197688912
14634  -0.0549049811   0.0076154706  -0.0064238145  -0.1967628556   0.1892175676
14635   0.0008638695  -0.0003759048   0.0230737279   0.1079348792   0.0743417390
14636  -0.0230254640   0.0106040334  -0.0597170895   0.0005196918  -0.0005413800
14637   0.0016700970  -0.0007380389   0.0259343256  -0.0158298969  -0.0010269080
14638  -0.0220504741  -0.0326663726   0.0018482745  -0.0323192075   0.0424263187
14639   0.0412468766  -0.0684402186   0.0026019239  -0.0653367559  -0.0058829746
14640  -0.0207959102   0.0012605788  -0.0333277039  -0.0007247742   0.0113824155
14641   0.0182187369  -0.0019262667   0.0032882303   0.0159842047  -0.0094434735
14642  -0.0389784390   0.0221639164   0.0197251866  -0.0045379666  -0.0895761966
14643   0.2197269463   0.1289138623   0.0113485408  -0.0523929613  -0.1633287687
14644   0.0955350585  -0.0004155029   0.0005291764  -0.0001534852  -0.0000037482
14645  -0.0001029312  -0.0001988969   0.0000398835   0.0009805537  -0.0000013890
14646  -0.0008652960   0.0000018583  -0.0007386757  -0.0001148256  -0.0008642319
14647   0.0145987010  -0.0021483065   0.0498791535   0.0001188790
147 1  -0.0197501400  -0.0001384945  -0.0073710730   0.0328414732  -0.0012412702
147 2   0.0106544953  -0.0601126157   0.0634884566   0.0928177206  -0.0388435827
147 3   0.0236605734   0.0012765310  -0.0127697941   0.0095068625   0.0370027385
147 4   0.0679126929  -0.0485716223  -0.0760644919  -0.0339737652  -0.0844989170
147 5  -0.0084937731   0.0120167904   0.0868141768   0.0863741580  -0.0879426939
147 6  -0.0365525188   0.0206094254  -0.0247641749   0.0038858675   0.0793701198
147 7  -0.0277620286  -0.0247900345  -0.0881786094   0.0382809600  -0.0043398521
147 8  -0.0492376629  -0.0047428939   0.0094517711  -0.0278376449  -0.0030401720
147 9   0.0925939842   0.0271460276   0.0154372641  -0.0925856160  -0.1074303798
14710   0.0211633878   0.1576103175  -0.0956880849  -0.1438875217   0.0190081164
14711   0.1023210081  -0.0169245734   0.0734764974   0.0985084774  -0.0210725121
14712   0.1521567779   0.0322164261  -0.1412017741  -0.1594646519  -0.0036486260
14713  -0.0044195822  -0.1230471365  -0.1276683341  -0.0997158762  -0.0796421187
14714   0.1062805744  -0.1081055486  -0.1577470280   0.0414594383   0.1481336913
14715   0.0772242749   0.0329951708  -0.0302173306   0.0786273011  -0.0387388122
14716   0.0306616059   0.1312487053  -0.1628017614   0.1980992466  -0.0532322455
14717   0.1290558739   0.1049708730  -0.0711321084   0.0200734176  -0.0461788885
14718   0.0854420204   0.0392286252  -0.0213762952   0.0355789079  -0.0247155779
14719   0.0504635197  -0.0303443408   0.0521362155  -0.0048624500  -0.0616514080
14720   0.0300427810  -0.0593300806  -0.0001078170  -0.0071394126   0.0210184240
14721  -0.0638007348  -0.0472984735   0.0081195568   0.0215248866  -0.0237640881
14722   0.0090582574  -0.0163875297  -0.0499002151   0.0159935965  -0.0510507251
14723  -0.0579977379  -0.0452127391   0.0642795196   0.0077756323   0.0463878912
14724  -0.0057008628  -0.0259305823  -0.0353119392   0.0441087617  -0.0015304282
14725   0.0054474687  -0.0147415354  -0.0531991657  -0.0489594753  -0.0401377020
14726  -0.0338053286  -0.0221237492  -0.0174600545  -0.0402732770  -0.0376468251
14727  -0.0621863296   0.0749923696   0.0054994006   0.1359575683   0.1421154424
14728   0.0493956934   0.0645400677  -0.0292165668  -0.0509114059   0.0419773464
14729  -0.1081583134  -0.0301250474   0.0266098845   0.1555165696   0.0817067780
14730   0.0485578217   0.0543965772  -0.1691578971   0.0926195819   0.0358817242
14731   0.0725102338   0.0133393062   0.0059422279  -0.0041381898  -0.0065991615
14732   0.0311357311   0.0622484217  -0.0180945623  -0.0076933567   0.0006428944
14733   0.1022815268   0.1146538445   0.0213630767   0.0681430620  -0.0911285484
14734  -0.0435315280   0.0017068202   0.0496927959   0.0007140532   0.0060192342
14735  -0.0944308925  -0.0000666606  -0.0015939345  -0.0028456925  -0.0072433024
14736   0.0018411037  -0.0016200385   0.0039964150  -0.0000149376   0.0015987971
14737   0.0001772002  -0.0007536073  -0.0000707620   0.0006629218   0.0004706796
14738   0.0008639466  -0.0004634365   0.0002772938   0.0014355845  -0.0007433296
14739  -0.0022053509   0.0007670875   0.0005772979  -0.0000953861  -0.0022607418
14740   0.0000494107   0.0001427377  -0.0011329286   0.0003605405   0.0003863541
14741  -0.0000258398  -0.0001839771   0.0007434207   0.0016756300  -0.0009163347
14742  -0.0001535833   0.0011003919   0.0008570722  -0.0032959765  -0.0018299727
14743  -0.0040772723  -0.0040555144  -0.0053451912   0.0023048755  -0.0082032412
14744   0.0055438670  -0.0000627910  -0.0000244877  -0.0000560655  -0.0000057397
14745  -0.0000537892  -0.0000671937  -0.0000066311  -0.0001365399  -0.0000084003
14746   0.0001030415   0.0000128734   0.0000587549   0.0000104330   0.0000497654
14747  -0.0008181391   0.0001618072  -0.0030871232  -0.0000004019
148 1   0.0694682837   0.0804925645  -0.0700852041   0.0313247891  -0.0554350425
148 2  -0.0200133774   0.0502317401   0.0992106470   0.0164185448  -0.0829861055
148 3  -0.0543965291   0.1104184115   0.1237190765   0.1026605453  -0.0725114572
148 4  -0.0074321190   0.0439580423  -0.0143404628  -0.0050807039   0.0045519377
148 5   0.0288479460   0.0535540208  -0.0074661456  -0.0061421334  -0.0259156501
148 6  -0.0382563367   0.0169562923  -0.0201325425   0.0006008142  -0.0234986496
148 7   0.0064953435   0.0186769791   0.0226182723   0.0244231937  -0.0156967686
148 8   0.0107040973  -0.0084394099  -0.0054150236  -0.0041094623  -0.0089714939
148 9   0.0010023789   0.0068906544  -0.0108864909   0.0036047099  -0.0102107325
14810   0.0066578245   0.0025554803  -0.0012996645   0.0084686991  -0.0133463543
14811  -0.0120382969   0.0014447215  -0.0000560605  -0.0079035835  -0.0033976065
14812  -0.0068026713   0.0028201297   0.0117938108   0.0024700254  -0.0061545435
14813  -0.0121026799   0.0012268584   0.0079146003  -0.0036035217   0.0025128173
14814  -0.0128811556   0.0044155393   0.0049500631  -0.0035266428   0.0129566997
14815  -0.0050013070  -0.0115008504   0.0018565292   0.0178765648   0.0048103647
14816   0.0045611193   0.0129149076  -0.0126412939   0.0166389370  -0.0061693330
14817   0.0126245851   0.0036165724  -0.0087575643   0.0077847323  -0.0069410250
14818   0.0048148229  -0.0018700937   0.0005359042   0.0089647916  -0.0016174881
14819   0.0061410783  -0.0084115879   0.0012098988  -0.0000974826  -0.0125570554
14820   0.0065229452  -0.0088410135  -0.0041293047  -0.0011219970   0.0049065711
14821  -0.0089723098  -0.0035269425   0.0044191117   0.0013876763  -0.0015214080
14822   0.0036130515  -0.0025195389   0.0007894291   0.0026334816  -0.0026458985
14823   0.0002966257  -0.0018082069   0.0011108270  -0.0024396942  -0.0016194426
14824   0.0015721084   0.0023820868   0.0008338638  -0.0011652088  -0.0023226357
14825   0.0045563892  -0.0006052165   0.0000898173  -0.0022735183  -0.0020228323
14826   0.0006887571   0.0006556440   0.0018054989  -0.0017107445   0.0030939204
14827   0.0016913607  -0.0020317883   0.0017505714  -0.0032866873  -0.0007618739
14828   0.0032183777   0.0218949494  -0.0005636710   0.0019699167  -0.0025994173
14829   0.0008509427  -0.0111998633   0.0145069119   0.0382185051  -0.0532185999
14830  -0.1789954672   0.0094062817  -0.0097775898   0.0174493045  -0.0245923753
14831  -0.0607928152  -0.0003696493  -0.0036264322  -0.0356222946   0.1023041561
14832   0.0143091228  -0.0018570285   0.0017278424  -0.0312586480   0.0063517761
14833   0.0017387372   0.0092160204   0.0027956150   0.0185169354   0.0383911287
14834  -0.1520064956   0.0235713964  -0.0183730068  -0.0033915565  -0.2551308941
14835  -0.0061300860   0.0007886719  -0.0126038493   0.0185751071   0.0171609550
14836   0.0004852112  -0.0023054167   0.0041837834   0.0008932517  -0.0000671609
14837   0.0037826328  -0.0017996627   0.0335152748   0.0094984670   0.0150731598
14838  -0.0158117820  -0.0121090899  -0.0000979269   0.0005045627   0.0001393460
14839  -0.0127840214  -0.0235322520   0.0041831871  -0.0206985580  -0.0263806819
14840  -0.0234996366   0.0144227780  -0.0911862526   0.0009661773   0.0211651092
14841  -0.0156799118  -0.0168518920  -0.0014465480   0.0489126399   0.0175451636
14842  -0.1364421994   0.0917113282  -0.0081871046   0.0684652297  -0.0091275269
14843  -0.1637120898   0.0498985223  -0.0425991270  -0.0041203873   0.1037764649
14844   0.0366399044   0.0002001635  -0.0003046206  -0.0001926359  -0.0002944628
14845   0.0000599374  -0.0002085982   0.0001189290   0.0002807392   0.0000020358
14846  -0.0000022359  -0.0000651499   0.0000373172  -0.0000737525  -0.0000528697
14847   0.0000886051   0.0000058232   0.0002141539   0.0001891823
149 1  -0.1224966562  -0.0277380868   0.0930556438  -0.0251189286  -0.0057371828
149 2   0.0731749882  -0.1127982748   0.0223211012  -0.0910660872  -0.0235075129
149 3  -0.0254809940   0.1149701840   0.0568456143  -0.0012796413   0.0617375829
149 4  -0.0421127191   0.0016802960  -0.0485547379  -0.0106853975   0.0427133602
149 5  -0.0103525026  -0.0283903140  -0.0352377028   0.0184467102  -0.0554629582
149 6   0.0018994303  -0.0125287531  -0.0090304104  -0.0132197241   0.0140454755
149 7   0.0061329357   0.0184080093   0.0001228961  -0.0103662364  -0.0121791515
149 8  -0.0194015650  -0.0140438852   0.0109519655   0.0137003705  -0.0013546507
149 9  -0.0094023421   0.0023212994  -0.0024311555  -0.0013399878   0.0057633170
14910  -0.0027903020   0.0047087976  -0.0011441352   0.0028733120  -0.0099092619
14911  -0.0144321831   0.0152240294  -0.0239832349   0.0008213957   0.0272678784
14912   0.0004615867  -0.0016662417   0.0090999578   0.0014113591   0.0083107624
14913  -0.0135483571   0.0046538329   0.0050437399  -0.0027366130   0.0220303004
14914  -0.0279671783   0.0056159511   0.0225555101  -0.0121262944  -0.0155494343
14915  -0.0195178770  -0.0002090207   0.0001505292  -0.0035108550  -0.0119405871
14916   0.0044586875   0.0039090728   0.0149771596  -0.0085799216   0.0065241947
14917  -0.0159163085  -0.0020432088  -0.0370526843  -0.0629978598   0.0605217235
14918   0.0647586267   0.0463446633  -0.0818620718  -0.0562020617   0.0355424406
14919   0.0579624697   0.0249392311   0.0483419889  -0.0547356162   0.0053304047
14920  -0.0109805723  -0.0503489123   0.0272780661   0.0284413226   0.0119104700
14921  -0.0076970534  -0.0140902562   0.0025886414   0.0194978297   0.0053642201
14922   0.0068554472  -0.0050119735  -0.0046319432   0.0074345641   0.0018178990
14923  -0.0068622976   0.0000288890  -0.0009410757   0.0029681760   0.0018659651
14924  -0.0058632772  -0.0035803582  -0.0023296044   0.0013733304  -0.0014448257
14925   0.0001727547   0.0045023557   0.0010041614   0.0060012675   0.0025514557
14926  -0.0006106470  -0.0027433788  -0.0058112566  -0.0018100517   0.0065436639
14927  -0.0003434157  -0.0111522726   0.0075943045  -0.0088127616  -0.0105483284
14928  -0.0012614269  -0.0007786630   0.0083806381  -0.0078309656   0.0329478744
14929   0.0022796394   0.0627961586   0.0472103578  -0.0047027933  -0.0040261126
14930  -0.0018947056   0.0774624839   0.0203828686  -0.0013417369   0.1893577941
14931  -0.0531588519   0.0081376359   0.2109064062  -0.0013556859   0.0030803059
14932  -0.0178186940   0.0541013870   0.0831719084   0.0045222681   0.0322710256
14933  -0.0045573852  -0.0216605562   0.3567769095  -0.0067665998   0.0077561637
14934   0.0022478804   0.0018295679   0.0054226789  -0.2382150292  -0.0022619109
14935   0.0064090324   0.0035988163  -0.0038210103  -0.0021699724   0.0005346148
14936   0.0156472893  -0.0059332285   0.0618950563  -0.0007919283  -0.0000527053
14937   0.0006394599  -0.0002174528  -0.0082850434   0.0373419440   0.0100593765
14938   0.0084722469  -0.0016262053   0.0020196663   0.0022709811   0.0445268963
14939  -0.1189849881  -0.0034347176  -0.0022159236  -0.0783734419  -0.0117159446
14940  -0.0005195157  -0.0017277309   0.0032298000  -0.0033634481   0.0032443984
14941   0.0201643247   0.0035556526   0.0016342284   0.0018882661  -0.0058178749
14942   0.0048928935  -0.0016614104   0.0174809024   0.0034011377   0.0167238529
14943  -0.0056796955  -0.0401729984   0.0167577535  -0.0384767154   0.0000720216
14944  -0.0135611779   0.0000675594  -0.0000784426   0.0000260231  -0.0000673465
14945   0.0001118094   0.0000725391   0.0000175359  -0.0000491583  -0.0000006820
14946  -0.0000147157  -0.0000178301  -0.0000024353  -0.0001123640   0.0001365517
14947  -0.0001104451  -0.0001460611   0.0000470885  -0.0000465418
150 1  -0.0051532529   0.0214619262   0.0178743720  -0.0232044060   0.0549143335
150 2   0.0721806377  -0.0591661088   0.0257725267   0.0508523210  -0.0156000037
150 3   0.0202964584   0.0283777454  -0.0317581510   0.0264499243   0.0216396456
150 4   0.0281791160  -0.0265533824  -0.1030154521  -0.0116671503   0.0000027911
150 5  -0.0105858599   0.0307450065   0.0549597362  -0.0347833621  -0.0609391071
150 6   0.0160999697   0.0055481415  -0.0051058905   0.0952972965   0.0831644545
150 7  -0.0002538376  -0.1058620395  -0.1504928474   0.0423058117   0.0288541963
150 8  -0.0165769660   0.0601435826   0.0672385599  -0.0875292291   0.1058615199
150 9   0.1787151721  -0.0754667446   0.0522603051   0.0152122257  -0.1053659205
15010  -0.0447536457   0.1327836287  -0.0109519384  -0.0273126060  -0.1032135900
15011   0.0120015110   0.0254071566  -0.0386392628   0.0851469295   0.0271533257
15012   0.1549661537   0.0361231658  -0.0561518562  -0.2364471491   0.1023943477
15013  -0.0346192951  -0.1550754017  -0.1447102127  -0.1330231146  -0.0230969770
15014   0.0705286655  -0.1198171121  -0.1580885593   0.0168161292   0.0387037119
15015   0.1306096611   0.1013631871  -0.0577752600  -0.0393552379  -0.0970654022
15016   0.0018704097  -0.0028247311  -0.0244067360   0.0438272467  -0.0194845061
15017   0.0048239496  -0.0007505984   0.0166091560  -0.0296189418  -0.0073129296
15018   0.0248984063   0.1013706821  -0.0070210162   0.0434585491  -0.0338909474
15019  -0.0016662681   0.0106333178   0.0774960560  -0.0559452471  -0.0070704507
15020  -0.0213389466  -0.0503096985   0.0071298302   0.0527492779   0.0368980348
15021  -0.0097937023  -0.0214660719  -0.0320096924   0.0010068348   0.0191578117
15022   0.0468650311  -0.0365000664   0.0507823463  -0.0392926652   0.0859920462
15023   0.0215921309   0.0488855318  -0.0879946565  -0.0073954472  -0.0280707070
15024   0.0045740357   0.0075323036  -0.0134439211   0.0050150157  -0.0610869343
15025   0.0707268178   0.0164863451   0.0749997768   0.0445949921   0.0313456364
15026   0.0542959503   0.0531096093   0.0283744067   0.0146543260   0.0520264820
15027   0.0888738362  -0.0819665160   0.0280949045  -0.1347827870  -0.1439471812
15028  -0.0578814458  -0.0439535082   0.0261608029   0.0171607782   0.0046553385
15029   0.0311115510   0.1082475561  -0.1187312757   0.0096616414  -0.0163016299
15030   0.0137153727  -0.2401299342  -0.1636490730   0.0241838772   0.1253751443
15031  -0.0144886371  -0.0158669240   0.0132282724   0.0073986734   0.0000713214
15032   0.0106542458   0.1099839295  -0.0889728018  -0.0022041470  -0.0023563939
15033   0.0073067964  -0.1373885337  -0.0322147871   0.0318559086  -0.0136634146
15034  -0.0050168034   0.0287673988   0.0106096997   0.0125407866  -0.0083959194
15035   0.0089148429   0.0108342833   0.0007827829   0.0017587998   0.0003684435
15036  -0.0005474619   0.0003032115  -0.0032900282   0.0000851078   0.0002963374
15037   0.0002302557  -0.0002381839   0.0018633137  -0.0022811625  -0.0004276883
15038  -0.0016912974  -0.0005806384  -0.0000642842   0.0001079186  -0.0028701283
15039   0.0095427036  -0.0004196311  -0.0000164546   0.0070110557   0.0005042549
15040  -0.0006280725   0.0007556865  -0.0032967875   0.0004160348   0.0004445739
15041  -0.0025451801  -0.0006802419  -0.0002967292   0.0012359475   0.0012975549
15042  -0.0044638350   0.0027487362  -0.0021439498   0.0017947214  -0.0010208210
15043  -0.0043228760   0.0043389355  -0.0022802675   0.0037954478   0.0024672393
15044   0.0030975064   0.0000371386  -0.0000314587   0.0000999861  -0.0000013187
15045   0.0000670944  -0.0000187386   0.0000307185  -0.0000118860   0.0000174969
15046   0.0000024712   0.0000012825   0.0000120950  -0.0000262173   0.0000153604
15047   0.0000347436  -0.0000345832   0.0000003896  -0.0000006267
151 1   0.0767145784   0.0905332249  -0.0629463067   0.0472753270  -0.0551522574
151 2  -0.0209117795   0.0483931532   0.1034934061   0.0163132395  -0.0693919947
151 3  -0.0654090940   0.1083247051   0.1097885026   0.0833254801  -0.0532979544
151 4  -0.0089712499   0.0298068861  -0.0131444070   0.0022013060   0.0051286451
151 5   0.0177920256   0.0428159939  -0.0097146777  -0.0008707325  -0.0233323425
151 6  -0.0358208513   0.0205975317  -0.0200231544  -0.0018467291  -0.0242177743
151 7   0.0080281337   0.0183846942   0.0207615441   0.0229454484  -0.0110005774
151 8   0.0131239389  -0.0051559968  -0.0058001306  -0.0048349381  -0.0080179506
151 9   0.0008689162   0.0073620034  -0.0111871985   0.0033946611  -0.0110699525
15110   0.0078425188   0.0028225061  -0.0009876473   0.0085034388  -0.0125864486
15111  -0.0120453742   0.0019664078  -0.0002318063  -0.0098260064  -0.0015925837
15112  -0.0078349316   0.0027175220   0.0124234470   0.0035004691  -0.0060716422
15113  -0.0118636885   0.0017310078   0.0078947506  -0.0022559913   0.0018899030
15114  -0.0134205420   0.0039075694   0.0057649117  -0.0038658329   0.0121194385
15115  -0.0040450521  -0.0123661854   0.0019544537   0.0170086332   0.0059789848
15116   0.0037443807   0.0118347823  -0.0113807722   0.0153771249  -0.0054639162
15117   0.0131085465   0.0042306367  -0.0083915274   0.0085049807  -0.0074669672
15118   0.0044402048  -0.0030205794   0.0018129251   0.0086655150  -0.0022081282
15119   0.0048938194  -0.0087427780  -0.0005577664   0.0010276673  -0.0123532131
15120   0.0063009433  -0.0073566976  -0.0042944883  -0.0010666988   0.0041147855
15121  -0.0077848954  -0.0034524552   0.0056052704   0.0004030793   0.0005990571
15122   0.0033574355  -0.0023330318   0.0009159719   0.0006992004  -0.0002289112
15123  -0.0016604983   0.0005238257  -0.0013329681  -0.0000483191  -0.0009512707
15124  -0.0007907727   0.0010823149   0.0008009795  -0.0025661899   0.0017346257
15125   0.0004640741   0.0007591258   0.0001371698   0.0008755718   0.0015891843
15126   0.0031848670   0.0037449415   0.0035002155   0.0020461057   0.0005387805
15127   0.0035825442   0.0020084123   0.0030365327   0.0025371673  -0.0008745380
15128  -0.0015960050  -0.0113606998  -0.0017135588  -0.0051740402  -0.0412459137
15129  -0.0102265307  -0.0044872869   0.0122628422   0.0359757670  -0.0825784706
15130  -0.1164709522   0.0193187755  -0.0004226299   0.0366729236   0.0313811856
15131  -0.0956868703   0.0425741713   0.0345117436   0.0161670505   0.0650993003
15132  -0.0028368855   0.0556571153   0.0834644516  -0.0659990778   0.0904152217
15133   0.0101940035  -0.0069232916   0.0501927519   0.0085621870   0.0195452111
15134  -0.0670674484   0.0093284830  -0.0071038940  -0.0199407977  -0.1695365326
15135  -0.0065600205   0.0049657807   0.0060924639   0.0056172209   0.0573193758
15136  -0.0056306971  -0.0027961822  -0.0016901571   0.0001953556   0.0005357059
15137  -0.0014562489   0.0001818063   0.0140282066  -0.0079765189  -0.0148461883
15138  -0.0095973998   0.0549676414   0.0129289718   0.0266315750   0.0788742990
15139   0.1999422557   0.0147280720   0.0549129615   0.0337188613   0.1551104092
15140   0.0186470974   0.0032969993   0.0438305230   0.0040726293  -0.0133394128
15141  -0.0273391014   0.0029807200  -0.0014038728  -0.0381115184  -0.0096836074
15142   0.0688245415  -0.0756530089  -0.0440813623  -0.0201113451   0.0178430383
15143   0.1254801241  -0.1007260796   0.0976853267   0.1581715327  -0.0298691710
15144   0.1299190979  -0.0001676537   0.0003208644   0.0000332336   0.0004638257
15145  -0.0001690307   0.0001170849  -0.0001170569  -0.0001791736  -0.0000314332
15146  -0.0000078170   0.0000877176  -0.0000237781  -0.0027032895  -0.0004813168
15147  -0.0004416655   0.0000243040   0.0000234644  -0.0012308769
152 1  -0.1337778009  -0.0456024517   0.0786913846  -0.0528653747  -0.0055494998
152 2   0.0747010990  -0.1091735154   0.0143152492  -0.0911134866  -0.0476443880
152 3  -0.0068267887   0.1200351324   0.0829150324   0.0337562745   0.0257886102
152 4  -0.0402785246   0.0268015274  -0.0498184955  -0.0250103453   0.0423973469
152 5   0.0089392005  -0.0123837449  -0.0322192759   0.0092646744  -0.0605680033
152 6   0.0016973843  -0.0195126903  -0.0108982998  -0.0130477351   0.0129294802
152 7   0.0042672634   0.0218761637   0.0058208599  -0.0125821158  -0.0209341956
152 8  -0.0241849102  -0.0164653154   0.0081412900   0.0161137969  -0.0049312975
152 9  -0.0123299646   0.0027634091  -0.0045442973   0.0012785705   0.0112754761
15210  -0.0034698359  -0.0007687569  -0.0016362226   0.0038785343  -0.0066591694
15211  -0.0100392613   0.0114875209  -0.0207880045   0.0017494345   0.0216835176
15212  -0.0022675110  -0.0047331240   0.0093125007   0.0058698080   0.0093815867
15213  -0.0076804585   0.0058494039   0.0049569822  -0.0005561535   0.0191904223
15214  -0.0236151474   0.0061251911   0.0204037767  -0.0111986991  -0.0147526798
15215  -0.0195142996   0.0010264689   0.0012087901  -0.0040072592  -0.0097610787
15216   0.0026350414   0.0001781705   0.0162277967  -0.0117218929   0.0072223821
15217  -0.0178406045  -0.0039464754  -0.0310059670  -0.0567163286   0.0548669908
15218   0.0562781365   0.0401774912  -0.0729370085  -0.0516541063   0.0324250075
15219   0.0500115602   0.0234019163   0.0416191205  -0.0491737564   0.0071458073
15220  -0.0109033256  -0.0445926512   0.0263771007   0.0250523717   0.0106113029
15221  -0.0071197810  -0.0121650919   0.0029294891   0.0175632161   0.0021177775
15222   0.0042316906  -0.0023072996  -0.0077142506   0.0102509827  -0.0061191376
15223  -0.0075130031  -0.0059013052   0.0069169242   0.0002702946   0.0025633134
15224  -0.0032784517  -0.0019065524  -0.0012190352   0.0024784603  -0.0038414463
15225   0.0023425862   0.0028060384   0.0001917440  -0.0007045827  -0.0015901039
15226  -0.0032791398  -0.0066036805  -0.0072394903  -0.0072764721   0.0081264064
15227  -0.0022059368  -0.0170045549   0.0025850513  -0.0198500317  -0.0100045814
15228   0.0066486513   0.0682081252   0.0083750587   0.0100782174   0.0535683578
15229   0.0048197151   0.0464685853   0.0421632013  -0.0081340450   0.0716145698
15230  -0.1064522963   0.0472529843   0.0021715563  -0.0487495053   0.0852798691
15231   0.0478497379  -0.0099184132   0.0772847049  -0.1158547035   0.0539138302
15232   0.0148404220  -0.0169788198  -0.0153341443   0.0582645820  -0.1300449039
15233  -0.0191263118   0.0238243644   0.0433002017   0.0064370568   0.0204954402
15234  -0.0802586246   0.0031649658  -0.0093636374   0.0365670160  -0.0444616437
15235  -0.0022342082  -0.0047229229  -0.0198568428   0.0096600767  -0.0109450744
15236  -0.0028025007   0.0075180309  -0.0381872186   0.0008960713  -0.0005948991
15237  -0.0036474968   0.0003149723  -0.0378447911  -0.0456211789  -0.0067951730
15238  -0.0008580421  -0.1131688586  -0.0168265976  -0.0209873810  -0.1051970882
15239   0.0797869041  -0.0898730666  -0.1072531343   0.1912961144  -0.0553946800
15240   0.0062950503  -0.0049705200   0.0120646975   0.0075441361  -0.0208370489
15241  -0.0231187585   0.0096818084  -0.0045047957  -0.0065441073   0.0218792931
15242   0.0729659086  -0.0647760269  -0.0267614176  -0.0484106382   0.0290988578
15243  -0.0052789691   0.1895477326  -0.0513847981   0.0148158711  -0.0217844704
15244   0.0113594121   0.0001130003   0.0002082138   0.0002655577   0.0000484167
15245  -0.0001385952  -0.0000071147  -0.0000840337  -0.0000951989   0.0000453209
15246  -0.0000094847   0.0000468157  -0.0000131047   0.0008601807  -0.0006658124
15247  -0.0000139883   0.0001307042  -0.0000456818   0.0005998517
153 1   0.0145453017   0.0197517710  -0.0003059801  -0.0358062577   0.0791913580
153 2   0.0692936363  -0.0475297757   0.0139734337   0.0425986296  -0.0084567392
153 3   0.0223181367   0.0403805770  -0.0155529964   0.0344489974   0.0107417041
153 4   0.0006320045  -0.0204900366  -0.0733172103  -0.0092409195   0.0126202309
153 5  -0.0233580323   0.0123584279   0.0244767185  -0.0543177809  -0.0618290639
153 6   0.0453524124  -0.0058938094   0.0060364775   0.0623900292   0.0676073865
153 7   0.0126217632  -0.0954817959  -0.1227765329  -0.0073629197   0.0393191464
153 8  -0.0182325585   0.0884425005   0.0953846551  -0.1057648360   0.1301455601
153 9   0.1842960549  -0.1017012725   0.0210755245   0.0307099892  -0.0417389097
15310  -0.0425174249   0.1049773841   0.0054192304  -0.0247019802  -0.0716335866
15311   0.0073740219   0.0594878873  -0.0564206700   0.0551556489   0.0654722035
15312   0.1056116580   0.0221839325   0.0097539332  -0.1582275046   0.1142529009
15313  -0.0457045097  -0.1142029200  -0.0976481852  -0.0728304122   0.0230584731
15314   0.0185824305  -0.0653581695  -0.0939541265  -0.0128325517  -0.0245611467
15315   0.0905446789   0.0862514697  -0.0375885756  -0.0690382498  -0.0629082882
15316  -0.0165438089  -0.0572330321   0.0472101137  -0.0355806979   0.0124667100
15317  -0.0575551747  -0.0235129562   0.0385274612  -0.0463409284   0.0235479916
15318  -0.0144068902   0.0762499746   0.0051723685   0.0114455586  -0.0271511507
15319  -0.0593117474   0.0311724016   0.0354119223  -0.0258520209   0.0435293751
15320  -0.0350985903   0.0188131014   0.0100160034   0.0250127488   0.0206178008
15321   0.0243416896   0.0136066876  -0.0198655510  -0.0094427591   0.0037913340
15322  -0.0098333719   0.0166349602   0.0136112698  -0.0171708688   0.0186173842
15323   0.0056892840   0.0191652218  -0.0216932852  -0.0105558237  -0.0145374023
15324   0.0007282350   0.0081927382   0.0047189149  -0.0071446477  -0.0254064083
15325   0.0180856025   0.0196107041   0.0514860336   0.0228956529   0.0182259697
15326   0.0282559204   0.0232480893   0.0086498855   0.0172161367   0.0263213182
15327   0.0625478746  -0.0618889961  -0.0017187292  -0.0950642849  -0.0990122703
15328  -0.0253387328  -0.0333249628   0.0004799225   0.0509635540   0.0284990623
15329  -0.1030476694   0.0532141400  -0.0281550744   0.1540054424   0.0704646156
15330   0.0201579096   0.1092724648  -0.0220279160  -0.1012290070  -0.0744596251
15331  -0.0704248143   0.0134122956  -0.0332592225   0.0121189248  -0.0282726903
15332   0.1170725356  -0.0744876119   0.0906118402   0.0014119120   0.0259612733
15333  -0.2321879556   0.2444456101   0.0106319000  -0.0572331954  -0.0341102769
15334  -0.0585387810  -0.0908644820  -0.0085123022   0.0072143861   0.0025350319
15335   0.0010858038  -0.0328191279   0.0007113027  -0.0007468166  -0.0025364507
15336  -0.0012691880  -0.0001977997  -0.0006870528   0.0002249969  -0.0002195591
15337   0.0009069722   0.0001311733   0.0035431549   0.0038069505   0.0010926866
15338  -0.0000650307   0.0103353619   0.0012523502   0.0021404901   0.0099341499
15339  -0.0003327791   0.0093699422   0.0103230749  -0.0163627834   0.0082798971
15340   0.0000850333   0.0002939356   0.0006734846  -0.0006008728   0.0011535832
15341   0.0013699187  -0.0004005604   0.0005260952  -0.0009414156  -0.0024453788
15342  -0.0037964307   0.0034316180   0.0015220427   0.0034013605  -0.0022547101
15343   0.0040108404  -0.0187397756   0.0066704760   0.0022369734  -0.0002483285
15344  -0.0002281473  -0.0000274617  -0.0000309622  -0.0000208614   0.0000284372
15345   0.0000039371   0.0000170493   0.0000007065   0.0000259726  -0.0000055943
15346   0.0000000522   0.0000099385  -0.0000015935  -0.0001095132  -0.0000271245
15347  -0.0000216327   0.0000149759  -0.0000054092  -0.0001038418
154 1   0.0704311653   0.0771175854  -0.0725814745   0.0304022017  -0.0564325531
154 2  -0.0206548838   0.0504418337   0.0990692407   0.0170644001  -0.0857083842
154 3  -0.0535463452   0.1079307127   0.1253984351   0.1052822458  -0.0756352749
154 4  -0.0060215442   0.0442993340  -0.0179691063  -0.0047645783   0.0074446492
154 5   0.0319619042   0.0535946607  -0.0085633823  -0.0049997152  -0.0284778525
154 6  -0.0365604877   0.0177820193  -0.0232484700  -0.0005039526  -0.0235771654
154 7   0.0028702501   0.0195339942   0.0232524359   0.0239422258  -0.0172984936
154 8   0.0099792498  -0.0059481615  -0.0079676478   0.0005462103  -0.0146710608
154 9  -0.0047980079   0.0093733839  -0.0098302648   0.0038528907  -0.0075044494
15410   0.0064316541  -0.0020981522  -0.0021169766   0.0090676488  -0.0098927546
15411  -0.0079345087  -0.0041386912   0.0045020209  -0.0098003895  -0.0098452734
15412  -0.0080806743   0.0043014017   0.0052114612   0.0030942113  -0.0054683743
15413  -0.0035216566  -0.0018523142   0.0040575116  -0.0033244305  -0.0076605098
15414  -0.0009084986  -0.0014503411  -0.0064720861   0.0010988689   0.0216823457
15415   0.0034982694  -0.0106219525   0.0013553355   0.0231779489   0.0103726634
15416   0.0036336839   0.0146280266  -0.0210601456   0.0236357869  -0.0074884579
15417   0.0200974646   0.0029300321   0.0052552344   0.0318967875  -0.0301226739
15418  -0.0167841597  -0.0160030385   0.0301728257   0.0299893137  -0.0159363432
15419  -0.0131092769  -0.0159942509  -0.0129237990   0.0166209002  -0.0137558661
15420   0.0080623964   0.0068709088  -0.0101014925  -0.0084230961   0.0013112453
15421  -0.0073807250   0.0017122204   0.0040514848  -0.0043260980   0.0003087120
15422   0.0009773128  -0.0002250633   0.0028983772  -0.0034862939  -0.0012998989
15423   0.0023159234   0.0002543498   0.0003241252  -0.0032686016  -0.0025927616
15424   0.0027945770   0.0030520218   0.0006681911  -0.0014270470  -0.0032409835
15425   0.0050676431   0.0008626654   0.0043465171  -0.0025500294   0.0007541423
15426   0.0057301948   0.0065070549   0.0063289902   0.0012529612  -0.0004063743
15427   0.0089815477   0.0013822995   0.0033266346  -0.0014416265  -0.0043466603
15428  -0.0021174209  -0.0109533099  -0.0023512185  -0.0013963215  -0.0970073446
15429  -0.0191569310  -0.0218216574  -0.0143815473   0.0394533212  -0.0906893783
15430  -0.0827965188  -0.0031765418  -0.0036241066   0.0518119879  -0.0048205682
15431  -0.1188796928   0.1091398236  -0.0641615657   0.0797916185  -0.0175150598
15432  -0.0192446464   0.1014334437   0.1412791728   0.0663135341  -0.0418420968
15433  -0.0014356526  -0.0095646183   0.0402938078  -0.0011926507  -0.0039841154
15434   0.0278549181  -0.0024745166   0.0018348739   0.0327092793   0.0882456711
15435   0.0024521592  -0.0044040053   0.0322531104  -0.0064986176  -0.0474743192
15436  -0.0071595381   0.0051229521  -0.0277374946  -0.0004255124  -0.0001529530
15437   0.0036677629   0.0000695106   0.0121290531   0.0210340007  -0.0073014708
15438  -0.0010649440  -0.0068775910   0.0112602683   0.0044432908   0.0198259619
15439   0.0731000233   0.0271416930  -0.0804106661   0.0442451129  -0.0450496929
15440   0.0005627818   0.0077014089   0.0101882544   0.0022917255  -0.0049895342
15441   0.0001041185   0.0095276397  -0.0060326063   0.0228236738   0.0397541744
15442   0.0121594376   0.0405745613   0.0023750721  -0.0464677062   0.1285365375
15443   0.0437493608  -0.0237364236  -0.1693526341  -0.1770757256  -0.1590529109
15444  -0.2945382355   0.0001798207  -0.0002749069  -0.0000334770  -0.0005896617
15445   0.0000543818  -0.0000382337   0.0001227771   0.0000962885   0.0000407677
15446   0.0000069929  -0.0000563178   0.0000119168  -0.0089389504  -0.0018682828
15447  -0.0001248090   0.0001047550   0.0000324272  -0.0050257891
155 1  -0.1423725859  -0.0633744725   0.0610743625  -0.0792348024  -0.0061302358
155 2   0.0791347434  -0.1069008150   0.0060876479  -0.0918325930  -0.0722525334
155 3   0.0134519247   0.1239846317   0.1078900530   0.0699577046  -0.0111803778
155 4  -0.0388654645   0.0523171772  -0.0531991087  -0.0419209071   0.0436896642
155 5   0.0334493120   0.0038461857  -0.0266219416   0.0035848506  -0.0654809873
155 6   0.0017288337  -0.0227772650  -0.0150943661  -0.0115246754   0.0116392906
155 7   0.0002667011   0.0228932065   0.0055200321  -0.0153512205  -0.0269104477
155 8  -0.0313893551  -0.0092420269   0.0049309914   0.0182283663  -0.0098309261
155 9  -0.0191915822  -0.0002807030   0.0021398226   0.0055874066   0.0189936014
15510  -0.0092539236  -0.0143238018   0.0029958146   0.0061978758   0.0014943454
15511   0.0029973970  -0.0026936164  -0.0099495352   0.0065269557   0.0031456924
15512  -0.0010439639  -0.0088207134  -0.0008917390   0.0045576505   0.0115448044
15513   0.0123640070  -0.0003258424  -0.0064922737  -0.0024270260   0.0001265301
15514   0.0011039653  -0.0043707241  -0.0026193678  -0.0024413495  -0.0061032078
15515  -0.0039132612   0.0097723027  -0.0000360366  -0.0049976537  -0.0052914138
15516  -0.0031755565  -0.0066476987   0.0119606327  -0.0110962284   0.0051802722
15517  -0.0150255145  -0.0070044047  -0.0084955436  -0.0301615242   0.0286430048
15518   0.0268471576   0.0205737458  -0.0360325609  -0.0280048558   0.0174489313
15519   0.0237828441   0.0144592747   0.0223481428  -0.0274583959   0.0083576123
15520  -0.0083736906  -0.0240341640   0.0181683501   0.0152710953   0.0038817086
15521  -0.0030534702  -0.0068577092   0.0003984464   0.0092354507  -0.0003349119
15522   0.0004697566   0.0001851673  -0.0083895145   0.0052092784  -0.0091654445
15523  -0.0062531922  -0.0078040672   0.0100169054  -0.0010167451   0.0027546693
15524  -0.0031761972  -0.0013402315  -0.0002908882   0.0031699712  -0.0031355033
15525   0.0017086561   0.0010091702   0.0006009104  -0.0057110533  -0.0022260635
15526  -0.0017360964  -0.0050870596  -0.0054895819  -0.0084504816   0.0073867607
15527  -0.0011802288  -0.0148196108   0.0036212484  -0.0216412114  -0.0087839198
15528   0.0082901393   0.0897555187  -0.0004386479   0.0161578731  -0.0050402236
15529  -0.0022518827  -0.0006659096   0.0003017865  -0.0099135744   0.0622120470
15530  -0.0593776029   0.0056641377   0.0226956891  -0.0231656049   0.0659522107
15531   0.0974294119   0.0145711203  -0.0664299874  -0.0450357742  -0.0436314894
15532   0.0033856761  -0.0332570284  -0.0471744782   0.2503182336  -0.3973242799
15533   0.0046953375   0.0085172200  -0.0774483764   0.0035826660  -0.0019519764
15534   0.0094830083   0.0059078219  -0.0001555465   0.0242537473   0.0005240187
15535  -0.0016703611   0.0131277058   0.0627380370  -0.0114595443   0.1248477326
15536   0.0274319984  -0.0161022448   0.0968125247  -0.0023746484   0.0008373646
15537   0.0015754740  -0.0009548522   0.0453171703   0.0505633621  -0.0402262543
15538  -0.0013232055   0.0410267681  -0.0002372510   0.0099264618   0.0383163683
15539  -0.0166137945  -0.0149592415   0.0628665670  -0.0166092601   0.0709152222
15540  -0.0018378915   0.0099004360  -0.0141824143   0.0004141007   0.0060738506
15541  -0.0175621242  -0.0078292481   0.0002409483   0.0001080631   0.0039971019
15542  -0.0258478932   0.0114058502  -0.0214399542   0.0198077300   0.0240869435
15543   0.0672841389  -0.1422349040   0.0227694532   0.0211365821  -0.0459113004
15544  -0.0495224052  -0.0000574111   0.0000069833   0.0000037513   0.0001159015
15545   0.0000098714   0.0000277303   0.0000039008   0.0000123919   0.0002913754
15546   0.0000254055   0.0002455392   0.0000171378  -0.0827570849  -0.0164612516
15547  -0.0019067137   0.0007249891   0.0001466843  -0.0182745615
156 1   0.0370947654   0.0421584134  -0.0289635489  -0.0402429503   0.0927872011
156 2   0.1080358162  -0.0563803519   0.0011977642   0.0244411109  -0.0004796018
156 3   0.0450824472   0.0678323326  -0.0116573986   0.0547272449  -0.0040117285
156 4  -0.0332911612   0.0059667507  -0.0405462270  -0.0479382814   0.0149876170
156 5   0.0087803032   0.0009746575   0.0546207298  -0.0425022704  -0.0430400613
156 6   0.0650859169   0.0100671793   0.0255497863   0.0654401875   0.0580990560
156 7   0.0178776965  -0.1224834573  -0.1633065412  -0.0566339597   0.0827583368
156 8  -0.0068960631   0.1653174533   0.1085120967  -0.1586337321   0.1840809385
156 9   0.2110291736  -0.1811598851   0.0868012868   0.0700486900  -0.0168023480
15610  -0.0944290104   0.0498284275   0.0852302544  -0.0099462064  -0.0377174206
15611   0.0653647689   0.0096647915  -0.0233592044   0.1125204389  -0.0031740173
15612   0.1342523356  -0.0183749778   0.0066532539  -0.1918879278   0.1347348762
15613   0.0290840624  -0.1369137911  -0.1587186302  -0.0909554609  -0.0309229901
15614   0.0927170864  -0.0924900950  -0.1663763301   0.0134273569  -0.0786658207
15615   0.1553522586   0.1570261025  -0.0496695996  -0.1685916666  -0.0942879514
15616  -0.0613351028  -0.1564877300   0.1307655808  -0.1388106482   0.0155667064
15617  -0.1267098899  -0.0436618022   0.0809119750  -0.0959272993   0.0679373252
15618  -0.0334878339   0.0768958725  -0.0100213606  -0.0308753558   0.0029706661
15619  -0.0802371133   0.0485694443   0.0349791931  -0.0278116566   0.0787018161
15620  -0.0447723390   0.0358857412   0.0013926295   0.0395289823  -0.0002757568
15621   0.0723747546   0.0103243614  -0.0463611237  -0.0325455354  -0.0034141077
15622  -0.0098368304   0.0138314345   0.0106166480  -0.0171463924   0.0391641557
15623  -0.0195378844   0.0390442615  -0.0510108052   0.0138129877  -0.0103963229
15624  -0.0377036497   0.0000908356   0.0261425553  -0.0330196329   0.0477475345
15625  -0.0584766679   0.0074105338  -0.0010231914   0.0502168187   0.0251951487
15626  -0.0030741111  -0.0058919585  -0.0185266352   0.0188573482   0.0327994489
15627  -0.0098405558  -0.0170772184   0.0158819300  -0.0190899344  -0.0218573090
15628  -0.0081510023   0.0322958067  -0.0833842631   0.0054016682   0.0162121653
15629  -0.0882177181  -0.0274303601   0.0325051986   0.0868990135   0.0442174761
15630  -0.0085924193  -0.0006379113   0.2185210359   0.1585131083  -0.0597599663
15631   0.0655052425   0.0094858356   0.0161179629  -0.0158797046   0.0025651201
15632   0.0169509827  -0.0630334131   0.0537933106  -0.0222678401   0.0250470633
15633   0.0915951818  -0.0518132231   0.0015380884   0.0523646213   0.0376862739
15634   0.0590381870   0.0649498065   0.0021494637  -0.0002175649   0.0104235613
15635  -0.0012686271   0.1300381788  -0.0050151119   0.0005886606  -0.0137667416
15636  -0.0032779726   0.0014206646  -0.0095537984  -0.0010355085   0.0000704715
15637   0.0003923420   0.0002475202  -0.0033532824  -0.0022569335   0.0033263364
15638   0.0005108468  -0.0035167561  -0.0002705738  -0.0008370489  -0.0031843561
15639   0.0010279665   0.0009315418  -0.0058674770   0.0013901032  -0.0065960383
15640   0.0002657498  -0.0008689364   0.0017356803   0.0000083573  -0.0006789854
15641   0.0017655457   0.0006389687  -0.0001011717   0.0002074268  -0.0000628097
15642   0.0026975147  -0.0008938664   0.0021316655  -0.0024986458  -0.0006162240
15643  -0.0061373794   0.0132735186  -0.0046115828  -0.0047795018   0.0033686651
15644   0.0011643791   0.0000054161  -0.0000404170  -0.0000434831  -0.0000130659
15645  -0.0000280383  -0.0000263621  -0.0000486745   0.0000257903  -0.0000271647
15646  -0.0000000466  -0.0000133535   0.0000036335   0.0066345003   0.0013236905
15647   0.0001531599  -0.0000661665  -0.0000169880   0.0013419236
157 1   0.0754661229   0.0863257888  -0.0653853404   0.0435049931  -0.0559394199
157 2  -0.0212284710   0.0488710846   0.1026374167   0.0168092528  -0.0737899791
157 3  -0.0626800997   0.1065536273   0.1125967751   0.0886882108  -0.0590011346
157 4  -0.0068103868   0.0331435476  -0.0157897247   0.0015216917   0.0075097504
157 5   0.0221795051   0.0449082691  -0.0101788025  -0.0016856146  -0.0256210640
157 6  -0.0357115597   0.0199426543  -0.0217063269  -0.0018592301  -0.0243375716
157 7   0.0044884491   0.0193015424   0.0229475546   0.0237251822  -0.0134539378
157 8   0.0139530437  -0.0070976304  -0.0089923368  -0.0005353546  -0.0131036732
157 9  -0.0034234730   0.0100298806  -0.0109626110   0.0035603995  -0.0104215024
15710   0.0078313098   0.0003744744  -0.0018166351   0.0097473652  -0.0120556034
15711  -0.0105600819  -0.0013517387   0.0012552377  -0.0104654357  -0.0050049641
15712  -0.0079368259   0.0031336646   0.0085227167   0.0027240891  -0.0045254268
15713  -0.0068813082  -0.0000522265   0.0051183451  -0.0033769335  -0.0038469039
15714  -0.0060732885   0.0003496469  -0.0012398914  -0.0007403723   0.0169325147
15715   0.0013155563  -0.0112317417   0.0008726897   0.0198398182   0.0074539498
15716   0.0043156741   0.0131162141  -0.0166368887   0.0194903699  -0.0062998033
15717   0.0168523268   0.0028780016  -0.0000137613   0.0222082030  -0.0209512623
15718  -0.0086354379  -0.0095664110   0.0190800039   0.0212471693  -0.0106581189
15719  -0.0057954629  -0.0122367474  -0.0070693079   0.0093192034  -0.0123987053
15720   0.0055767152   0.0010846069  -0.0073335053  -0.0033898701   0.0031379060
15721  -0.0061375269   0.0008927631   0.0033176170  -0.0033849036   0.0026830790
15722   0.0025674321  -0.0013745987   0.0040507250  -0.0036668190   0.0027917859
15723   0.0000158678   0.0025342576  -0.0041309853  -0.0006353565  -0.0022597069
15724  -0.0005278096   0.0016191385   0.0010287939  -0.0030704474   0.0008322633
15725   0.0014713298   0.0020699358   0.0038662935   0.0012138883   0.0036678542
15726   0.0058170552   0.0069905986   0.0057728172   0.0033973866   0.0002364040
15727   0.0081319740   0.0018239562   0.0030229989   0.0018843504  -0.0034514780
15728  -0.0046649826  -0.0228448947  -0.0024011915  -0.0073013265  -0.0985633028
15729  -0.0236924359   0.0135704929   0.0114993133   0.0204069984  -0.0497049594
15730  -0.0794999324  -0.0090929642  -0.0079356572   0.0450297317  -0.0295906874
15731  -0.1146783464   0.1537731362  -0.0140829645  -0.0177215302  -0.0458095936
15732  -0.0269633113   0.0908028870   0.1101038555   0.1413532746  -0.1778631041
15733  -0.0010547747  -0.0097467921   0.0242284170  -0.0039372238  -0.0061769906
15734   0.0255224670  -0.0075671704   0.0012613403   0.1530148139   0.2500285771
15735   0.0040401782  -0.0005640720  -0.0543251328   0.0022214861   0.0289507762
15736   0.0121124753  -0.0036521194   0.0303863366   0.0002100978  -0.0000712202
15737  -0.0072358386   0.0000288638  -0.0396993786  -0.0448807572   0.0051487786
15738   0.0051824057   0.0022084693   0.0071364598  -0.0040750927  -0.0074546888
15739  -0.0549266075   0.0194561689  -0.0180887588  -0.0265644423  -0.0503805418
15740   0.0028877383  -0.0152879560   0.0203820746  -0.0043450465  -0.0000783833
15741   0.0288747877   0.0018617817   0.0051350760  -0.0150743372  -0.0290940560
15742   0.0126254807  -0.0097491685   0.0365616717   0.0154233385  -0.1140891876
15743  -0.0835645202   0.1025321205   0.0620114366   0.0293085573   0.1678056196
15744   0.2440411391  -0.0000986301   0.0002142952   0.0004388126  -0.0005748446
15745  -0.0001392387  -0.0000127631  -0.0003316715  -0.0000719289   0.0010669120
15746   0.0000107153   0.0008175797  -0.0000050416  -0.0092397897  -0.0026162241
15747  -0.0004019013   0.0001609357  -0.0000938363   0.0692767982
158 1  -0.1518799005  -0.0844674099   0.0432579501  -0.1067137259  -0.0058408957
158 2   0.0804332071  -0.1028658873  -0.0024547385  -0.0918059758  -0.0980297245
158 3   0.0330391009   0.1255450245   0.1348929586   0.1049980836  -0.0481119204
158 4  -0.0374245541   0.0760246129  -0.0568579146  -0.0551985359   0.0446711127
158 5   0.0564316600   0.0192740993  -0.0238363283  -0.0019709008  -0.0697638881
158 6   0.0003305796  -0.0248635688  -0.0207073862  -0.0117627519   0.0107113780
158 7  -0.0047202267   0.0265824820   0.0097665653  -0.0163195695  -0.0375123925
158 8  -0.0397027001  -0.0051758391   0.0048470506   0.0232586041  -0.0168330047
158 9  -0.0273679902  -0.0012397365   0.0023691822   0.0071226491   0.0300545506
15810  -0.0116191944  -0.0255385263   0.0031594961   0.0052641346   0.0119186115
15811   0.0121979818  -0.0126686883   0.0010081626   0.0047163590  -0.0108807216
15812  -0.0056515294  -0.0057811378  -0.0081896966   0.0126052202   0.0071267424
15813   0.0240052769  -0.0005182241  -0.0064737602   0.0020635817  -0.0129114957
15814   0.0149542570  -0.0068048305  -0.0141155836   0.0030153489   0.0071450403
15815   0.0010581180   0.0085569170   0.0034767727   0.0059117466   0.0063267327
15816  -0.0058601915  -0.0031736061  -0.0003623724  -0.0009117574   0.0022601106
15817  -0.0049488244  -0.0069089208   0.0087384540   0.0025173853  -0.0015570876
15818  -0.0023988460  -0.0022602198   0.0021237815  -0.0009589083   0.0003431582
15819  -0.0017800333   0.0027926552   0.0007435716  -0.0020232909   0.0063057078
15820  -0.0022695974  -0.0018966786   0.0085352052   0.0005355647  -0.0022436308
15821  -0.0040054039  -0.0007717516   0.0024737343   0.0033749944  -0.0048558905
15822  -0.0067538754   0.0049153783  -0.0122899704   0.0032958461  -0.0201772563
15823  -0.0032250570  -0.0129775582   0.0220927332  -0.0063534866   0.0031319815
15824   0.0026310429   0.0005406172  -0.0006410838   0.0065882918  -0.0082561522
15825   0.0058656011  -0.0009324448   0.0006348453  -0.0150527021  -0.0066485237
15826  -0.0008474604  -0.0037496481  -0.0019091245  -0.0123154463   0.0022823381
15827   0.0003931663  -0.0097351388   0.0041661000  -0.0198429258  -0.0051490755
15828   0.0119824072   0.0968370530  -0.0012288856   0.0219982587  -0.0440077532
15829   0.0031604204  -0.0692008238  -0.0555135493   0.0018069078  -0.0196995041
15830   0.0042002240   0.0060313717   0.0071796781  -0.0211299591   0.1021365081
15831   0.0744992656  -0.0440911224  -0.1537851411   0.1495781132  -0.0407526430
15832   0.0083888607  -0.0037479120   0.0089523942   0.0515691022  -0.0350265114
15833  -0.0032688964   0.0072158677  -0.0240549052  -0.0052442913  -0.0153383570
15834   0.0599150569  -0.0022173902   0.0076202668  -0.1955154261  -0.1855333356
15835  -0.0016321534  -0.0032665972   0.1125335577  -0.0182946931  -0.0709069689
15836  -0.0236301662   0.0084916075  -0.0607527388  -0.0010986354   0.0001439998
15837   0.0005310277   0.0006992771  -0.0174600175  -0.0269337122  -0.0246692661
15838   0.0018414929   0.0319560179  -0.0355344493   0.0115817130   0.0425260962
15839   0.0437053444   0.0654351929  -0.0025762316  -0.0719013933   0.0076060125
15840   0.0075285672  -0.0150271566   0.0295079566  -0.0012903062  -0.0068469909
15841   0.0281394166   0.0080851871  -0.0006785460  -0.0098787419  -0.0190081996
15842   0.0411363122  -0.0154062926   0.0340925561  -0.0369692409  -0.0333049807
15843  -0.1181939102   0.2205929986  -0.0638644398  -0.0635790716   0.1155435203
15844   0.1526489765  -0.0001172360   0.0001373923   0.0001635190   0.0009453341
15845  -0.0001838883   0.0000482495  -0.0000428588  -0.0000658152  -0.0007690328
15846  -0.0000135176  -0.0006105057  -0.0000122363   0.0114648447   0.0022141414
15847   0.0003124942  -0.0001731279   0.0000569238  -0.0496350593
159 1   0.0450141771   0.0414003413  -0.0537035289  -0.0412100711   0.1176975701
159 2   0.1087160627  -0.0458274063  -0.0114658185   0.0147504868   0.0072089313
159 3   0.0457990298   0.0687181039   0.0004220258   0.0463817996  -0.0093655446
159 4  -0.0653877045   0.0044902220   0.0115150830  -0.0521883055   0.0029372326
159 5   0.0093899884  -0.0091885372   0.0569627382  -0.0391965157  -0.0215313836
159 6   0.0586420801   0.0257626167   0.0332527364   0.0467630505   0.0360155816
159 7   0.0123934926  -0.1131144896  -0.1536970884  -0.0707402536   0.0761766516
159 8  -0.0071645881   0.1874945609   0.1320177302  -0.1765427357   0.2034513504
159 9   0.2061621116  -0.2261157772   0.0772198676   0.0833603013   0.0388022494
15910  -0.1048470451   0.0155297878   0.1125338368  -0.0189725976   0.0183892996
15911   0.0764306730   0.0013556746   0.0154126144   0.0998420725  -0.0224557285
15912   0.0885323538   0.0122104335   0.0424066605  -0.1116792233   0.0858854078
15913   0.0012697349  -0.0776749680  -0.0871330343  -0.0348386109  -0.0149241570
15914   0.0436298968  -0.0262327210  -0.1097209128   0.0107122188  -0.0856012311
15915   0.1093157519   0.1189059145  -0.0014565690  -0.1402937092  -0.0635206191
15916  -0.0667717087  -0.1472824289   0.1292878487  -0.1531523051   0.0107739676
15917  -0.1180022339  -0.0345036602   0.0569718325  -0.0834182241   0.0736938027
15918  -0.0454600974   0.0470043250  -0.0131095782  -0.0405759995   0.0162595780
15919  -0.0803479251   0.0421762936   0.0170367427  -0.0014126981   0.0734392929
15920  -0.0272157788   0.0595479302  -0.0217738370   0.0186099431  -0.0062102066
15921   0.0740585775   0.0126785369  -0.0421205858  -0.0384933475  -0.0210073700
15922  -0.0306018255   0.0300528657  -0.0130874121   0.0096144112  -0.0090351189
15923  -0.0323673881   0.0178051809  -0.0008228595   0.0053383205  -0.0003636904
15924  -0.0274109921   0.0006982957   0.0323654755  -0.0281581890   0.0669659402
15925  -0.0880658403  -0.0073098850  -0.0461649925   0.0175248454  -0.0029240783
15926  -0.0373184520  -0.0329131198  -0.0252317171  -0.0105517129  -0.0027065821
15927  -0.0789316374   0.0600050175   0.0158167672   0.0994667998   0.1028244766
15928   0.0269175440   0.0556565974  -0.0600736832  -0.0514766005  -0.0172178988
15929   0.0582520529  -0.0702252944   0.0536228233  -0.1531732662  -0.0760210097
15930  -0.0093321669   0.0049272127  -0.1616730843  -0.1112942211   0.0402808384
15931  -0.0578176908  -0.0035938947  -0.0048705141   0.0136186760   0.0079637314
15932  -0.0268045106   0.0567742260  -0.0334032630   0.0029008614   0.0043496792
15933  -0.1158398422   0.1015670495   0.0078358276   0.0518862610   0.0324551486
15934   0.0633932881   0.1147189837   0.0004577299   0.0152423728   0.0164162620
15935  -0.0003126357  -0.0946286691  -0.0012050356  -0.0009067529   0.0084837939
15936   0.0030354043  -0.0006191114   0.0056533689  -0.0016181262   0.0002241458
15937   0.0003621636  -0.0001757995   0.0004098212   0.0001381567  -0.0002132485
15938  -0.0001540468  -0.0011954367   0.0014348322  -0.0006945903  -0.0023545391
15939  -0.0041138503  -0.0031208703   0.0015481530   0.0035321939   0.0007740903
15940  -0.0004054143   0.0007454158  -0.0014950954  -0.0001516761   0.0009727768
15941  -0.0010267744  -0.0015894072   0.0000523986   0.0003812693   0.0008986061
15942  -0.0019127428   0.0006797185  -0.0014606773   0.0025398377  -0.0004258294
15943   0.0073086393  -0.0138283798   0.0072982931   0.0056908643  -0.0046668669
15944  -0.0041541998   0.0000511623  -0.0000819608   0.0000573056  -0.0000348343
15945  -0.0001047525   0.0000166061   0.0001025446   0.0000084132   0.0000923178
15946   0.0000027599   0.0000922113  -0.0000003530  -0.0012586013  -0.0002911547
15947  -0.0000337493   0.0000312487   0.0000013142   0.0055795192
160 1   0.0882021646   0.1081251625  -0.0480797513   0.0753938433  -0.0546513321
160 2  -0.0226136520   0.0449543982   0.1115136429   0.0161346547  -0.0440004691
160 3  -0.0838972672   0.1044108041   0.0827182609   0.0487399673  -0.0168406446
160 4  -0.0120042178   0.0049640911  -0.0097606165   0.0180858623   0.0081058225
160 5  -0.0035613482   0.0254921529  -0.0170361310   0.0053616003  -0.0207747022
160 6  -0.0331566976   0.0257968365  -0.0159293553  -0.0050159391  -0.0260475857
160 7   0.0085703362   0.0164346082   0.0199812745   0.0207609348   0.0004168892
160 8   0.0244056473  -0.0080254394  -0.0087419817  -0.0053656857  -0.0058508145
160 9   0.0026497201   0.0096674206  -0.0103139943   0.0022376870  -0.0175196013
16010   0.0086056756   0.0055443829   0.0004329057   0.0115914909  -0.0192421776
16011  -0.0195910795   0.0088857813  -0.0091654364  -0.0092136400   0.0087447002
16012  -0.0066278357  -0.0007410568   0.0177824382  -0.0007156409   0.0001232158
16013  -0.0168580064   0.0012625411   0.0062229365  -0.0037061585   0.0083388497
16014  -0.0195588410   0.0056096138   0.0115436060  -0.0066277800   0.0013219517
16015  -0.0052567543  -0.0123035206  -0.0040839985   0.0067579907  -0.0011578675
16016   0.0068096526   0.0054492499   0.0005096844   0.0076225249  -0.0067538046
16017   0.0038322734   0.0041750493  -0.0160907308  -0.0090668283   0.0090322805
16018   0.0182204536   0.0064712216  -0.0157816888  -0.0063937542   0.0097937135
16019   0.0157878169  -0.0049202270   0.0082677305  -0.0090061349  -0.0086593945
16020   0.0031019558  -0.0168071504  -0.0001988068   0.0049177304   0.0050967019
16021  -0.0058510695  -0.0044616714   0.0015581365   0.0038032632   0.0052203015
16022   0.0067462386  -0.0050425028  -0.0003698001  -0.0022175540   0.0062149332
16023  -0.0064747863   0.0012447173  -0.0076964920   0.0076449147   0.0033568070
16024  -0.0102976384  -0.0055327051  -0.0023505805  -0.0009218178   0.0091741509
16025  -0.0048009545  -0.0006695695  -0.0007899698   0.0027236511   0.0050911387
16026   0.0042436523   0.0046930537   0.0009860050   0.0042716957   0.0016654908
16027   0.0032917186   0.0035764581   0.0037840266   0.0062763066   0.0018789761
16028  -0.0042688972  -0.0132663961   0.0025173449  -0.0092925345  -0.1224683702
16029  -0.0286206549   0.0489093657   0.0319709135  -0.0263205174   0.0422268350
16030   0.0000089088   0.0006939162   0.0059356050  -0.0065085287   0.0220087850
16031   0.0135630355   0.1051833992  -0.0028103564  -0.0647070275  -0.1115818724
16032  -0.0224637182  -0.0261490150  -0.0696914933   0.0030921287  -0.0199983386
16033  -0.0137322503   0.0136549633  -0.0784684925  -0.0086473879  -0.0215954341
16034   0.0781309488  -0.0002599628   0.0100046984  -0.0955614962  -0.0693665608
16035   0.0003360006  -0.0004382287  -0.0805957056   0.0155492235  -0.0115769452
16036  -0.0006204941   0.0014445299  -0.0045796683   0.0048243085  -0.0005099169
16037   0.0054451749   0.0001077972  -0.0008184548  -0.0013844301   0.1398036674
16038  -0.0090779981  -0.0012028691  -0.0730529816   0.0033185027  -0.0012815757
16039   0.0113604603   0.0596071488   0.0325520355  -0.1368611168  -0.0182368866
16040  -0.0107157889   0.0004986018  -0.0458697083   0.0038829910  -0.0029512585
16041  -0.0018452833   0.0046559289  -0.0061647438   0.0251970180  -0.0002493429
16042  -0.0057549709  -0.0533021023  -0.0205380513  -0.0311746161   0.0694167075
16043  -0.0812669097   0.2060281022   0.0672085309   0.1928855259  -0.1563814100
16044  -0.1891426884   0.0000501863  -0.0000750495  -0.0018345451  -0.0024417033
16045   0.0005186561   0.0000933977   0.0004359826  -0.0000141292  -0.0002699683
16046  -0.0000059206  -0.0006741228   0.0000067182  -0.0006120386   0.0027220746
16047   0.0002141389  -0.0000235822   0.0000268922   0.0007837888
161 1  -0.1532975098  -0.0871214619   0.0415099169  -0.1107453247  -0.0051969516
161 2   0.0783422611  -0.1012236974  -0.0035145358  -0.0912757576  -0.1013827902
161 3   0.0342222212   0.1241609580   0.1381592270   0.1078805780  -0.0521157734
161 4  -0.0363605491   0.0779686707  -0.0559711222  -0.0555973740   0.0436982767
161 5   0.0577371968   0.0222475518  -0.0234663723  -0.0033715445  -0.0712402312
161 6  -0.0022639511  -0.0274980068  -0.0220556848  -0.0121890766   0.0101093215
161 7  -0.0060220691   0.0275683798   0.0125420408  -0.0147923997  -0.0417943118
161 8  -0.0431172839  -0.0083519842   0.0070504430   0.0255333936  -0.0189580662
161 9  -0.0297941969   0.0003138595  -0.0018339108   0.0057120084   0.0335651256
16110  -0.0098347620  -0.0243220075  -0.0002540703   0.0035208101   0.0138411258
16111   0.0106212781  -0.0115068485   0.0023536958  -0.0000534144  -0.0096892638
16112  -0.0104071490  -0.0012562115  -0.0072685845   0.0198658284   0.0023724509
16113   0.0197456774   0.0035131340   0.0010610977   0.0055963189  -0.0104802391
16114   0.0097362954  -0.0033028264  -0.0091229453   0.0016792819   0.0128962619
16115  -0.0043509475   0.0024447562   0.0083103074   0.0162823617   0.0117318084
16116  -0.0045121159   0.0053283930  -0.0092343698   0.0066085406   0.0031596624
16117   0.0019181194  -0.0062337612   0.0080085840   0.0110752568  -0.0089670637
16118  -0.0063776219  -0.0059699421   0.0085618231   0.0057974066  -0.0048907529
16119  -0.0046127894   0.0017138151  -0.0015989375   0.0015536170   0.0048006148
16120  -0.0014612520   0.0015396130   0.0076437952  -0.0033708389  -0.0012013071
16121  -0.0071962600   0.0004856672   0.0055617224   0.0035675894  -0.0063777777
16122  -0.0096709463   0.0080022193  -0.0124136103   0.0051579483  -0.0261154043
16123   0.0005884539  -0.0159607694   0.0289081667  -0.0111624046   0.0018553652
16124   0.0085018036   0.0034176002  -0.0008127273   0.0083428666  -0.0158305870
16125   0.0118995047  -0.0002796049   0.0046714987  -0.0196898299  -0.0090380286
16126   0.0008537271  -0.0026889801   0.0001585939  -0.0131283271   0.0000895004
16127   0.0045671138  -0.0103414113   0.0030793523  -0.0226852946  -0.0077997022
16128   0.0122480269   0.0884868378   0.0032852353   0.0233673017  -0.0482268733
16129   0.0032965886  -0.0690069795  -0.0650279852   0.0156465370  -0.0290118697
16130   0.0243675988   0.0048062925   0.0126170654  -0.0102036388   0.0779823303
16131   0.0510980144  -0.0338294306  -0.1027532114   0.1165442649  -0.0311563965
16132   0.0154250158  -0.0154025766   0.0160205090  -0.0233044628   0.0608603863
16133   0.0093159596  -0.0083334027   0.0203668355   0.0004959236  -0.0000205598
16134   0.0098520495  -0.0061932043   0.0020066635  -0.0488302646  -0.0200690102
16135   0.0008192204   0.0007939815  -0.0745902261   0.0158920941   0.0058268584
16136   0.0092675764  -0.0015322142   0.0183943371   0.0027500692  -0.0006739534
16137  -0.0026175804  -0.0006174839  -0.0305707465  -0.0457354743   0.0787486608
16138  -0.0065902861  -0.0120267524   0.1216540353  -0.0082973803  -0.0073969062
16139   0.0094008333   0.0178750488  -0.1479848040   0.0860237031  -0.1920941019
16140  -0.0092571509   0.0073940123  -0.0041438289  -0.0036796418   0.0077187686
16141   0.0066004420   0.0040228058   0.0036834174   0.0143969590   0.0178735973
16142  -0.0292249407   0.0400540208   0.0175945839   0.0483693795  -0.0472050061
16143   0.0912515428  -0.2002025663   0.1656477138   0.1332455098  -0.0398588457
16144  -0.0398032426   0.0001528413  -0.0001796810  -0.0004118230  -0.0014309090
16145   0.0003155689  -0.0000665841   0.0001156713   0.0000805802   0.0006259618
16146   0.0000110574  -0.0002955915   0.0000044441   0.0004769275  -0.0013637717
16147  -0.0000814080   0.0000282517  -0.0000212136   0.0029419106
162 1   0.0389718412   0.0271817842  -0.0478196369  -0.0380623661   0.1314186250
162 2   0.0696655387  -0.0250029478  -0.0124160053   0.0226347776   0.0075592130
162 3   0.0181917711   0.0378115742   0.0074442157   0.0126598397   0.0015184539
162 4  -0.0587824487  -0.0261568068   0.0274117910  -0.0235961529  -0.0054529936
162 5  -0.0188711730  -0.0099295863   0.0423866163  -0.0487559112  -0.0273779522
162 6   0.0371620596   0.0074451563   0.0169843817   0.0282274313   0.0231036212
162 7   0.0030046898  -0.0854998689  -0.1045021313  -0.0426768289   0.0151173748
162 8  -0.0390132917   0.1261120514   0.1495035136  -0.1386380400   0.1688996971
162 9   0.1730862460  -0.1944021723  -0.0071856666   0.0616123966   0.0808946029
16210  -0.0658168909   0.0426850104   0.0600844537  -0.0415513435   0.0411616391
16211   0.0331042190   0.0354424569   0.0178625081   0.0121698484   0.0260289207
16212   0.0056815216   0.0788354160   0.0778208807   0.0088392651   0.0168592804
16213  -0.0911973520   0.0026939891   0.0437757555   0.0309122449   0.0473253629
16214  -0.0805712475   0.0542620596   0.0189934024  -0.0201749637  -0.0227401385
16215  -0.0035345185   0.0116997648   0.0669447650  -0.0007637169   0.0066526658
16216  -0.0356197255  -0.0262364445   0.0264481577  -0.0579038876   0.0254966384
16217  -0.0377723998  -0.0166849910  -0.0029236919  -0.0270116036   0.0333491653
16218  -0.0411312494   0.0326029316   0.0013623466  -0.0116627835  -0.0179970810
16219  -0.0684293665   0.0495511975   0.0196325982   0.0046755033   0.0618342779
16220  -0.0292345292   0.0698674593  -0.0156305089  -0.0088018606   0.0151817583
16221   0.0258008574   0.0225432079   0.0066650162  -0.0172781625  -0.0327455817
16222  -0.0637168299   0.0650162289  -0.0395021627   0.0374502038  -0.1015617402
16223  -0.0110107958  -0.0374869682   0.1088083531  -0.0465364758   0.0030893429
16224   0.0372644567   0.0187307416   0.0147243263   0.0122668236  -0.0259498876
16225  -0.0119259022   0.0002264715   0.0063210114  -0.0515349054  -0.0275967645
16226  -0.0150132356  -0.0159185956   0.0030635760  -0.0312161683  -0.0324084180
16227  -0.0258214493   0.0440727651  -0.0006754346   0.0586682118   0.0682032077
16228   0.0209849570  -0.0058805443   0.0260942550  -0.0249962379  -0.0026650504
16229   0.0617842072   0.0170737116  -0.0126178175  -0.0477445443  -0.0265859431
16230  -0.0005029652  -0.0602330187  -0.1291221259  -0.0555434208   0.0368154333
16231  -0.0489647969   0.0089162310   0.0105212386  -0.0252790384  -0.0302388638
16232   0.2098486870  -0.1684660275   0.1601328618   0.0079609468  -0.0275162108
16233   0.1782858925  -0.1597810943  -0.0213014238   0.0181730897   0.0150616830
16234  -0.0233991271  -0.1454627803   0.0043375849  -0.0066566390   0.0014482045
16235   0.0005386358   0.0061361546  -0.0080961471   0.0012143649   0.0003321870
16236  -0.0008258490  -0.0006097852   0.0024309670  -0.0018987223   0.0001691907
16237  -0.0079311216  -0.0003333400   0.0031156301   0.0039513802   0.0052797525
16238  -0.0006807234  -0.0003693655  -0.0120832956   0.0001644237   0.0002756220
16239   0.0003865311   0.0030772475   0.0074187837  -0.0122471461   0.0071753820
16240  -0.0005864938  -0.0002187843  -0.0036196303   0.0006175111  -0.0008036744
16241  -0.0004201342   0.0001078368  -0.0006479616   0.0016100179  -0.0003912903
16242  -0.0001655016  -0.0033787098  -0.0020939948  -0.0036764255   0.0054569478
16243  -0.0104147697   0.0220596308  -0.0050690867   0.0054183962  -0.0091732590
16244  -0.0118866585   0.0000316955  -0.0000973141  -0.0003182395  -0.0002785045
16245   0.0001110175   0.0000051204   0.0001290930   0.0000214686  -0.0000822749
16246   0.0000023024  -0.0000849559  -0.0000005745  -0.0000240590   0.0001016866
16247   0.0000022347  -0.0000014769   0.0000024228  -0.0001531676
163 1   0.0895117161   0.1135220241  -0.0386383575   0.0882789496  -0.0556591912
163 2  -0.0244703266   0.0431764368   0.1161171343   0.0168742343  -0.0324063394
163 3  -0.0919545688   0.1045050103   0.0717678463   0.0337812620   0.0002012336
163 4  -0.0134649560  -0.0070458328  -0.0104489655   0.0286557728   0.0087095220
163 5  -0.0173370582   0.0188486974  -0.0257372082   0.0058081185  -0.0198312577
163 6  -0.0296896078   0.0302251309  -0.0143729535  -0.0070338285  -0.0252205972
163 7   0.0125347961   0.0191163637   0.0215645179   0.0214265948   0.0062356204
163 8   0.0308111011  -0.0129818475  -0.0121253078  -0.0052355061  -0.0044349134
163 9   0.0079482979   0.0165627366  -0.0147879372  -0.0019138623  -0.0268659129
16310   0.0116674683   0.0110880447  -0.0038821264   0.0136979564  -0.0305463897
16311  -0.0303799953   0.0222118993  -0.0233532456  -0.0093025648   0.0249294487
16312  -0.0041744785  -0.0067283400   0.0244053879  -0.0074650870   0.0101675100
16313  -0.0255716388  -0.0037109125   0.0026133145  -0.0050999017   0.0208552296
16314  -0.0307055655   0.0100936801   0.0225056182  -0.0131162597  -0.0119737579
16315  -0.0130850893  -0.0135534422  -0.0153891213  -0.0077095163  -0.0093039439
16316   0.0117767097  -0.0031074130   0.0191860084   0.0000416000  -0.0099278306
16317  -0.0110988610   0.0068509250  -0.0294253066  -0.0377970403   0.0361677498
16318   0.0431523298   0.0188081818  -0.0441821968  -0.0313435440   0.0291102969
16319   0.0303865355  -0.0020316305   0.0177964545  -0.0201774611  -0.0032885090
16320   0.0043239867  -0.0302429746   0.0060847014   0.0067348859   0.0038709167
16321  -0.0109267282  -0.0080435971   0.0035026099   0.0120030715   0.0021019063
16322   0.0046371081  -0.0054518483  -0.0168662253  -0.0003003312  -0.0067762006
16323  -0.0137150573  -0.0125648946   0.0070156389   0.0120179126   0.0143849895
16324  -0.0169173951  -0.0145520915  -0.0101098907   0.0099887995   0.0095904864
16325  -0.0029643783  -0.0062591634  -0.0028223045  -0.0061616069   0.0024059193
16326   0.0044369858   0.0033505301  -0.0019670095   0.0003451419   0.0022891883
16327   0.0038835475   0.0011232784   0.0030758890  -0.0009104190   0.0023764067
16328   0.0004044101   0.0287106051   0.0077347930   0.0004801160  -0.1393985979
16329  -0.0389562665   0.0353793268   0.0299425403  -0.0574869591   0.0717578047
16330   0.0027387781  -0.0095077753  -0.0053953677  -0.0029931956   0.0538109208
16331   0.0281208783   0.0427486609  -0.0791069630   0.0257129223  -0.1306195422
16332   0.0001713746  -0.0596570466  -0.0706131831  -0.0503652752   0.0588071640
16333   0.0022783858  -0.0019830872   0.0253053371   0.0001960023   0.0013260418
16334  -0.0022154830  -0.0016380936   0.0014989141  -0.0420130527  -0.0450330371
16335  -0.0004257352   0.0003371715  -0.1382032377   0.0261176533  -0.0216954257
16336   0.0238316783   0.0140787084  -0.0419650917   0.0009478369   0.0001389438
16337  -0.0105124864   0.0000128051  -0.0008996535  -0.0034530785   0.0540804269
16338  -0.0028548538   0.0374986095  -0.1241212160   0.0184465723   0.0516589136
16339  -0.0300486323  -0.0974279085   0.0083858929   0.1303837836   0.0803953878
16340   0.0131787736  -0.0140322348   0.0249127017   0.0023747385  -0.0107972258
16341  -0.0123114230  -0.0015189379   0.0046585994  -0.0237601372   0.0059905198
16342   0.0125207610   0.0195688746  -0.0155911344   0.0553182362  -0.0998597486
16343   0.0208237661  -0.1250716917  -0.0947755256  -0.1390293943   0.0495652332
16344   0.0413135196  -0.0001461630   0.0002311252   0.0009551121   0.0031967810
16345  -0.0005526776  -0.0000705071  -0.0005437506  -0.0000422824  -0.0005873725
16346  -0.0000094623   0.0001088502  -0.0000079718  -0.0001404893  -0.0000964583
16347  -0.0000453163  -0.0000083237  -0.0000206332   0.0003754313
164 1  -0.1605048580  -0.1048041152   0.0224494850  -0.1364778152  -0.0056237572
164 2   0.0822632262  -0.0985773785  -0.0119491487  -0.0918669036  -0.1266530721
164 3   0.0521581218   0.1256907816   0.1640159510   0.1426862161  -0.0893672481
164 4  -0.0336703807   0.1023377242  -0.0612959897  -0.0738800510   0.0445015882
164 5   0.0852264005   0.0364409952  -0.0141349096  -0.0072297614  -0.0756962628
164 6  -0.0047646899  -0.0322276465  -0.0267333910  -0.0108322505   0.0084023268
164 7  -0.0123662576   0.0276348067   0.0138194478  -0.0166161092  -0.0500554463
164 8  -0.0500367020   0.0005974955   0.0036288459   0.0309963904  -0.0278890394
164 9  -0.0411382204  -0.0030112653   0.0064103521   0.0106114154   0.0439626347
16410  -0.0153892481  -0.0382397948   0.0040707061   0.0038607148   0.0277165575
16411   0.0301426655  -0.0332065884   0.0207098640   0.0015979750  -0.0369118221
16412  -0.0108096788  -0.0008655911  -0.0237013534   0.0220510952  -0.0018475530
16413   0.0459416890  -0.0004742649  -0.0092152937   0.0033449373  -0.0383048535
16414   0.0424099731  -0.0187916532  -0.0399176914   0.0151590785   0.0322430315
16415   0.0180154137   0.0113331930   0.0127201524   0.0276348527   0.0224769380
16416  -0.0113602005   0.0069511609  -0.0304603025   0.0168715172   0.0043738424
16417   0.0182929231  -0.0107620061   0.0426074526   0.0638207675  -0.0605403173
16418  -0.0592223894  -0.0345675883   0.0739086933   0.0533772833  -0.0407152912
16419  -0.0465426245  -0.0092124215  -0.0309011170   0.0336562722   0.0011497767
16420  -0.0030964631   0.0373330857  -0.0060141828  -0.0134185716  -0.0077486732
16421   0.0060737193   0.0107139607  -0.0010848070  -0.0124344453  -0.0004745165
16422  -0.0063130560   0.0046131302   0.0066289220  -0.0074047515  -0.0036871027
16423   0.0075194166   0.0028834914   0.0051299154  -0.0080811556  -0.0058812091
16424   0.0082429628   0.0069137883   0.0040071318  -0.0020619373  -0.0078764119
16425   0.0048273984   0.0040230467   0.0061494126  -0.0084010934  -0.0026421062
16426   0.0038073975   0.0033042609   0.0057552972  -0.0030432958  -0.0033178528
16427   0.0056888507  -0.0017924419   0.0025591956  -0.0063099922  -0.0061595667
16428  -0.0000522247   0.0047123459  -0.0078465503   0.0049113986  -0.0526543870
16429  -0.0036935394  -0.0414638547  -0.0443372775   0.0170670369  -0.0488140381
16430   0.0912721953  -0.0132732538  -0.0051981393  -0.0120630871  -0.0434772810
16431  -0.0070653630   0.0724926897   0.0625599367  -0.0794876703  -0.0585950577
16432  -0.0071100806  -0.0309302291  -0.0506230759  -0.0286039142   0.0311941277
16433  -0.0019967637   0.0013528258   0.0077778625  -0.0001635038   0.0001193830
16434   0.0012911976   0.0012425882   0.0009634731  -0.0210476179  -0.0211034982
16435   0.0002436243  -0.0005712427  -0.0761325113   0.0144377509  -0.0143765044
16436  -0.0763748615  -0.0226933441   0.0255445542   0.0003428032  -0.0003252217
16437  -0.0063410047  -0.0001400169  -0.0184228587  -0.0255066111   0.0311428422
16438  -0.0008361367  -0.0197140026   0.2404616908  -0.0242485521  -0.0574508702
16439  -0.0255898747  -0.0399946996   0.1091143943  -0.0195357874   0.1321952544
16440   0.0009939918   0.0293839659   0.0123068127  -0.0027015406   0.0108675770
16441  -0.0069509898  -0.0082536077   0.0008127681  -0.0167624392  -0.0304498643
16442  -0.0160520896  -0.0263358542  -0.0297726095  -0.0107893653   0.0282188816
16443  -0.0043550119   0.0150430658  -0.0877651162  -0.0840345383   0.0117801629
16444   0.0066380666   0.0000316541   0.0001275793   0.0025252364   0.0001360098
16445  -0.0003627586  -0.0000162017  -0.0001944761  -0.0000377487   0.0012828022
16446   0.0000105231   0.0000354525  -0.0000051630  -0.0001403184   0.0006289093
16447   0.0000212448  -0.0000057077   0.0000007298  -0.0004867885
165 1   0.0537839442   0.0441581433  -0.0619451768  -0.0401449066   0.1560588628
165 2   0.0696711104  -0.0143103563  -0.0248402831   0.0132730319   0.0150986197
165 3   0.0056933395   0.0193896884   0.0073917861  -0.0201961090   0.0077101742
165 4  -0.0749102864  -0.0438257580   0.0806024884  -0.0468466746  -0.0232030209
165 5  -0.0016917507  -0.0270789158   0.0973843905  -0.0267875727   0.0063844864
165 6   0.0070813158  -0.0053682178   0.0211568505   0.0316467737  -0.0022953285
165 7  -0.0145266818  -0.1019058698  -0.1071137311  -0.0340994799  -0.0269636722
165 8  -0.0733148351   0.1164590611   0.1790559170  -0.1509430770   0.1849108703
165 9   0.1420130375  -0.2487471087  -0.0056755894   0.0824197109   0.1430917550
16510  -0.0675732676   0.0295480241   0.0848175399  -0.0622332067   0.1161704051
16511   0.0561077811  -0.0208174104   0.1045925979  -0.0156108544  -0.0258736580
16512  -0.0432668041   0.1579188410   0.0886702847   0.1051472373  -0.0962862101
16513  -0.1348981108   0.1062465494   0.1612911010   0.0745438091   0.0475008349
16514  -0.1406899080   0.0943192379   0.0790368118  -0.0124503322   0.0435866003
16515  -0.0504436989  -0.0416445630   0.1779193614   0.1180206273   0.0487793494
16516  -0.0520052347   0.0716003999  -0.0851916095  -0.0081669771   0.0400560873
16517   0.0608342794  -0.0053911361  -0.0575959060   0.0178774286  -0.0015999965
16518  -0.0252062726   0.0356013927  -0.0266794659   0.0115511212  -0.0312210207
16519   0.0122903214   0.0617235103   0.0668082826  -0.0429941955   0.0050325249
16520  -0.0289363402   0.0105136352  -0.0160803202   0.0251987123   0.0643423275
16521   0.0041232860   0.0022060926   0.0167610001  -0.0146285181  -0.0196145223
16522  -0.0322041819   0.0596578128   0.0383818151   0.0721654098  -0.0497928433
16523   0.0038067367   0.0158268053   0.0449776615  -0.0783247855  -0.0586422578
16524   0.0741767569   0.0672700130   0.0552804715  -0.0393894344  -0.0459956072
16525   0.0015404334   0.0272018752   0.0106358922  -0.0094470842  -0.0229141274
16526  -0.0207322216  -0.0187888850   0.0049017419  -0.0319812693  -0.0151403835
16527  -0.0255871870   0.0275874167   0.0170164574   0.0424495694   0.0474970398
16528   0.0131762189   0.0029039803   0.0199672985  -0.0435749116  -0.0474961912
16529   0.1770134378   0.1127052911  -0.1128943074   0.1673250032   0.0505014363
16530  -0.0110563544   0.0719487435   0.0957765662   0.0250073781  -0.0254387438
16531   0.0278658464   0.0099042929  -0.0190748816   0.0096578896   0.0039490111
16532  -0.0677083543   0.0414624475  -0.0422615772   0.0032331677  -0.0008983207
16533  -0.0286571006   0.0268146626  -0.0073708760  -0.0061916880  -0.0072958182
16534   0.0160083187   0.0359604838   0.0000679624  -0.0121789342  -0.0098051473
16535  -0.0003661220  -0.0044067846  -0.0146362223   0.0033468718  -0.0013335830
16536   0.0005673012   0.0000806537   0.0007951893   0.0262187188  -0.0034786708
16537   0.0951992699   0.0031714715  -0.0060788003  -0.0081005179   0.0042221399
16538   0.0000189160   0.0048379798  -0.0075708189   0.0017707468   0.0048939460
16539  -0.0039740066  -0.0097690951   0.0021393481   0.0112267051   0.0071452601
16540   0.0006463005   0.0008616065  -0.0021784362   0.0026690569  -0.0077582237
16541  -0.0088133535   0.0167516304   0.0030132156  -0.0102002227  -0.0047963185
16542   0.0001615636   0.0029900324   0.0002376632   0.0032204731  -0.0074079342
16543   0.0033854726  -0.0109252687  -0.0077342368  -0.0143892653   0.0067425945
16544   0.0086384189  -0.0000867476   0.0000827714   0.0003971321   0.0003737950
16545   0.0007625957   0.0001868761   0.0010722758  -0.0000199641  -0.0000359765
16546  -0.0000013434  -0.0000048891  -0.0000056462   0.0000015949  -0.0000024013
16547   0.0000045027   0.0000053646   0.0000111934   0.0000194023
166 1   0.0868992206   0.1080522313  -0.0467202825   0.0714436096  -0.0578249661
166 2  -0.0248707857   0.0452668629   0.1119126531   0.0182050429  -0.0500959617
166 3  -0.0820751198   0.1059823954   0.0854569478   0.0570657297  -0.0236932747
166 4  -0.0048205576   0.0144916506  -0.0163640763   0.0185192689   0.0114979713
166 5  -0.0020030686   0.0329205643  -0.0189170231  -0.0002921558  -0.0302305784
166 6  -0.0314711639   0.0189513697  -0.0179951627  -0.0023731800  -0.0221981050
166 7   0.0094576770   0.0153869614   0.0228382309   0.0209227320  -0.0054022889
166 8   0.0177972853  -0.0141073309  -0.0072545300  -0.0011412723  -0.0097631765
166 9   0.0080971051   0.0142140225  -0.0174668116   0.0032256948  -0.0192153905
16610   0.0078856906   0.0125087334  -0.0043208138   0.0125799800  -0.0276002554
16611  -0.0201670562   0.0125776961  -0.0219576408  -0.0077577731   0.0129366451
16612  -0.0041493909  -0.0101994286   0.0154882793  -0.0090018977   0.0105720403
16613  -0.0091962458  -0.0101010519  -0.0063999804  -0.0147281627   0.0047746222
16614  -0.0127496087  -0.0048020479   0.0013395439  -0.0035842356   0.0009304258
16615   0.0016665985  -0.0005637921  -0.0113592727   0.0009965677  -0.0024262504
16616   0.0072179530   0.0018981241  -0.0004189437   0.0022494358   0.0097147573
16617  -0.0067593793  -0.0105542080   0.0044205189  -0.0045644771   0.0001753564
16618  -0.0083124306   0.0161425597   0.0099218258   0.0029460742  -0.0162327477
16619  -0.0195254380   0.0185699237   0.0108454251  -0.0102703369   0.0185446117
16620  -0.0248906184   0.0147948509   0.0088224095   0.0090592418   0.0027605009
16621   0.0188364302   0.0054100301  -0.0059579846  -0.0036053548   0.0111262197
16622   0.0004386418   0.0020033239   0.0022501136  -0.0070252997   0.0039535618
16623  -0.0076041633   0.0066429695  -0.0006842344   0.0068044755   0.0054876308
16624  -0.0069702644  -0.0049082990  -0.0016578093  -0.0009757893   0.0131647561
16625  -0.0160525743   0.0006507089  -0.0003429130  -0.0038066157   0.0039628861
16626   0.0001479075   0.0019473928  -0.0004301796   0.0035861446  -0.0102982759
16627  -0.0042771938   0.0197335445   0.0000428482   0.0315743727   0.0222822466
16628  -0.0110906821  -0.0498101799   0.0140934663  -0.0269011280  -0.1639698315
16629  -0.0210790043   0.1307962229   0.0726509380  -0.0926512611   0.1925101131
16630  -0.0003399233  -0.0023656263   0.0006729780   0.0220581778   0.0165591177
16631   0.0176718276  -0.0909618907  -0.1116758358   0.1088548674  -0.0473291460
16632   0.0019561768  -0.0390285257  -0.0369254624  -0.0491911896   0.0590784309
16633   0.0071925881  -0.0083929017   0.1384974057   0.0110275441   0.0290817944
16634  -0.1029796821   0.0150434050  -0.0121435791   0.0987484942   0.0604217931
16635   0.0002504775  -0.0010852757   0.0712148695  -0.0142610632   0.0070288495
16636  -0.1106928198  -0.0392960368   0.0678815918  -0.0103222450   0.0012138982
16637   0.0131341879   0.0001057881   0.0039987797   0.0068938590  -0.0687979779
16638   0.0037749897  -0.0211279949   0.0873385629  -0.0106430319  -0.0264082153
16639   0.0207833144   0.0531413673  -0.0188604288  -0.0639942550  -0.0572998130
16640  -0.0009524134  -0.0557166559  -0.0484928048   0.0021466345   0.0041818096
16641  -0.0254851072  -0.0246925799  -0.0006630482  -0.0115051011  -0.0101911203
16642   0.0040796925  -0.0365089503  -0.0212824409  -0.0027621285   0.0097374069
16643   0.0168347751  -0.0090551331  -0.0021673006  -0.0075659242   0.0069924898
16644   0.0115914437  -0.0001229754   0.0000923049  -0.0034373930   0.0196141371
16645   0.0003418591  -0.0003750997  -0.0015185236   0.0000639013   0.0449688754
16646   0.0005689600   0.0467715063   0.0002308282   0.0004097908   0.0001226457
16647   0.0000501617  -0.0000091659   0.0000064676  -0.0005930056
167 1  -0.1709574757  -0.1251216739   0.0039431076  -0.1654350361  -0.0066277767
167 2   0.0882558338  -0.0971122936  -0.0201451776  -0.0929519864  -0.1510582757
167 3   0.0746665935   0.1272148239   0.1886050754   0.1785335844  -0.1258866073
167 4  -0.0312918380   0.1280717438  -0.0676605481  -0.0912548198   0.0466182987
167 5   0.1122281220   0.0517659620  -0.0072517817  -0.0086115242  -0.0785152733
167 6  -0.0022961117  -0.0364141912  -0.0297207786  -0.0083949209   0.0092540042
167 7  -0.0217676964   0.0280132899   0.0098233127  -0.0207127369  -0.0551264421
167 8  -0.0561272125   0.0138204115   0.0003092664   0.0336714834  -0.0299620344
167 9  -0.0505778790  -0.0099998564   0.0216945054   0.0163822860   0.0534991079
16710  -0.0232783469  -0.0567503878   0.0111443538   0.0042057335   0.0407830025
16711   0.0501364228  -0.0562536079   0.0391909494   0.0122331496  -0.0664096509
16712  -0.0041755841   0.0007350978  -0.0442329441   0.0162988970   0.0001170464
16713   0.0761183988  -0.0096861383  -0.0263837013   0.0004417280  -0.0660682998
16714   0.0829427265  -0.0385989311  -0.0801208021   0.0283666545   0.0465899395
16715   0.0463945875   0.0253681121   0.0126242127   0.0314108290   0.0309973348
16716  -0.0186337965   0.0005177455  -0.0444103276   0.0246774347  -0.0005215645
16717   0.0317974151  -0.0145528873   0.0833782013   0.1207345678  -0.1151433345
16718  -0.1163925696  -0.0681156811   0.1463522336   0.1052599086  -0.0779274097
16719  -0.0957645950  -0.0264601410  -0.0685845213   0.0737687634  -0.0035229523
16720  -0.0030306489   0.0793270537  -0.0225688778  -0.0251593230  -0.0211708543
16721   0.0254184679   0.0229547331  -0.0118582423  -0.0312757902   0.0086032488
16722  -0.0001566421  -0.0037747135   0.0267639187  -0.0303062698   0.0290544633
16723   0.0162675304   0.0272991581  -0.0275018010   0.0042957268  -0.0079988709
16724   0.0011906834   0.0037397294   0.0034225844  -0.0103504170   0.0102918484
16725  -0.0105629025   0.0050187421   0.0046870125   0.0034698513   0.0062817035
16726   0.0057680268   0.0092882072   0.0086544069   0.0146531016  -0.0122946415
16727   0.0008925414   0.0186982189  -0.0034990960   0.0302404641   0.0089070076
16728  -0.0228052590  -0.1190361868  -0.0000857636  -0.0239611146  -0.0620599542
16729  -0.0133371286   0.0701996335   0.0362832699  -0.0484196790   0.0875653352
16730   0.0925364845  -0.0128063149  -0.0094632877   0.0142519278  -0.1116264132
16731  -0.0313274110  -0.1083918861   0.0897582611  -0.0231044711   0.1352805069
16732   0.0065004306   0.0436732649   0.0503976689   0.0432476635  -0.0531335485
16733  -0.0059931253   0.0079094646  -0.1052837849  -0.0077414431  -0.0212214558
16734   0.0768438587  -0.0081587877   0.0091932158  -0.0857073881  -0.0637302526
16735  -0.0004024273  -0.0005887298  -0.1241471488   0.0239990013  -0.0159251203
16736  -0.0381195729  -0.0087643617   0.0000375468   0.0040141185  -0.0002077188
16737  -0.0009240279  -0.0000131130   0.0182052615   0.0251800196  -0.0782030390
16738   0.0045877880   0.0116780788  -0.1276431803   0.0132275722   0.0307546298
16739   0.0080135126  -0.0021707108  -0.0441774489   0.0432286622  -0.0377771484
16740  -0.0008448391   0.0293750155   0.0359225127  -0.0035876643  -0.0009301217
16741   0.0341795252   0.0208638337   0.0016653231   0.0128678602  -0.0164009770
16742  -0.0302550496  -0.0017811253  -0.0038862052   0.0091423672  -0.0072807522
16743  -0.0023006740  -0.0110201523   0.0140777903   0.0167264074  -0.0060931894
16744  -0.0078264198   0.0005524422  -0.0004125552   0.0082337398  -0.0509646826
16745   0.0013399529   0.0000065104  -0.0017921102  -0.0001578899   0.0440885106
16746   0.0005677365   0.0447413538   0.0002073174   0.0005522108   0.0003261232
16747   0.0000378444  -0.0000502119  -0.0000138764  -0.0014287493
168 1   0.0077056493  -0.0399457179  -0.1107070856  -0.0713097671   0.1691243272
168 2   0.1097446505  -0.0238980697  -0.0375520038  -0.0051295152   0.0230446672
168 3   0.0616036121   0.0181547645   0.0484450135  -0.0031881732  -0.0020780719
168 4  -0.1452471091  -0.0781872996   0.0930005484  -0.0565309249  -0.0349017415
168 5   0.0229181592  -0.0554476181   0.0695788519   0.0192061740   0.0821840682
168 6   0.0471894173   0.0800377569   0.0445010688   0.0060171755  -0.0172805871
168 7  -0.0452762315  -0.0639750151  -0.1470841872  -0.0571416204   0.0508933166
168 8   0.0185766691   0.2067291928   0.1194170285  -0.1754094018   0.2259015087
168 9   0.0918026889  -0.2760401875   0.1201487878   0.0695755130   0.1317264316
16810  -0.0865289569  -0.0933010116   0.1362672580  -0.0504188350   0.1631492317
16811   0.0769943191  -0.0635159793   0.1999624542   0.0369416068  -0.0975979610
16812  -0.0009273964   0.1994990670   0.0401716477   0.0754837152  -0.0832351748
16813  -0.1050403834   0.1003368992   0.1362866553   0.1427611672   0.0309723537
16814  -0.0581053717   0.1111048862   0.0300362093  -0.0156577025   0.0077358837
16815  -0.0134974978  -0.0719072671   0.1306916248   0.0518682111   0.0296385103
16816  -0.0473578993  -0.0151306120   0.0151301844   0.0222582275  -0.1718921447
16817   0.0989583870   0.1322068382  -0.1280948995   0.0534836169   0.0032067413
16818   0.1051843070  -0.1402624423  -0.0890454909   0.0098337304   0.1615741223
16819   0.1751849828  -0.2318065502  -0.0950372389   0.1064016111  -0.2232414131
16820   0.2367152029  -0.1494669067  -0.1389674731  -0.0712711665  -0.0111352790
16821  -0.1458952488  -0.0560919337   0.0306074643   0.0304116079  -0.0409107020
16822   0.0572780387  -0.0706765794  -0.0172362490  -0.0101852628   0.0557667421
16823   0.0018346392  -0.0109345537  -0.0823970092   0.0553896337   0.0210378153
16824  -0.0612718565  -0.0488435787  -0.0363160396   0.0197987758   0.0311684617
16825   0.0251556821  -0.0359828681  -0.0248548617   0.0230712481   0.0098236444
16826   0.0239179654   0.0232278285   0.0064346883   0.0395975202   0.0367091545
16827   0.0155834189  -0.0139416501  -0.0002009828  -0.0202877271  -0.0279182609
16828  -0.0141679166  -0.0120936657   0.0353980662   0.0281473995  -0.0035356532
16829  -0.0526273318  -0.0012125885   0.0193501103  -0.0135918169   0.0161021127
16830  -0.0024877613   0.0006270508   0.0090474888   0.0083359195  -0.0020957526
16831   0.0023089465  -0.0060187726  -0.0109024787   0.0102027603  -0.0052948626
16832  -0.0054208462   0.0014276781  -0.0069179849  -0.0047744971   0.0056555980
16833  -0.0018143679   0.0020251906   0.0152154610  -0.0006433245   0.0015882469
16834  -0.0106250318   0.0054277342  -0.0014576397   0.0098922744   0.0067208518
16835  -0.0001874613   0.0010253270   0.0102919918  -0.0023872948  -0.0011666394
16836  -0.0082766190  -0.0019505822   0.0006076835   0.0748715141  -0.0090994005
16837  -0.1226518367  -0.0036820199   0.0059189647   0.0086248102  -0.0080972918
16838   0.0004848484  -0.0039935555   0.0107861894  -0.0018716681  -0.0042938866
16839   0.0020622878   0.0078968438  -0.0011794546  -0.0125795368  -0.0083677395
16840  -0.0005056275  -0.0093119428  -0.0106302432  -0.0037607775   0.0175363492
16841  -0.0213816504   0.0356022532   0.0035920355  -0.0104087138  -0.0050715068
16842  -0.0000476085   0.0000037839   0.0004811138  -0.0020181018   0.0022633519
16843   0.0008182216   0.0017009045   0.0000223658   0.0001472580   0.0001230701
16844   0.0000746049   0.0007366393  -0.0002949398   0.0013857598  -0.0096462007
16845   0.0105263346  -0.0137799465  -0.0918329088  -0.0008360076  -0.0047439733
16846  -0.0000325643  -0.0046414733  -0.0000326482   0.0000122290  -0.0000718484
16847   0.0000056059  -0.0000354928  -0.0000085829  -0.0001230974
169 1   0.0984115824   0.1373070802  -0.0125817467   0.1174741695  -0.0569948112
169 2  -0.0280997455   0.0388952022   0.1268086656   0.0179385035  -0.0031667565
169 3  -0.1123748033   0.1067935034   0.0408951352  -0.0034933839   0.0426744407
169 4  -0.0187666595  -0.0362540793  -0.0037984811   0.0486468754   0.0071854765
169 5  -0.0501999315   0.0046094488  -0.0357520382   0.0062251475  -0.0178421568
169 6  -0.0265668094   0.0351669890  -0.0102669654  -0.0075801335  -0.0210444715
169 7   0.0220645462   0.0167964330   0.0159631252   0.0232994496   0.0211375978
169 8   0.0411366419  -0.0200542126  -0.0090535559  -0.0170287375   0.0079357949
169 9   0.0268729057   0.0209978596  -0.0264674617  -0.0087434844  -0.0450383598
16910   0.0203337634   0.0310253976  -0.0092461312   0.0145144531  -0.0514092481
16911  -0.0549172007   0.0536824164  -0.0485170503  -0.0089659987   0.0635800303
16912   0.0003788863  -0.0124631968   0.0479494015  -0.0147942968   0.0215809756
16913  -0.0597066740  -0.0039625871   0.0105397149  -0.0024430223   0.0573057578
16914  -0.0703260110   0.0335751121   0.0588963540  -0.0319165840  -0.0425180605
16915  -0.0379575964  -0.0221302722  -0.0232797545  -0.0306213556  -0.0272189132
16916   0.0185488896  -0.0124334319   0.0576322620  -0.0226892939  -0.0135272186
16917  -0.0389406529   0.0141777881  -0.0728309128  -0.1113435480   0.1089587174
16918   0.1168518317   0.0510277959  -0.1346706190  -0.0972742886   0.0855938252
16919   0.0869230398   0.0041600952   0.0504344306  -0.0549441832  -0.0021143122
16920   0.0201202819  -0.0799193068   0.0216855782   0.0130398821   0.0100846807
16921  -0.0395157857  -0.0215395784   0.0185886216   0.0259347912  -0.0157257153
16922  -0.0141671095   0.0103808442  -0.0548816696   0.0235507667  -0.0615393724
16923  -0.0204718496  -0.0525969427   0.0616853943  -0.0041368410   0.0230670794
16924  -0.0104001522  -0.0133657525  -0.0114424698   0.0256348282  -0.0083337347
16925   0.0118284447  -0.0123728187  -0.0053020661  -0.0314855469  -0.0108570080
16926   0.0023420834  -0.0042143509  -0.0065490834  -0.0200500532   0.0058090639
16927   0.0035949280  -0.0086096646   0.0042490969  -0.0266188639   0.0040976748
16928   0.0283254501   0.1799067435   0.0214880452   0.0294672730  -0.2003727347
16929  -0.0012591558  -0.0527298555  -0.0882209617  -0.0232875213   0.0324989635
16930   0.1930939836  -0.0324060810  -0.0180733471   0.0296806312  -0.1818998934
16931  -0.0706298483  -0.0753648823   0.0848714843  -0.0214901106   0.0678605203
16932  -0.0025276107   0.0136479991   0.0114888208   0.0124420577  -0.0168073367
16933  -0.0010256815   0.0009381479   0.0149683708  -0.0008078949   0.0013302885
16934  -0.0082087826   0.0036644744  -0.0008520528  -0.0070628149  -0.0090319846
16935   0.0000333614   0.0002508842  -0.0589240546   0.0118080638   0.0031025443
16936   0.0966343950   0.0320218709  -0.0495197806   0.0081861461  -0.0010463140
16937   0.0109364797   0.0005794410   0.0147254612   0.0226120931  -0.1012602318
16938   0.0067168922  -0.0171419131   0.0567051487  -0.0082806687  -0.0239574560
16939   0.0141731550   0.0340925735   0.0139857532  -0.0540335280  -0.0056341457
16940  -0.0037221135   0.0069376744  -0.0076432011   0.0011406580  -0.0022085349
16941   0.0081711572   0.0128684681  -0.0048486567   0.0252204314   0.0228149570
16942   0.0150408445  -0.0194294833  -0.0117863829   0.0060662023  -0.0099531457
16943  -0.0101537556   0.0172969219  -0.0008882089   0.0066120493  -0.0030890179
16944  -0.0028592364  -0.0001548287  -0.0003029170  -0.0265787879  -0.0055437973
16945   0.0066937547   0.0000782632   0.0012868135   0.0000029987  -0.0651762927
16946  -0.0007453691   0.0616831750   0.0001673631   0.0003387128  -0.0023192327
16947  -0.0001195850   0.0000746886   0.0000490569   0.0000443778
170 1  -0.1603645891  -0.1051109638   0.0202183964  -0.1400825098  -0.0062319779
170 2   0.0847380519  -0.0993920340  -0.0127498171  -0.0924149757  -0.1289071196
170 3   0.0549685259   0.1263165288   0.1641269354   0.1469840803  -0.0928436518
170 4  -0.0348298886   0.1042529955  -0.0605510664  -0.0768124267   0.0447997267
170 5   0.0879937375   0.0377620180  -0.0112446909  -0.0072369316  -0.0759263875
170 6  -0.0037750194  -0.0335213264  -0.0263016334  -0.0096977648   0.0090672860
170 7  -0.0147430908   0.0235518648   0.0080859663  -0.0195663172  -0.0445180779
170 8  -0.0479636540   0.0087959388   0.0053170674   0.0258476466  -0.0230823630
170 9  -0.0390826761  -0.0089724892   0.0113770839   0.0125649617   0.0448924532
17010  -0.0170358454  -0.0404774552   0.0084636864   0.0031046197   0.0312164599
17011   0.0341055563  -0.0364623205   0.0263327262   0.0055882321  -0.0412450896
17012  -0.0079110378   0.0021840698  -0.0244013242   0.0209873236  -0.0018878848
17013   0.0470465069  -0.0007745148  -0.0094709594   0.0054816464  -0.0400652654
17014   0.0467750333  -0.0178831343  -0.0459801065   0.0153230725   0.0312578774
17015   0.0228735342   0.0124745522   0.0180050135   0.0284031154   0.0235920733
17016  -0.0149721191   0.0057718336  -0.0308663205   0.0136629656   0.0027646546
17017   0.0214273417  -0.0102775053   0.0461595049   0.0712456568  -0.0660822044
17018  -0.0648415163  -0.0399396403   0.0786540330   0.0593010327  -0.0424272430
17019  -0.0486086046  -0.0129008678  -0.0341845153   0.0388400344  -0.0033701515
17020   0.0016960756   0.0397461263  -0.0102566351  -0.0139860872  -0.0059613027
17021   0.0046099966   0.0122317439   0.0004426841  -0.0191162643  -0.0023118400
17022  -0.0114110762   0.0112730279   0.0133250341  -0.0025333389  -0.0049039689
17023   0.0116112390   0.0075910313   0.0041855574  -0.0172609994  -0.0156596235
17024   0.0170338678   0.0171745702   0.0132672693  -0.0110745624  -0.0113495391
17025   0.0034589257   0.0097056984   0.0079029533  -0.0027201210  -0.0025004012
17026   0.0008234288   0.0014503512   0.0067320956  -0.0052205955  -0.0053273306
17027   0.0021617464   0.0007538747   0.0037159740   0.0014211690  -0.0012837666
17028   0.0013990294  -0.0099158802  -0.0059203734   0.0007907798  -0.0579298974
17029   0.0008823500  -0.0297227131  -0.0421223186   0.0199364156  -0.0432906036
17030   0.1034733618  -0.0104731424  -0.0040571287  -0.0179422171  -0.0470462389
17031  -0.0024203146   0.1037162018   0.0795170148  -0.1168079809  -0.1090734744
17032  -0.0124549326  -0.0731690474  -0.1093903219  -0.1057271895   0.1149639014
17033   0.0039988303  -0.0056246057   0.1157036406   0.0103151048   0.0287156216
17034  -0.1088883709   0.0142371892  -0.0130442526   0.1250335462   0.0735824298
17035  -0.0001730731   0.0002677774   0.1509206808  -0.0286014299   0.0211337731
17036   0.0760221243   0.0213704021  -0.0201380734   0.0028924604  -0.0003427096
17037   0.0072144907   0.0002703280   0.0138629989   0.0196635296  -0.0152039474
17038   0.0002061611   0.0041594004  -0.1416879442   0.0115912216   0.0231739137
17039   0.0185946089   0.0373644083  -0.0492298078  -0.0310350805  -0.0882816347
17040  -0.0183266730   0.0730403053  -0.0182706766  -0.0035516591   0.0193014576
17041  -0.0351567837  -0.0250718424   0.0003852601  -0.0212727190   0.0075382046
17042   0.0334479754  -0.0178575939  -0.0049150449   0.0092402043  -0.0283555886
17043   0.0099323530  -0.0176513291   0.0017445578  -0.0107008362   0.0138373466
17044   0.0174075396   0.0001886935   0.0004390209   0.0459841617   0.0091862326
17045  -0.0092539524  -0.0000595499  -0.0011844995   0.0001400169  -0.0077885799
17046  -0.0000727560   0.0082230532   0.0000520934   0.0000127801   0.0002912370
17047   0.0000502968  -0.0000268374  -0.0000202829  -0.0000214586
171 1   0.0483044799  -0.0093682725  -0.0660640898  -0.0103469150   0.1691449170
171 2   0.0292752701   0.0067507385  -0.0252647102   0.0218497144   0.0151220600
171 3  -0.0180416508   0.0008488829   0.0594197542  -0.0464275193   0.0149464206
171 4  -0.0524554085  -0.0503709974   0.0344353833  -0.0183053909  -0.0281359305
171 5  -0.0038467638  -0.0428555628   0.0478569189  -0.0179980142  -0.0010080072
171 6  -0.0187976208   0.0173429177   0.0020110489  -0.0083203698  -0.0310205821
171 7   0.0128390684  -0.0151933982   0.0287442849  -0.0071080093  -0.1259908252
171 8  -0.1030596328   0.0057687922   0.1446876079  -0.0308132677   0.0626115428
171 9   0.0678825217  -0.1392034595  -0.0840780558   0.0500552291   0.1572870454
17110  -0.0486045168   0.0389554016   0.0089596066  -0.0548919880   0.0917706184
17111   0.0302171169  -0.0215722842   0.0376865165  -0.1173636284  -0.0177296772
17112  -0.1241662314   0.1082909424   0.0594313364   0.1458769370  -0.1258827603
17113  -0.0800938012   0.1046838542   0.1484515664   0.0242715005   0.0011046594
17114  -0.1626120083   0.0295771514   0.1344938855   0.0140900151   0.1318138820
17115  -0.0990429523  -0.0679856640   0.0906428112   0.1681689311   0.0909798605
17116   0.0125496097   0.1269308414  -0.1657579331   0.1214112977   0.0931801103
17117   0.0603109297  -0.0254487100  -0.0586827019   0.0123400791  -0.0298589113
17118  -0.0614683747   0.0910004897   0.0472764369   0.0166563728  -0.1216789299
17119  -0.0634551906   0.1478211173   0.0716454273  -0.0933355812   0.1216028044
17120  -0.1861355021   0.0693818869   0.0510042358   0.0281682676   0.0243862413
17121   0.1017985292   0.0029441257  -0.0303907538   0.1291010600   0.0722430517
17122   0.1110402019  -0.1226278248  -0.0267443648  -0.0598675713   0.0957089297
17123  -0.0912934192  -0.0003158088  -0.0493895504   0.1744292703   0.1520379873
17124  -0.1496798338  -0.1702967007  -0.1511617039   0.1257568324   0.0708235490
17125  -0.0098360692  -0.0710725940  -0.0020179672  -0.0724578175   0.0150884070
17126   0.0472683175   0.0326616873  -0.0114087782   0.0371665985   0.0074630439
17127   0.0464434111  -0.0261998489  -0.0163808735  -0.0769481146  -0.0648475722
17128  -0.0533179117   0.0357771695  -0.0685018963  -0.0100722231  -0.0124550924
17129  -0.0096199318  -0.0158820774   0.0052756316  -0.0113193912   0.0002283591
17130   0.0132325448   0.0030260496  -0.0026842819  -0.0040821295  -0.0123985013
17131  -0.0056785448  -0.0049731310   0.0058670926  -0.0006374902   0.0026289012
17132  -0.0046704215   0.0036675737  -0.0048583285  -0.0014623469   0.0028400905
17133  -0.0044365574   0.0035496018   0.0048049606   0.0008459272   0.0012721635
17134  -0.0015219573   0.0048203762  -0.0002365787   0.0027637556  -0.0003044200
17135   0.0002320391  -0.0009253721  -0.0046257832   0.0009324060   0.0004825283
17136   0.0104485131   0.0040971037  -0.0108686861  -0.1242703975   0.0157242560
17137  -0.0672224360  -0.0026437093   0.0056611563   0.0064053371  -0.0073246767
17138   0.0001200476  -0.0013403297   0.0010236733  -0.0002681795  -0.0009854802
17139   0.0016173826   0.0064924583  -0.0036546973  -0.0117796543  -0.0121866145
17140  -0.0040946690   0.0137922833  -0.0143203680   0.0122883708  -0.0383796794
17141  -0.0071172271   0.0116849283   0.0033738370  -0.0122547755  -0.0088011229
17142  -0.0033281834   0.0024294096   0.0017365571  -0.0012134167   0.0009480370
17143   0.0014213481  -0.0012020679   0.0009149447   0.0002371296   0.0004072004
17144  -0.0000271271  -0.0001419282  -0.0004538314  -0.0238154626  -0.0055922844
17145  -0.0898402025   0.0007179230  -0.0117142635  -0.0013377071   0.0017639808
17146  -0.0000062319  -0.0010738971  -0.0000604559   0.0000490390  -0.0000181660
17147  -0.0000001293   0.0000667542   0.0000783239  -0.0001226485
172 1   0.0954294225   0.1216848242  -0.0396307951   0.0940004807  -0.0529988042
172 2  -0.0225916753   0.0428923482   0.1158354921   0.0151396426  -0.0271369304
172 3  -0.0962581208   0.1042650706   0.0671111502   0.0259215059   0.0062705747
172 4  -0.0165520092  -0.0102468987  -0.0042595447   0.0260098047   0.0063220995
172 5  -0.0170691846   0.0139845220  -0.0184032843   0.0101627648  -0.0138194247
172 6  -0.0319160006   0.0324576487  -0.0124688751  -0.0051389388  -0.0265130873
172 7   0.0124764554   0.0134910645   0.0155336939   0.0212379372   0.0071811783
172 8   0.0284216716  -0.0048745257  -0.0052437426  -0.0116246687   0.0014888765
172 9   0.0089484054   0.0041806634  -0.0091334915   0.0024382996  -0.0198579541
17210   0.0077773707   0.0087400385   0.0040798567   0.0111484763  -0.0200541776
17211  -0.0227016452   0.0125159406  -0.0110539492  -0.0086433660   0.0132649422
17212  -0.0057391464   0.0010275888   0.0235058582  -0.0012766151  -0.0026769074
17213  -0.0251226956   0.0050925202   0.0108423125  -0.0027622234   0.0145923287
17214  -0.0296850385   0.0104061671   0.0207069544  -0.0086447532  -0.0055808900
17215  -0.0102758759  -0.0129243980  -0.0016594651   0.0022276605  -0.0056599257
17216   0.0064993807   0.0040270875   0.0067855429   0.0007872534  -0.0059413504
17217  -0.0003553229   0.0052190202  -0.0277639271  -0.0268498630   0.0265094680
17218   0.0338056575   0.0174623975  -0.0384298448  -0.0221109265   0.0205571497
17219   0.0317427290   0.0009754752   0.0198629276  -0.0220049527  -0.0096752553
17220   0.0020068792  -0.0287346003   0.0022738334   0.0124979511   0.0084692035
17221  -0.0055750388  -0.0093814980   0.0012175409   0.0073630998   0.0059084887
17222   0.0113117194  -0.0086414573   0.0027089161   0.0023708423   0.0122629816
17223  -0.0083080428   0.0055034237  -0.0149261161   0.0091947138   0.0012627231
17224  -0.0111793729  -0.0048792654  -0.0005621101  -0.0044696954   0.0121299101
17225  -0.0073931220   0.0001157832  -0.0045900474   0.0096311201   0.0058039502
17226   0.0004908405   0.0017272155  -0.0014315879   0.0036102765   0.0039393002
17227  -0.0023006034   0.0038049257   0.0052909197   0.0100458825   0.0048163204
17228  -0.0034441974  -0.0147444355   0.0013251799  -0.0124279160  -0.0724496520
17229  -0.0164842299   0.0554458428   0.0444160255  -0.0129061722   0.0242751690
17230  -0.0344500914   0.0237284346   0.0068496879  -0.0425911675   0.0785923451
17231   0.0515186487   0.0747773615   0.0710212906  -0.1156183534   0.0026923656
17232   0.0065239171  -0.0099929183  -0.0200164971  -0.0602049721   0.0735214365
17233  -0.0039423425   0.0066837621  -0.2321458171  -0.0073021335  -0.0331539776
17234   0.1277721849  -0.0287603678   0.0152203548  -0.0606145219  -0.0358425822
17235  -0.0003577318   0.0004703813   0.0897546824  -0.0140493996  -0.0316494891
17236   0.0001322078   0.0073845569  -0.0337842269  -0.0006209449  -0.0000729397
17237  -0.0011331838   0.0002692936  -0.0125338739  -0.0208175658  -0.0086812805
17238   0.0013342620   0.0049638585   0.0346278987  -0.0047147441  -0.0174319872
17239  -0.0239242048   0.0081867134  -0.0302374773  -0.0125465451  -0.0744038693
17240  -0.0117553971   0.0160124096  -0.0187349943   0.0006021649   0.0036526818
17241   0.0185731540   0.0182758108  -0.0102997890   0.0648551029   0.0384045125
17242  -0.0279920615   0.0070590222  -0.0018543298  -0.0657675070   0.1881448823
17243   0.1604871451  -0.1444654055   0.0298261547  -0.0805057039   0.1575632949
17244   0.2447474274  -0.0000256897  -0.0000694210   0.0000669007   0.0005586510
17245  -0.0004159275  -0.0000667860  -0.0002294971   0.0000326105  -0.0001435537
17246   0.0000060616   0.0001219263  -0.0000147450  -0.0008812008   0.0052880384
17247   0.0002474777  -0.0000742602  -0.0000414478  -0.0003799462
173 1  -0.1451763009  -0.0695499423   0.0592505211  -0.0847914006  -0.0044377075
173 2   0.0732828767  -0.1031090934   0.0045854629  -0.0904053093  -0.0772041133
173 3   0.0141790716   0.1211629857   0.1139481704   0.0730592344  -0.0164845141
173 4  -0.0378936082   0.0535962256  -0.0519175416  -0.0390712845   0.0427035407
173 5   0.0320871595   0.0077221369  -0.0307232845   0.0003598942  -0.0683548903
173 6  -0.0020950898  -0.0253138955  -0.0184166040  -0.0143356899   0.0105758163
173 7  -0.0014685097   0.0264382451   0.0130874158  -0.0133124486  -0.0357357251
173 8  -0.0380817331  -0.0170074366   0.0098701285   0.0233616957  -0.0143188876
173 9  -0.0226309787   0.0049449735  -0.0111683079   0.0013365904   0.0260762110
17310  -0.0035648936  -0.0112126565  -0.0055751492   0.0021829326   0.0040776540
17311  -0.0044021112   0.0052201297  -0.0119710088  -0.0048907936   0.0124799142
17312  -0.0128997199  -0.0007296601   0.0051665457   0.0217627759   0.0030944797
17313  -0.0011155470   0.0089074978   0.0115611925   0.0078455128   0.0106717073
17314  -0.0168031355   0.0083030815   0.0160183490  -0.0081719522   0.0011937588
17315  -0.0219972830  -0.0062407670   0.0073282819   0.0135070682   0.0065976969
17316   0.0015290153   0.0088882362   0.0003074457   0.0018467888   0.0067575081
17317  -0.0066012008  -0.0046389951  -0.0151994713  -0.0220365464   0.0231039083
17318   0.0258373116   0.0155006654  -0.0322844946  -0.0238828217   0.0129440733
17319   0.0203608410   0.0141725250   0.0193375494  -0.0221032384   0.0093318398
17320  -0.0062974849  -0.0180510515   0.0184544699   0.0057849284   0.0042481275
17321  -0.0104591150  -0.0046275314   0.0089841149   0.0125976432  -0.0058504848
17322  -0.0093527651   0.0086217856  -0.0188132211   0.0110173620  -0.0327337553
17323  -0.0027486180  -0.0211830609   0.0366598613  -0.0105000863   0.0054447478
17324   0.0079519673   0.0010233294  -0.0036482927   0.0119873748  -0.0176836564
17325   0.0124273752  -0.0004313846   0.0046017440  -0.0219209761  -0.0101497215
17326  -0.0010466659  -0.0056965041  -0.0028893188  -0.0149572399  -0.0001197773
17327   0.0028571006  -0.0134912175   0.0010904085  -0.0238923537  -0.0077123467
17328   0.0136009489   0.0925542910   0.0143021625   0.0255259780   0.0116400956
17329   0.0005133719  -0.0372312560  -0.0207341702   0.0058746570  -0.0014518521
17330  -0.0725729335   0.0290720123   0.0311947199  -0.0135321409   0.1542018843
17331   0.0811001889  -0.0809620524  -0.0295425782   0.0676651552   0.1032355149
17332   0.0181818983   0.0344565776   0.0563468544  -0.1595360359   0.2219917459
17333  -0.0038915103   0.0010208100  -0.1264331422  -0.0096892763  -0.0139286316
17334   0.0243628708   0.0019978910   0.0005408086   0.2213541461   0.2460798570
17335   0.0017382814  -0.0044895500  -0.0747886540   0.0086499069   0.0806331815
17336   0.0108217488  -0.0132471859   0.0680045101   0.0001302628   0.0003625589
17337   0.0005748070  -0.0002023400   0.0310754348   0.0452589468   0.0190982479
17338  -0.0000677925   0.0428824818  -0.0430440126   0.0108910239   0.0391384450
17339  -0.0633191093  -0.0400190365   0.0334410122  -0.0251020630   0.0323412303
17340  -0.0046030577   0.0052208497  -0.0264268434   0.0037882140  -0.0032013268
17341  -0.0086722297   0.0041223489  -0.0059553738   0.0204778690   0.0137799917
17342   0.0075254131  -0.0388785492  -0.0258100032  -0.0305836665   0.0678120728
17343  -0.0286745732   0.1238559442  -0.0367416518  -0.0021697679   0.0070862921
17344   0.0193566170  -0.0000077058   0.0000296332  -0.0010833210  -0.0001131340
17345  -0.0000116100   0.0000076364  -0.0000135889  -0.0000328459  -0.0018755000
17346  -0.0000274799   0.0013786799  -0.0000112573  -0.0167286846   0.0841726805
17347   0.0050663761  -0.0009011978  -0.0000742228   0.0009195195
174 1   0.0174042667  -0.0017438355  -0.0197374247  -0.0390922471   0.1183078102
174 2   0.0306359204  -0.0158324062   0.0001590441   0.0407044511  -0.0002978487
174 3   0.0029658079   0.0220732998   0.0101210057   0.0107294215   0.0067117283
174 4  -0.0270897035  -0.0385984104  -0.0137865396   0.0224372988   0.0031567382
174 5  -0.0609903555   0.0047613310  -0.0189333260  -0.0738881780  -0.0646375607
174 6   0.0388058412  -0.0097958464  -0.0046005980   0.0104774081   0.0355126182
174 7   0.0085622596  -0.0428377936  -0.0496810372  -0.0164853991  -0.0100728594
174 8  -0.0426999935   0.0626876125   0.1344869672  -0.0823166409   0.1188352677
174 9   0.1600286956  -0.1007220913  -0.0845033127   0.0190535457   0.0555156001
17410  -0.0184783358   0.0861216506  -0.0230838712  -0.0436283155  -0.0144596652
17411  -0.0326653409   0.1175051644  -0.0611604063  -0.0409491520   0.1272409633
17412  -0.0206245942   0.0674609188   0.0970165882   0.0268708910   0.0566124658
17413  -0.1358064986  -0.0159703171   0.0559141985   0.0424319350   0.1089397615
17414  -0.1369557002   0.0750630766   0.0781424533  -0.0589253372  -0.0206445053
17415  -0.0589432160  -0.0357126505   0.0244104594   0.0245897008   0.0298542286
17416   0.0062580326   0.0003333228   0.0254089437  -0.0071945865   0.0288985881
17417  -0.0480256403  -0.0126374757  -0.0045016616  -0.0128919807   0.0202092962
17418  -0.0453069619   0.0202003371   0.0410719822   0.0014377735  -0.0405319611
17419  -0.1265779957   0.0432146648  -0.0159926297   0.0434896130   0.0969605550
17420  -0.0338821433   0.1199131357  -0.0029367439  -0.0618489743  -0.0031713791
17421   0.0038810875   0.0508203992   0.0362166526   0.0004348166  -0.0475448372
17422  -0.1095008418   0.0920474252  -0.1146992441   0.0229021142  -0.1983201228
17423  -0.0014563228  -0.1164658884   0.2263001075  -0.0520180927   0.0542303755
17424   0.0463092583  -0.0115316486  -0.0361258767   0.0840913371  -0.0783107771
17425   0.0414038470  -0.0164412744   0.0482169497  -0.1315520672  -0.0464463115
17426   0.0182197913   0.0061815273   0.0197661106  -0.0301925982  -0.0613367213
17427   0.0347367307   0.0253252999  -0.0306258785   0.0059935091   0.0226244871
17428   0.0131446840  -0.0616270217   0.0828537572   0.0358554175   0.0639495598
17429  -0.1104844219  -0.0282613415   0.0536139041  -0.0917030501  -0.0274913185
17430  -0.0203156559  -0.1773825635   0.0352782220   0.1441621308   0.0449479679
17431   0.0458518474   0.0120153395   0.0340061880  -0.0274098483  -0.0079180575
17432   0.0041169799   0.0110528777  -0.0119144271   0.0079503002  -0.0116911100
17433  -0.0430991817   0.0495013194   0.0026556380  -0.1135462985  -0.0818818157
17434  -0.0366504777   0.1189549630  -0.0091045477  -0.0130089334  -0.0194712172
17435  -0.0006454497   0.0044065615   0.0134092819  -0.0010310414  -0.0077571312
17436  -0.0008913738   0.0014231159  -0.0072941993   0.0019869722  -0.0002707163
17437  -0.0003234484  -0.0000219045  -0.0031443070  -0.0049410471  -0.0009835547
17438  -0.0001862117  -0.0044477399   0.0036371788  -0.0016006876  -0.0050861666
17439   0.0051723118   0.0031274713  -0.0046493185   0.0023136005  -0.0057140319
17440  -0.0001154533  -0.0000948272   0.0013942412  -0.0003626346   0.0008455405
17441   0.0016435522  -0.0005907329  -0.0001782309   0.0013061049   0.0004871815
17442  -0.0014900547   0.0031356310   0.0021047179  -0.0015355894   0.0037254240
17443   0.0089695447  -0.0132681957   0.0039327205  -0.0028075330   0.0054761744
17444   0.0085031475  -0.0000153516  -0.0000178444   0.0001894128   0.0001263913
17445   0.0001508663  -0.0000110165  -0.0000494877   0.0000053597   0.0001144754
17446   0.0000039727  -0.0000956140   0.0000011773   0.0011921321  -0.0060700678
17447  -0.0003657988   0.0000504809   0.0000028911  -0.0001042205
175 1   0.0924400090   0.1132840275  -0.0478725478   0.0806897167  -0.0533202399
175 2  -0.0218355071   0.0445457729   0.1120082474   0.0152784251  -0.0394432887
175 3  -0.0870842903   0.1045922345   0.0794822141   0.0430616898  -0.0114568836
175 4  -0.0145478180   0.0011987825  -0.0082011893   0.0185477871   0.0075393433
175 5  -0.0056006993   0.0210065682  -0.0158625799   0.0084110272  -0.0163859368
175 6  -0.0314115194   0.0307922630  -0.0160259988  -0.0041233063  -0.0255389786
175 7   0.0105977284   0.0135372752   0.0150374349   0.0207168916   0.0022107100
175 8   0.0218166809  -0.0006808070  -0.0034781355  -0.0091477969  -0.0010592223
175 9   0.0045222996   0.0030258573  -0.0072342911   0.0037755323  -0.0133520835
17510   0.0061711519   0.0033580694   0.0047950005   0.0106460434  -0.0145180636
17511  -0.0166682266   0.0066199078  -0.0051360460  -0.0098954953   0.0055689345
17512  -0.0071775008   0.0022243412   0.0179436677   0.0014707359  -0.0037284976
17513  -0.0168665262   0.0035000097   0.0093470153  -0.0011707013   0.0062291992
17514  -0.0196698335   0.0060509815   0.0118609501  -0.0051490006   0.0025107381
17515  -0.0053923205  -0.0113715689   0.0003441744   0.0082673143   0.0006874899
17516   0.0036561917   0.0055186126  -0.0005963317   0.0058609751  -0.0052824222
17517   0.0051948353   0.0038889931  -0.0162001091  -0.0079226601   0.0087917431
17518   0.0169317783   0.0050641539  -0.0161875214  -0.0063977418   0.0091285432
17519   0.0162211117  -0.0039311633   0.0089195854  -0.0089007350  -0.0096649525
17520   0.0042168523  -0.0159116480  -0.0020214218   0.0040025943   0.0055400591
17521  -0.0059948301  -0.0056033556   0.0034847732   0.0034577659   0.0033714586
17522   0.0058175453  -0.0048529728   0.0014406350   0.0011547256   0.0057977541
17523  -0.0045002836   0.0034396309  -0.0078985488   0.0042995897  -0.0003203440
17524  -0.0060591033  -0.0020358707   0.0004317676  -0.0035893505   0.0071997721
17525  -0.0040234675  -0.0002781401  -0.0024409876   0.0053454117   0.0038408661
17526   0.0026018736   0.0030163563   0.0006446428   0.0040734700   0.0014454207
17527   0.0016779276   0.0046237964   0.0062257085   0.0072618261   0.0017062391
17528  -0.0034565145  -0.0219553986  -0.0005976965  -0.0086984774  -0.0672142247
17529  -0.0153009658   0.0193697272   0.0168391630   0.0110627055  -0.0311600279
17530  -0.0149711825   0.0252940732   0.0254176455  -0.0321922266   0.1297713752
17531   0.0679571371   0.0378020685   0.0698602248  -0.0465688463   0.0409339568
17532   0.0190578766   0.0086034307   0.0229787236  -0.0966101646   0.1482034345
17533  -0.0102358579   0.0136370484  -0.1926597746  -0.0171067769  -0.0369686900
17534   0.1174708567  -0.0202734875   0.0123476235  -0.0731231905  -0.0325035823
17535  -0.0006425923   0.0044978282   0.0980522207  -0.0188606146   0.1411031601
17536   0.0406796089  -0.0175308721   0.1248509932  -0.0040083723   0.0003773237
17537  -0.0058075835  -0.0014609766  -0.0159758268  -0.0224918646  -0.0692235761
17538   0.0007293416  -0.0746606376   0.0149983714  -0.0188048474  -0.0663319804
17539   0.0398167169   0.0211998659   0.0010424489   0.0269954581   0.0243435628
17540   0.0099336354  -0.0163204613   0.0339693605  -0.0043882318   0.0041301117
17541   0.0008468825  -0.0177142741   0.0109620333  -0.0547883419  -0.0403801093
17542  -0.0014824931   0.0480826349   0.0340589257   0.0633471526  -0.1853056269
17543  -0.0935758123  -0.0059523023  -0.0311734203  -0.0115444890  -0.0711315763
17544  -0.1638387685  -0.0000252137   0.0001334240  -0.0001023792  -0.0001013513
17545   0.0002170012   0.0000343059   0.0001020223  -0.0000454782   0.0000879139
17546  -0.0000026743  -0.0001279725   0.0000070102   0.0008707602  -0.0028773041
17547  -0.0000710997   0.0001550407   0.0000242634  -0.0001506018
176 1  -0.1371853262  -0.0503461148   0.0773908437  -0.0570515537  -0.0046457433
176 2   0.0716726166  -0.1070070889   0.0131662982  -0.0903604618  -0.0513319661
176 3  -0.0054528467   0.1192811501   0.0868544518   0.0374208367   0.0209537081
176 4  -0.0392536137   0.0294179862  -0.0489856751  -0.0236503647   0.0413283909
176 5   0.0082651719  -0.0087697199  -0.0357451695   0.0062902145  -0.0618218934
176 6  -0.0011350013  -0.0202046312  -0.0129161897  -0.0148741464   0.0122510562
176 7   0.0035817690   0.0255575336   0.0107266538  -0.0097450199  -0.0258004125
176 8  -0.0272946086  -0.0202477253   0.0103503367   0.0180123905  -0.0073293289
176 9  -0.0132302705   0.0060389396  -0.0129045463  -0.0012039446   0.0139472305
17610   0.0002704909   0.0011219101  -0.0069199061   0.0020869220  -0.0063629640
17611  -0.0150748577   0.0169651732  -0.0230337221  -0.0030585123   0.0280673197
17612  -0.0073574530  -0.0012291613   0.0142184229   0.0142158470   0.0059881022
17613  -0.0162612680   0.0105773976   0.0137602568   0.0044085275   0.0258012675
17614  -0.0335545109   0.0132615889   0.0301067517  -0.0143748564  -0.0125502153
17615  -0.0278564367  -0.0067759527   0.0044611897   0.0039042964  -0.0045713948
17616   0.0053286863   0.0065507442   0.0123780846  -0.0065438230   0.0078872803
17617  -0.0153479937  -0.0033063759  -0.0327642635  -0.0520489322   0.0514245491
17618   0.0527192436   0.0374077138  -0.0685918960  -0.0478869119   0.0294718174
17619   0.0448427280   0.0228771856   0.0380607949  -0.0443353186   0.0086147126
17620  -0.0101945467  -0.0382662938   0.0254824055   0.0203896084   0.0102355530
17621  -0.0083103108  -0.0091069976   0.0051668195   0.0177430491  -0.0009099025
17622  -0.0007776878   0.0019619680  -0.0119100089   0.0122772149  -0.0163257369
17623  -0.0055584526  -0.0122816465   0.0180579766  -0.0031447341   0.0042503744
17624   0.0005098684  -0.0012362936  -0.0024874700   0.0059662141  -0.0083398676
17625   0.0053707428   0.0020378240   0.0009409689  -0.0083383899  -0.0051329488
17626  -0.0044900435  -0.0075886359  -0.0063498265  -0.0110184209   0.0052360545
17627  -0.0029934097  -0.0150014443  -0.0013533790  -0.0171839640  -0.0049145618
17628   0.0108961673   0.0754072729   0.0136852563   0.0135081549   0.0565627611
17629   0.0057161621   0.0354359382   0.0440316861  -0.0163876666   0.0679090241
17630  -0.1248217622   0.0430262430  -0.0059589049  -0.0508990679   0.0293092353
17631   0.0316351969   0.0000594016   0.0306772967  -0.1004877776   0.0737630734
17632  -0.0118418910   0.0248771599  -0.0026969240  -0.0332788713   0.0010299701
17633   0.0200006545  -0.0257137827  -0.0506702722   0.0084374664   0.0070886499
17634  -0.0197292147   0.0054396212  -0.0027433933   0.1436507371   0.1013051677
17635   0.0019546075  -0.0061005247  -0.0140471413   0.0002853506  -0.2027557868
17636  -0.0528320363   0.0252915426  -0.1696469322   0.0012582746  -0.0002503715
17637   0.0070759168   0.0017380517   0.0074796940   0.0124260193   0.0322942389
17638   0.0015289130  -0.0100837319  -0.0165930421  -0.0036869019  -0.0275565842
17639   0.0672848769   0.1160867678   0.0670734038  -0.1160778274   0.0438320442
17640   0.0087503518  -0.0125323369   0.0413931538  -0.0077178952   0.0080354489
17641   0.0303882781  -0.0061134587   0.0080030022  -0.0304633062  -0.0411107416
17642  -0.0160017417   0.0497361442   0.0477593290   0.0322388486  -0.0895042362
17643   0.0072311156  -0.1591832213   0.0359663949  -0.0239227788  -0.0313485265
17644  -0.0839811781  -0.0000961849  -0.0002581741  -0.0004481977  -0.0002118005
17645   0.0002089279   0.0000162390   0.0001039700   0.0000936446  -0.0000384809
17646   0.0000188638  -0.0000691557  -0.0000107454   0.0004281781  -0.0009452284
17647   0.0000645489  -0.0000095619  -0.0000006627  -0.0000022003
177 1   0.0079528286  -0.0028744811   0.0002184664  -0.0398615744   0.0931459245
177 2   0.0305295726  -0.0267130389   0.0128617340   0.0502981480  -0.0080067872
177 3   0.0056015138   0.0268018725  -0.0017053364   0.0216108285   0.0108745719
177 4  -0.0017302472  -0.0359674160  -0.0538057753   0.0254808626   0.0055770516
177 5  -0.0640030791   0.0135044284  -0.0264484103  -0.0743976525  -0.0732197395
177 6   0.0359829549  -0.0139489857  -0.0052661260   0.0244409360   0.0515856069
177 7   0.0159860643  -0.0493155457  -0.0595293694  -0.0024218563   0.0084331361
177 8  -0.0248428819   0.0482268348   0.1096930079  -0.0754616476   0.1042452238
177 9   0.1629251880  -0.0620439425  -0.0636922627   0.0069029322  -0.0033122551
17710  -0.0034815350   0.1157276020  -0.0449181273  -0.0382265532  -0.0609887230
17711  -0.0424031349   0.1264931856  -0.0846575940  -0.0129818023   0.1416340120
17712   0.0265868105   0.0478758510   0.0698477428  -0.0445417849   0.0897836178
17713  -0.1245032174  -0.0547092248   0.0038461375   0.0018200242   0.1036700728
17714  -0.0947180151   0.0229531164   0.0273324221  -0.0557948834  -0.0276604836
17715  -0.0118301890   0.0004820523  -0.0087433123  -0.0026818928  -0.0036585856
17716   0.0122577076  -0.0136341524   0.0336378794  -0.0047803892   0.0194215957
17717  -0.0461710796  -0.0128206810   0.0073275329  -0.0143133134   0.0138172556
17718  -0.0298603525   0.0395341487   0.0311912213   0.0169400626  -0.0377236974
17719  -0.0981212743   0.0231191368  -0.0091682140   0.0233594659   0.0587783249
17720  -0.0261269366   0.0765703899   0.0017576368  -0.0294204308   0.0101908845
17721   0.0100964325   0.0403705222   0.0095082624   0.0002262636  -0.0166876625
17722  -0.0651999313   0.0599688499  -0.0455876405   0.0033471780  -0.0861511221
17723   0.0064535897  -0.0468040488   0.0965139408  -0.0276714100   0.0179516599
17724   0.0242215021  -0.0009884055  -0.0152883004   0.0316516284  -0.0474068963
17725   0.0283608353   0.0080600662   0.0455158695  -0.0524039665  -0.0195619010
17726   0.0172377880   0.0114834143   0.0118211183  -0.0073571211  -0.0269111356
17727   0.0481905378  -0.0185088017  -0.0299998382  -0.0357896640  -0.0320173435
17728   0.0068714711  -0.0507047955   0.0512686377   0.0595378995   0.0444722352
17729  -0.1393934049  -0.0156980127   0.0458707503   0.0534499581   0.0360009577
17730   0.0077281241   0.2356817387  -0.0260343691  -0.2170879384  -0.1132018763
17731  -0.0944685964   0.0131945210  -0.0552511734   0.0351854516   0.0162728814
17732  -0.1880921547   0.0905106141  -0.0915971585  -0.0141775989   0.0129814287
17733   0.1362997132  -0.1524607085  -0.0113298150   0.0481581963   0.0273521367
17734   0.0444079394  -0.0108490980   0.0143466134  -0.0290350347  -0.0184812664
17735   0.0008740148   0.0020734810   0.0067368460  -0.0023971204   0.0328223246
17736   0.0087628170  -0.0039201171   0.0275897082  -0.0001035402   0.0003206637
17737  -0.0016536330  -0.0002369916  -0.0020603552  -0.0022845675  -0.0071455507
17738   0.0003130680  -0.0020470830   0.0030269282   0.0005126576   0.0013112744
17739  -0.0067289672  -0.0110075109  -0.0059452707   0.0133125311  -0.0032271992
17740  -0.0001563191   0.0004513551  -0.0019363551   0.0005095639  -0.0005511190
17741  -0.0028237496  -0.0001344454  -0.0002572868   0.0009226739   0.0031666033
17742   0.0016846443  -0.0033817015  -0.0037619584  -0.0003252550   0.0032708967
17743  -0.0028895295   0.0144505562  -0.0047839611   0.0012316884   0.0018679586
17744   0.0039481721   0.0000945873   0.0000921791  -0.0000175322  -0.0000215451
17745  -0.0001233869  -0.0000169724  -0.0000483763  -0.0000181807  -0.0000049559
17746  -0.0000095235   0.0000004751   0.0000081359   0.0000229552  -0.0000640703
17747   0.0000007976   0.0000584185  -0.0000014602   0.0000475398
178 1   0.1085204382   0.1316056527  -0.0423240606   0.1054443462  -0.0493294571
178 2  -0.0203218385   0.0419713880   0.1167089196   0.0127703379  -0.0160553678
178 3  -0.1027553886   0.1020831947   0.0600167784   0.0131461790   0.0191210639
178 4  -0.0226287813  -0.0204168743  -0.0007214487   0.0290135101   0.0106557614
178 5  -0.0197651716   0.0025551487  -0.0177542602   0.0171044109  -0.0114732878
178 6  -0.0262392618   0.0363999599  -0.0109442382  -0.0087536462  -0.0271444525
178 7   0.0085176600   0.0098335079   0.0124182830   0.0092177799   0.0144216860
178 8   0.0310607797   0.0100649307   0.0011811004  -0.0124506902   0.0049364401
178 9   0.0084921652  -0.0075118881  -0.0022448739   0.0069536935  -0.0053268857
17810  -0.0010168129  -0.0022863799   0.0141059257   0.0118784507  -0.0077008912
17811  -0.0114166795   0.0041627356  -0.0036966504  -0.0125506774   0.0011129141
17812  -0.0115255830   0.0011129137   0.0180465762   0.0067370682  -0.0017053660
17813  -0.0074359507   0.0027923408   0.0065501957   0.0022052136  -0.0002027739
17814  -0.0133045538   0.0078357215   0.0075055620  -0.0021642321  -0.0018419178
17815  -0.0006113331  -0.0096866792   0.0004013362   0.0031395819   0.0035669344
17816   0.0007048381  -0.0006870035   0.0029616158   0.0003346307  -0.0031286535
17817   0.0015612811   0.0017713860  -0.0071756958  -0.0002481745   0.0019961797
17818   0.0014705039  -0.0043244278  -0.0009221339  -0.0014487745   0.0027198060
17819   0.0007212525  -0.0031114920  -0.0008804791   0.0029825956  -0.0042758098
17820   0.0027255549   0.0006865422  -0.0067071610  -0.0035813732  -0.0008022895
17821  -0.0013941541  -0.0004578981   0.0056479837   0.0006565514   0.0009257521
17822   0.0016527068  -0.0027437448  -0.0000425888  -0.0002565767   0.0028777386
17823   0.0006794711   0.0028799788  -0.0029201336   0.0036693354   0.0012939884
17824  -0.0030919691  -0.0024598040  -0.0014665453  -0.0005473285   0.0029601488
17825  -0.0021597054  -0.0008649431   0.0021993081   0.0028406297   0.0055462391
17826   0.0062329918   0.0060149468   0.0051114346   0.0089986911  -0.0027482354
17827   0.0056847459   0.0104836340   0.0052980734   0.0146405117   0.0012922238
17828  -0.0085390926  -0.0891198314  -0.0042989629  -0.0136094021   0.0062225367
17829  -0.0259123665  -0.0035512201   0.0025446572   0.0469070263  -0.1057134598
17830   0.1285681134  -0.0172362834   0.0352549910  -0.0937106027   0.0576957570
17831   0.1948078024  -0.0008771468   0.0014211838   0.0262768199   0.0743912323
17832   0.0125510297  -0.0021043453   0.0019414489   0.1083853387  -0.0193800204
17833   0.0066291128   0.0030083248   0.0019347044   0.0092993895   0.0224446555
17834  -0.0838800354   0.0140349989  -0.0109708973  -0.0005811878   0.0507121367
17835   0.0022051772  -0.0017520221  -0.0154907877   0.0222222922  -0.0545760692
17836   0.0001920957  -0.0009013421  -0.0006878433   0.0002611855   0.0000669506
17837   0.0004105871  -0.0003799434   0.0049375567   0.0005665201   0.0059206902
17838  -0.0074668539   0.0078247766  -0.0045585428   0.0051797123  -0.0002358634
17839   0.0004810229   0.0035345403   0.0064098833  -0.0003716162   0.0013125493
17840   0.0004157831  -0.0001992802   0.0003761540   0.0001833174  -0.0006215092
17841   0.0001194105   0.0006807539  -0.0006764402   0.0007771770  -0.0007409707
17842   0.0030487034  -0.0048523724   0.0003506283  -0.0056712606   0.0020337593
17843  -0.0001731821   0.0004831385   0.0020272455   0.0002229642  -0.0006116270
17844  -0.0007851797   0.0000303553   0.0000267713   0.0000076215  -0.0000167580
17845  -0.0000112020   0.0000016939  -0.0000024230   0.0000079380  -0.0000020220
17846  -0.0000009764   0.0000117272  -0.0000080366  -0.0000621752   0.0001522152
17847   0.0000532262   0.0001425017  -0.0000183570  -0.0000132898
179 1  -0.1359077004  -0.0372173516   0.0993243029  -0.0248172001  -0.0027739097
179 2   0.0621135045  -0.1073619740   0.0226323291  -0.0884900375  -0.0233267250
179 3  -0.0306134819   0.1112355542   0.0543031809  -0.0055668392   0.0599884021
179 4  -0.0394771121   0.0007229364  -0.0390483714   0.0012144543   0.0332413951
179 5  -0.0278972346  -0.0225798044  -0.0540080171   0.0019736999  -0.0504758582
179 6  -0.0040315127  -0.0085763744  -0.0119473610  -0.0201659695   0.0077220471
179 7   0.0086015786   0.0325093018   0.0163532820   0.0065700423  -0.0198522621
179 8  -0.0128653092  -0.0300504368   0.0016966438   0.0181289332  -0.0075121512
179 9  -0.0130280595   0.0186634454  -0.0247348887  -0.0102914897  -0.0008430680
17910   0.0097269567   0.0078021549  -0.0169038804   0.0052544291  -0.0170998791
17911  -0.0349063843   0.0360756209  -0.0336733589  -0.0095284589   0.0512953208
17912  -0.0130836860   0.0024234680   0.0329956339   0.0237549166   0.0029794612
17913  -0.0476669591   0.0264349098   0.0338093474   0.0163999083   0.0488810239
17914  -0.0616341885   0.0308574418   0.0602806447  -0.0232267151  -0.0272314514
17915  -0.0434714587  -0.0212261144   0.0049304108   0.0007298762  -0.0087759196
17916   0.0133820909   0.0046553229   0.0224818037  -0.0107075015  -0.0022476389
17917  -0.0187744796   0.0019617019  -0.0441415084  -0.0543511282   0.0580774562
17918   0.0546341181   0.0330199435  -0.0695413630  -0.0474832794   0.0386741333
17919   0.0490842461   0.0117754574   0.0249658923  -0.0333821066  -0.0020414670
17920  -0.0011121845  -0.0332814782   0.0084453641   0.0187706521   0.0074947946
17921  -0.0032854968  -0.0087286119  -0.0024486218   0.0078085551   0.0051351170
17922   0.0143899848  -0.0118609104   0.0067065278   0.0026961947   0.0182314894
17923   0.0015046685   0.0086770606  -0.0220930810   0.0064026610  -0.0021320620
17924  -0.0048589664  -0.0027898106  -0.0031980503  -0.0011779304   0.0002456862
17925   0.0031758227  -0.0011961682   0.0015343416   0.0106095162  -0.0048262163
17926  -0.0046697494  -0.0001378953  -0.0019869412  -0.0068138042   0.0063453305
17927  -0.0194832721   0.0091828793  -0.0010014814   0.0181002637   0.0204240854
17928  -0.0002053742   0.0160958232  -0.0061703769  -0.0210576876   0.1123725565
17929   0.0170285806   0.0599815234   0.0516993091  -0.0049359303  -0.0018216041
17930   0.0037758364  -0.1244884570  -0.0263344146  -0.0093447766  -0.2108393294
17931   0.0502298693   0.0838635980  -0.1026959687   0.0020018757   0.0003094441
17932  -0.0041976895   0.0309300355   0.0365178141   0.0197720898   0.1114226495
17933   0.0010748341   0.0020479326  -0.0056975263  -0.0002297371   0.0005309093
17934   0.0002332016  -0.0009664927  -0.0012096573  -0.0610044902   0.0024118316
17935   0.0017858087   0.0010620182   0.0077076197   0.0054568595  -0.0020458564
17936   0.0158848767  -0.0067064671   0.0474391310  -0.0004947942   0.0000121725
17937  -0.0012469675  -0.0007247918   0.0002999070  -0.0010380562  -0.0052422819
17938  -0.0049092550   0.0002501525   0.0020519067   0.0019269773   0.0041197997
17939  -0.0039800783   0.0006066274   0.0007187980   0.0095379064   0.0012762014
17940   0.0005435209   0.0005488201   0.0003043319   0.0003040108  -0.0007027680
17941  -0.0030377129  -0.0002991852   0.0001210153  -0.0006277461   0.0023139257
17942  -0.0000828606  -0.0006640217  -0.0039387144   0.0006553423   0.0019483673
17943   0.0024642058   0.0065193418  -0.0018959014   0.0045863999  -0.0005801973
17944   0.0053894176  -0.0000393505   0.0000769015  -0.0000070800   0.0000280500
17945  -0.0000109725   0.0000056419  -0.0000046562   0.0000030754  -0.0000050761
17946  -0.0000047742   0.0000112168   0.0000025512  -0.0000138248   0.0000914899
17947  -0.0000036674  -0.0000853625  -0.0000110577   0.0000103634
180 1  -0.0778284067  -0.0495620877   0.0560565093  -0.0397653610   0.0790661717
180 2  -0.0190116559  -0.0139606035   0.0275317440   0.0722611669  -0.0171960452
180 3  -0.0152684137   0.0123320144  -0.0267257590   0.0033496834   0.0119694097
180 4   0.0390351550  -0.0391922178  -0.0448078717   0.0787988556  -0.0566708965
180 5  -0.1461641950   0.0662285455  -0.0975431420  -0.1322536154  -0.0451685682
180 6  -0.0217741361   0.0105388205  -0.0259037024   0.0297738650   0.0431400495
180 7   0.0445781730   0.0155221686  -0.0068221433   0.1213858629  -0.0212190414
180 8   0.0126695403  -0.0505370307   0.0626068592  -0.0616475417   0.0770551505
180 9   0.1669257822   0.0417193185  -0.1468071036  -0.0543604957  -0.1114642090
18010   0.0744060813   0.1857556093  -0.1494710858  -0.0418454502  -0.1443921845
18011  -0.1532053053   0.2243255639  -0.1328459390  -0.0202592837   0.2606736787
18012   0.0339372049   0.0802774288   0.1456632331  -0.0345871972   0.0519534114
18013  -0.3082823227   0.0010500007   0.0948718266   0.0203087001   0.2306238410
18014  -0.2327652160   0.0876483932   0.1488076911  -0.1096067075  -0.0535470345
18015  -0.0837730242  -0.0684937233  -0.0086818379   0.0274108618  -0.0300403260
18016   0.0637135382   0.0227718134   0.0336270265   0.0367803906  -0.0426355019
18017  -0.0204012588   0.0209036028  -0.0514886063   0.0068548160   0.0068766328
18018  -0.0068630850   0.0318003037   0.0340942073   0.0698467885  -0.0153362567
18019  -0.0719261033  -0.0606166009  -0.0673700455   0.0701194040  -0.0350008033
18020   0.0389382432   0.0669517043  -0.0767211703  -0.0322282704   0.0181786550
18021   0.0155412700   0.0291403130  -0.0437238926  -0.0375830531   0.0134958044
18022   0.0224073821  -0.0085107961   0.0658535205  -0.0396457008   0.0909836915
18023   0.0446353297   0.0627443848  -0.1160204721   0.0074072520  -0.0315790265
18024   0.0043491405   0.0100252915  -0.0058614874  -0.0153531784  -0.0149937070
18025   0.0315344564  -0.0002831361   0.0353431056   0.0366043324  -0.0279085674
18026   0.0047063088   0.0353967490   0.0165072330  -0.0225563000   0.0001766621
18027  -0.0349462401   0.0539671992  -0.0156656980   0.0635280262   0.0627928648
18028   0.0039412611   0.0396043325  -0.0244797486  -0.0238191701  -0.0145929841
18029  -0.0075141392  -0.0164063560  -0.0310736962   0.0026442121   0.0008483102
18030  -0.0006036736  -0.0055222814   0.0205025348   0.0022088554   0.0439039487
18031  -0.0078612558  -0.0177096267   0.0171753855  -0.0025179991   0.0025404159
18032  -0.0008559427  -0.0185210850   0.0035168531  -0.0025021097  -0.0209336006
18033   0.0002533007   0.0067772399   0.0034745084  -0.0036465215   0.0004198284
18034  -0.0018127523   0.0012181263   0.0023672868   0.0127182191   0.0002665986
18035  -0.0006020914  -0.0004525407  -0.0023926093  -0.0015800220  -0.0005833502
18036  -0.0027547895   0.0012634691  -0.0080008281   0.0001325526   0.0000315201
18037   0.0002369210   0.0001205920  -0.0000903209   0.0003938057   0.0011377424
18038   0.0009300831   0.0000207923  -0.0008487703  -0.0006366374  -0.0005701462
18039   0.0007829250  -0.0000165775  -0.0002595832  -0.0019642395   0.0002980042
18040  -0.0001271951  -0.0001068807  -0.0000172213   0.0000056744   0.0000973893
18041   0.0003960012   0.0000306956  -0.0000328410   0.0000082183  -0.0004354975
18042   0.0000203449   0.0001219409   0.0004293357  -0.0002038266  -0.0005190967
18043   0.0000624919  -0.0001372342   0.0001203865  -0.0004112212   0.0000325291
18044  -0.0009885245   0.0000524292  -0.0000220188   0.0000283336  -0.0000142245
18045   0.0000152308  -0.0000202995  -0.0000022496   0.0000012692   0.0000055377
18046  -0.0000013081   0.0000007364   0.0000015033  -0.0000114522   0.0000184129
18047  -0.0000155808  -0.0000288835   0.0000039941  -0.0000096189
181 1   0.0723368409   0.0922930049  -0.0458717756   0.0447060323  -0.0424581905
181 2  -0.0107323807   0.0490391853   0.0973761632   0.0079490959  -0.0586752586
181 3  -0.0695338634   0.1047861935   0.0854893718   0.0614540640  -0.0397154423
181 4   0.0127071678  -0.0041196233  -0.0366804404   0.0041182021  -0.0017454737
181 5  -0.0000903591   0.0502027235   0.0128692233   0.0056780802  -0.0279905955
181 6  -0.0304197288   0.0541563447   0.0146592525  -0.0296440428  -0.0017438555
181 7   0.0049941971   0.0182911272   0.0111641024   0.0182825089   0.0177485500
181 8   0.0126063877  -0.0077487826   0.0047664312  -0.0053897893   0.0182420039
181 9   0.0129591915  -0.0109217288  -0.0016919874   0.0167530431  -0.0130425528
18110  -0.0078595382   0.0027544396   0.0088282567   0.0421433125  -0.0486705290
18111  -0.0572455644   0.0209613753  -0.0251357194  -0.0215501442  -0.0069878000
18112  -0.0229506241   0.0092398654   0.0473946401  -0.0227060272   0.0216033934
18113  -0.0249989220   0.0006078922   0.0166766531  -0.0267389582   0.0515793115
18114  -0.0263823961  -0.0046958886   0.0073615009   0.0199075308  -0.0061714670
18115  -0.0060666565  -0.0022325755  -0.0201573132   0.0153856307  -0.0657950280
18116   0.0216493641  -0.0327413206   0.0000613669   0.0291377927   0.0287820401
18117   0.0843225255  -0.0525984115   0.0267891219   0.0759534845  -0.0861342293
18118   0.0048945783   0.0625073944   0.0149629288   0.1093497632  -0.0683338692
18119   0.0190177844  -0.0473227966   0.0687615303  -0.1112221581  -0.0722406744
18120   0.0223666586  -0.1510274381   0.0519164227   0.0747611029   0.0578364948
18121  -0.1120857169  -0.0614407683   0.0551283677   0.0814992693   0.0246174130
18122   0.0595498586  -0.1051650659  -0.0371336873   0.0167558857  -0.0229947272
18123  -0.0193234911  -0.0274977873   0.0170580531   0.0386762876   0.0757383660
18124  -0.0033222353  -0.0492302857  -0.0806729551   0.0772843645  -0.0550796836
18125   0.0552611616  -0.0552152175  -0.0430540028  -0.0082928952  -0.1029036542
18126  -0.0896755575  -0.1042405868  -0.1032774178  -0.0853289089  -0.0163377443
18127  -0.1638093254   0.0427345522   0.0017123461   0.1720468490   0.1844360924
18128   0.0107990424  -0.1641230957  -0.1537907258   0.2159403108   0.2127644197
18129  -0.0170610871   0.0701463937  -0.3556807510  -0.2877385101   0.1527164893
18130  -0.0555417129   0.0869034059   0.0700485875  -0.0077596366  -0.0443354554
18131  -0.0236517983   0.2100244081   0.1359745891   0.1886756105   0.0652136524
18132   0.0629257420   0.0029979696  -0.0524731209   0.0113223261  -0.0032789923
18133   0.0279749288   0.0354280894  -0.1289874130   0.0191729335   0.0152207129
18134  -0.1159009825   0.0173145275   0.0077311167  -0.1295961234   0.0965074262
18135   0.0098159220  -0.0006363605  -0.0543953225  -0.2797791640   0.0377542070
18136  -0.0650463697   0.2278891033   0.0571520235  -0.0401719836  -0.2984656973
18137  -0.0118667850   0.3563322294  -0.0554159850   0.0352105459  -0.0154622910
18138  -0.2329781430   0.0058811666  -0.0047980844  -0.1741851293   0.0398922060
18139   0.0570366965  -0.1247683777   0.1357466336  -0.1319962486  -0.1972993080
18140  -0.2952541350  -0.0910593552   0.3279808571  -0.1376030403  -0.1096716667
18141  -0.2530997435  -0.0457955978   0.2765824577   0.2709525076  -0.1248080376
18142   0.1070570300   0.1745417498  -0.1893418581  -0.0962453114  -0.0110293669
18143  -0.1870702381  -0.0064244545   0.1644059803  -0.1078264993  -0.0785487122
18144   0.0444908760   0.0141611840   0.1111789202  -0.0007773947  -0.0008931211
18145   0.0002227463  -0.0032431450   0.0006140959  -0.0225514980   0.0001863172
18146  -0.0120989317   0.0000472745  -0.0111973490  -0.0000186300  -0.0000705112
18147   0.0002921890   0.0002942818   0.0016182093  -0.0000469127
182 1  -0.0208283310   0.0898775249   0.1393958778   0.1515805534   0.0002383532
182 2   0.0388578390  -0.1195311917   0.0662402571  -0.0847356110   0.1071181218
182 3  -0.1564363016   0.1053932208  -0.0730355985  -0.1850900532   0.2539483993
182 4  -0.0703597296  -0.1507430798  -0.0161393677   0.0392501376   0.0704840538
182 5  -0.1025252200  -0.1498597329  -0.0530018655   0.0990909577  -0.0218642325
182 6  -0.0128429852   0.0108430349   0.0148284750  -0.0745134306   0.0034096095
182 7  -0.0046885558   0.0028400775  -0.0134608375  -0.0474192037   0.0408575268
182 8  -0.0085981504   0.0241426739   0.0269714017  -0.0059085610  -0.0336258055
182 9  -0.0395933121   0.0306637039  -0.0243993623   0.0054716472   0.0907294368
18210   0.1050600909  -0.0101169040  -0.0510674303  -0.0809619398   0.1306261548
18211   0.1015621318   0.0411211003   0.0728034710   0.0142361112   0.0334644126
18212   0.0175911867   0.0052526424   0.0172319209   0.0793192349  -0.0371496241
18213   0.0345825869   0.0670108668   0.0366460702   0.0970867646  -0.0097206008
18214   0.0667210507  -0.0112534150  -0.0108912321   0.0217743776  -0.0287958366
18215   0.0044544190   0.0276270018   0.0352518845   0.0261188810   0.0032970428
18216  -0.0632374706  -0.0452208202   0.0172335780  -0.0782176287   0.0890940316
18217  -0.0035883353  -0.0364620579   0.1964467336   0.1578366462  -0.1646226302
18218  -0.1932412222  -0.0514945198   0.1511994862   0.1448847708  -0.1151723400
18219  -0.1560015493  -0.0236488901  -0.1522868315   0.0599857227   0.0273159596
18220   0.0159698101   0.0567318258   0.0228455829   0.0090725935   0.0610133138
18221   0.0810592717   0.0775241328  -0.0588747802  -0.1540499631  -0.0086750491
18222  -0.1256009240   0.1622817232  -0.0074769428   0.0074317843  -0.0943294413
18223  -0.1164540125   0.0394812406   0.0720005807  -0.0671793726  -0.0881498862
18224  -0.0087827869   0.0897283583   0.1747489036  -0.1820444800   0.2105462819
18225  -0.1947812852   0.1367808845  -0.0103467054  -0.0009522885   0.2260927653
18226   0.1876620062   0.2058139132   0.2162987856   0.1202398919  -0.0043826625
18227   0.2471897281  -0.0161683530   0.0082679526  -0.1885771944  -0.2029478400
18228   0.0045380826   0.2350141737   0.1628651196  -0.2885707772  -0.0019560633
18229  -0.0708980345  -0.0804691092   0.0957706977   0.0929930726  -0.0194910692
18230  -0.0584373758  -0.0189113255  -0.0278876153  -0.0219323735  -0.0589951508
18231   0.0697745824  -0.1113895405   0.0803119854   0.0021306277  -0.1484381477
18232   0.0016266790   0.0707587845   0.0547098121  -0.0668466492  -0.0367512098
18233   0.0206005345   0.0227106612  -0.0891016520   0.0062234507   0.0213220079
18234  -0.0699197285   0.0113987931   0.0011057859  -0.0620518460   0.0351223321
18235   0.0115138852  -0.0007201612  -0.0071288789  -0.0402434832   0.0017704259
18236   0.0201952787  -0.0858108604  -0.0318076844  -0.0352970109  -0.2703496111
18237  -0.0113785783   0.3507432765   0.0244297312  -0.0119823173   0.0078477847
18238   0.0848010369  -0.0058179295   0.0013625564   0.0464108687  -0.0139240820
18239  -0.0369930679   0.0536433241  -0.1238322335  -0.0334869876   0.1292871626
18240  -0.1011086845  -0.0292716430   0.2006546788   0.0711356835  -0.0303151499
18241  -0.1894089352  -0.0219536813  -0.0604341700  -0.0318836519   0.2083920577
18242  -0.3340583108  -0.3194029033   0.2922898761   0.0388608246  -0.0350893582
18243   0.0269739985  -0.0206356120  -0.0984762396   0.0200169292  -0.0534818443
18244   0.0335113765   0.0713819640   0.5197385423  -0.0046696586  -0.0041570906
18245   0.0005404116  -0.0134862237   0.0027798221  -0.1362831533   0.0003189262
18246  -0.0247080953   0.0001756498  -0.0265511325  -0.0001428795  -0.0002699674
18247  -0.0004692943   0.0008749370  -0.0021452816  -0.0001563935
183 1  -0.0122936989  -0.0309335267  -0.0882880629   0.0542229779  -0.0418889326
183 2  -0.0424321519  -0.0575416002   0.0920956369   0.1260618934  -0.0565108250
183 3   0.0864085733  -0.0054846253   0.0425730396   0.0503185374   0.0008961913
183 4   0.0160263608   0.0478296054   0.0722588174  -0.0313498658  -0.1300734053
183 5  -0.0003245681  -0.0510497326  -0.0117211839   0.1000669856  -0.0453183253
183 6   0.0466291651  -0.0320999247   0.0021932980  -0.0414992254   0.0255745155
183 7   0.0113243455   0.0146464482  -0.0124794780   0.0074255267   0.0001734056
183 8  -0.0459560859  -0.0180918626  -0.0230423610  -0.0276338129  -0.0437626883
183 9   0.0499867289   0.0470145266   0.0216821867  -0.1926488598  -0.0826082337
18310  -0.0269515351   0.1024872224  -0.0596022737  -0.2088262300   0.1506923249
18311   0.1851192846  -0.0579503058   0.0732939259   0.0950311577  -0.0077814075
18312   0.1652844478  -0.0725274520  -0.1728279153  -0.0604673406  -0.0312692397
18313   0.0742364481  -0.0558723567  -0.1219940988  -0.0015778016  -0.1572341353
18314   0.0945650320  -0.0141515643  -0.0779527666   0.0154485447   0.0601441343
18315   0.0475448263   0.0281289106  -0.0151071223  -0.0720565968   0.1013796413
18316   0.0115363434   0.1216045092  -0.0805158826   0.0816820739  -0.1568606221
18317  -0.1196051730   0.1782878785  -0.2283015363  -0.2559352690   0.2817887451
18318   0.1648795554  -0.1067406758  -0.1503968440  -0.3182065692   0.2231966992
18319   0.1173595949   0.0860560658  -0.0146823544   0.1944856290   0.0739870013
18320  -0.0266256779   0.2427294721  -0.1513497981  -0.1776722044  -0.1824389071
18321   0.0948447266   0.0260736098  -0.0625406487   0.0353675231  -0.0695780440
18322   0.0796521095  -0.0407140998   0.0835601478  -0.0501365730   0.1779476954
18323   0.2028162198   0.0057922809  -0.1350683501   0.0170855682  -0.0121707771
18324   0.0387033246  -0.0352555427  -0.1168907129   0.1363151594  -0.2261309094
18325   0.2114666949  -0.1107447909   0.0870684726   0.0073285059  -0.1683869856
18326  -0.1292946445  -0.1224773865  -0.1383402919  -0.0661269662   0.0047247300
18327  -0.1465822054   0.0009972580  -0.0283084060   0.0648034107   0.0761675577
18328   0.0058255314  -0.0767628028  -0.0775210552   0.2021038354  -0.0999541501
18329   0.0955449625   0.0589011995   0.0585680767   0.0098395607  -0.0541851975
18330  -0.0098295959  -0.0232925690   0.0070982929  -0.0070773982  -0.0081779575
18331   0.0013937144  -0.0222557466  -0.0044302900  -0.0085134637  -0.0022896147
18332  -0.0285878351  -0.0240003648   0.0094889191   0.0010192017  -0.0011196176
18333  -0.0154337802  -0.0131158274   0.0032677259  -0.0003297778  -0.0030846486
18334   0.0059818516  -0.0014679120  -0.0028012073   0.0001127211   0.0059581048
18335  -0.0064111910   0.0002026052  -0.0016701870  -0.0091284181   0.0007862147
18336  -0.0094017191   0.0359818361   0.0093527649   0.0180669464   0.1378544727
18337   0.0058450614  -0.1761961847  -0.0207634794   0.0112409298  -0.0048309965
18338  -0.0581719463  -0.0025196830  -0.0017983370  -0.0721497780   0.0237436988
18339   0.0234589727  -0.0152806743   0.0928623459   0.0603672022  -0.0785870823
18340   0.1271058808   0.0383535382  -0.2121114488  -0.0255640306   0.0438168493
18341   0.1890493200   0.0248772104  -0.0072479252  -0.0334519677  -0.1183678798
18342   0.2126198954   0.1854985044  -0.1605933811  -0.0118126023   0.0294616600
18343   0.0109557660   0.0026187506   0.0198253708   0.0188771750   0.0627364153
18344  -0.0394626154   0.1085517747   0.7857553831  -0.0074695527  -0.0065145414
18345   0.0004099206  -0.0165080432   0.0032165124  -0.1850802456   0.0006284352
18346  -0.0503399991   0.0003553016  -0.0519734439  -0.0002471657  -0.0004065635
18347  -0.0005564435   0.0011310125  -0.0013875971  -0.0002184422
184 1   0.0839513939   0.0952050864  -0.0834729718   0.0588673340  -0.0717921732
184 2  -0.0352627637   0.0458872731   0.1154686536   0.0273498520  -0.0714824260
184 3  -0.0537621359   0.1101658967   0.1293424005   0.0935405061  -0.0572981997
184 4  -0.0406133330   0.0721824498   0.0421931659  -0.0014981183  -0.0023957430
184 5   0.0280979796   0.0178382514  -0.0380154337   0.0029663256  -0.0088812718
184 6  -0.0194508010  -0.0153893649  -0.0335286271   0.0130586628  -0.0418604321
184 7   0.0229461966   0.0183074946   0.0350891775   0.0181793409  -0.0314343009
184 8   0.0118026063  -0.0048590389  -0.0158365033  -0.0183193066  -0.0258592103
184 9   0.0025561393   0.0221457420  -0.0162863678  -0.0321326417  -0.0138163121
18410   0.0179743857   0.0128704822  -0.0038555849  -0.0484177345   0.0477135002
18411   0.0530564880  -0.0181994637   0.0186771346   0.0081596280   0.0134101777
18412   0.0256014339  -0.0279279218  -0.0260722507   0.0315570100  -0.0390693442
18413   0.0098043654   0.0189028619   0.0033292140   0.0321246203  -0.0456595338
18414  -0.0132504717   0.0382426988   0.0332061553  -0.0320359324  -0.0023301952
18415  -0.0271655232  -0.0161566162   0.0185519044  -0.0213350658   0.0859428292
18416  -0.0165389683   0.0565853215   0.0005051867  -0.0268222929  -0.0521689163
18417  -0.0982974743   0.0750999108  -0.1100281514  -0.1705640149   0.1888667469
18418   0.0849533382  -0.0529427645  -0.1213215000  -0.2146402943   0.1478725831
18419   0.0656272411   0.0737541210  -0.0375776130   0.0985538463   0.0697181075
18420  -0.0227845596   0.1374173519  -0.0658533083  -0.0873960964  -0.0787004228
18421   0.1182468278   0.0503389256  -0.0479260011  -0.0656019272  -0.0419980140
18422  -0.0325488905   0.0843468585   0.0523948546  -0.0167095030   0.0625781838
18423   0.0524595713   0.0383882313  -0.0520646011  -0.0264741942  -0.0756915725
18424   0.0025947087   0.0398790416   0.0594620386  -0.0584654720   0.0206294057
18425  -0.0204089977   0.0257281013   0.0591374500   0.0328553123   0.0815103928
18426   0.0655992402   0.0803220588   0.0805724053   0.0903564876   0.0140698562
18427   0.1200970657  -0.0214899215   0.0076335811  -0.1250743977  -0.1668498592
18428  -0.0310754996  -0.1202476263   0.0902503026  -0.1419641873   0.1550668916
18429   0.1251920073  -0.3643022262   0.0074036956   0.0318926351   0.4121924574
18430   0.0533211345  -0.0023581854  -0.0943802912   0.0602515614   0.0563111959
18431  -0.0204559157   0.2806793616   0.1228478226   0.2021845680   0.1348410224
18432  -0.0079717784  -0.0602337656  -0.0376726921   0.0187143834  -0.0012000699
18433  -0.0184288864  -0.0153100093  -0.1319894691   0.0057231654   0.0311606470
18434  -0.1038376129   0.0160020438  -0.0246575366  -0.1395016812   0.1070345135
18435  -0.0046353175  -0.0002776107  -0.0659848424  -0.3418914425   0.0453626457
18436  -0.0897936602   0.3146367402   0.0720539507   0.0322091556   0.2558724234
18437   0.0111471027  -0.3161792226  -0.0806590372   0.0477573926  -0.0192958917
18438  -0.2725592356   0.0097563557  -0.0049335515  -0.1979584731   0.0464295928
18439   0.0699703423  -0.1382428596   0.1865688935  -0.1047517297  -0.2396487465
18440  -0.3050051892  -0.0889097093   0.2681342446   0.2248429587   0.0298684393
18441  -0.0247900699   0.0198778003  -0.4151799773  -0.2237790700   0.1387221056
18442  -0.1243481903   0.0058377990  -0.0596952927  -0.0480100633   0.0039979740
18443  -0.1495697574  -0.0248080953   0.0835432616  -0.0608452282  -0.0582709819
18444   0.0354255191  -0.0034589681  -0.0106913504   0.0005017323   0.0002750848
18445   0.0008748424  -0.0043676259   0.0014156049  -0.0704716826  -0.0001484706
18446   0.0109218362  -0.0000447283   0.0126088261  -0.0000034066  -0.0000700363
18447   0.0010954692  -0.0001401242   0.0037651060  -0.0000081694
185 1  -0.0440497228   0.0580732301   0.1200315860   0.1388705999  -0.0137396155
185 2   0.0912714749  -0.1448271665   0.0639221654  -0.0969093200   0.1037077222
185 3  -0.0988900728   0.0766193944  -0.0650096856  -0.1762905116   0.2509194885
185 4  -0.0725785467  -0.1310893148  -0.0395914026   0.0600518352   0.0452929610
185 5  -0.0709074175  -0.1102215213  -0.0360324530   0.1133503983  -0.0571988742
185 6   0.0366470572   0.0670136292  -0.0218475041  -0.0181987959  -0.0402234987
185 7  -0.0104082652   0.0044879337  -0.0335454382  -0.0461652540   0.0767137873
185 8   0.0504437017   0.0424894401  -0.0001466404   0.0509200145   0.0023800981
185 9  -0.0376423908  -0.0648942050   0.1094072859  -0.0152986882  -0.0021605887
18510  -0.1478569537  -0.0807113645   0.0980777870   0.0776562753  -0.0251830773
18511  -0.0201322196  -0.0998229666  -0.0057245718  -0.0123734843  -0.0975010615
18512  -0.0297935201  -0.0064995518  -0.0783271855  -0.0335569988   0.0220535135
18513   0.0903637419  -0.0849032564  -0.0938851063  -0.0751390320  -0.1294279502
18514   0.0950369996  -0.0491482928  -0.1215161139   0.0413861539   0.0756234684
18515   0.1095991995   0.0074822470  -0.0158309743  -0.0084817660   0.0348693662
18516   0.0344138777   0.0281678573  -0.0669918875   0.0970843801  -0.0796713357
18517   0.0340307359   0.0338611572  -0.0378852216   0.0575335850  -0.0479885036
18518  -0.0381520636  -0.0955730026   0.1238686185   0.0412765929  -0.0091858246
18519  -0.0376912910  -0.0428053346   0.0014897872   0.1124303158  -0.0379560655
18520  -0.0000819484   0.1104919832  -0.1039739881  -0.0922022204  -0.1093269169
18521  -0.0431354328  -0.0332775982   0.0251022416   0.0884044117  -0.0008664199
18522   0.1057419554  -0.1319632825   0.0432893142  -0.0281459380   0.1071354805
18523   0.1572873456  -0.0271677603  -0.0862667211   0.0344391990   0.0513173125
18524   0.0515219609  -0.0587946174  -0.1532242031   0.1687266285  -0.2318268551
18525   0.2185765618  -0.1272197453   0.0353668549  -0.0198565241  -0.2242729406
18526  -0.1723138740  -0.1780053327  -0.1917667370  -0.1348605843  -0.0001804213
18527  -0.2241398088   0.0015521675  -0.0350338972   0.1379378688   0.1828034673
18528   0.0255086290   0.0224185302  -0.1348457469   0.2908313350  -0.1360879020
18529   0.0513752112   0.1870564656   0.0266701984  -0.0028571921  -0.1578019449
18530  -0.1164445314  -0.0441965958   0.0040104216  -0.0413726955  -0.0955365809
18531   0.0784538253  -0.1264985472   0.1004484954   0.0180694216  -0.1407600108
18532  -0.0737716654   0.0011801011   0.0792841277  -0.0647015709  -0.0414584706
18533  -0.0177755865  -0.0084268756  -0.1049522704   0.0118618264   0.0130937692
18534  -0.0786683456   0.0108086267  -0.0114576724  -0.0855472980   0.0584357224
18535  -0.0056258923  -0.0003663081  -0.0198328497  -0.1053970705   0.0101920566
18536  -0.0052882348   0.0043577343  -0.0150761966   0.0352333831   0.2699144123
18537   0.0123073786  -0.3528635661  -0.0083493251   0.0041645229   0.0023449029
18538   0.0276568182   0.0034275674  -0.0003762036   0.0002454020  -0.0107073245
18539  -0.0233409818   0.0271313206  -0.1086438131  -0.0540221525   0.1070691379
18540  -0.0923922322  -0.0312559088   0.2171607891  -0.0289876349  -0.0675360239
18541  -0.2392796510  -0.0372818022   0.1248661376   0.0939102349   0.1327443243
18542  -0.2572268988  -0.2730639106   0.2583897800   0.0289365486  -0.0351136566
18543   0.0249047752  -0.0226340496  -0.0976295302   0.0262425683  -0.0400049026
18544   0.0263778874   0.0172000894   0.1227666989  -0.0034534844  -0.0027717307
18545  -0.0063607932   0.0352184395  -0.0115422717   0.5737341870   0.0017360793
18546  -0.1212735881   0.0004224374  -0.1187583534   0.0001063233   0.0003666052
18547  -0.0047355132   0.0017807756  -0.0136171448  -0.0000453182
186 1  -0.0144937638  -0.0324904218  -0.0849606334   0.0519491489  -0.0390352036
186 2  -0.0376104425  -0.0581389184   0.0899199335   0.1233608130  -0.0551626076
186 3   0.0869288661  -0.0072714930   0.0378673770   0.0470198950   0.0025950082
186 4   0.0221082460   0.0396689191   0.0615304173  -0.0297876421  -0.1313282038
186 5  -0.0020600565  -0.0446165321  -0.0037844255   0.1015476364  -0.0498014826
186 6   0.0473748884  -0.0210934778   0.0059957344  -0.0434530936   0.0279938702
186 7   0.0091455806   0.0148511908  -0.0169124612   0.0078663674   0.0066817100
186 8  -0.0428932854  -0.0178858070  -0.0216827560  -0.0238890468  -0.0370341011
186 9   0.0515385586   0.0387015431   0.0300413413  -0.1872072285  -0.0867269743
18610  -0.0410705859   0.0980901019  -0.0518096209  -0.1910464903   0.1319812512
18611   0.1670213674  -0.0599404273   0.0647697378   0.0909477164  -0.0163750787
18612   0.1575396191  -0.0680832122  -0.1695539633  -0.0724393409  -0.0223426409
18613   0.0723328537  -0.0657336025  -0.1261067968  -0.0168246180  -0.1513791236
18614   0.0946012813  -0.0205711591  -0.0856352612   0.0210477839   0.0650276201
18615   0.0545412534   0.0287975241  -0.0220954560  -0.0689899531   0.0859175386
18616   0.0208558722   0.1154133719  -0.0847180190   0.0962746615  -0.1556294376
18617  -0.0966453218   0.1666519203  -0.2236344908  -0.2327741977   0.2560397144
18618   0.1633754941  -0.0947359426  -0.1361725686  -0.2858035566   0.2038981353
18619   0.1182033757   0.0713930314   0.0052624606   0.1724843607   0.0544344798
18620  -0.0222782818   0.2113500874  -0.1447951659  -0.1637602797  -0.1746597880
18621   0.0627296137   0.0074310719  -0.0458259300   0.0630747560  -0.0619584631
18622   0.1010424956  -0.0770833737   0.0762445912  -0.0477614077   0.1775172668
18623   0.2065429170  -0.0051565797  -0.1345575532   0.0293401672   0.0125977351
18624   0.0411423523  -0.0526900564  -0.1481731035   0.1688385433  -0.2562146921
18625   0.2393442753  -0.1335984409   0.0770616386   0.0021956436  -0.2118766829
18626  -0.1655141490  -0.1628300588  -0.1801508782  -0.1003132474   0.0014508955
18627  -0.2045985654   0.0087400340  -0.0303144909   0.1158785395   0.1369742617
18628   0.0118676572  -0.0933742979  -0.1213021923   0.2739633393  -0.0990959929
18629   0.0852912868   0.1256143013   0.0098309861  -0.0369993555  -0.0941750335
18630  -0.0232107781  -0.0121233314   0.0316574758  -0.0171980880  -0.0195781776
18631   0.0015732069  -0.0355111808  -0.0065763745  -0.0174534089  -0.0144245978
18632  -0.0242313438  -0.0145889778   0.0157501898  -0.0036058347  -0.0025527715
18633  -0.0112231200  -0.0077729798   0.0117614536   0.0025849949  -0.0083622814
18634   0.0076801511  -0.0018953612   0.0027972881   0.0133907116  -0.0131981392
18635  -0.0057440613  -0.0001378397   0.0087150509   0.0462840509  -0.0075058006
18636   0.0163014073  -0.0602695980  -0.0176769748   0.0144199251   0.1080173481
18637   0.0049179423  -0.1442060790   0.0222493829  -0.0134098469   0.0073221991
18638   0.1002427483   0.0053977340   0.0024933333   0.1066191056  -0.0358301968
18639  -0.0345233851   0.0370540355  -0.1374415163  -0.0503564400   0.1308663714
18640  -0.0650449102  -0.0216988564   0.1714317572  -0.0228070075  -0.0542619050
18641  -0.1979550714  -0.0310134813   0.0972958506   0.0800516079   0.1039679462
18642  -0.2105232584  -0.2151080434   0.2034317020   0.0320988513  -0.0305308744
18643   0.0340097863  -0.0006119248  -0.0610880788   0.0077989775  -0.0434446807
18644   0.0279999658  -0.0290715789  -0.1832679013   0.0045909389   0.0035766071
18645   0.0080759787  -0.0437646562   0.0144377308  -0.7250658161  -0.0023393176
18646   0.1654423138  -0.0005793429   0.1609224746  -0.0001264361  -0.0004633983
18647   0.0056799579  -0.0021474544   0.0148771703   0.0000477362
187 1   0.1002495000   0.1177929234  -0.0615080196   0.0901844690  -0.0596939726
187 2  -0.0273897581   0.0434916124   0.1168201474   0.0195099992  -0.0395642546
187 3  -0.0845196768   0.1058254891   0.0862606800   0.0449349544  -0.0101288569
187 4  -0.0259722452   0.0106921130   0.0124833665   0.0127935144   0.0050751998
187 5   0.0030203065   0.0101190000  -0.0181861207   0.0226069294  -0.0127001008
187 6  -0.0266651108   0.0223034232  -0.0142273224  -0.0092553998  -0.0326801663
187 7   0.0100385993   0.0132145035   0.0173764369   0.0112179680   0.0037602169
187 8   0.0209334543   0.0050455292  -0.0046143704  -0.0120934800  -0.0130304695
187 9   0.0001173138   0.0049583964  -0.0020984911  -0.0092928417  -0.0007528616
18710   0.0096277628  -0.0027625040   0.0023937511  -0.0157339972   0.0266379059
18711   0.0249867366  -0.0098145815   0.0197694381   0.0001546202  -0.0086697619
18712   0.0079865460  -0.0086885354  -0.0035494992   0.0150781881  -0.0194871702
18713   0.0127613266   0.0094112138   0.0005059974   0.0138660180  -0.0287232020
18714   0.0125329161   0.0076272362  -0.0031229789   0.0011331830   0.0066313586
18715   0.0050925596  -0.0029164656   0.0085199047   0.0014737357   0.0266355238
18716  -0.0089305945   0.0135858160  -0.0099321379  -0.0021971968  -0.0120151563
18717  -0.0155702431   0.0182182624  -0.0028612185  -0.0048843205   0.0098181867
18718  -0.0153104627  -0.0366708101   0.0109319277  -0.0181391703   0.0151938186
18719  -0.0110974242   0.0028743064  -0.0376997906   0.0499690362   0.0072576373
18720   0.0037150276   0.0528298751  -0.0312966883  -0.0335653404  -0.0218305566
18721   0.0309420657   0.0172191289  -0.0163426996  -0.0291341442  -0.0154667423
18722  -0.0052404706   0.0216834897   0.0212805306  -0.0054130731   0.0192425549
18723   0.0226772277   0.0150992391  -0.0186666638  -0.0137138054  -0.0274460107
18724   0.0103752069   0.0181881460   0.0187769699  -0.0181213515  -0.0013391913
18725   0.0037520891   0.0067297592   0.0200237338   0.0061501499   0.0201558360
18726   0.0197877011   0.0260136134   0.0277380382   0.0194950930   0.0060293889
18727   0.0296396480  -0.0071855662  -0.0049195322  -0.0391624374  -0.0431708818
18728  -0.0013585439   0.0139882253   0.0199524772  -0.0283936517   0.1486722523
18729   0.0488340039  -0.0906473177  -0.0139035935  -0.0132781867   0.1244777386
18730   0.0207406316   0.0011480128  -0.0193017013  -0.0050493159  -0.0165315860
18731   0.0431568861  -0.0395590626   0.0901975831   0.0227484680  -0.1612889795
18732  -0.0478500728   0.0713522118   0.1144259491  -0.1267172373  -0.0699502233
18733   0.0006337664   0.0072664735  -0.1343224982   0.0062717544   0.0326078904
18734  -0.0930597545   0.0136080889  -0.0122372682  -0.0646623971   0.0210659444
18735   0.0065226925  -0.0006328562   0.0255782354   0.1286882960  -0.0282693243
18736   0.1030027989  -0.3954940212  -0.1262500745   0.0099077978   0.0722596551
18737   0.0027509857  -0.0749955076   0.0452181794  -0.0277929440   0.0251940371
18738   0.3673514511  -0.0251415828   0.0057394487   0.1161973345  -0.0007549618
18739  -0.0064370078  -0.0040228458  -0.0103883383  -0.0428863109  -0.0085555810
18740  -0.1940005826  -0.0472895786   0.1453433961   0.0246881921  -0.0185561372
18741  -0.0741093697  -0.0072363604  -0.0445787309   0.0459109372  -0.0589023116
18742   0.0707085158   0.1744958398  -0.2149540067  -0.0921546774  -0.0209722747
18743  -0.1137150633   0.0507565175   0.2324702351  -0.1400672634  -0.0418754468
18744   0.0110227961   0.0206892409   0.1322648589  -0.0026279604  -0.0018393570
18745  -0.0029369623   0.0168664533  -0.0049851167   0.2202137425  -0.0067134256
18746   0.5215507508  -0.0025373930   0.5486035381   0.0001719415  -0.0001770362
18747   0.0055544979  -0.0031716328   0.0107852862   0.0000188488
188 1  -0.0201473408   0.0876804432   0.1320620034   0.1686007027  -0.0079834979
188 2   0.0680480214  -0.1368257407   0.0707860937  -0.0917411590   0.1228928865
188 3  -0.1387927535   0.0869069223  -0.0850138645  -0.2036454238   0.2789693633
188 4  -0.0775550427  -0.1582855969  -0.0267265703   0.0587676194   0.0609354719
188 5  -0.0927040623  -0.1422709904  -0.0445206638   0.1188501524  -0.0388668219
188 6   0.0145198034   0.0479779062  -0.0076976526  -0.0433170192  -0.0273914261
188 7  -0.0113197666   0.0000563020  -0.0298338987  -0.0523638825   0.0713440946
188 8   0.0319358733   0.0425729604   0.0131097648   0.0280560978  -0.0162358402
188 9  -0.0435084673  -0.0268853994   0.0584549420  -0.0040248680   0.0466567344
18810  -0.0393589852  -0.0594381050   0.0360083508   0.0079670309   0.0535451554
18811   0.0431697814  -0.0454767426   0.0402819826   0.0010850340  -0.0507191880
18812  -0.0089501399   0.0006887574  -0.0427599348   0.0195129289  -0.0068528984
18813   0.0787545210  -0.0209170420  -0.0435795767   0.0018193075  -0.0942985803
18814   0.1043455550  -0.0412520240  -0.0913837967   0.0399890175   0.0381366389
18815   0.0808308867   0.0211838019   0.0105254377   0.0106292716   0.0246068936
18816  -0.0127573754  -0.0074245396  -0.0376034861   0.0223470100  -0.0036679617
18817   0.0219209689   0.0008328366   0.0955535737   0.1423023445  -0.1405633590
18818  -0.1497106640  -0.0991725512   0.1869725256   0.1260656685  -0.0826593685
18819  -0.1271445296  -0.0482962537  -0.0938003203   0.1169374766  -0.0122118991
18820   0.0112934738   0.1128831005  -0.0601512622  -0.0592575927  -0.0374446279
18821   0.0162101816   0.0232539113  -0.0194473000  -0.0320727420  -0.0048340328
18822  -0.0003960702   0.0053132031   0.0265381269  -0.0151658288   0.0171603656
18823   0.0417851563   0.0043037273  -0.0165854682  -0.0191325562  -0.0192271816
18824   0.0334796711   0.0152361080  -0.0013124553   0.0082789329  -0.0377898555
18825   0.0388283805  -0.0048460234   0.0195067104  -0.0180036709  -0.0219324765
18826  -0.0060524821   0.0012743033  -0.0017577616  -0.0244297060   0.0011398794
18827  -0.0038770855  -0.0148732903  -0.0238026064  -0.0288760263   0.0011360950
18828   0.0251388649   0.2174610112   0.0146527385   0.0195627772  -0.0996075384
18829  -0.0095435867   0.1349332304   0.1488874539   0.0978156907  -0.2187124714
18830  -0.0778091915  -0.0537189748  -0.0043325092  -0.0532439983  -0.0957808273
18831   0.1064475590  -0.2994865680   0.0599041788  -0.0976596705  -0.2991255432
18832  -0.0839477323   0.0876086761   0.1567522644  -0.1438200661  -0.0779184226
18833  -0.0026837729   0.0052550264  -0.0980472692   0.0088970651   0.0162507590
18834  -0.0636935768   0.0087827079  -0.0047101365  -0.0370189119   0.0108290946
18835   0.0004770449  -0.0008103071   0.0313422266   0.1589701265  -0.0409876566
18836   0.0973426363  -0.3561705530  -0.0980233763   0.0051071769   0.0391650049
18837   0.0008725778  -0.0355088108   0.0265795875  -0.0172726953   0.0215980280
18838   0.3343647845  -0.0177481760   0.0082127038   0.1586529692  -0.0054213012
18839   0.0290214281  -0.0728509901   0.0627302447  -0.0943265805  -0.1139050948
18840  -0.2963092212  -0.0777295001   0.2243220303   0.0820603929  -0.0094920562
18841  -0.0677953401   0.0001875319  -0.1695746802  -0.0066867766  -0.0608544434
18842   0.0957136679   0.2612614728  -0.3168761475  -0.1234466852  -0.0177667964
18843  -0.1848470054   0.0573753759   0.3131828119  -0.1889958708  -0.0718726086
18844   0.0277661245  -0.0163937468  -0.0978824099   0.0019790626   0.0013321517
18845   0.0021776661  -0.0132508366   0.0037909999  -0.1621195460   0.0050119155
18846  -0.3891724266   0.0018801680  -0.4057830165  -0.0001170089   0.0001781251
18847  -0.0049275733   0.0021310827  -0.0102732092  -0.0000248868
189 1   0.0074265085  -0.0072579385  -0.0887891129   0.0658766197  -0.0442571066
189 2  -0.0889969482  -0.0408392549   0.1004058840   0.1425779273  -0.0618235639
189 3   0.0521940804   0.0172282195   0.0563472856   0.0592443341  -0.0067401643
189 4  -0.0033051246   0.0667816754   0.1190234069  -0.0519580254  -0.1129519227
189 5  -0.0086734596  -0.0902185085  -0.0401369626   0.0901789399  -0.0152610965
189 6   0.0135624916  -0.1020950697   0.0046026528  -0.0609917407   0.0413609117
189 7   0.0229157154   0.0126131262   0.0103230094   0.0080122476  -0.0497707214
189 8  -0.0896228239  -0.0306608174  -0.0135313466  -0.0732939035  -0.0886480382
189 9   0.0449292199   0.1305495783  -0.0812031074  -0.1980374098  -0.0192019520
18910   0.1675356812   0.1607187212  -0.1747264144  -0.3621055043   0.3013068309
18911   0.3204980286   0.0250641514   0.1496756909   0.1279487804   0.0949773432
18912   0.2209734405  -0.0780268599  -0.1383405980   0.0418167227  -0.1020324174
18913   0.0473169552   0.0592450753  -0.0346020287   0.1441551565  -0.1127423071
18914   0.0803999349   0.0301248152   0.0116267740  -0.0229671615  -0.0084617521
18915  -0.0380020602   0.0357812733   0.0383954340  -0.0585966713   0.1439329250
18916  -0.0748187237   0.1131351266  -0.0247173704  -0.0635675704  -0.0711593519
18917  -0.2203675306   0.1866424261  -0.1242609814  -0.2940853389   0.3194304146
18918   0.0953313238  -0.1219619400  -0.1967266248  -0.3881510752   0.2430348151
18919   0.0579763818   0.1530347475  -0.1670282064   0.2451080825   0.1810878271
18920  -0.0344923066   0.3247899643  -0.1094628064  -0.1745376105  -0.1181486907
18921   0.2841860144   0.1528608231  -0.1670297054  -0.2052430836  -0.1047083787
18922  -0.1312492382   0.2575831208   0.0825724111  -0.0364124095   0.0647150096
18923   0.0294237391   0.0803390747  -0.0458253522  -0.0847034403  -0.1779142663
18924  -0.0040609827   0.1105857408   0.1837218103  -0.1785640149   0.1331152389
18925  -0.1259976321   0.1162101876   0.0939066053   0.0376151237   0.2388689997
18926   0.1975898826   0.2348944757   0.2366795900   0.1968900392   0.0130939491
18927   0.3162445836  -0.0360591245   0.0049706180  -0.2952670506  -0.3519120926
18928  -0.0253887494   0.0893760752   0.2426856833  -0.3797864897  -0.0202254490
18929   0.0584262480  -0.3301870272   0.2496986225   0.2156443145   0.1772539552
18930   0.0817141856  -0.0355511651  -0.0940116113   0.0430986803   0.0677519187
18931  -0.0060983956   0.0427425781  -0.0237231590  -0.0040753377   0.0412593812
18932   0.0127311331   0.0056113990  -0.0193628592   0.0134068369   0.0091277710
18933  -0.0053588397  -0.0158089772   0.0170269740  -0.0279841840   0.0325776676
18934   0.0315536341  -0.0019954204  -0.0189021494   0.0167113363  -0.0147718198
18935   0.0222737497   0.0004008980  -0.0007513766  -0.0044173342   0.0049420452
18936  -0.0123547208   0.0420388604   0.0066003524   0.0263089202   0.2000101740
18937   0.0091674115  -0.2607048908   0.0009447484  -0.0004445491  -0.0013139449
18938  -0.0261525773   0.0089668633  -0.0005926043  -0.0004490116  -0.0137292543
18939  -0.0091577695  -0.0018036538  -0.0488383051  -0.0388039159   0.0337762408
18940   0.0121753934  -0.0033048992   0.0658651350  -0.2506715723  -0.1028185542
18941  -0.1820554911  -0.0494249743   0.4996912779   0.3488823589  -0.1615980089
18942   0.1254956205   0.0673206262  -0.0362001820  -0.0155464113  -0.0091700756
18943  -0.0056333797   0.0027469681   0.0092213513  -0.0052281826  -0.0059531194
18944   0.0037383151  -0.0047689426  -0.0293168779   0.0004097998   0.0003368192
18945   0.0002862158  -0.0017274930   0.0005115029  -0.0196505385   0.0009843531
18946  -0.0765219349   0.0003675783  -0.0801889319  -0.0000239851   0.0000322610
18947  -0.0007836195   0.0004465635  -0.0014705755   0.0000021115
190 1   0.1291392917   0.1504143340  -0.0500658450   0.1434112181  -0.0560673036
190 2  -0.0276394521   0.0384755626   0.1274750406   0.0173477800   0.0009810519
190 3  -0.1180315406   0.1005085694   0.0418648578  -0.0124683910   0.0498240012
190 4  -0.0273238820  -0.0447106132   0.0114169816   0.0292011749   0.0114844335
190 5  -0.0214617803  -0.0201260717  -0.0139136039   0.0533944994  -0.0054018691
190 6  -0.0224630073   0.0494102056   0.0052331504  -0.0348164359  -0.0371719516
190 7   0.0017098620   0.0073807373   0.0053288058  -0.0043636992   0.0426085168
190 8   0.0340580004   0.0196396075   0.0019320069  -0.0076502481  -0.0134696096
190 9  -0.0126091699  -0.0078805666   0.0178369640  -0.0008855377   0.0255483189
19010   0.0026825067  -0.0315992015   0.0108257181  -0.0069413302   0.0492122810
19011   0.0371986904  -0.0168427785   0.0411672171   0.0000942003  -0.0380842995
19012   0.0052701847  -0.0090822384   0.0014673925   0.0174956760  -0.0116293721
19013   0.0451088547   0.0124676591  -0.0079954385   0.0199631258  -0.0454760404
19014   0.0641616637  -0.0160442323  -0.0433410003   0.0369341200   0.0044124374
19015   0.0441011217   0.0211650712   0.0065457110  -0.0017962551  -0.0037340353
19016  -0.0176686016  -0.0328799350  -0.0110769773  -0.0076135383   0.0168616331
19017   0.0155313611  -0.0263628242   0.1107357493   0.1345499170  -0.1356005476
19018  -0.1393117463  -0.0627802495   0.1538198827   0.1345836187  -0.0902097132
19019  -0.1044068687  -0.0459880822  -0.0860770181   0.0588520739  -0.0216449955
19020   0.0205194517   0.0467768665  -0.0279790325  -0.0171154286   0.0053001141
19021  -0.0080625324   0.0124810199  -0.0198376027  -0.0233743623  -0.0062781898
19022   0.0212490790  -0.0178436637   0.0254912186  -0.0140758864   0.0189979181
19023   0.0388021839   0.0165880177  -0.0234137389  -0.0213146749  -0.0169584058
19024   0.0333163876   0.0170332381  -0.0122503738   0.0163827175  -0.0595736241
19025   0.0628982430  -0.0022165318   0.0432331248  -0.0135835721  -0.0093444274
19026   0.0192718266   0.0294785609   0.0231272609  -0.0476822781   0.0011862321
19027  -0.0108984680   0.0018358487  -0.0124528330  -0.0205257359   0.0142137486
19028   0.0255549272   0.2141215213   0.0023190894   0.0510338895   0.1817234789
19029   0.0795569000   0.0786760919   0.1210941577  -0.0288437589   0.0169147190
19030   0.2386884949   0.0584869987   0.0423290383   0.0643337619   0.1599392236
19031  -0.1829670472   0.0923773405  -0.1423530095  -0.0459951124   0.1052923150
19032   0.0213545063  -0.0124914189  -0.0329214948   0.0327082551   0.0222549271
19033   0.0051827228   0.0045941103  -0.0087076738   0.0024836121   0.0010175783
19034  -0.0109580047   0.0014366335  -0.0085579451  -0.0118457693   0.0046089741
19035   0.0005629499   0.0001213263  -0.0071173254  -0.0356314715   0.0126125169
19036  -0.0028226174  -0.0035888366  -0.0140939283  -0.0026170960  -0.0228032540
19037   0.0009178005  -0.0172060145   0.0032464604  -0.0016964440   0.0006619272
19038  -0.0041255908  -0.0218199913   0.0037226063   0.0373551348   0.0156880638
19039  -0.0267396769   0.0632396029   0.0108552912   0.0923056387   0.0495525051
19040  -0.1136042207  -0.0085734325  -0.0378657774   0.0801761371   0.0300358498
19041   0.0170379887   0.0038664638   0.0046207146   0.0581184693  -0.0764047699
19042   0.0726259297  -0.0172568003   0.0591001377   0.1100167990   0.0487351652
19043   0.0525549035   0.0017304888  -0.0635699986   0.0427747387   0.0299257121
19044  -0.0141269568  -0.1390128339   0.0147188448   0.0002900782  -0.0032044790
19045  -0.0066542998  -0.2433470377   0.0353168738   0.0077571336   0.0074763463
19046  -0.6703398057  -0.0020957743   0.6451335240   0.0000558995   0.0002529281
19047   0.0010917853   0.0186781213  -0.0015223184  -0.0000730141
191 1  -0.0328992604   0.0710839796   0.1269006610   0.1451153047  -0.0061918454
191 2   0.0630035100  -0.1311176325   0.0650507962  -0.0903390364   0.1051789077
191 3  -0.1244506359   0.0905329901  -0.0695631714  -0.1799334084   0.2505256256
191 4  -0.0691482423  -0.1414228850  -0.0241047092   0.0493890469   0.0560246043
191 5  -0.0879575372  -0.1336598733  -0.0473178753   0.1059559794  -0.0351069595
191 6   0.0161700260   0.0413431280   0.0083628261  -0.0589926038  -0.0154311193
191 7  -0.0071427199   0.0060138269  -0.0188974210  -0.0503535255   0.0663181295
191 8   0.0196670051   0.0304051344   0.0142730380   0.0223332113  -0.0149331019
191 9  -0.0418543883  -0.0164126822   0.0414509335  -0.0058107253   0.0522677402
19110  -0.0193080739  -0.0510584190   0.0235406799  -0.0024084458   0.0610081380
19111   0.0408211681  -0.0220714093   0.0323947468  -0.0006606012  -0.0312763283
19112  -0.0059061197  -0.0069437787  -0.0193916593   0.0272829384  -0.0011381714
19113   0.0670311216   0.0024343880  -0.0229824534   0.0199672564  -0.0594366642
19114   0.0815667730  -0.0289345891  -0.0610621664   0.0404091669   0.0059520094
19115   0.0542043867   0.0257000036   0.0061449316  -0.0036161054   0.0018374065
19116  -0.0172362227  -0.0324183746  -0.0104672449  -0.0054468850   0.0172502529
19117   0.0123866846  -0.0209632727   0.1029231079   0.1239037803  -0.1234043726
19118  -0.1303483367  -0.0633991799   0.1471477711   0.1147329203  -0.0791250059
19119  -0.1013401104  -0.0360600409  -0.0741323101   0.0624764703  -0.0087095831
19120   0.0088555340   0.0585775152  -0.0245727513  -0.0218352774  -0.0071311029
19121   0.0016682574   0.0156070893  -0.0187808252  -0.0177885663  -0.0005015804
19122   0.0076077654  -0.0064024600   0.0171511239  -0.0138721122   0.0128669562
19123   0.0265091284   0.0101558603  -0.0134957469  -0.0139038078  -0.0111680666
19124   0.0234885222   0.0095982371  -0.0083353372   0.0118388034  -0.0385928374
19125   0.0397022494   0.0010168751   0.0310133912  -0.0119771581  -0.0037005551
19126   0.0145582012   0.0225369610   0.0155077389  -0.0314407083  -0.0079540855
19127  -0.0026156331   0.0089296626  -0.0053012178  -0.0054004631   0.0129789751
19128   0.0176008715   0.1217340479   0.0007010108   0.0370956764  -0.0275325252
19129   0.0262898646   0.0419763290   0.0685441440  -0.0030179495   0.0001947330
19130   0.0772285608   0.0319681927   0.0161367059   0.0604925154   0.1089357437
19131  -0.1668860749   0.1924505533  -0.1238482928   0.0273408393   0.3027600367
19132   0.0811048313  -0.1177329098  -0.1910813026   0.2255295342   0.1309341888
19133   0.0029649825  -0.0082316880   0.1667069063  -0.0124824564  -0.0345805081
19134   0.1185918425  -0.0172931587   0.0096693044   0.0723852832  -0.0291204262
19135   0.0051029836   0.0009688978  -0.0436391328  -0.2371131791   0.0330327818
19136   0.1099736353  -0.5119163292  -0.2505889311   0.0045635905   0.0195227839
19137   0.0018790356   0.0039219925  -0.1100157486   0.0676675205  -0.0275623690
19138  -0.4498319675  -0.0264487786   0.0127484462   0.2055017446   0.0001210690
19139  -0.0332411611   0.0827017678   0.0231855544   0.1745443308   0.1120310030
19140  -0.4265158881  -0.0444452970  -0.1062091712   0.1101856026   0.0567192277
19141   0.0780998459   0.0176399144  -0.0327936843   0.1388742720  -0.2306133234
19142   0.2243877479  -0.0402494340   0.2065856853   0.4240551970   0.1694765596
19143   0.2707806979   0.0402087804  -0.2798345517   0.1824263467   0.0975449675
19144  -0.0345017834   0.0342805734  -0.0048148874  -0.0000926376   0.0007858786
19145   0.0015522372   0.0572594358  -0.0082916138  -0.0023045132  -0.0017668907
19146   0.1581998900   0.0005105508  -0.1554104987  -0.0000079663  -0.0000516295
19147  -0.0000015343  -0.0025878166   0.0007405712   0.0000165264
192 1  -0.0013808651  -0.0282855118  -0.0862155909   0.0521995095  -0.0154513271
192 2  -0.1323767705  -0.0118190632   0.0925117121   0.1461840311  -0.0572845821
192 3   0.0643478956   0.0188446499   0.0071781668   0.0418096237  -0.0257342973
192 4   0.0805717946  -0.0043493877   0.1329761915  -0.0656665183  -0.1278953213
192 5  -0.0505892333  -0.1182094607  -0.0104437950   0.1005110721   0.0397776047
192 6   0.0483954452  -0.0570869389   0.2423898709  -0.3048591860   0.1408318619
192 7   0.0329873540   0.0348302397   0.0369016977  -0.0148269106   0.0706419615
192 8  -0.1682615239  -0.0845549473   0.0378929495  -0.1376152274  -0.0573830233
192 9   0.0291301040   0.1597618994  -0.1495097707  -0.1484257139   0.1230467271
19210   0.3446082464   0.1345916506  -0.2187508356  -0.4102475220   0.4282570949
19211   0.3183719442   0.2232124689   0.1562048332   0.1060737982   0.1259044606
19212   0.2421737584  -0.1441787449   0.1023725709   0.0652288873   0.0135526591
19213   0.0788094857   0.2580427942   0.1063005426   0.2996506771   0.1540699128
19214   0.0546007892   0.0159224592   0.0953020970   0.1422758714  -0.3158762502
19215  -0.1110193755   0.1905503422  -0.0363465553  -0.2070881446  -0.2302748435
19216  -0.1360487531  -0.3168435460   0.2084089531  -0.3169592622   0.2516429856
19217  -0.1334736975  -0.2392270741   0.4092561693   0.1402981209  -0.1564216483
19218  -0.1920675348   0.1725387028   0.0315075369   0.1959330804  -0.2092523077
19219  -0.0444150228   0.0504812011  -0.0965739243  -0.3271979012   0.0453123455
19220   0.0186327115  -0.3228118102   0.2891606675   0.3075263116   0.3143593093
19221  -0.1130412049  -0.0273568947  -0.1243524759   0.0220102828   0.0077872837
19222   0.1008300610  -0.0913353463  -0.0201344767  -0.0778321369   0.0102799618
19223  -0.0421644444   0.1337579648   0.0014070841  -0.0358079023   0.0075725636
19224   0.0054727522   0.0155342124  -0.0929209302   0.0854195289  -0.1802729689
19225   0.1993083118   0.0879887537   0.2842189377  -0.0490054967   0.2107064839
19226   0.3509912754   0.4073928873   0.3290519126  -0.2104796336  -0.1495684106
19227   0.0825026272   0.3226468788   0.1602108407   0.2255038978   0.2038324448
19228   0.0390031307  -0.0880684797  -0.0562983534   0.2511238633  -0.1210839189
19229   0.2676370621  -0.1864854617   0.3205795165   0.1971825535   0.1081861578
19230   0.0443540880  -0.1304231737  -0.0471435480  -0.0160333915   0.0489009943
19231  -0.0213951616  -0.0091560473   0.0226178958   0.0119711965  -0.0179866687
19232  -0.0351113255  -0.0025627585   0.0168892681  -0.0128691327  -0.0085518512
19233   0.0097270187   0.0094434311  -0.0129664492   0.0074192857  -0.0067366895
19234   0.0027564722  -0.0018506657  -0.0549833927  -0.0009305531  -0.0020196699
19235   0.0012155885  -0.0003557522   0.0029089931   0.0203226431   0.0004168968
19236  -0.0068275212   0.0267864206   0.0086304867  -0.0306925443  -0.2476663928
19237   0.0057914720  -0.2008051990   0.0004454218   0.0001787524   0.0019321632
19238   0.0339679574   0.0029438716  -0.0012892756  -0.0168892301   0.0026469963
19239   0.0059931853  -0.0248725163   0.0278373175  -0.0455777841  -0.0709159708
19240   0.1494927275   0.0135155773   0.0853819766   0.5908871770   0.1674518446
19241  -0.0228750890  -0.0240868576   0.2746471832   0.0889913530  -0.0141895574
19242   0.0143322853   0.0157297906  -0.0272102443  -0.0339585371  -0.0110876287
19243  -0.0376789197  -0.0022146194   0.0343687009  -0.0236029714  -0.0166490346
19244   0.0075002692   0.0231973174  -0.0027699803  -0.0001004493   0.0003504107
19245   0.0001725538   0.0073035598  -0.0009174793   0.0001891717  -0.0006309179
19246   0.0559695078   0.0001724980  -0.0538272441  -0.0000086130  -0.0000197493
19247  -0.0001139788  -0.0015987414   0.0001002116   0.0000042985
193 1   0.1316383521   0.1724038671  -0.0313966703   0.1588514052  -0.0678698426
193 2  -0.0379860958   0.0364221160   0.1366273023   0.0251880179   0.0014879559
193 3  -0.1344276259   0.1071966939   0.0271925272  -0.0316871809   0.0600016957
193 4  -0.0180037920  -0.0524305658   0.0384959635  -0.0108681643   0.0067651917
193 5  -0.0136467354  -0.0472191718   0.0283073801   0.1078701992  -0.0033230869
193 6  -0.0210134591   0.0258623202   0.0355074963  -0.0925229901  -0.0074080386
193 7   0.0188175146  -0.0039316914  -0.0172732044  -0.0040650861   0.0422791872
193 8  -0.0209203051   0.0163453396  -0.0085130514  -0.0432767881  -0.0381974133
193 9  -0.0181175140   0.0250890717  -0.0060222371  -0.0139468363   0.0486006139
19310   0.1030023837  -0.0048606896  -0.0273234995  -0.0990646479   0.1663054195
19311   0.1556049837  -0.0276116706   0.1149468174   0.0271286621  -0.0500098540
19312   0.0728213326  -0.0467401838  -0.0084153039   0.0307794877  -0.0365234810
19313   0.1083311174   0.0789818204   0.0071571682   0.0897963405  -0.0544948556
19314   0.1202002792  -0.0313307879  -0.0509959849   0.0919967860  -0.0596329026
19315   0.0256110781   0.0851327272   0.0077674124  -0.0371289273  -0.0524932505
19316  -0.0942763521  -0.0939101377   0.0193492221  -0.1054609735   0.1145385186
19317   0.0111818555  -0.0947848985   0.2517814171   0.1760726917  -0.1922349699
19318  -0.2007923761  -0.0117508037   0.1624643708   0.1864872338  -0.1690036204
19319  -0.1140542881  -0.0114783201  -0.1340039072  -0.0562754368  -0.0087668650
19320   0.0186290554  -0.0736636239   0.0954964571   0.0984919839   0.1222604080
19321  -0.0302526420  -0.0054183294  -0.0559933542  -0.0772040039  -0.0017369669
19322   0.0085869906  -0.0013674274   0.0062000342  -0.0457395544  -0.0204199553
19323  -0.0180840168   0.0854734735   0.0172288097  -0.0671882968  -0.0358332288
19324   0.0358672934   0.0549634664  -0.0118436776   0.0109187227  -0.0906373661
19325   0.1107578030   0.0817304832   0.2064863413  -0.0698286649   0.1925224446
19326   0.2884358259   0.3486761778   0.2972200263  -0.1502510980  -0.1276487363
19327   0.0826067959   0.2582923931   0.0896731262   0.1416067619   0.1540440093
19328   0.0754744588   0.2075654640  -0.0487382568   0.2551592272   0.1357555513
19329   0.2569073890   0.0080255083   0.3307334339   0.0691982323   0.0682440499
19330   0.3198191542   0.0018398714   0.0329556839   0.0751237748   0.2363813389
19331  -0.2564951983   0.1307968359  -0.1946321008  -0.0599013464   0.1711261321
19332   0.0246966825  -0.0346805172  -0.0610835017   0.0618472086   0.0407810420
19333   0.0054863495   0.0029489241   0.0148489591   0.0009424222  -0.0015521430
19334  -0.0013427074   0.0002097488  -0.0088163709  -0.0290374446   0.0188097142
19335   0.0067985098   0.0002007093  -0.0331715827  -0.1796536603   0.0178170759
19336   0.0424294556  -0.1977397912  -0.0956269288   0.0049506150   0.0355200654
19337  -0.0005225953   0.0399994635  -0.0393169548   0.0246752976  -0.0130728318
19338  -0.1944937819   0.0415935358   0.0030592472   0.1584492460  -0.0765137041
19339   0.0338265357  -0.1246691418  -0.0897993466  -0.1930972531  -0.0185377855
19340   0.0811240248   0.0019567251   0.0076788731  -0.4042582146  -0.1111140967
19341   0.0629141415   0.0065475999  -0.0074174363  -0.2429605734   0.2247827484
19342  -0.1617013462   0.0258923477  -0.1315592140  -0.2655810347  -0.1078568727
19343  -0.0699924230  -0.0196115808   0.0759584464  -0.0370754741  -0.0109037960
19344   0.0001523879   0.0786964981  -0.0081780624   0.0002366958   0.0038516016
19345   0.0132963197   0.4826575524  -0.0716949376  -0.0326976723   0.0009531666
19346  -0.0894914136  -0.0001945807   0.0837554128   0.0000600346   0.0001098048
19347   0.0010678350   0.0132650878  -0.0002668689   0.0000839594
194 1  -0.0619782328   0.0631328869   0.1533161010   0.1006356901  -0.0117564444
194 2   0.0867891913  -0.1368861883   0.0536038734  -0.0954614716   0.0721550140
194 3  -0.1220067509   0.0975549041  -0.0414568322  -0.1491554049   0.2176634750
194 4  -0.0658430236  -0.1084088399  -0.0568218560   0.0153468096   0.0554492355
194 5  -0.0611628853  -0.0932386120  -0.0081442001   0.1067515656  -0.0745298044
194 6  -0.0117331675   0.0161731874  -0.0649262547   0.0052933330  -0.0076465915
194 7  -0.0005786022  -0.0061862660  -0.0460807685  -0.0235304849   0.0017186470
194 8  -0.0006204474   0.0351506797  -0.0074672939   0.0255828768  -0.0202117565
194 9  -0.0193270654  -0.0078003635   0.0346632284  -0.0156801066  -0.0172321739
19410  -0.0222046899   0.0072595163   0.0087729426  -0.0069657115   0.0117888608
19411   0.0486515720  -0.0780571973   0.0353059392   0.0078170903  -0.0259780240
19412   0.0050758933   0.0195859297  -0.0849258119  -0.0016114401  -0.0432376306
19413   0.0376590093  -0.0447159317  -0.0488479138  -0.0302930418  -0.0992377589
19414   0.0653847611  -0.0319142576  -0.0711525941   0.0001865300   0.0910572155
19415   0.0396674937  -0.0154180333   0.0211527560   0.0660096199   0.0732116090
19416  -0.0180245885   0.1035009234  -0.0863955794   0.0677132306  -0.0278522365
19417   0.0493353330   0.0825916187  -0.0525327333  -0.0208959522   0.0188172130
19418   0.0190165339  -0.0622995092  -0.0034493341  -0.0556245050   0.0330715706
19419  -0.0076930365   0.0075851802  -0.0367684967   0.0990057461   0.0059599499
19420  -0.0033467933   0.0919814785  -0.0397638331  -0.0673930103  -0.0515193099
19421   0.0677114241   0.0279851245   0.0003949953  -0.0859485160  -0.0143588099
19422  -0.0897864754   0.1013333677  -0.0130678278   0.0125540131  -0.0557160101
19423  -0.0559478868  -0.0025187641   0.0507590002  -0.0241895462  -0.0311893418
19424  -0.0107168690   0.0327965730   0.0785049601  -0.0816656645   0.1191753503
19425  -0.1103456110   0.0453748761  -0.0313132582  -0.0158863709   0.0899227923
19426   0.0590895700   0.0707963898   0.0792668207   0.0532726590  -0.0434497861
19427   0.0584714840   0.0615173034   0.0023905919   0.0282371309   0.0059801590
19428   0.0201046633  -0.0272093342  -0.0302862169   0.0416303151  -0.0245110921
19429  -0.0550091067   0.0214705591  -0.1748989850  -0.1018021304   0.0124511040
19430  -0.2080216451  -0.0162416730   0.0298398348  -0.0630335367  -0.1410526704
19431   0.0793702540   0.0420187889   0.1832925627   0.1581968223  -0.0040900493
19432   0.0589106676  -0.0137160244  -0.0747501946   0.0878277846   0.0419792312
19433   0.0248864369   0.0205903312   0.0908411113  -0.0039156795  -0.0331373402
19434   0.1011184243  -0.0159349206   0.0124542296   0.1566356162  -0.0937169257
19435  -0.0165955985  -0.0000578007   0.0688525467   0.3604297852  -0.0374360961
19436  -0.0368659590   0.1987315518   0.1164332671   0.0560799557   0.4576084121
19437  -0.0116846333   0.3585307568   0.0434922854  -0.0290417453   0.0108401309
19438   0.1632215205  -0.0378876420  -0.0050457376  -0.1738961207   0.0652319071
19439  -0.0215562332   0.1023579994   0.0005115467   0.1620750733   0.1287887320
19440  -0.3279693513  -0.0316294966  -0.1010394368   0.2547626965   0.1161066159
19441   0.1885814861   0.0071932435   0.3153341637  -0.1016529031   0.0722505167
19442   0.0365923696  -0.0504711807   0.0023633901  -0.0863620455   0.0017533320
19443  -0.0409925921  -0.0709982050  -0.0533766000   0.0532609881   0.0577252036
19444  -0.0346400287   0.0783249421  -0.0103752660   0.0000372767   0.0034801492
19445   0.0115352186   0.4218388088  -0.0625751671  -0.0288908968   0.0008913994
19446  -0.0854535115  -0.0001776118   0.0769367526   0.0000294834   0.0000826521
19447   0.0003765591   0.0083758986  -0.0004416037   0.0000755300
195 1   0.0043049824  -0.0762403555  -0.1404196140   0.0349182905   0.0129901828
195 2  -0.1172771242  -0.0052238741   0.0758641199   0.1303162222  -0.0470948811
195 3   0.1018945340   0.0018388339   0.0312197318   0.0745838184  -0.0367212242
195 4   0.0557260440   0.0028635955   0.0850825168   0.0401363091  -0.1158089436
195 5  -0.0773253387  -0.0710705248  -0.1231747947  -0.0245137460   0.0506335088
195 6   0.0577264664   0.0077049010   0.2011518538  -0.1954475492   0.0672494275
195 7  -0.0089932154   0.0657821235   0.0975815452  -0.0271401632   0.0968531640
195 8  -0.0322442977  -0.0772185672   0.0683255702  -0.0544833577   0.0018224956
195 9   0.0324320113   0.0766146265  -0.0872132167  -0.1109543370   0.0962427431
19510   0.1065264259   0.0457544740  -0.1203699573  -0.1894502737   0.1724887598
19511   0.0402860793   0.2635119834  -0.0164186808   0.0409664806   0.1456176855
19512   0.0803617673  -0.0667288358   0.1455938030   0.0431737584   0.0874142772
19513  -0.0522011749   0.1176933550   0.0762195664   0.1517967327   0.1827836865
19514  -0.0650552816   0.0509540323   0.1144015365   0.0303913555  -0.1965648666
19515  -0.0579668357   0.0573023424  -0.0434790945  -0.1523071247  -0.1430808282
19516   0.0442646425  -0.2232948375   0.1650328320  -0.1150829835   0.0374776163
19517  -0.1392371219  -0.1161917395   0.1334331636   0.0909764650  -0.0722943808
19518  -0.1013663773   0.0514442549   0.0650043493   0.1316070072  -0.0630134577
19519  -0.0528480548  -0.0431837390   0.0039345631  -0.0697500869   0.0107474245
19520   0.0249687893  -0.0501633126   0.0026877273   0.0510381760   0.0505052276
19521  -0.0850157837   0.0073321567  -0.0449509021   0.1742634528   0.0019080563
19522   0.1693786825  -0.1740980260   0.0394988704  -0.0142628829   0.1344013321
19523   0.1282057888  -0.0231642220  -0.1226431170   0.0737292943   0.0579366240
19524   0.0147829784  -0.0817906045  -0.1301981831   0.1381131017  -0.1764768897
19525   0.1517825535  -0.1265362118  -0.0663108441   0.0817528203  -0.2959527537
19526  -0.2937926609  -0.3541925569  -0.3350418618  -0.0054547599   0.1645836904
19527  -0.1604762823  -0.2957518291  -0.0794262665  -0.1677696762  -0.1223718612
19528  -0.0785657103  -0.0203246409   0.0792105154  -0.2383574319  -0.0147676247
19529  -0.1182581829  -0.0252200047  -0.0839084039  -0.0032800763  -0.0078328072
19530  -0.0346550297   0.0478342897  -0.0403280922   0.0247257141  -0.0322154358
19531   0.0611604299  -0.0165285444   0.0103796487  -0.0089277117  -0.0168342528
19532  -0.0222508547  -0.0066586785   0.0214992277  -0.0131802158  -0.0080364140
19533  -0.0151322202  -0.0148872273  -0.0117681815  -0.0015311231   0.0044491952
19534  -0.0087013609   0.0017516639   0.0040873287  -0.0058308901   0.0012296410
19535   0.0012123742  -0.0001067743   0.0025331679   0.0175283832  -0.0004126516
19536  -0.0097809249   0.0402680735   0.0155676215  -0.0247651201  -0.1981709986
19537   0.0046321438  -0.1612250318   0.0067116067  -0.0039989002   0.0055405400
19538   0.0840188028  -0.0177127016  -0.0018976332  -0.1003765643   0.0431971206
19539  -0.0084276755   0.0305093182   0.0947085898   0.0491747917  -0.0927790567
19540   0.1742112348   0.0210601507   0.0657210410   0.0918805068  -0.0090898270
19541  -0.1832450938  -0.0100667326  -0.2199156024   0.2413204959  -0.1992698530
19542   0.0758215418   0.0090662058   0.0904220065   0.2218541874   0.0656041019
19543   0.0485737049   0.0525922330  -0.0026876295  -0.0238860402  -0.0522500969
19544   0.0360924957   0.1483674538  -0.0152607898   0.0004521175   0.0054478211
19545   0.0188816267   0.6783096448  -0.1008447096  -0.0468013698   0.0015624645
19546  -0.1414757011  -0.0003136209   0.1294622717   0.0001128836   0.0001416066
19547   0.0008845044   0.0140316527  -0.0005239206   0.0001035182
196 1   0.1343760731   0.1280391374  -0.0740532983   0.1372428852  -0.0385696003
196 2  -0.0131335231   0.0401474656   0.1171794272   0.0057843446   0.0101212018
196 3  -0.1046891925   0.0906765676   0.0521233933  -0.0001578296   0.0509076018
196 4  -0.0442964399  -0.0456541130  -0.0248033134   0.0912869069   0.0211264779
196 5  -0.0386933191   0.0098141317  -0.0751537163  -0.0166787424  -0.0056804498
196 6  -0.0220724834   0.0899935031  -0.0346292327   0.0434237000  -0.0841352651
196 7  -0.0251393145   0.0225326719   0.0336500675  -0.0100198595   0.0524407003
196 8   0.1174470981   0.0302272421   0.0154856754   0.0482755864   0.0204472728
196 9  -0.0097681858  -0.0610507890   0.0597101236   0.0231936327  -0.0016105818
19610  -0.1495756400  -0.0814182127   0.0701927841   0.1327320296  -0.1164139592
19611  -0.1300827877  -0.0084121484  -0.0592974590  -0.0376606517  -0.0317221768
19612  -0.0944257646   0.0466233790   0.0128677354   0.0000259866   0.0238979416
19613  -0.0353054400  -0.0852960934  -0.0356315466  -0.0822874052  -0.0448447302
19614  -0.0001782871  -0.0003053690  -0.0428040793  -0.0342612043   0.1015509303
19615   0.0851291489  -0.0676457858   0.0089194287   0.0499813287   0.0634075096
19616   0.0928914674   0.0494407208  -0.0572433969   0.1334137991  -0.1214525980
19617   0.0249523630   0.0681417615  -0.0720294242   0.1012456958  -0.0834657798
19618  -0.0784126768  -0.1486436837   0.1724881732   0.0875837068   0.0049605322
19619  -0.1125880399  -0.1047198742  -0.0295117729   0.2370399549  -0.0438399226
19620   0.0249433123   0.2312891561  -0.2123189553  -0.1862560626  -0.1678744356
19621   0.0213701536   0.0399105696   0.0329059396   0.0514106876  -0.0118633641
19622   0.0435523048  -0.0493276422   0.0579797174   0.0318164777   0.0800183611
19623   0.1288507977  -0.0848051341  -0.0878595906   0.0405948992   0.0084812206
19624   0.0362133982  -0.0357829012  -0.0185257038   0.0312740165  -0.0307854897
19625   0.0092757006  -0.1245910268  -0.1829252780   0.0640573097  -0.3059071216
19626  -0.3683965487  -0.4294639589  -0.3734352196   0.0860046427   0.1900451975
19627  -0.1525326398  -0.3725868844  -0.1622985875  -0.2617791517  -0.1845199730
19628  -0.0423627888   0.2753224165   0.0800147710  -0.2379587213   0.2611340066
19629  -0.1629719285   0.2076483354  -0.1394859136  -0.1761662626  -0.0667240408
19630   0.2152069638   0.1735706759   0.0719768087   0.0904667952   0.1370296567
19631  -0.1767895412   0.1142113784  -0.1924070073  -0.0743905060   0.1556798140
19632   0.0535381420  -0.0200539294  -0.0625665252   0.0530739592   0.0370221253
19633   0.0002918419  -0.0006427648   0.0199336978  -0.0005274214  -0.0017024460
19634  -0.0058913941   0.0011923469   0.0132081572  -0.0374001373   0.0254514267
19635   0.0046934758   0.0005839724  -0.0361026971  -0.1945567640   0.0184546570
19636   0.0442370105  -0.2064204060  -0.1003820711  -0.0020604075  -0.0271942404
19637   0.0015367717  -0.0364634488  -0.0444583914   0.0278330266  -0.0148195299
19638  -0.2133764763   0.0485808668   0.0021691977   0.1872956441  -0.0855717141
19639   0.0383188662  -0.1459412237  -0.0774771862  -0.2308896765  -0.0618648755
19640   0.1745851339   0.0092143814   0.0812212450   0.3136762357   0.1031161044
19641   0.0839056730  -0.0177148155   0.3577158729  -0.1686052585   0.2183824186
19642  -0.1315654963   0.0359911023  -0.1570553922  -0.3007315787  -0.1152639999
19643  -0.0950509433  -0.0272821852   0.0918108714  -0.0436611908  -0.0104387948
19644  -0.0011126745   0.3255254794  -0.0446857196  -0.0018163974   0.0035896303
19645  -0.0025729481  -0.0735019260   0.0132230207   0.0028524757  -0.0000510807
19646  -0.0104819440   0.0000050652   0.0111336098  -0.0001919968   0.0000324839
19647   0.0003083952   0.0033518163  -0.0002182520  -0.0000074091
197 1  -0.0516411708   0.0149291631   0.0765120560   0.0973803824   0.0022028699
197 2   0.0344908373  -0.1115571875   0.0557554828  -0.0833082958   0.0750692376
197 3  -0.0653737576   0.0872980056  -0.0318849904  -0.1165283758   0.1806500177
197 4  -0.0585550367  -0.0959288017   0.0058672264   0.0702912092   0.0454076100
197 5  -0.0848281332  -0.1229346121  -0.1016497546   0.0388664503   0.0016730543
197 6   0.0446945805   0.0389411173   0.0840916972  -0.1076371176  -0.0099800888
197 7  -0.0032230183   0.0337148915   0.0426632372  -0.0554572201   0.0908059159
197 8   0.0225141248  -0.0056689621   0.0390383931   0.0105423176   0.0040461469
197 9  -0.0467124130  -0.0095451572   0.0117046386   0.0054209927   0.0979965463
19710  -0.0037018309  -0.0775334244   0.0330964829   0.0081205033   0.0595705427
19711  -0.0244074479   0.0842238633  -0.0243766011  -0.0230584453   0.0162482784
19712  -0.0307187130  -0.0343264291   0.0849130224   0.0490163937   0.0594617771
19713   0.0316534173   0.0558671848   0.0368567478   0.0660141558   0.0574387663
19714  -0.0082633204   0.0127774133   0.0265154578   0.0365705197  -0.1080989519
19715  -0.0007888419   0.0359977174  -0.0218576031  -0.0849998364  -0.0670391754
19716   0.0110401657  -0.1502814121   0.0962132256  -0.0822079112   0.0383202067
19717  -0.0601946049  -0.1059794204   0.1250295700   0.1100800486  -0.0969681400
19718  -0.1114150427   0.0090719697   0.1101548934   0.1256455222  -0.0750200219
19719  -0.0608928306  -0.0308450022  -0.0086640426  -0.0456423604  -0.0038473964
19720   0.0049522537  -0.0319916685   0.0117593813   0.0405050999   0.0306170728
19721  -0.0630065075  -0.0123232807  -0.0154246308   0.0969947890   0.0142165162
19722   0.1067886260  -0.1149019946   0.0310368078  -0.0265644922   0.0881115069
19723   0.0933777698   0.0074640642  -0.0763422312   0.0322476922   0.0302388534
19724   0.0199989088  -0.0408913544  -0.0944679596   0.0988948533  -0.1489461589
19725   0.1369047361  -0.0644150831   0.0347169577   0.0296895731  -0.1235128557
19726  -0.0914280332  -0.1076808881  -0.1157350861  -0.0419033991   0.0468960205
19727  -0.0656480316  -0.0800687929  -0.0077249922  -0.0338564017  -0.0246603213
19728  -0.0349295710  -0.0763448133   0.0268534349  -0.0570299080  -0.1173913458
19729   0.0264827581  -0.1704473177   0.0366407495   0.1155256409   0.1226537648
19730  -0.1489155801  -0.0554898103  -0.1249100905   0.0114654214  -0.0826679000
19731   0.1207969830   0.0509617384   0.1645944521   0.1381151213   0.0256280827
19732  -0.0518965503  -0.0865076870  -0.0274642964   0.0804791993   0.0369353109
19733  -0.0342709897  -0.0430889497   0.0746600607  -0.0174800771  -0.0133123525
19734   0.1015653510  -0.0144002916  -0.0051630319   0.1339637487  -0.0812637771
19735  -0.0040762124   0.0006827959   0.0543079135   0.2918587239  -0.0242279295
19736  -0.0254276684   0.1326799595   0.0716760346  -0.0623141352  -0.5096190325
19737   0.0105558067  -0.4000663484   0.0210076030  -0.0137452288   0.0071389124
19738   0.1351185350  -0.0148241764  -0.0074765663  -0.1074549217   0.0364955804
19739  -0.0132587191   0.0915416529  -0.0400526031   0.1541230941   0.1865518426
19740  -0.4414291971  -0.0448708708  -0.1638106405  -0.2471193707  -0.0232401759
19741   0.2312498872   0.0270243843   0.1329363030  -0.2214345498   0.1269655951
19742   0.0046644557  -0.0597924807  -0.0041590125  -0.1178851002  -0.0106976375
19743  -0.0201422447  -0.0772950514  -0.0674918401   0.0715221738   0.0876120005
19744  -0.0523888938   0.3211388087  -0.0451583824  -0.0018976430   0.0034303296
19745  -0.0024329165  -0.0655661770   0.0118788111   0.0012829090   0.0000220794
19746  -0.0179720283   0.0000059069   0.0166206674  -0.0002089631   0.0000301650
19747  -0.0002892175  -0.0001728372  -0.0004396256   0.0000035510
198 1   0.0033069447  -0.0690525609  -0.1295575422   0.0372484907   0.0089565637
198 2  -0.1159047984  -0.0074971366   0.0776881162   0.1313882012  -0.0481937762
198 3   0.0943468150   0.0036682040   0.0278280052   0.0687860034  -0.0334849593
198 4   0.0576438065   0.0016129415   0.0871634613   0.0259035792  -0.1162564489
198 5  -0.0725373602  -0.0756510198  -0.1049078791  -0.0062798151   0.0445040190
198 6   0.0537726969  -0.0003916571   0.1976552044  -0.2022806064   0.0749662208
198 7  -0.0037676074   0.0598003968   0.0869629231  -0.0242801327   0.0889237604
198 8  -0.0492215332  -0.0756442818   0.0617480770  -0.0626407895  -0.0068788533
198 9   0.0326463294   0.0863162462  -0.0928394451  -0.1157692049   0.0925786329
19810   0.1328397426   0.0602582585  -0.1318673557  -0.2158466904   0.1991751072
19811   0.0768363732   0.2496559758   0.0076119732   0.0503798879   0.1395543277
19812   0.1009511759  -0.0725434528   0.1305674578   0.0419408993   0.0733772448
19813  -0.0357109006   0.1268773655   0.0743038282   0.1627531121   0.1696628180
19814  -0.0466053893   0.0434788841   0.1052546286   0.0417268347  -0.1976007833
19815  -0.0615168479   0.0698575020  -0.0406665139  -0.1501880941  -0.1440822462
19816   0.0222417897  -0.2192537348   0.1586538038  -0.1292472522   0.0572134816
19817  -0.1334212783  -0.1185107648   0.1545866666   0.0888489301  -0.0745864949
19818  -0.1030421828   0.0610790731   0.0537472109   0.1276038832  -0.0723393189
19819  -0.0482139902  -0.0298140643  -0.0087679792  -0.0901939198   0.0161435412
19820   0.0237115022  -0.0732586196   0.0325779571   0.0743594902   0.0763379083
19821  -0.0805678944   0.0068047535  -0.0538559160   0.1461758920   0.0000745341
19822   0.1505859049  -0.1520836118   0.0300651410  -0.0191888877   0.1124663217
19823   0.0993660202  -0.0062465865  -0.1013304206   0.0578790361   0.0488582006
19824   0.0108210634  -0.0666895863  -0.1165264626   0.1222781562  -0.1623817965
19825   0.1442265749  -0.0958231502  -0.0290162029   0.0655881227  -0.2251849207
19826  -0.2095972291  -0.2550665154  -0.2464921963  -0.0242552853   0.1228994814
19827  -0.1240895728  -0.2154156510  -0.0500037975  -0.1184976917  -0.0826234269
19828  -0.0621893585  -0.0248626409   0.0601926218  -0.1758346763  -0.0230812003
19829  -0.0784662836  -0.0327964968  -0.0468282133   0.0095494053  -0.0025522800
19830  -0.0250715022   0.0302292266  -0.0332511865   0.0181458175  -0.0218747182
19831   0.0457009325  -0.0162935863   0.0013215941  -0.0139754212  -0.0113892790
19832  -0.0171155953  -0.0043260038   0.0156579762  -0.0154510428  -0.0078734596
19833  -0.0104412574  -0.0105507873  -0.0033882314  -0.0009619109   0.0026174675
19834  -0.0057850762   0.0009951217   0.0018940832  -0.0171529626   0.0125425751
19835   0.0024160426   0.0003133525  -0.0082980448  -0.0447464558   0.0036244153
19836   0.0090763468  -0.0422810784  -0.0214120449  -0.0129536112  -0.1092164647
19837   0.0026565352  -0.0894654644  -0.0101730820   0.0066021908  -0.0048451157
19838  -0.0668091233   0.0191617528   0.0009868689   0.0922417761  -0.0385169082
19839   0.0083272193  -0.0253038760  -0.0691434956  -0.0377202190   0.0665686075
19840  -0.1308395503  -0.0160953037  -0.0438814136   0.0079398359   0.0297572092
19841   0.1385229357   0.0058923568   0.1913773800  -0.1636096931   0.1343490943
19842  -0.0418408717  -0.0066194330  -0.0600502800  -0.1458802760  -0.0394944685
19843  -0.0271803919  -0.0390265479  -0.0103332510   0.0273812008   0.0485195001
19844  -0.0321164979  -0.8434303092   0.1166511354   0.0045033455  -0.0094284629
19845   0.0055039365   0.1547291603  -0.0289268324  -0.0064245961  -0.0001747552
19846   0.0519717000   0.0000358299  -0.0481431347   0.0005015130  -0.0000616505
19847   0.0001538279  -0.0015445659   0.0007096632   0.0000442796
199 1   0.1201449569   0.1396352202  -0.0436970499   0.1256383630  -0.0521326098
199 2  -0.0236866644   0.0399892483   0.1224465946   0.0146977724  -0.0051637925
199 3  -0.1125044536   0.0992871086   0.0490854411  -0.0024447020   0.0370953374
199 4  -0.0263962188  -0.0350466973   0.0028036983   0.0320718758   0.0149056369
199 5  -0.0219882258  -0.0089514021  -0.0176036037   0.0353759889  -0.0113533034
199 6  -0.0256614102   0.0448347922  -0.0074310058  -0.0203697114  -0.0347211423
199 7   0.0044313465   0.0078008719   0.0101478040   0.0014301406   0.0267606982
199 8   0.0302412350   0.0194785278   0.0005439654  -0.0074567831  -0.0060680831
199 9  -0.0036525800  -0.0076597224   0.0082345419   0.0057552781   0.0080558566
19910  -0.0007550747  -0.0173186202   0.0151916635   0.0071374652   0.0136148344
19911   0.0095615647  -0.0107657381   0.0182054966  -0.0100236252  -0.0214183960
19912  -0.0098317170   0.0006886590   0.0039931196   0.0116615922  -0.0094498108
19913   0.0192851161  -0.0008111945  -0.0034227196   0.0052239759  -0.0302896286
19914   0.0255804202  -0.0062030488  -0.0235414229   0.0143355859   0.0163642305
19915   0.0233456971  -0.0032155202   0.0051405580   0.0127259761   0.0147225400
19916  -0.0048961010  -0.0018551355  -0.0155373394   0.0098318084  -0.0020121634
19917   0.0169346324   0.0004030556   0.0343903596   0.0619622005  -0.0596520897
19918  -0.0589734165  -0.0431533115   0.0699063774   0.0542758597  -0.0319619399
19919  -0.0492024911  -0.0252259634  -0.0417617157   0.0477028011  -0.0120630537
19920   0.0115693108   0.0397186351  -0.0253295372  -0.0235975456  -0.0117520994
19921   0.0054497339   0.0118726892   0.0005339019  -0.0161538875  -0.0034227911
19922  -0.0050048846   0.0045314768   0.0079006434  -0.0012336397   0.0007108823
19923   0.0077994186   0.0031566146  -0.0036295805  -0.0044447987  -0.0079477063
19924   0.0060266162   0.0074014974   0.0079279776  -0.0088286429   0.0047946164
19925  -0.0021182383  -0.0011734474  -0.0023095345   0.0003686017   0.0014289426
19926   0.0010278032  -0.0007717824   0.0037029470   0.0095983576   0.0001065901
19927   0.0069868735  -0.0016766633  -0.0043309318  -0.0059899560  -0.0085656181
19928  -0.0028285485  -0.0247442411  -0.0129953979   0.0244559658   0.0279558745
19929   0.0187079640  -0.0914239358  -0.0789584429   0.0067416223   0.0667249390
19930  -0.0877734280  -0.0559564809   0.0048297215  -0.0372237872   0.0140191289
19931   0.0036668329  -0.1054997316  -0.1878935633  -0.2534620910   0.0737708010
19932   0.0293881003   0.0238708035  -0.0336757291  -0.0678278569  -0.0059000540
19933   0.0200357205   0.0147112881   0.3218236239  -0.0103216044  -0.0459119731
19934   0.1511767575  -0.0243960064  -0.0179437856  -0.0636040882   0.0560554111
19935   0.0170878828   0.0002878387  -0.0596810279  -0.3135534090  -0.3692692595
19936   0.1288767254  -0.0671471973   0.3513311859  -0.0041709493   0.0003967832
19937  -0.0100066414   0.0071842972   0.0509173020  -0.0320374990  -0.0069833981
19938   0.2109020232   0.5508158186  -0.0805125502  -0.5179990833  -0.4333689459
19939   0.3948038199  -0.3879784040  -0.3257085192  -0.2530810419   0.1406547330
19940  -0.0687271016   0.0048415683  -0.1215218388  -0.0008954811   0.0334188270
19941   0.0991248729   0.0095118775   0.0274635813  -0.0139385641  -0.0540295924
19942   0.0729306020  -0.0656453752   0.1154529755   0.3225660933   0.2070509930
19943  -0.3246153951  -0.0703319693   0.2168265451  -0.2351177732  -0.3829947029
19944   0.2282159711   0.0024788328   0.0005406204  -0.0000397962   0.0000841117
19945  -0.0000275506   0.0021072301  -0.0002847363   0.0000590192   0.0000008157
19946  -0.0030256349  -0.0000039046   0.0021562423  -0.0005556276  -0.0004631531
19947  -0.0106029673  -0.0863590953  -0.0005959299   0.0000736585
200 1  -0.0867511839   0.0096070886   0.1102325388   0.0461416134  -0.0041965703
200 2   0.0622823236  -0.1175469326   0.0410150581  -0.0892405872   0.0323483372
200 3  -0.0680658466   0.1033921761   0.0035864291  -0.0789463755   0.1407454742
200 4  -0.0535672690  -0.0579956089  -0.0328045770   0.0217692339   0.0452651128
200 5  -0.0544555718  -0.0738829756  -0.0528381138   0.0456309668  -0.0431306783
200 6   0.0078512452   0.0085333613   0.0008439815  -0.0375011555   0.0052381966
200 7   0.0029759747   0.0196726430   0.0033687855  -0.0251640443   0.0148108995
200 8  -0.0057846978  -0.0003522469   0.0116965012   0.0153853474  -0.0057107170
200 9  -0.0196610761   0.0026197540   0.0014419497  -0.0070743232   0.0215156912
20010  -0.0004725121  -0.0086305534   0.0027427825  -0.0026932550   0.0131848911
20011  -0.0039342779   0.0170676895  -0.0134016879  -0.0075157418   0.0237669008
20012  -0.0120847993  -0.0023394661   0.0094253068   0.0230582369   0.0025510936
20013  -0.0000930250   0.0125219308   0.0095441530   0.0160886014   0.0097785355
20014  -0.0150115321   0.0081562637   0.0174523506  -0.0033478519  -0.0153213079
20015  -0.0138330861  -0.0061718317   0.0030268794  -0.0010098965   0.0010434137
20016   0.0020721579  -0.0041638829   0.0139741110  -0.0101320195   0.0062200083
20017  -0.0103090424  -0.0003143447  -0.0160780345  -0.0251351457   0.0277595602
20018   0.0243579713   0.0120393196  -0.0369439478  -0.0295269960   0.0201482222
20019   0.0221438995   0.0108616178   0.0162175921  -0.0166323919   0.0067715111
20020  -0.0046051273  -0.0135224847   0.0110840381   0.0087729554  -0.0005230958
20021   0.0024566410   0.0000292648   0.0040971110   0.0101363783   0.0042823349
20022  -0.0048548030   0.0029941950  -0.0065639258   0.0061716710  -0.0025091185
20023  -0.0102321196  -0.0003019514   0.0031096437   0.0085318203   0.0031134044
20024  -0.0097245839  -0.0048990300   0.0046910319  -0.0081156441   0.0207569388
20025  -0.0206534873   0.0025883651  -0.0144718972   0.0093030971   0.0034171197
20026  -0.0067451321  -0.0130508853  -0.0098561507   0.0192330257   0.0006848045
20027   0.0017489779  -0.0020995977   0.0056725965   0.0084189315  -0.0079631512
20028  -0.0132458842  -0.1132267371  -0.0080477140  -0.0053955032   0.0065100476
20029   0.0022843074  -0.0421742587  -0.0326509410   0.0002552991   0.0090660838
20030   0.0548952284   0.0282733401   0.0298073089   0.0312795072   0.0970120771
20031  -0.1417167286  -0.0879687739  -0.0449580766  -0.0835524029  -0.1010482575
20032  -0.0187851736   0.0443115961   0.0406870451   0.2262001703   0.1540130467
20033   0.0324366986   0.0246993115  -0.1038008040   0.0183421791  -0.0116419379
20034  -0.0201648769   0.0027293248  -0.0507064055   0.2125358523  -0.2468302232
20035  -0.0070032495   0.0002531128  -0.0249241476  -0.1023782860  -0.1161448046
20036   0.0318967008  -0.0015848315   0.0981640312  -0.0013284235  -0.0010746908
20037  -0.0020623632   0.0000569042  -0.0424501460   0.0257226607   0.0027905145
20038   0.0450033591   0.0019719425  -0.0060119698  -0.0954129384   0.0035979668
20039  -0.0350584085   0.0110264550  -0.0657738808  -0.0445381143   0.0411753609
20040   0.0033602959  -0.0036928362   0.0267410678  -0.0046258419  -0.0021364889
20041   0.0098397322  -0.0005178589   0.0166469979  -0.0362492220   0.0158584784
20042   0.0045891092   0.0240584923  -0.0214220416   0.1042467575   0.0429588209
20043   0.0919723503   0.0869179081   0.0192886934  -0.0217128409  -0.0580001632
20044   0.0459350857  -0.0030711837  -0.0007777432   0.0005602790  -0.0003907609
20045   0.0003175902  -0.0142719067   0.0018342561   0.0007984334   0.0002551266
20046   0.0189223942  -0.0001303108  -0.0140023690   0.0053008369   0.0041269785
20047   0.1232359851   0.9833236960   0.0152988337  -0.0010059115
201 1  -0.0179775086  -0.0491877041  -0.0232709018   0.0131330443   0.0394255277
201 2  -0.0730117386  -0.0106047036   0.0557707882   0.1054291515  -0.0346451867
201 3   0.0157781988   0.0140225100   0.0048874807   0.0282931376   0.0000330112
201 4   0.0565562768  -0.0424169339  -0.0027169423   0.0334615961  -0.0775232599
201 5  -0.1210518099  -0.0231124308  -0.0883869678  -0.0401516162  -0.0154041395
201 6  -0.0157164207  -0.0001827817   0.0606629228  -0.0920544511   0.0777952169
201 7  -0.0011889347   0.0412708156   0.0471304592   0.0160492386   0.0039704574
201 8  -0.0539034497  -0.0326402521   0.0495060321  -0.0466912273   0.0083263404
201 9   0.0817850109   0.0877344712  -0.1417337960  -0.0710622576  -0.0034299433
20110   0.1396889228   0.1483155852  -0.1667678157  -0.1500238870   0.0323504923
20111  -0.0063937153   0.2177666514  -0.0237966181   0.0101581664   0.1997529894
20112   0.0263492604   0.0319462310   0.1015590791   0.0350953979   0.0092084766
20113  -0.1650239825   0.0453357690   0.0833230306   0.0885352095   0.1661137948
20114  -0.1281531063   0.0499650155   0.1147452472  -0.0469028517  -0.0298876069
20115  -0.0818346690  -0.0624328568   0.0071746931   0.0448409710  -0.0085786356
20116   0.0400687437  -0.0081122424   0.0315201056   0.0138263587   0.0091434648
20117   0.0050784389   0.0214762518  -0.0014730021   0.0532858468  -0.0437920958
20118  -0.0275384424  -0.0096531746   0.0065418641   0.0662907773  -0.0249513428
20119  -0.0729507076  -0.0616553473  -0.0414229851   0.0605924021  -0.0004459645
20120   0.0457164982   0.0454610552  -0.0199306840  -0.0208046842   0.0144110044
20121   0.0280408275   0.0787741737   0.0133793891  -0.0209710150   0.0064986447
20122  -0.0999777347   0.0788802401  -0.0429904770   0.0407110743  -0.0894619594
20123  -0.1033256332  -0.0435362091   0.0610306674   0.0367370234   0.0094032129
20124  -0.0574487645  -0.0010417977   0.1020641157  -0.1207079698   0.2394262540
20125  -0.2283641916   0.0055511572  -0.2240036132   0.0538341490  -0.0495177440
20126  -0.1257719562  -0.1928989995  -0.1268219841   0.1512948074   0.0635306292
20127   0.0218658138  -0.1547944159  -0.0668192581  -0.1124496402  -0.1103733134
20128  -0.0545021192  -0.0407055911  -0.0311499119   0.0920477315  -0.0363730295
20129   0.0802657216  -0.0196300684   0.0707661783   0.1346998813   0.1116562265
20130  -0.0078497915  -0.5105625950   0.2443811517  -0.3176490795   0.1214020798
20131  -0.3004919530  -0.0274660216   0.0821869417   0.0654536056  -0.0581752596
20132   0.2001940894   0.2604527345  -0.1779344821  -0.0498835085  -0.0235644689
20133   0.4432636877   0.4407762682   0.0698183110   0.2132935559  -0.2885065433
20134   0.1256741437  -0.0511500215  -0.9395045826  -0.0550396631   0.0363134258
20135  -0.0255690802  -0.0023545403  -0.0046530058   0.0148394676   0.0255406700
20136  -0.0088358196  -0.0007012924  -0.0290425425  -0.0009501981  -0.0081818343
20137   0.0014318779  -0.0125974247  -0.0022109322   0.0029223074   0.0019337056
20138  -0.0114286838  -0.0243360006   0.0048614263   0.0298111820   0.0206212929
20139  -0.0150639825   0.0083162357   0.0114800785   0.0048392790  -0.0060331852
20140  -0.0008413400   0.0002026477  -0.0003637241  -0.0251633221  -0.0086012596
20141  -0.0049233861   0.0010198041  -0.0185826977   0.0022435985   0.0009367193
20142  -0.0051065627  -0.0001678400  -0.0020109018  -0.0321167017  -0.0164332267
20143   0.0125344836  -0.0091671937  -0.0127720146   0.0149945044   0.0325000757
20144  -0.0219901144  -0.0003215645   0.0001399938  -0.0001150739   0.0000713159
20145  -0.0000900103   0.0014380133  -0.0002064606  -0.0001331327  -0.0000254700
20146  -0.0007467101   0.0000097572   0.0005333763  -0.0002462377  -0.0001650555
20147  -0.0051686154  -0.0417738273  -0.0007581732   0.0000630666
202 1   0.0483807175   0.0620519879  -0.0737591966  -0.0035654836  -0.0548656388
202 2  -0.0173768451   0.0538507211   0.0903747184   0.0158863892  -0.1083804026
202 3  -0.0345954912   0.1175190417   0.1485548465   0.1375495858  -0.1097594280
202 4  -0.0028513521   0.0754821759  -0.0163508797  -0.0174767990  -0.0015390734
202 5   0.0419230687   0.0747262969  -0.0029262571  -0.0234049163  -0.0329281372
202 6  -0.0406553787   0.0103839911  -0.0235682765   0.0100171643  -0.0108721150
202 7   0.0089427568   0.0200216093   0.0241981169   0.0353163761  -0.0319552545
202 8   0.0054721517  -0.0210939015  -0.0047923917  -0.0082434887  -0.0026189920
202 9   0.0134487744   0.0093971747  -0.0216834801   0.0046849669  -0.0243698773
20210   0.0105184217   0.0183754192  -0.0079143334   0.0089292998  -0.0310957320
20211  -0.0271215892   0.0147540853  -0.0167626768  -0.0041587155   0.0164472962
20212  -0.0006450481   0.0025519210   0.0229442319  -0.0063120136  -0.0029108040
20213  -0.0375609253   0.0046793118   0.0164538634  -0.0084495582   0.0275186712
20214  -0.0444467248   0.0158352297   0.0321012774  -0.0171595752  -0.0005981498
20215  -0.0264294288  -0.0153407643  -0.0006973868   0.0117913133  -0.0076220186
20216   0.0104604376   0.0173623341  -0.0004317437   0.0105945775  -0.0066024137
20217   0.0019551873   0.0064749497  -0.0443720244  -0.0457875673   0.0441641302
20218   0.0585352210   0.0350623178  -0.0664895146  -0.0355146525   0.0281376584
20219   0.0530692707   0.0085418698   0.0360349386  -0.0407358600  -0.0113935010
20220   0.0026376834  -0.0485188613   0.0124996022   0.0194199608   0.0147031798
20221  -0.0156191746  -0.0147953834   0.0076934098   0.0130240279  -0.0016932494
20222   0.0117850009  -0.0109026975  -0.0024097027   0.0080250534   0.0015262205
20223  -0.0041440245  -0.0010324016  -0.0033445980   0.0014270947   0.0016659032
20224  -0.0030211949  -0.0009536081  -0.0029724672   0.0010994581  -0.0033919157
20225   0.0042467782  -0.0015766361  -0.0019385214   0.0056166038  -0.0026048188
20226  -0.0018653946  -0.0020627838  -0.0014442965  -0.0031593638   0.0099730393
20227  -0.0055102397  -0.0061760554   0.0027507168  -0.0030112580  -0.0017023266
20228  -0.0000882083   0.0115657205   0.0036567507  -0.0183634757   0.1664018885
20229   0.0227240974   0.0617784296   0.0937869152   0.0553095811  -0.1384161996
20230   0.0104832130   0.0214119275  -0.0103096838   0.0429493696  -0.0778784257
20231  -0.0921989436  -0.1191265649   0.2163396397   0.2512039358  -0.1048345096
20232   0.0058687968  -0.1455046535  -0.1790145280   0.0582744653  -0.0650251115
20233  -0.0004181065  -0.0008934047   0.0322271437  -0.0255004927  -0.0620142750
20234   0.2310032219  -0.0344586444   0.0279430988   0.2396673743   0.0583358700
20235  -0.0101165483  -0.0006722211  -0.0435796163  -0.2908261841  -0.3588465643
20236   0.0831346423  -0.0496283501   0.1813891669   0.0012285392  -0.0028519442
20237  -0.0019078256  -0.0198240709   0.5880341011  -0.4323931858  -0.0307197220
20238  -0.0783491353  -0.4202938186   0.0476421326   0.0934964590   0.3966651234
20239   0.2099504284  -0.3671805003   0.1270146609  -0.2015753383  -0.0890684563
20240  -0.0168157100  -0.0022366564  -0.0538198262  -0.0213557354   0.0106182961
20241   0.0587252754   0.0064939389   0.0447325173  -0.0116158047  -0.0042977631
20242  -0.0078782347  -0.1022523237   0.0870642032   0.1257057208   0.0130462412
20243   0.1699451134   0.1670675460   0.3046510863  -0.2309155823   0.1743275418
20244  -0.2131137692   0.0001648474  -0.0001621731   0.0000718002   0.0000784667
20245  -0.0000085330  -0.0000677400  -0.0000367285  -0.0002123740   0.0000080847
20246   0.0003986395   0.0000506285   0.0001980921   0.0012927983   0.0067785195
20247  -0.1068940772   0.0130172997   0.0293201188  -0.0001355770
203 1  -0.0942789115   0.0044989075   0.1093627802   0.0342064099  -0.0055665710
203 2   0.0682929956  -0.1187393087   0.0376394290  -0.0905163514   0.0225406883
203 3  -0.0611274774   0.1043044039   0.0110220985  -0.0669574512   0.1287578575
203 4  -0.0505082733  -0.0488414352  -0.0400961243   0.0145826122   0.0450314341
203 5  -0.0426447053  -0.0634763682  -0.0433868758   0.0435574316  -0.0476845417
203 6   0.0043146619   0.0064342746  -0.0055435435  -0.0276725827   0.0062863387
203 7   0.0015211728   0.0166252272  -0.0028003735  -0.0195839593   0.0091153155
203 8  -0.0057207271  -0.0028685334   0.0093477160   0.0168433274  -0.0051139831
203 9  -0.0176686591  -0.0001189911   0.0075760729  -0.0046291028   0.0125539345
20310  -0.0069915630  -0.0060893488   0.0053884155   0.0021135556   0.0042802831
20311  -0.0053038604   0.0079260090  -0.0129905428  -0.0029845566   0.0153957494
20312  -0.0061766343  -0.0009408742   0.0002338617   0.0097264984   0.0046007495
20313   0.0014634455   0.0030358879   0.0000313735   0.0033587447   0.0034161463
20314  -0.0091538695   0.0005493208   0.0071893670  -0.0011503078  -0.0069333120
20315  -0.0080057565  -0.0022671498   0.0001537564   0.0009155348  -0.0048384481
20316   0.0034913487   0.0027548177   0.0056139827  -0.0001643011   0.0022423917
20317  -0.0044015661   0.0023846584  -0.0232153001  -0.0318383951   0.0316510647
20318   0.0361001630   0.0216392064  -0.0444362902  -0.0326993439   0.0215129053
20319   0.0339146206   0.0133966018   0.0277377561  -0.0279031516   0.0024605446
20320  -0.0064564223  -0.0269385955   0.0146916046   0.0143748324   0.0040141489
20321  -0.0047651399  -0.0080558141   0.0030197572   0.0144028227   0.0031805248
20322   0.0038064367  -0.0045135878  -0.0060533995   0.0043555843   0.0020114533
20323  -0.0082114007  -0.0007416713   0.0000561472   0.0070021036   0.0050592198
20324  -0.0073133511  -0.0067402879  -0.0040361505   0.0021655142   0.0044022948
20325  -0.0046627232   0.0014163477  -0.0020740381   0.0058777500   0.0032236560
20326  -0.0009954241  -0.0022307087  -0.0037845575   0.0059613650  -0.0015806731
20327  -0.0017243892   0.0062060570   0.0096730059   0.0155091936   0.0020145068
20328  -0.0087437074  -0.0895982256  -0.0025982027  -0.0198574564   0.0106197733
20329  -0.0046369285  -0.0024169999   0.0111584871   0.0142104001  -0.0661076541
20330   0.0666019828   0.0188622238   0.0231971741   0.0388391538   0.0060497924
20331  -0.1120813925   0.0076584505  -0.0475222273   0.0683264901   0.0267705365
20332   0.0341359817  -0.0253105192  -0.0640349626  -0.3766486930  -0.3002777178
20333  -0.0123768503   0.0002671972  -0.0768210381  -0.0136334504   0.0091598362
20334   0.0251061586  -0.0035316862   0.0018109646   0.0500231616   0.0158938762
20335  -0.0264458174  -0.0016616350   0.0089490506   0.0353315549  -0.1707569931
20336   0.0434707440  -0.0163195109   0.1126711073  -0.0018089149  -0.0016058307
20337  -0.0034814521  -0.0035720941  -0.0072594792  -0.0181582265  -0.0123403788
20338  -0.0558713955  -0.0943383955   0.0103405872   0.0056616142   0.0892989340
20339   0.0204508205  -0.0278942317  -0.0580966875  -0.0257136461   0.0686820328
20340   0.0117237154   0.0026372797   0.0086405814   0.0005625875  -0.0042245928
20341  -0.0090050149   0.0011287570  -0.0003731037  -0.0100256688   0.0037794124
20342   0.0183893438  -0.0290160003  -0.0067750349   0.0409791346   0.0698836162
20343  -0.1237944049  -0.0495272619   0.0778159979  -0.0192790469   0.1278483057
20344  -0.0829793324   0.0004080432   0.0001930285  -0.0004420294  -0.0001709805
20345  -0.0001699155   0.0008039231   0.0000481438   0.0011488057  -0.0001122709
20346  -0.0039016060  -0.0003637768  -0.0025327792  -0.0110614240  -0.0606912770
20347   0.9484935091  -0.1143713131  -0.2455785537   0.0012273430
204 1  -0.0140289648   0.0277875039   0.0133566055   0.0077593178   0.0086146435
204 2   0.0775128873  -0.0812921015   0.0483015921   0.0666515109  -0.0292403228
204 3   0.0275660818  -0.0055209559  -0.0379996396   0.0031931091   0.0489817975
204 4   0.0682183763  -0.0581194097  -0.1471461850  -0.0464413589  -0.0451267996
204 5   0.0463291681   0.0578927540   0.1707249337   0.0928037235  -0.1224951711
204 6  -0.0375806926   0.0373049827  -0.0561949555   0.0963433869   0.0863285698
204 7  -0.0342132629  -0.0891993338  -0.1797080507   0.0639751787   0.0070189940
204 8  -0.0284509700   0.0267272218   0.0243403102  -0.0284182245   0.0431275936
204 9   0.1298832779  -0.0529758714   0.1099077715  -0.0231080324  -0.1622061518
20410  -0.0701616756   0.1494782693  -0.0264719276  -0.0567574022  -0.0908839415
20411   0.0623993405  -0.0865493287   0.0485717760   0.1185767780  -0.1034237796
20412   0.1859635027   0.0633538850  -0.2117686509  -0.2957164709   0.0409905786
20413   0.0320417641  -0.2388268492  -0.2276483519  -0.2284559632  -0.1502992551
20414   0.1794408493  -0.1965459091  -0.2884138306   0.0593303522   0.2190044953
20415   0.1815444234   0.0870532368  -0.0605810455   0.0846632616  -0.0911342877
20416   0.0419929346   0.1604422404  -0.2273860912   0.2712545205  -0.0751483839
20417   0.1779993688   0.0963715063  -0.0759169250   0.0245822511  -0.0769128271
20418   0.1185107983   0.0994112480  -0.0131294343   0.0785272918  -0.0570177171
20419   0.0909322918  -0.0240240868   0.1469447120  -0.0686717184  -0.0947444067
20420   0.0112466961  -0.1310180493   0.0074692084   0.0273255270   0.0320492295
20421  -0.1234574184  -0.1105224190   0.0126505991   0.0700958658  -0.0168786073
20422   0.0747306657  -0.0881424556  -0.0094026526  -0.0180646621   0.0146001259
20423  -0.0017481891  -0.0357331860   0.0179560690  -0.0079672237   0.0461302138
20424   0.0304885902  -0.0322087616  -0.0990006450   0.1196665248  -0.1500515284
20425   0.1509459734  -0.0291679933   0.0385129801  -0.0568456998  -0.0553834719
20426  -0.0010595366   0.0179152388  -0.0007688336  -0.0858960485  -0.0268480834
20427  -0.0290256783   0.0513756051   0.0434429401   0.0926917398   0.0937734059
20428   0.0305093701   0.0306756085   0.0455540127  -0.1285017636   0.0010217536
20429   0.0224198314  -0.1304983858   0.0621052182  -0.0861246827   0.0306761157
20430  -0.0527630556  -0.2200345443   0.5017504245  -0.3524677116  -0.0659239040
20431  -0.2792047008  -0.0338247686   0.0185384077   0.0286764012  -0.0752980470
20432   0.3141579865   0.1710868628  -0.1301829227   0.0264325112   0.0029131455
20433  -0.2979905008  -0.4121286656  -0.0631912668  -0.3116128801   0.4118179874
20434   0.1691337204  -0.0066403933  -0.1382558562  -0.0539754076   0.0837421925
20435  -0.7916689429   0.0000691539  -0.0045235027  -0.0200660949  -0.0261243241
20436   0.0069246546  -0.0093780659   0.0122727521  -0.0023002456  -0.0103387472
20437  -0.0001492161   0.0051397268  -0.0167441861   0.0118462566   0.0008731161
20438   0.0067674798   0.0115717082   0.0005904335   0.0111499047  -0.0113952057
20439  -0.0016480808   0.0076372891   0.0108833128   0.0087523323  -0.0098604065
20440   0.0023421683  -0.0003622039   0.0031987803  -0.0035147780  -0.0020604451
20441  -0.0022508234  -0.0002659617   0.0026779019  -0.0006711979   0.0018103459
20442   0.0014113225  -0.0027574664   0.0009494941   0.0031776495   0.0071239190
20443  -0.0133513166  -0.0058652582   0.0004270978   0.0007250872   0.0087241610
20444  -0.0067721827  -0.0002783018  -0.0000954622   0.0000362832   0.0001244005
20445  -0.0000003421   0.0000768903   0.0000445429   0.0001557099  -0.0000051611
20446   0.0001352603  -0.0000017950   0.0001436246   0.0004001455   0.0022005327
20447  -0.0340943797   0.0040435560   0.0081569089  -0.0000395881
205 1   0.0628673979   0.0762035404  -0.0689070235   0.0225343358  -0.0552336119
205 2  -0.0193957092   0.0509931846   0.0973221122   0.0162529755  -0.0882302899
205 3  -0.0490182567   0.1121245229   0.1288085569   0.1096195036  -0.0811860987
205 4  -0.0067577511   0.0536181239  -0.0121976068  -0.0081517742   0.0008071819
205 5   0.0300960677   0.0579305790  -0.0065098421  -0.0118971416  -0.0260226726
205 6  -0.0372705003   0.0152595846  -0.0195594650   0.0024974255  -0.0166441289
205 7   0.0079703685   0.0189429495   0.0229750509   0.0275857075  -0.0213617552
205 8   0.0080440614  -0.0123145523  -0.0058499085  -0.0083366760  -0.0049255684
205 9   0.0087954351   0.0084408285  -0.0157345640   0.0019100864  -0.0179670543
20510   0.0095039372   0.0124509968  -0.0043018041   0.0050386639  -0.0182256855
20511  -0.0152048737   0.0070647536  -0.0062126556  -0.0053064599   0.0051907126
20512  -0.0016948044   0.0017150450   0.0144871990  -0.0018164445  -0.0059531016
20513  -0.0218530767   0.0040498196   0.0111118209  -0.0053804526   0.0123134293
20514  -0.0263701015   0.0105272767   0.0179168472  -0.0080669404   0.0057705764
20515  -0.0166524877  -0.0130152485   0.0003379945   0.0139434276  -0.0006940153
20516   0.0066002986   0.0160009686  -0.0069669241   0.0134645332  -0.0061932632
20517   0.0086584902   0.0073383614  -0.0297347384  -0.0230645324   0.0226018449
20518   0.0362570904   0.0169544329  -0.0389163973  -0.0190181050   0.0164467717
20519   0.0338308289   0.0019117642   0.0192179809  -0.0214860472  -0.0117779317
20520   0.0049805583  -0.0304751393   0.0056739155   0.0094476413   0.0088927448
20521  -0.0116624978  -0.0099909740   0.0074546528   0.0067743464  -0.0020460227
20522   0.0070684014  -0.0069770837  -0.0034056972   0.0069003144  -0.0022307556
20523  -0.0054889016  -0.0006158598   0.0010092783   0.0017758844   0.0018106858
20524  -0.0031650157  -0.0005640649  -0.0008603698  -0.0008115444   0.0017633199
20525   0.0003628951  -0.0013035541  -0.0020698688   0.0016600695   0.0009563164
20526   0.0004698255   0.0011206636   0.0025231413   0.0005234461   0.0033272999
20527  -0.0038597885   0.0045415360   0.0041330090   0.0091964691   0.0055958912
20528   0.0002810427  -0.0195344386  -0.0047969780  -0.0138750027   0.1038989025
20529   0.0030164709  -0.0100188242   0.0190668141   0.0608915095  -0.0706140638
20530  -0.0833290815   0.0178100811  -0.0354182268   0.0665325368  -0.0545258714
20531  -0.1416043929  -0.1184626092   0.0462231073   0.0734776699   0.0035046926
20532   0.0429233482  -0.1250337227  -0.2085287575   0.0995930517   0.0199978555
20533   0.0139228053   0.0164511227  -0.0935516110  -0.0231554332   0.0182383153
20534   0.0272203114  -0.0025897116  -0.0004376342  -0.1603281793   0.2977083523
20535   0.0437395085  -0.0032828021   0.0041427624  -0.0194840865  -0.1045887823
20536   0.0179866031   0.0338296145   0.0942205518  -0.0041419142   0.0023844071
20537  -0.0077995154   0.0118811239  -0.3613682609   0.1934458512  -0.0058379340
20538   0.1989162780  -0.0719443518   0.0328739083   0.2758084701   0.1345440059
20539   0.3142978723  -0.1789328694   0.2522037160   0.0243096030  -0.1289364329
20540  -0.0272765324   0.0172619016  -0.1478802150  -0.0195133552   0.0247068375
20541   0.0358073312  -0.0060635721   0.0414411138   0.0463441179   0.0017611604
20542  -0.1077144439  -0.0367081941   0.0884610577   0.0354415542  -0.1097792339
20543   0.2314310669   0.2033270481   0.1470737169  -0.1760223876  -0.1361420681
20544   0.0437025028  -0.0018065568  -0.0040518986  -0.0003145433   0.0001771051
20545  -0.0005103943  -0.0012210132   0.0002428941  -0.0123616726  -0.0004072792
20546   0.0143578747   0.0002314470   0.0117830541   0.0015005332   0.0117363975
20547  -0.1953965811   0.0369697307  -0.7710036455  -0.0015084022
206 1  -0.0612477284   0.0400322292   0.1214553265   0.0950769059  -0.0058056232
206 2   0.0649012628  -0.1254892914   0.0530551479  -0.0903190632   0.0689864019
206 3  -0.0960328204   0.0966462698  -0.0328582304  -0.1304221496   0.1963939226
206 4  -0.0615027014  -0.0988656573  -0.0302653217   0.0368324772   0.0509103662
206 5  -0.0709948650  -0.1034771038  -0.0489349995   0.0753618997  -0.0413617992
206 6   0.0118555670   0.0234978838   0.0004073005  -0.0442906031  -0.0052126142
206 7   0.0000381509   0.0131633032  -0.0090277203  -0.0354169639   0.0371621891
206 8   0.0058128481   0.0148974453   0.0104667403   0.0184727743  -0.0087340265
206 9  -0.0270006139  -0.0074195596   0.0217988859  -0.0084800922   0.0277865144
20610  -0.0133229836  -0.0241185885   0.0165304010  -0.0011658500   0.0283981504
20611   0.0146030093  -0.0062429137   0.0043813945  -0.0046749643  -0.0028082434
20612  -0.0091413701  -0.0033142687  -0.0106957410   0.0193034235   0.0010591700
20613   0.0300047258   0.0000766218  -0.0107317106   0.0105213567  -0.0265051159
20614   0.0241458349  -0.0091834133  -0.0191169790   0.0127116758   0.0005633542
20615   0.0149718679   0.0035905401   0.0023934190   0.0002423702   0.0071809879
20616  -0.0038180684  -0.0045247237  -0.0018504851   0.0007809036   0.0026215097
20617   0.0003862855   0.0025418515   0.0103018680   0.0150881407  -0.0128230842
20618  -0.0160505395  -0.0161063540   0.0171915200   0.0049301187  -0.0032586128
20619  -0.0111149433  -0.0014685421  -0.0086990766   0.0149265663   0.0024859276
20620  -0.0020457716   0.0158014129  -0.0049275502  -0.0079670354  -0.0101381097
20621   0.0044353652   0.0027653632   0.0002833527   0.0023670019   0.0012084425
20622  -0.0019024476   0.0010910041  -0.0010945648  -0.0007658628   0.0032399583
20623   0.0004611118   0.0011600712  -0.0007320522   0.0047454242   0.0017133062
20624  -0.0022741010  -0.0037941579  -0.0016678769   0.0000661998   0.0050837344
20625  -0.0050888844   0.0006946979  -0.0035058303   0.0022650585   0.0026385518
20626  -0.0011568170  -0.0035233595  -0.0030978460   0.0098954525  -0.0066680392
20627   0.0014909205   0.0102614159   0.0075074566   0.0195097307   0.0043614193
20628  -0.0084792436  -0.1062543305  -0.0148744886   0.0058558380  -0.0327200785
20629  -0.0077771747  -0.0841540259  -0.0909859942  -0.0170407624   0.0675207505
20630   0.0087255120   0.0141632929   0.0067097008   0.0179332672   0.0844970587
20631  -0.0605053419  -0.0894754994  -0.2027212432  -0.2692891784  -0.0347277723
20632  -0.0346138605   0.0796522272   0.1074170500   0.0577216337   0.1095083988
20633  -0.0049854319  -0.0108195908   0.0615580536  -0.0003044509   0.0211131756
20634  -0.0385407631   0.0048818412  -0.0115659356  -0.1829191481   0.1311948564
20635  -0.0095259345   0.0021008733   0.0434621701   0.2150695421   0.2528474149
20636  -0.0649501116  -0.0218265380  -0.2302645029   0.0056000591  -0.0029150299
20637   0.0109136435  -0.0141499512   0.4235542434  -0.2366653665  -0.0023818804
20638  -0.3080523537   0.0624438382  -0.0405332003  -0.4167812626  -0.1220448481
20639  -0.2959169121   0.1942259796  -0.3720322994  -0.0638316378   0.2478146498
20640   0.0356218756  -0.0173849360   0.1857331423   0.0253164092  -0.0306569788
20641  -0.0593679849   0.0021738652  -0.0414511446  -0.0762926565   0.0181218455
20642   0.1027818254   0.0513060170  -0.1344189965   0.0799460841   0.1823130686
20643  -0.2062119835  -0.1205858627  -0.0358818649   0.1441469141   0.3543692169
20644  -0.1918326941   0.0000245797  -0.0007649840  -0.0002363052   0.0000890720
20645  -0.0003488968  -0.0006036306   0.0001276243  -0.0086668775  -0.0002848990
20646   0.0093658339   0.0001691892   0.0078762846   0.0011200694   0.0090226825
20647  -0.1506312074   0.0271013183  -0.5783976584  -0.0011678218
207 1  -0.0205700962   0.0029088400  -0.0215178052   0.0443653255  -0.0206020733
207 2   0.0179176836  -0.0712814351   0.0721400394   0.0977362853  -0.0440514941
207 3   0.0400325329  -0.0155227198  -0.0132375697   0.0074930087   0.0403727647
207 4   0.0842771273  -0.0533037957  -0.0860177229  -0.0637029684  -0.1139727014
207 5   0.0336678027   0.0312922490   0.1581302259   0.1649377884  -0.1344911535
207 6  -0.0374245871   0.0496984296  -0.0449125832  -0.0118001330   0.0736370905
207 7  -0.0394838422  -0.0180705761  -0.1012226569   0.0401650314  -0.0028223944
207 8  -0.0461168616  -0.0112235187  -0.0178853538  -0.0077932861  -0.0260633917
207 9   0.0652202742   0.0216762301   0.0454506136  -0.1072213854  -0.1190536662
20710  -0.0051737609   0.1367957366  -0.0799781484  -0.1452058730   0.0376305966
20711   0.1354896252  -0.0813586420   0.1125119017   0.1162230271  -0.0869800021
20712   0.1656587298   0.0209099679  -0.1947190999  -0.1762671275  -0.0178438856
20713   0.0450806898  -0.1438660337  -0.1649317757  -0.1282569245  -0.1360130367
20714   0.1632441679  -0.1308103173  -0.2060553096   0.0618395954   0.1853905869
20715   0.1040783476   0.0464439715  -0.0377332568   0.0844493470  -0.0413472811
20716   0.0344835859   0.1621821519  -0.2125125569   0.2493541753  -0.0730965432
20717   0.1604907555   0.1327425889  -0.0967253050   0.0181367081  -0.0482517293
20718   0.1132651993   0.0308839211  -0.0244424586   0.0242416356  -0.0174439965
20719   0.0875185673  -0.0310217310   0.0726377343  -0.0089034669  -0.0816416221
20720   0.0338835353  -0.0778454198  -0.0086096789  -0.0155592612   0.0049159006
20721  -0.1000606816  -0.0840389115   0.0181671076   0.0476165469  -0.0376163989
20722   0.0380549311  -0.0577802674  -0.0582724999   0.0125916002  -0.0513271808
20723  -0.0468530664  -0.0631357370   0.0772578662   0.0112496390   0.0782558073
20724   0.0045062804  -0.0471784547  -0.0876728609   0.1078426615  -0.0703295728
20725   0.0710495040  -0.0502471797  -0.0390316296  -0.0871193384  -0.0872439062
20726  -0.0626216758  -0.0304877145  -0.0377553914  -0.1166150308  -0.0720376342
20727  -0.1509401769   0.1568036667   0.0076915456   0.2747382972   0.2917602744
20728   0.1020510478   0.1244448336  -0.0712373785  -0.0768977858   0.0770012851
20729  -0.2442830047  -0.0127238059   0.0113293345   0.2856312825   0.1335657694
20730   0.0546788831   0.0750559743  -0.1543059912   0.0596306841   0.0263493425
20731   0.0163357437  -0.0214063880   0.0406051686   0.0164795568  -0.1146479352
20732   0.5127775352   0.4712391408  -0.2820083922   0.0177651654   0.0146986990
20733   0.1821729544   0.0623530033  -0.0549073281  -0.4429930275   0.6046583981
20734   0.2737027280  -0.0028428712  -0.1795246490   0.0829621206  -0.1285072216
20735   0.5848698853   0.0030541025   0.0036729823   0.0060650081   0.0320847751
20736  -0.0089486727   0.0098192379  -0.0176286074   0.0021329417   0.0068075853
20737   0.0007282523  -0.0119241587   0.0193254505  -0.0101933979   0.0001416315
20738  -0.0126134420   0.0071273919  -0.0021988981  -0.0119333532  -0.0069376465
20739  -0.0099485002   0.0048737549  -0.0024516283   0.0007572620  -0.0015517599
20740  -0.0012066541  -0.0016495176   0.0079550929   0.0113680390   0.0023946208
20741   0.0052648338   0.0026429365  -0.0238318555  -0.0184797216   0.0089066554
20742  -0.0013215700  -0.0041511546  -0.0015203809   0.0023747079   0.0081261757
20743  -0.0053481898  -0.0059071457  -0.0008695856   0.0049013706   0.0174696925
20744  -0.0102867773   0.0002548942   0.0003857039   0.0001844360   0.0000304483
20745   0.0001391964  -0.0001162566   0.0000328664  -0.0001105616   0.0000348631
20746  -0.0007082080  -0.0000306463  -0.0005967911  -0.0000706146  -0.0005200110
20747   0.0087208328  -0.0016455349   0.0340420802   0.0000595718
208 1   0.0627487529   0.0594561424  -0.0876093253   0.0070324372  -0.0577650182
208 2  -0.0198897771   0.0533936999   0.0925099426   0.0178103269  -0.1085976791
208 3  -0.0370210386   0.1092574327   0.1479585579   0.1363707920  -0.1078686717
208 4  -0.0026278409   0.0647389883  -0.0233079216  -0.0164873528   0.0093845056
208 5   0.0520886930   0.0684434491  -0.0068719459  -0.0100585041  -0.0339956955
208 6  -0.0370556340   0.0142225665  -0.0292695319  -0.0006330181  -0.0234913148
208 7  -0.0017613464   0.0231791005   0.0266988966   0.0234380429  -0.0260261265
208 8   0.0029418954  -0.0041160986  -0.0108444047   0.0072274689  -0.0232390140
208 9  -0.0131801450   0.0124049625  -0.0091509993   0.0044805530  -0.0005458711
20810   0.0057624764  -0.0113776800  -0.0034433706   0.0094316848  -0.0038272369
20811  -0.0000652672  -0.0134723025   0.0125302840  -0.0105847458  -0.0218875918
20812  -0.0105241250   0.0041623372  -0.0037127570   0.0061499590  -0.0060253350
20813   0.0103655501  -0.0053635749  -0.0010155993  -0.0025020934  -0.0217569218
20814   0.0163582670  -0.0085280710  -0.0219745001   0.0068720379   0.0347228128
20815   0.0131637411  -0.0093115096   0.0011090941   0.0310948295   0.0195559173
20816   0.0018244671   0.0162313455  -0.0321830603   0.0330183580  -0.0090930475
20817   0.0288486444   0.0015591291   0.0250068781   0.0644616897  -0.0613845654
20818  -0.0459807275  -0.0379269453   0.0704483956   0.0582475159  -0.0344742164
20819  -0.0401289690  -0.0272329302  -0.0341464844   0.0409884667  -0.0155505449
20820   0.0124655980   0.0284488356  -0.0177923247  -0.0218860677  -0.0048386292
20821  -0.0071191868   0.0081684906   0.0046140116  -0.0104587004  -0.0024915181
20822  -0.0041028102   0.0038132189   0.0011215176  -0.0085879276  -0.0082381739
20823   0.0055322057  -0.0036984787   0.0080938364  -0.0066000993  -0.0023469141
20824   0.0065451736   0.0043167336  -0.0002275637   0.0015976685  -0.0083949055
20825   0.0093999273  -0.0005642466   0.0077408186  -0.0101620929   0.0001478743
20826   0.0096105088   0.0102976170   0.0105687024   0.0009428407  -0.0027568382
20827   0.0164034807   0.0013828414   0.0016791684  -0.0077079539  -0.0088530014
20828  -0.0014983724  -0.0052934835  -0.0040194213   0.0088154223  -0.1665168427
20829  -0.0316664454  -0.0784854491  -0.0725644622   0.0577653420  -0.1365822998
20830   0.0046751434  -0.0142208894   0.0126823585   0.0679303185   0.0145117665
20831  -0.1063017020   0.1159069899  -0.2085463989   0.2594221884  -0.1093374784
20832  -0.0232315721   0.1221685294   0.1949919314   0.0746937665   0.0412945706
20833   0.0017522171  -0.0163258074  -0.0312903456  -0.0253467264  -0.0577094570
20834   0.2347035872  -0.0309248716   0.0270374406  -0.2331346081   0.0587411596
20835   0.0091641974  -0.0091004973   0.2931710385  -0.0631637887  -0.3801163586
20836  -0.0887228665   0.0285704205  -0.1916959879  -0.0065410225   0.0002086329
20837   0.0665164761   0.0031090825   0.3561095341   0.6311779383   0.0921740228
20838   0.0132000008  -0.3851535769  -0.0685170432  -0.0952718708  -0.4120679504
20839  -0.1956478548  -0.3482711264   0.1174855574   0.2465348674   0.1072117641
20840  -0.0009028532   0.0007552577  -0.0480565826   0.0055353685  -0.0025452082
20841  -0.0678589247  -0.0209524471   0.0084357766  -0.0435587288  -0.0292630770
20842  -0.0007695868  -0.1167063943  -0.0755348036   0.0792006754  -0.1381694084
20843   0.0581474127  -0.0724146929   0.2641800047   0.3013122649   0.0998396453
20844   0.2610443263   0.0000678700  -0.0000014577   0.0000914291   0.0003251669
20845   0.0000587141  -0.0000028572   0.0000007639  -0.0000419061  -0.0003789936
20846  -0.0000313453  -0.0002120419  -0.0000174177   0.0972073667   0.0192752670
20847   0.0021538289  -0.0009366911  -0.0001715756   0.0210619682
209 1  -0.1408971099  -0.0602650561   0.0624760241  -0.0766539285  -0.0067881210
209 2   0.0813580972  -0.1084501809   0.0068563175  -0.0923825301  -0.0697718944
209 3   0.0130572041   0.1252219195   0.1047672181   0.0680604320  -0.0080989694
209 4  -0.0391463435   0.0517767827  -0.0537640478  -0.0425432629   0.0440510054
209 5   0.0335108709   0.0020386796  -0.0248994664   0.0053163257  -0.0643795816
209 6   0.0024450945  -0.0214319503  -0.0138098490  -0.0099787913   0.0124308034
209 7   0.0010856333   0.0206277173   0.0023238165  -0.0164178259  -0.0234645987
209 8  -0.0294978997  -0.0067033182   0.0042682808   0.0158173536  -0.0074396083
209 9  -0.0167508616  -0.0023976338   0.0069005025   0.0068682072   0.0158344340
20910  -0.0115236808  -0.0145112379   0.0061524769   0.0073302831  -0.0003187087
20911   0.0050813144  -0.0047806740  -0.0104738515   0.0112796966   0.0007015036
20912   0.0040137761  -0.0123067255  -0.0028396248  -0.0028833347   0.0146494347
20913   0.0167602155  -0.0043835967  -0.0135590614  -0.0072354132  -0.0030719775
20914   0.0067429839  -0.0091214887  -0.0086719242  -0.0007674086  -0.0093630657
20915   0.0016385881   0.0157266059  -0.0035676229  -0.0125238301  -0.0101737995
20916  -0.0047994094  -0.0121277602   0.0169592157  -0.0159586945   0.0050570173
20917  -0.0193879926  -0.0080642646  -0.0074063108  -0.0369087154   0.0337795543
20918   0.0301343328   0.0249169355  -0.0415087522  -0.0325098422   0.0206252031
20919   0.0267452761   0.0163929553   0.0260820760  -0.0320189237   0.0096397184
20920  -0.0099050704  -0.0278907097   0.0193896483   0.0192794704   0.0039243347
20921  -0.0004851035  -0.0083922759  -0.0022591408   0.0091050882   0.0010349178
20922   0.0036967264  -0.0028800731  -0.0063887632   0.0038422535  -0.0025318653
20923  -0.0076891242  -0.0039097117   0.0025891575   0.0022498633   0.0025524476
20924  -0.0073283164  -0.0027117698   0.0003179485   0.0010721306   0.0018615435
20925  -0.0021977072   0.0008230434  -0.0016210405  -0.0009190146  -0.0001884032
20926  -0.0023963910  -0.0057176294  -0.0072476227  -0.0068279197   0.0101922333
20927  -0.0036823805  -0.0153358018   0.0054906647  -0.0211173501  -0.0089096635
20928   0.0071956438   0.0926825887  -0.0055403981   0.0137464939   0.0029741333
20929  -0.0007796905   0.0025169406   0.0080645622  -0.0122695409   0.0666240064
20930  -0.0720752918  -0.0004658675   0.0415560680  -0.0023586809   0.0661770547
20931   0.1101311884   0.0114977572  -0.0482939663  -0.0647599669  -0.0286378671
20932  -0.0184786455  -0.0197671497  -0.0712542804   0.2516728193  -0.4117795320
20933   0.0259492563  -0.0169966179  -0.0694155999  -0.0172803554  -0.0110046831
20934  -0.0415432649  -0.0269945919  -0.0034183971   0.0447405240  -0.0137625461
20935  -0.0024058570  -0.0599111340   0.0407861320  -0.0060361918   0.1661629245
20936   0.0369929181  -0.0192110816   0.1177871773  -0.0009758506   0.0007806143
20937  -0.0050609919  -0.0013842060   0.0145694613  -0.0078872639  -0.0543988642
20938  -0.0034595650   0.0830630655   0.0071870671   0.0217894229   0.0874763739
20939   0.0180329458   0.0207762309   0.0501162912  -0.0353622526   0.0693740720
20940  -0.0015095301   0.0124404980  -0.0098462912   0.0005942944   0.0057513584
20941  -0.0147345583  -0.0056023914  -0.0016166549   0.0070630888   0.0132517830
20942  -0.0260730286   0.0270052930  -0.0196584006   0.0072783167   0.0626104294
20943   0.0798815088  -0.1591053883  -0.0226173861  -0.0241140512  -0.0894220542
20944  -0.1228364823   0.0005739445   0.0002882719  -0.0007865811   0.0006162804
20945   0.0003172391  -0.0001905873   0.0000355392  -0.0002884277  -0.0041801850
20946  -0.0003376283  -0.0029650853  -0.0001952714   0.9505971468   0.1874354489
20947   0.0213216422  -0.0083726506  -0.0015188018   0.1877324127
210 1   0.0467013539   0.0564723865  -0.0328961766  -0.0397118137   0.0823787907
210 2   0.1379238112  -0.0722782440   0.0018779969   0.0183713153  -0.0007191695
210 3   0.0635650157   0.0850548363  -0.0190291072   0.0747254947  -0.0101370447
210 4  -0.0324387602   0.0276646427  -0.0566426156  -0.0721432361   0.0241805531
210 5   0.0388411216  -0.0037277673   0.0782928983  -0.0260741955  -0.0370919055
210 6   0.0757103900   0.0237507814   0.0334235344   0.0839774869   0.0688273389
210 7   0.0202980026  -0.1464808179  -0.1983619058  -0.0730885491   0.1151801424
210 8   0.0100675342   0.2008901874   0.0962771146  -0.1796017099   0.2027303827
210 9   0.2311318695  -0.2053622990   0.1493150903   0.0883542567  -0.0455876105
21010  -0.1254831925   0.0337784275   0.1248740320   0.0053105041  -0.0512559061
21011   0.1047414636  -0.0308875396  -0.0183744776   0.1716905059  -0.0523665967
21012   0.1958874528  -0.0629342760  -0.0316239759  -0.2833919546   0.1755103814
21013   0.1069939284  -0.1946149296  -0.2576080950  -0.1512173694  -0.0937385516
21014   0.1916061272  -0.1647856489  -0.2682650154   0.0432696267  -0.1019002059
21015   0.2427994866   0.2362886442  -0.0959499431  -0.2543283905  -0.1437631629
21016  -0.0851389769  -0.2260555493   0.1793582793  -0.1875362028   0.0116409179
21017  -0.1703456864  -0.0597333871   0.1250426416  -0.1334365026   0.0867566952
21018  -0.0363428465   0.1003809163  -0.0185831929  -0.0461286880   0.0157644567
21019  -0.0843375158   0.0569349342   0.0519921146  -0.0497209167   0.0937493429
21020  -0.0588114749   0.0196027579   0.0054847067   0.0712787800  -0.0085122464
21021   0.1064897835   0.0018085061  -0.0805986748  -0.0427110285   0.0098776436
21022   0.0231316866  -0.0182846545   0.0336419644  -0.0424132537   0.1147729490
21023  -0.0336769023   0.0836807816  -0.1353426157   0.0512134699  -0.0121676219
21024  -0.0862403250  -0.0159064663   0.0330093951  -0.0557946787   0.1053616331
21025  -0.1033856135   0.0035312691  -0.0240427198   0.1011757476   0.0509945602
21026  -0.0057999748  -0.0082243965  -0.0350414908   0.0403012727   0.0651746282
21027  -0.0299847408  -0.0232301354   0.0378663456  -0.0206447849  -0.0304174301
21028  -0.0219164326   0.0714111237  -0.1519844721  -0.0123045840   0.0040221545
21029  -0.0925834682  -0.0633933513   0.0492888265   0.0816870356   0.0395729865
21030  -0.0240982010  -0.1004104193   0.4855271834   0.4551387183  -0.0512290817
21031   0.2334523452   0.0055726028   0.0465266301  -0.0163866452   0.0418237249
21032  -0.2772706565   0.1499321824  -0.1651605393  -0.0220005895   0.0125958245
21033   0.3692193087  -0.3938699981   0.0048249620  -0.2505531314  -0.1589083975
21034  -0.2721215288  -0.4041071080  -0.0005458327  -0.0420836751  -0.0612417866
21035   0.0020447887  -0.8036949485  -0.0025557945   0.0003385230   0.0096399620
21036   0.0035314755   0.0004123882   0.0032858441   0.0104394913  -0.0011492142
21037  -0.0057140170  -0.0004028628  -0.0009192511  -0.0028914175   0.0020221810
21038  -0.0008633673  -0.0079720455   0.0012069551  -0.0017733782  -0.0079861652
21039  -0.0005497685  -0.0019962004  -0.0037032920   0.0048890429  -0.0040086046
21040  -0.0002072965  -0.0001298518  -0.0002678135   0.0005656503  -0.0023810883
21041   0.0013924202  -0.0015456108   0.0001029981  -0.0000383240  -0.0003286853
21042   0.0006565432  -0.0009529080   0.0006688661   0.0005730189  -0.0043922984
21043  -0.0023631002   0.0056448512   0.0036478560   0.0033413022   0.0035436871
21044   0.0067890234  -0.0000013509   0.0000845710   0.0001117023  -0.0001154838
21045   0.0001162408  -0.0000137443  -0.0001357636  -0.0000118638   0.0003523132
21046   0.0000207044   0.0001456243   0.0000062591  -0.0747107710  -0.0147476657
21047  -0.0016843741   0.0006460818   0.0001340215  -0.0144908460
211 1   0.0696528447   0.0760344248  -0.0727898934   0.0287552099  -0.0570711072
211 2  -0.0210546196   0.0505943134   0.0989358198   0.0174770564  -0.0875806989
211 3  -0.0530509409   0.1069192057   0.1258282393   0.1067864590  -0.0776263325
211 4  -0.0040569978   0.0453031312  -0.0195206541  -0.0054064631   0.0079628110
211 5   0.0333792389   0.0543718211  -0.0077553990  -0.0053718855  -0.0295874358
211 6  -0.0368865007   0.0155346045  -0.0242903816  -0.0004920442  -0.0236727859
211 7   0.0017655583   0.0197256367   0.0241553253   0.0241405362  -0.0190343464
211 8   0.0088577427  -0.0072006226  -0.0091280690   0.0023254493  -0.0167907945
211 9  -0.0065963266   0.0111125882  -0.0111435839   0.0037318667  -0.0072957256
21110   0.0075092117  -0.0016908723  -0.0036227194   0.0089186489  -0.0095734693
21111  -0.0070568587  -0.0055275844   0.0050727713  -0.0108790897  -0.0105927439
21112  -0.0081722356   0.0047499352   0.0033246676   0.0035636454  -0.0051505625
21113  -0.0017639952  -0.0022238220   0.0034162257  -0.0036364532  -0.0094465780
21114   0.0014804218  -0.0032919172  -0.0089430840   0.0015531607   0.0246128356
21115   0.0055146537  -0.0106671366   0.0022604564   0.0260716235   0.0118221170
21116   0.0035206296   0.0168172866  -0.0250371524   0.0260003860  -0.0061979287
21117   0.0232028729   0.0019785914   0.0093108047   0.0386899276  -0.0370017510
21118  -0.0230802038  -0.0178625514   0.0383833674   0.0361700752  -0.0216919248
21119  -0.0184087035  -0.0158663397  -0.0151731848   0.0191736805  -0.0131676284
21120   0.0063019614   0.0112302874  -0.0102880088  -0.0082973426   0.0018487108
21121  -0.0060817401   0.0043639634   0.0040754812  -0.0071394564   0.0018029572
21122  -0.0006222371   0.0018517352   0.0064917849  -0.0046483582   0.0006716674
21123   0.0043509181   0.0030000695  -0.0016862376  -0.0056000190  -0.0054423351
21124   0.0050171135   0.0057259337   0.0029760531  -0.0042115966  -0.0046856995
21125   0.0054005064   0.0041641623   0.0079854189   0.0004632701   0.0030605837
21126   0.0072515710   0.0084754033   0.0078131842   0.0031633377  -0.0009834560
21127   0.0124208023   0.0004360834   0.0028043629  -0.0016956931  -0.0078414916
21128  -0.0052713576  -0.0315334771  -0.0045307935  -0.0053464483  -0.0982516379
21129  -0.0266998968  -0.0017377921  -0.0003811044   0.0384017973  -0.0765213689
21130  -0.0895172503  -0.0057372530  -0.0036964118   0.0666525631  -0.0300381374
21131  -0.1512027770   0.1166653873  -0.0420770836   0.0717681238   0.0062529399
21132  -0.0153015317   0.1331921396   0.2030483400   0.0846231207  -0.0546330188
21133   0.0035792519  -0.0183178511   0.0881137487   0.0076185759   0.0058531134
21134   0.0262540820   0.0074409786  -0.0004016945   0.1710243842   0.3036579649
21135   0.0052877623  -0.0135987711   0.0141207484  -0.0119533311  -0.0902371740
21136   0.0104697716   0.0251408449  -0.1012666072  -0.0005466783  -0.0010063133
21137  -0.0329733510   0.0013459692  -0.2342005186  -0.3129485218  -0.1934711053
21138   0.0311815887  -0.0623538722  -0.2539725265  -0.0340172771  -0.1643563245
21139  -0.3477267691  -0.1864980174   0.2220143995  -0.0427686736   0.1157543577
21140  -0.0241378001   0.0052595026  -0.1307113250   0.0066529895   0.0143612123
21141  -0.0707758950  -0.0429004292   0.0006595673   0.0118719131  -0.0061813371
21142  -0.1018688759  -0.0508183385  -0.0983068234   0.0815230441   0.0099243079
21143   0.1035839776  -0.2197067107   0.1743574399   0.2270428370  -0.0971500363
21144  -0.0839997609  -0.0000890222   0.0000500221  -0.0023324066   0.0106418135
21145   0.0008576238   0.0002430884   0.0012880979   0.0000089342  -0.0128966267
21146  -0.0001990156  -0.0102095690  -0.0000751102   0.1495230827   0.0369323394
21147   0.0050673243  -0.0024113212   0.0010175718  -0.7876838277
212 1  -0.1580125462  -0.0963401090   0.0306464354  -0.1267238282  -0.0063602062
212 2   0.0840280096  -0.1013785026  -0.0084789319  -0.0924140444  -0.1160236435
212 3   0.0483183004   0.1287738801   0.1526387814   0.1311821791  -0.0746442567
212 4  -0.0361497013   0.0953849925  -0.0585645904  -0.0682417176   0.0442093913
212 5   0.0747285572   0.0312298970  -0.0179294998  -0.0049530220  -0.0720971403
212 6  -0.0017709031  -0.0277758324  -0.0229418603  -0.0097885175   0.0102805920
212 7  -0.0071133142   0.0261486909   0.0086818636  -0.0184608404  -0.0417033870
212 8  -0.0453419165   0.0006467779   0.0051218221   0.0231914624  -0.0183097309
212 9  -0.0303783151  -0.0051795149   0.0081911155   0.0100828959   0.0352450146
21210  -0.0160346637  -0.0334958982   0.0070091433   0.0054615088   0.0179042231
21211   0.0220585505  -0.0230057319   0.0092338835   0.0099732014  -0.0249823705
21212  -0.0031814766  -0.0076752010  -0.0157370026   0.0106476767   0.0067376326
21213   0.0376670107  -0.0046556387  -0.0141143304  -0.0004247645  -0.0258082195
21214   0.0319299905  -0.0147193003  -0.0304691259   0.0088878052   0.0135384085
21215   0.0120779080   0.0151690406   0.0034520195   0.0063107915   0.0092148414
21216  -0.0101373401  -0.0061108599  -0.0052831413   0.0006567061   0.0015576519
21217  -0.0014905308  -0.0091875704   0.0239427026   0.0202393297  -0.0194360519
21218  -0.0220295900  -0.0132898874   0.0257850003   0.0155609890  -0.0111479992
21219  -0.0185728497  -0.0018363679  -0.0102186208   0.0104968270   0.0064201150
21220  -0.0014330943   0.0111996937   0.0034150856  -0.0043952770  -0.0058667432
21221   0.0006592635   0.0024016576  -0.0003907710  -0.0023655523  -0.0058631880
21222  -0.0075443863   0.0052945803  -0.0085220946   0.0005949166  -0.0168316256
21223  -0.0008013209  -0.0089598023   0.0181883952  -0.0069130684   0.0009222852
21224   0.0029857164   0.0023336050   0.0019215946   0.0035463782  -0.0052621979
21225   0.0026182630  -0.0010947039  -0.0017922058  -0.0134684838  -0.0068931260
21226  -0.0021201345  -0.0044321648  -0.0023075287  -0.0116172205   0.0016964877
21227  -0.0027743975  -0.0054202963   0.0053426091  -0.0145751303  -0.0007347876
21228   0.0124478873   0.0959643280  -0.0084020663   0.0197428880  -0.0446819142
21229   0.0124196551  -0.1017662298  -0.0723356278   0.0156666391  -0.0727768228
21230  -0.0160572962   0.0113278279   0.0140761271   0.0119332629   0.1101081327
21231   0.0317570638  -0.0909948727  -0.1942912007   0.2754799227   0.0362065765
21232  -0.0230006259   0.0977898543   0.0978252493  -0.0170617097   0.1222656642
21233  -0.0017952836  -0.0115338492   0.0584738295  -0.0411916198  -0.0327602614
21234   0.0037833764  -0.0621187297   0.0037174526  -0.1762193084  -0.1245650685
21235   0.0005201321   0.0535338467   0.2170067048  -0.0385945374  -0.2363885667
21236  -0.0310157814   0.0467314518  -0.2408869289  -0.0031490495  -0.0009666452
21237  -0.0314464388   0.0026497382  -0.2761412344  -0.3840554999  -0.3072313666
21238   0.0375468680  -0.0522287754  -0.3939626257  -0.0272120481  -0.1647647917
21239  -0.3422963846  -0.2100399946   0.3297891898  -0.0995556309   0.2467666934
21240  -0.0283041770   0.0134785062  -0.1738129853   0.0138645833   0.0128527854
21241  -0.1088447279  -0.0506421610  -0.0074863383   0.0270262042   0.0131110654
21242  -0.1128266040  -0.0705758530  -0.1515506681   0.0446997327   0.1543868964
21243   0.1415256343  -0.2178284099   0.0632523764   0.1802175407  -0.2561088654
21244  -0.3153930072   0.0000220713   0.0001177924   0.0004528506  -0.0053463634
21245  -0.0005355583  -0.0001723922  -0.0008443146  -0.0000352338   0.0080189621
21246   0.0001211573   0.0065317343   0.0000518747  -0.1132915192  -0.0267900049
21247  -0.0037663769   0.0017916148  -0.0007167807   0.5755596270
213 1   0.0618269382   0.0610227196  -0.0780917524  -0.0422449298   0.1269683668
213 2   0.1395620960  -0.0535486307  -0.0208541086   0.0008840207   0.0130847570
213 3   0.0664721560   0.0933529691  -0.0023378050   0.0622006553  -0.0221641070
213 4  -0.0866909398   0.0327531962   0.0422665415  -0.0858271536  -0.0065306672
213 5   0.0401284766  -0.0167319553   0.0817623022  -0.0204576889   0.0051188162
213 6   0.0514624234   0.0526959420   0.0426164573   0.0473684275   0.0218457672
213 7   0.0226496241  -0.1232273406  -0.1768936078  -0.0957549209   0.1052568453
213 8   0.0009148612   0.2426860161   0.1373329141  -0.2107572615   0.2349898950
213 9   0.2156813862  -0.2763797899   0.1328232077   0.1094961061   0.0507663407
21310  -0.1421546159  -0.0331856709   0.1694334699  -0.0072314718   0.0446426113
21311   0.1261049548  -0.0440113962   0.0446966534   0.1509293326  -0.0847156917
21312   0.1125330917  -0.0228209943   0.0351218607  -0.1378658471   0.0902008945
21313   0.0657125202  -0.0897868332  -0.1364285689  -0.0541268798  -0.0668321946
21314   0.1084472485  -0.0561389173  -0.1694965131   0.0365127375  -0.1184477900
21315   0.1610833992   0.1738136252  -0.0158302336  -0.2088031886  -0.0874220897
21316  -0.0976239532  -0.2182597331   0.1824814593  -0.2180978501   0.0062998901
21317  -0.1618292118  -0.0472438542   0.0891164320  -0.1140597058   0.0975635083
21318  -0.0606057266   0.0462569533  -0.0198968543  -0.0634333926   0.0359763235
21319  -0.0915681775   0.0482094814   0.0144355612  -0.0042183289   0.0893065647
21320  -0.0346345174   0.0661874892  -0.0323162558   0.0335174697  -0.0223309998
21321   0.1219316150   0.0036363471  -0.0796080461  -0.0497015949  -0.0172445344
21322  -0.0033965660  -0.0015938646  -0.0029010006  -0.0023823716   0.0497231647
21323  -0.0623660529   0.0543251119  -0.0681992553   0.0569520620   0.0139472387
21324  -0.0878374277  -0.0287462205   0.0373459365  -0.0473552058   0.1618364916
21325  -0.1686522053  -0.0299688284  -0.1160144103   0.0450940089   0.0038804724
21326  -0.0670810097  -0.0568048974  -0.0527335824   0.0002209327   0.0028991587
21327  -0.1604090613   0.1212390778   0.0305661224   0.2003629763   0.2006103357
21328   0.0348737180   0.1180057536  -0.1031438004  -0.1088803516  -0.0593959071
21329   0.1715150447  -0.1316121532   0.0783235469  -0.2906578975  -0.1549361896
21330  -0.0273066201   0.0096282334  -0.1581824886  -0.0773887954   0.0869533015
21331   0.0026141115  -0.0161666802  -0.0090518446   0.0501779846   0.0714722915
21332  -0.4569546865   0.4424597019  -0.3933106619   0.0176318903  -0.0055254369
21333  -0.1605695433   0.0353045348   0.0012686510  -0.4090497767  -0.2643797899
21334  -0.4645888049  -0.6017637370  -0.0163831685   0.0463979012   0.0286026052
21335   0.0059420561   0.5645105450  -0.0328682205   0.0112091949  -0.0086045551
21336  -0.0063195069  -0.0024677459   0.0052224648  -0.0038239869   0.0004566567
21337   0.0182098208   0.0006464994   0.0209057966   0.0325636089   0.0280652822
21338  -0.0017956426  -0.0029715183   0.0306241530   0.0011278433   0.0058022619
21339   0.0230326683   0.0112740707  -0.0295994639   0.0093099158  -0.0299758035
21340   0.0009580338  -0.0023309362   0.0061670218  -0.0029745660   0.0080963396
21341  -0.0042591212   0.0250255301   0.0026304928  -0.0054340022  -0.0030519400
21342   0.0019356948   0.0055134900   0.0073951566  -0.0006701353  -0.0044469397
21343  -0.0100085425   0.0109725871  -0.0091278788  -0.0118933459   0.0094370681
21344   0.0071734954  -0.0001927679   0.0003460741  -0.0004765126   0.0014701335
21345  -0.0001147364   0.0001532017   0.0007633394  -0.0000690389  -0.0011352327
21346  -0.0000242200  -0.0008959782  -0.0000083549   0.0127489347   0.0031460947
21347   0.0004225343  -0.0002284463   0.0000678043  -0.0643340283
214 1   0.1001876808   0.1289898130  -0.0363278175   0.0797685744  -0.0734978436
214 2  -0.0370717949   0.0450737958   0.1180235981   0.0285054953  -0.0676849099
214 3  -0.0842454142   0.1344447726   0.0971986357   0.0930881049  -0.0456446598
214 4   0.0303769251   0.0718800190  -0.0558532270   0.0153058469   0.0192596473
214 5   0.0036822098   0.0621812646  -0.0396807645  -0.0261397278  -0.0802862103
214 6  -0.0436118002   0.0080620924  -0.0276617645   0.0023511073  -0.0081229455
214 7   0.0471797381   0.0227682580   0.0608396792   0.0231474888  -0.0272934301
214 8  -0.0063989827  -0.0485890210  -0.0034516554   0.0341030842  -0.0554984419
214 9   0.0395613658   0.0629729513  -0.0547627422   0.0044662668  -0.0455574577
21410  -0.0032824809   0.0498988420  -0.0298609541   0.0301122957  -0.0928127680
21411  -0.0173539904   0.0399147119  -0.1251541746   0.0011263199   0.0350430208
21412   0.0055385786  -0.1214751531   0.0092495425  -0.0698849806   0.0767383537
21413   0.0728098659  -0.0873149033  -0.1149158419  -0.1078033819  -0.0423103681
21414   0.0428745138  -0.0894245107  -0.0532202740   0.0250880235  -0.0124087017
21415   0.0451763956   0.0860124685  -0.1082462488  -0.0686646536  -0.0223196340
21416   0.0198029373  -0.0502847438   0.0230734756  -0.0318976203   0.1139317286
21417  -0.1148275009  -0.1060434542   0.1201615632  -0.0423864403  -0.0059295357
21418  -0.1327993988   0.0979125460   0.1251246706   0.0103550393  -0.1494297140
21419  -0.2173222764   0.1775680656   0.0333266943  -0.0480674120   0.2040929354
21420  -0.2186139520   0.1865452282   0.0756688850   0.0329209023  -0.0341544289
21421   0.2007088799   0.0357531711  -0.0782584832   0.0062485151   0.0574422330
21422   0.0405586272  -0.0532241283  -0.0245525143  -0.0774340199   0.0510318628
21423  -0.0641211977   0.0267994103  -0.0105406766   0.1347444239   0.1194475573
21424  -0.1136560080  -0.1251771945  -0.0948017694   0.0766372959   0.1379686835
21425  -0.1173517743  -0.0750167381  -0.0789187171  -0.0874797632  -0.0110410718
21426  -0.0173675611  -0.0143462093  -0.0376213556   0.0323256106  -0.0684898494
21427  -0.0850736193   0.1505447921  -0.0418703884   0.2072411624   0.1908961608
21428  -0.0637103791  -0.0914131080   0.1953113187  -0.0526068858  -0.1713246002
21429   0.1958385970   0.3024031996  -0.0429532792   0.0555165294   0.2953259363
21430  -0.0224026273   0.0646184093   0.0821190020   0.0618742057  -0.0321849512
21431   0.0256271685  -0.2020753037  -0.1411842676   0.1882813369   0.0729758089
21432  -0.0361567787   0.0426361112   0.0074488885   0.0019527754   0.0110247130
21433  -0.0198329829   0.0162223495   0.1341078931   0.0095133924   0.0273089390
21434  -0.1047951557   0.0305078285  -0.0147332615   0.1220219799   0.0896072583
21435  -0.0013273267   0.0110877078   0.2929376719  -0.0560949360   0.0423738118
21436   0.2382181825   0.0736811888  -0.0949943423   0.2556803873  -0.0316106920
21437  -0.4290359979  -0.0126534146  -0.0218165546  -0.0318591120   0.2144971467
21438  -0.0125995057  -0.0023533312   0.1876043796  -0.0165011545  -0.0361066738
21439  -0.0449351549  -0.1321858725   0.1469114851   0.1420283329   0.2686444883
21440  -0.0120982463   0.3621232691   0.2736921985   0.0261108894  -0.1780000925
21441   0.3342442252  -0.2946559329  -0.0418146552   0.1722448876   0.0736747270
21442  -0.0278955573   0.1171001455   0.0969556913  -0.0434173476   0.0605343263
21443  -0.0959735916   0.1570101365   0.0833898721   0.1402089041  -0.0550954906
21444  -0.0654173337  -0.0000606923  -0.0000007546  -0.0012056587  -0.0008632061
21445   0.0009466906  -0.0010613970  -0.0071612284  -0.0000780334   0.0040550397
21446   0.0000573221   0.0030345495   0.0000066066  -0.0002738698   0.0000561012
21447  -0.0000336880   0.0000037438  -0.0000235045   0.0016581195
215 1  -0.2023904493  -0.1817712344  -0.0280072092  -0.1743716918  -0.0141084330
215 2   0.1161196755  -0.1109249867  -0.0207131604  -0.0994494022  -0.1508596278
215 3   0.1269092992   0.1677310016   0.2384715336   0.2310468568  -0.1457933762
215 4  -0.0667905758   0.1562829552  -0.1062898374  -0.0964328608   0.0435871827
215 5   0.1314568678   0.0529762041  -0.0770787896   0.0089660490  -0.0599102126
215 6   0.0292621599   0.0528317916  -0.0106307277  -0.0324581987   0.0146194628
215 7   0.0003172746   0.0822726746   0.0130223319  -0.0430169273   0.0142268943
215 8   0.0254191339   0.0672631342  -0.0626286185   0.0499259998  -0.0403733955
215 9  -0.0559680076   0.0293655362   0.1153267056  -0.0007201561  -0.0060928338
21510  -0.0586122341  -0.1398599920   0.0343299221   0.0437521960  -0.0074961388
21511   0.0648399890  -0.0498834361  -0.0079103625   0.0896414945  -0.1013233093
21512   0.0625517527  -0.1114508758  -0.0995469055  -0.1087216904   0.1154922162
21513   0.2105367385  -0.1254930533  -0.2051734503  -0.0488790580  -0.1330119132
21514   0.2411435743  -0.1271655682  -0.1958136341   0.0566378893  -0.0306101422
21515   0.1389096957   0.1075331554  -0.1868535667  -0.1566888445  -0.0303611174
21516   0.0100478918  -0.1795374873   0.1251936118   0.0037537317  -0.1063915746
21517  -0.0889821451   0.0164818241   0.1404661270   0.0730143353  -0.0827930402
21518  -0.1001823465  -0.1448837187   0.1903914135   0.0819956621  -0.0104568811
21519  -0.1514517992  -0.1452676248  -0.2102070462   0.1773589317  -0.0134226197
21520   0.0435552952   0.1062528258  -0.0651493966  -0.1023949226  -0.1590428522
21521   0.0947823808  -0.0144240208  -0.0950563342   0.0480452459   0.0437747703
21522   0.1642007091  -0.2366461577  -0.0897205778  -0.2189460845   0.2055860014
21523  -0.0684132902   0.0109567431  -0.1771366860   0.3428881061   0.2526654542
21524  -0.3097197714  -0.3071087961  -0.2414558550   0.1773900622   0.2731216142
21525  -0.1203844281  -0.1822497717  -0.1554495477  -0.0896319402   0.0155634863
21526   0.0296133477   0.0299534501  -0.0457530227   0.1311222762  -0.0315536363
21527  -0.0670240953   0.1487486744  -0.0866434385   0.1955852488   0.1606826391
21528  -0.1177144159  -0.1213578749   0.3048784238   0.0569377662   0.0047900913
21529   0.0217611790   0.0972195249  -0.0325670709   0.0083371500   0.0738646522
21530   0.0707316282  -0.0071831881   0.0072379789   0.0266212188  -0.1110720510
21531  -0.0383302698  -0.1064607116   0.0846168265  -0.0145669170   0.1389457490
21532   0.0409494245   0.0272627276   0.0937201470   0.0514564784  -0.0626456805
21533   0.0166132388  -0.0098277824  -0.0911163655  -0.0024260994  -0.0150723503
21534   0.0691984196  -0.0135548327   0.0080922467  -0.0589424663  -0.0300527916
21535   0.0008148018  -0.0065050764  -0.0439657256   0.0090173615   0.0049549112
21536   0.0806451423   0.0233690658  -0.0225711637  -0.2323236897   0.0282860419
21537   0.3964516641   0.0120518623  -0.0303886340  -0.0439008592   0.1133970519
21538  -0.0064351487   0.0067066584   0.0489620422  -0.0033443046  -0.0126061407
21539  -0.0389765030  -0.0564571606   0.1234259940  -0.0477369703   0.1622565174
21540   0.0024928678  -0.0745126825  -0.1513575943   0.0348124273  -0.0530691286
21541  -0.1846120046  -0.1561005565  -0.0196579617  -0.0308561242   0.3036887109
21542   0.3383021309   0.2825653098   0.2394680639  -0.0641915988  -0.0184666220
21543   0.0120777159   0.0329487958   0.0953535621   0.0264987214   0.0330397469
21544   0.0481493628  -0.0004268178   0.0012813466  -0.0481327688   0.2651257984
21545   0.0459287484  -0.0619999292  -0.4019015302  -0.0028436256  -0.0620187074
21546  -0.0007002125  -0.0608065922  -0.0003044485  -0.0012974628  -0.0012524314
21547   0.0000038192   0.0000183052   0.0000488920   0.0050025867
216 1  -0.0110364001  -0.0741655502  -0.1298922212  -0.0763637185   0.1649756755
216 2   0.1261117053  -0.0319307186  -0.0379615674  -0.0090426284   0.0233880559
216 3   0.0922662655   0.0416452051   0.0782939990   0.0272373042  -0.0135523714
216 4  -0.1666399889  -0.0623686067   0.0702332854  -0.0593708654  -0.0367528986
216 5   0.0342693769  -0.0553972408   0.0280945108   0.0300083695   0.0937525210
216 6   0.0658792584   0.1332453282   0.0557623242  -0.0086875481  -0.0146192058
216 7  -0.0324892652  -0.0313630063  -0.1445810489  -0.0702512304   0.0916284555
216 8   0.0670959179   0.2380521109   0.0817522821  -0.1652405844   0.2193413900
216 9   0.0875724498  -0.2525131922   0.1754440827   0.0592918364   0.0969630252
21610  -0.1072011209  -0.1430001263   0.1498174589  -0.0271254865   0.1353113949
21611   0.0856121010  -0.0601122875   0.1728942699   0.0817844263  -0.1184385776
21612   0.0377517915   0.1340888029   0.0074102238   0.0027336175  -0.0159105040
21613  -0.0260469016   0.0328806978   0.0317794175   0.1144732284  -0.0084458327
21614   0.0346497287   0.0592730742  -0.0373196036   0.0008395388  -0.0371178868
21615   0.0403560262  -0.0246013348   0.0133196166  -0.0580550727  -0.0059590756
21616  -0.0301652817  -0.1206640814   0.1145134283   0.0111788185  -0.2353176285
21617   0.0288158629   0.1514965934  -0.0955948763   0.0257385717   0.0220900007
21618   0.1157871092  -0.1862281426  -0.0636195961  -0.0038818248   0.2021866155
21619   0.1438732592  -0.3030283411  -0.1788580211   0.1676163260  -0.2302195448
21620   0.2650618384  -0.1348959298  -0.1643349248  -0.1171132833  -0.0922146577
21621  -0.1060595158  -0.0783953855  -0.0182463563   0.0781595199  -0.0199555342
21622   0.1549128470  -0.2088382380  -0.0858981725  -0.1215522328   0.1606903353
21623  -0.0484242572  -0.0206768995  -0.1714984458   0.2556126373   0.1749529674
21624  -0.2451593052  -0.2325955501  -0.1811084140   0.1306737975   0.1859132174
21625  -0.0388024368  -0.1461600895  -0.1187903371  -0.0312463987   0.0156837296
21626   0.0384093343   0.0358473346  -0.0253990855   0.1082714197   0.0258643241
21627  -0.0232666746   0.0611405751  -0.0490468998   0.0749898661   0.0593808093
21628  -0.0699601213  -0.0131168473   0.2132558785   0.0765164699   0.0365227454
21629  -0.0358450111   0.0121519764  -0.0191791076   0.0176992609   0.0065458197
21630  -0.0147580501   0.0024481375   0.0178986940   0.0153952818  -0.0015512876
21631  -0.0016878732  -0.0030954181  -0.0127601927   0.0131127781  -0.0042757233
21632   0.0148893962  -0.0089077888   0.0175672146  -0.0003452387   0.0004416991
21633   0.0113860261  -0.0081789245   0.0210295461   0.0019428573   0.0045470175
21634  -0.0138527029   0.0015060569  -0.0019527942   0.0232107251   0.0235562267
21635   0.0003880324  -0.0020689825   0.0519762351  -0.0102032471   0.0105863643
21636   0.0613511813   0.0172640829  -0.0149023321  -0.0676072966   0.0080893718
21637   0.1126472419   0.0034795340  -0.0221929122  -0.0314514940   0.0978137989
21638  -0.0054976006  -0.0044584949   0.1000199627  -0.0099551808  -0.0257384329
21639  -0.0260387636  -0.0281625972   0.0937557478  -0.0552749459   0.1089746420
21640   0.0019512618  -0.0639203226  -0.1104142344   0.0193961830  -0.0194659615
21641  -0.1354130640  -0.0811451969  -0.0096672469  -0.0325993166   0.1747027172
21642   0.2070801598   0.1571570895   0.1349907754  -0.0410509983  -0.0077152414
21643   0.0115631051   0.0191476288   0.0420397353  -0.0024867622   0.0288173814
21644   0.0411071824   0.0018222471  -0.0029721523   0.0907825319  -0.4824557389
21645  -0.0759065350   0.1048320741   0.6797893072   0.0048876716   0.1215681470
21646   0.0013962105   0.1191080679   0.0006096471   0.0024804008   0.0021469392
21647   0.0000550710   0.0000021176  -0.0000566948  -0.0077484826
217 1   0.0906004296   0.1150317666  -0.0395197971   0.0868386820  -0.0572054017
217 2  -0.0254735222   0.0434875776   0.1159325698   0.0178759896  -0.0365214148
217 3  -0.0911310938   0.1073010384   0.0750181906   0.0401629403  -0.0050865261
217 4  -0.0097091038   0.0006493629  -0.0141096618   0.0267180869   0.0093948524
217 5  -0.0146129925   0.0232235790  -0.0260126499   0.0027175113  -0.0251648326
217 6  -0.0314372502   0.0284426604  -0.0156336120  -0.0057409937  -0.0234800451
217 7   0.0156685838   0.0189158509   0.0246534291   0.0221853266   0.0029535484
217 8   0.0273855546  -0.0158537544  -0.0107725369  -0.0020285655  -0.0093089019
217 9   0.0106467217   0.0201879784  -0.0182578806  -0.0012421596  -0.0280207243
21710   0.0104597862   0.0149131475  -0.0059762524   0.0149716901  -0.0354218205
21711  -0.0288366989   0.0233959065  -0.0312600090  -0.0091827255   0.0249390402
21712  -0.0038297708  -0.0162403522   0.0227916903  -0.0119989481   0.0147110562
21713  -0.0172310060  -0.0103627807  -0.0066057945  -0.0139339671   0.0147474841
21714  -0.0241941919   0.0016283928   0.0158537765  -0.0092188313  -0.0106544077
21715  -0.0079070880  -0.0050211686  -0.0219959327  -0.0111467097  -0.0100558030
21716   0.0121508485  -0.0053929740   0.0171242355  -0.0020229521   0.0020457253
21717  -0.0183832743  -0.0035599427  -0.0159516321  -0.0359951763   0.0303424837
21718   0.0259976055   0.0254909863  -0.0277088034  -0.0255598801   0.0116426523
21719   0.0084150739   0.0144280263   0.0197960563  -0.0228522456   0.0144058945
21720  -0.0156899576  -0.0106792746   0.0123101614   0.0091296889   0.0018080004
21721   0.0076996932  -0.0044247636  -0.0036791779   0.0110420383   0.0073872122
21722   0.0076101579  -0.0087752063  -0.0149572134  -0.0056513824  -0.0011390208
21723  -0.0170605196  -0.0074668333   0.0045194041   0.0206012071   0.0208967520
21724  -0.0227610008  -0.0215902676  -0.0153637192   0.0135358050   0.0191975926
21725  -0.0124740862  -0.0107606947  -0.0090596794  -0.0126626412   0.0009685903
21726   0.0018696459   0.0014268365  -0.0041721701   0.0022879014  -0.0040448748
21727  -0.0036832984   0.0132772412  -0.0007045535   0.0174018219   0.0183339706
21728  -0.0045839904   0.0160967785   0.0243589899  -0.0039116657  -0.1487672152
21729  -0.0220573091   0.0597098726   0.0248621801  -0.0504628727   0.0937746334
21730   0.0074719614  -0.0056658604   0.0006603634   0.0005029536   0.0471060360
21731   0.0291168622   0.0516351995  -0.0887580042   0.0229963688  -0.1726824536
21732  -0.0066311711  -0.0889784649  -0.1126486472  -0.0982995165   0.1099526166
21733   0.0054957894  -0.0067856740   0.1360593634   0.0094085654   0.0263829561
21734  -0.0934995995   0.0161206389  -0.0095140880   0.0644866544   0.0201791248
21735   0.0000876505  -0.0029887842  -0.1415275851   0.0250264114  -0.0406558194
21736  -0.4041965606  -0.1260366877   0.1636541086  -0.0221318470   0.0032273974
21737   0.0389924987   0.0009858536   0.0304083621   0.0466723233  -0.3682166282
21738   0.0238705454  -0.0211555798  -0.1100760211   0.0032884952  -0.0089819323
21739  -0.0008261775  -0.0133273497   0.0007474115   0.0526026088   0.0214562511
21740  -0.0188360387   0.2148917111   0.1149076372  -0.0130745771   0.0190924510
21741   0.0523345869   0.0975709390  -0.0022740343   0.0542518279   0.0970860310
21742   0.0485056798   0.1948073653   0.1749852198  -0.0724019836   0.0730899014
21743  -0.0441810125   0.1206533966   0.1766505151   0.1842752008  -0.0322656854
21744  -0.0241418471   0.0020486836  -0.0015878245   0.0419581636  -0.2056995453
21745  -0.0086337568   0.0094552968   0.0544294471  -0.0000433217  -0.5328281518
21746  -0.0067648753  -0.5577090610  -0.0026992160  -0.0051323672  -0.0035012634
21747  -0.0006089587   0.0002225928  -0.0000132462   0.0104264401
218 1  -0.1757252188  -0.1338831675  -0.0054850639  -0.1874278572  -0.0062897270
218 2   0.0886863899  -0.0939987598  -0.0262096501  -0.0928181489  -0.1693920298
218 3   0.0853610644   0.1218113403   0.2006126850   0.1980129703  -0.1502035530
218 4  -0.0249998079   0.1428635357  -0.0666914912  -0.1024499043   0.0492766214
218 5   0.1288852141   0.0637138547   0.0072396578  -0.0120045719  -0.0833033711
218 6  -0.0026392051  -0.0531002515  -0.0334217813  -0.0027274264   0.0100496739
218 7  -0.0338090671   0.0201572321   0.0047832668  -0.0216633420  -0.0686683980
218 8  -0.0718815743   0.0160549384   0.0076027754   0.0319864328  -0.0271897085
218 9  -0.0558023169  -0.0232419117   0.0210859674   0.0235610069   0.0701526085
21810  -0.0248197188  -0.0589829114   0.0140421164  -0.0018546253   0.0579754000
21811   0.0619834940  -0.0738856569   0.0608003498   0.0104203057  -0.0833356414
21812  -0.0080707168   0.0206369968  -0.0519544832   0.0295237909  -0.0145996619
21813   0.0770219551   0.0002855323  -0.0121309495   0.0069413933  -0.0746049502
21814   0.0891095546  -0.0392464689  -0.0926208652   0.0335959234   0.0671070469
21815   0.0534771444   0.0232834379   0.0421645735   0.0606852391   0.0456937355
21816  -0.0278588927   0.0214158685  -0.0778533973   0.0334523246   0.0087308745
21817   0.0598108984  -0.0200740033   0.1030546639   0.1696525067  -0.1590299282
21818  -0.1584882662  -0.0831485887   0.1913469447   0.1462923351  -0.1125445147
21819  -0.1215062176  -0.0250554174  -0.0768500711   0.0896402059  -0.0082846761
21820  -0.0066157230   0.1043509595  -0.0297159111  -0.0234363161  -0.0119461241
21821   0.0275582750   0.0368348543  -0.0072651584  -0.0562647215   0.0096245697
21822  -0.0196974213   0.0244934268   0.0576594095  -0.0202015624   0.0261974255
21823   0.0363541321   0.0468749531  -0.0281679531  -0.0369269498  -0.0474789855
21824   0.0427817047   0.0473902840   0.0385874326  -0.0433271856  -0.0165076340
21825  -0.0051450737   0.0333278759   0.0284962130   0.0249328552   0.0111062988
21826   0.0035313173   0.0102657416   0.0186243167   0.0100560019  -0.0168269765
21827   0.0076633359   0.0146844236   0.0036479017   0.0329513973  -0.0019445906
21828  -0.0251747303  -0.2103586865  -0.0389919971  -0.0589233735  -0.0861700397
21829  -0.0262852351   0.1604771078   0.1145513799  -0.1202165309   0.2231564630
21830   0.0822891594  -0.0123121157  -0.0149938209   0.0415549471  -0.1488392994
21831  -0.0459065501  -0.3035290906   0.0552040933   0.0959935946   0.3014009748
21832   0.0185737405   0.1087473082   0.1496210722   0.1064163969  -0.1177865910
21833  -0.0032669905   0.0049460936  -0.0950591354  -0.0057462649  -0.0164466108
21834   0.0569254671  -0.0109913093   0.0049555080  -0.0338841526  -0.0065406530
21835  -0.0001952929   0.0029640283   0.1683803124  -0.0300765932   0.0497797310
21836   0.3560777786   0.1073383113  -0.1267384701   0.0043860857  -0.0010251083
21837  -0.0112541130  -0.0004494312  -0.0196270083  -0.0315812394   0.3284499236
21838  -0.0226494600   0.0117336696   0.1499130793  -0.0063455483   0.0050650211
21839   0.0348609665   0.0796790258  -0.0610977692  -0.1079871424  -0.1272813581
21840   0.0227655602  -0.3213242790  -0.1775493509   0.0206481191  -0.0357578084
21841  -0.0587574320  -0.1800288360  -0.0003307371  -0.0671876407  -0.1431194480
21842  -0.0742306953  -0.3014943498  -0.2576065762   0.1006188545  -0.0950514161
21843   0.0804423649  -0.1851198273  -0.2233759243  -0.2434909432   0.0527440895
21844   0.0483187329   0.0015386824  -0.0011789097   0.0323677613  -0.1538659986
21845  -0.0063980123   0.0067490227   0.0384373567  -0.0000534577  -0.4005050398
21846  -0.0050823223  -0.4162326050  -0.0020148878  -0.0045906318  -0.0024531423
21847  -0.0004472273   0.0001689235  -0.0000081705   0.0103823125
219 1   0.0143175757  -0.0242508651  -0.1027418340  -0.0869121695   0.1887253885
219 2   0.1031884352  -0.0128941600  -0.0464327656  -0.0103764425   0.0283957477
219 3   0.0337557475  -0.0400791077   0.0087097416  -0.0626003560   0.0181794070
219 4  -0.1510894483  -0.1443472183   0.1595293355  -0.0569351388  -0.0382820691
219 5   0.0134603037  -0.0767063511   0.1488027524   0.0296184773   0.1144560853
219 6   0.0390315980   0.0170571134   0.0383907646   0.0235276415  -0.0326315535
219 7  -0.1044875301  -0.1162196782  -0.1919363426  -0.0454884087   0.0168280070
219 8  -0.0248471203   0.2058463009   0.1649180242  -0.2250956154   0.2829410070
219 9   0.0656158346  -0.3619220996   0.0915937073   0.0865378295   0.2082008459
21910  -0.0532923197  -0.0721670437   0.1484027018  -0.0984141336   0.2699418573
21911   0.0730657247  -0.1060827548   0.3458830847  -0.0237356042  -0.1047080139
21912  -0.0568164635   0.3963311199   0.0806743859   0.2266850409  -0.2345430369
21913  -0.2770918963   0.2604005328   0.3722386123   0.2700234451   0.1184684026
21914  -0.2180483609   0.2532511309   0.1536155273  -0.0594754630   0.0840912887
21915  -0.1138697530  -0.2104137958   0.3826294413   0.2642395213   0.0991462624
21916  -0.0877517875   0.1698816055  -0.1424342812   0.0696034343  -0.1916993981
21917   0.3013375118   0.1984092667  -0.2661877079   0.1502166222  -0.0374604415
21918   0.1885253264  -0.1739325712  -0.2047929580   0.0419600644   0.2227598875
21919   0.3879407190  -0.3004604292  -0.0227726345   0.0802074058  -0.3971214250
21920   0.3889306268  -0.3174400762  -0.1779619693  -0.0387784799   0.1256440813
21921  -0.3678158142  -0.0497205320   0.1614295749  -0.0533101998  -0.1115911472
21922  -0.1112801360   0.1649710005   0.1082054732   0.1978530592  -0.1176849751
21923   0.1274181507  -0.0070576450   0.0337201495  -0.3320639153  -0.2964138084
21924   0.2857741214   0.3127179846   0.2483920654  -0.2075387834  -0.2887260224
21925   0.2008582668   0.1846378782   0.1764436042   0.1816727544   0.0197695045
21926   0.0218239170   0.0239763597   0.0865471569  -0.0735528500   0.1027256745
21927   0.1418790635  -0.2307154419   0.1037223188  -0.3002621903  -0.2990458303
21928   0.1028086432  -0.0223378124  -0.3806412406  -0.0291695810  -0.0631888038
21929  -0.2860259814  -0.1307314492   0.2247286814  -0.2473635662   0.0114620006
21930   0.0373360746  -0.0685856429  -0.0917222651  -0.0217742734   0.0092712046
21931  -0.0174649636  -0.0437390179   0.0076413868   0.0095607224   0.0091159400
21932   0.0067561411  -0.0033591495  -0.0091208794  -0.0069182311   0.0067075437
21933   0.0086312955  -0.0137195996   0.0104748560  -0.0146433097  -0.0069112648
21934  -0.0310639976  -0.0349121439  -0.0010787555   0.0067227694  -0.0009244599
21935   0.0008669020   0.0161554904  -0.0155623838   0.0036674007  -0.0002310141
21936  -0.0427920540  -0.0158582507   0.0299909801  -0.1710357123   0.0208379120
21937   0.3011476195   0.0090556524  -0.0094688252  -0.0132064303  -0.0208522071
21938   0.0011801329   0.0031136568   0.0076416121   0.0015269182   0.0011436282
21939  -0.0003547970  -0.0277997720   0.0206689340   0.0496342145   0.0676626232
21940  -0.0002529629   0.0872506409   0.0778832724   0.0607682529  -0.2524698507
21941   0.2583117525  -0.5526177425  -0.0577305011   0.1467243336   0.1205965699
21942   0.0574239964   0.0299640474   0.0341477626  -0.0048929692   0.0058542638
21943  -0.0123709401   0.0232029275   0.0493410519   0.0539000173  -0.0115865049
21944  -0.0122427495  -0.0001164603   0.0000424875  -0.0015352265   0.0077522802
21945   0.0022189714  -0.0026840839  -0.0177214816  -0.0001324750   0.0239074692
21946   0.0003136293   0.0252635500   0.0001187267   0.0002808992   0.0001115470
21947   0.0000225450  -0.0000238172  -0.0000050094  -0.0007627571
220 1   0.0634708438   0.0714223342  -0.0682775569   0.0306911887  -0.0441244830
220 2  -0.0120966491   0.0489081648   0.0982893695   0.0090490400  -0.0597488735
220 3  -0.0617533188   0.0743786262   0.0945638400   0.0541112600  -0.0389600978
220 4  -0.0286736507  -0.0144368159   0.0166470406   0.0061224968   0.0097205442
220 5   0.0173344099   0.0236131546   0.0153533712   0.0188766454   0.0076992412
220 6  -0.0166907508   0.0066614039  -0.0143617937  -0.0002986053  -0.0334494729
220 7  -0.0431070875   0.0013114160  -0.0168081674   0.0153357376  -0.0050217461
220 8   0.0184407662   0.0188679527  -0.0053367183  -0.0321950922   0.0356027540
220 9  -0.0284078037  -0.0456574139   0.0179416525   0.0121050538   0.0254997457
22010   0.0147838281  -0.0288187516   0.0220981970  -0.0099512894   0.0518493969
22011  -0.0060219519  -0.0376902850   0.0959413297  -0.0125965792  -0.0305970596
22012  -0.0138103912   0.1132476672   0.0057195161   0.0566205655  -0.0604736593
22013  -0.0737633152   0.0663913559   0.1004321616   0.0745144881   0.0332537323
22014  -0.0469071904   0.0640714355   0.0254691700  -0.0221500163   0.0372599976
22015  -0.0226944090  -0.0753404017   0.1061496850   0.0942102694   0.0335006991
22016  -0.0152421460   0.0678888259  -0.0589922147   0.0426083753  -0.0728763823
22017   0.1207970812   0.0663950063  -0.0662867816   0.0936917248  -0.0534699121
22018   0.0420270693  -0.0773425838  -0.0257463955   0.0516179719   0.0531690216
22019   0.1129066428  -0.1206685636  -0.0260967098   0.0478328541  -0.1460729482
22020   0.1364063542  -0.0966740339  -0.0569053078  -0.0106104585   0.0412010572
22021  -0.1301628217  -0.0009377393   0.0584767453  -0.0437245577  -0.0230346617
22022  -0.0569765573   0.0795155759   0.0627715503   0.0584520290  -0.0323392841
22023   0.0635437457   0.0155046909   0.0014664239  -0.1454310899  -0.1347073196
22024   0.1285304700   0.1451313273   0.1164836197  -0.1051845806  -0.1195045258
22025   0.0736084695   0.0994419685   0.0952690875   0.0936615918   0.0255658721
22026   0.0125807054   0.0184298508   0.0425540401  -0.0243471064   0.0286578080
22027   0.0724965906  -0.0933559282   0.0392825531  -0.1091494951  -0.1306279871
22028   0.0273665281  -0.1346080667  -0.1814108963  -0.0474284257  -0.1889849728
22029  -0.2238470746   0.1026367605   0.2685984049  -0.3135048332   0.2872391094
22030   0.0250125097  -0.0630725086  -0.0781536752   0.0318603867  -0.0238603537
22031  -0.0234617745  -0.2891973271  -0.1093412132   0.2013035651   0.1238701308
22032   0.0533355981   0.0019634045   0.0891359260   0.0161070660  -0.0089136364
22033   0.0319703678  -0.0304580262   0.1318729575   0.0134031761   0.0326224531
22034  -0.1155789364  -0.0067477072  -0.0142753930   0.1400005102   0.1095171516
22035   0.0003905327  -0.0047418104   0.3372444356  -0.0635501270   0.0634342937
22036   0.2958387114   0.0838354919  -0.0813393512  -0.2023851208   0.0238404887
22037   0.3078146657   0.0095180733  -0.0680424144  -0.0974277820   0.2895152699
22038  -0.0167392948   0.0036416582   0.1882868784  -0.0167755649  -0.0396507587
22039  -0.0614362306  -0.1324077242   0.1561040139   0.1068586132   0.2383281952
22040  -0.0140775903   0.2996649510   0.1967275985  -0.0661595772   0.1974835199
22041  -0.0356512297   0.5252696791   0.0409593563  -0.0318538251  -0.0656334150
22042  -0.0835529794   0.1321332770   0.0941495397  -0.0534225663   0.0628725838
22043  -0.0883587519   0.1493265438   0.0337921900   0.0811526461  -0.0406804617
22044  -0.0493347217   0.0009395377  -0.0004531100   0.0072748918  -0.0447098464
22045   0.0046535752  -0.0037982685  -0.0260587091  -0.0003378245   0.0113688914
22046   0.0001504282   0.0092232738   0.0000323538  -0.0002386722   0.0002236333
22047  -0.0000228613  -0.0000129775  -0.0000215706   0.0017101404
221 1  -0.1432476344  -0.0763609472   0.0283762068  -0.1593478977  -0.0001061614
221 2   0.0641248711  -0.0848337427  -0.0202290553  -0.0873027491  -0.1529737550
221 3   0.0314553615   0.0916323963   0.1466806019   0.1349967231  -0.1103204965
221 4   0.0006300310   0.1063704927  -0.0337663917  -0.0865686799   0.0496449284
221 5   0.0956523195   0.0528975163   0.0532954244  -0.0237473082  -0.0948961621
221 6  -0.0288648551  -0.1144889928  -0.0444334015   0.0126958116   0.0052953870
221 7  -0.0412675938  -0.0196818380   0.0050369957  -0.0033070653  -0.1145571184
221 8  -0.1258934321  -0.0305454065   0.0580499345   0.0169123616  -0.0194864522
221 9  -0.0437981912  -0.0486898563  -0.0573153671   0.0322552584   0.1081711996
22110   0.0049848902   0.0154979887  -0.0064332713  -0.0308930415   0.0849221558
22111   0.0381507543  -0.0618704691   0.0832329716  -0.0549506498  -0.0402095504
22112  -0.0625062903   0.0998647490   0.0025736629   0.1253879968  -0.1020433728
22113  -0.0405274145   0.0906768386   0.1295654574   0.0439335613  -0.0095561156
22114  -0.0523945172   0.0389254000   0.0195689532   0.0059891940   0.1143662673
22115  -0.0325049452  -0.0453960488   0.1869359330   0.1939339572   0.0834764508
22116  -0.0445339521   0.1573109830  -0.1926853341   0.0447552408   0.0892703204
22117   0.1389190447  -0.0400574793   0.0330602696   0.1657227880  -0.1461226870
22118  -0.1317463934  -0.0051728734   0.1094223522   0.1284086859  -0.1350837218
22119  -0.0458020552   0.0712550427   0.0510071816  -0.0123132395   0.0007343722
22120  -0.0383063022   0.0543480957   0.0102865559   0.0388992259   0.0968684865
22121  -0.0367848253   0.0520469331   0.0598760235  -0.0962218683  -0.0221502785
22122  -0.1381015552   0.1955608610   0.1284124552   0.1312228898  -0.1196996693
22123   0.0919238966   0.0431649907   0.0970561525  -0.2861222022  -0.2329367208
22124   0.2693366456   0.2714604622   0.2137182474  -0.1724357010  -0.2162635250
22125   0.0846137676   0.1648139874   0.1419395271   0.0852005755  -0.0016962110
22126  -0.0143763914  -0.0082860633   0.0557350402  -0.0837152097   0.0065949235
22127   0.0597099177  -0.0927661346   0.0683184666  -0.1113869769  -0.1225757021
22128   0.0576364739  -0.1241792027  -0.2616792378  -0.0949756081  -0.1220105804
22129  -0.0452218911   0.0552646560   0.1028459321  -0.1040022488   0.1145994330
22130   0.1053515976  -0.0149887409  -0.0217965950   0.0093953824  -0.1125713685
22131  -0.0290217339  -0.1378102547   0.0829732646  -0.0038889693   0.1545181870
22132  -0.0218329137   0.0690787386   0.0349650158   0.0482049461  -0.0553809458
22133  -0.0228671734   0.0197755791  -0.0975959282  -0.0111745220  -0.0230320622
22134   0.0710990361  -0.0055308720   0.0082403258  -0.0791489864  -0.0553927674
22135  -0.0000950246   0.0066028011  -0.0844806592   0.0173626666  -0.0153464734
22136   0.0174909063   0.0108898748  -0.0338004726   0.2068818141  -0.0252485915
22137  -0.3679786711  -0.0111276708   0.0188765587   0.0265277881   0.0201012818
22138  -0.0007066075  -0.0044158383   0.0033540356  -0.0029059884  -0.0081609877
22139  -0.0225416052  -0.0224409354   0.0790332335  -0.0662909695   0.0871204268
22140  -0.0001298873  -0.0852076330  -0.1554513770   0.0071381479   0.0469034240
22141  -0.2475397970   0.0652157328   0.0018645101  -0.0693132229   0.2354432815
22142   0.2807661979   0.2541892098   0.2154000024  -0.0610679491  -0.0072818875
22143   0.0087980096   0.0331154137   0.0918205338   0.0338478665   0.0239608441
22144   0.0375710967  -0.0087952296   0.0051684871  -0.0911939565   0.5026585319
22145  -0.0544916028   0.0554661929   0.3848345135   0.0046102522  -0.0671498352
22146  -0.0010249933  -0.0692243569  -0.0002334462  -0.0024537757  -0.0014780631
22147  -0.0001188213   0.0004172940   0.0001303426   0.0099849148
222 1  -0.0189104614  -0.0874858771  -0.1358624777  -0.0799539404   0.1646613154
222 2   0.1318623618  -0.0342568068  -0.0386819093  -0.0108518152   0.0238585058
222 3   0.1021944071   0.0471924096   0.0886061894   0.0356321406  -0.0172678561
222 4  -0.1762834620  -0.0611312161   0.0650901021  -0.0611587156  -0.0374375666
222 5   0.0389664427  -0.0572397507   0.0172729192   0.0345775229   0.0999773485
222 6   0.0732829404   0.1498650651   0.0590734379  -0.0129606683  -0.0142386406
222 7  -0.0322201464  -0.0223065510  -0.1460409324  -0.0742261820   0.1041836775
222 8   0.0821459994   0.2492158386   0.0690871690  -0.1634374939   0.2210478780
222 9   0.0837037050  -0.2483313838   0.1947219546   0.0567198578   0.0883917592
22210  -0.1127251570  -0.1616349059   0.1552289388  -0.0212379062   0.1313377092
22211   0.0891828863  -0.0623484647   0.1712719979   0.0955892458  -0.1258545380
22212   0.0493694760   0.1220139124  -0.0028057197  -0.0156607540   0.0014168772
22213  -0.0064518824   0.0175378638   0.0066828799   0.1120329771  -0.0173074730
22214   0.0595845253   0.0479901811  -0.0558760659   0.0033200851  -0.0493741142
22215   0.0541638675  -0.0153164067  -0.0154156208  -0.0852597620  -0.0140517211
22216  -0.0260895763  -0.1497270585   0.1423081199   0.0095877588  -0.2605023622
22217   0.0146151981   0.1625446772  -0.0909179649   0.0218055975   0.0262438416
22218   0.1239602864  -0.2055198378  -0.0595272576  -0.0064746180   0.2195021583
22219   0.1432571002  -0.3327684737  -0.2059656506   0.1889396750  -0.2424653322
22220   0.2830931822  -0.1377330727  -0.1750693149  -0.1320400695  -0.1140623106
22221  -0.1033679995  -0.0848304902  -0.0287525973   0.0889252217  -0.0158873106
22222   0.1796543050  -0.2460551393  -0.1036002971  -0.1502251074   0.1885754565
22223  -0.0606320526  -0.0240264326  -0.1962402528   0.3059397589   0.2127837810
22224  -0.2919253835  -0.2786618724  -0.2172550801   0.1580023693   0.2238103677
22225  -0.0518313300  -0.1728530604  -0.1412621765  -0.0433047185   0.0179150326
22226   0.0431466126   0.0404308845  -0.0316748469   0.1260449113   0.0237816442
22227  -0.0302059950   0.0759734135  -0.0612786345   0.0939872469   0.0760648222
22228  -0.0831504224  -0.0145794634   0.2543436930   0.0909584473   0.0482105172
22229  -0.0434702218   0.0088684448  -0.0228762070   0.0173214332   0.0005745422
22230  -0.0124358372  -0.0034818331   0.0132975000   0.0140785825  -0.0038411767
22231  -0.0036851386   0.0024614602  -0.0060989450   0.0031666183  -0.0077644690
22232   0.0242967266  -0.0189011797   0.0196577684  -0.0025056024   0.0010316821
22233   0.0162352039  -0.0114461298   0.0107533919   0.0033885459   0.0044590664
22234  -0.0075595396   0.0013107061  -0.0009484448   0.0107238118   0.0061019289
22235  -0.0001094731  -0.0062347397   0.0015521424  -0.0007626704   0.0040813281
22236  -0.0260681150  -0.0104330218   0.0214155455  -0.1268005825   0.0155144059
22237   0.2293015016   0.0069546398  -0.0014732057  -0.0019130741  -0.0583293786
22238   0.0031453276   0.0090317965  -0.0766413589   0.0095923607   0.0246059121
22239   0.0235489879   0.0152525047  -0.0930336599   0.0872621771  -0.0956654351
22240  -0.0024873124   0.1163406156   0.1708578331  -0.0160030099  -0.0168443878
22241   0.2264569789   0.0220516146   0.0042825623   0.0647158810  -0.2194622831
22242  -0.2704373521  -0.2053949937  -0.1761725449   0.0526288655   0.0112191679
22243  -0.0213979218  -0.0158438427  -0.0584943724   0.0026650527  -0.0367540298
22244  -0.0530273899  -0.0096711043   0.0060538734  -0.1069016561   0.5832696231
22245  -0.0584535492   0.0603206783   0.4210870129   0.0051618607  -0.0871156643
22246  -0.0013142549  -0.0877918424  -0.0003171335  -0.0026929665  -0.0015087253
22247  -0.0001714035   0.0004714290   0.0001331292   0.0094409453
223 1   0.0987621730   0.1377506001  -0.0073933723   0.1228397055  -0.0577636798
223 2  -0.0292348626   0.0380020846   0.1292157949   0.0184824534   0.0023392729
223 3  -0.1148910213   0.1069448377   0.0360394999  -0.0095164312   0.0506101669
223 4  -0.0203806385  -0.0434861307  -0.0052214503   0.0544177754   0.0074439330
223 5  -0.0578224580   0.0016980036  -0.0424324109   0.0060849639  -0.0178905898
223 6  -0.0245533286   0.0384475136  -0.0101987063  -0.0097918452  -0.0198855486
223 7   0.0246147507   0.0199861628   0.0167991048   0.0222949582   0.0273592541
223 8   0.0472789926  -0.0204614031  -0.0116038567  -0.0174918478   0.0078115046
223 9   0.0297046103   0.0270759797  -0.0292465389  -0.0129286366  -0.0518306944
22310   0.0229084100   0.0336722137  -0.0129117066   0.0158532020  -0.0586596007
22311  -0.0617318206   0.0637766645  -0.0569580691  -0.0103102082   0.0745942656
22312   0.0020269464  -0.0172740732   0.0524846416  -0.0194684552   0.0296250903
22313  -0.0645502651  -0.0094421521   0.0065474198  -0.0016186929   0.0646745003
22314  -0.0754496617   0.0384215953   0.0648684008  -0.0373396623  -0.0515508450
22315  -0.0425744427  -0.0247550917  -0.0330820983  -0.0412900752  -0.0313960066
22316   0.0219815457  -0.0203614185   0.0732720645  -0.0259804404  -0.0209925303
22317  -0.0491674881   0.0192496417  -0.0804779524  -0.1270634996   0.1250628158
22318   0.1338613754   0.0513499998  -0.1512682293  -0.1118184995   0.1026082048
22319   0.0949979873  -0.0042897930   0.0474351774  -0.0522582907  -0.0022763150
22320   0.0314018740  -0.0884665470   0.0208202418   0.0060800608   0.0045415422
22321  -0.0508457590  -0.0228168322   0.0245996336   0.0312431103  -0.0234613662
22322  -0.0208099234   0.0125537852  -0.0767729036   0.0229202312  -0.0819071743
22323  -0.0236091923  -0.0723875676   0.0834430193  -0.0015683642   0.0363088169
22324  -0.0166569192  -0.0229440084  -0.0210513393   0.0407193139  -0.0113515135
22325   0.0179076570  -0.0210185286  -0.0043547437  -0.0454306192  -0.0141805870
22326   0.0081162464  -0.0017215977  -0.0058501900  -0.0203954200   0.0083545202
22327   0.0078778808  -0.0098725953   0.0050090977  -0.0377744763   0.0002568128
22328   0.0326406100   0.2079176128   0.0155698196   0.0298451127  -0.2135052575
22329   0.0154491782  -0.0667760004  -0.1160140006  -0.0109236713   0.0221571589
22330   0.2387346890  -0.0346402260  -0.0213842586   0.0336692693  -0.2418770534
22331  -0.0955399658  -0.0950594305   0.1355715641  -0.0479063953   0.1151475178
22332  -0.0044840131   0.0301784443   0.0271106914   0.0257608736  -0.0353654246
22333  -0.0015902478   0.0017306110   0.0047866312  -0.0020087710   0.0002023879
22334  -0.0096673747   0.0059555382  -0.0017040888   0.0102980246   0.0045291488
22335  -0.0001114391   0.0000805321   0.0423970221  -0.0076792438   0.0116090637
22336  -0.0120782302  -0.0070933759   0.0207703995  -0.0065734391   0.0007487081
22337  -0.0062563226  -0.0005253223   0.0015120684   0.0017468143   0.0132068858
22338  -0.0020481134  -0.0199632253  -0.0462898267  -0.0021745465  -0.0180189988
22339   0.0246068655   0.0590735495  -0.0014389776  -0.1017163252  -0.0643434610
22340  -0.0313557476   0.1351930830  -0.0370340750   0.0085685989  -0.0142009762
22341  -0.0345019777   0.0134567372  -0.0072326439   0.0209716458   0.0649219509
22342   0.0768326562  -0.0714019409  -0.0605028250   0.0677687671  -0.1225794393
22343   0.0041395264  -0.0607895066  -0.0523510692  -0.0658803341   0.0246151187
22344   0.0248981992  -0.0005468137  -0.0023775929  -0.2268658752  -0.0351751430
22345   0.1250265283  -0.0009510345   0.0125554555   0.0002788728   0.6729817913
22346   0.0075898242  -0.6489868504  -0.0019283128  -0.0034575631   0.0228932049
22347   0.0010400490  -0.0005979440  -0.0003485245  -0.0018368458
224 1  -0.1696201409  -0.1253545741   0.0024291237  -0.1634283577  -0.0065558530
224 2   0.0879613139  -0.0970187067  -0.0200437730  -0.0928869990  -0.1507714984
224 3   0.0734184181   0.1233946407   0.1844457500   0.1755921266  -0.1238245286
224 4  -0.0300873859   0.1239774706  -0.0663242548  -0.0883592525   0.0477399027
224 5   0.1087399629   0.0495036012  -0.0088422746  -0.0075964176  -0.0766333050
224 6  -0.0017849309  -0.0353420552  -0.0296422649  -0.0088887084   0.0092651052
224 7  -0.0217646293   0.0273666625   0.0086365420  -0.0221061784  -0.0496139223
224 8  -0.0517041704   0.0158910234   0.0003332450   0.0324617536  -0.0291466671
224 9  -0.0504440804  -0.0087602786   0.0216811106   0.0150663885   0.0531640012
22410  -0.0230779372  -0.0566534641   0.0103857740   0.0039303265   0.0413697675
22411   0.0486964426  -0.0523046073   0.0409042185   0.0088213031  -0.0622581715
22412  -0.0053007281   0.0034574017  -0.0403948041   0.0186433959   0.0009079093
22413   0.0706167913  -0.0083348225  -0.0226962854   0.0056576742  -0.0615025936
22414   0.0791727299  -0.0328866602  -0.0759346639   0.0242133764   0.0434864433
22415   0.0416046152   0.0198233548   0.0153230826   0.0325842063   0.0322726670
22416  -0.0198233518   0.0001037624  -0.0413751409   0.0251166872  -0.0084642904
22417   0.0337094439  -0.0092951644   0.0784617643   0.1215717205  -0.1131824832
22418  -0.1106896656  -0.0740151091   0.1407693811   0.1029090703  -0.0686970512
22419  -0.0894728668  -0.0370403239  -0.0713857401   0.0806382967  -0.0117692907
22420   0.0115366225   0.0731695736  -0.0306463688  -0.0304468674  -0.0197107078
22421   0.0105069009   0.0242558629  -0.0030590642  -0.0348354515  -0.0016286573
22422  -0.0104656134   0.0089950409   0.0213892088  -0.0228018175   0.0105307349
22423   0.0212233445   0.0186475319  -0.0114184488  -0.0131273745  -0.0169974064
22424   0.0155321954   0.0163308873   0.0123442545  -0.0133834472  -0.0063231000
22425  -0.0002989656   0.0089957684   0.0133892704   0.0049743824   0.0034869209
22426   0.0080085462   0.0100184437   0.0136352300   0.0116895622  -0.0054747994
22427   0.0057054612   0.0109077660   0.0066690319   0.0159779676  -0.0042418084
22428  -0.0177721696  -0.1248026306  -0.0252520165  -0.0309897357  -0.0134281810
22429  -0.0059598343   0.0541869989   0.0426124859   0.0038006487   0.0009738522
22430  -0.0760876584   0.0188951283   0.0160197441  -0.0440585762   0.1814645924
22431   0.0942943464   0.1927152952  -0.1154026093  -0.0234114938  -0.3031649015
22432  -0.0118497106  -0.1413190052  -0.1825357886  -0.1668054144   0.1974864070
22433   0.0074110285  -0.0093902933   0.1667177492   0.0107258683   0.0321889732
22434  -0.1163271894   0.0154517822  -0.0115181190   0.0726327635   0.0282135961
22435   0.0002393000   0.0006031508  -0.2233728198   0.0433066016  -0.0099609931
22436   0.4988175372   0.1738202933  -0.2968694646  -0.0070186022   0.0011906480
22437   0.0353963026   0.0030965978   0.0679165441   0.1034929227  -0.4545827432
22438   0.0337848995   0.0227043671   0.2348992679  -0.0084750938   0.0114891664
22439  -0.0270419829  -0.0713675570   0.0007875018   0.1668283375   0.1300987503
22440   0.0862440395  -0.4183020049   0.0648876985  -0.0010913399  -0.0335522216
22441   0.1060211644  -0.0161361918   0.0228645885  -0.0642590682  -0.2073265142
22442  -0.2294006012   0.2061502229   0.2026573616  -0.2522272174   0.4391399462
22443  -0.0291436690   0.2780972519   0.1975410112   0.2507407547  -0.0768666921
22444  -0.0671645006  -0.0001867645  -0.0005985571  -0.0569178883  -0.0095417718
22445   0.0327972175  -0.0001556734   0.0037671410   0.0000774942   0.1679300038
22446   0.0018938433  -0.1644453890  -0.0004904527  -0.0004992574   0.0040126821
22447   0.0001521264  -0.0001325598  -0.0000838087  -0.0008542704
225 1   0.0990067532   0.1065267447  -0.0782290877   0.0139958468   0.1887336536
225 2   0.0357104311   0.0128026458  -0.0361246557   0.0122505452   0.0217494518
225 3  -0.0788169589   0.0171126659   0.0459231883  -0.0844142337   0.0224811400
225 4  -0.0464808902  -0.0041975365   0.1010785867  -0.0806618873  -0.0532221158
225 5   0.0442015321  -0.0505291833   0.1873245581  -0.0132386137   0.0037368472
225 6  -0.0773150303  -0.0463350003   0.0211549316   0.0354776016  -0.0622927615
225 7  -0.0019465816  -0.1144979045   0.0070303963   0.0301506076  -0.2341144387
225 8  -0.2173073392  -0.0226942962   0.2332326946  -0.0616243075   0.1037262919
225 9   0.0731382439  -0.2836807015  -0.0821373037   0.1324099916   0.2627908258
22510  -0.0714637340   0.0764626685   0.0849577521  -0.0907163999   0.1988055497
22511   0.0992569993  -0.1600208102   0.1447345887  -0.1050404432  -0.1445783123
22512  -0.1797220094   0.2132926337   0.0539748529   0.2704273592  -0.3298958641
22513  -0.1138929879   0.2800136334   0.3237462230   0.0056438624  -0.0364313737
22514  -0.2466638139   0.0099730657   0.1829614929   0.0855759509   0.2644558049
22515  -0.1081977209  -0.0545493810   0.3374139779   0.3896239924   0.1366291153
22516  -0.0397763517   0.3445998465  -0.4635180216   0.1251545003   0.3360138699
22517   0.2210835363  -0.1473356484  -0.0842619697   0.0628946932  -0.1093861244
22518  -0.1701315930   0.2941458141   0.0457491915   0.0823366583  -0.3523314464
22519   0.0039471975   0.4946354740   0.3726837043  -0.4164498099   0.1789844000
22520  -0.5111248598   0.0603998877   0.1976586236   0.2909754088   0.2405442006
22521   0.3287350630  -0.0410461451  -0.1497358947   0.1086655643   0.2468341478
22522   0.2618837111  -0.1644875486   0.4315240393   0.0820285038   0.4767885177
22523  -0.0873160931   0.3912945924  -0.4617402792   0.0972471068  -0.1416348552
22524  -0.0031650645   0.0485163239   0.0710209949  -0.2050935186   0.1159032580
22525  -0.1305247735   0.1296866829  -0.0594316706   0.2019574984   0.0559680826
22526  -0.1298147367  -0.0766979301  -0.0718617781  -0.0605209610  -0.0528455268
22527  -0.0741064984  -0.0601044170  -0.0543760679   0.0886804785   0.0414515738
22528  -0.0417072184   0.1073313609   0.1861434348   0.1810912811   0.0130637933
22529  -0.3594790861  -0.2237185101   0.1164535742  -0.1891033899  -0.0562745792
22530   0.0738121884  -0.1286409082  -0.0554533015   0.0501916923  -0.0200002154
22531  -0.0170951263  -0.0272262151   0.0270596233  -0.0016545784   0.0070946029
22532   0.0282197853  -0.0095546269   0.0104013341   0.0065122283  -0.0093283083
22533  -0.0115044506   0.0074621025   0.0187137495   0.0309402195   0.0252367341
22534  -0.0031740244  -0.0390535349   0.0004901924  -0.0004232554   0.0006928760
22535  -0.0004181100   0.0022171269   0.0086178988  -0.0021727151   0.0080297780
22536   0.0101523078   0.0000829204   0.0170484514   0.2747646006  -0.0346696763
22537   0.1620563692   0.0062783382  -0.0104761282  -0.0105249892   0.0023268989
22538   0.0002949642  -0.0095900627  -0.0405500669   0.0008988077  -0.0069155674
22539   0.0137941482  -0.0131449371   0.0162612340   0.0778617605   0.0793703679
22540   0.0405981186  -0.1450891508   0.1827891190  -0.1790137548   0.5662222178
22541   0.0873540278  -0.1766537815  -0.0511893099   0.1790883054   0.1322164604
22542   0.0622898562  -0.0577683558  -0.0293241592   0.0107741721  -0.0057027224
22543  -0.0261081728   0.0436714314   0.0089379801   0.0328650472  -0.0146928763
22544  -0.0178010554  -0.0002411601  -0.0001908098  -0.0148746534  -0.0023422444
22545  -0.0099371509   0.0001355484  -0.0014073682  -0.0002140713   0.0295994587
22546   0.0003362769  -0.0281728974  -0.0000957294  -0.0000902451   0.0005721823
22547   0.0000137444  -0.0000129669  -0.0000041184  -0.0001186717
226 1   0.0598549790   0.0438261278   0.0051777189   0.1114449692  -0.0717218844
226 2  -0.0411619681   0.0360829456   0.1388249343   0.0277323937  -0.0007324451
226 3  -0.0752452993   0.0926614560   0.0493725294   0.0129170675   0.0495490744
226 4  -0.0208564350  -0.0814050681  -0.0638934737   0.1091746527   0.0262439300
226 5  -0.1004771592   0.0050678444  -0.1586651181   0.0017144101  -0.0256461856
226 6   0.0172211318   0.0885814055  -0.0282728213  -0.0502162123   0.0001547471
226 7   0.0405813272   0.1067894680   0.0527469038  -0.0033097417   0.1009095574
226 8   0.1332386472  -0.0123735496  -0.0838180755   0.0215177268  -0.0394887834
226 9   0.0192976944   0.1548492783  -0.0457340121  -0.0819208514  -0.1344298775
22610   0.0455054367   0.0103144064  -0.0838521892   0.0439316593  -0.1476166058
22611  -0.1213052846   0.1750322129  -0.1537659250  -0.0341490015   0.1800721291
22612   0.0326381420  -0.1063242293   0.0569703129  -0.1092877037   0.1846358870
22613  -0.0355637692  -0.1450269449  -0.1287355765   0.0066922818   0.0924398398
22614  -0.0209341285   0.0485067221   0.0408943463  -0.0918617101  -0.1450299622
22615  -0.0458649263  -0.0415007148  -0.2351264585  -0.2055478429  -0.0595248478
22616   0.0721934834  -0.1799897635   0.2943659177  -0.0136879662  -0.1968337695
22617  -0.1771062404   0.1095048675  -0.0644927756  -0.1740804408   0.1895137081
22618   0.2167169509  -0.0930407326  -0.1466621770  -0.1681346737   0.2689955017
22619   0.0323605115  -0.2541874287  -0.1812599411   0.1861080379  -0.0251102451
22620   0.2568766648  -0.0723921190  -0.0805111604  -0.1957227324  -0.1669480626
22621  -0.2121965307   0.0119269620   0.1135696710   0.0683532427  -0.1464601208
22622  -0.1219874261   0.0226959348  -0.4455051567  -0.1005519199  -0.3649576605
22623  -0.0430471560  -0.3829957885   0.3990441590   0.0930142914   0.2964977035
22624  -0.1612758050  -0.2276282561  -0.2245258738   0.3241822124  -0.0311315423
22625   0.1099450286  -0.1924738657   0.0396661090  -0.2717269092  -0.0421920636
22626   0.1555291539   0.0895687815   0.0382155065   0.0616694687   0.0549329876
22627   0.1106938514   0.0098028869   0.0277368534  -0.1827362891  -0.0946516011
22628   0.0178807636   0.1713289067  -0.1899504576  -0.1106973033  -0.2364130115
22629   0.2649818828   0.0682202177  -0.1984708711   0.0992709368   0.0565354689
22630   0.2285422468   0.0429311529   0.0030483890   0.0029156827  -0.2789336858
22631  -0.1077343905  -0.1087510896   0.1640959468  -0.0648256928   0.1629896733
22632  -0.0155364455   0.0543038670   0.0439345444   0.0374620086  -0.0497383550
22633   0.0001028690   0.0012543881  -0.0239205741  -0.0056645010  -0.0053840618
22634   0.0003730711   0.0090952080  -0.0009958343   0.0291511542   0.0193702856
22635  -0.0003249446  -0.0010468622   0.1722898539  -0.0341765128   0.0096367108
22636  -0.1968275855  -0.0681173926   0.1154418499   0.0375706099  -0.0047990716
22637   0.0150771027   0.0003123095  -0.0288001436  -0.0424529901   0.2080465721
22638  -0.0133636430   0.0432800324  -0.1847138035   0.0251360687   0.0708467572
22639  -0.0332417860  -0.1277028925  -0.0471099280   0.2638757873   0.0776134924
22640   0.0551180806  -0.2038496473   0.1475137397  -0.1224221769   0.3784374001
22641   0.0094696550  -0.2184498729   0.0021345756  -0.0779323431  -0.1359463787
22642  -0.1024362401   0.1065697033   0.1156811537  -0.1561407687   0.2625785862
22643   0.0223504324   0.1016612177   0.0744763465   0.0752170292  -0.0187560783
22644  -0.0144254393   0.0004791452   0.0015689885   0.2101324573   0.0346805828
22645  -0.4083193097   0.0030232110  -0.0504558496  -0.0045765786   0.0666252203
22646   0.0007401674  -0.0601311924  -0.0002724237  -0.0010032442   0.0073354908
22647   0.0005292975   0.0000104383   0.0001434917  -0.0006622197
227 1  -0.1534783879  -0.0579540959   0.0311848409  -0.1486795186  -0.0132643533
227 2   0.1099313793  -0.1138513492  -0.0096767784  -0.0984283994  -0.1178672264
227 3   0.0613027091   0.1400643406   0.1206498573   0.1485593083  -0.0822304036
227 4  -0.0533523344   0.0984176679  -0.0229681513  -0.0909457600   0.0454347212
227 5   0.0798131184   0.0423614297   0.0227282259  -0.0121353518  -0.0673051550
227 6   0.0125746509  -0.0467337585  -0.0114107101   0.0177840292   0.0276053077
227 7  -0.0299238079  -0.0356531311  -0.0834794862  -0.0335040798   0.0178529663
227 8  -0.0304975815   0.0747836650   0.0303732948  -0.0573464499   0.0632695610
227 9   0.0141826261  -0.0850798116   0.0596137949   0.0345346186   0.0347139669
22710  -0.0273409478  -0.0415019830   0.0597117867  -0.0022840022   0.0456083363
22711   0.0447926146  -0.0312001647   0.0679840602   0.0738382374  -0.0387617750
22712   0.0442095263   0.0382772046   0.0020722509  -0.0013488232   0.0127582746
22713  -0.0030469083   0.0095177689   0.0106014976   0.0415037692   0.0026398546
22714   0.0437354249   0.0339416861  -0.0659414573  -0.0054120854  -0.0316854368
22715   0.0438606178   0.0264634911   0.0820933694  -0.0047189046  -0.0099208983
22716  -0.0569471755  -0.0264263052   0.0256090025  -0.0780069837  -0.0293610502
22717   0.0199704204   0.0045030548   0.0277194013   0.0517967881  -0.0249732910
22718  -0.0146854179  -0.0621896465  -0.0031450857   0.0353639569   0.0333142459
22719   0.0293254197  -0.0620215266  -0.0183677593   0.0509059476  -0.0846688547
22720   0.1051553322  -0.0216027342  -0.0455835481  -0.0064485217   0.0284992786
22721  -0.0648352611   0.0030494927   0.0313118364  -0.1089755255  -0.0631862906
22722  -0.1026950329   0.1301268433   0.0594740909   0.0944904559  -0.1017687999
22723   0.0724094598   0.0189961175   0.0656943359  -0.1887421124  -0.1609995821
22724   0.1691684165   0.1790887115   0.1544266447  -0.1253104070  -0.0901799689
22725   0.0123206905   0.0779827432   0.0100556639   0.0395291818  -0.0305703351
22726  -0.0510278387  -0.0381923913   0.0134720911  -0.0600781767  -0.0216110756
22727  -0.0495347447   0.0324415931   0.0228569343   0.0789310352   0.0784692826
22728   0.0518980170   0.0260435260   0.0762045095   0.0011984374  -0.1026451511
22729   0.1186215448   0.0131840159  -0.1637056547   0.1463638559  -0.0264125322
22730   0.1785831845   0.0103059607   0.0628298956   0.0313242933  -0.1724853569
22731  -0.0209673058   0.0584323223   0.1537254394  -0.1454791198  -0.0039957776
22732  -0.0686383071   0.0029584229  -0.1056364972  -0.0617644907   0.0637111155
22733  -0.0311699296   0.0271418373   0.0824553732   0.0088018860   0.0237270017
22734  -0.0905758393   0.0274723351  -0.0128163306   0.1271302770   0.0662955916
22735  -0.0012769223  -0.0043671806   0.2896537292  -0.0559443787   0.0242973751
22736  -0.1556213460  -0.0532575141   0.0751811023  -0.5632606977   0.0717343471
22737  -0.3272275328  -0.0135099213  -0.0024700264  -0.0161326263   0.1523156352
22738  -0.0132122099   0.0229983424  -0.1545470290   0.0186619561   0.0364765724
22739  -0.0021076249  -0.0734818664   0.0294714967   0.1598329529   0.1815668086
22740   0.0886490068  -0.4014081141   0.1258591536  -0.0423317863   0.0958288216
22741   0.2365194316   0.1290167624  -0.0433654156   0.3106780509   0.2039212024
22742  -0.0175270663   0.0226089769  -0.0282759920   0.0861513261  -0.0884631879
22743  -0.0537640561  -0.0106325985   0.0503133799   0.0989126875  -0.0556408126
22744  -0.0694821151  -0.0006924550  -0.0010838870  -0.1564358969  -0.0273924606
22745   0.2914082366  -0.0020437855   0.0358978589   0.0031712693  -0.0529608251
22746  -0.0005842045   0.0470750201   0.0001918308   0.0002315468  -0.0035081048
22747  -0.0003023573  -0.0000227087  -0.0000995804   0.0005835821
228 1   0.0222419391  -0.0858151056  -0.0609664135  -0.0102053437   0.1637998483
228 2   0.0106929683   0.0115062724  -0.0197299391   0.0301120547   0.0116557239
228 3   0.0012821677  -0.0136236577   0.0840331821  -0.0374216713   0.0141220697
228 4  -0.0458161739  -0.0744454216  -0.0174645828   0.0233825210  -0.0171957215
228 5  -0.0294518010  -0.0448948503  -0.0395759667  -0.0181345405  -0.0088622753
228 6  -0.0000421114   0.0550509549  -0.0150330458  -0.0458042173  -0.0271431450
228 7   0.0301879395   0.0641714853   0.0907913944  -0.0167565681  -0.1064147392
228 8  -0.0562365162  -0.0184243707   0.0892939091   0.0286189008  -0.0032432149
228 9   0.0393278700  -0.0272597133  -0.1159563942  -0.0025436830   0.1096048519
22810  -0.0295801708   0.0262065471  -0.0570808068  -0.0351561950   0.0295538478
22811  -0.0131520849   0.0467820250  -0.0416390303  -0.1620944094   0.0488577149
22812  -0.1282486592   0.0376774419   0.0527750258   0.1004461598  -0.0367445871
22813  -0.0435300518   0.0175976840   0.0579114966   0.0143182318   0.0025763045
22814  -0.1318223944   0.0155801382   0.1325192345  -0.0119330046   0.0994954336
22815  -0.1127641535  -0.0859284825  -0.0620803823   0.0799889469   0.0868768716
22816   0.0625723137   0.0423890444  -0.0514277405   0.1675122908  -0.0016927133
22817  -0.0196007859   0.0249493007  -0.0462394394  -0.0154595246  -0.0008728678
22818  -0.0243581777   0.0151429974   0.0760815762  -0.0142926393  -0.0462942417
22819  -0.1287059531   0.0160579578  -0.0722333643   0.0436623384   0.1424916632
22820  -0.0913047726   0.0997841925   0.0057189332  -0.0981241300  -0.0949173403
22821   0.0301739607   0.0263371477   0.0117054350   0.1941784373   0.0223444080
22822   0.0887670405  -0.1686940820  -0.2763835041  -0.1759832118  -0.0385339366
22823  -0.1316077480  -0.1992285877   0.1201817775   0.3079044472   0.3768772472
22824  -0.3062147094  -0.3680620395  -0.3388657872   0.3514178988   0.0926806334
22825   0.0440213317  -0.2070008216   0.0233560730  -0.2312841413   0.0094577391
22826   0.1602413024   0.1054581060   0.0119282333   0.1096615516   0.0441098007
22827   0.1323957538  -0.0299647186  -0.0107785705  -0.2034027956  -0.1587710140
22828  -0.0815526276   0.0148490981  -0.2294027750  -0.0920800806  -0.0135194933
22829   0.0925246469   0.0350472341  -0.0046033763   0.0038806185   0.0065535386
22830   0.0001868629   0.0377474885  -0.0202446441  -0.0418834760  -0.0125034340
22831  -0.0188526948  -0.0046130249   0.0175587635  -0.0117871781   0.0114935356
22832   0.0119613591  -0.0055836935   0.0122945240  -0.0054054651   0.0057021406
22833   0.0110092671  -0.0100568173  -0.0041815989  -0.0009475036  -0.0003797528
22834  -0.0034221940   0.0020754445  -0.0003230514   0.0209391894   0.0175109428
22835   0.0003715115   0.0002894115   0.0652965181  -0.0131512405   0.0022576379
22836  -0.0637172707  -0.0227797573   0.0438963469   0.1430405412  -0.0183093090
22837   0.0798358915   0.0031882247  -0.0134710551  -0.0172310914   0.0964857667
22838  -0.0054064000   0.0256838460  -0.1198902807   0.0150904721   0.0461273835
22839  -0.0184130693  -0.0444476423  -0.0659384771   0.0949611439  -0.0666848905
22840  -0.0130012551   0.0847806695   0.0199804277  -0.0465965277   0.1611853129
22841  -0.1158429893  -0.1858834953   0.0235013831  -0.2005193496  -0.1721726453
22842  -0.0431041113   0.0528456853   0.0800261252  -0.1222878213   0.1754250093
22843   0.0466634232   0.0417559674   0.0169694011  -0.0158818363   0.0264920208
22844   0.0385109359  -0.0012853144  -0.0032722870  -0.3846875807  -0.0627690448
22845   0.6858277809  -0.0048180233   0.0857632670   0.0076793101  -0.1308631485
22846  -0.0014430051   0.1166787939   0.0005205007   0.0011172464  -0.0099287482
22847  -0.0007202676  -0.0000581965  -0.0002501409   0.0012457775
229 1   0.1443496063   0.2455445237  -0.0149028858   0.1427410694  -0.0422415914
229 2  -0.0165408831   0.0391984572   0.1207665039   0.0082371507   0.0125142675
229 3  -0.1643686050   0.1243748649   0.0144537243  -0.0426478412   0.0618949539
229 4  -0.0229282140  -0.0093386819   0.0586296573  -0.0011250535  -0.0142660434
229 5  -0.0188508533  -0.0064280018   0.0820772769   0.0108932867  -0.0110574732
229 6  -0.0697852231  -0.0165729798   0.0105065128   0.0322103555  -0.0426713516
229 7   0.0082351379  -0.0771632946  -0.0240187267   0.0476915582  -0.0447732222
229 8  -0.0404955635  -0.0259322962   0.0682319995  -0.0644461215   0.0626359124
229 9   0.0455293641  -0.1125363863  -0.0137682930   0.0608957276   0.0333002250
22910   0.0013856932   0.0648309258   0.0644502259  -0.0152588346   0.0347628163
22911  -0.0019794676  -0.0515352684   0.0438242281   0.0154228620  -0.0322622729
22912  -0.0308778749   0.0789509076   0.0531803249   0.0779247529  -0.1384198361
22913  -0.1047815358   0.1392013313   0.1569066744  -0.0092954517   0.0421932062
22914  -0.1447557732   0.0330356072   0.0997517949   0.0171333942   0.0418804999
22915  -0.0432638397  -0.0115495102   0.1867832447   0.1338989305  -0.0021134057
22916  -0.0310265878   0.1522493363  -0.1593060055  -0.0456363205   0.1707255179
22917   0.0846587521  -0.0765586868  -0.1087431011  -0.0924249224   0.0716801115
22918   0.0607161380   0.2152339074  -0.1789046378  -0.0658096854  -0.0654053860
22919   0.1768627921   0.2698440361   0.3033890198  -0.3199824769   0.0226125700
22920  -0.2100293154  -0.1175411373   0.1341111317   0.2269138815   0.1941294772
22921   0.1174583977  -0.0637282641  -0.0674983219  -0.0051321529   0.1070017744
22922   0.0842850720   0.0060404156   0.3163727637   0.1663999548   0.2132973094
22923  -0.0054969603   0.2562407547  -0.2475218891  -0.1067704229  -0.2439913537
22924   0.1406403583   0.1992004995   0.1998158971  -0.2641345433   0.0072627469
22925  -0.0794346068   0.1650341487  -0.0528073195   0.1954438186   0.0142228663
22926  -0.1521748782  -0.1021340033  -0.0548485324  -0.1158629671  -0.0435840345
22927  -0.1043160649  -0.0330460940  -0.0211688176   0.1151216399   0.1050372152
22928   0.0580125994   0.2815609511   0.2416506447   0.1871113063  -0.2065128392
22929  -0.2410318781  -0.2280644169  -0.0563541586  -0.1235524001  -0.0174156470
22930   0.3174894980  -0.1262237251  -0.0531341996   0.0801561363  -0.3015186094
22931  -0.1219338571  -0.1379353030   0.1918615344  -0.0662568506   0.1754280318
22932   0.0079936001   0.0486756948   0.0558289896   0.0468203020  -0.0640708876
22933  -0.0077242715   0.0068983702  -0.0169109993   0.0064132819   0.0040868615
22934  -0.0003422770  -0.0098827291  -0.0013530466   0.0243862410   0.0176283424
22935  -0.0007022070   0.0000900734   0.1708749433  -0.0332846675   0.0067329803
22936  -0.1948280835  -0.0664942276   0.1064753394  -0.0698974743   0.0090005314
22937  -0.0711309458  -0.0031330292  -0.0214184514  -0.0354290032   0.2011852932
22938  -0.0136249873   0.0514495133  -0.1475061462   0.0244802246   0.0783109684
22939  -0.0469557532  -0.1177707619  -0.0683786734   0.1944351555  -0.0080774542
22940   0.0121741876  -0.0530440282  -0.0644098625   0.0894445574  -0.2942430934
22941  -0.0958793523  -0.0327708441   0.0678654428  -0.3185627151  -0.3271378928
22942  -0.1994926314   0.1986017659   0.1732496672  -0.1963749433   0.3140034368
22943   0.0595567368   0.0637293869   0.0768606534   0.0435150957  -0.0025576800
22944   0.0116405265   0.0017357260   0.0041758724   0.3284068080   0.0625083466
22945   0.2069066498  -0.0027185997   0.0241807287   0.0042939809   0.0275837650
22946   0.0004482496  -0.0280068060   0.0001860862  -0.0018275452   0.0098754582
22947   0.0006679712  -0.0004281840  -0.0003475634   0.0002652656
230 1  -0.1620856145  -0.1305752668   0.0278072876  -0.1118511308   0.0007940636
230 2   0.0577715246  -0.0875914970  -0.0093472813  -0.0862371488  -0.1204608754
230 3   0.0330443486   0.1173902186   0.1884894085   0.1205356875  -0.0760884022
230 4  -0.0207851984   0.0925952491  -0.0896796809  -0.0530919443   0.0413954364
230 5   0.0776818496   0.0242838835  -0.0456115685  -0.0036961736  -0.0820995266
230 6  -0.0191151499  -0.0187069947  -0.0386617430  -0.0350323717  -0.0079554651
230 7   0.0061490701   0.0767374509   0.0933520619  -0.0009961661  -0.1024264565
230 8  -0.0645697182  -0.0643665170  -0.0175328215   0.0994533683  -0.0996576206
230 9  -0.0800439344   0.0650743284  -0.0439213022  -0.0105927983   0.0452925345
23010  -0.0013465201  -0.0265888465  -0.0434028545   0.0093222456   0.0060286650
23011   0.0102811358  -0.0270499968  -0.0275595872  -0.0574472099  -0.0219890449
23012  -0.0558842298  -0.0365377947  -0.0367572912   0.0400964041  -0.0131850650
23013   0.0752692211  -0.0063868011  -0.0208146466  -0.0295419665  -0.0606744790
23014   0.0241865282  -0.0549259493  -0.0036856503   0.0272191109   0.0756732234
23015  -0.0103195547  -0.0031373235  -0.0441979997   0.0468465444   0.0412624332
23016   0.0289295949   0.0342704889  -0.0658392879   0.0830981570   0.0391801424
23017   0.0079235109  -0.0225356649   0.0361812471   0.0426573505  -0.0603627229
23018  -0.0684269169   0.0062826314   0.1004735820   0.0412274629  -0.0824104726
23019  -0.0840691054   0.0454583269  -0.0225258386  -0.0025164478   0.0747045505
23020  -0.0937233577   0.0656254989   0.0389440719  -0.0113984249  -0.0301243310
23021   0.0588590495   0.0109741752  -0.0242472954   0.0727649652   0.0502502891
23022   0.0669490340  -0.0949584590  -0.0439612590  -0.0774935721   0.0639047360
23023  -0.0499009613  -0.0201652171  -0.0320358735   0.1347721738   0.1205152347
23024  -0.1225766847  -0.1311630135  -0.1155667909   0.0979372341   0.0556606090
23025   0.0016402252  -0.0525383847   0.0000360473  -0.0515182587   0.0179417583
23026   0.0443624743   0.0324652627  -0.0038633592   0.0288577474   0.0079486464
23027   0.0503654997  -0.0366674048  -0.0191270171  -0.0835744681  -0.0714489008
23028  -0.0237614981   0.0572530754  -0.0686784885   0.0244751757  -0.0594799278
23029  -0.0968517492  -0.1352076000  -0.0065415383  -0.0843403819  -0.0861674781
23030   0.1987696399  -0.0596435095  -0.0853684654  -0.0364804804  -0.1470102039
23031  -0.0743576107   0.0401018505   0.1823036976  -0.1606734308  -0.0051077858
23032   0.0402888150  -0.0676213147  -0.0308640945  -0.0718572576   0.0695809600
23033   0.0305921905  -0.0286824838   0.0839566690   0.0096618097   0.0265052811
23034  -0.1106858829   0.0008646242  -0.0134114983   0.1589192342   0.1042333862
23035  -0.0009572899   0.0041173813   0.3588953328  -0.0703353467   0.0288726158
23036  -0.1741681829  -0.0664122939   0.1400377084   0.5030692874  -0.0640799159
23037   0.2713231752   0.0107851552  -0.0377190426  -0.0466878247   0.1576952626
23038  -0.0086134360   0.0390603296  -0.1334849729   0.0182886249   0.0527290278
23039  -0.0240928361  -0.0928811826   0.0190440905   0.1263598540   0.1362359769
23040   0.0611128971  -0.3001164421  -0.0215755654   0.1096087452  -0.3865215528
23041   0.1553716213   0.2614191311   0.0039384783   0.1316780328   0.0658996397
23042  -0.0812163135   0.0941111439   0.0166978764   0.0601761874  -0.0612915845
23043  -0.0274198305  -0.0516824236   0.0411544385   0.0643147239  -0.0351485310
23044  -0.0512640104  -0.0020995899  -0.0044368459  -0.3532998572  -0.0684082884
23045  -0.2115297819   0.0030821005  -0.0234416113  -0.0044917515  -0.0404891158
23046  -0.0005972771   0.0364996882  -0.0001846758   0.0004928704  -0.0038695699
23047  -0.0003313052   0.0003815934   0.0003516433   0.0000146351
231 1   0.0250435494  -0.0787393048  -0.0616445666  -0.0069755648   0.1658585097
231 2   0.0093381769   0.0129156588  -0.0205608560   0.0297844055   0.0121520942
231 3  -0.0043721512  -0.0130684356   0.0858256386  -0.0415134019   0.0148078098
231 4  -0.0434499287  -0.0710401297  -0.0139054798   0.0195144601  -0.0194633418
231 5  -0.0251476928  -0.0460182908  -0.0304657545  -0.0174753719  -0.0077396890
231 6  -0.0054838791   0.0515976017  -0.0150656164  -0.0436400472  -0.0306699097
231 7   0.0308626014   0.0606811529   0.0954103147  -0.0113504877  -0.1210271843
231 8  -0.0683399063  -0.0269622300   0.0940075122   0.0322312886  -0.0060095505
231 9   0.0362280472  -0.0332111291  -0.1196421268   0.0026024972   0.1186876551
23110  -0.0307648746   0.0289356294  -0.0549011649  -0.0371293212   0.0364844258
23111  -0.0083746800   0.0349477230  -0.0365678821  -0.1648522016   0.0393402971
23112  -0.1355660608   0.0425568033   0.0503662195   0.1110307201  -0.0531874407
23113  -0.0418070078   0.0305523961   0.0697763361   0.0095434833  -0.0033743490
23114  -0.1380988358   0.0100789999   0.1374598315  -0.0046512656   0.1138818070
23115  -0.1143696824  -0.0841608857  -0.0473157612   0.0976262325   0.0903655368
23116   0.0611931527   0.0607341790  -0.0773278951   0.1722052693   0.0200862995
23117  -0.0075134274   0.0144718292  -0.0477321948  -0.0123136707  -0.0079863959
23118  -0.0350930398   0.0339038107   0.0800567757  -0.0093316212  -0.0677012308
23119  -0.1267824921   0.0468017437  -0.0484938329   0.0161847753   0.1519414218
23120  -0.1233026952   0.1015280392   0.0206031900  -0.0770714424  -0.0797835096
23121   0.0524369456   0.0232794082   0.0003170288   0.1975517959   0.0401608413
23122   0.1055595487  -0.1795321942  -0.2432149018  -0.1708010545  -0.0020661959
23123  -0.1345889389  -0.1690289163   0.0830949640   0.3111170537   0.3610915415
23124  -0.3036322639  -0.3592763410  -0.3282831354   0.3304422701   0.1009710524
23125   0.0338556867  -0.1941423525   0.0179185843  -0.2107309148   0.0147724094
23126   0.1485157918   0.0985921899   0.0065966733   0.1037717526   0.0402310081
23127   0.1261165189  -0.0356193786  -0.0157530536  -0.1947665735  -0.1545484184
23128  -0.0823251741   0.0221374689  -0.2137299465  -0.0754025052  -0.0108502239
23129   0.0551527976   0.0130262686   0.0105196798  -0.0190759350   0.0017993799
23130   0.0039903758   0.0246012674  -0.0312437181  -0.0410000750  -0.0086551927
23131  -0.0207070424  -0.0083162907   0.0099826941  -0.0041918029   0.0071147498
23132   0.0193306146  -0.0121233662   0.0168379494  -0.0017320870   0.0019497583
23133   0.0152755553  -0.0131703326   0.0025164985  -0.0035180567  -0.0017707939
23134  -0.0069723434   0.0039397644  -0.0005424477   0.0064182650   0.0056756472
23135  -0.0001095174   0.0017556285  -0.0000669200  -0.0001236830   0.0032050467
23136   0.0226221945   0.0060475890  -0.0008921688   0.1891587796  -0.0240268878
23137   0.1148938701   0.0046087670  -0.0029003326  -0.0001215081  -0.0590149920
23138   0.0043965518  -0.0165457074   0.0864863021  -0.0110079217  -0.0333832805
23139   0.0120648412   0.0182911487   0.0676587224  -0.0483572155   0.1007856460
23140   0.0297940417  -0.1538658249   0.0152294502   0.0228221782  -0.0904388021
23141   0.1453034675   0.1765911650  -0.0309117627   0.2384207104   0.1934670699
23142   0.0390116338  -0.0445620687  -0.0760631840   0.1219184034  -0.1680917365
23143  -0.0521432750  -0.0353040696  -0.0077197772   0.0316897321  -0.0341992571
23144  -0.0474911151   0.0032732193   0.0085217088   0.6773615362   0.1286778347
23145   0.3873404569  -0.0051844554   0.0461642431   0.0084877531   0.0794843911
23146   0.0011903511  -0.0739984753   0.0003397164  -0.0017665993   0.0104783649
23147   0.0007498989  -0.0008144682  -0.0007624413   0.0003699488
232 1   0.1046833703   0.1413988232  -0.0250041446   0.1177669475  -0.0516328589
232 2  -0.0233320554   0.0399386925   0.1223869872   0.0143718083  -0.0041941923
232 3  -0.1138687346   0.1041127831   0.0450073124  -0.0045176038   0.0378999049
232 4  -0.0198823090  -0.0296115063   0.0011470645   0.0370142930   0.0046144435
232 5  -0.0358187194   0.0000721406  -0.0192258249   0.0150516387  -0.0092405936
232 6  -0.0318603393   0.0352777095  -0.0073295061  -0.0048451095  -0.0259982532
232 7   0.0172256031   0.0107982344   0.0129266761   0.0237233505   0.0149857037
232 8   0.0362303431  -0.0069137420  -0.0014335878  -0.0180919807   0.0095790381
232 9   0.0174936154   0.0003003613  -0.0103746765   0.0023436928  -0.0265977290
23210   0.0095284826   0.0191362816   0.0062908269   0.0106950054  -0.0260487184
23211  -0.0304868155   0.0201620789  -0.0184037965  -0.0079721748   0.0241118834
23212  -0.0041878309   0.0016311866   0.0327648954  -0.0035554381  -0.0047568270
23213  -0.0387909800   0.0104995720   0.0173754087  -0.0051398287   0.0277635847
23214  -0.0484597484   0.0174559248   0.0369324619  -0.0136948472  -0.0167379459
23215  -0.0187558112  -0.0137417843   0.0012557808  -0.0030407060  -0.0143491902
23216   0.0078987073   0.0057036594   0.0140376110  -0.0091699145   0.0003821316
23217  -0.0076457258   0.0042164786  -0.0480778921  -0.0598055528   0.0574088737
23218   0.0623647976   0.0427256912  -0.0796924623  -0.0501614741   0.0361855683
23219   0.0599379996   0.0182590358   0.0466336208  -0.0520924346  -0.0069887219
23220  -0.0074045030  -0.0512714318   0.0138777918   0.0296171971   0.0180405593
23221  -0.0028168546  -0.0164622735  -0.0010655239   0.0135922849   0.0105635145
23222   0.0188353282  -0.0129410596   0.0102025186   0.0104116919   0.0235156237
23223  -0.0125016550   0.0137867354  -0.0274263330   0.0118675396  -0.0025158314
23224  -0.0139624297  -0.0033513490   0.0033970359  -0.0117054889   0.0173213118
23225  -0.0126177028   0.0044024503  -0.0087373122   0.0204854752   0.0085149051
23226  -0.0056719747  -0.0032183796  -0.0065619447   0.0011919102   0.0060840504
23227  -0.0098294626   0.0007976286   0.0043201934   0.0148379313   0.0095097392
23228   0.0025427864  -0.0043666960   0.0067868130  -0.0149802691  -0.0335995281
23229  -0.0125566574   0.0924851610   0.0832114457  -0.0238637327   0.0540826441
23230  -0.0835536369   0.0337936237  -0.0216001812  -0.0620688197   0.0020185245
23231  -0.0041179828   0.1053336883   0.1837375046  -0.2629744576   0.0790625427
23232   0.0117589742   0.0093047613   0.0153571939  -0.0486868285   0.0180860634
23233   0.0243481343  -0.0168896771  -0.3167306579  -0.0423445737  -0.0633760677
23234   0.1234158420   0.0041746394   0.0124056548   0.0635564112   0.0476966069
23235   0.0003252430  -0.0073638853   0.3189873891  -0.0586860996  -0.3730403498
23236  -0.1472666914   0.0447580201  -0.3686842348  -0.0065401228   0.0002905576
23237   0.0055309515   0.0050019913   0.0299134148   0.0360786197  -0.1925152788
23238   0.0320099270   0.5082668492   0.5522875506   0.0844426106   0.5021033515
23239  -0.3907591158  -0.3430397975  -0.2620938521   0.3115248698  -0.1725015021
23240  -0.0195939588   0.0438438428  -0.0795189346   0.0007057773   0.0245947120
23241  -0.1065216176  -0.0348388425   0.0047598481  -0.0479312514   0.0375519027
23242   0.0864292344  -0.1092314755  -0.0888434486   0.1601723975  -0.3379947571
23243  -0.2813081048   0.3537236073   0.0303189236   0.2898441493  -0.2495987395
23244  -0.3420412430   0.0001897162   0.0000245195   0.0029381588  -0.0002728523
23245  -0.0002043142  -0.0000210922  -0.0000037878   0.0000138323   0.0029548246
23246   0.0000231854  -0.0021410690   0.0000307427   0.0145658220  -0.0733859627
23247  -0.0043314954   0.0006949113   0.0000383155   0.0002218364
233 1  -0.1470056283  -0.0727805280   0.0588163738  -0.0865991255  -0.0037656191
233 2   0.0709112504  -0.1016740017   0.0041616026  -0.0898340178  -0.0786508690
233 3   0.0143974261   0.1200468028   0.1161815741   0.0738885913  -0.0183574491
233 4  -0.0377909139   0.0534372893  -0.0506600899  -0.0377691325   0.0420415486
233 5   0.0310879515   0.0091160069  -0.0330633653  -0.0010486537  -0.0692714775
233 6  -0.0033101733  -0.0262887694  -0.0194331501  -0.0162790890   0.0091452288
233 7  -0.0025455753   0.0289853296   0.0168697082  -0.0130601717  -0.0381457159
233 8  -0.0387550239  -0.0209739598   0.0095486769   0.0261252165  -0.0169040554
233 9  -0.0249521912   0.0084340820  -0.0161494312  -0.0005661272   0.0277904076
23310  -0.0014707823  -0.0113541052  -0.0092341551   0.0015439429   0.0045572189
23311  -0.0071484030   0.0082623646  -0.0127973883  -0.0088748516   0.0160675298
23312  -0.0175245196   0.0006040536   0.0076746794   0.0278428191   0.0014666841
23313  -0.0049049214   0.0117526911   0.0166328470   0.0118032419   0.0139383571
23314  -0.0219130439   0.0130977371   0.0220817333  -0.0102984499   0.0025666640
23315  -0.0280936116  -0.0121954249   0.0077306588   0.0177934354   0.0100890870
23316   0.0035584222   0.0117875816  -0.0013646104   0.0058155743   0.0046905269
23317  -0.0048494544  -0.0029556226  -0.0167111303  -0.0185315008   0.0206623065
23318   0.0251156681   0.0111452912  -0.0292962131  -0.0220068318   0.0126886840
23319   0.0174011935   0.0108833140   0.0149790407  -0.0168623167   0.0094654040
23320  -0.0035068643  -0.0150883720   0.0159907338   0.0006268925   0.0024939593
23321  -0.0137230435  -0.0031996716   0.0118159299   0.0129399887  -0.0083012402
23322  -0.0124006942   0.0107133836  -0.0249431121   0.0105623211  -0.0413309633
23323  -0.0022988819  -0.0278115685   0.0466042469  -0.0115340718   0.0090687363
23324   0.0089934149  -0.0008838548  -0.0070373520   0.0175735500  -0.0209816953
23325   0.0157268363  -0.0029414808   0.0063274963  -0.0286818399  -0.0120567788
23326   0.0009679638  -0.0046546246  -0.0016047676  -0.0154296879  -0.0020991692
23327   0.0037598311  -0.0122519161   0.0010492657  -0.0242314823  -0.0072464725
23328   0.0122369638   0.0932195379   0.0164484046   0.0260540918   0.0063946967
23329   0.0004895773  -0.0426919605  -0.0259722615   0.0019551249  -0.0059009377
23330  -0.0642639722   0.0078963537   0.0463051214   0.0152575836   0.1601687919
23331   0.0959395697  -0.0857794312  -0.0330325501   0.0790720651   0.0998813637
23332   0.0044869421   0.0510341638   0.0360807829  -0.1600184260   0.2290399765
23333  -0.0408960681   0.0277790164  -0.1156293039   0.0461524366   0.0278855145
23334   0.0416021237  -0.0538107069   0.0041736687   0.2178908927   0.2475844802
23335   0.0018664529  -0.0058918520  -0.0979290930   0.0122953621   0.1044464283
23336   0.0183003150  -0.0167707491   0.0928920204   0.0011390502   0.0002900073
23337   0.0011135725  -0.0004687052   0.0298402917   0.0444171657   0.0409069613
23338  -0.0024497525   0.0117187208  -0.0864791971   0.0061006682   0.0072450871
23339  -0.0431074898  -0.0167099943   0.0568196077  -0.0570617063   0.0449177915
23340  -0.0047371463   0.0040827883  -0.0267663686   0.0051855654  -0.0081924583
23341  -0.0011193307   0.0091700866  -0.0072537844   0.0293348862   0.0130515620
23342  -0.0019375829  -0.0351069788  -0.0225933156  -0.0510644176   0.1174134353
23343  -0.0003941376   0.1023026968  -0.0374441507  -0.0229536285   0.0316967867
23344   0.0590870099   0.0001612887  -0.0002946221   0.0122887077   0.0011090963
23345  -0.0010089208   0.0000509402   0.0003239224   0.0002907555   0.0216343511
23346   0.0002839571  -0.0164554979   0.0001888731   0.1945173712  -0.9692003514
23347  -0.0582386108   0.0102641620   0.0008964990  -0.0083143632
234 1   0.0015359852  -0.0296032792  -0.0161912847  -0.0428014824   0.1279092128
234 2   0.0000000000   0.0000000000   0.0000000000   0.0473316299  -0.0003788864
234 3  -0.0066628031   0.0054598959   0.0200038832  -0.0037031543   0.0085414852
234 4  -0.0282768674  -0.0582894657   0.0060777555   0.0492895400  -0.0061077535
234 5  -0.0908511145   0.0107805240  -0.0527491249  -0.0864442158  -0.0707022940
234 6   0.0233044491  -0.0171510487  -0.0132540186  -0.0156432042   0.0175856139
234 7  -0.0003686198  -0.0099973658  -0.0031859715  -0.0134465929  -0.0335224275
234 8  -0.0440034200   0.0102543768   0.1319114135  -0.0513557601   0.0908814301
234 9   0.1360073587  -0.0561991536  -0.1478335891  -0.0070342651   0.0721064002
23410   0.0097054387   0.0905381425  -0.0693129915  -0.0525565360  -0.0129067666
23411  -0.0737527290   0.1644128602  -0.0772732113  -0.0917327395   0.1814859006
23412  -0.0780399544   0.0839568571   0.1340942100   0.1016211941   0.0382252031
23413  -0.1938363931   0.0212994317   0.1221489135   0.0932584457   0.1608520475
23414  -0.2123695443   0.1411344357   0.1654006536  -0.0903712998  -0.0121440221
23415  -0.1428724336  -0.1134080011   0.0278278694   0.0731334654   0.0689576378
23416   0.0342649000   0.0351399047   0.0134401293   0.0392989836   0.0007909075
23417  -0.0309347979   0.0116970559  -0.0363563103   0.0122805021   0.0086606584
23418  -0.0348486705  -0.0239779835   0.0536083279   0.0077715591  -0.0302177710
23419  -0.1468414283   0.0036231593  -0.0625584135   0.0989214088   0.0964513003
23420   0.0029123093   0.1434701643  -0.0313027513  -0.1204471495  -0.0253304874
23421  -0.0393162485   0.0648572755   0.0724917113   0.0073975738  -0.0770387804
23422  -0.1441481238   0.1156899287  -0.1939630014   0.0158117443  -0.3028844402
23423   0.0041728098  -0.1990156860   0.3474321320  -0.0611997540   0.1020444065
23424   0.0556805186  -0.0378233464  -0.0798446050   0.1540550217  -0.1157881355
23425   0.0788416031  -0.0486162338   0.0686661403  -0.2117522693  -0.0685905456
23426   0.0429783439   0.0180142229   0.0344298129  -0.0314954687  -0.0833545159
23427   0.0420122054   0.0415589067  -0.0308442313   0.0073473930   0.0296323150
23428  -0.0070033143  -0.0851174786   0.1068390598   0.0272409137   0.0723736029
23429  -0.0964127836  -0.0336725933   0.0536847783  -0.1445453736  -0.0584747400
23430  -0.0397068572  -0.4165652583   0.2199848533   0.4914457000   0.1391555488
23431   0.2218158494   0.0006456370   0.0988230389  -0.0382192740   0.0225979683
23432  -0.1661435572   0.2512916259  -0.2465128261   0.0300046031  -0.0035924842
23433  -0.5174438173   0.3915085143   0.0191416890   0.6128320016   0.4509985041
23434   0.2241454056  -0.6212706163   0.0409695091  -0.0236503340  -0.0226602404
23435   0.0005677587  -0.0211772080   0.0307824172  -0.0122381415  -0.0377367294
23436  -0.0118008679   0.0052822032  -0.0340589681   0.0068286343  -0.0008490779
23437   0.0126311653   0.0010338546  -0.0004898050   0.0019712708  -0.0163678683
23438   0.0038314290   0.0222875587   0.0327894289   0.0043155298   0.0248508651
23439  -0.0129074657  -0.0031368053  -0.0090677200   0.0003491620  -0.0086769540
23440  -0.0010902251   0.0053019219  -0.0062076747   0.0061636673  -0.0204947314
23441  -0.0066516460   0.0055481984   0.0040794195  -0.0152732815  -0.0076106222
23442   0.0002854190   0.0044216478   0.0018185475   0.0192998692  -0.0393869215
23443  -0.0227578918   0.0016884487   0.0040060093   0.0165913262  -0.0188892101
23444  -0.0305753975   0.0000850560   0.0001314114   0.0005284183   0.0000699736
23445   0.0010528216  -0.0000884516   0.0000092988   0.0000132032  -0.0011613801
23446  -0.0000224851   0.0008796474  -0.0000160217  -0.0141074513   0.0709325150
23447   0.0042425095  -0.0007624433  -0.0000888777   0.0006533963
$end
