================================================================
Ag 2x2 symmetry / enhancement diagnostic
wavelength   = 785 nm
resolution   = 2000 pixels/um  (grid = 0.500 nm)
gap = 2 nm  ->  4 cells across the gap
================================================================

########## excitation: symmetric ##########
--- Ag-containing model ---
-----------
Initializing structure...
time for choose_chunkdivision = 0.00125599 s
Working in 2D dimensions.
Computational cell is 0.7 x 0.7 x 0 with resolution 2000
     cylinder, center = (-0.026,-0.026,0)
          radius 0.025, height 1e+20, axis (0, 0, 1)
          dielectric constant epsilon diagonal = (1,1,1)
     cylinder, center = (-0.026,0.026,0)
          radius 0.025, height 1e+20, axis (0, 0, 1)
          dielectric constant epsilon diagonal = (1,1,1)
     cylinder, center = (0.026,-0.026,0)
          radius 0.025, height 1e+20, axis (0, 0, 1)
          dielectric constant epsilon diagonal = (1,1,1)
     cylinder, center = (0.026,0.026,0)
          radius 0.025, height 1e+20, axis (0, 0, 1)
          dielectric constant epsilon diagonal = (1,1,1)
time for set_epsilon = 1.66141 s
lorentzian susceptibility: frequency=16.365, gamma=1.95106
lorentzian susceptibility: frequency=7.32593, gamma=0.738804
lorentzian susceptibility: frequency=6.60165, gamma=0.052426
lorentzian susceptibility: frequency=3.61417, gamma=0.364563
lorentzian susceptibility: frequency=0.658148, gamma=3.13427
drude susceptibility: frequency=1e-10, gamma=0.0387146
-----------
Meep progress: 0.00825/72.33333206176758 = 0.0% done in 4.1s, 36336.0s to go
on time step 33 (time=0.00825), 0.125645 s/step
Meep progress: 0.01975/72.33333206176758 = 0.0% done in 8.1s, 29836.3s to go
on time step 79 (time=0.01975), 0.0870268 s/step
Meep progress: 0.029750000000000002/72.33333206176758 = 0.0% done in 12.3s, 29789.6s to go
on time step 119 (time=0.02975), 0.102711 s/step
Meep progress: 0.03775/72.33333206176758 = 0.1% done in 16.3s, 31136.6s to go
on time step 151 (time=0.03775), 0.125003 s/step
Meep progress: 0.047/72.33333206176758 = 0.1% done in 20.3s, 31189.1s to go
on time step 188 (time=0.047), 0.108653 s/step
Meep progress: 0.05625/72.33333206176758 = 0.1% done in 24.3s, 31241.8s to go
on time step 225 (time=0.05625), 0.109045 s/step
Meep progress: 0.06575/72.33333206176758 = 0.1% done in 28.4s, 31206.5s to go
on time step 263 (time=0.06575), 0.107307 s/step
Meep progress: 0.07675/72.33333206176758 = 0.1% done in 32.4s, 30496.2s to go
on time step 308 (time=0.077), 0.0906713 s/step
Meep progress: 0.088/72.33333206176758 = 0.1% done in 36.5s, 29939.2s to go
on time step 353 (time=0.08825), 0.0906526 s/step
Meep progress: 0.09925/72.33333206176758 = 0.1% done in 40.5s, 29507.4s to go
on time step 398 (time=0.0995), 0.0908722 s/step
Meep progress: 0.11125/72.33333206176758 = 0.2% done in 44.6s, 28963.9s to go
on time step 446 (time=0.1115), 0.0846655 s/step
Meep progress: 0.12225/72.33333206176758 = 0.2% done in 48.7s, 28748.6s to go
on time step 490 (time=0.1225), 0.0929138 s/step
Meep progress: 0.134/72.33333206176758 = 0.2% done in 52.7s, 28412.0s to go
on time step 537 (time=0.13425), 0.0857595 s/step
Meep progress: 0.1455/72.33333206176758 = 0.2% done in 56.8s, 28184.6s to go
on time step 583 (time=0.14575), 0.0882782 s/step
Meep progress: 0.156/72.33333206176758 = 0.2% done in 60.8s, 28138.5s to go
on time step 625 (time=0.15625), 0.0963235 s/step
Meep progress: 0.1655/72.33333206176758 = 0.2% done in 64.9s, 28309.0s to go
on time step 663 (time=0.16575), 0.109556 s/step
Meep progress: 0.17425000000000002/72.33333206176758 = 0.2% done in 69.1s, 28599.7s to go
on time step 698 (time=0.1745), 0.116782 s/step
Meep progress: 0.184/72.33333206176758 = 0.3% done in 73.1s, 28679.7s to go
on time step 737 (time=0.18425), 0.103904 s/step
Meep progress: 0.193/72.33333206176758 = 0.3% done in 77.2s, 28859.1s to go
on time step 773 (time=0.19325), 0.113031 s/step
Meep progress: 0.2025/72.33333206176758 = 0.3% done in 81.3s, 28953.0s to go
on time step 811 (time=0.20275), 0.107031 s/step
Meep progress: 0.212/72.33333206176758 = 0.3% done in 85.3s, 29018.6s to go
on time step 849 (time=0.21225), 0.10571 s/step
Meep progress: 0.2215/72.33333206176758 = 0.3% done in 89.3s, 29078.7s to go
on time step 887 (time=0.22175), 0.105324 s/step
Meep progress: 0.23275/72.33333206176758 = 0.3% done in 93.4s, 28932.3s to go
on time step 932 (time=0.233), 0.0905459 s/step
Meep progress: 0.24425/72.33333206176758 = 0.3% done in 97.5s, 28767.7s to go
on time step 978 (time=0.2445), 0.088608 s/step
Meep progress: 0.2555/72.33333206176758 = 0.4% done in 101.5s, 28627.5s to go
on time step 1023 (time=0.25575), 0.0892379 s/step
Meep progress: 0.266/72.33333206176758 = 0.4% done in 105.5s, 28587.5s to go
on time step 1065 (time=0.26625), 0.0960264 s/step
Meep progress: 0.278/72.33333206176758 = 0.4% done in 109.6s, 28400.8s to go
on time step 1113 (time=0.27825), 0.0844585 s/step
Meep progress: 0.29/72.33333206176758 = 0.4% done in 113.6s, 28219.9s to go
on time step 1161 (time=0.29025), 0.0838687 s/step
Meep progress: 0.2995/72.33333206176758 = 0.4% done in 117.6s, 28290.5s to go
on time step 1199 (time=0.29975), 0.1061 s/step
Meep progress: 0.30775/72.33333206176758 = 0.4% done in 121.7s, 28490.5s to go
on time step 1231 (time=0.30775), 0.125297 s/step
Meep progress: 0.31725000000000003/72.33333206176758 = 0.4% done in 125.8s, 28549.7s to go
on time step 1269 (time=0.31725), 0.106166 s/step
Meep progress: 0.3255/72.33333206176758 = 0.5% done in 129.8s, 28723.3s to go
on time step 1302 (time=0.3255), 0.123313 s/step
Meep progress: 0.335/72.33333206176758 = 0.5% done in 133.9s, 28784.8s to go
on time step 1340 (time=0.335), 0.107749 s/step
Meep progress: 0.34450000000000003/72.33333206176758 = 0.5% done in 138.0s, 28832.4s to go
on time step 1378 (time=0.3445), 0.106352 s/step
Meep progress: 0.35325/72.33333206176758 = 0.5% done in 142.1s, 28945.8s to go
on time step 1413 (time=0.35325), 0.116508 s/step
Meep progress: 0.36275/72.33333206176758 = 0.5% done in 146.2s, 28997.3s to go
on time step 1451 (time=0.36275), 0.107857 s/step
Meep progress: 0.37425/72.33333206176758 = 0.5% done in 150.2s, 28883.3s to go
on time step 1497 (time=0.37425), 0.0883632 s/step
Meep progress: 0.3855/72.33333206176758 = 0.5% done in 154.3s, 28793.4s to go
on time step 1542 (time=0.3855), 0.0901599 s/step
Meep progress: 0.39675/72.33333206176758 = 0.5% done in 158.3s, 28710.1s to go
on time step 1587 (time=0.39675), 0.0903767 s/step
Meep progress: 0.40725/72.33333206176758 = 0.6% done in 162.4s, 28685.4s to go
on time step 1629 (time=0.40725), 0.0969957 s/step
Meep progress: 0.4175/72.33333206176758 = 0.6% done in 166.5s, 28681.6s to go
on time step 1670 (time=0.4175), 0.0997278 s/step
Meep progress: 0.42725/72.33333206176758 = 0.6% done in 170.5s, 28700.7s to go
on time step 1709 (time=0.42725), 0.103178 s/step
Meep progress: 0.43725/72.33333206176758 = 0.6% done in 174.6s, 28703.5s to go
on time step 1749 (time=0.43725), 0.100821 s/step
Meep progress: 0.446/72.33333206176758 = 0.6% done in 178.8s, 28811.6s to go
on time step 1784 (time=0.446), 0.119697 s/step
Meep progress: 0.4545/72.33333206176758 = 0.6% done in 182.8s, 28912.2s to go
on time step 1818 (time=0.4545), 0.11933 s/step
Meep progress: 0.46375/72.33333206176758 = 0.6% done in 186.9s, 28965.5s to go
on time step 1855 (time=0.46375), 0.110497 s/step
Meep progress: 0.47300000000000003/72.33333206176758 = 0.7% done in 190.9s, 29004.5s to go
on time step 1892 (time=0.473), 0.108351 s/step
Meep progress: 0.482/72.33333206176758 = 0.7% done in 195.0s, 29065.3s to go
on time step 1928 (time=0.482), 0.112883 s/step
Meep progress: 0.4915/72.33333206176758 = 0.7% done in 199.1s, 29101.7s to go
on time step 1966 (time=0.4915), 0.108377 s/step
Meep progress: 0.501/72.33333206176758 = 0.7% done in 203.2s, 29131.9s to go
on time step 2004 (time=0.501), 0.107477 s/step
Meep progress: 0.50975/72.33333206176758 = 0.7% done in 207.3s, 29207.3s to go
on time step 2039 (time=0.50975), 0.117388 s/step
Meep progress: 0.518/72.33333206176758 = 0.7% done in 211.4s, 29310.4s to go
on time step 2072 (time=0.518), 0.124891 s/step
Meep progress: 0.526/72.33333206176758 = 0.7% done in 215.5s, 29414.7s to go
on time step 2104 (time=0.526), 0.126649 s/step
Meep progress: 0.537/72.33333206176758 = 0.7% done in 219.5s, 29342.9s to go
on time step 2148 (time=0.537), 0.0909587 s/step
Meep progress: 0.54875/72.33333206176758 = 0.8% done in 223.5s, 29243.6s to go
on time step 2195 (time=0.54875), 0.0868002 s/step
Meep progress: 0.5605/72.33333206176758 = 0.8% done in 227.6s, 29139.9s to go
on time step 2242 (time=0.5605), 0.0853805 s/step
Meep progress: 0.57175/72.33333206176758 = 0.8% done in 231.6s, 29068.8s to go
on time step 2287 (time=0.57175), 0.0896764 s/step
Meep progress: 0.5835/72.33333206176758 = 0.8% done in 235.6s, 28972.5s to go
on time step 2334 (time=0.5835), 0.0854251 s/step
Meep progress: 0.5952500000000001/72.33333206176758 = 0.8% done in 239.7s, 28885.8s to go
on time step 2381 (time=0.59525), 0.0864517 s/step
Meep progress: 0.607/72.33333206176758 = 0.8% done in 243.8s, 28804.0s to go
on time step 2428 (time=0.607), 0.0867929 s/step
Meep progress: 0.619/72.33333206176758 = 0.9% done in 247.8s, 28710.8s to go
on time step 2476 (time=0.619), 0.0844668 s/step
Meep progress: 0.63075/72.33333206176758 = 0.9% done in 251.8s, 28628.7s to go
on time step 2523 (time=0.63075), 0.0856072 s/step
Meep progress: 0.6425/72.33333206176758 = 0.9% done in 255.9s, 28549.8s to go
on time step 2570 (time=0.6425), 0.0856424 s/step
Meep progress: 0.65425/72.33333206176758 = 0.9% done in 259.9s, 28472.4s to go
on time step 2617 (time=0.65425), 0.0854206 s/step
Meep progress: 0.66625/72.33333206176758 = 0.9% done in 263.9s, 28391.8s to go
on time step 2665 (time=0.66625), 0.0846026 s/step
Meep progress: 0.678/72.33333206176758 = 0.9% done in 268.0s, 28325.7s to go
on time step 2712 (time=0.678), 0.0866864 s/step
Meep progress: 0.68975/72.33333206176758 = 1.0% done in 272.1s, 28263.1s to go
on time step 2759 (time=0.68975), 0.0869274 s/step
Meep progress: 0.70125/72.33333206176758 = 1.0% done in 276.1s, 28205.7s to go
on time step 2805 (time=0.70125), 0.0873429 s/step
Meep progress: 0.712/72.33333206176758 = 1.0% done in 280.2s, 28181.1s to go
on time step 2848 (time=0.712), 0.0937122 s/step
Meep progress: 0.72275/72.33333206176758 = 1.0% done in 284.2s, 28158.6s to go
on time step 2891 (time=0.72275), 0.0940785 s/step
Meep progress: 0.73375/72.33333206176758 = 1.0% done in 288.3s, 28127.6s to go
on time step 2935 (time=0.73375), 0.0921235 s/step
Meep progress: 0.743/72.33333206176758 = 1.0% done in 292.3s, 28166.5s to go
on time step 2972 (time=0.743), 0.110049 s/step
Meep progress: 0.754/72.33333206176758 = 1.0% done in 296.4s, 28133.5s to go
on time step 3016 (time=0.754), 0.0914865 s/step
Meep progress: 0.76575/72.33333206176758 = 1.1% done in 300.4s, 28074.6s to go
on time step 3063 (time=0.76575), 0.0858941 s/step
Meep progress: 0.778/72.33333206176758 = 1.1% done in 304.5s, 28002.3s to go
on time step 3112 (time=0.778), 0.0830683 s/step
Meep progress: 0.789/72.33333206176758 = 1.1% done in 308.5s, 27971.9s to go
on time step 3156 (time=0.789), 0.0912781 s/step
Meep progress: 0.8005/72.33333206176758 = 1.1% done in 312.5s, 27929.3s to go
on time step 3202 (time=0.8005), 0.0885349 s/step
Meep progress: 0.81225/72.33333206176758 = 1.1% done in 316.6s, 27877.5s to go
on time step 3249 (time=0.81225), 0.086115 s/step
Meep progress: 0.8240000000000001/72.33333206176758 = 1.1% done in 320.7s, 27827.7s to go
on time step 3296 (time=0.824), 0.0863569 s/step
Meep progress: 0.83525/72.33333206176758 = 1.2% done in 324.7s, 27794.8s to go
on time step 3341 (time=0.83525), 0.0898566 s/step
Meep progress: 0.8442500000000001/72.33333206176758 = 1.2% done in 328.7s, 27834.2s to go
on time step 3377 (time=0.84425), 0.111303 s/step
Meep progress: 0.85275/72.33333206176758 = 1.2% done in 332.8s, 27893.1s to go
on time step 3411 (time=0.85275), 0.119095 s/step
Meep progress: 0.8635/72.33333206176758 = 1.2% done in 336.8s, 27876.8s to go
on time step 3454 (time=0.8635), 0.0941409 s/step
Meep progress: 0.87475/72.33333206176758 = 1.2% done in 340.9s, 27844.9s to go
on time step 3499 (time=0.87475), 0.0900023 s/step
Meep progress: 0.886/72.33333206176758 = 1.2% done in 344.9s, 27815.8s to go
on time step 3544 (time=0.886), 0.0905965 s/step
Meep progress: 0.89825/72.33333206176758 = 1.2% done in 349.0s, 27753.9s to go
on time step 3593 (time=0.89825), 0.0826497 s/step
Meep progress: 0.9087500000000001/72.33333206176758 = 1.3% done in 353.1s, 27749.9s to go
on time step 3635 (time=0.90875), 0.0971439 s/step
Meep progress: 0.918/72.33333206176758 = 1.3% done in 357.1s, 27778.3s to go
on time step 3672 (time=0.918), 0.108251 s/step
Meep progress: 0.9265/72.33333206176758 = 1.3% done in 361.1s, 27833.1s to go
on time step 3706 (time=0.9265), 0.119361 s/step
Meep progress: 0.93575/72.33333206176758 = 1.3% done in 365.2s, 27867.4s to go
on time step 3743 (time=0.93575), 0.110856 s/step
Meep progress: 0.94525/72.33333206176758 = 1.3% done in 369.3s, 27887.9s to go
on time step 3781 (time=0.94525), 0.105981 s/step
Meep progress: 0.95475/72.33333206176758 = 1.3% done in 373.4s, 27912.8s to go
on time step 3819 (time=0.95475), 0.10776 s/step
Meep progress: 0.96425/72.33333206176758 = 1.3% done in 377.4s, 27934.3s to go
on time step 3857 (time=0.96425), 0.106669 s/step
Meep progress: 0.97575/72.33333206176758 = 1.3% done in 381.4s, 27893.7s to go
on time step 3903 (time=0.97575), 0.0871285 s/step
Meep progress: 0.98775/72.33333206176758 = 1.4% done in 385.5s, 27844.7s to go
on time step 3951 (time=0.98775), 0.0849426 s/step
Meep progress: 0.99975/72.33333206176758 = 1.4% done in 389.5s, 27794.9s to go
on time step 3999 (time=0.99975), 0.0843618 s/step
Meep progress: 1.0115/72.33333206176758 = 1.4% done in 393.6s, 27750.8s to go
on time step 4046 (time=1.0115), 0.0854691 s/step
Meep progress: 1.02275/72.33333206176758 = 1.4% done in 397.6s, 27720.8s to go
on time step 4091 (time=1.02275), 0.0890975 s/step
Meep progress: 1.0342500000000001/72.33333206176758 = 1.4% done in 401.6s, 27684.8s to go
on time step 4137 (time=1.03425), 0.0872751 s/step
Meep progress: 1.04575/72.33333206176758 = 1.4% done in 405.7s, 27654.9s to go
on time step 4183 (time=1.04575), 0.0888832 s/step
Meep progress: 1.05725/72.33333206176758 = 1.5% done in 409.8s, 27624.9s to go
on time step 4229 (time=1.05725), 0.0887124 s/step
Meep progress: 1.06925/72.33333206176758 = 1.5% done in 413.9s, 27582.9s to go
on time step 4277 (time=1.06925), 0.08521 s/step
Meep progress: 1.0805/72.33333206176758 = 1.5% done in 417.9s, 27556.0s to go
on time step 4322 (time=1.0805), 0.0891411 s/step
Meep progress: 1.0915/72.33333206176758 = 1.5% done in 421.9s, 27536.1s to go
on time step 4366 (time=1.0915), 0.0912446 s/step
Meep progress: 1.1025/72.33333206176758 = 1.5% done in 425.9s, 27516.9s to go
on time step 4410 (time=1.1025), 0.0913453 s/step
Meep progress: 1.11225/72.33333206176758 = 1.5% done in 430.0s, 27535.4s to go
on time step 4449 (time=1.11225), 0.105488 s/step
Meep progress: 1.1205/72.33333206176758 = 1.5% done in 434.0s, 27583.9s to go
on time step 4482 (time=1.1205), 0.121272 s/step
Meep progress: 1.1285/72.33333206176758 = 1.6% done in 438.1s, 27641.4s to go
on time step 4514 (time=1.1285), 0.126823 s/step
Meep progress: 1.13675/72.33333206176758 = 1.6% done in 442.1s, 27690.9s to go
on time step 4547 (time=1.13675), 0.122468 s/step
Meep progress: 1.14725/72.33333206176758 = 1.6% done in 446.1s, 27682.2s to go
on time step 4589 (time=1.14725), 0.0955013 s/step
Meep progress: 1.1585/72.33333206176758 = 1.6% done in 450.2s, 27656.2s to go
on time step 4634 (time=1.1585), 0.0893586 s/step
Meep progress: 1.17025/72.33333206176758 = 1.6% done in 454.2s, 27620.2s to go
on time step 4681 (time=1.17025), 0.0861132 s/step
Meep progress: 1.1815/72.33333206176758 = 1.6% done in 458.3s, 27597.6s to go
on time step 4726 (time=1.1815), 0.0902615 s/step
Meep progress: 1.19325/72.33333206176758 = 1.6% done in 462.3s, 27563.4s to go
on time step 4773 (time=1.19325), 0.0863877 s/step
Meep progress: 1.205/72.33333206176758 = 1.7% done in 466.4s, 27530.4s to go
on time step 4820 (time=1.205), 0.0865873 s/step
Meep progress: 1.21425/72.33333206176758 = 1.7% done in 470.5s, 27556.1s to go
on time step 4857 (time=1.21425), 0.110272 s/step
Meep progress: 1.223/72.33333206176758 = 1.7% done in 474.6s, 27592.9s to go
on time step 4892 (time=1.223), 0.11659 s/step
Meep progress: 1.23275/72.33333206176758 = 1.7% done in 478.6s, 27606.0s to go
on time step 4931 (time=1.23275), 0.104519 s/step
Meep progress: 1.24225/72.33333206176758 = 1.7% done in 482.7s, 27623.8s to go
on time step 4969 (time=1.24225), 0.106928 s/step
Meep progress: 1.2530000000000001/72.33333206176758 = 1.7% done in 486.7s, 27612.0s to go
on time step 5012 (time=1.253), 0.0940198 s/step
Meep progress: 1.2645/72.33333206176758 = 1.7% done in 490.8s, 27583.7s to go
on time step 5058 (time=1.2645), 0.0879143 s/step
Meep progress: 1.276/72.33333206176758 = 1.8% done in 494.9s, 27557.2s to go
on time step 5104 (time=1.276), 0.0883916 s/step
Meep progress: 1.28775/72.33333206176758 = 1.8% done in 498.9s, 27524.8s to go
on time step 5151 (time=1.28775), 0.0862115 s/step
Meep progress: 1.2995/72.33333206176758 = 1.8% done in 502.9s, 27490.4s to go
on time step 5198 (time=1.2995), 0.0852018 s/step
Meep progress: 1.31125/72.33333206176758 = 1.8% done in 506.9s, 27458.2s to go
on time step 5245 (time=1.31125), 0.0858681 s/step
Meep progress: 1.32275/72.33333206176758 = 1.8% done in 511.0s, 27432.3s to go
on time step 5291 (time=1.32275), 0.0879702 s/step
Meep progress: 1.334/72.33333206176758 = 1.8% done in 515.0s, 27409.8s to go
on time step 5336 (time=1.334), 0.0889832 s/step
Meep progress: 1.3447500000000001/72.33333206176758 = 1.9% done in 519.0s, 27400.3s to go
on time step 5379 (time=1.34475), 0.0941455 s/step
Meep progress: 1.3555/72.33333206176758 = 1.9% done in 523.1s, 27391.0s to go
on time step 5422 (time=1.3555), 0.0942067 s/step
Meep progress: 1.3667500000000001/72.33333206176758 = 1.9% done in 527.2s, 27372.3s to go
on time step 5467 (time=1.36675), 0.0903164 s/step
Meep progress: 1.377/72.33333206176758 = 1.9% done in 531.3s, 27375.2s to go
on time step 5508 (time=1.377), 0.0996504 s/step
Meep progress: 1.3880000000000001/72.33333206176758 = 1.9% done in 535.3s, 27362.8s to go
on time step 5552 (time=1.388), 0.0928645 s/step
Meep progress: 1.3995/72.33333206176758 = 1.9% done in 539.4s, 27339.6s to go
on time step 5598 (time=1.3995), 0.0883432 s/step
Meep progress: 1.4112500000000001/72.33333206176758 = 2.0% done in 543.5s, 27311.6s to go
on time step 5645 (time=1.41125), 0.0864007 s/step
Meep progress: 1.42275/72.33333206176758 = 2.0% done in 547.5s, 27286.4s to go
on time step 5691 (time=1.42275), 0.087177 s/step
Meep progress: 1.43425/72.33333206176758 = 2.0% done in 551.6s, 27264.8s to go
on time step 5737 (time=1.43425), 0.0886249 s/step
Meep progress: 1.445/72.33333206176758 = 2.0% done in 555.6s, 27256.4s to go
on time step 5780 (time=1.445), 0.0940928 s/step
Meep progress: 1.45575/72.33333206176758 = 2.0% done in 559.6s, 27246.8s to go
on time step 5823 (time=1.45575), 0.0935088 s/step
Meep progress: 1.46725/72.33333206176758 = 2.0% done in 563.6s, 27222.4s to go
on time step 5869 (time=1.46725), 0.0871106 s/step
Meep progress: 1.47725/72.33333206176758 = 2.0% done in 567.6s, 27226.9s to go
on time step 5909 (time=1.47725), 0.10035 s/step
Meep progress: 1.48825/72.33333206176758 = 2.1% done in 571.7s, 27214.8s to go
on time step 5953 (time=1.48825), 0.0924051 s/step
Meep progress: 1.498/72.33333206176758 = 2.1% done in 575.9s, 27230.8s to go
on time step 5992 (time=1.498), 0.10668 s/step
Meep progress: 1.50825/72.33333206176758 = 2.1% done in 579.9s, 27231.9s to go
on time step 6033 (time=1.50825), 0.098606 s/step
Meep progress: 1.5195/72.33333206176758 = 2.1% done in 583.9s, 27213.5s to go
on time step 6078 (time=1.5195), 0.0893961 s/step
Meep progress: 1.53125/72.33333206176758 = 2.1% done in 588.0s, 27185.8s to go
on time step 6125 (time=1.53125), 0.085372 s/step
Meep progress: 1.542/72.33333206176758 = 2.1% done in 592.0s, 27178.2s to go
on time step 6168 (time=1.542), 0.0941978 s/step
Meep progress: 1.5535/72.33333206176758 = 2.1% done in 596.0s, 27155.2s to go
on time step 6214 (time=1.5535), 0.0871416 s/step
Meep progress: 1.56475/72.33333206176758 = 2.2% done in 600.1s, 27138.8s to go
on time step 6259 (time=1.56475), 0.0899607 s/step
Meep progress: 1.57575/72.33333206176758 = 2.2% done in 604.1s, 27127.9s to go
on time step 6303 (time=1.57575), 0.0924401 s/step
Meep progress: 1.585/72.33333206176758 = 2.2% done in 608.2s, 27147.2s to go
on time step 6340 (time=1.585), 0.109683 s/step
Meep progress: 1.5955000000000001/72.33333206176758 = 2.2% done in 612.2s, 27144.5s to go
on time step 6382 (time=1.5955), 0.0966457 s/step
Meep progress: 1.60425/72.33333206176758 = 2.2% done in 616.3s, 27173.2s to go
on time step 6417 (time=1.60425), 0.116695 s/step
Meep progress: 1.612/72.33333206176758 = 2.2% done in 620.4s, 27217.6s to go
on time step 6448 (time=1.612), 0.130855 s/step
Meep progress: 1.622/72.33333206176758 = 2.2% done in 624.4s, 27220.4s to go
on time step 6488 (time=1.622), 0.100031 s/step
Meep progress: 1.6325/72.33333206176758 = 2.3% done in 628.4s, 27215.3s to go
on time step 6530 (time=1.6325), 0.0956245 s/step
Meep progress: 1.6415/72.33333206176758 = 2.3% done in 632.5s, 27238.2s to go
on time step 6566 (time=1.6415), 0.113248 s/step
Meep progress: 1.651/72.33333206176758 = 2.3% done in 636.5s, 27250.6s to go
on time step 6604 (time=1.651), 0.10618 s/step
Meep progress: 1.6605/72.33333206176758 = 2.3% done in 640.5s, 27261.7s to go
on time step 6642 (time=1.6605), 0.105462 s/step
Meep progress: 1.6705/72.33333206176758 = 2.3% done in 644.6s, 27265.3s to go
on time step 6682 (time=1.6705), 0.100857 s/step
Meep progress: 1.6805/72.33333206176758 = 2.3% done in 648.6s, 27268.9s to go
on time step 6722 (time=1.6805), 0.100818 s/step
Meep progress: 1.6912500000000001/72.33333206176758 = 2.3% done in 652.6s, 27258.6s to go
on time step 6765 (time=1.69125), 0.0930678 s/step
Meep progress: 1.703/72.33333206176758 = 2.4% done in 656.7s, 27235.6s to go
on time step 6812 (time=1.703), 0.0869558 s/step
Meep progress: 1.714/72.33333206176758 = 2.4% done in 660.7s, 27221.6s to go
on time step 6856 (time=1.714), 0.0910067 s/step
Meep progress: 1.725/72.33333206176758 = 2.4% done in 664.7s, 27209.2s to go
on time step 6900 (time=1.725), 0.0918453 s/step
Meep progress: 1.7365/72.33333206176758 = 2.4% done in 668.8s, 27190.3s to go
on time step 6946 (time=1.7365), 0.0886383 s/step
Meep progress: 1.747/72.33333206176758 = 2.4% done in 672.9s, 27186.1s to go
on time step 6988 (time=1.747), 0.0961402 s/step
Meep progress: 1.75825/72.33333206176758 = 2.4% done in 676.9s, 27169.7s to go
on time step 7033 (time=1.75825), 0.0895817 s/step
Meep progress: 1.76975/72.33333206176758 = 2.4% done in 680.9s, 27149.7s to go
on time step 7079 (time=1.76975), 0.0877248 s/step
Meep progress: 1.78025/72.33333206176758 = 2.5% done in 684.9s, 27145.2s to go
on time step 7121 (time=1.78025), 0.0958995 s/step
Meep progress: 1.7902500000000001/72.33333206176758 = 2.5% done in 689.0s, 27151.3s to go
on time step 7161 (time=1.79025), 0.102514 s/step
Meep progress: 1.79925/72.33333206176758 = 2.5% done in 693.1s, 27172.2s to go
on time step 7197 (time=1.79925), 0.113417 s/step
Meep progress: 1.80875/72.33333206176758 = 2.5% done in 697.2s, 27185.0s to go
on time step 7235 (time=1.80875), 0.107367 s/step
Meep progress: 1.818/72.33333206176758 = 2.5% done in 701.2s, 27199.1s to go
on time step 7272 (time=1.818), 0.108719 s/step
Meep progress: 1.8275000000000001/72.33333206176758 = 2.5% done in 705.3s, 27210.2s to go
on time step 7310 (time=1.8275), 0.106448 s/step
Meep progress: 1.837/72.33333206176758 = 2.5% done in 709.4s, 27222.3s to go
on time step 7348 (time=1.837), 0.1073 s/step
Meep progress: 1.8485/72.33333206176758 = 2.6% done in 713.4s, 27204.1s to go
on time step 7394 (time=1.8485), 0.0887265 s/step
Meep progress: 1.8585/72.33333206176758 = 2.6% done in 717.6s, 27212.0s to go
on time step 7434 (time=1.8585), 0.104151 s/step
Meep progress: 1.8675/72.33333206176758 = 2.6% done in 721.7s, 27231.7s to go
on time step 7470 (time=1.8675), 0.113597 s/step
Meep progress: 1.87625/72.33333206176758 = 2.6% done in 725.7s, 27252.0s to go
on time step 7505 (time=1.87625), 0.114594 s/step
Meep progress: 1.8875/72.33333206176758 = 2.6% done in 729.8s, 27238.7s to go
on time step 7550 (time=1.8875), 0.0913675 s/step
Meep progress: 1.899/72.33333206176758 = 2.6% done in 733.9s, 27220.5s to go
on time step 7596 (time=1.899), 0.0885284 s/step
Meep progress: 1.91025/72.33333206176758 = 2.6% done in 738.0s, 27205.7s to go
on time step 7641 (time=1.91025), 0.0903159 s/step
Meep progress: 1.921/72.33333206176758 = 2.7% done in 742.0s, 27197.1s to go
on time step 7684 (time=1.921), 0.0937301 s/step
Meep progress: 1.933/72.33333206176758 = 2.7% done in 746.0s, 27171.0s to go
on time step 7732 (time=1.933), 0.0843254 s/step
Meep progress: 1.94425/72.33333206176758 = 2.7% done in 750.1s, 27154.7s to go
on time step 7777 (time=1.94425), 0.0891289 s/step
Meep progress: 1.95525/72.33333206176758 = 2.7% done in 754.1s, 27142.4s to go
on time step 7821 (time=1.95525), 0.0913338 s/step
Meep progress: 1.9655/72.33333206176758 = 2.7% done in 758.1s, 27141.5s to go
on time step 7862 (time=1.9655), 0.0985972 s/step
Meep progress: 1.97725/72.33333206176758 = 2.7% done in 762.2s, 27119.6s to go
on time step 7909 (time=1.97725), 0.0858977 s/step
Meep progress: 1.98875/72.33333206176758 = 2.7% done in 766.2s, 27101.4s to go
on time step 7955 (time=1.98875), 0.0878939 s/step
Meep progress: 1.998/72.33333206176758 = 2.8% done in 770.2s, 27113.4s to go
on time step 7992 (time=1.998), 0.108296 s/step
Meep progress: 2.0100000000000002/72.33333206176758 = 2.8% done in 774.3s, 27089.1s to go
on time step 8040 (time=2.01), 0.0846197 s/step
Meep progress: 2.0215/72.33333206176758 = 2.8% done in 778.3s, 27071.2s to go
on time step 8086 (time=2.0215), 0.0878788 s/step
Meep progress: 2.031/72.33333206176758 = 2.8% done in 782.3s, 27079.9s to go
on time step 8124 (time=2.031), 0.105608 s/step
Meep progress: 2.039/72.33333206176758 = 2.8% done in 786.3s, 27109.1s to go
on time step 8156 (time=2.039), 0.125584 s/step
Meep progress: 2.0485/72.33333206176758 = 2.8% done in 790.4s, 27120.3s to go
on time step 8194 (time=2.0485), 0.107763 s/step
Meep progress: 2.05775/72.33333206176758 = 2.8% done in 794.5s, 27133.0s to go
on time step 8231 (time=2.05775), 0.109358 s/step
Meep progress: 2.06725/72.33333206176758 = 2.9% done in 798.5s, 27142.4s to go
on time step 8269 (time=2.06725), 0.106602 s/step
Meep progress: 2.07675/72.33333206176758 = 2.9% done in 802.6s, 27152.0s to go
on time step 8307 (time=2.07675), 0.106874 s/step
Meep progress: 2.08675/72.33333206176758 = 2.9% done in 806.6s, 27154.3s to go
on time step 8347 (time=2.08675), 0.101147 s/step
Meep progress: 2.098/72.33333206176758 = 2.9% done in 810.7s, 27140.7s to go
on time step 8392 (time=2.098), 0.0905026 s/step
Meep progress: 2.10975/72.33333206176758 = 2.9% done in 814.8s, 27120.8s to go
on time step 8439 (time=2.10975), 0.0868014 s/step
Meep progress: 2.1215/72.33333206176758 = 2.9% done in 818.8s, 27099.8s to go
on time step 8486 (time=2.1215), 0.0859548 s/step
Meep progress: 2.132/72.33333206176758 = 2.9% done in 822.9s, 27095.0s to go
on time step 8528 (time=2.132), 0.0959586 s/step
Meep progress: 2.1425/72.33333206176758 = 3.0% done in 826.9s, 27091.7s to go
on time step 8570 (time=2.1425), 0.0970356 s/step
Meep progress: 2.15125/72.33333206176758 = 3.0% done in 831.0s, 27109.6s to go
on time step 8605 (time=2.15125), 0.115006 s/step
Meep progress: 2.1595/72.33333206176758 = 3.0% done in 835.1s, 27135.5s to go
on time step 8638 (time=2.1595), 0.12372 s/step
Meep progress: 2.1670000000000003/72.33333206176758 = 3.0% done in 839.1s, 27171.1s to go
on time step 8668 (time=2.167), 0.13631 s/step
Meep progress: 2.176/72.33333206176758 = 3.0% done in 843.2s, 27186.0s to go
on time step 8704 (time=2.176), 0.112601 s/step
Meep progress: 2.18525/72.33333206176758 = 3.0% done in 847.3s, 27197.6s to go
on time step 8741 (time=2.18525), 0.109675 s/step
Meep progress: 2.19375/72.33333206176758 = 3.0% done in 851.3s, 27219.1s to go
on time step 8775 (time=2.19375), 0.119676 s/step
Meep progress: 2.202/72.33333206176758 = 3.0% done in 855.3s, 27241.7s to go
on time step 8808 (time=2.202), 0.121559 s/step
Meep progress: 2.2085/72.33333206176758 = 3.1% done in 859.5s, 27290.9s to go
on time step 8834 (time=2.2085), 0.160292 s/step
Meep progress: 2.21625/72.33333206176758 = 3.1% done in 863.6s, 27321.1s to go
on time step 8865 (time=2.21625), 0.130462 s/step
Meep progress: 2.224/72.33333206176758 = 3.1% done in 867.7s, 27353.1s to go
on time step 8896 (time=2.224), 0.133265 s/step
Meep progress: 2.232/72.33333206176758 = 3.1% done in 871.8s, 27380.6s to go
on time step 8928 (time=2.232), 0.128119 s/step
Meep progress: 2.24/72.33333206176758 = 3.1% done in 875.8s, 27405.8s to go
on time step 8960 (time=2.24), 0.125841 s/step
Meep progress: 2.24775/72.33333206176758 = 3.1% done in 879.8s, 27433.5s to go
on time step 8991 (time=2.24775), 0.129621 s/step
Meep progress: 2.257/72.33333206176758 = 3.1% done in 883.9s, 27444.0s to go
on time step 9028 (time=2.257), 0.10998 s/step
Meep progress: 2.26675/72.33333206176758 = 3.1% done in 887.9s, 27446.2s to go
on time step 9067 (time=2.26675), 0.102866 s/step
Meep progress: 2.27625/72.33333206176758 = 3.1% done in 892.0s, 27454.4s to go
on time step 9105 (time=2.27625), 0.10823 s/step
Meep progress: 2.286/72.33333206176758 = 3.2% done in 896.1s, 27457.4s to go
on time step 9144 (time=2.286), 0.103489 s/step
Meep progress: 2.29575/72.33333206176758 = 3.2% done in 900.1s, 27460.9s to go
on time step 9183 (time=2.29575), 0.104082 s/step
Meep progress: 2.307/72.33333206176758 = 3.2% done in 904.2s, 27445.2s to go
on time step 9228 (time=2.307), 0.0897658 s/step
Meep progress: 2.3175/72.33333206176758 = 3.2% done in 908.2s, 27438.3s to go
on time step 9270 (time=2.3175), 0.0958034 s/step
Meep progress: 2.3272500000000003/72.33333206176758 = 3.2% done in 912.3s, 27442.3s to go
on time step 9309 (time=2.32725), 0.104617 s/step
Meep progress: 2.3365/72.33333206176758 = 3.2% done in 916.3s, 27451.6s to go
on time step 9346 (time=2.3365), 0.109628 s/step
Meep progress: 2.346/72.33333206176758 = 3.2% done in 920.4s, 27456.7s to go
on time step 9384 (time=2.346), 0.105739 s/step
Meep progress: 2.3537500000000002/72.33333206176758 = 3.3% done in 924.4s, 27482.9s to go
on time step 9415 (time=2.35375), 0.129838 s/step
Meep progress: 2.36125/72.33333206176758 = 3.3% done in 928.4s, 27512.5s to go
on time step 9445 (time=2.36125), 0.134734 s/step
Meep progress: 2.372/72.33333206176758 = 3.3% done in 932.5s, 27502.8s to go
on time step 9488 (time=2.372), 0.0939766 s/step
Meep progress: 2.3835/72.33333206176758 = 3.3% done in 936.5s, 27483.4s to go
on time step 9534 (time=2.3835), 0.0872549 s/step
Meep progress: 2.392/72.33333206176758 = 3.3% done in 940.5s, 27499.8s to go
on time step 9568 (time=2.392), 0.118026 s/step
Meep progress: 2.40125/72.33333206176758 = 3.3% done in 944.6s, 27508.6s to go
on time step 9605 (time=2.40125), 0.109857 s/step
Meep progress: 2.41/72.33333206176758 = 3.3% done in 948.6s, 27522.0s to go
on time step 9640 (time=2.41), 0.114875 s/step
Meep progress: 2.41975/72.33333206176758 = 3.3% done in 952.6s, 27523.6s to go
on time step 9679 (time=2.41975), 0.103279 s/step
Meep progress: 2.42975/72.33333206176758 = 3.4% done in 956.6s, 27522.0s to go
on time step 9719 (time=2.42975), 0.100383 s/step
Meep progress: 2.439/72.33333206176758 = 3.4% done in 960.7s, 27530.1s to go
on time step 9756 (time=2.439), 0.109537 s/step
Meep progress: 2.44975/72.33333206176758 = 3.4% done in 964.7s, 27520.6s to go
on time step 9799 (time=2.44975), 0.0941329 s/step
Meep progress: 2.46125/72.33333206176758 = 3.4% done in 968.8s, 27503.3s to go
on time step 9845 (time=2.46125), 0.0886224 s/step
Meep progress: 2.47275/72.33333206176758 = 3.4% done in 972.9s, 27485.5s to go
on time step 9891 (time=2.47275), 0.0881804 s/step
Meep progress: 2.48375/72.33333206176758 = 3.4% done in 976.9s, 27474.4s to go
on time step 9935 (time=2.48375), 0.0928785 s/step
Meep progress: 2.4945/72.33333206176758 = 3.4% done in 981.0s, 27465.6s to go
on time step 9978 (time=2.4945), 0.0945603 s/step
Meep progress: 2.505/72.33333206176758 = 3.5% done in 985.1s, 27458.8s to go
on time step 10020 (time=2.505), 0.0961322 s/step
Meep progress: 2.516/72.33333206176758 = 3.5% done in 989.1s, 27445.8s to go
on time step 10064 (time=2.516), 0.0910435 s/step
Meep progress: 2.52725/72.33333206176758 = 3.5% done in 993.1s, 27430.9s to go
on time step 10109 (time=2.52725), 0.089787 s/step
Meep progress: 2.5385/72.33333206176758 = 3.5% done in 997.2s, 27416.6s to go
on time step 10154 (time=2.5385), 0.0902675 s/step
Meep progress: 2.55025/72.33333206176758 = 3.5% done in 1001.2s, 27397.4s to go
on time step 10201 (time=2.55025), 0.0868184 s/step
Meep progress: 2.5612500000000002/72.33333206176758 = 3.5% done in 1005.3s, 27386.9s to go
on time step 10245 (time=2.56125), 0.0929656 s/step
Meep progress: 2.57275/72.33333206176758 = 3.6% done in 1009.4s, 27369.2s to go
on time step 10291 (time=2.57275), 0.08758 s/step
Meep progress: 2.58375/72.33333206176758 = 3.6% done in 1013.4s, 27357.9s to go
on time step 10335 (time=2.58375), 0.0922249 s/step
Meep progress: 2.595/72.33333206176758 = 3.6% done in 1017.5s, 27344.6s to go
on time step 10380 (time=2.595), 0.0906828 s/step
Meep progress: 2.6065/72.33333206176758 = 3.6% done in 1021.5s, 27327.3s to go
on time step 10426 (time=2.6065), 0.0875688 s/step
Meep progress: 2.618/72.33333206176758 = 3.6% done in 1025.6s, 27309.7s to go
on time step 10472 (time=2.618), 0.0872991 s/step
Meep progress: 2.62925/72.33333206176758 = 3.6% done in 1029.6s, 27294.7s to go
on time step 10517 (time=2.62925), 0.0891224 s/step
Meep progress: 2.63825/72.33333206176758 = 3.6% done in 1033.6s, 27304.7s to go
on time step 10553 (time=2.63825), 0.111988 s/step
Meep progress: 2.64675/72.33333206176758 = 3.7% done in 1037.6s, 27319.3s to go
on time step 10587 (time=2.64675), 0.117959 s/step
Meep progress: 2.65425/72.33333206176758 = 3.7% done in 1041.6s, 27344.9s to go
on time step 10617 (time=2.65425), 0.134274 s/step
Meep progress: 2.6622500000000002/72.33333206176758 = 3.7% done in 1045.7s, 27364.8s to go
on time step 10649 (time=2.66225), 0.125966 s/step
Meep progress: 2.67/72.33333206176758 = 3.7% done in 1049.7s, 27389.0s to go
on time step 10680 (time=2.67), 0.131219 s/step
Meep progress: 2.6785/72.33333206176758 = 3.7% done in 1053.8s, 27404.2s to go
on time step 10714 (time=2.6785), 0.11927 s/step
Meep progress: 2.68725/72.33333206176758 = 3.7% done in 1057.8s, 27415.6s to go
on time step 10749 (time=2.68725), 0.114787 s/step
Meep progress: 2.69575/72.33333206176758 = 3.7% done in 1061.8s, 27429.5s to go
on time step 10783 (time=2.69575), 0.117855 s/step
Meep progress: 2.7065/72.33333206176758 = 3.7% done in 1065.9s, 27420.0s to go
on time step 10826 (time=2.7065), 0.093705 s/step
Meep progress: 2.71775/72.33333206176758 = 3.8% done in 1069.9s, 27405.9s to go
on time step 10871 (time=2.71775), 0.0901241 s/step
Meep progress: 2.72825/72.33333206176758 = 3.8% done in 1073.9s, 27398.8s to go
on time step 10913 (time=2.72825), 0.0956077 s/step
Meep progress: 2.73825/72.33333206176758 = 3.8% done in 1078.0s, 27398.0s to go
on time step 10953 (time=2.73825), 0.101512 s/step
Meep progress: 2.749/72.33333206176758 = 3.8% done in 1082.0s, 27388.7s to go
on time step 10996 (time=2.749), 0.0937363 s/step
Meep progress: 2.76025/72.33333206176758 = 3.8% done in 1086.1s, 27374.8s to go
on time step 11041 (time=2.76025), 0.0900401 s/step
Meep progress: 2.7715/72.33333206176758 = 3.8% done in 1090.2s, 27361.8s to go
on time step 11086 (time=2.7715), 0.0906868 s/step
Meep progress: 2.7825/72.33333206176758 = 3.8% done in 1094.2s, 27351.2s to go
on time step 11130 (time=2.7825), 0.0926989 s/step
Meep progress: 2.7935/72.33333206176758 = 3.9% done in 1098.3s, 27339.9s to go
on time step 11174 (time=2.7935), 0.0918864 s/step
Meep progress: 2.80525/72.33333206176758 = 3.9% done in 1102.3s, 27321.6s to go
on time step 11221 (time=2.80525), 0.0865963 s/step
Meep progress: 2.816/72.33333206176758 = 3.9% done in 1106.4s, 27312.5s to go
on time step 11264 (time=2.816), 0.0935528 s/step
Meep progress: 2.82575/72.33333206176758 = 3.9% done in 1110.4s, 27313.3s to go
on time step 11303 (time=2.82575), 0.10301 s/step
Meep progress: 2.8365/72.33333206176758 = 3.9% done in 1114.5s, 27305.5s to go
on time step 11346 (time=2.8365), 0.0948447 s/step
Meep progress: 2.84675/72.33333206176758 = 3.9% done in 1118.6s, 27302.9s to go
on time step 11387 (time=2.84675), 0.0996957 s/step
Meep progress: 2.85675/72.33333206176758 = 3.9% done in 1122.6s, 27301.6s to go
on time step 11427 (time=2.85675), 0.100906 s/step
Meep progress: 2.868/72.33333206176758 = 4.0% done in 1126.6s, 27288.2s to go
on time step 11472 (time=2.868), 0.0899775 s/step
Meep progress: 2.8795/72.33333206176758 = 4.0% done in 1130.7s, 27273.2s to go
on time step 11518 (time=2.8795), 0.0886997 s/step
Meep progress: 2.89125/72.33333206176758 = 4.0% done in 1134.8s, 27255.5s to go
on time step 11565 (time=2.89125), 0.0866031 s/step
Meep progress: 2.90275/72.33333206176758 = 4.0% done in 1138.8s, 27239.1s to go
on time step 11611 (time=2.90275), 0.0872549 s/step
Meep progress: 2.9135/72.33333206176758 = 4.0% done in 1142.8s, 27229.8s to go
on time step 11654 (time=2.9135), 0.0931158 s/step
Meep progress: 2.9245/72.33333206176758 = 4.0% done in 1146.9s, 27219.6s to go
on time step 11698 (time=2.9245), 0.0925227 s/step
Meep progress: 2.93575/72.33333206176758 = 4.1% done in 1150.9s, 27205.9s to go
on time step 11743 (time=2.93575), 0.0892482 s/step
Meep progress: 2.94575/72.33333206176758 = 4.1% done in 1154.9s, 27204.4s to go
on time step 11783 (time=2.94575), 0.100533 s/step
Meep progress: 2.957/72.33333206176758 = 4.1% done in 1159.0s, 27191.2s to go
on time step 11828 (time=2.957), 0.0896863 s/step
Meep progress: 2.9682500000000003/72.33333206176758 = 4.1% done in 1163.1s, 27179.4s to go
on time step 11873 (time=2.96825), 0.0909841 s/step
Meep progress: 2.979/72.33333206176758 = 4.1% done in 1167.1s, 27170.9s to go
on time step 11916 (time=2.979), 0.0936535 s/step
Meep progress: 2.98925/72.33333206176758 = 4.1% done in 1171.2s, 27169.6s to go
on time step 11957 (time=2.98925), 0.100721 s/step
Meep progress: 2.998/72.33333206176758 = 4.1% done in 1175.2s, 27180.2s to go
on time step 11992 (time=2.998), 0.115314 s/step
Meep progress: 3.0060000000000002/72.33333206176758 = 4.2% done in 1179.3s, 27199.2s to go
on time step 12024 (time=3.006), 0.127915 s/step
Meep progress: 3.0145/72.33333206176758 = 4.2% done in 1183.3s, 27211.1s to go
on time step 12059 (time=3.01475), 0.117066 s/step
Meep progress: 3.02525/72.33333206176758 = 4.2% done in 1187.4s, 27202.3s to go
on time step 12102 (time=3.0255), 0.0936272 s/step
Meep progress: 3.0347500000000003/72.33333206176758 = 4.2% done in 1191.4s, 27206.5s to go
on time step 12140 (time=3.035), 0.107678 s/step
Meep progress: 3.0445/72.33333206176758 = 4.2% done in 1195.6s, 27209.3s to go
on time step 12179 (time=3.04475), 0.105297 s/step
Meep progress: 3.05475/72.33333206176758 = 4.2% done in 1199.6s, 27204.9s to go
on time step 12221 (time=3.05525), 0.0970127 s/step
Meep progress: 3.06425/72.33333206176758 = 4.2% done in 1203.7s, 27209.8s to go
on time step 12258 (time=3.0645), 0.109814 s/step
Meep progress: 3.072/72.33333206176758 = 4.2% done in 1207.7s, 27228.9s to go
on time step 12289 (time=3.07225), 0.130166 s/step
Meep progress: 3.07875/72.33333206176758 = 4.3% done in 1211.9s, 27260.7s to go
on time step 12315 (time=3.07875), 0.155748 s/step
Meep progress: 3.0835/72.33333206176758 = 4.3% done in 1216.1s, 27310.5s to go
on time step 12334 (time=3.0835), 0.219136 s/step
Meep progress: 3.08975/72.33333206176758 = 4.3% done in 1220.2s, 27345.0s to go
on time step 12359 (time=3.08975), 0.16466 s/step
Meep progress: 3.09625/72.33333206176758 = 4.3% done in 1224.3s, 27376.5s to go
on time step 12385 (time=3.09625), 0.15691 s/step
Meep progress: 3.1065/72.33333206176758 = 4.3% done in 1228.3s, 27371.4s to go
on time step 12426 (time=3.1065), 0.0976838 s/step
Meep progress: 3.116/72.33333206176758 = 4.3% done in 1232.4s, 27374.9s to go
on time step 12464 (time=3.116), 0.107436 s/step
Meep progress: 3.12425/72.33333206176758 = 4.3% done in 1236.4s, 27388.8s to go
on time step 12497 (time=3.12425), 0.122368 s/step
Meep progress: 3.13325/72.33333206176758 = 4.3% done in 1240.5s, 27397.3s to go
on time step 12533 (time=3.13325), 0.114058 s/step
Meep progress: 3.142/72.33333206176758 = 4.3% done in 1244.5s, 27406.7s to go
on time step 12568 (time=3.142), 0.115607 s/step
Meep progress: 3.1515/72.33333206176758 = 4.4% done in 1248.6s, 27409.7s to go
on time step 12606 (time=3.1515), 0.107119 s/step
Meep progress: 3.1615/72.33333206176758 = 4.4% done in 1252.6s, 27407.1s to go
on time step 12646 (time=3.1615), 0.100642 s/step
Meep progress: 3.173/72.33333206176758 = 4.4% done in 1256.7s, 27391.1s to go
on time step 12692 (time=3.173), 0.0876213 s/step
Meep progress: 3.18425/72.33333206176758 = 4.4% done in 1260.8s, 27378.5s to go
on time step 12737 (time=3.18425), 0.0906688 s/step
Meep progress: 3.19575/72.33333206176758 = 4.4% done in 1264.8s, 27362.2s to go
on time step 12783 (time=3.19575), 0.0871324 s/step
Meep progress: 3.20575/72.33333206176758 = 4.4% done in 1268.8s, 27360.3s to go
on time step 12823 (time=3.20575), 0.10132 s/step
Meep progress: 3.215/72.33333206176758 = 4.4% done in 1272.9s, 27365.9s to go
on time step 12860 (time=3.215), 0.110538 s/step
Meep progress: 3.225/72.33333206176758 = 4.5% done in 1276.9s, 27363.1s to go
on time step 12900 (time=3.225), 0.100355 s/step
Meep progress: 3.234/72.33333206176758 = 4.5% done in 1281.0s, 27369.7s to go
on time step 12936 (time=3.234), 0.112286 s/step
Meep progress: 3.24225/72.33333206176758 = 4.5% done in 1285.0s, 27382.1s to go
on time step 12970 (time=3.2425), 0.121634 s/step
Meep progress: 3.25075/72.33333206176758 = 4.5% done in 1289.1s, 27394.6s to go
on time step 13004 (time=3.251), 0.120223 s/step
Meep progress: 3.2595/72.33333206176758 = 4.5% done in 1293.1s, 27403.7s to go
on time step 13039 (time=3.25975), 0.116242 s/step
Meep progress: 3.26975/72.33333206176758 = 4.5% done in 1297.2s, 27398.7s to go
on time step 13081 (time=3.27025), 0.0971646 s/step
Meep progress: 3.28125/72.33333206176758 = 4.5% done in 1301.2s, 27383.5s to go
on time step 13127 (time=3.28175), 0.0880342 s/step
Meep progress: 3.2920000000000003/72.33333206176758 = 4.6% done in 1305.3s, 27375.0s to go
on time step 13170 (time=3.2925), 0.0944073 s/step
Meep progress: 3.30375/72.33333206176758 = 4.6% done in 1309.4s, 27358.0s to go
on time step 13217 (time=3.30425), 0.0866472 s/step
Meep progress: 3.3155/72.33333206176758 = 4.6% done in 1313.4s, 27340.7s to go
on time step 13264 (time=3.316), 0.0859442 s/step
Meep progress: 3.32775/72.33333206176758 = 4.6% done in 1317.5s, 27319.3s to go
on time step 13313 (time=3.32825), 0.0827431 s/step
Meep progress: 3.34/72.33333206176758 = 4.6% done in 1321.5s, 27297.3s to go
on time step 13362 (time=3.3405), 0.0831447 s/step
Meep progress: 3.352/72.33333206176758 = 4.6% done in 1325.5s, 27277.8s to go
on time step 13411 (time=3.35275), 0.0828188 s/step
Meep progress: 3.3635/72.33333206176758 = 4.7% done in 1329.6s, 27263.1s to go
on time step 13457 (time=3.36425), 0.0881089 s/step
Meep progress: 3.375/72.33333206176758 = 4.7% done in 1333.6s, 27248.4s to go
on time step 13503 (time=3.37575), 0.0882228 s/step
Meep progress: 3.38675/72.33333206176758 = 4.7% done in 1337.7s, 27231.6s to go
on time step 13550 (time=3.3875), 0.0859366 s/step
Meep progress: 3.39875/72.33333206176758 = 4.7% done in 1341.8s, 27213.9s to go
on time step 13597 (time=3.39925), 0.085297 s/step
Meep progress: 3.411/72.33333206176758 = 4.7% done in 1345.8s, 27192.6s to go
on time step 13646 (time=3.4115), 0.0820611 s/step
Meep progress: 3.42275/72.33333206176758 = 4.7% done in 1349.8s, 27175.9s to go
on time step 13693 (time=3.42325), 0.0880666 s/step
Meep progress: 3.43175/72.33333206176758 = 4.7% done in 1353.9s, 27182.6s to go
on time step 13729 (time=3.43225), 0.112311 s/step
Meep progress: 3.44075/72.33333206176758 = 4.8% done in 1358.0s, 27190.0s to go
on time step 13765 (time=3.44125), 0.112275 s/step
Meep progress: 3.4490000000000003/72.33333206176758 = 4.8% done in 1362.0s, 27201.6s to go
on time step 13798 (time=3.4495), 0.122222 s/step
Meep progress: 3.45875/72.33333206176758 = 4.8% done in 1366.0s, 27202.2s to go
on time step 13837 (time=3.45925), 0.10382 s/step
Meep progress: 3.46875/72.33333206176758 = 4.8% done in 1370.1s, 27201.1s to go
on time step 13877 (time=3.46925), 0.102347 s/step
Meep progress: 3.479/72.33333206176758 = 4.8% done in 1374.2s, 27197.9s to go
on time step 13918 (time=3.4795), 0.0999054 s/step
Meep progress: 3.49/72.33333206176758 = 4.8% done in 1378.3s, 27188.3s to go
on time step 13962 (time=3.4905), 0.091882 s/step
Meep progress: 3.50125/72.33333206176758 = 4.8% done in 1382.4s, 27176.1s to go
on time step 14007 (time=3.50175), 0.0899446 s/step
Meep progress: 3.51275/72.33333206176758 = 4.9% done in 1386.4s, 27161.8s to go
on time step 14053 (time=3.51325), 0.0875161 s/step
Meep progress: 3.52375/72.33333206176758 = 4.9% done in 1390.4s, 27151.4s to go
on time step 14097 (time=3.52425), 0.0914839 s/step
Meep progress: 3.53525/72.33333206176758 = 4.9% done in 1394.5s, 27137.6s to go
on time step 14143 (time=3.53575), 0.0883761 s/step
Meep progress: 3.5460000000000003/72.33333206176758 = 4.9% done in 1398.5s, 27129.3s to go
on time step 14186 (time=3.5465), 0.0937423 s/step
Meep progress: 3.55775/72.33333206176758 = 4.9% done in 1402.5s, 27112.8s to go
on time step 14233 (time=3.55825), 0.0855049 s/step
Meep progress: 3.56875/72.33333206176758 = 4.9% done in 1406.6s, 27102.3s to go
on time step 14277 (time=3.56925), 0.0913996 s/step
Meep progress: 3.5805000000000002/72.33333206176758 = 5.0% done in 1410.6s, 27085.7s to go
on time step 14324 (time=3.581), 0.085134 s/step
Meep progress: 3.59225/72.33333206176758 = 5.0% done in 1414.6s, 27070.5s to go
on time step 14371 (time=3.59275), 0.086741 s/step
Meep progress: 3.60425/72.33333206176758 = 5.0% done in 1418.7s, 27053.2s to go
on time step 14419 (time=3.60475), 0.0846191 s/step
Meep progress: 3.615/72.33333206176758 = 5.0% done in 1422.8s, 27045.4s to go
on time step 14462 (time=3.6155), 0.0942394 s/step
Meep progress: 3.62425/72.33333206176758 = 5.0% done in 1426.8s, 27049.3s to go
on time step 14499 (time=3.62475), 0.109507 s/step
Meep progress: 3.6335/72.33333206176758 = 5.0% done in 1430.8s, 27052.9s to go
on time step 14536 (time=3.634), 0.108943 s/step
Meep progress: 3.642/72.33333206176758 = 5.0% done in 1434.9s, 27062.6s to go
on time step 14570 (time=3.6425), 0.119152 s/step
Meep progress: 3.6517500000000003/72.33333206176758 = 5.0% done in 1438.9s, 27062.0s to go
on time step 14609 (time=3.65225), 0.102834 s/step
Meep progress: 3.66125/72.33333206176758 = 5.1% done in 1443.0s, 27064.7s to go
on time step 14647 (time=3.66175), 0.109045 s/step
Meep progress: 3.6717500000000003/72.33333206176758 = 5.1% done in 1447.0s, 27058.8s to go
on time step 14690 (time=3.6725), 0.0940551 s/step
Meep progress: 3.68325/72.33333206176758 = 5.1% done in 1451.0s, 27044.6s to go
on time step 14736 (time=3.684), 0.0871301 s/step
Meep progress: 3.69475/72.33333206176758 = 5.1% done in 1455.0s, 27030.3s to go
on time step 14782 (time=3.6955), 0.0875288 s/step
Meep progress: 3.70525/72.33333206176758 = 5.1% done in 1459.0s, 27023.9s to go
on time step 14825 (time=3.70625), 0.0950577 s/step
Meep progress: 3.71675/72.33333206176758 = 5.1% done in 1463.1s, 27011.0s to go
on time step 14871 (time=3.71775), 0.0886312 s/step
Meep progress: 3.7285/72.33333206176758 = 5.2% done in 1467.1s, 26995.3s to go
on time step 14918 (time=3.7295), 0.0870642 s/step
Meep progress: 3.74/72.33333206176758 = 5.2% done in 1471.1s, 26981.2s to go
on time step 14965 (time=3.74125), 0.085348 s/step
Meep progress: 3.75125/72.33333206176758 = 5.2% done in 1475.2s, 26969.9s to go
on time step 15010 (time=3.7525), 0.0907464 s/step
Meep progress: 3.76175/72.33333206176758 = 5.2% done in 1479.2s, 26964.1s to go
on time step 15053 (time=3.76325), 0.0945352 s/step
Meep progress: 3.77375/72.33333206176758 = 5.2% done in 1483.3s, 26947.6s to go
on time step 15100 (time=3.775), 0.0851224 s/step
Meep progress: 3.78525/72.33333206176758 = 5.2% done in 1487.3s, 26933.8s to go
on time step 15147 (time=3.78675), 0.0870465 s/step
Meep progress: 3.797/72.33333206176758 = 5.2% done in 1491.3s, 26918.3s to go
on time step 15195 (time=3.79875), 0.0845994 s/step
Meep progress: 3.809/72.33333206176758 = 5.3% done in 1495.4s, 26902.6s to go
on time step 15240 (time=3.81), 0.088982 s/step
Meep progress: 3.8185000000000002/72.33333206176758 = 5.3% done in 1499.5s, 26904.6s to go
on time step 15279 (time=3.81975), 0.103308 s/step
Meep progress: 3.82825/72.33333206176758 = 5.3% done in 1503.5s, 26905.3s to go
on time step 15316 (time=3.829), 0.108888 s/step
Meep progress: 3.837/72.33333206176758 = 5.3% done in 1507.6s, 26913.2s to go
on time step 15351 (time=3.83775), 0.115701 s/step
Meep progress: 3.84525/72.33333206176758 = 5.3% done in 1511.7s, 26924.2s to go
on time step 15384 (time=3.846), 0.121719 s/step
Meep progress: 3.8545000000000003/72.33333206176758 = 5.3% done in 1515.7s, 26928.3s to go
on time step 15421 (time=3.85525), 0.10987 s/step
Meep progress: 3.864/72.33333206176758 = 5.3% done in 1519.8s, 26931.1s to go
on time step 15458 (time=3.8645), 0.108753 s/step
Meep progress: 3.8737500000000002/72.33333206176758 = 5.4% done in 1523.9s, 26931.0s to go
on time step 15498 (time=3.8745), 0.101859 s/step
Meep progress: 3.8835/72.33333206176758 = 5.4% done in 1527.9s, 26931.2s to go
on time step 15537 (time=3.88425), 0.104769 s/step
Meep progress: 3.8930000000000002/72.33333206176758 = 5.4% done in 1532.0s, 26932.7s to go
on time step 15576 (time=3.894), 0.104181 s/step
Meep progress: 3.90425/72.33333206176758 = 5.4% done in 1536.1s, 26922.7s to go
on time step 15620 (time=3.905), 0.0916794 s/step
Meep progress: 3.9155/72.33333206176758 = 5.4% done in 1540.1s, 26910.9s to go
on time step 15666 (time=3.9165), 0.0898533 s/step
Meep progress: 3.9257500000000003/72.33333206176758 = 5.4% done in 1544.2s, 26908.2s to go
on time step 15707 (time=3.92675), 0.0987319 s/step
Meep progress: 3.93725/72.33333206176758 = 5.4% done in 1548.2s, 26894.7s to go
on time step 15754 (time=3.9385), 0.0870275 s/step
Meep progress: 3.9495/72.33333206176758 = 5.5% done in 1552.3s, 26876.6s to go
on time step 15803 (time=3.95075), 0.0829894 s/step
Meep progress: 3.9595000000000002/72.33333206176758 = 5.5% done in 1556.3s, 26875.2s to go
on time step 15842 (time=3.9605), 0.104331 s/step
Meep progress: 3.9695/72.33333206176758 = 5.5% done in 1560.4s, 26873.9s to go
on time step 15882 (time=3.9705), 0.101273 s/step
Meep progress: 3.97925/72.33333206176758 = 5.5% done in 1564.5s, 26873.8s to go
on time step 15921 (time=3.98025), 0.103324 s/step
Meep progress: 3.99/72.33333206176758 = 5.5% done in 1568.5s, 26867.0s to go
on time step 15964 (time=3.991), 0.0945663 s/step
Meep progress: 4.001/72.33333206176758 = 5.5% done in 1572.6s, 26858.3s to go
on time step 16008 (time=4.002), 0.0918666 s/step
Meep progress: 4.01125/72.33333206176758 = 5.5% done in 1576.6s, 26854.4s to go
on time step 16049 (time=4.01225), 0.0985191 s/step
Meep progress: 4.022/72.33333206176758 = 5.6% done in 1580.7s, 26847.4s to go
on time step 16092 (time=4.023), 0.0940671 s/step
Meep progress: 4.034/72.33333206176758 = 5.6% done in 1584.7s, 26831.1s to go
on time step 16141 (time=4.03525), 0.0831614 s/step
Meep progress: 4.047/72.33333206176758 = 5.6% done in 1588.8s, 26807.9s to go
on time step 16193 (time=4.04825), 0.0781962 s/step
Meep progress: 4.05975/72.33333206176758 = 5.6% done in 1592.8s, 26786.0s to go
on time step 16245 (time=4.06125), 0.0776496 s/step
Meep progress: 4.07125/72.33333206176758 = 5.6% done in 1596.9s, 26774.3s to go
on time step 16290 (time=4.0725), 0.0895283 s/step
Meep progress: 4.08175/72.33333206176758 = 5.6% done in 1600.9s, 26768.7s to go
on time step 16332 (time=4.083), 0.097337 s/step
Meep progress: 4.093/72.33333206176758 = 5.7% done in 1605.0s, 26758.8s to go
on time step 16377 (time=4.09425), 0.0903079 s/step
Meep progress: 4.10275/72.33333206176758 = 5.7% done in 1609.0s, 26758.4s to go
on time step 16416 (time=4.104), 0.1043 s/step
Meep progress: 4.11325/72.33333206176758 = 5.7% done in 1613.1s, 26753.3s to go
on time step 16458 (time=4.1145), 0.0955738 s/step
Meep progress: 4.1245/72.33333206176758 = 5.7% done in 1617.1s, 26743.3s to go
on time step 16502 (time=4.1255), 0.0924265 s/step
Meep progress: 4.13475/72.33333206176758 = 5.7% done in 1621.1s, 26739.0s to go
on time step 16545 (time=4.13625), 0.0952288 s/step
Meep progress: 4.147/72.33333206176758 = 5.7% done in 1625.2s, 26721.8s to go
on time step 16595 (time=4.14875), 0.0814649 s/step
Meep progress: 4.1595/72.33333206176758 = 5.8% done in 1629.2s, 26703.0s to go
on time step 16645 (time=4.16125), 0.0813553 s/step
Meep progress: 4.17175/72.33333206176758 = 5.8% done in 1633.3s, 26686.2s to go
on time step 16694 (time=4.1735), 0.0829204 s/step
Meep progress: 4.184/72.33333206176758 = 5.8% done in 1637.3s, 26668.6s to go
on time step 16744 (time=4.186), 0.0813526 s/step
Meep progress: 4.19675/72.33333206176758 = 5.8% done in 1641.3s, 26647.7s to go
on time step 16795 (time=4.19875), 0.0797017 s/step
Meep progress: 4.2090000000000005/72.33333206176758 = 5.8% done in 1645.4s, 26630.7s to go
on time step 16845 (time=4.21125), 0.081017 s/step
Meep progress: 4.22175/72.33333206176758 = 5.8% done in 1649.4s, 26610.3s to go
on time step 16896 (time=4.224), 0.0797677 s/step
Meep progress: 4.23375/72.33333206176758 = 5.9% done in 1653.4s, 26595.4s to go
on time step 16944 (time=4.236), 0.0849499 s/step
Meep progress: 4.2465/72.33333206176758 = 5.9% done in 1657.5s, 26575.8s to go
on time step 16996 (time=4.249), 0.0779628 s/step
Meep progress: 4.25975/72.33333206176758 = 5.9% done in 1661.6s, 26552.7s to go
on time step 17049 (time=4.26225), 0.0763759 s/step
Meep progress: 4.273/72.33333206176758 = 5.9% done in 1665.6s, 26529.7s to go
on time step 17101 (time=4.27525), 0.076946 s/step
Meep progress: 4.2860000000000005/72.33333206176758 = 5.9% done in 1669.6s, 26508.3s to go
on time step 17153 (time=4.28825), 0.0773127 s/step
Meep progress: 4.29925/72.33333206176758 = 5.9% done in 1673.7s, 26485.8s to go
on time step 17206 (time=4.3015), 0.07643 s/step
Meep progress: 4.3125/72.33333206176758 = 6.0% done in 1677.7s, 26462.5s to go
on time step 17259 (time=4.31475), 0.0758316 s/step
Meep progress: 4.32575/72.33333206176758 = 6.0% done in 1681.7s, 26439.4s to go
on time step 17312 (time=4.328), 0.076341 s/step
Meep progress: 4.33875/72.33333206176758 = 6.0% done in 1685.7s, 26418.0s to go
on time step 17365 (time=4.34125), 0.0764946 s/step
Meep progress: 4.352/72.33333206176758 = 6.0% done in 1689.8s, 26395.3s to go
on time step 17418 (time=4.3545), 0.0757577 s/step
Meep progress: 4.3652500000000005/72.33333206176758 = 6.0% done in 1693.8s, 26373.1s to go
on time step 17471 (time=4.36775), 0.0763383 s/step
Meep progress: 4.3785/72.33333206176758 = 6.1% done in 1697.9s, 26351.0s to go
on time step 17524 (time=4.381), 0.0763525 s/step
Meep progress: 4.39175/72.33333206176758 = 6.1% done in 1701.9s, 26328.3s to go
on time step 17577 (time=4.39425), 0.0765413 s/step
Meep progress: 4.4045000000000005/72.33333206176758 = 6.1% done in 1705.9s, 26309.3s to go
on time step 17629 (time=4.40725), 0.0779919 s/step
Meep progress: 4.4175/72.33333206176758 = 6.1% done in 1709.9s, 26288.4s to go
on time step 17682 (time=4.4205), 0.0765257 s/step
Meep progress: 4.43075/72.33333206176758 = 6.1% done in 1714.0s, 26267.0s to go
on time step 17734 (time=4.4335), 0.0769517 s/step
Meep progress: 4.444/72.33333206176758 = 6.1% done in 1718.0s, 26245.2s to go
on time step 17787 (time=4.44675), 0.076138 s/step
Meep progress: 4.45725/72.33333206176758 = 6.2% done in 1722.0s, 26223.4s to go
on time step 17840 (time=4.46), 0.0761768 s/step
Meep progress: 4.4705/72.33333206176758 = 6.2% done in 1726.1s, 26202.4s to go
on time step 17892 (time=4.473), 0.0772591 s/step
Meep progress: 4.4835/72.33333206176758 = 6.2% done in 1730.1s, 26182.2s to go
on time step 17945 (time=4.48625), 0.0763252 s/step
Meep progress: 4.4967500000000005/72.33333206176758 = 6.2% done in 1734.2s, 26161.3s to go
on time step 17997 (time=4.49925), 0.0770309 s/step
Meep progress: 4.51/72.33333206176758 = 6.2% done in 1738.2s, 26139.8s to go
on time step 18050 (time=4.5125), 0.075843 s/step
Meep progress: 4.52325/72.33333206176758 = 6.3% done in 1742.3s, 26118.9s to go
on time step 18102 (time=4.5255), 0.0770474 s/step
Meep progress: 4.5365/72.33333206176758 = 6.3% done in 1746.3s, 26098.2s to go
on time step 18155 (time=4.53875), 0.0764332 s/step
Meep progress: 4.5495/72.33333206176758 = 6.3% done in 1750.3s, 26078.7s to go
on time step 18207 (time=4.55175), 0.0772037 s/step
Meep progress: 4.56275/72.33333206176758 = 6.3% done in 1754.4s, 26057.5s to go
on time step 18260 (time=4.565), 0.0756565 s/step
Meep progress: 4.5760000000000005/72.33333206176758 = 6.3% done in 1758.4s, 26037.1s to go
on time step 18313 (time=4.57825), 0.0764224 s/step
Meep progress: 4.5895/72.33333206176758 = 6.3% done in 1762.5s, 26015.5s to go
on time step 18366 (time=4.5915), 0.075593 s/step
Meep progress: 4.60275/72.33333206176758 = 6.4% done in 1766.5s, 25994.5s to go
on time step 18420 (time=4.605), 0.0754613 s/step
Meep progress: 4.61575/72.33333206176758 = 6.4% done in 1770.5s, 25975.5s to go
on time step 18472 (time=4.618), 0.0780391 s/step
Meep progress: 4.62875/72.33333206176758 = 6.4% done in 1774.5s, 25956.2s to go
on time step 18525 (time=4.63125), 0.0765743 s/step
Meep progress: 4.64175/72.33333206176758 = 6.4% done in 1778.5s, 25936.9s to go
on time step 18578 (time=4.6445), 0.0768105 s/step
Meep progress: 4.655/72.33333206176758 = 6.4% done in 1782.6s, 25916.4s to go
on time step 18631 (time=4.65775), 0.0764056 s/step
Meep progress: 4.6682500000000005/72.33333206176758 = 6.5% done in 1786.6s, 25896.7s to go
on time step 18684 (time=4.671), 0.0767418 s/step
Meep progress: 4.6815/72.33333206176758 = 6.5% done in 1790.7s, 25877.1s to go
on time step 18736 (time=4.684), 0.0770622 s/step
Meep progress: 4.6945/72.33333206176758 = 6.5% done in 1794.7s, 25858.5s to go
on time step 18789 (time=4.69725), 0.0768418 s/step
Meep progress: 4.7075000000000005/72.33333206176758 = 6.5% done in 1798.7s, 25840.0s to go
on time step 18841 (time=4.71025), 0.0777593 s/step
Meep progress: 4.72/72.33333206176758 = 6.5% done in 1802.8s, 25824.2s to go
on time step 18892 (time=4.723), 0.0798707 s/step
Meep progress: 4.73275/72.33333206176758 = 6.5% done in 1806.8s, 25807.0s to go
on time step 18943 (time=4.73575), 0.0788309 s/step
Meep progress: 4.74575/72.33333206176758 = 6.6% done in 1810.8s, 25788.4s to go
on time step 18996 (time=4.749), 0.076153 s/step
Meep progress: 4.75925/72.33333206176758 = 6.6% done in 1814.8s, 25767.8s to go
on time step 19050 (time=4.7625), 0.0752458 s/step
Meep progress: 4.7725/72.33333206176758 = 6.6% done in 1818.9s, 25748.3s to go
on time step 19103 (time=4.77575), 0.0759074 s/step
Meep progress: 4.78575/72.33333206176758 = 6.6% done in 1822.9s, 25729.3s to go
on time step 19156 (time=4.789), 0.0767632 s/step
Meep progress: 4.799/72.33333206176758 = 6.6% done in 1827.0s, 25710.5s to go
on time step 19208 (time=4.802), 0.076945 s/step
Meep progress: 4.812/72.33333206176758 = 6.7% done in 1831.0s, 25692.4s to go
on time step 19260 (time=4.815), 0.0777708 s/step
Meep progress: 4.825/72.33333206176758 = 6.7% done in 1835.0s, 25674.6s to go
on time step 19312 (time=4.828), 0.0772151 s/step
Meep progress: 4.838/72.33333206176758 = 6.7% done in 1839.1s, 25656.8s to go
on time step 19364 (time=4.841), 0.0774313 s/step
Meep progress: 4.851/72.33333206176758 = 6.7% done in 1843.1s, 25638.8s to go
on time step 19417 (time=4.85425), 0.0768523 s/step
Meep progress: 4.86425/72.33333206176758 = 6.7% done in 1847.1s, 25620.3s to go
on time step 19470 (time=4.8675), 0.0761278 s/step
Meep progress: 4.8775/72.33333206176758 = 6.7% done in 1851.2s, 25601.8s to go
on time step 19523 (time=4.88075), 0.0764748 s/step
Meep progress: 4.89075/72.33333206176758 = 6.8% done in 1855.3s, 25583.6s to go
on time step 19575 (time=4.89375), 0.0769238 s/step
Meep progress: 4.904/72.33333206176758 = 6.8% done in 1859.3s, 25564.7s to go
on time step 19628 (time=4.907), 0.0756812 s/step
Meep progress: 4.91725/72.33333206176758 = 6.8% done in 1863.3s, 25546.3s to go
on time step 19681 (time=4.92025), 0.0764613 s/step
Meep progress: 4.9305/72.33333206176758 = 6.8% done in 1867.4s, 25527.9s to go
on time step 19734 (time=4.9335), 0.0760906 s/step
Meep progress: 4.9437500000000005/72.33333206176758 = 6.8% done in 1871.4s, 25509.3s to go
on time step 19787 (time=4.94675), 0.0763526 s/step
Meep progress: 4.957/72.33333206176758 = 6.9% done in 1875.4s, 25490.7s to go
on time step 19841 (time=4.96025), 0.0754755 s/step
Meep progress: 4.97025/72.33333206176758 = 6.9% done in 1879.4s, 25472.5s to go
on time step 19894 (time=4.9735), 0.0762761 s/step
Meep progress: 4.9835/72.33333206176758 = 6.9% done in 1883.5s, 25454.0s to go
on time step 19947 (time=4.98675), 0.0755806 s/step
Meep progress: 4.9967500000000005/72.33333206176758 = 6.9% done in 1887.5s, 25436.2s to go
on time step 20000 (time=5), 0.0766444 s/step
Meep progress: 5.01025/72.33333206176758 = 6.9% done in 1891.6s, 25417.3s to go
on time step 20053 (time=5.01325), 0.0760096 s/step
Meep progress: 5.0235/72.33333206176758 = 6.9% done in 1895.6s, 25399.7s to go
on time step 20106 (time=5.0265), 0.0761172 s/step
Meep progress: 5.0335/72.33333206176758 = 7.0% done in 1899.7s, 25399.4s to go
on time step 20145 (time=5.03625), 0.103091 s/step
Meep progress: 5.04625/72.33333206176758 = 7.0% done in 1903.7s, 25384.7s to go
on time step 20196 (time=5.049), 0.079153 s/step
Meep progress: 5.0585/72.33333206176758 = 7.0% done in 1907.8s, 25371.9s to go
on time step 20245 (time=5.06125), 0.0825917 s/step
Meep progress: 5.07075/72.33333206176758 = 7.0% done in 1911.8s, 25359.3s to go
on time step 20295 (time=5.07375), 0.081566 s/step
Meep progress: 5.0835/72.33333206176758 = 7.0% done in 1915.8s, 25344.1s to go
on time step 20347 (time=5.08675), 0.0777192 s/step
Meep progress: 5.09625/72.33333206176758 = 7.0% done in 1919.8s, 25328.7s to go
on time step 20398 (time=5.0995), 0.079344 s/step
Meep progress: 5.109/72.33333206176758 = 7.1% done in 1923.9s, 25314.3s to go
on time step 20449 (time=5.11225), 0.0791948 s/step
Meep progress: 5.1215/72.33333206176758 = 7.1% done in 1927.9s, 25300.5s to go
on time step 20499 (time=5.12475), 0.0817654 s/step
Meep progress: 5.13425/72.33333206176758 = 7.1% done in 1931.9s, 25286.1s to go
on time step 20551 (time=5.13775), 0.0782375 s/step
Meep progress: 5.1472500000000005/72.33333206176758 = 7.1% done in 1936.0s, 25270.4s to go
on time step 20602 (time=5.1505), 0.078855 s/step
Meep progress: 5.16/72.33333206176758 = 7.1% done in 1940.0s, 25255.3s to go
on time step 20654 (time=5.1635), 0.0774109 s/step
Meep progress: 5.17275/72.33333206176758 = 7.2% done in 1944.0s, 25240.2s to go
on time step 20705 (time=5.17625), 0.0790504 s/step
Meep progress: 5.1857500000000005/72.33333206176758 = 7.2% done in 1948.0s, 25224.1s to go
on time step 20757 (time=5.18925), 0.0770904 s/step
Meep progress: 5.19875/72.33333206176758 = 7.2% done in 1952.1s, 25208.8s to go
on time step 20808 (time=5.202), 0.0785778 s/step
Meep progress: 5.21175/72.33333206176758 = 7.2% done in 1956.2s, 25193.6s to go
on time step 20860 (time=5.215), 0.0778376 s/step
Meep progress: 5.2245/72.33333206176758 = 7.2% done in 1960.2s, 25179.3s to go
on time step 20910 (time=5.2275), 0.0807226 s/step
Meep progress: 5.237/72.33333206176758 = 7.2% done in 1964.3s, 25166.4s to go
on time step 20961 (time=5.24025), 0.0800102 s/step
Meep progress: 5.24975/72.33333206176758 = 7.3% done in 1968.3s, 25152.2s to go
on time step 21012 (time=5.253), 0.0793121 s/step
Meep progress: 5.2627500000000005/72.33333206176758 = 7.3% done in 1972.4s, 25137.0s to go
on time step 21064 (time=5.266), 0.0777641 s/step
Meep progress: 5.276/72.33333206176758 = 7.3% done in 1976.5s, 25120.5s to go
on time step 21117 (time=5.27925), 0.0764706 s/step
Meep progress: 5.289/72.33333206176758 = 7.3% done in 1980.5s, 25104.7s to go
on time step 21169 (time=5.29225), 0.0773431 s/step
Meep progress: 5.30175/72.33333206176758 = 7.3% done in 1984.5s, 25090.2s to go
on time step 21221 (time=5.30525), 0.0778385 s/step
Meep progress: 5.315/72.33333206176758 = 7.3% done in 1988.5s, 25073.8s to go
on time step 21274 (time=5.3185), 0.0765637 s/step
Meep progress: 5.32825/72.33333206176758 = 7.4% done in 1992.6s, 25057.5s to go
on time step 21327 (time=5.33175), 0.0765221 s/step
Meep progress: 5.3415/72.33333206176758 = 7.4% done in 1996.6s, 25040.7s to go
on time step 21380 (time=5.345), 0.0761061 s/step
Meep progress: 5.35475/72.33333206176758 = 7.4% done in 2000.6s, 25024.4s to go
on time step 21433 (time=5.35825), 0.07567 s/step
Meep progress: 5.368/72.33333206176758 = 7.4% done in 2004.6s, 25007.7s to go
on time step 21486 (time=5.3715), 0.0760112 s/step
Meep progress: 5.381/72.33333206176758 = 7.4% done in 2008.7s, 24992.9s to go
on time step 21538 (time=5.3845), 0.0778092 s/step
Meep progress: 5.394/72.33333206176758 = 7.5% done in 2012.8s, 24978.2s to go
on time step 21590 (time=5.3975), 0.0780123 s/step
Meep progress: 5.40725/72.33333206176758 = 7.5% done in 2016.8s, 24962.0s to go
on time step 21643 (time=5.41075), 0.076331 s/step
Meep progress: 5.4205000000000005/72.33333206176758 = 7.5% done in 2020.8s, 24946.0s to go
on time step 21696 (time=5.424), 0.0764561 s/step
Meep progress: 5.43325/72.33333206176758 = 7.5% done in 2024.8s, 24932.1s to go
on time step 21748 (time=5.437), 0.0780659 s/step
Meep progress: 5.44625/72.33333206176758 = 7.5% done in 2028.9s, 24917.6s to go
on time step 21800 (time=5.45), 0.0779604 s/step
Meep progress: 5.4595/72.33333206176758 = 7.5% done in 2032.9s, 24901.4s to go
on time step 21853 (time=5.46325), 0.0757264 s/step
Meep progress: 5.4727500000000004/72.33333206176758 = 7.6% done in 2037.0s, 24885.5s to go
on time step 21906 (time=5.4765), 0.0762344 s/step
Meep progress: 5.48625/72.33333206176758 = 7.6% done in 2041.0s, 24868.9s to go
on time step 21959 (time=5.48975), 0.0757155 s/step
Meep progress: 5.4995/72.33333206176758 = 7.6% done in 2045.1s, 24853.4s to go
on time step 22012 (time=5.503), 0.0761172 s/step
Meep progress: 5.5120000000000005/72.33333206176758 = 7.6% done in 2049.1s, 24841.1s to go
on time step 22062 (time=5.5155), 0.081701 s/step
Meep progress: 5.525/72.33333206176758 = 7.6% done in 2053.1s, 24826.5s to go
on time step 22115 (time=5.52875), 0.0766963 s/step
Meep progress: 5.538/72.33333206176758 = 7.7% done in 2057.1s, 24811.8s to go
on time step 22167 (time=5.54175), 0.0771098 s/step
Meep progress: 5.5512500000000005/72.33333206176758 = 7.7% done in 2061.2s, 24796.2s to go
on time step 22220 (time=5.555), 0.075592 s/step
Meep progress: 5.5645/72.33333206176758 = 7.7% done in 2065.2s, 24780.3s to go
on time step 22274 (time=5.5685), 0.0753015 s/step
Meep progress: 5.578/72.33333206176758 = 7.7% done in 2069.3s, 24764.1s to go
on time step 22327 (time=5.58175), 0.0756727 s/step
Meep progress: 5.5912500000000005/72.33333206176758 = 7.7% done in 2073.3s, 24749.0s to go
on time step 22379 (time=5.59475), 0.0770887 s/step
Meep progress: 5.6045/72.33333206176758 = 7.7% done in 2077.4s, 24733.6s to go
on time step 22432 (time=5.608), 0.0756928 s/step
Meep progress: 5.618/72.33333206176758 = 7.8% done in 2081.4s, 24717.5s to go
on time step 22485 (time=5.62125), 0.0755206 s/step
Meep progress: 5.6312500000000005/72.33333206176758 = 7.8% done in 2085.4s, 24701.9s to go
on time step 22538 (time=5.6345), 0.0754954 s/step
Meep progress: 5.6445/72.33333206176758 = 7.8% done in 2089.5s, 24687.0s to go
on time step 22590 (time=5.6475), 0.077274 s/step
Meep progress: 5.6575/72.33333206176758 = 7.8% done in 2093.5s, 24673.3s to go
on time step 22642 (time=5.6605), 0.0773026 s/step
Meep progress: 5.671/72.33333206176758 = 7.8% done in 2097.6s, 24657.4s to go
on time step 22696 (time=5.674), 0.0746739 s/step
Meep progress: 5.6845/72.33333206176758 = 7.9% done in 2101.6s, 24641.1s to go
on time step 22749 (time=5.68725), 0.0761344 s/step
Meep progress: 5.69775/72.33333206176758 = 7.9% done in 2105.7s, 24626.4s to go
on time step 22802 (time=5.7005), 0.0756666 s/step
Meep progress: 5.711/72.33333206176758 = 7.9% done in 2109.7s, 24611.2s to go
on time step 22855 (time=5.71375), 0.0757382 s/step
Meep progress: 5.7245/72.33333206176758 = 7.9% done in 2113.8s, 24595.5s to go
on time step 22909 (time=5.72725), 0.0750743 s/step
Meep progress: 5.73775/72.33333206176758 = 7.9% done in 2117.8s, 24580.7s to go
on time step 22962 (time=5.7405), 0.0762043 s/step
Meep progress: 5.751/72.33333206176758 = 8.0% done in 2121.8s, 24565.6s to go
on time step 23015 (time=5.75375), 0.0762107 s/step
Meep progress: 5.7642500000000005/72.33333206176758 = 8.0% done in 2125.9s, 24550.9s to go
on time step 23069 (time=5.76725), 0.0754645 s/step
Meep progress: 5.7775/72.33333206176758 = 8.0% done in 2129.9s, 24536.4s to go
on time step 23121 (time=5.78025), 0.0773695 s/step
Meep progress: 5.7905/72.33333206176758 = 8.0% done in 2134.0s, 24522.8s to go
on time step 23174 (time=5.7935), 0.0767113 s/step
Meep progress: 5.80375/72.33333206176758 = 8.0% done in 2138.0s, 24507.8s to go
on time step 23227 (time=5.80675), 0.0755435 s/step
Meep progress: 5.817/72.33333206176758 = 8.0% done in 2142.0s, 24493.4s to go
on time step 23280 (time=5.82), 0.0765522 s/step
Meep progress: 5.83/72.33333206176758 = 8.1% done in 2146.0s, 24479.8s to go
on time step 23332 (time=5.833), 0.0769314 s/step
Meep progress: 5.84325/72.33333206176758 = 8.1% done in 2150.1s, 24465.7s to go
on time step 23384 (time=5.846), 0.077183 s/step
Meep progress: 5.8565000000000005/72.33333206176758 = 8.1% done in 2154.1s, 24451.6s to go
on time step 23437 (time=5.85925), 0.0761035 s/step
Meep progress: 5.86975/72.33333206176758 = 8.1% done in 2158.2s, 24437.0s to go
on time step 23490 (time=5.8725), 0.0760952 s/step
Meep progress: 5.883/72.33333206176758 = 8.1% done in 2162.2s, 24422.5s to go
on time step 23543 (time=5.88575), 0.0763498 s/step
Meep progress: 5.89625/72.33333206176758 = 8.2% done in 2166.2s, 24408.2s to go
on time step 23597 (time=5.89925), 0.0752023 s/step
Meep progress: 5.9095/72.33333206176758 = 8.2% done in 2170.2s, 24393.6s to go
on time step 23650 (time=5.9125), 0.0755579 s/step
Meep progress: 5.92275/72.33333206176758 = 8.2% done in 2174.2s, 24379.1s to go
on time step 23703 (time=5.92575), 0.0759026 s/step
Meep progress: 5.936/72.33333206176758 = 8.2% done in 2178.3s, 24365.3s to go
on time step 23756 (time=5.939), 0.0766123 s/step
Meep progress: 5.94925/72.33333206176758 = 8.2% done in 2182.3s, 24351.1s to go
on time step 23809 (time=5.95225), 0.0756186 s/step
Meep progress: 5.9625/72.33333206176758 = 8.2% done in 2186.3s, 24336.8s to go
on time step 23862 (time=5.9655), 0.0760429 s/step
Meep progress: 5.975750000000001/72.33333206176758 = 8.3% done in 2190.4s, 24322.9s to go
on time step 23915 (time=5.97875), 0.076549 s/step
Meep progress: 5.989/72.33333206176758 = 8.3% done in 2194.4s, 24309.2s to go
on time step 23968 (time=5.992), 0.0761241 s/step
Meep progress: 6.00225/72.33333206176758 = 8.3% done in 2198.4s, 24295.1s to go
on time step 24021 (time=6.00525), 0.0759524 s/step
Meep progress: 6.01475/72.33333206176758 = 8.3% done in 2202.5s, 24284.4s to go
on time step 24071 (time=6.01775), 0.0807121 s/step
Meep progress: 6.02775/72.33333206176758 = 8.3% done in 2206.5s, 24271.4s to go
on time step 24123 (time=6.03075), 0.0777647 s/step
Meep progress: 6.0405/72.33333206176758 = 8.4% done in 2210.5s, 24259.5s to go
on time step 24175 (time=6.04375), 0.0775708 s/step
Meep progress: 6.0535000000000005/72.33333206176758 = 8.4% done in 2214.5s, 24246.8s to go
on time step 24227 (time=6.05675), 0.0779678 s/step
Meep progress: 6.06625/72.33333206176758 = 8.4% done in 2218.5s, 24235.0s to go
on time step 24279 (time=6.06975), 0.0779358 s/step
Meep progress: 6.0795/72.33333206176758 = 8.4% done in 2222.6s, 24221.2s to go
on time step 24332 (time=6.083), 0.0761885 s/step
Meep progress: 6.0927500000000006/72.33333206176758 = 8.4% done in 2226.6s, 24207.5s to go
on time step 24385 (time=6.09625), 0.0759535 s/step
Meep progress: 6.106/72.33333206176758 = 8.4% done in 2230.6s, 24193.6s to go
on time step 24438 (time=6.1095), 0.0757824 s/step
Meep progress: 6.11925/72.33333206176758 = 8.5% done in 2234.6s, 24180.0s to go
on time step 24491 (time=6.12275), 0.0756843 s/step
Meep progress: 6.1325/72.33333206176758 = 8.5% done in 2238.7s, 24166.7s to go
on time step 24544 (time=6.136), 0.0766214 s/step
Meep progress: 6.1457500000000005/72.33333206176758 = 8.5% done in 2242.7s, 24153.0s to go
on time step 24598 (time=6.1495), 0.075437 s/step
Meep progress: 6.159/72.33333206176758 = 8.5% done in 2246.7s, 24139.5s to go
on time step 24651 (time=6.16275), 0.0763764 s/step
Meep progress: 6.172/72.33333206176758 = 8.5% done in 2250.7s, 24127.1s to go
on time step 24703 (time=6.17575), 0.0770234 s/step
Meep progress: 6.18525/72.33333206176758 = 8.6% done in 2254.8s, 24113.9s to go
on time step 24756 (time=6.189), 0.0769333 s/step
Meep progress: 6.19825/72.33333206176758 = 8.6% done in 2258.9s, 24101.9s to go
on time step 24808 (time=6.202), 0.0777173 s/step
Meep progress: 6.2115/72.33333206176758 = 8.6% done in 2262.9s, 24088.3s to go
on time step 24861 (time=6.21525), 0.0762716 s/step
Meep progress: 6.22475/72.33333206176758 = 8.6% done in 2266.9s, 24075.2s to go
on time step 24914 (time=6.2285), 0.0764077 s/step
Meep progress: 6.23775/72.33333206176758 = 8.6% done in 2271.0s, 24063.4s to go
on time step 24966 (time=6.2415), 0.0780083 s/step
Meep progress: 6.25075/72.33333206176758 = 8.6% done in 2275.0s, 24050.9s to go
on time step 25019 (time=6.25475), 0.0761002 s/step
Meep progress: 6.264/72.33333206176758 = 8.7% done in 2279.0s, 24037.7s to go
on time step 25072 (time=6.268), 0.075936 s/step
Meep progress: 6.27725/72.33333206176758 = 8.7% done in 2283.1s, 24024.9s to go
on time step 25125 (time=6.28125), 0.0769231 s/step
Meep progress: 6.29075/72.33333206176758 = 8.7% done in 2287.1s, 24011.2s to go
on time step 25179 (time=6.29475), 0.0749361 s/step
Meep progress: 6.30425/72.33333206176758 = 8.7% done in 2291.2s, 23997.4s to go
on time step 25233 (time=6.30825), 0.0752384 s/step
Meep progress: 6.31775/72.33333206176758 = 8.7% done in 2295.3s, 23983.7s to go
on time step 25287 (time=6.32175), 0.0753918 s/step
Meep progress: 6.331/72.33333206176758 = 8.8% done in 2299.3s, 23970.8s to go
on time step 25340 (time=6.335), 0.076117 s/step
Meep progress: 6.3445/72.33333206176758 = 8.8% done in 2303.4s, 23957.0s to go
on time step 25394 (time=6.3485), 0.0752732 s/step
Meep progress: 6.3580000000000005/72.33333206176758 = 8.8% done in 2307.4s, 23943.6s to go
on time step 25448 (time=6.362), 0.0754119 s/step
Meep progress: 6.37125/72.33333206176758 = 8.8% done in 2311.4s, 23930.5s to go
on time step 25501 (time=6.37525), 0.0760298 s/step
Meep progress: 6.3845/72.33333206176758 = 8.8% done in 2315.5s, 23917.6s to go
on time step 25555 (time=6.38875), 0.0753347 s/step
Meep progress: 6.39775/72.33333206176758 = 8.8% done in 2319.5s, 23904.7s to go
on time step 25606 (time=6.4015), 0.0799349 s/step
Meep progress: 6.41/72.33333206176758 = 8.9% done in 2323.5s, 23896.2s to go
on time step 25657 (time=6.41425), 0.0787794 s/step
Meep progress: 6.423/72.33333206176758 = 8.9% done in 2327.6s, 23884.8s to go
on time step 25705 (time=6.42625), 0.0849213 s/step
Meep progress: 6.4345/72.33333206176758 = 8.9% done in 2331.6s, 23879.5s to go
on time step 25755 (time=6.43875), 0.0810411 s/step
Meep progress: 6.4475/72.33333206176758 = 8.9% done in 2335.7s, 23867.6s to go
on time step 25808 (time=6.452), 0.076665 s/step
Meep progress: 6.46075/72.33333206176758 = 8.9% done in 2339.7s, 23855.1s to go
on time step 25861 (time=6.46525), 0.075772 s/step
Meep progress: 6.474/72.33333206176758 = 9.0% done in 2343.8s, 23842.7s to go
on time step 25914 (time=6.4785), 0.0766497 s/step
Meep progress: 6.48725/72.33333206176758 = 9.0% done in 2347.8s, 23830.0s to go
on time step 25967 (time=6.49175), 0.0757188 s/step
Meep progress: 6.5005/72.33333206176758 = 9.0% done in 2351.8s, 23817.3s to go
on time step 26020 (time=6.505), 0.0758345 s/step
Meep progress: 6.51375/72.33333206176758 = 9.0% done in 2355.8s, 23804.7s to go
on time step 26073 (time=6.51825), 0.0756927 s/step
Meep progress: 6.527/72.33333206176758 = 9.0% done in 2359.8s, 23792.1s to go
on time step 26126 (time=6.5315), 0.0759263 s/step
Meep progress: 6.5405/72.33333206176758 = 9.0% done in 2363.9s, 23779.0s to go
on time step 26180 (time=6.545), 0.0753152 s/step
Meep progress: 6.55375/72.33333206176758 = 9.1% done in 2367.9s, 23766.8s to go
on time step 26232 (time=6.558), 0.0770657 s/step
Meep progress: 6.567/72.33333206176758 = 9.1% done in 2372.0s, 23754.4s to go
on time step 26285 (time=6.57125), 0.0763963 s/step
Meep progress: 6.58/72.33333206176758 = 9.1% done in 2376.0s, 23743.0s to go
on time step 26337 (time=6.58425), 0.0770043 s/step
Meep progress: 6.59325/72.33333206176758 = 9.1% done in 2380.0s, 23730.8s to go
on time step 26390 (time=6.5975), 0.0759139 s/step
Meep progress: 6.6065000000000005/72.33333206176758 = 9.1% done in 2384.1s, 23718.6s to go
on time step 26443 (time=6.61075), 0.0757898 s/step
Meep progress: 6.61925/72.33333206176758 = 9.2% done in 2388.1s, 23708.3s to go
on time step 26494 (time=6.6235), 0.0799525 s/step
Meep progress: 6.632000000000001/72.33333206176758 = 9.2% done in 2392.1s, 23698.0s to go
on time step 26546 (time=6.6365), 0.0782524 s/step
Meep progress: 6.6450000000000005/72.33333206176758 = 9.2% done in 2396.2s, 23686.9s to go
on time step 26598 (time=6.6495), 0.0772428 s/step
Meep progress: 6.658/72.33333206176758 = 9.2% done in 2400.2s, 23675.6s to go
on time step 26650 (time=6.6625), 0.0771969 s/step
Meep progress: 6.671/72.33333206176758 = 9.2% done in 2404.2s, 23664.3s to go
on time step 26702 (time=6.6755), 0.077097 s/step
Meep progress: 6.6842500000000005/72.33333206176758 = 9.2% done in 2408.2s, 23652.2s to go
on time step 26755 (time=6.68875), 0.0759685 s/step
Meep progress: 6.69725/72.33333206176758 = 9.3% done in 2412.2s, 23640.9s to go
on time step 26807 (time=6.70175), 0.077273 s/step
Meep progress: 6.710500000000001/72.33333206176758 = 9.3% done in 2416.2s, 23628.6s to go
on time step 26860 (time=6.715), 0.0757044 s/step
Meep progress: 6.72375/72.33333206176758 = 9.3% done in 2420.3s, 23616.8s to go
on time step 26913 (time=6.72825), 0.0762456 s/step
Meep progress: 6.73675/72.33333206176758 = 9.3% done in 2424.3s, 23605.5s to go
on time step 26965 (time=6.74125), 0.0779469 s/step
Meep progress: 6.749750000000001/72.33333206176758 = 9.3% done in 2428.4s, 23595.0s to go
on time step 27017 (time=6.75425), 0.0779746 s/step
Meep progress: 6.763/72.33333206176758 = 9.3% done in 2432.4s, 23583.5s to go
on time step 27069 (time=6.76725), 0.0769774 s/step
Meep progress: 6.77625/72.33333206176758 = 9.4% done in 2436.5s, 23571.7s to go
on time step 27123 (time=6.78075), 0.0751434 s/step
Meep progress: 6.78975/72.33333206176758 = 9.4% done in 2440.5s, 23559.3s to go
on time step 27177 (time=6.79425), 0.0753681 s/step
Meep progress: 6.803/72.33333206176758 = 9.4% done in 2444.6s, 23547.6s to go
on time step 27230 (time=6.8075), 0.0765902 s/step
Meep progress: 6.816/72.33333206176758 = 9.4% done in 2448.6s, 23536.6s to go
on time step 27282 (time=6.8205), 0.0774478 s/step
Meep progress: 6.82925/72.33333206176758 = 9.4% done in 2452.6s, 23524.9s to go
on time step 27335 (time=6.83375), 0.0757033 s/step
Meep progress: 6.84225/72.33333206176758 = 9.5% done in 2456.6s, 23513.8s to go
on time step 27387 (time=6.84675), 0.0779182 s/step
Meep progress: 6.85525/72.33333206176758 = 9.5% done in 2460.7s, 23503.1s to go
on time step 27440 (time=6.86), 0.0766132 s/step
Meep progress: 6.8685/72.33333206176758 = 9.5% done in 2464.7s, 23491.8s to go
on time step 27492 (time=6.873), 0.077046 s/step
Meep progress: 6.88175/72.33333206176758 = 9.5% done in 2468.8s, 23480.4s to go
on time step 27545 (time=6.88625), 0.0764504 s/step
Meep progress: 6.8950000000000005/72.33333206176758 = 9.5% done in 2472.9s, 23469.2s to go
on time step 27598 (time=6.8995), 0.0761808 s/step
Meep progress: 6.9085/72.33333206176758 = 9.6% done in 2476.9s, 23456.8s to go
on time step 27651 (time=6.91275), 0.0759468 s/step
Meep progress: 6.92175/72.33333206176758 = 9.6% done in 2481.0s, 23445.5s to go
on time step 27704 (time=6.926), 0.0755236 s/step
Meep progress: 6.93525/72.33333206176758 = 9.6% done in 2485.0s, 23433.4s to go
on time step 27757 (time=6.93925), 0.0758729 s/step
Meep progress: 6.9485/72.33333206176758 = 9.6% done in 2489.0s, 23421.7s to go
on time step 27811 (time=6.95275), 0.0751332 s/step
Meep progress: 6.96175/72.33333206176758 = 9.6% done in 2493.1s, 23410.2s to go
on time step 27864 (time=6.966), 0.0769567 s/step
Meep progress: 6.9750000000000005/72.33333206176758 = 9.6% done in 2497.1s, 23398.8s to go
on time step 27917 (time=6.97925), 0.0760025 s/step
Meep progress: 6.988/72.33333206176758 = 9.7% done in 2501.1s, 23388.3s to go
on time step 27969 (time=6.99225), 0.0771113 s/step
Meep progress: 7.00125/72.33333206176758 = 9.7% done in 2505.1s, 23376.7s to go
on time step 28022 (time=7.0055), 0.0756935 s/step
Meep progress: 7.014/72.33333206176758 = 9.7% done in 2509.1s, 23367.0s to go
on time step 28073 (time=7.01825), 0.0789448 s/step
Meep progress: 7.027/72.33333206176758 = 9.7% done in 2513.2s, 23356.9s to go
on time step 28125 (time=7.03125), 0.077255 s/step
Meep progress: 7.04025/72.33333206176758 = 9.7% done in 2517.2s, 23345.6s to go
on time step 28178 (time=7.0445), 0.0761853 s/step
Meep progress: 7.05375/72.33333206176758 = 9.8% done in 2521.3s, 23333.4s to go
on time step 28232 (time=7.058), 0.075061 s/step
Meep progress: 7.067/72.33333206176758 = 9.8% done in 2525.3s, 23322.4s to go
on time step 28285 (time=7.07125), 0.0761204 s/step
Meep progress: 7.0805/72.33333206176758 = 9.8% done in 2529.4s, 23310.7s to go
on time step 28339 (time=7.08475), 0.0753837 s/step
Meep progress: 7.094/72.33333206176758 = 9.8% done in 2533.5s, 23298.9s to go
on time step 28393 (time=7.09825), 0.0751402 s/step
Meep progress: 7.1072500000000005/72.33333206176758 = 9.8% done in 2537.5s, 23287.6s to go
on time step 28446 (time=7.1115), 0.0764969 s/step
Meep progress: 7.1205/72.33333206176758 = 9.8% done in 2541.5s, 23276.4s to go
on time step 28500 (time=7.125), 0.0756424 s/step
Meep progress: 7.13375/72.33333206176758 = 9.9% done in 2545.5s, 23265.1s to go
on time step 28553 (time=7.13825), 0.076104 s/step
Meep progress: 7.147/72.33333206176758 = 9.9% done in 2549.6s, 23254.1s to go
on time step 28606 (time=7.1515), 0.0760182 s/step
Meep progress: 7.16/72.33333206176758 = 9.9% done in 2553.6s, 23244.0s to go
on time step 28658 (time=7.1645), 0.0774572 s/step
Meep progress: 7.17325/72.33333206176758 = 9.9% done in 2557.6s, 23232.8s to go
on time step 28712 (time=7.178), 0.0752286 s/step
Meep progress: 7.18675/72.33333206176758 = 9.9% done in 2561.7s, 23221.2s to go
on time step 28766 (time=7.1915), 0.075277 s/step
Meep progress: 7.2002500000000005/72.33333206176758 = 10.0% done in 2565.8s, 23209.7s to go
on time step 28819 (time=7.20475), 0.0756033 s/step
Meep progress: 7.21325/72.33333206176758 = 10.0% done in 2569.8s, 23199.5s to go
on time step 28870 (time=7.2175), 0.0787268 s/step
Meep progress: 7.22625/72.33333206176758 = 10.0% done in 2573.8s, 23189.3s to go
on time step 28923 (time=7.23075), 0.0755452 s/step
Meep progress: 7.2395000000000005/72.33333206176758 = 10.0% done in 2577.8s, 23178.3s to go
on time step 28976 (time=7.244), 0.0760603 s/step
Meep progress: 7.25275/72.33333206176758 = 10.0% done in 2581.8s, 23167.2s to go
on time step 29029 (time=7.25725), 0.0762517 s/step
Meep progress: 7.26575/72.33333206176758 = 10.0% done in 2585.8s, 23157.0s to go
on time step 29081 (time=7.27025), 0.0773557 s/step
Meep progress: 7.2787500000000005/72.33333206176758 = 10.1% done in 2589.8s, 23147.0s to go
on time step 29134 (time=7.2835), 0.076107 s/step
Meep progress: 7.292/72.33333206176758 = 10.1% done in 2593.9s, 23136.0s to go
on time step 29188 (time=7.297), 0.0753777 s/step
Meep progress: 7.30525/72.33333206176758 = 10.1% done in 2597.9s, 23125.0s to go
on time step 29241 (time=7.31025), 0.0761316 s/step
Meep progress: 7.3185/72.33333206176758 = 10.1% done in 2601.9s, 23114.2s to go
on time step 29295 (time=7.32375), 0.0753585 s/step
Meep progress: 7.332/72.33333206176758 = 10.1% done in 2605.9s, 23102.8s to go
on time step 29349 (time=7.33725), 0.0747383 s/step
Meep progress: 7.3455/72.33333206176758 = 10.2% done in 2610.0s, 23091.3s to go
on time step 29403 (time=7.35075), 0.0751169 s/step
Meep progress: 7.3585/72.33333206176758 = 10.2% done in 2614.0s, 23081.4s to go
on time step 29455 (time=7.36375), 0.0779882 s/step
Meep progress: 7.3717500000000005/72.33333206176758 = 10.2% done in 2618.0s, 23070.8s to go
on time step 29508 (time=7.377), 0.0760315 s/step
Meep progress: 7.385/72.33333206176758 = 10.2% done in 2622.1s, 23060.1s to go
on time step 29561 (time=7.39025), 0.0755013 s/step
Meep progress: 7.39825/72.33333206176758 = 10.2% done in 2626.1s, 23049.2s to go
on time step 29614 (time=7.4035), 0.0761158 s/step
Meep progress: 7.4115/72.33333206176758 = 10.2% done in 2630.1s, 23038.7s to go
on time step 29666 (time=7.4165), 0.0770868 s/step
Meep progress: 7.4245/72.33333206176758 = 10.3% done in 2634.1s, 23029.0s to go
on time step 29719 (time=7.42975), 0.0764282 s/step
Meep progress: 7.43775/72.33333206176758 = 10.3% done in 2638.1s, 23018.3s to go
on time step 29772 (time=7.443), 0.0755388 s/step
Meep progress: 7.4510000000000005/72.33333206176758 = 10.3% done in 2642.2s, 23007.6s to go
on time step 29825 (time=7.45625), 0.0766643 s/step
Meep progress: 7.46425/72.33333206176758 = 10.3% done in 2646.2s, 22997.4s to go
on time step 29879 (time=7.46975), 0.0754319 s/step
Meep progress: 7.4775/72.33333206176758 = 10.3% done in 2650.2s, 22986.8s to go
on time step 29932 (time=7.483), 0.0759516 s/step
Meep progress: 7.49075/72.33333206176758 = 10.4% done in 2654.3s, 22976.3s to go
on time step 29984 (time=7.496), 0.0771278 s/step
Meep progress: 7.50375/72.33333206176758 = 10.4% done in 2658.3s, 22966.7s to go
on time step 30037 (time=7.50925), 0.0762917 s/step
Meep progress: 7.51725/72.33333206176758 = 10.4% done in 2662.4s, 22955.8s to go
on time step 30090 (time=7.5225), 0.0755994 s/step
Meep progress: 7.5305/72.33333206176758 = 10.4% done in 2666.4s, 22945.3s to go
on time step 30144 (time=7.536), 0.0753295 s/step
Meep progress: 7.5440000000000005/72.33333206176758 = 10.4% done in 2670.4s, 22934.1s to go
on time step 30198 (time=7.5495), 0.0749639 s/step
Meep progress: 7.55725/72.33333206176758 = 10.4% done in 2674.5s, 22923.9s to go
on time step 30251 (time=7.56275), 0.0762634 s/step
Meep progress: 7.57075/72.33333206176758 = 10.5% done in 2678.5s, 22913.1s to go
on time step 30305 (time=7.57625), 0.0754692 s/step
Meep progress: 7.5840000000000005/72.33333206176758 = 10.5% done in 2682.6s, 22902.6s to go
on time step 30358 (time=7.5895), 0.075548 s/step
Meep progress: 7.5975/72.33333206176758 = 10.5% done in 2686.6s, 22891.9s to go
on time step 30411 (time=7.60275), 0.0766191 s/step
Meep progress: 7.61025/72.33333206176758 = 10.5% done in 2690.6s, 22883.2s to go
on time step 30463 (time=7.61575), 0.0778746 s/step
Meep progress: 7.6235/72.33333206176758 = 10.5% done in 2694.7s, 22873.3s to go
on time step 30515 (time=7.62875), 0.0770168 s/step
Meep progress: 7.63675/72.33333206176758 = 10.6% done in 2698.7s, 22863.0s to go
on time step 30569 (time=7.64225), 0.0747502 s/step
Meep progress: 7.65025/72.33333206176758 = 10.6% done in 2702.8s, 22852.4s to go
on time step 30622 (time=7.6555), 0.0765847 s/step
Meep progress: 7.6635/72.33333206176758 = 10.6% done in 2706.9s, 22842.3s to go
on time step 30675 (time=7.66875), 0.0756703 s/step
Meep progress: 7.67675/72.33333206176758 = 10.6% done in 2710.9s, 22832.0s to go
on time step 30729 (time=7.68225), 0.0753047 s/step
Meep progress: 7.69025/72.33333206176758 = 10.6% done in 2714.9s, 22821.1s to go
on time step 30783 (time=7.69575), 0.0747234 s/step
Meep progress: 7.7035/72.33333206176758 = 10.7% done in 2718.9s, 22810.7s to go
on time step 30836 (time=7.709), 0.0759173 s/step
Meep progress: 7.71675/72.33333206176758 = 10.7% done in 2722.9s, 22800.5s to go
on time step 30889 (time=7.72225), 0.0762978 s/step
Meep progress: 7.73/72.33333206176758 = 10.7% done in 2726.9s, 22790.4s to go
on time step 30943 (time=7.73575), 0.0752726 s/step
Meep progress: 7.7435/72.33333206176758 = 10.7% done in 2731.0s, 22779.8s to go
on time step 30997 (time=7.74925), 0.0752065 s/step
Meep progress: 7.75675/72.33333206176758 = 10.7% done in 2735.1s, 22769.9s to go
on time step 31050 (time=7.7625), 0.0762671 s/step
Meep progress: 7.7700000000000005/72.33333206176758 = 10.7% done in 2739.1s, 22759.8s to go
on time step 31103 (time=7.77575), 0.0761429 s/step
Meep progress: 7.78325/72.33333206176758 = 10.8% done in 2743.1s, 22749.7s to go
on time step 31157 (time=7.78925), 0.0756766 s/step
Meep progress: 7.7965/72.33333206176758 = 10.8% done in 2747.1s, 22739.8s to go
on time step 31210 (time=7.8025), 0.0767041 s/step
Meep progress: 7.8095/72.33333206176758 = 10.8% done in 2751.2s, 22730.7s to go
on time step 31262 (time=7.8155), 0.0781758 s/step
Meep progress: 7.8225/72.33333206176758 = 10.8% done in 2755.2s, 22721.6s to go
on time step 31315 (time=7.82875), 0.0754945 s/step
Meep progress: 7.836/72.33333206176758 = 10.8% done in 2759.2s, 22711.0s to go
on time step 31369 (time=7.84225), 0.075207 s/step
Meep progress: 7.8492500000000005/72.33333206176758 = 10.9% done in 2763.3s, 22701.0s to go
on time step 31422 (time=7.8555), 0.0764955 s/step
Meep progress: 7.8625/72.33333206176758 = 10.9% done in 2767.3s, 22691.0s to go
on time step 31476 (time=7.869), 0.0751285 s/step
Meep progress: 7.876/72.33333206176758 = 10.9% done in 2771.3s, 22680.6s to go
on time step 31530 (time=7.8825), 0.0752191 s/step
Meep progress: 7.8895/72.33333206176758 = 10.9% done in 2775.4s, 22670.2s to go
on time step 31584 (time=7.896), 0.075155 s/step
Meep progress: 7.90275/72.33333206176758 = 10.9% done in 2779.4s, 22660.4s to go
on time step 31637 (time=7.90925), 0.0764774 s/step
Meep progress: 7.916/72.33333206176758 = 10.9% done in 2783.4s, 22650.4s to go
on time step 31690 (time=7.9225), 0.0756271 s/step
Meep progress: 7.929250000000001/72.33333206176758 = 11.0% done in 2787.4s, 22640.4s to go
on time step 31743 (time=7.93575), 0.0760662 s/step
Meep progress: 7.9425/72.33333206176758 = 11.0% done in 2791.5s, 22630.8s to go
on time step 31796 (time=7.949), 0.0767557 s/step
Meep progress: 7.95575/72.33333206176758 = 11.0% done in 2795.5s, 22621.4s to go
on time step 31848 (time=7.962), 0.0772485 s/step
Meep progress: 7.968500000000001/72.33333206176758 = 11.0% done in 2799.6s, 22613.4s to go
on time step 31898 (time=7.9745), 0.0803101 s/step
Meep progress: 7.98125/72.33333206176758 = 11.0% done in 2803.6s, 22605.3s to go
on time step 31950 (time=7.9875), 0.077059 s/step
Meep progress: 7.99425/72.33333206176758 = 11.1% done in 2807.7s, 22596.6s to go
on time step 32001 (time=8.00025), 0.0788275 s/step
Meep progress: 8.00725/72.33333206176758 = 11.1% done in 2811.7s, 22588.1s to go
on time step 32053 (time=8.01325), 0.0780579 s/step
Meep progress: 8.02025/72.33333206176758 = 11.1% done in 2815.8s, 22579.6s to go
on time step 32105 (time=8.02625), 0.0778326 s/step
Meep progress: 8.03325/72.33333206176758 = 11.1% done in 2819.9s, 22571.0s to go
on time step 32157 (time=8.03925), 0.0783446 s/step
Meep progress: 8.04625/72.33333206176758 = 11.1% done in 2824.0s, 22562.5s to go
on time step 32209 (time=8.05225), 0.0778173 s/step
Meep progress: 8.0595/72.33333206176758 = 11.1% done in 2828.0s, 22553.2s to go
on time step 32261 (time=8.06525), 0.077072 s/step
Meep progress: 8.0725/72.33333206176758 = 11.2% done in 2832.0s, 22544.3s to go
on time step 32314 (time=8.0785), 0.0763259 s/step
Meep progress: 8.08575/72.33333206176758 = 11.2% done in 2836.1s, 22535.0s to go
on time step 32366 (time=8.0915), 0.0772163 s/step
Meep progress: 8.09875/72.33333206176758 = 11.2% done in 2840.1s, 22526.1s to go
on time step 32418 (time=8.1045), 0.0784215 s/step
Meep progress: 8.1115/72.33333206176758 = 11.2% done in 2844.2s, 22518.2s to go
on time step 32470 (time=8.1175), 0.0779079 s/step
Meep progress: 8.1245/72.33333206176758 = 11.2% done in 2848.2s, 22509.3s to go
on time step 32522 (time=8.1305), 0.0775343 s/step
Meep progress: 8.13725/72.33333206176758 = 11.2% done in 2852.2s, 22501.2s to go
on time step 32573 (time=8.14325), 0.0785929 s/step
Meep progress: 8.15025/72.33333206176758 = 11.3% done in 2856.2s, 22492.6s to go
on time step 32625 (time=8.15625), 0.0774508 s/step
Meep progress: 8.16325/72.33333206176758 = 11.3% done in 2860.3s, 22484.0s to go
on time step 32677 (time=8.16925), 0.0779166 s/step
Meep progress: 8.17625/72.33333206176758 = 11.3% done in 2864.3s, 22475.6s to go
on time step 32729 (time=8.18225), 0.0780489 s/step
Meep progress: 8.18875/72.33333206176758 = 11.3% done in 2868.3s, 22468.4s to go
on time step 32779 (time=8.19475), 0.0811061 s/step
Meep progress: 8.2015/72.33333206176758 = 11.3% done in 2872.3s, 22460.3s to go
on time step 32831 (time=8.20775), 0.0774682 s/step
Meep progress: 8.214500000000001/72.33333206176758 = 11.4% done in 2876.4s, 22451.6s to go
on time step 32884 (time=8.221), 0.0767174 s/step
Meep progress: 8.22775/72.33333206176758 = 11.4% done in 2880.4s, 22442.1s to go
on time step 32938 (time=8.2345), 0.0750822 s/step
Meep progress: 8.241/72.33333206176758 = 11.4% done in 2884.4s, 22432.7s to go
on time step 32991 (time=8.24775), 0.076548 s/step
Meep progress: 8.25425/72.33333206176758 = 11.4% done in 2888.4s, 22423.3s to go
on time step 33045 (time=8.26125), 0.075477 s/step
Meep progress: 8.26775/72.33333206176758 = 11.4% done in 2892.5s, 22413.5s to go
on time step 33098 (time=8.2745), 0.0756188 s/step
Meep progress: 8.281/72.33333206176758 = 11.4% done in 2896.5s, 22404.0s to go
on time step 33151 (time=8.28775), 0.076161 s/step
Meep progress: 8.29425/72.33333206176758 = 11.5% done in 2900.5s, 22394.7s to go
on time step 33205 (time=8.30125), 0.075427 s/step
Meep progress: 8.307500000000001/72.33333206176758 = 11.5% done in 2904.5s, 22385.2s to go
on time step 33258 (time=8.3145), 0.0757473 s/step
Meep progress: 8.32075/72.33333206176758 = 11.5% done in 2908.5s, 22375.8s to go
on time step 33309 (time=8.32725), 0.0797812 s/step
Meep progress: 8.33325/72.33333206176758 = 11.5% done in 2912.6s, 22368.7s to go
on time step 33362 (time=8.3405), 0.0766278 s/step
Meep progress: 8.34625/72.33333206176758 = 11.5% done in 2916.6s, 22360.4s to go
on time step 33414 (time=8.3535), 0.0776283 s/step
Meep progress: 8.3595/72.33333206176758 = 11.6% done in 2920.7s, 22351.4s to go
on time step 33467 (time=8.36675), 0.0758162 s/step
Meep progress: 8.373/72.33333206176758 = 11.6% done in 2924.7s, 22341.6s to go
on time step 33521 (time=8.38025), 0.0753605 s/step
Meep progress: 8.38625/72.33333206176758 = 11.6% done in 2928.8s, 22332.6s to go
on time step 33574 (time=8.3935), 0.0764337 s/step
Meep progress: 8.3995/72.33333206176758 = 11.6% done in 2932.8s, 22323.6s to go
on time step 33626 (time=8.4065), 0.0781271 s/step
Meep progress: 8.4125/72.33333206176758 = 11.6% done in 2936.9s, 22315.2s to go
on time step 33679 (time=8.41975), 0.0755378 s/step
Meep progress: 8.426/72.33333206176758 = 11.6% done in 2940.9s, 22305.2s to go
on time step 33733 (time=8.43325), 0.0752742 s/step
Meep progress: 8.439/72.33333206176758 = 11.7% done in 2944.9s, 22296.7s to go
on time step 33786 (time=8.4465), 0.0764182 s/step
Meep progress: 8.45225/72.33333206176758 = 11.7% done in 2948.9s, 22287.4s to go
on time step 33839 (time=8.45975), 0.0760546 s/step
Meep progress: 8.4655/72.33333206176758 = 11.7% done in 2953.0s, 22278.7s to go
on time step 33892 (time=8.473), 0.076729 s/step
Meep progress: 8.47875/72.33333206176758 = 11.7% done in 2957.0s, 22269.6s to go
on time step 33945 (time=8.48625), 0.0766504 s/step
Meep progress: 8.492/72.33333206176758 = 11.7% done in 2961.0s, 22260.6s to go
on time step 33998 (time=8.4995), 0.0754744 s/step
Meep progress: 8.50525/72.33333206176758 = 11.8% done in 2965.1s, 22251.5s to go
on time step 34051 (time=8.51275), 0.0755221 s/step
Meep progress: 8.51875/72.33333206176758 = 11.8% done in 2969.1s, 22242.0s to go
on time step 34105 (time=8.52625), 0.0747274 s/step
Meep progress: 8.53225/72.33333206176758 = 11.8% done in 2973.2s, 22232.6s to go
on time step 34158 (time=8.5395), 0.0765993 s/step
Meep progress: 8.5455/72.33333206176758 = 11.8% done in 2977.3s, 22223.7s to go
on time step 34211 (time=8.55275), 0.0762176 s/step
Meep progress: 8.55875/72.33333206176758 = 11.8% done in 2981.3s, 22214.6s to go
on time step 34264 (time=8.566), 0.0756705 s/step
Meep progress: 8.57225/72.33333206176758 = 11.9% done in 2985.3s, 22205.1s to go
on time step 34317 (time=8.57925), 0.0760247 s/step
Meep progress: 8.585/72.33333206176758 = 11.9% done in 2989.3s, 22197.5s to go
on time step 34368 (time=8.592), 0.078861 s/step
Meep progress: 8.598/72.33333206176758 = 11.9% done in 2993.3s, 22189.1s to go
on time step 34419 (time=8.60475), 0.0786548 s/step
Meep progress: 8.6105/72.33333206176758 = 11.9% done in 2997.4s, 22182.2s to go
on time step 34472 (time=8.618), 0.0768176 s/step
Meep progress: 8.62375/72.33333206176758 = 11.9% done in 3001.4s, 22173.3s to go
on time step 34524 (time=8.631), 0.0781674 s/step
Meep progress: 8.636750000000001/72.33333206176758 = 11.9% done in 3005.5s, 22165.5s to go
on time step 34577 (time=8.64425), 0.0765317 s/step
Meep progress: 8.65/72.33333206176758 = 12.0% done in 3009.5s, 22156.5s to go
on time step 34630 (time=8.6575), 0.0758945 s/step
Meep progress: 8.66325/72.33333206176758 = 12.0% done in 3013.5s, 22147.9s to go
on time step 34683 (time=8.67075), 0.0762119 s/step
Meep progress: 8.67675/72.33333206176758 = 12.0% done in 3017.6s, 22138.5s to go
on time step 34736 (time=8.684), 0.0759993 s/step
Meep progress: 8.69/72.33333206176758 = 12.0% done in 3021.6s, 22129.7s to go
on time step 34789 (time=8.69725), 0.0757835 s/step
Meep progress: 8.70325/72.33333206176758 = 12.0% done in 3025.7s, 22120.8s to go
on time step 34842 (time=8.7105), 0.0756596 s/step
Meep progress: 8.7165/72.33333206176758 = 12.1% done in 3029.7s, 22111.9s to go
on time step 34895 (time=8.72375), 0.0756601 s/step
Meep progress: 8.729750000000001/72.33333206176758 = 12.1% done in 3033.7s, 22103.4s to go
on time step 34946 (time=8.7365), 0.0787518 s/step
Meep progress: 8.742750000000001/72.33333206176758 = 12.1% done in 3037.8s, 22095.2s to go
on time step 34999 (time=8.74975), 0.0769841 s/step
Meep progress: 8.75575/72.33333206176758 = 12.1% done in 3041.8s, 22087.2s to go
on time step 35052 (time=8.763), 0.0767628 s/step
Meep progress: 8.76875/72.33333206176758 = 12.1% done in 3045.8s, 22079.2s to go
on time step 35104 (time=8.776), 0.0770584 s/step
Meep progress: 8.782/72.33333206176758 = 12.1% done in 3049.9s, 22070.7s to go
on time step 35157 (time=8.78925), 0.0763052 s/step
Meep progress: 8.795/72.33333206176758 = 12.2% done in 3053.9s, 22062.6s to go
on time step 35209 (time=8.80225), 0.0771577 s/step
Meep progress: 8.808250000000001/72.33333206176758 = 12.2% done in 3057.9s, 22053.9s to go
on time step 35262 (time=8.8155), 0.076424 s/step
Meep progress: 8.8215/72.33333206176758 = 12.2% done in 3062.0s, 22045.1s to go
on time step 35315 (time=8.82875), 0.0766491 s/step
Meep progress: 8.83475/72.33333206176758 = 12.2% done in 3066.0s, 22036.6s to go
on time step 35369 (time=8.84225), 0.0753042 s/step
Meep progress: 8.84825/72.33333206176758 = 12.2% done in 3070.1s, 22027.5s to go
on time step 35422 (time=8.8555), 0.0755286 s/step
Meep progress: 8.8615/72.33333206176758 = 12.3% done in 3074.1s, 22018.7s to go
on time step 35476 (time=8.869), 0.0751276 s/step
Meep progress: 8.875/72.33333206176758 = 12.3% done in 3078.2s, 22009.7s to go
on time step 35529 (time=8.88225), 0.0761867 s/step
Meep progress: 8.88825/72.33333206176758 = 12.3% done in 3082.2s, 22000.9s to go
on time step 35583 (time=8.89575), 0.0750763 s/step
Meep progress: 8.9015/72.33333206176758 = 12.3% done in 3086.2s, 21992.1s to go
on time step 35636 (time=8.909), 0.0757608 s/step
Meep progress: 8.91475/72.33333206176758 = 12.3% done in 3090.2s, 21983.7s to go
on time step 35687 (time=8.92175), 0.0791818 s/step
Meep progress: 8.927/72.33333206176758 = 12.3% done in 3094.3s, 21977.9s to go
on time step 35734 (time=8.9335), 0.0869294 s/step
Meep progress: 8.93875/72.33333206176758 = 12.4% done in 3098.3s, 21973.4s to go
on time step 35785 (time=8.94625), 0.0793058 s/step
Meep progress: 8.95175/72.33333206176758 = 12.4% done in 3102.3s, 21965.4s to go
on time step 35838 (time=8.9595), 0.0755663 s/step
Meep progress: 8.965/72.33333206176758 = 12.4% done in 3106.3s, 21956.7s to go
on time step 35890 (time=8.9725), 0.0779069 s/step
Meep progress: 8.978/72.33333206176758 = 12.4% done in 3110.4s, 21948.9s to go
on time step 35943 (time=8.98575), 0.0764911 s/step
Meep progress: 8.991/72.33333206176758 = 12.4% done in 3114.4s, 21941.1s to go
on time step 35996 (time=8.999), 0.0766301 s/step
Meep progress: 9.00425/72.33333206176758 = 12.4% done in 3118.4s, 21932.7s to go
on time step 36049 (time=9.01225), 0.0760666 s/step
Meep progress: 9.01775/72.33333206176758 = 12.5% done in 3122.5s, 21923.7s to go
on time step 36102 (time=9.0255), 0.0766425 s/step
Meep progress: 9.031/72.33333206176758 = 12.5% done in 3126.6s, 21915.5s to go
on time step 36155 (time=9.03875), 0.0755122 s/step
Meep progress: 9.04425/72.33333206176758 = 12.5% done in 3130.6s, 21906.9s to go
on time step 36208 (time=9.052), 0.0761489 s/step
Meep progress: 9.057500000000001/72.33333206176758 = 12.5% done in 3134.6s, 21898.5s to go
on time step 36261 (time=9.06525), 0.0756751 s/step
Meep progress: 9.07075/72.33333206176758 = 12.5% done in 3138.7s, 21890.1s to go
on time step 36314 (time=9.0785), 0.0762206 s/step
Meep progress: 9.08425/72.33333206176758 = 12.6% done in 3142.7s, 21881.2s to go
on time step 36368 (time=9.092), 0.0752905 s/step
Meep progress: 9.0975/72.33333206176758 = 12.6% done in 3146.7s, 21872.7s to go
on time step 36421 (time=9.10525), 0.0756244 s/step
Meep progress: 9.11075/72.33333206176758 = 12.6% done in 3150.7s, 21864.1s to go
on time step 36474 (time=9.1185), 0.0762845 s/step
Meep progress: 9.124/72.33333206176758 = 12.6% done in 3154.8s, 21855.9s to go
on time step 36527 (time=9.13175), 0.0760804 s/step
Meep progress: 9.13725/72.33333206176758 = 12.6% done in 3158.9s, 21847.6s to go
on time step 36580 (time=9.145), 0.0763404 s/step
Meep progress: 9.15075/72.33333206176758 = 12.7% done in 3162.9s, 21838.9s to go
on time step 36634 (time=9.1585), 0.0749069 s/step
Meep progress: 9.164250000000001/72.33333206176758 = 12.7% done in 3167.0s, 21830.0s to go
on time step 36687 (time=9.17175), 0.0767722 s/step
Meep progress: 9.17725/72.33333206176758 = 12.7% done in 3171.0s, 21822.3s to go
on time step 36740 (time=9.185), 0.0759732 s/step
Meep progress: 9.19075/72.33333206176758 = 12.7% done in 3175.1s, 21813.5s to go
on time step 36793 (time=9.19825), 0.0756793 s/step
Meep progress: 9.204/72.33333206176758 = 12.7% done in 3179.1s, 21805.1s to go
on time step 36847 (time=9.21175), 0.0750698 s/step
Meep progress: 9.2175/72.33333206176758 = 12.7% done in 3183.2s, 21796.4s to go
on time step 36900 (time=9.225), 0.0766839 s/step
Meep progress: 9.23075/72.33333206176758 = 12.8% done in 3187.2s, 21788.3s to go
on time step 36953 (time=9.23825), 0.0757453 s/step
Meep progress: 9.244250000000001/72.33333206176758 = 12.8% done in 3191.3s, 21779.5s to go
on time step 37007 (time=9.25175), 0.0753656 s/step
Meep progress: 9.25775/72.33333206176758 = 12.8% done in 3195.3s, 21770.7s to go
on time step 37061 (time=9.26525), 0.0749228 s/step
Meep progress: 9.271/72.33333206176758 = 12.8% done in 3199.4s, 21762.6s to go
on time step 37114 (time=9.2785), 0.0763897 s/step
Meep progress: 9.2845/72.33333206176758 = 12.8% done in 3203.5s, 21754.0s to go
on time step 37167 (time=9.29175), 0.0755299 s/step
Meep progress: 9.298/72.33333206176758 = 12.9% done in 3207.5s, 21745.3s to go
on time step 37221 (time=9.30525), 0.0752366 s/step
Meep progress: 9.3115/72.33333206176758 = 12.9% done in 3211.6s, 21736.6s to go
on time step 37274 (time=9.3185), 0.076201 s/step
Meep progress: 9.3245/72.33333206176758 = 12.9% done in 3215.6s, 21728.9s to go
on time step 37327 (time=9.33175), 0.076125 s/step
Meep progress: 9.33775/72.33333206176758 = 12.9% done in 3219.6s, 21720.6s to go
on time step 37380 (time=9.345), 0.0767296 s/step
Meep progress: 9.351/72.33333206176758 = 12.9% done in 3223.6s, 21712.4s to go
on time step 37434 (time=9.3585), 0.0745187 s/step
Meep progress: 9.3645/72.33333206176758 = 12.9% done in 3227.7s, 21703.8s to go
on time step 37486 (time=9.3715), 0.0777768 s/step
Meep progress: 9.3775/72.33333206176758 = 13.0% done in 3231.8s, 21696.5s to go
on time step 37539 (time=9.38475), 0.0761266 s/step
Meep progress: 9.39075/72.33333206176758 = 13.0% done in 3235.8s, 21688.4s to go
on time step 37592 (time=9.398), 0.0757913 s/step
Meep progress: 9.40425/72.33333206176758 = 13.0% done in 3239.9s, 21679.9s to go
on time step 37646 (time=9.4115), 0.0752679 s/step
Meep progress: 9.4175/72.33333206176758 = 13.0% done in 3243.9s, 21672.0s to go
on time step 37698 (time=9.4245), 0.0770557 s/step
Meep progress: 9.43075/72.33333206176758 = 13.0% done in 3248.0s, 21663.7s to go
on time step 37751 (time=9.43775), 0.0758375 s/step
Meep progress: 9.444/72.33333206176758 = 13.1% done in 3252.0s, 21655.5s to go
on time step 37805 (time=9.45125), 0.0748569 s/step
Meep progress: 9.4575/72.33333206176758 = 13.1% done in 3256.0s, 21646.7s to go
on time step 37859 (time=9.46475), 0.0752783 s/step
Meep progress: 9.47075/72.33333206176758 = 13.1% done in 3260.0s, 21638.7s to go
on time step 37912 (time=9.478), 0.0760893 s/step
Meep progress: 9.48425/72.33333206176758 = 13.1% done in 3264.1s, 21630.2s to go
on time step 37965 (time=9.49125), 0.0755969 s/step
Meep progress: 9.49775/72.33333206176758 = 13.1% done in 3268.2s, 21621.6s to go
on time step 38019 (time=9.50475), 0.0748021 s/step
Meep progress: 9.51125/72.33333206176758 = 13.1% done in 3272.2s, 21612.9s to go
on time step 38072 (time=9.518), 0.0755735 s/step
Meep progress: 9.5245/72.33333206176758 = 13.2% done in 3276.3s, 21605.1s to go
on time step 38125 (time=9.53125), 0.0759754 s/step
Meep progress: 9.5375/72.33333206176758 = 13.2% done in 3280.3s, 21597.6s to go
on time step 38177 (time=9.54425), 0.0770333 s/step
Meep progress: 9.55025/72.33333206176758 = 13.2% done in 3284.3s, 21590.8s to go
on time step 38228 (time=9.557), 0.0793581 s/step
Meep progress: 9.5635/72.33333206176758 = 13.2% done in 3288.3s, 21582.9s to go
on time step 38280 (time=9.57), 0.0769572 s/step
Meep progress: 9.5765/72.33333206176758 = 13.2% done in 3292.4s, 21575.7s to go
on time step 38333 (time=9.58325), 0.0763938 s/step
Meep progress: 9.59/72.33333206176758 = 13.3% done in 3296.5s, 21567.3s to go
on time step 38387 (time=9.59675), 0.0748097 s/step
Meep progress: 9.6035/72.33333206176758 = 13.3% done in 3300.5s, 21558.5s to go
on time step 38441 (time=9.61025), 0.0744885 s/step
Meep progress: 9.61675/72.33333206176758 = 13.3% done in 3304.5s, 21550.8s to go
on time step 38493 (time=9.62325), 0.0775375 s/step
Meep progress: 9.63/72.33333206176758 = 13.3% done in 3308.6s, 21542.8s to go
on time step 38547 (time=9.63675), 0.0750781 s/step
Meep progress: 9.64325/72.33333206176758 = 13.3% done in 3312.6s, 21534.9s to go
on time step 38600 (time=9.65), 0.0761434 s/step
Meep progress: 9.65675/72.33333206176758 = 13.4% done in 3316.6s, 21526.3s to go
on time step 38654 (time=9.6635), 0.0752873 s/step
Meep progress: 9.67/72.33333206176758 = 13.4% done in 3320.6s, 21518.3s to go
on time step 38708 (time=9.677), 0.0751098 s/step
Meep progress: 9.683250000000001/72.33333206176758 = 13.4% done in 3324.7s, 21510.4s to go
on time step 38761 (time=9.69025), 0.0761518 s/step
Meep progress: 9.69675/72.33333206176758 = 13.4% done in 3328.7s, 21501.9s to go
on time step 38815 (time=9.70375), 0.0746473 s/step
Meep progress: 9.71025/72.33333206176758 = 13.4% done in 3332.8s, 21493.6s to go
on time step 38867 (time=9.71675), 0.0771263 s/step
Meep progress: 9.72325/72.33333206176758 = 13.4% done in 3336.8s, 21486.6s to go
on time step 38920 (time=9.73), 0.0766623 s/step
Meep progress: 9.7365/72.33333206176758 = 13.5% done in 3340.8s, 21478.6s to go
on time step 38973 (time=9.74325), 0.0757888 s/step
Meep progress: 9.74975/72.33333206176758 = 13.5% done in 3344.9s, 21470.7s to go
on time step 39026 (time=9.7565), 0.0766979 s/step
Meep progress: 9.76275/72.33333206176758 = 13.5% done in 3348.9s, 21463.7s to go
on time step 39078 (time=9.7695), 0.0776885 s/step
Meep progress: 9.776/72.33333206176758 = 13.5% done in 3353.0s, 21455.9s to go
on time step 39131 (time=9.78275), 0.0764781 s/step
Meep progress: 9.789/72.33333206176758 = 13.5% done in 3357.0s, 21448.7s to go
on time step 39184 (time=9.796), 0.0758199 s/step
Meep progress: 9.8025/72.33333206176758 = 13.6% done in 3361.0s, 21440.2s to go
on time step 39237 (time=9.80925), 0.0756349 s/step
Meep progress: 9.8155/72.33333206176758 = 13.6% done in 3365.0s, 21432.9s to go
on time step 39290 (time=9.8225), 0.0769516 s/step
Meep progress: 9.82875/72.33333206176758 = 13.6% done in 3369.1s, 21425.1s to go
on time step 39343 (time=9.83575), 0.0759225 s/step
Meep progress: 9.842/72.33333206176758 = 13.6% done in 3373.1s, 21417.1s to go
on time step 39396 (time=9.849), 0.0757377 s/step
Meep progress: 9.85525/72.33333206176758 = 13.6% done in 3377.1s, 21409.3s to go
on time step 39449 (time=9.86225), 0.0760894 s/step
Meep progress: 9.868500000000001/72.33333206176758 = 13.6% done in 3381.1s, 21401.6s to go
on time step 39502 (time=9.8755), 0.0759266 s/step
Meep progress: 9.88175/72.33333206176758 = 13.7% done in 3385.1s, 21393.7s to go
on time step 39555 (time=9.88875), 0.0757077 s/step
Meep progress: 9.895/72.33333206176758 = 13.7% done in 3389.2s, 21386.1s to go
on time step 39608 (time=9.902), 0.076159 s/step
Meep progress: 9.90825/72.33333206176758 = 13.7% done in 3393.2s, 21378.5s to go
on time step 39660 (time=9.915), 0.0774259 s/step
Meep progress: 9.92125/72.33333206176758 = 13.7% done in 3397.3s, 21371.5s to go
on time step 39710 (time=9.9275), 0.0810733 s/step
Meep progress: 9.933250000000001/72.33333206176758 = 13.7% done in 3401.4s, 21367.3s to go
on time step 39759 (time=9.93975), 0.0822388 s/step
Meep progress: 9.946250000000001/72.33333206176758 = 13.8% done in 3405.4s, 21360.4s to go
on time step 39811 (time=9.95275), 0.077958 s/step
Meep progress: 9.95925/72.33333206176758 = 13.8% done in 3409.5s, 21353.3s to go
on time step 39864 (time=9.966), 0.0766376 s/step
Meep progress: 9.9725/72.33333206176758 = 13.8% done in 3413.5s, 21345.5s to go
on time step 39918 (time=9.9795), 0.0753936 s/step
Meep progress: 9.98575/72.33333206176758 = 13.8% done in 3417.5s, 21337.7s to go
on time step 39971 (time=9.99275), 0.0758006 s/step
Meep progress: 9.99925/72.33333206176758 = 13.8% done in 3421.6s, 21329.7s to go
on time step 40025 (time=10.0062), 0.0756253 s/step
Meep progress: 10.012500000000001/72.33333206176758 = 13.8% done in 3425.6s, 21322.2s to go
on time step 40078 (time=10.0195), 0.0762262 s/step
Meep progress: 10.02575/72.33333206176758 = 13.9% done in 3429.6s, 21314.4s to go
on time step 40131 (time=10.0328), 0.0756359 s/step
Meep progress: 10.039250000000001/72.33333206176758 = 13.9% done in 3433.7s, 21306.4s to go
on time step 40185 (time=10.0463), 0.0748443 s/step
Meep progress: 10.05275/72.33333206176758 = 13.9% done in 3437.8s, 21298.2s to go
on time step 40238 (time=10.0595), 0.0757569 s/step
Meep progress: 10.066/72.33333206176758 = 13.9% done in 3441.8s, 21290.7s to go
on time step 40291 (time=10.0728), 0.0756772 s/step
Meep progress: 10.07925/72.33333206176758 = 13.9% done in 3445.8s, 21282.9s to go
on time step 40344 (time=10.086), 0.0756405 s/step
Meep progress: 10.09275/72.33333206176758 = 14.0% done in 3449.9s, 21274.9s to go
on time step 40397 (time=10.0992), 0.0759096 s/step
Meep progress: 10.10575/72.33333206176758 = 14.0% done in 3453.9s, 21268.1s to go
on time step 40449 (time=10.1122), 0.0772976 s/step
Meep progress: 10.119250000000001/72.33333206176758 = 14.0% done in 3458.0s, 21260.1s to go
on time step 40501 (time=10.1252), 0.0772482 s/step
Meep progress: 10.13225/72.33333206176758 = 14.0% done in 3462.0s, 21253.1s to go
on time step 40554 (time=10.1385), 0.076319 s/step
Meep progress: 10.1455/72.33333206176758 = 14.0% done in 3466.1s, 21245.6s to go
on time step 40607 (time=10.1517), 0.0755076 s/step
Meep progress: 10.1585/72.33333206176758 = 14.0% done in 3470.1s, 21238.5s to go
on time step 40659 (time=10.1647), 0.0771716 s/step
Meep progress: 10.17175/72.33333206176758 = 14.1% done in 3474.1s, 21231.2s to go
on time step 40711 (time=10.1777), 0.0777261 s/step
Meep progress: 10.184750000000001/72.33333206176758 = 14.1% done in 3478.2s, 21224.1s to go
on time step 40764 (time=10.191), 0.076673 s/step
Meep progress: 10.198/72.33333206176758 = 14.1% done in 3482.2s, 21216.8s to go
on time step 40817 (time=10.2043), 0.0766925 s/step
Meep progress: 10.21125/72.33333206176758 = 14.1% done in 3486.3s, 21209.3s to go
on time step 40870 (time=10.2175), 0.0759048 s/step
Meep progress: 10.2245/72.33333206176758 = 14.1% done in 3490.3s, 21201.7s to go
on time step 40923 (time=10.2308), 0.0758917 s/step
Meep progress: 10.23775/72.33333206176758 = 14.2% done in 3494.3s, 21194.3s to go
on time step 40976 (time=10.244), 0.0756837 s/step
Meep progress: 10.25125/72.33333206176758 = 14.2% done in 3498.4s, 21186.4s to go
on time step 41029 (time=10.2573), 0.0760884 s/step
Meep progress: 10.2645/72.33333206176758 = 14.2% done in 3502.4s, 21178.9s to go
on time step 41081 (time=10.2703), 0.0771327 s/step
Meep progress: 10.2775/72.33333206176758 = 14.2% done in 3506.4s, 21172.0s to go
on time step 41134 (time=10.2835), 0.0756621 s/step
Meep progress: 10.290750000000001/72.33333206176758 = 14.2% done in 3510.5s, 21164.7s to go
on time step 41187 (time=10.2967), 0.0762284 s/step
Meep progress: 10.304/72.33333206176758 = 14.2% done in 3514.6s, 21157.4s to go
on time step 41239 (time=10.3098), 0.0782735 s/step
Meep progress: 10.317/72.33333206176758 = 14.3% done in 3518.6s, 21150.7s to go
on time step 41292 (time=10.323), 0.0766327 s/step
Meep progress: 10.33025/72.33333206176758 = 14.3% done in 3522.7s, 21143.4s to go
on time step 41345 (time=10.3362), 0.076594 s/step
Meep progress: 10.3435/72.33333206176758 = 14.3% done in 3526.7s, 21135.8s to go
on time step 41398 (time=10.3495), 0.0769725 s/step
Meep progress: 10.3565/72.33333206176758 = 14.3% done in 3530.7s, 21129.1s to go
on time step 41449 (time=10.3622), 0.0785697 s/step
Meep progress: 10.3695/72.33333206176758 = 14.3% done in 3534.8s, 21122.5s to go
on time step 41501 (time=10.3752), 0.0773398 s/step
Meep progress: 10.3825/72.33333206176758 = 14.4% done in 3538.8s, 21115.5s to go
on time step 41554 (time=10.3885), 0.0756332 s/step
Meep progress: 10.39575/72.33333206176758 = 14.4% done in 3542.8s, 21108.0s to go
on time step 41606 (time=10.4015), 0.0769493 s/step
Meep progress: 10.409/72.33333206176758 = 14.4% done in 3546.9s, 21100.9s to go
on time step 41659 (time=10.4147), 0.076118 s/step
Meep progress: 10.42225/72.33333206176758 = 14.4% done in 3550.9s, 21093.5s to go
on time step 41712 (time=10.428), 0.0759073 s/step
Meep progress: 10.4355/72.33333206176758 = 14.4% done in 3554.9s, 21086.0s to go
on time step 41766 (time=10.4415), 0.0754311 s/step
Meep progress: 10.44875/72.33333206176758 = 14.4% done in 3559.0s, 21078.6s to go
on time step 41819 (time=10.4548), 0.0759309 s/step
Meep progress: 10.462250000000001/72.33333206176758 = 14.5% done in 3563.0s, 21070.9s to go
on time step 41873 (time=10.4682), 0.0752698 s/step
Meep progress: 10.4755/72.33333206176758 = 14.5% done in 3567.0s, 21063.4s to go
on time step 41926 (time=10.4815), 0.0755691 s/step
Meep progress: 10.4885/72.33333206176758 = 14.5% done in 3571.1s, 21056.5s to go
on time step 41978 (time=10.4945), 0.0778657 s/step
Meep progress: 10.5015/72.33333206176758 = 14.5% done in 3575.1s, 21049.8s to go
on time step 42030 (time=10.5075), 0.0769616 s/step
Meep progress: 10.51475/72.33333206176758 = 14.5% done in 3579.2s, 21042.6s to go
on time step 42082 (time=10.5205), 0.0778487 s/step
Meep progress: 10.528/72.33333206176758 = 14.6% done in 3583.2s, 21035.5s to go
on time step 42135 (time=10.5337), 0.0756258 s/step
Meep progress: 10.54125/72.33333206176758 = 14.6% done in 3587.2s, 21028.0s to go
on time step 42188 (time=10.547), 0.0759538 s/step
Meep progress: 10.5545/72.33333206176758 = 14.6% done in 3591.3s, 21020.8s to go
on time step 42241 (time=10.5602), 0.0757352 s/step
Meep progress: 10.568/72.33333206176758 = 14.6% done in 3595.3s, 21013.1s to go
on time step 42295 (time=10.5738), 0.0751242 s/step
Meep progress: 10.5815/72.33333206176758 = 14.6% done in 3599.4s, 21005.4s to go
on time step 42349 (time=10.5873), 0.0750548 s/step
Meep progress: 10.595/72.33333206176758 = 14.6% done in 3603.5s, 20997.8s to go
on time step 42402 (time=10.6005), 0.0762743 s/step
Meep progress: 10.60825/72.33333206176758 = 14.7% done in 3607.5s, 20990.6s to go
on time step 42455 (time=10.6137), 0.0754884 s/step
Meep progress: 10.621500000000001/72.33333206176758 = 14.7% done in 3611.5s, 20983.2s to go
on time step 42507 (time=10.6267), 0.0769304 s/step
Meep progress: 10.634500000000001/72.33333206176758 = 14.7% done in 3615.5s, 20976.5s to go
on time step 42559 (time=10.6397), 0.0774547 s/step
Meep progress: 10.6475/72.33333206176758 = 14.7% done in 3619.6s, 20970.1s to go
on time step 42611 (time=10.6528), 0.0772642 s/step
Meep progress: 10.66075/72.33333206176758 = 14.7% done in 3623.6s, 20962.7s to go
on time step 42664 (time=10.666), 0.0758716 s/step
Meep progress: 10.674/72.33333206176758 = 14.8% done in 3627.7s, 20955.6s to go
on time step 42717 (time=10.6792), 0.0766951 s/step
Meep progress: 10.687/72.33333206176758 = 14.8% done in 3631.7s, 20948.8s to go
on time step 42770 (time=10.6925), 0.0770626 s/step
Meep progress: 10.700000000000001/72.33333206176758 = 14.8% done in 3635.7s, 20942.2s to go
on time step 42823 (time=10.7058), 0.0768035 s/step
Meep progress: 10.71325/72.33333206176758 = 14.8% done in 3639.8s, 20935.2s to go
on time step 42875 (time=10.7188), 0.0772564 s/step
Meep progress: 10.7265/72.33333206176758 = 14.8% done in 3643.8s, 20928.2s to go
on time step 42927 (time=10.7317), 0.0772973 s/step
Meep progress: 10.7395/72.33333206176758 = 14.8% done in 3647.9s, 20921.4s to go
on time step 42980 (time=10.745), 0.0765201 s/step
Meep progress: 10.7525/72.33333206176758 = 14.9% done in 3651.9s, 20914.9s to go
on time step 43032 (time=10.758), 0.0778725 s/step
Meep progress: 10.76575/72.33333206176758 = 14.9% done in 3656.0s, 20907.9s to go
on time step 43085 (time=10.7713), 0.0763654 s/step
Meep progress: 10.779/72.33333206176758 = 14.9% done in 3660.0s, 20900.6s to go
on time step 43138 (time=10.7845), 0.0756096 s/step
Meep progress: 10.792250000000001/72.33333206176758 = 14.9% done in 3664.0s, 20893.6s to go
on time step 43191 (time=10.7978), 0.0763385 s/step
Meep progress: 10.8055/72.33333206176758 = 14.9% done in 3668.0s, 20886.3s to go
on time step 43244 (time=10.811), 0.0757196 s/step
Meep progress: 10.81875/72.33333206176758 = 15.0% done in 3672.1s, 20879.2s to go
on time step 43297 (time=10.8243), 0.0762461 s/step
Meep progress: 10.83225/72.33333206176758 = 15.0% done in 3676.1s, 20871.7s to go
on time step 43350 (time=10.8375), 0.0756798 s/step
Meep progress: 10.8455/72.33333206176758 = 15.0% done in 3680.2s, 20864.7s to go
on time step 43403 (time=10.8507), 0.0763546 s/step
Meep progress: 10.8585/72.33333206176758 = 15.0% done in 3684.2s, 20858.1s to go
on time step 43455 (time=10.8637), 0.0770035 s/step
Meep progress: 10.872/72.33333206176758 = 15.0% done in 3688.3s, 20850.6s to go
on time step 43509 (time=10.8773), 0.0753977 s/step
Meep progress: 10.885250000000001/72.33333206176758 = 15.0% done in 3692.3s, 20843.5s to go
on time step 43562 (time=10.8905), 0.0767397 s/step
Meep progress: 10.8985/72.33333206176758 = 15.1% done in 3696.4s, 20836.6s to go
on time step 43615 (time=10.9038), 0.0767112 s/step
Meep progress: 10.91175/72.33333206176758 = 15.1% done in 3700.5s, 20829.7s to go
on time step 43668 (time=10.917), 0.075944 s/step
Meep progress: 10.925/72.33333206176758 = 15.1% done in 3704.5s, 20822.4s to go
on time step 43721 (time=10.9303), 0.0762885 s/step
Meep progress: 10.938/72.33333206176758 = 15.1% done in 3708.5s, 20816.1s to go
on time step 43772 (time=10.943), 0.0784426 s/step
Meep progress: 10.950750000000001/72.33333206176758 = 15.1% done in 3712.6s, 20810.1s to go
on time step 43824 (time=10.956), 0.0782676 s/step
Meep progress: 10.963750000000001/72.33333206176758 = 15.2% done in 3716.6s, 20803.7s to go
on time step 43875 (time=10.9688), 0.0788981 s/step
Meep progress: 10.9765/72.33333206176758 = 15.2% done in 3720.6s, 20797.6s to go
on time step 43927 (time=10.9817), 0.0771775 s/step
Meep progress: 10.9895/72.33333206176758 = 15.2% done in 3724.7s, 20791.2s to go
on time step 43978 (time=10.9945), 0.0788588 s/step
Meep progress: 11.00275/72.33333206176758 = 15.2% done in 3728.7s, 20784.3s to go
on time step 44031 (time=11.0077), 0.075872 s/step
Meep progress: 11.016/72.33333206176758 = 15.2% done in 3732.8s, 20777.4s to go
on time step 44084 (time=11.021), 0.07647 s/step
Meep progress: 11.029250000000001/72.33333206176758 = 15.2% done in 3736.8s, 20770.5s to go
on time step 44137 (time=11.0343), 0.07675 s/step
Meep progress: 11.042250000000001/72.33333206176758 = 15.3% done in 3740.9s, 20764.2s to go
on time step 44188 (time=11.047), 0.0786331 s/step
Meep progress: 11.055/72.33333206176758 = 15.3% done in 3744.9s, 20758.1s to go
on time step 44240 (time=11.06), 0.0784284 s/step
Meep progress: 11.068/72.33333206176758 = 15.3% done in 3748.9s, 20751.6s to go
on time step 44293 (time=11.0732), 0.0766201 s/step
Meep progress: 11.081/72.33333206176758 = 15.3% done in 3752.9s, 20744.9s to go
on time step 44345 (time=11.0862), 0.0771534 s/step
Meep progress: 11.09375/72.33333206176758 = 15.3% done in 3756.9s, 20738.9s to go
on time step 44396 (time=11.099), 0.078536 s/step
Meep progress: 11.10675/72.33333206176758 = 15.4% done in 3761.0s, 20732.7s to go
on time step 44446 (time=11.1115), 0.0810032 s/step
Meep progress: 11.11825/72.33333206176758 = 15.4% done in 3765.0s, 20729.5s to go
on time step 44493 (time=11.1233), 0.0861907 s/step
Meep progress: 11.13075/72.33333206176758 = 15.4% done in 3769.0s, 20724.0s to go
on time step 44544 (time=11.136), 0.0793115 s/step
Meep progress: 11.1435/72.33333206176758 = 15.4% done in 3773.0s, 20717.9s to go
on time step 44596 (time=11.149), 0.0773584 s/step
Meep progress: 11.1565/72.33333206176758 = 15.4% done in 3777.0s, 20711.4s to go
on time step 44648 (time=11.162), 0.0771885 s/step
Meep progress: 11.16975/72.33333206176758 = 15.4% done in 3781.1s, 20704.5s to go
on time step 44701 (time=11.1753), 0.0757929 s/step
Meep progress: 11.18275/72.33333206176758 = 15.5% done in 3785.1s, 20698.0s to go
on time step 44754 (time=11.1885), 0.0766192 s/step
Meep progress: 11.196/72.33333206176758 = 15.5% done in 3789.1s, 20690.9s to go
on time step 44806 (time=11.2015), 0.0772693 s/step
Meep progress: 11.209/72.33333206176758 = 15.5% done in 3793.1s, 20684.3s to go
on time step 44859 (time=11.2148), 0.0755097 s/step
Meep progress: 11.2225/72.33333206176758 = 15.5% done in 3797.1s, 20676.9s to go
on time step 44913 (time=11.2283), 0.0752379 s/step
Meep progress: 11.23575/72.33333206176758 = 15.5% done in 3801.2s, 20670.1s to go
on time step 44966 (time=11.2415), 0.0763251 s/step
Meep progress: 11.249/72.33333206176758 = 15.6% done in 3805.2s, 20663.1s to go
on time step 45019 (time=11.2547), 0.0757847 s/step
Meep progress: 11.26225/72.33333206176758 = 15.6% done in 3809.2s, 20656.1s to go
on time step 45073 (time=11.2683), 0.0750534 s/step
Meep progress: 11.275500000000001/72.33333206176758 = 15.6% done in 3813.3s, 20649.3s to go
on time step 45124 (time=11.281), 0.0787504 s/step
Meep progress: 11.2885/72.33333206176758 = 15.6% done in 3817.3s, 20642.9s to go
on time step 45177 (time=11.2942), 0.0768367 s/step
Meep progress: 11.3015/72.33333206176758 = 15.6% done in 3821.4s, 20636.6s to go
on time step 45230 (time=11.3075), 0.0762591 s/step
Meep progress: 11.315/72.33333206176758 = 15.6% done in 3825.4s, 20629.3s to go
on time step 45284 (time=11.321), 0.075295 s/step
Meep progress: 11.328/72.33333206176758 = 15.7% done in 3829.5s, 20623.2s to go
on time step 45334 (time=11.3335), 0.0805193 s/step
Meep progress: 11.34075/72.33333206176758 = 15.7% done in 3833.5s, 20617.3s to go
on time step 45386 (time=11.3465), 0.077398 s/step
Meep progress: 11.354000000000001/72.33333206176758 = 15.7% done in 3837.6s, 20610.5s to go
on time step 45439 (time=11.3598), 0.076333 s/step
Meep progress: 11.36725/72.33333206176758 = 15.7% done in 3841.6s, 20603.5s to go
on time step 45492 (time=11.373), 0.0755299 s/step
Meep progress: 11.3805/72.33333206176758 = 15.7% done in 3845.6s, 20596.8s to go
on time step 45545 (time=11.3863), 0.0763308 s/step
Meep progress: 11.39375/72.33333206176758 = 15.8% done in 3849.6s, 20589.8s to go
on time step 45599 (time=11.3998), 0.0754259 s/step
Meep progress: 11.407/72.33333206176758 = 15.8% done in 3853.6s, 20582.8s to go
on time step 45653 (time=11.4132), 0.0753692 s/step
Meep progress: 11.4205/72.33333206176758 = 15.8% done in 3857.7s, 20575.5s to go
on time step 45706 (time=11.4265), 0.075766 s/step
Meep progress: 11.43375/72.33333206176758 = 15.8% done in 3861.7s, 20568.7s to go
on time step 45760 (time=11.44), 0.0753447 s/step
Meep progress: 11.44725/72.33333206176758 = 15.8% done in 3865.8s, 20561.4s to go
on time step 45813 (time=11.4533), 0.0754974 s/step
Meep progress: 11.4605/72.33333206176758 = 15.8% done in 3869.8s, 20554.4s to go
on time step 45867 (time=11.4668), 0.074466 s/step
Meep progress: 11.474/72.33333206176758 = 15.9% done in 3873.8s, 20547.2s to go
on time step 45920 (time=11.48), 0.0765074 s/step
Meep progress: 11.48725/72.33333206176758 = 15.9% done in 3877.9s, 20540.5s to go
on time step 45973 (time=11.4932), 0.0762675 s/step
Meep progress: 11.5005/72.33333206176758 = 15.9% done in 3881.9s, 20533.6s to go
on time step 46027 (time=11.5068), 0.0752488 s/step
Meep progress: 11.514000000000001/72.33333206176758 = 15.9% done in 3886.0s, 20526.4s to go
on time step 46081 (time=11.5203), 0.0750341 s/step
Meep progress: 11.52725/72.33333206176758 = 15.9% done in 3890.0s, 20519.7s to go
on time step 46134 (time=11.5335), 0.0765902 s/step
Meep progress: 11.5405/72.33333206176758 = 16.0% done in 3894.0s, 20512.9s to go
on time step 46187 (time=11.5467), 0.0757582 s/step
Meep progress: 11.55375/72.33333206176758 = 16.0% done in 3898.0s, 20506.0s to go
on time step 46240 (time=11.56), 0.0757247 s/step
Meep progress: 11.56725/72.33333206176758 = 16.0% done in 3902.1s, 20498.9s to go
on time step 46294 (time=11.5735), 0.0754185 s/step
Meep progress: 11.5805/72.33333206176758 = 16.0% done in 3906.2s, 20492.2s to go
on time step 46347 (time=11.5868), 0.076323 s/step
Meep progress: 11.59375/72.33333206176758 = 16.0% done in 3910.2s, 20485.3s to go
on time step 46400 (time=11.6), 0.0757853 s/step
Meep progress: 11.60725/72.33333206176758 = 16.0% done in 3914.2s, 20478.3s to go
on time step 46454 (time=11.6135), 0.075061 s/step
Meep progress: 11.620750000000001/72.33333206176758 = 16.1% done in 3918.3s, 20471.1s to go
on time step 46507 (time=11.6267), 0.0760333 s/step
Meep progress: 11.634/72.33333206176758 = 16.1% done in 3922.3s, 20464.4s to go
on time step 46560 (time=11.64), 0.0755045 s/step
Meep progress: 11.64725/72.33333206176758 = 16.1% done in 3926.4s, 20457.9s to go
on time step 46613 (time=11.6532), 0.0767842 s/step
Meep progress: 11.6605/72.33333206176758 = 16.1% done in 3930.4s, 20451.2s to go
on time step 46666 (time=11.6665), 0.0758719 s/step
Meep progress: 11.67375/72.33333206176758 = 16.1% done in 3934.5s, 20444.6s to go
on time step 46718 (time=11.6795), 0.0783399 s/step
Meep progress: 11.68675/72.33333206176758 = 16.2% done in 3938.6s, 20438.5s to go
on time step 46770 (time=11.6925), 0.0773675 s/step
Meep progress: 11.6995/72.33333206176758 = 16.2% done in 3942.6s, 20432.7s to go
on time step 46823 (time=11.7058), 0.0766012 s/step
Meep progress: 11.713000000000001/72.33333206176758 = 16.2% done in 3946.6s, 20425.6s to go
on time step 46876 (time=11.719), 0.0758893 s/step
Meep progress: 11.72625/72.33333206176758 = 16.2% done in 3950.7s, 20419.0s to go
on time step 46929 (time=11.7323), 0.0762663 s/step
Meep progress: 11.7395/72.33333206176758 = 16.2% done in 3954.7s, 20412.3s to go
on time step 46981 (time=11.7453), 0.0777816 s/step
Meep progress: 11.75275/72.33333206176758 = 16.2% done in 3958.8s, 20405.8s to go
on time step 47035 (time=11.7588), 0.0752498 s/step
Meep progress: 11.766/72.33333206176758 = 16.3% done in 3962.8s, 20399.0s to go
on time step 47088 (time=11.772), 0.0766191 s/step
Meep progress: 11.779250000000001/72.33333206176758 = 16.3% done in 3966.8s, 20392.5s to go
on time step 47141 (time=11.7852), 0.0756409 s/step
Meep progress: 11.7925/72.33333206176758 = 16.3% done in 3970.9s, 20385.8s to go
on time step 47194 (time=11.7985), 0.075932 s/step
Meep progress: 11.806000000000001/72.33333206176758 = 16.3% done in 3974.9s, 20378.8s to go
on time step 47248 (time=11.812), 0.0754205 s/step
Meep progress: 11.81925/72.33333206176758 = 16.3% done in 3978.9s, 20372.1s to go
on time step 47301 (time=11.8253), 0.0764555 s/step
Meep progress: 11.8325/72.33333206176758 = 16.4% done in 3983.0s, 20365.5s to go
on time step 47354 (time=11.8385), 0.0755334 s/step
Meep progress: 11.84575/72.33333206176758 = 16.4% done in 3987.0s, 20358.9s to go
on time step 47407 (time=11.8518), 0.0757912 s/step
Meep progress: 11.85925/72.33333206176758 = 16.4% done in 3991.1s, 20351.7s to go
on time step 47460 (time=11.865), 0.0758519 s/step
Meep progress: 11.872250000000001/72.33333206176758 = 16.4% done in 3995.1s, 20345.5s to go
on time step 47512 (time=11.878), 0.0777514 s/step
Meep progress: 11.885250000000001/72.33333206176758 = 16.4% done in 3999.1s, 20339.3s to go
on time step 47565 (time=11.8912), 0.0758748 s/step
Meep progress: 11.8985/72.33333206176758 = 16.4% done in 4003.1s, 20332.6s to go
on time step 47618 (time=11.9045), 0.0756405 s/step
Meep progress: 11.912/72.33333206176758 = 16.5% done in 4007.2s, 20325.6s to go
on time step 47671 (time=11.9177), 0.0755142 s/step
Meep progress: 11.925/72.33333206176758 = 16.5% done in 4011.2s, 20319.4s to go
on time step 47724 (time=11.931), 0.076717 s/step
Meep progress: 11.93825/72.33333206176758 = 16.5% done in 4015.2s, 20312.9s to go
on time step 47776 (time=11.944), 0.0772195 s/step
Meep progress: 11.951500000000001/72.33333206176758 = 16.5% done in 4019.2s, 20306.2s to go
on time step 47830 (time=11.9575), 0.0746443 s/step
Meep progress: 11.965/72.33333206176758 = 16.5% done in 4023.3s, 20299.2s to go
on time step 47883 (time=11.9708), 0.0766111 s/step
Meep progress: 11.978250000000001/72.33333206176758 = 16.6% done in 4027.4s, 20292.8s to go
on time step 47936 (time=11.984), 0.0755572 s/step
Meep progress: 11.99175/72.33333206176758 = 16.6% done in 4031.4s, 20285.9s to go
on time step 47989 (time=11.9973), 0.0757281 s/step
Meep progress: 12.005/72.33333206176758 = 16.6% done in 4035.5s, 20279.2s to go
on time step 48043 (time=12.0107), 0.0747192 s/step
Meep progress: 12.01825/72.33333206176758 = 16.6% done in 4039.5s, 20272.5s to go
on time step 48096 (time=12.024), 0.0766919 s/step
Meep progress: 12.0315/72.33333206176758 = 16.6% done in 4043.5s, 20266.1s to go
on time step 48148 (time=12.037), 0.0771986 s/step
Meep progress: 12.044500000000001/72.33333206176758 = 16.7% done in 4047.5s, 20260.0s to go
on time step 48201 (time=12.0503), 0.0757907 s/step
Meep progress: 12.058/72.33333206176758 = 16.7% done in 4051.6s, 20253.0s to go
on time step 48255 (time=12.0638), 0.0751401 s/step
Meep progress: 12.071/72.33333206176758 = 16.7% done in 4055.6s, 20247.0s to go
on time step 48307 (time=12.0768), 0.0784098 s/step
Meep progress: 12.08425/72.33333206176758 = 16.7% done in 4059.7s, 20240.4s to go
on time step 48360 (time=12.09), 0.0755625 s/step
Meep progress: 12.09775/72.33333206176758 = 16.7% done in 4063.7s, 20233.6s to go
on time step 48413 (time=12.1033), 0.0757496 s/step
Meep progress: 12.111/72.33333206176758 = 16.7% done in 4067.7s, 20227.0s to go
on time step 48466 (time=12.1165), 0.0764798 s/step
Meep progress: 12.124/72.33333206176758 = 16.8% done in 4071.8s, 20220.9s to go
on time step 48519 (time=12.1297), 0.0761216 s/step
Meep progress: 12.137500000000001/72.33333206176758 = 16.8% done in 4075.8s, 20214.1s to go
on time step 48572 (time=12.143), 0.0755805 s/step
Meep progress: 12.15075/72.33333206176758 = 16.8% done in 4079.8s, 20207.5s to go
on time step 48626 (time=12.1565), 0.0749996 s/step
Meep progress: 12.164250000000001/72.33333206176758 = 16.8% done in 4083.9s, 20200.6s to go
on time step 48679 (time=12.1698), 0.0759742 s/step
Meep progress: 12.1775/72.33333206176758 = 16.8% done in 4087.9s, 20194.1s to go
on time step 48732 (time=12.183), 0.0757504 s/step
Meep progress: 12.19075/72.33333206176758 = 16.9% done in 4092.0s, 20187.5s to go
on time step 48785 (time=12.1963), 0.0754987 s/step
Meep progress: 12.204/72.33333206176758 = 16.9% done in 4096.0s, 20180.9s to go
on time step 48839 (time=12.2097), 0.0753294 s/step
Meep progress: 12.21725/72.33333206176758 = 16.9% done in 4100.0s, 20174.4s to go
on time step 48892 (time=12.223), 0.0767047 s/step
Meep progress: 12.23075/72.33333206176758 = 16.9% done in 4104.1s, 20167.6s to go
on time step 48946 (time=12.2365), 0.0750165 s/step
Meep progress: 12.244/72.33333206176758 = 16.9% done in 4108.1s, 20161.1s to go
on time step 48999 (time=12.2498), 0.0762893 s/step
Meep progress: 12.2575/72.33333206176758 = 16.9% done in 4112.2s, 20154.3s to go
on time step 49052 (time=12.263), 0.075852 s/step
Meep progress: 12.2705/72.33333206176758 = 17.0% done in 4116.2s, 20148.4s to go
on time step 49105 (time=12.2763), 0.0765649 s/step
Meep progress: 12.2835/72.33333206176758 = 17.0% done in 4120.2s, 20142.3s to go
on time step 49157 (time=12.2893), 0.0775654 s/step
Meep progress: 12.29675/72.33333206176758 = 17.0% done in 4124.2s, 20135.7s to go
on time step 49211 (time=12.3027), 0.0753527 s/step
Meep progress: 12.31025/72.33333206176758 = 17.0% done in 4128.3s, 20128.9s to go
on time step 49264 (time=12.316), 0.0768289 s/step
Meep progress: 12.323500000000001/72.33333206176758 = 17.0% done in 4132.4s, 20122.7s to go
on time step 49317 (time=12.3293), 0.0758732 s/step
Meep progress: 12.33675/72.33333206176758 = 17.1% done in 4136.4s, 20116.2s to go
on time step 49371 (time=12.3428), 0.0751351 s/step
Meep progress: 12.35/72.33333206176758 = 17.1% done in 4140.4s, 20109.7s to go
on time step 49424 (time=12.356), 0.0760921 s/step
Meep progress: 12.36325/72.33333206176758 = 17.1% done in 4144.4s, 20103.2s to go
on time step 49477 (time=12.3693), 0.076028 s/step
Meep progress: 12.3765/72.33333206176758 = 17.1% done in 4148.4s, 20096.7s to go
on time step 49530 (time=12.3825), 0.0758443 s/step
Meep progress: 12.38975/72.33333206176758 = 17.1% done in 4152.4s, 20090.2s to go
on time step 49584 (time=12.396), 0.0754226 s/step
Meep progress: 12.40325/72.33333206176758 = 17.1% done in 4156.5s, 20083.5s to go
on time step 49637 (time=12.4093), 0.0755089 s/step
Meep progress: 12.416500000000001/72.33333206176758 = 17.2% done in 4160.6s, 20077.2s to go
on time step 49690 (time=12.4225), 0.0765981 s/step
Meep progress: 12.42975/72.33333206176758 = 17.2% done in 4164.6s, 20070.7s to go
on time step 49744 (time=12.436), 0.0754007 s/step
Meep progress: 12.443/72.33333206176758 = 17.2% done in 4168.6s, 20064.2s to go
on time step 49797 (time=12.4493), 0.0758856 s/step
Meep progress: 12.45625/72.33333206176758 = 17.2% done in 4172.6s, 20057.7s to go
on time step 49850 (time=12.4625), 0.0770528 s/step
Meep progress: 12.46925/72.33333206176758 = 17.2% done in 4176.7s, 20051.8s to go
on time step 49903 (time=12.4757), 0.0769062 s/step
Meep progress: 12.4825/72.33333206176758 = 17.3% done in 4180.7s, 20045.6s to go
on time step 49956 (time=12.489), 0.0755986 s/step
Meep progress: 12.496/72.33333206176758 = 17.3% done in 4184.8s, 20038.9s to go
on time step 50010 (time=12.5025), 0.0751828 s/step
Meep progress: 12.50925/72.33333206176758 = 17.3% done in 4188.8s, 20032.4s to go
on time step 50062 (time=12.5155), 0.0769721 s/step
Meep progress: 12.5225/72.33333206176758 = 17.3% done in 4192.8s, 20026.2s to go
on time step 50115 (time=12.5288), 0.0756151 s/step
Meep progress: 12.53575/72.33333206176758 = 17.3% done in 4196.9s, 20019.7s to go
on time step 50168 (time=12.542), 0.0759395 s/step
Meep progress: 12.549/72.33333206176758 = 17.3% done in 4200.9s, 20013.2s to go
on time step 50222 (time=12.5555), 0.0753712 s/step
Meep progress: 12.56225/72.33333206176758 = 17.4% done in 4204.9s, 20007.0s to go
on time step 50275 (time=12.5687), 0.0764308 s/step
Meep progress: 12.575750000000001/72.33333206176758 = 17.4% done in 4209.0s, 20000.3s to go
on time step 50329 (time=12.5823), 0.0752873 s/step
Meep progress: 12.589/72.33333206176758 = 17.4% done in 4213.0s, 19993.9s to go
on time step 50383 (time=12.5958), 0.0751021 s/step
Meep progress: 12.602500000000001/72.33333206176758 = 17.4% done in 4217.0s, 19987.0s to go
on time step 50437 (time=12.6092), 0.0748614 s/step
Meep progress: 12.61575/72.33333206176758 = 17.4% done in 4221.1s, 19980.7s to go
on time step 50490 (time=12.6225), 0.0763229 s/step
Meep progress: 12.629/72.33333206176758 = 17.5% done in 4225.1s, 19974.3s to go
on time step 50543 (time=12.6357), 0.0760931 s/step
Meep progress: 12.64225/72.33333206176758 = 17.5% done in 4229.1s, 19967.8s to go
on time step 50595 (time=12.6487), 0.0774556 s/step
Meep progress: 12.65525/72.33333206176758 = 17.5% done in 4233.2s, 19962.2s to go
on time step 50647 (time=12.6617), 0.0773212 s/step
Meep progress: 12.66825/72.33333206176758 = 17.5% done in 4237.2s, 19956.3s to go
on time step 50699 (time=12.6747), 0.0772595 s/step
Meep progress: 12.681000000000001/72.33333206176758 = 17.5% done in 4241.2s, 19950.8s to go
on time step 50751 (time=12.6877), 0.0772104 s/step
Meep progress: 12.6945/72.33333206176758 = 17.6% done in 4245.2s, 19944.1s to go
on time step 50804 (time=12.701), 0.0757604 s/step
Meep progress: 12.70775/72.33333206176758 = 17.6% done in 4249.3s, 19938.0s to go
on time step 50856 (time=12.714), 0.0775983 s/step
Meep progress: 12.721/72.33333206176758 = 17.6% done in 4253.4s, 19931.8s to go
on time step 50909 (time=12.7272), 0.076037 s/step
Meep progress: 12.73425/72.33333206176758 = 17.6% done in 4257.4s, 19925.7s to go
on time step 50962 (time=12.7405), 0.0758871 s/step
Meep progress: 12.74775/72.33333206176758 = 17.6% done in 4261.5s, 19919.1s to go
on time step 51016 (time=12.754), 0.0753347 s/step
Meep progress: 12.761000000000001/72.33333206176758 = 17.6% done in 4265.5s, 19912.9s to go
on time step 51069 (time=12.7673), 0.0760874 s/step
Meep progress: 12.7745/72.33333206176758 = 17.7% done in 4269.6s, 19906.3s to go
on time step 51122 (time=12.7805), 0.0755451 s/step
Meep progress: 12.7875/72.33333206176758 = 17.7% done in 4273.6s, 19900.5s to go
on time step 51174 (time=12.7935), 0.0776106 s/step
Meep progress: 12.801/72.33333206176758 = 17.7% done in 4277.7s, 19893.9s to go
on time step 51228 (time=12.807), 0.0751785 s/step
Meep progress: 12.81425/72.33333206176758 = 17.7% done in 4281.8s, 19887.8s to go
on time step 51281 (time=12.8202), 0.0761245 s/step
Meep progress: 12.82775/72.33333206176758 = 17.7% done in 4285.8s, 19881.1s to go
on time step 51334 (time=12.8335), 0.0762769 s/step
Meep progress: 12.841000000000001/72.33333206176758 = 17.8% done in 4289.8s, 19874.8s to go
on time step 51388 (time=12.847), 0.0752889 s/step
Meep progress: 12.85425/72.33333206176758 = 17.8% done in 4293.9s, 19868.6s to go
on time step 51441 (time=12.8603), 0.0764718 s/step
Meep progress: 12.8675/72.33333206176758 = 17.8% done in 4297.9s, 19862.3s to go
on time step 51494 (time=12.8735), 0.0755713 s/step
Meep progress: 12.8805/72.33333206176758 = 17.8% done in 4301.9s, 19856.5s to go
on time step 51547 (time=12.8868), 0.0762156 s/step
Meep progress: 12.894/72.33333206176758 = 17.8% done in 4306.0s, 19849.8s to go
on time step 51600 (time=12.9), 0.0755877 s/step
Meep progress: 12.90725/72.33333206176758 = 17.8% done in 4310.0s, 19843.6s to go
on time step 51652 (time=12.913), 0.0773781 s/step
Meep progress: 12.920250000000001/72.33333206176758 = 17.9% done in 4314.0s, 19837.8s to go
on time step 51705 (time=12.9262), 0.0761052 s/step
Meep progress: 12.93375/72.33333206176758 = 17.9% done in 4318.1s, 19831.3s to go
on time step 51759 (time=12.9398), 0.0751786 s/step
Meep progress: 12.94725/72.33333206176758 = 17.9% done in 4322.2s, 19824.8s to go
on time step 51812 (time=12.953), 0.0754949 s/step
Meep progress: 12.9605/72.33333206176758 = 17.9% done in 4326.2s, 19818.6s to go
on time step 51865 (time=12.9663), 0.0763993 s/step
Meep progress: 12.97375/72.33333206176758 = 17.9% done in 4330.2s, 19812.3s to go
on time step 51919 (time=12.9798), 0.0751364 s/step
Meep progress: 12.98725/72.33333206176758 = 18.0% done in 4334.3s, 19805.7s to go
on time step 51973 (time=12.9932), 0.0749369 s/step
Meep progress: 13.00075/72.33333206176758 = 18.0% done in 4338.3s, 19799.2s to go
on time step 52026 (time=13.0065), 0.0764217 s/step
Meep progress: 13.014000000000001/72.33333206176758 = 18.0% done in 4342.4s, 19793.1s to go
on time step 52079 (time=13.0198), 0.075681 s/step
Meep progress: 13.02725/72.33333206176758 = 18.0% done in 4346.4s, 19786.9s to go
on time step 52132 (time=13.033), 0.0765897 s/step
Meep progress: 13.0405/72.33333206176758 = 18.0% done in 4350.4s, 19780.6s to go
on time step 52187 (time=13.0467), 0.0739746 s/step
Meep progress: 13.05375/72.33333206176758 = 18.0% done in 4354.4s, 19774.3s to go
on time step 52239 (time=13.0598), 0.0779511 s/step
Meep progress: 13.067/72.33333206176758 = 18.1% done in 4358.5s, 19768.2s to go
on time step 52292 (time=13.073), 0.0765747 s/step
Meep progress: 13.08/72.33333206176758 = 18.1% done in 4362.5s, 19762.4s to go
on time step 52346 (time=13.0865), 0.0754167 s/step
Meep progress: 13.0935/72.33333206176758 = 18.1% done in 4366.6s, 19755.9s to go
on time step 52399 (time=13.0998), 0.0757074 s/step
Meep progress: 13.1065/72.33333206176758 = 18.1% done in 4370.6s, 19750.1s to go
on time step 52451 (time=13.1128), 0.0780449 s/step
Meep progress: 13.1195/72.33333206176758 = 18.1% done in 4374.6s, 19744.4s to go
on time step 52503 (time=13.1258), 0.0770377 s/step
Meep progress: 13.13275/72.33333206176758 = 18.2% done in 4378.6s, 19738.3s to go
on time step 52557 (time=13.1393), 0.0753455 s/step
Meep progress: 13.14625/72.33333206176758 = 18.2% done in 4382.7s, 19731.6s to go
on time step 52611 (time=13.1528), 0.0748912 s/step
Meep progress: 13.1595/72.33333206176758 = 18.2% done in 4386.7s, 19725.5s to go
on time step 52664 (time=13.166), 0.075988 s/step
Meep progress: 13.17275/72.33333206176758 = 18.2% done in 4390.7s, 19719.2s to go
on time step 52718 (time=13.1795), 0.0754435 s/step
Meep progress: 13.186250000000001/72.33333206176758 = 18.2% done in 4394.7s, 19712.7s to go
on time step 52772 (time=13.193), 0.0745729 s/step
Meep progress: 13.19975/72.33333206176758 = 18.2% done in 4398.8s, 19706.2s to go
on time step 52825 (time=13.2063), 0.076093 s/step
Meep progress: 13.213000000000001/72.33333206176758 = 18.3% done in 4402.8s, 19700.1s to go
on time step 52878 (time=13.2195), 0.0755661 s/step
Meep progress: 13.22625/72.33333206176758 = 18.3% done in 4406.9s, 19694.1s to go
on time step 52931 (time=13.2328), 0.0763505 s/step
Meep progress: 13.23975/72.33333206176758 = 18.3% done in 4411.0s, 19687.6s to go
on time step 52984 (time=13.246), 0.0757258 s/step
Meep progress: 13.25275/72.33333206176758 = 18.3% done in 4415.0s, 19681.9s to go
on time step 53036 (time=13.259), 0.0777717 s/step
Meep progress: 13.266/72.33333206176758 = 18.3% done in 4419.0s, 19675.9s to go
on time step 53090 (time=13.2725), 0.0754203 s/step
Meep progress: 13.279250000000001/72.33333206176758 = 18.4% done in 4423.0s, 19669.7s to go
on time step 53144 (time=13.286), 0.0752295 s/step
Meep progress: 13.29275/72.33333206176758 = 18.4% done in 4427.1s, 19663.1s to go
on time step 53197 (time=13.2993), 0.0762068 s/step
Meep progress: 13.30575/72.33333206176758 = 18.4% done in 4431.1s, 19657.3s to go
on time step 53249 (time=13.3123), 0.0771128 s/step
Meep progress: 13.31875/72.33333206176758 = 18.4% done in 4435.1s, 19651.6s to go
on time step 53302 (time=13.3255), 0.0764655 s/step
Meep progress: 13.332/72.33333206176758 = 18.4% done in 4439.1s, 19645.3s to go
on time step 53356 (time=13.339), 0.07449 s/step
Meep progress: 13.3455/72.33333206176758 = 18.5% done in 4443.1s, 19638.9s to go
on time step 53409 (time=13.3522), 0.0762654 s/step
Meep progress: 13.35875/72.33333206176758 = 18.5% done in 4447.2s, 19632.9s to go
on time step 53463 (time=13.3658), 0.0753172 s/step
Meep progress: 13.372250000000001/72.33333206176758 = 18.5% done in 4451.2s, 19626.4s to go
on time step 53517 (time=13.3793), 0.0749251 s/step
Meep progress: 13.38575/72.33333206176758 = 18.5% done in 4455.3s, 19620.1s to go
on time step 53571 (time=13.3927), 0.0749289 s/step
Meep progress: 13.39925/72.33333206176758 = 18.5% done in 4459.3s, 19613.5s to go
on time step 53624 (time=13.406), 0.0758521 s/step
Meep progress: 13.4125/72.33333206176758 = 18.5% done in 4463.4s, 19607.5s to go
on time step 53677 (time=13.4192), 0.0758778 s/step
Meep progress: 13.42575/72.33333206176758 = 18.6% done in 4467.4s, 19601.3s to go
on time step 53731 (time=13.4328), 0.075281 s/step
Meep progress: 13.43925/72.33333206176758 = 18.6% done in 4471.4s, 19594.9s to go
on time step 53784 (time=13.446), 0.0758272 s/step
Meep progress: 13.452250000000001/72.33333206176758 = 18.6% done in 4475.5s, 19589.3s to go
on time step 53837 (time=13.4593), 0.0767392 s/step
Meep progress: 13.46575/72.33333206176758 = 18.6% done in 4479.5s, 19583.0s to go
on time step 53890 (time=13.4725), 0.0756597 s/step
Meep progress: 13.47925/72.33333206176758 = 18.6% done in 4483.6s, 19576.7s to go
on time step 53944 (time=13.486), 0.0747523 s/step
Meep progress: 13.492750000000001/72.33333206176758 = 18.7% done in 4487.6s, 19570.1s to go
on time step 53998 (time=13.4995), 0.0744567 s/step
Meep progress: 13.506/72.33333206176758 = 18.7% done in 4491.7s, 19564.3s to go
on time step 54049 (time=13.5122), 0.0785644 s/step
Meep progress: 13.519/72.33333206176758 = 18.7% done in 4495.7s, 19558.7s to go
on time step 54102 (time=13.5255), 0.0764163 s/step
Meep progress: 13.5325/72.33333206176758 = 18.7% done in 4499.8s, 19552.3s to go
on time step 54156 (time=13.539), 0.0748889 s/step
Meep progress: 13.54575/72.33333206176758 = 18.7% done in 4503.8s, 19546.1s to go
on time step 54209 (time=13.5523), 0.0761161 s/step
Meep progress: 13.559000000000001/72.33333206176758 = 18.7% done in 4507.8s, 19540.1s to go
on time step 54263 (time=13.5657), 0.0750866 s/step
Meep progress: 13.5725/72.33333206176758 = 18.8% done in 4511.9s, 19533.7s to go
on time step 54317 (time=13.5793), 0.075325 s/step
Meep progress: 13.58575/72.33333206176758 = 18.8% done in 4515.9s, 19527.6s to go
on time step 54371 (time=13.5928), 0.0749355 s/step
Meep progress: 13.59925/72.33333206176758 = 18.8% done in 4519.9s, 19521.2s to go
on time step 54424 (time=13.606), 0.0757317 s/step
Meep progress: 13.6125/72.33333206176758 = 18.8% done in 4523.9s, 19515.1s to go
on time step 54477 (time=13.6193), 0.0764253 s/step
Meep progress: 13.62575/72.33333206176758 = 18.8% done in 4528.0s, 19509.2s to go
on time step 54530 (time=13.6325), 0.0755837 s/step
Meep progress: 13.63925/72.33333206176758 = 18.9% done in 4532.1s, 19502.9s to go
on time step 54584 (time=13.646), 0.0754104 s/step
Meep progress: 13.6525/72.33333206176758 = 18.9% done in 4536.1s, 19497.0s to go
on time step 54637 (time=13.6593), 0.0762226 s/step
Meep progress: 13.665750000000001/72.33333206176758 = 18.9% done in 4540.2s, 19491.0s to go
on time step 54690 (time=13.6725), 0.0767178 s/step
Meep progress: 13.679/72.33333206176758 = 18.9% done in 4544.2s, 19485.0s to go
on time step 54744 (time=13.686), 0.0752919 s/step
Meep progress: 13.69225/72.33333206176758 = 18.9% done in 4548.2s, 19479.2s to go
on time step 54795 (time=13.6988), 0.0795669 s/step
Meep progress: 13.705/72.33333206176758 = 18.9% done in 4552.3s, 19474.0s to go
on time step 54847 (time=13.7118), 0.0771566 s/step
Meep progress: 13.718/72.33333206176758 = 19.0% done in 4556.3s, 19468.5s to go
on time step 54900 (time=13.725), 0.0763895 s/step
Meep progress: 13.7315/72.33333206176758 = 19.0% done in 4560.4s, 19462.3s to go
on time step 54954 (time=13.7385), 0.0751991 s/step
Meep progress: 13.745000000000001/72.33333206176758 = 19.0% done in 4564.4s, 19456.0s to go
on time step 55007 (time=13.7517), 0.0765165 s/step
Meep progress: 13.75825/72.33333206176758 = 19.0% done in 4568.5s, 19450.1s to go
on time step 55061 (time=13.7652), 0.0754299 s/step
Meep progress: 13.7715/72.33333206176758 = 19.0% done in 4572.5s, 19444.1s to go
on time step 55114 (time=13.7785), 0.0758768 s/step
Meep progress: 13.785/72.33333206176758 = 19.1% done in 4576.6s, 19437.8s to go
on time step 55168 (time=13.792), 0.0746226 s/step
Meep progress: 13.79825/72.33333206176758 = 19.1% done in 4580.6s, 19431.7s to go
on time step 55221 (time=13.8053), 0.0762195 s/step
Meep progress: 13.8115/72.33333206176758 = 19.1% done in 4584.6s, 19425.7s to go
on time step 55274 (time=13.8185), 0.0759078 s/step
Meep progress: 13.82475/72.33333206176758 = 19.1% done in 4588.6s, 19419.8s to go
on time step 55327 (time=13.8317), 0.0765234 s/step
Meep progress: 13.838000000000001/72.33333206176758 = 19.1% done in 4592.6s, 19413.8s to go
on time step 55380 (time=13.845), 0.0757773 s/step
Meep progress: 13.851/72.33333206176758 = 19.1% done in 4596.7s, 19408.5s to go
on time step 55430 (time=13.8575), 0.0800185 s/step
Meep progress: 13.86375/72.33333206176758 = 19.2% done in 4600.8s, 19403.4s to go
on time step 55483 (time=13.8708), 0.0768465 s/step
Meep progress: 13.877/72.33333206176758 = 19.2% done in 4604.8s, 19397.5s to go
on time step 55535 (time=13.8838), 0.0780018 s/step
Meep progress: 13.89/72.33333206176758 = 19.2% done in 4608.8s, 19392.1s to go
on time step 55587 (time=13.8968), 0.0775063 s/step
Meep progress: 13.902750000000001/72.33333206176758 = 19.2% done in 4612.9s, 19387.1s to go
on time step 55637 (time=13.9093), 0.0811909 s/step
Meep progress: 13.91525/72.33333206176758 = 19.2% done in 4617.0s, 19382.6s to go
on time step 55687 (time=13.9217), 0.0804407 s/step
Meep progress: 13.928/72.33333206176758 = 19.3% done in 4621.0s, 19377.5s to go
on time step 55740 (time=13.935), 0.076802 s/step
Meep progress: 13.94125/72.33333206176758 = 19.3% done in 4625.0s, 19371.7s to go
on time step 55792 (time=13.948), 0.0771375 s/step
Meep progress: 13.95425/72.33333206176758 = 19.3% done in 4629.1s, 19366.2s to go
on time step 55844 (time=13.961), 0.0772506 s/step
Meep progress: 13.96725/72.33333206176758 = 19.3% done in 4633.1s, 19360.6s to go
on time step 55897 (time=13.9742), 0.0762471 s/step
Meep progress: 13.98075/72.33333206176758 = 19.3% done in 4637.1s, 19354.4s to go
on time step 55950 (time=13.9875), 0.0763536 s/step
Meep progress: 13.993500000000001/72.33333206176758 = 19.3% done in 4641.2s, 19349.3s to go
on time step 56001 (time=14.0002), 0.0799298 s/step
Meep progress: 14.00625/72.33333206176758 = 19.4% done in 4645.2s, 19344.4s to go
on time step 56051 (time=14.0128), 0.0801171 s/step
Meep progress: 14.01875/72.33333206176758 = 19.4% done in 4649.3s, 19339.9s to go
on time step 56096 (time=14.024), 0.0903054 s/step
Meep progress: 14.029/72.33333206176758 = 19.4% done in 4653.4s, 19339.3s to go
on time step 56138 (time=14.0345), 0.0970871 s/step
Meep progress: 14.0405/72.33333206176758 = 19.4% done in 4657.4s, 19336.3s to go
on time step 56190 (time=14.0475), 0.0783316 s/step
Meep progress: 14.0535/72.33333206176758 = 19.4% done in 4661.4s, 19330.9s to go
on time step 56242 (time=14.0605), 0.0782268 s/step
Meep progress: 14.0665/72.33333206176758 = 19.4% done in 4665.5s, 19325.5s to go
on time step 56294 (time=14.0735), 0.0777245 s/step
Meep progress: 14.07925/72.33333206176758 = 19.5% done in 4669.5s, 19320.4s to go
on time step 56345 (time=14.0862), 0.0797648 s/step
Meep progress: 14.09225/72.33333206176758 = 19.5% done in 4673.6s, 19315.1s to go
on time step 56397 (time=14.0992), 0.0775393 s/step
Meep progress: 14.10525/72.33333206176758 = 19.5% done in 4677.6s, 19309.6s to go
on time step 56450 (time=14.1125), 0.076481 s/step
Meep progress: 14.11825/72.33333206176758 = 19.5% done in 4681.6s, 19304.1s to go
on time step 56502 (time=14.1255), 0.0780641 s/step
Meep progress: 14.13125/72.33333206176758 = 19.5% done in 4685.6s, 19298.6s to go
on time step 56555 (time=14.1387), 0.0761553 s/step
Meep progress: 14.14475/72.33333206176758 = 19.6% done in 4689.7s, 19292.4s to go
on time step 56609 (time=14.1523), 0.075237 s/step
Meep progress: 14.158/72.33333206176758 = 19.6% done in 4693.7s, 19286.4s to go
on time step 56662 (time=14.1655), 0.075734 s/step
Meep progress: 14.17125/72.33333206176758 = 19.6% done in 4697.7s, 19280.6s to go
on time step 56715 (time=14.1788), 0.0762463 s/step
Meep progress: 14.1845/72.33333206176758 = 19.6% done in 4701.8s, 19274.7s to go
on time step 56768 (time=14.192), 0.075665 s/step
Meep progress: 14.198/72.33333206176758 = 19.6% done in 4705.8s, 19268.6s to go
on time step 56821 (time=14.2052), 0.0758393 s/step
Meep progress: 14.211/72.33333206176758 = 19.6% done in 4709.8s, 19263.0s to go
on time step 56874 (time=14.2185), 0.0768652 s/step
Meep progress: 14.224/72.33333206176758 = 19.7% done in 4713.9s, 19257.5s to go
on time step 56924 (time=14.231), 0.0806698 s/step
Meep progress: 14.23675/72.33333206176758 = 19.7% done in 4717.9s, 19252.6s to go
on time step 56977 (time=14.2443), 0.0760069 s/step
Meep progress: 14.25/72.33333206176758 = 19.7% done in 4722.0s, 19246.9s to go
on time step 57029 (time=14.2573), 0.0772529 s/step
Meep progress: 14.263250000000001/72.33333206176758 = 19.7% done in 4726.0s, 19241.1s to go
on time step 57082 (time=14.2705), 0.0759774 s/step
Meep progress: 14.2765/72.33333206176758 = 19.7% done in 4730.1s, 19235.3s to go
on time step 57135 (time=14.2837), 0.0768311 s/step
Meep progress: 14.2895/72.33333206176758 = 19.8% done in 4734.1s, 19230.0s to go
on time step 57186 (time=14.2965), 0.0785293 s/step
Meep progress: 14.30275/72.33333206176758 = 19.8% done in 4738.2s, 19224.3s to go
on time step 57239 (time=14.3098), 0.0766889 s/step
Meep progress: 14.316/72.33333206176758 = 19.8% done in 4742.3s, 19218.7s to go
on time step 57292 (time=14.323), 0.0760206 s/step
Meep progress: 14.32925/72.33333206176758 = 19.8% done in 4746.3s, 19212.9s to go
on time step 57345 (time=14.3362), 0.0766859 s/step
Meep progress: 14.342500000000001/72.33333206176758 = 19.8% done in 4750.3s, 19207.0s to go
on time step 57399 (time=14.3498), 0.0752399 s/step
Meep progress: 14.35575/72.33333206176758 = 19.8% done in 4754.4s, 19201.1s to go
on time step 57452 (time=14.363), 0.0760076 s/step
Meep progress: 14.369/72.33333206176758 = 19.9% done in 4758.4s, 19195.2s to go
on time step 57505 (time=14.3763), 0.0758506 s/step
Meep progress: 14.38225/72.33333206176758 = 19.9% done in 4762.4s, 19189.4s to go
on time step 57558 (time=14.3895), 0.0758321 s/step
Meep progress: 14.3955/72.33333206176758 = 19.9% done in 4766.4s, 19183.4s to go
on time step 57611 (time=14.4028), 0.075727 s/step
Meep progress: 14.40875/72.33333206176758 = 19.9% done in 4770.5s, 19177.7s to go
on time step 57663 (time=14.4158), 0.0774053 s/step
Meep progress: 14.421750000000001/72.33333206176758 = 19.9% done in 4774.5s, 19172.3s to go
on time step 57716 (time=14.429), 0.0766556 s/step
Meep progress: 14.435/72.33333206176758 = 20.0% done in 4778.5s, 19166.6s to go
on time step 57769 (time=14.4422), 0.0767446 s/step
Meep progress: 14.44825/72.33333206176758 = 20.0% done in 4782.6s, 19160.8s to go
on time step 57822 (time=14.4555), 0.0756924 s/step
Meep progress: 14.461500000000001/72.33333206176758 = 20.0% done in 4786.6s, 19155.1s to go
on time step 57874 (time=14.4685), 0.0779815 s/step
Meep progress: 14.47425/72.33333206176758 = 20.0% done in 4790.6s, 19150.0s to go
on time step 57926 (time=14.4815), 0.0777971 s/step
Meep progress: 14.48725/72.33333206176758 = 20.0% done in 4794.7s, 19144.7s to go
on time step 57979 (time=14.4947), 0.0763298 s/step
Meep progress: 14.50075/72.33333206176758 = 20.0% done in 4798.7s, 19138.6s to go
on time step 58033 (time=14.5083), 0.0752422 s/step
Meep progress: 14.51425/72.33333206176758 = 20.1% done in 4802.8s, 19132.5s to go
on time step 58087 (time=14.5218), 0.0753847 s/step
Meep progress: 14.5275/72.33333206176758 = 20.1% done in 4806.9s, 19126.8s to go
on time step 58140 (time=14.535), 0.0762778 s/step
Meep progress: 14.541/72.33333206176758 = 20.1% done in 4810.9s, 19120.7s to go
on time step 58194 (time=14.5485), 0.0754359 s/step
Meep progress: 14.55425/72.33333206176758 = 20.1% done in 4815.0s, 19114.9s to go
on time step 58248 (time=14.562), 0.0753179 s/step
Meep progress: 14.5675/72.33333206176758 = 20.1% done in 4819.0s, 19109.0s to go
on time step 58300 (time=14.575), 0.0770587 s/step
Meep progress: 14.58075/72.33333206176758 = 20.2% done in 4823.0s, 19103.4s to go
on time step 58353 (time=14.5883), 0.0761883 s/step
Meep progress: 14.59375/72.33333206176758 = 20.2% done in 4827.0s, 19098.0s to go
on time step 58405 (time=14.6013), 0.0772643 s/step
Meep progress: 14.607000000000001/72.33333206176758 = 20.2% done in 4831.1s, 19092.3s to go
on time step 58457 (time=14.6143), 0.0774461 s/step
Meep progress: 14.620000000000001/72.33333206176758 = 20.2% done in 4835.1s, 19086.9s to go
on time step 58510 (time=14.6275), 0.0765411 s/step
Meep progress: 14.63325/72.33333206176758 = 20.2% done in 4839.2s, 19081.3s to go
on time step 58561 (time=14.6402), 0.0789593 s/step
Meep progress: 14.646/72.33333206176758 = 20.2% done in 4843.2s, 19076.2s to go
on time step 58614 (time=14.6535), 0.0760539 s/step
Meep progress: 14.65925/72.33333206176758 = 20.3% done in 4847.3s, 19070.6s to go
on time step 58667 (time=14.6668), 0.076181 s/step
Meep progress: 14.6725/72.33333206176758 = 20.3% done in 4851.3s, 19064.9s to go
on time step 58720 (time=14.68), 0.0766191 s/step
Meep progress: 14.68575/72.33333206176758 = 20.3% done in 4855.3s, 19059.1s to go
on time step 58773 (time=14.6933), 0.0754766 s/step
Meep progress: 14.699/72.33333206176758 = 20.3% done in 4859.3s, 19053.2s to go
on time step 58826 (time=14.7065), 0.0761187 s/step
Meep progress: 14.712250000000001/72.33333206176758 = 20.3% done in 4863.3s, 19047.5s to go
on time step 58879 (time=14.7197), 0.0762916 s/step
Meep progress: 14.7255/72.33333206176758 = 20.4% done in 4867.4s, 19041.9s to go
on time step 58932 (time=14.733), 0.0758201 s/step
Meep progress: 14.73875/72.33333206176758 = 20.4% done in 4871.4s, 19036.0s to go
on time step 58985 (time=14.7462), 0.0757339 s/step
Meep progress: 14.752/72.33333206176758 = 20.4% done in 4875.4s, 19030.2s to go
on time step 59038 (time=14.7595), 0.075529 s/step
Meep progress: 14.76525/72.33333206176758 = 20.4% done in 4879.4s, 19024.4s to go
on time step 59091 (time=14.7728), 0.0760256 s/step
Meep progress: 14.778500000000001/72.33333206176758 = 20.4% done in 4883.4s, 19018.6s to go
on time step 59145 (time=14.7863), 0.0749624 s/step
Meep progress: 14.79175/72.33333206176758 = 20.4% done in 4887.5s, 19012.8s to go
on time step 59198 (time=14.7995), 0.0764146 s/step
Meep progress: 14.805/72.33333206176758 = 20.5% done in 4891.5s, 19007.1s to go
on time step 59251 (time=14.8128), 0.0759209 s/step
Meep progress: 14.818/72.33333206176758 = 20.5% done in 4895.5s, 19001.8s to go
on time step 59303 (time=14.8258), 0.077308 s/step
Meep progress: 14.83125/72.33333206176758 = 20.5% done in 4899.5s, 18996.0s to go
on time step 59355 (time=14.8388), 0.0773147 s/step
Meep progress: 14.84425/72.33333206176758 = 20.5% done in 4903.6s, 18990.6s to go
on time step 59405 (time=14.8513), 0.0808431 s/step
Meep progress: 14.856250000000001/72.33333206176758 = 20.5% done in 4907.6s, 18986.9s to go
on time step 59453 (time=14.8633), 0.0833997 s/step
Meep progress: 14.86875/72.33333206176758 = 20.6% done in 4911.6s, 18982.4s to go
on time step 59506 (time=14.8765), 0.0764145 s/step
Meep progress: 14.882/72.33333206176758 = 20.6% done in 4915.6s, 18976.6s to go
on time step 59560 (time=14.89), 0.0753883 s/step
Meep progress: 14.89525/72.33333206176758 = 20.6% done in 4919.7s, 18971.0s to go
on time step 59613 (time=14.9032), 0.0765796 s/step
Meep progress: 14.9085/72.33333206176758 = 20.6% done in 4923.7s, 18965.2s to go
on time step 59666 (time=14.9165), 0.076071 s/step
Meep progress: 14.921750000000001/72.33333206176758 = 20.6% done in 4927.7s, 18959.5s to go
on time step 59720 (time=14.93), 0.0754332 s/step
Meep progress: 14.935/72.33333206176758 = 20.6% done in 4931.7s, 18953.7s to go
on time step 59773 (time=14.9433), 0.0762271 s/step
Meep progress: 14.94825/72.33333206176758 = 20.7% done in 4935.8s, 18948.1s to go
on time step 59827 (time=14.9567), 0.0752822 s/step
Meep progress: 14.96175/72.33333206176758 = 20.7% done in 4939.8s, 18942.1s to go
on time step 59880 (time=14.97), 0.0762794 s/step
Meep progress: 14.975/72.33333206176758 = 20.7% done in 4943.9s, 18936.5s to go
on time step 59933 (time=14.9832), 0.0756539 s/step
Meep progress: 14.98825/72.33333206176758 = 20.7% done in 4947.9s, 18930.7s to go
on time step 59986 (time=14.9965), 0.0758427 s/step
Meep progress: 15.0015/72.33333206176758 = 20.7% done in 4951.9s, 18924.9s to go
on time step 60039 (time=15.0098), 0.0761411 s/step
Meep progress: 15.0145/72.33333206176758 = 20.8% done in 4956.0s, 18919.8s to go
on time step 60091 (time=15.0228), 0.0774072 s/step
Meep progress: 15.028/72.33333206176758 = 20.8% done in 4960.1s, 18913.9s to go
on time step 60144 (time=15.036), 0.0767758 s/step
Meep progress: 15.041/72.33333206176758 = 20.8% done in 4964.1s, 18908.6s to go
on time step 60197 (time=15.0493), 0.0760827 s/step
Meep progress: 15.05425/72.33333206176758 = 20.8% done in 4968.1s, 18903.0s to go
on time step 60248 (time=15.062), 0.0785557 s/step
Meep progress: 15.06725/72.33333206176758 = 20.8% done in 4972.2s, 18897.8s to go
on time step 60301 (time=15.0753), 0.0755651 s/step
Meep progress: 15.0805/72.33333206176758 = 20.8% done in 4976.2s, 18892.0s to go
on time step 60354 (time=15.0885), 0.0763536 s/step
Meep progress: 15.09375/72.33333206176758 = 20.9% done in 4980.2s, 18886.3s to go
on time step 60408 (time=15.102), 0.0743133 s/step
Meep progress: 15.10725/72.33333206176758 = 20.9% done in 4984.2s, 18880.3s to go
on time step 60461 (time=15.1152), 0.0763334 s/step
Meep progress: 15.1205/72.33333206176758 = 20.9% done in 4988.3s, 18874.6s to go
on time step 60514 (time=15.1285), 0.0754849 s/step
Meep progress: 15.133750000000001/72.33333206176758 = 20.9% done in 4992.3s, 18868.9s to go
on time step 60567 (time=15.1418), 0.0757007 s/step
Meep progress: 15.147/72.33333206176758 = 20.9% done in 4996.3s, 18863.2s to go
on time step 60621 (time=15.1553), 0.074666 s/step
Meep progress: 15.1605/72.33333206176758 = 21.0% done in 5000.3s, 18857.1s to go
on time step 60674 (time=15.1685), 0.0760196 s/step
Meep progress: 15.17375/72.33333206176758 = 21.0% done in 5004.4s, 18851.4s to go
on time step 60727 (time=15.1818), 0.0756926 s/step
Meep progress: 15.187000000000001/72.33333206176758 = 21.0% done in 5008.4s, 18845.8s to go
on time step 60780 (time=15.195), 0.0764231 s/step
Meep progress: 15.20025/72.33333206176758 = 21.0% done in 5012.4s, 18840.2s to go
on time step 60833 (time=15.2082), 0.0754728 s/step
Meep progress: 15.2135/72.33333206176758 = 21.0% done in 5016.5s, 18834.6s to go
on time step 60886 (time=15.2215), 0.0762857 s/step
Meep progress: 15.226750000000001/72.33333206176758 = 21.1% done in 5020.5s, 18828.8s to go
on time step 60940 (time=15.235), 0.0754263 s/step
Meep progress: 15.24/72.33333206176758 = 21.1% done in 5024.5s, 18823.1s to go
on time step 60993 (time=15.2483), 0.0758478 s/step
Meep progress: 15.2535/72.33333206176758 = 21.1% done in 5028.5s, 18817.2s to go
on time step 61046 (time=15.2615), 0.0764852 s/step
Meep progress: 15.2665/72.33333206176758 = 21.1% done in 5032.6s, 18811.9s to go
on time step 61100 (time=15.275), 0.0754213 s/step
Meep progress: 15.280000000000001/72.33333206176758 = 21.1% done in 5036.6s, 18806.0s to go
on time step 61153 (time=15.2882), 0.0759946 s/step
Meep progress: 15.29325/72.33333206176758 = 21.1% done in 5040.6s, 18800.4s to go
on time step 61207 (time=15.3018), 0.0746814 s/step
Meep progress: 15.306750000000001/72.33333206176758 = 21.2% done in 5044.7s, 18794.5s to go
on time step 61259 (time=15.3148), 0.0772076 s/step
Meep progress: 15.32/72.33333206176758 = 21.2% done in 5048.8s, 18788.9s to go
on time step 61313 (time=15.3283), 0.0750208 s/step
Meep progress: 15.3335/72.33333206176758 = 21.2% done in 5052.8s, 18783.1s to go
on time step 61367 (time=15.3418), 0.0754324 s/step
Meep progress: 15.347/72.33333206176758 = 21.2% done in 5056.9s, 18777.2s to go
on time step 61421 (time=15.3552), 0.0750628 s/step
Meep progress: 15.36025/72.33333206176758 = 21.2% done in 5060.9s, 18771.6s to go
on time step 61474 (time=15.3685), 0.0757988 s/step
Meep progress: 15.373750000000001/72.33333206176758 = 21.3% done in 5065.0s, 18765.7s to go
on time step 61527 (time=15.3818), 0.0758403 s/step
Meep progress: 15.387/72.33333206176758 = 21.3% done in 5069.0s, 18760.1s to go
on time step 61581 (time=15.3953), 0.0750456 s/step
Meep progress: 15.400500000000001/72.33333206176758 = 21.3% done in 5073.1s, 18754.2s to go
on time step 61634 (time=15.4085), 0.0758851 s/step
Meep progress: 15.41375/72.33333206176758 = 21.3% done in 5077.1s, 18748.7s to go
on time step 61686 (time=15.4215), 0.0770428 s/step
Meep progress: 15.427/72.33333206176758 = 21.3% done in 5081.2s, 18743.1s to go
on time step 61739 (time=15.4348), 0.0754865 s/step
Meep progress: 15.4405/72.33333206176758 = 21.3% done in 5085.2s, 18737.2s to go
on time step 61793 (time=15.4482), 0.0750487 s/step
Meep progress: 15.454/72.33333206176758 = 21.4% done in 5089.3s, 18731.4s to go
on time step 61846 (time=15.4615), 0.0759471 s/step
Meep progress: 15.467/72.33333206176758 = 21.4% done in 5093.3s, 18726.2s to go
on time step 61899 (time=15.4748), 0.0767783 s/step
Meep progress: 15.480500000000001/72.33333206176758 = 21.4% done in 5097.4s, 18720.3s to go
on time step 61953 (time=15.4883), 0.0750634 s/step
Meep progress: 15.494/72.33333206176758 = 21.4% done in 5101.4s, 18714.4s to go
on time step 62006 (time=15.5015), 0.0758684 s/step
Meep progress: 15.50725/72.33333206176758 = 21.4% done in 5105.5s, 18709.0s to go
on time step 62059 (time=15.5148), 0.0762299 s/step
Meep progress: 15.52075/72.33333206176758 = 21.5% done in 5109.6s, 18703.2s to go
on time step 62113 (time=15.5282), 0.0751645 s/step
Meep progress: 15.534/72.33333206176758 = 21.5% done in 5113.6s, 18697.5s to go
on time step 62167 (time=15.5418), 0.0751944 s/step
Meep progress: 15.547500000000001/72.33333206176758 = 21.5% done in 5117.6s, 18691.5s to go
on time step 62221 (time=15.5553), 0.0746098 s/step
Meep progress: 15.56075/72.33333206176758 = 21.5% done in 5121.6s, 18685.9s to go
on time step 62274 (time=15.5685), 0.0757576 s/step
Meep progress: 15.574/72.33333206176758 = 21.5% done in 5125.6s, 18680.3s to go
on time step 62326 (time=15.5815), 0.077524 s/step
Meep progress: 15.587/72.33333206176758 = 21.5% done in 5129.6s, 18675.1s to go
on time step 62378 (time=15.5945), 0.0783437 s/step
Meep progress: 15.59975/72.33333206176758 = 21.6% done in 5133.7s, 18670.2s to go
on time step 62430 (time=15.6075), 0.0781639 s/step
Meep progress: 15.6125/72.33333206176758 = 21.6% done in 5137.7s, 18665.5s to go
on time step 62481 (time=15.6203), 0.0790259 s/step
Meep progress: 15.625250000000001/72.33333206176758 = 21.6% done in 5141.7s, 18660.7s to go
on time step 62533 (time=15.6333), 0.0770132 s/step
Meep progress: 15.63875/72.33333206176758 = 21.6% done in 5145.8s, 18654.8s to go
on time step 62585 (time=15.6463), 0.0775653 s/step
Meep progress: 15.651250000000001/72.33333206176758 = 21.6% done in 5149.8s, 18650.3s to go
on time step 62633 (time=15.6583), 0.0835731 s/step
Meep progress: 15.66325/72.33333206176758 = 21.7% done in 5153.8s, 18646.7s to go
on time step 62683 (time=15.6707), 0.0809534 s/step
Meep progress: 15.676/72.33333206176758 = 21.7% done in 5157.9s, 18642.0s to go
on time step 62734 (time=15.6835), 0.0798896 s/step
Meep progress: 15.688/72.33333206176758 = 21.7% done in 5162.0s, 18638.6s to go
on time step 62783 (time=15.6958), 0.0823578 s/step
Meep progress: 15.701/72.33333206176758 = 21.7% done in 5166.0s, 18633.3s to go
on time step 62836 (time=15.709), 0.0766224 s/step
Meep progress: 15.71425/72.33333206176758 = 21.7% done in 5170.0s, 18627.7s to go
on time step 62889 (time=15.7223), 0.0757057 s/step
Meep progress: 15.727500000000001/72.33333206176758 = 21.7% done in 5174.1s, 18622.3s to go
on time step 62942 (time=15.7355), 0.076336 s/step
Meep progress: 15.74075/72.33333206176758 = 21.8% done in 5178.1s, 18616.6s to go
on time step 62995 (time=15.7488), 0.0757721 s/step
Meep progress: 15.754/72.33333206176758 = 21.8% done in 5182.1s, 18611.1s to go
on time step 63048 (time=15.762), 0.075844 s/step
Meep progress: 15.7675/72.33333206176758 = 21.8% done in 5186.2s, 18605.3s to go
on time step 63101 (time=15.7752), 0.0758295 s/step
Meep progress: 15.780750000000001/72.33333206176758 = 21.8% done in 5190.2s, 18599.7s to go
on time step 63155 (time=15.7888), 0.0744364 s/step
Meep progress: 15.79425/72.33333206176758 = 21.8% done in 5194.2s, 18593.9s to go
on time step 63207 (time=15.8018), 0.0775016 s/step
Meep progress: 15.80725/72.33333206176758 = 21.9% done in 5198.2s, 18588.7s to go
on time step 63260 (time=15.815), 0.0756861 s/step
Meep progress: 15.820500000000001/72.33333206176758 = 21.9% done in 5202.2s, 18583.1s to go
on time step 63311 (time=15.8277), 0.0792736 s/step
Meep progress: 15.83275/72.33333206176758 = 21.9% done in 5206.3s, 18579.0s to go
on time step 63360 (time=15.84), 0.0824337 s/step
Meep progress: 15.845/72.33333206176758 = 21.9% done in 5210.3s, 18574.9s to go
on time step 63411 (time=15.8528), 0.0796527 s/step
Meep progress: 15.857750000000001/72.33333206176758 = 21.9% done in 5214.3s, 18570.1s to go
on time step 63464 (time=15.866), 0.0767769 s/step
Meep progress: 15.871/72.33333206176758 = 21.9% done in 5218.3s, 18564.6s to go
on time step 63518 (time=15.8795), 0.0747925 s/step
Meep progress: 15.884500000000001/72.33333206176758 = 22.0% done in 5222.4s, 18558.8s to go
on time step 63571 (time=15.8927), 0.0760335 s/step
Meep progress: 15.89775/72.33333206176758 = 22.0% done in 5226.4s, 18553.3s to go
on time step 63624 (time=15.906), 0.0758162 s/step
Meep progress: 15.911/72.33333206176758 = 22.0% done in 5230.4s, 18547.7s to go
on time step 63677 (time=15.9192), 0.075573 s/step
Meep progress: 15.9245/72.33333206176758 = 22.0% done in 5234.5s, 18541.9s to go
on time step 63731 (time=15.9328), 0.0748109 s/step
Meep progress: 15.938/72.33333206176758 = 22.0% done in 5238.5s, 18536.1s to go
on time step 63783 (time=15.9458), 0.0779514 s/step
Meep progress: 15.951/72.33333206176758 = 22.1% done in 5242.6s, 18531.0s to go
on time step 63837 (time=15.9593), 0.0752589 s/step
Meep progress: 15.96425/72.33333206176758 = 22.1% done in 5246.6s, 18525.6s to go
on time step 63890 (time=15.9725), 0.0767506 s/step
Meep progress: 15.97775/72.33333206176758 = 22.1% done in 5250.7s, 18519.9s to go
on time step 63944 (time=15.986), 0.074963 s/step
Meep progress: 15.991/72.33333206176758 = 22.1% done in 5254.7s, 18514.3s to go
on time step 63996 (time=15.999), 0.077122 s/step
Meep progress: 16.004/72.33333206176758 = 22.1% done in 5258.7s, 18509.2s to go
on time step 64049 (time=16.0123), 0.0758056 s/step
Meep progress: 16.017500000000002/72.33333206176758 = 22.1% done in 5262.8s, 18503.4s to go
on time step 64102 (time=16.0255), 0.0755876 s/step
Meep progress: 16.03075/72.33333206176758 = 22.2% done in 5266.8s, 18497.8s to go
on time step 64156 (time=16.039), 0.0748909 s/step
Meep progress: 16.04375/72.33333206176758 = 22.2% done in 5270.9s, 18492.8s to go
on time step 64207 (time=16.0518), 0.0792399 s/step
Meep progress: 16.057/72.33333206176758 = 22.2% done in 5274.9s, 18487.3s to go
on time step 64260 (time=16.065), 0.0763069 s/step
Meep progress: 16.07025/72.33333206176758 = 22.2% done in 5279.0s, 18482.0s to go
on time step 64313 (time=16.0783), 0.0755601 s/step
Meep progress: 16.083750000000002/72.33333206176758 = 22.2% done in 5283.0s, 18476.2s to go
on time step 64367 (time=16.0918), 0.0751361 s/step
Meep progress: 16.097/72.33333206176758 = 22.3% done in 5287.0s, 18470.8s to go
on time step 64420 (time=16.105), 0.0765081 s/step
Meep progress: 16.11025/72.33333206176758 = 22.3% done in 5291.1s, 18465.2s to go
on time step 64473 (time=16.1182), 0.0755916 s/step
Meep progress: 16.1235/72.33333206176758 = 22.3% done in 5295.1s, 18459.7s to go
on time step 64526 (time=16.1315), 0.0757722 s/step
Meep progress: 16.13675/72.33333206176758 = 22.3% done in 5299.1s, 18454.2s to go
on time step 64579 (time=16.1448), 0.0765255 s/step
Meep progress: 16.15/72.33333206176758 = 22.3% done in 5303.1s, 18448.8s to go
on time step 64633 (time=16.1582), 0.0751571 s/step
Meep progress: 16.16325/72.33333206176758 = 22.3% done in 5307.2s, 18443.3s to go
on time step 64686 (time=16.1715), 0.0760989 s/step
Meep progress: 16.176750000000002/72.33333206176758 = 22.4% done in 5311.2s, 18437.5s to go
on time step 64740 (time=16.185), 0.0749435 s/step
Meep progress: 16.19/72.33333206176758 = 22.4% done in 5315.2s, 18432.1s to go
on time step 64792 (time=16.198), 0.0776035 s/step
Meep progress: 16.20325/72.33333206176758 = 22.4% done in 5319.3s, 18426.8s to go
on time step 64844 (time=16.211), 0.0775388 s/step
Meep progress: 16.21625/72.33333206176758 = 22.4% done in 5323.4s, 18421.8s to go
on time step 64896 (time=16.224), 0.0771317 s/step
Meep progress: 16.22925/72.33333206176758 = 22.4% done in 5327.4s, 18416.7s to go
on time step 64947 (time=16.2368), 0.0787739 s/step
Meep progress: 16.242/72.33333206176758 = 22.5% done in 5331.4s, 18412.0s to go
on time step 64999 (time=16.2497), 0.0770919 s/step
Meep progress: 16.25525/72.33333206176758 = 22.5% done in 5335.5s, 18406.5s to go
on time step 65051 (time=16.2628), 0.0769863 s/step
Meep progress: 16.2685/72.33333206176758 = 22.5% done in 5339.5s, 18401.1s to go
on time step 65105 (time=16.2763), 0.0755741 s/step
Meep progress: 16.282/72.33333206176758 = 22.5% done in 5343.6s, 18395.4s to go
on time step 65159 (time=16.2898), 0.0751791 s/step
Meep progress: 16.29525/72.33333206176758 = 22.5% done in 5347.6s, 18390.1s to go
on time step 65212 (time=16.303), 0.0757294 s/step
Meep progress: 16.30875/72.33333206176758 = 22.5% done in 5351.7s, 18384.4s to go
on time step 65265 (time=16.3163), 0.0755488 s/step
Meep progress: 16.32225/72.33333206176758 = 22.6% done in 5355.8s, 18378.7s to go
on time step 65319 (time=16.3298), 0.0749206 s/step
Meep progress: 16.33575/72.33333206176758 = 22.6% done in 5359.8s, 18373.0s to go
on time step 65372 (time=16.343), 0.0761859 s/step
Meep progress: 16.349/72.33333206176758 = 22.6% done in 5363.9s, 18367.6s to go
on time step 65426 (time=16.3565), 0.0753191 s/step
Meep progress: 16.36225/72.33333206176758 = 22.6% done in 5367.9s, 18362.2s to go
on time step 65479 (time=16.3697), 0.0757771 s/step
Meep progress: 16.37575/72.33333206176758 = 22.6% done in 5372.0s, 18356.5s to go
on time step 65532 (time=16.383), 0.0768441 s/step
Meep progress: 16.38875/72.33333206176758 = 22.7% done in 5376.0s, 18351.4s to go
on time step 65585 (time=16.3963), 0.0762307 s/step
Meep progress: 16.402/72.33333206176758 = 22.7% done in 5380.1s, 18346.2s to go
on time step 65637 (time=16.4093), 0.0772976 s/step
Meep progress: 16.41525/72.33333206176758 = 22.7% done in 5384.1s, 18340.8s to go
on time step 65691 (time=16.4228), 0.075065 s/step
Meep progress: 16.42875/72.33333206176758 = 22.7% done in 5388.1s, 18335.0s to go
on time step 65745 (time=16.4363), 0.075398 s/step
Meep progress: 16.442/72.33333206176758 = 22.7% done in 5392.2s, 18329.6s to go
on time step 65797 (time=16.4492), 0.0772347 s/step
Meep progress: 16.455000000000002/72.33333206176758 = 22.7% done in 5396.2s, 18324.5s to go
on time step 65850 (time=16.4625), 0.0761554 s/step
Meep progress: 16.46825/72.33333206176758 = 22.8% done in 5400.2s, 18319.1s to go
on time step 65903 (time=16.4758), 0.0760214 s/step
Meep progress: 16.4815/72.33333206176758 = 22.8% done in 5404.2s, 18313.5s to go
on time step 65956 (time=16.489), 0.0757189 s/step
Meep progress: 16.49475/72.33333206176758 = 22.8% done in 5408.2s, 18308.2s to go
on time step 66009 (time=16.5023), 0.0755226 s/step
Meep progress: 16.50825/72.33333206176758 = 22.8% done in 5412.3s, 18302.5s to go
on time step 66063 (time=16.5158), 0.0748886 s/step
Meep progress: 16.52175/72.33333206176758 = 22.8% done in 5416.3s, 18296.8s to go
on time step 66117 (time=16.5293), 0.0746512 s/step
Meep progress: 16.53525/72.33333206176758 = 22.9% done in 5420.4s, 18291.1s to go
on time step 66170 (time=16.5425), 0.075928 s/step
Meep progress: 16.5485/72.33333206176758 = 22.9% done in 5424.4s, 18285.7s to go
on time step 66223 (time=16.5557), 0.0765638 s/step
Meep progress: 16.5615/72.33333206176758 = 22.9% done in 5428.5s, 18280.7s to go
on time step 66276 (time=16.569), 0.0763556 s/step
Meep progress: 16.575/72.33333206176758 = 22.9% done in 5432.5s, 18275.0s to go
on time step 66329 (time=16.5823), 0.0756551 s/step
Meep progress: 16.58825/72.33333206176758 = 22.9% done in 5436.6s, 18269.7s to go
on time step 66382 (time=16.5955), 0.0762892 s/step
Meep progress: 16.6015/72.33333206176758 = 23.0% done in 5440.7s, 18264.6s to go
on time step 66434 (time=16.6085), 0.077739 s/step
Meep progress: 16.61475/72.33333206176758 = 23.0% done in 5444.7s, 18259.2s to go
on time step 66487 (time=16.6217), 0.0756433 s/step
Meep progress: 16.628/72.33333206176758 = 23.0% done in 5448.7s, 18253.8s to go
on time step 66540 (time=16.635), 0.0763949 s/step
Meep progress: 16.64125/72.33333206176758 = 23.0% done in 5452.8s, 18248.6s to go
on time step 66592 (time=16.648), 0.0781887 s/step
Meep progress: 16.65425/72.33333206176758 = 23.0% done in 5456.9s, 18243.6s to go
on time step 66645 (time=16.6612), 0.0764902 s/step
Meep progress: 16.66775/72.33333206176758 = 23.0% done in 5460.9s, 18237.9s to go
on time step 66699 (time=16.6747), 0.0748916 s/step
Meep progress: 16.681/72.33333206176758 = 23.1% done in 5464.9s, 18232.5s to go
on time step 66752 (time=16.688), 0.0768703 s/step
Meep progress: 16.69425/72.33333206176758 = 23.1% done in 5469.0s, 18227.3s to go
on time step 66806 (time=16.7015), 0.0752678 s/step
Meep progress: 16.70775/72.33333206176758 = 23.1% done in 5473.1s, 18221.6s to go
on time step 66860 (time=16.715), 0.0751761 s/step
Meep progress: 16.72125/72.33333206176758 = 23.1% done in 5477.1s, 18216.0s to go
on time step 66914 (time=16.7285), 0.0751146 s/step
Meep progress: 16.7345/72.33333206176758 = 23.1% done in 5481.1s, 18210.5s to go
on time step 66967 (time=16.7417), 0.0760887 s/step
Meep progress: 16.74775/72.33333206176758 = 23.2% done in 5485.1s, 18205.1s to go
on time step 67019 (time=16.7548), 0.0770655 s/step
Meep progress: 16.76075/72.33333206176758 = 23.2% done in 5489.2s, 18200.2s to go
on time step 67072 (time=16.768), 0.0757026 s/step
Meep progress: 16.774250000000002/72.33333206176758 = 23.2% done in 5493.2s, 18194.5s to go
on time step 67125 (time=16.7812), 0.0759981 s/step
Meep progress: 16.78725/72.33333206176758 = 23.2% done in 5497.3s, 18189.5s to go
on time step 67177 (time=16.7943), 0.077728 s/step
Meep progress: 16.800250000000002/72.33333206176758 = 23.2% done in 5501.3s, 18184.5s to go
on time step 67229 (time=16.8072), 0.0772871 s/step
Meep progress: 16.81325/72.33333206176758 = 23.2% done in 5505.3s, 18179.4s to go
on time step 67281 (time=16.8203), 0.077359 s/step
Meep progress: 16.82575/72.33333206176758 = 23.3% done in 5509.3s, 18175.1s to go
on time step 67328 (time=16.832), 0.0862179 s/step
Meep progress: 16.83725/72.33333206176758 = 23.3% done in 5513.4s, 18172.4s to go
on time step 67376 (time=16.844), 0.0837211 s/step
Meep progress: 16.84975/72.33333206176758 = 23.3% done in 5517.4s, 18168.0s to go
on time step 67426 (time=16.8565), 0.0800923 s/step
Meep progress: 16.862750000000002/72.33333206176758 = 23.3% done in 5521.5s, 18163.1s to go
on time step 67478 (time=16.8695), 0.0770922 s/step
Meep progress: 16.876/72.33333206176758 = 23.3% done in 5525.5s, 18157.8s to go
on time step 67531 (time=16.8828), 0.07688 s/step
Meep progress: 16.88925/72.33333206176758 = 23.3% done in 5529.6s, 18152.6s to go
on time step 67584 (time=16.896), 0.0767655 s/step
Meep progress: 16.90225/72.33333206176758 = 23.4% done in 5533.6s, 18147.6s to go
on time step 67636 (time=16.909), 0.0771558 s/step
Meep progress: 16.9155/72.33333206176758 = 23.4% done in 5537.7s, 18142.3s to go
on time step 67689 (time=16.9223), 0.0766924 s/step
Meep progress: 16.928250000000002/72.33333206176758 = 23.4% done in 5541.7s, 18137.6s to go
on time step 67739 (time=16.9348), 0.0804759 s/step
Meep progress: 16.94025/72.33333206176758 = 23.4% done in 5545.7s, 18134.1s to go
on time step 67781 (time=16.9453), 0.0953686 s/step
Meep progress: 16.951/72.33333206176758 = 23.4% done in 5549.8s, 18132.3s to go
on time step 67829 (time=16.9573), 0.0841111 s/step
Meep progress: 16.9635/72.33333206176758 = 23.5% done in 5553.8s, 18128.0s to go
on time step 67880 (time=16.97), 0.0797119 s/step
Meep progress: 16.97575/72.33333206176758 = 23.5% done in 5557.8s, 18124.0s to go
on time step 67929 (time=16.9823), 0.0826899 s/step
Meep progress: 16.98825/72.33333206176758 = 23.5% done in 5561.9s, 18119.8s to go
on time step 67980 (time=16.995), 0.0791588 s/step
Meep progress: 17.001/72.33333206176758 = 23.5% done in 5565.9s, 18115.1s to go
on time step 68032 (time=17.008), 0.0777291 s/step
Meep progress: 17.01375/72.33333206176758 = 23.5% done in 5569.9s, 18110.4s to go
on time step 68082 (time=17.0205), 0.0813137 s/step
Meep progress: 17.0265/72.33333206176758 = 23.5% done in 5574.0s, 18105.8s to go
on time step 68133 (time=17.0332), 0.0785245 s/step
Meep progress: 17.03925/72.33333206176758 = 23.6% done in 5578.0s, 18101.3s to go
on time step 68184 (time=17.046), 0.0790413 s/step
Meep progress: 17.052500000000002/72.33333206176758 = 23.6% done in 5582.1s, 18096.0s to go
on time step 68238 (time=17.0595), 0.0742027 s/step
Meep progress: 17.066/72.33333206176758 = 23.6% done in 5586.1s, 18090.4s to go
on time step 68290 (time=17.0725), 0.0780897 s/step
Meep progress: 17.07875/72.33333206176758 = 23.6% done in 5590.2s, 18085.8s to go
on time step 68342 (time=17.0855), 0.0783079 s/step
Meep progress: 17.09175/72.33333206176758 = 23.6% done in 5594.2s, 18080.9s to go
on time step 68395 (time=17.0987), 0.0762428 s/step
Meep progress: 17.10525/72.33333206176758 = 23.6% done in 5598.3s, 18075.2s to go
on time step 68447 (time=17.1118), 0.0771978 s/step
Meep progress: 17.11775/72.33333206176758 = 23.7% done in 5602.3s, 18070.9s to go
on time step 68498 (time=17.1245), 0.07945 s/step
Meep progress: 17.13025/72.33333206176758 = 23.7% done in 5606.3s, 18066.6s to go
on time step 68548 (time=17.137), 0.0805858 s/step
Meep progress: 17.143250000000002/72.33333206176758 = 23.7% done in 5610.3s, 18061.6s to go
on time step 68600 (time=17.15), 0.0787003 s/step
Meep progress: 17.1555/72.33333206176758 = 23.7% done in 5614.4s, 18057.8s to go
on time step 68650 (time=17.1625), 0.0808214 s/step
Meep progress: 17.1685/72.33333206176758 = 23.7% done in 5618.5s, 18052.9s to go
on time step 68702 (time=17.1755), 0.0783979 s/step
Meep progress: 17.181250000000002/72.33333206176758 = 23.8% done in 5622.5s, 18048.3s to go
on time step 68753 (time=17.1883), 0.0796087 s/step
Meep progress: 17.19425/72.33333206176758 = 23.8% done in 5626.5s, 18043.3s to go
on time step 68807 (time=17.2018), 0.0749356 s/step
Meep progress: 17.20775/72.33333206176758 = 23.8% done in 5630.6s, 18037.7s to go
on time step 68860 (time=17.215), 0.076251 s/step
Meep progress: 17.221/72.33333206176758 = 23.8% done in 5634.7s, 18032.6s to go
on time step 68912 (time=17.228), 0.078272 s/step
Meep progress: 17.23375/72.33333206176758 = 23.8% done in 5638.7s, 18028.1s to go
on time step 68963 (time=17.2408), 0.0788747 s/step
Meep progress: 17.247/72.33333206176758 = 23.8% done in 5642.8s, 18022.8s to go
on time step 69016 (time=17.254), 0.0758718 s/step
Meep progress: 17.25975/72.33333206176758 = 23.9% done in 5646.8s, 18018.1s to go
on time step 69066 (time=17.2665), 0.0804426 s/step
Meep progress: 17.2725/72.33333206176758 = 23.9% done in 5650.8s, 18013.5s to go
on time step 69117 (time=17.2793), 0.0786019 s/step
Meep progress: 17.28525/72.33333206176758 = 23.9% done in 5654.8s, 18008.9s to go
on time step 69169 (time=17.2922), 0.0777406 s/step
Meep progress: 17.29825/72.33333206176758 = 23.9% done in 5658.9s, 18003.9s to go
on time step 69221 (time=17.3053), 0.0775633 s/step
Meep progress: 17.311/72.33333206176758 = 23.9% done in 5662.9s, 17999.4s to go
on time step 69270 (time=17.3175), 0.0819659 s/step
Meep progress: 17.32375/72.33333206176758 = 23.9% done in 5667.0s, 17994.9s to go
on time step 69322 (time=17.3305), 0.0775247 s/step
Meep progress: 17.336750000000002/72.33333206176758 = 24.0% done in 5671.1s, 17990.0s to go
on time step 69374 (time=17.3435), 0.0778756 s/step
Meep progress: 17.34975/72.33333206176758 = 24.0% done in 5675.1s, 17985.1s to go
on time step 69426 (time=17.3565), 0.0783106 s/step
Meep progress: 17.363/72.33333206176758 = 24.0% done in 5679.2s, 17979.9s to go
on time step 69479 (time=17.3697), 0.0766008 s/step
Meep progress: 17.376/72.33333206176758 = 24.0% done in 5683.2s, 17975.0s to go
on time step 69531 (time=17.3828), 0.078243 s/step
Meep progress: 17.389/72.33333206176758 = 24.0% done in 5687.3s, 17970.1s to go
on time step 69584 (time=17.396), 0.0766532 s/step
Meep progress: 17.40225/72.33333206176758 = 24.1% done in 5691.3s, 17964.9s to go
on time step 69637 (time=17.4093), 0.0762692 s/step
Meep progress: 17.4155/72.33333206176758 = 24.1% done in 5695.3s, 17959.6s to go
on time step 69690 (time=17.4225), 0.0763691 s/step
Meep progress: 17.4285/72.33333206176758 = 24.1% done in 5699.4s, 17954.6s to go
on time step 69742 (time=17.4355), 0.0783493 s/step
Meep progress: 17.4415/72.33333206176758 = 24.1% done in 5703.4s, 17949.7s to go
on time step 69795 (time=17.4488), 0.0766875 s/step
Meep progress: 17.454250000000002/72.33333206176758 = 24.1% done in 5707.5s, 17945.2s to go
on time step 69843 (time=17.4608), 0.0838377 s/step
Meep progress: 17.46625/72.33333206176758 = 24.1% done in 5711.5s, 17941.7s to go
on time step 69891 (time=17.4728), 0.0842011 s/step
Meep progress: 17.47825/72.33333206176758 = 24.2% done in 5715.6s, 17938.2s to go
on time step 69939 (time=17.4848), 0.0846366 s/step
Meep progress: 17.4905/72.33333206176758 = 24.2% done in 5719.6s, 17934.4s to go
on time step 69988 (time=17.497), 0.0832882 s/step
Meep progress: 17.5025/72.33333206176758 = 24.2% done in 5723.7s, 17930.8s to go
on time step 70036 (time=17.509), 0.0849707 s/step
Meep progress: 17.51425/72.33333206176758 = 24.2% done in 5727.8s, 17927.7s to go
on time step 70083 (time=17.5207), 0.0864539 s/step
Meep progress: 17.52625/72.33333206176758 = 24.2% done in 5731.8s, 17924.3s to go
on time step 70131 (time=17.5328), 0.0850384 s/step
Meep progress: 17.538/72.33333206176758 = 24.2% done in 5735.9s, 17921.0s to go
on time step 70177 (time=17.5443), 0.0887815 s/step
Meep progress: 17.549/72.33333206176758 = 24.3% done in 5739.9s, 17918.7s to go
on time step 70220 (time=17.555), 0.0938229 s/step
Meep progress: 17.55975/72.33333206176758 = 24.3% done in 5743.9s, 17916.7s to go
on time step 70266 (time=17.5665), 0.0870388 s/step
Meep progress: 17.5715/72.33333206176758 = 24.3% done in 5747.9s, 17913.5s to go
on time step 70311 (time=17.5778), 0.0903544 s/step
Meep progress: 17.581/72.33333206176758 = 24.3% done in 5752.1s, 17913.8s to go
on time step 70341 (time=17.5853), 0.135362 s/step
Meep progress: 17.59025/72.33333206176758 = 24.3% done in 5756.2s, 17914.0s to go
on time step 70384 (time=17.596), 0.0932413 s/step
Meep progress: 17.601/72.33333206176758 = 24.3% done in 5760.2s, 17912.0s to go
on time step 70430 (time=17.6075), 0.0889208 s/step
Meep progress: 17.61225/72.33333206176758 = 24.3% done in 5764.2s, 17909.4s to go
on time step 70475 (time=17.6188), 0.0902654 s/step
Meep progress: 17.624/72.33333206176758 = 24.4% done in 5768.3s, 17906.1s to go
on time step 70520 (time=17.63), 0.0902852 s/step
Meep progress: 17.63525/72.33333206176758 = 24.4% done in 5772.3s, 17903.7s to go
on time step 70567 (time=17.6418), 0.0856465 s/step
Meep progress: 17.647000000000002/72.33333206176758 = 24.4% done in 5776.4s, 17900.6s to go
on time step 70613 (time=17.6532), 0.0873993 s/step
Meep progress: 17.657/72.33333206176758 = 24.4% done in 5780.4s, 17899.6s to go
on time step 70655 (time=17.6638), 0.0970358 s/step
Meep progress: 17.66875/72.33333206176758 = 24.4% done in 5784.5s, 17896.4s to go
on time step 70701 (time=17.6753), 0.0886176 s/step
Meep progress: 17.68025/72.33333206176758 = 24.4% done in 5788.5s, 17893.4s to go
on time step 70750 (time=17.6875), 0.08326 s/step
Meep progress: 17.6925/72.33333206176758 = 24.5% done in 5792.5s, 17889.3s to go
on time step 70799 (time=17.6998), 0.0832084 s/step
Meep progress: 17.7045/72.33333206176758 = 24.5% done in 5796.5s, 17885.8s to go
on time step 70846 (time=17.7115), 0.0860514 s/step
Meep progress: 17.71625/72.33333206176758 = 24.5% done in 5800.6s, 17882.5s to go
on time step 70893 (time=17.7233), 0.0854906 s/step
Meep progress: 17.72725/72.33333206176758 = 24.5% done in 5804.6s, 17880.2s to go
on time step 70934 (time=17.7335), 0.098827 s/step
Meep progress: 17.738/72.33333206176758 = 24.5% done in 5808.7s, 17878.3s to go
on time step 70978 (time=17.7445), 0.0926075 s/step
Meep progress: 17.749/72.33333206176758 = 24.5% done in 5812.7s, 17876.1s to go
on time step 71022 (time=17.7555), 0.0919443 s/step
Meep progress: 17.76025/72.33333206176758 = 24.6% done in 5816.8s, 17873.6s to go
on time step 71070 (time=17.7675), 0.084994 s/step
Meep progress: 17.77225/72.33333206176758 = 24.6% done in 5820.9s, 17870.1s to go
on time step 71120 (time=17.78), 0.0805328 s/step
Meep progress: 17.78525/72.33333206176758 = 24.6% done in 5824.9s, 17865.3s to go
on time step 71171 (time=17.7928), 0.0795257 s/step
Meep progress: 17.798000000000002/72.33333206176758 = 24.6% done in 5828.9s, 17860.6s to go
on time step 71225 (time=17.8063), 0.0753607 s/step
Meep progress: 17.81125/72.33333206176758 = 24.6% done in 5832.9s, 17855.2s to go
on time step 71278 (time=17.8195), 0.0765255 s/step
Meep progress: 17.8245/72.33333206176758 = 24.6% done in 5837.0s, 17850.0s to go
on time step 71330 (time=17.8325), 0.0769829 s/step
Meep progress: 17.837500000000002/72.33333206176758 = 24.7% done in 5841.0s, 17845.1s to go
on time step 71382 (time=17.8455), 0.0778602 s/step
Meep progress: 17.8505/72.33333206176758 = 24.7% done in 5845.0s, 17840.1s to go
on time step 71434 (time=17.8585), 0.0772628 s/step
Meep progress: 17.863500000000002/72.33333206176758 = 24.7% done in 5849.1s, 17835.2s to go
on time step 71487 (time=17.8717), 0.0756257 s/step
Meep progress: 17.877/72.33333206176758 = 24.7% done in 5853.1s, 17829.7s to go
on time step 71540 (time=17.885), 0.075996 s/step
Meep progress: 17.89025/72.33333206176758 = 24.7% done in 5857.2s, 17824.5s to go
on time step 71592 (time=17.898), 0.0772865 s/step
Meep progress: 17.90325/72.33333206176758 = 24.8% done in 5861.2s, 17819.5s to go
on time step 71643 (time=17.9108), 0.0788081 s/step
Meep progress: 17.916/72.33333206176758 = 24.8% done in 5865.3s, 17814.9s to go
on time step 71695 (time=17.9238), 0.0770294 s/step
Meep progress: 17.92925/72.33333206176758 = 24.8% done in 5869.3s, 17809.7s to go
on time step 71748 (time=17.937), 0.0764734 s/step
Meep progress: 17.9425/72.33333206176758 = 24.8% done in 5873.4s, 17804.5s to go
on time step 71800 (time=17.95), 0.0784029 s/step
Meep progress: 17.95525/72.33333206176758 = 24.8% done in 5877.4s, 17799.8s to go
on time step 71853 (time=17.9632), 0.0765964 s/step
Meep progress: 17.9685/72.33333206176758 = 24.8% done in 5881.4s, 17794.6s to go
on time step 71906 (time=17.9765), 0.0762982 s/step
Meep progress: 17.98175/72.33333206176758 = 24.9% done in 5885.5s, 17789.4s to go
on time step 71959 (time=17.9898), 0.0764136 s/step
Meep progress: 17.995/72.33333206176758 = 24.9% done in 5889.5s, 17784.2s to go
on time step 72012 (time=18.003), 0.0756355 s/step
Meep progress: 18.00825/72.33333206176758 = 24.9% done in 5893.5s, 17778.9s to go
on time step 72065 (time=18.0162), 0.0761943 s/step
Meep progress: 18.0215/72.33333206176758 = 24.9% done in 5897.6s, 17773.6s to go
on time step 72118 (time=18.0295), 0.075959 s/step
Meep progress: 18.03475/72.33333206176758 = 24.9% done in 5901.6s, 17768.3s to go
on time step 72171 (time=18.0428), 0.0760661 s/step
Meep progress: 18.048000000000002/72.33333206176758 = 25.0% done in 5905.6s, 17763.1s to go
on time step 72225 (time=18.0563), 0.0750558 s/step
Meep progress: 18.0615/72.33333206176758 = 25.0% done in 5909.7s, 17757.6s to go
on time step 72278 (time=18.0695), 0.0761715 s/step
Meep progress: 18.07475/72.33333206176758 = 25.0% done in 5913.7s, 17752.4s to go
on time step 72330 (time=18.0825), 0.0773698 s/step
Meep progress: 18.08775/72.33333206176758 = 25.0% done in 5917.8s, 17747.5s to go
on time step 72383 (time=18.0957), 0.0758848 s/step
Meep progress: 18.101/72.33333206176758 = 25.0% done in 5921.8s, 17742.2s to go
on time step 72436 (time=18.109), 0.0767841 s/step
Meep progress: 18.114250000000002/72.33333206176758 = 25.0% done in 5925.8s, 17737.0s to go
on time step 72489 (time=18.1223), 0.0765837 s/step
Meep progress: 18.1275/72.33333206176758 = 25.1% done in 5929.9s, 17731.9s to go
on time step 72541 (time=18.1352), 0.0783429 s/step
Meep progress: 18.1405/72.33333206176758 = 25.1% done in 5934.0s, 17727.1s to go
on time step 72594 (time=18.1485), 0.0755354 s/step
Meep progress: 18.15375/72.33333206176758 = 25.1% done in 5938.0s, 17721.7s to go
on time step 72647 (time=18.1618), 0.0756731 s/step
Meep progress: 18.167/72.33333206176758 = 25.1% done in 5942.0s, 17716.5s to go
on time step 72700 (time=18.175), 0.0760027 s/step
Meep progress: 18.18025/72.33333206176758 = 25.1% done in 5946.0s, 17711.2s to go
on time step 72753 (time=18.1883), 0.076335 s/step
Meep progress: 18.1935/72.33333206176758 = 25.2% done in 5950.0s, 17706.0s to go
on time step 72807 (time=18.2018), 0.0750993 s/step
Meep progress: 18.20675/72.33333206176758 = 25.2% done in 5954.0s, 17700.7s to go
on time step 72860 (time=18.215), 0.0760299 s/step
Meep progress: 18.22/72.33333206176758 = 25.2% done in 5958.1s, 17695.4s to go
on time step 72913 (time=18.2282), 0.0755717 s/step
Meep progress: 18.23325/72.33333206176758 = 25.2% done in 5962.1s, 17690.2s to go
on time step 72966 (time=18.2415), 0.0762389 s/step
Meep progress: 18.2465/72.33333206176758 = 25.2% done in 5966.1s, 17684.9s to go
on time step 73019 (time=18.2548), 0.0767964 s/step
Meep progress: 18.2595/72.33333206176758 = 25.2% done in 5970.1s, 17680.0s to go
on time step 73072 (time=18.268), 0.0761205 s/step
Meep progress: 18.272750000000002/72.33333206176758 = 25.3% done in 5974.2s, 17674.8s to go
on time step 73125 (time=18.2812), 0.0766903 s/step
Meep progress: 18.28575/72.33333206176758 = 25.3% done in 5978.2s, 17669.8s to go
on time step 73177 (time=18.2943), 0.0779052 s/step
Meep progress: 18.298750000000002/72.33333206176758 = 25.3% done in 5982.2s, 17664.8s to go
on time step 73230 (time=18.3075), 0.075671 s/step
Meep progress: 18.312/72.33333206176758 = 25.3% done in 5986.2s, 17659.6s to go
on time step 73283 (time=18.3208), 0.0767774 s/step
Meep progress: 18.325/72.33333206176758 = 25.3% done in 5990.2s, 17654.7s to go
on time step 73335 (time=18.3338), 0.0770159 s/step
Meep progress: 18.33825/72.33333206176758 = 25.4% done in 5994.3s, 17649.5s to go
on time step 73388 (time=18.347), 0.0759252 s/step
Meep progress: 18.3515/72.33333206176758 = 25.4% done in 5998.3s, 17644.3s to go
on time step 73441 (time=18.3603), 0.0759143 s/step
Meep progress: 18.36475/72.33333206176758 = 25.4% done in 6002.3s, 17639.1s to go
on time step 73494 (time=18.3735), 0.0767586 s/step
Meep progress: 18.378/72.33333206176758 = 25.4% done in 6006.4s, 17634.0s to go
on time step 73547 (time=18.3867), 0.0764646 s/step
Meep progress: 18.39125/72.33333206176758 = 25.4% done in 6010.4s, 17628.8s to go
on time step 73601 (time=18.4002), 0.0753377 s/step
Meep progress: 18.40475/72.33333206176758 = 25.4% done in 6014.5s, 17623.4s to go
on time step 73655 (time=18.4138), 0.0753905 s/step
Meep progress: 18.418/72.33333206176758 = 25.5% done in 6018.5s, 17618.1s to go
on time step 73709 (time=18.4273), 0.075425 s/step
Meep progress: 18.431250000000002/72.33333206176758 = 25.5% done in 6022.5s, 17612.9s to go
on time step 73762 (time=18.4405), 0.0759448 s/step
Meep progress: 18.4445/72.33333206176758 = 25.5% done in 6026.5s, 17607.6s to go
on time step 73814 (time=18.4535), 0.076926 s/step
Meep progress: 18.45775/72.33333206176758 = 25.5% done in 6030.6s, 17602.5s to go
on time step 73867 (time=18.4668), 0.0756687 s/step
Meep progress: 18.471/72.33333206176758 = 25.5% done in 6034.6s, 17597.3s to go
on time step 73920 (time=18.48), 0.0764955 s/step
Meep progress: 18.48425/72.33333206176758 = 25.6% done in 6038.7s, 17592.2s to go
on time step 73972 (time=18.493), 0.0781967 s/step
Meep progress: 18.49725/72.33333206176758 = 25.6% done in 6042.8s, 17587.4s to go
on time step 74025 (time=18.5063), 0.0768072 s/step
Meep progress: 18.5105/72.33333206176758 = 25.6% done in 6046.8s, 17582.3s to go
on time step 74077 (time=18.5192), 0.0777589 s/step
Meep progress: 18.523500000000002/72.33333206176758 = 25.6% done in 6050.9s, 17577.5s to go
on time step 74129 (time=18.5323), 0.0773052 s/step
Meep progress: 18.5365/72.33333206176758 = 25.6% done in 6054.9s, 17572.6s to go
on time step 74182 (time=18.5455), 0.0755479 s/step
Meep progress: 18.55/72.33333206176758 = 25.6% done in 6059.0s, 17567.1s to go
on time step 74235 (time=18.5587), 0.075843 s/step
Meep progress: 18.56325/72.33333206176758 = 25.7% done in 6063.0s, 17562.0s to go
on time step 74288 (time=18.572), 0.0755208 s/step
Meep progress: 18.5765/72.33333206176758 = 25.7% done in 6067.0s, 17556.8s to go
on time step 74341 (time=18.5853), 0.0764461 s/step
Meep progress: 18.58975/72.33333206176758 = 25.7% done in 6071.0s, 17551.6s to go
on time step 74395 (time=18.5987), 0.075579 s/step
Meep progress: 18.603/72.33333206176758 = 25.7% done in 6075.1s, 17546.4s to go
on time step 74448 (time=18.612), 0.0760051 s/step
Meep progress: 18.61625/72.33333206176758 = 25.7% done in 6079.1s, 17541.1s to go
on time step 74501 (time=18.6253), 0.0760082 s/step
Meep progress: 18.6295/72.33333206176758 = 25.8% done in 6083.1s, 17536.0s to go
on time step 74554 (time=18.6385), 0.075668 s/step
Meep progress: 18.64275/72.33333206176758 = 25.8% done in 6087.2s, 17530.9s to go
on time step 74606 (time=18.6515), 0.0781034 s/step
Meep progress: 18.656/72.33333206176758 = 25.8% done in 6091.3s, 17525.9s to go
on time step 74659 (time=18.6648), 0.0762533 s/step
Meep progress: 18.66925/72.33333206176758 = 25.8% done in 6095.3s, 17520.8s to go
on time step 74712 (time=18.678), 0.0767624 s/step
Meep progress: 18.68225/72.33333206176758 = 25.8% done in 6099.3s, 17515.9s to go
on time step 74764 (time=18.691), 0.0775654 s/step
Meep progress: 18.69525/72.33333206176758 = 25.8% done in 6103.4s, 17511.0s to go
on time step 74817 (time=18.7043), 0.0762878 s/step
Meep progress: 18.7085/72.33333206176758 = 25.9% done in 6107.4s, 17505.8s to go
on time step 74870 (time=18.7175), 0.0763444 s/step
Meep progress: 18.72175/72.33333206176758 = 25.9% done in 6111.4s, 17500.7s to go
on time step 74921 (time=18.7303), 0.0786204 s/step
Meep progress: 18.7345/72.33333206176758 = 25.9% done in 6115.5s, 17496.1s to go
on time step 74974 (time=18.7435), 0.076489 s/step
Meep progress: 18.74775/72.33333206176758 = 25.9% done in 6119.5s, 17491.0s to go
on time step 75027 (time=18.7568), 0.0765298 s/step
Meep progress: 18.761/72.33333206176758 = 25.9% done in 6123.5s, 17485.9s to go
on time step 75080 (time=18.77), 0.0757666 s/step
Meep progress: 18.774250000000002/72.33333206176758 = 26.0% done in 6127.6s, 17480.8s to go
on time step 75133 (time=18.7832), 0.0759344 s/step
Meep progress: 18.78775/72.33333206176758 = 26.0% done in 6131.6s, 17475.3s to go
on time step 75187 (time=18.7967), 0.0750672 s/step
Meep progress: 18.801000000000002/72.33333206176758 = 26.0% done in 6135.7s, 17470.1s to go
on time step 75240 (time=18.81), 0.0761659 s/step
Meep progress: 18.81425/72.33333206176758 = 26.0% done in 6139.7s, 17464.9s to go
on time step 75293 (time=18.8233), 0.0757101 s/step
Meep progress: 18.8275/72.33333206176758 = 26.0% done in 6143.7s, 17459.7s to go
on time step 75347 (time=18.8368), 0.0753375 s/step
Meep progress: 18.84075/72.33333206176758 = 26.0% done in 6147.7s, 17454.6s to go
on time step 75399 (time=18.8498), 0.0776109 s/step
Meep progress: 18.85375/72.33333206176758 = 26.1% done in 6151.7s, 17449.7s to go
on time step 75452 (time=18.863), 0.0767828 s/step
Meep progress: 18.86675/72.33333206176758 = 26.1% done in 6155.8s, 17444.8s to go
on time step 75504 (time=18.876), 0.0769953 s/step
Meep progress: 18.88/72.33333206176758 = 26.1% done in 6159.8s, 17439.7s to go
on time step 75557 (time=18.8893), 0.0765728 s/step
Meep progress: 18.893/72.33333206176758 = 26.1% done in 6163.8s, 17434.8s to go
on time step 75610 (time=18.9025), 0.0755769 s/step
Meep progress: 18.9065/72.33333206176758 = 26.1% done in 6167.9s, 17429.4s to go
on time step 75663 (time=18.9157), 0.0757528 s/step
Meep progress: 18.9195/72.33333206176758 = 26.2% done in 6171.9s, 17424.5s to go
on time step 75715 (time=18.9288), 0.0783011 s/step
Meep progress: 18.9325/72.33333206176758 = 26.2% done in 6175.9s, 17419.7s to go
on time step 75768 (time=18.942), 0.0765687 s/step
Meep progress: 18.94575/72.33333206176758 = 26.2% done in 6179.9s, 17414.6s to go
on time step 75822 (time=18.9555), 0.0750484 s/step
Meep progress: 18.95925/72.33333206176758 = 26.2% done in 6184.0s, 17409.2s to go
on time step 75875 (time=18.9688), 0.0759842 s/step
Meep progress: 18.9725/72.33333206176758 = 26.2% done in 6188.0s, 17404.1s to go
on time step 75928 (time=18.982), 0.0759079 s/step
Meep progress: 18.986/72.33333206176758 = 26.2% done in 6192.1s, 17398.8s to go
on time step 75982 (time=18.9955), 0.0753982 s/step
Meep progress: 18.99925/72.33333206176758 = 26.3% done in 6196.1s, 17393.6s to go
on time step 76036 (time=19.009), 0.0754111 s/step
Meep progress: 19.01275/72.33333206176758 = 26.3% done in 6200.2s, 17388.2s to go
on time step 76089 (time=19.0222), 0.0759826 s/step
Meep progress: 19.026/72.33333206176758 = 26.3% done in 6204.2s, 17383.0s to go
on time step 76142 (time=19.0355), 0.075607 s/step
Meep progress: 19.03925/72.33333206176758 = 26.3% done in 6208.2s, 17377.8s to go
on time step 76196 (time=19.049), 0.0747057 s/step
Meep progress: 19.05275/72.33333206176758 = 26.3% done in 6212.2s, 17372.4s to go
on time step 76250 (time=19.0625), 0.0753018 s/step
Meep progress: 19.066/72.33333206176758 = 26.4% done in 6216.2s, 17367.2s to go
on time step 76303 (time=19.0757), 0.07577 s/step
Meep progress: 19.079250000000002/72.33333206176758 = 26.4% done in 6220.3s, 17362.1s to go
on time step 76356 (time=19.089), 0.0767489 s/step
Meep progress: 19.0925/72.33333206176758 = 26.4% done in 6224.3s, 17357.0s to go
on time step 76410 (time=19.1025), 0.0750738 s/step
Meep progress: 19.106/72.33333206176758 = 26.4% done in 6228.4s, 17351.6s to go
on time step 76464 (time=19.116), 0.0752113 s/step
Meep progress: 19.11925/72.33333206176758 = 26.4% done in 6232.4s, 17346.6s to go
on time step 76516 (time=19.129), 0.0770711 s/step
Meep progress: 19.1325/72.33333206176758 = 26.5% done in 6236.5s, 17341.5s to go
on time step 76569 (time=19.1423), 0.0760379 s/step
Meep progress: 19.146/72.33333206176758 = 26.5% done in 6240.6s, 17336.2s to go
on time step 76623 (time=19.1558), 0.0754286 s/step
Meep progress: 19.1595/72.33333206176758 = 26.5% done in 6244.6s, 17330.9s to go
on time step 76676 (time=19.169), 0.0762797 s/step
Meep progress: 19.17275/72.33333206176758 = 26.5% done in 6248.7s, 17325.8s to go
on time step 76730 (time=19.1825), 0.0750617 s/step
Meep progress: 19.18625/72.33333206176758 = 26.5% done in 6252.7s, 17320.4s to go
on time step 76784 (time=19.196), 0.0749379 s/step
Meep progress: 19.19975/72.33333206176758 = 26.5% done in 6256.8s, 17315.0s to go
on time step 76838 (time=19.2095), 0.0747319 s/step
Meep progress: 19.213250000000002/72.33333206176758 = 26.6% done in 6260.8s, 17309.7s to go
on time step 76891 (time=19.2228), 0.0760852 s/step
Meep progress: 19.2265/72.33333206176758 = 26.6% done in 6264.8s, 17304.6s to go
on time step 76945 (time=19.2363), 0.075373 s/step
Meep progress: 19.240000000000002/72.33333206176758 = 26.6% done in 6268.9s, 17299.2s to go
on time step 76999 (time=19.2497), 0.0748046 s/step
Meep progress: 19.2535/72.33333206176758 = 26.6% done in 6273.0s, 17293.9s to go
on time step 77052 (time=19.263), 0.076192 s/step
Meep progress: 19.266750000000002/72.33333206176758 = 26.6% done in 6277.0s, 17288.8s to go
on time step 77105 (time=19.2763), 0.0764154 s/step
Meep progress: 19.28/72.33333206176758 = 26.7% done in 6281.1s, 17283.8s to go
on time step 77157 (time=19.2892), 0.0778166 s/step
Meep progress: 19.293/72.33333206176758 = 26.7% done in 6285.1s, 17279.0s to go
on time step 77210 (time=19.3025), 0.0754954 s/step
Meep progress: 19.3065/72.33333206176758 = 26.7% done in 6289.2s, 17273.7s to go
on time step 77263 (time=19.3158), 0.0756785 s/step
Meep progress: 19.3195/72.33333206176758 = 26.7% done in 6293.2s, 17268.9s to go
on time step 77314 (time=19.3285), 0.079104 s/step
Meep progress: 19.3325/72.33333206176758 = 26.7% done in 6297.2s, 17264.1s to go
on time step 77368 (time=19.342), 0.0754507 s/step
Meep progress: 19.34575/72.33333206176758 = 26.7% done in 6301.2s, 17258.9s to go
on time step 77422 (time=19.3555), 0.0753698 s/step
Meep progress: 19.35925/72.33333206176758 = 26.8% done in 6305.3s, 17253.6s to go
on time step 77475 (time=19.3688), 0.0758469 s/step
Meep progress: 19.3725/72.33333206176758 = 26.8% done in 6309.3s, 17248.5s to go
on time step 77528 (time=19.382), 0.0757328 s/step
Meep progress: 19.38575/72.33333206176758 = 26.8% done in 6313.3s, 17243.4s to go
on time step 77581 (time=19.3953), 0.0755087 s/step
Meep progress: 19.399250000000002/72.33333206176758 = 26.8% done in 6317.4s, 17238.0s to go
on time step 77635 (time=19.4088), 0.0742995 s/step
Meep progress: 19.41275/72.33333206176758 = 26.8% done in 6321.4s, 17232.7s to go
on time step 77688 (time=19.422), 0.0760606 s/step
Meep progress: 19.426000000000002/72.33333206176758 = 26.9% done in 6325.5s, 17227.6s to go
on time step 77741 (time=19.4352), 0.0759368 s/step
Meep progress: 19.43925/72.33333206176758 = 26.9% done in 6329.5s, 17222.6s to go
on time step 77794 (time=19.4485), 0.076401 s/step
Meep progress: 19.45275/72.33333206176758 = 26.9% done in 6333.6s, 17217.3s to go
on time step 77848 (time=19.462), 0.0748719 s/step
Meep progress: 19.466/72.33333206176758 = 26.9% done in 6337.6s, 17212.2s to go
on time step 77901 (time=19.4752), 0.0768864 s/step
Meep progress: 19.47925/72.33333206176758 = 26.9% done in 6341.6s, 17207.1s to go
on time step 77954 (time=19.4885), 0.0762084 s/step
Meep progress: 19.4925/72.33333206176758 = 26.9% done in 6345.7s, 17202.1s to go
on time step 78007 (time=19.5018), 0.0762502 s/step
Meep progress: 19.50575/72.33333206176758 = 27.0% done in 6349.8s, 17197.1s to go
on time step 78059 (time=19.5147), 0.076988 s/step
Meep progress: 19.51875/72.33333206176758 = 27.0% done in 6353.8s, 17192.4s to go
on time step 78111 (time=19.5278), 0.0783483 s/step
Meep progress: 19.53175/72.33333206176758 = 27.0% done in 6357.8s, 17187.6s to go
on time step 78164 (time=19.541), 0.0758896 s/step
Meep progress: 19.545/72.33333206176758 = 27.0% done in 6361.8s, 17182.5s to go
on time step 78218 (time=19.5545), 0.075345 s/step
Meep progress: 19.5585/72.33333206176758 = 27.0% done in 6365.9s, 17177.1s to go
on time step 78272 (time=19.568), 0.0753878 s/step
Meep progress: 19.57175/72.33333206176758 = 27.1% done in 6369.9s, 17172.0s to go
on time step 78326 (time=19.5815), 0.0753426 s/step
Meep progress: 19.585250000000002/72.33333206176758 = 27.1% done in 6374.0s, 17166.7s to go
on time step 78379 (time=19.5948), 0.0755096 s/step
Meep progress: 19.5985/72.33333206176758 = 27.1% done in 6378.0s, 17161.6s to go
on time step 78433 (time=19.6083), 0.0754332 s/step
Meep progress: 19.612000000000002/72.33333206176758 = 27.1% done in 6382.1s, 17156.3s to go
on time step 78486 (time=19.6215), 0.0761626 s/step
Meep progress: 19.62525/72.33333206176758 = 27.1% done in 6386.1s, 17151.3s to go
on time step 78538 (time=19.6345), 0.0771805 s/step
Meep progress: 19.63825/72.33333206176758 = 27.1% done in 6390.1s, 17146.5s to go
on time step 78591 (time=19.6478), 0.0754814 s/step
Meep progress: 19.6515/72.33333206176758 = 27.2% done in 6394.1s, 17141.4s to go
on time step 78644 (time=19.661), 0.0765747 s/step
Meep progress: 19.6645/72.33333206176758 = 27.2% done in 6398.1s, 17136.6s to go
on time step 78695 (time=19.6738), 0.0786792 s/step
Meep progress: 19.677500000000002/72.33333206176758 = 27.2% done in 6402.2s, 17131.9s to go
on time step 78748 (time=19.687), 0.0767608 s/step
Meep progress: 19.6905/72.33333206176758 = 27.2% done in 6406.2s, 17127.0s to go
on time step 78801 (time=19.7003), 0.0767262 s/step
Meep progress: 19.70375/72.33333206176758 = 27.2% done in 6410.3s, 17122.1s to go
on time step 78852 (time=19.713), 0.0789781 s/step
Meep progress: 19.7165/72.33333206176758 = 27.3% done in 6414.3s, 17117.7s to go
on time step 78903 (time=19.7258), 0.0790966 s/step
Meep progress: 19.729/72.33333206176758 = 27.3% done in 6418.4s, 17113.6s to go
on time step 78953 (time=19.7383), 0.0806659 s/step
Meep progress: 19.742/72.33333206176758 = 27.3% done in 6422.4s, 17108.9s to go
on time step 79006 (time=19.7515), 0.0765878 s/step
Meep progress: 19.75525/72.33333206176758 = 27.3% done in 6426.5s, 17103.9s to go
on time step 79059 (time=19.7647), 0.0764548 s/step
Meep progress: 19.7685/72.33333206176758 = 27.3% done in 6430.5s, 17098.9s to go
on time step 79111 (time=19.7778), 0.0780275 s/step
Meep progress: 19.78125/72.33333206176758 = 27.3% done in 6434.6s, 17094.4s to go
on time step 79164 (time=19.791), 0.076339 s/step
Meep progress: 19.79475/72.33333206176758 = 27.4% done in 6438.6s, 17089.2s to go
on time step 79216 (time=19.804), 0.0772952 s/step
Meep progress: 19.8075/72.33333206176758 = 27.4% done in 6442.6s, 17084.7s to go
on time step 79268 (time=19.817), 0.0781298 s/step
Meep progress: 19.82025/72.33333206176758 = 27.4% done in 6446.6s, 17080.2s to go
on time step 79319 (time=19.8298), 0.0797715 s/step
Meep progress: 19.833000000000002/72.33333206176758 = 27.4% done in 6450.6s, 17075.6s to go
on time step 79372 (time=19.843), 0.076857 s/step
Meep progress: 19.846/72.33333206176758 = 27.4% done in 6454.7s, 17070.9s to go
on time step 79424 (time=19.856), 0.0775631 s/step
Meep progress: 19.859/72.33333206176758 = 27.5% done in 6458.7s, 17066.1s to go
on time step 79476 (time=19.869), 0.077702 s/step
Meep progress: 19.872/72.33333206176758 = 27.5% done in 6462.7s, 17061.4s to go
on time step 79528 (time=19.882), 0.078335 s/step
Meep progress: 19.885/72.33333206176758 = 27.5% done in 6466.8s, 17056.7s to go
on time step 79581 (time=19.8953), 0.0768949 s/step
Meep progress: 19.898/72.33333206176758 = 27.5% done in 6470.8s, 17051.9s to go
on time step 79633 (time=19.9082), 0.0773981 s/step
Meep progress: 19.911/72.33333206176758 = 27.5% done in 6474.8s, 17047.2s to go
on time step 79685 (time=19.9213), 0.0780387 s/step
Meep progress: 19.924/72.33333206176758 = 27.5% done in 6478.9s, 17042.4s to go
on time step 79739 (time=19.9348), 0.0753464 s/step
Meep progress: 19.93725/72.33333206176758 = 27.6% done in 6482.9s, 17037.3s to go
on time step 79793 (time=19.9483), 0.0754652 s/step
Meep progress: 19.95075/72.33333206176758 = 27.6% done in 6486.9s, 17032.1s to go
on time step 79846 (time=19.9615), 0.0760891 s/step
Meep progress: 19.964000000000002/72.33333206176758 = 27.6% done in 6491.0s, 17027.0s to go
on time step 79900 (time=19.975), 0.0754533 s/step
Meep progress: 19.9775/72.33333206176758 = 27.6% done in 6495.0s, 17021.8s to go
on time step 79954 (time=19.9885), 0.0751583 s/step
Meep progress: 19.991/72.33333206176758 = 27.6% done in 6499.1s, 17016.5s to go
on time step 80008 (time=20.002), 0.0754858 s/step
Meep progress: 20.00425/72.33333206176758 = 27.7% done in 6503.1s, 17011.5s to go
on time step 80061 (time=20.0153), 0.0755207 s/step
Meep progress: 20.017500000000002/72.33333206176758 = 27.7% done in 6507.1s, 17006.4s to go
on time step 80113 (time=20.0282), 0.0770984 s/step
Meep progress: 20.0305/72.33333206176758 = 27.7% done in 6511.1s, 17001.6s to go
on time step 80164 (time=20.041), 0.0786853 s/step
Meep progress: 20.0435/72.33333206176758 = 27.7% done in 6515.2s, 16997.0s to go
on time step 80216 (time=20.054), 0.0775116 s/step
Meep progress: 20.0565/72.33333206176758 = 27.7% done in 6519.3s, 16992.3s to go
on time step 80268 (time=20.067), 0.0773536 s/step
Meep progress: 20.06975/72.33333206176758 = 27.7% done in 6523.3s, 16987.4s to go
on time step 80321 (time=20.0802), 0.0764304 s/step
Meep progress: 20.083000000000002/72.33333206176758 = 27.8% done in 6527.4s, 16982.5s to go
on time step 80374 (time=20.0935), 0.0758706 s/step
Meep progress: 20.09625/72.33333206176758 = 27.8% done in 6531.4s, 16977.4s to go
on time step 80427 (time=20.1068), 0.0766019 s/step
Meep progress: 20.10925/72.33333206176758 = 27.8% done in 6535.4s, 16972.7s to go
on time step 80479 (time=20.1197), 0.0775119 s/step
Meep progress: 20.1225/72.33333206176758 = 27.8% done in 6539.5s, 16967.8s to go
on time step 80532 (time=20.133), 0.0761012 s/step
Meep progress: 20.13575/72.33333206176758 = 27.8% done in 6543.6s, 16962.8s to go
on time step 80585 (time=20.1463), 0.0756102 s/step
Meep progress: 20.149/72.33333206176758 = 27.9% done in 6547.6s, 16957.8s to go
on time step 80638 (time=20.1595), 0.0766406 s/step
Meep progress: 20.16225/72.33333206176758 = 27.9% done in 6551.6s, 16952.7s to go
on time step 80691 (time=20.1728), 0.0759552 s/step
Meep progress: 20.1755/72.33333206176758 = 27.9% done in 6555.6s, 16947.7s to go
on time step 80745 (time=20.1863), 0.0753261 s/step
Meep progress: 20.189/72.33333206176758 = 27.9% done in 6559.7s, 16942.4s to go
on time step 80798 (time=20.1995), 0.0756972 s/step
Meep progress: 20.20225/72.33333206176758 = 27.9% done in 6563.7s, 16937.4s to go
on time step 80851 (time=20.2127), 0.0759665 s/step
Meep progress: 20.2155/72.33333206176758 = 27.9% done in 6567.8s, 16932.5s to go
on time step 80903 (time=20.2258), 0.0770881 s/step
Meep progress: 20.22875/72.33333206176758 = 28.0% done in 6571.8s, 16927.5s to go
on time step 80957 (time=20.2393), 0.0749144 s/step
Meep progress: 20.242250000000002/72.33333206176758 = 28.0% done in 6575.9s, 16922.3s to go
on time step 81010 (time=20.2525), 0.0763381 s/step
Meep progress: 20.2555/72.33333206176758 = 28.0% done in 6579.9s, 16917.4s to go
on time step 81063 (time=20.2658), 0.0769559 s/step
Meep progress: 20.26875/72.33333206176758 = 28.0% done in 6584.0s, 16912.4s to go
on time step 81116 (time=20.279), 0.0762326 s/step
Meep progress: 20.282/72.33333206176758 = 28.0% done in 6588.0s, 16907.4s to go
on time step 81170 (time=20.2925), 0.075239 s/step
Meep progress: 20.29525/72.33333206176758 = 28.1% done in 6592.1s, 16902.4s to go
on time step 81221 (time=20.3053), 0.078791 s/step
Meep progress: 20.308/72.33333206176758 = 28.1% done in 6596.1s, 16898.0s to go
on time step 81274 (time=20.3185), 0.076316 s/step
Meep progress: 20.32125/72.33333206176758 = 28.1% done in 6600.1s, 16893.0s to go
on time step 81327 (time=20.3317), 0.0757714 s/step
Meep progress: 20.334500000000002/72.33333206176758 = 28.1% done in 6604.1s, 16887.9s to go
on time step 81380 (time=20.345), 0.0758861 s/step
Meep progress: 20.34775/72.33333206176758 = 28.1% done in 6608.2s, 16882.9s to go
on time step 81433 (time=20.3583), 0.0759577 s/step
Meep progress: 20.361250000000002/72.33333206176758 = 28.1% done in 6612.2s, 16877.8s to go
on time step 81486 (time=20.3715), 0.0755081 s/step
Meep progress: 20.37475/72.33333206176758 = 28.2% done in 6616.3s, 16872.5s to go
on time step 81539 (time=20.3848), 0.0759179 s/step
Meep progress: 20.388/72.33333206176758 = 28.2% done in 6620.3s, 16867.5s to go
on time step 81592 (time=20.398), 0.0755229 s/step
Meep progress: 20.40125/72.33333206176758 = 28.2% done in 6624.3s, 16862.5s to go
on time step 81645 (time=20.4112), 0.0762276 s/step
Meep progress: 20.41425/72.33333206176758 = 28.2% done in 6628.4s, 16857.8s to go
on time step 81697 (time=20.4243), 0.0771025 s/step
Meep progress: 20.427500000000002/72.33333206176758 = 28.2% done in 6632.4s, 16852.7s to go
on time step 81751 (time=20.4378), 0.0754106 s/step
Meep progress: 20.44075/72.33333206176758 = 28.3% done in 6636.4s, 16847.7s to go
on time step 81804 (time=20.451), 0.0766142 s/step
Meep progress: 20.454/72.33333206176758 = 28.3% done in 6640.5s, 16842.8s to go
on time step 81857 (time=20.4642), 0.0755234 s/step
Meep progress: 20.46725/72.33333206176758 = 28.3% done in 6644.5s, 16837.7s to go
on time step 81911 (time=20.4778), 0.0750303 s/step
Meep progress: 20.4805/72.33333206176758 = 28.3% done in 6648.5s, 16832.7s to go
on time step 81964 (time=20.491), 0.0765358 s/step
Meep progress: 20.4935/72.33333206176758 = 28.3% done in 6652.5s, 16827.9s to go
on time step 82015 (time=20.5038), 0.0788974 s/step
Meep progress: 20.5065/72.33333206176758 = 28.4% done in 6656.5s, 16823.3s to go
on time step 82068 (time=20.517), 0.0756402 s/step
Meep progress: 20.519750000000002/72.33333206176758 = 28.4% done in 6660.5s, 16818.2s to go
on time step 82122 (time=20.5305), 0.0753266 s/step
Meep progress: 20.53325/72.33333206176758 = 28.4% done in 6664.6s, 16813.1s to go
on time step 82175 (time=20.5437), 0.076286 s/step
Meep progress: 20.5465/72.33333206176758 = 28.4% done in 6668.7s, 16808.1s to go
on time step 82229 (time=20.5572), 0.0753593 s/step
Meep progress: 20.56/72.33333206176758 = 28.4% done in 6672.7s, 16802.9s to go
on time step 82283 (time=20.5708), 0.0751846 s/step
Meep progress: 20.5735/72.33333206176758 = 28.4% done in 6676.8s, 16797.8s to go
on time step 82337 (time=20.5843), 0.0753858 s/step
Meep progress: 20.587/72.33333206176758 = 28.5% done in 6680.9s, 16792.6s to go
on time step 82390 (time=20.5975), 0.0757866 s/step
Meep progress: 20.60025/72.33333206176758 = 28.5% done in 6684.9s, 16787.6s to go
on time step 82444 (time=20.611), 0.0753829 s/step
Meep progress: 20.613500000000002/72.33333206176758 = 28.5% done in 6688.9s, 16782.6s to go
on time step 82497 (time=20.6242), 0.0757365 s/step
Meep progress: 20.627/72.33333206176758 = 28.5% done in 6692.9s, 16777.4s to go
on time step 82551 (time=20.6378), 0.0747306 s/step
Meep progress: 20.6405/72.33333206176758 = 28.5% done in 6697.0s, 16772.2s to go
on time step 82604 (time=20.651), 0.076506 s/step
Meep progress: 20.65375/72.33333206176758 = 28.6% done in 6701.0s, 16767.3s to go
on time step 82656 (time=20.664), 0.0775728 s/step
Meep progress: 20.66675/72.33333206176758 = 28.6% done in 6705.1s, 16762.6s to go
on time step 82709 (time=20.6773), 0.0755414 s/step
Meep progress: 20.68/72.33333206176758 = 28.6% done in 6709.1s, 16757.6s to go
on time step 82762 (time=20.6905), 0.0768943 s/step
Meep progress: 20.69275/72.33333206176758 = 28.6% done in 6713.1s, 16753.2s to go
on time step 82812 (time=20.703), 0.0810148 s/step
Meep progress: 20.7055/72.33333206176758 = 28.6% done in 6717.1s, 16748.8s to go
on time step 82866 (time=20.7165), 0.0754271 s/step
Meep progress: 20.719/72.33333206176758 = 28.6% done in 6721.2s, 16743.6s to go
on time step 82919 (time=20.7297), 0.0757755 s/step
Meep progress: 20.73225/72.33333206176758 = 28.7% done in 6725.2s, 16738.6s to go
on time step 82972 (time=20.743), 0.0760321 s/step
Meep progress: 20.7455/72.33333206176758 = 28.7% done in 6729.3s, 16733.6s to go
on time step 83026 (time=20.7565), 0.0751841 s/step
Meep progress: 20.759/72.33333206176758 = 28.7% done in 6733.3s, 16728.4s to go
on time step 83080 (time=20.77), 0.0751664 s/step
Meep progress: 20.7725/72.33333206176758 = 28.7% done in 6737.4s, 16723.3s to go
on time step 83134 (time=20.7835), 0.0743245 s/step
Meep progress: 20.786/72.33333206176758 = 28.7% done in 6741.4s, 16718.0s to go
on time step 83187 (time=20.7967), 0.0757996 s/step
Meep progress: 20.79925/72.33333206176758 = 28.8% done in 6745.4s, 16713.1s to go
on time step 83240 (time=20.81), 0.0757806 s/step
Meep progress: 20.8125/72.33333206176758 = 28.8% done in 6749.4s, 16708.1s to go
on time step 83294 (time=20.8235), 0.0753583 s/step
Meep progress: 20.82575/72.33333206176758 = 28.8% done in 6753.4s, 16703.0s to go
on time step 83347 (time=20.8368), 0.0755915 s/step
Meep progress: 20.839000000000002/72.33333206176758 = 28.8% done in 6757.4s, 16698.0s to go
on time step 83400 (time=20.85), 0.0762616 s/step
Meep progress: 20.85225/72.33333206176758 = 28.8% done in 6761.5s, 16693.1s to go
on time step 83453 (time=20.8633), 0.076819 s/step
Meep progress: 20.8655/72.33333206176758 = 28.8% done in 6765.6s, 16688.2s to go
on time step 83506 (time=20.8765), 0.0756252 s/step
Meep progress: 20.87875/72.33333206176758 = 28.9% done in 6769.6s, 16683.2s to go
on time step 83558 (time=20.8895), 0.0780184 s/step
Meep progress: 20.8915/72.33333206176758 = 28.9% done in 6773.6s, 16678.8s to go
on time step 83610 (time=20.9025), 0.07801 s/step
Meep progress: 20.9045/72.33333206176758 = 28.9% done in 6777.6s, 16674.1s to go
on time step 83664 (time=20.916), 0.0754029 s/step
Meep progress: 20.918/72.33333206176758 = 28.9% done in 6781.7s, 16669.0s to go
on time step 83718 (time=20.9295), 0.0752204 s/step
Meep progress: 20.9315/72.33333206176758 = 28.9% done in 6785.7s, 16663.9s to go
on time step 83771 (time=20.9428), 0.0760141 s/step
Meep progress: 20.94475/72.33333206176758 = 29.0% done in 6789.8s, 16658.9s to go
on time step 83825 (time=20.9563), 0.0752905 s/step
Meep progress: 20.95825/72.33333206176758 = 29.0% done in 6793.8s, 16653.8s to go
on time step 83879 (time=20.9698), 0.0753425 s/step
Meep progress: 20.97175/72.33333206176758 = 29.0% done in 6797.9s, 16648.6s to go
on time step 83933 (time=20.9833), 0.0749828 s/step
Meep progress: 20.98525/72.33333206176758 = 29.0% done in 6801.9s, 16643.4s to go
on time step 83986 (time=20.9965), 0.0761225 s/step
Meep progress: 20.9985/72.33333206176758 = 29.0% done in 6806.0s, 16638.6s to go
on time step 84039 (time=21.0098), 0.0757086 s/step
Meep progress: 21.01175/72.33333206176758 = 29.0% done in 6810.0s, 16633.5s to go
on time step 84093 (time=21.0233), 0.0750338 s/step
Meep progress: 21.02525/72.33333206176758 = 29.1% done in 6814.1s, 16628.4s to go
on time step 84146 (time=21.0365), 0.0760969 s/step
Meep progress: 21.0385/72.33333206176758 = 29.1% done in 6818.1s, 16623.5s to go
on time step 84199 (time=21.0497), 0.0755513 s/step
Meep progress: 21.052/72.33333206176758 = 29.1% done in 6822.2s, 16618.4s to go
on time step 84253 (time=21.0633), 0.0753036 s/step
Meep progress: 21.06525/72.33333206176758 = 29.1% done in 6826.2s, 16613.4s to go
on time step 84307 (time=21.0768), 0.074983 s/step
Meep progress: 21.07875/72.33333206176758 = 29.1% done in 6830.2s, 16608.1s to go
on time step 84360 (time=21.09), 0.076615 s/step
Meep progress: 21.09175/72.33333206176758 = 29.2% done in 6834.2s, 16603.5s to go
on time step 84412 (time=21.103), 0.0769492 s/step
Meep progress: 21.105/72.33333206176758 = 29.2% done in 6838.3s, 16598.6s to go
on time step 84466 (time=21.1165), 0.0754256 s/step
Meep progress: 21.1185/72.33333206176758 = 29.2% done in 6842.3s, 16593.5s to go
on time step 84520 (time=21.13), 0.075168 s/step
Meep progress: 21.13175/72.33333206176758 = 29.2% done in 6846.3s, 16588.5s to go
on time step 84573 (time=21.1433), 0.0762602 s/step
Meep progress: 21.145/72.33333206176758 = 29.2% done in 6850.4s, 16583.5s to go
on time step 84627 (time=21.1567), 0.0751718 s/step
Meep progress: 21.15825/72.33333206176758 = 29.3% done in 6854.4s, 16578.6s to go
on time step 84681 (time=21.1702), 0.0744391 s/step
Meep progress: 21.172/72.33333206176758 = 29.3% done in 6858.5s, 16573.2s to go
on time step 84735 (time=21.1837), 0.0746399 s/step
Meep progress: 21.1855/72.33333206176758 = 29.3% done in 6862.5s, 16568.0s to go
on time step 84788 (time=21.197), 0.0756736 s/step
Meep progress: 21.19875/72.33333206176758 = 29.3% done in 6866.5s, 16563.0s to go
on time step 84841 (time=21.2103), 0.076478 s/step
Meep progress: 21.212/72.33333206176758 = 29.3% done in 6870.5s, 16558.1s to go
on time step 84894 (time=21.2235), 0.0757456 s/step
Meep progress: 21.22525/72.33333206176758 = 29.3% done in 6874.6s, 16553.2s to go
on time step 84947 (time=21.2368), 0.0767537 s/step
Meep progress: 21.238500000000002/72.33333206176758 = 29.4% done in 6878.6s, 16548.4s to go
on time step 84999 (time=21.2497), 0.07809 s/step
Meep progress: 21.2515/72.33333206176758 = 29.4% done in 6882.7s, 16543.8s to go
on time step 85052 (time=21.263), 0.0765867 s/step
Meep progress: 21.2645/72.33333206176758 = 29.4% done in 6886.7s, 16539.2s to go
on time step 85104 (time=21.276), 0.0777563 s/step
Meep progress: 21.2775/72.33333206176758 = 29.4% done in 6890.7s, 16534.4s to go
on time step 85156 (time=21.289), 0.0773851 s/step
Meep progress: 21.2905/72.33333206176758 = 29.4% done in 6894.8s, 16529.9s to go
on time step 85208 (time=21.302), 0.0770451 s/step
Meep progress: 21.30375/72.33333206176758 = 29.5% done in 6898.8s, 16525.0s to go
on time step 85262 (time=21.3155), 0.0754525 s/step
Meep progress: 21.317/72.33333206176758 = 29.5% done in 6902.9s, 16520.1s to go
on time step 85315 (time=21.3287), 0.0765381 s/step
Meep progress: 21.33025/72.33333206176758 = 29.5% done in 6906.9s, 16515.2s to go
on time step 85368 (time=21.342), 0.0764506 s/step
Meep progress: 21.3435/72.33333206176758 = 29.5% done in 6910.9s, 16510.3s to go
on time step 85422 (time=21.3555), 0.0753398 s/step
Meep progress: 21.35675/72.33333206176758 = 29.5% done in 6914.9s, 16505.3s to go
on time step 85476 (time=21.369), 0.0748068 s/step
Meep progress: 21.370250000000002/72.33333206176758 = 29.5% done in 6919.0s, 16500.2s to go
on time step 85530 (time=21.3825), 0.0749281 s/step
Meep progress: 21.3835/72.33333206176758 = 29.6% done in 6923.0s, 16495.2s to go
on time step 85583 (time=21.3957), 0.0760436 s/step
Meep progress: 21.39675/72.33333206176758 = 29.6% done in 6927.0s, 16490.2s to go
on time step 85634 (time=21.4085), 0.0784982 s/step
Meep progress: 21.4095/72.33333206176758 = 29.6% done in 6931.0s, 16485.8s to go
on time step 85687 (time=21.4217), 0.0767592 s/step
Meep progress: 21.4225/72.33333206176758 = 29.6% done in 6935.0s, 16481.1s to go
on time step 85739 (time=21.4348), 0.0784304 s/step
Meep progress: 21.4355/72.33333206176758 = 29.6% done in 6939.1s, 16476.6s to go
on time step 85792 (time=21.448), 0.0767115 s/step
Meep progress: 21.44875/72.33333206176758 = 29.7% done in 6943.1s, 16471.8s to go
on time step 85845 (time=21.4612), 0.0756901 s/step
Meep progress: 21.46225/72.33333206176758 = 29.7% done in 6947.2s, 16466.7s to go
on time step 85898 (time=21.4745), 0.0767777 s/step
Meep progress: 21.47525/72.33333206176758 = 29.7% done in 6951.2s, 16462.0s to go
on time step 85950 (time=21.4875), 0.078089 s/step
Meep progress: 21.48825/72.33333206176758 = 29.7% done in 6955.3s, 16457.4s to go
on time step 86002 (time=21.5005), 0.0771661 s/step
Meep progress: 21.50125/72.33333206176758 = 29.7% done in 6959.3s, 16452.8s to go
on time step 86056 (time=21.514), 0.0748292 s/step
Meep progress: 21.51475/72.33333206176758 = 29.7% done in 6963.3s, 16447.6s to go
on time step 86110 (time=21.5275), 0.0750147 s/step
Meep progress: 21.52825/72.33333206176758 = 29.8% done in 6967.4s, 16442.5s to go
on time step 86163 (time=21.5407), 0.0762593 s/step
Meep progress: 21.5415/72.33333206176758 = 29.8% done in 6971.4s, 16437.6s to go
on time step 86217 (time=21.5542), 0.0752333 s/step
Meep progress: 21.555/72.33333206176758 = 29.8% done in 6975.5s, 16432.5s to go
on time step 86271 (time=21.5678), 0.0753697 s/step
Meep progress: 21.5685/72.33333206176758 = 29.8% done in 6979.6s, 16427.5s to go
on time step 86324 (time=21.581), 0.0759787 s/step
Meep progress: 21.58175/72.33333206176758 = 29.8% done in 6983.6s, 16422.6s to go
on time step 86377 (time=21.5942), 0.0758396 s/step
Meep progress: 21.595/72.33333206176758 = 29.9% done in 6987.6s, 16417.7s to go
on time step 86430 (time=21.6075), 0.0755824 s/step
Meep progress: 21.60825/72.33333206176758 = 29.9% done in 6991.6s, 16412.7s to go
on time step 86484 (time=21.621), 0.0750621 s/step
Meep progress: 21.62175/72.33333206176758 = 29.9% done in 6995.7s, 16407.6s to go
on time step 86537 (time=21.6343), 0.0767671 s/step
Meep progress: 21.635/72.33333206176758 = 29.9% done in 6999.7s, 16402.8s to go
on time step 86587 (time=21.6468), 0.0815723 s/step
Meep progress: 21.64725/72.33333206176758 = 29.9% done in 7003.7s, 16398.9s to go
on time step 86641 (time=21.6603), 0.0753992 s/step
Meep progress: 21.66075/72.33333206176758 = 29.9% done in 7007.8s, 16393.9s to go
on time step 86695 (time=21.6738), 0.0748695 s/step
Meep progress: 21.67425/72.33333206176758 = 30.0% done in 7011.9s, 16388.8s to go
on time step 86746 (time=21.6865), 0.0785006 s/step
Meep progress: 21.68725/72.33333206176758 = 30.0% done in 7015.9s, 16384.3s to go
on time step 86800 (time=21.7), 0.0753316 s/step
Meep progress: 21.70075/72.33333206176758 = 30.0% done in 7020.0s, 16379.2s to go
on time step 86854 (time=21.7135), 0.0753838 s/step
Meep progress: 21.71425/72.33333206176758 = 30.0% done in 7024.1s, 16374.2s to go
on time step 86908 (time=21.727), 0.0750828 s/step
Meep progress: 21.72775/72.33333206176758 = 30.0% done in 7028.2s, 16369.1s to go
on time step 86962 (time=21.7405), 0.0752691 s/step
Meep progress: 21.74125/72.33333206176758 = 30.1% done in 7032.2s, 16364.0s to go
on time step 87015 (time=21.7538), 0.0756603 s/step
Meep progress: 21.7545/72.33333206176758 = 30.1% done in 7036.2s, 16359.1s to go
on time step 87069 (time=21.7673), 0.0751696 s/step
Meep progress: 21.768/72.33333206176758 = 30.1% done in 7040.3s, 16354.0s to go
on time step 87122 (time=21.7805), 0.0760823 s/step
Meep progress: 21.78125/72.33333206176758 = 30.1% done in 7044.3s, 16349.1s to go
on time step 87175 (time=21.7937), 0.076186 s/step
Meep progress: 21.7945/72.33333206176758 = 30.1% done in 7048.3s, 16344.3s to go
on time step 87229 (time=21.8072), 0.0753936 s/step
Meep progress: 21.808/72.33333206176758 = 30.1% done in 7052.4s, 16339.2s to go
on time step 87282 (time=21.8205), 0.0758706 s/step
Meep progress: 21.82125/72.33333206176758 = 30.2% done in 7056.4s, 16334.3s to go
on time step 87334 (time=21.8335), 0.0776906 s/step
Meep progress: 21.83425/72.33333206176758 = 30.2% done in 7060.5s, 16329.7s to go
on time step 87387 (time=21.8468), 0.0758794 s/step
Meep progress: 21.8475/72.33333206176758 = 30.2% done in 7064.5s, 16324.9s to go
on time step 87440 (time=21.86), 0.0756066 s/step
Meep progress: 21.86075/72.33333206176758 = 30.2% done in 7068.5s, 16319.9s to go
on time step 87493 (time=21.8732), 0.0759785 s/step
Meep progress: 21.874/72.33333206176758 = 30.2% done in 7072.6s, 16315.1s to go
on time step 87545 (time=21.8863), 0.0771696 s/step
Meep progress: 21.88725/72.33333206176758 = 30.3% done in 7076.6s, 16310.3s to go
on time step 87598 (time=21.8995), 0.0763452 s/step
Meep progress: 21.9005/72.33333206176758 = 30.3% done in 7080.7s, 16305.5s to go
on time step 87650 (time=21.9125), 0.0776581 s/step
Meep progress: 21.9135/72.33333206176758 = 30.3% done in 7084.7s, 16300.9s to go
on time step 87703 (time=21.9258), 0.0764434 s/step
Meep progress: 21.926750000000002/72.33333206176758 = 30.3% done in 7088.8s, 16296.1s to go
on time step 87757 (time=21.9393), 0.0753205 s/step
Meep progress: 21.94025/72.33333206176758 = 30.3% done in 7092.8s, 16291.1s to go
on time step 87810 (time=21.9525), 0.0760618 s/step
Meep progress: 21.953500000000002/72.33333206176758 = 30.4% done in 7096.9s, 16286.2s to go
on time step 87863 (time=21.9657), 0.0757989 s/step
Meep progress: 21.96675/72.33333206176758 = 30.4% done in 7100.9s, 16281.3s to go
on time step 87915 (time=21.9788), 0.0775928 s/step
Meep progress: 21.97975/72.33333206176758 = 30.4% done in 7104.9s, 16276.7s to go
on time step 87969 (time=21.9923), 0.0754359 s/step
Meep progress: 21.993000000000002/72.33333206176758 = 30.4% done in 7108.9s, 16271.8s to go
on time step 88022 (time=22.0055), 0.0760399 s/step
Meep progress: 22.00625/72.33333206176758 = 30.4% done in 7113.0s, 16266.9s to go
on time step 88075 (time=22.0188), 0.0764122 s/step
Meep progress: 22.0195/72.33333206176758 = 30.4% done in 7117.0s, 16262.1s to go
on time step 88127 (time=22.0317), 0.0773327 s/step
Meep progress: 22.0325/72.33333206176758 = 30.5% done in 7121.0s, 16257.5s to go
on time step 88180 (time=22.045), 0.0764104 s/step
Meep progress: 22.04575/72.33333206176758 = 30.5% done in 7125.1s, 16252.7s to go
on time step 88234 (time=22.0585), 0.07553 s/step
Meep progress: 22.059/72.33333206176758 = 30.5% done in 7129.1s, 16247.8s to go
on time step 88286 (time=22.0715), 0.0773174 s/step
Meep progress: 22.072/72.33333206176758 = 30.5% done in 7133.1s, 16243.2s to go
on time step 88337 (time=22.0843), 0.0791206 s/step
Meep progress: 22.08475/72.33333206176758 = 30.5% done in 7137.1s, 16238.9s to go
on time step 88390 (time=22.0975), 0.0758293 s/step
Meep progress: 22.098/72.33333206176758 = 30.6% done in 7141.2s, 16234.0s to go
on time step 88443 (time=22.1107), 0.0765323 s/step
Meep progress: 22.111250000000002/72.33333206176758 = 30.6% done in 7145.2s, 16229.2s to go
on time step 88496 (time=22.124), 0.0758722 s/step
Meep progress: 22.1245/72.33333206176758 = 30.6% done in 7149.2s, 16224.3s to go
on time step 88549 (time=22.1373), 0.0757103 s/step
Meep progress: 22.13775/72.33333206176758 = 30.6% done in 7153.2s, 16219.4s to go
on time step 88602 (time=22.1505), 0.0755729 s/step
Meep progress: 22.151/72.33333206176758 = 30.6% done in 7157.3s, 16214.5s to go
on time step 88655 (time=22.1638), 0.0754939 s/step
Meep progress: 22.1645/72.33333206176758 = 30.6% done in 7161.3s, 16209.5s to go
on time step 88708 (time=22.177), 0.0758887 s/step
Meep progress: 22.17775/72.33333206176758 = 30.7% done in 7165.4s, 16204.6s to go
on time step 88762 (time=22.1905), 0.0753326 s/step
Meep progress: 22.19125/72.33333206176758 = 30.7% done in 7169.4s, 16199.6s to go
on time step 88815 (time=22.2037), 0.0765955 s/step
Meep progress: 22.2045/72.33333206176758 = 30.7% done in 7173.5s, 16194.8s to go
on time step 88868 (time=22.217), 0.0762036 s/step
Meep progress: 22.21775/72.33333206176758 = 30.7% done in 7177.5s, 16190.1s to go
on time step 88921 (time=22.2303), 0.0767388 s/step
Meep progress: 22.231/72.33333206176758 = 30.7% done in 7181.6s, 16185.3s to go
on time step 88975 (time=22.2438), 0.075384 s/step
Meep progress: 22.244500000000002/72.33333206176758 = 30.8% done in 7185.7s, 16180.3s to go
on time step 89028 (time=22.257), 0.0759497 s/step
Meep progress: 22.25775/72.33333206176758 = 30.8% done in 7189.7s, 16175.4s to go
on time step 89081 (time=22.2703), 0.0760834 s/step
Meep progress: 22.271/72.33333206176758 = 30.8% done in 7193.7s, 16170.6s to go
on time step 89135 (time=22.2838), 0.0753184 s/step
Meep progress: 22.28425/72.33333206176758 = 30.8% done in 7197.7s, 16165.7s to go
on time step 89188 (time=22.297), 0.0755963 s/step
Meep progress: 22.29775/72.33333206176758 = 30.8% done in 7201.8s, 16160.7s to go
on time step 89241 (time=22.3102), 0.0762238 s/step
Meep progress: 22.311/72.33333206176758 = 30.8% done in 7205.8s, 16155.9s to go
on time step 89294 (time=22.3235), 0.0759138 s/step
Meep progress: 22.32425/72.33333206176758 = 30.9% done in 7209.9s, 16151.0s to go
on time step 89347 (time=22.3368), 0.0757998 s/step
Meep progress: 22.337500000000002/72.33333206176758 = 30.9% done in 7213.9s, 16146.1s to go
on time step 89400 (time=22.35), 0.0758105 s/step
Meep progress: 22.35075/72.33333206176758 = 30.9% done in 7217.9s, 16141.3s to go
on time step 89453 (time=22.3633), 0.0759123 s/step
Meep progress: 22.364/72.33333206176758 = 30.9% done in 7221.9s, 16136.4s to go
on time step 89506 (time=22.3765), 0.0761526 s/step
Meep progress: 22.37725/72.33333206176758 = 30.9% done in 7226.0s, 16131.6s to go
on time step 89558 (time=22.3895), 0.0777874 s/step
Meep progress: 22.39025/72.33333206176758 = 31.0% done in 7230.0s, 16127.1s to go
on time step 89611 (time=22.4028), 0.0758753 s/step
Meep progress: 22.4035/72.33333206176758 = 31.0% done in 7234.0s, 16122.2s to go
on time step 89663 (time=22.4157), 0.0769686 s/step
Meep progress: 22.4165/72.33333206176758 = 31.0% done in 7238.1s, 16117.6s to go
on time step 89715 (time=22.4288), 0.0770175 s/step
Meep progress: 22.429750000000002/72.33333206176758 = 31.0% done in 7242.1s, 16112.9s to go
on time step 89769 (time=22.4423), 0.0754387 s/step
Meep progress: 22.443/72.33333206176758 = 31.0% done in 7246.1s, 16108.0s to go
on time step 89823 (time=22.4558), 0.075215 s/step
Meep progress: 22.456500000000002/72.33333206176758 = 31.0% done in 7250.2s, 16103.0s to go
on time step 89875 (time=22.4688), 0.0773403 s/step
Meep progress: 22.4695/72.33333206176758 = 31.1% done in 7254.2s, 16098.4s to go
on time step 89929 (time=22.4823), 0.0751845 s/step
Meep progress: 22.483/72.33333206176758 = 31.1% done in 7258.3s, 16093.3s to go
on time step 89983 (time=22.4958), 0.075394 s/step
Meep progress: 22.49625/72.33333206176758 = 31.1% done in 7262.3s, 16088.5s to go
on time step 90037 (time=22.5093), 0.0750209 s/step
Meep progress: 22.50975/72.33333206176758 = 31.1% done in 7266.3s, 16083.4s to go
on time step 90090 (time=22.5225), 0.0759644 s/step
Meep progress: 22.523/72.33333206176758 = 31.1% done in 7270.3s, 16078.6s to go
on time step 90144 (time=22.536), 0.075317 s/step
Meep progress: 22.5365/72.33333206176758 = 31.2% done in 7274.4s, 16073.6s to go
on time step 90197 (time=22.5493), 0.0757802 s/step
Meep progress: 22.54975/72.33333206176758 = 31.2% done in 7278.4s, 16068.7s to go
on time step 90251 (time=22.5628), 0.0749727 s/step
Meep progress: 22.56325/72.33333206176758 = 31.2% done in 7282.5s, 16063.7s to go
on time step 90304 (time=22.576), 0.0760119 s/step
Meep progress: 22.5765/72.33333206176758 = 31.2% done in 7286.5s, 16058.9s to go
on time step 90358 (time=22.5895), 0.0749219 s/step
Meep progress: 22.59/72.33333206176758 = 31.2% done in 7290.6s, 16053.8s to go
on time step 90412 (time=22.603), 0.0751965 s/step
Meep progress: 22.6035/72.33333206176758 = 31.2% done in 7294.6s, 16048.9s to go
on time step 90465 (time=22.6163), 0.0760585 s/step
Meep progress: 22.61675/72.33333206176758 = 31.3% done in 7298.6s, 16044.0s to go
on time step 90519 (time=22.6298), 0.0754102 s/step
Meep progress: 22.63/72.33333206176758 = 31.3% done in 7302.7s, 16039.2s to go
on time step 90572 (time=22.643), 0.0767504 s/step
Meep progress: 22.643250000000002/72.33333206176758 = 31.3% done in 7306.7s, 16034.4s to go
on time step 90624 (time=22.656), 0.0769955 s/step
Meep progress: 22.6565/72.33333206176758 = 31.3% done in 7310.8s, 16029.7s to go
on time step 90674 (time=22.6685), 0.0802933 s/step
Meep progress: 22.669/72.33333206176758 = 31.3% done in 7314.8s, 16025.7s to go
on time step 90720 (time=22.68), 0.0886973 s/step
Meep progress: 22.68025/72.33333206176758 = 31.4% done in 7318.8s, 16022.9s to go
on time step 90770 (time=22.6925), 0.0811178 s/step
Meep progress: 22.69275/72.33333206176758 = 31.4% done in 7322.9s, 16018.9s to go
on time step 90823 (time=22.7058), 0.0762455 s/step
Meep progress: 22.706/72.33333206176758 = 31.4% done in 7326.9s, 16014.1s to go
on time step 90875 (time=22.7188), 0.077689 s/step
Meep progress: 22.719/72.33333206176758 = 31.4% done in 7331.0s, 16009.5s to go
on time step 90927 (time=22.7318), 0.0774775 s/step
Meep progress: 22.732/72.33333206176758 = 31.4% done in 7335.0s, 16005.0s to go
on time step 90980 (time=22.745), 0.0755545 s/step
Meep progress: 22.745250000000002/72.33333206176758 = 31.4% done in 7339.0s, 16000.1s to go
on time step 91032 (time=22.758), 0.0777785 s/step
Meep progress: 22.75825/72.33333206176758 = 31.5% done in 7343.0s, 15995.6s to go
on time step 91084 (time=22.771), 0.0785022 s/step
Meep progress: 22.771250000000002/72.33333206176758 = 31.5% done in 7347.1s, 15991.2s to go
on time step 91136 (time=22.784), 0.0778581 s/step
Meep progress: 22.78425/72.33333206176758 = 31.5% done in 7351.2s, 15986.7s to go
on time step 91189 (time=22.7973), 0.0763517 s/step
Meep progress: 22.7975/72.33333206176758 = 31.5% done in 7355.2s, 15981.9s to go
on time step 91240 (time=22.81), 0.0784529 s/step
Meep progress: 22.8105/72.33333206176758 = 31.5% done in 7359.3s, 15977.4s to go
on time step 91291 (time=22.8227), 0.0786257 s/step
Meep progress: 22.82325/72.33333206176758 = 31.6% done in 7363.3s, 15973.1s to go
on time step 91343 (time=22.8358), 0.0775542 s/step
Meep progress: 22.83625/72.33333206176758 = 31.6% done in 7367.3s, 15968.6s to go
on time step 91395 (time=22.8487), 0.0773627 s/step
Meep progress: 22.84925/72.33333206176758 = 31.6% done in 7371.4s, 15964.0s to go
on time step 91446 (time=22.8615), 0.0784354 s/step
Meep progress: 22.862000000000002/72.33333206176758 = 31.6% done in 7375.4s, 15959.6s to go
on time step 91499 (time=22.8747), 0.0758224 s/step
Meep progress: 22.87525/72.33333206176758 = 31.6% done in 7379.4s, 15954.8s to go
on time step 91553 (time=22.8882), 0.0754357 s/step
Meep progress: 22.88875/72.33333206176758 = 31.6% done in 7383.5s, 15949.9s to go
on time step 91606 (time=22.9015), 0.0756726 s/step
Meep progress: 22.902/72.33333206176758 = 31.7% done in 7387.5s, 15945.0s to go
on time step 91659 (time=22.9148), 0.0759172 s/step
Meep progress: 22.91525/72.33333206176758 = 31.7% done in 7391.5s, 15940.2s to go
on time step 91712 (time=22.928), 0.0758163 s/step
Meep progress: 22.9285/72.33333206176758 = 31.7% done in 7395.5s, 15935.4s to go
on time step 91766 (time=22.9415), 0.0750286 s/step
Meep progress: 22.94175/72.33333206176758 = 31.7% done in 7399.5s, 15930.5s to go
on time step 91819 (time=22.9548), 0.0759751 s/step
Meep progress: 22.955000000000002/72.33333206176758 = 31.7% done in 7403.5s, 15925.7s to go
on time step 91872 (time=22.968), 0.0758201 s/step
Meep progress: 22.96825/72.33333206176758 = 31.8% done in 7407.5s, 15920.9s to go
on time step 91925 (time=22.9812), 0.0768111 s/step
Meep progress: 22.9815/72.33333206176758 = 31.8% done in 7411.6s, 15916.2s to go
on time step 91979 (time=22.9947), 0.0750917 s/step
Meep progress: 22.995/72.33333206176758 = 31.8% done in 7415.7s, 15911.2s to go
on time step 92032 (time=23.008), 0.0762999 s/step
Meep progress: 23.00825/72.33333206176758 = 31.8% done in 7419.7s, 15906.4s to go
on time step 92085 (time=23.0213), 0.0763174 s/step
Meep progress: 23.0215/72.33333206176758 = 31.8% done in 7423.8s, 15901.6s to go
on time step 92138 (time=23.0345), 0.076018 s/step
Meep progress: 23.03475/72.33333206176758 = 31.8% done in 7427.8s, 15896.8s to go
on time step 92192 (time=23.048), 0.074601 s/step
Meep progress: 23.04825/72.33333206176758 = 31.9% done in 7431.8s, 15891.8s to go
Meep progress: 23.061/72.33333206176758 = 31.9% done in 7435.8s, 15887.5s to go
on time step 92244 (time=23.061), 0.0786448 s/step
Meep progress: 23.07425/72.33333206176758 = 31.9% done in 7439.8s, 15882.6s to go
on time step 92297 (time=23.0742), 0.0757644 s/step
Meep progress: 23.087500000000002/72.33333206176758 = 31.9% done in 7443.9s, 15877.8s to go
on time step 92350 (time=23.0875), 0.0757956 s/step
Meep progress: 23.101/72.33333206176758 = 31.9% done in 7448.0s, 15872.9s to go
on time step 92404 (time=23.101), 0.0756519 s/step
Meep progress: 23.114250000000002/72.33333206176758 = 32.0% done in 7452.0s, 15868.2s to go
on time step 92457 (time=23.1143), 0.0764183 s/step
Meep progress: 23.1275/72.33333206176758 = 32.0% done in 7456.0s, 15863.3s to go
on time step 92510 (time=23.1275), 0.0757646 s/step
Meep progress: 23.141000000000002/72.33333206176758 = 32.0% done in 7460.1s, 15858.3s to go
on time step 92564 (time=23.141), 0.0748456 s/step
Meep progress: 23.15425/72.33333206176758 = 32.0% done in 7464.1s, 15853.6s to go
on time step 92617 (time=23.1543), 0.0766665 s/step
Meep progress: 23.16775/72.33333206176758 = 32.0% done in 7468.2s, 15848.7s to go
on time step 92671 (time=23.1678), 0.0753228 s/step
Meep progress: 23.181/72.33333206176758 = 32.0% done in 7472.2s, 15843.9s to go
on time step 92724 (time=23.181), 0.0762165 s/step
Meep progress: 23.1945/72.33333206176758 = 32.1% done in 7476.3s, 15838.9s to go
on time step 92778 (time=23.1945), 0.0750513 s/step
Meep progress: 23.2075/72.33333206176758 = 32.1% done in 7480.3s, 15834.4s to go
on time step 92830 (time=23.2075), 0.0777711 s/step
Meep progress: 23.22075/72.33333206176758 = 32.1% done in 7484.4s, 15829.7s to go
on time step 92883 (time=23.2207), 0.0766188 s/step
Meep progress: 23.23425/72.33333206176758 = 32.1% done in 7488.5s, 15824.8s to go
on time step 92937 (time=23.2342), 0.0752999 s/step
Meep progress: 23.24775/72.33333206176758 = 32.1% done in 7492.5s, 15819.8s to go
on time step 92991 (time=23.2477), 0.0753276 s/step
Meep progress: 23.2605/72.33333206176758 = 32.2% done in 7496.5s, 15815.5s to go
on time step 93042 (time=23.2605), 0.0787315 s/step
Meep progress: 23.274/72.33333206176758 = 32.2% done in 7500.6s, 15810.6s to go
on time step 93096 (time=23.274), 0.0753414 s/step
Meep progress: 23.2875/72.33333206176758 = 32.2% done in 7504.7s, 15805.6s to go
on time step 93150 (time=23.2875), 0.0750839 s/step
Meep progress: 23.301000000000002/72.33333206176758 = 32.2% done in 7508.7s, 15800.6s to go
on time step 93204 (time=23.301), 0.0751158 s/step
Meep progress: 23.31425/72.33333206176758 = 32.2% done in 7512.7s, 15795.8s to go
on time step 93257 (time=23.3143), 0.0756201 s/step
Meep progress: 23.3275/72.33333206176758 = 32.3% done in 7516.8s, 15791.0s to go
on time step 93310 (time=23.3275), 0.0761107 s/step
Meep progress: 23.341/72.33333206176758 = 32.3% done in 7520.8s, 15786.0s to go
on time step 93364 (time=23.341), 0.0748048 s/step
Meep progress: 23.35425/72.33333206176758 = 32.3% done in 7524.8s, 15781.3s to go
on time step 93417 (time=23.3543), 0.0760042 s/step
Meep progress: 23.367250000000002/72.33333206176758 = 32.3% done in 7528.8s, 15776.7s to go
on time step 93469 (time=23.3673), 0.0769436 s/step
Meep progress: 23.3805/72.33333206176758 = 32.3% done in 7532.9s, 15772.0s to go
on time step 93522 (time=23.3805), 0.0766766 s/step
Meep progress: 23.394000000000002/72.33333206176758 = 32.3% done in 7537.0s, 15767.1s to go
on time step 93576 (time=23.394), 0.0754952 s/step
Meep progress: 23.407/72.33333206176758 = 32.4% done in 7541.0s, 15762.6s to go
on time step 93628 (time=23.407), 0.0777336 s/step
Meep progress: 23.42/72.33333206176758 = 32.4% done in 7545.1s, 15758.1s to go
on time step 93680 (time=23.42), 0.0777833 s/step
Meep progress: 23.43325/72.33333206176758 = 32.4% done in 7549.1s, 15753.3s to go
on time step 93733 (time=23.4333), 0.075844 s/step
Meep progress: 23.44625/72.33333206176758 = 32.4% done in 7553.1s, 15748.8s to go
on time step 93785 (time=23.4462), 0.0773973 s/step
Meep progress: 23.459500000000002/72.33333206176758 = 32.4% done in 7557.1s, 15744.0s to go
on time step 93838 (time=23.4595), 0.0758496 s/step
Meep progress: 23.47275/72.33333206176758 = 32.5% done in 7561.2s, 15739.2s to go
on time step 93891 (time=23.4728), 0.0761804 s/step
Meep progress: 23.486250000000002/72.33333206176758 = 32.5% done in 7565.2s, 15734.2s to go
on time step 93945 (time=23.4863), 0.0746059 s/step
Meep progress: 23.49975/72.33333206176758 = 32.5% done in 7569.3s, 15729.3s to go
on time step 93999 (time=23.4997), 0.0752014 s/step
Meep progress: 23.51325/72.33333206176758 = 32.5% done in 7573.3s, 15724.4s to go
on time step 94053 (time=23.5132), 0.0753701 s/step
Meep progress: 23.52675/72.33333206176758 = 32.5% done in 7577.4s, 15719.4s to go
on time step 94107 (time=23.5267), 0.0750998 s/step
Meep progress: 23.54/72.33333206176758 = 32.5% done in 7581.4s, 15714.6s to go
on time step 94160 (time=23.54), 0.0757057 s/step
Meep progress: 23.553250000000002/72.33333206176758 = 32.6% done in 7585.4s, 15709.9s to go
on time step 94213 (time=23.5533), 0.0762821 s/step
Meep progress: 23.56625/72.33333206176758 = 32.6% done in 7589.5s, 15705.4s to go
on time step 94265 (time=23.5663), 0.0773121 s/step
Meep progress: 23.5795/72.33333206176758 = 32.6% done in 7593.5s, 15700.6s to go
on time step 94318 (time=23.5795), 0.0757016 s/step
Meep progress: 23.59275/72.33333206176758 = 32.6% done in 7597.5s, 15695.8s to go
on time step 94371 (time=23.5927), 0.0756873 s/step
Meep progress: 23.60575/72.33333206176758 = 32.6% done in 7601.5s, 15691.2s to go
on time step 94423 (time=23.6058), 0.0771685 s/step
Meep progress: 23.619/72.33333206176758 = 32.7% done in 7605.5s, 15686.5s to go
on time step 94476 (time=23.619), 0.0759465 s/step
Meep progress: 23.63225/72.33333206176758 = 32.7% done in 7609.6s, 15681.7s to go
on time step 94529 (time=23.6322), 0.0758599 s/step
Meep progress: 23.64525/72.33333206176758 = 32.7% done in 7613.6s, 15677.1s to go
on time step 94581 (time=23.6453), 0.0770281 s/step
Meep progress: 23.65825/72.33333206176758 = 32.7% done in 7617.6s, 15672.6s to go
on time step 94633 (time=23.6582), 0.0777258 s/step
Meep progress: 23.67075/72.33333206176758 = 32.7% done in 7621.7s, 15668.7s to go
on time step 94683 (time=23.6708), 0.0811654 s/step
Meep progress: 23.68325/72.33333206176758 = 32.7% done in 7625.7s, 15664.8s to go
on time step 94733 (time=23.6833), 0.0813094 s/step
Meep progress: 23.69625/72.33333206176758 = 32.8% done in 7629.7s, 15660.2s to go
on time step 94785 (time=23.6962), 0.0769986 s/step
Meep progress: 23.70975/72.33333206176758 = 32.8% done in 7633.8s, 15655.2s to go
on time step 94839 (time=23.7097), 0.0749401 s/step
Meep progress: 23.723/72.33333206176758 = 32.8% done in 7637.8s, 15650.4s to go
on time step 94892 (time=23.723), 0.0755485 s/step
Meep progress: 23.7365/72.33333206176758 = 32.8% done in 7641.8s, 15645.5s to go
on time step 94946 (time=23.7365), 0.0752232 s/step
Meep progress: 23.74975/72.33333206176758 = 32.8% done in 7645.9s, 15640.8s to go
on time step 94999 (time=23.7497), 0.0760691 s/step
Meep progress: 23.763/72.33333206176758 = 32.9% done in 7649.9s, 15636.0s to go
on time step 95052 (time=23.763), 0.0763569 s/step
Meep progress: 23.776500000000002/72.33333206176758 = 32.9% done in 7654.0s, 15631.1s to go
on time step 95106 (time=23.7765), 0.0750037 s/step
Meep progress: 23.79/72.33333206176758 = 32.9% done in 7658.0s, 15626.2s to go
on time step 95160 (time=23.79), 0.0752333 s/step
Meep progress: 23.803250000000002/72.33333206176758 = 32.9% done in 7662.1s, 15621.5s to go
on time step 95213 (time=23.8033), 0.0762322 s/step
Meep progress: 23.8165/72.33333206176758 = 32.9% done in 7666.1s, 15616.7s to go
on time step 95266 (time=23.8165), 0.0759298 s/step
Meep progress: 23.830000000000002/72.33333206176758 = 32.9% done in 7670.2s, 15611.8s to go
on time step 95320 (time=23.83), 0.0753867 s/step
Meep progress: 23.843/72.33333206176758 = 33.0% done in 7674.2s, 15607.4s to go
on time step 95372 (time=23.843), 0.0780123 s/step
Meep progress: 23.85625/72.33333206176758 = 33.0% done in 7678.3s, 15602.6s to go
on time step 95425 (time=23.8562), 0.0757981 s/step
Meep progress: 23.86975/72.33333206176758 = 33.0% done in 7682.3s, 15597.7s to go
on time step 95479 (time=23.8697), 0.0755914 s/step
Meep progress: 23.883/72.33333206176758 = 33.0% done in 7686.4s, 15592.9s to go
on time step 95532 (time=23.883), 0.075853 s/step
Meep progress: 23.896/72.33333206176758 = 33.0% done in 7690.4s, 15588.5s to go
on time step 95584 (time=23.896), 0.0775817 s/step
Meep progress: 23.909/72.33333206176758 = 33.1% done in 7694.4s, 15584.0s to go
on time step 95636 (time=23.909), 0.077546 s/step
Meep progress: 23.9225/72.33333206176758 = 33.1% done in 7698.5s, 15579.1s to go
on time step 95690 (time=23.9225), 0.0752314 s/step
Meep progress: 23.936/72.33333206176758 = 33.1% done in 7702.5s, 15574.2s to go
on time step 95744 (time=23.936), 0.0752569 s/step
Meep progress: 23.94925/72.33333206176758 = 33.1% done in 7706.6s, 15569.5s to go
on time step 95797 (time=23.9492), 0.0765585 s/step
Meep progress: 23.96225/72.33333206176758 = 33.1% done in 7710.7s, 15565.0s to go
on time step 95849 (time=23.9623), 0.0778436 s/step
Meep progress: 23.97575/72.33333206176758 = 33.1% done in 7714.7s, 15560.1s to go
on time step 95903 (time=23.9758), 0.0752441 s/step
Meep progress: 23.989/72.33333206176758 = 33.2% done in 7718.7s, 15555.3s to go
on time step 95956 (time=23.989), 0.0757064 s/step
Meep progress: 24.002/72.33333206176758 = 33.2% done in 7722.7s, 15550.8s to go
on time step 96008 (time=24.002), 0.077103 s/step
Meep progress: 24.01525/72.33333206176758 = 33.2% done in 7726.8s, 15546.1s to go
on time step 96061 (time=24.0153), 0.0761695 s/step
Meep progress: 24.028750000000002/72.33333206176758 = 33.2% done in 7730.8s, 15541.2s to go
on time step 96115 (time=24.0288), 0.0750671 s/step
Meep progress: 24.042/72.33333206176758 = 33.2% done in 7734.9s, 15536.5s to go
on time step 96168 (time=24.042), 0.0763222 s/step
Meep progress: 24.055500000000002/72.33333206176758 = 33.3% done in 7739.0s, 15531.6s to go
on time step 96222 (time=24.0555), 0.0754451 s/step
Meep progress: 24.069/72.33333206176758 = 33.3% done in 7743.0s, 15526.7s to go
on time step 96276 (time=24.069), 0.0753319 s/step
Meep progress: 24.0825/72.33333206176758 = 33.3% done in 7747.1s, 15521.7s to go
on time step 96330 (time=24.0825), 0.0747679 s/step
Meep progress: 24.09575/72.33333206176758 = 33.3% done in 7751.1s, 15517.0s to go
on time step 96383 (time=24.0957), 0.0758737 s/step
Meep progress: 24.10925/72.33333206176758 = 33.3% done in 7755.1s, 15512.1s to go
on time step 96437 (time=24.1092), 0.0751576 s/step
Meep progress: 24.12275/72.33333206176758 = 33.3% done in 7759.2s, 15507.2s to go
on time step 96491 (time=24.1227), 0.0751192 s/step
Meep progress: 24.13625/72.33333206176758 = 33.4% done in 7763.2s, 15502.2s to go
on time step 96545 (time=24.1363), 0.0748276 s/step
Meep progress: 24.1495/72.33333206176758 = 33.4% done in 7767.3s, 15497.5s to go
on time step 96598 (time=24.1495), 0.0759812 s/step
Meep progress: 24.16275/72.33333206176758 = 33.4% done in 7771.3s, 15492.8s to go
on time step 96651 (time=24.1627), 0.0760168 s/step
Meep progress: 24.17625/72.33333206176758 = 33.4% done in 7775.3s, 15487.8s to go
on time step 96705 (time=24.1762), 0.0748814 s/step
Meep progress: 24.18975/72.33333206176758 = 33.4% done in 7779.4s, 15483.0s to go
on time step 96759 (time=24.1898), 0.0753792 s/step
Meep progress: 24.20275/72.33333206176758 = 33.5% done in 7783.4s, 15478.4s to go
on time step 96811 (time=24.2028), 0.077112 s/step
Meep progress: 24.216/72.33333206176758 = 33.5% done in 7787.4s, 15473.7s to go
on time step 96864 (time=24.216), 0.0759215 s/step
Meep progress: 24.2295/72.33333206176758 = 33.5% done in 7791.5s, 15468.8s to go
on time step 96918 (time=24.2295), 0.0751988 s/step
Meep progress: 24.24275/72.33333206176758 = 33.5% done in 7795.5s, 15464.0s to go
on time step 96971 (time=24.2428), 0.0755872 s/step
Meep progress: 24.256/72.33333206176758 = 33.5% done in 7799.5s, 15459.3s to go
on time step 97025 (time=24.2563), 0.0754728 s/step
Meep progress: 24.26925/72.33333206176758 = 33.6% done in 7803.5s, 15454.5s to go
on time step 97078 (time=24.2695), 0.075529 s/step
Meep progress: 24.2825/72.33333206176758 = 33.6% done in 7807.5s, 15449.7s to go
on time step 97131 (time=24.2828), 0.0755186 s/step
Meep progress: 24.29575/72.33333206176758 = 33.6% done in 7811.5s, 15445.0s to go
on time step 97184 (time=24.296), 0.0758399 s/step
Meep progress: 24.309250000000002/72.33333206176758 = 33.6% done in 7815.6s, 15440.1s to go
on time step 97238 (time=24.3095), 0.0752164 s/step
Meep progress: 24.32275/72.33333206176758 = 33.6% done in 7819.7s, 15435.2s to go
on time step 97292 (time=24.323), 0.074855 s/step
Meep progress: 24.33625/72.33333206176758 = 33.6% done in 7823.7s, 15430.3s to go
on time step 97346 (time=24.3365), 0.0755099 s/step
Meep progress: 24.3495/72.33333206176758 = 33.7% done in 7827.7s, 15425.6s to go
on time step 97399 (time=24.3498), 0.0757535 s/step
Meep progress: 24.362750000000002/72.33333206176758 = 33.7% done in 7831.8s, 15420.9s to go
on time step 97452 (time=24.363), 0.0763687 s/step
Meep progress: 24.376/72.33333206176758 = 33.7% done in 7835.9s, 15416.3s to go
on time step 97504 (time=24.376), 0.0769424 s/step
Meep progress: 24.389/72.33333206176758 = 33.7% done in 7839.9s, 15411.8s to go
on time step 97556 (time=24.389), 0.0778159 s/step
Meep progress: 24.402250000000002/72.33333206176758 = 33.7% done in 7844.0s, 15407.2s to go
on time step 97609 (time=24.4023), 0.076239 s/step
Meep progress: 24.4155/72.33333206176758 = 33.8% done in 7848.0s, 15402.5s to go
on time step 97662 (time=24.4155), 0.0761491 s/step
Meep progress: 24.429000000000002/72.33333206176758 = 33.8% done in 7852.1s, 15397.6s to go
on time step 97716 (time=24.429), 0.0753298 s/step
Meep progress: 24.44175/72.33333206176758 = 33.8% done in 7856.1s, 15393.3s to go
on time step 97767 (time=24.4417), 0.0788433 s/step
Meep progress: 24.45525/72.33333206176758 = 33.8% done in 7860.1s, 15388.5s to go
on time step 97821 (time=24.4552), 0.0751758 s/step
Meep progress: 24.46875/72.33333206176758 = 33.8% done in 7864.2s, 15383.5s to go
on time step 97875 (time=24.4688), 0.0748359 s/step
Meep progress: 24.482/72.33333206176758 = 33.8% done in 7868.2s, 15378.8s to go
on time step 97929 (time=24.4823), 0.0754209 s/step
Meep progress: 24.495250000000002/72.33333206176758 = 33.9% done in 7872.2s, 15374.0s to go
on time step 97982 (time=24.4955), 0.0755735 s/step
Meep progress: 24.50875/72.33333206176758 = 33.9% done in 7876.3s, 15369.1s to go
on time step 98036 (time=24.509), 0.0752152 s/step
Meep progress: 24.52225/72.33333206176758 = 33.9% done in 7880.3s, 15364.3s to go
on time step 98090 (time=24.5225), 0.0753197 s/step
Meep progress: 24.5355/72.33333206176758 = 33.9% done in 7884.4s, 15359.6s to go
on time step 98143 (time=24.5358), 0.0761019 s/step
Meep progress: 24.548750000000002/72.33333206176758 = 33.9% done in 7888.4s, 15355.0s to go
on time step 98195 (time=24.5488), 0.0770061 s/step
Meep progress: 24.56175/72.33333206176758 = 34.0% done in 7892.5s, 15350.5s to go
on time step 98247 (time=24.5617), 0.0772408 s/step
Meep progress: 24.575/72.33333206176758 = 34.0% done in 7896.5s, 15345.8s to go
on time step 98300 (time=24.575), 0.0759358 s/step
Meep progress: 24.588250000000002/72.33333206176758 = 34.0% done in 7900.5s, 15341.1s to go
on time step 98353 (time=24.5883), 0.0763795 s/step
Meep progress: 24.60125/72.33333206176758 = 34.0% done in 7904.6s, 15336.7s to go
on time step 98405 (time=24.6013), 0.078295 s/step
Meep progress: 24.61475/72.33333206176758 = 34.0% done in 7908.7s, 15331.9s to go
on time step 98459 (time=24.6148), 0.0752905 s/step
Meep progress: 24.628/72.33333206176758 = 34.0% done in 7912.7s, 15327.1s to go
on time step 98512 (time=24.628), 0.0756749 s/step
Meep progress: 24.64125/72.33333206176758 = 34.1% done in 7916.7s, 15322.4s to go
on time step 98565 (time=24.6412), 0.0761389 s/step
Meep progress: 24.6545/72.33333206176758 = 34.1% done in 7920.7s, 15317.7s to go
on time step 98618 (time=24.6545), 0.0754916 s/step
Meep progress: 24.66775/72.33333206176758 = 34.1% done in 7924.7s, 15313.0s to go
on time step 98671 (time=24.6678), 0.0756498 s/step
Meep progress: 24.681250000000002/72.33333206176758 = 34.1% done in 7928.8s, 15308.1s to go
on time step 98725 (time=24.6813), 0.0750546 s/step
Meep progress: 24.6945/72.33333206176758 = 34.1% done in 7932.8s, 15303.4s to go
on time step 98778 (time=24.6945), 0.0759284 s/step
Meep progress: 24.708000000000002/72.33333206176758 = 34.2% done in 7936.9s, 15298.5s to go
on time step 98832 (time=24.708), 0.0750404 s/step
Meep progress: 24.7215/72.33333206176758 = 34.2% done in 7940.9s, 15293.6s to go
on time step 98886 (time=24.7215), 0.0745209 s/step
Meep progress: 24.734750000000002/72.33333206176758 = 34.2% done in 7944.9s, 15288.9s to go
on time step 98939 (time=24.7348), 0.0763863 s/step
Meep progress: 24.74825/72.33333206176758 = 34.2% done in 7949.0s, 15284.0s to go
on time step 98993 (time=24.7482), 0.0747299 s/step
Meep progress: 24.76175/72.33333206176758 = 34.2% done in 7953.0s, 15279.1s to go
on time step 99047 (time=24.7617), 0.0748527 s/step
Meep progress: 24.77525/72.33333206176758 = 34.3% done in 7957.0s, 15274.2s to go
on time step 99101 (time=24.7752), 0.0747221 s/step
Meep progress: 24.78825/72.33333206176758 = 34.3% done in 7961.1s, 15269.7s to go
on time step 99153 (time=24.7883), 0.0771518 s/step
Meep progress: 24.8015/72.33333206176758 = 34.3% done in 7965.1s, 15265.1s to go
on time step 99206 (time=24.8015), 0.0767955 s/step
Meep progress: 24.815/72.33333206176758 = 34.3% done in 7969.2s, 15260.2s to go
on time step 99260 (time=24.815), 0.0751288 s/step
Meep progress: 24.82825/72.33333206176758 = 34.3% done in 7973.2s, 15255.5s to go
on time step 99313 (time=24.8283), 0.076021 s/step
Meep progress: 24.8415/72.33333206176758 = 34.3% done in 7977.3s, 15250.9s to go
on time step 99366 (time=24.8415), 0.0766663 s/step
Meep progress: 24.855/72.33333206176758 = 34.4% done in 7981.3s, 15246.0s to go
on time step 99420 (time=24.855), 0.0751913 s/step
Meep progress: 24.8685/72.33333206176758 = 34.4% done in 7985.4s, 15241.2s to go
on time step 99474 (time=24.8685), 0.0753313 s/step
Meep progress: 24.882/72.33333206176758 = 34.4% done in 7989.5s, 15236.4s to go
on time step 99528 (time=24.882), 0.0753933 s/step
Meep progress: 24.895500000000002/72.33333206176758 = 34.4% done in 7993.5s, 15231.5s to go
on time step 99582 (time=24.8955), 0.0752172 s/step
Meep progress: 24.90875/72.33333206176758 = 34.4% done in 7997.5s, 15226.8s to go
on time step 99636 (time=24.909), 0.0753626 s/step
Meep progress: 24.922250000000002/72.33333206176758 = 34.5% done in 8001.6s, 15221.8s to go
on time step 99690 (time=24.9225), 0.0744114 s/step
Meep progress: 24.9355/72.33333206176758 = 34.5% done in 8005.6s, 15217.2s to go
on time step 99743 (time=24.9357), 0.0760914 s/step
Meep progress: 24.9485/72.33333206176758 = 34.5% done in 8009.6s, 15212.7s to go
on time step 99795 (time=24.9488), 0.0771975 s/step
Meep progress: 24.962/72.33333206176758 = 34.5% done in 8013.7s, 15207.8s to go
on time step 99849 (time=24.9623), 0.0750413 s/step
Meep progress: 24.97525/72.33333206176758 = 34.5% done in 8017.7s, 15203.1s to go
on time step 99902 (time=24.9755), 0.0756154 s/step
Meep progress: 24.98825/72.33333206176758 = 34.5% done in 8021.7s, 15198.6s to go
on time step 99954 (time=24.9885), 0.077369 s/step
Meep progress: 25.0015/72.33333206176758 = 34.6% done in 8025.7s, 15193.9s to go
on time step 100007 (time=25.0018), 0.0757205 s/step
Meep progress: 25.015/72.33333206176758 = 34.6% done in 8029.7s, 15189.0s to go
on time step 100061 (time=25.0153), 0.0747511 s/step
Meep progress: 25.02825/72.33333206176758 = 34.6% done in 8033.8s, 15184.4s to go
on time step 100114 (time=25.0285), 0.0770787 s/step
Meep progress: 25.04125/72.33333206176758 = 34.6% done in 8037.9s, 15180.1s to go
on time step 100166 (time=25.0415), 0.0780373 s/step
Meep progress: 25.054750000000002/72.33333206176758 = 34.6% done in 8041.9s, 15175.2s to go
on time step 100220 (time=25.055), 0.0751626 s/step
Meep progress: 25.068/72.33333206176758 = 34.7% done in 8046.0s, 15170.5s to go
on time step 100273 (time=25.0682), 0.0756438 s/step
Meep progress: 25.08125/72.33333206176758 = 34.7% done in 8050.0s, 15165.8s to go
on time step 100326 (time=25.0815), 0.075749 s/step
Meep progress: 25.09475/72.33333206176758 = 34.7% done in 8054.0s, 15161.0s to go
on time step 100380 (time=25.095), 0.0751925 s/step
Meep progress: 25.10825/72.33333206176758 = 34.7% done in 8058.1s, 15156.1s to go
on time step 100434 (time=25.1085), 0.0748988 s/step
Meep progress: 25.121750000000002/72.33333206176758 = 34.7% done in 8062.1s, 15151.2s to go
on time step 100488 (time=25.122), 0.0747685 s/step
Meep progress: 25.135/72.33333206176758 = 34.7% done in 8066.2s, 15146.6s to go
on time step 100541 (time=25.1352), 0.0767273 s/step
Meep progress: 25.148/72.33333206176758 = 34.8% done in 8070.2s, 15142.1s to go
on time step 100594 (time=25.1485), 0.0766815 s/step
Meep progress: 25.16125/72.33333206176758 = 34.8% done in 8074.2s, 15137.4s to go
on time step 100647 (time=25.1618), 0.0761815 s/step
Meep progress: 25.174500000000002/72.33333206176758 = 34.8% done in 8078.2s, 15132.7s to go
on time step 100700 (time=25.175), 0.0755194 s/step
Meep progress: 25.1875/72.33333206176758 = 34.8% done in 8082.2s, 15128.3s to go
on time step 100752 (time=25.188), 0.0774826 s/step
Meep progress: 25.20075/72.33333206176758 = 34.8% done in 8086.2s, 15123.6s to go
on time step 100805 (time=25.2013), 0.0758919 s/step
Meep progress: 25.21425/72.33333206176758 = 34.9% done in 8090.3s, 15118.7s to go
on time step 100859 (time=25.2148), 0.0744371 s/step
Meep progress: 25.22775/72.33333206176758 = 34.9% done in 8094.4s, 15113.9s to go
on time step 100912 (time=25.228), 0.0754767 s/step
Meep progress: 25.241/72.33333206176758 = 34.9% done in 8098.4s, 15109.2s to go
on time step 100966 (time=25.2415), 0.0754174 s/step
Meep progress: 25.25425/72.33333206176758 = 34.9% done in 8102.4s, 15104.5s to go
on time step 101019 (time=25.2548), 0.075992 s/step
Meep progress: 25.26775/72.33333206176758 = 34.9% done in 8106.4s, 15099.6s to go
on time step 101073 (time=25.2683), 0.0745955 s/step
Meep progress: 25.281/72.33333206176758 = 35.0% done in 8110.4s, 15094.9s to go
on time step 101126 (time=25.2815), 0.0756843 s/step
Meep progress: 25.2945/72.33333206176758 = 35.0% done in 8114.5s, 15090.1s to go
on time step 101179 (time=25.2948), 0.0754901 s/step
Meep progress: 25.308/72.33333206176758 = 35.0% done in 8118.5s, 15085.2s to go
on time step 101233 (time=25.3083), 0.0746957 s/step
Meep progress: 25.3215/72.33333206176758 = 35.0% done in 8122.6s, 15080.3s to go
on time step 101287 (time=25.3218), 0.0743895 s/step
Meep progress: 25.33475/72.33333206176758 = 35.0% done in 8126.6s, 15075.7s to go
on time step 101340 (time=25.335), 0.0761075 s/step
Meep progress: 25.348/72.33333206176758 = 35.0% done in 8130.7s, 15071.1s to go
on time step 101393 (time=25.3483), 0.0769029 s/step
Meep progress: 25.361250000000002/72.33333206176758 = 35.1% done in 8134.7s, 15066.4s to go
on time step 101446 (time=25.3615), 0.0756943 s/step
Meep progress: 25.3745/72.33333206176758 = 35.1% done in 8138.7s, 15061.8s to go
on time step 101499 (time=25.3747), 0.0762159 s/step
Meep progress: 25.38725/72.33333206176758 = 35.1% done in 8142.7s, 15057.5s to go
on time step 101550 (time=25.3875), 0.078606 s/step
Meep progress: 25.4005/72.33333206176758 = 35.1% done in 8146.7s, 15052.8s to go
on time step 101603 (time=25.4008), 0.0756947 s/step
Meep progress: 25.414/72.33333206176758 = 35.1% done in 8150.7s, 15047.9s to go
on time step 101657 (time=25.4142), 0.0741212 s/step
Meep progress: 25.42725/72.33333206176758 = 35.2% done in 8154.8s, 15043.3s to go
on time step 101709 (time=25.4273), 0.0769532 s/step
Meep progress: 25.4405/72.33333206176758 = 35.2% done in 8158.9s, 15038.8s to go
on time step 101762 (time=25.4405), 0.0768215 s/step
Meep progress: 25.454/72.33333206176758 = 35.2% done in 8163.0s, 15034.0s to go
on time step 101816 (time=25.454), 0.0755378 s/step
Meep progress: 25.46725/72.33333206176758 = 35.2% done in 8167.0s, 15029.3s to go
on time step 101869 (time=25.4672), 0.0755562 s/step
Meep progress: 25.4805/72.33333206176758 = 35.2% done in 8171.0s, 15024.6s to go
on time step 101922 (time=25.4805), 0.0759629 s/step
Meep progress: 25.493750000000002/72.33333206176758 = 35.2% done in 8175.0s, 15019.9s to go
on time step 101976 (time=25.494), 0.0754585 s/step
Meep progress: 25.507/72.33333206176758 = 35.3% done in 8179.0s, 15015.2s to go
on time step 102029 (time=25.5072), 0.0754813 s/step
Meep progress: 25.520500000000002/72.33333206176758 = 35.3% done in 8183.1s, 15010.4s to go
on time step 102083 (time=25.5207), 0.0750548 s/step
Meep progress: 25.53375/72.33333206176758 = 35.3% done in 8187.1s, 15005.8s to go
on time step 102136 (time=25.534), 0.076541 s/step
Meep progress: 25.547/72.33333206176758 = 35.3% done in 8191.1s, 15001.1s to go
on time step 102189 (time=25.5473), 0.0759655 s/step
Meep progress: 25.5605/72.33333206176758 = 35.3% done in 8195.2s, 14996.3s to go
on time step 102243 (time=25.5608), 0.0750539 s/step
Meep progress: 25.57375/72.33333206176758 = 35.4% done in 8199.2s, 14991.6s to go
on time step 102296 (time=25.574), 0.075708 s/step
Meep progress: 25.587/72.33333206176758 = 35.4% done in 8203.3s, 14987.0s to go
on time step 102349 (time=25.5873), 0.0762541 s/step
Meep progress: 25.6/72.33333206176758 = 35.4% done in 8207.3s, 14982.6s to go
on time step 102401 (time=25.6002), 0.0783505 s/step
Meep progress: 25.61325/72.33333206176758 = 35.4% done in 8211.4s, 14978.0s to go
on time step 102454 (time=25.6135), 0.0765233 s/step
Meep progress: 25.626/72.33333206176758 = 35.4% done in 8215.4s, 14973.9s to go
on time step 102505 (time=25.6262), 0.0792176 s/step
Meep progress: 25.63875/72.33333206176758 = 35.4% done in 8219.5s, 14969.7s to go
on time step 102556 (time=25.639), 0.0794861 s/step
Meep progress: 25.65175/72.33333206176758 = 35.5% done in 8223.5s, 14965.3s to go
on time step 102608 (time=25.652), 0.0769729 s/step
Meep progress: 25.66475/72.33333206176758 = 35.5% done in 8227.5s, 14960.8s to go
on time step 102660 (time=25.665), 0.0776655 s/step
Meep progress: 25.67775/72.33333206176758 = 35.5% done in 8231.5s, 14956.4s to go
on time step 102713 (time=25.6783), 0.0768437 s/step
Meep progress: 25.69025/72.33333206176758 = 35.5% done in 8235.5s, 14952.4s to go
on time step 102763 (time=25.6908), 0.0800468 s/step
Meep progress: 25.70325/72.33333206176758 = 35.5% done in 8239.6s, 14948.0s to go
on time step 102815 (time=25.7037), 0.0782575 s/step
Meep progress: 25.71575/72.33333206176758 = 35.6% done in 8243.6s, 14944.1s to go
on time step 102865 (time=25.7163), 0.0809694 s/step
Meep progress: 25.72825/72.33333206176758 = 35.6% done in 8247.7s, 14940.1s to go
on time step 102915 (time=25.7288), 0.0803999 s/step
Meep progress: 25.74025/72.33333206176758 = 35.6% done in 8251.7s, 14936.6s to go
on time step 102963 (time=25.7408), 0.0841044 s/step
Meep progress: 25.7525/72.33333206176758 = 35.6% done in 8255.7s, 14932.8s to go
on time step 103012 (time=25.753), 0.0819093 s/step
Meep progress: 25.76375/72.33333206176758 = 35.6% done in 8259.8s, 14930.1s to go
on time step 103056 (time=25.764), 0.0909546 s/step
Meep progress: 25.77475/72.33333206176758 = 35.6% done in 8263.8s, 14927.4s to go
on time step 103100 (time=25.775), 0.0911265 s/step
Meep progress: 25.78775/72.33333206176758 = 35.7% done in 8267.9s, 14923.1s to go
on time step 103152 (time=25.788), 0.0781082 s/step
Meep progress: 25.80075/72.33333206176758 = 35.7% done in 8271.9s, 14918.7s to go
on time step 103204 (time=25.801), 0.0779407 s/step
Meep progress: 25.81375/72.33333206176758 = 35.7% done in 8275.9s, 14914.2s to go
on time step 103257 (time=25.8143), 0.0767675 s/step
Meep progress: 25.8265/72.33333206176758 = 35.7% done in 8280.0s, 14910.1s to go
on time step 103308 (time=25.827), 0.0792787 s/step
Meep progress: 25.83925/72.33333206176758 = 35.7% done in 8284.0s, 14905.9s to go
on time step 103359 (time=25.8398), 0.0790016 s/step
Meep progress: 25.85225/72.33333206176758 = 35.7% done in 8288.1s, 14901.5s to go
on time step 103411 (time=25.8528), 0.0781299 s/step
Meep progress: 25.8655/72.33333206176758 = 35.8% done in 8292.1s, 14896.9s to go
on time step 103464 (time=25.866), 0.0762295 s/step
Meep progress: 25.879/72.33333206176758 = 35.8% done in 8296.2s, 14892.1s to go
on time step 103518 (time=25.8795), 0.0752044 s/step
Meep progress: 25.89225/72.33333206176758 = 35.8% done in 8300.2s, 14887.5s to go
on time step 103571 (time=25.8927), 0.0760965 s/step
Meep progress: 25.9055/72.33333206176758 = 35.8% done in 8304.2s, 14882.9s to go
on time step 103624 (time=25.906), 0.0765648 s/step
Meep progress: 25.91875/72.33333206176758 = 35.8% done in 8308.2s, 14878.2s to go
on time step 103677 (time=25.9193), 0.0755551 s/step
Meep progress: 25.93175/72.33333206176758 = 35.9% done in 8312.3s, 14873.7s to go
on time step 103729 (time=25.9322), 0.0769614 s/step
Meep progress: 25.94475/72.33333206176758 = 35.9% done in 8316.3s, 14869.4s to go
on time step 103780 (time=25.945), 0.0785604 s/step
Meep progress: 25.95775/72.33333206176758 = 35.9% done in 8320.4s, 14865.1s to go
on time step 103832 (time=25.958), 0.0779444 s/step
Meep progress: 25.971/72.33333206176758 = 35.9% done in 8324.4s, 14860.5s to go
on time step 103885 (time=25.9713), 0.0763194 s/step
Meep progress: 25.98425/72.33333206176758 = 35.9% done in 8328.5s, 14855.9s to go
on time step 103938 (time=25.9845), 0.0765181 s/step
Meep progress: 25.997500000000002/72.33333206176758 = 35.9% done in 8332.5s, 14851.2s to go
on time step 103991 (time=25.9977), 0.0755512 s/step
Meep progress: 26.0105/72.33333206176758 = 36.0% done in 8336.5s, 14846.8s to go
on time step 104043 (time=26.0108), 0.0775171 s/step
Meep progress: 26.024/72.33333206176758 = 36.0% done in 8340.6s, 14842.0s to go
on time step 104097 (time=26.0243), 0.0751271 s/step
Meep progress: 26.03725/72.33333206176758 = 36.0% done in 8344.6s, 14837.3s to go
on time step 104150 (time=26.0375), 0.0760145 s/step
Meep progress: 26.05075/72.33333206176758 = 36.0% done in 8348.7s, 14832.5s to go
on time step 104204 (time=26.051), 0.075233 s/step
Meep progress: 26.064/72.33333206176758 = 36.0% done in 8352.7s, 14827.9s to go
on time step 104257 (time=26.0643), 0.0758815 s/step
Meep progress: 26.0775/72.33333206176758 = 36.1% done in 8356.8s, 14823.1s to go
on time step 104311 (time=26.0778), 0.0753361 s/step
Meep progress: 26.091/72.33333206176758 = 36.1% done in 8360.8s, 14818.3s to go
on time step 104365 (time=26.0913), 0.0752837 s/step
Meep progress: 26.10425/72.33333206176758 = 36.1% done in 8364.9s, 14813.8s to go
on time step 104418 (time=26.1045), 0.0767151 s/step
Meep progress: 26.117250000000002/72.33333206176758 = 36.1% done in 8369.0s, 14809.4s to go
on time step 104470 (time=26.1175), 0.0779743 s/step
Meep progress: 26.13025/72.33333206176758 = 36.1% done in 8373.0s, 14805.0s to go
on time step 104522 (time=26.1305), 0.0777716 s/step
Meep progress: 26.1435/72.33333206176758 = 36.1% done in 8377.1s, 14800.4s to go
on time step 104575 (time=26.1438), 0.0762101 s/step
Meep progress: 26.15675/72.33333206176758 = 36.2% done in 8381.1s, 14795.9s to go
on time step 104628 (time=26.157), 0.0766608 s/step
Meep progress: 26.17/72.33333206176758 = 36.2% done in 8385.1s, 14791.2s to go
on time step 104681 (time=26.1702), 0.0755863 s/step
Meep progress: 26.18325/72.33333206176758 = 36.2% done in 8389.1s, 14786.5s to go
on time step 104734 (time=26.1835), 0.0755474 s/step
Meep progress: 26.19625/72.33333206176758 = 36.2% done in 8393.1s, 14782.1s to go
on time step 104786 (time=26.1965), 0.0773425 s/step
Meep progress: 26.20925/72.33333206176758 = 36.2% done in 8397.2s, 14777.7s to go
on time step 104838 (time=26.2095), 0.0778105 s/step
Meep progress: 26.2225/72.33333206176758 = 36.3% done in 8401.2s, 14773.1s to go
on time step 104891 (time=26.2228), 0.0754874 s/step
Meep progress: 26.23575/72.33333206176758 = 36.3% done in 8405.3s, 14768.5s to go
on time step 104944 (time=26.236), 0.0766665 s/step
Meep progress: 26.24925/72.33333206176758 = 36.3% done in 8409.3s, 14763.7s to go
on time step 104998 (time=26.2495), 0.0751027 s/step
Meep progress: 26.2625/72.33333206176758 = 36.3% done in 8413.4s, 14759.1s to go
on time step 105051 (time=26.2628), 0.0761918 s/step
Meep progress: 26.275750000000002/72.33333206176758 = 36.3% done in 8417.4s, 14754.5s to go
on time step 105104 (time=26.276), 0.0768247 s/step
Meep progress: 26.2885/72.33333206176758 = 36.3% done in 8421.4s, 14750.3s to go
on time step 105156 (time=26.289), 0.0783404 s/step
Meep progress: 26.30125/72.33333206176758 = 36.4% done in 8425.4s, 14746.1s to go
on time step 105207 (time=26.3018), 0.0785546 s/step
Meep progress: 26.3145/72.33333206176758 = 36.4% done in 8429.5s, 14741.5s to go
on time step 105260 (time=26.315), 0.0763027 s/step
Meep progress: 26.32775/72.33333206176758 = 36.4% done in 8433.5s, 14736.9s to go
on time step 105313 (time=26.3283), 0.0768054 s/step
Meep progress: 26.341/72.33333206176758 = 36.4% done in 8437.6s, 14732.4s to go
on time step 105366 (time=26.3415), 0.0764351 s/step
Meep progress: 26.354/72.33333206176758 = 36.4% done in 8441.7s, 14728.1s to go
on time step 105417 (time=26.3543), 0.0785388 s/step
Meep progress: 26.367250000000002/72.33333206176758 = 36.5% done in 8445.7s, 14723.5s to go
on time step 105470 (time=26.3675), 0.0767295 s/step
Meep progress: 26.3805/72.33333206176758 = 36.5% done in 8449.8s, 14718.8s to go
on time step 105523 (time=26.3807), 0.0754797 s/step
Meep progress: 26.394000000000002/72.33333206176758 = 36.5% done in 8453.8s, 14714.1s to go
on time step 105577 (time=26.3942), 0.075336 s/step
Meep progress: 26.40725/72.33333206176758 = 36.5% done in 8457.9s, 14709.5s to go
on time step 105630 (time=26.4075), 0.0765103 s/step
Meep progress: 26.4205/72.33333206176758 = 36.5% done in 8461.9s, 14704.8s to go
on time step 105683 (time=26.4208), 0.0755458 s/step
Meep progress: 26.434/72.33333206176758 = 36.5% done in 8466.0s, 14700.1s to go
on time step 105737 (time=26.4343), 0.075461 s/step
Meep progress: 26.44725/72.33333206176758 = 36.6% done in 8470.0s, 14695.4s to go
on time step 105790 (time=26.4475), 0.0757332 s/step
Meep progress: 26.4605/72.33333206176758 = 36.6% done in 8474.0s, 14690.8s to go
on time step 105844 (time=26.461), 0.07541 s/step
Meep progress: 26.474/72.33333206176758 = 36.6% done in 8478.1s, 14686.0s to go
on time step 105898 (time=26.4745), 0.0755155 s/step
Meep progress: 26.4875/72.33333206176758 = 36.6% done in 8482.1s, 14681.2s to go
on time step 105952 (time=26.488), 0.0751036 s/step
Meep progress: 26.50075/72.33333206176758 = 36.6% done in 8486.1s, 14676.6s to go
on time step 106005 (time=26.5012), 0.076318 s/step
Meep progress: 26.514/72.33333206176758 = 36.7% done in 8490.2s, 14672.1s to go
on time step 106058 (time=26.5145), 0.0762618 s/step
Meep progress: 26.527250000000002/72.33333206176758 = 36.7% done in 8494.2s, 14667.4s to go
on time step 106111 (time=26.5278), 0.0758337 s/step
Meep progress: 26.54075/72.33333206176758 = 36.7% done in 8498.3s, 14662.7s to go
on time step 106165 (time=26.5413), 0.0752964 s/step
Meep progress: 26.554000000000002/72.33333206176758 = 36.7% done in 8502.3s, 14658.1s to go
on time step 106218 (time=26.5545), 0.0762418 s/step
Meep progress: 26.56725/72.33333206176758 = 36.7% done in 8506.3s, 14653.5s to go
on time step 106271 (time=26.5678), 0.0756928 s/step
Meep progress: 26.5805/72.33333206176758 = 36.7% done in 8510.4s, 14648.8s to go
on time step 106324 (time=26.581), 0.0758658 s/step
Meep progress: 26.59375/72.33333206176758 = 36.8% done in 8514.4s, 14644.3s to go
on time step 106376 (time=26.594), 0.0769877 s/step
Meep progress: 26.607/72.33333206176758 = 36.8% done in 8518.5s, 14639.7s to go
on time step 106429 (time=26.6073), 0.0760157 s/step
Meep progress: 26.620250000000002/72.33333206176758 = 36.8% done in 8522.5s, 14635.1s to go
on time step 106482 (time=26.6205), 0.0758524 s/step
Meep progress: 26.63375/72.33333206176758 = 36.8% done in 8526.5s, 14630.3s to go
on time step 106536 (time=26.634), 0.0745254 s/step
Meep progress: 26.646/72.33333206176758 = 36.8% done in 8530.6s, 14626.5s to go
on time step 106585 (time=26.6463), 0.0827373 s/step
Meep progress: 26.65825/72.33333206176758 = 36.9% done in 8534.6s, 14622.9s to go
on time step 106634 (time=26.6585), 0.0833353 s/step
Meep progress: 26.6715/72.33333206176758 = 36.9% done in 8538.7s, 14618.3s to go
on time step 106687 (time=26.6717), 0.076194 s/step
Meep progress: 26.685000000000002/72.33333206176758 = 36.9% done in 8542.8s, 14613.6s to go
on time step 106741 (time=26.6852), 0.0753473 s/step
Meep progress: 26.69825/72.33333206176758 = 36.9% done in 8546.8s, 14608.9s to go
on time step 106794 (time=26.6985), 0.07556 s/step
Meep progress: 26.711000000000002/72.33333206176758 = 36.9% done in 8550.8s, 14604.8s to go
on time step 106845 (time=26.7112), 0.0793987 s/step
Meep progress: 26.72425/72.33333206176758 = 36.9% done in 8554.9s, 14600.2s to go
on time step 106898 (time=26.7245), 0.0766546 s/step
Meep progress: 26.73725/72.33333206176758 = 37.0% done in 8558.9s, 14595.8s to go
on time step 106950 (time=26.7375), 0.0769491 s/step
Meep progress: 26.7505/72.33333206176758 = 37.0% done in 8563.0s, 14591.3s to go
on time step 107002 (time=26.7505), 0.0770122 s/step
Meep progress: 26.7635/72.33333206176758 = 37.0% done in 8567.0s, 14586.9s to go
on time step 107054 (time=26.7635), 0.0769797 s/step
Meep progress: 26.77675/72.33333206176758 = 37.0% done in 8571.0s, 14582.3s to go
on time step 107107 (time=26.7767), 0.0762567 s/step
Meep progress: 26.79/72.33333206176758 = 37.0% done in 8575.0s, 14577.7s to go
on time step 107160 (time=26.79), 0.075815 s/step
Meep progress: 26.8035/72.33333206176758 = 37.1% done in 8579.1s, 14572.9s to go
on time step 107214 (time=26.8035), 0.0750424 s/step
Meep progress: 26.817/72.33333206176758 = 37.1% done in 8583.2s, 14568.1s to go
on time step 107268 (time=26.817), 0.0753121 s/step
Meep progress: 26.8305/72.33333206176758 = 37.1% done in 8587.2s, 14563.4s to go
on time step 107322 (time=26.8305), 0.075087 s/step
Meep progress: 26.84375/72.33333206176758 = 37.1% done in 8591.3s, 14558.8s to go
on time step 107375 (time=26.8438), 0.0764996 s/step
Meep progress: 26.85725/72.33333206176758 = 37.1% done in 8595.3s, 14554.0s to go
on time step 107429 (time=26.8573), 0.0750851 s/step
Meep progress: 26.87075/72.33333206176758 = 37.1% done in 8599.4s, 14549.3s to go
on time step 107483 (time=26.8708), 0.0750319 s/step
Meep progress: 26.88425/72.33333206176758 = 37.2% done in 8603.4s, 14544.5s to go
on time step 107537 (time=26.8843), 0.0748516 s/step
Meep progress: 26.8975/72.33333206176758 = 37.2% done in 8607.5s, 14539.9s to go
on time step 107590 (time=26.8975), 0.0765301 s/step
Meep progress: 26.91075/72.33333206176758 = 37.2% done in 8611.5s, 14535.4s to go
on time step 107643 (time=26.9108), 0.0767608 s/step
Meep progress: 26.924/72.33333206176758 = 37.2% done in 8615.6s, 14530.8s to go
on time step 107696 (time=26.924), 0.0761921 s/step
Meep progress: 26.937/72.33333206176758 = 37.2% done in 8619.6s, 14526.4s to go
on time step 107748 (time=26.937), 0.0776032 s/step
Meep progress: 26.9505/72.33333206176758 = 37.3% done in 8623.7s, 14521.7s to go
on time step 107802 (time=26.9505), 0.0749031 s/step
Meep progress: 26.964000000000002/72.33333206176758 = 37.3% done in 8627.7s, 14516.9s to go
on time step 107856 (time=26.964), 0.0754827 s/step
Meep progress: 26.9775/72.33333206176758 = 37.3% done in 8631.8s, 14512.2s to go
on time step 107910 (time=26.9775), 0.0752452 s/step
Meep progress: 26.990750000000002/72.33333206176758 = 37.3% done in 8635.8s, 14507.6s to go
on time step 107963 (time=26.9908), 0.0756495 s/step
Meep progress: 27.004/72.33333206176758 = 37.3% done in 8639.8s, 14502.9s to go
on time step 108016 (time=27.004), 0.07553 s/step
Meep progress: 27.017500000000002/72.33333206176758 = 37.4% done in 8643.8s, 14498.1s to go
on time step 108070 (time=27.0175), 0.0746542 s/step
Meep progress: 27.031/72.33333206176758 = 37.4% done in 8647.9s, 14493.4s to go
on time step 108124 (time=27.031), 0.0751305 s/step
Meep progress: 27.0445/72.33333206176758 = 37.4% done in 8652.0s, 14488.6s to go
on time step 108178 (time=27.0445), 0.0754179 s/step
Meep progress: 27.058/72.33333206176758 = 37.4% done in 8656.0s, 14483.9s to go
on time step 108232 (time=27.058), 0.0749465 s/step
Meep progress: 27.0715/72.33333206176758 = 37.4% done in 8660.0s, 14479.1s to go
on time step 108286 (time=27.0715), 0.0744653 s/step
Meep progress: 27.085/72.33333206176758 = 37.4% done in 8664.1s, 14474.3s to go
on time step 108340 (time=27.085), 0.0747161 s/step
Meep progress: 27.09825/72.33333206176758 = 37.5% done in 8668.1s, 14469.7s to go
on time step 108393 (time=27.0983), 0.0762389 s/step
Meep progress: 27.1115/72.33333206176758 = 37.5% done in 8672.2s, 14465.2s to go
on time step 108446 (time=27.1115), 0.0765528 s/step
Meep progress: 27.125/72.33333206176758 = 37.5% done in 8676.2s, 14460.4s to go
on time step 108500 (time=27.125), 0.0749917 s/step
Meep progress: 27.138/72.33333206176758 = 37.5% done in 8680.2s, 14456.0s to go
on time step 108552 (time=27.138), 0.0771497 s/step
Meep progress: 27.15125/72.33333206176758 = 37.5% done in 8684.3s, 14451.4s to go
on time step 108605 (time=27.1513), 0.0760225 s/step
Meep progress: 27.16475/72.33333206176758 = 37.6% done in 8688.3s, 14446.6s to go
on time step 108659 (time=27.1648), 0.0745077 s/step
Meep progress: 27.178250000000002/72.33333206176758 = 37.6% done in 8692.3s, 14441.8s to go
on time step 108713 (time=27.1783), 0.0747467 s/step
Meep progress: 27.1915/72.33333206176758 = 37.6% done in 8696.4s, 14437.3s to go
on time step 108766 (time=27.1915), 0.0764382 s/step
Meep progress: 27.20475/72.33333206176758 = 37.6% done in 8700.4s, 14432.6s to go
on time step 108819 (time=27.2048), 0.0755011 s/step
Meep progress: 27.217750000000002/72.33333206176758 = 37.6% done in 8704.4s, 14428.3s to go
on time step 108871 (time=27.2178), 0.0777059 s/step
Meep progress: 27.231/72.33333206176758 = 37.6% done in 8708.5s, 14423.7s to go
on time step 108924 (time=27.231), 0.0762105 s/step
Meep progress: 27.244500000000002/72.33333206176758 = 37.7% done in 8712.5s, 14419.0s to go
on time step 108978 (time=27.2445), 0.0753404 s/step
Meep progress: 27.258/72.33333206176758 = 37.7% done in 8716.6s, 14414.3s to go
on time step 109032 (time=27.258), 0.0752335 s/step
Meep progress: 27.2715/72.33333206176758 = 37.7% done in 8720.7s, 14409.5s to go
on time step 109086 (time=27.2715), 0.0752642 s/step
Meep progress: 27.285/72.33333206176758 = 37.7% done in 8724.7s, 14404.8s to go
on time step 109140 (time=27.285), 0.0754898 s/step
Meep progress: 27.29825/72.33333206176758 = 37.7% done in 8728.8s, 14400.2s to go
on time step 109193 (time=27.2982), 0.0761805 s/step
Meep progress: 27.311500000000002/72.33333206176758 = 37.8% done in 8732.9s, 14395.8s to go
on time step 109246 (time=27.3115), 0.0770521 s/step
Meep progress: 27.32425/72.33333206176758 = 37.8% done in 8736.9s, 14391.6s to go
on time step 109297 (time=27.3242), 0.0791982 s/step
Meep progress: 27.33725/72.33333206176758 = 37.8% done in 8741.0s, 14387.3s to go
on time step 109349 (time=27.3373), 0.0784738 s/step
Meep progress: 27.3505/72.33333206176758 = 37.8% done in 8745.0s, 14382.7s to go
on time step 109402 (time=27.3505), 0.0754753 s/step
Meep progress: 27.363500000000002/72.33333206176758 = 37.8% done in 8749.0s, 14378.3s to go
on time step 109454 (time=27.3635), 0.0772922 s/step
Meep progress: 27.3765/72.33333206176758 = 37.8% done in 8753.0s, 14373.9s to go
on time step 109507 (time=27.3768), 0.0768207 s/step
Meep progress: 27.38975/72.33333206176758 = 37.9% done in 8757.0s, 14369.3s to go
on time step 109560 (time=27.39), 0.0755962 s/step
Meep progress: 27.40325/72.33333206176758 = 37.9% done in 8761.1s, 14364.6s to go
on time step 109614 (time=27.4035), 0.0753725 s/step
Meep progress: 27.4165/72.33333206176758 = 37.9% done in 8765.1s, 14360.0s to go
on time step 109667 (time=27.4168), 0.0761929 s/step
Meep progress: 27.429750000000002/72.33333206176758 = 37.9% done in 8769.2s, 14355.4s to go
on time step 109720 (time=27.43), 0.0760048 s/step
Meep progress: 27.44325/72.33333206176758 = 37.9% done in 8773.2s, 14350.7s to go
on time step 109774 (time=27.4435), 0.0748356 s/step
Meep progress: 27.45675/72.33333206176758 = 38.0% done in 8777.3s, 14346.0s to go
on time step 109828 (time=27.457), 0.0755215 s/step
Meep progress: 27.46975/72.33333206176758 = 38.0% done in 8781.3s, 14341.7s to go
on time step 109880 (time=27.47), 0.0780153 s/step
Meep progress: 27.48325/72.33333206176758 = 38.0% done in 8785.4s, 14336.9s to go
on time step 109934 (time=27.4835), 0.0753323 s/step
Meep progress: 27.496750000000002/72.33333206176758 = 38.0% done in 8789.4s, 14332.2s to go
on time step 109988 (time=27.497), 0.0746486 s/step
Meep progress: 27.5095/72.33333206176758 = 38.0% done in 8793.4s, 14328.0s to go
on time step 110039 (time=27.5098), 0.0785145 s/step
Meep progress: 27.5225/72.33333206176758 = 38.0% done in 8797.5s, 14323.6s to go
on time step 110091 (time=27.5228), 0.0776092 s/step
Meep progress: 27.536/72.33333206176758 = 38.1% done in 8801.5s, 14318.9s to go
on time step 110145 (time=27.5362), 0.0746061 s/step
Meep progress: 27.549500000000002/72.33333206176758 = 38.1% done in 8805.6s, 14314.1s to go
on time step 110199 (time=27.5497), 0.0753226 s/step
Meep progress: 27.5625/72.33333206176758 = 38.1% done in 8809.6s, 14309.7s to go
on time step 110252 (time=27.563), 0.0769795 s/step
Meep progress: 27.57575/72.33333206176758 = 38.1% done in 8813.6s, 14305.2s to go
on time step 110305 (time=27.5763), 0.0758901 s/step
Meep progress: 27.589000000000002/72.33333206176758 = 38.1% done in 8817.6s, 14300.6s to go
on time step 110358 (time=27.5895), 0.0761039 s/step
Meep progress: 27.6025/72.33333206176758 = 38.2% done in 8821.7s, 14295.8s to go
on time step 110412 (time=27.603), 0.0745077 s/step
Meep progress: 27.615750000000002/72.33333206176758 = 38.2% done in 8825.7s, 14291.3s to go
on time step 110465 (time=27.6163), 0.0762384 s/step
Meep progress: 27.62925/72.33333206176758 = 38.2% done in 8829.8s, 14286.6s to go
on time step 110519 (time=27.6298), 0.0753611 s/step
Meep progress: 27.64275/72.33333206176758 = 38.2% done in 8833.8s, 14281.8s to go
on time step 110573 (time=27.6433), 0.0752139 s/step
Meep progress: 27.656/72.33333206176758 = 38.2% done in 8837.8s, 14277.2s to go
on time step 110626 (time=27.6565), 0.0759256 s/step
Meep progress: 27.6695/72.33333206176758 = 38.3% done in 8841.9s, 14272.5s to go
on time step 110680 (time=27.67), 0.0747589 s/step
Meep progress: 27.683/72.33333206176758 = 38.3% done in 8846.0s, 14267.8s to go
on time step 110734 (time=27.6835), 0.0749633 s/step
Meep progress: 27.6965/72.33333206176758 = 38.3% done in 8850.0s, 14263.0s to go
on time step 110788 (time=27.697), 0.0742903 s/step
Meep progress: 27.709/72.33333206176758 = 38.3% done in 8854.0s, 14259.0s to go
on time step 110838 (time=27.7095), 0.0807624 s/step
Meep progress: 27.722/72.33333206176758 = 38.3% done in 8858.0s, 14254.6s to go
on time step 110890 (time=27.7225), 0.0769535 s/step
Meep progress: 27.735500000000002/72.33333206176758 = 38.3% done in 8862.1s, 14249.9s to go
on time step 110944 (time=27.736), 0.0752762 s/step
Meep progress: 27.749000000000002/72.33333206176758 = 38.4% done in 8866.1s, 14245.2s to go
on time step 110998 (time=27.7495), 0.0752663 s/step
Meep progress: 27.762/72.33333206176758 = 38.4% done in 8870.1s, 14240.8s to go
on time step 111050 (time=27.7625), 0.0769714 s/step
Meep progress: 27.77525/72.33333206176758 = 38.4% done in 8874.2s, 14236.3s to go
on time step 111103 (time=27.7758), 0.0764195 s/step
Meep progress: 27.78875/72.33333206176758 = 38.4% done in 8878.2s, 14231.5s to go
on time step 111157 (time=27.7892), 0.0748062 s/step
Meep progress: 27.80225/72.33333206176758 = 38.4% done in 8882.2s, 14226.8s to go
on time step 111211 (time=27.8027), 0.0745854 s/step
Meep progress: 27.81525/72.33333206176758 = 38.5% done in 8886.3s, 14222.4s to go
on time step 111263 (time=27.8158), 0.0783693 s/step
Meep progress: 27.82825/72.33333206176758 = 38.5% done in 8890.4s, 14218.2s to go
on time step 111315 (time=27.8287), 0.0776232 s/step
Meep progress: 27.8415/72.33333206176758 = 38.5% done in 8894.4s, 14213.6s to go
on time step 111368 (time=27.842), 0.0762802 s/step
Meep progress: 27.85475/72.33333206176758 = 38.5% done in 8898.4s, 14209.1s to go
on time step 111421 (time=27.8553), 0.0759805 s/step
Meep progress: 27.868000000000002/72.33333206176758 = 38.5% done in 8902.4s, 14204.5s to go
on time step 111474 (time=27.8685), 0.0755963 s/step
Meep progress: 27.881/72.33333206176758 = 38.5% done in 8906.5s, 14200.1s to go
on time step 111526 (time=27.8815), 0.0775608 s/step
Meep progress: 27.8945/72.33333206176758 = 38.6% done in 8910.5s, 14195.4s to go
on time step 111580 (time=27.895), 0.0749041 s/step
Meep progress: 27.90775/72.33333206176758 = 38.6% done in 8914.6s, 14190.9s to go
on time step 111633 (time=27.9082), 0.0765937 s/step
Meep progress: 27.921/72.33333206176758 = 38.6% done in 8918.6s, 14186.3s to go
on time step 111686 (time=27.9215), 0.0759384 s/step
Meep progress: 27.934250000000002/72.33333206176758 = 38.6% done in 8922.7s, 14181.8s to go
on time step 111739 (time=27.9348), 0.0766791 s/step
Meep progress: 27.9475/72.33333206176758 = 38.6% done in 8926.7s, 14177.3s to go
on time step 111792 (time=27.948), 0.0765586 s/step
Meep progress: 27.96075/72.33333206176758 = 38.7% done in 8930.8s, 14172.8s to go
on time step 111845 (time=27.9612), 0.0765981 s/step
Meep progress: 27.9735/72.33333206176758 = 38.7% done in 8934.8s, 14168.7s to go
on time step 111896 (time=27.974), 0.0795333 s/step
Meep progress: 27.98675/72.33333206176758 = 38.7% done in 8938.9s, 14164.1s to go
on time step 111949 (time=27.9872), 0.0756048 s/step
Meep progress: 28.0/72.33333206176758 = 38.7% done in 8942.9s, 14159.6s to go
on time step 112002 (time=28.0005), 0.0764096 s/step
Meep progress: 28.0135/72.33333206176758 = 38.7% done in 8947.0s, 14154.9s to go
on time step 112056 (time=28.014), 0.0750542 s/step
Meep progress: 28.02675/72.33333206176758 = 38.7% done in 8951.0s, 14150.3s to go
on time step 112109 (time=28.0273), 0.0756325 s/step
Meep progress: 28.04/72.33333206176758 = 38.8% done in 8955.0s, 14145.7s to go
on time step 112162 (time=28.0405), 0.0759647 s/step
Meep progress: 28.053250000000002/72.33333206176758 = 38.8% done in 8959.0s, 14141.2s to go
on time step 112215 (time=28.0538), 0.0761632 s/step
Meep progress: 28.06675/72.33333206176758 = 38.8% done in 8963.1s, 14136.5s to go
on time step 112269 (time=28.0673), 0.0754535 s/step
Meep progress: 28.080000000000002/72.33333206176758 = 38.8% done in 8967.1s, 14131.9s to go
on time step 112323 (time=28.0808), 0.0750426 s/step
Meep progress: 28.093500000000002/72.33333206176758 = 38.8% done in 8971.2s, 14127.2s to go
on time step 112377 (time=28.0942), 0.0754219 s/step
Meep progress: 28.10675/72.33333206176758 = 38.9% done in 8975.2s, 14122.7s to go
on time step 112430 (time=28.1075), 0.0762895 s/step
Meep progress: 28.12/72.33333206176758 = 38.9% done in 8979.2s, 14118.1s to go
on time step 112483 (time=28.1208), 0.0754799 s/step
Meep progress: 28.13325/72.33333206176758 = 38.9% done in 8983.3s, 14113.6s to go
on time step 112536 (time=28.134), 0.0765282 s/step
Meep progress: 28.146250000000002/72.33333206176758 = 38.9% done in 8987.3s, 14109.2s to go
on time step 112588 (time=28.147), 0.0775571 s/step
Meep progress: 28.15925/72.33333206176758 = 38.9% done in 8991.3s, 14104.9s to go
on time step 112640 (time=28.16), 0.0776366 s/step
Meep progress: 28.1725/72.33333206176758 = 38.9% done in 8995.3s, 14100.3s to go
on time step 112693 (time=28.1732), 0.075668 s/step
Meep progress: 28.1855/72.33333206176758 = 39.0% done in 8999.4s, 14096.0s to go
on time step 112745 (time=28.1863), 0.0778429 s/step
Meep progress: 28.19875/72.33333206176758 = 39.0% done in 9003.4s, 14091.5s to go
on time step 112798 (time=28.1995), 0.0760667 s/step
Meep progress: 28.21225/72.33333206176758 = 39.0% done in 9007.5s, 14086.8s to go
on time step 112852 (time=28.213), 0.0753819 s/step
Meep progress: 28.22575/72.33333206176758 = 39.0% done in 9011.6s, 14082.1s to go
on time step 112905 (time=28.2263), 0.0757274 s/step
Meep progress: 28.239/72.33333206176758 = 39.0% done in 9015.6s, 14077.5s to go
on time step 112959 (time=28.2398), 0.0751565 s/step
Meep progress: 28.25225/72.33333206176758 = 39.1% done in 9019.6s, 14073.0s to go
on time step 113012 (time=28.253), 0.0757982 s/step
Meep progress: 28.26575/72.33333206176758 = 39.1% done in 9023.6s, 14068.3s to go
on time step 113066 (time=28.2665), 0.0749151 s/step
Meep progress: 28.27925/72.33333206176758 = 39.1% done in 9027.7s, 14063.6s to go
on time step 113119 (time=28.2797), 0.0755971 s/step
Meep progress: 28.2925/72.33333206176758 = 39.1% done in 9031.8s, 14059.1s to go
on time step 113172 (time=28.293), 0.0769181 s/step
Meep progress: 28.305500000000002/72.33333206176758 = 39.1% done in 9035.9s, 14054.8s to go
on time step 113224 (time=28.306), 0.0780675 s/step
Meep progress: 28.31875/72.33333206176758 = 39.2% done in 9039.9s, 14050.4s to go
on time step 113277 (time=28.3193), 0.0767654 s/step
Meep progress: 28.332/72.33333206176758 = 39.2% done in 9044.0s, 14045.8s to go
on time step 113330 (time=28.3325), 0.0760953 s/step
Meep progress: 28.34525/72.33333206176758 = 39.2% done in 9048.0s, 14041.4s to go
on time step 113383 (time=28.3457), 0.0767136 s/step
Meep progress: 28.3585/72.33333206176758 = 39.2% done in 9052.1s, 14036.8s to go
on time step 113436 (time=28.359), 0.0762563 s/step
Meep progress: 28.3715/72.33333206176758 = 39.2% done in 9056.1s, 14032.4s to go
on time step 113489 (time=28.3723), 0.0766257 s/step
Meep progress: 28.38475/72.33333206176758 = 39.2% done in 9060.1s, 14027.9s to go
on time step 113542 (time=28.3855), 0.0764456 s/step
Meep progress: 28.398/72.33333206176758 = 39.3% done in 9064.2s, 14023.4s to go
on time step 113595 (time=28.3987), 0.0762861 s/step
Meep progress: 28.41125/72.33333206176758 = 39.3% done in 9068.2s, 14018.9s to go
on time step 113648 (time=28.412), 0.0760132 s/step
Meep progress: 28.424500000000002/72.33333206176758 = 39.3% done in 9072.2s, 14014.3s to go
on time step 113702 (time=28.4255), 0.0754601 s/step
Meep progress: 28.438/72.33333206176758 = 39.3% done in 9076.2s, 14009.6s to go
on time step 113756 (time=28.439), 0.0750834 s/step
Meep progress: 28.45125/72.33333206176758 = 39.3% done in 9080.3s, 14005.0s to go
on time step 113809 (time=28.4522), 0.0760255 s/step
Meep progress: 28.464750000000002/72.33333206176758 = 39.4% done in 9084.3s, 14000.3s to go
on time step 113863 (time=28.4657), 0.0748366 s/step
Meep progress: 28.478/72.33333206176758 = 39.4% done in 9088.3s, 13995.8s to go
on time step 113917 (time=28.4793), 0.0753196 s/step
Meep progress: 28.49125/72.33333206176758 = 39.4% done in 9092.3s, 13991.2s to go
on time step 113970 (time=28.4925), 0.0760547 s/step
Meep progress: 28.5045/72.33333206176758 = 39.4% done in 9096.4s, 13986.7s to go
on time step 114023 (time=28.5057), 0.0767046 s/step
Meep progress: 28.51775/72.33333206176758 = 39.4% done in 9100.4s, 13982.2s to go
on time step 114076 (time=28.519), 0.076614 s/step
Meep progress: 28.531000000000002/72.33333206176758 = 39.4% done in 9104.5s, 13977.7s to go
on time step 114129 (time=28.5323), 0.0758878 s/step
Meep progress: 28.54375/72.33333206176758 = 39.5% done in 9108.5s, 13973.6s to go
on time step 114180 (time=28.545), 0.0788403 s/step
Meep progress: 28.55675/72.33333206176758 = 39.5% done in 9112.6s, 13969.3s to go
on time step 114231 (time=28.5578), 0.0785469 s/step
Meep progress: 28.56975/72.33333206176758 = 39.5% done in 9116.6s, 13964.9s to go
on time step 114283 (time=28.5708), 0.0772022 s/step
Meep progress: 28.5825/72.33333206176758 = 39.5% done in 9120.6s, 13960.8s to go
on time step 114334 (time=28.5835), 0.0789744 s/step
Meep progress: 28.59525/72.33333206176758 = 39.5% done in 9124.6s, 13956.7s to go
on time step 114386 (time=28.5965), 0.0783396 s/step
Meep progress: 28.6085/72.33333206176758 = 39.6% done in 9128.7s, 13952.2s to go
on time step 114439 (time=28.6098), 0.0769784 s/step
Meep progress: 28.621750000000002/72.33333206176758 = 39.6% done in 9132.7s, 13947.6s to go
on time step 114493 (time=28.6233), 0.0752148 s/step
Meep progress: 28.63475/72.33333206176758 = 39.6% done in 9136.7s, 13943.3s to go
on time step 114545 (time=28.6363), 0.0774894 s/step
Meep progress: 28.647750000000002/72.33333206176758 = 39.6% done in 9140.8s, 13939.0s to go
on time step 114597 (time=28.6493), 0.0776531 s/step
Meep progress: 28.66/72.33333206176758 = 39.6% done in 9144.8s, 13935.3s to go
on time step 114645 (time=28.6612), 0.0837741 s/step
Meep progress: 28.673000000000002/72.33333206176758 = 39.6% done in 9148.9s, 13931.0s to go
on time step 114698 (time=28.6745), 0.076779 s/step
Meep progress: 28.686/72.33333206176758 = 39.7% done in 9152.9s, 13926.7s to go
on time step 114750 (time=28.6875), 0.0780971 s/step
Meep progress: 28.699/72.33333206176758 = 39.7% done in 9157.0s, 13922.3s to go
on time step 114802 (time=28.7005), 0.0776136 s/step
Meep progress: 28.71225/72.33333206176758 = 39.7% done in 9161.0s, 13917.9s to go
on time step 114855 (time=28.7138), 0.0767489 s/step
Meep progress: 28.72525/72.33333206176758 = 39.7% done in 9165.1s, 13913.6s to go
on time step 114907 (time=28.7267), 0.077859 s/step
Meep progress: 28.738/72.33333206176758 = 39.7% done in 9169.1s, 13909.4s to go
on time step 114959 (time=28.7398), 0.0779515 s/step
Meep progress: 28.75075/72.33333206176758 = 39.7% done in 9173.1s, 13905.3s to go
on time step 115010 (time=28.7525), 0.0798472 s/step
Meep progress: 28.76375/72.33333206176758 = 39.8% done in 9177.2s, 13901.0s to go
on time step 115062 (time=28.7655), 0.0776111 s/step
Meep progress: 28.777/72.33333206176758 = 39.8% done in 9181.2s, 13896.5s to go
on time step 115115 (time=28.7788), 0.0760374 s/step
Meep progress: 28.79025/72.33333206176758 = 39.8% done in 9185.2s, 13892.0s to go
on time step 115168 (time=28.792), 0.0764803 s/step
Meep progress: 28.8035/72.33333206176758 = 39.8% done in 9189.3s, 13887.4s to go
on time step 115222 (time=28.8055), 0.0750919 s/step
Meep progress: 28.81675/72.33333206176758 = 39.8% done in 9193.3s, 13882.9s to go
on time step 115275 (time=28.8188), 0.0760357 s/step
Meep progress: 28.83025/72.33333206176758 = 39.9% done in 9197.3s, 13878.2s to go
on time step 115329 (time=28.8323), 0.0755059 s/step
Meep progress: 28.843500000000002/72.33333206176758 = 39.9% done in 9201.3s, 13873.6s to go
on time step 115383 (time=28.8457), 0.0750724 s/step
Meep progress: 28.857/72.33333206176758 = 39.9% done in 9205.4s, 13869.0s to go
on time step 115436 (time=28.859), 0.0756087 s/step
Meep progress: 28.8705/72.33333206176758 = 39.9% done in 9209.5s, 13864.3s to go
on time step 115490 (time=28.8725), 0.074303 s/step
Meep progress: 28.88375/72.33333206176758 = 39.9% done in 9213.5s, 13859.8s to go
on time step 115542 (time=28.8855), 0.0771465 s/step
Meep progress: 28.8965/72.33333206176758 = 39.9% done in 9217.5s, 13855.6s to go
on time step 115594 (time=28.8985), 0.0783373 s/step
Meep progress: 28.90975/72.33333206176758 = 40.0% done in 9221.6s, 13851.1s to go
on time step 115647 (time=28.9118), 0.0758457 s/step
Meep progress: 28.92325/72.33333206176758 = 40.0% done in 9225.6s, 13846.4s to go
on time step 115701 (time=28.9253), 0.0747713 s/step
Meep progress: 28.93625/72.33333206176758 = 40.0% done in 9229.6s, 13842.0s to go
on time step 115754 (time=28.9385), 0.0767261 s/step
Meep progress: 28.9495/72.33333206176758 = 40.0% done in 9233.6s, 13837.5s to go
on time step 115807 (time=28.9518), 0.0769413 s/step
Meep progress: 28.96275/72.33333206176758 = 40.0% done in 9237.6s, 13833.0s to go
on time step 115861 (time=28.9653), 0.075067 s/step
Meep progress: 28.97625/72.33333206176758 = 40.1% done in 9241.7s, 13828.3s to go
on time step 115915 (time=28.9788), 0.0749633 s/step
Meep progress: 28.9895/72.33333206176758 = 40.1% done in 9245.7s, 13823.8s to go
on time step 115968 (time=28.992), 0.076093 s/step
Meep progress: 29.003/72.33333206176758 = 40.1% done in 9249.8s, 13819.1s to go
on time step 116022 (time=29.0055), 0.0750965 s/step
Meep progress: 29.01625/72.33333206176758 = 40.1% done in 9253.8s, 13814.6s to go
on time step 116075 (time=29.0188), 0.0758538 s/step
Meep progress: 29.02975/72.33333206176758 = 40.1% done in 9257.8s, 13809.9s to go
on time step 116129 (time=29.0323), 0.0753043 s/step
Meep progress: 29.043/72.33333206176758 = 40.2% done in 9261.8s, 13805.3s to go
on time step 116183 (time=29.0458), 0.0752749 s/step
Meep progress: 29.0565/72.33333206176758 = 40.2% done in 9265.9s, 13800.7s to go
on time step 116236 (time=29.059), 0.075772 s/step
Meep progress: 29.07/72.33333206176758 = 40.2% done in 9270.0s, 13796.0s to go
on time step 116290 (time=29.0725), 0.0741811 s/step
Meep progress: 29.08325/72.33333206176758 = 40.2% done in 9274.0s, 13791.5s to go
on time step 116342 (time=29.0855), 0.0770937 s/step
Meep progress: 29.0965/72.33333206176758 = 40.2% done in 9278.1s, 13787.1s to go
on time step 116395 (time=29.0987), 0.0764502 s/step
Meep progress: 29.109750000000002/72.33333206176758 = 40.2% done in 9282.1s, 13782.5s to go
on time step 116448 (time=29.112), 0.0754968 s/step
Meep progress: 29.123250000000002/72.33333206176758 = 40.3% done in 9286.1s, 13777.8s to go
on time step 116502 (time=29.1255), 0.0751288 s/step
Meep progress: 29.1365/72.33333206176758 = 40.3% done in 9290.2s, 13773.3s to go
on time step 116555 (time=29.1388), 0.0762393 s/step
Meep progress: 29.14975/72.33333206176758 = 40.3% done in 9294.2s, 13768.8s to go
on time step 116608 (time=29.152), 0.0756459 s/step
Meep progress: 29.16325/72.33333206176758 = 40.3% done in 9298.2s, 13764.1s to go
on time step 116662 (time=29.1655), 0.0745634 s/step
Meep progress: 29.176750000000002/72.33333206176758 = 40.3% done in 9302.3s, 13759.4s to go
on time step 116716 (time=29.179), 0.0753032 s/step
Meep progress: 29.19/72.33333206176758 = 40.4% done in 9306.3s, 13754.9s to go
on time step 116769 (time=29.1923), 0.0759961 s/step
Meep progress: 29.203500000000002/72.33333206176758 = 40.4% done in 9310.4s, 13750.2s to go
on time step 116823 (time=29.2058), 0.0752571 s/step
Meep progress: 29.217000000000002/72.33333206176758 = 40.4% done in 9314.4s, 13745.5s to go
on time step 116877 (time=29.2192), 0.0746419 s/step
Meep progress: 29.23025/72.33333206176758 = 40.4% done in 9318.4s, 13741.0s to go
on time step 116930 (time=29.2325), 0.0756698 s/step
Meep progress: 29.243750000000002/72.33333206176758 = 40.4% done in 9322.5s, 13736.3s to go
on time step 116984 (time=29.246), 0.0753361 s/step
Meep progress: 29.257/72.33333206176758 = 40.4% done in 9326.5s, 13731.8s to go
on time step 117038 (time=29.2595), 0.0749414 s/step
Meep progress: 29.270500000000002/72.33333206176758 = 40.5% done in 9330.5s, 13727.1s to go
on time step 117092 (time=29.273), 0.0752543 s/step
Meep progress: 29.2835/72.33333206176758 = 40.5% done in 9334.5s, 13722.7s to go
on time step 117144 (time=29.286), 0.0769485 s/step
Meep progress: 29.2965/72.33333206176758 = 40.5% done in 9338.5s, 13718.4s to go
on time step 117196 (time=29.299), 0.0773708 s/step
Meep progress: 29.30975/72.33333206176758 = 40.5% done in 9342.6s, 13713.9s to go
on time step 117250 (time=29.3125), 0.0754166 s/step
Meep progress: 29.323/72.33333206176758 = 40.5% done in 9346.6s, 13709.3s to go
on time step 117303 (time=29.3257), 0.0755773 s/step
Meep progress: 29.33625/72.33333206176758 = 40.6% done in 9350.6s, 13704.9s to go
on time step 117355 (time=29.3388), 0.0775559 s/step
Meep progress: 29.3495/72.33333206176758 = 40.6% done in 9354.7s, 13700.4s to go
on time step 117408 (time=29.352), 0.0755995 s/step
Meep progress: 29.363/72.33333206176758 = 40.6% done in 9358.7s, 13695.8s to go
on time step 117462 (time=29.3655), 0.0754309 s/step
Meep progress: 29.37625/72.33333206176758 = 40.6% done in 9362.8s, 13691.3s to go
on time step 117514 (time=29.3785), 0.0776047 s/step
Meep progress: 29.3895/72.33333206176758 = 40.6% done in 9366.9s, 13686.8s to go
on time step 117568 (time=29.392), 0.0752585 s/step
Meep progress: 29.40275/72.33333206176758 = 40.6% done in 9370.9s, 13682.3s to go
on time step 117621 (time=29.4053), 0.0761161 s/step
Meep progress: 29.41625/72.33333206176758 = 40.7% done in 9374.9s, 13677.6s to go
on time step 117675 (time=29.4187), 0.0741935 s/step
Meep progress: 29.4295/72.33333206176758 = 40.7% done in 9378.9s, 13673.1s to go
on time step 117728 (time=29.432), 0.0761029 s/step
Meep progress: 29.443/72.33333206176758 = 40.7% done in 9383.0s, 13668.4s to go
on time step 117782 (time=29.4455), 0.0749509 s/step
Meep progress: 29.456500000000002/72.33333206176758 = 40.7% done in 9387.0s, 13663.7s to go
on time step 117836 (time=29.459), 0.0748737 s/step
Meep progress: 29.47/72.33333206176758 = 40.7% done in 9391.1s, 13659.1s to go
on time step 117890 (time=29.4725), 0.0750163 s/step
Meep progress: 29.48325/72.33333206176758 = 40.8% done in 9395.1s, 13654.6s to go
on time step 117943 (time=29.4857), 0.076412 s/step
Meep progress: 29.496750000000002/72.33333206176758 = 40.8% done in 9399.2s, 13650.0s to go
on time step 117996 (time=29.499), 0.0759162 s/step
Meep progress: 29.51/72.33333206176758 = 40.8% done in 9403.2s, 13645.5s to go
on time step 118050 (time=29.5125), 0.0752841 s/step
Meep progress: 29.523500000000002/72.33333206176758 = 40.8% done in 9407.3s, 13640.8s to go
on time step 118104 (time=29.526), 0.0755216 s/step
Meep progress: 29.53675/72.33333206176758 = 40.8% done in 9411.3s, 13636.3s to go
on time step 118157 (time=29.5392), 0.0754783 s/step
Meep progress: 29.54975/72.33333206176758 = 40.9% done in 9415.3s, 13631.9s to go
on time step 118209 (time=29.5523), 0.077333 s/step
Meep progress: 29.56325/72.33333206176758 = 40.9% done in 9419.4s, 13627.3s to go
on time step 118263 (time=29.5658), 0.0745531 s/step
Meep progress: 29.5765/72.33333206176758 = 40.9% done in 9423.4s, 13622.8s to go
on time step 118316 (time=29.579), 0.07594 s/step
Meep progress: 29.589000000000002/72.33333206176758 = 40.9% done in 9427.4s, 13618.9s to go
on time step 118364 (time=29.591), 0.0835494 s/step
Meep progress: 29.60075/72.33333206176758 = 40.9% done in 9431.5s, 13615.6s to go
on time step 118412 (time=29.603), 0.0838122 s/step
Meep progress: 29.614/72.33333206176758 = 40.9% done in 9435.5s, 13611.1s to go
on time step 118465 (time=29.6163), 0.0758004 s/step
Meep progress: 29.62725/72.33333206176758 = 41.0% done in 9439.5s, 13606.6s to go
on time step 118518 (time=29.6295), 0.0763832 s/step
Meep progress: 29.64075/72.33333206176758 = 41.0% done in 9443.6s, 13601.9s to go
on time step 118572 (time=29.643), 0.0748709 s/step
Meep progress: 29.654/72.33333206176758 = 41.0% done in 9447.6s, 13597.4s to go
on time step 118625 (time=29.6562), 0.0761058 s/step
Meep progress: 29.6675/72.33333206176758 = 41.0% done in 9451.7s, 13592.8s to go
on time step 118679 (time=29.6698), 0.0752141 s/step
Meep progress: 29.680500000000002/72.33333206176758 = 41.0% done in 9455.7s, 13588.5s to go
on time step 118731 (time=29.6828), 0.0778303 s/step
Meep progress: 29.69375/72.33333206176758 = 41.1% done in 9459.8s, 13584.0s to go
on time step 118784 (time=29.696), 0.0772519 s/step
Meep progress: 29.70625/72.33333206176758 = 41.1% done in 9463.8s, 13580.1s to go
on time step 118835 (time=29.7088), 0.0798217 s/step
Meep progress: 29.7195/72.33333206176758 = 41.1% done in 9467.9s, 13575.7s to go
on time step 118887 (time=29.7218), 0.0782611 s/step
Meep progress: 29.73225/72.33333206176758 = 41.1% done in 9471.9s, 13571.6s to go
on time step 118939 (time=29.7348), 0.0769811 s/step
Meep progress: 29.74575/72.33333206176758 = 41.1% done in 9476.0s, 13567.0s to go
on time step 118992 (time=29.748), 0.0757017 s/step
Meep progress: 29.75925/72.33333206176758 = 41.1% done in 9480.0s, 13562.3s to go
on time step 119046 (time=29.7615), 0.0756493 s/step
Meep progress: 29.7725/72.33333206176758 = 41.2% done in 9484.1s, 13557.9s to go
on time step 119099 (time=29.7748), 0.0759233 s/step
Meep progress: 29.78575/72.33333206176758 = 41.2% done in 9488.1s, 13553.3s to go
on time step 119152 (time=29.788), 0.0756246 s/step
Meep progress: 29.799/72.33333206176758 = 41.2% done in 9492.2s, 13548.9s to go
on time step 119205 (time=29.8012), 0.0762365 s/step
Meep progress: 29.812250000000002/72.33333206176758 = 41.2% done in 9496.2s, 13544.4s to go
on time step 119257 (time=29.8143), 0.0770831 s/step
Meep progress: 29.8255/72.33333206176758 = 41.2% done in 9500.3s, 13540.0s to go
on time step 119310 (time=29.8275), 0.0762111 s/step
Meep progress: 29.839000000000002/72.33333206176758 = 41.3% done in 9504.3s, 13535.3s to go
on time step 119364 (time=29.841), 0.0753778 s/step
Meep progress: 29.85225/72.33333206176758 = 41.3% done in 9508.4s, 13530.9s to go
on time step 119416 (time=29.854), 0.0771819 s/step
Meep progress: 29.8655/72.33333206176758 = 41.3% done in 9512.5s, 13526.5s to go
on time step 119469 (time=29.8673), 0.0762411 s/step
Meep progress: 29.87875/72.33333206176758 = 41.3% done in 9516.5s, 13522.0s to go
on time step 119522 (time=29.8805), 0.076281 s/step
Meep progress: 29.892/72.33333206176758 = 41.3% done in 9520.5s, 13517.4s to go
on time step 119576 (time=29.894), 0.0753064 s/step
Meep progress: 29.905250000000002/72.33333206176758 = 41.3% done in 9524.6s, 13513.0s to go
on time step 119628 (time=29.907), 0.0771026 s/step
Meep progress: 29.91825/72.33333206176758 = 41.4% done in 9528.6s, 13508.7s to go
on time step 119680 (time=29.92), 0.0770024 s/step
Meep progress: 29.9315/72.33333206176758 = 41.4% done in 9532.6s, 13504.2s to go
on time step 119733 (time=29.9333), 0.0761012 s/step
Meep progress: 29.94475/72.33333206176758 = 41.4% done in 9536.7s, 13499.8s to go
on time step 119786 (time=29.9465), 0.0764718 s/step
Meep progress: 29.958000000000002/72.33333206176758 = 41.4% done in 9540.7s, 13495.2s to go
on time step 119840 (time=29.96), 0.0752519 s/step
Meep progress: 29.97125/72.33333206176758 = 41.4% done in 9544.7s, 13490.8s to go
on time step 119893 (time=29.9733), 0.0765632 s/step
Meep progress: 29.9845/72.33333206176758 = 41.5% done in 9548.7s, 13486.2s to go
on time step 119947 (time=29.9868), 0.0752069 s/step
Meep progress: 29.99775/72.33333206176758 = 41.5% done in 9552.8s, 13481.8s to go
on time step 120000 (time=30), 0.076497 s/step
Meep progress: 30.01125/72.33333206176758 = 41.5% done in 9556.9s, 13477.1s to go
on time step 120054 (time=30.0135), 0.0752888 s/step
Meep progress: 30.0245/72.33333206176758 = 41.5% done in 9560.9s, 13472.7s to go
on time step 120107 (time=30.0267), 0.076202 s/step
Meep progress: 30.038/72.33333206176758 = 41.5% done in 9565.0s, 13468.0s to go
on time step 120161 (time=30.0403), 0.0751728 s/step
Meep progress: 30.05125/72.33333206176758 = 41.5% done in 9569.0s, 13463.6s to go
on time step 120214 (time=30.0535), 0.0761816 s/step
Meep progress: 30.06475/72.33333206176758 = 41.6% done in 9573.1s, 13459.0s to go
on time step 120267 (time=30.0667), 0.0765292 s/step
Meep progress: 30.078/72.33333206176758 = 41.6% done in 9577.1s, 13454.5s to go
on time step 120320 (time=30.08), 0.075827 s/step
Meep progress: 30.0915/72.33333206176758 = 41.6% done in 9581.2s, 13449.9s to go
on time step 120374 (time=30.0935), 0.0751982 s/step
Meep progress: 30.10475/72.33333206176758 = 41.6% done in 9585.2s, 13445.4s to go
on time step 120427 (time=30.1068), 0.0760793 s/step
Meep progress: 30.118000000000002/72.33333206176758 = 41.6% done in 9589.3s, 13440.9s to go
on time step 120480 (time=30.12), 0.0768793 s/step
Meep progress: 30.13075/72.33333206176758 = 41.7% done in 9593.3s, 13436.8s to go
on time step 120532 (time=30.133), 0.0782359 s/step
Meep progress: 30.144000000000002/72.33333206176758 = 41.7% done in 9597.4s, 13432.4s to go
on time step 120585 (time=30.1463), 0.0766449 s/step
Meep progress: 30.15725/72.33333206176758 = 41.7% done in 9601.4s, 13427.9s to go
on time step 120638 (time=30.1595), 0.0758308 s/step
Meep progress: 30.17025/72.33333206176758 = 41.7% done in 9605.4s, 13423.6s to go
on time step 120691 (time=30.1728), 0.0768299 s/step
Meep progress: 30.183500000000002/72.33333206176758 = 41.7% done in 9609.4s, 13419.0s to go
on time step 120745 (time=30.1863), 0.0751037 s/step
Meep progress: 30.19675/72.33333206176758 = 41.7% done in 9613.4s, 13414.5s to go
on time step 120798 (time=30.1995), 0.0760784 s/step
Meep progress: 30.210250000000002/72.33333206176758 = 41.8% done in 9617.5s, 13409.9s to go
on time step 120852 (time=30.213), 0.0755055 s/step
Meep progress: 30.2235/72.33333206176758 = 41.8% done in 9621.5s, 13405.4s to go
on time step 120905 (time=30.2263), 0.075725 s/step
Meep progress: 30.2365/72.33333206176758 = 41.8% done in 9625.5s, 13401.2s to go
on time step 120956 (time=30.239), 0.078501 s/step
Meep progress: 30.2495/72.33333206176758 = 41.8% done in 9629.6s, 13396.9s to go
on time step 121008 (time=30.252), 0.077841 s/step
Meep progress: 30.2625/72.33333206176758 = 41.8% done in 9633.6s, 13392.7s to go
on time step 121060 (time=30.265), 0.0782826 s/step
Meep progress: 30.2755/72.33333206176758 = 41.9% done in 9637.7s, 13388.4s to go
on time step 121112 (time=30.278), 0.0777375 s/step
Meep progress: 30.2885/72.33333206176758 = 41.9% done in 9641.7s, 13384.1s to go
on time step 121165 (time=30.2913), 0.0767232 s/step
Meep progress: 30.3015/72.33333206176758 = 41.9% done in 9645.7s, 13379.8s to go
on time step 121217 (time=30.3042), 0.0778698 s/step
Meep progress: 30.3145/72.33333206176758 = 41.9% done in 9649.8s, 13375.5s to go
on time step 121269 (time=30.3173), 0.0772197 s/step
Meep progress: 30.32775/72.33333206176758 = 41.9% done in 9653.8s, 13371.1s to go
on time step 121321 (time=30.3302), 0.0769358 s/step
Meep progress: 30.34075/72.33333206176758 = 41.9% done in 9657.9s, 13366.8s to go
on time step 121374 (time=30.3435), 0.0766918 s/step
Meep progress: 30.35375/72.33333206176758 = 42.0% done in 9661.9s, 13362.5s to go
on time step 121426 (time=30.3565), 0.0773397 s/step
Meep progress: 30.367/72.33333206176758 = 42.0% done in 9665.9s, 13358.0s to go
on time step 121479 (time=30.3697), 0.0761733 s/step
Meep progress: 30.38025/72.33333206176758 = 42.0% done in 9669.9s, 13353.5s to go
on time step 121532 (time=30.383), 0.0757311 s/step
Meep progress: 30.3935/72.33333206176758 = 42.0% done in 9674.0s, 13349.1s to go
on time step 121585 (time=30.3963), 0.0758742 s/step
Meep progress: 30.407/72.33333206176758 = 42.0% done in 9678.0s, 13344.4s to go
on time step 121638 (time=30.4095), 0.0760226 s/step
Meep progress: 30.42025/72.33333206176758 = 42.1% done in 9682.1s, 13340.0s to go
on time step 121692 (time=30.423), 0.0754039 s/step
Meep progress: 30.43375/72.33333206176758 = 42.1% done in 9686.1s, 13335.3s to go
on time step 121746 (time=30.4365), 0.0753635 s/step
Meep progress: 30.447/72.33333206176758 = 42.1% done in 9690.1s, 13330.9s to go
on time step 121799 (time=30.4498), 0.0757036 s/step
Meep progress: 30.460250000000002/72.33333206176758 = 42.1% done in 9694.2s, 13326.4s to go
on time step 121852 (time=30.463), 0.076419 s/step
Meep progress: 30.4735/72.33333206176758 = 42.1% done in 9698.2s, 13321.9s to go
on time step 121905 (time=30.4763), 0.0757803 s/step
Meep progress: 30.48675/72.33333206176758 = 42.1% done in 9702.2s, 13317.5s to go
on time step 121958 (time=30.4895), 0.0760045 s/step
Meep progress: 30.5/72.33333206176758 = 42.2% done in 9706.3s, 13313.0s to go
on time step 122011 (time=30.5027), 0.0763667 s/step
Meep progress: 30.513/72.33333206176758 = 42.2% done in 9710.3s, 13308.7s to go
on time step 122063 (time=30.5158), 0.0774559 s/step
Meep progress: 30.52625/72.33333206176758 = 42.2% done in 9714.3s, 13304.2s to go
on time step 122117 (time=30.5293), 0.0752713 s/step
Meep progress: 30.5395/72.33333206176758 = 42.2% done in 9718.3s, 13299.7s to go
on time step 122170 (time=30.5425), 0.0760746 s/step
Meep progress: 30.553/72.33333206176758 = 42.2% done in 9722.4s, 13295.1s to go
on time step 122224 (time=30.556), 0.0753947 s/step
Meep progress: 30.56625/72.33333206176758 = 42.3% done in 9726.4s, 13290.6s to go
on time step 122277 (time=30.5693), 0.0759425 s/step
Meep progress: 30.5795/72.33333206176758 = 42.3% done in 9730.5s, 13286.2s to go
on time step 122329 (time=30.5823), 0.0781055 s/step
Meep progress: 30.59175/72.33333206176758 = 42.3% done in 9734.6s, 13282.6s to go
on time step 122377 (time=30.5943), 0.0835763 s/step
Meep progress: 30.60425/72.33333206176758 = 42.3% done in 9738.6s, 13278.6s to go
on time step 122428 (time=30.607), 0.0791795 s/step
Meep progress: 30.6175/72.33333206176758 = 42.3% done in 9742.6s, 13274.1s to go
on time step 122482 (time=30.6205), 0.0749075 s/step
Meep progress: 30.631/72.33333206176758 = 42.3% done in 9746.7s, 13269.5s to go
on time step 122536 (time=30.634), 0.0752586 s/step
Meep progress: 30.6445/72.33333206176758 = 42.4% done in 9750.7s, 13264.9s to go
on time step 122590 (time=30.6475), 0.0747296 s/step
Meep progress: 30.6575/72.33333206176758 = 42.4% done in 9754.7s, 13260.6s to go
on time step 122642 (time=30.6605), 0.0778759 s/step
Meep progress: 30.67075/72.33333206176758 = 42.4% done in 9758.8s, 13256.2s to go
on time step 122694 (time=30.6735), 0.0769489 s/step
Meep progress: 30.684/72.33333206176758 = 42.4% done in 9762.8s, 13251.7s to go
on time step 122747 (time=30.6867), 0.0755451 s/step
Meep progress: 30.6975/72.33333206176758 = 42.4% done in 9766.9s, 13247.1s to go
on time step 122801 (time=30.7003), 0.0753311 s/step
Meep progress: 30.710250000000002/72.33333206176758 = 42.5% done in 9770.9s, 13243.0s to go
on time step 122852 (time=30.713), 0.0784975 s/step
Meep progress: 30.7235/72.33333206176758 = 42.5% done in 9774.9s, 13238.5s to go
on time step 122905 (time=30.7263), 0.0757173 s/step
Meep progress: 30.737000000000002/72.33333206176758 = 42.5% done in 9779.0s, 13233.9s to go
on time step 122959 (time=30.7398), 0.0746315 s/step
Meep progress: 30.750500000000002/72.33333206176758 = 42.5% done in 9783.0s, 13229.2s to go
on time step 123012 (time=30.753), 0.0759771 s/step
Meep progress: 30.76375/72.33333206176758 = 42.5% done in 9787.1s, 13224.8s to go
on time step 123066 (time=30.7665), 0.0757052 s/step
Meep progress: 30.777250000000002/72.33333206176758 = 42.5% done in 9791.1s, 13220.2s to go
on time step 123120 (time=30.78), 0.0750894 s/step
Meep progress: 30.79075/72.33333206176758 = 42.6% done in 9795.2s, 13215.6s to go
on time step 123174 (time=30.7935), 0.0752364 s/step
Meep progress: 30.804000000000002/72.33333206176758 = 42.6% done in 9799.2s, 13211.1s to go
on time step 123227 (time=30.8068), 0.0757964 s/step
Meep progress: 30.8175/72.33333206176758 = 42.6% done in 9803.3s, 13206.5s to go
on time step 123281 (time=30.8203), 0.0750327 s/step
Meep progress: 30.830750000000002/72.33333206176758 = 42.6% done in 9807.3s, 13202.0s to go
on time step 123335 (time=30.8338), 0.0751429 s/step
Meep progress: 30.844250000000002/72.33333206176758 = 42.6% done in 9811.3s, 13197.4s to go
on time step 123388 (time=30.847), 0.0759032 s/step
Meep progress: 30.85725/72.33333206176758 = 42.7% done in 9815.4s, 13193.1s to go
on time step 123440 (time=30.86), 0.0776983 s/step
Meep progress: 30.8705/72.33333206176758 = 42.7% done in 9819.5s, 13188.7s to go
on time step 123493 (time=30.8733), 0.0765122 s/step
Meep progress: 30.884/72.33333206176758 = 42.7% done in 9823.5s, 13184.1s to go
on time step 123546 (time=30.8865), 0.075477 s/step
Meep progress: 30.89725/72.33333206176758 = 42.7% done in 9827.5s, 13179.6s to go
on time step 123599 (time=30.8998), 0.0755449 s/step
Meep progress: 30.9105/72.33333206176758 = 42.7% done in 9831.6s, 13175.2s to go
on time step 123652 (time=30.913), 0.0763931 s/step
Meep progress: 30.923750000000002/72.33333206176758 = 42.8% done in 9835.6s, 13170.7s to go
on time step 123705 (time=30.9262), 0.0759903 s/step
Meep progress: 30.937250000000002/72.33333206176758 = 42.8% done in 9839.6s, 13166.1s to go
on time step 123759 (time=30.9398), 0.0746583 s/step
Meep progress: 30.9505/72.33333206176758 = 42.8% done in 9843.7s, 13161.6s to go
on time step 123812 (time=30.953), 0.076315 s/step
Meep progress: 30.96375/72.33333206176758 = 42.8% done in 9847.7s, 13157.2s to go
on time step 123865 (time=30.9663), 0.0754728 s/step
Meep progress: 30.97725/72.33333206176758 = 42.8% done in 9851.8s, 13152.5s to go
on time step 123919 (time=30.9797), 0.0751987 s/step
Meep progress: 30.990750000000002/72.33333206176758 = 42.8% done in 9855.8s, 13147.9s to go
on time step 123973 (time=30.9932), 0.0745737 s/step
Meep progress: 31.004/72.33333206176758 = 42.9% done in 9859.8s, 13143.4s to go
on time step 124026 (time=31.0065), 0.0755906 s/step
Meep progress: 31.017500000000002/72.33333206176758 = 42.9% done in 9863.8s, 13138.8s to go
on time step 124080 (time=31.02), 0.0749554 s/step
Meep progress: 31.031000000000002/72.33333206176758 = 42.9% done in 9867.9s, 13134.2s to go
on time step 124134 (time=31.0335), 0.0748121 s/step
Meep progress: 31.0445/72.33333206176758 = 42.9% done in 9871.9s, 13129.6s to go
on time step 124187 (time=31.0467), 0.075653 s/step
Meep progress: 31.05725/72.33333206176758 = 42.9% done in 9876.0s, 13125.5s to go
on time step 124239 (time=31.0598), 0.0783402 s/step
Meep progress: 31.0705/72.33333206176758 = 43.0% done in 9880.0s, 13121.0s to go
on time step 124292 (time=31.073), 0.0760554 s/step
Meep progress: 31.084/72.33333206176758 = 43.0% done in 9884.0s, 13116.4s to go
on time step 124346 (time=31.0865), 0.074721 s/step
Meep progress: 31.0975/72.33333206176758 = 43.0% done in 9888.1s, 13111.7s to go
on time step 124400 (time=31.1), 0.0755293 s/step
Meep progress: 31.11075/72.33333206176758 = 43.0% done in 9892.1s, 13107.3s to go
on time step 124453 (time=31.1133), 0.0758642 s/step
Meep progress: 31.12375/72.33333206176758 = 43.0% done in 9896.2s, 13103.1s to go
on time step 124505 (time=31.1263), 0.0782825 s/step
Meep progress: 31.13725/72.33333206176758 = 43.0% done in 9900.2s, 13098.5s to go
on time step 124559 (time=31.1397), 0.0741157 s/step
Meep progress: 31.1505/72.33333206176758 = 43.1% done in 9904.2s, 13094.0s to go
on time step 124612 (time=31.153), 0.0762357 s/step
Meep progress: 31.164/72.33333206176758 = 43.1% done in 9908.3s, 13089.4s to go
on time step 124666 (time=31.1665), 0.0747184 s/step
Meep progress: 31.177500000000002/72.33333206176758 = 43.1% done in 9912.3s, 13084.7s to go
on time step 124720 (time=31.18), 0.0745804 s/step
Meep progress: 31.191/72.33333206176758 = 43.1% done in 9916.3s, 13080.1s to go
on time step 124774 (time=31.1935), 0.0744288 s/step
Meep progress: 31.204250000000002/72.33333206176758 = 43.1% done in 9920.4s, 13075.6s to go
on time step 124827 (time=31.2067), 0.0762596 s/step
Meep progress: 31.217750000000002/72.33333206176758 = 43.2% done in 9924.4s, 13071.0s to go
on time step 124881 (time=31.2203), 0.0748858 s/step
Meep progress: 31.23125/72.33333206176758 = 43.2% done in 9928.5s, 13066.4s to go
on time step 124935 (time=31.2338), 0.0751869 s/step
Meep progress: 31.244500000000002/72.33333206176758 = 43.2% done in 9932.5s, 13061.9s to go
on time step 124988 (time=31.247), 0.0762026 s/step
Meep progress: 31.2575/72.33333206176758 = 43.2% done in 9936.5s, 13057.7s to go
on time step 125041 (time=31.2602), 0.076821 s/step
Meep progress: 31.27075/72.33333206176758 = 43.2% done in 9940.6s, 13053.3s to go
on time step 125094 (time=31.2735), 0.0763667 s/step
Meep progress: 31.28425/72.33333206176758 = 43.3% done in 9944.6s, 13048.7s to go
on time step 125148 (time=31.287), 0.0750555 s/step
Meep progress: 31.2975/72.33333206176758 = 43.3% done in 9948.7s, 13044.2s to go
on time step 125201 (time=31.3003), 0.076879 s/step
Meep progress: 31.310750000000002/72.33333206176758 = 43.3% done in 9952.7s, 13039.8s to go
on time step 125254 (time=31.3135), 0.0762084 s/step
Meep progress: 31.32375/72.33333206176758 = 43.3% done in 9956.8s, 13035.6s to go
on time step 125306 (time=31.3265), 0.077234 s/step
Meep progress: 31.33725/72.33333206176758 = 43.3% done in 9960.8s, 13031.0s to go
on time step 125359 (time=31.3398), 0.075751 s/step
Meep progress: 31.35/72.33333206176758 = 43.3% done in 9964.9s, 13026.9s to go
on time step 125410 (time=31.3525), 0.0785192 s/step
Meep progress: 31.363500000000002/72.33333206176758 = 43.4% done in 9968.9s, 13022.3s to go
on time step 125463 (time=31.3658), 0.0756817 s/step
Meep progress: 31.377/72.33333206176758 = 43.4% done in 9973.0s, 13017.7s to go
on time step 125517 (time=31.3792), 0.075093 s/step
Meep progress: 31.3905/72.33333206176758 = 43.4% done in 9977.1s, 13013.1s to go
on time step 125571 (time=31.3927), 0.0751454 s/step
Meep progress: 31.403750000000002/72.33333206176758 = 43.4% done in 9981.1s, 13008.7s to go
on time step 125624 (time=31.406), 0.0761529 s/step
Meep progress: 31.41725/72.33333206176758 = 43.4% done in 9985.1s, 13004.1s to go
on time step 125678 (time=31.4195), 0.0750136 s/step
Meep progress: 31.43075/72.33333206176758 = 43.5% done in 9989.2s, 12999.5s to go
on time step 125732 (time=31.433), 0.0753845 s/step
Meep progress: 31.444/72.33333206176758 = 43.5% done in 9993.3s, 12995.1s to go
on time step 125785 (time=31.4462), 0.0770167 s/step
Meep progress: 31.457/72.33333206176758 = 43.5% done in 9997.3s, 12990.8s to go
on time step 125837 (time=31.4593), 0.0771822 s/step
Meep progress: 31.47025/72.33333206176758 = 43.5% done in 10001.3s, 12986.4s to go
on time step 125890 (time=31.4725), 0.0760008 s/step
Meep progress: 31.48375/72.33333206176758 = 43.5% done in 10005.4s, 12981.8s to go
on time step 125944 (time=31.486), 0.075552 s/step
Meep progress: 31.4965/72.33333206176758 = 43.5% done in 10009.4s, 12977.8s to go
on time step 125995 (time=31.4988), 0.0796293 s/step
Meep progress: 31.5095/72.33333206176758 = 43.6% done in 10013.5s, 12973.5s to go
on time step 126047 (time=31.5117), 0.0775626 s/step
Meep progress: 31.522750000000002/72.33333206176758 = 43.6% done in 10017.6s, 12969.1s to go
on time step 126099 (time=31.5248), 0.0779495 s/step
Meep progress: 31.53575/72.33333206176758 = 43.6% done in 10021.6s, 12964.9s to go
on time step 126151 (time=31.5377), 0.0770144 s/step
Meep progress: 31.548750000000002/72.33333206176758 = 43.6% done in 10025.7s, 12960.7s to go
on time step 126203 (time=31.5508), 0.0772122 s/step
Meep progress: 31.562250000000002/72.33333206176758 = 43.6% done in 10029.7s, 12956.0s to go
on time step 126257 (time=31.5643), 0.0745965 s/step
Meep progress: 31.57525/72.33333206176758 = 43.7% done in 10033.7s, 12951.7s to go
on time step 126310 (time=31.5775), 0.0765019 s/step
Meep progress: 31.5885/72.33333206176758 = 43.7% done in 10037.7s, 12947.3s to go
on time step 126363 (time=31.5907), 0.0763916 s/step
Meep progress: 31.6015/72.33333206176758 = 43.7% done in 10041.8s, 12943.0s to go
on time step 126415 (time=31.6038), 0.0781399 s/step
Meep progress: 31.6145/72.33333206176758 = 43.7% done in 10045.8s, 12938.8s to go
on time step 126467 (time=31.6167), 0.0779509 s/step
Meep progress: 31.62775/72.33333206176758 = 43.7% done in 10049.9s, 12934.4s to go
on time step 126519 (time=31.6298), 0.0772232 s/step
Meep progress: 31.64075/72.33333206176758 = 43.7% done in 10054.0s, 12930.2s to go
on time step 126571 (time=31.6427), 0.077965 s/step
Meep progress: 31.653750000000002/72.33333206176758 = 43.8% done in 10058.0s, 12926.0s to go
on time step 126623 (time=31.6558), 0.0783982 s/step
Meep progress: 31.6665/72.33333206176758 = 43.8% done in 10062.1s, 12921.9s to go
on time step 126674 (time=31.6685), 0.0784655 s/step
Meep progress: 31.6795/72.33333206176758 = 43.8% done in 10066.1s, 12917.7s to go
on time step 126726 (time=31.6815), 0.0780839 s/step
Meep progress: 31.6925/72.33333206176758 = 43.8% done in 10070.1s, 12913.4s to go
on time step 126778 (time=31.6945), 0.0777702 s/step
Meep progress: 31.7055/72.33333206176758 = 43.8% done in 10074.2s, 12909.2s to go
on time step 126830 (time=31.7075), 0.0769633 s/step
Meep progress: 31.718500000000002/72.33333206176758 = 43.9% done in 10078.2s, 12904.9s to go
on time step 126883 (time=31.7207), 0.0766241 s/step
Meep progress: 31.73175/72.33333206176758 = 43.9% done in 10082.2s, 12900.4s to go
on time step 126936 (time=31.734), 0.0756387 s/step
Meep progress: 31.745/72.33333206176758 = 43.9% done in 10086.2s, 12896.0s to go
on time step 126989 (time=31.7473), 0.0762321 s/step
Meep progress: 31.75825/72.33333206176758 = 43.9% done in 10090.2s, 12891.5s to go
on time step 127043 (time=31.7608), 0.0750861 s/step
Meep progress: 31.77175/72.33333206176758 = 43.9% done in 10094.2s, 12886.9s to go
on time step 127097 (time=31.7743), 0.0751909 s/step
Meep progress: 31.78525/72.33333206176758 = 43.9% done in 10098.3s, 12882.3s to go
on time step 127150 (time=31.7875), 0.0756875 s/step
Meep progress: 31.7985/72.33333206176758 = 44.0% done in 10102.4s, 12877.9s to go
on time step 127203 (time=31.8008), 0.0757476 s/step
Meep progress: 31.812/72.33333206176758 = 44.0% done in 10106.4s, 12873.3s to go
on time step 127256 (time=31.814), 0.0755028 s/step
Meep progress: 31.8255/72.33333206176758 = 44.0% done in 10110.5s, 12868.7s to go
on time step 127310 (time=31.8275), 0.0741668 s/step
Meep progress: 31.83875/72.33333206176758 = 44.0% done in 10114.5s, 12864.3s to go
on time step 127362 (time=31.8405), 0.0777862 s/step
Meep progress: 31.852/72.33333206176758 = 44.0% done in 10118.6s, 12859.9s to go
on time step 127415 (time=31.8538), 0.0760291 s/step
Meep progress: 31.86525/72.33333206176758 = 44.1% done in 10122.6s, 12855.4s to go
on time step 127469 (time=31.8673), 0.0753521 s/step
Meep progress: 31.8785/72.33333206176758 = 44.1% done in 10126.6s, 12851.0s to go
on time step 127522 (time=31.8805), 0.0761788 s/step
Meep progress: 31.8915/72.33333206176758 = 44.1% done in 10130.7s, 12846.8s to go
on time step 127574 (time=31.8935), 0.0775788 s/step
Meep progress: 31.905/72.33333206176758 = 44.1% done in 10134.7s, 12842.2s to go
on time step 127628 (time=31.907), 0.0753467 s/step
Meep progress: 31.9185/72.33333206176758 = 44.1% done in 10138.8s, 12837.6s to go
on time step 127682 (time=31.9205), 0.0750472 s/step
Meep progress: 31.932000000000002/72.33333206176758 = 44.1% done in 10142.8s, 12833.0s to go
on time step 127736 (time=31.934), 0.0752392 s/step
Meep progress: 31.94525/72.33333206176758 = 44.2% done in 10146.9s, 12828.6s to go
on time step 127789 (time=31.9473), 0.076227 s/step
Meep progress: 31.958750000000002/72.33333206176758 = 44.2% done in 10151.0s, 12824.1s to go
on time step 127843 (time=31.9608), 0.075322 s/step
Meep progress: 31.97225/72.33333206176758 = 44.2% done in 10155.0s, 12819.5s to go
on time step 127897 (time=31.9743), 0.0749724 s/step
Meep progress: 31.98575/72.33333206176758 = 44.2% done in 10159.1s, 12814.9s to go
on time step 127951 (time=31.9878), 0.0753139 s/step
Meep progress: 31.99925/72.33333206176758 = 44.2% done in 10163.1s, 12810.3s to go
on time step 128004 (time=32.001), 0.0754903 s/step
Meep progress: 32.012750000000004/72.33333206176758 = 44.3% done in 10167.2s, 12805.8s to go
on time step 128058 (time=32.0145), 0.0747555 s/step
Meep progress: 32.02625/72.33333206176758 = 44.3% done in 10171.2s, 12801.2s to go
on time step 128112 (time=32.028), 0.0747342 s/step
Meep progress: 32.039500000000004/72.33333206176758 = 44.3% done in 10175.3s, 12796.7s to go
on time step 128165 (time=32.0412), 0.0764625 s/step
Meep progress: 32.05275/72.33333206176758 = 44.3% done in 10179.3s, 12792.3s to go
on time step 128219 (time=32.0547), 0.0753624 s/step
Meep progress: 32.066250000000004/72.33333206176758 = 44.3% done in 10183.4s, 12787.7s to go
on time step 128273 (time=32.0682), 0.0753893 s/step
Meep progress: 32.079750000000004/72.33333206176758 = 44.3% done in 10187.4s, 12783.1s to go
on time step 128327 (time=32.0817), 0.0742492 s/step
Meep progress: 32.09275/72.33333206176758 = 44.4% done in 10191.4s, 12778.8s to go
on time step 128380 (time=32.095), 0.0768343 s/step
Meep progress: 32.10575/72.33333206176758 = 44.4% done in 10195.4s, 12774.5s to go
on time step 128432 (time=32.108), 0.0773149 s/step
Meep progress: 32.11925/72.33333206176758 = 44.4% done in 10199.4s, 12769.9s to go
on time step 128486 (time=32.1215), 0.0745886 s/step
Meep progress: 32.13275/72.33333206176758 = 44.4% done in 10203.5s, 12765.4s to go
on time step 128539 (time=32.1348), 0.0768416 s/step
Meep progress: 32.146/72.33333206176758 = 44.4% done in 10207.6s, 12761.0s to go
on time step 128592 (time=32.148), 0.0755231 s/step
Meep progress: 32.1595/72.33333206176758 = 44.5% done in 10211.6s, 12756.4s to go
on time step 128646 (time=32.1615), 0.0751557 s/step
Meep progress: 32.17275/72.33333206176758 = 44.5% done in 10215.6s, 12752.0s to go
on time step 128699 (time=32.1748), 0.0758534 s/step
Meep progress: 32.186/72.33333206176758 = 44.5% done in 10219.7s, 12747.5s to go
on time step 128752 (time=32.188), 0.0758998 s/step
Meep progress: 32.1995/72.33333206176758 = 44.5% done in 10223.7s, 12743.0s to go
on time step 128806 (time=32.2015), 0.0753796 s/step
Meep progress: 32.21275/72.33333206176758 = 44.5% done in 10227.7s, 12738.5s to go
on time step 128860 (time=32.215), 0.0753074 s/step
Meep progress: 32.226/72.33333206176758 = 44.6% done in 10231.7s, 12734.1s to go
on time step 128913 (time=32.2283), 0.0757322 s/step
Meep progress: 32.239/72.33333206176758 = 44.6% done in 10235.8s, 12729.8s to go
on time step 128965 (time=32.2413), 0.0777359 s/step
Meep progress: 32.25175/72.33333206176758 = 44.6% done in 10239.8s, 12725.7s to go
on time step 129017 (time=32.2542), 0.0781462 s/step
Meep progress: 32.265/72.33333206176758 = 44.6% done in 10243.8s, 12721.3s to go
on time step 129070 (time=32.2675), 0.0765062 s/step
Meep progress: 32.27825/72.33333206176758 = 44.6% done in 10247.9s, 12716.9s to go
on time step 129123 (time=32.2807), 0.0763657 s/step
Meep progress: 32.29125/72.33333206176758 = 44.6% done in 10251.9s, 12712.6s to go
on time step 129175 (time=32.2938), 0.0780489 s/step
Meep progress: 32.304/72.33333206176758 = 44.7% done in 10255.9s, 12708.5s to go
on time step 129227 (time=32.3068), 0.0780932 s/step
Meep progress: 32.31725/72.33333206176758 = 44.7% done in 10259.9s, 12704.1s to go
on time step 129281 (time=32.3203), 0.0750557 s/step
Meep progress: 32.3305/72.33333206176758 = 44.7% done in 10264.0s, 12699.7s to go
on time step 129333 (time=32.3332), 0.0779892 s/step
Meep progress: 32.34375/72.33333206176758 = 44.7% done in 10268.0s, 12695.3s to go
on time step 129387 (time=32.3468), 0.0752445 s/step
Meep progress: 32.35725/72.33333206176758 = 44.7% done in 10272.1s, 12690.8s to go
on time step 129441 (time=32.3603), 0.0753068 s/step
Meep progress: 32.37075/72.33333206176758 = 44.8% done in 10276.1s, 12686.2s to go
on time step 129495 (time=32.3738), 0.0747806 s/step
Meep progress: 32.384/72.33333206176758 = 44.8% done in 10280.1s, 12681.7s to go
on time step 129548 (time=32.387), 0.0756925 s/step
Meep progress: 32.3975/72.33333206176758 = 44.8% done in 10284.2s, 12677.2s to go
on time step 129602 (time=32.4005), 0.0752527 s/step
Meep progress: 32.411/72.33333206176758 = 44.8% done in 10288.2s, 12672.6s to go
on time step 129656 (time=32.414), 0.0747293 s/step
Meep progress: 32.4245/72.33333206176758 = 44.8% done in 10292.3s, 12668.0s to go
on time step 129709 (time=32.4273), 0.0757137 s/step
Meep progress: 32.4375/72.33333206176758 = 44.8% done in 10296.3s, 12663.8s to go
on time step 129761 (time=32.4402), 0.0770717 s/step
Meep progress: 32.45075/72.33333206176758 = 44.9% done in 10300.4s, 12659.4s to go
on time step 129814 (time=32.4535), 0.0765423 s/step
Meep progress: 32.464/72.33333206176758 = 44.9% done in 10304.4s, 12654.9s to go
on time step 129868 (time=32.467), 0.0753264 s/step
Meep progress: 32.47725/72.33333206176758 = 44.9% done in 10308.4s, 12650.5s to go
on time step 129921 (time=32.4802), 0.0765002 s/step
Meep progress: 32.4905/72.33333206176758 = 44.9% done in 10312.4s, 12646.1s to go
on time step 129975 (time=32.4937), 0.0752197 s/step
Meep progress: 32.503750000000004/72.33333206176758 = 44.9% done in 10316.5s, 12641.7s to go
on time step 130028 (time=32.507), 0.0769336 s/step
Meep progress: 32.517250000000004/72.33333206176758 = 45.0% done in 10320.5s, 12637.1s to go
on time step 130082 (time=32.5205), 0.0744952 s/step
Meep progress: 32.5305/72.33333206176758 = 45.0% done in 10324.6s, 12632.7s to go
on time step 130135 (time=32.5337), 0.0762688 s/step
Meep progress: 32.544000000000004/72.33333206176758 = 45.0% done in 10328.6s, 12628.1s to go
on time step 130189 (time=32.5472), 0.074812 s/step
Meep progress: 32.5575/72.33333206176758 = 45.0% done in 10332.7s, 12623.5s to go
on time step 130243 (time=32.5607), 0.0748201 s/step
Meep progress: 32.571/72.33333206176758 = 45.0% done in 10336.7s, 12618.9s to go
on time step 130297 (time=32.5742), 0.0750525 s/step
Meep progress: 32.584/72.33333206176758 = 45.0% done in 10340.8s, 12614.8s to go
on time step 130347 (time=32.5868), 0.080697 s/step
Meep progress: 32.597/72.33333206176758 = 45.1% done in 10344.9s, 12610.6s to go
on time step 130400 (time=32.6), 0.0760013 s/step
Meep progress: 32.6105/72.33333206176758 = 45.1% done in 10348.9s, 12606.0s to go
on time step 130453 (time=32.6133), 0.0760021 s/step
Meep progress: 32.624/72.33333206176758 = 45.1% done in 10353.0s, 12601.5s to go
on time step 130507 (time=32.6268), 0.0748587 s/step
Meep progress: 32.63725/72.33333206176758 = 45.1% done in 10357.1s, 12597.1s to go
on time step 130560 (time=32.64), 0.0765095 s/step
Meep progress: 32.65025/72.33333206176758 = 45.1% done in 10361.1s, 12592.9s to go
on time step 130612 (time=32.653), 0.0778833 s/step
Meep progress: 32.6635/72.33333206176758 = 45.2% done in 10365.1s, 12588.5s to go
on time step 130665 (time=32.6662), 0.0756073 s/step
Meep progress: 32.67675/72.33333206176758 = 45.2% done in 10369.2s, 12584.1s to go
on time step 130717 (time=32.6793), 0.077525 s/step
Meep progress: 32.689750000000004/72.33333206176758 = 45.2% done in 10373.2s, 12579.8s to go
on time step 130770 (time=32.6925), 0.0760332 s/step
Meep progress: 32.703250000000004/72.33333206176758 = 45.2% done in 10377.3s, 12575.3s to go
on time step 130824 (time=32.706), 0.0748544 s/step
Meep progress: 32.71675/72.33333206176758 = 45.2% done in 10381.3s, 12570.6s to go
on time step 130878 (time=32.7195), 0.0748274 s/step
Meep progress: 32.730000000000004/72.33333206176758 = 45.2% done in 10385.3s, 12566.3s to go
on time step 130930 (time=32.7325), 0.0771268 s/step
Meep progress: 32.74325/72.33333206176758 = 45.3% done in 10389.4s, 12561.8s to go
on time step 130984 (time=32.746), 0.0752574 s/step
Meep progress: 32.756750000000004/72.33333206176758 = 45.3% done in 10393.4s, 12557.3s to go
on time step 131038 (time=32.7595), 0.0752824 s/step
Meep progress: 32.77/72.33333206176758 = 45.3% done in 10397.4s, 12552.8s to go
on time step 131092 (time=32.773), 0.0753494 s/step
Meep progress: 32.78325/72.33333206176758 = 45.3% done in 10401.4s, 12548.4s to go
on time step 131145 (time=32.7863), 0.0764883 s/step
Meep progress: 32.7965/72.33333206176758 = 45.3% done in 10405.5s, 12544.0s to go
on time step 131199 (time=32.7998), 0.0755489 s/step
Meep progress: 32.80975/72.33333206176758 = 45.4% done in 10409.5s, 12539.6s to go
on time step 131253 (time=32.8133), 0.0751736 s/step
Meep progress: 32.82325/72.33333206176758 = 45.4% done in 10413.5s, 12535.0s to go
on time step 131307 (time=32.8268), 0.0754388 s/step
Meep progress: 32.83625/72.33333206176758 = 45.4% done in 10417.5s, 12530.7s to go
on time step 131359 (time=32.8398), 0.0773376 s/step
Meep progress: 32.8495/72.33333206176758 = 45.4% done in 10421.5s, 12526.3s to go
on time step 131413 (time=32.8533), 0.0751319 s/step
Meep progress: 32.863/72.33333206176758 = 45.4% done in 10425.6s, 12521.8s to go
on time step 131467 (time=32.8668), 0.0752206 s/step
Meep progress: 32.8765/72.33333206176758 = 45.5% done in 10429.7s, 12517.2s to go
on time step 131520 (time=32.88), 0.0765285 s/step
Meep progress: 32.88975/72.33333206176758 = 45.5% done in 10433.8s, 12512.9s to go
on time step 131573 (time=32.8933), 0.0760895 s/step
Meep progress: 32.903/72.33333206176758 = 45.5% done in 10437.8s, 12508.5s to go
on time step 131626 (time=32.9065), 0.0766803 s/step
Meep progress: 32.9165/72.33333206176758 = 45.5% done in 10441.9s, 12503.9s to go
on time step 131680 (time=32.92), 0.0749584 s/step
Meep progress: 32.92975/72.33333206176758 = 45.5% done in 10445.9s, 12499.5s to go
on time step 131733 (time=32.9333), 0.0763951 s/step
Meep progress: 32.94325/72.33333206176758 = 45.5% done in 10450.0s, 12495.0s to go
on time step 131787 (time=32.9468), 0.0746755 s/step
Meep progress: 32.95675/72.33333206176758 = 45.6% done in 10454.0s, 12490.4s to go
on time step 131841 (time=32.9603), 0.0750299 s/step
Meep progress: 32.97025/72.33333206176758 = 45.6% done in 10458.0s, 12485.8s to go
on time step 131895 (time=32.9738), 0.0745999 s/step
Meep progress: 32.9835/72.33333206176758 = 45.6% done in 10462.1s, 12481.4s to go
on time step 131948 (time=32.987), 0.0757944 s/step
Meep progress: 32.99675/72.33333206176758 = 45.6% done in 10466.1s, 12477.0s to go
on time step 132001 (time=33.0003), 0.0760984 s/step
Meep progress: 33.01025/72.33333206176758 = 45.6% done in 10470.1s, 12472.4s to go
on time step 132055 (time=33.0138), 0.0746422 s/step
Meep progress: 33.02375/72.33333206176758 = 45.7% done in 10474.2s, 12467.9s to go
on time step 132108 (time=33.027), 0.0757196 s/step
Meep progress: 33.037/72.33333206176758 = 45.7% done in 10478.2s, 12463.4s to go
on time step 132161 (time=33.0403), 0.0757156 s/step
Meep progress: 33.05/72.33333206176758 = 45.7% done in 10482.2s, 12459.2s to go
on time step 132214 (time=33.0535), 0.0766962 s/step
Meep progress: 33.063250000000004/72.33333206176758 = 45.7% done in 10486.3s, 12454.8s to go
on time step 132267 (time=33.0667), 0.0760607 s/step
Meep progress: 33.07625/72.33333206176758 = 45.7% done in 10490.3s, 12450.5s to go
on time step 132319 (time=33.0798), 0.0781611 s/step
Meep progress: 33.0895/72.33333206176758 = 45.7% done in 10494.3s, 12446.2s to go
on time step 132372 (time=33.093), 0.0766874 s/step
Meep progress: 33.10275/72.33333206176758 = 45.8% done in 10498.3s, 12441.7s to go
on time step 132426 (time=33.1065), 0.0741632 s/step
Meep progress: 33.11625/72.33333206176758 = 45.8% done in 10502.4s, 12437.2s to go
on time step 132479 (time=33.1198), 0.075621 s/step
Meep progress: 33.1295/72.33333206176758 = 45.8% done in 10506.4s, 12432.8s to go
on time step 132532 (time=33.133), 0.0761785 s/step
Meep progress: 33.14275/72.33333206176758 = 45.8% done in 10510.4s, 12428.3s to go
on time step 132586 (time=33.1465), 0.0754286 s/step
Meep progress: 33.156/72.33333206176758 = 45.8% done in 10514.4s, 12423.9s to go
on time step 132639 (time=33.1598), 0.0755784 s/step
Meep progress: 33.1695/72.33333206176758 = 45.9% done in 10518.5s, 12419.4s to go
on time step 132692 (time=33.173), 0.0755657 s/step
Meep progress: 33.18275/72.33333206176758 = 45.9% done in 10522.5s, 12415.0s to go
on time step 132746 (time=33.1865), 0.0754659 s/step
Meep progress: 33.196/72.33333206176758 = 45.9% done in 10526.5s, 12410.5s to go
on time step 132799 (time=33.1998), 0.0756417 s/step
Meep progress: 33.209/72.33333206176758 = 45.9% done in 10530.6s, 12406.3s to go
on time step 132851 (time=33.2127), 0.0773241 s/step
Meep progress: 33.22225/72.33333206176758 = 45.9% done in 10534.6s, 12402.0s to go
on time step 132903 (time=33.2257), 0.0771101 s/step
Meep progress: 33.2355/72.33333206176758 = 45.9% done in 10538.6s, 12397.5s to go
on time step 132956 (time=33.239), 0.0762953 s/step
Meep progress: 33.24875/72.33333206176758 = 46.0% done in 10542.7s, 12393.2s to go
on time step 133009 (time=33.2523), 0.0755913 s/step
Meep progress: 33.26225/72.33333206176758 = 46.0% done in 10546.7s, 12388.6s to go
on time step 133063 (time=33.2658), 0.0744484 s/step
Meep progress: 33.275/72.33333206176758 = 46.0% done in 10550.7s, 12384.5s to go
on time step 133114 (time=33.2785), 0.0790793 s/step
Meep progress: 33.28825/72.33333206176758 = 46.0% done in 10554.8s, 12380.1s to go
on time step 133167 (time=33.2918), 0.0768925 s/step
Meep progress: 33.3015/72.33333206176758 = 46.0% done in 10558.8s, 12375.7s to go
on time step 133220 (time=33.305), 0.075548 s/step
Meep progress: 33.314750000000004/72.33333206176758 = 46.1% done in 10562.9s, 12371.4s to go
on time step 133273 (time=33.3182), 0.0765937 s/step
Meep progress: 33.328/72.33333206176758 = 46.1% done in 10566.9s, 12367.0s to go
on time step 133326 (time=33.3315), 0.0762083 s/step
Meep progress: 33.34125/72.33333206176758 = 46.1% done in 10571.0s, 12362.6s to go
on time step 133379 (time=33.3447), 0.0761077 s/step
Meep progress: 33.35475/72.33333206176758 = 46.1% done in 10575.0s, 12358.0s to go
on time step 133433 (time=33.3582), 0.0748651 s/step
Meep progress: 33.368/72.33333206176758 = 46.1% done in 10579.0s, 12353.6s to go
on time step 133486 (time=33.3715), 0.076406 s/step
Meep progress: 33.38125/72.33333206176758 = 46.1% done in 10583.0s, 12349.2s to go
on time step 133540 (time=33.385), 0.0753884 s/step
Meep progress: 33.3945/72.33333206176758 = 46.2% done in 10587.1s, 12344.8s to go
on time step 133593 (time=33.3982), 0.0757711 s/step
Meep progress: 33.408/72.33333206176758 = 46.2% done in 10591.1s, 12340.2s to go
on time step 133647 (time=33.4117), 0.0750602 s/step
Meep progress: 33.42125/72.33333206176758 = 46.2% done in 10595.2s, 12335.9s to go
on time step 133700 (time=33.425), 0.0761196 s/step
Meep progress: 33.4345/72.33333206176758 = 46.2% done in 10599.2s, 12331.5s to go
on time step 133752 (time=33.438), 0.0772865 s/step
Meep progress: 33.447250000000004/72.33333206176758 = 46.2% done in 10603.2s, 12327.4s to go
on time step 133804 (time=33.451), 0.0780609 s/step
Meep progress: 33.4605/72.33333206176758 = 46.3% done in 10607.2s, 12323.0s to go
on time step 133858 (time=33.4645), 0.0753391 s/step
Meep progress: 33.47375/72.33333206176758 = 46.3% done in 10611.3s, 12318.6s to go
on time step 133910 (time=33.4775), 0.0773921 s/step
Meep progress: 33.487/72.33333206176758 = 46.3% done in 10615.3s, 12314.2s to go
on time step 133964 (time=33.491), 0.0754234 s/step
Meep progress: 33.5005/72.33333206176758 = 46.3% done in 10619.4s, 12309.7s to go
on time step 134018 (time=33.5045), 0.0745942 s/step
Meep progress: 33.514/72.33333206176758 = 46.3% done in 10623.4s, 12305.1s to go
on time step 134071 (time=33.5177), 0.0761253 s/step
Meep progress: 33.52725/72.33333206176758 = 46.4% done in 10627.5s, 12300.7s to go
on time step 134125 (time=33.5312), 0.0750747 s/step
Meep progress: 33.5405/72.33333206176758 = 46.4% done in 10631.5s, 12296.3s to go
on time step 134178 (time=33.5445), 0.0766221 s/step
Meep progress: 33.554/72.33333206176758 = 46.4% done in 10635.5s, 12291.8s to go
on time step 134233 (time=33.5583), 0.0737968 s/step
Meep progress: 33.5675/72.33333206176758 = 46.4% done in 10639.6s, 12287.3s to go
on time step 134286 (time=33.5715), 0.0760359 s/step
Meep progress: 33.581/72.33333206176758 = 46.4% done in 10643.7s, 12282.7s to go
on time step 134340 (time=33.585), 0.0752854 s/step
Meep progress: 33.59425/72.33333206176758 = 46.4% done in 10647.7s, 12278.4s to go
on time step 134393 (time=33.5983), 0.0758385 s/step
Meep progress: 33.60775/72.33333206176758 = 46.5% done in 10651.7s, 12273.8s to go
on time step 134447 (time=33.6118), 0.0748742 s/step
Meep progress: 33.62075/72.33333206176758 = 46.5% done in 10655.8s, 12269.6s to go
on time step 134499 (time=33.6247), 0.0774431 s/step
Meep progress: 33.634/72.33333206176758 = 46.5% done in 10659.8s, 12265.1s to go
on time step 134552 (time=33.638), 0.0755991 s/step
Meep progress: 33.6475/72.33333206176758 = 46.5% done in 10663.8s, 12260.6s to go
on time step 134606 (time=33.6515), 0.0751848 s/step
Meep progress: 33.661/72.33333206176758 = 46.5% done in 10667.9s, 12256.1s to go
on time step 134660 (time=33.665), 0.0752832 s/step
Meep progress: 33.67375/72.33333206176758 = 46.6% done in 10671.9s, 12252.0s to go
on time step 134711 (time=33.6778), 0.079136 s/step
Meep progress: 33.68675/72.33333206176758 = 46.6% done in 10675.9s, 12247.8s to go
on time step 134764 (time=33.691), 0.0769187 s/step
Meep progress: 33.700250000000004/72.33333206176758 = 46.6% done in 10680.0s, 12243.2s to go
on time step 134818 (time=33.7045), 0.0744427 s/step
Meep progress: 33.71375/72.33333206176758 = 46.6% done in 10684.0s, 12238.7s to go
on time step 134871 (time=33.7178), 0.0758833 s/step
Meep progress: 33.727000000000004/72.33333206176758 = 46.6% done in 10688.0s, 12234.3s to go
on time step 134925 (time=33.7313), 0.075001 s/step
Meep progress: 33.74025/72.33333206176758 = 46.6% done in 10692.0s, 12229.9s to go
on time step 134978 (time=33.7445), 0.0760799 s/step
Meep progress: 33.7535/72.33333206176758 = 46.7% done in 10696.1s, 12225.5s to go
on time step 135031 (time=33.7578), 0.0758016 s/step
Meep progress: 33.76675/72.33333206176758 = 46.7% done in 10700.1s, 12221.1s to go
on time step 135084 (time=33.771), 0.0766632 s/step
Meep progress: 33.77975/72.33333206176758 = 46.7% done in 10704.1s, 12216.9s to go
on time step 135136 (time=33.784), 0.0771638 s/step
Meep progress: 33.793/72.33333206176758 = 46.7% done in 10708.2s, 12212.5s to go
on time step 135189 (time=33.7972), 0.0765186 s/step
Meep progress: 33.80625/72.33333206176758 = 46.7% done in 10712.3s, 12208.2s to go
on time step 135242 (time=33.8105), 0.0765285 s/step
Meep progress: 33.8195/72.33333206176758 = 46.8% done in 10716.3s, 12203.8s to go
on time step 135295 (time=33.8238), 0.076292 s/step
Meep progress: 33.833/72.33333206176758 = 46.8% done in 10720.4s, 12199.3s to go
on time step 135349 (time=33.8372), 0.0753529 s/step
Meep progress: 33.84625/72.33333206176758 = 46.8% done in 10724.4s, 12194.8s to go
on time step 135403 (time=33.8507), 0.0754514 s/step
Meep progress: 33.859500000000004/72.33333206176758 = 46.8% done in 10728.4s, 12190.5s to go
on time step 135455 (time=33.8638), 0.0774071 s/step
Meep progress: 33.87275/72.33333206176758 = 46.8% done in 10732.5s, 12186.1s to go
on time step 135508 (time=33.877), 0.0758296 s/step
Meep progress: 33.886/72.33333206176758 = 46.8% done in 10736.5s, 12181.7s to go
on time step 135562 (time=33.8905), 0.0754136 s/step
Meep progress: 33.89925/72.33333206176758 = 46.9% done in 10740.5s, 12177.3s to go
on time step 135615 (time=33.9038), 0.0755767 s/step
Meep progress: 33.9125/72.33333206176758 = 46.9% done in 10744.5s, 12172.9s to go
on time step 135668 (time=33.917), 0.0763214 s/step
Meep progress: 33.92575/72.33333206176758 = 46.9% done in 10748.5s, 12168.5s to go
on time step 135722 (time=33.9305), 0.0752686 s/step
Meep progress: 33.93925/72.33333206176758 = 46.9% done in 10752.6s, 12164.0s to go
on time step 135776 (time=33.944), 0.0753803 s/step
Meep progress: 33.9525/72.33333206176758 = 46.9% done in 10756.6s, 12159.6s to go
on time step 135829 (time=33.9573), 0.0758956 s/step
Meep progress: 33.96575/72.33333206176758 = 47.0% done in 10760.7s, 12155.2s to go
on time step 135882 (time=33.9705), 0.076046 s/step
Meep progress: 33.97925/72.33333206176758 = 47.0% done in 10764.7s, 12150.7s to go
on time step 135936 (time=33.984), 0.0752011 s/step
Meep progress: 33.99275/72.33333206176758 = 47.0% done in 10768.8s, 12146.2s to go
on time step 135990 (time=33.9975), 0.0749843 s/step
Meep progress: 34.00625/72.33333206176758 = 47.0% done in 10772.8s, 12141.6s to go
on time step 136044 (time=34.011), 0.0748699 s/step
Meep progress: 34.0195/72.33333206176758 = 47.0% done in 10776.9s, 12137.2s to go
on time step 136097 (time=34.0243), 0.0764262 s/step
Meep progress: 34.03275/72.33333206176758 = 47.0% done in 10780.9s, 12132.8s to go
on time step 136150 (time=34.0375), 0.0754868 s/step
Meep progress: 34.046/72.33333206176758 = 47.1% done in 10784.9s, 12128.4s to go
on time step 136203 (time=34.0508), 0.0763268 s/step
Meep progress: 34.059/72.33333206176758 = 47.1% done in 10788.9s, 12124.2s to go
on time step 136255 (time=34.0637), 0.0779073 s/step
Meep progress: 34.072/72.33333206176758 = 47.1% done in 10792.9s, 12120.0s to go
on time step 136307 (time=34.0768), 0.0769682 s/step
Meep progress: 34.085/72.33333206176758 = 47.1% done in 10797.0s, 12115.8s to go
on time step 136360 (time=34.09), 0.0769493 s/step
Meep progress: 34.09825/72.33333206176758 = 47.1% done in 10801.0s, 12111.4s to go
on time step 136413 (time=34.1033), 0.0758102 s/step
Meep progress: 34.1115/72.33333206176758 = 47.2% done in 10805.1s, 12107.0s to go
on time step 136466 (time=34.1165), 0.076789 s/step
Meep progress: 34.12475/72.33333206176758 = 47.2% done in 10809.1s, 12102.6s to go
on time step 136520 (time=34.13), 0.0749483 s/step
Meep progress: 34.13825/72.33333206176758 = 47.2% done in 10813.1s, 12098.1s to go
on time step 136573 (time=34.1433), 0.0757345 s/step
Meep progress: 34.1515/72.33333206176758 = 47.2% done in 10817.1s, 12093.7s to go
on time step 136627 (time=34.1568), 0.0752601 s/step
Meep progress: 34.16475/72.33333206176758 = 47.2% done in 10821.2s, 12089.3s to go
on time step 136680 (time=34.17), 0.0763226 s/step
Meep progress: 34.17825/72.33333206176758 = 47.3% done in 10825.2s, 12084.8s to go
on time step 136733 (time=34.1833), 0.0759113 s/step
Meep progress: 34.1915/72.33333206176758 = 47.3% done in 10829.3s, 12080.4s to go
on time step 136787 (time=34.1968), 0.075419 s/step
Meep progress: 34.205/72.33333206176758 = 47.3% done in 10833.3s, 12075.9s to go
on time step 136840 (time=34.21), 0.0762408 s/step
Meep progress: 34.21825/72.33333206176758 = 47.3% done in 10837.4s, 12071.6s to go
on time step 136893 (time=34.2233), 0.0760377 s/step
Meep progress: 34.23125/72.33333206176758 = 47.3% done in 10841.5s, 12067.4s to go
on time step 136945 (time=34.2362), 0.0781098 s/step
Meep progress: 34.2445/72.33333206176758 = 47.3% done in 10845.5s, 12063.0s to go
on time step 136998 (time=34.2495), 0.0767629 s/step
Meep progress: 34.25775/72.33333206176758 = 47.4% done in 10849.6s, 12058.7s to go
on time step 137051 (time=34.2628), 0.0766214 s/step
Meep progress: 34.2705/72.33333206176758 = 47.4% done in 10853.6s, 12054.6s to go
on time step 137102 (time=34.2755), 0.0795187 s/step
Meep progress: 34.283500000000004/72.33333206176758 = 47.4% done in 10857.6s, 12050.4s to go
on time step 137156 (time=34.289), 0.0753768 s/step
Meep progress: 34.29675/72.33333206176758 = 47.4% done in 10861.6s, 12046.0s to go
on time step 137207 (time=34.3017), 0.079058 s/step
Meep progress: 34.3095/72.33333206176758 = 47.4% done in 10865.7s, 12042.0s to go
on time step 137260 (time=34.315), 0.0765092 s/step
Meep progress: 34.323/72.33333206176758 = 47.5% done in 10869.8s, 12037.5s to go
on time step 137313 (time=34.3283), 0.0755418 s/step
Meep progress: 34.33625/72.33333206176758 = 47.5% done in 10873.8s, 12033.1s to go
on time step 137366 (time=34.3415), 0.0759835 s/step
Meep progress: 34.3495/72.33333206176758 = 47.5% done in 10877.8s, 12028.7s to go
on time step 137419 (time=34.3548), 0.0757363 s/step
Meep progress: 34.36275/72.33333206176758 = 47.5% done in 10881.8s, 12024.3s to go
on time step 137472 (time=34.368), 0.0756702 s/step
Meep progress: 34.37625/72.33333206176758 = 47.5% done in 10885.9s, 12019.8s to go
on time step 137526 (time=34.3815), 0.0752799 s/step
Meep progress: 34.3895/72.33333206176758 = 47.5% done in 10889.9s, 12015.4s to go
on time step 137579 (time=34.3948), 0.0758171 s/step
Meep progress: 34.4025/72.33333206176758 = 47.6% done in 10893.9s, 12011.2s to go
on time step 137631 (time=34.4078), 0.0783178 s/step
Meep progress: 34.4155/72.33333206176758 = 47.6% done in 10897.9s, 12007.0s to go
on time step 137684 (time=34.421), 0.0761261 s/step
Meep progress: 34.429/72.33333206176758 = 47.6% done in 10902.0s, 12002.5s to go
on time step 137738 (time=34.4345), 0.0755158 s/step
Meep progress: 34.44225/72.33333206176758 = 47.6% done in 10906.0s, 11998.1s to go
on time step 137791 (time=34.4477), 0.0766882 s/step
Meep progress: 34.45525/72.33333206176758 = 47.6% done in 10910.1s, 11993.9s to go
on time step 137843 (time=34.4607), 0.0772786 s/step
Meep progress: 34.46825/72.33333206176758 = 47.7% done in 10914.1s, 11989.7s to go
on time step 137895 (time=34.4738), 0.0779119 s/step
Meep progress: 34.48125/72.33333206176758 = 47.7% done in 10918.2s, 11985.5s to go
on time step 137947 (time=34.4868), 0.078368 s/step
Meep progress: 34.49425/72.33333206176758 = 47.7% done in 10922.2s, 11981.3s to go
on time step 138000 (time=34.5), 0.0767929 s/step
Meep progress: 34.50725/72.33333206176758 = 47.7% done in 10926.2s, 11977.0s to go
on time step 138053 (time=34.5132), 0.0764595 s/step
Meep progress: 34.5205/72.33333206176758 = 47.7% done in 10930.2s, 11972.7s to go
on time step 138105 (time=34.5262), 0.0771861 s/step
Meep progress: 34.533500000000004/72.33333206176758 = 47.7% done in 10934.2s, 11968.4s to go
on time step 138158 (time=34.5395), 0.0760705 s/step
Meep progress: 34.54675/72.33333206176758 = 47.8% done in 10938.3s, 11964.1s to go
on time step 138210 (time=34.5525), 0.0773373 s/step
Meep progress: 34.55975/72.33333206176758 = 47.8% done in 10942.3s, 11959.9s to go
on time step 138262 (time=34.5655), 0.0781824 s/step
Meep progress: 34.57275/72.33333206176758 = 47.8% done in 10946.4s, 11955.7s to go
on time step 138314 (time=34.5785), 0.0770507 s/step
Meep progress: 34.586/72.33333206176758 = 47.8% done in 10950.4s, 11951.4s to go
on time step 138367 (time=34.5917), 0.0761649 s/step
Meep progress: 34.599000000000004/72.33333206176758 = 47.8% done in 10954.4s, 11947.1s to go
on time step 138419 (time=34.6048), 0.0776756 s/step
Meep progress: 34.612/72.33333206176758 = 47.9% done in 10958.5s, 11942.9s to go
on time step 138471 (time=34.6178), 0.0778154 s/step
Meep progress: 34.62475/72.33333206176758 = 47.9% done in 10962.5s, 11938.9s to go
on time step 138522 (time=34.6305), 0.0795914 s/step
Meep progress: 34.63725/72.33333206176758 = 47.9% done in 10966.5s, 11934.9s to go
on time step 138574 (time=34.6435), 0.0774333 s/step
Meep progress: 34.6505/72.33333206176758 = 47.9% done in 10970.6s, 11930.6s to go
on time step 138626 (time=34.6565), 0.0782404 s/step
Meep progress: 34.66375/72.33333206176758 = 47.9% done in 10974.6s, 11926.3s to go
on time step 138678 (time=34.6695), 0.0771137 s/step
Meep progress: 34.67675/72.33333206176758 = 47.9% done in 10978.7s, 11922.1s to go
on time step 138732 (time=34.683), 0.0752638 s/step
Meep progress: 34.69025/72.33333206176758 = 48.0% done in 10982.7s, 11917.5s to go
on time step 138786 (time=34.6965), 0.0747014 s/step
Meep progress: 34.7035/72.33333206176758 = 48.0% done in 10986.7s, 11913.1s to go
on time step 138839 (time=34.7097), 0.0762762 s/step
Meep progress: 34.71675/72.33333206176758 = 48.0% done in 10990.7s, 11908.7s to go
on time step 138892 (time=34.723), 0.0754882 s/step
Meep progress: 34.73025/72.33333206176758 = 48.0% done in 10994.8s, 11904.2s to go
on time step 138945 (time=34.7362), 0.0756006 s/step
Meep progress: 34.7435/72.33333206176758 = 48.0% done in 10998.8s, 11899.8s to go
on time step 138998 (time=34.7495), 0.0758322 s/step
Meep progress: 34.756750000000004/72.33333206176758 = 48.1% done in 11002.8s, 11895.5s to go
on time step 139051 (time=34.7628), 0.075732 s/step
Meep progress: 34.77/72.33333206176758 = 48.1% done in 11006.8s, 11891.1s to go
on time step 139105 (time=34.7762), 0.0752916 s/step
Meep progress: 34.783500000000004/72.33333206176758 = 48.1% done in 11010.9s, 11886.6s to go
on time step 139160 (time=34.79), 0.073661 s/step
Meep progress: 34.79675/72.33333206176758 = 48.1% done in 11014.9s, 11882.2s to go
on time step 139212 (time=34.803), 0.0780256 s/step
Meep progress: 34.80975/72.33333206176758 = 48.1% done in 11018.9s, 11877.9s to go
on time step 139264 (time=34.816), 0.0770216 s/step
Meep progress: 34.82275/72.33333206176758 = 48.1% done in 11022.9s, 11873.8s to go
on time step 139317 (time=34.8293), 0.0764379 s/step
Meep progress: 34.83625/72.33333206176758 = 48.2% done in 11027.0s, 11869.2s to go
on time step 139371 (time=34.8428), 0.075059 s/step
Meep progress: 34.8495/72.33333206176758 = 48.2% done in 11031.0s, 11864.8s to go
on time step 139424 (time=34.856), 0.0754731 s/step
Meep progress: 34.863/72.33333206176758 = 48.2% done in 11035.1s, 11860.3s to go
on time step 139477 (time=34.8693), 0.0763149 s/step
Meep progress: 34.87625/72.33333206176758 = 48.2% done in 11039.1s, 11856.0s to go
on time step 139531 (time=34.8828), 0.0751336 s/step
Meep progress: 34.88975/72.33333206176758 = 48.2% done in 11043.1s, 11851.5s to go
on time step 139584 (time=34.896), 0.0760645 s/step
Meep progress: 34.903/72.33333206176758 = 48.3% done in 11047.2s, 11847.1s to go
on time step 139638 (time=34.9095), 0.0754167 s/step
Meep progress: 34.9165/72.33333206176758 = 48.3% done in 11051.2s, 11842.6s to go
on time step 139691 (time=34.9228), 0.0754738 s/step
Meep progress: 34.93/72.33333206176758 = 48.3% done in 11055.3s, 11838.1s to go
on time step 139745 (time=34.9363), 0.0745318 s/step
Meep progress: 34.9435/72.33333206176758 = 48.3% done in 11059.4s, 11833.6s to go
on time step 139798 (time=34.9495), 0.0758107 s/step
Meep progress: 34.95675/72.33333206176758 = 48.3% done in 11063.4s, 11829.2s to go
on time step 139852 (time=34.963), 0.0751889 s/step
Meep progress: 34.97025/72.33333206176758 = 48.3% done in 11067.4s, 11824.7s to go
on time step 139906 (time=34.9765), 0.0751003 s/step
Meep progress: 34.98375/72.33333206176758 = 48.4% done in 11071.5s, 11820.2s to go
on time step 139960 (time=34.99), 0.0744461 s/step
Meep progress: 34.997/72.33333206176758 = 48.4% done in 11075.5s, 11815.8s to go
on time step 140012 (time=35.003), 0.0773015 s/step
Meep progress: 35.01/72.33333206176758 = 48.4% done in 11079.5s, 11811.6s to go
on time step 140064 (time=35.016), 0.0776753 s/step
Meep progress: 35.023/72.33333206176758 = 48.4% done in 11083.5s, 11807.4s to go
on time step 140117 (time=35.0292), 0.0756995 s/step
Meep progress: 35.036500000000004/72.33333206176758 = 48.4% done in 11087.6s, 11802.9s to go
on time step 140171 (time=35.0427), 0.0751186 s/step
Meep progress: 35.0495/72.33333206176758 = 48.5% done in 11091.6s, 11798.7s to go
on time step 140223 (time=35.0558), 0.077089 s/step
Meep progress: 35.063/72.33333206176758 = 48.5% done in 11095.6s, 11794.2s to go
on time step 140276 (time=35.069), 0.0759983 s/step
Meep progress: 35.07625/72.33333206176758 = 48.5% done in 11099.7s, 11789.8s to go
on time step 140330 (time=35.0825), 0.074597 s/step
Meep progress: 35.08975/72.33333206176758 = 48.5% done in 11103.7s, 11785.2s to go
on time step 140383 (time=35.0958), 0.0757594 s/step
Meep progress: 35.103/72.33333206176758 = 48.5% done in 11107.7s, 11780.9s to go
on time step 140437 (time=35.1093), 0.0749252 s/step
Meep progress: 35.11625/72.33333206176758 = 48.5% done in 11111.7s, 11776.5s to go
on time step 140488 (time=35.122), 0.0793155 s/step
Meep progress: 35.129/72.33333206176758 = 48.6% done in 11115.8s, 11772.5s to go
on time step 140541 (time=35.1352), 0.0761994 s/step
Meep progress: 35.1425/72.33333206176758 = 48.6% done in 11119.9s, 11768.0s to go
on time step 140594 (time=35.1485), 0.076006 s/step
Meep progress: 35.15575/72.33333206176758 = 48.6% done in 11123.9s, 11763.6s to go
on time step 140648 (time=35.162), 0.0750502 s/step
Meep progress: 35.16925/72.33333206176758 = 48.6% done in 11127.9s, 11759.1s to go
on time step 140702 (time=35.1755), 0.0746446 s/step
Meep progress: 35.183/72.33333206176758 = 48.6% done in 11132.0s, 11754.5s to go
on time step 140756 (time=35.189), 0.0753344 s/step
Meep progress: 35.196/72.33333206176758 = 48.7% done in 11136.0s, 11750.3s to go
on time step 140808 (time=35.202), 0.0773735 s/step
Meep progress: 35.209/72.33333206176758 = 48.7% done in 11140.1s, 11746.1s to go
on time step 140860 (time=35.215), 0.078347 s/step
Meep progress: 35.22225/72.33333206176758 = 48.7% done in 11144.1s, 11741.8s to go
on time step 140913 (time=35.2283), 0.0756906 s/step
Meep progress: 35.2355/72.33333206176758 = 48.7% done in 11148.1s, 11737.4s to go
on time step 140966 (time=35.2415), 0.0762582 s/step
Meep progress: 35.2485/72.33333206176758 = 48.7% done in 11152.2s, 11733.2s to go
on time step 141017 (time=35.2542), 0.0786878 s/step
Meep progress: 35.2615/72.33333206176758 = 48.7% done in 11156.3s, 11729.0s to go
on time step 141069 (time=35.2673), 0.0770581 s/step
Meep progress: 35.275/72.33333206176758 = 48.8% done in 11160.3s, 11724.6s to go
on time step 141122 (time=35.2805), 0.0756161 s/step
Meep progress: 35.28825/72.33333206176758 = 48.8% done in 11164.4s, 11720.2s to go
on time step 141175 (time=35.2938), 0.0758818 s/step
Meep progress: 35.3015/72.33333206176758 = 48.8% done in 11168.4s, 11715.8s to go
on time step 141228 (time=35.307), 0.0763309 s/step
Meep progress: 35.314750000000004/72.33333206176758 = 48.8% done in 11172.4s, 11711.5s to go
on time step 141282 (time=35.3205), 0.0753879 s/step
Meep progress: 35.328250000000004/72.33333206176758 = 48.8% done in 11176.5s, 11707.0s to go
on time step 141336 (time=35.334), 0.0746149 s/step
Meep progress: 35.3415/72.33333206176758 = 48.9% done in 11180.5s, 11702.6s to go
on time step 141389 (time=35.3473), 0.0764563 s/step
Meep progress: 35.35475/72.33333206176758 = 48.9% done in 11184.5s, 11698.2s to go
on time step 141443 (time=35.3608), 0.0753331 s/step
Meep progress: 35.368/72.33333206176758 = 48.9% done in 11188.6s, 11693.9s to go
on time step 141496 (time=35.374), 0.0760352 s/step
Meep progress: 35.3815/72.33333206176758 = 48.9% done in 11192.6s, 11689.4s to go
on time step 141550 (time=35.3875), 0.075356 s/step
Meep progress: 35.3945/72.33333206176758 = 48.9% done in 11196.6s, 11685.2s to go
on time step 141602 (time=35.4005), 0.0775362 s/step
Meep progress: 35.40775/72.33333206176758 = 49.0% done in 11200.7s, 11680.8s to go
on time step 141655 (time=35.4138), 0.0761421 s/step
Meep progress: 35.421/72.33333206176758 = 49.0% done in 11204.7s, 11676.5s to go
on time step 141709 (time=35.4273), 0.0753134 s/step
Meep progress: 35.4345/72.33333206176758 = 49.0% done in 11208.8s, 11672.0s to go
on time step 141762 (time=35.4405), 0.07672 s/step
Meep progress: 35.4475/72.33333206176758 = 49.0% done in 11212.8s, 11667.8s to go
on time step 141814 (time=35.4535), 0.0777931 s/step
Meep progress: 35.46075/72.33333206176758 = 49.0% done in 11216.9s, 11663.5s to go
on time step 141868 (time=35.467), 0.0747867 s/step
Meep progress: 35.47425/72.33333206176758 = 49.0% done in 11220.9s, 11658.9s to go
on time step 141922 (time=35.4805), 0.0753764 s/step
Meep progress: 35.487500000000004/72.33333206176758 = 49.1% done in 11224.9s, 11654.6s to go
on time step 141975 (time=35.4937), 0.0761125 s/step
Meep progress: 35.500750000000004/72.33333206176758 = 49.1% done in 11228.9s, 11650.2s to go
on time step 142029 (time=35.5072), 0.0752738 s/step
Meep progress: 35.514/72.33333206176758 = 49.1% done in 11232.9s, 11645.8s to go
on time step 142083 (time=35.5207), 0.0753222 s/step
Meep progress: 35.5275/72.33333206176758 = 49.1% done in 11237.0s, 11641.3s to go
on time step 142137 (time=35.5343), 0.0745578 s/step
Meep progress: 35.54075/72.33333206176758 = 49.1% done in 11241.0s, 11636.9s to go
on time step 142190 (time=35.5475), 0.0763318 s/step
Meep progress: 35.55425/72.33333206176758 = 49.2% done in 11245.1s, 11632.5s to go
on time step 142242 (time=35.5605), 0.0771302 s/step
Meep progress: 35.5675/72.33333206176758 = 49.2% done in 11249.1s, 11628.1s to go
on time step 142296 (time=35.574), 0.0745946 s/step
Meep progress: 35.581/72.33333206176758 = 49.2% done in 11253.2s, 11623.7s to go
on time step 142349 (time=35.5872), 0.0768898 s/step
Meep progress: 35.59425/72.33333206176758 = 49.2% done in 11257.3s, 11619.3s to go
on time step 142402 (time=35.6005), 0.075866 s/step
Meep progress: 35.60725/72.33333206176758 = 49.2% done in 11261.3s, 11615.1s to go
on time step 142454 (time=35.6135), 0.0780308 s/step
Meep progress: 35.62075/72.33333206176758 = 49.2% done in 11265.4s, 11610.7s to go
on time step 142508 (time=35.627), 0.0744068 s/step
Meep progress: 35.634/72.33333206176758 = 49.3% done in 11269.4s, 11606.3s to go
on time step 142560 (time=35.64), 0.0774001 s/step
Meep progress: 35.647/72.33333206176758 = 49.3% done in 11273.4s, 11602.1s to go
on time step 142613 (time=35.6532), 0.0762841 s/step
Meep progress: 35.66025/72.33333206176758 = 49.3% done in 11277.5s, 11597.8s to go
on time step 142666 (time=35.6665), 0.0757988 s/step
Meep progress: 35.67375/72.33333206176758 = 49.3% done in 11281.5s, 11593.3s to go
on time step 142720 (time=35.68), 0.0748197 s/step
Meep progress: 35.687/72.33333206176758 = 49.3% done in 11285.5s, 11588.9s to go
on time step 142773 (time=35.6932), 0.0759447 s/step
Meep progress: 35.7005/72.33333206176758 = 49.4% done in 11289.6s, 11584.4s to go
on time step 142827 (time=35.7067), 0.0751034 s/step
Meep progress: 35.71375/72.33333206176758 = 49.4% done in 11293.6s, 11580.0s to go
on time step 142881 (time=35.7203), 0.0753528 s/step
Meep progress: 35.72725/72.33333206176758 = 49.4% done in 11297.6s, 11575.5s to go
on time step 142935 (time=35.7338), 0.0753643 s/step
Meep progress: 35.7405/72.33333206176758 = 49.4% done in 11301.7s, 11571.2s to go
on time step 142988 (time=35.747), 0.0766724 s/step
Meep progress: 35.754/72.33333206176758 = 49.4% done in 11305.8s, 11566.7s to go
on time step 143041 (time=35.7602), 0.0765469 s/step
Meep progress: 35.767250000000004/72.33333206176758 = 49.4% done in 11309.8s, 11562.4s to go
on time step 143095 (time=35.7737), 0.0746409 s/step
Meep progress: 35.78075/72.33333206176758 = 49.5% done in 11313.9s, 11557.9s to go
on time step 143148 (time=35.787), 0.0756655 s/step
Meep progress: 35.794000000000004/72.33333206176758 = 49.5% done in 11317.9s, 11553.6s to go
on time step 143201 (time=35.8002), 0.0756425 s/step
Meep progress: 35.80725/72.33333206176758 = 49.5% done in 11322.0s, 11549.2s to go
on time step 143254 (time=35.8135), 0.07671 s/step
Meep progress: 35.820750000000004/72.33333206176758 = 49.5% done in 11326.0s, 11544.8s to go
on time step 143308 (time=35.827), 0.0752384 s/step
Meep progress: 35.834/72.33333206176758 = 49.5% done in 11330.0s, 11540.4s to go
on time step 143361 (time=35.8402), 0.0761368 s/step
Meep progress: 35.84725/72.33333206176758 = 49.6% done in 11334.1s, 11536.0s to go
on time step 143414 (time=35.8535), 0.0756806 s/step
Meep progress: 35.8605/72.33333206176758 = 49.6% done in 11338.1s, 11531.7s to go
on time step 143468 (time=35.867), 0.0752639 s/step
Meep progress: 35.874/72.33333206176758 = 49.6% done in 11342.1s, 11527.2s to go
on time step 143522 (time=35.8805), 0.0750912 s/step
Meep progress: 35.88725/72.33333206176758 = 49.6% done in 11346.1s, 11522.8s to go
on time step 143575 (time=35.8938), 0.0759352 s/step
Meep progress: 35.9005/72.33333206176758 = 49.6% done in 11350.2s, 11518.5s to go
on time step 143628 (time=35.907), 0.0756359 s/step
Meep progress: 35.914/72.33333206176758 = 49.7% done in 11354.2s, 11514.0s to go
on time step 143682 (time=35.9205), 0.0751034 s/step
Meep progress: 35.9275/72.33333206176758 = 49.7% done in 11358.2s, 11509.5s to go
on time step 143736 (time=35.934), 0.0751234 s/step
Meep progress: 35.94075/72.33333206176758 = 49.7% done in 11362.3s, 11505.1s to go
on time step 143789 (time=35.9473), 0.075538 s/step
Meep progress: 35.95425/72.33333206176758 = 49.7% done in 11366.3s, 11500.6s to go
on time step 143842 (time=35.9605), 0.0767814 s/step
Meep progress: 35.9675/72.33333206176758 = 49.7% done in 11370.4s, 11496.3s to go
on time step 143896 (time=35.974), 0.0741405 s/step
Meep progress: 35.98075/72.33333206176758 = 49.7% done in 11374.4s, 11492.0s to go
on time step 143947 (time=35.9868), 0.0784837 s/step
Meep progress: 35.99375/72.33333206176758 = 49.8% done in 11378.4s, 11487.8s to go
on time step 144000 (time=36), 0.0759642 s/step
Meep progress: 36.007/72.33333206176758 = 49.8% done in 11382.5s, 11483.4s to go
on time step 144053 (time=36.0132), 0.0756675 s/step
Meep progress: 36.0205/72.33333206176758 = 49.8% done in 11386.5s, 11479.0s to go
on time step 144107 (time=36.0267), 0.0753543 s/step
Meep progress: 36.03375/72.33333206176758 = 49.8% done in 11390.6s, 11474.6s to go
on time step 144159 (time=36.0397), 0.0780898 s/step
Meep progress: 36.047000000000004/72.33333206176758 = 49.8% done in 11394.6s, 11470.3s to go
on time step 144212 (time=36.053), 0.0767299 s/step
Meep progress: 36.06/72.33333206176758 = 49.9% done in 11398.7s, 11466.1s to go
on time step 144265 (time=36.0663), 0.0754885 s/step
Meep progress: 36.0735/72.33333206176758 = 49.9% done in 11402.7s, 11461.6s to go
on time step 144319 (time=36.0798), 0.0751087 s/step
Meep progress: 36.08675/72.33333206176758 = 49.9% done in 11406.7s, 11457.3s to go
on time step 144372 (time=36.093), 0.0762099 s/step
Meep progress: 36.1/72.33333206176758 = 49.9% done in 11410.8s, 11452.9s to go
on time step 144426 (time=36.1065), 0.0750938 s/step
Meep progress: 36.1135/72.33333206176758 = 49.9% done in 11414.8s, 11448.4s to go
on time step 144480 (time=36.12), 0.0748161 s/step
Meep progress: 36.127/72.33333206176758 = 49.9% done in 11418.8s, 11443.9s to go
on time step 144533 (time=36.1333), 0.0758632 s/step
Meep progress: 36.14025/72.33333206176758 = 50.0% done in 11422.9s, 11439.6s to go
on time step 144587 (time=36.1467), 0.0749467 s/step
Meep progress: 36.15375/72.33333206176758 = 50.0% done in 11426.9s, 11435.1s to go
on time step 144640 (time=36.16), 0.0760577 s/step
Meep progress: 36.167/72.33333206176758 = 50.0% done in 11431.0s, 11430.8s to go
on time step 144694 (time=36.1735), 0.0745734 s/step
Meep progress: 36.1805/72.33333206176758 = 50.0% done in 11435.0s, 11426.2s to go
on time step 144747 (time=36.1868), 0.0761263 s/step
Meep progress: 36.1935/72.33333206176758 = 50.0% done in 11439.0s, 11422.0s to go
on time step 144799 (time=36.1998), 0.0771399 s/step
Meep progress: 36.20675/72.33333206176758 = 50.1% done in 11443.0s, 11417.7s to go
on time step 144853 (time=36.2133), 0.0747996 s/step
Meep progress: 36.22025/72.33333206176758 = 50.1% done in 11447.0s, 11413.2s to go
on time step 144906 (time=36.2265), 0.0758896 s/step
Meep progress: 36.23325/72.33333206176758 = 50.1% done in 11451.1s, 11409.0s to go
on time step 144959 (time=36.2398), 0.0767928 s/step
Meep progress: 36.2465/72.33333206176758 = 50.1% done in 11455.1s, 11404.6s to go
on time step 145012 (time=36.253), 0.0758695 s/step
Meep progress: 36.26/72.33333206176758 = 50.1% done in 11459.2s, 11400.2s to go
on time step 145066 (time=36.2665), 0.0750126 s/step
Meep progress: 36.27325/72.33333206176758 = 50.1% done in 11463.2s, 11395.8s to go
on time step 145119 (time=36.2797), 0.0766519 s/step
Meep progress: 36.28625/72.33333206176758 = 50.2% done in 11467.2s, 11391.6s to go
on time step 145172 (time=36.293), 0.0762871 s/step
Meep progress: 36.2995/72.33333206176758 = 50.2% done in 11471.2s, 11387.3s to go
on time step 145225 (time=36.3062), 0.0766729 s/step
Meep progress: 36.31275/72.33333206176758 = 50.2% done in 11475.2s, 11382.9s to go
on time step 145279 (time=36.3197), 0.0741204 s/step
Meep progress: 36.32625/72.33333206176758 = 50.2% done in 11479.3s, 11378.4s to go
on time step 145331 (time=36.3327), 0.0774882 s/step
Meep progress: 36.339/72.33333206176758 = 50.2% done in 11483.3s, 11374.4s to go
on time step 145383 (time=36.3458), 0.0770368 s/step
Meep progress: 36.35225/72.33333206176758 = 50.3% done in 11487.4s, 11370.1s to go
on time step 145435 (time=36.3588), 0.0772559 s/step
Meep progress: 36.3655/72.33333206176758 = 50.3% done in 11491.4s, 11365.7s to go
on time step 145489 (time=36.3723), 0.074601 s/step
Meep progress: 36.378750000000004/72.33333206176758 = 50.3% done in 11495.4s, 11361.3s to go
on time step 145541 (time=36.3852), 0.0772481 s/step
Meep progress: 36.392/72.33333206176758 = 50.3% done in 11499.4s, 11357.0s to go
on time step 145593 (time=36.3982), 0.076958 s/step
Meep progress: 36.405/72.33333206176758 = 50.3% done in 11503.5s, 11352.8s to go
on time step 145647 (time=36.4117), 0.0753948 s/step
Meep progress: 36.4185/72.33333206176758 = 50.3% done in 11507.5s, 11348.4s to go
on time step 145700 (time=36.425), 0.0761006 s/step
Meep progress: 36.43175/72.33333206176758 = 50.4% done in 11511.6s, 11344.1s to go
on time step 145753 (time=36.4383), 0.0767007 s/step
Meep progress: 36.445/72.33333206176758 = 50.4% done in 11515.7s, 11339.8s to go
on time step 145806 (time=36.4515), 0.0761121 s/step
Meep progress: 36.4585/72.33333206176758 = 50.4% done in 11519.7s, 11335.3s to go
on time step 145860 (time=36.465), 0.0750171 s/step
Meep progress: 36.472/72.33333206176758 = 50.4% done in 11523.8s, 11330.8s to go
on time step 145913 (time=36.4783), 0.0756741 s/step
Meep progress: 36.48525/72.33333206176758 = 50.4% done in 11527.8s, 11326.5s to go
on time step 145967 (time=36.4918), 0.0751172 s/step
Meep progress: 36.49875/72.33333206176758 = 50.5% done in 11531.8s, 11322.0s to go
on time step 146021 (time=36.5053), 0.0751719 s/step
Meep progress: 36.51225/72.33333206176758 = 50.5% done in 11535.9s, 11317.5s to go
on time step 146073 (time=36.5183), 0.0782772 s/step
Meep progress: 36.5245/72.33333206176758 = 50.5% done in 11540.0s, 11313.9s to go
on time step 146120 (time=36.53), 0.0852666 s/step
Meep progress: 36.537/72.33333206176758 = 50.5% done in 11544.0s, 11310.0s to go
on time step 146173 (time=36.5433), 0.0763035 s/step
Meep progress: 36.550000000000004/72.33333206176758 = 50.5% done in 11548.1s, 11305.8s to go
on time step 146226 (time=36.5565), 0.0764495 s/step
Meep progress: 36.5635/72.33333206176758 = 50.5% done in 11552.1s, 11301.3s to go
on time step 146279 (time=36.5697), 0.0755974 s/step
Meep progress: 36.5765/72.33333206176758 = 50.6% done in 11556.1s, 11297.1s to go
on time step 146331 (time=36.5827), 0.0772291 s/step
Meep progress: 36.58975/72.33333206176758 = 50.6% done in 11560.1s, 11292.8s to go
on time step 146385 (time=36.5962), 0.0753197 s/step
Meep progress: 36.603/72.33333206176758 = 50.6% done in 11564.1s, 11288.4s to go
on time step 146439 (time=36.6097), 0.0750849 s/step
Meep progress: 36.6165/72.33333206176758 = 50.6% done in 11568.2s, 11283.9s to go
on time step 146493 (time=36.6232), 0.075421 s/step
Meep progress: 36.6295/72.33333206176758 = 50.6% done in 11572.2s, 11279.7s to go
on time step 146545 (time=36.6363), 0.0779279 s/step
Meep progress: 36.6425/72.33333206176758 = 50.7% done in 11576.2s, 11275.5s to go
on time step 146598 (time=36.6495), 0.0763548 s/step
Meep progress: 36.656/72.33333206176758 = 50.7% done in 11580.2s, 11271.1s to go
on time step 146652 (time=36.663), 0.0748838 s/step
Meep progress: 36.66925/72.33333206176758 = 50.7% done in 11584.2s, 11266.7s to go
on time step 146705 (time=36.6763), 0.0766768 s/step
Meep progress: 36.6825/72.33333206176758 = 50.7% done in 11588.3s, 11262.4s to go
on time step 146759 (time=36.6898), 0.0750112 s/step
Meep progress: 36.696/72.33333206176758 = 50.7% done in 11592.3s, 11257.9s to go
on time step 146813 (time=36.7033), 0.0753441 s/step
Meep progress: 36.7095/72.33333206176758 = 50.8% done in 11596.4s, 11253.4s to go
on time step 146867 (time=36.7167), 0.0745914 s/step
Meep progress: 36.723/72.33333206176758 = 50.8% done in 11600.5s, 11249.0s to go
on time step 146920 (time=36.73), 0.0757243 s/step
Meep progress: 36.7365/72.33333206176758 = 50.8% done in 11604.5s, 11244.5s to go
on time step 146973 (time=36.7433), 0.0759043 s/step
Meep progress: 36.74975/72.33333206176758 = 50.8% done in 11608.6s, 11240.2s to go
on time step 147027 (time=36.7568), 0.0747702 s/step
Meep progress: 36.76325/72.33333206176758 = 50.8% done in 11612.6s, 11235.7s to go
on time step 147080 (time=36.77), 0.0756528 s/step
Meep progress: 36.77625/72.33333206176758 = 50.8% done in 11616.6s, 11231.5s to go
on time step 147132 (time=36.783), 0.0775344 s/step
Meep progress: 36.789500000000004/72.33333206176758 = 50.9% done in 11620.7s, 11227.2s to go
on time step 147185 (time=36.7963), 0.0758208 s/step
Meep progress: 36.803/72.33333206176758 = 50.9% done in 11624.7s, 11222.7s to go
on time step 147239 (time=36.8098), 0.0748617 s/step
Meep progress: 36.8165/72.33333206176758 = 50.9% done in 11628.7s, 11218.2s to go
on time step 147292 (time=36.823), 0.0764085 s/step
Meep progress: 36.8295/72.33333206176758 = 50.9% done in 11632.8s, 11214.1s to go
on time step 147345 (time=36.8362), 0.0761102 s/step
Meep progress: 36.84275/72.33333206176758 = 50.9% done in 11636.8s, 11209.7s to go
on time step 147398 (time=36.8495), 0.0761876 s/step
Meep progress: 36.856/72.33333206176758 = 51.0% done in 11640.8s, 11205.4s to go
on time step 147452 (time=36.863), 0.0746108 s/step
Meep progress: 36.8695/72.33333206176758 = 51.0% done in 11644.9s, 11200.9s to go
on time step 147505 (time=36.8762), 0.0763624 s/step
Meep progress: 36.88275/72.33333206176758 = 51.0% done in 11648.9s, 11196.6s to go
on time step 147559 (time=36.8897), 0.0752092 s/step
Meep progress: 36.89625/72.33333206176758 = 51.0% done in 11653.0s, 11192.1s to go
on time step 147613 (time=36.9032), 0.0750238 s/step
Meep progress: 36.90975/72.33333206176758 = 51.0% done in 11657.0s, 11187.6s to go
on time step 147667 (time=36.9168), 0.0745961 s/step
Meep progress: 36.923/72.33333206176758 = 51.0% done in 11661.0s, 11183.3s to go
on time step 147720 (time=36.93), 0.0760005 s/step
Meep progress: 36.9365/72.33333206176758 = 51.1% done in 11665.1s, 11178.8s to go
on time step 147774 (time=36.9435), 0.0754522 s/step
Meep progress: 36.95/72.33333206176758 = 51.1% done in 11669.1s, 11174.4s to go
on time step 147828 (time=36.957), 0.0750188 s/step
Meep progress: 36.96325/72.33333206176758 = 51.1% done in 11673.1s, 11170.0s to go
on time step 147881 (time=36.9703), 0.0756019 s/step
Meep progress: 36.97625/72.33333206176758 = 51.1% done in 11677.1s, 11165.8s to go
on time step 147933 (time=36.9832), 0.0769437 s/step
Meep progress: 36.98975/72.33333206176758 = 51.1% done in 11681.2s, 11161.4s to go
on time step 147986 (time=36.9965), 0.0760337 s/step
Meep progress: 37.003/72.33333206176758 = 51.2% done in 11685.2s, 11157.0s to go
on time step 148040 (time=37.01), 0.0749192 s/step
Meep progress: 37.0165/72.33333206176758 = 51.2% done in 11689.3s, 11152.6s to go
on time step 148092 (time=37.023), 0.0777436 s/step
Meep progress: 37.02925/72.33333206176758 = 51.2% done in 11693.4s, 11148.6s to go
on time step 148143 (time=37.0358), 0.0789731 s/step
Meep progress: 37.04225/72.33333206176758 = 51.2% done in 11697.4s, 11144.4s to go
on time step 148196 (time=37.049), 0.0755635 s/step
Meep progress: 37.05575/72.33333206176758 = 51.2% done in 11701.4s, 11139.9s to go
on time step 148250 (time=37.0625), 0.0751029 s/step
Meep progress: 37.069/72.33333206176758 = 51.2% done in 11705.4s, 11135.5s to go
on time step 148303 (time=37.0757), 0.0755969 s/step
Meep progress: 37.08225/72.33333206176758 = 51.3% done in 11709.4s, 11131.2s to go
on time step 148356 (time=37.089), 0.0755865 s/step
Meep progress: 37.09575/72.33333206176758 = 51.3% done in 11713.5s, 11126.8s to go
on time step 148410 (time=37.1025), 0.0748474 s/step
Meep progress: 37.10925/72.33333206176758 = 51.3% done in 11717.5s, 11122.3s to go
on time step 148464 (time=37.116), 0.0752716 s/step
Meep progress: 37.1225/72.33333206176758 = 51.3% done in 11721.6s, 11118.0s to go
on time step 148517 (time=37.1292), 0.0757819 s/step
Meep progress: 37.136/72.33333206176758 = 51.3% done in 11725.6s, 11113.5s to go
on time step 148570 (time=37.1425), 0.076633 s/step
Meep progress: 37.14925/72.33333206176758 = 51.4% done in 11729.7s, 11109.2s to go
on time step 148624 (time=37.156), 0.0750842 s/step
Meep progress: 37.16275/72.33333206176758 = 51.4% done in 11733.8s, 11104.8s to go
on time step 148677 (time=37.1692), 0.0766589 s/step
Meep progress: 37.176/72.33333206176758 = 51.4% done in 11737.8s, 11100.4s to go
on time step 148730 (time=37.1825), 0.0765331 s/step
Meep progress: 37.189/72.33333206176758 = 51.4% done in 11741.8s, 11096.3s to go
on time step 148783 (time=37.1958), 0.0765058 s/step
Meep progress: 37.20225/72.33333206176758 = 51.4% done in 11745.9s, 11091.9s to go
on time step 148837 (time=37.2092), 0.0752288 s/step
Meep progress: 37.2155/72.33333206176758 = 51.5% done in 11749.9s, 11087.6s to go
on time step 148889 (time=37.2223), 0.0777565 s/step
Meep progress: 37.228500000000004/72.33333206176758 = 51.5% done in 11753.9s, 11083.4s to go
on time step 148942 (time=37.2355), 0.0769602 s/step
Meep progress: 37.24175/72.33333206176758 = 51.5% done in 11758.0s, 11079.1s to go
on time step 148996 (time=37.249), 0.0745483 s/step
Meep progress: 37.2555/72.33333206176758 = 51.5% done in 11762.0s, 11074.5s to go
on time step 149049 (time=37.2623), 0.075881 s/step
Meep progress: 37.2685/72.33333206176758 = 51.5% done in 11766.1s, 11070.4s to go
on time step 149102 (time=37.2755), 0.0766127 s/step
Meep progress: 37.28175/72.33333206176758 = 51.5% done in 11770.1s, 11066.0s to go
on time step 149156 (time=37.289), 0.0754724 s/step
Meep progress: 37.29525/72.33333206176758 = 51.6% done in 11774.1s, 11061.5s to go
on time step 149210 (time=37.3025), 0.0747846 s/step
Meep progress: 37.30875/72.33333206176758 = 51.6% done in 11778.2s, 11057.1s to go
on time step 149264 (time=37.316), 0.0751802 s/step
Meep progress: 37.322/72.33333206176758 = 51.6% done in 11782.2s, 11052.8s to go
on time step 149317 (time=37.3293), 0.0764209 s/step
Meep progress: 37.33525/72.33333206176758 = 51.6% done in 11786.2s, 11048.4s to go
on time step 149369 (time=37.3422), 0.0775953 s/step
Meep progress: 37.34825/72.33333206176758 = 51.6% done in 11790.3s, 11044.3s to go
on time step 149422 (time=37.3555), 0.075678 s/step
Meep progress: 37.36175/72.33333206176758 = 51.7% done in 11794.3s, 11039.8s to go
on time step 149473 (time=37.3683), 0.078911 s/step
Meep progress: 37.37425/72.33333206176758 = 51.7% done in 11798.4s, 11036.0s to go
on time step 149525 (time=37.3813), 0.0782033 s/step
Meep progress: 37.38725/72.33333206176758 = 51.7% done in 11802.4s, 11031.8s to go
on time step 149577 (time=37.3942), 0.0782143 s/step
Meep progress: 37.40025/72.33333206176758 = 51.7% done in 11806.5s, 11027.7s to go
on time step 149629 (time=37.4072), 0.0779428 s/step
Meep progress: 37.41325/72.33333206176758 = 51.7% done in 11810.5s, 11023.5s to go
on time step 149681 (time=37.4203), 0.0773934 s/step
Meep progress: 37.42625/72.33333206176758 = 51.7% done in 11814.6s, 11019.3s to go
on time step 149733 (time=37.4333), 0.0777001 s/step
Meep progress: 37.43925/72.33333206176758 = 51.8% done in 11818.6s, 11015.2s to go
on time step 149785 (time=37.4462), 0.077482 s/step
Meep progress: 37.4525/72.33333206176758 = 51.8% done in 11822.7s, 11010.9s to go
on time step 149838 (time=37.4595), 0.0763009 s/step
Meep progress: 37.4655/72.33333206176758 = 51.8% done in 11826.7s, 11006.7s to go
on time step 149891 (time=37.4727), 0.0766412 s/step
Meep progress: 37.479/72.33333206176758 = 51.8% done in 11830.8s, 11002.3s to go
on time step 149945 (time=37.4862), 0.0754748 s/step
Meep progress: 37.49225/72.33333206176758 = 51.8% done in 11834.8s, 10997.9s to go
on time step 149999 (time=37.4997), 0.075433 s/step
Meep progress: 37.50575/72.33333206176758 = 51.9% done in 11838.9s, 10993.5s to go
on time step 150052 (time=37.513), 0.076103 s/step
Meep progress: 37.5185/72.33333206176758 = 51.9% done in 11842.9s, 10989.5s to go
on time step 150100 (time=37.525), 0.0848939 s/step
Meep progress: 37.53025/72.33333206176758 = 51.9% done in 11847.0s, 10986.1s to go
on time step 150149 (time=37.5373), 0.0824267 s/step
Meep progress: 37.54325/72.33333206176758 = 51.9% done in 11851.1s, 10982.0s to go
on time step 150201 (time=37.5502), 0.0779065 s/step
Meep progress: 37.55625/72.33333206176758 = 51.9% done in 11855.1s, 10977.8s to go
on time step 150252 (time=37.563), 0.0787453 s/step
Meep progress: 37.569250000000004/72.33333206176758 = 51.9% done in 11859.2s, 10973.7s to go
on time step 150305 (time=37.5763), 0.0765514 s/step
Meep progress: 37.58225/72.33333206176758 = 52.0% done in 11863.2s, 10969.5s to go
on time step 150356 (time=37.589), 0.0803463 s/step
Meep progress: 37.59375/72.33333206176758 = 52.0% done in 11867.3s, 10966.3s to go
on time step 150398 (time=37.5995), 0.0972683 s/step
Meep progress: 37.60425/72.33333206176758 = 52.0% done in 11871.3s, 10963.6s to go
on time step 150444 (time=37.611), 0.087429 s/step
Meep progress: 37.617/72.33333206176758 = 52.0% done in 11875.4s, 10959.6s to go
on time step 150496 (time=37.624), 0.0770826 s/step
Meep progress: 37.630250000000004/72.33333206176758 = 52.0% done in 11879.4s, 10955.4s to go
on time step 150549 (time=37.6373), 0.0754816 s/step
Meep progress: 37.6435/72.33333206176758 = 52.0% done in 11883.5s, 10951.0s to go
on time step 150601 (time=37.6502), 0.0778982 s/step
Meep progress: 37.6565/72.33333206176758 = 52.1% done in 11887.5s, 10946.9s to go
on time step 150654 (time=37.6635), 0.0754846 s/step
Meep progress: 37.67/72.33333206176758 = 52.1% done in 11891.5s, 10942.4s to go
on time step 150708 (time=37.677), 0.0750991 s/step
Meep progress: 37.68325/72.33333206176758 = 52.1% done in 11895.5s, 10938.1s to go
on time step 150761 (time=37.6902), 0.0758816 s/step
Meep progress: 37.6965/72.33333206176758 = 52.1% done in 11899.6s, 10933.7s to go
on time step 150813 (time=37.7033), 0.0775185 s/step
Meep progress: 37.7095/72.33333206176758 = 52.1% done in 11903.6s, 10929.6s to go
on time step 150866 (time=37.7165), 0.0757473 s/step
Meep progress: 37.723/72.33333206176758 = 52.2% done in 11907.7s, 10925.1s to go
on time step 150920 (time=37.73), 0.0752593 s/step
Meep progress: 37.73625/72.33333206176758 = 52.2% done in 11911.7s, 10920.8s to go
on time step 150972 (time=37.743), 0.0771521 s/step
Meep progress: 37.749/72.33333206176758 = 52.2% done in 11915.7s, 10916.8s to go
on time step 151024 (time=37.756), 0.0778842 s/step
Meep progress: 37.76225/72.33333206176758 = 52.2% done in 11919.8s, 10912.5s to go
on time step 151076 (time=37.769), 0.0784218 s/step
Meep progress: 37.775/72.33333206176758 = 52.2% done in 11923.8s, 10908.4s to go
on time step 151129 (time=37.7822), 0.0768043 s/step
Meep progress: 37.788000000000004/72.33333206176758 = 52.2% done in 11927.8s, 10904.3s to go
on time step 151181 (time=37.7953), 0.0773787 s/step
Meep progress: 37.80125/72.33333206176758 = 52.3% done in 11931.9s, 10900.0s to go
on time step 151234 (time=37.8085), 0.0759404 s/step
Meep progress: 37.814750000000004/72.33333206176758 = 52.3% done in 11935.9s, 10895.5s to go
on time step 151288 (time=37.822), 0.0748897 s/step
Meep progress: 37.828/72.33333206176758 = 52.3% done in 11939.9s, 10891.2s to go
on time step 151341 (time=37.8353), 0.0763273 s/step
Meep progress: 37.84125/72.33333206176758 = 52.3% done in 11943.9s, 10886.8s to go
on time step 151394 (time=37.8485), 0.0758207 s/step
Meep progress: 37.8545/72.33333206176758 = 52.3% done in 11948.0s, 10882.5s to go
on time step 151448 (time=37.862), 0.0751473 s/step
Meep progress: 37.868/72.33333206176758 = 52.4% done in 11952.0s, 10878.0s to go
on time step 151502 (time=37.8755), 0.0748063 s/step
Meep progress: 37.8815/72.33333206176758 = 52.4% done in 11956.1s, 10873.6s to go
on time step 151555 (time=37.8888), 0.0766926 s/step
Meep progress: 37.89475/72.33333206176758 = 52.4% done in 11960.1s, 10869.3s to go
on time step 151608 (time=37.902), 0.0760779 s/step
Meep progress: 37.908/72.33333206176758 = 52.4% done in 11964.2s, 10865.0s to go
on time step 151661 (time=37.9153), 0.0755455 s/step
Meep progress: 37.921/72.33333206176758 = 52.4% done in 11968.2s, 10860.8s to go
on time step 151713 (time=37.9282), 0.0769946 s/step
Meep progress: 37.93425/72.33333206176758 = 52.4% done in 11972.2s, 10856.5s to go
on time step 151766 (time=37.9415), 0.0755049 s/step
Meep progress: 37.9475/72.33333206176758 = 52.5% done in 11976.2s, 10852.2s to go
on time step 151818 (time=37.9545), 0.0770141 s/step
Meep progress: 37.9605/72.33333206176758 = 52.5% done in 11980.3s, 10848.0s to go
on time step 151871 (time=37.9678), 0.07669 s/step
Meep progress: 37.97375/72.33333206176758 = 52.5% done in 11984.3s, 10843.6s to go
on time step 151924 (time=37.981), 0.0760043 s/step
Meep progress: 37.987/72.33333206176758 = 52.5% done in 11988.3s, 10839.3s to go
on time step 151977 (time=37.9943), 0.0758972 s/step
Meep progress: 38.0/72.33333206176758 = 52.5% done in 11992.3s, 10835.1s to go
on time step 152029 (time=38.0072), 0.0773511 s/step
Meep progress: 38.01325/72.33333206176758 = 52.6% done in 11996.3s, 10830.8s to go
on time step 152083 (time=38.0207), 0.0754324 s/step
Meep progress: 38.02675/72.33333206176758 = 52.6% done in 12000.4s, 10826.4s to go
on time step 152137 (time=38.0343), 0.0752464 s/step
Meep progress: 38.04025/72.33333206176758 = 52.6% done in 12004.5s, 10822.0s to go
on time step 152190 (time=38.0475), 0.076243 s/step
Meep progress: 38.0535/72.33333206176758 = 52.6% done in 12008.5s, 10817.7s to go
on time step 152244 (time=38.061), 0.0752629 s/step
Meep progress: 38.067/72.33333206176758 = 52.6% done in 12012.5s, 10813.2s to go
on time step 152297 (time=38.0742), 0.0757018 s/step
Meep progress: 38.08025/72.33333206176758 = 52.6% done in 12016.6s, 10808.9s to go
on time step 152350 (time=38.0875), 0.075593 s/step
Meep progress: 38.09375/72.33333206176758 = 52.7% done in 12020.7s, 10804.5s to go
on time step 152403 (time=38.1007), 0.0755881 s/step
Meep progress: 38.107/72.33333206176758 = 52.7% done in 12024.7s, 10800.1s to go
on time step 152456 (time=38.114), 0.075692 s/step
Meep progress: 38.1205/72.33333206176758 = 52.7% done in 12028.7s, 10795.7s to go
on time step 152510 (time=38.1275), 0.0751954 s/step
Meep progress: 38.134/72.33333206176758 = 52.7% done in 12032.8s, 10791.2s to go
on time step 152564 (time=38.141), 0.0749393 s/step
Meep progress: 38.14725/72.33333206176758 = 52.7% done in 12036.9s, 10787.0s to go
on time step 152617 (time=38.1542), 0.0763964 s/step
Meep progress: 38.1605/72.33333206176758 = 52.8% done in 12040.9s, 10782.7s to go
on time step 152669 (time=38.1673), 0.0772009 s/step
Meep progress: 38.17375/72.33333206176758 = 52.8% done in 12045.0s, 10778.4s to go
on time step 152721 (time=38.1803), 0.0773635 s/step
Meep progress: 38.18675/72.33333206176758 = 52.8% done in 12049.0s, 10774.2s to go
on time step 152774 (time=38.1935), 0.0767218 s/step
Meep progress: 38.19975/72.33333206176758 = 52.8% done in 12053.0s, 10770.0s to go
on time step 152826 (time=38.2065), 0.0781137 s/step
Meep progress: 38.21275/72.33333206176758 = 52.8% done in 12057.0s, 10765.9s to go
on time step 152879 (time=38.2197), 0.0763817 s/step
Meep progress: 38.226/72.33333206176758 = 52.8% done in 12061.1s, 10761.6s to go
on time step 152931 (time=38.2328), 0.0772189 s/step
Meep progress: 38.239000000000004/72.33333206176758 = 52.9% done in 12065.1s, 10757.4s to go
on time step 152984 (time=38.246), 0.0768575 s/step
Meep progress: 38.252250000000004/72.33333206176758 = 52.9% done in 12069.2s, 10753.1s to go
on time step 153037 (time=38.2593), 0.0756557 s/step
Meep progress: 38.2655/72.33333206176758 = 52.9% done in 12073.2s, 10748.7s to go
on time step 153090 (time=38.2725), 0.0754953 s/step
Meep progress: 38.27875/72.33333206176758 = 52.9% done in 12077.2s, 10744.4s to go
on time step 153144 (time=38.286), 0.0753407 s/step
Meep progress: 38.292/72.33333206176758 = 52.9% done in 12081.2s, 10740.1s to go
on time step 153197 (time=38.2993), 0.0760913 s/step
Meep progress: 38.3055/72.33333206176758 = 53.0% done in 12085.3s, 10735.7s to go
on time step 153250 (time=38.3125), 0.0766075 s/step
Meep progress: 38.31875/72.33333206176758 = 53.0% done in 12089.3s, 10731.4s to go
on time step 153303 (time=38.3257), 0.0756733 s/step
Meep progress: 38.332/72.33333206176758 = 53.0% done in 12093.4s, 10727.1s to go
on time step 153356 (time=38.339), 0.0756848 s/step
Meep progress: 38.34525/72.33333206176758 = 53.0% done in 12097.4s, 10722.8s to go
on time step 153408 (time=38.352), 0.0769615 s/step
Meep progress: 38.3585/72.33333206176758 = 53.0% done in 12101.5s, 10718.5s to go
on time step 153461 (time=38.3653), 0.0756744 s/step
Meep progress: 38.372/72.33333206176758 = 53.0% done in 12105.5s, 10714.1s to go
on time step 153515 (time=38.3788), 0.0752475 s/step
Meep progress: 38.38525/72.33333206176758 = 53.1% done in 12109.5s, 10709.7s to go
on time step 153568 (time=38.392), 0.076691 s/step
Meep progress: 38.3985/72.33333206176758 = 53.1% done in 12113.6s, 10705.4s to go
on time step 153620 (time=38.405), 0.0779193 s/step
Meep progress: 38.411500000000004/72.33333206176758 = 53.1% done in 12117.6s, 10701.3s to go
on time step 153674 (time=38.4185), 0.0750142 s/step
Meep progress: 38.42475/72.33333206176758 = 53.1% done in 12121.6s, 10696.9s to go
on time step 153727 (time=38.4318), 0.0757431 s/step
Meep progress: 38.438/72.33333206176758 = 53.1% done in 12125.6s, 10692.6s to go
on time step 153780 (time=38.445), 0.0761398 s/step
Meep progress: 38.45125/72.33333206176758 = 53.2% done in 12129.7s, 10688.3s to go
on time step 153833 (time=38.4582), 0.0754742 s/step
Meep progress: 38.46475/72.33333206176758 = 53.2% done in 12133.7s, 10683.9s to go
on time step 153886 (time=38.4715), 0.075492 s/step
Meep progress: 38.47825/72.33333206176758 = 53.2% done in 12137.8s, 10679.4s to go
on time step 153940 (time=38.485), 0.0752014 s/step
Meep progress: 38.4915/72.33333206176758 = 53.2% done in 12141.8s, 10675.1s to go
on time step 153993 (time=38.4982), 0.0760556 s/step
Meep progress: 38.505/72.33333206176758 = 53.2% done in 12145.9s, 10670.7s to go
on time step 154046 (time=38.5115), 0.076174 s/step
Meep progress: 38.518/72.33333206176758 = 53.3% done in 12149.9s, 10666.5s to go
on time step 154099 (time=38.5247), 0.0765041 s/step
Meep progress: 38.53075/72.33333206176758 = 53.3% done in 12154.0s, 10662.5s to go
on time step 154147 (time=38.5367), 0.0846977 s/step
Meep progress: 38.54275/72.33333206176758 = 53.3% done in 12158.0s, 10659.0s to go
on time step 154196 (time=38.549), 0.0819495 s/step
Meep progress: 38.5555/72.33333206176758 = 53.3% done in 12162.0s, 10655.0s to go
on time step 154249 (time=38.5622), 0.0767017 s/step
Meep progress: 38.56875/72.33333206176758 = 53.3% done in 12166.1s, 10650.6s to go
on time step 154303 (time=38.5757), 0.0752982 s/step
Meep progress: 38.582/72.33333206176758 = 53.3% done in 12170.1s, 10646.4s to go
on time step 154355 (time=38.5887), 0.0779749 s/step
Meep progress: 38.595/72.33333206176758 = 53.4% done in 12174.2s, 10642.2s to go
on time step 154407 (time=38.6018), 0.0773136 s/step
Meep progress: 38.60825/72.33333206176758 = 53.4% done in 12178.2s, 10637.9s to go
on time step 154461 (time=38.6153), 0.0750969 s/step
Meep progress: 38.62175/72.33333206176758 = 53.4% done in 12182.3s, 10633.5s to go
on time step 154515 (time=38.6288), 0.0749943 s/step
Meep progress: 38.635/72.33333206176758 = 53.4% done in 12186.3s, 10629.2s to go
on time step 154568 (time=38.642), 0.0764411 s/step
Meep progress: 38.6485/72.33333206176758 = 53.4% done in 12190.4s, 10624.7s to go
on time step 154622 (time=38.6555), 0.0750738 s/step
Meep progress: 38.662/72.33333206176758 = 53.4% done in 12194.4s, 10620.3s to go
on time step 154675 (time=38.6688), 0.0757772 s/step
Meep progress: 38.67525/72.33333206176758 = 53.5% done in 12198.4s, 10616.0s to go
on time step 154729 (time=38.6823), 0.0753351 s/step
Meep progress: 38.6885/72.33333206176758 = 53.5% done in 12202.5s, 10611.7s to go
on time step 154782 (time=38.6955), 0.0757523 s/step
Meep progress: 38.701750000000004/72.33333206176758 = 53.5% done in 12206.5s, 10607.4s to go
on time step 154834 (time=38.7085), 0.0778105 s/step
Meep progress: 38.71475/72.33333206176758 = 53.5% done in 12210.6s, 10603.2s to go
on time step 154887 (time=38.7218), 0.0763971 s/step
Meep progress: 38.72825/72.33333206176758 = 53.5% done in 12214.6s, 10598.8s to go
on time step 154940 (time=38.735), 0.0767701 s/step
Meep progress: 38.74125/72.33333206176758 = 53.6% done in 12218.6s, 10594.6s to go
on time step 154993 (time=38.7482), 0.0766764 s/step
Meep progress: 38.754/72.33333206176758 = 53.6% done in 12222.6s, 10590.6s to go
on time step 155044 (time=38.761), 0.0786537 s/step
Meep progress: 38.767/72.33333206176758 = 53.6% done in 12226.6s, 10586.4s to go
on time step 155097 (time=38.7743), 0.0756092 s/step
Meep progress: 38.78/72.33333206176758 = 53.6% done in 12230.7s, 10582.2s to go
on time step 155148 (time=38.787), 0.0790409 s/step
Meep progress: 38.793/72.33333206176758 = 53.6% done in 12234.7s, 10578.1s to go
on time step 155202 (time=38.8005), 0.074738 s/step
Meep progress: 38.8065/72.33333206176758 = 53.6% done in 12238.7s, 10573.6s to go
on time step 155256 (time=38.814), 0.0748239 s/step
Meep progress: 38.82/72.33333206176758 = 53.7% done in 12242.7s, 10569.1s to go
on time step 155310 (time=38.8275), 0.0745822 s/step
Meep progress: 38.83325/72.33333206176758 = 53.7% done in 12246.7s, 10564.8s to go
on time step 155363 (time=38.8407), 0.0764868 s/step
Meep progress: 38.8465/72.33333206176758 = 53.7% done in 12250.8s, 10560.5s to go
on time step 155417 (time=38.8543), 0.0751058 s/step
Meep progress: 38.85975/72.33333206176758 = 53.7% done in 12254.8s, 10556.2s to go
on time step 155470 (time=38.8675), 0.0755335 s/step
Meep progress: 38.87325/72.33333206176758 = 53.7% done in 12258.8s, 10551.8s to go
on time step 155523 (time=38.8807), 0.0757323 s/step
Meep progress: 38.8865/72.33333206176758 = 53.8% done in 12262.8s, 10547.4s to go
on time step 155576 (time=38.894), 0.0755945 s/step
Meep progress: 38.89975/72.33333206176758 = 53.8% done in 12266.9s, 10543.2s to go
on time step 155629 (time=38.9072), 0.0761941 s/step
Meep progress: 38.91325/72.33333206176758 = 53.8% done in 12270.9s, 10538.7s to go
on time step 155683 (time=38.9207), 0.074268 s/step
Meep progress: 38.926500000000004/72.33333206176758 = 53.8% done in 12274.9s, 10534.4s to go
on time step 155735 (time=38.9338), 0.0774435 s/step
Meep progress: 38.939750000000004/72.33333206176758 = 53.8% done in 12279.0s, 10530.1s to go
on time step 155787 (time=38.9468), 0.0771224 s/step
Meep progress: 38.95275/72.33333206176758 = 53.9% done in 12283.0s, 10525.9s to go
on time step 155840 (time=38.96), 0.0756024 s/step
Meep progress: 38.96625/72.33333206176758 = 53.9% done in 12287.1s, 10521.5s to go
on time step 155894 (time=38.9735), 0.0750177 s/step
Meep progress: 38.97975/72.33333206176758 = 53.9% done in 12291.2s, 10517.1s to go
on time step 155947 (time=38.9868), 0.0765428 s/step
Meep progress: 38.993/72.33333206176758 = 53.9% done in 12295.2s, 10512.8s to go
on time step 156000 (time=39), 0.0755844 s/step
Meep progress: 39.0065/72.33333206176758 = 53.9% done in 12299.3s, 10508.4s to go
on time step 156054 (time=39.0135), 0.0745672 s/step
Meep progress: 39.01975/72.33333206176758 = 53.9% done in 12303.3s, 10504.1s to go
on time step 156107 (time=39.0267), 0.0764506 s/step
Meep progress: 39.033/72.33333206176758 = 54.0% done in 12307.3s, 10499.8s to go
on time step 156160 (time=39.04), 0.0759215 s/step
Meep progress: 39.0465/72.33333206176758 = 54.0% done in 12311.4s, 10495.4s to go
on time step 156214 (time=39.0535), 0.0753254 s/step
Meep progress: 39.06/72.33333206176758 = 54.0% done in 12315.4s, 10490.9s to go
on time step 156268 (time=39.067), 0.0751004 s/step
Meep progress: 39.0735/72.33333206176758 = 54.0% done in 12319.5s, 10486.5s to go
on time step 156321 (time=39.0802), 0.075494 s/step
Meep progress: 39.08675/72.33333206176758 = 54.0% done in 12323.5s, 10482.2s to go
on time step 156375 (time=39.0938), 0.0751287 s/step
Meep progress: 39.1/72.33333206176758 = 54.1% done in 12327.5s, 10477.9s to go
on time step 156428 (time=39.107), 0.0767698 s/step
Meep progress: 39.11325/72.33333206176758 = 54.1% done in 12331.6s, 10473.6s to go
on time step 156482 (time=39.1205), 0.0752069 s/step
Meep progress: 39.1265/72.33333206176758 = 54.1% done in 12335.6s, 10469.3s to go
on time step 156534 (time=39.1335), 0.0771469 s/step
Meep progress: 39.13975/72.33333206176758 = 54.1% done in 12339.6s, 10465.0s to go
on time step 156587 (time=39.1467), 0.0757061 s/step
Meep progress: 39.15275/72.33333206176758 = 54.1% done in 12343.6s, 10460.8s to go
on time step 156640 (time=39.16), 0.0755143 s/step
Meep progress: 39.1665/72.33333206176758 = 54.1% done in 12347.7s, 10456.2s to go
on time step 156694 (time=39.1735), 0.0746264 s/step
Meep progress: 39.17975/72.33333206176758 = 54.2% done in 12351.7s, 10451.9s to go
on time step 156747 (time=39.1868), 0.0762483 s/step
Meep progress: 39.19325/72.33333206176758 = 54.2% done in 12355.8s, 10447.5s to go
on time step 156800 (time=39.2), 0.0761143 s/step
Meep progress: 39.206250000000004/72.33333206176758 = 54.2% done in 12359.8s, 10443.4s to go
on time step 156852 (time=39.213), 0.0769529 s/step
Meep progress: 39.219500000000004/72.33333206176758 = 54.2% done in 12363.9s, 10439.1s to go
on time step 156905 (time=39.2263), 0.0758976 s/step
Meep progress: 39.2325/72.33333206176758 = 54.2% done in 12367.9s, 10434.9s to go
on time step 156956 (time=39.239), 0.0792951 s/step
Meep progress: 39.24525/72.33333206176758 = 54.3% done in 12371.9s, 10430.9s to go
on time step 157006 (time=39.2515), 0.0800925 s/step
Meep progress: 39.257/72.33333206176758 = 54.3% done in 12376.0s, 10427.5s to go
on time step 157053 (time=39.2632), 0.086537 s/step
Meep progress: 39.2695/72.33333206176758 = 54.3% done in 12380.0s, 10423.6s to go
on time step 157105 (time=39.2762), 0.0780342 s/step
Meep progress: 39.28275/72.33333206176758 = 54.3% done in 12384.1s, 10419.3s to go
on time step 157158 (time=39.2895), 0.0758601 s/step
Meep progress: 39.296/72.33333206176758 = 54.3% done in 12388.1s, 10415.1s to go
on time step 157211 (time=39.3028), 0.0768811 s/step
Meep progress: 39.3085/72.33333206176758 = 54.3% done in 12392.1s, 10411.2s to go
on time step 157261 (time=39.3152), 0.0813719 s/step
Meep progress: 39.3215/72.33333206176758 = 54.4% done in 12396.1s, 10407.0s to go
on time step 157314 (time=39.3285), 0.0757319 s/step
Meep progress: 39.33475/72.33333206176758 = 54.4% done in 12400.1s, 10402.7s to go
on time step 157367 (time=39.3417), 0.0765147 s/step
Meep progress: 39.348/72.33333206176758 = 54.4% done in 12404.2s, 10398.4s to go
on time step 157421 (time=39.3552), 0.0745496 s/step
Meep progress: 39.3615/72.33333206176758 = 54.4% done in 12408.2s, 10393.9s to go
on time step 157473 (time=39.3683), 0.077371 s/step
Meep progress: 39.3735/72.33333206176758 = 54.4% done in 12412.2s, 10390.4s to go
on time step 157519 (time=39.3798), 0.0887477 s/step
Meep progress: 39.385/72.33333206176758 = 54.4% done in 12416.3s, 10387.1s to go
on time step 157565 (time=39.3912), 0.0889511 s/step
Meep progress: 39.3965/72.33333206176758 = 54.5% done in 12420.4s, 10383.8s to go
on time step 157613 (time=39.4032), 0.084825 s/step
Meep progress: 39.408500000000004/72.33333206176758 = 54.5% done in 12424.4s, 10380.3s to go
on time step 157661 (time=39.4153), 0.0838932 s/step
Meep progress: 39.421/72.33333206176758 = 54.5% done in 12428.4s, 10376.4s to go
on time step 157714 (time=39.4285), 0.076652 s/step
Meep progress: 39.43425/72.33333206176758 = 54.5% done in 12432.4s, 10372.1s to go
on time step 157767 (time=39.4417), 0.0754874 s/step
Meep progress: 39.44775/72.33333206176758 = 54.5% done in 12436.5s, 10367.7s to go
on time step 157822 (time=39.4555), 0.0734103 s/step
Meep progress: 39.46125/72.33333206176758 = 54.6% done in 12440.5s, 10363.2s to go
on time step 157875 (time=39.4688), 0.07612 s/step
Meep progress: 39.4745/72.33333206176758 = 54.6% done in 12444.5s, 10358.9s to go
on time step 157928 (time=39.482), 0.0760973 s/step
Meep progress: 39.487500000000004/72.33333206176758 = 54.6% done in 12448.5s, 10354.7s to go
on time step 157981 (time=39.4952), 0.076125 s/step
Meep progress: 39.501/72.33333206176758 = 54.6% done in 12452.6s, 10350.3s to go
on time step 158034 (time=39.5085), 0.0767456 s/step
Meep progress: 39.51375/72.33333206176758 = 54.6% done in 12456.6s, 10346.3s to go
on time step 158085 (time=39.5213), 0.0797994 s/step
Meep progress: 39.52675/72.33333206176758 = 54.6% done in 12460.7s, 10342.2s to go
on time step 158138 (time=39.5345), 0.0766164 s/step
Meep progress: 39.54/72.33333206176758 = 54.7% done in 12464.7s, 10337.9s to go
on time step 158192 (time=39.548), 0.0755063 s/step
Meep progress: 39.5535/72.33333206176758 = 54.7% done in 12468.7s, 10333.4s to go
on time step 158245 (time=39.5613), 0.0761525 s/step
Meep progress: 39.5665/72.33333206176758 = 54.7% done in 12472.8s, 10329.3s to go
on time step 158297 (time=39.5742), 0.0782343 s/step
Meep progress: 39.5795/72.33333206176758 = 54.7% done in 12476.8s, 10325.1s to go
on time step 158351 (time=39.5877), 0.0752052 s/step
Meep progress: 39.593/72.33333206176758 = 54.7% done in 12480.9s, 10320.7s to go
on time step 158405 (time=39.6013), 0.0752256 s/step
Meep progress: 39.606500000000004/72.33333206176758 = 54.8% done in 12484.9s, 10316.3s to go
on time step 158458 (time=39.6145), 0.0758779 s/step
Meep progress: 39.61975/72.33333206176758 = 54.8% done in 12489.0s, 10312.0s to go
on time step 158511 (time=39.6277), 0.0756045 s/step
Meep progress: 39.633/72.33333206176758 = 54.8% done in 12493.0s, 10307.7s to go
on time step 158565 (time=39.6412), 0.0750752 s/step
Meep progress: 39.6465/72.33333206176758 = 54.8% done in 12497.0s, 10303.3s to go
on time step 158619 (time=39.6547), 0.0749792 s/step
Meep progress: 39.660000000000004/72.33333206176758 = 54.8% done in 12501.1s, 10298.8s to go
on time step 158671 (time=39.6677), 0.0772726 s/step
Meep progress: 39.673/72.33333206176758 = 54.8% done in 12505.1s, 10294.7s to go
on time step 158724 (time=39.681), 0.0762885 s/step
Meep progress: 39.68625/72.33333206176758 = 54.9% done in 12509.2s, 10290.4s to go
on time step 158777 (time=39.6943), 0.0760026 s/step
Meep progress: 39.69975/72.33333206176758 = 54.9% done in 12513.2s, 10286.0s to go
on time step 158831 (time=39.7078), 0.0743651 s/step
Meep progress: 39.71325/72.33333206176758 = 54.9% done in 12517.3s, 10281.6s to go
on time step 158884 (time=39.721), 0.0757716 s/step
Meep progress: 39.7265/72.33333206176758 = 54.9% done in 12521.3s, 10277.3s to go
on time step 158937 (time=39.7343), 0.0757549 s/step
Meep progress: 39.74/72.33333206176758 = 54.9% done in 12525.4s, 10272.9s to go
on time step 158991 (time=39.7478), 0.0748866 s/step
Meep progress: 39.7535/72.33333206176758 = 55.0% done in 12529.4s, 10268.4s to go
on time step 159044 (time=39.761), 0.0768621 s/step
Meep progress: 39.7665/72.33333206176758 = 55.0% done in 12533.4s, 10264.3s to go
on time step 159097 (time=39.7743), 0.0761106 s/step
Meep progress: 39.77975/72.33333206176758 = 55.0% done in 12537.4s, 10260.0s to go
on time step 159151 (time=39.7878), 0.0747001 s/step
Meep progress: 39.79325/72.33333206176758 = 55.0% done in 12541.5s, 10255.5s to go
on time step 159204 (time=39.801), 0.0755195 s/step
Meep progress: 39.8065/72.33333206176758 = 55.0% done in 12545.5s, 10251.2s to go
on time step 159257 (time=39.8143), 0.0762537 s/step
Meep progress: 39.81975/72.33333206176758 = 55.1% done in 12549.5s, 10246.9s to go
on time step 159311 (time=39.8278), 0.0750659 s/step
Meep progress: 39.83325/72.33333206176758 = 55.1% done in 12553.6s, 10242.5s to go
on time step 159365 (time=39.8413), 0.0749408 s/step
Meep progress: 39.84675/72.33333206176758 = 55.1% done in 12557.6s, 10238.1s to go
on time step 159419 (time=39.8548), 0.0744379 s/step
Meep progress: 39.86025/72.33333206176758 = 55.1% done in 12561.7s, 10233.7s to go
on time step 159472 (time=39.868), 0.0760018 s/step
Meep progress: 39.87375/72.33333206176758 = 55.1% done in 12565.8s, 10229.3s to go
on time step 159526 (time=39.8815), 0.0750756 s/step
Meep progress: 39.887/72.33333206176758 = 55.1% done in 12569.8s, 10225.0s to go
on time step 159576 (time=39.894), 0.0811388 s/step
Meep progress: 39.89925/72.33333206176758 = 55.2% done in 12573.8s, 10221.3s to go
on time step 159627 (time=39.9068), 0.0786669 s/step
Meep progress: 39.91225/72.33333206176758 = 55.2% done in 12577.9s, 10217.1s to go
on time step 159679 (time=39.9198), 0.0775177 s/step
Meep progress: 39.9255/72.33333206176758 = 55.2% done in 12582.0s, 10212.9s to go
on time step 159731 (time=39.9327), 0.0773646 s/step
Meep progress: 39.93875/72.33333206176758 = 55.2% done in 12586.0s, 10208.6s to go
on time step 159785 (time=39.9462), 0.0748595 s/step
Meep progress: 39.95225/72.33333206176758 = 55.2% done in 12590.1s, 10204.2s to go
on time step 159837 (time=39.9593), 0.0773579 s/step
Meep progress: 39.9655/72.33333206176758 = 55.3% done in 12594.1s, 10199.9s to go
on time step 159890 (time=39.9725), 0.0763135 s/step
Meep progress: 39.978500000000004/72.33333206176758 = 55.3% done in 12598.1s, 10195.7s to go
on time step 159943 (time=39.9858), 0.0756617 s/step
Meep progress: 39.992/72.33333206176758 = 55.3% done in 12602.2s, 10191.3s to go
on time step 159997 (time=39.9993), 0.0742486 s/step
Meep progress: 40.0055/72.33333206176758 = 55.3% done in 12606.2s, 10186.9s to go
on time step 160050 (time=40.0125), 0.0762407 s/step
Meep progress: 40.018750000000004/72.33333206176758 = 55.3% done in 12610.2s, 10182.6s to go
on time step 160104 (time=40.026), 0.0748 s/step
Meep progress: 40.03225/72.33333206176758 = 55.3% done in 12614.3s, 10178.2s to go
on time step 160158 (time=40.0395), 0.0750808 s/step
Meep progress: 40.04575/72.33333206176758 = 55.4% done in 12618.4s, 10173.8s to go
on time step 160212 (time=40.053), 0.0747733 s/step
Meep progress: 40.059/72.33333206176758 = 55.4% done in 12622.4s, 10169.5s to go
on time step 160265 (time=40.0663), 0.0758554 s/step
Meep progress: 40.0725/72.33333206176758 = 55.4% done in 12626.4s, 10165.1s to go
on time step 160318 (time=40.0795), 0.0765603 s/step
Meep progress: 40.08575/72.33333206176758 = 55.4% done in 12630.5s, 10160.8s to go
on time step 160372 (time=40.093), 0.0747917 s/step
Meep progress: 40.0995/72.33333206176758 = 55.4% done in 12634.5s, 10156.2s to go
on time step 160426 (time=40.1065), 0.0750992 s/step
Meep progress: 40.11275/72.33333206176758 = 55.5% done in 12638.6s, 10152.0s to go
on time step 160479 (time=40.1198), 0.0758074 s/step
Meep progress: 40.126/72.33333206176758 = 55.5% done in 12642.7s, 10147.7s to go
on time step 160531 (time=40.1328), 0.0773075 s/step
Meep progress: 40.139250000000004/72.33333206176758 = 55.5% done in 12646.7s, 10143.4s to go
on time step 160585 (time=40.1463), 0.0753591 s/step
Meep progress: 40.1525/72.33333206176758 = 55.5% done in 12650.7s, 10139.1s to go
on time step 160637 (time=40.1593), 0.0771581 s/step
Meep progress: 40.16575/72.33333206176758 = 55.5% done in 12654.8s, 10134.8s to go
on time step 160690 (time=40.1725), 0.0763217 s/step
Meep progress: 40.179/72.33333206176758 = 55.5% done in 12658.8s, 10130.6s to go
on time step 160744 (time=40.186), 0.0753243 s/step
Meep progress: 40.1925/72.33333206176758 = 55.6% done in 12662.9s, 10126.2s to go
on time step 160796 (time=40.199), 0.0774314 s/step
Meep progress: 40.20525/72.33333206176758 = 55.6% done in 12666.9s, 10122.1s to go
on time step 160849 (time=40.2122), 0.0763389 s/step
Meep progress: 40.21875/72.33333206176758 = 55.6% done in 12671.0s, 10117.7s to go
on time step 160902 (time=40.2255), 0.0755855 s/step
Meep progress: 40.232/72.33333206176758 = 55.6% done in 12675.0s, 10113.4s to go
on time step 160955 (time=40.2388), 0.0755977 s/step
Meep progress: 40.24525/72.33333206176758 = 55.6% done in 12679.0s, 10109.1s to go
on time step 161008 (time=40.252), 0.0756004 s/step
Meep progress: 40.2585/72.33333206176758 = 55.7% done in 12683.0s, 10104.8s to go
on time step 161061 (time=40.2653), 0.0761931 s/step
Meep progress: 40.271750000000004/72.33333206176758 = 55.7% done in 12687.0s, 10100.5s to go
on time step 161114 (time=40.2785), 0.0756645 s/step
Meep progress: 40.28525/72.33333206176758 = 55.7% done in 12691.1s, 10096.1s to go
on time step 161168 (time=40.292), 0.0746399 s/step
Meep progress: 40.29875/72.33333206176758 = 55.7% done in 12695.1s, 10091.7s to go
on time step 161221 (time=40.3053), 0.0760933 s/step
Meep progress: 40.31175/72.33333206176758 = 55.7% done in 12699.2s, 10087.6s to go
on time step 161272 (time=40.318), 0.0787326 s/step
Meep progress: 40.32475/72.33333206176758 = 55.7% done in 12703.2s, 10083.4s to go
on time step 161325 (time=40.3313), 0.0768989 s/step
Meep progress: 40.33775/72.33333206176758 = 55.8% done in 12707.2s, 10079.3s to go
on time step 161378 (time=40.3445), 0.0766157 s/step
Meep progress: 40.35075/72.33333206176758 = 55.8% done in 12711.3s, 10075.1s to go
on time step 161430 (time=40.3575), 0.078401 s/step
Meep progress: 40.36375/72.33333206176758 = 55.8% done in 12715.3s, 10071.0s to go
on time step 161482 (time=40.3705), 0.0774184 s/step
Meep progress: 40.3765/72.33333206176758 = 55.8% done in 12719.4s, 10067.0s to go
on time step 161533 (time=40.3833), 0.0792186 s/step
Meep progress: 40.38975/72.33333206176758 = 55.8% done in 12723.4s, 10062.7s to go
on time step 161585 (time=40.3963), 0.0769999 s/step
Meep progress: 40.4025/72.33333206176758 = 55.9% done in 12727.5s, 10058.7s to go
on time step 161635 (time=40.4087), 0.0804143 s/step
Meep progress: 40.4155/72.33333206176758 = 55.9% done in 12731.5s, 10054.6s to go
on time step 161688 (time=40.422), 0.0766131 s/step
Meep progress: 40.4285/72.33333206176758 = 55.9% done in 12735.5s, 10050.5s to go
on time step 161741 (time=40.4353), 0.0763865 s/step
Meep progress: 40.44175/72.33333206176758 = 55.9% done in 12739.6s, 10046.2s to go
on time step 161792 (time=40.448), 0.0787957 s/step
Meep progress: 40.4545/72.33333206176758 = 55.9% done in 12743.7s, 10042.2s to go
on time step 161841 (time=40.4603), 0.082065 s/step
Meep progress: 40.467/72.33333206176758 = 55.9% done in 12747.7s, 10038.4s to go
on time step 161893 (time=40.4733), 0.0771189 s/step
Meep progress: 40.48025/72.33333206176758 = 56.0% done in 12751.8s, 10034.1s to go
on time step 161946 (time=40.4865), 0.0768717 s/step
Meep progress: 40.4935/72.33333206176758 = 56.0% done in 12755.8s, 10029.9s to go
on time step 161998 (time=40.4995), 0.0771068 s/step
Meep progress: 40.5065/72.33333206176758 = 56.0% done in 12759.9s, 10025.7s to go
on time step 162050 (time=40.5125), 0.0781363 s/step
Meep progress: 40.51925/72.33333206176758 = 56.0% done in 12764.0s, 10021.8s to go
on time step 162101 (time=40.5252), 0.0798194 s/step
Meep progress: 40.5325/72.33333206176758 = 56.0% done in 12768.0s, 10017.5s to go
on time step 162154 (time=40.5385), 0.0765478 s/step
Meep progress: 40.545500000000004/72.33333206176758 = 56.1% done in 12772.1s, 10013.4s to go
on time step 162205 (time=40.5513), 0.0785485 s/step
Meep progress: 40.55825/72.33333206176758 = 56.1% done in 12776.1s, 10009.4s to go
on time step 162257 (time=40.5643), 0.0777759 s/step
Meep progress: 40.5715/72.33333206176758 = 56.1% done in 12780.1s, 10005.1s to go
on time step 162311 (time=40.5778), 0.0751472 s/step
Meep progress: 40.58475/72.33333206176758 = 56.1% done in 12784.1s, 10000.8s to go
on time step 162364 (time=40.591), 0.0756298 s/step
Meep progress: 40.598/72.33333206176758 = 56.1% done in 12788.2s, 9996.5s to go
on time step 162417 (time=40.6043), 0.0766345 s/step
Meep progress: 40.61125/72.33333206176758 = 56.1% done in 12792.2s, 9992.2s to go
on time step 162470 (time=40.6175), 0.0760166 s/step
Meep progress: 40.6245/72.33333206176758 = 56.2% done in 12796.2s, 9987.9s to go
on time step 162524 (time=40.631), 0.0750834 s/step
Meep progress: 40.638/72.33333206176758 = 56.2% done in 12800.3s, 9983.5s to go
on time step 162577 (time=40.6442), 0.0757741 s/step
Meep progress: 40.651/72.33333206176758 = 56.2% done in 12804.3s, 9979.3s to go
on time step 162630 (time=40.6575), 0.0762532 s/step
Meep progress: 40.66425/72.33333206176758 = 56.2% done in 12808.3s, 9975.0s to go
on time step 162683 (time=40.6707), 0.0767872 s/step
Meep progress: 40.6775/72.33333206176758 = 56.2% done in 12812.3s, 9970.7s to go
on time step 162737 (time=40.6842), 0.0744381 s/step
Meep progress: 40.691/72.33333206176758 = 56.3% done in 12816.4s, 9966.3s to go
on time step 162789 (time=40.6973), 0.077711 s/step
Meep progress: 40.704/72.33333206176758 = 56.3% done in 12820.4s, 9962.2s to go
on time step 162842 (time=40.7105), 0.0763186 s/step
Meep progress: 40.71725/72.33333206176758 = 56.3% done in 12824.4s, 9957.9s to go
on time step 162895 (time=40.7238), 0.0757448 s/step
Meep progress: 40.73075/72.33333206176758 = 56.3% done in 12828.5s, 9953.5s to go
on time step 162949 (time=40.7373), 0.0746587 s/step
Meep progress: 40.744/72.33333206176758 = 56.3% done in 12832.6s, 9949.3s to go
on time step 163002 (time=40.7505), 0.0764998 s/step
Meep progress: 40.7575/72.33333206176758 = 56.3% done in 12836.6s, 9944.8s to go
on time step 163056 (time=40.764), 0.0752549 s/step
Meep progress: 40.77075/72.33333206176758 = 56.4% done in 12840.6s, 9940.5s to go
on time step 163109 (time=40.7773), 0.0757611 s/step
Meep progress: 40.78425/72.33333206176758 = 56.4% done in 12844.7s, 9936.2s to go
on time step 163163 (time=40.7908), 0.0755176 s/step
Meep progress: 40.7975/72.33333206176758 = 56.4% done in 12848.7s, 9931.9s to go
on time step 163216 (time=40.804), 0.0760901 s/step
Meep progress: 40.81075/72.33333206176758 = 56.4% done in 12852.8s, 9927.6s to go
on time step 163269 (time=40.8173), 0.0755594 s/step
Meep progress: 40.82425/72.33333206176758 = 56.4% done in 12856.8s, 9923.2s to go
on time step 163323 (time=40.8308), 0.0754825 s/step
Meep progress: 40.83775/72.33333206176758 = 56.5% done in 12860.9s, 9918.8s to go
on time step 163376 (time=40.844), 0.0762438 s/step
Meep progress: 40.851/72.33333206176758 = 56.5% done in 12864.9s, 9914.5s to go
on time step 163429 (time=40.8573), 0.076328 s/step
Meep progress: 40.864000000000004/72.33333206176758 = 56.5% done in 12869.0s, 9910.4s to go
on time step 163482 (time=40.8705), 0.0760998 s/step
Meep progress: 40.8775/72.33333206176758 = 56.5% done in 12873.0s, 9906.0s to go
on time step 163537 (time=40.8843), 0.073695 s/step
Meep progress: 40.891/72.33333206176758 = 56.5% done in 12877.1s, 9901.6s to go
on time step 163590 (time=40.8975), 0.0758689 s/step
Meep progress: 40.90425/72.33333206176758 = 56.5% done in 12881.1s, 9897.3s to go
on time step 163642 (time=40.9105), 0.07755 s/step
Meep progress: 40.917500000000004/72.33333206176758 = 56.6% done in 12885.1s, 9893.0s to go
on time step 163696 (time=40.924), 0.0753237 s/step
Meep progress: 40.931/72.33333206176758 = 56.6% done in 12889.2s, 9888.6s to go
on time step 163750 (time=40.9375), 0.0749174 s/step
Meep progress: 40.944250000000004/72.33333206176758 = 56.6% done in 12893.2s, 9884.3s to go
on time step 163802 (time=40.9505), 0.0773951 s/step
Meep progress: 40.9575/72.33333206176758 = 56.6% done in 12897.3s, 9880.1s to go
on time step 163855 (time=40.9637), 0.0761505 s/step
Meep progress: 40.971000000000004/72.33333206176758 = 56.6% done in 12901.4s, 9875.7s to go
on time step 163909 (time=40.9772), 0.0755525 s/step
Meep progress: 40.98425/72.33333206176758 = 56.7% done in 12905.4s, 9871.4s to go
on time step 163962 (time=40.9905), 0.0760503 s/step
Meep progress: 40.9975/72.33333206176758 = 56.7% done in 12909.4s, 9867.1s to go
on time step 164016 (time=41.004), 0.0752213 s/step
Meep progress: 41.011/72.33333206176758 = 56.7% done in 12913.5s, 9862.7s to go
on time step 164070 (time=41.0175), 0.0749232 s/step
Meep progress: 41.0245/72.33333206176758 = 56.7% done in 12917.6s, 9858.3s to go
on time step 164123 (time=41.0307), 0.0755372 s/step
Meep progress: 41.038000000000004/72.33333206176758 = 56.7% done in 12921.6s, 9853.9s to go
on time step 164176 (time=41.044), 0.075665 s/step
Meep progress: 41.05125/72.33333206176758 = 56.8% done in 12925.6s, 9849.7s to go
on time step 164230 (time=41.0575), 0.0753389 s/step
Meep progress: 41.064750000000004/72.33333206176758 = 56.8% done in 12929.7s, 9845.3s to go
on time step 164284 (time=41.071), 0.0749131 s/step
Meep progress: 41.078250000000004/72.33333206176758 = 56.8% done in 12933.7s, 9840.8s to go
on time step 164338 (time=41.0845), 0.074559 s/step
Meep progress: 41.09175/72.33333206176758 = 56.8% done in 12937.8s, 9836.5s to go
on time step 164391 (time=41.0977), 0.0761935 s/step
Meep progress: 41.10475/72.33333206176758 = 56.8% done in 12941.9s, 9832.3s to go
on time step 164441 (time=41.1103), 0.0806504 s/step
Meep progress: 41.1175/72.33333206176758 = 56.8% done in 12945.9s, 9828.3s to go
on time step 164494 (time=41.1235), 0.0762698 s/step
Meep progress: 41.13075/72.33333206176758 = 56.9% done in 12949.9s, 9824.0s to go
on time step 164547 (time=41.1367), 0.0755909 s/step
Meep progress: 41.143750000000004/72.33333206176758 = 56.9% done in 12953.9s, 9819.9s to go
on time step 164599 (time=41.1497), 0.0778609 s/step
Meep progress: 41.157000000000004/72.33333206176758 = 56.9% done in 12958.0s, 9815.6s to go
on time step 164652 (time=41.163), 0.0759441 s/step
Meep progress: 41.17025/72.33333206176758 = 56.9% done in 12962.0s, 9811.3s to go
on time step 164705 (time=41.1763), 0.0758695 s/step
Meep progress: 41.1835/72.33333206176758 = 56.9% done in 12966.1s, 9807.1s to go
on time step 164757 (time=41.1893), 0.0778531 s/step
Meep progress: 41.19675/72.33333206176758 = 57.0% done in 12970.1s, 9802.8s to go
on time step 164810 (time=41.2025), 0.0756631 s/step
Meep progress: 41.21/72.33333206176758 = 57.0% done in 12974.2s, 9798.6s to go
on time step 164863 (time=41.2157), 0.0756143 s/step
Meep progress: 41.2235/72.33333206176758 = 57.0% done in 12978.2s, 9794.2s to go
on time step 164917 (time=41.2293), 0.0749219 s/step
Meep progress: 41.23675/72.33333206176758 = 57.0% done in 12982.2s, 9789.9s to go
on time step 164970 (time=41.2425), 0.0759669 s/step
Meep progress: 41.25/72.33333206176758 = 57.0% done in 12986.2s, 9785.6s to go
on time step 165023 (time=41.2557), 0.0761876 s/step
Meep progress: 41.26325/72.33333206176758 = 57.0% done in 12990.3s, 9781.3s to go
on time step 165077 (time=41.2692), 0.0748954 s/step
Meep progress: 41.27675/72.33333206176758 = 57.1% done in 12994.3s, 9776.9s to go
on time step 165131 (time=41.2828), 0.075051 s/step
Meep progress: 41.29/72.33333206176758 = 57.1% done in 12998.3s, 9772.6s to go
on time step 165184 (time=41.296), 0.0764797 s/step
Meep progress: 41.303000000000004/72.33333206176758 = 57.1% done in 13002.3s, 9768.5s to go
on time step 165236 (time=41.309), 0.0769266 s/step
Meep progress: 41.3165/72.33333206176758 = 57.1% done in 13006.4s, 9764.1s to go
on time step 165290 (time=41.3225), 0.0753067 s/step
Meep progress: 41.329750000000004/72.33333206176758 = 57.1% done in 13010.4s, 9759.8s to go
on time step 165342 (time=41.3355), 0.077731 s/step
Meep progress: 41.34275/72.33333206176758 = 57.2% done in 13014.4s, 9755.6s to go
on time step 165396 (time=41.349), 0.0753355 s/step
Meep progress: 41.35625/72.33333206176758 = 57.2% done in 13018.5s, 9751.2s to go
on time step 165450 (time=41.3625), 0.075173 s/step
Meep progress: 41.36975/72.33333206176758 = 57.2% done in 13022.5s, 9746.8s to go
on time step 165504 (time=41.376), 0.0749794 s/step
Meep progress: 41.383/72.33333206176758 = 57.2% done in 13026.6s, 9742.6s to go
on time step 165557 (time=41.3893), 0.0762118 s/step
Meep progress: 41.39625/72.33333206176758 = 57.2% done in 13030.6s, 9738.3s to go
on time step 165611 (time=41.4027), 0.0753616 s/step
Meep progress: 41.40975/72.33333206176758 = 57.2% done in 13034.6s, 9733.9s to go
on time step 165665 (time=41.4162), 0.0746841 s/step
Meep progress: 41.42325/72.33333206176758 = 57.3% done in 13038.7s, 9729.5s to go
on time step 165719 (time=41.4297), 0.0755001 s/step
Meep progress: 41.4365/72.33333206176758 = 57.3% done in 13042.7s, 9725.2s to go
on time step 165772 (time=41.443), 0.0756738 s/step
Meep progress: 41.44975/72.33333206176758 = 57.3% done in 13046.7s, 9720.9s to go
on time step 165825 (time=41.4563), 0.0762161 s/step
Meep progress: 41.46325/72.33333206176758 = 57.3% done in 13050.8s, 9716.6s to go
on time step 165879 (time=41.4697), 0.0752568 s/step
Meep progress: 41.47675/72.33333206176758 = 57.3% done in 13054.8s, 9712.1s to go
on time step 165933 (time=41.4832), 0.0745876 s/step
Meep progress: 41.49/72.33333206176758 = 57.4% done in 13058.9s, 9707.9s to go
on time step 165986 (time=41.4965), 0.0764345 s/step
Meep progress: 41.50325/72.33333206176758 = 57.4% done in 13062.9s, 9703.6s to go
on time step 166039 (time=41.5098), 0.0762428 s/step
Meep progress: 41.5165/72.33333206176758 = 57.4% done in 13066.9s, 9699.3s to go
on time step 166093 (time=41.5232), 0.0753111 s/step
Meep progress: 41.52975/72.33333206176758 = 57.4% done in 13071.0s, 9695.0s to go
on time step 166146 (time=41.5365), 0.0763437 s/step
Meep progress: 41.543/72.33333206176758 = 57.4% done in 13075.0s, 9690.8s to go
on time step 166200 (time=41.55), 0.0753323 s/step
Meep progress: 41.5565/72.33333206176758 = 57.5% done in 13079.0s, 9686.3s to go
on time step 166254 (time=41.5635), 0.0749226 s/step
Meep progress: 41.57/72.33333206176758 = 57.5% done in 13083.1s, 9681.9s to go
on time step 166307 (time=41.5768), 0.0755169 s/step
Meep progress: 41.58325/72.33333206176758 = 57.5% done in 13087.1s, 9677.7s to go
on time step 166360 (time=41.59), 0.0761842 s/step
Meep progress: 41.5965/72.33333206176758 = 57.5% done in 13091.1s, 9673.4s to go
on time step 166413 (time=41.6033), 0.0756562 s/step
Meep progress: 41.60975/72.33333206176758 = 57.5% done in 13095.1s, 9669.1s to go
on time step 166467 (time=41.6168), 0.0751253 s/step
Meep progress: 41.62325/72.33333206176758 = 57.5% done in 13099.2s, 9664.7s to go
on time step 166521 (time=41.6303), 0.0753579 s/step
Meep progress: 41.6365/72.33333206176758 = 57.6% done in 13103.2s, 9660.5s to go
on time step 166574 (time=41.6435), 0.0762021 s/step
Meep progress: 41.64975/72.33333206176758 = 57.6% done in 13107.3s, 9656.2s to go
on time step 166626 (time=41.6565), 0.0770276 s/step
Meep progress: 41.663000000000004/72.33333206176758 = 57.6% done in 13111.3s, 9651.9s to go
on time step 166679 (time=41.6698), 0.0757606 s/step
Meep progress: 41.67625/72.33333206176758 = 57.6% done in 13115.3s, 9647.7s to go
on time step 166731 (time=41.6827), 0.0769403 s/step
Meep progress: 41.6895/72.33333206176758 = 57.6% done in 13119.4s, 9643.4s to go
on time step 166784 (time=41.696), 0.0761071 s/step
Meep progress: 41.70275/72.33333206176758 = 57.7% done in 13123.4s, 9639.1s to go
on time step 166837 (time=41.7093), 0.0755086 s/step
Meep progress: 41.71625/72.33333206176758 = 57.7% done in 13127.5s, 9634.8s to go
on time step 166890 (time=41.7225), 0.0758386 s/step
Meep progress: 41.72925/72.33333206176758 = 57.7% done in 13131.6s, 9630.6s to go
on time step 166941 (time=41.7353), 0.0790084 s/step
Meep progress: 41.7425/72.33333206176758 = 57.7% done in 13135.6s, 9626.4s to go
on time step 166995 (time=41.7488), 0.0751436 s/step
Meep progress: 41.756/72.33333206176758 = 57.7% done in 13139.7s, 9622.0s to go
on time step 167048 (time=41.762), 0.0757542 s/step
Meep progress: 41.76925/72.33333206176758 = 57.7% done in 13143.7s, 9617.7s to go
on time step 167102 (time=41.7755), 0.0752388 s/step
Meep progress: 41.7825/72.33333206176758 = 57.8% done in 13147.8s, 9613.5s to go
on time step 167155 (time=41.7888), 0.0767582 s/step
Meep progress: 41.79575/72.33333206176758 = 57.8% done in 13151.8s, 9609.2s to go
on time step 167209 (time=41.8023), 0.0752823 s/step
Meep progress: 41.80925/72.33333206176758 = 57.8% done in 13155.8s, 9604.8s to go
on time step 167262 (time=41.8155), 0.0758378 s/step
Meep progress: 41.82275/72.33333206176758 = 57.8% done in 13159.9s, 9600.4s to go
on time step 167316 (time=41.829), 0.0751277 s/step
Meep progress: 41.836/72.33333206176758 = 57.8% done in 13163.9s, 9596.2s to go
on time step 167369 (time=41.8422), 0.0759452 s/step
Meep progress: 41.84925/72.33333206176758 = 57.9% done in 13168.0s, 9591.9s to go
on time step 167421 (time=41.8552), 0.077363 s/step
Meep progress: 41.86225/72.33333206176758 = 57.9% done in 13172.0s, 9587.8s to go
on time step 167474 (time=41.8685), 0.07646 s/step
Meep progress: 41.8755/72.33333206176758 = 57.9% done in 13176.1s, 9583.5s to go
on time step 167527 (time=41.8818), 0.0761558 s/step
Meep progress: 41.88875/72.33333206176758 = 57.9% done in 13180.1s, 9579.2s to go
on time step 167580 (time=41.895), 0.0768394 s/step
Meep progress: 41.90175/72.33333206176758 = 57.9% done in 13184.1s, 9575.1s to go
on time step 167632 (time=41.908), 0.0784143 s/step
Meep progress: 41.915/72.33333206176758 = 57.9% done in 13188.2s, 9570.9s to go
on time step 167686 (time=41.9215), 0.0750728 s/step
Meep progress: 41.92825/72.33333206176758 = 58.0% done in 13192.2s, 9566.6s to go
on time step 167738 (time=41.9345), 0.07834 s/step
Meep progress: 41.941/72.33333206176758 = 58.0% done in 13196.3s, 9562.6s to go
on time step 167791 (time=41.9477), 0.0766284 s/step
Meep progress: 41.9545/72.33333206176758 = 58.0% done in 13200.3s, 9558.2s to go
on time step 167844 (time=41.961), 0.0756728 s/step
Meep progress: 41.96775/72.33333206176758 = 58.0% done in 13204.4s, 9554.0s to go
on time step 167897 (time=41.9742), 0.0759034 s/step
Meep progress: 41.98075/72.33333206176758 = 58.0% done in 13208.4s, 9549.8s to go
on time step 167949 (time=41.9873), 0.0775045 s/step
Meep progress: 41.994/72.33333206176758 = 58.1% done in 13212.4s, 9545.5s to go
on time step 168002 (time=42.0005), 0.0754791 s/step
Meep progress: 42.00725/72.33333206176758 = 58.1% done in 13216.4s, 9541.3s to go
on time step 168055 (time=42.0138), 0.0759685 s/step
Meep progress: 42.02075/72.33333206176758 = 58.1% done in 13220.5s, 9536.9s to go
on time step 168108 (time=42.027), 0.0754772 s/step
Meep progress: 42.034/72.33333206176758 = 58.1% done in 13224.5s, 9532.6s to go
on time step 168161 (time=42.0403), 0.0758826 s/step
Meep progress: 42.04725/72.33333206176758 = 58.1% done in 13228.6s, 9528.4s to go
on time step 168213 (time=42.0532), 0.0777842 s/step
Meep progress: 42.0605/72.33333206176758 = 58.1% done in 13232.7s, 9524.1s to go
on time step 168267 (time=42.0667), 0.0748732 s/step
Meep progress: 42.074/72.33333206176758 = 58.2% done in 13236.7s, 9519.7s to go
on time step 168319 (time=42.0798), 0.0782059 s/step
Meep progress: 42.0865/72.33333206176758 = 58.2% done in 13240.7s, 9515.9s to go
on time step 168371 (time=42.0928), 0.0781642 s/step
Meep progress: 42.0995/72.33333206176758 = 58.2% done in 13244.7s, 9511.7s to go
on time step 168424 (time=42.106), 0.0767582 s/step
Meep progress: 42.11275/72.33333206176758 = 58.2% done in 13248.8s, 9507.5s to go
on time step 168477 (time=42.1193), 0.0768183 s/step
Meep progress: 42.125750000000004/72.33333206176758 = 58.2% done in 13252.8s, 9503.3s to go
on time step 168529 (time=42.1322), 0.0776066 s/step
Meep progress: 42.139/72.33333206176758 = 58.3% done in 13256.9s, 9499.1s to go
on time step 168582 (time=42.1455), 0.0755792 s/step
Meep progress: 42.15225/72.33333206176758 = 58.3% done in 13260.9s, 9494.8s to go
on time step 168635 (time=42.1587), 0.0755745 s/step
Meep progress: 42.1655/72.33333206176758 = 58.3% done in 13264.9s, 9490.5s to go
on time step 168688 (time=42.172), 0.0763644 s/step
Meep progress: 42.17875/72.33333206176758 = 58.3% done in 13268.9s, 9486.3s to go
on time step 168741 (time=42.1853), 0.0759846 s/step
Meep progress: 42.19225/72.33333206176758 = 58.3% done in 13273.0s, 9481.9s to go
on time step 168795 (time=42.1988), 0.0754424 s/step
Meep progress: 42.2055/72.33333206176758 = 58.3% done in 13277.0s, 9477.6s to go
on time step 168848 (time=42.212), 0.0762569 s/step
Meep progress: 42.21875/72.33333206176758 = 58.4% done in 13281.0s, 9473.3s to go
on time step 168901 (time=42.2253), 0.0755255 s/step
Meep progress: 42.232/72.33333206176758 = 58.4% done in 13285.1s, 9469.1s to go
on time step 168954 (time=42.2385), 0.0759166 s/step
Meep progress: 42.245/72.33333206176758 = 58.4% done in 13289.1s, 9464.9s to go
on time step 169007 (time=42.2518), 0.0764791 s/step
Meep progress: 42.2585/72.33333206176758 = 58.4% done in 13293.1s, 9460.5s to go
on time step 169061 (time=42.2653), 0.075158 s/step
Meep progress: 42.271750000000004/72.33333206176758 = 58.4% done in 13297.1s, 9456.3s to go
on time step 169113 (time=42.2782), 0.07764 s/step
Meep progress: 42.28475/72.33333206176758 = 58.5% done in 13301.2s, 9452.1s to go
on time step 169166 (time=42.2915), 0.0766566 s/step
Meep progress: 42.29775/72.33333206176758 = 58.5% done in 13305.2s, 9448.0s to go
on time step 169218 (time=42.3045), 0.0776605 s/step
Meep progress: 42.311/72.33333206176758 = 58.5% done in 13309.3s, 9443.8s to go
on time step 169272 (time=42.318), 0.075055 s/step
Meep progress: 42.324/72.33333206176758 = 58.5% done in 13313.3s, 9439.6s to go
on time step 169323 (time=42.3308), 0.0789735 s/step
Meep progress: 42.33725/72.33333206176758 = 58.5% done in 13317.4s, 9435.4s to go
on time step 169376 (time=42.344), 0.075808 s/step
Meep progress: 42.35075/72.33333206176758 = 58.5% done in 13321.4s, 9431.0s to go
on time step 169430 (time=42.3575), 0.0749128 s/step
Meep progress: 42.36425/72.33333206176758 = 58.6% done in 13325.5s, 9426.7s to go
on time step 169483 (time=42.3708), 0.0769092 s/step
Meep progress: 42.3775/72.33333206176758 = 58.6% done in 13329.6s, 9422.4s to go
on time step 169537 (time=42.3843), 0.0752916 s/step
Meep progress: 42.391/72.33333206176758 = 58.6% done in 13333.6s, 9418.0s to go
on time step 169590 (time=42.3975), 0.0756998 s/step
Meep progress: 42.40425/72.33333206176758 = 58.6% done in 13337.6s, 9413.8s to go
on time step 169644 (time=42.411), 0.075047 s/step
Meep progress: 42.41775/72.33333206176758 = 58.6% done in 13341.7s, 9409.4s to go
on time step 169697 (time=42.4243), 0.0763262 s/step
Meep progress: 42.431/72.33333206176758 = 58.7% done in 13345.7s, 9405.1s to go
on time step 169749 (time=42.4372), 0.0773146 s/step
Meep progress: 42.444/72.33333206176758 = 58.7% done in 13349.8s, 9401.0s to go
on time step 169803 (time=42.4507), 0.0752297 s/step
Meep progress: 42.4575/72.33333206176758 = 58.7% done in 13353.8s, 9396.6s to go
on time step 169857 (time=42.4642), 0.0747394 s/step
Meep progress: 42.47075/72.33333206176758 = 58.7% done in 13357.8s, 9392.3s to go
on time step 169910 (time=42.4775), 0.0764035 s/step
Meep progress: 42.48425/72.33333206176758 = 58.7% done in 13361.9s, 9388.0s to go
on time step 169964 (time=42.491), 0.0750833 s/step
Meep progress: 42.4975/72.33333206176758 = 58.8% done in 13365.9s, 9383.7s to go
on time step 170018 (time=42.5045), 0.0747944 s/step
Meep progress: 42.511/72.33333206176758 = 58.8% done in 13369.9s, 9379.3s to go
on time step 170071 (time=42.5177), 0.0754807 s/step
Meep progress: 42.524/72.33333206176758 = 58.8% done in 13373.9s, 9375.1s to go
on time step 170124 (time=42.531), 0.0766519 s/step
Meep progress: 42.5375/72.33333206176758 = 58.8% done in 13378.0s, 9370.8s to go
on time step 170178 (time=42.5445), 0.0752741 s/step
Meep progress: 42.551/72.33333206176758 = 58.8% done in 13382.0s, 9366.4s to go
on time step 170232 (time=42.558), 0.0750443 s/step
Meep progress: 42.56425/72.33333206176758 = 58.8% done in 13386.1s, 9362.1s to go
on time step 170285 (time=42.5712), 0.0767711 s/step
Meep progress: 42.5775/72.33333206176758 = 58.9% done in 13390.1s, 9357.9s to go
on time step 170339 (time=42.5847), 0.0754531 s/step
Meep progress: 42.59075/72.33333206176758 = 58.9% done in 13394.1s, 9353.6s to go
on time step 170392 (time=42.598), 0.0760922 s/step
Meep progress: 42.604/72.33333206176758 = 58.9% done in 13398.2s, 9349.3s to go
on time step 170446 (time=42.6115), 0.0751508 s/step
Meep progress: 42.6175/72.33333206176758 = 58.9% done in 13402.2s, 9344.9s to go
on time step 170499 (time=42.6247), 0.0761489 s/step
Meep progress: 42.63075/72.33333206176758 = 58.9% done in 13406.3s, 9340.7s to go
on time step 170551 (time=42.6378), 0.0770727 s/step
Meep progress: 42.643750000000004/72.33333206176758 = 59.0% done in 13410.3s, 9336.5s to go
on time step 170605 (time=42.6512), 0.0750349 s/step
Meep progress: 42.65725/72.33333206176758 = 59.0% done in 13414.3s, 9332.1s to go
on time step 170659 (time=42.6647), 0.0753269 s/step
Meep progress: 42.67025/72.33333206176758 = 59.0% done in 13418.3s, 9328.0s to go
on time step 170711 (time=42.6778), 0.078141 s/step
Meep progress: 42.6835/72.33333206176758 = 59.0% done in 13422.4s, 9323.8s to go
on time step 170765 (time=42.6913), 0.0749281 s/step
Meep progress: 42.697/72.33333206176758 = 59.0% done in 13426.4s, 9319.4s to go
on time step 170819 (time=42.7048), 0.0749168 s/step
Meep progress: 42.7105/72.33333206176758 = 59.0% done in 13430.4s, 9315.0s to go
on time step 170872 (time=42.718), 0.0758939 s/step
Meep progress: 42.7235/72.33333206176758 = 59.1% done in 13434.4s, 9310.8s to go
on time step 170925 (time=42.7313), 0.0763903 s/step
Meep progress: 42.73675/72.33333206176758 = 59.1% done in 13438.4s, 9306.6s to go
on time step 170979 (time=42.7448), 0.0752646 s/step
Meep progress: 42.75025/72.33333206176758 = 59.1% done in 13442.5s, 9302.2s to go
on time step 171033 (time=42.7583), 0.0742291 s/step
Meep progress: 42.76375/72.33333206176758 = 59.1% done in 13446.5s, 9297.8s to go
on time step 171086 (time=42.7715), 0.0763063 s/step
Meep progress: 42.777/72.33333206176758 = 59.1% done in 13450.6s, 9293.5s to go
on time step 171140 (time=42.785), 0.0750963 s/step
Meep progress: 42.7905/72.33333206176758 = 59.2% done in 13454.6s, 9289.2s to go
on time step 171194 (time=42.7985), 0.0749382 s/step
Meep progress: 42.804/72.33333206176758 = 59.2% done in 13458.7s, 9284.8s to go
on time step 171248 (time=42.812), 0.0750905 s/step
Meep progress: 42.81725/72.33333206176758 = 59.2% done in 13462.7s, 9280.5s to go
on time step 171301 (time=42.8253), 0.075706 s/step
Meep progress: 42.8305/72.33333206176758 = 59.2% done in 13466.7s, 9276.2s to go
on time step 171354 (time=42.8385), 0.0761258 s/step
Meep progress: 42.844/72.33333206176758 = 59.2% done in 13470.8s, 9271.9s to go
on time step 171408 (time=42.852), 0.0750445 s/step
Meep progress: 42.8575/72.33333206176758 = 59.3% done in 13474.8s, 9267.5s to go
on time step 171462 (time=42.8655), 0.0747768 s/step
Meep progress: 42.8705/72.33333206176758 = 59.3% done in 13478.8s, 9263.3s to go
on time step 171514 (time=42.8785), 0.077385 s/step
Meep progress: 42.884/72.33333206176758 = 59.3% done in 13482.9s, 9259.0s to go
on time step 171568 (time=42.892), 0.0753112 s/step
Meep progress: 42.8975/72.33333206176758 = 59.3% done in 13486.9s, 9254.6s to go
on time step 171622 (time=42.9055), 0.0744261 s/step
Meep progress: 42.911/72.33333206176758 = 59.3% done in 13491.0s, 9250.2s to go
on time step 171674 (time=42.9185), 0.0769729 s/step
Meep progress: 42.924/72.33333206176758 = 59.3% done in 13495.0s, 9246.1s to go
on time step 171728 (time=42.932), 0.0753792 s/step
Meep progress: 42.9375/72.33333206176758 = 59.4% done in 13499.0s, 9241.7s to go
on time step 171782 (time=42.9455), 0.0753549 s/step
Meep progress: 42.951/72.33333206176758 = 59.4% done in 13503.1s, 9237.3s to go
on time step 171836 (time=42.959), 0.0754213 s/step
Meep progress: 42.96425/72.33333206176758 = 59.4% done in 13507.1s, 9233.1s to go
on time step 171889 (time=42.9723), 0.0763368 s/step
Meep progress: 42.9775/72.33333206176758 = 59.4% done in 13511.2s, 9228.8s to go
on time step 171943 (time=42.9858), 0.0752988 s/step
Meep progress: 42.99075/72.33333206176758 = 59.4% done in 13515.2s, 9224.5s to go
on time step 171997 (time=42.9993), 0.0751564 s/step
Meep progress: 43.00425/72.33333206176758 = 59.5% done in 13519.2s, 9220.1s to go
on time step 172051 (time=43.0128), 0.0747029 s/step
Meep progress: 43.0175/72.33333206176758 = 59.5% done in 13523.2s, 9215.9s to go
on time step 172104 (time=43.026), 0.0757511 s/step
Meep progress: 43.03075/72.33333206176758 = 59.5% done in 13527.3s, 9211.7s to go
on time step 172155 (time=43.0388), 0.0793897 s/step
Meep progress: 43.04375/72.33333206176758 = 59.5% done in 13531.3s, 9207.5s to go
on time step 172209 (time=43.0523), 0.0743711 s/step
Meep progress: 43.05725/72.33333206176758 = 59.5% done in 13535.3s, 9203.1s to go
on time step 172262 (time=43.0655), 0.0762564 s/step
Meep progress: 43.0705/72.33333206176758 = 59.5% done in 13539.4s, 9198.9s to go
on time step 172316 (time=43.079), 0.075479 s/step
Meep progress: 43.084/72.33333206176758 = 59.6% done in 13543.5s, 9194.5s to go
on time step 172369 (time=43.0922), 0.076086 s/step
Meep progress: 43.09725/72.33333206176758 = 59.6% done in 13547.5s, 9190.3s to go
on time step 172423 (time=43.1058), 0.0751053 s/step
Meep progress: 43.11025/72.33333206176758 = 59.6% done in 13551.5s, 9186.1s to go
on time step 172475 (time=43.1187), 0.0780409 s/step
Meep progress: 43.1235/72.33333206176758 = 59.6% done in 13555.5s, 9181.9s to go
on time step 172528 (time=43.132), 0.0764775 s/step
Meep progress: 43.13675/72.33333206176758 = 59.6% done in 13559.6s, 9177.6s to go
on time step 172582 (time=43.1455), 0.075568 s/step
Meep progress: 43.15/72.33333206176758 = 59.7% done in 13563.6s, 9173.4s to go
on time step 172634 (time=43.1585), 0.078009 s/step
Meep progress: 43.16275/72.33333206176758 = 59.7% done in 13567.6s, 9169.4s to go
on time step 172687 (time=43.1718), 0.0766787 s/step
Meep progress: 43.176/72.33333206176758 = 59.7% done in 13571.7s, 9165.1s to go
on time step 172739 (time=43.1848), 0.0769231 s/step
Meep progress: 43.18925/72.33333206176758 = 59.7% done in 13575.7s, 9160.9s to go
on time step 172793 (time=43.1983), 0.074866 s/step
Meep progress: 43.20275/72.33333206176758 = 59.7% done in 13579.8s, 9156.5s to go
on time step 172847 (time=43.2118), 0.0752639 s/step
Meep progress: 43.216/72.33333206176758 = 59.7% done in 13583.8s, 9152.3s to go
on time step 172900 (time=43.225), 0.0765803 s/step
Meep progress: 43.22925/72.33333206176758 = 59.8% done in 13587.9s, 9148.0s to go
on time step 172951 (time=43.2377), 0.0797072 s/step
Meep progress: 43.242000000000004/72.33333206176758 = 59.8% done in 13591.9s, 9144.0s to go
on time step 173004 (time=43.251), 0.0759188 s/step
Meep progress: 43.255250000000004/72.33333206176758 = 59.8% done in 13595.9s, 9139.8s to go
on time step 173056 (time=43.264), 0.0770434 s/step
Meep progress: 43.2685/72.33333206176758 = 59.8% done in 13600.0s, 9135.6s to go
on time step 173110 (time=43.2775), 0.0748384 s/step
Meep progress: 43.28175/72.33333206176758 = 59.8% done in 13604.0s, 9131.3s to go
on time step 173162 (time=43.2905), 0.0780337 s/step
Meep progress: 43.29475/72.33333206176758 = 59.9% done in 13608.0s, 9127.2s to go
on time step 173215 (time=43.3038), 0.076325 s/step
Meep progress: 43.308/72.33333206176758 = 59.9% done in 13612.1s, 9122.9s to go
on time step 173267 (time=43.3167), 0.0779069 s/step
Meep progress: 43.321/72.33333206176758 = 59.9% done in 13616.2s, 9118.8s to go
on time step 173318 (time=43.3295), 0.0793881 s/step
Meep progress: 43.33375/72.33333206176758 = 59.9% done in 13620.2s, 9114.8s to go
on time step 173371 (time=43.3428), 0.0766168 s/step
Meep progress: 43.347/72.33333206176758 = 59.9% done in 13624.2s, 9110.6s to go
on time step 173424 (time=43.356), 0.0764435 s/step
Meep progress: 43.36025/72.33333206176758 = 59.9% done in 13628.3s, 9106.4s to go
on time step 173477 (time=43.3693), 0.0764025 s/step
Meep progress: 43.3735/72.33333206176758 = 60.0% done in 13632.3s, 9102.1s to go
on time step 173530 (time=43.3825), 0.0768389 s/step
Meep progress: 43.38675/72.33333206176758 = 60.0% done in 13636.4s, 9097.9s to go
on time step 173584 (time=43.396), 0.074615 s/step
Meep progress: 43.40025/72.33333206176758 = 60.0% done in 13640.5s, 9093.5s to go
on time step 173636 (time=43.409), 0.077639 s/step
Meep progress: 43.41325/72.33333206176758 = 60.0% done in 13644.5s, 9089.4s to go
on time step 173688 (time=43.422), 0.0784707 s/step
Meep progress: 43.4255/72.33333206176758 = 60.0% done in 13648.5s, 9085.6s to go
on time step 173734 (time=43.4335), 0.0875392 s/step
Meep progress: 43.43725/72.33333206176758 = 60.1% done in 13652.5s, 9082.2s to go
on time step 173785 (time=43.4462), 0.0788896 s/step
Meep progress: 43.450250000000004/72.33333206176758 = 60.1% done in 13656.5s, 9078.0s to go
on time step 173836 (time=43.459), 0.0788475 s/step
Meep progress: 43.463/72.33333206176758 = 60.1% done in 13660.6s, 9074.1s to go
on time step 173887 (time=43.4718), 0.0791988 s/step
Meep progress: 43.47575/72.33333206176758 = 60.1% done in 13664.7s, 9070.1s to go
on time step 173939 (time=43.4847), 0.0783202 s/step
Meep progress: 43.48875/72.33333206176758 = 60.1% done in 13668.7s, 9065.9s to go
on time step 173992 (time=43.498), 0.0765857 s/step
Meep progress: 43.50175/72.33333206176758 = 60.1% done in 13672.7s, 9061.8s to go
on time step 174044 (time=43.511), 0.0777095 s/step
Meep progress: 43.51475/72.33333206176758 = 60.2% done in 13676.7s, 9057.7s to go
on time step 174096 (time=43.524), 0.0770444 s/step
Meep progress: 43.528/72.33333206176758 = 60.2% done in 13680.8s, 9053.5s to go
on time step 174150 (time=43.5375), 0.0753482 s/step
Meep progress: 43.5415/72.33333206176758 = 60.2% done in 13684.8s, 9049.1s to go
on time step 174204 (time=43.551), 0.0755177 s/step
Meep progress: 43.55475/72.33333206176758 = 60.2% done in 13688.9s, 9044.9s to go
on time step 174257 (time=43.5643), 0.076074 s/step
Meep progress: 43.568/72.33333206176758 = 60.2% done in 13692.9s, 9040.6s to go
on time step 174310 (time=43.5775), 0.0757289 s/step
Meep progress: 43.5815/72.33333206176758 = 60.3% done in 13697.0s, 9036.2s to go
on time step 174364 (time=43.591), 0.0752836 s/step
Meep progress: 43.59475/72.33333206176758 = 60.3% done in 13701.0s, 9032.0s to go
on time step 174417 (time=43.6043), 0.0764521 s/step
Meep progress: 43.608000000000004/72.33333206176758 = 60.3% done in 13705.0s, 9027.7s to go
on time step 174470 (time=43.6175), 0.0757584 s/step
Meep progress: 43.62125/72.33333206176758 = 60.3% done in 13709.0s, 9023.5s to go
on time step 174523 (time=43.6307), 0.0757813 s/step
Meep progress: 43.6345/72.33333206176758 = 60.3% done in 13713.0s, 9019.2s to go
on time step 174577 (time=43.6442), 0.0748545 s/step
Meep progress: 43.648/72.33333206176758 = 60.3% done in 13717.1s, 9014.8s to go
on time step 174630 (time=43.6575), 0.0760105 s/step
Meep progress: 43.66125/72.33333206176758 = 60.4% done in 13721.1s, 9010.6s to go
on time step 174683 (time=43.6707), 0.0760923 s/step
Meep progress: 43.67425/72.33333206176758 = 60.4% done in 13725.1s, 9006.4s to go
on time step 174736 (time=43.684), 0.0759878 s/step
Meep progress: 43.68775/72.33333206176758 = 60.4% done in 13729.2s, 9002.1s to go
on time step 174789 (time=43.6973), 0.0757406 s/step
Meep progress: 43.701/72.33333206176758 = 60.4% done in 13733.2s, 8997.8s to go
on time step 174842 (time=43.7105), 0.076129 s/step
Meep progress: 43.7145/72.33333206176758 = 60.4% done in 13737.3s, 8993.5s to go
on time step 174896 (time=43.724), 0.0750693 s/step
Meep progress: 43.728/72.33333206176758 = 60.5% done in 13741.4s, 8989.1s to go
on time step 174950 (time=43.7375), 0.0748372 s/step
Meep progress: 43.7415/72.33333206176758 = 60.5% done in 13745.4s, 8984.7s to go
on time step 175003 (time=43.7508), 0.0762021 s/step
Meep progress: 43.75475/72.33333206176758 = 60.5% done in 13749.4s, 8980.5s to go
on time step 175057 (time=43.7643), 0.0751607 s/step
Meep progress: 43.76825/72.33333206176758 = 60.5% done in 13753.5s, 8976.1s to go
on time step 175110 (time=43.7775), 0.075692 s/step
Meep progress: 43.78175/72.33333206176758 = 60.5% done in 13757.6s, 8971.8s to go
on time step 175164 (time=43.791), 0.0745007 s/step
Meep progress: 43.79525/72.33333206176758 = 60.5% done in 13761.6s, 8967.4s to go
on time step 175217 (time=43.8043), 0.0759434 s/step
Meep progress: 43.8085/72.33333206176758 = 60.6% done in 13765.6s, 8963.2s to go
on time step 175270 (time=43.8175), 0.0756312 s/step
Meep progress: 43.82175/72.33333206176758 = 60.6% done in 13769.7s, 8958.9s to go
on time step 175324 (time=43.831), 0.0753411 s/step
Meep progress: 43.83525/72.33333206176758 = 60.6% done in 13773.7s, 8954.5s to go
on time step 175378 (time=43.8445), 0.0753414 s/step
Meep progress: 43.8485/72.33333206176758 = 60.6% done in 13777.7s, 8950.3s to go
on time step 175430 (time=43.8575), 0.0773798 s/step
Meep progress: 43.86175/72.33333206176758 = 60.6% done in 13781.8s, 8946.1s to go
on time step 175483 (time=43.8708), 0.0755356 s/step
Meep progress: 43.875/72.33333206176758 = 60.7% done in 13785.8s, 8941.8s to go
on time step 175537 (time=43.8843), 0.0749812 s/step
Meep progress: 43.8885/72.33333206176758 = 60.7% done in 13789.9s, 8937.4s to go
on time step 175591 (time=43.8978), 0.0747954 s/step
Meep progress: 43.90175/72.33333206176758 = 60.7% done in 13793.9s, 8933.2s to go
on time step 175644 (time=43.911), 0.0760205 s/step
Meep progress: 43.91525/72.33333206176758 = 60.7% done in 13797.9s, 8928.8s to go
on time step 175698 (time=43.9245), 0.0751995 s/step
Meep progress: 43.9285/72.33333206176758 = 60.7% done in 13801.9s, 8924.5s to go
on time step 175751 (time=43.9378), 0.0767714 s/step
Meep progress: 43.94175/72.33333206176758 = 60.7% done in 13806.0s, 8920.3s to go
on time step 175804 (time=43.951), 0.0758848 s/step
Meep progress: 43.955/72.33333206176758 = 60.8% done in 13810.0s, 8916.1s to go
on time step 175858 (time=43.9645), 0.0751994 s/step
Meep progress: 43.9685/72.33333206176758 = 60.8% done in 13814.1s, 8911.7s to go
on time step 175912 (time=43.978), 0.0745156 s/step
Meep progress: 43.982/72.33333206176758 = 60.8% done in 13818.1s, 8907.3s to go
on time step 175966 (time=43.9915), 0.0747583 s/step
Meep progress: 43.99575/72.33333206176758 = 60.8% done in 13822.2s, 8902.9s to go
on time step 176019 (time=44.0048), 0.0761015 s/step
Meep progress: 44.009/72.33333206176758 = 60.8% done in 13826.2s, 8898.6s to go
on time step 176072 (time=44.018), 0.0762994 s/step
Meep progress: 44.02225/72.33333206176758 = 60.9% done in 13830.3s, 8894.4s to go
on time step 176125 (time=44.0312), 0.0754801 s/step
Meep progress: 44.03575/72.33333206176758 = 60.9% done in 13834.4s, 8890.0s to go
on time step 176179 (time=44.0448), 0.0745159 s/step
Meep progress: 44.049/72.33333206176758 = 60.9% done in 13838.4s, 8885.8s to go
on time step 176231 (time=44.0577), 0.0769637 s/step
Meep progress: 44.06225/72.33333206176758 = 60.9% done in 13842.4s, 8881.5s to go
on time step 176283 (time=44.0708), 0.0776265 s/step
Meep progress: 44.075250000000004/72.33333206176758 = 60.9% done in 13846.5s, 8877.4s to go
on time step 176336 (time=44.084), 0.0758244 s/step
Meep progress: 44.08875/72.33333206176758 = 61.0% done in 13850.6s, 8873.1s to go
on time step 176389 (time=44.0973), 0.0769688 s/step
Meep progress: 44.102000000000004/72.33333206176758 = 61.0% done in 13854.6s, 8868.9s to go
on time step 176441 (time=44.1103), 0.0772204 s/step
Meep progress: 44.115/72.33333206176758 = 61.0% done in 13858.6s, 8864.7s to go
on time step 176494 (time=44.1235), 0.0758253 s/step
Meep progress: 44.12825/72.33333206176758 = 61.0% done in 13862.6s, 8860.5s to go
on time step 176547 (time=44.1367), 0.0761134 s/step
Meep progress: 44.1415/72.33333206176758 = 61.0% done in 13866.7s, 8856.2s to go
on time step 176599 (time=44.1497), 0.0771169 s/step
Meep progress: 44.15475/72.33333206176758 = 61.0% done in 13870.8s, 8852.0s to go
on time step 176653 (time=44.1632), 0.075431 s/step
Meep progress: 44.168/72.33333206176758 = 61.1% done in 13874.8s, 8847.8s to go
on time step 176706 (time=44.1765), 0.0765195 s/step
Meep progress: 44.18125/72.33333206176758 = 61.1% done in 13878.9s, 8843.5s to go
on time step 176758 (time=44.1895), 0.077927 s/step
Meep progress: 44.194250000000004/72.33333206176758 = 61.1% done in 13882.9s, 8839.4s to go
on time step 176811 (time=44.2028), 0.0759544 s/step
Meep progress: 44.2075/72.33333206176758 = 61.1% done in 13886.9s, 8835.2s to go
on time step 176864 (time=44.216), 0.0758424 s/step
Meep progress: 44.22075/72.33333206176758 = 61.1% done in 13891.0s, 8830.9s to go
on time step 176917 (time=44.2293), 0.0758493 s/step
Meep progress: 44.23425/72.33333206176758 = 61.2% done in 13895.0s, 8826.6s to go
on time step 176970 (time=44.2425), 0.0760143 s/step
Meep progress: 44.24725/72.33333206176758 = 61.2% done in 13899.1s, 8822.5s to go
on time step 177023 (time=44.2557), 0.0766119 s/step
Meep progress: 44.26075/72.33333206176758 = 61.2% done in 13903.1s, 8818.1s to go
on time step 177076 (time=44.269), 0.0755728 s/step
Meep progress: 44.274/72.33333206176758 = 61.2% done in 13907.1s, 8813.9s to go
on time step 177130 (time=44.2825), 0.0750359 s/step
Meep progress: 44.2875/72.33333206176758 = 61.2% done in 13911.2s, 8809.5s to go
on time step 177183 (time=44.2957), 0.0757757 s/step
Meep progress: 44.30075/72.33333206176758 = 61.2% done in 13915.2s, 8805.3s to go
on time step 177237 (time=44.3092), 0.0752491 s/step
Meep progress: 44.31425/72.33333206176758 = 61.3% done in 13919.2s, 8800.9s to go
on time step 177291 (time=44.3227), 0.0752802 s/step
Meep progress: 44.3275/72.33333206176758 = 61.3% done in 13923.2s, 8796.6s to go
on time step 177345 (time=44.3362), 0.0750755 s/step
Meep progress: 44.34075/72.33333206176758 = 61.3% done in 13927.3s, 8792.4s to go
on time step 177398 (time=44.3495), 0.0767586 s/step
Meep progress: 44.354/72.33333206176758 = 61.3% done in 13931.3s, 8788.1s to go
on time step 177452 (time=44.363), 0.075374 s/step
Meep progress: 44.3675/72.33333206176758 = 61.3% done in 13935.4s, 8783.8s to go
on time step 177506 (time=44.3765), 0.0746526 s/step
Meep progress: 44.381/72.33333206176758 = 61.4% done in 13939.4s, 8779.4s to go
on time step 177560 (time=44.39), 0.0749355 s/step
Meep progress: 44.39425/72.33333206176758 = 61.4% done in 13943.4s, 8775.1s to go
on time step 177613 (time=44.4032), 0.075582 s/step
Meep progress: 44.40775/72.33333206176758 = 61.4% done in 13947.5s, 8770.8s to go
on time step 177665 (time=44.4162), 0.0769437 s/step
Meep progress: 44.421/72.33333206176758 = 61.4% done in 13951.5s, 8766.6s to go
on time step 177717 (time=44.4293), 0.0787036 s/step
Meep progress: 44.4335/72.33333206176758 = 61.4% done in 13955.6s, 8762.7s to go
on time step 177764 (time=44.441), 0.0851622 s/step
Meep progress: 44.445750000000004/72.33333206176758 = 61.4% done in 13959.6s, 8759.0s to go
on time step 177817 (time=44.4543), 0.0763432 s/step
Meep progress: 44.459/72.33333206176758 = 61.5% done in 13963.7s, 8754.8s to go
on time step 177871 (time=44.4678), 0.0754594 s/step
Meep progress: 44.472500000000004/72.33333206176758 = 61.5% done in 13967.7s, 8750.4s to go
on time step 177924 (time=44.481), 0.0755078 s/step
Meep progress: 44.486000000000004/72.33333206176758 = 61.5% done in 13971.8s, 8746.1s to go
on time step 177977 (time=44.4943), 0.0760838 s/step
Meep progress: 44.49925/72.33333206176758 = 61.5% done in 13975.9s, 8741.8s to go
on time step 178031 (time=44.5078), 0.0753981 s/step
Meep progress: 44.512750000000004/72.33333206176758 = 61.5% done in 13979.9s, 8737.5s to go
on time step 178085 (time=44.5213), 0.0753377 s/step
Meep progress: 44.52625/72.33333206176758 = 61.6% done in 13984.0s, 8733.2s to go
on time step 178138 (time=44.5345), 0.0755226 s/step
Meep progress: 44.539500000000004/72.33333206176758 = 61.6% done in 13988.0s, 8728.9s to go
on time step 178191 (time=44.5478), 0.0761479 s/step
Meep progress: 44.55275/72.33333206176758 = 61.6% done in 13992.0s, 8724.7s to go
on time step 178245 (time=44.5613), 0.0748972 s/step
Meep progress: 44.566250000000004/72.33333206176758 = 61.6% done in 13996.1s, 8720.3s to go
on time step 178299 (time=44.5748), 0.0751863 s/step
Meep progress: 44.579750000000004/72.33333206176758 = 61.6% done in 14000.1s, 8715.9s to go
on time step 178353 (time=44.5883), 0.0747114 s/step
Meep progress: 44.593/72.33333206176758 = 61.6% done in 14004.1s, 8711.7s to go
on time step 178406 (time=44.6015), 0.0767005 s/step
Meep progress: 44.60625/72.33333206176758 = 61.7% done in 14008.2s, 8707.5s to go
on time step 178458 (time=44.6145), 0.077824 s/step
Meep progress: 44.6195/72.33333206176758 = 61.7% done in 14012.3s, 8703.2s to go
on time step 178513 (time=44.6283), 0.0742117 s/step
Meep progress: 44.633/72.33333206176758 = 61.7% done in 14016.3s, 8698.9s to go
on time step 178565 (time=44.6412), 0.0769429 s/step
Meep progress: 44.646/72.33333206176758 = 61.7% done in 14020.3s, 8694.7s to go
on time step 178618 (time=44.6545), 0.0767041 s/step
Meep progress: 44.65925/72.33333206176758 = 61.7% done in 14024.4s, 8690.5s to go
on time step 178672 (time=44.668), 0.0750691 s/step
Meep progress: 44.67275/72.33333206176758 = 61.8% done in 14028.4s, 8686.1s to go
on time step 178726 (time=44.6815), 0.0742036 s/step
Meep progress: 44.68625/72.33333206176758 = 61.8% done in 14032.4s, 8681.8s to go
on time step 178779 (time=44.6947), 0.0757155 s/step
Meep progress: 44.69925/72.33333206176758 = 61.8% done in 14036.5s, 8677.7s to go
on time step 178832 (time=44.708), 0.0768025 s/step
Meep progress: 44.71275/72.33333206176758 = 61.8% done in 14040.5s, 8673.3s to go
on time step 178886 (time=44.7215), 0.0750404 s/step
Meep progress: 44.726/72.33333206176758 = 61.8% done in 14044.5s, 8669.0s to go
on time step 178939 (time=44.7347), 0.075968 s/step
Meep progress: 44.73925/72.33333206176758 = 61.9% done in 14048.6s, 8664.8s to go
on time step 178992 (time=44.748), 0.0760037 s/step
Meep progress: 44.75275/72.33333206176758 = 61.9% done in 14052.6s, 8660.5s to go
on time step 179046 (time=44.7615), 0.0754462 s/step
Meep progress: 44.766/72.33333206176758 = 61.9% done in 14056.7s, 8656.2s to go
on time step 179099 (time=44.7747), 0.075948 s/step
Meep progress: 44.7795/72.33333206176758 = 61.9% done in 14060.7s, 8651.9s to go
on time step 179153 (time=44.7882), 0.0752263 s/step
Meep progress: 44.79275/72.33333206176758 = 61.9% done in 14064.7s, 8647.6s to go
on time step 179207 (time=44.8017), 0.0752341 s/step
Meep progress: 44.80625/72.33333206176758 = 61.9% done in 14068.8s, 8643.3s to go
on time step 179260 (time=44.815), 0.0758728 s/step
Meep progress: 44.8195/72.33333206176758 = 62.0% done in 14072.8s, 8639.0s to go
on time step 179315 (time=44.8287), 0.0740741 s/step
Meep progress: 44.833/72.33333206176758 = 62.0% done in 14076.8s, 8634.7s to go
on time step 179368 (time=44.842), 0.0766575 s/step
Meep progress: 44.84625/72.33333206176758 = 62.0% done in 14080.9s, 8630.5s to go
on time step 179420 (time=44.855), 0.0780158 s/step
Meep progress: 44.859/72.33333206176758 = 62.0% done in 14084.9s, 8626.5s to go
on time step 179473 (time=44.8683), 0.0764108 s/step
Meep progress: 44.8725/72.33333206176758 = 62.0% done in 14089.0s, 8622.1s to go
on time step 179526 (time=44.8815), 0.0760625 s/step
Meep progress: 44.8855/72.33333206176758 = 62.1% done in 14093.0s, 8618.0s to go
on time step 179577 (time=44.8942), 0.0787733 s/step
Meep progress: 44.8985/72.33333206176758 = 62.1% done in 14097.0s, 8613.9s to go
on time step 179631 (time=44.9078), 0.0752987 s/step
Meep progress: 44.912/72.33333206176758 = 62.1% done in 14101.1s, 8609.5s to go
on time step 179684 (time=44.921), 0.0760063 s/step
Meep progress: 44.9255/72.33333206176758 = 62.1% done in 14105.2s, 8605.2s to go
on time step 179738 (time=44.9345), 0.0751699 s/step
Meep progress: 44.93875/72.33333206176758 = 62.1% done in 14109.2s, 8601.0s to go
on time step 179791 (time=44.9477), 0.0761212 s/step
Meep progress: 44.95225/72.33333206176758 = 62.1% done in 14113.3s, 8596.6s to go
on time step 179845 (time=44.9612), 0.0751408 s/step
Meep progress: 44.96575/72.33333206176758 = 62.2% done in 14117.4s, 8592.3s to go
on time step 179899 (time=44.9748), 0.0748462 s/step
Meep progress: 44.97925/72.33333206176758 = 62.2% done in 14121.4s, 8587.9s to go
on time step 179952 (time=44.988), 0.0761404 s/step
Meep progress: 44.9925/72.33333206176758 = 62.2% done in 14125.4s, 8583.7s to go
on time step 180005 (time=45.0012), 0.076038 s/step
Meep progress: 45.00575/72.33333206176758 = 62.2% done in 14129.5s, 8579.5s to go
on time step 180058 (time=45.0145), 0.0757091 s/step
Meep progress: 45.01925/72.33333206176758 = 62.2% done in 14133.5s, 8575.1s to go
on time step 180112 (time=45.028), 0.0742224 s/step
Meep progress: 45.03275/72.33333206176758 = 62.3% done in 14137.6s, 8570.7s to go
on time step 180165 (time=45.0412), 0.0761192 s/step
Meep progress: 45.046/72.33333206176758 = 62.3% done in 14141.6s, 8566.5s to go
on time step 180218 (time=45.0545), 0.0763191 s/step
Meep progress: 45.059/72.33333206176758 = 62.3% done in 14145.6s, 8562.4s to go
on time step 180271 (time=45.0678), 0.0764557 s/step
Meep progress: 45.072250000000004/72.33333206176758 = 62.3% done in 14149.6s, 8558.1s to go
on time step 180323 (time=45.0808), 0.0778559 s/step
Meep progress: 45.085/72.33333206176758 = 62.3% done in 14153.6s, 8554.1s to go
on time step 180374 (time=45.0935), 0.0785439 s/step
Meep progress: 45.098/72.33333206176758 = 62.3% done in 14157.7s, 8550.0s to go
on time step 180428 (time=45.107), 0.0753336 s/step
Meep progress: 45.1115/72.33333206176758 = 62.4% done in 14161.7s, 8545.7s to go
on time step 180482 (time=45.1205), 0.0742388 s/step
Meep progress: 45.125/72.33333206176758 = 62.4% done in 14165.8s, 8541.3s to go
on time step 180535 (time=45.1337), 0.0768199 s/step
Meep progress: 45.138/72.33333206176758 = 62.4% done in 14169.8s, 8537.2s to go
on time step 180588 (time=45.147), 0.0764901 s/step
Meep progress: 45.15125/72.33333206176758 = 62.4% done in 14173.8s, 8533.0s to go
on time step 180641 (time=45.1602), 0.0759839 s/step
Meep progress: 45.16475/72.33333206176758 = 62.4% done in 14177.9s, 8528.6s to go
on time step 180695 (time=45.1737), 0.0748186 s/step
Meep progress: 45.17825/72.33333206176758 = 62.5% done in 14182.0s, 8524.3s to go
on time step 180748 (time=45.187), 0.0757838 s/step
Meep progress: 45.1915/72.33333206176758 = 62.5% done in 14186.0s, 8520.0s to go
on time step 180801 (time=45.2003), 0.0764238 s/step
Meep progress: 45.2045/72.33333206176758 = 62.5% done in 14190.0s, 8515.9s to go
on time step 180854 (time=45.2135), 0.0756658 s/step
Meep progress: 45.218/72.33333206176758 = 62.5% done in 14194.0s, 8511.6s to go
on time step 180907 (time=45.2268), 0.0755737 s/step
Meep progress: 45.23125/72.33333206176758 = 62.5% done in 14198.0s, 8507.3s to go
on time step 180960 (time=45.24), 0.0767175 s/step
Meep progress: 45.24425/72.33333206176758 = 62.5% done in 14202.1s, 8503.2s to go
on time step 181012 (time=45.253), 0.0770215 s/step
Meep progress: 45.2575/72.33333206176758 = 62.6% done in 14206.1s, 8499.0s to go
on time step 181066 (time=45.2665), 0.0749958 s/step
Meep progress: 45.271/72.33333206176758 = 62.6% done in 14210.1s, 8494.6s to go
on time step 181120 (time=45.28), 0.0747465 s/step
Meep progress: 45.28425/72.33333206176758 = 62.6% done in 14214.2s, 8490.4s to go
on time step 181173 (time=45.2933), 0.0768471 s/step
Meep progress: 45.2975/72.33333206176758 = 62.6% done in 14218.2s, 8486.1s to go
on time step 181227 (time=45.3068), 0.0750374 s/step
Meep progress: 45.311/72.33333206176758 = 62.6% done in 14222.3s, 8481.8s to go
on time step 181280 (time=45.32), 0.0757994 s/step
Meep progress: 45.32425/72.33333206176758 = 62.7% done in 14226.3s, 8477.6s to go
on time step 181333 (time=45.3332), 0.0766822 s/step
Meep progress: 45.3375/72.33333206176758 = 62.7% done in 14230.3s, 8473.3s to go
on time step 181387 (time=45.3468), 0.0753284 s/step
Meep progress: 45.351/72.33333206176758 = 62.7% done in 14234.4s, 8469.0s to go
on time step 181441 (time=45.3603), 0.0751538 s/step
Meep progress: 45.3645/72.33333206176758 = 62.7% done in 14238.5s, 8464.7s to go
on time step 181495 (time=45.3738), 0.0748512 s/step
Meep progress: 45.378/72.33333206176758 = 62.7% done in 14242.5s, 8460.3s to go
on time step 181548 (time=45.387), 0.076526 s/step
Meep progress: 45.391/72.33333206176758 = 62.8% done in 14246.6s, 8456.2s to go
on time step 181601 (time=45.4002), 0.0767434 s/step
Meep progress: 45.40425/72.33333206176758 = 62.8% done in 14250.6s, 8452.0s to go
on time step 181654 (time=45.4135), 0.0760532 s/step
Meep progress: 45.41775/72.33333206176758 = 62.8% done in 14254.7s, 8447.6s to go
on time step 181707 (time=45.4267), 0.0755498 s/step
Meep progress: 45.431000000000004/72.33333206176758 = 62.8% done in 14258.7s, 8443.4s to go
on time step 181759 (time=45.4398), 0.0774691 s/step
Meep progress: 45.444/72.33333206176758 = 62.8% done in 14262.7s, 8439.3s to go
on time step 181812 (time=45.453), 0.0758002 s/step
Meep progress: 45.45725/72.33333206176758 = 62.8% done in 14266.8s, 8435.1s to go
on time step 181865 (time=45.4663), 0.0758977 s/step
Meep progress: 45.4705/72.33333206176758 = 62.9% done in 14270.8s, 8430.8s to go
on time step 181917 (time=45.4793), 0.0770396 s/step
Meep progress: 45.4835/72.33333206176758 = 62.9% done in 14274.8s, 8426.7s to go
on time step 181970 (time=45.4925), 0.0768008 s/step
Meep progress: 45.49675/72.33333206176758 = 62.9% done in 14278.8s, 8422.5s to go
on time step 182024 (time=45.506), 0.0750706 s/step
Meep progress: 45.51025/72.33333206176758 = 62.9% done in 14282.9s, 8418.1s to go
on time step 182078 (time=45.5195), 0.0747037 s/step
Meep progress: 45.52375/72.33333206176758 = 62.9% done in 14286.9s, 8413.8s to go
on time step 182131 (time=45.5328), 0.0763491 s/step
Meep progress: 45.537/72.33333206176758 = 63.0% done in 14291.0s, 8409.5s to go
on time step 182184 (time=45.546), 0.0755086 s/step
Meep progress: 45.55025/72.33333206176758 = 63.0% done in 14295.0s, 8405.3s to go
on time step 182238 (time=45.5595), 0.0753065 s/step
Meep progress: 45.56375/72.33333206176758 = 63.0% done in 14299.0s, 8401.0s to go
on time step 182292 (time=45.573), 0.074569 s/step
Meep progress: 45.57725/72.33333206176758 = 63.0% done in 14303.1s, 8396.6s to go
on time step 182345 (time=45.5862), 0.0759875 s/step
Meep progress: 45.5905/72.33333206176758 = 63.0% done in 14307.1s, 8392.4s to go
on time step 182397 (time=45.5992), 0.0771273 s/step
Meep progress: 45.603500000000004/72.33333206176758 = 63.0% done in 14311.2s, 8388.3s to go
on time step 182449 (time=45.6123), 0.0779455 s/step
Meep progress: 45.6165/72.33333206176758 = 63.1% done in 14315.2s, 8384.2s to go
on time step 182501 (time=45.6253), 0.0777883 s/step
Meep progress: 45.6295/72.33333206176758 = 63.1% done in 14319.3s, 8380.1s to go
on time step 182553 (time=45.6382), 0.0770864 s/step
Meep progress: 45.64275/72.33333206176758 = 63.1% done in 14323.3s, 8375.9s to go
on time step 182606 (time=45.6515), 0.0762569 s/step
Meep progress: 45.656/72.33333206176758 = 63.1% done in 14327.3s, 8371.6s to go
on time step 182659 (time=45.6647), 0.0762734 s/step
Meep progress: 45.66925/72.33333206176758 = 63.1% done in 14331.4s, 8367.4s to go
on time step 182712 (time=45.678), 0.0765456 s/step
Meep progress: 45.68225/72.33333206176758 = 63.2% done in 14335.4s, 8363.3s to go
on time step 182765 (time=45.6913), 0.0760578 s/step
Meep progress: 45.695750000000004/72.33333206176758 = 63.2% done in 14339.5s, 8359.0s to go
on time step 182819 (time=45.7048), 0.0751102 s/step
Meep progress: 45.709250000000004/72.33333206176758 = 63.2% done in 14343.5s, 8354.6s to go
on time step 182872 (time=45.718), 0.0758034 s/step
Meep progress: 45.722500000000004/72.33333206176758 = 63.2% done in 14347.6s, 8350.4s to go
on time step 182925 (time=45.7313), 0.0763614 s/step
Meep progress: 45.73575/72.33333206176758 = 63.2% done in 14351.6s, 8346.2s to go
on time step 182979 (time=45.7448), 0.0752109 s/step
Meep progress: 45.74925/72.33333206176758 = 63.2% done in 14355.7s, 8341.8s to go
on time step 183033 (time=45.7583), 0.0754751 s/step
Meep progress: 45.7625/72.33333206176758 = 63.3% done in 14359.7s, 8337.6s to go
on time step 183087 (time=45.7718), 0.0751029 s/step
Meep progress: 45.77575/72.33333206176758 = 63.3% done in 14363.7s, 8333.3s to go
on time step 183140 (time=45.785), 0.0757929 s/step
Meep progress: 45.789/72.33333206176758 = 63.3% done in 14367.7s, 8329.1s to go
on time step 183193 (time=45.7983), 0.0759707 s/step
Meep progress: 45.80225/72.33333206176758 = 63.3% done in 14371.7s, 8324.8s to go
on time step 183246 (time=45.8115), 0.0758041 s/step
Meep progress: 45.8155/72.33333206176758 = 63.3% done in 14375.8s, 8320.6s to go
on time step 183298 (time=45.8245), 0.0769392 s/step
Meep progress: 45.8285/72.33333206176758 = 63.4% done in 14379.8s, 8316.5s to go
on time step 183351 (time=45.8377), 0.0765822 s/step
Meep progress: 45.84175/72.33333206176758 = 63.4% done in 14383.8s, 8312.3s to go
on time step 183403 (time=45.8507), 0.0771308 s/step
Meep progress: 45.855000000000004/72.33333206176758 = 63.4% done in 14387.8s, 8308.1s to go
on time step 183457 (time=45.8642), 0.075048 s/step
Meep progress: 45.868500000000004/72.33333206176758 = 63.4% done in 14391.9s, 8303.7s to go
on time step 183510 (time=45.8775), 0.0760208 s/step
Meep progress: 45.881750000000004/72.33333206176758 = 63.4% done in 14395.9s, 8299.5s to go
on time step 183564 (time=45.891), 0.0747609 s/step
Meep progress: 45.895250000000004/72.33333206176758 = 63.4% done in 14400.0s, 8295.1s to go
on time step 183618 (time=45.9045), 0.0750897 s/step
Meep progress: 45.90875/72.33333206176758 = 63.5% done in 14404.0s, 8290.8s to go
on time step 183672 (time=45.918), 0.0751848 s/step
Meep progress: 45.922000000000004/72.33333206176758 = 63.5% done in 14408.0s, 8286.6s to go
on time step 183725 (time=45.9312), 0.0765213 s/step
Meep progress: 45.93525/72.33333206176758 = 63.5% done in 14412.1s, 8282.3s to go
on time step 183779 (time=45.9447), 0.0754777 s/step
Meep progress: 45.948750000000004/72.33333206176758 = 63.5% done in 14416.1s, 8278.0s to go
on time step 183833 (time=45.9582), 0.0752894 s/step
Meep progress: 45.962250000000004/72.33333206176758 = 63.5% done in 14420.2s, 8273.7s to go
on time step 183887 (time=45.9718), 0.0749134 s/step
Meep progress: 45.975500000000004/72.33333206176758 = 63.6% done in 14424.2s, 8269.4s to go
on time step 183940 (time=45.985), 0.0769704 s/step
Meep progress: 45.98875/72.33333206176758 = 63.6% done in 14428.3s, 8265.2s to go
on time step 183993 (time=45.9982), 0.0768342 s/step
Meep progress: 46.00175/72.33333206176758 = 63.6% done in 14432.3s, 8261.1s to go
on time step 184046 (time=46.0115), 0.075691 s/step
Meep progress: 46.015/72.33333206176758 = 63.6% done in 14436.3s, 8256.9s to go
on time step 184099 (time=46.0248), 0.0762532 s/step
Meep progress: 46.02825/72.33333206176758 = 63.6% done in 14440.3s, 8252.6s to go
on time step 184152 (time=46.038), 0.0757483 s/step
Meep progress: 46.0415/72.33333206176758 = 63.7% done in 14444.3s, 8248.4s to go
on time step 184205 (time=46.0513), 0.0767288 s/step
Meep progress: 46.054500000000004/72.33333206176758 = 63.7% done in 14448.3s, 8244.3s to go
on time step 184258 (time=46.0645), 0.0766836 s/step
Meep progress: 46.067750000000004/72.33333206176758 = 63.7% done in 14452.4s, 8240.0s to go
on time step 184311 (time=46.0778), 0.0757148 s/step
Meep progress: 46.081/72.33333206176758 = 63.7% done in 14456.4s, 8235.8s to go
on time step 184365 (time=46.0913), 0.0750898 s/step
Meep progress: 46.094500000000004/72.33333206176758 = 63.7% done in 14460.5s, 8231.5s to go
on time step 184418 (time=46.1045), 0.0756017 s/step
Meep progress: 46.108000000000004/72.33333206176758 = 63.7% done in 14464.5s, 8227.1s to go
on time step 184472 (time=46.118), 0.0749968 s/step
Meep progress: 46.12125/72.33333206176758 = 63.8% done in 14468.5s, 8222.9s to go
on time step 184524 (time=46.131), 0.0774413 s/step
Meep progress: 46.13425/72.33333206176758 = 63.8% done in 14472.6s, 8218.8s to go
on time step 184577 (time=46.1442), 0.0760691 s/step
Meep progress: 46.1475/72.33333206176758 = 63.8% done in 14476.6s, 8214.6s to go
on time step 184630 (time=46.1575), 0.0763171 s/step
Meep progress: 46.16075/72.33333206176758 = 63.8% done in 14480.6s, 8210.3s to go
on time step 184683 (time=46.1707), 0.0757141 s/step
Meep progress: 46.174/72.33333206176758 = 63.8% done in 14484.7s, 8206.1s to go
on time step 184735 (time=46.1838), 0.0772127 s/step
Meep progress: 46.187/72.33333206176758 = 63.9% done in 14488.7s, 8202.0s to go
on time step 184788 (time=46.197), 0.0767573 s/step
Meep progress: 46.200250000000004/72.33333206176758 = 63.9% done in 14492.7s, 8197.8s to go
on time step 184841 (time=46.2103), 0.0755127 s/step
Meep progress: 46.21375/72.33333206176758 = 63.9% done in 14496.8s, 8193.5s to go
on time step 184894 (time=46.2235), 0.076287 s/step
Meep progress: 46.227000000000004/72.33333206176758 = 63.9% done in 14500.8s, 8189.2s to go
on time step 184947 (time=46.2368), 0.0760183 s/step
Meep progress: 46.24025/72.33333206176758 = 63.9% done in 14504.9s, 8185.0s to go
on time step 184999 (time=46.2497), 0.0775737 s/step
Meep progress: 46.25325/72.33333206176758 = 63.9% done in 14508.9s, 8180.9s to go
on time step 185052 (time=46.263), 0.0765433 s/step
Meep progress: 46.26625/72.33333206176758 = 64.0% done in 14512.9s, 8176.8s to go
on time step 185104 (time=46.276), 0.0774333 s/step
Meep progress: 46.27925/72.33333206176758 = 64.0% done in 14517.0s, 8172.7s to go
on time step 185154 (time=46.2885), 0.080331 s/step
Meep progress: 46.292/72.33333206176758 = 64.0% done in 14521.0s, 8168.7s to go
on time step 185207 (time=46.3017), 0.0755292 s/step
Meep progress: 46.30525/72.33333206176758 = 64.0% done in 14525.1s, 8164.5s to go
on time step 185259 (time=46.3148), 0.0774815 s/step
Meep progress: 46.31825/72.33333206176758 = 64.0% done in 14529.1s, 8160.4s to go
on time step 185311 (time=46.3278), 0.0770948 s/step
Meep progress: 46.331250000000004/72.33333206176758 = 64.1% done in 14533.1s, 8156.3s to go
on time step 185363 (time=46.3407), 0.0778843 s/step
Meep progress: 46.34425/72.33333206176758 = 64.1% done in 14537.1s, 8152.2s to go
on time step 185417 (time=46.3543), 0.0749909 s/step
Meep progress: 46.35775/72.33333206176758 = 64.1% done in 14541.2s, 8147.8s to go
on time step 185469 (time=46.3672), 0.0779764 s/step
Meep progress: 46.37075/72.33333206176758 = 64.1% done in 14545.3s, 8143.8s to go
on time step 185521 (time=46.3803), 0.0777384 s/step
Meep progress: 46.38375/72.33333206176758 = 64.1% done in 14549.3s, 8139.7s to go
on time step 185573 (time=46.3933), 0.0777135 s/step
Meep progress: 46.396750000000004/72.33333206176758 = 64.1% done in 14553.3s, 8135.6s to go
on time step 185626 (time=46.4065), 0.0760175 s/step
Meep progress: 46.410000000000004/72.33333206176758 = 64.2% done in 14557.4s, 8131.3s to go
on time step 185678 (time=46.4195), 0.0774631 s/step
Meep progress: 46.423/72.33333206176758 = 64.2% done in 14561.4s, 8127.2s to go
on time step 185730 (time=46.4325), 0.0782638 s/step
Meep progress: 46.43575/72.33333206176758 = 64.2% done in 14565.4s, 8123.2s to go
on time step 185782 (time=46.4455), 0.0772674 s/step
Meep progress: 46.449/72.33333206176758 = 64.2% done in 14569.5s, 8119.0s to go
on time step 185834 (time=46.4585), 0.0772209 s/step
Meep progress: 46.462/72.33333206176758 = 64.2% done in 14573.5s, 8114.9s to go
on time step 185886 (time=46.4715), 0.0780647 s/step
Meep progress: 46.475/72.33333206176758 = 64.3% done in 14577.6s, 8110.8s to go
on time step 185939 (time=46.4847), 0.0765161 s/step
Meep progress: 46.48825/72.33333206176758 = 64.3% done in 14581.6s, 8106.6s to go
on time step 185993 (time=46.4982), 0.0750591 s/step
Meep progress: 46.50175/72.33333206176758 = 64.3% done in 14585.7s, 8102.3s to go
on time step 186045 (time=46.5113), 0.0771439 s/step
Meep progress: 46.5145/72.33333206176758 = 64.3% done in 14589.7s, 8098.3s to go
on time step 186095 (time=46.5237), 0.0801313 s/step
Meep progress: 46.5275/72.33333206176758 = 64.3% done in 14593.7s, 8094.2s to go
on time step 186149 (time=46.5373), 0.0750677 s/step
Meep progress: 46.541000000000004/72.33333206176758 = 64.3% done in 14597.8s, 8089.9s to go
on time step 186203 (time=46.5508), 0.0748016 s/step
Meep progress: 46.554500000000004/72.33333206176758 = 64.4% done in 14601.8s, 8085.5s to go
on time step 186256 (time=46.564), 0.0762401 s/step
Meep progress: 46.567750000000004/72.33333206176758 = 64.4% done in 14605.9s, 8081.3s to go
on time step 186309 (time=46.5772), 0.0768343 s/step
Meep progress: 46.581/72.33333206176758 = 64.4% done in 14610.0s, 8077.1s to go
on time step 186363 (time=46.5907), 0.0746368 s/step
Meep progress: 46.59475/72.33333206176758 = 64.4% done in 14614.0s, 8072.7s to go
on time step 186417 (time=46.6043), 0.0745243 s/step
Meep progress: 46.60825/72.33333206176758 = 64.4% done in 14618.1s, 8068.3s to go
on time step 186470 (time=46.6175), 0.0768495 s/step
Meep progress: 46.62125/72.33333206176758 = 64.5% done in 14622.1s, 8064.2s to go
on time step 186523 (time=46.6307), 0.0768389 s/step
Meep progress: 46.63425/72.33333206176758 = 64.5% done in 14626.1s, 8060.1s to go
on time step 186576 (time=46.644), 0.0764166 s/step
Meep progress: 46.64775/72.33333206176758 = 64.5% done in 14630.2s, 8055.8s to go
on time step 186630 (time=46.6575), 0.0753631 s/step
Meep progress: 46.661/72.33333206176758 = 64.5% done in 14634.2s, 8051.6s to go
on time step 186683 (time=46.6707), 0.0756577 s/step
Meep progress: 46.6745/72.33333206176758 = 64.5% done in 14638.3s, 8047.2s to go
on time step 186737 (time=46.6842), 0.0750761 s/step
Meep progress: 46.688/72.33333206176758 = 64.5% done in 14642.4s, 8042.9s to go
on time step 186790 (time=46.6975), 0.0760398 s/step
Meep progress: 46.70125/72.33333206176758 = 64.6% done in 14646.4s, 8038.7s to go
on time step 186843 (time=46.7108), 0.0767317 s/step
Meep progress: 46.7145/72.33333206176758 = 64.6% done in 14650.4s, 8034.5s to go
on time step 186897 (time=46.7242), 0.07507 s/step
Meep progress: 46.72775/72.33333206176758 = 64.6% done in 14654.4s, 8030.2s to go
on time step 186950 (time=46.7375), 0.0757736 s/step
Meep progress: 46.74125/72.33333206176758 = 64.6% done in 14658.5s, 8025.9s to go
on time step 187004 (time=46.751), 0.0746363 s/step
Meep progress: 46.75475/72.33333206176758 = 64.6% done in 14662.5s, 8021.6s to go
on time step 187058 (time=46.7645), 0.0754022 s/step
Meep progress: 46.768/72.33333206176758 = 64.7% done in 14666.6s, 8017.3s to go
on time step 187110 (time=46.7775), 0.0780868 s/step
Meep progress: 46.78075/72.33333206176758 = 64.7% done in 14670.6s, 8013.4s to go
on time step 187163 (time=46.7908), 0.0757042 s/step
Meep progress: 46.79425/72.33333206176758 = 64.7% done in 14674.6s, 8009.0s to go
on time step 187217 (time=46.8043), 0.0748249 s/step
Meep progress: 46.80775/72.33333206176758 = 64.7% done in 14678.6s, 8004.7s to go
on time step 187271 (time=46.8178), 0.0755867 s/step
Meep progress: 46.821/72.33333206176758 = 64.7% done in 14682.7s, 8000.5s to go
on time step 187323 (time=46.8308), 0.0774701 s/step
Meep progress: 46.834250000000004/72.33333206176758 = 64.7% done in 14686.8s, 7996.3s to go
on time step 187377 (time=46.8443), 0.0752073 s/step
Meep progress: 46.84775/72.33333206176758 = 64.8% done in 14690.8s, 7991.9s to go
on time step 187430 (time=46.8575), 0.0767099 s/step
Meep progress: 46.86075/72.33333206176758 = 64.8% done in 14694.8s, 7987.8s to go
on time step 187483 (time=46.8708), 0.0754882 s/step
Meep progress: 46.87425/72.33333206176758 = 64.8% done in 14698.9s, 7983.5s to go
on time step 187537 (time=46.8843), 0.0754267 s/step
Meep progress: 46.887750000000004/72.33333206176758 = 64.8% done in 14702.9s, 7979.2s to go
on time step 187591 (time=46.8978), 0.0747837 s/step
Meep progress: 46.901/72.33333206176758 = 64.8% done in 14706.9s, 7974.9s to go
on time step 187644 (time=46.911), 0.0758048 s/step
Meep progress: 46.91425/72.33333206176758 = 64.9% done in 14711.0s, 7970.7s to go
on time step 187698 (time=46.9245), 0.0753572 s/step
Meep progress: 46.92775/72.33333206176758 = 64.9% done in 14715.0s, 7966.4s to go
on time step 187752 (time=46.938), 0.0750113 s/step
Meep progress: 46.941250000000004/72.33333206176758 = 64.9% done in 14719.1s, 7962.0s to go
on time step 187806 (time=46.9515), 0.0750963 s/step
Meep progress: 46.954750000000004/72.33333206176758 = 64.9% done in 14723.1s, 7957.7s to go
on time step 187859 (time=46.9648), 0.0758052 s/step
Meep progress: 46.96775/72.33333206176758 = 64.9% done in 14727.1s, 7953.6s to go
on time step 187911 (time=46.9778), 0.0774383 s/step
Meep progress: 46.981/72.33333206176758 = 65.0% done in 14731.2s, 7949.4s to go
on time step 187965 (time=46.9913), 0.0746969 s/step
Meep progress: 46.9945/72.33333206176758 = 65.0% done in 14735.2s, 7945.0s to go
on time step 188019 (time=47.0048), 0.0754004 s/step
Meep progress: 47.00775/72.33333206176758 = 65.0% done in 14739.2s, 7940.8s to go
on time step 188073 (time=47.0183), 0.0749471 s/step
Meep progress: 47.02125/72.33333206176758 = 65.0% done in 14743.3s, 7936.5s to go
on time step 188125 (time=47.0312), 0.0781228 s/step
Meep progress: 47.034/72.33333206176758 = 65.0% done in 14747.3s, 7932.5s to go
on time step 188177 (time=47.0442), 0.0778996 s/step
Meep progress: 47.047000000000004/72.33333206176758 = 65.0% done in 14751.3s, 7928.4s to go
on time step 188229 (time=47.0573), 0.0771308 s/step
Meep progress: 47.06025/72.33333206176758 = 65.1% done in 14755.4s, 7924.2s to go
on time step 188282 (time=47.0705), 0.076564 s/step
Meep progress: 47.0735/72.33333206176758 = 65.1% done in 14759.4s, 7920.0s to go
on time step 188336 (time=47.084), 0.075252 s/step
Meep progress: 47.08675/72.33333206176758 = 65.1% done in 14763.4s, 7915.7s to go
on time step 188389 (time=47.0973), 0.0761886 s/step
Meep progress: 47.1/72.33333206176758 = 65.1% done in 14767.5s, 7911.5s to go
on time step 188441 (time=47.1103), 0.0779187 s/step
Meep progress: 47.113/72.33333206176758 = 65.1% done in 14771.5s, 7907.4s to go
on time step 188494 (time=47.1235), 0.075604 s/step
Meep progress: 47.12625/72.33333206176758 = 65.2% done in 14775.6s, 7903.2s to go
on time step 188547 (time=47.1367), 0.0760845 s/step
Meep progress: 47.1395/72.33333206176758 = 65.2% done in 14779.6s, 7899.0s to go
on time step 188601 (time=47.1502), 0.0754265 s/step
Meep progress: 47.153/72.33333206176758 = 65.2% done in 14783.6s, 7894.7s to go
on time step 188654 (time=47.1635), 0.0760775 s/step
Meep progress: 47.16625/72.33333206176758 = 65.2% done in 14787.7s, 7890.4s to go
on time step 188708 (time=47.177), 0.0749404 s/step
Meep progress: 47.17975/72.33333206176758 = 65.2% done in 14791.7s, 7886.1s to go
on time step 188762 (time=47.1905), 0.0743519 s/step
Meep progress: 47.19325/72.33333206176758 = 65.2% done in 14795.7s, 7881.8s to go
on time step 188815 (time=47.2037), 0.0768437 s/step
Meep progress: 47.206250000000004/72.33333206176758 = 65.3% done in 14799.7s, 7877.6s to go
on time step 188868 (time=47.217), 0.0761695 s/step
Meep progress: 47.219500000000004/72.33333206176758 = 65.3% done in 14803.8s, 7873.4s to go
on time step 188921 (time=47.2302), 0.0759257 s/step
Meep progress: 47.233000000000004/72.33333206176758 = 65.3% done in 14807.9s, 7869.1s to go
on time step 188975 (time=47.2437), 0.0748759 s/step
Meep progress: 47.2465/72.33333206176758 = 65.3% done in 14811.9s, 7864.8s to go
on time step 189027 (time=47.2568), 0.0781724 s/step
Meep progress: 47.2595/72.33333206176758 = 65.3% done in 14816.0s, 7860.7s to go
on time step 189081 (time=47.2703), 0.0752609 s/step
Meep progress: 47.273/72.33333206176758 = 65.4% done in 14820.0s, 7856.4s to go
on time step 189135 (time=47.2837), 0.0751496 s/step
Meep progress: 47.28625/72.33333206176758 = 65.4% done in 14824.0s, 7852.2s to go
on time step 189188 (time=47.297), 0.0755703 s/step
Meep progress: 47.29975/72.33333206176758 = 65.4% done in 14828.1s, 7847.8s to go
on time step 189241 (time=47.3103), 0.0759351 s/step
Meep progress: 47.313/72.33333206176758 = 65.4% done in 14832.1s, 7843.6s to go
on time step 189295 (time=47.3238), 0.0751633 s/step
Meep progress: 47.3265/72.33333206176758 = 65.4% done in 14836.2s, 7839.3s to go
on time step 189348 (time=47.337), 0.0756416 s/step
Meep progress: 47.34/72.33333206176758 = 65.4% done in 14840.3s, 7835.0s to go
on time step 189402 (time=47.3505), 0.0748915 s/step
Meep progress: 47.35325/72.33333206176758 = 65.5% done in 14844.3s, 7830.8s to go
on time step 189453 (time=47.3633), 0.0786329 s/step
Meep progress: 47.36625/72.33333206176758 = 65.5% done in 14848.3s, 7826.7s to go
on time step 189506 (time=47.3765), 0.0764501 s/step
Meep progress: 47.3795/72.33333206176758 = 65.5% done in 14852.4s, 7822.5s to go
on time step 189560 (time=47.39), 0.0751453 s/step
Meep progress: 47.393/72.33333206176758 = 65.5% done in 14856.5s, 7818.1s to go
on time step 189612 (time=47.403), 0.0770347 s/step
Meep progress: 47.406/72.33333206176758 = 65.5% done in 14860.5s, 7814.0s to go
on time step 189663 (time=47.4158), 0.0795014 s/step
Meep progress: 47.41875/72.33333206176758 = 65.6% done in 14864.6s, 7810.1s to go
on time step 189716 (time=47.429), 0.0763144 s/step
Meep progress: 47.43225/72.33333206176758 = 65.6% done in 14868.6s, 7805.7s to go
on time step 189769 (time=47.4423), 0.0758157 s/step
Meep progress: 47.44525/72.33333206176758 = 65.6% done in 14872.6s, 7801.6s to go
on time step 189822 (time=47.4555), 0.0762479 s/step
Meep progress: 47.4585/72.33333206176758 = 65.6% done in 14876.6s, 7797.4s to go
on time step 189876 (time=47.469), 0.0748479 s/step
Meep progress: 47.472/72.33333206176758 = 65.6% done in 14880.7s, 7793.1s to go
on time step 189930 (time=47.4825), 0.0750552 s/step
Meep progress: 47.4855/72.33333206176758 = 65.6% done in 14884.7s, 7788.8s to go
on time step 189983 (time=47.4958), 0.0756901 s/step
Meep progress: 47.49875/72.33333206176758 = 65.7% done in 14888.7s, 7784.5s to go
on time step 190037 (time=47.5093), 0.0752748 s/step
Meep progress: 47.512/72.33333206176758 = 65.7% done in 14892.7s, 7780.3s to go
on time step 190090 (time=47.5225), 0.0755634 s/step
Meep progress: 47.5255/72.33333206176758 = 65.7% done in 14896.8s, 7776.0s to go
on time step 190144 (time=47.536), 0.0749262 s/step
Meep progress: 47.539/72.33333206176758 = 65.7% done in 14900.9s, 7771.7s to go
on time step 190197 (time=47.5493), 0.0758403 s/step
Meep progress: 47.55225/72.33333206176758 = 65.7% done in 14904.9s, 7767.4s to go
on time step 190250 (time=47.5625), 0.0757953 s/step
Meep progress: 47.56575/72.33333206176758 = 65.8% done in 14909.0s, 7763.1s to go
on time step 190303 (time=47.5757), 0.0765783 s/step
Meep progress: 47.579/72.33333206176758 = 65.8% done in 14913.0s, 7758.9s to go
on time step 190357 (time=47.5892), 0.0750756 s/step
Meep progress: 47.5925/72.33333206176758 = 65.8% done in 14917.1s, 7754.6s to go
on time step 190410 (time=47.6025), 0.0763339 s/step
Meep progress: 47.6055/72.33333206176758 = 65.8% done in 14921.1s, 7750.5s to go
on time step 190463 (time=47.6157), 0.0757453 s/step
Meep progress: 47.61875/72.33333206176758 = 65.8% done in 14925.1s, 7746.3s to go
on time step 190517 (time=47.6292), 0.0746641 s/step
Meep progress: 47.63225/72.33333206176758 = 65.9% done in 14929.1s, 7741.9s to go
on time step 190569 (time=47.6423), 0.0769498 s/step
Meep progress: 47.645250000000004/72.33333206176758 = 65.9% done in 14933.1s, 7737.8s to go
on time step 190622 (time=47.6555), 0.0764596 s/step
Meep progress: 47.658500000000004/72.33333206176758 = 65.9% done in 14937.2s, 7733.6s to go
on time step 190676 (time=47.669), 0.0752845 s/step
Meep progress: 47.672000000000004/72.33333206176758 = 65.9% done in 14941.2s, 7729.3s to go
on time step 190730 (time=47.6825), 0.0748612 s/step
Meep progress: 47.6855/72.33333206176758 = 65.9% done in 14945.2s, 7724.9s to go
on time step 190784 (time=47.696), 0.0751689 s/step
Meep progress: 47.698750000000004/72.33333206176758 = 65.9% done in 14949.3s, 7720.7s to go
on time step 190838 (time=47.7095), 0.0753799 s/step
Meep progress: 47.712250000000004/72.33333206176758 = 66.0% done in 14953.3s, 7716.4s to go
on time step 190892 (time=47.723), 0.0752617 s/step
Meep progress: 47.72575/72.33333206176758 = 66.0% done in 14957.4s, 7712.1s to go
on time step 190945 (time=47.7362), 0.0759703 s/step
Meep progress: 47.739000000000004/72.33333206176758 = 66.0% done in 14961.4s, 7707.9s to go
on time step 190998 (time=47.7495), 0.0761259 s/step
Meep progress: 47.752/72.33333206176758 = 66.0% done in 14965.5s, 7703.8s to go
on time step 191047 (time=47.7617), 0.0828137 s/step
Meep progress: 47.764250000000004/72.33333206176758 = 66.0% done in 14969.5s, 7700.0s to go
on time step 191098 (time=47.7745), 0.0787715 s/step
Meep progress: 47.77725/72.33333206176758 = 66.1% done in 14973.5s, 7695.9s to go
on time step 191152 (time=47.788), 0.0753189 s/step
Meep progress: 47.7905/72.33333206176758 = 66.1% done in 14977.5s, 7691.7s to go
on time step 191205 (time=47.8013), 0.075765 s/step
Meep progress: 47.80375/72.33333206176758 = 66.1% done in 14981.6s, 7687.5s to go
on time step 191257 (time=47.8143), 0.0770415 s/step
Meep progress: 47.817/72.33333206176758 = 66.1% done in 14985.6s, 7683.3s to go
on time step 191310 (time=47.8275), 0.0757618 s/step
Meep progress: 47.83025/72.33333206176758 = 66.1% done in 14989.6s, 7679.1s to go
on time step 191364 (time=47.841), 0.0751666 s/step
Meep progress: 47.84375/72.33333206176758 = 66.1% done in 14993.7s, 7674.8s to go
on time step 191417 (time=47.8543), 0.0755054 s/step
Meep progress: 47.857/72.33333206176758 = 66.2% done in 14997.7s, 7670.5s to go
on time step 191471 (time=47.8678), 0.0754335 s/step
Meep progress: 47.87025/72.33333206176758 = 66.2% done in 15001.7s, 7666.3s to go
on time step 191524 (time=47.881), 0.0756098 s/step
Meep progress: 47.88375/72.33333206176758 = 66.2% done in 15005.8s, 7662.0s to go
on time step 191577 (time=47.8942), 0.0755764 s/step
Meep progress: 47.897/72.33333206176758 = 66.2% done in 15009.8s, 7657.8s to go
on time step 191630 (time=47.9075), 0.0760073 s/step
Meep progress: 47.9105/72.33333206176758 = 66.2% done in 15013.9s, 7653.5s to go
on time step 191684 (time=47.921), 0.0754172 s/step
Meep progress: 47.924/72.33333206176758 = 66.3% done in 15017.9s, 7649.2s to go
on time step 191738 (time=47.9345), 0.0747178 s/step
Meep progress: 47.9375/72.33333206176758 = 66.3% done in 15022.0s, 7644.8s to go
on time step 191791 (time=47.9477), 0.0756835 s/step
Meep progress: 47.95075/72.33333206176758 = 66.3% done in 15026.0s, 7640.6s to go
on time step 191844 (time=47.961), 0.0757743 s/step
Meep progress: 47.964/72.33333206176758 = 66.3% done in 15030.0s, 7636.4s to go
on time step 191898 (time=47.9745), 0.0749663 s/step
Meep progress: 47.9775/72.33333206176758 = 66.3% done in 15034.1s, 7632.1s to go
on time step 191952 (time=47.988), 0.075233 s/step
Meep progress: 47.99075/72.33333206176758 = 66.3% done in 15038.1s, 7627.8s to go
on time step 192006 (time=48.0015), 0.0752992 s/step
Meep progress: 48.00425/72.33333206176758 = 66.4% done in 15042.1s, 7623.5s to go
on time step 192059 (time=48.0147), 0.0760135 s/step
Meep progress: 48.017250000000004/72.33333206176758 = 66.4% done in 15046.1s, 7619.4s to go
on time step 192111 (time=48.0277), 0.0777623 s/step
Meep progress: 48.0305/72.33333206176758 = 66.4% done in 15050.2s, 7615.2s to go
on time step 192164 (time=48.041), 0.0763597 s/step
Meep progress: 48.04375/72.33333206176758 = 66.4% done in 15054.3s, 7611.0s to go
on time step 192217 (time=48.0543), 0.0759051 s/step
Meep progress: 48.057/72.33333206176758 = 66.4% done in 15058.3s, 7606.8s to go
on time step 192271 (time=48.0678), 0.0753318 s/step
Meep progress: 48.07025/72.33333206176758 = 66.5% done in 15062.3s, 7602.6s to go
on time step 192325 (time=48.0813), 0.0747713 s/step
Meep progress: 48.08375/72.33333206176758 = 66.5% done in 15066.3s, 7598.2s to go
on time step 192378 (time=48.0945), 0.0765568 s/step
Meep progress: 48.09675/72.33333206176758 = 66.5% done in 15070.3s, 7594.1s to go
on time step 192431 (time=48.1078), 0.0768243 s/step
Meep progress: 48.11/72.33333206176758 = 66.5% done in 15074.4s, 7589.9s to go
on time step 192484 (time=48.121), 0.0755121 s/step
Meep progress: 48.12325/72.33333206176758 = 66.5% done in 15078.4s, 7585.7s to go
on time step 192538 (time=48.1345), 0.0748546 s/step
Meep progress: 48.13675/72.33333206176758 = 66.5% done in 15082.4s, 7581.4s to go
on time step 192591 (time=48.1478), 0.0757732 s/step
Meep progress: 48.15/72.33333206176758 = 66.6% done in 15086.5s, 7577.2s to go
on time step 192644 (time=48.161), 0.0761094 s/step
Meep progress: 48.16325/72.33333206176758 = 66.6% done in 15090.5s, 7572.9s to go
on time step 192698 (time=48.1745), 0.0753579 s/step
Meep progress: 48.17675/72.33333206176758 = 66.6% done in 15094.5s, 7568.6s to go
on time step 192751 (time=48.1878), 0.0759185 s/step
Meep progress: 48.19/72.33333206176758 = 66.6% done in 15098.5s, 7564.4s to go
on time step 192804 (time=48.201), 0.0768328 s/step
Meep progress: 48.203250000000004/72.33333206176758 = 66.6% done in 15102.6s, 7560.2s to go
on time step 192857 (time=48.2142), 0.0762622 s/step
Meep progress: 48.2165/72.33333206176758 = 66.7% done in 15106.7s, 7556.0s to go
on time step 192911 (time=48.2278), 0.0752089 s/step
Meep progress: 48.230000000000004/72.33333206176758 = 66.7% done in 15110.7s, 7551.7s to go
on time step 192962 (time=48.2405), 0.0789304 s/step
Meep progress: 48.24275/72.33333206176758 = 66.7% done in 15114.8s, 7547.7s to go
on time step 193015 (time=48.2538), 0.0762782 s/step
Meep progress: 48.256/72.33333206176758 = 66.7% done in 15118.8s, 7543.5s to go
on time step 193069 (time=48.2673), 0.0748532 s/step
Meep progress: 48.2695/72.33333206176758 = 66.7% done in 15122.8s, 7539.2s to go
on time step 193123 (time=48.2807), 0.0753134 s/step
Meep progress: 48.28275/72.33333206176758 = 66.8% done in 15126.9s, 7535.0s to go
on time step 193176 (time=48.294), 0.076436 s/step
Meep progress: 48.296/72.33333206176758 = 66.8% done in 15130.9s, 7530.8s to go
on time step 193230 (time=48.3075), 0.0750617 s/step
Meep progress: 48.3095/72.33333206176758 = 66.8% done in 15134.9s, 7526.5s to go
on time step 193284 (time=48.321), 0.0752433 s/step
Meep progress: 48.323/72.33333206176758 = 66.8% done in 15139.0s, 7522.1s to go
on time step 193337 (time=48.3343), 0.0755947 s/step
Meep progress: 48.33625/72.33333206176758 = 66.8% done in 15143.0s, 7517.9s to go
on time step 193390 (time=48.3475), 0.0758934 s/step
Meep progress: 48.3495/72.33333206176758 = 66.8% done in 15147.0s, 7513.7s to go
on time step 193444 (time=48.361), 0.0753735 s/step
Meep progress: 48.36275/72.33333206176758 = 66.9% done in 15151.1s, 7509.5s to go
on time step 193497 (time=48.3743), 0.0762971 s/step
Meep progress: 48.376/72.33333206176758 = 66.9% done in 15155.1s, 7505.3s to go
on time step 193550 (time=48.3875), 0.0765353 s/step
Meep progress: 48.389/72.33333206176758 = 66.9% done in 15159.1s, 7501.2s to go
on time step 193602 (time=48.4005), 0.0778235 s/step
Meep progress: 48.402/72.33333206176758 = 66.9% done in 15163.1s, 7497.1s to go
on time step 193655 (time=48.4138), 0.0768608 s/step
Meep progress: 48.415/72.33333206176758 = 66.9% done in 15167.1s, 7493.0s to go
on time step 193709 (time=48.4273), 0.0747816 s/step
Meep progress: 48.4285/72.33333206176758 = 67.0% done in 15171.1s, 7488.6s to go
on time step 193761 (time=48.4402), 0.0772645 s/step
Meep progress: 48.4415/72.33333206176758 = 67.0% done in 15175.2s, 7484.5s to go
on time step 193815 (time=48.4537), 0.0752686 s/step
Meep progress: 48.455/72.33333206176758 = 67.0% done in 15179.2s, 7480.2s to go
on time step 193868 (time=48.467), 0.0757378 s/step
Meep progress: 48.46825/72.33333206176758 = 67.0% done in 15183.2s, 7476.0s to go
on time step 193921 (time=48.4802), 0.0755892 s/step
Meep progress: 48.481500000000004/72.33333206176758 = 67.0% done in 15187.3s, 7471.8s to go
on time step 193974 (time=48.4935), 0.0756596 s/step
Meep progress: 48.49475/72.33333206176758 = 67.0% done in 15191.3s, 7467.6s to go
on time step 194028 (time=48.507), 0.0751599 s/step
Meep progress: 48.508250000000004/72.33333206176758 = 67.1% done in 15195.3s, 7463.3s to go
on time step 194081 (time=48.5203), 0.0755542 s/step
Meep progress: 48.521750000000004/72.33333206176758 = 67.1% done in 15199.4s, 7459.0s to go
on time step 194135 (time=48.5337), 0.0749632 s/step
Meep progress: 48.53525/72.33333206176758 = 67.1% done in 15203.5s, 7454.7s to go
on time step 194188 (time=48.547), 0.0763952 s/step
Meep progress: 48.548500000000004/72.33333206176758 = 67.1% done in 15207.5s, 7450.4s to go
on time step 194240 (time=48.56), 0.0781854 s/step
Meep progress: 48.5615/72.33333206176758 = 67.1% done in 15211.6s, 7446.4s to go
on time step 194294 (time=48.5735), 0.0752654 s/step
Meep progress: 48.575/72.33333206176758 = 67.2% done in 15215.6s, 7442.1s to go
on time step 194348 (time=48.587), 0.0754501 s/step
Meep progress: 48.58825/72.33333206176758 = 67.2% done in 15219.7s, 7437.9s to go
on time step 194401 (time=48.6003), 0.0763719 s/step
Meep progress: 48.6015/72.33333206176758 = 67.2% done in 15223.7s, 7433.6s to go
on time step 194454 (time=48.6135), 0.0766714 s/step
Meep progress: 48.61475/72.33333206176758 = 67.2% done in 15227.8s, 7429.4s to go
on time step 194508 (time=48.627), 0.0751326 s/step
Meep progress: 48.62825/72.33333206176758 = 67.2% done in 15231.8s, 7425.1s to go
on time step 194561 (time=48.6403), 0.0766808 s/step
Meep progress: 48.6415/72.33333206176758 = 67.2% done in 15235.9s, 7420.9s to go
on time step 194614 (time=48.6535), 0.0757078 s/step
Meep progress: 48.65475/72.33333206176758 = 67.3% done in 15239.9s, 7416.7s to go
on time step 194668 (time=48.667), 0.0753547 s/step
Meep progress: 48.66825/72.33333206176758 = 67.3% done in 15244.0s, 7412.4s to go
on time step 194722 (time=48.6805), 0.0753589 s/step
Meep progress: 48.68175/72.33333206176758 = 67.3% done in 15248.0s, 7408.1s to go
on time step 194775 (time=48.6938), 0.0763161 s/step
Meep progress: 48.695/72.33333206176758 = 67.3% done in 15252.1s, 7403.9s to go
on time step 194829 (time=48.7073), 0.0751776 s/step
Meep progress: 48.7085/72.33333206176758 = 67.3% done in 15256.1s, 7399.6s to go
on time step 194883 (time=48.7208), 0.0750445 s/step
Meep progress: 48.722/72.33333206176758 = 67.4% done in 15260.2s, 7395.3s to go
on time step 194936 (time=48.734), 0.0760321 s/step
Meep progress: 48.73525/72.33333206176758 = 67.4% done in 15264.2s, 7391.1s to go
on time step 194989 (time=48.7473), 0.0759058 s/step
Meep progress: 48.7485/72.33333206176758 = 67.4% done in 15268.2s, 7386.9s to go
on time step 195042 (time=48.7605), 0.0762407 s/step
Meep progress: 48.76175/72.33333206176758 = 67.4% done in 15272.3s, 7382.7s to go
on time step 195096 (time=48.774), 0.0744353 s/step
Meep progress: 48.77525/72.33333206176758 = 67.4% done in 15276.3s, 7378.3s to go
on time step 195148 (time=48.787), 0.0771795 s/step
Meep progress: 48.78825/72.33333206176758 = 67.4% done in 15280.3s, 7374.2s to go
on time step 195202 (time=48.8005), 0.0749373 s/step
Meep progress: 48.80175/72.33333206176758 = 67.5% done in 15284.4s, 7369.9s to go
on time step 195256 (time=48.814), 0.0750177 s/step
Meep progress: 48.81525/72.33333206176758 = 67.5% done in 15288.4s, 7365.6s to go
on time step 195310 (time=48.8275), 0.0750561 s/step
Meep progress: 48.82875/72.33333206176758 = 67.5% done in 15292.5s, 7361.3s to go
on time step 195363 (time=48.8407), 0.0757749 s/step
Meep progress: 48.842/72.33333206176758 = 67.5% done in 15296.5s, 7357.1s to go
on time step 195416 (time=48.854), 0.0756876 s/step
Meep progress: 48.85525/72.33333206176758 = 67.5% done in 15300.5s, 7352.9s to go
on time step 195470 (time=48.8675), 0.0748585 s/step
Meep progress: 48.86875/72.33333206176758 = 67.6% done in 15304.6s, 7348.6s to go
on time step 195523 (time=48.8807), 0.0759237 s/step
Meep progress: 48.882/72.33333206176758 = 67.6% done in 15308.6s, 7344.3s to go
on time step 195576 (time=48.894), 0.0760438 s/step
Meep progress: 48.895250000000004/72.33333206176758 = 67.6% done in 15312.6s, 7340.1s to go
on time step 195629 (time=48.9072), 0.0756357 s/step
Meep progress: 48.90875/72.33333206176758 = 67.6% done in 15316.7s, 7335.8s to go
on time step 195683 (time=48.9207), 0.0750504 s/step
Meep progress: 48.92225/72.33333206176758 = 67.6% done in 15320.7s, 7331.5s to go
on time step 195737 (time=48.9342), 0.0750846 s/step
Meep progress: 48.9355/72.33333206176758 = 67.7% done in 15324.8s, 7327.3s to go
on time step 195790 (time=48.9475), 0.0767057 s/step
Meep progress: 48.948750000000004/72.33333206176758 = 67.7% done in 15328.8s, 7323.1s to go
on time step 195843 (time=48.9608), 0.0764726 s/step
Meep progress: 48.962/72.33333206176758 = 67.7% done in 15332.9s, 7318.9s to go
on time step 195896 (time=48.974), 0.0764188 s/step
Meep progress: 48.97525/72.33333206176758 = 67.7% done in 15336.9s, 7314.7s to go
on time step 195950 (time=48.9875), 0.0755604 s/step
Meep progress: 48.9885/72.33333206176758 = 67.7% done in 15340.9s, 7310.5s to go
on time step 196003 (time=49.0008), 0.0762629 s/step
Meep progress: 49.00175/72.33333206176758 = 67.7% done in 15344.9s, 7306.3s to go
on time step 196056 (time=49.014), 0.0760232 s/step
Meep progress: 49.015/72.33333206176758 = 67.8% done in 15349.0s, 7302.1s to go
on time step 196109 (time=49.0273), 0.0759569 s/step
Meep progress: 49.02825/72.33333206176758 = 67.8% done in 15353.0s, 7297.9s to go
on time step 196162 (time=49.0405), 0.0760552 s/step
Meep progress: 49.0415/72.33333206176758 = 67.8% done in 15357.0s, 7293.7s to go
on time step 196216 (time=49.054), 0.0749819 s/step
Meep progress: 49.055/72.33333206176758 = 67.8% done in 15361.1s, 7289.4s to go
on time step 196270 (time=49.0675), 0.0752355 s/step
Meep progress: 49.0685/72.33333206176758 = 67.8% done in 15365.1s, 7285.1s to go
on time step 196323 (time=49.0808), 0.0758809 s/step
Meep progress: 49.08175/72.33333206176758 = 67.9% done in 15369.2s, 7280.9s to go
on time step 196375 (time=49.0938), 0.0773314 s/step
Meep progress: 49.09475/72.33333206176758 = 67.9% done in 15373.2s, 7276.8s to go
on time step 196429 (time=49.1073), 0.0753358 s/step
Meep progress: 49.10825/72.33333206176758 = 67.9% done in 15377.3s, 7272.5s to go
on time step 196483 (time=49.1208), 0.0748633 s/step
Meep progress: 49.12175/72.33333206176758 = 67.9% done in 15381.3s, 7268.2s to go
on time step 196536 (time=49.134), 0.0762654 s/step
Meep progress: 49.135/72.33333206176758 = 67.9% done in 15385.3s, 7264.0s to go
on time step 196589 (time=49.1472), 0.0769368 s/step
Meep progress: 49.148/72.33333206176758 = 67.9% done in 15389.3s, 7259.9s to go
on time step 196641 (time=49.1602), 0.0771082 s/step
Meep progress: 49.161/72.33333206176758 = 68.0% done in 15393.3s, 7255.7s to go
on time step 196694 (time=49.1735), 0.0757746 s/step
Meep progress: 49.17425/72.33333206176758 = 68.0% done in 15397.4s, 7251.5s to go
on time step 196746 (time=49.1865), 0.0775343 s/step
Meep progress: 49.18725/72.33333206176758 = 68.0% done in 15401.4s, 7247.5s to go
on time step 196798 (time=49.1995), 0.0777191 s/step
Meep progress: 49.200250000000004/72.33333206176758 = 68.0% done in 15405.5s, 7243.4s to go
on time step 196850 (time=49.2125), 0.0779805 s/step
Meep progress: 49.21325/72.33333206176758 = 68.0% done in 15409.5s, 7239.3s to go
on time step 196903 (time=49.2257), 0.076863 s/step
Meep progress: 49.2265/72.33333206176758 = 68.1% done in 15413.6s, 7235.1s to go
on time step 196955 (time=49.2388), 0.0781364 s/step
Meep progress: 49.2395/72.33333206176758 = 68.1% done in 15417.7s, 7231.0s to go
on time step 197006 (time=49.2515), 0.0797818 s/step
Meep progress: 49.252250000000004/72.33333206176758 = 68.1% done in 15421.7s, 7227.1s to go
on time step 197059 (time=49.2647), 0.0766258 s/step
Meep progress: 49.2655/72.33333206176758 = 68.1% done in 15425.8s, 7222.9s to go
on time step 197112 (time=49.278), 0.0761525 s/step
Meep progress: 49.27875/72.33333206176758 = 68.1% done in 15429.8s, 7218.7s to go
on time step 197164 (time=49.291), 0.0778474 s/step
Meep progress: 49.29175/72.33333206176758 = 68.1% done in 15433.9s, 7214.6s to go
on time step 197217 (time=49.3043), 0.0758402 s/step
Meep progress: 49.305/72.33333206176758 = 68.2% done in 15437.9s, 7210.4s to go
on time step 197269 (time=49.3173), 0.0774238 s/step
Meep progress: 49.318/72.33333206176758 = 68.2% done in 15441.9s, 7206.3s to go
on time step 197320 (time=49.33), 0.078626 s/step
Meep progress: 49.33075/72.33333206176758 = 68.2% done in 15445.9s, 7202.3s to go
on time step 197372 (time=49.343), 0.0773314 s/step
Meep progress: 49.34375/72.33333206176758 = 68.2% done in 15450.0s, 7198.2s to go
on time step 197419 (time=49.3548), 0.08646 s/step
Meep progress: 49.3555/72.33333206176758 = 68.2% done in 15454.0s, 7194.7s to go
on time step 197470 (time=49.3675), 0.0795213 s/step
Meep progress: 49.36825/72.33333206176758 = 68.3% done in 15458.1s, 7190.8s to go
on time step 197520 (time=49.38), 0.0802997 s/step
Meep progress: 49.38075/72.33333206176758 = 68.3% done in 15462.1s, 7186.9s to go
on time step 197572 (time=49.393), 0.0780835 s/step
Meep progress: 49.393750000000004/72.33333206176758 = 68.3% done in 15466.2s, 7182.8s to go
on time step 197624 (time=49.406), 0.0770602 s/step
Meep progress: 49.40675/72.33333206176758 = 68.3% done in 15470.2s, 7178.7s to go
on time step 197676 (time=49.419), 0.0784653 s/step
Meep progress: 49.4195/72.33333206176758 = 68.3% done in 15474.2s, 7174.8s to go
on time step 197717 (time=49.4293), 0.0987012 s/step
Meep progress: 49.42975/72.33333206176758 = 68.3% done in 15478.2s, 7171.9s to go
on time step 197765 (time=49.4413), 0.0846838 s/step
Meep progress: 49.44175/72.33333206176758 = 68.4% done in 15482.3s, 7168.3s to go
on time step 197819 (time=49.4548), 0.0746343 s/step
Meep progress: 49.45525/72.33333206176758 = 68.4% done in 15486.3s, 7164.0s to go
on time step 197872 (time=49.468), 0.0762132 s/step
Meep progress: 49.4685/72.33333206176758 = 68.4% done in 15490.3s, 7159.8s to go
on time step 197926 (time=49.4815), 0.0750321 s/step
Meep progress: 49.482/72.33333206176758 = 68.4% done in 15494.4s, 7155.5s to go
on time step 197980 (time=49.495), 0.0752039 s/step
Meep progress: 49.4955/72.33333206176758 = 68.4% done in 15498.5s, 7151.2s to go
on time step 198034 (time=49.5085), 0.0750001 s/step
Meep progress: 49.509/72.33333206176758 = 68.4% done in 15502.5s, 7146.9s to go
on time step 198086 (time=49.5215), 0.0772384 s/step
Meep progress: 49.522/72.33333206176758 = 68.5% done in 15506.5s, 7142.8s to go
on time step 198138 (time=49.5345), 0.0776104 s/step
Meep progress: 49.535000000000004/72.33333206176758 = 68.5% done in 15510.6s, 7138.7s to go
on time step 198191 (time=49.5478), 0.076428 s/step
Meep progress: 49.54825/72.33333206176758 = 68.5% done in 15514.6s, 7134.5s to go
on time step 198244 (time=49.561), 0.0762708 s/step
Meep progress: 49.5615/72.33333206176758 = 68.5% done in 15518.7s, 7130.3s to go
on time step 198296 (time=49.574), 0.0774168 s/step
Meep progress: 49.5745/72.33333206176758 = 68.5% done in 15522.7s, 7126.2s to go
on time step 198348 (time=49.587), 0.0770984 s/step
Meep progress: 49.5875/72.33333206176758 = 68.6% done in 15526.7s, 7122.1s to go
on time step 198401 (time=49.6003), 0.0762071 s/step
Meep progress: 49.60075/72.33333206176758 = 68.6% done in 15530.7s, 7117.9s to go
on time step 198454 (time=49.6135), 0.0755578 s/step
Meep progress: 49.614000000000004/72.33333206176758 = 68.6% done in 15534.8s, 7113.7s to go
on time step 198507 (time=49.6268), 0.0764126 s/step
Meep progress: 49.627250000000004/72.33333206176758 = 68.6% done in 15538.8s, 7109.5s to go
on time step 198560 (time=49.64), 0.07586 s/step
Meep progress: 49.6405/72.33333206176758 = 68.6% done in 15542.8s, 7105.3s to go
on time step 198613 (time=49.6532), 0.0761236 s/step
Meep progress: 49.65375/72.33333206176758 = 68.6% done in 15546.9s, 7101.1s to go
on time step 198666 (time=49.6665), 0.0759477 s/step
Meep progress: 49.667/72.33333206176758 = 68.7% done in 15550.9s, 7096.9s to go
on time step 198720 (time=49.68), 0.0753066 s/step
Meep progress: 49.6805/72.33333206176758 = 68.7% done in 15555.0s, 7092.6s to go
on time step 198773 (time=49.6932), 0.0757949 s/step
Meep progress: 49.69375/72.33333206176758 = 68.7% done in 15559.0s, 7088.4s to go
on time step 198826 (time=49.7065), 0.0755899 s/step
Meep progress: 49.70725/72.33333206176758 = 68.7% done in 15563.0s, 7084.1s to go
on time step 198879 (time=49.7197), 0.0765837 s/step
Meep progress: 49.7205/72.33333206176758 = 68.7% done in 15567.1s, 7079.9s to go
on time step 198932 (time=49.733), 0.0764586 s/step
Meep progress: 49.73375/72.33333206176758 = 68.8% done in 15571.2s, 7075.7s to go
on time step 198986 (time=49.7465), 0.0754006 s/step
Meep progress: 49.747/72.33333206176758 = 68.8% done in 15575.2s, 7071.5s to go
on time step 199040 (time=49.76), 0.0750656 s/step
Meep progress: 49.7605/72.33333206176758 = 68.8% done in 15579.2s, 7067.2s to go
on time step 199092 (time=49.773), 0.0775465 s/step
Meep progress: 49.7735/72.33333206176758 = 68.8% done in 15583.3s, 7063.1s to go
on time step 199144 (time=49.786), 0.077065 s/step
Meep progress: 49.786500000000004/72.33333206176758 = 68.8% done in 15587.3s, 7059.0s to go
on time step 199197 (time=49.7993), 0.0760173 s/step
Meep progress: 49.79975/72.33333206176758 = 68.8% done in 15591.3s, 7054.8s to go
on time step 199249 (time=49.8122), 0.0771431 s/step
Meep progress: 49.81275/72.33333206176758 = 68.9% done in 15595.3s, 7050.7s to go
on time step 199302 (time=49.8255), 0.0760739 s/step
Meep progress: 49.826/72.33333206176758 = 68.9% done in 15599.3s, 7046.5s to go
on time step 199354 (time=49.8385), 0.0771446 s/step
Meep progress: 49.839/72.33333206176758 = 68.9% done in 15603.4s, 7042.4s to go
on time step 199407 (time=49.8518), 0.0758318 s/step
Meep progress: 49.85225/72.33333206176758 = 68.9% done in 15607.4s, 7038.2s to go
on time step 199460 (time=49.865), 0.0761061 s/step
Meep progress: 49.865500000000004/72.33333206176758 = 68.9% done in 15611.4s, 7034.0s to go
on time step 199514 (time=49.8785), 0.0754551 s/step
Meep progress: 49.878750000000004/72.33333206176758 = 69.0% done in 15615.4s, 7029.8s to go
on time step 199568 (time=49.892), 0.0752037 s/step
Meep progress: 49.892250000000004/72.33333206176758 = 69.0% done in 15619.5s, 7025.5s to go
on time step 199621 (time=49.9053), 0.0757824 s/step
Meep progress: 49.9055/72.33333206176758 = 69.0% done in 15623.5s, 7021.3s to go
on time step 199673 (time=49.9183), 0.0771695 s/step
Meep progress: 49.9185/72.33333206176758 = 69.0% done in 15627.5s, 7017.2s to go
on time step 199724 (time=49.931), 0.0792027 s/step
Meep progress: 49.93125/72.33333206176758 = 69.0% done in 15631.5s, 7013.2s to go
on time step 199777 (time=49.9443), 0.0759993 s/step
Meep progress: 49.9445/72.33333206176758 = 69.0% done in 15635.6s, 7009.0s to go
on time step 199830 (time=49.9575), 0.0760171 s/step
Meep progress: 49.957750000000004/72.33333206176758 = 69.1% done in 15639.6s, 7004.8s to go
on time step 199883 (time=49.9708), 0.0755945 s/step
Meep progress: 49.971000000000004/72.33333206176758 = 69.1% done in 15643.6s, 7000.6s to go
on time step 199936 (time=49.984), 0.0756987 s/step
Meep progress: 49.98425/72.33333206176758 = 69.1% done in 15647.6s, 6996.4s to go
on time step 199989 (time=49.9973), 0.0761081 s/step
Meep progress: 49.9975/72.33333206176758 = 69.1% done in 15651.7s, 6992.2s to go
on time step 200042 (time=50.0105), 0.0764164 s/step
Meep progress: 50.01075/72.33333206176758 = 69.1% done in 15655.7s, 6988.0s to go
on time step 200096 (time=50.024), 0.0754186 s/step
Meep progress: 50.02425/72.33333206176758 = 69.2% done in 15659.8s, 6983.7s to go
on time step 200149 (time=50.0373), 0.0759152 s/step
Meep progress: 50.0375/72.33333206176758 = 69.2% done in 15663.8s, 6979.5s to go
on time step 200202 (time=50.0505), 0.0758755 s/step
Meep progress: 50.05075/72.33333206176758 = 69.2% done in 15667.8s, 6975.3s to go
on time step 200254 (time=50.0635), 0.0773388 s/step
Meep progress: 50.06375/72.33333206176758 = 69.2% done in 15671.8s, 6971.2s to go
on time step 200307 (time=50.0768), 0.0759001 s/step
Meep progress: 50.077/72.33333206176758 = 69.2% done in 15675.9s, 6967.0s to go
on time step 200360 (time=50.09), 0.0758785 s/step
Meep progress: 50.09025/72.33333206176758 = 69.2% done in 15679.9s, 6962.8s to go
Meep progress: 50.103500000000004/72.33333206176758 = 69.3% done in 15683.9s, 6958.6s to go
on time step 200414 (time=50.1035), 0.0754764 s/step
Meep progress: 50.11675/72.33333206176758 = 69.3% done in 15687.9s, 6954.4s to go
on time step 200467 (time=50.1168), 0.0759343 s/step
Meep progress: 50.13/72.33333206176758 = 69.3% done in 15692.0s, 6950.2s to go
on time step 200520 (time=50.13), 0.0763519 s/step
Meep progress: 50.14325/72.33333206176758 = 69.3% done in 15696.0s, 6946.0s to go
on time step 200573 (time=50.1433), 0.0758003 s/step
Meep progress: 50.1565/72.33333206176758 = 69.3% done in 15700.0s, 6941.8s to go
on time step 200626 (time=50.1565), 0.0767257 s/step
Meep progress: 50.1695/72.33333206176758 = 69.4% done in 15704.1s, 6937.7s to go
on time step 200678 (time=50.1695), 0.0780882 s/step
Meep progress: 50.18275/72.33333206176758 = 69.4% done in 15708.1s, 6933.5s to go
on time step 200731 (time=50.1827), 0.0760682 s/step
Meep progress: 50.19625/72.33333206176758 = 69.4% done in 15712.2s, 6929.2s to go
on time step 200785 (time=50.1962), 0.0749535 s/step
Meep progress: 50.2095/72.33333206176758 = 69.4% done in 15716.2s, 6925.0s to go
on time step 200838 (time=50.2095), 0.076219 s/step
Meep progress: 50.22275/72.33333206176758 = 69.4% done in 15720.2s, 6920.8s to go
on time step 200892 (time=50.223), 0.0754713 s/step
Meep progress: 50.236000000000004/72.33333206176758 = 69.5% done in 15724.2s, 6916.6s to go
on time step 200945 (time=50.2362), 0.0756035 s/step
Meep progress: 50.24925/72.33333206176758 = 69.5% done in 15728.3s, 6912.4s to go
on time step 200998 (time=50.2495), 0.0758676 s/step
Meep progress: 50.2625/72.33333206176758 = 69.5% done in 15732.3s, 6908.2s to go
on time step 201051 (time=50.2628), 0.0757084 s/step
Meep progress: 50.276/72.33333206176758 = 69.5% done in 15736.3s, 6903.9s to go
on time step 201105 (time=50.2763), 0.0753868 s/step
Meep progress: 50.28625/72.33333206176758 = 69.5% done in 15740.4s, 6901.1s to go
on time step 201146 (time=50.2865), 0.0980083 s/step
Meep progress: 50.298500000000004/72.33333206176758 = 69.5% done in 15744.4s, 6897.3s to go
on time step 201195 (time=50.2987), 0.0827994 s/step
Meep progress: 50.30875/72.33333206176758 = 69.6% done in 15748.5s, 6894.5s to go
on time step 201235 (time=50.3088), 0.100424 s/step
Meep progress: 50.31725/72.33333206176758 = 69.6% done in 15752.5s, 6892.4s to go
on time step 201269 (time=50.3173), 0.117905 s/step
Meep progress: 50.3285/72.33333206176758 = 69.6% done in 15756.6s, 6889.2s to go
on time step 201314 (time=50.3285), 0.0904273 s/step
Meep progress: 50.338/72.33333206176758 = 69.6% done in 15760.6s, 6886.6s to go
on time step 201352 (time=50.338), 0.105565 s/step
Meep progress: 50.34825/72.33333206176758 = 69.6% done in 15764.6s, 6883.8s to go
on time step 201393 (time=50.3483), 0.0976073 s/step
Meep progress: 50.35925/72.33333206176758 = 69.6% done in 15768.7s, 6880.6s to go
on time step 201437 (time=50.3593), 0.0922354 s/step
Meep progress: 50.36925/72.33333206176758 = 69.6% done in 15772.8s, 6877.9s to go
on time step 201477 (time=50.3693), 0.102505 s/step
Meep progress: 50.3795/72.33333206176758 = 69.6% done in 15776.8s, 6875.0s to go
on time step 201518 (time=50.3795), 0.0985196 s/step
Meep progress: 50.3905/72.33333206176758 = 69.7% done in 15780.8s, 6871.9s to go
on time step 201562 (time=50.3905), 0.0917945 s/step
Meep progress: 50.402/72.33333206176758 = 69.7% done in 15784.9s, 6868.5s to go
on time step 201608 (time=50.402), 0.0887116 s/step
Meep progress: 50.415/72.33333206176758 = 69.7% done in 15789.0s, 6864.4s to go
on time step 201660 (time=50.415), 0.0777876 s/step
Meep progress: 50.428000000000004/72.33333206176758 = 69.7% done in 15793.0s, 6860.3s to go
on time step 201712 (time=50.428), 0.0769794 s/step
Meep progress: 50.439750000000004/72.33333206176758 = 69.7% done in 15797.0s, 6856.8s to go
on time step 201759 (time=50.4398), 0.0855668 s/step
Meep progress: 50.45/72.33333206176758 = 69.7% done in 15801.1s, 6853.9s to go
on time step 201800 (time=50.45), 0.099032 s/step
Meep progress: 50.4615/72.33333206176758 = 69.8% done in 15805.1s, 6850.5s to go
on time step 201846 (time=50.4615), 0.0876858 s/step
Meep progress: 50.47125/72.33333206176758 = 69.8% done in 15809.2s, 6847.9s to go
on time step 201885 (time=50.4712), 0.10414 s/step
Meep progress: 50.48125/72.33333206176758 = 69.8% done in 15813.2s, 6845.1s to go
on time step 201925 (time=50.4813), 0.100448 s/step
Meep progress: 50.49225/72.33333206176758 = 69.8% done in 15817.2s, 6841.9s to go
on time step 201969 (time=50.4922), 0.0920401 s/step
Meep progress: 50.5025/72.33333206176758 = 69.8% done in 15821.2s, 6839.1s to go
on time step 202010 (time=50.5025), 0.0978378 s/step
Meep progress: 50.514/72.33333206176758 = 69.8% done in 15825.3s, 6835.7s to go
on time step 202056 (time=50.514), 0.08742 s/step
Meep progress: 50.52575/72.33333206176758 = 69.9% done in 15829.3s, 6832.1s to go
on time step 202103 (time=50.5258), 0.0865071 s/step
Meep progress: 50.538000000000004/72.33333206176758 = 69.9% done in 15833.3s, 6828.4s to go
on time step 202152 (time=50.538), 0.0820043 s/step
Meep progress: 50.55025/72.33333206176758 = 69.9% done in 15837.4s, 6824.6s to go
on time step 202201 (time=50.5502), 0.081915 s/step
Meep progress: 50.561/72.33333206176758 = 69.9% done in 15841.4s, 6821.5s to go
on time step 202244 (time=50.561), 0.0936414 s/step
Meep progress: 50.57175/72.33333206176758 = 69.9% done in 15845.5s, 6818.5s to go
on time step 202287 (time=50.5718), 0.0945282 s/step
Meep progress: 50.582750000000004/72.33333206176758 = 69.9% done in 15849.5s, 6815.3s to go
on time step 202331 (time=50.5828), 0.0924601 s/step
Meep progress: 50.59225/72.33333206176758 = 69.9% done in 15853.5s, 6812.8s to go
on time step 202369 (time=50.5922), 0.105754 s/step
Meep progress: 50.60325/72.33333206176758 = 70.0% done in 15857.6s, 6809.6s to go
on time step 202413 (time=50.6033), 0.0919556 s/step
Meep progress: 50.61375/72.33333206176758 = 70.0% done in 15861.7s, 6806.6s to go
on time step 202455 (time=50.6138), 0.0968915 s/step
Meep progress: 50.62475/72.33333206176758 = 70.0% done in 15865.7s, 6803.4s to go
on time step 202499 (time=50.6247), 0.0922755 s/step
Meep progress: 50.63725/72.33333206176758 = 70.0% done in 15869.8s, 6799.6s to go
on time step 202549 (time=50.6373), 0.0807948 s/step
Meep progress: 50.64925/72.33333206176758 = 70.0% done in 15873.8s, 6795.9s to go
on time step 202597 (time=50.6493), 0.0840244 s/step
Meep progress: 50.66125/72.33333206176758 = 70.0% done in 15877.8s, 6792.3s to go
on time step 202645 (time=50.6613), 0.0841814 s/step
Meep progress: 50.67275/72.33333206176758 = 70.1% done in 15881.9s, 6788.9s to go
on time step 202691 (time=50.6728), 0.0878558 s/step
Meep progress: 50.685/72.33333206176758 = 70.1% done in 15885.9s, 6785.1s to go
on time step 202740 (time=50.685), 0.0821174 s/step
Meep progress: 50.6935/72.33333206176758 = 70.1% done in 15890.0s, 6783.0s to go
on time step 202774 (time=50.6935), 0.119983 s/step
Meep progress: 50.69925/72.33333206176758 = 70.1% done in 15894.1s, 6782.2s to go
on time step 202797 (time=50.6992), 0.177711 s/step
Meep progress: 50.704750000000004/72.33333206176758 = 70.1% done in 15898.1s, 6781.5s to go
on time step 202819 (time=50.7048), 0.183542 s/step
Meep progress: 50.709/72.33333206176758 = 70.1% done in 15902.4s, 6781.4s to go
on time step 202836 (time=50.709), 0.25406 s/step
Meep progress: 50.71275/72.33333206176758 = 70.1% done in 15906.5s, 6781.5s to go
on time step 202851 (time=50.7127), 0.27012 s/step
Meep progress: 50.71675/72.33333206176758 = 70.1% done in 15910.5s, 6781.4s to go
on time step 202868 (time=50.717), 0.246099 s/step
Meep progress: 50.724000000000004/72.33333206176758 = 70.1% done in 15914.6s, 6779.9s to go
on time step 202897 (time=50.7242), 0.138621 s/step
Meep progress: 50.732/72.33333206176758 = 70.1% done in 15918.7s, 6778.1s to go
on time step 202929 (time=50.7323), 0.126614 s/step
Meep progress: 50.73925/72.33333206176758 = 70.1% done in 15922.7s, 6776.5s to go
on time step 202958 (time=50.7395), 0.139992 s/step
Meep progress: 50.75/72.33333206176758 = 70.2% done in 15926.8s, 6773.5s to go
on time step 203001 (time=50.7503), 0.0931434 s/step
Meep progress: 50.761/72.33333206176758 = 70.2% done in 15930.8s, 6770.2s to go
on time step 203045 (time=50.7613), 0.0918144 s/step
Meep progress: 50.77225/72.33333206176758 = 70.2% done in 15934.9s, 6766.9s to go
on time step 203090 (time=50.7725), 0.0895186 s/step
Meep progress: 50.78275/72.33333206176758 = 70.2% done in 15938.9s, 6764.0s to go
on time step 203131 (time=50.7828), 0.0979896 s/step
Meep progress: 50.79225/72.33333206176758 = 70.2% done in 15943.0s, 6761.5s to go
on time step 203169 (time=50.7923), 0.106643 s/step
Meep progress: 50.80025/72.33333206176758 = 70.2% done in 15947.1s, 6759.6s to go
on time step 203201 (time=50.8002), 0.127165 s/step
Meep progress: 50.80725/72.33333206176758 = 70.2% done in 15951.1s, 6758.2s to go
on time step 203229 (time=50.8073), 0.143334 s/step
Meep progress: 50.8125/72.33333206176758 = 70.2% done in 15955.1s, 6757.5s to go
on time step 203250 (time=50.8125), 0.191597 s/step
Meep progress: 50.820750000000004/72.33333206176758 = 70.3% done in 15959.2s, 6755.6s to go
on time step 203283 (time=50.8208), 0.125224 s/step
Meep progress: 50.831250000000004/72.33333206176758 = 70.3% done in 15963.3s, 6752.6s to go
on time step 203325 (time=50.8313), 0.0966475 s/step
Meep progress: 50.8425/72.33333206176758 = 70.3% done in 15967.3s, 6749.3s to go
on time step 203370 (time=50.8425), 0.0893986 s/step
Meep progress: 50.854/72.33333206176758 = 70.3% done in 15971.4s, 6745.9s to go
on time step 203416 (time=50.854), 0.0891918 s/step
Meep progress: 50.86475/72.33333206176758 = 70.3% done in 15975.5s, 6742.8s to go
on time step 203459 (time=50.8648), 0.0935049 s/step
Meep progress: 50.87775/72.33333206176758 = 70.3% done in 15979.5s, 6738.7s to go
on time step 203511 (time=50.8777), 0.0779463 s/step
Meep progress: 50.890750000000004/72.33333206176758 = 70.4% done in 15983.5s, 6734.6s to go
on time step 203563 (time=50.8908), 0.0776281 s/step
Meep progress: 50.90375/72.33333206176758 = 70.4% done in 15987.6s, 6730.5s to go
on time step 203615 (time=50.9038), 0.0774505 s/step
Meep progress: 50.91625/72.33333206176758 = 70.4% done in 15991.6s, 6726.6s to go
on time step 203665 (time=50.9162), 0.0810861 s/step
Meep progress: 50.929/72.33333206176758 = 70.4% done in 15995.7s, 6722.6s to go
on time step 203716 (time=50.929), 0.0799078 s/step
Meep progress: 50.942/72.33333206176758 = 70.4% done in 15999.7s, 6718.5s to go
on time step 203768 (time=50.942), 0.0769689 s/step
Meep progress: 50.95525/72.33333206176758 = 70.4% done in 16003.8s, 6714.3s to go
on time step 203821 (time=50.9552), 0.0763911 s/step
Meep progress: 50.96825/72.33333206176758 = 70.5% done in 16007.8s, 6710.2s to go
on time step 203873 (time=50.9682), 0.0782763 s/step
Meep progress: 50.98125/72.33333206176758 = 70.5% done in 16011.9s, 6706.1s to go
on time step 203925 (time=50.9813), 0.0776886 s/step
Meep progress: 50.9945/72.33333206176758 = 70.5% done in 16015.9s, 6701.9s to go
on time step 203978 (time=50.9945), 0.0760649 s/step
Meep progress: 51.0075/72.33333206176758 = 70.5% done in 16020.0s, 6697.8s to go
on time step 204030 (time=51.0075), 0.0780538 s/step
Meep progress: 51.020250000000004/72.33333206176758 = 70.5% done in 16024.0s, 6693.8s to go
on time step 204081 (time=51.0203), 0.0788394 s/step
Meep progress: 51.033/72.33333206176758 = 70.6% done in 16028.0s, 6689.8s to go
on time step 204132 (time=51.033), 0.0784375 s/step
Meep progress: 51.046/72.33333206176758 = 70.6% done in 16032.0s, 6685.7s to go
on time step 204184 (time=51.046), 0.0770143 s/step
Meep progress: 51.059000000000005/72.33333206176758 = 70.6% done in 16036.0s, 6681.6s to go
on time step 204236 (time=51.059), 0.0775141 s/step
Meep progress: 51.072250000000004/72.33333206176758 = 70.6% done in 16040.1s, 6677.4s to go
on time step 204289 (time=51.0723), 0.076161 s/step
Meep progress: 51.08525/72.33333206176758 = 70.6% done in 16044.1s, 6673.3s to go
on time step 204341 (time=51.0853), 0.077258 s/step
Meep progress: 51.0985/72.33333206176758 = 70.6% done in 16048.1s, 6669.1s to go
on time step 204394 (time=51.0985), 0.0761972 s/step
Meep progress: 51.1115/72.33333206176758 = 70.7% done in 16052.2s, 6665.0s to go
on time step 204446 (time=51.1115), 0.0781049 s/step
Meep progress: 51.1235/72.33333206176758 = 70.7% done in 16056.2s, 6661.3s to go
on time step 204494 (time=51.1235), 0.084485 s/step
Meep progress: 51.13675/72.33333206176758 = 70.7% done in 16060.3s, 6657.1s to go
on time step 204547 (time=51.1367), 0.0761577 s/step
Meep progress: 51.15/72.33333206176758 = 70.7% done in 16064.3s, 6652.9s to go
on time step 204600 (time=51.15), 0.0766815 s/step
Meep progress: 51.163000000000004/72.33333206176758 = 70.7% done in 16068.3s, 6648.8s to go
on time step 204652 (time=51.163), 0.0770188 s/step
Meep progress: 51.176/72.33333206176758 = 70.8% done in 16072.4s, 6644.7s to go
on time step 204704 (time=51.176), 0.077537 s/step
Meep progress: 51.189/72.33333206176758 = 70.8% done in 16076.4s, 6640.6s to go
on time step 204756 (time=51.189), 0.0782351 s/step
Meep progress: 51.20225/72.33333206176758 = 70.8% done in 16080.5s, 6636.4s to go
on time step 204809 (time=51.2022), 0.0765218 s/step
Meep progress: 51.215250000000005/72.33333206176758 = 70.8% done in 16084.5s, 6632.3s to go
on time step 204861 (time=51.2153), 0.0771779 s/step
Meep progress: 51.22825/72.33333206176758 = 70.8% done in 16088.5s, 6628.2s to go
on time step 204913 (time=51.2283), 0.0777214 s/step
Meep progress: 51.2415/72.33333206176758 = 70.8% done in 16092.6s, 6624.0s to go
on time step 204966 (time=51.2415), 0.0757168 s/step
Meep progress: 51.25475/72.33333206176758 = 70.9% done in 16096.6s, 6619.7s to go
on time step 205019 (time=51.2548), 0.0760827 s/step
Meep progress: 51.26775/72.33333206176758 = 70.9% done in 16100.6s, 6615.6s to go
on time step 205071 (time=51.2677), 0.0771074 s/step
Meep progress: 51.281/72.33333206176758 = 70.9% done in 16104.6s, 6611.4s to go
on time step 205124 (time=51.281), 0.0757542 s/step
Meep progress: 51.29425/72.33333206176758 = 70.9% done in 16108.7s, 6607.2s to go
on time step 205177 (time=51.2942), 0.0763893 s/step
Meep progress: 51.30575/72.33333206176758 = 70.9% done in 16112.7s, 6603.8s to go
on time step 205223 (time=51.3058), 0.0886571 s/step
Meep progress: 51.316/72.33333206176758 = 70.9% done in 16116.8s, 6600.9s to go
on time step 205264 (time=51.316), 0.0990364 s/step
Meep progress: 51.326750000000004/72.33333206176758 = 71.0% done in 16120.8s, 6597.8s to go
on time step 205308 (time=51.327), 0.0929747 s/step
Meep progress: 51.33925/72.33333206176758 = 71.0% done in 16124.9s, 6593.9s to go
on time step 205358 (time=51.3395), 0.0811714 s/step
Meep progress: 51.3515/72.33333206176758 = 71.0% done in 16128.9s, 6590.1s to go
on time step 205407 (time=51.3518), 0.0819067 s/step
Meep progress: 51.363/72.33333206176758 = 71.0% done in 16132.9s, 6586.7s to go
on time step 205453 (time=51.3633), 0.0878244 s/step
Meep progress: 51.3755/72.33333206176758 = 71.0% done in 16137.0s, 6582.8s to go
on time step 205503 (time=51.3758), 0.0808432 s/step
Meep progress: 51.3875/72.33333206176758 = 71.0% done in 16141.0s, 6579.2s to go
on time step 205551 (time=51.3878), 0.0839581 s/step
Meep progress: 51.399750000000004/72.33333206176758 = 71.1% done in 16145.0s, 6575.4s to go
on time step 205600 (time=51.4), 0.0820605 s/step
Meep progress: 51.41175/72.33333206176758 = 71.1% done in 16149.0s, 6571.7s to go
on time step 205648 (time=51.412), 0.0834528 s/step
Meep progress: 51.4215/72.33333206176758 = 71.1% done in 16153.1s, 6569.1s to go
on time step 205687 (time=51.4218), 0.10775 s/step
Meep progress: 51.42675/72.33333206176758 = 71.1% done in 16157.3s, 6568.5s to go
on time step 205708 (time=51.427), 0.198465 s/step
Meep progress: 51.431000000000004/72.33333206176758 = 71.1% done in 16161.4s, 6568.2s to go
on time step 205725 (time=51.4312), 0.243252 s/step
Meep progress: 51.43725/72.33333206176758 = 71.1% done in 16165.4s, 6567.1s to go
on time step 205751 (time=51.4378), 0.156129 s/step
Meep progress: 51.448750000000004/72.33333206176758 = 71.1% done in 16169.4s, 6563.6s to go
on time step 205799 (time=51.4498), 0.0836886 s/step
Meep progress: 51.46025/72.33333206176758 = 71.1% done in 16173.4s, 6560.2s to go
on time step 205845 (time=51.4612), 0.0874538 s/step
Meep progress: 51.472/72.33333206176758 = 71.2% done in 16177.4s, 6556.6s to go
on time step 205892 (time=51.473), 0.0865649 s/step
Meep progress: 51.483000000000004/72.33333206176758 = 71.2% done in 16181.6s, 6553.4s to go
on time step 205934 (time=51.4835), 0.0995466 s/step
Meep progress: 51.48875/72.33333206176758 = 71.2% done in 16185.6s, 6552.5s to go
on time step 205958 (time=51.4895), 0.175703 s/step
Meep progress: 51.493/72.33333206176758 = 71.2% done in 16189.7s, 6552.3s to go
on time step 205977 (time=51.4943), 0.214168 s/step
Meep progress: 51.502/72.33333206176758 = 71.2% done in 16193.7s, 6550.0s to go
on time step 206014 (time=51.5035), 0.110395 s/step
Meep progress: 51.5115/72.33333206176758 = 71.2% done in 16197.8s, 6547.4s to go
on time step 206053 (time=51.5132), 0.105507 s/step
Meep progress: 51.521750000000004/72.33333206176758 = 71.2% done in 16201.8s, 6544.5s to go
on time step 206094 (time=51.5235), 0.0994615 s/step
Meep progress: 51.53125/72.33333206176758 = 71.2% done in 16205.8s, 6542.0s to go
on time step 206133 (time=51.5333), 0.104287 s/step
Meep progress: 51.54075/72.33333206176758 = 71.3% done in 16209.9s, 6539.4s to go
on time step 206170 (time=51.5425), 0.109009 s/step
Meep progress: 51.55175/72.33333206176758 = 71.3% done in 16213.9s, 6536.2s to go
on time step 206214 (time=51.5535), 0.0926838 s/step
Meep progress: 51.56225/72.33333206176758 = 71.3% done in 16218.0s, 6533.2s to go
on time step 206258 (time=51.5645), 0.0917945 s/step
Meep progress: 51.56875/72.33333206176758 = 71.3% done in 16222.1s, 6531.9s to go
on time step 206284 (time=51.571), 0.1556 s/step
Meep progress: 51.578250000000004/72.33333206176758 = 71.3% done in 16226.2s, 6529.4s to go
on time step 206317 (time=51.5793), 0.121607 s/step
Meep progress: 51.583/72.33333206176758 = 71.3% done in 16230.2s, 6528.9s to go
on time step 206337 (time=51.5843), 0.201707 s/step
Meep progress: 51.59/72.33333206176758 = 71.3% done in 16234.3s, 6527.5s to go
on time step 206365 (time=51.5913), 0.144819 s/step
Meep progress: 51.597/72.33333206176758 = 71.3% done in 16238.3s, 6526.0s to go
on time step 206395 (time=51.5988), 0.134636 s/step
Meep progress: 51.60725/72.33333206176758 = 71.3% done in 16242.4s, 6523.1s to go
on time step 206436 (time=51.609), 0.0986563 s/step
Meep progress: 51.619/72.33333206176758 = 71.4% done in 16246.4s, 6519.6s to go
on time step 206484 (time=51.621), 0.0847472 s/step
Meep progress: 51.6305/72.33333206176758 = 71.4% done in 16250.5s, 6516.1s to go
on time step 206529 (time=51.6322), 0.0902707 s/step
Meep progress: 51.642250000000004/72.33333206176758 = 71.4% done in 16254.5s, 6512.6s to go
on time step 206578 (time=51.6445), 0.0822549 s/step
Meep progress: 51.65525/72.33333206176758 = 71.4% done in 16258.5s, 6508.4s to go
on time step 206631 (time=51.6578), 0.0768904 s/step
Meep progress: 51.667500000000004/72.33333206176758 = 71.4% done in 16262.6s, 6504.7s to go
on time step 206679 (time=51.6698), 0.0845199 s/step
Meep progress: 51.679500000000004/72.33333206176758 = 71.4% done in 16266.6s, 6501.0s to go
on time step 206728 (time=51.682), 0.0831595 s/step
Meep progress: 51.69225/72.33333206176758 = 71.5% done in 16270.6s, 6497.0s to go
on time step 206777 (time=51.6943), 0.0820628 s/step
Meep progress: 51.70375/72.33333206176758 = 71.5% done in 16274.6s, 6493.5s to go
on time step 206825 (time=51.7063), 0.0843991 s/step
Meep progress: 51.71575/72.33333206176758 = 71.5% done in 16278.7s, 6489.8s to go
on time step 206872 (time=51.718), 0.0851235 s/step
Meep progress: 51.728/72.33333206176758 = 71.5% done in 16282.7s, 6486.1s to go
on time step 206921 (time=51.7302), 0.0829905 s/step
Meep progress: 51.74075/72.33333206176758 = 71.5% done in 16286.8s, 6482.1s to go
on time step 206974 (time=51.7435), 0.0767315 s/step
Meep progress: 51.753750000000004/72.33333206176758 = 71.5% done in 16290.8s, 6477.9s to go
on time step 207026 (time=51.7565), 0.0771031 s/step
Meep progress: 51.767/72.33333206176758 = 71.6% done in 16294.8s, 6473.7s to go
on time step 207078 (time=51.7695), 0.077129 s/step
Meep progress: 51.78/72.33333206176758 = 71.6% done in 16298.9s, 6469.6s to go
on time step 207130 (time=51.7825), 0.0770692 s/step
Meep progress: 51.79225/72.33333206176758 = 71.6% done in 16302.9s, 6465.8s to go
on time step 207179 (time=51.7948), 0.0830871 s/step
Meep progress: 51.804500000000004/72.33333206176758 = 71.6% done in 16307.0s, 6462.0s to go
on time step 207228 (time=51.807), 0.0830632 s/step
Meep progress: 51.81675/72.33333206176758 = 71.6% done in 16311.0s, 6458.3s to go
on time step 207278 (time=51.8195), 0.0810512 s/step
Meep progress: 51.82925/72.33333206176758 = 71.7% done in 16315.0s, 6454.3s to go
on time step 207328 (time=51.832), 0.0805538 s/step
Meep progress: 51.842/72.33333206176758 = 71.7% done in 16319.1s, 6450.4s to go
on time step 207379 (time=51.8447), 0.0797466 s/step
Meep progress: 51.8545/72.33333206176758 = 71.7% done in 16323.1s, 6446.5s to go
on time step 207429 (time=51.8573), 0.0810374 s/step
Meep progress: 51.867000000000004/72.33333206176758 = 71.7% done in 16327.2s, 6442.6s to go
on time step 207478 (time=51.8695), 0.082338 s/step
Meep progress: 51.8795/72.33333206176758 = 71.7% done in 16331.2s, 6438.7s to go
on time step 207529 (time=51.8822), 0.079205 s/step
Meep progress: 51.89175/72.33333206176758 = 71.7% done in 16335.2s, 6434.9s to go
on time step 207578 (time=51.8945), 0.0816432 s/step
Meep progress: 51.904/72.33333206176758 = 71.8% done in 16339.3s, 6431.1s to go
on time step 207627 (time=51.9068), 0.0826641 s/step
Meep progress: 51.91575/72.33333206176758 = 71.8% done in 16343.3s, 6427.5s to go
on time step 207672 (time=51.918), 0.089026 s/step
Meep progress: 51.928000000000004/72.33333206176758 = 71.8% done in 16347.4s, 6423.8s to go
on time step 207722 (time=51.9305), 0.0810838 s/step
Meep progress: 51.94/72.33333206176758 = 71.8% done in 16351.4s, 6420.1s to go
on time step 207769 (time=51.9423), 0.085347 s/step
Meep progress: 51.95225/72.33333206176758 = 71.8% done in 16355.5s, 6416.3s to go
on time step 207817 (time=51.9543), 0.0839682 s/step
Meep progress: 51.9645/72.33333206176758 = 71.8% done in 16359.6s, 6412.6s to go
on time step 207865 (time=51.9663), 0.083972 s/step
Meep progress: 51.9765/72.33333206176758 = 71.9% done in 16363.6s, 6408.9s to go
on time step 207914 (time=51.9785), 0.0822804 s/step
Meep progress: 51.9885/72.33333206176758 = 71.9% done in 16367.7s, 6405.2s to go
on time step 207962 (time=51.9905), 0.0844014 s/step
Meep progress: 52.000750000000004/72.33333206176758 = 71.9% done in 16371.7s, 6401.4s to go
on time step 208012 (time=52.003), 0.0810779 s/step
Meep progress: 52.013/72.33333206176758 = 71.9% done in 16375.7s, 6397.6s to go
on time step 208061 (time=52.0153), 0.082538 s/step
Meep progress: 52.0255/72.33333206176758 = 71.9% done in 16379.8s, 6393.7s to go
on time step 208111 (time=52.0278), 0.0804503 s/step
Meep progress: 52.038000000000004/72.33333206176758 = 71.9% done in 16383.8s, 6389.8s to go
on time step 208161 (time=52.0403), 0.0808103 s/step
Meep progress: 52.051/72.33333206176758 = 72.0% done in 16387.8s, 6385.7s to go
on time step 208213 (time=52.0532), 0.0774804 s/step
Meep progress: 52.06375/72.33333206176758 = 72.0% done in 16391.9s, 6381.7s to go
on time step 208264 (time=52.066), 0.0792189 s/step
Meep progress: 52.0755/72.33333206176758 = 72.0% done in 16395.9s, 6378.1s to go
on time step 208312 (time=52.078), 0.0848828 s/step
Meep progress: 52.08825/72.33333206176758 = 72.0% done in 16399.9s, 6374.1s to go
on time step 208361 (time=52.0903), 0.0824601 s/step
Meep progress: 52.1/72.33333206176758 = 72.0% done in 16403.9s, 6370.6s to go
on time step 208409 (time=52.1022), 0.0835031 s/step
Meep progress: 52.112500000000004/72.33333206176758 = 72.0% done in 16408.0s, 6366.7s to go
on time step 208459 (time=52.1148), 0.0809259 s/step
Meep progress: 52.12425/72.33333206176758 = 72.1% done in 16412.1s, 6363.1s to go
on time step 208502 (time=52.1255), 0.0932777 s/step
Meep progress: 52.13375/72.33333206176758 = 72.1% done in 16416.1s, 6360.6s to go
on time step 208541 (time=52.1352), 0.105761 s/step
Meep progress: 52.143/72.33333206176758 = 72.1% done in 16420.2s, 6358.1s to go
on time step 208581 (time=52.1453), 0.102336 s/step
Meep progress: 52.15475/72.33333206176758 = 72.1% done in 16424.2s, 6354.5s to go
on time step 208629 (time=52.1572), 0.0839893 s/step
Meep progress: 52.16575/72.33333206176758 = 72.1% done in 16428.3s, 6351.3s to go
on time step 208672 (time=52.168), 0.094367 s/step
Meep progress: 52.1775/72.33333206176758 = 72.1% done in 16432.4s, 6347.7s to go
on time step 208716 (time=52.179), 0.0913647 s/step
Meep progress: 52.18775/72.33333206176758 = 72.1% done in 16436.5s, 6344.8s to go
on time step 208758 (time=52.1895), 0.0957205 s/step
Meep progress: 52.19975/72.33333206176758 = 72.2% done in 16440.5s, 6341.1s to go
on time step 208806 (time=52.2015), 0.0844117 s/step
Meep progress: 52.2115/72.33333206176758 = 72.2% done in 16444.6s, 6337.6s to go
on time step 208849 (time=52.2123), 0.0950643 s/step
Meep progress: 52.222500000000004/72.33333206176758 = 72.2% done in 16448.7s, 6334.4s to go
on time step 208898 (time=52.2245), 0.0824022 s/step
Meep progress: 52.2355/72.33333206176758 = 72.2% done in 16452.7s, 6330.2s to go
on time step 208950 (time=52.2375), 0.077015 s/step
Meep progress: 52.24825/72.33333206176758 = 72.2% done in 16456.7s, 6326.2s to go
on time step 209001 (time=52.2503), 0.0795325 s/step
Meep progress: 52.2615/72.33333206176758 = 72.3% done in 16460.8s, 6322.0s to go
on time step 209054 (time=52.2635), 0.0767396 s/step
Meep progress: 52.275/72.33333206176758 = 72.3% done in 16464.9s, 6317.7s to go
on time step 209108 (time=52.277), 0.075185 s/step
Meep progress: 52.288000000000004/72.33333206176758 = 72.3% done in 16468.9s, 6313.6s to go
on time step 209160 (time=52.29), 0.0770729 s/step
Meep progress: 52.301/72.33333206176758 = 72.3% done in 16472.9s, 6309.5s to go
on time step 209212 (time=52.303), 0.0780598 s/step
Meep progress: 52.31425/72.33333206176758 = 72.3% done in 16477.0s, 6305.2s to go
on time step 209265 (time=52.3163), 0.0764741 s/step
Meep progress: 52.32725/72.33333206176758 = 72.3% done in 16481.1s, 6301.1s to go
on time step 209312 (time=52.328), 0.0857313 s/step
Meep progress: 52.337/72.33333206176758 = 72.4% done in 16485.1s, 6298.4s to go
on time step 209356 (time=52.339), 0.0924801 s/step
Meep progress: 52.34975/72.33333206176758 = 72.4% done in 16489.1s, 6294.4s to go
on time step 209408 (time=52.352), 0.0783426 s/step
Meep progress: 52.362500000000004/72.33333206176758 = 72.4% done in 16493.1s, 6290.4s to go
on time step 209459 (time=52.3648), 0.0790765 s/step
Meep progress: 52.376/72.33333206176758 = 72.4% done in 16497.2s, 6286.1s to go
on time step 209513 (time=52.3783), 0.0753621 s/step
Meep progress: 52.389/72.33333206176758 = 72.4% done in 16501.2s, 6282.0s to go
on time step 209565 (time=52.3912), 0.077119 s/step
Meep progress: 52.4025/72.33333206176758 = 72.4% done in 16505.2s, 6277.6s to go
on time step 209619 (time=52.4047), 0.075199 s/step
Meep progress: 52.416000000000004/72.33333206176758 = 72.5% done in 16509.3s, 6273.3s to go
on time step 209673 (time=52.4183), 0.0748024 s/step
Meep progress: 52.429500000000004/72.33333206176758 = 72.5% done in 16513.3s, 6269.0s to go
on time step 209727 (time=52.4318), 0.0747452 s/step
Meep progress: 52.442750000000004/72.33333206176758 = 72.5% done in 16517.4s, 6264.7s to go
on time step 209780 (time=52.445), 0.0755356 s/step
Meep progress: 52.456250000000004/72.33333206176758 = 72.5% done in 16521.4s, 6260.4s to go
on time step 209833 (time=52.4582), 0.0755286 s/step
Meep progress: 52.46975/72.33333206176758 = 72.5% done in 16525.5s, 6256.1s to go
on time step 209887 (time=52.4718), 0.0744468 s/step
Meep progress: 52.48275/72.33333206176758 = 72.6% done in 16529.5s, 6252.0s to go
on time step 209939 (time=52.4847), 0.077746 s/step
Meep progress: 52.49625/72.33333206176758 = 72.6% done in 16533.5s, 6247.6s to go
on time step 209993 (time=52.4982), 0.0745322 s/step
Meep progress: 52.509750000000004/72.33333206176758 = 72.6% done in 16537.6s, 6243.3s to go
on time step 210046 (time=52.5115), 0.0755797 s/step
Meep progress: 52.523250000000004/72.33333206176758 = 72.6% done in 16541.7s, 6239.0s to go
on time step 210099 (time=52.5248), 0.0757018 s/step
Meep progress: 52.53675/72.33333206176758 = 72.6% done in 16545.7s, 6234.7s to go
on time step 210153 (time=52.5382), 0.0748466 s/step
Meep progress: 52.550000000000004/72.33333206176758 = 72.6% done in 16549.8s, 6230.4s to go
on time step 210206 (time=52.5515), 0.0759889 s/step
Meep progress: 52.563250000000004/72.33333206176758 = 72.7% done in 16553.8s, 6226.2s to go
on time step 210259 (time=52.5648), 0.0760056 s/step
Meep progress: 52.576750000000004/72.33333206176758 = 72.7% done in 16557.8s, 6221.9s to go
on time step 210313 (time=52.5783), 0.0747284 s/step
Meep progress: 52.59/72.33333206176758 = 72.7% done in 16561.9s, 6217.7s to go
on time step 210366 (time=52.5915), 0.0763753 s/step
Meep progress: 52.603500000000004/72.33333206176758 = 72.7% done in 16565.9s, 6213.3s to go
on time step 210420 (time=52.605), 0.0751289 s/step
Meep progress: 52.61675/72.33333206176758 = 72.7% done in 16570.0s, 6209.1s to go
on time step 210473 (time=52.6183), 0.0764174 s/step
Meep progress: 52.630250000000004/72.33333206176758 = 72.8% done in 16574.0s, 6204.8s to go
on time step 210527 (time=52.6318), 0.0746057 s/step
Meep progress: 52.643750000000004/72.33333206176758 = 72.8% done in 16578.1s, 6200.5s to go
on time step 210581 (time=52.6453), 0.0752383 s/step
Meep progress: 52.65675/72.33333206176758 = 72.8% done in 16582.1s, 6196.3s to go
on time step 210633 (time=52.6583), 0.0770119 s/step
Meep progress: 52.6695/72.33333206176758 = 72.8% done in 16586.2s, 6192.3s to go
on time step 210683 (time=52.6707), 0.0801235 s/step
Meep progress: 52.682500000000005/72.33333206176758 = 72.8% done in 16590.2s, 6188.2s to go
on time step 210735 (time=52.6838), 0.0776397 s/step
Meep progress: 52.695750000000004/72.33333206176758 = 72.9% done in 16594.2s, 6184.0s to go
on time step 210789 (time=52.6973), 0.075311 s/step
Meep progress: 52.709/72.33333206176758 = 72.9% done in 16598.2s, 6179.8s to go
on time step 210842 (time=52.7105), 0.0761064 s/step
Meep progress: 52.722500000000004/72.33333206176758 = 72.9% done in 16602.3s, 6175.4s to go
on time step 210896 (time=52.724), 0.0752293 s/step
Meep progress: 52.73575/72.33333206176758 = 72.9% done in 16606.3s, 6171.2s to go
on time step 210949 (time=52.7373), 0.0762619 s/step
Meep progress: 52.74925/72.33333206176758 = 72.9% done in 16610.4s, 6166.9s to go
on time step 211003 (time=52.7508), 0.0752038 s/step
Meep progress: 52.7625/72.33333206176758 = 72.9% done in 16614.5s, 6162.7s to go
on time step 211056 (time=52.764), 0.0763617 s/step
Meep progress: 52.776/72.33333206176758 = 73.0% done in 16618.5s, 6158.4s to go
on time step 211110 (time=52.7775), 0.0745446 s/step
Meep progress: 52.78925/72.33333206176758 = 73.0% done in 16622.5s, 6154.1s to go
on time step 211163 (time=52.7908), 0.0755868 s/step
Meep progress: 52.80275/72.33333206176758 = 73.0% done in 16626.6s, 6149.8s to go
on time step 211216 (time=52.804), 0.0756989 s/step
Meep progress: 52.81575/72.33333206176758 = 73.0% done in 16630.6s, 6145.7s to go
on time step 211268 (time=52.817), 0.0777138 s/step
Meep progress: 52.829/72.33333206176758 = 73.0% done in 16634.7s, 6141.5s to go
on time step 211320 (time=52.83), 0.0771151 s/step
Meep progress: 52.842/72.33333206176758 = 73.1% done in 16638.7s, 6137.4s to go
on time step 211372 (time=52.843), 0.0776066 s/step
Meep progress: 52.8555/72.33333206176758 = 73.1% done in 16642.8s, 6133.1s to go
on time step 211426 (time=52.8565), 0.0753901 s/step
Meep progress: 52.86875/72.33333206176758 = 73.1% done in 16646.8s, 6128.8s to go
on time step 211479 (time=52.8698), 0.0762703 s/step
Meep progress: 52.881750000000004/72.33333206176758 = 73.1% done in 16650.9s, 6124.7s to go
on time step 211532 (time=52.883), 0.0769107 s/step
Meep progress: 52.89475/72.33333206176758 = 73.1% done in 16654.9s, 6120.6s to go
on time step 211584 (time=52.896), 0.0772088 s/step
Meep progress: 52.9075/72.33333206176758 = 73.1% done in 16658.9s, 6116.6s to go
on time step 211635 (time=52.9087), 0.0793992 s/step
Meep progress: 52.91925/72.33333206176758 = 73.2% done in 16663.0s, 6113.0s to go
on time step 211679 (time=52.9198), 0.0919327 s/step
Meep progress: 52.93125/72.33333206176758 = 73.2% done in 16667.0s, 6109.3s to go
on time step 211730 (time=52.9325), 0.0797223 s/step
Meep progress: 52.94375/72.33333206176758 = 73.2% done in 16671.1s, 6105.4s to go
on time step 211780 (time=52.945), 0.080438 s/step
Meep progress: 52.95675/72.33333206176758 = 73.2% done in 16675.1s, 6101.3s to go
on time step 211832 (time=52.958), 0.0772307 s/step
Meep progress: 52.97/72.33333206176758 = 73.2% done in 16679.1s, 6097.1s to go
on time step 211885 (time=52.9712), 0.076824 s/step
Meep progress: 52.98225/72.33333206176758 = 73.2% done in 16683.2s, 6093.3s to go
on time step 211933 (time=52.9832), 0.08361 s/step
Meep progress: 52.994/72.33333206176758 = 73.3% done in 16687.2s, 6089.7s to go
on time step 211981 (time=52.9952), 0.0844167 s/step
Meep progress: 53.00725/72.33333206176758 = 73.3% done in 16691.3s, 6085.5s to go
on time step 212034 (time=53.0085), 0.0767342 s/step
Meep progress: 53.0205/72.33333206176758 = 73.3% done in 16695.3s, 6081.3s to go
on time step 212087 (time=53.0218), 0.0765215 s/step
Meep progress: 53.03375/72.33333206176758 = 73.3% done in 16699.4s, 6077.1s to go
on time step 212140 (time=53.035), 0.0764551 s/step
Meep progress: 53.04675/72.33333206176758 = 73.3% done in 16703.4s, 6073.0s to go
on time step 212192 (time=53.048), 0.0772796 s/step
Meep progress: 53.05975/72.33333206176758 = 73.4% done in 16707.5s, 6068.9s to go
on time step 212243 (time=53.0607), 0.0784406 s/step
Meep progress: 53.073/72.33333206176758 = 73.4% done in 16711.6s, 6064.7s to go
on time step 212296 (time=53.074), 0.0767525 s/step
Meep progress: 53.08625/72.33333206176758 = 73.4% done in 16715.6s, 6060.4s to go
on time step 212349 (time=53.0873), 0.0762757 s/step
Meep progress: 53.09925/72.33333206176758 = 73.4% done in 16719.6s, 6056.3s to go
on time step 212401 (time=53.1003), 0.0770809 s/step
Meep progress: 53.11225/72.33333206176758 = 73.4% done in 16723.7s, 6052.2s to go
on time step 212453 (time=53.1133), 0.0778002 s/step
Meep progress: 53.1255/72.33333206176758 = 73.4% done in 16727.7s, 6048.0s to go
on time step 212506 (time=53.1265), 0.0767708 s/step
Meep progress: 53.1385/72.33333206176758 = 73.5% done in 16731.7s, 6043.9s to go
on time step 212558 (time=53.1395), 0.0769777 s/step
Meep progress: 53.15175/72.33333206176758 = 73.5% done in 16735.8s, 6039.7s to go
on time step 212611 (time=53.1528), 0.0763191 s/step
Meep progress: 53.165/72.33333206176758 = 73.5% done in 16739.8s, 6035.4s to go
on time step 212664 (time=53.166), 0.0761021 s/step
Meep progress: 53.17825/72.33333206176758 = 73.5% done in 16743.9s, 6031.2s to go
on time step 212717 (time=53.1793), 0.0762338 s/step
Meep progress: 53.191250000000004/72.33333206176758 = 73.5% done in 16747.9s, 6027.1s to go
on time step 212769 (time=53.1923), 0.0770906 s/step
Meep progress: 53.2045/72.33333206176758 = 73.6% done in 16751.9s, 6022.9s to go
on time step 212822 (time=53.2055), 0.0764653 s/step
Meep progress: 53.21775/72.33333206176758 = 73.6% done in 16756.0s, 6018.7s to go
on time step 212875 (time=53.2188), 0.0764813 s/step
Meep progress: 53.231/72.33333206176758 = 73.6% done in 16760.0s, 6014.5s to go
on time step 212928 (time=53.232), 0.0764088 s/step
Meep progress: 53.24425/72.33333206176758 = 73.6% done in 16764.1s, 6010.2s to go
on time step 212981 (time=53.2452), 0.0766201 s/step
Meep progress: 53.25725/72.33333206176758 = 73.6% done in 16768.1s, 6006.1s to go
on time step 213033 (time=53.2583), 0.0771656 s/step
Meep progress: 53.2705/72.33333206176758 = 73.6% done in 16772.1s, 6001.9s to go
on time step 213086 (time=53.2715), 0.0761232 s/step
Meep progress: 53.28375/72.33333206176758 = 73.7% done in 16776.2s, 5997.7s to go
on time step 213138 (time=53.2845), 0.0770237 s/step
Meep progress: 53.297000000000004/72.33333206176758 = 73.7% done in 16780.3s, 5993.5s to go
on time step 213191 (time=53.2978), 0.0764241 s/step
Meep progress: 53.31/72.33333206176758 = 73.7% done in 16784.3s, 5989.4s to go
on time step 213243 (time=53.3107), 0.0783851 s/step
Meep progress: 53.32175/72.33333206176758 = 73.7% done in 16788.4s, 5985.8s to go
on time step 213290 (time=53.3225), 0.0863152 s/step
Meep progress: 53.3335/72.33333206176758 = 73.7% done in 16792.4s, 5982.2s to go
on time step 213337 (time=53.3343), 0.0858253 s/step
Meep progress: 53.34625/72.33333206176758 = 73.8% done in 16796.5s, 5978.2s to go
on time step 213388 (time=53.347), 0.0787589 s/step
Meep progress: 53.359500000000004/72.33333206176758 = 73.8% done in 16800.5s, 5974.0s to go
on time step 213441 (time=53.3603), 0.0764275 s/step
Meep progress: 53.3725/72.33333206176758 = 73.8% done in 16804.5s, 5969.9s to go
on time step 213493 (time=53.3732), 0.0770447 s/step
Meep progress: 53.3855/72.33333206176758 = 73.8% done in 16808.5s, 5965.8s to go
on time step 213545 (time=53.3863), 0.0774125 s/step
Meep progress: 53.39875/72.33333206176758 = 73.8% done in 16812.6s, 5961.5s to go
on time step 213598 (time=53.3995), 0.0762785 s/step
Meep progress: 53.412/72.33333206176758 = 73.8% done in 16816.6s, 5957.3s to go
on time step 213651 (time=53.4128), 0.0766545 s/step
Meep progress: 53.42525/72.33333206176758 = 73.9% done in 16820.7s, 5953.1s to go
on time step 213704 (time=53.426), 0.0760002 s/step
Meep progress: 53.438250000000004/72.33333206176758 = 73.9% done in 16824.7s, 5949.0s to go
on time step 213756 (time=53.439), 0.0769855 s/step
Meep progress: 53.4515/72.33333206176758 = 73.9% done in 16828.7s, 5944.8s to go
on time step 213809 (time=53.4522), 0.0765096 s/step
Meep progress: 53.4645/72.33333206176758 = 73.9% done in 16832.7s, 5940.7s to go
on time step 213861 (time=53.4653), 0.0771297 s/step
Meep progress: 53.4775/72.33333206176758 = 73.9% done in 16836.8s, 5936.5s to go
on time step 213913 (time=53.4783), 0.077131 s/step
Meep progress: 53.49075/72.33333206176758 = 74.0% done in 16840.8s, 5932.3s to go
on time step 213966 (time=53.4915), 0.0765556 s/step
Meep progress: 53.504/72.33333206176758 = 74.0% done in 16844.9s, 5928.1s to go
on time step 214019 (time=53.5048), 0.0763145 s/step
Meep progress: 53.517250000000004/72.33333206176758 = 74.0% done in 16848.9s, 5923.9s to go
on time step 214072 (time=53.518), 0.0764294 s/step
Meep progress: 53.53025/72.33333206176758 = 74.0% done in 16853.0s, 5919.8s to go
on time step 214124 (time=53.531), 0.0782118 s/step
Meep progress: 53.5435/72.33333206176758 = 74.0% done in 16857.0s, 5915.6s to go
on time step 214177 (time=53.5442), 0.0763252 s/step
Meep progress: 53.55675/72.33333206176758 = 74.0% done in 16861.1s, 5911.4s to go
on time step 214230 (time=53.5575), 0.0763237 s/step
Meep progress: 53.57/72.33333206176758 = 74.1% done in 16865.1s, 5907.2s to go
on time step 214283 (time=53.5708), 0.0765091 s/step
Meep progress: 53.583/72.33333206176758 = 74.1% done in 16869.1s, 5903.0s to go
on time step 214335 (time=53.5838), 0.0772154 s/step
Meep progress: 53.59625/72.33333206176758 = 74.1% done in 16873.2s, 5898.8s to go
on time step 214388 (time=53.597), 0.0760376 s/step
Meep progress: 53.60925/72.33333206176758 = 74.1% done in 16877.2s, 5894.7s to go
on time step 214440 (time=53.61), 0.0771499 s/step
Meep progress: 53.62225/72.33333206176758 = 74.1% done in 16881.2s, 5890.6s to go
on time step 214492 (time=53.623), 0.0777065 s/step
Meep progress: 53.6355/72.33333206176758 = 74.2% done in 16885.3s, 5886.4s to go
on time step 214545 (time=53.6363), 0.0761619 s/step
Meep progress: 53.6485/72.33333206176758 = 74.2% done in 16889.3s, 5882.2s to go
on time step 214597 (time=53.6493), 0.0772732 s/step
Meep progress: 53.66175/72.33333206176758 = 74.2% done in 16893.4s, 5878.0s to go
on time step 214650 (time=53.6625), 0.0768415 s/step
Meep progress: 53.67475/72.33333206176758 = 74.2% done in 16897.4s, 5873.9s to go
on time step 214702 (time=53.6755), 0.0772407 s/step
Meep progress: 53.68775/72.33333206176758 = 74.2% done in 16901.4s, 5869.8s to go
on time step 214755 (time=53.6887), 0.0768595 s/step
Meep progress: 53.701/72.33333206176758 = 74.2% done in 16905.4s, 5865.6s to go
on time step 214808 (time=53.702), 0.0762528 s/step
Meep progress: 53.71325/72.33333206176758 = 74.3% done in 16909.5s, 5861.8s to go
on time step 214857 (time=53.7142), 0.0823041 s/step
Meep progress: 53.72625/72.33333206176758 = 74.3% done in 16913.5s, 5857.7s to go
on time step 214909 (time=53.7272), 0.0769531 s/step
Meep progress: 53.7395/72.33333206176758 = 74.3% done in 16917.5s, 5853.4s to go
on time step 214962 (time=53.7405), 0.0762975 s/step
Meep progress: 53.75275/72.33333206176758 = 74.3% done in 16921.6s, 5849.2s to go
on time step 215015 (time=53.7538), 0.076634 s/step
Meep progress: 53.765750000000004/72.33333206176758 = 74.3% done in 16925.6s, 5845.1s to go
on time step 215067 (time=53.7668), 0.0780871 s/step
Meep progress: 53.77875/72.33333206176758 = 74.3% done in 16929.6s, 5841.0s to go
on time step 215119 (time=53.7797), 0.0772708 s/step
Meep progress: 53.792/72.33333206176758 = 74.4% done in 16933.7s, 5836.8s to go
on time step 215172 (time=53.793), 0.0761981 s/step
Meep progress: 53.80525/72.33333206176758 = 74.4% done in 16937.7s, 5832.6s to go
on time step 215225 (time=53.8062), 0.0763742 s/step
Meep progress: 53.8185/72.33333206176758 = 74.4% done in 16941.8s, 5828.4s to go
on time step 215278 (time=53.8195), 0.0768009 s/step
Meep progress: 53.83175/72.33333206176758 = 74.4% done in 16945.8s, 5824.2s to go
on time step 215331 (time=53.8328), 0.0760907 s/step
Meep progress: 53.845/72.33333206176758 = 74.4% done in 16949.9s, 5819.9s to go
on time step 215384 (time=53.846), 0.0762486 s/step
Meep progress: 53.858000000000004/72.33333206176758 = 74.5% done in 16953.9s, 5815.8s to go
on time step 215436 (time=53.859), 0.0780367 s/step
Meep progress: 53.871/72.33333206176758 = 74.5% done in 16958.0s, 5811.7s to go
on time step 215488 (time=53.872), 0.0776042 s/step
Meep progress: 53.88425/72.33333206176758 = 74.5% done in 16962.0s, 5807.5s to go
on time step 215541 (time=53.8852), 0.0761116 s/step
Meep progress: 53.8975/72.33333206176758 = 74.5% done in 16966.1s, 5803.3s to go
on time step 215594 (time=53.8985), 0.0766318 s/step
Meep progress: 53.91075/72.33333206176758 = 74.5% done in 16970.1s, 5799.1s to go
on time step 215647 (time=53.9117), 0.0767045 s/step
Meep progress: 53.92375/72.33333206176758 = 74.5% done in 16974.2s, 5795.0s to go
on time step 215699 (time=53.9248), 0.0775454 s/step
Meep progress: 53.937/72.33333206176758 = 74.6% done in 16978.2s, 5790.8s to go
on time step 215752 (time=53.938), 0.0767024 s/step
Meep progress: 53.950250000000004/72.33333206176758 = 74.6% done in 16982.3s, 5786.6s to go
on time step 215805 (time=53.9513), 0.0766159 s/step
Meep progress: 53.9635/72.33333206176758 = 74.6% done in 16986.4s, 5782.4s to go
on time step 215858 (time=53.9645), 0.0768206 s/step
Meep progress: 53.9765/72.33333206176758 = 74.6% done in 16990.4s, 5778.2s to go
on time step 215911 (time=53.9778), 0.0766321 s/step
Meep progress: 53.98975/72.33333206176758 = 74.6% done in 16994.4s, 5774.0s to go
on time step 215964 (time=53.991), 0.076254 s/step
Meep progress: 54.003/72.33333206176758 = 74.7% done in 16998.5s, 5769.8s to go
on time step 216017 (time=54.0042), 0.0765938 s/step
Meep progress: 54.016/72.33333206176758 = 74.7% done in 17002.5s, 5765.7s to go
on time step 216069 (time=54.0173), 0.0772319 s/step
Meep progress: 54.029/72.33333206176758 = 74.7% done in 17006.5s, 5761.6s to go
on time step 216121 (time=54.0303), 0.0774654 s/step
Meep progress: 54.042/72.33333206176758 = 74.7% done in 17010.5s, 5757.5s to go
on time step 216174 (time=54.0435), 0.0763814 s/step
Meep progress: 54.05525/72.33333206176758 = 74.7% done in 17014.5s, 5753.2s to go
on time step 216227 (time=54.0568), 0.0759449 s/step
Meep progress: 54.06825/72.33333206176758 = 74.7% done in 17018.5s, 5749.1s to go
on time step 216279 (time=54.0697), 0.0772872 s/step
Meep progress: 54.0815/72.33333206176758 = 74.8% done in 17022.6s, 5744.9s to go
on time step 216332 (time=54.083), 0.0766427 s/step
Meep progress: 54.09475/72.33333206176758 = 74.8% done in 17026.6s, 5740.7s to go
on time step 216385 (time=54.0962), 0.0766777 s/step
Meep progress: 54.108000000000004/72.33333206176758 = 74.8% done in 17030.7s, 5736.5s to go
on time step 216438 (time=54.1095), 0.0765689 s/step
Meep progress: 54.12075/72.33333206176758 = 74.8% done in 17034.8s, 5732.5s to go
on time step 216489 (time=54.1223), 0.0791743 s/step
Meep progress: 54.134/72.33333206176758 = 74.8% done in 17038.8s, 5728.3s to go
on time step 216542 (time=54.1355), 0.0764392 s/step
Meep progress: 54.14725/72.33333206176758 = 74.9% done in 17042.9s, 5724.1s to go
on time step 216595 (time=54.1487), 0.0766133 s/step
Meep progress: 54.16025/72.33333206176758 = 74.9% done in 17046.9s, 5720.0s to go
on time step 216647 (time=54.1617), 0.0771062 s/step
Meep progress: 54.173500000000004/72.33333206176758 = 74.9% done in 17050.9s, 5715.7s to go
on time step 216700 (time=54.175), 0.0759936 s/step
Meep progress: 54.18675/72.33333206176758 = 74.9% done in 17055.0s, 5711.5s to go
on time step 216753 (time=54.1883), 0.0766162 s/step
Meep progress: 54.2/72.33333206176758 = 74.9% done in 17059.0s, 5707.3s to go
on time step 216806 (time=54.2015), 0.0762911 s/step
Meep progress: 54.213/72.33333206176758 = 74.9% done in 17063.0s, 5703.2s to go
on time step 216858 (time=54.2145), 0.0769733 s/step
Meep progress: 54.226/72.33333206176758 = 75.0% done in 17067.0s, 5699.1s to go
on time step 216910 (time=54.2275), 0.07758 s/step
Meep progress: 54.23925/72.33333206176758 = 75.0% done in 17071.1s, 5694.9s to go
on time step 216963 (time=54.2407), 0.0761722 s/step
Meep progress: 54.252250000000004/72.33333206176758 = 75.0% done in 17075.1s, 5690.8s to go
on time step 217015 (time=54.2538), 0.0776912 s/step
Meep progress: 54.26525/72.33333206176758 = 75.0% done in 17079.2s, 5686.7s to go
on time step 217067 (time=54.2668), 0.077438 s/step
Meep progress: 54.2785/72.33333206176758 = 75.0% done in 17083.2s, 5682.4s to go
on time step 217120 (time=54.28), 0.0761945 s/step
Meep progress: 54.29175/72.33333206176758 = 75.1% done in 17087.3s, 5678.2s to go
on time step 217173 (time=54.2933), 0.0768491 s/step
Meep progress: 54.305/72.33333206176758 = 75.1% done in 17091.3s, 5674.0s to go
on time step 217226 (time=54.3065), 0.0769636 s/step
Meep progress: 54.318/72.33333206176758 = 75.1% done in 17095.3s, 5669.9s to go
on time step 217279 (time=54.3197), 0.0764052 s/step
Meep progress: 54.331250000000004/72.33333206176758 = 75.1% done in 17099.4s, 5665.7s to go
on time step 217332 (time=54.333), 0.0767741 s/step
Meep progress: 54.344500000000004/72.33333206176758 = 75.1% done in 17103.4s, 5661.5s to go
on time step 217385 (time=54.3462), 0.0764383 s/step
Meep progress: 54.3575/72.33333206176758 = 75.1% done in 17107.4s, 5657.4s to go
on time step 217438 (time=54.3595), 0.0769263 s/step
Meep progress: 54.37075/72.33333206176758 = 75.2% done in 17111.5s, 5653.2s to go
on time step 217491 (time=54.3728), 0.0759717 s/step
Meep progress: 54.384/72.33333206176758 = 75.2% done in 17115.5s, 5648.9s to go
on time step 217544 (time=54.386), 0.0763047 s/step
Meep progress: 54.39725/72.33333206176758 = 75.2% done in 17119.6s, 5644.7s to go
on time step 217597 (time=54.3993), 0.0763055 s/step
Meep progress: 54.41025/72.33333206176758 = 75.2% done in 17123.6s, 5640.6s to go
on time step 217649 (time=54.4123), 0.0771546 s/step
Meep progress: 54.42325/72.33333206176758 = 75.2% done in 17127.6s, 5636.5s to go
on time step 217701 (time=54.4252), 0.0772924 s/step
Meep progress: 54.4365/72.33333206176758 = 75.3% done in 17131.6s, 5632.3s to go
on time step 217754 (time=54.4385), 0.0762215 s/step
Meep progress: 54.44975/72.33333206176758 = 75.3% done in 17135.7s, 5628.1s to go
on time step 217807 (time=54.4518), 0.0760338 s/step
Meep progress: 54.46275/72.33333206176758 = 75.3% done in 17139.7s, 5624.0s to go
on time step 217859 (time=54.4648), 0.0778007 s/step
Meep progress: 54.476/72.33333206176758 = 75.3% done in 17143.7s, 5619.7s to go
on time step 217912 (time=54.478), 0.0758291 s/step
Meep progress: 54.48925/72.33333206176758 = 75.3% done in 17147.8s, 5615.5s to go
on time step 217965 (time=54.4913), 0.0767394 s/step
Meep progress: 54.502250000000004/72.33333206176758 = 75.3% done in 17151.9s, 5611.4s to go
on time step 218017 (time=54.5042), 0.0781492 s/step
Meep progress: 54.5155/72.33333206176758 = 75.4% done in 17155.9s, 5607.2s to go
on time step 218070 (time=54.5175), 0.0763723 s/step
Meep progress: 54.52875/72.33333206176758 = 75.4% done in 17160.0s, 5603.0s to go
on time step 218123 (time=54.5307), 0.0767598 s/step
Meep progress: 54.542/72.33333206176758 = 75.4% done in 17164.0s, 5598.8s to go
on time step 218176 (time=54.544), 0.0764214 s/step
Meep progress: 54.555/72.33333206176758 = 75.4% done in 17168.0s, 5594.7s to go
on time step 218228 (time=54.557), 0.077011 s/step
Meep progress: 54.56825/72.33333206176758 = 75.4% done in 17172.1s, 5590.5s to go
on time step 218281 (time=54.5703), 0.0763182 s/step
Meep progress: 54.5815/72.33333206176758 = 75.5% done in 17176.1s, 5586.3s to go
on time step 218334 (time=54.5835), 0.0765569 s/step
Meep progress: 54.594500000000004/72.33333206176758 = 75.5% done in 17180.2s, 5582.2s to go
on time step 218386 (time=54.5965), 0.077975 s/step
Meep progress: 54.6075/72.33333206176758 = 75.5% done in 17184.2s, 5578.1s to go
on time step 218438 (time=54.6095), 0.0770454 s/step
Meep progress: 54.62075/72.33333206176758 = 75.5% done in 17188.3s, 5573.9s to go
on time step 218491 (time=54.6228), 0.0768549 s/step
Meep progress: 54.634/72.33333206176758 = 75.5% done in 17192.3s, 5569.7s to go
on time step 218543 (time=54.6358), 0.077356 s/step
Meep progress: 54.64725/72.33333206176758 = 75.5% done in 17196.4s, 5565.5s to go
on time step 218596 (time=54.649), 0.076831 s/step
Meep progress: 54.66025/72.33333206176758 = 75.6% done in 17200.4s, 5561.3s to go
on time step 218649 (time=54.6623), 0.0765034 s/step
Meep progress: 54.673500000000004/72.33333206176758 = 75.6% done in 17204.5s, 5557.1s to go
on time step 218702 (time=54.6755), 0.0763306 s/step
Meep progress: 54.6865/72.33333206176758 = 75.6% done in 17208.5s, 5553.0s to go
on time step 218754 (time=54.6885), 0.0779131 s/step
Meep progress: 54.6985/72.33333206176758 = 75.6% done in 17212.6s, 5549.3s to go
on time step 218802 (time=54.7005), 0.0847193 s/step
Meep progress: 54.7115/72.33333206176758 = 75.6% done in 17216.6s, 5545.2s to go
on time step 218854 (time=54.7135), 0.0782374 s/step
Meep progress: 54.72425/72.33333206176758 = 75.7% done in 17220.7s, 5541.3s to go
on time step 218905 (time=54.7263), 0.0794925 s/step
Meep progress: 54.73725/72.33333206176758 = 75.7% done in 17224.8s, 5537.1s to go
on time step 218957 (time=54.7392), 0.0777019 s/step
Meep progress: 54.75025/72.33333206176758 = 75.7% done in 17228.8s, 5533.0s to go
on time step 219009 (time=54.7523), 0.0779359 s/step
Meep progress: 54.76325/72.33333206176758 = 75.7% done in 17232.8s, 5528.9s to go
on time step 219061 (time=54.7653), 0.0773903 s/step
Meep progress: 54.7765/72.33333206176758 = 75.7% done in 17236.9s, 5524.7s to go
on time step 219114 (time=54.7785), 0.0761384 s/step
Meep progress: 54.78975/72.33333206176758 = 75.7% done in 17241.0s, 5520.5s to go
on time step 219166 (time=54.7915), 0.0773921 s/step
Meep progress: 54.8025/72.33333206176758 = 75.8% done in 17245.0s, 5516.5s to go
on time step 219217 (time=54.8043), 0.0786528 s/step
Meep progress: 54.81525/72.33333206176758 = 75.8% done in 17249.0s, 5512.5s to go
on time step 219268 (time=54.817), 0.0785344 s/step
Meep progress: 54.828250000000004/72.33333206176758 = 75.8% done in 17253.0s, 5508.4s to go
on time step 219320 (time=54.83), 0.0782747 s/step
Meep progress: 54.841/72.33333206176758 = 75.8% done in 17257.0s, 5504.4s to go
on time step 219371 (time=54.8428), 0.0785586 s/step
Meep progress: 54.85375/72.33333206176758 = 75.8% done in 17261.1s, 5500.4s to go
on time step 219422 (time=54.8555), 0.0795007 s/step
Meep progress: 54.8665/72.33333206176758 = 75.9% done in 17265.1s, 5496.4s to go
on time step 219474 (time=54.8685), 0.0782559 s/step
Meep progress: 54.879/72.33333206176758 = 75.9% done in 17269.2s, 5492.5s to go
on time step 219523 (time=54.8807), 0.081738 s/step
Meep progress: 54.89175/72.33333206176758 = 75.9% done in 17273.2s, 5488.5s to go
on time step 219575 (time=54.8938), 0.0782597 s/step
Meep progress: 54.9045/72.33333206176758 = 75.9% done in 17277.2s, 5484.5s to go
on time step 219626 (time=54.9065), 0.0787685 s/step
Meep progress: 54.917500000000004/72.33333206176758 = 75.9% done in 17281.2s, 5480.3s to go
on time step 219678 (time=54.9195), 0.0770686 s/step
Meep progress: 54.93075/72.33333206176758 = 75.9% done in 17285.3s, 5476.1s to go
on time step 219731 (time=54.9327), 0.0758014 s/step
Meep progress: 54.94375/72.33333206176758 = 76.0% done in 17289.3s, 5472.0s to go
on time step 219783 (time=54.9458), 0.0773903 s/step
Meep progress: 54.957/72.33333206176758 = 76.0% done in 17293.3s, 5467.8s to go
on time step 219836 (time=54.959), 0.0765811 s/step
Meep progress: 54.97025/72.33333206176758 = 76.0% done in 17297.4s, 5463.6s to go
on time step 219889 (time=54.9723), 0.0765127 s/step
Meep progress: 54.9835/72.33333206176758 = 76.0% done in 17301.5s, 5459.4s to go
on time step 219941 (time=54.9853), 0.0772061 s/step
Meep progress: 54.996500000000005/72.33333206176758 = 76.0% done in 17305.5s, 5455.3s to go
on time step 219994 (time=54.9985), 0.0763912 s/step
Meep progress: 55.0095/72.33333206176758 = 76.1% done in 17309.5s, 5451.2s to go
on time step 220046 (time=55.0115), 0.077089 s/step
Meep progress: 55.02275/72.33333206176758 = 76.1% done in 17313.5s, 5447.0s to go
on time step 220099 (time=55.0248), 0.0762256 s/step
Meep progress: 55.036/72.33333206176758 = 76.1% done in 17317.6s, 5442.8s to go
on time step 220151 (time=55.0378), 0.076975 s/step
Meep progress: 55.04925/72.33333206176758 = 76.1% done in 17321.6s, 5438.6s to go
on time step 220204 (time=55.051), 0.076282 s/step
Meep progress: 55.0625/72.33333206176758 = 76.1% done in 17325.7s, 5434.4s to go
on time step 220257 (time=55.0643), 0.0764032 s/step
Meep progress: 55.07575/72.33333206176758 = 76.1% done in 17329.8s, 5430.2s to go
on time step 220310 (time=55.0775), 0.0766247 s/step
Meep progress: 55.089/72.33333206176758 = 76.2% done in 17333.8s, 5425.9s to go
on time step 220363 (time=55.0907), 0.0768828 s/step
Meep progress: 55.10225/72.33333206176758 = 76.2% done in 17337.9s, 5421.7s to go
on time step 220416 (time=55.104), 0.0760665 s/step
Meep progress: 55.115500000000004/72.33333206176758 = 76.2% done in 17341.9s, 5417.5s to go
on time step 220469 (time=55.1172), 0.0761918 s/step
Meep progress: 55.128750000000004/72.33333206176758 = 76.2% done in 17345.9s, 5413.3s to go
on time step 220522 (time=55.1305), 0.0759371 s/step
Meep progress: 55.14175/72.33333206176758 = 76.2% done in 17349.9s, 5409.2s to go
on time step 220574 (time=55.1435), 0.0770333 s/step
Meep progress: 55.155/72.33333206176758 = 76.3% done in 17354.0s, 5405.0s to go
on time step 220627 (time=55.1568), 0.0766762 s/step
Meep progress: 55.16825/72.33333206176758 = 76.3% done in 17358.0s, 5400.8s to go
on time step 220680 (time=55.17), 0.0763958 s/step
Meep progress: 55.18125/72.33333206176758 = 76.3% done in 17362.0s, 5396.7s to go
on time step 220732 (time=55.183), 0.0769731 s/step
Meep progress: 55.1945/72.33333206176758 = 76.3% done in 17366.1s, 5392.5s to go
on time step 220784 (time=55.196), 0.0771568 s/step
Meep progress: 55.2075/72.33333206176758 = 76.3% done in 17370.1s, 5388.4s to go
on time step 220837 (time=55.2093), 0.0767172 s/step
Meep progress: 55.22075/72.33333206176758 = 76.3% done in 17374.2s, 5384.1s to go
on time step 220890 (time=55.2225), 0.0761943 s/step
Meep progress: 55.23375/72.33333206176758 = 76.4% done in 17378.2s, 5380.0s to go
on time step 220942 (time=55.2355), 0.0769425 s/step
Meep progress: 55.247/72.33333206176758 = 76.4% done in 17382.2s, 5375.8s to go
on time step 220995 (time=55.2488), 0.0758678 s/step
Meep progress: 55.26025/72.33333206176758 = 76.4% done in 17386.2s, 5371.6s to go
on time step 221048 (time=55.262), 0.076352 s/step
Meep progress: 55.273250000000004/72.33333206176758 = 76.4% done in 17390.3s, 5367.5s to go
on time step 221100 (time=55.275), 0.0775689 s/step
Meep progress: 55.28625/72.33333206176758 = 76.4% done in 17394.3s, 5363.4s to go
on time step 221153 (time=55.2882), 0.0767946 s/step
Meep progress: 55.2995/72.33333206176758 = 76.5% done in 17398.3s, 5359.2s to go
on time step 221206 (time=55.3015), 0.0760947 s/step
Meep progress: 55.31275/72.33333206176758 = 76.5% done in 17402.3s, 5355.0s to go
on time step 221259 (time=55.3148), 0.0762801 s/step
Meep progress: 55.32575/72.33333206176758 = 76.5% done in 17406.3s, 5350.9s to go
on time step 221311 (time=55.3278), 0.0777329 s/step
Meep progress: 55.339/72.33333206176758 = 76.5% done in 17410.4s, 5346.7s to go
on time step 221364 (time=55.341), 0.0762372 s/step
Meep progress: 55.35225/72.33333206176758 = 76.5% done in 17414.5s, 5342.4s to go
on time step 221417 (time=55.3543), 0.0759249 s/step
Meep progress: 55.365500000000004/72.33333206176758 = 76.5% done in 17418.5s, 5338.2s to go
on time step 221470 (time=55.3675), 0.0760559 s/step
Meep progress: 55.378750000000004/72.33333206176758 = 76.6% done in 17422.6s, 5334.0s to go
on time step 221523 (time=55.3807), 0.0768933 s/step
Meep progress: 55.392/72.33333206176758 = 76.6% done in 17426.6s, 5329.8s to go
on time step 221576 (time=55.394), 0.0762154 s/step
Meep progress: 55.40525/72.33333206176758 = 76.6% done in 17430.6s, 5325.6s to go
on time step 221629 (time=55.4072), 0.0754956 s/step
Meep progress: 55.4185/72.33333206176758 = 76.6% done in 17434.6s, 5321.4s to go
on time step 221682 (time=55.4205), 0.0764198 s/step
Meep progress: 55.4315/72.33333206176758 = 76.6% done in 17438.7s, 5317.3s to go
on time step 221734 (time=55.4335), 0.0772021 s/step
Meep progress: 55.44475/72.33333206176758 = 76.7% done in 17442.7s, 5313.1s to go
on time step 221787 (time=55.4468), 0.0760925 s/step
Meep progress: 55.45825/72.33333206176758 = 76.7% done in 17446.8s, 5308.8s to go
on time step 221841 (time=55.4603), 0.0753986 s/step
Meep progress: 55.4715/72.33333206176758 = 76.7% done in 17450.8s, 5304.6s to go
on time step 221893 (time=55.4733), 0.0770114 s/step
Meep progress: 55.484500000000004/72.33333206176758 = 76.7% done in 17454.9s, 5300.5s to go
on time step 221945 (time=55.4862), 0.0775819 s/step
Meep progress: 55.49775/72.33333206176758 = 76.7% done in 17458.9s, 5296.3s to go
on time step 221998 (time=55.4995), 0.0761886 s/step
Meep progress: 55.511/72.33333206176758 = 76.7% done in 17463.0s, 5292.1s to go
on time step 222051 (time=55.5128), 0.0759286 s/step
Meep progress: 55.52425/72.33333206176758 = 76.8% done in 17467.0s, 5287.9s to go
on time step 222103 (time=55.5258), 0.0771516 s/step
Meep progress: 55.5375/72.33333206176758 = 76.8% done in 17471.1s, 5283.7s to go
on time step 222156 (time=55.539), 0.0760855 s/step
Meep progress: 55.55075/72.33333206176758 = 76.8% done in 17475.1s, 5279.5s to go
on time step 222209 (time=55.5523), 0.0760476 s/step
Meep progress: 55.564/72.33333206176758 = 76.8% done in 17479.2s, 5275.3s to go
on time step 222261 (time=55.5652), 0.0771212 s/step
Meep progress: 55.576750000000004/72.33333206176758 = 76.8% done in 17483.2s, 5271.2s to go
on time step 222313 (time=55.5783), 0.078126 s/step
Meep progress: 55.58975/72.33333206176758 = 76.9% done in 17487.2s, 5267.1s to go
on time step 222365 (time=55.5913), 0.0777703 s/step
Meep progress: 55.603/72.33333206176758 = 76.9% done in 17491.2s, 5262.9s to go
on time step 222418 (time=55.6045), 0.0757127 s/step
Meep progress: 55.61625/72.33333206176758 = 76.9% done in 17495.3s, 5258.7s to go
on time step 222471 (time=55.6178), 0.076187 s/step
Meep progress: 55.62925/72.33333206176758 = 76.9% done in 17499.3s, 5254.6s to go
on time step 222523 (time=55.6307), 0.0773399 s/step
Meep progress: 55.642250000000004/72.33333206176758 = 76.9% done in 17503.3s, 5250.5s to go
on time step 222575 (time=55.6438), 0.0775679 s/step
Meep progress: 55.6555/72.33333206176758 = 76.9% done in 17507.3s, 5246.3s to go
on time step 222628 (time=55.657), 0.0757115 s/step
Meep progress: 55.66875/72.33333206176758 = 77.0% done in 17511.4s, 5242.1s to go
on time step 222681 (time=55.6703), 0.0764109 s/step
Meep progress: 55.68175/72.33333206176758 = 77.0% done in 17515.4s, 5238.0s to go
on time step 222734 (time=55.6835), 0.0767969 s/step
Meep progress: 55.695/72.33333206176758 = 77.0% done in 17519.4s, 5233.8s to go
on time step 222787 (time=55.6968), 0.0764506 s/step
Meep progress: 55.708/72.33333206176758 = 77.0% done in 17523.5s, 5229.7s to go
on time step 222838 (time=55.7095), 0.0786373 s/step
Meep progress: 55.7205/72.33333206176758 = 77.0% done in 17527.5s, 5225.8s to go
on time step 222888 (time=55.722), 0.0804982 s/step
Meep progress: 55.73325/72.33333206176758 = 77.1% done in 17531.6s, 5221.8s to go
on time step 222939 (time=55.7347), 0.0792569 s/step
Meep progress: 55.74625/72.33333206176758 = 77.1% done in 17535.6s, 5217.7s to go
on time step 222992 (time=55.748), 0.0768906 s/step
Meep progress: 55.7595/72.33333206176758 = 77.1% done in 17539.6s, 5213.4s to go
on time step 223045 (time=55.7613), 0.0761239 s/step
Meep progress: 55.77275/72.33333206176758 = 77.1% done in 17543.7s, 5209.2s to go
on time step 223097 (time=55.7743), 0.0769554 s/step
Meep progress: 55.78575/72.33333206176758 = 77.1% done in 17547.7s, 5205.1s to go
on time step 223149 (time=55.7873), 0.077401 s/step
Meep progress: 55.798500000000004/72.33333206176758 = 77.1% done in 17551.8s, 5201.1s to go
on time step 223200 (time=55.8), 0.0796073 s/step
Meep progress: 55.81175/72.33333206176758 = 77.2% done in 17555.9s, 5196.9s to go
on time step 223253 (time=55.8133), 0.0762809 s/step
Meep progress: 55.8245/72.33333206176758 = 77.2% done in 17559.9s, 5192.9s to go
on time step 223304 (time=55.826), 0.0785695 s/step
Meep progress: 55.83775/72.33333206176758 = 77.2% done in 17563.9s, 5188.7s to go
on time step 223357 (time=55.8392), 0.076615 s/step
Meep progress: 55.85075/72.33333206176758 = 77.2% done in 17567.9s, 5184.6s to go
on time step 223410 (time=55.8525), 0.0766204 s/step
Meep progress: 55.86375/72.33333206176758 = 77.2% done in 17571.9s, 5180.5s to go
on time step 223462 (time=55.8655), 0.0777745 s/step
Meep progress: 55.877/72.33333206176758 = 77.2% done in 17576.0s, 5176.3s to go
on time step 223515 (time=55.8788), 0.0762819 s/step
Meep progress: 55.89025/72.33333206176758 = 77.3% done in 17580.0s, 5172.1s to go
on time step 223568 (time=55.892), 0.0760286 s/step
Meep progress: 55.9035/72.33333206176758 = 77.3% done in 17584.1s, 5167.9s to go
on time step 223621 (time=55.9053), 0.0761353 s/step
Meep progress: 55.9165/72.33333206176758 = 77.3% done in 17588.1s, 5163.8s to go
on time step 223673 (time=55.9183), 0.0772144 s/step
Meep progress: 55.92975/72.33333206176758 = 77.3% done in 17592.1s, 5159.6s to go
on time step 223726 (time=55.9315), 0.0760585 s/step
Meep progress: 55.943/72.33333206176758 = 77.3% done in 17596.2s, 5155.4s to go
on time step 223779 (time=55.9447), 0.076313 s/step
Meep progress: 55.956250000000004/72.33333206176758 = 77.4% done in 17600.2s, 5151.2s to go
on time step 223832 (time=55.958), 0.076254 s/step
Meep progress: 55.96925/72.33333206176758 = 77.4% done in 17604.2s, 5147.1s to go
on time step 223884 (time=55.971), 0.077021 s/step
Meep progress: 55.98225/72.33333206176758 = 77.4% done in 17608.2s, 5142.9s to go
on time step 223937 (time=55.9843), 0.0768507 s/step
Meep progress: 55.9955/72.33333206176758 = 77.4% done in 17612.2s, 5138.7s to go
on time step 223990 (time=55.9975), 0.0760921 s/step
Meep progress: 56.00875/72.33333206176758 = 77.4% done in 17616.3s, 5134.5s to go
on time step 224043 (time=56.0108), 0.0765328 s/step
Meep progress: 56.021750000000004/72.33333206176758 = 77.4% done in 17620.3s, 5130.4s to go
on time step 224096 (time=56.024), 0.0767976 s/step
Meep progress: 56.035000000000004/72.33333206176758 = 77.5% done in 17624.3s, 5126.2s to go
on time step 224149 (time=56.0373), 0.0762888 s/step
Meep progress: 56.04825/72.33333206176758 = 77.5% done in 17628.4s, 5122.0s to go
on time step 224202 (time=56.0505), 0.0763765 s/step
Meep progress: 56.0615/72.33333206176758 = 77.5% done in 17632.4s, 5117.8s to go
on time step 224254 (time=56.0635), 0.0769372 s/step
Meep progress: 56.07475/72.33333206176758 = 77.5% done in 17636.5s, 5113.6s to go
on time step 224307 (time=56.0768), 0.0764602 s/step
Meep progress: 56.088/72.33333206176758 = 77.5% done in 17640.6s, 5109.4s to go
on time step 224360 (time=56.09), 0.0765137 s/step
Meep progress: 56.10125/72.33333206176758 = 77.6% done in 17644.6s, 5105.2s to go
on time step 224413 (time=56.1033), 0.076416 s/step
Meep progress: 56.11425/72.33333206176758 = 77.6% done in 17648.6s, 5101.1s to go
on time step 224465 (time=56.1163), 0.0770023 s/step
Meep progress: 56.1275/72.33333206176758 = 77.6% done in 17652.7s, 5096.9s to go
on time step 224518 (time=56.1295), 0.0760155 s/step
Meep progress: 56.140750000000004/72.33333206176758 = 77.6% done in 17656.7s, 5092.7s to go
on time step 224571 (time=56.1427), 0.0763268 s/step
Meep progress: 56.154/72.33333206176758 = 77.6% done in 17660.7s, 5088.5s to go
on time step 224624 (time=56.156), 0.0760646 s/step
Meep progress: 56.167/72.33333206176758 = 77.7% done in 17664.7s, 5084.4s to go
on time step 224676 (time=56.169), 0.0772865 s/step
Meep progress: 56.17975/72.33333206176758 = 77.7% done in 17668.8s, 5080.4s to go
on time step 224727 (time=56.1818), 0.0790325 s/step
Meep progress: 56.193/72.33333206176758 = 77.7% done in 17672.8s, 5076.2s to go
on time step 224780 (time=56.195), 0.0764441 s/step
Meep progress: 56.206250000000004/72.33333206176758 = 77.7% done in 17676.9s, 5072.0s to go
on time step 224832 (time=56.208), 0.0770954 s/step
Meep progress: 56.21925/72.33333206176758 = 77.7% done in 17680.9s, 5067.9s to go
on time step 224885 (time=56.2212), 0.0763931 s/step
Meep progress: 56.23225/72.33333206176758 = 77.7% done in 17684.9s, 5063.8s to go
on time step 224937 (time=56.2343), 0.0777685 s/step
Meep progress: 56.2455/72.33333206176758 = 77.8% done in 17689.0s, 5059.6s to go
on time step 224990 (time=56.2475), 0.0766994 s/step
Meep progress: 56.2585/72.33333206176758 = 77.8% done in 17693.0s, 5055.5s to go
on time step 225042 (time=56.2605), 0.0775502 s/step
Meep progress: 56.271750000000004/72.33333206176758 = 77.8% done in 17697.1s, 5051.3s to go
on time step 225095 (time=56.2737), 0.0766864 s/step
Meep progress: 56.285000000000004/72.33333206176758 = 77.8% done in 17701.1s, 5047.1s to go
on time step 225148 (time=56.287), 0.0764187 s/step
Meep progress: 56.29825/72.33333206176758 = 77.8% done in 17705.2s, 5042.9s to go
on time step 225201 (time=56.3002), 0.0766908 s/step
Meep progress: 56.31125/72.33333206176758 = 77.8% done in 17709.2s, 5038.8s to go
on time step 225253 (time=56.3133), 0.0771646 s/step
Meep progress: 56.3245/72.33333206176758 = 77.9% done in 17713.3s, 5034.6s to go
on time step 225306 (time=56.3265), 0.0761365 s/step
Meep progress: 56.33775/72.33333206176758 = 77.9% done in 17717.3s, 5030.4s to go
on time step 225359 (time=56.3398), 0.0763008 s/step
Meep progress: 56.351/72.33333206176758 = 77.9% done in 17721.3s, 5026.1s to go
on time step 225412 (time=56.353), 0.0761822 s/step
Meep progress: 56.364000000000004/72.33333206176758 = 77.9% done in 17725.3s, 5022.0s to go
on time step 225465 (time=56.3663), 0.0768432 s/step
Meep progress: 56.377250000000004/72.33333206176758 = 77.9% done in 17729.4s, 5017.8s to go
on time step 225518 (time=56.3795), 0.0764331 s/step
Meep progress: 56.3905/72.33333206176758 = 78.0% done in 17733.4s, 5013.6s to go
on time step 225571 (time=56.3927), 0.0757991 s/step
Meep progress: 56.40375/72.33333206176758 = 78.0% done in 17737.5s, 5009.4s to go
on time step 225624 (time=56.406), 0.0765233 s/step
Meep progress: 56.417/72.33333206176758 = 78.0% done in 17741.5s, 5005.2s to go
on time step 225677 (time=56.4192), 0.0762535 s/step
Meep progress: 56.43025/72.33333206176758 = 78.0% done in 17745.6s, 5001.0s to go
on time step 225730 (time=56.4325), 0.0761279 s/step
Meep progress: 56.44325/72.33333206176758 = 78.0% done in 17749.6s, 4996.9s to go
on time step 225782 (time=56.4455), 0.0780608 s/step
Meep progress: 56.456250000000004/72.33333206176758 = 78.1% done in 17753.6s, 4992.8s to go
on time step 225834 (time=56.4585), 0.0770772 s/step
Meep progress: 56.469500000000004/72.33333206176758 = 78.1% done in 17757.7s, 4988.6s to go
on time step 225887 (time=56.4718), 0.0764303 s/step
Meep progress: 56.48275/72.33333206176758 = 78.1% done in 17761.7s, 4984.4s to go
on time step 225940 (time=56.485), 0.0763098 s/step
Meep progress: 56.496/72.33333206176758 = 78.1% done in 17765.8s, 4980.2s to go
on time step 225993 (time=56.4982), 0.0763026 s/step
Meep progress: 56.50925/72.33333206176758 = 78.1% done in 17769.8s, 4976.0s to go
on time step 226046 (time=56.5115), 0.0764608 s/step
Meep progress: 56.5225/72.33333206176758 = 78.1% done in 17773.8s, 4971.8s to go
on time step 226099 (time=56.5248), 0.0760675 s/step
Meep progress: 56.53575/72.33333206176758 = 78.2% done in 17777.9s, 4967.6s to go
on time step 226152 (time=56.538), 0.0766698 s/step
Meep progress: 56.54875/72.33333206176758 = 78.2% done in 17781.9s, 4963.5s to go
on time step 226204 (time=56.551), 0.0772399 s/step
Meep progress: 56.56175/72.33333206176758 = 78.2% done in 17785.9s, 4959.4s to go
on time step 226257 (time=56.5643), 0.0769023 s/step
Meep progress: 56.575/72.33333206176758 = 78.2% done in 17790.0s, 4955.2s to go
on time step 226310 (time=56.5775), 0.0760859 s/step
Meep progress: 56.58825/72.33333206176758 = 78.2% done in 17794.0s, 4951.0s to go
on time step 226363 (time=56.5907), 0.0761863 s/step
Meep progress: 56.6015/72.33333206176758 = 78.3% done in 17798.0s, 4946.8s to go
on time step 226416 (time=56.604), 0.0762189 s/step
Meep progress: 56.61475/72.33333206176758 = 78.3% done in 17802.1s, 4942.6s to go
on time step 226469 (time=56.6172), 0.0759173 s/step
Meep progress: 56.62775/72.33333206176758 = 78.3% done in 17806.1s, 4938.5s to go
on time step 226521 (time=56.6303), 0.0780205 s/step
Meep progress: 56.641/72.33333206176758 = 78.3% done in 17810.2s, 4934.3s to go
on time step 226574 (time=56.6435), 0.0762258 s/step
Meep progress: 56.654250000000005/72.33333206176758 = 78.3% done in 17814.2s, 4930.1s to go
on time step 226627 (time=56.6568), 0.0762942 s/step
Meep progress: 56.667500000000004/72.33333206176758 = 78.3% done in 17818.3s, 4925.9s to go
on time step 226680 (time=56.67), 0.0765152 s/step
Meep progress: 56.68075/72.33333206176758 = 78.4% done in 17822.3s, 4921.7s to go
on time step 226733 (time=56.6833), 0.0761603 s/step
Meep progress: 56.694/72.33333206176758 = 78.4% done in 17826.3s, 4917.5s to go
on time step 226786 (time=56.6965), 0.0760024 s/step
Meep progress: 56.707/72.33333206176758 = 78.4% done in 17830.3s, 4913.4s to go
on time step 226839 (time=56.7097), 0.0767824 s/step
Meep progress: 56.72025/72.33333206176758 = 78.4% done in 17834.4s, 4909.2s to go
on time step 226892 (time=56.723), 0.0759642 s/step
Meep progress: 56.7335/72.33333206176758 = 78.4% done in 17838.4s, 4905.0s to go
on time step 226945 (time=56.7362), 0.0760631 s/step
Meep progress: 56.74675/72.33333206176758 = 78.5% done in 17842.4s, 4900.8s to go
on time step 226998 (time=56.7495), 0.0763369 s/step
Meep progress: 56.76/72.33333206176758 = 78.5% done in 17846.5s, 4896.6s to go
on time step 227050 (time=56.7625), 0.0769451 s/step
Meep progress: 56.773250000000004/72.33333206176758 = 78.5% done in 17850.5s, 4892.4s to go
on time step 227103 (time=56.7758), 0.0758287 s/step
Meep progress: 56.786500000000004/72.33333206176758 = 78.5% done in 17854.6s, 4888.2s to go
on time step 227156 (time=56.789), 0.0756516 s/step
Meep progress: 56.79975/72.33333206176758 = 78.5% done in 17858.6s, 4884.0s to go
on time step 227209 (time=56.8023), 0.0769702 s/step
Meep progress: 56.813/72.33333206176758 = 78.5% done in 17862.7s, 4879.8s to go
on time step 227262 (time=56.8155), 0.0759537 s/step
Meep progress: 56.82625/72.33333206176758 = 78.6% done in 17866.7s, 4875.6s to go
on time step 227315 (time=56.8287), 0.0758868 s/step
Meep progress: 56.8395/72.33333206176758 = 78.6% done in 17870.7s, 4871.4s to go
on time step 227368 (time=56.842), 0.0763638 s/step
Meep progress: 56.85275/72.33333206176758 = 78.6% done in 17874.8s, 4867.2s to go
on time step 227421 (time=56.8552), 0.0765368 s/step
Meep progress: 56.866/72.33333206176758 = 78.6% done in 17878.8s, 4863.0s to go
on time step 227474 (time=56.8685), 0.0762532 s/step
Meep progress: 56.87925/72.33333206176758 = 78.6% done in 17882.8s, 4858.8s to go
on time step 227527 (time=56.8818), 0.0755565 s/step
Meep progress: 56.892250000000004/72.33333206176758 = 78.7% done in 17886.9s, 4854.7s to go
on time step 227578 (time=56.8945), 0.0794958 s/step
Meep progress: 56.90475/72.33333206176758 = 78.7% done in 17890.9s, 4850.8s to go
on time step 227629 (time=56.9072), 0.0790626 s/step
Meep progress: 56.917500000000004/72.33333206176758 = 78.7% done in 17894.9s, 4846.8s to go
on time step 227680 (time=56.92), 0.0789971 s/step
Meep progress: 56.9305/72.33333206176758 = 78.7% done in 17898.9s, 4842.6s to go
on time step 227733 (time=56.9333), 0.0764836 s/step
Meep progress: 56.94375/72.33333206176758 = 78.7% done in 17903.0s, 4838.4s to go
on time step 227786 (time=56.9465), 0.0762698 s/step
Meep progress: 56.957/72.33333206176758 = 78.7% done in 17907.0s, 4834.2s to go
on time step 227839 (time=56.9597), 0.0765395 s/step
Meep progress: 56.97025/72.33333206176758 = 78.8% done in 17911.0s, 4830.0s to go
on time step 227893 (time=56.9733), 0.0753015 s/step
Meep progress: 56.9835/72.33333206176758 = 78.8% done in 17915.0s, 4825.8s to go
on time step 227946 (time=56.9865), 0.0759439 s/step
Meep progress: 56.99675/72.33333206176758 = 78.8% done in 17919.1s, 4821.6s to go
on time step 227999 (time=56.9997), 0.0768616 s/step
Meep progress: 57.01/72.33333206176758 = 78.8% done in 17923.2s, 4817.4s to go
on time step 228052 (time=57.013), 0.0761715 s/step
Meep progress: 57.023250000000004/72.33333206176758 = 78.8% done in 17927.2s, 4813.2s to go
on time step 228105 (time=57.0263), 0.0763608 s/step
Meep progress: 57.036/72.33333206176758 = 78.9% done in 17931.2s, 4809.2s to go
on time step 228156 (time=57.039), 0.0796318 s/step
Meep progress: 57.049/72.33333206176758 = 78.9% done in 17935.3s, 4805.1s to go
on time step 228209 (time=57.0523), 0.0767836 s/step
Meep progress: 57.06225/72.33333206176758 = 78.9% done in 17939.3s, 4800.9s to go
on time step 228262 (time=57.0655), 0.0762076 s/step
Meep progress: 57.0755/72.33333206176758 = 78.9% done in 17943.3s, 4796.7s to go
on time step 228315 (time=57.0787), 0.0761513 s/step
Meep progress: 57.088750000000005/72.33333206176758 = 78.9% done in 17947.4s, 4792.5s to go
on time step 228368 (time=57.092), 0.0767022 s/step
Meep progress: 57.102000000000004/72.33333206176758 = 78.9% done in 17951.4s, 4788.3s to go
on time step 228421 (time=57.1052), 0.0759815 s/step
Meep progress: 57.11525/72.33333206176758 = 79.0% done in 17955.5s, 4784.1s to go
on time step 228474 (time=57.1185), 0.0760453 s/step
Meep progress: 57.1285/72.33333206176758 = 79.0% done in 17959.5s, 4779.9s to go
on time step 228527 (time=57.1318), 0.0761891 s/step
Meep progress: 57.1415/72.33333206176758 = 79.0% done in 17963.5s, 4775.8s to go
on time step 228579 (time=57.1448), 0.0770328 s/step
Meep progress: 57.15475/72.33333206176758 = 79.0% done in 17967.6s, 4771.6s to go
on time step 228632 (time=57.158), 0.07674 s/step
Meep progress: 57.168/72.33333206176758 = 79.0% done in 17971.6s, 4767.4s to go
on time step 228685 (time=57.1713), 0.07585 s/step
Meep progress: 57.18125/72.33333206176758 = 79.1% done in 17975.6s, 4763.2s to go
on time step 228738 (time=57.1845), 0.0758286 s/step
Meep progress: 57.1945/72.33333206176758 = 79.1% done in 17979.7s, 4759.0s to go
on time step 228790 (time=57.1975), 0.0770687 s/step
Meep progress: 57.207750000000004/72.33333206176758 = 79.1% done in 17983.7s, 4754.9s to go
on time step 228843 (time=57.2108), 0.0760133 s/step
Meep progress: 57.221000000000004/72.33333206176758 = 79.1% done in 17987.8s, 4750.7s to go
on time step 228896 (time=57.224), 0.0764385 s/step
Meep progress: 57.23425/72.33333206176758 = 79.1% done in 17991.8s, 4746.5s to go
on time step 228948 (time=57.237), 0.0772616 s/step
Meep progress: 57.2475/72.33333206176758 = 79.1% done in 17995.9s, 4742.3s to go
on time step 229001 (time=57.2503), 0.0762449 s/step
Meep progress: 57.26075/72.33333206176758 = 79.2% done in 18000.0s, 4738.1s to go
on time step 229054 (time=57.2635), 0.076406 s/step
Meep progress: 57.274/72.33333206176758 = 79.2% done in 18004.0s, 4733.9s to go
on time step 229106 (time=57.2765), 0.0781346 s/step
Meep progress: 57.286/72.33333206176758 = 79.2% done in 18008.0s, 4730.2s to go
on time step 229155 (time=57.2888), 0.0822053 s/step
Meep progress: 57.29875/72.33333206176758 = 79.2% done in 18012.0s, 4726.2s to go
on time step 229207 (time=57.3017), 0.078063 s/step
Meep progress: 57.312000000000005/72.33333206176758 = 79.2% done in 18016.1s, 4722.0s to go
on time step 229260 (time=57.315), 0.0763149 s/step
Meep progress: 57.325250000000004/72.33333206176758 = 79.3% done in 18020.1s, 4717.8s to go
on time step 229313 (time=57.3283), 0.0755543 s/step
Meep progress: 57.3385/72.33333206176758 = 79.3% done in 18024.2s, 4713.6s to go
on time step 229366 (time=57.3415), 0.0767718 s/step
Meep progress: 57.35125/72.33333206176758 = 79.3% done in 18028.2s, 4709.6s to go
on time step 229416 (time=57.354), 0.0808092 s/step
Meep progress: 57.36425/72.33333206176758 = 79.3% done in 18032.2s, 4705.5s to go
on time step 229469 (time=57.3672), 0.0761856 s/step
Meep progress: 57.3775/72.33333206176758 = 79.3% done in 18036.3s, 4701.3s to go
on time step 229522 (time=57.3805), 0.0760124 s/step
Meep progress: 57.3905/72.33333206176758 = 79.3% done in 18040.3s, 4697.2s to go
on time step 229574 (time=57.3935), 0.0773326 s/step
Meep progress: 57.40375/72.33333206176758 = 79.4% done in 18044.3s, 4693.0s to go
on time step 229627 (time=57.4068), 0.0763373 s/step
Meep progress: 57.417/72.33333206176758 = 79.4% done in 18048.4s, 4688.8s to go
on time step 229680 (time=57.42), 0.0761028 s/step
Meep progress: 57.43025/72.33333206176758 = 79.4% done in 18052.4s, 4684.6s to go
on time step 229732 (time=57.433), 0.0780644 s/step
Meep progress: 57.44325/72.33333206176758 = 79.4% done in 18056.5s, 4680.5s to go
on time step 229785 (time=57.4462), 0.0765233 s/step
Meep progress: 57.4565/72.33333206176758 = 79.4% done in 18060.5s, 4676.3s to go
on time step 229838 (time=57.4595), 0.0763302 s/step
Meep progress: 57.46975/72.33333206176758 = 79.5% done in 18064.6s, 4672.1s to go
on time step 229891 (time=57.4727), 0.0763973 s/step
Meep progress: 57.48275/72.33333206176758 = 79.5% done in 18068.6s, 4668.0s to go
on time step 229943 (time=57.4858), 0.0773292 s/step
Meep progress: 57.496/72.33333206176758 = 79.5% done in 18072.7s, 4663.8s to go
on time step 229996 (time=57.499), 0.0767875 s/step
Meep progress: 57.50925/72.33333206176758 = 79.5% done in 18076.7s, 4659.6s to go
on time step 230049 (time=57.5123), 0.0758172 s/step
Meep progress: 57.52225/72.33333206176758 = 79.5% done in 18080.7s, 4655.5s to go
on time step 230101 (time=57.5252), 0.0772095 s/step
Meep progress: 57.53525/72.33333206176758 = 79.5% done in 18084.7s, 4651.4s to go
on time step 230153 (time=57.5382), 0.0770052 s/step
Meep progress: 57.548/72.33333206176758 = 79.6% done in 18088.7s, 4647.4s to go
on time step 230204 (time=57.551), 0.0785156 s/step
Meep progress: 57.5615/72.33333206176758 = 79.6% done in 18092.8s, 4643.1s to go
on time step 230258 (time=57.5645), 0.0753591 s/step
Meep progress: 57.57475/72.33333206176758 = 79.6% done in 18096.8s, 4638.9s to go
on time step 230310 (time=57.5775), 0.0773454 s/step
Meep progress: 57.58775/72.33333206176758 = 79.6% done in 18100.9s, 4634.8s to go
on time step 230363 (time=57.5907), 0.076468 s/step
Meep progress: 57.601/72.33333206176758 = 79.6% done in 18104.9s, 4630.6s to go
on time step 230416 (time=57.604), 0.076676 s/step
Meep progress: 57.614000000000004/72.33333206176758 = 79.7% done in 18108.9s, 4626.5s to go
on time step 230468 (time=57.617), 0.0772947 s/step
Meep progress: 57.62675/72.33333206176758 = 79.7% done in 18113.0s, 4622.5s to go
on time step 230519 (time=57.6298), 0.0786682 s/step
Meep progress: 57.6395/72.33333206176758 = 79.7% done in 18117.0s, 4618.5s to go
on time step 230570 (time=57.6425), 0.0785784 s/step
Meep progress: 57.65225/72.33333206176758 = 79.7% done in 18121.0s, 4614.5s to go
on time step 230621 (time=57.6553), 0.0787874 s/step
Meep progress: 57.6655/72.33333206176758 = 79.7% done in 18125.0s, 4610.3s to go
on time step 230674 (time=57.6685), 0.0765055 s/step
Meep progress: 57.6785/72.33333206176758 = 79.7% done in 18129.1s, 4606.2s to go
on time step 230726 (time=57.6815), 0.0772404 s/step
Meep progress: 57.6915/72.33333206176758 = 79.8% done in 18133.1s, 4602.1s to go
on time step 230778 (time=57.6945), 0.0771945 s/step
Meep progress: 57.704750000000004/72.33333206176758 = 79.8% done in 18137.1s, 4597.9s to go
on time step 230831 (time=57.7078), 0.075858 s/step
Meep progress: 57.718/72.33333206176758 = 79.8% done in 18141.2s, 4593.7s to go
on time step 230883 (time=57.7208), 0.077349 s/step
Meep progress: 57.73075/72.33333206176758 = 79.8% done in 18145.2s, 4589.7s to go
on time step 230935 (time=57.7338), 0.0784303 s/step
Meep progress: 57.74375/72.33333206176758 = 79.8% done in 18149.2s, 4585.6s to go
on time step 230987 (time=57.7467), 0.0778482 s/step
Meep progress: 57.757/72.33333206176758 = 79.8% done in 18153.3s, 4581.4s to go
on time step 231040 (time=57.76), 0.0763409 s/step
Meep progress: 57.77/72.33333206176758 = 79.9% done in 18157.4s, 4577.3s to go
on time step 231092 (time=57.773), 0.0782758 s/step
Meep progress: 57.783/72.33333206176758 = 79.9% done in 18161.4s, 4573.2s to go
on time step 231144 (time=57.786), 0.0771053 s/step
Meep progress: 57.79575/72.33333206176758 = 79.9% done in 18165.4s, 4569.2s to go
on time step 231196 (time=57.799), 0.0783972 s/step
Meep progress: 57.80875/72.33333206176758 = 79.9% done in 18169.4s, 4565.1s to go
on time step 231248 (time=57.812), 0.077229 s/step
Meep progress: 57.82175/72.33333206176758 = 79.9% done in 18173.4s, 4561.0s to go
on time step 231299 (time=57.8248), 0.0785969 s/step
Meep progress: 57.8345/72.33333206176758 = 80.0% done in 18177.5s, 4557.0s to go
on time step 231350 (time=57.8375), 0.0785141 s/step
Meep progress: 57.847500000000004/72.33333206176758 = 80.0% done in 18181.5s, 4552.9s to go
on time step 231403 (time=57.8507), 0.076569 s/step
Meep progress: 57.86075/72.33333206176758 = 80.0% done in 18185.5s, 4548.7s to go
on time step 231456 (time=57.864), 0.0759655 s/step
Meep progress: 57.87375/72.33333206176758 = 80.0% done in 18189.5s, 4544.6s to go
on time step 231508 (time=57.877), 0.077086 s/step
Meep progress: 57.887/72.33333206176758 = 80.0% done in 18193.5s, 4540.4s to go
on time step 231561 (time=57.8903), 0.0758181 s/step
Meep progress: 57.90025/72.33333206176758 = 80.0% done in 18197.5s, 4536.2s to go
on time step 231614 (time=57.9035), 0.0758202 s/step
Meep progress: 57.9135/72.33333206176758 = 80.1% done in 18201.6s, 4532.0s to go
on time step 231667 (time=57.9168), 0.0762321 s/step
Meep progress: 57.92675/72.33333206176758 = 80.1% done in 18205.6s, 4527.8s to go
on time step 231719 (time=57.9297), 0.077057 s/step
Meep progress: 57.939750000000004/72.33333206176758 = 80.1% done in 18209.7s, 4523.7s to go
on time step 231771 (time=57.9428), 0.0772217 s/step
Meep progress: 57.953250000000004/72.33333206176758 = 80.1% done in 18213.8s, 4519.4s to go
on time step 231825 (time=57.9563), 0.0751407 s/step
Meep progress: 57.96625/72.33333206176758 = 80.1% done in 18217.8s, 4515.3s to go
on time step 231877 (time=57.9693), 0.0777835 s/step
Meep progress: 57.9795/72.33333206176758 = 80.2% done in 18221.8s, 4511.1s to go
on time step 231930 (time=57.9825), 0.0762348 s/step
Meep progress: 57.99275/72.33333206176758 = 80.2% done in 18225.9s, 4506.9s to go
on time step 231983 (time=57.9958), 0.0760911 s/step
Meep progress: 58.006/72.33333206176758 = 80.2% done in 18229.9s, 4502.7s to go
on time step 232036 (time=58.009), 0.0763912 s/step
Meep progress: 58.01925/72.33333206176758 = 80.2% done in 18234.0s, 4498.6s to go
on time step 232089 (time=58.0222), 0.0767103 s/step
Meep progress: 58.0325/72.33333206176758 = 80.2% done in 18238.0s, 4494.4s to go
on time step 232142 (time=58.0355), 0.0759595 s/step
Meep progress: 58.04575/72.33333206176758 = 80.2% done in 18242.0s, 4490.2s to go
on time step 232195 (time=58.0487), 0.0757313 s/step
Meep progress: 58.059000000000005/72.33333206176758 = 80.3% done in 18246.1s, 4486.0s to go
on time step 232248 (time=58.062), 0.0764635 s/step
Meep progress: 58.072/72.33333206176758 = 80.3% done in 18250.1s, 4481.9s to go
on time step 232300 (time=58.075), 0.0774014 s/step
Meep progress: 58.085/72.33333206176758 = 80.3% done in 18254.1s, 4477.8s to go
on time step 232351 (time=58.0877), 0.0784499 s/step
Meep progress: 58.09825/72.33333206176758 = 80.3% done in 18258.2s, 4473.6s to go
on time step 232405 (time=58.1013), 0.0749661 s/step
Meep progress: 58.11175/72.33333206176758 = 80.3% done in 18262.3s, 4469.3s to go
on time step 232458 (time=58.1145), 0.076426 s/step
Meep progress: 58.12475/72.33333206176758 = 80.4% done in 18266.3s, 4465.2s to go
on time step 232510 (time=58.1275), 0.0771953 s/step
Meep progress: 58.138/72.33333206176758 = 80.4% done in 18270.3s, 4461.0s to go
on time step 232563 (time=58.1408), 0.0758208 s/step
Meep progress: 58.151250000000005/72.33333206176758 = 80.4% done in 18274.3s, 4456.8s to go
on time step 232617 (time=58.1543), 0.0753556 s/step
Meep progress: 58.164500000000004/72.33333206176758 = 80.4% done in 18278.4s, 4452.6s to go
on time step 232670 (time=58.1675), 0.0765797 s/step
Meep progress: 58.17775/72.33333206176758 = 80.4% done in 18282.4s, 4448.4s to go
on time step 232723 (time=58.1808), 0.0762742 s/step
Meep progress: 58.191/72.33333206176758 = 80.4% done in 18286.5s, 4444.2s to go
on time step 232776 (time=58.194), 0.0761157 s/step
Meep progress: 58.2045/72.33333206176758 = 80.5% done in 18290.5s, 4439.9s to go
on time step 232830 (time=58.2075), 0.0752392 s/step
Meep progress: 58.21775/72.33333206176758 = 80.5% done in 18294.6s, 4435.7s to go
on time step 232883 (time=58.2208), 0.0767057 s/step
Meep progress: 58.231/72.33333206176758 = 80.5% done in 18298.6s, 4431.5s to go
on time step 232936 (time=58.234), 0.0762405 s/step
Meep progress: 58.24425/72.33333206176758 = 80.5% done in 18302.6s, 4427.3s to go
on time step 232989 (time=58.2473), 0.0755167 s/step
Meep progress: 58.2575/72.33333206176758 = 80.5% done in 18306.7s, 4423.1s to go
on time step 233042 (time=58.2605), 0.0760023 s/step
Meep progress: 58.27075/72.33333206176758 = 80.6% done in 18310.7s, 4419.0s to go
on time step 233095 (time=58.2737), 0.0764181 s/step
Meep progress: 58.284/72.33333206176758 = 80.6% done in 18314.8s, 4414.8s to go
on time step 233148 (time=58.287), 0.076247 s/step
Meep progress: 58.2975/72.33333206176758 = 80.6% done in 18318.8s, 4410.5s to go
on time step 233202 (time=58.3005), 0.0748376 s/step
Meep progress: 58.310500000000005/72.33333206176758 = 80.6% done in 18322.9s, 4406.4s to go
on time step 233253 (time=58.3133), 0.0787902 s/step
Meep progress: 58.323750000000004/72.33333206176758 = 80.6% done in 18327.0s, 4402.2s to go
on time step 233306 (time=58.3265), 0.0766886 s/step
Meep progress: 58.337/72.33333206176758 = 80.7% done in 18331.0s, 4398.0s to go
on time step 233359 (time=58.3398), 0.075586 s/step
Meep progress: 58.350500000000004/72.33333206176758 = 80.7% done in 18335.0s, 4393.7s to go
on time step 233413 (time=58.3533), 0.0752963 s/step
Meep progress: 58.3635/72.33333206176758 = 80.7% done in 18339.0s, 4389.6s to go
on time step 233465 (time=58.3663), 0.076947 s/step
Meep progress: 58.37675/72.33333206176758 = 80.7% done in 18343.1s, 4385.4s to go
on time step 233518 (time=58.3795), 0.0763139 s/step
Meep progress: 58.39/72.33333206176758 = 80.7% done in 18347.1s, 4381.2s to go
on time step 233571 (time=58.3927), 0.0758214 s/step
Meep progress: 58.40325/72.33333206176758 = 80.7% done in 18351.1s, 4377.0s to go
on time step 233624 (time=58.406), 0.0754978 s/step
Meep progress: 58.41625/72.33333206176758 = 80.8% done in 18355.1s, 4372.9s to go
on time step 233676 (time=58.419), 0.0774158 s/step
Meep progress: 58.429500000000004/72.33333206176758 = 80.8% done in 18359.2s, 4368.7s to go
on time step 233729 (time=58.4323), 0.0763989 s/step
Meep progress: 58.443/72.33333206176758 = 80.8% done in 18363.2s, 4364.4s to go
on time step 233783 (time=58.4458), 0.0751549 s/step
Meep progress: 58.456250000000004/72.33333206176758 = 80.8% done in 18367.3s, 4360.3s to go
on time step 233835 (time=58.4588), 0.0771112 s/step
Meep progress: 58.46925/72.33333206176758 = 80.8% done in 18371.3s, 4356.2s to go
on time step 233888 (time=58.472), 0.0760273 s/step
Meep progress: 58.4825/72.33333206176758 = 80.9% done in 18375.3s, 4352.0s to go
on time step 233941 (time=58.4853), 0.0760638 s/step
Meep progress: 58.496/72.33333206176758 = 80.9% done in 18379.4s, 4347.7s to go
on time step 233994 (time=58.4985), 0.0757312 s/step
Meep progress: 58.509/72.33333206176758 = 80.9% done in 18383.4s, 4343.6s to go
on time step 234045 (time=58.5113), 0.0785676 s/step
Meep progress: 58.522/72.33333206176758 = 80.9% done in 18387.5s, 4339.5s to go
on time step 234098 (time=58.5245), 0.0767059 s/step
Meep progress: 58.53525/72.33333206176758 = 80.9% done in 18391.5s, 4335.3s to go
on time step 234152 (time=58.538), 0.0754599 s/step
Meep progress: 58.54775/72.33333206176758 = 80.9% done in 18395.5s, 4331.4s to go
on time step 234201 (time=58.5502), 0.0826031 s/step
Meep progress: 58.560500000000005/72.33333206176758 = 81.0% done in 18399.6s, 4327.4s to go
on time step 234253 (time=58.5633), 0.0775036 s/step
Meep progress: 58.573750000000004/72.33333206176758 = 81.0% done in 18403.6s, 4323.2s to go
on time step 234306 (time=58.5765), 0.0764901 s/step
Meep progress: 58.587/72.33333206176758 = 81.0% done in 18407.6s, 4319.0s to go
on time step 234359 (time=58.5898), 0.0755703 s/step
Meep progress: 58.60025/72.33333206176758 = 81.0% done in 18411.7s, 4314.8s to go
on time step 234412 (time=58.603), 0.0761308 s/step
Meep progress: 58.61325/72.33333206176758 = 81.0% done in 18415.7s, 4310.7s to go
on time step 234464 (time=58.616), 0.0773198 s/step
Meep progress: 58.6265/72.33333206176758 = 81.1% done in 18419.7s, 4306.5s to go
on time step 234517 (time=58.6292), 0.0762022 s/step
Meep progress: 58.64/72.33333206176758 = 81.1% done in 18423.8s, 4302.2s to go
on time step 234571 (time=58.6427), 0.074976 s/step
Meep progress: 58.65325/72.33333206176758 = 81.1% done in 18427.8s, 4298.0s to go
on time step 234624 (time=58.656), 0.0768524 s/step
Meep progress: 58.666000000000004/72.33333206176758 = 81.1% done in 18431.9s, 4294.0s to go
on time step 234675 (time=58.6688), 0.0789158 s/step
Meep progress: 58.67925/72.33333206176758 = 81.1% done in 18435.9s, 4289.9s to go
on time step 234728 (time=58.682), 0.0758771 s/step
Meep progress: 58.692750000000004/72.33333206176758 = 81.1% done in 18440.0s, 4285.6s to go
on time step 234782 (time=58.6955), 0.0753851 s/step
Meep progress: 58.706/72.33333206176758 = 81.2% done in 18444.0s, 4281.4s to go
on time step 234835 (time=58.7088), 0.0765805 s/step
Meep progress: 58.719/72.33333206176758 = 81.2% done in 18448.0s, 4277.3s to go
on time step 234887 (time=58.7218), 0.0770822 s/step
Meep progress: 58.7325/72.33333206176758 = 81.2% done in 18452.1s, 4273.0s to go
on time step 234941 (time=58.7353), 0.0750051 s/step
Meep progress: 58.74575/72.33333206176758 = 81.2% done in 18456.1s, 4268.8s to go
on time step 234994 (time=58.7485), 0.0758318 s/step
Meep progress: 58.75875/72.33333206176758 = 81.2% done in 18460.1s, 4264.7s to go
on time step 235046 (time=58.7615), 0.0772277 s/step
Meep progress: 58.772/72.33333206176758 = 81.3% done in 18464.2s, 4260.5s to go
on time step 235099 (time=58.7748), 0.0762684 s/step
Meep progress: 58.78525/72.33333206176758 = 81.3% done in 18468.2s, 4256.3s to go
on time step 235152 (time=58.788), 0.0762912 s/step
Meep progress: 58.798500000000004/72.33333206176758 = 81.3% done in 18472.3s, 4252.1s to go
on time step 235204 (time=58.801), 0.077095 s/step
Meep progress: 58.81175/72.33333206176758 = 81.3% done in 18476.3s, 4247.9s to go
on time step 235257 (time=58.8143), 0.0761418 s/step
Meep progress: 58.825/72.33333206176758 = 81.3% done in 18480.4s, 4243.8s to go
on time step 235310 (time=58.8275), 0.0761745 s/step
Meep progress: 58.8385/72.33333206176758 = 81.3% done in 18484.4s, 4239.5s to go
on time step 235364 (time=58.841), 0.0746334 s/step
Meep progress: 58.85175/72.33333206176758 = 81.4% done in 18488.5s, 4235.3s to go
on time step 235417 (time=58.8543), 0.0768227 s/step
Meep progress: 58.865/72.33333206176758 = 81.4% done in 18492.5s, 4231.1s to go
on time step 235470 (time=58.8675), 0.0761505 s/step
Meep progress: 58.87825/72.33333206176758 = 81.4% done in 18496.5s, 4226.9s to go
on time step 235523 (time=58.8807), 0.0755992 s/step
Meep progress: 58.89175/72.33333206176758 = 81.4% done in 18500.6s, 4222.6s to go
on time step 235576 (time=58.894), 0.0755278 s/step
Meep progress: 58.905/72.33333206176758 = 81.4% done in 18504.7s, 4218.4s to go
on time step 235629 (time=58.9073), 0.0768038 s/step
Meep progress: 58.91825/72.33333206176758 = 81.5% done in 18508.7s, 4214.2s to go
on time step 235682 (time=58.9205), 0.076067 s/step
Meep progress: 58.9315/72.33333206176758 = 81.5% done in 18512.7s, 4210.0s to go
on time step 235735 (time=58.9338), 0.0754988 s/step
Meep progress: 58.945/72.33333206176758 = 81.5% done in 18516.8s, 4205.8s to go
on time step 235789 (time=58.9473), 0.0753505 s/step
Meep progress: 58.95825/72.33333206176758 = 81.5% done in 18520.8s, 4201.6s to go
on time step 235842 (time=58.9605), 0.0768613 s/step
Meep progress: 58.97125/72.33333206176758 = 81.5% done in 18524.8s, 4197.5s to go
on time step 235895 (time=58.9738), 0.076708 s/step
Meep progress: 58.984500000000004/72.33333206176758 = 81.5% done in 18528.8s, 4193.3s to go
on time step 235948 (time=58.987), 0.075561 s/step
Meep progress: 58.99775/72.33333206176758 = 81.6% done in 18532.9s, 4189.1s to go
on time step 236001 (time=59.0003), 0.0762235 s/step
Meep progress: 59.011/72.33333206176758 = 81.6% done in 18536.9s, 4184.9s to go
on time step 236054 (time=59.0135), 0.0759648 s/step
Meep progress: 59.02425/72.33333206176758 = 81.6% done in 18540.9s, 4180.7s to go
on time step 236107 (time=59.0267), 0.0758105 s/step
Meep progress: 59.03775/72.33333206176758 = 81.6% done in 18545.0s, 4176.4s to go
on time step 236161 (time=59.0403), 0.0750154 s/step
Meep progress: 59.051/72.33333206176758 = 81.6% done in 18549.1s, 4172.2s to go
on time step 236213 (time=59.0532), 0.077017 s/step
Meep progress: 59.06425/72.33333206176758 = 81.7% done in 18553.1s, 4168.0s to go
on time step 236266 (time=59.0665), 0.0758994 s/step
Meep progress: 59.0775/72.33333206176758 = 81.7% done in 18557.1s, 4163.8s to go
on time step 236319 (time=59.0798), 0.0755441 s/step
Meep progress: 59.091/72.33333206176758 = 81.7% done in 18561.1s, 4159.6s to go
on time step 236373 (time=59.0933), 0.0752721 s/step
Meep progress: 59.10425/72.33333206176758 = 81.7% done in 18565.2s, 4155.4s to go
on time step 236426 (time=59.1065), 0.0767394 s/step
Meep progress: 59.11725/72.33333206176758 = 81.7% done in 18569.2s, 4151.3s to go
on time step 236478 (time=59.1195), 0.0769556 s/step
Meep progress: 59.13075/72.33333206176758 = 81.7% done in 18573.3s, 4147.0s to go
on time step 236532 (time=59.133), 0.0753224 s/step
Meep progress: 59.14425/72.33333206176758 = 81.8% done in 18577.4s, 4142.7s to go
on time step 236586 (time=59.1465), 0.0755866 s/step
Meep progress: 59.1575/72.33333206176758 = 81.8% done in 18581.4s, 4138.5s to go
on time step 236639 (time=59.1598), 0.0764885 s/step
Meep progress: 59.170500000000004/72.33333206176758 = 81.8% done in 18585.4s, 4134.4s to go
on time step 236691 (time=59.1728), 0.0775098 s/step
Meep progress: 59.18375/72.33333206176758 = 81.8% done in 18589.4s, 4130.2s to go
on time step 236745 (time=59.1863), 0.0751571 s/step
Meep progress: 59.197/72.33333206176758 = 81.8% done in 18593.5s, 4126.1s to go
on time step 236798 (time=59.1995), 0.0760185 s/step
Meep progress: 59.21025/72.33333206176758 = 81.9% done in 18597.5s, 4121.9s to go
on time step 236851 (time=59.2127), 0.0761344 s/step
Meep progress: 59.2235/72.33333206176758 = 81.9% done in 18601.5s, 4117.7s to go
on time step 236905 (time=59.2263), 0.0754141 s/step
Meep progress: 59.2365/72.33333206176758 = 81.9% done in 18605.5s, 4113.6s to go
on time step 236957 (time=59.2392), 0.0771754 s/step
Meep progress: 59.24975/72.33333206176758 = 81.9% done in 18609.6s, 4109.4s to go
on time step 237009 (time=59.2523), 0.0773766 s/step
Meep progress: 59.263/72.33333206176758 = 81.9% done in 18613.7s, 4105.2s to go
on time step 237062 (time=59.2655), 0.0764195 s/step
Meep progress: 59.276/72.33333206176758 = 81.9% done in 18617.7s, 4101.1s to go
on time step 237114 (time=59.2785), 0.0773012 s/step
Meep progress: 59.28925/72.33333206176758 = 82.0% done in 18621.8s, 4096.9s to go
on time step 237167 (time=59.2918), 0.0767816 s/step
Meep progress: 59.3025/72.33333206176758 = 82.0% done in 18625.8s, 4092.7s to go
on time step 237219 (time=59.3047), 0.0772521 s/step
Meep progress: 59.3155/72.33333206176758 = 82.0% done in 18629.8s, 4088.6s to go
on time step 237272 (time=59.318), 0.0768048 s/step
Meep progress: 59.329/72.33333206176758 = 82.0% done in 18633.9s, 4084.4s to go
on time step 237326 (time=59.3315), 0.0745794 s/step
Meep progress: 59.3425/72.33333206176758 = 82.0% done in 18638.0s, 4080.1s to go
on time step 237379 (time=59.3448), 0.0758675 s/step
Meep progress: 59.3555/72.33333206176758 = 82.1% done in 18642.0s, 4076.0s to go
on time step 237431 (time=59.3578), 0.0776926 s/step
Meep progress: 59.368500000000004/72.33333206176758 = 82.1% done in 18646.0s, 4071.9s to go
on time step 237484 (time=59.371), 0.0768608 s/step
Meep progress: 59.381750000000004/72.33333206176758 = 82.1% done in 18650.0s, 4067.7s to go
on time step 237538 (time=59.3845), 0.075191 s/step
Meep progress: 59.395/72.33333206176758 = 82.1% done in 18654.1s, 4063.5s to go
on time step 237590 (time=59.3975), 0.0809682 s/step
Meep progress: 59.406/72.33333206176758 = 82.1% done in 18658.1s, 4060.2s to go
on time step 237636 (time=59.409), 0.0880582 s/step
Meep progress: 59.4185/72.33333206176758 = 82.1% done in 18662.1s, 4056.3s to go
on time step 237687 (time=59.4218), 0.0785068 s/step
Meep progress: 59.432/72.33333206176758 = 82.2% done in 18666.2s, 4052.0s to go
on time step 237740 (time=59.435), 0.075571 s/step
Meep progress: 59.44525/72.33333206176758 = 82.2% done in 18670.2s, 4047.8s to go
on time step 237793 (time=59.4483), 0.0755655 s/step
Meep progress: 59.45875/72.33333206176758 = 82.2% done in 18674.2s, 4043.5s to go
on time step 237847 (time=59.4618), 0.074403 s/step
Meep progress: 59.47225/72.33333206176758 = 82.2% done in 18678.3s, 4039.2s to go
on time step 237901 (time=59.4753), 0.0750451 s/step
Meep progress: 59.4855/72.33333206176758 = 82.2% done in 18682.3s, 4035.1s to go
on time step 237954 (time=59.4885), 0.0763289 s/step
Meep progress: 59.49875/72.33333206176758 = 82.3% done in 18686.3s, 4030.9s to go
on time step 238008 (time=59.502), 0.074955 s/step
Meep progress: 59.51225/72.33333206176758 = 82.3% done in 18690.3s, 4026.6s to go
on time step 238062 (time=59.5155), 0.0748745 s/step
Meep progress: 59.5255/72.33333206176758 = 82.3% done in 18694.3s, 4022.4s to go
on time step 238115 (time=59.5288), 0.0764494 s/step
Meep progress: 59.53875/72.33333206176758 = 82.3% done in 18698.4s, 4018.2s to go
on time step 238168 (time=59.542), 0.0756865 s/step
Meep progress: 59.55225/72.33333206176758 = 82.3% done in 18702.5s, 4013.9s to go
on time step 238222 (time=59.5555), 0.0749644 s/step
Meep progress: 59.5655/72.33333206176758 = 82.3% done in 18706.5s, 4009.7s to go
on time step 238274 (time=59.5685), 0.0769916 s/step
Meep progress: 59.579/72.33333206176758 = 82.4% done in 18710.6s, 4005.5s to go
on time step 238328 (time=59.582), 0.0752348 s/step
Meep progress: 59.5925/72.33333206176758 = 82.4% done in 18714.7s, 4001.2s to go
on time step 238382 (time=59.5955), 0.0751034 s/step
Meep progress: 59.606/72.33333206176758 = 82.4% done in 18718.7s, 3996.9s to go
on time step 238436 (time=59.609), 0.0745413 s/step
Meep progress: 59.6195/72.33333206176758 = 82.4% done in 18722.7s, 3992.6s to go
on time step 238490 (time=59.6225), 0.075214 s/step
Meep progress: 59.633/72.33333206176758 = 82.4% done in 18726.8s, 3988.3s to go
on time step 238544 (time=59.636), 0.0744189 s/step
Meep progress: 59.6465/72.33333206176758 = 82.5% done in 18730.8s, 3984.1s to go
on time step 238598 (time=59.6495), 0.0751945 s/step
Meep progress: 59.660000000000004/72.33333206176758 = 82.5% done in 18734.8s, 3979.8s to go
on time step 238652 (time=59.663), 0.0740941 s/step
Meep progress: 59.673500000000004/72.33333206176758 = 82.5% done in 18738.9s, 3975.5s to go
on time step 238706 (time=59.6765), 0.0753052 s/step
Meep progress: 59.687000000000005/72.33333206176758 = 82.5% done in 18742.9s, 3971.2s to go
on time step 238760 (time=59.69), 0.0750806 s/step
Meep progress: 59.700250000000004/72.33333206176758 = 82.5% done in 18747.0s, 3967.0s to go
on time step 238813 (time=59.7033), 0.0754977 s/step
Meep progress: 59.713750000000005/72.33333206176758 = 82.6% done in 18751.0s, 3962.7s to go
on time step 238867 (time=59.7168), 0.0745669 s/step
Meep progress: 59.72725/72.33333206176758 = 82.6% done in 18755.1s, 3958.5s to go
on time step 238921 (time=59.7302), 0.0750006 s/step
Meep progress: 59.740500000000004/72.33333206176758 = 82.6% done in 18759.1s, 3954.3s to go
on time step 238974 (time=59.7435), 0.0759502 s/step
Meep progress: 59.754/72.33333206176758 = 82.6% done in 18763.1s, 3950.0s to go
on time step 239028 (time=59.757), 0.0745954 s/step
Meep progress: 59.767250000000004/72.33333206176758 = 82.6% done in 18767.1s, 3945.8s to go
on time step 239081 (time=59.7703), 0.0767104 s/step
Meep progress: 59.780750000000005/72.33333206176758 = 82.6% done in 18771.2s, 3941.5s to go
on time step 239135 (time=59.7837), 0.0745739 s/step
Meep progress: 59.794000000000004/72.33333206176758 = 82.7% done in 18775.2s, 3937.3s to go
on time step 239188 (time=59.797), 0.0756883 s/step
Meep progress: 59.807500000000005/72.33333206176758 = 82.7% done in 18779.2s, 3933.0s to go
on time step 239242 (time=59.8105), 0.0742706 s/step
Meep progress: 59.821/72.33333206176758 = 82.7% done in 18783.3s, 3928.8s to go
on time step 239296 (time=59.824), 0.0749103 s/step
Meep progress: 59.8345/72.33333206176758 = 82.7% done in 18787.3s, 3924.5s to go
on time step 239350 (time=59.8375), 0.0746457 s/step
Meep progress: 59.84775/72.33333206176758 = 82.7% done in 18791.3s, 3920.3s to go
on time step 239404 (time=59.851), 0.0752143 s/step
Meep progress: 59.86125/72.33333206176758 = 82.8% done in 18795.3s, 3916.0s to go
on time step 239458 (time=59.8645), 0.0751507 s/step
Meep progress: 59.874500000000005/72.33333206176758 = 82.8% done in 18799.3s, 3911.8s to go
on time step 239512 (time=59.878), 0.0752618 s/step
Meep progress: 59.888/72.33333206176758 = 82.8% done in 18803.4s, 3907.5s to go
on time step 239566 (time=59.8915), 0.0751868 s/step
Meep progress: 59.901250000000005/72.33333206176758 = 82.8% done in 18807.4s, 3903.3s to go
on time step 239620 (time=59.905), 0.0753604 s/step
Meep progress: 59.91475/72.33333206176758 = 82.8% done in 18811.4s, 3899.1s to go
on time step 239674 (time=59.9185), 0.0745542 s/step
Meep progress: 59.92825/72.33333206176758 = 82.9% done in 18815.4s, 3894.8s to go
on time step 239728 (time=59.932), 0.0745935 s/step
Meep progress: 59.9415/72.33333206176758 = 82.9% done in 18819.5s, 3890.6s to go
on time step 239781 (time=59.9453), 0.076103 s/step
Meep progress: 59.955/72.33333206176758 = 82.9% done in 18823.6s, 3886.3s to go
on time step 239835 (time=59.9588), 0.075379 s/step
Meep progress: 59.9685/72.33333206176758 = 82.9% done in 18827.6s, 3882.0s to go
on time step 239889 (time=59.9723), 0.075317 s/step
Meep progress: 59.982/72.33333206176758 = 82.9% done in 18831.7s, 3877.8s to go
on time step 239943 (time=59.9858), 0.0746383 s/step
Meep progress: 59.9955/72.33333206176758 = 82.9% done in 18835.7s, 3873.5s to go
on time step 239997 (time=59.9993), 0.0752166 s/step
Meep progress: 60.009/72.33333206176758 = 83.0% done in 18839.7s, 3869.2s to go
on time step 240051 (time=60.0128), 0.074424 s/step
Meep progress: 60.0225/72.33333206176758 = 83.0% done in 18843.8s, 3864.9s to go
on time step 240105 (time=60.0263), 0.0749436 s/step
Meep progress: 60.036/72.33333206176758 = 83.0% done in 18847.8s, 3860.6s to go
on time step 240158 (time=60.0395), 0.0754892 s/step
Meep progress: 60.0495/72.33333206176758 = 83.0% done in 18851.9s, 3856.4s to go
on time step 240213 (time=60.0532), 0.0739439 s/step
Meep progress: 60.063/72.33333206176758 = 83.0% done in 18855.9s, 3852.1s to go
on time step 240267 (time=60.0667), 0.0750415 s/step
Meep progress: 60.0765/72.33333206176758 = 83.1% done in 18859.9s, 3847.8s to go
on time step 240321 (time=60.0802), 0.0746017 s/step
Meep progress: 60.09/72.33333206176758 = 83.1% done in 18864.0s, 3843.5s to go
on time step 240375 (time=60.0938), 0.0750463 s/step
Meep progress: 60.103/72.33333206176758 = 83.1% done in 18868.0s, 3839.4s to go
on time step 240426 (time=60.1065), 0.0785691 s/step
Meep progress: 60.116/72.33333206176758 = 83.1% done in 18872.0s, 3835.3s to go
on time step 240479 (time=60.1198), 0.0759396 s/step
Meep progress: 60.1295/72.33333206176758 = 83.1% done in 18876.0s, 3831.1s to go
on time step 240533 (time=60.1333), 0.0747066 s/step
Meep progress: 60.14275/72.33333206176758 = 83.1% done in 18880.1s, 3826.9s to go
on time step 240586 (time=60.1465), 0.0757324 s/step
Meep progress: 60.15625/72.33333206176758 = 83.2% done in 18884.1s, 3822.6s to go
on time step 240640 (time=60.16), 0.0753962 s/step
Meep progress: 60.1695/72.33333206176758 = 83.2% done in 18888.1s, 3818.4s to go
on time step 240694 (time=60.1735), 0.0752871 s/step
Meep progress: 60.183/72.33333206176758 = 83.2% done in 18892.1s, 3814.1s to go
on time step 240748 (time=60.187), 0.0743731 s/step
Meep progress: 60.19625/72.33333206176758 = 83.2% done in 18896.2s, 3809.9s to go
on time step 240801 (time=60.2003), 0.0761136 s/step
Meep progress: 60.20975/72.33333206176758 = 83.2% done in 18900.2s, 3805.7s to go
on time step 240855 (time=60.2138), 0.0744839 s/step
Meep progress: 60.223/72.33333206176758 = 83.3% done in 18904.2s, 3801.5s to go
on time step 240909 (time=60.2272), 0.075393 s/step
Meep progress: 60.23625/72.33333206176758 = 83.3% done in 18908.3s, 3797.3s to go
on time step 240960 (time=60.24), 0.0796605 s/step
Meep progress: 60.24925/72.33333206176758 = 83.3% done in 18912.3s, 3793.2s to go
on time step 241014 (time=60.2535), 0.0742673 s/step
Meep progress: 60.262750000000004/72.33333206176758 = 83.3% done in 18916.3s, 3788.9s to go
on time step 241067 (time=60.2668), 0.0755497 s/step
Meep progress: 60.276250000000005/72.33333206176758 = 83.3% done in 18920.4s, 3784.7s to go
on time step 241121 (time=60.2803), 0.0745812 s/step
Meep progress: 60.289500000000004/72.33333206176758 = 83.3% done in 18924.4s, 3780.5s to go
on time step 241174 (time=60.2935), 0.0762244 s/step
Meep progress: 60.3025/72.33333206176758 = 83.4% done in 18928.5s, 3776.4s to go
on time step 241225 (time=60.3062), 0.078677 s/step
Meep progress: 60.31575/72.33333206176758 = 83.4% done in 18932.5s, 3772.2s to go
on time step 241279 (time=60.3197), 0.0746831 s/step
Meep progress: 60.32875/72.33333206176758 = 83.4% done in 18936.5s, 3768.1s to go
on time step 241331 (time=60.3328), 0.076959 s/step
Meep progress: 60.34225/72.33333206176758 = 83.4% done in 18940.5s, 3763.8s to go
on time step 241385 (time=60.3462), 0.0750152 s/step
Meep progress: 60.35575/72.33333206176758 = 83.4% done in 18944.6s, 3759.5s to go
on time step 241439 (time=60.3597), 0.074834 s/step
Meep progress: 60.36925/72.33333206176758 = 83.5% done in 18948.6s, 3755.3s to go
on time step 241493 (time=60.3732), 0.0752063 s/step
Meep progress: 60.38275/72.33333206176758 = 83.5% done in 18952.7s, 3751.0s to go
on time step 241547 (time=60.3867), 0.0751702 s/step
Meep progress: 60.396/72.33333206176758 = 83.5% done in 18956.7s, 3746.8s to go
on time step 241600 (time=60.4), 0.0757812 s/step
Meep progress: 60.4095/72.33333206176758 = 83.5% done in 18960.7s, 3742.5s to go
on time step 241654 (time=60.4135), 0.0747365 s/step
Meep progress: 60.42275/72.33333206176758 = 83.5% done in 18964.8s, 3738.4s to go
on time step 241706 (time=60.4265), 0.0769254 s/step
Meep progress: 60.43575/72.33333206176758 = 83.6% done in 18968.8s, 3734.3s to go
on time step 241759 (time=60.4398), 0.0766596 s/step
Meep progress: 60.44925/72.33333206176758 = 83.6% done in 18972.8s, 3730.0s to go
on time step 241813 (time=60.4533), 0.074247 s/step
Meep progress: 60.46275/72.33333206176758 = 83.6% done in 18976.9s, 3725.7s to go
on time step 241866 (time=60.4665), 0.0758248 s/step
Meep progress: 60.47575/72.33333206176758 = 83.6% done in 18980.9s, 3721.6s to go
on time step 241918 (time=60.4795), 0.0780496 s/step
Meep progress: 60.48875/72.33333206176758 = 83.6% done in 18985.0s, 3717.5s to go
on time step 241971 (time=60.4928), 0.0764854 s/step
Meep progress: 60.502250000000004/72.33333206176758 = 83.6% done in 18989.0s, 3713.3s to go
on time step 242025 (time=60.5063), 0.0742305 s/step
Meep progress: 60.515750000000004/72.33333206176758 = 83.7% done in 18993.0s, 3709.0s to go
on time step 242078 (time=60.5195), 0.0757244 s/step
Meep progress: 60.529250000000005/72.33333206176758 = 83.7% done in 18997.1s, 3704.7s to go
on time step 242132 (time=60.533), 0.0750344 s/step
Meep progress: 60.542500000000004/72.33333206176758 = 83.7% done in 19001.1s, 3700.5s to go
on time step 242185 (time=60.5463), 0.0760145 s/step
Meep progress: 60.5555/72.33333206176758 = 83.7% done in 19005.1s, 3696.4s to go
on time step 242237 (time=60.5592), 0.0769283 s/step
Meep progress: 60.569/72.33333206176758 = 83.7% done in 19009.2s, 3692.2s to go
on time step 242291 (time=60.5727), 0.0752516 s/step
Meep progress: 60.58225/72.33333206176758 = 83.8% done in 19013.2s, 3688.0s to go
on time step 242343 (time=60.5858), 0.0769815 s/step
Meep progress: 60.59525/72.33333206176758 = 83.8% done in 19017.3s, 3683.9s to go
on time step 242394 (time=60.5985), 0.0785512 s/step
Meep progress: 60.608000000000004/72.33333206176758 = 83.8% done in 19021.3s, 3679.9s to go
on time step 242447 (time=60.6118), 0.0767011 s/step
Meep progress: 60.621500000000005/72.33333206176758 = 83.8% done in 19025.3s, 3675.6s to go
on time step 242500 (time=60.625), 0.0758578 s/step
Meep progress: 60.634750000000004/72.33333206176758 = 83.8% done in 19029.4s, 3671.4s to go
on time step 242553 (time=60.6382), 0.0760265 s/step
Meep progress: 60.648/72.33333206176758 = 83.8% done in 19033.5s, 3667.3s to go
on time step 242605 (time=60.6513), 0.0771967 s/step
Meep progress: 60.66125/72.33333206176758 = 83.9% done in 19037.5s, 3663.1s to go
on time step 242659 (time=60.6647), 0.0754536 s/step
Meep progress: 60.6745/72.33333206176758 = 83.9% done in 19041.6s, 3658.9s to go
on time step 242711 (time=60.6778), 0.0771418 s/step
Meep progress: 60.6875/72.33333206176758 = 83.9% done in 19045.6s, 3654.8s to go
on time step 242763 (time=60.6908), 0.0771622 s/step
Meep progress: 60.70075/72.33333206176758 = 83.9% done in 19049.6s, 3650.6s to go
on time step 242816 (time=60.704), 0.0761706 s/step
Meep progress: 60.71425/72.33333206176758 = 83.9% done in 19053.7s, 3646.4s to go
on time step 242870 (time=60.7175), 0.0753722 s/step
Meep progress: 60.7275/72.33333206176758 = 84.0% done in 19057.8s, 3642.2s to go
on time step 242922 (time=60.7305), 0.0771992 s/step
Meep progress: 60.74025/72.33333206176758 = 84.0% done in 19061.8s, 3638.2s to go
on time step 242973 (time=60.7433), 0.079361 s/step
Meep progress: 60.753/72.33333206176758 = 84.0% done in 19065.8s, 3634.2s to go
on time step 243025 (time=60.7563), 0.0778507 s/step
Meep progress: 60.76625/72.33333206176758 = 84.0% done in 19069.8s, 3630.0s to go
on time step 243078 (time=60.7695), 0.0767025 s/step
Meep progress: 60.779/72.33333206176758 = 84.0% done in 19073.9s, 3626.0s to go
on time step 243129 (time=60.7823), 0.0785217 s/step
Meep progress: 60.792/72.33333206176758 = 84.0% done in 19077.9s, 3621.9s to go
on time step 243181 (time=60.7953), 0.0778259 s/step
Meep progress: 60.805/72.33333206176758 = 84.1% done in 19081.9s, 3617.8s to go
on time step 243232 (time=60.808), 0.0788813 s/step
Meep progress: 60.817/72.33333206176758 = 84.1% done in 19086.0s, 3614.1s to go
on time step 243281 (time=60.8203), 0.0829619 s/step
Meep progress: 60.83/72.33333206176758 = 84.1% done in 19090.0s, 3610.0s to go
on time step 243334 (time=60.8335), 0.0758898 s/step
Meep progress: 60.8435/72.33333206176758 = 84.1% done in 19094.0s, 3605.8s to go
on time step 243388 (time=60.847), 0.0744557 s/step
Meep progress: 60.857/72.33333206176758 = 84.1% done in 19098.1s, 3601.5s to go
on time step 243442 (time=60.8605), 0.0752892 s/step
Meep progress: 60.8705/72.33333206176758 = 84.2% done in 19102.1s, 3597.2s to go
on time step 243496 (time=60.874), 0.0746415 s/step
Meep progress: 60.88375/72.33333206176758 = 84.2% done in 19106.1s, 3593.0s to go
on time step 243549 (time=60.8873), 0.0755506 s/step
Meep progress: 60.89725/72.33333206176758 = 84.2% done in 19110.1s, 3588.8s to go
on time step 243603 (time=60.9008), 0.0749487 s/step
Meep progress: 60.91075/72.33333206176758 = 84.2% done in 19114.2s, 3584.5s to go
on time step 243657 (time=60.9143), 0.0745588 s/step
Meep progress: 60.92425/72.33333206176758 = 84.2% done in 19118.2s, 3580.2s to go
on time step 243710 (time=60.9275), 0.0760561 s/step
Meep progress: 60.93775/72.33333206176758 = 84.2% done in 19122.3s, 3575.9s to go
on time step 243764 (time=60.941), 0.0752942 s/step
Meep progress: 60.951/72.33333206176758 = 84.3% done in 19126.4s, 3571.8s to go
on time step 243817 (time=60.9543), 0.0757214 s/step
Meep progress: 60.9645/72.33333206176758 = 84.3% done in 19130.4s, 3567.5s to go
on time step 243871 (time=60.9678), 0.0750773 s/step
Meep progress: 60.97775/72.33333206176758 = 84.3% done in 19134.5s, 3563.3s to go
on time step 243924 (time=60.981), 0.0767543 s/step
Meep progress: 60.99125/72.33333206176758 = 84.3% done in 19138.5s, 3559.0s to go
on time step 243978 (time=60.9945), 0.074358 s/step
Meep progress: 61.00475/72.33333206176758 = 84.3% done in 19142.6s, 3554.8s to go
on time step 244031 (time=61.0078), 0.0758672 s/step
Meep progress: 61.01825/72.33333206176758 = 84.4% done in 19146.6s, 3550.5s to go
on time step 244085 (time=61.0213), 0.0747561 s/step
Meep progress: 61.03175/72.33333206176758 = 84.4% done in 19150.7s, 3546.2s to go
on time step 244139 (time=61.0348), 0.0752064 s/step
Meep progress: 61.04525/72.33333206176758 = 84.4% done in 19154.7s, 3542.0s to go
on time step 244193 (time=61.0483), 0.0743226 s/step
Meep progress: 61.05875/72.33333206176758 = 84.4% done in 19158.8s, 3537.7s to go
on time step 244246 (time=61.0615), 0.0755516 s/step
Meep progress: 61.072250000000004/72.33333206176758 = 84.4% done in 19162.8s, 3533.4s to go
on time step 244300 (time=61.075), 0.0747619 s/step
Meep progress: 61.085750000000004/72.33333206176758 = 84.5% done in 19166.9s, 3529.2s to go
on time step 244354 (time=61.0885), 0.0747144 s/step
Meep progress: 61.09925/72.33333206176758 = 84.5% done in 19170.9s, 3524.9s to go
on time step 244408 (time=61.102), 0.0743519 s/step
Meep progress: 61.11275/72.33333206176758 = 84.5% done in 19174.9s, 3520.6s to go
on time step 244462 (time=61.1155), 0.0746116 s/step
Meep progress: 61.126000000000005/72.33333206176758 = 84.5% done in 19179.0s, 3516.4s to go
on time step 244515 (time=61.1288), 0.0763726 s/step
Meep progress: 61.1395/72.33333206176758 = 84.5% done in 19183.0s, 3512.2s to go
on time step 244569 (time=61.1423), 0.075282 s/step
Meep progress: 61.152750000000005/72.33333206176758 = 84.5% done in 19187.0s, 3508.0s to go
on time step 244623 (time=61.1558), 0.075179 s/step
Meep progress: 61.166000000000004/72.33333206176758 = 84.6% done in 19191.0s, 3503.8s to go
on time step 244677 (time=61.1692), 0.0753023 s/step
Meep progress: 61.179500000000004/72.33333206176758 = 84.6% done in 19195.1s, 3499.5s to go
on time step 244731 (time=61.1827), 0.0751735 s/step
Meep progress: 61.193/72.33333206176758 = 84.6% done in 19199.1s, 3495.2s to go
on time step 244785 (time=61.1962), 0.0744297 s/step
Meep progress: 61.2065/72.33333206176758 = 84.6% done in 19203.1s, 3491.0s to go
on time step 244838 (time=61.2095), 0.0755214 s/step
Meep progress: 61.219500000000004/72.33333206176758 = 84.6% done in 19207.2s, 3486.9s to go
on time step 244889 (time=61.2223), 0.0786972 s/step
Meep progress: 61.23275/72.33333206176758 = 84.7% done in 19211.2s, 3482.7s to go
on time step 244943 (time=61.2358), 0.075194 s/step
Meep progress: 61.24625/72.33333206176758 = 84.7% done in 19215.3s, 3478.4s to go
on time step 244997 (time=61.2493), 0.0743092 s/step
Meep progress: 61.259750000000004/72.33333206176758 = 84.7% done in 19219.3s, 3474.2s to go
on time step 245051 (time=61.2628), 0.0750668 s/step
Meep progress: 61.273/72.33333206176758 = 84.7% done in 19223.4s, 3470.0s to go
on time step 245103 (time=61.2758), 0.0776523 s/step
Meep progress: 61.286/72.33333206176758 = 84.7% done in 19227.4s, 3465.9s to go
on time step 245156 (time=61.289), 0.0755865 s/step
Meep progress: 61.2995/72.33333206176758 = 84.7% done in 19231.4s, 3461.6s to go
on time step 245210 (time=61.3025), 0.0745652 s/step
Meep progress: 61.31275/72.33333206176758 = 84.8% done in 19235.4s, 3457.4s to go
on time step 245262 (time=61.3155), 0.0770764 s/step
Meep progress: 61.32575/72.33333206176758 = 84.8% done in 19239.4s, 3453.4s to go
on time step 245315 (time=61.3287), 0.0758159 s/step
Meep progress: 61.33925/72.33333206176758 = 84.8% done in 19243.4s, 3449.1s to go
on time step 245368 (time=61.342), 0.0756096 s/step
Meep progress: 61.3525/72.33333206176758 = 84.8% done in 19247.5s, 3444.9s to go
on time step 245422 (time=61.3555), 0.074987 s/step
Meep progress: 61.366/72.33333206176758 = 84.8% done in 19251.5s, 3440.6s to go
on time step 245476 (time=61.369), 0.0748985 s/step
Meep progress: 61.379/72.33333206176758 = 84.9% done in 19255.6s, 3436.5s to go
on time step 245528 (time=61.382), 0.0783499 s/step
Meep progress: 61.3925/72.33333206176758 = 84.9% done in 19259.6s, 3432.3s to go
on time step 245582 (time=61.3955), 0.0743338 s/step
Meep progress: 61.406/72.33333206176758 = 84.9% done in 19263.7s, 3428.0s to go
on time step 245636 (time=61.409), 0.0753758 s/step
Meep progress: 61.4195/72.33333206176758 = 84.9% done in 19267.7s, 3423.7s to go
on time step 245690 (time=61.4225), 0.0749451 s/step
Meep progress: 61.43275/72.33333206176758 = 84.9% done in 19271.7s, 3419.6s to go
on time step 245744 (time=61.436), 0.0752357 s/step
Meep progress: 61.44625/72.33333206176758 = 84.9% done in 19275.7s, 3415.3s to go
on time step 245798 (time=61.4495), 0.0746435 s/step
Meep progress: 61.4595/72.33333206176758 = 85.0% done in 19279.7s, 3411.1s to go
on time step 245851 (time=61.4627), 0.0764372 s/step
Meep progress: 61.47275/72.33333206176758 = 85.0% done in 19283.8s, 3406.9s to go
on time step 245904 (time=61.476), 0.0757399 s/step
Meep progress: 61.48575/72.33333206176758 = 85.0% done in 19287.8s, 3402.8s to go
on time step 245957 (time=61.4892), 0.0768443 s/step
Meep progress: 61.499/72.33333206176758 = 85.0% done in 19291.8s, 3398.7s to go
on time step 246010 (time=61.5025), 0.0760141 s/step
Meep progress: 61.51225/72.33333206176758 = 85.0% done in 19295.8s, 3394.5s to go
on time step 246064 (time=61.516), 0.0753883 s/step
Meep progress: 61.5255/72.33333206176758 = 85.1% done in 19299.9s, 3390.3s to go
on time step 246117 (time=61.5293), 0.0765672 s/step
Meep progress: 61.53875/72.33333206176758 = 85.1% done in 19303.9s, 3386.1s to go
on time step 246170 (time=61.5425), 0.0767145 s/step
Meep progress: 61.552/72.33333206176758 = 85.1% done in 19308.0s, 3381.9s to go
on time step 246224 (time=61.556), 0.0752783 s/step
Meep progress: 61.56525/72.33333206176758 = 85.1% done in 19312.0s, 3377.8s to go
on time step 246277 (time=61.5693), 0.075863 s/step
Meep progress: 61.578250000000004/72.33333206176758 = 85.1% done in 19316.0s, 3373.7s to go
on time step 246330 (time=61.5825), 0.0768175 s/step
Meep progress: 61.591750000000005/72.33333206176758 = 85.1% done in 19320.0s, 3369.4s to go
on time step 246384 (time=61.596), 0.0743389 s/step
Meep progress: 61.60525/72.33333206176758 = 85.2% done in 19324.0s, 3365.1s to go
on time step 246438 (time=61.6095), 0.0750149 s/step
Meep progress: 61.61875/72.33333206176758 = 85.2% done in 19328.1s, 3360.9s to go
on time step 246492 (time=61.623), 0.075261 s/step
Meep progress: 61.632/72.33333206176758 = 85.2% done in 19332.1s, 3356.7s to go
on time step 246544 (time=61.636), 0.0773165 s/step
Meep progress: 61.645250000000004/72.33333206176758 = 85.2% done in 19336.2s, 3352.5s to go
on time step 246598 (time=61.6495), 0.0746618 s/step
Meep progress: 61.658750000000005/72.33333206176758 = 85.2% done in 19340.2s, 3348.2s to go
on time step 246652 (time=61.663), 0.0746347 s/step
Meep progress: 61.672000000000004/72.33333206176758 = 85.3% done in 19344.3s, 3344.1s to go
on time step 246704 (time=61.676), 0.0773582 s/step
Meep progress: 61.685/72.33333206176758 = 85.3% done in 19348.3s, 3340.0s to go
on time step 246757 (time=61.6893), 0.0764909 s/step
Meep progress: 61.6985/72.33333206176758 = 85.3% done in 19352.3s, 3335.7s to go
on time step 246811 (time=61.7028), 0.0751679 s/step
Meep progress: 61.712/72.33333206176758 = 85.3% done in 19356.4s, 3331.4s to go
on time step 246865 (time=61.7163), 0.07518 s/step
Meep progress: 61.72425/72.33333206176758 = 85.3% done in 19360.4s, 3327.6s to go
on time step 246912 (time=61.728), 0.0853883 s/step
Meep progress: 61.73625/72.33333206176758 = 85.3% done in 19364.5s, 3323.9s to go
on time step 246962 (time=61.7405), 0.0812787 s/step
Meep progress: 61.749500000000005/72.33333206176758 = 85.4% done in 19368.5s, 3319.7s to go
on time step 247015 (time=61.7538), 0.0764145 s/step
Meep progress: 61.76225/72.33333206176758 = 85.4% done in 19372.5s, 3315.8s to go
on time step 247066 (time=61.7665), 0.0789414 s/step
Meep progress: 61.7755/72.33333206176758 = 85.4% done in 19376.5s, 3311.6s to go
on time step 247120 (time=61.78), 0.0750764 s/step
Meep progress: 61.789/72.33333206176758 = 85.4% done in 19380.5s, 3307.3s to go
on time step 247174 (time=61.7935), 0.0742787 s/step
Meep progress: 61.8025/72.33333206176758 = 85.4% done in 19384.6s, 3303.0s to go
on time step 247228 (time=61.807), 0.0746521 s/step
Meep progress: 61.816/72.33333206176758 = 85.5% done in 19388.6s, 3298.8s to go
on time step 247281 (time=61.8203), 0.0755248 s/step
Meep progress: 61.8295/72.33333206176758 = 85.5% done in 19392.7s, 3294.5s to go
on time step 247335 (time=61.8338), 0.074199 s/step
Meep progress: 61.843/72.33333206176758 = 85.5% done in 19396.7s, 3290.2s to go
on time step 247389 (time=61.8473), 0.0747853 s/step
Meep progress: 61.856500000000004/72.33333206176758 = 85.5% done in 19400.7s, 3286.0s to go
on time step 247443 (time=61.8608), 0.0741229 s/step
Meep progress: 61.870000000000005/72.33333206176758 = 85.5% done in 19404.8s, 3281.7s to go
on time step 247497 (time=61.8743), 0.0753969 s/step
Meep progress: 61.88275/72.33333206176758 = 85.6% done in 19408.9s, 3277.7s to go
on time step 247545 (time=61.8863), 0.0847892 s/step
Meep progress: 61.89475/72.33333206176758 = 85.6% done in 19412.9s, 3274.0s to go
on time step 247595 (time=61.8987), 0.0809234 s/step
Meep progress: 61.908/72.33333206176758 = 85.6% done in 19416.9s, 3269.8s to go
on time step 247649 (time=61.9123), 0.0746122 s/step
Meep progress: 61.92125/72.33333206176758 = 85.6% done in 19420.9s, 3265.6s to go
on time step 247703 (time=61.9258), 0.0749754 s/step
Meep progress: 61.93475/72.33333206176758 = 85.6% done in 19425.0s, 3261.4s to go
on time step 247757 (time=61.9393), 0.0752982 s/step
Meep progress: 61.94825/72.33333206176758 = 85.6% done in 19429.0s, 3257.1s to go
on time step 247811 (time=61.9528), 0.0744455 s/step
Meep progress: 61.96175/72.33333206176758 = 85.7% done in 19433.0s, 3252.8s to go
on time step 247865 (time=61.9663), 0.0753881 s/step
Meep progress: 61.97525/72.33333206176758 = 85.7% done in 19437.1s, 3248.6s to go
on time step 247919 (time=61.9798), 0.0745156 s/step
Meep progress: 61.98875/72.33333206176758 = 85.7% done in 19441.1s, 3244.3s to go
on time step 247973 (time=61.9933), 0.0746658 s/step
Meep progress: 62.002/72.33333206176758 = 85.7% done in 19445.1s, 3240.1s to go
on time step 248027 (time=62.0068), 0.0752859 s/step
Meep progress: 62.0155/72.33333206176758 = 85.7% done in 19449.2s, 3235.9s to go
on time step 248081 (time=62.0203), 0.0753408 s/step
Meep progress: 62.029/72.33333206176758 = 85.8% done in 19453.2s, 3231.6s to go
on time step 248136 (time=62.034), 0.0740345 s/step
Meep progress: 62.042500000000004/72.33333206176758 = 85.8% done in 19457.2s, 3227.3s to go
on time step 248190 (time=62.0475), 0.0753459 s/step
Meep progress: 62.056000000000004/72.33333206176758 = 85.8% done in 19461.3s, 3223.1s to go
on time step 248244 (time=62.061), 0.0745008 s/step
Meep progress: 62.069250000000004/72.33333206176758 = 85.8% done in 19465.3s, 3218.9s to go
on time step 248297 (time=62.0742), 0.0762468 s/step
Meep progress: 62.0825/72.33333206176758 = 85.8% done in 19469.3s, 3214.7s to go
on time step 248351 (time=62.0877), 0.0745425 s/step
Meep progress: 62.096000000000004/72.33333206176758 = 85.8% done in 19473.3s, 3210.4s to go
on time step 248405 (time=62.1013), 0.0751072 s/step
Meep progress: 62.109500000000004/72.33333206176758 = 85.9% done in 19477.3s, 3206.2s to go
on time step 248459 (time=62.1148), 0.0747237 s/step
Meep progress: 62.123000000000005/72.33333206176758 = 85.9% done in 19481.4s, 3201.9s to go
on time step 248513 (time=62.1283), 0.0748992 s/step
Meep progress: 62.1365/72.33333206176758 = 85.9% done in 19485.5s, 3197.6s to go
on time step 248567 (time=62.1418), 0.0754613 s/step
Meep progress: 62.149750000000004/72.33333206176758 = 85.9% done in 19489.5s, 3193.5s to go
on time step 248620 (time=62.155), 0.0760105 s/step
Meep progress: 62.16325/72.33333206176758 = 85.9% done in 19493.5s, 3189.2s to go
on time step 248673 (time=62.1683), 0.0755851 s/step
Meep progress: 62.176500000000004/72.33333206176758 = 86.0% done in 19497.6s, 3185.0s to go
on time step 248727 (time=62.1818), 0.0744736 s/step
Meep progress: 62.189750000000004/72.33333206176758 = 86.0% done in 19501.6s, 3180.8s to go
on time step 248779 (time=62.1947), 0.0776963 s/step
Meep progress: 62.2025/72.33333206176758 = 86.0% done in 19505.6s, 3176.8s to go
on time step 248831 (time=62.2078), 0.0773158 s/step
Meep progress: 62.21575/72.33333206176758 = 86.0% done in 19509.6s, 3172.7s to go
on time step 248884 (time=62.221), 0.0766644 s/step
Meep progress: 62.229/72.33333206176758 = 86.0% done in 19513.6s, 3168.5s to go
on time step 248938 (time=62.2345), 0.0745666 s/step
Meep progress: 62.2425/72.33333206176758 = 86.0% done in 19517.7s, 3164.2s to go
on time step 248992 (time=62.248), 0.074706 s/step
Meep progress: 62.256/72.33333206176758 = 86.1% done in 19521.7s, 3160.0s to go
on time step 249045 (time=62.2613), 0.0758019 s/step
Meep progress: 62.26925/72.33333206176758 = 86.1% done in 19525.7s, 3155.8s to go
on time step 249099 (time=62.2748), 0.0752466 s/step
Meep progress: 62.28275/72.33333206176758 = 86.1% done in 19529.8s, 3151.5s to go
on time step 249152 (time=62.288), 0.0770692 s/step
Meep progress: 62.295500000000004/72.33333206176758 = 86.1% done in 19533.8s, 3147.5s to go
on time step 249204 (time=62.301), 0.0774521 s/step
Meep progress: 62.309000000000005/72.33333206176758 = 86.1% done in 19537.9s, 3143.3s to go
on time step 249258 (time=62.3145), 0.0751832 s/step
Meep progress: 62.3225/72.33333206176758 = 86.2% done in 19541.9s, 3139.0s to go
on time step 249312 (time=62.328), 0.0744276 s/step
Meep progress: 62.336/72.33333206176758 = 86.2% done in 19546.0s, 3134.7s to go
on time step 249366 (time=62.3415), 0.0747141 s/step
Meep progress: 62.3495/72.33333206176758 = 86.2% done in 19550.0s, 3130.5s to go
on time step 249420 (time=62.355), 0.0752539 s/step
Meep progress: 62.363/72.33333206176758 = 86.2% done in 19554.1s, 3126.2s to go
on time step 249474 (time=62.3685), 0.075195 s/step
Meep progress: 62.376000000000005/72.33333206176758 = 86.2% done in 19558.1s, 3122.1s to go
on time step 249527 (time=62.3818), 0.0764271 s/step
Meep progress: 62.3895/72.33333206176758 = 86.3% done in 19562.1s, 3117.9s to go
on time step 249581 (time=62.3953), 0.0750602 s/step
Meep progress: 62.403/72.33333206176758 = 86.3% done in 19566.2s, 3113.6s to go
on time step 249635 (time=62.4088), 0.0751982 s/step
Meep progress: 62.41625/72.33333206176758 = 86.3% done in 19570.2s, 3109.4s to go
on time step 249689 (time=62.4222), 0.0753181 s/step
Meep progress: 62.42975/72.33333206176758 = 86.3% done in 19574.2s, 3105.2s to go
on time step 249743 (time=62.4357), 0.074314 s/step
Meep progress: 62.44325/72.33333206176758 = 86.3% done in 19578.2s, 3100.9s to go
on time step 249797 (time=62.4492), 0.0745842 s/step
Meep progress: 62.4565/72.33333206176758 = 86.3% done in 19582.3s, 3096.7s to go
on time step 249850 (time=62.4625), 0.0762431 s/step
Meep progress: 62.469750000000005/72.33333206176758 = 86.4% done in 19586.3s, 3092.6s to go
on time step 249902 (time=62.4755), 0.0774195 s/step
Meep progress: 62.483000000000004/72.33333206176758 = 86.4% done in 19590.3s, 3088.4s to go
on time step 249956 (time=62.489), 0.0747169 s/step
Meep progress: 62.496500000000005/72.33333206176758 = 86.4% done in 19594.4s, 3084.1s to go
on time step 250010 (time=62.5025), 0.0749486 s/step
Meep progress: 62.51/72.33333206176758 = 86.4% done in 19598.4s, 3079.9s to go
on time step 250063 (time=62.5158), 0.0763789 s/step
Meep progress: 62.523/72.33333206176758 = 86.4% done in 19602.5s, 3075.8s to go
on time step 250116 (time=62.529), 0.0758067 s/step
Meep progress: 62.536500000000004/72.33333206176758 = 86.5% done in 19606.5s, 3071.5s to go
on time step 250169 (time=62.5423), 0.0756495 s/step
Meep progress: 62.550000000000004/72.33333206176758 = 86.5% done in 19610.6s, 3067.3s to go
on time step 250223 (time=62.5558), 0.0749044 s/step
Meep progress: 62.563500000000005/72.33333206176758 = 86.5% done in 19614.6s, 3063.0s to go
on time step 250277 (time=62.5693), 0.075043 s/step
Meep progress: 62.577/72.33333206176758 = 86.5% done in 19618.7s, 3058.7s to go
on time step 250331 (time=62.5828), 0.0744512 s/step
Meep progress: 62.5905/72.33333206176758 = 86.5% done in 19622.7s, 3054.5s to go
on time step 250385 (time=62.5963), 0.0751877 s/step
Meep progress: 62.604/72.33333206176758 = 86.5% done in 19626.7s, 3050.2s to go
on time step 250439 (time=62.6097), 0.0746442 s/step
Meep progress: 62.61725/72.33333206176758 = 86.6% done in 19630.7s, 3046.0s to go
on time step 250493 (time=62.6232), 0.0753537 s/step
Meep progress: 62.63075/72.33333206176758 = 86.6% done in 19634.8s, 3041.8s to go
on time step 250547 (time=62.6367), 0.0743163 s/step
Meep progress: 62.64425/72.33333206176758 = 86.6% done in 19638.8s, 3037.5s to go
on time step 250601 (time=62.6502), 0.075131 s/step
Meep progress: 62.65775/72.33333206176758 = 86.6% done in 19642.8s, 3033.2s to go
on time step 250655 (time=62.6638), 0.0751116 s/step
Meep progress: 62.671/72.33333206176758 = 86.6% done in 19646.8s, 3029.1s to go
on time step 250709 (time=62.6773), 0.0752896 s/step
Meep progress: 62.6845/72.33333206176758 = 86.7% done in 19650.9s, 3024.8s to go
on time step 250763 (time=62.6908), 0.0748153 s/step
Meep progress: 62.698/72.33333206176758 = 86.7% done in 19654.9s, 3020.5s to go
on time step 250817 (time=62.7043), 0.074811 s/step
Meep progress: 62.7115/72.33333206176758 = 86.7% done in 19659.0s, 3016.3s to go
on time step 250870 (time=62.7175), 0.075819 s/step
Meep progress: 62.725/72.33333206176758 = 86.7% done in 19663.0s, 3012.0s to go
on time step 250924 (time=62.731), 0.0744982 s/step
Meep progress: 62.73825/72.33333206176758 = 86.7% done in 19667.1s, 3007.8s to go
on time step 250977 (time=62.7443), 0.0765858 s/step
Meep progress: 62.75175/72.33333206176758 = 86.8% done in 19671.1s, 3003.6s to go
on time step 251031 (time=62.7578), 0.0742969 s/step
Meep progress: 62.76525/72.33333206176758 = 86.8% done in 19675.2s, 2999.3s to go
on time step 251085 (time=62.7713), 0.0749128 s/step
Meep progress: 62.77875/72.33333206176758 = 86.8% done in 19679.2s, 2995.1s to go
on time step 251139 (time=62.7848), 0.0742476 s/step
Meep progress: 62.79225/72.33333206176758 = 86.8% done in 19683.2s, 2990.8s to go
on time step 251193 (time=62.7983), 0.0753757 s/step
Meep progress: 62.80575/72.33333206176758 = 86.8% done in 19687.3s, 2986.5s to go
on time step 251248 (time=62.812), 0.0742117 s/step
Meep progress: 62.819250000000004/72.33333206176758 = 86.8% done in 19691.3s, 2982.3s to go
on time step 251302 (time=62.8255), 0.0750814 s/step
Meep progress: 62.832750000000004/72.33333206176758 = 86.9% done in 19695.3s, 2978.0s to go
on time step 251356 (time=62.839), 0.0742944 s/step
Meep progress: 62.846250000000005/72.33333206176758 = 86.9% done in 19699.4s, 2973.8s to go
on time step 251410 (time=62.8525), 0.0745515 s/step
Meep progress: 62.85975/72.33333206176758 = 86.9% done in 19703.4s, 2969.5s to go
on time step 251462 (time=62.8655), 0.0774648 s/step
Meep progress: 62.873000000000005/72.33333206176758 = 86.9% done in 19707.5s, 2965.3s to go
on time step 251516 (time=62.879), 0.0749744 s/step
Meep progress: 62.886250000000004/72.33333206176758 = 86.9% done in 19711.5s, 2961.2s to go
on time step 251569 (time=62.8923), 0.0759327 s/step
Meep progress: 62.899750000000004/72.33333206176758 = 87.0% done in 19715.6s, 2956.9s to go
on time step 251623 (time=62.9058), 0.074757 s/step
Meep progress: 62.913000000000004/72.33333206176758 = 87.0% done in 19719.6s, 2952.7s to go
on time step 251675 (time=62.9188), 0.0776889 s/step
Meep progress: 62.92625/72.33333206176758 = 87.0% done in 19723.6s, 2948.6s to go
on time step 251729 (time=62.9323), 0.0752065 s/step
Meep progress: 62.9395/72.33333206176758 = 87.0% done in 19727.7s, 2944.4s to go
on time step 251783 (time=62.9458), 0.0751724 s/step
Meep progress: 62.953250000000004/72.33333206176758 = 87.0% done in 19731.7s, 2940.0s to go
on time step 251837 (time=62.9593), 0.0750019 s/step
Meep progress: 62.9665/72.33333206176758 = 87.1% done in 19735.8s, 2935.9s to go
on time step 251891 (time=62.9727), 0.0751117 s/step
Meep progress: 62.980000000000004/72.33333206176758 = 87.1% done in 19739.8s, 2931.6s to go
on time step 251945 (time=62.9862), 0.0742972 s/step
Meep progress: 62.993500000000004/72.33333206176758 = 87.1% done in 19743.8s, 2927.3s to go
on time step 252000 (time=63), 0.0739881 s/step
Meep progress: 63.00725/72.33333206176758 = 87.1% done in 19747.9s, 2923.0s to go
on time step 252054 (time=63.0135), 0.0748393 s/step
Meep progress: 63.02075/72.33333206176758 = 87.1% done in 19751.9s, 2918.7s to go
on time step 252108 (time=63.027), 0.0743046 s/step
Meep progress: 63.03425/72.33333206176758 = 87.1% done in 19755.9s, 2914.5s to go
on time step 252162 (time=63.0405), 0.0745152 s/step
Meep progress: 63.048/72.33333206176758 = 87.2% done in 19760.0s, 2910.1s to go
on time step 252217 (time=63.0543), 0.0738511 s/step
Meep progress: 63.0615/72.33333206176758 = 87.2% done in 19764.0s, 2905.9s to go
on time step 252271 (time=63.0678), 0.0746283 s/step
Meep progress: 63.075/72.33333206176758 = 87.2% done in 19768.1s, 2901.6s to go
on time step 252325 (time=63.0813), 0.0745378 s/step
Meep progress: 63.0885/72.33333206176758 = 87.2% done in 19772.1s, 2897.4s to go
on time step 252379 (time=63.0948), 0.0742468 s/step
Meep progress: 63.10225/72.33333206176758 = 87.2% done in 19776.1s, 2893.0s to go
on time step 252434 (time=63.1085), 0.0736394 s/step
Meep progress: 63.11575/72.33333206176758 = 87.3% done in 19780.2s, 2888.7s to go
on time step 252488 (time=63.122), 0.0746182 s/step
Meep progress: 63.12925/72.33333206176758 = 87.3% done in 19784.2s, 2884.5s to go
on time step 252542 (time=63.1355), 0.07538 s/step
Meep progress: 63.1425/72.33333206176758 = 87.3% done in 19788.2s, 2880.3s to go
on time step 252596 (time=63.149), 0.0741443 s/step
Meep progress: 63.15625/72.33333206176758 = 87.3% done in 19792.2s, 2876.0s to go
on time step 252651 (time=63.1628), 0.0739817 s/step
Meep progress: 63.16975/72.33333206176758 = 87.3% done in 19796.3s, 2871.7s to go
on time step 252705 (time=63.1763), 0.0748938 s/step
Meep progress: 63.18325/72.33333206176758 = 87.4% done in 19800.3s, 2867.4s to go
on time step 252759 (time=63.1898), 0.0743935 s/step
Meep progress: 63.197/72.33333206176758 = 87.4% done in 19804.3s, 2863.1s to go
on time step 252814 (time=63.2035), 0.0734983 s/step
Meep progress: 63.2105/72.33333206176758 = 87.4% done in 19808.4s, 2858.8s to go
on time step 252868 (time=63.217), 0.075203 s/step
Meep progress: 63.224000000000004/72.33333206176758 = 87.4% done in 19812.4s, 2854.6s to go
on time step 252922 (time=63.2305), 0.0741007 s/step
Meep progress: 63.237500000000004/72.33333206176758 = 87.4% done in 19816.4s, 2850.3s to go
on time step 252976 (time=63.244), 0.0741167 s/step
Meep progress: 63.251000000000005/72.33333206176758 = 87.4% done in 19820.4s, 2846.1s to go
on time step 253031 (time=63.2578), 0.0738061 s/step
Meep progress: 63.26475/72.33333206176758 = 87.5% done in 19824.5s, 2841.7s to go
on time step 253085 (time=63.2713), 0.074789 s/step
Meep progress: 63.278/72.33333206176758 = 87.5% done in 19828.6s, 2837.5s to go
on time step 253138 (time=63.2845), 0.0766386 s/step
Meep progress: 63.2915/72.33333206176758 = 87.5% done in 19832.6s, 2833.3s to go
on time step 253192 (time=63.298), 0.0742237 s/step
Meep progress: 63.30525/72.33333206176758 = 87.5% done in 19836.6s, 2828.9s to go
on time step 253246 (time=63.3115), 0.0750124 s/step
Meep progress: 63.3185/72.33333206176758 = 87.5% done in 19840.7s, 2824.8s to go
on time step 253300 (time=63.325), 0.0753816 s/step
Meep progress: 63.332/72.33333206176758 = 87.6% done in 19844.7s, 2820.5s to go
on time step 253354 (time=63.3385), 0.0742442 s/step
Meep progress: 63.3455/72.33333206176758 = 87.6% done in 19848.7s, 2816.3s to go
on time step 253408 (time=63.352), 0.0742874 s/step
Meep progress: 63.35925/72.33333206176758 = 87.6% done in 19852.8s, 2811.9s to go
on time step 253462 (time=63.3655), 0.074317 s/step
Meep progress: 63.37275/72.33333206176758 = 87.6% done in 19856.8s, 2807.7s to go
on time step 253516 (time=63.379), 0.0749123 s/step
Meep progress: 63.386250000000004/72.33333206176758 = 87.6% done in 19860.9s, 2803.4s to go
on time step 253570 (time=63.3925), 0.0748993 s/step
Meep progress: 63.399750000000004/72.33333206176758 = 87.6% done in 19864.9s, 2799.1s to go
on time step 253625 (time=63.4062), 0.0737081 s/step
Meep progress: 63.41325/72.33333206176758 = 87.7% done in 19868.9s, 2794.9s to go
on time step 253679 (time=63.4198), 0.0751285 s/step
Meep progress: 63.42675/72.33333206176758 = 87.7% done in 19872.9s, 2790.6s to go
on time step 253733 (time=63.4333), 0.0741828 s/step
Meep progress: 63.44025/72.33333206176758 = 87.7% done in 19877.0s, 2786.4s to go
on time step 253787 (time=63.4468), 0.0741469 s/step
Meep progress: 63.45375/72.33333206176758 = 87.7% done in 19881.0s, 2782.1s to go
on time step 253840 (time=63.46), 0.0764912 s/step
Meep progress: 63.466750000000005/72.33333206176758 = 87.7% done in 19885.0s, 2778.0s to go
on time step 253894 (time=63.4735), 0.0753905 s/step
Meep progress: 63.48025/72.33333206176758 = 87.8% done in 19889.0s, 2773.8s to go
on time step 253949 (time=63.4873), 0.0740065 s/step
Meep progress: 63.49375/72.33333206176758 = 87.8% done in 19893.0s, 2769.5s to go
on time step 254003 (time=63.5008), 0.0743787 s/step
Meep progress: 63.5075/72.33333206176758 = 87.8% done in 19897.1s, 2765.2s to go
on time step 254057 (time=63.5143), 0.0746864 s/step
Meep progress: 63.52075/72.33333206176758 = 87.8% done in 19901.1s, 2761.0s to go
on time step 254111 (time=63.5278), 0.0746236 s/step
Meep progress: 63.534/72.33333206176758 = 87.8% done in 19905.1s, 2756.8s to go
on time step 254163 (time=63.5408), 0.077325 s/step
Meep progress: 63.54725/72.33333206176758 = 87.9% done in 19909.2s, 2752.7s to go
on time step 254216 (time=63.554), 0.0760174 s/step
Meep progress: 63.560500000000005/72.33333206176758 = 87.9% done in 19913.2s, 2748.5s to go
on time step 254268 (time=63.567), 0.0772979 s/step
Meep progress: 63.57325/72.33333206176758 = 87.9% done in 19917.2s, 2744.5s to go
on time step 254319 (time=63.5798), 0.0792078 s/step
Meep progress: 63.586/72.33333206176758 = 87.9% done in 19921.2s, 2740.5s to go
on time step 254371 (time=63.5928), 0.078067 s/step
Meep progress: 63.59925/72.33333206176758 = 87.9% done in 19925.3s, 2736.3s to go
on time step 254425 (time=63.6063), 0.0744201 s/step
Meep progress: 63.61275/72.33333206176758 = 87.9% done in 19929.3s, 2732.1s to go
on time step 254478 (time=63.6195), 0.0763209 s/step
Meep progress: 63.625750000000004/72.33333206176758 = 88.0% done in 19933.3s, 2728.0s to go
on time step 254530 (time=63.6325), 0.0771417 s/step
Meep progress: 63.639/72.33333206176758 = 88.0% done in 19937.4s, 2723.8s to go
on time step 254584 (time=63.646), 0.0753295 s/step
Meep progress: 63.65225/72.33333206176758 = 88.0% done in 19941.4s, 2719.7s to go
on time step 254637 (time=63.6593), 0.0767333 s/step
Meep progress: 63.66525/72.33333206176758 = 88.0% done in 19945.4s, 2715.6s to go
on time step 254689 (time=63.6722), 0.0773554 s/step
Meep progress: 63.67825/72.33333206176758 = 88.0% done in 19949.4s, 2711.5s to go
on time step 254741 (time=63.6853), 0.0770948 s/step
Meep progress: 63.6915/72.33333206176758 = 88.1% done in 19953.5s, 2707.3s to go
on time step 254795 (time=63.6988), 0.0746777 s/step
Meep progress: 63.704750000000004/72.33333206176758 = 88.1% done in 19957.5s, 2703.2s to go
on time step 254846 (time=63.7115), 0.0785978 s/step
Meep progress: 63.7175/72.33333206176758 = 88.1% done in 19961.5s, 2699.2s to go
on time step 254897 (time=63.7242), 0.0790971 s/step
Meep progress: 63.7305/72.33333206176758 = 88.1% done in 19965.6s, 2695.1s to go
on time step 254949 (time=63.7373), 0.0771293 s/step
Meep progress: 63.74375/72.33333206176758 = 88.1% done in 19969.7s, 2690.9s to go
on time step 255001 (time=63.7503), 0.0774622 s/step
Meep progress: 63.7565/72.33333206176758 = 88.1% done in 19973.7s, 2687.0s to go
on time step 255053 (time=63.7632), 0.0776676 s/step
Meep progress: 63.76975/72.33333206176758 = 88.2% done in 19977.7s, 2682.8s to go
on time step 255107 (time=63.7767), 0.0742691 s/step
Meep progress: 63.78325/72.33333206176758 = 88.2% done in 19981.7s, 2678.5s to go
on time step 255160 (time=63.79), 0.0764835 s/step
Meep progress: 63.79575/72.33333206176758 = 88.2% done in 19985.7s, 2674.6s to go
on time step 255208 (time=63.802), 0.085112 s/step
Meep progress: 63.80775/72.33333206176758 = 88.2% done in 19989.8s, 2670.9s to go
on time step 255260 (time=63.815), 0.078016 s/step
Meep progress: 63.821/72.33333206176758 = 88.2% done in 19993.8s, 2666.7s to go
on time step 255313 (time=63.8283), 0.0758971 s/step
Meep progress: 63.8345/72.33333206176758 = 88.3% done in 19997.9s, 2662.5s to go
on time step 255368 (time=63.842), 0.0739265 s/step
Meep progress: 63.84825/72.33333206176758 = 88.3% done in 20001.9s, 2658.1s to go
on time step 255423 (time=63.8558), 0.0737761 s/step
Meep progress: 63.86175/72.33333206176758 = 88.3% done in 20005.9s, 2653.9s to go
on time step 255475 (time=63.8687), 0.0776841 s/step
Meep progress: 63.87475/72.33333206176758 = 88.3% done in 20009.9s, 2649.8s to go
on time step 255529 (time=63.8822), 0.0746037 s/step
Meep progress: 63.88825/72.33333206176758 = 88.3% done in 20013.9s, 2645.5s to go
on time step 255584 (time=63.896), 0.073885 s/step
Meep progress: 63.902/72.33333206176758 = 88.3% done in 20018.0s, 2641.2s to go
on time step 255638 (time=63.9095), 0.0749845 s/step
Meep progress: 63.91525/72.33333206176758 = 88.4% done in 20022.0s, 2637.0s to go
on time step 255692 (time=63.923), 0.0742432 s/step
Meep progress: 63.9285/72.33333206176758 = 88.4% done in 20026.0s, 2632.9s to go
on time step 255745 (time=63.9363), 0.0758162 s/step
Meep progress: 63.942/72.33333206176758 = 88.4% done in 20030.0s, 2628.6s to go
on time step 255800 (time=63.95), 0.0739984 s/step
Meep progress: 63.9555/72.33333206176758 = 88.4% done in 20034.0s, 2624.4s to go
on time step 255854 (time=63.9635), 0.0753688 s/step
Meep progress: 63.969/72.33333206176758 = 88.4% done in 20038.1s, 2620.1s to go
on time step 255908 (time=63.977), 0.0742621 s/step
Meep progress: 63.9825/72.33333206176758 = 88.5% done in 20042.1s, 2615.8s to go
on time step 255962 (time=63.9905), 0.0749721 s/step
Meep progress: 63.996/72.33333206176758 = 88.5% done in 20046.1s, 2611.6s to go
on time step 256017 (time=64.0042), 0.0739748 s/step
Meep progress: 64.0095/72.33333206176758 = 88.5% done in 20050.2s, 2607.3s to go
on time step 256071 (time=64.0178), 0.0748366 s/step
Meep progress: 64.023/72.33333206176758 = 88.5% done in 20054.2s, 2603.1s to go
on time step 256125 (time=64.0312), 0.0743905 s/step
Meep progress: 64.0365/72.33333206176758 = 88.5% done in 20058.2s, 2598.8s to go
on time step 256179 (time=64.0448), 0.0741429 s/step
Meep progress: 64.05025/72.33333206176758 = 88.5% done in 20062.2s, 2594.5s to go
on time step 256234 (time=64.0585), 0.0739023 s/step
Meep progress: 64.06375/72.33333206176758 = 88.6% done in 20066.3s, 2590.2s to go
on time step 256288 (time=64.072), 0.0752529 s/step
Meep progress: 64.07725/72.33333206176758 = 88.6% done in 20070.4s, 2586.0s to go
on time step 256342 (time=64.0855), 0.0749833 s/step
Meep progress: 64.0905/72.33333206176758 = 88.6% done in 20074.4s, 2581.8s to go
on time step 256395 (time=64.0987), 0.0755771 s/step
Meep progress: 64.104/72.33333206176758 = 88.6% done in 20078.4s, 2577.6s to go
on time step 256449 (time=64.1123), 0.0754092 s/step
Meep progress: 64.1175/72.33333206176758 = 88.6% done in 20082.5s, 2573.3s to go
on time step 256503 (time=64.1257), 0.0741522 s/step
Meep progress: 64.131/72.33333206176758 = 88.7% done in 20086.5s, 2569.1s to go
on time step 256557 (time=64.1393), 0.0741532 s/step
Meep progress: 64.14450000000001/72.33333206176758 = 88.7% done in 20090.5s, 2564.8s to go
on time step 256611 (time=64.1527), 0.0742154 s/step
Meep progress: 64.15825/72.33333206176758 = 88.7% done in 20094.6s, 2560.5s to go
on time step 256664 (time=64.166), 0.0756192 s/step
Meep progress: 64.1715/72.33333206176758 = 88.7% done in 20098.6s, 2556.3s to go
on time step 256718 (time=64.1795), 0.0743162 s/step
Meep progress: 64.185/72.33333206176758 = 88.7% done in 20102.6s, 2552.0s to go
on time step 256772 (time=64.193), 0.0747517 s/step
Meep progress: 64.19875/72.33333206176758 = 88.8% done in 20106.7s, 2547.7s to go
on time step 256827 (time=64.2067), 0.0739874 s/step
Meep progress: 64.21225/72.33333206176758 = 88.8% done in 20110.7s, 2543.5s to go
on time step 256881 (time=64.2203), 0.0749555 s/step
Meep progress: 64.22575/72.33333206176758 = 88.8% done in 20114.7s, 2539.2s to go
on time step 256935 (time=64.2338), 0.0743677 s/step
Meep progress: 64.23925/72.33333206176758 = 88.8% done in 20118.8s, 2534.9s to go
on time step 256990 (time=64.2475), 0.0738475 s/step
Meep progress: 64.253/72.33333206176758 = 88.8% done in 20122.8s, 2530.6s to go
on time step 257044 (time=64.261), 0.0746359 s/step
Meep progress: 64.26625/72.33333206176758 = 88.8% done in 20126.8s, 2526.4s to go
on time step 257096 (time=64.274), 0.0775795 s/step
Meep progress: 64.2795/72.33333206176758 = 88.9% done in 20130.9s, 2522.3s to go
on time step 257150 (time=64.2875), 0.0749657 s/step
Meep progress: 64.293/72.33333206176758 = 88.9% done in 20134.9s, 2518.0s to go
on time step 257205 (time=64.3012), 0.0733759 s/step
Meep progress: 64.30675000000001/72.33333206176758 = 88.9% done in 20139.0s, 2513.7s to go
on time step 257259 (time=64.3148), 0.0747712 s/step
Meep progress: 64.32025/72.33333206176758 = 88.9% done in 20143.0s, 2509.4s to go
on time step 257313 (time=64.3282), 0.0744322 s/step
Meep progress: 64.33375/72.33333206176758 = 88.9% done in 20147.0s, 2505.2s to go
on time step 257367 (time=64.3418), 0.0743672 s/step
Meep progress: 64.34725/72.33333206176758 = 89.0% done in 20151.0s, 2500.9s to go
on time step 257422 (time=64.3555), 0.0738727 s/step
Meep progress: 64.36075/72.33333206176758 = 89.0% done in 20155.1s, 2496.7s to go
on time step 257476 (time=64.369), 0.0751994 s/step
Meep progress: 64.37425/72.33333206176758 = 89.0% done in 20159.1s, 2492.4s to go
on time step 257530 (time=64.3825), 0.0750326 s/step
Meep progress: 64.38775/72.33333206176758 = 89.0% done in 20163.2s, 2488.2s to go
on time step 257585 (time=64.3962), 0.0738634 s/step
Meep progress: 64.4015/72.33333206176758 = 89.0% done in 20167.2s, 2483.8s to go
on time step 257639 (time=64.4098), 0.0747295 s/step
Meep progress: 64.415/72.33333206176758 = 89.1% done in 20171.3s, 2479.6s to go
on time step 257693 (time=64.4232), 0.0747456 s/step
Meep progress: 64.4285/72.33333206176758 = 89.1% done in 20175.3s, 2475.3s to go
on time step 257747 (time=64.4368), 0.0744985 s/step
Meep progress: 64.44225/72.33333206176758 = 89.1% done in 20179.4s, 2471.0s to go
on time step 257802 (time=64.4505), 0.0736759 s/step
Meep progress: 64.45575/72.33333206176758 = 89.1% done in 20183.4s, 2466.8s to go
on time step 257853 (time=64.4633), 0.0787434 s/step
Meep progress: 64.4685/72.33333206176758 = 89.1% done in 20187.4s, 2462.8s to go
on time step 257907 (time=64.4767), 0.0753126 s/step
Meep progress: 64.482/72.33333206176758 = 89.1% done in 20191.5s, 2458.5s to go
on time step 257962 (time=64.4905), 0.0738264 s/step
Meep progress: 64.4955/72.33333206176758 = 89.2% done in 20195.5s, 2454.3s to go
on time step 258015 (time=64.5037), 0.0755798 s/step
Meep progress: 64.50875/72.33333206176758 = 89.2% done in 20199.5s, 2450.1s to go
on time step 258068 (time=64.517), 0.0766964 s/step
Meep progress: 64.52225/72.33333206176758 = 89.2% done in 20203.6s, 2445.9s to go
on time step 258121 (time=64.5302), 0.0756538 s/step
Meep progress: 64.5355/72.33333206176758 = 89.2% done in 20207.6s, 2441.7s to go
on time step 258175 (time=64.5438), 0.0748109 s/step
Meep progress: 64.549/72.33333206176758 = 89.2% done in 20211.7s, 2437.4s to go
on time step 258229 (time=64.5572), 0.0745266 s/step
Meep progress: 64.5625/72.33333206176758 = 89.3% done in 20215.7s, 2433.2s to go
on time step 258283 (time=64.5708), 0.0751029 s/step
Meep progress: 64.57600000000001/72.33333206176758 = 89.3% done in 20219.7s, 2428.9s to go
on time step 258337 (time=64.5842), 0.0744599 s/step
Meep progress: 64.5895/72.33333206176758 = 89.3% done in 20223.7s, 2424.7s to go
on time step 258388 (time=64.597), 0.0789167 s/step
Meep progress: 64.602/72.33333206176758 = 89.3% done in 20227.7s, 2420.8s to go
on time step 258441 (time=64.6103), 0.0763997 s/step
Meep progress: 64.6155/72.33333206176758 = 89.3% done in 20231.8s, 2416.5s to go
on time step 258495 (time=64.6238), 0.0744397 s/step
Meep progress: 64.629/72.33333206176758 = 89.3% done in 20235.8s, 2412.3s to go
on time step 258549 (time=64.6372), 0.0745744 s/step
Meep progress: 64.6425/72.33333206176758 = 89.4% done in 20239.9s, 2408.0s to go
on time step 258603 (time=64.6508), 0.0754414 s/step
Meep progress: 64.65575/72.33333206176758 = 89.4% done in 20243.9s, 2403.9s to go
on time step 258655 (time=64.6638), 0.0771664 s/step
Meep progress: 64.66875/72.33333206176758 = 89.4% done in 20248.0s, 2399.8s to go
on time step 258707 (time=64.6767), 0.0777837 s/step
Meep progress: 64.68225/72.33333206176758 = 89.4% done in 20252.1s, 2395.6s to go
on time step 258761 (time=64.6903), 0.0741925 s/step
Meep progress: 64.69575/72.33333206176758 = 89.4% done in 20256.1s, 2391.3s to go
on time step 258815 (time=64.7037), 0.0754996 s/step
Meep progress: 64.709/72.33333206176758 = 89.5% done in 20260.1s, 2387.1s to go
on time step 258868 (time=64.717), 0.0759985 s/step
Meep progress: 64.72200000000001/72.33333206176758 = 89.5% done in 20264.1s, 2383.1s to go
on time step 258920 (time=64.73), 0.0773111 s/step
Meep progress: 64.73525000000001/72.33333206176758 = 89.5% done in 20268.1s, 2378.9s to go
on time step 258973 (time=64.7433), 0.0766709 s/step
Meep progress: 64.7485/72.33333206176758 = 89.5% done in 20272.2s, 2374.7s to go
on time step 259027 (time=64.7567), 0.074881 s/step
Meep progress: 64.76175/72.33333206176758 = 89.5% done in 20276.2s, 2370.6s to go
on time step 259081 (time=64.7703), 0.07531 s/step
Meep progress: 64.77525/72.33333206176758 = 89.6% done in 20280.2s, 2366.3s to go
on time step 259135 (time=64.7837), 0.0748633 s/step
Meep progress: 64.78875000000001/72.33333206176758 = 89.6% done in 20284.3s, 2362.1s to go
on time step 259189 (time=64.7973), 0.0743241 s/step
Meep progress: 64.80225/72.33333206176758 = 89.6% done in 20288.3s, 2357.8s to go
on time step 259239 (time=64.8098), 0.0815704 s/step
Meep progress: 64.81400000000001/72.33333206176758 = 89.6% done in 20292.4s, 2354.2s to go
on time step 259287 (time=64.8217), 0.0842037 s/step
Meep progress: 64.8265/72.33333206176758 = 89.6% done in 20296.4s, 2350.3s to go
on time step 259341 (time=64.8353), 0.0753544 s/step
Meep progress: 64.84/72.33333206176758 = 89.6% done in 20300.4s, 2346.0s to go
on time step 259396 (time=64.849), 0.0736633 s/step
Meep progress: 64.85375/72.33333206176758 = 89.7% done in 20304.5s, 2341.7s to go
on time step 259450 (time=64.8625), 0.0747394 s/step
Meep progress: 64.86725/72.33333206176758 = 89.7% done in 20308.5s, 2337.5s to go
on time step 259504 (time=64.876), 0.0741765 s/step
Meep progress: 64.88075/72.33333206176758 = 89.7% done in 20312.5s, 2333.2s to go
on time step 259557 (time=64.8893), 0.0759856 s/step
Meep progress: 64.89425/72.33333206176758 = 89.7% done in 20316.6s, 2329.0s to go
on time step 259611 (time=64.9027), 0.0749037 s/step
Meep progress: 64.9075/72.33333206176758 = 89.7% done in 20320.6s, 2324.8s to go
on time step 259665 (time=64.9163), 0.0747886 s/step
Meep progress: 64.92125/72.33333206176758 = 89.8% done in 20324.7s, 2320.5s to go
on time step 259718 (time=64.9295), 0.0763126 s/step
Meep progress: 64.9345/72.33333206176758 = 89.8% done in 20328.8s, 2316.3s to go
on time step 259773 (time=64.9433), 0.0739058 s/step
Meep progress: 64.94825/72.33333206176758 = 89.8% done in 20332.8s, 2312.0s to go
on time step 259827 (time=64.9567), 0.0750477 s/step
Meep progress: 64.96175/72.33333206176758 = 89.8% done in 20336.8s, 2307.7s to go
on time step 259881 (time=64.9703), 0.074704 s/step
Meep progress: 64.97525/72.33333206176758 = 89.8% done in 20340.9s, 2303.5s to go
on time step 259935 (time=64.9838), 0.0753025 s/step
Meep progress: 64.98875/72.33333206176758 = 89.8% done in 20345.0s, 2299.2s to go
on time step 259989 (time=64.9973), 0.075012 s/step
Meep progress: 65.00225/72.33333206176758 = 89.9% done in 20349.0s, 2295.0s to go
on time step 260042 (time=65.0105), 0.075499 s/step
Meep progress: 65.01575/72.33333206176758 = 89.9% done in 20353.1s, 2290.8s to go
on time step 260096 (time=65.024), 0.0742408 s/step
Meep progress: 65.02925/72.33333206176758 = 89.9% done in 20357.1s, 2286.5s to go
on time step 260150 (time=65.0375), 0.0747447 s/step
Meep progress: 65.0425/72.33333206176758 = 89.9% done in 20361.1s, 2282.3s to go
on time step 260204 (time=65.051), 0.0749487 s/step
Meep progress: 65.056/72.33333206176758 = 89.9% done in 20365.1s, 2278.1s to go
on time step 260257 (time=65.0643), 0.0755428 s/step
Meep progress: 65.0695/72.33333206176758 = 90.0% done in 20369.2s, 2273.9s to go
on time step 260312 (time=65.078), 0.0739636 s/step
Meep progress: 65.083/72.33333206176758 = 90.0% done in 20373.2s, 2269.6s to go
on time step 260366 (time=65.0915), 0.0752562 s/step
Meep progress: 65.0965/72.33333206176758 = 90.0% done in 20377.2s, 2265.4s to go
on time step 260420 (time=65.105), 0.0745636 s/step
Meep progress: 65.10975/72.33333206176758 = 90.0% done in 20381.2s, 2261.2s to go
on time step 260474 (time=65.1185), 0.0751466 s/step
Meep progress: 65.12325/72.33333206176758 = 90.0% done in 20385.3s, 2256.9s to go
on time step 260527 (time=65.1317), 0.0755982 s/step
Meep progress: 65.13675/72.33333206176758 = 90.1% done in 20389.4s, 2252.7s to go
on time step 260580 (time=65.145), 0.0766229 s/step
Meep progress: 65.15/72.33333206176758 = 90.1% done in 20393.4s, 2248.5s to go
on time step 260634 (time=65.1585), 0.0754183 s/step
Meep progress: 65.1635/72.33333206176758 = 90.1% done in 20397.5s, 2244.3s to go
on time step 260688 (time=65.172), 0.0743293 s/step
Meep progress: 65.177/72.33333206176758 = 90.1% done in 20401.5s, 2240.1s to go
on time step 260741 (time=65.1852), 0.0756644 s/step
Meep progress: 65.19025/72.33333206176758 = 90.1% done in 20405.5s, 2235.9s to go
on time step 260795 (time=65.1988), 0.0744978 s/step
Meep progress: 65.20375/72.33333206176758 = 90.1% done in 20409.6s, 2231.6s to go
on time step 260848 (time=65.212), 0.076232 s/step
Meep progress: 65.217/72.33333206176758 = 90.2% done in 20413.6s, 2227.5s to go
on time step 260902 (time=65.2255), 0.0743166 s/step
Meep progress: 65.2305/72.33333206176758 = 90.2% done in 20417.6s, 2223.2s to go
on time step 260956 (time=65.239), 0.0751257 s/step
Meep progress: 65.244/72.33333206176758 = 90.2% done in 20421.7s, 2219.0s to go
on time step 261010 (time=65.2525), 0.0744004 s/step
Meep progress: 65.25750000000001/72.33333206176758 = 90.2% done in 20425.7s, 2214.7s to go
on time step 261064 (time=65.266), 0.0750767 s/step
Meep progress: 65.271/72.33333206176758 = 90.2% done in 20429.7s, 2210.5s to go
on time step 261118 (time=65.2795), 0.0743044 s/step
Meep progress: 65.28450000000001/72.33333206176758 = 90.3% done in 20433.8s, 2206.3s to go
on time step 261171 (time=65.2927), 0.0761742 s/step
Meep progress: 65.29775000000001/72.33333206176758 = 90.3% done in 20437.8s, 2202.1s to go
on time step 261224 (time=65.306), 0.0766302 s/step
Meep progress: 65.311/72.33333206176758 = 90.3% done in 20441.9s, 2197.9s to go
on time step 261278 (time=65.3195), 0.0750218 s/step
Meep progress: 65.32425/72.33333206176758 = 90.3% done in 20445.9s, 2193.8s to go
on time step 261331 (time=65.3328), 0.0760643 s/step
Meep progress: 65.33775/72.33333206176758 = 90.3% done in 20449.9s, 2189.5s to go
on time step 261384 (time=65.346), 0.0763164 s/step
Meep progress: 65.35075/72.33333206176758 = 90.3% done in 20453.9s, 2185.5s to go
on time step 261437 (time=65.3593), 0.0761594 s/step
Meep progress: 65.364/72.33333206176758 = 90.4% done in 20457.9s, 2181.3s to go
on time step 261491 (time=65.3727), 0.074968 s/step
Meep progress: 65.3775/72.33333206176758 = 90.4% done in 20462.0s, 2177.0s to go
on time step 261545 (time=65.3863), 0.0751416 s/step
Meep progress: 65.391/72.33333206176758 = 90.4% done in 20466.0s, 2172.8s to go
on time step 261599 (time=65.3997), 0.0745881 s/step
Meep progress: 65.4045/72.33333206176758 = 90.4% done in 20470.1s, 2168.6s to go
on time step 261652 (time=65.413), 0.0756463 s/step
Meep progress: 65.418/72.33333206176758 = 90.4% done in 20474.1s, 2164.3s to go
on time step 261706 (time=65.4265), 0.0743428 s/step
Meep progress: 65.4315/72.33333206176758 = 90.5% done in 20478.2s, 2160.1s to go
on time step 261760 (time=65.44), 0.0754576 s/step
Meep progress: 65.4445/72.33333206176758 = 90.5% done in 20482.2s, 2156.0s to go
on time step 261812 (time=65.453), 0.0769654 s/step
Meep progress: 65.45775/72.33333206176758 = 90.5% done in 20486.2s, 2151.8s to go
on time step 261865 (time=65.4663), 0.0758629 s/step
Meep progress: 65.47125/72.33333206176758 = 90.5% done in 20490.3s, 2147.6s to go
on time step 261919 (time=65.4797), 0.0741943 s/step
Meep progress: 65.48475/72.33333206176758 = 90.5% done in 20494.3s, 2143.4s to go
on time step 261973 (time=65.4933), 0.0752523 s/step
Meep progress: 65.49825/72.33333206176758 = 90.6% done in 20498.3s, 2139.1s to go
on time step 262026 (time=65.5065), 0.0756445 s/step
Meep progress: 65.5115/72.33333206176758 = 90.6% done in 20502.3s, 2134.9s to go
on time step 262080 (time=65.52), 0.0743174 s/step
Meep progress: 65.525/72.33333206176758 = 90.6% done in 20506.4s, 2130.7s to go
on time step 262133 (time=65.5332), 0.0757568 s/step
Meep progress: 65.53825/72.33333206176758 = 90.6% done in 20510.4s, 2126.5s to go
on time step 262184 (time=65.546), 0.0788967 s/step
Meep progress: 65.55125/72.33333206176758 = 90.6% done in 20514.5s, 2122.5s to go
on time step 262237 (time=65.5593), 0.0766797 s/step
Meep progress: 65.5645/72.33333206176758 = 90.6% done in 20518.5s, 2118.3s to go
on time step 262291 (time=65.5727), 0.0744269 s/step
Meep progress: 65.578/72.33333206176758 = 90.7% done in 20522.6s, 2114.1s to go
on time step 262345 (time=65.5863), 0.0753159 s/step
Meep progress: 65.5915/72.33333206176758 = 90.7% done in 20526.6s, 2109.8s to go
on time step 262399 (time=65.5998), 0.0744474 s/step
Meep progress: 65.605/72.33333206176758 = 90.7% done in 20530.7s, 2105.6s to go
on time step 262453 (time=65.6133), 0.0750019 s/step
Meep progress: 65.6185/72.33333206176758 = 90.7% done in 20534.7s, 2101.3s to go
on time step 262507 (time=65.6268), 0.0742106 s/step
Meep progress: 65.632/72.33333206176758 = 90.7% done in 20538.7s, 2097.1s to go
on time step 262561 (time=65.6402), 0.0746907 s/step
Meep progress: 65.6455/72.33333206176758 = 90.8% done in 20542.7s, 2092.9s to go
on time step 262615 (time=65.6538), 0.0745914 s/step
Meep progress: 65.65875/72.33333206176758 = 90.8% done in 20546.7s, 2088.7s to go
on time step 262666 (time=65.6665), 0.0787849 s/step
Meep progress: 65.67175/72.33333206176758 = 90.8% done in 20550.8s, 2084.6s to go
on time step 262720 (time=65.68), 0.0744111 s/step
Meep progress: 65.68525/72.33333206176758 = 90.8% done in 20554.8s, 2080.4s to go
on time step 262774 (time=65.6935), 0.0746133 s/step
Meep progress: 65.69875/72.33333206176758 = 90.8% done in 20558.8s, 2076.1s to go
on time step 262828 (time=65.707), 0.0751372 s/step
Meep progress: 65.71225/72.33333206176758 = 90.8% done in 20562.9s, 2071.9s to go
on time step 262882 (time=65.7205), 0.0745605 s/step
Meep progress: 65.72575/72.33333206176758 = 90.9% done in 20567.0s, 2067.7s to go
on time step 262935 (time=65.7338), 0.0757495 s/step
Meep progress: 65.73925/72.33333206176758 = 90.9% done in 20571.0s, 2063.4s to go
on time step 262989 (time=65.7473), 0.0745469 s/step
Meep progress: 65.75275/72.33333206176758 = 90.9% done in 20575.0s, 2059.2s to go
on time step 263043 (time=65.7608), 0.0746292 s/step
Meep progress: 65.76625/72.33333206176758 = 90.9% done in 20579.1s, 2054.9s to go
on time step 263098 (time=65.7745), 0.0741501 s/step
Meep progress: 65.77975/72.33333206176758 = 90.9% done in 20583.1s, 2050.7s to go
on time step 263152 (time=65.788), 0.074122 s/step
Meep progress: 65.7935/72.33333206176758 = 91.0% done in 20587.1s, 2046.3s to go
on time step 263206 (time=65.8015), 0.0741138 s/step
Meep progress: 65.807/72.33333206176758 = 91.0% done in 20591.2s, 2042.1s to go
on time step 263260 (time=65.815), 0.0748442 s/step
Meep progress: 65.8205/72.33333206176758 = 91.0% done in 20595.2s, 2037.9s to go
on time step 263314 (time=65.8285), 0.0742844 s/step
Meep progress: 65.834/72.33333206176758 = 91.0% done in 20599.2s, 2033.6s to go
on time step 263369 (time=65.8423), 0.0739448 s/step
Meep progress: 65.84775/72.33333206176758 = 91.0% done in 20603.3s, 2029.3s to go
on time step 263423 (time=65.8558), 0.0747256 s/step
Meep progress: 65.86125/72.33333206176758 = 91.1% done in 20607.3s, 2025.0s to go
on time step 263477 (time=65.8693), 0.0741191 s/step
Meep progress: 65.87475/72.33333206176758 = 91.1% done in 20611.3s, 2020.8s to go
on time step 263531 (time=65.8828), 0.0744677 s/step
Meep progress: 65.88825/72.33333206176758 = 91.1% done in 20615.3s, 2016.6s to go
on time step 263586 (time=65.8965), 0.0739627 s/step
Meep progress: 65.90175/72.33333206176758 = 91.1% done in 20619.3s, 2012.3s to go
on time step 263640 (time=65.91), 0.0748738 s/step
Meep progress: 65.91525/72.33333206176758 = 91.1% done in 20623.4s, 2008.1s to go
on time step 263694 (time=65.9235), 0.0754192 s/step
Meep progress: 65.9285/72.33333206176758 = 91.1% done in 20627.4s, 2003.9s to go
on time step 263748 (time=65.937), 0.0741383 s/step
Meep progress: 65.94200000000001/72.33333206176758 = 91.2% done in 20631.4s, 1999.7s to go
on time step 263802 (time=65.9505), 0.0741207 s/step
Meep progress: 65.9555/72.33333206176758 = 91.2% done in 20635.4s, 1995.4s to go
on time step 263856 (time=65.964), 0.0748651 s/step
Meep progress: 65.96900000000001/72.33333206176758 = 91.2% done in 20639.5s, 1991.2s to go
on time step 263909 (time=65.9772), 0.0761319 s/step
Meep progress: 65.98225000000001/72.33333206176758 = 91.2% done in 20643.5s, 1987.0s to go
on time step 263962 (time=65.9905), 0.0756143 s/step
Meep progress: 65.99575/72.33333206176758 = 91.2% done in 20647.6s, 1982.8s to go
on time step 264016 (time=66.004), 0.0744416 s/step
Meep progress: 66.00925/72.33333206176758 = 91.3% done in 20651.6s, 1978.5s to go
on time step 264069 (time=66.0173), 0.0755314 s/step
Meep progress: 66.02275/72.33333206176758 = 91.3% done in 20655.7s, 1974.3s to go
on time step 264123 (time=66.0307), 0.0744139 s/step
Meep progress: 66.03625/72.33333206176758 = 91.3% done in 20659.7s, 1970.1s to go
on time step 264177 (time=66.0443), 0.0754594 s/step
Meep progress: 66.04975/72.33333206176758 = 91.3% done in 20663.7s, 1965.8s to go
on time step 264231 (time=66.0577), 0.0750191 s/step
Meep progress: 66.06325/72.33333206176758 = 91.3% done in 20667.8s, 1961.6s to go
on time step 264285 (time=66.0713), 0.0743871 s/step
Meep progress: 66.07675/72.33333206176758 = 91.4% done in 20671.8s, 1957.3s to go
on time step 264339 (time=66.0847), 0.0744397 s/step
Meep progress: 66.09025/72.33333206176758 = 91.4% done in 20675.9s, 1953.1s to go
on time step 264392 (time=66.098), 0.0760435 s/step
Meep progress: 66.1035/72.33333206176758 = 91.4% done in 20679.9s, 1948.9s to go
on time step 264445 (time=66.1112), 0.0758115 s/step
Meep progress: 66.11675/72.33333206176758 = 91.4% done in 20683.9s, 1944.8s to go
on time step 264498 (time=66.1245), 0.0756299 s/step
Meep progress: 66.13/72.33333206176758 = 91.4% done in 20687.9s, 1940.6s to go
on time step 264551 (time=66.1377), 0.0754792 s/step
Meep progress: 66.14325/72.33333206176758 = 91.4% done in 20691.9s, 1936.5s to go
on time step 264605 (time=66.1513), 0.0747631 s/step
Meep progress: 66.15650000000001/72.33333206176758 = 91.5% done in 20695.9s, 1932.3s to go
on time step 264658 (time=66.1645), 0.075575 s/step
Meep progress: 66.17/72.33333206176758 = 91.5% done in 20699.9s, 1928.1s to go
on time step 264712 (time=66.178), 0.0744595 s/step
Meep progress: 66.1835/72.33333206176758 = 91.5% done in 20704.0s, 1923.8s to go
on time step 264765 (time=66.1912), 0.075572 s/step
Meep progress: 66.197/72.33333206176758 = 91.5% done in 20708.0s, 1919.6s to go
on time step 264819 (time=66.2048), 0.0750209 s/step
Meep progress: 66.2105/72.33333206176758 = 91.5% done in 20712.1s, 1915.4s to go
on time step 264873 (time=66.2182), 0.0747231 s/step
Meep progress: 66.224/72.33333206176758 = 91.6% done in 20716.1s, 1911.1s to go
on time step 264927 (time=66.2318), 0.0745714 s/step
Meep progress: 66.2375/72.33333206176758 = 91.6% done in 20720.2s, 1906.9s to go
on time step 264981 (time=66.2452), 0.0751304 s/step
Meep progress: 66.251/72.33333206176758 = 91.6% done in 20724.2s, 1902.6s to go
on time step 265035 (time=66.2588), 0.0751702 s/step
Meep progress: 66.26425/72.33333206176758 = 91.6% done in 20728.2s, 1898.5s to go
on time step 265089 (time=66.2722), 0.0747429 s/step
Meep progress: 66.27775/72.33333206176758 = 91.6% done in 20732.2s, 1894.2s to go
on time step 265143 (time=66.2858), 0.0746004 s/step
Meep progress: 66.29125/72.33333206176758 = 91.6% done in 20736.3s, 1890.0s to go
on time step 265197 (time=66.2993), 0.0747988 s/step
Meep progress: 66.3045/72.33333206176758 = 91.7% done in 20740.3s, 1885.8s to go
on time step 265250 (time=66.3125), 0.0760997 s/step
Meep progress: 66.318/72.33333206176758 = 91.7% done in 20744.3s, 1881.6s to go
on time step 265303 (time=66.3257), 0.0760899 s/step
Meep progress: 66.33125/72.33333206176758 = 91.7% done in 20748.4s, 1877.4s to go
on time step 265357 (time=66.3393), 0.0741637 s/step
Meep progress: 66.34475/72.33333206176758 = 91.7% done in 20752.4s, 1873.2s to go
on time step 265411 (time=66.3528), 0.0743813 s/step
Meep progress: 66.35825/72.33333206176758 = 91.7% done in 20756.4s, 1869.0s to go
on time step 265465 (time=66.3663), 0.0753626 s/step
Meep progress: 66.37175/72.33333206176758 = 91.8% done in 20760.5s, 1864.7s to go
on time step 265519 (time=66.3798), 0.0746879 s/step
Meep progress: 66.38525/72.33333206176758 = 91.8% done in 20764.5s, 1860.5s to go
on time step 265573 (time=66.3932), 0.0751253 s/step
Meep progress: 66.39875/72.33333206176758 = 91.8% done in 20768.6s, 1856.3s to go
on time step 265626 (time=66.4065), 0.0755113 s/step
Meep progress: 66.41225/72.33333206176758 = 91.8% done in 20772.6s, 1852.0s to go
on time step 265681 (time=66.4202), 0.0739611 s/step
Meep progress: 66.42575000000001/72.33333206176758 = 91.8% done in 20776.6s, 1847.8s to go
on time step 265735 (time=66.4338), 0.0746527 s/step
Meep progress: 66.43925/72.33333206176758 = 91.9% done in 20780.7s, 1843.5s to go
on time step 265787 (time=66.4467), 0.0770551 s/step
Meep progress: 66.4525/72.33333206176758 = 91.9% done in 20784.7s, 1839.4s to go
on time step 265841 (time=66.4603), 0.0750662 s/step
Meep progress: 66.46600000000001/72.33333206176758 = 91.9% done in 20788.8s, 1835.1s to go
on time step 265895 (time=66.4737), 0.0745939 s/step
Meep progress: 66.4795/72.33333206176758 = 91.9% done in 20792.9s, 1830.9s to go
on time step 265949 (time=66.4873), 0.075326 s/step
Meep progress: 66.493/72.33333206176758 = 91.9% done in 20796.9s, 1826.7s to go
on time step 266002 (time=66.5005), 0.0754958 s/step
Meep progress: 66.50625/72.33333206176758 = 91.9% done in 20800.9s, 1822.5s to go
on time step 266055 (time=66.5138), 0.0760614 s/step
Meep progress: 66.51925/72.33333206176758 = 92.0% done in 20805.0s, 1818.4s to go
on time step 266105 (time=66.5263), 0.080547 s/step
Meep progress: 66.532/72.33333206176758 = 92.0% done in 20809.0s, 1814.5s to go
on time step 266159 (time=66.5397), 0.0755064 s/step
Meep progress: 66.54525/72.33333206176758 = 92.0% done in 20813.0s, 1810.3s to go
on time step 266211 (time=66.5528), 0.0769638 s/step
Meep progress: 66.55825/72.33333206176758 = 92.0% done in 20817.1s, 1806.2s to go
on time step 266262 (time=66.5655), 0.0795666 s/step
Meep progress: 66.571/72.33333206176758 = 92.0% done in 20821.1s, 1802.3s to go
on time step 266314 (time=66.5785), 0.0771 s/step
Meep progress: 66.5845/72.33333206176758 = 92.1% done in 20825.2s, 1798.0s to go
on time step 266368 (time=66.592), 0.0740967 s/step
Meep progress: 66.598/72.33333206176758 = 92.1% done in 20829.2s, 1793.8s to go
on time step 266421 (time=66.6052), 0.0761859 s/step
Meep progress: 66.611/72.33333206176758 = 92.1% done in 20833.2s, 1789.7s to go
on time step 266473 (time=66.6183), 0.077177 s/step
Meep progress: 66.62425/72.33333206176758 = 92.1% done in 20837.3s, 1785.6s to go
on time step 266526 (time=66.6315), 0.0756146 s/step
Meep progress: 66.63775/72.33333206176758 = 92.1% done in 20841.4s, 1781.3s to go
on time step 266579 (time=66.6448), 0.0762996 s/step
Meep progress: 66.65075/72.33333206176758 = 92.1% done in 20845.4s, 1777.3s to go
on time step 266630 (time=66.6575), 0.0784616 s/step
Meep progress: 66.6635/72.33333206176758 = 92.2% done in 20849.4s, 1773.3s to go
on time step 266682 (time=66.6705), 0.0771575 s/step
Meep progress: 66.67675/72.33333206176758 = 92.2% done in 20853.4s, 1769.1s to go
on time step 266736 (time=66.684), 0.0753537 s/step
Meep progress: 66.69/72.33333206176758 = 92.2% done in 20857.4s, 1765.0s to go
on time step 266789 (time=66.6972), 0.0768024 s/step
Meep progress: 66.703/72.33333206176758 = 92.2% done in 20861.5s, 1760.9s to go
on time step 266839 (time=66.7097), 0.0801411 s/step
Meep progress: 66.71575/72.33333206176758 = 92.2% done in 20865.5s, 1756.9s to go
on time step 266892 (time=66.723), 0.0769078 s/step
Meep progress: 66.72875/72.33333206176758 = 92.3% done in 20869.6s, 1752.8s to go
on time step 266945 (time=66.7362), 0.0768241 s/step
Meep progress: 66.742/72.33333206176758 = 92.3% done in 20873.6s, 1748.7s to go
on time step 266997 (time=66.7493), 0.0771366 s/step
Meep progress: 66.75525/72.33333206176758 = 92.3% done in 20877.6s, 1744.5s to go
on time step 267051 (time=66.7627), 0.0746296 s/step
Meep progress: 66.76875/72.33333206176758 = 92.3% done in 20881.7s, 1740.3s to go
on time step 267105 (time=66.7763), 0.0747849 s/step
Meep progress: 66.782/72.33333206176758 = 92.3% done in 20885.7s, 1736.1s to go
on time step 267158 (time=66.7895), 0.0761763 s/step
Meep progress: 66.7955/72.33333206176758 = 92.3% done in 20889.7s, 1731.9s to go
on time step 267212 (time=66.803), 0.0751673 s/step
Meep progress: 66.809/72.33333206176758 = 92.4% done in 20893.8s, 1727.7s to go
on time step 267266 (time=66.8165), 0.0743009 s/step
Meep progress: 66.8225/72.33333206176758 = 92.4% done in 20897.8s, 1723.4s to go
on time step 267320 (time=66.83), 0.0744653 s/step
Meep progress: 66.836/72.33333206176758 = 92.4% done in 20901.8s, 1719.2s to go
on time step 267375 (time=66.8438), 0.0738761 s/step
Meep progress: 66.8495/72.33333206176758 = 92.4% done in 20905.9s, 1715.0s to go
on time step 267429 (time=66.8573), 0.0747353 s/step
Meep progress: 66.86325000000001/72.33333206176758 = 92.4% done in 20909.9s, 1710.6s to go
on time step 267483 (time=66.8708), 0.0741822 s/step
Meep progress: 66.87675/72.33333206176758 = 92.5% done in 20913.9s, 1706.4s to go
on time step 267538 (time=66.8845), 0.0737113 s/step
Meep progress: 66.8905/72.33333206176758 = 92.5% done in 20918.0s, 1702.1s to go
on time step 267593 (time=66.8983), 0.0740729 s/step
Meep progress: 66.90375/72.33333206176758 = 92.5% done in 20922.0s, 1697.9s to go
on time step 267646 (time=66.9115), 0.0762362 s/step
Meep progress: 66.917/72.33333206176758 = 92.5% done in 20926.0s, 1693.8s to go
on time step 267700 (time=66.925), 0.0752496 s/step
Meep progress: 66.9305/72.33333206176758 = 92.5% done in 20930.0s, 1689.5s to go
on time step 267755 (time=66.9387), 0.0740278 s/step
Meep progress: 66.944/72.33333206176758 = 92.5% done in 20934.0s, 1685.3s to go
on time step 267809 (time=66.9523), 0.0748236 s/step
Meep progress: 66.9575/72.33333206176758 = 92.6% done in 20938.1s, 1681.1s to go
on time step 267863 (time=66.9657), 0.0742868 s/step
Meep progress: 66.971/72.33333206176758 = 92.6% done in 20942.1s, 1676.8s to go
on time step 267917 (time=66.9793), 0.0741812 s/step
Meep progress: 66.98475/72.33333206176758 = 92.6% done in 20946.1s, 1672.5s to go
on time step 267972 (time=66.993), 0.0736306 s/step
Meep progress: 66.9985/72.33333206176758 = 92.6% done in 20950.2s, 1668.2s to go
on time step 268026 (time=67.0065), 0.0747498 s/step
Meep progress: 67.012/72.33333206176758 = 92.6% done in 20954.3s, 1663.9s to go
on time step 268080 (time=67.02), 0.0743837 s/step
Meep progress: 67.02550000000001/72.33333206176758 = 92.7% done in 20958.3s, 1659.7s to go
on time step 268134 (time=67.0335), 0.0743597 s/step
Meep progress: 67.039/72.33333206176758 = 92.7% done in 20962.3s, 1655.5s to go
on time step 268189 (time=67.0473), 0.073756 s/step
Meep progress: 67.0525/72.33333206176758 = 92.7% done in 20966.3s, 1651.2s to go
on time step 268243 (time=67.0607), 0.0749994 s/step
Meep progress: 67.066/72.33333206176758 = 92.7% done in 20970.3s, 1647.0s to go
on time step 268297 (time=67.0743), 0.0749656 s/step
Meep progress: 67.0795/72.33333206176758 = 92.7% done in 20974.3s, 1642.8s to go
on time step 268352 (time=67.088), 0.0737616 s/step
Meep progress: 67.0925/72.33333206176758 = 92.8% done in 20978.4s, 1638.7s to go
on time step 268403 (time=67.1008), 0.079553 s/step
Meep progress: 67.10575/72.33333206176758 = 92.8% done in 20982.4s, 1634.5s to go
on time step 268457 (time=67.1142), 0.0740802 s/step
Meep progress: 67.11925000000001/72.33333206176758 = 92.8% done in 20986.4s, 1630.3s to go
on time step 268511 (time=67.1278), 0.074571 s/step
Meep progress: 67.133/72.33333206176758 = 92.8% done in 20990.5s, 1626.0s to go
on time step 268566 (time=67.1415), 0.0739595 s/step
Meep progress: 67.1465/72.33333206176758 = 92.8% done in 20994.5s, 1621.8s to go
on time step 268620 (time=67.155), 0.0748014 s/step
Meep progress: 67.16/72.33333206176758 = 92.8% done in 20998.5s, 1617.5s to go
on time step 268674 (time=67.1685), 0.0741191 s/step
Meep progress: 67.1735/72.33333206176758 = 92.9% done in 21002.5s, 1613.3s to go
on time step 268728 (time=67.182), 0.0746698 s/step
Meep progress: 67.187/72.33333206176758 = 92.9% done in 21006.6s, 1609.0s to go
on time step 268783 (time=67.1958), 0.0737979 s/step
Meep progress: 67.2005/72.33333206176758 = 92.9% done in 21010.6s, 1604.8s to go
on time step 268837 (time=67.2092), 0.0750812 s/step
Meep progress: 67.214/72.33333206176758 = 92.9% done in 21014.6s, 1600.6s to go
on time step 268891 (time=67.2228), 0.0741114 s/step
Meep progress: 67.2275/72.33333206176758 = 92.9% done in 21018.6s, 1596.3s to go
on time step 268945 (time=67.2362), 0.0744477 s/step
Meep progress: 67.241/72.33333206176758 = 93.0% done in 21022.6s, 1592.1s to go
on time step 269000 (time=67.25), 0.07401 s/step
Meep progress: 67.25450000000001/72.33333206176758 = 93.0% done in 21026.7s, 1587.9s to go
on time step 269054 (time=67.2635), 0.0747007 s/step
Meep progress: 67.26825/72.33333206176758 = 93.0% done in 21030.7s, 1583.5s to go
on time step 269108 (time=67.277), 0.0742132 s/step
Meep progress: 67.282/72.33333206176758 = 93.0% done in 21034.8s, 1579.2s to go
on time step 269163 (time=67.2908), 0.073918 s/step
Meep progress: 67.29575/72.33333206176758 = 93.0% done in 21038.9s, 1574.9s to go
on time step 269216 (time=67.304), 0.0756376 s/step
Meep progress: 67.309/72.33333206176758 = 93.1% done in 21042.9s, 1570.8s to go
on time step 269270 (time=67.3175), 0.0748203 s/step
Meep progress: 67.32225/72.33333206176758 = 93.1% done in 21046.9s, 1566.6s to go
on time step 269323 (time=67.3307), 0.0754992 s/step
Meep progress: 67.33575/72.33333206176758 = 93.1% done in 21050.9s, 1562.4s to go
on time step 269377 (time=67.3443), 0.0752564 s/step
Meep progress: 67.349/72.33333206176758 = 93.1% done in 21055.0s, 1558.2s to go
on time step 269430 (time=67.3575), 0.075677 s/step
Meep progress: 67.36225/72.33333206176758 = 93.1% done in 21059.0s, 1554.1s to go
on time step 269484 (time=67.371), 0.0750083 s/step
Meep progress: 67.37575/72.33333206176758 = 93.1% done in 21063.0s, 1549.8s to go
on time step 269538 (time=67.3845), 0.0743325 s/step
Meep progress: 67.38925/72.33333206176758 = 93.2% done in 21067.0s, 1545.6s to go
on time step 269592 (time=67.398), 0.0744132 s/step
Meep progress: 67.40275/72.33333206176758 = 93.2% done in 21071.1s, 1541.4s to go
on time step 269646 (time=67.4115), 0.0752339 s/step
Meep progress: 67.41625/72.33333206176758 = 93.2% done in 21075.1s, 1537.1s to go
on time step 269700 (time=67.425), 0.0743066 s/step
Meep progress: 67.42975/72.33333206176758 = 93.2% done in 21079.1s, 1532.9s to go
on time step 269754 (time=67.4385), 0.0743721 s/step
Meep progress: 67.44325/72.33333206176758 = 93.2% done in 21083.2s, 1528.7s to go
on time step 269806 (time=67.4515), 0.0772796 s/step
Meep progress: 67.45625/72.33333206176758 = 93.3% done in 21087.2s, 1524.6s to go
on time step 269860 (time=67.465), 0.0754731 s/step
Meep progress: 67.4695/72.33333206176758 = 93.3% done in 21091.2s, 1520.5s to go
on time step 269914 (time=67.4785), 0.0752601 s/step
Meep progress: 67.483/72.33333206176758 = 93.3% done in 21095.2s, 1516.2s to go
on time step 269968 (time=67.492), 0.0741425 s/step
Meep progress: 67.4965/72.33333206176758 = 93.3% done in 21099.2s, 1512.0s to go
on time step 270021 (time=67.5053), 0.0761884 s/step
Meep progress: 67.50975/72.33333206176758 = 93.3% done in 21103.3s, 1507.8s to go
on time step 270073 (time=67.5182), 0.0773952 s/step
Meep progress: 67.52275/72.33333206176758 = 93.3% done in 21107.3s, 1503.8s to go
on time step 270127 (time=67.5318), 0.0749477 s/step
Meep progress: 67.53625/72.33333206176758 = 93.4% done in 21111.3s, 1499.5s to go
on time step 270181 (time=67.5452), 0.0751361 s/step
Meep progress: 67.54975/72.33333206176758 = 93.4% done in 21115.4s, 1495.3s to go
on time step 270235 (time=67.5588), 0.0753843 s/step
Meep progress: 67.56325/72.33333206176758 = 93.4% done in 21119.5s, 1491.1s to go
on time step 270289 (time=67.5722), 0.0745087 s/step
Meep progress: 67.57675/72.33333206176758 = 93.4% done in 21123.5s, 1486.8s to go
on time step 270343 (time=67.5858), 0.0753338 s/step
Meep progress: 67.59025/72.33333206176758 = 93.4% done in 21127.6s, 1482.6s to go
on time step 270397 (time=67.5992), 0.0742961 s/step
Meep progress: 67.6035/72.33333206176758 = 93.5% done in 21131.6s, 1478.5s to go
on time step 270451 (time=67.6128), 0.0753224 s/step
Meep progress: 67.617/72.33333206176758 = 93.5% done in 21135.6s, 1474.2s to go
on time step 270505 (time=67.6262), 0.0742549 s/step
Meep progress: 67.6305/72.33333206176758 = 93.5% done in 21139.6s, 1470.0s to go
on time step 270559 (time=67.6398), 0.0744405 s/step
Meep progress: 67.644/72.33333206176758 = 93.5% done in 21143.6s, 1465.8s to go
on time step 270613 (time=67.6532), 0.0754507 s/step
Meep progress: 67.657/72.33333206176758 = 93.5% done in 21147.6s, 1461.7s to go
on time step 270665 (time=67.6663), 0.0779847 s/step
Meep progress: 67.67025/72.33333206176758 = 93.6% done in 21151.7s, 1457.5s to go
on time step 270719 (time=67.6797), 0.0746306 s/step
Meep progress: 67.68375/72.33333206176758 = 93.6% done in 21155.7s, 1453.3s to go
on time step 270773 (time=67.6933), 0.0749068 s/step
Meep progress: 67.69725/72.33333206176758 = 93.6% done in 21159.7s, 1449.1s to go
on time step 270826 (time=67.7065), 0.0755368 s/step
Meep progress: 67.71075/72.33333206176758 = 93.6% done in 21163.8s, 1444.8s to go
on time step 270880 (time=67.72), 0.0744505 s/step
Meep progress: 67.72425/72.33333206176758 = 93.6% done in 21167.8s, 1440.6s to go
on time step 270933 (time=67.7332), 0.0755328 s/step
Meep progress: 67.73775/72.33333206176758 = 93.6% done in 21171.9s, 1436.4s to go
on time step 270986 (time=67.7465), 0.0755018 s/step
Meep progress: 67.751/72.33333206176758 = 93.7% done in 21175.9s, 1432.2s to go
on time step 271040 (time=67.76), 0.0754317 s/step
Meep progress: 67.7645/72.33333206176758 = 93.7% done in 21180.0s, 1428.0s to go
on time step 271094 (time=67.7735), 0.0744251 s/step
Meep progress: 67.778/72.33333206176758 = 93.7% done in 21184.0s, 1423.8s to go
on time step 271148 (time=67.787), 0.0747258 s/step
Meep progress: 67.7915/72.33333206176758 = 93.7% done in 21188.0s, 1419.5s to go
on time step 271202 (time=67.8005), 0.0745746 s/step
Meep progress: 67.805/72.33333206176758 = 93.7% done in 21192.1s, 1415.3s to go
on time step 271256 (time=67.814), 0.0749128 s/step
Meep progress: 67.8185/72.33333206176758 = 93.8% done in 21196.1s, 1411.1s to go
on time step 271310 (time=67.8275), 0.0744203 s/step
Meep progress: 67.83200000000001/72.33333206176758 = 93.8% done in 21200.2s, 1406.8s to go
on time step 271365 (time=67.8413), 0.0740263 s/step
Meep progress: 67.84575/72.33333206176758 = 93.8% done in 21204.2s, 1402.5s to go
on time step 271419 (time=67.8547), 0.0751685 s/step
Meep progress: 67.85925/72.33333206176758 = 93.8% done in 21208.3s, 1398.3s to go
on time step 271473 (time=67.8683), 0.0742411 s/step
Meep progress: 67.87275/72.33333206176758 = 93.8% done in 21212.3s, 1394.1s to go
on time step 271527 (time=67.8817), 0.0748187 s/step
Meep progress: 67.88625/72.33333206176758 = 93.9% done in 21216.3s, 1389.8s to go
on time step 271581 (time=67.8953), 0.0741127 s/step
Meep progress: 67.89975/72.33333206176758 = 93.9% done in 21220.3s, 1385.6s to go
on time step 271634 (time=67.9085), 0.0755246 s/step
Meep progress: 67.91325/72.33333206176758 = 93.9% done in 21224.4s, 1381.4s to go
on time step 271688 (time=67.922), 0.0743666 s/step
Meep progress: 67.92675/72.33333206176758 = 93.9% done in 21228.4s, 1377.1s to go
on time step 271742 (time=67.9355), 0.0750676 s/step
Meep progress: 67.94025/72.33333206176758 = 93.9% done in 21232.5s, 1372.9s to go
on time step 271796 (time=67.949), 0.0746432 s/step
Meep progress: 67.9535/72.33333206176758 = 93.9% done in 21236.5s, 1368.8s to go
on time step 271850 (time=67.9625), 0.0749946 s/step
Meep progress: 67.967/72.33333206176758 = 94.0% done in 21240.5s, 1364.5s to go
on time step 271904 (time=67.976), 0.0745513 s/step
Meep progress: 67.9805/72.33333206176758 = 94.0% done in 21244.5s, 1360.3s to go
on time step 271958 (time=67.9895), 0.0750023 s/step
Meep progress: 67.994/72.33333206176758 = 94.0% done in 21248.5s, 1356.1s to go
on time step 272012 (time=68.003), 0.0747399 s/step
Meep progress: 68.00750000000001/72.33333206176758 = 94.0% done in 21252.6s, 1351.8s to go
on time step 272066 (time=68.0165), 0.0745126 s/step
Meep progress: 68.021/72.33333206176758 = 94.0% done in 21256.6s, 1347.6s to go
on time step 272120 (time=68.03), 0.0742645 s/step
Meep progress: 68.03450000000001/72.33333206176758 = 94.1% done in 21260.6s, 1343.4s to go
on time step 272174 (time=68.0435), 0.0741019 s/step
Meep progress: 68.04825/72.33333206176758 = 94.1% done in 21264.7s, 1339.1s to go
on time step 272228 (time=68.057), 0.0751854 s/step
Meep progress: 68.06175/72.33333206176758 = 94.1% done in 21268.8s, 1334.8s to go
on time step 272283 (time=68.0708), 0.0740152 s/step
Meep progress: 68.0755/72.33333206176758 = 94.1% done in 21272.8s, 1330.5s to go
on time step 272337 (time=68.0842), 0.0745916 s/step
Meep progress: 68.089/72.33333206176758 = 94.1% done in 21276.9s, 1326.3s to go
on time step 272391 (time=68.0978), 0.0744181 s/step
Meep progress: 68.1025/72.33333206176758 = 94.2% done in 21280.9s, 1322.1s to go
on time step 272444 (time=68.111), 0.0754737 s/step
Meep progress: 68.1155/72.33333206176758 = 94.2% done in 21284.9s, 1318.0s to go
on time step 272496 (time=68.124), 0.0780766 s/step
Meep progress: 68.1285/72.33333206176758 = 94.2% done in 21288.9s, 1313.9s to go
on time step 272549 (time=68.1372), 0.0766375 s/step
Meep progress: 68.142/72.33333206176758 = 94.2% done in 21293.0s, 1309.7s to go
on time step 272602 (time=68.1505), 0.0760474 s/step
Meep progress: 68.15475/72.33333206176758 = 94.2% done in 21297.0s, 1305.7s to go
on time step 272654 (time=68.1635), 0.0769768 s/step
Meep progress: 68.16825/72.33333206176758 = 94.2% done in 21301.1s, 1301.5s to go
on time step 272708 (time=68.177), 0.0752506 s/step
Meep progress: 68.1815/72.33333206176758 = 94.3% done in 21305.1s, 1297.3s to go
on time step 272759 (time=68.1898), 0.0789378 s/step
Meep progress: 68.19425/72.33333206176758 = 94.3% done in 21309.1s, 1293.4s to go
on time step 272812 (time=68.203), 0.0761715 s/step
Meep progress: 68.2075/72.33333206176758 = 94.3% done in 21313.1s, 1289.2s to go
on time step 272866 (time=68.2165), 0.0744847 s/step
Meep progress: 68.221/72.33333206176758 = 94.3% done in 21317.1s, 1285.0s to go
on time step 272920 (time=68.23), 0.0744059 s/step
Meep progress: 68.2345/72.33333206176758 = 94.3% done in 21321.2s, 1280.8s to go
on time step 272975 (time=68.2438), 0.073941 s/step
Meep progress: 68.24825/72.33333206176758 = 94.4% done in 21325.2s, 1276.4s to go
on time step 273029 (time=68.2572), 0.0751496 s/step
Meep progress: 68.26175/72.33333206176758 = 94.4% done in 21329.3s, 1272.2s to go
on time step 273083 (time=68.2708), 0.0741797 s/step
Meep progress: 68.27525/72.33333206176758 = 94.4% done in 21333.3s, 1268.0s to go
on time step 273137 (time=68.2843), 0.0748464 s/step
Meep progress: 68.28875000000001/72.33333206176758 = 94.4% done in 21337.3s, 1263.8s to go
on time step 273190 (time=68.2975), 0.0755947 s/step
Meep progress: 68.302/72.33333206176758 = 94.4% done in 21341.4s, 1259.6s to go
on time step 273243 (time=68.3107), 0.0756337 s/step
Meep progress: 68.3155/72.33333206176758 = 94.4% done in 21345.4s, 1255.4s to go
on time step 273296 (time=68.324), 0.0758874 s/step
Meep progress: 68.32875/72.33333206176758 = 94.5% done in 21349.4s, 1251.2s to go
on time step 273350 (time=68.3375), 0.074582 s/step
Meep progress: 68.34225/72.33333206176758 = 94.5% done in 21353.5s, 1247.0s to go
on time step 273404 (time=68.351), 0.0747527 s/step
Meep progress: 68.3555/72.33333206176758 = 94.5% done in 21357.5s, 1242.9s to go
on time step 273457 (time=68.3642), 0.0760563 s/step
Meep progress: 68.36875/72.33333206176758 = 94.5% done in 21361.5s, 1238.7s to go
on time step 273511 (time=68.3778), 0.0750035 s/step
Meep progress: 68.38225/72.33333206176758 = 94.5% done in 21365.5s, 1234.5s to go
on time step 273565 (time=68.3912), 0.0745106 s/step
Meep progress: 68.39575/72.33333206176758 = 94.6% done in 21369.5s, 1230.3s to go
on time step 273619 (time=68.4048), 0.0751475 s/step
Meep progress: 68.40925/72.33333206176758 = 94.6% done in 21373.6s, 1226.0s to go
on time step 273673 (time=68.4183), 0.0742998 s/step
Meep progress: 68.42275000000001/72.33333206176758 = 94.6% done in 21377.6s, 1221.8s to go
on time step 273727 (time=68.4318), 0.0747109 s/step
Meep progress: 68.43625/72.33333206176758 = 94.6% done in 21381.7s, 1217.6s to go
on time step 273781 (time=68.4453), 0.0752818 s/step
Meep progress: 68.44975/72.33333206176758 = 94.6% done in 21385.7s, 1213.3s to go
on time step 273834 (time=68.4585), 0.075523 s/step
Meep progress: 68.46300000000001/72.33333206176758 = 94.6% done in 21389.7s, 1209.2s to go
on time step 273888 (time=68.472), 0.0747976 s/step
Meep progress: 68.4765/72.33333206176758 = 94.7% done in 21393.8s, 1205.0s to go
on time step 273942 (time=68.4855), 0.0750393 s/step
Meep progress: 68.49/72.33333206176758 = 94.7% done in 21397.8s, 1200.7s to go
on time step 273996 (time=68.499), 0.0744724 s/step
Meep progress: 68.5035/72.33333206176758 = 94.7% done in 21401.9s, 1196.5s to go
on time step 274050 (time=68.5125), 0.0750429 s/step
Meep progress: 68.517/72.33333206176758 = 94.7% done in 21405.9s, 1192.3s to go
on time step 274103 (time=68.5258), 0.0759641 s/step
Meep progress: 68.5305/72.33333206176758 = 94.7% done in 21410.0s, 1188.1s to go
on time step 274157 (time=68.5392), 0.0747172 s/step
Meep progress: 68.54375/72.33333206176758 = 94.8% done in 21414.0s, 1183.9s to go
on time step 274209 (time=68.5523), 0.0780833 s/step
Meep progress: 68.557/72.33333206176758 = 94.8% done in 21418.1s, 1179.8s to go
on time step 274263 (time=68.5658), 0.074392 s/step
Meep progress: 68.5705/72.33333206176758 = 94.8% done in 21422.1s, 1175.5s to go
on time step 274317 (time=68.5793), 0.0746163 s/step
Meep progress: 68.584/72.33333206176758 = 94.8% done in 21426.1s, 1171.3s to go
on time step 274371 (time=68.5927), 0.0750894 s/step
Meep progress: 68.5975/72.33333206176758 = 94.8% done in 21430.2s, 1167.1s to go
on time step 274425 (time=68.6063), 0.075312 s/step
Meep progress: 68.611/72.33333206176758 = 94.9% done in 21434.3s, 1162.9s to go
on time step 274479 (time=68.6197), 0.0744751 s/step
Meep progress: 68.6245/72.33333206176758 = 94.9% done in 21438.3s, 1158.6s to go
on time step 274533 (time=68.6333), 0.0751494 s/step
Meep progress: 68.638/72.33333206176758 = 94.9% done in 21442.3s, 1154.4s to go
on time step 274587 (time=68.6467), 0.0742062 s/step
Meep progress: 68.6515/72.33333206176758 = 94.9% done in 21446.4s, 1150.2s to go
on time step 274641 (time=68.6603), 0.0752861 s/step
Meep progress: 68.665/72.33333206176758 = 94.9% done in 21450.4s, 1146.0s to go
on time step 274695 (time=68.6737), 0.0740857 s/step
Meep progress: 68.6785/72.33333206176758 = 94.9% done in 21454.4s, 1141.7s to go
on time step 274750 (time=68.6875), 0.0739163 s/step
Meep progress: 68.69225/72.33333206176758 = 95.0% done in 21458.4s, 1137.4s to go
on time step 274804 (time=68.701), 0.0741149 s/step
Meep progress: 68.70575/72.33333206176758 = 95.0% done in 21462.5s, 1133.2s to go
on time step 274857 (time=68.7143), 0.076181 s/step
Meep progress: 68.71900000000001/72.33333206176758 = 95.0% done in 21466.5s, 1129.0s to go
on time step 274911 (time=68.7278), 0.0745874 s/step
Meep progress: 68.7325/72.33333206176758 = 95.0% done in 21470.5s, 1124.8s to go
on time step 274966 (time=68.7415), 0.0738216 s/step
Meep progress: 68.746/72.33333206176758 = 95.0% done in 21474.5s, 1120.6s to go
on time step 275019 (time=68.7548), 0.0757948 s/step
Meep progress: 68.75925/72.33333206176758 = 95.1% done in 21478.6s, 1116.4s to go
on time step 275073 (time=68.7682), 0.0745531 s/step
Meep progress: 68.77275/72.33333206176758 = 95.1% done in 21482.6s, 1112.2s to go
on time step 275128 (time=68.782), 0.0740211 s/step
Meep progress: 68.7865/72.33333206176758 = 95.1% done in 21486.6s, 1107.9s to go
on time step 275183 (time=68.7957), 0.0735811 s/step
Meep progress: 68.80025/72.33333206176758 = 95.1% done in 21490.7s, 1103.6s to go
on time step 275237 (time=68.8093), 0.0748348 s/step
Meep progress: 68.81375/72.33333206176758 = 95.1% done in 21494.7s, 1099.4s to go
on time step 275291 (time=68.8227), 0.0745122 s/step
Meep progress: 68.82725/72.33333206176758 = 95.2% done in 21498.8s, 1095.2s to go
on time step 275345 (time=68.8363), 0.0744473 s/step
Meep progress: 68.84075/72.33333206176758 = 95.2% done in 21502.8s, 1090.9s to go
on time step 275399 (time=68.8498), 0.0748597 s/step
Meep progress: 68.85425000000001/72.33333206176758 = 95.2% done in 21506.9s, 1086.7s to go
on time step 275453 (time=68.8633), 0.0747975 s/step
Meep progress: 68.86775/72.33333206176758 = 95.2% done in 21510.9s, 1082.5s to go
on time step 275507 (time=68.8768), 0.0748061 s/step
Meep progress: 68.88125000000001/72.33333206176758 = 95.2% done in 21514.9s, 1078.2s to go
on time step 275562 (time=68.8905), 0.0736437 s/step
Meep progress: 68.895/72.33333206176758 = 95.2% done in 21518.9s, 1073.9s to go
on time step 275616 (time=68.904), 0.0747019 s/step
Meep progress: 68.90825/72.33333206176758 = 95.3% done in 21523.0s, 1069.8s to go
on time step 275670 (time=68.9175), 0.0750884 s/step
Meep progress: 68.92175/72.33333206176758 = 95.3% done in 21527.0s, 1065.6s to go
on time step 275724 (time=68.931), 0.0746563 s/step
Meep progress: 68.93525/72.33333206176758 = 95.3% done in 21531.0s, 1061.3s to go
on time step 275776 (time=68.944), 0.0769322 s/step
Meep progress: 68.94825/72.33333206176758 = 95.3% done in 21535.1s, 1057.3s to go
on time step 275829 (time=68.9573), 0.0759431 s/step
Meep progress: 68.96175/72.33333206176758 = 95.3% done in 21539.1s, 1053.1s to go
on time step 275883 (time=68.9707), 0.0746315 s/step
Meep progress: 68.97525/72.33333206176758 = 95.4% done in 21543.1s, 1048.8s to go
on time step 275937 (time=68.9843), 0.0752229 s/step
Meep progress: 68.98875/72.33333206176758 = 95.4% done in 21547.2s, 1044.6s to go
on time step 275991 (time=68.9977), 0.0741925 s/step
Meep progress: 69.00225/72.33333206176758 = 95.4% done in 21551.2s, 1040.4s to go
on time step 276045 (time=69.0113), 0.0751158 s/step
Meep progress: 69.01575/72.33333206176758 = 95.4% done in 21555.3s, 1036.2s to go
on time step 276099 (time=69.0247), 0.0744429 s/step
Meep progress: 69.02925/72.33333206176758 = 95.4% done in 21559.3s, 1031.9s to go
on time step 276153 (time=69.0383), 0.0752049 s/step
Meep progress: 69.04275/72.33333206176758 = 95.5% done in 21563.3s, 1027.7s to go
on time step 276208 (time=69.052), 0.073787 s/step
Meep progress: 69.05625/72.33333206176758 = 95.5% done in 21567.4s, 1023.5s to go
on time step 276262 (time=69.0655), 0.0747653 s/step
Meep progress: 69.07000000000001/72.33333206176758 = 95.5% done in 21571.4s, 1019.2s to go
on time step 276316 (time=69.079), 0.0748329 s/step
Meep progress: 69.0835/72.33333206176758 = 95.5% done in 21575.5s, 1015.0s to go
on time step 276371 (time=69.0927), 0.0736901 s/step
Meep progress: 69.09725/72.33333206176758 = 95.5% done in 21579.6s, 1010.7s to go
on time step 276424 (time=69.106), 0.075657 s/step
Meep progress: 69.11075/72.33333206176758 = 95.5% done in 21583.6s, 1006.4s to go
on time step 276478 (time=69.1195), 0.0741753 s/step
Meep progress: 69.12425/72.33333206176758 = 95.6% done in 21587.6s, 1002.2s to go
on time step 276532 (time=69.133), 0.0749274 s/step
Meep progress: 69.13775/72.33333206176758 = 95.6% done in 21591.7s, 998.0s to go
on time step 276586 (time=69.1465), 0.075205 s/step
Meep progress: 69.15125/72.33333206176758 = 95.6% done in 21595.7s, 993.8s to go
on time step 276640 (time=69.16), 0.0752484 s/step
Meep progress: 69.16475/72.33333206176758 = 95.6% done in 21599.8s, 989.5s to go
on time step 276694 (time=69.1735), 0.0743701 s/step
Meep progress: 69.17825/72.33333206176758 = 95.6% done in 21603.8s, 985.3s to go
on time step 276748 (time=69.187), 0.0749041 s/step
Meep progress: 69.19175/72.33333206176758 = 95.7% done in 21607.9s, 981.1s to go
on time step 276803 (time=69.2007), 0.0740615 s/step
Meep progress: 69.20525/72.33333206176758 = 95.7% done in 21611.9s, 976.9s to go
on time step 276857 (time=69.2143), 0.0752033 s/step
Meep progress: 69.21875/72.33333206176758 = 95.7% done in 21615.9s, 972.6s to go
on time step 276911 (time=69.2278), 0.074434 s/step
Meep progress: 69.23225000000001/72.33333206176758 = 95.7% done in 21620.0s, 968.4s to go
on time step 276965 (time=69.2413), 0.0748811 s/step
Meep progress: 69.24575/72.33333206176758 = 95.7% done in 21624.0s, 964.2s to go
on time step 277019 (time=69.2548), 0.0746345 s/step
Meep progress: 69.259/72.33333206176758 = 95.7% done in 21628.0s, 960.0s to go
on time step 277070 (time=69.2675), 0.0801209 s/step
Meep progress: 69.2715/72.33333206176758 = 95.8% done in 21632.1s, 956.1s to go
on time step 277121 (time=69.2802), 0.0798921 s/step
Meep progress: 69.28450000000001/72.33333206176758 = 95.8% done in 21636.1s, 952.1s to go
on time step 277175 (time=69.2938), 0.0745466 s/step
Meep progress: 69.298/72.33333206176758 = 95.8% done in 21640.2s, 947.9s to go
on time step 277228 (time=69.307), 0.0767693 s/step
Meep progress: 69.311/72.33333206176758 = 95.8% done in 21644.2s, 943.8s to go
on time step 277281 (time=69.3203), 0.0761447 s/step
Meep progress: 69.32425/72.33333206176758 = 95.8% done in 21648.2s, 939.7s to go
on time step 277335 (time=69.3337), 0.0752028 s/step
Meep progress: 69.33775/72.33333206176758 = 95.9% done in 21652.2s, 935.4s to go
on time step 277390 (time=69.3475), 0.0738888 s/step
Meep progress: 69.35125000000001/72.33333206176758 = 95.9% done in 21656.2s, 931.2s to go
on time step 277444 (time=69.361), 0.0751674 s/step
Meep progress: 69.36475/72.33333206176758 = 95.9% done in 21660.3s, 927.0s to go
on time step 277498 (time=69.3745), 0.0750191 s/step
Meep progress: 69.378/72.33333206176758 = 95.9% done in 21664.3s, 922.8s to go
on time step 277552 (time=69.388), 0.0753444 s/step
Meep progress: 69.39150000000001/72.33333206176758 = 95.9% done in 21668.3s, 918.6s to go
on time step 277606 (time=69.4015), 0.0748776 s/step
Meep progress: 69.405/72.33333206176758 = 96.0% done in 21672.4s, 914.4s to go
on time step 277660 (time=69.415), 0.0750089 s/step
Meep progress: 69.4185/72.33333206176758 = 96.0% done in 21676.4s, 910.2s to go
on time step 277714 (time=69.4285), 0.0744989 s/step
Meep progress: 69.432/72.33333206176758 = 96.0% done in 21680.5s, 906.0s to go
on time step 277767 (time=69.4417), 0.0756528 s/step
Meep progress: 69.44525/72.33333206176758 = 96.0% done in 21684.5s, 901.8s to go
on time step 277820 (time=69.455), 0.0761394 s/step
Meep progress: 69.45825/72.33333206176758 = 96.0% done in 21688.5s, 897.8s to go
on time step 277871 (time=69.4677), 0.0794746 s/step
Meep progress: 69.471/72.33333206176758 = 96.0% done in 21692.5s, 893.8s to go
on time step 277924 (time=69.481), 0.0768125 s/step
Meep progress: 69.48425/72.33333206176758 = 96.1% done in 21696.6s, 889.6s to go
on time step 277978 (time=69.4945), 0.0747126 s/step
Meep progress: 69.49775/72.33333206176758 = 96.1% done in 21700.6s, 885.4s to go
on time step 278031 (time=69.5078), 0.0755041 s/step
Meep progress: 69.511/72.33333206176758 = 96.1% done in 21704.6s, 881.3s to go
on time step 278083 (time=69.5208), 0.0772244 s/step
Meep progress: 69.524/72.33333206176758 = 96.1% done in 21708.6s, 877.2s to go
on time step 278137 (time=69.5343), 0.0754373 s/step
Meep progress: 69.53725/72.33333206176758 = 96.1% done in 21712.6s, 873.1s to go
on time step 278189 (time=69.5473), 0.0780075 s/step
Meep progress: 69.55/72.33333206176758 = 96.2% done in 21716.7s, 869.1s to go
on time step 278239 (time=69.5598), 0.0801772 s/step
Meep progress: 69.56275000000001/72.33333206176758 = 96.2% done in 21720.7s, 865.1s to go
on time step 278291 (time=69.5727), 0.0777559 s/step
Meep progress: 69.57575/72.33333206176758 = 96.2% done in 21724.7s, 861.0s to go
on time step 278345 (time=69.5863), 0.0741552 s/step
Meep progress: 69.58925/72.33333206176758 = 96.2% done in 21728.8s, 856.8s to go
on time step 278398 (time=69.5995), 0.0768003 s/step
Meep progress: 69.6025/72.33333206176758 = 96.2% done in 21732.8s, 852.7s to go
on time step 278450 (time=69.6125), 0.0773887 s/step
Meep progress: 69.6155/72.33333206176758 = 96.2% done in 21736.8s, 848.6s to go
on time step 278503 (time=69.6257), 0.075758 s/step
Meep progress: 69.629/72.33333206176758 = 96.3% done in 21740.9s, 844.4s to go
on time step 278556 (time=69.639), 0.0759788 s/step
Meep progress: 69.64225/72.33333206176758 = 96.3% done in 21745.0s, 840.3s to go
on time step 278608 (time=69.652), 0.0771356 s/step
Meep progress: 69.65525/72.33333206176758 = 96.3% done in 21749.0s, 836.2s to go
on time step 278660 (time=69.665), 0.0775631 s/step
Meep progress: 69.66825/72.33333206176758 = 96.3% done in 21753.0s, 832.1s to go
on time step 278713 (time=69.6783), 0.0755676 s/step
Meep progress: 69.68175000000001/72.33333206176758 = 96.3% done in 21757.1s, 827.9s to go
on time step 278766 (time=69.6915), 0.0765735 s/step
Meep progress: 69.69475/72.33333206176758 = 96.4% done in 21761.1s, 823.9s to go
on time step 278817 (time=69.7043), 0.0793004 s/step
Meep progress: 69.7075/72.33333206176758 = 96.4% done in 21765.1s, 819.9s to go
on time step 278869 (time=69.7173), 0.0772023 s/step
Meep progress: 69.72075/72.33333206176758 = 96.4% done in 21769.2s, 815.7s to go
on time step 278922 (time=69.7305), 0.0761975 s/step
Meep progress: 69.734/72.33333206176758 = 96.4% done in 21773.3s, 811.6s to go
on time step 278973 (time=69.7433), 0.0790031 s/step
Meep progress: 69.74675/72.33333206176758 = 96.4% done in 21777.3s, 807.6s to go
on time step 279026 (time=69.7565), 0.0755848 s/step
Meep progress: 69.76/72.33333206176758 = 96.4% done in 21781.4s, 803.5s to go
on time step 279079 (time=69.7698), 0.0767312 s/step
Meep progress: 69.7735/72.33333206176758 = 96.5% done in 21785.4s, 799.3s to go
on time step 279133 (time=69.7832), 0.0742533 s/step
Meep progress: 69.787/72.33333206176758 = 96.5% done in 21789.4s, 795.0s to go
on time step 279187 (time=69.7968), 0.0752275 s/step
Meep progress: 69.8005/72.33333206176758 = 96.5% done in 21793.5s, 790.8s to go
on time step 279241 (time=69.8102), 0.0744332 s/step
Meep progress: 69.81400000000001/72.33333206176758 = 96.5% done in 21797.5s, 786.6s to go
on time step 279296 (time=69.824), 0.0739902 s/step
Meep progress: 69.82775/72.33333206176758 = 96.5% done in 21801.6s, 782.3s to go
on time step 279351 (time=69.8377), 0.0737764 s/step
Meep progress: 69.8415/72.33333206176758 = 96.6% done in 21805.6s, 778.0s to go
on time step 279405 (time=69.8513), 0.0747425 s/step
Meep progress: 69.855/72.33333206176758 = 96.6% done in 21809.7s, 773.8s to go
on time step 279460 (time=69.865), 0.0739872 s/step
Meep progress: 69.8685/72.33333206176758 = 96.6% done in 21813.7s, 769.5s to go
on time step 279515 (time=69.8787), 0.0740684 s/step
Meep progress: 69.88225/72.33333206176758 = 96.6% done in 21817.7s, 765.2s to go
on time step 279569 (time=69.8923), 0.0743184 s/step
Meep progress: 69.89575/72.33333206176758 = 96.6% done in 21821.8s, 761.0s to go
on time step 279623 (time=69.9057), 0.0748076 s/step
Meep progress: 69.90925/72.33333206176758 = 96.6% done in 21825.8s, 756.8s to go
on time step 279677 (time=69.9193), 0.0743453 s/step
Meep progress: 69.92275000000001/72.33333206176758 = 96.7% done in 21829.8s, 752.6s to go
on time step 279732 (time=69.933), 0.0739324 s/step
Meep progress: 69.9365/72.33333206176758 = 96.7% done in 21833.9s, 748.3s to go
on time step 279785 (time=69.9463), 0.0757738 s/step
Meep progress: 69.95/72.33333206176758 = 96.7% done in 21838.0s, 744.1s to go
on time step 279839 (time=69.9597), 0.0741192 s/step
Meep progress: 69.9635/72.33333206176758 = 96.7% done in 21842.0s, 739.8s to go
on time step 279893 (time=69.9733), 0.0745591 s/step
Meep progress: 69.977/72.33333206176758 = 96.7% done in 21846.0s, 735.6s to go
on time step 279948 (time=69.987), 0.0736931 s/step
Meep progress: 69.9905/72.33333206176758 = 96.8% done in 21850.0s, 731.4s to go
on time step 280002 (time=70.0005), 0.0750134 s/step
Meep progress: 70.004/72.33333206176758 = 96.8% done in 21854.0s, 727.2s to go
on time step 280056 (time=70.014), 0.0742096 s/step
Meep progress: 70.0175/72.33333206176758 = 96.8% done in 21858.0s, 723.0s to go
on time step 280111 (time=70.0277), 0.0739533 s/step
Meep progress: 70.03125/72.33333206176758 = 96.8% done in 21862.1s, 718.7s to go
on time step 280166 (time=70.0415), 0.0739634 s/step
Meep progress: 70.045/72.33333206176758 = 96.8% done in 21866.2s, 714.4s to go
on time step 280220 (time=70.055), 0.0751695 s/step
Meep progress: 70.0585/72.33333206176758 = 96.9% done in 21870.2s, 710.1s to go
on time step 280275 (time=70.0688), 0.0740032 s/step
Meep progress: 70.072/72.33333206176758 = 96.9% done in 21874.2s, 705.9s to go
on time step 280330 (time=70.0825), 0.0740962 s/step
Meep progress: 70.08575/72.33333206176758 = 96.9% done in 21878.3s, 701.6s to go
on time step 280385 (time=70.0962), 0.0741665 s/step
Meep progress: 70.09925/72.33333206176758 = 96.9% done in 21882.3s, 697.4s to go
on time step 280439 (time=70.1098), 0.0750173 s/step
Meep progress: 70.11275/72.33333206176758 = 96.9% done in 21886.4s, 693.2s to go
on time step 280493 (time=70.1232), 0.0745374 s/step
Meep progress: 70.12625/72.33333206176758 = 96.9% done in 21890.4s, 689.0s to go
on time step 280548 (time=70.137), 0.0739619 s/step
Meep progress: 70.13975/72.33333206176758 = 97.0% done in 21894.4s, 684.7s to go
on time step 280602 (time=70.1505), 0.0748989 s/step
Meep progress: 70.15325/72.33333206176758 = 97.0% done in 21898.4s, 680.5s to go
on time step 280656 (time=70.164), 0.0744396 s/step
Meep progress: 70.16675000000001/72.33333206176758 = 97.0% done in 21902.4s, 676.3s to go
on time step 280710 (time=70.1775), 0.0740764 s/step
Meep progress: 70.18025/72.33333206176758 = 97.0% done in 21906.5s, 672.1s to go
on time step 280764 (time=70.191), 0.0743009 s/step
Meep progress: 70.19375000000001/72.33333206176758 = 97.0% done in 21910.5s, 667.9s to go
on time step 280818 (time=70.2045), 0.0750847 s/step
Meep progress: 70.20725/72.33333206176758 = 97.1% done in 21914.5s, 663.6s to go
on time step 280872 (time=70.218), 0.0742276 s/step
Meep progress: 70.22075/72.33333206176758 = 97.1% done in 21918.5s, 659.4s to go
on time step 280926 (time=70.2315), 0.0742676 s/step
Meep progress: 70.23425/72.33333206176758 = 97.1% done in 21922.5s, 655.2s to go
on time step 280981 (time=70.2452), 0.0734662 s/step
Meep progress: 70.248/72.33333206176758 = 97.1% done in 21926.6s, 650.9s to go
on time step 281033 (time=70.2583), 0.0770096 s/step
Meep progress: 70.26125/72.33333206176758 = 97.1% done in 21930.7s, 646.8s to go
on time step 281088 (time=70.272), 0.0740088 s/step
Meep progress: 70.27475/72.33333206176758 = 97.2% done in 21934.7s, 642.5s to go
on time step 281142 (time=70.2855), 0.0741164 s/step
Meep progress: 70.2885/72.33333206176758 = 97.2% done in 21938.7s, 638.2s to go
on time step 281196 (time=70.299), 0.0754761 s/step
Meep progress: 70.30175/72.33333206176758 = 97.2% done in 21942.7s, 634.1s to go
on time step 281250 (time=70.3125), 0.0752237 s/step
Meep progress: 70.315/72.33333206176758 = 97.2% done in 21946.8s, 630.0s to go
on time step 281304 (time=70.326), 0.0752682 s/step
Meep progress: 70.32875/72.33333206176758 = 97.2% done in 21950.8s, 625.7s to go
on time step 281359 (time=70.3397), 0.0736783 s/step
Meep progress: 70.34225/72.33333206176758 = 97.2% done in 21954.8s, 621.4s to go
on time step 281413 (time=70.3533), 0.0749526 s/step
Meep progress: 70.35575/72.33333206176758 = 97.3% done in 21958.9s, 617.2s to go
on time step 281467 (time=70.3667), 0.0743069 s/step
Meep progress: 70.36925000000001/72.33333206176758 = 97.3% done in 21962.9s, 613.0s to go
on time step 281521 (time=70.3803), 0.0751274 s/step
Meep progress: 70.38275/72.33333206176758 = 97.3% done in 21967.0s, 608.8s to go
on time step 281575 (time=70.3937), 0.0744875 s/step
Meep progress: 70.39625/72.33333206176758 = 97.3% done in 21971.0s, 604.6s to go
on time step 281629 (time=70.4073), 0.0749775 s/step
Meep progress: 70.40975/72.33333206176758 = 97.3% done in 21975.0s, 600.4s to go
on time step 281683 (time=70.4207), 0.0742576 s/step
Meep progress: 70.42325/72.33333206176758 = 97.4% done in 21979.0s, 596.1s to go
on time step 281738 (time=70.4345), 0.0740175 s/step
Meep progress: 70.437/72.33333206176758 = 97.4% done in 21983.1s, 591.8s to go
on time step 281791 (time=70.4477), 0.0757013 s/step
Meep progress: 70.45025/72.33333206176758 = 97.4% done in 21987.2s, 587.7s to go
on time step 281845 (time=70.4613), 0.0745719 s/step
Meep progress: 70.464/72.33333206176758 = 97.4% done in 21991.2s, 583.4s to go
on time step 281899 (time=70.4748), 0.0749499 s/step
Meep progress: 70.4775/72.33333206176758 = 97.4% done in 21995.3s, 579.2s to go
on time step 281953 (time=70.4883), 0.0744079 s/step
Meep progress: 70.491/72.33333206176758 = 97.5% done in 21999.3s, 575.0s to go
on time step 282007 (time=70.5018), 0.0750075 s/step
Meep progress: 70.50450000000001/72.33333206176758 = 97.5% done in 22003.3s, 570.7s to go
on time step 282061 (time=70.5152), 0.074405 s/step
Meep progress: 70.518/72.33333206176758 = 97.5% done in 22007.4s, 566.5s to go
on time step 282115 (time=70.5288), 0.0743037 s/step
Meep progress: 70.53150000000001/72.33333206176758 = 97.5% done in 22011.4s, 562.3s to go
on time step 282170 (time=70.5425), 0.0740201 s/step
Meep progress: 70.545/72.33333206176758 = 97.5% done in 22015.4s, 558.1s to go
on time step 282223 (time=70.5558), 0.0762835 s/step
Meep progress: 70.55825/72.33333206176758 = 97.5% done in 22019.4s, 554.0s to go
on time step 282277 (time=70.5692), 0.074388 s/step
Meep progress: 70.57175/72.33333206176758 = 97.6% done in 22023.4s, 549.7s to go
on time step 282332 (time=70.583), 0.0740219 s/step
Meep progress: 70.5855/72.33333206176758 = 97.6% done in 22027.5s, 545.4s to go
on time step 282387 (time=70.5968), 0.0739538 s/step
Meep progress: 70.599/72.33333206176758 = 97.6% done in 22031.5s, 541.2s to go
on time step 282441 (time=70.6103), 0.0748913 s/step
Meep progress: 70.6125/72.33333206176758 = 97.6% done in 22035.6s, 537.0s to go
on time step 282495 (time=70.6238), 0.0743655 s/step
Meep progress: 70.626/72.33333206176758 = 97.6% done in 22039.6s, 532.8s to go
on time step 282550 (time=70.6375), 0.0737637 s/step
Meep progress: 70.63975/72.33333206176758 = 97.7% done in 22043.6s, 528.5s to go
on time step 282604 (time=70.651), 0.0748895 s/step
Meep progress: 70.653/72.33333206176758 = 97.7% done in 22047.6s, 524.4s to go
on time step 282656 (time=70.664), 0.078114 s/step
Meep progress: 70.666/72.33333206176758 = 97.7% done in 22051.7s, 520.3s to go
on time step 282710 (time=70.6775), 0.0744459 s/step
Meep progress: 70.6795/72.33333206176758 = 97.7% done in 22055.7s, 516.1s to go
on time step 282765 (time=70.6912), 0.0732347 s/step
Meep progress: 70.69325/72.33333206176758 = 97.7% done in 22059.7s, 511.8s to go
on time step 282819 (time=70.7048), 0.0747941 s/step
Meep progress: 70.70675/72.33333206176758 = 97.8% done in 22063.7s, 507.6s to go
on time step 282873 (time=70.7182), 0.0741609 s/step
Meep progress: 70.72025000000001/72.33333206176758 = 97.8% done in 22067.8s, 503.4s to go
on time step 282926 (time=70.7315), 0.0757254 s/step
Meep progress: 70.7335/72.33333206176758 = 97.8% done in 22071.8s, 499.2s to go
on time step 282981 (time=70.7452), 0.0737505 s/step
Meep progress: 70.74725000000001/72.33333206176758 = 97.8% done in 22075.8s, 494.9s to go
on time step 283035 (time=70.7588), 0.0745675 s/step
Meep progress: 70.76075/72.33333206176758 = 97.8% done in 22079.9s, 490.7s to go
on time step 283089 (time=70.7722), 0.0745779 s/step
Meep progress: 70.77425/72.33333206176758 = 97.8% done in 22083.9s, 486.5s to go
on time step 283143 (time=70.7858), 0.0742344 s/step
Meep progress: 70.78775/72.33333206176758 = 97.9% done in 22087.9s, 482.3s to go
on time step 283197 (time=70.7993), 0.0741868 s/step
Meep progress: 70.80125/72.33333206176758 = 97.9% done in 22091.9s, 478.1s to go
on time step 283248 (time=70.812), 0.0787833 s/step
Meep progress: 70.81400000000001/72.33333206176758 = 97.9% done in 22096.0s, 474.1s to go
on time step 283295 (time=70.8238), 0.0864782 s/step
Meep progress: 70.82575/72.33333206176758 = 97.9% done in 22100.0s, 470.4s to go
on time step 283349 (time=70.8372), 0.0753509 s/step
Meep progress: 70.83925/72.33333206176758 = 97.9% done in 22104.0s, 466.2s to go
on time step 283403 (time=70.8508), 0.0748463 s/step
Meep progress: 70.85275/72.33333206176758 = 98.0% done in 22108.1s, 462.0s to go
on time step 283457 (time=70.8642), 0.0742112 s/step
Meep progress: 70.86625000000001/72.33333206176758 = 98.0% done in 22112.1s, 457.8s to go
on time step 283511 (time=70.8778), 0.0740926 s/step
Meep progress: 70.88/72.33333206176758 = 98.0% done in 22116.2s, 453.5s to go
on time step 283566 (time=70.8915), 0.0735223 s/step
Meep progress: 70.89375/72.33333206176758 = 98.0% done in 22120.2s, 449.2s to go
on time step 283620 (time=70.905), 0.0747786 s/step
Meep progress: 70.90725/72.33333206176758 = 98.0% done in 22124.3s, 445.0s to go
on time step 283674 (time=70.9185), 0.0744543 s/step
Meep progress: 70.92075/72.33333206176758 = 98.0% done in 22128.3s, 440.7s to go
on time step 283729 (time=70.9322), 0.0740043 s/step
Meep progress: 70.93425/72.33333206176758 = 98.1% done in 22132.3s, 436.5s to go
on time step 283784 (time=70.946), 0.074073 s/step
Meep progress: 70.94800000000001/72.33333206176758 = 98.1% done in 22136.4s, 432.2s to go
on time step 283838 (time=70.9595), 0.074728 s/step
Meep progress: 70.9615/72.33333206176758 = 98.1% done in 22140.4s, 428.0s to go
on time step 283892 (time=70.973), 0.0742682 s/step
Meep progress: 70.97500000000001/72.33333206176758 = 98.1% done in 22144.4s, 423.8s to go
on time step 283946 (time=70.9865), 0.0749104 s/step
Meep progress: 70.9885/72.33333206176758 = 98.1% done in 22148.4s, 419.6s to go
on time step 284000 (time=71), 0.0745214 s/step
Meep progress: 71.002/72.33333206176758 = 98.2% done in 22152.5s, 415.4s to go
on time step 284054 (time=71.0135), 0.0741934 s/step
Meep progress: 71.0155/72.33333206176758 = 98.2% done in 22156.5s, 411.2s to go
on time step 284108 (time=71.027), 0.074505 s/step
Meep progress: 71.029/72.33333206176758 = 98.2% done in 22160.5s, 406.9s to go
on time step 284163 (time=71.0408), 0.0734061 s/step
Meep progress: 71.04275/72.33333206176758 = 98.2% done in 22164.5s, 402.6s to go
on time step 284217 (time=71.0542), 0.0749419 s/step
Meep progress: 71.05625/72.33333206176758 = 98.2% done in 22168.6s, 398.4s to go
on time step 284272 (time=71.068), 0.0739322 s/step
Meep progress: 71.07000000000001/72.33333206176758 = 98.3% done in 22172.7s, 394.1s to go
on time step 284326 (time=71.0815), 0.0742301 s/step
Meep progress: 71.0835/72.33333206176758 = 98.3% done in 22176.7s, 389.9s to go
on time step 284381 (time=71.0953), 0.0738958 s/step
Meep progress: 71.09725/72.33333206176758 = 98.3% done in 22180.7s, 385.6s to go
on time step 284435 (time=71.1088), 0.07485 s/step
Meep progress: 71.11075/72.33333206176758 = 98.3% done in 22184.8s, 381.4s to go
on time step 284488 (time=71.122), 0.0758479 s/step
Meep progress: 71.124/72.33333206176758 = 98.3% done in 22188.8s, 377.3s to go
on time step 284542 (time=71.1355), 0.074198 s/step
Meep progress: 71.1375/72.33333206176758 = 98.3% done in 22192.8s, 373.1s to go
on time step 284596 (time=71.149), 0.0741958 s/step
Meep progress: 71.151/72.33333206176758 = 98.4% done in 22196.8s, 368.8s to go
on time step 284650 (time=71.1625), 0.0746526 s/step
Meep progress: 71.1645/72.33333206176758 = 98.4% done in 22200.9s, 364.6s to go
on time step 284704 (time=71.176), 0.0749288 s/step
Meep progress: 71.178/72.33333206176758 = 98.4% done in 22204.9s, 360.4s to go
on time step 284758 (time=71.1895), 0.0746643 s/step
Meep progress: 71.19175/72.33333206176758 = 98.4% done in 22209.0s, 356.1s to go
on time step 284812 (time=71.203), 0.0748823 s/step
Meep progress: 71.20525/72.33333206176758 = 98.4% done in 22213.0s, 351.9s to go
on time step 284866 (time=71.2165), 0.0743171 s/step
Meep progress: 71.21875/72.33333206176758 = 98.5% done in 22217.1s, 347.7s to go
on time step 284920 (time=71.23), 0.0744218 s/step
Meep progress: 71.23225000000001/72.33333206176758 = 98.5% done in 22221.1s, 343.5s to go
on time step 284975 (time=71.2438), 0.0729446 s/step
Meep progress: 71.246/72.33333206176758 = 98.5% done in 22225.1s, 339.2s to go
on time step 285029 (time=71.2572), 0.0754163 s/step
Meep progress: 71.2595/72.33333206176758 = 98.5% done in 22229.2s, 335.0s to go
on time step 285084 (time=71.271), 0.0740384 s/step
Meep progress: 71.273/72.33333206176758 = 98.5% done in 22233.2s, 330.8s to go
on time step 285138 (time=71.2845), 0.0752756 s/step
Meep progress: 71.2865/72.33333206176758 = 98.6% done in 22237.2s, 326.6s to go
on time step 285192 (time=71.298), 0.0742002 s/step
Meep progress: 71.3/72.33333206176758 = 98.6% done in 22241.2s, 322.3s to go
on time step 285246 (time=71.3115), 0.0753712 s/step
Meep progress: 71.31325/72.33333206176758 = 98.6% done in 22245.3s, 318.2s to go
on time step 285299 (time=71.3247), 0.0767129 s/step
Meep progress: 71.3265/72.33333206176758 = 98.6% done in 22249.3s, 314.1s to go
on time step 285353 (time=71.3383), 0.0740999 s/step
Meep progress: 71.34025/72.33333206176758 = 98.6% done in 22253.4s, 309.8s to go
on time step 285407 (time=71.3517), 0.0750969 s/step
Meep progress: 71.3535/72.33333206176758 = 98.6% done in 22257.4s, 305.6s to go
on time step 285461 (time=71.3653), 0.0745719 s/step
Meep progress: 71.367/72.33333206176758 = 98.7% done in 22261.4s, 301.4s to go
on time step 285514 (time=71.3785), 0.0757141 s/step
Meep progress: 71.38025/72.33333206176758 = 98.7% done in 22265.4s, 297.3s to go
on time step 285568 (time=71.392), 0.0741851 s/step
Meep progress: 71.39375/72.33333206176758 = 98.7% done in 22269.4s, 293.1s to go
on time step 285621 (time=71.4052), 0.0755236 s/step
Meep progress: 71.407/72.33333206176758 = 98.7% done in 22273.4s, 288.9s to go
on time step 285675 (time=71.4188), 0.0745645 s/step
Meep progress: 71.4205/72.33333206176758 = 98.7% done in 22277.4s, 284.7s to go
on time step 285730 (time=71.4325), 0.073927 s/step
Meep progress: 71.43425/72.33333206176758 = 98.8% done in 22281.5s, 280.4s to go
on time step 285783 (time=71.4458), 0.0755164 s/step
Meep progress: 71.4475/72.33333206176758 = 98.8% done in 22285.5s, 276.3s to go
on time step 285836 (time=71.459), 0.0758158 s/step
Meep progress: 71.46075/72.33333206176758 = 98.8% done in 22289.5s, 272.2s to go
on time step 285890 (time=71.4725), 0.0742932 s/step
Meep progress: 71.47425/72.33333206176758 = 98.8% done in 22293.6s, 268.0s to go
on time step 285945 (time=71.4862), 0.0740639 s/step
Meep progress: 71.488/72.33333206176758 = 98.8% done in 22297.6s, 263.7s to go
on time step 285999 (time=71.4998), 0.0747736 s/step
Meep progress: 71.50150000000001/72.33333206176758 = 98.9% done in 22301.7s, 259.5s to go
on time step 286053 (time=71.5132), 0.0749891 s/step
Meep progress: 71.515/72.33333206176758 = 98.9% done in 22305.7s, 255.2s to go
on time step 286106 (time=71.5265), 0.0759333 s/step
Meep progress: 71.52825/72.33333206176758 = 98.9% done in 22309.8s, 251.1s to go
on time step 286161 (time=71.5403), 0.0738682 s/step
Meep progress: 71.542/72.33333206176758 = 98.9% done in 22313.8s, 246.8s to go
on time step 286215 (time=71.5538), 0.0748775 s/step
Meep progress: 71.5555/72.33333206176758 = 98.9% done in 22317.8s, 242.6s to go
on time step 286270 (time=71.5675), 0.0739313 s/step
Meep progress: 71.569/72.33333206176758 = 98.9% done in 22321.8s, 238.4s to go
on time step 286324 (time=71.581), 0.0743113 s/step
Meep progress: 71.5825/72.33333206176758 = 99.0% done in 22325.9s, 234.2s to go
on time step 286378 (time=71.5945), 0.0740893 s/step
Meep progress: 71.59625/72.33333206176758 = 99.0% done in 22329.9s, 229.9s to go
on time step 286432 (time=71.608), 0.0747072 s/step
Meep progress: 71.60975/72.33333206176758 = 99.0% done in 22334.0s, 225.7s to go
on time step 286486 (time=71.6215), 0.0743866 s/step
Meep progress: 71.62325/72.33333206176758 = 99.0% done in 22338.0s, 221.5s to go
on time step 286540 (time=71.635), 0.0741017 s/step
Meep progress: 71.63675/72.33333206176758 = 99.0% done in 22342.0s, 217.2s to go
on time step 286594 (time=71.6485), 0.0741712 s/step
Meep progress: 71.65025/72.33333206176758 = 99.1% done in 22346.0s, 213.0s to go
on time step 286648 (time=71.662), 0.0751768 s/step
Meep progress: 71.66375000000001/72.33333206176758 = 99.1% done in 22350.1s, 208.8s to go
on time step 286703 (time=71.6758), 0.0739646 s/step
Meep progress: 71.6775/72.33333206176758 = 99.1% done in 22354.1s, 204.5s to go
on time step 286758 (time=71.6895), 0.0737299 s/step
Meep progress: 71.69125/72.33333206176758 = 99.1% done in 22358.2s, 200.2s to go
on time step 286813 (time=71.7032), 0.0739111 s/step
Meep progress: 71.70475/72.33333206176758 = 99.1% done in 22362.2s, 196.0s to go
on time step 286867 (time=71.7168), 0.0749819 s/step
Meep progress: 71.71825/72.33333206176758 = 99.1% done in 22366.3s, 191.8s to go
on time step 286920 (time=71.73), 0.0755226 s/step
Meep progress: 71.73175/72.33333206176758 = 99.2% done in 22370.3s, 187.6s to go
on time step 286975 (time=71.7438), 0.0739075 s/step
Meep progress: 71.7455/72.33333206176758 = 99.2% done in 22374.4s, 183.3s to go
on time step 287029 (time=71.7572), 0.07486 s/step
Meep progress: 71.759/72.33333206176758 = 99.2% done in 22378.4s, 179.1s to go
on time step 287083 (time=71.7708), 0.0743167 s/step
Meep progress: 71.77250000000001/72.33333206176758 = 99.2% done in 22382.4s, 174.9s to go
on time step 287137 (time=71.7843), 0.0746211 s/step
Meep progress: 71.786/72.33333206176758 = 99.2% done in 22386.4s, 170.7s to go
on time step 287192 (time=71.798), 0.0737765 s/step
Meep progress: 71.79975/72.33333206176758 = 99.3% done in 22390.5s, 166.4s to go
on time step 287246 (time=71.8115), 0.0750133 s/step
Meep progress: 71.81325/72.33333206176758 = 99.3% done in 22394.6s, 162.2s to go
on time step 287300 (time=71.825), 0.0747187 s/step
Meep progress: 71.82675/72.33333206176758 = 99.3% done in 22398.6s, 158.0s to go
on time step 287351 (time=71.8377), 0.0792795 s/step
Meep progress: 71.83925/72.33333206176758 = 99.3% done in 22402.6s, 154.1s to go
on time step 287402 (time=71.8505), 0.0790395 s/step
Meep progress: 71.852/72.33333206176758 = 99.3% done in 22406.6s, 150.1s to go
on time step 287455 (time=71.8637), 0.0758144 s/step
Meep progress: 71.8655/72.33333206176758 = 99.4% done in 22410.7s, 145.9s to go
on time step 287510 (time=71.8775), 0.0739518 s/step
Meep progress: 71.879/72.33333206176758 = 99.4% done in 22414.7s, 141.7s to go
on time step 287564 (time=71.891), 0.0740831 s/step
Meep progress: 71.89275/72.33333206176758 = 99.4% done in 22418.8s, 137.4s to go
on time step 287618 (time=71.9045), 0.0746304 s/step
Meep progress: 71.90625/72.33333206176758 = 99.4% done in 22422.8s, 133.2s to go
on time step 287672 (time=71.918), 0.0742195 s/step
Meep progress: 71.91975000000001/72.33333206176758 = 99.4% done in 22426.8s, 129.0s to go
on time step 287726 (time=71.9315), 0.0745754 s/step
Meep progress: 71.93325/72.33333206176758 = 99.4% done in 22430.8s, 124.8s to go
on time step 287781 (time=71.9453), 0.0735976 s/step
Meep progress: 71.947/72.33333206176758 = 99.5% done in 22434.9s, 120.5s to go
on time step 287835 (time=71.9587), 0.0747853 s/step
Meep progress: 71.9605/72.33333206176758 = 99.5% done in 22438.9s, 116.3s to go
on time step 287889 (time=71.9723), 0.0742827 s/step
Meep progress: 71.974/72.33333206176758 = 99.5% done in 22442.9s, 112.0s to go
on time step 287944 (time=71.986), 0.0740496 s/step
Meep progress: 71.9875/72.33333206176758 = 99.5% done in 22446.9s, 107.8s to go
on time step 287998 (time=71.9995), 0.0741293 s/step
Meep progress: 72.001/72.33333206176758 = 99.5% done in 22450.9s, 103.6s to go
on time step 288052 (time=72.013), 0.0748708 s/step
Meep progress: 72.0145/72.33333206176758 = 99.6% done in 22455.0s, 99.4s to go
on time step 288106 (time=72.0265), 0.0744916 s/step
Meep progress: 72.028/72.33333206176758 = 99.6% done in 22459.0s, 95.2s to go
on time step 288161 (time=72.0403), 0.0738761 s/step
Meep progress: 72.04175000000001/72.33333206176758 = 99.6% done in 22463.1s, 90.9s to go
on time step 288215 (time=72.0538), 0.0742021 s/step
Meep progress: 72.05525/72.33333206176758 = 99.6% done in 22467.1s, 86.7s to go
on time step 288269 (time=72.0673), 0.074995 s/step
Meep progress: 72.06875000000001/72.33333206176758 = 99.6% done in 22471.1s, 82.5s to go
on time step 288323 (time=72.0807), 0.074254 s/step
Meep progress: 72.08225/72.33333206176758 = 99.7% done in 22475.1s, 78.3s to go
on time step 288378 (time=72.0945), 0.0739185 s/step
Meep progress: 72.096/72.33333206176758 = 99.7% done in 22479.2s, 74.0s to go
on time step 288432 (time=72.108), 0.0745029 s/step
Meep progress: 72.1095/72.33333206176758 = 99.7% done in 22483.2s, 69.8s to go
on time step 288485 (time=72.1213), 0.0755916 s/step
Meep progress: 72.12275/72.33333206176758 = 99.7% done in 22487.2s, 65.7s to go
on time step 288539 (time=72.1347), 0.0749334 s/step
Meep progress: 72.13625/72.33333206176758 = 99.7% done in 22491.3s, 61.4s to go
on time step 288594 (time=72.1485), 0.0739817 s/step
Meep progress: 72.14975/72.33333206176758 = 99.7% done in 22495.3s, 57.2s to go
on time step 288648 (time=72.162), 0.0751434 s/step
Meep progress: 72.16325/72.33333206176758 = 99.8% done in 22499.3s, 53.0s to go
on time step 288702 (time=72.1755), 0.0743849 s/step
Meep progress: 72.17675/72.33333206176758 = 99.8% done in 22503.4s, 48.8s to go
on time step 288756 (time=72.189), 0.0742923 s/step
Meep progress: 72.19025/72.33333206176758 = 99.8% done in 22507.4s, 44.6s to go
on time step 288811 (time=72.2027), 0.0737142 s/step
Meep progress: 72.20400000000001/72.33333206176758 = 99.8% done in 22511.4s, 40.3s to go
on time step 288865 (time=72.2163), 0.0751426 s/step
Meep progress: 72.2175/72.33333206176758 = 99.8% done in 22515.5s, 36.1s to go
on time step 288919 (time=72.2297), 0.0742634 s/step
Meep progress: 72.231/72.33333206176758 = 99.9% done in 22519.5s, 31.9s to go
on time step 288974 (time=72.2435), 0.0738565 s/step
Meep progress: 72.24475/72.33333206176758 = 99.9% done in 22523.6s, 27.6s to go
on time step 289029 (time=72.2572), 0.0739431 s/step
Meep progress: 72.25825/72.33333206176758 = 99.9% done in 22527.6s, 23.4s to go
on time step 289083 (time=72.2708), 0.0741173 s/step
Meep progress: 72.272/72.33333206176758 = 99.9% done in 22531.6s, 19.1s to go
on time step 289137 (time=72.2843), 0.0748894 s/step
Meep progress: 72.2855/72.33333206176758 = 99.9% done in 22535.7s, 14.9s to go
on time step 289192 (time=72.298), 0.0736728 s/step
Meep progress: 72.29925/72.33333206176758 = 100.0% done in 22539.7s, 10.6s to go
on time step 289246 (time=72.3115), 0.0745206 s/step
Meep progress: 72.31275000000001/72.33333206176758 = 100.0% done in 22543.8s, 6.4s to go
on time step 289301 (time=72.3252), 0.0740145 s/step
Meep progress: 72.32625/72.33333206176758 = 100.0% done in 22547.8s, 2.2s to go
run 0 finished at t = 72.3335 (289334 timesteps)
--- Ag-free reference ---
-----------
Initializing structure...
time for choose_chunkdivision = 0.00119519 s
Working in 2D dimensions.
Computational cell is 0.7 x 0.7 x 0 with resolution 2000
time for set_epsilon = 1.24082 s
-----------
Meep progress: 0.05825/72.33333206176758 = 0.1% done in 4.0s, 4967.2s to go
on time step 233 (time=0.05825), 0.0171874 s/step
Meep progress: 0.117/72.33333206176758 = 0.2% done in 8.0s, 4947.0s to go
on time step 468 (time=0.117), 0.0170682 s/step
Meep progress: 0.17550000000000002/72.33333206176758 = 0.2% done in 12.0s, 4940.8s to go
on time step 702 (time=0.1755), 0.017104 s/step
Meep progress: 0.2325/72.33333206176758 = 0.3% done in 16.0s, 4967.6s to go
on time step 930 (time=0.2325), 0.0175464 s/step
Meep progress: 0.2915/72.33333206176758 = 0.4% done in 20.0s, 4949.9s to go
on time step 1166 (time=0.2915), 0.0169981 s/step
Meep progress: 0.35000000000000003/72.33333206176758 = 0.5% done in 24.0s, 4944.6s to go
on time step 1400 (time=0.35), 0.0171391 s/step
Meep progress: 0.40925/72.33333206176758 = 0.6% done in 28.1s, 4930.4s to go
on time step 1637 (time=0.40925), 0.0169288 s/step
Meep progress: 0.4675/72.33333206176758 = 0.6% done in 32.1s, 4929.6s to go
on time step 1870 (time=0.4675), 0.0172242 s/step
Meep progress: 0.52425/72.33333206176758 = 0.7% done in 36.1s, 4941.1s to go
on time step 2097 (time=0.52425), 0.0176439 s/step
Meep progress: 0.58375/72.33333206176758 = 0.8% done in 40.1s, 4927.4s to go
on time step 2335 (time=0.58375), 0.0168648 s/step
Meep progress: 0.64075/72.33333206176758 = 0.9% done in 44.1s, 4933.6s to go
on time step 2563 (time=0.64075), 0.0175629 s/step
Meep progress: 0.69925/72.33333206176758 = 1.0% done in 48.1s, 4927.1s to go
on time step 2797 (time=0.69925), 0.0170996 s/step
Meep progress: 0.75775/72.33333206176758 = 1.0% done in 52.1s, 4922.3s to go
on time step 3031 (time=0.75775), 0.0171582 s/step
Meep progress: 0.81425/72.33333206176758 = 1.1% done in 56.1s, 4928.9s to go
on time step 3257 (time=0.81425), 0.017725 s/step
Meep progress: 0.87225/72.33333206176758 = 1.2% done in 60.1s, 4926.2s to go
on time step 3489 (time=0.87225), 0.017289 s/step
Meep progress: 0.93075/72.33333206176758 = 1.3% done in 64.1s, 4920.4s to go
on time step 3723 (time=0.93075), 0.017137 s/step
Meep progress: 0.986/72.33333206176758 = 1.4% done in 68.2s, 4931.8s to go
on time step 3944 (time=0.986), 0.0181779 s/step
Meep progress: 1.04275/72.33333206176758 = 1.4% done in 72.2s, 4933.2s to go
on time step 4172 (time=1.043), 0.0176194 s/step
Meep progress: 1.0995/72.33333206176758 = 1.5% done in 76.2s, 4934.5s to go
on time step 4399 (time=1.09975), 0.0176438 s/step
Meep progress: 1.1572500000000001/72.33333206176758 = 1.6% done in 80.2s, 4931.4s to go
on time step 4630 (time=1.1575), 0.0173779 s/step
Meep progress: 1.214/72.33333206176758 = 1.7% done in 84.2s, 4932.4s to go
on time step 4857 (time=1.21425), 0.0176984 s/step
Meep progress: 1.27125/72.33333206176758 = 1.8% done in 88.2s, 4930.7s to go
on time step 5086 (time=1.2715), 0.0174927 s/step
Meep progress: 1.33/72.33333206176758 = 1.8% done in 92.2s, 4923.4s to go
on time step 5321 (time=1.33025), 0.0171029 s/step
Meep progress: 1.38575/72.33333206176758 = 1.9% done in 96.2s, 4926.7s to go
on time step 5544 (time=1.386), 0.0179766 s/step
Meep progress: 1.44275/72.33333206176758 = 2.0% done in 100.2s, 4924.9s to go
on time step 5773 (time=1.44325), 0.0175152 s/step
Meep progress: 1.4997500000000001/72.33333206176758 = 2.1% done in 104.2s, 4923.3s to go
on time step 6001 (time=1.50025), 0.0176032 s/step
Meep progress: 1.5585/72.33333206176758 = 2.2% done in 108.2s, 4915.6s to go
on time step 6236 (time=1.559), 0.0170431 s/step
Meep progress: 1.615/72.33333206176758 = 2.2% done in 112.2s, 4915.2s to go
on time step 6463 (time=1.61575), 0.0176803 s/step
Meep progress: 1.672/72.33333206176758 = 2.3% done in 116.3s, 4913.1s to go
on time step 6691 (time=1.67275), 0.017589 s/step
Meep progress: 1.729/72.33333206176758 = 2.4% done in 120.3s, 4911.3s to go
on time step 6919 (time=1.72975), 0.0175781 s/step
Meep progress: 1.78575/72.33333206176758 = 2.5% done in 124.3s, 4909.7s to go
on time step 7146 (time=1.7865), 0.0176768 s/step
Meep progress: 1.84175/72.33333206176758 = 2.5% done in 128.3s, 4909.9s to go
on time step 7371 (time=1.84275), 0.0178394 s/step
Meep progress: 1.901/72.33333206176758 = 2.6% done in 132.3s, 4901.2s to go
on time step 7608 (time=1.902), 0.0168966 s/step
Meep progress: 1.96/72.33333206176758 = 2.7% done in 136.3s, 4893.8s to go
on time step 7844 (time=1.961), 0.0169945 s/step
Meep progress: 2.0155/72.33333206176758 = 2.8% done in 140.3s, 4895.2s to go
on time step 8066 (time=2.0165), 0.0180801 s/step
Meep progress: 2.07175/72.33333206176758 = 2.9% done in 144.3s, 4894.2s to go
on time step 8292 (time=2.073), 0.0177561 s/step
Meep progress: 2.13125/72.33333206176758 = 2.9% done in 148.3s, 4885.8s to go
on time step 8530 (time=2.1325), 0.0168725 s/step
Meep progress: 2.18975/72.33333206176758 = 3.0% done in 152.3s, 4879.7s to go
on time step 8764 (time=2.191), 0.0171272 s/step
Meep progress: 2.24825/72.33333206176758 = 3.1% done in 156.3s, 4873.6s to go
on time step 8999 (time=2.24975), 0.017089 s/step
Meep progress: 2.30775/72.33333206176758 = 3.2% done in 160.3s, 4865.4s to go
on time step 9237 (time=2.30925), 0.0168418 s/step
Meep progress: 2.366/72.33333206176758 = 3.3% done in 164.4s, 4860.4s to go
on time step 9469 (time=2.36725), 0.0172434 s/step
Meep progress: 2.4245/72.33333206176758 = 3.4% done in 168.4s, 4854.9s to go
on time step 9703 (time=2.42575), 0.0171278 s/step
Meep progress: 2.4825/72.33333206176758 = 3.4% done in 172.4s, 4850.1s to go
on time step 9935 (time=2.48375), 0.0172872 s/step
Meep progress: 2.5415/72.33333206176758 = 3.5% done in 176.4s, 4843.6s to go
on time step 10172 (time=2.543), 0.0169436 s/step
Meep progress: 2.6005000000000003/72.33333206176758 = 3.6% done in 180.4s, 4837.1s to go
on time step 10408 (time=2.602), 0.0169597 s/step
Meep progress: 2.65925/72.33333206176758 = 3.7% done in 184.4s, 4831.2s to go
on time step 10643 (time=2.66075), 0.01705 s/step
Meep progress: 2.7182500000000003/72.33333206176758 = 3.8% done in 188.4s, 4825.2s to go
on time step 10879 (time=2.71975), 0.0170134 s/step
Meep progress: 2.7775/72.33333206176758 = 3.8% done in 192.4s, 4818.6s to go
on time step 11116 (time=2.779), 0.0168943 s/step
Meep progress: 2.836/72.33333206176758 = 3.9% done in 196.4s, 4813.3s to go
on time step 11350 (time=2.8375), 0.0171072 s/step
Meep progress: 2.895/72.33333206176758 = 4.0% done in 200.4s, 4807.5s to go
on time step 11585 (time=2.89625), 0.0170232 s/step
Meep progress: 2.95325/72.33333206176758 = 4.1% done in 204.4s, 4802.8s to go
on time step 11818 (time=2.9545), 0.0171691 s/step
Meep progress: 3.01275/72.33333206176758 = 4.2% done in 208.4s, 4796.0s to go
on time step 12056 (time=3.014), 0.0168139 s/step
Meep progress: 3.0715/72.33333206176758 = 4.2% done in 212.5s, 4790.8s to go
on time step 12291 (time=3.07275), 0.0170785 s/step
Meep progress: 3.12875/72.33333206176758 = 4.3% done in 216.5s, 4787.7s to go
on time step 12521 (time=3.13025), 0.0174649 s/step
Meep progress: 3.1885/72.33333206176758 = 4.4% done in 220.5s, 4781.0s to go
on time step 12760 (time=3.19), 0.0167787 s/step
Meep progress: 3.24775/72.33333206176758 = 4.5% done in 224.5s, 4775.0s to go
on time step 12997 (time=3.24925), 0.0169173 s/step
Meep progress: 3.3072500000000002/72.33333206176758 = 4.6% done in 228.5s, 4768.9s to go
on time step 13235 (time=3.30875), 0.016863 s/step
Meep progress: 3.36625/72.33333206176758 = 4.7% done in 232.5s, 4763.4s to go
on time step 13471 (time=3.36775), 0.0169891 s/step
Meep progress: 3.42575/72.33333206176758 = 4.7% done in 236.5s, 4757.3s to go
on time step 13709 (time=3.42725), 0.0168352 s/step
Meep progress: 3.485/72.33333206176758 = 4.8% done in 240.5s, 4751.6s to go
on time step 13946 (time=3.4865), 0.0169186 s/step
Meep progress: 3.5445/72.33333206176758 = 4.9% done in 244.5s, 4745.6s to go
on time step 14184 (time=3.546), 0.0168495 s/step
Meep progress: 3.60325/72.33333206176758 = 5.0% done in 248.5s, 4740.8s to go
on time step 14419 (time=3.60475), 0.0170758 s/step
Meep progress: 3.66275/72.33333206176758 = 5.1% done in 252.6s, 4734.9s to go
on time step 14657 (time=3.66425), 0.0168368 s/step
Meep progress: 3.72175/72.33333206176758 = 5.1% done in 256.6s, 4729.8s to go
on time step 14893 (time=3.72325), 0.0170102 s/step
Meep progress: 3.78175/72.33333206176758 = 5.2% done in 260.6s, 4723.3s to go
on time step 15133 (time=3.78325), 0.0166869 s/step
Meep progress: 3.8405/72.33333206176758 = 5.3% done in 264.6s, 4718.5s to go
on time step 15368 (time=3.842), 0.0170272 s/step
Meep progress: 3.9/72.33333206176758 = 5.4% done in 268.6s, 4712.7s to go
on time step 15606 (time=3.9015), 0.0168251 s/step
Meep progress: 3.959/72.33333206176758 = 5.5% done in 272.6s, 4707.6s to go
on time step 15843 (time=3.96075), 0.0169302 s/step
Meep progress: 4.0165/72.33333206176758 = 5.6% done in 276.6s, 4704.6s to go
on time step 16073 (time=4.01825), 0.0174625 s/step
Meep progress: 4.07625/72.33333206176758 = 5.6% done in 280.6s, 4698.8s to go
on time step 16312 (time=4.078), 0.0167839 s/step
Meep progress: 4.13575/72.33333206176758 = 5.7% done in 284.6s, 4693.1s to go
on time step 16550 (time=4.1375), 0.0168457 s/step
Meep progress: 4.19475/72.33333206176758 = 5.8% done in 288.6s, 4688.1s to go
on time step 16787 (time=4.19675), 0.0169092 s/step
Meep progress: 4.25375/72.33333206176758 = 5.9% done in 292.6s, 4683.2s to go
on time step 17023 (time=4.25575), 0.0169663 s/step
Meep progress: 4.31175/72.33333206176758 = 6.0% done in 296.6s, 4679.6s to go
on time step 17255 (time=4.31375), 0.0173077 s/step
Meep progress: 4.37075/72.33333206176758 = 6.0% done in 300.6s, 4674.7s to go
on time step 17491 (time=4.37275), 0.0170187 s/step
Meep progress: 4.43/72.33333206176758 = 6.1% done in 304.6s, 4669.7s to go
on time step 17728 (time=4.432), 0.0168824 s/step
Meep progress: 4.4885/72.33333206176758 = 6.2% done in 308.6s, 4665.3s to go
on time step 17963 (time=4.49075), 0.0170862 s/step
Meep progress: 4.5475/72.33333206176758 = 6.3% done in 312.7s, 4660.7s to go
on time step 18198 (time=4.5495), 0.017063 s/step
Meep progress: 4.6057500000000005/72.33333206176758 = 6.4% done in 316.7s, 4656.7s to go
on time step 18432 (time=4.608), 0.0171261 s/step
Meep progress: 4.66525/72.33333206176758 = 6.4% done in 320.7s, 4651.4s to go
on time step 18670 (time=4.6675), 0.0168762 s/step
Meep progress: 4.72375/72.33333206176758 = 6.5% done in 324.7s, 4647.2s to go
on time step 18904 (time=4.726), 0.0171655 s/step
Meep progress: 4.77925/72.33333206176758 = 6.6% done in 328.7s, 4646.0s to go
on time step 19127 (time=4.78175), 0.0179813 s/step
Meep progress: 4.8375/72.33333206176758 = 6.7% done in 332.7s, 4641.9s to go
on time step 19361 (time=4.84025), 0.0171472 s/step
Meep progress: 4.89475/72.33333206176758 = 6.8% done in 336.7s, 4639.1s to go
on time step 19589 (time=4.89725), 0.0175641 s/step
Meep progress: 4.94975/72.33333206176758 = 6.8% done in 340.7s, 4638.3s to go
on time step 19809 (time=4.95225), 0.018249 s/step
Meep progress: 5.00675/72.33333206176758 = 6.9% done in 344.7s, 4635.5s to go
on time step 20038 (time=5.0095), 0.0174912 s/step
Meep progress: 5.0655/72.33333206176758 = 7.0% done in 348.7s, 4631.0s to go
on time step 20273 (time=5.06825), 0.0170711 s/step
Meep progress: 5.12375/72.33333206176758 = 7.1% done in 352.7s, 4626.9s to go
on time step 20507 (time=5.12675), 0.0171425 s/step
Meep progress: 5.18175/72.33333206176758 = 7.2% done in 356.7s, 4623.0s to go
on time step 20739 (time=5.18475), 0.0172806 s/step
Meep progress: 5.2410000000000005/72.33333206176758 = 7.2% done in 360.7s, 4618.0s to go
on time step 20976 (time=5.244), 0.0169131 s/step
Meep progress: 5.3005/72.33333206176758 = 7.3% done in 364.8s, 4612.9s to go
on time step 21214 (time=5.3035), 0.0168539 s/step
Meep progress: 5.3595/72.33333206176758 = 7.4% done in 368.8s, 4608.3s to go
on time step 21450 (time=5.3625), 0.0170087 s/step
Meep progress: 5.4190000000000005/72.33333206176758 = 7.5% done in 372.8s, 4603.2s to go
on time step 21688 (time=5.422), 0.0168438 s/step
Meep progress: 5.4775/72.33333206176758 = 7.6% done in 376.8s, 4598.9s to go
on time step 21923 (time=5.48075), 0.0170619 s/step
Meep progress: 5.53725/72.33333206176758 = 7.7% done in 380.8s, 4593.7s to go
on time step 22161 (time=5.54025), 0.0168643 s/step
Meep progress: 5.59575/72.33333206176758 = 7.7% done in 384.8s, 4589.4s to go
on time step 22396 (time=5.599), 0.0170755 s/step
Meep progress: 5.6552500000000006/72.33333206176758 = 7.8% done in 388.8s, 4584.3s to go
on time step 22634 (time=5.6585), 0.0168204 s/step
Meep progress: 5.7145/72.33333206176758 = 7.9% done in 392.8s, 4579.5s to go
on time step 22871 (time=5.71775), 0.0169323 s/step
Meep progress: 5.77275/72.33333206176758 = 8.0% done in 396.8s, 4575.5s to go
on time step 23104 (time=5.776), 0.0171938 s/step
Meep progress: 5.83225/72.33333206176758 = 8.1% done in 400.8s, 4570.4s to go
on time step 23342 (time=5.8355), 0.0168092 s/step
Meep progress: 5.8892500000000005/72.33333206176758 = 8.1% done in 404.8s, 4567.6s to go
on time step 23569 (time=5.89225), 0.0176505 s/step
Meep progress: 5.948/72.33333206176758 = 8.2% done in 408.9s, 4563.2s to go
on time step 23805 (time=5.95125), 0.0169917 s/step
Meep progress: 6.00525/72.33333206176758 = 8.3% done in 412.9s, 4560.0s to go
on time step 24035 (time=6.00875), 0.0174607 s/step
Meep progress: 6.06475/72.33333206176758 = 8.4% done in 416.9s, 4555.0s to go
on time step 24273 (time=6.06825), 0.0168516 s/step
Meep progress: 6.123/72.33333206176758 = 8.5% done in 420.9s, 4551.1s to go
on time step 24506 (time=6.1265), 0.017224 s/step
Meep progress: 6.18125/72.33333206176758 = 8.5% done in 424.9s, 4547.1s to go
on time step 24737 (time=6.18425), 0.0173639 s/step
Meep progress: 6.23775/72.33333206176758 = 8.6% done in 428.9s, 4544.6s to go
on time step 24965 (time=6.24125), 0.0175567 s/step
Meep progress: 6.297/72.33333206176758 = 8.7% done in 432.9s, 4539.9s to go
on time step 25202 (time=6.3005), 0.0169494 s/step
Meep progress: 6.3545/72.33333206176758 = 8.8% done in 436.9s, 4536.5s to go
on time step 25432 (time=6.358), 0.0174096 s/step
Meep progress: 6.41225/72.33333206176758 = 8.9% done in 440.9s, 4532.9s to go
on time step 25662 (time=6.4155), 0.017424 s/step
Meep progress: 6.46825/72.33333206176758 = 8.9% done in 444.9s, 4530.6s to go
on time step 25887 (time=6.47175), 0.0178381 s/step
Meep progress: 6.5255/72.33333206176758 = 9.0% done in 448.9s, 4527.5s to go
on time step 26116 (time=6.529), 0.0175249 s/step
Meep progress: 6.582/72.33333206176758 = 9.1% done in 452.9s, 4524.7s to go
on time step 26343 (time=6.58575), 0.0176259 s/step
Meep progress: 6.63975/72.33333206176758 = 9.2% done in 457.0s, 4521.1s to go
on time step 26573 (time=6.64325), 0.0174188 s/step
Meep progress: 6.69725/72.33333206176758 = 9.3% done in 461.0s, 4517.7s to go
on time step 26803 (time=6.70075), 0.017403 s/step
Meep progress: 6.7565/72.33333206176758 = 9.3% done in 465.0s, 4512.9s to go
on time step 27040 (time=6.76), 0.0169055 s/step
Meep progress: 6.816/72.33333206176758 = 9.4% done in 469.0s, 4508.1s to go
on time step 27278 (time=6.8195), 0.0168723 s/step
Meep progress: 6.875/72.33333206176758 = 9.5% done in 473.0s, 4503.6s to go
on time step 27514 (time=6.8785), 0.0170144 s/step
Meep progress: 6.93275/72.33333206176758 = 9.6% done in 477.0s, 4499.9s to go
on time step 27745 (time=6.93625), 0.0173424 s/step
Meep progress: 6.9910000000000005/72.33333206176758 = 9.7% done in 481.0s, 4495.8s to go
on time step 27977 (time=6.99425), 0.0172594 s/step
Meep progress: 7.045/72.33333206176758 = 9.7% done in 485.0s, 4494.8s to go
on time step 28193 (time=7.04825), 0.0185276 s/step
Meep progress: 7.10125/72.33333206176758 = 9.8% done in 489.0s, 4492.3s to go
on time step 28419 (time=7.10475), 0.0177418 s/step
Meep progress: 7.1605/72.33333206176758 = 9.9% done in 493.0s, 4487.5s to go
on time step 28656 (time=7.164), 0.0168917 s/step
Meep progress: 7.21925/72.33333206176758 = 10.0% done in 497.0s, 4483.0s to go
on time step 28892 (time=7.223), 0.0169743 s/step
Meep progress: 7.279/72.33333206176758 = 10.1% done in 501.1s, 4478.0s to go
on time step 29130 (time=7.2825), 0.016844 s/step
Meep progress: 7.33775/72.33333206176758 = 10.1% done in 505.1s, 4473.7s to go
on time step 29365 (time=7.34125), 0.017044 s/step
Meep progress: 7.3972500000000005/72.33333206176758 = 10.2% done in 509.1s, 4468.8s to go
on time step 29602 (time=7.4005), 0.0168869 s/step
Meep progress: 7.45525/72.33333206176758 = 10.3% done in 513.1s, 4465.0s to go
on time step 29834 (time=7.4585), 0.0172616 s/step
Meep progress: 7.513/72.33333206176758 = 10.4% done in 517.1s, 4461.4s to go
on time step 30065 (time=7.51625), 0.0173857 s/step
Meep progress: 7.57175/72.33333206176758 = 10.5% done in 521.1s, 4457.0s to go
on time step 30300 (time=7.575), 0.0170292 s/step
Meep progress: 7.631/72.33333206176758 = 10.5% done in 525.1s, 4452.4s to go
on time step 30537 (time=7.63425), 0.016924 s/step
Meep progress: 7.6905/72.33333206176758 = 10.6% done in 529.1s, 4447.5s to go
on time step 30775 (time=7.69375), 0.0168086 s/step
Meep progress: 7.74925/72.33333206176758 = 10.7% done in 533.1s, 4443.2s to go
on time step 31010 (time=7.7525), 0.0170466 s/step
Meep progress: 7.80875/72.33333206176758 = 10.8% done in 537.1s, 4438.4s to go
on time step 31248 (time=7.812), 0.0168266 s/step
Meep progress: 7.86775/72.33333206176758 = 10.9% done in 541.1s, 4433.9s to go
on time step 31484 (time=7.871), 0.017007 s/step
Meep progress: 7.92725/72.33333206176758 = 11.0% done in 545.1s, 4429.1s to go
on time step 31722 (time=7.9305), 0.0168104 s/step
Meep progress: 7.986/72.33333206176758 = 11.0% done in 549.1s, 4424.8s to go
on time step 31957 (time=7.98925), 0.0170307 s/step
Meep progress: 8.04475/72.33333206176758 = 11.1% done in 553.2s, 4420.4s to go
on time step 32192 (time=8.048), 0.017024 s/step
Meep progress: 8.10375/72.33333206176758 = 11.2% done in 557.2s, 4416.0s to go
on time step 32427 (time=8.10675), 0.0170325 s/step
Meep progress: 8.1635/72.33333206176758 = 11.3% done in 561.2s, 4411.1s to go
on time step 32666 (time=8.1665), 0.016738 s/step
Meep progress: 8.22225/72.33333206176758 = 11.4% done in 565.2s, 4406.8s to go
on time step 32901 (time=8.22525), 0.0170326 s/step
Meep progress: 8.28175/72.33333206176758 = 11.4% done in 569.2s, 4402.2s to go
on time step 33139 (time=8.28475), 0.0168876 s/step
Meep progress: 8.341/72.33333206176758 = 11.5% done in 573.2s, 4397.6s to go
on time step 33377 (time=8.34425), 0.0168739 s/step
Meep progress: 8.3985/72.33333206176758 = 11.6% done in 577.2s, 4394.1s to go
on time step 33608 (time=8.402), 0.0173791 s/step
Meep progress: 8.45175/72.33333206176758 = 11.7% done in 581.2s, 4393.1s to go
on time step 33819 (time=8.45475), 0.0190095 s/step
Meep progress: 8.504/72.33333206176758 = 11.8% done in 585.2s, 4392.5s to go
on time step 34029 (time=8.50725), 0.0190585 s/step
Meep progress: 8.562/72.33333206176758 = 11.8% done in 589.2s, 4388.6s to go
on time step 34262 (time=8.5655), 0.0172327 s/step
Meep progress: 8.62125/72.33333206176758 = 11.9% done in 593.2s, 4384.0s to go
on time step 34499 (time=8.62475), 0.0168987 s/step
Meep progress: 8.67775/72.33333206176758 = 12.0% done in 597.2s, 4381.1s to go
on time step 34724 (time=8.681), 0.0178322 s/step
Meep progress: 8.726750000000001/72.33333206176758 = 12.1% done in 601.3s, 4382.4s to go
on time step 34921 (time=8.73025), 0.0203778 s/step
Meep progress: 8.78225/72.33333206176758 = 12.1% done in 605.3s, 4380.0s to go
on time step 35139 (time=8.78475), 0.0184131 s/step
Meep progress: 8.823500000000001/72.33333206176758 = 12.2% done in 609.3s, 4385.6s to go
on time step 35306 (time=8.8265), 0.0240595 s/step
Meep progress: 8.87625/72.33333206176758 = 12.3% done in 613.3s, 4384.6s to go
on time step 35517 (time=8.87925), 0.0189912 s/step
Meep progress: 8.93075/72.33333206176758 = 12.3% done in 617.3s, 4382.5s to go
on time step 35736 (time=8.934), 0.0182938 s/step
Meep progress: 8.98375/72.33333206176758 = 12.4% done in 621.3s, 4381.3s to go
on time step 35947 (time=8.98675), 0.0190315 s/step
Meep progress: 9.03525/72.33333206176758 = 12.5% done in 625.3s, 4380.9s to go
on time step 36154 (time=9.0385), 0.0193997 s/step
Meep progress: 9.088750000000001/72.33333206176758 = 12.6% done in 629.4s, 4379.4s to go
on time step 36367 (time=9.09175), 0.0188742 s/step
Meep progress: 9.14325/72.33333206176758 = 12.6% done in 633.4s, 4377.3s to go
on time step 36585 (time=9.14625), 0.0183593 s/step
Meep progress: 9.18925/72.33333206176758 = 12.7% done in 637.4s, 4379.8s to go
on time step 36767 (time=9.19175), 0.0220287 s/step
Meep progress: 9.241/72.33333206176758 = 12.8% done in 641.4s, 4379.0s to go
on time step 36978 (time=9.2445), 0.019042 s/step
Meep progress: 9.297/72.33333206176758 = 12.9% done in 645.4s, 4376.0s to go
on time step 37199 (time=9.29975), 0.0181372 s/step
Meep progress: 9.3515/72.33333206176758 = 12.9% done in 649.4s, 4373.8s to go
on time step 37420 (time=9.355), 0.0181802 s/step
Meep progress: 9.407/72.33333206176758 = 13.0% done in 653.4s, 4370.9s to go
on time step 37642 (time=9.4105), 0.0180668 s/step
Meep progress: 9.462250000000001/72.33333206176758 = 13.1% done in 657.4s, 4368.2s to go
on time step 37864 (time=9.466), 0.0180524 s/step
Meep progress: 9.51575/72.33333206176758 = 13.2% done in 661.4s, 4366.4s to go
on time step 38077 (time=9.51925), 0.0187904 s/step
Meep progress: 9.57175/72.33333206176758 = 13.2% done in 665.4s, 4363.3s to go
on time step 38301 (time=9.57525), 0.0178995 s/step
Meep progress: 9.62825/72.33333206176758 = 13.3% done in 669.5s, 4360.0s to go
on time step 38527 (time=9.63175), 0.0177377 s/step
Meep progress: 9.68725/72.33333206176758 = 13.4% done in 673.5s, 4355.2s to go
on time step 38764 (time=9.691), 0.0169504 s/step
Meep progress: 9.74525/72.33333206176758 = 13.5% done in 677.5s, 4351.0s to go
on time step 38996 (time=9.749), 0.0172988 s/step
Meep progress: 9.801/72.33333206176758 = 13.5% done in 681.5s, 4348.0s to go
on time step 39218 (time=9.8045), 0.0180822 s/step
Meep progress: 9.8515/72.33333206176758 = 13.6% done in 685.5s, 4347.7s to go
on time step 39421 (time=9.85525), 0.0197527 s/step
Meep progress: 9.90625/72.33333206176758 = 13.7% done in 689.5s, 4345.2s to go
on time step 39639 (time=9.90975), 0.018418 s/step
Meep progress: 9.96/72.33333206176758 = 13.8% done in 693.5s, 4343.1s to go
on time step 39855 (time=9.96375), 0.018537 s/step
Meep progress: 10.007/72.33333206176758 = 13.8% done in 697.5s, 4344.4s to go
on time step 40041 (time=10.0103), 0.0215489 s/step
Meep progress: 10.064/72.33333206176758 = 13.9% done in 701.5s, 4340.6s to go
on time step 40271 (time=10.0678), 0.0174124 s/step
Meep progress: 10.1165/72.33333206176758 = 14.0% done in 705.5s, 4339.1s to go
on time step 40481 (time=10.1203), 0.0191352 s/step
Meep progress: 10.1715/72.33333206176758 = 14.1% done in 709.6s, 4336.4s to go
on time step 40701 (time=10.1753), 0.0182243 s/step
Meep progress: 10.22725/72.33333206176758 = 14.1% done in 713.6s, 4333.1s to go
on time step 40925 (time=10.2313), 0.017924 s/step
Meep progress: 10.284/72.33333206176758 = 14.2% done in 717.6s, 4329.5s to go
on time step 41151 (time=10.2878), 0.0177177 s/step
Meep progress: 10.34075/72.33333206176758 = 14.3% done in 721.6s, 4325.9s to go
on time step 41378 (time=10.3445), 0.0176241 s/step
Meep progress: 10.3885/72.33333206176758 = 14.4% done in 725.6s, 4326.6s to go
on time step 41568 (time=10.392), 0.0210993 s/step
Meep progress: 10.439/72.33333206176758 = 14.4% done in 729.6s, 4325.9s to go
on time step 41769 (time=10.4422), 0.0199332 s/step
Meep progress: 10.492750000000001/72.33333206176758 = 14.5% done in 733.6s, 4323.7s to go
on time step 41984 (time=10.496), 0.0186837 s/step
Meep progress: 10.53975/72.33333206176758 = 14.6% done in 737.6s, 4324.7s to go
on time step 42172 (time=10.543), 0.0212772 s/step
Meep progress: 10.591000000000001/72.33333206176758 = 14.6% done in 741.7s, 4323.6s to go
on time step 42376 (time=10.594), 0.0197133 s/step
Meep progress: 10.64675/72.33333206176758 = 14.7% done in 745.7s, 4320.3s to go
on time step 42602 (time=10.6505), 0.01775 s/step
Meep progress: 10.70325/72.33333206176758 = 14.8% done in 749.7s, 4316.6s to go
on time step 42827 (time=10.7067), 0.0178229 s/step
Meep progress: 10.75/72.33333206176758 = 14.9% done in 753.7s, 4317.5s to go
on time step 43012 (time=10.753), 0.021647 s/step
Meep progress: 10.7965/72.33333206176758 = 14.9% done in 757.7s, 4318.6s to go
on time step 43199 (time=10.7997), 0.0214841 s/step
Meep progress: 10.843/72.33333206176758 = 15.0% done in 761.7s, 4319.5s to go
on time step 43386 (time=10.8465), 0.0214479 s/step
Meep progress: 10.89125/72.33333206176758 = 15.1% done in 765.7s, 4319.6s to go
on time step 43581 (time=10.8953), 0.0205847 s/step
Meep progress: 10.941/72.33333206176758 = 15.1% done in 769.7s, 4318.9s to go
on time step 43778 (time=10.9445), 0.0203771 s/step
Meep progress: 10.9925/72.33333206176758 = 15.2% done in 773.7s, 4317.4s to go
on time step 43988 (time=10.997), 0.0191166 s/step
Meep progress: 11.0495/72.33333206176758 = 15.3% done in 777.7s, 4313.4s to go
on time step 44216 (time=11.054), 0.0176041 s/step
Meep progress: 11.1035/72.33333206176758 = 15.4% done in 781.7s, 4310.8s to go
on time step 44432 (time=11.108), 0.0185856 s/step
Meep progress: 11.1575/72.33333206176758 = 15.4% done in 785.7s, 4308.1s to go
on time step 44648 (time=11.162), 0.0185483 s/step
Meep progress: 11.21175/72.33333206176758 = 15.5% done in 789.7s, 4305.3s to go
on time step 44861 (time=11.2153), 0.0188005 s/step
Meep progress: 11.264/72.33333206176758 = 15.6% done in 793.7s, 4303.4s to go
on time step 45074 (time=11.2685), 0.0188245 s/step
Meep progress: 11.3175/72.33333206176758 = 15.6% done in 797.8s, 4300.9s to go
on time step 45283 (time=11.3208), 0.0191642 s/step
Meep progress: 11.369250000000001/72.33333206176758 = 15.7% done in 801.8s, 4299.2s to go
on time step 45494 (time=11.3735), 0.0190395 s/step
Meep progress: 11.42225/72.33333206176758 = 15.8% done in 805.8s, 4296.9s to go
on time step 45705 (time=11.4262), 0.0190564 s/step
Meep progress: 11.474/72.33333206176758 = 15.9% done in 809.8s, 4295.2s to go
on time step 45914 (time=11.4785), 0.0191541 s/step
Meep progress: 11.531/72.33333206176758 = 15.9% done in 813.8s, 4291.2s to go
on time step 46143 (time=11.5358), 0.017522 s/step
Meep progress: 11.581/72.33333206176758 = 16.0% done in 817.8s, 4290.2s to go
on time step 46339 (time=11.5847), 0.0204671 s/step
Meep progress: 11.62475/72.33333206176758 = 16.1% done in 821.8s, 4291.9s to go
on time step 46516 (time=11.629), 0.0226106 s/step
Meep progress: 11.67475/72.33333206176758 = 16.1% done in 825.8s, 4290.9s to go
on time step 46711 (time=11.6777), 0.0205188 s/step
Meep progress: 11.71825/72.33333206176758 = 16.2% done in 829.9s, 4292.6s to go
on time step 46887 (time=11.7218), 0.0228814 s/step
Meep progress: 11.76425/72.33333206176758 = 16.3% done in 833.9s, 4293.2s to go
on time step 47072 (time=11.768), 0.021642 s/step
Meep progress: 11.812/72.33333206176758 = 16.3% done in 837.9s, 4293.0s to go
on time step 47262 (time=11.8155), 0.0210638 s/step
Meep progress: 11.8595/72.33333206176758 = 16.4% done in 841.9s, 4292.9s to go
on time step 47453 (time=11.8633), 0.0209737 s/step
Meep progress: 11.9125/72.33333206176758 = 16.5% done in 845.9s, 4290.5s to go
on time step 47667 (time=11.9168), 0.0187059 s/step
Meep progress: 11.967/72.33333206176758 = 16.5% done in 849.9s, 4287.3s to go
on time step 47885 (time=11.9712), 0.0184129 s/step
Meep progress: 12.0215/72.33333206176758 = 16.6% done in 853.9s, 4284.2s to go
on time step 48101 (time=12.0252), 0.0185897 s/step
Meep progress: 12.07725/72.33333206176758 = 16.7% done in 857.9s, 4280.4s to go
on time step 48327 (time=12.0817), 0.017766 s/step
Meep progress: 12.134500000000001/72.33333206176758 = 16.8% done in 862.0s, 4276.1s to go
on time step 48555 (time=12.1387), 0.0176211 s/step
Meep progress: 12.192/72.33333206176758 = 16.9% done in 866.0s, 4271.6s to go
on time step 48786 (time=12.1965), 0.0173263 s/step
Meep progress: 12.24975/72.33333206176758 = 16.9% done in 870.0s, 4267.1s to go
on time step 49017 (time=12.2543), 0.0173551 s/step
Meep progress: 12.307/72.33333206176758 = 17.0% done in 874.0s, 4262.7s to go
on time step 49246 (time=12.3115), 0.0175255 s/step
Meep progress: 12.363/72.33333206176758 = 17.1% done in 878.0s, 4258.9s to go
on time step 49471 (time=12.3678), 0.0178458 s/step
Meep progress: 12.4205/72.33333206176758 = 17.2% done in 882.0s, 4254.5s to go
on time step 49701 (time=12.4253), 0.0174561 s/step
Meep progress: 12.47475/72.33333206176758 = 17.2% done in 886.0s, 4251.4s to go
on time step 49917 (time=12.4793), 0.0185828 s/step
Meep progress: 12.529/72.33333206176758 = 17.3% done in 890.0s, 4248.3s to go
on time step 50135 (time=12.5337), 0.0183839 s/step
Meep progress: 12.58225/72.33333206176758 = 17.4% done in 894.0s, 4245.6s to go
on time step 50348 (time=12.587), 0.0188294 s/step
Meep progress: 12.63325/72.33333206176758 = 17.5% done in 898.0s, 4243.7s to go
on time step 50551 (time=12.6378), 0.0197095 s/step
Meep progress: 12.687/72.33333206176758 = 17.5% done in 902.0s, 4240.8s to go
on time step 50767 (time=12.6918), 0.0185492 s/step
Meep progress: 12.74525/72.33333206176758 = 17.6% done in 906.0s, 4236.0s to go
on time step 51000 (time=12.75), 0.0171691 s/step
Meep progress: 12.8025/72.33333206176758 = 17.7% done in 910.0s, 4231.7s to go
on time step 51229 (time=12.8072), 0.0174983 s/step
Meep progress: 12.86075/72.33333206176758 = 17.8% done in 914.1s, 4226.9s to go
on time step 51461 (time=12.8652), 0.0172432 s/step
Meep progress: 12.916500000000001/72.33333206176758 = 17.9% done in 918.1s, 4223.1s to go
on time step 51684 (time=12.921), 0.017948 s/step
Meep progress: 12.97425/72.33333206176758 = 17.9% done in 922.1s, 4218.6s to go
on time step 51915 (time=12.9787), 0.0173353 s/step
Meep progress: 13.027000000000001/72.33333206176758 = 18.0% done in 926.1s, 4216.0s to go
on time step 52126 (time=13.0315), 0.0189628 s/step
Meep progress: 13.084/72.33333206176758 = 18.1% done in 930.1s, 4211.8s to go
on time step 52354 (time=13.0885), 0.0176076 s/step
Meep progress: 13.1385/72.33333206176758 = 18.2% done in 934.1s, 4208.5s to go
on time step 52573 (time=13.1433), 0.0183307 s/step
Meep progress: 13.189/72.33333206176758 = 18.2% done in 938.1s, 4206.8s to go
on time step 52774 (time=13.1935), 0.0199149 s/step
Meep progress: 13.246/72.33333206176758 = 18.3% done in 942.1s, 4202.6s to go
on time step 53002 (time=13.2505), 0.0175476 s/step
Meep progress: 13.30475/72.33333206176758 = 18.4% done in 946.1s, 4197.6s to go
on time step 53236 (time=13.309), 0.0171513 s/step
Meep progress: 13.35675/72.33333206176758 = 18.5% done in 950.1s, 4195.3s to go
on time step 53440 (time=13.36), 0.0196743 s/step
Meep progress: 13.40825/72.33333206176758 = 18.5% done in 954.1s, 4193.2s to go
on time step 53651 (time=13.4128), 0.0190249 s/step
Meep progress: 13.46175/72.33333206176758 = 18.6% done in 958.1s, 4190.2s to go
on time step 53866 (time=13.4665), 0.0186834 s/step
Meep progress: 13.5135/72.33333206176758 = 18.7% done in 962.2s, 4187.9s to go
on time step 54075 (time=13.5188), 0.0191791 s/step
Meep progress: 13.561250000000001/72.33333206176758 = 18.7% done in 966.2s, 4187.2s to go
on time step 54258 (time=13.5645), 0.0219349 s/step
Meep progress: 13.58925/72.33333206176758 = 18.8% done in 970.2s, 4193.9s to go
on time step 54368 (time=13.592), 0.036569 s/step
Meep progress: 13.635/72.33333206176758 = 18.9% done in 974.2s, 4193.8s to go
on time step 54562 (time=13.6405), 0.0206684 s/step
Meep progress: 13.67825/72.33333206176758 = 18.9% done in 978.2s, 4194.7s to go
on time step 54732 (time=13.683), 0.0235676 s/step
Meep progress: 13.7255/72.33333206176758 = 19.0% done in 982.2s, 4194.0s to go
on time step 54924 (time=13.731), 0.0208569 s/step
Meep progress: 13.779250000000001/72.33333206176758 = 19.0% done in 986.2s, 4190.9s to go
on time step 55137 (time=13.7843), 0.0188193 s/step
Meep progress: 13.833/72.33333206176758 = 19.1% done in 990.2s, 4187.7s to go
on time step 55356 (time=13.839), 0.0183091 s/step
Meep progress: 13.8885/72.33333206176758 = 19.2% done in 994.2s, 4183.8s to go
on time step 55578 (time=13.8945), 0.018071 s/step
Meep progress: 13.94175/72.33333206176758 = 19.3% done in 998.2s, 4180.8s to go
on time step 55791 (time=13.9478), 0.0188065 s/step
Meep progress: 13.995000000000001/72.33333206176758 = 19.3% done in 1002.2s, 4177.8s to go
on time step 56003 (time=14.0008), 0.0189041 s/step
Meep progress: 14.04275/72.33333206176758 = 19.4% done in 1006.3s, 4176.9s to go
on time step 56195 (time=14.0488), 0.0209292 s/step
Meep progress: 14.099/72.33333206176758 = 19.5% done in 1010.3s, 4172.8s to go
on time step 56420 (time=14.105), 0.0178181 s/step
Meep progress: 14.15375/72.33333206176758 = 19.6% done in 1014.3s, 4169.2s to go
on time step 56639 (time=14.1598), 0.0182824 s/step
Meep progress: 14.2095/72.33333206176758 = 19.6% done in 1018.3s, 4165.3s to go
on time step 56862 (time=14.2155), 0.018011 s/step
Meep progress: 14.25975/72.33333206176758 = 19.7% done in 1022.3s, 4163.4s to go
on time step 57052 (time=14.263), 0.0211441 s/step
Meep progress: 14.3065/72.33333206176758 = 19.8% done in 1026.3s, 4162.7s to go
on time step 57250 (time=14.3125), 0.0202723 s/step
Meep progress: 14.36075/72.33333206176758 = 19.9% done in 1030.3s, 4159.3s to go
on time step 57468 (time=14.367), 0.0183796 s/step
Meep progress: 14.416/72.33333206176758 = 19.9% done in 1034.3s, 4155.5s to go
on time step 57689 (time=14.4223), 0.0181729 s/step
Meep progress: 14.47225/72.33333206176758 = 20.0% done in 1038.3s, 4151.4s to go
on time step 57914 (time=14.4785), 0.017788 s/step
Meep progress: 14.527750000000001/72.33333206176758 = 20.1% done in 1042.4s, 4147.5s to go
on time step 58135 (time=14.5337), 0.0181668 s/step
Meep progress: 14.5845/72.33333206176758 = 20.2% done in 1046.4s, 4143.2s to go
on time step 58363 (time=14.5907), 0.0175561 s/step
Meep progress: 14.64175/72.33333206176758 = 20.2% done in 1050.4s, 4138.7s to go
on time step 58592 (time=14.648), 0.0175019 s/step
Meep progress: 14.698500000000001/72.33333206176758 = 20.3% done in 1054.4s, 4134.4s to go
on time step 58819 (time=14.7048), 0.0176289 s/step
Meep progress: 14.75075/72.33333206176758 = 20.4% done in 1058.4s, 4131.7s to go
on time step 59022 (time=14.7555), 0.0197223 s/step
Meep progress: 14.8015/72.33333206176758 = 20.5% done in 1062.4s, 4129.5s to go
on time step 59229 (time=14.8072), 0.019339 s/step
Meep progress: 14.85/72.33333206176758 = 20.5% done in 1066.4s, 4128.0s to go
on time step 59423 (time=14.8558), 0.0206652 s/step
Meep progress: 14.90525/72.33333206176758 = 20.6% done in 1070.4s, 4124.2s to go
on time step 59645 (time=14.9113), 0.0180704 s/step
Meep progress: 14.961/72.33333206176758 = 20.7% done in 1074.4s, 4120.3s to go
on time step 59867 (time=14.9668), 0.0180452 s/step
Meep progress: 15.01825/72.33333206176758 = 20.8% done in 1078.4s, 4115.7s to go
on time step 60097 (time=15.0243), 0.0174192 s/step
Meep progress: 15.074250000000001/72.33333206176758 = 20.8% done in 1082.4s, 4111.7s to go
on time step 60319 (time=15.0798), 0.0180302 s/step
Meep progress: 15.12925/72.33333206176758 = 20.9% done in 1086.5s, 4107.9s to go
on time step 60538 (time=15.1345), 0.0182709 s/step
Meep progress: 15.1845/72.33333206176758 = 21.0% done in 1090.5s, 4104.1s to go
on time step 60761 (time=15.1903), 0.0180129 s/step
Meep progress: 15.228250000000001/72.33333206176758 = 21.1% done in 1094.5s, 4104.3s to go
on time step 60931 (time=15.2328), 0.0236117 s/step
Meep progress: 15.27325/72.33333206176758 = 21.1% done in 1098.5s, 4103.9s to go
on time step 61113 (time=15.2782), 0.0220182 s/step
Meep progress: 15.321/72.33333206176758 = 21.2% done in 1102.5s, 4102.7s to go
on time step 61303 (time=15.3258), 0.021077 s/step
Meep progress: 15.369/72.33333206176758 = 21.2% done in 1106.5s, 4101.2s to go
on time step 61497 (time=15.3742), 0.0206257 s/step
Meep progress: 15.425/72.33333206176758 = 21.3% done in 1110.5s, 4097.1s to go
on time step 61722 (time=15.4305), 0.0177908 s/step
Meep progress: 15.4825/72.33333206176758 = 21.4% done in 1114.5s, 4092.5s to go
on time step 61953 (time=15.4883), 0.0173476 s/step
Meep progress: 15.540000000000001/72.33333206176758 = 21.5% done in 1118.5s, 4087.9s to go
on time step 62182 (time=15.5455), 0.0174941 s/step
Meep progress: 15.5975/72.33333206176758 = 21.6% done in 1122.6s, 4083.3s to go
on time step 62413 (time=15.6033), 0.0173826 s/step
Meep progress: 15.6545/72.33333206176758 = 21.6% done in 1126.6s, 4078.8s to go
on time step 62641 (time=15.6602), 0.0175842 s/step
Meep progress: 15.70775/72.33333206176758 = 21.7% done in 1130.6s, 4075.6s to go
on time step 62850 (time=15.7125), 0.0191817 s/step
Meep progress: 15.75825/72.33333206176758 = 21.8% done in 1134.6s, 4073.4s to go
on time step 63054 (time=15.7635), 0.0196635 s/step
Meep progress: 15.8095/72.33333206176758 = 21.9% done in 1138.6s, 4070.8s to go
on time step 63258 (time=15.8145), 0.0196544 s/step
Meep progress: 15.8605/72.33333206176758 = 21.9% done in 1142.6s, 4068.3s to go
on time step 63463 (time=15.8658), 0.0195993 s/step
Meep progress: 15.912/72.33333206176758 = 22.0% done in 1146.6s, 4065.7s to go
on time step 63668 (time=15.917), 0.0195774 s/step
Meep progress: 15.963000000000001/72.33333206176758 = 22.1% done in 1150.6s, 4063.2s to go
on time step 63875 (time=15.9688), 0.0194172 s/step
Meep progress: 16.014/72.33333206176758 = 22.1% done in 1154.6s, 4060.7s to go
on time step 64077 (time=16.0192), 0.0198637 s/step
Meep progress: 16.0645/72.33333206176758 = 22.2% done in 1158.6s, 4058.3s to go
on time step 64280 (time=16.07), 0.0197158 s/step
Meep progress: 16.115750000000002/72.33333206176758 = 22.3% done in 1162.6s, 4055.7s to go
on time step 64484 (time=16.121), 0.019704 s/step
Meep progress: 16.166/72.33333206176758 = 22.3% done in 1166.6s, 4053.4s to go
on time step 64687 (time=16.1717), 0.0197667 s/step
Meep progress: 16.21775/72.33333206176758 = 22.4% done in 1170.7s, 4050.6s to go
on time step 64893 (time=16.2233), 0.0194966 s/step
Meep progress: 16.26875/72.33333206176758 = 22.5% done in 1174.7s, 4048.1s to go
on time step 65097 (time=16.2743), 0.0196758 s/step
Meep progress: 16.319/72.33333206176758 = 22.6% done in 1178.7s, 4045.7s to go
on time step 65302 (time=16.3255), 0.019542 s/step
Meep progress: 16.3705/72.33333206176758 = 22.6% done in 1182.7s, 4043.0s to go
on time step 65504 (time=16.376), 0.0198095 s/step
Meep progress: 16.4215/72.33333206176758 = 22.7% done in 1186.7s, 4040.5s to go
on time step 65709 (time=16.4273), 0.0195447 s/step
Meep progress: 16.47375/72.33333206176758 = 22.8% done in 1190.7s, 4037.5s to go
on time step 65918 (time=16.4795), 0.0191801 s/step
Meep progress: 16.52475/72.33333206176758 = 22.8% done in 1194.7s, 4034.9s to go
on time step 66121 (time=16.5302), 0.0197057 s/step
Meep progress: 16.576/72.33333206176758 = 22.9% done in 1198.7s, 4032.2s to go
on time step 66326 (time=16.5815), 0.0195316 s/step
Meep progress: 16.62725/72.33333206176758 = 23.0% done in 1202.7s, 4029.5s to go
on time step 66532 (time=16.633), 0.019495 s/step
Meep progress: 16.677/72.33333206176758 = 23.1% done in 1206.7s, 4027.3s to go
on time step 66728 (time=16.682), 0.0204188 s/step
Meep progress: 16.72225/72.33333206176758 = 23.1% done in 1210.8s, 4026.4s to go
on time step 66912 (time=16.728), 0.0217706 s/step
Meep progress: 16.7725/72.33333206176758 = 23.2% done in 1214.8s, 4024.0s to go
on time step 67110 (time=16.7775), 0.0202206 s/step
Meep progress: 16.82225/72.33333206176758 = 23.3% done in 1218.8s, 4021.8s to go
on time step 67311 (time=16.8278), 0.0199606 s/step
Meep progress: 16.8735/72.33333206176758 = 23.3% done in 1222.8s, 4019.0s to go
on time step 67517 (time=16.8792), 0.0194966 s/step
Meep progress: 16.9235/72.33333206176758 = 23.4% done in 1226.8s, 4016.7s to go
on time step 67716 (time=16.929), 0.0201046 s/step
Meep progress: 16.9715/72.33333206176758 = 23.5% done in 1230.8s, 4014.9s to go
on time step 67910 (time=16.9775), 0.0207063 s/step
Meep progress: 17.02025/72.33333206176758 = 23.5% done in 1234.8s, 4012.9s to go
on time step 68103 (time=17.0257), 0.0208254 s/step
Meep progress: 17.06875/72.33333206176758 = 23.6% done in 1238.8s, 4011.0s to go
on time step 68299 (time=17.0748), 0.020435 s/step
Meep progress: 17.119/72.33333206176758 = 23.7% done in 1242.8s, 4008.5s to go
on time step 68498 (time=17.1245), 0.0201867 s/step
Meep progress: 17.17/72.33333206176758 = 23.7% done in 1246.8s, 4005.8s to go
on time step 68702 (time=17.1755), 0.019704 s/step
Meep progress: 17.2205/72.33333206176758 = 23.8% done in 1250.9s, 4003.3s to go
on time step 68904 (time=17.226), 0.0198266 s/step
Meep progress: 17.27075/72.33333206176758 = 23.9% done in 1254.9s, 4000.7s to go
on time step 69108 (time=17.277), 0.0196468 s/step
Meep progress: 17.32275/72.33333206176758 = 23.9% done in 1258.9s, 3997.7s to go
on time step 69315 (time=17.3287), 0.0194083 s/step
Meep progress: 17.37375/72.33333206176758 = 24.0% done in 1262.9s, 3994.9s to go
on time step 69519 (time=17.3798), 0.0196372 s/step
Meep progress: 17.42475/72.33333206176758 = 24.1% done in 1266.9s, 3992.2s to go
on time step 69721 (time=17.4303), 0.0198893 s/step
Meep progress: 17.475/72.33333206176758 = 24.2% done in 1270.9s, 3989.7s to go
on time step 69926 (time=17.4815), 0.0195591 s/step
Meep progress: 17.5265/72.33333206176758 = 24.2% done in 1274.9s, 3986.8s to go
on time step 70130 (time=17.5325), 0.0196642 s/step
Meep progress: 17.57725/72.33333206176758 = 24.3% done in 1278.9s, 3984.1s to go
on time step 70333 (time=17.5832), 0.0197763 s/step
Meep progress: 17.628/72.33333206176758 = 24.4% done in 1282.9s, 3981.4s to go
on time step 70536 (time=17.634), 0.0197565 s/step
Meep progress: 17.6795/72.33333206176758 = 24.4% done in 1287.0s, 3978.4s to go
on time step 70741 (time=17.6852), 0.019524 s/step
Meep progress: 17.7305/72.33333206176758 = 24.5% done in 1291.0s, 3975.6s to go
on time step 70949 (time=17.7372), 0.0192893 s/step
Meep progress: 17.783/72.33333206176758 = 24.6% done in 1295.0s, 3972.4s to go
on time step 71156 (time=17.789), 0.0193429 s/step
Meep progress: 17.833000000000002/72.33333206176758 = 24.7% done in 1299.0s, 3969.8s to go
on time step 71358 (time=17.8395), 0.0198313 s/step
Meep progress: 17.8845/72.33333206176758 = 24.7% done in 1303.0s, 3966.9s to go
on time step 71562 (time=17.8905), 0.019626 s/step
Meep progress: 17.935/72.33333206176758 = 24.8% done in 1307.0s, 3964.2s to go
on time step 71764 (time=17.941), 0.0198338 s/step
Meep progress: 17.986250000000002/72.33333206176758 = 24.9% done in 1311.0s, 3961.3s to go
on time step 71971 (time=17.9928), 0.0193924 s/step
Meep progress: 18.0375/72.33333206176758 = 24.9% done in 1315.0s, 3958.4s to go
on time step 72174 (time=18.0435), 0.0197412 s/step
Meep progress: 18.08825/72.33333206176758 = 25.0% done in 1319.0s, 3955.6s to go
on time step 72376 (time=18.094), 0.0198509 s/step
Meep progress: 18.139/72.33333206176758 = 25.1% done in 1323.0s, 3952.8s to go
on time step 72580 (time=18.145), 0.0196491 s/step
Meep progress: 18.1905/72.33333206176758 = 25.1% done in 1327.0s, 3949.8s to go
on time step 72786 (time=18.1965), 0.0194375 s/step
Meep progress: 18.24025/72.33333206176758 = 25.2% done in 1331.1s, 3947.4s to go
on time step 72986 (time=18.2465), 0.0200127 s/step
Meep progress: 18.292/72.33333206176758 = 25.3% done in 1335.1s, 3944.2s to go
on time step 73191 (time=18.2978), 0.0195388 s/step
Meep progress: 18.34325/72.33333206176758 = 25.4% done in 1339.1s, 3941.3s to go
on time step 73395 (time=18.3487), 0.0196138 s/step
Meep progress: 18.394000000000002/72.33333206176758 = 25.4% done in 1343.1s, 3938.5s to go
on time step 73598 (time=18.3995), 0.0197843 s/step
Meep progress: 18.4455/72.33333206176758 = 25.5% done in 1347.1s, 3935.5s to go
on time step 73807 (time=18.4518), 0.0191636 s/step
Meep progress: 18.4965/72.33333206176758 = 25.6% done in 1351.1s, 3932.6s to go
on time step 74008 (time=18.502), 0.0199691 s/step
Meep progress: 18.548000000000002/72.33333206176758 = 25.6% done in 1355.1s, 3929.6s to go
on time step 74215 (time=18.5538), 0.0193771 s/step
Meep progress: 18.6/72.33333206176758 = 25.7% done in 1359.1s, 3926.4s to go
on time step 74422 (time=18.6055), 0.0193448 s/step
Meep progress: 18.649250000000002/72.33333206176758 = 25.8% done in 1363.2s, 3924.0s to go
on time step 74618 (time=18.6545), 0.0204804 s/step
Meep progress: 18.696/72.33333206176758 = 25.8% done in 1367.2s, 3922.3s to go
on time step 74805 (time=18.7013), 0.021438 s/step
Meep progress: 18.7455/72.33333206176758 = 25.9% done in 1371.2s, 3919.8s to go
on time step 75003 (time=18.7508), 0.0202406 s/step
Meep progress: 18.793/72.33333206176758 = 26.0% done in 1375.2s, 3917.9s to go
on time step 75195 (time=18.7988), 0.0208658 s/step
Meep progress: 18.844/72.33333206176758 = 26.1% done in 1379.2s, 3914.9s to go
on time step 75400 (time=18.85), 0.0195817 s/step
Meep progress: 18.896/72.33333206176758 = 26.1% done in 1383.2s, 3911.7s to go
on time step 75606 (time=18.9015), 0.0195116 s/step
Meep progress: 18.9475/72.33333206176758 = 26.2% done in 1387.2s, 3908.6s to go
on time step 75810 (time=18.9525), 0.0196157 s/step
Meep progress: 18.99825/72.33333206176758 = 26.3% done in 1391.2s, 3905.7s to go
on time step 76017 (time=19.0042), 0.0194085 s/step
Meep progress: 19.05075/72.33333206176758 = 26.3% done in 1395.2s, 3902.3s to go
on time step 76226 (time=19.0565), 0.0191558 s/step
Meep progress: 19.102/72.33333206176758 = 26.4% done in 1399.2s, 3899.2s to go
on time step 76430 (time=19.1075), 0.0196306 s/step
Meep progress: 19.153/72.33333206176758 = 26.5% done in 1403.3s, 3896.3s to go
on time step 76633 (time=19.1582), 0.0197122 s/step
Meep progress: 19.2025/72.33333206176758 = 26.5% done in 1407.3s, 3893.7s to go
on time step 76831 (time=19.2078), 0.0202086 s/step
Meep progress: 19.25125/72.33333206176758 = 26.6% done in 1411.3s, 3891.3s to go
on time step 77025 (time=19.2563), 0.0206259 s/step
Meep progress: 19.3005/72.33333206176758 = 26.7% done in 1415.3s, 3888.8s to go
on time step 77222 (time=19.3055), 0.0203827 s/step
Meep progress: 19.351/72.33333206176758 = 26.8% done in 1419.3s, 3886.0s to go
on time step 77426 (time=19.3565), 0.0197017 s/step
Meep progress: 19.402/72.33333206176758 = 26.8% done in 1423.3s, 3883.0s to go
on time step 77629 (time=19.4073), 0.019715 s/step
Meep progress: 19.453/72.33333206176758 = 26.9% done in 1427.3s, 3880.0s to go
on time step 77835 (time=19.4588), 0.0194776 s/step
Meep progress: 19.50475/72.33333206176758 = 27.0% done in 1431.3s, 3876.8s to go
on time step 78040 (time=19.51), 0.0195515 s/step
Meep progress: 19.553250000000002/72.33333206176758 = 27.0% done in 1435.4s, 3874.5s to go
on time step 78232 (time=19.558), 0.0208637 s/step
Meep progress: 19.603/72.33333206176758 = 27.1% done in 1439.4s, 3871.8s to go
on time step 78435 (time=19.6088), 0.0197293 s/step
Meep progress: 19.65425/72.33333206176758 = 27.2% done in 1443.4s, 3868.7s to go
on time step 78637 (time=19.6593), 0.019874 s/step
Meep progress: 19.705000000000002/72.33333206176758 = 27.2% done in 1447.4s, 3865.7s to go
on time step 78839 (time=19.7097), 0.0198859 s/step
Meep progress: 19.755/72.33333206176758 = 27.3% done in 1451.4s, 3862.9s to go
on time step 79040 (time=19.76), 0.0199085 s/step
Meep progress: 19.80575/72.33333206176758 = 27.4% done in 1455.4s, 3859.9s to go
on time step 79244 (time=19.811), 0.0196922 s/step
Meep progress: 19.856/72.33333206176758 = 27.5% done in 1459.4s, 3857.0s to go
on time step 79445 (time=19.8613), 0.0199056 s/step
Meep progress: 19.9065/72.33333206176758 = 27.5% done in 1463.4s, 3854.1s to go
on time step 79650 (time=19.9125), 0.0195765 s/step
Meep progress: 19.958000000000002/72.33333206176758 = 27.6% done in 1467.4s, 3850.9s to go
on time step 79856 (time=19.964), 0.0194554 s/step
Meep progress: 20.0105/72.33333206176758 = 27.7% done in 1471.4s, 3847.5s to go
on time step 80062 (time=20.0155), 0.0194496 s/step
Meep progress: 20.06/72.33333206176758 = 27.7% done in 1475.4s, 3844.8s to go
on time step 80261 (time=20.0652), 0.0201416 s/step
Meep progress: 20.112000000000002/72.33333206176758 = 27.8% done in 1479.4s, 3841.4s to go
on time step 80471 (time=20.1178), 0.0190888 s/step
Meep progress: 20.1635/72.33333206176758 = 27.9% done in 1483.5s, 3838.2s to go
on time step 80675 (time=20.1687), 0.0196096 s/step
Meep progress: 20.212500000000002/72.33333206176758 = 27.9% done in 1487.5s, 3835.7s to go
on time step 80869 (time=20.2172), 0.020662 s/step
Meep progress: 20.26425/72.33333206176758 = 28.0% done in 1491.5s, 3832.4s to go
on time step 81079 (time=20.2698), 0.0190581 s/step
Meep progress: 20.315/72.33333206176758 = 28.1% done in 1495.5s, 3829.4s to go
on time step 81279 (time=20.3197), 0.0200891 s/step
Meep progress: 20.36525/72.33333206176758 = 28.2% done in 1499.5s, 3826.5s to go
on time step 81480 (time=20.37), 0.0199262 s/step
Meep progress: 20.4155/72.33333206176758 = 28.2% done in 1503.5s, 3823.5s to go
on time step 81682 (time=20.4205), 0.0198124 s/step
Meep progress: 20.4675/72.33333206176758 = 28.3% done in 1507.5s, 3820.2s to go
on time step 81889 (time=20.4722), 0.0193379 s/step
Meep progress: 20.5155/72.33333206176758 = 28.4% done in 1511.5s, 3817.8s to go
on time step 82080 (time=20.52), 0.020959 s/step
Meep progress: 20.56475/72.33333206176758 = 28.4% done in 1515.5s, 3815.1s to go
on time step 82278 (time=20.5695), 0.0202268 s/step
Meep progress: 20.615000000000002/72.33333206176758 = 28.5% done in 1519.5s, 3812.2s to go
on time step 82479 (time=20.6197), 0.0199286 s/step
Meep progress: 20.66525/72.33333206176758 = 28.6% done in 1523.6s, 3809.3s to go
on time step 82680 (time=20.67), 0.0199179 s/step
Meep progress: 20.7155/72.33333206176758 = 28.6% done in 1527.6s, 3806.3s to go
on time step 82882 (time=20.7205), 0.0198903 s/step
Meep progress: 20.76525/72.33333206176758 = 28.7% done in 1531.6s, 3803.5s to go
on time step 83080 (time=20.77), 0.0202277 s/step
Meep progress: 20.81575/72.33333206176758 = 28.8% done in 1535.6s, 3800.5s to go
on time step 83283 (time=20.8208), 0.0197526 s/step
Meep progress: 20.866/72.33333206176758 = 28.8% done in 1539.6s, 3797.5s to go
on time step 83482 (time=20.8705), 0.0201217 s/step
Meep progress: 20.91775/72.33333206176758 = 28.9% done in 1543.6s, 3794.2s to go
on time step 83692 (time=20.923), 0.0190979 s/step
Meep progress: 20.96925/72.33333206176758 = 29.0% done in 1547.6s, 3790.9s to go
on time step 83895 (time=20.9737), 0.019752 s/step
Meep progress: 21.02/72.33333206176758 = 29.1% done in 1551.6s, 3787.8s to go
on time step 84099 (time=21.0248), 0.0196752 s/step
Meep progress: 21.0705/72.33333206176758 = 29.1% done in 1555.6s, 3784.8s to go
on time step 84301 (time=21.0753), 0.0198989 s/step
Meep progress: 21.121/72.33333206176758 = 29.2% done in 1559.7s, 3781.7s to go
on time step 84503 (time=21.1258), 0.0198636 s/step
Meep progress: 21.17175/72.33333206176758 = 29.3% done in 1563.7s, 3778.6s to go
on time step 84707 (time=21.1768), 0.019637 s/step
Meep progress: 21.22275/72.33333206176758 = 29.3% done in 1567.7s, 3775.4s to go
on time step 84909 (time=21.2273), 0.0198554 s/step
Meep progress: 21.272750000000002/72.33333206176758 = 29.4% done in 1571.7s, 3772.4s to go
on time step 85111 (time=21.2778), 0.0198797 s/step
Meep progress: 21.324/72.33333206176758 = 29.5% done in 1575.7s, 3769.2s to go
on time step 85317 (time=21.3293), 0.0195122 s/step
Meep progress: 21.37475/72.33333206176758 = 29.6% done in 1579.7s, 3766.1s to go
on time step 85523 (time=21.3807), 0.0194788 s/step
Meep progress: 21.426000000000002/72.33333206176758 = 29.6% done in 1583.7s, 3762.8s to go
on time step 85725 (time=21.4313), 0.0198286 s/step
Meep progress: 21.4765/72.33333206176758 = 29.7% done in 1587.7s, 3759.7s to go
on time step 85931 (time=21.4827), 0.0194977 s/step
Meep progress: 21.52825/72.33333206176758 = 29.8% done in 1591.7s, 3756.3s to go
on time step 86135 (time=21.5338), 0.0196763 s/step
Meep progress: 21.57775/72.33333206176758 = 29.8% done in 1595.7s, 3753.5s to go
on time step 86336 (time=21.584), 0.0199109 s/step
Meep progress: 21.62975/72.33333206176758 = 29.9% done in 1599.7s, 3750.0s to go
on time step 86540 (time=21.635), 0.0196138 s/step
Meep progress: 21.6795/72.33333206176758 = 30.0% done in 1603.7s, 3747.1s to go
on time step 86741 (time=21.6852), 0.0199133 s/step
Meep progress: 21.73175/72.33333206176758 = 30.0% done in 1607.8s, 3743.6s to go
on time step 86947 (time=21.7368), 0.0194682 s/step
Meep progress: 21.78075/72.33333206176758 = 30.1% done in 1611.8s, 3740.9s to go
on time step 87144 (time=21.786), 0.0203819 s/step
Meep progress: 21.83175/72.33333206176758 = 30.2% done in 1615.8s, 3737.7s to go
on time step 87351 (time=21.8377), 0.0193886 s/step
Meep progress: 21.88275/72.33333206176758 = 30.3% done in 1619.8s, 3734.4s to go
on time step 87555 (time=21.8888), 0.01969 s/step
Meep progress: 21.935/72.33333206176758 = 30.3% done in 1623.8s, 3730.9s to go
on time step 87760 (time=21.94), 0.0195391 s/step
Meep progress: 21.98375/72.33333206176758 = 30.4% done in 1627.8s, 3728.2s to go
on time step 87956 (time=21.989), 0.020482 s/step
Meep progress: 22.0335/72.33333206176758 = 30.5% done in 1631.8s, 3725.3s to go
on time step 88155 (time=22.0388), 0.020191 s/step
Meep progress: 22.084/72.33333206176758 = 30.5% done in 1635.8s, 3722.2s to go
on time step 88357 (time=22.0892), 0.0198612 s/step
Meep progress: 22.13475/72.33333206176758 = 30.6% done in 1639.9s, 3719.0s to go
on time step 88560 (time=22.14), 0.0197706 s/step
Meep progress: 22.1855/72.33333206176758 = 30.7% done in 1643.9s, 3715.8s to go
on time step 88766 (time=22.1915), 0.0194314 s/step
Meep progress: 22.23725/72.33333206176758 = 30.7% done in 1647.9s, 3712.4s to go
on time step 88970 (time=22.2425), 0.0196708 s/step
Meep progress: 22.2885/72.33333206176758 = 30.8% done in 1651.9s, 3709.1s to go
on time step 89175 (time=22.2937), 0.0196011 s/step
Meep progress: 22.33925/72.33333206176758 = 30.9% done in 1655.9s, 3705.9s to go
on time step 89381 (time=22.3453), 0.0194736 s/step
Meep progress: 22.39025/72.33333206176758 = 31.0% done in 1659.9s, 3702.6s to go
on time step 89582 (time=22.3955), 0.020004 s/step
Meep progress: 22.43975/72.33333206176758 = 31.0% done in 1663.9s, 3699.6s to go
on time step 89778 (time=22.4445), 0.0204574 s/step
Meep progress: 22.48825/72.33333206176758 = 31.1% done in 1667.9s, 3697.0s to go
on time step 89978 (time=22.4945), 0.0200647 s/step
Meep progress: 22.53925/72.33333206176758 = 31.2% done in 1671.9s, 3693.7s to go
on time step 90180 (time=22.545), 0.0198525 s/step
Meep progress: 22.5895/72.33333206176758 = 31.2% done in 1675.9s, 3690.6s to go
on time step 90381 (time=22.5953), 0.019926 s/step
Meep progress: 22.6415/72.33333206176758 = 31.3% done in 1680.0s, 3687.0s to go
on time step 90592 (time=22.648), 0.0189978 s/step
Meep progress: 22.69375/72.33333206176758 = 31.4% done in 1684.0s, 3683.5s to go
on time step 90798 (time=22.6995), 0.0194317 s/step
Meep progress: 22.7435/72.33333206176758 = 31.4% done in 1688.0s, 3680.5s to go
on time step 90996 (time=22.749), 0.0202486 s/step
Meep progress: 22.79525/72.33333206176758 = 31.5% done in 1692.0s, 3677.0s to go
on time step 91207 (time=22.8018), 0.018967 s/step
Meep progress: 22.85325/72.33333206176758 = 31.6% done in 1696.0s, 3672.1s to go
on time step 91438 (time=22.8595), 0.0173206 s/step
Meep progress: 22.91125/72.33333206176758 = 31.7% done in 1700.0s, 3667.1s to go
on time step 91670 (time=22.9175), 0.0172906 s/step
Meep progress: 22.9695/72.33333206176758 = 31.8% done in 1704.0s, 3662.1s to go
on time step 91904 (time=22.976), 0.0170991 s/step
Meep progress: 23.02875/72.33333206176758 = 31.8% done in 1708.0s, 3656.9s to go
on time step 92141 (time=23.0353), 0.0168925 s/step
Meep progress: 23.086750000000002/72.33333206176758 = 31.9% done in 1712.0s, 3651.9s to go
on time step 92371 (time=23.0927), 0.017464 s/step
Meep progress: 23.14225/72.33333206176758 = 32.0% done in 1716.0s, 3647.6s to go
on time step 92595 (time=23.1487), 0.0179337 s/step
Meep progress: 23.19675/72.33333206176758 = 32.1% done in 1720.0s, 3643.5s to go
on time step 92804 (time=23.201), 0.0192583 s/step
Meep progress: 23.24275/72.33333206176758 = 32.1% done in 1724.0s, 3641.3s to go
on time step 92995 (time=23.2488), 0.0210019 s/step
Meep progress: 23.293/72.33333206176758 = 32.2% done in 1728.0s, 3638.2s to go
on time step 93196 (time=23.299), 0.0199482 s/step
Meep progress: 23.34325/72.33333206176758 = 32.3% done in 1732.1s, 3635.0s to go
on time step 93399 (time=23.3498), 0.0197051 s/step
Meep progress: 23.3935/72.33333206176758 = 32.3% done in 1736.1s, 3631.9s to go
on time step 93599 (time=23.3998), 0.0200855 s/step
Meep progress: 23.44525/72.33333206176758 = 32.4% done in 1740.1s, 3628.4s to go
on time step 93808 (time=23.452), 0.0191538 s/step
Meep progress: 23.4975/72.33333206176758 = 32.5% done in 1744.1s, 3624.8s to go
on time step 94015 (time=23.5038), 0.0193649 s/step
Meep progress: 23.5485/72.33333206176758 = 32.6% done in 1748.1s, 3621.5s to go
on time step 94218 (time=23.5545), 0.0197363 s/step
Meep progress: 23.59975/72.33333206176758 = 32.6% done in 1752.1s, 3618.1s to go
on time step 94423 (time=23.6058), 0.0195366 s/step
Meep progress: 23.6505/72.33333206176758 = 32.7% done in 1756.1s, 3614.9s to go
on time step 94627 (time=23.6567), 0.0196962 s/step
Meep progress: 23.702/72.33333206176758 = 32.8% done in 1760.1s, 3611.4s to go
on time step 94833 (time=23.7082), 0.019499 s/step
Meep progress: 23.753/72.33333206176758 = 32.8% done in 1764.2s, 3608.1s to go
on time step 95036 (time=23.759), 0.019744 s/step
Meep progress: 23.803250000000002/72.33333206176758 = 32.9% done in 1768.2s, 3604.9s to go
on time step 95240 (time=23.81), 0.0196442 s/step
Meep progress: 23.8555/72.33333206176758 = 33.0% done in 1772.2s, 3601.3s to go
on time step 95446 (time=23.8615), 0.0194423 s/step
Meep progress: 23.907/72.33333206176758 = 33.1% done in 1776.2s, 3597.8s to go
on time step 95652 (time=23.913), 0.0194431 s/step
Meep progress: 23.9575/72.33333206176758 = 33.1% done in 1780.2s, 3594.6s to go
on time step 95854 (time=23.9635), 0.0198229 s/step
Meep progress: 24.00825/72.33333206176758 = 33.2% done in 1784.2s, 3591.3s to go
on time step 96057 (time=24.0143), 0.0197796 s/step
Meep progress: 24.058500000000002/72.33333206176758 = 33.3% done in 1788.2s, 3588.1s to go
on time step 96259 (time=24.0648), 0.0198261 s/step
Meep progress: 24.1095/72.33333206176758 = 33.3% done in 1792.2s, 3584.8s to go
on time step 96462 (time=24.1155), 0.0197215 s/step
Meep progress: 24.16025/72.33333206176758 = 33.4% done in 1796.2s, 3581.5s to go
on time step 96665 (time=24.1663), 0.0197968 s/step
Meep progress: 24.211750000000002/72.33333206176758 = 33.5% done in 1800.2s, 3578.0s to go
on time step 96874 (time=24.2185), 0.0191629 s/step
Meep progress: 24.263/72.33333206176758 = 33.5% done in 1804.2s, 3574.6s to go
on time step 97079 (time=24.2698), 0.0195659 s/step
Meep progress: 24.3145/72.33333206176758 = 33.6% done in 1808.2s, 3571.1s to go
on time step 97281 (time=24.3203), 0.0198285 s/step
Meep progress: 24.365750000000002/72.33333206176758 = 33.7% done in 1812.3s, 3567.7s to go
on time step 97487 (time=24.3718), 0.0195051 s/step
Meep progress: 24.41675/72.33333206176758 = 33.8% done in 1816.3s, 3564.3s to go
on time step 97692 (time=24.423), 0.0195994 s/step
Meep progress: 24.46725/72.33333206176758 = 33.8% done in 1820.3s, 3561.1s to go
on time step 97893 (time=24.4733), 0.0199425 s/step
Meep progress: 24.517/72.33333206176758 = 33.9% done in 1824.3s, 3558.0s to go
on time step 98093 (time=24.5233), 0.0200824 s/step
Meep progress: 24.568/72.33333206176758 = 34.0% done in 1828.3s, 3554.6s to go
on time step 98300 (time=24.575), 0.0194047 s/step
Meep progress: 24.62/72.33333206176758 = 34.0% done in 1832.3s, 3551.0s to go
on time step 98506 (time=24.6265), 0.0194352 s/step
Meep progress: 24.67125/72.33333206176758 = 34.1% done in 1836.3s, 3547.5s to go
on time step 98711 (time=24.6777), 0.0195201 s/step
Meep progress: 24.72175/72.33333206176758 = 34.2% done in 1840.3s, 3544.3s to go
on time step 98911 (time=24.7278), 0.020002 s/step
Meep progress: 24.773/72.33333206176758 = 34.2% done in 1844.3s, 3540.8s to go
on time step 99117 (time=24.7793), 0.0194618 s/step
Meep progress: 24.8235/72.33333206176758 = 34.3% done in 1848.3s, 3537.5s to go
on time step 99321 (time=24.8302), 0.01968 s/step
Meep progress: 24.87425/72.33333206176758 = 34.4% done in 1852.3s, 3534.2s to go
on time step 99523 (time=24.8807), 0.0198622 s/step
Meep progress: 24.92425/72.33333206176758 = 34.5% done in 1856.4s, 3531.0s to go
on time step 99722 (time=24.9305), 0.0201651 s/step
Meep progress: 24.97375/72.33333206176758 = 34.5% done in 1860.4s, 3527.9s to go
on time step 99920 (time=24.98), 0.0202611 s/step
Meep progress: 25.023/72.33333206176758 = 34.6% done in 1864.4s, 3524.9s to go
on time step 100118 (time=25.0295), 0.0202729 s/step
Meep progress: 25.07075/72.33333206176758 = 34.7% done in 1868.4s, 3522.2s to go
on time step 100308 (time=25.077), 0.021138 s/step
Meep progress: 25.120250000000002/72.33333206176758 = 34.7% done in 1872.4s, 3519.1s to go
on time step 100510 (time=25.1275), 0.0198742 s/step
Meep progress: 25.17125/72.33333206176758 = 34.8% done in 1876.4s, 3515.7s to go
on time step 100711 (time=25.1777), 0.0199588 s/step
Meep progress: 25.221/72.33333206176758 = 34.9% done in 1880.4s, 3512.6s to go
on time step 100911 (time=25.2278), 0.0200068 s/step
Meep progress: 25.27025/72.33333206176758 = 34.9% done in 1884.4s, 3509.5s to go
on time step 101111 (time=25.2778), 0.0200859 s/step
Meep progress: 25.322/72.33333206176758 = 35.0% done in 1888.4s, 3505.9s to go
on time step 101315 (time=25.3287), 0.0196507 s/step
Meep progress: 25.37075/72.33333206176758 = 35.1% done in 1892.4s, 3503.0s to go
on time step 101508 (time=25.377), 0.0207411 s/step
Meep progress: 25.4165/72.33333206176758 = 35.1% done in 1896.4s, 3500.7s to go
on time step 101696 (time=25.424), 0.0212884 s/step
Meep progress: 25.47075/72.33333206176758 = 35.2% done in 1900.4s, 3496.5s to go
on time step 101914 (time=25.4785), 0.0183582 s/step
Meep progress: 25.526/72.33333206176758 = 35.3% done in 1904.5s, 3492.2s to go
on time step 102128 (time=25.532), 0.0187093 s/step
Meep progress: 25.5735/72.33333206176758 = 35.4% done in 1908.5s, 3489.5s to go
on time step 102318 (time=25.5795), 0.0210859 s/step
Meep progress: 25.62/72.33333206176758 = 35.4% done in 1912.5s, 3487.0s to go
on time step 102507 (time=25.6268), 0.0212165 s/step
Meep progress: 25.6705/72.33333206176758 = 35.5% done in 1916.5s, 3483.7s to go
on time step 102708 (time=25.677), 0.0199751 s/step
Meep progress: 25.72025/72.33333206176758 = 35.6% done in 1920.5s, 3480.6s to go
on time step 102907 (time=25.7267), 0.0201935 s/step
Meep progress: 25.77075/72.33333206176758 = 35.6% done in 1924.5s, 3477.2s to go
on time step 103111 (time=25.7778), 0.0196298 s/step
Meep progress: 25.81925/72.33333206176758 = 35.7% done in 1928.5s, 3474.3s to go
on time step 103303 (time=25.8257), 0.0209018 s/step
Meep progress: 25.870250000000002/72.33333206176758 = 35.8% done in 1932.5s, 3470.8s to go
on time step 103508 (time=25.877), 0.0195619 s/step
Meep progress: 25.922250000000002/72.33333206176758 = 35.8% done in 1936.5s, 3467.2s to go
on time step 103718 (time=25.9295), 0.0190647 s/step
Meep progress: 25.97325/72.33333206176758 = 35.9% done in 1940.6s, 3463.7s to go
on time step 103918 (time=25.9795), 0.0200328 s/step
Meep progress: 26.021250000000002/72.33333206176758 = 36.0% done in 1944.6s, 3460.9s to go
on time step 104111 (time=26.0278), 0.0207423 s/step
Meep progress: 26.07225/72.33333206176758 = 36.0% done in 1948.6s, 3457.4s to go
on time step 104318 (time=26.0795), 0.0193451 s/step
Meep progress: 26.12475/72.33333206176758 = 36.1% done in 1952.6s, 3453.7s to go
on time step 104525 (time=26.1313), 0.0193735 s/step
Meep progress: 26.17475/72.33333206176758 = 36.2% done in 1956.6s, 3450.4s to go
on time step 104725 (time=26.1813), 0.0200335 s/step
Meep progress: 26.22475/72.33333206176758 = 36.3% done in 1960.6s, 3447.2s to go
on time step 104924 (time=26.231), 0.02018 s/step
Meep progress: 26.27475/72.33333206176758 = 36.3% done in 1964.6s, 3443.9s to go
on time step 105126 (time=26.2815), 0.0198827 s/step
Meep progress: 26.3255/72.33333206176758 = 36.4% done in 1968.6s, 3440.5s to go
on time step 105328 (time=26.332), 0.0198293 s/step
Meep progress: 26.37525/72.33333206176758 = 36.5% done in 1972.6s, 3437.3s to go
on time step 105530 (time=26.3825), 0.0198682 s/step
Meep progress: 26.426000000000002/72.33333206176758 = 36.5% done in 1976.6s, 3433.8s to go
on time step 105731 (time=26.4328), 0.0199343 s/step
Meep progress: 26.47725/72.33333206176758 = 36.6% done in 1980.6s, 3430.3s to go
on time step 105937 (time=26.4842), 0.0194974 s/step
Meep progress: 26.529/72.33333206176758 = 36.7% done in 1984.7s, 3426.7s to go
on time step 106142 (time=26.5355), 0.0196251 s/step
Meep progress: 26.578/72.33333206176758 = 36.7% done in 1988.7s, 3423.6s to go
on time step 106341 (time=26.5853), 0.0201524 s/step
Meep progress: 26.62825/72.33333206176758 = 36.8% done in 1992.7s, 3420.3s to go
on time step 106541 (time=26.6352), 0.0200278 s/step
Meep progress: 26.677500000000002/72.33333206176758 = 36.9% done in 1996.7s, 3417.1s to go
on time step 106736 (time=26.684), 0.0205477 s/step
Meep progress: 26.72475/72.33333206176758 = 36.9% done in 2000.7s, 3414.4s to go
on time step 106920 (time=26.73), 0.0218537 s/step
Meep progress: 26.774250000000002/72.33333206176758 = 37.0% done in 2004.7s, 3411.2s to go
on time step 107127 (time=26.7817), 0.0193238 s/step
Meep progress: 26.8305/72.33333206176758 = 37.1% done in 2008.7s, 3406.7s to go
on time step 107354 (time=26.8385), 0.0176558 s/step
Meep progress: 26.88825/72.33333206176758 = 37.2% done in 2012.7s, 3401.8s to go
on time step 107585 (time=26.8963), 0.0173543 s/step
Meep progress: 26.9455/72.33333206176758 = 37.3% done in 2016.7s, 3397.1s to go
on time step 107813 (time=26.9533), 0.0175802 s/step
Meep progress: 27.0/72.33333206176758 = 37.3% done in 2020.8s, 3392.9s to go
on time step 108031 (time=27.0078), 0.0184144 s/step
Meep progress: 27.054750000000002/72.33333206176758 = 37.4% done in 2024.8s, 3388.6s to go
on time step 108250 (time=27.0625), 0.018315 s/step
Meep progress: 27.09025/72.33333206176758 = 37.5% done in 2028.8s, 3388.2s to go
on time step 108383 (time=27.0957), 0.0301794 s/step
Meep progress: 27.13225/72.33333206176758 = 37.5% done in 2032.8s, 3386.6s to go
on time step 108548 (time=27.137), 0.0243465 s/step
Meep progress: 27.17475/72.33333206176758 = 37.6% done in 2036.8s, 3384.8s to go
on time step 108724 (time=27.181), 0.0227592 s/step
Meep progress: 27.22/72.33333206176758 = 37.6% done in 2040.8s, 3382.4s to go
on time step 108907 (time=27.2267), 0.0219662 s/step
Meep progress: 27.26625/72.33333206176758 = 37.7% done in 2044.8s, 3379.8s to go
on time step 109092 (time=27.273), 0.0216376 s/step
Meep progress: 27.314/72.33333206176758 = 37.8% done in 2048.8s, 3376.9s to go
on time step 109279 (time=27.3197), 0.0215957 s/step
Meep progress: 27.3585/72.33333206176758 = 37.8% done in 2052.9s, 3374.7s to go
on time step 109455 (time=27.3637), 0.0227777 s/step
Meep progress: 27.4055/72.33333206176758 = 37.9% done in 2056.9s, 3372.0s to go
on time step 109656 (time=27.414), 0.0199855 s/step
Meep progress: 27.46125/72.33333206176758 = 38.0% done in 2060.9s, 3367.5s to go
on time step 109876 (time=27.469), 0.018202 s/step
Meep progress: 27.5155/72.33333206176758 = 38.0% done in 2064.9s, 3363.4s to go
on time step 110095 (time=27.5237), 0.01833 s/step
Meep progress: 27.5735/72.33333206176758 = 38.1% done in 2068.9s, 3358.4s to go
on time step 110327 (time=27.5817), 0.0172664 s/step
Meep progress: 27.6315/72.33333206176758 = 38.2% done in 2072.9s, 3353.5s to go
on time step 110554 (time=27.6385), 0.017674 s/step
Meep progress: 27.6855/72.33333206176758 = 38.3% done in 2076.9s, 3349.4s to go
on time step 110777 (time=27.6943), 0.018005 s/step
Meep progress: 27.7425/72.33333206176758 = 38.4% done in 2080.9s, 3344.7s to go
on time step 111002 (time=27.7505), 0.0177889 s/step
Meep progress: 27.798750000000002/72.33333206176758 = 38.4% done in 2084.9s, 3340.1s to go
on time step 111226 (time=27.8065), 0.0178797 s/step
Meep progress: 27.85525/72.33333206176758 = 38.5% done in 2088.9s, 3335.5s to go
on time step 111456 (time=27.864), 0.0174656 s/step
Meep progress: 27.90825/72.33333206176758 = 38.6% done in 2092.9s, 3331.6s to go
on time step 111666 (time=27.9165), 0.0190969 s/step
Meep progress: 27.965500000000002/72.33333206176758 = 38.7% done in 2096.9s, 3326.8s to go
on time step 111897 (time=27.9743), 0.0173258 s/step
Meep progress: 28.0155/72.33333206176758 = 38.7% done in 2100.9s, 3323.5s to go
on time step 112093 (time=28.0233), 0.0204782 s/step
Meep progress: 28.06725/72.33333206176758 = 38.8% done in 2104.9s, 3319.8s to go
on time step 112304 (time=28.076), 0.0190098 s/step
Meep progress: 28.123/72.33333206176758 = 38.9% done in 2109.0s, 3315.4s to go
on time step 112526 (time=28.1315), 0.0180314 s/step
Meep progress: 28.1785/72.33333206176758 = 39.0% done in 2113.0s, 3310.9s to go
on time step 112749 (time=28.1873), 0.017943 s/step
Meep progress: 28.2315/72.33333206176758 = 39.0% done in 2117.0s, 3307.0s to go
on time step 112959 (time=28.2398), 0.0190601 s/step
Meep progress: 28.28475/72.33333206176758 = 39.1% done in 2121.0s, 3303.1s to go
on time step 113173 (time=28.2933), 0.0187342 s/step
Meep progress: 28.34175/72.33333206176758 = 39.2% done in 2125.0s, 3298.4s to go
on time step 113405 (time=28.3513), 0.0173133 s/step
Meep progress: 28.401500000000002/72.33333206176758 = 39.3% done in 2129.0s, 3293.2s to go
on time step 113643 (time=28.4108), 0.0168305 s/step
Meep progress: 28.455000000000002/72.33333206176758 = 39.3% done in 2133.0s, 3289.2s to go
on time step 113857 (time=28.4642), 0.018769 s/step
Meep progress: 28.50775/72.33333206176758 = 39.4% done in 2137.0s, 3285.3s to go
on time step 114066 (time=28.5165), 0.0192044 s/step
Meep progress: 28.56125/72.33333206176758 = 39.5% done in 2141.0s, 3281.3s to go
on time step 114279 (time=28.5697), 0.0188112 s/step
Meep progress: 28.61925/72.33333206176758 = 39.6% done in 2145.0s, 3276.4s to go
on time step 114511 (time=28.6277), 0.0172543 s/step
Meep progress: 28.67325/72.33333206176758 = 39.6% done in 2149.1s, 3272.3s to go
on time step 114725 (time=28.6813), 0.018728 s/step
Meep progress: 28.727/72.33333206176758 = 39.7% done in 2153.1s, 3268.2s to go
on time step 114944 (time=28.736), 0.0183312 s/step
Meep progress: 28.783/72.33333206176758 = 39.8% done in 2157.1s, 3263.8s to go
on time step 115169 (time=28.7922), 0.0177784 s/step
Meep progress: 28.838/72.33333206176758 = 39.9% done in 2161.1s, 3259.5s to go
on time step 115381 (time=28.8453), 0.0189592 s/step
Meep progress: 28.89125/72.33333206176758 = 39.9% done in 2165.1s, 3255.5s to go
on time step 115600 (time=28.9), 0.018344 s/step
Meep progress: 28.94575/72.33333206176758 = 40.0% done in 2169.1s, 3251.3s to go
on time step 115817 (time=28.9543), 0.018477 s/step
Meep progress: 29.0025/72.33333206176758 = 40.1% done in 2173.1s, 3246.7s to go
on time step 116042 (time=29.0105), 0.017818 s/step
Meep progress: 29.05875/72.33333206176758 = 40.2% done in 2177.1s, 3242.2s to go
on time step 116273 (time=29.0682), 0.0173707 s/step
Meep progress: 29.11525/72.33333206176758 = 40.3% done in 2181.1s, 3237.6s to go
on time step 116499 (time=29.1248), 0.0177198 s/step
Meep progress: 29.17275/72.33333206176758 = 40.3% done in 2185.1s, 3232.9s to go
on time step 116731 (time=29.1828), 0.0173071 s/step
Meep progress: 29.22475/72.33333206176758 = 40.4% done in 2189.1s, 3229.1s to go
on time step 116936 (time=29.234), 0.0195703 s/step
Meep progress: 29.281000000000002/72.33333206176758 = 40.5% done in 2193.1s, 3224.6s to go
on time step 117162 (time=29.2905), 0.0177596 s/step
Meep progress: 29.32625/72.33333206176758 = 40.5% done in 2197.2s, 3222.1s to go
on time step 117345 (time=29.3362), 0.0219054 s/step
Meep progress: 29.38175/72.33333206176758 = 40.6% done in 2201.2s, 3217.8s to go
on time step 117563 (time=29.3908), 0.0183685 s/step
Meep progress: 29.43775/72.33333206176758 = 40.7% done in 2205.2s, 3213.3s to go
on time step 117788 (time=29.447), 0.0178205 s/step
Meep progress: 29.48575/72.33333206176758 = 40.8% done in 2209.2s, 3210.3s to go
on time step 117968 (time=29.492), 0.0223516 s/step
Meep progress: 29.531750000000002/72.33333206176758 = 40.8% done in 2213.2s, 3207.7s to go
on time step 118162 (time=29.5405), 0.0206453 s/step
Meep progress: 29.58275/72.33333206176758 = 40.9% done in 2217.2s, 3204.1s to go
on time step 118368 (time=29.592), 0.0194476 s/step
Meep progress: 29.636/72.33333206176758 = 41.0% done in 2221.2s, 3200.1s to go
on time step 118583 (time=29.6457), 0.0186797 s/step
Meep progress: 29.69275/72.33333206176758 = 41.0% done in 2225.2s, 3195.5s to go
on time step 118812 (time=29.703), 0.0175096 s/step
Meep progress: 29.7485/72.33333206176758 = 41.1% done in 2229.2s, 3191.1s to go
on time step 119034 (time=29.7585), 0.0180592 s/step
Meep progress: 29.80375/72.33333206176758 = 41.2% done in 2233.2s, 3186.8s to go
on time step 119251 (time=29.8128), 0.0184961 s/step
Meep progress: 29.85675/72.33333206176758 = 41.3% done in 2237.2s, 3182.9s to go
on time step 119466 (time=29.8665), 0.0186437 s/step
Meep progress: 29.90725/72.33333206176758 = 41.3% done in 2241.2s, 3179.4s to go
on time step 119671 (time=29.9178), 0.0195302 s/step
Meep progress: 29.96125/72.33333206176758 = 41.4% done in 2245.3s, 3175.3s to go
on time step 119867 (time=29.9668), 0.0204132 s/step
Meep progress: 30.0065/72.33333206176758 = 41.5% done in 2249.3s, 3172.8s to go
on time step 120054 (time=30.0135), 0.0213966 s/step
Meep progress: 30.05575/72.33333206176758 = 41.6% done in 2253.3s, 3169.6s to go
on time step 120261 (time=30.0652), 0.0193482 s/step
Meep progress: 30.111250000000002/72.33333206176758 = 41.6% done in 2257.3s, 3165.2s to go
on time step 120480 (time=30.12), 0.0183166 s/step
Meep progress: 30.15975/72.33333206176758 = 41.7% done in 2261.3s, 3162.1s to go
on time step 120676 (time=30.169), 0.020462 s/step
Meep progress: 30.213250000000002/72.33333206176758 = 41.8% done in 2265.3s, 3158.0s to go
on time step 120893 (time=30.2233), 0.0184606 s/step
Meep progress: 30.268250000000002/72.33333206176758 = 41.8% done in 2269.3s, 3153.7s to go
on time step 121111 (time=30.2778), 0.018413 s/step
Meep progress: 30.326/72.33333206176758 = 41.9% done in 2273.3s, 3149.0s to go
on time step 121344 (time=30.336), 0.0172388 s/step
Meep progress: 30.38425/72.33333206176758 = 42.0% done in 2277.3s, 3144.1s to go
on time step 121580 (time=30.395), 0.0170098 s/step
Meep progress: 30.44025/72.33333206176758 = 42.1% done in 2281.3s, 3139.6s to go
on time step 121804 (time=30.451), 0.0179197 s/step
Meep progress: 30.49925/72.33333206176758 = 42.2% done in 2285.3s, 3134.7s to go
on time step 122039 (time=30.5098), 0.017076 s/step
Meep progress: 30.558/72.33333206176758 = 42.2% done in 2289.3s, 3129.7s to go
on time step 122276 (time=30.569), 0.0169382 s/step
Meep progress: 30.61775/72.33333206176758 = 42.3% done in 2293.3s, 3124.6s to go
on time step 122515 (time=30.6288), 0.0167391 s/step
Meep progress: 30.677/72.33333206176758 = 42.4% done in 2297.4s, 3119.6s to go
on time step 122750 (time=30.6875), 0.0170534 s/step
Meep progress: 30.73575/72.33333206176758 = 42.5% done in 2301.4s, 3114.7s to go
on time step 122987 (time=30.7468), 0.0168878 s/step
Meep progress: 30.7945/72.33333206176758 = 42.6% done in 2305.4s, 3109.7s to go
on time step 123222 (time=30.8055), 0.0170354 s/step
Meep progress: 30.85275/72.33333206176758 = 42.7% done in 2309.4s, 3104.9s to go
on time step 123452 (time=30.863), 0.0174479 s/step
Meep progress: 30.90775/72.33333206176758 = 42.7% done in 2313.4s, 3100.6s to go
on time step 123671 (time=30.9178), 0.0182729 s/step
Meep progress: 30.964000000000002/72.33333206176758 = 42.8% done in 2317.4s, 3096.1s to go
on time step 123899 (time=30.9748), 0.0175945 s/step
Meep progress: 31.0195/72.33333206176758 = 42.9% done in 2321.4s, 3091.8s to go
on time step 124119 (time=31.0297), 0.0182241 s/step
Meep progress: 31.074/72.33333206176758 = 43.0% done in 2325.4s, 3087.6s to go
on time step 124336 (time=31.084), 0.0184468 s/step
Meep progress: 31.1265/72.33333206176758 = 43.0% done in 2329.4s, 3083.8s to go
on time step 124543 (time=31.1358), 0.0193398 s/step
Meep progress: 31.17/72.33333206176758 = 43.1% done in 2333.5s, 3081.6s to go
on time step 124692 (time=31.173), 0.026919 s/step
Meep progress: 31.19425/72.33333206176758 = 43.1% done in 2337.5s, 3082.7s to go
on time step 124792 (time=31.198), 0.0401888 s/step
Meep progress: 31.218500000000002/72.33333206176758 = 43.2% done in 2341.5s, 3083.8s to go
on time step 124887 (time=31.2218), 0.0421735 s/step
Meep progress: 31.24275/72.33333206176758 = 43.2% done in 2345.5s, 3084.9s to go
on time step 124987 (time=31.2468), 0.0402109 s/step
Meep progress: 31.26275/72.33333206176758 = 43.2% done in 2349.6s, 3086.7s to go
on time step 125065 (time=31.2662), 0.0513322 s/step
Meep progress: 31.29575/72.33333206176758 = 43.3% done in 2353.6s, 3086.2s to go
on time step 125203 (time=31.3008), 0.0291019 s/step
Meep progress: 31.33875/72.33333206176758 = 43.3% done in 2357.6s, 3084.0s to go
on time step 125386 (time=31.3465), 0.0219519 s/step
Meep progress: 31.389/72.33333206176758 = 43.4% done in 2361.6s, 3080.5s to go
on time step 125591 (time=31.3978), 0.0195448 s/step
Meep progress: 31.425250000000002/72.33333206176758 = 43.4% done in 2365.6s, 3079.5s to go
on time step 125723 (time=31.4307), 0.0303314 s/step
Meep progress: 31.47175/72.33333206176758 = 43.5% done in 2369.6s, 3076.6s to go
on time step 125923 (time=31.4808), 0.02007 s/step
Meep progress: 31.52325/72.33333206176758 = 43.6% done in 2373.6s, 3072.9s to go
on time step 126129 (time=31.5323), 0.019461 s/step
Meep progress: 31.5765/72.33333206176758 = 43.7% done in 2377.6s, 3068.9s to go
on time step 126339 (time=31.5847), 0.0191126 s/step
Meep progress: 31.623/72.33333206176758 = 43.7% done in 2381.7s, 3066.1s to go
on time step 126517 (time=31.6292), 0.0224874 s/step
Meep progress: 31.65975/72.33333206176758 = 43.8% done in 2385.7s, 3064.9s to go
on time step 126664 (time=31.666), 0.0272163 s/step
Meep progress: 31.707250000000002/72.33333206176758 = 43.8% done in 2389.7s, 3061.9s to go
on time step 126861 (time=31.7153), 0.0203738 s/step
Meep progress: 31.7595/72.33333206176758 = 43.9% done in 2393.7s, 3058.0s to go
on time step 127070 (time=31.7675), 0.019256 s/step
Meep progress: 31.80225/72.33333206176758 = 44.0% done in 2397.7s, 3055.8s to go
on time step 127241 (time=31.8102), 0.0235144 s/step
Meep progress: 31.83875/72.33333206176758 = 44.0% done in 2401.7s, 3054.7s to go
on time step 127390 (time=31.8475), 0.0269297 s/step
Meep progress: 31.89/72.33333206176758 = 44.1% done in 2405.7s, 3051.0s to go
on time step 127590 (time=31.8975), 0.0200337 s/step
Meep progress: 31.93775/72.33333206176758 = 44.2% done in 2409.7s, 3047.9s to go
on time step 127782 (time=31.9455), 0.0208933 s/step
Meep progress: 31.9835/72.33333206176758 = 44.2% done in 2413.7s, 3045.1s to go
on time step 127970 (time=31.9925), 0.0214394 s/step
Meep progress: 32.0355/72.33333206176758 = 44.3% done in 2417.7s, 3041.3s to go
on time step 128179 (time=32.0448), 0.0192031 s/step
Meep progress: 32.076750000000004/72.33333206176758 = 44.3% done in 2421.8s, 3039.3s to go
on time step 128338 (time=32.0845), 0.0252427 s/step
Meep progress: 32.119/72.33333206176758 = 44.4% done in 2425.8s, 3037.2s to go
on time step 128513 (time=32.1283), 0.0229109 s/step
Meep progress: 32.16325/72.33333206176758 = 44.5% done in 2429.8s, 3034.6s to go
on time step 128676 (time=32.169), 0.0246313 s/step
Meep progress: 32.2045/72.33333206176758 = 44.5% done in 2433.8s, 3032.6s to go
on time step 128852 (time=32.213), 0.0227441 s/step
Meep progress: 32.24775/72.33333206176758 = 44.6% done in 2437.8s, 3030.3s to go
on time step 129016 (time=32.254), 0.0244045 s/step
Meep progress: 32.28375/72.33333206176758 = 44.6% done in 2441.8s, 3029.2s to go
on time step 129169 (time=32.2923), 0.0262059 s/step
Meep progress: 32.3355/72.33333206176758 = 44.7% done in 2445.8s, 3025.4s to go
on time step 129378 (time=32.3445), 0.0191424 s/step
Meep progress: 32.3705/72.33333206176758 = 44.8% done in 2449.8s, 3024.4s to go
on time step 129500 (time=32.375), 0.0331052 s/step
Meep progress: 32.394/72.33333206176758 = 44.8% done in 2453.8s, 3025.4s to go
on time step 129594 (time=32.3985), 0.0429951 s/step
Meep progress: 32.425/72.33333206176758 = 44.8% done in 2457.9s, 3025.1s to go
on time step 129725 (time=32.4312), 0.0306517 s/step
Meep progress: 32.4685/72.33333206176758 = 44.9% done in 2461.9s, 3022.7s to go
on time step 129912 (time=32.478), 0.0215245 s/step
Meep progress: 32.51925/72.33333206176758 = 45.0% done in 2465.9s, 3019.1s to go
on time step 130110 (time=32.5275), 0.0202608 s/step
Meep progress: 32.57275/72.33333206176758 = 45.0% done in 2469.9s, 3015.0s to go
on time step 130332 (time=32.583), 0.0180273 s/step
Meep progress: 32.627/72.33333206176758 = 45.1% done in 2473.9s, 3010.7s to go
on time step 130548 (time=32.637), 0.0186146 s/step
Meep progress: 32.68/72.33333206176758 = 45.2% done in 2477.9s, 3006.7s to go
on time step 130755 (time=32.6887), 0.0193654 s/step
Meep progress: 32.73125/72.33333206176758 = 45.3% done in 2481.9s, 3002.9s to go
on time step 130966 (time=32.7415), 0.0190007 s/step
Meep progress: 32.78125/72.33333206176758 = 45.3% done in 2485.9s, 2999.4s to go
on time step 131166 (time=32.7915), 0.0200069 s/step
Meep progress: 32.83775/72.33333206176758 = 45.4% done in 2490.0s, 2994.8s to go
on time step 131393 (time=32.8483), 0.0176271 s/step
Meep progress: 32.8945/72.33333206176758 = 45.5% done in 2494.0s, 2990.1s to go
on time step 131620 (time=32.905), 0.017664 s/step
Meep progress: 32.94825/72.33333206176758 = 45.6% done in 2498.0s, 2986.0s to go
on time step 131836 (time=32.959), 0.0185314 s/step
Meep progress: 33.0005/72.33333206176758 = 45.6% done in 2502.0s, 2982.1s to go
on time step 132040 (time=33.01), 0.0196837 s/step
Meep progress: 33.051/72.33333206176758 = 45.7% done in 2506.0s, 2978.5s to go
on time step 132243 (time=33.0607), 0.0197072 s/step
Meep progress: 33.10175/72.33333206176758 = 45.8% done in 2510.0s, 2974.8s to go
on time step 132445 (time=33.1112), 0.019804 s/step
Meep progress: 33.15275/72.33333206176758 = 45.8% done in 2514.0s, 2971.1s to go
on time step 132651 (time=33.1628), 0.0194471 s/step
Meep progress: 33.208/72.33333206176758 = 45.9% done in 2518.0s, 2966.7s to go
on time step 132873 (time=33.2182), 0.0180378 s/step
Meep progress: 33.2645/72.33333206176758 = 46.0% done in 2522.0s, 2962.1s to go
on time step 133100 (time=33.275), 0.0176544 s/step
Meep progress: 33.320750000000004/72.33333206176758 = 46.1% done in 2526.0s, 2957.5s to go
on time step 133325 (time=33.3312), 0.0178553 s/step
Meep progress: 33.375750000000004/72.33333206176758 = 46.1% done in 2530.0s, 2953.2s to go
on time step 133543 (time=33.3858), 0.0183625 s/step
Meep progress: 33.43275/72.33333206176758 = 46.2% done in 2534.1s, 2948.5s to go
on time step 133774 (time=33.4435), 0.017359 s/step
Meep progress: 33.4915/72.33333206176758 = 46.3% done in 2538.1s, 2943.5s to go
on time step 134009 (time=33.5023), 0.0170331 s/step
Meep progress: 33.55025/72.33333206176758 = 46.4% done in 2542.1s, 2938.6s to go
on time step 134244 (time=33.561), 0.0170413 s/step
Meep progress: 33.609/72.33333206176758 = 46.5% done in 2546.1s, 2933.6s to go
on time step 134480 (time=33.62), 0.0170024 s/step
Meep progress: 33.6685/72.33333206176758 = 46.5% done in 2550.1s, 2928.5s to go
on time step 134715 (time=33.6788), 0.01705 s/step
Meep progress: 33.72525/72.33333206176758 = 46.6% done in 2554.1s, 2923.9s to go
on time step 134942 (time=33.7355), 0.0176538 s/step
Meep progress: 33.781/72.33333206176758 = 46.7% done in 2558.1s, 2919.4s to go
on time step 135165 (time=33.7912), 0.0180104 s/step
Meep progress: 33.83675/72.33333206176758 = 46.8% done in 2562.1s, 2915.0s to go
on time step 135388 (time=33.847), 0.0179812 s/step
Meep progress: 33.890750000000004/72.33333206176758 = 46.9% done in 2566.1s, 2910.8s to go
on time step 135604 (time=33.901), 0.0185186 s/step
Meep progress: 33.94625/72.33333206176758 = 46.9% done in 2570.1s, 2906.4s to go
on time step 135826 (time=33.9565), 0.0180558 s/step
Meep progress: 34.00275/72.33333206176758 = 47.0% done in 2574.1s, 2901.8s to go
on time step 136052 (time=34.013), 0.0177687 s/step
Meep progress: 34.05925/72.33333206176758 = 47.1% done in 2578.1s, 2897.2s to go
on time step 136281 (time=34.0703), 0.0175385 s/step
Meep progress: 34.116/72.33333206176758 = 47.2% done in 2582.2s, 2892.6s to go
on time step 136502 (time=34.1255), 0.0181089 s/step
Meep progress: 34.171/72.33333206176758 = 47.2% done in 2586.2s, 2888.3s to go
on time step 136727 (time=34.1818), 0.0178479 s/step
Meep progress: 34.22775/72.33333206176758 = 47.3% done in 2590.2s, 2883.6s to go
on time step 136955 (time=34.2388), 0.0176137 s/step
Meep progress: 34.285000000000004/72.33333206176758 = 47.4% done in 2594.2s, 2879.0s to go
on time step 137184 (time=34.296), 0.0175225 s/step
Meep progress: 34.3425/72.33333206176758 = 47.5% done in 2598.2s, 2874.2s to go
on time step 137411 (time=34.3528), 0.0176421 s/step
Meep progress: 34.39825/72.33333206176758 = 47.6% done in 2602.2s, 2869.8s to go
on time step 137636 (time=34.409), 0.017778 s/step
Meep progress: 34.455/72.33333206176758 = 47.6% done in 2606.2s, 2865.2s to go
on time step 137863 (time=34.4657), 0.0176643 s/step
Meep progress: 34.51225/72.33333206176758 = 47.7% done in 2610.2s, 2860.5s to go
on time step 138092 (time=34.523), 0.0174767 s/step
Meep progress: 34.57/72.33333206176758 = 47.8% done in 2614.3s, 2855.7s to go
on time step 138319 (time=34.5798), 0.0176422 s/step
Meep progress: 34.62275/72.33333206176758 = 47.9% done in 2618.3s, 2851.8s to go
on time step 138528 (time=34.632), 0.0192093 s/step
Meep progress: 34.67575/72.33333206176758 = 47.9% done in 2622.3s, 2847.8s to go
on time step 138743 (time=34.6857), 0.0186231 s/step
Meep progress: 34.73275/72.33333206176758 = 48.0% done in 2626.3s, 2843.2s to go
on time step 138973 (time=34.7433), 0.0173937 s/step
Meep progress: 34.79075/72.33333206176758 = 48.1% done in 2630.3s, 2838.4s to go
on time step 139202 (time=34.8005), 0.0174818 s/step
Meep progress: 34.84375/72.33333206176758 = 48.2% done in 2634.3s, 2834.4s to go
on time step 139414 (time=34.8535), 0.0189262 s/step
Meep progress: 34.9/72.33333206176758 = 48.2% done in 2638.3s, 2829.9s to go
on time step 139634 (time=34.9085), 0.0181972 s/step
Meep progress: 34.950250000000004/72.33333206176758 = 48.3% done in 2642.4s, 2826.3s to go
on time step 139830 (time=34.9575), 0.020469 s/step
Meep progress: 35.00025/72.33333206176758 = 48.4% done in 2646.4s, 2822.8s to go
on time step 140040 (time=35.01), 0.0190649 s/step
Meep progress: 35.0565/72.33333206176758 = 48.5% done in 2650.4s, 2818.3s to go
on time step 140263 (time=35.0658), 0.0179771 s/step
Meep progress: 35.11175/72.33333206176758 = 48.5% done in 2654.4s, 2813.9s to go
on time step 140485 (time=35.1213), 0.0180506 s/step
Meep progress: 35.16875/72.33333206176758 = 48.6% done in 2658.4s, 2809.3s to go
on time step 140713 (time=35.1782), 0.017585 s/step
Meep progress: 35.226/72.33333206176758 = 48.7% done in 2662.4s, 2804.6s to go
on time step 140942 (time=35.2355), 0.0175187 s/step
Meep progress: 35.28125/72.33333206176758 = 48.8% done in 2666.4s, 2800.3s to go
on time step 141160 (time=35.29), 0.0184091 s/step
Meep progress: 35.33475/72.33333206176758 = 48.8% done in 2670.4s, 2796.2s to go
on time step 141377 (time=35.3443), 0.0184965 s/step
Meep progress: 35.3875/72.33333206176758 = 48.9% done in 2674.4s, 2792.2s to go
on time step 141587 (time=35.3967), 0.01905 s/step
Meep progress: 35.436/72.33333206176758 = 49.0% done in 2678.5s, 2788.9s to go
on time step 141775 (time=35.4438), 0.0212931 s/step
Meep progress: 35.48375/72.33333206176758 = 49.1% done in 2682.5s, 2785.7s to go
on time step 141974 (time=35.4935), 0.020189 s/step
Meep progress: 35.53975/72.33333206176758 = 49.1% done in 2686.5s, 2781.2s to go
on time step 142197 (time=35.5493), 0.0179551 s/step
Meep progress: 35.592/72.33333206176758 = 49.2% done in 2690.5s, 2777.4s to go
on time step 142405 (time=35.6013), 0.0192444 s/step
Meep progress: 35.641/72.33333206176758 = 49.3% done in 2694.5s, 2774.0s to go
on time step 142596 (time=35.649), 0.0210216 s/step
Meep progress: 35.694/72.33333206176758 = 49.3% done in 2698.5s, 2770.0s to go
on time step 142815 (time=35.7037), 0.0183038 s/step
Meep progress: 35.74925/72.33333206176758 = 49.4% done in 2702.5s, 2765.6s to go
on time step 143036 (time=35.759), 0.018172 s/step
Meep progress: 35.80625/72.33333206176758 = 49.5% done in 2706.5s, 2761.0s to go
on time step 143267 (time=35.8167), 0.0173853 s/step
Meep progress: 35.86125/72.33333206176758 = 49.6% done in 2710.5s, 2756.7s to go
on time step 143478 (time=35.8695), 0.0190347 s/step
Meep progress: 35.91225/72.33333206176758 = 49.6% done in 2714.5s, 2753.0s to go
on time step 143687 (time=35.9218), 0.0191753 s/step
Meep progress: 35.96775/72.33333206176758 = 49.7% done in 2718.5s, 2748.6s to go
on time step 143912 (time=35.978), 0.0178311 s/step
Meep progress: 36.02375/72.33333206176758 = 49.8% done in 2722.5s, 2744.1s to go
on time step 144135 (time=36.0337), 0.0180038 s/step
Meep progress: 36.079/72.33333206176758 = 49.9% done in 2726.5s, 2739.8s to go
on time step 144358 (time=36.0895), 0.0179891 s/step
Meep progress: 36.13725/72.33333206176758 = 50.0% done in 2730.6s, 2735.0s to go
on time step 144592 (time=36.148), 0.0171314 s/step
Meep progress: 36.195/72.33333206176758 = 50.0% done in 2734.6s, 2730.3s to go
on time step 144823 (time=36.2058), 0.0173813 s/step
Meep progress: 36.25025/72.33333206176758 = 50.1% done in 2738.6s, 2725.9s to go
on time step 145042 (time=36.2605), 0.0183449 s/step
Meep progress: 36.304/72.33333206176758 = 50.2% done in 2742.6s, 2721.8s to go
on time step 145257 (time=36.3143), 0.0186258 s/step
Meep progress: 36.36175/72.33333206176758 = 50.3% done in 2746.6s, 2717.1s to go
on time step 145489 (time=36.3723), 0.0172825 s/step
Meep progress: 36.4195/72.33333206176758 = 50.3% done in 2750.6s, 2712.4s to go
on time step 145720 (time=36.43), 0.0173372 s/step
Meep progress: 36.4765/72.33333206176758 = 50.4% done in 2754.6s, 2707.8s to go
on time step 145947 (time=36.4868), 0.0176324 s/step
Meep progress: 36.53/72.33333206176758 = 50.5% done in 2758.6s, 2703.7s to go
on time step 146158 (time=36.5395), 0.0191045 s/step
Meep progress: 36.581/72.33333206176758 = 50.6% done in 2762.6s, 2700.1s to go
on time step 146362 (time=36.5905), 0.019609 s/step
Meep progress: 36.633/72.33333206176758 = 50.6% done in 2766.7s, 2696.2s to go
on time step 146566 (time=36.6415), 0.0196979 s/step
Meep progress: 36.6825/72.33333206176758 = 50.7% done in 2770.7s, 2692.7s to go
on time step 146774 (time=36.6935), 0.019304 s/step
Meep progress: 36.738/72.33333206176758 = 50.8% done in 2774.7s, 2688.4s to go
on time step 146987 (time=36.7467), 0.0188747 s/step
Meep progress: 36.78775/72.33333206176758 = 50.9% done in 2778.7s, 2684.9s to go
on time step 147191 (time=36.7978), 0.0197071 s/step
Meep progress: 36.8425/72.33333206176758 = 50.9% done in 2782.7s, 2680.6s to go
on time step 147416 (time=36.854), 0.0178519 s/step
Meep progress: 36.899/72.33333206176758 = 51.0% done in 2786.7s, 2676.1s to go
on time step 147641 (time=36.9102), 0.0177871 s/step
Meep progress: 36.956/72.33333206176758 = 51.1% done in 2790.7s, 2671.5s to go
on time step 147869 (time=36.9672), 0.0175951 s/step
Meep progress: 37.012/72.33333206176758 = 51.2% done in 2794.7s, 2667.0s to go
on time step 148095 (time=37.0237), 0.0177679 s/step
Meep progress: 37.0695/72.33333206176758 = 51.2% done in 2798.7s, 2662.4s to go
on time step 148322 (time=37.0805), 0.0176443 s/step
Meep progress: 37.1265/72.33333206176758 = 51.3% done in 2802.7s, 2657.8s to go
on time step 148550 (time=37.1375), 0.0175483 s/step
Meep progress: 37.18/72.33333206176758 = 51.4% done in 2806.7s, 2653.7s to go
on time step 148763 (time=37.1908), 0.0188027 s/step
Meep progress: 37.23325/72.33333206176758 = 51.5% done in 2810.7s, 2649.7s to go
on time step 148977 (time=37.2443), 0.0187551 s/step
Meep progress: 37.28675/72.33333206176758 = 51.5% done in 2814.7s, 2645.6s to go
on time step 149191 (time=37.2978), 0.0187555 s/step
Meep progress: 37.34175/72.33333206176758 = 51.6% done in 2818.8s, 2641.4s to go
on time step 149410 (time=37.3525), 0.0183145 s/step
Meep progress: 37.39675/72.33333206176758 = 51.7% done in 2822.8s, 2637.1s to go
on time step 149633 (time=37.4083), 0.0180086 s/step
Meep progress: 37.45075/72.33333206176758 = 51.8% done in 2826.8s, 2632.9s to go
on time step 149845 (time=37.4612), 0.0189545 s/step
Meep progress: 37.503/72.33333206176758 = 51.8% done in 2830.8s, 2629.0s to go
on time step 150057 (time=37.5143), 0.018957 s/step
Meep progress: 37.5575/72.33333206176758 = 51.9% done in 2834.8s, 2624.8s to go
on time step 150277 (time=37.5693), 0.0182271 s/step
Meep progress: 37.61275/72.33333206176758 = 52.0% done in 2838.8s, 2620.5s to go
on time step 150498 (time=37.6245), 0.0181318 s/step
Meep progress: 37.66825/72.33333206176758 = 52.1% done in 2842.8s, 2616.2s to go
on time step 150722 (time=37.6805), 0.0178969 s/step
Meep progress: 37.725500000000004/72.33333206176758 = 52.2% done in 2846.8s, 2611.6s to go
on time step 150950 (time=37.7375), 0.0175856 s/step
Meep progress: 37.781/72.33333206176758 = 52.2% done in 2850.8s, 2607.2s to go
on time step 151172 (time=37.793), 0.0180365 s/step
Meep progress: 37.83675/72.33333206176758 = 52.3% done in 2854.8s, 2602.8s to go
on time step 151396 (time=37.849), 0.0179274 s/step
Meep progress: 37.89475/72.33333206176758 = 52.4% done in 2858.8s, 2598.1s to go
on time step 151628 (time=37.907), 0.0172529 s/step
Meep progress: 37.952/72.33333206176758 = 52.5% done in 2862.8s, 2593.5s to go
on time step 151857 (time=37.9642), 0.017526 s/step
Meep progress: 38.0085/72.33333206176758 = 52.5% done in 2866.8s, 2589.0s to go
on time step 152082 (time=38.0205), 0.0178243 s/step
Meep progress: 38.0635/72.33333206176758 = 52.6% done in 2870.9s, 2584.7s to go
on time step 152301 (time=38.0753), 0.0183246 s/step
Meep progress: 38.11925/72.33333206176758 = 52.7% done in 2874.9s, 2580.3s to go
on time step 152526 (time=38.1315), 0.0177872 s/step
Meep progress: 38.176500000000004/72.33333206176758 = 52.8% done in 2878.9s, 2575.7s to go
on time step 152753 (time=38.1883), 0.0176224 s/step
Meep progress: 38.23225/72.33333206176758 = 52.9% done in 2882.9s, 2571.4s to go
on time step 152977 (time=38.2443), 0.0178671 s/step
Meep progress: 38.2875/72.33333206176758 = 52.9% done in 2886.9s, 2567.1s to go
on time step 153198 (time=38.2995), 0.0181726 s/step
Meep progress: 38.342/72.33333206176758 = 53.0% done in 2890.9s, 2562.9s to go
on time step 153418 (time=38.3545), 0.0181852 s/step
Meep progress: 38.4005/72.33333206176758 = 53.1% done in 2894.9s, 2558.1s to go
on time step 153650 (time=38.4125), 0.017311 s/step
Meep progress: 38.457750000000004/72.33333206176758 = 53.2% done in 2898.9s, 2553.5s to go
on time step 153881 (time=38.4703), 0.0173771 s/step
Meep progress: 38.5155/72.33333206176758 = 53.2% done in 2902.9s, 2548.9s to go
on time step 154113 (time=38.5282), 0.0173201 s/step
Meep progress: 38.57325/72.33333206176758 = 53.3% done in 2906.9s, 2544.2s to go
on time step 154343 (time=38.5857), 0.0174028 s/step
Meep progress: 38.6315/72.33333206176758 = 53.4% done in 2911.0s, 2539.5s to go
on time step 154576 (time=38.644), 0.0172311 s/step
Meep progress: 38.688/72.33333206176758 = 53.5% done in 2915.0s, 2535.0s to go
on time step 154800 (time=38.7), 0.0178703 s/step
Meep progress: 38.743/72.33333206176758 = 53.6% done in 2919.0s, 2530.8s to go
on time step 155017 (time=38.7542), 0.0184689 s/step
Meep progress: 38.7975/72.33333206176758 = 53.6% done in 2923.0s, 2526.6s to go
on time step 155239 (time=38.8098), 0.0180354 s/step
Meep progress: 38.8545/72.33333206176758 = 53.7% done in 2927.0s, 2522.0s to go
on time step 155466 (time=38.8665), 0.0176595 s/step
Meep progress: 38.91075/72.33333206176758 = 53.8% done in 2931.0s, 2517.6s to go
on time step 155693 (time=38.9233), 0.0176404 s/step
Meep progress: 38.968/72.33333206176758 = 53.9% done in 2935.0s, 2513.0s to go
on time step 155920 (time=38.98), 0.0176329 s/step
Meep progress: 39.02525/72.33333206176758 = 54.0% done in 2939.0s, 2508.5s to go
on time step 156151 (time=39.0378), 0.0173286 s/step
Meep progress: 39.08225/72.33333206176758 = 54.0% done in 2943.0s, 2503.9s to go
on time step 156377 (time=39.0943), 0.0177114 s/step
Meep progress: 39.13875/72.33333206176758 = 54.1% done in 2947.0s, 2499.4s to go
on time step 156604 (time=39.151), 0.0176451 s/step
Meep progress: 39.19375/72.33333206176758 = 54.2% done in 2951.0s, 2495.2s to go
on time step 156825 (time=39.2063), 0.0181674 s/step
Meep progress: 39.251/72.33333206176758 = 54.3% done in 2955.0s, 2490.6s to go
on time step 157052 (time=39.263), 0.0176713 s/step
Meep progress: 39.30625/72.33333206176758 = 54.3% done in 2959.0s, 2486.3s to go
on time step 157270 (time=39.3175), 0.0183813 s/step
Meep progress: 39.359/72.33333206176758 = 54.4% done in 2963.0s, 2482.4s to go
on time step 157484 (time=39.371), 0.018708 s/step
Meep progress: 39.41425/72.33333206176758 = 54.5% done in 2967.1s, 2478.1s to go
on time step 157708 (time=39.427), 0.0178873 s/step
Meep progress: 39.472500000000004/72.33333206176758 = 54.6% done in 2971.1s, 2473.4s to go
on time step 157936 (time=39.484), 0.017576 s/step
Meep progress: 39.529/72.33333206176758 = 54.6% done in 2975.1s, 2469.0s to go
on time step 158166 (time=39.5415), 0.0174743 s/step
Meep progress: 39.584/72.33333206176758 = 54.7% done in 2979.1s, 2464.7s to go
on time step 158382 (time=39.5955), 0.0185531 s/step
Meep progress: 39.63825/72.33333206176758 = 54.8% done in 2983.1s, 2460.6s to go
on time step 158601 (time=39.6502), 0.0183237 s/step
Meep progress: 39.6935/72.33333206176758 = 54.9% done in 2987.1s, 2456.3s to go
on time step 158824 (time=39.706), 0.0179703 s/step
Meep progress: 39.7505/72.33333206176758 = 55.0% done in 2991.1s, 2451.8s to go
on time step 159053 (time=39.7632), 0.0175278 s/step
Meep progress: 39.80825/72.33333206176758 = 55.0% done in 2995.1s, 2447.2s to go
on time step 159283 (time=39.8208), 0.0174368 s/step
Meep progress: 39.865500000000004/72.33333206176758 = 55.1% done in 2999.1s, 2442.6s to go
on time step 159511 (time=39.8777), 0.0176062 s/step
Meep progress: 39.92275/72.33333206176758 = 55.2% done in 3003.1s, 2438.1s to go
on time step 159742 (time=39.9355), 0.0173614 s/step
Meep progress: 39.97975/72.33333206176758 = 55.3% done in 3007.2s, 2433.5s to go
on time step 159971 (time=39.9928), 0.0175299 s/step
Meep progress: 40.036/72.33333206176758 = 55.3% done in 3011.2s, 2429.1s to go
on time step 160194 (time=40.0485), 0.0179925 s/step
Meep progress: 40.09325/72.33333206176758 = 55.4% done in 3015.2s, 2424.6s to go
on time step 160425 (time=40.1063), 0.0173664 s/step
Meep progress: 40.1495/72.33333206176758 = 55.5% done in 3019.2s, 2420.2s to go
on time step 160648 (time=40.162), 0.0179787 s/step
Meep progress: 40.206/72.33333206176758 = 55.6% done in 3023.2s, 2415.7s to go
on time step 160876 (time=40.219), 0.0175635 s/step
Meep progress: 40.26175/72.33333206176758 = 55.7% done in 3027.2s, 2411.4s to go
on time step 161100 (time=40.275), 0.0178738 s/step
Meep progress: 40.31975/72.33333206176758 = 55.7% done in 3031.2s, 2406.8s to go
on time step 161331 (time=40.3328), 0.0173474 s/step
Meep progress: 40.3765/72.33333206176758 = 55.8% done in 3035.2s, 2402.3s to go
on time step 161558 (time=40.3895), 0.0176749 s/step
Meep progress: 40.4325/72.33333206176758 = 55.9% done in 3039.2s, 2397.9s to go
on time step 161780 (time=40.445), 0.018062 s/step
Meep progress: 40.488/72.33333206176758 = 56.0% done in 3043.2s, 2393.6s to go
on time step 162004 (time=40.501), 0.0178849 s/step
Meep progress: 40.5435/72.33333206176758 = 56.1% done in 3047.2s, 2389.3s to go
on time step 162226 (time=40.5565), 0.0180353 s/step
Meep progress: 40.5995/72.33333206176758 = 56.1% done in 3051.2s, 2384.9s to go
on time step 162452 (time=40.613), 0.0177525 s/step
Meep progress: 40.65725/72.33333206176758 = 56.2% done in 3055.2s, 2380.3s to go
on time step 162684 (time=40.671), 0.0173059 s/step
Meep progress: 40.71575/72.33333206176758 = 56.3% done in 3059.3s, 2375.6s to go
on time step 162918 (time=40.7295), 0.0171097 s/step
Meep progress: 40.771750000000004/72.33333206176758 = 56.4% done in 3063.3s, 2371.3s to go
on time step 163135 (time=40.7837), 0.0184404 s/step
Meep progress: 40.82625/72.33333206176758 = 56.4% done in 3067.3s, 2367.1s to go
on time step 163359 (time=40.8398), 0.0178996 s/step
Meep progress: 40.8845/72.33333206176758 = 56.5% done in 3071.3s, 2362.5s to go
on time step 163590 (time=40.8975), 0.0173419 s/step
Meep progress: 40.9385/72.33333206176758 = 56.6% done in 3075.3s, 2358.4s to go
on time step 163804 (time=40.951), 0.0187235 s/step
Meep progress: 40.99325/72.33333206176758 = 56.7% done in 3079.3s, 2354.2s to go
on time step 164022 (time=41.0055), 0.0183512 s/step
Meep progress: 41.049/72.33333206176758 = 56.7% done in 3083.3s, 2349.9s to go
on time step 164247 (time=41.0618), 0.0177886 s/step
Meep progress: 41.106/72.33333206176758 = 56.8% done in 3087.3s, 2345.4s to go
on time step 164472 (time=41.118), 0.0178456 s/step
Meep progress: 41.159/72.33333206176758 = 56.9% done in 3091.3s, 2341.4s to go
on time step 164684 (time=41.171), 0.0188741 s/step
Meep progress: 41.211/72.33333206176758 = 57.0% done in 3095.3s, 2337.6s to go
on time step 164895 (time=41.2238), 0.0190335 s/step
Meep progress: 41.265750000000004/72.33333206176758 = 57.0% done in 3099.3s, 2333.4s to go
on time step 165113 (time=41.2782), 0.0183901 s/step
Meep progress: 41.32125/72.33333206176758 = 57.1% done in 3103.3s, 2329.1s to go
on time step 165336 (time=41.334), 0.0179738 s/step
Meep progress: 41.376/72.33333206176758 = 57.2% done in 3107.4s, 2324.9s to go
on time step 165555 (time=41.3888), 0.0183017 s/step
Meep progress: 41.4325/72.33333206176758 = 57.3% done in 3111.4s, 2320.5s to go
on time step 165782 (time=41.4455), 0.017623 s/step
Meep progress: 41.488/72.33333206176758 = 57.4% done in 3115.4s, 2316.2s to go
on time step 166003 (time=41.5008), 0.0181311 s/step
Meep progress: 41.54325/72.33333206176758 = 57.4% done in 3119.4s, 2312.0s to go
on time step 166226 (time=41.5565), 0.0179419 s/step
Meep progress: 41.60225/72.33333206176758 = 57.5% done in 3123.4s, 2307.2s to go
on time step 166462 (time=41.6155), 0.0169555 s/step
Meep progress: 41.66075/72.33333206176758 = 57.6% done in 3127.4s, 2302.5s to go
on time step 166697 (time=41.6743), 0.0170724 s/step
Meep progress: 41.719500000000004/72.33333206176758 = 57.7% done in 3131.4s, 2297.8s to go
on time step 166928 (time=41.732), 0.0173517 s/step
Meep progress: 41.7765/72.33333206176758 = 57.8% done in 3135.4s, 2293.4s to go
on time step 167157 (time=41.7893), 0.01752 s/step
Meep progress: 41.8335/72.33333206176758 = 57.8% done in 3139.4s, 2288.9s to go
on time step 167387 (time=41.8468), 0.0174177 s/step
Meep progress: 41.89175/72.33333206176758 = 57.9% done in 3143.4s, 2284.2s to go
on time step 167620 (time=41.905), 0.0171743 s/step
Meep progress: 41.945/72.33333206176758 = 58.0% done in 3147.5s, 2280.3s to go
on time step 167826 (time=41.9565), 0.0195019 s/step
Meep progress: 41.99675/72.33333206176758 = 58.1% done in 3151.5s, 2276.5s to go
on time step 168035 (time=42.0087), 0.0192279 s/step
Meep progress: 42.05375/72.33333206176758 = 58.1% done in 3155.5s, 2272.0s to go
on time step 168268 (time=42.067), 0.0172408 s/step
Meep progress: 42.112/72.33333206176758 = 58.2% done in 3159.5s, 2267.4s to go
on time step 168501 (time=42.1253), 0.0172334 s/step
Meep progress: 42.16825/72.33333206176758 = 58.3% done in 3163.5s, 2263.0s to go
on time step 168728 (time=42.182), 0.0176893 s/step
Meep progress: 42.2265/72.33333206176758 = 58.4% done in 3167.5s, 2258.4s to go
on time step 168959 (time=42.2398), 0.0173684 s/step
Meep progress: 42.2825/72.33333206176758 = 58.5% done in 3171.5s, 2254.0s to go
on time step 169186 (time=42.2965), 0.0176773 s/step
Meep progress: 42.34025/72.33333206176758 = 58.5% done in 3175.5s, 2249.5s to go
on time step 169416 (time=42.354), 0.0173959 s/step
Meep progress: 42.3995/72.33333206176758 = 58.6% done in 3179.5s, 2244.7s to go
on time step 169653 (time=42.4132), 0.0169227 s/step
Meep progress: 42.456250000000004/72.33333206176758 = 58.7% done in 3183.5s, 2240.3s to go
on time step 169880 (time=42.47), 0.0176265 s/step
Meep progress: 42.515/72.33333206176758 = 58.8% done in 3187.5s, 2235.6s to go
on time step 170115 (time=42.5288), 0.0170408 s/step
Meep progress: 42.57325/72.33333206176758 = 58.9% done in 3191.6s, 2231.0s to go
on time step 170349 (time=42.5872), 0.0171609 s/step
Meep progress: 42.633/72.33333206176758 = 58.9% done in 3195.6s, 2226.2s to go
on time step 170588 (time=42.647), 0.0167455 s/step
Meep progress: 42.69/72.33333206176758 = 59.0% done in 3199.6s, 2221.7s to go
on time step 170816 (time=42.704), 0.017591 s/step
Meep progress: 42.74925/72.33333206176758 = 59.1% done in 3203.6s, 2217.0s to go
on time step 171053 (time=42.7632), 0.0169446 s/step
Meep progress: 42.808/72.33333206176758 = 59.2% done in 3207.6s, 2212.3s to go
on time step 171288 (time=42.822), 0.0170458 s/step
Meep progress: 42.86725/72.33333206176758 = 59.3% done in 3211.6s, 2207.6s to go
on time step 171526 (time=42.8815), 0.0168509 s/step
Meep progress: 42.926/72.33333206176758 = 59.3% done in 3215.6s, 2202.9s to go
on time step 171758 (time=42.9395), 0.0173027 s/step
Meep progress: 42.98225/72.33333206176758 = 59.4% done in 3219.6s, 2198.6s to go
on time step 171984 (time=42.996), 0.0177015 s/step
Meep progress: 43.039/72.33333206176758 = 59.5% done in 3223.6s, 2194.1s to go
on time step 172211 (time=43.0528), 0.0176439 s/step
Meep progress: 43.0965/72.33333206176758 = 59.6% done in 3227.6s, 2189.6s to go
on time step 172442 (time=43.1105), 0.0173811 s/step
Meep progress: 43.15475/72.33333206176758 = 59.7% done in 3231.6s, 2185.0s to go
on time step 172676 (time=43.169), 0.0171297 s/step
Meep progress: 43.21275/72.33333206176758 = 59.7% done in 3235.6s, 2180.5s to go
on time step 172906 (time=43.2265), 0.0174183 s/step
Meep progress: 43.26975/72.33333206176758 = 59.8% done in 3239.7s, 2176.0s to go
on time step 173134 (time=43.2835), 0.0176304 s/step
Meep progress: 43.32625/72.33333206176758 = 59.9% done in 3243.7s, 2171.6s to go
on time step 173357 (time=43.3392), 0.0179375 s/step
Meep progress: 43.381750000000004/72.33333206176758 = 60.0% done in 3247.7s, 2167.4s to go
on time step 173580 (time=43.395), 0.0179597 s/step
Meep progress: 43.43625/72.33333206176758 = 60.1% done in 3251.7s, 2163.3s to go
on time step 173801 (time=43.4503), 0.0181735 s/step
Meep progress: 43.49325/72.33333206176758 = 60.1% done in 3255.7s, 2158.8s to go
on time step 174028 (time=43.507), 0.0176681 s/step
Meep progress: 43.54775/72.33333206176758 = 60.2% done in 3259.7s, 2154.7s to go
on time step 174247 (time=43.5618), 0.0182865 s/step
Meep progress: 43.60475/72.33333206176758 = 60.3% done in 3263.7s, 2150.2s to go
on time step 174471 (time=43.6178), 0.0178717 s/step
Meep progress: 43.66025/72.33333206176758 = 60.4% done in 3267.7s, 2146.0s to go
on time step 174694 (time=43.6735), 0.0180096 s/step
Meep progress: 43.71675/72.33333206176758 = 60.4% done in 3271.7s, 2141.6s to go
on time step 174924 (time=43.731), 0.0174512 s/step
Meep progress: 43.774/72.33333206176758 = 60.5% done in 3275.7s, 2137.2s to go
on time step 175154 (time=43.7885), 0.0174373 s/step
Meep progress: 43.83025/72.33333206176758 = 60.6% done in 3279.7s, 2132.8s to go
on time step 175374 (time=43.8435), 0.0182794 s/step
Meep progress: 43.88375/72.33333206176758 = 60.7% done in 3283.7s, 2128.8s to go
on time step 175594 (time=43.8985), 0.0181936 s/step
Meep progress: 43.9405/72.33333206176758 = 60.7% done in 3287.7s, 2124.4s to go
on time step 175821 (time=43.9552), 0.0176875 s/step
Meep progress: 43.99775/72.33333206176758 = 60.8% done in 3291.8s, 2120.0s to go
on time step 176046 (time=44.0115), 0.0178082 s/step
Meep progress: 44.0535/72.33333206176758 = 60.9% done in 3295.8s, 2115.7s to go
on time step 176272 (time=44.068), 0.0177576 s/step
Meep progress: 44.109500000000004/72.33333206176758 = 61.0% done in 3299.8s, 2111.4s to go
on time step 176498 (time=44.1245), 0.0177415 s/step
Meep progress: 44.164/72.33333206176758 = 61.1% done in 3303.8s, 2107.3s to go
on time step 176704 (time=44.176), 0.0194381 s/step
Meep progress: 44.21175/72.33333206176758 = 61.1% done in 3307.8s, 2104.0s to go
on time step 176895 (time=44.2238), 0.0209509 s/step
Meep progress: 44.259/72.33333206176758 = 61.2% done in 3311.8s, 2100.7s to go
on time step 177086 (time=44.2715), 0.0209951 s/step
Meep progress: 44.312/72.33333206176758 = 61.3% done in 3315.8s, 2096.8s to go
on time step 177308 (time=44.327), 0.018049 s/step
Meep progress: 44.36875/72.33333206176758 = 61.3% done in 3319.8s, 2092.4s to go
on time step 177532 (time=44.383), 0.017887 s/step
Meep progress: 44.425000000000004/72.33333206176758 = 61.4% done in 3323.8s, 2088.1s to go
on time step 177758 (time=44.4395), 0.0177437 s/step
Meep progress: 44.481500000000004/72.33333206176758 = 61.5% done in 3327.8s, 2083.7s to go
on time step 177983 (time=44.4958), 0.0178321 s/step
Meep progress: 44.538000000000004/72.33333206176758 = 61.6% done in 3331.8s, 2079.3s to go
on time step 178211 (time=44.5528), 0.0175769 s/step
Meep progress: 44.595/72.33333206176758 = 61.7% done in 3335.8s, 2074.9s to go
on time step 178436 (time=44.609), 0.0177951 s/step
Meep progress: 44.652/72.33333206176758 = 61.7% done in 3339.8s, 2070.5s to go
on time step 178665 (time=44.6662), 0.0175167 s/step
Meep progress: 44.7065/72.33333206176758 = 61.8% done in 3343.9s, 2066.4s to go
on time step 178883 (time=44.7208), 0.0183763 s/step
Meep progress: 44.763/72.33333206176758 = 61.9% done in 3347.9s, 2062.0s to go
on time step 179110 (time=44.7775), 0.0176626 s/step
Meep progress: 44.81675/72.33333206176758 = 62.0% done in 3351.9s, 2058.0s to go
on time step 179319 (time=44.8298), 0.0192757 s/step
Meep progress: 44.86725/72.33333206176758 = 62.0% done in 3355.9s, 2054.4s to go
on time step 179520 (time=44.88), 0.0199868 s/step
Meep progress: 44.920500000000004/72.33333206176758 = 62.1% done in 3359.9s, 2050.4s to go
on time step 179742 (time=44.9355), 0.0180453 s/step
Meep progress: 44.97675/72.33333206176758 = 62.2% done in 3363.9s, 2046.1s to go
on time step 179954 (time=44.9885), 0.0189058 s/step
Meep progress: 45.0255/72.33333206176758 = 62.2% done in 3367.9s, 2042.6s to go
on time step 180158 (time=45.0395), 0.0196811 s/step
Meep progress: 45.079750000000004/72.33333206176758 = 62.3% done in 3371.9s, 2038.5s to go
on time step 180378 (time=45.0945), 0.0182108 s/step
Meep progress: 45.13875/72.33333206176758 = 62.4% done in 3375.9s, 2033.9s to go
on time step 180617 (time=45.1542), 0.0167759 s/step
Meep progress: 45.197/72.33333206176758 = 62.5% done in 3379.9s, 2029.3s to go
on time step 180849 (time=45.2123), 0.0172535 s/step
Meep progress: 45.256/72.33333206176758 = 62.6% done in 3384.0s, 2024.7s to go
on time step 181085 (time=45.2713), 0.0169493 s/step
Meep progress: 45.313/72.33333206176758 = 62.6% done in 3388.0s, 2020.3s to go
on time step 181308 (time=45.327), 0.0179516 s/step
Meep progress: 45.36625/72.33333206176758 = 62.7% done in 3392.0s, 2016.3s to go
on time step 181522 (time=45.3805), 0.0187167 s/step
Meep progress: 45.41975/72.33333206176758 = 62.8% done in 3396.0s, 2012.3s to go
on time step 181734 (time=45.4335), 0.0189321 s/step
Meep progress: 45.475500000000004/72.33333206176758 = 62.9% done in 3400.0s, 2008.0s to go
on time step 181956 (time=45.489), 0.0180603 s/step
Meep progress: 45.5315/72.33333206176758 = 62.9% done in 3404.0s, 2003.7s to go
on time step 182183 (time=45.5457), 0.0176564 s/step
Meep progress: 45.589/72.33333206176758 = 63.0% done in 3408.0s, 1999.3s to go
on time step 182411 (time=45.6028), 0.0175814 s/step
Meep progress: 45.64575/72.33333206176758 = 63.1% done in 3412.0s, 1994.9s to go
on time step 182644 (time=45.661), 0.0171974 s/step
Meep progress: 45.70425/72.33333206176758 = 63.2% done in 3416.0s, 1990.3s to go
on time step 182875 (time=45.7188), 0.0173551 s/step
Meep progress: 45.76225/72.33333206176758 = 63.3% done in 3420.1s, 1985.8s to go
on time step 183110 (time=45.7775), 0.0170895 s/step
Meep progress: 45.8175/72.33333206176758 = 63.3% done in 3424.1s, 1981.6s to go
on time step 183325 (time=45.8313), 0.0186671 s/step
Meep progress: 45.8735/72.33333206176758 = 63.4% done in 3428.1s, 1977.3s to go
on time step 183554 (time=45.8885), 0.0174747 s/step
Meep progress: 45.93175/72.33333206176758 = 63.5% done in 3432.1s, 1972.8s to go
on time step 183788 (time=45.947), 0.017099 s/step
Meep progress: 45.99025/72.33333206176758 = 63.6% done in 3436.1s, 1968.2s to go
on time step 184020 (time=46.005), 0.0172582 s/step
Meep progress: 46.047000000000004/72.33333206176758 = 63.7% done in 3440.1s, 1963.8s to go
on time step 184246 (time=46.0615), 0.0177053 s/step
Meep progress: 46.10575/72.33333206176758 = 63.7% done in 3444.1s, 1959.2s to go
on time step 184482 (time=46.1205), 0.0169969 s/step
Meep progress: 46.16425/72.33333206176758 = 63.8% done in 3448.1s, 1954.6s to go
on time step 184716 (time=46.179), 0.0171548 s/step
Meep progress: 46.22225/72.33333206176758 = 63.9% done in 3452.1s, 1950.1s to go
on time step 184948 (time=46.237), 0.017258 s/step
Meep progress: 46.28075/72.33333206176758 = 64.0% done in 3456.1s, 1945.5s to go
on time step 185182 (time=46.2955), 0.0171069 s/step
Meep progress: 46.3405/72.33333206176758 = 64.1% done in 3460.2s, 1940.8s to go
on time step 185418 (time=46.3545), 0.0169869 s/step
Meep progress: 46.3995/72.33333206176758 = 64.1% done in 3464.2s, 1936.2s to go
on time step 185657 (time=46.4143), 0.0167613 s/step
Meep progress: 46.454750000000004/72.33333206176758 = 64.2% done in 3468.2s, 1932.0s to go
on time step 185866 (time=46.4665), 0.0191629 s/step
Meep progress: 46.50625/72.33333206176758 = 64.3% done in 3472.2s, 1928.3s to go
on time step 186078 (time=46.5195), 0.0189154 s/step
Meep progress: 46.5565/72.33333206176758 = 64.4% done in 3476.2s, 1924.7s to go
on time step 186278 (time=46.5695), 0.0201025 s/step
Meep progress: 46.60775/72.33333206176758 = 64.4% done in 3480.2s, 1920.9s to go
on time step 186482 (time=46.6205), 0.0196469 s/step
Meep progress: 46.662/72.33333206176758 = 64.5% done in 3484.2s, 1916.9s to go
on time step 186705 (time=46.6763), 0.0180117 s/step
Meep progress: 46.72/72.33333206176758 = 64.6% done in 3488.2s, 1912.3s to go
on time step 186940 (time=46.735), 0.0170793 s/step
Meep progress: 46.778/72.33333206176758 = 64.7% done in 3492.2s, 1907.8s to go
on time step 187173 (time=46.7933), 0.0172181 s/step
Meep progress: 46.8365/72.33333206176758 = 64.8% done in 3496.2s, 1903.3s to go
on time step 187407 (time=46.8518), 0.0171485 s/step
Meep progress: 46.895250000000004/72.33333206176758 = 64.8% done in 3500.2s, 1898.7s to go
on time step 187640 (time=46.91), 0.0172233 s/step
Meep progress: 46.953250000000004/72.33333206176758 = 64.9% done in 3504.3s, 1894.2s to go
on time step 187870 (time=46.9675), 0.0174492 s/step
Meep progress: 47.00925/72.33333206176758 = 65.0% done in 3508.3s, 1889.9s to go
on time step 188098 (time=47.0245), 0.0175721 s/step
Meep progress: 47.068/72.33333206176758 = 65.1% done in 3512.3s, 1885.3s to go
on time step 188327 (time=47.0817), 0.0175185 s/step
Meep progress: 47.125/72.33333206176758 = 65.1% done in 3516.3s, 1880.9s to go
on time step 188559 (time=47.1397), 0.0172972 s/step
Meep progress: 47.18025/72.33333206176758 = 65.2% done in 3520.3s, 1876.8s to go
on time step 188779 (time=47.1947), 0.0182109 s/step
Meep progress: 47.23475/72.33333206176758 = 65.3% done in 3524.3s, 1872.7s to go
on time step 189000 (time=47.25), 0.018105 s/step
Meep progress: 47.294000000000004/72.33333206176758 = 65.4% done in 3528.3s, 1868.0s to go
on time step 189237 (time=47.3092), 0.0169408 s/step
Meep progress: 47.3515/72.33333206176758 = 65.5% done in 3532.3s, 1863.6s to go
on time step 189468 (time=47.367), 0.0173593 s/step
Meep progress: 47.410000000000004/72.33333206176758 = 65.5% done in 3536.3s, 1859.0s to go
on time step 189702 (time=47.4255), 0.017143 s/step
Meep progress: 47.469/72.33333206176758 = 65.6% done in 3540.3s, 1854.4s to go
on time step 189939 (time=47.4847), 0.0169355 s/step
Meep progress: 47.52775/72.33333206176758 = 65.7% done in 3544.3s, 1849.9s to go
on time step 190173 (time=47.5433), 0.0171211 s/step
Meep progress: 47.585750000000004/72.33333206176758 = 65.8% done in 3548.3s, 1845.4s to go
on time step 190400 (time=47.6), 0.0176333 s/step
Meep progress: 47.642/72.33333206176758 = 65.9% done in 3552.4s, 1841.1s to go
on time step 190631 (time=47.6578), 0.0173387 s/step
Meep progress: 47.70125/72.33333206176758 = 65.9% done in 3556.4s, 1836.4s to go
on time step 190868 (time=47.717), 0.0169227 s/step
Meep progress: 47.76025/72.33333206176758 = 66.0% done in 3560.4s, 1831.8s to go
on time step 191102 (time=47.7755), 0.0170971 s/step
Meep progress: 47.819250000000004/72.33333206176758 = 66.1% done in 3564.4s, 1827.2s to go
on time step 191339 (time=47.8347), 0.0169414 s/step
Meep progress: 47.877/72.33333206176758 = 66.2% done in 3568.4s, 1822.8s to go
on time step 191570 (time=47.8925), 0.0173172 s/step
Meep progress: 47.93625/72.33333206176758 = 66.3% done in 3572.4s, 1818.2s to go
on time step 191807 (time=47.9518), 0.0169015 s/step
Meep progress: 47.99525/72.33333206176758 = 66.4% done in 3576.4s, 1813.6s to go
on time step 192043 (time=48.0108), 0.0170096 s/step
Meep progress: 48.05125/72.33333206176758 = 66.4% done in 3580.4s, 1809.3s to go
on time step 192264 (time=48.066), 0.018136 s/step
Meep progress: 48.109/72.33333206176758 = 66.5% done in 3584.4s, 1804.9s to go
on time step 192498 (time=48.1245), 0.0171686 s/step
Meep progress: 48.16625/72.33333206176758 = 66.6% done in 3588.4s, 1800.5s to go
on time step 192727 (time=48.1818), 0.017476 s/step
Meep progress: 48.224000000000004/72.33333206176758 = 66.7% done in 3592.4s, 1796.0s to go
on time step 192958 (time=48.2395), 0.0173226 s/step
Meep progress: 48.2815/72.33333206176758 = 66.7% done in 3596.4s, 1791.6s to go
on time step 193186 (time=48.2965), 0.0175583 s/step
Meep progress: 48.3385/72.33333206176758 = 66.8% done in 3600.4s, 1787.2s to go
on time step 193415 (time=48.3537), 0.0175366 s/step
Meep progress: 48.396/72.33333206176758 = 66.9% done in 3604.5s, 1782.8s to go
on time step 193645 (time=48.4113), 0.0174029 s/step
Meep progress: 48.45375/72.33333206176758 = 67.0% done in 3608.5s, 1778.4s to go
on time step 193874 (time=48.4685), 0.0174744 s/step
Meep progress: 48.51/72.33333206176758 = 67.1% done in 3612.5s, 1774.1s to go
on time step 194102 (time=48.5255), 0.0176172 s/step
Meep progress: 48.56825/72.33333206176758 = 67.1% done in 3616.5s, 1769.6s to go
on time step 194334 (time=48.5835), 0.0172628 s/step
Meep progress: 48.62525/72.33333206176758 = 67.2% done in 3620.5s, 1765.2s to go
on time step 194561 (time=48.6403), 0.0176346 s/step
Meep progress: 48.68325/72.33333206176758 = 67.3% done in 3624.5s, 1760.8s to go
on time step 194793 (time=48.6983), 0.0173212 s/step
Meep progress: 48.741/72.33333206176758 = 67.4% done in 3628.5s, 1756.3s to go
on time step 195028 (time=48.757), 0.0170895 s/step
Meep progress: 48.8005/72.33333206176758 = 67.5% done in 3632.5s, 1751.7s to go
on time step 195266 (time=48.8165), 0.016892 s/step
Meep progress: 48.859/72.33333206176758 = 67.5% done in 3636.5s, 1747.2s to go
on time step 195501 (time=48.8753), 0.0170831 s/step
Meep progress: 48.91325/72.33333206176758 = 67.6% done in 3640.5s, 1743.1s to go
on time step 195706 (time=48.9265), 0.0196023 s/step
Meep progress: 48.96575/72.33333206176758 = 67.7% done in 3644.6s, 1739.3s to go
on time step 195924 (time=48.981), 0.0184269 s/step
Meep progress: 49.0215/72.33333206176758 = 67.8% done in 3648.6s, 1735.0s to go
on time step 196150 (time=49.0375), 0.0177756 s/step
Meep progress: 49.0775/72.33333206176758 = 67.8% done in 3652.6s, 1730.8s to go
on time step 196374 (time=49.0935), 0.0178825 s/step
Meep progress: 49.1285/72.33333206176758 = 67.9% done in 3656.6s, 1727.1s to go
on time step 196574 (time=49.1435), 0.0200118 s/step
Meep progress: 49.183/72.33333206176758 = 68.0% done in 3660.6s, 1723.0s to go
on time step 196793 (time=49.1983), 0.0182835 s/step
Meep progress: 49.23825/72.33333206176758 = 68.1% done in 3664.6s, 1718.9s to go
on time step 197018 (time=49.2545), 0.0178127 s/step
Meep progress: 49.29075/72.33333206176758 = 68.1% done in 3668.6s, 1715.0s to go
on time step 197215 (time=49.3038), 0.0203656 s/step
Meep progress: 49.342/72.33333206176758 = 68.2% done in 3672.6s, 1711.3s to go
on time step 197430 (time=49.3575), 0.0186408 s/step
Meep progress: 49.39625/72.33333206176758 = 68.3% done in 3676.6s, 1707.2s to go
on time step 197647 (time=49.4117), 0.0185023 s/step
Meep progress: 49.451750000000004/72.33333206176758 = 68.4% done in 3680.6s, 1703.0s to go
on time step 197870 (time=49.4675), 0.018013 s/step
Meep progress: 49.50625/72.33333206176758 = 68.4% done in 3684.6s, 1699.0s to go
on time step 198087 (time=49.5218), 0.0184886 s/step
Meep progress: 49.5605/72.33333206176758 = 68.5% done in 3688.6s, 1694.9s to go
on time step 198304 (time=49.576), 0.0184856 s/step
Meep progress: 49.61475/72.33333206176758 = 68.6% done in 3692.6s, 1690.9s to go
on time step 198523 (time=49.6307), 0.018326 s/step
Meep progress: 49.66925/72.33333206176758 = 68.7% done in 3696.7s, 1686.8s to go
on time step 198740 (time=49.685), 0.0184503 s/step
Meep progress: 49.724000000000004/72.33333206176758 = 68.7% done in 3700.7s, 1682.7s to go
on time step 198959 (time=49.7398), 0.018279 s/step
Meep progress: 49.779/72.33333206176758 = 68.8% done in 3704.7s, 1678.6s to go
on time step 199179 (time=49.7948), 0.0181854 s/step
Meep progress: 49.834250000000004/72.33333206176758 = 68.9% done in 3708.7s, 1674.4s to go
on time step 199397 (time=49.8492), 0.0184117 s/step
Meep progress: 49.88675/72.33333206176758 = 69.0% done in 3712.7s, 1670.5s to go
on time step 199609 (time=49.9023), 0.0188803 s/step
Meep progress: 49.942/72.33333206176758 = 69.0% done in 3716.7s, 1666.4s to go
on time step 199830 (time=49.9575), 0.0181156 s/step
Meep progress: 49.997/72.33333206176758 = 69.1% done in 3720.7s, 1662.3s to go
on time step 200049 (time=50.0123), 0.0182725 s/step
Meep progress: 50.05075/72.33333206176758 = 69.2% done in 3724.7s, 1658.3s to go
on time step 200263 (time=50.0658), 0.0187468 s/step
Meep progress: 50.108000000000004/72.33333206176758 = 69.3% done in 3728.7s, 1653.9s to go
on time step 200498 (time=50.1245), 0.0170695 s/step
Meep progress: 50.16625/72.33333206176758 = 69.4% done in 3732.8s, 1649.4s to go
on time step 200730 (time=50.1825), 0.0172492 s/step
Meep progress: 50.22425/72.33333206176758 = 69.4% done in 3736.8s, 1645.0s to go
on time step 200959 (time=50.2398), 0.0174722 s/step
Meep progress: 50.282000000000004/72.33333206176758 = 69.5% done in 3740.8s, 1640.5s to go
on time step 201191 (time=50.2978), 0.0173045 s/step
Meep progress: 50.3395/72.33333206176758 = 69.6% done in 3744.8s, 1636.1s to go
on time step 201416 (time=50.354), 0.0178669 s/step
Meep progress: 50.3935/72.33333206176758 = 69.7% done in 3748.8s, 1632.1s to go
on time step 201640 (time=50.41), 0.0178866 s/step
Meep progress: 50.451750000000004/72.33333206176758 = 69.7% done in 3752.8s, 1627.6s to go
on time step 201872 (time=50.468), 0.0172864 s/step
Meep progress: 50.51025/72.33333206176758 = 69.8% done in 3756.8s, 1623.1s to go
on time step 202108 (time=50.527), 0.0169708 s/step
Meep progress: 50.5695/72.33333206176758 = 69.9% done in 3760.8s, 1618.6s to go
on time step 202344 (time=50.586), 0.0169793 s/step
Meep progress: 50.625750000000004/72.33333206176758 = 70.0% done in 3764.8s, 1614.3s to go
on time step 202569 (time=50.6423), 0.0178214 s/step
Meep progress: 50.68175/72.33333206176758 = 70.1% done in 3768.8s, 1610.1s to go
on time step 202792 (time=50.698), 0.0179676 s/step
Meep progress: 50.740500000000004/72.33333206176758 = 70.1% done in 3772.8s, 1605.5s to go
on time step 203025 (time=50.7563), 0.0171757 s/step
Meep progress: 50.79725/72.33333206176758 = 70.2% done in 3776.8s, 1601.2s to go
on time step 203248 (time=50.812), 0.017993 s/step
Meep progress: 50.852000000000004/72.33333206176758 = 70.3% done in 3780.9s, 1597.1s to go
on time step 203469 (time=50.8672), 0.0181562 s/step
Meep progress: 50.908/72.33333206176758 = 70.4% done in 3784.9s, 1592.9s to go
on time step 203696 (time=50.924), 0.0176286 s/step
Meep progress: 50.96625/72.33333206176758 = 70.5% done in 3788.9s, 1588.4s to go
on time step 203932 (time=50.983), 0.0169781 s/step
Meep progress: 51.024750000000004/72.33333206176758 = 70.5% done in 3792.9s, 1584.0s to go
on time step 204166 (time=51.0415), 0.0171297 s/step
Meep progress: 51.0845/72.33333206176758 = 70.6% done in 3796.9s, 1579.3s to go
on time step 204403 (time=51.1007), 0.0168801 s/step
Meep progress: 51.14325/72.33333206176758 = 70.7% done in 3800.9s, 1574.8s to go
on time step 204637 (time=51.1593), 0.0171219 s/step
Meep progress: 51.20075/72.33333206176758 = 70.8% done in 3804.9s, 1570.4s to go
on time step 204866 (time=51.2165), 0.0174724 s/step
Meep progress: 51.25725/72.33333206176758 = 70.9% done in 3808.9s, 1566.2s to go
on time step 205090 (time=51.2725), 0.017892 s/step
Meep progress: 51.31375/72.33333206176758 = 70.9% done in 3812.9s, 1561.9s to go
on time step 205316 (time=51.329), 0.0177302 s/step
Meep progress: 51.370000000000005/72.33333206176758 = 71.0% done in 3816.9s, 1557.6s to go
on time step 205546 (time=51.3865), 0.0174448 s/step
Meep progress: 51.42975/72.33333206176758 = 71.1% done in 3821.0s, 1553.0s to go
on time step 205783 (time=51.4458), 0.0168995 s/step
Meep progress: 51.4865/72.33333206176758 = 71.2% done in 3825.0s, 1548.7s to go
on time step 206006 (time=51.5015), 0.0180016 s/step
Meep progress: 51.544000000000004/72.33333206176758 = 71.3% done in 3829.0s, 1544.4s to go
on time step 206242 (time=51.5605), 0.0170046 s/step
Meep progress: 51.60175/72.33333206176758 = 71.3% done in 3833.0s, 1540.0s to go
on time step 206469 (time=51.6172), 0.0176779 s/step
Meep progress: 51.65725/72.33333206176758 = 71.4% done in 3837.0s, 1535.8s to go
on time step 206687 (time=51.6718), 0.0183888 s/step
Meep progress: 51.7125/72.33333206176758 = 71.5% done in 3841.0s, 1531.6s to go
on time step 206914 (time=51.7285), 0.0176798 s/step
Meep progress: 51.771/72.33333206176758 = 71.6% done in 3845.0s, 1527.2s to go
on time step 207148 (time=51.787), 0.017121 s/step
Meep progress: 51.83/72.33333206176758 = 71.7% done in 3849.0s, 1522.6s to go
on time step 207386 (time=51.8465), 0.0168736 s/step
Meep progress: 51.889250000000004/72.33333206176758 = 71.7% done in 3853.1s, 1518.1s to go
on time step 207623 (time=51.9057), 0.0169384 s/step
Meep progress: 51.9485/72.33333206176758 = 71.8% done in 3857.1s, 1513.5s to go
on time step 207857 (time=51.9642), 0.0171069 s/step
Meep progress: 52.0045/72.33333206176758 = 71.9% done in 3861.1s, 1509.3s to go
on time step 208077 (time=52.0192), 0.0181957 s/step
Meep progress: 52.061/72.33333206176758 = 72.0% done in 3865.1s, 1505.1s to go
on time step 208304 (time=52.076), 0.0176568 s/step
Meep progress: 52.11775/72.33333206176758 = 72.1% done in 3869.1s, 1500.8s to go
on time step 208535 (time=52.1337), 0.017389 s/step
Meep progress: 52.17575/72.33333206176758 = 72.1% done in 3873.1s, 1496.3s to go
on time step 208767 (time=52.1917), 0.0173113 s/step
Meep progress: 52.23275/72.33333206176758 = 72.2% done in 3877.1s, 1492.0s to go
on time step 208996 (time=52.249), 0.0175385 s/step
Meep progress: 52.29/72.33333206176758 = 72.3% done in 3881.1s, 1487.7s to go
on time step 209223 (time=52.3058), 0.0176608 s/step
Meep progress: 52.34575/72.33333206176758 = 72.4% done in 3885.1s, 1483.5s to go
on time step 209441 (time=52.3603), 0.0184057 s/step
Meep progress: 52.398250000000004/72.33333206176758 = 72.4% done in 3889.2s, 1479.6s to go
on time step 209648 (time=52.412), 0.0193576 s/step
Meep progress: 52.448750000000004/72.33333206176758 = 72.5% done in 3893.2s, 1476.0s to go
on time step 209851 (time=52.4627), 0.0197466 s/step
Meep progress: 52.50275/72.33333206176758 = 72.6% done in 3897.2s, 1472.0s to go
on time step 210072 (time=52.518), 0.0181459 s/step
Meep progress: 52.5595/72.33333206176758 = 72.7% done in 3901.2s, 1467.7s to go
on time step 210299 (time=52.5748), 0.0176933 s/step
Meep progress: 52.61625/72.33333206176758 = 72.7% done in 3905.2s, 1463.4s to go
on time step 210528 (time=52.632), 0.0174735 s/step
Meep progress: 52.673500000000004/72.33333206176758 = 72.8% done in 3909.2s, 1459.1s to go
on time step 210757 (time=52.6893), 0.0175019 s/step
Meep progress: 52.72675/72.33333206176758 = 72.9% done in 3913.2s, 1455.1s to go
on time step 210967 (time=52.7418), 0.0190847 s/step
Meep progress: 52.781/72.33333206176758 = 73.0% done in 3917.2s, 1451.1s to go
on time step 211184 (time=52.796), 0.0184696 s/step
Meep progress: 52.83525/72.33333206176758 = 73.0% done in 3921.2s, 1447.1s to go
on time step 211400 (time=52.85), 0.0185819 s/step
Meep progress: 52.8895/72.33333206176758 = 73.1% done in 3925.2s, 1443.0s to go
on time step 211617 (time=52.9042), 0.0184384 s/step
Meep progress: 52.945750000000004/72.33333206176758 = 73.2% done in 3929.2s, 1438.8s to go
on time step 211846 (time=52.9615), 0.0175264 s/step
Meep progress: 53.0025/72.33333206176758 = 73.3% done in 3933.2s, 1434.5s to go
on time step 212075 (time=53.0188), 0.0174923 s/step
Meep progress: 53.06025/72.33333206176758 = 73.4% done in 3937.3s, 1430.1s to go
on time step 212308 (time=53.077), 0.0171885 s/step
Meep progress: 53.11925/72.33333206176758 = 73.4% done in 3941.3s, 1425.6s to go
on time step 212540 (time=53.135), 0.0172678 s/step
Meep progress: 53.17725/72.33333206176758 = 73.5% done in 3945.3s, 1421.2s to go
on time step 212776 (time=53.194), 0.0169609 s/step
Meep progress: 53.23675/72.33333206176758 = 73.6% done in 3949.3s, 1416.6s to go
on time step 213011 (time=53.2527), 0.0170439 s/step
Meep progress: 53.29325/72.33333206176758 = 73.7% done in 3953.3s, 1412.4s to go
on time step 213234 (time=53.3085), 0.0179567 s/step
Meep progress: 53.35/72.33333206176758 = 73.8% done in 3957.3s, 1408.1s to go
on time step 213459 (time=53.3648), 0.0178338 s/step
Meep progress: 53.4045/72.33333206176758 = 73.8% done in 3961.3s, 1404.1s to go
on time step 213679 (time=53.4198), 0.0181919 s/step
Meep progress: 53.4605/72.33333206176758 = 73.9% done in 3965.3s, 1399.8s to go
on time step 213905 (time=53.4763), 0.0177321 s/step
Meep progress: 53.5175/72.33333206176758 = 74.0% done in 3969.3s, 1395.5s to go
on time step 214135 (time=53.5337), 0.0174062 s/step
Meep progress: 53.57475/72.33333206176758 = 74.1% done in 3973.3s, 1391.2s to go
on time step 214365 (time=53.5913), 0.0174509 s/step
Meep progress: 53.63275/72.33333206176758 = 74.1% done in 3977.3s, 1386.8s to go
on time step 214596 (time=53.649), 0.0173617 s/step
Meep progress: 53.689750000000004/72.33333206176758 = 74.2% done in 3981.3s, 1382.5s to go
on time step 214823 (time=53.7058), 0.0176247 s/step
Meep progress: 53.747/72.33333206176758 = 74.3% done in 3985.3s, 1378.2s to go
on time step 215051 (time=53.7628), 0.0175783 s/step
Meep progress: 53.80225/72.33333206176758 = 74.4% done in 3989.4s, 1374.1s to go
on time step 215273 (time=53.8182), 0.0180693 s/step
Meep progress: 53.85925/72.33333206176758 = 74.5% done in 3993.4s, 1369.8s to go
on time step 215500 (time=53.875), 0.0176892 s/step
Meep progress: 53.91475/72.33333206176758 = 74.5% done in 3997.4s, 1365.6s to go
on time step 215726 (time=53.9315), 0.0177662 s/step
Meep progress: 53.9735/72.33333206176758 = 74.6% done in 4001.4s, 1361.1s to go
on time step 215959 (time=53.9898), 0.0172139 s/step
Meep progress: 54.0315/72.33333206176758 = 74.7% done in 4005.4s, 1356.7s to go
on time step 216183 (time=54.0457), 0.0179093 s/step
Meep progress: 54.08225/72.33333206176758 = 74.8% done in 4009.4s, 1353.1s to go
on time step 216386 (time=54.0965), 0.0197751 s/step
Meep progress: 54.1365/72.33333206176758 = 74.8% done in 4013.4s, 1349.0s to go
on time step 216614 (time=54.1535), 0.0176003 s/step
Meep progress: 54.19375/72.33333206176758 = 74.9% done in 4017.4s, 1344.7s to go
on time step 216840 (time=54.21), 0.0177244 s/step
Meep progress: 54.2485/72.33333206176758 = 75.0% done in 4021.4s, 1340.6s to go
on time step 217056 (time=54.264), 0.0185264 s/step
Meep progress: 54.30625/72.33333206176758 = 75.1% done in 4025.4s, 1336.3s to go
on time step 217293 (time=54.3233), 0.0169382 s/step
Meep progress: 54.365500000000004/72.33333206176758 = 75.2% done in 4029.5s, 1331.7s to go
on time step 217530 (time=54.3825), 0.0169167 s/step
Meep progress: 54.42425/72.33333206176758 = 75.2% done in 4033.5s, 1327.3s to go
on time step 217764 (time=54.441), 0.0171018 s/step
Meep progress: 54.484/72.33333206176758 = 75.3% done in 4037.5s, 1322.7s to go
on time step 218003 (time=54.5008), 0.0167873 s/step
Meep progress: 54.543/72.33333206176758 = 75.4% done in 4041.5s, 1318.2s to go
on time step 218235 (time=54.5588), 0.0172571 s/step
Meep progress: 54.597500000000004/72.33333206176758 = 75.5% done in 4045.5s, 1314.2s to go
on time step 218453 (time=54.6133), 0.0184091 s/step
Meep progress: 54.656/72.33333206176758 = 75.6% done in 4049.5s, 1309.7s to go
on time step 218691 (time=54.6728), 0.0168405 s/step
Meep progress: 54.71425/72.33333206176758 = 75.6% done in 4053.5s, 1305.3s to go
on time step 218922 (time=54.7305), 0.0173743 s/step
Meep progress: 54.77275/72.33333206176758 = 75.7% done in 4057.5s, 1300.9s to go
on time step 219149 (time=54.7873), 0.0176653 s/step
Meep progress: 54.82475/72.33333206176758 = 75.8% done in 4061.6s, 1297.1s to go
on time step 219356 (time=54.839), 0.0193591 s/step
Meep progress: 54.87775/72.33333206176758 = 75.9% done in 4065.6s, 1293.2s to go
on time step 219576 (time=54.894), 0.0182041 s/step
Meep progress: 54.93575/72.33333206176758 = 75.9% done in 4069.6s, 1288.8s to go
on time step 219810 (time=54.9525), 0.0171103 s/step
Meep progress: 54.99325/72.33333206176758 = 76.0% done in 4073.6s, 1284.4s to go
on time step 220039 (time=55.0098), 0.0174902 s/step
Meep progress: 55.051/72.33333206176758 = 76.1% done in 4077.6s, 1280.1s to go
on time step 220269 (time=55.0673), 0.0174642 s/step
Meep progress: 55.108000000000004/72.33333206176758 = 76.2% done in 4081.6s, 1275.8s to go
on time step 220497 (time=55.1243), 0.0176023 s/step
Meep progress: 55.165/72.33333206176758 = 76.3% done in 4085.6s, 1271.5s to go
on time step 220729 (time=55.1823), 0.0172998 s/step
Meep progress: 55.2245/72.33333206176758 = 76.3% done in 4089.6s, 1267.0s to go
on time step 220965 (time=55.2413), 0.0169901 s/step
Meep progress: 55.2815/72.33333206176758 = 76.4% done in 4093.6s, 1262.7s to go
on time step 221195 (time=55.2987), 0.0174649 s/step
Meep progress: 55.3395/72.33333206176758 = 76.5% done in 4097.6s, 1258.3s to go
on time step 221425 (time=55.3563), 0.0174499 s/step
Meep progress: 55.395/72.33333206176758 = 76.6% done in 4101.6s, 1254.2s to go
on time step 221644 (time=55.411), 0.018291 s/step
Meep progress: 55.44975/72.33333206176758 = 76.7% done in 4105.6s, 1250.1s to go
on time step 221864 (time=55.466), 0.0182156 s/step
Meep progress: 55.5075/72.33333206176758 = 76.7% done in 4109.7s, 1245.7s to go
on time step 222096 (time=55.524), 0.0172655 s/step
Meep progress: 55.55825/72.33333206176758 = 76.8% done in 4113.7s, 1242.1s to go
on time step 222293 (time=55.5733), 0.0203705 s/step
Meep progress: 55.6115/72.33333206176758 = 76.9% done in 4117.7s, 1238.1s to go
on time step 222510 (time=55.6275), 0.0184953 s/step
Meep progress: 55.667500000000004/72.33333206176758 = 77.0% done in 4121.7s, 1234.0s to go
on time step 222732 (time=55.683), 0.0180739 s/step
Meep progress: 55.7215/72.33333206176758 = 77.0% done in 4125.7s, 1230.0s to go
on time step 222948 (time=55.737), 0.0185684 s/step
Meep progress: 55.778/72.33333206176758 = 77.1% done in 4129.7s, 1225.7s to go
on time step 223175 (time=55.7938), 0.0176868 s/step
Meep progress: 55.83325/72.33333206176758 = 77.2% done in 4133.7s, 1221.6s to go
on time step 223396 (time=55.849), 0.0181091 s/step
Meep progress: 55.889/72.33333206176758 = 77.3% done in 4137.7s, 1217.4s to go
on time step 223622 (time=55.9055), 0.0177423 s/step
Meep progress: 55.944250000000004/72.33333206176758 = 77.3% done in 4141.7s, 1213.3s to go
on time step 223839 (time=55.9597), 0.0185161 s/step
Meep progress: 56.0/72.33333206176758 = 77.4% done in 4145.7s, 1209.2s to go
on time step 224066 (time=56.0165), 0.0176469 s/step
Meep progress: 56.0555/72.33333206176758 = 77.5% done in 4149.7s, 1205.0s to go
on time step 224291 (time=56.0727), 0.0178245 s/step
Meep progress: 56.11075/72.33333206176758 = 77.6% done in 4153.7s, 1200.9s to go
on time step 224510 (time=56.1275), 0.0182702 s/step
Meep progress: 56.169000000000004/72.33333206176758 = 77.7% done in 4157.7s, 1196.5s to go
on time step 224747 (time=56.1868), 0.0169165 s/step
Meep progress: 56.2265/72.33333206176758 = 77.7% done in 4161.7s, 1192.2s to go
on time step 224975 (time=56.2437), 0.0175542 s/step
Meep progress: 56.28375/72.33333206176758 = 77.8% done in 4165.8s, 1187.9s to go
on time step 225200 (time=56.3), 0.0177945 s/step
Meep progress: 56.3405/72.33333206176758 = 77.9% done in 4169.8s, 1183.6s to go
on time step 225430 (time=56.3575), 0.0174534 s/step
Meep progress: 56.397/72.33333206176758 = 78.0% done in 4173.8s, 1179.4s to go
on time step 225654 (time=56.4135), 0.0178952 s/step
Meep progress: 56.451/72.33333206176758 = 78.0% done in 4177.8s, 1175.4s to go
on time step 225872 (time=56.468), 0.0183853 s/step
Meep progress: 56.5065/72.33333206176758 = 78.1% done in 4181.8s, 1171.3s to go
on time step 226094 (time=56.5235), 0.0180304 s/step
Meep progress: 56.563250000000004/72.33333206176758 = 78.2% done in 4185.8s, 1167.0s to go
on time step 226324 (time=56.581), 0.0174236 s/step
Meep progress: 56.62125/72.33333206176758 = 78.3% done in 4189.8s, 1162.6s to go
on time step 226556 (time=56.639), 0.017314 s/step
Meep progress: 56.67825/72.33333206176758 = 78.4% done in 4193.8s, 1158.4s to go
on time step 226785 (time=56.6962), 0.0175122 s/step
Meep progress: 56.7365/72.33333206176758 = 78.4% done in 4197.8s, 1154.0s to go
on time step 227018 (time=56.7545), 0.0172046 s/step
Meep progress: 56.79525/72.33333206176758 = 78.5% done in 4201.8s, 1149.5s to go
on time step 227253 (time=56.8133), 0.0170879 s/step
Meep progress: 56.8525/72.33333206176758 = 78.6% done in 4205.8s, 1145.2s to go
on time step 227473 (time=56.8683), 0.0181886 s/step
Meep progress: 56.90475/72.33333206176758 = 78.7% done in 4209.8s, 1141.4s to go
on time step 227681 (time=56.9203), 0.0192712 s/step
Meep progress: 56.957/72.33333206176758 = 78.7% done in 4213.9s, 1137.6s to go
on time step 227896 (time=56.974), 0.0186741 s/step
Meep progress: 57.0085/72.33333206176758 = 78.8% done in 4217.9s, 1133.8s to go
on time step 228100 (time=57.025), 0.019636 s/step
Meep progress: 57.0615/72.33333206176758 = 78.9% done in 4221.9s, 1129.9s to go
on time step 228311 (time=57.0778), 0.0189644 s/step
Meep progress: 57.11225/72.33333206176758 = 79.0% done in 4225.9s, 1126.2s to go
on time step 228507 (time=57.1268), 0.0204633 s/step
Meep progress: 57.166000000000004/72.33333206176758 = 79.0% done in 4229.9s, 1122.3s to go
on time step 228733 (time=57.1833), 0.0177583 s/step
Meep progress: 57.221000000000004/72.33333206176758 = 79.1% done in 4233.9s, 1118.2s to go
on time step 228953 (time=57.2383), 0.0181821 s/step
Meep progress: 57.27875/72.33333206176758 = 79.2% done in 4237.9s, 1113.8s to go
on time step 229187 (time=57.2968), 0.0171428 s/step
Meep progress: 57.3365/72.33333206176758 = 79.3% done in 4241.9s, 1109.5s to go
on time step 229414 (time=57.3535), 0.0176826 s/step
Meep progress: 57.39425/72.33333206176758 = 79.3% done in 4245.9s, 1105.2s to go
on time step 229650 (time=57.4125), 0.0169854 s/step
Meep progress: 57.45275/72.33333206176758 = 79.4% done in 4249.9s, 1100.8s to go
on time step 229883 (time=57.4708), 0.0171709 s/step
Meep progress: 57.5115/72.33333206176758 = 79.5% done in 4253.9s, 1096.3s to go
on time step 230114 (time=57.5285), 0.0173488 s/step
Meep progress: 57.5635/72.33333206176758 = 79.6% done in 4258.0s, 1092.5s to go
on time step 230322 (time=57.5805), 0.0193201 s/step
Meep progress: 57.61775/72.33333206176758 = 79.7% done in 4262.0s, 1088.5s to go
on time step 230531 (time=57.6328), 0.0191513 s/step
Meep progress: 57.66875/72.33333206176758 = 79.7% done in 4266.0s, 1084.8s to go
on time step 230741 (time=57.6853), 0.0191041 s/step
Meep progress: 57.725/72.33333206176758 = 79.8% done in 4270.0s, 1080.6s to go
on time step 230971 (time=57.7428), 0.0174461 s/step
Meep progress: 57.78125/72.33333206176758 = 79.9% done in 4274.0s, 1076.4s to go
on time step 231185 (time=57.7963), 0.018739 s/step
Meep progress: 57.8315/72.33333206176758 = 80.0% done in 4278.0s, 1072.8s to go
on time step 231389 (time=57.8473), 0.019671 s/step
Meep progress: 57.8865/72.33333206176758 = 80.0% done in 4282.0s, 1068.7s to go
on time step 231617 (time=57.9043), 0.0175588 s/step
Meep progress: 57.9445/72.33333206176758 = 80.1% done in 4286.0s, 1064.3s to go
on time step 231847 (time=57.9618), 0.0174005 s/step
Meep progress: 58.003/72.33333206176758 = 80.2% done in 4290.0s, 1059.9s to go
on time step 232083 (time=58.0207), 0.016957 s/step
Meep progress: 58.06225/72.33333206176758 = 80.3% done in 4294.1s, 1055.4s to go
on time step 232317 (time=58.0793), 0.0171258 s/step
Meep progress: 58.11825/72.33333206176758 = 80.3% done in 4298.1s, 1051.3s to go
on time step 232539 (time=58.1348), 0.0180488 s/step
Meep progress: 58.17475/72.33333206176758 = 80.4% done in 4302.1s, 1047.0s to go
on time step 232769 (time=58.1923), 0.017459 s/step
Meep progress: 58.231500000000004/72.33333206176758 = 80.5% done in 4306.1s, 1042.8s to go
on time step 232997 (time=58.2493), 0.0175691 s/step
Meep progress: 58.29/72.33333206176758 = 80.6% done in 4310.1s, 1038.4s to go
on time step 233228 (time=58.307), 0.0173358 s/step
Meep progress: 58.348/72.33333206176758 = 80.7% done in 4314.1s, 1034.0s to go
on time step 233463 (time=58.3657), 0.017042 s/step
Meep progress: 58.403/72.33333206176758 = 80.7% done in 4318.1s, 1030.0s to go
on time step 233674 (time=58.4185), 0.019003 s/step
Meep progress: 58.4595/72.33333206176758 = 80.8% done in 4322.1s, 1025.7s to go
on time step 233902 (time=58.4755), 0.0175763 s/step
Meep progress: 58.514250000000004/72.33333206176758 = 80.9% done in 4326.1s, 1021.7s to go
on time step 234122 (time=58.5305), 0.0182371 s/step
Meep progress: 58.570750000000004/72.33333206176758 = 81.0% done in 4330.1s, 1017.5s to go
on time step 234348 (time=58.587), 0.0177032 s/step
Meep progress: 58.6225/72.33333206176758 = 81.0% done in 4334.2s, 1013.7s to go
on time step 234551 (time=58.6378), 0.0197058 s/step
Meep progress: 58.67325/72.33333206176758 = 81.1% done in 4338.2s, 1010.0s to go
on time step 234755 (time=58.6887), 0.0196181 s/step
Meep progress: 58.726/72.33333206176758 = 81.2% done in 4342.2s, 1006.1s to go
on time step 234965 (time=58.7413), 0.0190757 s/step
Meep progress: 58.7765/72.33333206176758 = 81.3% done in 4346.2s, 1002.5s to go
on time step 235169 (time=58.7923), 0.0196587 s/step
Meep progress: 58.829/72.33333206176758 = 81.3% done in 4350.2s, 998.6s to go
on time step 235374 (time=58.8435), 0.0196013 s/step
Meep progress: 58.8785/72.33333206176758 = 81.4% done in 4354.2s, 995.0s to go
on time step 235579 (time=58.8948), 0.019517 s/step
Meep progress: 58.9315/72.33333206176758 = 81.5% done in 4358.2s, 991.1s to go
on time step 235786 (time=58.9465), 0.0193905 s/step
Meep progress: 58.982/72.33333206176758 = 81.5% done in 4362.2s, 987.4s to go
on time step 235988 (time=58.997), 0.0198113 s/step
Meep progress: 59.03275/72.33333206176758 = 81.6% done in 4366.2s, 983.7s to go
on time step 236190 (time=59.0475), 0.0198059 s/step
Meep progress: 59.086/72.33333206176758 = 81.7% done in 4370.2s, 979.8s to go
on time step 236414 (time=59.1035), 0.0179116 s/step
Meep progress: 59.14325/72.33333206176758 = 81.8% done in 4374.2s, 975.5s to go
on time step 236643 (time=59.1608), 0.0174965 s/step
Meep progress: 59.2005/72.33333206176758 = 81.8% done in 4378.2s, 971.3s to go
on time step 236872 (time=59.218), 0.0174953 s/step
Meep progress: 59.26/72.33333206176758 = 81.9% done in 4382.3s, 966.8s to go
on time step 237104 (time=59.276), 0.0172889 s/step
Meep progress: 59.31675/72.33333206176758 = 82.0% done in 4386.3s, 962.5s to go
on time step 237334 (time=59.3335), 0.0173957 s/step
Meep progress: 59.3705/72.33333206176758 = 82.1% done in 4390.3s, 958.6s to go
on time step 237546 (time=59.3865), 0.0189366 s/step
Meep progress: 59.428000000000004/72.33333206176758 = 82.2% done in 4394.3s, 954.3s to go
on time step 237782 (time=59.4455), 0.0170054 s/step
Meep progress: 59.484500000000004/72.33333206176758 = 82.2% done in 4398.3s, 950.0s to go
on time step 238004 (time=59.501), 0.0180851 s/step
Meep progress: 59.541000000000004/72.33333206176758 = 82.3% done in 4402.3s, 945.8s to go
on time step 238228 (time=59.557), 0.0179028 s/step
Meep progress: 59.597500000000004/72.33333206176758 = 82.4% done in 4406.3s, 941.6s to go
on time step 238458 (time=59.6145), 0.0174154 s/step
Meep progress: 59.6565/72.33333206176758 = 82.5% done in 4410.3s, 937.2s to go
on time step 238696 (time=59.674), 0.0168405 s/step
Meep progress: 59.716/72.33333206176758 = 82.6% done in 4414.3s, 932.7s to go
on time step 238928 (time=59.732), 0.0172859 s/step
Meep progress: 59.77125/72.33333206176758 = 82.6% done in 4418.3s, 928.6s to go
on time step 239150 (time=59.7875), 0.0180695 s/step
Meep progress: 59.82575/72.33333206176758 = 82.7% done in 4422.4s, 924.6s to go
on time step 239372 (time=59.843), 0.0180361 s/step
Meep progress: 59.88375/72.33333206176758 = 82.8% done in 4426.4s, 920.2s to go
on time step 239604 (time=59.901), 0.017271 s/step
Meep progress: 59.9405/72.33333206176758 = 82.9% done in 4430.4s, 916.0s to go
on time step 239830 (time=59.9575), 0.0177129 s/step
Meep progress: 59.998000000000005/72.33333206176758 = 82.9% done in 4434.4s, 911.7s to go
on time step 240058 (time=60.0145), 0.0175674 s/step
Meep progress: 60.054500000000004/72.33333206176758 = 83.0% done in 4438.4s, 907.5s to go
on time step 240286 (time=60.0715), 0.0175945 s/step
Meep progress: 60.10925/72.33333206176758 = 83.1% done in 4442.4s, 903.4s to go
on time step 240495 (time=60.1238), 0.0191852 s/step
Meep progress: 60.16125/72.33333206176758 = 83.2% done in 4446.4s, 899.6s to go
on time step 240713 (time=60.1782), 0.0184218 s/step
Meep progress: 60.22/72.33333206176758 = 83.3% done in 4450.4s, 895.2s to go
on time step 240946 (time=60.2365), 0.0171809 s/step
Meep progress: 60.276250000000005/72.33333206176758 = 83.3% done in 4454.4s, 891.0s to go
on time step 241167 (time=60.2918), 0.0181332 s/step
Meep progress: 60.33175/72.33333206176758 = 83.4% done in 4458.5s, 886.9s to go
on time step 241389 (time=60.3473), 0.018082 s/step
Meep progress: 60.388/72.33333206176758 = 83.5% done in 4462.5s, 882.7s to go
on time step 241620 (time=60.405), 0.017326 s/step
Meep progress: 60.4455/72.33333206176758 = 83.6% done in 4466.5s, 878.4s to go
on time step 241849 (time=60.4623), 0.0175277 s/step
Meep progress: 60.50325/72.33333206176758 = 83.6% done in 4470.5s, 874.1s to go
on time step 242082 (time=60.5205), 0.0171806 s/step
Meep progress: 60.561/72.33333206176758 = 83.7% done in 4474.5s, 869.8s to go
on time step 242309 (time=60.5772), 0.0176275 s/step
Meep progress: 60.6175/72.33333206176758 = 83.8% done in 4478.5s, 865.6s to go
on time step 242532 (time=60.633), 0.0179874 s/step
Meep progress: 60.67325/72.33333206176758 = 83.9% done in 4482.5s, 861.4s to go
on time step 242763 (time=60.6908), 0.0173452 s/step
Meep progress: 60.731/72.33333206176758 = 84.0% done in 4486.5s, 857.1s to go
on time step 242992 (time=60.748), 0.0175609 s/step
Meep progress: 60.78875/72.33333206176758 = 84.0% done in 4490.5s, 852.8s to go
on time step 243223 (time=60.8058), 0.0173557 s/step
Meep progress: 60.84775/72.33333206176758 = 84.1% done in 4494.5s, 848.4s to go
on time step 243461 (time=60.8653), 0.0168466 s/step
Meep progress: 60.905750000000005/72.33333206176758 = 84.2% done in 4498.5s, 844.0s to go
on time step 243694 (time=60.9235), 0.0171854 s/step
Meep progress: 60.9655/72.33333206176758 = 84.3% done in 4502.5s, 839.6s to go
on time step 243930 (time=60.9825), 0.0169548 s/step
Meep progress: 61.024/72.33333206176758 = 84.4% done in 4506.6s, 835.2s to go
on time step 244165 (time=61.0412), 0.0170311 s/step
Meep progress: 61.081/72.33333206176758 = 84.4% done in 4510.6s, 830.9s to go
on time step 244388 (time=61.097), 0.0179835 s/step
Meep progress: 61.1375/72.33333206176758 = 84.5% done in 4514.6s, 826.7s to go
on time step 244613 (time=61.1532), 0.0177919 s/step
Meep progress: 61.19175/72.33333206176758 = 84.6% done in 4518.6s, 822.7s to go
on time step 244833 (time=61.2082), 0.018198 s/step
Meep progress: 61.24775/72.33333206176758 = 84.7% done in 4522.6s, 818.6s to go
on time step 245057 (time=61.2643), 0.0178593 s/step
Meep progress: 61.30375/72.33333206176758 = 84.8% done in 4526.6s, 814.4s to go
on time step 245281 (time=61.3203), 0.0179339 s/step
Meep progress: 61.36025/72.33333206176758 = 84.8% done in 4530.6s, 810.2s to go
on time step 245504 (time=61.376), 0.017939 s/step
Meep progress: 61.41675/72.33333206176758 = 84.9% done in 4534.6s, 806.0s to go
on time step 245734 (time=61.4335), 0.0174419 s/step
Meep progress: 61.47425/72.33333206176758 = 85.0% done in 4538.6s, 801.7s to go
on time step 245966 (time=61.4915), 0.0172704 s/step
Meep progress: 61.533/72.33333206176758 = 85.1% done in 4542.6s, 797.3s to go
on time step 246197 (time=61.5493), 0.017395 s/step
Meep progress: 61.5895/72.33333206176758 = 85.1% done in 4546.6s, 793.1s to go
on time step 246427 (time=61.6067), 0.0174045 s/step
Meep progress: 61.6475/72.33333206176758 = 85.2% done in 4550.6s, 788.8s to go
on time step 246652 (time=61.663), 0.0177959 s/step
Meep progress: 61.702/72.33333206176758 = 85.3% done in 4554.6s, 784.8s to go
on time step 246873 (time=61.7183), 0.0181299 s/step
Meep progress: 61.75775/72.33333206176758 = 85.4% done in 4558.7s, 780.6s to go
on time step 247097 (time=61.7743), 0.0178797 s/step
Meep progress: 61.815000000000005/72.33333206176758 = 85.5% done in 4562.7s, 776.4s to go
on time step 247327 (time=61.8317), 0.0174529 s/step
Meep progress: 61.87325/72.33333206176758 = 85.5% done in 4566.7s, 772.0s to go
on time step 247557 (time=61.8893), 0.0174334 s/step
Meep progress: 61.928000000000004/72.33333206176758 = 85.6% done in 4570.7s, 768.0s to go
on time step 247778 (time=61.9445), 0.0181895 s/step
Meep progress: 61.982/72.33333206176758 = 85.7% done in 4574.7s, 764.0s to go
on time step 247993 (time=61.9982), 0.0186361 s/step
Meep progress: 62.03625/72.33333206176758 = 85.8% done in 4578.7s, 760.0s to go
on time step 248209 (time=62.0523), 0.0185749 s/step
Meep progress: 62.09225/72.33333206176758 = 85.8% done in 4582.7s, 755.8s to go
on time step 248435 (time=62.1088), 0.0177712 s/step
Meep progress: 62.148/72.33333206176758 = 85.9% done in 4586.7s, 751.7s to go
on time step 248659 (time=62.1647), 0.017907 s/step
Meep progress: 62.205/72.33333206176758 = 86.0% done in 4590.8s, 747.5s to go
on time step 248888 (time=62.222), 0.0174949 s/step
Meep progress: 62.2615/72.33333206176758 = 86.1% done in 4594.8s, 743.3s to go
on time step 249114 (time=62.2785), 0.0177572 s/step
Meep progress: 62.31725/72.33333206176758 = 86.2% done in 4598.8s, 739.2s to go
on time step 249331 (time=62.3328), 0.0184533 s/step
Meep progress: 62.3705/72.33333206176758 = 86.2% done in 4602.8s, 735.2s to go
on time step 249547 (time=62.3867), 0.0185761 s/step
Meep progress: 62.42375/72.33333206176758 = 86.3% done in 4606.8s, 731.3s to go
on time step 249752 (time=62.438), 0.0196123 s/step
Meep progress: 62.47325/72.33333206176758 = 86.4% done in 4610.8s, 727.7s to go
on time step 249950 (time=62.4875), 0.0202585 s/step
Meep progress: 62.524750000000004/72.33333206176758 = 86.4% done in 4614.8s, 724.0s to go
on time step 250161 (time=62.5403), 0.0190013 s/step
Meep progress: 62.576750000000004/72.33333206176758 = 86.5% done in 4618.8s, 720.1s to go
on time step 250374 (time=62.5935), 0.018829 s/step
Meep progress: 62.633/72.33333206176758 = 86.6% done in 4622.8s, 716.0s to go
on time step 250598 (time=62.6495), 0.0178985 s/step
Meep progress: 62.691250000000004/72.33333206176758 = 86.7% done in 4626.8s, 711.6s to go
on time step 250835 (time=62.7088), 0.0169213 s/step
Meep progress: 62.74875/72.33333206176758 = 86.7% done in 4630.9s, 707.3s to go
on time step 251063 (time=62.7658), 0.0175845 s/step
Meep progress: 62.80725/72.33333206176758 = 86.8% done in 4634.9s, 703.0s to go
on time step 251300 (time=62.825), 0.0168871 s/step
Meep progress: 62.86675/72.33333206176758 = 86.9% done in 4638.9s, 698.5s to go
on time step 251536 (time=62.884), 0.0169824 s/step
Meep progress: 62.92375/72.33333206176758 = 87.0% done in 4642.9s, 694.3s to go
on time step 251756 (time=62.939), 0.0182469 s/step
Meep progress: 62.97825/72.33333206176758 = 87.1% done in 4646.9s, 690.3s to go
on time step 251979 (time=62.9948), 0.0179436 s/step
Meep progress: 63.03325/72.33333206176758 = 87.1% done in 4650.9s, 686.2s to go
on time step 252197 (time=63.0493), 0.0183742 s/step
Meep progress: 63.08675/72.33333206176758 = 87.2% done in 4654.9s, 682.3s to go
on time step 252409 (time=63.1022), 0.0188768 s/step
Meep progress: 63.13975/72.33333206176758 = 87.3% done in 4659.0s, 678.4s to go
on time step 252620 (time=63.155), 0.0189753 s/step
Meep progress: 63.195750000000004/72.33333206176758 = 87.4% done in 4663.0s, 674.2s to go
on time step 252848 (time=63.212), 0.0176157 s/step
Meep progress: 63.2535/72.33333206176758 = 87.4% done in 4667.0s, 669.9s to go
on time step 253079 (time=63.2698), 0.0173371 s/step
Meep progress: 63.31125/72.33333206176758 = 87.5% done in 4671.0s, 665.6s to go
on time step 253311 (time=63.3278), 0.0172873 s/step
Meep progress: 63.3675/72.33333206176758 = 87.6% done in 4675.0s, 661.5s to go
on time step 253536 (time=63.384), 0.0178007 s/step
Meep progress: 63.424/72.33333206176758 = 87.7% done in 4679.0s, 657.3s to go
on time step 253757 (time=63.4393), 0.0181693 s/step
Meep progress: 63.4795/72.33333206176758 = 87.8% done in 4683.0s, 653.2s to go
on time step 253980 (time=63.495), 0.0179802 s/step
Meep progress: 63.53575/72.33333206176758 = 87.8% done in 4687.1s, 649.0s to go
on time step 254207 (time=63.5517), 0.0176233 s/step
Meep progress: 63.593250000000005/72.33333206176758 = 87.9% done in 4691.1s, 644.7s to go
on time step 254432 (time=63.608), 0.0178212 s/step
Meep progress: 63.648250000000004/72.33333206176758 = 88.0% done in 4695.1s, 640.7s to go
on time step 254655 (time=63.6638), 0.0179499 s/step
Meep progress: 63.703250000000004/72.33333206176758 = 88.1% done in 4699.1s, 636.6s to go
on time step 254873 (time=63.7183), 0.0184245 s/step
Meep progress: 63.7605/72.33333206176758 = 88.1% done in 4703.1s, 632.4s to go
on time step 255103 (time=63.7758), 0.017429 s/step
Meep progress: 63.81525/72.33333206176758 = 88.2% done in 4707.1s, 628.3s to go
on time step 255322 (time=63.8305), 0.0182941 s/step
Meep progress: 63.87125/72.33333206176758 = 88.3% done in 4711.1s, 624.2s to go
on time step 255545 (time=63.8863), 0.017939 s/step
Meep progress: 63.927/72.33333206176758 = 88.4% done in 4715.1s, 620.0s to go
on time step 255769 (time=63.9423), 0.0178755 s/step
Meep progress: 63.9825/72.33333206176758 = 88.5% done in 4719.2s, 615.9s to go
on time step 255988 (time=63.997), 0.0182878 s/step
Meep progress: 64.03525/72.33333206176758 = 88.5% done in 4723.2s, 612.1s to go
on time step 256202 (time=64.0505), 0.0187593 s/step
Meep progress: 64.0905/72.33333206176758 = 88.6% done in 4727.2s, 608.0s to go
on time step 256423 (time=64.1058), 0.0181405 s/step
Meep progress: 64.1465/72.33333206176758 = 88.7% done in 4731.2s, 603.8s to go
on time step 256649 (time=64.1623), 0.0177254 s/step
Meep progress: 64.2055/72.33333206176758 = 88.8% done in 4735.2s, 599.4s to go
on time step 256886 (time=64.2215), 0.0168878 s/step
Meep progress: 64.264/72.33333206176758 = 88.8% done in 4739.2s, 595.1s to go
on time step 257112 (time=64.278), 0.0177259 s/step
Meep progress: 64.31825/72.33333206176758 = 88.9% done in 4743.2s, 591.1s to go
on time step 257337 (time=64.3342), 0.0178082 s/step
Meep progress: 64.37675/72.33333206176758 = 89.0% done in 4747.2s, 586.7s to go
on time step 257570 (time=64.3925), 0.0171696 s/step
Meep progress: 64.43425/72.33333206176758 = 89.1% done in 4751.2s, 582.5s to go
on time step 257794 (time=64.4485), 0.0178719 s/step
Meep progress: 64.48625/72.33333206176758 = 89.2% done in 4755.2s, 578.6s to go
on time step 258006 (time=64.5015), 0.0188689 s/step
Meep progress: 64.5415/72.33333206176758 = 89.2% done in 4759.2s, 574.6s to go
on time step 258219 (time=64.5547), 0.0188635 s/step
Meep progress: 64.592/72.33333206176758 = 89.3% done in 4763.2s, 570.9s to go
on time step 258428 (time=64.607), 0.019213 s/step
Meep progress: 64.6455/72.33333206176758 = 89.4% done in 4767.2s, 566.9s to go
on time step 258645 (time=64.6612), 0.01848 s/step
Meep progress: 64.7025/72.33333206176758 = 89.5% done in 4771.3s, 562.7s to go
on time step 258869 (time=64.7173), 0.0179065 s/step
Meep progress: 64.7525/72.33333206176758 = 89.5% done in 4775.3s, 559.1s to go
on time step 259062 (time=64.7655), 0.0208484 s/step
Meep progress: 64.80125/72.33333206176758 = 89.6% done in 4779.3s, 555.5s to go
on time step 259259 (time=64.8148), 0.0203744 s/step
Meep progress: 64.851/72.33333206176758 = 89.7% done in 4783.3s, 551.9s to go
on time step 259459 (time=64.8648), 0.020092 s/step
Meep progress: 64.90350000000001/72.33333206176758 = 89.7% done in 4787.3s, 548.0s to go
on time step 259676 (time=64.919), 0.0185059 s/step
Meep progress: 64.96075/72.33333206176758 = 89.8% done in 4791.3s, 543.8s to go
on time step 259906 (time=64.9765), 0.017457 s/step
Meep progress: 65.019/72.33333206176758 = 89.9% done in 4795.3s, 539.5s to go
on time step 260133 (time=65.0332), 0.0176421 s/step
Meep progress: 65.074/72.33333206176758 = 90.0% done in 4799.3s, 535.4s to go
on time step 260357 (time=65.0893), 0.0179267 s/step
Meep progress: 65.1285/72.33333206176758 = 90.0% done in 4803.3s, 531.4s to go
on time step 260569 (time=65.1423), 0.0189151 s/step
Meep progress: 65.17825/72.33333206176758 = 90.1% done in 4807.3s, 527.7s to go
on time step 260774 (time=65.1935), 0.0195254 s/step
Meep progress: 65.2335/72.33333206176758 = 90.2% done in 4811.3s, 523.7s to go
on time step 260995 (time=65.2488), 0.0181166 s/step
Meep progress: 65.29/72.33333206176758 = 90.3% done in 4815.4s, 519.5s to go
on time step 261225 (time=65.3063), 0.0174552 s/step
Meep progress: 65.34675/72.33333206176758 = 90.3% done in 4819.4s, 515.3s to go
on time step 261451 (time=65.3628), 0.0177126 s/step
Meep progress: 65.40275/72.33333206176758 = 90.4% done in 4823.4s, 511.1s to go
on time step 261678 (time=65.4195), 0.0176907 s/step
Meep progress: 65.4595/72.33333206176758 = 90.5% done in 4827.4s, 506.9s to go
on time step 261903 (time=65.4758), 0.0177808 s/step
Meep progress: 65.517/72.33333206176758 = 90.6% done in 4831.4s, 502.7s to go
on time step 262131 (time=65.5328), 0.0175483 s/step
Meep progress: 65.57275/72.33333206176758 = 90.7% done in 4835.4s, 498.5s to go
on time step 262356 (time=65.589), 0.0178487 s/step
Meep progress: 65.62775/72.33333206176758 = 90.7% done in 4839.4s, 494.5s to go
on time step 262577 (time=65.6442), 0.0181146 s/step
Meep progress: 65.68325/72.33333206176758 = 90.8% done in 4843.4s, 490.4s to go
on time step 262796 (time=65.699), 0.0183241 s/step
Meep progress: 65.7405/72.33333206176758 = 90.9% done in 4847.4s, 486.1s to go
on time step 263028 (time=65.757), 0.0173008 s/step
Meep progress: 65.79675/72.33333206176758 = 91.0% done in 4851.4s, 482.0s to go
on time step 263252 (time=65.813), 0.0178955 s/step
Meep progress: 65.8515/72.33333206176758 = 91.0% done in 4855.4s, 477.9s to go
on time step 263471 (time=65.8678), 0.0183316 s/step
Meep progress: 65.90775000000001/72.33333206176758 = 91.1% done in 4859.4s, 473.8s to go
on time step 263697 (time=65.9243), 0.0177157 s/step
Meep progress: 65.96475/72.33333206176758 = 91.2% done in 4863.4s, 469.5s to go
on time step 263926 (time=65.9815), 0.017531 s/step
Meep progress: 66.021/72.33333206176758 = 91.3% done in 4867.5s, 465.4s to go
on time step 264148 (time=66.037), 0.0180245 s/step
Meep progress: 66.07625/72.33333206176758 = 91.3% done in 4871.5s, 461.3s to go
on time step 264366 (time=66.0915), 0.0184162 s/step
Meep progress: 66.13275/72.33333206176758 = 91.4% done in 4875.5s, 457.1s to go
on time step 264600 (time=66.15), 0.0171246 s/step
Meep progress: 66.191/72.33333206176758 = 91.5% done in 4879.5s, 452.8s to go
on time step 264832 (time=66.208), 0.0172938 s/step
Meep progress: 66.24875/72.33333206176758 = 91.6% done in 4883.5s, 448.5s to go
on time step 265060 (time=66.265), 0.0175492 s/step
Meep progress: 66.303/72.33333206176758 = 91.7% done in 4887.5s, 444.5s to go
on time step 265274 (time=66.3185), 0.0187476 s/step
Meep progress: 66.35925/72.33333206176758 = 91.7% done in 4891.5s, 440.4s to go
on time step 265504 (time=66.376), 0.0174406 s/step
Meep progress: 66.4165/72.33333206176758 = 91.8% done in 4895.5s, 436.1s to go
on time step 265732 (time=66.433), 0.0175683 s/step
Meep progress: 66.474/72.33333206176758 = 91.9% done in 4899.5s, 431.9s to go
on time step 265963 (time=66.4908), 0.0173579 s/step
Meep progress: 66.53125/72.33333206176758 = 92.0% done in 4903.5s, 427.6s to go
on time step 266192 (time=66.548), 0.0174868 s/step
Meep progress: 66.58925/72.33333206176758 = 92.1% done in 4907.5s, 423.3s to go
on time step 266424 (time=66.606), 0.0172442 s/step
Meep progress: 66.6455/72.33333206176758 = 92.1% done in 4911.5s, 419.2s to go
on time step 266648 (time=66.662), 0.0178876 s/step
Meep progress: 66.69975/72.33333206176758 = 92.2% done in 4915.6s, 415.2s to go
on time step 266862 (time=66.7155), 0.0187181 s/step
Meep progress: 66.754/72.33333206176758 = 92.3% done in 4919.6s, 411.2s to go
on time step 267079 (time=66.7698), 0.0184978 s/step
Meep progress: 66.812/72.33333206176758 = 92.4% done in 4923.6s, 406.9s to go
on time step 267314 (time=66.8285), 0.0170573 s/step
Meep progress: 66.86925000000001/72.33333206176758 = 92.4% done in 4927.6s, 402.6s to go
on time step 267539 (time=66.8847), 0.017792 s/step
Meep progress: 66.92475/72.33333206176758 = 92.5% done in 4931.6s, 398.6s to go
on time step 267760 (time=66.94), 0.0181442 s/step
Meep progress: 66.9785/72.33333206176758 = 92.6% done in 4935.6s, 394.6s to go
on time step 267977 (time=66.9943), 0.0184802 s/step
Meep progress: 67.03325/72.33333206176758 = 92.7% done in 4939.6s, 390.6s to go
on time step 268195 (time=67.0487), 0.0184004 s/step
Meep progress: 67.08975/72.33333206176758 = 92.8% done in 4943.6s, 386.4s to go
on time step 268423 (time=67.1058), 0.0175665 s/step
Meep progress: 67.1455/72.33333206176758 = 92.8% done in 4947.6s, 382.3s to go
on time step 268646 (time=67.1615), 0.0179572 s/step
Meep progress: 67.20100000000001/72.33333206176758 = 92.9% done in 4951.6s, 378.2s to go
on time step 268867 (time=67.2168), 0.0181235 s/step
Meep progress: 67.25750000000001/72.33333206176758 = 93.0% done in 4955.7s, 374.0s to go
on time step 269090 (time=67.2725), 0.0179677 s/step
Meep progress: 67.312/72.33333206176758 = 93.1% done in 4959.7s, 370.0s to go
on time step 269311 (time=67.3277), 0.0181181 s/step
Meep progress: 67.367/72.33333206176758 = 93.1% done in 4963.7s, 365.9s to go
on time step 269528 (time=67.382), 0.0184883 s/step
Meep progress: 67.42275000000001/72.33333206176758 = 93.2% done in 4967.7s, 361.8s to go
on time step 269751 (time=67.4378), 0.0179596 s/step
Meep progress: 67.47875/72.33333206176758 = 93.3% done in 4971.7s, 357.7s to go
on time step 269979 (time=67.4947), 0.0175624 s/step
Meep progress: 67.534/72.33333206176758 = 93.4% done in 4975.7s, 353.6s to go
on time step 270201 (time=67.5503), 0.0180763 s/step
Meep progress: 67.58975/72.33333206176758 = 93.4% done in 4979.7s, 349.5s to go
on time step 270419 (time=67.6047), 0.0183694 s/step
Meep progress: 67.64425/72.33333206176758 = 93.5% done in 4983.8s, 345.5s to go
on time step 270637 (time=67.6593), 0.0183898 s/step
Meep progress: 67.6995/72.33333206176758 = 93.6% done in 4987.8s, 341.4s to go
on time step 270860 (time=67.715), 0.0179807 s/step
Meep progress: 67.75475/72.33333206176758 = 93.7% done in 4991.8s, 337.3s to go
on time step 271077 (time=67.7692), 0.0184347 s/step
Meep progress: 67.81025/72.33333206176758 = 93.7% done in 4995.8s, 333.2s to go
on time step 271301 (time=67.8252), 0.0179021 s/step
Meep progress: 67.86575/72.33333206176758 = 93.8% done in 4999.8s, 329.1s to go
on time step 271519 (time=67.8798), 0.0183653 s/step
Meep progress: 67.92075/72.33333206176758 = 93.9% done in 5003.8s, 325.1s to go
on time step 271747 (time=67.9368), 0.0175583 s/step
Meep progress: 67.977/72.33333206176758 = 94.0% done in 5007.8s, 320.9s to go
on time step 271970 (time=67.9925), 0.0180186 s/step
Meep progress: 68.0335/72.33333206176758 = 94.1% done in 5011.8s, 316.8s to go
on time step 272191 (time=68.0478), 0.0181326 s/step
Meep progress: 68.08825/72.33333206176758 = 94.1% done in 5015.8s, 312.7s to go
on time step 272412 (time=68.103), 0.0181035 s/step
Meep progress: 68.14475/72.33333206176758 = 94.2% done in 5019.9s, 308.6s to go
on time step 272637 (time=68.1593), 0.0178374 s/step
Meep progress: 68.199/72.33333206176758 = 94.3% done in 5023.9s, 304.6s to go
on time step 272855 (time=68.2138), 0.0183761 s/step
Meep progress: 68.25475/72.33333206176758 = 94.4% done in 5027.9s, 300.4s to go
on time step 273079 (time=68.2698), 0.017873 s/step
Meep progress: 68.31125/72.33333206176758 = 94.4% done in 5031.9s, 296.3s to go
on time step 273302 (time=68.3255), 0.0179833 s/step
Meep progress: 68.365/72.33333206176758 = 94.5% done in 5035.9s, 292.3s to go
on time step 273520 (time=68.38), 0.018418 s/step
Meep progress: 68.42075/72.33333206176758 = 94.6% done in 5039.9s, 288.2s to go
on time step 273743 (time=68.4357), 0.0179443 s/step
Meep progress: 68.476/72.33333206176758 = 94.7% done in 5043.9s, 284.1s to go
on time step 273962 (time=68.4905), 0.0182955 s/step
Meep progress: 68.53075/72.33333206176758 = 94.7% done in 5047.9s, 280.1s to go
on time step 274178 (time=68.5445), 0.0185543 s/step
Meep progress: 68.5855/72.33333206176758 = 94.8% done in 5051.9s, 276.1s to go
on time step 274399 (time=68.5998), 0.018148 s/step
Meep progress: 68.6405/72.33333206176758 = 94.9% done in 5055.9s, 272.0s to go
on time step 274622 (time=68.6555), 0.0180101 s/step
Meep progress: 68.6955/72.33333206176758 = 95.0% done in 5059.9s, 268.0s to go
on time step 274844 (time=68.711), 0.0180599 s/step
Meep progress: 68.7505/72.33333206176758 = 95.0% done in 5063.9s, 263.9s to go
on time step 275064 (time=68.766), 0.0182484 s/step
Meep progress: 68.8055/72.33333206176758 = 95.1% done in 5067.9s, 259.8s to go
on time step 275283 (time=68.8208), 0.0182723 s/step
Meep progress: 68.861/72.33333206176758 = 95.2% done in 5072.0s, 255.8s to go
on time step 275504 (time=68.876), 0.0181337 s/step
Meep progress: 68.9165/72.33333206176758 = 95.3% done in 5076.0s, 251.7s to go
on time step 275729 (time=68.9322), 0.0178216 s/step
Meep progress: 68.97325000000001/72.33333206176758 = 95.4% done in 5080.0s, 247.5s to go
on time step 275954 (time=68.9885), 0.0178704 s/step
Meep progress: 69.02725/72.33333206176758 = 95.4% done in 5084.0s, 243.5s to go
on time step 276168 (time=69.042), 0.0186992 s/step
Meep progress: 69.08200000000001/72.33333206176758 = 95.5% done in 5088.0s, 239.5s to go
on time step 276390 (time=69.0975), 0.0180705 s/step
Meep progress: 69.137/72.33333206176758 = 95.6% done in 5092.0s, 235.4s to go
on time step 276608 (time=69.152), 0.0183604 s/step
Meep progress: 69.19325/72.33333206176758 = 95.7% done in 5096.0s, 231.3s to go
on time step 276831 (time=69.2078), 0.0179969 s/step
Meep progress: 69.24825/72.33333206176758 = 95.7% done in 5100.0s, 227.2s to go
on time step 277054 (time=69.2635), 0.0179562 s/step
Meep progress: 69.304/72.33333206176758 = 95.8% done in 5104.0s, 223.1s to go
on time step 277276 (time=69.319), 0.0180241 s/step
Meep progress: 69.3595/72.33333206176758 = 95.9% done in 5108.0s, 219.0s to go
on time step 277498 (time=69.3745), 0.0180188 s/step
Meep progress: 69.41375000000001/72.33333206176758 = 96.0% done in 5112.1s, 215.0s to go
on time step 277707 (time=69.4267), 0.0191862 s/step
Meep progress: 69.4675/72.33333206176758 = 96.0% done in 5116.1s, 211.1s to go
on time step 277933 (time=69.4832), 0.0177332 s/step
Meep progress: 69.52425/72.33333206176758 = 96.1% done in 5120.1s, 206.9s to go
on time step 278159 (time=69.5397), 0.0177476 s/step
Meep progress: 69.57925/72.33333206176758 = 96.2% done in 5124.1s, 202.8s to go
on time step 278376 (time=69.594), 0.0184409 s/step
Meep progress: 69.63375/72.33333206176758 = 96.3% done in 5128.1s, 198.8s to go
on time step 278595 (time=69.6488), 0.0183025 s/step
Meep progress: 69.691/72.33333206176758 = 96.3% done in 5132.1s, 194.6s to go
on time step 278823 (time=69.7057), 0.0175484 s/step
Meep progress: 69.74675/72.33333206176758 = 96.4% done in 5136.1s, 190.5s to go
on time step 279048 (time=69.762), 0.0177946 s/step
Meep progress: 69.80275/72.33333206176758 = 96.5% done in 5140.1s, 186.3s to go
on time step 279272 (time=69.818), 0.0179159 s/step
Meep progress: 69.85725000000001/72.33333206176758 = 96.6% done in 5144.1s, 182.3s to go
on time step 279484 (time=69.871), 0.0189572 s/step
Meep progress: 69.91/72.33333206176758 = 96.6% done in 5148.1s, 178.5s to go
on time step 279700 (time=69.925), 0.0185528 s/step
Meep progress: 69.96525/72.33333206176758 = 96.7% done in 5152.1s, 174.4s to go
on time step 279923 (time=69.9808), 0.0179555 s/step
Meep progress: 70.01925/72.33333206176758 = 96.8% done in 5156.1s, 170.4s to go
on time step 280138 (time=70.0345), 0.0186119 s/step
Meep progress: 70.07475/72.33333206176758 = 96.9% done in 5160.1s, 166.3s to go
on time step 280361 (time=70.0902), 0.0179706 s/step
Meep progress: 70.12975/72.33333206176758 = 97.0% done in 5164.2s, 162.3s to go
on time step 280579 (time=70.1448), 0.018366 s/step
Meep progress: 70.184/72.33333206176758 = 97.0% done in 5168.2s, 158.3s to go
on time step 280795 (time=70.1988), 0.0186116 s/step
Meep progress: 70.238/72.33333206176758 = 97.1% done in 5172.2s, 154.3s to go
on time step 281012 (time=70.253), 0.0184935 s/step
Meep progress: 70.2935/72.33333206176758 = 97.2% done in 5176.2s, 150.2s to go
on time step 281236 (time=70.309), 0.0178638 s/step
Meep progress: 70.34975/72.33333206176758 = 97.3% done in 5180.2s, 146.1s to go
on time step 281458 (time=70.3645), 0.0180746 s/step
Meep progress: 70.4045/72.33333206176758 = 97.3% done in 5184.2s, 142.0s to go
on time step 281675 (time=70.4188), 0.0184424 s/step
Meep progress: 70.45925/72.33333206176758 = 97.4% done in 5188.2s, 138.0s to go
on time step 281894 (time=70.4735), 0.0182866 s/step
Meep progress: 70.51375/72.33333206176758 = 97.5% done in 5192.2s, 134.0s to go
on time step 282115 (time=70.5288), 0.018101 s/step
Meep progress: 70.56875000000001/72.33333206176758 = 97.6% done in 5196.3s, 129.9s to go
on time step 282335 (time=70.5837), 0.0182038 s/step
Meep progress: 70.62475/72.33333206176758 = 97.6% done in 5200.3s, 125.8s to go
on time step 282558 (time=70.6395), 0.0179876 s/step
Meep progress: 70.67925/72.33333206176758 = 97.7% done in 5204.3s, 121.8s to go
on time step 282775 (time=70.6938), 0.0184533 s/step
Meep progress: 70.73425/72.33333206176758 = 97.8% done in 5208.3s, 117.7s to go
on time step 282997 (time=70.7493), 0.018078 s/step
Meep progress: 70.78875000000001/72.33333206176758 = 97.9% done in 5212.3s, 113.7s to go
on time step 283213 (time=70.8033), 0.0185377 s/step
Meep progress: 70.84425/72.33333206176758 = 97.9% done in 5216.3s, 109.6s to go
on time step 283435 (time=70.8588), 0.018037 s/step
Meep progress: 70.8985/72.33333206176758 = 98.0% done in 5220.3s, 105.6s to go
on time step 283656 (time=70.914), 0.0181257 s/step
Meep progress: 70.956/72.33333206176758 = 98.1% done in 5224.3s, 101.4s to go
on time step 283883 (time=70.9707), 0.0176939 s/step
Meep progress: 71.0115/72.33333206176758 = 98.2% done in 5228.3s, 97.3s to go
on time step 284104 (time=71.026), 0.0181108 s/step
Meep progress: 71.0665/72.33333206176758 = 98.2% done in 5232.3s, 93.3s to go
on time step 284325 (time=71.0812), 0.0181395 s/step
Meep progress: 71.12075/72.33333206176758 = 98.3% done in 5236.4s, 89.3s to go
on time step 284539 (time=71.1347), 0.0187117 s/step
Meep progress: 71.17575000000001/72.33333206176758 = 98.4% done in 5240.4s, 85.2s to go
on time step 284762 (time=71.1905), 0.0179394 s/step
Meep progress: 71.23225000000001/72.33333206176758 = 98.5% done in 5244.4s, 81.1s to go
on time step 284991 (time=71.2477), 0.0175334 s/step
Meep progress: 71.2885/72.33333206176758 = 98.6% done in 5248.4s, 76.9s to go
on time step 285214 (time=71.3035), 0.0180019 s/step
Meep progress: 71.3465/72.33333206176758 = 98.6% done in 5252.4s, 72.6s to go
on time step 285447 (time=71.3618), 0.0172466 s/step
Meep progress: 71.40375/72.33333206176758 = 98.7% done in 5256.4s, 68.4s to go
on time step 285678 (time=71.4195), 0.0173479 s/step
Meep progress: 71.46075/72.33333206176758 = 98.8% done in 5260.4s, 64.2s to go
on time step 285903 (time=71.4758), 0.0178319 s/step
Meep progress: 71.5155/72.33333206176758 = 98.9% done in 5264.4s, 60.2s to go
on time step 286124 (time=71.531), 0.0181099 s/step
Meep progress: 71.57175/72.33333206176758 = 98.9% done in 5268.4s, 56.1s to go
on time step 286346 (time=71.5865), 0.0180526 s/step
Meep progress: 71.62675/72.33333206176758 = 99.0% done in 5272.4s, 52.0s to go
on time step 286563 (time=71.6407), 0.0184944 s/step
Meep progress: 71.6815/72.33333206176758 = 99.1% done in 5276.4s, 48.0s to go
on time step 286789 (time=71.6972), 0.0177552 s/step
Meep progress: 71.73975/72.33333206176758 = 99.2% done in 5280.4s, 43.7s to go
on time step 287024 (time=71.756), 0.017081 s/step
Meep progress: 71.79975/72.33333206176758 = 99.3% done in 5284.4s, 39.3s to go
on time step 287263 (time=71.8158), 0.0167547 s/step
Meep progress: 71.85875/72.33333206176758 = 99.3% done in 5288.5s, 34.9s to go
on time step 287500 (time=71.875), 0.0169459 s/step
Meep progress: 71.91825/72.33333206176758 = 99.4% done in 5292.5s, 30.5s to go
on time step 287736 (time=71.934), 0.0169548 s/step
Meep progress: 71.97775/72.33333206176758 = 99.5% done in 5296.5s, 26.2s to go
on time step 287976 (time=71.994), 0.0167294 s/step
Meep progress: 72.03625/72.33333206176758 = 99.6% done in 5300.5s, 21.9s to go
on time step 288203 (time=72.0508), 0.0176272 s/step
Meep progress: 72.08825/72.33333206176758 = 99.7% done in 5304.5s, 18.0s to go
on time step 288407 (time=72.1017), 0.01965 s/step
Meep progress: 72.13825/72.33333206176758 = 99.7% done in 5308.5s, 14.4s to go
on time step 288608 (time=72.152), 0.0199321 s/step
Meep progress: 72.1905/72.33333206176758 = 99.8% done in 5312.5s, 10.5s to go
on time step 288824 (time=72.206), 0.0185196 s/step
Meep progress: 72.24925/72.33333206176758 = 99.9% done in 5316.5s, 6.2s to go
on time step 289054 (time=72.2635), 0.0174028 s/step
Meep progress: 72.304/72.33333206176758 = 100.0% done in 5320.6s, 2.2s to go
on time step 289278 (time=72.3195), 0.017861 s/step
run 0 finished at t = 72.3335 (289334 timesteps)

>>> Fortschritt: 2/2 Simulationen
>>> Laufzeit bisher: 464.6 min
>>> Geschätzte Restzeit: 0.0 min
  upper_horizontal   |EAg|=15.3544  |E0|=1.78938  |E/E0|=8.581  |E/E0|^4=5422
  lower_horizontal   |EAg|=15.3544  |E0|=1.78938  |E/E0|=8.581  |E/E0|^4=5422
  left_vertical      |EAg|=0.170653  |E0|=1.84855  |E/E0|=0.09232  |E/E0|^4=7.263e-05
  right_vertical     |EAg|=0.170653  |E0|=1.84855  |E/E0|=0.09232  |E/E0|^4=7.263e-05
  --> lower/upper horizontal |E/E0| ratio = 1.000

================================================================
SUMMARY: lower/upper horizontal ratio by excitation
================================================================
  symmetric     upper=8.581  lower=8.581  lower/upper=1.000

Expected:
  single_fwd / single_rev : modest ratio (physical retardation),
                            interchanged on reversal -- NOT ~38x.
  symmetric               : ratio ~ 1 (equal gaps); any deviation
                            is pure numerical/grid error.
done.

Elapsed run time = 27877.5768 s
